
===========================================================================
report_checks -unconstrained
===========================================================================
======================= Fastest Corner ===================================

Startpoint: rst_n (input port clocked by clk)
Endpoint: _85496_ (recovery check against rising-edge clock clk)
Path Group: asynchronous
Path Type: max
Corner: Fastest

Fanout     Cap    Slew   Delay    Time   Description
-----------------------------------------------------------------------------
                          0.00    0.00   clock clk (rise edge)
                          0.00    0.00   clock network delay (propagated)
                          2.00    2.00 ^ input external delay
                  0.01    0.01    2.01 ^ rst_n (in)
     1    0.00                           rst_n (net)
                  0.01    0.00    2.01 ^ hold86/A (sky130_fd_sc_hd__dlygate4sd3_1)
                  0.07    0.41    2.42 ^ hold86/X (sky130_fd_sc_hd__dlygate4sd3_1)
     1    0.01                           net414 (net)
                  0.07    0.00    2.42 ^ input75/A (sky130_fd_sc_hd__buf_8)
                  0.20    0.18    2.60 ^ input75/X (sky130_fd_sc_hd__buf_8)
     2    0.16                           net75 (net)
                  0.21    0.04    2.63 ^ fanout328/A (sky130_fd_sc_hd__clkbuf_8)
                  0.18    0.20    2.84 ^ fanout328/X (sky130_fd_sc_hd__clkbuf_8)
     5    0.14                           net328 (net)
                  0.18    0.01    2.84 ^ fanout320/A (sky130_fd_sc_hd__buf_4)
                  0.18    0.20    3.04 ^ fanout320/X (sky130_fd_sc_hd__buf_4)
     5    0.09                           net320 (net)
                  0.18    0.00    3.04 ^ fanout319/A (sky130_fd_sc_hd__buf_4)
                  0.16    0.19    3.23 ^ fanout319/X (sky130_fd_sc_hd__buf_4)
    10    0.08                           net319 (net)
                  0.16    0.00    3.24 ^ fanout318/A (sky130_fd_sc_hd__clkbuf_4)
                  0.13    0.20    3.43 ^ fanout318/X (sky130_fd_sc_hd__clkbuf_4)
    10    0.06                           net318 (net)
                  0.13    0.01    3.44 ^ fanout317/A (sky130_fd_sc_hd__buf_2)
                  0.13    0.17    3.61 ^ fanout317/X (sky130_fd_sc_hd__buf_2)
     7    0.03                           net317 (net)
                  0.13    0.00    3.61 ^ fanout316/A (sky130_fd_sc_hd__buf_2)
                  0.15    0.19    3.79 ^ fanout316/X (sky130_fd_sc_hd__buf_2)
     7    0.04                           net316 (net)
                  0.15    0.00    3.80 ^ fanout315/A (sky130_fd_sc_hd__clkbuf_4)
                  0.12    0.19    3.99 ^ fanout315/X (sky130_fd_sc_hd__clkbuf_4)
    10    0.05                           net315 (net)
                  0.12    0.00    3.99 ^ _85496_/RESET_B (sky130_fd_sc_hd__dfrtp_2)
                                  3.99   data arrival time

                         10.00   10.00   clock clk (rise edge)
                          0.00   10.00   clock source latency
                  0.60    0.41   10.41 ^ clk (in)
     2    0.18                           clk (net)
                  0.61    0.00   10.41 ^ clkbuf_0_clk/A (sky130_fd_sc_hd__clkbuf_16)
                  0.15    0.21   10.62 ^ clkbuf_0_clk/X (sky130_fd_sc_hd__clkbuf_16)
     8    0.17                           clknet_0_clk (net)
                  0.15    0.01   10.63 ^ clkbuf_2_2_0_clk/A (sky130_fd_sc_hd__clkbuf_8)
                  0.07    0.13   10.76 ^ clkbuf_2_2_0_clk/X (sky130_fd_sc_hd__clkbuf_8)
     2    0.05                           clknet_2_2_0_clk (net)
                  0.07    0.00   10.77 ^ clkbuf_3_5__f_clk/A (sky130_fd_sc_hd__clkbuf_16)
                  0.08    0.12   10.89 ^ clkbuf_3_5__f_clk/X (sky130_fd_sc_hd__clkbuf_16)
     8    0.09                           clknet_3_5__leaf_clk (net)
                  0.09    0.01   10.90 ^ clkbuf_leaf_26_clk/A (sky130_fd_sc_hd__clkbuf_16)
                  0.03    0.10   11.00 ^ clkbuf_leaf_26_clk/X (sky130_fd_sc_hd__clkbuf_16)
     7    0.02                           clknet_leaf_26_clk (net)
                  0.03    0.00   11.00 ^ _85496_/CLK (sky130_fd_sc_hd__dfrtp_2)
                         -0.25   10.75   clock uncertainty
                          0.00   10.75   clock reconvergence pessimism
                          0.11   10.86   library recovery time
                                 10.86   data required time
-----------------------------------------------------------------------------
                                 10.86   data required time
                                 -3.99   data arrival time
-----------------------------------------------------------------------------
                                  6.87   slack (MET)


Startpoint: _85200_ (rising edge-triggered flip-flop clocked by clk)
Endpoint: _85229_ (rising edge-triggered flip-flop clocked by clk)
Path Group: clk
Path Type: max
Corner: Fastest

Fanout     Cap    Slew   Delay    Time   Description
-----------------------------------------------------------------------------
                          0.00    0.00   clock clk (rise edge)
                          0.00    0.00   clock source latency
                  0.60    0.45    0.45 ^ clk (in)
     2    0.18                           clk (net)
                  0.61    0.00    0.45 ^ clkbuf_0_clk/A (sky130_fd_sc_hd__clkbuf_16)
                  0.15    0.23    0.68 ^ clkbuf_0_clk/X (sky130_fd_sc_hd__clkbuf_16)
     8    0.17                           clknet_0_clk (net)
                  0.15    0.01    0.70 ^ clkbuf_2_0_0_clk/A (sky130_fd_sc_hd__clkbuf_8)
                  0.08    0.15    0.85 ^ clkbuf_2_0_0_clk/X (sky130_fd_sc_hd__clkbuf_8)
     2    0.05                           clknet_2_0_0_clk (net)
                  0.08    0.00    0.85 ^ clkbuf_3_1__f_clk/A (sky130_fd_sc_hd__clkbuf_16)
                  0.22    0.23    1.08 ^ clkbuf_3_1__f_clk/X (sky130_fd_sc_hd__clkbuf_16)
    17    0.27                           clknet_3_1__leaf_clk (net)
                  0.22    0.02    1.10 ^ clkbuf_leaf_93_clk/A (sky130_fd_sc_hd__clkbuf_16)
                  0.03    0.13    1.22 ^ clkbuf_leaf_93_clk/X (sky130_fd_sc_hd__clkbuf_16)
     5    0.02                           clknet_leaf_93_clk (net)
                  0.03    0.00    1.23 ^ _85200_/CLK (sky130_fd_sc_hd__dfrtp_1)
                  0.16    0.31    1.53 ^ _85200_/Q (sky130_fd_sc_hd__dfrtp_1)
     4    0.02                           stage8_inst.in1[2] (net)
                  0.16    0.00    1.53 ^ _42655_/A (sky130_fd_sc_hd__clkbuf_4)
                  0.10    0.18    1.71 ^ _42655_/X (sky130_fd_sc_hd__clkbuf_4)
    10    0.04                           _42267_ (net)
                  0.10    0.01    1.72 ^ _42656_/A (sky130_fd_sc_hd__clkbuf_4)
                  0.13    0.19    1.91 ^ _42656_/X (sky130_fd_sc_hd__clkbuf_4)
    10    0.06                           _42278_ (net)
                  0.14    0.00    1.91 ^ _42657_/A (sky130_fd_sc_hd__buf_4)
                  0.17    0.20    2.11 ^ _42657_/X (sky130_fd_sc_hd__buf_4)
    10    0.08                           _42289_ (net)
                  0.17    0.01    2.12 ^ _46216_/B (sky130_fd_sc_hd__nand2_1)
                  0.05    0.05    2.17 v _46216_/Y (sky130_fd_sc_hd__nand2_1)
     1    0.00                           _36982_ (net)
                  0.05    0.00    2.17 v _46218_/A (sky130_fd_sc_hd__xnor2_1)
                  0.29    0.27    2.44 ^ _46218_/Y (sky130_fd_sc_hd__xnor2_1)
     2    0.02                           _36984_ (net)
                  0.29    0.00    2.44 ^ _46220_/B (sky130_fd_sc_hd__xor2_2)
                  0.17    0.16    2.60 ^ _46220_/X (sky130_fd_sc_hd__xor2_2)
     2    0.02                           _36986_ (net)
                  0.17    0.00    2.60 ^ _46243_/A (sky130_fd_sc_hd__xor2_2)
                  0.17    0.16    2.76 ^ _46243_/X (sky130_fd_sc_hd__xor2_2)
     3    0.02                           _37009_ (net)
                  0.17    0.00    2.76 ^ _46244_/C (sky130_fd_sc_hd__nand3_2)
                  0.07    0.08    2.84 v _46244_/Y (sky130_fd_sc_hd__nand3_2)
     2    0.01                           _37010_ (net)
                  0.07    0.00    2.84 v _46246_/A2 (sky130_fd_sc_hd__a211o_4)
                  0.05    0.25    3.09 v _46246_/X (sky130_fd_sc_hd__a211o_4)
     5    0.02                           _37012_ (net)
                  0.05    0.00    3.09 v _46297_/A (sky130_fd_sc_hd__and3_1)
                  0.05    0.13    3.22 v _46297_/X (sky130_fd_sc_hd__and3_1)
     2    0.01                           _37063_ (net)
                  0.05    0.00    3.22 v _46299_/A1 (sky130_fd_sc_hd__o211a_1)
                  0.05    0.18    3.40 v _46299_/X (sky130_fd_sc_hd__o211a_1)
     2    0.01                           _37065_ (net)
                  0.05    0.00    3.40 v _46300_/C (sky130_fd_sc_hd__nor3_2)
                  0.18    0.16    3.55 ^ _46300_/Y (sky130_fd_sc_hd__nor3_2)
     3    0.01                           _37066_ (net)
                  0.18    0.00    3.55 ^ _46362_/A1 (sky130_fd_sc_hd__o211a_1)
                  0.06    0.14    3.69 ^ _46362_/X (sky130_fd_sc_hd__o211a_1)
     2    0.01                           _37128_ (net)
                  0.06    0.00    3.69 ^ _46398_/B_N (sky130_fd_sc_hd__and4bb_4)
                  0.08    0.21    3.90 v _46398_/X (sky130_fd_sc_hd__and4bb_4)
     4    0.06                           _37164_ (net)
                  0.08    0.00    3.90 v _46437_/A (sky130_fd_sc_hd__or3_4)
                  0.11    0.34    4.24 v _46437_/X (sky130_fd_sc_hd__or3_4)
     4    0.07                           _37203_ (net)
                  0.12    0.02    4.26 v _46472_/A1 (sky130_fd_sc_hd__a21bo_4)
                  0.04    0.19    4.45 v _46472_/X (sky130_fd_sc_hd__a21bo_4)
     3    0.02                           _37238_ (net)
                  0.04    0.00    4.45 v _46527_/A1 (sky130_fd_sc_hd__a21bo_4)
                  0.04    0.16    4.61 v _46527_/X (sky130_fd_sc_hd__a21bo_4)
     2    0.02                           _37293_ (net)
                  0.04    0.00    4.61 v _46529_/A2 (sky130_fd_sc_hd__a21o_4)
                  0.04    0.16    4.77 v _46529_/X (sky130_fd_sc_hd__a21o_4)
     2    0.02                           _37295_ (net)
                  0.04    0.00    4.78 v _46531_/A2 (sky130_fd_sc_hd__a21bo_4)
                  0.05    0.17    4.95 v _46531_/X (sky130_fd_sc_hd__a21bo_4)
     3    0.03                           _37297_ (net)
                  0.05    0.00    4.95 v _46538_/A1 (sky130_fd_sc_hd__a211o_4)
                  0.07    0.26    5.21 v _46538_/X (sky130_fd_sc_hd__a211o_4)
     5    0.04                           _37304_ (net)
                  0.07    0.00    5.21 v _46554_/A2 (sky130_fd_sc_hd__a32oi_4)
                  0.15    0.17    5.38 ^ _46554_/Y (sky130_fd_sc_hd__a32oi_4)
     1    0.02                           _37320_ (net)
                  0.15    0.00    5.38 ^ wire198/A (sky130_fd_sc_hd__buf_6)
                  0.12    0.14    5.52 ^ wire198/X (sky130_fd_sc_hd__buf_6)
     3    0.08                           net198 (net)
                  0.12    0.02    5.55 ^ _46558_/A2 (sky130_fd_sc_hd__a2111o_1)
                  0.10    0.16    5.70 ^ _46558_/X (sky130_fd_sc_hd__a2111o_1)
     2    0.01                           _37324_ (net)
                  0.10    0.00    5.71 ^ _46560_/A2 (sky130_fd_sc_hd__a21boi_2)
                  0.06    0.07    5.78 v _46560_/Y (sky130_fd_sc_hd__a21boi_2)
     2    0.02                           _37326_ (net)
                  0.06    0.00    5.78 v _46562_/A2 (sky130_fd_sc_hd__o211a_4)
                  0.05    0.19    5.97 v _46562_/X (sky130_fd_sc_hd__o211a_4)
     4    0.03                           _37328_ (net)
                  0.05    0.00    5.97 v _47559_/B (sky130_fd_sc_hd__or3_4)
                  0.11    0.32    6.29 v _47559_/X (sky130_fd_sc_hd__or3_4)
     3    0.07                           _38325_ (net)
                  0.12    0.03    6.32 v _47703_/B (sky130_fd_sc_hd__and2_1)
                  0.03    0.15    6.46 v _47703_/X (sky130_fd_sc_hd__and2_1)
     1    0.01                           _38469_ (net)
                  0.03    0.00    6.46 v _47704_/A (sky130_fd_sc_hd__buf_6)
                  0.05    0.11    6.57 v _47704_/X (sky130_fd_sc_hd__buf_6)
     9    0.06                           _38470_ (net)
                  0.05    0.00    6.58 v _47755_/A (sky130_fd_sc_hd__xnor2_2)
                  0.21    0.21    6.79 ^ _47755_/Y (sky130_fd_sc_hd__xnor2_2)
     2    0.02                           _38521_ (net)
                  0.21    0.00    6.79 ^ _47759_/A (sky130_fd_sc_hd__xnor2_1)
                  0.07    0.08    6.87 v _47759_/Y (sky130_fd_sc_hd__xnor2_1)
     2    0.01                           _38525_ (net)
                  0.07    0.00    6.87 v _47760_/C (sky130_fd_sc_hd__or3_2)
                  0.08    0.30    7.17 v _47760_/X (sky130_fd_sc_hd__or3_2)
     3    0.02                           _38526_ (net)
                  0.08    0.00    7.17 v _47786_/A (sky130_fd_sc_hd__and3_1)
                  0.04    0.13    7.30 v _47786_/X (sky130_fd_sc_hd__and3_1)
     3    0.01                           _38552_ (net)
                  0.04    0.00    7.30 v _47790_/A (sky130_fd_sc_hd__or3b_1)
                  0.07    0.26    7.56 v _47790_/X (sky130_fd_sc_hd__or3b_1)
     3    0.01                           _38556_ (net)
                  0.07    0.00    7.56 v _47825_/A1 (sky130_fd_sc_hd__a21o_1)
                  0.04    0.13    7.69 v _47825_/X (sky130_fd_sc_hd__a21o_1)
     2    0.01                           _38591_ (net)
                  0.04    0.00    7.69 v _47910_/A2 (sky130_fd_sc_hd__a21o_1)
                  0.04    0.13    7.82 v _47910_/X (sky130_fd_sc_hd__a21o_1)
     2    0.01                           _38676_ (net)
                  0.04    0.00    7.82 v _47913_/A2 (sky130_fd_sc_hd__a21o_1)
                  0.04    0.13    7.95 v _47913_/X (sky130_fd_sc_hd__a21o_1)
     2    0.01                           _38679_ (net)
                  0.04    0.00    7.95 v _47978_/A2 (sky130_fd_sc_hd__a21o_1)
                  0.04    0.13    8.09 v _47978_/X (sky130_fd_sc_hd__a21o_1)
     2    0.01                           _38744_ (net)
                  0.04    0.00    8.09 v _47980_/A2 (sky130_fd_sc_hd__a21o_1)
                  0.04    0.13    8.22 v _47980_/X (sky130_fd_sc_hd__a21o_1)
     2    0.01                           _38746_ (net)
                  0.04    0.00    8.22 v _48068_/A2 (sky130_fd_sc_hd__a21o_1)
                  0.04    0.13    8.35 v _48068_/X (sky130_fd_sc_hd__a21o_1)
     2    0.01                           _38834_ (net)
                  0.04    0.00    8.35 v _48071_/A2 (sky130_fd_sc_hd__a21o_1)
                  0.04    0.14    8.49 v _48071_/X (sky130_fd_sc_hd__a21o_1)
     2    0.01                           _38837_ (net)
                  0.04    0.00    8.49 v _48148_/A2 (sky130_fd_sc_hd__a21o_1)
                  0.05    0.15    8.64 v _48148_/X (sky130_fd_sc_hd__a21o_1)
     2    0.01                           _38914_ (net)
                  0.05    0.00    8.64 v _48432_/A2 (sky130_fd_sc_hd__a21o_1)
                  0.05    0.15    8.79 v _48432_/X (sky130_fd_sc_hd__a21o_1)
     3    0.01                           _39198_ (net)
                  0.05    0.00    8.79 v _48454_/A2 (sky130_fd_sc_hd__a21o_1)
                  0.05    0.15    8.94 v _48454_/X (sky130_fd_sc_hd__a21o_1)
     3    0.01                           _39220_ (net)
                  0.05    0.00    8.94 v _48466_/A2 (sky130_fd_sc_hd__a211o_1)
                  0.04    0.20    9.14 v _48466_/X (sky130_fd_sc_hd__a211o_1)
     1    0.01                           _39232_ (net)
                  0.04    0.00    9.14 v _48486_/A2 (sky130_fd_sc_hd__o311a_4)
                  0.07    0.28    9.42 v _48486_/X (sky130_fd_sc_hd__o311a_4)
     3    0.03                           _39252_ (net)
                  0.07    0.00    9.42 v _48489_/A3 (sky130_fd_sc_hd__o31ai_4)
                  0.23    0.22    9.64 ^ _48489_/Y (sky130_fd_sc_hd__o31ai_4)
     2    0.02                           _39255_ (net)
                  0.23    0.00    9.64 ^ _48491_/A2 (sky130_fd_sc_hd__a21o_1)
                  0.12    0.16    9.80 ^ _48491_/X (sky130_fd_sc_hd__a21o_1)
     1    0.02                           _39257_ (net)
                  0.12    0.00    9.80 ^ _48564_/A (sky130_fd_sc_hd__xnor2_4)
                  0.11    0.11    9.91 v _48564_/Y (sky130_fd_sc_hd__xnor2_4)
     2    0.05                           _39330_ (net)
                  0.11    0.01    9.92 v _48565_/A (sky130_fd_sc_hd__buf_8)
                  0.05    0.14   10.06 v _48565_/X (sky130_fd_sc_hd__buf_8)
     6    0.07                           _39331_ (net)
                  0.05    0.00   10.07 v _48571_/C (sky130_fd_sc_hd__and3_1)
                  0.04    0.14   10.21 v _48571_/X (sky130_fd_sc_hd__and3_1)
     3    0.01                           _39337_ (net)
                  0.04    0.00   10.21 v _48572_/C (sky130_fd_sc_hd__or3_4)
                  0.05    0.21   10.42 v _48572_/X (sky130_fd_sc_hd__or3_4)
     1    0.01                           _39338_ (net)
                  0.05    0.00   10.43 v _48574_/A (sky130_fd_sc_hd__nand2_2)
                  0.08    0.08   10.51 ^ _48574_/Y (sky130_fd_sc_hd__nand2_2)
     2    0.02                           _39340_ (net)
                  0.08    0.00   10.51 ^ _48583_/A (sky130_fd_sc_hd__xor2_2)
                  0.15    0.15   10.65 ^ _48583_/X (sky130_fd_sc_hd__xor2_2)
     2    0.01                           _39349_ (net)
                  0.15    0.00   10.65 ^ _52422_/A2 (sky130_fd_sc_hd__a21oi_1)
                  0.09    0.08   10.74 v _52422_/Y (sky130_fd_sc_hd__a21oi_1)
     2    0.01                           _01197_ (net)
                  0.09    0.00   10.74 v _52424_/A (sky130_fd_sc_hd__xor2_1)
                  0.08    0.15   10.89 v _52424_/X (sky130_fd_sc_hd__xor2_1)
     2    0.01                           _01200_ (net)
                  0.08    0.00   10.89 v _52426_/A2 (sky130_fd_sc_hd__a21oi_2)
                  0.12    0.15   11.04 ^ _52426_/Y (sky130_fd_sc_hd__a21oi_2)
     3    0.01                           _01202_ (net)
                  0.12    0.00   11.04 ^ _52427_/B (sky130_fd_sc_hd__xor2_1)
                  0.14    0.14   11.18 ^ _52427_/X (sky130_fd_sc_hd__xor2_1)
     2    0.01                           _01203_ (net)
                  0.14    0.00   11.18 ^ _52428_/B (sky130_fd_sc_hd__nand2_1)
                  0.06    0.07   11.25 v _52428_/Y (sky130_fd_sc_hd__nand2_1)
     2    0.01                           _01204_ (net)
                  0.06    0.00   11.25 v _52440_/A1 (sky130_fd_sc_hd__o211a_1)
                  0.09    0.22   11.47 v _52440_/X (sky130_fd_sc_hd__o211a_1)
     3    0.02                           _01216_ (net)
                  0.09    0.00   11.47 v _52441_/D (sky130_fd_sc_hd__or4_4)
                  0.06    0.27   11.74 v _52441_/X (sky130_fd_sc_hd__or4_4)
     1    0.01                           _01217_ (net)
                  0.06    0.00   11.74 v _52446_/B1 (sky130_fd_sc_hd__o211a_4)
                  0.07    0.14   11.88 v _52446_/X (sky130_fd_sc_hd__o211a_4)
     4    0.05                           _01223_ (net)
                  0.08    0.01   11.89 v _52451_/A (sky130_fd_sc_hd__or4_4)
                  0.07    0.37   12.27 v _52451_/X (sky130_fd_sc_hd__or4_4)
     2    0.02                           _01228_ (net)
                  0.07    0.00   12.27 v _52457_/A2 (sky130_fd_sc_hd__a21oi_4)
                  0.17    0.19   12.46 ^ _52457_/Y (sky130_fd_sc_hd__a21oi_4)
     4    0.03                           _01235_ (net)
                  0.17    0.00   12.46 ^ _52648_/A2 (sky130_fd_sc_hd__a21boi_4)
                  0.06    0.06   12.52 v _52648_/Y (sky130_fd_sc_hd__a21boi_4)
     2    0.02                           _01445_ (net)
                  0.06    0.00   12.53 v _52654_/A2 (sky130_fd_sc_hd__o21ba_4)
                  0.04    0.15   12.67 v _52654_/X (sky130_fd_sc_hd__o21ba_4)
     1    0.01                           _01452_ (net)
                  0.04    0.00   12.68 v _52655_/B (sky130_fd_sc_hd__xor2_4)
                  0.27    0.24   12.92 ^ _52655_/X (sky130_fd_sc_hd__xor2_4)
     3    0.05                           _01453_ (net)
                  0.27    0.01   12.93 ^ _52658_/A (sky130_fd_sc_hd__xor2_2)
                  0.13    0.13   13.06 ^ _52658_/X (sky130_fd_sc_hd__xor2_2)
     3    0.01                           _01456_ (net)
                  0.13    0.00   13.06 ^ _52664_/A (sky130_fd_sc_hd__nand2_1)
                  0.05    0.05   13.11 v _52664_/Y (sky130_fd_sc_hd__nand2_1)
     1    0.01                           _01463_ (net)
                  0.05    0.00   13.11 v _52665_/B1 (sky130_fd_sc_hd__o2bb2a_1)
                  0.07    0.23   13.35 v _52665_/X (sky130_fd_sc_hd__o2bb2a_1)
     3    0.01                           _01464_ (net)
                  0.07    0.00   13.35 v _52692_/A2 (sky130_fd_sc_hd__a2111o_4)
                  0.07    0.37   13.72 v _52692_/X (sky130_fd_sc_hd__a2111o_4)
     5    0.03                           _01493_ (net)
                  0.07    0.00   13.72 v _52704_/A1 (sky130_fd_sc_hd__a211o_4)
                  0.09    0.28   14.00 v _52704_/X (sky130_fd_sc_hd__a211o_4)
     4    0.06                           _01507_ (net)
                  0.10    0.01   14.02 v _52862_/A2 (sky130_fd_sc_hd__a2111oi_4)
                  0.20    0.27   14.29 ^ _52862_/Y (sky130_fd_sc_hd__a2111oi_4)
     1    0.01                           _01679_ (net)
                  0.20    0.00   14.29 ^ wire3/A (sky130_fd_sc_hd__clkbuf_1)
                  0.06    0.08   14.37 ^ wire3/X (sky130_fd_sc_hd__clkbuf_1)
     2    0.01                           net422 (net)
                  0.06    0.00   14.38 ^ max_cap2/A (sky130_fd_sc_hd__clkbuf_1)
                  0.06    0.08   14.45 ^ max_cap2/X (sky130_fd_sc_hd__clkbuf_1)
     1    0.01                           net421 (net)
                  0.06    0.00   14.46 ^ max_cap122/A (sky130_fd_sc_hd__buf_6)
                  0.04    0.08   14.54 ^ max_cap122/X (sky130_fd_sc_hd__buf_6)
     4    0.02                           net122 (net)
                  0.04    0.00   14.54 ^ _52911_/A (sky130_fd_sc_hd__nand3_4)
                  0.08    0.06   14.60 v _52911_/Y (sky130_fd_sc_hd__nand3_4)
     3    0.02                           _01733_ (net)
                  0.08    0.00   14.60 v _52914_/A (sky130_fd_sc_hd__xor2_2)
                  0.07    0.15   14.75 v _52914_/X (sky130_fd_sc_hd__xor2_2)
     2    0.02                           _01737_ (net)
                  0.07    0.00   14.75 v _52932_/A (sky130_fd_sc_hd__nor4_4)
                  0.40    0.41   15.16 ^ _52932_/Y (sky130_fd_sc_hd__nor4_4)
     2    0.04                           _01756_ (net)
                  0.40    0.01   15.16 ^ wire119/A (sky130_fd_sc_hd__buf_6)
                  0.04    0.09   15.26 ^ wire119/X (sky130_fd_sc_hd__buf_6)
     4    0.02                           net119 (net)
                  0.04    0.00   15.26 ^ max_cap118/A (sky130_fd_sc_hd__buf_4)
                  0.07    0.11   15.36 ^ max_cap118/X (sky130_fd_sc_hd__buf_4)
     6    0.03                           net118 (net)
                  0.07    0.00   15.37 ^ _52998_/A (sky130_fd_sc_hd__nand2_4)
                  0.07    0.05   15.42 v _52998_/Y (sky130_fd_sc_hd__nand2_4)
     4    0.03                           _01829_ (net)
                  0.07    0.00   15.42 v _52999_/B (sky130_fd_sc_hd__xnor2_4)
                  0.24    0.22   15.65 ^ _52999_/Y (sky130_fd_sc_hd__xnor2_4)
     3    0.04                           _01830_ (net)
                  0.24    0.01   15.65 ^ _53001_/B (sky130_fd_sc_hd__nand2_1)
                  0.10    0.11   15.77 v _53001_/Y (sky130_fd_sc_hd__nand2_1)
     5    0.02                           _01832_ (net)
                  0.10    0.00   15.77 v _53635_/A (sky130_fd_sc_hd__or2_4)
                  0.05    0.21   15.98 v _53635_/X (sky130_fd_sc_hd__or2_4)
     4    0.02                           _02494_ (net)
                  0.05    0.00   15.98 v _53669_/A1 (sky130_fd_sc_hd__o32a_4)
                  0.05    0.26   16.24 v _53669_/X (sky130_fd_sc_hd__o32a_4)
     2    0.02                           _02528_ (net)
                  0.05    0.00   16.24 v _53670_/B (sky130_fd_sc_hd__nor2_4)
                  0.09    0.10   16.34 ^ _53670_/Y (sky130_fd_sc_hd__nor2_4)
     3    0.02                           _02529_ (net)
                  0.09    0.00   16.34 ^ _53722_/B1 (sky130_fd_sc_hd__a221o_1)
                  0.12    0.15   16.49 ^ _53722_/X (sky130_fd_sc_hd__a221o_1)
     1    0.02                           _02582_ (net)
                  0.12    0.00   16.50 ^ _53725_/A4 (sky130_fd_sc_hd__a41oi_4)
                  0.11    0.11   16.60 v _53725_/Y (sky130_fd_sc_hd__a41oi_4)
     3    0.02                           _02586_ (net)
                  0.11    0.00   16.61 v _53748_/A2 (sky130_fd_sc_hd__o31a_1)
                  0.05    0.22   16.83 v _53748_/X (sky130_fd_sc_hd__o31a_1)
     2    0.01                           _02609_ (net)
                  0.05    0.00   16.83 v _53749_/B (sky130_fd_sc_hd__or2_4)
                  0.04    0.16   16.99 v _53749_/X (sky130_fd_sc_hd__or2_4)
     3    0.01                           _02610_ (net)
                  0.04    0.00   16.99 v _53779_/A1 (sky130_fd_sc_hd__o21ba_4)
                  0.03    0.16   17.15 v _53779_/X (sky130_fd_sc_hd__o21ba_4)
     3    0.01                           _02641_ (net)
                  0.03    0.00   17.15 v _53803_/A2 (sky130_fd_sc_hd__o32a_1)
                  0.05    0.21   17.37 v _53803_/X (sky130_fd_sc_hd__o32a_1)
     2    0.01                           _02666_ (net)
                  0.05    0.00   17.37 v _53804_/B (sky130_fd_sc_hd__or2_1)
                  0.06    0.16   17.53 v _53804_/X (sky130_fd_sc_hd__or2_1)
     3    0.01                           _02667_ (net)
                  0.06    0.00   17.53 v _53823_/A2 (sky130_fd_sc_hd__a31o_1)
                  0.06    0.18   17.71 v _53823_/X (sky130_fd_sc_hd__a31o_1)
     3    0.01                           _02686_ (net)
                  0.06    0.00   17.71 v _53881_/B_N (sky130_fd_sc_hd__and4bb_1)
                  0.20    0.30   18.02 ^ _53881_/X (sky130_fd_sc_hd__and4bb_1)
     2    0.03                           _02745_ (net)
                  0.20    0.00   18.02 ^ _53940_/A1 (sky130_fd_sc_hd__a21oi_2)
                  0.07    0.07   18.09 v _53940_/Y (sky130_fd_sc_hd__a21oi_2)
     4    0.02                           _02806_ (net)
                  0.07    0.00   18.09 v _53969_/B (sky130_fd_sc_hd__nor3b_2)
                  0.20    0.21   18.30 ^ _53969_/Y (sky130_fd_sc_hd__nor3b_2)
     2    0.01                           _02836_ (net)
                  0.20    0.00   18.30 ^ _54000_/A1 (sky130_fd_sc_hd__a21oi_2)
                  0.07    0.07   18.36 v _54000_/Y (sky130_fd_sc_hd__a21oi_2)
     2    0.02                           _02867_ (net)
                  0.07    0.00   18.37 v _54001_/B (sky130_fd_sc_hd__nor2_2)
                  0.08    0.09   18.46 ^ _54001_/Y (sky130_fd_sc_hd__nor2_2)
     3    0.01                           _02868_ (net)
                  0.08    0.00   18.46 ^ _54026_/A1_N (sky130_fd_sc_hd__o2bb2a_1)
                  0.06    0.16   18.61 v _54026_/X (sky130_fd_sc_hd__o2bb2a_1)
     2    0.01                           _02894_ (net)
                  0.06    0.00   18.61 v _54028_/B (sky130_fd_sc_hd__or2_1)
                  0.05    0.16   18.78 v _54028_/X (sky130_fd_sc_hd__or2_1)
     3    0.01                           _02896_ (net)
                  0.05    0.00   18.78 v _54036_/A2 (sky130_fd_sc_hd__a311o_1)
                  0.04    0.21   18.99 v _54036_/X (sky130_fd_sc_hd__a311o_1)
     1    0.00                           _02904_ (net)
                  0.04    0.00   18.99 v _54041_/A2 (sky130_fd_sc_hd__a31o_1)
                  0.03    0.14   19.13 v _54041_/X (sky130_fd_sc_hd__a31o_1)
     1    0.00                           _02909_ (net)
                  0.03    0.00   19.13 v _54042_/A0 (sky130_fd_sc_hd__mux2_1)
                  0.05    0.16   19.29 v _54042_/X (sky130_fd_sc_hd__mux2_1)
     1    0.01                           _02910_ (net)
                  0.05    0.00   19.29 v _54043_/A (sky130_fd_sc_hd__clkbuf_1)
                  0.02    0.07   19.36 v _54043_/X (sky130_fd_sc_hd__clkbuf_1)
     1    0.00                           _00066_ (net)
                  0.02    0.00   19.36 v _85229_/D (sky130_fd_sc_hd__dfrtp_4)
                                 19.36   data arrival time

                         10.00   10.00   clock clk (rise edge)
                          0.00   10.00   clock source latency
                  0.60    0.41   10.41 ^ clk (in)
     2    0.18                           clk (net)
                  0.61    0.00   10.41 ^ clkbuf_0_clk/A (sky130_fd_sc_hd__clkbuf_16)
                  0.15    0.21   10.62 ^ clkbuf_0_clk/X (sky130_fd_sc_hd__clkbuf_16)
     8    0.17                           clknet_0_clk (net)
                  0.15    0.01   10.63 ^ clkbuf_2_0_0_clk/A (sky130_fd_sc_hd__clkbuf_8)
                  0.08    0.14   10.77 ^ clkbuf_2_0_0_clk/X (sky130_fd_sc_hd__clkbuf_8)
     2    0.05                           clknet_2_0_0_clk (net)
                  0.08    0.00   10.77 ^ clkbuf_3_1__f_clk/A (sky130_fd_sc_hd__clkbuf_16)
                  0.22    0.21   10.98 ^ clkbuf_3_1__f_clk/X (sky130_fd_sc_hd__clkbuf_16)
    17    0.27                           clknet_3_1__leaf_clk (net)
                  0.22    0.02   11.00 ^ clkbuf_leaf_10_clk/A (sky130_fd_sc_hd__clkbuf_16)
                  0.04    0.12   11.12 ^ clkbuf_leaf_10_clk/X (sky130_fd_sc_hd__clkbuf_16)
     6    0.03                           clknet_leaf_10_clk (net)
                  0.04    0.00   11.12 ^ _85229_/CLK (sky130_fd_sc_hd__dfrtp_4)
                         -0.25   10.87   clock uncertainty
                          0.10   10.97   clock reconvergence pessimism
                         -0.07   10.90   library setup time
                                 10.90   data required time
-----------------------------------------------------------------------------
                                 10.90   data required time
                                -19.36   data arrival time
-----------------------------------------------------------------------------
                                 -8.46   slack (VIOLATED)



======================= Slowest Corner ===================================

Startpoint: rst_n (input port clocked by clk)
Endpoint: _85496_ (recovery check against rising-edge clock clk)
Path Group: asynchronous
Path Type: max
Corner: Slowest

Fanout     Cap    Slew   Delay    Time   Description
-----------------------------------------------------------------------------
                          0.00    0.00   clock clk (rise edge)
                          0.00    0.00   clock network delay (propagated)
                          2.00    2.00 ^ input external delay
                  0.03    0.01    2.01 ^ rst_n (in)
     1    0.00                           rst_n (net)
                  0.03    0.00    2.01 ^ hold86/A (sky130_fd_sc_hd__dlygate4sd3_1)
                  0.16    1.14    3.15 ^ hold86/X (sky130_fd_sc_hd__dlygate4sd3_1)
     1    0.01                           net414 (net)
                  0.16    0.00    3.15 ^ input75/A (sky130_fd_sc_hd__buf_8)
                  0.40    0.46    3.61 ^ input75/X (sky130_fd_sc_hd__buf_8)
     2    0.16                           net75 (net)
                  0.41    0.04    3.65 ^ fanout328/A (sky130_fd_sc_hd__clkbuf_8)
                  0.37    0.60    4.25 ^ fanout328/X (sky130_fd_sc_hd__clkbuf_8)
     5    0.14                           net328 (net)
                  0.37    0.01    4.25 ^ fanout320/A (sky130_fd_sc_hd__buf_4)
                  0.37    0.57    4.83 ^ fanout320/X (sky130_fd_sc_hd__buf_4)
     5    0.08                           net320 (net)
                  0.37    0.00    4.83 ^ fanout319/A (sky130_fd_sc_hd__buf_4)
                  0.32    0.54    5.37 ^ fanout319/X (sky130_fd_sc_hd__buf_4)
    10    0.07                           net319 (net)
                  0.32    0.00    5.38 ^ fanout318/A (sky130_fd_sc_hd__clkbuf_4)
                  0.26    0.53    5.90 ^ fanout318/X (sky130_fd_sc_hd__clkbuf_4)
    10    0.05                           net318 (net)
                  0.26    0.01    5.91 ^ fanout317/A (sky130_fd_sc_hd__buf_2)
                  0.26    0.44    6.34 ^ fanout317/X (sky130_fd_sc_hd__buf_2)
     7    0.03                           net317 (net)
                  0.26    0.00    6.35 ^ fanout316/A (sky130_fd_sc_hd__buf_2)
                  0.31    0.48    6.82 ^ fanout316/X (sky130_fd_sc_hd__buf_2)
     7    0.04                           net316 (net)
                  0.31    0.00    6.82 ^ fanout315/A (sky130_fd_sc_hd__clkbuf_4)
                  0.25    0.51    7.34 ^ fanout315/X (sky130_fd_sc_hd__clkbuf_4)
    10    0.05                           net315 (net)
                  0.25    0.00    7.34 ^ _85496_/RESET_B (sky130_fd_sc_hd__dfrtp_2)
                                  7.34   data arrival time

                         10.00   10.00   clock clk (rise edge)
                          0.00   10.00   clock source latency
                  1.29    0.87   10.87 ^ clk (in)
     2    0.18                           clk (net)
                  1.29    0.00   10.87 ^ clkbuf_0_clk/A (sky130_fd_sc_hd__clkbuf_16)
                  0.29    0.76   11.63 ^ clkbuf_0_clk/X (sky130_fd_sc_hd__clkbuf_16)
     8    0.17                           clknet_0_clk (net)
                  0.29    0.01   11.64 ^ clkbuf_2_2_0_clk/A (sky130_fd_sc_hd__clkbuf_8)
                  0.15    0.37   12.02 ^ clkbuf_2_2_0_clk/X (sky130_fd_sc_hd__clkbuf_8)
     2    0.05                           clknet_2_2_0_clk (net)
                  0.15    0.00   12.02 ^ clkbuf_3_5__f_clk/A (sky130_fd_sc_hd__clkbuf_16)
                  0.17    0.32   12.34 ^ clkbuf_3_5__f_clk/X (sky130_fd_sc_hd__clkbuf_16)
     8    0.09                           clknet_3_5__leaf_clk (net)
                  0.17    0.01   12.35 ^ clkbuf_leaf_26_clk/A (sky130_fd_sc_hd__clkbuf_16)
                  0.07    0.26   12.61 ^ clkbuf_leaf_26_clk/X (sky130_fd_sc_hd__clkbuf_16)
     7    0.02                           clknet_leaf_26_clk (net)
                  0.07    0.00   12.61 ^ _85496_/CLK (sky130_fd_sc_hd__dfrtp_2)
                         -0.25   12.36   clock uncertainty
                          0.00   12.36   clock reconvergence pessimism
                          0.37   12.73   library recovery time
                                 12.73   data required time
-----------------------------------------------------------------------------
                                 12.73   data required time
                                 -7.34   data arrival time
-----------------------------------------------------------------------------
                                  5.39   slack (MET)


Startpoint: _85263_ (rising edge-triggered flip-flop clocked by clk)
Endpoint: _85230_ (rising edge-triggered flip-flop clocked by clk)
Path Group: clk
Path Type: max
Corner: Slowest

Fanout     Cap    Slew   Delay    Time   Description
-----------------------------------------------------------------------------
                          0.00    0.00   clock clk (rise edge)
                          0.00    0.00   clock source latency
                  1.29    0.96    0.96 ^ clk (in)
     2    0.18                           clk (net)
                  1.29    0.00    0.96 ^ clkbuf_0_clk/A (sky130_fd_sc_hd__clkbuf_16)
                  0.29    0.84    1.80 ^ clkbuf_0_clk/X (sky130_fd_sc_hd__clkbuf_16)
     8    0.17                           clknet_0_clk (net)
                  0.29    0.01    1.81 ^ clkbuf_2_3_0_clk/A (sky130_fd_sc_hd__clkbuf_8)
                  0.15    0.41    2.22 ^ clkbuf_2_3_0_clk/X (sky130_fd_sc_hd__clkbuf_8)
     2    0.05                           clknet_2_3_0_clk (net)
                  0.15    0.00    2.23 ^ clkbuf_3_6__f_clk/A (sky130_fd_sc_hd__clkbuf_16)
                  0.26    0.43    2.65 ^ clkbuf_3_6__f_clk/X (sky130_fd_sc_hd__clkbuf_16)
     8    0.16                           clknet_3_6__leaf_clk (net)
                  0.26    0.01    2.67 ^ clkbuf_leaf_47_clk/A (sky130_fd_sc_hd__clkbuf_16)
                  0.07    0.32    2.99 ^ clkbuf_leaf_47_clk/X (sky130_fd_sc_hd__clkbuf_16)
     6    0.02                           clknet_leaf_47_clk (net)
                  0.07    0.00    2.99 ^ _85263_/CLK (sky130_fd_sc_hd__dfrtp_1)
                  0.27    0.84    3.83 ^ _85263_/Q (sky130_fd_sc_hd__dfrtp_1)
     2    0.02                           stage8_inst.in3[1] (net)
                  0.27    0.00    3.83 ^ _42612_/A (sky130_fd_sc_hd__buf_2)
                  0.35    0.51    4.34 ^ _42612_/X (sky130_fd_sc_hd__buf_2)
    10    0.04                           _41795_ (net)
                  0.35    0.00    4.35 ^ _42613_/A (sky130_fd_sc_hd__clkbuf_4)
                  0.27    0.54    4.89 ^ _42613_/X (sky130_fd_sc_hd__clkbuf_4)
    10    0.05                           _41806_ (net)
                  0.27    0.00    4.89 ^ _42614_/A (sky130_fd_sc_hd__clkbuf_4)
                  0.29    0.52    5.41 ^ _42614_/X (sky130_fd_sc_hd__clkbuf_4)
    10    0.06                           _41817_ (net)
                  0.29    0.01    5.42 ^ _54556_/A (sky130_fd_sc_hd__buf_2)
                  0.35    0.52    5.93 ^ _54556_/X (sky130_fd_sc_hd__buf_2)
    10    0.04                           _03474_ (net)
                  0.35    0.00    5.94 ^ _56554_/C (sky130_fd_sc_hd__and4_2)
                  0.33    0.82    6.76 ^ _56554_/X (sky130_fd_sc_hd__and4_2)
     3    0.03                           _05666_ (net)
                  0.33    0.00    6.76 ^ _56681_/A (sky130_fd_sc_hd__nor2_1)
                  0.23    0.35    7.10 v _56681_/Y (sky130_fd_sc_hd__nor2_1)
     2    0.02                           _05804_ (net)
                  0.23    0.00    7.11 v _56683_/C (sky130_fd_sc_hd__or3_1)
                  0.22    0.94    8.04 v _56683_/X (sky130_fd_sc_hd__or3_1)
     1    0.01                           _05807_ (net)
                  0.22    0.00    8.04 v _56684_/B (sky130_fd_sc_hd__and2_1)
                  0.13    0.48    8.52 v _56684_/X (sky130_fd_sc_hd__and2_1)
     3    0.01                           _05808_ (net)
                  0.13    0.00    8.52 v _56745_/B (sky130_fd_sc_hd__and3_1)
                  0.13    0.44    8.97 v _56745_/X (sky130_fd_sc_hd__and3_1)
     2    0.01                           _05875_ (net)
                  0.13    0.00    8.97 v _56746_/C1 (sky130_fd_sc_hd__a211o_4)
                  0.13    0.61    9.57 v _56746_/X (sky130_fd_sc_hd__a211o_4)
     5    0.03                           _05876_ (net)
                  0.13    0.00    9.57 v _56753_/B (sky130_fd_sc_hd__and3_1)
                  0.14    0.46   10.03 v _56753_/X (sky130_fd_sc_hd__and3_1)
     4    0.01                           _05884_ (net)
                  0.14    0.00   10.04 v _56834_/A (sky130_fd_sc_hd__or3_1)
                  0.20    1.01   11.04 v _56834_/X (sky130_fd_sc_hd__or3_1)
     2    0.01                           _05973_ (net)
                  0.20    0.00   11.04 v _56861_/A1 (sky130_fd_sc_hd__a21o_2)
                  0.17    0.55   11.59 v _56861_/X (sky130_fd_sc_hd__a21o_2)
     5    0.03                           _06002_ (net)
                  0.17    0.01   11.60 v _56913_/A (sky130_fd_sc_hd__and3_1)
                  0.11    0.40   12.00 v _56913_/X (sky130_fd_sc_hd__and3_1)
     2    0.01                           _06060_ (net)
                  0.11    0.00   12.00 v _56914_/B1 (sky130_fd_sc_hd__a21o_2)
                  0.17    0.50   12.51 v _56914_/X (sky130_fd_sc_hd__a21o_2)
     3    0.03                           _06061_ (net)
                  0.17    0.01   12.51 v _56916_/A2 (sky130_fd_sc_hd__a21bo_4)
                  0.10    0.51   13.02 v _56916_/X (sky130_fd_sc_hd__a21bo_4)
     2    0.02                           _06063_ (net)
                  0.10    0.00   13.02 v _56918_/A2 (sky130_fd_sc_hd__a21o_4)
                  0.10    0.47   13.49 v _56918_/X (sky130_fd_sc_hd__a21o_4)
     2    0.02                           _06065_ (net)
                  0.10    0.00   13.49 v _56920_/A2 (sky130_fd_sc_hd__a21bo_4)
                  0.11    0.48   13.98 v _56920_/X (sky130_fd_sc_hd__a21bo_4)
     3    0.03                           _06067_ (net)
                  0.11    0.00   13.98 v _57509_/A1 (sky130_fd_sc_hd__a21o_4)
                  0.13    0.49   14.46 v _57509_/X (sky130_fd_sc_hd__a21o_4)
     2    0.04                           _06713_ (net)
                  0.13    0.00   14.47 v _57523_/A (sky130_fd_sc_hd__xnor2_4)
                  0.44    0.50   14.97 ^ _57523_/Y (sky130_fd_sc_hd__xnor2_4)
     3    0.03                           _06729_ (net)
                  0.44    0.00   14.97 ^ _57524_/A (sky130_fd_sc_hd__buf_6)
                  0.33    0.54   15.52 ^ _57524_/X (sky130_fd_sc_hd__buf_6)
    10    0.11                           _06730_ (net)
                  0.33    0.01   15.52 ^ _57698_/B (sky130_fd_sc_hd__nand2_2)
                  0.26    0.35   15.88 v _57698_/Y (sky130_fd_sc_hd__nand2_2)
     5    0.03                           _06920_ (net)
                  0.26    0.00   15.88 v _57701_/A2 (sky130_fd_sc_hd__a21o_1)
                  0.18    0.53   16.41 v _57701_/X (sky130_fd_sc_hd__a21o_1)
     4    0.02                           _06923_ (net)
                  0.18    0.00   16.41 v _57702_/B1 (sky130_fd_sc_hd__a21oi_2)
                  0.43    0.45   16.86 ^ _57702_/Y (sky130_fd_sc_hd__a21oi_2)
     5    0.02                           _06924_ (net)
                  0.43    0.00   16.86 ^ _58130_/B1_N (sky130_fd_sc_hd__o21ba_1)
                  0.15    0.50   17.36 v _58130_/X (sky130_fd_sc_hd__o21ba_1)
     2    0.01                           _07394_ (net)
                  0.15    0.00   17.36 v _58133_/A (sky130_fd_sc_hd__or3_4)
                  0.15    0.89   18.25 v _58133_/X (sky130_fd_sc_hd__or3_4)
     3    0.02                           _07398_ (net)
                  0.15    0.00   18.25 v _58223_/A (sky130_fd_sc_hd__and3_1)
                  0.11    0.39   18.64 v _58223_/X (sky130_fd_sc_hd__and3_1)
     2    0.01                           _07497_ (net)
                  0.11    0.00   18.64 v _58225_/B (sky130_fd_sc_hd__or3_1)
                  0.24    1.00   19.64 v _58225_/X (sky130_fd_sc_hd__or3_1)
     3    0.01                           _07499_ (net)
                  0.24    0.00   19.64 v _58228_/B (sky130_fd_sc_hd__nand3_1)
                  0.33    0.40   20.04 ^ _58228_/Y (sky130_fd_sc_hd__nand3_1)
     3    0.02                           _07502_ (net)
                  0.33    0.00   20.05 ^ _58282_/A1 (sky130_fd_sc_hd__a21o_1)
                  0.20    0.43   20.47 ^ _58282_/X (sky130_fd_sc_hd__a21o_1)
     2    0.01                           _07561_ (net)
                  0.20    0.00   20.47 ^ _58337_/B_N (sky130_fd_sc_hd__nor2b_4)
                  0.23    0.42   20.89 ^ _58337_/Y (sky130_fd_sc_hd__nor2b_4)
     1    0.02                           _07622_ (net)
                  0.23    0.00   20.89 ^ _58338_/A (sky130_fd_sc_hd__xor2_4)
                  0.39    0.49   21.38 ^ _58338_/X (sky130_fd_sc_hd__xor2_4)
     2    0.03                           _07623_ (net)
                  0.39    0.00   21.38 ^ _58339_/B (sky130_fd_sc_hd__xor2_4)
                  0.33    0.48   21.87 ^ _58339_/X (sky130_fd_sc_hd__xor2_4)
     2    0.02                           _07624_ (net)
                  0.33    0.00   21.87 ^ _58350_/B (sky130_fd_sc_hd__xnor2_4)
                  0.42    0.38   22.25 ^ _58350_/Y (sky130_fd_sc_hd__xnor2_4)
     3    0.03                           _07636_ (net)
                  0.42    0.00   22.25 ^ _58470_/A (sky130_fd_sc_hd__xor2_4)
                  0.36    0.52   22.77 ^ _58470_/X (sky130_fd_sc_hd__xor2_4)
     4    0.03                           _07767_ (net)
                  0.36    0.00   22.77 ^ _58473_/A (sky130_fd_sc_hd__xnor2_4)
                  0.40    0.39   23.16 ^ _58473_/Y (sky130_fd_sc_hd__xnor2_4)
     2    0.03                           _07771_ (net)
                  0.40    0.00   23.17 ^ _58474_/C1 (sky130_fd_sc_hd__o311ai_4)
                  0.26    0.39   23.56 v _58474_/Y (sky130_fd_sc_hd__o311ai_4)
     3    0.02                           _07772_ (net)
                  0.26    0.00   23.56 v _58479_/A1 (sky130_fd_sc_hd__a21oi_2)
                  0.31    0.44   24.00 ^ _58479_/Y (sky130_fd_sc_hd__a21oi_2)
     2    0.01                           _07777_ (net)
                  0.31    0.00   24.00 ^ _58486_/A1 (sky130_fd_sc_hd__o211a_1)
                  0.21    0.55   24.55 ^ _58486_/X (sky130_fd_sc_hd__o211a_1)
     2    0.01                           _07785_ (net)
                  0.21    0.00   24.55 ^ _58491_/A3 (sky130_fd_sc_hd__o311a_4)
                  0.13    0.45   25.01 ^ _58491_/X (sky130_fd_sc_hd__o311a_4)
     2    0.02                           _07790_ (net)
                  0.13    0.00   25.01 ^ _58493_/A2 (sky130_fd_sc_hd__o211ai_4)
                  0.36    0.38   25.39 v _58493_/Y (sky130_fd_sc_hd__o211ai_4)
     7    0.05                           _07793_ (net)
                  0.36    0.01   25.39 v _58497_/A2 (sky130_fd_sc_hd__a2111o_1)
                  0.21    1.05   26.45 v _58497_/X (sky130_fd_sc_hd__a2111o_1)
     3    0.01                           _07797_ (net)
                  0.21    0.00   26.45 v _58619_/A2 (sky130_fd_sc_hd__a211o_1)
                  0.19    0.75   27.20 v _58619_/X (sky130_fd_sc_hd__a211o_1)
     3    0.02                           _07931_ (net)
                  0.19    0.00   27.20 v _58960_/A2 (sky130_fd_sc_hd__a211o_4)
                  0.15    0.78   27.98 v _58960_/X (sky130_fd_sc_hd__a211o_4)
     2    0.04                           _08305_ (net)
                  0.15    0.01   27.98 v _59042_/A1 (sky130_fd_sc_hd__a21o_4)
                  0.20    0.57   28.55 v _59042_/X (sky130_fd_sc_hd__a21o_4)
     5    0.07                           _08394_ (net)
                  0.20    0.00   28.56 v _59153_/A2 (sky130_fd_sc_hd__a22o_4)
                  0.21    0.69   29.25 v _59153_/X (sky130_fd_sc_hd__a22o_4)
     8    0.07                           _08517_ (net)
                  0.21    0.02   29.26 v _59154_/C (sky130_fd_sc_hd__and3_1)
                  0.15    0.55   29.81 v _59154_/X (sky130_fd_sc_hd__and3_1)
     3    0.01                           _08518_ (net)
                  0.15    0.00   29.81 v _59157_/A (sky130_fd_sc_hd__or3_4)
                  0.13    0.84   30.65 v _59157_/X (sky130_fd_sc_hd__or3_4)
     3    0.01                           _08521_ (net)
                  0.13    0.00   30.65 v _59177_/A (sky130_fd_sc_hd__and3_1)
                  0.14    0.40   31.05 v _59177_/X (sky130_fd_sc_hd__and3_1)
     2    0.01                           _08543_ (net)
                  0.14    0.00   31.06 v _59178_/C1 (sky130_fd_sc_hd__a211o_1)
                  0.15    0.55   31.61 v _59178_/X (sky130_fd_sc_hd__a211o_1)
     3    0.01                           _08544_ (net)
                  0.15    0.00   31.61 v _59194_/A1 (sky130_fd_sc_hd__a21o_1)
                  0.14    0.41   32.02 v _59194_/X (sky130_fd_sc_hd__a21o_1)
     2    0.01                           _08562_ (net)
                  0.14    0.00   32.02 v _59196_/A2 (sky130_fd_sc_hd__a21o_1)
                  0.14    0.45   32.47 v _59196_/X (sky130_fd_sc_hd__a21o_1)
     2    0.01                           _08564_ (net)
                  0.14    0.00   32.47 v _59198_/A2 (sky130_fd_sc_hd__a211o_1)
                  0.18    0.70   33.18 v _59198_/X (sky130_fd_sc_hd__a211o_1)
     2    0.01                           _08566_ (net)
                  0.18    0.00   33.18 v _59209_/B (sky130_fd_sc_hd__nand3_2)
                  0.15    0.22   33.40 ^ _59209_/Y (sky130_fd_sc_hd__nand3_2)
     3    0.01                           _08578_ (net)
                  0.15    0.00   33.40 ^ _59214_/B (sky130_fd_sc_hd__and3b_2)
                  0.18    0.51   33.91 ^ _59214_/X (sky130_fd_sc_hd__and3b_2)
     2    0.02                           _08584_ (net)
                  0.18    0.00   33.91 ^ _59553_/A4 (sky130_fd_sc_hd__a41oi_4)
                  0.30    0.41   34.33 v _59553_/Y (sky130_fd_sc_hd__a41oi_4)
     4    0.02                           _08956_ (net)
                  0.30    0.00   34.33 v _62866_/A2 (sky130_fd_sc_hd__a2111o_4)
                  0.19    1.17   35.50 v _62866_/X (sky130_fd_sc_hd__a2111o_4)
     3    0.03                           _12591_ (net)
                  0.19    0.01   35.50 v _63031_/C (sky130_fd_sc_hd__and3_1)
                  0.07    0.44   35.94 v _63031_/X (sky130_fd_sc_hd__and3_1)
     1    0.00                           _12772_ (net)
                  0.07    0.00   35.94 v _63032_/B (sky130_fd_sc_hd__nor2_1)
                  0.73    0.61   36.56 ^ _63032_/Y (sky130_fd_sc_hd__nor2_1)
     2    0.02                           _12773_ (net)
                  0.73    0.00   36.56 ^ _63034_/B (sky130_fd_sc_hd__or2_1)
                  0.08    0.40   36.96 ^ _63034_/X (sky130_fd_sc_hd__or2_1)
     1    0.00                           _12776_ (net)
                  0.08    0.00   36.96 ^ _63035_/B (sky130_fd_sc_hd__nand2_1)
                  0.20    0.22   37.18 v _63035_/Y (sky130_fd_sc_hd__nand2_1)
     3    0.01                           _12777_ (net)
                  0.20    0.00   37.19 v _63059_/A1 (sky130_fd_sc_hd__o311a_1)
                  0.14    0.81   37.99 v _63059_/X (sky130_fd_sc_hd__o311a_1)
     2    0.01                           _12803_ (net)
                  0.14    0.00   37.99 v _63075_/A2 (sky130_fd_sc_hd__o311a_4)
                  0.12    0.75   38.74 v _63075_/X (sky130_fd_sc_hd__o311a_4)
     4    0.02                           _12821_ (net)
                  0.12    0.00   38.74 v _63076_/D (sky130_fd_sc_hd__or4_4)
                  0.18    0.96   39.70 v _63076_/X (sky130_fd_sc_hd__or4_4)
     3    0.01                           _12822_ (net)
                  0.18    0.00   39.70 v _63109_/A1 (sky130_fd_sc_hd__a211o_1)
                  0.15    0.63   40.34 v _63109_/X (sky130_fd_sc_hd__a211o_1)
     2    0.01                           _12858_ (net)
                  0.15    0.00   40.34 v _63118_/A1 (sky130_fd_sc_hd__a21o_1)
                  0.13    0.41   40.74 v _63118_/X (sky130_fd_sc_hd__a21o_1)
     3    0.01                           _12868_ (net)
                  0.13    0.00   40.75 v _63123_/A2 (sky130_fd_sc_hd__a21o_1)
                  0.14    0.45   41.19 v _63123_/X (sky130_fd_sc_hd__a21o_1)
     2    0.01                           _12874_ (net)
                  0.14    0.00   41.19 v _63129_/A2 (sky130_fd_sc_hd__a2111oi_2)
                  0.52    0.74   41.93 ^ _63129_/Y (sky130_fd_sc_hd__a2111oi_2)
     1    0.01                           _12880_ (net)
                  0.52    0.00   41.93 ^ wire121/A (sky130_fd_sc_hd__buf_2)
                  0.27    0.55   42.49 ^ wire121/X (sky130_fd_sc_hd__buf_2)
     1    0.03                           net121 (net)
                  0.27    0.01   42.49 ^ wire120/A (sky130_fd_sc_hd__clkbuf_2)
                  0.18    0.38   42.87 ^ wire120/X (sky130_fd_sc_hd__clkbuf_2)
     5    0.02                           net120 (net)
                  0.18    0.00   42.87 ^ _63287_/A2 (sky130_fd_sc_hd__o2111a_1)
                  0.20    0.52   43.39 ^ _63287_/X (sky130_fd_sc_hd__o2111a_1)
     4    0.01                           _13054_ (net)
                  0.20    0.00   43.39 ^ _63342_/A (sky130_fd_sc_hd__and3_1)
                  0.29    0.52   43.91 ^ _63342_/X (sky130_fd_sc_hd__and3_1)
     3    0.02                           _13114_ (net)
                  0.29    0.00   43.91 ^ _63348_/B2 (sky130_fd_sc_hd__o22a_1)
                  0.23    0.45   44.36 ^ _63348_/X (sky130_fd_sc_hd__o22a_1)
     3    0.01                           _13121_ (net)
                  0.23    0.00   44.36 ^ _63359_/B (sky130_fd_sc_hd__and4_4)
                  0.35    0.82   45.18 ^ _63359_/X (sky130_fd_sc_hd__and4_4)
     2    0.06                           _13133_ (net)
                  0.36    0.02   45.20 ^ rebuffer10/A (sky130_fd_sc_hd__buf_6)
                  0.05    0.29   45.49 ^ rebuffer10/X (sky130_fd_sc_hd__buf_6)
     2    0.01                           net338 (net)
                  0.05    0.00   45.49 ^ _63524_/A1 (sky130_fd_sc_hd__a21oi_2)
                  0.17    0.16   45.65 v _63524_/Y (sky130_fd_sc_hd__a21oi_2)
     2    0.01                           _13315_ (net)
                  0.17    0.00   45.65 v _63529_/B (sky130_fd_sc_hd__xnor2_2)
                  0.22    0.40   46.05 v _63529_/Y (sky130_fd_sc_hd__xnor2_2)
     3    0.02                           _13320_ (net)
                  0.22    0.00   46.05 v _63531_/B (sky130_fd_sc_hd__and2_1)
                  0.09    0.43   46.48 v _63531_/X (sky130_fd_sc_hd__and2_1)
     1    0.01                           _13322_ (net)
                  0.09    0.00   46.48 v _63532_/A (sky130_fd_sc_hd__buf_6)
                  0.06    0.25   46.73 v _63532_/X (sky130_fd_sc_hd__buf_6)
     6    0.02                           _13323_ (net)
                  0.06    0.00   46.73 v _63533_/B (sky130_fd_sc_hd__or2_1)
                  0.12    0.51   47.24 v _63533_/X (sky130_fd_sc_hd__or2_1)
     1    0.01                           _13325_ (net)
                  0.12    0.00   47.24 v _63534_/A (sky130_fd_sc_hd__buf_6)
                  0.06    0.26   47.50 v _63534_/X (sky130_fd_sc_hd__buf_6)
     3    0.02                           _13326_ (net)
                  0.06    0.00   47.50 v _63536_/A2 (sky130_fd_sc_hd__a21oi_2)
                  0.23    0.29   47.80 ^ _63536_/Y (sky130_fd_sc_hd__a21oi_2)
     2    0.01                           _13328_ (net)
                  0.23    0.00   47.80 ^ _63538_/A2 (sky130_fd_sc_hd__o21ai_1)
                  0.21    0.26   48.06 v _63538_/Y (sky130_fd_sc_hd__o21ai_1)
     2    0.01                           _13330_ (net)
                  0.21    0.00   48.06 v _63549_/A2 (sky130_fd_sc_hd__a31o_1)
                  0.12    0.51   48.57 v _63549_/X (sky130_fd_sc_hd__a31o_1)
     2    0.01                           _13342_ (net)
                  0.12    0.00   48.57 v _63551_/A2 (sky130_fd_sc_hd__a21o_1)
                  0.11    0.41   48.97 v _63551_/X (sky130_fd_sc_hd__a21o_1)
     2    0.01                           _13344_ (net)
                  0.11    0.00   48.97 v _63553_/A2 (sky130_fd_sc_hd__a21o_1)
                  0.25    0.53   49.50 v _63553_/X (sky130_fd_sc_hd__a21o_1)
     4    0.03                           _13347_ (net)
                  0.25    0.00   49.50 v _63593_/A2 (sky130_fd_sc_hd__a31o_1)
                  0.22    0.62   50.13 v _63593_/X (sky130_fd_sc_hd__a31o_1)
     3    0.02                           _13391_ (net)
                  0.22    0.00   50.13 v _63602_/B2 (sky130_fd_sc_hd__a221o_1)
                  0.25    0.86   50.99 v _63602_/X (sky130_fd_sc_hd__a221o_1)
     3    0.02                           _13400_ (net)
                  0.25    0.00   51.00 v _63637_/A1 (sky130_fd_sc_hd__a41o_4)
                  0.14    0.58   51.58 v _63637_/X (sky130_fd_sc_hd__a41o_4)
     4    0.04                           _13439_ (net)
                  0.14    0.01   51.58 v _63734_/A1 (sky130_fd_sc_hd__a211oi_4)
                  0.42    0.52   52.11 ^ _63734_/Y (sky130_fd_sc_hd__a211oi_4)
     2    0.02                           _13546_ (net)
                  0.42    0.00   52.11 ^ _63757_/A (sky130_fd_sc_hd__xnor2_2)
                  0.24    0.39   52.50 v _63757_/Y (sky130_fd_sc_hd__xnor2_2)
     4    0.02                           _13571_ (net)
                  0.24    0.00   52.50 v _63764_/B1 (sky130_fd_sc_hd__a2111o_1)
                  0.11    0.84   53.33 v _63764_/X (sky130_fd_sc_hd__a2111o_1)
     1    0.00                           _13579_ (net)
                  0.11    0.00   53.33 v _63765_/B1 (sky130_fd_sc_hd__a41o_1)
                  0.08    0.40   53.74 v _63765_/X (sky130_fd_sc_hd__a41o_1)
     1    0.00                           _13580_ (net)
                  0.08    0.00   53.74 v _63768_/C (sky130_fd_sc_hd__or4b_1)
                  0.18    1.16   54.90 v _63768_/X (sky130_fd_sc_hd__or4b_1)
     1    0.00                           _13583_ (net)
                  0.18    0.00   54.90 v _63772_/B (sky130_fd_sc_hd__or3b_4)
                  0.22    0.96   55.86 v _63772_/X (sky130_fd_sc_hd__or3b_4)
     7    0.04                           _13587_ (net)
                  0.22    0.00   55.87 v _63773_/A (sky130_fd_sc_hd__buf_6)
                  0.13    0.38   56.25 v _63773_/X (sky130_fd_sc_hd__buf_6)
    10    0.08                           _13589_ (net)
                  0.13    0.01   56.26 v _63774_/C (sky130_fd_sc_hd__and3_1)
                  0.08    0.42   56.68 v _63774_/X (sky130_fd_sc_hd__and3_1)
     2    0.00                           _13590_ (net)
                  0.08    0.00   56.68 v _63777_/A (sky130_fd_sc_hd__or2_1)
                  0.13    0.57   57.26 v _63777_/X (sky130_fd_sc_hd__or2_1)
     1    0.01                           _13593_ (net)
                  0.13    0.00   57.26 v _63778_/A2 (sky130_fd_sc_hd__a21o_1)
                  0.06    0.35   57.61 v _63778_/X (sky130_fd_sc_hd__a21o_1)
     1    0.00                           _13594_ (net)
                  0.06    0.00   57.61 v _63782_/A0 (sky130_fd_sc_hd__mux2_1)
                  0.11    0.66   58.27 v _63782_/X (sky130_fd_sc_hd__mux2_1)
     1    0.00                           _13598_ (net)
                  0.11    0.00   58.27 v _63783_/A (sky130_fd_sc_hd__clkbuf_1)
                  0.05    0.19   58.46 v _63783_/X (sky130_fd_sc_hd__clkbuf_1)
     1    0.00                           _00067_ (net)
                  0.05    0.00   58.46 v _85230_/D (sky130_fd_sc_hd__dfrtp_4)
                                 58.46   data arrival time

                         10.00   10.00   clock clk (rise edge)
                          0.00   10.00   clock source latency
                  1.29    0.87   10.87 ^ clk (in)
     2    0.18                           clk (net)
                  1.29    0.00   10.87 ^ clkbuf_0_clk/A (sky130_fd_sc_hd__clkbuf_16)
                  0.29    0.76   11.63 ^ clkbuf_0_clk/X (sky130_fd_sc_hd__clkbuf_16)
     8    0.17                           clknet_0_clk (net)
                  0.29    0.01   11.64 ^ clkbuf_2_3_0_clk/A (sky130_fd_sc_hd__clkbuf_8)
                  0.15    0.37   12.01 ^ clkbuf_2_3_0_clk/X (sky130_fd_sc_hd__clkbuf_8)
     2    0.05                           clknet_2_3_0_clk (net)
                  0.15    0.00   12.01 ^ clkbuf_3_7__f_clk/A (sky130_fd_sc_hd__clkbuf_16)
                  0.28    0.40   12.41 ^ clkbuf_3_7__f_clk/X (sky130_fd_sc_hd__clkbuf_16)
    12    0.17                           clknet_3_7__leaf_clk (net)
                  0.28    0.01   12.42 ^ clkbuf_leaf_34_clk/A (sky130_fd_sc_hd__clkbuf_16)
                  0.08    0.31   12.74 ^ clkbuf_leaf_34_clk/X (sky130_fd_sc_hd__clkbuf_16)
     8    0.03                           clknet_leaf_34_clk (net)
                  0.08    0.00   12.74 ^ _85230_/CLK (sky130_fd_sc_hd__dfrtp_4)
                         -0.25   12.49   clock uncertainty
                          0.21   12.70   clock reconvergence pessimism
                         -0.26   12.43   library setup time
                                 12.43   data required time
-----------------------------------------------------------------------------
                                 12.43   data required time
                                -58.46   data arrival time
-----------------------------------------------------------------------------
                                -46.03   slack (VIOLATED)



======================= Typical Corner ===================================

Startpoint: rst_n (input port clocked by clk)
Endpoint: _85496_ (recovery check against rising-edge clock clk)
Path Group: asynchronous
Path Type: max
Corner: Typical

Fanout     Cap    Slew   Delay    Time   Description
-----------------------------------------------------------------------------
                          0.00    0.00   clock clk (rise edge)
                          0.00    0.00   clock network delay (propagated)
                          2.00    2.00 ^ input external delay
                  0.02    0.01    2.01 ^ rst_n (in)
     1    0.00                           rst_n (net)
                  0.02    0.00    2.01 ^ hold86/A (sky130_fd_sc_hd__dlygate4sd3_1)
                  0.10    0.59    2.60 ^ hold86/X (sky130_fd_sc_hd__dlygate4sd3_1)
     1    0.01                           net414 (net)
                  0.10    0.00    2.60 ^ input75/A (sky130_fd_sc_hd__buf_8)
                  0.26    0.26    2.86 ^ input75/X (sky130_fd_sc_hd__buf_8)
     2    0.16                           net75 (net)
                  0.27    0.04    2.90 ^ fanout328/A (sky130_fd_sc_hd__clkbuf_8)
                  0.24    0.32    3.22 ^ fanout328/X (sky130_fd_sc_hd__clkbuf_8)
     5    0.14                           net328 (net)
                  0.24    0.01    3.23 ^ fanout320/A (sky130_fd_sc_hd__buf_4)
                  0.24    0.31    3.54 ^ fanout320/X (sky130_fd_sc_hd__buf_4)
     5    0.09                           net320 (net)
                  0.24    0.00    3.54 ^ fanout319/A (sky130_fd_sc_hd__buf_4)
                  0.21    0.30    3.84 ^ fanout319/X (sky130_fd_sc_hd__buf_4)
    10    0.08                           net319 (net)
                  0.21    0.00    3.84 ^ fanout318/A (sky130_fd_sc_hd__clkbuf_4)
                  0.17    0.30    4.14 ^ fanout318/X (sky130_fd_sc_hd__clkbuf_4)
    10    0.06                           net318 (net)
                  0.17    0.01    4.15 ^ fanout317/A (sky130_fd_sc_hd__buf_2)
                  0.17    0.25    4.40 ^ fanout317/X (sky130_fd_sc_hd__buf_2)
     7    0.03                           net317 (net)
                  0.17    0.00    4.40 ^ fanout316/A (sky130_fd_sc_hd__buf_2)
                  0.21    0.28    4.68 ^ fanout316/X (sky130_fd_sc_hd__buf_2)
     7    0.04                           net316 (net)
                  0.21    0.00    4.68 ^ fanout315/A (sky130_fd_sc_hd__clkbuf_4)
                  0.16    0.29    4.97 ^ fanout315/X (sky130_fd_sc_hd__clkbuf_4)
    10    0.05                           net315 (net)
                  0.16    0.00    4.97 ^ _85496_/RESET_B (sky130_fd_sc_hd__dfrtp_2)
                                  4.97   data arrival time

                         10.00   10.00   clock clk (rise edge)
                          0.00   10.00   clock source latency
                  0.80    0.54   10.54 ^ clk (in)
     2    0.18                           clk (net)
                  0.81    0.00   10.54 ^ clkbuf_0_clk/A (sky130_fd_sc_hd__clkbuf_16)
                  0.19    0.37   10.91 ^ clkbuf_0_clk/X (sky130_fd_sc_hd__clkbuf_16)
     8    0.17                           clknet_0_clk (net)
                  0.19    0.01   10.92 ^ clkbuf_2_2_0_clk/A (sky130_fd_sc_hd__clkbuf_8)
                  0.10    0.20   11.12 ^ clkbuf_2_2_0_clk/X (sky130_fd_sc_hd__clkbuf_8)
     2    0.05                           clknet_2_2_0_clk (net)
                  0.10    0.00   11.13 ^ clkbuf_3_5__f_clk/A (sky130_fd_sc_hd__clkbuf_16)
                  0.11    0.18   11.31 ^ clkbuf_3_5__f_clk/X (sky130_fd_sc_hd__clkbuf_16)
     8    0.09                           clknet_3_5__leaf_clk (net)
                  0.11    0.01   11.32 ^ clkbuf_leaf_26_clk/A (sky130_fd_sc_hd__clkbuf_16)
                  0.05    0.15   11.47 ^ clkbuf_leaf_26_clk/X (sky130_fd_sc_hd__clkbuf_16)
     7    0.02                           clknet_leaf_26_clk (net)
                  0.05    0.00   11.47 ^ _85496_/CLK (sky130_fd_sc_hd__dfrtp_2)
                         -0.25   11.22   clock uncertainty
                          0.00   11.22   clock reconvergence pessimism
                          0.18   11.40   library recovery time
                                 11.40   data required time
-----------------------------------------------------------------------------
                                 11.40   data required time
                                 -4.97   data arrival time
-----------------------------------------------------------------------------
                                  6.43   slack (MET)


Startpoint: _85200_ (rising edge-triggered flip-flop clocked by clk)
Endpoint: _85193_ (rising edge-triggered flip-flop clocked by clk)
Path Group: clk
Path Type: max
Corner: Typical

Fanout     Cap    Slew   Delay    Time   Description
-----------------------------------------------------------------------------
                          0.00    0.00   clock clk (rise edge)
                          0.00    0.00   clock source latency
                  0.80    0.59    0.59 ^ clk (in)
     2    0.18                           clk (net)
                  0.81    0.00    0.59 ^ clkbuf_0_clk/A (sky130_fd_sc_hd__clkbuf_16)
                  0.19    0.41    1.00 ^ clkbuf_0_clk/X (sky130_fd_sc_hd__clkbuf_16)
     8    0.17                           clknet_0_clk (net)
                  0.19    0.01    1.02 ^ clkbuf_2_0_0_clk/A (sky130_fd_sc_hd__clkbuf_8)
                  0.10    0.23    1.24 ^ clkbuf_2_0_0_clk/X (sky130_fd_sc_hd__clkbuf_8)
     2    0.05                           clknet_2_0_0_clk (net)
                  0.10    0.00    1.25 ^ clkbuf_3_1__f_clk/A (sky130_fd_sc_hd__clkbuf_16)
                  0.28    0.32    1.57 ^ clkbuf_3_1__f_clk/X (sky130_fd_sc_hd__clkbuf_16)
    17    0.27                           clknet_3_1__leaf_clk (net)
                  0.28    0.02    1.59 ^ clkbuf_leaf_93_clk/A (sky130_fd_sc_hd__clkbuf_16)
                  0.04    0.21    1.80 ^ clkbuf_leaf_93_clk/X (sky130_fd_sc_hd__clkbuf_16)
     5    0.02                           clknet_leaf_93_clk (net)
                  0.04    0.00    1.80 ^ _85200_/CLK (sky130_fd_sc_hd__dfrtp_1)
                  0.21    0.46    2.26 ^ _85200_/Q (sky130_fd_sc_hd__dfrtp_1)
     4    0.02                           stage8_inst.in1[2] (net)
                  0.21    0.00    2.26 ^ _42655_/A (sky130_fd_sc_hd__clkbuf_4)
                  0.14    0.27    2.53 ^ _42655_/X (sky130_fd_sc_hd__clkbuf_4)
    10    0.04                           _42267_ (net)
                  0.14    0.01    2.54 ^ _42656_/A (sky130_fd_sc_hd__clkbuf_4)
                  0.18    0.28    2.81 ^ _42656_/X (sky130_fd_sc_hd__clkbuf_4)
    10    0.06                           _42278_ (net)
                  0.18    0.00    2.82 ^ _42657_/A (sky130_fd_sc_hd__buf_4)
                  0.23    0.30    3.12 ^ _42657_/X (sky130_fd_sc_hd__buf_4)
    10    0.08                           _42289_ (net)
                  0.23    0.01    3.12 ^ _46216_/B (sky130_fd_sc_hd__nand2_1)
                  0.07    0.10    3.23 v _46216_/Y (sky130_fd_sc_hd__nand2_1)
     1    0.00                           _36982_ (net)
                  0.07    0.00    3.23 v _46218_/A (sky130_fd_sc_hd__xnor2_1)
                  0.41    0.40    3.63 ^ _46218_/Y (sky130_fd_sc_hd__xnor2_1)
     2    0.02                           _36984_ (net)
                  0.41    0.00    3.63 ^ _46220_/B (sky130_fd_sc_hd__xor2_2)
                  0.23    0.27    3.90 ^ _46220_/X (sky130_fd_sc_hd__xor2_2)
     2    0.02                           _36986_ (net)
                  0.23    0.00    3.90 ^ _46243_/A (sky130_fd_sc_hd__xor2_2)
                  0.22    0.25    4.16 ^ _46243_/X (sky130_fd_sc_hd__xor2_2)
     3    0.02                           _37009_ (net)
                  0.22    0.00    4.16 ^ _46244_/C (sky130_fd_sc_hd__nand3_2)
                  0.10    0.14    4.30 v _46244_/Y (sky130_fd_sc_hd__nand3_2)
     2    0.01                           _37010_ (net)
                  0.10    0.00    4.30 v _46246_/A2 (sky130_fd_sc_hd__a211o_4)
                  0.07    0.40    4.70 v _46246_/X (sky130_fd_sc_hd__a211o_4)
     5    0.02                           _37012_ (net)
                  0.07    0.00    4.70 v _46297_/A (sky130_fd_sc_hd__and3_1)
                  0.07    0.20    4.90 v _46297_/X (sky130_fd_sc_hd__and3_1)
     2    0.01                           _37063_ (net)
                  0.07    0.00    4.90 v _46299_/A1 (sky130_fd_sc_hd__o211a_1)
                  0.07    0.28    5.18 v _46299_/X (sky130_fd_sc_hd__o211a_1)
     2    0.01                           _37065_ (net)
                  0.07    0.00    5.18 v _46360_/A2 (sky130_fd_sc_hd__o21a_1)
                  0.06    0.21    5.39 v _46360_/X (sky130_fd_sc_hd__o21a_1)
     2    0.01                           _37126_ (net)
                  0.06    0.00    5.40 v _46361_/B1 (sky130_fd_sc_hd__a211oi_2)
                  0.23    0.27    5.67 ^ _46361_/Y (sky130_fd_sc_hd__a211oi_2)
     3    0.01                           _37127_ (net)
                  0.23    0.00    5.67 ^ _46398_/A_N (sky130_fd_sc_hd__and4bb_4)
                  0.10    0.31    5.98 v _46398_/X (sky130_fd_sc_hd__and4bb_4)
     4    0.06                           _37164_ (net)
                  0.10    0.00    5.99 v _46437_/A (sky130_fd_sc_hd__or3_4)
                  0.16    0.54    6.53 v _46437_/X (sky130_fd_sc_hd__or3_4)
     4    0.07                           _37203_ (net)
                  0.16    0.02    6.55 v _46472_/A1 (sky130_fd_sc_hd__a21bo_4)
                  0.05    0.29    6.84 v _46472_/X (sky130_fd_sc_hd__a21bo_4)
     3    0.02                           _37238_ (net)
                  0.05    0.00    6.84 v _46527_/A1 (sky130_fd_sc_hd__a21bo_4)
                  0.06    0.25    7.08 v _46527_/X (sky130_fd_sc_hd__a21bo_4)
     2    0.02                           _37293_ (net)
                  0.06    0.00    7.08 v _46529_/A2 (sky130_fd_sc_hd__a21o_4)
                  0.05    0.25    7.34 v _46529_/X (sky130_fd_sc_hd__a21o_4)
     2    0.02                           _37295_ (net)
                  0.05    0.00    7.34 v _46531_/A2 (sky130_fd_sc_hd__a21bo_4)
                  0.07    0.26    7.60 v _46531_/X (sky130_fd_sc_hd__a21bo_4)
     3    0.03                           _37297_ (net)
                  0.07    0.00    7.60 v _46538_/A1 (sky130_fd_sc_hd__a211o_4)
                  0.09    0.40    8.00 v _46538_/X (sky130_fd_sc_hd__a211o_4)
     5    0.04                           _37304_ (net)
                  0.09    0.00    8.01 v _46554_/A2 (sky130_fd_sc_hd__a32oi_4)
                  0.26    0.32    8.33 ^ _46554_/Y (sky130_fd_sc_hd__a32oi_4)
     1    0.02                           _37320_ (net)
                  0.26    0.00    8.33 ^ wire198/A (sky130_fd_sc_hd__buf_6)
                  0.15    0.23    8.56 ^ wire198/X (sky130_fd_sc_hd__buf_6)
     3    0.07                           net198 (net)
                  0.16    0.02    8.58 ^ _47455_/A2 (sky130_fd_sc_hd__a21oi_4)
                  0.11    0.09    8.67 v _47455_/Y (sky130_fd_sc_hd__a21oi_4)
     3    0.01                           _38221_ (net)
                  0.11    0.00    8.67 v _47456_/C (sky130_fd_sc_hd__or3_4)
                  0.06    0.36    9.03 v _47456_/X (sky130_fd_sc_hd__or3_4)
     1    0.00                           _38222_ (net)
                  0.06    0.00    9.03 v _47458_/A (sky130_fd_sc_hd__and2_4)
                  0.08    0.20    9.23 v _47458_/X (sky130_fd_sc_hd__and2_4)
     1    0.05                           _38224_ (net)
                  0.09    0.01    9.24 v _47459_/A (sky130_fd_sc_hd__buf_8)
                  0.05    0.16    9.41 v _47459_/X (sky130_fd_sc_hd__buf_8)
     5    0.04                           _38225_ (net)
                  0.05    0.00    9.41 v _47631_/A (sky130_fd_sc_hd__and3_1)
                  0.08    0.20    9.61 v _47631_/X (sky130_fd_sc_hd__and3_1)
     4    0.01                           _38397_ (net)
                  0.08    0.00    9.61 v _47673_/C (sky130_fd_sc_hd__or4_4)
                  0.10    0.53   10.14 v _47673_/X (sky130_fd_sc_hd__or4_4)
     3    0.01                           _38439_ (net)
                  0.10    0.00   10.14 v _47898_/A (sky130_fd_sc_hd__and3_1)
                  0.10    0.23   10.38 v _47898_/X (sky130_fd_sc_hd__and3_1)
     3    0.02                           _38664_ (net)
                  0.10    0.00   10.38 v _47902_/A (sky130_fd_sc_hd__or3b_4)
                  0.08    0.45   10.83 v _47902_/X (sky130_fd_sc_hd__or3b_4)
     4    0.01                           _38668_ (net)
                  0.08    0.00   10.83 v _47940_/A1 (sky130_fd_sc_hd__a21o_1)
                  0.05    0.19   11.02 v _47940_/X (sky130_fd_sc_hd__a21o_1)
     2    0.01                           _38706_ (net)
                  0.05    0.00   11.02 v _47944_/B (sky130_fd_sc_hd__and3_1)
                  0.08    0.22   11.24 v _47944_/X (sky130_fd_sc_hd__and3_1)
     3    0.01                           _38710_ (net)
                  0.08    0.00   11.24 v _48021_/A (sky130_fd_sc_hd__or3_4)
                  0.08    0.45   11.68 v _48021_/X (sky130_fd_sc_hd__or3_4)
     3    0.02                           _38787_ (net)
                  0.08    0.00   11.68 v _48134_/A1 (sky130_fd_sc_hd__a21o_1)
                  0.06    0.20   11.89 v _48134_/X (sky130_fd_sc_hd__a21o_1)
     2    0.01                           _38900_ (net)
                  0.06    0.00   11.89 v _48136_/A2 (sky130_fd_sc_hd__a21o_1)
                  0.06    0.22   12.11 v _48136_/X (sky130_fd_sc_hd__a21o_1)
     2    0.01                           _38902_ (net)
                  0.06    0.00   12.11 v _48435_/A2 (sky130_fd_sc_hd__a21o_1)
                  0.06    0.22   12.33 v _48435_/X (sky130_fd_sc_hd__a21o_1)
     2    0.01                           _39201_ (net)
                  0.06    0.00   12.33 v _48443_/A2 (sky130_fd_sc_hd__a21o_1)
                  0.07    0.23   12.56 v _48443_/X (sky130_fd_sc_hd__a21o_1)
     2    0.01                           _39209_ (net)
                  0.07    0.00   12.56 v _48457_/A2 (sky130_fd_sc_hd__a21o_1)
                  0.05    0.21   12.78 v _48457_/X (sky130_fd_sc_hd__a21o_1)
     2    0.01                           _39223_ (net)
                  0.05    0.00   12.78 v _48459_/A2 (sky130_fd_sc_hd__a21o_1)
                  0.05    0.20   12.97 v _48459_/X (sky130_fd_sc_hd__a21o_1)
     2    0.01                           _39225_ (net)
                  0.05    0.00   12.97 v _48470_/A2 (sky130_fd_sc_hd__a21o_1)
                  0.06    0.21   13.18 v _48470_/X (sky130_fd_sc_hd__a21o_1)
     2    0.01                           _39236_ (net)
                  0.06    0.00   13.18 v _48475_/A2 (sky130_fd_sc_hd__a21oi_2)
                  0.29    0.29   13.48 ^ _48475_/Y (sky130_fd_sc_hd__a21oi_2)
     3    0.02                           _39241_ (net)
                  0.29    0.00   13.48 ^ _48476_/C (sky130_fd_sc_hd__or3_4)
                  0.11    0.26   13.73 ^ _48476_/X (sky130_fd_sc_hd__or3_4)
     5    0.03                           _39242_ (net)
                  0.11    0.00   13.74 ^ _48478_/A (sky130_fd_sc_hd__nand2_4)
                  0.06    0.08   13.82 v _48478_/Y (sky130_fd_sc_hd__nand2_4)
     4    0.02                           _39244_ (net)
                  0.06    0.00   13.82 v _48739_/B1 (sky130_fd_sc_hd__a2111o_1)
                  0.12    0.48   14.31 v _48739_/X (sky130_fd_sc_hd__a2111o_1)
     3    0.02                           _39505_ (net)
                  0.12    0.00   14.31 v _48775_/A2 (sky130_fd_sc_hd__a21o_1)
                  0.07    0.25   14.56 v _48775_/X (sky130_fd_sc_hd__a21o_1)
     3    0.01                           _39541_ (net)
                  0.07    0.00   14.56 v _48776_/C (sky130_fd_sc_hd__and3_1)
                  0.09    0.25   14.81 v _48776_/X (sky130_fd_sc_hd__and3_1)
     3    0.02                           _39542_ (net)
                  0.09    0.00   14.81 v _48778_/A (sky130_fd_sc_hd__or3b_4)
                  0.11    0.49   15.30 v _48778_/X (sky130_fd_sc_hd__or3b_4)
     3    0.03                           _39544_ (net)
                  0.11    0.01   15.31 v _48785_/A (sky130_fd_sc_hd__and3_1)
                  0.06    0.21   15.51 v _48785_/X (sky130_fd_sc_hd__and3_1)
     2    0.01                           _39551_ (net)
                  0.06    0.00   15.51 v _48787_/A (sky130_fd_sc_hd__nor2b_1)
                  0.12    0.14   15.66 ^ _48787_/Y (sky130_fd_sc_hd__nor2b_1)
     1    0.00                           _39553_ (net)
                  0.12    0.00   15.66 ^ _48788_/B (sky130_fd_sc_hd__xor2_1)
                  0.20    0.23   15.89 ^ _48788_/X (sky130_fd_sc_hd__xor2_1)
     2    0.01                           _39554_ (net)
                  0.20    0.00   15.89 ^ _48789_/B (sky130_fd_sc_hd__xor2_1)
                  0.22    0.26   16.14 ^ _48789_/X (sky130_fd_sc_hd__xor2_1)
     2    0.01                           _39555_ (net)
                  0.22    0.00   16.15 ^ _48790_/B (sky130_fd_sc_hd__xnor2_1)
                  0.23    0.20   16.34 ^ _48790_/Y (sky130_fd_sc_hd__xnor2_1)
     2    0.01                           _39556_ (net)
                  0.23    0.00   16.35 ^ _49177_/A_N (sky130_fd_sc_hd__and2b_1)
                  0.04    0.22   16.57 v _49177_/X (sky130_fd_sc_hd__and2b_1)
     1    0.00                           _39943_ (net)
                  0.04    0.00   16.57 v _49178_/B1 (sky130_fd_sc_hd__a21oi_1)
                  0.20    0.19   16.76 ^ _49178_/Y (sky130_fd_sc_hd__a21oi_1)
     2    0.01                           _39944_ (net)
                  0.20    0.00   16.76 ^ _49179_/B (sky130_fd_sc_hd__or2_1)
                  0.13    0.20   16.96 ^ _49179_/X (sky130_fd_sc_hd__or2_1)
     3    0.01                           _39945_ (net)
                  0.13    0.00   16.96 ^ _49181_/A (sky130_fd_sc_hd__and2_2)
                  0.19    0.29   17.26 ^ _49181_/X (sky130_fd_sc_hd__and2_2)
     4    0.04                           _39947_ (net)
                  0.19    0.00   17.26 ^ _49182_/D (sky130_fd_sc_hd__and4_1)
                  0.12    0.28   17.54 ^ _49182_/X (sky130_fd_sc_hd__and4_1)
     1    0.01                           _39948_ (net)
                  0.12    0.00   17.54 ^ _49188_/A2 (sky130_fd_sc_hd__a211oi_4)
                  0.09    0.11   17.65 v _49188_/Y (sky130_fd_sc_hd__a211oi_4)
     3    0.02                           _39954_ (net)
                  0.09    0.00   17.65 v _52436_/B (sky130_fd_sc_hd__or4_4)
                  0.12    0.61   18.26 v _52436_/X (sky130_fd_sc_hd__or4_4)
     3    0.03                           _01212_ (net)
                  0.12    0.00   18.27 v _52446_/A2 (sky130_fd_sc_hd__o211a_4)
                  0.10    0.33   18.60 v _52446_/X (sky130_fd_sc_hd__o211a_4)
     4    0.05                           _01223_ (net)
                  0.10    0.01   18.61 v _52451_/A (sky130_fd_sc_hd__or4_4)
                  0.11    0.62   19.23 v _52451_/X (sky130_fd_sc_hd__or4_4)
     2    0.02                           _01228_ (net)
                  0.11    0.00   19.23 v _52457_/A2 (sky130_fd_sc_hd__a21oi_4)
                  0.22    0.27   19.50 ^ _52457_/Y (sky130_fd_sc_hd__a21oi_4)
     4    0.03                           _01235_ (net)
                  0.22    0.00   19.51 ^ _52648_/A2 (sky130_fd_sc_hd__a21boi_4)
                  0.08    0.12   19.63 v _52648_/Y (sky130_fd_sc_hd__a21boi_4)
     2    0.02                           _01445_ (net)
                  0.08    0.00   19.63 v _52654_/A2 (sky130_fd_sc_hd__o21ba_4)
                  0.05    0.23   19.86 v _52654_/X (sky130_fd_sc_hd__o21ba_4)
     1    0.01                           _01452_ (net)
                  0.05    0.00   19.86 v _52655_/B (sky130_fd_sc_hd__xor2_4)
                  0.35    0.33   20.20 ^ _52655_/X (sky130_fd_sc_hd__xor2_4)
     3    0.05                           _01453_ (net)
                  0.35    0.01   20.21 ^ _52658_/A (sky130_fd_sc_hd__xor2_2)
                  0.17    0.23   20.44 ^ _52658_/X (sky130_fd_sc_hd__xor2_2)
     3    0.01                           _01456_ (net)
                  0.17    0.00   20.44 ^ _52664_/A (sky130_fd_sc_hd__nand2_1)
                  0.07    0.10   20.54 v _52664_/Y (sky130_fd_sc_hd__nand2_1)
     1    0.01                           _01463_ (net)
                  0.07    0.00   20.54 v _52665_/B1 (sky130_fd_sc_hd__o2bb2a_1)
                  0.10    0.38   20.92 v _52665_/X (sky130_fd_sc_hd__o2bb2a_1)
     3    0.01                           _01464_ (net)
                  0.10    0.00   20.92 v _52692_/A2 (sky130_fd_sc_hd__a2111o_4)
                  0.10    0.59   21.50 v _52692_/X (sky130_fd_sc_hd__a2111o_4)
     5    0.03                           _01493_ (net)
                  0.10    0.00   21.51 v _52704_/A1 (sky130_fd_sc_hd__a211o_4)
                  0.12    0.45   21.95 v _52704_/X (sky130_fd_sc_hd__a211o_4)
     4    0.06                           _01507_ (net)
                  0.12    0.01   21.97 v _52862_/A2 (sky130_fd_sc_hd__a2111oi_4)
                  0.27    0.40   22.37 ^ _52862_/Y (sky130_fd_sc_hd__a2111oi_4)
     1    0.01                           _01679_ (net)
                  0.27    0.00   22.37 ^ wire3/A (sky130_fd_sc_hd__clkbuf_1)
                  0.08    0.16   22.53 ^ wire3/X (sky130_fd_sc_hd__clkbuf_1)
     2    0.01                           net422 (net)
                  0.08    0.00   22.53 ^ max_cap2/A (sky130_fd_sc_hd__clkbuf_1)
                  0.08    0.12   22.65 ^ max_cap2/X (sky130_fd_sc_hd__clkbuf_1)
     1    0.01                           net421 (net)
                  0.08    0.00   22.65 ^ max_cap122/A (sky130_fd_sc_hd__buf_6)
                  0.05    0.12   22.77 ^ max_cap122/X (sky130_fd_sc_hd__buf_6)
     4    0.02                           net122 (net)
                  0.05    0.00   22.78 ^ _52915_/A (sky130_fd_sc_hd__and2_4)
                  0.05    0.15   22.92 ^ _52915_/X (sky130_fd_sc_hd__and2_4)
     2    0.01                           _01738_ (net)
                  0.05    0.00   22.92 ^ _52919_/A1_N (sky130_fd_sc_hd__a2bb2o_4)
                  0.05    0.24   23.16 v _52919_/X (sky130_fd_sc_hd__a2bb2o_4)
     2    0.01                           _01742_ (net)
                  0.05    0.00   23.16 v _52932_/B (sky130_fd_sc_hd__nor4_4)
                  0.55    0.55   23.71 ^ _52932_/Y (sky130_fd_sc_hd__nor4_4)
     2    0.04                           _01756_ (net)
                  0.55    0.01   23.72 ^ wire119/A (sky130_fd_sc_hd__buf_6)
                  0.06    0.20   23.92 ^ wire119/X (sky130_fd_sc_hd__buf_6)
     4    0.02                           net119 (net)
                  0.06    0.00   23.92 ^ rebuffer3/A (sky130_fd_sc_hd__buf_6)
                  0.03    0.10   24.02 ^ rebuffer3/X (sky130_fd_sc_hd__buf_6)
     1    0.01                           net331 (net)
                  0.03    0.00   24.02 ^ _53130_/A1 (sky130_fd_sc_hd__a21oi_4)
                  0.08    0.05   24.08 v _53130_/Y (sky130_fd_sc_hd__a21oi_4)
     2    0.01                           _01973_ (net)
                  0.08    0.00   24.08 v _53131_/B1 (sky130_fd_sc_hd__a21oi_4)
                  0.31    0.29   24.37 ^ _53131_/Y (sky130_fd_sc_hd__a21oi_4)
     4    0.04                           _01974_ (net)
                  0.31    0.01   24.38 ^ rebuffer33/A (sky130_fd_sc_hd__buf_6)
                  0.04    0.16   24.54 ^ rebuffer33/X (sky130_fd_sc_hd__buf_6)
     1    0.01                           net361 (net)
                  0.04    0.00   24.54 ^ _53132_/B (sky130_fd_sc_hd__xor2_2)
                  0.20    0.20   24.74 ^ _53132_/X (sky130_fd_sc_hd__xor2_2)
     4    0.01                           _01975_ (net)
                  0.20    0.00   24.74 ^ rebuffer83/A (sky130_fd_sc_hd__clkbuf_1)
                  0.07    0.14   24.88 ^ rebuffer83/X (sky130_fd_sc_hd__clkbuf_1)
     1    0.01                           net411 (net)
                  0.07    0.00   24.88 ^ _53134_/A2 (sky130_fd_sc_hd__o21ai_2)
                  0.05    0.07   24.95 v _53134_/Y (sky130_fd_sc_hd__o21ai_2)
     2    0.01                           _01978_ (net)
                  0.05    0.00   24.95 v _53138_/A1 (sky130_fd_sc_hd__a21o_1)
                  0.05    0.18   25.14 v _53138_/X (sky130_fd_sc_hd__a21o_1)
     2    0.01                           _01982_ (net)
                  0.05    0.00   25.14 v _53140_/A2 (sky130_fd_sc_hd__a21o_1)
                  0.06    0.21   25.34 v _53140_/X (sky130_fd_sc_hd__a21o_1)
     2    0.01                           _01984_ (net)
                  0.06    0.00   25.35 v _53148_/A2 (sky130_fd_sc_hd__a31o_1)
                  0.06    0.25   25.59 v _53148_/X (sky130_fd_sc_hd__a31o_1)
     2    0.01                           _01993_ (net)
                  0.06    0.00   25.59 v _53150_/A2 (sky130_fd_sc_hd__a21oi_2)
                  0.15    0.19   25.79 ^ _53150_/Y (sky130_fd_sc_hd__a21oi_2)
     2    0.01                           _01995_ (net)
                  0.15    0.00   25.79 ^ _53152_/A2 (sky130_fd_sc_hd__o21ai_2)
                  0.10    0.13   25.91 v _53152_/Y (sky130_fd_sc_hd__o21ai_2)
     3    0.02                           _01997_ (net)
                  0.10    0.00   25.92 v _53159_/B2 (sky130_fd_sc_hd__a221o_1)
                  0.10    0.42   26.33 v _53159_/X (sky130_fd_sc_hd__a221o_1)
     3    0.01                           _02005_ (net)
                  0.10    0.00   26.33 v _53194_/A1 (sky130_fd_sc_hd__a221o_2)
                  0.09    0.44   26.78 v _53194_/X (sky130_fd_sc_hd__a221o_2)
     3    0.02                           _02044_ (net)
                  0.09    0.00   26.78 v _53203_/B2 (sky130_fd_sc_hd__a221o_2)
                  0.08    0.44   27.21 v _53203_/X (sky130_fd_sc_hd__a221o_2)
     3    0.01                           _02054_ (net)
                  0.08    0.00   27.22 v _53242_/A1 (sky130_fd_sc_hd__a41o_4)
                  0.07    0.27   27.48 v _53242_/X (sky130_fd_sc_hd__a41o_4)
     4    0.03                           _02096_ (net)
                  0.07    0.00   27.49 v _53249_/B2 (sky130_fd_sc_hd__a221o_1)
                  0.10    0.40   27.89 v _53249_/X (sky130_fd_sc_hd__a221o_1)
     2    0.01                           _02104_ (net)
                  0.10    0.00   27.89 v _53333_/A (sky130_fd_sc_hd__xnor2_2)
                  0.11    0.21   28.10 v _53333_/Y (sky130_fd_sc_hd__xnor2_2)
     4    0.02                           _02197_ (net)
                  0.11    0.00   28.10 v _53337_/B1 (sky130_fd_sc_hd__a2111o_1)
                  0.06    0.42   28.52 v _53337_/X (sky130_fd_sc_hd__a2111o_1)
     1    0.00                           _02201_ (net)
                  0.06    0.00   28.52 v _53338_/B1 (sky130_fd_sc_hd__a41o_1)
                  0.04    0.21   28.74 v _53338_/X (sky130_fd_sc_hd__a41o_1)
     1    0.00                           _02202_ (net)
                  0.04    0.00   28.74 v _53339_/B (sky130_fd_sc_hd__nor2_1)
                  0.12    0.12   28.86 ^ _53339_/Y (sky130_fd_sc_hd__nor2_1)
     1    0.01                           _02203_ (net)
                  0.12    0.00   28.86 ^ _53340_/D (sky130_fd_sc_hd__and4_1)
                  0.08    0.24   29.09 ^ _53340_/X (sky130_fd_sc_hd__and4_1)
     1    0.01                           _02204_ (net)
                  0.08    0.00   29.09 ^ _53341_/A (sky130_fd_sc_hd__nand2_2)
                  0.09    0.09   29.19 v _53341_/Y (sky130_fd_sc_hd__nand2_2)
     3    0.02                           _02205_ (net)
                  0.09    0.00   29.19 v _53342_/A (sky130_fd_sc_hd__buf_6)
                  0.07    0.18   29.37 v _53342_/X (sky130_fd_sc_hd__buf_6)
     6    0.06                           _02206_ (net)
                  0.07    0.00   29.37 v split49/A (sky130_fd_sc_hd__buf_8)
                  0.05    0.16   29.53 v split49/X (sky130_fd_sc_hd__buf_8)
     5    0.05                           net377 (net)
                  0.05    0.00   29.54 v _53521_/B (sky130_fd_sc_hd__and3_1)
                  0.07    0.21   29.74 v _53521_/X (sky130_fd_sc_hd__and3_1)
     3    0.01                           _02376_ (net)
                  0.07    0.00   29.74 v _53528_/A2 (sky130_fd_sc_hd__o21ai_1)
                  0.14    0.16   29.91 ^ _53528_/Y (sky130_fd_sc_hd__o21ai_1)
     1    0.01                           _02383_ (net)
                  0.14    0.00   29.91 ^ _53529_/B1 (sky130_fd_sc_hd__a21o_1)
                  0.06    0.12   30.03 ^ _53529_/X (sky130_fd_sc_hd__a21o_1)
     1    0.01                           _02384_ (net)
                  0.06    0.00   30.03 ^ _53530_/A (sky130_fd_sc_hd__nand2_1)
                  0.06    0.06   30.09 v _53530_/Y (sky130_fd_sc_hd__nand2_1)
     1    0.00                           _02385_ (net)
                  0.06    0.00   30.09 v _53531_/A0 (sky130_fd_sc_hd__mux2_4)
                  0.05    0.28   30.37 v _53531_/X (sky130_fd_sc_hd__mux2_4)
     1    0.00                           _02386_ (net)
                  0.05    0.00   30.37 v _53532_/A (sky130_fd_sc_hd__clkbuf_1)
                  0.04    0.10   30.47 v _53532_/X (sky130_fd_sc_hd__clkbuf_1)
     1    0.00                           _00030_ (net)
                  0.04    0.00   30.47 v _85193_/D (sky130_fd_sc_hd__dfrtp_4)
                                 30.47   data arrival time

                         10.00   10.00   clock clk (rise edge)
                          0.00   10.00   clock source latency
                  0.80    0.54   10.54 ^ clk (in)
     2    0.18                           clk (net)
                  0.81    0.00   10.54 ^ clkbuf_0_clk/A (sky130_fd_sc_hd__clkbuf_16)
                  0.19    0.37   10.91 ^ clkbuf_0_clk/X (sky130_fd_sc_hd__clkbuf_16)
     8    0.17                           clknet_0_clk (net)
                  0.19    0.01   10.92 ^ clkbuf_2_2_0_clk/A (sky130_fd_sc_hd__clkbuf_8)
                  0.10    0.20   11.12 ^ clkbuf_2_2_0_clk/X (sky130_fd_sc_hd__clkbuf_8)
     2    0.05                           clknet_2_2_0_clk (net)
                  0.10    0.00   11.13 ^ clkbuf_3_4__f_clk/A (sky130_fd_sc_hd__clkbuf_16)
                  0.17    0.23   11.36 ^ clkbuf_3_4__f_clk/X (sky130_fd_sc_hd__clkbuf_16)
    11    0.16                           clknet_3_4__leaf_clk (net)
                  0.17    0.01   11.37 ^ _85193_/CLK (sky130_fd_sc_hd__dfrtp_4)
                         -0.25   11.12   clock uncertainty
                          0.10   11.21   clock reconvergence pessimism
                         -0.08   11.13   library setup time
                                 11.13   data required time
-----------------------------------------------------------------------------
                                 11.13   data required time
                                -30.47   data arrival time
-----------------------------------------------------------------------------
                                -19.34   slack (VIOLATED)




===========================================================================
report_checks --slack_max -0.01
============================================================================
======================= Fastest Corner ===================================

Startpoint: _85200_ (rising edge-triggered flip-flop clocked by clk)
Endpoint: _85229_ (rising edge-triggered flip-flop clocked by clk)
Path Group: clk
Path Type: max
Corner: Fastest

Fanout     Cap    Slew   Delay    Time   Description
-----------------------------------------------------------------------------
                          0.00    0.00   clock clk (rise edge)
                          0.00    0.00   clock source latency
                  0.60    0.45    0.45 ^ clk (in)
     2    0.18                           clk (net)
                  0.61    0.00    0.45 ^ clkbuf_0_clk/A (sky130_fd_sc_hd__clkbuf_16)
                  0.15    0.23    0.68 ^ clkbuf_0_clk/X (sky130_fd_sc_hd__clkbuf_16)
     8    0.17                           clknet_0_clk (net)
                  0.15    0.01    0.70 ^ clkbuf_2_0_0_clk/A (sky130_fd_sc_hd__clkbuf_8)
                  0.08    0.15    0.85 ^ clkbuf_2_0_0_clk/X (sky130_fd_sc_hd__clkbuf_8)
     2    0.05                           clknet_2_0_0_clk (net)
                  0.08    0.00    0.85 ^ clkbuf_3_1__f_clk/A (sky130_fd_sc_hd__clkbuf_16)
                  0.22    0.23    1.08 ^ clkbuf_3_1__f_clk/X (sky130_fd_sc_hd__clkbuf_16)
    17    0.27                           clknet_3_1__leaf_clk (net)
                  0.22    0.02    1.10 ^ clkbuf_leaf_93_clk/A (sky130_fd_sc_hd__clkbuf_16)
                  0.03    0.13    1.22 ^ clkbuf_leaf_93_clk/X (sky130_fd_sc_hd__clkbuf_16)
     5    0.02                           clknet_leaf_93_clk (net)
                  0.03    0.00    1.23 ^ _85200_/CLK (sky130_fd_sc_hd__dfrtp_1)
                  0.16    0.31    1.53 ^ _85200_/Q (sky130_fd_sc_hd__dfrtp_1)
     4    0.02                           stage8_inst.in1[2] (net)
                  0.16    0.00    1.53 ^ _42655_/A (sky130_fd_sc_hd__clkbuf_4)
                  0.10    0.18    1.71 ^ _42655_/X (sky130_fd_sc_hd__clkbuf_4)
    10    0.04                           _42267_ (net)
                  0.10    0.01    1.72 ^ _42656_/A (sky130_fd_sc_hd__clkbuf_4)
                  0.13    0.19    1.91 ^ _42656_/X (sky130_fd_sc_hd__clkbuf_4)
    10    0.06                           _42278_ (net)
                  0.14    0.00    1.91 ^ _42657_/A (sky130_fd_sc_hd__buf_4)
                  0.17    0.20    2.11 ^ _42657_/X (sky130_fd_sc_hd__buf_4)
    10    0.08                           _42289_ (net)
                  0.17    0.01    2.12 ^ _46216_/B (sky130_fd_sc_hd__nand2_1)
                  0.05    0.05    2.17 v _46216_/Y (sky130_fd_sc_hd__nand2_1)
     1    0.00                           _36982_ (net)
                  0.05    0.00    2.17 v _46218_/A (sky130_fd_sc_hd__xnor2_1)
                  0.29    0.27    2.44 ^ _46218_/Y (sky130_fd_sc_hd__xnor2_1)
     2    0.02                           _36984_ (net)
                  0.29    0.00    2.44 ^ _46220_/B (sky130_fd_sc_hd__xor2_2)
                  0.17    0.16    2.60 ^ _46220_/X (sky130_fd_sc_hd__xor2_2)
     2    0.02                           _36986_ (net)
                  0.17    0.00    2.60 ^ _46243_/A (sky130_fd_sc_hd__xor2_2)
                  0.17    0.16    2.76 ^ _46243_/X (sky130_fd_sc_hd__xor2_2)
     3    0.02                           _37009_ (net)
                  0.17    0.00    2.76 ^ _46244_/C (sky130_fd_sc_hd__nand3_2)
                  0.07    0.08    2.84 v _46244_/Y (sky130_fd_sc_hd__nand3_2)
     2    0.01                           _37010_ (net)
                  0.07    0.00    2.84 v _46246_/A2 (sky130_fd_sc_hd__a211o_4)
                  0.05    0.25    3.09 v _46246_/X (sky130_fd_sc_hd__a211o_4)
     5    0.02                           _37012_ (net)
                  0.05    0.00    3.09 v _46297_/A (sky130_fd_sc_hd__and3_1)
                  0.05    0.13    3.22 v _46297_/X (sky130_fd_sc_hd__and3_1)
     2    0.01                           _37063_ (net)
                  0.05    0.00    3.22 v _46299_/A1 (sky130_fd_sc_hd__o211a_1)
                  0.05    0.18    3.40 v _46299_/X (sky130_fd_sc_hd__o211a_1)
     2    0.01                           _37065_ (net)
                  0.05    0.00    3.40 v _46300_/C (sky130_fd_sc_hd__nor3_2)
                  0.18    0.16    3.55 ^ _46300_/Y (sky130_fd_sc_hd__nor3_2)
     3    0.01                           _37066_ (net)
                  0.18    0.00    3.55 ^ _46362_/A1 (sky130_fd_sc_hd__o211a_1)
                  0.06    0.14    3.69 ^ _46362_/X (sky130_fd_sc_hd__o211a_1)
     2    0.01                           _37128_ (net)
                  0.06    0.00    3.69 ^ _46398_/B_N (sky130_fd_sc_hd__and4bb_4)
                  0.08    0.21    3.90 v _46398_/X (sky130_fd_sc_hd__and4bb_4)
     4    0.06                           _37164_ (net)
                  0.08    0.00    3.90 v _46437_/A (sky130_fd_sc_hd__or3_4)
                  0.11    0.34    4.24 v _46437_/X (sky130_fd_sc_hd__or3_4)
     4    0.07                           _37203_ (net)
                  0.12    0.02    4.26 v _46472_/A1 (sky130_fd_sc_hd__a21bo_4)
                  0.04    0.19    4.45 v _46472_/X (sky130_fd_sc_hd__a21bo_4)
     3    0.02                           _37238_ (net)
                  0.04    0.00    4.45 v _46527_/A1 (sky130_fd_sc_hd__a21bo_4)
                  0.04    0.16    4.61 v _46527_/X (sky130_fd_sc_hd__a21bo_4)
     2    0.02                           _37293_ (net)
                  0.04    0.00    4.61 v _46529_/A2 (sky130_fd_sc_hd__a21o_4)
                  0.04    0.16    4.77 v _46529_/X (sky130_fd_sc_hd__a21o_4)
     2    0.02                           _37295_ (net)
                  0.04    0.00    4.78 v _46531_/A2 (sky130_fd_sc_hd__a21bo_4)
                  0.05    0.17    4.95 v _46531_/X (sky130_fd_sc_hd__a21bo_4)
     3    0.03                           _37297_ (net)
                  0.05    0.00    4.95 v _46538_/A1 (sky130_fd_sc_hd__a211o_4)
                  0.07    0.26    5.21 v _46538_/X (sky130_fd_sc_hd__a211o_4)
     5    0.04                           _37304_ (net)
                  0.07    0.00    5.21 v _46554_/A2 (sky130_fd_sc_hd__a32oi_4)
                  0.15    0.17    5.38 ^ _46554_/Y (sky130_fd_sc_hd__a32oi_4)
     1    0.02                           _37320_ (net)
                  0.15    0.00    5.38 ^ wire198/A (sky130_fd_sc_hd__buf_6)
                  0.12    0.14    5.52 ^ wire198/X (sky130_fd_sc_hd__buf_6)
     3    0.08                           net198 (net)
                  0.12    0.02    5.55 ^ _46558_/A2 (sky130_fd_sc_hd__a2111o_1)
                  0.10    0.16    5.70 ^ _46558_/X (sky130_fd_sc_hd__a2111o_1)
     2    0.01                           _37324_ (net)
                  0.10    0.00    5.71 ^ _46560_/A2 (sky130_fd_sc_hd__a21boi_2)
                  0.06    0.07    5.78 v _46560_/Y (sky130_fd_sc_hd__a21boi_2)
     2    0.02                           _37326_ (net)
                  0.06    0.00    5.78 v _46562_/A2 (sky130_fd_sc_hd__o211a_4)
                  0.05    0.19    5.97 v _46562_/X (sky130_fd_sc_hd__o211a_4)
     4    0.03                           _37328_ (net)
                  0.05    0.00    5.97 v _47559_/B (sky130_fd_sc_hd__or3_4)
                  0.11    0.32    6.29 v _47559_/X (sky130_fd_sc_hd__or3_4)
     3    0.07                           _38325_ (net)
                  0.12    0.03    6.32 v _47703_/B (sky130_fd_sc_hd__and2_1)
                  0.03    0.15    6.46 v _47703_/X (sky130_fd_sc_hd__and2_1)
     1    0.01                           _38469_ (net)
                  0.03    0.00    6.46 v _47704_/A (sky130_fd_sc_hd__buf_6)
                  0.05    0.11    6.57 v _47704_/X (sky130_fd_sc_hd__buf_6)
     9    0.06                           _38470_ (net)
                  0.05    0.00    6.58 v _47755_/A (sky130_fd_sc_hd__xnor2_2)
                  0.21    0.21    6.79 ^ _47755_/Y (sky130_fd_sc_hd__xnor2_2)
     2    0.02                           _38521_ (net)
                  0.21    0.00    6.79 ^ _47759_/A (sky130_fd_sc_hd__xnor2_1)
                  0.07    0.08    6.87 v _47759_/Y (sky130_fd_sc_hd__xnor2_1)
     2    0.01                           _38525_ (net)
                  0.07    0.00    6.87 v _47760_/C (sky130_fd_sc_hd__or3_2)
                  0.08    0.30    7.17 v _47760_/X (sky130_fd_sc_hd__or3_2)
     3    0.02                           _38526_ (net)
                  0.08    0.00    7.17 v _47786_/A (sky130_fd_sc_hd__and3_1)
                  0.04    0.13    7.30 v _47786_/X (sky130_fd_sc_hd__and3_1)
     3    0.01                           _38552_ (net)
                  0.04    0.00    7.30 v _47790_/A (sky130_fd_sc_hd__or3b_1)
                  0.07    0.26    7.56 v _47790_/X (sky130_fd_sc_hd__or3b_1)
     3    0.01                           _38556_ (net)
                  0.07    0.00    7.56 v _47825_/A1 (sky130_fd_sc_hd__a21o_1)
                  0.04    0.13    7.69 v _47825_/X (sky130_fd_sc_hd__a21o_1)
     2    0.01                           _38591_ (net)
                  0.04    0.00    7.69 v _47910_/A2 (sky130_fd_sc_hd__a21o_1)
                  0.04    0.13    7.82 v _47910_/X (sky130_fd_sc_hd__a21o_1)
     2    0.01                           _38676_ (net)
                  0.04    0.00    7.82 v _47913_/A2 (sky130_fd_sc_hd__a21o_1)
                  0.04    0.13    7.95 v _47913_/X (sky130_fd_sc_hd__a21o_1)
     2    0.01                           _38679_ (net)
                  0.04    0.00    7.95 v _47978_/A2 (sky130_fd_sc_hd__a21o_1)
                  0.04    0.13    8.09 v _47978_/X (sky130_fd_sc_hd__a21o_1)
     2    0.01                           _38744_ (net)
                  0.04    0.00    8.09 v _47980_/A2 (sky130_fd_sc_hd__a21o_1)
                  0.04    0.13    8.22 v _47980_/X (sky130_fd_sc_hd__a21o_1)
     2    0.01                           _38746_ (net)
                  0.04    0.00    8.22 v _48068_/A2 (sky130_fd_sc_hd__a21o_1)
                  0.04    0.13    8.35 v _48068_/X (sky130_fd_sc_hd__a21o_1)
     2    0.01                           _38834_ (net)
                  0.04    0.00    8.35 v _48071_/A2 (sky130_fd_sc_hd__a21o_1)
                  0.04    0.14    8.49 v _48071_/X (sky130_fd_sc_hd__a21o_1)
     2    0.01                           _38837_ (net)
                  0.04    0.00    8.49 v _48148_/A2 (sky130_fd_sc_hd__a21o_1)
                  0.05    0.15    8.64 v _48148_/X (sky130_fd_sc_hd__a21o_1)
     2    0.01                           _38914_ (net)
                  0.05    0.00    8.64 v _48432_/A2 (sky130_fd_sc_hd__a21o_1)
                  0.05    0.15    8.79 v _48432_/X (sky130_fd_sc_hd__a21o_1)
     3    0.01                           _39198_ (net)
                  0.05    0.00    8.79 v _48454_/A2 (sky130_fd_sc_hd__a21o_1)
                  0.05    0.15    8.94 v _48454_/X (sky130_fd_sc_hd__a21o_1)
     3    0.01                           _39220_ (net)
                  0.05    0.00    8.94 v _48466_/A2 (sky130_fd_sc_hd__a211o_1)
                  0.04    0.20    9.14 v _48466_/X (sky130_fd_sc_hd__a211o_1)
     1    0.01                           _39232_ (net)
                  0.04    0.00    9.14 v _48486_/A2 (sky130_fd_sc_hd__o311a_4)
                  0.07    0.28    9.42 v _48486_/X (sky130_fd_sc_hd__o311a_4)
     3    0.03                           _39252_ (net)
                  0.07    0.00    9.42 v _48489_/A3 (sky130_fd_sc_hd__o31ai_4)
                  0.23    0.22    9.64 ^ _48489_/Y (sky130_fd_sc_hd__o31ai_4)
     2    0.02                           _39255_ (net)
                  0.23    0.00    9.64 ^ _48491_/A2 (sky130_fd_sc_hd__a21o_1)
                  0.12    0.16    9.80 ^ _48491_/X (sky130_fd_sc_hd__a21o_1)
     1    0.02                           _39257_ (net)
                  0.12    0.00    9.80 ^ _48564_/A (sky130_fd_sc_hd__xnor2_4)
                  0.11    0.11    9.91 v _48564_/Y (sky130_fd_sc_hd__xnor2_4)
     2    0.05                           _39330_ (net)
                  0.11    0.01    9.92 v _48565_/A (sky130_fd_sc_hd__buf_8)
                  0.05    0.14   10.06 v _48565_/X (sky130_fd_sc_hd__buf_8)
     6    0.07                           _39331_ (net)
                  0.05    0.00   10.07 v _48571_/C (sky130_fd_sc_hd__and3_1)
                  0.04    0.14   10.21 v _48571_/X (sky130_fd_sc_hd__and3_1)
     3    0.01                           _39337_ (net)
                  0.04    0.00   10.21 v _48572_/C (sky130_fd_sc_hd__or3_4)
                  0.05    0.21   10.42 v _48572_/X (sky130_fd_sc_hd__or3_4)
     1    0.01                           _39338_ (net)
                  0.05    0.00   10.43 v _48574_/A (sky130_fd_sc_hd__nand2_2)
                  0.08    0.08   10.51 ^ _48574_/Y (sky130_fd_sc_hd__nand2_2)
     2    0.02                           _39340_ (net)
                  0.08    0.00   10.51 ^ _48583_/A (sky130_fd_sc_hd__xor2_2)
                  0.15    0.15   10.65 ^ _48583_/X (sky130_fd_sc_hd__xor2_2)
     2    0.01                           _39349_ (net)
                  0.15    0.00   10.65 ^ _52422_/A2 (sky130_fd_sc_hd__a21oi_1)
                  0.09    0.08   10.74 v _52422_/Y (sky130_fd_sc_hd__a21oi_1)
     2    0.01                           _01197_ (net)
                  0.09    0.00   10.74 v _52424_/A (sky130_fd_sc_hd__xor2_1)
                  0.08    0.15   10.89 v _52424_/X (sky130_fd_sc_hd__xor2_1)
     2    0.01                           _01200_ (net)
                  0.08    0.00   10.89 v _52426_/A2 (sky130_fd_sc_hd__a21oi_2)
                  0.12    0.15   11.04 ^ _52426_/Y (sky130_fd_sc_hd__a21oi_2)
     3    0.01                           _01202_ (net)
                  0.12    0.00   11.04 ^ _52427_/B (sky130_fd_sc_hd__xor2_1)
                  0.14    0.14   11.18 ^ _52427_/X (sky130_fd_sc_hd__xor2_1)
     2    0.01                           _01203_ (net)
                  0.14    0.00   11.18 ^ _52428_/B (sky130_fd_sc_hd__nand2_1)
                  0.06    0.07   11.25 v _52428_/Y (sky130_fd_sc_hd__nand2_1)
     2    0.01                           _01204_ (net)
                  0.06    0.00   11.25 v _52440_/A1 (sky130_fd_sc_hd__o211a_1)
                  0.09    0.22   11.47 v _52440_/X (sky130_fd_sc_hd__o211a_1)
     3    0.02                           _01216_ (net)
                  0.09    0.00   11.47 v _52441_/D (sky130_fd_sc_hd__or4_4)
                  0.06    0.27   11.74 v _52441_/X (sky130_fd_sc_hd__or4_4)
     1    0.01                           _01217_ (net)
                  0.06    0.00   11.74 v _52446_/B1 (sky130_fd_sc_hd__o211a_4)
                  0.07    0.14   11.88 v _52446_/X (sky130_fd_sc_hd__o211a_4)
     4    0.05                           _01223_ (net)
                  0.08    0.01   11.89 v _52451_/A (sky130_fd_sc_hd__or4_4)
                  0.07    0.37   12.27 v _52451_/X (sky130_fd_sc_hd__or4_4)
     2    0.02                           _01228_ (net)
                  0.07    0.00   12.27 v _52457_/A2 (sky130_fd_sc_hd__a21oi_4)
                  0.17    0.19   12.46 ^ _52457_/Y (sky130_fd_sc_hd__a21oi_4)
     4    0.03                           _01235_ (net)
                  0.17    0.00   12.46 ^ _52648_/A2 (sky130_fd_sc_hd__a21boi_4)
                  0.06    0.06   12.52 v _52648_/Y (sky130_fd_sc_hd__a21boi_4)
     2    0.02                           _01445_ (net)
                  0.06    0.00   12.53 v _52654_/A2 (sky130_fd_sc_hd__o21ba_4)
                  0.04    0.15   12.67 v _52654_/X (sky130_fd_sc_hd__o21ba_4)
     1    0.01                           _01452_ (net)
                  0.04    0.00   12.68 v _52655_/B (sky130_fd_sc_hd__xor2_4)
                  0.27    0.24   12.92 ^ _52655_/X (sky130_fd_sc_hd__xor2_4)
     3    0.05                           _01453_ (net)
                  0.27    0.01   12.93 ^ _52658_/A (sky130_fd_sc_hd__xor2_2)
                  0.13    0.13   13.06 ^ _52658_/X (sky130_fd_sc_hd__xor2_2)
     3    0.01                           _01456_ (net)
                  0.13    0.00   13.06 ^ _52664_/A (sky130_fd_sc_hd__nand2_1)
                  0.05    0.05   13.11 v _52664_/Y (sky130_fd_sc_hd__nand2_1)
     1    0.01                           _01463_ (net)
                  0.05    0.00   13.11 v _52665_/B1 (sky130_fd_sc_hd__o2bb2a_1)
                  0.07    0.23   13.35 v _52665_/X (sky130_fd_sc_hd__o2bb2a_1)
     3    0.01                           _01464_ (net)
                  0.07    0.00   13.35 v _52692_/A2 (sky130_fd_sc_hd__a2111o_4)
                  0.07    0.37   13.72 v _52692_/X (sky130_fd_sc_hd__a2111o_4)
     5    0.03                           _01493_ (net)
                  0.07    0.00   13.72 v _52704_/A1 (sky130_fd_sc_hd__a211o_4)
                  0.09    0.28   14.00 v _52704_/X (sky130_fd_sc_hd__a211o_4)
     4    0.06                           _01507_ (net)
                  0.10    0.01   14.02 v _52862_/A2 (sky130_fd_sc_hd__a2111oi_4)
                  0.20    0.27   14.29 ^ _52862_/Y (sky130_fd_sc_hd__a2111oi_4)
     1    0.01                           _01679_ (net)
                  0.20    0.00   14.29 ^ wire3/A (sky130_fd_sc_hd__clkbuf_1)
                  0.06    0.08   14.37 ^ wire3/X (sky130_fd_sc_hd__clkbuf_1)
     2    0.01                           net422 (net)
                  0.06    0.00   14.38 ^ max_cap2/A (sky130_fd_sc_hd__clkbuf_1)
                  0.06    0.08   14.45 ^ max_cap2/X (sky130_fd_sc_hd__clkbuf_1)
     1    0.01                           net421 (net)
                  0.06    0.00   14.46 ^ max_cap122/A (sky130_fd_sc_hd__buf_6)
                  0.04    0.08   14.54 ^ max_cap122/X (sky130_fd_sc_hd__buf_6)
     4    0.02                           net122 (net)
                  0.04    0.00   14.54 ^ _52911_/A (sky130_fd_sc_hd__nand3_4)
                  0.08    0.06   14.60 v _52911_/Y (sky130_fd_sc_hd__nand3_4)
     3    0.02                           _01733_ (net)
                  0.08    0.00   14.60 v _52914_/A (sky130_fd_sc_hd__xor2_2)
                  0.07    0.15   14.75 v _52914_/X (sky130_fd_sc_hd__xor2_2)
     2    0.02                           _01737_ (net)
                  0.07    0.00   14.75 v _52932_/A (sky130_fd_sc_hd__nor4_4)
                  0.40    0.41   15.16 ^ _52932_/Y (sky130_fd_sc_hd__nor4_4)
     2    0.04                           _01756_ (net)
                  0.40    0.01   15.16 ^ wire119/A (sky130_fd_sc_hd__buf_6)
                  0.04    0.09   15.26 ^ wire119/X (sky130_fd_sc_hd__buf_6)
     4    0.02                           net119 (net)
                  0.04    0.00   15.26 ^ max_cap118/A (sky130_fd_sc_hd__buf_4)
                  0.07    0.11   15.36 ^ max_cap118/X (sky130_fd_sc_hd__buf_4)
     6    0.03                           net118 (net)
                  0.07    0.00   15.37 ^ _52998_/A (sky130_fd_sc_hd__nand2_4)
                  0.07    0.05   15.42 v _52998_/Y (sky130_fd_sc_hd__nand2_4)
     4    0.03                           _01829_ (net)
                  0.07    0.00   15.42 v _52999_/B (sky130_fd_sc_hd__xnor2_4)
                  0.24    0.22   15.65 ^ _52999_/Y (sky130_fd_sc_hd__xnor2_4)
     3    0.04                           _01830_ (net)
                  0.24    0.01   15.65 ^ _53001_/B (sky130_fd_sc_hd__nand2_1)
                  0.10    0.11   15.77 v _53001_/Y (sky130_fd_sc_hd__nand2_1)
     5    0.02                           _01832_ (net)
                  0.10    0.00   15.77 v _53635_/A (sky130_fd_sc_hd__or2_4)
                  0.05    0.21   15.98 v _53635_/X (sky130_fd_sc_hd__or2_4)
     4    0.02                           _02494_ (net)
                  0.05    0.00   15.98 v _53669_/A1 (sky130_fd_sc_hd__o32a_4)
                  0.05    0.26   16.24 v _53669_/X (sky130_fd_sc_hd__o32a_4)
     2    0.02                           _02528_ (net)
                  0.05    0.00   16.24 v _53670_/B (sky130_fd_sc_hd__nor2_4)
                  0.09    0.10   16.34 ^ _53670_/Y (sky130_fd_sc_hd__nor2_4)
     3    0.02                           _02529_ (net)
                  0.09    0.00   16.34 ^ _53722_/B1 (sky130_fd_sc_hd__a221o_1)
                  0.12    0.15   16.49 ^ _53722_/X (sky130_fd_sc_hd__a221o_1)
     1    0.02                           _02582_ (net)
                  0.12    0.00   16.50 ^ _53725_/A4 (sky130_fd_sc_hd__a41oi_4)
                  0.11    0.11   16.60 v _53725_/Y (sky130_fd_sc_hd__a41oi_4)
     3    0.02                           _02586_ (net)
                  0.11    0.00   16.61 v _53748_/A2 (sky130_fd_sc_hd__o31a_1)
                  0.05    0.22   16.83 v _53748_/X (sky130_fd_sc_hd__o31a_1)
     2    0.01                           _02609_ (net)
                  0.05    0.00   16.83 v _53749_/B (sky130_fd_sc_hd__or2_4)
                  0.04    0.16   16.99 v _53749_/X (sky130_fd_sc_hd__or2_4)
     3    0.01                           _02610_ (net)
                  0.04    0.00   16.99 v _53779_/A1 (sky130_fd_sc_hd__o21ba_4)
                  0.03    0.16   17.15 v _53779_/X (sky130_fd_sc_hd__o21ba_4)
     3    0.01                           _02641_ (net)
                  0.03    0.00   17.15 v _53803_/A2 (sky130_fd_sc_hd__o32a_1)
                  0.05    0.21   17.37 v _53803_/X (sky130_fd_sc_hd__o32a_1)
     2    0.01                           _02666_ (net)
                  0.05    0.00   17.37 v _53804_/B (sky130_fd_sc_hd__or2_1)
                  0.06    0.16   17.53 v _53804_/X (sky130_fd_sc_hd__or2_1)
     3    0.01                           _02667_ (net)
                  0.06    0.00   17.53 v _53823_/A2 (sky130_fd_sc_hd__a31o_1)
                  0.06    0.18   17.71 v _53823_/X (sky130_fd_sc_hd__a31o_1)
     3    0.01                           _02686_ (net)
                  0.06    0.00   17.71 v _53881_/B_N (sky130_fd_sc_hd__and4bb_1)
                  0.20    0.30   18.02 ^ _53881_/X (sky130_fd_sc_hd__and4bb_1)
     2    0.03                           _02745_ (net)
                  0.20    0.00   18.02 ^ _53940_/A1 (sky130_fd_sc_hd__a21oi_2)
                  0.07    0.07   18.09 v _53940_/Y (sky130_fd_sc_hd__a21oi_2)
     4    0.02                           _02806_ (net)
                  0.07    0.00   18.09 v _53969_/B (sky130_fd_sc_hd__nor3b_2)
                  0.20    0.21   18.30 ^ _53969_/Y (sky130_fd_sc_hd__nor3b_2)
     2    0.01                           _02836_ (net)
                  0.20    0.00   18.30 ^ _54000_/A1 (sky130_fd_sc_hd__a21oi_2)
                  0.07    0.07   18.36 v _54000_/Y (sky130_fd_sc_hd__a21oi_2)
     2    0.02                           _02867_ (net)
                  0.07    0.00   18.37 v _54001_/B (sky130_fd_sc_hd__nor2_2)
                  0.08    0.09   18.46 ^ _54001_/Y (sky130_fd_sc_hd__nor2_2)
     3    0.01                           _02868_ (net)
                  0.08    0.00   18.46 ^ _54026_/A1_N (sky130_fd_sc_hd__o2bb2a_1)
                  0.06    0.16   18.61 v _54026_/X (sky130_fd_sc_hd__o2bb2a_1)
     2    0.01                           _02894_ (net)
                  0.06    0.00   18.61 v _54028_/B (sky130_fd_sc_hd__or2_1)
                  0.05    0.16   18.78 v _54028_/X (sky130_fd_sc_hd__or2_1)
     3    0.01                           _02896_ (net)
                  0.05    0.00   18.78 v _54036_/A2 (sky130_fd_sc_hd__a311o_1)
                  0.04    0.21   18.99 v _54036_/X (sky130_fd_sc_hd__a311o_1)
     1    0.00                           _02904_ (net)
                  0.04    0.00   18.99 v _54041_/A2 (sky130_fd_sc_hd__a31o_1)
                  0.03    0.14   19.13 v _54041_/X (sky130_fd_sc_hd__a31o_1)
     1    0.00                           _02909_ (net)
                  0.03    0.00   19.13 v _54042_/A0 (sky130_fd_sc_hd__mux2_1)
                  0.05    0.16   19.29 v _54042_/X (sky130_fd_sc_hd__mux2_1)
     1    0.01                           _02910_ (net)
                  0.05    0.00   19.29 v _54043_/A (sky130_fd_sc_hd__clkbuf_1)
                  0.02    0.07   19.36 v _54043_/X (sky130_fd_sc_hd__clkbuf_1)
     1    0.00                           _00066_ (net)
                  0.02    0.00   19.36 v _85229_/D (sky130_fd_sc_hd__dfrtp_4)
                                 19.36   data arrival time

                         10.00   10.00   clock clk (rise edge)
                          0.00   10.00   clock source latency
                  0.60    0.41   10.41 ^ clk (in)
     2    0.18                           clk (net)
                  0.61    0.00   10.41 ^ clkbuf_0_clk/A (sky130_fd_sc_hd__clkbuf_16)
                  0.15    0.21   10.62 ^ clkbuf_0_clk/X (sky130_fd_sc_hd__clkbuf_16)
     8    0.17                           clknet_0_clk (net)
                  0.15    0.01   10.63 ^ clkbuf_2_0_0_clk/A (sky130_fd_sc_hd__clkbuf_8)
                  0.08    0.14   10.77 ^ clkbuf_2_0_0_clk/X (sky130_fd_sc_hd__clkbuf_8)
     2    0.05                           clknet_2_0_0_clk (net)
                  0.08    0.00   10.77 ^ clkbuf_3_1__f_clk/A (sky130_fd_sc_hd__clkbuf_16)
                  0.22    0.21   10.98 ^ clkbuf_3_1__f_clk/X (sky130_fd_sc_hd__clkbuf_16)
    17    0.27                           clknet_3_1__leaf_clk (net)
                  0.22    0.02   11.00 ^ clkbuf_leaf_10_clk/A (sky130_fd_sc_hd__clkbuf_16)
                  0.04    0.12   11.12 ^ clkbuf_leaf_10_clk/X (sky130_fd_sc_hd__clkbuf_16)
     6    0.03                           clknet_leaf_10_clk (net)
                  0.04    0.00   11.12 ^ _85229_/CLK (sky130_fd_sc_hd__dfrtp_4)
                         -0.25   10.87   clock uncertainty
                          0.10   10.97   clock reconvergence pessimism
                         -0.07   10.90   library setup time
                                 10.90   data required time
-----------------------------------------------------------------------------
                                 10.90   data required time
                                -19.36   data arrival time
-----------------------------------------------------------------------------
                                 -8.46   slack (VIOLATED)



======================= Slowest Corner ===================================

Startpoint: _85263_ (rising edge-triggered flip-flop clocked by clk)
Endpoint: _85230_ (rising edge-triggered flip-flop clocked by clk)
Path Group: clk
Path Type: max
Corner: Slowest

Fanout     Cap    Slew   Delay    Time   Description
-----------------------------------------------------------------------------
                          0.00    0.00   clock clk (rise edge)
                          0.00    0.00   clock source latency
                  1.29    0.96    0.96 ^ clk (in)
     2    0.18                           clk (net)
                  1.29    0.00    0.96 ^ clkbuf_0_clk/A (sky130_fd_sc_hd__clkbuf_16)
                  0.29    0.84    1.80 ^ clkbuf_0_clk/X (sky130_fd_sc_hd__clkbuf_16)
     8    0.17                           clknet_0_clk (net)
                  0.29    0.01    1.81 ^ clkbuf_2_3_0_clk/A (sky130_fd_sc_hd__clkbuf_8)
                  0.15    0.41    2.22 ^ clkbuf_2_3_0_clk/X (sky130_fd_sc_hd__clkbuf_8)
     2    0.05                           clknet_2_3_0_clk (net)
                  0.15    0.00    2.23 ^ clkbuf_3_6__f_clk/A (sky130_fd_sc_hd__clkbuf_16)
                  0.26    0.43    2.65 ^ clkbuf_3_6__f_clk/X (sky130_fd_sc_hd__clkbuf_16)
     8    0.16                           clknet_3_6__leaf_clk (net)
                  0.26    0.01    2.67 ^ clkbuf_leaf_47_clk/A (sky130_fd_sc_hd__clkbuf_16)
                  0.07    0.32    2.99 ^ clkbuf_leaf_47_clk/X (sky130_fd_sc_hd__clkbuf_16)
     6    0.02                           clknet_leaf_47_clk (net)
                  0.07    0.00    2.99 ^ _85263_/CLK (sky130_fd_sc_hd__dfrtp_1)
                  0.27    0.84    3.83 ^ _85263_/Q (sky130_fd_sc_hd__dfrtp_1)
     2    0.02                           stage8_inst.in3[1] (net)
                  0.27    0.00    3.83 ^ _42612_/A (sky130_fd_sc_hd__buf_2)
                  0.35    0.51    4.34 ^ _42612_/X (sky130_fd_sc_hd__buf_2)
    10    0.04                           _41795_ (net)
                  0.35    0.00    4.35 ^ _42613_/A (sky130_fd_sc_hd__clkbuf_4)
                  0.27    0.54    4.89 ^ _42613_/X (sky130_fd_sc_hd__clkbuf_4)
    10    0.05                           _41806_ (net)
                  0.27    0.00    4.89 ^ _42614_/A (sky130_fd_sc_hd__clkbuf_4)
                  0.29    0.52    5.41 ^ _42614_/X (sky130_fd_sc_hd__clkbuf_4)
    10    0.06                           _41817_ (net)
                  0.29    0.01    5.42 ^ _54556_/A (sky130_fd_sc_hd__buf_2)
                  0.35    0.52    5.93 ^ _54556_/X (sky130_fd_sc_hd__buf_2)
    10    0.04                           _03474_ (net)
                  0.35    0.00    5.94 ^ _56554_/C (sky130_fd_sc_hd__and4_2)
                  0.33    0.82    6.76 ^ _56554_/X (sky130_fd_sc_hd__and4_2)
     3    0.03                           _05666_ (net)
                  0.33    0.00    6.76 ^ _56681_/A (sky130_fd_sc_hd__nor2_1)
                  0.23    0.35    7.10 v _56681_/Y (sky130_fd_sc_hd__nor2_1)
     2    0.02                           _05804_ (net)
                  0.23    0.00    7.11 v _56683_/C (sky130_fd_sc_hd__or3_1)
                  0.22    0.94    8.04 v _56683_/X (sky130_fd_sc_hd__or3_1)
     1    0.01                           _05807_ (net)
                  0.22    0.00    8.04 v _56684_/B (sky130_fd_sc_hd__and2_1)
                  0.13    0.48    8.52 v _56684_/X (sky130_fd_sc_hd__and2_1)
     3    0.01                           _05808_ (net)
                  0.13    0.00    8.52 v _56745_/B (sky130_fd_sc_hd__and3_1)
                  0.13    0.44    8.97 v _56745_/X (sky130_fd_sc_hd__and3_1)
     2    0.01                           _05875_ (net)
                  0.13    0.00    8.97 v _56746_/C1 (sky130_fd_sc_hd__a211o_4)
                  0.13    0.61    9.57 v _56746_/X (sky130_fd_sc_hd__a211o_4)
     5    0.03                           _05876_ (net)
                  0.13    0.00    9.57 v _56753_/B (sky130_fd_sc_hd__and3_1)
                  0.14    0.46   10.03 v _56753_/X (sky130_fd_sc_hd__and3_1)
     4    0.01                           _05884_ (net)
                  0.14    0.00   10.04 v _56834_/A (sky130_fd_sc_hd__or3_1)
                  0.20    1.01   11.04 v _56834_/X (sky130_fd_sc_hd__or3_1)
     2    0.01                           _05973_ (net)
                  0.20    0.00   11.04 v _56861_/A1 (sky130_fd_sc_hd__a21o_2)
                  0.17    0.55   11.59 v _56861_/X (sky130_fd_sc_hd__a21o_2)
     5    0.03                           _06002_ (net)
                  0.17    0.01   11.60 v _56913_/A (sky130_fd_sc_hd__and3_1)
                  0.11    0.40   12.00 v _56913_/X (sky130_fd_sc_hd__and3_1)
     2    0.01                           _06060_ (net)
                  0.11    0.00   12.00 v _56914_/B1 (sky130_fd_sc_hd__a21o_2)
                  0.17    0.50   12.51 v _56914_/X (sky130_fd_sc_hd__a21o_2)
     3    0.03                           _06061_ (net)
                  0.17    0.01   12.51 v _56916_/A2 (sky130_fd_sc_hd__a21bo_4)
                  0.10    0.51   13.02 v _56916_/X (sky130_fd_sc_hd__a21bo_4)
     2    0.02                           _06063_ (net)
                  0.10    0.00   13.02 v _56918_/A2 (sky130_fd_sc_hd__a21o_4)
                  0.10    0.47   13.49 v _56918_/X (sky130_fd_sc_hd__a21o_4)
     2    0.02                           _06065_ (net)
                  0.10    0.00   13.49 v _56920_/A2 (sky130_fd_sc_hd__a21bo_4)
                  0.11    0.48   13.98 v _56920_/X (sky130_fd_sc_hd__a21bo_4)
     3    0.03                           _06067_ (net)
                  0.11    0.00   13.98 v _57509_/A1 (sky130_fd_sc_hd__a21o_4)
                  0.13    0.49   14.46 v _57509_/X (sky130_fd_sc_hd__a21o_4)
     2    0.04                           _06713_ (net)
                  0.13    0.00   14.47 v _57523_/A (sky130_fd_sc_hd__xnor2_4)
                  0.44    0.50   14.97 ^ _57523_/Y (sky130_fd_sc_hd__xnor2_4)
     3    0.03                           _06729_ (net)
                  0.44    0.00   14.97 ^ _57524_/A (sky130_fd_sc_hd__buf_6)
                  0.33    0.54   15.52 ^ _57524_/X (sky130_fd_sc_hd__buf_6)
    10    0.11                           _06730_ (net)
                  0.33    0.01   15.52 ^ _57698_/B (sky130_fd_sc_hd__nand2_2)
                  0.26    0.35   15.88 v _57698_/Y (sky130_fd_sc_hd__nand2_2)
     5    0.03                           _06920_ (net)
                  0.26    0.00   15.88 v _57701_/A2 (sky130_fd_sc_hd__a21o_1)
                  0.18    0.53   16.41 v _57701_/X (sky130_fd_sc_hd__a21o_1)
     4    0.02                           _06923_ (net)
                  0.18    0.00   16.41 v _57702_/B1 (sky130_fd_sc_hd__a21oi_2)
                  0.43    0.45   16.86 ^ _57702_/Y (sky130_fd_sc_hd__a21oi_2)
     5    0.02                           _06924_ (net)
                  0.43    0.00   16.86 ^ _58130_/B1_N (sky130_fd_sc_hd__o21ba_1)
                  0.15    0.50   17.36 v _58130_/X (sky130_fd_sc_hd__o21ba_1)
     2    0.01                           _07394_ (net)
                  0.15    0.00   17.36 v _58133_/A (sky130_fd_sc_hd__or3_4)
                  0.15    0.89   18.25 v _58133_/X (sky130_fd_sc_hd__or3_4)
     3    0.02                           _07398_ (net)
                  0.15    0.00   18.25 v _58223_/A (sky130_fd_sc_hd__and3_1)
                  0.11    0.39   18.64 v _58223_/X (sky130_fd_sc_hd__and3_1)
     2    0.01                           _07497_ (net)
                  0.11    0.00   18.64 v _58225_/B (sky130_fd_sc_hd__or3_1)
                  0.24    1.00   19.64 v _58225_/X (sky130_fd_sc_hd__or3_1)
     3    0.01                           _07499_ (net)
                  0.24    0.00   19.64 v _58228_/B (sky130_fd_sc_hd__nand3_1)
                  0.33    0.40   20.04 ^ _58228_/Y (sky130_fd_sc_hd__nand3_1)
     3    0.02                           _07502_ (net)
                  0.33    0.00   20.05 ^ _58282_/A1 (sky130_fd_sc_hd__a21o_1)
                  0.20    0.43   20.47 ^ _58282_/X (sky130_fd_sc_hd__a21o_1)
     2    0.01                           _07561_ (net)
                  0.20    0.00   20.47 ^ _58337_/B_N (sky130_fd_sc_hd__nor2b_4)
                  0.23    0.42   20.89 ^ _58337_/Y (sky130_fd_sc_hd__nor2b_4)
     1    0.02                           _07622_ (net)
                  0.23    0.00   20.89 ^ _58338_/A (sky130_fd_sc_hd__xor2_4)
                  0.39    0.49   21.38 ^ _58338_/X (sky130_fd_sc_hd__xor2_4)
     2    0.03                           _07623_ (net)
                  0.39    0.00   21.38 ^ _58339_/B (sky130_fd_sc_hd__xor2_4)
                  0.33    0.48   21.87 ^ _58339_/X (sky130_fd_sc_hd__xor2_4)
     2    0.02                           _07624_ (net)
                  0.33    0.00   21.87 ^ _58350_/B (sky130_fd_sc_hd__xnor2_4)
                  0.42    0.38   22.25 ^ _58350_/Y (sky130_fd_sc_hd__xnor2_4)
     3    0.03                           _07636_ (net)
                  0.42    0.00   22.25 ^ _58470_/A (sky130_fd_sc_hd__xor2_4)
                  0.36    0.52   22.77 ^ _58470_/X (sky130_fd_sc_hd__xor2_4)
     4    0.03                           _07767_ (net)
                  0.36    0.00   22.77 ^ _58473_/A (sky130_fd_sc_hd__xnor2_4)
                  0.40    0.39   23.16 ^ _58473_/Y (sky130_fd_sc_hd__xnor2_4)
     2    0.03                           _07771_ (net)
                  0.40    0.00   23.17 ^ _58474_/C1 (sky130_fd_sc_hd__o311ai_4)
                  0.26    0.39   23.56 v _58474_/Y (sky130_fd_sc_hd__o311ai_4)
     3    0.02                           _07772_ (net)
                  0.26    0.00   23.56 v _58479_/A1 (sky130_fd_sc_hd__a21oi_2)
                  0.31    0.44   24.00 ^ _58479_/Y (sky130_fd_sc_hd__a21oi_2)
     2    0.01                           _07777_ (net)
                  0.31    0.00   24.00 ^ _58486_/A1 (sky130_fd_sc_hd__o211a_1)
                  0.21    0.55   24.55 ^ _58486_/X (sky130_fd_sc_hd__o211a_1)
     2    0.01                           _07785_ (net)
                  0.21    0.00   24.55 ^ _58491_/A3 (sky130_fd_sc_hd__o311a_4)
                  0.13    0.45   25.01 ^ _58491_/X (sky130_fd_sc_hd__o311a_4)
     2    0.02                           _07790_ (net)
                  0.13    0.00   25.01 ^ _58493_/A2 (sky130_fd_sc_hd__o211ai_4)
                  0.36    0.38   25.39 v _58493_/Y (sky130_fd_sc_hd__o211ai_4)
     7    0.05                           _07793_ (net)
                  0.36    0.01   25.39 v _58497_/A2 (sky130_fd_sc_hd__a2111o_1)
                  0.21    1.05   26.45 v _58497_/X (sky130_fd_sc_hd__a2111o_1)
     3    0.01                           _07797_ (net)
                  0.21    0.00   26.45 v _58619_/A2 (sky130_fd_sc_hd__a211o_1)
                  0.19    0.75   27.20 v _58619_/X (sky130_fd_sc_hd__a211o_1)
     3    0.02                           _07931_ (net)
                  0.19    0.00   27.20 v _58960_/A2 (sky130_fd_sc_hd__a211o_4)
                  0.15    0.78   27.98 v _58960_/X (sky130_fd_sc_hd__a211o_4)
     2    0.04                           _08305_ (net)
                  0.15    0.01   27.98 v _59042_/A1 (sky130_fd_sc_hd__a21o_4)
                  0.20    0.57   28.55 v _59042_/X (sky130_fd_sc_hd__a21o_4)
     5    0.07                           _08394_ (net)
                  0.20    0.00   28.56 v _59153_/A2 (sky130_fd_sc_hd__a22o_4)
                  0.21    0.69   29.25 v _59153_/X (sky130_fd_sc_hd__a22o_4)
     8    0.07                           _08517_ (net)
                  0.21    0.02   29.26 v _59154_/C (sky130_fd_sc_hd__and3_1)
                  0.15    0.55   29.81 v _59154_/X (sky130_fd_sc_hd__and3_1)
     3    0.01                           _08518_ (net)
                  0.15    0.00   29.81 v _59157_/A (sky130_fd_sc_hd__or3_4)
                  0.13    0.84   30.65 v _59157_/X (sky130_fd_sc_hd__or3_4)
     3    0.01                           _08521_ (net)
                  0.13    0.00   30.65 v _59177_/A (sky130_fd_sc_hd__and3_1)
                  0.14    0.40   31.05 v _59177_/X (sky130_fd_sc_hd__and3_1)
     2    0.01                           _08543_ (net)
                  0.14    0.00   31.06 v _59178_/C1 (sky130_fd_sc_hd__a211o_1)
                  0.15    0.55   31.61 v _59178_/X (sky130_fd_sc_hd__a211o_1)
     3    0.01                           _08544_ (net)
                  0.15    0.00   31.61 v _59194_/A1 (sky130_fd_sc_hd__a21o_1)
                  0.14    0.41   32.02 v _59194_/X (sky130_fd_sc_hd__a21o_1)
     2    0.01                           _08562_ (net)
                  0.14    0.00   32.02 v _59196_/A2 (sky130_fd_sc_hd__a21o_1)
                  0.14    0.45   32.47 v _59196_/X (sky130_fd_sc_hd__a21o_1)
     2    0.01                           _08564_ (net)
                  0.14    0.00   32.47 v _59198_/A2 (sky130_fd_sc_hd__a211o_1)
                  0.18    0.70   33.18 v _59198_/X (sky130_fd_sc_hd__a211o_1)
     2    0.01                           _08566_ (net)
                  0.18    0.00   33.18 v _59209_/B (sky130_fd_sc_hd__nand3_2)
                  0.15    0.22   33.40 ^ _59209_/Y (sky130_fd_sc_hd__nand3_2)
     3    0.01                           _08578_ (net)
                  0.15    0.00   33.40 ^ _59214_/B (sky130_fd_sc_hd__and3b_2)
                  0.18    0.51   33.91 ^ _59214_/X (sky130_fd_sc_hd__and3b_2)
     2    0.02                           _08584_ (net)
                  0.18    0.00   33.91 ^ _59553_/A4 (sky130_fd_sc_hd__a41oi_4)
                  0.30    0.41   34.33 v _59553_/Y (sky130_fd_sc_hd__a41oi_4)
     4    0.02                           _08956_ (net)
                  0.30    0.00   34.33 v _62866_/A2 (sky130_fd_sc_hd__a2111o_4)
                  0.19    1.17   35.50 v _62866_/X (sky130_fd_sc_hd__a2111o_4)
     3    0.03                           _12591_ (net)
                  0.19    0.01   35.50 v _63031_/C (sky130_fd_sc_hd__and3_1)
                  0.07    0.44   35.94 v _63031_/X (sky130_fd_sc_hd__and3_1)
     1    0.00                           _12772_ (net)
                  0.07    0.00   35.94 v _63032_/B (sky130_fd_sc_hd__nor2_1)
                  0.73    0.61   36.56 ^ _63032_/Y (sky130_fd_sc_hd__nor2_1)
     2    0.02                           _12773_ (net)
                  0.73    0.00   36.56 ^ _63034_/B (sky130_fd_sc_hd__or2_1)
                  0.08    0.40   36.96 ^ _63034_/X (sky130_fd_sc_hd__or2_1)
     1    0.00                           _12776_ (net)
                  0.08    0.00   36.96 ^ _63035_/B (sky130_fd_sc_hd__nand2_1)
                  0.20    0.22   37.18 v _63035_/Y (sky130_fd_sc_hd__nand2_1)
     3    0.01                           _12777_ (net)
                  0.20    0.00   37.19 v _63059_/A1 (sky130_fd_sc_hd__o311a_1)
                  0.14    0.81   37.99 v _63059_/X (sky130_fd_sc_hd__o311a_1)
     2    0.01                           _12803_ (net)
                  0.14    0.00   37.99 v _63075_/A2 (sky130_fd_sc_hd__o311a_4)
                  0.12    0.75   38.74 v _63075_/X (sky130_fd_sc_hd__o311a_4)
     4    0.02                           _12821_ (net)
                  0.12    0.00   38.74 v _63076_/D (sky130_fd_sc_hd__or4_4)
                  0.18    0.96   39.70 v _63076_/X (sky130_fd_sc_hd__or4_4)
     3    0.01                           _12822_ (net)
                  0.18    0.00   39.70 v _63109_/A1 (sky130_fd_sc_hd__a211o_1)
                  0.15    0.63   40.34 v _63109_/X (sky130_fd_sc_hd__a211o_1)
     2    0.01                           _12858_ (net)
                  0.15    0.00   40.34 v _63118_/A1 (sky130_fd_sc_hd__a21o_1)
                  0.13    0.41   40.74 v _63118_/X (sky130_fd_sc_hd__a21o_1)
     3    0.01                           _12868_ (net)
                  0.13    0.00   40.75 v _63123_/A2 (sky130_fd_sc_hd__a21o_1)
                  0.14    0.45   41.19 v _63123_/X (sky130_fd_sc_hd__a21o_1)
     2    0.01                           _12874_ (net)
                  0.14    0.00   41.19 v _63129_/A2 (sky130_fd_sc_hd__a2111oi_2)
                  0.52    0.74   41.93 ^ _63129_/Y (sky130_fd_sc_hd__a2111oi_2)
     1    0.01                           _12880_ (net)
                  0.52    0.00   41.93 ^ wire121/A (sky130_fd_sc_hd__buf_2)
                  0.27    0.55   42.49 ^ wire121/X (sky130_fd_sc_hd__buf_2)
     1    0.03                           net121 (net)
                  0.27    0.01   42.49 ^ wire120/A (sky130_fd_sc_hd__clkbuf_2)
                  0.18    0.38   42.87 ^ wire120/X (sky130_fd_sc_hd__clkbuf_2)
     5    0.02                           net120 (net)
                  0.18    0.00   42.87 ^ _63287_/A2 (sky130_fd_sc_hd__o2111a_1)
                  0.20    0.52   43.39 ^ _63287_/X (sky130_fd_sc_hd__o2111a_1)
     4    0.01                           _13054_ (net)
                  0.20    0.00   43.39 ^ _63342_/A (sky130_fd_sc_hd__and3_1)
                  0.29    0.52   43.91 ^ _63342_/X (sky130_fd_sc_hd__and3_1)
     3    0.02                           _13114_ (net)
                  0.29    0.00   43.91 ^ _63348_/B2 (sky130_fd_sc_hd__o22a_1)
                  0.23    0.45   44.36 ^ _63348_/X (sky130_fd_sc_hd__o22a_1)
     3    0.01                           _13121_ (net)
                  0.23    0.00   44.36 ^ _63359_/B (sky130_fd_sc_hd__and4_4)
                  0.35    0.82   45.18 ^ _63359_/X (sky130_fd_sc_hd__and4_4)
     2    0.06                           _13133_ (net)
                  0.36    0.02   45.20 ^ rebuffer10/A (sky130_fd_sc_hd__buf_6)
                  0.05    0.29   45.49 ^ rebuffer10/X (sky130_fd_sc_hd__buf_6)
     2    0.01                           net338 (net)
                  0.05    0.00   45.49 ^ _63524_/A1 (sky130_fd_sc_hd__a21oi_2)
                  0.17    0.16   45.65 v _63524_/Y (sky130_fd_sc_hd__a21oi_2)
     2    0.01                           _13315_ (net)
                  0.17    0.00   45.65 v _63529_/B (sky130_fd_sc_hd__xnor2_2)
                  0.22    0.40   46.05 v _63529_/Y (sky130_fd_sc_hd__xnor2_2)
     3    0.02                           _13320_ (net)
                  0.22    0.00   46.05 v _63531_/B (sky130_fd_sc_hd__and2_1)
                  0.09    0.43   46.48 v _63531_/X (sky130_fd_sc_hd__and2_1)
     1    0.01                           _13322_ (net)
                  0.09    0.00   46.48 v _63532_/A (sky130_fd_sc_hd__buf_6)
                  0.06    0.25   46.73 v _63532_/X (sky130_fd_sc_hd__buf_6)
     6    0.02                           _13323_ (net)
                  0.06    0.00   46.73 v _63533_/B (sky130_fd_sc_hd__or2_1)
                  0.12    0.51   47.24 v _63533_/X (sky130_fd_sc_hd__or2_1)
     1    0.01                           _13325_ (net)
                  0.12    0.00   47.24 v _63534_/A (sky130_fd_sc_hd__buf_6)
                  0.06    0.26   47.50 v _63534_/X (sky130_fd_sc_hd__buf_6)
     3    0.02                           _13326_ (net)
                  0.06    0.00   47.50 v _63536_/A2 (sky130_fd_sc_hd__a21oi_2)
                  0.23    0.29   47.80 ^ _63536_/Y (sky130_fd_sc_hd__a21oi_2)
     2    0.01                           _13328_ (net)
                  0.23    0.00   47.80 ^ _63538_/A2 (sky130_fd_sc_hd__o21ai_1)
                  0.21    0.26   48.06 v _63538_/Y (sky130_fd_sc_hd__o21ai_1)
     2    0.01                           _13330_ (net)
                  0.21    0.00   48.06 v _63549_/A2 (sky130_fd_sc_hd__a31o_1)
                  0.12    0.51   48.57 v _63549_/X (sky130_fd_sc_hd__a31o_1)
     2    0.01                           _13342_ (net)
                  0.12    0.00   48.57 v _63551_/A2 (sky130_fd_sc_hd__a21o_1)
                  0.11    0.41   48.97 v _63551_/X (sky130_fd_sc_hd__a21o_1)
     2    0.01                           _13344_ (net)
                  0.11    0.00   48.97 v _63553_/A2 (sky130_fd_sc_hd__a21o_1)
                  0.25    0.53   49.50 v _63553_/X (sky130_fd_sc_hd__a21o_1)
     4    0.03                           _13347_ (net)
                  0.25    0.00   49.50 v _63593_/A2 (sky130_fd_sc_hd__a31o_1)
                  0.22    0.62   50.13 v _63593_/X (sky130_fd_sc_hd__a31o_1)
     3    0.02                           _13391_ (net)
                  0.22    0.00   50.13 v _63602_/B2 (sky130_fd_sc_hd__a221o_1)
                  0.25    0.86   50.99 v _63602_/X (sky130_fd_sc_hd__a221o_1)
     3    0.02                           _13400_ (net)
                  0.25    0.00   51.00 v _63637_/A1 (sky130_fd_sc_hd__a41o_4)
                  0.14    0.58   51.58 v _63637_/X (sky130_fd_sc_hd__a41o_4)
     4    0.04                           _13439_ (net)
                  0.14    0.01   51.58 v _63734_/A1 (sky130_fd_sc_hd__a211oi_4)
                  0.42    0.52   52.11 ^ _63734_/Y (sky130_fd_sc_hd__a211oi_4)
     2    0.02                           _13546_ (net)
                  0.42    0.00   52.11 ^ _63757_/A (sky130_fd_sc_hd__xnor2_2)
                  0.24    0.39   52.50 v _63757_/Y (sky130_fd_sc_hd__xnor2_2)
     4    0.02                           _13571_ (net)
                  0.24    0.00   52.50 v _63764_/B1 (sky130_fd_sc_hd__a2111o_1)
                  0.11    0.84   53.33 v _63764_/X (sky130_fd_sc_hd__a2111o_1)
     1    0.00                           _13579_ (net)
                  0.11    0.00   53.33 v _63765_/B1 (sky130_fd_sc_hd__a41o_1)
                  0.08    0.40   53.74 v _63765_/X (sky130_fd_sc_hd__a41o_1)
     1    0.00                           _13580_ (net)
                  0.08    0.00   53.74 v _63768_/C (sky130_fd_sc_hd__or4b_1)
                  0.18    1.16   54.90 v _63768_/X (sky130_fd_sc_hd__or4b_1)
     1    0.00                           _13583_ (net)
                  0.18    0.00   54.90 v _63772_/B (sky130_fd_sc_hd__or3b_4)
                  0.22    0.96   55.86 v _63772_/X (sky130_fd_sc_hd__or3b_4)
     7    0.04                           _13587_ (net)
                  0.22    0.00   55.87 v _63773_/A (sky130_fd_sc_hd__buf_6)
                  0.13    0.38   56.25 v _63773_/X (sky130_fd_sc_hd__buf_6)
    10    0.08                           _13589_ (net)
                  0.13    0.01   56.26 v _63774_/C (sky130_fd_sc_hd__and3_1)
                  0.08    0.42   56.68 v _63774_/X (sky130_fd_sc_hd__and3_1)
     2    0.00                           _13590_ (net)
                  0.08    0.00   56.68 v _63777_/A (sky130_fd_sc_hd__or2_1)
                  0.13    0.57   57.26 v _63777_/X (sky130_fd_sc_hd__or2_1)
     1    0.01                           _13593_ (net)
                  0.13    0.00   57.26 v _63778_/A2 (sky130_fd_sc_hd__a21o_1)
                  0.06    0.35   57.61 v _63778_/X (sky130_fd_sc_hd__a21o_1)
     1    0.00                           _13594_ (net)
                  0.06    0.00   57.61 v _63782_/A0 (sky130_fd_sc_hd__mux2_1)
                  0.11    0.66   58.27 v _63782_/X (sky130_fd_sc_hd__mux2_1)
     1    0.00                           _13598_ (net)
                  0.11    0.00   58.27 v _63783_/A (sky130_fd_sc_hd__clkbuf_1)
                  0.05    0.19   58.46 v _63783_/X (sky130_fd_sc_hd__clkbuf_1)
     1    0.00                           _00067_ (net)
                  0.05    0.00   58.46 v _85230_/D (sky130_fd_sc_hd__dfrtp_4)
                                 58.46   data arrival time

                         10.00   10.00   clock clk (rise edge)
                          0.00   10.00   clock source latency
                  1.29    0.87   10.87 ^ clk (in)
     2    0.18                           clk (net)
                  1.29    0.00   10.87 ^ clkbuf_0_clk/A (sky130_fd_sc_hd__clkbuf_16)
                  0.29    0.76   11.63 ^ clkbuf_0_clk/X (sky130_fd_sc_hd__clkbuf_16)
     8    0.17                           clknet_0_clk (net)
                  0.29    0.01   11.64 ^ clkbuf_2_3_0_clk/A (sky130_fd_sc_hd__clkbuf_8)
                  0.15    0.37   12.01 ^ clkbuf_2_3_0_clk/X (sky130_fd_sc_hd__clkbuf_8)
     2    0.05                           clknet_2_3_0_clk (net)
                  0.15    0.00   12.01 ^ clkbuf_3_7__f_clk/A (sky130_fd_sc_hd__clkbuf_16)
                  0.28    0.40   12.41 ^ clkbuf_3_7__f_clk/X (sky130_fd_sc_hd__clkbuf_16)
    12    0.17                           clknet_3_7__leaf_clk (net)
                  0.28    0.01   12.42 ^ clkbuf_leaf_34_clk/A (sky130_fd_sc_hd__clkbuf_16)
                  0.08    0.31   12.74 ^ clkbuf_leaf_34_clk/X (sky130_fd_sc_hd__clkbuf_16)
     8    0.03                           clknet_leaf_34_clk (net)
                  0.08    0.00   12.74 ^ _85230_/CLK (sky130_fd_sc_hd__dfrtp_4)
                         -0.25   12.49   clock uncertainty
                          0.21   12.70   clock reconvergence pessimism
                         -0.26   12.43   library setup time
                                 12.43   data required time
-----------------------------------------------------------------------------
                                 12.43   data required time
                                -58.46   data arrival time
-----------------------------------------------------------------------------
                                -46.03   slack (VIOLATED)



======================= Typical Corner ===================================

Startpoint: _85200_ (rising edge-triggered flip-flop clocked by clk)
Endpoint: _85193_ (rising edge-triggered flip-flop clocked by clk)
Path Group: clk
Path Type: max
Corner: Typical

Fanout     Cap    Slew   Delay    Time   Description
-----------------------------------------------------------------------------
                          0.00    0.00   clock clk (rise edge)
                          0.00    0.00   clock source latency
                  0.80    0.59    0.59 ^ clk (in)
     2    0.18                           clk (net)
                  0.81    0.00    0.59 ^ clkbuf_0_clk/A (sky130_fd_sc_hd__clkbuf_16)
                  0.19    0.41    1.00 ^ clkbuf_0_clk/X (sky130_fd_sc_hd__clkbuf_16)
     8    0.17                           clknet_0_clk (net)
                  0.19    0.01    1.02 ^ clkbuf_2_0_0_clk/A (sky130_fd_sc_hd__clkbuf_8)
                  0.10    0.23    1.24 ^ clkbuf_2_0_0_clk/X (sky130_fd_sc_hd__clkbuf_8)
     2    0.05                           clknet_2_0_0_clk (net)
                  0.10    0.00    1.25 ^ clkbuf_3_1__f_clk/A (sky130_fd_sc_hd__clkbuf_16)
                  0.28    0.32    1.57 ^ clkbuf_3_1__f_clk/X (sky130_fd_sc_hd__clkbuf_16)
    17    0.27                           clknet_3_1__leaf_clk (net)
                  0.28    0.02    1.59 ^ clkbuf_leaf_93_clk/A (sky130_fd_sc_hd__clkbuf_16)
                  0.04    0.21    1.80 ^ clkbuf_leaf_93_clk/X (sky130_fd_sc_hd__clkbuf_16)
     5    0.02                           clknet_leaf_93_clk (net)
                  0.04    0.00    1.80 ^ _85200_/CLK (sky130_fd_sc_hd__dfrtp_1)
                  0.21    0.46    2.26 ^ _85200_/Q (sky130_fd_sc_hd__dfrtp_1)
     4    0.02                           stage8_inst.in1[2] (net)
                  0.21    0.00    2.26 ^ _42655_/A (sky130_fd_sc_hd__clkbuf_4)
                  0.14    0.27    2.53 ^ _42655_/X (sky130_fd_sc_hd__clkbuf_4)
    10    0.04                           _42267_ (net)
                  0.14    0.01    2.54 ^ _42656_/A (sky130_fd_sc_hd__clkbuf_4)
                  0.18    0.28    2.81 ^ _42656_/X (sky130_fd_sc_hd__clkbuf_4)
    10    0.06                           _42278_ (net)
                  0.18    0.00    2.82 ^ _42657_/A (sky130_fd_sc_hd__buf_4)
                  0.23    0.30    3.12 ^ _42657_/X (sky130_fd_sc_hd__buf_4)
    10    0.08                           _42289_ (net)
                  0.23    0.01    3.12 ^ _46216_/B (sky130_fd_sc_hd__nand2_1)
                  0.07    0.10    3.23 v _46216_/Y (sky130_fd_sc_hd__nand2_1)
     1    0.00                           _36982_ (net)
                  0.07    0.00    3.23 v _46218_/A (sky130_fd_sc_hd__xnor2_1)
                  0.41    0.40    3.63 ^ _46218_/Y (sky130_fd_sc_hd__xnor2_1)
     2    0.02                           _36984_ (net)
                  0.41    0.00    3.63 ^ _46220_/B (sky130_fd_sc_hd__xor2_2)
                  0.23    0.27    3.90 ^ _46220_/X (sky130_fd_sc_hd__xor2_2)
     2    0.02                           _36986_ (net)
                  0.23    0.00    3.90 ^ _46243_/A (sky130_fd_sc_hd__xor2_2)
                  0.22    0.25    4.16 ^ _46243_/X (sky130_fd_sc_hd__xor2_2)
     3    0.02                           _37009_ (net)
                  0.22    0.00    4.16 ^ _46244_/C (sky130_fd_sc_hd__nand3_2)
                  0.10    0.14    4.30 v _46244_/Y (sky130_fd_sc_hd__nand3_2)
     2    0.01                           _37010_ (net)
                  0.10    0.00    4.30 v _46246_/A2 (sky130_fd_sc_hd__a211o_4)
                  0.07    0.40    4.70 v _46246_/X (sky130_fd_sc_hd__a211o_4)
     5    0.02                           _37012_ (net)
                  0.07    0.00    4.70 v _46297_/A (sky130_fd_sc_hd__and3_1)
                  0.07    0.20    4.90 v _46297_/X (sky130_fd_sc_hd__and3_1)
     2    0.01                           _37063_ (net)
                  0.07    0.00    4.90 v _46299_/A1 (sky130_fd_sc_hd__o211a_1)
                  0.07    0.28    5.18 v _46299_/X (sky130_fd_sc_hd__o211a_1)
     2    0.01                           _37065_ (net)
                  0.07    0.00    5.18 v _46360_/A2 (sky130_fd_sc_hd__o21a_1)
                  0.06    0.21    5.39 v _46360_/X (sky130_fd_sc_hd__o21a_1)
     2    0.01                           _37126_ (net)
                  0.06    0.00    5.40 v _46361_/B1 (sky130_fd_sc_hd__a211oi_2)
                  0.23    0.27    5.67 ^ _46361_/Y (sky130_fd_sc_hd__a211oi_2)
     3    0.01                           _37127_ (net)
                  0.23    0.00    5.67 ^ _46398_/A_N (sky130_fd_sc_hd__and4bb_4)
                  0.10    0.31    5.98 v _46398_/X (sky130_fd_sc_hd__and4bb_4)
     4    0.06                           _37164_ (net)
                  0.10    0.00    5.99 v _46437_/A (sky130_fd_sc_hd__or3_4)
                  0.16    0.54    6.53 v _46437_/X (sky130_fd_sc_hd__or3_4)
     4    0.07                           _37203_ (net)
                  0.16    0.02    6.55 v _46472_/A1 (sky130_fd_sc_hd__a21bo_4)
                  0.05    0.29    6.84 v _46472_/X (sky130_fd_sc_hd__a21bo_4)
     3    0.02                           _37238_ (net)
                  0.05    0.00    6.84 v _46527_/A1 (sky130_fd_sc_hd__a21bo_4)
                  0.06    0.25    7.08 v _46527_/X (sky130_fd_sc_hd__a21bo_4)
     2    0.02                           _37293_ (net)
                  0.06    0.00    7.08 v _46529_/A2 (sky130_fd_sc_hd__a21o_4)
                  0.05    0.25    7.34 v _46529_/X (sky130_fd_sc_hd__a21o_4)
     2    0.02                           _37295_ (net)
                  0.05    0.00    7.34 v _46531_/A2 (sky130_fd_sc_hd__a21bo_4)
                  0.07    0.26    7.60 v _46531_/X (sky130_fd_sc_hd__a21bo_4)
     3    0.03                           _37297_ (net)
                  0.07    0.00    7.60 v _46538_/A1 (sky130_fd_sc_hd__a211o_4)
                  0.09    0.40    8.00 v _46538_/X (sky130_fd_sc_hd__a211o_4)
     5    0.04                           _37304_ (net)
                  0.09    0.00    8.01 v _46554_/A2 (sky130_fd_sc_hd__a32oi_4)
                  0.26    0.32    8.33 ^ _46554_/Y (sky130_fd_sc_hd__a32oi_4)
     1    0.02                           _37320_ (net)
                  0.26    0.00    8.33 ^ wire198/A (sky130_fd_sc_hd__buf_6)
                  0.15    0.23    8.56 ^ wire198/X (sky130_fd_sc_hd__buf_6)
     3    0.07                           net198 (net)
                  0.16    0.02    8.58 ^ _47455_/A2 (sky130_fd_sc_hd__a21oi_4)
                  0.11    0.09    8.67 v _47455_/Y (sky130_fd_sc_hd__a21oi_4)
     3    0.01                           _38221_ (net)
                  0.11    0.00    8.67 v _47456_/C (sky130_fd_sc_hd__or3_4)
                  0.06    0.36    9.03 v _47456_/X (sky130_fd_sc_hd__or3_4)
     1    0.00                           _38222_ (net)
                  0.06    0.00    9.03 v _47458_/A (sky130_fd_sc_hd__and2_4)
                  0.08    0.20    9.23 v _47458_/X (sky130_fd_sc_hd__and2_4)
     1    0.05                           _38224_ (net)
                  0.09    0.01    9.24 v _47459_/A (sky130_fd_sc_hd__buf_8)
                  0.05    0.16    9.41 v _47459_/X (sky130_fd_sc_hd__buf_8)
     5    0.04                           _38225_ (net)
                  0.05    0.00    9.41 v _47631_/A (sky130_fd_sc_hd__and3_1)
                  0.08    0.20    9.61 v _47631_/X (sky130_fd_sc_hd__and3_1)
     4    0.01                           _38397_ (net)
                  0.08    0.00    9.61 v _47673_/C (sky130_fd_sc_hd__or4_4)
                  0.10    0.53   10.14 v _47673_/X (sky130_fd_sc_hd__or4_4)
     3    0.01                           _38439_ (net)
                  0.10    0.00   10.14 v _47898_/A (sky130_fd_sc_hd__and3_1)
                  0.10    0.23   10.38 v _47898_/X (sky130_fd_sc_hd__and3_1)
     3    0.02                           _38664_ (net)
                  0.10    0.00   10.38 v _47902_/A (sky130_fd_sc_hd__or3b_4)
                  0.08    0.45   10.83 v _47902_/X (sky130_fd_sc_hd__or3b_4)
     4    0.01                           _38668_ (net)
                  0.08    0.00   10.83 v _47940_/A1 (sky130_fd_sc_hd__a21o_1)
                  0.05    0.19   11.02 v _47940_/X (sky130_fd_sc_hd__a21o_1)
     2    0.01                           _38706_ (net)
                  0.05    0.00   11.02 v _47944_/B (sky130_fd_sc_hd__and3_1)
                  0.08    0.22   11.24 v _47944_/X (sky130_fd_sc_hd__and3_1)
     3    0.01                           _38710_ (net)
                  0.08    0.00   11.24 v _48021_/A (sky130_fd_sc_hd__or3_4)
                  0.08    0.45   11.68 v _48021_/X (sky130_fd_sc_hd__or3_4)
     3    0.02                           _38787_ (net)
                  0.08    0.00   11.68 v _48134_/A1 (sky130_fd_sc_hd__a21o_1)
                  0.06    0.20   11.89 v _48134_/X (sky130_fd_sc_hd__a21o_1)
     2    0.01                           _38900_ (net)
                  0.06    0.00   11.89 v _48136_/A2 (sky130_fd_sc_hd__a21o_1)
                  0.06    0.22   12.11 v _48136_/X (sky130_fd_sc_hd__a21o_1)
     2    0.01                           _38902_ (net)
                  0.06    0.00   12.11 v _48435_/A2 (sky130_fd_sc_hd__a21o_1)
                  0.06    0.22   12.33 v _48435_/X (sky130_fd_sc_hd__a21o_1)
     2    0.01                           _39201_ (net)
                  0.06    0.00   12.33 v _48443_/A2 (sky130_fd_sc_hd__a21o_1)
                  0.07    0.23   12.56 v _48443_/X (sky130_fd_sc_hd__a21o_1)
     2    0.01                           _39209_ (net)
                  0.07    0.00   12.56 v _48457_/A2 (sky130_fd_sc_hd__a21o_1)
                  0.05    0.21   12.78 v _48457_/X (sky130_fd_sc_hd__a21o_1)
     2    0.01                           _39223_ (net)
                  0.05    0.00   12.78 v _48459_/A2 (sky130_fd_sc_hd__a21o_1)
                  0.05    0.20   12.97 v _48459_/X (sky130_fd_sc_hd__a21o_1)
     2    0.01                           _39225_ (net)
                  0.05    0.00   12.97 v _48470_/A2 (sky130_fd_sc_hd__a21o_1)
                  0.06    0.21   13.18 v _48470_/X (sky130_fd_sc_hd__a21o_1)
     2    0.01                           _39236_ (net)
                  0.06    0.00   13.18 v _48475_/A2 (sky130_fd_sc_hd__a21oi_2)
                  0.29    0.29   13.48 ^ _48475_/Y (sky130_fd_sc_hd__a21oi_2)
     3    0.02                           _39241_ (net)
                  0.29    0.00   13.48 ^ _48476_/C (sky130_fd_sc_hd__or3_4)
                  0.11    0.26   13.73 ^ _48476_/X (sky130_fd_sc_hd__or3_4)
     5    0.03                           _39242_ (net)
                  0.11    0.00   13.74 ^ _48478_/A (sky130_fd_sc_hd__nand2_4)
                  0.06    0.08   13.82 v _48478_/Y (sky130_fd_sc_hd__nand2_4)
     4    0.02                           _39244_ (net)
                  0.06    0.00   13.82 v _48739_/B1 (sky130_fd_sc_hd__a2111o_1)
                  0.12    0.48   14.31 v _48739_/X (sky130_fd_sc_hd__a2111o_1)
     3    0.02                           _39505_ (net)
                  0.12    0.00   14.31 v _48775_/A2 (sky130_fd_sc_hd__a21o_1)
                  0.07    0.25   14.56 v _48775_/X (sky130_fd_sc_hd__a21o_1)
     3    0.01                           _39541_ (net)
                  0.07    0.00   14.56 v _48776_/C (sky130_fd_sc_hd__and3_1)
                  0.09    0.25   14.81 v _48776_/X (sky130_fd_sc_hd__and3_1)
     3    0.02                           _39542_ (net)
                  0.09    0.00   14.81 v _48778_/A (sky130_fd_sc_hd__or3b_4)
                  0.11    0.49   15.30 v _48778_/X (sky130_fd_sc_hd__or3b_4)
     3    0.03                           _39544_ (net)
                  0.11    0.01   15.31 v _48785_/A (sky130_fd_sc_hd__and3_1)
                  0.06    0.21   15.51 v _48785_/X (sky130_fd_sc_hd__and3_1)
     2    0.01                           _39551_ (net)
                  0.06    0.00   15.51 v _48787_/A (sky130_fd_sc_hd__nor2b_1)
                  0.12    0.14   15.66 ^ _48787_/Y (sky130_fd_sc_hd__nor2b_1)
     1    0.00                           _39553_ (net)
                  0.12    0.00   15.66 ^ _48788_/B (sky130_fd_sc_hd__xor2_1)
                  0.20    0.23   15.89 ^ _48788_/X (sky130_fd_sc_hd__xor2_1)
     2    0.01                           _39554_ (net)
                  0.20    0.00   15.89 ^ _48789_/B (sky130_fd_sc_hd__xor2_1)
                  0.22    0.26   16.14 ^ _48789_/X (sky130_fd_sc_hd__xor2_1)
     2    0.01                           _39555_ (net)
                  0.22    0.00   16.15 ^ _48790_/B (sky130_fd_sc_hd__xnor2_1)
                  0.23    0.20   16.34 ^ _48790_/Y (sky130_fd_sc_hd__xnor2_1)
     2    0.01                           _39556_ (net)
                  0.23    0.00   16.35 ^ _49177_/A_N (sky130_fd_sc_hd__and2b_1)
                  0.04    0.22   16.57 v _49177_/X (sky130_fd_sc_hd__and2b_1)
     1    0.00                           _39943_ (net)
                  0.04    0.00   16.57 v _49178_/B1 (sky130_fd_sc_hd__a21oi_1)
                  0.20    0.19   16.76 ^ _49178_/Y (sky130_fd_sc_hd__a21oi_1)
     2    0.01                           _39944_ (net)
                  0.20    0.00   16.76 ^ _49179_/B (sky130_fd_sc_hd__or2_1)
                  0.13    0.20   16.96 ^ _49179_/X (sky130_fd_sc_hd__or2_1)
     3    0.01                           _39945_ (net)
                  0.13    0.00   16.96 ^ _49181_/A (sky130_fd_sc_hd__and2_2)
                  0.19    0.29   17.26 ^ _49181_/X (sky130_fd_sc_hd__and2_2)
     4    0.04                           _39947_ (net)
                  0.19    0.00   17.26 ^ _49182_/D (sky130_fd_sc_hd__and4_1)
                  0.12    0.28   17.54 ^ _49182_/X (sky130_fd_sc_hd__and4_1)
     1    0.01                           _39948_ (net)
                  0.12    0.00   17.54 ^ _49188_/A2 (sky130_fd_sc_hd__a211oi_4)
                  0.09    0.11   17.65 v _49188_/Y (sky130_fd_sc_hd__a211oi_4)
     3    0.02                           _39954_ (net)
                  0.09    0.00   17.65 v _52436_/B (sky130_fd_sc_hd__or4_4)
                  0.12    0.61   18.26 v _52436_/X (sky130_fd_sc_hd__or4_4)
     3    0.03                           _01212_ (net)
                  0.12    0.00   18.27 v _52446_/A2 (sky130_fd_sc_hd__o211a_4)
                  0.10    0.33   18.60 v _52446_/X (sky130_fd_sc_hd__o211a_4)
     4    0.05                           _01223_ (net)
                  0.10    0.01   18.61 v _52451_/A (sky130_fd_sc_hd__or4_4)
                  0.11    0.62   19.23 v _52451_/X (sky130_fd_sc_hd__or4_4)
     2    0.02                           _01228_ (net)
                  0.11    0.00   19.23 v _52457_/A2 (sky130_fd_sc_hd__a21oi_4)
                  0.22    0.27   19.50 ^ _52457_/Y (sky130_fd_sc_hd__a21oi_4)
     4    0.03                           _01235_ (net)
                  0.22    0.00   19.51 ^ _52648_/A2 (sky130_fd_sc_hd__a21boi_4)
                  0.08    0.12   19.63 v _52648_/Y (sky130_fd_sc_hd__a21boi_4)
     2    0.02                           _01445_ (net)
                  0.08    0.00   19.63 v _52654_/A2 (sky130_fd_sc_hd__o21ba_4)
                  0.05    0.23   19.86 v _52654_/X (sky130_fd_sc_hd__o21ba_4)
     1    0.01                           _01452_ (net)
                  0.05    0.00   19.86 v _52655_/B (sky130_fd_sc_hd__xor2_4)
                  0.35    0.33   20.20 ^ _52655_/X (sky130_fd_sc_hd__xor2_4)
     3    0.05                           _01453_ (net)
                  0.35    0.01   20.21 ^ _52658_/A (sky130_fd_sc_hd__xor2_2)
                  0.17    0.23   20.44 ^ _52658_/X (sky130_fd_sc_hd__xor2_2)
     3    0.01                           _01456_ (net)
                  0.17    0.00   20.44 ^ _52664_/A (sky130_fd_sc_hd__nand2_1)
                  0.07    0.10   20.54 v _52664_/Y (sky130_fd_sc_hd__nand2_1)
     1    0.01                           _01463_ (net)
                  0.07    0.00   20.54 v _52665_/B1 (sky130_fd_sc_hd__o2bb2a_1)
                  0.10    0.38   20.92 v _52665_/X (sky130_fd_sc_hd__o2bb2a_1)
     3    0.01                           _01464_ (net)
                  0.10    0.00   20.92 v _52692_/A2 (sky130_fd_sc_hd__a2111o_4)
                  0.10    0.59   21.50 v _52692_/X (sky130_fd_sc_hd__a2111o_4)
     5    0.03                           _01493_ (net)
                  0.10    0.00   21.51 v _52704_/A1 (sky130_fd_sc_hd__a211o_4)
                  0.12    0.45   21.95 v _52704_/X (sky130_fd_sc_hd__a211o_4)
     4    0.06                           _01507_ (net)
                  0.12    0.01   21.97 v _52862_/A2 (sky130_fd_sc_hd__a2111oi_4)
                  0.27    0.40   22.37 ^ _52862_/Y (sky130_fd_sc_hd__a2111oi_4)
     1    0.01                           _01679_ (net)
                  0.27    0.00   22.37 ^ wire3/A (sky130_fd_sc_hd__clkbuf_1)
                  0.08    0.16   22.53 ^ wire3/X (sky130_fd_sc_hd__clkbuf_1)
     2    0.01                           net422 (net)
                  0.08    0.00   22.53 ^ max_cap2/A (sky130_fd_sc_hd__clkbuf_1)
                  0.08    0.12   22.65 ^ max_cap2/X (sky130_fd_sc_hd__clkbuf_1)
     1    0.01                           net421 (net)
                  0.08    0.00   22.65 ^ max_cap122/A (sky130_fd_sc_hd__buf_6)
                  0.05    0.12   22.77 ^ max_cap122/X (sky130_fd_sc_hd__buf_6)
     4    0.02                           net122 (net)
                  0.05    0.00   22.78 ^ _52915_/A (sky130_fd_sc_hd__and2_4)
                  0.05    0.15   22.92 ^ _52915_/X (sky130_fd_sc_hd__and2_4)
     2    0.01                           _01738_ (net)
                  0.05    0.00   22.92 ^ _52919_/A1_N (sky130_fd_sc_hd__a2bb2o_4)
                  0.05    0.24   23.16 v _52919_/X (sky130_fd_sc_hd__a2bb2o_4)
     2    0.01                           _01742_ (net)
                  0.05    0.00   23.16 v _52932_/B (sky130_fd_sc_hd__nor4_4)
                  0.55    0.55   23.71 ^ _52932_/Y (sky130_fd_sc_hd__nor4_4)
     2    0.04                           _01756_ (net)
                  0.55    0.01   23.72 ^ wire119/A (sky130_fd_sc_hd__buf_6)
                  0.06    0.20   23.92 ^ wire119/X (sky130_fd_sc_hd__buf_6)
     4    0.02                           net119 (net)
                  0.06    0.00   23.92 ^ rebuffer3/A (sky130_fd_sc_hd__buf_6)
                  0.03    0.10   24.02 ^ rebuffer3/X (sky130_fd_sc_hd__buf_6)
     1    0.01                           net331 (net)
                  0.03    0.00   24.02 ^ _53130_/A1 (sky130_fd_sc_hd__a21oi_4)
                  0.08    0.05   24.08 v _53130_/Y (sky130_fd_sc_hd__a21oi_4)
     2    0.01                           _01973_ (net)
                  0.08    0.00   24.08 v _53131_/B1 (sky130_fd_sc_hd__a21oi_4)
                  0.31    0.29   24.37 ^ _53131_/Y (sky130_fd_sc_hd__a21oi_4)
     4    0.04                           _01974_ (net)
                  0.31    0.01   24.38 ^ rebuffer33/A (sky130_fd_sc_hd__buf_6)
                  0.04    0.16   24.54 ^ rebuffer33/X (sky130_fd_sc_hd__buf_6)
     1    0.01                           net361 (net)
                  0.04    0.00   24.54 ^ _53132_/B (sky130_fd_sc_hd__xor2_2)
                  0.20    0.20   24.74 ^ _53132_/X (sky130_fd_sc_hd__xor2_2)
     4    0.01                           _01975_ (net)
                  0.20    0.00   24.74 ^ rebuffer83/A (sky130_fd_sc_hd__clkbuf_1)
                  0.07    0.14   24.88 ^ rebuffer83/X (sky130_fd_sc_hd__clkbuf_1)
     1    0.01                           net411 (net)
                  0.07    0.00   24.88 ^ _53134_/A2 (sky130_fd_sc_hd__o21ai_2)
                  0.05    0.07   24.95 v _53134_/Y (sky130_fd_sc_hd__o21ai_2)
     2    0.01                           _01978_ (net)
                  0.05    0.00   24.95 v _53138_/A1 (sky130_fd_sc_hd__a21o_1)
                  0.05    0.18   25.14 v _53138_/X (sky130_fd_sc_hd__a21o_1)
     2    0.01                           _01982_ (net)
                  0.05    0.00   25.14 v _53140_/A2 (sky130_fd_sc_hd__a21o_1)
                  0.06    0.21   25.34 v _53140_/X (sky130_fd_sc_hd__a21o_1)
     2    0.01                           _01984_ (net)
                  0.06    0.00   25.35 v _53148_/A2 (sky130_fd_sc_hd__a31o_1)
                  0.06    0.25   25.59 v _53148_/X (sky130_fd_sc_hd__a31o_1)
     2    0.01                           _01993_ (net)
                  0.06    0.00   25.59 v _53150_/A2 (sky130_fd_sc_hd__a21oi_2)
                  0.15    0.19   25.79 ^ _53150_/Y (sky130_fd_sc_hd__a21oi_2)
     2    0.01                           _01995_ (net)
                  0.15    0.00   25.79 ^ _53152_/A2 (sky130_fd_sc_hd__o21ai_2)
                  0.10    0.13   25.91 v _53152_/Y (sky130_fd_sc_hd__o21ai_2)
     3    0.02                           _01997_ (net)
                  0.10    0.00   25.92 v _53159_/B2 (sky130_fd_sc_hd__a221o_1)
                  0.10    0.42   26.33 v _53159_/X (sky130_fd_sc_hd__a221o_1)
     3    0.01                           _02005_ (net)
                  0.10    0.00   26.33 v _53194_/A1 (sky130_fd_sc_hd__a221o_2)
                  0.09    0.44   26.78 v _53194_/X (sky130_fd_sc_hd__a221o_2)
     3    0.02                           _02044_ (net)
                  0.09    0.00   26.78 v _53203_/B2 (sky130_fd_sc_hd__a221o_2)
                  0.08    0.44   27.21 v _53203_/X (sky130_fd_sc_hd__a221o_2)
     3    0.01                           _02054_ (net)
                  0.08    0.00   27.22 v _53242_/A1 (sky130_fd_sc_hd__a41o_4)
                  0.07    0.27   27.48 v _53242_/X (sky130_fd_sc_hd__a41o_4)
     4    0.03                           _02096_ (net)
                  0.07    0.00   27.49 v _53249_/B2 (sky130_fd_sc_hd__a221o_1)
                  0.10    0.40   27.89 v _53249_/X (sky130_fd_sc_hd__a221o_1)
     2    0.01                           _02104_ (net)
                  0.10    0.00   27.89 v _53333_/A (sky130_fd_sc_hd__xnor2_2)
                  0.11    0.21   28.10 v _53333_/Y (sky130_fd_sc_hd__xnor2_2)
     4    0.02                           _02197_ (net)
                  0.11    0.00   28.10 v _53337_/B1 (sky130_fd_sc_hd__a2111o_1)
                  0.06    0.42   28.52 v _53337_/X (sky130_fd_sc_hd__a2111o_1)
     1    0.00                           _02201_ (net)
                  0.06    0.00   28.52 v _53338_/B1 (sky130_fd_sc_hd__a41o_1)
                  0.04    0.21   28.74 v _53338_/X (sky130_fd_sc_hd__a41o_1)
     1    0.00                           _02202_ (net)
                  0.04    0.00   28.74 v _53339_/B (sky130_fd_sc_hd__nor2_1)
                  0.12    0.12   28.86 ^ _53339_/Y (sky130_fd_sc_hd__nor2_1)
     1    0.01                           _02203_ (net)
                  0.12    0.00   28.86 ^ _53340_/D (sky130_fd_sc_hd__and4_1)
                  0.08    0.24   29.09 ^ _53340_/X (sky130_fd_sc_hd__and4_1)
     1    0.01                           _02204_ (net)
                  0.08    0.00   29.09 ^ _53341_/A (sky130_fd_sc_hd__nand2_2)
                  0.09    0.09   29.19 v _53341_/Y (sky130_fd_sc_hd__nand2_2)
     3    0.02                           _02205_ (net)
                  0.09    0.00   29.19 v _53342_/A (sky130_fd_sc_hd__buf_6)
                  0.07    0.18   29.37 v _53342_/X (sky130_fd_sc_hd__buf_6)
     6    0.06                           _02206_ (net)
                  0.07    0.00   29.37 v split49/A (sky130_fd_sc_hd__buf_8)
                  0.05    0.16   29.53 v split49/X (sky130_fd_sc_hd__buf_8)
     5    0.05                           net377 (net)
                  0.05    0.00   29.54 v _53521_/B (sky130_fd_sc_hd__and3_1)
                  0.07    0.21   29.74 v _53521_/X (sky130_fd_sc_hd__and3_1)
     3    0.01                           _02376_ (net)
                  0.07    0.00   29.74 v _53528_/A2 (sky130_fd_sc_hd__o21ai_1)
                  0.14    0.16   29.91 ^ _53528_/Y (sky130_fd_sc_hd__o21ai_1)
     1    0.01                           _02383_ (net)
                  0.14    0.00   29.91 ^ _53529_/B1 (sky130_fd_sc_hd__a21o_1)
                  0.06    0.12   30.03 ^ _53529_/X (sky130_fd_sc_hd__a21o_1)
     1    0.01                           _02384_ (net)
                  0.06    0.00   30.03 ^ _53530_/A (sky130_fd_sc_hd__nand2_1)
                  0.06    0.06   30.09 v _53530_/Y (sky130_fd_sc_hd__nand2_1)
     1    0.00                           _02385_ (net)
                  0.06    0.00   30.09 v _53531_/A0 (sky130_fd_sc_hd__mux2_4)
                  0.05    0.28   30.37 v _53531_/X (sky130_fd_sc_hd__mux2_4)
     1    0.00                           _02386_ (net)
                  0.05    0.00   30.37 v _53532_/A (sky130_fd_sc_hd__clkbuf_1)
                  0.04    0.10   30.47 v _53532_/X (sky130_fd_sc_hd__clkbuf_1)
     1    0.00                           _00030_ (net)
                  0.04    0.00   30.47 v _85193_/D (sky130_fd_sc_hd__dfrtp_4)
                                 30.47   data arrival time

                         10.00   10.00   clock clk (rise edge)
                          0.00   10.00   clock source latency
                  0.80    0.54   10.54 ^ clk (in)
     2    0.18                           clk (net)
                  0.81    0.00   10.54 ^ clkbuf_0_clk/A (sky130_fd_sc_hd__clkbuf_16)
                  0.19    0.37   10.91 ^ clkbuf_0_clk/X (sky130_fd_sc_hd__clkbuf_16)
     8    0.17                           clknet_0_clk (net)
                  0.19    0.01   10.92 ^ clkbuf_2_2_0_clk/A (sky130_fd_sc_hd__clkbuf_8)
                  0.10    0.20   11.12 ^ clkbuf_2_2_0_clk/X (sky130_fd_sc_hd__clkbuf_8)
     2    0.05                           clknet_2_2_0_clk (net)
                  0.10    0.00   11.13 ^ clkbuf_3_4__f_clk/A (sky130_fd_sc_hd__clkbuf_16)
                  0.17    0.23   11.36 ^ clkbuf_3_4__f_clk/X (sky130_fd_sc_hd__clkbuf_16)
    11    0.16                           clknet_3_4__leaf_clk (net)
                  0.17    0.01   11.37 ^ _85193_/CLK (sky130_fd_sc_hd__dfrtp_4)
                         -0.25   11.12   clock uncertainty
                          0.10   11.21   clock reconvergence pessimism
                         -0.08   11.13   library setup time
                                 11.13   data required time
-----------------------------------------------------------------------------
                                 11.13   data required time
                                -30.47   data arrival time
-----------------------------------------------------------------------------
                                -19.34   slack (VIOLATED)




===========================================================================
 report_check_types -max_slew -max_cap -max_fanout -violators
============================================================================
======================= Fastest Corner ===================================

max fanout

Pin                                   Limit Fanout  Slack
---------------------------------------------------------
input45/X                                10     39    -29 (VIOLATED)
input47/X                                10     29    -19 (VIOLATED)
_42912_/X                                10     26    -16 (VIOLATED)
_43077_/X                                10     20    -10 (VIOLATED)
input54/X                                10     19     -9 (VIOLATED)
_43415_/X                                10     18     -8 (VIOLATED)
_43479_/X                                10     17     -7 (VIOLATED)
clkbuf_3_1__f_clk/X                      10     17     -7 (VIOLATED)
input63/X                                10     17     -7 (VIOLATED)
_42979_/X                                10     15     -5 (VIOLATED)
_53359_/X                                10     15     -5 (VIOLATED)
_42698_/X                                10     14     -4 (VIOLATED)
_42848_/X                                10     14     -4 (VIOLATED)
_43112_/X                                10     14     -4 (VIOLATED)
_43576_/X                                10     14     -4 (VIOLATED)
clkbuf_3_0__f_clk/X                      10     14     -4 (VIOLATED)
clkbuf_3_3__f_clk/X                      10     14     -4 (VIOLATED)
input59/X                                10     14     -4 (VIOLATED)
_53451_/X                                10     13     -3 (VIOLATED)
_74236_/X                                10     13     -3 (VIOLATED)
clkbuf_leaf_25_clk/X                     10     13     -3 (VIOLATED)
_42604_/X                                10     12     -2 (VIOLATED)
_42785_/X                                10     12     -2 (VIOLATED)
_64584_/X                                10     12     -2 (VIOLATED)
clkbuf_3_7__f_clk/X                      10     12     -2 (VIOLATED)
_42572_/X                                10     11        (VIOLATED)
_42845_/X                                10     11        (VIOLATED)
_42874_/X                                10     11        (VIOLATED)
_42882_/X                                10     11        (VIOLATED)
_42985_/X                                10     11        (VIOLATED)
_43150_/X                                10     11        (VIOLATED)
_43924_/X                                10     11        (VIOLATED)
_74697_/X                                10     11        (VIOLATED)
_74703_/X                                10     11        (VIOLATED)
_74862_/X                                10     11        (VIOLATED)
_74865_/X                                10     11        (VIOLATED)
_76417_/X                                10     11        (VIOLATED)
clkbuf_3_2__f_clk/X                      10     11        (VIOLATED)
clkbuf_3_4__f_clk/X                      10     11        (VIOLATED)
input17/X                                10     11        (VIOLATED)
input41/X                                10     11        (VIOLATED)


======================= Slowest Corner ===================================

max slew

Pin                                    Limit    Slew   Slack
------------------------------------------------------------
clkbuf_0_clk/A                          0.75    1.29   -0.54 (VIOLATED)
ANTENNA_84/DIODE                        0.75    1.29   -0.54 (VIOLATED)
clk                                     0.75    1.29   -0.54 (VIOLATED)
_83841_/B                               0.75    1.19   -0.44 (VIOLATED)
_83385_/B                               0.75    1.19   -0.44 (VIOLATED)
_83480_/B                               0.75    1.19   -0.44 (VIOLATED)
_83384_/Y                               0.75    1.19   -0.44 (VIOLATED)
_83481_/B                               0.75    1.03   -0.28 (VIOLATED)
_83376_/B                               0.75    1.03   -0.28 (VIOLATED)
_83375_/Y                               0.75    1.03   -0.28 (VIOLATED)
_83477_/B                               0.75    1.01   -0.26 (VIOLATED)
_83388_/B                               0.75    1.01   -0.26 (VIOLATED)
_83387_/Y                               0.75    1.01   -0.26 (VIOLATED)
_47621_/B                               0.75    0.99   -0.24 (VIOLATED)
_47622_/A2                              0.75    0.99   -0.24 (VIOLATED)
_47566_/A1                              0.75    0.99   -0.24 (VIOLATED)
_47703_/A                               0.75    0.99   -0.24 (VIOLATED)
_47565_/A                               0.75    0.99   -0.24 (VIOLATED)
_47558_/Y                               0.75    0.99   -0.24 (VIOLATED)
_74424_/B1                              0.75    0.96   -0.21 (VIOLATED)
_53807_/B1                              0.75    0.96   -0.21 (VIOLATED)
_74057_/B1                              0.75    0.96   -0.21 (VIOLATED)
_53448_/B1                              0.75    0.96   -0.21 (VIOLATED)
_63858_/B1                              0.75    0.96   -0.21 (VIOLATED)
_64206_/B1                              0.75    0.96   -0.21 (VIOLATED)
_46581_/B                               0.75    0.96   -0.21 (VIOLATED)
_46578_/B                               0.75    0.96   -0.21 (VIOLATED)
_46588_/B                               0.75    0.96   -0.21 (VIOLATED)
_46577_/Y                               0.75    0.96   -0.21 (VIOLATED)
_45661_/A2                              0.75    0.95   -0.20 (VIOLATED)
_45556_/C                               0.75    0.95   -0.20 (VIOLATED)
_45660_/C                               0.75    0.95   -0.20 (VIOLATED)
_45555_/Y                               0.75    0.95   -0.20 (VIOLATED)
_74332_/B1                              0.75    0.95   -0.20 (VIOLATED)
_53716_/B1                              0.75    0.94   -0.19 (VIOLATED)
_74018_/B1                              0.75    0.94   -0.19 (VIOLATED)
_53818_/B1                              0.75    0.94   -0.19 (VIOLATED)
_53403_/B1                              0.75    0.94   -0.19 (VIOLATED)
_74438_/B1                              0.75    0.94   -0.19 (VIOLATED)
ANTENNA_61/DIODE                        0.75    0.94   -0.19 (VIOLATED)
_53454_/A                               0.75    0.94   -0.19 (VIOLATED)
ANTENNA_59/DIODE                        0.75    0.94   -0.19 (VIOLATED)
_74065_/B1                              0.75    0.94   -0.19 (VIOLATED)
_84292_/B1                              0.75    0.94   -0.19 (VIOLATED)
ANTENNA_60/DIODE                        0.75    0.94   -0.19 (VIOLATED)
_63818_/B1_N                            0.75    0.94   -0.19 (VIOLATED)
_63863_/B1                              0.75    0.94   -0.19 (VIOLATED)
_64110_/B1                              0.75    0.94   -0.19 (VIOLATED)
_84648_/B1                              0.75    0.94   -0.19 (VIOLATED)
_64217_/B1                              0.75    0.94   -0.19 (VIOLATED)
_53447_/X                               0.75    0.94   -0.19 (VIOLATED)
_84297_/B1                              0.75    0.93   -0.18 (VIOLATED)
ANTENNA_57/DIODE                        0.75    0.93   -0.18 (VIOLATED)
ANTENNA_58/DIODE                        0.75    0.93   -0.18 (VIOLATED)
_84661_/B1                              0.75    0.93   -0.18 (VIOLATED)
_53451_/X                               0.75    0.93   -0.18 (VIOLATED)
_84254_/B1                              0.75    0.92   -0.17 (VIOLATED)
_84558_/B1                              0.75    0.92   -0.17 (VIOLATED)
_73693_/A1                              0.75    0.92   -0.17 (VIOLATED)
_73590_/B                               0.75    0.92   -0.17 (VIOLATED)
_46534_/A                               0.75    0.92   -0.17 (VIOLATED)
_47103_/A                               0.75    0.92   -0.17 (VIOLATED)
_46308_/A                               0.75    0.92   -0.17 (VIOLATED)
_46313_/A                               0.75    0.92   -0.17 (VIOLATED)
_73589_/X                               0.75    0.92   -0.17 (VIOLATED)
_46212_/Y                               0.75    0.92   -0.17 (VIOLATED)
_53402_/X                               0.75    0.92   -0.17 (VIOLATED)
_73165_/A2                              0.75    0.92   -0.17 (VIOLATED)
max_cap158/A                            0.75    0.92   -0.17 (VIOLATED)
_72326_/A1                              0.75    0.92   -0.17 (VIOLATED)
_72280_/A                               0.75    0.92   -0.17 (VIOLATED)
_72236_/Y                               0.75    0.92   -0.17 (VIOLATED)
_47706_/C                               0.75    0.91   -0.16 (VIOLATED)
_47707_/A2                              0.75    0.91   -0.16 (VIOLATED)
_48510_/B                               0.75    0.91   -0.16 (VIOLATED)
_47705_/Y                               0.75    0.91   -0.16 (VIOLATED)
_74467_/B1                              0.75    0.91   -0.16 (VIOLATED)
_74076_/B1                              0.75    0.91   -0.16 (VIOLATED)
_53844_/B1                              0.75    0.91   -0.16 (VIOLATED)
_53468_/B1                              0.75    0.91   -0.16 (VIOLATED)
_63874_/B1                              0.75    0.91   -0.16 (VIOLATED)
_45558_/A2                              0.75    0.91   -0.16 (VIOLATED)
_45447_/C                               0.75    0.91   -0.16 (VIOLATED)
_45557_/C                               0.75    0.91   -0.16 (VIOLATED)
_45446_/Y                               0.75    0.91   -0.16 (VIOLATED)
_64243_/B1                              0.75    0.91   -0.16 (VIOLATED)
_84307_/B1                              0.75    0.91   -0.16 (VIOLATED)
_84692_/B1                              0.75    0.91   -0.16 (VIOLATED)
_53467_/X                               0.75    0.91   -0.16 (VIOLATED)
_47447_/A                               0.75    0.90   -0.15 (VIOLATED)
_46549_/A                               0.75    0.90   -0.15 (VIOLATED)
_46160_/B1                              0.75    0.90   -0.15 (VIOLATED)
_46087_/Y                               0.75    0.90   -0.15 (VIOLATED)
wire119/A                               0.75    0.90   -0.15 (VIOLATED)
_53004_/A_N                             0.75    0.90   -0.15 (VIOLATED)
_52932_/Y                               0.75    0.90   -0.15 (VIOLATED)
_59181_/A                               0.75    0.89   -0.14 (VIOLATED)
_59182_/A                               0.75    0.89   -0.14 (VIOLATED)
_59056_/A                               0.75    0.89   -0.14 (VIOLATED)
_59179_/A1                              0.75    0.89   -0.14 (VIOLATED)
_57468_/A                               0.75    0.89   -0.14 (VIOLATED)
_57365_/A1                              0.75    0.89   -0.14 (VIOLATED)
_57464_/A                               0.75    0.89   -0.14 (VIOLATED)
_57465_/A                               0.75    0.89   -0.14 (VIOLATED)
_59612_/C1                              0.75    0.89   -0.14 (VIOLATED)
_57243_/A1                              0.75    0.89   -0.14 (VIOLATED)
_57239_/X                               0.75    0.89   -0.14 (VIOLATED)
_47467_/A                               0.75    0.88   -0.13 (VIOLATED)
_47737_/A                               0.75    0.88   -0.13 (VIOLATED)
_47454_/A                               0.75    0.88   -0.13 (VIOLATED)
_57009_/A                               0.75    0.88   -0.13 (VIOLATED)
_59501_/A1                              0.75    0.88   -0.13 (VIOLATED)
_56902_/A                               0.75    0.88   -0.13 (VIOLATED)
_57082_/A1                              0.75    0.88   -0.13 (VIOLATED)
_57033_/A                               0.75    0.88   -0.13 (VIOLATED)
_56900_/Y                               0.75    0.88   -0.13 (VIOLATED)
_73312_/B                               0.75    0.87   -0.12 (VIOLATED)
_73318_/B                               0.75    0.87   -0.12 (VIOLATED)
_47453_/Y                               0.75    0.87   -0.12 (VIOLATED)
_73311_/Y                               0.75    0.87   -0.12 (VIOLATED)
_84704_/B1                              0.75    0.87   -0.12 (VIOLATED)
_84312_/B1                              0.75    0.87   -0.12 (VIOLATED)
_64297_/B1                              0.75    0.87   -0.12 (VIOLATED)
_84749_/A                               0.75    0.87   -0.12 (VIOLATED)
_84327_/B1                              0.75    0.87   -0.12 (VIOLATED)
_63894_/B1                              0.75    0.87   -0.12 (VIOLATED)
_49192_/A                               0.75    0.87   -0.12 (VIOLATED)
_52605_/A                               0.75    0.87   -0.12 (VIOLATED)
_74571_/B1                              0.75    0.87   -0.12 (VIOLATED)
_53491_/B1                              0.75    0.87   -0.12 (VIOLATED)
_53901_/B1                              0.75    0.87   -0.12 (VIOLATED)
_46575_/X                               0.75    0.87   -0.12 (VIOLATED)
_74115_/B1                              0.75    0.87   -0.12 (VIOLATED)
_53951_/B1                              0.75    0.87   -0.12 (VIOLATED)
_53509_/B1                              0.75    0.87   -0.12 (VIOLATED)
_74096_/B1                              0.75    0.87   -0.12 (VIOLATED)
_74522_/A                               0.75    0.87   -0.12 (VIOLATED)
_64256_/B1                              0.75    0.87   -0.12 (VIOLATED)
_53490_/X                               0.75    0.87   -0.12 (VIOLATED)
_63909_/B1                              0.75    0.87   -0.12 (VIOLATED)
_84737_/B1                              0.75    0.87   -0.12 (VIOLATED)
_63879_/B1                              0.75    0.87   -0.12 (VIOLATED)
_84322_/B1                              0.75    0.87   -0.12 (VIOLATED)
_84799_/B1                              0.75    0.86   -0.11 (VIOLATED)
_64348_/B1                              0.75    0.86   -0.11 (VIOLATED)
_84344_/B1                              0.75    0.86   -0.11 (VIOLATED)
_53508_/X                               0.75    0.86   -0.11 (VIOLATED)
_42944_/A                               0.75    0.86   -0.11 (VIOLATED)
_42635_/A                               0.75    0.86   -0.11 (VIOLATED)
_42583_/B1                              0.75    0.86   -0.11 (VIOLATED)
_43280_/A                               0.75    0.86   -0.11 (VIOLATED)
_43603_/B1                              0.75    0.86   -0.11 (VIOLATED)
_42582_/Y                               0.75    0.86   -0.11 (VIOLATED)
_64286_/B1                              0.75    0.86   -0.11 (VIOLATED)
_73684_/A                               0.75    0.86   -0.11 (VIOLATED)
_73678_/B1                              0.75    0.86   -0.11 (VIOLATED)
_73673_/C1                              0.75    0.86   -0.11 (VIOLATED)
_73617_/B1                              0.75    0.86   -0.11 (VIOLATED)
_73614_/Y                               0.75    0.86   -0.11 (VIOLATED)
_63889_/B1                              0.75    0.86   -0.11 (VIOLATED)
_53890_/B1                              0.75    0.86   -0.11 (VIOLATED)
_72984_/B                               0.75    0.86   -0.11 (VIOLATED)
_72985_/B                               0.75    0.86   -0.11 (VIOLATED)
_53857_/A1                              0.75    0.86   -0.11 (VIOLATED)
_53485_/B1                              0.75    0.86   -0.11 (VIOLATED)
_72983_/Y                               0.75    0.86   -0.11 (VIOLATED)
_53474_/B1                              0.75    0.86   -0.11 (VIOLATED)
_74091_/B1                              0.75    0.86   -0.11 (VIOLATED)
_74510_/B1                              0.75    0.86   -0.11 (VIOLATED)
_53484_/X                               0.75    0.85   -0.10 (VIOLATED)
_74081_/B1                              0.75    0.85   -0.10 (VIOLATED)
_81656_/A                               0.75    0.85   -0.10 (VIOLATED)
_81758_/A1                              0.75    0.85   -0.10 (VIOLATED)
_82849_/A                               0.75    0.85   -0.10 (VIOLATED)
_82896_/A1                              0.75    0.85   -0.10 (VIOLATED)
_82845_/A1                              0.75    0.85   -0.10 (VIOLATED)
_82885_/A1                              0.75    0.85   -0.10 (VIOLATED)
_80549_/A                               0.75    0.85   -0.10 (VIOLATED)
_80550_/A                               0.75    0.85   -0.10 (VIOLATED)
ANTENNA_349/DIODE                       0.75    0.85   -0.10 (VIOLATED)
ANTENNA_347/DIODE                       0.75    0.85   -0.10 (VIOLATED)
ANTENNA_345/DIODE                       0.75    0.85   -0.10 (VIOLATED)
output109/A                             0.75    0.85   -0.10 (VIOLATED)
ANTENNA_344/DIODE                       0.75    0.85   -0.10 (VIOLATED)
ANTENNA_343/DIODE                       0.75    0.85   -0.10 (VIOLATED)
ANTENNA_346/DIODE                       0.75    0.85   -0.10 (VIOLATED)
_80540_/Y                               0.75    0.85   -0.10 (VIOLATED)
ANTENNA_348/DIODE                       0.75    0.85   -0.10 (VIOLATED)
_74481_/B1                              0.75    0.85   -0.10 (VIOLATED)
_53473_/X                               0.75    0.85   -0.10 (VIOLATED)
_83545_/B                               0.75    0.85   -0.10 (VIOLATED)
_83544_/B                               0.75    0.85   -0.10 (VIOLATED)
ANTENNA_342/DIODE                       0.75    0.85   -0.10 (VIOLATED)
ANTENNA_340/DIODE                       0.75    0.85   -0.10 (VIOLATED)
ANTENNA_339/DIODE                       0.75    0.85   -0.10 (VIOLATED)
ANTENNA_338/DIODE                       0.75    0.85   -0.10 (VIOLATED)
ANTENNA_341/DIODE                       0.75    0.85   -0.10 (VIOLATED)
ANTENNA_337/DIODE                       0.75    0.85   -0.10 (VIOLATED)
_42848_/X                               0.75    0.85   -0.10 (VIOLATED)
_83543_/Y                               0.75    0.85   -0.10 (VIOLATED)
_74454_/B1                              0.75    0.85   -0.10 (VIOLATED)
_53833_/B1                              0.75    0.85   -0.10 (VIOLATED)
_53461_/B1                              0.75    0.85   -0.10 (VIOLATED)
_74071_/B1                              0.75    0.85   -0.10 (VIOLATED)
_63868_/B1                              0.75    0.84   -0.09 (VIOLATED)
_64232_/B1                              0.75    0.84   -0.09 (VIOLATED)
_46291_/B1                              0.75    0.84   -0.09 (VIOLATED)
_46292_/C                               0.75    0.84   -0.09 (VIOLATED)
_46290_/Y                               0.75    0.84   -0.09 (VIOLATED)
_84302_/B1                              0.75    0.84   -0.09 (VIOLATED)
_52999_/A                               0.75    0.84   -0.09 (VIOLATED)
_53129_/B1                              0.75    0.84   -0.09 (VIOLATED)
_52964_/A                               0.75    0.84   -0.09 (VIOLATED)
_85074_/A1                              0.75    0.84   -0.09 (VIOLATED)
_49269_/Y                               0.75    0.84   -0.09 (VIOLATED)
_84680_/B1                              0.75    0.84   -0.09 (VIOLATED)
_53460_/X                               0.75    0.84   -0.09 (VIOLATED)
_52929_/B                               0.75    0.84   -0.09 (VIOLATED)
_52928_/Y                               0.75    0.84   -0.09 (VIOLATED)
_85005_/A0                              0.75    0.84   -0.09 (VIOLATED)
ANTENNA_454/DIODE                       0.75    0.84   -0.09 (VIOLATED)
ANTENNA_501/DIODE                       0.75    0.84   -0.09 (VIOLATED)
ANTENNA_499/DIODE                       0.75    0.84   -0.09 (VIOLATED)
ANTENNA_497/DIODE                       0.75    0.84   -0.09 (VIOLATED)
ANTENNA_495/DIODE                       0.75    0.84   -0.09 (VIOLATED)
output96/A                              0.75    0.84   -0.09 (VIOLATED)
ANTENNA_494/DIODE                       0.75    0.84   -0.09 (VIOLATED)
ANTENNA_493/DIODE                       0.75    0.83   -0.08 (VIOLATED)
ANTENNA_496/DIODE                       0.75    0.83   -0.08 (VIOLATED)
ANTENNA_498/DIODE                       0.75    0.83   -0.08 (VIOLATED)
ANTENNA_500/DIODE                       0.75    0.83   -0.08 (VIOLATED)
_57379_/B                               0.75    0.83   -0.08 (VIOLATED)
_57380_/B                               0.75    0.83   -0.08 (VIOLATED)
_57689_/B                               0.75    0.83   -0.08 (VIOLATED)
max_cap215/A                            0.75    0.83   -0.08 (VIOLATED)
_57530_/A                               0.75    0.83   -0.08 (VIOLATED)
_57378_/Y                               0.75    0.83   -0.08 (VIOLATED)
_67613_/B                               0.75    0.83   -0.08 (VIOLATED)
_67772_/A2                              0.75    0.83   -0.08 (VIOLATED)
_67604_/Y                               0.75    0.83   -0.08 (VIOLATED)
ANTENNA_491/DIODE                       0.75    0.83   -0.08 (VIOLATED)
ANTENNA_490/DIODE                       0.75    0.83   -0.08 (VIOLATED)
ANTENNA_488/DIODE                       0.75    0.83   -0.08 (VIOLATED)
ANTENNA_486/DIODE                       0.75    0.83   -0.08 (VIOLATED)
ANTENNA_492/DIODE                       0.75    0.83   -0.08 (VIOLATED)
ANTENNA_489/DIODE                       0.75    0.83   -0.08 (VIOLATED)
ANTENNA_487/DIODE                       0.75    0.83   -0.08 (VIOLATED)
ANTENNA_485/DIODE                       0.75    0.83   -0.08 (VIOLATED)
_43415_/X                               0.75    0.83   -0.08 (VIOLATED)
_42566_/A                               0.75    0.83   -0.08 (VIOLATED)
_42878_/A                               0.75    0.83   -0.08 (VIOLATED)
_43576_/A2                              0.75    0.83   -0.08 (VIOLATED)
_43213_/A                               0.75    0.83   -0.08 (VIOLATED)
_43605_/A2                              0.75    0.83   -0.08 (VIOLATED)
_42565_/Y                               0.75    0.83   -0.08 (VIOLATED)
_52604_/A                               0.75    0.82   -0.07 (VIOLATED)
_52607_/A_N                             0.75    0.82   -0.07 (VIOLATED)
_52601_/Y                               0.75    0.82   -0.07 (VIOLATED)
_73584_/A                               0.75    0.82   -0.07 (VIOLATED)
_73583_/Y                               0.75    0.82   -0.07 (VIOLATED)
ANTENNA_214/DIODE                       0.75    0.82   -0.07 (VIOLATED)
ANTENNA_212/DIODE                       0.75    0.82   -0.07 (VIOLATED)
ANTENNA_211/DIODE                       0.75    0.82   -0.07 (VIOLATED)
ANTENNA_215/DIODE                       0.75    0.82   -0.07 (VIOLATED)
ANTENNA_213/DIODE                       0.75    0.82   -0.07 (VIOLATED)
ANTENNA_210/DIODE                       0.75    0.82   -0.07 (VIOLATED)
ANTENNA_209/DIODE                       0.75    0.82   -0.07 (VIOLATED)
ANTENNA_207/DIODE                       0.75    0.82   -0.07 (VIOLATED)
ANTENNA_205/DIODE                       0.75    0.82   -0.07 (VIOLATED)
ANTENNA_203/DIODE                       0.75    0.82   -0.07 (VIOLATED)
ANTENNA_201/DIODE                       0.75    0.82   -0.07 (VIOLATED)
ANTENNA_200/DIODE                       0.75    0.82   -0.07 (VIOLATED)
output80/A                              0.75    0.82   -0.07 (VIOLATED)
ANTENNA_199/DIODE                       0.75    0.82   -0.07 (VIOLATED)
ANTENNA_202/DIODE                       0.75    0.82   -0.07 (VIOLATED)
ANTENNA_204/DIODE                       0.75    0.82   -0.07 (VIOLATED)
ANTENNA_206/DIODE                       0.75    0.82   -0.07 (VIOLATED)
ANTENNA_208/DIODE                       0.75    0.82   -0.07 (VIOLATED)
ANTENNA_135/DIODE                       0.75    0.82   -0.07 (VIOLATED)
_84937_/A1                              0.75    0.82   -0.07 (VIOLATED)
_71789_/B                               0.75    0.82   -0.07 (VIOLATED)
_71745_/A                               0.75    0.82   -0.07 (VIOLATED)
_72708_/B                               0.75    0.82   -0.07 (VIOLATED)
_70829_/B                               0.75    0.82   -0.07 (VIOLATED)
_70415_/B                               0.75    0.82   -0.07 (VIOLATED)
_70828_/A                               0.75    0.82   -0.07 (VIOLATED)
_70418_/A_N                             0.75    0.82   -0.07 (VIOLATED)
_70690_/A                               0.75    0.82   -0.07 (VIOLATED)
_70652_/A                               0.75    0.82   -0.07 (VIOLATED)
_70170_/A                               0.75    0.82   -0.07 (VIOLATED)
_70171_/B_N                             0.75    0.82   -0.07 (VIOLATED)
_70165_/Y                               0.75    0.82   -0.07 (VIOLATED)
_43805_/C                               0.75    0.82   -0.07 (VIOLATED)
_43810_/A2                              0.75    0.82   -0.07 (VIOLATED)
_71744_/Y                               0.75    0.82   -0.07 (VIOLATED)
_43804_/Y                               0.75    0.82   -0.07 (VIOLATED)
ANTENNA_198/DIODE                       0.75    0.82   -0.07 (VIOLATED)
ANTENNA_197/DIODE                       0.75    0.82   -0.07 (VIOLATED)
ANTENNA_196/DIODE                       0.75    0.82   -0.07 (VIOLATED)
ANTENNA_195/DIODE                       0.75    0.82   -0.07 (VIOLATED)
ANTENNA_194/DIODE                       0.75    0.82   -0.07 (VIOLATED)
ANTENNA_193/DIODE                       0.75    0.82   -0.07 (VIOLATED)
ANTENNA_191/DIODE                       0.75    0.82   -0.07 (VIOLATED)
ANTENNA_192/DIODE                       0.75    0.82   -0.07 (VIOLATED)
_42912_/X                               0.75    0.82   -0.07 (VIOLATED)
_45326_/C                               0.75    0.81   -0.06 (VIOLATED)
_45448_/C                               0.75    0.81   -0.06 (VIOLATED)
_45449_/A2                              0.75    0.81   -0.06 (VIOLATED)
_45325_/Y                               0.75    0.81   -0.06 (VIOLATED)
_43785_/A2                              0.75    0.81   -0.06 (VIOLATED)
_43784_/C                               0.75    0.81   -0.06 (VIOLATED)
_43783_/Y                               0.75    0.81   -0.06 (VIOLATED)
_85044_/A1                              0.75    0.81   -0.06 (VIOLATED)
_55980_/B                               0.75    0.81   -0.06 (VIOLATED)
_55979_/Y                               0.75    0.81   -0.06 (VIOLATED)
_73704_/B1                              0.75    0.81   -0.06 (VIOLATED)
_73605_/B                               0.75    0.81   -0.06 (VIOLATED)
_73660_/B                               0.75    0.81   -0.06 (VIOLATED)
_73604_/Y                               0.75    0.81   -0.06 (VIOLATED)
wire133/A                               0.75    0.81   -0.06 (VIOLATED)
_83346_/Y                               0.75    0.81   -0.06 (VIOLATED)
_84907_/A1                              0.75    0.81   -0.06 (VIOLATED)
_84826_/B1                              0.75    0.81   -0.06 (VIOLATED)
_71308_/A1                              0.75    0.81   -0.06 (VIOLATED)
_70809_/A                               0.75    0.81   -0.06 (VIOLATED)
_69977_/A_N                             0.75    0.81   -0.06 (VIOLATED)
_69946_/A                               0.75    0.81   -0.06 (VIOLATED)
_69737_/A                               0.75    0.81   -0.06 (VIOLATED)
_84356_/B1                              0.75    0.81   -0.06 (VIOLATED)
_69725_/Y                               0.75    0.81   -0.06 (VIOLATED)
_80197_/A1                              0.75    0.81   -0.06 (VIOLATED)
_83414_/B2                              0.75    0.81   -0.06 (VIOLATED)
_81065_/A2                              0.75    0.81   -0.06 (VIOLATED)
_80286_/A2                              0.75    0.81   -0.06 (VIOLATED)
_80290_/B1                              0.75    0.81   -0.06 (VIOLATED)
_80205_/A2                              0.75    0.81   -0.06 (VIOLATED)
_80289_/B                               0.75    0.81   -0.06 (VIOLATED)
_81254_/A                               0.75    0.81   -0.06 (VIOLATED)
_53978_/B1                              0.75    0.81   -0.06 (VIOLATED)
_80188_/X                               0.75    0.81   -0.06 (VIOLATED)
_84634_/B1                              0.75    0.81   -0.06 (VIOLATED)
_84285_/B1                              0.75    0.81   -0.06 (VIOLATED)
_53524_/B1                              0.75    0.81   -0.06 (VIOLATED)
_64192_/B1                              0.75    0.81   -0.06 (VIOLATED)
_64374_/B1                              0.75    0.80   -0.05 (VIOLATED)
_60906_/B1                              0.75    0.80   -0.05 (VIOLATED)
_60824_/C                               0.75    0.80   -0.05 (VIOLATED)
_63920_/B1                              0.75    0.80   -0.05 (VIOLATED)
_60823_/Y                               0.75    0.80   -0.05 (VIOLATED)
_63853_/B1                              0.75    0.80   -0.05 (VIOLATED)
_74126_/B1                              0.75    0.80   -0.05 (VIOLATED)
_53790_/B1                              0.75    0.80   -0.05 (VIOLATED)
_53442_/B1                              0.75    0.80   -0.05 (VIOLATED)
_74598_/B1                              0.75    0.80   -0.05 (VIOLATED)
_79860_/B                               0.75    0.80   -0.05 (VIOLATED)
_79859_/Y                               0.75    0.80   -0.05 (VIOLATED)
_74052_/B1                              0.75    0.80   -0.05 (VIOLATED)
_53523_/X                               0.75    0.80   -0.05 (VIOLATED)
_77023_/B1                              0.75    0.80   -0.05 (VIOLATED)
_77019_/B                               0.75    0.80   -0.05 (VIOLATED)
_77017_/Y                               0.75    0.80   -0.05 (VIOLATED)
_74409_/B1                              0.75    0.80   -0.05 (VIOLATED)
_53441_/X                               0.75    0.80   -0.05 (VIOLATED)
_71012_/A                               0.75    0.80   -0.05 (VIOLATED)
_71013_/A                               0.75    0.80   -0.05 (VIOLATED)
_71077_/A1                              0.75    0.80   -0.05 (VIOLATED)
_70525_/B                               0.75    0.80   -0.05 (VIOLATED)
_70670_/A                               0.75    0.80   -0.05 (VIOLATED)
_70467_/A                               0.75    0.80   -0.05 (VIOLATED)
_71117_/A                               0.75    0.80   -0.05 (VIOLATED)
_70466_/Y                               0.75    0.80   -0.05 (VIOLATED)
_80628_/A1                              0.75    0.80   -0.05 (VIOLATED)
_80627_/A                               0.75    0.80   -0.05 (VIOLATED)
_81076_/B                               0.75    0.80   -0.05 (VIOLATED)
_80623_/Y                               0.75    0.80   -0.05 (VIOLATED)
_48411_/B                               0.75    0.79   -0.04 (VIOLATED)
_48421_/B                               0.75    0.79   -0.04 (VIOLATED)
_48410_/Y                               0.75    0.79   -0.04 (VIOLATED)
_82943_/B                               0.75    0.79   -0.04 (VIOLATED)
_82977_/B                               0.75    0.79   -0.04 (VIOLATED)
_82257_/B                               0.75    0.79   -0.04 (VIOLATED)
_82161_/A                               0.75    0.79   -0.04 (VIOLATED)
_82160_/Y                               0.75    0.79   -0.04 (VIOLATED)
_58854_/B                               0.75    0.79   -0.04 (VIOLATED)
_59000_/B                               0.75    0.79   -0.04 (VIOLATED)
_59096_/A1                              0.75    0.79   -0.04 (VIOLATED)
_59014_/A                               0.75    0.79   -0.04 (VIOLATED)
_73105_/B                               0.75    0.79   -0.04 (VIOLATED)
_73106_/B                               0.75    0.79   -0.04 (VIOLATED)
ANTENNA_68/DIODE                        0.75    0.79   -0.04 (VIOLATED)
ANTENNA_69/DIODE                        0.75    0.79   -0.04 (VIOLATED)
_73104_/X                               0.75    0.79   -0.04 (VIOLATED)
_59662_/B2                              0.75    0.79   -0.04 (VIOLATED)
_59665_/A1                              0.75    0.79   -0.04 (VIOLATED)
_58853_/Y                               0.75    0.79   -0.04 (VIOLATED)
_45086_/A2                              0.75    0.79   -0.04 (VIOLATED)
_44900_/C                               0.75    0.79   -0.04 (VIOLATED)
_44899_/Y                               0.75    0.79   -0.04 (VIOLATED)
_85112_/A0                              0.75    0.79   -0.04 (VIOLATED)
_69110_/B1                              0.75    0.79   -0.04 (VIOLATED)
_69060_/D                               0.75    0.79   -0.04 (VIOLATED)
_69059_/Y                               0.75    0.79   -0.04 (VIOLATED)
_53135_/A                               0.75    0.79   -0.04 (VIOLATED)
_53124_/B1                              0.75    0.79   -0.04 (VIOLATED)
_52968_/C                               0.75    0.79   -0.04 (VIOLATED)
_52967_/Y                               0.75    0.79   -0.04 (VIOLATED)
_63084_/B                               0.75    0.79   -0.04 (VIOLATED)
_63085_/B                               0.75    0.79   -0.04 (VIOLATED)
_47455_/A1                              0.75    0.79   -0.04 (VIOLATED)
_63083_/Y                               0.75    0.79   -0.04 (VIOLATED)
_47462_/B                               0.75    0.79   -0.04 (VIOLATED)
_84547_/B1                              0.75    0.79   -0.04 (VIOLATED)
_46558_/A1                              0.75    0.79   -0.04 (VIOLATED)
_84249_/B1                              0.75    0.79   -0.04 (VIOLATED)
_46160_/Y                               0.75    0.79   -0.04 (VIOLATED)
_84586_/B1                              0.75    0.78   -0.03 (VIOLATED)
_84264_/B1                              0.75    0.78   -0.03 (VIOLATED)
_70000_/B                               0.75    0.78   -0.03 (VIOLATED)
_69992_/B                               0.75    0.78   -0.03 (VIOLATED)
_70036_/A                               0.75    0.78   -0.03 (VIOLATED)
_69991_/Y                               0.75    0.78   -0.03 (VIOLATED)
_63814_/B1                              0.75    0.78   -0.03 (VIOLATED)
_53706_/B1                              0.75    0.78   -0.03 (VIOLATED)
_53397_/B1                              0.75    0.78   -0.03 (VIOLATED)
_64099_/B1                              0.75    0.78   -0.03 (VIOLATED)
_79894_/B                               0.75    0.78   -0.03 (VIOLATED)
_79895_/B                               0.75    0.78   -0.03 (VIOLATED)
_79893_/Y                               0.75    0.78   -0.03 (VIOLATED)
_74013_/B1                              0.75    0.78   -0.03 (VIOLATED)
_63829_/B1                              0.75    0.78   -0.03 (VIOLATED)
_83948_/C1                              0.75    0.78   -0.03 (VIOLATED)
_83870_/C                               0.75    0.78   -0.03 (VIOLATED)
_83988_/C1                              0.75    0.78   -0.03 (VIOLATED)
_83993_/C1                              0.75    0.78   -0.03 (VIOLATED)
_83967_/A                               0.75    0.78   -0.03 (VIOLATED)
_83849_/Y                               0.75    0.78   -0.03 (VIOLATED)
_74320_/B1                              0.75    0.78   -0.03 (VIOLATED)
_53396_/X                               0.75    0.78   -0.03 (VIOLATED)
_64139_/B1                              0.75    0.78   -0.03 (VIOLATED)
_73737_/A                               0.75    0.78   -0.03 (VIOLATED)
_73661_/B                               0.75    0.78   -0.03 (VIOLATED)
_73665_/C1                              0.75    0.78   -0.03 (VIOLATED)
_73608_/D_N                             0.75    0.78   -0.03 (VIOLATED)
_73607_/Y                               0.75    0.78   -0.03 (VIOLATED)
_68798_/A1                              0.75    0.78   -0.03 (VIOLATED)
_68799_/B1                              0.75    0.78   -0.03 (VIOLATED)
_68877_/B2                              0.75    0.78   -0.03 (VIOLATED)
_68796_/A_N                             0.75    0.78   -0.03 (VIOLATED)
_68793_/Y                               0.75    0.78   -0.03 (VIOLATED)
_53743_/B1                              0.75    0.78   -0.03 (VIOLATED)
_53416_/B1_N                            0.75    0.78   -0.03 (VIOLATED)
_74029_/B1                              0.75    0.78   -0.03 (VIOLATED)
_52202_/B1                              0.75    0.78   -0.03 (VIOLATED)
_52170_/A                               0.75    0.78   -0.03 (VIOLATED)
_51994_/A                               0.75    0.78   -0.03 (VIOLATED)
_51993_/Y                               0.75    0.78   -0.03 (VIOLATED)
_73713_/A1                              0.75    0.78   -0.03 (VIOLATED)
_73601_/B_N                             0.75    0.78   -0.03 (VIOLATED)
_52929_/A                               0.75    0.78   -0.03 (VIOLATED)
_52927_/Y                               0.75    0.78   -0.03 (VIOLATED)
_73600_/Y                               0.75    0.78   -0.03 (VIOLATED)
_74360_/B1                              0.75    0.77   -0.02 (VIOLATED)
_53415_/X                               0.75    0.77   -0.02 (VIOLATED)
_53113_/A1                              0.75    0.77   -0.02 (VIOLATED)
_52975_/D                               0.75    0.77   -0.02 (VIOLATED)
_52974_/Y                               0.75    0.77   -0.02 (VIOLATED)
_56815_/B                               0.75    0.77   -0.02 (VIOLATED)
_56814_/Y                               0.75    0.77   -0.02 (VIOLATED)
_83545_/A                               0.75    0.77   -0.02 (VIOLATED)
_83544_/A                               0.75    0.77   -0.02 (VIOLATED)
_83541_/Y                               0.75    0.77   -0.02 (VIOLATED)
_54797_/D                               0.75    0.77   -0.02 (VIOLATED)
_54798_/B1                              0.75    0.77   -0.02 (VIOLATED)
_54796_/Y                               0.75    0.77   -0.02 (VIOLATED)
_80064_/A2                              0.75    0.77   -0.02 (VIOLATED)
_81857_/C                               0.75    0.77   -0.02 (VIOLATED)
_81791_/C1                              0.75    0.77   -0.02 (VIOLATED)
_81792_/A1                              0.75    0.77   -0.02 (VIOLATED)
_81872_/A                               0.75    0.77   -0.02 (VIOLATED)
_80061_/Y                               0.75    0.77   -0.02 (VIOLATED)
_84854_/B1                              0.75    0.77   -0.02 (VIOLATED)
_84366_/B1                              0.75    0.77   -0.02 (VIOLATED)
_64404_/B1                              0.75    0.77   -0.02 (VIOLATED)
_54007_/B1                              0.75    0.77   -0.02 (VIOLATED)
_63932_/B1                              0.75    0.77   -0.02 (VIOLATED)
_53536_/B1                              0.75    0.76   -0.01 (VIOLATED)
_74139_/B1                              0.75    0.76   -0.01 (VIOLATED)
_67799_/A2                              0.75    0.76   -0.01 (VIOLATED)
_67670_/C                               0.75    0.76   -0.01 (VIOLATED)
_67669_/Y                               0.75    0.76   -0.01 (VIOLATED)
_72150_/A                               0.75    0.76   -0.01 (VIOLATED)
_72222_/A1                              0.75    0.76   -0.01 (VIOLATED)
_72204_/A1                              0.75    0.76   -0.01 (VIOLATED)
_72154_/A1                              0.75    0.76   -0.01 (VIOLATED)
_72193_/A                               0.75    0.76   -0.01 (VIOLATED)
_72240_/B                               0.75    0.76   -0.01 (VIOLATED)
_72238_/B                               0.75    0.76   -0.01 (VIOLATED)
_74626_/B1                              0.75    0.76   -0.01 (VIOLATED)
_72149_/Y                               0.75    0.76   -0.01 (VIOLATED)
_53535_/X                               0.75    0.76   -0.01 (VIOLATED)
wire135/A                               0.75    0.76   -0.01 (VIOLATED)
_83360_/Y                               0.75    0.76   -0.01 (VIOLATED)
_80213_/B                               0.75    0.76   -0.01 (VIOLATED)
_80207_/A                               0.75    0.76   -0.01 (VIOLATED)
_80428_/A                               0.75    0.76   -0.01 (VIOLATED)
_80587_/A                               0.75    0.76   -0.01 (VIOLATED)
_80706_/A                               0.75    0.76   -0.01 (VIOLATED)
_81666_/B2                              0.75    0.76   -0.01 (VIOLATED)
_81583_/A                               0.75    0.76   -0.01 (VIOLATED)
_80707_/A_N                             0.75    0.76   -0.01 (VIOLATED)
_80197_/Y                               0.75    0.76   -0.01 (VIOLATED)
_45658_/B                               0.75    0.76   -0.01 (VIOLATED)
_45656_/A_N                             0.75    0.76   -0.01 (VIOLATED)
_45654_/Y                               0.75    0.76   -0.01 (VIOLATED)
output97/A                              0.75    0.76   -0.01 (VIOLATED)
ANTENNA_502/DIODE                       0.75    0.76   -0.01 (VIOLATED)
ANTENNA_503/DIODE                       0.75    0.76   -0.01 (VIOLATED)
ANTENNA_504/DIODE                       0.75    0.76   -0.01 (VIOLATED)
ANTENNA_505/DIODE                       0.75    0.76   -0.01 (VIOLATED)
ANTENNA_506/DIODE                       0.75    0.76   -0.01 (VIOLATED)
_83570_/B                               0.75    0.76   -0.01 (VIOLATED)
_83205_/B1                              0.75    0.76   -0.01 (VIOLATED)
_83204_/A                               0.75    0.76   -0.01 (VIOLATED)
_82050_/B                               0.75    0.76   -0.01 (VIOLATED)
_82049_/Y                               0.75    0.76   -0.01 (VIOLATED)
_83336_/B                               0.75    0.76   -0.01 (VIOLATED)
_55839_/C                               0.75    0.76   -0.01 (VIOLATED)
_55952_/B1                              0.75    0.76   -0.01 (VIOLATED)
_55838_/Y                               0.75    0.76   -0.01 (VIOLATED)
_43448_/X                               0.75    0.76   -0.01 (VIOLATED)
_68972_/A2                              0.75    0.75   -0.00 (VIOLATED)
_68982_/B                               0.75    0.75   -0.00 (VIOLATED)
_69060_/B                               0.75    0.75   -0.00 (VIOLATED)
_69110_/A1                              0.75    0.75   -0.00 (VIOLATED)
_68959_/Y                               0.75    0.75   -0.00 (VIOLATED)
_68699_/A                               0.75    0.75   -0.00 (VIOLATED)
_68698_/A                               0.75    0.75   -0.00 (VIOLATED)
_68803_/A1                              0.75    0.75   -0.00 (VIOLATED)
_68694_/Y                               0.75    0.75   -0.00 (VIOLATED)
_73110_/A2                              0.75    0.75   -0.00 (VIOLATED)
_72874_/A2                              0.75    0.75   -0.00 (VIOLATED)
_73124_/B                               0.75    0.75   -0.00 (VIOLATED)
_72870_/Y                               0.75    0.75   -0.00 (VIOLATED)
_53120_/A1                              0.75    0.75   -0.00 (VIOLATED)
_53112_/B                               0.75    0.75   -0.00 (VIOLATED)
_52975_/C                               0.75    0.75   -0.00 (VIOLATED)
_52970_/Y                               0.75    0.75   -0.00 (VIOLATED)
_84625_/B1                              0.75    0.75   -0.00 (VIOLATED)
_84279_/B1                              0.75    0.75   -0.00 (VIOLATED)
_67480_/A2                              0.75    0.75   -0.00 (VIOLATED)
_67336_/C                               0.75    0.75   -0.00 (VIOLATED)
_67335_/Y                               0.75    0.75   -0.00 (VIOLATED)
_80404_/A1                              0.75    0.75   -0.00 (VIOLATED)
_83415_/B1                              0.75    0.75   -0.00 (VIOLATED)
_80299_/A                               0.75    0.75   -0.00 (VIOLATED)
_83412_/A                               0.75    0.75   -0.00 (VIOLATED)
_81415_/A                               0.75    0.75   -0.00 (VIOLATED)
_81254_/B                               0.75    0.75   -0.00 (VIOLATED)
_80298_/X                               0.75    0.75   -0.00 (VIOLATED)
_85142_/A0                              0.75    0.75   -0.00 (VIOLATED)
_73593_/A                               0.75    0.75   -0.00 (VIOLATED)
_73592_/Y                               0.75    0.75   -0.00 (VIOLATED)
_64183_/B1                              0.75    0.75   -0.00 (VIOLATED)
_53782_/B1                              0.75    0.75   -0.00 (VIOLATED)
_53435_/B1                              0.75    0.75   -0.00 (VIOLATED)
_63846_/B1                              0.75    0.75   -0.00 (VIOLATED)

max fanout

Pin                                   Limit Fanout  Slack
---------------------------------------------------------
input45/X                                10     39    -29 (VIOLATED)
input47/X                                10     29    -19 (VIOLATED)
_42912_/X                                10     26    -16 (VIOLATED)
_43077_/X                                10     20    -10 (VIOLATED)
input54/X                                10     19     -9 (VIOLATED)
_43415_/X                                10     18     -8 (VIOLATED)
_43479_/X                                10     17     -7 (VIOLATED)
clkbuf_3_1__f_clk/X                      10     17     -7 (VIOLATED)
input63/X                                10     17     -7 (VIOLATED)
_42979_/X                                10     15     -5 (VIOLATED)
_53359_/X                                10     15     -5 (VIOLATED)
_42698_/X                                10     14     -4 (VIOLATED)
_42848_/X                                10     14     -4 (VIOLATED)
_43112_/X                                10     14     -4 (VIOLATED)
_43576_/X                                10     14     -4 (VIOLATED)
clkbuf_3_0__f_clk/X                      10     14     -4 (VIOLATED)
clkbuf_3_3__f_clk/X                      10     14     -4 (VIOLATED)
input59/X                                10     14     -4 (VIOLATED)
_53451_/X                                10     13     -3 (VIOLATED)
_74236_/X                                10     13     -3 (VIOLATED)
clkbuf_leaf_25_clk/X                     10     13     -3 (VIOLATED)
_42604_/X                                10     12     -2 (VIOLATED)
_42785_/X                                10     12     -2 (VIOLATED)
_64584_/X                                10     12     -2 (VIOLATED)
clkbuf_3_7__f_clk/X                      10     12     -2 (VIOLATED)
_42572_/X                                10     11        (VIOLATED)
_42845_/X                                10     11        (VIOLATED)
_42874_/X                                10     11        (VIOLATED)
_42882_/X                                10     11        (VIOLATED)
_42985_/X                                10     11        (VIOLATED)
_43150_/X                                10     11        (VIOLATED)
_43924_/X                                10     11        (VIOLATED)
_74697_/X                                10     11        (VIOLATED)
_74703_/X                                10     11        (VIOLATED)
_74862_/X                                10     11        (VIOLATED)
_74865_/X                                10     11        (VIOLATED)
_76417_/X                                10     11        (VIOLATED)
clkbuf_3_2__f_clk/X                      10     11        (VIOLATED)
clkbuf_3_4__f_clk/X                      10     11        (VIOLATED)
input17/X                                10     11        (VIOLATED)
input41/X                                10     11        (VIOLATED)


======================= Typical Corner ===================================

max slew

Pin                                    Limit    Slew   Slack
------------------------------------------------------------
clkbuf_0_clk/A                          0.75    0.81   -0.06 (VIOLATED)
ANTENNA_84/DIODE                        0.75    0.81   -0.06 (VIOLATED)
clk                                     0.75    0.80   -0.05 (VIOLATED)
_83841_/B                               0.75    0.77   -0.02 (VIOLATED)
_83385_/B                               0.75    0.77   -0.02 (VIOLATED)
_83480_/B                               0.75    0.77   -0.02 (VIOLATED)
_83384_/Y                               0.75    0.76   -0.01 (VIOLATED)

max fanout

Pin                                   Limit Fanout  Slack
---------------------------------------------------------
input45/X                                10     39    -29 (VIOLATED)
input47/X                                10     29    -19 (VIOLATED)
_42912_/X                                10     26    -16 (VIOLATED)
_43077_/X                                10     20    -10 (VIOLATED)
input54/X                                10     19     -9 (VIOLATED)
_43415_/X                                10     18     -8 (VIOLATED)
_43479_/X                                10     17     -7 (VIOLATED)
clkbuf_3_1__f_clk/X                      10     17     -7 (VIOLATED)
input63/X                                10     17     -7 (VIOLATED)
_42979_/X                                10     15     -5 (VIOLATED)
_53359_/X                                10     15     -5 (VIOLATED)
_42698_/X                                10     14     -4 (VIOLATED)
_42848_/X                                10     14     -4 (VIOLATED)
_43112_/X                                10     14     -4 (VIOLATED)
_43576_/X                                10     14     -4 (VIOLATED)
clkbuf_3_0__f_clk/X                      10     14     -4 (VIOLATED)
clkbuf_3_3__f_clk/X                      10     14     -4 (VIOLATED)
input59/X                                10     14     -4 (VIOLATED)
_53451_/X                                10     13     -3 (VIOLATED)
_74236_/X                                10     13     -3 (VIOLATED)
clkbuf_leaf_25_clk/X                     10     13     -3 (VIOLATED)
_42604_/X                                10     12     -2 (VIOLATED)
_42785_/X                                10     12     -2 (VIOLATED)
_64584_/X                                10     12     -2 (VIOLATED)
clkbuf_3_7__f_clk/X                      10     12     -2 (VIOLATED)
_42572_/X                                10     11        (VIOLATED)
_42845_/X                                10     11        (VIOLATED)
_42874_/X                                10     11        (VIOLATED)
_42882_/X                                10     11        (VIOLATED)
_42985_/X                                10     11        (VIOLATED)
_43150_/X                                10     11        (VIOLATED)
_43924_/X                                10     11        (VIOLATED)
_74697_/X                                10     11        (VIOLATED)
_74703_/X                                10     11        (VIOLATED)
_74862_/X                                10     11        (VIOLATED)
_74865_/X                                10     11        (VIOLATED)
_76417_/X                                10     11        (VIOLATED)
clkbuf_3_2__f_clk/X                      10     11        (VIOLATED)
clkbuf_3_4__f_clk/X                      10     11        (VIOLATED)
input17/X                                10     11        (VIOLATED)
input41/X                                10     11        (VIOLATED)



===========================================================================
report_parasitic_annotation -report_unannotated
============================================================================
Found 0 unannotated drivers.
Found 0 partially unannotated drivers.

===========================================================================
max slew violation count 566
max fanout violation count 41
max cap violation count 0
============================================================================

===========================================================================
check_setup -verbose -unconstrained_endpoints -multiple_clock -no_clock -no_input_delay -loops -generated_clocks
===========================================================================
