

================================================================
== Vitis HLS Report for 'fwd_stage2_t_128_s'
================================================================
* Date:           Thu Jun 11 23:16:35 2026

* Version:        2023.2 (Build 4023990 on Oct 11 2023)
* Project:        ntt_kyber
* Solution:       solution1 (Vivado IP Flow Target)
* Product family: zynquplus
* Target device:  xck26-sfvc784-2LV-c


================================================================
== Performance Estimates
================================================================
+ Timing: 
    * Summary: 
    +--------+----------+----------+------------+
    |  Clock |  Target  | Estimated| Uncertainty|
    +--------+----------+----------+------------+
    |ap_clk  |  10.00 ns|  6.216 ns|     2.70 ns|
    +--------+----------+----------+------------+

+ Latency: 
    * Summary: 
    +---------+---------+----------+----------+-----+-----+---------+
    |  Latency (cycles) |  Latency (absolute) |  Interval | Pipeline|
    |   min   |   max   |    min   |    max   | min | max |   Type  |
    +---------+---------+----------+----------+-----+-----+---------+
    |       23|       23|  0.230 us|  0.230 us|   23|   23|       no|
    +---------+---------+----------+----------+-----+-----+---------+

    + Detail: 
        * Instance: 
        N/A

        * Loop: 
        +-----------+---------+---------+----------+-----------+-----------+------+----------+
        |           |  Latency (cycles) | Iteration|  Initiation Interval  | Trip |          |
        | Loop Name |   min   |   max   |  Latency |  achieved |   target  | Count| Pipelined|
        +-----------+---------+---------+----------+-----------+-----------+------+----------+
        |- FWD_BF2  |       21|       21|         7|          1|          1|    16|       yes|
        +-----------+---------+---------+----------+-----------+-----------+------+----------+

============================================================
+ Verbose Summary: Synthesis Manager
============================================================
InlineROM: 1
ExposeGlobal: 0
============================================================
+ Verbose Summary: CDFG Model
============================================================
IsTopModel: 0
ResetActiveHigh: 1
IsCombinational: 0
IsDatapathOnly: 0
HasWiredReturn: 1
HasMFsm: 2
HasVarLatency: 1
IsPipeline: 0
IsRtlPipelined: 0
IsInstanceOverlapped: 0
IsDontTouch: 0
HasImplIP: 0
IsGatedGlobalClock: 0

+ Individual pipeline summary: 
  * Pipeline-0: initiation interval (II) = 1, depth = 7


============================================================
+ Verbose Summary: Schedule
============================================================
* Number of FSM states : 7
* Pipeline : 1
  Pipeline-0 : II = 1, D = 7, States = { 1 2 3 4 5 6 7 }
* Dataflow Pipeline: 0

* FSM state transitions: 
1 --> 2 
2 --> 3 
3 --> 4 
4 --> 5 
5 --> 6 
6 --> 7 
7 --> 

* FSM state operations: 

State 1 <SV = 0> <Delay = 1.86>
ST_1 : Operation 10 [1/1] (0.00ns)   --->   "%j1 = alloca i32 1" [kyber-mult-kernel-dataflow.cpp:80]   --->   Operation 10 'alloca' 'j1' <Predicate = true> <Delay = 0.00>
ST_1 : Operation 11 [1/1] (0.42ns)   --->   "%store_ln80 = store i8 0, i8 %j1" [kyber-mult-kernel-dataflow.cpp:80]   --->   Operation 11 'store' 'store_ln80' <Predicate = true> <Delay = 0.42>
ST_1 : Operation 12 [1/1] (0.00ns)   --->   "%br_ln73 = br void %VITIS_LOOP_75_1" [kyber-mult-kernel-dataflow.cpp:73]   --->   Operation 12 'br' 'br_ln73' <Predicate = true> <Delay = 0.00>
ST_1 : Operation 13 [1/1] (0.00ns)   --->   "%m = load i8 %j1" [kyber-mult-kernel-dataflow.cpp:73]   --->   Operation 13 'load' 'm' <Predicate = true> <Delay = 0.00>
ST_1 : Operation 14 [1/1] (0.00ns)   --->   "%tmp = bitselect i1 @_ssdm_op_BitSelect.i1.i8.i32, i8 %m, i32 7" [kyber-mult-kernel-dataflow.cpp:73]   --->   Operation 14 'bitselect' 'tmp' <Predicate = true> <Delay = 0.00>
ST_1 : Operation 15 [1/1] (0.00ns)   --->   "%br_ln73 = br i1 %tmp, void %fpga_resource_hint.VITIS_LOOP_75_1.47, void %for.end46" [kyber-mult-kernel-dataflow.cpp:73]   --->   Operation 15 'br' 'br_ln73' <Predicate = true> <Delay = 0.00>
ST_1 : Operation 16 [1/1] (0.00ns)   --->   "%trunc_ln73 = trunc i8 %m" [kyber-mult-kernel-dataflow.cpp:73]   --->   Operation 16 'trunc' 'trunc_ln73' <Predicate = (!tmp)> <Delay = 0.00>
ST_1 : Operation 17 [1/1] (0.00ns)   --->   "%lshr_ln = partselect i5 @_ssdm_op_PartSelect.i5.i8.i32.i32, i8 %m, i32 2, i32 6" [kyber-mult-kernel-dataflow.cpp:73]   --->   Operation 17 'partselect' 'lshr_ln' <Predicate = (!tmp)> <Delay = 0.00>
ST_1 : Operation 18 [1/1] (0.00ns)   --->   "%zext_ln73 = zext i5 %lshr_ln" [kyber-mult-kernel-dataflow.cpp:73]   --->   Operation 18 'zext' 'zext_ln73' <Predicate = (!tmp)> <Delay = 0.00>
ST_1 : Operation 19 [1/1] (0.76ns)   --->   "%add_ln73 = add i8 %m, i8 135" [kyber-mult-kernel-dataflow.cpp:73]   --->   Operation 19 'add' 'add_ln73' <Predicate = (!tmp)> <Delay = 0.76> <CoreInst = "Adder">   --->   Core 1 'Adder' <Latency = 0> <II = 1> <Delay = 0.76> <FuncUnit> <Opcode : 'add' 'sub'> <InPorts = 2> <OutPorts = 1>
ST_1 : Operation 20 [1/1] (0.00ns)   --->   "%or_ln73 = or i5 %lshr_ln, i5 1" [kyber-mult-kernel-dataflow.cpp:73]   --->   Operation 20 'or' 'or_ln73' <Predicate = (!tmp)> <Delay = 0.00>
ST_1 : Operation 21 [1/1] (0.00ns)   --->   "%zext_ln73_1 = zext i5 %or_ln73" [kyber-mult-kernel-dataflow.cpp:73]   --->   Operation 21 'zext' 'zext_ln73_1' <Predicate = (!tmp)> <Delay = 0.00>
ST_1 : Operation 22 [1/1] (0.76ns)   --->   "%add_ln73_1 = add i8 %m, i8 134" [kyber-mult-kernel-dataflow.cpp:73]   --->   Operation 22 'add' 'add_ln73_1' <Predicate = (!tmp)> <Delay = 0.76> <CoreInst = "Adder">   --->   Core 1 'Adder' <Latency = 0> <II = 1> <Delay = 0.76> <FuncUnit> <Opcode : 'add' 'sub'> <InPorts = 2> <OutPorts = 1>
ST_1 : Operation 23 [1/1] (0.76ns)   --->   "%add_ln73_2 = add i8 %m, i8 133" [kyber-mult-kernel-dataflow.cpp:73]   --->   Operation 23 'add' 'add_ln73_2' <Predicate = (!tmp)> <Delay = 0.76> <CoreInst = "Adder">   --->   Core 1 'Adder' <Latency = 0> <II = 1> <Delay = 0.76> <FuncUnit> <Opcode : 'add' 'sub'> <InPorts = 2> <OutPorts = 1>
ST_1 : Operation 24 [1/1] (0.76ns)   --->   "%add_ln73_3 = add i8 %m, i8 132" [kyber-mult-kernel-dataflow.cpp:73]   --->   Operation 24 'add' 'add_ln73_3' <Predicate = (!tmp)> <Delay = 0.76> <CoreInst = "Adder">   --->   Core 1 'Adder' <Latency = 0> <II = 1> <Delay = 0.76> <FuncUnit> <Opcode : 'add' 'sub'> <InPorts = 2> <OutPorts = 1>
ST_1 : Operation 25 [1/1] (0.76ns)   --->   "%add_ln73_4 = add i8 %m, i8 131" [kyber-mult-kernel-dataflow.cpp:73]   --->   Operation 25 'add' 'add_ln73_4' <Predicate = (!tmp)> <Delay = 0.76> <CoreInst = "Adder">   --->   Core 1 'Adder' <Latency = 0> <II = 1> <Delay = 0.76> <FuncUnit> <Opcode : 'add' 'sub'> <InPorts = 2> <OutPorts = 1>
ST_1 : Operation 26 [1/1] (0.76ns)   --->   "%add_ln73_5 = add i8 %m, i8 130" [kyber-mult-kernel-dataflow.cpp:73]   --->   Operation 26 'add' 'add_ln73_5' <Predicate = (!tmp)> <Delay = 0.76> <CoreInst = "Adder">   --->   Core 1 'Adder' <Latency = 0> <II = 1> <Delay = 0.76> <FuncUnit> <Opcode : 'add' 'sub'> <InPorts = 2> <OutPorts = 1>
ST_1 : Operation 27 [1/1] (0.76ns)   --->   "%add_ln73_6 = add i8 %m, i8 129" [kyber-mult-kernel-dataflow.cpp:73]   --->   Operation 27 'add' 'add_ln73_6' <Predicate = (!tmp)> <Delay = 0.76> <CoreInst = "Adder">   --->   Core 1 'Adder' <Latency = 0> <II = 1> <Delay = 0.76> <FuncUnit> <Opcode : 'add' 'sub'> <InPorts = 2> <OutPorts = 1>
ST_1 : Operation 28 [1/1] (0.00ns)   --->   "%lshr_ln73_1 = partselect i3 @_ssdm_op_PartSelect.i3.i8.i32.i32, i8 %m, i32 4, i32 6" [kyber-mult-kernel-dataflow.cpp:73]   --->   Operation 28 'partselect' 'lshr_ln73_1' <Predicate = (!tmp)> <Delay = 0.00>
ST_1 : Operation 29 [1/1] (0.00ns)   --->   "%zext_ln82_cast = bitconcatenate i4 @_ssdm_op_BitConcatenate.i4.i1.i3, i1 1, i3 %lshr_ln73_1" [kyber-mult-kernel-dataflow.cpp:82]   --->   Operation 29 'bitconcatenate' 'zext_ln82_cast' <Predicate = (!tmp)> <Delay = 0.00>
ST_1 : Operation 30 [1/1] (0.00ns)   --->   "%zext_ln82 = zext i4 %zext_ln82_cast" [kyber-mult-kernel-dataflow.cpp:82]   --->   Operation 30 'zext' 'zext_ln82' <Predicate = (!tmp)> <Delay = 0.00>
ST_1 : Operation 31 [1/1] (0.00ns)   --->   "%p_ZL5FWD_W_0_0_addr = getelementptr i10 %p_ZL5FWD_W_0_0, i64 0, i64 %zext_ln73" [kyber-mult-kernel-dataflow.cpp:82]   --->   Operation 31 'getelementptr' 'p_ZL5FWD_W_0_0_addr' <Predicate = (!tmp)> <Delay = 0.00>
ST_1 : Operation 32 [2/2] (0.67ns)   --->   "%w = load i5 %p_ZL5FWD_W_0_0_addr" [kyber-mult-kernel-dataflow.cpp:82]   --->   Operation 32 'load' 'w' <Predicate = (!tmp)> <Delay = 0.67> <CoreInst = "ROM">   --->   Core 101 'ROM' <Latency = 1> <II = 1> <Delay = 0.67> <Storage> <Opcode : 'load'> <Ports = 0> <Width = 10> <Depth = 32> <ROM>
ST_1 : Operation 33 [1/1] (0.00ns)   --->   "%p_ZL6FWD_MW_0_0_addr = getelementptr i16 %p_ZL6FWD_MW_0_0, i64 0, i64 %zext_ln73" [kyber-mult-kernel-dataflow.cpp:82]   --->   Operation 33 'getelementptr' 'p_ZL6FWD_MW_0_0_addr' <Predicate = (!tmp)> <Delay = 0.00>
ST_1 : Operation 34 [2/2] (0.67ns)   --->   "%mw = load i5 %p_ZL6FWD_MW_0_0_addr" [kyber-mult-kernel-dataflow.cpp:82]   --->   Operation 34 'load' 'mw' <Predicate = (!tmp)> <Delay = 0.67> <CoreInst = "ROM">   --->   Core 101 'ROM' <Latency = 1> <II = 1> <Delay = 0.67> <Storage> <Opcode : 'load'> <Ports = 0> <Width = 16> <Depth = 32> <ROM>
ST_1 : Operation 35 [1/1] (0.79ns)   --->   "%icmp_ln83 = icmp_ne  i4 %trunc_ln73, i4 0" [kyber-mult-kernel-dataflow.cpp:83]   --->   Operation 35 'icmp' 'icmp_ln83' <Predicate = (!tmp)> <Delay = 0.79> <CoreInst = "Cmp">   --->   Core 9 'Cmp' <Latency = 0> <II = 1> <Delay = 0.79> <FuncUnit> <Opcode : 'icmp'> <InPorts = 2> <OutPorts = 1>
ST_1 : Operation 36 [1/1] (0.00ns)   --->   "%sA_0_addr_4 = getelementptr i12 %sA_0, i64 0, i64 %zext_ln82" [kyber-mult-kernel-dataflow.cpp:83]   --->   Operation 36 'getelementptr' 'sA_0_addr_4' <Predicate = (!tmp)> <Delay = 0.00>
ST_1 : Operation 37 [1/1] (0.00ns)   --->   "%sA_8_addr_4 = getelementptr i12 %sA_8, i64 0, i64 %zext_ln82" [kyber-mult-kernel-dataflow.cpp:83]   --->   Operation 37 'getelementptr' 'sA_8_addr_4' <Predicate = (!tmp)> <Delay = 0.00>
ST_1 : Operation 38 [2/2] (0.67ns)   --->   "%sA_0_load_4 = load i4 %sA_0_addr_4" [kyber-mult-kernel-dataflow.cpp:83]   --->   Operation 38 'load' 'sA_0_load_4' <Predicate = (!tmp)> <Delay = 0.67> <CoreInst = "RAM">   --->   Core 83 'RAM' <Latency = 1> <II = 1> <Delay = 0.67> <Storage> <Opcode : 'load' 'store'> <Ports = 2> <Width = 12> <Depth = 16> <RAM>
ST_1 : Operation 39 [2/2] (0.67ns)   --->   "%sA_8_load_4 = load i4 %sA_8_addr_4" [kyber-mult-kernel-dataflow.cpp:83]   --->   Operation 39 'load' 'sA_8_load_4' <Predicate = (!tmp)> <Delay = 0.67> <CoreInst = "RAM">   --->   Core 83 'RAM' <Latency = 1> <II = 1> <Delay = 0.67> <Storage> <Opcode : 'load' 'store'> <Ports = 2> <Width = 12> <Depth = 16> <RAM>
ST_1 : Operation 40 [1/1] (0.00ns)   --->   "%dA_0_addr_4 = getelementptr i12 %dA_0, i64 0, i64 %zext_ln82" [kyber-mult-kernel-dataflow.cpp:84]   --->   Operation 40 'getelementptr' 'dA_0_addr_4' <Predicate = (!tmp)> <Delay = 0.00>
ST_1 : Operation 41 [1/1] (0.00ns)   --->   "%dA_8_addr_4 = getelementptr i12 %dA_8, i64 0, i64 %zext_ln82" [kyber-mult-kernel-dataflow.cpp:84]   --->   Operation 41 'getelementptr' 'dA_8_addr_4' <Predicate = (!tmp)> <Delay = 0.00>
ST_1 : Operation 42 [1/1] (0.00ns)   --->   "%sB_0_addr_4 = getelementptr i12 %sB_0, i64 0, i64 %zext_ln82" [kyber-mult-kernel-dataflow.cpp:85]   --->   Operation 42 'getelementptr' 'sB_0_addr_4' <Predicate = (!tmp)> <Delay = 0.00>
ST_1 : Operation 43 [1/1] (0.00ns)   --->   "%sB_8_addr_4 = getelementptr i12 %sB_8, i64 0, i64 %zext_ln82" [kyber-mult-kernel-dataflow.cpp:85]   --->   Operation 43 'getelementptr' 'sB_8_addr_4' <Predicate = (!tmp)> <Delay = 0.00>
ST_1 : Operation 44 [1/1] (0.00ns)   --->   "%dB_0_addr_4 = getelementptr i12 %dB_0, i64 0, i64 %zext_ln82" [kyber-mult-kernel-dataflow.cpp:86]   --->   Operation 44 'getelementptr' 'dB_0_addr_4' <Predicate = (!tmp)> <Delay = 0.00>
ST_1 : Operation 45 [1/1] (0.00ns)   --->   "%dB_8_addr_4 = getelementptr i12 %dB_8, i64 0, i64 %zext_ln82" [kyber-mult-kernel-dataflow.cpp:86]   --->   Operation 45 'getelementptr' 'dB_8_addr_4' <Predicate = (!tmp)> <Delay = 0.00>
ST_1 : Operation 46 [1/1] (0.00ns)   --->   "%lshr_ln1 = partselect i4 @_ssdm_op_PartSelect.i4.i8.i32.i32, i8 %add_ln73_6, i32 4, i32 7" [kyber-mult-kernel-dataflow.cpp:82]   --->   Operation 46 'partselect' 'lshr_ln1' <Predicate = (!tmp)> <Delay = 0.00>
ST_1 : Operation 47 [1/1] (0.00ns)   --->   "%zext_ln82_3 = zext i4 %lshr_ln1" [kyber-mult-kernel-dataflow.cpp:82]   --->   Operation 47 'zext' 'zext_ln82_3' <Predicate = (!tmp)> <Delay = 0.00>
ST_1 : Operation 48 [1/1] (0.00ns)   --->   "%p_ZL5FWD_W_1_0_addr = getelementptr i10 %p_ZL5FWD_W_1_0, i64 0, i64 %zext_ln73" [kyber-mult-kernel-dataflow.cpp:82]   --->   Operation 48 'getelementptr' 'p_ZL5FWD_W_1_0_addr' <Predicate = (!tmp)> <Delay = 0.00>
ST_1 : Operation 49 [2/2] (0.67ns)   --->   "%w_51 = load i5 %p_ZL5FWD_W_1_0_addr" [kyber-mult-kernel-dataflow.cpp:82]   --->   Operation 49 'load' 'w_51' <Predicate = (!tmp)> <Delay = 0.67> <CoreInst = "ROM">   --->   Core 101 'ROM' <Latency = 1> <II = 1> <Delay = 0.67> <Storage> <Opcode : 'load'> <Ports = 0> <Width = 10> <Depth = 32> <ROM>
ST_1 : Operation 50 [1/1] (0.00ns)   --->   "%p_ZL6FWD_MW_1_0_addr = getelementptr i16 %p_ZL6FWD_MW_1_0, i64 0, i64 %zext_ln73" [kyber-mult-kernel-dataflow.cpp:82]   --->   Operation 50 'getelementptr' 'p_ZL6FWD_MW_1_0_addr' <Predicate = (!tmp)> <Delay = 0.00>
ST_1 : Operation 51 [2/2] (0.67ns)   --->   "%mw_43 = load i5 %p_ZL6FWD_MW_1_0_addr" [kyber-mult-kernel-dataflow.cpp:82]   --->   Operation 51 'load' 'mw_43' <Predicate = (!tmp)> <Delay = 0.67> <CoreInst = "ROM">   --->   Core 101 'ROM' <Latency = 1> <II = 1> <Delay = 0.67> <Storage> <Opcode : 'load'> <Ports = 0> <Width = 16> <Depth = 32> <ROM>
ST_1 : Operation 52 [1/1] (0.00ns)   --->   "%sA_1_addr_4 = getelementptr i12 %sA_1, i64 0, i64 %zext_ln82_3" [kyber-mult-kernel-dataflow.cpp:83]   --->   Operation 52 'getelementptr' 'sA_1_addr_4' <Predicate = (!tmp)> <Delay = 0.00>
ST_1 : Operation 53 [1/1] (0.00ns)   --->   "%sA_9_addr_4 = getelementptr i12 %sA_9, i64 0, i64 %zext_ln82_3" [kyber-mult-kernel-dataflow.cpp:83]   --->   Operation 53 'getelementptr' 'sA_9_addr_4' <Predicate = (!tmp)> <Delay = 0.00>
ST_1 : Operation 54 [1/1] (0.00ns)   --->   "%dA_1_addr_4 = getelementptr i12 %dA_1, i64 0, i64 %zext_ln82_3" [kyber-mult-kernel-dataflow.cpp:84]   --->   Operation 54 'getelementptr' 'dA_1_addr_4' <Predicate = (!tmp)> <Delay = 0.00>
ST_1 : Operation 55 [1/1] (0.00ns)   --->   "%dA_9_addr_4 = getelementptr i12 %dA_9, i64 0, i64 %zext_ln82_3" [kyber-mult-kernel-dataflow.cpp:84]   --->   Operation 55 'getelementptr' 'dA_9_addr_4' <Predicate = (!tmp)> <Delay = 0.00>
ST_1 : Operation 56 [1/1] (0.00ns)   --->   "%sB_1_addr_4 = getelementptr i12 %sB_1, i64 0, i64 %zext_ln82_3" [kyber-mult-kernel-dataflow.cpp:85]   --->   Operation 56 'getelementptr' 'sB_1_addr_4' <Predicate = (!tmp)> <Delay = 0.00>
ST_1 : Operation 57 [1/1] (0.00ns)   --->   "%sB_9_addr_4 = getelementptr i12 %sB_9, i64 0, i64 %zext_ln82_3" [kyber-mult-kernel-dataflow.cpp:85]   --->   Operation 57 'getelementptr' 'sB_9_addr_4' <Predicate = (!tmp)> <Delay = 0.00>
ST_1 : Operation 58 [1/1] (0.00ns)   --->   "%dB_1_addr_4 = getelementptr i12 %dB_1, i64 0, i64 %zext_ln82_3" [kyber-mult-kernel-dataflow.cpp:86]   --->   Operation 58 'getelementptr' 'dB_1_addr_4' <Predicate = (!tmp)> <Delay = 0.00>
ST_1 : Operation 59 [1/1] (0.00ns)   --->   "%dB_9_addr_4 = getelementptr i12 %dB_9, i64 0, i64 %zext_ln82_3" [kyber-mult-kernel-dataflow.cpp:86]   --->   Operation 59 'getelementptr' 'dB_9_addr_4' <Predicate = (!tmp)> <Delay = 0.00>
ST_1 : Operation 60 [1/1] (0.00ns)   --->   "%lshr_ln82_1 = partselect i4 @_ssdm_op_PartSelect.i4.i8.i32.i32, i8 %add_ln73_5, i32 4, i32 7" [kyber-mult-kernel-dataflow.cpp:82]   --->   Operation 60 'partselect' 'lshr_ln82_1' <Predicate = (!tmp)> <Delay = 0.00>
ST_1 : Operation 61 [1/1] (0.00ns)   --->   "%zext_ln82_4 = zext i4 %lshr_ln82_1" [kyber-mult-kernel-dataflow.cpp:82]   --->   Operation 61 'zext' 'zext_ln82_4' <Predicate = (!tmp)> <Delay = 0.00>
ST_1 : Operation 62 [1/1] (0.00ns)   --->   "%p_ZL5FWD_W_2_0_addr = getelementptr i10 %p_ZL5FWD_W_2_0, i64 0, i64 %zext_ln73" [kyber-mult-kernel-dataflow.cpp:82]   --->   Operation 62 'getelementptr' 'p_ZL5FWD_W_2_0_addr' <Predicate = (!tmp)> <Delay = 0.00>
ST_1 : Operation 63 [2/2] (0.67ns)   --->   "%w_52 = load i5 %p_ZL5FWD_W_2_0_addr" [kyber-mult-kernel-dataflow.cpp:82]   --->   Operation 63 'load' 'w_52' <Predicate = (!tmp)> <Delay = 0.67> <CoreInst = "ROM">   --->   Core 101 'ROM' <Latency = 1> <II = 1> <Delay = 0.67> <Storage> <Opcode : 'load'> <Ports = 0> <Width = 10> <Depth = 32> <ROM>
ST_1 : Operation 64 [1/1] (0.00ns)   --->   "%p_ZL6FWD_MW_2_0_addr = getelementptr i16 %p_ZL6FWD_MW_2_0, i64 0, i64 %zext_ln73" [kyber-mult-kernel-dataflow.cpp:82]   --->   Operation 64 'getelementptr' 'p_ZL6FWD_MW_2_0_addr' <Predicate = (!tmp)> <Delay = 0.00>
ST_1 : Operation 65 [2/2] (0.67ns)   --->   "%mw_44 = load i5 %p_ZL6FWD_MW_2_0_addr" [kyber-mult-kernel-dataflow.cpp:82]   --->   Operation 65 'load' 'mw_44' <Predicate = (!tmp)> <Delay = 0.67> <CoreInst = "ROM">   --->   Core 101 'ROM' <Latency = 1> <II = 1> <Delay = 0.67> <Storage> <Opcode : 'load'> <Ports = 0> <Width = 16> <Depth = 32> <ROM>
ST_1 : Operation 66 [1/1] (0.00ns)   --->   "%sA_2_addr_4 = getelementptr i12 %sA_2, i64 0, i64 %zext_ln82_4" [kyber-mult-kernel-dataflow.cpp:83]   --->   Operation 66 'getelementptr' 'sA_2_addr_4' <Predicate = (!tmp)> <Delay = 0.00>
ST_1 : Operation 67 [1/1] (0.00ns)   --->   "%sA_10_addr_4 = getelementptr i12 %sA_10, i64 0, i64 %zext_ln82_4" [kyber-mult-kernel-dataflow.cpp:83]   --->   Operation 67 'getelementptr' 'sA_10_addr_4' <Predicate = (!tmp)> <Delay = 0.00>
ST_1 : Operation 68 [1/1] (0.00ns)   --->   "%dA_2_addr_4 = getelementptr i12 %dA_2, i64 0, i64 %zext_ln82_4" [kyber-mult-kernel-dataflow.cpp:84]   --->   Operation 68 'getelementptr' 'dA_2_addr_4' <Predicate = (!tmp)> <Delay = 0.00>
ST_1 : Operation 69 [1/1] (0.00ns)   --->   "%dA_10_addr_4 = getelementptr i12 %dA_10, i64 0, i64 %zext_ln82_4" [kyber-mult-kernel-dataflow.cpp:84]   --->   Operation 69 'getelementptr' 'dA_10_addr_4' <Predicate = (!tmp)> <Delay = 0.00>
ST_1 : Operation 70 [1/1] (0.00ns)   --->   "%sB_2_addr_4 = getelementptr i12 %sB_2, i64 0, i64 %zext_ln82_4" [kyber-mult-kernel-dataflow.cpp:85]   --->   Operation 70 'getelementptr' 'sB_2_addr_4' <Predicate = (!tmp)> <Delay = 0.00>
ST_1 : Operation 71 [1/1] (0.00ns)   --->   "%sB_10_addr_4 = getelementptr i12 %sB_10, i64 0, i64 %zext_ln82_4" [kyber-mult-kernel-dataflow.cpp:85]   --->   Operation 71 'getelementptr' 'sB_10_addr_4' <Predicate = (!tmp)> <Delay = 0.00>
ST_1 : Operation 72 [1/1] (0.00ns)   --->   "%dB_2_addr_4 = getelementptr i12 %dB_2, i64 0, i64 %zext_ln82_4" [kyber-mult-kernel-dataflow.cpp:86]   --->   Operation 72 'getelementptr' 'dB_2_addr_4' <Predicate = (!tmp)> <Delay = 0.00>
ST_1 : Operation 73 [1/1] (0.00ns)   --->   "%dB_10_addr_4 = getelementptr i12 %dB_10, i64 0, i64 %zext_ln82_4" [kyber-mult-kernel-dataflow.cpp:86]   --->   Operation 73 'getelementptr' 'dB_10_addr_4' <Predicate = (!tmp)> <Delay = 0.00>
ST_1 : Operation 74 [1/1] (0.00ns)   --->   "%lshr_ln82_2 = partselect i4 @_ssdm_op_PartSelect.i4.i8.i32.i32, i8 %add_ln73_4, i32 4, i32 7" [kyber-mult-kernel-dataflow.cpp:82]   --->   Operation 74 'partselect' 'lshr_ln82_2' <Predicate = (!tmp)> <Delay = 0.00>
ST_1 : Operation 75 [1/1] (0.00ns)   --->   "%zext_ln82_5 = zext i4 %lshr_ln82_2" [kyber-mult-kernel-dataflow.cpp:82]   --->   Operation 75 'zext' 'zext_ln82_5' <Predicate = (!tmp)> <Delay = 0.00>
ST_1 : Operation 76 [1/1] (0.00ns)   --->   "%p_ZL5FWD_W_3_0_addr = getelementptr i10 %p_ZL5FWD_W_3_0, i64 0, i64 %zext_ln73" [kyber-mult-kernel-dataflow.cpp:82]   --->   Operation 76 'getelementptr' 'p_ZL5FWD_W_3_0_addr' <Predicate = (!tmp)> <Delay = 0.00>
ST_1 : Operation 77 [2/2] (0.67ns)   --->   "%w_53 = load i5 %p_ZL5FWD_W_3_0_addr" [kyber-mult-kernel-dataflow.cpp:82]   --->   Operation 77 'load' 'w_53' <Predicate = (!tmp)> <Delay = 0.67> <CoreInst = "ROM">   --->   Core 101 'ROM' <Latency = 1> <II = 1> <Delay = 0.67> <Storage> <Opcode : 'load'> <Ports = 0> <Width = 10> <Depth = 32> <ROM>
ST_1 : Operation 78 [1/1] (0.00ns)   --->   "%p_ZL6FWD_MW_3_0_addr = getelementptr i16 %p_ZL6FWD_MW_3_0, i64 0, i64 %zext_ln73" [kyber-mult-kernel-dataflow.cpp:82]   --->   Operation 78 'getelementptr' 'p_ZL6FWD_MW_3_0_addr' <Predicate = (!tmp)> <Delay = 0.00>
ST_1 : Operation 79 [2/2] (0.67ns)   --->   "%mw_45 = load i5 %p_ZL6FWD_MW_3_0_addr" [kyber-mult-kernel-dataflow.cpp:82]   --->   Operation 79 'load' 'mw_45' <Predicate = (!tmp)> <Delay = 0.67> <CoreInst = "ROM">   --->   Core 101 'ROM' <Latency = 1> <II = 1> <Delay = 0.67> <Storage> <Opcode : 'load'> <Ports = 0> <Width = 16> <Depth = 32> <ROM>
ST_1 : Operation 80 [1/1] (0.00ns)   --->   "%sA_3_addr_4 = getelementptr i12 %sA_3, i64 0, i64 %zext_ln82_5" [kyber-mult-kernel-dataflow.cpp:83]   --->   Operation 80 'getelementptr' 'sA_3_addr_4' <Predicate = (!tmp)> <Delay = 0.00>
ST_1 : Operation 81 [1/1] (0.00ns)   --->   "%sA_11_addr_4 = getelementptr i12 %sA_11, i64 0, i64 %zext_ln82_5" [kyber-mult-kernel-dataflow.cpp:83]   --->   Operation 81 'getelementptr' 'sA_11_addr_4' <Predicate = (!tmp)> <Delay = 0.00>
ST_1 : Operation 82 [1/1] (0.00ns)   --->   "%dA_3_addr_4 = getelementptr i12 %dA_3, i64 0, i64 %zext_ln82_5" [kyber-mult-kernel-dataflow.cpp:84]   --->   Operation 82 'getelementptr' 'dA_3_addr_4' <Predicate = (!tmp)> <Delay = 0.00>
ST_1 : Operation 83 [1/1] (0.00ns)   --->   "%dA_11_addr_4 = getelementptr i12 %dA_11, i64 0, i64 %zext_ln82_5" [kyber-mult-kernel-dataflow.cpp:84]   --->   Operation 83 'getelementptr' 'dA_11_addr_4' <Predicate = (!tmp)> <Delay = 0.00>
ST_1 : Operation 84 [1/1] (0.00ns)   --->   "%sB_3_addr_4 = getelementptr i12 %sB_3, i64 0, i64 %zext_ln82_5" [kyber-mult-kernel-dataflow.cpp:85]   --->   Operation 84 'getelementptr' 'sB_3_addr_4' <Predicate = (!tmp)> <Delay = 0.00>
ST_1 : Operation 85 [1/1] (0.00ns)   --->   "%sB_11_addr_4 = getelementptr i12 %sB_11, i64 0, i64 %zext_ln82_5" [kyber-mult-kernel-dataflow.cpp:85]   --->   Operation 85 'getelementptr' 'sB_11_addr_4' <Predicate = (!tmp)> <Delay = 0.00>
ST_1 : Operation 86 [1/1] (0.00ns)   --->   "%dB_3_addr_4 = getelementptr i12 %dB_3, i64 0, i64 %zext_ln82_5" [kyber-mult-kernel-dataflow.cpp:86]   --->   Operation 86 'getelementptr' 'dB_3_addr_4' <Predicate = (!tmp)> <Delay = 0.00>
ST_1 : Operation 87 [1/1] (0.00ns)   --->   "%dB_11_addr_4 = getelementptr i12 %dB_11, i64 0, i64 %zext_ln82_5" [kyber-mult-kernel-dataflow.cpp:86]   --->   Operation 87 'getelementptr' 'dB_11_addr_4' <Predicate = (!tmp)> <Delay = 0.00>
ST_1 : Operation 88 [1/1] (0.00ns)   --->   "%lshr_ln82_3 = partselect i4 @_ssdm_op_PartSelect.i4.i8.i32.i32, i8 %add_ln73_3, i32 4, i32 7" [kyber-mult-kernel-dataflow.cpp:82]   --->   Operation 88 'partselect' 'lshr_ln82_3' <Predicate = (!tmp)> <Delay = 0.00>
ST_1 : Operation 89 [1/1] (0.00ns)   --->   "%zext_ln82_6 = zext i4 %lshr_ln82_3" [kyber-mult-kernel-dataflow.cpp:82]   --->   Operation 89 'zext' 'zext_ln82_6' <Predicate = (!tmp)> <Delay = 0.00>
ST_1 : Operation 90 [1/1] (0.00ns)   --->   "%p_ZL5FWD_W_0_0_addr_1 = getelementptr i10 %p_ZL5FWD_W_0_0, i64 0, i64 %zext_ln73_1" [kyber-mult-kernel-dataflow.cpp:82]   --->   Operation 90 'getelementptr' 'p_ZL5FWD_W_0_0_addr_1' <Predicate = (!tmp)> <Delay = 0.00>
ST_1 : Operation 91 [2/2] (0.67ns)   --->   "%w_54 = load i5 %p_ZL5FWD_W_0_0_addr_1" [kyber-mult-kernel-dataflow.cpp:82]   --->   Operation 91 'load' 'w_54' <Predicate = (!tmp)> <Delay = 0.67> <CoreInst = "ROM">   --->   Core 101 'ROM' <Latency = 1> <II = 1> <Delay = 0.67> <Storage> <Opcode : 'load'> <Ports = 0> <Width = 10> <Depth = 32> <ROM>
ST_1 : Operation 92 [1/1] (0.00ns)   --->   "%p_ZL6FWD_MW_0_0_addr_1 = getelementptr i16 %p_ZL6FWD_MW_0_0, i64 0, i64 %zext_ln73_1" [kyber-mult-kernel-dataflow.cpp:82]   --->   Operation 92 'getelementptr' 'p_ZL6FWD_MW_0_0_addr_1' <Predicate = (!tmp)> <Delay = 0.00>
ST_1 : Operation 93 [2/2] (0.67ns)   --->   "%mw_46 = load i5 %p_ZL6FWD_MW_0_0_addr_1" [kyber-mult-kernel-dataflow.cpp:82]   --->   Operation 93 'load' 'mw_46' <Predicate = (!tmp)> <Delay = 0.67> <CoreInst = "ROM">   --->   Core 101 'ROM' <Latency = 1> <II = 1> <Delay = 0.67> <Storage> <Opcode : 'load'> <Ports = 0> <Width = 16> <Depth = 32> <ROM>
ST_1 : Operation 94 [1/1] (0.00ns)   --->   "%sA_4_addr_4 = getelementptr i12 %sA_4, i64 0, i64 %zext_ln82_6" [kyber-mult-kernel-dataflow.cpp:83]   --->   Operation 94 'getelementptr' 'sA_4_addr_4' <Predicate = (!tmp)> <Delay = 0.00>
ST_1 : Operation 95 [1/1] (0.00ns)   --->   "%sA_12_addr_4 = getelementptr i12 %sA_12, i64 0, i64 %zext_ln82_6" [kyber-mult-kernel-dataflow.cpp:83]   --->   Operation 95 'getelementptr' 'sA_12_addr_4' <Predicate = (!tmp)> <Delay = 0.00>
ST_1 : Operation 96 [1/1] (0.00ns)   --->   "%dA_4_addr_4 = getelementptr i12 %dA_4, i64 0, i64 %zext_ln82_6" [kyber-mult-kernel-dataflow.cpp:84]   --->   Operation 96 'getelementptr' 'dA_4_addr_4' <Predicate = (!tmp)> <Delay = 0.00>
ST_1 : Operation 97 [1/1] (0.00ns)   --->   "%dA_12_addr_4 = getelementptr i12 %dA_12, i64 0, i64 %zext_ln82_6" [kyber-mult-kernel-dataflow.cpp:84]   --->   Operation 97 'getelementptr' 'dA_12_addr_4' <Predicate = (!tmp)> <Delay = 0.00>
ST_1 : Operation 98 [1/1] (0.00ns)   --->   "%sB_4_addr_4 = getelementptr i12 %sB_4, i64 0, i64 %zext_ln82_6" [kyber-mult-kernel-dataflow.cpp:85]   --->   Operation 98 'getelementptr' 'sB_4_addr_4' <Predicate = (!tmp)> <Delay = 0.00>
ST_1 : Operation 99 [1/1] (0.00ns)   --->   "%sB_12_addr_4 = getelementptr i12 %sB_12, i64 0, i64 %zext_ln82_6" [kyber-mult-kernel-dataflow.cpp:85]   --->   Operation 99 'getelementptr' 'sB_12_addr_4' <Predicate = (!tmp)> <Delay = 0.00>
ST_1 : Operation 100 [1/1] (0.00ns)   --->   "%dB_4_addr_4 = getelementptr i12 %dB_4, i64 0, i64 %zext_ln82_6" [kyber-mult-kernel-dataflow.cpp:86]   --->   Operation 100 'getelementptr' 'dB_4_addr_4' <Predicate = (!tmp)> <Delay = 0.00>
ST_1 : Operation 101 [1/1] (0.00ns)   --->   "%dB_12_addr_4 = getelementptr i12 %dB_12, i64 0, i64 %zext_ln82_6" [kyber-mult-kernel-dataflow.cpp:86]   --->   Operation 101 'getelementptr' 'dB_12_addr_4' <Predicate = (!tmp)> <Delay = 0.00>
ST_1 : Operation 102 [1/1] (0.00ns)   --->   "%lshr_ln82_4 = partselect i4 @_ssdm_op_PartSelect.i4.i8.i32.i32, i8 %add_ln73_2, i32 4, i32 7" [kyber-mult-kernel-dataflow.cpp:82]   --->   Operation 102 'partselect' 'lshr_ln82_4' <Predicate = (!tmp)> <Delay = 0.00>
ST_1 : Operation 103 [1/1] (0.00ns)   --->   "%zext_ln82_7 = zext i4 %lshr_ln82_4" [kyber-mult-kernel-dataflow.cpp:82]   --->   Operation 103 'zext' 'zext_ln82_7' <Predicate = (!tmp)> <Delay = 0.00>
ST_1 : Operation 104 [1/1] (0.00ns)   --->   "%p_ZL5FWD_W_1_0_addr_1 = getelementptr i10 %p_ZL5FWD_W_1_0, i64 0, i64 %zext_ln73_1" [kyber-mult-kernel-dataflow.cpp:82]   --->   Operation 104 'getelementptr' 'p_ZL5FWD_W_1_0_addr_1' <Predicate = (!tmp)> <Delay = 0.00>
ST_1 : Operation 105 [2/2] (0.67ns)   --->   "%w_55 = load i5 %p_ZL5FWD_W_1_0_addr_1" [kyber-mult-kernel-dataflow.cpp:82]   --->   Operation 105 'load' 'w_55' <Predicate = (!tmp)> <Delay = 0.67> <CoreInst = "ROM">   --->   Core 101 'ROM' <Latency = 1> <II = 1> <Delay = 0.67> <Storage> <Opcode : 'load'> <Ports = 0> <Width = 10> <Depth = 32> <ROM>
ST_1 : Operation 106 [1/1] (0.00ns)   --->   "%p_ZL6FWD_MW_1_0_addr_1 = getelementptr i16 %p_ZL6FWD_MW_1_0, i64 0, i64 %zext_ln73_1" [kyber-mult-kernel-dataflow.cpp:82]   --->   Operation 106 'getelementptr' 'p_ZL6FWD_MW_1_0_addr_1' <Predicate = (!tmp)> <Delay = 0.00>
ST_1 : Operation 107 [2/2] (0.67ns)   --->   "%mw_47 = load i5 %p_ZL6FWD_MW_1_0_addr_1" [kyber-mult-kernel-dataflow.cpp:82]   --->   Operation 107 'load' 'mw_47' <Predicate = (!tmp)> <Delay = 0.67> <CoreInst = "ROM">   --->   Core 101 'ROM' <Latency = 1> <II = 1> <Delay = 0.67> <Storage> <Opcode : 'load'> <Ports = 0> <Width = 16> <Depth = 32> <ROM>
ST_1 : Operation 108 [1/1] (0.00ns)   --->   "%sA_5_addr_4 = getelementptr i12 %sA_5, i64 0, i64 %zext_ln82_7" [kyber-mult-kernel-dataflow.cpp:83]   --->   Operation 108 'getelementptr' 'sA_5_addr_4' <Predicate = (!tmp)> <Delay = 0.00>
ST_1 : Operation 109 [1/1] (0.00ns)   --->   "%sA_13_addr_4 = getelementptr i12 %sA_13, i64 0, i64 %zext_ln82_7" [kyber-mult-kernel-dataflow.cpp:83]   --->   Operation 109 'getelementptr' 'sA_13_addr_4' <Predicate = (!tmp)> <Delay = 0.00>
ST_1 : Operation 110 [1/1] (0.00ns)   --->   "%dA_5_addr_4 = getelementptr i12 %dA_5, i64 0, i64 %zext_ln82_7" [kyber-mult-kernel-dataflow.cpp:84]   --->   Operation 110 'getelementptr' 'dA_5_addr_4' <Predicate = (!tmp)> <Delay = 0.00>
ST_1 : Operation 111 [1/1] (0.00ns)   --->   "%dA_13_addr_4 = getelementptr i12 %dA_13, i64 0, i64 %zext_ln82_7" [kyber-mult-kernel-dataflow.cpp:84]   --->   Operation 111 'getelementptr' 'dA_13_addr_4' <Predicate = (!tmp)> <Delay = 0.00>
ST_1 : Operation 112 [1/1] (0.00ns)   --->   "%sB_5_addr_4 = getelementptr i12 %sB_5, i64 0, i64 %zext_ln82_7" [kyber-mult-kernel-dataflow.cpp:85]   --->   Operation 112 'getelementptr' 'sB_5_addr_4' <Predicate = (!tmp)> <Delay = 0.00>
ST_1 : Operation 113 [1/1] (0.00ns)   --->   "%sB_13_addr_4 = getelementptr i12 %sB_13, i64 0, i64 %zext_ln82_7" [kyber-mult-kernel-dataflow.cpp:85]   --->   Operation 113 'getelementptr' 'sB_13_addr_4' <Predicate = (!tmp)> <Delay = 0.00>
ST_1 : Operation 114 [1/1] (0.00ns)   --->   "%dB_5_addr_4 = getelementptr i12 %dB_5, i64 0, i64 %zext_ln82_7" [kyber-mult-kernel-dataflow.cpp:86]   --->   Operation 114 'getelementptr' 'dB_5_addr_4' <Predicate = (!tmp)> <Delay = 0.00>
ST_1 : Operation 115 [1/1] (0.00ns)   --->   "%dB_13_addr_4 = getelementptr i12 %dB_13, i64 0, i64 %zext_ln82_7" [kyber-mult-kernel-dataflow.cpp:86]   --->   Operation 115 'getelementptr' 'dB_13_addr_4' <Predicate = (!tmp)> <Delay = 0.00>
ST_1 : Operation 116 [1/1] (0.00ns)   --->   "%lshr_ln82_5 = partselect i4 @_ssdm_op_PartSelect.i4.i8.i32.i32, i8 %add_ln73_1, i32 4, i32 7" [kyber-mult-kernel-dataflow.cpp:82]   --->   Operation 116 'partselect' 'lshr_ln82_5' <Predicate = (!tmp)> <Delay = 0.00>
ST_1 : Operation 117 [1/1] (0.00ns)   --->   "%zext_ln82_8 = zext i4 %lshr_ln82_5" [kyber-mult-kernel-dataflow.cpp:82]   --->   Operation 117 'zext' 'zext_ln82_8' <Predicate = (!tmp)> <Delay = 0.00>
ST_1 : Operation 118 [1/1] (0.00ns)   --->   "%p_ZL5FWD_W_2_0_addr_1 = getelementptr i10 %p_ZL5FWD_W_2_0, i64 0, i64 %zext_ln73_1" [kyber-mult-kernel-dataflow.cpp:82]   --->   Operation 118 'getelementptr' 'p_ZL5FWD_W_2_0_addr_1' <Predicate = (!tmp)> <Delay = 0.00>
ST_1 : Operation 119 [2/2] (0.67ns)   --->   "%w_56 = load i5 %p_ZL5FWD_W_2_0_addr_1" [kyber-mult-kernel-dataflow.cpp:82]   --->   Operation 119 'load' 'w_56' <Predicate = (!tmp)> <Delay = 0.67> <CoreInst = "ROM">   --->   Core 101 'ROM' <Latency = 1> <II = 1> <Delay = 0.67> <Storage> <Opcode : 'load'> <Ports = 0> <Width = 10> <Depth = 32> <ROM>
ST_1 : Operation 120 [1/1] (0.00ns)   --->   "%p_ZL6FWD_MW_2_0_addr_1 = getelementptr i16 %p_ZL6FWD_MW_2_0, i64 0, i64 %zext_ln73_1" [kyber-mult-kernel-dataflow.cpp:82]   --->   Operation 120 'getelementptr' 'p_ZL6FWD_MW_2_0_addr_1' <Predicate = (!tmp)> <Delay = 0.00>
ST_1 : Operation 121 [2/2] (0.67ns)   --->   "%mw_48 = load i5 %p_ZL6FWD_MW_2_0_addr_1" [kyber-mult-kernel-dataflow.cpp:82]   --->   Operation 121 'load' 'mw_48' <Predicate = (!tmp)> <Delay = 0.67> <CoreInst = "ROM">   --->   Core 101 'ROM' <Latency = 1> <II = 1> <Delay = 0.67> <Storage> <Opcode : 'load'> <Ports = 0> <Width = 16> <Depth = 32> <ROM>
ST_1 : Operation 122 [1/1] (0.00ns)   --->   "%sA_6_addr_4 = getelementptr i12 %sA_6, i64 0, i64 %zext_ln82_8" [kyber-mult-kernel-dataflow.cpp:83]   --->   Operation 122 'getelementptr' 'sA_6_addr_4' <Predicate = (!tmp)> <Delay = 0.00>
ST_1 : Operation 123 [1/1] (0.00ns)   --->   "%sA_14_addr_4 = getelementptr i12 %sA_14, i64 0, i64 %zext_ln82_8" [kyber-mult-kernel-dataflow.cpp:83]   --->   Operation 123 'getelementptr' 'sA_14_addr_4' <Predicate = (!tmp)> <Delay = 0.00>
ST_1 : Operation 124 [1/1] (0.00ns)   --->   "%dA_6_addr_4 = getelementptr i12 %dA_6, i64 0, i64 %zext_ln82_8" [kyber-mult-kernel-dataflow.cpp:84]   --->   Operation 124 'getelementptr' 'dA_6_addr_4' <Predicate = (!tmp)> <Delay = 0.00>
ST_1 : Operation 125 [1/1] (0.00ns)   --->   "%dA_14_addr_4 = getelementptr i12 %dA_14, i64 0, i64 %zext_ln82_8" [kyber-mult-kernel-dataflow.cpp:84]   --->   Operation 125 'getelementptr' 'dA_14_addr_4' <Predicate = (!tmp)> <Delay = 0.00>
ST_1 : Operation 126 [1/1] (0.00ns)   --->   "%sB_6_addr_4 = getelementptr i12 %sB_6, i64 0, i64 %zext_ln82_8" [kyber-mult-kernel-dataflow.cpp:85]   --->   Operation 126 'getelementptr' 'sB_6_addr_4' <Predicate = (!tmp)> <Delay = 0.00>
ST_1 : Operation 127 [1/1] (0.00ns)   --->   "%sB_14_addr_4 = getelementptr i12 %sB_14, i64 0, i64 %zext_ln82_8" [kyber-mult-kernel-dataflow.cpp:85]   --->   Operation 127 'getelementptr' 'sB_14_addr_4' <Predicate = (!tmp)> <Delay = 0.00>
ST_1 : Operation 128 [1/1] (0.00ns)   --->   "%dB_6_addr_4 = getelementptr i12 %dB_6, i64 0, i64 %zext_ln82_8" [kyber-mult-kernel-dataflow.cpp:86]   --->   Operation 128 'getelementptr' 'dB_6_addr_4' <Predicate = (!tmp)> <Delay = 0.00>
ST_1 : Operation 129 [1/1] (0.00ns)   --->   "%dB_14_addr_4 = getelementptr i12 %dB_14, i64 0, i64 %zext_ln82_8" [kyber-mult-kernel-dataflow.cpp:86]   --->   Operation 129 'getelementptr' 'dB_14_addr_4' <Predicate = (!tmp)> <Delay = 0.00>
ST_1 : Operation 130 [1/1] (0.00ns)   --->   "%lshr_ln82_6 = partselect i4 @_ssdm_op_PartSelect.i4.i8.i32.i32, i8 %add_ln73, i32 4, i32 7" [kyber-mult-kernel-dataflow.cpp:82]   --->   Operation 130 'partselect' 'lshr_ln82_6' <Predicate = (!tmp)> <Delay = 0.00>
ST_1 : Operation 131 [1/1] (0.00ns)   --->   "%zext_ln82_9 = zext i4 %lshr_ln82_6" [kyber-mult-kernel-dataflow.cpp:82]   --->   Operation 131 'zext' 'zext_ln82_9' <Predicate = (!tmp)> <Delay = 0.00>
ST_1 : Operation 132 [1/1] (0.00ns)   --->   "%p_ZL5FWD_W_3_0_addr_1 = getelementptr i10 %p_ZL5FWD_W_3_0, i64 0, i64 %zext_ln73_1" [kyber-mult-kernel-dataflow.cpp:82]   --->   Operation 132 'getelementptr' 'p_ZL5FWD_W_3_0_addr_1' <Predicate = (!tmp)> <Delay = 0.00>
ST_1 : Operation 133 [2/2] (0.67ns)   --->   "%w_57 = load i5 %p_ZL5FWD_W_3_0_addr_1" [kyber-mult-kernel-dataflow.cpp:82]   --->   Operation 133 'load' 'w_57' <Predicate = (!tmp)> <Delay = 0.67> <CoreInst = "ROM">   --->   Core 101 'ROM' <Latency = 1> <II = 1> <Delay = 0.67> <Storage> <Opcode : 'load'> <Ports = 0> <Width = 10> <Depth = 32> <ROM>
ST_1 : Operation 134 [1/1] (0.00ns)   --->   "%p_ZL6FWD_MW_3_0_addr_1 = getelementptr i16 %p_ZL6FWD_MW_3_0, i64 0, i64 %zext_ln73_1" [kyber-mult-kernel-dataflow.cpp:82]   --->   Operation 134 'getelementptr' 'p_ZL6FWD_MW_3_0_addr_1' <Predicate = (!tmp)> <Delay = 0.00>
ST_1 : Operation 135 [2/2] (0.67ns)   --->   "%mw_49 = load i5 %p_ZL6FWD_MW_3_0_addr_1" [kyber-mult-kernel-dataflow.cpp:82]   --->   Operation 135 'load' 'mw_49' <Predicate = (!tmp)> <Delay = 0.67> <CoreInst = "ROM">   --->   Core 101 'ROM' <Latency = 1> <II = 1> <Delay = 0.67> <Storage> <Opcode : 'load'> <Ports = 0> <Width = 16> <Depth = 32> <ROM>
ST_1 : Operation 136 [1/1] (0.00ns)   --->   "%sA_7_addr_4 = getelementptr i12 %sA_7, i64 0, i64 %zext_ln82_9" [kyber-mult-kernel-dataflow.cpp:83]   --->   Operation 136 'getelementptr' 'sA_7_addr_4' <Predicate = (!tmp)> <Delay = 0.00>
ST_1 : Operation 137 [1/1] (0.00ns)   --->   "%sA_15_addr_4 = getelementptr i12 %sA_15, i64 0, i64 %zext_ln82_9" [kyber-mult-kernel-dataflow.cpp:83]   --->   Operation 137 'getelementptr' 'sA_15_addr_4' <Predicate = (!tmp)> <Delay = 0.00>
ST_1 : Operation 138 [2/2] (0.67ns)   --->   "%sA_1_load_4 = load i4 %sA_1_addr_4" [kyber-mult-kernel-dataflow.cpp:83]   --->   Operation 138 'load' 'sA_1_load_4' <Predicate = (!tmp)> <Delay = 0.67> <CoreInst = "RAM">   --->   Core 83 'RAM' <Latency = 1> <II = 1> <Delay = 0.67> <Storage> <Opcode : 'load' 'store'> <Ports = 2> <Width = 12> <Depth = 16> <RAM>
ST_1 : Operation 139 [2/2] (0.67ns)   --->   "%sA_9_load_4 = load i4 %sA_9_addr_4" [kyber-mult-kernel-dataflow.cpp:83]   --->   Operation 139 'load' 'sA_9_load_4' <Predicate = (!tmp)> <Delay = 0.67> <CoreInst = "RAM">   --->   Core 83 'RAM' <Latency = 1> <II = 1> <Delay = 0.67> <Storage> <Opcode : 'load' 'store'> <Ports = 2> <Width = 12> <Depth = 16> <RAM>
ST_1 : Operation 140 [2/2] (0.67ns)   --->   "%sA_2_load_4 = load i4 %sA_2_addr_4" [kyber-mult-kernel-dataflow.cpp:83]   --->   Operation 140 'load' 'sA_2_load_4' <Predicate = (!tmp)> <Delay = 0.67> <CoreInst = "RAM">   --->   Core 83 'RAM' <Latency = 1> <II = 1> <Delay = 0.67> <Storage> <Opcode : 'load' 'store'> <Ports = 2> <Width = 12> <Depth = 16> <RAM>
ST_1 : Operation 141 [2/2] (0.67ns)   --->   "%sA_10_load_4 = load i4 %sA_10_addr_4" [kyber-mult-kernel-dataflow.cpp:83]   --->   Operation 141 'load' 'sA_10_load_4' <Predicate = (!tmp)> <Delay = 0.67> <CoreInst = "RAM">   --->   Core 83 'RAM' <Latency = 1> <II = 1> <Delay = 0.67> <Storage> <Opcode : 'load' 'store'> <Ports = 2> <Width = 12> <Depth = 16> <RAM>
ST_1 : Operation 142 [2/2] (0.67ns)   --->   "%sA_3_load_4 = load i4 %sA_3_addr_4" [kyber-mult-kernel-dataflow.cpp:83]   --->   Operation 142 'load' 'sA_3_load_4' <Predicate = (!tmp)> <Delay = 0.67> <CoreInst = "RAM">   --->   Core 83 'RAM' <Latency = 1> <II = 1> <Delay = 0.67> <Storage> <Opcode : 'load' 'store'> <Ports = 2> <Width = 12> <Depth = 16> <RAM>
ST_1 : Operation 143 [2/2] (0.67ns)   --->   "%sA_11_load_4 = load i4 %sA_11_addr_4" [kyber-mult-kernel-dataflow.cpp:83]   --->   Operation 143 'load' 'sA_11_load_4' <Predicate = (!tmp)> <Delay = 0.67> <CoreInst = "RAM">   --->   Core 83 'RAM' <Latency = 1> <II = 1> <Delay = 0.67> <Storage> <Opcode : 'load' 'store'> <Ports = 2> <Width = 12> <Depth = 16> <RAM>
ST_1 : Operation 144 [2/2] (0.67ns)   --->   "%sA_4_load_4 = load i4 %sA_4_addr_4" [kyber-mult-kernel-dataflow.cpp:83]   --->   Operation 144 'load' 'sA_4_load_4' <Predicate = (!tmp)> <Delay = 0.67> <CoreInst = "RAM">   --->   Core 83 'RAM' <Latency = 1> <II = 1> <Delay = 0.67> <Storage> <Opcode : 'load' 'store'> <Ports = 2> <Width = 12> <Depth = 16> <RAM>
ST_1 : Operation 145 [2/2] (0.67ns)   --->   "%sA_12_load_4 = load i4 %sA_12_addr_4" [kyber-mult-kernel-dataflow.cpp:83]   --->   Operation 145 'load' 'sA_12_load_4' <Predicate = (!tmp)> <Delay = 0.67> <CoreInst = "RAM">   --->   Core 83 'RAM' <Latency = 1> <II = 1> <Delay = 0.67> <Storage> <Opcode : 'load' 'store'> <Ports = 2> <Width = 12> <Depth = 16> <RAM>
ST_1 : Operation 146 [2/2] (0.67ns)   --->   "%sA_5_load_4 = load i4 %sA_5_addr_4" [kyber-mult-kernel-dataflow.cpp:83]   --->   Operation 146 'load' 'sA_5_load_4' <Predicate = (!tmp)> <Delay = 0.67> <CoreInst = "RAM">   --->   Core 83 'RAM' <Latency = 1> <II = 1> <Delay = 0.67> <Storage> <Opcode : 'load' 'store'> <Ports = 2> <Width = 12> <Depth = 16> <RAM>
ST_1 : Operation 147 [2/2] (0.67ns)   --->   "%sA_13_load_4 = load i4 %sA_13_addr_4" [kyber-mult-kernel-dataflow.cpp:83]   --->   Operation 147 'load' 'sA_13_load_4' <Predicate = (!tmp)> <Delay = 0.67> <CoreInst = "RAM">   --->   Core 83 'RAM' <Latency = 1> <II = 1> <Delay = 0.67> <Storage> <Opcode : 'load' 'store'> <Ports = 2> <Width = 12> <Depth = 16> <RAM>
ST_1 : Operation 148 [2/2] (0.67ns)   --->   "%sA_6_load_4 = load i4 %sA_6_addr_4" [kyber-mult-kernel-dataflow.cpp:83]   --->   Operation 148 'load' 'sA_6_load_4' <Predicate = (!tmp)> <Delay = 0.67> <CoreInst = "RAM">   --->   Core 83 'RAM' <Latency = 1> <II = 1> <Delay = 0.67> <Storage> <Opcode : 'load' 'store'> <Ports = 2> <Width = 12> <Depth = 16> <RAM>
ST_1 : Operation 149 [2/2] (0.67ns)   --->   "%sA_14_load_4 = load i4 %sA_14_addr_4" [kyber-mult-kernel-dataflow.cpp:83]   --->   Operation 149 'load' 'sA_14_load_4' <Predicate = (!tmp)> <Delay = 0.67> <CoreInst = "RAM">   --->   Core 83 'RAM' <Latency = 1> <II = 1> <Delay = 0.67> <Storage> <Opcode : 'load' 'store'> <Ports = 2> <Width = 12> <Depth = 16> <RAM>
ST_1 : Operation 150 [2/2] (0.67ns)   --->   "%sA_7_load_4 = load i4 %sA_7_addr_4" [kyber-mult-kernel-dataflow.cpp:83]   --->   Operation 150 'load' 'sA_7_load_4' <Predicate = (!tmp)> <Delay = 0.67> <CoreInst = "RAM">   --->   Core 83 'RAM' <Latency = 1> <II = 1> <Delay = 0.67> <Storage> <Opcode : 'load' 'store'> <Ports = 2> <Width = 12> <Depth = 16> <RAM>
ST_1 : Operation 151 [2/2] (0.67ns)   --->   "%sA_15_load_4 = load i4 %sA_15_addr_4" [kyber-mult-kernel-dataflow.cpp:83]   --->   Operation 151 'load' 'sA_15_load_4' <Predicate = (!tmp)> <Delay = 0.67> <CoreInst = "RAM">   --->   Core 83 'RAM' <Latency = 1> <II = 1> <Delay = 0.67> <Storage> <Opcode : 'load' 'store'> <Ports = 2> <Width = 12> <Depth = 16> <RAM>
ST_1 : Operation 152 [1/1] (0.00ns)   --->   "%dA_7_addr_4 = getelementptr i12 %dA_7, i64 0, i64 %zext_ln82_9" [kyber-mult-kernel-dataflow.cpp:84]   --->   Operation 152 'getelementptr' 'dA_7_addr_4' <Predicate = (!tmp)> <Delay = 0.00>
ST_1 : Operation 153 [1/1] (0.00ns)   --->   "%dA_15_addr_4 = getelementptr i12 %dA_15, i64 0, i64 %zext_ln82_9" [kyber-mult-kernel-dataflow.cpp:84]   --->   Operation 153 'getelementptr' 'dA_15_addr_4' <Predicate = (!tmp)> <Delay = 0.00>
ST_1 : Operation 154 [1/1] (0.79ns)   --->   "%icmp_ln84 = icmp_eq  i4 %trunc_ln73, i4 0" [kyber-mult-kernel-dataflow.cpp:84]   --->   Operation 154 'icmp' 'icmp_ln84' <Predicate = (!tmp)> <Delay = 0.79> <CoreInst = "Cmp">   --->   Core 9 'Cmp' <Latency = 0> <II = 1> <Delay = 0.79> <FuncUnit> <Opcode : 'icmp'> <InPorts = 2> <OutPorts = 1>
ST_1 : Operation 155 [1/1] (0.00ns)   --->   "%sB_7_addr_4 = getelementptr i12 %sB_7, i64 0, i64 %zext_ln82_9" [kyber-mult-kernel-dataflow.cpp:85]   --->   Operation 155 'getelementptr' 'sB_7_addr_4' <Predicate = (!tmp)> <Delay = 0.00>
ST_1 : Operation 156 [1/1] (0.00ns)   --->   "%sB_15_addr_4 = getelementptr i12 %sB_15, i64 0, i64 %zext_ln82_9" [kyber-mult-kernel-dataflow.cpp:85]   --->   Operation 156 'getelementptr' 'sB_15_addr_4' <Predicate = (!tmp)> <Delay = 0.00>
ST_1 : Operation 157 [2/2] (0.67ns)   --->   "%sB_0_load_4 = load i4 %sB_0_addr_4" [kyber-mult-kernel-dataflow.cpp:85]   --->   Operation 157 'load' 'sB_0_load_4' <Predicate = (!tmp)> <Delay = 0.67> <CoreInst = "RAM">   --->   Core 83 'RAM' <Latency = 1> <II = 1> <Delay = 0.67> <Storage> <Opcode : 'load' 'store'> <Ports = 2> <Width = 12> <Depth = 16> <RAM>
ST_1 : Operation 158 [2/2] (0.67ns)   --->   "%sB_8_load_4 = load i4 %sB_8_addr_4" [kyber-mult-kernel-dataflow.cpp:85]   --->   Operation 158 'load' 'sB_8_load_4' <Predicate = (!tmp)> <Delay = 0.67> <CoreInst = "RAM">   --->   Core 83 'RAM' <Latency = 1> <II = 1> <Delay = 0.67> <Storage> <Opcode : 'load' 'store'> <Ports = 2> <Width = 12> <Depth = 16> <RAM>
ST_1 : Operation 159 [2/2] (0.67ns)   --->   "%sB_1_load_4 = load i4 %sB_1_addr_4" [kyber-mult-kernel-dataflow.cpp:85]   --->   Operation 159 'load' 'sB_1_load_4' <Predicate = (!tmp)> <Delay = 0.67> <CoreInst = "RAM">   --->   Core 83 'RAM' <Latency = 1> <II = 1> <Delay = 0.67> <Storage> <Opcode : 'load' 'store'> <Ports = 2> <Width = 12> <Depth = 16> <RAM>
ST_1 : Operation 160 [2/2] (0.67ns)   --->   "%sB_9_load_4 = load i4 %sB_9_addr_4" [kyber-mult-kernel-dataflow.cpp:85]   --->   Operation 160 'load' 'sB_9_load_4' <Predicate = (!tmp)> <Delay = 0.67> <CoreInst = "RAM">   --->   Core 83 'RAM' <Latency = 1> <II = 1> <Delay = 0.67> <Storage> <Opcode : 'load' 'store'> <Ports = 2> <Width = 12> <Depth = 16> <RAM>
ST_1 : Operation 161 [2/2] (0.67ns)   --->   "%sB_2_load_4 = load i4 %sB_2_addr_4" [kyber-mult-kernel-dataflow.cpp:85]   --->   Operation 161 'load' 'sB_2_load_4' <Predicate = (!tmp)> <Delay = 0.67> <CoreInst = "RAM">   --->   Core 83 'RAM' <Latency = 1> <II = 1> <Delay = 0.67> <Storage> <Opcode : 'load' 'store'> <Ports = 2> <Width = 12> <Depth = 16> <RAM>
ST_1 : Operation 162 [2/2] (0.67ns)   --->   "%sB_10_load_4 = load i4 %sB_10_addr_4" [kyber-mult-kernel-dataflow.cpp:85]   --->   Operation 162 'load' 'sB_10_load_4' <Predicate = (!tmp)> <Delay = 0.67> <CoreInst = "RAM">   --->   Core 83 'RAM' <Latency = 1> <II = 1> <Delay = 0.67> <Storage> <Opcode : 'load' 'store'> <Ports = 2> <Width = 12> <Depth = 16> <RAM>
ST_1 : Operation 163 [2/2] (0.67ns)   --->   "%sB_3_load_4 = load i4 %sB_3_addr_4" [kyber-mult-kernel-dataflow.cpp:85]   --->   Operation 163 'load' 'sB_3_load_4' <Predicate = (!tmp)> <Delay = 0.67> <CoreInst = "RAM">   --->   Core 83 'RAM' <Latency = 1> <II = 1> <Delay = 0.67> <Storage> <Opcode : 'load' 'store'> <Ports = 2> <Width = 12> <Depth = 16> <RAM>
ST_1 : Operation 164 [2/2] (0.67ns)   --->   "%sB_11_load_4 = load i4 %sB_11_addr_4" [kyber-mult-kernel-dataflow.cpp:85]   --->   Operation 164 'load' 'sB_11_load_4' <Predicate = (!tmp)> <Delay = 0.67> <CoreInst = "RAM">   --->   Core 83 'RAM' <Latency = 1> <II = 1> <Delay = 0.67> <Storage> <Opcode : 'load' 'store'> <Ports = 2> <Width = 12> <Depth = 16> <RAM>
ST_1 : Operation 165 [2/2] (0.67ns)   --->   "%sB_4_load_4 = load i4 %sB_4_addr_4" [kyber-mult-kernel-dataflow.cpp:85]   --->   Operation 165 'load' 'sB_4_load_4' <Predicate = (!tmp)> <Delay = 0.67> <CoreInst = "RAM">   --->   Core 83 'RAM' <Latency = 1> <II = 1> <Delay = 0.67> <Storage> <Opcode : 'load' 'store'> <Ports = 2> <Width = 12> <Depth = 16> <RAM>
ST_1 : Operation 166 [2/2] (0.67ns)   --->   "%sB_12_load_4 = load i4 %sB_12_addr_4" [kyber-mult-kernel-dataflow.cpp:85]   --->   Operation 166 'load' 'sB_12_load_4' <Predicate = (!tmp)> <Delay = 0.67> <CoreInst = "RAM">   --->   Core 83 'RAM' <Latency = 1> <II = 1> <Delay = 0.67> <Storage> <Opcode : 'load' 'store'> <Ports = 2> <Width = 12> <Depth = 16> <RAM>
ST_1 : Operation 167 [2/2] (0.67ns)   --->   "%sB_5_load_4 = load i4 %sB_5_addr_4" [kyber-mult-kernel-dataflow.cpp:85]   --->   Operation 167 'load' 'sB_5_load_4' <Predicate = (!tmp)> <Delay = 0.67> <CoreInst = "RAM">   --->   Core 83 'RAM' <Latency = 1> <II = 1> <Delay = 0.67> <Storage> <Opcode : 'load' 'store'> <Ports = 2> <Width = 12> <Depth = 16> <RAM>
ST_1 : Operation 168 [2/2] (0.67ns)   --->   "%sB_13_load_4 = load i4 %sB_13_addr_4" [kyber-mult-kernel-dataflow.cpp:85]   --->   Operation 168 'load' 'sB_13_load_4' <Predicate = (!tmp)> <Delay = 0.67> <CoreInst = "RAM">   --->   Core 83 'RAM' <Latency = 1> <II = 1> <Delay = 0.67> <Storage> <Opcode : 'load' 'store'> <Ports = 2> <Width = 12> <Depth = 16> <RAM>
ST_1 : Operation 169 [2/2] (0.67ns)   --->   "%sB_6_load_4 = load i4 %sB_6_addr_4" [kyber-mult-kernel-dataflow.cpp:85]   --->   Operation 169 'load' 'sB_6_load_4' <Predicate = (!tmp)> <Delay = 0.67> <CoreInst = "RAM">   --->   Core 83 'RAM' <Latency = 1> <II = 1> <Delay = 0.67> <Storage> <Opcode : 'load' 'store'> <Ports = 2> <Width = 12> <Depth = 16> <RAM>
ST_1 : Operation 170 [2/2] (0.67ns)   --->   "%sB_14_load_4 = load i4 %sB_14_addr_4" [kyber-mult-kernel-dataflow.cpp:85]   --->   Operation 170 'load' 'sB_14_load_4' <Predicate = (!tmp)> <Delay = 0.67> <CoreInst = "RAM">   --->   Core 83 'RAM' <Latency = 1> <II = 1> <Delay = 0.67> <Storage> <Opcode : 'load' 'store'> <Ports = 2> <Width = 12> <Depth = 16> <RAM>
ST_1 : Operation 171 [2/2] (0.67ns)   --->   "%sB_7_load_4 = load i4 %sB_7_addr_4" [kyber-mult-kernel-dataflow.cpp:85]   --->   Operation 171 'load' 'sB_7_load_4' <Predicate = (!tmp)> <Delay = 0.67> <CoreInst = "RAM">   --->   Core 83 'RAM' <Latency = 1> <II = 1> <Delay = 0.67> <Storage> <Opcode : 'load' 'store'> <Ports = 2> <Width = 12> <Depth = 16> <RAM>
ST_1 : Operation 172 [2/2] (0.67ns)   --->   "%sB_15_load_4 = load i4 %sB_15_addr_4" [kyber-mult-kernel-dataflow.cpp:85]   --->   Operation 172 'load' 'sB_15_load_4' <Predicate = (!tmp)> <Delay = 0.67> <CoreInst = "RAM">   --->   Core 83 'RAM' <Latency = 1> <II = 1> <Delay = 0.67> <Storage> <Opcode : 'load' 'store'> <Ports = 2> <Width = 12> <Depth = 16> <RAM>
ST_1 : Operation 173 [1/1] (0.00ns)   --->   "%dB_7_addr_4 = getelementptr i12 %dB_7, i64 0, i64 %zext_ln82_9" [kyber-mult-kernel-dataflow.cpp:86]   --->   Operation 173 'getelementptr' 'dB_7_addr_4' <Predicate = (!tmp)> <Delay = 0.00>
ST_1 : Operation 174 [1/1] (0.00ns)   --->   "%dB_15_addr_4 = getelementptr i12 %dB_15, i64 0, i64 %zext_ln82_9" [kyber-mult-kernel-dataflow.cpp:86]   --->   Operation 174 'getelementptr' 'dB_15_addr_4' <Predicate = (!tmp)> <Delay = 0.00>
ST_1 : Operation 175 [1/1] (0.00ns)   --->   "%br_ln84 = br i1 %icmp_ln84, void %arrayidx43.764.case.15, void %arrayidx43.764.case.7" [kyber-mult-kernel-dataflow.cpp:84]   --->   Operation 175 'br' 'br_ln84' <Predicate = (!tmp)> <Delay = 0.00>
ST_1 : Operation 176 [1/1] (0.76ns)   --->   "%add_ln73_7 = add i8 %m, i8 8" [kyber-mult-kernel-dataflow.cpp:73]   --->   Operation 176 'add' 'add_ln73_7' <Predicate = (!tmp)> <Delay = 0.76> <CoreInst = "Adder">   --->   Core 1 'Adder' <Latency = 0> <II = 1> <Delay = 0.76> <FuncUnit> <Opcode : 'add' 'sub'> <InPorts = 2> <OutPorts = 1>
ST_1 : Operation 177 [1/1] (0.42ns)   --->   "%store_ln80 = store i8 %add_ln73_7, i8 %j1" [kyber-mult-kernel-dataflow.cpp:80]   --->   Operation 177 'store' 'store_ln80' <Predicate = (!tmp)> <Delay = 0.42>
ST_1 : Operation 178 [1/1] (0.00ns)   --->   "%br_ln73 = br void %VITIS_LOOP_75_1" [kyber-mult-kernel-dataflow.cpp:73]   --->   Operation 178 'br' 'br_ln73' <Predicate = (!tmp)> <Delay = 0.00>

State 2 <SV = 1> <Delay = 2.41>
ST_2 : Operation 179 [1/2] (0.67ns)   --->   "%w = load i5 %p_ZL5FWD_W_0_0_addr" [kyber-mult-kernel-dataflow.cpp:82]   --->   Operation 179 'load' 'w' <Predicate = true> <Delay = 0.67> <CoreInst = "ROM">   --->   Core 101 'ROM' <Latency = 1> <II = 1> <Delay = 0.67> <Storage> <Opcode : 'load'> <Ports = 0> <Width = 10> <Depth = 32> <ROM>
ST_2 : Operation 180 [1/2] (0.67ns)   --->   "%mw = load i5 %p_ZL6FWD_MW_0_0_addr" [kyber-mult-kernel-dataflow.cpp:82]   --->   Operation 180 'load' 'mw' <Predicate = true> <Delay = 0.67> <CoreInst = "ROM">   --->   Core 101 'ROM' <Latency = 1> <II = 1> <Delay = 0.67> <Storage> <Opcode : 'load'> <Ports = 0> <Width = 16> <Depth = 32> <ROM>
ST_2 : Operation 181 [1/2] (0.67ns)   --->   "%sA_0_load_4 = load i4 %sA_0_addr_4" [kyber-mult-kernel-dataflow.cpp:83]   --->   Operation 181 'load' 'sA_0_load_4' <Predicate = true> <Delay = 0.67> <CoreInst = "RAM">   --->   Core 83 'RAM' <Latency = 1> <II = 1> <Delay = 0.67> <Storage> <Opcode : 'load' 'store'> <Ports = 2> <Width = 12> <Depth = 16> <RAM>
ST_2 : Operation 182 [1/2] (0.67ns)   --->   "%sA_8_load_4 = load i4 %sA_8_addr_4" [kyber-mult-kernel-dataflow.cpp:83]   --->   Operation 182 'load' 'sA_8_load_4' <Predicate = true> <Delay = 0.67> <CoreInst = "RAM">   --->   Core 83 'RAM' <Latency = 1> <II = 1> <Delay = 0.67> <Storage> <Opcode : 'load' 'store'> <Ports = 2> <Width = 12> <Depth = 16> <RAM>
ST_2 : Operation 183 [1/1] (0.37ns)   --->   "%select_ln83 = select i1 %icmp_ln83, i12 %sA_8_load_4, i12 %sA_0_load_4" [kyber-mult-kernel-dataflow.cpp:83]   --->   Operation 183 'select' 'select_ln83' <Predicate = true> <Delay = 0.37> <CoreInst = "Sel">   --->   Core 73 'Sel' <Latency = 0> <II = 1> <Delay = 0.37> <FuncUnit> <Opcode : 'select'> <InPorts = 3> <OutPorts = 1>
ST_2 : Operation 184 [1/1] (0.00ns)   --->   "%zext_ln36 = zext i12 %select_ln83" [kyber-mult-kernel-dataflow.cpp:36->kyber-mult-kernel-dataflow.cpp:83]   --->   Operation 184 'zext' 'zext_ln36' <Predicate = true> <Delay = 0.00>
ST_2 : Operation 185 [1/1] (0.00ns)   --->   "%zext_ln36_322 = zext i16 %mw" [kyber-mult-kernel-dataflow.cpp:36->kyber-mult-kernel-dataflow.cpp:83]   --->   Operation 185 'zext' 'zext_ln36_322' <Predicate = true> <Delay = 0.00>
ST_2 : Operation 186 [3/3] (1.35ns)   --->   "%xm = mul i28 %zext_ln36_322, i28 %zext_ln36" [kyber-mult-kernel-dataflow.cpp:36->kyber-mult-kernel-dataflow.cpp:83]   --->   Operation 186 'mul' 'xm' <Predicate = true> <Delay = 1.35> <CoreInst = "Mul_DSP">   --->   Core 5 'Mul_DSP' <Latency = 2> <II = 1> <Delay = 1.81> <FuncUnit> <Opcode : 'mul'> <InPorts = 2> <OutPorts = 1>
ST_2 : Operation 187 [1/2] (0.67ns)   --->   "%w_51 = load i5 %p_ZL5FWD_W_1_0_addr" [kyber-mult-kernel-dataflow.cpp:82]   --->   Operation 187 'load' 'w_51' <Predicate = true> <Delay = 0.67> <CoreInst = "ROM">   --->   Core 101 'ROM' <Latency = 1> <II = 1> <Delay = 0.67> <Storage> <Opcode : 'load'> <Ports = 0> <Width = 10> <Depth = 32> <ROM>
ST_2 : Operation 188 [1/2] (0.67ns)   --->   "%mw_43 = load i5 %p_ZL6FWD_MW_1_0_addr" [kyber-mult-kernel-dataflow.cpp:82]   --->   Operation 188 'load' 'mw_43' <Predicate = true> <Delay = 0.67> <CoreInst = "ROM">   --->   Core 101 'ROM' <Latency = 1> <II = 1> <Delay = 0.67> <Storage> <Opcode : 'load'> <Ports = 0> <Width = 16> <Depth = 32> <ROM>
ST_2 : Operation 189 [1/1] (0.00ns)   --->   "%zext_ln36_323 = zext i16 %mw_43" [kyber-mult-kernel-dataflow.cpp:36->kyber-mult-kernel-dataflow.cpp:83]   --->   Operation 189 'zext' 'zext_ln36_323' <Predicate = true> <Delay = 0.00>
ST_2 : Operation 190 [1/2] (0.67ns)   --->   "%w_52 = load i5 %p_ZL5FWD_W_2_0_addr" [kyber-mult-kernel-dataflow.cpp:82]   --->   Operation 190 'load' 'w_52' <Predicate = true> <Delay = 0.67> <CoreInst = "ROM">   --->   Core 101 'ROM' <Latency = 1> <II = 1> <Delay = 0.67> <Storage> <Opcode : 'load'> <Ports = 0> <Width = 10> <Depth = 32> <ROM>
ST_2 : Operation 191 [1/2] (0.67ns)   --->   "%mw_44 = load i5 %p_ZL6FWD_MW_2_0_addr" [kyber-mult-kernel-dataflow.cpp:82]   --->   Operation 191 'load' 'mw_44' <Predicate = true> <Delay = 0.67> <CoreInst = "ROM">   --->   Core 101 'ROM' <Latency = 1> <II = 1> <Delay = 0.67> <Storage> <Opcode : 'load'> <Ports = 0> <Width = 16> <Depth = 32> <ROM>
ST_2 : Operation 192 [1/1] (0.00ns)   --->   "%zext_ln36_324 = zext i16 %mw_44" [kyber-mult-kernel-dataflow.cpp:36->kyber-mult-kernel-dataflow.cpp:83]   --->   Operation 192 'zext' 'zext_ln36_324' <Predicate = true> <Delay = 0.00>
ST_2 : Operation 193 [1/2] (0.67ns)   --->   "%w_53 = load i5 %p_ZL5FWD_W_3_0_addr" [kyber-mult-kernel-dataflow.cpp:82]   --->   Operation 193 'load' 'w_53' <Predicate = true> <Delay = 0.67> <CoreInst = "ROM">   --->   Core 101 'ROM' <Latency = 1> <II = 1> <Delay = 0.67> <Storage> <Opcode : 'load'> <Ports = 0> <Width = 10> <Depth = 32> <ROM>
ST_2 : Operation 194 [1/2] (0.67ns)   --->   "%mw_45 = load i5 %p_ZL6FWD_MW_3_0_addr" [kyber-mult-kernel-dataflow.cpp:82]   --->   Operation 194 'load' 'mw_45' <Predicate = true> <Delay = 0.67> <CoreInst = "ROM">   --->   Core 101 'ROM' <Latency = 1> <II = 1> <Delay = 0.67> <Storage> <Opcode : 'load'> <Ports = 0> <Width = 16> <Depth = 32> <ROM>
ST_2 : Operation 195 [1/1] (0.00ns)   --->   "%zext_ln36_325 = zext i16 %mw_45" [kyber-mult-kernel-dataflow.cpp:36->kyber-mult-kernel-dataflow.cpp:83]   --->   Operation 195 'zext' 'zext_ln36_325' <Predicate = true> <Delay = 0.00>
ST_2 : Operation 196 [1/2] (0.67ns)   --->   "%w_54 = load i5 %p_ZL5FWD_W_0_0_addr_1" [kyber-mult-kernel-dataflow.cpp:82]   --->   Operation 196 'load' 'w_54' <Predicate = true> <Delay = 0.67> <CoreInst = "ROM">   --->   Core 101 'ROM' <Latency = 1> <II = 1> <Delay = 0.67> <Storage> <Opcode : 'load'> <Ports = 0> <Width = 10> <Depth = 32> <ROM>
ST_2 : Operation 197 [1/2] (0.67ns)   --->   "%mw_46 = load i5 %p_ZL6FWD_MW_0_0_addr_1" [kyber-mult-kernel-dataflow.cpp:82]   --->   Operation 197 'load' 'mw_46' <Predicate = true> <Delay = 0.67> <CoreInst = "ROM">   --->   Core 101 'ROM' <Latency = 1> <II = 1> <Delay = 0.67> <Storage> <Opcode : 'load'> <Ports = 0> <Width = 16> <Depth = 32> <ROM>
ST_2 : Operation 198 [1/1] (0.00ns)   --->   "%zext_ln36_326 = zext i16 %mw_46" [kyber-mult-kernel-dataflow.cpp:36->kyber-mult-kernel-dataflow.cpp:83]   --->   Operation 198 'zext' 'zext_ln36_326' <Predicate = true> <Delay = 0.00>
ST_2 : Operation 199 [1/2] (0.67ns)   --->   "%w_55 = load i5 %p_ZL5FWD_W_1_0_addr_1" [kyber-mult-kernel-dataflow.cpp:82]   --->   Operation 199 'load' 'w_55' <Predicate = true> <Delay = 0.67> <CoreInst = "ROM">   --->   Core 101 'ROM' <Latency = 1> <II = 1> <Delay = 0.67> <Storage> <Opcode : 'load'> <Ports = 0> <Width = 10> <Depth = 32> <ROM>
ST_2 : Operation 200 [1/2] (0.67ns)   --->   "%mw_47 = load i5 %p_ZL6FWD_MW_1_0_addr_1" [kyber-mult-kernel-dataflow.cpp:82]   --->   Operation 200 'load' 'mw_47' <Predicate = true> <Delay = 0.67> <CoreInst = "ROM">   --->   Core 101 'ROM' <Latency = 1> <II = 1> <Delay = 0.67> <Storage> <Opcode : 'load'> <Ports = 0> <Width = 16> <Depth = 32> <ROM>
ST_2 : Operation 201 [1/1] (0.00ns)   --->   "%zext_ln36_327 = zext i16 %mw_47" [kyber-mult-kernel-dataflow.cpp:36->kyber-mult-kernel-dataflow.cpp:83]   --->   Operation 201 'zext' 'zext_ln36_327' <Predicate = true> <Delay = 0.00>
ST_2 : Operation 202 [1/2] (0.67ns)   --->   "%w_56 = load i5 %p_ZL5FWD_W_2_0_addr_1" [kyber-mult-kernel-dataflow.cpp:82]   --->   Operation 202 'load' 'w_56' <Predicate = true> <Delay = 0.67> <CoreInst = "ROM">   --->   Core 101 'ROM' <Latency = 1> <II = 1> <Delay = 0.67> <Storage> <Opcode : 'load'> <Ports = 0> <Width = 10> <Depth = 32> <ROM>
ST_2 : Operation 203 [1/2] (0.67ns)   --->   "%mw_48 = load i5 %p_ZL6FWD_MW_2_0_addr_1" [kyber-mult-kernel-dataflow.cpp:82]   --->   Operation 203 'load' 'mw_48' <Predicate = true> <Delay = 0.67> <CoreInst = "ROM">   --->   Core 101 'ROM' <Latency = 1> <II = 1> <Delay = 0.67> <Storage> <Opcode : 'load'> <Ports = 0> <Width = 16> <Depth = 32> <ROM>
ST_2 : Operation 204 [1/1] (0.00ns)   --->   "%zext_ln36_328 = zext i16 %mw_48" [kyber-mult-kernel-dataflow.cpp:36->kyber-mult-kernel-dataflow.cpp:83]   --->   Operation 204 'zext' 'zext_ln36_328' <Predicate = true> <Delay = 0.00>
ST_2 : Operation 205 [1/2] (0.67ns)   --->   "%w_57 = load i5 %p_ZL5FWD_W_3_0_addr_1" [kyber-mult-kernel-dataflow.cpp:82]   --->   Operation 205 'load' 'w_57' <Predicate = true> <Delay = 0.67> <CoreInst = "ROM">   --->   Core 101 'ROM' <Latency = 1> <II = 1> <Delay = 0.67> <Storage> <Opcode : 'load'> <Ports = 0> <Width = 10> <Depth = 32> <ROM>
ST_2 : Operation 206 [1/2] (0.67ns)   --->   "%mw_49 = load i5 %p_ZL6FWD_MW_3_0_addr_1" [kyber-mult-kernel-dataflow.cpp:82]   --->   Operation 206 'load' 'mw_49' <Predicate = true> <Delay = 0.67> <CoreInst = "ROM">   --->   Core 101 'ROM' <Latency = 1> <II = 1> <Delay = 0.67> <Storage> <Opcode : 'load'> <Ports = 0> <Width = 16> <Depth = 32> <ROM>
ST_2 : Operation 207 [1/2] (0.67ns)   --->   "%sA_1_load_4 = load i4 %sA_1_addr_4" [kyber-mult-kernel-dataflow.cpp:83]   --->   Operation 207 'load' 'sA_1_load_4' <Predicate = true> <Delay = 0.67> <CoreInst = "RAM">   --->   Core 83 'RAM' <Latency = 1> <II = 1> <Delay = 0.67> <Storage> <Opcode : 'load' 'store'> <Ports = 2> <Width = 12> <Depth = 16> <RAM>
ST_2 : Operation 208 [1/2] (0.67ns)   --->   "%sA_9_load_4 = load i4 %sA_9_addr_4" [kyber-mult-kernel-dataflow.cpp:83]   --->   Operation 208 'load' 'sA_9_load_4' <Predicate = true> <Delay = 0.67> <CoreInst = "RAM">   --->   Core 83 'RAM' <Latency = 1> <II = 1> <Delay = 0.67> <Storage> <Opcode : 'load' 'store'> <Ports = 2> <Width = 12> <Depth = 16> <RAM>
ST_2 : Operation 209 [1/1] (0.37ns)   --->   "%select_ln83_44 = select i1 %icmp_ln83, i12 %sA_9_load_4, i12 %sA_1_load_4" [kyber-mult-kernel-dataflow.cpp:83]   --->   Operation 209 'select' 'select_ln83_44' <Predicate = true> <Delay = 0.37> <CoreInst = "Sel">   --->   Core 73 'Sel' <Latency = 0> <II = 1> <Delay = 0.37> <FuncUnit> <Opcode : 'select'> <InPorts = 3> <OutPorts = 1>
ST_2 : Operation 210 [1/1] (0.00ns)   --->   "%zext_ln36_330 = zext i12 %select_ln83_44" [kyber-mult-kernel-dataflow.cpp:36->kyber-mult-kernel-dataflow.cpp:83]   --->   Operation 210 'zext' 'zext_ln36_330' <Predicate = true> <Delay = 0.00>
ST_2 : Operation 211 [3/3] (1.35ns)   --->   "%xm_276 = mul i28 %zext_ln36_323, i28 %zext_ln36_330" [kyber-mult-kernel-dataflow.cpp:36->kyber-mult-kernel-dataflow.cpp:83]   --->   Operation 211 'mul' 'xm_276' <Predicate = true> <Delay = 1.35> <CoreInst = "Mul_DSP">   --->   Core 5 'Mul_DSP' <Latency = 2> <II = 1> <Delay = 1.81> <FuncUnit> <Opcode : 'mul'> <InPorts = 2> <OutPorts = 1>
ST_2 : Operation 212 [1/2] (0.67ns)   --->   "%sA_2_load_4 = load i4 %sA_2_addr_4" [kyber-mult-kernel-dataflow.cpp:83]   --->   Operation 212 'load' 'sA_2_load_4' <Predicate = true> <Delay = 0.67> <CoreInst = "RAM">   --->   Core 83 'RAM' <Latency = 1> <II = 1> <Delay = 0.67> <Storage> <Opcode : 'load' 'store'> <Ports = 2> <Width = 12> <Depth = 16> <RAM>
ST_2 : Operation 213 [1/2] (0.67ns)   --->   "%sA_10_load_4 = load i4 %sA_10_addr_4" [kyber-mult-kernel-dataflow.cpp:83]   --->   Operation 213 'load' 'sA_10_load_4' <Predicate = true> <Delay = 0.67> <CoreInst = "RAM">   --->   Core 83 'RAM' <Latency = 1> <II = 1> <Delay = 0.67> <Storage> <Opcode : 'load' 'store'> <Ports = 2> <Width = 12> <Depth = 16> <RAM>
ST_2 : Operation 214 [1/1] (0.37ns)   --->   "%select_ln83_46 = select i1 %icmp_ln83, i12 %sA_10_load_4, i12 %sA_2_load_4" [kyber-mult-kernel-dataflow.cpp:83]   --->   Operation 214 'select' 'select_ln83_46' <Predicate = true> <Delay = 0.37> <CoreInst = "Sel">   --->   Core 73 'Sel' <Latency = 0> <II = 1> <Delay = 0.37> <FuncUnit> <Opcode : 'select'> <InPorts = 3> <OutPorts = 1>
ST_2 : Operation 215 [1/1] (0.00ns)   --->   "%zext_ln36_332 = zext i12 %select_ln83_46" [kyber-mult-kernel-dataflow.cpp:36->kyber-mult-kernel-dataflow.cpp:83]   --->   Operation 215 'zext' 'zext_ln36_332' <Predicate = true> <Delay = 0.00>
ST_2 : Operation 216 [3/3] (1.35ns)   --->   "%xm_278 = mul i28 %zext_ln36_324, i28 %zext_ln36_332" [kyber-mult-kernel-dataflow.cpp:36->kyber-mult-kernel-dataflow.cpp:83]   --->   Operation 216 'mul' 'xm_278' <Predicate = true> <Delay = 1.35> <CoreInst = "Mul_DSP">   --->   Core 5 'Mul_DSP' <Latency = 2> <II = 1> <Delay = 1.81> <FuncUnit> <Opcode : 'mul'> <InPorts = 2> <OutPorts = 1>
ST_2 : Operation 217 [1/2] (0.67ns)   --->   "%sA_3_load_4 = load i4 %sA_3_addr_4" [kyber-mult-kernel-dataflow.cpp:83]   --->   Operation 217 'load' 'sA_3_load_4' <Predicate = true> <Delay = 0.67> <CoreInst = "RAM">   --->   Core 83 'RAM' <Latency = 1> <II = 1> <Delay = 0.67> <Storage> <Opcode : 'load' 'store'> <Ports = 2> <Width = 12> <Depth = 16> <RAM>
ST_2 : Operation 218 [1/2] (0.67ns)   --->   "%sA_11_load_4 = load i4 %sA_11_addr_4" [kyber-mult-kernel-dataflow.cpp:83]   --->   Operation 218 'load' 'sA_11_load_4' <Predicate = true> <Delay = 0.67> <CoreInst = "RAM">   --->   Core 83 'RAM' <Latency = 1> <II = 1> <Delay = 0.67> <Storage> <Opcode : 'load' 'store'> <Ports = 2> <Width = 12> <Depth = 16> <RAM>
ST_2 : Operation 219 [1/1] (0.37ns)   --->   "%select_ln83_48 = select i1 %icmp_ln83, i12 %sA_11_load_4, i12 %sA_3_load_4" [kyber-mult-kernel-dataflow.cpp:83]   --->   Operation 219 'select' 'select_ln83_48' <Predicate = true> <Delay = 0.37> <CoreInst = "Sel">   --->   Core 73 'Sel' <Latency = 0> <II = 1> <Delay = 0.37> <FuncUnit> <Opcode : 'select'> <InPorts = 3> <OutPorts = 1>
ST_2 : Operation 220 [1/1] (0.00ns)   --->   "%zext_ln36_334 = zext i12 %select_ln83_48" [kyber-mult-kernel-dataflow.cpp:36->kyber-mult-kernel-dataflow.cpp:83]   --->   Operation 220 'zext' 'zext_ln36_334' <Predicate = true> <Delay = 0.00>
ST_2 : Operation 221 [3/3] (1.35ns)   --->   "%xm_280 = mul i28 %zext_ln36_325, i28 %zext_ln36_334" [kyber-mult-kernel-dataflow.cpp:36->kyber-mult-kernel-dataflow.cpp:83]   --->   Operation 221 'mul' 'xm_280' <Predicate = true> <Delay = 1.35> <CoreInst = "Mul_DSP">   --->   Core 5 'Mul_DSP' <Latency = 2> <II = 1> <Delay = 1.81> <FuncUnit> <Opcode : 'mul'> <InPorts = 2> <OutPorts = 1>
ST_2 : Operation 222 [1/2] (0.67ns)   --->   "%sA_4_load_4 = load i4 %sA_4_addr_4" [kyber-mult-kernel-dataflow.cpp:83]   --->   Operation 222 'load' 'sA_4_load_4' <Predicate = true> <Delay = 0.67> <CoreInst = "RAM">   --->   Core 83 'RAM' <Latency = 1> <II = 1> <Delay = 0.67> <Storage> <Opcode : 'load' 'store'> <Ports = 2> <Width = 12> <Depth = 16> <RAM>
ST_2 : Operation 223 [1/2] (0.67ns)   --->   "%sA_12_load_4 = load i4 %sA_12_addr_4" [kyber-mult-kernel-dataflow.cpp:83]   --->   Operation 223 'load' 'sA_12_load_4' <Predicate = true> <Delay = 0.67> <CoreInst = "RAM">   --->   Core 83 'RAM' <Latency = 1> <II = 1> <Delay = 0.67> <Storage> <Opcode : 'load' 'store'> <Ports = 2> <Width = 12> <Depth = 16> <RAM>
ST_2 : Operation 224 [1/1] (0.37ns)   --->   "%select_ln83_50 = select i1 %icmp_ln83, i12 %sA_12_load_4, i12 %sA_4_load_4" [kyber-mult-kernel-dataflow.cpp:83]   --->   Operation 224 'select' 'select_ln83_50' <Predicate = true> <Delay = 0.37> <CoreInst = "Sel">   --->   Core 73 'Sel' <Latency = 0> <II = 1> <Delay = 0.37> <FuncUnit> <Opcode : 'select'> <InPorts = 3> <OutPorts = 1>
ST_2 : Operation 225 [1/1] (0.00ns)   --->   "%zext_ln36_336 = zext i12 %select_ln83_50" [kyber-mult-kernel-dataflow.cpp:36->kyber-mult-kernel-dataflow.cpp:83]   --->   Operation 225 'zext' 'zext_ln36_336' <Predicate = true> <Delay = 0.00>
ST_2 : Operation 226 [3/3] (1.35ns)   --->   "%xm_282 = mul i28 %zext_ln36_326, i28 %zext_ln36_336" [kyber-mult-kernel-dataflow.cpp:36->kyber-mult-kernel-dataflow.cpp:83]   --->   Operation 226 'mul' 'xm_282' <Predicate = true> <Delay = 1.35> <CoreInst = "Mul_DSP">   --->   Core 5 'Mul_DSP' <Latency = 2> <II = 1> <Delay = 1.81> <FuncUnit> <Opcode : 'mul'> <InPorts = 2> <OutPorts = 1>
ST_2 : Operation 227 [1/2] (0.67ns)   --->   "%sA_5_load_4 = load i4 %sA_5_addr_4" [kyber-mult-kernel-dataflow.cpp:83]   --->   Operation 227 'load' 'sA_5_load_4' <Predicate = true> <Delay = 0.67> <CoreInst = "RAM">   --->   Core 83 'RAM' <Latency = 1> <II = 1> <Delay = 0.67> <Storage> <Opcode : 'load' 'store'> <Ports = 2> <Width = 12> <Depth = 16> <RAM>
ST_2 : Operation 228 [1/2] (0.67ns)   --->   "%sA_13_load_4 = load i4 %sA_13_addr_4" [kyber-mult-kernel-dataflow.cpp:83]   --->   Operation 228 'load' 'sA_13_load_4' <Predicate = true> <Delay = 0.67> <CoreInst = "RAM">   --->   Core 83 'RAM' <Latency = 1> <II = 1> <Delay = 0.67> <Storage> <Opcode : 'load' 'store'> <Ports = 2> <Width = 12> <Depth = 16> <RAM>
ST_2 : Operation 229 [1/1] (0.37ns)   --->   "%select_ln83_52 = select i1 %icmp_ln83, i12 %sA_13_load_4, i12 %sA_5_load_4" [kyber-mult-kernel-dataflow.cpp:83]   --->   Operation 229 'select' 'select_ln83_52' <Predicate = true> <Delay = 0.37> <CoreInst = "Sel">   --->   Core 73 'Sel' <Latency = 0> <II = 1> <Delay = 0.37> <FuncUnit> <Opcode : 'select'> <InPorts = 3> <OutPorts = 1>
ST_2 : Operation 230 [1/1] (0.00ns)   --->   "%zext_ln36_338 = zext i12 %select_ln83_52" [kyber-mult-kernel-dataflow.cpp:36->kyber-mult-kernel-dataflow.cpp:83]   --->   Operation 230 'zext' 'zext_ln36_338' <Predicate = true> <Delay = 0.00>
ST_2 : Operation 231 [3/3] (1.35ns)   --->   "%xm_284 = mul i28 %zext_ln36_327, i28 %zext_ln36_338" [kyber-mult-kernel-dataflow.cpp:36->kyber-mult-kernel-dataflow.cpp:83]   --->   Operation 231 'mul' 'xm_284' <Predicate = true> <Delay = 1.35> <CoreInst = "Mul_DSP">   --->   Core 5 'Mul_DSP' <Latency = 2> <II = 1> <Delay = 1.81> <FuncUnit> <Opcode : 'mul'> <InPorts = 2> <OutPorts = 1>
ST_2 : Operation 232 [1/2] (0.67ns)   --->   "%sA_6_load_4 = load i4 %sA_6_addr_4" [kyber-mult-kernel-dataflow.cpp:83]   --->   Operation 232 'load' 'sA_6_load_4' <Predicate = true> <Delay = 0.67> <CoreInst = "RAM">   --->   Core 83 'RAM' <Latency = 1> <II = 1> <Delay = 0.67> <Storage> <Opcode : 'load' 'store'> <Ports = 2> <Width = 12> <Depth = 16> <RAM>
ST_2 : Operation 233 [1/2] (0.67ns)   --->   "%sA_14_load_4 = load i4 %sA_14_addr_4" [kyber-mult-kernel-dataflow.cpp:83]   --->   Operation 233 'load' 'sA_14_load_4' <Predicate = true> <Delay = 0.67> <CoreInst = "RAM">   --->   Core 83 'RAM' <Latency = 1> <II = 1> <Delay = 0.67> <Storage> <Opcode : 'load' 'store'> <Ports = 2> <Width = 12> <Depth = 16> <RAM>
ST_2 : Operation 234 [1/1] (0.37ns)   --->   "%select_ln83_54 = select i1 %icmp_ln83, i12 %sA_14_load_4, i12 %sA_6_load_4" [kyber-mult-kernel-dataflow.cpp:83]   --->   Operation 234 'select' 'select_ln83_54' <Predicate = true> <Delay = 0.37> <CoreInst = "Sel">   --->   Core 73 'Sel' <Latency = 0> <II = 1> <Delay = 0.37> <FuncUnit> <Opcode : 'select'> <InPorts = 3> <OutPorts = 1>
ST_2 : Operation 235 [1/1] (0.00ns)   --->   "%zext_ln36_340 = zext i12 %select_ln83_54" [kyber-mult-kernel-dataflow.cpp:36->kyber-mult-kernel-dataflow.cpp:83]   --->   Operation 235 'zext' 'zext_ln36_340' <Predicate = true> <Delay = 0.00>
ST_2 : Operation 236 [3/3] (1.35ns)   --->   "%xm_286 = mul i28 %zext_ln36_328, i28 %zext_ln36_340" [kyber-mult-kernel-dataflow.cpp:36->kyber-mult-kernel-dataflow.cpp:83]   --->   Operation 236 'mul' 'xm_286' <Predicate = true> <Delay = 1.35> <CoreInst = "Mul_DSP">   --->   Core 5 'Mul_DSP' <Latency = 2> <II = 1> <Delay = 1.81> <FuncUnit> <Opcode : 'mul'> <InPorts = 2> <OutPorts = 1>
ST_2 : Operation 237 [1/2] (0.67ns)   --->   "%sA_7_load_4 = load i4 %sA_7_addr_4" [kyber-mult-kernel-dataflow.cpp:83]   --->   Operation 237 'load' 'sA_7_load_4' <Predicate = true> <Delay = 0.67> <CoreInst = "RAM">   --->   Core 83 'RAM' <Latency = 1> <II = 1> <Delay = 0.67> <Storage> <Opcode : 'load' 'store'> <Ports = 2> <Width = 12> <Depth = 16> <RAM>
ST_2 : Operation 238 [1/2] (0.67ns)   --->   "%sA_15_load_4 = load i4 %sA_15_addr_4" [kyber-mult-kernel-dataflow.cpp:83]   --->   Operation 238 'load' 'sA_15_load_4' <Predicate = true> <Delay = 0.67> <CoreInst = "RAM">   --->   Core 83 'RAM' <Latency = 1> <II = 1> <Delay = 0.67> <Storage> <Opcode : 'load' 'store'> <Ports = 2> <Width = 12> <Depth = 16> <RAM>
ST_2 : Operation 239 [1/1] (0.37ns)   --->   "%select_ln83_56 = select i1 %icmp_ln83, i12 %sA_15_load_4, i12 %sA_7_load_4" [kyber-mult-kernel-dataflow.cpp:83]   --->   Operation 239 'select' 'select_ln83_56' <Predicate = true> <Delay = 0.37> <CoreInst = "Sel">   --->   Core 73 'Sel' <Latency = 0> <II = 1> <Delay = 0.37> <FuncUnit> <Opcode : 'select'> <InPorts = 3> <OutPorts = 1>
ST_2 : Operation 240 [1/1] (0.00ns)   --->   "%zext_ln36_341 = zext i12 %select_ln83_56" [kyber-mult-kernel-dataflow.cpp:36->kyber-mult-kernel-dataflow.cpp:83]   --->   Operation 240 'zext' 'zext_ln36_341' <Predicate = true> <Delay = 0.00>
ST_2 : Operation 241 [1/1] (0.00ns)   --->   "%zext_ln36_342 = zext i16 %mw_49" [kyber-mult-kernel-dataflow.cpp:36->kyber-mult-kernel-dataflow.cpp:83]   --->   Operation 241 'zext' 'zext_ln36_342' <Predicate = true> <Delay = 0.00>
ST_2 : Operation 242 [3/3] (1.35ns)   --->   "%xm_273 = mul i28 %zext_ln36_342, i28 %zext_ln36_341" [kyber-mult-kernel-dataflow.cpp:36->kyber-mult-kernel-dataflow.cpp:83]   --->   Operation 242 'mul' 'xm_273' <Predicate = true> <Delay = 1.35> <CoreInst = "Mul_DSP">   --->   Core 5 'Mul_DSP' <Latency = 2> <II = 1> <Delay = 1.81> <FuncUnit> <Opcode : 'mul'> <InPorts = 2> <OutPorts = 1>
ST_2 : Operation 243 [1/2] (0.67ns)   --->   "%sB_0_load_4 = load i4 %sB_0_addr_4" [kyber-mult-kernel-dataflow.cpp:85]   --->   Operation 243 'load' 'sB_0_load_4' <Predicate = true> <Delay = 0.67> <CoreInst = "RAM">   --->   Core 83 'RAM' <Latency = 1> <II = 1> <Delay = 0.67> <Storage> <Opcode : 'load' 'store'> <Ports = 2> <Width = 12> <Depth = 16> <RAM>
ST_2 : Operation 244 [1/2] (0.67ns)   --->   "%sB_8_load_4 = load i4 %sB_8_addr_4" [kyber-mult-kernel-dataflow.cpp:85]   --->   Operation 244 'load' 'sB_8_load_4' <Predicate = true> <Delay = 0.67> <CoreInst = "RAM">   --->   Core 83 'RAM' <Latency = 1> <II = 1> <Delay = 0.67> <Storage> <Opcode : 'load' 'store'> <Ports = 2> <Width = 12> <Depth = 16> <RAM>
ST_2 : Operation 245 [1/1] (0.37ns)   --->   "%select_ln85_46 = select i1 %icmp_ln83, i12 %sB_8_load_4, i12 %sB_0_load_4" [kyber-mult-kernel-dataflow.cpp:85]   --->   Operation 245 'select' 'select_ln85_46' <Predicate = true> <Delay = 0.37> <CoreInst = "Sel">   --->   Core 73 'Sel' <Latency = 0> <II = 1> <Delay = 0.37> <FuncUnit> <Opcode : 'select'> <InPorts = 3> <OutPorts = 1>
ST_2 : Operation 246 [1/1] (0.00ns)   --->   "%zext_ln36_344 = zext i12 %select_ln85_46" [kyber-mult-kernel-dataflow.cpp:36->kyber-mult-kernel-dataflow.cpp:85]   --->   Operation 246 'zext' 'zext_ln36_344' <Predicate = true> <Delay = 0.00>
ST_2 : Operation 247 [3/3] (1.35ns)   --->   "%xm_275 = mul i28 %zext_ln36_322, i28 %zext_ln36_344" [kyber-mult-kernel-dataflow.cpp:36->kyber-mult-kernel-dataflow.cpp:85]   --->   Operation 247 'mul' 'xm_275' <Predicate = true> <Delay = 1.35> <CoreInst = "Mul_DSP">   --->   Core 5 'Mul_DSP' <Latency = 2> <II = 1> <Delay = 1.81> <FuncUnit> <Opcode : 'mul'> <InPorts = 2> <OutPorts = 1>
ST_2 : Operation 248 [1/2] (0.67ns)   --->   "%sB_1_load_4 = load i4 %sB_1_addr_4" [kyber-mult-kernel-dataflow.cpp:85]   --->   Operation 248 'load' 'sB_1_load_4' <Predicate = true> <Delay = 0.67> <CoreInst = "RAM">   --->   Core 83 'RAM' <Latency = 1> <II = 1> <Delay = 0.67> <Storage> <Opcode : 'load' 'store'> <Ports = 2> <Width = 12> <Depth = 16> <RAM>
ST_2 : Operation 249 [1/2] (0.67ns)   --->   "%sB_9_load_4 = load i4 %sB_9_addr_4" [kyber-mult-kernel-dataflow.cpp:85]   --->   Operation 249 'load' 'sB_9_load_4' <Predicate = true> <Delay = 0.67> <CoreInst = "RAM">   --->   Core 83 'RAM' <Latency = 1> <II = 1> <Delay = 0.67> <Storage> <Opcode : 'load' 'store'> <Ports = 2> <Width = 12> <Depth = 16> <RAM>
ST_2 : Operation 250 [1/1] (0.37ns)   --->   "%select_ln85_48 = select i1 %icmp_ln83, i12 %sB_9_load_4, i12 %sB_1_load_4" [kyber-mult-kernel-dataflow.cpp:85]   --->   Operation 250 'select' 'select_ln85_48' <Predicate = true> <Delay = 0.37> <CoreInst = "Sel">   --->   Core 73 'Sel' <Latency = 0> <II = 1> <Delay = 0.37> <FuncUnit> <Opcode : 'select'> <InPorts = 3> <OutPorts = 1>
ST_2 : Operation 251 [1/1] (0.00ns)   --->   "%zext_ln36_346 = zext i12 %select_ln85_48" [kyber-mult-kernel-dataflow.cpp:36->kyber-mult-kernel-dataflow.cpp:85]   --->   Operation 251 'zext' 'zext_ln36_346' <Predicate = true> <Delay = 0.00>
ST_2 : Operation 252 [3/3] (1.35ns)   --->   "%xm_277 = mul i28 %zext_ln36_323, i28 %zext_ln36_346" [kyber-mult-kernel-dataflow.cpp:36->kyber-mult-kernel-dataflow.cpp:85]   --->   Operation 252 'mul' 'xm_277' <Predicate = true> <Delay = 1.35> <CoreInst = "Mul_DSP">   --->   Core 5 'Mul_DSP' <Latency = 2> <II = 1> <Delay = 1.81> <FuncUnit> <Opcode : 'mul'> <InPorts = 2> <OutPorts = 1>
ST_2 : Operation 253 [1/2] (0.67ns)   --->   "%sB_2_load_4 = load i4 %sB_2_addr_4" [kyber-mult-kernel-dataflow.cpp:85]   --->   Operation 253 'load' 'sB_2_load_4' <Predicate = true> <Delay = 0.67> <CoreInst = "RAM">   --->   Core 83 'RAM' <Latency = 1> <II = 1> <Delay = 0.67> <Storage> <Opcode : 'load' 'store'> <Ports = 2> <Width = 12> <Depth = 16> <RAM>
ST_2 : Operation 254 [1/2] (0.67ns)   --->   "%sB_10_load_4 = load i4 %sB_10_addr_4" [kyber-mult-kernel-dataflow.cpp:85]   --->   Operation 254 'load' 'sB_10_load_4' <Predicate = true> <Delay = 0.67> <CoreInst = "RAM">   --->   Core 83 'RAM' <Latency = 1> <II = 1> <Delay = 0.67> <Storage> <Opcode : 'load' 'store'> <Ports = 2> <Width = 12> <Depth = 16> <RAM>
ST_2 : Operation 255 [1/1] (0.37ns)   --->   "%select_ln85_50 = select i1 %icmp_ln83, i12 %sB_10_load_4, i12 %sB_2_load_4" [kyber-mult-kernel-dataflow.cpp:85]   --->   Operation 255 'select' 'select_ln85_50' <Predicate = true> <Delay = 0.37> <CoreInst = "Sel">   --->   Core 73 'Sel' <Latency = 0> <II = 1> <Delay = 0.37> <FuncUnit> <Opcode : 'select'> <InPorts = 3> <OutPorts = 1>
ST_2 : Operation 256 [1/1] (0.00ns)   --->   "%zext_ln36_348 = zext i12 %select_ln85_50" [kyber-mult-kernel-dataflow.cpp:36->kyber-mult-kernel-dataflow.cpp:85]   --->   Operation 256 'zext' 'zext_ln36_348' <Predicate = true> <Delay = 0.00>
ST_2 : Operation 257 [3/3] (1.35ns)   --->   "%xm_279 = mul i28 %zext_ln36_324, i28 %zext_ln36_348" [kyber-mult-kernel-dataflow.cpp:36->kyber-mult-kernel-dataflow.cpp:85]   --->   Operation 257 'mul' 'xm_279' <Predicate = true> <Delay = 1.35> <CoreInst = "Mul_DSP">   --->   Core 5 'Mul_DSP' <Latency = 2> <II = 1> <Delay = 1.81> <FuncUnit> <Opcode : 'mul'> <InPorts = 2> <OutPorts = 1>
ST_2 : Operation 258 [1/2] (0.67ns)   --->   "%sB_3_load_4 = load i4 %sB_3_addr_4" [kyber-mult-kernel-dataflow.cpp:85]   --->   Operation 258 'load' 'sB_3_load_4' <Predicate = true> <Delay = 0.67> <CoreInst = "RAM">   --->   Core 83 'RAM' <Latency = 1> <II = 1> <Delay = 0.67> <Storage> <Opcode : 'load' 'store'> <Ports = 2> <Width = 12> <Depth = 16> <RAM>
ST_2 : Operation 259 [1/2] (0.67ns)   --->   "%sB_11_load_4 = load i4 %sB_11_addr_4" [kyber-mult-kernel-dataflow.cpp:85]   --->   Operation 259 'load' 'sB_11_load_4' <Predicate = true> <Delay = 0.67> <CoreInst = "RAM">   --->   Core 83 'RAM' <Latency = 1> <II = 1> <Delay = 0.67> <Storage> <Opcode : 'load' 'store'> <Ports = 2> <Width = 12> <Depth = 16> <RAM>
ST_2 : Operation 260 [1/1] (0.37ns)   --->   "%select_ln85_52 = select i1 %icmp_ln83, i12 %sB_11_load_4, i12 %sB_3_load_4" [kyber-mult-kernel-dataflow.cpp:85]   --->   Operation 260 'select' 'select_ln85_52' <Predicate = true> <Delay = 0.37> <CoreInst = "Sel">   --->   Core 73 'Sel' <Latency = 0> <II = 1> <Delay = 0.37> <FuncUnit> <Opcode : 'select'> <InPorts = 3> <OutPorts = 1>
ST_2 : Operation 261 [1/1] (0.00ns)   --->   "%zext_ln36_350 = zext i12 %select_ln85_52" [kyber-mult-kernel-dataflow.cpp:36->kyber-mult-kernel-dataflow.cpp:85]   --->   Operation 261 'zext' 'zext_ln36_350' <Predicate = true> <Delay = 0.00>
ST_2 : Operation 262 [3/3] (1.35ns)   --->   "%xm_281 = mul i28 %zext_ln36_325, i28 %zext_ln36_350" [kyber-mult-kernel-dataflow.cpp:36->kyber-mult-kernel-dataflow.cpp:85]   --->   Operation 262 'mul' 'xm_281' <Predicate = true> <Delay = 1.35> <CoreInst = "Mul_DSP">   --->   Core 5 'Mul_DSP' <Latency = 2> <II = 1> <Delay = 1.81> <FuncUnit> <Opcode : 'mul'> <InPorts = 2> <OutPorts = 1>
ST_2 : Operation 263 [1/2] (0.67ns)   --->   "%sB_4_load_4 = load i4 %sB_4_addr_4" [kyber-mult-kernel-dataflow.cpp:85]   --->   Operation 263 'load' 'sB_4_load_4' <Predicate = true> <Delay = 0.67> <CoreInst = "RAM">   --->   Core 83 'RAM' <Latency = 1> <II = 1> <Delay = 0.67> <Storage> <Opcode : 'load' 'store'> <Ports = 2> <Width = 12> <Depth = 16> <RAM>
ST_2 : Operation 264 [1/2] (0.67ns)   --->   "%sB_12_load_4 = load i4 %sB_12_addr_4" [kyber-mult-kernel-dataflow.cpp:85]   --->   Operation 264 'load' 'sB_12_load_4' <Predicate = true> <Delay = 0.67> <CoreInst = "RAM">   --->   Core 83 'RAM' <Latency = 1> <II = 1> <Delay = 0.67> <Storage> <Opcode : 'load' 'store'> <Ports = 2> <Width = 12> <Depth = 16> <RAM>
ST_2 : Operation 265 [1/1] (0.37ns)   --->   "%select_ln85_54 = select i1 %icmp_ln83, i12 %sB_12_load_4, i12 %sB_4_load_4" [kyber-mult-kernel-dataflow.cpp:85]   --->   Operation 265 'select' 'select_ln85_54' <Predicate = true> <Delay = 0.37> <CoreInst = "Sel">   --->   Core 73 'Sel' <Latency = 0> <II = 1> <Delay = 0.37> <FuncUnit> <Opcode : 'select'> <InPorts = 3> <OutPorts = 1>
ST_2 : Operation 266 [1/1] (0.00ns)   --->   "%zext_ln36_352 = zext i12 %select_ln85_54" [kyber-mult-kernel-dataflow.cpp:36->kyber-mult-kernel-dataflow.cpp:85]   --->   Operation 266 'zext' 'zext_ln36_352' <Predicate = true> <Delay = 0.00>
ST_2 : Operation 267 [3/3] (1.35ns)   --->   "%xm_283 = mul i28 %zext_ln36_326, i28 %zext_ln36_352" [kyber-mult-kernel-dataflow.cpp:36->kyber-mult-kernel-dataflow.cpp:85]   --->   Operation 267 'mul' 'xm_283' <Predicate = true> <Delay = 1.35> <CoreInst = "Mul_DSP">   --->   Core 5 'Mul_DSP' <Latency = 2> <II = 1> <Delay = 1.81> <FuncUnit> <Opcode : 'mul'> <InPorts = 2> <OutPorts = 1>
ST_2 : Operation 268 [1/2] (0.67ns)   --->   "%sB_5_load_4 = load i4 %sB_5_addr_4" [kyber-mult-kernel-dataflow.cpp:85]   --->   Operation 268 'load' 'sB_5_load_4' <Predicate = true> <Delay = 0.67> <CoreInst = "RAM">   --->   Core 83 'RAM' <Latency = 1> <II = 1> <Delay = 0.67> <Storage> <Opcode : 'load' 'store'> <Ports = 2> <Width = 12> <Depth = 16> <RAM>
ST_2 : Operation 269 [1/2] (0.67ns)   --->   "%sB_13_load_4 = load i4 %sB_13_addr_4" [kyber-mult-kernel-dataflow.cpp:85]   --->   Operation 269 'load' 'sB_13_load_4' <Predicate = true> <Delay = 0.67> <CoreInst = "RAM">   --->   Core 83 'RAM' <Latency = 1> <II = 1> <Delay = 0.67> <Storage> <Opcode : 'load' 'store'> <Ports = 2> <Width = 12> <Depth = 16> <RAM>
ST_2 : Operation 270 [1/1] (0.37ns)   --->   "%select_ln85_56 = select i1 %icmp_ln83, i12 %sB_13_load_4, i12 %sB_5_load_4" [kyber-mult-kernel-dataflow.cpp:85]   --->   Operation 270 'select' 'select_ln85_56' <Predicate = true> <Delay = 0.37> <CoreInst = "Sel">   --->   Core 73 'Sel' <Latency = 0> <II = 1> <Delay = 0.37> <FuncUnit> <Opcode : 'select'> <InPorts = 3> <OutPorts = 1>
ST_2 : Operation 271 [1/1] (0.00ns)   --->   "%zext_ln36_354 = zext i12 %select_ln85_56" [kyber-mult-kernel-dataflow.cpp:36->kyber-mult-kernel-dataflow.cpp:85]   --->   Operation 271 'zext' 'zext_ln36_354' <Predicate = true> <Delay = 0.00>
ST_2 : Operation 272 [3/3] (1.35ns)   --->   "%xm_285 = mul i28 %zext_ln36_327, i28 %zext_ln36_354" [kyber-mult-kernel-dataflow.cpp:36->kyber-mult-kernel-dataflow.cpp:85]   --->   Operation 272 'mul' 'xm_285' <Predicate = true> <Delay = 1.35> <CoreInst = "Mul_DSP">   --->   Core 5 'Mul_DSP' <Latency = 2> <II = 1> <Delay = 1.81> <FuncUnit> <Opcode : 'mul'> <InPorts = 2> <OutPorts = 1>
ST_2 : Operation 273 [1/2] (0.67ns)   --->   "%sB_6_load_4 = load i4 %sB_6_addr_4" [kyber-mult-kernel-dataflow.cpp:85]   --->   Operation 273 'load' 'sB_6_load_4' <Predicate = true> <Delay = 0.67> <CoreInst = "RAM">   --->   Core 83 'RAM' <Latency = 1> <II = 1> <Delay = 0.67> <Storage> <Opcode : 'load' 'store'> <Ports = 2> <Width = 12> <Depth = 16> <RAM>
ST_2 : Operation 274 [1/2] (0.67ns)   --->   "%sB_14_load_4 = load i4 %sB_14_addr_4" [kyber-mult-kernel-dataflow.cpp:85]   --->   Operation 274 'load' 'sB_14_load_4' <Predicate = true> <Delay = 0.67> <CoreInst = "RAM">   --->   Core 83 'RAM' <Latency = 1> <II = 1> <Delay = 0.67> <Storage> <Opcode : 'load' 'store'> <Ports = 2> <Width = 12> <Depth = 16> <RAM>
ST_2 : Operation 275 [1/1] (0.37ns)   --->   "%select_ln85_58 = select i1 %icmp_ln83, i12 %sB_14_load_4, i12 %sB_6_load_4" [kyber-mult-kernel-dataflow.cpp:85]   --->   Operation 275 'select' 'select_ln85_58' <Predicate = true> <Delay = 0.37> <CoreInst = "Sel">   --->   Core 73 'Sel' <Latency = 0> <II = 1> <Delay = 0.37> <FuncUnit> <Opcode : 'select'> <InPorts = 3> <OutPorts = 1>
ST_2 : Operation 276 [1/1] (0.00ns)   --->   "%zext_ln36_356 = zext i12 %select_ln85_58" [kyber-mult-kernel-dataflow.cpp:36->kyber-mult-kernel-dataflow.cpp:85]   --->   Operation 276 'zext' 'zext_ln36_356' <Predicate = true> <Delay = 0.00>
ST_2 : Operation 277 [3/3] (1.35ns)   --->   "%xm_287 = mul i28 %zext_ln36_328, i28 %zext_ln36_356" [kyber-mult-kernel-dataflow.cpp:36->kyber-mult-kernel-dataflow.cpp:85]   --->   Operation 277 'mul' 'xm_287' <Predicate = true> <Delay = 1.35> <CoreInst = "Mul_DSP">   --->   Core 5 'Mul_DSP' <Latency = 2> <II = 1> <Delay = 1.81> <FuncUnit> <Opcode : 'mul'> <InPorts = 2> <OutPorts = 1>
ST_2 : Operation 278 [1/2] (0.67ns)   --->   "%sB_7_load_4 = load i4 %sB_7_addr_4" [kyber-mult-kernel-dataflow.cpp:85]   --->   Operation 278 'load' 'sB_7_load_4' <Predicate = true> <Delay = 0.67> <CoreInst = "RAM">   --->   Core 83 'RAM' <Latency = 1> <II = 1> <Delay = 0.67> <Storage> <Opcode : 'load' 'store'> <Ports = 2> <Width = 12> <Depth = 16> <RAM>
ST_2 : Operation 279 [1/2] (0.67ns)   --->   "%sB_15_load_4 = load i4 %sB_15_addr_4" [kyber-mult-kernel-dataflow.cpp:85]   --->   Operation 279 'load' 'sB_15_load_4' <Predicate = true> <Delay = 0.67> <CoreInst = "RAM">   --->   Core 83 'RAM' <Latency = 1> <II = 1> <Delay = 0.67> <Storage> <Opcode : 'load' 'store'> <Ports = 2> <Width = 12> <Depth = 16> <RAM>
ST_2 : Operation 280 [1/1] (0.37ns)   --->   "%select_ln85_60 = select i1 %icmp_ln83, i12 %sB_15_load_4, i12 %sB_7_load_4" [kyber-mult-kernel-dataflow.cpp:85]   --->   Operation 280 'select' 'select_ln85_60' <Predicate = true> <Delay = 0.37> <CoreInst = "Sel">   --->   Core 73 'Sel' <Latency = 0> <II = 1> <Delay = 0.37> <FuncUnit> <Opcode : 'select'> <InPorts = 3> <OutPorts = 1>
ST_2 : Operation 281 [1/1] (0.00ns)   --->   "%zext_ln36_358 = zext i12 %select_ln85_60" [kyber-mult-kernel-dataflow.cpp:36->kyber-mult-kernel-dataflow.cpp:85]   --->   Operation 281 'zext' 'zext_ln36_358' <Predicate = true> <Delay = 0.00>
ST_2 : Operation 282 [3/3] (1.35ns)   --->   "%xm_274 = mul i28 %zext_ln36_342, i28 %zext_ln36_358" [kyber-mult-kernel-dataflow.cpp:36->kyber-mult-kernel-dataflow.cpp:85]   --->   Operation 282 'mul' 'xm_274' <Predicate = true> <Delay = 1.35> <CoreInst = "Mul_DSP">   --->   Core 5 'Mul_DSP' <Latency = 2> <II = 1> <Delay = 1.81> <FuncUnit> <Opcode : 'mul'> <InPorts = 2> <OutPorts = 1>

State 3 <SV = 2> <Delay = 1.35>
ST_3 : Operation 283 [1/1] (0.00ns)   --->   "%w_cast_cast_cast_cast_cast = sext i10 %w" [kyber-mult-kernel-dataflow.cpp:82]   --->   Operation 283 'sext' 'w_cast_cast_cast_cast_cast' <Predicate = true> <Delay = 0.00>
ST_3 : Operation 284 [1/1] (0.00ns)   --->   "%w_cast_cast_cast_cast_cast_cast = zext i11 %w_cast_cast_cast_cast_cast" [kyber-mult-kernel-dataflow.cpp:82]   --->   Operation 284 'zext' 'w_cast_cast_cast_cast_cast_cast' <Predicate = true> <Delay = 0.00>
ST_3 : Operation 285 [1/1] (0.00ns)   --->   "%zext_ln34 = zext i12 %select_ln83" [kyber-mult-kernel-dataflow.cpp:34->kyber-mult-kernel-dataflow.cpp:83]   --->   Operation 285 'zext' 'zext_ln34' <Predicate = true> <Delay = 0.00>
ST_3 : Operation 286 [2/3] (1.35ns)   --->   "%xm = mul i28 %zext_ln36_322, i28 %zext_ln36" [kyber-mult-kernel-dataflow.cpp:36->kyber-mult-kernel-dataflow.cpp:83]   --->   Operation 286 'mul' 'xm' <Predicate = true> <Delay = 1.35> <CoreInst = "Mul_DSP">   --->   Core 5 'Mul_DSP' <Latency = 2> <II = 1> <Delay = 1.81> <FuncUnit> <Opcode : 'mul'> <InPorts = 2> <OutPorts = 1>
ST_3 : Operation 287 [3/3] (1.34ns)   --->   "%xw = mul i23 %zext_ln34, i23 %w_cast_cast_cast_cast_cast_cast" [kyber-mult-kernel-dataflow.cpp:39->kyber-mult-kernel-dataflow.cpp:83]   --->   Operation 287 'mul' 'xw' <Predicate = true> <Delay = 1.34> <CoreInst = "Mul_DSP">   --->   Core 5 'Mul_DSP' <Latency = 2> <II = 1> <Delay = 1.79> <FuncUnit> <Opcode : 'mul'> <InPorts = 2> <OutPorts = 1>
ST_3 : Operation 288 [1/1] (0.00ns)   --->   "%w_44_cast_cast_cast_cast_cast = sext i10 %w_51" [kyber-mult-kernel-dataflow.cpp:82]   --->   Operation 288 'sext' 'w_44_cast_cast_cast_cast_cast' <Predicate = true> <Delay = 0.00>
ST_3 : Operation 289 [1/1] (0.00ns)   --->   "%w_44_cast_cast_cast_cast_cast_cast = zext i11 %w_44_cast_cast_cast_cast_cast" [kyber-mult-kernel-dataflow.cpp:82]   --->   Operation 289 'zext' 'w_44_cast_cast_cast_cast_cast_cast' <Predicate = true> <Delay = 0.00>
ST_3 : Operation 290 [1/1] (0.00ns)   --->   "%w_45_cast_cast_cast_cast_cast = sext i10 %w_52" [kyber-mult-kernel-dataflow.cpp:82]   --->   Operation 290 'sext' 'w_45_cast_cast_cast_cast_cast' <Predicate = true> <Delay = 0.00>
ST_3 : Operation 291 [1/1] (0.00ns)   --->   "%w_45_cast_cast_cast_cast_cast_cast = zext i11 %w_45_cast_cast_cast_cast_cast" [kyber-mult-kernel-dataflow.cpp:82]   --->   Operation 291 'zext' 'w_45_cast_cast_cast_cast_cast_cast' <Predicate = true> <Delay = 0.00>
ST_3 : Operation 292 [1/1] (0.00ns)   --->   "%w_46_cast_cast_cast_cast_cast = sext i10 %w_53" [kyber-mult-kernel-dataflow.cpp:82]   --->   Operation 292 'sext' 'w_46_cast_cast_cast_cast_cast' <Predicate = true> <Delay = 0.00>
ST_3 : Operation 293 [1/1] (0.00ns)   --->   "%w_46_cast_cast_cast_cast_cast_cast = zext i11 %w_46_cast_cast_cast_cast_cast" [kyber-mult-kernel-dataflow.cpp:82]   --->   Operation 293 'zext' 'w_46_cast_cast_cast_cast_cast_cast' <Predicate = true> <Delay = 0.00>
ST_3 : Operation 294 [1/1] (0.00ns)   --->   "%w_47_cast_cast_cast_cast_cast = sext i10 %w_54" [kyber-mult-kernel-dataflow.cpp:82]   --->   Operation 294 'sext' 'w_47_cast_cast_cast_cast_cast' <Predicate = true> <Delay = 0.00>
ST_3 : Operation 295 [1/1] (0.00ns)   --->   "%w_47_cast_cast_cast_cast_cast_cast = zext i11 %w_47_cast_cast_cast_cast_cast" [kyber-mult-kernel-dataflow.cpp:82]   --->   Operation 295 'zext' 'w_47_cast_cast_cast_cast_cast_cast' <Predicate = true> <Delay = 0.00>
ST_3 : Operation 296 [1/1] (0.00ns)   --->   "%w_48_cast_cast_cast_cast_cast = sext i10 %w_55" [kyber-mult-kernel-dataflow.cpp:82]   --->   Operation 296 'sext' 'w_48_cast_cast_cast_cast_cast' <Predicate = true> <Delay = 0.00>
ST_3 : Operation 297 [1/1] (0.00ns)   --->   "%w_48_cast_cast_cast_cast_cast_cast = zext i11 %w_48_cast_cast_cast_cast_cast" [kyber-mult-kernel-dataflow.cpp:82]   --->   Operation 297 'zext' 'w_48_cast_cast_cast_cast_cast_cast' <Predicate = true> <Delay = 0.00>
ST_3 : Operation 298 [1/1] (0.00ns)   --->   "%w_49_cast_cast_cast_cast_cast = sext i10 %w_56" [kyber-mult-kernel-dataflow.cpp:82]   --->   Operation 298 'sext' 'w_49_cast_cast_cast_cast_cast' <Predicate = true> <Delay = 0.00>
ST_3 : Operation 299 [1/1] (0.00ns)   --->   "%w_49_cast_cast_cast_cast_cast_cast = zext i11 %w_49_cast_cast_cast_cast_cast" [kyber-mult-kernel-dataflow.cpp:82]   --->   Operation 299 'zext' 'w_49_cast_cast_cast_cast_cast_cast' <Predicate = true> <Delay = 0.00>
ST_3 : Operation 300 [1/1] (0.00ns)   --->   "%w_50_cast_cast_cast_cast_cast = sext i10 %w_57" [kyber-mult-kernel-dataflow.cpp:82]   --->   Operation 300 'sext' 'w_50_cast_cast_cast_cast_cast' <Predicate = true> <Delay = 0.00>
ST_3 : Operation 301 [1/1] (0.00ns)   --->   "%w_50_cast_cast_cast_cast_cast_cast = zext i11 %w_50_cast_cast_cast_cast_cast" [kyber-mult-kernel-dataflow.cpp:82]   --->   Operation 301 'zext' 'w_50_cast_cast_cast_cast_cast_cast' <Predicate = true> <Delay = 0.00>
ST_3 : Operation 302 [1/1] (0.00ns)   --->   "%zext_ln36_329 = zext i12 %select_ln83_44" [kyber-mult-kernel-dataflow.cpp:36->kyber-mult-kernel-dataflow.cpp:83]   --->   Operation 302 'zext' 'zext_ln36_329' <Predicate = true> <Delay = 0.00>
ST_3 : Operation 303 [2/3] (1.35ns)   --->   "%xm_276 = mul i28 %zext_ln36_323, i28 %zext_ln36_330" [kyber-mult-kernel-dataflow.cpp:36->kyber-mult-kernel-dataflow.cpp:83]   --->   Operation 303 'mul' 'xm_276' <Predicate = true> <Delay = 1.35> <CoreInst = "Mul_DSP">   --->   Core 5 'Mul_DSP' <Latency = 2> <II = 1> <Delay = 1.81> <FuncUnit> <Opcode : 'mul'> <InPorts = 2> <OutPorts = 1>
ST_3 : Operation 304 [3/3] (1.34ns)   --->   "%xw_276 = mul i23 %zext_ln36_329, i23 %w_44_cast_cast_cast_cast_cast_cast" [kyber-mult-kernel-dataflow.cpp:39->kyber-mult-kernel-dataflow.cpp:83]   --->   Operation 304 'mul' 'xw_276' <Predicate = true> <Delay = 1.34> <CoreInst = "Mul_DSP">   --->   Core 5 'Mul_DSP' <Latency = 2> <II = 1> <Delay = 1.79> <FuncUnit> <Opcode : 'mul'> <InPorts = 2> <OutPorts = 1>
ST_3 : Operation 305 [1/1] (0.00ns)   --->   "%zext_ln36_331 = zext i12 %select_ln83_46" [kyber-mult-kernel-dataflow.cpp:36->kyber-mult-kernel-dataflow.cpp:83]   --->   Operation 305 'zext' 'zext_ln36_331' <Predicate = true> <Delay = 0.00>
ST_3 : Operation 306 [2/3] (1.35ns)   --->   "%xm_278 = mul i28 %zext_ln36_324, i28 %zext_ln36_332" [kyber-mult-kernel-dataflow.cpp:36->kyber-mult-kernel-dataflow.cpp:83]   --->   Operation 306 'mul' 'xm_278' <Predicate = true> <Delay = 1.35> <CoreInst = "Mul_DSP">   --->   Core 5 'Mul_DSP' <Latency = 2> <II = 1> <Delay = 1.81> <FuncUnit> <Opcode : 'mul'> <InPorts = 2> <OutPorts = 1>
ST_3 : Operation 307 [3/3] (1.34ns)   --->   "%xw_278 = mul i23 %zext_ln36_331, i23 %w_45_cast_cast_cast_cast_cast_cast" [kyber-mult-kernel-dataflow.cpp:39->kyber-mult-kernel-dataflow.cpp:83]   --->   Operation 307 'mul' 'xw_278' <Predicate = true> <Delay = 1.34> <CoreInst = "Mul_DSP">   --->   Core 5 'Mul_DSP' <Latency = 2> <II = 1> <Delay = 1.79> <FuncUnit> <Opcode : 'mul'> <InPorts = 2> <OutPorts = 1>
ST_3 : Operation 308 [1/1] (0.00ns)   --->   "%zext_ln36_333 = zext i12 %select_ln83_48" [kyber-mult-kernel-dataflow.cpp:36->kyber-mult-kernel-dataflow.cpp:83]   --->   Operation 308 'zext' 'zext_ln36_333' <Predicate = true> <Delay = 0.00>
ST_3 : Operation 309 [2/3] (1.35ns)   --->   "%xm_280 = mul i28 %zext_ln36_325, i28 %zext_ln36_334" [kyber-mult-kernel-dataflow.cpp:36->kyber-mult-kernel-dataflow.cpp:83]   --->   Operation 309 'mul' 'xm_280' <Predicate = true> <Delay = 1.35> <CoreInst = "Mul_DSP">   --->   Core 5 'Mul_DSP' <Latency = 2> <II = 1> <Delay = 1.81> <FuncUnit> <Opcode : 'mul'> <InPorts = 2> <OutPorts = 1>
ST_3 : Operation 310 [3/3] (1.34ns)   --->   "%xw_280 = mul i23 %zext_ln36_333, i23 %w_46_cast_cast_cast_cast_cast_cast" [kyber-mult-kernel-dataflow.cpp:39->kyber-mult-kernel-dataflow.cpp:83]   --->   Operation 310 'mul' 'xw_280' <Predicate = true> <Delay = 1.34> <CoreInst = "Mul_DSP">   --->   Core 5 'Mul_DSP' <Latency = 2> <II = 1> <Delay = 1.79> <FuncUnit> <Opcode : 'mul'> <InPorts = 2> <OutPorts = 1>
ST_3 : Operation 311 [1/1] (0.00ns)   --->   "%zext_ln36_335 = zext i12 %select_ln83_50" [kyber-mult-kernel-dataflow.cpp:36->kyber-mult-kernel-dataflow.cpp:83]   --->   Operation 311 'zext' 'zext_ln36_335' <Predicate = true> <Delay = 0.00>
ST_3 : Operation 312 [2/3] (1.35ns)   --->   "%xm_282 = mul i28 %zext_ln36_326, i28 %zext_ln36_336" [kyber-mult-kernel-dataflow.cpp:36->kyber-mult-kernel-dataflow.cpp:83]   --->   Operation 312 'mul' 'xm_282' <Predicate = true> <Delay = 1.35> <CoreInst = "Mul_DSP">   --->   Core 5 'Mul_DSP' <Latency = 2> <II = 1> <Delay = 1.81> <FuncUnit> <Opcode : 'mul'> <InPorts = 2> <OutPorts = 1>
ST_3 : Operation 313 [3/3] (1.34ns)   --->   "%xw_282 = mul i23 %zext_ln36_335, i23 %w_47_cast_cast_cast_cast_cast_cast" [kyber-mult-kernel-dataflow.cpp:39->kyber-mult-kernel-dataflow.cpp:83]   --->   Operation 313 'mul' 'xw_282' <Predicate = true> <Delay = 1.34> <CoreInst = "Mul_DSP">   --->   Core 5 'Mul_DSP' <Latency = 2> <II = 1> <Delay = 1.79> <FuncUnit> <Opcode : 'mul'> <InPorts = 2> <OutPorts = 1>
ST_3 : Operation 314 [1/1] (0.00ns)   --->   "%zext_ln36_337 = zext i12 %select_ln83_52" [kyber-mult-kernel-dataflow.cpp:36->kyber-mult-kernel-dataflow.cpp:83]   --->   Operation 314 'zext' 'zext_ln36_337' <Predicate = true> <Delay = 0.00>
ST_3 : Operation 315 [2/3] (1.35ns)   --->   "%xm_284 = mul i28 %zext_ln36_327, i28 %zext_ln36_338" [kyber-mult-kernel-dataflow.cpp:36->kyber-mult-kernel-dataflow.cpp:83]   --->   Operation 315 'mul' 'xm_284' <Predicate = true> <Delay = 1.35> <CoreInst = "Mul_DSP">   --->   Core 5 'Mul_DSP' <Latency = 2> <II = 1> <Delay = 1.81> <FuncUnit> <Opcode : 'mul'> <InPorts = 2> <OutPorts = 1>
ST_3 : Operation 316 [3/3] (1.34ns)   --->   "%xw_284 = mul i23 %zext_ln36_337, i23 %w_48_cast_cast_cast_cast_cast_cast" [kyber-mult-kernel-dataflow.cpp:39->kyber-mult-kernel-dataflow.cpp:83]   --->   Operation 316 'mul' 'xw_284' <Predicate = true> <Delay = 1.34> <CoreInst = "Mul_DSP">   --->   Core 5 'Mul_DSP' <Latency = 2> <II = 1> <Delay = 1.79> <FuncUnit> <Opcode : 'mul'> <InPorts = 2> <OutPorts = 1>
ST_3 : Operation 317 [1/1] (0.00ns)   --->   "%zext_ln36_339 = zext i12 %select_ln83_54" [kyber-mult-kernel-dataflow.cpp:36->kyber-mult-kernel-dataflow.cpp:83]   --->   Operation 317 'zext' 'zext_ln36_339' <Predicate = true> <Delay = 0.00>
ST_3 : Operation 318 [2/3] (1.35ns)   --->   "%xm_286 = mul i28 %zext_ln36_328, i28 %zext_ln36_340" [kyber-mult-kernel-dataflow.cpp:36->kyber-mult-kernel-dataflow.cpp:83]   --->   Operation 318 'mul' 'xm_286' <Predicate = true> <Delay = 1.35> <CoreInst = "Mul_DSP">   --->   Core 5 'Mul_DSP' <Latency = 2> <II = 1> <Delay = 1.81> <FuncUnit> <Opcode : 'mul'> <InPorts = 2> <OutPorts = 1>
ST_3 : Operation 319 [3/3] (1.34ns)   --->   "%xw_286 = mul i23 %zext_ln36_339, i23 %w_49_cast_cast_cast_cast_cast_cast" [kyber-mult-kernel-dataflow.cpp:39->kyber-mult-kernel-dataflow.cpp:83]   --->   Operation 319 'mul' 'xw_286' <Predicate = true> <Delay = 1.34> <CoreInst = "Mul_DSP">   --->   Core 5 'Mul_DSP' <Latency = 2> <II = 1> <Delay = 1.79> <FuncUnit> <Opcode : 'mul'> <InPorts = 2> <OutPorts = 1>
ST_3 : Operation 320 [1/1] (0.00ns)   --->   "%zext_ln34_13 = zext i12 %select_ln83_56" [kyber-mult-kernel-dataflow.cpp:34->kyber-mult-kernel-dataflow.cpp:83]   --->   Operation 320 'zext' 'zext_ln34_13' <Predicate = true> <Delay = 0.00>
ST_3 : Operation 321 [2/3] (1.35ns)   --->   "%xm_273 = mul i28 %zext_ln36_342, i28 %zext_ln36_341" [kyber-mult-kernel-dataflow.cpp:36->kyber-mult-kernel-dataflow.cpp:83]   --->   Operation 321 'mul' 'xm_273' <Predicate = true> <Delay = 1.35> <CoreInst = "Mul_DSP">   --->   Core 5 'Mul_DSP' <Latency = 2> <II = 1> <Delay = 1.81> <FuncUnit> <Opcode : 'mul'> <InPorts = 2> <OutPorts = 1>
ST_3 : Operation 322 [3/3] (1.34ns)   --->   "%xw_273 = mul i23 %zext_ln34_13, i23 %w_50_cast_cast_cast_cast_cast_cast" [kyber-mult-kernel-dataflow.cpp:39->kyber-mult-kernel-dataflow.cpp:83]   --->   Operation 322 'mul' 'xw_273' <Predicate = true> <Delay = 1.34> <CoreInst = "Mul_DSP">   --->   Core 5 'Mul_DSP' <Latency = 2> <II = 1> <Delay = 1.79> <FuncUnit> <Opcode : 'mul'> <InPorts = 2> <OutPorts = 1>
ST_3 : Operation 323 [1/1] (0.00ns)   --->   "%zext_ln36_343 = zext i12 %select_ln85_46" [kyber-mult-kernel-dataflow.cpp:36->kyber-mult-kernel-dataflow.cpp:85]   --->   Operation 323 'zext' 'zext_ln36_343' <Predicate = true> <Delay = 0.00>
ST_3 : Operation 324 [2/3] (1.35ns)   --->   "%xm_275 = mul i28 %zext_ln36_322, i28 %zext_ln36_344" [kyber-mult-kernel-dataflow.cpp:36->kyber-mult-kernel-dataflow.cpp:85]   --->   Operation 324 'mul' 'xm_275' <Predicate = true> <Delay = 1.35> <CoreInst = "Mul_DSP">   --->   Core 5 'Mul_DSP' <Latency = 2> <II = 1> <Delay = 1.81> <FuncUnit> <Opcode : 'mul'> <InPorts = 2> <OutPorts = 1>
ST_3 : Operation 325 [3/3] (1.34ns)   --->   "%xw_275 = mul i23 %zext_ln36_343, i23 %w_cast_cast_cast_cast_cast_cast" [kyber-mult-kernel-dataflow.cpp:39->kyber-mult-kernel-dataflow.cpp:85]   --->   Operation 325 'mul' 'xw_275' <Predicate = true> <Delay = 1.34> <CoreInst = "Mul_DSP">   --->   Core 5 'Mul_DSP' <Latency = 2> <II = 1> <Delay = 1.79> <FuncUnit> <Opcode : 'mul'> <InPorts = 2> <OutPorts = 1>
ST_3 : Operation 326 [1/1] (0.00ns)   --->   "%zext_ln36_345 = zext i12 %select_ln85_48" [kyber-mult-kernel-dataflow.cpp:36->kyber-mult-kernel-dataflow.cpp:85]   --->   Operation 326 'zext' 'zext_ln36_345' <Predicate = true> <Delay = 0.00>
ST_3 : Operation 327 [2/3] (1.35ns)   --->   "%xm_277 = mul i28 %zext_ln36_323, i28 %zext_ln36_346" [kyber-mult-kernel-dataflow.cpp:36->kyber-mult-kernel-dataflow.cpp:85]   --->   Operation 327 'mul' 'xm_277' <Predicate = true> <Delay = 1.35> <CoreInst = "Mul_DSP">   --->   Core 5 'Mul_DSP' <Latency = 2> <II = 1> <Delay = 1.81> <FuncUnit> <Opcode : 'mul'> <InPorts = 2> <OutPorts = 1>
ST_3 : Operation 328 [3/3] (1.34ns)   --->   "%xw_277 = mul i23 %zext_ln36_345, i23 %w_44_cast_cast_cast_cast_cast_cast" [kyber-mult-kernel-dataflow.cpp:39->kyber-mult-kernel-dataflow.cpp:85]   --->   Operation 328 'mul' 'xw_277' <Predicate = true> <Delay = 1.34> <CoreInst = "Mul_DSP">   --->   Core 5 'Mul_DSP' <Latency = 2> <II = 1> <Delay = 1.79> <FuncUnit> <Opcode : 'mul'> <InPorts = 2> <OutPorts = 1>
ST_3 : Operation 329 [1/1] (0.00ns)   --->   "%zext_ln36_347 = zext i12 %select_ln85_50" [kyber-mult-kernel-dataflow.cpp:36->kyber-mult-kernel-dataflow.cpp:85]   --->   Operation 329 'zext' 'zext_ln36_347' <Predicate = true> <Delay = 0.00>
ST_3 : Operation 330 [2/3] (1.35ns)   --->   "%xm_279 = mul i28 %zext_ln36_324, i28 %zext_ln36_348" [kyber-mult-kernel-dataflow.cpp:36->kyber-mult-kernel-dataflow.cpp:85]   --->   Operation 330 'mul' 'xm_279' <Predicate = true> <Delay = 1.35> <CoreInst = "Mul_DSP">   --->   Core 5 'Mul_DSP' <Latency = 2> <II = 1> <Delay = 1.81> <FuncUnit> <Opcode : 'mul'> <InPorts = 2> <OutPorts = 1>
ST_3 : Operation 331 [3/3] (1.34ns)   --->   "%xw_279 = mul i23 %zext_ln36_347, i23 %w_45_cast_cast_cast_cast_cast_cast" [kyber-mult-kernel-dataflow.cpp:39->kyber-mult-kernel-dataflow.cpp:85]   --->   Operation 331 'mul' 'xw_279' <Predicate = true> <Delay = 1.34> <CoreInst = "Mul_DSP">   --->   Core 5 'Mul_DSP' <Latency = 2> <II = 1> <Delay = 1.79> <FuncUnit> <Opcode : 'mul'> <InPorts = 2> <OutPorts = 1>
ST_3 : Operation 332 [1/1] (0.00ns)   --->   "%zext_ln36_349 = zext i12 %select_ln85_52" [kyber-mult-kernel-dataflow.cpp:36->kyber-mult-kernel-dataflow.cpp:85]   --->   Operation 332 'zext' 'zext_ln36_349' <Predicate = true> <Delay = 0.00>
ST_3 : Operation 333 [2/3] (1.35ns)   --->   "%xm_281 = mul i28 %zext_ln36_325, i28 %zext_ln36_350" [kyber-mult-kernel-dataflow.cpp:36->kyber-mult-kernel-dataflow.cpp:85]   --->   Operation 333 'mul' 'xm_281' <Predicate = true> <Delay = 1.35> <CoreInst = "Mul_DSP">   --->   Core 5 'Mul_DSP' <Latency = 2> <II = 1> <Delay = 1.81> <FuncUnit> <Opcode : 'mul'> <InPorts = 2> <OutPorts = 1>
ST_3 : Operation 334 [3/3] (1.34ns)   --->   "%xw_281 = mul i23 %zext_ln36_349, i23 %w_46_cast_cast_cast_cast_cast_cast" [kyber-mult-kernel-dataflow.cpp:39->kyber-mult-kernel-dataflow.cpp:85]   --->   Operation 334 'mul' 'xw_281' <Predicate = true> <Delay = 1.34> <CoreInst = "Mul_DSP">   --->   Core 5 'Mul_DSP' <Latency = 2> <II = 1> <Delay = 1.79> <FuncUnit> <Opcode : 'mul'> <InPorts = 2> <OutPorts = 1>
ST_3 : Operation 335 [1/1] (0.00ns)   --->   "%zext_ln36_351 = zext i12 %select_ln85_54" [kyber-mult-kernel-dataflow.cpp:36->kyber-mult-kernel-dataflow.cpp:85]   --->   Operation 335 'zext' 'zext_ln36_351' <Predicate = true> <Delay = 0.00>
ST_3 : Operation 336 [2/3] (1.35ns)   --->   "%xm_283 = mul i28 %zext_ln36_326, i28 %zext_ln36_352" [kyber-mult-kernel-dataflow.cpp:36->kyber-mult-kernel-dataflow.cpp:85]   --->   Operation 336 'mul' 'xm_283' <Predicate = true> <Delay = 1.35> <CoreInst = "Mul_DSP">   --->   Core 5 'Mul_DSP' <Latency = 2> <II = 1> <Delay = 1.81> <FuncUnit> <Opcode : 'mul'> <InPorts = 2> <OutPorts = 1>
ST_3 : Operation 337 [3/3] (1.34ns)   --->   "%xw_283 = mul i23 %zext_ln36_351, i23 %w_47_cast_cast_cast_cast_cast_cast" [kyber-mult-kernel-dataflow.cpp:39->kyber-mult-kernel-dataflow.cpp:85]   --->   Operation 337 'mul' 'xw_283' <Predicate = true> <Delay = 1.34> <CoreInst = "Mul_DSP">   --->   Core 5 'Mul_DSP' <Latency = 2> <II = 1> <Delay = 1.79> <FuncUnit> <Opcode : 'mul'> <InPorts = 2> <OutPorts = 1>
ST_3 : Operation 338 [1/1] (0.00ns)   --->   "%zext_ln36_353 = zext i12 %select_ln85_56" [kyber-mult-kernel-dataflow.cpp:36->kyber-mult-kernel-dataflow.cpp:85]   --->   Operation 338 'zext' 'zext_ln36_353' <Predicate = true> <Delay = 0.00>
ST_3 : Operation 339 [2/3] (1.35ns)   --->   "%xm_285 = mul i28 %zext_ln36_327, i28 %zext_ln36_354" [kyber-mult-kernel-dataflow.cpp:36->kyber-mult-kernel-dataflow.cpp:85]   --->   Operation 339 'mul' 'xm_285' <Predicate = true> <Delay = 1.35> <CoreInst = "Mul_DSP">   --->   Core 5 'Mul_DSP' <Latency = 2> <II = 1> <Delay = 1.81> <FuncUnit> <Opcode : 'mul'> <InPorts = 2> <OutPorts = 1>
ST_3 : Operation 340 [3/3] (1.34ns)   --->   "%xw_285 = mul i23 %zext_ln36_353, i23 %w_48_cast_cast_cast_cast_cast_cast" [kyber-mult-kernel-dataflow.cpp:39->kyber-mult-kernel-dataflow.cpp:85]   --->   Operation 340 'mul' 'xw_285' <Predicate = true> <Delay = 1.34> <CoreInst = "Mul_DSP">   --->   Core 5 'Mul_DSP' <Latency = 2> <II = 1> <Delay = 1.79> <FuncUnit> <Opcode : 'mul'> <InPorts = 2> <OutPorts = 1>
ST_3 : Operation 341 [1/1] (0.00ns)   --->   "%zext_ln36_355 = zext i12 %select_ln85_58" [kyber-mult-kernel-dataflow.cpp:36->kyber-mult-kernel-dataflow.cpp:85]   --->   Operation 341 'zext' 'zext_ln36_355' <Predicate = true> <Delay = 0.00>
ST_3 : Operation 342 [2/3] (1.35ns)   --->   "%xm_287 = mul i28 %zext_ln36_328, i28 %zext_ln36_356" [kyber-mult-kernel-dataflow.cpp:36->kyber-mult-kernel-dataflow.cpp:85]   --->   Operation 342 'mul' 'xm_287' <Predicate = true> <Delay = 1.35> <CoreInst = "Mul_DSP">   --->   Core 5 'Mul_DSP' <Latency = 2> <II = 1> <Delay = 1.81> <FuncUnit> <Opcode : 'mul'> <InPorts = 2> <OutPorts = 1>
ST_3 : Operation 343 [3/3] (1.34ns)   --->   "%xw_287 = mul i23 %zext_ln36_355, i23 %w_49_cast_cast_cast_cast_cast_cast" [kyber-mult-kernel-dataflow.cpp:39->kyber-mult-kernel-dataflow.cpp:85]   --->   Operation 343 'mul' 'xw_287' <Predicate = true> <Delay = 1.34> <CoreInst = "Mul_DSP">   --->   Core 5 'Mul_DSP' <Latency = 2> <II = 1> <Delay = 1.79> <FuncUnit> <Opcode : 'mul'> <InPorts = 2> <OutPorts = 1>
ST_3 : Operation 344 [1/1] (0.00ns)   --->   "%zext_ln36_357 = zext i12 %select_ln85_60" [kyber-mult-kernel-dataflow.cpp:36->kyber-mult-kernel-dataflow.cpp:85]   --->   Operation 344 'zext' 'zext_ln36_357' <Predicate = true> <Delay = 0.00>
ST_3 : Operation 345 [2/3] (1.35ns)   --->   "%xm_274 = mul i28 %zext_ln36_342, i28 %zext_ln36_358" [kyber-mult-kernel-dataflow.cpp:36->kyber-mult-kernel-dataflow.cpp:85]   --->   Operation 345 'mul' 'xm_274' <Predicate = true> <Delay = 1.35> <CoreInst = "Mul_DSP">   --->   Core 5 'Mul_DSP' <Latency = 2> <II = 1> <Delay = 1.81> <FuncUnit> <Opcode : 'mul'> <InPorts = 2> <OutPorts = 1>
ST_3 : Operation 346 [3/3] (1.34ns)   --->   "%xw_274 = mul i23 %zext_ln36_357, i23 %w_50_cast_cast_cast_cast_cast_cast" [kyber-mult-kernel-dataflow.cpp:39->kyber-mult-kernel-dataflow.cpp:85]   --->   Operation 346 'mul' 'xw_274' <Predicate = true> <Delay = 1.34> <CoreInst = "Mul_DSP">   --->   Core 5 'Mul_DSP' <Latency = 2> <II = 1> <Delay = 1.79> <FuncUnit> <Opcode : 'mul'> <InPorts = 2> <OutPorts = 1>

State 4 <SV = 3> <Delay = 2.35>
ST_4 : Operation 347 [1/3] (1.35ns)   --->   "%xm = mul i28 %zext_ln36_322, i28 %zext_ln36" [kyber-mult-kernel-dataflow.cpp:36->kyber-mult-kernel-dataflow.cpp:83]   --->   Operation 347 'mul' 'xm' <Predicate = true> <Delay = 1.35> <CoreInst = "Mul_DSP">   --->   Core 5 'Mul_DSP' <Latency = 2> <II = 1> <Delay = 1.81> <FuncUnit> <Opcode : 'mul'> <InPorts = 2> <OutPorts = 1>
ST_4 : Operation 348 [1/1] (0.00ns)   --->   "%specfucore_ln37 = specfucore void @_ssdm_op_SpecFUCore, i28 %xm, i64 12, i64 3, i64 2" [kyber-mult-kernel-dataflow.cpp:37->kyber-mult-kernel-dataflow.cpp:83]   --->   Operation 348 'specfucore' 'specfucore_ln37' <Predicate = true> <Delay = 0.00>
ST_4 : Operation 349 [1/1] (0.00ns)   --->   "%tmp_s = partselect i12 @_ssdm_op_PartSelect.i12.i28.i32.i32, i28 %xm, i32 16, i32 27" [kyber-mult-kernel-dataflow.cpp:38->kyber-mult-kernel-dataflow.cpp:83]   --->   Operation 349 'partselect' 'tmp_s' <Predicate = true> <Delay = 0.00>
ST_4 : Operation 350 [1/1] (0.00ns)   --->   "%zext_ln38 = zext i12 %tmp_s" [kyber-mult-kernel-dataflow.cpp:38->kyber-mult-kernel-dataflow.cpp:83]   --->   Operation 350 'zext' 'zext_ln38' <Predicate = true> <Delay = 0.00>
ST_4 : Operation 351 [2/3] (1.34ns)   --->   "%xw = mul i23 %zext_ln34, i23 %w_cast_cast_cast_cast_cast_cast" [kyber-mult-kernel-dataflow.cpp:39->kyber-mult-kernel-dataflow.cpp:83]   --->   Operation 351 'mul' 'xw' <Predicate = true> <Delay = 1.34> <CoreInst = "Mul_DSP">   --->   Core 5 'Mul_DSP' <Latency = 2> <II = 1> <Delay = 1.79> <FuncUnit> <Opcode : 'mul'> <InPorts = 2> <OutPorts = 1>
ST_4 : Operation 352 [3/3] (0.99ns) (grouped into DSP with root node r)   --->   "%qq = mul i24 %zext_ln38, i24 3329" [kyber-mult-kernel-dataflow.cpp:41->kyber-mult-kernel-dataflow.cpp:83]   --->   Operation 352 'mul' 'qq' <Predicate = true> <Delay = 0.99> <CoreInst = "DSP48">   --->   Core 127 'DSP48' <Latency = 2> <II = 1> <Delay = 1.33> <IPBlock> <Opcode : '' 'add' 'sub' 'mul' 'select'> <InPorts = 0> <OutPorts = 1> <Sync> <CReg>
ST_4 : Operation 353 [1/3] (1.35ns)   --->   "%xm_276 = mul i28 %zext_ln36_323, i28 %zext_ln36_330" [kyber-mult-kernel-dataflow.cpp:36->kyber-mult-kernel-dataflow.cpp:83]   --->   Operation 353 'mul' 'xm_276' <Predicate = true> <Delay = 1.35> <CoreInst = "Mul_DSP">   --->   Core 5 'Mul_DSP' <Latency = 2> <II = 1> <Delay = 1.81> <FuncUnit> <Opcode : 'mul'> <InPorts = 2> <OutPorts = 1>
ST_4 : Operation 354 [1/1] (0.00ns)   --->   "%specfucore_ln37 = specfucore void @_ssdm_op_SpecFUCore, i28 %xm_276, i64 12, i64 3, i64 2" [kyber-mult-kernel-dataflow.cpp:37->kyber-mult-kernel-dataflow.cpp:83]   --->   Operation 354 'specfucore' 'specfucore_ln37' <Predicate = true> <Delay = 0.00>
ST_4 : Operation 355 [1/1] (0.00ns)   --->   "%tmp_104 = partselect i12 @_ssdm_op_PartSelect.i12.i28.i32.i32, i28 %xm_276, i32 16, i32 27" [kyber-mult-kernel-dataflow.cpp:39->kyber-mult-kernel-dataflow.cpp:83]   --->   Operation 355 'partselect' 'tmp_104' <Predicate = true> <Delay = 0.00>
ST_4 : Operation 356 [1/1] (0.00ns)   --->   "%zext_ln39 = zext i12 %tmp_104" [kyber-mult-kernel-dataflow.cpp:39->kyber-mult-kernel-dataflow.cpp:83]   --->   Operation 356 'zext' 'zext_ln39' <Predicate = true> <Delay = 0.00>
ST_4 : Operation 357 [2/3] (1.34ns)   --->   "%xw_276 = mul i23 %zext_ln36_329, i23 %w_44_cast_cast_cast_cast_cast_cast" [kyber-mult-kernel-dataflow.cpp:39->kyber-mult-kernel-dataflow.cpp:83]   --->   Operation 357 'mul' 'xw_276' <Predicate = true> <Delay = 1.34> <CoreInst = "Mul_DSP">   --->   Core 5 'Mul_DSP' <Latency = 2> <II = 1> <Delay = 1.79> <FuncUnit> <Opcode : 'mul'> <InPorts = 2> <OutPorts = 1>
ST_4 : Operation 358 [3/3] (0.99ns) (grouped into DSP with root node r_276)   --->   "%qq_276 = mul i24 %zext_ln39, i24 3329" [kyber-mult-kernel-dataflow.cpp:41->kyber-mult-kernel-dataflow.cpp:83]   --->   Operation 358 'mul' 'qq_276' <Predicate = true> <Delay = 0.99> <CoreInst = "DSP48">   --->   Core 127 'DSP48' <Latency = 2> <II = 1> <Delay = 1.33> <IPBlock> <Opcode : '' 'add' 'sub' 'mul' 'select'> <InPorts = 0> <OutPorts = 1> <Sync> <CReg>
ST_4 : Operation 359 [1/3] (1.35ns)   --->   "%xm_278 = mul i28 %zext_ln36_324, i28 %zext_ln36_332" [kyber-mult-kernel-dataflow.cpp:36->kyber-mult-kernel-dataflow.cpp:83]   --->   Operation 359 'mul' 'xm_278' <Predicate = true> <Delay = 1.35> <CoreInst = "Mul_DSP">   --->   Core 5 'Mul_DSP' <Latency = 2> <II = 1> <Delay = 1.81> <FuncUnit> <Opcode : 'mul'> <InPorts = 2> <OutPorts = 1>
ST_4 : Operation 360 [1/1] (0.00ns)   --->   "%specfucore_ln37 = specfucore void @_ssdm_op_SpecFUCore, i28 %xm_278, i64 12, i64 3, i64 2" [kyber-mult-kernel-dataflow.cpp:37->kyber-mult-kernel-dataflow.cpp:83]   --->   Operation 360 'specfucore' 'specfucore_ln37' <Predicate = true> <Delay = 0.00>
ST_4 : Operation 361 [1/1] (0.00ns)   --->   "%tmp_105 = partselect i12 @_ssdm_op_PartSelect.i12.i28.i32.i32, i28 %xm_278, i32 16, i32 27" [kyber-mult-kernel-dataflow.cpp:39->kyber-mult-kernel-dataflow.cpp:83]   --->   Operation 361 'partselect' 'tmp_105' <Predicate = true> <Delay = 0.00>
ST_4 : Operation 362 [1/1] (0.00ns)   --->   "%zext_ln39_73 = zext i12 %tmp_105" [kyber-mult-kernel-dataflow.cpp:39->kyber-mult-kernel-dataflow.cpp:83]   --->   Operation 362 'zext' 'zext_ln39_73' <Predicate = true> <Delay = 0.00>
ST_4 : Operation 363 [2/3] (1.34ns)   --->   "%xw_278 = mul i23 %zext_ln36_331, i23 %w_45_cast_cast_cast_cast_cast_cast" [kyber-mult-kernel-dataflow.cpp:39->kyber-mult-kernel-dataflow.cpp:83]   --->   Operation 363 'mul' 'xw_278' <Predicate = true> <Delay = 1.34> <CoreInst = "Mul_DSP">   --->   Core 5 'Mul_DSP' <Latency = 2> <II = 1> <Delay = 1.79> <FuncUnit> <Opcode : 'mul'> <InPorts = 2> <OutPorts = 1>
ST_4 : Operation 364 [3/3] (0.99ns) (grouped into DSP with root node r_278)   --->   "%qq_278 = mul i24 %zext_ln39_73, i24 3329" [kyber-mult-kernel-dataflow.cpp:41->kyber-mult-kernel-dataflow.cpp:83]   --->   Operation 364 'mul' 'qq_278' <Predicate = true> <Delay = 0.99> <CoreInst = "DSP48">   --->   Core 127 'DSP48' <Latency = 2> <II = 1> <Delay = 1.33> <IPBlock> <Opcode : '' 'add' 'sub' 'mul' 'select'> <InPorts = 0> <OutPorts = 1> <Sync> <CReg>
ST_4 : Operation 365 [1/3] (1.35ns)   --->   "%xm_280 = mul i28 %zext_ln36_325, i28 %zext_ln36_334" [kyber-mult-kernel-dataflow.cpp:36->kyber-mult-kernel-dataflow.cpp:83]   --->   Operation 365 'mul' 'xm_280' <Predicate = true> <Delay = 1.35> <CoreInst = "Mul_DSP">   --->   Core 5 'Mul_DSP' <Latency = 2> <II = 1> <Delay = 1.81> <FuncUnit> <Opcode : 'mul'> <InPorts = 2> <OutPorts = 1>
ST_4 : Operation 366 [1/1] (0.00ns)   --->   "%specfucore_ln37 = specfucore void @_ssdm_op_SpecFUCore, i28 %xm_280, i64 12, i64 3, i64 2" [kyber-mult-kernel-dataflow.cpp:37->kyber-mult-kernel-dataflow.cpp:83]   --->   Operation 366 'specfucore' 'specfucore_ln37' <Predicate = true> <Delay = 0.00>
ST_4 : Operation 367 [1/1] (0.00ns)   --->   "%tmp_106 = partselect i12 @_ssdm_op_PartSelect.i12.i28.i32.i32, i28 %xm_280, i32 16, i32 27" [kyber-mult-kernel-dataflow.cpp:39->kyber-mult-kernel-dataflow.cpp:83]   --->   Operation 367 'partselect' 'tmp_106' <Predicate = true> <Delay = 0.00>
ST_4 : Operation 368 [1/1] (0.00ns)   --->   "%zext_ln39_74 = zext i12 %tmp_106" [kyber-mult-kernel-dataflow.cpp:39->kyber-mult-kernel-dataflow.cpp:83]   --->   Operation 368 'zext' 'zext_ln39_74' <Predicate = true> <Delay = 0.00>
ST_4 : Operation 369 [2/3] (1.34ns)   --->   "%xw_280 = mul i23 %zext_ln36_333, i23 %w_46_cast_cast_cast_cast_cast_cast" [kyber-mult-kernel-dataflow.cpp:39->kyber-mult-kernel-dataflow.cpp:83]   --->   Operation 369 'mul' 'xw_280' <Predicate = true> <Delay = 1.34> <CoreInst = "Mul_DSP">   --->   Core 5 'Mul_DSP' <Latency = 2> <II = 1> <Delay = 1.79> <FuncUnit> <Opcode : 'mul'> <InPorts = 2> <OutPorts = 1>
ST_4 : Operation 370 [3/3] (0.99ns) (grouped into DSP with root node r_280)   --->   "%qq_280 = mul i24 %zext_ln39_74, i24 3329" [kyber-mult-kernel-dataflow.cpp:41->kyber-mult-kernel-dataflow.cpp:83]   --->   Operation 370 'mul' 'qq_280' <Predicate = true> <Delay = 0.99> <CoreInst = "DSP48">   --->   Core 127 'DSP48' <Latency = 2> <II = 1> <Delay = 1.33> <IPBlock> <Opcode : '' 'add' 'sub' 'mul' 'select'> <InPorts = 0> <OutPorts = 1> <Sync> <CReg>
ST_4 : Operation 371 [1/3] (1.35ns)   --->   "%xm_282 = mul i28 %zext_ln36_326, i28 %zext_ln36_336" [kyber-mult-kernel-dataflow.cpp:36->kyber-mult-kernel-dataflow.cpp:83]   --->   Operation 371 'mul' 'xm_282' <Predicate = true> <Delay = 1.35> <CoreInst = "Mul_DSP">   --->   Core 5 'Mul_DSP' <Latency = 2> <II = 1> <Delay = 1.81> <FuncUnit> <Opcode : 'mul'> <InPorts = 2> <OutPorts = 1>
ST_4 : Operation 372 [1/1] (0.00ns)   --->   "%specfucore_ln37 = specfucore void @_ssdm_op_SpecFUCore, i28 %xm_282, i64 12, i64 3, i64 2" [kyber-mult-kernel-dataflow.cpp:37->kyber-mult-kernel-dataflow.cpp:83]   --->   Operation 372 'specfucore' 'specfucore_ln37' <Predicate = true> <Delay = 0.00>
ST_4 : Operation 373 [1/1] (0.00ns)   --->   "%tmp_107 = partselect i12 @_ssdm_op_PartSelect.i12.i28.i32.i32, i28 %xm_282, i32 16, i32 27" [kyber-mult-kernel-dataflow.cpp:39->kyber-mult-kernel-dataflow.cpp:83]   --->   Operation 373 'partselect' 'tmp_107' <Predicate = true> <Delay = 0.00>
ST_4 : Operation 374 [1/1] (0.00ns)   --->   "%zext_ln39_75 = zext i12 %tmp_107" [kyber-mult-kernel-dataflow.cpp:39->kyber-mult-kernel-dataflow.cpp:83]   --->   Operation 374 'zext' 'zext_ln39_75' <Predicate = true> <Delay = 0.00>
ST_4 : Operation 375 [2/3] (1.34ns)   --->   "%xw_282 = mul i23 %zext_ln36_335, i23 %w_47_cast_cast_cast_cast_cast_cast" [kyber-mult-kernel-dataflow.cpp:39->kyber-mult-kernel-dataflow.cpp:83]   --->   Operation 375 'mul' 'xw_282' <Predicate = true> <Delay = 1.34> <CoreInst = "Mul_DSP">   --->   Core 5 'Mul_DSP' <Latency = 2> <II = 1> <Delay = 1.79> <FuncUnit> <Opcode : 'mul'> <InPorts = 2> <OutPorts = 1>
ST_4 : Operation 376 [3/3] (0.99ns) (grouped into DSP with root node r_282)   --->   "%qq_282 = mul i24 %zext_ln39_75, i24 3329" [kyber-mult-kernel-dataflow.cpp:41->kyber-mult-kernel-dataflow.cpp:83]   --->   Operation 376 'mul' 'qq_282' <Predicate = true> <Delay = 0.99> <CoreInst = "DSP48">   --->   Core 127 'DSP48' <Latency = 2> <II = 1> <Delay = 1.33> <IPBlock> <Opcode : '' 'add' 'sub' 'mul' 'select'> <InPorts = 0> <OutPorts = 1> <Sync> <CReg>
ST_4 : Operation 377 [1/3] (1.35ns)   --->   "%xm_284 = mul i28 %zext_ln36_327, i28 %zext_ln36_338" [kyber-mult-kernel-dataflow.cpp:36->kyber-mult-kernel-dataflow.cpp:83]   --->   Operation 377 'mul' 'xm_284' <Predicate = true> <Delay = 1.35> <CoreInst = "Mul_DSP">   --->   Core 5 'Mul_DSP' <Latency = 2> <II = 1> <Delay = 1.81> <FuncUnit> <Opcode : 'mul'> <InPorts = 2> <OutPorts = 1>
ST_4 : Operation 378 [1/1] (0.00ns)   --->   "%specfucore_ln37 = specfucore void @_ssdm_op_SpecFUCore, i28 %xm_284, i64 12, i64 3, i64 2" [kyber-mult-kernel-dataflow.cpp:37->kyber-mult-kernel-dataflow.cpp:83]   --->   Operation 378 'specfucore' 'specfucore_ln37' <Predicate = true> <Delay = 0.00>
ST_4 : Operation 379 [1/1] (0.00ns)   --->   "%tmp_108 = partselect i12 @_ssdm_op_PartSelect.i12.i28.i32.i32, i28 %xm_284, i32 16, i32 27" [kyber-mult-kernel-dataflow.cpp:39->kyber-mult-kernel-dataflow.cpp:83]   --->   Operation 379 'partselect' 'tmp_108' <Predicate = true> <Delay = 0.00>
ST_4 : Operation 380 [1/1] (0.00ns)   --->   "%zext_ln39_76 = zext i12 %tmp_108" [kyber-mult-kernel-dataflow.cpp:39->kyber-mult-kernel-dataflow.cpp:83]   --->   Operation 380 'zext' 'zext_ln39_76' <Predicate = true> <Delay = 0.00>
ST_4 : Operation 381 [2/3] (1.34ns)   --->   "%xw_284 = mul i23 %zext_ln36_337, i23 %w_48_cast_cast_cast_cast_cast_cast" [kyber-mult-kernel-dataflow.cpp:39->kyber-mult-kernel-dataflow.cpp:83]   --->   Operation 381 'mul' 'xw_284' <Predicate = true> <Delay = 1.34> <CoreInst = "Mul_DSP">   --->   Core 5 'Mul_DSP' <Latency = 2> <II = 1> <Delay = 1.79> <FuncUnit> <Opcode : 'mul'> <InPorts = 2> <OutPorts = 1>
ST_4 : Operation 382 [3/3] (0.99ns) (grouped into DSP with root node r_284)   --->   "%qq_284 = mul i24 %zext_ln39_76, i24 3329" [kyber-mult-kernel-dataflow.cpp:41->kyber-mult-kernel-dataflow.cpp:83]   --->   Operation 382 'mul' 'qq_284' <Predicate = true> <Delay = 0.99> <CoreInst = "DSP48">   --->   Core 127 'DSP48' <Latency = 2> <II = 1> <Delay = 1.33> <IPBlock> <Opcode : '' 'add' 'sub' 'mul' 'select'> <InPorts = 0> <OutPorts = 1> <Sync> <CReg>
ST_4 : Operation 383 [1/3] (1.35ns)   --->   "%xm_286 = mul i28 %zext_ln36_328, i28 %zext_ln36_340" [kyber-mult-kernel-dataflow.cpp:36->kyber-mult-kernel-dataflow.cpp:83]   --->   Operation 383 'mul' 'xm_286' <Predicate = true> <Delay = 1.35> <CoreInst = "Mul_DSP">   --->   Core 5 'Mul_DSP' <Latency = 2> <II = 1> <Delay = 1.81> <FuncUnit> <Opcode : 'mul'> <InPorts = 2> <OutPorts = 1>
ST_4 : Operation 384 [1/1] (0.00ns)   --->   "%specfucore_ln37 = specfucore void @_ssdm_op_SpecFUCore, i28 %xm_286, i64 12, i64 3, i64 2" [kyber-mult-kernel-dataflow.cpp:37->kyber-mult-kernel-dataflow.cpp:83]   --->   Operation 384 'specfucore' 'specfucore_ln37' <Predicate = true> <Delay = 0.00>
ST_4 : Operation 385 [1/1] (0.00ns)   --->   "%tmp_109 = partselect i12 @_ssdm_op_PartSelect.i12.i28.i32.i32, i28 %xm_286, i32 16, i32 27" [kyber-mult-kernel-dataflow.cpp:39->kyber-mult-kernel-dataflow.cpp:83]   --->   Operation 385 'partselect' 'tmp_109' <Predicate = true> <Delay = 0.00>
ST_4 : Operation 386 [1/1] (0.00ns)   --->   "%zext_ln39_77 = zext i12 %tmp_109" [kyber-mult-kernel-dataflow.cpp:39->kyber-mult-kernel-dataflow.cpp:83]   --->   Operation 386 'zext' 'zext_ln39_77' <Predicate = true> <Delay = 0.00>
ST_4 : Operation 387 [2/3] (1.34ns)   --->   "%xw_286 = mul i23 %zext_ln36_339, i23 %w_49_cast_cast_cast_cast_cast_cast" [kyber-mult-kernel-dataflow.cpp:39->kyber-mult-kernel-dataflow.cpp:83]   --->   Operation 387 'mul' 'xw_286' <Predicate = true> <Delay = 1.34> <CoreInst = "Mul_DSP">   --->   Core 5 'Mul_DSP' <Latency = 2> <II = 1> <Delay = 1.79> <FuncUnit> <Opcode : 'mul'> <InPorts = 2> <OutPorts = 1>
ST_4 : Operation 388 [3/3] (0.99ns) (grouped into DSP with root node r_286)   --->   "%qq_286 = mul i24 %zext_ln39_77, i24 3329" [kyber-mult-kernel-dataflow.cpp:41->kyber-mult-kernel-dataflow.cpp:83]   --->   Operation 388 'mul' 'qq_286' <Predicate = true> <Delay = 0.99> <CoreInst = "DSP48">   --->   Core 127 'DSP48' <Latency = 2> <II = 1> <Delay = 1.33> <IPBlock> <Opcode : '' 'add' 'sub' 'mul' 'select'> <InPorts = 0> <OutPorts = 1> <Sync> <CReg>
ST_4 : Operation 389 [1/3] (1.35ns)   --->   "%xm_273 = mul i28 %zext_ln36_342, i28 %zext_ln36_341" [kyber-mult-kernel-dataflow.cpp:36->kyber-mult-kernel-dataflow.cpp:83]   --->   Operation 389 'mul' 'xm_273' <Predicate = true> <Delay = 1.35> <CoreInst = "Mul_DSP">   --->   Core 5 'Mul_DSP' <Latency = 2> <II = 1> <Delay = 1.81> <FuncUnit> <Opcode : 'mul'> <InPorts = 2> <OutPorts = 1>
ST_4 : Operation 390 [1/1] (0.00ns)   --->   "%specfucore_ln37 = specfucore void @_ssdm_op_SpecFUCore, i28 %xm_273, i64 12, i64 3, i64 2" [kyber-mult-kernel-dataflow.cpp:37->kyber-mult-kernel-dataflow.cpp:83]   --->   Operation 390 'specfucore' 'specfucore_ln37' <Predicate = true> <Delay = 0.00>
ST_4 : Operation 391 [1/1] (0.00ns)   --->   "%tmp_110 = partselect i12 @_ssdm_op_PartSelect.i12.i28.i32.i32, i28 %xm_273, i32 16, i32 27" [kyber-mult-kernel-dataflow.cpp:38->kyber-mult-kernel-dataflow.cpp:83]   --->   Operation 391 'partselect' 'tmp_110' <Predicate = true> <Delay = 0.00>
ST_4 : Operation 392 [1/1] (0.00ns)   --->   "%zext_ln38_13 = zext i12 %tmp_110" [kyber-mult-kernel-dataflow.cpp:38->kyber-mult-kernel-dataflow.cpp:83]   --->   Operation 392 'zext' 'zext_ln38_13' <Predicate = true> <Delay = 0.00>
ST_4 : Operation 393 [2/3] (1.34ns)   --->   "%xw_273 = mul i23 %zext_ln34_13, i23 %w_50_cast_cast_cast_cast_cast_cast" [kyber-mult-kernel-dataflow.cpp:39->kyber-mult-kernel-dataflow.cpp:83]   --->   Operation 393 'mul' 'xw_273' <Predicate = true> <Delay = 1.34> <CoreInst = "Mul_DSP">   --->   Core 5 'Mul_DSP' <Latency = 2> <II = 1> <Delay = 1.79> <FuncUnit> <Opcode : 'mul'> <InPorts = 2> <OutPorts = 1>
ST_4 : Operation 394 [3/3] (0.99ns) (grouped into DSP with root node r_273)   --->   "%qq_273 = mul i24 %zext_ln38_13, i24 3329" [kyber-mult-kernel-dataflow.cpp:41->kyber-mult-kernel-dataflow.cpp:83]   --->   Operation 394 'mul' 'qq_273' <Predicate = true> <Delay = 0.99> <CoreInst = "DSP48">   --->   Core 127 'DSP48' <Latency = 2> <II = 1> <Delay = 1.33> <IPBlock> <Opcode : '' 'add' 'sub' 'mul' 'select'> <InPorts = 0> <OutPorts = 1> <Sync> <CReg>
ST_4 : Operation 395 [1/3] (1.35ns)   --->   "%xm_275 = mul i28 %zext_ln36_322, i28 %zext_ln36_344" [kyber-mult-kernel-dataflow.cpp:36->kyber-mult-kernel-dataflow.cpp:85]   --->   Operation 395 'mul' 'xm_275' <Predicate = true> <Delay = 1.35> <CoreInst = "Mul_DSP">   --->   Core 5 'Mul_DSP' <Latency = 2> <II = 1> <Delay = 1.81> <FuncUnit> <Opcode : 'mul'> <InPorts = 2> <OutPorts = 1>
ST_4 : Operation 396 [1/1] (0.00ns)   --->   "%specfucore_ln37 = specfucore void @_ssdm_op_SpecFUCore, i28 %xm_275, i64 12, i64 3, i64 2" [kyber-mult-kernel-dataflow.cpp:37->kyber-mult-kernel-dataflow.cpp:85]   --->   Operation 396 'specfucore' 'specfucore_ln37' <Predicate = true> <Delay = 0.00>
ST_4 : Operation 397 [1/1] (0.00ns)   --->   "%tmp_111 = partselect i12 @_ssdm_op_PartSelect.i12.i28.i32.i32, i28 %xm_275, i32 16, i32 27" [kyber-mult-kernel-dataflow.cpp:39->kyber-mult-kernel-dataflow.cpp:85]   --->   Operation 397 'partselect' 'tmp_111' <Predicate = true> <Delay = 0.00>
ST_4 : Operation 398 [1/1] (0.00ns)   --->   "%zext_ln39_78 = zext i12 %tmp_111" [kyber-mult-kernel-dataflow.cpp:39->kyber-mult-kernel-dataflow.cpp:85]   --->   Operation 398 'zext' 'zext_ln39_78' <Predicate = true> <Delay = 0.00>
ST_4 : Operation 399 [2/3] (1.34ns)   --->   "%xw_275 = mul i23 %zext_ln36_343, i23 %w_cast_cast_cast_cast_cast_cast" [kyber-mult-kernel-dataflow.cpp:39->kyber-mult-kernel-dataflow.cpp:85]   --->   Operation 399 'mul' 'xw_275' <Predicate = true> <Delay = 1.34> <CoreInst = "Mul_DSP">   --->   Core 5 'Mul_DSP' <Latency = 2> <II = 1> <Delay = 1.79> <FuncUnit> <Opcode : 'mul'> <InPorts = 2> <OutPorts = 1>
ST_4 : Operation 400 [3/3] (0.99ns) (grouped into DSP with root node r_275)   --->   "%qq_275 = mul i24 %zext_ln39_78, i24 3329" [kyber-mult-kernel-dataflow.cpp:41->kyber-mult-kernel-dataflow.cpp:85]   --->   Operation 400 'mul' 'qq_275' <Predicate = true> <Delay = 0.99> <CoreInst = "DSP48">   --->   Core 127 'DSP48' <Latency = 2> <II = 1> <Delay = 1.33> <IPBlock> <Opcode : '' 'add' 'sub' 'mul' 'select'> <InPorts = 0> <OutPorts = 1> <Sync> <CReg>
ST_4 : Operation 401 [1/3] (1.35ns)   --->   "%xm_277 = mul i28 %zext_ln36_323, i28 %zext_ln36_346" [kyber-mult-kernel-dataflow.cpp:36->kyber-mult-kernel-dataflow.cpp:85]   --->   Operation 401 'mul' 'xm_277' <Predicate = true> <Delay = 1.35> <CoreInst = "Mul_DSP">   --->   Core 5 'Mul_DSP' <Latency = 2> <II = 1> <Delay = 1.81> <FuncUnit> <Opcode : 'mul'> <InPorts = 2> <OutPorts = 1>
ST_4 : Operation 402 [1/1] (0.00ns)   --->   "%specfucore_ln37 = specfucore void @_ssdm_op_SpecFUCore, i28 %xm_277, i64 12, i64 3, i64 2" [kyber-mult-kernel-dataflow.cpp:37->kyber-mult-kernel-dataflow.cpp:85]   --->   Operation 402 'specfucore' 'specfucore_ln37' <Predicate = true> <Delay = 0.00>
ST_4 : Operation 403 [1/1] (0.00ns)   --->   "%tmp_112 = partselect i12 @_ssdm_op_PartSelect.i12.i28.i32.i32, i28 %xm_277, i32 16, i32 27" [kyber-mult-kernel-dataflow.cpp:39->kyber-mult-kernel-dataflow.cpp:85]   --->   Operation 403 'partselect' 'tmp_112' <Predicate = true> <Delay = 0.00>
ST_4 : Operation 404 [1/1] (0.00ns)   --->   "%zext_ln39_79 = zext i12 %tmp_112" [kyber-mult-kernel-dataflow.cpp:39->kyber-mult-kernel-dataflow.cpp:85]   --->   Operation 404 'zext' 'zext_ln39_79' <Predicate = true> <Delay = 0.00>
ST_4 : Operation 405 [2/3] (1.34ns)   --->   "%xw_277 = mul i23 %zext_ln36_345, i23 %w_44_cast_cast_cast_cast_cast_cast" [kyber-mult-kernel-dataflow.cpp:39->kyber-mult-kernel-dataflow.cpp:85]   --->   Operation 405 'mul' 'xw_277' <Predicate = true> <Delay = 1.34> <CoreInst = "Mul_DSP">   --->   Core 5 'Mul_DSP' <Latency = 2> <II = 1> <Delay = 1.79> <FuncUnit> <Opcode : 'mul'> <InPorts = 2> <OutPorts = 1>
ST_4 : Operation 406 [3/3] (0.99ns) (grouped into DSP with root node r_277)   --->   "%qq_277 = mul i24 %zext_ln39_79, i24 3329" [kyber-mult-kernel-dataflow.cpp:41->kyber-mult-kernel-dataflow.cpp:85]   --->   Operation 406 'mul' 'qq_277' <Predicate = true> <Delay = 0.99> <CoreInst = "DSP48">   --->   Core 127 'DSP48' <Latency = 2> <II = 1> <Delay = 1.33> <IPBlock> <Opcode : '' 'add' 'sub' 'mul' 'select'> <InPorts = 0> <OutPorts = 1> <Sync> <CReg>
ST_4 : Operation 407 [1/3] (1.35ns)   --->   "%xm_279 = mul i28 %zext_ln36_324, i28 %zext_ln36_348" [kyber-mult-kernel-dataflow.cpp:36->kyber-mult-kernel-dataflow.cpp:85]   --->   Operation 407 'mul' 'xm_279' <Predicate = true> <Delay = 1.35> <CoreInst = "Mul_DSP">   --->   Core 5 'Mul_DSP' <Latency = 2> <II = 1> <Delay = 1.81> <FuncUnit> <Opcode : 'mul'> <InPorts = 2> <OutPorts = 1>
ST_4 : Operation 408 [1/1] (0.00ns)   --->   "%specfucore_ln37 = specfucore void @_ssdm_op_SpecFUCore, i28 %xm_279, i64 12, i64 3, i64 2" [kyber-mult-kernel-dataflow.cpp:37->kyber-mult-kernel-dataflow.cpp:85]   --->   Operation 408 'specfucore' 'specfucore_ln37' <Predicate = true> <Delay = 0.00>
ST_4 : Operation 409 [1/1] (0.00ns)   --->   "%tmp_113 = partselect i12 @_ssdm_op_PartSelect.i12.i28.i32.i32, i28 %xm_279, i32 16, i32 27" [kyber-mult-kernel-dataflow.cpp:39->kyber-mult-kernel-dataflow.cpp:85]   --->   Operation 409 'partselect' 'tmp_113' <Predicate = true> <Delay = 0.00>
ST_4 : Operation 410 [1/1] (0.00ns)   --->   "%zext_ln39_80 = zext i12 %tmp_113" [kyber-mult-kernel-dataflow.cpp:39->kyber-mult-kernel-dataflow.cpp:85]   --->   Operation 410 'zext' 'zext_ln39_80' <Predicate = true> <Delay = 0.00>
ST_4 : Operation 411 [2/3] (1.34ns)   --->   "%xw_279 = mul i23 %zext_ln36_347, i23 %w_45_cast_cast_cast_cast_cast_cast" [kyber-mult-kernel-dataflow.cpp:39->kyber-mult-kernel-dataflow.cpp:85]   --->   Operation 411 'mul' 'xw_279' <Predicate = true> <Delay = 1.34> <CoreInst = "Mul_DSP">   --->   Core 5 'Mul_DSP' <Latency = 2> <II = 1> <Delay = 1.79> <FuncUnit> <Opcode : 'mul'> <InPorts = 2> <OutPorts = 1>
ST_4 : Operation 412 [3/3] (0.99ns) (grouped into DSP with root node r_279)   --->   "%qq_279 = mul i24 %zext_ln39_80, i24 3329" [kyber-mult-kernel-dataflow.cpp:41->kyber-mult-kernel-dataflow.cpp:85]   --->   Operation 412 'mul' 'qq_279' <Predicate = true> <Delay = 0.99> <CoreInst = "DSP48">   --->   Core 127 'DSP48' <Latency = 2> <II = 1> <Delay = 1.33> <IPBlock> <Opcode : '' 'add' 'sub' 'mul' 'select'> <InPorts = 0> <OutPorts = 1> <Sync> <CReg>
ST_4 : Operation 413 [1/3] (1.35ns)   --->   "%xm_281 = mul i28 %zext_ln36_325, i28 %zext_ln36_350" [kyber-mult-kernel-dataflow.cpp:36->kyber-mult-kernel-dataflow.cpp:85]   --->   Operation 413 'mul' 'xm_281' <Predicate = true> <Delay = 1.35> <CoreInst = "Mul_DSP">   --->   Core 5 'Mul_DSP' <Latency = 2> <II = 1> <Delay = 1.81> <FuncUnit> <Opcode : 'mul'> <InPorts = 2> <OutPorts = 1>
ST_4 : Operation 414 [1/1] (0.00ns)   --->   "%specfucore_ln37 = specfucore void @_ssdm_op_SpecFUCore, i28 %xm_281, i64 12, i64 3, i64 2" [kyber-mult-kernel-dataflow.cpp:37->kyber-mult-kernel-dataflow.cpp:85]   --->   Operation 414 'specfucore' 'specfucore_ln37' <Predicate = true> <Delay = 0.00>
ST_4 : Operation 415 [1/1] (0.00ns)   --->   "%tmp_114 = partselect i12 @_ssdm_op_PartSelect.i12.i28.i32.i32, i28 %xm_281, i32 16, i32 27" [kyber-mult-kernel-dataflow.cpp:39->kyber-mult-kernel-dataflow.cpp:85]   --->   Operation 415 'partselect' 'tmp_114' <Predicate = true> <Delay = 0.00>
ST_4 : Operation 416 [1/1] (0.00ns)   --->   "%zext_ln39_81 = zext i12 %tmp_114" [kyber-mult-kernel-dataflow.cpp:39->kyber-mult-kernel-dataflow.cpp:85]   --->   Operation 416 'zext' 'zext_ln39_81' <Predicate = true> <Delay = 0.00>
ST_4 : Operation 417 [2/3] (1.34ns)   --->   "%xw_281 = mul i23 %zext_ln36_349, i23 %w_46_cast_cast_cast_cast_cast_cast" [kyber-mult-kernel-dataflow.cpp:39->kyber-mult-kernel-dataflow.cpp:85]   --->   Operation 417 'mul' 'xw_281' <Predicate = true> <Delay = 1.34> <CoreInst = "Mul_DSP">   --->   Core 5 'Mul_DSP' <Latency = 2> <II = 1> <Delay = 1.79> <FuncUnit> <Opcode : 'mul'> <InPorts = 2> <OutPorts = 1>
ST_4 : Operation 418 [3/3] (0.99ns) (grouped into DSP with root node r_281)   --->   "%qq_281 = mul i24 %zext_ln39_81, i24 3329" [kyber-mult-kernel-dataflow.cpp:41->kyber-mult-kernel-dataflow.cpp:85]   --->   Operation 418 'mul' 'qq_281' <Predicate = true> <Delay = 0.99> <CoreInst = "DSP48">   --->   Core 127 'DSP48' <Latency = 2> <II = 1> <Delay = 1.33> <IPBlock> <Opcode : '' 'add' 'sub' 'mul' 'select'> <InPorts = 0> <OutPorts = 1> <Sync> <CReg>
ST_4 : Operation 419 [1/3] (1.35ns)   --->   "%xm_283 = mul i28 %zext_ln36_326, i28 %zext_ln36_352" [kyber-mult-kernel-dataflow.cpp:36->kyber-mult-kernel-dataflow.cpp:85]   --->   Operation 419 'mul' 'xm_283' <Predicate = true> <Delay = 1.35> <CoreInst = "Mul_DSP">   --->   Core 5 'Mul_DSP' <Latency = 2> <II = 1> <Delay = 1.81> <FuncUnit> <Opcode : 'mul'> <InPorts = 2> <OutPorts = 1>
ST_4 : Operation 420 [1/1] (0.00ns)   --->   "%specfucore_ln37 = specfucore void @_ssdm_op_SpecFUCore, i28 %xm_283, i64 12, i64 3, i64 2" [kyber-mult-kernel-dataflow.cpp:37->kyber-mult-kernel-dataflow.cpp:85]   --->   Operation 420 'specfucore' 'specfucore_ln37' <Predicate = true> <Delay = 0.00>
ST_4 : Operation 421 [1/1] (0.00ns)   --->   "%tmp_115 = partselect i12 @_ssdm_op_PartSelect.i12.i28.i32.i32, i28 %xm_283, i32 16, i32 27" [kyber-mult-kernel-dataflow.cpp:39->kyber-mult-kernel-dataflow.cpp:85]   --->   Operation 421 'partselect' 'tmp_115' <Predicate = true> <Delay = 0.00>
ST_4 : Operation 422 [1/1] (0.00ns)   --->   "%zext_ln39_82 = zext i12 %tmp_115" [kyber-mult-kernel-dataflow.cpp:39->kyber-mult-kernel-dataflow.cpp:85]   --->   Operation 422 'zext' 'zext_ln39_82' <Predicate = true> <Delay = 0.00>
ST_4 : Operation 423 [2/3] (1.34ns)   --->   "%xw_283 = mul i23 %zext_ln36_351, i23 %w_47_cast_cast_cast_cast_cast_cast" [kyber-mult-kernel-dataflow.cpp:39->kyber-mult-kernel-dataflow.cpp:85]   --->   Operation 423 'mul' 'xw_283' <Predicate = true> <Delay = 1.34> <CoreInst = "Mul_DSP">   --->   Core 5 'Mul_DSP' <Latency = 2> <II = 1> <Delay = 1.79> <FuncUnit> <Opcode : 'mul'> <InPorts = 2> <OutPorts = 1>
ST_4 : Operation 424 [3/3] (0.99ns) (grouped into DSP with root node r_283)   --->   "%qq_283 = mul i24 %zext_ln39_82, i24 3329" [kyber-mult-kernel-dataflow.cpp:41->kyber-mult-kernel-dataflow.cpp:85]   --->   Operation 424 'mul' 'qq_283' <Predicate = true> <Delay = 0.99> <CoreInst = "DSP48">   --->   Core 127 'DSP48' <Latency = 2> <II = 1> <Delay = 1.33> <IPBlock> <Opcode : '' 'add' 'sub' 'mul' 'select'> <InPorts = 0> <OutPorts = 1> <Sync> <CReg>
ST_4 : Operation 425 [1/3] (1.35ns)   --->   "%xm_285 = mul i28 %zext_ln36_327, i28 %zext_ln36_354" [kyber-mult-kernel-dataflow.cpp:36->kyber-mult-kernel-dataflow.cpp:85]   --->   Operation 425 'mul' 'xm_285' <Predicate = true> <Delay = 1.35> <CoreInst = "Mul_DSP">   --->   Core 5 'Mul_DSP' <Latency = 2> <II = 1> <Delay = 1.81> <FuncUnit> <Opcode : 'mul'> <InPorts = 2> <OutPorts = 1>
ST_4 : Operation 426 [1/1] (0.00ns)   --->   "%specfucore_ln37 = specfucore void @_ssdm_op_SpecFUCore, i28 %xm_285, i64 12, i64 3, i64 2" [kyber-mult-kernel-dataflow.cpp:37->kyber-mult-kernel-dataflow.cpp:85]   --->   Operation 426 'specfucore' 'specfucore_ln37' <Predicate = true> <Delay = 0.00>
ST_4 : Operation 427 [1/1] (0.00ns)   --->   "%tmp_116 = partselect i12 @_ssdm_op_PartSelect.i12.i28.i32.i32, i28 %xm_285, i32 16, i32 27" [kyber-mult-kernel-dataflow.cpp:39->kyber-mult-kernel-dataflow.cpp:85]   --->   Operation 427 'partselect' 'tmp_116' <Predicate = true> <Delay = 0.00>
ST_4 : Operation 428 [1/1] (0.00ns)   --->   "%zext_ln39_83 = zext i12 %tmp_116" [kyber-mult-kernel-dataflow.cpp:39->kyber-mult-kernel-dataflow.cpp:85]   --->   Operation 428 'zext' 'zext_ln39_83' <Predicate = true> <Delay = 0.00>
ST_4 : Operation 429 [2/3] (1.34ns)   --->   "%xw_285 = mul i23 %zext_ln36_353, i23 %w_48_cast_cast_cast_cast_cast_cast" [kyber-mult-kernel-dataflow.cpp:39->kyber-mult-kernel-dataflow.cpp:85]   --->   Operation 429 'mul' 'xw_285' <Predicate = true> <Delay = 1.34> <CoreInst = "Mul_DSP">   --->   Core 5 'Mul_DSP' <Latency = 2> <II = 1> <Delay = 1.79> <FuncUnit> <Opcode : 'mul'> <InPorts = 2> <OutPorts = 1>
ST_4 : Operation 430 [3/3] (0.99ns) (grouped into DSP with root node r_285)   --->   "%qq_285 = mul i24 %zext_ln39_83, i24 3329" [kyber-mult-kernel-dataflow.cpp:41->kyber-mult-kernel-dataflow.cpp:85]   --->   Operation 430 'mul' 'qq_285' <Predicate = true> <Delay = 0.99> <CoreInst = "DSP48">   --->   Core 127 'DSP48' <Latency = 2> <II = 1> <Delay = 1.33> <IPBlock> <Opcode : '' 'add' 'sub' 'mul' 'select'> <InPorts = 0> <OutPorts = 1> <Sync> <CReg>
ST_4 : Operation 431 [1/3] (1.35ns)   --->   "%xm_287 = mul i28 %zext_ln36_328, i28 %zext_ln36_356" [kyber-mult-kernel-dataflow.cpp:36->kyber-mult-kernel-dataflow.cpp:85]   --->   Operation 431 'mul' 'xm_287' <Predicate = true> <Delay = 1.35> <CoreInst = "Mul_DSP">   --->   Core 5 'Mul_DSP' <Latency = 2> <II = 1> <Delay = 1.81> <FuncUnit> <Opcode : 'mul'> <InPorts = 2> <OutPorts = 1>
ST_4 : Operation 432 [1/1] (0.00ns)   --->   "%specfucore_ln37 = specfucore void @_ssdm_op_SpecFUCore, i28 %xm_287, i64 12, i64 3, i64 2" [kyber-mult-kernel-dataflow.cpp:37->kyber-mult-kernel-dataflow.cpp:85]   --->   Operation 432 'specfucore' 'specfucore_ln37' <Predicate = true> <Delay = 0.00>
ST_4 : Operation 433 [1/1] (0.00ns)   --->   "%tmp_117 = partselect i12 @_ssdm_op_PartSelect.i12.i28.i32.i32, i28 %xm_287, i32 16, i32 27" [kyber-mult-kernel-dataflow.cpp:39->kyber-mult-kernel-dataflow.cpp:85]   --->   Operation 433 'partselect' 'tmp_117' <Predicate = true> <Delay = 0.00>
ST_4 : Operation 434 [1/1] (0.00ns)   --->   "%zext_ln39_84 = zext i12 %tmp_117" [kyber-mult-kernel-dataflow.cpp:39->kyber-mult-kernel-dataflow.cpp:85]   --->   Operation 434 'zext' 'zext_ln39_84' <Predicate = true> <Delay = 0.00>
ST_4 : Operation 435 [2/3] (1.34ns)   --->   "%xw_287 = mul i23 %zext_ln36_355, i23 %w_49_cast_cast_cast_cast_cast_cast" [kyber-mult-kernel-dataflow.cpp:39->kyber-mult-kernel-dataflow.cpp:85]   --->   Operation 435 'mul' 'xw_287' <Predicate = true> <Delay = 1.34> <CoreInst = "Mul_DSP">   --->   Core 5 'Mul_DSP' <Latency = 2> <II = 1> <Delay = 1.79> <FuncUnit> <Opcode : 'mul'> <InPorts = 2> <OutPorts = 1>
ST_4 : Operation 436 [3/3] (0.99ns) (grouped into DSP with root node r_287)   --->   "%qq_287 = mul i24 %zext_ln39_84, i24 3329" [kyber-mult-kernel-dataflow.cpp:41->kyber-mult-kernel-dataflow.cpp:85]   --->   Operation 436 'mul' 'qq_287' <Predicate = true> <Delay = 0.99> <CoreInst = "DSP48">   --->   Core 127 'DSP48' <Latency = 2> <II = 1> <Delay = 1.33> <IPBlock> <Opcode : '' 'add' 'sub' 'mul' 'select'> <InPorts = 0> <OutPorts = 1> <Sync> <CReg>
ST_4 : Operation 437 [1/3] (1.35ns)   --->   "%xm_274 = mul i28 %zext_ln36_342, i28 %zext_ln36_358" [kyber-mult-kernel-dataflow.cpp:36->kyber-mult-kernel-dataflow.cpp:85]   --->   Operation 437 'mul' 'xm_274' <Predicate = true> <Delay = 1.35> <CoreInst = "Mul_DSP">   --->   Core 5 'Mul_DSP' <Latency = 2> <II = 1> <Delay = 1.81> <FuncUnit> <Opcode : 'mul'> <InPorts = 2> <OutPorts = 1>
ST_4 : Operation 438 [1/1] (0.00ns)   --->   "%specfucore_ln37 = specfucore void @_ssdm_op_SpecFUCore, i28 %xm_274, i64 12, i64 3, i64 2" [kyber-mult-kernel-dataflow.cpp:37->kyber-mult-kernel-dataflow.cpp:85]   --->   Operation 438 'specfucore' 'specfucore_ln37' <Predicate = true> <Delay = 0.00>
ST_4 : Operation 439 [1/1] (0.00ns)   --->   "%tmp_118 = partselect i12 @_ssdm_op_PartSelect.i12.i28.i32.i32, i28 %xm_274, i32 16, i32 27" [kyber-mult-kernel-dataflow.cpp:39->kyber-mult-kernel-dataflow.cpp:85]   --->   Operation 439 'partselect' 'tmp_118' <Predicate = true> <Delay = 0.00>
ST_4 : Operation 440 [1/1] (0.00ns)   --->   "%zext_ln39_85 = zext i12 %tmp_118" [kyber-mult-kernel-dataflow.cpp:39->kyber-mult-kernel-dataflow.cpp:85]   --->   Operation 440 'zext' 'zext_ln39_85' <Predicate = true> <Delay = 0.00>
ST_4 : Operation 441 [2/3] (1.34ns)   --->   "%xw_274 = mul i23 %zext_ln36_357, i23 %w_50_cast_cast_cast_cast_cast_cast" [kyber-mult-kernel-dataflow.cpp:39->kyber-mult-kernel-dataflow.cpp:85]   --->   Operation 441 'mul' 'xw_274' <Predicate = true> <Delay = 1.34> <CoreInst = "Mul_DSP">   --->   Core 5 'Mul_DSP' <Latency = 2> <II = 1> <Delay = 1.79> <FuncUnit> <Opcode : 'mul'> <InPorts = 2> <OutPorts = 1>
ST_4 : Operation 442 [3/3] (0.99ns) (grouped into DSP with root node r_274)   --->   "%qq_274 = mul i24 %zext_ln39_85, i24 3329" [kyber-mult-kernel-dataflow.cpp:41->kyber-mult-kernel-dataflow.cpp:85]   --->   Operation 442 'mul' 'qq_274' <Predicate = true> <Delay = 0.99> <CoreInst = "DSP48">   --->   Core 127 'DSP48' <Latency = 2> <II = 1> <Delay = 1.33> <IPBlock> <Opcode : '' 'add' 'sub' 'mul' 'select'> <InPorts = 0> <OutPorts = 1> <Sync> <CReg>

State 5 <SV = 4> <Delay = 1.34>
ST_5 : Operation 443 [1/1] (0.00ns)   --->   "%zext_ln73_2 = zext i3 %lshr_ln73_1" [kyber-mult-kernel-dataflow.cpp:73]   --->   Operation 443 'zext' 'zext_ln73_2' <Predicate = true> <Delay = 0.00>
ST_5 : Operation 444 [1/1] (0.00ns)   --->   "%sA_0_addr = getelementptr i12 %sA_0, i64 0, i64 %zext_ln73_2" [kyber-mult-kernel-dataflow.cpp:83]   --->   Operation 444 'getelementptr' 'sA_0_addr' <Predicate = (!icmp_ln83)> <Delay = 0.00>
ST_5 : Operation 445 [1/1] (0.00ns)   --->   "%sA_8_addr = getelementptr i12 %sA_8, i64 0, i64 %zext_ln73_2" [kyber-mult-kernel-dataflow.cpp:83]   --->   Operation 445 'getelementptr' 'sA_8_addr' <Predicate = (icmp_ln83)> <Delay = 0.00>
ST_5 : Operation 446 [2/2] (0.67ns)   --->   "%sA_0_load = load i4 %sA_0_addr" [kyber-mult-kernel-dataflow.cpp:83]   --->   Operation 446 'load' 'sA_0_load' <Predicate = (!icmp_ln83)> <Delay = 0.67> <CoreInst = "RAM">   --->   Core 83 'RAM' <Latency = 1> <II = 1> <Delay = 0.67> <Storage> <Opcode : 'load' 'store'> <Ports = 2> <Width = 12> <Depth = 16> <RAM>
ST_5 : Operation 447 [2/2] (0.67ns)   --->   "%sA_8_load = load i4 %sA_8_addr" [kyber-mult-kernel-dataflow.cpp:83]   --->   Operation 447 'load' 'sA_8_load' <Predicate = (icmp_ln83)> <Delay = 0.67> <CoreInst = "RAM">   --->   Core 83 'RAM' <Latency = 1> <II = 1> <Delay = 0.67> <Storage> <Opcode : 'load' 'store'> <Ports = 2> <Width = 12> <Depth = 16> <RAM>
ST_5 : Operation 448 [1/3] (1.34ns)   --->   "%xw = mul i23 %zext_ln34, i23 %w_cast_cast_cast_cast_cast_cast" [kyber-mult-kernel-dataflow.cpp:39->kyber-mult-kernel-dataflow.cpp:83]   --->   Operation 448 'mul' 'xw' <Predicate = true> <Delay = 1.34> <CoreInst = "Mul_DSP">   --->   Core 5 'Mul_DSP' <Latency = 2> <II = 1> <Delay = 1.79> <FuncUnit> <Opcode : 'mul'> <InPorts = 2> <OutPorts = 1>
ST_5 : Operation 449 [1/1] (0.00ns)   --->   "%specfucore_ln40 = specfucore void @_ssdm_op_SpecFUCore, i23 %xw, i64 12, i64 3, i64 2" [kyber-mult-kernel-dataflow.cpp:40->kyber-mult-kernel-dataflow.cpp:83]   --->   Operation 449 'specfucore' 'specfucore_ln40' <Predicate = true> <Delay = 0.00>
ST_5 : Operation 450 [2/3] (0.99ns) (grouped into DSP with root node r)   --->   "%qq = mul i24 %zext_ln38, i24 3329" [kyber-mult-kernel-dataflow.cpp:41->kyber-mult-kernel-dataflow.cpp:83]   --->   Operation 450 'mul' 'qq' <Predicate = true> <Delay = 0.99> <CoreInst = "DSP48">   --->   Core 127 'DSP48' <Latency = 2> <II = 1> <Delay = 1.33> <IPBlock> <Opcode : '' 'add' 'sub' 'mul' 'select'> <InPorts = 0> <OutPorts = 1> <Sync> <CReg>
ST_5 : Operation 451 [1/1] (0.00ns)   --->   "%sB_0_addr = getelementptr i12 %sB_0, i64 0, i64 %zext_ln73_2" [kyber-mult-kernel-dataflow.cpp:85]   --->   Operation 451 'getelementptr' 'sB_0_addr' <Predicate = (!icmp_ln83)> <Delay = 0.00>
ST_5 : Operation 452 [1/1] (0.00ns)   --->   "%sB_8_addr = getelementptr i12 %sB_8, i64 0, i64 %zext_ln73_2" [kyber-mult-kernel-dataflow.cpp:85]   --->   Operation 452 'getelementptr' 'sB_8_addr' <Predicate = (icmp_ln83)> <Delay = 0.00>
ST_5 : Operation 453 [1/1] (0.00ns)   --->   "%sA_1_addr = getelementptr i12 %sA_1, i64 0, i64 %zext_ln73_2" [kyber-mult-kernel-dataflow.cpp:83]   --->   Operation 453 'getelementptr' 'sA_1_addr' <Predicate = (!icmp_ln83)> <Delay = 0.00>
ST_5 : Operation 454 [1/1] (0.00ns)   --->   "%sA_9_addr = getelementptr i12 %sA_9, i64 0, i64 %zext_ln73_2" [kyber-mult-kernel-dataflow.cpp:83]   --->   Operation 454 'getelementptr' 'sA_9_addr' <Predicate = (icmp_ln83)> <Delay = 0.00>
ST_5 : Operation 455 [1/1] (0.00ns)   --->   "%sB_1_addr = getelementptr i12 %sB_1, i64 0, i64 %zext_ln73_2" [kyber-mult-kernel-dataflow.cpp:85]   --->   Operation 455 'getelementptr' 'sB_1_addr' <Predicate = (!icmp_ln83)> <Delay = 0.00>
ST_5 : Operation 456 [1/1] (0.00ns)   --->   "%sB_9_addr = getelementptr i12 %sB_9, i64 0, i64 %zext_ln73_2" [kyber-mult-kernel-dataflow.cpp:85]   --->   Operation 456 'getelementptr' 'sB_9_addr' <Predicate = (icmp_ln83)> <Delay = 0.00>
ST_5 : Operation 457 [1/1] (0.00ns)   --->   "%sA_2_addr = getelementptr i12 %sA_2, i64 0, i64 %zext_ln73_2" [kyber-mult-kernel-dataflow.cpp:83]   --->   Operation 457 'getelementptr' 'sA_2_addr' <Predicate = (!icmp_ln83)> <Delay = 0.00>
ST_5 : Operation 458 [1/1] (0.00ns)   --->   "%sA_10_addr = getelementptr i12 %sA_10, i64 0, i64 %zext_ln73_2" [kyber-mult-kernel-dataflow.cpp:83]   --->   Operation 458 'getelementptr' 'sA_10_addr' <Predicate = (icmp_ln83)> <Delay = 0.00>
ST_5 : Operation 459 [1/1] (0.00ns)   --->   "%sB_2_addr = getelementptr i12 %sB_2, i64 0, i64 %zext_ln73_2" [kyber-mult-kernel-dataflow.cpp:85]   --->   Operation 459 'getelementptr' 'sB_2_addr' <Predicate = (!icmp_ln83)> <Delay = 0.00>
ST_5 : Operation 460 [1/1] (0.00ns)   --->   "%sB_10_addr = getelementptr i12 %sB_10, i64 0, i64 %zext_ln73_2" [kyber-mult-kernel-dataflow.cpp:85]   --->   Operation 460 'getelementptr' 'sB_10_addr' <Predicate = (icmp_ln83)> <Delay = 0.00>
ST_5 : Operation 461 [1/1] (0.00ns)   --->   "%sA_3_addr = getelementptr i12 %sA_3, i64 0, i64 %zext_ln73_2" [kyber-mult-kernel-dataflow.cpp:83]   --->   Operation 461 'getelementptr' 'sA_3_addr' <Predicate = (!icmp_ln83)> <Delay = 0.00>
ST_5 : Operation 462 [1/1] (0.00ns)   --->   "%sA_11_addr = getelementptr i12 %sA_11, i64 0, i64 %zext_ln73_2" [kyber-mult-kernel-dataflow.cpp:83]   --->   Operation 462 'getelementptr' 'sA_11_addr' <Predicate = (icmp_ln83)> <Delay = 0.00>
ST_5 : Operation 463 [1/1] (0.00ns)   --->   "%sB_3_addr = getelementptr i12 %sB_3, i64 0, i64 %zext_ln73_2" [kyber-mult-kernel-dataflow.cpp:85]   --->   Operation 463 'getelementptr' 'sB_3_addr' <Predicate = (!icmp_ln83)> <Delay = 0.00>
ST_5 : Operation 464 [1/1] (0.00ns)   --->   "%sB_11_addr = getelementptr i12 %sB_11, i64 0, i64 %zext_ln73_2" [kyber-mult-kernel-dataflow.cpp:85]   --->   Operation 464 'getelementptr' 'sB_11_addr' <Predicate = (icmp_ln83)> <Delay = 0.00>
ST_5 : Operation 465 [1/1] (0.00ns)   --->   "%sA_4_addr = getelementptr i12 %sA_4, i64 0, i64 %zext_ln73_2" [kyber-mult-kernel-dataflow.cpp:83]   --->   Operation 465 'getelementptr' 'sA_4_addr' <Predicate = (!icmp_ln83)> <Delay = 0.00>
ST_5 : Operation 466 [1/1] (0.00ns)   --->   "%sA_12_addr = getelementptr i12 %sA_12, i64 0, i64 %zext_ln73_2" [kyber-mult-kernel-dataflow.cpp:83]   --->   Operation 466 'getelementptr' 'sA_12_addr' <Predicate = (icmp_ln83)> <Delay = 0.00>
ST_5 : Operation 467 [1/1] (0.00ns)   --->   "%sB_4_addr = getelementptr i12 %sB_4, i64 0, i64 %zext_ln73_2" [kyber-mult-kernel-dataflow.cpp:85]   --->   Operation 467 'getelementptr' 'sB_4_addr' <Predicate = (!icmp_ln83)> <Delay = 0.00>
ST_5 : Operation 468 [1/1] (0.00ns)   --->   "%sB_12_addr = getelementptr i12 %sB_12, i64 0, i64 %zext_ln73_2" [kyber-mult-kernel-dataflow.cpp:85]   --->   Operation 468 'getelementptr' 'sB_12_addr' <Predicate = (icmp_ln83)> <Delay = 0.00>
ST_5 : Operation 469 [1/1] (0.00ns)   --->   "%sA_5_addr = getelementptr i12 %sA_5, i64 0, i64 %zext_ln73_2" [kyber-mult-kernel-dataflow.cpp:83]   --->   Operation 469 'getelementptr' 'sA_5_addr' <Predicate = (!icmp_ln83)> <Delay = 0.00>
ST_5 : Operation 470 [1/1] (0.00ns)   --->   "%sA_13_addr = getelementptr i12 %sA_13, i64 0, i64 %zext_ln73_2" [kyber-mult-kernel-dataflow.cpp:83]   --->   Operation 470 'getelementptr' 'sA_13_addr' <Predicate = (icmp_ln83)> <Delay = 0.00>
ST_5 : Operation 471 [1/1] (0.00ns)   --->   "%sB_5_addr = getelementptr i12 %sB_5, i64 0, i64 %zext_ln73_2" [kyber-mult-kernel-dataflow.cpp:85]   --->   Operation 471 'getelementptr' 'sB_5_addr' <Predicate = (!icmp_ln83)> <Delay = 0.00>
ST_5 : Operation 472 [1/1] (0.00ns)   --->   "%sB_13_addr = getelementptr i12 %sB_13, i64 0, i64 %zext_ln73_2" [kyber-mult-kernel-dataflow.cpp:85]   --->   Operation 472 'getelementptr' 'sB_13_addr' <Predicate = (icmp_ln83)> <Delay = 0.00>
ST_5 : Operation 473 [1/1] (0.00ns)   --->   "%sA_6_addr = getelementptr i12 %sA_6, i64 0, i64 %zext_ln73_2" [kyber-mult-kernel-dataflow.cpp:83]   --->   Operation 473 'getelementptr' 'sA_6_addr' <Predicate = (!icmp_ln83)> <Delay = 0.00>
ST_5 : Operation 474 [1/1] (0.00ns)   --->   "%sA_14_addr = getelementptr i12 %sA_14, i64 0, i64 %zext_ln73_2" [kyber-mult-kernel-dataflow.cpp:83]   --->   Operation 474 'getelementptr' 'sA_14_addr' <Predicate = (icmp_ln83)> <Delay = 0.00>
ST_5 : Operation 475 [1/1] (0.00ns)   --->   "%sB_6_addr = getelementptr i12 %sB_6, i64 0, i64 %zext_ln73_2" [kyber-mult-kernel-dataflow.cpp:85]   --->   Operation 475 'getelementptr' 'sB_6_addr' <Predicate = (!icmp_ln83)> <Delay = 0.00>
ST_5 : Operation 476 [1/1] (0.00ns)   --->   "%sB_14_addr = getelementptr i12 %sB_14, i64 0, i64 %zext_ln73_2" [kyber-mult-kernel-dataflow.cpp:85]   --->   Operation 476 'getelementptr' 'sB_14_addr' <Predicate = (icmp_ln83)> <Delay = 0.00>
ST_5 : Operation 477 [1/1] (0.00ns)   --->   "%sA_7_addr = getelementptr i12 %sA_7, i64 0, i64 %zext_ln73_2" [kyber-mult-kernel-dataflow.cpp:83]   --->   Operation 477 'getelementptr' 'sA_7_addr' <Predicate = (!icmp_ln83)> <Delay = 0.00>
ST_5 : Operation 478 [1/1] (0.00ns)   --->   "%sA_15_addr = getelementptr i12 %sA_15, i64 0, i64 %zext_ln73_2" [kyber-mult-kernel-dataflow.cpp:83]   --->   Operation 478 'getelementptr' 'sA_15_addr' <Predicate = (icmp_ln83)> <Delay = 0.00>
ST_5 : Operation 479 [2/2] (0.67ns)   --->   "%sA_1_load = load i4 %sA_1_addr" [kyber-mult-kernel-dataflow.cpp:83]   --->   Operation 479 'load' 'sA_1_load' <Predicate = (!icmp_ln83)> <Delay = 0.67> <CoreInst = "RAM">   --->   Core 83 'RAM' <Latency = 1> <II = 1> <Delay = 0.67> <Storage> <Opcode : 'load' 'store'> <Ports = 2> <Width = 12> <Depth = 16> <RAM>
ST_5 : Operation 480 [2/2] (0.67ns)   --->   "%sA_9_load = load i4 %sA_9_addr" [kyber-mult-kernel-dataflow.cpp:83]   --->   Operation 480 'load' 'sA_9_load' <Predicate = (icmp_ln83)> <Delay = 0.67> <CoreInst = "RAM">   --->   Core 83 'RAM' <Latency = 1> <II = 1> <Delay = 0.67> <Storage> <Opcode : 'load' 'store'> <Ports = 2> <Width = 12> <Depth = 16> <RAM>
ST_5 : Operation 481 [1/3] (1.34ns)   --->   "%xw_276 = mul i23 %zext_ln36_329, i23 %w_44_cast_cast_cast_cast_cast_cast" [kyber-mult-kernel-dataflow.cpp:39->kyber-mult-kernel-dataflow.cpp:83]   --->   Operation 481 'mul' 'xw_276' <Predicate = true> <Delay = 1.34> <CoreInst = "Mul_DSP">   --->   Core 5 'Mul_DSP' <Latency = 2> <II = 1> <Delay = 1.79> <FuncUnit> <Opcode : 'mul'> <InPorts = 2> <OutPorts = 1>
ST_5 : Operation 482 [1/1] (0.00ns)   --->   "%specfucore_ln40 = specfucore void @_ssdm_op_SpecFUCore, i23 %xw_276, i64 12, i64 3, i64 2" [kyber-mult-kernel-dataflow.cpp:40->kyber-mult-kernel-dataflow.cpp:83]   --->   Operation 482 'specfucore' 'specfucore_ln40' <Predicate = true> <Delay = 0.00>
ST_5 : Operation 483 [2/3] (0.99ns) (grouped into DSP with root node r_276)   --->   "%qq_276 = mul i24 %zext_ln39, i24 3329" [kyber-mult-kernel-dataflow.cpp:41->kyber-mult-kernel-dataflow.cpp:83]   --->   Operation 483 'mul' 'qq_276' <Predicate = true> <Delay = 0.99> <CoreInst = "DSP48">   --->   Core 127 'DSP48' <Latency = 2> <II = 1> <Delay = 1.33> <IPBlock> <Opcode : '' 'add' 'sub' 'mul' 'select'> <InPorts = 0> <OutPorts = 1> <Sync> <CReg>
ST_5 : Operation 484 [2/2] (0.67ns)   --->   "%sA_2_load = load i4 %sA_2_addr" [kyber-mult-kernel-dataflow.cpp:83]   --->   Operation 484 'load' 'sA_2_load' <Predicate = (!icmp_ln83)> <Delay = 0.67> <CoreInst = "RAM">   --->   Core 83 'RAM' <Latency = 1> <II = 1> <Delay = 0.67> <Storage> <Opcode : 'load' 'store'> <Ports = 2> <Width = 12> <Depth = 16> <RAM>
ST_5 : Operation 485 [2/2] (0.67ns)   --->   "%sA_10_load = load i4 %sA_10_addr" [kyber-mult-kernel-dataflow.cpp:83]   --->   Operation 485 'load' 'sA_10_load' <Predicate = (icmp_ln83)> <Delay = 0.67> <CoreInst = "RAM">   --->   Core 83 'RAM' <Latency = 1> <II = 1> <Delay = 0.67> <Storage> <Opcode : 'load' 'store'> <Ports = 2> <Width = 12> <Depth = 16> <RAM>
ST_5 : Operation 486 [1/3] (1.34ns)   --->   "%xw_278 = mul i23 %zext_ln36_331, i23 %w_45_cast_cast_cast_cast_cast_cast" [kyber-mult-kernel-dataflow.cpp:39->kyber-mult-kernel-dataflow.cpp:83]   --->   Operation 486 'mul' 'xw_278' <Predicate = true> <Delay = 1.34> <CoreInst = "Mul_DSP">   --->   Core 5 'Mul_DSP' <Latency = 2> <II = 1> <Delay = 1.79> <FuncUnit> <Opcode : 'mul'> <InPorts = 2> <OutPorts = 1>
ST_5 : Operation 487 [1/1] (0.00ns)   --->   "%specfucore_ln40 = specfucore void @_ssdm_op_SpecFUCore, i23 %xw_278, i64 12, i64 3, i64 2" [kyber-mult-kernel-dataflow.cpp:40->kyber-mult-kernel-dataflow.cpp:83]   --->   Operation 487 'specfucore' 'specfucore_ln40' <Predicate = true> <Delay = 0.00>
ST_5 : Operation 488 [2/3] (0.99ns) (grouped into DSP with root node r_278)   --->   "%qq_278 = mul i24 %zext_ln39_73, i24 3329" [kyber-mult-kernel-dataflow.cpp:41->kyber-mult-kernel-dataflow.cpp:83]   --->   Operation 488 'mul' 'qq_278' <Predicate = true> <Delay = 0.99> <CoreInst = "DSP48">   --->   Core 127 'DSP48' <Latency = 2> <II = 1> <Delay = 1.33> <IPBlock> <Opcode : '' 'add' 'sub' 'mul' 'select'> <InPorts = 0> <OutPorts = 1> <Sync> <CReg>
ST_5 : Operation 489 [2/2] (0.67ns)   --->   "%sA_3_load = load i4 %sA_3_addr" [kyber-mult-kernel-dataflow.cpp:83]   --->   Operation 489 'load' 'sA_3_load' <Predicate = (!icmp_ln83)> <Delay = 0.67> <CoreInst = "RAM">   --->   Core 83 'RAM' <Latency = 1> <II = 1> <Delay = 0.67> <Storage> <Opcode : 'load' 'store'> <Ports = 2> <Width = 12> <Depth = 16> <RAM>
ST_5 : Operation 490 [2/2] (0.67ns)   --->   "%sA_11_load = load i4 %sA_11_addr" [kyber-mult-kernel-dataflow.cpp:83]   --->   Operation 490 'load' 'sA_11_load' <Predicate = (icmp_ln83)> <Delay = 0.67> <CoreInst = "RAM">   --->   Core 83 'RAM' <Latency = 1> <II = 1> <Delay = 0.67> <Storage> <Opcode : 'load' 'store'> <Ports = 2> <Width = 12> <Depth = 16> <RAM>
ST_5 : Operation 491 [1/3] (1.34ns)   --->   "%xw_280 = mul i23 %zext_ln36_333, i23 %w_46_cast_cast_cast_cast_cast_cast" [kyber-mult-kernel-dataflow.cpp:39->kyber-mult-kernel-dataflow.cpp:83]   --->   Operation 491 'mul' 'xw_280' <Predicate = true> <Delay = 1.34> <CoreInst = "Mul_DSP">   --->   Core 5 'Mul_DSP' <Latency = 2> <II = 1> <Delay = 1.79> <FuncUnit> <Opcode : 'mul'> <InPorts = 2> <OutPorts = 1>
ST_5 : Operation 492 [1/1] (0.00ns)   --->   "%specfucore_ln40 = specfucore void @_ssdm_op_SpecFUCore, i23 %xw_280, i64 12, i64 3, i64 2" [kyber-mult-kernel-dataflow.cpp:40->kyber-mult-kernel-dataflow.cpp:83]   --->   Operation 492 'specfucore' 'specfucore_ln40' <Predicate = true> <Delay = 0.00>
ST_5 : Operation 493 [2/3] (0.99ns) (grouped into DSP with root node r_280)   --->   "%qq_280 = mul i24 %zext_ln39_74, i24 3329" [kyber-mult-kernel-dataflow.cpp:41->kyber-mult-kernel-dataflow.cpp:83]   --->   Operation 493 'mul' 'qq_280' <Predicate = true> <Delay = 0.99> <CoreInst = "DSP48">   --->   Core 127 'DSP48' <Latency = 2> <II = 1> <Delay = 1.33> <IPBlock> <Opcode : '' 'add' 'sub' 'mul' 'select'> <InPorts = 0> <OutPorts = 1> <Sync> <CReg>
ST_5 : Operation 494 [2/2] (0.67ns)   --->   "%sA_4_load = load i4 %sA_4_addr" [kyber-mult-kernel-dataflow.cpp:83]   --->   Operation 494 'load' 'sA_4_load' <Predicate = (!icmp_ln83)> <Delay = 0.67> <CoreInst = "RAM">   --->   Core 83 'RAM' <Latency = 1> <II = 1> <Delay = 0.67> <Storage> <Opcode : 'load' 'store'> <Ports = 2> <Width = 12> <Depth = 16> <RAM>
ST_5 : Operation 495 [2/2] (0.67ns)   --->   "%sA_12_load = load i4 %sA_12_addr" [kyber-mult-kernel-dataflow.cpp:83]   --->   Operation 495 'load' 'sA_12_load' <Predicate = (icmp_ln83)> <Delay = 0.67> <CoreInst = "RAM">   --->   Core 83 'RAM' <Latency = 1> <II = 1> <Delay = 0.67> <Storage> <Opcode : 'load' 'store'> <Ports = 2> <Width = 12> <Depth = 16> <RAM>
ST_5 : Operation 496 [1/3] (1.34ns)   --->   "%xw_282 = mul i23 %zext_ln36_335, i23 %w_47_cast_cast_cast_cast_cast_cast" [kyber-mult-kernel-dataflow.cpp:39->kyber-mult-kernel-dataflow.cpp:83]   --->   Operation 496 'mul' 'xw_282' <Predicate = true> <Delay = 1.34> <CoreInst = "Mul_DSP">   --->   Core 5 'Mul_DSP' <Latency = 2> <II = 1> <Delay = 1.79> <FuncUnit> <Opcode : 'mul'> <InPorts = 2> <OutPorts = 1>
ST_5 : Operation 497 [1/1] (0.00ns)   --->   "%specfucore_ln40 = specfucore void @_ssdm_op_SpecFUCore, i23 %xw_282, i64 12, i64 3, i64 2" [kyber-mult-kernel-dataflow.cpp:40->kyber-mult-kernel-dataflow.cpp:83]   --->   Operation 497 'specfucore' 'specfucore_ln40' <Predicate = true> <Delay = 0.00>
ST_5 : Operation 498 [2/3] (0.99ns) (grouped into DSP with root node r_282)   --->   "%qq_282 = mul i24 %zext_ln39_75, i24 3329" [kyber-mult-kernel-dataflow.cpp:41->kyber-mult-kernel-dataflow.cpp:83]   --->   Operation 498 'mul' 'qq_282' <Predicate = true> <Delay = 0.99> <CoreInst = "DSP48">   --->   Core 127 'DSP48' <Latency = 2> <II = 1> <Delay = 1.33> <IPBlock> <Opcode : '' 'add' 'sub' 'mul' 'select'> <InPorts = 0> <OutPorts = 1> <Sync> <CReg>
ST_5 : Operation 499 [2/2] (0.67ns)   --->   "%sA_5_load = load i4 %sA_5_addr" [kyber-mult-kernel-dataflow.cpp:83]   --->   Operation 499 'load' 'sA_5_load' <Predicate = (!icmp_ln83)> <Delay = 0.67> <CoreInst = "RAM">   --->   Core 83 'RAM' <Latency = 1> <II = 1> <Delay = 0.67> <Storage> <Opcode : 'load' 'store'> <Ports = 2> <Width = 12> <Depth = 16> <RAM>
ST_5 : Operation 500 [2/2] (0.67ns)   --->   "%sA_13_load = load i4 %sA_13_addr" [kyber-mult-kernel-dataflow.cpp:83]   --->   Operation 500 'load' 'sA_13_load' <Predicate = (icmp_ln83)> <Delay = 0.67> <CoreInst = "RAM">   --->   Core 83 'RAM' <Latency = 1> <II = 1> <Delay = 0.67> <Storage> <Opcode : 'load' 'store'> <Ports = 2> <Width = 12> <Depth = 16> <RAM>
ST_5 : Operation 501 [1/3] (1.34ns)   --->   "%xw_284 = mul i23 %zext_ln36_337, i23 %w_48_cast_cast_cast_cast_cast_cast" [kyber-mult-kernel-dataflow.cpp:39->kyber-mult-kernel-dataflow.cpp:83]   --->   Operation 501 'mul' 'xw_284' <Predicate = true> <Delay = 1.34> <CoreInst = "Mul_DSP">   --->   Core 5 'Mul_DSP' <Latency = 2> <II = 1> <Delay = 1.79> <FuncUnit> <Opcode : 'mul'> <InPorts = 2> <OutPorts = 1>
ST_5 : Operation 502 [1/1] (0.00ns)   --->   "%specfucore_ln40 = specfucore void @_ssdm_op_SpecFUCore, i23 %xw_284, i64 12, i64 3, i64 2" [kyber-mult-kernel-dataflow.cpp:40->kyber-mult-kernel-dataflow.cpp:83]   --->   Operation 502 'specfucore' 'specfucore_ln40' <Predicate = true> <Delay = 0.00>
ST_5 : Operation 503 [2/3] (0.99ns) (grouped into DSP with root node r_284)   --->   "%qq_284 = mul i24 %zext_ln39_76, i24 3329" [kyber-mult-kernel-dataflow.cpp:41->kyber-mult-kernel-dataflow.cpp:83]   --->   Operation 503 'mul' 'qq_284' <Predicate = true> <Delay = 0.99> <CoreInst = "DSP48">   --->   Core 127 'DSP48' <Latency = 2> <II = 1> <Delay = 1.33> <IPBlock> <Opcode : '' 'add' 'sub' 'mul' 'select'> <InPorts = 0> <OutPorts = 1> <Sync> <CReg>
ST_5 : Operation 504 [2/2] (0.67ns)   --->   "%sA_6_load = load i4 %sA_6_addr" [kyber-mult-kernel-dataflow.cpp:83]   --->   Operation 504 'load' 'sA_6_load' <Predicate = (!icmp_ln83)> <Delay = 0.67> <CoreInst = "RAM">   --->   Core 83 'RAM' <Latency = 1> <II = 1> <Delay = 0.67> <Storage> <Opcode : 'load' 'store'> <Ports = 2> <Width = 12> <Depth = 16> <RAM>
ST_5 : Operation 505 [2/2] (0.67ns)   --->   "%sA_14_load = load i4 %sA_14_addr" [kyber-mult-kernel-dataflow.cpp:83]   --->   Operation 505 'load' 'sA_14_load' <Predicate = (icmp_ln83)> <Delay = 0.67> <CoreInst = "RAM">   --->   Core 83 'RAM' <Latency = 1> <II = 1> <Delay = 0.67> <Storage> <Opcode : 'load' 'store'> <Ports = 2> <Width = 12> <Depth = 16> <RAM>
ST_5 : Operation 506 [1/3] (1.34ns)   --->   "%xw_286 = mul i23 %zext_ln36_339, i23 %w_49_cast_cast_cast_cast_cast_cast" [kyber-mult-kernel-dataflow.cpp:39->kyber-mult-kernel-dataflow.cpp:83]   --->   Operation 506 'mul' 'xw_286' <Predicate = true> <Delay = 1.34> <CoreInst = "Mul_DSP">   --->   Core 5 'Mul_DSP' <Latency = 2> <II = 1> <Delay = 1.79> <FuncUnit> <Opcode : 'mul'> <InPorts = 2> <OutPorts = 1>
ST_5 : Operation 507 [1/1] (0.00ns)   --->   "%specfucore_ln40 = specfucore void @_ssdm_op_SpecFUCore, i23 %xw_286, i64 12, i64 3, i64 2" [kyber-mult-kernel-dataflow.cpp:40->kyber-mult-kernel-dataflow.cpp:83]   --->   Operation 507 'specfucore' 'specfucore_ln40' <Predicate = true> <Delay = 0.00>
ST_5 : Operation 508 [2/3] (0.99ns) (grouped into DSP with root node r_286)   --->   "%qq_286 = mul i24 %zext_ln39_77, i24 3329" [kyber-mult-kernel-dataflow.cpp:41->kyber-mult-kernel-dataflow.cpp:83]   --->   Operation 508 'mul' 'qq_286' <Predicate = true> <Delay = 0.99> <CoreInst = "DSP48">   --->   Core 127 'DSP48' <Latency = 2> <II = 1> <Delay = 1.33> <IPBlock> <Opcode : '' 'add' 'sub' 'mul' 'select'> <InPorts = 0> <OutPorts = 1> <Sync> <CReg>
ST_5 : Operation 509 [2/2] (0.67ns)   --->   "%sA_7_load = load i4 %sA_7_addr" [kyber-mult-kernel-dataflow.cpp:83]   --->   Operation 509 'load' 'sA_7_load' <Predicate = (!icmp_ln83)> <Delay = 0.67> <CoreInst = "RAM">   --->   Core 83 'RAM' <Latency = 1> <II = 1> <Delay = 0.67> <Storage> <Opcode : 'load' 'store'> <Ports = 2> <Width = 12> <Depth = 16> <RAM>
ST_5 : Operation 510 [2/2] (0.67ns)   --->   "%sA_15_load = load i4 %sA_15_addr" [kyber-mult-kernel-dataflow.cpp:83]   --->   Operation 510 'load' 'sA_15_load' <Predicate = (icmp_ln83)> <Delay = 0.67> <CoreInst = "RAM">   --->   Core 83 'RAM' <Latency = 1> <II = 1> <Delay = 0.67> <Storage> <Opcode : 'load' 'store'> <Ports = 2> <Width = 12> <Depth = 16> <RAM>
ST_5 : Operation 511 [1/3] (1.34ns)   --->   "%xw_273 = mul i23 %zext_ln34_13, i23 %w_50_cast_cast_cast_cast_cast_cast" [kyber-mult-kernel-dataflow.cpp:39->kyber-mult-kernel-dataflow.cpp:83]   --->   Operation 511 'mul' 'xw_273' <Predicate = true> <Delay = 1.34> <CoreInst = "Mul_DSP">   --->   Core 5 'Mul_DSP' <Latency = 2> <II = 1> <Delay = 1.79> <FuncUnit> <Opcode : 'mul'> <InPorts = 2> <OutPorts = 1>
ST_5 : Operation 512 [1/1] (0.00ns)   --->   "%specfucore_ln40 = specfucore void @_ssdm_op_SpecFUCore, i23 %xw_273, i64 12, i64 3, i64 2" [kyber-mult-kernel-dataflow.cpp:40->kyber-mult-kernel-dataflow.cpp:83]   --->   Operation 512 'specfucore' 'specfucore_ln40' <Predicate = true> <Delay = 0.00>
ST_5 : Operation 513 [2/3] (0.99ns) (grouped into DSP with root node r_273)   --->   "%qq_273 = mul i24 %zext_ln38_13, i24 3329" [kyber-mult-kernel-dataflow.cpp:41->kyber-mult-kernel-dataflow.cpp:83]   --->   Operation 513 'mul' 'qq_273' <Predicate = true> <Delay = 0.99> <CoreInst = "DSP48">   --->   Core 127 'DSP48' <Latency = 2> <II = 1> <Delay = 1.33> <IPBlock> <Opcode : '' 'add' 'sub' 'mul' 'select'> <InPorts = 0> <OutPorts = 1> <Sync> <CReg>
ST_5 : Operation 514 [1/1] (0.00ns)   --->   "%sB_7_addr = getelementptr i12 %sB_7, i64 0, i64 %zext_ln73_2" [kyber-mult-kernel-dataflow.cpp:85]   --->   Operation 514 'getelementptr' 'sB_7_addr' <Predicate = (!icmp_ln83)> <Delay = 0.00>
ST_5 : Operation 515 [1/1] (0.00ns)   --->   "%sB_15_addr = getelementptr i12 %sB_15, i64 0, i64 %zext_ln73_2" [kyber-mult-kernel-dataflow.cpp:85]   --->   Operation 515 'getelementptr' 'sB_15_addr' <Predicate = (icmp_ln83)> <Delay = 0.00>
ST_5 : Operation 516 [2/2] (0.67ns)   --->   "%sB_0_load = load i4 %sB_0_addr" [kyber-mult-kernel-dataflow.cpp:85]   --->   Operation 516 'load' 'sB_0_load' <Predicate = (!icmp_ln83)> <Delay = 0.67> <CoreInst = "RAM">   --->   Core 83 'RAM' <Latency = 1> <II = 1> <Delay = 0.67> <Storage> <Opcode : 'load' 'store'> <Ports = 2> <Width = 12> <Depth = 16> <RAM>
ST_5 : Operation 517 [2/2] (0.67ns)   --->   "%sB_8_load = load i4 %sB_8_addr" [kyber-mult-kernel-dataflow.cpp:85]   --->   Operation 517 'load' 'sB_8_load' <Predicate = (icmp_ln83)> <Delay = 0.67> <CoreInst = "RAM">   --->   Core 83 'RAM' <Latency = 1> <II = 1> <Delay = 0.67> <Storage> <Opcode : 'load' 'store'> <Ports = 2> <Width = 12> <Depth = 16> <RAM>
ST_5 : Operation 518 [1/3] (1.34ns)   --->   "%xw_275 = mul i23 %zext_ln36_343, i23 %w_cast_cast_cast_cast_cast_cast" [kyber-mult-kernel-dataflow.cpp:39->kyber-mult-kernel-dataflow.cpp:85]   --->   Operation 518 'mul' 'xw_275' <Predicate = true> <Delay = 1.34> <CoreInst = "Mul_DSP">   --->   Core 5 'Mul_DSP' <Latency = 2> <II = 1> <Delay = 1.79> <FuncUnit> <Opcode : 'mul'> <InPorts = 2> <OutPorts = 1>
ST_5 : Operation 519 [1/1] (0.00ns)   --->   "%specfucore_ln40 = specfucore void @_ssdm_op_SpecFUCore, i23 %xw_275, i64 12, i64 3, i64 2" [kyber-mult-kernel-dataflow.cpp:40->kyber-mult-kernel-dataflow.cpp:85]   --->   Operation 519 'specfucore' 'specfucore_ln40' <Predicate = true> <Delay = 0.00>
ST_5 : Operation 520 [2/3] (0.99ns) (grouped into DSP with root node r_275)   --->   "%qq_275 = mul i24 %zext_ln39_78, i24 3329" [kyber-mult-kernel-dataflow.cpp:41->kyber-mult-kernel-dataflow.cpp:85]   --->   Operation 520 'mul' 'qq_275' <Predicate = true> <Delay = 0.99> <CoreInst = "DSP48">   --->   Core 127 'DSP48' <Latency = 2> <II = 1> <Delay = 1.33> <IPBlock> <Opcode : '' 'add' 'sub' 'mul' 'select'> <InPorts = 0> <OutPorts = 1> <Sync> <CReg>
ST_5 : Operation 521 [2/2] (0.67ns)   --->   "%sB_1_load = load i4 %sB_1_addr" [kyber-mult-kernel-dataflow.cpp:85]   --->   Operation 521 'load' 'sB_1_load' <Predicate = (!icmp_ln83)> <Delay = 0.67> <CoreInst = "RAM">   --->   Core 83 'RAM' <Latency = 1> <II = 1> <Delay = 0.67> <Storage> <Opcode : 'load' 'store'> <Ports = 2> <Width = 12> <Depth = 16> <RAM>
ST_5 : Operation 522 [2/2] (0.67ns)   --->   "%sB_9_load = load i4 %sB_9_addr" [kyber-mult-kernel-dataflow.cpp:85]   --->   Operation 522 'load' 'sB_9_load' <Predicate = (icmp_ln83)> <Delay = 0.67> <CoreInst = "RAM">   --->   Core 83 'RAM' <Latency = 1> <II = 1> <Delay = 0.67> <Storage> <Opcode : 'load' 'store'> <Ports = 2> <Width = 12> <Depth = 16> <RAM>
ST_5 : Operation 523 [1/3] (1.34ns)   --->   "%xw_277 = mul i23 %zext_ln36_345, i23 %w_44_cast_cast_cast_cast_cast_cast" [kyber-mult-kernel-dataflow.cpp:39->kyber-mult-kernel-dataflow.cpp:85]   --->   Operation 523 'mul' 'xw_277' <Predicate = true> <Delay = 1.34> <CoreInst = "Mul_DSP">   --->   Core 5 'Mul_DSP' <Latency = 2> <II = 1> <Delay = 1.79> <FuncUnit> <Opcode : 'mul'> <InPorts = 2> <OutPorts = 1>
ST_5 : Operation 524 [1/1] (0.00ns)   --->   "%specfucore_ln40 = specfucore void @_ssdm_op_SpecFUCore, i23 %xw_277, i64 12, i64 3, i64 2" [kyber-mult-kernel-dataflow.cpp:40->kyber-mult-kernel-dataflow.cpp:85]   --->   Operation 524 'specfucore' 'specfucore_ln40' <Predicate = true> <Delay = 0.00>
ST_5 : Operation 525 [2/3] (0.99ns) (grouped into DSP with root node r_277)   --->   "%qq_277 = mul i24 %zext_ln39_79, i24 3329" [kyber-mult-kernel-dataflow.cpp:41->kyber-mult-kernel-dataflow.cpp:85]   --->   Operation 525 'mul' 'qq_277' <Predicate = true> <Delay = 0.99> <CoreInst = "DSP48">   --->   Core 127 'DSP48' <Latency = 2> <II = 1> <Delay = 1.33> <IPBlock> <Opcode : '' 'add' 'sub' 'mul' 'select'> <InPorts = 0> <OutPorts = 1> <Sync> <CReg>
ST_5 : Operation 526 [2/2] (0.67ns)   --->   "%sB_2_load = load i4 %sB_2_addr" [kyber-mult-kernel-dataflow.cpp:85]   --->   Operation 526 'load' 'sB_2_load' <Predicate = (!icmp_ln83)> <Delay = 0.67> <CoreInst = "RAM">   --->   Core 83 'RAM' <Latency = 1> <II = 1> <Delay = 0.67> <Storage> <Opcode : 'load' 'store'> <Ports = 2> <Width = 12> <Depth = 16> <RAM>
ST_5 : Operation 527 [2/2] (0.67ns)   --->   "%sB_10_load = load i4 %sB_10_addr" [kyber-mult-kernel-dataflow.cpp:85]   --->   Operation 527 'load' 'sB_10_load' <Predicate = (icmp_ln83)> <Delay = 0.67> <CoreInst = "RAM">   --->   Core 83 'RAM' <Latency = 1> <II = 1> <Delay = 0.67> <Storage> <Opcode : 'load' 'store'> <Ports = 2> <Width = 12> <Depth = 16> <RAM>
ST_5 : Operation 528 [1/3] (1.34ns)   --->   "%xw_279 = mul i23 %zext_ln36_347, i23 %w_45_cast_cast_cast_cast_cast_cast" [kyber-mult-kernel-dataflow.cpp:39->kyber-mult-kernel-dataflow.cpp:85]   --->   Operation 528 'mul' 'xw_279' <Predicate = true> <Delay = 1.34> <CoreInst = "Mul_DSP">   --->   Core 5 'Mul_DSP' <Latency = 2> <II = 1> <Delay = 1.79> <FuncUnit> <Opcode : 'mul'> <InPorts = 2> <OutPorts = 1>
ST_5 : Operation 529 [1/1] (0.00ns)   --->   "%specfucore_ln40 = specfucore void @_ssdm_op_SpecFUCore, i23 %xw_279, i64 12, i64 3, i64 2" [kyber-mult-kernel-dataflow.cpp:40->kyber-mult-kernel-dataflow.cpp:85]   --->   Operation 529 'specfucore' 'specfucore_ln40' <Predicate = true> <Delay = 0.00>
ST_5 : Operation 530 [2/3] (0.99ns) (grouped into DSP with root node r_279)   --->   "%qq_279 = mul i24 %zext_ln39_80, i24 3329" [kyber-mult-kernel-dataflow.cpp:41->kyber-mult-kernel-dataflow.cpp:85]   --->   Operation 530 'mul' 'qq_279' <Predicate = true> <Delay = 0.99> <CoreInst = "DSP48">   --->   Core 127 'DSP48' <Latency = 2> <II = 1> <Delay = 1.33> <IPBlock> <Opcode : '' 'add' 'sub' 'mul' 'select'> <InPorts = 0> <OutPorts = 1> <Sync> <CReg>
ST_5 : Operation 531 [2/2] (0.67ns)   --->   "%sB_3_load = load i4 %sB_3_addr" [kyber-mult-kernel-dataflow.cpp:85]   --->   Operation 531 'load' 'sB_3_load' <Predicate = (!icmp_ln83)> <Delay = 0.67> <CoreInst = "RAM">   --->   Core 83 'RAM' <Latency = 1> <II = 1> <Delay = 0.67> <Storage> <Opcode : 'load' 'store'> <Ports = 2> <Width = 12> <Depth = 16> <RAM>
ST_5 : Operation 532 [2/2] (0.67ns)   --->   "%sB_11_load = load i4 %sB_11_addr" [kyber-mult-kernel-dataflow.cpp:85]   --->   Operation 532 'load' 'sB_11_load' <Predicate = (icmp_ln83)> <Delay = 0.67> <CoreInst = "RAM">   --->   Core 83 'RAM' <Latency = 1> <II = 1> <Delay = 0.67> <Storage> <Opcode : 'load' 'store'> <Ports = 2> <Width = 12> <Depth = 16> <RAM>
ST_5 : Operation 533 [1/3] (1.34ns)   --->   "%xw_281 = mul i23 %zext_ln36_349, i23 %w_46_cast_cast_cast_cast_cast_cast" [kyber-mult-kernel-dataflow.cpp:39->kyber-mult-kernel-dataflow.cpp:85]   --->   Operation 533 'mul' 'xw_281' <Predicate = true> <Delay = 1.34> <CoreInst = "Mul_DSP">   --->   Core 5 'Mul_DSP' <Latency = 2> <II = 1> <Delay = 1.79> <FuncUnit> <Opcode : 'mul'> <InPorts = 2> <OutPorts = 1>
ST_5 : Operation 534 [1/1] (0.00ns)   --->   "%specfucore_ln40 = specfucore void @_ssdm_op_SpecFUCore, i23 %xw_281, i64 12, i64 3, i64 2" [kyber-mult-kernel-dataflow.cpp:40->kyber-mult-kernel-dataflow.cpp:85]   --->   Operation 534 'specfucore' 'specfucore_ln40' <Predicate = true> <Delay = 0.00>
ST_5 : Operation 535 [2/3] (0.99ns) (grouped into DSP with root node r_281)   --->   "%qq_281 = mul i24 %zext_ln39_81, i24 3329" [kyber-mult-kernel-dataflow.cpp:41->kyber-mult-kernel-dataflow.cpp:85]   --->   Operation 535 'mul' 'qq_281' <Predicate = true> <Delay = 0.99> <CoreInst = "DSP48">   --->   Core 127 'DSP48' <Latency = 2> <II = 1> <Delay = 1.33> <IPBlock> <Opcode : '' 'add' 'sub' 'mul' 'select'> <InPorts = 0> <OutPorts = 1> <Sync> <CReg>
ST_5 : Operation 536 [2/2] (0.67ns)   --->   "%sB_4_load = load i4 %sB_4_addr" [kyber-mult-kernel-dataflow.cpp:85]   --->   Operation 536 'load' 'sB_4_load' <Predicate = (!icmp_ln83)> <Delay = 0.67> <CoreInst = "RAM">   --->   Core 83 'RAM' <Latency = 1> <II = 1> <Delay = 0.67> <Storage> <Opcode : 'load' 'store'> <Ports = 2> <Width = 12> <Depth = 16> <RAM>
ST_5 : Operation 537 [2/2] (0.67ns)   --->   "%sB_12_load = load i4 %sB_12_addr" [kyber-mult-kernel-dataflow.cpp:85]   --->   Operation 537 'load' 'sB_12_load' <Predicate = (icmp_ln83)> <Delay = 0.67> <CoreInst = "RAM">   --->   Core 83 'RAM' <Latency = 1> <II = 1> <Delay = 0.67> <Storage> <Opcode : 'load' 'store'> <Ports = 2> <Width = 12> <Depth = 16> <RAM>
ST_5 : Operation 538 [1/3] (1.34ns)   --->   "%xw_283 = mul i23 %zext_ln36_351, i23 %w_47_cast_cast_cast_cast_cast_cast" [kyber-mult-kernel-dataflow.cpp:39->kyber-mult-kernel-dataflow.cpp:85]   --->   Operation 538 'mul' 'xw_283' <Predicate = true> <Delay = 1.34> <CoreInst = "Mul_DSP">   --->   Core 5 'Mul_DSP' <Latency = 2> <II = 1> <Delay = 1.79> <FuncUnit> <Opcode : 'mul'> <InPorts = 2> <OutPorts = 1>
ST_5 : Operation 539 [1/1] (0.00ns)   --->   "%specfucore_ln40 = specfucore void @_ssdm_op_SpecFUCore, i23 %xw_283, i64 12, i64 3, i64 2" [kyber-mult-kernel-dataflow.cpp:40->kyber-mult-kernel-dataflow.cpp:85]   --->   Operation 539 'specfucore' 'specfucore_ln40' <Predicate = true> <Delay = 0.00>
ST_5 : Operation 540 [2/3] (0.99ns) (grouped into DSP with root node r_283)   --->   "%qq_283 = mul i24 %zext_ln39_82, i24 3329" [kyber-mult-kernel-dataflow.cpp:41->kyber-mult-kernel-dataflow.cpp:85]   --->   Operation 540 'mul' 'qq_283' <Predicate = true> <Delay = 0.99> <CoreInst = "DSP48">   --->   Core 127 'DSP48' <Latency = 2> <II = 1> <Delay = 1.33> <IPBlock> <Opcode : '' 'add' 'sub' 'mul' 'select'> <InPorts = 0> <OutPorts = 1> <Sync> <CReg>
ST_5 : Operation 541 [2/2] (0.67ns)   --->   "%sB_5_load = load i4 %sB_5_addr" [kyber-mult-kernel-dataflow.cpp:85]   --->   Operation 541 'load' 'sB_5_load' <Predicate = (!icmp_ln83)> <Delay = 0.67> <CoreInst = "RAM">   --->   Core 83 'RAM' <Latency = 1> <II = 1> <Delay = 0.67> <Storage> <Opcode : 'load' 'store'> <Ports = 2> <Width = 12> <Depth = 16> <RAM>
ST_5 : Operation 542 [2/2] (0.67ns)   --->   "%sB_13_load = load i4 %sB_13_addr" [kyber-mult-kernel-dataflow.cpp:85]   --->   Operation 542 'load' 'sB_13_load' <Predicate = (icmp_ln83)> <Delay = 0.67> <CoreInst = "RAM">   --->   Core 83 'RAM' <Latency = 1> <II = 1> <Delay = 0.67> <Storage> <Opcode : 'load' 'store'> <Ports = 2> <Width = 12> <Depth = 16> <RAM>
ST_5 : Operation 543 [1/3] (1.34ns)   --->   "%xw_285 = mul i23 %zext_ln36_353, i23 %w_48_cast_cast_cast_cast_cast_cast" [kyber-mult-kernel-dataflow.cpp:39->kyber-mult-kernel-dataflow.cpp:85]   --->   Operation 543 'mul' 'xw_285' <Predicate = true> <Delay = 1.34> <CoreInst = "Mul_DSP">   --->   Core 5 'Mul_DSP' <Latency = 2> <II = 1> <Delay = 1.79> <FuncUnit> <Opcode : 'mul'> <InPorts = 2> <OutPorts = 1>
ST_5 : Operation 544 [1/1] (0.00ns)   --->   "%specfucore_ln40 = specfucore void @_ssdm_op_SpecFUCore, i23 %xw_285, i64 12, i64 3, i64 2" [kyber-mult-kernel-dataflow.cpp:40->kyber-mult-kernel-dataflow.cpp:85]   --->   Operation 544 'specfucore' 'specfucore_ln40' <Predicate = true> <Delay = 0.00>
ST_5 : Operation 545 [2/3] (0.99ns) (grouped into DSP with root node r_285)   --->   "%qq_285 = mul i24 %zext_ln39_83, i24 3329" [kyber-mult-kernel-dataflow.cpp:41->kyber-mult-kernel-dataflow.cpp:85]   --->   Operation 545 'mul' 'qq_285' <Predicate = true> <Delay = 0.99> <CoreInst = "DSP48">   --->   Core 127 'DSP48' <Latency = 2> <II = 1> <Delay = 1.33> <IPBlock> <Opcode : '' 'add' 'sub' 'mul' 'select'> <InPorts = 0> <OutPorts = 1> <Sync> <CReg>
ST_5 : Operation 546 [2/2] (0.67ns)   --->   "%sB_6_load = load i4 %sB_6_addr" [kyber-mult-kernel-dataflow.cpp:85]   --->   Operation 546 'load' 'sB_6_load' <Predicate = (!icmp_ln83)> <Delay = 0.67> <CoreInst = "RAM">   --->   Core 83 'RAM' <Latency = 1> <II = 1> <Delay = 0.67> <Storage> <Opcode : 'load' 'store'> <Ports = 2> <Width = 12> <Depth = 16> <RAM>
ST_5 : Operation 547 [2/2] (0.67ns)   --->   "%sB_14_load = load i4 %sB_14_addr" [kyber-mult-kernel-dataflow.cpp:85]   --->   Operation 547 'load' 'sB_14_load' <Predicate = (icmp_ln83)> <Delay = 0.67> <CoreInst = "RAM">   --->   Core 83 'RAM' <Latency = 1> <II = 1> <Delay = 0.67> <Storage> <Opcode : 'load' 'store'> <Ports = 2> <Width = 12> <Depth = 16> <RAM>
ST_5 : Operation 548 [1/3] (1.34ns)   --->   "%xw_287 = mul i23 %zext_ln36_355, i23 %w_49_cast_cast_cast_cast_cast_cast" [kyber-mult-kernel-dataflow.cpp:39->kyber-mult-kernel-dataflow.cpp:85]   --->   Operation 548 'mul' 'xw_287' <Predicate = true> <Delay = 1.34> <CoreInst = "Mul_DSP">   --->   Core 5 'Mul_DSP' <Latency = 2> <II = 1> <Delay = 1.79> <FuncUnit> <Opcode : 'mul'> <InPorts = 2> <OutPorts = 1>
ST_5 : Operation 549 [1/1] (0.00ns)   --->   "%specfucore_ln40 = specfucore void @_ssdm_op_SpecFUCore, i23 %xw_287, i64 12, i64 3, i64 2" [kyber-mult-kernel-dataflow.cpp:40->kyber-mult-kernel-dataflow.cpp:85]   --->   Operation 549 'specfucore' 'specfucore_ln40' <Predicate = true> <Delay = 0.00>
ST_5 : Operation 550 [2/3] (0.99ns) (grouped into DSP with root node r_287)   --->   "%qq_287 = mul i24 %zext_ln39_84, i24 3329" [kyber-mult-kernel-dataflow.cpp:41->kyber-mult-kernel-dataflow.cpp:85]   --->   Operation 550 'mul' 'qq_287' <Predicate = true> <Delay = 0.99> <CoreInst = "DSP48">   --->   Core 127 'DSP48' <Latency = 2> <II = 1> <Delay = 1.33> <IPBlock> <Opcode : '' 'add' 'sub' 'mul' 'select'> <InPorts = 0> <OutPorts = 1> <Sync> <CReg>
ST_5 : Operation 551 [2/2] (0.67ns)   --->   "%sB_7_load = load i4 %sB_7_addr" [kyber-mult-kernel-dataflow.cpp:85]   --->   Operation 551 'load' 'sB_7_load' <Predicate = (!icmp_ln83)> <Delay = 0.67> <CoreInst = "RAM">   --->   Core 83 'RAM' <Latency = 1> <II = 1> <Delay = 0.67> <Storage> <Opcode : 'load' 'store'> <Ports = 2> <Width = 12> <Depth = 16> <RAM>
ST_5 : Operation 552 [2/2] (0.67ns)   --->   "%sB_15_load = load i4 %sB_15_addr" [kyber-mult-kernel-dataflow.cpp:85]   --->   Operation 552 'load' 'sB_15_load' <Predicate = (icmp_ln83)> <Delay = 0.67> <CoreInst = "RAM">   --->   Core 83 'RAM' <Latency = 1> <II = 1> <Delay = 0.67> <Storage> <Opcode : 'load' 'store'> <Ports = 2> <Width = 12> <Depth = 16> <RAM>
ST_5 : Operation 553 [1/3] (1.34ns)   --->   "%xw_274 = mul i23 %zext_ln36_357, i23 %w_50_cast_cast_cast_cast_cast_cast" [kyber-mult-kernel-dataflow.cpp:39->kyber-mult-kernel-dataflow.cpp:85]   --->   Operation 553 'mul' 'xw_274' <Predicate = true> <Delay = 1.34> <CoreInst = "Mul_DSP">   --->   Core 5 'Mul_DSP' <Latency = 2> <II = 1> <Delay = 1.79> <FuncUnit> <Opcode : 'mul'> <InPorts = 2> <OutPorts = 1>
ST_5 : Operation 554 [1/1] (0.00ns)   --->   "%specfucore_ln40 = specfucore void @_ssdm_op_SpecFUCore, i23 %xw_274, i64 12, i64 3, i64 2" [kyber-mult-kernel-dataflow.cpp:40->kyber-mult-kernel-dataflow.cpp:85]   --->   Operation 554 'specfucore' 'specfucore_ln40' <Predicate = true> <Delay = 0.00>
ST_5 : Operation 555 [2/3] (0.99ns) (grouped into DSP with root node r_274)   --->   "%qq_274 = mul i24 %zext_ln39_85, i24 3329" [kyber-mult-kernel-dataflow.cpp:41->kyber-mult-kernel-dataflow.cpp:85]   --->   Operation 555 'mul' 'qq_274' <Predicate = true> <Delay = 0.99> <CoreInst = "DSP48">   --->   Core 127 'DSP48' <Latency = 2> <II = 1> <Delay = 1.33> <IPBlock> <Opcode : '' 'add' 'sub' 'mul' 'select'> <InPorts = 0> <OutPorts = 1> <Sync> <CReg>

State 6 <SV = 5> <Delay = 6.21>
ST_6 : Operation 556 [1/1] (0.00ns)   --->   "%specpipeline_ln74 = specpipeline void @_ssdm_op_SpecPipeline, i32 1, i32 0, i32 0, i32 0, void @empty_246" [kyber-mult-kernel-dataflow.cpp:74]   --->   Operation 556 'specpipeline' 'specpipeline_ln74' <Predicate = true> <Delay = 0.00>
ST_6 : Operation 557 [1/1] (0.00ns)   --->   "%speclooptripcount_ln73 = speclooptripcount void @_ssdm_op_SpecLoopTripCount, i64 16, i64 16, i64 16" [kyber-mult-kernel-dataflow.cpp:73]   --->   Operation 557 'speclooptripcount' 'speclooptripcount_ln73' <Predicate = true> <Delay = 0.00>
ST_6 : Operation 558 [1/1] (0.00ns)   --->   "%specloopname_ln73 = specloopname void @_ssdm_op_SpecLoopName, void @empty_176" [kyber-mult-kernel-dataflow.cpp:73]   --->   Operation 558 'specloopname' 'specloopname_ln73' <Predicate = true> <Delay = 0.00>
ST_6 : Operation 559 [1/2] (0.67ns)   --->   "%sA_0_load = load i4 %sA_0_addr" [kyber-mult-kernel-dataflow.cpp:83]   --->   Operation 559 'load' 'sA_0_load' <Predicate = (!icmp_ln83)> <Delay = 0.67> <CoreInst = "RAM">   --->   Core 83 'RAM' <Latency = 1> <II = 1> <Delay = 0.67> <Storage> <Opcode : 'load' 'store'> <Ports = 2> <Width = 12> <Depth = 16> <RAM>
ST_6 : Operation 560 [1/2] (0.67ns)   --->   "%sA_8_load = load i4 %sA_8_addr" [kyber-mult-kernel-dataflow.cpp:83]   --->   Operation 560 'load' 'sA_8_load' <Predicate = (icmp_ln83)> <Delay = 0.67> <CoreInst = "RAM">   --->   Core 83 'RAM' <Latency = 1> <II = 1> <Delay = 0.67> <Storage> <Opcode : 'load' 'store'> <Ports = 2> <Width = 12> <Depth = 16> <RAM>
ST_6 : Operation 561 [1/1] (0.37ns)   --->   "%uA = select i1 %icmp_ln83, i12 %sA_8_load, i12 %sA_0_load" [kyber-mult-kernel-dataflow.cpp:83]   --->   Operation 561 'select' 'uA' <Predicate = true> <Delay = 0.37> <CoreInst = "Sel">   --->   Core 73 'Sel' <Latency = 0> <II = 1> <Delay = 0.37> <FuncUnit> <Opcode : 'select'> <InPorts = 3> <OutPorts = 1>
ST_6 : Operation 562 [1/1] (0.00ns)   --->   "%zext_ln83 = zext i12 %uA" [kyber-mult-kernel-dataflow.cpp:83]   --->   Operation 562 'zext' 'zext_ln83' <Predicate = true> <Delay = 0.00>
ST_6 : Operation 563 [1/1] (0.00ns)   --->   "%rbegin22 = specregionbegin i32 @_ssdm_op_SpecRegionBegin, void @empty_137" [kyber-mult-kernel-dataflow.cpp:36->kyber-mult-kernel-dataflow.cpp:83]   --->   Operation 563 'specregionbegin' 'rbegin22' <Predicate = true> <Delay = 0.00>
ST_6 : Operation 564 [1/1] (0.00ns)   --->   "%rend84 = specregionend i32 @_ssdm_op_SpecRegionEnd, void @empty_137, i32 %rbegin22" [kyber-mult-kernel-dataflow.cpp:36->kyber-mult-kernel-dataflow.cpp:83]   --->   Operation 564 'specregionend' 'rend84' <Predicate = true> <Delay = 0.00>
ST_6 : Operation 565 [1/1] (0.00ns)   --->   "%rbegin24 = specregionbegin i32 @_ssdm_op_SpecRegionBegin, void @empty_68" [kyber-mult-kernel-dataflow.cpp:39->kyber-mult-kernel-dataflow.cpp:83]   --->   Operation 565 'specregionbegin' 'rbegin24' <Predicate = true> <Delay = 0.00>
ST_6 : Operation 566 [1/1] (0.00ns)   --->   "%zext_ln40 = zext i23 %xw" [kyber-mult-kernel-dataflow.cpp:40->kyber-mult-kernel-dataflow.cpp:83]   --->   Operation 566 'zext' 'zext_ln40' <Predicate = true> <Delay = 0.00>
ST_6 : Operation 567 [1/1] (0.00ns)   --->   "%rend82 = specregionend i32 @_ssdm_op_SpecRegionEnd, void @empty_68, i32 %rbegin24" [kyber-mult-kernel-dataflow.cpp:39->kyber-mult-kernel-dataflow.cpp:83]   --->   Operation 567 'specregionend' 'rend82' <Predicate = true> <Delay = 0.00>
ST_6 : Operation 568 [1/1] (0.00ns)   --->   "%rbegin25 = specregionbegin i32 @_ssdm_op_SpecRegionBegin, void @empty_135" [kyber-mult-kernel-dataflow.cpp:41->kyber-mult-kernel-dataflow.cpp:83]   --->   Operation 568 'specregionbegin' 'rbegin25' <Predicate = true> <Delay = 0.00>
ST_6 : Operation 569 [1/3] (0.00ns) (grouped into DSP with root node r)   --->   "%qq = mul i24 %zext_ln38, i24 3329" [kyber-mult-kernel-dataflow.cpp:41->kyber-mult-kernel-dataflow.cpp:83]   --->   Operation 569 'mul' 'qq' <Predicate = true> <Delay = 0.00> <CoreInst = "DSP48">   --->   Core 127 'DSP48' <Latency = 2> <II = 1> <Delay = 1.33> <IPBlock> <Opcode : '' 'add' 'sub' 'mul' 'select'> <InPorts = 0> <OutPorts = 1> <Sync> <CReg>
ST_6 : Operation 570 [1/1] (0.00ns)   --->   "%specfucore_ln42 = specfucore void @_ssdm_op_SpecFUCore, i24 %qq, i64 12, i64 3, i64 2" [kyber-mult-kernel-dataflow.cpp:42->kyber-mult-kernel-dataflow.cpp:83]   --->   Operation 570 'specfucore' 'specfucore_ln42' <Predicate = true> <Delay = 0.00>
ST_6 : Operation 571 [1/1] (0.00ns)   --->   "%rend80 = specregionend i32 @_ssdm_op_SpecRegionEnd, void @empty_135, i32 %rbegin25" [kyber-mult-kernel-dataflow.cpp:41->kyber-mult-kernel-dataflow.cpp:83]   --->   Operation 571 'specregionend' 'rend80' <Predicate = true> <Delay = 0.00>
ST_6 : Operation 572 [1/1] (2.03ns) (root node of the DSP)   --->   "%r = sub i24 %zext_ln40, i24 %qq" [kyber-mult-kernel-dataflow.cpp:43->kyber-mult-kernel-dataflow.cpp:83]   --->   Operation 572 'sub' 'r' <Predicate = true> <Delay = 2.03> <CoreInst = "DSP48">   --->   Core 127 'DSP48' <Latency = 2> <II = 1> <Delay = 1.33> <IPBlock> <Opcode : '' 'add' 'sub' 'mul' 'select'> <InPorts = 0> <OutPorts = 1> <Sync> <CReg>
ST_6 : Operation 573 [1/1] (0.93ns)   --->   "%icmp_ln44 = icmp_ugt  i24 %r, i24 3328" [kyber-mult-kernel-dataflow.cpp:44->kyber-mult-kernel-dataflow.cpp:83]   --->   Operation 573 'icmp' 'icmp_ln44' <Predicate = true> <Delay = 0.93> <CoreInst = "Cmp">   --->   Core 9 'Cmp' <Latency = 0> <II = 1> <Delay = 0.93> <FuncUnit> <Opcode : 'icmp'> <InPorts = 2> <OutPorts = 1>
ST_6 : Operation 574 [1/1] (0.93ns)   --->   "%add_ln44 = add i24 %r, i24 16773887" [kyber-mult-kernel-dataflow.cpp:44->kyber-mult-kernel-dataflow.cpp:83]   --->   Operation 574 'add' 'add_ln44' <Predicate = true> <Delay = 0.93> <CoreInst = "Adder">   --->   Core 1 'Adder' <Latency = 0> <II = 1> <Delay = 0.93> <FuncUnit> <Opcode : 'add' 'sub'> <InPorts = 2> <OutPorts = 1>
ST_6 : Operation 575 [1/1] (0.32ns)   --->   "%tA = select i1 %icmp_ln44, i24 %add_ln44, i24 %r" [kyber-mult-kernel-dataflow.cpp:44->kyber-mult-kernel-dataflow.cpp:83]   --->   Operation 575 'select' 'tA' <Predicate = true> <Delay = 0.32> <CoreInst = "Sel">   --->   Core 73 'Sel' <Latency = 0> <II = 1> <Delay = 0.32> <FuncUnit> <Opcode : 'select'> <InPorts = 3> <OutPorts = 1>
ST_6 : Operation 576 [1/1] (0.00ns) (grouped into LUT with out node sub_ln84)   --->   "%trunc_ln83 = trunc i24 %tA" [kyber-mult-kernel-dataflow.cpp:83]   --->   Operation 576 'trunc' 'trunc_ln83' <Predicate = true> <Delay = 0.00>
ST_6 : Operation 577 [1/1] (0.93ns)   --->   "%s = add i24 %tA, i24 %zext_ln83" [kyber-mult-kernel-dataflow.cpp:48->kyber-mult-kernel-dataflow.cpp:84]   --->   Operation 577 'add' 's' <Predicate = true> <Delay = 0.93> <CoreInst = "Adder">   --->   Core 1 'Adder' <Latency = 0> <II = 1> <Delay = 0.93> <FuncUnit> <Opcode : 'add' 'sub'> <InPorts = 2> <OutPorts = 1>
ST_6 : Operation 578 [1/1] (0.93ns)   --->   "%icmp_ln48 = icmp_ugt  i24 %s, i24 3328" [kyber-mult-kernel-dataflow.cpp:48->kyber-mult-kernel-dataflow.cpp:84]   --->   Operation 578 'icmp' 'icmp_ln48' <Predicate = true> <Delay = 0.93> <CoreInst = "Cmp">   --->   Core 9 'Cmp' <Latency = 0> <II = 1> <Delay = 0.93> <FuncUnit> <Opcode : 'icmp'> <InPorts = 2> <OutPorts = 1>
ST_6 : Operation 579 [1/1] (0.00ns)   --->   "%trunc_ln48 = trunc i24 %s" [kyber-mult-kernel-dataflow.cpp:48->kyber-mult-kernel-dataflow.cpp:84]   --->   Operation 579 'trunc' 'trunc_ln48' <Predicate = true> <Delay = 0.00>
ST_6 : Operation 580 [1/1] (0.80ns)   --->   "%add_ln48 = add i12 %trunc_ln48, i12 767" [kyber-mult-kernel-dataflow.cpp:48->kyber-mult-kernel-dataflow.cpp:84]   --->   Operation 580 'add' 'add_ln48' <Predicate = true> <Delay = 0.80> <CoreInst = "Adder">   --->   Core 1 'Adder' <Latency = 0> <II = 1> <Delay = 0.80> <FuncUnit> <Opcode : 'add' 'sub'> <InPorts = 2> <OutPorts = 1>
ST_6 : Operation 581 [1/1] (0.37ns)   --->   "%select_ln48 = select i1 %icmp_ln48, i12 %add_ln48, i12 %trunc_ln48" [kyber-mult-kernel-dataflow.cpp:48->kyber-mult-kernel-dataflow.cpp:84]   --->   Operation 581 'select' 'select_ln48' <Predicate = true> <Delay = 0.37> <CoreInst = "Sel">   --->   Core 73 'Sel' <Latency = 0> <II = 1> <Delay = 0.37> <FuncUnit> <Opcode : 'select'> <InPorts = 3> <OutPorts = 1>
ST_6 : Operation 582 [1/1] (0.00ns)   --->   "%dA_0_addr = getelementptr i12 %dA_0, i64 0, i64 %zext_ln73_2" [kyber-mult-kernel-dataflow.cpp:84]   --->   Operation 582 'getelementptr' 'dA_0_addr' <Predicate = true> <Delay = 0.00>
ST_6 : Operation 583 [1/1] (0.00ns)   --->   "%dA_8_addr = getelementptr i12 %dA_8, i64 0, i64 %zext_ln73_2" [kyber-mult-kernel-dataflow.cpp:84]   --->   Operation 583 'getelementptr' 'dA_8_addr' <Predicate = true> <Delay = 0.00>
ST_6 : Operation 584 [1/1] (0.93ns)   --->   "%icmp_ln52 = icmp_ult  i24 %zext_ln83, i24 %tA" [kyber-mult-kernel-dataflow.cpp:52->kyber-mult-kernel-dataflow.cpp:84]   --->   Operation 584 'icmp' 'icmp_ln52' <Predicate = true> <Delay = 0.93> <CoreInst = "Cmp">   --->   Core 9 'Cmp' <Latency = 0> <II = 1> <Delay = 0.93> <FuncUnit> <Opcode : 'icmp'> <InPorts = 2> <OutPorts = 1>
ST_6 : Operation 585 [1/1] (0.00ns) (grouped into LUT with out node sub_ln84)   --->   "%xor_ln52 = xor i1 %icmp_ln52, i1 1" [kyber-mult-kernel-dataflow.cpp:52->kyber-mult-kernel-dataflow.cpp:84]   --->   Operation 585 'xor' 'xor_ln52' <Predicate = true> <Delay = 0.00> <CoreInst = "LogicGate">   --->   Core 74 'LogicGate' <Latency = 0> <II = 1> <Delay = 0.28> <FuncUnit> <Opcode : 'and' 'or' 'xor'> <InPorts = 2> <OutPorts = 1>
ST_6 : Operation 586 [1/1] (0.80ns)   --->   "%add_ln52 = add i12 %uA, i12 3329" [kyber-mult-kernel-dataflow.cpp:52->kyber-mult-kernel-dataflow.cpp:84]   --->   Operation 586 'add' 'add_ln52' <Predicate = true> <Delay = 0.80> <CoreInst = "Adder">   --->   Core 1 'Adder' <Latency = 0> <II = 1> <Delay = 0.80> <FuncUnit> <Opcode : 'add' 'sub'> <InPorts = 2> <OutPorts = 1>
ST_6 : Operation 587 [1/1] (0.00ns) (grouped into LUT with out node sub_ln84)   --->   "%select_ln52 = select i1 %xor_ln52, i12 %uA, i12 %add_ln52" [kyber-mult-kernel-dataflow.cpp:52->kyber-mult-kernel-dataflow.cpp:84]   --->   Operation 587 'select' 'select_ln52' <Predicate = true> <Delay = 0.00> <CoreInst = "Sel">   --->   Core 73 'Sel' <Latency = 0> <II = 1> <Delay = 0.37> <FuncUnit> <Opcode : 'select'> <InPorts = 3> <OutPorts = 1>
ST_6 : Operation 588 [1/1] (0.80ns) (out node of the LUT)   --->   "%sub_ln84 = sub i12 %select_ln52, i12 %trunc_ln83" [kyber-mult-kernel-dataflow.cpp:84]   --->   Operation 588 'sub' 'sub_ln84' <Predicate = true> <Delay = 0.80> <CoreInst = "Adder">   --->   Core 1 'Adder' <Latency = 0> <II = 1> <Delay = 0.80> <FuncUnit> <Opcode : 'add' 'sub'> <InPorts = 2> <OutPorts = 1>
ST_6 : Operation 589 [1/1] (0.00ns)   --->   "%dB_0_addr = getelementptr i12 %dB_0, i64 0, i64 %zext_ln73_2" [kyber-mult-kernel-dataflow.cpp:86]   --->   Operation 589 'getelementptr' 'dB_0_addr' <Predicate = true> <Delay = 0.00>
ST_6 : Operation 590 [1/1] (0.00ns)   --->   "%dB_8_addr = getelementptr i12 %dB_8, i64 0, i64 %zext_ln73_2" [kyber-mult-kernel-dataflow.cpp:86]   --->   Operation 590 'getelementptr' 'dB_8_addr' <Predicate = true> <Delay = 0.00>
ST_6 : Operation 591 [1/1] (0.00ns)   --->   "%dA_1_addr = getelementptr i12 %dA_1, i64 0, i64 %zext_ln73_2" [kyber-mult-kernel-dataflow.cpp:84]   --->   Operation 591 'getelementptr' 'dA_1_addr' <Predicate = true> <Delay = 0.00>
ST_6 : Operation 592 [1/1] (0.00ns)   --->   "%dA_9_addr = getelementptr i12 %dA_9, i64 0, i64 %zext_ln73_2" [kyber-mult-kernel-dataflow.cpp:84]   --->   Operation 592 'getelementptr' 'dA_9_addr' <Predicate = true> <Delay = 0.00>
ST_6 : Operation 593 [1/1] (0.00ns)   --->   "%dB_1_addr = getelementptr i12 %dB_1, i64 0, i64 %zext_ln73_2" [kyber-mult-kernel-dataflow.cpp:86]   --->   Operation 593 'getelementptr' 'dB_1_addr' <Predicate = true> <Delay = 0.00>
ST_6 : Operation 594 [1/1] (0.00ns)   --->   "%dB_9_addr = getelementptr i12 %dB_9, i64 0, i64 %zext_ln73_2" [kyber-mult-kernel-dataflow.cpp:86]   --->   Operation 594 'getelementptr' 'dB_9_addr' <Predicate = true> <Delay = 0.00>
ST_6 : Operation 595 [1/1] (0.00ns)   --->   "%dA_2_addr = getelementptr i12 %dA_2, i64 0, i64 %zext_ln73_2" [kyber-mult-kernel-dataflow.cpp:84]   --->   Operation 595 'getelementptr' 'dA_2_addr' <Predicate = true> <Delay = 0.00>
ST_6 : Operation 596 [1/1] (0.00ns)   --->   "%dA_10_addr = getelementptr i12 %dA_10, i64 0, i64 %zext_ln73_2" [kyber-mult-kernel-dataflow.cpp:84]   --->   Operation 596 'getelementptr' 'dA_10_addr' <Predicate = true> <Delay = 0.00>
ST_6 : Operation 597 [1/1] (0.00ns)   --->   "%dB_2_addr = getelementptr i12 %dB_2, i64 0, i64 %zext_ln73_2" [kyber-mult-kernel-dataflow.cpp:86]   --->   Operation 597 'getelementptr' 'dB_2_addr' <Predicate = true> <Delay = 0.00>
ST_6 : Operation 598 [1/1] (0.00ns)   --->   "%dB_10_addr = getelementptr i12 %dB_10, i64 0, i64 %zext_ln73_2" [kyber-mult-kernel-dataflow.cpp:86]   --->   Operation 598 'getelementptr' 'dB_10_addr' <Predicate = true> <Delay = 0.00>
ST_6 : Operation 599 [1/1] (0.00ns)   --->   "%dA_3_addr = getelementptr i12 %dA_3, i64 0, i64 %zext_ln73_2" [kyber-mult-kernel-dataflow.cpp:84]   --->   Operation 599 'getelementptr' 'dA_3_addr' <Predicate = true> <Delay = 0.00>
ST_6 : Operation 600 [1/1] (0.00ns)   --->   "%dA_11_addr = getelementptr i12 %dA_11, i64 0, i64 %zext_ln73_2" [kyber-mult-kernel-dataflow.cpp:84]   --->   Operation 600 'getelementptr' 'dA_11_addr' <Predicate = true> <Delay = 0.00>
ST_6 : Operation 601 [1/1] (0.00ns)   --->   "%dB_3_addr = getelementptr i12 %dB_3, i64 0, i64 %zext_ln73_2" [kyber-mult-kernel-dataflow.cpp:86]   --->   Operation 601 'getelementptr' 'dB_3_addr' <Predicate = true> <Delay = 0.00>
ST_6 : Operation 602 [1/1] (0.00ns)   --->   "%dB_11_addr = getelementptr i12 %dB_11, i64 0, i64 %zext_ln73_2" [kyber-mult-kernel-dataflow.cpp:86]   --->   Operation 602 'getelementptr' 'dB_11_addr' <Predicate = true> <Delay = 0.00>
ST_6 : Operation 603 [1/1] (0.00ns)   --->   "%dA_4_addr = getelementptr i12 %dA_4, i64 0, i64 %zext_ln73_2" [kyber-mult-kernel-dataflow.cpp:84]   --->   Operation 603 'getelementptr' 'dA_4_addr' <Predicate = true> <Delay = 0.00>
ST_6 : Operation 604 [1/1] (0.00ns)   --->   "%dA_12_addr = getelementptr i12 %dA_12, i64 0, i64 %zext_ln73_2" [kyber-mult-kernel-dataflow.cpp:84]   --->   Operation 604 'getelementptr' 'dA_12_addr' <Predicate = true> <Delay = 0.00>
ST_6 : Operation 605 [1/1] (0.00ns)   --->   "%dB_4_addr = getelementptr i12 %dB_4, i64 0, i64 %zext_ln73_2" [kyber-mult-kernel-dataflow.cpp:86]   --->   Operation 605 'getelementptr' 'dB_4_addr' <Predicate = true> <Delay = 0.00>
ST_6 : Operation 606 [1/1] (0.00ns)   --->   "%dB_12_addr = getelementptr i12 %dB_12, i64 0, i64 %zext_ln73_2" [kyber-mult-kernel-dataflow.cpp:86]   --->   Operation 606 'getelementptr' 'dB_12_addr' <Predicate = true> <Delay = 0.00>
ST_6 : Operation 607 [1/1] (0.00ns)   --->   "%dA_5_addr = getelementptr i12 %dA_5, i64 0, i64 %zext_ln73_2" [kyber-mult-kernel-dataflow.cpp:84]   --->   Operation 607 'getelementptr' 'dA_5_addr' <Predicate = true> <Delay = 0.00>
ST_6 : Operation 608 [1/1] (0.00ns)   --->   "%dA_13_addr = getelementptr i12 %dA_13, i64 0, i64 %zext_ln73_2" [kyber-mult-kernel-dataflow.cpp:84]   --->   Operation 608 'getelementptr' 'dA_13_addr' <Predicate = true> <Delay = 0.00>
ST_6 : Operation 609 [1/1] (0.00ns)   --->   "%dB_5_addr = getelementptr i12 %dB_5, i64 0, i64 %zext_ln73_2" [kyber-mult-kernel-dataflow.cpp:86]   --->   Operation 609 'getelementptr' 'dB_5_addr' <Predicate = true> <Delay = 0.00>
ST_6 : Operation 610 [1/1] (0.00ns)   --->   "%dB_13_addr = getelementptr i12 %dB_13, i64 0, i64 %zext_ln73_2" [kyber-mult-kernel-dataflow.cpp:86]   --->   Operation 610 'getelementptr' 'dB_13_addr' <Predicate = true> <Delay = 0.00>
ST_6 : Operation 611 [1/1] (0.00ns)   --->   "%dA_6_addr = getelementptr i12 %dA_6, i64 0, i64 %zext_ln73_2" [kyber-mult-kernel-dataflow.cpp:84]   --->   Operation 611 'getelementptr' 'dA_6_addr' <Predicate = true> <Delay = 0.00>
ST_6 : Operation 612 [1/1] (0.00ns)   --->   "%dA_14_addr = getelementptr i12 %dA_14, i64 0, i64 %zext_ln73_2" [kyber-mult-kernel-dataflow.cpp:84]   --->   Operation 612 'getelementptr' 'dA_14_addr' <Predicate = true> <Delay = 0.00>
ST_6 : Operation 613 [1/1] (0.00ns)   --->   "%dB_6_addr = getelementptr i12 %dB_6, i64 0, i64 %zext_ln73_2" [kyber-mult-kernel-dataflow.cpp:86]   --->   Operation 613 'getelementptr' 'dB_6_addr' <Predicate = true> <Delay = 0.00>
ST_6 : Operation 614 [1/1] (0.00ns)   --->   "%dB_14_addr = getelementptr i12 %dB_14, i64 0, i64 %zext_ln73_2" [kyber-mult-kernel-dataflow.cpp:86]   --->   Operation 614 'getelementptr' 'dB_14_addr' <Predicate = true> <Delay = 0.00>
ST_6 : Operation 615 [1/2] (0.67ns)   --->   "%sA_1_load = load i4 %sA_1_addr" [kyber-mult-kernel-dataflow.cpp:83]   --->   Operation 615 'load' 'sA_1_load' <Predicate = (!icmp_ln83)> <Delay = 0.67> <CoreInst = "RAM">   --->   Core 83 'RAM' <Latency = 1> <II = 1> <Delay = 0.67> <Storage> <Opcode : 'load' 'store'> <Ports = 2> <Width = 12> <Depth = 16> <RAM>
ST_6 : Operation 616 [1/2] (0.67ns)   --->   "%sA_9_load = load i4 %sA_9_addr" [kyber-mult-kernel-dataflow.cpp:83]   --->   Operation 616 'load' 'sA_9_load' <Predicate = (icmp_ln83)> <Delay = 0.67> <CoreInst = "RAM">   --->   Core 83 'RAM' <Latency = 1> <II = 1> <Delay = 0.67> <Storage> <Opcode : 'load' 'store'> <Ports = 2> <Width = 12> <Depth = 16> <RAM>
ST_6 : Operation 617 [1/1] (0.37ns)   --->   "%uA_57 = select i1 %icmp_ln83, i12 %sA_9_load, i12 %sA_1_load" [kyber-mult-kernel-dataflow.cpp:83]   --->   Operation 617 'select' 'uA_57' <Predicate = true> <Delay = 0.37> <CoreInst = "Sel">   --->   Core 73 'Sel' <Latency = 0> <II = 1> <Delay = 0.37> <FuncUnit> <Opcode : 'select'> <InPorts = 3> <OutPorts = 1>
ST_6 : Operation 618 [1/1] (0.00ns)   --->   "%zext_ln52 = zext i12 %uA_57" [kyber-mult-kernel-dataflow.cpp:52->kyber-mult-kernel-dataflow.cpp:84]   --->   Operation 618 'zext' 'zext_ln52' <Predicate = true> <Delay = 0.00>
ST_6 : Operation 619 [1/1] (0.80ns)   --->   "%add_ln52_140 = add i12 %uA_57, i12 3329" [kyber-mult-kernel-dataflow.cpp:52->kyber-mult-kernel-dataflow.cpp:84]   --->   Operation 619 'add' 'add_ln52_140' <Predicate = true> <Delay = 0.80> <CoreInst = "Adder">   --->   Core 1 'Adder' <Latency = 0> <II = 1> <Delay = 0.80> <FuncUnit> <Opcode : 'add' 'sub'> <InPorts = 2> <OutPorts = 1>
ST_6 : Operation 620 [1/1] (0.00ns)   --->   "%zext_ln40_91 = zext i23 %xw_276" [kyber-mult-kernel-dataflow.cpp:40->kyber-mult-kernel-dataflow.cpp:83]   --->   Operation 620 'zext' 'zext_ln40_91' <Predicate = true> <Delay = 0.00>
ST_6 : Operation 621 [1/3] (0.00ns) (grouped into DSP with root node r_276)   --->   "%qq_276 = mul i24 %zext_ln39, i24 3329" [kyber-mult-kernel-dataflow.cpp:41->kyber-mult-kernel-dataflow.cpp:83]   --->   Operation 621 'mul' 'qq_276' <Predicate = true> <Delay = 0.00> <CoreInst = "DSP48">   --->   Core 127 'DSP48' <Latency = 2> <II = 1> <Delay = 1.33> <IPBlock> <Opcode : '' 'add' 'sub' 'mul' 'select'> <InPorts = 0> <OutPorts = 1> <Sync> <CReg>
ST_6 : Operation 622 [1/1] (0.00ns)   --->   "%specfucore_ln42 = specfucore void @_ssdm_op_SpecFUCore, i24 %qq_276, i64 12, i64 3, i64 2" [kyber-mult-kernel-dataflow.cpp:42->kyber-mult-kernel-dataflow.cpp:83]   --->   Operation 622 'specfucore' 'specfucore_ln42' <Predicate = true> <Delay = 0.00>
ST_6 : Operation 623 [1/1] (2.03ns) (root node of the DSP)   --->   "%r_276 = sub i24 %zext_ln40_91, i24 %qq_276" [kyber-mult-kernel-dataflow.cpp:43->kyber-mult-kernel-dataflow.cpp:83]   --->   Operation 623 'sub' 'r_276' <Predicate = true> <Delay = 2.03> <CoreInst = "DSP48">   --->   Core 127 'DSP48' <Latency = 2> <II = 1> <Delay = 1.33> <IPBlock> <Opcode : '' 'add' 'sub' 'mul' 'select'> <InPorts = 0> <OutPorts = 1> <Sync> <CReg>
ST_6 : Operation 624 [1/1] (0.93ns)   --->   "%icmp_ln44_140 = icmp_ugt  i24 %r_276, i24 3328" [kyber-mult-kernel-dataflow.cpp:44->kyber-mult-kernel-dataflow.cpp:83]   --->   Operation 624 'icmp' 'icmp_ln44_140' <Predicate = true> <Delay = 0.93> <CoreInst = "Cmp">   --->   Core 9 'Cmp' <Latency = 0> <II = 1> <Delay = 0.93> <FuncUnit> <Opcode : 'icmp'> <InPorts = 2> <OutPorts = 1>
ST_6 : Operation 625 [1/1] (0.93ns)   --->   "%add_ln44_140 = add i24 %r_276, i24 16773887" [kyber-mult-kernel-dataflow.cpp:44->kyber-mult-kernel-dataflow.cpp:83]   --->   Operation 625 'add' 'add_ln44_140' <Predicate = true> <Delay = 0.93> <CoreInst = "Adder">   --->   Core 1 'Adder' <Latency = 0> <II = 1> <Delay = 0.93> <FuncUnit> <Opcode : 'add' 'sub'> <InPorts = 2> <OutPorts = 1>
ST_6 : Operation 626 [1/1] (0.32ns)   --->   "%tA_57 = select i1 %icmp_ln44_140, i24 %add_ln44_140, i24 %r_276" [kyber-mult-kernel-dataflow.cpp:44->kyber-mult-kernel-dataflow.cpp:83]   --->   Operation 626 'select' 'tA_57' <Predicate = true> <Delay = 0.32> <CoreInst = "Sel">   --->   Core 73 'Sel' <Latency = 0> <II = 1> <Delay = 0.32> <FuncUnit> <Opcode : 'select'> <InPorts = 3> <OutPorts = 1>
ST_6 : Operation 627 [1/1] (0.00ns) (grouped into LUT with out node sub_ln84_43)   --->   "%trunc_ln48_218 = trunc i24 %tA_57" [kyber-mult-kernel-dataflow.cpp:48->kyber-mult-kernel-dataflow.cpp:84]   --->   Operation 627 'trunc' 'trunc_ln48_218' <Predicate = true> <Delay = 0.00>
ST_6 : Operation 628 [1/1] (0.93ns)   --->   "%s_276 = add i24 %tA_57, i24 %zext_ln52" [kyber-mult-kernel-dataflow.cpp:48->kyber-mult-kernel-dataflow.cpp:84]   --->   Operation 628 'add' 's_276' <Predicate = true> <Delay = 0.93> <CoreInst = "Adder">   --->   Core 1 'Adder' <Latency = 0> <II = 1> <Delay = 0.93> <FuncUnit> <Opcode : 'add' 'sub'> <InPorts = 2> <OutPorts = 1>
ST_6 : Operation 629 [1/1] (0.93ns)   --->   "%icmp_ln48_140 = icmp_ugt  i24 %s_276, i24 3328" [kyber-mult-kernel-dataflow.cpp:48->kyber-mult-kernel-dataflow.cpp:84]   --->   Operation 629 'icmp' 'icmp_ln48_140' <Predicate = true> <Delay = 0.93> <CoreInst = "Cmp">   --->   Core 9 'Cmp' <Latency = 0> <II = 1> <Delay = 0.93> <FuncUnit> <Opcode : 'icmp'> <InPorts = 2> <OutPorts = 1>
ST_6 : Operation 630 [1/1] (0.00ns)   --->   "%trunc_ln48_219 = trunc i24 %s_276" [kyber-mult-kernel-dataflow.cpp:48->kyber-mult-kernel-dataflow.cpp:84]   --->   Operation 630 'trunc' 'trunc_ln48_219' <Predicate = true> <Delay = 0.00>
ST_6 : Operation 631 [1/1] (0.80ns)   --->   "%add_ln48_280 = add i12 %trunc_ln48_219, i12 767" [kyber-mult-kernel-dataflow.cpp:48->kyber-mult-kernel-dataflow.cpp:84]   --->   Operation 631 'add' 'add_ln48_280' <Predicate = true> <Delay = 0.80> <CoreInst = "Adder">   --->   Core 1 'Adder' <Latency = 0> <II = 1> <Delay = 0.80> <FuncUnit> <Opcode : 'add' 'sub'> <InPorts = 2> <OutPorts = 1>
ST_6 : Operation 632 [1/1] (0.37ns)   --->   "%select_ln48_140 = select i1 %icmp_ln48_140, i12 %add_ln48_280, i12 %trunc_ln48_219" [kyber-mult-kernel-dataflow.cpp:48->kyber-mult-kernel-dataflow.cpp:84]   --->   Operation 632 'select' 'select_ln48_140' <Predicate = true> <Delay = 0.37> <CoreInst = "Sel">   --->   Core 73 'Sel' <Latency = 0> <II = 1> <Delay = 0.37> <FuncUnit> <Opcode : 'select'> <InPorts = 3> <OutPorts = 1>
ST_6 : Operation 633 [1/1] (0.93ns)   --->   "%icmp_ln52_140 = icmp_ult  i24 %zext_ln52, i24 %tA_57" [kyber-mult-kernel-dataflow.cpp:52->kyber-mult-kernel-dataflow.cpp:84]   --->   Operation 633 'icmp' 'icmp_ln52_140' <Predicate = true> <Delay = 0.93> <CoreInst = "Cmp">   --->   Core 9 'Cmp' <Latency = 0> <II = 1> <Delay = 0.93> <FuncUnit> <Opcode : 'icmp'> <InPorts = 2> <OutPorts = 1>
ST_6 : Operation 634 [1/1] (0.00ns) (grouped into LUT with out node sub_ln84_43)   --->   "%xor_ln52_140 = xor i1 %icmp_ln52_140, i1 1" [kyber-mult-kernel-dataflow.cpp:52->kyber-mult-kernel-dataflow.cpp:84]   --->   Operation 634 'xor' 'xor_ln52_140' <Predicate = true> <Delay = 0.00> <CoreInst = "LogicGate">   --->   Core 74 'LogicGate' <Latency = 0> <II = 1> <Delay = 0.28> <FuncUnit> <Opcode : 'and' 'or' 'xor'> <InPorts = 2> <OutPorts = 1>
ST_6 : Operation 635 [1/1] (0.00ns) (grouped into LUT with out node sub_ln84_43)   --->   "%select_ln52_140 = select i1 %xor_ln52_140, i12 %uA_57, i12 %add_ln52_140" [kyber-mult-kernel-dataflow.cpp:52->kyber-mult-kernel-dataflow.cpp:84]   --->   Operation 635 'select' 'select_ln52_140' <Predicate = true> <Delay = 0.00> <CoreInst = "Sel">   --->   Core 73 'Sel' <Latency = 0> <II = 1> <Delay = 0.37> <FuncUnit> <Opcode : 'select'> <InPorts = 3> <OutPorts = 1>
ST_6 : Operation 636 [1/1] (0.80ns) (out node of the LUT)   --->   "%sub_ln84_43 = sub i12 %select_ln52_140, i12 %trunc_ln48_218" [kyber-mult-kernel-dataflow.cpp:84]   --->   Operation 636 'sub' 'sub_ln84_43' <Predicate = true> <Delay = 0.80> <CoreInst = "Adder">   --->   Core 1 'Adder' <Latency = 0> <II = 1> <Delay = 0.80> <FuncUnit> <Opcode : 'add' 'sub'> <InPorts = 2> <OutPorts = 1>
ST_6 : Operation 637 [1/2] (0.67ns)   --->   "%sA_2_load = load i4 %sA_2_addr" [kyber-mult-kernel-dataflow.cpp:83]   --->   Operation 637 'load' 'sA_2_load' <Predicate = (!icmp_ln83)> <Delay = 0.67> <CoreInst = "RAM">   --->   Core 83 'RAM' <Latency = 1> <II = 1> <Delay = 0.67> <Storage> <Opcode : 'load' 'store'> <Ports = 2> <Width = 12> <Depth = 16> <RAM>
ST_6 : Operation 638 [1/2] (0.67ns)   --->   "%sA_10_load = load i4 %sA_10_addr" [kyber-mult-kernel-dataflow.cpp:83]   --->   Operation 638 'load' 'sA_10_load' <Predicate = (icmp_ln83)> <Delay = 0.67> <CoreInst = "RAM">   --->   Core 83 'RAM' <Latency = 1> <II = 1> <Delay = 0.67> <Storage> <Opcode : 'load' 'store'> <Ports = 2> <Width = 12> <Depth = 16> <RAM>
ST_6 : Operation 639 [1/1] (0.37ns)   --->   "%uA_58 = select i1 %icmp_ln83, i12 %sA_10_load, i12 %sA_2_load" [kyber-mult-kernel-dataflow.cpp:83]   --->   Operation 639 'select' 'uA_58' <Predicate = true> <Delay = 0.37> <CoreInst = "Sel">   --->   Core 73 'Sel' <Latency = 0> <II = 1> <Delay = 0.37> <FuncUnit> <Opcode : 'select'> <InPorts = 3> <OutPorts = 1>
ST_6 : Operation 640 [1/1] (0.00ns)   --->   "%zext_ln52_122 = zext i12 %uA_58" [kyber-mult-kernel-dataflow.cpp:52->kyber-mult-kernel-dataflow.cpp:84]   --->   Operation 640 'zext' 'zext_ln52_122' <Predicate = true> <Delay = 0.00>
ST_6 : Operation 641 [1/1] (0.80ns)   --->   "%add_ln52_141 = add i12 %uA_58, i12 3329" [kyber-mult-kernel-dataflow.cpp:52->kyber-mult-kernel-dataflow.cpp:84]   --->   Operation 641 'add' 'add_ln52_141' <Predicate = true> <Delay = 0.80> <CoreInst = "Adder">   --->   Core 1 'Adder' <Latency = 0> <II = 1> <Delay = 0.80> <FuncUnit> <Opcode : 'add' 'sub'> <InPorts = 2> <OutPorts = 1>
ST_6 : Operation 642 [1/1] (0.00ns)   --->   "%zext_ln40_92 = zext i23 %xw_278" [kyber-mult-kernel-dataflow.cpp:40->kyber-mult-kernel-dataflow.cpp:83]   --->   Operation 642 'zext' 'zext_ln40_92' <Predicate = true> <Delay = 0.00>
ST_6 : Operation 643 [1/3] (0.00ns) (grouped into DSP with root node r_278)   --->   "%qq_278 = mul i24 %zext_ln39_73, i24 3329" [kyber-mult-kernel-dataflow.cpp:41->kyber-mult-kernel-dataflow.cpp:83]   --->   Operation 643 'mul' 'qq_278' <Predicate = true> <Delay = 0.00> <CoreInst = "DSP48">   --->   Core 127 'DSP48' <Latency = 2> <II = 1> <Delay = 1.33> <IPBlock> <Opcode : '' 'add' 'sub' 'mul' 'select'> <InPorts = 0> <OutPorts = 1> <Sync> <CReg>
ST_6 : Operation 644 [1/1] (0.00ns)   --->   "%specfucore_ln42 = specfucore void @_ssdm_op_SpecFUCore, i24 %qq_278, i64 12, i64 3, i64 2" [kyber-mult-kernel-dataflow.cpp:42->kyber-mult-kernel-dataflow.cpp:83]   --->   Operation 644 'specfucore' 'specfucore_ln42' <Predicate = true> <Delay = 0.00>
ST_6 : Operation 645 [1/1] (2.03ns) (root node of the DSP)   --->   "%r_278 = sub i24 %zext_ln40_92, i24 %qq_278" [kyber-mult-kernel-dataflow.cpp:43->kyber-mult-kernel-dataflow.cpp:83]   --->   Operation 645 'sub' 'r_278' <Predicate = true> <Delay = 2.03> <CoreInst = "DSP48">   --->   Core 127 'DSP48' <Latency = 2> <II = 1> <Delay = 1.33> <IPBlock> <Opcode : '' 'add' 'sub' 'mul' 'select'> <InPorts = 0> <OutPorts = 1> <Sync> <CReg>
ST_6 : Operation 646 [1/1] (0.93ns)   --->   "%icmp_ln44_141 = icmp_ugt  i24 %r_278, i24 3328" [kyber-mult-kernel-dataflow.cpp:44->kyber-mult-kernel-dataflow.cpp:83]   --->   Operation 646 'icmp' 'icmp_ln44_141' <Predicate = true> <Delay = 0.93> <CoreInst = "Cmp">   --->   Core 9 'Cmp' <Latency = 0> <II = 1> <Delay = 0.93> <FuncUnit> <Opcode : 'icmp'> <InPorts = 2> <OutPorts = 1>
ST_6 : Operation 647 [1/1] (0.93ns)   --->   "%add_ln44_141 = add i24 %r_278, i24 16773887" [kyber-mult-kernel-dataflow.cpp:44->kyber-mult-kernel-dataflow.cpp:83]   --->   Operation 647 'add' 'add_ln44_141' <Predicate = true> <Delay = 0.93> <CoreInst = "Adder">   --->   Core 1 'Adder' <Latency = 0> <II = 1> <Delay = 0.93> <FuncUnit> <Opcode : 'add' 'sub'> <InPorts = 2> <OutPorts = 1>
ST_6 : Operation 648 [1/1] (0.32ns)   --->   "%tA_58 = select i1 %icmp_ln44_141, i24 %add_ln44_141, i24 %r_278" [kyber-mult-kernel-dataflow.cpp:44->kyber-mult-kernel-dataflow.cpp:83]   --->   Operation 648 'select' 'tA_58' <Predicate = true> <Delay = 0.32> <CoreInst = "Sel">   --->   Core 73 'Sel' <Latency = 0> <II = 1> <Delay = 0.32> <FuncUnit> <Opcode : 'select'> <InPorts = 3> <OutPorts = 1>
ST_6 : Operation 649 [1/1] (0.00ns) (grouped into LUT with out node sub_ln84_44)   --->   "%trunc_ln48_220 = trunc i24 %tA_58" [kyber-mult-kernel-dataflow.cpp:48->kyber-mult-kernel-dataflow.cpp:84]   --->   Operation 649 'trunc' 'trunc_ln48_220' <Predicate = true> <Delay = 0.00>
ST_6 : Operation 650 [1/1] (0.93ns)   --->   "%s_278 = add i24 %tA_58, i24 %zext_ln52_122" [kyber-mult-kernel-dataflow.cpp:48->kyber-mult-kernel-dataflow.cpp:84]   --->   Operation 650 'add' 's_278' <Predicate = true> <Delay = 0.93> <CoreInst = "Adder">   --->   Core 1 'Adder' <Latency = 0> <II = 1> <Delay = 0.93> <FuncUnit> <Opcode : 'add' 'sub'> <InPorts = 2> <OutPorts = 1>
ST_6 : Operation 651 [1/1] (0.93ns)   --->   "%icmp_ln48_141 = icmp_ugt  i24 %s_278, i24 3328" [kyber-mult-kernel-dataflow.cpp:48->kyber-mult-kernel-dataflow.cpp:84]   --->   Operation 651 'icmp' 'icmp_ln48_141' <Predicate = true> <Delay = 0.93> <CoreInst = "Cmp">   --->   Core 9 'Cmp' <Latency = 0> <II = 1> <Delay = 0.93> <FuncUnit> <Opcode : 'icmp'> <InPorts = 2> <OutPorts = 1>
ST_6 : Operation 652 [1/1] (0.00ns)   --->   "%trunc_ln48_221 = trunc i24 %s_278" [kyber-mult-kernel-dataflow.cpp:48->kyber-mult-kernel-dataflow.cpp:84]   --->   Operation 652 'trunc' 'trunc_ln48_221' <Predicate = true> <Delay = 0.00>
ST_6 : Operation 653 [1/1] (0.80ns)   --->   "%add_ln48_282 = add i12 %trunc_ln48_221, i12 767" [kyber-mult-kernel-dataflow.cpp:48->kyber-mult-kernel-dataflow.cpp:84]   --->   Operation 653 'add' 'add_ln48_282' <Predicate = true> <Delay = 0.80> <CoreInst = "Adder">   --->   Core 1 'Adder' <Latency = 0> <II = 1> <Delay = 0.80> <FuncUnit> <Opcode : 'add' 'sub'> <InPorts = 2> <OutPorts = 1>
ST_6 : Operation 654 [1/1] (0.37ns)   --->   "%select_ln48_141 = select i1 %icmp_ln48_141, i12 %add_ln48_282, i12 %trunc_ln48_221" [kyber-mult-kernel-dataflow.cpp:48->kyber-mult-kernel-dataflow.cpp:84]   --->   Operation 654 'select' 'select_ln48_141' <Predicate = true> <Delay = 0.37> <CoreInst = "Sel">   --->   Core 73 'Sel' <Latency = 0> <II = 1> <Delay = 0.37> <FuncUnit> <Opcode : 'select'> <InPorts = 3> <OutPorts = 1>
ST_6 : Operation 655 [1/1] (0.93ns)   --->   "%icmp_ln52_141 = icmp_ult  i24 %zext_ln52_122, i24 %tA_58" [kyber-mult-kernel-dataflow.cpp:52->kyber-mult-kernel-dataflow.cpp:84]   --->   Operation 655 'icmp' 'icmp_ln52_141' <Predicate = true> <Delay = 0.93> <CoreInst = "Cmp">   --->   Core 9 'Cmp' <Latency = 0> <II = 1> <Delay = 0.93> <FuncUnit> <Opcode : 'icmp'> <InPorts = 2> <OutPorts = 1>
ST_6 : Operation 656 [1/1] (0.00ns) (grouped into LUT with out node sub_ln84_44)   --->   "%xor_ln52_141 = xor i1 %icmp_ln52_141, i1 1" [kyber-mult-kernel-dataflow.cpp:52->kyber-mult-kernel-dataflow.cpp:84]   --->   Operation 656 'xor' 'xor_ln52_141' <Predicate = true> <Delay = 0.00> <CoreInst = "LogicGate">   --->   Core 74 'LogicGate' <Latency = 0> <II = 1> <Delay = 0.28> <FuncUnit> <Opcode : 'and' 'or' 'xor'> <InPorts = 2> <OutPorts = 1>
ST_6 : Operation 657 [1/1] (0.00ns) (grouped into LUT with out node sub_ln84_44)   --->   "%select_ln52_141 = select i1 %xor_ln52_141, i12 %uA_58, i12 %add_ln52_141" [kyber-mult-kernel-dataflow.cpp:52->kyber-mult-kernel-dataflow.cpp:84]   --->   Operation 657 'select' 'select_ln52_141' <Predicate = true> <Delay = 0.00> <CoreInst = "Sel">   --->   Core 73 'Sel' <Latency = 0> <II = 1> <Delay = 0.37> <FuncUnit> <Opcode : 'select'> <InPorts = 3> <OutPorts = 1>
ST_6 : Operation 658 [1/1] (0.80ns) (out node of the LUT)   --->   "%sub_ln84_44 = sub i12 %select_ln52_141, i12 %trunc_ln48_220" [kyber-mult-kernel-dataflow.cpp:84]   --->   Operation 658 'sub' 'sub_ln84_44' <Predicate = true> <Delay = 0.80> <CoreInst = "Adder">   --->   Core 1 'Adder' <Latency = 0> <II = 1> <Delay = 0.80> <FuncUnit> <Opcode : 'add' 'sub'> <InPorts = 2> <OutPorts = 1>
ST_6 : Operation 659 [1/2] (0.67ns)   --->   "%sA_3_load = load i4 %sA_3_addr" [kyber-mult-kernel-dataflow.cpp:83]   --->   Operation 659 'load' 'sA_3_load' <Predicate = (!icmp_ln83)> <Delay = 0.67> <CoreInst = "RAM">   --->   Core 83 'RAM' <Latency = 1> <II = 1> <Delay = 0.67> <Storage> <Opcode : 'load' 'store'> <Ports = 2> <Width = 12> <Depth = 16> <RAM>
ST_6 : Operation 660 [1/2] (0.67ns)   --->   "%sA_11_load = load i4 %sA_11_addr" [kyber-mult-kernel-dataflow.cpp:83]   --->   Operation 660 'load' 'sA_11_load' <Predicate = (icmp_ln83)> <Delay = 0.67> <CoreInst = "RAM">   --->   Core 83 'RAM' <Latency = 1> <II = 1> <Delay = 0.67> <Storage> <Opcode : 'load' 'store'> <Ports = 2> <Width = 12> <Depth = 16> <RAM>
ST_6 : Operation 661 [1/1] (0.37ns)   --->   "%uA_59 = select i1 %icmp_ln83, i12 %sA_11_load, i12 %sA_3_load" [kyber-mult-kernel-dataflow.cpp:83]   --->   Operation 661 'select' 'uA_59' <Predicate = true> <Delay = 0.37> <CoreInst = "Sel">   --->   Core 73 'Sel' <Latency = 0> <II = 1> <Delay = 0.37> <FuncUnit> <Opcode : 'select'> <InPorts = 3> <OutPorts = 1>
ST_6 : Operation 662 [1/1] (0.00ns)   --->   "%zext_ln52_123 = zext i12 %uA_59" [kyber-mult-kernel-dataflow.cpp:52->kyber-mult-kernel-dataflow.cpp:84]   --->   Operation 662 'zext' 'zext_ln52_123' <Predicate = true> <Delay = 0.00>
ST_6 : Operation 663 [1/1] (0.80ns)   --->   "%add_ln52_142 = add i12 %uA_59, i12 3329" [kyber-mult-kernel-dataflow.cpp:52->kyber-mult-kernel-dataflow.cpp:84]   --->   Operation 663 'add' 'add_ln52_142' <Predicate = true> <Delay = 0.80> <CoreInst = "Adder">   --->   Core 1 'Adder' <Latency = 0> <II = 1> <Delay = 0.80> <FuncUnit> <Opcode : 'add' 'sub'> <InPorts = 2> <OutPorts = 1>
ST_6 : Operation 664 [1/1] (0.00ns)   --->   "%zext_ln40_93 = zext i23 %xw_280" [kyber-mult-kernel-dataflow.cpp:40->kyber-mult-kernel-dataflow.cpp:83]   --->   Operation 664 'zext' 'zext_ln40_93' <Predicate = true> <Delay = 0.00>
ST_6 : Operation 665 [1/3] (0.00ns) (grouped into DSP with root node r_280)   --->   "%qq_280 = mul i24 %zext_ln39_74, i24 3329" [kyber-mult-kernel-dataflow.cpp:41->kyber-mult-kernel-dataflow.cpp:83]   --->   Operation 665 'mul' 'qq_280' <Predicate = true> <Delay = 0.00> <CoreInst = "DSP48">   --->   Core 127 'DSP48' <Latency = 2> <II = 1> <Delay = 1.33> <IPBlock> <Opcode : '' 'add' 'sub' 'mul' 'select'> <InPorts = 0> <OutPorts = 1> <Sync> <CReg>
ST_6 : Operation 666 [1/1] (0.00ns)   --->   "%specfucore_ln42 = specfucore void @_ssdm_op_SpecFUCore, i24 %qq_280, i64 12, i64 3, i64 2" [kyber-mult-kernel-dataflow.cpp:42->kyber-mult-kernel-dataflow.cpp:83]   --->   Operation 666 'specfucore' 'specfucore_ln42' <Predicate = true> <Delay = 0.00>
ST_6 : Operation 667 [1/1] (2.03ns) (root node of the DSP)   --->   "%r_280 = sub i24 %zext_ln40_93, i24 %qq_280" [kyber-mult-kernel-dataflow.cpp:43->kyber-mult-kernel-dataflow.cpp:83]   --->   Operation 667 'sub' 'r_280' <Predicate = true> <Delay = 2.03> <CoreInst = "DSP48">   --->   Core 127 'DSP48' <Latency = 2> <II = 1> <Delay = 1.33> <IPBlock> <Opcode : '' 'add' 'sub' 'mul' 'select'> <InPorts = 0> <OutPorts = 1> <Sync> <CReg>
ST_6 : Operation 668 [1/1] (0.93ns)   --->   "%icmp_ln44_142 = icmp_ugt  i24 %r_280, i24 3328" [kyber-mult-kernel-dataflow.cpp:44->kyber-mult-kernel-dataflow.cpp:83]   --->   Operation 668 'icmp' 'icmp_ln44_142' <Predicate = true> <Delay = 0.93> <CoreInst = "Cmp">   --->   Core 9 'Cmp' <Latency = 0> <II = 1> <Delay = 0.93> <FuncUnit> <Opcode : 'icmp'> <InPorts = 2> <OutPorts = 1>
ST_6 : Operation 669 [1/1] (0.93ns)   --->   "%add_ln44_142 = add i24 %r_280, i24 16773887" [kyber-mult-kernel-dataflow.cpp:44->kyber-mult-kernel-dataflow.cpp:83]   --->   Operation 669 'add' 'add_ln44_142' <Predicate = true> <Delay = 0.93> <CoreInst = "Adder">   --->   Core 1 'Adder' <Latency = 0> <II = 1> <Delay = 0.93> <FuncUnit> <Opcode : 'add' 'sub'> <InPorts = 2> <OutPorts = 1>
ST_6 : Operation 670 [1/1] (0.32ns)   --->   "%tA_59 = select i1 %icmp_ln44_142, i24 %add_ln44_142, i24 %r_280" [kyber-mult-kernel-dataflow.cpp:44->kyber-mult-kernel-dataflow.cpp:83]   --->   Operation 670 'select' 'tA_59' <Predicate = true> <Delay = 0.32> <CoreInst = "Sel">   --->   Core 73 'Sel' <Latency = 0> <II = 1> <Delay = 0.32> <FuncUnit> <Opcode : 'select'> <InPorts = 3> <OutPorts = 1>
ST_6 : Operation 671 [1/1] (0.00ns) (grouped into LUT with out node sub_ln84_45)   --->   "%trunc_ln48_222 = trunc i24 %tA_59" [kyber-mult-kernel-dataflow.cpp:48->kyber-mult-kernel-dataflow.cpp:84]   --->   Operation 671 'trunc' 'trunc_ln48_222' <Predicate = true> <Delay = 0.00>
ST_6 : Operation 672 [1/1] (0.93ns)   --->   "%s_280 = add i24 %tA_59, i24 %zext_ln52_123" [kyber-mult-kernel-dataflow.cpp:48->kyber-mult-kernel-dataflow.cpp:84]   --->   Operation 672 'add' 's_280' <Predicate = true> <Delay = 0.93> <CoreInst = "Adder">   --->   Core 1 'Adder' <Latency = 0> <II = 1> <Delay = 0.93> <FuncUnit> <Opcode : 'add' 'sub'> <InPorts = 2> <OutPorts = 1>
ST_6 : Operation 673 [1/1] (0.93ns)   --->   "%icmp_ln48_142 = icmp_ugt  i24 %s_280, i24 3328" [kyber-mult-kernel-dataflow.cpp:48->kyber-mult-kernel-dataflow.cpp:84]   --->   Operation 673 'icmp' 'icmp_ln48_142' <Predicate = true> <Delay = 0.93> <CoreInst = "Cmp">   --->   Core 9 'Cmp' <Latency = 0> <II = 1> <Delay = 0.93> <FuncUnit> <Opcode : 'icmp'> <InPorts = 2> <OutPorts = 1>
ST_6 : Operation 674 [1/1] (0.00ns)   --->   "%trunc_ln48_223 = trunc i24 %s_280" [kyber-mult-kernel-dataflow.cpp:48->kyber-mult-kernel-dataflow.cpp:84]   --->   Operation 674 'trunc' 'trunc_ln48_223' <Predicate = true> <Delay = 0.00>
ST_6 : Operation 675 [1/1] (0.80ns)   --->   "%add_ln48_284 = add i12 %trunc_ln48_223, i12 767" [kyber-mult-kernel-dataflow.cpp:48->kyber-mult-kernel-dataflow.cpp:84]   --->   Operation 675 'add' 'add_ln48_284' <Predicate = true> <Delay = 0.80> <CoreInst = "Adder">   --->   Core 1 'Adder' <Latency = 0> <II = 1> <Delay = 0.80> <FuncUnit> <Opcode : 'add' 'sub'> <InPorts = 2> <OutPorts = 1>
ST_6 : Operation 676 [1/1] (0.37ns)   --->   "%select_ln48_142 = select i1 %icmp_ln48_142, i12 %add_ln48_284, i12 %trunc_ln48_223" [kyber-mult-kernel-dataflow.cpp:48->kyber-mult-kernel-dataflow.cpp:84]   --->   Operation 676 'select' 'select_ln48_142' <Predicate = true> <Delay = 0.37> <CoreInst = "Sel">   --->   Core 73 'Sel' <Latency = 0> <II = 1> <Delay = 0.37> <FuncUnit> <Opcode : 'select'> <InPorts = 3> <OutPorts = 1>
ST_6 : Operation 677 [1/1] (0.93ns)   --->   "%icmp_ln52_142 = icmp_ult  i24 %zext_ln52_123, i24 %tA_59" [kyber-mult-kernel-dataflow.cpp:52->kyber-mult-kernel-dataflow.cpp:84]   --->   Operation 677 'icmp' 'icmp_ln52_142' <Predicate = true> <Delay = 0.93> <CoreInst = "Cmp">   --->   Core 9 'Cmp' <Latency = 0> <II = 1> <Delay = 0.93> <FuncUnit> <Opcode : 'icmp'> <InPorts = 2> <OutPorts = 1>
ST_6 : Operation 678 [1/1] (0.00ns) (grouped into LUT with out node sub_ln84_45)   --->   "%xor_ln52_142 = xor i1 %icmp_ln52_142, i1 1" [kyber-mult-kernel-dataflow.cpp:52->kyber-mult-kernel-dataflow.cpp:84]   --->   Operation 678 'xor' 'xor_ln52_142' <Predicate = true> <Delay = 0.00> <CoreInst = "LogicGate">   --->   Core 74 'LogicGate' <Latency = 0> <II = 1> <Delay = 0.28> <FuncUnit> <Opcode : 'and' 'or' 'xor'> <InPorts = 2> <OutPorts = 1>
ST_6 : Operation 679 [1/1] (0.00ns) (grouped into LUT with out node sub_ln84_45)   --->   "%select_ln52_142 = select i1 %xor_ln52_142, i12 %uA_59, i12 %add_ln52_142" [kyber-mult-kernel-dataflow.cpp:52->kyber-mult-kernel-dataflow.cpp:84]   --->   Operation 679 'select' 'select_ln52_142' <Predicate = true> <Delay = 0.00> <CoreInst = "Sel">   --->   Core 73 'Sel' <Latency = 0> <II = 1> <Delay = 0.37> <FuncUnit> <Opcode : 'select'> <InPorts = 3> <OutPorts = 1>
ST_6 : Operation 680 [1/1] (0.80ns) (out node of the LUT)   --->   "%sub_ln84_45 = sub i12 %select_ln52_142, i12 %trunc_ln48_222" [kyber-mult-kernel-dataflow.cpp:84]   --->   Operation 680 'sub' 'sub_ln84_45' <Predicate = true> <Delay = 0.80> <CoreInst = "Adder">   --->   Core 1 'Adder' <Latency = 0> <II = 1> <Delay = 0.80> <FuncUnit> <Opcode : 'add' 'sub'> <InPorts = 2> <OutPorts = 1>
ST_6 : Operation 681 [1/2] (0.67ns)   --->   "%sA_4_load = load i4 %sA_4_addr" [kyber-mult-kernel-dataflow.cpp:83]   --->   Operation 681 'load' 'sA_4_load' <Predicate = (!icmp_ln83)> <Delay = 0.67> <CoreInst = "RAM">   --->   Core 83 'RAM' <Latency = 1> <II = 1> <Delay = 0.67> <Storage> <Opcode : 'load' 'store'> <Ports = 2> <Width = 12> <Depth = 16> <RAM>
ST_6 : Operation 682 [1/2] (0.67ns)   --->   "%sA_12_load = load i4 %sA_12_addr" [kyber-mult-kernel-dataflow.cpp:83]   --->   Operation 682 'load' 'sA_12_load' <Predicate = (icmp_ln83)> <Delay = 0.67> <CoreInst = "RAM">   --->   Core 83 'RAM' <Latency = 1> <II = 1> <Delay = 0.67> <Storage> <Opcode : 'load' 'store'> <Ports = 2> <Width = 12> <Depth = 16> <RAM>
ST_6 : Operation 683 [1/1] (0.37ns)   --->   "%uA_60 = select i1 %icmp_ln83, i12 %sA_12_load, i12 %sA_4_load" [kyber-mult-kernel-dataflow.cpp:83]   --->   Operation 683 'select' 'uA_60' <Predicate = true> <Delay = 0.37> <CoreInst = "Sel">   --->   Core 73 'Sel' <Latency = 0> <II = 1> <Delay = 0.37> <FuncUnit> <Opcode : 'select'> <InPorts = 3> <OutPorts = 1>
ST_6 : Operation 684 [1/1] (0.00ns)   --->   "%zext_ln52_124 = zext i12 %uA_60" [kyber-mult-kernel-dataflow.cpp:52->kyber-mult-kernel-dataflow.cpp:84]   --->   Operation 684 'zext' 'zext_ln52_124' <Predicate = true> <Delay = 0.00>
ST_6 : Operation 685 [1/1] (0.80ns)   --->   "%add_ln52_143 = add i12 %uA_60, i12 3329" [kyber-mult-kernel-dataflow.cpp:52->kyber-mult-kernel-dataflow.cpp:84]   --->   Operation 685 'add' 'add_ln52_143' <Predicate = true> <Delay = 0.80> <CoreInst = "Adder">   --->   Core 1 'Adder' <Latency = 0> <II = 1> <Delay = 0.80> <FuncUnit> <Opcode : 'add' 'sub'> <InPorts = 2> <OutPorts = 1>
ST_6 : Operation 686 [1/1] (0.00ns)   --->   "%zext_ln40_94 = zext i23 %xw_282" [kyber-mult-kernel-dataflow.cpp:40->kyber-mult-kernel-dataflow.cpp:83]   --->   Operation 686 'zext' 'zext_ln40_94' <Predicate = true> <Delay = 0.00>
ST_6 : Operation 687 [1/3] (0.00ns) (grouped into DSP with root node r_282)   --->   "%qq_282 = mul i24 %zext_ln39_75, i24 3329" [kyber-mult-kernel-dataflow.cpp:41->kyber-mult-kernel-dataflow.cpp:83]   --->   Operation 687 'mul' 'qq_282' <Predicate = true> <Delay = 0.00> <CoreInst = "DSP48">   --->   Core 127 'DSP48' <Latency = 2> <II = 1> <Delay = 1.33> <IPBlock> <Opcode : '' 'add' 'sub' 'mul' 'select'> <InPorts = 0> <OutPorts = 1> <Sync> <CReg>
ST_6 : Operation 688 [1/1] (0.00ns)   --->   "%specfucore_ln42 = specfucore void @_ssdm_op_SpecFUCore, i24 %qq_282, i64 12, i64 3, i64 2" [kyber-mult-kernel-dataflow.cpp:42->kyber-mult-kernel-dataflow.cpp:83]   --->   Operation 688 'specfucore' 'specfucore_ln42' <Predicate = true> <Delay = 0.00>
ST_6 : Operation 689 [1/1] (2.03ns) (root node of the DSP)   --->   "%r_282 = sub i24 %zext_ln40_94, i24 %qq_282" [kyber-mult-kernel-dataflow.cpp:43->kyber-mult-kernel-dataflow.cpp:83]   --->   Operation 689 'sub' 'r_282' <Predicate = true> <Delay = 2.03> <CoreInst = "DSP48">   --->   Core 127 'DSP48' <Latency = 2> <II = 1> <Delay = 1.33> <IPBlock> <Opcode : '' 'add' 'sub' 'mul' 'select'> <InPorts = 0> <OutPorts = 1> <Sync> <CReg>
ST_6 : Operation 690 [1/1] (0.93ns)   --->   "%icmp_ln44_143 = icmp_ugt  i24 %r_282, i24 3328" [kyber-mult-kernel-dataflow.cpp:44->kyber-mult-kernel-dataflow.cpp:83]   --->   Operation 690 'icmp' 'icmp_ln44_143' <Predicate = true> <Delay = 0.93> <CoreInst = "Cmp">   --->   Core 9 'Cmp' <Latency = 0> <II = 1> <Delay = 0.93> <FuncUnit> <Opcode : 'icmp'> <InPorts = 2> <OutPorts = 1>
ST_6 : Operation 691 [1/1] (0.93ns)   --->   "%add_ln44_143 = add i24 %r_282, i24 16773887" [kyber-mult-kernel-dataflow.cpp:44->kyber-mult-kernel-dataflow.cpp:83]   --->   Operation 691 'add' 'add_ln44_143' <Predicate = true> <Delay = 0.93> <CoreInst = "Adder">   --->   Core 1 'Adder' <Latency = 0> <II = 1> <Delay = 0.93> <FuncUnit> <Opcode : 'add' 'sub'> <InPorts = 2> <OutPorts = 1>
ST_6 : Operation 692 [1/1] (0.32ns)   --->   "%tA_60 = select i1 %icmp_ln44_143, i24 %add_ln44_143, i24 %r_282" [kyber-mult-kernel-dataflow.cpp:44->kyber-mult-kernel-dataflow.cpp:83]   --->   Operation 692 'select' 'tA_60' <Predicate = true> <Delay = 0.32> <CoreInst = "Sel">   --->   Core 73 'Sel' <Latency = 0> <II = 1> <Delay = 0.32> <FuncUnit> <Opcode : 'select'> <InPorts = 3> <OutPorts = 1>
ST_6 : Operation 693 [1/1] (0.00ns) (grouped into LUT with out node sub_ln84_46)   --->   "%trunc_ln48_224 = trunc i24 %tA_60" [kyber-mult-kernel-dataflow.cpp:48->kyber-mult-kernel-dataflow.cpp:84]   --->   Operation 693 'trunc' 'trunc_ln48_224' <Predicate = true> <Delay = 0.00>
ST_6 : Operation 694 [1/1] (0.93ns)   --->   "%s_282 = add i24 %tA_60, i24 %zext_ln52_124" [kyber-mult-kernel-dataflow.cpp:48->kyber-mult-kernel-dataflow.cpp:84]   --->   Operation 694 'add' 's_282' <Predicate = true> <Delay = 0.93> <CoreInst = "Adder">   --->   Core 1 'Adder' <Latency = 0> <II = 1> <Delay = 0.93> <FuncUnit> <Opcode : 'add' 'sub'> <InPorts = 2> <OutPorts = 1>
ST_6 : Operation 695 [1/1] (0.93ns)   --->   "%icmp_ln48_143 = icmp_ugt  i24 %s_282, i24 3328" [kyber-mult-kernel-dataflow.cpp:48->kyber-mult-kernel-dataflow.cpp:84]   --->   Operation 695 'icmp' 'icmp_ln48_143' <Predicate = true> <Delay = 0.93> <CoreInst = "Cmp">   --->   Core 9 'Cmp' <Latency = 0> <II = 1> <Delay = 0.93> <FuncUnit> <Opcode : 'icmp'> <InPorts = 2> <OutPorts = 1>
ST_6 : Operation 696 [1/1] (0.00ns)   --->   "%trunc_ln48_225 = trunc i24 %s_282" [kyber-mult-kernel-dataflow.cpp:48->kyber-mult-kernel-dataflow.cpp:84]   --->   Operation 696 'trunc' 'trunc_ln48_225' <Predicate = true> <Delay = 0.00>
ST_6 : Operation 697 [1/1] (0.80ns)   --->   "%add_ln48_286 = add i12 %trunc_ln48_225, i12 767" [kyber-mult-kernel-dataflow.cpp:48->kyber-mult-kernel-dataflow.cpp:84]   --->   Operation 697 'add' 'add_ln48_286' <Predicate = true> <Delay = 0.80> <CoreInst = "Adder">   --->   Core 1 'Adder' <Latency = 0> <II = 1> <Delay = 0.80> <FuncUnit> <Opcode : 'add' 'sub'> <InPorts = 2> <OutPorts = 1>
ST_6 : Operation 698 [1/1] (0.37ns)   --->   "%select_ln48_143 = select i1 %icmp_ln48_143, i12 %add_ln48_286, i12 %trunc_ln48_225" [kyber-mult-kernel-dataflow.cpp:48->kyber-mult-kernel-dataflow.cpp:84]   --->   Operation 698 'select' 'select_ln48_143' <Predicate = true> <Delay = 0.37> <CoreInst = "Sel">   --->   Core 73 'Sel' <Latency = 0> <II = 1> <Delay = 0.37> <FuncUnit> <Opcode : 'select'> <InPorts = 3> <OutPorts = 1>
ST_6 : Operation 699 [1/1] (0.93ns)   --->   "%icmp_ln52_143 = icmp_ult  i24 %zext_ln52_124, i24 %tA_60" [kyber-mult-kernel-dataflow.cpp:52->kyber-mult-kernel-dataflow.cpp:84]   --->   Operation 699 'icmp' 'icmp_ln52_143' <Predicate = true> <Delay = 0.93> <CoreInst = "Cmp">   --->   Core 9 'Cmp' <Latency = 0> <II = 1> <Delay = 0.93> <FuncUnit> <Opcode : 'icmp'> <InPorts = 2> <OutPorts = 1>
ST_6 : Operation 700 [1/1] (0.00ns) (grouped into LUT with out node sub_ln84_46)   --->   "%xor_ln52_143 = xor i1 %icmp_ln52_143, i1 1" [kyber-mult-kernel-dataflow.cpp:52->kyber-mult-kernel-dataflow.cpp:84]   --->   Operation 700 'xor' 'xor_ln52_143' <Predicate = true> <Delay = 0.00> <CoreInst = "LogicGate">   --->   Core 74 'LogicGate' <Latency = 0> <II = 1> <Delay = 0.28> <FuncUnit> <Opcode : 'and' 'or' 'xor'> <InPorts = 2> <OutPorts = 1>
ST_6 : Operation 701 [1/1] (0.00ns) (grouped into LUT with out node sub_ln84_46)   --->   "%select_ln52_143 = select i1 %xor_ln52_143, i12 %uA_60, i12 %add_ln52_143" [kyber-mult-kernel-dataflow.cpp:52->kyber-mult-kernel-dataflow.cpp:84]   --->   Operation 701 'select' 'select_ln52_143' <Predicate = true> <Delay = 0.00> <CoreInst = "Sel">   --->   Core 73 'Sel' <Latency = 0> <II = 1> <Delay = 0.37> <FuncUnit> <Opcode : 'select'> <InPorts = 3> <OutPorts = 1>
ST_6 : Operation 702 [1/1] (0.80ns) (out node of the LUT)   --->   "%sub_ln84_46 = sub i12 %select_ln52_143, i12 %trunc_ln48_224" [kyber-mult-kernel-dataflow.cpp:84]   --->   Operation 702 'sub' 'sub_ln84_46' <Predicate = true> <Delay = 0.80> <CoreInst = "Adder">   --->   Core 1 'Adder' <Latency = 0> <II = 1> <Delay = 0.80> <FuncUnit> <Opcode : 'add' 'sub'> <InPorts = 2> <OutPorts = 1>
ST_6 : Operation 703 [1/2] (0.67ns)   --->   "%sA_5_load = load i4 %sA_5_addr" [kyber-mult-kernel-dataflow.cpp:83]   --->   Operation 703 'load' 'sA_5_load' <Predicate = (!icmp_ln83)> <Delay = 0.67> <CoreInst = "RAM">   --->   Core 83 'RAM' <Latency = 1> <II = 1> <Delay = 0.67> <Storage> <Opcode : 'load' 'store'> <Ports = 2> <Width = 12> <Depth = 16> <RAM>
ST_6 : Operation 704 [1/2] (0.67ns)   --->   "%sA_13_load = load i4 %sA_13_addr" [kyber-mult-kernel-dataflow.cpp:83]   --->   Operation 704 'load' 'sA_13_load' <Predicate = (icmp_ln83)> <Delay = 0.67> <CoreInst = "RAM">   --->   Core 83 'RAM' <Latency = 1> <II = 1> <Delay = 0.67> <Storage> <Opcode : 'load' 'store'> <Ports = 2> <Width = 12> <Depth = 16> <RAM>
ST_6 : Operation 705 [1/1] (0.37ns)   --->   "%uA_61 = select i1 %icmp_ln83, i12 %sA_13_load, i12 %sA_5_load" [kyber-mult-kernel-dataflow.cpp:83]   --->   Operation 705 'select' 'uA_61' <Predicate = true> <Delay = 0.37> <CoreInst = "Sel">   --->   Core 73 'Sel' <Latency = 0> <II = 1> <Delay = 0.37> <FuncUnit> <Opcode : 'select'> <InPorts = 3> <OutPorts = 1>
ST_6 : Operation 706 [1/1] (0.00ns)   --->   "%zext_ln52_125 = zext i12 %uA_61" [kyber-mult-kernel-dataflow.cpp:52->kyber-mult-kernel-dataflow.cpp:84]   --->   Operation 706 'zext' 'zext_ln52_125' <Predicate = true> <Delay = 0.00>
ST_6 : Operation 707 [1/1] (0.80ns)   --->   "%add_ln52_144 = add i12 %uA_61, i12 3329" [kyber-mult-kernel-dataflow.cpp:52->kyber-mult-kernel-dataflow.cpp:84]   --->   Operation 707 'add' 'add_ln52_144' <Predicate = true> <Delay = 0.80> <CoreInst = "Adder">   --->   Core 1 'Adder' <Latency = 0> <II = 1> <Delay = 0.80> <FuncUnit> <Opcode : 'add' 'sub'> <InPorts = 2> <OutPorts = 1>
ST_6 : Operation 708 [1/1] (0.00ns)   --->   "%zext_ln40_95 = zext i23 %xw_284" [kyber-mult-kernel-dataflow.cpp:40->kyber-mult-kernel-dataflow.cpp:83]   --->   Operation 708 'zext' 'zext_ln40_95' <Predicate = true> <Delay = 0.00>
ST_6 : Operation 709 [1/3] (0.00ns) (grouped into DSP with root node r_284)   --->   "%qq_284 = mul i24 %zext_ln39_76, i24 3329" [kyber-mult-kernel-dataflow.cpp:41->kyber-mult-kernel-dataflow.cpp:83]   --->   Operation 709 'mul' 'qq_284' <Predicate = true> <Delay = 0.00> <CoreInst = "DSP48">   --->   Core 127 'DSP48' <Latency = 2> <II = 1> <Delay = 1.33> <IPBlock> <Opcode : '' 'add' 'sub' 'mul' 'select'> <InPorts = 0> <OutPorts = 1> <Sync> <CReg>
ST_6 : Operation 710 [1/1] (0.00ns)   --->   "%specfucore_ln42 = specfucore void @_ssdm_op_SpecFUCore, i24 %qq_284, i64 12, i64 3, i64 2" [kyber-mult-kernel-dataflow.cpp:42->kyber-mult-kernel-dataflow.cpp:83]   --->   Operation 710 'specfucore' 'specfucore_ln42' <Predicate = true> <Delay = 0.00>
ST_6 : Operation 711 [1/1] (2.03ns) (root node of the DSP)   --->   "%r_284 = sub i24 %zext_ln40_95, i24 %qq_284" [kyber-mult-kernel-dataflow.cpp:43->kyber-mult-kernel-dataflow.cpp:83]   --->   Operation 711 'sub' 'r_284' <Predicate = true> <Delay = 2.03> <CoreInst = "DSP48">   --->   Core 127 'DSP48' <Latency = 2> <II = 1> <Delay = 1.33> <IPBlock> <Opcode : '' 'add' 'sub' 'mul' 'select'> <InPorts = 0> <OutPorts = 1> <Sync> <CReg>
ST_6 : Operation 712 [1/1] (0.93ns)   --->   "%icmp_ln44_144 = icmp_ugt  i24 %r_284, i24 3328" [kyber-mult-kernel-dataflow.cpp:44->kyber-mult-kernel-dataflow.cpp:83]   --->   Operation 712 'icmp' 'icmp_ln44_144' <Predicate = true> <Delay = 0.93> <CoreInst = "Cmp">   --->   Core 9 'Cmp' <Latency = 0> <II = 1> <Delay = 0.93> <FuncUnit> <Opcode : 'icmp'> <InPorts = 2> <OutPorts = 1>
ST_6 : Operation 713 [1/1] (0.93ns)   --->   "%add_ln44_144 = add i24 %r_284, i24 16773887" [kyber-mult-kernel-dataflow.cpp:44->kyber-mult-kernel-dataflow.cpp:83]   --->   Operation 713 'add' 'add_ln44_144' <Predicate = true> <Delay = 0.93> <CoreInst = "Adder">   --->   Core 1 'Adder' <Latency = 0> <II = 1> <Delay = 0.93> <FuncUnit> <Opcode : 'add' 'sub'> <InPorts = 2> <OutPorts = 1>
ST_6 : Operation 714 [1/1] (0.32ns)   --->   "%tA_61 = select i1 %icmp_ln44_144, i24 %add_ln44_144, i24 %r_284" [kyber-mult-kernel-dataflow.cpp:44->kyber-mult-kernel-dataflow.cpp:83]   --->   Operation 714 'select' 'tA_61' <Predicate = true> <Delay = 0.32> <CoreInst = "Sel">   --->   Core 73 'Sel' <Latency = 0> <II = 1> <Delay = 0.32> <FuncUnit> <Opcode : 'select'> <InPorts = 3> <OutPorts = 1>
ST_6 : Operation 715 [1/1] (0.00ns) (grouped into LUT with out node sub_ln84_47)   --->   "%trunc_ln48_226 = trunc i24 %tA_61" [kyber-mult-kernel-dataflow.cpp:48->kyber-mult-kernel-dataflow.cpp:84]   --->   Operation 715 'trunc' 'trunc_ln48_226' <Predicate = true> <Delay = 0.00>
ST_6 : Operation 716 [1/1] (0.93ns)   --->   "%s_284 = add i24 %tA_61, i24 %zext_ln52_125" [kyber-mult-kernel-dataflow.cpp:48->kyber-mult-kernel-dataflow.cpp:84]   --->   Operation 716 'add' 's_284' <Predicate = true> <Delay = 0.93> <CoreInst = "Adder">   --->   Core 1 'Adder' <Latency = 0> <II = 1> <Delay = 0.93> <FuncUnit> <Opcode : 'add' 'sub'> <InPorts = 2> <OutPorts = 1>
ST_6 : Operation 717 [1/1] (0.93ns)   --->   "%icmp_ln48_144 = icmp_ugt  i24 %s_284, i24 3328" [kyber-mult-kernel-dataflow.cpp:48->kyber-mult-kernel-dataflow.cpp:84]   --->   Operation 717 'icmp' 'icmp_ln48_144' <Predicate = true> <Delay = 0.93> <CoreInst = "Cmp">   --->   Core 9 'Cmp' <Latency = 0> <II = 1> <Delay = 0.93> <FuncUnit> <Opcode : 'icmp'> <InPorts = 2> <OutPorts = 1>
ST_6 : Operation 718 [1/1] (0.00ns)   --->   "%trunc_ln48_227 = trunc i24 %s_284" [kyber-mult-kernel-dataflow.cpp:48->kyber-mult-kernel-dataflow.cpp:84]   --->   Operation 718 'trunc' 'trunc_ln48_227' <Predicate = true> <Delay = 0.00>
ST_6 : Operation 719 [1/1] (0.80ns)   --->   "%add_ln48_288 = add i12 %trunc_ln48_227, i12 767" [kyber-mult-kernel-dataflow.cpp:48->kyber-mult-kernel-dataflow.cpp:84]   --->   Operation 719 'add' 'add_ln48_288' <Predicate = true> <Delay = 0.80> <CoreInst = "Adder">   --->   Core 1 'Adder' <Latency = 0> <II = 1> <Delay = 0.80> <FuncUnit> <Opcode : 'add' 'sub'> <InPorts = 2> <OutPorts = 1>
ST_6 : Operation 720 [1/1] (0.37ns)   --->   "%select_ln48_144 = select i1 %icmp_ln48_144, i12 %add_ln48_288, i12 %trunc_ln48_227" [kyber-mult-kernel-dataflow.cpp:48->kyber-mult-kernel-dataflow.cpp:84]   --->   Operation 720 'select' 'select_ln48_144' <Predicate = true> <Delay = 0.37> <CoreInst = "Sel">   --->   Core 73 'Sel' <Latency = 0> <II = 1> <Delay = 0.37> <FuncUnit> <Opcode : 'select'> <InPorts = 3> <OutPorts = 1>
ST_6 : Operation 721 [1/1] (0.93ns)   --->   "%icmp_ln52_144 = icmp_ult  i24 %zext_ln52_125, i24 %tA_61" [kyber-mult-kernel-dataflow.cpp:52->kyber-mult-kernel-dataflow.cpp:84]   --->   Operation 721 'icmp' 'icmp_ln52_144' <Predicate = true> <Delay = 0.93> <CoreInst = "Cmp">   --->   Core 9 'Cmp' <Latency = 0> <II = 1> <Delay = 0.93> <FuncUnit> <Opcode : 'icmp'> <InPorts = 2> <OutPorts = 1>
ST_6 : Operation 722 [1/1] (0.00ns) (grouped into LUT with out node sub_ln84_47)   --->   "%xor_ln52_144 = xor i1 %icmp_ln52_144, i1 1" [kyber-mult-kernel-dataflow.cpp:52->kyber-mult-kernel-dataflow.cpp:84]   --->   Operation 722 'xor' 'xor_ln52_144' <Predicate = true> <Delay = 0.00> <CoreInst = "LogicGate">   --->   Core 74 'LogicGate' <Latency = 0> <II = 1> <Delay = 0.28> <FuncUnit> <Opcode : 'and' 'or' 'xor'> <InPorts = 2> <OutPorts = 1>
ST_6 : Operation 723 [1/1] (0.00ns) (grouped into LUT with out node sub_ln84_47)   --->   "%select_ln52_144 = select i1 %xor_ln52_144, i12 %uA_61, i12 %add_ln52_144" [kyber-mult-kernel-dataflow.cpp:52->kyber-mult-kernel-dataflow.cpp:84]   --->   Operation 723 'select' 'select_ln52_144' <Predicate = true> <Delay = 0.00> <CoreInst = "Sel">   --->   Core 73 'Sel' <Latency = 0> <II = 1> <Delay = 0.37> <FuncUnit> <Opcode : 'select'> <InPorts = 3> <OutPorts = 1>
ST_6 : Operation 724 [1/1] (0.80ns) (out node of the LUT)   --->   "%sub_ln84_47 = sub i12 %select_ln52_144, i12 %trunc_ln48_226" [kyber-mult-kernel-dataflow.cpp:84]   --->   Operation 724 'sub' 'sub_ln84_47' <Predicate = true> <Delay = 0.80> <CoreInst = "Adder">   --->   Core 1 'Adder' <Latency = 0> <II = 1> <Delay = 0.80> <FuncUnit> <Opcode : 'add' 'sub'> <InPorts = 2> <OutPorts = 1>
ST_6 : Operation 725 [1/2] (0.67ns)   --->   "%sA_6_load = load i4 %sA_6_addr" [kyber-mult-kernel-dataflow.cpp:83]   --->   Operation 725 'load' 'sA_6_load' <Predicate = (!icmp_ln83)> <Delay = 0.67> <CoreInst = "RAM">   --->   Core 83 'RAM' <Latency = 1> <II = 1> <Delay = 0.67> <Storage> <Opcode : 'load' 'store'> <Ports = 2> <Width = 12> <Depth = 16> <RAM>
ST_6 : Operation 726 [1/2] (0.67ns)   --->   "%sA_14_load = load i4 %sA_14_addr" [kyber-mult-kernel-dataflow.cpp:83]   --->   Operation 726 'load' 'sA_14_load' <Predicate = (icmp_ln83)> <Delay = 0.67> <CoreInst = "RAM">   --->   Core 83 'RAM' <Latency = 1> <II = 1> <Delay = 0.67> <Storage> <Opcode : 'load' 'store'> <Ports = 2> <Width = 12> <Depth = 16> <RAM>
ST_6 : Operation 727 [1/1] (0.37ns)   --->   "%uA_62 = select i1 %icmp_ln83, i12 %sA_14_load, i12 %sA_6_load" [kyber-mult-kernel-dataflow.cpp:83]   --->   Operation 727 'select' 'uA_62' <Predicate = true> <Delay = 0.37> <CoreInst = "Sel">   --->   Core 73 'Sel' <Latency = 0> <II = 1> <Delay = 0.37> <FuncUnit> <Opcode : 'select'> <InPorts = 3> <OutPorts = 1>
ST_6 : Operation 728 [1/1] (0.00ns)   --->   "%zext_ln52_126 = zext i12 %uA_62" [kyber-mult-kernel-dataflow.cpp:52->kyber-mult-kernel-dataflow.cpp:84]   --->   Operation 728 'zext' 'zext_ln52_126' <Predicate = true> <Delay = 0.00>
ST_6 : Operation 729 [1/1] (0.80ns)   --->   "%add_ln52_145 = add i12 %uA_62, i12 3329" [kyber-mult-kernel-dataflow.cpp:52->kyber-mult-kernel-dataflow.cpp:84]   --->   Operation 729 'add' 'add_ln52_145' <Predicate = true> <Delay = 0.80> <CoreInst = "Adder">   --->   Core 1 'Adder' <Latency = 0> <II = 1> <Delay = 0.80> <FuncUnit> <Opcode : 'add' 'sub'> <InPorts = 2> <OutPorts = 1>
ST_6 : Operation 730 [1/1] (0.00ns)   --->   "%zext_ln40_96 = zext i23 %xw_286" [kyber-mult-kernel-dataflow.cpp:40->kyber-mult-kernel-dataflow.cpp:83]   --->   Operation 730 'zext' 'zext_ln40_96' <Predicate = true> <Delay = 0.00>
ST_6 : Operation 731 [1/3] (0.00ns) (grouped into DSP with root node r_286)   --->   "%qq_286 = mul i24 %zext_ln39_77, i24 3329" [kyber-mult-kernel-dataflow.cpp:41->kyber-mult-kernel-dataflow.cpp:83]   --->   Operation 731 'mul' 'qq_286' <Predicate = true> <Delay = 0.00> <CoreInst = "DSP48">   --->   Core 127 'DSP48' <Latency = 2> <II = 1> <Delay = 1.33> <IPBlock> <Opcode : '' 'add' 'sub' 'mul' 'select'> <InPorts = 0> <OutPorts = 1> <Sync> <CReg>
ST_6 : Operation 732 [1/1] (0.00ns)   --->   "%specfucore_ln42 = specfucore void @_ssdm_op_SpecFUCore, i24 %qq_286, i64 12, i64 3, i64 2" [kyber-mult-kernel-dataflow.cpp:42->kyber-mult-kernel-dataflow.cpp:83]   --->   Operation 732 'specfucore' 'specfucore_ln42' <Predicate = true> <Delay = 0.00>
ST_6 : Operation 733 [1/1] (2.03ns) (root node of the DSP)   --->   "%r_286 = sub i24 %zext_ln40_96, i24 %qq_286" [kyber-mult-kernel-dataflow.cpp:43->kyber-mult-kernel-dataflow.cpp:83]   --->   Operation 733 'sub' 'r_286' <Predicate = true> <Delay = 2.03> <CoreInst = "DSP48">   --->   Core 127 'DSP48' <Latency = 2> <II = 1> <Delay = 1.33> <IPBlock> <Opcode : '' 'add' 'sub' 'mul' 'select'> <InPorts = 0> <OutPorts = 1> <Sync> <CReg>
ST_6 : Operation 734 [1/1] (0.93ns)   --->   "%icmp_ln44_145 = icmp_ugt  i24 %r_286, i24 3328" [kyber-mult-kernel-dataflow.cpp:44->kyber-mult-kernel-dataflow.cpp:83]   --->   Operation 734 'icmp' 'icmp_ln44_145' <Predicate = true> <Delay = 0.93> <CoreInst = "Cmp">   --->   Core 9 'Cmp' <Latency = 0> <II = 1> <Delay = 0.93> <FuncUnit> <Opcode : 'icmp'> <InPorts = 2> <OutPorts = 1>
ST_6 : Operation 735 [1/1] (0.93ns)   --->   "%add_ln44_145 = add i24 %r_286, i24 16773887" [kyber-mult-kernel-dataflow.cpp:44->kyber-mult-kernel-dataflow.cpp:83]   --->   Operation 735 'add' 'add_ln44_145' <Predicate = true> <Delay = 0.93> <CoreInst = "Adder">   --->   Core 1 'Adder' <Latency = 0> <II = 1> <Delay = 0.93> <FuncUnit> <Opcode : 'add' 'sub'> <InPorts = 2> <OutPorts = 1>
ST_6 : Operation 736 [1/1] (0.32ns)   --->   "%tA_62 = select i1 %icmp_ln44_145, i24 %add_ln44_145, i24 %r_286" [kyber-mult-kernel-dataflow.cpp:44->kyber-mult-kernel-dataflow.cpp:83]   --->   Operation 736 'select' 'tA_62' <Predicate = true> <Delay = 0.32> <CoreInst = "Sel">   --->   Core 73 'Sel' <Latency = 0> <II = 1> <Delay = 0.32> <FuncUnit> <Opcode : 'select'> <InPorts = 3> <OutPorts = 1>
ST_6 : Operation 737 [1/1] (0.00ns) (grouped into LUT with out node sub_ln84_48)   --->   "%trunc_ln48_228 = trunc i24 %tA_62" [kyber-mult-kernel-dataflow.cpp:48->kyber-mult-kernel-dataflow.cpp:84]   --->   Operation 737 'trunc' 'trunc_ln48_228' <Predicate = true> <Delay = 0.00>
ST_6 : Operation 738 [1/1] (0.93ns)   --->   "%s_286 = add i24 %tA_62, i24 %zext_ln52_126" [kyber-mult-kernel-dataflow.cpp:48->kyber-mult-kernel-dataflow.cpp:84]   --->   Operation 738 'add' 's_286' <Predicate = true> <Delay = 0.93> <CoreInst = "Adder">   --->   Core 1 'Adder' <Latency = 0> <II = 1> <Delay = 0.93> <FuncUnit> <Opcode : 'add' 'sub'> <InPorts = 2> <OutPorts = 1>
ST_6 : Operation 739 [1/1] (0.93ns)   --->   "%icmp_ln48_145 = icmp_ugt  i24 %s_286, i24 3328" [kyber-mult-kernel-dataflow.cpp:48->kyber-mult-kernel-dataflow.cpp:84]   --->   Operation 739 'icmp' 'icmp_ln48_145' <Predicate = true> <Delay = 0.93> <CoreInst = "Cmp">   --->   Core 9 'Cmp' <Latency = 0> <II = 1> <Delay = 0.93> <FuncUnit> <Opcode : 'icmp'> <InPorts = 2> <OutPorts = 1>
ST_6 : Operation 740 [1/1] (0.00ns)   --->   "%trunc_ln48_229 = trunc i24 %s_286" [kyber-mult-kernel-dataflow.cpp:48->kyber-mult-kernel-dataflow.cpp:84]   --->   Operation 740 'trunc' 'trunc_ln48_229' <Predicate = true> <Delay = 0.00>
ST_6 : Operation 741 [1/1] (0.80ns)   --->   "%add_ln48_290 = add i12 %trunc_ln48_229, i12 767" [kyber-mult-kernel-dataflow.cpp:48->kyber-mult-kernel-dataflow.cpp:84]   --->   Operation 741 'add' 'add_ln48_290' <Predicate = true> <Delay = 0.80> <CoreInst = "Adder">   --->   Core 1 'Adder' <Latency = 0> <II = 1> <Delay = 0.80> <FuncUnit> <Opcode : 'add' 'sub'> <InPorts = 2> <OutPorts = 1>
ST_6 : Operation 742 [1/1] (0.37ns)   --->   "%select_ln48_145 = select i1 %icmp_ln48_145, i12 %add_ln48_290, i12 %trunc_ln48_229" [kyber-mult-kernel-dataflow.cpp:48->kyber-mult-kernel-dataflow.cpp:84]   --->   Operation 742 'select' 'select_ln48_145' <Predicate = true> <Delay = 0.37> <CoreInst = "Sel">   --->   Core 73 'Sel' <Latency = 0> <II = 1> <Delay = 0.37> <FuncUnit> <Opcode : 'select'> <InPorts = 3> <OutPorts = 1>
ST_6 : Operation 743 [1/1] (0.93ns)   --->   "%icmp_ln52_145 = icmp_ult  i24 %zext_ln52_126, i24 %tA_62" [kyber-mult-kernel-dataflow.cpp:52->kyber-mult-kernel-dataflow.cpp:84]   --->   Operation 743 'icmp' 'icmp_ln52_145' <Predicate = true> <Delay = 0.93> <CoreInst = "Cmp">   --->   Core 9 'Cmp' <Latency = 0> <II = 1> <Delay = 0.93> <FuncUnit> <Opcode : 'icmp'> <InPorts = 2> <OutPorts = 1>
ST_6 : Operation 744 [1/1] (0.00ns) (grouped into LUT with out node sub_ln84_48)   --->   "%xor_ln52_145 = xor i1 %icmp_ln52_145, i1 1" [kyber-mult-kernel-dataflow.cpp:52->kyber-mult-kernel-dataflow.cpp:84]   --->   Operation 744 'xor' 'xor_ln52_145' <Predicate = true> <Delay = 0.00> <CoreInst = "LogicGate">   --->   Core 74 'LogicGate' <Latency = 0> <II = 1> <Delay = 0.28> <FuncUnit> <Opcode : 'and' 'or' 'xor'> <InPorts = 2> <OutPorts = 1>
ST_6 : Operation 745 [1/1] (0.00ns) (grouped into LUT with out node sub_ln84_48)   --->   "%select_ln52_145 = select i1 %xor_ln52_145, i12 %uA_62, i12 %add_ln52_145" [kyber-mult-kernel-dataflow.cpp:52->kyber-mult-kernel-dataflow.cpp:84]   --->   Operation 745 'select' 'select_ln52_145' <Predicate = true> <Delay = 0.00> <CoreInst = "Sel">   --->   Core 73 'Sel' <Latency = 0> <II = 1> <Delay = 0.37> <FuncUnit> <Opcode : 'select'> <InPorts = 3> <OutPorts = 1>
ST_6 : Operation 746 [1/1] (0.80ns) (out node of the LUT)   --->   "%sub_ln84_48 = sub i12 %select_ln52_145, i12 %trunc_ln48_228" [kyber-mult-kernel-dataflow.cpp:84]   --->   Operation 746 'sub' 'sub_ln84_48' <Predicate = true> <Delay = 0.80> <CoreInst = "Adder">   --->   Core 1 'Adder' <Latency = 0> <II = 1> <Delay = 0.80> <FuncUnit> <Opcode : 'add' 'sub'> <InPorts = 2> <OutPorts = 1>
ST_6 : Operation 747 [1/2] (0.67ns)   --->   "%sA_7_load = load i4 %sA_7_addr" [kyber-mult-kernel-dataflow.cpp:83]   --->   Operation 747 'load' 'sA_7_load' <Predicate = (!icmp_ln83)> <Delay = 0.67> <CoreInst = "RAM">   --->   Core 83 'RAM' <Latency = 1> <II = 1> <Delay = 0.67> <Storage> <Opcode : 'load' 'store'> <Ports = 2> <Width = 12> <Depth = 16> <RAM>
ST_6 : Operation 748 [1/2] (0.67ns)   --->   "%sA_15_load = load i4 %sA_15_addr" [kyber-mult-kernel-dataflow.cpp:83]   --->   Operation 748 'load' 'sA_15_load' <Predicate = (icmp_ln83)> <Delay = 0.67> <CoreInst = "RAM">   --->   Core 83 'RAM' <Latency = 1> <II = 1> <Delay = 0.67> <Storage> <Opcode : 'load' 'store'> <Ports = 2> <Width = 12> <Depth = 16> <RAM>
ST_6 : Operation 749 [1/1] (0.37ns)   --->   "%uA_63 = select i1 %icmp_ln83, i12 %sA_15_load, i12 %sA_7_load" [kyber-mult-kernel-dataflow.cpp:83]   --->   Operation 749 'select' 'uA_63' <Predicate = true> <Delay = 0.37> <CoreInst = "Sel">   --->   Core 73 'Sel' <Latency = 0> <II = 1> <Delay = 0.37> <FuncUnit> <Opcode : 'select'> <InPorts = 3> <OutPorts = 1>
ST_6 : Operation 750 [1/1] (0.00ns)   --->   "%zext_ln83_7 = zext i12 %uA_63" [kyber-mult-kernel-dataflow.cpp:83]   --->   Operation 750 'zext' 'zext_ln83_7' <Predicate = true> <Delay = 0.00>
ST_6 : Operation 751 [1/1] (0.00ns)   --->   "%rbegin26 = specregionbegin i32 @_ssdm_op_SpecRegionBegin, void @empty_82" [kyber-mult-kernel-dataflow.cpp:36->kyber-mult-kernel-dataflow.cpp:83]   --->   Operation 751 'specregionbegin' 'rbegin26' <Predicate = true> <Delay = 0.00>
ST_6 : Operation 752 [1/1] (0.00ns)   --->   "%rend86 = specregionend i32 @_ssdm_op_SpecRegionEnd, void @empty_82, i32 %rbegin26" [kyber-mult-kernel-dataflow.cpp:36->kyber-mult-kernel-dataflow.cpp:83]   --->   Operation 752 'specregionend' 'rend86' <Predicate = true> <Delay = 0.00>
ST_6 : Operation 753 [1/1] (0.00ns)   --->   "%rbegin27 = specregionbegin i32 @_ssdm_op_SpecRegionBegin, void @empty_118" [kyber-mult-kernel-dataflow.cpp:39->kyber-mult-kernel-dataflow.cpp:83]   --->   Operation 753 'specregionbegin' 'rbegin27' <Predicate = true> <Delay = 0.00>
ST_6 : Operation 754 [1/1] (0.00ns)   --->   "%zext_ln40_97 = zext i23 %xw_273" [kyber-mult-kernel-dataflow.cpp:40->kyber-mult-kernel-dataflow.cpp:83]   --->   Operation 754 'zext' 'zext_ln40_97' <Predicate = true> <Delay = 0.00>
ST_6 : Operation 755 [1/1] (0.00ns)   --->   "%rend68 = specregionend i32 @_ssdm_op_SpecRegionEnd, void @empty_118, i32 %rbegin27" [kyber-mult-kernel-dataflow.cpp:39->kyber-mult-kernel-dataflow.cpp:83]   --->   Operation 755 'specregionend' 'rend68' <Predicate = true> <Delay = 0.00>
ST_6 : Operation 756 [1/1] (0.00ns)   --->   "%rbegin28 = specregionbegin i32 @_ssdm_op_SpecRegionBegin, void @empty_130" [kyber-mult-kernel-dataflow.cpp:41->kyber-mult-kernel-dataflow.cpp:83]   --->   Operation 756 'specregionbegin' 'rbegin28' <Predicate = true> <Delay = 0.00>
ST_6 : Operation 757 [1/3] (0.00ns) (grouped into DSP with root node r_273)   --->   "%qq_273 = mul i24 %zext_ln38_13, i24 3329" [kyber-mult-kernel-dataflow.cpp:41->kyber-mult-kernel-dataflow.cpp:83]   --->   Operation 757 'mul' 'qq_273' <Predicate = true> <Delay = 0.00> <CoreInst = "DSP48">   --->   Core 127 'DSP48' <Latency = 2> <II = 1> <Delay = 1.33> <IPBlock> <Opcode : '' 'add' 'sub' 'mul' 'select'> <InPorts = 0> <OutPorts = 1> <Sync> <CReg>
ST_6 : Operation 758 [1/1] (0.00ns)   --->   "%specfucore_ln42 = specfucore void @_ssdm_op_SpecFUCore, i24 %qq_273, i64 12, i64 3, i64 2" [kyber-mult-kernel-dataflow.cpp:42->kyber-mult-kernel-dataflow.cpp:83]   --->   Operation 758 'specfucore' 'specfucore_ln42' <Predicate = true> <Delay = 0.00>
ST_6 : Operation 759 [1/1] (0.00ns)   --->   "%rend46 = specregionend i32 @_ssdm_op_SpecRegionEnd, void @empty_130, i32 %rbegin28" [kyber-mult-kernel-dataflow.cpp:41->kyber-mult-kernel-dataflow.cpp:83]   --->   Operation 759 'specregionend' 'rend46' <Predicate = true> <Delay = 0.00>
ST_6 : Operation 760 [1/1] (2.03ns) (root node of the DSP)   --->   "%r_273 = sub i24 %zext_ln40_97, i24 %qq_273" [kyber-mult-kernel-dataflow.cpp:43->kyber-mult-kernel-dataflow.cpp:83]   --->   Operation 760 'sub' 'r_273' <Predicate = true> <Delay = 2.03> <CoreInst = "DSP48">   --->   Core 127 'DSP48' <Latency = 2> <II = 1> <Delay = 1.33> <IPBlock> <Opcode : '' 'add' 'sub' 'mul' 'select'> <InPorts = 0> <OutPorts = 1> <Sync> <CReg>
ST_6 : Operation 761 [1/1] (0.93ns)   --->   "%icmp_ln44_146 = icmp_ugt  i24 %r_273, i24 3328" [kyber-mult-kernel-dataflow.cpp:44->kyber-mult-kernel-dataflow.cpp:83]   --->   Operation 761 'icmp' 'icmp_ln44_146' <Predicate = true> <Delay = 0.93> <CoreInst = "Cmp">   --->   Core 9 'Cmp' <Latency = 0> <II = 1> <Delay = 0.93> <FuncUnit> <Opcode : 'icmp'> <InPorts = 2> <OutPorts = 1>
ST_6 : Operation 762 [1/1] (0.93ns)   --->   "%add_ln44_146 = add i24 %r_273, i24 16773887" [kyber-mult-kernel-dataflow.cpp:44->kyber-mult-kernel-dataflow.cpp:83]   --->   Operation 762 'add' 'add_ln44_146' <Predicate = true> <Delay = 0.93> <CoreInst = "Adder">   --->   Core 1 'Adder' <Latency = 0> <II = 1> <Delay = 0.93> <FuncUnit> <Opcode : 'add' 'sub'> <InPorts = 2> <OutPorts = 1>
ST_6 : Operation 763 [1/1] (0.32ns)   --->   "%tA_56 = select i1 %icmp_ln44_146, i24 %add_ln44_146, i24 %r_273" [kyber-mult-kernel-dataflow.cpp:44->kyber-mult-kernel-dataflow.cpp:83]   --->   Operation 763 'select' 'tA_56' <Predicate = true> <Delay = 0.32> <CoreInst = "Sel">   --->   Core 73 'Sel' <Latency = 0> <II = 1> <Delay = 0.32> <FuncUnit> <Opcode : 'select'> <InPorts = 3> <OutPorts = 1>
ST_6 : Operation 764 [1/1] (0.00ns) (grouped into LUT with out node sub_ln84_49)   --->   "%trunc_ln83_7 = trunc i24 %tA_56" [kyber-mult-kernel-dataflow.cpp:83]   --->   Operation 764 'trunc' 'trunc_ln83_7' <Predicate = true> <Delay = 0.00>
ST_6 : Operation 765 [1/1] (0.93ns)   --->   "%s_273 = add i24 %tA_56, i24 %zext_ln83_7" [kyber-mult-kernel-dataflow.cpp:48->kyber-mult-kernel-dataflow.cpp:84]   --->   Operation 765 'add' 's_273' <Predicate = true> <Delay = 0.93> <CoreInst = "Adder">   --->   Core 1 'Adder' <Latency = 0> <II = 1> <Delay = 0.93> <FuncUnit> <Opcode : 'add' 'sub'> <InPorts = 2> <OutPorts = 1>
ST_6 : Operation 766 [1/1] (0.93ns)   --->   "%icmp_ln48_146 = icmp_ugt  i24 %s_273, i24 3328" [kyber-mult-kernel-dataflow.cpp:48->kyber-mult-kernel-dataflow.cpp:84]   --->   Operation 766 'icmp' 'icmp_ln48_146' <Predicate = true> <Delay = 0.93> <CoreInst = "Cmp">   --->   Core 9 'Cmp' <Latency = 0> <II = 1> <Delay = 0.93> <FuncUnit> <Opcode : 'icmp'> <InPorts = 2> <OutPorts = 1>
ST_6 : Operation 767 [1/1] (0.00ns)   --->   "%trunc_ln48_230 = trunc i24 %s_273" [kyber-mult-kernel-dataflow.cpp:48->kyber-mult-kernel-dataflow.cpp:84]   --->   Operation 767 'trunc' 'trunc_ln48_230' <Predicate = true> <Delay = 0.00>
ST_6 : Operation 768 [1/1] (0.80ns)   --->   "%add_ln48_292 = add i12 %trunc_ln48_230, i12 767" [kyber-mult-kernel-dataflow.cpp:48->kyber-mult-kernel-dataflow.cpp:84]   --->   Operation 768 'add' 'add_ln48_292' <Predicate = true> <Delay = 0.80> <CoreInst = "Adder">   --->   Core 1 'Adder' <Latency = 0> <II = 1> <Delay = 0.80> <FuncUnit> <Opcode : 'add' 'sub'> <InPorts = 2> <OutPorts = 1>
ST_6 : Operation 769 [1/1] (0.37ns)   --->   "%select_ln48_146 = select i1 %icmp_ln48_146, i12 %add_ln48_292, i12 %trunc_ln48_230" [kyber-mult-kernel-dataflow.cpp:48->kyber-mult-kernel-dataflow.cpp:84]   --->   Operation 769 'select' 'select_ln48_146' <Predicate = true> <Delay = 0.37> <CoreInst = "Sel">   --->   Core 73 'Sel' <Latency = 0> <II = 1> <Delay = 0.37> <FuncUnit> <Opcode : 'select'> <InPorts = 3> <OutPorts = 1>
ST_6 : Operation 770 [1/1] (0.00ns)   --->   "%dA_7_addr = getelementptr i12 %dA_7, i64 0, i64 %zext_ln73_2" [kyber-mult-kernel-dataflow.cpp:84]   --->   Operation 770 'getelementptr' 'dA_7_addr' <Predicate = true> <Delay = 0.00>
ST_6 : Operation 771 [1/1] (0.00ns)   --->   "%dA_15_addr = getelementptr i12 %dA_15, i64 0, i64 %zext_ln73_2" [kyber-mult-kernel-dataflow.cpp:84]   --->   Operation 771 'getelementptr' 'dA_15_addr' <Predicate = true> <Delay = 0.00>
ST_6 : Operation 772 [1/1] (0.93ns)   --->   "%icmp_ln52_146 = icmp_ult  i24 %zext_ln83_7, i24 %tA_56" [kyber-mult-kernel-dataflow.cpp:52->kyber-mult-kernel-dataflow.cpp:84]   --->   Operation 772 'icmp' 'icmp_ln52_146' <Predicate = true> <Delay = 0.93> <CoreInst = "Cmp">   --->   Core 9 'Cmp' <Latency = 0> <II = 1> <Delay = 0.93> <FuncUnit> <Opcode : 'icmp'> <InPorts = 2> <OutPorts = 1>
ST_6 : Operation 773 [1/1] (0.00ns) (grouped into LUT with out node sub_ln84_49)   --->   "%xor_ln52_146 = xor i1 %icmp_ln52_146, i1 1" [kyber-mult-kernel-dataflow.cpp:52->kyber-mult-kernel-dataflow.cpp:84]   --->   Operation 773 'xor' 'xor_ln52_146' <Predicate = true> <Delay = 0.00> <CoreInst = "LogicGate">   --->   Core 74 'LogicGate' <Latency = 0> <II = 1> <Delay = 0.28> <FuncUnit> <Opcode : 'and' 'or' 'xor'> <InPorts = 2> <OutPorts = 1>
ST_6 : Operation 774 [1/1] (0.80ns)   --->   "%add_ln52_146 = add i12 %uA_63, i12 3329" [kyber-mult-kernel-dataflow.cpp:52->kyber-mult-kernel-dataflow.cpp:84]   --->   Operation 774 'add' 'add_ln52_146' <Predicate = true> <Delay = 0.80> <CoreInst = "Adder">   --->   Core 1 'Adder' <Latency = 0> <II = 1> <Delay = 0.80> <FuncUnit> <Opcode : 'add' 'sub'> <InPorts = 2> <OutPorts = 1>
ST_6 : Operation 775 [1/1] (0.00ns) (grouped into LUT with out node sub_ln84_49)   --->   "%select_ln52_146 = select i1 %xor_ln52_146, i12 %uA_63, i12 %add_ln52_146" [kyber-mult-kernel-dataflow.cpp:52->kyber-mult-kernel-dataflow.cpp:84]   --->   Operation 775 'select' 'select_ln52_146' <Predicate = true> <Delay = 0.00> <CoreInst = "Sel">   --->   Core 73 'Sel' <Latency = 0> <II = 1> <Delay = 0.37> <FuncUnit> <Opcode : 'select'> <InPorts = 3> <OutPorts = 1>
ST_6 : Operation 776 [1/1] (0.80ns) (out node of the LUT)   --->   "%sub_ln84_49 = sub i12 %select_ln52_146, i12 %trunc_ln83_7" [kyber-mult-kernel-dataflow.cpp:84]   --->   Operation 776 'sub' 'sub_ln84_49' <Predicate = true> <Delay = 0.80> <CoreInst = "Adder">   --->   Core 1 'Adder' <Latency = 0> <II = 1> <Delay = 0.80> <FuncUnit> <Opcode : 'add' 'sub'> <InPorts = 2> <OutPorts = 1>
ST_6 : Operation 777 [1/2] (0.67ns)   --->   "%sB_0_load = load i4 %sB_0_addr" [kyber-mult-kernel-dataflow.cpp:85]   --->   Operation 777 'load' 'sB_0_load' <Predicate = (!icmp_ln83)> <Delay = 0.67> <CoreInst = "RAM">   --->   Core 83 'RAM' <Latency = 1> <II = 1> <Delay = 0.67> <Storage> <Opcode : 'load' 'store'> <Ports = 2> <Width = 12> <Depth = 16> <RAM>
ST_6 : Operation 778 [1/2] (0.67ns)   --->   "%sB_8_load = load i4 %sB_8_addr" [kyber-mult-kernel-dataflow.cpp:85]   --->   Operation 778 'load' 'sB_8_load' <Predicate = (icmp_ln83)> <Delay = 0.67> <CoreInst = "RAM">   --->   Core 83 'RAM' <Latency = 1> <II = 1> <Delay = 0.67> <Storage> <Opcode : 'load' 'store'> <Ports = 2> <Width = 12> <Depth = 16> <RAM>
ST_6 : Operation 779 [1/1] (0.37ns)   --->   "%uB_57 = select i1 %icmp_ln83, i12 %sB_8_load, i12 %sB_0_load" [kyber-mult-kernel-dataflow.cpp:85]   --->   Operation 779 'select' 'uB_57' <Predicate = true> <Delay = 0.37> <CoreInst = "Sel">   --->   Core 73 'Sel' <Latency = 0> <II = 1> <Delay = 0.37> <FuncUnit> <Opcode : 'select'> <InPorts = 3> <OutPorts = 1>
ST_6 : Operation 780 [1/1] (0.00ns)   --->   "%zext_ln52_127 = zext i12 %uB_57" [kyber-mult-kernel-dataflow.cpp:52->kyber-mult-kernel-dataflow.cpp:86]   --->   Operation 780 'zext' 'zext_ln52_127' <Predicate = true> <Delay = 0.00>
ST_6 : Operation 781 [1/1] (0.80ns)   --->   "%add_ln52_147 = add i12 %uB_57, i12 3329" [kyber-mult-kernel-dataflow.cpp:52->kyber-mult-kernel-dataflow.cpp:86]   --->   Operation 781 'add' 'add_ln52_147' <Predicate = true> <Delay = 0.80> <CoreInst = "Adder">   --->   Core 1 'Adder' <Latency = 0> <II = 1> <Delay = 0.80> <FuncUnit> <Opcode : 'add' 'sub'> <InPorts = 2> <OutPorts = 1>
ST_6 : Operation 782 [1/1] (0.00ns)   --->   "%zext_ln40_98 = zext i23 %xw_275" [kyber-mult-kernel-dataflow.cpp:40->kyber-mult-kernel-dataflow.cpp:85]   --->   Operation 782 'zext' 'zext_ln40_98' <Predicate = true> <Delay = 0.00>
ST_6 : Operation 783 [1/3] (0.00ns) (grouped into DSP with root node r_275)   --->   "%qq_275 = mul i24 %zext_ln39_78, i24 3329" [kyber-mult-kernel-dataflow.cpp:41->kyber-mult-kernel-dataflow.cpp:85]   --->   Operation 783 'mul' 'qq_275' <Predicate = true> <Delay = 0.00> <CoreInst = "DSP48">   --->   Core 127 'DSP48' <Latency = 2> <II = 1> <Delay = 1.33> <IPBlock> <Opcode : '' 'add' 'sub' 'mul' 'select'> <InPorts = 0> <OutPorts = 1> <Sync> <CReg>
ST_6 : Operation 784 [1/1] (0.00ns)   --->   "%specfucore_ln42 = specfucore void @_ssdm_op_SpecFUCore, i24 %qq_275, i64 12, i64 3, i64 2" [kyber-mult-kernel-dataflow.cpp:42->kyber-mult-kernel-dataflow.cpp:85]   --->   Operation 784 'specfucore' 'specfucore_ln42' <Predicate = true> <Delay = 0.00>
ST_6 : Operation 785 [1/1] (2.03ns) (root node of the DSP)   --->   "%r_275 = sub i24 %zext_ln40_98, i24 %qq_275" [kyber-mult-kernel-dataflow.cpp:43->kyber-mult-kernel-dataflow.cpp:85]   --->   Operation 785 'sub' 'r_275' <Predicate = true> <Delay = 2.03> <CoreInst = "DSP48">   --->   Core 127 'DSP48' <Latency = 2> <II = 1> <Delay = 1.33> <IPBlock> <Opcode : '' 'add' 'sub' 'mul' 'select'> <InPorts = 0> <OutPorts = 1> <Sync> <CReg>
ST_6 : Operation 786 [1/1] (0.93ns)   --->   "%icmp_ln44_147 = icmp_ugt  i24 %r_275, i24 3328" [kyber-mult-kernel-dataflow.cpp:44->kyber-mult-kernel-dataflow.cpp:85]   --->   Operation 786 'icmp' 'icmp_ln44_147' <Predicate = true> <Delay = 0.93> <CoreInst = "Cmp">   --->   Core 9 'Cmp' <Latency = 0> <II = 1> <Delay = 0.93> <FuncUnit> <Opcode : 'icmp'> <InPorts = 2> <OutPorts = 1>
ST_6 : Operation 787 [1/1] (0.93ns)   --->   "%add_ln44_147 = add i24 %r_275, i24 16773887" [kyber-mult-kernel-dataflow.cpp:44->kyber-mult-kernel-dataflow.cpp:85]   --->   Operation 787 'add' 'add_ln44_147' <Predicate = true> <Delay = 0.93> <CoreInst = "Adder">   --->   Core 1 'Adder' <Latency = 0> <II = 1> <Delay = 0.93> <FuncUnit> <Opcode : 'add' 'sub'> <InPorts = 2> <OutPorts = 1>
ST_6 : Operation 788 [1/1] (0.32ns)   --->   "%tB_56 = select i1 %icmp_ln44_147, i24 %add_ln44_147, i24 %r_275" [kyber-mult-kernel-dataflow.cpp:44->kyber-mult-kernel-dataflow.cpp:85]   --->   Operation 788 'select' 'tB_56' <Predicate = true> <Delay = 0.32> <CoreInst = "Sel">   --->   Core 73 'Sel' <Latency = 0> <II = 1> <Delay = 0.32> <FuncUnit> <Opcode : 'select'> <InPorts = 3> <OutPorts = 1>
ST_6 : Operation 789 [1/1] (0.00ns) (grouped into LUT with out node sub_ln86)   --->   "%trunc_ln48_231 = trunc i24 %tB_56" [kyber-mult-kernel-dataflow.cpp:48->kyber-mult-kernel-dataflow.cpp:86]   --->   Operation 789 'trunc' 'trunc_ln48_231' <Predicate = true> <Delay = 0.00>
ST_6 : Operation 790 [1/1] (0.93ns)   --->   "%s_275 = add i24 %tB_56, i24 %zext_ln52_127" [kyber-mult-kernel-dataflow.cpp:48->kyber-mult-kernel-dataflow.cpp:86]   --->   Operation 790 'add' 's_275' <Predicate = true> <Delay = 0.93> <CoreInst = "Adder">   --->   Core 1 'Adder' <Latency = 0> <II = 1> <Delay = 0.93> <FuncUnit> <Opcode : 'add' 'sub'> <InPorts = 2> <OutPorts = 1>
ST_6 : Operation 791 [1/1] (0.93ns)   --->   "%icmp_ln48_147 = icmp_ugt  i24 %s_275, i24 3328" [kyber-mult-kernel-dataflow.cpp:48->kyber-mult-kernel-dataflow.cpp:86]   --->   Operation 791 'icmp' 'icmp_ln48_147' <Predicate = true> <Delay = 0.93> <CoreInst = "Cmp">   --->   Core 9 'Cmp' <Latency = 0> <II = 1> <Delay = 0.93> <FuncUnit> <Opcode : 'icmp'> <InPorts = 2> <OutPorts = 1>
ST_6 : Operation 792 [1/1] (0.00ns)   --->   "%trunc_ln48_232 = trunc i24 %s_275" [kyber-mult-kernel-dataflow.cpp:48->kyber-mult-kernel-dataflow.cpp:86]   --->   Operation 792 'trunc' 'trunc_ln48_232' <Predicate = true> <Delay = 0.00>
ST_6 : Operation 793 [1/1] (0.80ns)   --->   "%add_ln48_294 = add i12 %trunc_ln48_232, i12 767" [kyber-mult-kernel-dataflow.cpp:48->kyber-mult-kernel-dataflow.cpp:86]   --->   Operation 793 'add' 'add_ln48_294' <Predicate = true> <Delay = 0.80> <CoreInst = "Adder">   --->   Core 1 'Adder' <Latency = 0> <II = 1> <Delay = 0.80> <FuncUnit> <Opcode : 'add' 'sub'> <InPorts = 2> <OutPorts = 1>
ST_6 : Operation 794 [1/1] (0.37ns)   --->   "%select_ln48_147 = select i1 %icmp_ln48_147, i12 %add_ln48_294, i12 %trunc_ln48_232" [kyber-mult-kernel-dataflow.cpp:48->kyber-mult-kernel-dataflow.cpp:86]   --->   Operation 794 'select' 'select_ln48_147' <Predicate = true> <Delay = 0.37> <CoreInst = "Sel">   --->   Core 73 'Sel' <Latency = 0> <II = 1> <Delay = 0.37> <FuncUnit> <Opcode : 'select'> <InPorts = 3> <OutPorts = 1>
ST_6 : Operation 795 [1/1] (0.93ns)   --->   "%icmp_ln52_147 = icmp_ult  i24 %zext_ln52_127, i24 %tB_56" [kyber-mult-kernel-dataflow.cpp:52->kyber-mult-kernel-dataflow.cpp:86]   --->   Operation 795 'icmp' 'icmp_ln52_147' <Predicate = true> <Delay = 0.93> <CoreInst = "Cmp">   --->   Core 9 'Cmp' <Latency = 0> <II = 1> <Delay = 0.93> <FuncUnit> <Opcode : 'icmp'> <InPorts = 2> <OutPorts = 1>
ST_6 : Operation 796 [1/1] (0.00ns) (grouped into LUT with out node sub_ln86)   --->   "%xor_ln52_147 = xor i1 %icmp_ln52_147, i1 1" [kyber-mult-kernel-dataflow.cpp:52->kyber-mult-kernel-dataflow.cpp:86]   --->   Operation 796 'xor' 'xor_ln52_147' <Predicate = true> <Delay = 0.00> <CoreInst = "LogicGate">   --->   Core 74 'LogicGate' <Latency = 0> <II = 1> <Delay = 0.28> <FuncUnit> <Opcode : 'and' 'or' 'xor'> <InPorts = 2> <OutPorts = 1>
ST_6 : Operation 797 [1/1] (0.00ns) (grouped into LUT with out node sub_ln86)   --->   "%select_ln52_147 = select i1 %xor_ln52_147, i12 %uB_57, i12 %add_ln52_147" [kyber-mult-kernel-dataflow.cpp:52->kyber-mult-kernel-dataflow.cpp:86]   --->   Operation 797 'select' 'select_ln52_147' <Predicate = true> <Delay = 0.00> <CoreInst = "Sel">   --->   Core 73 'Sel' <Latency = 0> <II = 1> <Delay = 0.37> <FuncUnit> <Opcode : 'select'> <InPorts = 3> <OutPorts = 1>
ST_6 : Operation 798 [1/1] (0.80ns) (out node of the LUT)   --->   "%sub_ln86 = sub i12 %select_ln52_147, i12 %trunc_ln48_231" [kyber-mult-kernel-dataflow.cpp:86]   --->   Operation 798 'sub' 'sub_ln86' <Predicate = true> <Delay = 0.80> <CoreInst = "Adder">   --->   Core 1 'Adder' <Latency = 0> <II = 1> <Delay = 0.80> <FuncUnit> <Opcode : 'add' 'sub'> <InPorts = 2> <OutPorts = 1>
ST_6 : Operation 799 [1/2] (0.67ns)   --->   "%sB_1_load = load i4 %sB_1_addr" [kyber-mult-kernel-dataflow.cpp:85]   --->   Operation 799 'load' 'sB_1_load' <Predicate = (!icmp_ln83)> <Delay = 0.67> <CoreInst = "RAM">   --->   Core 83 'RAM' <Latency = 1> <II = 1> <Delay = 0.67> <Storage> <Opcode : 'load' 'store'> <Ports = 2> <Width = 12> <Depth = 16> <RAM>
ST_6 : Operation 800 [1/2] (0.67ns)   --->   "%sB_9_load = load i4 %sB_9_addr" [kyber-mult-kernel-dataflow.cpp:85]   --->   Operation 800 'load' 'sB_9_load' <Predicate = (icmp_ln83)> <Delay = 0.67> <CoreInst = "RAM">   --->   Core 83 'RAM' <Latency = 1> <II = 1> <Delay = 0.67> <Storage> <Opcode : 'load' 'store'> <Ports = 2> <Width = 12> <Depth = 16> <RAM>
ST_6 : Operation 801 [1/1] (0.37ns)   --->   "%uB_58 = select i1 %icmp_ln83, i12 %sB_9_load, i12 %sB_1_load" [kyber-mult-kernel-dataflow.cpp:85]   --->   Operation 801 'select' 'uB_58' <Predicate = true> <Delay = 0.37> <CoreInst = "Sel">   --->   Core 73 'Sel' <Latency = 0> <II = 1> <Delay = 0.37> <FuncUnit> <Opcode : 'select'> <InPorts = 3> <OutPorts = 1>
ST_6 : Operation 802 [1/1] (0.00ns)   --->   "%zext_ln52_128 = zext i12 %uB_58" [kyber-mult-kernel-dataflow.cpp:52->kyber-mult-kernel-dataflow.cpp:86]   --->   Operation 802 'zext' 'zext_ln52_128' <Predicate = true> <Delay = 0.00>
ST_6 : Operation 803 [1/1] (0.80ns)   --->   "%add_ln52_148 = add i12 %uB_58, i12 3329" [kyber-mult-kernel-dataflow.cpp:52->kyber-mult-kernel-dataflow.cpp:86]   --->   Operation 803 'add' 'add_ln52_148' <Predicate = true> <Delay = 0.80> <CoreInst = "Adder">   --->   Core 1 'Adder' <Latency = 0> <II = 1> <Delay = 0.80> <FuncUnit> <Opcode : 'add' 'sub'> <InPorts = 2> <OutPorts = 1>
ST_6 : Operation 804 [1/1] (0.00ns)   --->   "%zext_ln40_99 = zext i23 %xw_277" [kyber-mult-kernel-dataflow.cpp:40->kyber-mult-kernel-dataflow.cpp:85]   --->   Operation 804 'zext' 'zext_ln40_99' <Predicate = true> <Delay = 0.00>
ST_6 : Operation 805 [1/3] (0.00ns) (grouped into DSP with root node r_277)   --->   "%qq_277 = mul i24 %zext_ln39_79, i24 3329" [kyber-mult-kernel-dataflow.cpp:41->kyber-mult-kernel-dataflow.cpp:85]   --->   Operation 805 'mul' 'qq_277' <Predicate = true> <Delay = 0.00> <CoreInst = "DSP48">   --->   Core 127 'DSP48' <Latency = 2> <II = 1> <Delay = 1.33> <IPBlock> <Opcode : '' 'add' 'sub' 'mul' 'select'> <InPorts = 0> <OutPorts = 1> <Sync> <CReg>
ST_6 : Operation 806 [1/1] (0.00ns)   --->   "%specfucore_ln42 = specfucore void @_ssdm_op_SpecFUCore, i24 %qq_277, i64 12, i64 3, i64 2" [kyber-mult-kernel-dataflow.cpp:42->kyber-mult-kernel-dataflow.cpp:85]   --->   Operation 806 'specfucore' 'specfucore_ln42' <Predicate = true> <Delay = 0.00>
ST_6 : Operation 807 [1/1] (2.03ns) (root node of the DSP)   --->   "%r_277 = sub i24 %zext_ln40_99, i24 %qq_277" [kyber-mult-kernel-dataflow.cpp:43->kyber-mult-kernel-dataflow.cpp:85]   --->   Operation 807 'sub' 'r_277' <Predicate = true> <Delay = 2.03> <CoreInst = "DSP48">   --->   Core 127 'DSP48' <Latency = 2> <II = 1> <Delay = 1.33> <IPBlock> <Opcode : '' 'add' 'sub' 'mul' 'select'> <InPorts = 0> <OutPorts = 1> <Sync> <CReg>
ST_6 : Operation 808 [1/1] (0.93ns)   --->   "%icmp_ln44_148 = icmp_ugt  i24 %r_277, i24 3328" [kyber-mult-kernel-dataflow.cpp:44->kyber-mult-kernel-dataflow.cpp:85]   --->   Operation 808 'icmp' 'icmp_ln44_148' <Predicate = true> <Delay = 0.93> <CoreInst = "Cmp">   --->   Core 9 'Cmp' <Latency = 0> <II = 1> <Delay = 0.93> <FuncUnit> <Opcode : 'icmp'> <InPorts = 2> <OutPorts = 1>
ST_6 : Operation 809 [1/1] (0.93ns)   --->   "%add_ln44_148 = add i24 %r_277, i24 16773887" [kyber-mult-kernel-dataflow.cpp:44->kyber-mult-kernel-dataflow.cpp:85]   --->   Operation 809 'add' 'add_ln44_148' <Predicate = true> <Delay = 0.93> <CoreInst = "Adder">   --->   Core 1 'Adder' <Latency = 0> <II = 1> <Delay = 0.93> <FuncUnit> <Opcode : 'add' 'sub'> <InPorts = 2> <OutPorts = 1>
ST_6 : Operation 810 [1/1] (0.32ns)   --->   "%tB_57 = select i1 %icmp_ln44_148, i24 %add_ln44_148, i24 %r_277" [kyber-mult-kernel-dataflow.cpp:44->kyber-mult-kernel-dataflow.cpp:85]   --->   Operation 810 'select' 'tB_57' <Predicate = true> <Delay = 0.32> <CoreInst = "Sel">   --->   Core 73 'Sel' <Latency = 0> <II = 1> <Delay = 0.32> <FuncUnit> <Opcode : 'select'> <InPorts = 3> <OutPorts = 1>
ST_6 : Operation 811 [1/1] (0.00ns) (grouped into LUT with out node sub_ln86_43)   --->   "%trunc_ln48_233 = trunc i24 %tB_57" [kyber-mult-kernel-dataflow.cpp:48->kyber-mult-kernel-dataflow.cpp:86]   --->   Operation 811 'trunc' 'trunc_ln48_233' <Predicate = true> <Delay = 0.00>
ST_6 : Operation 812 [1/1] (0.93ns)   --->   "%s_277 = add i24 %tB_57, i24 %zext_ln52_128" [kyber-mult-kernel-dataflow.cpp:48->kyber-mult-kernel-dataflow.cpp:86]   --->   Operation 812 'add' 's_277' <Predicate = true> <Delay = 0.93> <CoreInst = "Adder">   --->   Core 1 'Adder' <Latency = 0> <II = 1> <Delay = 0.93> <FuncUnit> <Opcode : 'add' 'sub'> <InPorts = 2> <OutPorts = 1>
ST_6 : Operation 813 [1/1] (0.93ns)   --->   "%icmp_ln48_148 = icmp_ugt  i24 %s_277, i24 3328" [kyber-mult-kernel-dataflow.cpp:48->kyber-mult-kernel-dataflow.cpp:86]   --->   Operation 813 'icmp' 'icmp_ln48_148' <Predicate = true> <Delay = 0.93> <CoreInst = "Cmp">   --->   Core 9 'Cmp' <Latency = 0> <II = 1> <Delay = 0.93> <FuncUnit> <Opcode : 'icmp'> <InPorts = 2> <OutPorts = 1>
ST_6 : Operation 814 [1/1] (0.00ns)   --->   "%trunc_ln48_234 = trunc i24 %s_277" [kyber-mult-kernel-dataflow.cpp:48->kyber-mult-kernel-dataflow.cpp:86]   --->   Operation 814 'trunc' 'trunc_ln48_234' <Predicate = true> <Delay = 0.00>
ST_6 : Operation 815 [1/1] (0.80ns)   --->   "%add_ln48_296 = add i12 %trunc_ln48_234, i12 767" [kyber-mult-kernel-dataflow.cpp:48->kyber-mult-kernel-dataflow.cpp:86]   --->   Operation 815 'add' 'add_ln48_296' <Predicate = true> <Delay = 0.80> <CoreInst = "Adder">   --->   Core 1 'Adder' <Latency = 0> <II = 1> <Delay = 0.80> <FuncUnit> <Opcode : 'add' 'sub'> <InPorts = 2> <OutPorts = 1>
ST_6 : Operation 816 [1/1] (0.37ns)   --->   "%select_ln48_148 = select i1 %icmp_ln48_148, i12 %add_ln48_296, i12 %trunc_ln48_234" [kyber-mult-kernel-dataflow.cpp:48->kyber-mult-kernel-dataflow.cpp:86]   --->   Operation 816 'select' 'select_ln48_148' <Predicate = true> <Delay = 0.37> <CoreInst = "Sel">   --->   Core 73 'Sel' <Latency = 0> <II = 1> <Delay = 0.37> <FuncUnit> <Opcode : 'select'> <InPorts = 3> <OutPorts = 1>
ST_6 : Operation 817 [1/1] (0.93ns)   --->   "%icmp_ln52_148 = icmp_ult  i24 %zext_ln52_128, i24 %tB_57" [kyber-mult-kernel-dataflow.cpp:52->kyber-mult-kernel-dataflow.cpp:86]   --->   Operation 817 'icmp' 'icmp_ln52_148' <Predicate = true> <Delay = 0.93> <CoreInst = "Cmp">   --->   Core 9 'Cmp' <Latency = 0> <II = 1> <Delay = 0.93> <FuncUnit> <Opcode : 'icmp'> <InPorts = 2> <OutPorts = 1>
ST_6 : Operation 818 [1/1] (0.00ns) (grouped into LUT with out node sub_ln86_43)   --->   "%xor_ln52_148 = xor i1 %icmp_ln52_148, i1 1" [kyber-mult-kernel-dataflow.cpp:52->kyber-mult-kernel-dataflow.cpp:86]   --->   Operation 818 'xor' 'xor_ln52_148' <Predicate = true> <Delay = 0.00> <CoreInst = "LogicGate">   --->   Core 74 'LogicGate' <Latency = 0> <II = 1> <Delay = 0.28> <FuncUnit> <Opcode : 'and' 'or' 'xor'> <InPorts = 2> <OutPorts = 1>
ST_6 : Operation 819 [1/1] (0.00ns) (grouped into LUT with out node sub_ln86_43)   --->   "%select_ln52_148 = select i1 %xor_ln52_148, i12 %uB_58, i12 %add_ln52_148" [kyber-mult-kernel-dataflow.cpp:52->kyber-mult-kernel-dataflow.cpp:86]   --->   Operation 819 'select' 'select_ln52_148' <Predicate = true> <Delay = 0.00> <CoreInst = "Sel">   --->   Core 73 'Sel' <Latency = 0> <II = 1> <Delay = 0.37> <FuncUnit> <Opcode : 'select'> <InPorts = 3> <OutPorts = 1>
ST_6 : Operation 820 [1/1] (0.80ns) (out node of the LUT)   --->   "%sub_ln86_43 = sub i12 %select_ln52_148, i12 %trunc_ln48_233" [kyber-mult-kernel-dataflow.cpp:86]   --->   Operation 820 'sub' 'sub_ln86_43' <Predicate = true> <Delay = 0.80> <CoreInst = "Adder">   --->   Core 1 'Adder' <Latency = 0> <II = 1> <Delay = 0.80> <FuncUnit> <Opcode : 'add' 'sub'> <InPorts = 2> <OutPorts = 1>
ST_6 : Operation 821 [1/2] (0.67ns)   --->   "%sB_2_load = load i4 %sB_2_addr" [kyber-mult-kernel-dataflow.cpp:85]   --->   Operation 821 'load' 'sB_2_load' <Predicate = (!icmp_ln83)> <Delay = 0.67> <CoreInst = "RAM">   --->   Core 83 'RAM' <Latency = 1> <II = 1> <Delay = 0.67> <Storage> <Opcode : 'load' 'store'> <Ports = 2> <Width = 12> <Depth = 16> <RAM>
ST_6 : Operation 822 [1/2] (0.67ns)   --->   "%sB_10_load = load i4 %sB_10_addr" [kyber-mult-kernel-dataflow.cpp:85]   --->   Operation 822 'load' 'sB_10_load' <Predicate = (icmp_ln83)> <Delay = 0.67> <CoreInst = "RAM">   --->   Core 83 'RAM' <Latency = 1> <II = 1> <Delay = 0.67> <Storage> <Opcode : 'load' 'store'> <Ports = 2> <Width = 12> <Depth = 16> <RAM>
ST_6 : Operation 823 [1/1] (0.37ns)   --->   "%uB_59 = select i1 %icmp_ln83, i12 %sB_10_load, i12 %sB_2_load" [kyber-mult-kernel-dataflow.cpp:85]   --->   Operation 823 'select' 'uB_59' <Predicate = true> <Delay = 0.37> <CoreInst = "Sel">   --->   Core 73 'Sel' <Latency = 0> <II = 1> <Delay = 0.37> <FuncUnit> <Opcode : 'select'> <InPorts = 3> <OutPorts = 1>
ST_6 : Operation 824 [1/1] (0.00ns)   --->   "%zext_ln52_129 = zext i12 %uB_59" [kyber-mult-kernel-dataflow.cpp:52->kyber-mult-kernel-dataflow.cpp:86]   --->   Operation 824 'zext' 'zext_ln52_129' <Predicate = true> <Delay = 0.00>
ST_6 : Operation 825 [1/1] (0.80ns)   --->   "%add_ln52_149 = add i12 %uB_59, i12 3329" [kyber-mult-kernel-dataflow.cpp:52->kyber-mult-kernel-dataflow.cpp:86]   --->   Operation 825 'add' 'add_ln52_149' <Predicate = true> <Delay = 0.80> <CoreInst = "Adder">   --->   Core 1 'Adder' <Latency = 0> <II = 1> <Delay = 0.80> <FuncUnit> <Opcode : 'add' 'sub'> <InPorts = 2> <OutPorts = 1>
ST_6 : Operation 826 [1/1] (0.00ns)   --->   "%zext_ln40_100 = zext i23 %xw_279" [kyber-mult-kernel-dataflow.cpp:40->kyber-mult-kernel-dataflow.cpp:85]   --->   Operation 826 'zext' 'zext_ln40_100' <Predicate = true> <Delay = 0.00>
ST_6 : Operation 827 [1/3] (0.00ns) (grouped into DSP with root node r_279)   --->   "%qq_279 = mul i24 %zext_ln39_80, i24 3329" [kyber-mult-kernel-dataflow.cpp:41->kyber-mult-kernel-dataflow.cpp:85]   --->   Operation 827 'mul' 'qq_279' <Predicate = true> <Delay = 0.00> <CoreInst = "DSP48">   --->   Core 127 'DSP48' <Latency = 2> <II = 1> <Delay = 1.33> <IPBlock> <Opcode : '' 'add' 'sub' 'mul' 'select'> <InPorts = 0> <OutPorts = 1> <Sync> <CReg>
ST_6 : Operation 828 [1/1] (0.00ns)   --->   "%specfucore_ln42 = specfucore void @_ssdm_op_SpecFUCore, i24 %qq_279, i64 12, i64 3, i64 2" [kyber-mult-kernel-dataflow.cpp:42->kyber-mult-kernel-dataflow.cpp:85]   --->   Operation 828 'specfucore' 'specfucore_ln42' <Predicate = true> <Delay = 0.00>
ST_6 : Operation 829 [1/1] (2.03ns) (root node of the DSP)   --->   "%r_279 = sub i24 %zext_ln40_100, i24 %qq_279" [kyber-mult-kernel-dataflow.cpp:43->kyber-mult-kernel-dataflow.cpp:85]   --->   Operation 829 'sub' 'r_279' <Predicate = true> <Delay = 2.03> <CoreInst = "DSP48">   --->   Core 127 'DSP48' <Latency = 2> <II = 1> <Delay = 1.33> <IPBlock> <Opcode : '' 'add' 'sub' 'mul' 'select'> <InPorts = 0> <OutPorts = 1> <Sync> <CReg>
ST_6 : Operation 830 [1/1] (0.93ns)   --->   "%icmp_ln44_149 = icmp_ugt  i24 %r_279, i24 3328" [kyber-mult-kernel-dataflow.cpp:44->kyber-mult-kernel-dataflow.cpp:85]   --->   Operation 830 'icmp' 'icmp_ln44_149' <Predicate = true> <Delay = 0.93> <CoreInst = "Cmp">   --->   Core 9 'Cmp' <Latency = 0> <II = 1> <Delay = 0.93> <FuncUnit> <Opcode : 'icmp'> <InPorts = 2> <OutPorts = 1>
ST_6 : Operation 831 [1/1] (0.93ns)   --->   "%add_ln44_149 = add i24 %r_279, i24 16773887" [kyber-mult-kernel-dataflow.cpp:44->kyber-mult-kernel-dataflow.cpp:85]   --->   Operation 831 'add' 'add_ln44_149' <Predicate = true> <Delay = 0.93> <CoreInst = "Adder">   --->   Core 1 'Adder' <Latency = 0> <II = 1> <Delay = 0.93> <FuncUnit> <Opcode : 'add' 'sub'> <InPorts = 2> <OutPorts = 1>
ST_6 : Operation 832 [1/1] (0.32ns)   --->   "%tB_58 = select i1 %icmp_ln44_149, i24 %add_ln44_149, i24 %r_279" [kyber-mult-kernel-dataflow.cpp:44->kyber-mult-kernel-dataflow.cpp:85]   --->   Operation 832 'select' 'tB_58' <Predicate = true> <Delay = 0.32> <CoreInst = "Sel">   --->   Core 73 'Sel' <Latency = 0> <II = 1> <Delay = 0.32> <FuncUnit> <Opcode : 'select'> <InPorts = 3> <OutPorts = 1>
ST_6 : Operation 833 [1/1] (0.00ns) (grouped into LUT with out node sub_ln86_44)   --->   "%trunc_ln48_235 = trunc i24 %tB_58" [kyber-mult-kernel-dataflow.cpp:48->kyber-mult-kernel-dataflow.cpp:86]   --->   Operation 833 'trunc' 'trunc_ln48_235' <Predicate = true> <Delay = 0.00>
ST_6 : Operation 834 [1/1] (0.93ns)   --->   "%s_279 = add i24 %tB_58, i24 %zext_ln52_129" [kyber-mult-kernel-dataflow.cpp:48->kyber-mult-kernel-dataflow.cpp:86]   --->   Operation 834 'add' 's_279' <Predicate = true> <Delay = 0.93> <CoreInst = "Adder">   --->   Core 1 'Adder' <Latency = 0> <II = 1> <Delay = 0.93> <FuncUnit> <Opcode : 'add' 'sub'> <InPorts = 2> <OutPorts = 1>
ST_6 : Operation 835 [1/1] (0.93ns)   --->   "%icmp_ln48_149 = icmp_ugt  i24 %s_279, i24 3328" [kyber-mult-kernel-dataflow.cpp:48->kyber-mult-kernel-dataflow.cpp:86]   --->   Operation 835 'icmp' 'icmp_ln48_149' <Predicate = true> <Delay = 0.93> <CoreInst = "Cmp">   --->   Core 9 'Cmp' <Latency = 0> <II = 1> <Delay = 0.93> <FuncUnit> <Opcode : 'icmp'> <InPorts = 2> <OutPorts = 1>
ST_6 : Operation 836 [1/1] (0.00ns)   --->   "%trunc_ln48_236 = trunc i24 %s_279" [kyber-mult-kernel-dataflow.cpp:48->kyber-mult-kernel-dataflow.cpp:86]   --->   Operation 836 'trunc' 'trunc_ln48_236' <Predicate = true> <Delay = 0.00>
ST_6 : Operation 837 [1/1] (0.80ns)   --->   "%add_ln48_298 = add i12 %trunc_ln48_236, i12 767" [kyber-mult-kernel-dataflow.cpp:48->kyber-mult-kernel-dataflow.cpp:86]   --->   Operation 837 'add' 'add_ln48_298' <Predicate = true> <Delay = 0.80> <CoreInst = "Adder">   --->   Core 1 'Adder' <Latency = 0> <II = 1> <Delay = 0.80> <FuncUnit> <Opcode : 'add' 'sub'> <InPorts = 2> <OutPorts = 1>
ST_6 : Operation 838 [1/1] (0.37ns)   --->   "%select_ln48_149 = select i1 %icmp_ln48_149, i12 %add_ln48_298, i12 %trunc_ln48_236" [kyber-mult-kernel-dataflow.cpp:48->kyber-mult-kernel-dataflow.cpp:86]   --->   Operation 838 'select' 'select_ln48_149' <Predicate = true> <Delay = 0.37> <CoreInst = "Sel">   --->   Core 73 'Sel' <Latency = 0> <II = 1> <Delay = 0.37> <FuncUnit> <Opcode : 'select'> <InPorts = 3> <OutPorts = 1>
ST_6 : Operation 839 [1/1] (0.93ns)   --->   "%icmp_ln52_149 = icmp_ult  i24 %zext_ln52_129, i24 %tB_58" [kyber-mult-kernel-dataflow.cpp:52->kyber-mult-kernel-dataflow.cpp:86]   --->   Operation 839 'icmp' 'icmp_ln52_149' <Predicate = true> <Delay = 0.93> <CoreInst = "Cmp">   --->   Core 9 'Cmp' <Latency = 0> <II = 1> <Delay = 0.93> <FuncUnit> <Opcode : 'icmp'> <InPorts = 2> <OutPorts = 1>
ST_6 : Operation 840 [1/1] (0.00ns) (grouped into LUT with out node sub_ln86_44)   --->   "%xor_ln52_149 = xor i1 %icmp_ln52_149, i1 1" [kyber-mult-kernel-dataflow.cpp:52->kyber-mult-kernel-dataflow.cpp:86]   --->   Operation 840 'xor' 'xor_ln52_149' <Predicate = true> <Delay = 0.00> <CoreInst = "LogicGate">   --->   Core 74 'LogicGate' <Latency = 0> <II = 1> <Delay = 0.28> <FuncUnit> <Opcode : 'and' 'or' 'xor'> <InPorts = 2> <OutPorts = 1>
ST_6 : Operation 841 [1/1] (0.00ns) (grouped into LUT with out node sub_ln86_44)   --->   "%select_ln52_149 = select i1 %xor_ln52_149, i12 %uB_59, i12 %add_ln52_149" [kyber-mult-kernel-dataflow.cpp:52->kyber-mult-kernel-dataflow.cpp:86]   --->   Operation 841 'select' 'select_ln52_149' <Predicate = true> <Delay = 0.00> <CoreInst = "Sel">   --->   Core 73 'Sel' <Latency = 0> <II = 1> <Delay = 0.37> <FuncUnit> <Opcode : 'select'> <InPorts = 3> <OutPorts = 1>
ST_6 : Operation 842 [1/1] (0.80ns) (out node of the LUT)   --->   "%sub_ln86_44 = sub i12 %select_ln52_149, i12 %trunc_ln48_235" [kyber-mult-kernel-dataflow.cpp:86]   --->   Operation 842 'sub' 'sub_ln86_44' <Predicate = true> <Delay = 0.80> <CoreInst = "Adder">   --->   Core 1 'Adder' <Latency = 0> <II = 1> <Delay = 0.80> <FuncUnit> <Opcode : 'add' 'sub'> <InPorts = 2> <OutPorts = 1>
ST_6 : Operation 843 [1/2] (0.67ns)   --->   "%sB_3_load = load i4 %sB_3_addr" [kyber-mult-kernel-dataflow.cpp:85]   --->   Operation 843 'load' 'sB_3_load' <Predicate = (!icmp_ln83)> <Delay = 0.67> <CoreInst = "RAM">   --->   Core 83 'RAM' <Latency = 1> <II = 1> <Delay = 0.67> <Storage> <Opcode : 'load' 'store'> <Ports = 2> <Width = 12> <Depth = 16> <RAM>
ST_6 : Operation 844 [1/2] (0.67ns)   --->   "%sB_11_load = load i4 %sB_11_addr" [kyber-mult-kernel-dataflow.cpp:85]   --->   Operation 844 'load' 'sB_11_load' <Predicate = (icmp_ln83)> <Delay = 0.67> <CoreInst = "RAM">   --->   Core 83 'RAM' <Latency = 1> <II = 1> <Delay = 0.67> <Storage> <Opcode : 'load' 'store'> <Ports = 2> <Width = 12> <Depth = 16> <RAM>
ST_6 : Operation 845 [1/1] (0.37ns)   --->   "%uB_60 = select i1 %icmp_ln83, i12 %sB_11_load, i12 %sB_3_load" [kyber-mult-kernel-dataflow.cpp:85]   --->   Operation 845 'select' 'uB_60' <Predicate = true> <Delay = 0.37> <CoreInst = "Sel">   --->   Core 73 'Sel' <Latency = 0> <II = 1> <Delay = 0.37> <FuncUnit> <Opcode : 'select'> <InPorts = 3> <OutPorts = 1>
ST_6 : Operation 846 [1/1] (0.00ns)   --->   "%zext_ln52_130 = zext i12 %uB_60" [kyber-mult-kernel-dataflow.cpp:52->kyber-mult-kernel-dataflow.cpp:86]   --->   Operation 846 'zext' 'zext_ln52_130' <Predicate = true> <Delay = 0.00>
ST_6 : Operation 847 [1/1] (0.80ns)   --->   "%add_ln52_150 = add i12 %uB_60, i12 3329" [kyber-mult-kernel-dataflow.cpp:52->kyber-mult-kernel-dataflow.cpp:86]   --->   Operation 847 'add' 'add_ln52_150' <Predicate = true> <Delay = 0.80> <CoreInst = "Adder">   --->   Core 1 'Adder' <Latency = 0> <II = 1> <Delay = 0.80> <FuncUnit> <Opcode : 'add' 'sub'> <InPorts = 2> <OutPorts = 1>
ST_6 : Operation 848 [1/1] (0.00ns)   --->   "%zext_ln40_101 = zext i23 %xw_281" [kyber-mult-kernel-dataflow.cpp:40->kyber-mult-kernel-dataflow.cpp:85]   --->   Operation 848 'zext' 'zext_ln40_101' <Predicate = true> <Delay = 0.00>
ST_6 : Operation 849 [1/3] (0.00ns) (grouped into DSP with root node r_281)   --->   "%qq_281 = mul i24 %zext_ln39_81, i24 3329" [kyber-mult-kernel-dataflow.cpp:41->kyber-mult-kernel-dataflow.cpp:85]   --->   Operation 849 'mul' 'qq_281' <Predicate = true> <Delay = 0.00> <CoreInst = "DSP48">   --->   Core 127 'DSP48' <Latency = 2> <II = 1> <Delay = 1.33> <IPBlock> <Opcode : '' 'add' 'sub' 'mul' 'select'> <InPorts = 0> <OutPorts = 1> <Sync> <CReg>
ST_6 : Operation 850 [1/1] (0.00ns)   --->   "%specfucore_ln42 = specfucore void @_ssdm_op_SpecFUCore, i24 %qq_281, i64 12, i64 3, i64 2" [kyber-mult-kernel-dataflow.cpp:42->kyber-mult-kernel-dataflow.cpp:85]   --->   Operation 850 'specfucore' 'specfucore_ln42' <Predicate = true> <Delay = 0.00>
ST_6 : Operation 851 [1/1] (2.03ns) (root node of the DSP)   --->   "%r_281 = sub i24 %zext_ln40_101, i24 %qq_281" [kyber-mult-kernel-dataflow.cpp:43->kyber-mult-kernel-dataflow.cpp:85]   --->   Operation 851 'sub' 'r_281' <Predicate = true> <Delay = 2.03> <CoreInst = "DSP48">   --->   Core 127 'DSP48' <Latency = 2> <II = 1> <Delay = 1.33> <IPBlock> <Opcode : '' 'add' 'sub' 'mul' 'select'> <InPorts = 0> <OutPorts = 1> <Sync> <CReg>
ST_6 : Operation 852 [1/1] (0.93ns)   --->   "%icmp_ln44_150 = icmp_ugt  i24 %r_281, i24 3328" [kyber-mult-kernel-dataflow.cpp:44->kyber-mult-kernel-dataflow.cpp:85]   --->   Operation 852 'icmp' 'icmp_ln44_150' <Predicate = true> <Delay = 0.93> <CoreInst = "Cmp">   --->   Core 9 'Cmp' <Latency = 0> <II = 1> <Delay = 0.93> <FuncUnit> <Opcode : 'icmp'> <InPorts = 2> <OutPorts = 1>
ST_6 : Operation 853 [1/1] (0.93ns)   --->   "%add_ln44_150 = add i24 %r_281, i24 16773887" [kyber-mult-kernel-dataflow.cpp:44->kyber-mult-kernel-dataflow.cpp:85]   --->   Operation 853 'add' 'add_ln44_150' <Predicate = true> <Delay = 0.93> <CoreInst = "Adder">   --->   Core 1 'Adder' <Latency = 0> <II = 1> <Delay = 0.93> <FuncUnit> <Opcode : 'add' 'sub'> <InPorts = 2> <OutPorts = 1>
ST_6 : Operation 854 [1/1] (0.32ns)   --->   "%tB_59 = select i1 %icmp_ln44_150, i24 %add_ln44_150, i24 %r_281" [kyber-mult-kernel-dataflow.cpp:44->kyber-mult-kernel-dataflow.cpp:85]   --->   Operation 854 'select' 'tB_59' <Predicate = true> <Delay = 0.32> <CoreInst = "Sel">   --->   Core 73 'Sel' <Latency = 0> <II = 1> <Delay = 0.32> <FuncUnit> <Opcode : 'select'> <InPorts = 3> <OutPorts = 1>
ST_6 : Operation 855 [1/1] (0.00ns) (grouped into LUT with out node sub_ln86_45)   --->   "%trunc_ln48_237 = trunc i24 %tB_59" [kyber-mult-kernel-dataflow.cpp:48->kyber-mult-kernel-dataflow.cpp:86]   --->   Operation 855 'trunc' 'trunc_ln48_237' <Predicate = true> <Delay = 0.00>
ST_6 : Operation 856 [1/1] (0.93ns)   --->   "%s_281 = add i24 %tB_59, i24 %zext_ln52_130" [kyber-mult-kernel-dataflow.cpp:48->kyber-mult-kernel-dataflow.cpp:86]   --->   Operation 856 'add' 's_281' <Predicate = true> <Delay = 0.93> <CoreInst = "Adder">   --->   Core 1 'Adder' <Latency = 0> <II = 1> <Delay = 0.93> <FuncUnit> <Opcode : 'add' 'sub'> <InPorts = 2> <OutPorts = 1>
ST_6 : Operation 857 [1/1] (0.93ns)   --->   "%icmp_ln48_150 = icmp_ugt  i24 %s_281, i24 3328" [kyber-mult-kernel-dataflow.cpp:48->kyber-mult-kernel-dataflow.cpp:86]   --->   Operation 857 'icmp' 'icmp_ln48_150' <Predicate = true> <Delay = 0.93> <CoreInst = "Cmp">   --->   Core 9 'Cmp' <Latency = 0> <II = 1> <Delay = 0.93> <FuncUnit> <Opcode : 'icmp'> <InPorts = 2> <OutPorts = 1>
ST_6 : Operation 858 [1/1] (0.00ns)   --->   "%trunc_ln48_238 = trunc i24 %s_281" [kyber-mult-kernel-dataflow.cpp:48->kyber-mult-kernel-dataflow.cpp:86]   --->   Operation 858 'trunc' 'trunc_ln48_238' <Predicate = true> <Delay = 0.00>
ST_6 : Operation 859 [1/1] (0.80ns)   --->   "%add_ln48_300 = add i12 %trunc_ln48_238, i12 767" [kyber-mult-kernel-dataflow.cpp:48->kyber-mult-kernel-dataflow.cpp:86]   --->   Operation 859 'add' 'add_ln48_300' <Predicate = true> <Delay = 0.80> <CoreInst = "Adder">   --->   Core 1 'Adder' <Latency = 0> <II = 1> <Delay = 0.80> <FuncUnit> <Opcode : 'add' 'sub'> <InPorts = 2> <OutPorts = 1>
ST_6 : Operation 860 [1/1] (0.37ns)   --->   "%select_ln48_150 = select i1 %icmp_ln48_150, i12 %add_ln48_300, i12 %trunc_ln48_238" [kyber-mult-kernel-dataflow.cpp:48->kyber-mult-kernel-dataflow.cpp:86]   --->   Operation 860 'select' 'select_ln48_150' <Predicate = true> <Delay = 0.37> <CoreInst = "Sel">   --->   Core 73 'Sel' <Latency = 0> <II = 1> <Delay = 0.37> <FuncUnit> <Opcode : 'select'> <InPorts = 3> <OutPorts = 1>
ST_6 : Operation 861 [1/1] (0.93ns)   --->   "%icmp_ln52_150 = icmp_ult  i24 %zext_ln52_130, i24 %tB_59" [kyber-mult-kernel-dataflow.cpp:52->kyber-mult-kernel-dataflow.cpp:86]   --->   Operation 861 'icmp' 'icmp_ln52_150' <Predicate = true> <Delay = 0.93> <CoreInst = "Cmp">   --->   Core 9 'Cmp' <Latency = 0> <II = 1> <Delay = 0.93> <FuncUnit> <Opcode : 'icmp'> <InPorts = 2> <OutPorts = 1>
ST_6 : Operation 862 [1/1] (0.00ns) (grouped into LUT with out node sub_ln86_45)   --->   "%xor_ln52_150 = xor i1 %icmp_ln52_150, i1 1" [kyber-mult-kernel-dataflow.cpp:52->kyber-mult-kernel-dataflow.cpp:86]   --->   Operation 862 'xor' 'xor_ln52_150' <Predicate = true> <Delay = 0.00> <CoreInst = "LogicGate">   --->   Core 74 'LogicGate' <Latency = 0> <II = 1> <Delay = 0.28> <FuncUnit> <Opcode : 'and' 'or' 'xor'> <InPorts = 2> <OutPorts = 1>
ST_6 : Operation 863 [1/1] (0.00ns) (grouped into LUT with out node sub_ln86_45)   --->   "%select_ln52_150 = select i1 %xor_ln52_150, i12 %uB_60, i12 %add_ln52_150" [kyber-mult-kernel-dataflow.cpp:52->kyber-mult-kernel-dataflow.cpp:86]   --->   Operation 863 'select' 'select_ln52_150' <Predicate = true> <Delay = 0.00> <CoreInst = "Sel">   --->   Core 73 'Sel' <Latency = 0> <II = 1> <Delay = 0.37> <FuncUnit> <Opcode : 'select'> <InPorts = 3> <OutPorts = 1>
ST_6 : Operation 864 [1/1] (0.80ns) (out node of the LUT)   --->   "%sub_ln86_45 = sub i12 %select_ln52_150, i12 %trunc_ln48_237" [kyber-mult-kernel-dataflow.cpp:86]   --->   Operation 864 'sub' 'sub_ln86_45' <Predicate = true> <Delay = 0.80> <CoreInst = "Adder">   --->   Core 1 'Adder' <Latency = 0> <II = 1> <Delay = 0.80> <FuncUnit> <Opcode : 'add' 'sub'> <InPorts = 2> <OutPorts = 1>
ST_6 : Operation 865 [1/2] (0.67ns)   --->   "%sB_4_load = load i4 %sB_4_addr" [kyber-mult-kernel-dataflow.cpp:85]   --->   Operation 865 'load' 'sB_4_load' <Predicate = (!icmp_ln83)> <Delay = 0.67> <CoreInst = "RAM">   --->   Core 83 'RAM' <Latency = 1> <II = 1> <Delay = 0.67> <Storage> <Opcode : 'load' 'store'> <Ports = 2> <Width = 12> <Depth = 16> <RAM>
ST_6 : Operation 866 [1/2] (0.67ns)   --->   "%sB_12_load = load i4 %sB_12_addr" [kyber-mult-kernel-dataflow.cpp:85]   --->   Operation 866 'load' 'sB_12_load' <Predicate = (icmp_ln83)> <Delay = 0.67> <CoreInst = "RAM">   --->   Core 83 'RAM' <Latency = 1> <II = 1> <Delay = 0.67> <Storage> <Opcode : 'load' 'store'> <Ports = 2> <Width = 12> <Depth = 16> <RAM>
ST_6 : Operation 867 [1/1] (0.37ns)   --->   "%uB_61 = select i1 %icmp_ln83, i12 %sB_12_load, i12 %sB_4_load" [kyber-mult-kernel-dataflow.cpp:85]   --->   Operation 867 'select' 'uB_61' <Predicate = true> <Delay = 0.37> <CoreInst = "Sel">   --->   Core 73 'Sel' <Latency = 0> <II = 1> <Delay = 0.37> <FuncUnit> <Opcode : 'select'> <InPorts = 3> <OutPorts = 1>
ST_6 : Operation 868 [1/1] (0.00ns)   --->   "%zext_ln52_131 = zext i12 %uB_61" [kyber-mult-kernel-dataflow.cpp:52->kyber-mult-kernel-dataflow.cpp:86]   --->   Operation 868 'zext' 'zext_ln52_131' <Predicate = true> <Delay = 0.00>
ST_6 : Operation 869 [1/1] (0.80ns)   --->   "%add_ln52_151 = add i12 %uB_61, i12 3329" [kyber-mult-kernel-dataflow.cpp:52->kyber-mult-kernel-dataflow.cpp:86]   --->   Operation 869 'add' 'add_ln52_151' <Predicate = true> <Delay = 0.80> <CoreInst = "Adder">   --->   Core 1 'Adder' <Latency = 0> <II = 1> <Delay = 0.80> <FuncUnit> <Opcode : 'add' 'sub'> <InPorts = 2> <OutPorts = 1>
ST_6 : Operation 870 [1/1] (0.00ns)   --->   "%zext_ln40_102 = zext i23 %xw_283" [kyber-mult-kernel-dataflow.cpp:40->kyber-mult-kernel-dataflow.cpp:85]   --->   Operation 870 'zext' 'zext_ln40_102' <Predicate = true> <Delay = 0.00>
ST_6 : Operation 871 [1/3] (0.00ns) (grouped into DSP with root node r_283)   --->   "%qq_283 = mul i24 %zext_ln39_82, i24 3329" [kyber-mult-kernel-dataflow.cpp:41->kyber-mult-kernel-dataflow.cpp:85]   --->   Operation 871 'mul' 'qq_283' <Predicate = true> <Delay = 0.00> <CoreInst = "DSP48">   --->   Core 127 'DSP48' <Latency = 2> <II = 1> <Delay = 1.33> <IPBlock> <Opcode : '' 'add' 'sub' 'mul' 'select'> <InPorts = 0> <OutPorts = 1> <Sync> <CReg>
ST_6 : Operation 872 [1/1] (0.00ns)   --->   "%specfucore_ln42 = specfucore void @_ssdm_op_SpecFUCore, i24 %qq_283, i64 12, i64 3, i64 2" [kyber-mult-kernel-dataflow.cpp:42->kyber-mult-kernel-dataflow.cpp:85]   --->   Operation 872 'specfucore' 'specfucore_ln42' <Predicate = true> <Delay = 0.00>
ST_6 : Operation 873 [1/1] (2.03ns) (root node of the DSP)   --->   "%r_283 = sub i24 %zext_ln40_102, i24 %qq_283" [kyber-mult-kernel-dataflow.cpp:43->kyber-mult-kernel-dataflow.cpp:85]   --->   Operation 873 'sub' 'r_283' <Predicate = true> <Delay = 2.03> <CoreInst = "DSP48">   --->   Core 127 'DSP48' <Latency = 2> <II = 1> <Delay = 1.33> <IPBlock> <Opcode : '' 'add' 'sub' 'mul' 'select'> <InPorts = 0> <OutPorts = 1> <Sync> <CReg>
ST_6 : Operation 874 [1/1] (0.93ns)   --->   "%icmp_ln44_151 = icmp_ugt  i24 %r_283, i24 3328" [kyber-mult-kernel-dataflow.cpp:44->kyber-mult-kernel-dataflow.cpp:85]   --->   Operation 874 'icmp' 'icmp_ln44_151' <Predicate = true> <Delay = 0.93> <CoreInst = "Cmp">   --->   Core 9 'Cmp' <Latency = 0> <II = 1> <Delay = 0.93> <FuncUnit> <Opcode : 'icmp'> <InPorts = 2> <OutPorts = 1>
ST_6 : Operation 875 [1/1] (0.93ns)   --->   "%add_ln44_151 = add i24 %r_283, i24 16773887" [kyber-mult-kernel-dataflow.cpp:44->kyber-mult-kernel-dataflow.cpp:85]   --->   Operation 875 'add' 'add_ln44_151' <Predicate = true> <Delay = 0.93> <CoreInst = "Adder">   --->   Core 1 'Adder' <Latency = 0> <II = 1> <Delay = 0.93> <FuncUnit> <Opcode : 'add' 'sub'> <InPorts = 2> <OutPorts = 1>
ST_6 : Operation 876 [1/1] (0.32ns)   --->   "%tB_60 = select i1 %icmp_ln44_151, i24 %add_ln44_151, i24 %r_283" [kyber-mult-kernel-dataflow.cpp:44->kyber-mult-kernel-dataflow.cpp:85]   --->   Operation 876 'select' 'tB_60' <Predicate = true> <Delay = 0.32> <CoreInst = "Sel">   --->   Core 73 'Sel' <Latency = 0> <II = 1> <Delay = 0.32> <FuncUnit> <Opcode : 'select'> <InPorts = 3> <OutPorts = 1>
ST_6 : Operation 877 [1/1] (0.00ns) (grouped into LUT with out node sub_ln86_46)   --->   "%trunc_ln48_239 = trunc i24 %tB_60" [kyber-mult-kernel-dataflow.cpp:48->kyber-mult-kernel-dataflow.cpp:86]   --->   Operation 877 'trunc' 'trunc_ln48_239' <Predicate = true> <Delay = 0.00>
ST_6 : Operation 878 [1/1] (0.93ns)   --->   "%s_283 = add i24 %tB_60, i24 %zext_ln52_131" [kyber-mult-kernel-dataflow.cpp:48->kyber-mult-kernel-dataflow.cpp:86]   --->   Operation 878 'add' 's_283' <Predicate = true> <Delay = 0.93> <CoreInst = "Adder">   --->   Core 1 'Adder' <Latency = 0> <II = 1> <Delay = 0.93> <FuncUnit> <Opcode : 'add' 'sub'> <InPorts = 2> <OutPorts = 1>
ST_6 : Operation 879 [1/1] (0.93ns)   --->   "%icmp_ln48_151 = icmp_ugt  i24 %s_283, i24 3328" [kyber-mult-kernel-dataflow.cpp:48->kyber-mult-kernel-dataflow.cpp:86]   --->   Operation 879 'icmp' 'icmp_ln48_151' <Predicate = true> <Delay = 0.93> <CoreInst = "Cmp">   --->   Core 9 'Cmp' <Latency = 0> <II = 1> <Delay = 0.93> <FuncUnit> <Opcode : 'icmp'> <InPorts = 2> <OutPorts = 1>
ST_6 : Operation 880 [1/1] (0.00ns)   --->   "%trunc_ln48_240 = trunc i24 %s_283" [kyber-mult-kernel-dataflow.cpp:48->kyber-mult-kernel-dataflow.cpp:86]   --->   Operation 880 'trunc' 'trunc_ln48_240' <Predicate = true> <Delay = 0.00>
ST_6 : Operation 881 [1/1] (0.80ns)   --->   "%add_ln48_302 = add i12 %trunc_ln48_240, i12 767" [kyber-mult-kernel-dataflow.cpp:48->kyber-mult-kernel-dataflow.cpp:86]   --->   Operation 881 'add' 'add_ln48_302' <Predicate = true> <Delay = 0.80> <CoreInst = "Adder">   --->   Core 1 'Adder' <Latency = 0> <II = 1> <Delay = 0.80> <FuncUnit> <Opcode : 'add' 'sub'> <InPorts = 2> <OutPorts = 1>
ST_6 : Operation 882 [1/1] (0.37ns)   --->   "%select_ln48_151 = select i1 %icmp_ln48_151, i12 %add_ln48_302, i12 %trunc_ln48_240" [kyber-mult-kernel-dataflow.cpp:48->kyber-mult-kernel-dataflow.cpp:86]   --->   Operation 882 'select' 'select_ln48_151' <Predicate = true> <Delay = 0.37> <CoreInst = "Sel">   --->   Core 73 'Sel' <Latency = 0> <II = 1> <Delay = 0.37> <FuncUnit> <Opcode : 'select'> <InPorts = 3> <OutPorts = 1>
ST_6 : Operation 883 [1/1] (0.93ns)   --->   "%icmp_ln52_151 = icmp_ult  i24 %zext_ln52_131, i24 %tB_60" [kyber-mult-kernel-dataflow.cpp:52->kyber-mult-kernel-dataflow.cpp:86]   --->   Operation 883 'icmp' 'icmp_ln52_151' <Predicate = true> <Delay = 0.93> <CoreInst = "Cmp">   --->   Core 9 'Cmp' <Latency = 0> <II = 1> <Delay = 0.93> <FuncUnit> <Opcode : 'icmp'> <InPorts = 2> <OutPorts = 1>
ST_6 : Operation 884 [1/1] (0.00ns) (grouped into LUT with out node sub_ln86_46)   --->   "%xor_ln52_151 = xor i1 %icmp_ln52_151, i1 1" [kyber-mult-kernel-dataflow.cpp:52->kyber-mult-kernel-dataflow.cpp:86]   --->   Operation 884 'xor' 'xor_ln52_151' <Predicate = true> <Delay = 0.00> <CoreInst = "LogicGate">   --->   Core 74 'LogicGate' <Latency = 0> <II = 1> <Delay = 0.28> <FuncUnit> <Opcode : 'and' 'or' 'xor'> <InPorts = 2> <OutPorts = 1>
ST_6 : Operation 885 [1/1] (0.00ns) (grouped into LUT with out node sub_ln86_46)   --->   "%select_ln52_151 = select i1 %xor_ln52_151, i12 %uB_61, i12 %add_ln52_151" [kyber-mult-kernel-dataflow.cpp:52->kyber-mult-kernel-dataflow.cpp:86]   --->   Operation 885 'select' 'select_ln52_151' <Predicate = true> <Delay = 0.00> <CoreInst = "Sel">   --->   Core 73 'Sel' <Latency = 0> <II = 1> <Delay = 0.37> <FuncUnit> <Opcode : 'select'> <InPorts = 3> <OutPorts = 1>
ST_6 : Operation 886 [1/1] (0.80ns) (out node of the LUT)   --->   "%sub_ln86_46 = sub i12 %select_ln52_151, i12 %trunc_ln48_239" [kyber-mult-kernel-dataflow.cpp:86]   --->   Operation 886 'sub' 'sub_ln86_46' <Predicate = true> <Delay = 0.80> <CoreInst = "Adder">   --->   Core 1 'Adder' <Latency = 0> <II = 1> <Delay = 0.80> <FuncUnit> <Opcode : 'add' 'sub'> <InPorts = 2> <OutPorts = 1>
ST_6 : Operation 887 [1/2] (0.67ns)   --->   "%sB_5_load = load i4 %sB_5_addr" [kyber-mult-kernel-dataflow.cpp:85]   --->   Operation 887 'load' 'sB_5_load' <Predicate = (!icmp_ln83)> <Delay = 0.67> <CoreInst = "RAM">   --->   Core 83 'RAM' <Latency = 1> <II = 1> <Delay = 0.67> <Storage> <Opcode : 'load' 'store'> <Ports = 2> <Width = 12> <Depth = 16> <RAM>
ST_6 : Operation 888 [1/2] (0.67ns)   --->   "%sB_13_load = load i4 %sB_13_addr" [kyber-mult-kernel-dataflow.cpp:85]   --->   Operation 888 'load' 'sB_13_load' <Predicate = (icmp_ln83)> <Delay = 0.67> <CoreInst = "RAM">   --->   Core 83 'RAM' <Latency = 1> <II = 1> <Delay = 0.67> <Storage> <Opcode : 'load' 'store'> <Ports = 2> <Width = 12> <Depth = 16> <RAM>
ST_6 : Operation 889 [1/1] (0.37ns)   --->   "%uB_62 = select i1 %icmp_ln83, i12 %sB_13_load, i12 %sB_5_load" [kyber-mult-kernel-dataflow.cpp:85]   --->   Operation 889 'select' 'uB_62' <Predicate = true> <Delay = 0.37> <CoreInst = "Sel">   --->   Core 73 'Sel' <Latency = 0> <II = 1> <Delay = 0.37> <FuncUnit> <Opcode : 'select'> <InPorts = 3> <OutPorts = 1>
ST_6 : Operation 890 [1/1] (0.00ns)   --->   "%zext_ln52_132 = zext i12 %uB_62" [kyber-mult-kernel-dataflow.cpp:52->kyber-mult-kernel-dataflow.cpp:86]   --->   Operation 890 'zext' 'zext_ln52_132' <Predicate = true> <Delay = 0.00>
ST_6 : Operation 891 [1/1] (0.80ns)   --->   "%add_ln52_152 = add i12 %uB_62, i12 3329" [kyber-mult-kernel-dataflow.cpp:52->kyber-mult-kernel-dataflow.cpp:86]   --->   Operation 891 'add' 'add_ln52_152' <Predicate = true> <Delay = 0.80> <CoreInst = "Adder">   --->   Core 1 'Adder' <Latency = 0> <II = 1> <Delay = 0.80> <FuncUnit> <Opcode : 'add' 'sub'> <InPorts = 2> <OutPorts = 1>
ST_6 : Operation 892 [1/1] (0.00ns)   --->   "%zext_ln40_103 = zext i23 %xw_285" [kyber-mult-kernel-dataflow.cpp:40->kyber-mult-kernel-dataflow.cpp:85]   --->   Operation 892 'zext' 'zext_ln40_103' <Predicate = true> <Delay = 0.00>
ST_6 : Operation 893 [1/3] (0.00ns) (grouped into DSP with root node r_285)   --->   "%qq_285 = mul i24 %zext_ln39_83, i24 3329" [kyber-mult-kernel-dataflow.cpp:41->kyber-mult-kernel-dataflow.cpp:85]   --->   Operation 893 'mul' 'qq_285' <Predicate = true> <Delay = 0.00> <CoreInst = "DSP48">   --->   Core 127 'DSP48' <Latency = 2> <II = 1> <Delay = 1.33> <IPBlock> <Opcode : '' 'add' 'sub' 'mul' 'select'> <InPorts = 0> <OutPorts = 1> <Sync> <CReg>
ST_6 : Operation 894 [1/1] (0.00ns)   --->   "%specfucore_ln42 = specfucore void @_ssdm_op_SpecFUCore, i24 %qq_285, i64 12, i64 3, i64 2" [kyber-mult-kernel-dataflow.cpp:42->kyber-mult-kernel-dataflow.cpp:85]   --->   Operation 894 'specfucore' 'specfucore_ln42' <Predicate = true> <Delay = 0.00>
ST_6 : Operation 895 [1/1] (2.03ns) (root node of the DSP)   --->   "%r_285 = sub i24 %zext_ln40_103, i24 %qq_285" [kyber-mult-kernel-dataflow.cpp:43->kyber-mult-kernel-dataflow.cpp:85]   --->   Operation 895 'sub' 'r_285' <Predicate = true> <Delay = 2.03> <CoreInst = "DSP48">   --->   Core 127 'DSP48' <Latency = 2> <II = 1> <Delay = 1.33> <IPBlock> <Opcode : '' 'add' 'sub' 'mul' 'select'> <InPorts = 0> <OutPorts = 1> <Sync> <CReg>
ST_6 : Operation 896 [1/1] (0.93ns)   --->   "%icmp_ln44_152 = icmp_ugt  i24 %r_285, i24 3328" [kyber-mult-kernel-dataflow.cpp:44->kyber-mult-kernel-dataflow.cpp:85]   --->   Operation 896 'icmp' 'icmp_ln44_152' <Predicate = true> <Delay = 0.93> <CoreInst = "Cmp">   --->   Core 9 'Cmp' <Latency = 0> <II = 1> <Delay = 0.93> <FuncUnit> <Opcode : 'icmp'> <InPorts = 2> <OutPorts = 1>
ST_6 : Operation 897 [1/1] (0.93ns)   --->   "%add_ln44_152 = add i24 %r_285, i24 16773887" [kyber-mult-kernel-dataflow.cpp:44->kyber-mult-kernel-dataflow.cpp:85]   --->   Operation 897 'add' 'add_ln44_152' <Predicate = true> <Delay = 0.93> <CoreInst = "Adder">   --->   Core 1 'Adder' <Latency = 0> <II = 1> <Delay = 0.93> <FuncUnit> <Opcode : 'add' 'sub'> <InPorts = 2> <OutPorts = 1>
ST_6 : Operation 898 [1/1] (0.32ns)   --->   "%tB_61 = select i1 %icmp_ln44_152, i24 %add_ln44_152, i24 %r_285" [kyber-mult-kernel-dataflow.cpp:44->kyber-mult-kernel-dataflow.cpp:85]   --->   Operation 898 'select' 'tB_61' <Predicate = true> <Delay = 0.32> <CoreInst = "Sel">   --->   Core 73 'Sel' <Latency = 0> <II = 1> <Delay = 0.32> <FuncUnit> <Opcode : 'select'> <InPorts = 3> <OutPorts = 1>
ST_6 : Operation 899 [1/1] (0.00ns) (grouped into LUT with out node sub_ln86_47)   --->   "%trunc_ln48_241 = trunc i24 %tB_61" [kyber-mult-kernel-dataflow.cpp:48->kyber-mult-kernel-dataflow.cpp:86]   --->   Operation 899 'trunc' 'trunc_ln48_241' <Predicate = true> <Delay = 0.00>
ST_6 : Operation 900 [1/1] (0.93ns)   --->   "%s_285 = add i24 %tB_61, i24 %zext_ln52_132" [kyber-mult-kernel-dataflow.cpp:48->kyber-mult-kernel-dataflow.cpp:86]   --->   Operation 900 'add' 's_285' <Predicate = true> <Delay = 0.93> <CoreInst = "Adder">   --->   Core 1 'Adder' <Latency = 0> <II = 1> <Delay = 0.93> <FuncUnit> <Opcode : 'add' 'sub'> <InPorts = 2> <OutPorts = 1>
ST_6 : Operation 901 [1/1] (0.93ns)   --->   "%icmp_ln48_152 = icmp_ugt  i24 %s_285, i24 3328" [kyber-mult-kernel-dataflow.cpp:48->kyber-mult-kernel-dataflow.cpp:86]   --->   Operation 901 'icmp' 'icmp_ln48_152' <Predicate = true> <Delay = 0.93> <CoreInst = "Cmp">   --->   Core 9 'Cmp' <Latency = 0> <II = 1> <Delay = 0.93> <FuncUnit> <Opcode : 'icmp'> <InPorts = 2> <OutPorts = 1>
ST_6 : Operation 902 [1/1] (0.00ns)   --->   "%trunc_ln48_242 = trunc i24 %s_285" [kyber-mult-kernel-dataflow.cpp:48->kyber-mult-kernel-dataflow.cpp:86]   --->   Operation 902 'trunc' 'trunc_ln48_242' <Predicate = true> <Delay = 0.00>
ST_6 : Operation 903 [1/1] (0.80ns)   --->   "%add_ln48_304 = add i12 %trunc_ln48_242, i12 767" [kyber-mult-kernel-dataflow.cpp:48->kyber-mult-kernel-dataflow.cpp:86]   --->   Operation 903 'add' 'add_ln48_304' <Predicate = true> <Delay = 0.80> <CoreInst = "Adder">   --->   Core 1 'Adder' <Latency = 0> <II = 1> <Delay = 0.80> <FuncUnit> <Opcode : 'add' 'sub'> <InPorts = 2> <OutPorts = 1>
ST_6 : Operation 904 [1/1] (0.37ns)   --->   "%select_ln48_152 = select i1 %icmp_ln48_152, i12 %add_ln48_304, i12 %trunc_ln48_242" [kyber-mult-kernel-dataflow.cpp:48->kyber-mult-kernel-dataflow.cpp:86]   --->   Operation 904 'select' 'select_ln48_152' <Predicate = true> <Delay = 0.37> <CoreInst = "Sel">   --->   Core 73 'Sel' <Latency = 0> <II = 1> <Delay = 0.37> <FuncUnit> <Opcode : 'select'> <InPorts = 3> <OutPorts = 1>
ST_6 : Operation 905 [1/1] (0.93ns)   --->   "%icmp_ln52_152 = icmp_ult  i24 %zext_ln52_132, i24 %tB_61" [kyber-mult-kernel-dataflow.cpp:52->kyber-mult-kernel-dataflow.cpp:86]   --->   Operation 905 'icmp' 'icmp_ln52_152' <Predicate = true> <Delay = 0.93> <CoreInst = "Cmp">   --->   Core 9 'Cmp' <Latency = 0> <II = 1> <Delay = 0.93> <FuncUnit> <Opcode : 'icmp'> <InPorts = 2> <OutPorts = 1>
ST_6 : Operation 906 [1/1] (0.00ns) (grouped into LUT with out node sub_ln86_47)   --->   "%xor_ln52_152 = xor i1 %icmp_ln52_152, i1 1" [kyber-mult-kernel-dataflow.cpp:52->kyber-mult-kernel-dataflow.cpp:86]   --->   Operation 906 'xor' 'xor_ln52_152' <Predicate = true> <Delay = 0.00> <CoreInst = "LogicGate">   --->   Core 74 'LogicGate' <Latency = 0> <II = 1> <Delay = 0.28> <FuncUnit> <Opcode : 'and' 'or' 'xor'> <InPorts = 2> <OutPorts = 1>
ST_6 : Operation 907 [1/1] (0.00ns) (grouped into LUT with out node sub_ln86_47)   --->   "%select_ln52_152 = select i1 %xor_ln52_152, i12 %uB_62, i12 %add_ln52_152" [kyber-mult-kernel-dataflow.cpp:52->kyber-mult-kernel-dataflow.cpp:86]   --->   Operation 907 'select' 'select_ln52_152' <Predicate = true> <Delay = 0.00> <CoreInst = "Sel">   --->   Core 73 'Sel' <Latency = 0> <II = 1> <Delay = 0.37> <FuncUnit> <Opcode : 'select'> <InPorts = 3> <OutPorts = 1>
ST_6 : Operation 908 [1/1] (0.80ns) (out node of the LUT)   --->   "%sub_ln86_47 = sub i12 %select_ln52_152, i12 %trunc_ln48_241" [kyber-mult-kernel-dataflow.cpp:86]   --->   Operation 908 'sub' 'sub_ln86_47' <Predicate = true> <Delay = 0.80> <CoreInst = "Adder">   --->   Core 1 'Adder' <Latency = 0> <II = 1> <Delay = 0.80> <FuncUnit> <Opcode : 'add' 'sub'> <InPorts = 2> <OutPorts = 1>
ST_6 : Operation 909 [1/2] (0.67ns)   --->   "%sB_6_load = load i4 %sB_6_addr" [kyber-mult-kernel-dataflow.cpp:85]   --->   Operation 909 'load' 'sB_6_load' <Predicate = (!icmp_ln83)> <Delay = 0.67> <CoreInst = "RAM">   --->   Core 83 'RAM' <Latency = 1> <II = 1> <Delay = 0.67> <Storage> <Opcode : 'load' 'store'> <Ports = 2> <Width = 12> <Depth = 16> <RAM>
ST_6 : Operation 910 [1/2] (0.67ns)   --->   "%sB_14_load = load i4 %sB_14_addr" [kyber-mult-kernel-dataflow.cpp:85]   --->   Operation 910 'load' 'sB_14_load' <Predicate = (icmp_ln83)> <Delay = 0.67> <CoreInst = "RAM">   --->   Core 83 'RAM' <Latency = 1> <II = 1> <Delay = 0.67> <Storage> <Opcode : 'load' 'store'> <Ports = 2> <Width = 12> <Depth = 16> <RAM>
ST_6 : Operation 911 [1/1] (0.37ns)   --->   "%uB_63 = select i1 %icmp_ln83, i12 %sB_14_load, i12 %sB_6_load" [kyber-mult-kernel-dataflow.cpp:85]   --->   Operation 911 'select' 'uB_63' <Predicate = true> <Delay = 0.37> <CoreInst = "Sel">   --->   Core 73 'Sel' <Latency = 0> <II = 1> <Delay = 0.37> <FuncUnit> <Opcode : 'select'> <InPorts = 3> <OutPorts = 1>
ST_6 : Operation 912 [1/1] (0.00ns)   --->   "%zext_ln52_133 = zext i12 %uB_63" [kyber-mult-kernel-dataflow.cpp:52->kyber-mult-kernel-dataflow.cpp:86]   --->   Operation 912 'zext' 'zext_ln52_133' <Predicate = true> <Delay = 0.00>
ST_6 : Operation 913 [1/1] (0.80ns)   --->   "%add_ln52_153 = add i12 %uB_63, i12 3329" [kyber-mult-kernel-dataflow.cpp:52->kyber-mult-kernel-dataflow.cpp:86]   --->   Operation 913 'add' 'add_ln52_153' <Predicate = true> <Delay = 0.80> <CoreInst = "Adder">   --->   Core 1 'Adder' <Latency = 0> <II = 1> <Delay = 0.80> <FuncUnit> <Opcode : 'add' 'sub'> <InPorts = 2> <OutPorts = 1>
ST_6 : Operation 914 [1/1] (0.00ns)   --->   "%zext_ln40_104 = zext i23 %xw_287" [kyber-mult-kernel-dataflow.cpp:40->kyber-mult-kernel-dataflow.cpp:85]   --->   Operation 914 'zext' 'zext_ln40_104' <Predicate = true> <Delay = 0.00>
ST_6 : Operation 915 [1/3] (0.00ns) (grouped into DSP with root node r_287)   --->   "%qq_287 = mul i24 %zext_ln39_84, i24 3329" [kyber-mult-kernel-dataflow.cpp:41->kyber-mult-kernel-dataflow.cpp:85]   --->   Operation 915 'mul' 'qq_287' <Predicate = true> <Delay = 0.00> <CoreInst = "DSP48">   --->   Core 127 'DSP48' <Latency = 2> <II = 1> <Delay = 1.33> <IPBlock> <Opcode : '' 'add' 'sub' 'mul' 'select'> <InPorts = 0> <OutPorts = 1> <Sync> <CReg>
ST_6 : Operation 916 [1/1] (0.00ns)   --->   "%specfucore_ln42 = specfucore void @_ssdm_op_SpecFUCore, i24 %qq_287, i64 12, i64 3, i64 2" [kyber-mult-kernel-dataflow.cpp:42->kyber-mult-kernel-dataflow.cpp:85]   --->   Operation 916 'specfucore' 'specfucore_ln42' <Predicate = true> <Delay = 0.00>
ST_6 : Operation 917 [1/1] (2.03ns) (root node of the DSP)   --->   "%r_287 = sub i24 %zext_ln40_104, i24 %qq_287" [kyber-mult-kernel-dataflow.cpp:43->kyber-mult-kernel-dataflow.cpp:85]   --->   Operation 917 'sub' 'r_287' <Predicate = true> <Delay = 2.03> <CoreInst = "DSP48">   --->   Core 127 'DSP48' <Latency = 2> <II = 1> <Delay = 1.33> <IPBlock> <Opcode : '' 'add' 'sub' 'mul' 'select'> <InPorts = 0> <OutPorts = 1> <Sync> <CReg>
ST_6 : Operation 918 [1/1] (0.93ns)   --->   "%icmp_ln44_153 = icmp_ugt  i24 %r_287, i24 3328" [kyber-mult-kernel-dataflow.cpp:44->kyber-mult-kernel-dataflow.cpp:85]   --->   Operation 918 'icmp' 'icmp_ln44_153' <Predicate = true> <Delay = 0.93> <CoreInst = "Cmp">   --->   Core 9 'Cmp' <Latency = 0> <II = 1> <Delay = 0.93> <FuncUnit> <Opcode : 'icmp'> <InPorts = 2> <OutPorts = 1>
ST_6 : Operation 919 [1/1] (0.93ns)   --->   "%add_ln44_153 = add i24 %r_287, i24 16773887" [kyber-mult-kernel-dataflow.cpp:44->kyber-mult-kernel-dataflow.cpp:85]   --->   Operation 919 'add' 'add_ln44_153' <Predicate = true> <Delay = 0.93> <CoreInst = "Adder">   --->   Core 1 'Adder' <Latency = 0> <II = 1> <Delay = 0.93> <FuncUnit> <Opcode : 'add' 'sub'> <InPorts = 2> <OutPorts = 1>
ST_6 : Operation 920 [1/1] (0.32ns)   --->   "%tB_62 = select i1 %icmp_ln44_153, i24 %add_ln44_153, i24 %r_287" [kyber-mult-kernel-dataflow.cpp:44->kyber-mult-kernel-dataflow.cpp:85]   --->   Operation 920 'select' 'tB_62' <Predicate = true> <Delay = 0.32> <CoreInst = "Sel">   --->   Core 73 'Sel' <Latency = 0> <II = 1> <Delay = 0.32> <FuncUnit> <Opcode : 'select'> <InPorts = 3> <OutPorts = 1>
ST_6 : Operation 921 [1/1] (0.00ns) (grouped into LUT with out node sub_ln86_48)   --->   "%trunc_ln48_243 = trunc i24 %tB_62" [kyber-mult-kernel-dataflow.cpp:48->kyber-mult-kernel-dataflow.cpp:86]   --->   Operation 921 'trunc' 'trunc_ln48_243' <Predicate = true> <Delay = 0.00>
ST_6 : Operation 922 [1/1] (0.93ns)   --->   "%s_287 = add i24 %tB_62, i24 %zext_ln52_133" [kyber-mult-kernel-dataflow.cpp:48->kyber-mult-kernel-dataflow.cpp:86]   --->   Operation 922 'add' 's_287' <Predicate = true> <Delay = 0.93> <CoreInst = "Adder">   --->   Core 1 'Adder' <Latency = 0> <II = 1> <Delay = 0.93> <FuncUnit> <Opcode : 'add' 'sub'> <InPorts = 2> <OutPorts = 1>
ST_6 : Operation 923 [1/1] (0.93ns)   --->   "%icmp_ln48_153 = icmp_ugt  i24 %s_287, i24 3328" [kyber-mult-kernel-dataflow.cpp:48->kyber-mult-kernel-dataflow.cpp:86]   --->   Operation 923 'icmp' 'icmp_ln48_153' <Predicate = true> <Delay = 0.93> <CoreInst = "Cmp">   --->   Core 9 'Cmp' <Latency = 0> <II = 1> <Delay = 0.93> <FuncUnit> <Opcode : 'icmp'> <InPorts = 2> <OutPorts = 1>
ST_6 : Operation 924 [1/1] (0.00ns)   --->   "%trunc_ln48_244 = trunc i24 %s_287" [kyber-mult-kernel-dataflow.cpp:48->kyber-mult-kernel-dataflow.cpp:86]   --->   Operation 924 'trunc' 'trunc_ln48_244' <Predicate = true> <Delay = 0.00>
ST_6 : Operation 925 [1/1] (0.80ns)   --->   "%add_ln48_306 = add i12 %trunc_ln48_244, i12 767" [kyber-mult-kernel-dataflow.cpp:48->kyber-mult-kernel-dataflow.cpp:86]   --->   Operation 925 'add' 'add_ln48_306' <Predicate = true> <Delay = 0.80> <CoreInst = "Adder">   --->   Core 1 'Adder' <Latency = 0> <II = 1> <Delay = 0.80> <FuncUnit> <Opcode : 'add' 'sub'> <InPorts = 2> <OutPorts = 1>
ST_6 : Operation 926 [1/1] (0.37ns)   --->   "%select_ln48_153 = select i1 %icmp_ln48_153, i12 %add_ln48_306, i12 %trunc_ln48_244" [kyber-mult-kernel-dataflow.cpp:48->kyber-mult-kernel-dataflow.cpp:86]   --->   Operation 926 'select' 'select_ln48_153' <Predicate = true> <Delay = 0.37> <CoreInst = "Sel">   --->   Core 73 'Sel' <Latency = 0> <II = 1> <Delay = 0.37> <FuncUnit> <Opcode : 'select'> <InPorts = 3> <OutPorts = 1>
ST_6 : Operation 927 [1/1] (0.93ns)   --->   "%icmp_ln52_153 = icmp_ult  i24 %zext_ln52_133, i24 %tB_62" [kyber-mult-kernel-dataflow.cpp:52->kyber-mult-kernel-dataflow.cpp:86]   --->   Operation 927 'icmp' 'icmp_ln52_153' <Predicate = true> <Delay = 0.93> <CoreInst = "Cmp">   --->   Core 9 'Cmp' <Latency = 0> <II = 1> <Delay = 0.93> <FuncUnit> <Opcode : 'icmp'> <InPorts = 2> <OutPorts = 1>
ST_6 : Operation 928 [1/1] (0.00ns) (grouped into LUT with out node sub_ln86_48)   --->   "%xor_ln52_153 = xor i1 %icmp_ln52_153, i1 1" [kyber-mult-kernel-dataflow.cpp:52->kyber-mult-kernel-dataflow.cpp:86]   --->   Operation 928 'xor' 'xor_ln52_153' <Predicate = true> <Delay = 0.00> <CoreInst = "LogicGate">   --->   Core 74 'LogicGate' <Latency = 0> <II = 1> <Delay = 0.28> <FuncUnit> <Opcode : 'and' 'or' 'xor'> <InPorts = 2> <OutPorts = 1>
ST_6 : Operation 929 [1/1] (0.00ns) (grouped into LUT with out node sub_ln86_48)   --->   "%select_ln52_153 = select i1 %xor_ln52_153, i12 %uB_63, i12 %add_ln52_153" [kyber-mult-kernel-dataflow.cpp:52->kyber-mult-kernel-dataflow.cpp:86]   --->   Operation 929 'select' 'select_ln52_153' <Predicate = true> <Delay = 0.00> <CoreInst = "Sel">   --->   Core 73 'Sel' <Latency = 0> <II = 1> <Delay = 0.37> <FuncUnit> <Opcode : 'select'> <InPorts = 3> <OutPorts = 1>
ST_6 : Operation 930 [1/1] (0.80ns) (out node of the LUT)   --->   "%sub_ln86_48 = sub i12 %select_ln52_153, i12 %trunc_ln48_243" [kyber-mult-kernel-dataflow.cpp:86]   --->   Operation 930 'sub' 'sub_ln86_48' <Predicate = true> <Delay = 0.80> <CoreInst = "Adder">   --->   Core 1 'Adder' <Latency = 0> <II = 1> <Delay = 0.80> <FuncUnit> <Opcode : 'add' 'sub'> <InPorts = 2> <OutPorts = 1>
ST_6 : Operation 931 [1/2] (0.67ns)   --->   "%sB_7_load = load i4 %sB_7_addr" [kyber-mult-kernel-dataflow.cpp:85]   --->   Operation 931 'load' 'sB_7_load' <Predicate = (!icmp_ln83)> <Delay = 0.67> <CoreInst = "RAM">   --->   Core 83 'RAM' <Latency = 1> <II = 1> <Delay = 0.67> <Storage> <Opcode : 'load' 'store'> <Ports = 2> <Width = 12> <Depth = 16> <RAM>
ST_6 : Operation 932 [1/2] (0.67ns)   --->   "%sB_15_load = load i4 %sB_15_addr" [kyber-mult-kernel-dataflow.cpp:85]   --->   Operation 932 'load' 'sB_15_load' <Predicate = (icmp_ln83)> <Delay = 0.67> <CoreInst = "RAM">   --->   Core 83 'RAM' <Latency = 1> <II = 1> <Delay = 0.67> <Storage> <Opcode : 'load' 'store'> <Ports = 2> <Width = 12> <Depth = 16> <RAM>
ST_6 : Operation 933 [1/1] (0.37ns)   --->   "%uB = select i1 %icmp_ln83, i12 %sB_15_load, i12 %sB_7_load" [kyber-mult-kernel-dataflow.cpp:85]   --->   Operation 933 'select' 'uB' <Predicate = true> <Delay = 0.37> <CoreInst = "Sel">   --->   Core 73 'Sel' <Latency = 0> <II = 1> <Delay = 0.37> <FuncUnit> <Opcode : 'select'> <InPorts = 3> <OutPorts = 1>
ST_6 : Operation 934 [1/1] (0.00ns)   --->   "%zext_ln85 = zext i12 %uB" [kyber-mult-kernel-dataflow.cpp:85]   --->   Operation 934 'zext' 'zext_ln85' <Predicate = true> <Delay = 0.00>
ST_6 : Operation 935 [1/1] (0.00ns)   --->   "%rbegin23 = specregionbegin i32 @_ssdm_op_SpecRegionBegin, void @empty_8" [kyber-mult-kernel-dataflow.cpp:36->kyber-mult-kernel-dataflow.cpp:85]   --->   Operation 935 'specregionbegin' 'rbegin23' <Predicate = true> <Delay = 0.00>
ST_6 : Operation 936 [1/1] (0.00ns)   --->   "%rend24 = specregionend i32 @_ssdm_op_SpecRegionEnd, void @empty_8, i32 %rbegin23" [kyber-mult-kernel-dataflow.cpp:36->kyber-mult-kernel-dataflow.cpp:85]   --->   Operation 936 'specregionend' 'rend24' <Predicate = true> <Delay = 0.00>
ST_6 : Operation 937 [1/1] (0.00ns)   --->   "%rbegin1 = specregionbegin i32 @_ssdm_op_SpecRegionBegin, void @empty_134" [kyber-mult-kernel-dataflow.cpp:39->kyber-mult-kernel-dataflow.cpp:85]   --->   Operation 937 'specregionbegin' 'rbegin1' <Predicate = true> <Delay = 0.00>
ST_6 : Operation 938 [1/1] (0.00ns)   --->   "%zext_ln40_105 = zext i23 %xw_274" [kyber-mult-kernel-dataflow.cpp:40->kyber-mult-kernel-dataflow.cpp:85]   --->   Operation 938 'zext' 'zext_ln40_105' <Predicate = true> <Delay = 0.00>
ST_6 : Operation 939 [1/1] (0.00ns)   --->   "%rend2 = specregionend i32 @_ssdm_op_SpecRegionEnd, void @empty_134, i32 %rbegin1" [kyber-mult-kernel-dataflow.cpp:39->kyber-mult-kernel-dataflow.cpp:85]   --->   Operation 939 'specregionend' 'rend2' <Predicate = true> <Delay = 0.00>
ST_6 : Operation 940 [1/1] (0.00ns)   --->   "%rbegin = specregionbegin i32 @_ssdm_op_SpecRegionBegin, void @empty_133" [kyber-mult-kernel-dataflow.cpp:41->kyber-mult-kernel-dataflow.cpp:85]   --->   Operation 940 'specregionbegin' 'rbegin' <Predicate = true> <Delay = 0.00>
ST_6 : Operation 941 [1/3] (0.00ns) (grouped into DSP with root node r_274)   --->   "%qq_274 = mul i24 %zext_ln39_85, i24 3329" [kyber-mult-kernel-dataflow.cpp:41->kyber-mult-kernel-dataflow.cpp:85]   --->   Operation 941 'mul' 'qq_274' <Predicate = true> <Delay = 0.00> <CoreInst = "DSP48">   --->   Core 127 'DSP48' <Latency = 2> <II = 1> <Delay = 1.33> <IPBlock> <Opcode : '' 'add' 'sub' 'mul' 'select'> <InPorts = 0> <OutPorts = 1> <Sync> <CReg>
ST_6 : Operation 942 [1/1] (0.00ns)   --->   "%specfucore_ln42 = specfucore void @_ssdm_op_SpecFUCore, i24 %qq_274, i64 12, i64 3, i64 2" [kyber-mult-kernel-dataflow.cpp:42->kyber-mult-kernel-dataflow.cpp:85]   --->   Operation 942 'specfucore' 'specfucore_ln42' <Predicate = true> <Delay = 0.00>
ST_6 : Operation 943 [1/1] (0.00ns)   --->   "%rend = specregionend i32 @_ssdm_op_SpecRegionEnd, void @empty_133, i32 %rbegin" [kyber-mult-kernel-dataflow.cpp:41->kyber-mult-kernel-dataflow.cpp:85]   --->   Operation 943 'specregionend' 'rend' <Predicate = true> <Delay = 0.00>
ST_6 : Operation 944 [1/1] (2.03ns) (root node of the DSP)   --->   "%r_274 = sub i24 %zext_ln40_105, i24 %qq_274" [kyber-mult-kernel-dataflow.cpp:43->kyber-mult-kernel-dataflow.cpp:85]   --->   Operation 944 'sub' 'r_274' <Predicate = true> <Delay = 2.03> <CoreInst = "DSP48">   --->   Core 127 'DSP48' <Latency = 2> <II = 1> <Delay = 1.33> <IPBlock> <Opcode : '' 'add' 'sub' 'mul' 'select'> <InPorts = 0> <OutPorts = 1> <Sync> <CReg>
ST_6 : Operation 945 [1/1] (0.93ns)   --->   "%icmp_ln44_154 = icmp_ugt  i24 %r_274, i24 3328" [kyber-mult-kernel-dataflow.cpp:44->kyber-mult-kernel-dataflow.cpp:85]   --->   Operation 945 'icmp' 'icmp_ln44_154' <Predicate = true> <Delay = 0.93> <CoreInst = "Cmp">   --->   Core 9 'Cmp' <Latency = 0> <II = 1> <Delay = 0.93> <FuncUnit> <Opcode : 'icmp'> <InPorts = 2> <OutPorts = 1>
ST_6 : Operation 946 [1/1] (0.93ns)   --->   "%add_ln44_154 = add i24 %r_274, i24 16773887" [kyber-mult-kernel-dataflow.cpp:44->kyber-mult-kernel-dataflow.cpp:85]   --->   Operation 946 'add' 'add_ln44_154' <Predicate = true> <Delay = 0.93> <CoreInst = "Adder">   --->   Core 1 'Adder' <Latency = 0> <II = 1> <Delay = 0.93> <FuncUnit> <Opcode : 'add' 'sub'> <InPorts = 2> <OutPorts = 1>
ST_6 : Operation 947 [1/1] (0.32ns)   --->   "%tB = select i1 %icmp_ln44_154, i24 %add_ln44_154, i24 %r_274" [kyber-mult-kernel-dataflow.cpp:44->kyber-mult-kernel-dataflow.cpp:85]   --->   Operation 947 'select' 'tB' <Predicate = true> <Delay = 0.32> <CoreInst = "Sel">   --->   Core 73 'Sel' <Latency = 0> <II = 1> <Delay = 0.32> <FuncUnit> <Opcode : 'select'> <InPorts = 3> <OutPorts = 1>
ST_6 : Operation 948 [1/1] (0.00ns) (grouped into LUT with out node sub_ln86_49)   --->   "%trunc_ln48_245 = trunc i24 %tB" [kyber-mult-kernel-dataflow.cpp:48->kyber-mult-kernel-dataflow.cpp:86]   --->   Operation 948 'trunc' 'trunc_ln48_245' <Predicate = true> <Delay = 0.00>
ST_6 : Operation 949 [1/1] (0.93ns)   --->   "%s_274 = add i24 %tB, i24 %zext_ln85" [kyber-mult-kernel-dataflow.cpp:48->kyber-mult-kernel-dataflow.cpp:86]   --->   Operation 949 'add' 's_274' <Predicate = true> <Delay = 0.93> <CoreInst = "Adder">   --->   Core 1 'Adder' <Latency = 0> <II = 1> <Delay = 0.93> <FuncUnit> <Opcode : 'add' 'sub'> <InPorts = 2> <OutPorts = 1>
ST_6 : Operation 950 [1/1] (0.93ns)   --->   "%icmp_ln48_154 = icmp_ugt  i24 %s_274, i24 3328" [kyber-mult-kernel-dataflow.cpp:48->kyber-mult-kernel-dataflow.cpp:86]   --->   Operation 950 'icmp' 'icmp_ln48_154' <Predicate = true> <Delay = 0.93> <CoreInst = "Cmp">   --->   Core 9 'Cmp' <Latency = 0> <II = 1> <Delay = 0.93> <FuncUnit> <Opcode : 'icmp'> <InPorts = 2> <OutPorts = 1>
ST_6 : Operation 951 [1/1] (0.00ns)   --->   "%trunc_ln48_246 = trunc i24 %s_274" [kyber-mult-kernel-dataflow.cpp:48->kyber-mult-kernel-dataflow.cpp:86]   --->   Operation 951 'trunc' 'trunc_ln48_246' <Predicate = true> <Delay = 0.00>
ST_6 : Operation 952 [1/1] (0.80ns)   --->   "%add_ln48_308 = add i12 %trunc_ln48_246, i12 767" [kyber-mult-kernel-dataflow.cpp:48->kyber-mult-kernel-dataflow.cpp:86]   --->   Operation 952 'add' 'add_ln48_308' <Predicate = true> <Delay = 0.80> <CoreInst = "Adder">   --->   Core 1 'Adder' <Latency = 0> <II = 1> <Delay = 0.80> <FuncUnit> <Opcode : 'add' 'sub'> <InPorts = 2> <OutPorts = 1>
ST_6 : Operation 953 [1/1] (0.37ns)   --->   "%select_ln48_154 = select i1 %icmp_ln48_154, i12 %add_ln48_308, i12 %trunc_ln48_246" [kyber-mult-kernel-dataflow.cpp:48->kyber-mult-kernel-dataflow.cpp:86]   --->   Operation 953 'select' 'select_ln48_154' <Predicate = true> <Delay = 0.37> <CoreInst = "Sel">   --->   Core 73 'Sel' <Latency = 0> <II = 1> <Delay = 0.37> <FuncUnit> <Opcode : 'select'> <InPorts = 3> <OutPorts = 1>
ST_6 : Operation 954 [1/1] (0.00ns)   --->   "%dB_7_addr = getelementptr i12 %dB_7, i64 0, i64 %zext_ln73_2" [kyber-mult-kernel-dataflow.cpp:86]   --->   Operation 954 'getelementptr' 'dB_7_addr' <Predicate = true> <Delay = 0.00>
ST_6 : Operation 955 [1/1] (0.00ns)   --->   "%dB_15_addr = getelementptr i12 %dB_15, i64 0, i64 %zext_ln73_2" [kyber-mult-kernel-dataflow.cpp:86]   --->   Operation 955 'getelementptr' 'dB_15_addr' <Predicate = true> <Delay = 0.00>
ST_6 : Operation 956 [1/1] (0.93ns)   --->   "%icmp_ln52_154 = icmp_ult  i24 %zext_ln85, i24 %tB" [kyber-mult-kernel-dataflow.cpp:52->kyber-mult-kernel-dataflow.cpp:86]   --->   Operation 956 'icmp' 'icmp_ln52_154' <Predicate = true> <Delay = 0.93> <CoreInst = "Cmp">   --->   Core 9 'Cmp' <Latency = 0> <II = 1> <Delay = 0.93> <FuncUnit> <Opcode : 'icmp'> <InPorts = 2> <OutPorts = 1>
ST_6 : Operation 957 [1/1] (0.00ns) (grouped into LUT with out node sub_ln86_49)   --->   "%xor_ln52_154 = xor i1 %icmp_ln52_154, i1 1" [kyber-mult-kernel-dataflow.cpp:52->kyber-mult-kernel-dataflow.cpp:86]   --->   Operation 957 'xor' 'xor_ln52_154' <Predicate = true> <Delay = 0.00> <CoreInst = "LogicGate">   --->   Core 74 'LogicGate' <Latency = 0> <II = 1> <Delay = 0.28> <FuncUnit> <Opcode : 'and' 'or' 'xor'> <InPorts = 2> <OutPorts = 1>
ST_6 : Operation 958 [1/1] (0.80ns)   --->   "%add_ln52_154 = add i12 %uB, i12 3329" [kyber-mult-kernel-dataflow.cpp:52->kyber-mult-kernel-dataflow.cpp:86]   --->   Operation 958 'add' 'add_ln52_154' <Predicate = true> <Delay = 0.80> <CoreInst = "Adder">   --->   Core 1 'Adder' <Latency = 0> <II = 1> <Delay = 0.80> <FuncUnit> <Opcode : 'add' 'sub'> <InPorts = 2> <OutPorts = 1>
ST_6 : Operation 959 [1/1] (0.00ns) (grouped into LUT with out node sub_ln86_49)   --->   "%select_ln52_154 = select i1 %xor_ln52_154, i12 %uB, i12 %add_ln52_154" [kyber-mult-kernel-dataflow.cpp:52->kyber-mult-kernel-dataflow.cpp:86]   --->   Operation 959 'select' 'select_ln52_154' <Predicate = true> <Delay = 0.00> <CoreInst = "Sel">   --->   Core 73 'Sel' <Latency = 0> <II = 1> <Delay = 0.37> <FuncUnit> <Opcode : 'select'> <InPorts = 3> <OutPorts = 1>
ST_6 : Operation 960 [1/1] (0.80ns) (out node of the LUT)   --->   "%sub_ln86_49 = sub i12 %select_ln52_154, i12 %trunc_ln48_245" [kyber-mult-kernel-dataflow.cpp:86]   --->   Operation 960 'sub' 'sub_ln86_49' <Predicate = true> <Delay = 0.80> <CoreInst = "Adder">   --->   Core 1 'Adder' <Latency = 0> <II = 1> <Delay = 0.80> <FuncUnit> <Opcode : 'add' 'sub'> <InPorts = 2> <OutPorts = 1>
ST_6 : Operation 961 [1/1] (0.67ns)   --->   "%store_ln84 = store i12 %select_ln48, i4 %dA_8_addr" [kyber-mult-kernel-dataflow.cpp:84]   --->   Operation 961 'store' 'store_ln84' <Predicate = (!icmp_ln84)> <Delay = 0.67> <CoreInst = "RAM">   --->   Core 83 'RAM' <Latency = 1> <II = 1> <Delay = 0.67> <Storage> <Opcode : 'load' 'store'> <Ports = 2> <Width = 12> <Depth = 16> <RAM>
ST_6 : Operation 962 [1/1] (0.67ns)   --->   "%store_ln84 = store i12 %sub_ln84, i4 %dA_8_addr_4" [kyber-mult-kernel-dataflow.cpp:84]   --->   Operation 962 'store' 'store_ln84' <Predicate = (!icmp_ln84)> <Delay = 0.67> <CoreInst = "RAM">   --->   Core 83 'RAM' <Latency = 1> <II = 1> <Delay = 0.67> <Storage> <Opcode : 'load' 'store'> <Ports = 2> <Width = 12> <Depth = 16> <RAM>
ST_6 : Operation 963 [1/1] (0.67ns)   --->   "%store_ln84 = store i12 %select_ln48_140, i4 %dA_9_addr" [kyber-mult-kernel-dataflow.cpp:84]   --->   Operation 963 'store' 'store_ln84' <Predicate = (!icmp_ln84)> <Delay = 0.67> <CoreInst = "RAM">   --->   Core 83 'RAM' <Latency = 1> <II = 1> <Delay = 0.67> <Storage> <Opcode : 'load' 'store'> <Ports = 2> <Width = 12> <Depth = 16> <RAM>
ST_6 : Operation 964 [1/1] (0.67ns)   --->   "%store_ln84 = store i12 %select_ln48_141, i4 %dA_10_addr" [kyber-mult-kernel-dataflow.cpp:84]   --->   Operation 964 'store' 'store_ln84' <Predicate = (!icmp_ln84)> <Delay = 0.67> <CoreInst = "RAM">   --->   Core 83 'RAM' <Latency = 1> <II = 1> <Delay = 0.67> <Storage> <Opcode : 'load' 'store'> <Ports = 2> <Width = 12> <Depth = 16> <RAM>
ST_6 : Operation 965 [1/1] (0.67ns)   --->   "%store_ln84 = store i12 %select_ln48_142, i4 %dA_11_addr" [kyber-mult-kernel-dataflow.cpp:84]   --->   Operation 965 'store' 'store_ln84' <Predicate = (!icmp_ln84)> <Delay = 0.67> <CoreInst = "RAM">   --->   Core 83 'RAM' <Latency = 1> <II = 1> <Delay = 0.67> <Storage> <Opcode : 'load' 'store'> <Ports = 2> <Width = 12> <Depth = 16> <RAM>
ST_6 : Operation 966 [1/1] (0.67ns)   --->   "%store_ln84 = store i12 %select_ln48_143, i4 %dA_12_addr" [kyber-mult-kernel-dataflow.cpp:84]   --->   Operation 966 'store' 'store_ln84' <Predicate = (!icmp_ln84)> <Delay = 0.67> <CoreInst = "RAM">   --->   Core 83 'RAM' <Latency = 1> <II = 1> <Delay = 0.67> <Storage> <Opcode : 'load' 'store'> <Ports = 2> <Width = 12> <Depth = 16> <RAM>
ST_6 : Operation 967 [1/1] (0.67ns)   --->   "%store_ln84 = store i12 %select_ln48_144, i4 %dA_13_addr" [kyber-mult-kernel-dataflow.cpp:84]   --->   Operation 967 'store' 'store_ln84' <Predicate = (!icmp_ln84)> <Delay = 0.67> <CoreInst = "RAM">   --->   Core 83 'RAM' <Latency = 1> <II = 1> <Delay = 0.67> <Storage> <Opcode : 'load' 'store'> <Ports = 2> <Width = 12> <Depth = 16> <RAM>
ST_6 : Operation 968 [1/1] (0.67ns)   --->   "%store_ln84 = store i12 %select_ln48_145, i4 %dA_14_addr" [kyber-mult-kernel-dataflow.cpp:84]   --->   Operation 968 'store' 'store_ln84' <Predicate = (!icmp_ln84)> <Delay = 0.67> <CoreInst = "RAM">   --->   Core 83 'RAM' <Latency = 1> <II = 1> <Delay = 0.67> <Storage> <Opcode : 'load' 'store'> <Ports = 2> <Width = 12> <Depth = 16> <RAM>
ST_6 : Operation 969 [1/1] (0.67ns)   --->   "%store_ln84 = store i12 %select_ln48_146, i4 %dA_15_addr" [kyber-mult-kernel-dataflow.cpp:84]   --->   Operation 969 'store' 'store_ln84' <Predicate = (!icmp_ln84)> <Delay = 0.67> <CoreInst = "RAM">   --->   Core 83 'RAM' <Latency = 1> <II = 1> <Delay = 0.67> <Storage> <Opcode : 'load' 'store'> <Ports = 2> <Width = 12> <Depth = 16> <RAM>
ST_6 : Operation 970 [1/1] (0.67ns)   --->   "%store_ln86 = store i12 %select_ln48_147, i4 %dB_8_addr" [kyber-mult-kernel-dataflow.cpp:86]   --->   Operation 970 'store' 'store_ln86' <Predicate = (!icmp_ln84)> <Delay = 0.67> <CoreInst = "RAM">   --->   Core 83 'RAM' <Latency = 1> <II = 1> <Delay = 0.67> <Storage> <Opcode : 'load' 'store'> <Ports = 2> <Width = 12> <Depth = 16> <RAM>
ST_6 : Operation 971 [1/1] (0.67ns)   --->   "%store_ln86 = store i12 %sub_ln86, i4 %dB_8_addr_4" [kyber-mult-kernel-dataflow.cpp:86]   --->   Operation 971 'store' 'store_ln86' <Predicate = (!icmp_ln84)> <Delay = 0.67> <CoreInst = "RAM">   --->   Core 83 'RAM' <Latency = 1> <II = 1> <Delay = 0.67> <Storage> <Opcode : 'load' 'store'> <Ports = 2> <Width = 12> <Depth = 16> <RAM>
ST_6 : Operation 972 [1/1] (0.67ns)   --->   "%store_ln86 = store i12 %select_ln48_148, i4 %dB_9_addr" [kyber-mult-kernel-dataflow.cpp:86]   --->   Operation 972 'store' 'store_ln86' <Predicate = (!icmp_ln84)> <Delay = 0.67> <CoreInst = "RAM">   --->   Core 83 'RAM' <Latency = 1> <II = 1> <Delay = 0.67> <Storage> <Opcode : 'load' 'store'> <Ports = 2> <Width = 12> <Depth = 16> <RAM>
ST_6 : Operation 973 [1/1] (0.67ns)   --->   "%store_ln86 = store i12 %select_ln48_149, i4 %dB_10_addr" [kyber-mult-kernel-dataflow.cpp:86]   --->   Operation 973 'store' 'store_ln86' <Predicate = (!icmp_ln84)> <Delay = 0.67> <CoreInst = "RAM">   --->   Core 83 'RAM' <Latency = 1> <II = 1> <Delay = 0.67> <Storage> <Opcode : 'load' 'store'> <Ports = 2> <Width = 12> <Depth = 16> <RAM>
ST_6 : Operation 974 [1/1] (0.67ns)   --->   "%store_ln86 = store i12 %select_ln48_150, i4 %dB_11_addr" [kyber-mult-kernel-dataflow.cpp:86]   --->   Operation 974 'store' 'store_ln86' <Predicate = (!icmp_ln84)> <Delay = 0.67> <CoreInst = "RAM">   --->   Core 83 'RAM' <Latency = 1> <II = 1> <Delay = 0.67> <Storage> <Opcode : 'load' 'store'> <Ports = 2> <Width = 12> <Depth = 16> <RAM>
ST_6 : Operation 975 [1/1] (0.67ns)   --->   "%store_ln86 = store i12 %select_ln48_151, i4 %dB_12_addr" [kyber-mult-kernel-dataflow.cpp:86]   --->   Operation 975 'store' 'store_ln86' <Predicate = (!icmp_ln84)> <Delay = 0.67> <CoreInst = "RAM">   --->   Core 83 'RAM' <Latency = 1> <II = 1> <Delay = 0.67> <Storage> <Opcode : 'load' 'store'> <Ports = 2> <Width = 12> <Depth = 16> <RAM>
ST_6 : Operation 976 [1/1] (0.67ns)   --->   "%store_ln86 = store i12 %select_ln48_152, i4 %dB_13_addr" [kyber-mult-kernel-dataflow.cpp:86]   --->   Operation 976 'store' 'store_ln86' <Predicate = (!icmp_ln84)> <Delay = 0.67> <CoreInst = "RAM">   --->   Core 83 'RAM' <Latency = 1> <II = 1> <Delay = 0.67> <Storage> <Opcode : 'load' 'store'> <Ports = 2> <Width = 12> <Depth = 16> <RAM>
ST_6 : Operation 977 [1/1] (0.67ns)   --->   "%store_ln86 = store i12 %select_ln48_153, i4 %dB_14_addr" [kyber-mult-kernel-dataflow.cpp:86]   --->   Operation 977 'store' 'store_ln86' <Predicate = (!icmp_ln84)> <Delay = 0.67> <CoreInst = "RAM">   --->   Core 83 'RAM' <Latency = 1> <II = 1> <Delay = 0.67> <Storage> <Opcode : 'load' 'store'> <Ports = 2> <Width = 12> <Depth = 16> <RAM>
ST_6 : Operation 978 [1/1] (0.67ns)   --->   "%store_ln86 = store i12 %select_ln48_154, i4 %dB_15_addr" [kyber-mult-kernel-dataflow.cpp:86]   --->   Operation 978 'store' 'store_ln86' <Predicate = (!icmp_ln84)> <Delay = 0.67> <CoreInst = "RAM">   --->   Core 83 'RAM' <Latency = 1> <II = 1> <Delay = 0.67> <Storage> <Opcode : 'load' 'store'> <Ports = 2> <Width = 12> <Depth = 16> <RAM>
ST_6 : Operation 979 [1/1] (0.67ns)   --->   "%store_ln84 = store i12 %select_ln48, i4 %dA_0_addr" [kyber-mult-kernel-dataflow.cpp:84]   --->   Operation 979 'store' 'store_ln84' <Predicate = (icmp_ln84)> <Delay = 0.67> <CoreInst = "RAM">   --->   Core 83 'RAM' <Latency = 1> <II = 1> <Delay = 0.67> <Storage> <Opcode : 'load' 'store'> <Ports = 2> <Width = 12> <Depth = 16> <RAM>
ST_6 : Operation 980 [1/1] (0.67ns)   --->   "%store_ln84 = store i12 %sub_ln84, i4 %dA_0_addr_4" [kyber-mult-kernel-dataflow.cpp:84]   --->   Operation 980 'store' 'store_ln84' <Predicate = (icmp_ln84)> <Delay = 0.67> <CoreInst = "RAM">   --->   Core 83 'RAM' <Latency = 1> <II = 1> <Delay = 0.67> <Storage> <Opcode : 'load' 'store'> <Ports = 2> <Width = 12> <Depth = 16> <RAM>
ST_6 : Operation 981 [1/1] (0.67ns)   --->   "%store_ln84 = store i12 %select_ln48_140, i4 %dA_1_addr" [kyber-mult-kernel-dataflow.cpp:84]   --->   Operation 981 'store' 'store_ln84' <Predicate = (icmp_ln84)> <Delay = 0.67> <CoreInst = "RAM">   --->   Core 83 'RAM' <Latency = 1> <II = 1> <Delay = 0.67> <Storage> <Opcode : 'load' 'store'> <Ports = 2> <Width = 12> <Depth = 16> <RAM>
ST_6 : Operation 982 [1/1] (0.67ns)   --->   "%store_ln84 = store i12 %select_ln48_141, i4 %dA_2_addr" [kyber-mult-kernel-dataflow.cpp:84]   --->   Operation 982 'store' 'store_ln84' <Predicate = (icmp_ln84)> <Delay = 0.67> <CoreInst = "RAM">   --->   Core 83 'RAM' <Latency = 1> <II = 1> <Delay = 0.67> <Storage> <Opcode : 'load' 'store'> <Ports = 2> <Width = 12> <Depth = 16> <RAM>
ST_6 : Operation 983 [1/1] (0.67ns)   --->   "%store_ln84 = store i12 %select_ln48_142, i4 %dA_3_addr" [kyber-mult-kernel-dataflow.cpp:84]   --->   Operation 983 'store' 'store_ln84' <Predicate = (icmp_ln84)> <Delay = 0.67> <CoreInst = "RAM">   --->   Core 83 'RAM' <Latency = 1> <II = 1> <Delay = 0.67> <Storage> <Opcode : 'load' 'store'> <Ports = 2> <Width = 12> <Depth = 16> <RAM>
ST_6 : Operation 984 [1/1] (0.67ns)   --->   "%store_ln84 = store i12 %select_ln48_143, i4 %dA_4_addr" [kyber-mult-kernel-dataflow.cpp:84]   --->   Operation 984 'store' 'store_ln84' <Predicate = (icmp_ln84)> <Delay = 0.67> <CoreInst = "RAM">   --->   Core 83 'RAM' <Latency = 1> <II = 1> <Delay = 0.67> <Storage> <Opcode : 'load' 'store'> <Ports = 2> <Width = 12> <Depth = 16> <RAM>
ST_6 : Operation 985 [1/1] (0.67ns)   --->   "%store_ln84 = store i12 %select_ln48_144, i4 %dA_5_addr" [kyber-mult-kernel-dataflow.cpp:84]   --->   Operation 985 'store' 'store_ln84' <Predicate = (icmp_ln84)> <Delay = 0.67> <CoreInst = "RAM">   --->   Core 83 'RAM' <Latency = 1> <II = 1> <Delay = 0.67> <Storage> <Opcode : 'load' 'store'> <Ports = 2> <Width = 12> <Depth = 16> <RAM>
ST_6 : Operation 986 [1/1] (0.67ns)   --->   "%store_ln84 = store i12 %select_ln48_145, i4 %dA_6_addr" [kyber-mult-kernel-dataflow.cpp:84]   --->   Operation 986 'store' 'store_ln84' <Predicate = (icmp_ln84)> <Delay = 0.67> <CoreInst = "RAM">   --->   Core 83 'RAM' <Latency = 1> <II = 1> <Delay = 0.67> <Storage> <Opcode : 'load' 'store'> <Ports = 2> <Width = 12> <Depth = 16> <RAM>
ST_6 : Operation 987 [1/1] (0.67ns)   --->   "%store_ln84 = store i12 %select_ln48_146, i4 %dA_7_addr" [kyber-mult-kernel-dataflow.cpp:84]   --->   Operation 987 'store' 'store_ln84' <Predicate = (icmp_ln84)> <Delay = 0.67> <CoreInst = "RAM">   --->   Core 83 'RAM' <Latency = 1> <II = 1> <Delay = 0.67> <Storage> <Opcode : 'load' 'store'> <Ports = 2> <Width = 12> <Depth = 16> <RAM>
ST_6 : Operation 988 [1/1] (0.67ns)   --->   "%store_ln86 = store i12 %select_ln48_147, i4 %dB_0_addr" [kyber-mult-kernel-dataflow.cpp:86]   --->   Operation 988 'store' 'store_ln86' <Predicate = (icmp_ln84)> <Delay = 0.67> <CoreInst = "RAM">   --->   Core 83 'RAM' <Latency = 1> <II = 1> <Delay = 0.67> <Storage> <Opcode : 'load' 'store'> <Ports = 2> <Width = 12> <Depth = 16> <RAM>
ST_6 : Operation 989 [1/1] (0.67ns)   --->   "%store_ln86 = store i12 %sub_ln86, i4 %dB_0_addr_4" [kyber-mult-kernel-dataflow.cpp:86]   --->   Operation 989 'store' 'store_ln86' <Predicate = (icmp_ln84)> <Delay = 0.67> <CoreInst = "RAM">   --->   Core 83 'RAM' <Latency = 1> <II = 1> <Delay = 0.67> <Storage> <Opcode : 'load' 'store'> <Ports = 2> <Width = 12> <Depth = 16> <RAM>
ST_6 : Operation 990 [1/1] (0.67ns)   --->   "%store_ln86 = store i12 %select_ln48_148, i4 %dB_1_addr" [kyber-mult-kernel-dataflow.cpp:86]   --->   Operation 990 'store' 'store_ln86' <Predicate = (icmp_ln84)> <Delay = 0.67> <CoreInst = "RAM">   --->   Core 83 'RAM' <Latency = 1> <II = 1> <Delay = 0.67> <Storage> <Opcode : 'load' 'store'> <Ports = 2> <Width = 12> <Depth = 16> <RAM>
ST_6 : Operation 991 [1/1] (0.67ns)   --->   "%store_ln86 = store i12 %select_ln48_149, i4 %dB_2_addr" [kyber-mult-kernel-dataflow.cpp:86]   --->   Operation 991 'store' 'store_ln86' <Predicate = (icmp_ln84)> <Delay = 0.67> <CoreInst = "RAM">   --->   Core 83 'RAM' <Latency = 1> <II = 1> <Delay = 0.67> <Storage> <Opcode : 'load' 'store'> <Ports = 2> <Width = 12> <Depth = 16> <RAM>
ST_6 : Operation 992 [1/1] (0.67ns)   --->   "%store_ln86 = store i12 %select_ln48_150, i4 %dB_3_addr" [kyber-mult-kernel-dataflow.cpp:86]   --->   Operation 992 'store' 'store_ln86' <Predicate = (icmp_ln84)> <Delay = 0.67> <CoreInst = "RAM">   --->   Core 83 'RAM' <Latency = 1> <II = 1> <Delay = 0.67> <Storage> <Opcode : 'load' 'store'> <Ports = 2> <Width = 12> <Depth = 16> <RAM>
ST_6 : Operation 993 [1/1] (0.67ns)   --->   "%store_ln86 = store i12 %select_ln48_151, i4 %dB_4_addr" [kyber-mult-kernel-dataflow.cpp:86]   --->   Operation 993 'store' 'store_ln86' <Predicate = (icmp_ln84)> <Delay = 0.67> <CoreInst = "RAM">   --->   Core 83 'RAM' <Latency = 1> <II = 1> <Delay = 0.67> <Storage> <Opcode : 'load' 'store'> <Ports = 2> <Width = 12> <Depth = 16> <RAM>
ST_6 : Operation 994 [1/1] (0.67ns)   --->   "%store_ln86 = store i12 %select_ln48_152, i4 %dB_5_addr" [kyber-mult-kernel-dataflow.cpp:86]   --->   Operation 994 'store' 'store_ln86' <Predicate = (icmp_ln84)> <Delay = 0.67> <CoreInst = "RAM">   --->   Core 83 'RAM' <Latency = 1> <II = 1> <Delay = 0.67> <Storage> <Opcode : 'load' 'store'> <Ports = 2> <Width = 12> <Depth = 16> <RAM>
ST_6 : Operation 995 [1/1] (0.67ns)   --->   "%store_ln86 = store i12 %select_ln48_153, i4 %dB_6_addr" [kyber-mult-kernel-dataflow.cpp:86]   --->   Operation 995 'store' 'store_ln86' <Predicate = (icmp_ln84)> <Delay = 0.67> <CoreInst = "RAM">   --->   Core 83 'RAM' <Latency = 1> <II = 1> <Delay = 0.67> <Storage> <Opcode : 'load' 'store'> <Ports = 2> <Width = 12> <Depth = 16> <RAM>
ST_6 : Operation 996 [1/1] (0.67ns)   --->   "%store_ln86 = store i12 %select_ln48_154, i4 %dB_7_addr" [kyber-mult-kernel-dataflow.cpp:86]   --->   Operation 996 'store' 'store_ln86' <Predicate = (icmp_ln84)> <Delay = 0.67> <CoreInst = "RAM">   --->   Core 83 'RAM' <Latency = 1> <II = 1> <Delay = 0.67> <Storage> <Opcode : 'load' 'store'> <Ports = 2> <Width = 12> <Depth = 16> <RAM>
ST_6 : Operation 1027 [1/1] (0.00ns)   --->   "%ret_ln89 = ret" [kyber-mult-kernel-dataflow.cpp:89]   --->   Operation 1027 'ret' 'ret_ln89' <Predicate = (tmp)> <Delay = 0.00>

State 7 <SV = 6> <Delay = 0.67>
ST_7 : Operation 997 [1/1] (0.67ns)   --->   "%store_ln84 = store i12 %sub_ln84_43, i4 %dA_9_addr_4" [kyber-mult-kernel-dataflow.cpp:84]   --->   Operation 997 'store' 'store_ln84' <Predicate = (!icmp_ln84)> <Delay = 0.67> <CoreInst = "RAM">   --->   Core 83 'RAM' <Latency = 1> <II = 1> <Delay = 0.67> <Storage> <Opcode : 'load' 'store'> <Ports = 2> <Width = 12> <Depth = 16> <RAM>
ST_7 : Operation 998 [1/1] (0.67ns)   --->   "%store_ln84 = store i12 %sub_ln84_44, i4 %dA_10_addr_4" [kyber-mult-kernel-dataflow.cpp:84]   --->   Operation 998 'store' 'store_ln84' <Predicate = (!icmp_ln84)> <Delay = 0.67> <CoreInst = "RAM">   --->   Core 83 'RAM' <Latency = 1> <II = 1> <Delay = 0.67> <Storage> <Opcode : 'load' 'store'> <Ports = 2> <Width = 12> <Depth = 16> <RAM>
ST_7 : Operation 999 [1/1] (0.67ns)   --->   "%store_ln84 = store i12 %sub_ln84_45, i4 %dA_11_addr_4" [kyber-mult-kernel-dataflow.cpp:84]   --->   Operation 999 'store' 'store_ln84' <Predicate = (!icmp_ln84)> <Delay = 0.67> <CoreInst = "RAM">   --->   Core 83 'RAM' <Latency = 1> <II = 1> <Delay = 0.67> <Storage> <Opcode : 'load' 'store'> <Ports = 2> <Width = 12> <Depth = 16> <RAM>
ST_7 : Operation 1000 [1/1] (0.67ns)   --->   "%store_ln84 = store i12 %sub_ln84_46, i4 %dA_12_addr_4" [kyber-mult-kernel-dataflow.cpp:84]   --->   Operation 1000 'store' 'store_ln84' <Predicate = (!icmp_ln84)> <Delay = 0.67> <CoreInst = "RAM">   --->   Core 83 'RAM' <Latency = 1> <II = 1> <Delay = 0.67> <Storage> <Opcode : 'load' 'store'> <Ports = 2> <Width = 12> <Depth = 16> <RAM>
ST_7 : Operation 1001 [1/1] (0.67ns)   --->   "%store_ln84 = store i12 %sub_ln84_47, i4 %dA_13_addr_4" [kyber-mult-kernel-dataflow.cpp:84]   --->   Operation 1001 'store' 'store_ln84' <Predicate = (!icmp_ln84)> <Delay = 0.67> <CoreInst = "RAM">   --->   Core 83 'RAM' <Latency = 1> <II = 1> <Delay = 0.67> <Storage> <Opcode : 'load' 'store'> <Ports = 2> <Width = 12> <Depth = 16> <RAM>
ST_7 : Operation 1002 [1/1] (0.67ns)   --->   "%store_ln84 = store i12 %sub_ln84_48, i4 %dA_14_addr_4" [kyber-mult-kernel-dataflow.cpp:84]   --->   Operation 1002 'store' 'store_ln84' <Predicate = (!icmp_ln84)> <Delay = 0.67> <CoreInst = "RAM">   --->   Core 83 'RAM' <Latency = 1> <II = 1> <Delay = 0.67> <Storage> <Opcode : 'load' 'store'> <Ports = 2> <Width = 12> <Depth = 16> <RAM>
ST_7 : Operation 1003 [1/1] (0.67ns)   --->   "%store_ln84 = store i12 %sub_ln84_49, i4 %dA_15_addr_4" [kyber-mult-kernel-dataflow.cpp:84]   --->   Operation 1003 'store' 'store_ln84' <Predicate = (!icmp_ln84)> <Delay = 0.67> <CoreInst = "RAM">   --->   Core 83 'RAM' <Latency = 1> <II = 1> <Delay = 0.67> <Storage> <Opcode : 'load' 'store'> <Ports = 2> <Width = 12> <Depth = 16> <RAM>
ST_7 : Operation 1004 [1/1] (0.67ns)   --->   "%store_ln86 = store i12 %sub_ln86_43, i4 %dB_9_addr_4" [kyber-mult-kernel-dataflow.cpp:86]   --->   Operation 1004 'store' 'store_ln86' <Predicate = (!icmp_ln84)> <Delay = 0.67> <CoreInst = "RAM">   --->   Core 83 'RAM' <Latency = 1> <II = 1> <Delay = 0.67> <Storage> <Opcode : 'load' 'store'> <Ports = 2> <Width = 12> <Depth = 16> <RAM>
ST_7 : Operation 1005 [1/1] (0.67ns)   --->   "%store_ln86 = store i12 %sub_ln86_44, i4 %dB_10_addr_4" [kyber-mult-kernel-dataflow.cpp:86]   --->   Operation 1005 'store' 'store_ln86' <Predicate = (!icmp_ln84)> <Delay = 0.67> <CoreInst = "RAM">   --->   Core 83 'RAM' <Latency = 1> <II = 1> <Delay = 0.67> <Storage> <Opcode : 'load' 'store'> <Ports = 2> <Width = 12> <Depth = 16> <RAM>
ST_7 : Operation 1006 [1/1] (0.67ns)   --->   "%store_ln86 = store i12 %sub_ln86_45, i4 %dB_11_addr_4" [kyber-mult-kernel-dataflow.cpp:86]   --->   Operation 1006 'store' 'store_ln86' <Predicate = (!icmp_ln84)> <Delay = 0.67> <CoreInst = "RAM">   --->   Core 83 'RAM' <Latency = 1> <II = 1> <Delay = 0.67> <Storage> <Opcode : 'load' 'store'> <Ports = 2> <Width = 12> <Depth = 16> <RAM>
ST_7 : Operation 1007 [1/1] (0.67ns)   --->   "%store_ln86 = store i12 %sub_ln86_46, i4 %dB_12_addr_4" [kyber-mult-kernel-dataflow.cpp:86]   --->   Operation 1007 'store' 'store_ln86' <Predicate = (!icmp_ln84)> <Delay = 0.67> <CoreInst = "RAM">   --->   Core 83 'RAM' <Latency = 1> <II = 1> <Delay = 0.67> <Storage> <Opcode : 'load' 'store'> <Ports = 2> <Width = 12> <Depth = 16> <RAM>
ST_7 : Operation 1008 [1/1] (0.67ns)   --->   "%store_ln86 = store i12 %sub_ln86_47, i4 %dB_13_addr_4" [kyber-mult-kernel-dataflow.cpp:86]   --->   Operation 1008 'store' 'store_ln86' <Predicate = (!icmp_ln84)> <Delay = 0.67> <CoreInst = "RAM">   --->   Core 83 'RAM' <Latency = 1> <II = 1> <Delay = 0.67> <Storage> <Opcode : 'load' 'store'> <Ports = 2> <Width = 12> <Depth = 16> <RAM>
ST_7 : Operation 1009 [1/1] (0.67ns)   --->   "%store_ln86 = store i12 %sub_ln86_48, i4 %dB_14_addr_4" [kyber-mult-kernel-dataflow.cpp:86]   --->   Operation 1009 'store' 'store_ln86' <Predicate = (!icmp_ln84)> <Delay = 0.67> <CoreInst = "RAM">   --->   Core 83 'RAM' <Latency = 1> <II = 1> <Delay = 0.67> <Storage> <Opcode : 'load' 'store'> <Ports = 2> <Width = 12> <Depth = 16> <RAM>
ST_7 : Operation 1010 [1/1] (0.67ns)   --->   "%store_ln86 = store i12 %sub_ln86_49, i4 %dB_15_addr_4" [kyber-mult-kernel-dataflow.cpp:86]   --->   Operation 1010 'store' 'store_ln86' <Predicate = (!icmp_ln84)> <Delay = 0.67> <CoreInst = "RAM">   --->   Core 83 'RAM' <Latency = 1> <II = 1> <Delay = 0.67> <Storage> <Opcode : 'load' 'store'> <Ports = 2> <Width = 12> <Depth = 16> <RAM>
ST_7 : Operation 1011 [1/1] (0.00ns)   --->   "%br_ln86 = br void %arrayidx43.764.exit" [kyber-mult-kernel-dataflow.cpp:86]   --->   Operation 1011 'br' 'br_ln86' <Predicate = (!icmp_ln84)> <Delay = 0.00>
ST_7 : Operation 1012 [1/1] (0.67ns)   --->   "%store_ln84 = store i12 %sub_ln84_43, i4 %dA_1_addr_4" [kyber-mult-kernel-dataflow.cpp:84]   --->   Operation 1012 'store' 'store_ln84' <Predicate = (icmp_ln84)> <Delay = 0.67> <CoreInst = "RAM">   --->   Core 83 'RAM' <Latency = 1> <II = 1> <Delay = 0.67> <Storage> <Opcode : 'load' 'store'> <Ports = 2> <Width = 12> <Depth = 16> <RAM>
ST_7 : Operation 1013 [1/1] (0.67ns)   --->   "%store_ln84 = store i12 %sub_ln84_44, i4 %dA_2_addr_4" [kyber-mult-kernel-dataflow.cpp:84]   --->   Operation 1013 'store' 'store_ln84' <Predicate = (icmp_ln84)> <Delay = 0.67> <CoreInst = "RAM">   --->   Core 83 'RAM' <Latency = 1> <II = 1> <Delay = 0.67> <Storage> <Opcode : 'load' 'store'> <Ports = 2> <Width = 12> <Depth = 16> <RAM>
ST_7 : Operation 1014 [1/1] (0.67ns)   --->   "%store_ln84 = store i12 %sub_ln84_45, i4 %dA_3_addr_4" [kyber-mult-kernel-dataflow.cpp:84]   --->   Operation 1014 'store' 'store_ln84' <Predicate = (icmp_ln84)> <Delay = 0.67> <CoreInst = "RAM">   --->   Core 83 'RAM' <Latency = 1> <II = 1> <Delay = 0.67> <Storage> <Opcode : 'load' 'store'> <Ports = 2> <Width = 12> <Depth = 16> <RAM>
ST_7 : Operation 1015 [1/1] (0.67ns)   --->   "%store_ln84 = store i12 %sub_ln84_46, i4 %dA_4_addr_4" [kyber-mult-kernel-dataflow.cpp:84]   --->   Operation 1015 'store' 'store_ln84' <Predicate = (icmp_ln84)> <Delay = 0.67> <CoreInst = "RAM">   --->   Core 83 'RAM' <Latency = 1> <II = 1> <Delay = 0.67> <Storage> <Opcode : 'load' 'store'> <Ports = 2> <Width = 12> <Depth = 16> <RAM>
ST_7 : Operation 1016 [1/1] (0.67ns)   --->   "%store_ln84 = store i12 %sub_ln84_47, i4 %dA_5_addr_4" [kyber-mult-kernel-dataflow.cpp:84]   --->   Operation 1016 'store' 'store_ln84' <Predicate = (icmp_ln84)> <Delay = 0.67> <CoreInst = "RAM">   --->   Core 83 'RAM' <Latency = 1> <II = 1> <Delay = 0.67> <Storage> <Opcode : 'load' 'store'> <Ports = 2> <Width = 12> <Depth = 16> <RAM>
ST_7 : Operation 1017 [1/1] (0.67ns)   --->   "%store_ln84 = store i12 %sub_ln84_48, i4 %dA_6_addr_4" [kyber-mult-kernel-dataflow.cpp:84]   --->   Operation 1017 'store' 'store_ln84' <Predicate = (icmp_ln84)> <Delay = 0.67> <CoreInst = "RAM">   --->   Core 83 'RAM' <Latency = 1> <II = 1> <Delay = 0.67> <Storage> <Opcode : 'load' 'store'> <Ports = 2> <Width = 12> <Depth = 16> <RAM>
ST_7 : Operation 1018 [1/1] (0.67ns)   --->   "%store_ln84 = store i12 %sub_ln84_49, i4 %dA_7_addr_4" [kyber-mult-kernel-dataflow.cpp:84]   --->   Operation 1018 'store' 'store_ln84' <Predicate = (icmp_ln84)> <Delay = 0.67> <CoreInst = "RAM">   --->   Core 83 'RAM' <Latency = 1> <II = 1> <Delay = 0.67> <Storage> <Opcode : 'load' 'store'> <Ports = 2> <Width = 12> <Depth = 16> <RAM>
ST_7 : Operation 1019 [1/1] (0.67ns)   --->   "%store_ln86 = store i12 %sub_ln86_43, i4 %dB_1_addr_4" [kyber-mult-kernel-dataflow.cpp:86]   --->   Operation 1019 'store' 'store_ln86' <Predicate = (icmp_ln84)> <Delay = 0.67> <CoreInst = "RAM">   --->   Core 83 'RAM' <Latency = 1> <II = 1> <Delay = 0.67> <Storage> <Opcode : 'load' 'store'> <Ports = 2> <Width = 12> <Depth = 16> <RAM>
ST_7 : Operation 1020 [1/1] (0.67ns)   --->   "%store_ln86 = store i12 %sub_ln86_44, i4 %dB_2_addr_4" [kyber-mult-kernel-dataflow.cpp:86]   --->   Operation 1020 'store' 'store_ln86' <Predicate = (icmp_ln84)> <Delay = 0.67> <CoreInst = "RAM">   --->   Core 83 'RAM' <Latency = 1> <II = 1> <Delay = 0.67> <Storage> <Opcode : 'load' 'store'> <Ports = 2> <Width = 12> <Depth = 16> <RAM>
ST_7 : Operation 1021 [1/1] (0.67ns)   --->   "%store_ln86 = store i12 %sub_ln86_45, i4 %dB_3_addr_4" [kyber-mult-kernel-dataflow.cpp:86]   --->   Operation 1021 'store' 'store_ln86' <Predicate = (icmp_ln84)> <Delay = 0.67> <CoreInst = "RAM">   --->   Core 83 'RAM' <Latency = 1> <II = 1> <Delay = 0.67> <Storage> <Opcode : 'load' 'store'> <Ports = 2> <Width = 12> <Depth = 16> <RAM>
ST_7 : Operation 1022 [1/1] (0.67ns)   --->   "%store_ln86 = store i12 %sub_ln86_46, i4 %dB_4_addr_4" [kyber-mult-kernel-dataflow.cpp:86]   --->   Operation 1022 'store' 'store_ln86' <Predicate = (icmp_ln84)> <Delay = 0.67> <CoreInst = "RAM">   --->   Core 83 'RAM' <Latency = 1> <II = 1> <Delay = 0.67> <Storage> <Opcode : 'load' 'store'> <Ports = 2> <Width = 12> <Depth = 16> <RAM>
ST_7 : Operation 1023 [1/1] (0.67ns)   --->   "%store_ln86 = store i12 %sub_ln86_47, i4 %dB_5_addr_4" [kyber-mult-kernel-dataflow.cpp:86]   --->   Operation 1023 'store' 'store_ln86' <Predicate = (icmp_ln84)> <Delay = 0.67> <CoreInst = "RAM">   --->   Core 83 'RAM' <Latency = 1> <II = 1> <Delay = 0.67> <Storage> <Opcode : 'load' 'store'> <Ports = 2> <Width = 12> <Depth = 16> <RAM>
ST_7 : Operation 1024 [1/1] (0.67ns)   --->   "%store_ln86 = store i12 %sub_ln86_48, i4 %dB_6_addr_4" [kyber-mult-kernel-dataflow.cpp:86]   --->   Operation 1024 'store' 'store_ln86' <Predicate = (icmp_ln84)> <Delay = 0.67> <CoreInst = "RAM">   --->   Core 83 'RAM' <Latency = 1> <II = 1> <Delay = 0.67> <Storage> <Opcode : 'load' 'store'> <Ports = 2> <Width = 12> <Depth = 16> <RAM>
ST_7 : Operation 1025 [1/1] (0.67ns)   --->   "%store_ln86 = store i12 %sub_ln86_49, i4 %dB_7_addr_4" [kyber-mult-kernel-dataflow.cpp:86]   --->   Operation 1025 'store' 'store_ln86' <Predicate = (icmp_ln84)> <Delay = 0.67> <CoreInst = "RAM">   --->   Core 83 'RAM' <Latency = 1> <II = 1> <Delay = 0.67> <Storage> <Opcode : 'load' 'store'> <Ports = 2> <Width = 12> <Depth = 16> <RAM>
ST_7 : Operation 1026 [1/1] (0.00ns)   --->   "%br_ln86 = br void %arrayidx43.764.exit" [kyber-mult-kernel-dataflow.cpp:86]   --->   Operation 1026 'br' 'br_ln86' <Predicate = (icmp_ln84)> <Delay = 0.00>


============================================================
+ Verbose Summary: Timing violations
============================================================
Target clock period: 10.000ns, clock uncertainty: 2.700ns.

 <State 1>: 1.869ns
The critical path consists of the following:
	'store' operation 0 bit ('store_ln80', kyber-mult-kernel-dataflow.cpp:80) of constant 0 on local variable 'j1', kyber-mult-kernel-dataflow.cpp:80 [74]  (0.427 ns)
	'load' operation 8 bit ('m', kyber-mult-kernel-dataflow.cpp:73) on local variable 'j1', kyber-mult-kernel-dataflow.cpp:80 [77]  (0.000 ns)
	'add' operation 8 bit ('add_ln73_6', kyber-mult-kernel-dataflow.cpp:73) [95]  (0.765 ns)
	'getelementptr' operation 4 bit ('sA_1_addr_4', kyber-mult-kernel-dataflow.cpp:83) [173]  (0.000 ns)
	'load' operation 12 bit ('sA_1_load_4', kyber-mult-kernel-dataflow.cpp:83) on array 'sA_1' [330]  (0.677 ns)

 <State 2>: 2.411ns
The critical path consists of the following:
	'load' operation 12 bit ('sA_0_load_4', kyber-mult-kernel-dataflow.cpp:83) on array 'sA_0' [115]  (0.677 ns)
	'select' operation 12 bit ('x', kyber-mult-kernel-dataflow.cpp:83) [117]  (0.375 ns)
	'mul' operation 28 bit ('xm', kyber-mult-kernel-dataflow.cpp:36->kyber-mult-kernel-dataflow.cpp:83) [122]  (1.359 ns)

 <State 3>: 1.359ns
The critical path consists of the following:
	'mul' operation 28 bit ('xm', kyber-mult-kernel-dataflow.cpp:36->kyber-mult-kernel-dataflow.cpp:83) [122]  (1.359 ns)

 <State 4>: 2.355ns
The critical path consists of the following:
	'mul' operation 28 bit ('xm', kyber-mult-kernel-dataflow.cpp:36->kyber-mult-kernel-dataflow.cpp:83) [122]  (1.359 ns)
	'mul' operation 24 bit of DSP[136] ('qq', kyber-mult-kernel-dataflow.cpp:41->kyber-mult-kernel-dataflow.cpp:83) [133]  (0.996 ns)

 <State 5>: 1.347ns
The critical path consists of the following:
	'mul' operation 23 bit ('xw', kyber-mult-kernel-dataflow.cpp:39->kyber-mult-kernel-dataflow.cpp:83) [128]  (1.347 ns)

 <State 6>: 6.216ns
The critical path consists of the following:
	'sub' operation 24 bit of DSP[136] ('r', kyber-mult-kernel-dataflow.cpp:43->kyber-mult-kernel-dataflow.cpp:83) [136]  (2.039 ns)
	'icmp' operation 1 bit ('icmp_ln44', kyber-mult-kernel-dataflow.cpp:44->kyber-mult-kernel-dataflow.cpp:83) [137]  (0.934 ns)
	'select' operation 24 bit ('tA', kyber-mult-kernel-dataflow.cpp:44->kyber-mult-kernel-dataflow.cpp:83) [139]  (0.321 ns)
	'add' operation 24 bit ('s', kyber-mult-kernel-dataflow.cpp:48->kyber-mult-kernel-dataflow.cpp:84) [141]  (0.934 ns)
	'icmp' operation 1 bit ('icmp_ln48', kyber-mult-kernel-dataflow.cpp:48->kyber-mult-kernel-dataflow.cpp:84) [142]  (0.934 ns)
	'select' operation 12 bit ('select_ln48', kyber-mult-kernel-dataflow.cpp:48->kyber-mult-kernel-dataflow.cpp:84) [145]  (0.375 ns)
	'store' operation 0 bit ('store_ln84', kyber-mult-kernel-dataflow.cpp:84) of variable 'select_ln48', kyber-mult-kernel-dataflow.cpp:48->kyber-mult-kernel-dataflow.cpp:84 on array 'dA_8' [848]  (0.677 ns)

 <State 7>: 0.677ns
The critical path consists of the following:
	'store' operation 0 bit ('store_ln84', kyber-mult-kernel-dataflow.cpp:84) of variable 'sub_ln84_43', kyber-mult-kernel-dataflow.cpp:84 on array 'dA_1' [885]  (0.677 ns)


============================================================
+ Verbose Summary: Binding
============================================================
N/A
* FSMD analyzer results:
  - Output states:
 - Input state : 
  - Chain level:
	State 1
	State 2
	State 3
	State 4
	State 5
	State 6
	State 7


============================================================
+ Verbose Summary: Datapath Resource usage 
============================================================
N/A
