

================================================================
== Vitis HLS Report for 'fwd_ntt2'
================================================================
* Date:           Thu Jun 11 23:16:49 2026

* Version:        2023.2 (Build 4023990 on Oct 11 2023)
* Project:        ntt_kyber
* Solution:       solution1 (Vivado IP Flow Target)
* Product family: zynquplus
* Target device:  xck26-sfvc784-2LV-c


================================================================
== Performance Estimates
================================================================
+ Timing: 
    * Summary: 
    +--------+----------+----------+------------+
    |  Clock |  Target  | Estimated| Uncertainty|
    +--------+----------+----------+------------+
    |ap_clk  |  10.00 ns|  6.247 ns|     2.70 ns|
    +--------+----------+----------+------------+

+ Latency: 
    * Summary: 
    +---------+---------+----------+----------+-----+-----+---------+
    |  Latency (cycles) |  Latency (absolute) |  Interval | Pipeline|
    |   min   |   max   |    min   |    max   | min | max |   Type  |
    +---------+---------+----------+----------+-----+-----+---------+
    |      443|      443|  4.430 us|  4.430 us|  443|  443|       no|
    +---------+---------+----------+----------+-----+-----+---------+

    + Detail: 
        * Instance: 
        +--------------------------------+--------------------+---------+---------+----------+----------+-----+-----+---------+
        |                                |                    |  Latency (cycles) |  Latency (absolute) |  Interval | Pipeline|
        |            Instance            |       Module       |   min   |   max   |    min   |    max   | min | max |   Type  |
        +--------------------------------+--------------------+---------+---------+----------+----------+-----+-----+---------+
        |grp_fwd_stage2_t_128_s_fu_1190  |fwd_stage2_t_128_s  |       23|       23|  0.230 us|  0.230 us|   23|   23|       no|
        |grp_fwd_stage2_t_64_s_fu_1338   |fwd_stage2_t_64_s   |       22|       22|  0.220 us|  0.220 us|   22|   22|       no|
        |grp_fwd_stage2_t_32_s_fu_1454   |fwd_stage2_t_32_s   |       22|       22|  0.220 us|  0.220 us|   22|   22|       no|
        |grp_fwd_stage2_t_16_s_fu_1570   |fwd_stage2_t_16_s   |       39|       39|  0.390 us|  0.390 us|   39|   39|       no|
        |grp_fwd_stage2_t_8_s_fu_1686    |fwd_stage2_t_8_s    |       22|       22|  0.220 us|  0.220 us|   22|   22|       no|
        |grp_fwd_stage2_t_4_s_fu_1802    |fwd_stage2_t_4_s    |       22|       22|  0.220 us|  0.220 us|   22|   22|       no|
        |grp_fwd_stage2_t_2_s_fu_1918    |fwd_stage2_t_2_s    |       22|       22|  0.220 us|  0.220 us|   22|   22|       no|
        +--------------------------------+--------------------+---------+---------+----------+----------+-----+-----+---------+

        * Loop: 
        +----------+---------+---------+----------+-----------+-----------+------+----------+
        |          |  Latency (cycles) | Iteration|  Initiation Interval  | Trip |          |
        | Loop Name|   min   |   max   |  Latency |  achieved |   target  | Count| Pipelined|
        +----------+---------+---------+----------+-----------+-----------+------+----------+
        |- FCP2    |      256|      256|         2|          1|          1|   256|       yes|
        +----------+---------+---------+----------+-----------+-----------+------+----------+



================================================================
== Utilization Estimates
================================================================
* Summary: 
+-----------------+---------+------+--------+--------+-----+
|       Name      | BRAM_18K|  DSP |   FF   |   LUT  | URAM|
+-----------------+---------+------+--------+--------+-----+
|DSP              |        -|     -|       -|       -|    -|
|Expression       |        -|     -|       0|      37|    -|
|FIFO             |        -|     -|       -|       -|    -|
|Instance         |        0|   336|   12109|   36516|    -|
|Memory           |        0|     -|     768|      96|    0|
|Multiplexer      |        -|     -|       -|   13832|    -|
|Register         |        -|     -|      42|       -|    -|
+-----------------+---------+------+--------+--------+-----+
|Total            |        0|   336|   12919|   50481|    0|
+-----------------+---------+------+--------+--------+-----+
|Available        |      288|  1248|  234240|  117120|   64|
+-----------------+---------+------+--------+--------+-----+
|Utilization (%)  |        0|    26|       5|      43|    0|
+-----------------+---------+------+--------+--------+-----+

+ Detail: 
    * Instance: 
    +--------------------------------+-----------------------+---------+----+------+------+-----+
    |            Instance            |         Module        | BRAM_18K| DSP|  FF  |  LUT | URAM|
    +--------------------------------+-----------------------+---------+----+------+------+-----+
    |grp_fwd_stage2_t_128_s_fu_1190  |fwd_stage2_t_128_s     |        0|  48|  3409|  5871|    0|
    |grp_fwd_stage2_t_16_s_fu_1570   |fwd_stage2_t_16_s      |        0|  48|  1567|  6265|    0|
    |grp_fwd_stage2_t_2_s_fu_1918    |fwd_stage2_t_2_s       |        0|  48|   983|  4402|    0|
    |grp_fwd_stage2_t_32_s_fu_1454   |fwd_stage2_t_32_s      |        0|  48|  2096|  5522|    0|
    |grp_fwd_stage2_t_4_s_fu_1802    |fwd_stage2_t_4_s       |        0|  48|   983|  4402|    0|
    |grp_fwd_stage2_t_64_s_fu_1338   |fwd_stage2_t_64_s      |        0|  48|  2088|  5522|    0|
    |grp_fwd_stage2_t_8_s_fu_1686    |fwd_stage2_t_8_s       |        0|  48|   983|  4402|    0|
    |sparsemux_33_4_12_1_1_U857      |sparsemux_33_4_12_1_1  |        0|   0|     0|    65|    0|
    |sparsemux_33_4_12_1_1_U858      |sparsemux_33_4_12_1_1  |        0|   0|     0|    65|    0|
    +--------------------------------+-----------------------+---------+----+------+------+-----+
    |Total                           |                       |        0| 336| 12109| 36516|    0|
    +--------------------------------+-----------------------+---------+----+------+------+-----+

    * DSP: 
    N/A

    * Memory: 
    +---------+---------------------------+---------+----+----+-----+------+-----+------+-------------+
    |  Memory |           Module          | BRAM_18K| FF | LUT| URAM| Words| Bits| Banks| W*Bits*Banks|
    +---------+---------------------------+---------+----+----+-----+------+-----+------+-------------+
    |tA_U     |fwd_ntt2_tA_RAM_AUTO_1R1W  |        0|  24|   3|    0|    16|   12|     1|          192|
    |tA_1_U   |fwd_ntt2_tA_RAM_AUTO_1R1W  |        0|  24|   3|    0|    16|   12|     1|          192|
    |tA_2_U   |fwd_ntt2_tA_RAM_AUTO_1R1W  |        0|  24|   3|    0|    16|   12|     1|          192|
    |tA_3_U   |fwd_ntt2_tA_RAM_AUTO_1R1W  |        0|  24|   3|    0|    16|   12|     1|          192|
    |tA_4_U   |fwd_ntt2_tA_RAM_AUTO_1R1W  |        0|  24|   3|    0|    16|   12|     1|          192|
    |tA_5_U   |fwd_ntt2_tA_RAM_AUTO_1R1W  |        0|  24|   3|    0|    16|   12|     1|          192|
    |tA_6_U   |fwd_ntt2_tA_RAM_AUTO_1R1W  |        0|  24|   3|    0|    16|   12|     1|          192|
    |tA_7_U   |fwd_ntt2_tA_RAM_AUTO_1R1W  |        0|  24|   3|    0|    16|   12|     1|          192|
    |tA_8_U   |fwd_ntt2_tA_RAM_AUTO_1R1W  |        0|  24|   3|    0|    16|   12|     1|          192|
    |tA_9_U   |fwd_ntt2_tA_RAM_AUTO_1R1W  |        0|  24|   3|    0|    16|   12|     1|          192|
    |tA_10_U  |fwd_ntt2_tA_RAM_AUTO_1R1W  |        0|  24|   3|    0|    16|   12|     1|          192|
    |tA_11_U  |fwd_ntt2_tA_RAM_AUTO_1R1W  |        0|  24|   3|    0|    16|   12|     1|          192|
    |tA_12_U  |fwd_ntt2_tA_RAM_AUTO_1R1W  |        0|  24|   3|    0|    16|   12|     1|          192|
    |tA_13_U  |fwd_ntt2_tA_RAM_AUTO_1R1W  |        0|  24|   3|    0|    16|   12|     1|          192|
    |tA_14_U  |fwd_ntt2_tA_RAM_AUTO_1R1W  |        0|  24|   3|    0|    16|   12|     1|          192|
    |tA_15_U  |fwd_ntt2_tA_RAM_AUTO_1R1W  |        0|  24|   3|    0|    16|   12|     1|          192|
    |tB_U     |fwd_ntt2_tA_RAM_AUTO_1R1W  |        0|  24|   3|    0|    16|   12|     1|          192|
    |tB_1_U   |fwd_ntt2_tA_RAM_AUTO_1R1W  |        0|  24|   3|    0|    16|   12|     1|          192|
    |tB_2_U   |fwd_ntt2_tA_RAM_AUTO_1R1W  |        0|  24|   3|    0|    16|   12|     1|          192|
    |tB_3_U   |fwd_ntt2_tA_RAM_AUTO_1R1W  |        0|  24|   3|    0|    16|   12|     1|          192|
    |tB_4_U   |fwd_ntt2_tA_RAM_AUTO_1R1W  |        0|  24|   3|    0|    16|   12|     1|          192|
    |tB_5_U   |fwd_ntt2_tA_RAM_AUTO_1R1W  |        0|  24|   3|    0|    16|   12|     1|          192|
    |tB_6_U   |fwd_ntt2_tA_RAM_AUTO_1R1W  |        0|  24|   3|    0|    16|   12|     1|          192|
    |tB_7_U   |fwd_ntt2_tA_RAM_AUTO_1R1W  |        0|  24|   3|    0|    16|   12|     1|          192|
    |tB_8_U   |fwd_ntt2_tA_RAM_AUTO_1R1W  |        0|  24|   3|    0|    16|   12|     1|          192|
    |tB_9_U   |fwd_ntt2_tA_RAM_AUTO_1R1W  |        0|  24|   3|    0|    16|   12|     1|          192|
    |tB_10_U  |fwd_ntt2_tA_RAM_AUTO_1R1W  |        0|  24|   3|    0|    16|   12|     1|          192|
    |tB_11_U  |fwd_ntt2_tA_RAM_AUTO_1R1W  |        0|  24|   3|    0|    16|   12|     1|          192|
    |tB_12_U  |fwd_ntt2_tA_RAM_AUTO_1R1W  |        0|  24|   3|    0|    16|   12|     1|          192|
    |tB_13_U  |fwd_ntt2_tA_RAM_AUTO_1R1W  |        0|  24|   3|    0|    16|   12|     1|          192|
    |tB_14_U  |fwd_ntt2_tA_RAM_AUTO_1R1W  |        0|  24|   3|    0|    16|   12|     1|          192|
    |tB_15_U  |fwd_ntt2_tA_RAM_AUTO_1R1W  |        0|  24|   3|    0|    16|   12|     1|          192|
    +---------+---------------------------+---------+----+----+-----+------+-----+------+-------------+
    |Total    |                           |        0| 768|  96|    0|   512|  384|    32|         6144|
    +---------+---------------------------+---------+----+----+-----+------+-----+------+-------------+

    * FIFO: 
    N/A

    * Expression: 
    +-------------------------+----------+----+---+----+------------+------------+
    |      Variable Name      | Operation| DSP| FF| LUT| Bitwidth P0| Bitwidth P1|
    +-------------------------+----------+----+---+----+------------+------------+
    |add_ln99_fu_2048_p2      |         +|   0|  0|  16|           9|           1|
    |icmp_ln99_fu_2042_p2     |      icmp|   0|  0|  17|           9|          10|
    |ap_enable_pp0            |       xor|   0|  0|   2|           1|           2|
    |ap_enable_reg_pp0_iter1  |       xor|   0|  0|   2|           2|           1|
    +-------------------------+----------+----+---+----+------------+------------+
    |Total                    |          |   0|  0|  37|          21|          14|
    +-------------------------+----------+----+---+----+------------+------------+

    * Multiplexer: 
    +-------------------------+-----+-----------+-----+-----------+
    |           Name          | LUT | Input Size| Bits| Total Bits|
    +-------------------------+-----+-----------+-----+-----------+
    |A_0_address0             |   49|          9|    4|         36|
    |A_0_address1             |   20|          4|    4|         16|
    |A_0_ce0                  |   49|          9|    1|          9|
    |A_0_ce1                  |   20|          4|    1|          4|
    |A_0_d0                   |   26|          5|   12|         60|
    |A_0_we0                  |   26|          5|    1|          5|
    |A_0_we1                  |    9|          2|    1|          2|
    |A_10_address0            |   49|          9|    4|         36|
    |A_10_address1            |   20|          4|    4|         16|
    |A_10_ce0                 |   49|          9|    1|          9|
    |A_10_ce1                 |   20|          4|    1|          4|
    |A_10_d0                  |   26|          5|   12|         60|
    |A_10_we0                 |   26|          5|    1|          5|
    |A_10_we1                 |    9|          2|    1|          2|
    |A_11_address0            |   49|          9|    4|         36|
    |A_11_address1            |   20|          4|    4|         16|
    |A_11_ce0                 |   49|          9|    1|          9|
    |A_11_ce1                 |   20|          4|    1|          4|
    |A_11_d0                  |   26|          5|   12|         60|
    |A_11_we0                 |   26|          5|    1|          5|
    |A_11_we1                 |    9|          2|    1|          2|
    |A_12_address0            |   49|          9|    4|         36|
    |A_12_address1            |   20|          4|    4|         16|
    |A_12_ce0                 |   49|          9|    1|          9|
    |A_12_ce1                 |   20|          4|    1|          4|
    |A_12_d0                  |   26|          5|   12|         60|
    |A_12_we0                 |   26|          5|    1|          5|
    |A_12_we1                 |    9|          2|    1|          2|
    |A_13_address0            |   49|          9|    4|         36|
    |A_13_address1            |   20|          4|    4|         16|
    |A_13_ce0                 |   49|          9|    1|          9|
    |A_13_ce1                 |   20|          4|    1|          4|
    |A_13_d0                  |   26|          5|   12|         60|
    |A_13_we0                 |   26|          5|    1|          5|
    |A_13_we1                 |    9|          2|    1|          2|
    |A_14_address0            |   49|          9|    4|         36|
    |A_14_address1            |   20|          4|    4|         16|
    |A_14_ce0                 |   49|          9|    1|          9|
    |A_14_ce1                 |   20|          4|    1|          4|
    |A_14_d0                  |   26|          5|   12|         60|
    |A_14_we0                 |   26|          5|    1|          5|
    |A_14_we1                 |    9|          2|    1|          2|
    |A_15_address0            |   49|          9|    4|         36|
    |A_15_address1            |   20|          4|    4|         16|
    |A_15_ce0                 |   49|          9|    1|          9|
    |A_15_ce1                 |   20|          4|    1|          4|
    |A_15_d0                  |   26|          5|   12|         60|
    |A_15_we0                 |   26|          5|    1|          5|
    |A_15_we1                 |    9|          2|    1|          2|
    |A_1_address0             |   49|          9|    4|         36|
    |A_1_address1             |   20|          4|    4|         16|
    |A_1_ce0                  |   49|          9|    1|          9|
    |A_1_ce1                  |   20|          4|    1|          4|
    |A_1_d0                   |   26|          5|   12|         60|
    |A_1_we0                  |   26|          5|    1|          5|
    |A_1_we1                  |    9|          2|    1|          2|
    |A_2_address0             |   49|          9|    4|         36|
    |A_2_address1             |   20|          4|    4|         16|
    |A_2_ce0                  |   49|          9|    1|          9|
    |A_2_ce1                  |   20|          4|    1|          4|
    |A_2_d0                   |   26|          5|   12|         60|
    |A_2_we0                  |   26|          5|    1|          5|
    |A_2_we1                  |    9|          2|    1|          2|
    |A_3_address0             |   49|          9|    4|         36|
    |A_3_address1             |   20|          4|    4|         16|
    |A_3_ce0                  |   49|          9|    1|          9|
    |A_3_ce1                  |   20|          4|    1|          4|
    |A_3_d0                   |   26|          5|   12|         60|
    |A_3_we0                  |   26|          5|    1|          5|
    |A_3_we1                  |    9|          2|    1|          2|
    |A_4_address0             |   49|          9|    4|         36|
    |A_4_address1             |   20|          4|    4|         16|
    |A_4_ce0                  |   49|          9|    1|          9|
    |A_4_ce1                  |   20|          4|    1|          4|
    |A_4_d0                   |   26|          5|   12|         60|
    |A_4_we0                  |   26|          5|    1|          5|
    |A_4_we1                  |    9|          2|    1|          2|
    |A_5_address0             |   49|          9|    4|         36|
    |A_5_address1             |   20|          4|    4|         16|
    |A_5_ce0                  |   49|          9|    1|          9|
    |A_5_ce1                  |   20|          4|    1|          4|
    |A_5_d0                   |   26|          5|   12|         60|
    |A_5_we0                  |   26|          5|    1|          5|
    |A_5_we1                  |    9|          2|    1|          2|
    |A_6_address0             |   49|          9|    4|         36|
    |A_6_address1             |   20|          4|    4|         16|
    |A_6_ce0                  |   49|          9|    1|          9|
    |A_6_ce1                  |   20|          4|    1|          4|
    |A_6_d0                   |   26|          5|   12|         60|
    |A_6_we0                  |   26|          5|    1|          5|
    |A_6_we1                  |    9|          2|    1|          2|
    |A_7_address0             |   49|          9|    4|         36|
    |A_7_address1             |   20|          4|    4|         16|
    |A_7_ce0                  |   49|          9|    1|          9|
    |A_7_ce1                  |   20|          4|    1|          4|
    |A_7_d0                   |   26|          5|   12|         60|
    |A_7_we0                  |   26|          5|    1|          5|
    |A_7_we1                  |    9|          2|    1|          2|
    |A_8_address0             |   49|          9|    4|         36|
    |A_8_address1             |   20|          4|    4|         16|
    |A_8_ce0                  |   49|          9|    1|          9|
    |A_8_ce1                  |   20|          4|    1|          4|
    |A_8_d0                   |   26|          5|   12|         60|
    |A_8_we0                  |   26|          5|    1|          5|
    |A_8_we1                  |    9|          2|    1|          2|
    |A_9_address0             |   49|          9|    4|         36|
    |A_9_address1             |   20|          4|    4|         16|
    |A_9_ce0                  |   49|          9|    1|          9|
    |A_9_ce1                  |   20|          4|    1|          4|
    |A_9_d0                   |   26|          5|   12|         60|
    |A_9_we0                  |   26|          5|    1|          5|
    |A_9_we1                  |    9|          2|    1|          2|
    |B_0_address0             |   49|          9|    4|         36|
    |B_0_address1             |   20|          4|    4|         16|
    |B_0_ce0                  |   49|          9|    1|          9|
    |B_0_ce1                  |   20|          4|    1|          4|
    |B_0_d0                   |   26|          5|   12|         60|
    |B_0_we0                  |   26|          5|    1|          5|
    |B_0_we1                  |    9|          2|    1|          2|
    |B_10_address0            |   49|          9|    4|         36|
    |B_10_address1            |   20|          4|    4|         16|
    |B_10_ce0                 |   49|          9|    1|          9|
    |B_10_ce1                 |   20|          4|    1|          4|
    |B_10_d0                  |   26|          5|   12|         60|
    |B_10_we0                 |   26|          5|    1|          5|
    |B_10_we1                 |    9|          2|    1|          2|
    |B_11_address0            |   49|          9|    4|         36|
    |B_11_address1            |   20|          4|    4|         16|
    |B_11_ce0                 |   49|          9|    1|          9|
    |B_11_ce1                 |   20|          4|    1|          4|
    |B_11_d0                  |   26|          5|   12|         60|
    |B_11_we0                 |   26|          5|    1|          5|
    |B_11_we1                 |    9|          2|    1|          2|
    |B_12_address0            |   49|          9|    4|         36|
    |B_12_address1            |   20|          4|    4|         16|
    |B_12_ce0                 |   49|          9|    1|          9|
    |B_12_ce1                 |   20|          4|    1|          4|
    |B_12_d0                  |   26|          5|   12|         60|
    |B_12_we0                 |   26|          5|    1|          5|
    |B_12_we1                 |    9|          2|    1|          2|
    |B_13_address0            |   49|          9|    4|         36|
    |B_13_address1            |   20|          4|    4|         16|
    |B_13_ce0                 |   49|          9|    1|          9|
    |B_13_ce1                 |   20|          4|    1|          4|
    |B_13_d0                  |   26|          5|   12|         60|
    |B_13_we0                 |   26|          5|    1|          5|
    |B_13_we1                 |    9|          2|    1|          2|
    |B_14_address0            |   49|          9|    4|         36|
    |B_14_address1            |   20|          4|    4|         16|
    |B_14_ce0                 |   49|          9|    1|          9|
    |B_14_ce1                 |   20|          4|    1|          4|
    |B_14_d0                  |   26|          5|   12|         60|
    |B_14_we0                 |   26|          5|    1|          5|
    |B_14_we1                 |    9|          2|    1|          2|
    |B_15_address0            |   49|          9|    4|         36|
    |B_15_address1            |   20|          4|    4|         16|
    |B_15_ce0                 |   49|          9|    1|          9|
    |B_15_ce1                 |   20|          4|    1|          4|
    |B_15_d0                  |   26|          5|   12|         60|
    |B_15_we0                 |   26|          5|    1|          5|
    |B_15_we1                 |    9|          2|    1|          2|
    |B_1_address0             |   49|          9|    4|         36|
    |B_1_address1             |   20|          4|    4|         16|
    |B_1_ce0                  |   49|          9|    1|          9|
    |B_1_ce1                  |   20|          4|    1|          4|
    |B_1_d0                   |   26|          5|   12|         60|
    |B_1_we0                  |   26|          5|    1|          5|
    |B_1_we1                  |    9|          2|    1|          2|
    |B_2_address0             |   49|          9|    4|         36|
    |B_2_address1             |   20|          4|    4|         16|
    |B_2_ce0                  |   49|          9|    1|          9|
    |B_2_ce1                  |   20|          4|    1|          4|
    |B_2_d0                   |   26|          5|   12|         60|
    |B_2_we0                  |   26|          5|    1|          5|
    |B_2_we1                  |    9|          2|    1|          2|
    |B_3_address0             |   49|          9|    4|         36|
    |B_3_address1             |   20|          4|    4|         16|
    |B_3_ce0                  |   49|          9|    1|          9|
    |B_3_ce1                  |   20|          4|    1|          4|
    |B_3_d0                   |   26|          5|   12|         60|
    |B_3_we0                  |   26|          5|    1|          5|
    |B_3_we1                  |    9|          2|    1|          2|
    |B_4_address0             |   49|          9|    4|         36|
    |B_4_address1             |   20|          4|    4|         16|
    |B_4_ce0                  |   49|          9|    1|          9|
    |B_4_ce1                  |   20|          4|    1|          4|
    |B_4_d0                   |   26|          5|   12|         60|
    |B_4_we0                  |   26|          5|    1|          5|
    |B_4_we1                  |    9|          2|    1|          2|
    |B_5_address0             |   49|          9|    4|         36|
    |B_5_address1             |   20|          4|    4|         16|
    |B_5_ce0                  |   49|          9|    1|          9|
    |B_5_ce1                  |   20|          4|    1|          4|
    |B_5_d0                   |   26|          5|   12|         60|
    |B_5_we0                  |   26|          5|    1|          5|
    |B_5_we1                  |    9|          2|    1|          2|
    |B_6_address0             |   49|          9|    4|         36|
    |B_6_address1             |   20|          4|    4|         16|
    |B_6_ce0                  |   49|          9|    1|          9|
    |B_6_ce1                  |   20|          4|    1|          4|
    |B_6_d0                   |   26|          5|   12|         60|
    |B_6_we0                  |   26|          5|    1|          5|
    |B_6_we1                  |    9|          2|    1|          2|
    |B_7_address0             |   49|          9|    4|         36|
    |B_7_address1             |   20|          4|    4|         16|
    |B_7_ce0                  |   49|          9|    1|          9|
    |B_7_ce1                  |   20|          4|    1|          4|
    |B_7_d0                   |   26|          5|   12|         60|
    |B_7_we0                  |   26|          5|    1|          5|
    |B_7_we1                  |    9|          2|    1|          2|
    |B_8_address0             |   49|          9|    4|         36|
    |B_8_address1             |   20|          4|    4|         16|
    |B_8_ce0                  |   49|          9|    1|          9|
    |B_8_ce1                  |   20|          4|    1|          4|
    |B_8_d0                   |   26|          5|   12|         60|
    |B_8_we0                  |   26|          5|    1|          5|
    |B_8_we1                  |    9|          2|    1|          2|
    |B_9_address0             |   49|          9|    4|         36|
    |B_9_address1             |   20|          4|    4|         16|
    |B_9_ce0                  |   49|          9|    1|          9|
    |B_9_ce1                  |   20|          4|    1|          4|
    |B_9_d0                   |   26|          5|   12|         60|
    |B_9_we0                  |   26|          5|    1|          5|
    |B_9_we1                  |    9|          2|    1|          2|
    |ap_NS_fsm                |   81|         17|    1|         17|
    |ap_enable_reg_pp0_iter1  |   14|          3|    1|          3|
    |i_fu_258                 |    9|          2|    9|         18|
    |tA_10_address0           |   49|          9|    4|         36|
    |tA_10_address1           |   26|          5|    4|         20|
    |tA_10_ce0                |   49|          9|    1|          9|
    |tA_10_ce1                |   26|          5|    1|          5|
    |tA_10_d0                 |   26|          5|   12|         60|
    |tA_10_d1                 |   14|          3|   12|         36|
    |tA_10_we0                |   26|          5|    1|          5|
    |tA_10_we1                |   14|          3|    1|          3|
    |tA_11_address0           |   49|          9|    4|         36|
    |tA_11_address1           |   26|          5|    4|         20|
    |tA_11_ce0                |   49|          9|    1|          9|
    |tA_11_ce1                |   26|          5|    1|          5|
    |tA_11_d0                 |   26|          5|   12|         60|
    |tA_11_d1                 |   14|          3|   12|         36|
    |tA_11_we0                |   26|          5|    1|          5|
    |tA_11_we1                |   14|          3|    1|          3|
    |tA_12_address0           |   49|          9|    4|         36|
    |tA_12_address1           |   26|          5|    4|         20|
    |tA_12_ce0                |   49|          9|    1|          9|
    |tA_12_ce1                |   26|          5|    1|          5|
    |tA_12_d0                 |   26|          5|   12|         60|
    |tA_12_d1                 |   14|          3|   12|         36|
    |tA_12_we0                |   26|          5|    1|          5|
    |tA_12_we1                |   14|          3|    1|          3|
    |tA_13_address0           |   49|          9|    4|         36|
    |tA_13_address1           |   26|          5|    4|         20|
    |tA_13_ce0                |   49|          9|    1|          9|
    |tA_13_ce1                |   26|          5|    1|          5|
    |tA_13_d0                 |   26|          5|   12|         60|
    |tA_13_d1                 |   14|          3|   12|         36|
    |tA_13_we0                |   26|          5|    1|          5|
    |tA_13_we1                |   14|          3|    1|          3|
    |tA_14_address0           |   49|          9|    4|         36|
    |tA_14_address1           |   26|          5|    4|         20|
    |tA_14_ce0                |   49|          9|    1|          9|
    |tA_14_ce1                |   26|          5|    1|          5|
    |tA_14_d0                 |   26|          5|   12|         60|
    |tA_14_d1                 |   14|          3|   12|         36|
    |tA_14_we0                |   26|          5|    1|          5|
    |tA_14_we1                |   14|          3|    1|          3|
    |tA_15_address0           |   49|          9|    4|         36|
    |tA_15_address1           |   26|          5|    4|         20|
    |tA_15_ce0                |   49|          9|    1|          9|
    |tA_15_ce1                |   26|          5|    1|          5|
    |tA_15_d0                 |   26|          5|   12|         60|
    |tA_15_d1                 |   14|          3|   12|         36|
    |tA_15_we0                |   26|          5|    1|          5|
    |tA_15_we1                |   14|          3|    1|          3|
    |tA_1_address0            |   49|          9|    4|         36|
    |tA_1_address1            |   26|          5|    4|         20|
    |tA_1_ce0                 |   49|          9|    1|          9|
    |tA_1_ce1                 |   26|          5|    1|          5|
    |tA_1_d0                  |   26|          5|   12|         60|
    |tA_1_d1                  |   14|          3|   12|         36|
    |tA_1_we0                 |   26|          5|    1|          5|
    |tA_1_we1                 |   14|          3|    1|          3|
    |tA_2_address0            |   49|          9|    4|         36|
    |tA_2_address1            |   26|          5|    4|         20|
    |tA_2_ce0                 |   49|          9|    1|          9|
    |tA_2_ce1                 |   26|          5|    1|          5|
    |tA_2_d0                  |   26|          5|   12|         60|
    |tA_2_d1                  |   14|          3|   12|         36|
    |tA_2_we0                 |   26|          5|    1|          5|
    |tA_2_we1                 |   14|          3|    1|          3|
    |tA_3_address0            |   49|          9|    4|         36|
    |tA_3_address1            |   26|          5|    4|         20|
    |tA_3_ce0                 |   49|          9|    1|          9|
    |tA_3_ce1                 |   26|          5|    1|          5|
    |tA_3_d0                  |   26|          5|   12|         60|
    |tA_3_d1                  |   14|          3|   12|         36|
    |tA_3_we0                 |   26|          5|    1|          5|
    |tA_3_we1                 |   14|          3|    1|          3|
    |tA_4_address0            |   49|          9|    4|         36|
    |tA_4_address1            |   26|          5|    4|         20|
    |tA_4_ce0                 |   49|          9|    1|          9|
    |tA_4_ce1                 |   26|          5|    1|          5|
    |tA_4_d0                  |   26|          5|   12|         60|
    |tA_4_d1                  |   14|          3|   12|         36|
    |tA_4_we0                 |   26|          5|    1|          5|
    |tA_4_we1                 |   14|          3|    1|          3|
    |tA_5_address0            |   49|          9|    4|         36|
    |tA_5_address1            |   26|          5|    4|         20|
    |tA_5_ce0                 |   49|          9|    1|          9|
    |tA_5_ce1                 |   26|          5|    1|          5|
    |tA_5_d0                  |   26|          5|   12|         60|
    |tA_5_d1                  |   14|          3|   12|         36|
    |tA_5_we0                 |   26|          5|    1|          5|
    |tA_5_we1                 |   14|          3|    1|          3|
    |tA_6_address0            |   49|          9|    4|         36|
    |tA_6_address1            |   26|          5|    4|         20|
    |tA_6_ce0                 |   49|          9|    1|          9|
    |tA_6_ce1                 |   26|          5|    1|          5|
    |tA_6_d0                  |   26|          5|   12|         60|
    |tA_6_d1                  |   14|          3|   12|         36|
    |tA_6_we0                 |   26|          5|    1|          5|
    |tA_6_we1                 |   14|          3|    1|          3|
    |tA_7_address0            |   49|          9|    4|         36|
    |tA_7_address1            |   26|          5|    4|         20|
    |tA_7_ce0                 |   49|          9|    1|          9|
    |tA_7_ce1                 |   26|          5|    1|          5|
    |tA_7_d0                  |   26|          5|   12|         60|
    |tA_7_d1                  |   14|          3|   12|         36|
    |tA_7_we0                 |   26|          5|    1|          5|
    |tA_7_we1                 |   14|          3|    1|          3|
    |tA_8_address0            |   49|          9|    4|         36|
    |tA_8_address1            |   26|          5|    4|         20|
    |tA_8_ce0                 |   49|          9|    1|          9|
    |tA_8_ce1                 |   26|          5|    1|          5|
    |tA_8_d0                  |   26|          5|   12|         60|
    |tA_8_d1                  |   14|          3|   12|         36|
    |tA_8_we0                 |   26|          5|    1|          5|
    |tA_8_we1                 |   14|          3|    1|          3|
    |tA_9_address0            |   49|          9|    4|         36|
    |tA_9_address1            |   26|          5|    4|         20|
    |tA_9_ce0                 |   49|          9|    1|          9|
    |tA_9_ce1                 |   26|          5|    1|          5|
    |tA_9_d0                  |   26|          5|   12|         60|
    |tA_9_d1                  |   14|          3|   12|         36|
    |tA_9_we0                 |   26|          5|    1|          5|
    |tA_9_we1                 |   14|          3|    1|          3|
    |tA_address0              |   49|          9|    4|         36|
    |tA_address1              |   26|          5|    4|         20|
    |tA_ce0                   |   49|          9|    1|          9|
    |tA_ce1                   |   26|          5|    1|          5|
    |tA_d0                    |   26|          5|   12|         60|
    |tA_d1                    |   14|          3|   12|         36|
    |tA_we0                   |   26|          5|    1|          5|
    |tA_we1                   |   14|          3|    1|          3|
    |tB_10_address0           |   49|          9|    4|         36|
    |tB_10_address1           |   26|          5|    4|         20|
    |tB_10_ce0                |   49|          9|    1|          9|
    |tB_10_ce1                |   26|          5|    1|          5|
    |tB_10_d0                 |   26|          5|   12|         60|
    |tB_10_d1                 |   14|          3|   12|         36|
    |tB_10_we0                |   26|          5|    1|          5|
    |tB_10_we1                |   14|          3|    1|          3|
    |tB_11_address0           |   49|          9|    4|         36|
    |tB_11_address1           |   26|          5|    4|         20|
    |tB_11_ce0                |   49|          9|    1|          9|
    |tB_11_ce1                |   26|          5|    1|          5|
    |tB_11_d0                 |   26|          5|   12|         60|
    |tB_11_d1                 |   14|          3|   12|         36|
    |tB_11_we0                |   26|          5|    1|          5|
    |tB_11_we1                |   14|          3|    1|          3|
    |tB_12_address0           |   49|          9|    4|         36|
    |tB_12_address1           |   26|          5|    4|         20|
    |tB_12_ce0                |   49|          9|    1|          9|
    |tB_12_ce1                |   26|          5|    1|          5|
    |tB_12_d0                 |   26|          5|   12|         60|
    |tB_12_d1                 |   14|          3|   12|         36|
    |tB_12_we0                |   26|          5|    1|          5|
    |tB_12_we1                |   14|          3|    1|          3|
    |tB_13_address0           |   49|          9|    4|         36|
    |tB_13_address1           |   26|          5|    4|         20|
    |tB_13_ce0                |   49|          9|    1|          9|
    |tB_13_ce1                |   26|          5|    1|          5|
    |tB_13_d0                 |   26|          5|   12|         60|
    |tB_13_d1                 |   14|          3|   12|         36|
    |tB_13_we0                |   26|          5|    1|          5|
    |tB_13_we1                |   14|          3|    1|          3|
    |tB_14_address0           |   49|          9|    4|         36|
    |tB_14_address1           |   26|          5|    4|         20|
    |tB_14_ce0                |   49|          9|    1|          9|
    |tB_14_ce1                |   26|          5|    1|          5|
    |tB_14_d0                 |   26|          5|   12|         60|
    |tB_14_d1                 |   14|          3|   12|         36|
    |tB_14_we0                |   26|          5|    1|          5|
    |tB_14_we1                |   14|          3|    1|          3|
    |tB_15_address0           |   49|          9|    4|         36|
    |tB_15_address1           |   26|          5|    4|         20|
    |tB_15_ce0                |   49|          9|    1|          9|
    |tB_15_ce1                |   26|          5|    1|          5|
    |tB_15_d0                 |   26|          5|   12|         60|
    |tB_15_d1                 |   14|          3|   12|         36|
    |tB_15_we0                |   26|          5|    1|          5|
    |tB_15_we1                |   14|          3|    1|          3|
    |tB_1_address0            |   49|          9|    4|         36|
    |tB_1_address1            |   26|          5|    4|         20|
    |tB_1_ce0                 |   49|          9|    1|          9|
    |tB_1_ce1                 |   26|          5|    1|          5|
    |tB_1_d0                  |   26|          5|   12|         60|
    |tB_1_d1                  |   14|          3|   12|         36|
    |tB_1_we0                 |   26|          5|    1|          5|
    |tB_1_we1                 |   14|          3|    1|          3|
    |tB_2_address0            |   49|          9|    4|         36|
    |tB_2_address1            |   26|          5|    4|         20|
    |tB_2_ce0                 |   49|          9|    1|          9|
    |tB_2_ce1                 |   26|          5|    1|          5|
    |tB_2_d0                  |   26|          5|   12|         60|
    |tB_2_d1                  |   14|          3|   12|         36|
    |tB_2_we0                 |   26|          5|    1|          5|
    |tB_2_we1                 |   14|          3|    1|          3|
    |tB_3_address0            |   49|          9|    4|         36|
    |tB_3_address1            |   26|          5|    4|         20|
    |tB_3_ce0                 |   49|          9|    1|          9|
    |tB_3_ce1                 |   26|          5|    1|          5|
    |tB_3_d0                  |   26|          5|   12|         60|
    |tB_3_d1                  |   14|          3|   12|         36|
    |tB_3_we0                 |   26|          5|    1|          5|
    |tB_3_we1                 |   14|          3|    1|          3|
    |tB_4_address0            |   49|          9|    4|         36|
    |tB_4_address1            |   26|          5|    4|         20|
    |tB_4_ce0                 |   49|          9|    1|          9|
    |tB_4_ce1                 |   26|          5|    1|          5|
    |tB_4_d0                  |   26|          5|   12|         60|
    |tB_4_d1                  |   14|          3|   12|         36|
    |tB_4_we0                 |   26|          5|    1|          5|
    |tB_4_we1                 |   14|          3|    1|          3|
    |tB_5_address0            |   49|          9|    4|         36|
    |tB_5_address1            |   26|          5|    4|         20|
    |tB_5_ce0                 |   49|          9|    1|          9|
    |tB_5_ce1                 |   26|          5|    1|          5|
    |tB_5_d0                  |   26|          5|   12|         60|
    |tB_5_d1                  |   14|          3|   12|         36|
    |tB_5_we0                 |   26|          5|    1|          5|
    |tB_5_we1                 |   14|          3|    1|          3|
    |tB_6_address0            |   49|          9|    4|         36|
    |tB_6_address1            |   26|          5|    4|         20|
    |tB_6_ce0                 |   49|          9|    1|          9|
    |tB_6_ce1                 |   26|          5|    1|          5|
    |tB_6_d0                  |   26|          5|   12|         60|
    |tB_6_d1                  |   14|          3|   12|         36|
    |tB_6_we0                 |   26|          5|    1|          5|
    |tB_6_we1                 |   14|          3|    1|          3|
    |tB_7_address0            |   49|          9|    4|         36|
    |tB_7_address1            |   26|          5|    4|         20|
    |tB_7_ce0                 |   49|          9|    1|          9|
    |tB_7_ce1                 |   26|          5|    1|          5|
    |tB_7_d0                  |   26|          5|   12|         60|
    |tB_7_d1                  |   14|          3|   12|         36|
    |tB_7_we0                 |   26|          5|    1|          5|
    |tB_7_we1                 |   14|          3|    1|          3|
    |tB_8_address0            |   49|          9|    4|         36|
    |tB_8_address1            |   26|          5|    4|         20|
    |tB_8_ce0                 |   49|          9|    1|          9|
    |tB_8_ce1                 |   26|          5|    1|          5|
    |tB_8_d0                  |   26|          5|   12|         60|
    |tB_8_d1                  |   14|          3|   12|         36|
    |tB_8_we0                 |   26|          5|    1|          5|
    |tB_8_we1                 |   14|          3|    1|          3|
    |tB_9_address0            |   49|          9|    4|         36|
    |tB_9_address1            |   26|          5|    4|         20|
    |tB_9_ce0                 |   49|          9|    1|          9|
    |tB_9_ce1                 |   26|          5|    1|          5|
    |tB_9_d0                  |   26|          5|   12|         60|
    |tB_9_d1                  |   14|          3|   12|         36|
    |tB_9_we0                 |   26|          5|    1|          5|
    |tB_9_we1                 |   14|          3|    1|          3|
    |tB_address0              |   49|          9|    4|         36|
    |tB_address1              |   26|          5|    4|         20|
    |tB_ce0                   |   49|          9|    1|          9|
    |tB_ce1                   |   26|          5|    1|          5|
    |tB_d0                    |   26|          5|   12|         60|
    |tB_d1                    |   14|          3|   12|         36|
    |tB_we0                   |   26|          5|    1|          5|
    |tB_we1                   |   14|          3|    1|          3|
    +-------------------------+-----+-----------+-----+-----------+
    |Total                    |13832|       2646| 1931|       9830|
    +-------------------------+-----+-----------+-----+-----------+

    * Register: 
    +---------------------------------------------+----+----+-----+-----------+
    |                     Name                    | FF | LUT| Bits| Const Bits|
    +---------------------------------------------+----+----+-----+-----------+
    |ap_CS_fsm                                    |  16|   0|   16|          0|
    |ap_enable_reg_pp0_iter0                      |   1|   0|    1|          0|
    |ap_enable_reg_pp0_iter1                      |   1|   0|    1|          0|
    |grp_fwd_stage2_t_128_s_fu_1190_ap_start_reg  |   1|   0|    1|          0|
    |grp_fwd_stage2_t_16_s_fu_1570_ap_start_reg   |   1|   0|    1|          0|
    |grp_fwd_stage2_t_2_s_fu_1918_ap_start_reg    |   1|   0|    1|          0|
    |grp_fwd_stage2_t_32_s_fu_1454_ap_start_reg   |   1|   0|    1|          0|
    |grp_fwd_stage2_t_4_s_fu_1802_ap_start_reg    |   1|   0|    1|          0|
    |grp_fwd_stage2_t_64_s_fu_1338_ap_start_reg   |   1|   0|    1|          0|
    |grp_fwd_stage2_t_8_s_fu_1686_ap_start_reg    |   1|   0|    1|          0|
    |i_fu_258                                     |   9|   0|    9|          0|
    |trunc_ln99_reg_2293                          |   4|   0|    4|          0|
    |zext_ln99_reg_2299                           |   4|   0|   64|         60|
    +---------------------------------------------+----+----+-----+-----------+
    |Total                                        |  42|   0|  102|         60|
    +---------------------------------------------+----+----+-----+-----------+



================================================================
== Interface
================================================================
* Summary: 
+---------------+-----+-----+------------+--------------+--------------+
|   RTL Ports   | Dir | Bits|  Protocol  | Source Object|    C Type    |
+---------------+-----+-----+------------+--------------+--------------+
|ap_clk         |   in|    1|  ap_ctrl_hs|      fwd_ntt2|  return value|
|ap_rst         |   in|    1|  ap_ctrl_hs|      fwd_ntt2|  return value|
|ap_start       |   in|    1|  ap_ctrl_hs|      fwd_ntt2|  return value|
|ap_done        |  out|    1|  ap_ctrl_hs|      fwd_ntt2|  return value|
|ap_idle        |  out|    1|  ap_ctrl_hs|      fwd_ntt2|  return value|
|ap_ready       |  out|    1|  ap_ctrl_hs|      fwd_ntt2|  return value|
|A_0_address0   |  out|    4|   ap_memory|           A_0|         array|
|A_0_ce0        |  out|    1|   ap_memory|           A_0|         array|
|A_0_we0        |  out|    1|   ap_memory|           A_0|         array|
|A_0_d0         |  out|   12|   ap_memory|           A_0|         array|
|A_0_q0         |   in|   12|   ap_memory|           A_0|         array|
|A_0_address1   |  out|    4|   ap_memory|           A_0|         array|
|A_0_ce1        |  out|    1|   ap_memory|           A_0|         array|
|A_0_we1        |  out|    1|   ap_memory|           A_0|         array|
|A_0_d1         |  out|   12|   ap_memory|           A_0|         array|
|A_0_q1         |   in|   12|   ap_memory|           A_0|         array|
|A_1_address0   |  out|    4|   ap_memory|           A_1|         array|
|A_1_ce0        |  out|    1|   ap_memory|           A_1|         array|
|A_1_we0        |  out|    1|   ap_memory|           A_1|         array|
|A_1_d0         |  out|   12|   ap_memory|           A_1|         array|
|A_1_q0         |   in|   12|   ap_memory|           A_1|         array|
|A_1_address1   |  out|    4|   ap_memory|           A_1|         array|
|A_1_ce1        |  out|    1|   ap_memory|           A_1|         array|
|A_1_we1        |  out|    1|   ap_memory|           A_1|         array|
|A_1_d1         |  out|   12|   ap_memory|           A_1|         array|
|A_1_q1         |   in|   12|   ap_memory|           A_1|         array|
|A_2_address0   |  out|    4|   ap_memory|           A_2|         array|
|A_2_ce0        |  out|    1|   ap_memory|           A_2|         array|
|A_2_we0        |  out|    1|   ap_memory|           A_2|         array|
|A_2_d0         |  out|   12|   ap_memory|           A_2|         array|
|A_2_q0         |   in|   12|   ap_memory|           A_2|         array|
|A_2_address1   |  out|    4|   ap_memory|           A_2|         array|
|A_2_ce1        |  out|    1|   ap_memory|           A_2|         array|
|A_2_we1        |  out|    1|   ap_memory|           A_2|         array|
|A_2_d1         |  out|   12|   ap_memory|           A_2|         array|
|A_2_q1         |   in|   12|   ap_memory|           A_2|         array|
|A_3_address0   |  out|    4|   ap_memory|           A_3|         array|
|A_3_ce0        |  out|    1|   ap_memory|           A_3|         array|
|A_3_we0        |  out|    1|   ap_memory|           A_3|         array|
|A_3_d0         |  out|   12|   ap_memory|           A_3|         array|
|A_3_q0         |   in|   12|   ap_memory|           A_3|         array|
|A_3_address1   |  out|    4|   ap_memory|           A_3|         array|
|A_3_ce1        |  out|    1|   ap_memory|           A_3|         array|
|A_3_we1        |  out|    1|   ap_memory|           A_3|         array|
|A_3_d1         |  out|   12|   ap_memory|           A_3|         array|
|A_3_q1         |   in|   12|   ap_memory|           A_3|         array|
|A_4_address0   |  out|    4|   ap_memory|           A_4|         array|
|A_4_ce0        |  out|    1|   ap_memory|           A_4|         array|
|A_4_we0        |  out|    1|   ap_memory|           A_4|         array|
|A_4_d0         |  out|   12|   ap_memory|           A_4|         array|
|A_4_q0         |   in|   12|   ap_memory|           A_4|         array|
|A_4_address1   |  out|    4|   ap_memory|           A_4|         array|
|A_4_ce1        |  out|    1|   ap_memory|           A_4|         array|
|A_4_we1        |  out|    1|   ap_memory|           A_4|         array|
|A_4_d1         |  out|   12|   ap_memory|           A_4|         array|
|A_4_q1         |   in|   12|   ap_memory|           A_4|         array|
|A_5_address0   |  out|    4|   ap_memory|           A_5|         array|
|A_5_ce0        |  out|    1|   ap_memory|           A_5|         array|
|A_5_we0        |  out|    1|   ap_memory|           A_5|         array|
|A_5_d0         |  out|   12|   ap_memory|           A_5|         array|
|A_5_q0         |   in|   12|   ap_memory|           A_5|         array|
|A_5_address1   |  out|    4|   ap_memory|           A_5|         array|
|A_5_ce1        |  out|    1|   ap_memory|           A_5|         array|
|A_5_we1        |  out|    1|   ap_memory|           A_5|         array|
|A_5_d1         |  out|   12|   ap_memory|           A_5|         array|
|A_5_q1         |   in|   12|   ap_memory|           A_5|         array|
|A_6_address0   |  out|    4|   ap_memory|           A_6|         array|
|A_6_ce0        |  out|    1|   ap_memory|           A_6|         array|
|A_6_we0        |  out|    1|   ap_memory|           A_6|         array|
|A_6_d0         |  out|   12|   ap_memory|           A_6|         array|
|A_6_q0         |   in|   12|   ap_memory|           A_6|         array|
|A_6_address1   |  out|    4|   ap_memory|           A_6|         array|
|A_6_ce1        |  out|    1|   ap_memory|           A_6|         array|
|A_6_we1        |  out|    1|   ap_memory|           A_6|         array|
|A_6_d1         |  out|   12|   ap_memory|           A_6|         array|
|A_6_q1         |   in|   12|   ap_memory|           A_6|         array|
|A_7_address0   |  out|    4|   ap_memory|           A_7|         array|
|A_7_ce0        |  out|    1|   ap_memory|           A_7|         array|
|A_7_we0        |  out|    1|   ap_memory|           A_7|         array|
|A_7_d0         |  out|   12|   ap_memory|           A_7|         array|
|A_7_q0         |   in|   12|   ap_memory|           A_7|         array|
|A_7_address1   |  out|    4|   ap_memory|           A_7|         array|
|A_7_ce1        |  out|    1|   ap_memory|           A_7|         array|
|A_7_we1        |  out|    1|   ap_memory|           A_7|         array|
|A_7_d1         |  out|   12|   ap_memory|           A_7|         array|
|A_7_q1         |   in|   12|   ap_memory|           A_7|         array|
|A_8_address0   |  out|    4|   ap_memory|           A_8|         array|
|A_8_ce0        |  out|    1|   ap_memory|           A_8|         array|
|A_8_we0        |  out|    1|   ap_memory|           A_8|         array|
|A_8_d0         |  out|   12|   ap_memory|           A_8|         array|
|A_8_q0         |   in|   12|   ap_memory|           A_8|         array|
|A_8_address1   |  out|    4|   ap_memory|           A_8|         array|
|A_8_ce1        |  out|    1|   ap_memory|           A_8|         array|
|A_8_we1        |  out|    1|   ap_memory|           A_8|         array|
|A_8_d1         |  out|   12|   ap_memory|           A_8|         array|
|A_8_q1         |   in|   12|   ap_memory|           A_8|         array|
|A_9_address0   |  out|    4|   ap_memory|           A_9|         array|
|A_9_ce0        |  out|    1|   ap_memory|           A_9|         array|
|A_9_we0        |  out|    1|   ap_memory|           A_9|         array|
|A_9_d0         |  out|   12|   ap_memory|           A_9|         array|
|A_9_q0         |   in|   12|   ap_memory|           A_9|         array|
|A_9_address1   |  out|    4|   ap_memory|           A_9|         array|
|A_9_ce1        |  out|    1|   ap_memory|           A_9|         array|
|A_9_we1        |  out|    1|   ap_memory|           A_9|         array|
|A_9_d1         |  out|   12|   ap_memory|           A_9|         array|
|A_9_q1         |   in|   12|   ap_memory|           A_9|         array|
|A_10_address0  |  out|    4|   ap_memory|          A_10|         array|
|A_10_ce0       |  out|    1|   ap_memory|          A_10|         array|
|A_10_we0       |  out|    1|   ap_memory|          A_10|         array|
|A_10_d0        |  out|   12|   ap_memory|          A_10|         array|
|A_10_q0        |   in|   12|   ap_memory|          A_10|         array|
|A_10_address1  |  out|    4|   ap_memory|          A_10|         array|
|A_10_ce1       |  out|    1|   ap_memory|          A_10|         array|
|A_10_we1       |  out|    1|   ap_memory|          A_10|         array|
|A_10_d1        |  out|   12|   ap_memory|          A_10|         array|
|A_10_q1        |   in|   12|   ap_memory|          A_10|         array|
|A_11_address0  |  out|    4|   ap_memory|          A_11|         array|
|A_11_ce0       |  out|    1|   ap_memory|          A_11|         array|
|A_11_we0       |  out|    1|   ap_memory|          A_11|         array|
|A_11_d0        |  out|   12|   ap_memory|          A_11|         array|
|A_11_q0        |   in|   12|   ap_memory|          A_11|         array|
|A_11_address1  |  out|    4|   ap_memory|          A_11|         array|
|A_11_ce1       |  out|    1|   ap_memory|          A_11|         array|
|A_11_we1       |  out|    1|   ap_memory|          A_11|         array|
|A_11_d1        |  out|   12|   ap_memory|          A_11|         array|
|A_11_q1        |   in|   12|   ap_memory|          A_11|         array|
|A_12_address0  |  out|    4|   ap_memory|          A_12|         array|
|A_12_ce0       |  out|    1|   ap_memory|          A_12|         array|
|A_12_we0       |  out|    1|   ap_memory|          A_12|         array|
|A_12_d0        |  out|   12|   ap_memory|          A_12|         array|
|A_12_q0        |   in|   12|   ap_memory|          A_12|         array|
|A_12_address1  |  out|    4|   ap_memory|          A_12|         array|
|A_12_ce1       |  out|    1|   ap_memory|          A_12|         array|
|A_12_we1       |  out|    1|   ap_memory|          A_12|         array|
|A_12_d1        |  out|   12|   ap_memory|          A_12|         array|
|A_12_q1        |   in|   12|   ap_memory|          A_12|         array|
|A_13_address0  |  out|    4|   ap_memory|          A_13|         array|
|A_13_ce0       |  out|    1|   ap_memory|          A_13|         array|
|A_13_we0       |  out|    1|   ap_memory|          A_13|         array|
|A_13_d0        |  out|   12|   ap_memory|          A_13|         array|
|A_13_q0        |   in|   12|   ap_memory|          A_13|         array|
|A_13_address1  |  out|    4|   ap_memory|          A_13|         array|
|A_13_ce1       |  out|    1|   ap_memory|          A_13|         array|
|A_13_we1       |  out|    1|   ap_memory|          A_13|         array|
|A_13_d1        |  out|   12|   ap_memory|          A_13|         array|
|A_13_q1        |   in|   12|   ap_memory|          A_13|         array|
|A_14_address0  |  out|    4|   ap_memory|          A_14|         array|
|A_14_ce0       |  out|    1|   ap_memory|          A_14|         array|
|A_14_we0       |  out|    1|   ap_memory|          A_14|         array|
|A_14_d0        |  out|   12|   ap_memory|          A_14|         array|
|A_14_q0        |   in|   12|   ap_memory|          A_14|         array|
|A_14_address1  |  out|    4|   ap_memory|          A_14|         array|
|A_14_ce1       |  out|    1|   ap_memory|          A_14|         array|
|A_14_we1       |  out|    1|   ap_memory|          A_14|         array|
|A_14_d1        |  out|   12|   ap_memory|          A_14|         array|
|A_14_q1        |   in|   12|   ap_memory|          A_14|         array|
|A_15_address0  |  out|    4|   ap_memory|          A_15|         array|
|A_15_ce0       |  out|    1|   ap_memory|          A_15|         array|
|A_15_we0       |  out|    1|   ap_memory|          A_15|         array|
|A_15_d0        |  out|   12|   ap_memory|          A_15|         array|
|A_15_q0        |   in|   12|   ap_memory|          A_15|         array|
|A_15_address1  |  out|    4|   ap_memory|          A_15|         array|
|A_15_ce1       |  out|    1|   ap_memory|          A_15|         array|
|A_15_we1       |  out|    1|   ap_memory|          A_15|         array|
|A_15_d1        |  out|   12|   ap_memory|          A_15|         array|
|A_15_q1        |   in|   12|   ap_memory|          A_15|         array|
|B_0_address0   |  out|    4|   ap_memory|           B_0|         array|
|B_0_ce0        |  out|    1|   ap_memory|           B_0|         array|
|B_0_we0        |  out|    1|   ap_memory|           B_0|         array|
|B_0_d0         |  out|   12|   ap_memory|           B_0|         array|
|B_0_q0         |   in|   12|   ap_memory|           B_0|         array|
|B_0_address1   |  out|    4|   ap_memory|           B_0|         array|
|B_0_ce1        |  out|    1|   ap_memory|           B_0|         array|
|B_0_we1        |  out|    1|   ap_memory|           B_0|         array|
|B_0_d1         |  out|   12|   ap_memory|           B_0|         array|
|B_0_q1         |   in|   12|   ap_memory|           B_0|         array|
|B_1_address0   |  out|    4|   ap_memory|           B_1|         array|
|B_1_ce0        |  out|    1|   ap_memory|           B_1|         array|
|B_1_we0        |  out|    1|   ap_memory|           B_1|         array|
|B_1_d0         |  out|   12|   ap_memory|           B_1|         array|
|B_1_q0         |   in|   12|   ap_memory|           B_1|         array|
|B_1_address1   |  out|    4|   ap_memory|           B_1|         array|
|B_1_ce1        |  out|    1|   ap_memory|           B_1|         array|
|B_1_we1        |  out|    1|   ap_memory|           B_1|         array|
|B_1_d1         |  out|   12|   ap_memory|           B_1|         array|
|B_1_q1         |   in|   12|   ap_memory|           B_1|         array|
|B_2_address0   |  out|    4|   ap_memory|           B_2|         array|
|B_2_ce0        |  out|    1|   ap_memory|           B_2|         array|
|B_2_we0        |  out|    1|   ap_memory|           B_2|         array|
|B_2_d0         |  out|   12|   ap_memory|           B_2|         array|
|B_2_q0         |   in|   12|   ap_memory|           B_2|         array|
|B_2_address1   |  out|    4|   ap_memory|           B_2|         array|
|B_2_ce1        |  out|    1|   ap_memory|           B_2|         array|
|B_2_we1        |  out|    1|   ap_memory|           B_2|         array|
|B_2_d1         |  out|   12|   ap_memory|           B_2|         array|
|B_2_q1         |   in|   12|   ap_memory|           B_2|         array|
|B_3_address0   |  out|    4|   ap_memory|           B_3|         array|
|B_3_ce0        |  out|    1|   ap_memory|           B_3|         array|
|B_3_we0        |  out|    1|   ap_memory|           B_3|         array|
|B_3_d0         |  out|   12|   ap_memory|           B_3|         array|
|B_3_q0         |   in|   12|   ap_memory|           B_3|         array|
|B_3_address1   |  out|    4|   ap_memory|           B_3|         array|
|B_3_ce1        |  out|    1|   ap_memory|           B_3|         array|
|B_3_we1        |  out|    1|   ap_memory|           B_3|         array|
|B_3_d1         |  out|   12|   ap_memory|           B_3|         array|
|B_3_q1         |   in|   12|   ap_memory|           B_3|         array|
|B_4_address0   |  out|    4|   ap_memory|           B_4|         array|
|B_4_ce0        |  out|    1|   ap_memory|           B_4|         array|
|B_4_we0        |  out|    1|   ap_memory|           B_4|         array|
|B_4_d0         |  out|   12|   ap_memory|           B_4|         array|
|B_4_q0         |   in|   12|   ap_memory|           B_4|         array|
|B_4_address1   |  out|    4|   ap_memory|           B_4|         array|
|B_4_ce1        |  out|    1|   ap_memory|           B_4|         array|
|B_4_we1        |  out|    1|   ap_memory|           B_4|         array|
|B_4_d1         |  out|   12|   ap_memory|           B_4|         array|
|B_4_q1         |   in|   12|   ap_memory|           B_4|         array|
|B_5_address0   |  out|    4|   ap_memory|           B_5|         array|
|B_5_ce0        |  out|    1|   ap_memory|           B_5|         array|
|B_5_we0        |  out|    1|   ap_memory|           B_5|         array|
|B_5_d0         |  out|   12|   ap_memory|           B_5|         array|
|B_5_q0         |   in|   12|   ap_memory|           B_5|         array|
|B_5_address1   |  out|    4|   ap_memory|           B_5|         array|
|B_5_ce1        |  out|    1|   ap_memory|           B_5|         array|
|B_5_we1        |  out|    1|   ap_memory|           B_5|         array|
|B_5_d1         |  out|   12|   ap_memory|           B_5|         array|
|B_5_q1         |   in|   12|   ap_memory|           B_5|         array|
|B_6_address0   |  out|    4|   ap_memory|           B_6|         array|
|B_6_ce0        |  out|    1|   ap_memory|           B_6|         array|
|B_6_we0        |  out|    1|   ap_memory|           B_6|         array|
|B_6_d0         |  out|   12|   ap_memory|           B_6|         array|
|B_6_q0         |   in|   12|   ap_memory|           B_6|         array|
|B_6_address1   |  out|    4|   ap_memory|           B_6|         array|
|B_6_ce1        |  out|    1|   ap_memory|           B_6|         array|
|B_6_we1        |  out|    1|   ap_memory|           B_6|         array|
|B_6_d1         |  out|   12|   ap_memory|           B_6|         array|
|B_6_q1         |   in|   12|   ap_memory|           B_6|         array|
|B_7_address0   |  out|    4|   ap_memory|           B_7|         array|
|B_7_ce0        |  out|    1|   ap_memory|           B_7|         array|
|B_7_we0        |  out|    1|   ap_memory|           B_7|         array|
|B_7_d0         |  out|   12|   ap_memory|           B_7|         array|
|B_7_q0         |   in|   12|   ap_memory|           B_7|         array|
|B_7_address1   |  out|    4|   ap_memory|           B_7|         array|
|B_7_ce1        |  out|    1|   ap_memory|           B_7|         array|
|B_7_we1        |  out|    1|   ap_memory|           B_7|         array|
|B_7_d1         |  out|   12|   ap_memory|           B_7|         array|
|B_7_q1         |   in|   12|   ap_memory|           B_7|         array|
|B_8_address0   |  out|    4|   ap_memory|           B_8|         array|
|B_8_ce0        |  out|    1|   ap_memory|           B_8|         array|
|B_8_we0        |  out|    1|   ap_memory|           B_8|         array|
|B_8_d0         |  out|   12|   ap_memory|           B_8|         array|
|B_8_q0         |   in|   12|   ap_memory|           B_8|         array|
|B_8_address1   |  out|    4|   ap_memory|           B_8|         array|
|B_8_ce1        |  out|    1|   ap_memory|           B_8|         array|
|B_8_we1        |  out|    1|   ap_memory|           B_8|         array|
|B_8_d1         |  out|   12|   ap_memory|           B_8|         array|
|B_8_q1         |   in|   12|   ap_memory|           B_8|         array|
|B_9_address0   |  out|    4|   ap_memory|           B_9|         array|
|B_9_ce0        |  out|    1|   ap_memory|           B_9|         array|
|B_9_we0        |  out|    1|   ap_memory|           B_9|         array|
|B_9_d0         |  out|   12|   ap_memory|           B_9|         array|
|B_9_q0         |   in|   12|   ap_memory|           B_9|         array|
|B_9_address1   |  out|    4|   ap_memory|           B_9|         array|
|B_9_ce1        |  out|    1|   ap_memory|           B_9|         array|
|B_9_we1        |  out|    1|   ap_memory|           B_9|         array|
|B_9_d1         |  out|   12|   ap_memory|           B_9|         array|
|B_9_q1         |   in|   12|   ap_memory|           B_9|         array|
|B_10_address0  |  out|    4|   ap_memory|          B_10|         array|
|B_10_ce0       |  out|    1|   ap_memory|          B_10|         array|
|B_10_we0       |  out|    1|   ap_memory|          B_10|         array|
|B_10_d0        |  out|   12|   ap_memory|          B_10|         array|
|B_10_q0        |   in|   12|   ap_memory|          B_10|         array|
|B_10_address1  |  out|    4|   ap_memory|          B_10|         array|
|B_10_ce1       |  out|    1|   ap_memory|          B_10|         array|
|B_10_we1       |  out|    1|   ap_memory|          B_10|         array|
|B_10_d1        |  out|   12|   ap_memory|          B_10|         array|
|B_10_q1        |   in|   12|   ap_memory|          B_10|         array|
|B_11_address0  |  out|    4|   ap_memory|          B_11|         array|
|B_11_ce0       |  out|    1|   ap_memory|          B_11|         array|
|B_11_we0       |  out|    1|   ap_memory|          B_11|         array|
|B_11_d0        |  out|   12|   ap_memory|          B_11|         array|
|B_11_q0        |   in|   12|   ap_memory|          B_11|         array|
|B_11_address1  |  out|    4|   ap_memory|          B_11|         array|
|B_11_ce1       |  out|    1|   ap_memory|          B_11|         array|
|B_11_we1       |  out|    1|   ap_memory|          B_11|         array|
|B_11_d1        |  out|   12|   ap_memory|          B_11|         array|
|B_11_q1        |   in|   12|   ap_memory|          B_11|         array|
|B_12_address0  |  out|    4|   ap_memory|          B_12|         array|
|B_12_ce0       |  out|    1|   ap_memory|          B_12|         array|
|B_12_we0       |  out|    1|   ap_memory|          B_12|         array|
|B_12_d0        |  out|   12|   ap_memory|          B_12|         array|
|B_12_q0        |   in|   12|   ap_memory|          B_12|         array|
|B_12_address1  |  out|    4|   ap_memory|          B_12|         array|
|B_12_ce1       |  out|    1|   ap_memory|          B_12|         array|
|B_12_we1       |  out|    1|   ap_memory|          B_12|         array|
|B_12_d1        |  out|   12|   ap_memory|          B_12|         array|
|B_12_q1        |   in|   12|   ap_memory|          B_12|         array|
|B_13_address0  |  out|    4|   ap_memory|          B_13|         array|
|B_13_ce0       |  out|    1|   ap_memory|          B_13|         array|
|B_13_we0       |  out|    1|   ap_memory|          B_13|         array|
|B_13_d0        |  out|   12|   ap_memory|          B_13|         array|
|B_13_q0        |   in|   12|   ap_memory|          B_13|         array|
|B_13_address1  |  out|    4|   ap_memory|          B_13|         array|
|B_13_ce1       |  out|    1|   ap_memory|          B_13|         array|
|B_13_we1       |  out|    1|   ap_memory|          B_13|         array|
|B_13_d1        |  out|   12|   ap_memory|          B_13|         array|
|B_13_q1        |   in|   12|   ap_memory|          B_13|         array|
|B_14_address0  |  out|    4|   ap_memory|          B_14|         array|
|B_14_ce0       |  out|    1|   ap_memory|          B_14|         array|
|B_14_we0       |  out|    1|   ap_memory|          B_14|         array|
|B_14_d0        |  out|   12|   ap_memory|          B_14|         array|
|B_14_q0        |   in|   12|   ap_memory|          B_14|         array|
|B_14_address1  |  out|    4|   ap_memory|          B_14|         array|
|B_14_ce1       |  out|    1|   ap_memory|          B_14|         array|
|B_14_we1       |  out|    1|   ap_memory|          B_14|         array|
|B_14_d1        |  out|   12|   ap_memory|          B_14|         array|
|B_14_q1        |   in|   12|   ap_memory|          B_14|         array|
|B_15_address0  |  out|    4|   ap_memory|          B_15|         array|
|B_15_ce0       |  out|    1|   ap_memory|          B_15|         array|
|B_15_we0       |  out|    1|   ap_memory|          B_15|         array|
|B_15_d0        |  out|   12|   ap_memory|          B_15|         array|
|B_15_q0        |   in|   12|   ap_memory|          B_15|         array|
|B_15_address1  |  out|    4|   ap_memory|          B_15|         array|
|B_15_ce1       |  out|    1|   ap_memory|          B_15|         array|
|B_15_we1       |  out|    1|   ap_memory|          B_15|         array|
|B_15_d1        |  out|   12|   ap_memory|          B_15|         array|
|B_15_q1        |   in|   12|   ap_memory|          B_15|         array|
+---------------+-----+-----+------------+--------------+--------------+

============================================================
+ Verbose Summary: Synthesis Manager
============================================================
InlineROM: 1
ExposeGlobal: 0
============================================================
+ Verbose Summary: CDFG Model
============================================================
IsTopModel: 0
ResetActiveHigh: 1
IsCombinational: 2
IsDatapathOnly: 2
HasWiredReturn: 1
HasMFsm: 2
HasVarLatency: 1
IsPipeline: 0
IsRtlPipelined: 0
IsInstanceOverlapped: 0
IsDontTouch: 0
HasImplIP: 0
IsGatedGlobalClock: 0

+ Individual pipeline summary: 
  * Pipeline-0: initiation interval (II) = 1, depth = 2


============================================================
+ Verbose Summary: Schedule
============================================================
* Number of FSM states : 17
* Pipeline : 1
  Pipeline-0 : II = 1, D = 2, States = { 15 16 }
* Dataflow Pipeline: 0

* FSM state transitions: 
1 --> 2 
2 --> 3 
3 --> 4 
4 --> 5 
5 --> 6 
6 --> 7 
7 --> 8 
8 --> 9 
9 --> 10 
10 --> 11 
11 --> 12 
12 --> 13 
13 --> 14 
14 --> 15 
15 --> 17 16 
16 --> 15 
17 --> 

* FSM state operations: 

State 1 <SV = 0> <Delay = 0.67>
ST_1 : Operation 18 [1/1] (0.00ns)   --->   "%i = alloca i32 1" [kyber-mult-kernel-dataflow.cpp:99]   --->   Operation 18 'alloca' 'i' <Predicate = true> <Delay = 0.00>
ST_1 : Operation 19 [1/1] (0.67ns)   --->   "%tA = alloca i64 1" [kyber-mult-kernel-dataflow.cpp:92]   --->   Operation 19 'alloca' 'tA' <Predicate = true> <Delay = 0.67> <CoreInst = "RAM">   --->   Core 83 'RAM' <Latency = 1> <II = 1> <Delay = 0.67> <Storage> <Opcode : 'load' 'store'> <Ports = 2> <Width = 12> <Depth = 16> <RAM>
ST_1 : Operation 20 [1/1] (0.67ns)   --->   "%tA_1 = alloca i64 1" [kyber-mult-kernel-dataflow.cpp:92]   --->   Operation 20 'alloca' 'tA_1' <Predicate = true> <Delay = 0.67> <CoreInst = "RAM">   --->   Core 83 'RAM' <Latency = 1> <II = 1> <Delay = 0.67> <Storage> <Opcode : 'load' 'store'> <Ports = 2> <Width = 12> <Depth = 16> <RAM>
ST_1 : Operation 21 [1/1] (0.67ns)   --->   "%tA_2 = alloca i64 1" [kyber-mult-kernel-dataflow.cpp:92]   --->   Operation 21 'alloca' 'tA_2' <Predicate = true> <Delay = 0.67> <CoreInst = "RAM">   --->   Core 83 'RAM' <Latency = 1> <II = 1> <Delay = 0.67> <Storage> <Opcode : 'load' 'store'> <Ports = 2> <Width = 12> <Depth = 16> <RAM>
ST_1 : Operation 22 [1/1] (0.67ns)   --->   "%tA_3 = alloca i64 1" [kyber-mult-kernel-dataflow.cpp:92]   --->   Operation 22 'alloca' 'tA_3' <Predicate = true> <Delay = 0.67> <CoreInst = "RAM">   --->   Core 83 'RAM' <Latency = 1> <II = 1> <Delay = 0.67> <Storage> <Opcode : 'load' 'store'> <Ports = 2> <Width = 12> <Depth = 16> <RAM>
ST_1 : Operation 23 [1/1] (0.67ns)   --->   "%tA_4 = alloca i64 1" [kyber-mult-kernel-dataflow.cpp:92]   --->   Operation 23 'alloca' 'tA_4' <Predicate = true> <Delay = 0.67> <CoreInst = "RAM">   --->   Core 83 'RAM' <Latency = 1> <II = 1> <Delay = 0.67> <Storage> <Opcode : 'load' 'store'> <Ports = 2> <Width = 12> <Depth = 16> <RAM>
ST_1 : Operation 24 [1/1] (0.67ns)   --->   "%tA_5 = alloca i64 1" [kyber-mult-kernel-dataflow.cpp:92]   --->   Operation 24 'alloca' 'tA_5' <Predicate = true> <Delay = 0.67> <CoreInst = "RAM">   --->   Core 83 'RAM' <Latency = 1> <II = 1> <Delay = 0.67> <Storage> <Opcode : 'load' 'store'> <Ports = 2> <Width = 12> <Depth = 16> <RAM>
ST_1 : Operation 25 [1/1] (0.67ns)   --->   "%tA_6 = alloca i64 1" [kyber-mult-kernel-dataflow.cpp:92]   --->   Operation 25 'alloca' 'tA_6' <Predicate = true> <Delay = 0.67> <CoreInst = "RAM">   --->   Core 83 'RAM' <Latency = 1> <II = 1> <Delay = 0.67> <Storage> <Opcode : 'load' 'store'> <Ports = 2> <Width = 12> <Depth = 16> <RAM>
ST_1 : Operation 26 [1/1] (0.67ns)   --->   "%tA_7 = alloca i64 1" [kyber-mult-kernel-dataflow.cpp:92]   --->   Operation 26 'alloca' 'tA_7' <Predicate = true> <Delay = 0.67> <CoreInst = "RAM">   --->   Core 83 'RAM' <Latency = 1> <II = 1> <Delay = 0.67> <Storage> <Opcode : 'load' 'store'> <Ports = 2> <Width = 12> <Depth = 16> <RAM>
ST_1 : Operation 27 [1/1] (0.67ns)   --->   "%tA_8 = alloca i64 1" [kyber-mult-kernel-dataflow.cpp:92]   --->   Operation 27 'alloca' 'tA_8' <Predicate = true> <Delay = 0.67> <CoreInst = "RAM">   --->   Core 83 'RAM' <Latency = 1> <II = 1> <Delay = 0.67> <Storage> <Opcode : 'load' 'store'> <Ports = 2> <Width = 12> <Depth = 16> <RAM>
ST_1 : Operation 28 [1/1] (0.67ns)   --->   "%tA_9 = alloca i64 1" [kyber-mult-kernel-dataflow.cpp:92]   --->   Operation 28 'alloca' 'tA_9' <Predicate = true> <Delay = 0.67> <CoreInst = "RAM">   --->   Core 83 'RAM' <Latency = 1> <II = 1> <Delay = 0.67> <Storage> <Opcode : 'load' 'store'> <Ports = 2> <Width = 12> <Depth = 16> <RAM>
ST_1 : Operation 29 [1/1] (0.67ns)   --->   "%tA_10 = alloca i64 1" [kyber-mult-kernel-dataflow.cpp:92]   --->   Operation 29 'alloca' 'tA_10' <Predicate = true> <Delay = 0.67> <CoreInst = "RAM">   --->   Core 83 'RAM' <Latency = 1> <II = 1> <Delay = 0.67> <Storage> <Opcode : 'load' 'store'> <Ports = 2> <Width = 12> <Depth = 16> <RAM>
ST_1 : Operation 30 [1/1] (0.67ns)   --->   "%tA_11 = alloca i64 1" [kyber-mult-kernel-dataflow.cpp:92]   --->   Operation 30 'alloca' 'tA_11' <Predicate = true> <Delay = 0.67> <CoreInst = "RAM">   --->   Core 83 'RAM' <Latency = 1> <II = 1> <Delay = 0.67> <Storage> <Opcode : 'load' 'store'> <Ports = 2> <Width = 12> <Depth = 16> <RAM>
ST_1 : Operation 31 [1/1] (0.67ns)   --->   "%tA_12 = alloca i64 1" [kyber-mult-kernel-dataflow.cpp:92]   --->   Operation 31 'alloca' 'tA_12' <Predicate = true> <Delay = 0.67> <CoreInst = "RAM">   --->   Core 83 'RAM' <Latency = 1> <II = 1> <Delay = 0.67> <Storage> <Opcode : 'load' 'store'> <Ports = 2> <Width = 12> <Depth = 16> <RAM>
ST_1 : Operation 32 [1/1] (0.67ns)   --->   "%tA_13 = alloca i64 1" [kyber-mult-kernel-dataflow.cpp:92]   --->   Operation 32 'alloca' 'tA_13' <Predicate = true> <Delay = 0.67> <CoreInst = "RAM">   --->   Core 83 'RAM' <Latency = 1> <II = 1> <Delay = 0.67> <Storage> <Opcode : 'load' 'store'> <Ports = 2> <Width = 12> <Depth = 16> <RAM>
ST_1 : Operation 33 [1/1] (0.67ns)   --->   "%tA_14 = alloca i64 1" [kyber-mult-kernel-dataflow.cpp:92]   --->   Operation 33 'alloca' 'tA_14' <Predicate = true> <Delay = 0.67> <CoreInst = "RAM">   --->   Core 83 'RAM' <Latency = 1> <II = 1> <Delay = 0.67> <Storage> <Opcode : 'load' 'store'> <Ports = 2> <Width = 12> <Depth = 16> <RAM>
ST_1 : Operation 34 [1/1] (0.67ns)   --->   "%tA_15 = alloca i64 1" [kyber-mult-kernel-dataflow.cpp:92]   --->   Operation 34 'alloca' 'tA_15' <Predicate = true> <Delay = 0.67> <CoreInst = "RAM">   --->   Core 83 'RAM' <Latency = 1> <II = 1> <Delay = 0.67> <Storage> <Opcode : 'load' 'store'> <Ports = 2> <Width = 12> <Depth = 16> <RAM>
ST_1 : Operation 35 [1/1] (0.67ns)   --->   "%tB = alloca i64 1" [kyber-mult-kernel-dataflow.cpp:92]   --->   Operation 35 'alloca' 'tB' <Predicate = true> <Delay = 0.67> <CoreInst = "RAM">   --->   Core 83 'RAM' <Latency = 1> <II = 1> <Delay = 0.67> <Storage> <Opcode : 'load' 'store'> <Ports = 2> <Width = 12> <Depth = 16> <RAM>
ST_1 : Operation 36 [1/1] (0.67ns)   --->   "%tB_1 = alloca i64 1" [kyber-mult-kernel-dataflow.cpp:92]   --->   Operation 36 'alloca' 'tB_1' <Predicate = true> <Delay = 0.67> <CoreInst = "RAM">   --->   Core 83 'RAM' <Latency = 1> <II = 1> <Delay = 0.67> <Storage> <Opcode : 'load' 'store'> <Ports = 2> <Width = 12> <Depth = 16> <RAM>
ST_1 : Operation 37 [1/1] (0.67ns)   --->   "%tB_2 = alloca i64 1" [kyber-mult-kernel-dataflow.cpp:92]   --->   Operation 37 'alloca' 'tB_2' <Predicate = true> <Delay = 0.67> <CoreInst = "RAM">   --->   Core 83 'RAM' <Latency = 1> <II = 1> <Delay = 0.67> <Storage> <Opcode : 'load' 'store'> <Ports = 2> <Width = 12> <Depth = 16> <RAM>
ST_1 : Operation 38 [1/1] (0.67ns)   --->   "%tB_3 = alloca i64 1" [kyber-mult-kernel-dataflow.cpp:92]   --->   Operation 38 'alloca' 'tB_3' <Predicate = true> <Delay = 0.67> <CoreInst = "RAM">   --->   Core 83 'RAM' <Latency = 1> <II = 1> <Delay = 0.67> <Storage> <Opcode : 'load' 'store'> <Ports = 2> <Width = 12> <Depth = 16> <RAM>
ST_1 : Operation 39 [1/1] (0.67ns)   --->   "%tB_4 = alloca i64 1" [kyber-mult-kernel-dataflow.cpp:92]   --->   Operation 39 'alloca' 'tB_4' <Predicate = true> <Delay = 0.67> <CoreInst = "RAM">   --->   Core 83 'RAM' <Latency = 1> <II = 1> <Delay = 0.67> <Storage> <Opcode : 'load' 'store'> <Ports = 2> <Width = 12> <Depth = 16> <RAM>
ST_1 : Operation 40 [1/1] (0.67ns)   --->   "%tB_5 = alloca i64 1" [kyber-mult-kernel-dataflow.cpp:92]   --->   Operation 40 'alloca' 'tB_5' <Predicate = true> <Delay = 0.67> <CoreInst = "RAM">   --->   Core 83 'RAM' <Latency = 1> <II = 1> <Delay = 0.67> <Storage> <Opcode : 'load' 'store'> <Ports = 2> <Width = 12> <Depth = 16> <RAM>
ST_1 : Operation 41 [1/1] (0.67ns)   --->   "%tB_6 = alloca i64 1" [kyber-mult-kernel-dataflow.cpp:92]   --->   Operation 41 'alloca' 'tB_6' <Predicate = true> <Delay = 0.67> <CoreInst = "RAM">   --->   Core 83 'RAM' <Latency = 1> <II = 1> <Delay = 0.67> <Storage> <Opcode : 'load' 'store'> <Ports = 2> <Width = 12> <Depth = 16> <RAM>
ST_1 : Operation 42 [1/1] (0.67ns)   --->   "%tB_7 = alloca i64 1" [kyber-mult-kernel-dataflow.cpp:92]   --->   Operation 42 'alloca' 'tB_7' <Predicate = true> <Delay = 0.67> <CoreInst = "RAM">   --->   Core 83 'RAM' <Latency = 1> <II = 1> <Delay = 0.67> <Storage> <Opcode : 'load' 'store'> <Ports = 2> <Width = 12> <Depth = 16> <RAM>
ST_1 : Operation 43 [1/1] (0.67ns)   --->   "%tB_8 = alloca i64 1" [kyber-mult-kernel-dataflow.cpp:92]   --->   Operation 43 'alloca' 'tB_8' <Predicate = true> <Delay = 0.67> <CoreInst = "RAM">   --->   Core 83 'RAM' <Latency = 1> <II = 1> <Delay = 0.67> <Storage> <Opcode : 'load' 'store'> <Ports = 2> <Width = 12> <Depth = 16> <RAM>
ST_1 : Operation 44 [1/1] (0.67ns)   --->   "%tB_9 = alloca i64 1" [kyber-mult-kernel-dataflow.cpp:92]   --->   Operation 44 'alloca' 'tB_9' <Predicate = true> <Delay = 0.67> <CoreInst = "RAM">   --->   Core 83 'RAM' <Latency = 1> <II = 1> <Delay = 0.67> <Storage> <Opcode : 'load' 'store'> <Ports = 2> <Width = 12> <Depth = 16> <RAM>
ST_1 : Operation 45 [1/1] (0.67ns)   --->   "%tB_10 = alloca i64 1" [kyber-mult-kernel-dataflow.cpp:92]   --->   Operation 45 'alloca' 'tB_10' <Predicate = true> <Delay = 0.67> <CoreInst = "RAM">   --->   Core 83 'RAM' <Latency = 1> <II = 1> <Delay = 0.67> <Storage> <Opcode : 'load' 'store'> <Ports = 2> <Width = 12> <Depth = 16> <RAM>
ST_1 : Operation 46 [1/1] (0.67ns)   --->   "%tB_11 = alloca i64 1" [kyber-mult-kernel-dataflow.cpp:92]   --->   Operation 46 'alloca' 'tB_11' <Predicate = true> <Delay = 0.67> <CoreInst = "RAM">   --->   Core 83 'RAM' <Latency = 1> <II = 1> <Delay = 0.67> <Storage> <Opcode : 'load' 'store'> <Ports = 2> <Width = 12> <Depth = 16> <RAM>
ST_1 : Operation 47 [1/1] (0.67ns)   --->   "%tB_12 = alloca i64 1" [kyber-mult-kernel-dataflow.cpp:92]   --->   Operation 47 'alloca' 'tB_12' <Predicate = true> <Delay = 0.67> <CoreInst = "RAM">   --->   Core 83 'RAM' <Latency = 1> <II = 1> <Delay = 0.67> <Storage> <Opcode : 'load' 'store'> <Ports = 2> <Width = 12> <Depth = 16> <RAM>
ST_1 : Operation 48 [1/1] (0.67ns)   --->   "%tB_13 = alloca i64 1" [kyber-mult-kernel-dataflow.cpp:92]   --->   Operation 48 'alloca' 'tB_13' <Predicate = true> <Delay = 0.67> <CoreInst = "RAM">   --->   Core 83 'RAM' <Latency = 1> <II = 1> <Delay = 0.67> <Storage> <Opcode : 'load' 'store'> <Ports = 2> <Width = 12> <Depth = 16> <RAM>
ST_1 : Operation 49 [1/1] (0.67ns)   --->   "%tB_14 = alloca i64 1" [kyber-mult-kernel-dataflow.cpp:92]   --->   Operation 49 'alloca' 'tB_14' <Predicate = true> <Delay = 0.67> <CoreInst = "RAM">   --->   Core 83 'RAM' <Latency = 1> <II = 1> <Delay = 0.67> <Storage> <Opcode : 'load' 'store'> <Ports = 2> <Width = 12> <Depth = 16> <RAM>
ST_1 : Operation 50 [1/1] (0.67ns)   --->   "%tB_15 = alloca i64 1" [kyber-mult-kernel-dataflow.cpp:92]   --->   Operation 50 'alloca' 'tB_15' <Predicate = true> <Delay = 0.67> <CoreInst = "RAM">   --->   Core 83 'RAM' <Latency = 1> <II = 1> <Delay = 0.67> <Storage> <Opcode : 'load' 'store'> <Ports = 2> <Width = 12> <Depth = 16> <RAM>
ST_1 : Operation 51 [2/2] (0.00ns)   --->   "%call_ln95 = call void @fwd_stage2_t<128>, i12 %A_0, i12 %A_1, i12 %A_2, i12 %A_3, i12 %A_4, i12 %A_5, i12 %A_6, i12 %A_7, i12 %A_8, i12 %A_9, i12 %A_10, i12 %A_11, i12 %A_12, i12 %A_13, i12 %A_14, i12 %A_15, i12 %tA, i12 %tA_1, i12 %tA_2, i12 %tA_3, i12 %tA_4, i12 %tA_5, i12 %tA_6, i12 %tA_7, i12 %tA_8, i12 %tA_9, i12 %tA_10, i12 %tA_11, i12 %tA_12, i12 %tA_13, i12 %tA_14, i12 %tA_15, i12 %B_0, i12 %B_1, i12 %B_2, i12 %B_3, i12 %B_4, i12 %B_5, i12 %B_6, i12 %B_7, i12 %B_8, i12 %B_9, i12 %B_10, i12 %B_11, i12 %B_12, i12 %B_13, i12 %B_14, i12 %B_15, i12 %tB, i12 %tB_1, i12 %tB_2, i12 %tB_3, i12 %tB_4, i12 %tB_5, i12 %tB_6, i12 %tB_7, i12 %tB_8, i12 %tB_9, i12 %tB_10, i12 %tB_11, i12 %tB_12, i12 %tB_13, i12 %tB_14, i12 %tB_15, i10 %p_ZL5FWD_W_0_0, i16 %p_ZL6FWD_MW_0_0, i10 %p_ZL5FWD_W_1_0, i16 %p_ZL6FWD_MW_1_0, i10 %p_ZL5FWD_W_2_0, i16 %p_ZL6FWD_MW_2_0, i10 %p_ZL5FWD_W_3_0, i16 %p_ZL6FWD_MW_3_0" [kyber-mult-kernel-dataflow.cpp:95]   --->   Operation 51 'call' 'call_ln95' <Predicate = true> <Delay = 0.00> <CoreType = "Generic">   --->   Core 0 '' <Latency = 0> <II = 1> <Delay = 1.00> <Generic> <Opcode : >
ST_1 : Operation 52 [1/1] (0.42ns)   --->   "%store_ln99 = store i9 0, i9 %i" [kyber-mult-kernel-dataflow.cpp:99]   --->   Operation 52 'store' 'store_ln99' <Predicate = true> <Delay = 0.42>

State 2 <SV = 1> <Delay = 0.00>
ST_2 : Operation 53 [1/2] (0.00ns)   --->   "%call_ln95 = call void @fwd_stage2_t<128>, i12 %A_0, i12 %A_1, i12 %A_2, i12 %A_3, i12 %A_4, i12 %A_5, i12 %A_6, i12 %A_7, i12 %A_8, i12 %A_9, i12 %A_10, i12 %A_11, i12 %A_12, i12 %A_13, i12 %A_14, i12 %A_15, i12 %tA, i12 %tA_1, i12 %tA_2, i12 %tA_3, i12 %tA_4, i12 %tA_5, i12 %tA_6, i12 %tA_7, i12 %tA_8, i12 %tA_9, i12 %tA_10, i12 %tA_11, i12 %tA_12, i12 %tA_13, i12 %tA_14, i12 %tA_15, i12 %B_0, i12 %B_1, i12 %B_2, i12 %B_3, i12 %B_4, i12 %B_5, i12 %B_6, i12 %B_7, i12 %B_8, i12 %B_9, i12 %B_10, i12 %B_11, i12 %B_12, i12 %B_13, i12 %B_14, i12 %B_15, i12 %tB, i12 %tB_1, i12 %tB_2, i12 %tB_3, i12 %tB_4, i12 %tB_5, i12 %tB_6, i12 %tB_7, i12 %tB_8, i12 %tB_9, i12 %tB_10, i12 %tB_11, i12 %tB_12, i12 %tB_13, i12 %tB_14, i12 %tB_15, i10 %p_ZL5FWD_W_0_0, i16 %p_ZL6FWD_MW_0_0, i10 %p_ZL5FWD_W_1_0, i16 %p_ZL6FWD_MW_1_0, i10 %p_ZL5FWD_W_2_0, i16 %p_ZL6FWD_MW_2_0, i10 %p_ZL5FWD_W_3_0, i16 %p_ZL6FWD_MW_3_0" [kyber-mult-kernel-dataflow.cpp:95]   --->   Operation 53 'call' 'call_ln95' <Predicate = true> <Delay = 0.00> <CoreType = "Generic">   --->   Core 0 '' <Latency = 0> <II = 1> <Delay = 1.00> <Generic> <Opcode : >

State 3 <SV = 2> <Delay = 0.00>
ST_3 : Operation 54 [2/2] (0.00ns)   --->   "%call_ln95 = call void @fwd_stage2_t<64>, i12 %tA, i12 %tA_1, i12 %tA_2, i12 %tA_3, i12 %tA_4, i12 %tA_5, i12 %tA_6, i12 %tA_7, i12 %tA_8, i12 %tA_9, i12 %tA_10, i12 %tA_11, i12 %tA_12, i12 %tA_13, i12 %tA_14, i12 %tA_15, i12 %A_0, i12 %A_1, i12 %A_2, i12 %A_3, i12 %A_4, i12 %A_5, i12 %A_6, i12 %A_7, i12 %A_8, i12 %A_9, i12 %A_10, i12 %A_11, i12 %A_12, i12 %A_13, i12 %A_14, i12 %A_15, i12 %tB, i12 %tB_1, i12 %tB_2, i12 %tB_3, i12 %tB_4, i12 %tB_5, i12 %tB_6, i12 %tB_7, i12 %tB_8, i12 %tB_9, i12 %tB_10, i12 %tB_11, i12 %tB_12, i12 %tB_13, i12 %tB_14, i12 %tB_15, i12 %B_0, i12 %B_1, i12 %B_2, i12 %B_3, i12 %B_4, i12 %B_5, i12 %B_6, i12 %B_7, i12 %B_8, i12 %B_9, i12 %B_10, i12 %B_11, i12 %B_12, i12 %B_13, i12 %B_14, i12 %B_15, i12 %p_ZL5FWD_W_0_1, i15 %p_ZL6FWD_MW_0_1, i12 %p_ZL5FWD_W_1_1, i15 %p_ZL6FWD_MW_1_1, i12 %p_ZL5FWD_W_2_1, i15 %p_ZL6FWD_MW_2_1, i12 %p_ZL5FWD_W_3_1, i15 %p_ZL6FWD_MW_3_1" [kyber-mult-kernel-dataflow.cpp:95]   --->   Operation 54 'call' 'call_ln95' <Predicate = true> <Delay = 0.00> <CoreType = "Generic">   --->   Core 0 '' <Latency = 0> <II = 1> <Delay = 1.00> <Generic> <Opcode : >

State 4 <SV = 3> <Delay = 0.00>
ST_4 : Operation 55 [1/2] (0.00ns)   --->   "%call_ln95 = call void @fwd_stage2_t<64>, i12 %tA, i12 %tA_1, i12 %tA_2, i12 %tA_3, i12 %tA_4, i12 %tA_5, i12 %tA_6, i12 %tA_7, i12 %tA_8, i12 %tA_9, i12 %tA_10, i12 %tA_11, i12 %tA_12, i12 %tA_13, i12 %tA_14, i12 %tA_15, i12 %A_0, i12 %A_1, i12 %A_2, i12 %A_3, i12 %A_4, i12 %A_5, i12 %A_6, i12 %A_7, i12 %A_8, i12 %A_9, i12 %A_10, i12 %A_11, i12 %A_12, i12 %A_13, i12 %A_14, i12 %A_15, i12 %tB, i12 %tB_1, i12 %tB_2, i12 %tB_3, i12 %tB_4, i12 %tB_5, i12 %tB_6, i12 %tB_7, i12 %tB_8, i12 %tB_9, i12 %tB_10, i12 %tB_11, i12 %tB_12, i12 %tB_13, i12 %tB_14, i12 %tB_15, i12 %B_0, i12 %B_1, i12 %B_2, i12 %B_3, i12 %B_4, i12 %B_5, i12 %B_6, i12 %B_7, i12 %B_8, i12 %B_9, i12 %B_10, i12 %B_11, i12 %B_12, i12 %B_13, i12 %B_14, i12 %B_15, i12 %p_ZL5FWD_W_0_1, i15 %p_ZL6FWD_MW_0_1, i12 %p_ZL5FWD_W_1_1, i15 %p_ZL6FWD_MW_1_1, i12 %p_ZL5FWD_W_2_1, i15 %p_ZL6FWD_MW_2_1, i12 %p_ZL5FWD_W_3_1, i15 %p_ZL6FWD_MW_3_1" [kyber-mult-kernel-dataflow.cpp:95]   --->   Operation 55 'call' 'call_ln95' <Predicate = true> <Delay = 0.00> <CoreType = "Generic">   --->   Core 0 '' <Latency = 0> <II = 1> <Delay = 1.00> <Generic> <Opcode : >

State 5 <SV = 4> <Delay = 0.00>
ST_5 : Operation 56 [2/2] (0.00ns)   --->   "%call_ln96 = call void @fwd_stage2_t<32>, i12 %A_0, i12 %A_1, i12 %A_2, i12 %A_3, i12 %A_4, i12 %A_5, i12 %A_6, i12 %A_7, i12 %A_8, i12 %A_9, i12 %A_10, i12 %A_11, i12 %A_12, i12 %A_13, i12 %A_14, i12 %A_15, i12 %tA, i12 %tA_1, i12 %tA_2, i12 %tA_3, i12 %tA_4, i12 %tA_5, i12 %tA_6, i12 %tA_7, i12 %tA_8, i12 %tA_9, i12 %tA_10, i12 %tA_11, i12 %tA_12, i12 %tA_13, i12 %tA_14, i12 %tA_15, i12 %B_0, i12 %B_1, i12 %B_2, i12 %B_3, i12 %B_4, i12 %B_5, i12 %B_6, i12 %B_7, i12 %B_8, i12 %B_9, i12 %B_10, i12 %B_11, i12 %B_12, i12 %B_13, i12 %B_14, i12 %B_15, i12 %tB, i12 %tB_1, i12 %tB_2, i12 %tB_3, i12 %tB_4, i12 %tB_5, i12 %tB_6, i12 %tB_7, i12 %tB_8, i12 %tB_9, i12 %tB_10, i12 %tB_11, i12 %tB_12, i12 %tB_13, i12 %tB_14, i12 %tB_15, i12 %p_ZL5FWD_W_0_2, i16 %p_ZL6FWD_MW_0_2, i12 %p_ZL5FWD_W_1_2, i16 %p_ZL6FWD_MW_1_2, i12 %p_ZL5FWD_W_2_2, i16 %p_ZL6FWD_MW_2_2, i12 %p_ZL5FWD_W_3_2, i16 %p_ZL6FWD_MW_3_2" [kyber-mult-kernel-dataflow.cpp:96]   --->   Operation 56 'call' 'call_ln96' <Predicate = true> <Delay = 0.00> <CoreType = "Generic">   --->   Core 0 '' <Latency = 0> <II = 1> <Delay = 1.00> <Generic> <Opcode : >

State 6 <SV = 5> <Delay = 0.00>
ST_6 : Operation 57 [1/2] (0.00ns)   --->   "%call_ln96 = call void @fwd_stage2_t<32>, i12 %A_0, i12 %A_1, i12 %A_2, i12 %A_3, i12 %A_4, i12 %A_5, i12 %A_6, i12 %A_7, i12 %A_8, i12 %A_9, i12 %A_10, i12 %A_11, i12 %A_12, i12 %A_13, i12 %A_14, i12 %A_15, i12 %tA, i12 %tA_1, i12 %tA_2, i12 %tA_3, i12 %tA_4, i12 %tA_5, i12 %tA_6, i12 %tA_7, i12 %tA_8, i12 %tA_9, i12 %tA_10, i12 %tA_11, i12 %tA_12, i12 %tA_13, i12 %tA_14, i12 %tA_15, i12 %B_0, i12 %B_1, i12 %B_2, i12 %B_3, i12 %B_4, i12 %B_5, i12 %B_6, i12 %B_7, i12 %B_8, i12 %B_9, i12 %B_10, i12 %B_11, i12 %B_12, i12 %B_13, i12 %B_14, i12 %B_15, i12 %tB, i12 %tB_1, i12 %tB_2, i12 %tB_3, i12 %tB_4, i12 %tB_5, i12 %tB_6, i12 %tB_7, i12 %tB_8, i12 %tB_9, i12 %tB_10, i12 %tB_11, i12 %tB_12, i12 %tB_13, i12 %tB_14, i12 %tB_15, i12 %p_ZL5FWD_W_0_2, i16 %p_ZL6FWD_MW_0_2, i12 %p_ZL5FWD_W_1_2, i16 %p_ZL6FWD_MW_1_2, i12 %p_ZL5FWD_W_2_2, i16 %p_ZL6FWD_MW_2_2, i12 %p_ZL5FWD_W_3_2, i16 %p_ZL6FWD_MW_3_2" [kyber-mult-kernel-dataflow.cpp:96]   --->   Operation 57 'call' 'call_ln96' <Predicate = true> <Delay = 0.00> <CoreType = "Generic">   --->   Core 0 '' <Latency = 0> <II = 1> <Delay = 1.00> <Generic> <Opcode : >

State 7 <SV = 6> <Delay = 0.00>
ST_7 : Operation 58 [2/2] (0.00ns)   --->   "%call_ln96 = call void @fwd_stage2_t<16>, i12 %tA, i12 %tA_1, i12 %tA_2, i12 %tA_3, i12 %tA_4, i12 %tA_5, i12 %tA_6, i12 %tA_7, i12 %tA_8, i12 %tA_9, i12 %tA_10, i12 %tA_11, i12 %tA_12, i12 %tA_13, i12 %tA_14, i12 %tA_15, i12 %A_0, i12 %A_1, i12 %A_2, i12 %A_3, i12 %A_4, i12 %A_5, i12 %A_6, i12 %A_7, i12 %A_8, i12 %A_9, i12 %A_10, i12 %A_11, i12 %A_12, i12 %A_13, i12 %A_14, i12 %A_15, i12 %tB, i12 %tB_1, i12 %tB_2, i12 %tB_3, i12 %tB_4, i12 %tB_5, i12 %tB_6, i12 %tB_7, i12 %tB_8, i12 %tB_9, i12 %tB_10, i12 %tB_11, i12 %tB_12, i12 %tB_13, i12 %tB_14, i12 %tB_15, i12 %B_0, i12 %B_1, i12 %B_2, i12 %B_3, i12 %B_4, i12 %B_5, i12 %B_6, i12 %B_7, i12 %B_8, i12 %B_9, i12 %B_10, i12 %B_11, i12 %B_12, i12 %B_13, i12 %B_14, i12 %B_15, i12 %p_ZL5FWD_W_0_3, i16 %p_ZL6FWD_MW_0_3, i12 %p_ZL5FWD_W_1_3, i16 %p_ZL6FWD_MW_1_3, i12 %p_ZL5FWD_W_2_3, i16 %p_ZL6FWD_MW_2_3, i12 %p_ZL5FWD_W_3_3, i16 %p_ZL6FWD_MW_3_3" [kyber-mult-kernel-dataflow.cpp:96]   --->   Operation 58 'call' 'call_ln96' <Predicate = true> <Delay = 0.00> <CoreType = "Generic">   --->   Core 0 '' <Latency = 0> <II = 1> <Delay = 1.00> <Generic> <Opcode : >

State 8 <SV = 7> <Delay = 0.00>
ST_8 : Operation 59 [1/2] (0.00ns)   --->   "%call_ln96 = call void @fwd_stage2_t<16>, i12 %tA, i12 %tA_1, i12 %tA_2, i12 %tA_3, i12 %tA_4, i12 %tA_5, i12 %tA_6, i12 %tA_7, i12 %tA_8, i12 %tA_9, i12 %tA_10, i12 %tA_11, i12 %tA_12, i12 %tA_13, i12 %tA_14, i12 %tA_15, i12 %A_0, i12 %A_1, i12 %A_2, i12 %A_3, i12 %A_4, i12 %A_5, i12 %A_6, i12 %A_7, i12 %A_8, i12 %A_9, i12 %A_10, i12 %A_11, i12 %A_12, i12 %A_13, i12 %A_14, i12 %A_15, i12 %tB, i12 %tB_1, i12 %tB_2, i12 %tB_3, i12 %tB_4, i12 %tB_5, i12 %tB_6, i12 %tB_7, i12 %tB_8, i12 %tB_9, i12 %tB_10, i12 %tB_11, i12 %tB_12, i12 %tB_13, i12 %tB_14, i12 %tB_15, i12 %B_0, i12 %B_1, i12 %B_2, i12 %B_3, i12 %B_4, i12 %B_5, i12 %B_6, i12 %B_7, i12 %B_8, i12 %B_9, i12 %B_10, i12 %B_11, i12 %B_12, i12 %B_13, i12 %B_14, i12 %B_15, i12 %p_ZL5FWD_W_0_3, i16 %p_ZL6FWD_MW_0_3, i12 %p_ZL5FWD_W_1_3, i16 %p_ZL6FWD_MW_1_3, i12 %p_ZL5FWD_W_2_3, i16 %p_ZL6FWD_MW_2_3, i12 %p_ZL5FWD_W_3_3, i16 %p_ZL6FWD_MW_3_3" [kyber-mult-kernel-dataflow.cpp:96]   --->   Operation 59 'call' 'call_ln96' <Predicate = true> <Delay = 0.00> <CoreType = "Generic">   --->   Core 0 '' <Latency = 0> <II = 1> <Delay = 1.00> <Generic> <Opcode : >

State 9 <SV = 8> <Delay = 0.00>
ST_9 : Operation 60 [2/2] (0.00ns)   --->   "%call_ln97 = call void @fwd_stage2_t<8>, i12 %A_0, i12 %A_1, i12 %A_2, i12 %A_3, i12 %A_4, i12 %A_5, i12 %A_6, i12 %A_7, i12 %A_8, i12 %A_9, i12 %A_10, i12 %A_11, i12 %A_12, i12 %A_13, i12 %A_14, i12 %A_15, i12 %tA, i12 %tA_1, i12 %tA_2, i12 %tA_3, i12 %tA_4, i12 %tA_5, i12 %tA_6, i12 %tA_7, i12 %tA_8, i12 %tA_9, i12 %tA_10, i12 %tA_11, i12 %tA_12, i12 %tA_13, i12 %tA_14, i12 %tA_15, i12 %B_0, i12 %B_1, i12 %B_2, i12 %B_3, i12 %B_4, i12 %B_5, i12 %B_6, i12 %B_7, i12 %B_8, i12 %B_9, i12 %B_10, i12 %B_11, i12 %B_12, i12 %B_13, i12 %B_14, i12 %B_15, i12 %tB, i12 %tB_1, i12 %tB_2, i12 %tB_3, i12 %tB_4, i12 %tB_5, i12 %tB_6, i12 %tB_7, i12 %tB_8, i12 %tB_9, i12 %tB_10, i12 %tB_11, i12 %tB_12, i12 %tB_13, i12 %tB_14, i12 %tB_15, i12 %p_ZL5FWD_W_0_4, i16 %p_ZL6FWD_MW_0_4, i12 %p_ZL5FWD_W_1_4, i16 %p_ZL6FWD_MW_1_4, i12 %p_ZL5FWD_W_2_4, i16 %p_ZL6FWD_MW_2_4, i12 %p_ZL5FWD_W_3_4, i16 %p_ZL6FWD_MW_3_4" [kyber-mult-kernel-dataflow.cpp:97]   --->   Operation 60 'call' 'call_ln97' <Predicate = true> <Delay = 0.00> <CoreType = "Generic">   --->   Core 0 '' <Latency = 0> <II = 1> <Delay = 1.00> <Generic> <Opcode : >

State 10 <SV = 9> <Delay = 0.00>
ST_10 : Operation 61 [1/2] (0.00ns)   --->   "%call_ln97 = call void @fwd_stage2_t<8>, i12 %A_0, i12 %A_1, i12 %A_2, i12 %A_3, i12 %A_4, i12 %A_5, i12 %A_6, i12 %A_7, i12 %A_8, i12 %A_9, i12 %A_10, i12 %A_11, i12 %A_12, i12 %A_13, i12 %A_14, i12 %A_15, i12 %tA, i12 %tA_1, i12 %tA_2, i12 %tA_3, i12 %tA_4, i12 %tA_5, i12 %tA_6, i12 %tA_7, i12 %tA_8, i12 %tA_9, i12 %tA_10, i12 %tA_11, i12 %tA_12, i12 %tA_13, i12 %tA_14, i12 %tA_15, i12 %B_0, i12 %B_1, i12 %B_2, i12 %B_3, i12 %B_4, i12 %B_5, i12 %B_6, i12 %B_7, i12 %B_8, i12 %B_9, i12 %B_10, i12 %B_11, i12 %B_12, i12 %B_13, i12 %B_14, i12 %B_15, i12 %tB, i12 %tB_1, i12 %tB_2, i12 %tB_3, i12 %tB_4, i12 %tB_5, i12 %tB_6, i12 %tB_7, i12 %tB_8, i12 %tB_9, i12 %tB_10, i12 %tB_11, i12 %tB_12, i12 %tB_13, i12 %tB_14, i12 %tB_15, i12 %p_ZL5FWD_W_0_4, i16 %p_ZL6FWD_MW_0_4, i12 %p_ZL5FWD_W_1_4, i16 %p_ZL6FWD_MW_1_4, i12 %p_ZL5FWD_W_2_4, i16 %p_ZL6FWD_MW_2_4, i12 %p_ZL5FWD_W_3_4, i16 %p_ZL6FWD_MW_3_4" [kyber-mult-kernel-dataflow.cpp:97]   --->   Operation 61 'call' 'call_ln97' <Predicate = true> <Delay = 0.00> <CoreType = "Generic">   --->   Core 0 '' <Latency = 0> <II = 1> <Delay = 1.00> <Generic> <Opcode : >

State 11 <SV = 10> <Delay = 0.00>
ST_11 : Operation 62 [2/2] (0.00ns)   --->   "%call_ln97 = call void @fwd_stage2_t<4>, i12 %tA, i12 %tA_1, i12 %tA_2, i12 %tA_3, i12 %tA_4, i12 %tA_5, i12 %tA_6, i12 %tA_7, i12 %tA_8, i12 %tA_9, i12 %tA_10, i12 %tA_11, i12 %tA_12, i12 %tA_13, i12 %tA_14, i12 %tA_15, i12 %A_0, i12 %A_1, i12 %A_2, i12 %A_3, i12 %A_4, i12 %A_5, i12 %A_6, i12 %A_7, i12 %A_8, i12 %A_9, i12 %A_10, i12 %A_11, i12 %A_12, i12 %A_13, i12 %A_14, i12 %A_15, i12 %tB, i12 %tB_1, i12 %tB_2, i12 %tB_3, i12 %tB_4, i12 %tB_5, i12 %tB_6, i12 %tB_7, i12 %tB_8, i12 %tB_9, i12 %tB_10, i12 %tB_11, i12 %tB_12, i12 %tB_13, i12 %tB_14, i12 %tB_15, i12 %B_0, i12 %B_1, i12 %B_2, i12 %B_3, i12 %B_4, i12 %B_5, i12 %B_6, i12 %B_7, i12 %B_8, i12 %B_9, i12 %B_10, i12 %B_11, i12 %B_12, i12 %B_13, i12 %B_14, i12 %B_15, i12 %p_ZL5FWD_W_0_5, i16 %p_ZL6FWD_MW_0_5, i12 %p_ZL5FWD_W_1_5, i16 %p_ZL6FWD_MW_1_5, i12 %p_ZL5FWD_W_2_5, i16 %p_ZL6FWD_MW_2_5, i12 %p_ZL5FWD_W_3_5, i16 %p_ZL6FWD_MW_3_5" [kyber-mult-kernel-dataflow.cpp:97]   --->   Operation 62 'call' 'call_ln97' <Predicate = true> <Delay = 0.00> <CoreType = "Generic">   --->   Core 0 '' <Latency = 0> <II = 1> <Delay = 1.00> <Generic> <Opcode : >

State 12 <SV = 11> <Delay = 0.00>
ST_12 : Operation 63 [1/2] (0.00ns)   --->   "%call_ln97 = call void @fwd_stage2_t<4>, i12 %tA, i12 %tA_1, i12 %tA_2, i12 %tA_3, i12 %tA_4, i12 %tA_5, i12 %tA_6, i12 %tA_7, i12 %tA_8, i12 %tA_9, i12 %tA_10, i12 %tA_11, i12 %tA_12, i12 %tA_13, i12 %tA_14, i12 %tA_15, i12 %A_0, i12 %A_1, i12 %A_2, i12 %A_3, i12 %A_4, i12 %A_5, i12 %A_6, i12 %A_7, i12 %A_8, i12 %A_9, i12 %A_10, i12 %A_11, i12 %A_12, i12 %A_13, i12 %A_14, i12 %A_15, i12 %tB, i12 %tB_1, i12 %tB_2, i12 %tB_3, i12 %tB_4, i12 %tB_5, i12 %tB_6, i12 %tB_7, i12 %tB_8, i12 %tB_9, i12 %tB_10, i12 %tB_11, i12 %tB_12, i12 %tB_13, i12 %tB_14, i12 %tB_15, i12 %B_0, i12 %B_1, i12 %B_2, i12 %B_3, i12 %B_4, i12 %B_5, i12 %B_6, i12 %B_7, i12 %B_8, i12 %B_9, i12 %B_10, i12 %B_11, i12 %B_12, i12 %B_13, i12 %B_14, i12 %B_15, i12 %p_ZL5FWD_W_0_5, i16 %p_ZL6FWD_MW_0_5, i12 %p_ZL5FWD_W_1_5, i16 %p_ZL6FWD_MW_1_5, i12 %p_ZL5FWD_W_2_5, i16 %p_ZL6FWD_MW_2_5, i12 %p_ZL5FWD_W_3_5, i16 %p_ZL6FWD_MW_3_5" [kyber-mult-kernel-dataflow.cpp:97]   --->   Operation 63 'call' 'call_ln97' <Predicate = true> <Delay = 0.00> <CoreType = "Generic">   --->   Core 0 '' <Latency = 0> <II = 1> <Delay = 1.00> <Generic> <Opcode : >

State 13 <SV = 12> <Delay = 0.00>
ST_13 : Operation 64 [2/2] (0.00ns)   --->   "%call_ln98 = call void @fwd_stage2_t<2>, i12 %A_0, i12 %A_1, i12 %A_2, i12 %A_3, i12 %A_4, i12 %A_5, i12 %A_6, i12 %A_7, i12 %A_8, i12 %A_9, i12 %A_10, i12 %A_11, i12 %A_12, i12 %A_13, i12 %A_14, i12 %A_15, i12 %tA, i12 %tA_1, i12 %tA_2, i12 %tA_3, i12 %tA_4, i12 %tA_5, i12 %tA_6, i12 %tA_7, i12 %tA_8, i12 %tA_9, i12 %tA_10, i12 %tA_11, i12 %tA_12, i12 %tA_13, i12 %tA_14, i12 %tA_15, i12 %B_0, i12 %B_1, i12 %B_2, i12 %B_3, i12 %B_4, i12 %B_5, i12 %B_6, i12 %B_7, i12 %B_8, i12 %B_9, i12 %B_10, i12 %B_11, i12 %B_12, i12 %B_13, i12 %B_14, i12 %B_15, i12 %tB, i12 %tB_1, i12 %tB_2, i12 %tB_3, i12 %tB_4, i12 %tB_5, i12 %tB_6, i12 %tB_7, i12 %tB_8, i12 %tB_9, i12 %tB_10, i12 %tB_11, i12 %tB_12, i12 %tB_13, i12 %tB_14, i12 %tB_15, i12 %p_ZL5FWD_W_0_6, i16 %p_ZL6FWD_MW_0_6, i12 %p_ZL5FWD_W_1_6, i16 %p_ZL6FWD_MW_1_6, i12 %p_ZL5FWD_W_2_6, i16 %p_ZL6FWD_MW_2_6, i12 %p_ZL5FWD_W_3_6, i16 %p_ZL6FWD_MW_3_6" [kyber-mult-kernel-dataflow.cpp:98]   --->   Operation 64 'call' 'call_ln98' <Predicate = true> <Delay = 0.00> <CoreType = "Generic">   --->   Core 0 '' <Latency = 0> <II = 1> <Delay = 1.00> <Generic> <Opcode : >

State 14 <SV = 13> <Delay = 0.00>
ST_14 : Operation 65 [1/2] (0.00ns)   --->   "%call_ln98 = call void @fwd_stage2_t<2>, i12 %A_0, i12 %A_1, i12 %A_2, i12 %A_3, i12 %A_4, i12 %A_5, i12 %A_6, i12 %A_7, i12 %A_8, i12 %A_9, i12 %A_10, i12 %A_11, i12 %A_12, i12 %A_13, i12 %A_14, i12 %A_15, i12 %tA, i12 %tA_1, i12 %tA_2, i12 %tA_3, i12 %tA_4, i12 %tA_5, i12 %tA_6, i12 %tA_7, i12 %tA_8, i12 %tA_9, i12 %tA_10, i12 %tA_11, i12 %tA_12, i12 %tA_13, i12 %tA_14, i12 %tA_15, i12 %B_0, i12 %B_1, i12 %B_2, i12 %B_3, i12 %B_4, i12 %B_5, i12 %B_6, i12 %B_7, i12 %B_8, i12 %B_9, i12 %B_10, i12 %B_11, i12 %B_12, i12 %B_13, i12 %B_14, i12 %B_15, i12 %tB, i12 %tB_1, i12 %tB_2, i12 %tB_3, i12 %tB_4, i12 %tB_5, i12 %tB_6, i12 %tB_7, i12 %tB_8, i12 %tB_9, i12 %tB_10, i12 %tB_11, i12 %tB_12, i12 %tB_13, i12 %tB_14, i12 %tB_15, i12 %p_ZL5FWD_W_0_6, i16 %p_ZL6FWD_MW_0_6, i12 %p_ZL5FWD_W_1_6, i16 %p_ZL6FWD_MW_1_6, i12 %p_ZL5FWD_W_2_6, i16 %p_ZL6FWD_MW_2_6, i12 %p_ZL5FWD_W_3_6, i16 %p_ZL6FWD_MW_3_6" [kyber-mult-kernel-dataflow.cpp:98]   --->   Operation 65 'call' 'call_ln98' <Predicate = true> <Delay = 0.00> <CoreType = "Generic">   --->   Core 0 '' <Latency = 0> <II = 1> <Delay = 1.00> <Generic> <Opcode : >
ST_14 : Operation 66 [1/1] (0.00ns)   --->   "%br_ln99 = br void %for.inc" [kyber-mult-kernel-dataflow.cpp:99]   --->   Operation 66 'br' 'br_ln99' <Predicate = true> <Delay = 0.00>

State 15 <SV = 14> <Delay = 1.20>
ST_15 : Operation 67 [1/1] (0.00ns)   --->   "%i_2 = load i9 %i" [kyber-mult-kernel-dataflow.cpp:99]   --->   Operation 67 'load' 'i_2' <Predicate = true> <Delay = 0.00>
ST_15 : Operation 68 [1/1] (0.77ns)   --->   "%icmp_ln99 = icmp_eq  i9 %i_2, i9 256" [kyber-mult-kernel-dataflow.cpp:99]   --->   Operation 68 'icmp' 'icmp_ln99' <Predicate = true> <Delay = 0.77> <CoreInst = "Cmp">   --->   Core 9 'Cmp' <Latency = 0> <II = 1> <Delay = 0.78> <FuncUnit> <Opcode : 'icmp'> <InPorts = 2> <OutPorts = 1>
ST_15 : Operation 69 [1/1] (0.77ns)   --->   "%add_ln99 = add i9 %i_2, i9 1" [kyber-mult-kernel-dataflow.cpp:99]   --->   Operation 69 'add' 'add_ln99' <Predicate = true> <Delay = 0.77> <CoreInst = "Adder">   --->   Core 1 'Adder' <Latency = 0> <II = 1> <Delay = 0.77> <FuncUnit> <Opcode : 'add' 'sub'> <InPorts = 2> <OutPorts = 1>
ST_15 : Operation 70 [1/1] (0.00ns)   --->   "%br_ln99 = br i1 %icmp_ln99, void %for.inc.split, void %for.end" [kyber-mult-kernel-dataflow.cpp:99]   --->   Operation 70 'br' 'br_ln99' <Predicate = true> <Delay = 0.00>
ST_15 : Operation 71 [1/1] (0.00ns)   --->   "%trunc_ln99 = trunc i9 %i_2" [kyber-mult-kernel-dataflow.cpp:99]   --->   Operation 71 'trunc' 'trunc_ln99' <Predicate = (!icmp_ln99)> <Delay = 0.00>
ST_15 : Operation 72 [1/1] (0.00ns)   --->   "%lshr_ln = partselect i4 @_ssdm_op_PartSelect.i4.i9.i32.i32, i9 %i_2, i32 4, i32 7" [kyber-mult-kernel-dataflow.cpp:99]   --->   Operation 72 'partselect' 'lshr_ln' <Predicate = (!icmp_ln99)> <Delay = 0.00>
ST_15 : Operation 73 [1/1] (0.00ns)   --->   "%zext_ln99 = zext i4 %lshr_ln" [kyber-mult-kernel-dataflow.cpp:99]   --->   Operation 73 'zext' 'zext_ln99' <Predicate = (!icmp_ln99)> <Delay = 0.00>
ST_15 : Operation 74 [1/1] (0.00ns)   --->   "%tA_addr = getelementptr i12 %tA, i64 0, i64 %zext_ln99" [kyber-mult-kernel-dataflow.cpp:101]   --->   Operation 74 'getelementptr' 'tA_addr' <Predicate = (!icmp_ln99)> <Delay = 0.00>
ST_15 : Operation 75 [1/1] (0.00ns)   --->   "%tA_1_addr = getelementptr i12 %tA_1, i64 0, i64 %zext_ln99" [kyber-mult-kernel-dataflow.cpp:101]   --->   Operation 75 'getelementptr' 'tA_1_addr' <Predicate = (!icmp_ln99)> <Delay = 0.00>
ST_15 : Operation 76 [1/1] (0.00ns)   --->   "%tA_2_addr = getelementptr i12 %tA_2, i64 0, i64 %zext_ln99" [kyber-mult-kernel-dataflow.cpp:101]   --->   Operation 76 'getelementptr' 'tA_2_addr' <Predicate = (!icmp_ln99)> <Delay = 0.00>
ST_15 : Operation 77 [1/1] (0.00ns)   --->   "%tA_3_addr = getelementptr i12 %tA_3, i64 0, i64 %zext_ln99" [kyber-mult-kernel-dataflow.cpp:101]   --->   Operation 77 'getelementptr' 'tA_3_addr' <Predicate = (!icmp_ln99)> <Delay = 0.00>
ST_15 : Operation 78 [1/1] (0.00ns)   --->   "%tA_4_addr = getelementptr i12 %tA_4, i64 0, i64 %zext_ln99" [kyber-mult-kernel-dataflow.cpp:101]   --->   Operation 78 'getelementptr' 'tA_4_addr' <Predicate = (!icmp_ln99)> <Delay = 0.00>
ST_15 : Operation 79 [1/1] (0.00ns)   --->   "%tA_5_addr = getelementptr i12 %tA_5, i64 0, i64 %zext_ln99" [kyber-mult-kernel-dataflow.cpp:101]   --->   Operation 79 'getelementptr' 'tA_5_addr' <Predicate = (!icmp_ln99)> <Delay = 0.00>
ST_15 : Operation 80 [1/1] (0.00ns)   --->   "%tA_6_addr = getelementptr i12 %tA_6, i64 0, i64 %zext_ln99" [kyber-mult-kernel-dataflow.cpp:101]   --->   Operation 80 'getelementptr' 'tA_6_addr' <Predicate = (!icmp_ln99)> <Delay = 0.00>
ST_15 : Operation 81 [1/1] (0.00ns)   --->   "%tA_7_addr = getelementptr i12 %tA_7, i64 0, i64 %zext_ln99" [kyber-mult-kernel-dataflow.cpp:101]   --->   Operation 81 'getelementptr' 'tA_7_addr' <Predicate = (!icmp_ln99)> <Delay = 0.00>
ST_15 : Operation 82 [1/1] (0.00ns)   --->   "%tA_8_addr = getelementptr i12 %tA_8, i64 0, i64 %zext_ln99" [kyber-mult-kernel-dataflow.cpp:101]   --->   Operation 82 'getelementptr' 'tA_8_addr' <Predicate = (!icmp_ln99)> <Delay = 0.00>
ST_15 : Operation 83 [1/1] (0.00ns)   --->   "%tA_9_addr = getelementptr i12 %tA_9, i64 0, i64 %zext_ln99" [kyber-mult-kernel-dataflow.cpp:101]   --->   Operation 83 'getelementptr' 'tA_9_addr' <Predicate = (!icmp_ln99)> <Delay = 0.00>
ST_15 : Operation 84 [1/1] (0.00ns)   --->   "%tA_10_addr = getelementptr i12 %tA_10, i64 0, i64 %zext_ln99" [kyber-mult-kernel-dataflow.cpp:101]   --->   Operation 84 'getelementptr' 'tA_10_addr' <Predicate = (!icmp_ln99)> <Delay = 0.00>
ST_15 : Operation 85 [1/1] (0.00ns)   --->   "%tA_11_addr = getelementptr i12 %tA_11, i64 0, i64 %zext_ln99" [kyber-mult-kernel-dataflow.cpp:101]   --->   Operation 85 'getelementptr' 'tA_11_addr' <Predicate = (!icmp_ln99)> <Delay = 0.00>
ST_15 : Operation 86 [1/1] (0.00ns)   --->   "%tA_12_addr = getelementptr i12 %tA_12, i64 0, i64 %zext_ln99" [kyber-mult-kernel-dataflow.cpp:101]   --->   Operation 86 'getelementptr' 'tA_12_addr' <Predicate = (!icmp_ln99)> <Delay = 0.00>
ST_15 : Operation 87 [1/1] (0.00ns)   --->   "%tA_13_addr = getelementptr i12 %tA_13, i64 0, i64 %zext_ln99" [kyber-mult-kernel-dataflow.cpp:101]   --->   Operation 87 'getelementptr' 'tA_13_addr' <Predicate = (!icmp_ln99)> <Delay = 0.00>
ST_15 : Operation 88 [1/1] (0.00ns)   --->   "%tA_14_addr = getelementptr i12 %tA_14, i64 0, i64 %zext_ln99" [kyber-mult-kernel-dataflow.cpp:101]   --->   Operation 88 'getelementptr' 'tA_14_addr' <Predicate = (!icmp_ln99)> <Delay = 0.00>
ST_15 : Operation 89 [1/1] (0.00ns)   --->   "%tA_15_addr = getelementptr i12 %tA_15, i64 0, i64 %zext_ln99" [kyber-mult-kernel-dataflow.cpp:101]   --->   Operation 89 'getelementptr' 'tA_15_addr' <Predicate = (!icmp_ln99)> <Delay = 0.00>
ST_15 : Operation 90 [2/2] (0.67ns)   --->   "%tA_load = load i4 %tA_addr" [kyber-mult-kernel-dataflow.cpp:101]   --->   Operation 90 'load' 'tA_load' <Predicate = (!icmp_ln99)> <Delay = 0.67> <CoreInst = "RAM">   --->   Core 83 'RAM' <Latency = 1> <II = 1> <Delay = 0.67> <Storage> <Opcode : 'load' 'store'> <Ports = 2> <Width = 12> <Depth = 16> <RAM>
ST_15 : Operation 91 [2/2] (0.67ns)   --->   "%tA_1_load = load i4 %tA_1_addr" [kyber-mult-kernel-dataflow.cpp:101]   --->   Operation 91 'load' 'tA_1_load' <Predicate = (!icmp_ln99)> <Delay = 0.67> <CoreInst = "RAM">   --->   Core 83 'RAM' <Latency = 1> <II = 1> <Delay = 0.67> <Storage> <Opcode : 'load' 'store'> <Ports = 2> <Width = 12> <Depth = 16> <RAM>
ST_15 : Operation 92 [2/2] (0.67ns)   --->   "%tA_2_load = load i4 %tA_2_addr" [kyber-mult-kernel-dataflow.cpp:101]   --->   Operation 92 'load' 'tA_2_load' <Predicate = (!icmp_ln99)> <Delay = 0.67> <CoreInst = "RAM">   --->   Core 83 'RAM' <Latency = 1> <II = 1> <Delay = 0.67> <Storage> <Opcode : 'load' 'store'> <Ports = 2> <Width = 12> <Depth = 16> <RAM>
ST_15 : Operation 93 [2/2] (0.67ns)   --->   "%tA_3_load = load i4 %tA_3_addr" [kyber-mult-kernel-dataflow.cpp:101]   --->   Operation 93 'load' 'tA_3_load' <Predicate = (!icmp_ln99)> <Delay = 0.67> <CoreInst = "RAM">   --->   Core 83 'RAM' <Latency = 1> <II = 1> <Delay = 0.67> <Storage> <Opcode : 'load' 'store'> <Ports = 2> <Width = 12> <Depth = 16> <RAM>
ST_15 : Operation 94 [2/2] (0.67ns)   --->   "%tA_4_load = load i4 %tA_4_addr" [kyber-mult-kernel-dataflow.cpp:101]   --->   Operation 94 'load' 'tA_4_load' <Predicate = (!icmp_ln99)> <Delay = 0.67> <CoreInst = "RAM">   --->   Core 83 'RAM' <Latency = 1> <II = 1> <Delay = 0.67> <Storage> <Opcode : 'load' 'store'> <Ports = 2> <Width = 12> <Depth = 16> <RAM>
ST_15 : Operation 95 [2/2] (0.67ns)   --->   "%tA_5_load = load i4 %tA_5_addr" [kyber-mult-kernel-dataflow.cpp:101]   --->   Operation 95 'load' 'tA_5_load' <Predicate = (!icmp_ln99)> <Delay = 0.67> <CoreInst = "RAM">   --->   Core 83 'RAM' <Latency = 1> <II = 1> <Delay = 0.67> <Storage> <Opcode : 'load' 'store'> <Ports = 2> <Width = 12> <Depth = 16> <RAM>
ST_15 : Operation 96 [2/2] (0.67ns)   --->   "%tA_6_load = load i4 %tA_6_addr" [kyber-mult-kernel-dataflow.cpp:101]   --->   Operation 96 'load' 'tA_6_load' <Predicate = (!icmp_ln99)> <Delay = 0.67> <CoreInst = "RAM">   --->   Core 83 'RAM' <Latency = 1> <II = 1> <Delay = 0.67> <Storage> <Opcode : 'load' 'store'> <Ports = 2> <Width = 12> <Depth = 16> <RAM>
ST_15 : Operation 97 [2/2] (0.67ns)   --->   "%tA_7_load = load i4 %tA_7_addr" [kyber-mult-kernel-dataflow.cpp:101]   --->   Operation 97 'load' 'tA_7_load' <Predicate = (!icmp_ln99)> <Delay = 0.67> <CoreInst = "RAM">   --->   Core 83 'RAM' <Latency = 1> <II = 1> <Delay = 0.67> <Storage> <Opcode : 'load' 'store'> <Ports = 2> <Width = 12> <Depth = 16> <RAM>
ST_15 : Operation 98 [2/2] (0.67ns)   --->   "%tA_8_load = load i4 %tA_8_addr" [kyber-mult-kernel-dataflow.cpp:101]   --->   Operation 98 'load' 'tA_8_load' <Predicate = (!icmp_ln99)> <Delay = 0.67> <CoreInst = "RAM">   --->   Core 83 'RAM' <Latency = 1> <II = 1> <Delay = 0.67> <Storage> <Opcode : 'load' 'store'> <Ports = 2> <Width = 12> <Depth = 16> <RAM>
ST_15 : Operation 99 [2/2] (0.67ns)   --->   "%tA_9_load = load i4 %tA_9_addr" [kyber-mult-kernel-dataflow.cpp:101]   --->   Operation 99 'load' 'tA_9_load' <Predicate = (!icmp_ln99)> <Delay = 0.67> <CoreInst = "RAM">   --->   Core 83 'RAM' <Latency = 1> <II = 1> <Delay = 0.67> <Storage> <Opcode : 'load' 'store'> <Ports = 2> <Width = 12> <Depth = 16> <RAM>
ST_15 : Operation 100 [2/2] (0.67ns)   --->   "%tA_10_load = load i4 %tA_10_addr" [kyber-mult-kernel-dataflow.cpp:101]   --->   Operation 100 'load' 'tA_10_load' <Predicate = (!icmp_ln99)> <Delay = 0.67> <CoreInst = "RAM">   --->   Core 83 'RAM' <Latency = 1> <II = 1> <Delay = 0.67> <Storage> <Opcode : 'load' 'store'> <Ports = 2> <Width = 12> <Depth = 16> <RAM>
ST_15 : Operation 101 [2/2] (0.67ns)   --->   "%tA_11_load = load i4 %tA_11_addr" [kyber-mult-kernel-dataflow.cpp:101]   --->   Operation 101 'load' 'tA_11_load' <Predicate = (!icmp_ln99)> <Delay = 0.67> <CoreInst = "RAM">   --->   Core 83 'RAM' <Latency = 1> <II = 1> <Delay = 0.67> <Storage> <Opcode : 'load' 'store'> <Ports = 2> <Width = 12> <Depth = 16> <RAM>
ST_15 : Operation 102 [2/2] (0.67ns)   --->   "%tA_12_load = load i4 %tA_12_addr" [kyber-mult-kernel-dataflow.cpp:101]   --->   Operation 102 'load' 'tA_12_load' <Predicate = (!icmp_ln99)> <Delay = 0.67> <CoreInst = "RAM">   --->   Core 83 'RAM' <Latency = 1> <II = 1> <Delay = 0.67> <Storage> <Opcode : 'load' 'store'> <Ports = 2> <Width = 12> <Depth = 16> <RAM>
ST_15 : Operation 103 [2/2] (0.67ns)   --->   "%tA_13_load = load i4 %tA_13_addr" [kyber-mult-kernel-dataflow.cpp:101]   --->   Operation 103 'load' 'tA_13_load' <Predicate = (!icmp_ln99)> <Delay = 0.67> <CoreInst = "RAM">   --->   Core 83 'RAM' <Latency = 1> <II = 1> <Delay = 0.67> <Storage> <Opcode : 'load' 'store'> <Ports = 2> <Width = 12> <Depth = 16> <RAM>
ST_15 : Operation 104 [2/2] (0.67ns)   --->   "%tA_14_load = load i4 %tA_14_addr" [kyber-mult-kernel-dataflow.cpp:101]   --->   Operation 104 'load' 'tA_14_load' <Predicate = (!icmp_ln99)> <Delay = 0.67> <CoreInst = "RAM">   --->   Core 83 'RAM' <Latency = 1> <II = 1> <Delay = 0.67> <Storage> <Opcode : 'load' 'store'> <Ports = 2> <Width = 12> <Depth = 16> <RAM>
ST_15 : Operation 105 [2/2] (0.67ns)   --->   "%tA_15_load = load i4 %tA_15_addr" [kyber-mult-kernel-dataflow.cpp:101]   --->   Operation 105 'load' 'tA_15_load' <Predicate = (!icmp_ln99)> <Delay = 0.67> <CoreInst = "RAM">   --->   Core 83 'RAM' <Latency = 1> <II = 1> <Delay = 0.67> <Storage> <Opcode : 'load' 'store'> <Ports = 2> <Width = 12> <Depth = 16> <RAM>
ST_15 : Operation 106 [1/1] (0.00ns)   --->   "%tB_addr = getelementptr i12 %tB, i64 0, i64 %zext_ln99" [kyber-mult-kernel-dataflow.cpp:101]   --->   Operation 106 'getelementptr' 'tB_addr' <Predicate = (!icmp_ln99)> <Delay = 0.00>
ST_15 : Operation 107 [1/1] (0.00ns)   --->   "%tB_1_addr = getelementptr i12 %tB_1, i64 0, i64 %zext_ln99" [kyber-mult-kernel-dataflow.cpp:101]   --->   Operation 107 'getelementptr' 'tB_1_addr' <Predicate = (!icmp_ln99)> <Delay = 0.00>
ST_15 : Operation 108 [1/1] (0.00ns)   --->   "%tB_2_addr = getelementptr i12 %tB_2, i64 0, i64 %zext_ln99" [kyber-mult-kernel-dataflow.cpp:101]   --->   Operation 108 'getelementptr' 'tB_2_addr' <Predicate = (!icmp_ln99)> <Delay = 0.00>
ST_15 : Operation 109 [1/1] (0.00ns)   --->   "%tB_3_addr = getelementptr i12 %tB_3, i64 0, i64 %zext_ln99" [kyber-mult-kernel-dataflow.cpp:101]   --->   Operation 109 'getelementptr' 'tB_3_addr' <Predicate = (!icmp_ln99)> <Delay = 0.00>
ST_15 : Operation 110 [1/1] (0.00ns)   --->   "%tB_4_addr = getelementptr i12 %tB_4, i64 0, i64 %zext_ln99" [kyber-mult-kernel-dataflow.cpp:101]   --->   Operation 110 'getelementptr' 'tB_4_addr' <Predicate = (!icmp_ln99)> <Delay = 0.00>
ST_15 : Operation 111 [1/1] (0.00ns)   --->   "%tB_5_addr = getelementptr i12 %tB_5, i64 0, i64 %zext_ln99" [kyber-mult-kernel-dataflow.cpp:101]   --->   Operation 111 'getelementptr' 'tB_5_addr' <Predicate = (!icmp_ln99)> <Delay = 0.00>
ST_15 : Operation 112 [1/1] (0.00ns)   --->   "%tB_6_addr = getelementptr i12 %tB_6, i64 0, i64 %zext_ln99" [kyber-mult-kernel-dataflow.cpp:101]   --->   Operation 112 'getelementptr' 'tB_6_addr' <Predicate = (!icmp_ln99)> <Delay = 0.00>
ST_15 : Operation 113 [1/1] (0.00ns)   --->   "%tB_7_addr = getelementptr i12 %tB_7, i64 0, i64 %zext_ln99" [kyber-mult-kernel-dataflow.cpp:101]   --->   Operation 113 'getelementptr' 'tB_7_addr' <Predicate = (!icmp_ln99)> <Delay = 0.00>
ST_15 : Operation 114 [1/1] (0.00ns)   --->   "%tB_8_addr = getelementptr i12 %tB_8, i64 0, i64 %zext_ln99" [kyber-mult-kernel-dataflow.cpp:101]   --->   Operation 114 'getelementptr' 'tB_8_addr' <Predicate = (!icmp_ln99)> <Delay = 0.00>
ST_15 : Operation 115 [1/1] (0.00ns)   --->   "%tB_9_addr = getelementptr i12 %tB_9, i64 0, i64 %zext_ln99" [kyber-mult-kernel-dataflow.cpp:101]   --->   Operation 115 'getelementptr' 'tB_9_addr' <Predicate = (!icmp_ln99)> <Delay = 0.00>
ST_15 : Operation 116 [1/1] (0.00ns)   --->   "%tB_10_addr = getelementptr i12 %tB_10, i64 0, i64 %zext_ln99" [kyber-mult-kernel-dataflow.cpp:101]   --->   Operation 116 'getelementptr' 'tB_10_addr' <Predicate = (!icmp_ln99)> <Delay = 0.00>
ST_15 : Operation 117 [1/1] (0.00ns)   --->   "%tB_11_addr = getelementptr i12 %tB_11, i64 0, i64 %zext_ln99" [kyber-mult-kernel-dataflow.cpp:101]   --->   Operation 117 'getelementptr' 'tB_11_addr' <Predicate = (!icmp_ln99)> <Delay = 0.00>
ST_15 : Operation 118 [1/1] (0.00ns)   --->   "%tB_12_addr = getelementptr i12 %tB_12, i64 0, i64 %zext_ln99" [kyber-mult-kernel-dataflow.cpp:101]   --->   Operation 118 'getelementptr' 'tB_12_addr' <Predicate = (!icmp_ln99)> <Delay = 0.00>
ST_15 : Operation 119 [1/1] (0.00ns)   --->   "%tB_13_addr = getelementptr i12 %tB_13, i64 0, i64 %zext_ln99" [kyber-mult-kernel-dataflow.cpp:101]   --->   Operation 119 'getelementptr' 'tB_13_addr' <Predicate = (!icmp_ln99)> <Delay = 0.00>
ST_15 : Operation 120 [1/1] (0.00ns)   --->   "%tB_14_addr = getelementptr i12 %tB_14, i64 0, i64 %zext_ln99" [kyber-mult-kernel-dataflow.cpp:101]   --->   Operation 120 'getelementptr' 'tB_14_addr' <Predicate = (!icmp_ln99)> <Delay = 0.00>
ST_15 : Operation 121 [1/1] (0.00ns)   --->   "%tB_15_addr = getelementptr i12 %tB_15, i64 0, i64 %zext_ln99" [kyber-mult-kernel-dataflow.cpp:101]   --->   Operation 121 'getelementptr' 'tB_15_addr' <Predicate = (!icmp_ln99)> <Delay = 0.00>
ST_15 : Operation 122 [2/2] (0.67ns)   --->   "%tB_load = load i4 %tB_addr" [kyber-mult-kernel-dataflow.cpp:101]   --->   Operation 122 'load' 'tB_load' <Predicate = (!icmp_ln99)> <Delay = 0.67> <CoreInst = "RAM">   --->   Core 83 'RAM' <Latency = 1> <II = 1> <Delay = 0.67> <Storage> <Opcode : 'load' 'store'> <Ports = 2> <Width = 12> <Depth = 16> <RAM>
ST_15 : Operation 123 [2/2] (0.67ns)   --->   "%tB_1_load = load i4 %tB_1_addr" [kyber-mult-kernel-dataflow.cpp:101]   --->   Operation 123 'load' 'tB_1_load' <Predicate = (!icmp_ln99)> <Delay = 0.67> <CoreInst = "RAM">   --->   Core 83 'RAM' <Latency = 1> <II = 1> <Delay = 0.67> <Storage> <Opcode : 'load' 'store'> <Ports = 2> <Width = 12> <Depth = 16> <RAM>
ST_15 : Operation 124 [2/2] (0.67ns)   --->   "%tB_2_load = load i4 %tB_2_addr" [kyber-mult-kernel-dataflow.cpp:101]   --->   Operation 124 'load' 'tB_2_load' <Predicate = (!icmp_ln99)> <Delay = 0.67> <CoreInst = "RAM">   --->   Core 83 'RAM' <Latency = 1> <II = 1> <Delay = 0.67> <Storage> <Opcode : 'load' 'store'> <Ports = 2> <Width = 12> <Depth = 16> <RAM>
ST_15 : Operation 125 [2/2] (0.67ns)   --->   "%tB_3_load = load i4 %tB_3_addr" [kyber-mult-kernel-dataflow.cpp:101]   --->   Operation 125 'load' 'tB_3_load' <Predicate = (!icmp_ln99)> <Delay = 0.67> <CoreInst = "RAM">   --->   Core 83 'RAM' <Latency = 1> <II = 1> <Delay = 0.67> <Storage> <Opcode : 'load' 'store'> <Ports = 2> <Width = 12> <Depth = 16> <RAM>
ST_15 : Operation 126 [2/2] (0.67ns)   --->   "%tB_4_load = load i4 %tB_4_addr" [kyber-mult-kernel-dataflow.cpp:101]   --->   Operation 126 'load' 'tB_4_load' <Predicate = (!icmp_ln99)> <Delay = 0.67> <CoreInst = "RAM">   --->   Core 83 'RAM' <Latency = 1> <II = 1> <Delay = 0.67> <Storage> <Opcode : 'load' 'store'> <Ports = 2> <Width = 12> <Depth = 16> <RAM>
ST_15 : Operation 127 [2/2] (0.67ns)   --->   "%tB_5_load = load i4 %tB_5_addr" [kyber-mult-kernel-dataflow.cpp:101]   --->   Operation 127 'load' 'tB_5_load' <Predicate = (!icmp_ln99)> <Delay = 0.67> <CoreInst = "RAM">   --->   Core 83 'RAM' <Latency = 1> <II = 1> <Delay = 0.67> <Storage> <Opcode : 'load' 'store'> <Ports = 2> <Width = 12> <Depth = 16> <RAM>
ST_15 : Operation 128 [2/2] (0.67ns)   --->   "%tB_6_load = load i4 %tB_6_addr" [kyber-mult-kernel-dataflow.cpp:101]   --->   Operation 128 'load' 'tB_6_load' <Predicate = (!icmp_ln99)> <Delay = 0.67> <CoreInst = "RAM">   --->   Core 83 'RAM' <Latency = 1> <II = 1> <Delay = 0.67> <Storage> <Opcode : 'load' 'store'> <Ports = 2> <Width = 12> <Depth = 16> <RAM>
ST_15 : Operation 129 [2/2] (0.67ns)   --->   "%tB_7_load = load i4 %tB_7_addr" [kyber-mult-kernel-dataflow.cpp:101]   --->   Operation 129 'load' 'tB_7_load' <Predicate = (!icmp_ln99)> <Delay = 0.67> <CoreInst = "RAM">   --->   Core 83 'RAM' <Latency = 1> <II = 1> <Delay = 0.67> <Storage> <Opcode : 'load' 'store'> <Ports = 2> <Width = 12> <Depth = 16> <RAM>
ST_15 : Operation 130 [2/2] (0.67ns)   --->   "%tB_8_load = load i4 %tB_8_addr" [kyber-mult-kernel-dataflow.cpp:101]   --->   Operation 130 'load' 'tB_8_load' <Predicate = (!icmp_ln99)> <Delay = 0.67> <CoreInst = "RAM">   --->   Core 83 'RAM' <Latency = 1> <II = 1> <Delay = 0.67> <Storage> <Opcode : 'load' 'store'> <Ports = 2> <Width = 12> <Depth = 16> <RAM>
ST_15 : Operation 131 [2/2] (0.67ns)   --->   "%tB_9_load = load i4 %tB_9_addr" [kyber-mult-kernel-dataflow.cpp:101]   --->   Operation 131 'load' 'tB_9_load' <Predicate = (!icmp_ln99)> <Delay = 0.67> <CoreInst = "RAM">   --->   Core 83 'RAM' <Latency = 1> <II = 1> <Delay = 0.67> <Storage> <Opcode : 'load' 'store'> <Ports = 2> <Width = 12> <Depth = 16> <RAM>
ST_15 : Operation 132 [2/2] (0.67ns)   --->   "%tB_10_load = load i4 %tB_10_addr" [kyber-mult-kernel-dataflow.cpp:101]   --->   Operation 132 'load' 'tB_10_load' <Predicate = (!icmp_ln99)> <Delay = 0.67> <CoreInst = "RAM">   --->   Core 83 'RAM' <Latency = 1> <II = 1> <Delay = 0.67> <Storage> <Opcode : 'load' 'store'> <Ports = 2> <Width = 12> <Depth = 16> <RAM>
ST_15 : Operation 133 [2/2] (0.67ns)   --->   "%tB_11_load = load i4 %tB_11_addr" [kyber-mult-kernel-dataflow.cpp:101]   --->   Operation 133 'load' 'tB_11_load' <Predicate = (!icmp_ln99)> <Delay = 0.67> <CoreInst = "RAM">   --->   Core 83 'RAM' <Latency = 1> <II = 1> <Delay = 0.67> <Storage> <Opcode : 'load' 'store'> <Ports = 2> <Width = 12> <Depth = 16> <RAM>
ST_15 : Operation 134 [2/2] (0.67ns)   --->   "%tB_12_load = load i4 %tB_12_addr" [kyber-mult-kernel-dataflow.cpp:101]   --->   Operation 134 'load' 'tB_12_load' <Predicate = (!icmp_ln99)> <Delay = 0.67> <CoreInst = "RAM">   --->   Core 83 'RAM' <Latency = 1> <II = 1> <Delay = 0.67> <Storage> <Opcode : 'load' 'store'> <Ports = 2> <Width = 12> <Depth = 16> <RAM>
ST_15 : Operation 135 [2/2] (0.67ns)   --->   "%tB_13_load = load i4 %tB_13_addr" [kyber-mult-kernel-dataflow.cpp:101]   --->   Operation 135 'load' 'tB_13_load' <Predicate = (!icmp_ln99)> <Delay = 0.67> <CoreInst = "RAM">   --->   Core 83 'RAM' <Latency = 1> <II = 1> <Delay = 0.67> <Storage> <Opcode : 'load' 'store'> <Ports = 2> <Width = 12> <Depth = 16> <RAM>
ST_15 : Operation 136 [2/2] (0.67ns)   --->   "%tB_14_load = load i4 %tB_14_addr" [kyber-mult-kernel-dataflow.cpp:101]   --->   Operation 136 'load' 'tB_14_load' <Predicate = (!icmp_ln99)> <Delay = 0.67> <CoreInst = "RAM">   --->   Core 83 'RAM' <Latency = 1> <II = 1> <Delay = 0.67> <Storage> <Opcode : 'load' 'store'> <Ports = 2> <Width = 12> <Depth = 16> <RAM>
ST_15 : Operation 137 [2/2] (0.67ns)   --->   "%tB_15_load = load i4 %tB_15_addr" [kyber-mult-kernel-dataflow.cpp:101]   --->   Operation 137 'load' 'tB_15_load' <Predicate = (!icmp_ln99)> <Delay = 0.67> <CoreInst = "RAM">   --->   Core 83 'RAM' <Latency = 1> <II = 1> <Delay = 0.67> <Storage> <Opcode : 'load' 'store'> <Ports = 2> <Width = 12> <Depth = 16> <RAM>
ST_15 : Operation 138 [1/1] (0.74ns)   --->   "%switch_ln101 = switch i4 %trunc_ln99, void %arrayidx192.case.15, i4 0, void %arrayidx192.case.0, i4 1, void %arrayidx192.case.1, i4 2, void %arrayidx192.case.2, i4 3, void %arrayidx192.case.3, i4 4, void %arrayidx192.case.4, i4 5, void %arrayidx192.case.5, i4 6, void %arrayidx192.case.6, i4 7, void %arrayidx192.case.7, i4 8, void %arrayidx192.case.8, i4 9, void %arrayidx192.case.9, i4 10, void %arrayidx192.case.10, i4 11, void %arrayidx192.case.11, i4 12, void %arrayidx192.case.12, i4 13, void %arrayidx192.case.13, i4 14, void %arrayidx192.case.14" [kyber-mult-kernel-dataflow.cpp:101]   --->   Operation 138 'switch' 'switch_ln101' <Predicate = (!icmp_ln99)> <Delay = 0.74>
ST_15 : Operation 139 [1/1] (0.42ns)   --->   "%store_ln99 = store i9 %add_ln99, i9 %i" [kyber-mult-kernel-dataflow.cpp:99]   --->   Operation 139 'store' 'store_ln99' <Predicate = (!icmp_ln99)> <Delay = 0.42>
ST_15 : Operation 140 [1/1] (0.00ns)   --->   "%br_ln99 = br void %for.inc" [kyber-mult-kernel-dataflow.cpp:99]   --->   Operation 140 'br' 'br_ln99' <Predicate = (!icmp_ln99)> <Delay = 0.00>

State 16 <SV = 15> <Delay = 1.84>
ST_16 : Operation 141 [1/1] (0.00ns)   --->   "%specpipeline_ln100 = specpipeline void @_ssdm_op_SpecPipeline, i32 1, i32 0, i32 0, i32 0, void @empty_246" [kyber-mult-kernel-dataflow.cpp:100]   --->   Operation 141 'specpipeline' 'specpipeline_ln100' <Predicate = true> <Delay = 0.00>
ST_16 : Operation 142 [1/1] (0.00ns)   --->   "%speclooptripcount_ln99 = speclooptripcount void @_ssdm_op_SpecLoopTripCount, i64 256, i64 256, i64 256" [kyber-mult-kernel-dataflow.cpp:99]   --->   Operation 142 'speclooptripcount' 'speclooptripcount_ln99' <Predicate = true> <Delay = 0.00>
ST_16 : Operation 143 [1/1] (0.00ns)   --->   "%specloopname_ln99 = specloopname void @_ssdm_op_SpecLoopName, void @empty_107" [kyber-mult-kernel-dataflow.cpp:99]   --->   Operation 143 'specloopname' 'specloopname_ln99' <Predicate = true> <Delay = 0.00>
ST_16 : Operation 144 [1/1] (0.00ns)   --->   "%A_0_addr = getelementptr i12 %A_0, i64 0, i64 %zext_ln99" [kyber-mult-kernel-dataflow.cpp:101]   --->   Operation 144 'getelementptr' 'A_0_addr' <Predicate = true> <Delay = 0.00>
ST_16 : Operation 145 [1/1] (0.00ns)   --->   "%A_1_addr = getelementptr i12 %A_1, i64 0, i64 %zext_ln99" [kyber-mult-kernel-dataflow.cpp:101]   --->   Operation 145 'getelementptr' 'A_1_addr' <Predicate = true> <Delay = 0.00>
ST_16 : Operation 146 [1/1] (0.00ns)   --->   "%A_2_addr = getelementptr i12 %A_2, i64 0, i64 %zext_ln99" [kyber-mult-kernel-dataflow.cpp:101]   --->   Operation 146 'getelementptr' 'A_2_addr' <Predicate = true> <Delay = 0.00>
ST_16 : Operation 147 [1/1] (0.00ns)   --->   "%A_3_addr = getelementptr i12 %A_3, i64 0, i64 %zext_ln99" [kyber-mult-kernel-dataflow.cpp:101]   --->   Operation 147 'getelementptr' 'A_3_addr' <Predicate = true> <Delay = 0.00>
ST_16 : Operation 148 [1/1] (0.00ns)   --->   "%A_4_addr = getelementptr i12 %A_4, i64 0, i64 %zext_ln99" [kyber-mult-kernel-dataflow.cpp:101]   --->   Operation 148 'getelementptr' 'A_4_addr' <Predicate = true> <Delay = 0.00>
ST_16 : Operation 149 [1/1] (0.00ns)   --->   "%A_5_addr = getelementptr i12 %A_5, i64 0, i64 %zext_ln99" [kyber-mult-kernel-dataflow.cpp:101]   --->   Operation 149 'getelementptr' 'A_5_addr' <Predicate = true> <Delay = 0.00>
ST_16 : Operation 150 [1/1] (0.00ns)   --->   "%A_6_addr = getelementptr i12 %A_6, i64 0, i64 %zext_ln99" [kyber-mult-kernel-dataflow.cpp:101]   --->   Operation 150 'getelementptr' 'A_6_addr' <Predicate = true> <Delay = 0.00>
ST_16 : Operation 151 [1/1] (0.00ns)   --->   "%A_7_addr = getelementptr i12 %A_7, i64 0, i64 %zext_ln99" [kyber-mult-kernel-dataflow.cpp:101]   --->   Operation 151 'getelementptr' 'A_7_addr' <Predicate = true> <Delay = 0.00>
ST_16 : Operation 152 [1/1] (0.00ns)   --->   "%A_8_addr = getelementptr i12 %A_8, i64 0, i64 %zext_ln99" [kyber-mult-kernel-dataflow.cpp:101]   --->   Operation 152 'getelementptr' 'A_8_addr' <Predicate = true> <Delay = 0.00>
ST_16 : Operation 153 [1/1] (0.00ns)   --->   "%A_9_addr = getelementptr i12 %A_9, i64 0, i64 %zext_ln99" [kyber-mult-kernel-dataflow.cpp:101]   --->   Operation 153 'getelementptr' 'A_9_addr' <Predicate = true> <Delay = 0.00>
ST_16 : Operation 154 [1/1] (0.00ns)   --->   "%A_10_addr = getelementptr i12 %A_10, i64 0, i64 %zext_ln99" [kyber-mult-kernel-dataflow.cpp:101]   --->   Operation 154 'getelementptr' 'A_10_addr' <Predicate = true> <Delay = 0.00>
ST_16 : Operation 155 [1/1] (0.00ns)   --->   "%A_11_addr = getelementptr i12 %A_11, i64 0, i64 %zext_ln99" [kyber-mult-kernel-dataflow.cpp:101]   --->   Operation 155 'getelementptr' 'A_11_addr' <Predicate = true> <Delay = 0.00>
ST_16 : Operation 156 [1/1] (0.00ns)   --->   "%A_12_addr = getelementptr i12 %A_12, i64 0, i64 %zext_ln99" [kyber-mult-kernel-dataflow.cpp:101]   --->   Operation 156 'getelementptr' 'A_12_addr' <Predicate = true> <Delay = 0.00>
ST_16 : Operation 157 [1/1] (0.00ns)   --->   "%A_13_addr = getelementptr i12 %A_13, i64 0, i64 %zext_ln99" [kyber-mult-kernel-dataflow.cpp:101]   --->   Operation 157 'getelementptr' 'A_13_addr' <Predicate = true> <Delay = 0.00>
ST_16 : Operation 158 [1/1] (0.00ns)   --->   "%A_14_addr = getelementptr i12 %A_14, i64 0, i64 %zext_ln99" [kyber-mult-kernel-dataflow.cpp:101]   --->   Operation 158 'getelementptr' 'A_14_addr' <Predicate = true> <Delay = 0.00>
ST_16 : Operation 159 [1/1] (0.00ns)   --->   "%A_15_addr = getelementptr i12 %A_15, i64 0, i64 %zext_ln99" [kyber-mult-kernel-dataflow.cpp:101]   --->   Operation 159 'getelementptr' 'A_15_addr' <Predicate = true> <Delay = 0.00>
ST_16 : Operation 160 [1/2] (0.67ns)   --->   "%tA_load = load i4 %tA_addr" [kyber-mult-kernel-dataflow.cpp:101]   --->   Operation 160 'load' 'tA_load' <Predicate = true> <Delay = 0.67> <CoreInst = "RAM">   --->   Core 83 'RAM' <Latency = 1> <II = 1> <Delay = 0.67> <Storage> <Opcode : 'load' 'store'> <Ports = 2> <Width = 12> <Depth = 16> <RAM>
ST_16 : Operation 161 [1/2] (0.67ns)   --->   "%tA_1_load = load i4 %tA_1_addr" [kyber-mult-kernel-dataflow.cpp:101]   --->   Operation 161 'load' 'tA_1_load' <Predicate = true> <Delay = 0.67> <CoreInst = "RAM">   --->   Core 83 'RAM' <Latency = 1> <II = 1> <Delay = 0.67> <Storage> <Opcode : 'load' 'store'> <Ports = 2> <Width = 12> <Depth = 16> <RAM>
ST_16 : Operation 162 [1/2] (0.67ns)   --->   "%tA_2_load = load i4 %tA_2_addr" [kyber-mult-kernel-dataflow.cpp:101]   --->   Operation 162 'load' 'tA_2_load' <Predicate = true> <Delay = 0.67> <CoreInst = "RAM">   --->   Core 83 'RAM' <Latency = 1> <II = 1> <Delay = 0.67> <Storage> <Opcode : 'load' 'store'> <Ports = 2> <Width = 12> <Depth = 16> <RAM>
ST_16 : Operation 163 [1/2] (0.67ns)   --->   "%tA_3_load = load i4 %tA_3_addr" [kyber-mult-kernel-dataflow.cpp:101]   --->   Operation 163 'load' 'tA_3_load' <Predicate = true> <Delay = 0.67> <CoreInst = "RAM">   --->   Core 83 'RAM' <Latency = 1> <II = 1> <Delay = 0.67> <Storage> <Opcode : 'load' 'store'> <Ports = 2> <Width = 12> <Depth = 16> <RAM>
ST_16 : Operation 164 [1/2] (0.67ns)   --->   "%tA_4_load = load i4 %tA_4_addr" [kyber-mult-kernel-dataflow.cpp:101]   --->   Operation 164 'load' 'tA_4_load' <Predicate = true> <Delay = 0.67> <CoreInst = "RAM">   --->   Core 83 'RAM' <Latency = 1> <II = 1> <Delay = 0.67> <Storage> <Opcode : 'load' 'store'> <Ports = 2> <Width = 12> <Depth = 16> <RAM>
ST_16 : Operation 165 [1/2] (0.67ns)   --->   "%tA_5_load = load i4 %tA_5_addr" [kyber-mult-kernel-dataflow.cpp:101]   --->   Operation 165 'load' 'tA_5_load' <Predicate = true> <Delay = 0.67> <CoreInst = "RAM">   --->   Core 83 'RAM' <Latency = 1> <II = 1> <Delay = 0.67> <Storage> <Opcode : 'load' 'store'> <Ports = 2> <Width = 12> <Depth = 16> <RAM>
ST_16 : Operation 166 [1/2] (0.67ns)   --->   "%tA_6_load = load i4 %tA_6_addr" [kyber-mult-kernel-dataflow.cpp:101]   --->   Operation 166 'load' 'tA_6_load' <Predicate = true> <Delay = 0.67> <CoreInst = "RAM">   --->   Core 83 'RAM' <Latency = 1> <II = 1> <Delay = 0.67> <Storage> <Opcode : 'load' 'store'> <Ports = 2> <Width = 12> <Depth = 16> <RAM>
ST_16 : Operation 167 [1/2] (0.67ns)   --->   "%tA_7_load = load i4 %tA_7_addr" [kyber-mult-kernel-dataflow.cpp:101]   --->   Operation 167 'load' 'tA_7_load' <Predicate = true> <Delay = 0.67> <CoreInst = "RAM">   --->   Core 83 'RAM' <Latency = 1> <II = 1> <Delay = 0.67> <Storage> <Opcode : 'load' 'store'> <Ports = 2> <Width = 12> <Depth = 16> <RAM>
ST_16 : Operation 168 [1/2] (0.67ns)   --->   "%tA_8_load = load i4 %tA_8_addr" [kyber-mult-kernel-dataflow.cpp:101]   --->   Operation 168 'load' 'tA_8_load' <Predicate = true> <Delay = 0.67> <CoreInst = "RAM">   --->   Core 83 'RAM' <Latency = 1> <II = 1> <Delay = 0.67> <Storage> <Opcode : 'load' 'store'> <Ports = 2> <Width = 12> <Depth = 16> <RAM>
ST_16 : Operation 169 [1/2] (0.67ns)   --->   "%tA_9_load = load i4 %tA_9_addr" [kyber-mult-kernel-dataflow.cpp:101]   --->   Operation 169 'load' 'tA_9_load' <Predicate = true> <Delay = 0.67> <CoreInst = "RAM">   --->   Core 83 'RAM' <Latency = 1> <II = 1> <Delay = 0.67> <Storage> <Opcode : 'load' 'store'> <Ports = 2> <Width = 12> <Depth = 16> <RAM>
ST_16 : Operation 170 [1/2] (0.67ns)   --->   "%tA_10_load = load i4 %tA_10_addr" [kyber-mult-kernel-dataflow.cpp:101]   --->   Operation 170 'load' 'tA_10_load' <Predicate = true> <Delay = 0.67> <CoreInst = "RAM">   --->   Core 83 'RAM' <Latency = 1> <II = 1> <Delay = 0.67> <Storage> <Opcode : 'load' 'store'> <Ports = 2> <Width = 12> <Depth = 16> <RAM>
ST_16 : Operation 171 [1/2] (0.67ns)   --->   "%tA_11_load = load i4 %tA_11_addr" [kyber-mult-kernel-dataflow.cpp:101]   --->   Operation 171 'load' 'tA_11_load' <Predicate = true> <Delay = 0.67> <CoreInst = "RAM">   --->   Core 83 'RAM' <Latency = 1> <II = 1> <Delay = 0.67> <Storage> <Opcode : 'load' 'store'> <Ports = 2> <Width = 12> <Depth = 16> <RAM>
ST_16 : Operation 172 [1/2] (0.67ns)   --->   "%tA_12_load = load i4 %tA_12_addr" [kyber-mult-kernel-dataflow.cpp:101]   --->   Operation 172 'load' 'tA_12_load' <Predicate = true> <Delay = 0.67> <CoreInst = "RAM">   --->   Core 83 'RAM' <Latency = 1> <II = 1> <Delay = 0.67> <Storage> <Opcode : 'load' 'store'> <Ports = 2> <Width = 12> <Depth = 16> <RAM>
ST_16 : Operation 173 [1/2] (0.67ns)   --->   "%tA_13_load = load i4 %tA_13_addr" [kyber-mult-kernel-dataflow.cpp:101]   --->   Operation 173 'load' 'tA_13_load' <Predicate = true> <Delay = 0.67> <CoreInst = "RAM">   --->   Core 83 'RAM' <Latency = 1> <II = 1> <Delay = 0.67> <Storage> <Opcode : 'load' 'store'> <Ports = 2> <Width = 12> <Depth = 16> <RAM>
ST_16 : Operation 174 [1/2] (0.67ns)   --->   "%tA_14_load = load i4 %tA_14_addr" [kyber-mult-kernel-dataflow.cpp:101]   --->   Operation 174 'load' 'tA_14_load' <Predicate = true> <Delay = 0.67> <CoreInst = "RAM">   --->   Core 83 'RAM' <Latency = 1> <II = 1> <Delay = 0.67> <Storage> <Opcode : 'load' 'store'> <Ports = 2> <Width = 12> <Depth = 16> <RAM>
ST_16 : Operation 175 [1/2] (0.67ns)   --->   "%tA_15_load = load i4 %tA_15_addr" [kyber-mult-kernel-dataflow.cpp:101]   --->   Operation 175 'load' 'tA_15_load' <Predicate = true> <Delay = 0.67> <CoreInst = "RAM">   --->   Core 83 'RAM' <Latency = 1> <II = 1> <Delay = 0.67> <Storage> <Opcode : 'load' 'store'> <Ports = 2> <Width = 12> <Depth = 16> <RAM>
ST_16 : Operation 176 [1/1] (0.48ns)   --->   "%tmp = sparsemux i12 @_ssdm_op_SparseMux.ap_auto.16i12.i12.i4, i4 0, i12 %tA_load, i4 1, i12 %tA_1_load, i4 2, i12 %tA_2_load, i4 3, i12 %tA_3_load, i4 4, i12 %tA_4_load, i4 5, i12 %tA_5_load, i4 6, i12 %tA_6_load, i4 7, i12 %tA_7_load, i4 8, i12 %tA_8_load, i4 9, i12 %tA_9_load, i4 10, i12 %tA_10_load, i4 11, i12 %tA_11_load, i4 12, i12 %tA_12_load, i4 13, i12 %tA_13_load, i4 14, i12 %tA_14_load, i4 15, i12 %tA_15_load, i12 0, i4 %trunc_ln99" [kyber-mult-kernel-dataflow.cpp:101]   --->   Operation 176 'sparsemux' 'tmp' <Predicate = true> <Delay = 0.48> <CoreInst = "SparseMux">   --->   Core 147 'SparseMux' <Latency = 0> <II = 1> <Delay = 0.48> <FuncUnit> <Opcode : 'sparsemux'> <InPorts = 2> <OutPorts = 1>
ST_16 : Operation 177 [1/1] (0.00ns)   --->   "%B_0_addr = getelementptr i12 %B_0, i64 0, i64 %zext_ln99" [kyber-mult-kernel-dataflow.cpp:101]   --->   Operation 177 'getelementptr' 'B_0_addr' <Predicate = true> <Delay = 0.00>
ST_16 : Operation 178 [1/1] (0.00ns)   --->   "%B_1_addr = getelementptr i12 %B_1, i64 0, i64 %zext_ln99" [kyber-mult-kernel-dataflow.cpp:101]   --->   Operation 178 'getelementptr' 'B_1_addr' <Predicate = true> <Delay = 0.00>
ST_16 : Operation 179 [1/1] (0.00ns)   --->   "%B_2_addr = getelementptr i12 %B_2, i64 0, i64 %zext_ln99" [kyber-mult-kernel-dataflow.cpp:101]   --->   Operation 179 'getelementptr' 'B_2_addr' <Predicate = true> <Delay = 0.00>
ST_16 : Operation 180 [1/1] (0.00ns)   --->   "%B_3_addr = getelementptr i12 %B_3, i64 0, i64 %zext_ln99" [kyber-mult-kernel-dataflow.cpp:101]   --->   Operation 180 'getelementptr' 'B_3_addr' <Predicate = true> <Delay = 0.00>
ST_16 : Operation 181 [1/1] (0.00ns)   --->   "%B_4_addr = getelementptr i12 %B_4, i64 0, i64 %zext_ln99" [kyber-mult-kernel-dataflow.cpp:101]   --->   Operation 181 'getelementptr' 'B_4_addr' <Predicate = true> <Delay = 0.00>
ST_16 : Operation 182 [1/1] (0.00ns)   --->   "%B_5_addr = getelementptr i12 %B_5, i64 0, i64 %zext_ln99" [kyber-mult-kernel-dataflow.cpp:101]   --->   Operation 182 'getelementptr' 'B_5_addr' <Predicate = true> <Delay = 0.00>
ST_16 : Operation 183 [1/1] (0.00ns)   --->   "%B_6_addr = getelementptr i12 %B_6, i64 0, i64 %zext_ln99" [kyber-mult-kernel-dataflow.cpp:101]   --->   Operation 183 'getelementptr' 'B_6_addr' <Predicate = true> <Delay = 0.00>
ST_16 : Operation 184 [1/1] (0.00ns)   --->   "%B_7_addr = getelementptr i12 %B_7, i64 0, i64 %zext_ln99" [kyber-mult-kernel-dataflow.cpp:101]   --->   Operation 184 'getelementptr' 'B_7_addr' <Predicate = true> <Delay = 0.00>
ST_16 : Operation 185 [1/1] (0.00ns)   --->   "%B_8_addr = getelementptr i12 %B_8, i64 0, i64 %zext_ln99" [kyber-mult-kernel-dataflow.cpp:101]   --->   Operation 185 'getelementptr' 'B_8_addr' <Predicate = true> <Delay = 0.00>
ST_16 : Operation 186 [1/1] (0.00ns)   --->   "%B_9_addr = getelementptr i12 %B_9, i64 0, i64 %zext_ln99" [kyber-mult-kernel-dataflow.cpp:101]   --->   Operation 186 'getelementptr' 'B_9_addr' <Predicate = true> <Delay = 0.00>
ST_16 : Operation 187 [1/1] (0.00ns)   --->   "%B_10_addr = getelementptr i12 %B_10, i64 0, i64 %zext_ln99" [kyber-mult-kernel-dataflow.cpp:101]   --->   Operation 187 'getelementptr' 'B_10_addr' <Predicate = true> <Delay = 0.00>
ST_16 : Operation 188 [1/1] (0.00ns)   --->   "%B_11_addr = getelementptr i12 %B_11, i64 0, i64 %zext_ln99" [kyber-mult-kernel-dataflow.cpp:101]   --->   Operation 188 'getelementptr' 'B_11_addr' <Predicate = true> <Delay = 0.00>
ST_16 : Operation 189 [1/1] (0.00ns)   --->   "%B_12_addr = getelementptr i12 %B_12, i64 0, i64 %zext_ln99" [kyber-mult-kernel-dataflow.cpp:101]   --->   Operation 189 'getelementptr' 'B_12_addr' <Predicate = true> <Delay = 0.00>
ST_16 : Operation 190 [1/1] (0.00ns)   --->   "%B_13_addr = getelementptr i12 %B_13, i64 0, i64 %zext_ln99" [kyber-mult-kernel-dataflow.cpp:101]   --->   Operation 190 'getelementptr' 'B_13_addr' <Predicate = true> <Delay = 0.00>
ST_16 : Operation 191 [1/1] (0.00ns)   --->   "%B_14_addr = getelementptr i12 %B_14, i64 0, i64 %zext_ln99" [kyber-mult-kernel-dataflow.cpp:101]   --->   Operation 191 'getelementptr' 'B_14_addr' <Predicate = true> <Delay = 0.00>
ST_16 : Operation 192 [1/1] (0.00ns)   --->   "%B_15_addr = getelementptr i12 %B_15, i64 0, i64 %zext_ln99" [kyber-mult-kernel-dataflow.cpp:101]   --->   Operation 192 'getelementptr' 'B_15_addr' <Predicate = true> <Delay = 0.00>
ST_16 : Operation 193 [1/2] (0.67ns)   --->   "%tB_load = load i4 %tB_addr" [kyber-mult-kernel-dataflow.cpp:101]   --->   Operation 193 'load' 'tB_load' <Predicate = true> <Delay = 0.67> <CoreInst = "RAM">   --->   Core 83 'RAM' <Latency = 1> <II = 1> <Delay = 0.67> <Storage> <Opcode : 'load' 'store'> <Ports = 2> <Width = 12> <Depth = 16> <RAM>
ST_16 : Operation 194 [1/2] (0.67ns)   --->   "%tB_1_load = load i4 %tB_1_addr" [kyber-mult-kernel-dataflow.cpp:101]   --->   Operation 194 'load' 'tB_1_load' <Predicate = true> <Delay = 0.67> <CoreInst = "RAM">   --->   Core 83 'RAM' <Latency = 1> <II = 1> <Delay = 0.67> <Storage> <Opcode : 'load' 'store'> <Ports = 2> <Width = 12> <Depth = 16> <RAM>
ST_16 : Operation 195 [1/2] (0.67ns)   --->   "%tB_2_load = load i4 %tB_2_addr" [kyber-mult-kernel-dataflow.cpp:101]   --->   Operation 195 'load' 'tB_2_load' <Predicate = true> <Delay = 0.67> <CoreInst = "RAM">   --->   Core 83 'RAM' <Latency = 1> <II = 1> <Delay = 0.67> <Storage> <Opcode : 'load' 'store'> <Ports = 2> <Width = 12> <Depth = 16> <RAM>
ST_16 : Operation 196 [1/2] (0.67ns)   --->   "%tB_3_load = load i4 %tB_3_addr" [kyber-mult-kernel-dataflow.cpp:101]   --->   Operation 196 'load' 'tB_3_load' <Predicate = true> <Delay = 0.67> <CoreInst = "RAM">   --->   Core 83 'RAM' <Latency = 1> <II = 1> <Delay = 0.67> <Storage> <Opcode : 'load' 'store'> <Ports = 2> <Width = 12> <Depth = 16> <RAM>
ST_16 : Operation 197 [1/2] (0.67ns)   --->   "%tB_4_load = load i4 %tB_4_addr" [kyber-mult-kernel-dataflow.cpp:101]   --->   Operation 197 'load' 'tB_4_load' <Predicate = true> <Delay = 0.67> <CoreInst = "RAM">   --->   Core 83 'RAM' <Latency = 1> <II = 1> <Delay = 0.67> <Storage> <Opcode : 'load' 'store'> <Ports = 2> <Width = 12> <Depth = 16> <RAM>
ST_16 : Operation 198 [1/2] (0.67ns)   --->   "%tB_5_load = load i4 %tB_5_addr" [kyber-mult-kernel-dataflow.cpp:101]   --->   Operation 198 'load' 'tB_5_load' <Predicate = true> <Delay = 0.67> <CoreInst = "RAM">   --->   Core 83 'RAM' <Latency = 1> <II = 1> <Delay = 0.67> <Storage> <Opcode : 'load' 'store'> <Ports = 2> <Width = 12> <Depth = 16> <RAM>
ST_16 : Operation 199 [1/2] (0.67ns)   --->   "%tB_6_load = load i4 %tB_6_addr" [kyber-mult-kernel-dataflow.cpp:101]   --->   Operation 199 'load' 'tB_6_load' <Predicate = true> <Delay = 0.67> <CoreInst = "RAM">   --->   Core 83 'RAM' <Latency = 1> <II = 1> <Delay = 0.67> <Storage> <Opcode : 'load' 'store'> <Ports = 2> <Width = 12> <Depth = 16> <RAM>
ST_16 : Operation 200 [1/2] (0.67ns)   --->   "%tB_7_load = load i4 %tB_7_addr" [kyber-mult-kernel-dataflow.cpp:101]   --->   Operation 200 'load' 'tB_7_load' <Predicate = true> <Delay = 0.67> <CoreInst = "RAM">   --->   Core 83 'RAM' <Latency = 1> <II = 1> <Delay = 0.67> <Storage> <Opcode : 'load' 'store'> <Ports = 2> <Width = 12> <Depth = 16> <RAM>
ST_16 : Operation 201 [1/2] (0.67ns)   --->   "%tB_8_load = load i4 %tB_8_addr" [kyber-mult-kernel-dataflow.cpp:101]   --->   Operation 201 'load' 'tB_8_load' <Predicate = true> <Delay = 0.67> <CoreInst = "RAM">   --->   Core 83 'RAM' <Latency = 1> <II = 1> <Delay = 0.67> <Storage> <Opcode : 'load' 'store'> <Ports = 2> <Width = 12> <Depth = 16> <RAM>
ST_16 : Operation 202 [1/2] (0.67ns)   --->   "%tB_9_load = load i4 %tB_9_addr" [kyber-mult-kernel-dataflow.cpp:101]   --->   Operation 202 'load' 'tB_9_load' <Predicate = true> <Delay = 0.67> <CoreInst = "RAM">   --->   Core 83 'RAM' <Latency = 1> <II = 1> <Delay = 0.67> <Storage> <Opcode : 'load' 'store'> <Ports = 2> <Width = 12> <Depth = 16> <RAM>
ST_16 : Operation 203 [1/2] (0.67ns)   --->   "%tB_10_load = load i4 %tB_10_addr" [kyber-mult-kernel-dataflow.cpp:101]   --->   Operation 203 'load' 'tB_10_load' <Predicate = true> <Delay = 0.67> <CoreInst = "RAM">   --->   Core 83 'RAM' <Latency = 1> <II = 1> <Delay = 0.67> <Storage> <Opcode : 'load' 'store'> <Ports = 2> <Width = 12> <Depth = 16> <RAM>
ST_16 : Operation 204 [1/2] (0.67ns)   --->   "%tB_11_load = load i4 %tB_11_addr" [kyber-mult-kernel-dataflow.cpp:101]   --->   Operation 204 'load' 'tB_11_load' <Predicate = true> <Delay = 0.67> <CoreInst = "RAM">   --->   Core 83 'RAM' <Latency = 1> <II = 1> <Delay = 0.67> <Storage> <Opcode : 'load' 'store'> <Ports = 2> <Width = 12> <Depth = 16> <RAM>
ST_16 : Operation 205 [1/2] (0.67ns)   --->   "%tB_12_load = load i4 %tB_12_addr" [kyber-mult-kernel-dataflow.cpp:101]   --->   Operation 205 'load' 'tB_12_load' <Predicate = true> <Delay = 0.67> <CoreInst = "RAM">   --->   Core 83 'RAM' <Latency = 1> <II = 1> <Delay = 0.67> <Storage> <Opcode : 'load' 'store'> <Ports = 2> <Width = 12> <Depth = 16> <RAM>
ST_16 : Operation 206 [1/2] (0.67ns)   --->   "%tB_13_load = load i4 %tB_13_addr" [kyber-mult-kernel-dataflow.cpp:101]   --->   Operation 206 'load' 'tB_13_load' <Predicate = true> <Delay = 0.67> <CoreInst = "RAM">   --->   Core 83 'RAM' <Latency = 1> <II = 1> <Delay = 0.67> <Storage> <Opcode : 'load' 'store'> <Ports = 2> <Width = 12> <Depth = 16> <RAM>
ST_16 : Operation 207 [1/2] (0.67ns)   --->   "%tB_14_load = load i4 %tB_14_addr" [kyber-mult-kernel-dataflow.cpp:101]   --->   Operation 207 'load' 'tB_14_load' <Predicate = true> <Delay = 0.67> <CoreInst = "RAM">   --->   Core 83 'RAM' <Latency = 1> <II = 1> <Delay = 0.67> <Storage> <Opcode : 'load' 'store'> <Ports = 2> <Width = 12> <Depth = 16> <RAM>
ST_16 : Operation 208 [1/2] (0.67ns)   --->   "%tB_15_load = load i4 %tB_15_addr" [kyber-mult-kernel-dataflow.cpp:101]   --->   Operation 208 'load' 'tB_15_load' <Predicate = true> <Delay = 0.67> <CoreInst = "RAM">   --->   Core 83 'RAM' <Latency = 1> <II = 1> <Delay = 0.67> <Storage> <Opcode : 'load' 'store'> <Ports = 2> <Width = 12> <Depth = 16> <RAM>
ST_16 : Operation 209 [1/1] (0.48ns)   --->   "%tmp_s = sparsemux i12 @_ssdm_op_SparseMux.ap_auto.16i12.i12.i4, i4 0, i12 %tB_load, i4 1, i12 %tB_1_load, i4 2, i12 %tB_2_load, i4 3, i12 %tB_3_load, i4 4, i12 %tB_4_load, i4 5, i12 %tB_5_load, i4 6, i12 %tB_6_load, i4 7, i12 %tB_7_load, i4 8, i12 %tB_8_load, i4 9, i12 %tB_9_load, i4 10, i12 %tB_10_load, i4 11, i12 %tB_11_load, i4 12, i12 %tB_12_load, i4 13, i12 %tB_13_load, i4 14, i12 %tB_14_load, i4 15, i12 %tB_15_load, i12 0, i4 %trunc_ln99" [kyber-mult-kernel-dataflow.cpp:101]   --->   Operation 209 'sparsemux' 'tmp_s' <Predicate = true> <Delay = 0.48> <CoreInst = "SparseMux">   --->   Core 147 'SparseMux' <Latency = 0> <II = 1> <Delay = 0.48> <FuncUnit> <Opcode : 'sparsemux'> <InPorts = 2> <OutPorts = 1>
ST_16 : Operation 210 [1/1] (0.67ns)   --->   "%store_ln101 = store i12 %tmp, i4 %A_14_addr" [kyber-mult-kernel-dataflow.cpp:101]   --->   Operation 210 'store' 'store_ln101' <Predicate = (trunc_ln99 == 14)> <Delay = 0.67> <CoreInst = "RAM">   --->   Core 83 'RAM' <Latency = 1> <II = 1> <Delay = 0.67> <Storage> <Opcode : 'load' 'store'> <Ports = 2> <Width = 12> <Depth = 16> <RAM>
ST_16 : Operation 211 [1/1] (0.67ns)   --->   "%store_ln101 = store i12 %tmp_s, i4 %B_14_addr" [kyber-mult-kernel-dataflow.cpp:101]   --->   Operation 211 'store' 'store_ln101' <Predicate = (trunc_ln99 == 14)> <Delay = 0.67> <CoreInst = "RAM">   --->   Core 83 'RAM' <Latency = 1> <II = 1> <Delay = 0.67> <Storage> <Opcode : 'load' 'store'> <Ports = 2> <Width = 12> <Depth = 16> <RAM>
ST_16 : Operation 212 [1/1] (0.00ns)   --->   "%br_ln101 = br void %arrayidx192.exit" [kyber-mult-kernel-dataflow.cpp:101]   --->   Operation 212 'br' 'br_ln101' <Predicate = (trunc_ln99 == 14)> <Delay = 0.00>
ST_16 : Operation 213 [1/1] (0.67ns)   --->   "%store_ln101 = store i12 %tmp, i4 %A_13_addr" [kyber-mult-kernel-dataflow.cpp:101]   --->   Operation 213 'store' 'store_ln101' <Predicate = (trunc_ln99 == 13)> <Delay = 0.67> <CoreInst = "RAM">   --->   Core 83 'RAM' <Latency = 1> <II = 1> <Delay = 0.67> <Storage> <Opcode : 'load' 'store'> <Ports = 2> <Width = 12> <Depth = 16> <RAM>
ST_16 : Operation 214 [1/1] (0.67ns)   --->   "%store_ln101 = store i12 %tmp_s, i4 %B_13_addr" [kyber-mult-kernel-dataflow.cpp:101]   --->   Operation 214 'store' 'store_ln101' <Predicate = (trunc_ln99 == 13)> <Delay = 0.67> <CoreInst = "RAM">   --->   Core 83 'RAM' <Latency = 1> <II = 1> <Delay = 0.67> <Storage> <Opcode : 'load' 'store'> <Ports = 2> <Width = 12> <Depth = 16> <RAM>
ST_16 : Operation 215 [1/1] (0.00ns)   --->   "%br_ln101 = br void %arrayidx192.exit" [kyber-mult-kernel-dataflow.cpp:101]   --->   Operation 215 'br' 'br_ln101' <Predicate = (trunc_ln99 == 13)> <Delay = 0.00>
ST_16 : Operation 216 [1/1] (0.67ns)   --->   "%store_ln101 = store i12 %tmp, i4 %A_12_addr" [kyber-mult-kernel-dataflow.cpp:101]   --->   Operation 216 'store' 'store_ln101' <Predicate = (trunc_ln99 == 12)> <Delay = 0.67> <CoreInst = "RAM">   --->   Core 83 'RAM' <Latency = 1> <II = 1> <Delay = 0.67> <Storage> <Opcode : 'load' 'store'> <Ports = 2> <Width = 12> <Depth = 16> <RAM>
ST_16 : Operation 217 [1/1] (0.67ns)   --->   "%store_ln101 = store i12 %tmp_s, i4 %B_12_addr" [kyber-mult-kernel-dataflow.cpp:101]   --->   Operation 217 'store' 'store_ln101' <Predicate = (trunc_ln99 == 12)> <Delay = 0.67> <CoreInst = "RAM">   --->   Core 83 'RAM' <Latency = 1> <II = 1> <Delay = 0.67> <Storage> <Opcode : 'load' 'store'> <Ports = 2> <Width = 12> <Depth = 16> <RAM>
ST_16 : Operation 218 [1/1] (0.00ns)   --->   "%br_ln101 = br void %arrayidx192.exit" [kyber-mult-kernel-dataflow.cpp:101]   --->   Operation 218 'br' 'br_ln101' <Predicate = (trunc_ln99 == 12)> <Delay = 0.00>
ST_16 : Operation 219 [1/1] (0.67ns)   --->   "%store_ln101 = store i12 %tmp, i4 %A_11_addr" [kyber-mult-kernel-dataflow.cpp:101]   --->   Operation 219 'store' 'store_ln101' <Predicate = (trunc_ln99 == 11)> <Delay = 0.67> <CoreInst = "RAM">   --->   Core 83 'RAM' <Latency = 1> <II = 1> <Delay = 0.67> <Storage> <Opcode : 'load' 'store'> <Ports = 2> <Width = 12> <Depth = 16> <RAM>
ST_16 : Operation 220 [1/1] (0.67ns)   --->   "%store_ln101 = store i12 %tmp_s, i4 %B_11_addr" [kyber-mult-kernel-dataflow.cpp:101]   --->   Operation 220 'store' 'store_ln101' <Predicate = (trunc_ln99 == 11)> <Delay = 0.67> <CoreInst = "RAM">   --->   Core 83 'RAM' <Latency = 1> <II = 1> <Delay = 0.67> <Storage> <Opcode : 'load' 'store'> <Ports = 2> <Width = 12> <Depth = 16> <RAM>
ST_16 : Operation 221 [1/1] (0.00ns)   --->   "%br_ln101 = br void %arrayidx192.exit" [kyber-mult-kernel-dataflow.cpp:101]   --->   Operation 221 'br' 'br_ln101' <Predicate = (trunc_ln99 == 11)> <Delay = 0.00>
ST_16 : Operation 222 [1/1] (0.67ns)   --->   "%store_ln101 = store i12 %tmp, i4 %A_10_addr" [kyber-mult-kernel-dataflow.cpp:101]   --->   Operation 222 'store' 'store_ln101' <Predicate = (trunc_ln99 == 10)> <Delay = 0.67> <CoreInst = "RAM">   --->   Core 83 'RAM' <Latency = 1> <II = 1> <Delay = 0.67> <Storage> <Opcode : 'load' 'store'> <Ports = 2> <Width = 12> <Depth = 16> <RAM>
ST_16 : Operation 223 [1/1] (0.67ns)   --->   "%store_ln101 = store i12 %tmp_s, i4 %B_10_addr" [kyber-mult-kernel-dataflow.cpp:101]   --->   Operation 223 'store' 'store_ln101' <Predicate = (trunc_ln99 == 10)> <Delay = 0.67> <CoreInst = "RAM">   --->   Core 83 'RAM' <Latency = 1> <II = 1> <Delay = 0.67> <Storage> <Opcode : 'load' 'store'> <Ports = 2> <Width = 12> <Depth = 16> <RAM>
ST_16 : Operation 224 [1/1] (0.00ns)   --->   "%br_ln101 = br void %arrayidx192.exit" [kyber-mult-kernel-dataflow.cpp:101]   --->   Operation 224 'br' 'br_ln101' <Predicate = (trunc_ln99 == 10)> <Delay = 0.00>
ST_16 : Operation 225 [1/1] (0.67ns)   --->   "%store_ln101 = store i12 %tmp, i4 %A_9_addr" [kyber-mult-kernel-dataflow.cpp:101]   --->   Operation 225 'store' 'store_ln101' <Predicate = (trunc_ln99 == 9)> <Delay = 0.67> <CoreInst = "RAM">   --->   Core 83 'RAM' <Latency = 1> <II = 1> <Delay = 0.67> <Storage> <Opcode : 'load' 'store'> <Ports = 2> <Width = 12> <Depth = 16> <RAM>
ST_16 : Operation 226 [1/1] (0.67ns)   --->   "%store_ln101 = store i12 %tmp_s, i4 %B_9_addr" [kyber-mult-kernel-dataflow.cpp:101]   --->   Operation 226 'store' 'store_ln101' <Predicate = (trunc_ln99 == 9)> <Delay = 0.67> <CoreInst = "RAM">   --->   Core 83 'RAM' <Latency = 1> <II = 1> <Delay = 0.67> <Storage> <Opcode : 'load' 'store'> <Ports = 2> <Width = 12> <Depth = 16> <RAM>
ST_16 : Operation 227 [1/1] (0.00ns)   --->   "%br_ln101 = br void %arrayidx192.exit" [kyber-mult-kernel-dataflow.cpp:101]   --->   Operation 227 'br' 'br_ln101' <Predicate = (trunc_ln99 == 9)> <Delay = 0.00>
ST_16 : Operation 228 [1/1] (0.67ns)   --->   "%store_ln101 = store i12 %tmp, i4 %A_8_addr" [kyber-mult-kernel-dataflow.cpp:101]   --->   Operation 228 'store' 'store_ln101' <Predicate = (trunc_ln99 == 8)> <Delay = 0.67> <CoreInst = "RAM">   --->   Core 83 'RAM' <Latency = 1> <II = 1> <Delay = 0.67> <Storage> <Opcode : 'load' 'store'> <Ports = 2> <Width = 12> <Depth = 16> <RAM>
ST_16 : Operation 229 [1/1] (0.67ns)   --->   "%store_ln101 = store i12 %tmp_s, i4 %B_8_addr" [kyber-mult-kernel-dataflow.cpp:101]   --->   Operation 229 'store' 'store_ln101' <Predicate = (trunc_ln99 == 8)> <Delay = 0.67> <CoreInst = "RAM">   --->   Core 83 'RAM' <Latency = 1> <II = 1> <Delay = 0.67> <Storage> <Opcode : 'load' 'store'> <Ports = 2> <Width = 12> <Depth = 16> <RAM>
ST_16 : Operation 230 [1/1] (0.00ns)   --->   "%br_ln101 = br void %arrayidx192.exit" [kyber-mult-kernel-dataflow.cpp:101]   --->   Operation 230 'br' 'br_ln101' <Predicate = (trunc_ln99 == 8)> <Delay = 0.00>
ST_16 : Operation 231 [1/1] (0.67ns)   --->   "%store_ln101 = store i12 %tmp, i4 %A_7_addr" [kyber-mult-kernel-dataflow.cpp:101]   --->   Operation 231 'store' 'store_ln101' <Predicate = (trunc_ln99 == 7)> <Delay = 0.67> <CoreInst = "RAM">   --->   Core 83 'RAM' <Latency = 1> <II = 1> <Delay = 0.67> <Storage> <Opcode : 'load' 'store'> <Ports = 2> <Width = 12> <Depth = 16> <RAM>
ST_16 : Operation 232 [1/1] (0.67ns)   --->   "%store_ln101 = store i12 %tmp_s, i4 %B_7_addr" [kyber-mult-kernel-dataflow.cpp:101]   --->   Operation 232 'store' 'store_ln101' <Predicate = (trunc_ln99 == 7)> <Delay = 0.67> <CoreInst = "RAM">   --->   Core 83 'RAM' <Latency = 1> <II = 1> <Delay = 0.67> <Storage> <Opcode : 'load' 'store'> <Ports = 2> <Width = 12> <Depth = 16> <RAM>
ST_16 : Operation 233 [1/1] (0.00ns)   --->   "%br_ln101 = br void %arrayidx192.exit" [kyber-mult-kernel-dataflow.cpp:101]   --->   Operation 233 'br' 'br_ln101' <Predicate = (trunc_ln99 == 7)> <Delay = 0.00>
ST_16 : Operation 234 [1/1] (0.67ns)   --->   "%store_ln101 = store i12 %tmp, i4 %A_6_addr" [kyber-mult-kernel-dataflow.cpp:101]   --->   Operation 234 'store' 'store_ln101' <Predicate = (trunc_ln99 == 6)> <Delay = 0.67> <CoreInst = "RAM">   --->   Core 83 'RAM' <Latency = 1> <II = 1> <Delay = 0.67> <Storage> <Opcode : 'load' 'store'> <Ports = 2> <Width = 12> <Depth = 16> <RAM>
ST_16 : Operation 235 [1/1] (0.67ns)   --->   "%store_ln101 = store i12 %tmp_s, i4 %B_6_addr" [kyber-mult-kernel-dataflow.cpp:101]   --->   Operation 235 'store' 'store_ln101' <Predicate = (trunc_ln99 == 6)> <Delay = 0.67> <CoreInst = "RAM">   --->   Core 83 'RAM' <Latency = 1> <II = 1> <Delay = 0.67> <Storage> <Opcode : 'load' 'store'> <Ports = 2> <Width = 12> <Depth = 16> <RAM>
ST_16 : Operation 236 [1/1] (0.00ns)   --->   "%br_ln101 = br void %arrayidx192.exit" [kyber-mult-kernel-dataflow.cpp:101]   --->   Operation 236 'br' 'br_ln101' <Predicate = (trunc_ln99 == 6)> <Delay = 0.00>
ST_16 : Operation 237 [1/1] (0.67ns)   --->   "%store_ln101 = store i12 %tmp, i4 %A_5_addr" [kyber-mult-kernel-dataflow.cpp:101]   --->   Operation 237 'store' 'store_ln101' <Predicate = (trunc_ln99 == 5)> <Delay = 0.67> <CoreInst = "RAM">   --->   Core 83 'RAM' <Latency = 1> <II = 1> <Delay = 0.67> <Storage> <Opcode : 'load' 'store'> <Ports = 2> <Width = 12> <Depth = 16> <RAM>
ST_16 : Operation 238 [1/1] (0.67ns)   --->   "%store_ln101 = store i12 %tmp_s, i4 %B_5_addr" [kyber-mult-kernel-dataflow.cpp:101]   --->   Operation 238 'store' 'store_ln101' <Predicate = (trunc_ln99 == 5)> <Delay = 0.67> <CoreInst = "RAM">   --->   Core 83 'RAM' <Latency = 1> <II = 1> <Delay = 0.67> <Storage> <Opcode : 'load' 'store'> <Ports = 2> <Width = 12> <Depth = 16> <RAM>
ST_16 : Operation 239 [1/1] (0.00ns)   --->   "%br_ln101 = br void %arrayidx192.exit" [kyber-mult-kernel-dataflow.cpp:101]   --->   Operation 239 'br' 'br_ln101' <Predicate = (trunc_ln99 == 5)> <Delay = 0.00>
ST_16 : Operation 240 [1/1] (0.67ns)   --->   "%store_ln101 = store i12 %tmp, i4 %A_4_addr" [kyber-mult-kernel-dataflow.cpp:101]   --->   Operation 240 'store' 'store_ln101' <Predicate = (trunc_ln99 == 4)> <Delay = 0.67> <CoreInst = "RAM">   --->   Core 83 'RAM' <Latency = 1> <II = 1> <Delay = 0.67> <Storage> <Opcode : 'load' 'store'> <Ports = 2> <Width = 12> <Depth = 16> <RAM>
ST_16 : Operation 241 [1/1] (0.67ns)   --->   "%store_ln101 = store i12 %tmp_s, i4 %B_4_addr" [kyber-mult-kernel-dataflow.cpp:101]   --->   Operation 241 'store' 'store_ln101' <Predicate = (trunc_ln99 == 4)> <Delay = 0.67> <CoreInst = "RAM">   --->   Core 83 'RAM' <Latency = 1> <II = 1> <Delay = 0.67> <Storage> <Opcode : 'load' 'store'> <Ports = 2> <Width = 12> <Depth = 16> <RAM>
ST_16 : Operation 242 [1/1] (0.00ns)   --->   "%br_ln101 = br void %arrayidx192.exit" [kyber-mult-kernel-dataflow.cpp:101]   --->   Operation 242 'br' 'br_ln101' <Predicate = (trunc_ln99 == 4)> <Delay = 0.00>
ST_16 : Operation 243 [1/1] (0.67ns)   --->   "%store_ln101 = store i12 %tmp, i4 %A_3_addr" [kyber-mult-kernel-dataflow.cpp:101]   --->   Operation 243 'store' 'store_ln101' <Predicate = (trunc_ln99 == 3)> <Delay = 0.67> <CoreInst = "RAM">   --->   Core 83 'RAM' <Latency = 1> <II = 1> <Delay = 0.67> <Storage> <Opcode : 'load' 'store'> <Ports = 2> <Width = 12> <Depth = 16> <RAM>
ST_16 : Operation 244 [1/1] (0.67ns)   --->   "%store_ln101 = store i12 %tmp_s, i4 %B_3_addr" [kyber-mult-kernel-dataflow.cpp:101]   --->   Operation 244 'store' 'store_ln101' <Predicate = (trunc_ln99 == 3)> <Delay = 0.67> <CoreInst = "RAM">   --->   Core 83 'RAM' <Latency = 1> <II = 1> <Delay = 0.67> <Storage> <Opcode : 'load' 'store'> <Ports = 2> <Width = 12> <Depth = 16> <RAM>
ST_16 : Operation 245 [1/1] (0.00ns)   --->   "%br_ln101 = br void %arrayidx192.exit" [kyber-mult-kernel-dataflow.cpp:101]   --->   Operation 245 'br' 'br_ln101' <Predicate = (trunc_ln99 == 3)> <Delay = 0.00>
ST_16 : Operation 246 [1/1] (0.67ns)   --->   "%store_ln101 = store i12 %tmp, i4 %A_2_addr" [kyber-mult-kernel-dataflow.cpp:101]   --->   Operation 246 'store' 'store_ln101' <Predicate = (trunc_ln99 == 2)> <Delay = 0.67> <CoreInst = "RAM">   --->   Core 83 'RAM' <Latency = 1> <II = 1> <Delay = 0.67> <Storage> <Opcode : 'load' 'store'> <Ports = 2> <Width = 12> <Depth = 16> <RAM>
ST_16 : Operation 247 [1/1] (0.67ns)   --->   "%store_ln101 = store i12 %tmp_s, i4 %B_2_addr" [kyber-mult-kernel-dataflow.cpp:101]   --->   Operation 247 'store' 'store_ln101' <Predicate = (trunc_ln99 == 2)> <Delay = 0.67> <CoreInst = "RAM">   --->   Core 83 'RAM' <Latency = 1> <II = 1> <Delay = 0.67> <Storage> <Opcode : 'load' 'store'> <Ports = 2> <Width = 12> <Depth = 16> <RAM>
ST_16 : Operation 248 [1/1] (0.00ns)   --->   "%br_ln101 = br void %arrayidx192.exit" [kyber-mult-kernel-dataflow.cpp:101]   --->   Operation 248 'br' 'br_ln101' <Predicate = (trunc_ln99 == 2)> <Delay = 0.00>
ST_16 : Operation 249 [1/1] (0.67ns)   --->   "%store_ln101 = store i12 %tmp, i4 %A_1_addr" [kyber-mult-kernel-dataflow.cpp:101]   --->   Operation 249 'store' 'store_ln101' <Predicate = (trunc_ln99 == 1)> <Delay = 0.67> <CoreInst = "RAM">   --->   Core 83 'RAM' <Latency = 1> <II = 1> <Delay = 0.67> <Storage> <Opcode : 'load' 'store'> <Ports = 2> <Width = 12> <Depth = 16> <RAM>
ST_16 : Operation 250 [1/1] (0.67ns)   --->   "%store_ln101 = store i12 %tmp_s, i4 %B_1_addr" [kyber-mult-kernel-dataflow.cpp:101]   --->   Operation 250 'store' 'store_ln101' <Predicate = (trunc_ln99 == 1)> <Delay = 0.67> <CoreInst = "RAM">   --->   Core 83 'RAM' <Latency = 1> <II = 1> <Delay = 0.67> <Storage> <Opcode : 'load' 'store'> <Ports = 2> <Width = 12> <Depth = 16> <RAM>
ST_16 : Operation 251 [1/1] (0.00ns)   --->   "%br_ln101 = br void %arrayidx192.exit" [kyber-mult-kernel-dataflow.cpp:101]   --->   Operation 251 'br' 'br_ln101' <Predicate = (trunc_ln99 == 1)> <Delay = 0.00>
ST_16 : Operation 252 [1/1] (0.67ns)   --->   "%store_ln101 = store i12 %tmp, i4 %A_0_addr" [kyber-mult-kernel-dataflow.cpp:101]   --->   Operation 252 'store' 'store_ln101' <Predicate = (trunc_ln99 == 0)> <Delay = 0.67> <CoreInst = "RAM">   --->   Core 83 'RAM' <Latency = 1> <II = 1> <Delay = 0.67> <Storage> <Opcode : 'load' 'store'> <Ports = 2> <Width = 12> <Depth = 16> <RAM>
ST_16 : Operation 253 [1/1] (0.67ns)   --->   "%store_ln101 = store i12 %tmp_s, i4 %B_0_addr" [kyber-mult-kernel-dataflow.cpp:101]   --->   Operation 253 'store' 'store_ln101' <Predicate = (trunc_ln99 == 0)> <Delay = 0.67> <CoreInst = "RAM">   --->   Core 83 'RAM' <Latency = 1> <II = 1> <Delay = 0.67> <Storage> <Opcode : 'load' 'store'> <Ports = 2> <Width = 12> <Depth = 16> <RAM>
ST_16 : Operation 254 [1/1] (0.00ns)   --->   "%br_ln101 = br void %arrayidx192.exit" [kyber-mult-kernel-dataflow.cpp:101]   --->   Operation 254 'br' 'br_ln101' <Predicate = (trunc_ln99 == 0)> <Delay = 0.00>
ST_16 : Operation 255 [1/1] (0.67ns)   --->   "%store_ln101 = store i12 %tmp, i4 %A_15_addr" [kyber-mult-kernel-dataflow.cpp:101]   --->   Operation 255 'store' 'store_ln101' <Predicate = (trunc_ln99 == 15)> <Delay = 0.67> <CoreInst = "RAM">   --->   Core 83 'RAM' <Latency = 1> <II = 1> <Delay = 0.67> <Storage> <Opcode : 'load' 'store'> <Ports = 2> <Width = 12> <Depth = 16> <RAM>
ST_16 : Operation 256 [1/1] (0.67ns)   --->   "%store_ln101 = store i12 %tmp_s, i4 %B_15_addr" [kyber-mult-kernel-dataflow.cpp:101]   --->   Operation 256 'store' 'store_ln101' <Predicate = (trunc_ln99 == 15)> <Delay = 0.67> <CoreInst = "RAM">   --->   Core 83 'RAM' <Latency = 1> <II = 1> <Delay = 0.67> <Storage> <Opcode : 'load' 'store'> <Ports = 2> <Width = 12> <Depth = 16> <RAM>
ST_16 : Operation 257 [1/1] (0.00ns)   --->   "%br_ln101 = br void %arrayidx192.exit" [kyber-mult-kernel-dataflow.cpp:101]   --->   Operation 257 'br' 'br_ln101' <Predicate = (trunc_ln99 == 15)> <Delay = 0.00>

State 17 <SV = 15> <Delay = 0.00>
ST_17 : Operation 258 [1/1] (0.00ns)   --->   "%ret_ln103 = ret" [kyber-mult-kernel-dataflow.cpp:103]   --->   Operation 258 'ret' 'ret_ln103' <Predicate = true> <Delay = 0.00>


============================================================
+ Verbose Summary: Binding
============================================================
STG Binding: 
---------------- STG Properties BEGIN ----------------
- Is combinational: 0
- Is one-state seq: 0
- Is datapath-only: 0
- Is pipelined: 0
- Is top level: 0
Port [ Return ] is wired: 1; IO mode=ap_ctrl_hs:ce=0
Port [ A_0]:  wired=1; compound=1; hidden=0; nouse=0; global=0; static=0; extern=0; dir=2; type=1; pingpong=0; private_global=0; MemPort=[22]; IO mode=ap_memory:ce=0
Port [ A_1]:  wired=1; compound=1; hidden=0; nouse=0; global=0; static=0; extern=0; dir=2; type=1; pingpong=0; private_global=0; MemPort=[22]; IO mode=ap_memory:ce=0
Port [ A_2]:  wired=1; compound=1; hidden=0; nouse=0; global=0; static=0; extern=0; dir=2; type=1; pingpong=0; private_global=0; MemPort=[22]; IO mode=ap_memory:ce=0
Port [ A_3]:  wired=1; compound=1; hidden=0; nouse=0; global=0; static=0; extern=0; dir=2; type=1; pingpong=0; private_global=0; MemPort=[22]; IO mode=ap_memory:ce=0
Port [ A_4]:  wired=1; compound=1; hidden=0; nouse=0; global=0; static=0; extern=0; dir=2; type=1; pingpong=0; private_global=0; MemPort=[22]; IO mode=ap_memory:ce=0
Port [ A_5]:  wired=1; compound=1; hidden=0; nouse=0; global=0; static=0; extern=0; dir=2; type=1; pingpong=0; private_global=0; MemPort=[22]; IO mode=ap_memory:ce=0
Port [ A_6]:  wired=1; compound=1; hidden=0; nouse=0; global=0; static=0; extern=0; dir=2; type=1; pingpong=0; private_global=0; MemPort=[22]; IO mode=ap_memory:ce=0
Port [ A_7]:  wired=1; compound=1; hidden=0; nouse=0; global=0; static=0; extern=0; dir=2; type=1; pingpong=0; private_global=0; MemPort=[22]; IO mode=ap_memory:ce=0
Port [ A_8]:  wired=1; compound=1; hidden=0; nouse=0; global=0; static=0; extern=0; dir=2; type=1; pingpong=0; private_global=0; MemPort=[22]; IO mode=ap_memory:ce=0
Port [ A_9]:  wired=1; compound=1; hidden=0; nouse=0; global=0; static=0; extern=0; dir=2; type=1; pingpong=0; private_global=0; MemPort=[22]; IO mode=ap_memory:ce=0
Port [ A_10]:  wired=1; compound=1; hidden=0; nouse=0; global=0; static=0; extern=0; dir=2; type=1; pingpong=0; private_global=0; MemPort=[22]; IO mode=ap_memory:ce=0
Port [ A_11]:  wired=1; compound=1; hidden=0; nouse=0; global=0; static=0; extern=0; dir=2; type=1; pingpong=0; private_global=0; MemPort=[22]; IO mode=ap_memory:ce=0
Port [ A_12]:  wired=1; compound=1; hidden=0; nouse=0; global=0; static=0; extern=0; dir=2; type=1; pingpong=0; private_global=0; MemPort=[22]; IO mode=ap_memory:ce=0
Port [ A_13]:  wired=1; compound=1; hidden=0; nouse=0; global=0; static=0; extern=0; dir=2; type=1; pingpong=0; private_global=0; MemPort=[22]; IO mode=ap_memory:ce=0
Port [ A_14]:  wired=1; compound=1; hidden=0; nouse=0; global=0; static=0; extern=0; dir=2; type=1; pingpong=0; private_global=0; MemPort=[22]; IO mode=ap_memory:ce=0
Port [ A_15]:  wired=1; compound=1; hidden=0; nouse=0; global=0; static=0; extern=0; dir=2; type=1; pingpong=0; private_global=0; MemPort=[22]; IO mode=ap_memory:ce=0
Port [ B_0]:  wired=1; compound=1; hidden=0; nouse=0; global=0; static=0; extern=0; dir=2; type=1; pingpong=0; private_global=0; MemPort=[22]; IO mode=ap_memory:ce=0
Port [ B_1]:  wired=1; compound=1; hidden=0; nouse=0; global=0; static=0; extern=0; dir=2; type=1; pingpong=0; private_global=0; MemPort=[22]; IO mode=ap_memory:ce=0
Port [ B_2]:  wired=1; compound=1; hidden=0; nouse=0; global=0; static=0; extern=0; dir=2; type=1; pingpong=0; private_global=0; MemPort=[22]; IO mode=ap_memory:ce=0
Port [ B_3]:  wired=1; compound=1; hidden=0; nouse=0; global=0; static=0; extern=0; dir=2; type=1; pingpong=0; private_global=0; MemPort=[22]; IO mode=ap_memory:ce=0
Port [ B_4]:  wired=1; compound=1; hidden=0; nouse=0; global=0; static=0; extern=0; dir=2; type=1; pingpong=0; private_global=0; MemPort=[22]; IO mode=ap_memory:ce=0
Port [ B_5]:  wired=1; compound=1; hidden=0; nouse=0; global=0; static=0; extern=0; dir=2; type=1; pingpong=0; private_global=0; MemPort=[22]; IO mode=ap_memory:ce=0
Port [ B_6]:  wired=1; compound=1; hidden=0; nouse=0; global=0; static=0; extern=0; dir=2; type=1; pingpong=0; private_global=0; MemPort=[22]; IO mode=ap_memory:ce=0
Port [ B_7]:  wired=1; compound=1; hidden=0; nouse=0; global=0; static=0; extern=0; dir=2; type=1; pingpong=0; private_global=0; MemPort=[22]; IO mode=ap_memory:ce=0
Port [ B_8]:  wired=1; compound=1; hidden=0; nouse=0; global=0; static=0; extern=0; dir=2; type=1; pingpong=0; private_global=0; MemPort=[22]; IO mode=ap_memory:ce=0
Port [ B_9]:  wired=1; compound=1; hidden=0; nouse=0; global=0; static=0; extern=0; dir=2; type=1; pingpong=0; private_global=0; MemPort=[22]; IO mode=ap_memory:ce=0
Port [ B_10]:  wired=1; compound=1; hidden=0; nouse=0; global=0; static=0; extern=0; dir=2; type=1; pingpong=0; private_global=0; MemPort=[22]; IO mode=ap_memory:ce=0
Port [ B_11]:  wired=1; compound=1; hidden=0; nouse=0; global=0; static=0; extern=0; dir=2; type=1; pingpong=0; private_global=0; MemPort=[22]; IO mode=ap_memory:ce=0
Port [ B_12]:  wired=1; compound=1; hidden=0; nouse=0; global=0; static=0; extern=0; dir=2; type=1; pingpong=0; private_global=0; MemPort=[22]; IO mode=ap_memory:ce=0
Port [ B_13]:  wired=1; compound=1; hidden=0; nouse=0; global=0; static=0; extern=0; dir=2; type=1; pingpong=0; private_global=0; MemPort=[22]; IO mode=ap_memory:ce=0
Port [ B_14]:  wired=1; compound=1; hidden=0; nouse=0; global=0; static=0; extern=0; dir=2; type=1; pingpong=0; private_global=0; MemPort=[22]; IO mode=ap_memory:ce=0
Port [ B_15]:  wired=1; compound=1; hidden=0; nouse=0; global=0; static=0; extern=0; dir=2; type=1; pingpong=0; private_global=0; MemPort=[22]; IO mode=ap_memory:ce=0
Port [ p_ZL5FWD_W_0_0]:  wired=0; compound=1; hidden=1; nouse=1; global=1; static=1; extern=0; dir=0; type=1; pingpong=0; private_global=0; MemPort=[11]; IO mode=ap_memory:ce=0
Port [ p_ZL6FWD_MW_0_0]:  wired=0; compound=1; hidden=1; nouse=1; global=1; static=1; extern=0; dir=0; type=1; pingpong=0; private_global=0; MemPort=[11]; IO mode=ap_memory:ce=0
Port [ p_ZL5FWD_W_1_0]:  wired=0; compound=1; hidden=1; nouse=1; global=1; static=1; extern=0; dir=0; type=1; pingpong=0; private_global=0; MemPort=[11]; IO mode=ap_memory:ce=0
Port [ p_ZL6FWD_MW_1_0]:  wired=0; compound=1; hidden=1; nouse=1; global=1; static=1; extern=0; dir=0; type=1; pingpong=0; private_global=0; MemPort=[11]; IO mode=ap_memory:ce=0
Port [ p_ZL5FWD_W_2_0]:  wired=0; compound=1; hidden=1; nouse=1; global=1; static=1; extern=0; dir=0; type=1; pingpong=0; private_global=0; MemPort=[11]; IO mode=ap_memory:ce=0
Port [ p_ZL6FWD_MW_2_0]:  wired=0; compound=1; hidden=1; nouse=1; global=1; static=1; extern=0; dir=0; type=1; pingpong=0; private_global=0; MemPort=[11]; IO mode=ap_memory:ce=0
Port [ p_ZL5FWD_W_3_0]:  wired=0; compound=1; hidden=1; nouse=1; global=1; static=1; extern=0; dir=0; type=1; pingpong=0; private_global=0; MemPort=[11]; IO mode=ap_memory:ce=0
Port [ p_ZL6FWD_MW_3_0]:  wired=0; compound=1; hidden=1; nouse=1; global=1; static=1; extern=0; dir=0; type=1; pingpong=0; private_global=0; MemPort=[11]; IO mode=ap_memory:ce=0
Port [ p_ZL5FWD_W_0_1]:  wired=0; compound=1; hidden=1; nouse=1; global=1; static=1; extern=0; dir=0; type=1; pingpong=0; private_global=0; MemPort=[11]; IO mode=ap_memory:ce=0
Port [ p_ZL6FWD_MW_0_1]:  wired=0; compound=1; hidden=1; nouse=1; global=1; static=1; extern=0; dir=0; type=1; pingpong=0; private_global=0; MemPort=[11]; IO mode=ap_memory:ce=0
Port [ p_ZL5FWD_W_1_1]:  wired=0; compound=1; hidden=1; nouse=1; global=1; static=1; extern=0; dir=0; type=1; pingpong=0; private_global=0; MemPort=[11]; IO mode=ap_memory:ce=0
Port [ p_ZL6FWD_MW_1_1]:  wired=0; compound=1; hidden=1; nouse=1; global=1; static=1; extern=0; dir=0; type=1; pingpong=0; private_global=0; MemPort=[11]; IO mode=ap_memory:ce=0
Port [ p_ZL5FWD_W_2_1]:  wired=0; compound=1; hidden=1; nouse=1; global=1; static=1; extern=0; dir=0; type=1; pingpong=0; private_global=0; MemPort=[11]; IO mode=ap_memory:ce=0
Port [ p_ZL6FWD_MW_2_1]:  wired=0; compound=1; hidden=1; nouse=1; global=1; static=1; extern=0; dir=0; type=1; pingpong=0; private_global=0; MemPort=[11]; IO mode=ap_memory:ce=0
Port [ p_ZL5FWD_W_3_1]:  wired=0; compound=1; hidden=1; nouse=1; global=1; static=1; extern=0; dir=0; type=1; pingpong=0; private_global=0; MemPort=[11]; IO mode=ap_memory:ce=0
Port [ p_ZL6FWD_MW_3_1]:  wired=0; compound=1; hidden=1; nouse=1; global=1; static=1; extern=0; dir=0; type=1; pingpong=0; private_global=0; MemPort=[11]; IO mode=ap_memory:ce=0
Port [ p_ZL5FWD_W_0_2]:  wired=0; compound=1; hidden=1; nouse=1; global=1; static=1; extern=0; dir=0; type=1; pingpong=0; private_global=0; MemPort=[11]; IO mode=ap_memory:ce=0
Port [ p_ZL6FWD_MW_0_2]:  wired=0; compound=1; hidden=1; nouse=1; global=1; static=1; extern=0; dir=0; type=1; pingpong=0; private_global=0; MemPort=[11]; IO mode=ap_memory:ce=0
Port [ p_ZL5FWD_W_1_2]:  wired=0; compound=1; hidden=1; nouse=1; global=1; static=1; extern=0; dir=0; type=1; pingpong=0; private_global=0; MemPort=[11]; IO mode=ap_memory:ce=0
Port [ p_ZL6FWD_MW_1_2]:  wired=0; compound=1; hidden=1; nouse=1; global=1; static=1; extern=0; dir=0; type=1; pingpong=0; private_global=0; MemPort=[11]; IO mode=ap_memory:ce=0
Port [ p_ZL5FWD_W_2_2]:  wired=0; compound=1; hidden=1; nouse=1; global=1; static=1; extern=0; dir=0; type=1; pingpong=0; private_global=0; MemPort=[11]; IO mode=ap_memory:ce=0
Port [ p_ZL6FWD_MW_2_2]:  wired=0; compound=1; hidden=1; nouse=1; global=1; static=1; extern=0; dir=0; type=1; pingpong=0; private_global=0; MemPort=[11]; IO mode=ap_memory:ce=0
Port [ p_ZL5FWD_W_3_2]:  wired=0; compound=1; hidden=1; nouse=1; global=1; static=1; extern=0; dir=0; type=1; pingpong=0; private_global=0; MemPort=[11]; IO mode=ap_memory:ce=0
Port [ p_ZL6FWD_MW_3_2]:  wired=0; compound=1; hidden=1; nouse=1; global=1; static=1; extern=0; dir=0; type=1; pingpong=0; private_global=0; MemPort=[11]; IO mode=ap_memory:ce=0
Port [ p_ZL5FWD_W_0_3]:  wired=0; compound=1; hidden=1; nouse=1; global=1; static=1; extern=0; dir=0; type=1; pingpong=0; private_global=0; MemPort=[1]; IO mode=ap_memory:ce=0
Port [ p_ZL6FWD_MW_0_3]:  wired=0; compound=1; hidden=1; nouse=1; global=1; static=1; extern=0; dir=0; type=1; pingpong=0; private_global=0; MemPort=[1]; IO mode=ap_memory:ce=0
Port [ p_ZL5FWD_W_1_3]:  wired=0; compound=1; hidden=1; nouse=1; global=1; static=1; extern=0; dir=0; type=1; pingpong=0; private_global=0; MemPort=[1]; IO mode=ap_memory:ce=0
Port [ p_ZL6FWD_MW_1_3]:  wired=0; compound=1; hidden=1; nouse=1; global=1; static=1; extern=0; dir=0; type=1; pingpong=0; private_global=0; MemPort=[1]; IO mode=ap_memory:ce=0
Port [ p_ZL5FWD_W_2_3]:  wired=0; compound=1; hidden=1; nouse=1; global=1; static=1; extern=0; dir=0; type=1; pingpong=0; private_global=0; MemPort=[1]; IO mode=ap_memory:ce=0
Port [ p_ZL6FWD_MW_2_3]:  wired=0; compound=1; hidden=1; nouse=1; global=1; static=1; extern=0; dir=0; type=1; pingpong=0; private_global=0; MemPort=[1]; IO mode=ap_memory:ce=0
Port [ p_ZL5FWD_W_3_3]:  wired=0; compound=1; hidden=1; nouse=1; global=1; static=1; extern=0; dir=0; type=1; pingpong=0; private_global=0; MemPort=[1]; IO mode=ap_memory:ce=0
Port [ p_ZL6FWD_MW_3_3]:  wired=0; compound=1; hidden=1; nouse=1; global=1; static=1; extern=0; dir=0; type=1; pingpong=0; private_global=0; MemPort=[1]; IO mode=ap_memory:ce=0
Port [ p_ZL5FWD_W_0_4]:  wired=0; compound=1; hidden=1; nouse=1; global=1; static=1; extern=0; dir=0; type=1; pingpong=0; private_global=0; MemPort=[11]; IO mode=ap_memory:ce=0
Port [ p_ZL6FWD_MW_0_4]:  wired=0; compound=1; hidden=1; nouse=1; global=1; static=1; extern=0; dir=0; type=1; pingpong=0; private_global=0; MemPort=[11]; IO mode=ap_memory:ce=0
Port [ p_ZL5FWD_W_1_4]:  wired=0; compound=1; hidden=1; nouse=1; global=1; static=1; extern=0; dir=0; type=1; pingpong=0; private_global=0; MemPort=[11]; IO mode=ap_memory:ce=0
Port [ p_ZL6FWD_MW_1_4]:  wired=0; compound=1; hidden=1; nouse=1; global=1; static=1; extern=0; dir=0; type=1; pingpong=0; private_global=0; MemPort=[11]; IO mode=ap_memory:ce=0
Port [ p_ZL5FWD_W_2_4]:  wired=0; compound=1; hidden=1; nouse=1; global=1; static=1; extern=0; dir=0; type=1; pingpong=0; private_global=0; MemPort=[11]; IO mode=ap_memory:ce=0
Port [ p_ZL6FWD_MW_2_4]:  wired=0; compound=1; hidden=1; nouse=1; global=1; static=1; extern=0; dir=0; type=1; pingpong=0; private_global=0; MemPort=[11]; IO mode=ap_memory:ce=0
Port [ p_ZL5FWD_W_3_4]:  wired=0; compound=1; hidden=1; nouse=1; global=1; static=1; extern=0; dir=0; type=1; pingpong=0; private_global=0; MemPort=[11]; IO mode=ap_memory:ce=0
Port [ p_ZL6FWD_MW_3_4]:  wired=0; compound=1; hidden=1; nouse=1; global=1; static=1; extern=0; dir=0; type=1; pingpong=0; private_global=0; MemPort=[11]; IO mode=ap_memory:ce=0
Port [ p_ZL5FWD_W_0_5]:  wired=0; compound=1; hidden=1; nouse=1; global=1; static=1; extern=0; dir=0; type=1; pingpong=0; private_global=0; MemPort=[11]; IO mode=ap_memory:ce=0
Port [ p_ZL6FWD_MW_0_5]:  wired=0; compound=1; hidden=1; nouse=1; global=1; static=1; extern=0; dir=0; type=1; pingpong=0; private_global=0; MemPort=[11]; IO mode=ap_memory:ce=0
Port [ p_ZL5FWD_W_1_5]:  wired=0; compound=1; hidden=1; nouse=1; global=1; static=1; extern=0; dir=0; type=1; pingpong=0; private_global=0; MemPort=[11]; IO mode=ap_memory:ce=0
Port [ p_ZL6FWD_MW_1_5]:  wired=0; compound=1; hidden=1; nouse=1; global=1; static=1; extern=0; dir=0; type=1; pingpong=0; private_global=0; MemPort=[11]; IO mode=ap_memory:ce=0
Port [ p_ZL5FWD_W_2_5]:  wired=0; compound=1; hidden=1; nouse=1; global=1; static=1; extern=0; dir=0; type=1; pingpong=0; private_global=0; MemPort=[11]; IO mode=ap_memory:ce=0
Port [ p_ZL6FWD_MW_2_5]:  wired=0; compound=1; hidden=1; nouse=1; global=1; static=1; extern=0; dir=0; type=1; pingpong=0; private_global=0; MemPort=[11]; IO mode=ap_memory:ce=0
Port [ p_ZL5FWD_W_3_5]:  wired=0; compound=1; hidden=1; nouse=1; global=1; static=1; extern=0; dir=0; type=1; pingpong=0; private_global=0; MemPort=[11]; IO mode=ap_memory:ce=0
Port [ p_ZL6FWD_MW_3_5]:  wired=0; compound=1; hidden=1; nouse=1; global=1; static=1; extern=0; dir=0; type=1; pingpong=0; private_global=0; MemPort=[11]; IO mode=ap_memory:ce=0
Port [ p_ZL5FWD_W_0_6]:  wired=0; compound=1; hidden=1; nouse=1; global=1; static=1; extern=0; dir=0; type=1; pingpong=0; private_global=0; MemPort=[11]; IO mode=ap_memory:ce=0
Port [ p_ZL6FWD_MW_0_6]:  wired=0; compound=1; hidden=1; nouse=1; global=1; static=1; extern=0; dir=0; type=1; pingpong=0; private_global=0; MemPort=[11]; IO mode=ap_memory:ce=0
Port [ p_ZL5FWD_W_1_6]:  wired=0; compound=1; hidden=1; nouse=1; global=1; static=1; extern=0; dir=0; type=1; pingpong=0; private_global=0; MemPort=[11]; IO mode=ap_memory:ce=0
Port [ p_ZL6FWD_MW_1_6]:  wired=0; compound=1; hidden=1; nouse=1; global=1; static=1; extern=0; dir=0; type=1; pingpong=0; private_global=0; MemPort=[11]; IO mode=ap_memory:ce=0
Port [ p_ZL5FWD_W_2_6]:  wired=0; compound=1; hidden=1; nouse=1; global=1; static=1; extern=0; dir=0; type=1; pingpong=0; private_global=0; MemPort=[11]; IO mode=ap_memory:ce=0
Port [ p_ZL6FWD_MW_2_6]:  wired=0; compound=1; hidden=1; nouse=1; global=1; static=1; extern=0; dir=0; type=1; pingpong=0; private_global=0; MemPort=[11]; IO mode=ap_memory:ce=0
Port [ p_ZL5FWD_W_3_6]:  wired=0; compound=1; hidden=1; nouse=1; global=1; static=1; extern=0; dir=0; type=1; pingpong=0; private_global=0; MemPort=[11]; IO mode=ap_memory:ce=0
Port [ p_ZL6FWD_MW_3_6]:  wired=0; compound=1; hidden=1; nouse=1; global=1; static=1; extern=0; dir=0; type=1; pingpong=0; private_global=0; MemPort=[11]; IO mode=ap_memory:ce=0
---------------- STG Properties END ------------------

---------------- Datapath Model BEGIN ----------------

<LifeTime>
<method=bitvector/>
i                      (alloca           ) [ 011111111111111110]
tA                     (alloca           ) [ 001111111111111110]
tA_1                   (alloca           ) [ 001111111111111110]
tA_2                   (alloca           ) [ 001111111111111110]
tA_3                   (alloca           ) [ 001111111111111110]
tA_4                   (alloca           ) [ 001111111111111110]
tA_5                   (alloca           ) [ 001111111111111110]
tA_6                   (alloca           ) [ 001111111111111110]
tA_7                   (alloca           ) [ 001111111111111110]
tA_8                   (alloca           ) [ 001111111111111110]
tA_9                   (alloca           ) [ 001111111111111110]
tA_10                  (alloca           ) [ 001111111111111110]
tA_11                  (alloca           ) [ 001111111111111110]
tA_12                  (alloca           ) [ 001111111111111110]
tA_13                  (alloca           ) [ 001111111111111110]
tA_14                  (alloca           ) [ 001111111111111110]
tA_15                  (alloca           ) [ 001111111111111110]
tB                     (alloca           ) [ 001111111111111110]
tB_1                   (alloca           ) [ 001111111111111110]
tB_2                   (alloca           ) [ 001111111111111110]
tB_3                   (alloca           ) [ 001111111111111110]
tB_4                   (alloca           ) [ 001111111111111110]
tB_5                   (alloca           ) [ 001111111111111110]
tB_6                   (alloca           ) [ 001111111111111110]
tB_7                   (alloca           ) [ 001111111111111110]
tB_8                   (alloca           ) [ 001111111111111110]
tB_9                   (alloca           ) [ 001111111111111110]
tB_10                  (alloca           ) [ 001111111111111110]
tB_11                  (alloca           ) [ 001111111111111110]
tB_12                  (alloca           ) [ 001111111111111110]
tB_13                  (alloca           ) [ 001111111111111110]
tB_14                  (alloca           ) [ 001111111111111110]
tB_15                  (alloca           ) [ 001111111111111110]
store_ln99             (store            ) [ 000000000000000000]
call_ln95              (call             ) [ 000000000000000000]
call_ln95              (call             ) [ 000000000000000000]
call_ln96              (call             ) [ 000000000000000000]
call_ln96              (call             ) [ 000000000000000000]
call_ln97              (call             ) [ 000000000000000000]
call_ln97              (call             ) [ 000000000000000000]
call_ln98              (call             ) [ 000000000000000000]
br_ln99                (br               ) [ 000000000000000000]
i_2                    (load             ) [ 000000000000000000]
icmp_ln99              (icmp             ) [ 000000000000000110]
add_ln99               (add              ) [ 000000000000000000]
br_ln99                (br               ) [ 000000000000000000]
trunc_ln99             (trunc            ) [ 000000000000000110]
lshr_ln                (partselect       ) [ 000000000000000000]
zext_ln99              (zext             ) [ 000000000000000110]
tA_addr                (getelementptr    ) [ 000000000000000110]
tA_1_addr              (getelementptr    ) [ 000000000000000110]
tA_2_addr              (getelementptr    ) [ 000000000000000110]
tA_3_addr              (getelementptr    ) [ 000000000000000110]
tA_4_addr              (getelementptr    ) [ 000000000000000110]
tA_5_addr              (getelementptr    ) [ 000000000000000110]
tA_6_addr              (getelementptr    ) [ 000000000000000110]
tA_7_addr              (getelementptr    ) [ 000000000000000110]
tA_8_addr              (getelementptr    ) [ 000000000000000110]
tA_9_addr              (getelementptr    ) [ 000000000000000110]
tA_10_addr             (getelementptr    ) [ 000000000000000110]
tA_11_addr             (getelementptr    ) [ 000000000000000110]
tA_12_addr             (getelementptr    ) [ 000000000000000110]
tA_13_addr             (getelementptr    ) [ 000000000000000110]
tA_14_addr             (getelementptr    ) [ 000000000000000110]
tA_15_addr             (getelementptr    ) [ 000000000000000110]
tB_addr                (getelementptr    ) [ 000000000000000110]
tB_1_addr              (getelementptr    ) [ 000000000000000110]
tB_2_addr              (getelementptr    ) [ 000000000000000110]
tB_3_addr              (getelementptr    ) [ 000000000000000110]
tB_4_addr              (getelementptr    ) [ 000000000000000110]
tB_5_addr              (getelementptr    ) [ 000000000000000110]
tB_6_addr              (getelementptr    ) [ 000000000000000110]
tB_7_addr              (getelementptr    ) [ 000000000000000110]
tB_8_addr              (getelementptr    ) [ 000000000000000110]
tB_9_addr              (getelementptr    ) [ 000000000000000110]
tB_10_addr             (getelementptr    ) [ 000000000000000110]
tB_11_addr             (getelementptr    ) [ 000000000000000110]
tB_12_addr             (getelementptr    ) [ 000000000000000110]
tB_13_addr             (getelementptr    ) [ 000000000000000110]
tB_14_addr             (getelementptr    ) [ 000000000000000110]
tB_15_addr             (getelementptr    ) [ 000000000000000110]
switch_ln101           (switch           ) [ 000000000000000000]
store_ln99             (store            ) [ 000000000000000000]
br_ln99                (br               ) [ 000000000000000000]
specpipeline_ln100     (specpipeline     ) [ 000000000000000000]
speclooptripcount_ln99 (speclooptripcount) [ 000000000000000000]
specloopname_ln99      (specloopname     ) [ 000000000000000000]
A_0_addr               (getelementptr    ) [ 000000000000000000]
A_1_addr               (getelementptr    ) [ 000000000000000000]
A_2_addr               (getelementptr    ) [ 000000000000000000]
A_3_addr               (getelementptr    ) [ 000000000000000000]
A_4_addr               (getelementptr    ) [ 000000000000000000]
A_5_addr               (getelementptr    ) [ 000000000000000000]
A_6_addr               (getelementptr    ) [ 000000000000000000]
A_7_addr               (getelementptr    ) [ 000000000000000000]
A_8_addr               (getelementptr    ) [ 000000000000000000]
A_9_addr               (getelementptr    ) [ 000000000000000000]
A_10_addr              (getelementptr    ) [ 000000000000000000]
A_11_addr              (getelementptr    ) [ 000000000000000000]
A_12_addr              (getelementptr    ) [ 000000000000000000]
A_13_addr              (getelementptr    ) [ 000000000000000000]
A_14_addr              (getelementptr    ) [ 000000000000000000]
A_15_addr              (getelementptr    ) [ 000000000000000000]
tA_load                (load             ) [ 000000000000000000]
tA_1_load              (load             ) [ 000000000000000000]
tA_2_load              (load             ) [ 000000000000000000]
tA_3_load              (load             ) [ 000000000000000000]
tA_4_load              (load             ) [ 000000000000000000]
tA_5_load              (load             ) [ 000000000000000000]
tA_6_load              (load             ) [ 000000000000000000]
tA_7_load              (load             ) [ 000000000000000000]
tA_8_load              (load             ) [ 000000000000000000]
tA_9_load              (load             ) [ 000000000000000000]
tA_10_load             (load             ) [ 000000000000000000]
tA_11_load             (load             ) [ 000000000000000000]
tA_12_load             (load             ) [ 000000000000000000]
tA_13_load             (load             ) [ 000000000000000000]
tA_14_load             (load             ) [ 000000000000000000]
tA_15_load             (load             ) [ 000000000000000000]
tmp                    (sparsemux        ) [ 000000000000000000]
B_0_addr               (getelementptr    ) [ 000000000000000000]
B_1_addr               (getelementptr    ) [ 000000000000000000]
B_2_addr               (getelementptr    ) [ 000000000000000000]
B_3_addr               (getelementptr    ) [ 000000000000000000]
B_4_addr               (getelementptr    ) [ 000000000000000000]
B_5_addr               (getelementptr    ) [ 000000000000000000]
B_6_addr               (getelementptr    ) [ 000000000000000000]
B_7_addr               (getelementptr    ) [ 000000000000000000]
B_8_addr               (getelementptr    ) [ 000000000000000000]
B_9_addr               (getelementptr    ) [ 000000000000000000]
B_10_addr              (getelementptr    ) [ 000000000000000000]
B_11_addr              (getelementptr    ) [ 000000000000000000]
B_12_addr              (getelementptr    ) [ 000000000000000000]
B_13_addr              (getelementptr    ) [ 000000000000000000]
B_14_addr              (getelementptr    ) [ 000000000000000000]
B_15_addr              (getelementptr    ) [ 000000000000000000]
tB_load                (load             ) [ 000000000000000000]
tB_1_load              (load             ) [ 000000000000000000]
tB_2_load              (load             ) [ 000000000000000000]
tB_3_load              (load             ) [ 000000000000000000]
tB_4_load              (load             ) [ 000000000000000000]
tB_5_load              (load             ) [ 000000000000000000]
tB_6_load              (load             ) [ 000000000000000000]
tB_7_load              (load             ) [ 000000000000000000]
tB_8_load              (load             ) [ 000000000000000000]
tB_9_load              (load             ) [ 000000000000000000]
tB_10_load             (load             ) [ 000000000000000000]
tB_11_load             (load             ) [ 000000000000000000]
tB_12_load             (load             ) [ 000000000000000000]
tB_13_load             (load             ) [ 000000000000000000]
tB_14_load             (load             ) [ 000000000000000000]
tB_15_load             (load             ) [ 000000000000000000]
tmp_s                  (sparsemux        ) [ 000000000000000000]
store_ln101            (store            ) [ 000000000000000000]
store_ln101            (store            ) [ 000000000000000000]
br_ln101               (br               ) [ 000000000000000000]
store_ln101            (store            ) [ 000000000000000000]
store_ln101            (store            ) [ 000000000000000000]
br_ln101               (br               ) [ 000000000000000000]
store_ln101            (store            ) [ 000000000000000000]
store_ln101            (store            ) [ 000000000000000000]
br_ln101               (br               ) [ 000000000000000000]
store_ln101            (store            ) [ 000000000000000000]
store_ln101            (store            ) [ 000000000000000000]
br_ln101               (br               ) [ 000000000000000000]
store_ln101            (store            ) [ 000000000000000000]
store_ln101            (store            ) [ 000000000000000000]
br_ln101               (br               ) [ 000000000000000000]
store_ln101            (store            ) [ 000000000000000000]
store_ln101            (store            ) [ 000000000000000000]
br_ln101               (br               ) [ 000000000000000000]
store_ln101            (store            ) [ 000000000000000000]
store_ln101            (store            ) [ 000000000000000000]
br_ln101               (br               ) [ 000000000000000000]
store_ln101            (store            ) [ 000000000000000000]
store_ln101            (store            ) [ 000000000000000000]
br_ln101               (br               ) [ 000000000000000000]
store_ln101            (store            ) [ 000000000000000000]
store_ln101            (store            ) [ 000000000000000000]
br_ln101               (br               ) [ 000000000000000000]
store_ln101            (store            ) [ 000000000000000000]
store_ln101            (store            ) [ 000000000000000000]
br_ln101               (br               ) [ 000000000000000000]
store_ln101            (store            ) [ 000000000000000000]
store_ln101            (store            ) [ 000000000000000000]
br_ln101               (br               ) [ 000000000000000000]
store_ln101            (store            ) [ 000000000000000000]
store_ln101            (store            ) [ 000000000000000000]
br_ln101               (br               ) [ 000000000000000000]
store_ln101            (store            ) [ 000000000000000000]
store_ln101            (store            ) [ 000000000000000000]
br_ln101               (br               ) [ 000000000000000000]
store_ln101            (store            ) [ 000000000000000000]
store_ln101            (store            ) [ 000000000000000000]
br_ln101               (br               ) [ 000000000000000000]
store_ln101            (store            ) [ 000000000000000000]
store_ln101            (store            ) [ 000000000000000000]
br_ln101               (br               ) [ 000000000000000000]
store_ln101            (store            ) [ 000000000000000000]
store_ln101            (store            ) [ 000000000000000000]
br_ln101               (br               ) [ 000000000000000000]
ret_ln103              (ret              ) [ 000000000000000000]
</LifeTime>

<model>

<comp_list>
<comp id="0" class="1000" name="A_0">
<pin_list>
<pin id="1" dir="1" index="0" bw="1" slack="0"/>
</pin_list>
<bind>
<StgValue><ssdm name="A_0"/><MemPortTyVec>2 2 </MemPortTyVec>
</StgValue>
</bind>
</comp>

<comp id="2" class="1000" name="A_1">
<pin_list>
<pin id="3" dir="1" index="0" bw="1" slack="0"/>
</pin_list>
<bind>
<StgValue><ssdm name="A_1"/><MemPortTyVec>2 2 </MemPortTyVec>
</StgValue>
</bind>
</comp>

<comp id="4" class="1000" name="A_2">
<pin_list>
<pin id="5" dir="1" index="0" bw="1" slack="0"/>
</pin_list>
<bind>
<StgValue><ssdm name="A_2"/><MemPortTyVec>2 2 </MemPortTyVec>
</StgValue>
</bind>
</comp>

<comp id="6" class="1000" name="A_3">
<pin_list>
<pin id="7" dir="1" index="0" bw="1" slack="0"/>
</pin_list>
<bind>
<StgValue><ssdm name="A_3"/><MemPortTyVec>2 2 </MemPortTyVec>
</StgValue>
</bind>
</comp>

<comp id="8" class="1000" name="A_4">
<pin_list>
<pin id="9" dir="1" index="0" bw="1" slack="0"/>
</pin_list>
<bind>
<StgValue><ssdm name="A_4"/><MemPortTyVec>2 2 </MemPortTyVec>
</StgValue>
</bind>
</comp>

<comp id="10" class="1000" name="A_5">
<pin_list>
<pin id="11" dir="1" index="0" bw="1" slack="0"/>
</pin_list>
<bind>
<StgValue><ssdm name="A_5"/><MemPortTyVec>2 2 </MemPortTyVec>
</StgValue>
</bind>
</comp>

<comp id="12" class="1000" name="A_6">
<pin_list>
<pin id="13" dir="1" index="0" bw="1" slack="0"/>
</pin_list>
<bind>
<StgValue><ssdm name="A_6"/><MemPortTyVec>2 2 </MemPortTyVec>
</StgValue>
</bind>
</comp>

<comp id="14" class="1000" name="A_7">
<pin_list>
<pin id="15" dir="1" index="0" bw="1" slack="0"/>
</pin_list>
<bind>
<StgValue><ssdm name="A_7"/><MemPortTyVec>2 2 </MemPortTyVec>
</StgValue>
</bind>
</comp>

<comp id="16" class="1000" name="A_8">
<pin_list>
<pin id="17" dir="1" index="0" bw="1" slack="0"/>
</pin_list>
<bind>
<StgValue><ssdm name="A_8"/><MemPortTyVec>2 2 </MemPortTyVec>
</StgValue>
</bind>
</comp>

<comp id="18" class="1000" name="A_9">
<pin_list>
<pin id="19" dir="1" index="0" bw="1" slack="0"/>
</pin_list>
<bind>
<StgValue><ssdm name="A_9"/><MemPortTyVec>2 2 </MemPortTyVec>
</StgValue>
</bind>
</comp>

<comp id="20" class="1000" name="A_10">
<pin_list>
<pin id="21" dir="1" index="0" bw="1" slack="0"/>
</pin_list>
<bind>
<StgValue><ssdm name="A_10"/><MemPortTyVec>2 2 </MemPortTyVec>
</StgValue>
</bind>
</comp>

<comp id="22" class="1000" name="A_11">
<pin_list>
<pin id="23" dir="1" index="0" bw="1" slack="0"/>
</pin_list>
<bind>
<StgValue><ssdm name="A_11"/><MemPortTyVec>2 2 </MemPortTyVec>
</StgValue>
</bind>
</comp>

<comp id="24" class="1000" name="A_12">
<pin_list>
<pin id="25" dir="1" index="0" bw="1" slack="0"/>
</pin_list>
<bind>
<StgValue><ssdm name="A_12"/><MemPortTyVec>2 2 </MemPortTyVec>
</StgValue>
</bind>
</comp>

<comp id="26" class="1000" name="A_13">
<pin_list>
<pin id="27" dir="1" index="0" bw="1" slack="0"/>
</pin_list>
<bind>
<StgValue><ssdm name="A_13"/><MemPortTyVec>2 2 </MemPortTyVec>
</StgValue>
</bind>
</comp>

<comp id="28" class="1000" name="A_14">
<pin_list>
<pin id="29" dir="1" index="0" bw="1" slack="0"/>
</pin_list>
<bind>
<StgValue><ssdm name="A_14"/><MemPortTyVec>2 2 </MemPortTyVec>
</StgValue>
</bind>
</comp>

<comp id="30" class="1000" name="A_15">
<pin_list>
<pin id="31" dir="1" index="0" bw="1" slack="0"/>
</pin_list>
<bind>
<StgValue><ssdm name="A_15"/><MemPortTyVec>2 2 </MemPortTyVec>
</StgValue>
</bind>
</comp>

<comp id="32" class="1000" name="B_0">
<pin_list>
<pin id="33" dir="1" index="0" bw="1" slack="0"/>
</pin_list>
<bind>
<StgValue><ssdm name="B_0"/><MemPortTyVec>2 2 </MemPortTyVec>
</StgValue>
</bind>
</comp>

<comp id="34" class="1000" name="B_1">
<pin_list>
<pin id="35" dir="1" index="0" bw="1" slack="0"/>
</pin_list>
<bind>
<StgValue><ssdm name="B_1"/><MemPortTyVec>2 2 </MemPortTyVec>
</StgValue>
</bind>
</comp>

<comp id="36" class="1000" name="B_2">
<pin_list>
<pin id="37" dir="1" index="0" bw="1" slack="0"/>
</pin_list>
<bind>
<StgValue><ssdm name="B_2"/><MemPortTyVec>2 2 </MemPortTyVec>
</StgValue>
</bind>
</comp>

<comp id="38" class="1000" name="B_3">
<pin_list>
<pin id="39" dir="1" index="0" bw="1" slack="0"/>
</pin_list>
<bind>
<StgValue><ssdm name="B_3"/><MemPortTyVec>2 2 </MemPortTyVec>
</StgValue>
</bind>
</comp>

<comp id="40" class="1000" name="B_4">
<pin_list>
<pin id="41" dir="1" index="0" bw="1" slack="0"/>
</pin_list>
<bind>
<StgValue><ssdm name="B_4"/><MemPortTyVec>2 2 </MemPortTyVec>
</StgValue>
</bind>
</comp>

<comp id="42" class="1000" name="B_5">
<pin_list>
<pin id="43" dir="1" index="0" bw="1" slack="0"/>
</pin_list>
<bind>
<StgValue><ssdm name="B_5"/><MemPortTyVec>2 2 </MemPortTyVec>
</StgValue>
</bind>
</comp>

<comp id="44" class="1000" name="B_6">
<pin_list>
<pin id="45" dir="1" index="0" bw="1" slack="0"/>
</pin_list>
<bind>
<StgValue><ssdm name="B_6"/><MemPortTyVec>2 2 </MemPortTyVec>
</StgValue>
</bind>
</comp>

<comp id="46" class="1000" name="B_7">
<pin_list>
<pin id="47" dir="1" index="0" bw="1" slack="0"/>
</pin_list>
<bind>
<StgValue><ssdm name="B_7"/><MemPortTyVec>2 2 </MemPortTyVec>
</StgValue>
</bind>
</comp>

<comp id="48" class="1000" name="B_8">
<pin_list>
<pin id="49" dir="1" index="0" bw="1" slack="0"/>
</pin_list>
<bind>
<StgValue><ssdm name="B_8"/><MemPortTyVec>2 2 </MemPortTyVec>
</StgValue>
</bind>
</comp>

<comp id="50" class="1000" name="B_9">
<pin_list>
<pin id="51" dir="1" index="0" bw="1" slack="0"/>
</pin_list>
<bind>
<StgValue><ssdm name="B_9"/><MemPortTyVec>2 2 </MemPortTyVec>
</StgValue>
</bind>
</comp>

<comp id="52" class="1000" name="B_10">
<pin_list>
<pin id="53" dir="1" index="0" bw="1" slack="0"/>
</pin_list>
<bind>
<StgValue><ssdm name="B_10"/><MemPortTyVec>2 2 </MemPortTyVec>
</StgValue>
</bind>
</comp>

<comp id="54" class="1000" name="B_11">
<pin_list>
<pin id="55" dir="1" index="0" bw="1" slack="0"/>
</pin_list>
<bind>
<StgValue><ssdm name="B_11"/><MemPortTyVec>2 2 </MemPortTyVec>
</StgValue>
</bind>
</comp>

<comp id="56" class="1000" name="B_12">
<pin_list>
<pin id="57" dir="1" index="0" bw="1" slack="0"/>
</pin_list>
<bind>
<StgValue><ssdm name="B_12"/><MemPortTyVec>2 2 </MemPortTyVec>
</StgValue>
</bind>
</comp>

<comp id="58" class="1000" name="B_13">
<pin_list>
<pin id="59" dir="1" index="0" bw="1" slack="0"/>
</pin_list>
<bind>
<StgValue><ssdm name="B_13"/><MemPortTyVec>2 2 </MemPortTyVec>
</StgValue>
</bind>
</comp>

<comp id="60" class="1000" name="B_14">
<pin_list>
<pin id="61" dir="1" index="0" bw="1" slack="0"/>
</pin_list>
<bind>
<StgValue><ssdm name="B_14"/><MemPortTyVec>2 2 </MemPortTyVec>
</StgValue>
</bind>
</comp>

<comp id="62" class="1000" name="B_15">
<pin_list>
<pin id="63" dir="1" index="0" bw="1" slack="0"/>
</pin_list>
<bind>
<StgValue><ssdm name="B_15"/><MemPortTyVec>2 2 </MemPortTyVec>
</StgValue>
</bind>
</comp>

<comp id="64" class="1000" name="p_ZL5FWD_W_0_0">
<pin_list>
<pin id="65" dir="1" index="0" bw="1" slack="0"/>
</pin_list>
<bind>
<StgValue><ssdm name="p_ZL5FWD_W_0_0"/><MemPortTyVec>1 1 </MemPortTyVec>
</StgValue>
</bind>
</comp>

<comp id="66" class="1000" name="p_ZL6FWD_MW_0_0">
<pin_list>
<pin id="67" dir="1" index="0" bw="1" slack="0"/>
</pin_list>
<bind>
<StgValue><ssdm name="p_ZL6FWD_MW_0_0"/><MemPortTyVec>1 1 </MemPortTyVec>
</StgValue>
</bind>
</comp>

<comp id="68" class="1000" name="p_ZL5FWD_W_1_0">
<pin_list>
<pin id="69" dir="1" index="0" bw="1" slack="0"/>
</pin_list>
<bind>
<StgValue><ssdm name="p_ZL5FWD_W_1_0"/><MemPortTyVec>1 1 </MemPortTyVec>
</StgValue>
</bind>
</comp>

<comp id="70" class="1000" name="p_ZL6FWD_MW_1_0">
<pin_list>
<pin id="71" dir="1" index="0" bw="1" slack="0"/>
</pin_list>
<bind>
<StgValue><ssdm name="p_ZL6FWD_MW_1_0"/><MemPortTyVec>1 1 </MemPortTyVec>
</StgValue>
</bind>
</comp>

<comp id="72" class="1000" name="p_ZL5FWD_W_2_0">
<pin_list>
<pin id="73" dir="1" index="0" bw="1" slack="0"/>
</pin_list>
<bind>
<StgValue><ssdm name="p_ZL5FWD_W_2_0"/><MemPortTyVec>1 1 </MemPortTyVec>
</StgValue>
</bind>
</comp>

<comp id="74" class="1000" name="p_ZL6FWD_MW_2_0">
<pin_list>
<pin id="75" dir="1" index="0" bw="1" slack="0"/>
</pin_list>
<bind>
<StgValue><ssdm name="p_ZL6FWD_MW_2_0"/><MemPortTyVec>1 1 </MemPortTyVec>
</StgValue>
</bind>
</comp>

<comp id="76" class="1000" name="p_ZL5FWD_W_3_0">
<pin_list>
<pin id="77" dir="1" index="0" bw="1" slack="0"/>
</pin_list>
<bind>
<StgValue><ssdm name="p_ZL5FWD_W_3_0"/><MemPortTyVec>1 1 </MemPortTyVec>
</StgValue>
</bind>
</comp>

<comp id="78" class="1000" name="p_ZL6FWD_MW_3_0">
<pin_list>
<pin id="79" dir="1" index="0" bw="1" slack="0"/>
</pin_list>
<bind>
<StgValue><ssdm name="p_ZL6FWD_MW_3_0"/><MemPortTyVec>1 1 </MemPortTyVec>
</StgValue>
</bind>
</comp>

<comp id="80" class="1000" name="p_ZL5FWD_W_0_1">
<pin_list>
<pin id="81" dir="1" index="0" bw="1" slack="0"/>
</pin_list>
<bind>
<StgValue><ssdm name="p_ZL5FWD_W_0_1"/><MemPortTyVec>1 1 </MemPortTyVec>
</StgValue>
</bind>
</comp>

<comp id="82" class="1000" name="p_ZL6FWD_MW_0_1">
<pin_list>
<pin id="83" dir="1" index="0" bw="1" slack="0"/>
</pin_list>
<bind>
<StgValue><ssdm name="p_ZL6FWD_MW_0_1"/><MemPortTyVec>1 1 </MemPortTyVec>
</StgValue>
</bind>
</comp>

<comp id="84" class="1000" name="p_ZL5FWD_W_1_1">
<pin_list>
<pin id="85" dir="1" index="0" bw="1" slack="0"/>
</pin_list>
<bind>
<StgValue><ssdm name="p_ZL5FWD_W_1_1"/><MemPortTyVec>1 1 </MemPortTyVec>
</StgValue>
</bind>
</comp>

<comp id="86" class="1000" name="p_ZL6FWD_MW_1_1">
<pin_list>
<pin id="87" dir="1" index="0" bw="1" slack="0"/>
</pin_list>
<bind>
<StgValue><ssdm name="p_ZL6FWD_MW_1_1"/><MemPortTyVec>1 1 </MemPortTyVec>
</StgValue>
</bind>
</comp>

<comp id="88" class="1000" name="p_ZL5FWD_W_2_1">
<pin_list>
<pin id="89" dir="1" index="0" bw="1" slack="0"/>
</pin_list>
<bind>
<StgValue><ssdm name="p_ZL5FWD_W_2_1"/><MemPortTyVec>1 1 </MemPortTyVec>
</StgValue>
</bind>
</comp>

<comp id="90" class="1000" name="p_ZL6FWD_MW_2_1">
<pin_list>
<pin id="91" dir="1" index="0" bw="1" slack="0"/>
</pin_list>
<bind>
<StgValue><ssdm name="p_ZL6FWD_MW_2_1"/><MemPortTyVec>1 1 </MemPortTyVec>
</StgValue>
</bind>
</comp>

<comp id="92" class="1000" name="p_ZL5FWD_W_3_1">
<pin_list>
<pin id="93" dir="1" index="0" bw="1" slack="0"/>
</pin_list>
<bind>
<StgValue><ssdm name="p_ZL5FWD_W_3_1"/><MemPortTyVec>1 1 </MemPortTyVec>
</StgValue>
</bind>
</comp>

<comp id="94" class="1000" name="p_ZL6FWD_MW_3_1">
<pin_list>
<pin id="95" dir="1" index="0" bw="1" slack="0"/>
</pin_list>
<bind>
<StgValue><ssdm name="p_ZL6FWD_MW_3_1"/><MemPortTyVec>1 1 </MemPortTyVec>
</StgValue>
</bind>
</comp>

<comp id="96" class="1000" name="p_ZL5FWD_W_0_2">
<pin_list>
<pin id="97" dir="1" index="0" bw="1" slack="0"/>
</pin_list>
<bind>
<StgValue><ssdm name="p_ZL5FWD_W_0_2"/><MemPortTyVec>1 1 </MemPortTyVec>
</StgValue>
</bind>
</comp>

<comp id="98" class="1000" name="p_ZL6FWD_MW_0_2">
<pin_list>
<pin id="99" dir="1" index="0" bw="1" slack="0"/>
</pin_list>
<bind>
<StgValue><ssdm name="p_ZL6FWD_MW_0_2"/><MemPortTyVec>1 1 </MemPortTyVec>
</StgValue>
</bind>
</comp>

<comp id="100" class="1000" name="p_ZL5FWD_W_1_2">
<pin_list>
<pin id="101" dir="1" index="0" bw="1" slack="0"/>
</pin_list>
<bind>
<StgValue><ssdm name="p_ZL5FWD_W_1_2"/><MemPortTyVec>1 1 </MemPortTyVec>
</StgValue>
</bind>
</comp>

<comp id="102" class="1000" name="p_ZL6FWD_MW_1_2">
<pin_list>
<pin id="103" dir="1" index="0" bw="1" slack="0"/>
</pin_list>
<bind>
<StgValue><ssdm name="p_ZL6FWD_MW_1_2"/><MemPortTyVec>1 1 </MemPortTyVec>
</StgValue>
</bind>
</comp>

<comp id="104" class="1000" name="p_ZL5FWD_W_2_2">
<pin_list>
<pin id="105" dir="1" index="0" bw="1" slack="0"/>
</pin_list>
<bind>
<StgValue><ssdm name="p_ZL5FWD_W_2_2"/><MemPortTyVec>1 1 </MemPortTyVec>
</StgValue>
</bind>
</comp>

<comp id="106" class="1000" name="p_ZL6FWD_MW_2_2">
<pin_list>
<pin id="107" dir="1" index="0" bw="1" slack="0"/>
</pin_list>
<bind>
<StgValue><ssdm name="p_ZL6FWD_MW_2_2"/><MemPortTyVec>1 1 </MemPortTyVec>
</StgValue>
</bind>
</comp>

<comp id="108" class="1000" name="p_ZL5FWD_W_3_2">
<pin_list>
<pin id="109" dir="1" index="0" bw="1" slack="0"/>
</pin_list>
<bind>
<StgValue><ssdm name="p_ZL5FWD_W_3_2"/><MemPortTyVec>1 1 </MemPortTyVec>
</StgValue>
</bind>
</comp>

<comp id="110" class="1000" name="p_ZL6FWD_MW_3_2">
<pin_list>
<pin id="111" dir="1" index="0" bw="1" slack="0"/>
</pin_list>
<bind>
<StgValue><ssdm name="p_ZL6FWD_MW_3_2"/><MemPortTyVec>1 1 </MemPortTyVec>
</StgValue>
</bind>
</comp>

<comp id="112" class="1000" name="p_ZL5FWD_W_0_3">
<pin_list>
<pin id="113" dir="1" index="0" bw="1" slack="0"/>
</pin_list>
<bind>
<StgValue><ssdm name="p_ZL5FWD_W_0_3"/><MemPortTyVec>1 </MemPortTyVec>
</StgValue>
</bind>
</comp>

<comp id="114" class="1000" name="p_ZL6FWD_MW_0_3">
<pin_list>
<pin id="115" dir="1" index="0" bw="1" slack="0"/>
</pin_list>
<bind>
<StgValue><ssdm name="p_ZL6FWD_MW_0_3"/><MemPortTyVec>1 </MemPortTyVec>
</StgValue>
</bind>
</comp>

<comp id="116" class="1000" name="p_ZL5FWD_W_1_3">
<pin_list>
<pin id="117" dir="1" index="0" bw="1" slack="0"/>
</pin_list>
<bind>
<StgValue><ssdm name="p_ZL5FWD_W_1_3"/><MemPortTyVec>1 </MemPortTyVec>
</StgValue>
</bind>
</comp>

<comp id="118" class="1000" name="p_ZL6FWD_MW_1_3">
<pin_list>
<pin id="119" dir="1" index="0" bw="1" slack="0"/>
</pin_list>
<bind>
<StgValue><ssdm name="p_ZL6FWD_MW_1_3"/><MemPortTyVec>1 </MemPortTyVec>
</StgValue>
</bind>
</comp>

<comp id="120" class="1000" name="p_ZL5FWD_W_2_3">
<pin_list>
<pin id="121" dir="1" index="0" bw="1" slack="0"/>
</pin_list>
<bind>
<StgValue><ssdm name="p_ZL5FWD_W_2_3"/><MemPortTyVec>1 </MemPortTyVec>
</StgValue>
</bind>
</comp>

<comp id="122" class="1000" name="p_ZL6FWD_MW_2_3">
<pin_list>
<pin id="123" dir="1" index="0" bw="1" slack="0"/>
</pin_list>
<bind>
<StgValue><ssdm name="p_ZL6FWD_MW_2_3"/><MemPortTyVec>1 </MemPortTyVec>
</StgValue>
</bind>
</comp>

<comp id="124" class="1000" name="p_ZL5FWD_W_3_3">
<pin_list>
<pin id="125" dir="1" index="0" bw="1" slack="0"/>
</pin_list>
<bind>
<StgValue><ssdm name="p_ZL5FWD_W_3_3"/><MemPortTyVec>1 </MemPortTyVec>
</StgValue>
</bind>
</comp>

<comp id="126" class="1000" name="p_ZL6FWD_MW_3_3">
<pin_list>
<pin id="127" dir="1" index="0" bw="1" slack="0"/>
</pin_list>
<bind>
<StgValue><ssdm name="p_ZL6FWD_MW_3_3"/><MemPortTyVec>1 </MemPortTyVec>
</StgValue>
</bind>
</comp>

<comp id="128" class="1000" name="p_ZL5FWD_W_0_4">
<pin_list>
<pin id="129" dir="1" index="0" bw="1" slack="0"/>
</pin_list>
<bind>
<StgValue><ssdm name="p_ZL5FWD_W_0_4"/><MemPortTyVec>1 1 </MemPortTyVec>
</StgValue>
</bind>
</comp>

<comp id="130" class="1000" name="p_ZL6FWD_MW_0_4">
<pin_list>
<pin id="131" dir="1" index="0" bw="1" slack="0"/>
</pin_list>
<bind>
<StgValue><ssdm name="p_ZL6FWD_MW_0_4"/><MemPortTyVec>1 1 </MemPortTyVec>
</StgValue>
</bind>
</comp>

<comp id="132" class="1000" name="p_ZL5FWD_W_1_4">
<pin_list>
<pin id="133" dir="1" index="0" bw="1" slack="0"/>
</pin_list>
<bind>
<StgValue><ssdm name="p_ZL5FWD_W_1_4"/><MemPortTyVec>1 1 </MemPortTyVec>
</StgValue>
</bind>
</comp>

<comp id="134" class="1000" name="p_ZL6FWD_MW_1_4">
<pin_list>
<pin id="135" dir="1" index="0" bw="1" slack="0"/>
</pin_list>
<bind>
<StgValue><ssdm name="p_ZL6FWD_MW_1_4"/><MemPortTyVec>1 1 </MemPortTyVec>
</StgValue>
</bind>
</comp>

<comp id="136" class="1000" name="p_ZL5FWD_W_2_4">
<pin_list>
<pin id="137" dir="1" index="0" bw="1" slack="0"/>
</pin_list>
<bind>
<StgValue><ssdm name="p_ZL5FWD_W_2_4"/><MemPortTyVec>1 1 </MemPortTyVec>
</StgValue>
</bind>
</comp>

<comp id="138" class="1000" name="p_ZL6FWD_MW_2_4">
<pin_list>
<pin id="139" dir="1" index="0" bw="1" slack="0"/>
</pin_list>
<bind>
<StgValue><ssdm name="p_ZL6FWD_MW_2_4"/><MemPortTyVec>1 1 </MemPortTyVec>
</StgValue>
</bind>
</comp>

<comp id="140" class="1000" name="p_ZL5FWD_W_3_4">
<pin_list>
<pin id="141" dir="1" index="0" bw="1" slack="0"/>
</pin_list>
<bind>
<StgValue><ssdm name="p_ZL5FWD_W_3_4"/><MemPortTyVec>1 1 </MemPortTyVec>
</StgValue>
</bind>
</comp>

<comp id="142" class="1000" name="p_ZL6FWD_MW_3_4">
<pin_list>
<pin id="143" dir="1" index="0" bw="1" slack="0"/>
</pin_list>
<bind>
<StgValue><ssdm name="p_ZL6FWD_MW_3_4"/><MemPortTyVec>1 1 </MemPortTyVec>
</StgValue>
</bind>
</comp>

<comp id="144" class="1000" name="p_ZL5FWD_W_0_5">
<pin_list>
<pin id="145" dir="1" index="0" bw="1" slack="0"/>
</pin_list>
<bind>
<StgValue><ssdm name="p_ZL5FWD_W_0_5"/><MemPortTyVec>1 1 </MemPortTyVec>
</StgValue>
</bind>
</comp>

<comp id="146" class="1000" name="p_ZL6FWD_MW_0_5">
<pin_list>
<pin id="147" dir="1" index="0" bw="1" slack="0"/>
</pin_list>
<bind>
<StgValue><ssdm name="p_ZL6FWD_MW_0_5"/><MemPortTyVec>1 1 </MemPortTyVec>
</StgValue>
</bind>
</comp>

<comp id="148" class="1000" name="p_ZL5FWD_W_1_5">
<pin_list>
<pin id="149" dir="1" index="0" bw="1" slack="0"/>
</pin_list>
<bind>
<StgValue><ssdm name="p_ZL5FWD_W_1_5"/><MemPortTyVec>1 1 </MemPortTyVec>
</StgValue>
</bind>
</comp>

<comp id="150" class="1000" name="p_ZL6FWD_MW_1_5">
<pin_list>
<pin id="151" dir="1" index="0" bw="1" slack="0"/>
</pin_list>
<bind>
<StgValue><ssdm name="p_ZL6FWD_MW_1_5"/><MemPortTyVec>1 1 </MemPortTyVec>
</StgValue>
</bind>
</comp>

<comp id="152" class="1000" name="p_ZL5FWD_W_2_5">
<pin_list>
<pin id="153" dir="1" index="0" bw="1" slack="0"/>
</pin_list>
<bind>
<StgValue><ssdm name="p_ZL5FWD_W_2_5"/><MemPortTyVec>1 1 </MemPortTyVec>
</StgValue>
</bind>
</comp>

<comp id="154" class="1000" name="p_ZL6FWD_MW_2_5">
<pin_list>
<pin id="155" dir="1" index="0" bw="1" slack="0"/>
</pin_list>
<bind>
<StgValue><ssdm name="p_ZL6FWD_MW_2_5"/><MemPortTyVec>1 1 </MemPortTyVec>
</StgValue>
</bind>
</comp>

<comp id="156" class="1000" name="p_ZL5FWD_W_3_5">
<pin_list>
<pin id="157" dir="1" index="0" bw="1" slack="0"/>
</pin_list>
<bind>
<StgValue><ssdm name="p_ZL5FWD_W_3_5"/><MemPortTyVec>1 1 </MemPortTyVec>
</StgValue>
</bind>
</comp>

<comp id="158" class="1000" name="p_ZL6FWD_MW_3_5">
<pin_list>
<pin id="159" dir="1" index="0" bw="1" slack="0"/>
</pin_list>
<bind>
<StgValue><ssdm name="p_ZL6FWD_MW_3_5"/><MemPortTyVec>1 1 </MemPortTyVec>
</StgValue>
</bind>
</comp>

<comp id="160" class="1000" name="p_ZL5FWD_W_0_6">
<pin_list>
<pin id="161" dir="1" index="0" bw="1" slack="0"/>
</pin_list>
<bind>
<StgValue><ssdm name="p_ZL5FWD_W_0_6"/><MemPortTyVec>1 1 </MemPortTyVec>
</StgValue>
</bind>
</comp>

<comp id="162" class="1000" name="p_ZL6FWD_MW_0_6">
<pin_list>
<pin id="163" dir="1" index="0" bw="1" slack="0"/>
</pin_list>
<bind>
<StgValue><ssdm name="p_ZL6FWD_MW_0_6"/><MemPortTyVec>1 1 </MemPortTyVec>
</StgValue>
</bind>
</comp>

<comp id="164" class="1000" name="p_ZL5FWD_W_1_6">
<pin_list>
<pin id="165" dir="1" index="0" bw="1" slack="0"/>
</pin_list>
<bind>
<StgValue><ssdm name="p_ZL5FWD_W_1_6"/><MemPortTyVec>1 1 </MemPortTyVec>
</StgValue>
</bind>
</comp>

<comp id="166" class="1000" name="p_ZL6FWD_MW_1_6">
<pin_list>
<pin id="167" dir="1" index="0" bw="1" slack="0"/>
</pin_list>
<bind>
<StgValue><ssdm name="p_ZL6FWD_MW_1_6"/><MemPortTyVec>1 1 </MemPortTyVec>
</StgValue>
</bind>
</comp>

<comp id="168" class="1000" name="p_ZL5FWD_W_2_6">
<pin_list>
<pin id="169" dir="1" index="0" bw="1" slack="0"/>
</pin_list>
<bind>
<StgValue><ssdm name="p_ZL5FWD_W_2_6"/><MemPortTyVec>1 1 </MemPortTyVec>
</StgValue>
</bind>
</comp>

<comp id="170" class="1000" name="p_ZL6FWD_MW_2_6">
<pin_list>
<pin id="171" dir="1" index="0" bw="1" slack="0"/>
</pin_list>
<bind>
<StgValue><ssdm name="p_ZL6FWD_MW_2_6"/><MemPortTyVec>1 1 </MemPortTyVec>
</StgValue>
</bind>
</comp>

<comp id="172" class="1000" name="p_ZL5FWD_W_3_6">
<pin_list>
<pin id="173" dir="1" index="0" bw="1" slack="0"/>
</pin_list>
<bind>
<StgValue><ssdm name="p_ZL5FWD_W_3_6"/><MemPortTyVec>1 1 </MemPortTyVec>
</StgValue>
</bind>
</comp>

<comp id="174" class="1000" name="p_ZL6FWD_MW_3_6">
<pin_list>
<pin id="175" dir="1" index="0" bw="1" slack="0"/>
</pin_list>
<bind>
<StgValue><ssdm name="p_ZL6FWD_MW_3_6"/><MemPortTyVec>1 1 </MemPortTyVec>
</StgValue>
</bind>
</comp>

<comp id="176" class="1001" name="const_176">
<pin_list>
<pin id="177" dir="1" index="0" bw="1" slack="0"/>
</pin_list>
<bind>
<StgValue><ssdm name=""/></StgValue>
</bind>
</comp>

<comp id="178" class="1001" name="const_178">
<pin_list>
<pin id="179" dir="1" index="0" bw="1" slack="0"/>
</pin_list>
<bind>
<StgValue><ssdm name=""/></StgValue>
</bind>
</comp>

<comp id="180" class="1001" name="const_180">
<pin_list>
<pin id="181" dir="1" index="0" bw="1" slack="0"/>
</pin_list>
<bind>
<StgValue><ssdm name="fwd_stage2_t<128>"/></StgValue>
</bind>
</comp>

<comp id="182" class="1001" name="const_182">
<pin_list>
<pin id="183" dir="1" index="0" bw="1" slack="0"/>
</pin_list>
<bind>
<StgValue><ssdm name=""/></StgValue>
</bind>
</comp>

<comp id="184" class="1001" name="const_184">
<pin_list>
<pin id="185" dir="1" index="0" bw="1" slack="0"/>
</pin_list>
<bind>
<StgValue><ssdm name="fwd_stage2_t<64>"/></StgValue>
</bind>
</comp>

<comp id="186" class="1001" name="const_186">
<pin_list>
<pin id="187" dir="1" index="0" bw="1" slack="0"/>
</pin_list>
<bind>
<StgValue><ssdm name="fwd_stage2_t<32>"/></StgValue>
</bind>
</comp>

<comp id="188" class="1001" name="const_188">
<pin_list>
<pin id="189" dir="1" index="0" bw="1" slack="0"/>
</pin_list>
<bind>
<StgValue><ssdm name="fwd_stage2_t<16>"/></StgValue>
</bind>
</comp>

<comp id="190" class="1001" name="const_190">
<pin_list>
<pin id="191" dir="1" index="0" bw="1" slack="0"/>
</pin_list>
<bind>
<StgValue><ssdm name="fwd_stage2_t<8>"/></StgValue>
</bind>
</comp>

<comp id="192" class="1001" name="const_192">
<pin_list>
<pin id="193" dir="1" index="0" bw="1" slack="0"/>
</pin_list>
<bind>
<StgValue><ssdm name="fwd_stage2_t<4>"/></StgValue>
</bind>
</comp>

<comp id="194" class="1001" name="const_194">
<pin_list>
<pin id="195" dir="1" index="0" bw="1" slack="0"/>
</pin_list>
<bind>
<StgValue><ssdm name="fwd_stage2_t<2>"/></StgValue>
</bind>
</comp>

<comp id="196" class="1001" name="const_196">
<pin_list>
<pin id="197" dir="1" index="0" bw="1" slack="0"/>
</pin_list>
<bind>
<StgValue><ssdm name=""/></StgValue>
</bind>
</comp>

<comp id="198" class="1001" name="const_198">
<pin_list>
<pin id="199" dir="1" index="0" bw="1" slack="0"/>
</pin_list>
<bind>
<StgValue><ssdm name=""/></StgValue>
</bind>
</comp>

<comp id="200" class="1001" name="const_200">
<pin_list>
<pin id="201" dir="1" index="0" bw="1" slack="0"/>
</pin_list>
<bind>
<StgValue><ssdm name="_ssdm_op_PartSelect.i4.i9.i32.i32"/></StgValue>
</bind>
</comp>

<comp id="202" class="1001" name="const_202">
<pin_list>
<pin id="203" dir="1" index="0" bw="1" slack="0"/>
</pin_list>
<bind>
<StgValue><ssdm name=""/></StgValue>
</bind>
</comp>

<comp id="204" class="1001" name="const_204">
<pin_list>
<pin id="205" dir="1" index="0" bw="1" slack="0"/>
</pin_list>
<bind>
<StgValue><ssdm name=""/></StgValue>
</bind>
</comp>

<comp id="206" class="1001" name="const_206">
<pin_list>
<pin id="207" dir="1" index="0" bw="1" slack="0"/>
</pin_list>
<bind>
<StgValue><ssdm name=""/></StgValue>
</bind>
</comp>

<comp id="208" class="1001" name="const_208">
<pin_list>
<pin id="209" dir="1" index="0" bw="1" slack="0"/>
</pin_list>
<bind>
<StgValue><ssdm name=""/></StgValue>
</bind>
</comp>

<comp id="210" class="1001" name="const_210">
<pin_list>
<pin id="211" dir="1" index="0" bw="1" slack="0"/>
</pin_list>
<bind>
<StgValue><ssdm name=""/></StgValue>
</bind>
</comp>

<comp id="212" class="1001" name="const_212">
<pin_list>
<pin id="213" dir="1" index="0" bw="1" slack="0"/>
</pin_list>
<bind>
<StgValue><ssdm name=""/></StgValue>
</bind>
</comp>

<comp id="214" class="1001" name="const_214">
<pin_list>
<pin id="215" dir="1" index="0" bw="1" slack="0"/>
</pin_list>
<bind>
<StgValue><ssdm name=""/></StgValue>
</bind>
</comp>

<comp id="216" class="1001" name="const_216">
<pin_list>
<pin id="217" dir="1" index="0" bw="1" slack="0"/>
</pin_list>
<bind>
<StgValue><ssdm name=""/></StgValue>
</bind>
</comp>

<comp id="218" class="1001" name="const_218">
<pin_list>
<pin id="219" dir="1" index="0" bw="1" slack="0"/>
</pin_list>
<bind>
<StgValue><ssdm name=""/></StgValue>
</bind>
</comp>

<comp id="220" class="1001" name="const_220">
<pin_list>
<pin id="221" dir="1" index="0" bw="1" slack="0"/>
</pin_list>
<bind>
<StgValue><ssdm name=""/></StgValue>
</bind>
</comp>

<comp id="222" class="1001" name="const_222">
<pin_list>
<pin id="223" dir="1" index="0" bw="1" slack="0"/>
</pin_list>
<bind>
<StgValue><ssdm name=""/></StgValue>
</bind>
</comp>

<comp id="224" class="1001" name="const_224">
<pin_list>
<pin id="225" dir="1" index="0" bw="1" slack="0"/>
</pin_list>
<bind>
<StgValue><ssdm name=""/></StgValue>
</bind>
</comp>

<comp id="226" class="1001" name="const_226">
<pin_list>
<pin id="227" dir="1" index="0" bw="1" slack="0"/>
</pin_list>
<bind>
<StgValue><ssdm name=""/></StgValue>
</bind>
</comp>

<comp id="228" class="1001" name="const_228">
<pin_list>
<pin id="229" dir="1" index="0" bw="1" slack="0"/>
</pin_list>
<bind>
<StgValue><ssdm name=""/></StgValue>
</bind>
</comp>

<comp id="230" class="1001" name="const_230">
<pin_list>
<pin id="231" dir="1" index="0" bw="1" slack="0"/>
</pin_list>
<bind>
<StgValue><ssdm name=""/></StgValue>
</bind>
</comp>

<comp id="232" class="1001" name="const_232">
<pin_list>
<pin id="233" dir="1" index="0" bw="1" slack="0"/>
</pin_list>
<bind>
<StgValue><ssdm name=""/></StgValue>
</bind>
</comp>

<comp id="234" class="1001" name="const_234">
<pin_list>
<pin id="235" dir="1" index="0" bw="1" slack="0"/>
</pin_list>
<bind>
<StgValue><ssdm name=""/></StgValue>
</bind>
</comp>

<comp id="236" class="1001" name="const_236">
<pin_list>
<pin id="237" dir="1" index="0" bw="1" slack="0"/>
</pin_list>
<bind>
<StgValue><ssdm name=""/></StgValue>
</bind>
</comp>

<comp id="238" class="1001" name="const_238">
<pin_list>
<pin id="239" dir="1" index="0" bw="1" slack="2147483647"/>
</pin_list>
<bind>
<StgValue><ssdm name="_ssdm_op_SpecPipeline"/></StgValue>
</bind>
</comp>

<comp id="240" class="1001" name="const_240">
<pin_list>
<pin id="241" dir="1" index="0" bw="1" slack="2147483647"/>
</pin_list>
<bind>
<StgValue><ssdm name=""/></StgValue>
</bind>
</comp>

<comp id="242" class="1001" name="const_242">
<pin_list>
<pin id="243" dir="1" index="0" bw="1" slack="2147483647"/>
</pin_list>
<bind>
<StgValue><ssdm name="empty_246"/></StgValue>
</bind>
</comp>

<comp id="244" class="1001" name="const_244">
<pin_list>
<pin id="245" dir="1" index="0" bw="1" slack="2147483647"/>
</pin_list>
<bind>
<StgValue><ssdm name="_ssdm_op_SpecLoopTripCount"/></StgValue>
</bind>
</comp>

<comp id="246" class="1001" name="const_246">
<pin_list>
<pin id="247" dir="1" index="0" bw="1" slack="2147483647"/>
</pin_list>
<bind>
<StgValue><ssdm name=""/></StgValue>
</bind>
</comp>

<comp id="248" class="1001" name="const_248">
<pin_list>
<pin id="249" dir="1" index="0" bw="1" slack="2147483647"/>
</pin_list>
<bind>
<StgValue><ssdm name="_ssdm_op_SpecLoopName"/></StgValue>
</bind>
</comp>

<comp id="250" class="1001" name="const_250">
<pin_list>
<pin id="251" dir="1" index="0" bw="1" slack="2147483647"/>
</pin_list>
<bind>
<StgValue><ssdm name="empty_107"/></StgValue>
</bind>
</comp>

<comp id="252" class="1001" name="const_252">
<pin_list>
<pin id="253" dir="1" index="0" bw="1" slack="0"/>
</pin_list>
<bind>
<StgValue><ssdm name="_ssdm_op_SparseMux.ap_auto.16i12.i12.i4"/></StgValue>
</bind>
</comp>

<comp id="254" class="1001" name="const_254">
<pin_list>
<pin id="255" dir="1" index="0" bw="1" slack="0"/>
</pin_list>
<bind>
<StgValue><ssdm name=""/></StgValue>
</bind>
</comp>

<comp id="256" class="1001" name="const_256">
<pin_list>
<pin id="257" dir="1" index="0" bw="1" slack="0"/>
</pin_list>
<bind>
<StgValue><ssdm name=""/></StgValue>
</bind>
</comp>

<comp id="258" class="1004" name="i_fu_258">
<pin_list>
<pin id="259" dir="0" index="0" bw="1" slack="0"/>
<pin id="260" dir="1" index="1" bw="9" slack="0"/>
</pin_list>
<bind>
<opcode="alloca(26) " fcode="alloca"/>
<opset="i/1 "/>
</bind>
</comp>

<comp id="262" class="1004" name="tA_alloca_fu_262">
<pin_list>
<pin id="263" dir="0" index="0" bw="1" slack="0"/>
<pin id="264" dir="1" index="1" bw="12" slack="0"/>
</pin_list>
<bind>
<opcode="alloca(26) " fcode="alloca"/>
<opset="tA/1 "/>
</bind>
</comp>

<comp id="266" class="1004" name="tA_1_alloca_fu_266">
<pin_list>
<pin id="267" dir="0" index="0" bw="1" slack="0"/>
<pin id="268" dir="1" index="1" bw="12" slack="0"/>
</pin_list>
<bind>
<opcode="alloca(26) " fcode="alloca"/>
<opset="tA_1/1 "/>
</bind>
</comp>

<comp id="270" class="1004" name="tA_2_alloca_fu_270">
<pin_list>
<pin id="271" dir="0" index="0" bw="1" slack="0"/>
<pin id="272" dir="1" index="1" bw="12" slack="0"/>
</pin_list>
<bind>
<opcode="alloca(26) " fcode="alloca"/>
<opset="tA_2/1 "/>
</bind>
</comp>

<comp id="274" class="1004" name="tA_3_alloca_fu_274">
<pin_list>
<pin id="275" dir="0" index="0" bw="1" slack="0"/>
<pin id="276" dir="1" index="1" bw="12" slack="0"/>
</pin_list>
<bind>
<opcode="alloca(26) " fcode="alloca"/>
<opset="tA_3/1 "/>
</bind>
</comp>

<comp id="278" class="1004" name="tA_4_alloca_fu_278">
<pin_list>
<pin id="279" dir="0" index="0" bw="1" slack="0"/>
<pin id="280" dir="1" index="1" bw="12" slack="0"/>
</pin_list>
<bind>
<opcode="alloca(26) " fcode="alloca"/>
<opset="tA_4/1 "/>
</bind>
</comp>

<comp id="282" class="1004" name="tA_5_alloca_fu_282">
<pin_list>
<pin id="283" dir="0" index="0" bw="1" slack="0"/>
<pin id="284" dir="1" index="1" bw="12" slack="0"/>
</pin_list>
<bind>
<opcode="alloca(26) " fcode="alloca"/>
<opset="tA_5/1 "/>
</bind>
</comp>

<comp id="286" class="1004" name="tA_6_alloca_fu_286">
<pin_list>
<pin id="287" dir="0" index="0" bw="1" slack="0"/>
<pin id="288" dir="1" index="1" bw="12" slack="0"/>
</pin_list>
<bind>
<opcode="alloca(26) " fcode="alloca"/>
<opset="tA_6/1 "/>
</bind>
</comp>

<comp id="290" class="1004" name="tA_7_alloca_fu_290">
<pin_list>
<pin id="291" dir="0" index="0" bw="1" slack="0"/>
<pin id="292" dir="1" index="1" bw="12" slack="0"/>
</pin_list>
<bind>
<opcode="alloca(26) " fcode="alloca"/>
<opset="tA_7/1 "/>
</bind>
</comp>

<comp id="294" class="1004" name="tA_8_alloca_fu_294">
<pin_list>
<pin id="295" dir="0" index="0" bw="1" slack="0"/>
<pin id="296" dir="1" index="1" bw="12" slack="0"/>
</pin_list>
<bind>
<opcode="alloca(26) " fcode="alloca"/>
<opset="tA_8/1 "/>
</bind>
</comp>

<comp id="298" class="1004" name="tA_9_alloca_fu_298">
<pin_list>
<pin id="299" dir="0" index="0" bw="1" slack="0"/>
<pin id="300" dir="1" index="1" bw="12" slack="0"/>
</pin_list>
<bind>
<opcode="alloca(26) " fcode="alloca"/>
<opset="tA_9/1 "/>
</bind>
</comp>

<comp id="302" class="1004" name="tA_10_alloca_fu_302">
<pin_list>
<pin id="303" dir="0" index="0" bw="1" slack="0"/>
<pin id="304" dir="1" index="1" bw="12" slack="0"/>
</pin_list>
<bind>
<opcode="alloca(26) " fcode="alloca"/>
<opset="tA_10/1 "/>
</bind>
</comp>

<comp id="306" class="1004" name="tA_11_alloca_fu_306">
<pin_list>
<pin id="307" dir="0" index="0" bw="1" slack="0"/>
<pin id="308" dir="1" index="1" bw="12" slack="0"/>
</pin_list>
<bind>
<opcode="alloca(26) " fcode="alloca"/>
<opset="tA_11/1 "/>
</bind>
</comp>

<comp id="310" class="1004" name="tA_12_alloca_fu_310">
<pin_list>
<pin id="311" dir="0" index="0" bw="1" slack="0"/>
<pin id="312" dir="1" index="1" bw="12" slack="0"/>
</pin_list>
<bind>
<opcode="alloca(26) " fcode="alloca"/>
<opset="tA_12/1 "/>
</bind>
</comp>

<comp id="314" class="1004" name="tA_13_alloca_fu_314">
<pin_list>
<pin id="315" dir="0" index="0" bw="1" slack="0"/>
<pin id="316" dir="1" index="1" bw="12" slack="0"/>
</pin_list>
<bind>
<opcode="alloca(26) " fcode="alloca"/>
<opset="tA_13/1 "/>
</bind>
</comp>

<comp id="318" class="1004" name="tA_14_alloca_fu_318">
<pin_list>
<pin id="319" dir="0" index="0" bw="1" slack="0"/>
<pin id="320" dir="1" index="1" bw="12" slack="0"/>
</pin_list>
<bind>
<opcode="alloca(26) " fcode="alloca"/>
<opset="tA_14/1 "/>
</bind>
</comp>

<comp id="322" class="1004" name="tA_15_alloca_fu_322">
<pin_list>
<pin id="323" dir="0" index="0" bw="1" slack="0"/>
<pin id="324" dir="1" index="1" bw="12" slack="0"/>
</pin_list>
<bind>
<opcode="alloca(26) " fcode="alloca"/>
<opset="tA_15/1 "/>
</bind>
</comp>

<comp id="326" class="1004" name="tB_alloca_fu_326">
<pin_list>
<pin id="327" dir="0" index="0" bw="1" slack="0"/>
<pin id="328" dir="1" index="1" bw="12" slack="0"/>
</pin_list>
<bind>
<opcode="alloca(26) " fcode="alloca"/>
<opset="tB/1 "/>
</bind>
</comp>

<comp id="330" class="1004" name="tB_1_alloca_fu_330">
<pin_list>
<pin id="331" dir="0" index="0" bw="1" slack="0"/>
<pin id="332" dir="1" index="1" bw="12" slack="0"/>
</pin_list>
<bind>
<opcode="alloca(26) " fcode="alloca"/>
<opset="tB_1/1 "/>
</bind>
</comp>

<comp id="334" class="1004" name="tB_2_alloca_fu_334">
<pin_list>
<pin id="335" dir="0" index="0" bw="1" slack="0"/>
<pin id="336" dir="1" index="1" bw="12" slack="0"/>
</pin_list>
<bind>
<opcode="alloca(26) " fcode="alloca"/>
<opset="tB_2/1 "/>
</bind>
</comp>

<comp id="338" class="1004" name="tB_3_alloca_fu_338">
<pin_list>
<pin id="339" dir="0" index="0" bw="1" slack="0"/>
<pin id="340" dir="1" index="1" bw="12" slack="0"/>
</pin_list>
<bind>
<opcode="alloca(26) " fcode="alloca"/>
<opset="tB_3/1 "/>
</bind>
</comp>

<comp id="342" class="1004" name="tB_4_alloca_fu_342">
<pin_list>
<pin id="343" dir="0" index="0" bw="1" slack="0"/>
<pin id="344" dir="1" index="1" bw="12" slack="0"/>
</pin_list>
<bind>
<opcode="alloca(26) " fcode="alloca"/>
<opset="tB_4/1 "/>
</bind>
</comp>

<comp id="346" class="1004" name="tB_5_alloca_fu_346">
<pin_list>
<pin id="347" dir="0" index="0" bw="1" slack="0"/>
<pin id="348" dir="1" index="1" bw="12" slack="0"/>
</pin_list>
<bind>
<opcode="alloca(26) " fcode="alloca"/>
<opset="tB_5/1 "/>
</bind>
</comp>

<comp id="350" class="1004" name="tB_6_alloca_fu_350">
<pin_list>
<pin id="351" dir="0" index="0" bw="1" slack="0"/>
<pin id="352" dir="1" index="1" bw="12" slack="0"/>
</pin_list>
<bind>
<opcode="alloca(26) " fcode="alloca"/>
<opset="tB_6/1 "/>
</bind>
</comp>

<comp id="354" class="1004" name="tB_7_alloca_fu_354">
<pin_list>
<pin id="355" dir="0" index="0" bw="1" slack="0"/>
<pin id="356" dir="1" index="1" bw="12" slack="0"/>
</pin_list>
<bind>
<opcode="alloca(26) " fcode="alloca"/>
<opset="tB_7/1 "/>
</bind>
</comp>

<comp id="358" class="1004" name="tB_8_alloca_fu_358">
<pin_list>
<pin id="359" dir="0" index="0" bw="1" slack="0"/>
<pin id="360" dir="1" index="1" bw="12" slack="0"/>
</pin_list>
<bind>
<opcode="alloca(26) " fcode="alloca"/>
<opset="tB_8/1 "/>
</bind>
</comp>

<comp id="362" class="1004" name="tB_9_alloca_fu_362">
<pin_list>
<pin id="363" dir="0" index="0" bw="1" slack="0"/>
<pin id="364" dir="1" index="1" bw="12" slack="0"/>
</pin_list>
<bind>
<opcode="alloca(26) " fcode="alloca"/>
<opset="tB_9/1 "/>
</bind>
</comp>

<comp id="366" class="1004" name="tB_10_alloca_fu_366">
<pin_list>
<pin id="367" dir="0" index="0" bw="1" slack="0"/>
<pin id="368" dir="1" index="1" bw="12" slack="0"/>
</pin_list>
<bind>
<opcode="alloca(26) " fcode="alloca"/>
<opset="tB_10/1 "/>
</bind>
</comp>

<comp id="370" class="1004" name="tB_11_alloca_fu_370">
<pin_list>
<pin id="371" dir="0" index="0" bw="1" slack="0"/>
<pin id="372" dir="1" index="1" bw="12" slack="0"/>
</pin_list>
<bind>
<opcode="alloca(26) " fcode="alloca"/>
<opset="tB_11/1 "/>
</bind>
</comp>

<comp id="374" class="1004" name="tB_12_alloca_fu_374">
<pin_list>
<pin id="375" dir="0" index="0" bw="1" slack="0"/>
<pin id="376" dir="1" index="1" bw="12" slack="0"/>
</pin_list>
<bind>
<opcode="alloca(26) " fcode="alloca"/>
<opset="tB_12/1 "/>
</bind>
</comp>

<comp id="378" class="1004" name="tB_13_alloca_fu_378">
<pin_list>
<pin id="379" dir="0" index="0" bw="1" slack="0"/>
<pin id="380" dir="1" index="1" bw="12" slack="0"/>
</pin_list>
<bind>
<opcode="alloca(26) " fcode="alloca"/>
<opset="tB_13/1 "/>
</bind>
</comp>

<comp id="382" class="1004" name="tB_14_alloca_fu_382">
<pin_list>
<pin id="383" dir="0" index="0" bw="1" slack="0"/>
<pin id="384" dir="1" index="1" bw="12" slack="0"/>
</pin_list>
<bind>
<opcode="alloca(26) " fcode="alloca"/>
<opset="tB_14/1 "/>
</bind>
</comp>

<comp id="386" class="1004" name="tB_15_alloca_fu_386">
<pin_list>
<pin id="387" dir="0" index="0" bw="1" slack="0"/>
<pin id="388" dir="1" index="1" bw="12" slack="0"/>
</pin_list>
<bind>
<opcode="alloca(26) " fcode="alloca"/>
<opset="tB_15/1 "/>
</bind>
</comp>

<comp id="390" class="1004" name="tA_addr_gep_fu_390">
<pin_list>
<pin id="391" dir="0" index="0" bw="12" slack="2147483647"/>
<pin id="392" dir="0" index="1" bw="1" slack="0"/>
<pin id="393" dir="0" index="2" bw="4" slack="0"/>
<pin id="394" dir="1" index="3" bw="4" slack="0"/>
</pin_list>
<bind>
<opcode="getelementptr(29) " fcode="getelementptr"/>
<opset="tA_addr/15 "/>
</bind>
</comp>

<comp id="396" class="1004" name="tA_1_addr_gep_fu_396">
<pin_list>
<pin id="397" dir="0" index="0" bw="12" slack="2147483647"/>
<pin id="398" dir="0" index="1" bw="1" slack="0"/>
<pin id="399" dir="0" index="2" bw="4" slack="0"/>
<pin id="400" dir="1" index="3" bw="4" slack="0"/>
</pin_list>
<bind>
<opcode="getelementptr(29) " fcode="getelementptr"/>
<opset="tA_1_addr/15 "/>
</bind>
</comp>

<comp id="402" class="1004" name="tA_2_addr_gep_fu_402">
<pin_list>
<pin id="403" dir="0" index="0" bw="12" slack="2147483647"/>
<pin id="404" dir="0" index="1" bw="1" slack="0"/>
<pin id="405" dir="0" index="2" bw="4" slack="0"/>
<pin id="406" dir="1" index="3" bw="4" slack="0"/>
</pin_list>
<bind>
<opcode="getelementptr(29) " fcode="getelementptr"/>
<opset="tA_2_addr/15 "/>
</bind>
</comp>

<comp id="408" class="1004" name="tA_3_addr_gep_fu_408">
<pin_list>
<pin id="409" dir="0" index="0" bw="12" slack="2147483647"/>
<pin id="410" dir="0" index="1" bw="1" slack="0"/>
<pin id="411" dir="0" index="2" bw="4" slack="0"/>
<pin id="412" dir="1" index="3" bw="4" slack="0"/>
</pin_list>
<bind>
<opcode="getelementptr(29) " fcode="getelementptr"/>
<opset="tA_3_addr/15 "/>
</bind>
</comp>

<comp id="414" class="1004" name="tA_4_addr_gep_fu_414">
<pin_list>
<pin id="415" dir="0" index="0" bw="12" slack="2147483647"/>
<pin id="416" dir="0" index="1" bw="1" slack="0"/>
<pin id="417" dir="0" index="2" bw="4" slack="0"/>
<pin id="418" dir="1" index="3" bw="4" slack="0"/>
</pin_list>
<bind>
<opcode="getelementptr(29) " fcode="getelementptr"/>
<opset="tA_4_addr/15 "/>
</bind>
</comp>

<comp id="420" class="1004" name="tA_5_addr_gep_fu_420">
<pin_list>
<pin id="421" dir="0" index="0" bw="12" slack="2147483647"/>
<pin id="422" dir="0" index="1" bw="1" slack="0"/>
<pin id="423" dir="0" index="2" bw="4" slack="0"/>
<pin id="424" dir="1" index="3" bw="4" slack="0"/>
</pin_list>
<bind>
<opcode="getelementptr(29) " fcode="getelementptr"/>
<opset="tA_5_addr/15 "/>
</bind>
</comp>

<comp id="426" class="1004" name="tA_6_addr_gep_fu_426">
<pin_list>
<pin id="427" dir="0" index="0" bw="12" slack="2147483647"/>
<pin id="428" dir="0" index="1" bw="1" slack="0"/>
<pin id="429" dir="0" index="2" bw="4" slack="0"/>
<pin id="430" dir="1" index="3" bw="4" slack="0"/>
</pin_list>
<bind>
<opcode="getelementptr(29) " fcode="getelementptr"/>
<opset="tA_6_addr/15 "/>
</bind>
</comp>

<comp id="432" class="1004" name="tA_7_addr_gep_fu_432">
<pin_list>
<pin id="433" dir="0" index="0" bw="12" slack="2147483647"/>
<pin id="434" dir="0" index="1" bw="1" slack="0"/>
<pin id="435" dir="0" index="2" bw="4" slack="0"/>
<pin id="436" dir="1" index="3" bw="4" slack="0"/>
</pin_list>
<bind>
<opcode="getelementptr(29) " fcode="getelementptr"/>
<opset="tA_7_addr/15 "/>
</bind>
</comp>

<comp id="438" class="1004" name="tA_8_addr_gep_fu_438">
<pin_list>
<pin id="439" dir="0" index="0" bw="12" slack="2147483647"/>
<pin id="440" dir="0" index="1" bw="1" slack="0"/>
<pin id="441" dir="0" index="2" bw="4" slack="0"/>
<pin id="442" dir="1" index="3" bw="4" slack="0"/>
</pin_list>
<bind>
<opcode="getelementptr(29) " fcode="getelementptr"/>
<opset="tA_8_addr/15 "/>
</bind>
</comp>

<comp id="444" class="1004" name="tA_9_addr_gep_fu_444">
<pin_list>
<pin id="445" dir="0" index="0" bw="12" slack="2147483647"/>
<pin id="446" dir="0" index="1" bw="1" slack="0"/>
<pin id="447" dir="0" index="2" bw="4" slack="0"/>
<pin id="448" dir="1" index="3" bw="4" slack="0"/>
</pin_list>
<bind>
<opcode="getelementptr(29) " fcode="getelementptr"/>
<opset="tA_9_addr/15 "/>
</bind>
</comp>

<comp id="450" class="1004" name="tA_10_addr_gep_fu_450">
<pin_list>
<pin id="451" dir="0" index="0" bw="12" slack="2147483647"/>
<pin id="452" dir="0" index="1" bw="1" slack="0"/>
<pin id="453" dir="0" index="2" bw="4" slack="0"/>
<pin id="454" dir="1" index="3" bw="4" slack="0"/>
</pin_list>
<bind>
<opcode="getelementptr(29) " fcode="getelementptr"/>
<opset="tA_10_addr/15 "/>
</bind>
</comp>

<comp id="456" class="1004" name="tA_11_addr_gep_fu_456">
<pin_list>
<pin id="457" dir="0" index="0" bw="12" slack="2147483647"/>
<pin id="458" dir="0" index="1" bw="1" slack="0"/>
<pin id="459" dir="0" index="2" bw="4" slack="0"/>
<pin id="460" dir="1" index="3" bw="4" slack="0"/>
</pin_list>
<bind>
<opcode="getelementptr(29) " fcode="getelementptr"/>
<opset="tA_11_addr/15 "/>
</bind>
</comp>

<comp id="462" class="1004" name="tA_12_addr_gep_fu_462">
<pin_list>
<pin id="463" dir="0" index="0" bw="12" slack="2147483647"/>
<pin id="464" dir="0" index="1" bw="1" slack="0"/>
<pin id="465" dir="0" index="2" bw="4" slack="0"/>
<pin id="466" dir="1" index="3" bw="4" slack="0"/>
</pin_list>
<bind>
<opcode="getelementptr(29) " fcode="getelementptr"/>
<opset="tA_12_addr/15 "/>
</bind>
</comp>

<comp id="468" class="1004" name="tA_13_addr_gep_fu_468">
<pin_list>
<pin id="469" dir="0" index="0" bw="12" slack="2147483647"/>
<pin id="470" dir="0" index="1" bw="1" slack="0"/>
<pin id="471" dir="0" index="2" bw="4" slack="0"/>
<pin id="472" dir="1" index="3" bw="4" slack="0"/>
</pin_list>
<bind>
<opcode="getelementptr(29) " fcode="getelementptr"/>
<opset="tA_13_addr/15 "/>
</bind>
</comp>

<comp id="474" class="1004" name="tA_14_addr_gep_fu_474">
<pin_list>
<pin id="475" dir="0" index="0" bw="12" slack="2147483647"/>
<pin id="476" dir="0" index="1" bw="1" slack="0"/>
<pin id="477" dir="0" index="2" bw="4" slack="0"/>
<pin id="478" dir="1" index="3" bw="4" slack="0"/>
</pin_list>
<bind>
<opcode="getelementptr(29) " fcode="getelementptr"/>
<opset="tA_14_addr/15 "/>
</bind>
</comp>

<comp id="480" class="1004" name="tA_15_addr_gep_fu_480">
<pin_list>
<pin id="481" dir="0" index="0" bw="12" slack="2147483647"/>
<pin id="482" dir="0" index="1" bw="1" slack="0"/>
<pin id="483" dir="0" index="2" bw="4" slack="0"/>
<pin id="484" dir="1" index="3" bw="4" slack="0"/>
</pin_list>
<bind>
<opcode="getelementptr(29) " fcode="getelementptr"/>
<opset="tA_15_addr/15 "/>
</bind>
</comp>

<comp id="486" class="1004" name="grp_access_fu_486">
<pin_list>
<pin id="487" dir="0" index="0" bw="4" slack="0"/>
<pin id="488" dir="0" index="1" bw="12" slack="2147483647"/>
<pin id="489" dir="0" index="2" bw="0" slack="2147483647"/>
<pin id="490" dir="1" index="3" bw="12" slack="0"/>
</pin_list>
<bind>
<opcode="load(27) " fcode="load"/>
<opset="tA_load/15 "/>
</bind>
</comp>

<comp id="492" class="1004" name="grp_access_fu_492">
<pin_list>
<pin id="493" dir="0" index="0" bw="4" slack="0"/>
<pin id="494" dir="0" index="1" bw="12" slack="2147483647"/>
<pin id="495" dir="0" index="2" bw="0" slack="2147483647"/>
<pin id="496" dir="1" index="3" bw="12" slack="0"/>
</pin_list>
<bind>
<opcode="load(27) " fcode="load"/>
<opset="tA_1_load/15 "/>
</bind>
</comp>

<comp id="498" class="1004" name="grp_access_fu_498">
<pin_list>
<pin id="499" dir="0" index="0" bw="4" slack="0"/>
<pin id="500" dir="0" index="1" bw="12" slack="2147483647"/>
<pin id="501" dir="0" index="2" bw="0" slack="2147483647"/>
<pin id="502" dir="1" index="3" bw="12" slack="0"/>
</pin_list>
<bind>
<opcode="load(27) " fcode="load"/>
<opset="tA_2_load/15 "/>
</bind>
</comp>

<comp id="504" class="1004" name="grp_access_fu_504">
<pin_list>
<pin id="505" dir="0" index="0" bw="4" slack="0"/>
<pin id="506" dir="0" index="1" bw="12" slack="2147483647"/>
<pin id="507" dir="0" index="2" bw="0" slack="2147483647"/>
<pin id="508" dir="1" index="3" bw="12" slack="0"/>
</pin_list>
<bind>
<opcode="load(27) " fcode="load"/>
<opset="tA_3_load/15 "/>
</bind>
</comp>

<comp id="510" class="1004" name="grp_access_fu_510">
<pin_list>
<pin id="511" dir="0" index="0" bw="4" slack="0"/>
<pin id="512" dir="0" index="1" bw="12" slack="2147483647"/>
<pin id="513" dir="0" index="2" bw="0" slack="2147483647"/>
<pin id="514" dir="1" index="3" bw="12" slack="0"/>
</pin_list>
<bind>
<opcode="load(27) " fcode="load"/>
<opset="tA_4_load/15 "/>
</bind>
</comp>

<comp id="516" class="1004" name="grp_access_fu_516">
<pin_list>
<pin id="517" dir="0" index="0" bw="4" slack="0"/>
<pin id="518" dir="0" index="1" bw="12" slack="2147483647"/>
<pin id="519" dir="0" index="2" bw="0" slack="2147483647"/>
<pin id="520" dir="1" index="3" bw="12" slack="0"/>
</pin_list>
<bind>
<opcode="load(27) " fcode="load"/>
<opset="tA_5_load/15 "/>
</bind>
</comp>

<comp id="522" class="1004" name="grp_access_fu_522">
<pin_list>
<pin id="523" dir="0" index="0" bw="4" slack="0"/>
<pin id="524" dir="0" index="1" bw="12" slack="2147483647"/>
<pin id="525" dir="0" index="2" bw="0" slack="2147483647"/>
<pin id="526" dir="1" index="3" bw="12" slack="0"/>
</pin_list>
<bind>
<opcode="load(27) " fcode="load"/>
<opset="tA_6_load/15 "/>
</bind>
</comp>

<comp id="528" class="1004" name="grp_access_fu_528">
<pin_list>
<pin id="529" dir="0" index="0" bw="4" slack="0"/>
<pin id="530" dir="0" index="1" bw="12" slack="2147483647"/>
<pin id="531" dir="0" index="2" bw="0" slack="2147483647"/>
<pin id="532" dir="1" index="3" bw="12" slack="0"/>
</pin_list>
<bind>
<opcode="load(27) " fcode="load"/>
<opset="tA_7_load/15 "/>
</bind>
</comp>

<comp id="534" class="1004" name="grp_access_fu_534">
<pin_list>
<pin id="535" dir="0" index="0" bw="4" slack="0"/>
<pin id="536" dir="0" index="1" bw="12" slack="2147483647"/>
<pin id="537" dir="0" index="2" bw="0" slack="2147483647"/>
<pin id="538" dir="1" index="3" bw="12" slack="0"/>
</pin_list>
<bind>
<opcode="load(27) " fcode="load"/>
<opset="tA_8_load/15 "/>
</bind>
</comp>

<comp id="540" class="1004" name="grp_access_fu_540">
<pin_list>
<pin id="541" dir="0" index="0" bw="4" slack="0"/>
<pin id="542" dir="0" index="1" bw="12" slack="2147483647"/>
<pin id="543" dir="0" index="2" bw="0" slack="2147483647"/>
<pin id="544" dir="1" index="3" bw="12" slack="0"/>
</pin_list>
<bind>
<opcode="load(27) " fcode="load"/>
<opset="tA_9_load/15 "/>
</bind>
</comp>

<comp id="546" class="1004" name="grp_access_fu_546">
<pin_list>
<pin id="547" dir="0" index="0" bw="4" slack="0"/>
<pin id="548" dir="0" index="1" bw="12" slack="2147483647"/>
<pin id="549" dir="0" index="2" bw="0" slack="2147483647"/>
<pin id="550" dir="1" index="3" bw="12" slack="0"/>
</pin_list>
<bind>
<opcode="load(27) " fcode="load"/>
<opset="tA_10_load/15 "/>
</bind>
</comp>

<comp id="552" class="1004" name="grp_access_fu_552">
<pin_list>
<pin id="553" dir="0" index="0" bw="4" slack="0"/>
<pin id="554" dir="0" index="1" bw="12" slack="2147483647"/>
<pin id="555" dir="0" index="2" bw="0" slack="2147483647"/>
<pin id="556" dir="1" index="3" bw="12" slack="0"/>
</pin_list>
<bind>
<opcode="load(27) " fcode="load"/>
<opset="tA_11_load/15 "/>
</bind>
</comp>

<comp id="558" class="1004" name="grp_access_fu_558">
<pin_list>
<pin id="559" dir="0" index="0" bw="4" slack="0"/>
<pin id="560" dir="0" index="1" bw="12" slack="2147483647"/>
<pin id="561" dir="0" index="2" bw="0" slack="2147483647"/>
<pin id="562" dir="1" index="3" bw="12" slack="0"/>
</pin_list>
<bind>
<opcode="load(27) " fcode="load"/>
<opset="tA_12_load/15 "/>
</bind>
</comp>

<comp id="564" class="1004" name="grp_access_fu_564">
<pin_list>
<pin id="565" dir="0" index="0" bw="4" slack="0"/>
<pin id="566" dir="0" index="1" bw="12" slack="2147483647"/>
<pin id="567" dir="0" index="2" bw="0" slack="2147483647"/>
<pin id="568" dir="1" index="3" bw="12" slack="0"/>
</pin_list>
<bind>
<opcode="load(27) " fcode="load"/>
<opset="tA_13_load/15 "/>
</bind>
</comp>

<comp id="570" class="1004" name="grp_access_fu_570">
<pin_list>
<pin id="571" dir="0" index="0" bw="4" slack="0"/>
<pin id="572" dir="0" index="1" bw="12" slack="2147483647"/>
<pin id="573" dir="0" index="2" bw="0" slack="2147483647"/>
<pin id="574" dir="1" index="3" bw="12" slack="0"/>
</pin_list>
<bind>
<opcode="load(27) " fcode="load"/>
<opset="tA_14_load/15 "/>
</bind>
</comp>

<comp id="576" class="1004" name="grp_access_fu_576">
<pin_list>
<pin id="577" dir="0" index="0" bw="4" slack="0"/>
<pin id="578" dir="0" index="1" bw="12" slack="2147483647"/>
<pin id="579" dir="0" index="2" bw="0" slack="2147483647"/>
<pin id="580" dir="1" index="3" bw="12" slack="0"/>
</pin_list>
<bind>
<opcode="load(27) " fcode="load"/>
<opset="tA_15_load/15 "/>
</bind>
</comp>

<comp id="582" class="1004" name="tB_addr_gep_fu_582">
<pin_list>
<pin id="583" dir="0" index="0" bw="12" slack="2147483647"/>
<pin id="584" dir="0" index="1" bw="1" slack="0"/>
<pin id="585" dir="0" index="2" bw="4" slack="0"/>
<pin id="586" dir="1" index="3" bw="4" slack="0"/>
</pin_list>
<bind>
<opcode="getelementptr(29) " fcode="getelementptr"/>
<opset="tB_addr/15 "/>
</bind>
</comp>

<comp id="588" class="1004" name="tB_1_addr_gep_fu_588">
<pin_list>
<pin id="589" dir="0" index="0" bw="12" slack="2147483647"/>
<pin id="590" dir="0" index="1" bw="1" slack="0"/>
<pin id="591" dir="0" index="2" bw="4" slack="0"/>
<pin id="592" dir="1" index="3" bw="4" slack="0"/>
</pin_list>
<bind>
<opcode="getelementptr(29) " fcode="getelementptr"/>
<opset="tB_1_addr/15 "/>
</bind>
</comp>

<comp id="594" class="1004" name="tB_2_addr_gep_fu_594">
<pin_list>
<pin id="595" dir="0" index="0" bw="12" slack="2147483647"/>
<pin id="596" dir="0" index="1" bw="1" slack="0"/>
<pin id="597" dir="0" index="2" bw="4" slack="0"/>
<pin id="598" dir="1" index="3" bw="4" slack="0"/>
</pin_list>
<bind>
<opcode="getelementptr(29) " fcode="getelementptr"/>
<opset="tB_2_addr/15 "/>
</bind>
</comp>

<comp id="600" class="1004" name="tB_3_addr_gep_fu_600">
<pin_list>
<pin id="601" dir="0" index="0" bw="12" slack="2147483647"/>
<pin id="602" dir="0" index="1" bw="1" slack="0"/>
<pin id="603" dir="0" index="2" bw="4" slack="0"/>
<pin id="604" dir="1" index="3" bw="4" slack="0"/>
</pin_list>
<bind>
<opcode="getelementptr(29) " fcode="getelementptr"/>
<opset="tB_3_addr/15 "/>
</bind>
</comp>

<comp id="606" class="1004" name="tB_4_addr_gep_fu_606">
<pin_list>
<pin id="607" dir="0" index="0" bw="12" slack="2147483647"/>
<pin id="608" dir="0" index="1" bw="1" slack="0"/>
<pin id="609" dir="0" index="2" bw="4" slack="0"/>
<pin id="610" dir="1" index="3" bw="4" slack="0"/>
</pin_list>
<bind>
<opcode="getelementptr(29) " fcode="getelementptr"/>
<opset="tB_4_addr/15 "/>
</bind>
</comp>

<comp id="612" class="1004" name="tB_5_addr_gep_fu_612">
<pin_list>
<pin id="613" dir="0" index="0" bw="12" slack="2147483647"/>
<pin id="614" dir="0" index="1" bw="1" slack="0"/>
<pin id="615" dir="0" index="2" bw="4" slack="0"/>
<pin id="616" dir="1" index="3" bw="4" slack="0"/>
</pin_list>
<bind>
<opcode="getelementptr(29) " fcode="getelementptr"/>
<opset="tB_5_addr/15 "/>
</bind>
</comp>

<comp id="618" class="1004" name="tB_6_addr_gep_fu_618">
<pin_list>
<pin id="619" dir="0" index="0" bw="12" slack="2147483647"/>
<pin id="620" dir="0" index="1" bw="1" slack="0"/>
<pin id="621" dir="0" index="2" bw="4" slack="0"/>
<pin id="622" dir="1" index="3" bw="4" slack="0"/>
</pin_list>
<bind>
<opcode="getelementptr(29) " fcode="getelementptr"/>
<opset="tB_6_addr/15 "/>
</bind>
</comp>

<comp id="624" class="1004" name="tB_7_addr_gep_fu_624">
<pin_list>
<pin id="625" dir="0" index="0" bw="12" slack="2147483647"/>
<pin id="626" dir="0" index="1" bw="1" slack="0"/>
<pin id="627" dir="0" index="2" bw="4" slack="0"/>
<pin id="628" dir="1" index="3" bw="4" slack="0"/>
</pin_list>
<bind>
<opcode="getelementptr(29) " fcode="getelementptr"/>
<opset="tB_7_addr/15 "/>
</bind>
</comp>

<comp id="630" class="1004" name="tB_8_addr_gep_fu_630">
<pin_list>
<pin id="631" dir="0" index="0" bw="12" slack="2147483647"/>
<pin id="632" dir="0" index="1" bw="1" slack="0"/>
<pin id="633" dir="0" index="2" bw="4" slack="0"/>
<pin id="634" dir="1" index="3" bw="4" slack="0"/>
</pin_list>
<bind>
<opcode="getelementptr(29) " fcode="getelementptr"/>
<opset="tB_8_addr/15 "/>
</bind>
</comp>

<comp id="636" class="1004" name="tB_9_addr_gep_fu_636">
<pin_list>
<pin id="637" dir="0" index="0" bw="12" slack="2147483647"/>
<pin id="638" dir="0" index="1" bw="1" slack="0"/>
<pin id="639" dir="0" index="2" bw="4" slack="0"/>
<pin id="640" dir="1" index="3" bw="4" slack="0"/>
</pin_list>
<bind>
<opcode="getelementptr(29) " fcode="getelementptr"/>
<opset="tB_9_addr/15 "/>
</bind>
</comp>

<comp id="642" class="1004" name="tB_10_addr_gep_fu_642">
<pin_list>
<pin id="643" dir="0" index="0" bw="12" slack="2147483647"/>
<pin id="644" dir="0" index="1" bw="1" slack="0"/>
<pin id="645" dir="0" index="2" bw="4" slack="0"/>
<pin id="646" dir="1" index="3" bw="4" slack="0"/>
</pin_list>
<bind>
<opcode="getelementptr(29) " fcode="getelementptr"/>
<opset="tB_10_addr/15 "/>
</bind>
</comp>

<comp id="648" class="1004" name="tB_11_addr_gep_fu_648">
<pin_list>
<pin id="649" dir="0" index="0" bw="12" slack="2147483647"/>
<pin id="650" dir="0" index="1" bw="1" slack="0"/>
<pin id="651" dir="0" index="2" bw="4" slack="0"/>
<pin id="652" dir="1" index="3" bw="4" slack="0"/>
</pin_list>
<bind>
<opcode="getelementptr(29) " fcode="getelementptr"/>
<opset="tB_11_addr/15 "/>
</bind>
</comp>

<comp id="654" class="1004" name="tB_12_addr_gep_fu_654">
<pin_list>
<pin id="655" dir="0" index="0" bw="12" slack="2147483647"/>
<pin id="656" dir="0" index="1" bw="1" slack="0"/>
<pin id="657" dir="0" index="2" bw="4" slack="0"/>
<pin id="658" dir="1" index="3" bw="4" slack="0"/>
</pin_list>
<bind>
<opcode="getelementptr(29) " fcode="getelementptr"/>
<opset="tB_12_addr/15 "/>
</bind>
</comp>

<comp id="660" class="1004" name="tB_13_addr_gep_fu_660">
<pin_list>
<pin id="661" dir="0" index="0" bw="12" slack="2147483647"/>
<pin id="662" dir="0" index="1" bw="1" slack="0"/>
<pin id="663" dir="0" index="2" bw="4" slack="0"/>
<pin id="664" dir="1" index="3" bw="4" slack="0"/>
</pin_list>
<bind>
<opcode="getelementptr(29) " fcode="getelementptr"/>
<opset="tB_13_addr/15 "/>
</bind>
</comp>

<comp id="666" class="1004" name="tB_14_addr_gep_fu_666">
<pin_list>
<pin id="667" dir="0" index="0" bw="12" slack="2147483647"/>
<pin id="668" dir="0" index="1" bw="1" slack="0"/>
<pin id="669" dir="0" index="2" bw="4" slack="0"/>
<pin id="670" dir="1" index="3" bw="4" slack="0"/>
</pin_list>
<bind>
<opcode="getelementptr(29) " fcode="getelementptr"/>
<opset="tB_14_addr/15 "/>
</bind>
</comp>

<comp id="672" class="1004" name="tB_15_addr_gep_fu_672">
<pin_list>
<pin id="673" dir="0" index="0" bw="12" slack="2147483647"/>
<pin id="674" dir="0" index="1" bw="1" slack="0"/>
<pin id="675" dir="0" index="2" bw="4" slack="0"/>
<pin id="676" dir="1" index="3" bw="4" slack="0"/>
</pin_list>
<bind>
<opcode="getelementptr(29) " fcode="getelementptr"/>
<opset="tB_15_addr/15 "/>
</bind>
</comp>

<comp id="678" class="1004" name="grp_access_fu_678">
<pin_list>
<pin id="679" dir="0" index="0" bw="4" slack="0"/>
<pin id="680" dir="0" index="1" bw="12" slack="2147483647"/>
<pin id="681" dir="0" index="2" bw="0" slack="2147483647"/>
<pin id="682" dir="1" index="3" bw="12" slack="0"/>
</pin_list>
<bind>
<opcode="load(27) " fcode="load"/>
<opset="tB_load/15 "/>
</bind>
</comp>

<comp id="684" class="1004" name="grp_access_fu_684">
<pin_list>
<pin id="685" dir="0" index="0" bw="4" slack="0"/>
<pin id="686" dir="0" index="1" bw="12" slack="2147483647"/>
<pin id="687" dir="0" index="2" bw="0" slack="2147483647"/>
<pin id="688" dir="1" index="3" bw="12" slack="0"/>
</pin_list>
<bind>
<opcode="load(27) " fcode="load"/>
<opset="tB_1_load/15 "/>
</bind>
</comp>

<comp id="690" class="1004" name="grp_access_fu_690">
<pin_list>
<pin id="691" dir="0" index="0" bw="4" slack="0"/>
<pin id="692" dir="0" index="1" bw="12" slack="2147483647"/>
<pin id="693" dir="0" index="2" bw="0" slack="2147483647"/>
<pin id="694" dir="1" index="3" bw="12" slack="0"/>
</pin_list>
<bind>
<opcode="load(27) " fcode="load"/>
<opset="tB_2_load/15 "/>
</bind>
</comp>

<comp id="696" class="1004" name="grp_access_fu_696">
<pin_list>
<pin id="697" dir="0" index="0" bw="4" slack="0"/>
<pin id="698" dir="0" index="1" bw="12" slack="2147483647"/>
<pin id="699" dir="0" index="2" bw="0" slack="2147483647"/>
<pin id="700" dir="1" index="3" bw="12" slack="0"/>
</pin_list>
<bind>
<opcode="load(27) " fcode="load"/>
<opset="tB_3_load/15 "/>
</bind>
</comp>

<comp id="702" class="1004" name="grp_access_fu_702">
<pin_list>
<pin id="703" dir="0" index="0" bw="4" slack="0"/>
<pin id="704" dir="0" index="1" bw="12" slack="2147483647"/>
<pin id="705" dir="0" index="2" bw="0" slack="2147483647"/>
<pin id="706" dir="1" index="3" bw="12" slack="0"/>
</pin_list>
<bind>
<opcode="load(27) " fcode="load"/>
<opset="tB_4_load/15 "/>
</bind>
</comp>

<comp id="708" class="1004" name="grp_access_fu_708">
<pin_list>
<pin id="709" dir="0" index="0" bw="4" slack="0"/>
<pin id="710" dir="0" index="1" bw="12" slack="2147483647"/>
<pin id="711" dir="0" index="2" bw="0" slack="2147483647"/>
<pin id="712" dir="1" index="3" bw="12" slack="0"/>
</pin_list>
<bind>
<opcode="load(27) " fcode="load"/>
<opset="tB_5_load/15 "/>
</bind>
</comp>

<comp id="714" class="1004" name="grp_access_fu_714">
<pin_list>
<pin id="715" dir="0" index="0" bw="4" slack="0"/>
<pin id="716" dir="0" index="1" bw="12" slack="2147483647"/>
<pin id="717" dir="0" index="2" bw="0" slack="2147483647"/>
<pin id="718" dir="1" index="3" bw="12" slack="0"/>
</pin_list>
<bind>
<opcode="load(27) " fcode="load"/>
<opset="tB_6_load/15 "/>
</bind>
</comp>

<comp id="720" class="1004" name="grp_access_fu_720">
<pin_list>
<pin id="721" dir="0" index="0" bw="4" slack="0"/>
<pin id="722" dir="0" index="1" bw="12" slack="2147483647"/>
<pin id="723" dir="0" index="2" bw="0" slack="2147483647"/>
<pin id="724" dir="1" index="3" bw="12" slack="0"/>
</pin_list>
<bind>
<opcode="load(27) " fcode="load"/>
<opset="tB_7_load/15 "/>
</bind>
</comp>

<comp id="726" class="1004" name="grp_access_fu_726">
<pin_list>
<pin id="727" dir="0" index="0" bw="4" slack="0"/>
<pin id="728" dir="0" index="1" bw="12" slack="2147483647"/>
<pin id="729" dir="0" index="2" bw="0" slack="2147483647"/>
<pin id="730" dir="1" index="3" bw="12" slack="0"/>
</pin_list>
<bind>
<opcode="load(27) " fcode="load"/>
<opset="tB_8_load/15 "/>
</bind>
</comp>

<comp id="732" class="1004" name="grp_access_fu_732">
<pin_list>
<pin id="733" dir="0" index="0" bw="4" slack="0"/>
<pin id="734" dir="0" index="1" bw="12" slack="2147483647"/>
<pin id="735" dir="0" index="2" bw="0" slack="2147483647"/>
<pin id="736" dir="1" index="3" bw="12" slack="0"/>
</pin_list>
<bind>
<opcode="load(27) " fcode="load"/>
<opset="tB_9_load/15 "/>
</bind>
</comp>

<comp id="738" class="1004" name="grp_access_fu_738">
<pin_list>
<pin id="739" dir="0" index="0" bw="4" slack="0"/>
<pin id="740" dir="0" index="1" bw="12" slack="2147483647"/>
<pin id="741" dir="0" index="2" bw="0" slack="2147483647"/>
<pin id="742" dir="1" index="3" bw="12" slack="0"/>
</pin_list>
<bind>
<opcode="load(27) " fcode="load"/>
<opset="tB_10_load/15 "/>
</bind>
</comp>

<comp id="744" class="1004" name="grp_access_fu_744">
<pin_list>
<pin id="745" dir="0" index="0" bw="4" slack="0"/>
<pin id="746" dir="0" index="1" bw="12" slack="2147483647"/>
<pin id="747" dir="0" index="2" bw="0" slack="2147483647"/>
<pin id="748" dir="1" index="3" bw="12" slack="0"/>
</pin_list>
<bind>
<opcode="load(27) " fcode="load"/>
<opset="tB_11_load/15 "/>
</bind>
</comp>

<comp id="750" class="1004" name="grp_access_fu_750">
<pin_list>
<pin id="751" dir="0" index="0" bw="4" slack="0"/>
<pin id="752" dir="0" index="1" bw="12" slack="2147483647"/>
<pin id="753" dir="0" index="2" bw="0" slack="2147483647"/>
<pin id="754" dir="1" index="3" bw="12" slack="0"/>
</pin_list>
<bind>
<opcode="load(27) " fcode="load"/>
<opset="tB_12_load/15 "/>
</bind>
</comp>

<comp id="756" class="1004" name="grp_access_fu_756">
<pin_list>
<pin id="757" dir="0" index="0" bw="4" slack="0"/>
<pin id="758" dir="0" index="1" bw="12" slack="2147483647"/>
<pin id="759" dir="0" index="2" bw="0" slack="2147483647"/>
<pin id="760" dir="1" index="3" bw="12" slack="0"/>
</pin_list>
<bind>
<opcode="load(27) " fcode="load"/>
<opset="tB_13_load/15 "/>
</bind>
</comp>

<comp id="762" class="1004" name="grp_access_fu_762">
<pin_list>
<pin id="763" dir="0" index="0" bw="4" slack="0"/>
<pin id="764" dir="0" index="1" bw="12" slack="2147483647"/>
<pin id="765" dir="0" index="2" bw="0" slack="2147483647"/>
<pin id="766" dir="1" index="3" bw="12" slack="0"/>
</pin_list>
<bind>
<opcode="load(27) " fcode="load"/>
<opset="tB_14_load/15 "/>
</bind>
</comp>

<comp id="768" class="1004" name="grp_access_fu_768">
<pin_list>
<pin id="769" dir="0" index="0" bw="4" slack="0"/>
<pin id="770" dir="0" index="1" bw="12" slack="2147483647"/>
<pin id="771" dir="0" index="2" bw="0" slack="2147483647"/>
<pin id="772" dir="1" index="3" bw="12" slack="0"/>
</pin_list>
<bind>
<opcode="load(27) " fcode="load"/>
<opset="tB_15_load/15 "/>
</bind>
</comp>

<comp id="774" class="1004" name="A_0_addr_gep_fu_774">
<pin_list>
<pin id="775" dir="0" index="0" bw="12" slack="0"/>
<pin id="776" dir="0" index="1" bw="1" slack="0"/>
<pin id="777" dir="0" index="2" bw="4" slack="1"/>
<pin id="778" dir="1" index="3" bw="4" slack="0"/>
</pin_list>
<bind>
<opcode="getelementptr(29) " fcode="getelementptr"/>
<opset="A_0_addr/16 "/>
</bind>
</comp>

<comp id="781" class="1004" name="A_1_addr_gep_fu_781">
<pin_list>
<pin id="782" dir="0" index="0" bw="12" slack="0"/>
<pin id="783" dir="0" index="1" bw="1" slack="0"/>
<pin id="784" dir="0" index="2" bw="4" slack="1"/>
<pin id="785" dir="1" index="3" bw="4" slack="0"/>
</pin_list>
<bind>
<opcode="getelementptr(29) " fcode="getelementptr"/>
<opset="A_1_addr/16 "/>
</bind>
</comp>

<comp id="788" class="1004" name="A_2_addr_gep_fu_788">
<pin_list>
<pin id="789" dir="0" index="0" bw="12" slack="0"/>
<pin id="790" dir="0" index="1" bw="1" slack="0"/>
<pin id="791" dir="0" index="2" bw="4" slack="1"/>
<pin id="792" dir="1" index="3" bw="4" slack="0"/>
</pin_list>
<bind>
<opcode="getelementptr(29) " fcode="getelementptr"/>
<opset="A_2_addr/16 "/>
</bind>
</comp>

<comp id="795" class="1004" name="A_3_addr_gep_fu_795">
<pin_list>
<pin id="796" dir="0" index="0" bw="12" slack="0"/>
<pin id="797" dir="0" index="1" bw="1" slack="0"/>
<pin id="798" dir="0" index="2" bw="4" slack="1"/>
<pin id="799" dir="1" index="3" bw="4" slack="0"/>
</pin_list>
<bind>
<opcode="getelementptr(29) " fcode="getelementptr"/>
<opset="A_3_addr/16 "/>
</bind>
</comp>

<comp id="802" class="1004" name="A_4_addr_gep_fu_802">
<pin_list>
<pin id="803" dir="0" index="0" bw="12" slack="0"/>
<pin id="804" dir="0" index="1" bw="1" slack="0"/>
<pin id="805" dir="0" index="2" bw="4" slack="1"/>
<pin id="806" dir="1" index="3" bw="4" slack="0"/>
</pin_list>
<bind>
<opcode="getelementptr(29) " fcode="getelementptr"/>
<opset="A_4_addr/16 "/>
</bind>
</comp>

<comp id="809" class="1004" name="A_5_addr_gep_fu_809">
<pin_list>
<pin id="810" dir="0" index="0" bw="12" slack="0"/>
<pin id="811" dir="0" index="1" bw="1" slack="0"/>
<pin id="812" dir="0" index="2" bw="4" slack="1"/>
<pin id="813" dir="1" index="3" bw="4" slack="0"/>
</pin_list>
<bind>
<opcode="getelementptr(29) " fcode="getelementptr"/>
<opset="A_5_addr/16 "/>
</bind>
</comp>

<comp id="816" class="1004" name="A_6_addr_gep_fu_816">
<pin_list>
<pin id="817" dir="0" index="0" bw="12" slack="0"/>
<pin id="818" dir="0" index="1" bw="1" slack="0"/>
<pin id="819" dir="0" index="2" bw="4" slack="1"/>
<pin id="820" dir="1" index="3" bw="4" slack="0"/>
</pin_list>
<bind>
<opcode="getelementptr(29) " fcode="getelementptr"/>
<opset="A_6_addr/16 "/>
</bind>
</comp>

<comp id="823" class="1004" name="A_7_addr_gep_fu_823">
<pin_list>
<pin id="824" dir="0" index="0" bw="12" slack="0"/>
<pin id="825" dir="0" index="1" bw="1" slack="0"/>
<pin id="826" dir="0" index="2" bw="4" slack="1"/>
<pin id="827" dir="1" index="3" bw="4" slack="0"/>
</pin_list>
<bind>
<opcode="getelementptr(29) " fcode="getelementptr"/>
<opset="A_7_addr/16 "/>
</bind>
</comp>

<comp id="830" class="1004" name="A_8_addr_gep_fu_830">
<pin_list>
<pin id="831" dir="0" index="0" bw="12" slack="0"/>
<pin id="832" dir="0" index="1" bw="1" slack="0"/>
<pin id="833" dir="0" index="2" bw="4" slack="1"/>
<pin id="834" dir="1" index="3" bw="4" slack="0"/>
</pin_list>
<bind>
<opcode="getelementptr(29) " fcode="getelementptr"/>
<opset="A_8_addr/16 "/>
</bind>
</comp>

<comp id="837" class="1004" name="A_9_addr_gep_fu_837">
<pin_list>
<pin id="838" dir="0" index="0" bw="12" slack="0"/>
<pin id="839" dir="0" index="1" bw="1" slack="0"/>
<pin id="840" dir="0" index="2" bw="4" slack="1"/>
<pin id="841" dir="1" index="3" bw="4" slack="0"/>
</pin_list>
<bind>
<opcode="getelementptr(29) " fcode="getelementptr"/>
<opset="A_9_addr/16 "/>
</bind>
</comp>

<comp id="844" class="1004" name="A_10_addr_gep_fu_844">
<pin_list>
<pin id="845" dir="0" index="0" bw="12" slack="0"/>
<pin id="846" dir="0" index="1" bw="1" slack="0"/>
<pin id="847" dir="0" index="2" bw="4" slack="1"/>
<pin id="848" dir="1" index="3" bw="4" slack="0"/>
</pin_list>
<bind>
<opcode="getelementptr(29) " fcode="getelementptr"/>
<opset="A_10_addr/16 "/>
</bind>
</comp>

<comp id="851" class="1004" name="A_11_addr_gep_fu_851">
<pin_list>
<pin id="852" dir="0" index="0" bw="12" slack="0"/>
<pin id="853" dir="0" index="1" bw="1" slack="0"/>
<pin id="854" dir="0" index="2" bw="4" slack="1"/>
<pin id="855" dir="1" index="3" bw="4" slack="0"/>
</pin_list>
<bind>
<opcode="getelementptr(29) " fcode="getelementptr"/>
<opset="A_11_addr/16 "/>
</bind>
</comp>

<comp id="858" class="1004" name="A_12_addr_gep_fu_858">
<pin_list>
<pin id="859" dir="0" index="0" bw="12" slack="0"/>
<pin id="860" dir="0" index="1" bw="1" slack="0"/>
<pin id="861" dir="0" index="2" bw="4" slack="1"/>
<pin id="862" dir="1" index="3" bw="4" slack="0"/>
</pin_list>
<bind>
<opcode="getelementptr(29) " fcode="getelementptr"/>
<opset="A_12_addr/16 "/>
</bind>
</comp>

<comp id="865" class="1004" name="A_13_addr_gep_fu_865">
<pin_list>
<pin id="866" dir="0" index="0" bw="12" slack="0"/>
<pin id="867" dir="0" index="1" bw="1" slack="0"/>
<pin id="868" dir="0" index="2" bw="4" slack="1"/>
<pin id="869" dir="1" index="3" bw="4" slack="0"/>
</pin_list>
<bind>
<opcode="getelementptr(29) " fcode="getelementptr"/>
<opset="A_13_addr/16 "/>
</bind>
</comp>

<comp id="872" class="1004" name="A_14_addr_gep_fu_872">
<pin_list>
<pin id="873" dir="0" index="0" bw="12" slack="0"/>
<pin id="874" dir="0" index="1" bw="1" slack="0"/>
<pin id="875" dir="0" index="2" bw="4" slack="1"/>
<pin id="876" dir="1" index="3" bw="4" slack="0"/>
</pin_list>
<bind>
<opcode="getelementptr(29) " fcode="getelementptr"/>
<opset="A_14_addr/16 "/>
</bind>
</comp>

<comp id="879" class="1004" name="A_15_addr_gep_fu_879">
<pin_list>
<pin id="880" dir="0" index="0" bw="12" slack="0"/>
<pin id="881" dir="0" index="1" bw="1" slack="0"/>
<pin id="882" dir="0" index="2" bw="4" slack="1"/>
<pin id="883" dir="1" index="3" bw="4" slack="0"/>
</pin_list>
<bind>
<opcode="getelementptr(29) " fcode="getelementptr"/>
<opset="A_15_addr/16 "/>
</bind>
</comp>

<comp id="886" class="1004" name="B_0_addr_gep_fu_886">
<pin_list>
<pin id="887" dir="0" index="0" bw="12" slack="0"/>
<pin id="888" dir="0" index="1" bw="1" slack="0"/>
<pin id="889" dir="0" index="2" bw="4" slack="1"/>
<pin id="890" dir="1" index="3" bw="4" slack="0"/>
</pin_list>
<bind>
<opcode="getelementptr(29) " fcode="getelementptr"/>
<opset="B_0_addr/16 "/>
</bind>
</comp>

<comp id="893" class="1004" name="B_1_addr_gep_fu_893">
<pin_list>
<pin id="894" dir="0" index="0" bw="12" slack="0"/>
<pin id="895" dir="0" index="1" bw="1" slack="0"/>
<pin id="896" dir="0" index="2" bw="4" slack="1"/>
<pin id="897" dir="1" index="3" bw="4" slack="0"/>
</pin_list>
<bind>
<opcode="getelementptr(29) " fcode="getelementptr"/>
<opset="B_1_addr/16 "/>
</bind>
</comp>

<comp id="900" class="1004" name="B_2_addr_gep_fu_900">
<pin_list>
<pin id="901" dir="0" index="0" bw="12" slack="0"/>
<pin id="902" dir="0" index="1" bw="1" slack="0"/>
<pin id="903" dir="0" index="2" bw="4" slack="1"/>
<pin id="904" dir="1" index="3" bw="4" slack="0"/>
</pin_list>
<bind>
<opcode="getelementptr(29) " fcode="getelementptr"/>
<opset="B_2_addr/16 "/>
</bind>
</comp>

<comp id="907" class="1004" name="B_3_addr_gep_fu_907">
<pin_list>
<pin id="908" dir="0" index="0" bw="12" slack="0"/>
<pin id="909" dir="0" index="1" bw="1" slack="0"/>
<pin id="910" dir="0" index="2" bw="4" slack="1"/>
<pin id="911" dir="1" index="3" bw="4" slack="0"/>
</pin_list>
<bind>
<opcode="getelementptr(29) " fcode="getelementptr"/>
<opset="B_3_addr/16 "/>
</bind>
</comp>

<comp id="914" class="1004" name="B_4_addr_gep_fu_914">
<pin_list>
<pin id="915" dir="0" index="0" bw="12" slack="0"/>
<pin id="916" dir="0" index="1" bw="1" slack="0"/>
<pin id="917" dir="0" index="2" bw="4" slack="1"/>
<pin id="918" dir="1" index="3" bw="4" slack="0"/>
</pin_list>
<bind>
<opcode="getelementptr(29) " fcode="getelementptr"/>
<opset="B_4_addr/16 "/>
</bind>
</comp>

<comp id="921" class="1004" name="B_5_addr_gep_fu_921">
<pin_list>
<pin id="922" dir="0" index="0" bw="12" slack="0"/>
<pin id="923" dir="0" index="1" bw="1" slack="0"/>
<pin id="924" dir="0" index="2" bw="4" slack="1"/>
<pin id="925" dir="1" index="3" bw="4" slack="0"/>
</pin_list>
<bind>
<opcode="getelementptr(29) " fcode="getelementptr"/>
<opset="B_5_addr/16 "/>
</bind>
</comp>

<comp id="928" class="1004" name="B_6_addr_gep_fu_928">
<pin_list>
<pin id="929" dir="0" index="0" bw="12" slack="0"/>
<pin id="930" dir="0" index="1" bw="1" slack="0"/>
<pin id="931" dir="0" index="2" bw="4" slack="1"/>
<pin id="932" dir="1" index="3" bw="4" slack="0"/>
</pin_list>
<bind>
<opcode="getelementptr(29) " fcode="getelementptr"/>
<opset="B_6_addr/16 "/>
</bind>
</comp>

<comp id="935" class="1004" name="B_7_addr_gep_fu_935">
<pin_list>
<pin id="936" dir="0" index="0" bw="12" slack="0"/>
<pin id="937" dir="0" index="1" bw="1" slack="0"/>
<pin id="938" dir="0" index="2" bw="4" slack="1"/>
<pin id="939" dir="1" index="3" bw="4" slack="0"/>
</pin_list>
<bind>
<opcode="getelementptr(29) " fcode="getelementptr"/>
<opset="B_7_addr/16 "/>
</bind>
</comp>

<comp id="942" class="1004" name="B_8_addr_gep_fu_942">
<pin_list>
<pin id="943" dir="0" index="0" bw="12" slack="0"/>
<pin id="944" dir="0" index="1" bw="1" slack="0"/>
<pin id="945" dir="0" index="2" bw="4" slack="1"/>
<pin id="946" dir="1" index="3" bw="4" slack="0"/>
</pin_list>
<bind>
<opcode="getelementptr(29) " fcode="getelementptr"/>
<opset="B_8_addr/16 "/>
</bind>
</comp>

<comp id="949" class="1004" name="B_9_addr_gep_fu_949">
<pin_list>
<pin id="950" dir="0" index="0" bw="12" slack="0"/>
<pin id="951" dir="0" index="1" bw="1" slack="0"/>
<pin id="952" dir="0" index="2" bw="4" slack="1"/>
<pin id="953" dir="1" index="3" bw="4" slack="0"/>
</pin_list>
<bind>
<opcode="getelementptr(29) " fcode="getelementptr"/>
<opset="B_9_addr/16 "/>
</bind>
</comp>

<comp id="956" class="1004" name="B_10_addr_gep_fu_956">
<pin_list>
<pin id="957" dir="0" index="0" bw="12" slack="0"/>
<pin id="958" dir="0" index="1" bw="1" slack="0"/>
<pin id="959" dir="0" index="2" bw="4" slack="1"/>
<pin id="960" dir="1" index="3" bw="4" slack="0"/>
</pin_list>
<bind>
<opcode="getelementptr(29) " fcode="getelementptr"/>
<opset="B_10_addr/16 "/>
</bind>
</comp>

<comp id="963" class="1004" name="B_11_addr_gep_fu_963">
<pin_list>
<pin id="964" dir="0" index="0" bw="12" slack="0"/>
<pin id="965" dir="0" index="1" bw="1" slack="0"/>
<pin id="966" dir="0" index="2" bw="4" slack="1"/>
<pin id="967" dir="1" index="3" bw="4" slack="0"/>
</pin_list>
<bind>
<opcode="getelementptr(29) " fcode="getelementptr"/>
<opset="B_11_addr/16 "/>
</bind>
</comp>

<comp id="970" class="1004" name="B_12_addr_gep_fu_970">
<pin_list>
<pin id="971" dir="0" index="0" bw="12" slack="0"/>
<pin id="972" dir="0" index="1" bw="1" slack="0"/>
<pin id="973" dir="0" index="2" bw="4" slack="1"/>
<pin id="974" dir="1" index="3" bw="4" slack="0"/>
</pin_list>
<bind>
<opcode="getelementptr(29) " fcode="getelementptr"/>
<opset="B_12_addr/16 "/>
</bind>
</comp>

<comp id="977" class="1004" name="B_13_addr_gep_fu_977">
<pin_list>
<pin id="978" dir="0" index="0" bw="12" slack="0"/>
<pin id="979" dir="0" index="1" bw="1" slack="0"/>
<pin id="980" dir="0" index="2" bw="4" slack="1"/>
<pin id="981" dir="1" index="3" bw="4" slack="0"/>
</pin_list>
<bind>
<opcode="getelementptr(29) " fcode="getelementptr"/>
<opset="B_13_addr/16 "/>
</bind>
</comp>

<comp id="984" class="1004" name="B_14_addr_gep_fu_984">
<pin_list>
<pin id="985" dir="0" index="0" bw="12" slack="0"/>
<pin id="986" dir="0" index="1" bw="1" slack="0"/>
<pin id="987" dir="0" index="2" bw="4" slack="1"/>
<pin id="988" dir="1" index="3" bw="4" slack="0"/>
</pin_list>
<bind>
<opcode="getelementptr(29) " fcode="getelementptr"/>
<opset="B_14_addr/16 "/>
</bind>
</comp>

<comp id="991" class="1004" name="B_15_addr_gep_fu_991">
<pin_list>
<pin id="992" dir="0" index="0" bw="12" slack="0"/>
<pin id="993" dir="0" index="1" bw="1" slack="0"/>
<pin id="994" dir="0" index="2" bw="4" slack="1"/>
<pin id="995" dir="1" index="3" bw="4" slack="0"/>
</pin_list>
<bind>
<opcode="getelementptr(29) " fcode="getelementptr"/>
<opset="B_15_addr/16 "/>
</bind>
</comp>

<comp id="998" class="1004" name="store_ln101_access_fu_998">
<pin_list>
<pin id="999" dir="0" index="0" bw="4" slack="0"/>
<pin id="1000" dir="0" index="1" bw="12" slack="0"/>
<pin id="1001" dir="0" index="2" bw="0" slack="2147483647"/>
<pin id="1002" dir="1" index="3" bw="12" slack="2147483647"/>
</pin_list>
<bind>
<opcode="store(28) " fcode="store"/>
<opset="store_ln101/16 "/>
</bind>
</comp>

<comp id="1004" class="1004" name="store_ln101_access_fu_1004">
<pin_list>
<pin id="1005" dir="0" index="0" bw="4" slack="0"/>
<pin id="1006" dir="0" index="1" bw="12" slack="0"/>
<pin id="1007" dir="0" index="2" bw="0" slack="2147483647"/>
<pin id="1008" dir="1" index="3" bw="12" slack="2147483647"/>
</pin_list>
<bind>
<opcode="store(28) " fcode="store"/>
<opset="store_ln101/16 "/>
</bind>
</comp>

<comp id="1010" class="1004" name="store_ln101_access_fu_1010">
<pin_list>
<pin id="1011" dir="0" index="0" bw="4" slack="0"/>
<pin id="1012" dir="0" index="1" bw="12" slack="0"/>
<pin id="1013" dir="0" index="2" bw="0" slack="2147483647"/>
<pin id="1014" dir="1" index="3" bw="12" slack="2147483647"/>
</pin_list>
<bind>
<opcode="store(28) " fcode="store"/>
<opset="store_ln101/16 "/>
</bind>
</comp>

<comp id="1016" class="1004" name="store_ln101_access_fu_1016">
<pin_list>
<pin id="1017" dir="0" index="0" bw="4" slack="0"/>
<pin id="1018" dir="0" index="1" bw="12" slack="0"/>
<pin id="1019" dir="0" index="2" bw="0" slack="2147483647"/>
<pin id="1020" dir="1" index="3" bw="12" slack="2147483647"/>
</pin_list>
<bind>
<opcode="store(28) " fcode="store"/>
<opset="store_ln101/16 "/>
</bind>
</comp>

<comp id="1022" class="1004" name="store_ln101_access_fu_1022">
<pin_list>
<pin id="1023" dir="0" index="0" bw="4" slack="0"/>
<pin id="1024" dir="0" index="1" bw="12" slack="0"/>
<pin id="1025" dir="0" index="2" bw="0" slack="2147483647"/>
<pin id="1026" dir="1" index="3" bw="12" slack="2147483647"/>
</pin_list>
<bind>
<opcode="store(28) " fcode="store"/>
<opset="store_ln101/16 "/>
</bind>
</comp>

<comp id="1028" class="1004" name="store_ln101_access_fu_1028">
<pin_list>
<pin id="1029" dir="0" index="0" bw="4" slack="0"/>
<pin id="1030" dir="0" index="1" bw="12" slack="0"/>
<pin id="1031" dir="0" index="2" bw="0" slack="2147483647"/>
<pin id="1032" dir="1" index="3" bw="12" slack="2147483647"/>
</pin_list>
<bind>
<opcode="store(28) " fcode="store"/>
<opset="store_ln101/16 "/>
</bind>
</comp>

<comp id="1034" class="1004" name="store_ln101_access_fu_1034">
<pin_list>
<pin id="1035" dir="0" index="0" bw="4" slack="0"/>
<pin id="1036" dir="0" index="1" bw="12" slack="0"/>
<pin id="1037" dir="0" index="2" bw="0" slack="2147483647"/>
<pin id="1038" dir="1" index="3" bw="12" slack="2147483647"/>
</pin_list>
<bind>
<opcode="store(28) " fcode="store"/>
<opset="store_ln101/16 "/>
</bind>
</comp>

<comp id="1040" class="1004" name="store_ln101_access_fu_1040">
<pin_list>
<pin id="1041" dir="0" index="0" bw="4" slack="0"/>
<pin id="1042" dir="0" index="1" bw="12" slack="0"/>
<pin id="1043" dir="0" index="2" bw="0" slack="2147483647"/>
<pin id="1044" dir="1" index="3" bw="12" slack="2147483647"/>
</pin_list>
<bind>
<opcode="store(28) " fcode="store"/>
<opset="store_ln101/16 "/>
</bind>
</comp>

<comp id="1046" class="1004" name="store_ln101_access_fu_1046">
<pin_list>
<pin id="1047" dir="0" index="0" bw="4" slack="0"/>
<pin id="1048" dir="0" index="1" bw="12" slack="0"/>
<pin id="1049" dir="0" index="2" bw="0" slack="2147483647"/>
<pin id="1050" dir="1" index="3" bw="12" slack="2147483647"/>
</pin_list>
<bind>
<opcode="store(28) " fcode="store"/>
<opset="store_ln101/16 "/>
</bind>
</comp>

<comp id="1052" class="1004" name="store_ln101_access_fu_1052">
<pin_list>
<pin id="1053" dir="0" index="0" bw="4" slack="0"/>
<pin id="1054" dir="0" index="1" bw="12" slack="0"/>
<pin id="1055" dir="0" index="2" bw="0" slack="2147483647"/>
<pin id="1056" dir="1" index="3" bw="12" slack="2147483647"/>
</pin_list>
<bind>
<opcode="store(28) " fcode="store"/>
<opset="store_ln101/16 "/>
</bind>
</comp>

<comp id="1058" class="1004" name="store_ln101_access_fu_1058">
<pin_list>
<pin id="1059" dir="0" index="0" bw="4" slack="0"/>
<pin id="1060" dir="0" index="1" bw="12" slack="0"/>
<pin id="1061" dir="0" index="2" bw="0" slack="2147483647"/>
<pin id="1062" dir="1" index="3" bw="12" slack="2147483647"/>
</pin_list>
<bind>
<opcode="store(28) " fcode="store"/>
<opset="store_ln101/16 "/>
</bind>
</comp>

<comp id="1064" class="1004" name="store_ln101_access_fu_1064">
<pin_list>
<pin id="1065" dir="0" index="0" bw="4" slack="0"/>
<pin id="1066" dir="0" index="1" bw="12" slack="0"/>
<pin id="1067" dir="0" index="2" bw="0" slack="2147483647"/>
<pin id="1068" dir="1" index="3" bw="12" slack="2147483647"/>
</pin_list>
<bind>
<opcode="store(28) " fcode="store"/>
<opset="store_ln101/16 "/>
</bind>
</comp>

<comp id="1070" class="1004" name="store_ln101_access_fu_1070">
<pin_list>
<pin id="1071" dir="0" index="0" bw="4" slack="0"/>
<pin id="1072" dir="0" index="1" bw="12" slack="0"/>
<pin id="1073" dir="0" index="2" bw="0" slack="2147483647"/>
<pin id="1074" dir="1" index="3" bw="12" slack="2147483647"/>
</pin_list>
<bind>
<opcode="store(28) " fcode="store"/>
<opset="store_ln101/16 "/>
</bind>
</comp>

<comp id="1076" class="1004" name="store_ln101_access_fu_1076">
<pin_list>
<pin id="1077" dir="0" index="0" bw="4" slack="0"/>
<pin id="1078" dir="0" index="1" bw="12" slack="0"/>
<pin id="1079" dir="0" index="2" bw="0" slack="2147483647"/>
<pin id="1080" dir="1" index="3" bw="12" slack="2147483647"/>
</pin_list>
<bind>
<opcode="store(28) " fcode="store"/>
<opset="store_ln101/16 "/>
</bind>
</comp>

<comp id="1082" class="1004" name="store_ln101_access_fu_1082">
<pin_list>
<pin id="1083" dir="0" index="0" bw="4" slack="0"/>
<pin id="1084" dir="0" index="1" bw="12" slack="0"/>
<pin id="1085" dir="0" index="2" bw="0" slack="2147483647"/>
<pin id="1086" dir="1" index="3" bw="12" slack="2147483647"/>
</pin_list>
<bind>
<opcode="store(28) " fcode="store"/>
<opset="store_ln101/16 "/>
</bind>
</comp>

<comp id="1088" class="1004" name="store_ln101_access_fu_1088">
<pin_list>
<pin id="1089" dir="0" index="0" bw="4" slack="0"/>
<pin id="1090" dir="0" index="1" bw="12" slack="0"/>
<pin id="1091" dir="0" index="2" bw="0" slack="2147483647"/>
<pin id="1092" dir="1" index="3" bw="12" slack="2147483647"/>
</pin_list>
<bind>
<opcode="store(28) " fcode="store"/>
<opset="store_ln101/16 "/>
</bind>
</comp>

<comp id="1094" class="1004" name="store_ln101_access_fu_1094">
<pin_list>
<pin id="1095" dir="0" index="0" bw="4" slack="0"/>
<pin id="1096" dir="0" index="1" bw="12" slack="0"/>
<pin id="1097" dir="0" index="2" bw="0" slack="2147483647"/>
<pin id="1098" dir="1" index="3" bw="12" slack="2147483647"/>
</pin_list>
<bind>
<opcode="store(28) " fcode="store"/>
<opset="store_ln101/16 "/>
</bind>
</comp>

<comp id="1100" class="1004" name="store_ln101_access_fu_1100">
<pin_list>
<pin id="1101" dir="0" index="0" bw="4" slack="0"/>
<pin id="1102" dir="0" index="1" bw="12" slack="0"/>
<pin id="1103" dir="0" index="2" bw="0" slack="2147483647"/>
<pin id="1104" dir="1" index="3" bw="12" slack="2147483647"/>
</pin_list>
<bind>
<opcode="store(28) " fcode="store"/>
<opset="store_ln101/16 "/>
</bind>
</comp>

<comp id="1106" class="1004" name="store_ln101_access_fu_1106">
<pin_list>
<pin id="1107" dir="0" index="0" bw="4" slack="0"/>
<pin id="1108" dir="0" index="1" bw="12" slack="0"/>
<pin id="1109" dir="0" index="2" bw="0" slack="2147483647"/>
<pin id="1110" dir="1" index="3" bw="12" slack="2147483647"/>
</pin_list>
<bind>
<opcode="store(28) " fcode="store"/>
<opset="store_ln101/16 "/>
</bind>
</comp>

<comp id="1112" class="1004" name="store_ln101_access_fu_1112">
<pin_list>
<pin id="1113" dir="0" index="0" bw="4" slack="0"/>
<pin id="1114" dir="0" index="1" bw="12" slack="0"/>
<pin id="1115" dir="0" index="2" bw="0" slack="2147483647"/>
<pin id="1116" dir="1" index="3" bw="12" slack="2147483647"/>
</pin_list>
<bind>
<opcode="store(28) " fcode="store"/>
<opset="store_ln101/16 "/>
</bind>
</comp>

<comp id="1118" class="1004" name="store_ln101_access_fu_1118">
<pin_list>
<pin id="1119" dir="0" index="0" bw="4" slack="0"/>
<pin id="1120" dir="0" index="1" bw="12" slack="0"/>
<pin id="1121" dir="0" index="2" bw="0" slack="2147483647"/>
<pin id="1122" dir="1" index="3" bw="12" slack="2147483647"/>
</pin_list>
<bind>
<opcode="store(28) " fcode="store"/>
<opset="store_ln101/16 "/>
</bind>
</comp>

<comp id="1124" class="1004" name="store_ln101_access_fu_1124">
<pin_list>
<pin id="1125" dir="0" index="0" bw="4" slack="0"/>
<pin id="1126" dir="0" index="1" bw="12" slack="0"/>
<pin id="1127" dir="0" index="2" bw="0" slack="2147483647"/>
<pin id="1128" dir="1" index="3" bw="12" slack="2147483647"/>
</pin_list>
<bind>
<opcode="store(28) " fcode="store"/>
<opset="store_ln101/16 "/>
</bind>
</comp>

<comp id="1130" class="1004" name="store_ln101_access_fu_1130">
<pin_list>
<pin id="1131" dir="0" index="0" bw="4" slack="0"/>
<pin id="1132" dir="0" index="1" bw="12" slack="0"/>
<pin id="1133" dir="0" index="2" bw="0" slack="2147483647"/>
<pin id="1134" dir="1" index="3" bw="12" slack="2147483647"/>
</pin_list>
<bind>
<opcode="store(28) " fcode="store"/>
<opset="store_ln101/16 "/>
</bind>
</comp>

<comp id="1136" class="1004" name="store_ln101_access_fu_1136">
<pin_list>
<pin id="1137" dir="0" index="0" bw="4" slack="0"/>
<pin id="1138" dir="0" index="1" bw="12" slack="0"/>
<pin id="1139" dir="0" index="2" bw="0" slack="2147483647"/>
<pin id="1140" dir="1" index="3" bw="12" slack="2147483647"/>
</pin_list>
<bind>
<opcode="store(28) " fcode="store"/>
<opset="store_ln101/16 "/>
</bind>
</comp>

<comp id="1142" class="1004" name="store_ln101_access_fu_1142">
<pin_list>
<pin id="1143" dir="0" index="0" bw="4" slack="0"/>
<pin id="1144" dir="0" index="1" bw="12" slack="0"/>
<pin id="1145" dir="0" index="2" bw="0" slack="2147483647"/>
<pin id="1146" dir="1" index="3" bw="12" slack="2147483647"/>
</pin_list>
<bind>
<opcode="store(28) " fcode="store"/>
<opset="store_ln101/16 "/>
</bind>
</comp>

<comp id="1148" class="1004" name="store_ln101_access_fu_1148">
<pin_list>
<pin id="1149" dir="0" index="0" bw="4" slack="0"/>
<pin id="1150" dir="0" index="1" bw="12" slack="0"/>
<pin id="1151" dir="0" index="2" bw="0" slack="2147483647"/>
<pin id="1152" dir="1" index="3" bw="12" slack="2147483647"/>
</pin_list>
<bind>
<opcode="store(28) " fcode="store"/>
<opset="store_ln101/16 "/>
</bind>
</comp>

<comp id="1154" class="1004" name="store_ln101_access_fu_1154">
<pin_list>
<pin id="1155" dir="0" index="0" bw="4" slack="0"/>
<pin id="1156" dir="0" index="1" bw="12" slack="0"/>
<pin id="1157" dir="0" index="2" bw="0" slack="2147483647"/>
<pin id="1158" dir="1" index="3" bw="12" slack="2147483647"/>
</pin_list>
<bind>
<opcode="store(28) " fcode="store"/>
<opset="store_ln101/16 "/>
</bind>
</comp>

<comp id="1160" class="1004" name="store_ln101_access_fu_1160">
<pin_list>
<pin id="1161" dir="0" index="0" bw="4" slack="0"/>
<pin id="1162" dir="0" index="1" bw="12" slack="0"/>
<pin id="1163" dir="0" index="2" bw="0" slack="2147483647"/>
<pin id="1164" dir="1" index="3" bw="12" slack="2147483647"/>
</pin_list>
<bind>
<opcode="store(28) " fcode="store"/>
<opset="store_ln101/16 "/>
</bind>
</comp>

<comp id="1166" class="1004" name="store_ln101_access_fu_1166">
<pin_list>
<pin id="1167" dir="0" index="0" bw="4" slack="0"/>
<pin id="1168" dir="0" index="1" bw="12" slack="0"/>
<pin id="1169" dir="0" index="2" bw="0" slack="2147483647"/>
<pin id="1170" dir="1" index="3" bw="12" slack="2147483647"/>
</pin_list>
<bind>
<opcode="store(28) " fcode="store"/>
<opset="store_ln101/16 "/>
</bind>
</comp>

<comp id="1172" class="1004" name="store_ln101_access_fu_1172">
<pin_list>
<pin id="1173" dir="0" index="0" bw="4" slack="0"/>
<pin id="1174" dir="0" index="1" bw="12" slack="0"/>
<pin id="1175" dir="0" index="2" bw="0" slack="2147483647"/>
<pin id="1176" dir="1" index="3" bw="12" slack="2147483647"/>
</pin_list>
<bind>
<opcode="store(28) " fcode="store"/>
<opset="store_ln101/16 "/>
</bind>
</comp>

<comp id="1178" class="1004" name="store_ln101_access_fu_1178">
<pin_list>
<pin id="1179" dir="0" index="0" bw="4" slack="0"/>
<pin id="1180" dir="0" index="1" bw="12" slack="0"/>
<pin id="1181" dir="0" index="2" bw="0" slack="2147483647"/>
<pin id="1182" dir="1" index="3" bw="12" slack="2147483647"/>
</pin_list>
<bind>
<opcode="store(28) " fcode="store"/>
<opset="store_ln101/16 "/>
</bind>
</comp>

<comp id="1184" class="1004" name="store_ln101_access_fu_1184">
<pin_list>
<pin id="1185" dir="0" index="0" bw="4" slack="0"/>
<pin id="1186" dir="0" index="1" bw="12" slack="0"/>
<pin id="1187" dir="0" index="2" bw="0" slack="2147483647"/>
<pin id="1188" dir="1" index="3" bw="12" slack="2147483647"/>
</pin_list>
<bind>
<opcode="store(28) " fcode="store"/>
<opset="store_ln101/16 "/>
</bind>
</comp>

<comp id="1190" class="1004" name="grp_fwd_stage2_t_128_s_fu_1190">
<pin_list>
<pin id="1191" dir="0" index="0" bw="0" slack="0"/>
<pin id="1192" dir="0" index="1" bw="12" slack="0"/>
<pin id="1193" dir="0" index="2" bw="12" slack="0"/>
<pin id="1194" dir="0" index="3" bw="12" slack="0"/>
<pin id="1195" dir="0" index="4" bw="12" slack="0"/>
<pin id="1196" dir="0" index="5" bw="12" slack="0"/>
<pin id="1197" dir="0" index="6" bw="12" slack="0"/>
<pin id="1198" dir="0" index="7" bw="12" slack="0"/>
<pin id="1199" dir="0" index="8" bw="12" slack="0"/>
<pin id="1200" dir="0" index="9" bw="12" slack="0"/>
<pin id="1201" dir="0" index="10" bw="12" slack="0"/>
<pin id="1202" dir="0" index="11" bw="12" slack="0"/>
<pin id="1203" dir="0" index="12" bw="12" slack="0"/>
<pin id="1204" dir="0" index="13" bw="12" slack="0"/>
<pin id="1205" dir="0" index="14" bw="12" slack="0"/>
<pin id="1206" dir="0" index="15" bw="12" slack="0"/>
<pin id="1207" dir="0" index="16" bw="12" slack="0"/>
<pin id="1208" dir="0" index="17" bw="12" slack="0"/>
<pin id="1209" dir="0" index="18" bw="12" slack="0"/>
<pin id="1210" dir="0" index="19" bw="12" slack="0"/>
<pin id="1211" dir="0" index="20" bw="12" slack="0"/>
<pin id="1212" dir="0" index="21" bw="12" slack="0"/>
<pin id="1213" dir="0" index="22" bw="12" slack="0"/>
<pin id="1214" dir="0" index="23" bw="12" slack="0"/>
<pin id="1215" dir="0" index="24" bw="12" slack="0"/>
<pin id="1216" dir="0" index="25" bw="12" slack="0"/>
<pin id="1217" dir="0" index="26" bw="12" slack="0"/>
<pin id="1218" dir="0" index="27" bw="12" slack="0"/>
<pin id="1219" dir="0" index="28" bw="12" slack="0"/>
<pin id="1220" dir="0" index="29" bw="12" slack="0"/>
<pin id="1221" dir="0" index="30" bw="12" slack="0"/>
<pin id="1222" dir="0" index="31" bw="12" slack="0"/>
<pin id="1223" dir="0" index="32" bw="12" slack="0"/>
<pin id="1224" dir="0" index="33" bw="12" slack="0"/>
<pin id="1225" dir="0" index="34" bw="12" slack="0"/>
<pin id="1226" dir="0" index="35" bw="12" slack="0"/>
<pin id="1227" dir="0" index="36" bw="12" slack="0"/>
<pin id="1228" dir="0" index="37" bw="12" slack="0"/>
<pin id="1229" dir="0" index="38" bw="12" slack="0"/>
<pin id="1230" dir="0" index="39" bw="12" slack="0"/>
<pin id="1231" dir="0" index="40" bw="12" slack="0"/>
<pin id="1232" dir="0" index="41" bw="12" slack="0"/>
<pin id="1233" dir="0" index="42" bw="12" slack="0"/>
<pin id="1234" dir="0" index="43" bw="12" slack="0"/>
<pin id="1235" dir="0" index="44" bw="12" slack="0"/>
<pin id="1236" dir="0" index="45" bw="12" slack="0"/>
<pin id="1237" dir="0" index="46" bw="12" slack="0"/>
<pin id="1238" dir="0" index="47" bw="12" slack="0"/>
<pin id="1239" dir="0" index="48" bw="12" slack="0"/>
<pin id="1240" dir="0" index="49" bw="12" slack="0"/>
<pin id="1241" dir="0" index="50" bw="12" slack="0"/>
<pin id="1242" dir="0" index="51" bw="12" slack="0"/>
<pin id="1243" dir="0" index="52" bw="12" slack="0"/>
<pin id="1244" dir="0" index="53" bw="12" slack="0"/>
<pin id="1245" dir="0" index="54" bw="12" slack="0"/>
<pin id="1246" dir="0" index="55" bw="12" slack="0"/>
<pin id="1247" dir="0" index="56" bw="12" slack="0"/>
<pin id="1248" dir="0" index="57" bw="12" slack="0"/>
<pin id="1249" dir="0" index="58" bw="12" slack="0"/>
<pin id="1250" dir="0" index="59" bw="12" slack="0"/>
<pin id="1251" dir="0" index="60" bw="12" slack="0"/>
<pin id="1252" dir="0" index="61" bw="12" slack="0"/>
<pin id="1253" dir="0" index="62" bw="12" slack="0"/>
<pin id="1254" dir="0" index="63" bw="12" slack="0"/>
<pin id="1255" dir="0" index="64" bw="12" slack="0"/>
<pin id="1256" dir="0" index="65" bw="10" slack="0"/>
<pin id="1257" dir="0" index="66" bw="16" slack="0"/>
<pin id="1258" dir="0" index="67" bw="10" slack="0"/>
<pin id="1259" dir="0" index="68" bw="16" slack="0"/>
<pin id="1260" dir="0" index="69" bw="10" slack="0"/>
<pin id="1261" dir="0" index="70" bw="16" slack="0"/>
<pin id="1262" dir="0" index="71" bw="10" slack="0"/>
<pin id="1263" dir="0" index="72" bw="16" slack="0"/>
<pin id="1264" dir="1" index="73" bw="0" slack="2147483647"/>
</pin_list>
<bind>
<opcode="call(48) " fcode="call"/>
<opset="call_ln95/1 "/>
</bind>
</comp>

<comp id="1338" class="1004" name="grp_fwd_stage2_t_64_s_fu_1338">
<pin_list>
<pin id="1339" dir="0" index="0" bw="0" slack="0"/>
<pin id="1340" dir="0" index="1" bw="12" slack="2147483647"/>
<pin id="1341" dir="0" index="2" bw="12" slack="2147483647"/>
<pin id="1342" dir="0" index="3" bw="12" slack="2147483647"/>
<pin id="1343" dir="0" index="4" bw="12" slack="2147483647"/>
<pin id="1344" dir="0" index="5" bw="12" slack="2147483647"/>
<pin id="1345" dir="0" index="6" bw="12" slack="2147483647"/>
<pin id="1346" dir="0" index="7" bw="12" slack="2147483647"/>
<pin id="1347" dir="0" index="8" bw="12" slack="2147483647"/>
<pin id="1348" dir="0" index="9" bw="12" slack="2147483647"/>
<pin id="1349" dir="0" index="10" bw="12" slack="2147483647"/>
<pin id="1350" dir="0" index="11" bw="12" slack="2147483647"/>
<pin id="1351" dir="0" index="12" bw="12" slack="2147483647"/>
<pin id="1352" dir="0" index="13" bw="12" slack="2147483647"/>
<pin id="1353" dir="0" index="14" bw="12" slack="2147483647"/>
<pin id="1354" dir="0" index="15" bw="12" slack="2147483647"/>
<pin id="1355" dir="0" index="16" bw="12" slack="2147483647"/>
<pin id="1356" dir="0" index="17" bw="12" slack="0"/>
<pin id="1357" dir="0" index="18" bw="12" slack="0"/>
<pin id="1358" dir="0" index="19" bw="12" slack="0"/>
<pin id="1359" dir="0" index="20" bw="12" slack="0"/>
<pin id="1360" dir="0" index="21" bw="12" slack="0"/>
<pin id="1361" dir="0" index="22" bw="12" slack="0"/>
<pin id="1362" dir="0" index="23" bw="12" slack="0"/>
<pin id="1363" dir="0" index="24" bw="12" slack="0"/>
<pin id="1364" dir="0" index="25" bw="12" slack="0"/>
<pin id="1365" dir="0" index="26" bw="12" slack="0"/>
<pin id="1366" dir="0" index="27" bw="12" slack="0"/>
<pin id="1367" dir="0" index="28" bw="12" slack="0"/>
<pin id="1368" dir="0" index="29" bw="12" slack="0"/>
<pin id="1369" dir="0" index="30" bw="12" slack="0"/>
<pin id="1370" dir="0" index="31" bw="12" slack="0"/>
<pin id="1371" dir="0" index="32" bw="12" slack="0"/>
<pin id="1372" dir="0" index="33" bw="12" slack="2147483647"/>
<pin id="1373" dir="0" index="34" bw="12" slack="2147483647"/>
<pin id="1374" dir="0" index="35" bw="12" slack="2147483647"/>
<pin id="1375" dir="0" index="36" bw="12" slack="2147483647"/>
<pin id="1376" dir="0" index="37" bw="12" slack="2147483647"/>
<pin id="1377" dir="0" index="38" bw="12" slack="2147483647"/>
<pin id="1378" dir="0" index="39" bw="12" slack="2147483647"/>
<pin id="1379" dir="0" index="40" bw="12" slack="2147483647"/>
<pin id="1380" dir="0" index="41" bw="12" slack="2147483647"/>
<pin id="1381" dir="0" index="42" bw="12" slack="2147483647"/>
<pin id="1382" dir="0" index="43" bw="12" slack="2147483647"/>
<pin id="1383" dir="0" index="44" bw="12" slack="2147483647"/>
<pin id="1384" dir="0" index="45" bw="12" slack="2147483647"/>
<pin id="1385" dir="0" index="46" bw="12" slack="2147483647"/>
<pin id="1386" dir="0" index="47" bw="12" slack="2147483647"/>
<pin id="1387" dir="0" index="48" bw="12" slack="2147483647"/>
<pin id="1388" dir="0" index="49" bw="12" slack="0"/>
<pin id="1389" dir="0" index="50" bw="12" slack="0"/>
<pin id="1390" dir="0" index="51" bw="12" slack="0"/>
<pin id="1391" dir="0" index="52" bw="12" slack="0"/>
<pin id="1392" dir="0" index="53" bw="12" slack="0"/>
<pin id="1393" dir="0" index="54" bw="12" slack="0"/>
<pin id="1394" dir="0" index="55" bw="12" slack="0"/>
<pin id="1395" dir="0" index="56" bw="12" slack="0"/>
<pin id="1396" dir="0" index="57" bw="12" slack="0"/>
<pin id="1397" dir="0" index="58" bw="12" slack="0"/>
<pin id="1398" dir="0" index="59" bw="12" slack="0"/>
<pin id="1399" dir="0" index="60" bw="12" slack="0"/>
<pin id="1400" dir="0" index="61" bw="12" slack="0"/>
<pin id="1401" dir="0" index="62" bw="12" slack="0"/>
<pin id="1402" dir="0" index="63" bw="12" slack="0"/>
<pin id="1403" dir="0" index="64" bw="12" slack="0"/>
<pin id="1404" dir="0" index="65" bw="12" slack="0"/>
<pin id="1405" dir="0" index="66" bw="15" slack="0"/>
<pin id="1406" dir="0" index="67" bw="12" slack="0"/>
<pin id="1407" dir="0" index="68" bw="15" slack="0"/>
<pin id="1408" dir="0" index="69" bw="12" slack="0"/>
<pin id="1409" dir="0" index="70" bw="15" slack="0"/>
<pin id="1410" dir="0" index="71" bw="12" slack="0"/>
<pin id="1411" dir="0" index="72" bw="15" slack="0"/>
<pin id="1412" dir="1" index="73" bw="0" slack="2147483647"/>
</pin_list>
<bind>
<opcode="call(48) " fcode="call"/>
<opset="call_ln95/3 "/>
</bind>
</comp>

<comp id="1454" class="1004" name="grp_fwd_stage2_t_32_s_fu_1454">
<pin_list>
<pin id="1455" dir="0" index="0" bw="0" slack="0"/>
<pin id="1456" dir="0" index="1" bw="12" slack="0"/>
<pin id="1457" dir="0" index="2" bw="12" slack="0"/>
<pin id="1458" dir="0" index="3" bw="12" slack="0"/>
<pin id="1459" dir="0" index="4" bw="12" slack="0"/>
<pin id="1460" dir="0" index="5" bw="12" slack="0"/>
<pin id="1461" dir="0" index="6" bw="12" slack="0"/>
<pin id="1462" dir="0" index="7" bw="12" slack="0"/>
<pin id="1463" dir="0" index="8" bw="12" slack="0"/>
<pin id="1464" dir="0" index="9" bw="12" slack="0"/>
<pin id="1465" dir="0" index="10" bw="12" slack="0"/>
<pin id="1466" dir="0" index="11" bw="12" slack="0"/>
<pin id="1467" dir="0" index="12" bw="12" slack="0"/>
<pin id="1468" dir="0" index="13" bw="12" slack="0"/>
<pin id="1469" dir="0" index="14" bw="12" slack="0"/>
<pin id="1470" dir="0" index="15" bw="12" slack="0"/>
<pin id="1471" dir="0" index="16" bw="12" slack="0"/>
<pin id="1472" dir="0" index="17" bw="12" slack="2147483647"/>
<pin id="1473" dir="0" index="18" bw="12" slack="2147483647"/>
<pin id="1474" dir="0" index="19" bw="12" slack="2147483647"/>
<pin id="1475" dir="0" index="20" bw="12" slack="2147483647"/>
<pin id="1476" dir="0" index="21" bw="12" slack="2147483647"/>
<pin id="1477" dir="0" index="22" bw="12" slack="2147483647"/>
<pin id="1478" dir="0" index="23" bw="12" slack="2147483647"/>
<pin id="1479" dir="0" index="24" bw="12" slack="2147483647"/>
<pin id="1480" dir="0" index="25" bw="12" slack="2147483647"/>
<pin id="1481" dir="0" index="26" bw="12" slack="2147483647"/>
<pin id="1482" dir="0" index="27" bw="12" slack="2147483647"/>
<pin id="1483" dir="0" index="28" bw="12" slack="2147483647"/>
<pin id="1484" dir="0" index="29" bw="12" slack="2147483647"/>
<pin id="1485" dir="0" index="30" bw="12" slack="2147483647"/>
<pin id="1486" dir="0" index="31" bw="12" slack="2147483647"/>
<pin id="1487" dir="0" index="32" bw="12" slack="2147483647"/>
<pin id="1488" dir="0" index="33" bw="12" slack="0"/>
<pin id="1489" dir="0" index="34" bw="12" slack="0"/>
<pin id="1490" dir="0" index="35" bw="12" slack="0"/>
<pin id="1491" dir="0" index="36" bw="12" slack="0"/>
<pin id="1492" dir="0" index="37" bw="12" slack="0"/>
<pin id="1493" dir="0" index="38" bw="12" slack="0"/>
<pin id="1494" dir="0" index="39" bw="12" slack="0"/>
<pin id="1495" dir="0" index="40" bw="12" slack="0"/>
<pin id="1496" dir="0" index="41" bw="12" slack="0"/>
<pin id="1497" dir="0" index="42" bw="12" slack="0"/>
<pin id="1498" dir="0" index="43" bw="12" slack="0"/>
<pin id="1499" dir="0" index="44" bw="12" slack="0"/>
<pin id="1500" dir="0" index="45" bw="12" slack="0"/>
<pin id="1501" dir="0" index="46" bw="12" slack="0"/>
<pin id="1502" dir="0" index="47" bw="12" slack="0"/>
<pin id="1503" dir="0" index="48" bw="12" slack="0"/>
<pin id="1504" dir="0" index="49" bw="12" slack="2147483647"/>
<pin id="1505" dir="0" index="50" bw="12" slack="2147483647"/>
<pin id="1506" dir="0" index="51" bw="12" slack="2147483647"/>
<pin id="1507" dir="0" index="52" bw="12" slack="2147483647"/>
<pin id="1508" dir="0" index="53" bw="12" slack="2147483647"/>
<pin id="1509" dir="0" index="54" bw="12" slack="2147483647"/>
<pin id="1510" dir="0" index="55" bw="12" slack="2147483647"/>
<pin id="1511" dir="0" index="56" bw="12" slack="2147483647"/>
<pin id="1512" dir="0" index="57" bw="12" slack="2147483647"/>
<pin id="1513" dir="0" index="58" bw="12" slack="2147483647"/>
<pin id="1514" dir="0" index="59" bw="12" slack="2147483647"/>
<pin id="1515" dir="0" index="60" bw="12" slack="2147483647"/>
<pin id="1516" dir="0" index="61" bw="12" slack="2147483647"/>
<pin id="1517" dir="0" index="62" bw="12" slack="2147483647"/>
<pin id="1518" dir="0" index="63" bw="12" slack="2147483647"/>
<pin id="1519" dir="0" index="64" bw="12" slack="2147483647"/>
<pin id="1520" dir="0" index="65" bw="12" slack="0"/>
<pin id="1521" dir="0" index="66" bw="16" slack="0"/>
<pin id="1522" dir="0" index="67" bw="12" slack="0"/>
<pin id="1523" dir="0" index="68" bw="16" slack="0"/>
<pin id="1524" dir="0" index="69" bw="12" slack="0"/>
<pin id="1525" dir="0" index="70" bw="16" slack="0"/>
<pin id="1526" dir="0" index="71" bw="12" slack="0"/>
<pin id="1527" dir="0" index="72" bw="16" slack="0"/>
<pin id="1528" dir="1" index="73" bw="0" slack="2147483647"/>
</pin_list>
<bind>
<opcode="call(48) " fcode="call"/>
<opset="call_ln96/5 "/>
</bind>
</comp>

<comp id="1570" class="1004" name="grp_fwd_stage2_t_16_s_fu_1570">
<pin_list>
<pin id="1571" dir="0" index="0" bw="0" slack="0"/>
<pin id="1572" dir="0" index="1" bw="12" slack="2147483647"/>
<pin id="1573" dir="0" index="2" bw="12" slack="2147483647"/>
<pin id="1574" dir="0" index="3" bw="12" slack="2147483647"/>
<pin id="1575" dir="0" index="4" bw="12" slack="2147483647"/>
<pin id="1576" dir="0" index="5" bw="12" slack="2147483647"/>
<pin id="1577" dir="0" index="6" bw="12" slack="2147483647"/>
<pin id="1578" dir="0" index="7" bw="12" slack="2147483647"/>
<pin id="1579" dir="0" index="8" bw="12" slack="2147483647"/>
<pin id="1580" dir="0" index="9" bw="12" slack="2147483647"/>
<pin id="1581" dir="0" index="10" bw="12" slack="2147483647"/>
<pin id="1582" dir="0" index="11" bw="12" slack="2147483647"/>
<pin id="1583" dir="0" index="12" bw="12" slack="2147483647"/>
<pin id="1584" dir="0" index="13" bw="12" slack="2147483647"/>
<pin id="1585" dir="0" index="14" bw="12" slack="2147483647"/>
<pin id="1586" dir="0" index="15" bw="12" slack="2147483647"/>
<pin id="1587" dir="0" index="16" bw="12" slack="2147483647"/>
<pin id="1588" dir="0" index="17" bw="12" slack="0"/>
<pin id="1589" dir="0" index="18" bw="12" slack="0"/>
<pin id="1590" dir="0" index="19" bw="12" slack="0"/>
<pin id="1591" dir="0" index="20" bw="12" slack="0"/>
<pin id="1592" dir="0" index="21" bw="12" slack="0"/>
<pin id="1593" dir="0" index="22" bw="12" slack="0"/>
<pin id="1594" dir="0" index="23" bw="12" slack="0"/>
<pin id="1595" dir="0" index="24" bw="12" slack="0"/>
<pin id="1596" dir="0" index="25" bw="12" slack="0"/>
<pin id="1597" dir="0" index="26" bw="12" slack="0"/>
<pin id="1598" dir="0" index="27" bw="12" slack="0"/>
<pin id="1599" dir="0" index="28" bw="12" slack="0"/>
<pin id="1600" dir="0" index="29" bw="12" slack="0"/>
<pin id="1601" dir="0" index="30" bw="12" slack="0"/>
<pin id="1602" dir="0" index="31" bw="12" slack="0"/>
<pin id="1603" dir="0" index="32" bw="12" slack="0"/>
<pin id="1604" dir="0" index="33" bw="12" slack="2147483647"/>
<pin id="1605" dir="0" index="34" bw="12" slack="2147483647"/>
<pin id="1606" dir="0" index="35" bw="12" slack="2147483647"/>
<pin id="1607" dir="0" index="36" bw="12" slack="2147483647"/>
<pin id="1608" dir="0" index="37" bw="12" slack="2147483647"/>
<pin id="1609" dir="0" index="38" bw="12" slack="2147483647"/>
<pin id="1610" dir="0" index="39" bw="12" slack="2147483647"/>
<pin id="1611" dir="0" index="40" bw="12" slack="2147483647"/>
<pin id="1612" dir="0" index="41" bw="12" slack="2147483647"/>
<pin id="1613" dir="0" index="42" bw="12" slack="2147483647"/>
<pin id="1614" dir="0" index="43" bw="12" slack="2147483647"/>
<pin id="1615" dir="0" index="44" bw="12" slack="2147483647"/>
<pin id="1616" dir="0" index="45" bw="12" slack="2147483647"/>
<pin id="1617" dir="0" index="46" bw="12" slack="2147483647"/>
<pin id="1618" dir="0" index="47" bw="12" slack="2147483647"/>
<pin id="1619" dir="0" index="48" bw="12" slack="2147483647"/>
<pin id="1620" dir="0" index="49" bw="12" slack="0"/>
<pin id="1621" dir="0" index="50" bw="12" slack="0"/>
<pin id="1622" dir="0" index="51" bw="12" slack="0"/>
<pin id="1623" dir="0" index="52" bw="12" slack="0"/>
<pin id="1624" dir="0" index="53" bw="12" slack="0"/>
<pin id="1625" dir="0" index="54" bw="12" slack="0"/>
<pin id="1626" dir="0" index="55" bw="12" slack="0"/>
<pin id="1627" dir="0" index="56" bw="12" slack="0"/>
<pin id="1628" dir="0" index="57" bw="12" slack="0"/>
<pin id="1629" dir="0" index="58" bw="12" slack="0"/>
<pin id="1630" dir="0" index="59" bw="12" slack="0"/>
<pin id="1631" dir="0" index="60" bw="12" slack="0"/>
<pin id="1632" dir="0" index="61" bw="12" slack="0"/>
<pin id="1633" dir="0" index="62" bw="12" slack="0"/>
<pin id="1634" dir="0" index="63" bw="12" slack="0"/>
<pin id="1635" dir="0" index="64" bw="12" slack="0"/>
<pin id="1636" dir="0" index="65" bw="12" slack="0"/>
<pin id="1637" dir="0" index="66" bw="16" slack="0"/>
<pin id="1638" dir="0" index="67" bw="12" slack="0"/>
<pin id="1639" dir="0" index="68" bw="16" slack="0"/>
<pin id="1640" dir="0" index="69" bw="12" slack="0"/>
<pin id="1641" dir="0" index="70" bw="16" slack="0"/>
<pin id="1642" dir="0" index="71" bw="12" slack="0"/>
<pin id="1643" dir="0" index="72" bw="16" slack="0"/>
<pin id="1644" dir="1" index="73" bw="0" slack="2147483647"/>
</pin_list>
<bind>
<opcode="call(48) " fcode="call"/>
<opset="call_ln96/7 "/>
</bind>
</comp>

<comp id="1686" class="1004" name="grp_fwd_stage2_t_8_s_fu_1686">
<pin_list>
<pin id="1687" dir="0" index="0" bw="0" slack="0"/>
<pin id="1688" dir="0" index="1" bw="12" slack="0"/>
<pin id="1689" dir="0" index="2" bw="12" slack="0"/>
<pin id="1690" dir="0" index="3" bw="12" slack="0"/>
<pin id="1691" dir="0" index="4" bw="12" slack="0"/>
<pin id="1692" dir="0" index="5" bw="12" slack="0"/>
<pin id="1693" dir="0" index="6" bw="12" slack="0"/>
<pin id="1694" dir="0" index="7" bw="12" slack="0"/>
<pin id="1695" dir="0" index="8" bw="12" slack="0"/>
<pin id="1696" dir="0" index="9" bw="12" slack="0"/>
<pin id="1697" dir="0" index="10" bw="12" slack="0"/>
<pin id="1698" dir="0" index="11" bw="12" slack="0"/>
<pin id="1699" dir="0" index="12" bw="12" slack="0"/>
<pin id="1700" dir="0" index="13" bw="12" slack="0"/>
<pin id="1701" dir="0" index="14" bw="12" slack="0"/>
<pin id="1702" dir="0" index="15" bw="12" slack="0"/>
<pin id="1703" dir="0" index="16" bw="12" slack="0"/>
<pin id="1704" dir="0" index="17" bw="12" slack="2147483647"/>
<pin id="1705" dir="0" index="18" bw="12" slack="2147483647"/>
<pin id="1706" dir="0" index="19" bw="12" slack="2147483647"/>
<pin id="1707" dir="0" index="20" bw="12" slack="2147483647"/>
<pin id="1708" dir="0" index="21" bw="12" slack="2147483647"/>
<pin id="1709" dir="0" index="22" bw="12" slack="2147483647"/>
<pin id="1710" dir="0" index="23" bw="12" slack="2147483647"/>
<pin id="1711" dir="0" index="24" bw="12" slack="2147483647"/>
<pin id="1712" dir="0" index="25" bw="12" slack="2147483647"/>
<pin id="1713" dir="0" index="26" bw="12" slack="2147483647"/>
<pin id="1714" dir="0" index="27" bw="12" slack="2147483647"/>
<pin id="1715" dir="0" index="28" bw="12" slack="2147483647"/>
<pin id="1716" dir="0" index="29" bw="12" slack="2147483647"/>
<pin id="1717" dir="0" index="30" bw="12" slack="2147483647"/>
<pin id="1718" dir="0" index="31" bw="12" slack="2147483647"/>
<pin id="1719" dir="0" index="32" bw="12" slack="2147483647"/>
<pin id="1720" dir="0" index="33" bw="12" slack="0"/>
<pin id="1721" dir="0" index="34" bw="12" slack="0"/>
<pin id="1722" dir="0" index="35" bw="12" slack="0"/>
<pin id="1723" dir="0" index="36" bw="12" slack="0"/>
<pin id="1724" dir="0" index="37" bw="12" slack="0"/>
<pin id="1725" dir="0" index="38" bw="12" slack="0"/>
<pin id="1726" dir="0" index="39" bw="12" slack="0"/>
<pin id="1727" dir="0" index="40" bw="12" slack="0"/>
<pin id="1728" dir="0" index="41" bw="12" slack="0"/>
<pin id="1729" dir="0" index="42" bw="12" slack="0"/>
<pin id="1730" dir="0" index="43" bw="12" slack="0"/>
<pin id="1731" dir="0" index="44" bw="12" slack="0"/>
<pin id="1732" dir="0" index="45" bw="12" slack="0"/>
<pin id="1733" dir="0" index="46" bw="12" slack="0"/>
<pin id="1734" dir="0" index="47" bw="12" slack="0"/>
<pin id="1735" dir="0" index="48" bw="12" slack="0"/>
<pin id="1736" dir="0" index="49" bw="12" slack="2147483647"/>
<pin id="1737" dir="0" index="50" bw="12" slack="2147483647"/>
<pin id="1738" dir="0" index="51" bw="12" slack="2147483647"/>
<pin id="1739" dir="0" index="52" bw="12" slack="2147483647"/>
<pin id="1740" dir="0" index="53" bw="12" slack="2147483647"/>
<pin id="1741" dir="0" index="54" bw="12" slack="2147483647"/>
<pin id="1742" dir="0" index="55" bw="12" slack="2147483647"/>
<pin id="1743" dir="0" index="56" bw="12" slack="2147483647"/>
<pin id="1744" dir="0" index="57" bw="12" slack="2147483647"/>
<pin id="1745" dir="0" index="58" bw="12" slack="2147483647"/>
<pin id="1746" dir="0" index="59" bw="12" slack="2147483647"/>
<pin id="1747" dir="0" index="60" bw="12" slack="2147483647"/>
<pin id="1748" dir="0" index="61" bw="12" slack="2147483647"/>
<pin id="1749" dir="0" index="62" bw="12" slack="2147483647"/>
<pin id="1750" dir="0" index="63" bw="12" slack="2147483647"/>
<pin id="1751" dir="0" index="64" bw="12" slack="2147483647"/>
<pin id="1752" dir="0" index="65" bw="12" slack="0"/>
<pin id="1753" dir="0" index="66" bw="16" slack="0"/>
<pin id="1754" dir="0" index="67" bw="12" slack="0"/>
<pin id="1755" dir="0" index="68" bw="16" slack="0"/>
<pin id="1756" dir="0" index="69" bw="12" slack="0"/>
<pin id="1757" dir="0" index="70" bw="16" slack="0"/>
<pin id="1758" dir="0" index="71" bw="12" slack="0"/>
<pin id="1759" dir="0" index="72" bw="16" slack="0"/>
<pin id="1760" dir="1" index="73" bw="0" slack="2147483647"/>
</pin_list>
<bind>
<opcode="call(48) " fcode="call"/>
<opset="call_ln97/9 "/>
</bind>
</comp>

<comp id="1802" class="1004" name="grp_fwd_stage2_t_4_s_fu_1802">
<pin_list>
<pin id="1803" dir="0" index="0" bw="0" slack="0"/>
<pin id="1804" dir="0" index="1" bw="12" slack="2147483647"/>
<pin id="1805" dir="0" index="2" bw="12" slack="2147483647"/>
<pin id="1806" dir="0" index="3" bw="12" slack="2147483647"/>
<pin id="1807" dir="0" index="4" bw="12" slack="2147483647"/>
<pin id="1808" dir="0" index="5" bw="12" slack="2147483647"/>
<pin id="1809" dir="0" index="6" bw="12" slack="2147483647"/>
<pin id="1810" dir="0" index="7" bw="12" slack="2147483647"/>
<pin id="1811" dir="0" index="8" bw="12" slack="2147483647"/>
<pin id="1812" dir="0" index="9" bw="12" slack="2147483647"/>
<pin id="1813" dir="0" index="10" bw="12" slack="2147483647"/>
<pin id="1814" dir="0" index="11" bw="12" slack="2147483647"/>
<pin id="1815" dir="0" index="12" bw="12" slack="2147483647"/>
<pin id="1816" dir="0" index="13" bw="12" slack="2147483647"/>
<pin id="1817" dir="0" index="14" bw="12" slack="2147483647"/>
<pin id="1818" dir="0" index="15" bw="12" slack="2147483647"/>
<pin id="1819" dir="0" index="16" bw="12" slack="2147483647"/>
<pin id="1820" dir="0" index="17" bw="12" slack="0"/>
<pin id="1821" dir="0" index="18" bw="12" slack="0"/>
<pin id="1822" dir="0" index="19" bw="12" slack="0"/>
<pin id="1823" dir="0" index="20" bw="12" slack="0"/>
<pin id="1824" dir="0" index="21" bw="12" slack="0"/>
<pin id="1825" dir="0" index="22" bw="12" slack="0"/>
<pin id="1826" dir="0" index="23" bw="12" slack="0"/>
<pin id="1827" dir="0" index="24" bw="12" slack="0"/>
<pin id="1828" dir="0" index="25" bw="12" slack="0"/>
<pin id="1829" dir="0" index="26" bw="12" slack="0"/>
<pin id="1830" dir="0" index="27" bw="12" slack="0"/>
<pin id="1831" dir="0" index="28" bw="12" slack="0"/>
<pin id="1832" dir="0" index="29" bw="12" slack="0"/>
<pin id="1833" dir="0" index="30" bw="12" slack="0"/>
<pin id="1834" dir="0" index="31" bw="12" slack="0"/>
<pin id="1835" dir="0" index="32" bw="12" slack="0"/>
<pin id="1836" dir="0" index="33" bw="12" slack="2147483647"/>
<pin id="1837" dir="0" index="34" bw="12" slack="2147483647"/>
<pin id="1838" dir="0" index="35" bw="12" slack="2147483647"/>
<pin id="1839" dir="0" index="36" bw="12" slack="2147483647"/>
<pin id="1840" dir="0" index="37" bw="12" slack="2147483647"/>
<pin id="1841" dir="0" index="38" bw="12" slack="2147483647"/>
<pin id="1842" dir="0" index="39" bw="12" slack="2147483647"/>
<pin id="1843" dir="0" index="40" bw="12" slack="2147483647"/>
<pin id="1844" dir="0" index="41" bw="12" slack="2147483647"/>
<pin id="1845" dir="0" index="42" bw="12" slack="2147483647"/>
<pin id="1846" dir="0" index="43" bw="12" slack="2147483647"/>
<pin id="1847" dir="0" index="44" bw="12" slack="2147483647"/>
<pin id="1848" dir="0" index="45" bw="12" slack="2147483647"/>
<pin id="1849" dir="0" index="46" bw="12" slack="2147483647"/>
<pin id="1850" dir="0" index="47" bw="12" slack="2147483647"/>
<pin id="1851" dir="0" index="48" bw="12" slack="2147483647"/>
<pin id="1852" dir="0" index="49" bw="12" slack="0"/>
<pin id="1853" dir="0" index="50" bw="12" slack="0"/>
<pin id="1854" dir="0" index="51" bw="12" slack="0"/>
<pin id="1855" dir="0" index="52" bw="12" slack="0"/>
<pin id="1856" dir="0" index="53" bw="12" slack="0"/>
<pin id="1857" dir="0" index="54" bw="12" slack="0"/>
<pin id="1858" dir="0" index="55" bw="12" slack="0"/>
<pin id="1859" dir="0" index="56" bw="12" slack="0"/>
<pin id="1860" dir="0" index="57" bw="12" slack="0"/>
<pin id="1861" dir="0" index="58" bw="12" slack="0"/>
<pin id="1862" dir="0" index="59" bw="12" slack="0"/>
<pin id="1863" dir="0" index="60" bw="12" slack="0"/>
<pin id="1864" dir="0" index="61" bw="12" slack="0"/>
<pin id="1865" dir="0" index="62" bw="12" slack="0"/>
<pin id="1866" dir="0" index="63" bw="12" slack="0"/>
<pin id="1867" dir="0" index="64" bw="12" slack="0"/>
<pin id="1868" dir="0" index="65" bw="12" slack="0"/>
<pin id="1869" dir="0" index="66" bw="16" slack="0"/>
<pin id="1870" dir="0" index="67" bw="12" slack="0"/>
<pin id="1871" dir="0" index="68" bw="16" slack="0"/>
<pin id="1872" dir="0" index="69" bw="12" slack="0"/>
<pin id="1873" dir="0" index="70" bw="16" slack="0"/>
<pin id="1874" dir="0" index="71" bw="12" slack="0"/>
<pin id="1875" dir="0" index="72" bw="16" slack="0"/>
<pin id="1876" dir="1" index="73" bw="0" slack="2147483647"/>
</pin_list>
<bind>
<opcode="call(48) " fcode="call"/>
<opset="call_ln97/11 "/>
</bind>
</comp>

<comp id="1918" class="1004" name="grp_fwd_stage2_t_2_s_fu_1918">
<pin_list>
<pin id="1919" dir="0" index="0" bw="0" slack="0"/>
<pin id="1920" dir="0" index="1" bw="12" slack="0"/>
<pin id="1921" dir="0" index="2" bw="12" slack="0"/>
<pin id="1922" dir="0" index="3" bw="12" slack="0"/>
<pin id="1923" dir="0" index="4" bw="12" slack="0"/>
<pin id="1924" dir="0" index="5" bw="12" slack="0"/>
<pin id="1925" dir="0" index="6" bw="12" slack="0"/>
<pin id="1926" dir="0" index="7" bw="12" slack="0"/>
<pin id="1927" dir="0" index="8" bw="12" slack="0"/>
<pin id="1928" dir="0" index="9" bw="12" slack="0"/>
<pin id="1929" dir="0" index="10" bw="12" slack="0"/>
<pin id="1930" dir="0" index="11" bw="12" slack="0"/>
<pin id="1931" dir="0" index="12" bw="12" slack="0"/>
<pin id="1932" dir="0" index="13" bw="12" slack="0"/>
<pin id="1933" dir="0" index="14" bw="12" slack="0"/>
<pin id="1934" dir="0" index="15" bw="12" slack="0"/>
<pin id="1935" dir="0" index="16" bw="12" slack="0"/>
<pin id="1936" dir="0" index="17" bw="12" slack="2147483647"/>
<pin id="1937" dir="0" index="18" bw="12" slack="2147483647"/>
<pin id="1938" dir="0" index="19" bw="12" slack="2147483647"/>
<pin id="1939" dir="0" index="20" bw="12" slack="2147483647"/>
<pin id="1940" dir="0" index="21" bw="12" slack="2147483647"/>
<pin id="1941" dir="0" index="22" bw="12" slack="2147483647"/>
<pin id="1942" dir="0" index="23" bw="12" slack="2147483647"/>
<pin id="1943" dir="0" index="24" bw="12" slack="2147483647"/>
<pin id="1944" dir="0" index="25" bw="12" slack="2147483647"/>
<pin id="1945" dir="0" index="26" bw="12" slack="2147483647"/>
<pin id="1946" dir="0" index="27" bw="12" slack="2147483647"/>
<pin id="1947" dir="0" index="28" bw="12" slack="2147483647"/>
<pin id="1948" dir="0" index="29" bw="12" slack="2147483647"/>
<pin id="1949" dir="0" index="30" bw="12" slack="2147483647"/>
<pin id="1950" dir="0" index="31" bw="12" slack="2147483647"/>
<pin id="1951" dir="0" index="32" bw="12" slack="2147483647"/>
<pin id="1952" dir="0" index="33" bw="12" slack="0"/>
<pin id="1953" dir="0" index="34" bw="12" slack="0"/>
<pin id="1954" dir="0" index="35" bw="12" slack="0"/>
<pin id="1955" dir="0" index="36" bw="12" slack="0"/>
<pin id="1956" dir="0" index="37" bw="12" slack="0"/>
<pin id="1957" dir="0" index="38" bw="12" slack="0"/>
<pin id="1958" dir="0" index="39" bw="12" slack="0"/>
<pin id="1959" dir="0" index="40" bw="12" slack="0"/>
<pin id="1960" dir="0" index="41" bw="12" slack="0"/>
<pin id="1961" dir="0" index="42" bw="12" slack="0"/>
<pin id="1962" dir="0" index="43" bw="12" slack="0"/>
<pin id="1963" dir="0" index="44" bw="12" slack="0"/>
<pin id="1964" dir="0" index="45" bw="12" slack="0"/>
<pin id="1965" dir="0" index="46" bw="12" slack="0"/>
<pin id="1966" dir="0" index="47" bw="12" slack="0"/>
<pin id="1967" dir="0" index="48" bw="12" slack="0"/>
<pin id="1968" dir="0" index="49" bw="12" slack="2147483647"/>
<pin id="1969" dir="0" index="50" bw="12" slack="2147483647"/>
<pin id="1970" dir="0" index="51" bw="12" slack="2147483647"/>
<pin id="1971" dir="0" index="52" bw="12" slack="2147483647"/>
<pin id="1972" dir="0" index="53" bw="12" slack="2147483647"/>
<pin id="1973" dir="0" index="54" bw="12" slack="2147483647"/>
<pin id="1974" dir="0" index="55" bw="12" slack="2147483647"/>
<pin id="1975" dir="0" index="56" bw="12" slack="2147483647"/>
<pin id="1976" dir="0" index="57" bw="12" slack="2147483647"/>
<pin id="1977" dir="0" index="58" bw="12" slack="2147483647"/>
<pin id="1978" dir="0" index="59" bw="12" slack="2147483647"/>
<pin id="1979" dir="0" index="60" bw="12" slack="2147483647"/>
<pin id="1980" dir="0" index="61" bw="12" slack="2147483647"/>
<pin id="1981" dir="0" index="62" bw="12" slack="2147483647"/>
<pin id="1982" dir="0" index="63" bw="12" slack="2147483647"/>
<pin id="1983" dir="0" index="64" bw="12" slack="2147483647"/>
<pin id="1984" dir="0" index="65" bw="12" slack="0"/>
<pin id="1985" dir="0" index="66" bw="16" slack="0"/>
<pin id="1986" dir="0" index="67" bw="12" slack="0"/>
<pin id="1987" dir="0" index="68" bw="16" slack="0"/>
<pin id="1988" dir="0" index="69" bw="12" slack="0"/>
<pin id="1989" dir="0" index="70" bw="16" slack="0"/>
<pin id="1990" dir="0" index="71" bw="12" slack="0"/>
<pin id="1991" dir="0" index="72" bw="16" slack="0"/>
<pin id="1992" dir="1" index="73" bw="0" slack="2147483647"/>
</pin_list>
<bind>
<opcode="call(48) " fcode="call"/>
<opset="call_ln98/13 "/>
</bind>
</comp>

<comp id="2034" class="1004" name="store_ln99_store_fu_2034">
<pin_list>
<pin id="2035" dir="0" index="0" bw="1" slack="0"/>
<pin id="2036" dir="0" index="1" bw="9" slack="0"/>
<pin id="2037" dir="1" index="2" bw="0" slack="2147483647"/>
</pin_list>
<bind>
<opcode="store(28) " fcode="store"/>
<opset="store_ln99/1 "/>
</bind>
</comp>

<comp id="2039" class="1004" name="i_2_load_fu_2039">
<pin_list>
<pin id="2040" dir="0" index="0" bw="9" slack="14"/>
<pin id="2041" dir="1" index="1" bw="9" slack="0"/>
</pin_list>
<bind>
<opcode="load(27) " fcode="load"/>
<opset="i_2/15 "/>
</bind>
</comp>

<comp id="2042" class="1004" name="icmp_ln99_fu_2042">
<pin_list>
<pin id="2043" dir="0" index="0" bw="9" slack="0"/>
<pin id="2044" dir="0" index="1" bw="9" slack="0"/>
<pin id="2045" dir="1" index="2" bw="1" slack="2147483647"/>
</pin_list>
<bind>
<opcode="icmp(45) " fcode="icmp"/>
<opset="icmp_ln99/15 "/>
</bind>
</comp>

<comp id="2048" class="1004" name="add_ln99_fu_2048">
<pin_list>
<pin id="2049" dir="0" index="0" bw="9" slack="0"/>
<pin id="2050" dir="0" index="1" bw="1" slack="0"/>
<pin id="2051" dir="1" index="2" bw="9" slack="0"/>
</pin_list>
<bind>
<opcode="add(8) " fcode="add"/>
<opset="add_ln99/15 "/>
</bind>
</comp>

<comp id="2054" class="1004" name="trunc_ln99_fu_2054">
<pin_list>
<pin id="2055" dir="0" index="0" bw="9" slack="0"/>
<pin id="2056" dir="1" index="1" bw="4" slack="1"/>
</pin_list>
<bind>
<opcode="trunc(33) " fcode="trunc"/>
<opset="trunc_ln99/15 "/>
</bind>
</comp>

<comp id="2058" class="1004" name="lshr_ln_fu_2058">
<pin_list>
<pin id="2059" dir="0" index="0" bw="4" slack="0"/>
<pin id="2060" dir="0" index="1" bw="9" slack="0"/>
<pin id="2061" dir="0" index="2" bw="4" slack="0"/>
<pin id="2062" dir="0" index="3" bw="4" slack="0"/>
<pin id="2063" dir="1" index="4" bw="4" slack="0"/>
</pin_list>
<bind>
<opcode="partselect(1002) " fcode="partselect"/>
<opset="lshr_ln/15 "/>
</bind>
</comp>

<comp id="2068" class="1004" name="zext_ln99_fu_2068">
<pin_list>
<pin id="2069" dir="0" index="0" bw="4" slack="0"/>
<pin id="2070" dir="1" index="1" bw="64" slack="0"/>
</pin_list>
<bind>
<opcode="zext(34) " fcode="zext"/>
<opset="zext_ln99/15 "/>
</bind>
</comp>

<comp id="2104" class="1004" name="store_ln99_store_fu_2104">
<pin_list>
<pin id="2105" dir="0" index="0" bw="9" slack="0"/>
<pin id="2106" dir="0" index="1" bw="9" slack="14"/>
<pin id="2107" dir="1" index="2" bw="0" slack="2147483647"/>
</pin_list>
<bind>
<opcode="store(28) " fcode="store"/>
<opset="store_ln99/15 "/>
</bind>
</comp>

<comp id="2109" class="1004" name="tmp_fu_2109">
<pin_list>
<pin id="2110" dir="0" index="0" bw="12" slack="0"/>
<pin id="2111" dir="0" index="1" bw="1" slack="0"/>
<pin id="2112" dir="0" index="2" bw="12" slack="0"/>
<pin id="2113" dir="0" index="3" bw="1" slack="0"/>
<pin id="2114" dir="0" index="4" bw="12" slack="0"/>
<pin id="2115" dir="0" index="5" bw="3" slack="0"/>
<pin id="2116" dir="0" index="6" bw="12" slack="0"/>
<pin id="2117" dir="0" index="7" bw="3" slack="0"/>
<pin id="2118" dir="0" index="8" bw="12" slack="0"/>
<pin id="2119" dir="0" index="9" bw="4" slack="0"/>
<pin id="2120" dir="0" index="10" bw="12" slack="0"/>
<pin id="2121" dir="0" index="11" bw="4" slack="0"/>
<pin id="2122" dir="0" index="12" bw="12" slack="0"/>
<pin id="2123" dir="0" index="13" bw="4" slack="0"/>
<pin id="2124" dir="0" index="14" bw="12" slack="0"/>
<pin id="2125" dir="0" index="15" bw="4" slack="0"/>
<pin id="2126" dir="0" index="16" bw="12" slack="0"/>
<pin id="2127" dir="0" index="17" bw="4" slack="0"/>
<pin id="2128" dir="0" index="18" bw="12" slack="0"/>
<pin id="2129" dir="0" index="19" bw="4" slack="0"/>
<pin id="2130" dir="0" index="20" bw="12" slack="0"/>
<pin id="2131" dir="0" index="21" bw="4" slack="0"/>
<pin id="2132" dir="0" index="22" bw="12" slack="0"/>
<pin id="2133" dir="0" index="23" bw="4" slack="0"/>
<pin id="2134" dir="0" index="24" bw="12" slack="0"/>
<pin id="2135" dir="0" index="25" bw="3" slack="0"/>
<pin id="2136" dir="0" index="26" bw="12" slack="0"/>
<pin id="2137" dir="0" index="27" bw="3" slack="0"/>
<pin id="2138" dir="0" index="28" bw="12" slack="0"/>
<pin id="2139" dir="0" index="29" bw="2" slack="0"/>
<pin id="2140" dir="0" index="30" bw="12" slack="0"/>
<pin id="2141" dir="0" index="31" bw="1" slack="0"/>
<pin id="2142" dir="0" index="32" bw="12" slack="0"/>
<pin id="2143" dir="0" index="33" bw="1" slack="0"/>
<pin id="2144" dir="0" index="34" bw="4" slack="1"/>
<pin id="2145" dir="1" index="35" bw="12" slack="0"/>
</pin_list>
<bind>
<opcode="sparsemux(1197) " fcode="sparsemux"/>
<opset="tmp/16 "/>
</bind>
</comp>

<comp id="2196" class="1004" name="tmp_s_fu_2196">
<pin_list>
<pin id="2197" dir="0" index="0" bw="12" slack="0"/>
<pin id="2198" dir="0" index="1" bw="1" slack="0"/>
<pin id="2199" dir="0" index="2" bw="12" slack="0"/>
<pin id="2200" dir="0" index="3" bw="1" slack="0"/>
<pin id="2201" dir="0" index="4" bw="12" slack="0"/>
<pin id="2202" dir="0" index="5" bw="3" slack="0"/>
<pin id="2203" dir="0" index="6" bw="12" slack="0"/>
<pin id="2204" dir="0" index="7" bw="3" slack="0"/>
<pin id="2205" dir="0" index="8" bw="12" slack="0"/>
<pin id="2206" dir="0" index="9" bw="4" slack="0"/>
<pin id="2207" dir="0" index="10" bw="12" slack="0"/>
<pin id="2208" dir="0" index="11" bw="4" slack="0"/>
<pin id="2209" dir="0" index="12" bw="12" slack="0"/>
<pin id="2210" dir="0" index="13" bw="4" slack="0"/>
<pin id="2211" dir="0" index="14" bw="12" slack="0"/>
<pin id="2212" dir="0" index="15" bw="4" slack="0"/>
<pin id="2213" dir="0" index="16" bw="12" slack="0"/>
<pin id="2214" dir="0" index="17" bw="4" slack="0"/>
<pin id="2215" dir="0" index="18" bw="12" slack="0"/>
<pin id="2216" dir="0" index="19" bw="4" slack="0"/>
<pin id="2217" dir="0" index="20" bw="12" slack="0"/>
<pin id="2218" dir="0" index="21" bw="4" slack="0"/>
<pin id="2219" dir="0" index="22" bw="12" slack="0"/>
<pin id="2220" dir="0" index="23" bw="4" slack="0"/>
<pin id="2221" dir="0" index="24" bw="12" slack="0"/>
<pin id="2222" dir="0" index="25" bw="3" slack="0"/>
<pin id="2223" dir="0" index="26" bw="12" slack="0"/>
<pin id="2224" dir="0" index="27" bw="3" slack="0"/>
<pin id="2225" dir="0" index="28" bw="12" slack="0"/>
<pin id="2226" dir="0" index="29" bw="2" slack="0"/>
<pin id="2227" dir="0" index="30" bw="12" slack="0"/>
<pin id="2228" dir="0" index="31" bw="1" slack="0"/>
<pin id="2229" dir="0" index="32" bw="12" slack="0"/>
<pin id="2230" dir="0" index="33" bw="1" slack="0"/>
<pin id="2231" dir="0" index="34" bw="4" slack="1"/>
<pin id="2232" dir="1" index="35" bw="12" slack="0"/>
</pin_list>
<bind>
<opcode="sparsemux(1197) " fcode="sparsemux"/>
<opset="tmp_s/16 "/>
</bind>
</comp>

<comp id="2283" class="1005" name="i_reg_2283">
<pin_list>
<pin id="2284" dir="0" index="0" bw="9" slack="0"/>
<pin id="2285" dir="1" index="1" bw="9" slack="0"/>
</pin_list>
<bind>
<opset="i "/>
</bind>
</comp>

<comp id="2293" class="1005" name="trunc_ln99_reg_2293">
<pin_list>
<pin id="2294" dir="0" index="0" bw="4" slack="1"/>
<pin id="2295" dir="1" index="1" bw="4" slack="1"/>
</pin_list>
<bind>
<opset="trunc_ln99 "/>
</bind>
</comp>

<comp id="2299" class="1005" name="zext_ln99_reg_2299">
<pin_list>
<pin id="2300" dir="0" index="0" bw="64" slack="1"/>
<pin id="2301" dir="1" index="1" bw="64" slack="1"/>
</pin_list>
<bind>
<opset="zext_ln99 "/>
</bind>
</comp>

<comp id="2335" class="1005" name="tA_addr_reg_2335">
<pin_list>
<pin id="2336" dir="0" index="0" bw="4" slack="1"/>
<pin id="2337" dir="1" index="1" bw="4" slack="1"/>
</pin_list>
<bind>
<opset="tA_addr "/>
</bind>
</comp>

<comp id="2340" class="1005" name="tA_1_addr_reg_2340">
<pin_list>
<pin id="2341" dir="0" index="0" bw="4" slack="1"/>
<pin id="2342" dir="1" index="1" bw="4" slack="1"/>
</pin_list>
<bind>
<opset="tA_1_addr "/>
</bind>
</comp>

<comp id="2345" class="1005" name="tA_2_addr_reg_2345">
<pin_list>
<pin id="2346" dir="0" index="0" bw="4" slack="1"/>
<pin id="2347" dir="1" index="1" bw="4" slack="1"/>
</pin_list>
<bind>
<opset="tA_2_addr "/>
</bind>
</comp>

<comp id="2350" class="1005" name="tA_3_addr_reg_2350">
<pin_list>
<pin id="2351" dir="0" index="0" bw="4" slack="1"/>
<pin id="2352" dir="1" index="1" bw="4" slack="1"/>
</pin_list>
<bind>
<opset="tA_3_addr "/>
</bind>
</comp>

<comp id="2355" class="1005" name="tA_4_addr_reg_2355">
<pin_list>
<pin id="2356" dir="0" index="0" bw="4" slack="1"/>
<pin id="2357" dir="1" index="1" bw="4" slack="1"/>
</pin_list>
<bind>
<opset="tA_4_addr "/>
</bind>
</comp>

<comp id="2360" class="1005" name="tA_5_addr_reg_2360">
<pin_list>
<pin id="2361" dir="0" index="0" bw="4" slack="1"/>
<pin id="2362" dir="1" index="1" bw="4" slack="1"/>
</pin_list>
<bind>
<opset="tA_5_addr "/>
</bind>
</comp>

<comp id="2365" class="1005" name="tA_6_addr_reg_2365">
<pin_list>
<pin id="2366" dir="0" index="0" bw="4" slack="1"/>
<pin id="2367" dir="1" index="1" bw="4" slack="1"/>
</pin_list>
<bind>
<opset="tA_6_addr "/>
</bind>
</comp>

<comp id="2370" class="1005" name="tA_7_addr_reg_2370">
<pin_list>
<pin id="2371" dir="0" index="0" bw="4" slack="1"/>
<pin id="2372" dir="1" index="1" bw="4" slack="1"/>
</pin_list>
<bind>
<opset="tA_7_addr "/>
</bind>
</comp>

<comp id="2375" class="1005" name="tA_8_addr_reg_2375">
<pin_list>
<pin id="2376" dir="0" index="0" bw="4" slack="1"/>
<pin id="2377" dir="1" index="1" bw="4" slack="1"/>
</pin_list>
<bind>
<opset="tA_8_addr "/>
</bind>
</comp>

<comp id="2380" class="1005" name="tA_9_addr_reg_2380">
<pin_list>
<pin id="2381" dir="0" index="0" bw="4" slack="1"/>
<pin id="2382" dir="1" index="1" bw="4" slack="1"/>
</pin_list>
<bind>
<opset="tA_9_addr "/>
</bind>
</comp>

<comp id="2385" class="1005" name="tA_10_addr_reg_2385">
<pin_list>
<pin id="2386" dir="0" index="0" bw="4" slack="1"/>
<pin id="2387" dir="1" index="1" bw="4" slack="1"/>
</pin_list>
<bind>
<opset="tA_10_addr "/>
</bind>
</comp>

<comp id="2390" class="1005" name="tA_11_addr_reg_2390">
<pin_list>
<pin id="2391" dir="0" index="0" bw="4" slack="1"/>
<pin id="2392" dir="1" index="1" bw="4" slack="1"/>
</pin_list>
<bind>
<opset="tA_11_addr "/>
</bind>
</comp>

<comp id="2395" class="1005" name="tA_12_addr_reg_2395">
<pin_list>
<pin id="2396" dir="0" index="0" bw="4" slack="1"/>
<pin id="2397" dir="1" index="1" bw="4" slack="1"/>
</pin_list>
<bind>
<opset="tA_12_addr "/>
</bind>
</comp>

<comp id="2400" class="1005" name="tA_13_addr_reg_2400">
<pin_list>
<pin id="2401" dir="0" index="0" bw="4" slack="1"/>
<pin id="2402" dir="1" index="1" bw="4" slack="1"/>
</pin_list>
<bind>
<opset="tA_13_addr "/>
</bind>
</comp>

<comp id="2405" class="1005" name="tA_14_addr_reg_2405">
<pin_list>
<pin id="2406" dir="0" index="0" bw="4" slack="1"/>
<pin id="2407" dir="1" index="1" bw="4" slack="1"/>
</pin_list>
<bind>
<opset="tA_14_addr "/>
</bind>
</comp>

<comp id="2410" class="1005" name="tA_15_addr_reg_2410">
<pin_list>
<pin id="2411" dir="0" index="0" bw="4" slack="1"/>
<pin id="2412" dir="1" index="1" bw="4" slack="1"/>
</pin_list>
<bind>
<opset="tA_15_addr "/>
</bind>
</comp>

<comp id="2415" class="1005" name="tB_addr_reg_2415">
<pin_list>
<pin id="2416" dir="0" index="0" bw="4" slack="1"/>
<pin id="2417" dir="1" index="1" bw="4" slack="1"/>
</pin_list>
<bind>
<opset="tB_addr "/>
</bind>
</comp>

<comp id="2420" class="1005" name="tB_1_addr_reg_2420">
<pin_list>
<pin id="2421" dir="0" index="0" bw="4" slack="1"/>
<pin id="2422" dir="1" index="1" bw="4" slack="1"/>
</pin_list>
<bind>
<opset="tB_1_addr "/>
</bind>
</comp>

<comp id="2425" class="1005" name="tB_2_addr_reg_2425">
<pin_list>
<pin id="2426" dir="0" index="0" bw="4" slack="1"/>
<pin id="2427" dir="1" index="1" bw="4" slack="1"/>
</pin_list>
<bind>
<opset="tB_2_addr "/>
</bind>
</comp>

<comp id="2430" class="1005" name="tB_3_addr_reg_2430">
<pin_list>
<pin id="2431" dir="0" index="0" bw="4" slack="1"/>
<pin id="2432" dir="1" index="1" bw="4" slack="1"/>
</pin_list>
<bind>
<opset="tB_3_addr "/>
</bind>
</comp>

<comp id="2435" class="1005" name="tB_4_addr_reg_2435">
<pin_list>
<pin id="2436" dir="0" index="0" bw="4" slack="1"/>
<pin id="2437" dir="1" index="1" bw="4" slack="1"/>
</pin_list>
<bind>
<opset="tB_4_addr "/>
</bind>
</comp>

<comp id="2440" class="1005" name="tB_5_addr_reg_2440">
<pin_list>
<pin id="2441" dir="0" index="0" bw="4" slack="1"/>
<pin id="2442" dir="1" index="1" bw="4" slack="1"/>
</pin_list>
<bind>
<opset="tB_5_addr "/>
</bind>
</comp>

<comp id="2445" class="1005" name="tB_6_addr_reg_2445">
<pin_list>
<pin id="2446" dir="0" index="0" bw="4" slack="1"/>
<pin id="2447" dir="1" index="1" bw="4" slack="1"/>
</pin_list>
<bind>
<opset="tB_6_addr "/>
</bind>
</comp>

<comp id="2450" class="1005" name="tB_7_addr_reg_2450">
<pin_list>
<pin id="2451" dir="0" index="0" bw="4" slack="1"/>
<pin id="2452" dir="1" index="1" bw="4" slack="1"/>
</pin_list>
<bind>
<opset="tB_7_addr "/>
</bind>
</comp>

<comp id="2455" class="1005" name="tB_8_addr_reg_2455">
<pin_list>
<pin id="2456" dir="0" index="0" bw="4" slack="1"/>
<pin id="2457" dir="1" index="1" bw="4" slack="1"/>
</pin_list>
<bind>
<opset="tB_8_addr "/>
</bind>
</comp>

<comp id="2460" class="1005" name="tB_9_addr_reg_2460">
<pin_list>
<pin id="2461" dir="0" index="0" bw="4" slack="1"/>
<pin id="2462" dir="1" index="1" bw="4" slack="1"/>
</pin_list>
<bind>
<opset="tB_9_addr "/>
</bind>
</comp>

<comp id="2465" class="1005" name="tB_10_addr_reg_2465">
<pin_list>
<pin id="2466" dir="0" index="0" bw="4" slack="1"/>
<pin id="2467" dir="1" index="1" bw="4" slack="1"/>
</pin_list>
<bind>
<opset="tB_10_addr "/>
</bind>
</comp>

<comp id="2470" class="1005" name="tB_11_addr_reg_2470">
<pin_list>
<pin id="2471" dir="0" index="0" bw="4" slack="1"/>
<pin id="2472" dir="1" index="1" bw="4" slack="1"/>
</pin_list>
<bind>
<opset="tB_11_addr "/>
</bind>
</comp>

<comp id="2475" class="1005" name="tB_12_addr_reg_2475">
<pin_list>
<pin id="2476" dir="0" index="0" bw="4" slack="1"/>
<pin id="2477" dir="1" index="1" bw="4" slack="1"/>
</pin_list>
<bind>
<opset="tB_12_addr "/>
</bind>
</comp>

<comp id="2480" class="1005" name="tB_13_addr_reg_2480">
<pin_list>
<pin id="2481" dir="0" index="0" bw="4" slack="1"/>
<pin id="2482" dir="1" index="1" bw="4" slack="1"/>
</pin_list>
<bind>
<opset="tB_13_addr "/>
</bind>
</comp>

<comp id="2485" class="1005" name="tB_14_addr_reg_2485">
<pin_list>
<pin id="2486" dir="0" index="0" bw="4" slack="1"/>
<pin id="2487" dir="1" index="1" bw="4" slack="1"/>
</pin_list>
<bind>
<opset="tB_14_addr "/>
</bind>
</comp>

<comp id="2490" class="1005" name="tB_15_addr_reg_2490">
<pin_list>
<pin id="2491" dir="0" index="0" bw="4" slack="1"/>
<pin id="2492" dir="1" index="1" bw="4" slack="1"/>
</pin_list>
<bind>
<opset="tB_15_addr "/>
</bind>
</comp>

</comp_list>

<net_list>
<net id="261"><net_src comp="176" pin="0"/><net_sink comp="258" pin=0"/></net>

<net id="265"><net_src comp="178" pin="0"/><net_sink comp="262" pin=0"/></net>

<net id="269"><net_src comp="178" pin="0"/><net_sink comp="266" pin=0"/></net>

<net id="273"><net_src comp="178" pin="0"/><net_sink comp="270" pin=0"/></net>

<net id="277"><net_src comp="178" pin="0"/><net_sink comp="274" pin=0"/></net>

<net id="281"><net_src comp="178" pin="0"/><net_sink comp="278" pin=0"/></net>

<net id="285"><net_src comp="178" pin="0"/><net_sink comp="282" pin=0"/></net>

<net id="289"><net_src comp="178" pin="0"/><net_sink comp="286" pin=0"/></net>

<net id="293"><net_src comp="178" pin="0"/><net_sink comp="290" pin=0"/></net>

<net id="297"><net_src comp="178" pin="0"/><net_sink comp="294" pin=0"/></net>

<net id="301"><net_src comp="178" pin="0"/><net_sink comp="298" pin=0"/></net>

<net id="305"><net_src comp="178" pin="0"/><net_sink comp="302" pin=0"/></net>

<net id="309"><net_src comp="178" pin="0"/><net_sink comp="306" pin=0"/></net>

<net id="313"><net_src comp="178" pin="0"/><net_sink comp="310" pin=0"/></net>

<net id="317"><net_src comp="178" pin="0"/><net_sink comp="314" pin=0"/></net>

<net id="321"><net_src comp="178" pin="0"/><net_sink comp="318" pin=0"/></net>

<net id="325"><net_src comp="178" pin="0"/><net_sink comp="322" pin=0"/></net>

<net id="329"><net_src comp="178" pin="0"/><net_sink comp="326" pin=0"/></net>

<net id="333"><net_src comp="178" pin="0"/><net_sink comp="330" pin=0"/></net>

<net id="337"><net_src comp="178" pin="0"/><net_sink comp="334" pin=0"/></net>

<net id="341"><net_src comp="178" pin="0"/><net_sink comp="338" pin=0"/></net>

<net id="345"><net_src comp="178" pin="0"/><net_sink comp="342" pin=0"/></net>

<net id="349"><net_src comp="178" pin="0"/><net_sink comp="346" pin=0"/></net>

<net id="353"><net_src comp="178" pin="0"/><net_sink comp="350" pin=0"/></net>

<net id="357"><net_src comp="178" pin="0"/><net_sink comp="354" pin=0"/></net>

<net id="361"><net_src comp="178" pin="0"/><net_sink comp="358" pin=0"/></net>

<net id="365"><net_src comp="178" pin="0"/><net_sink comp="362" pin=0"/></net>

<net id="369"><net_src comp="178" pin="0"/><net_sink comp="366" pin=0"/></net>

<net id="373"><net_src comp="178" pin="0"/><net_sink comp="370" pin=0"/></net>

<net id="377"><net_src comp="178" pin="0"/><net_sink comp="374" pin=0"/></net>

<net id="381"><net_src comp="178" pin="0"/><net_sink comp="378" pin=0"/></net>

<net id="385"><net_src comp="178" pin="0"/><net_sink comp="382" pin=0"/></net>

<net id="389"><net_src comp="178" pin="0"/><net_sink comp="386" pin=0"/></net>

<net id="395"><net_src comp="206" pin="0"/><net_sink comp="390" pin=1"/></net>

<net id="401"><net_src comp="206" pin="0"/><net_sink comp="396" pin=1"/></net>

<net id="407"><net_src comp="206" pin="0"/><net_sink comp="402" pin=1"/></net>

<net id="413"><net_src comp="206" pin="0"/><net_sink comp="408" pin=1"/></net>

<net id="419"><net_src comp="206" pin="0"/><net_sink comp="414" pin=1"/></net>

<net id="425"><net_src comp="206" pin="0"/><net_sink comp="420" pin=1"/></net>

<net id="431"><net_src comp="206" pin="0"/><net_sink comp="426" pin=1"/></net>

<net id="437"><net_src comp="206" pin="0"/><net_sink comp="432" pin=1"/></net>

<net id="443"><net_src comp="206" pin="0"/><net_sink comp="438" pin=1"/></net>

<net id="449"><net_src comp="206" pin="0"/><net_sink comp="444" pin=1"/></net>

<net id="455"><net_src comp="206" pin="0"/><net_sink comp="450" pin=1"/></net>

<net id="461"><net_src comp="206" pin="0"/><net_sink comp="456" pin=1"/></net>

<net id="467"><net_src comp="206" pin="0"/><net_sink comp="462" pin=1"/></net>

<net id="473"><net_src comp="206" pin="0"/><net_sink comp="468" pin=1"/></net>

<net id="479"><net_src comp="206" pin="0"/><net_sink comp="474" pin=1"/></net>

<net id="485"><net_src comp="206" pin="0"/><net_sink comp="480" pin=1"/></net>

<net id="491"><net_src comp="390" pin="3"/><net_sink comp="486" pin=0"/></net>

<net id="497"><net_src comp="396" pin="3"/><net_sink comp="492" pin=0"/></net>

<net id="503"><net_src comp="402" pin="3"/><net_sink comp="498" pin=0"/></net>

<net id="509"><net_src comp="408" pin="3"/><net_sink comp="504" pin=0"/></net>

<net id="515"><net_src comp="414" pin="3"/><net_sink comp="510" pin=0"/></net>

<net id="521"><net_src comp="420" pin="3"/><net_sink comp="516" pin=0"/></net>

<net id="527"><net_src comp="426" pin="3"/><net_sink comp="522" pin=0"/></net>

<net id="533"><net_src comp="432" pin="3"/><net_sink comp="528" pin=0"/></net>

<net id="539"><net_src comp="438" pin="3"/><net_sink comp="534" pin=0"/></net>

<net id="545"><net_src comp="444" pin="3"/><net_sink comp="540" pin=0"/></net>

<net id="551"><net_src comp="450" pin="3"/><net_sink comp="546" pin=0"/></net>

<net id="557"><net_src comp="456" pin="3"/><net_sink comp="552" pin=0"/></net>

<net id="563"><net_src comp="462" pin="3"/><net_sink comp="558" pin=0"/></net>

<net id="569"><net_src comp="468" pin="3"/><net_sink comp="564" pin=0"/></net>

<net id="575"><net_src comp="474" pin="3"/><net_sink comp="570" pin=0"/></net>

<net id="581"><net_src comp="480" pin="3"/><net_sink comp="576" pin=0"/></net>

<net id="587"><net_src comp="206" pin="0"/><net_sink comp="582" pin=1"/></net>

<net id="593"><net_src comp="206" pin="0"/><net_sink comp="588" pin=1"/></net>

<net id="599"><net_src comp="206" pin="0"/><net_sink comp="594" pin=1"/></net>

<net id="605"><net_src comp="206" pin="0"/><net_sink comp="600" pin=1"/></net>

<net id="611"><net_src comp="206" pin="0"/><net_sink comp="606" pin=1"/></net>

<net id="617"><net_src comp="206" pin="0"/><net_sink comp="612" pin=1"/></net>

<net id="623"><net_src comp="206" pin="0"/><net_sink comp="618" pin=1"/></net>

<net id="629"><net_src comp="206" pin="0"/><net_sink comp="624" pin=1"/></net>

<net id="635"><net_src comp="206" pin="0"/><net_sink comp="630" pin=1"/></net>

<net id="641"><net_src comp="206" pin="0"/><net_sink comp="636" pin=1"/></net>

<net id="647"><net_src comp="206" pin="0"/><net_sink comp="642" pin=1"/></net>

<net id="653"><net_src comp="206" pin="0"/><net_sink comp="648" pin=1"/></net>

<net id="659"><net_src comp="206" pin="0"/><net_sink comp="654" pin=1"/></net>

<net id="665"><net_src comp="206" pin="0"/><net_sink comp="660" pin=1"/></net>

<net id="671"><net_src comp="206" pin="0"/><net_sink comp="666" pin=1"/></net>

<net id="677"><net_src comp="206" pin="0"/><net_sink comp="672" pin=1"/></net>

<net id="683"><net_src comp="582" pin="3"/><net_sink comp="678" pin=0"/></net>

<net id="689"><net_src comp="588" pin="3"/><net_sink comp="684" pin=0"/></net>

<net id="695"><net_src comp="594" pin="3"/><net_sink comp="690" pin=0"/></net>

<net id="701"><net_src comp="600" pin="3"/><net_sink comp="696" pin=0"/></net>

<net id="707"><net_src comp="606" pin="3"/><net_sink comp="702" pin=0"/></net>

<net id="713"><net_src comp="612" pin="3"/><net_sink comp="708" pin=0"/></net>

<net id="719"><net_src comp="618" pin="3"/><net_sink comp="714" pin=0"/></net>

<net id="725"><net_src comp="624" pin="3"/><net_sink comp="720" pin=0"/></net>

<net id="731"><net_src comp="630" pin="3"/><net_sink comp="726" pin=0"/></net>

<net id="737"><net_src comp="636" pin="3"/><net_sink comp="732" pin=0"/></net>

<net id="743"><net_src comp="642" pin="3"/><net_sink comp="738" pin=0"/></net>

<net id="749"><net_src comp="648" pin="3"/><net_sink comp="744" pin=0"/></net>

<net id="755"><net_src comp="654" pin="3"/><net_sink comp="750" pin=0"/></net>

<net id="761"><net_src comp="660" pin="3"/><net_sink comp="756" pin=0"/></net>

<net id="767"><net_src comp="666" pin="3"/><net_sink comp="762" pin=0"/></net>

<net id="773"><net_src comp="672" pin="3"/><net_sink comp="768" pin=0"/></net>

<net id="779"><net_src comp="0" pin="0"/><net_sink comp="774" pin=0"/></net>

<net id="780"><net_src comp="206" pin="0"/><net_sink comp="774" pin=1"/></net>

<net id="786"><net_src comp="2" pin="0"/><net_sink comp="781" pin=0"/></net>

<net id="787"><net_src comp="206" pin="0"/><net_sink comp="781" pin=1"/></net>

<net id="793"><net_src comp="4" pin="0"/><net_sink comp="788" pin=0"/></net>

<net id="794"><net_src comp="206" pin="0"/><net_sink comp="788" pin=1"/></net>

<net id="800"><net_src comp="6" pin="0"/><net_sink comp="795" pin=0"/></net>

<net id="801"><net_src comp="206" pin="0"/><net_sink comp="795" pin=1"/></net>

<net id="807"><net_src comp="8" pin="0"/><net_sink comp="802" pin=0"/></net>

<net id="808"><net_src comp="206" pin="0"/><net_sink comp="802" pin=1"/></net>

<net id="814"><net_src comp="10" pin="0"/><net_sink comp="809" pin=0"/></net>

<net id="815"><net_src comp="206" pin="0"/><net_sink comp="809" pin=1"/></net>

<net id="821"><net_src comp="12" pin="0"/><net_sink comp="816" pin=0"/></net>

<net id="822"><net_src comp="206" pin="0"/><net_sink comp="816" pin=1"/></net>

<net id="828"><net_src comp="14" pin="0"/><net_sink comp="823" pin=0"/></net>

<net id="829"><net_src comp="206" pin="0"/><net_sink comp="823" pin=1"/></net>

<net id="835"><net_src comp="16" pin="0"/><net_sink comp="830" pin=0"/></net>

<net id="836"><net_src comp="206" pin="0"/><net_sink comp="830" pin=1"/></net>

<net id="842"><net_src comp="18" pin="0"/><net_sink comp="837" pin=0"/></net>

<net id="843"><net_src comp="206" pin="0"/><net_sink comp="837" pin=1"/></net>

<net id="849"><net_src comp="20" pin="0"/><net_sink comp="844" pin=0"/></net>

<net id="850"><net_src comp="206" pin="0"/><net_sink comp="844" pin=1"/></net>

<net id="856"><net_src comp="22" pin="0"/><net_sink comp="851" pin=0"/></net>

<net id="857"><net_src comp="206" pin="0"/><net_sink comp="851" pin=1"/></net>

<net id="863"><net_src comp="24" pin="0"/><net_sink comp="858" pin=0"/></net>

<net id="864"><net_src comp="206" pin="0"/><net_sink comp="858" pin=1"/></net>

<net id="870"><net_src comp="26" pin="0"/><net_sink comp="865" pin=0"/></net>

<net id="871"><net_src comp="206" pin="0"/><net_sink comp="865" pin=1"/></net>

<net id="877"><net_src comp="28" pin="0"/><net_sink comp="872" pin=0"/></net>

<net id="878"><net_src comp="206" pin="0"/><net_sink comp="872" pin=1"/></net>

<net id="884"><net_src comp="30" pin="0"/><net_sink comp="879" pin=0"/></net>

<net id="885"><net_src comp="206" pin="0"/><net_sink comp="879" pin=1"/></net>

<net id="891"><net_src comp="32" pin="0"/><net_sink comp="886" pin=0"/></net>

<net id="892"><net_src comp="206" pin="0"/><net_sink comp="886" pin=1"/></net>

<net id="898"><net_src comp="34" pin="0"/><net_sink comp="893" pin=0"/></net>

<net id="899"><net_src comp="206" pin="0"/><net_sink comp="893" pin=1"/></net>

<net id="905"><net_src comp="36" pin="0"/><net_sink comp="900" pin=0"/></net>

<net id="906"><net_src comp="206" pin="0"/><net_sink comp="900" pin=1"/></net>

<net id="912"><net_src comp="38" pin="0"/><net_sink comp="907" pin=0"/></net>

<net id="913"><net_src comp="206" pin="0"/><net_sink comp="907" pin=1"/></net>

<net id="919"><net_src comp="40" pin="0"/><net_sink comp="914" pin=0"/></net>

<net id="920"><net_src comp="206" pin="0"/><net_sink comp="914" pin=1"/></net>

<net id="926"><net_src comp="42" pin="0"/><net_sink comp="921" pin=0"/></net>

<net id="927"><net_src comp="206" pin="0"/><net_sink comp="921" pin=1"/></net>

<net id="933"><net_src comp="44" pin="0"/><net_sink comp="928" pin=0"/></net>

<net id="934"><net_src comp="206" pin="0"/><net_sink comp="928" pin=1"/></net>

<net id="940"><net_src comp="46" pin="0"/><net_sink comp="935" pin=0"/></net>

<net id="941"><net_src comp="206" pin="0"/><net_sink comp="935" pin=1"/></net>

<net id="947"><net_src comp="48" pin="0"/><net_sink comp="942" pin=0"/></net>

<net id="948"><net_src comp="206" pin="0"/><net_sink comp="942" pin=1"/></net>

<net id="954"><net_src comp="50" pin="0"/><net_sink comp="949" pin=0"/></net>

<net id="955"><net_src comp="206" pin="0"/><net_sink comp="949" pin=1"/></net>

<net id="961"><net_src comp="52" pin="0"/><net_sink comp="956" pin=0"/></net>

<net id="962"><net_src comp="206" pin="0"/><net_sink comp="956" pin=1"/></net>

<net id="968"><net_src comp="54" pin="0"/><net_sink comp="963" pin=0"/></net>

<net id="969"><net_src comp="206" pin="0"/><net_sink comp="963" pin=1"/></net>

<net id="975"><net_src comp="56" pin="0"/><net_sink comp="970" pin=0"/></net>

<net id="976"><net_src comp="206" pin="0"/><net_sink comp="970" pin=1"/></net>

<net id="982"><net_src comp="58" pin="0"/><net_sink comp="977" pin=0"/></net>

<net id="983"><net_src comp="206" pin="0"/><net_sink comp="977" pin=1"/></net>

<net id="989"><net_src comp="60" pin="0"/><net_sink comp="984" pin=0"/></net>

<net id="990"><net_src comp="206" pin="0"/><net_sink comp="984" pin=1"/></net>

<net id="996"><net_src comp="62" pin="0"/><net_sink comp="991" pin=0"/></net>

<net id="997"><net_src comp="206" pin="0"/><net_sink comp="991" pin=1"/></net>

<net id="1003"><net_src comp="872" pin="3"/><net_sink comp="998" pin=0"/></net>

<net id="1009"><net_src comp="984" pin="3"/><net_sink comp="1004" pin=0"/></net>

<net id="1015"><net_src comp="865" pin="3"/><net_sink comp="1010" pin=0"/></net>

<net id="1021"><net_src comp="977" pin="3"/><net_sink comp="1016" pin=0"/></net>

<net id="1027"><net_src comp="858" pin="3"/><net_sink comp="1022" pin=0"/></net>

<net id="1033"><net_src comp="970" pin="3"/><net_sink comp="1028" pin=0"/></net>

<net id="1039"><net_src comp="851" pin="3"/><net_sink comp="1034" pin=0"/></net>

<net id="1045"><net_src comp="963" pin="3"/><net_sink comp="1040" pin=0"/></net>

<net id="1051"><net_src comp="844" pin="3"/><net_sink comp="1046" pin=0"/></net>

<net id="1057"><net_src comp="956" pin="3"/><net_sink comp="1052" pin=0"/></net>

<net id="1063"><net_src comp="837" pin="3"/><net_sink comp="1058" pin=0"/></net>

<net id="1069"><net_src comp="949" pin="3"/><net_sink comp="1064" pin=0"/></net>

<net id="1075"><net_src comp="830" pin="3"/><net_sink comp="1070" pin=0"/></net>

<net id="1081"><net_src comp="942" pin="3"/><net_sink comp="1076" pin=0"/></net>

<net id="1087"><net_src comp="823" pin="3"/><net_sink comp="1082" pin=0"/></net>

<net id="1093"><net_src comp="935" pin="3"/><net_sink comp="1088" pin=0"/></net>

<net id="1099"><net_src comp="816" pin="3"/><net_sink comp="1094" pin=0"/></net>

<net id="1105"><net_src comp="928" pin="3"/><net_sink comp="1100" pin=0"/></net>

<net id="1111"><net_src comp="809" pin="3"/><net_sink comp="1106" pin=0"/></net>

<net id="1117"><net_src comp="921" pin="3"/><net_sink comp="1112" pin=0"/></net>

<net id="1123"><net_src comp="802" pin="3"/><net_sink comp="1118" pin=0"/></net>

<net id="1129"><net_src comp="914" pin="3"/><net_sink comp="1124" pin=0"/></net>

<net id="1135"><net_src comp="795" pin="3"/><net_sink comp="1130" pin=0"/></net>

<net id="1141"><net_src comp="907" pin="3"/><net_sink comp="1136" pin=0"/></net>

<net id="1147"><net_src comp="788" pin="3"/><net_sink comp="1142" pin=0"/></net>

<net id="1153"><net_src comp="900" pin="3"/><net_sink comp="1148" pin=0"/></net>

<net id="1159"><net_src comp="781" pin="3"/><net_sink comp="1154" pin=0"/></net>

<net id="1165"><net_src comp="893" pin="3"/><net_sink comp="1160" pin=0"/></net>

<net id="1171"><net_src comp="774" pin="3"/><net_sink comp="1166" pin=0"/></net>

<net id="1177"><net_src comp="886" pin="3"/><net_sink comp="1172" pin=0"/></net>

<net id="1183"><net_src comp="879" pin="3"/><net_sink comp="1178" pin=0"/></net>

<net id="1189"><net_src comp="991" pin="3"/><net_sink comp="1184" pin=0"/></net>

<net id="1265"><net_src comp="180" pin="0"/><net_sink comp="1190" pin=0"/></net>

<net id="1266"><net_src comp="0" pin="0"/><net_sink comp="1190" pin=1"/></net>

<net id="1267"><net_src comp="2" pin="0"/><net_sink comp="1190" pin=2"/></net>

<net id="1268"><net_src comp="4" pin="0"/><net_sink comp="1190" pin=3"/></net>

<net id="1269"><net_src comp="6" pin="0"/><net_sink comp="1190" pin=4"/></net>

<net id="1270"><net_src comp="8" pin="0"/><net_sink comp="1190" pin=5"/></net>

<net id="1271"><net_src comp="10" pin="0"/><net_sink comp="1190" pin=6"/></net>

<net id="1272"><net_src comp="12" pin="0"/><net_sink comp="1190" pin=7"/></net>

<net id="1273"><net_src comp="14" pin="0"/><net_sink comp="1190" pin=8"/></net>

<net id="1274"><net_src comp="16" pin="0"/><net_sink comp="1190" pin=9"/></net>

<net id="1275"><net_src comp="18" pin="0"/><net_sink comp="1190" pin=10"/></net>

<net id="1276"><net_src comp="20" pin="0"/><net_sink comp="1190" pin=11"/></net>

<net id="1277"><net_src comp="22" pin="0"/><net_sink comp="1190" pin=12"/></net>

<net id="1278"><net_src comp="24" pin="0"/><net_sink comp="1190" pin=13"/></net>

<net id="1279"><net_src comp="26" pin="0"/><net_sink comp="1190" pin=14"/></net>

<net id="1280"><net_src comp="28" pin="0"/><net_sink comp="1190" pin=15"/></net>

<net id="1281"><net_src comp="30" pin="0"/><net_sink comp="1190" pin=16"/></net>

<net id="1282"><net_src comp="262" pin="1"/><net_sink comp="1190" pin=17"/></net>

<net id="1283"><net_src comp="266" pin="1"/><net_sink comp="1190" pin=18"/></net>

<net id="1284"><net_src comp="270" pin="1"/><net_sink comp="1190" pin=19"/></net>

<net id="1285"><net_src comp="274" pin="1"/><net_sink comp="1190" pin=20"/></net>

<net id="1286"><net_src comp="278" pin="1"/><net_sink comp="1190" pin=21"/></net>

<net id="1287"><net_src comp="282" pin="1"/><net_sink comp="1190" pin=22"/></net>

<net id="1288"><net_src comp="286" pin="1"/><net_sink comp="1190" pin=23"/></net>

<net id="1289"><net_src comp="290" pin="1"/><net_sink comp="1190" pin=24"/></net>

<net id="1290"><net_src comp="294" pin="1"/><net_sink comp="1190" pin=25"/></net>

<net id="1291"><net_src comp="298" pin="1"/><net_sink comp="1190" pin=26"/></net>

<net id="1292"><net_src comp="302" pin="1"/><net_sink comp="1190" pin=27"/></net>

<net id="1293"><net_src comp="306" pin="1"/><net_sink comp="1190" pin=28"/></net>

<net id="1294"><net_src comp="310" pin="1"/><net_sink comp="1190" pin=29"/></net>

<net id="1295"><net_src comp="314" pin="1"/><net_sink comp="1190" pin=30"/></net>

<net id="1296"><net_src comp="318" pin="1"/><net_sink comp="1190" pin=31"/></net>

<net id="1297"><net_src comp="322" pin="1"/><net_sink comp="1190" pin=32"/></net>

<net id="1298"><net_src comp="32" pin="0"/><net_sink comp="1190" pin=33"/></net>

<net id="1299"><net_src comp="34" pin="0"/><net_sink comp="1190" pin=34"/></net>

<net id="1300"><net_src comp="36" pin="0"/><net_sink comp="1190" pin=35"/></net>

<net id="1301"><net_src comp="38" pin="0"/><net_sink comp="1190" pin=36"/></net>

<net id="1302"><net_src comp="40" pin="0"/><net_sink comp="1190" pin=37"/></net>

<net id="1303"><net_src comp="42" pin="0"/><net_sink comp="1190" pin=38"/></net>

<net id="1304"><net_src comp="44" pin="0"/><net_sink comp="1190" pin=39"/></net>

<net id="1305"><net_src comp="46" pin="0"/><net_sink comp="1190" pin=40"/></net>

<net id="1306"><net_src comp="48" pin="0"/><net_sink comp="1190" pin=41"/></net>

<net id="1307"><net_src comp="50" pin="0"/><net_sink comp="1190" pin=42"/></net>

<net id="1308"><net_src comp="52" pin="0"/><net_sink comp="1190" pin=43"/></net>

<net id="1309"><net_src comp="54" pin="0"/><net_sink comp="1190" pin=44"/></net>

<net id="1310"><net_src comp="56" pin="0"/><net_sink comp="1190" pin=45"/></net>

<net id="1311"><net_src comp="58" pin="0"/><net_sink comp="1190" pin=46"/></net>

<net id="1312"><net_src comp="60" pin="0"/><net_sink comp="1190" pin=47"/></net>

<net id="1313"><net_src comp="62" pin="0"/><net_sink comp="1190" pin=48"/></net>

<net id="1314"><net_src comp="326" pin="1"/><net_sink comp="1190" pin=49"/></net>

<net id="1315"><net_src comp="330" pin="1"/><net_sink comp="1190" pin=50"/></net>

<net id="1316"><net_src comp="334" pin="1"/><net_sink comp="1190" pin=51"/></net>

<net id="1317"><net_src comp="338" pin="1"/><net_sink comp="1190" pin=52"/></net>

<net id="1318"><net_src comp="342" pin="1"/><net_sink comp="1190" pin=53"/></net>

<net id="1319"><net_src comp="346" pin="1"/><net_sink comp="1190" pin=54"/></net>

<net id="1320"><net_src comp="350" pin="1"/><net_sink comp="1190" pin=55"/></net>

<net id="1321"><net_src comp="354" pin="1"/><net_sink comp="1190" pin=56"/></net>

<net id="1322"><net_src comp="358" pin="1"/><net_sink comp="1190" pin=57"/></net>

<net id="1323"><net_src comp="362" pin="1"/><net_sink comp="1190" pin=58"/></net>

<net id="1324"><net_src comp="366" pin="1"/><net_sink comp="1190" pin=59"/></net>

<net id="1325"><net_src comp="370" pin="1"/><net_sink comp="1190" pin=60"/></net>

<net id="1326"><net_src comp="374" pin="1"/><net_sink comp="1190" pin=61"/></net>

<net id="1327"><net_src comp="378" pin="1"/><net_sink comp="1190" pin=62"/></net>

<net id="1328"><net_src comp="382" pin="1"/><net_sink comp="1190" pin=63"/></net>

<net id="1329"><net_src comp="386" pin="1"/><net_sink comp="1190" pin=64"/></net>

<net id="1330"><net_src comp="64" pin="0"/><net_sink comp="1190" pin=65"/></net>

<net id="1331"><net_src comp="66" pin="0"/><net_sink comp="1190" pin=66"/></net>

<net id="1332"><net_src comp="68" pin="0"/><net_sink comp="1190" pin=67"/></net>

<net id="1333"><net_src comp="70" pin="0"/><net_sink comp="1190" pin=68"/></net>

<net id="1334"><net_src comp="72" pin="0"/><net_sink comp="1190" pin=69"/></net>

<net id="1335"><net_src comp="74" pin="0"/><net_sink comp="1190" pin=70"/></net>

<net id="1336"><net_src comp="76" pin="0"/><net_sink comp="1190" pin=71"/></net>

<net id="1337"><net_src comp="78" pin="0"/><net_sink comp="1190" pin=72"/></net>

<net id="1413"><net_src comp="184" pin="0"/><net_sink comp="1338" pin=0"/></net>

<net id="1414"><net_src comp="0" pin="0"/><net_sink comp="1338" pin=17"/></net>

<net id="1415"><net_src comp="2" pin="0"/><net_sink comp="1338" pin=18"/></net>

<net id="1416"><net_src comp="4" pin="0"/><net_sink comp="1338" pin=19"/></net>

<net id="1417"><net_src comp="6" pin="0"/><net_sink comp="1338" pin=20"/></net>

<net id="1418"><net_src comp="8" pin="0"/><net_sink comp="1338" pin=21"/></net>

<net id="1419"><net_src comp="10" pin="0"/><net_sink comp="1338" pin=22"/></net>

<net id="1420"><net_src comp="12" pin="0"/><net_sink comp="1338" pin=23"/></net>

<net id="1421"><net_src comp="14" pin="0"/><net_sink comp="1338" pin=24"/></net>

<net id="1422"><net_src comp="16" pin="0"/><net_sink comp="1338" pin=25"/></net>

<net id="1423"><net_src comp="18" pin="0"/><net_sink comp="1338" pin=26"/></net>

<net id="1424"><net_src comp="20" pin="0"/><net_sink comp="1338" pin=27"/></net>

<net id="1425"><net_src comp="22" pin="0"/><net_sink comp="1338" pin=28"/></net>

<net id="1426"><net_src comp="24" pin="0"/><net_sink comp="1338" pin=29"/></net>

<net id="1427"><net_src comp="26" pin="0"/><net_sink comp="1338" pin=30"/></net>

<net id="1428"><net_src comp="28" pin="0"/><net_sink comp="1338" pin=31"/></net>

<net id="1429"><net_src comp="30" pin="0"/><net_sink comp="1338" pin=32"/></net>

<net id="1430"><net_src comp="32" pin="0"/><net_sink comp="1338" pin=49"/></net>

<net id="1431"><net_src comp="34" pin="0"/><net_sink comp="1338" pin=50"/></net>

<net id="1432"><net_src comp="36" pin="0"/><net_sink comp="1338" pin=51"/></net>

<net id="1433"><net_src comp="38" pin="0"/><net_sink comp="1338" pin=52"/></net>

<net id="1434"><net_src comp="40" pin="0"/><net_sink comp="1338" pin=53"/></net>

<net id="1435"><net_src comp="42" pin="0"/><net_sink comp="1338" pin=54"/></net>

<net id="1436"><net_src comp="44" pin="0"/><net_sink comp="1338" pin=55"/></net>

<net id="1437"><net_src comp="46" pin="0"/><net_sink comp="1338" pin=56"/></net>

<net id="1438"><net_src comp="48" pin="0"/><net_sink comp="1338" pin=57"/></net>

<net id="1439"><net_src comp="50" pin="0"/><net_sink comp="1338" pin=58"/></net>

<net id="1440"><net_src comp="52" pin="0"/><net_sink comp="1338" pin=59"/></net>

<net id="1441"><net_src comp="54" pin="0"/><net_sink comp="1338" pin=60"/></net>

<net id="1442"><net_src comp="56" pin="0"/><net_sink comp="1338" pin=61"/></net>

<net id="1443"><net_src comp="58" pin="0"/><net_sink comp="1338" pin=62"/></net>

<net id="1444"><net_src comp="60" pin="0"/><net_sink comp="1338" pin=63"/></net>

<net id="1445"><net_src comp="62" pin="0"/><net_sink comp="1338" pin=64"/></net>

<net id="1446"><net_src comp="80" pin="0"/><net_sink comp="1338" pin=65"/></net>

<net id="1447"><net_src comp="82" pin="0"/><net_sink comp="1338" pin=66"/></net>

<net id="1448"><net_src comp="84" pin="0"/><net_sink comp="1338" pin=67"/></net>

<net id="1449"><net_src comp="86" pin="0"/><net_sink comp="1338" pin=68"/></net>

<net id="1450"><net_src comp="88" pin="0"/><net_sink comp="1338" pin=69"/></net>

<net id="1451"><net_src comp="90" pin="0"/><net_sink comp="1338" pin=70"/></net>

<net id="1452"><net_src comp="92" pin="0"/><net_sink comp="1338" pin=71"/></net>

<net id="1453"><net_src comp="94" pin="0"/><net_sink comp="1338" pin=72"/></net>

<net id="1529"><net_src comp="186" pin="0"/><net_sink comp="1454" pin=0"/></net>

<net id="1530"><net_src comp="0" pin="0"/><net_sink comp="1454" pin=1"/></net>

<net id="1531"><net_src comp="2" pin="0"/><net_sink comp="1454" pin=2"/></net>

<net id="1532"><net_src comp="4" pin="0"/><net_sink comp="1454" pin=3"/></net>

<net id="1533"><net_src comp="6" pin="0"/><net_sink comp="1454" pin=4"/></net>

<net id="1534"><net_src comp="8" pin="0"/><net_sink comp="1454" pin=5"/></net>

<net id="1535"><net_src comp="10" pin="0"/><net_sink comp="1454" pin=6"/></net>

<net id="1536"><net_src comp="12" pin="0"/><net_sink comp="1454" pin=7"/></net>

<net id="1537"><net_src comp="14" pin="0"/><net_sink comp="1454" pin=8"/></net>

<net id="1538"><net_src comp="16" pin="0"/><net_sink comp="1454" pin=9"/></net>

<net id="1539"><net_src comp="18" pin="0"/><net_sink comp="1454" pin=10"/></net>

<net id="1540"><net_src comp="20" pin="0"/><net_sink comp="1454" pin=11"/></net>

<net id="1541"><net_src comp="22" pin="0"/><net_sink comp="1454" pin=12"/></net>

<net id="1542"><net_src comp="24" pin="0"/><net_sink comp="1454" pin=13"/></net>

<net id="1543"><net_src comp="26" pin="0"/><net_sink comp="1454" pin=14"/></net>

<net id="1544"><net_src comp="28" pin="0"/><net_sink comp="1454" pin=15"/></net>

<net id="1545"><net_src comp="30" pin="0"/><net_sink comp="1454" pin=16"/></net>

<net id="1546"><net_src comp="32" pin="0"/><net_sink comp="1454" pin=33"/></net>

<net id="1547"><net_src comp="34" pin="0"/><net_sink comp="1454" pin=34"/></net>

<net id="1548"><net_src comp="36" pin="0"/><net_sink comp="1454" pin=35"/></net>

<net id="1549"><net_src comp="38" pin="0"/><net_sink comp="1454" pin=36"/></net>

<net id="1550"><net_src comp="40" pin="0"/><net_sink comp="1454" pin=37"/></net>

<net id="1551"><net_src comp="42" pin="0"/><net_sink comp="1454" pin=38"/></net>

<net id="1552"><net_src comp="44" pin="0"/><net_sink comp="1454" pin=39"/></net>

<net id="1553"><net_src comp="46" pin="0"/><net_sink comp="1454" pin=40"/></net>

<net id="1554"><net_src comp="48" pin="0"/><net_sink comp="1454" pin=41"/></net>

<net id="1555"><net_src comp="50" pin="0"/><net_sink comp="1454" pin=42"/></net>

<net id="1556"><net_src comp="52" pin="0"/><net_sink comp="1454" pin=43"/></net>

<net id="1557"><net_src comp="54" pin="0"/><net_sink comp="1454" pin=44"/></net>

<net id="1558"><net_src comp="56" pin="0"/><net_sink comp="1454" pin=45"/></net>

<net id="1559"><net_src comp="58" pin="0"/><net_sink comp="1454" pin=46"/></net>

<net id="1560"><net_src comp="60" pin="0"/><net_sink comp="1454" pin=47"/></net>

<net id="1561"><net_src comp="62" pin="0"/><net_sink comp="1454" pin=48"/></net>

<net id="1562"><net_src comp="96" pin="0"/><net_sink comp="1454" pin=65"/></net>

<net id="1563"><net_src comp="98" pin="0"/><net_sink comp="1454" pin=66"/></net>

<net id="1564"><net_src comp="100" pin="0"/><net_sink comp="1454" pin=67"/></net>

<net id="1565"><net_src comp="102" pin="0"/><net_sink comp="1454" pin=68"/></net>

<net id="1566"><net_src comp="104" pin="0"/><net_sink comp="1454" pin=69"/></net>

<net id="1567"><net_src comp="106" pin="0"/><net_sink comp="1454" pin=70"/></net>

<net id="1568"><net_src comp="108" pin="0"/><net_sink comp="1454" pin=71"/></net>

<net id="1569"><net_src comp="110" pin="0"/><net_sink comp="1454" pin=72"/></net>

<net id="1645"><net_src comp="188" pin="0"/><net_sink comp="1570" pin=0"/></net>

<net id="1646"><net_src comp="0" pin="0"/><net_sink comp="1570" pin=17"/></net>

<net id="1647"><net_src comp="2" pin="0"/><net_sink comp="1570" pin=18"/></net>

<net id="1648"><net_src comp="4" pin="0"/><net_sink comp="1570" pin=19"/></net>

<net id="1649"><net_src comp="6" pin="0"/><net_sink comp="1570" pin=20"/></net>

<net id="1650"><net_src comp="8" pin="0"/><net_sink comp="1570" pin=21"/></net>

<net id="1651"><net_src comp="10" pin="0"/><net_sink comp="1570" pin=22"/></net>

<net id="1652"><net_src comp="12" pin="0"/><net_sink comp="1570" pin=23"/></net>

<net id="1653"><net_src comp="14" pin="0"/><net_sink comp="1570" pin=24"/></net>

<net id="1654"><net_src comp="16" pin="0"/><net_sink comp="1570" pin=25"/></net>

<net id="1655"><net_src comp="18" pin="0"/><net_sink comp="1570" pin=26"/></net>

<net id="1656"><net_src comp="20" pin="0"/><net_sink comp="1570" pin=27"/></net>

<net id="1657"><net_src comp="22" pin="0"/><net_sink comp="1570" pin=28"/></net>

<net id="1658"><net_src comp="24" pin="0"/><net_sink comp="1570" pin=29"/></net>

<net id="1659"><net_src comp="26" pin="0"/><net_sink comp="1570" pin=30"/></net>

<net id="1660"><net_src comp="28" pin="0"/><net_sink comp="1570" pin=31"/></net>

<net id="1661"><net_src comp="30" pin="0"/><net_sink comp="1570" pin=32"/></net>

<net id="1662"><net_src comp="32" pin="0"/><net_sink comp="1570" pin=49"/></net>

<net id="1663"><net_src comp="34" pin="0"/><net_sink comp="1570" pin=50"/></net>

<net id="1664"><net_src comp="36" pin="0"/><net_sink comp="1570" pin=51"/></net>

<net id="1665"><net_src comp="38" pin="0"/><net_sink comp="1570" pin=52"/></net>

<net id="1666"><net_src comp="40" pin="0"/><net_sink comp="1570" pin=53"/></net>

<net id="1667"><net_src comp="42" pin="0"/><net_sink comp="1570" pin=54"/></net>

<net id="1668"><net_src comp="44" pin="0"/><net_sink comp="1570" pin=55"/></net>

<net id="1669"><net_src comp="46" pin="0"/><net_sink comp="1570" pin=56"/></net>

<net id="1670"><net_src comp="48" pin="0"/><net_sink comp="1570" pin=57"/></net>

<net id="1671"><net_src comp="50" pin="0"/><net_sink comp="1570" pin=58"/></net>

<net id="1672"><net_src comp="52" pin="0"/><net_sink comp="1570" pin=59"/></net>

<net id="1673"><net_src comp="54" pin="0"/><net_sink comp="1570" pin=60"/></net>

<net id="1674"><net_src comp="56" pin="0"/><net_sink comp="1570" pin=61"/></net>

<net id="1675"><net_src comp="58" pin="0"/><net_sink comp="1570" pin=62"/></net>

<net id="1676"><net_src comp="60" pin="0"/><net_sink comp="1570" pin=63"/></net>

<net id="1677"><net_src comp="62" pin="0"/><net_sink comp="1570" pin=64"/></net>

<net id="1678"><net_src comp="112" pin="0"/><net_sink comp="1570" pin=65"/></net>

<net id="1679"><net_src comp="114" pin="0"/><net_sink comp="1570" pin=66"/></net>

<net id="1680"><net_src comp="116" pin="0"/><net_sink comp="1570" pin=67"/></net>

<net id="1681"><net_src comp="118" pin="0"/><net_sink comp="1570" pin=68"/></net>

<net id="1682"><net_src comp="120" pin="0"/><net_sink comp="1570" pin=69"/></net>

<net id="1683"><net_src comp="122" pin="0"/><net_sink comp="1570" pin=70"/></net>

<net id="1684"><net_src comp="124" pin="0"/><net_sink comp="1570" pin=71"/></net>

<net id="1685"><net_src comp="126" pin="0"/><net_sink comp="1570" pin=72"/></net>

<net id="1761"><net_src comp="190" pin="0"/><net_sink comp="1686" pin=0"/></net>

<net id="1762"><net_src comp="0" pin="0"/><net_sink comp="1686" pin=1"/></net>

<net id="1763"><net_src comp="2" pin="0"/><net_sink comp="1686" pin=2"/></net>

<net id="1764"><net_src comp="4" pin="0"/><net_sink comp="1686" pin=3"/></net>

<net id="1765"><net_src comp="6" pin="0"/><net_sink comp="1686" pin=4"/></net>

<net id="1766"><net_src comp="8" pin="0"/><net_sink comp="1686" pin=5"/></net>

<net id="1767"><net_src comp="10" pin="0"/><net_sink comp="1686" pin=6"/></net>

<net id="1768"><net_src comp="12" pin="0"/><net_sink comp="1686" pin=7"/></net>

<net id="1769"><net_src comp="14" pin="0"/><net_sink comp="1686" pin=8"/></net>

<net id="1770"><net_src comp="16" pin="0"/><net_sink comp="1686" pin=9"/></net>

<net id="1771"><net_src comp="18" pin="0"/><net_sink comp="1686" pin=10"/></net>

<net id="1772"><net_src comp="20" pin="0"/><net_sink comp="1686" pin=11"/></net>

<net id="1773"><net_src comp="22" pin="0"/><net_sink comp="1686" pin=12"/></net>

<net id="1774"><net_src comp="24" pin="0"/><net_sink comp="1686" pin=13"/></net>

<net id="1775"><net_src comp="26" pin="0"/><net_sink comp="1686" pin=14"/></net>

<net id="1776"><net_src comp="28" pin="0"/><net_sink comp="1686" pin=15"/></net>

<net id="1777"><net_src comp="30" pin="0"/><net_sink comp="1686" pin=16"/></net>

<net id="1778"><net_src comp="32" pin="0"/><net_sink comp="1686" pin=33"/></net>

<net id="1779"><net_src comp="34" pin="0"/><net_sink comp="1686" pin=34"/></net>

<net id="1780"><net_src comp="36" pin="0"/><net_sink comp="1686" pin=35"/></net>

<net id="1781"><net_src comp="38" pin="0"/><net_sink comp="1686" pin=36"/></net>

<net id="1782"><net_src comp="40" pin="0"/><net_sink comp="1686" pin=37"/></net>

<net id="1783"><net_src comp="42" pin="0"/><net_sink comp="1686" pin=38"/></net>

<net id="1784"><net_src comp="44" pin="0"/><net_sink comp="1686" pin=39"/></net>

<net id="1785"><net_src comp="46" pin="0"/><net_sink comp="1686" pin=40"/></net>

<net id="1786"><net_src comp="48" pin="0"/><net_sink comp="1686" pin=41"/></net>

<net id="1787"><net_src comp="50" pin="0"/><net_sink comp="1686" pin=42"/></net>

<net id="1788"><net_src comp="52" pin="0"/><net_sink comp="1686" pin=43"/></net>

<net id="1789"><net_src comp="54" pin="0"/><net_sink comp="1686" pin=44"/></net>

<net id="1790"><net_src comp="56" pin="0"/><net_sink comp="1686" pin=45"/></net>

<net id="1791"><net_src comp="58" pin="0"/><net_sink comp="1686" pin=46"/></net>

<net id="1792"><net_src comp="60" pin="0"/><net_sink comp="1686" pin=47"/></net>

<net id="1793"><net_src comp="62" pin="0"/><net_sink comp="1686" pin=48"/></net>

<net id="1794"><net_src comp="128" pin="0"/><net_sink comp="1686" pin=65"/></net>

<net id="1795"><net_src comp="130" pin="0"/><net_sink comp="1686" pin=66"/></net>

<net id="1796"><net_src comp="132" pin="0"/><net_sink comp="1686" pin=67"/></net>

<net id="1797"><net_src comp="134" pin="0"/><net_sink comp="1686" pin=68"/></net>

<net id="1798"><net_src comp="136" pin="0"/><net_sink comp="1686" pin=69"/></net>

<net id="1799"><net_src comp="138" pin="0"/><net_sink comp="1686" pin=70"/></net>

<net id="1800"><net_src comp="140" pin="0"/><net_sink comp="1686" pin=71"/></net>

<net id="1801"><net_src comp="142" pin="0"/><net_sink comp="1686" pin=72"/></net>

<net id="1877"><net_src comp="192" pin="0"/><net_sink comp="1802" pin=0"/></net>

<net id="1878"><net_src comp="0" pin="0"/><net_sink comp="1802" pin=17"/></net>

<net id="1879"><net_src comp="2" pin="0"/><net_sink comp="1802" pin=18"/></net>

<net id="1880"><net_src comp="4" pin="0"/><net_sink comp="1802" pin=19"/></net>

<net id="1881"><net_src comp="6" pin="0"/><net_sink comp="1802" pin=20"/></net>

<net id="1882"><net_src comp="8" pin="0"/><net_sink comp="1802" pin=21"/></net>

<net id="1883"><net_src comp="10" pin="0"/><net_sink comp="1802" pin=22"/></net>

<net id="1884"><net_src comp="12" pin="0"/><net_sink comp="1802" pin=23"/></net>

<net id="1885"><net_src comp="14" pin="0"/><net_sink comp="1802" pin=24"/></net>

<net id="1886"><net_src comp="16" pin="0"/><net_sink comp="1802" pin=25"/></net>

<net id="1887"><net_src comp="18" pin="0"/><net_sink comp="1802" pin=26"/></net>

<net id="1888"><net_src comp="20" pin="0"/><net_sink comp="1802" pin=27"/></net>

<net id="1889"><net_src comp="22" pin="0"/><net_sink comp="1802" pin=28"/></net>

<net id="1890"><net_src comp="24" pin="0"/><net_sink comp="1802" pin=29"/></net>

<net id="1891"><net_src comp="26" pin="0"/><net_sink comp="1802" pin=30"/></net>

<net id="1892"><net_src comp="28" pin="0"/><net_sink comp="1802" pin=31"/></net>

<net id="1893"><net_src comp="30" pin="0"/><net_sink comp="1802" pin=32"/></net>

<net id="1894"><net_src comp="32" pin="0"/><net_sink comp="1802" pin=49"/></net>

<net id="1895"><net_src comp="34" pin="0"/><net_sink comp="1802" pin=50"/></net>

<net id="1896"><net_src comp="36" pin="0"/><net_sink comp="1802" pin=51"/></net>

<net id="1897"><net_src comp="38" pin="0"/><net_sink comp="1802" pin=52"/></net>

<net id="1898"><net_src comp="40" pin="0"/><net_sink comp="1802" pin=53"/></net>

<net id="1899"><net_src comp="42" pin="0"/><net_sink comp="1802" pin=54"/></net>

<net id="1900"><net_src comp="44" pin="0"/><net_sink comp="1802" pin=55"/></net>

<net id="1901"><net_src comp="46" pin="0"/><net_sink comp="1802" pin=56"/></net>

<net id="1902"><net_src comp="48" pin="0"/><net_sink comp="1802" pin=57"/></net>

<net id="1903"><net_src comp="50" pin="0"/><net_sink comp="1802" pin=58"/></net>

<net id="1904"><net_src comp="52" pin="0"/><net_sink comp="1802" pin=59"/></net>

<net id="1905"><net_src comp="54" pin="0"/><net_sink comp="1802" pin=60"/></net>

<net id="1906"><net_src comp="56" pin="0"/><net_sink comp="1802" pin=61"/></net>

<net id="1907"><net_src comp="58" pin="0"/><net_sink comp="1802" pin=62"/></net>

<net id="1908"><net_src comp="60" pin="0"/><net_sink comp="1802" pin=63"/></net>

<net id="1909"><net_src comp="62" pin="0"/><net_sink comp="1802" pin=64"/></net>

<net id="1910"><net_src comp="144" pin="0"/><net_sink comp="1802" pin=65"/></net>

<net id="1911"><net_src comp="146" pin="0"/><net_sink comp="1802" pin=66"/></net>

<net id="1912"><net_src comp="148" pin="0"/><net_sink comp="1802" pin=67"/></net>

<net id="1913"><net_src comp="150" pin="0"/><net_sink comp="1802" pin=68"/></net>

<net id="1914"><net_src comp="152" pin="0"/><net_sink comp="1802" pin=69"/></net>

<net id="1915"><net_src comp="154" pin="0"/><net_sink comp="1802" pin=70"/></net>

<net id="1916"><net_src comp="156" pin="0"/><net_sink comp="1802" pin=71"/></net>

<net id="1917"><net_src comp="158" pin="0"/><net_sink comp="1802" pin=72"/></net>

<net id="1993"><net_src comp="194" pin="0"/><net_sink comp="1918" pin=0"/></net>

<net id="1994"><net_src comp="0" pin="0"/><net_sink comp="1918" pin=1"/></net>

<net id="1995"><net_src comp="2" pin="0"/><net_sink comp="1918" pin=2"/></net>

<net id="1996"><net_src comp="4" pin="0"/><net_sink comp="1918" pin=3"/></net>

<net id="1997"><net_src comp="6" pin="0"/><net_sink comp="1918" pin=4"/></net>

<net id="1998"><net_src comp="8" pin="0"/><net_sink comp="1918" pin=5"/></net>

<net id="1999"><net_src comp="10" pin="0"/><net_sink comp="1918" pin=6"/></net>

<net id="2000"><net_src comp="12" pin="0"/><net_sink comp="1918" pin=7"/></net>

<net id="2001"><net_src comp="14" pin="0"/><net_sink comp="1918" pin=8"/></net>

<net id="2002"><net_src comp="16" pin="0"/><net_sink comp="1918" pin=9"/></net>

<net id="2003"><net_src comp="18" pin="0"/><net_sink comp="1918" pin=10"/></net>

<net id="2004"><net_src comp="20" pin="0"/><net_sink comp="1918" pin=11"/></net>

<net id="2005"><net_src comp="22" pin="0"/><net_sink comp="1918" pin=12"/></net>

<net id="2006"><net_src comp="24" pin="0"/><net_sink comp="1918" pin=13"/></net>

<net id="2007"><net_src comp="26" pin="0"/><net_sink comp="1918" pin=14"/></net>

<net id="2008"><net_src comp="28" pin="0"/><net_sink comp="1918" pin=15"/></net>

<net id="2009"><net_src comp="30" pin="0"/><net_sink comp="1918" pin=16"/></net>

<net id="2010"><net_src comp="32" pin="0"/><net_sink comp="1918" pin=33"/></net>

<net id="2011"><net_src comp="34" pin="0"/><net_sink comp="1918" pin=34"/></net>

<net id="2012"><net_src comp="36" pin="0"/><net_sink comp="1918" pin=35"/></net>

<net id="2013"><net_src comp="38" pin="0"/><net_sink comp="1918" pin=36"/></net>

<net id="2014"><net_src comp="40" pin="0"/><net_sink comp="1918" pin=37"/></net>

<net id="2015"><net_src comp="42" pin="0"/><net_sink comp="1918" pin=38"/></net>

<net id="2016"><net_src comp="44" pin="0"/><net_sink comp="1918" pin=39"/></net>

<net id="2017"><net_src comp="46" pin="0"/><net_sink comp="1918" pin=40"/></net>

<net id="2018"><net_src comp="48" pin="0"/><net_sink comp="1918" pin=41"/></net>

<net id="2019"><net_src comp="50" pin="0"/><net_sink comp="1918" pin=42"/></net>

<net id="2020"><net_src comp="52" pin="0"/><net_sink comp="1918" pin=43"/></net>

<net id="2021"><net_src comp="54" pin="0"/><net_sink comp="1918" pin=44"/></net>

<net id="2022"><net_src comp="56" pin="0"/><net_sink comp="1918" pin=45"/></net>

<net id="2023"><net_src comp="58" pin="0"/><net_sink comp="1918" pin=46"/></net>

<net id="2024"><net_src comp="60" pin="0"/><net_sink comp="1918" pin=47"/></net>

<net id="2025"><net_src comp="62" pin="0"/><net_sink comp="1918" pin=48"/></net>

<net id="2026"><net_src comp="160" pin="0"/><net_sink comp="1918" pin=65"/></net>

<net id="2027"><net_src comp="162" pin="0"/><net_sink comp="1918" pin=66"/></net>

<net id="2028"><net_src comp="164" pin="0"/><net_sink comp="1918" pin=67"/></net>

<net id="2029"><net_src comp="166" pin="0"/><net_sink comp="1918" pin=68"/></net>

<net id="2030"><net_src comp="168" pin="0"/><net_sink comp="1918" pin=69"/></net>

<net id="2031"><net_src comp="170" pin="0"/><net_sink comp="1918" pin=70"/></net>

<net id="2032"><net_src comp="172" pin="0"/><net_sink comp="1918" pin=71"/></net>

<net id="2033"><net_src comp="174" pin="0"/><net_sink comp="1918" pin=72"/></net>

<net id="2038"><net_src comp="182" pin="0"/><net_sink comp="2034" pin=0"/></net>

<net id="2046"><net_src comp="2039" pin="1"/><net_sink comp="2042" pin=0"/></net>

<net id="2047"><net_src comp="196" pin="0"/><net_sink comp="2042" pin=1"/></net>

<net id="2052"><net_src comp="2039" pin="1"/><net_sink comp="2048" pin=0"/></net>

<net id="2053"><net_src comp="198" pin="0"/><net_sink comp="2048" pin=1"/></net>

<net id="2057"><net_src comp="2039" pin="1"/><net_sink comp="2054" pin=0"/></net>

<net id="2064"><net_src comp="200" pin="0"/><net_sink comp="2058" pin=0"/></net>

<net id="2065"><net_src comp="2039" pin="1"/><net_sink comp="2058" pin=1"/></net>

<net id="2066"><net_src comp="202" pin="0"/><net_sink comp="2058" pin=2"/></net>

<net id="2067"><net_src comp="204" pin="0"/><net_sink comp="2058" pin=3"/></net>

<net id="2071"><net_src comp="2058" pin="4"/><net_sink comp="2068" pin=0"/></net>

<net id="2072"><net_src comp="2068" pin="1"/><net_sink comp="390" pin=2"/></net>

<net id="2073"><net_src comp="2068" pin="1"/><net_sink comp="396" pin=2"/></net>

<net id="2074"><net_src comp="2068" pin="1"/><net_sink comp="402" pin=2"/></net>

<net id="2075"><net_src comp="2068" pin="1"/><net_sink comp="408" pin=2"/></net>

<net id="2076"><net_src comp="2068" pin="1"/><net_sink comp="414" pin=2"/></net>

<net id="2077"><net_src comp="2068" pin="1"/><net_sink comp="420" pin=2"/></net>

<net id="2078"><net_src comp="2068" pin="1"/><net_sink comp="426" pin=2"/></net>

<net id="2079"><net_src comp="2068" pin="1"/><net_sink comp="432" pin=2"/></net>

<net id="2080"><net_src comp="2068" pin="1"/><net_sink comp="438" pin=2"/></net>

<net id="2081"><net_src comp="2068" pin="1"/><net_sink comp="444" pin=2"/></net>

<net id="2082"><net_src comp="2068" pin="1"/><net_sink comp="450" pin=2"/></net>

<net id="2083"><net_src comp="2068" pin="1"/><net_sink comp="456" pin=2"/></net>

<net id="2084"><net_src comp="2068" pin="1"/><net_sink comp="462" pin=2"/></net>

<net id="2085"><net_src comp="2068" pin="1"/><net_sink comp="468" pin=2"/></net>

<net id="2086"><net_src comp="2068" pin="1"/><net_sink comp="474" pin=2"/></net>

<net id="2087"><net_src comp="2068" pin="1"/><net_sink comp="480" pin=2"/></net>

<net id="2088"><net_src comp="2068" pin="1"/><net_sink comp="582" pin=2"/></net>

<net id="2089"><net_src comp="2068" pin="1"/><net_sink comp="588" pin=2"/></net>

<net id="2090"><net_src comp="2068" pin="1"/><net_sink comp="594" pin=2"/></net>

<net id="2091"><net_src comp="2068" pin="1"/><net_sink comp="600" pin=2"/></net>

<net id="2092"><net_src comp="2068" pin="1"/><net_sink comp="606" pin=2"/></net>

<net id="2093"><net_src comp="2068" pin="1"/><net_sink comp="612" pin=2"/></net>

<net id="2094"><net_src comp="2068" pin="1"/><net_sink comp="618" pin=2"/></net>

<net id="2095"><net_src comp="2068" pin="1"/><net_sink comp="624" pin=2"/></net>

<net id="2096"><net_src comp="2068" pin="1"/><net_sink comp="630" pin=2"/></net>

<net id="2097"><net_src comp="2068" pin="1"/><net_sink comp="636" pin=2"/></net>

<net id="2098"><net_src comp="2068" pin="1"/><net_sink comp="642" pin=2"/></net>

<net id="2099"><net_src comp="2068" pin="1"/><net_sink comp="648" pin=2"/></net>

<net id="2100"><net_src comp="2068" pin="1"/><net_sink comp="654" pin=2"/></net>

<net id="2101"><net_src comp="2068" pin="1"/><net_sink comp="660" pin=2"/></net>

<net id="2102"><net_src comp="2068" pin="1"/><net_sink comp="666" pin=2"/></net>

<net id="2103"><net_src comp="2068" pin="1"/><net_sink comp="672" pin=2"/></net>

<net id="2108"><net_src comp="2048" pin="2"/><net_sink comp="2104" pin=0"/></net>

<net id="2146"><net_src comp="252" pin="0"/><net_sink comp="2109" pin=0"/></net>

<net id="2147"><net_src comp="208" pin="0"/><net_sink comp="2109" pin=1"/></net>

<net id="2148"><net_src comp="486" pin="3"/><net_sink comp="2109" pin=2"/></net>

<net id="2149"><net_src comp="210" pin="0"/><net_sink comp="2109" pin=3"/></net>

<net id="2150"><net_src comp="492" pin="3"/><net_sink comp="2109" pin=4"/></net>

<net id="2151"><net_src comp="212" pin="0"/><net_sink comp="2109" pin=5"/></net>

<net id="2152"><net_src comp="498" pin="3"/><net_sink comp="2109" pin=6"/></net>

<net id="2153"><net_src comp="214" pin="0"/><net_sink comp="2109" pin=7"/></net>

<net id="2154"><net_src comp="504" pin="3"/><net_sink comp="2109" pin=8"/></net>

<net id="2155"><net_src comp="216" pin="0"/><net_sink comp="2109" pin=9"/></net>

<net id="2156"><net_src comp="510" pin="3"/><net_sink comp="2109" pin=10"/></net>

<net id="2157"><net_src comp="218" pin="0"/><net_sink comp="2109" pin=11"/></net>

<net id="2158"><net_src comp="516" pin="3"/><net_sink comp="2109" pin=12"/></net>

<net id="2159"><net_src comp="220" pin="0"/><net_sink comp="2109" pin=13"/></net>

<net id="2160"><net_src comp="522" pin="3"/><net_sink comp="2109" pin=14"/></net>

<net id="2161"><net_src comp="222" pin="0"/><net_sink comp="2109" pin=15"/></net>

<net id="2162"><net_src comp="528" pin="3"/><net_sink comp="2109" pin=16"/></net>

<net id="2163"><net_src comp="224" pin="0"/><net_sink comp="2109" pin=17"/></net>

<net id="2164"><net_src comp="534" pin="3"/><net_sink comp="2109" pin=18"/></net>

<net id="2165"><net_src comp="226" pin="0"/><net_sink comp="2109" pin=19"/></net>

<net id="2166"><net_src comp="540" pin="3"/><net_sink comp="2109" pin=20"/></net>

<net id="2167"><net_src comp="228" pin="0"/><net_sink comp="2109" pin=21"/></net>

<net id="2168"><net_src comp="546" pin="3"/><net_sink comp="2109" pin=22"/></net>

<net id="2169"><net_src comp="230" pin="0"/><net_sink comp="2109" pin=23"/></net>

<net id="2170"><net_src comp="552" pin="3"/><net_sink comp="2109" pin=24"/></net>

<net id="2171"><net_src comp="232" pin="0"/><net_sink comp="2109" pin=25"/></net>

<net id="2172"><net_src comp="558" pin="3"/><net_sink comp="2109" pin=26"/></net>

<net id="2173"><net_src comp="234" pin="0"/><net_sink comp="2109" pin=27"/></net>

<net id="2174"><net_src comp="564" pin="3"/><net_sink comp="2109" pin=28"/></net>

<net id="2175"><net_src comp="236" pin="0"/><net_sink comp="2109" pin=29"/></net>

<net id="2176"><net_src comp="570" pin="3"/><net_sink comp="2109" pin=30"/></net>

<net id="2177"><net_src comp="254" pin="0"/><net_sink comp="2109" pin=31"/></net>

<net id="2178"><net_src comp="576" pin="3"/><net_sink comp="2109" pin=32"/></net>

<net id="2179"><net_src comp="256" pin="0"/><net_sink comp="2109" pin=33"/></net>

<net id="2180"><net_src comp="2109" pin="35"/><net_sink comp="998" pin=1"/></net>

<net id="2181"><net_src comp="2109" pin="35"/><net_sink comp="1010" pin=1"/></net>

<net id="2182"><net_src comp="2109" pin="35"/><net_sink comp="1022" pin=1"/></net>

<net id="2183"><net_src comp="2109" pin="35"/><net_sink comp="1034" pin=1"/></net>

<net id="2184"><net_src comp="2109" pin="35"/><net_sink comp="1046" pin=1"/></net>

<net id="2185"><net_src comp="2109" pin="35"/><net_sink comp="1058" pin=1"/></net>

<net id="2186"><net_src comp="2109" pin="35"/><net_sink comp="1070" pin=1"/></net>

<net id="2187"><net_src comp="2109" pin="35"/><net_sink comp="1082" pin=1"/></net>

<net id="2188"><net_src comp="2109" pin="35"/><net_sink comp="1094" pin=1"/></net>

<net id="2189"><net_src comp="2109" pin="35"/><net_sink comp="1106" pin=1"/></net>

<net id="2190"><net_src comp="2109" pin="35"/><net_sink comp="1118" pin=1"/></net>

<net id="2191"><net_src comp="2109" pin="35"/><net_sink comp="1130" pin=1"/></net>

<net id="2192"><net_src comp="2109" pin="35"/><net_sink comp="1142" pin=1"/></net>

<net id="2193"><net_src comp="2109" pin="35"/><net_sink comp="1154" pin=1"/></net>

<net id="2194"><net_src comp="2109" pin="35"/><net_sink comp="1166" pin=1"/></net>

<net id="2195"><net_src comp="2109" pin="35"/><net_sink comp="1178" pin=1"/></net>

<net id="2233"><net_src comp="252" pin="0"/><net_sink comp="2196" pin=0"/></net>

<net id="2234"><net_src comp="208" pin="0"/><net_sink comp="2196" pin=1"/></net>

<net id="2235"><net_src comp="678" pin="3"/><net_sink comp="2196" pin=2"/></net>

<net id="2236"><net_src comp="210" pin="0"/><net_sink comp="2196" pin=3"/></net>

<net id="2237"><net_src comp="684" pin="3"/><net_sink comp="2196" pin=4"/></net>

<net id="2238"><net_src comp="212" pin="0"/><net_sink comp="2196" pin=5"/></net>

<net id="2239"><net_src comp="690" pin="3"/><net_sink comp="2196" pin=6"/></net>

<net id="2240"><net_src comp="214" pin="0"/><net_sink comp="2196" pin=7"/></net>

<net id="2241"><net_src comp="696" pin="3"/><net_sink comp="2196" pin=8"/></net>

<net id="2242"><net_src comp="216" pin="0"/><net_sink comp="2196" pin=9"/></net>

<net id="2243"><net_src comp="702" pin="3"/><net_sink comp="2196" pin=10"/></net>

<net id="2244"><net_src comp="218" pin="0"/><net_sink comp="2196" pin=11"/></net>

<net id="2245"><net_src comp="708" pin="3"/><net_sink comp="2196" pin=12"/></net>

<net id="2246"><net_src comp="220" pin="0"/><net_sink comp="2196" pin=13"/></net>

<net id="2247"><net_src comp="714" pin="3"/><net_sink comp="2196" pin=14"/></net>

<net id="2248"><net_src comp="222" pin="0"/><net_sink comp="2196" pin=15"/></net>

<net id="2249"><net_src comp="720" pin="3"/><net_sink comp="2196" pin=16"/></net>

<net id="2250"><net_src comp="224" pin="0"/><net_sink comp="2196" pin=17"/></net>

<net id="2251"><net_src comp="726" pin="3"/><net_sink comp="2196" pin=18"/></net>

<net id="2252"><net_src comp="226" pin="0"/><net_sink comp="2196" pin=19"/></net>

<net id="2253"><net_src comp="732" pin="3"/><net_sink comp="2196" pin=20"/></net>

<net id="2254"><net_src comp="228" pin="0"/><net_sink comp="2196" pin=21"/></net>

<net id="2255"><net_src comp="738" pin="3"/><net_sink comp="2196" pin=22"/></net>

<net id="2256"><net_src comp="230" pin="0"/><net_sink comp="2196" pin=23"/></net>

<net id="2257"><net_src comp="744" pin="3"/><net_sink comp="2196" pin=24"/></net>

<net id="2258"><net_src comp="232" pin="0"/><net_sink comp="2196" pin=25"/></net>

<net id="2259"><net_src comp="750" pin="3"/><net_sink comp="2196" pin=26"/></net>

<net id="2260"><net_src comp="234" pin="0"/><net_sink comp="2196" pin=27"/></net>

<net id="2261"><net_src comp="756" pin="3"/><net_sink comp="2196" pin=28"/></net>

<net id="2262"><net_src comp="236" pin="0"/><net_sink comp="2196" pin=29"/></net>

<net id="2263"><net_src comp="762" pin="3"/><net_sink comp="2196" pin=30"/></net>

<net id="2264"><net_src comp="254" pin="0"/><net_sink comp="2196" pin=31"/></net>

<net id="2265"><net_src comp="768" pin="3"/><net_sink comp="2196" pin=32"/></net>

<net id="2266"><net_src comp="256" pin="0"/><net_sink comp="2196" pin=33"/></net>

<net id="2267"><net_src comp="2196" pin="35"/><net_sink comp="1004" pin=1"/></net>

<net id="2268"><net_src comp="2196" pin="35"/><net_sink comp="1016" pin=1"/></net>

<net id="2269"><net_src comp="2196" pin="35"/><net_sink comp="1028" pin=1"/></net>

<net id="2270"><net_src comp="2196" pin="35"/><net_sink comp="1040" pin=1"/></net>

<net id="2271"><net_src comp="2196" pin="35"/><net_sink comp="1052" pin=1"/></net>

<net id="2272"><net_src comp="2196" pin="35"/><net_sink comp="1064" pin=1"/></net>

<net id="2273"><net_src comp="2196" pin="35"/><net_sink comp="1076" pin=1"/></net>

<net id="2274"><net_src comp="2196" pin="35"/><net_sink comp="1088" pin=1"/></net>

<net id="2275"><net_src comp="2196" pin="35"/><net_sink comp="1100" pin=1"/></net>

<net id="2276"><net_src comp="2196" pin="35"/><net_sink comp="1112" pin=1"/></net>

<net id="2277"><net_src comp="2196" pin="35"/><net_sink comp="1124" pin=1"/></net>

<net id="2278"><net_src comp="2196" pin="35"/><net_sink comp="1136" pin=1"/></net>

<net id="2279"><net_src comp="2196" pin="35"/><net_sink comp="1148" pin=1"/></net>

<net id="2280"><net_src comp="2196" pin="35"/><net_sink comp="1160" pin=1"/></net>

<net id="2281"><net_src comp="2196" pin="35"/><net_sink comp="1172" pin=1"/></net>

<net id="2282"><net_src comp="2196" pin="35"/><net_sink comp="1184" pin=1"/></net>

<net id="2286"><net_src comp="258" pin="1"/><net_sink comp="2283" pin=0"/></net>

<net id="2287"><net_src comp="2283" pin="1"/><net_sink comp="2034" pin=1"/></net>

<net id="2288"><net_src comp="2283" pin="1"/><net_sink comp="2039" pin=0"/></net>

<net id="2289"><net_src comp="2283" pin="1"/><net_sink comp="2104" pin=1"/></net>

<net id="2296"><net_src comp="2054" pin="1"/><net_sink comp="2293" pin=0"/></net>

<net id="2297"><net_src comp="2293" pin="1"/><net_sink comp="2109" pin=34"/></net>

<net id="2298"><net_src comp="2293" pin="1"/><net_sink comp="2196" pin=34"/></net>

<net id="2302"><net_src comp="2068" pin="1"/><net_sink comp="2299" pin=0"/></net>

<net id="2303"><net_src comp="2299" pin="1"/><net_sink comp="774" pin=2"/></net>

<net id="2304"><net_src comp="2299" pin="1"/><net_sink comp="781" pin=2"/></net>

<net id="2305"><net_src comp="2299" pin="1"/><net_sink comp="788" pin=2"/></net>

<net id="2306"><net_src comp="2299" pin="1"/><net_sink comp="795" pin=2"/></net>

<net id="2307"><net_src comp="2299" pin="1"/><net_sink comp="802" pin=2"/></net>

<net id="2308"><net_src comp="2299" pin="1"/><net_sink comp="809" pin=2"/></net>

<net id="2309"><net_src comp="2299" pin="1"/><net_sink comp="816" pin=2"/></net>

<net id="2310"><net_src comp="2299" pin="1"/><net_sink comp="823" pin=2"/></net>

<net id="2311"><net_src comp="2299" pin="1"/><net_sink comp="830" pin=2"/></net>

<net id="2312"><net_src comp="2299" pin="1"/><net_sink comp="837" pin=2"/></net>

<net id="2313"><net_src comp="2299" pin="1"/><net_sink comp="844" pin=2"/></net>

<net id="2314"><net_src comp="2299" pin="1"/><net_sink comp="851" pin=2"/></net>

<net id="2315"><net_src comp="2299" pin="1"/><net_sink comp="858" pin=2"/></net>

<net id="2316"><net_src comp="2299" pin="1"/><net_sink comp="865" pin=2"/></net>

<net id="2317"><net_src comp="2299" pin="1"/><net_sink comp="872" pin=2"/></net>

<net id="2318"><net_src comp="2299" pin="1"/><net_sink comp="879" pin=2"/></net>

<net id="2319"><net_src comp="2299" pin="1"/><net_sink comp="886" pin=2"/></net>

<net id="2320"><net_src comp="2299" pin="1"/><net_sink comp="893" pin=2"/></net>

<net id="2321"><net_src comp="2299" pin="1"/><net_sink comp="900" pin=2"/></net>

<net id="2322"><net_src comp="2299" pin="1"/><net_sink comp="907" pin=2"/></net>

<net id="2323"><net_src comp="2299" pin="1"/><net_sink comp="914" pin=2"/></net>

<net id="2324"><net_src comp="2299" pin="1"/><net_sink comp="921" pin=2"/></net>

<net id="2325"><net_src comp="2299" pin="1"/><net_sink comp="928" pin=2"/></net>

<net id="2326"><net_src comp="2299" pin="1"/><net_sink comp="935" pin=2"/></net>

<net id="2327"><net_src comp="2299" pin="1"/><net_sink comp="942" pin=2"/></net>

<net id="2328"><net_src comp="2299" pin="1"/><net_sink comp="949" pin=2"/></net>

<net id="2329"><net_src comp="2299" pin="1"/><net_sink comp="956" pin=2"/></net>

<net id="2330"><net_src comp="2299" pin="1"/><net_sink comp="963" pin=2"/></net>

<net id="2331"><net_src comp="2299" pin="1"/><net_sink comp="970" pin=2"/></net>

<net id="2332"><net_src comp="2299" pin="1"/><net_sink comp="977" pin=2"/></net>

<net id="2333"><net_src comp="2299" pin="1"/><net_sink comp="984" pin=2"/></net>

<net id="2334"><net_src comp="2299" pin="1"/><net_sink comp="991" pin=2"/></net>

<net id="2338"><net_src comp="390" pin="3"/><net_sink comp="2335" pin=0"/></net>

<net id="2339"><net_src comp="2335" pin="1"/><net_sink comp="486" pin=0"/></net>

<net id="2343"><net_src comp="396" pin="3"/><net_sink comp="2340" pin=0"/></net>

<net id="2344"><net_src comp="2340" pin="1"/><net_sink comp="492" pin=0"/></net>

<net id="2348"><net_src comp="402" pin="3"/><net_sink comp="2345" pin=0"/></net>

<net id="2349"><net_src comp="2345" pin="1"/><net_sink comp="498" pin=0"/></net>

<net id="2353"><net_src comp="408" pin="3"/><net_sink comp="2350" pin=0"/></net>

<net id="2354"><net_src comp="2350" pin="1"/><net_sink comp="504" pin=0"/></net>

<net id="2358"><net_src comp="414" pin="3"/><net_sink comp="2355" pin=0"/></net>

<net id="2359"><net_src comp="2355" pin="1"/><net_sink comp="510" pin=0"/></net>

<net id="2363"><net_src comp="420" pin="3"/><net_sink comp="2360" pin=0"/></net>

<net id="2364"><net_src comp="2360" pin="1"/><net_sink comp="516" pin=0"/></net>

<net id="2368"><net_src comp="426" pin="3"/><net_sink comp="2365" pin=0"/></net>

<net id="2369"><net_src comp="2365" pin="1"/><net_sink comp="522" pin=0"/></net>

<net id="2373"><net_src comp="432" pin="3"/><net_sink comp="2370" pin=0"/></net>

<net id="2374"><net_src comp="2370" pin="1"/><net_sink comp="528" pin=0"/></net>

<net id="2378"><net_src comp="438" pin="3"/><net_sink comp="2375" pin=0"/></net>

<net id="2379"><net_src comp="2375" pin="1"/><net_sink comp="534" pin=0"/></net>

<net id="2383"><net_src comp="444" pin="3"/><net_sink comp="2380" pin=0"/></net>

<net id="2384"><net_src comp="2380" pin="1"/><net_sink comp="540" pin=0"/></net>

<net id="2388"><net_src comp="450" pin="3"/><net_sink comp="2385" pin=0"/></net>

<net id="2389"><net_src comp="2385" pin="1"/><net_sink comp="546" pin=0"/></net>

<net id="2393"><net_src comp="456" pin="3"/><net_sink comp="2390" pin=0"/></net>

<net id="2394"><net_src comp="2390" pin="1"/><net_sink comp="552" pin=0"/></net>

<net id="2398"><net_src comp="462" pin="3"/><net_sink comp="2395" pin=0"/></net>

<net id="2399"><net_src comp="2395" pin="1"/><net_sink comp="558" pin=0"/></net>

<net id="2403"><net_src comp="468" pin="3"/><net_sink comp="2400" pin=0"/></net>

<net id="2404"><net_src comp="2400" pin="1"/><net_sink comp="564" pin=0"/></net>

<net id="2408"><net_src comp="474" pin="3"/><net_sink comp="2405" pin=0"/></net>

<net id="2409"><net_src comp="2405" pin="1"/><net_sink comp="570" pin=0"/></net>

<net id="2413"><net_src comp="480" pin="3"/><net_sink comp="2410" pin=0"/></net>

<net id="2414"><net_src comp="2410" pin="1"/><net_sink comp="576" pin=0"/></net>

<net id="2418"><net_src comp="582" pin="3"/><net_sink comp="2415" pin=0"/></net>

<net id="2419"><net_src comp="2415" pin="1"/><net_sink comp="678" pin=0"/></net>

<net id="2423"><net_src comp="588" pin="3"/><net_sink comp="2420" pin=0"/></net>

<net id="2424"><net_src comp="2420" pin="1"/><net_sink comp="684" pin=0"/></net>

<net id="2428"><net_src comp="594" pin="3"/><net_sink comp="2425" pin=0"/></net>

<net id="2429"><net_src comp="2425" pin="1"/><net_sink comp="690" pin=0"/></net>

<net id="2433"><net_src comp="600" pin="3"/><net_sink comp="2430" pin=0"/></net>

<net id="2434"><net_src comp="2430" pin="1"/><net_sink comp="696" pin=0"/></net>

<net id="2438"><net_src comp="606" pin="3"/><net_sink comp="2435" pin=0"/></net>

<net id="2439"><net_src comp="2435" pin="1"/><net_sink comp="702" pin=0"/></net>

<net id="2443"><net_src comp="612" pin="3"/><net_sink comp="2440" pin=0"/></net>

<net id="2444"><net_src comp="2440" pin="1"/><net_sink comp="708" pin=0"/></net>

<net id="2448"><net_src comp="618" pin="3"/><net_sink comp="2445" pin=0"/></net>

<net id="2449"><net_src comp="2445" pin="1"/><net_sink comp="714" pin=0"/></net>

<net id="2453"><net_src comp="624" pin="3"/><net_sink comp="2450" pin=0"/></net>

<net id="2454"><net_src comp="2450" pin="1"/><net_sink comp="720" pin=0"/></net>

<net id="2458"><net_src comp="630" pin="3"/><net_sink comp="2455" pin=0"/></net>

<net id="2459"><net_src comp="2455" pin="1"/><net_sink comp="726" pin=0"/></net>

<net id="2463"><net_src comp="636" pin="3"/><net_sink comp="2460" pin=0"/></net>

<net id="2464"><net_src comp="2460" pin="1"/><net_sink comp="732" pin=0"/></net>

<net id="2468"><net_src comp="642" pin="3"/><net_sink comp="2465" pin=0"/></net>

<net id="2469"><net_src comp="2465" pin="1"/><net_sink comp="738" pin=0"/></net>

<net id="2473"><net_src comp="648" pin="3"/><net_sink comp="2470" pin=0"/></net>

<net id="2474"><net_src comp="2470" pin="1"/><net_sink comp="744" pin=0"/></net>

<net id="2478"><net_src comp="654" pin="3"/><net_sink comp="2475" pin=0"/></net>

<net id="2479"><net_src comp="2475" pin="1"/><net_sink comp="750" pin=0"/></net>

<net id="2483"><net_src comp="660" pin="3"/><net_sink comp="2480" pin=0"/></net>

<net id="2484"><net_src comp="2480" pin="1"/><net_sink comp="756" pin=0"/></net>

<net id="2488"><net_src comp="666" pin="3"/><net_sink comp="2485" pin=0"/></net>

<net id="2489"><net_src comp="2485" pin="1"/><net_sink comp="762" pin=0"/></net>

<net id="2493"><net_src comp="672" pin="3"/><net_sink comp="2490" pin=0"/></net>

<net id="2494"><net_src comp="2490" pin="1"/><net_sink comp="768" pin=0"/></net>

</net_list>

</model> 
---------------- Datapath Model END ------------------

* FSMD analyzer results:
  - Output states:
	Port: A_0 | {3 4 7 8 11 12 16 }
	Port: A_1 | {3 4 7 8 11 12 16 }
	Port: A_2 | {3 4 7 8 11 12 16 }
	Port: A_3 | {3 4 7 8 11 12 16 }
	Port: A_4 | {3 4 7 8 11 12 16 }
	Port: A_5 | {3 4 7 8 11 12 16 }
	Port: A_6 | {3 4 7 8 11 12 16 }
	Port: A_7 | {3 4 7 8 11 12 16 }
	Port: A_8 | {3 4 7 8 11 12 16 }
	Port: A_9 | {3 4 7 8 11 12 16 }
	Port: A_10 | {3 4 7 8 11 12 16 }
	Port: A_11 | {3 4 7 8 11 12 16 }
	Port: A_12 | {3 4 7 8 11 12 16 }
	Port: A_13 | {3 4 7 8 11 12 16 }
	Port: A_14 | {3 4 7 8 11 12 16 }
	Port: A_15 | {3 4 7 8 11 12 16 }
	Port: B_0 | {3 4 7 8 11 12 16 }
	Port: B_1 | {3 4 7 8 11 12 16 }
	Port: B_2 | {3 4 7 8 11 12 16 }
	Port: B_3 | {3 4 7 8 11 12 16 }
	Port: B_4 | {3 4 7 8 11 12 16 }
	Port: B_5 | {3 4 7 8 11 12 16 }
	Port: B_6 | {3 4 7 8 11 12 16 }
	Port: B_7 | {3 4 7 8 11 12 16 }
	Port: B_8 | {3 4 7 8 11 12 16 }
	Port: B_9 | {3 4 7 8 11 12 16 }
	Port: B_10 | {3 4 7 8 11 12 16 }
	Port: B_11 | {3 4 7 8 11 12 16 }
	Port: B_12 | {3 4 7 8 11 12 16 }
	Port: B_13 | {3 4 7 8 11 12 16 }
	Port: B_14 | {3 4 7 8 11 12 16 }
	Port: B_15 | {3 4 7 8 11 12 16 }
	Port: p_ZL5FWD_W_0_0 | {}
	Port: p_ZL6FWD_MW_0_0 | {}
	Port: p_ZL5FWD_W_1_0 | {}
	Port: p_ZL6FWD_MW_1_0 | {}
	Port: p_ZL5FWD_W_2_0 | {}
	Port: p_ZL6FWD_MW_2_0 | {}
	Port: p_ZL5FWD_W_3_0 | {}
	Port: p_ZL6FWD_MW_3_0 | {}
	Port: p_ZL5FWD_W_0_1 | {}
	Port: p_ZL6FWD_MW_0_1 | {}
	Port: p_ZL5FWD_W_1_1 | {}
	Port: p_ZL6FWD_MW_1_1 | {}
	Port: p_ZL5FWD_W_2_1 | {}
	Port: p_ZL6FWD_MW_2_1 | {}
	Port: p_ZL5FWD_W_3_1 | {}
	Port: p_ZL6FWD_MW_3_1 | {}
	Port: p_ZL5FWD_W_0_2 | {}
	Port: p_ZL6FWD_MW_0_2 | {}
	Port: p_ZL5FWD_W_1_2 | {}
	Port: p_ZL6FWD_MW_1_2 | {}
	Port: p_ZL5FWD_W_2_2 | {}
	Port: p_ZL6FWD_MW_2_2 | {}
	Port: p_ZL5FWD_W_3_2 | {}
	Port: p_ZL6FWD_MW_3_2 | {}
	Port: p_ZL5FWD_W_0_3 | {}
	Port: p_ZL6FWD_MW_0_3 | {}
	Port: p_ZL5FWD_W_1_3 | {}
	Port: p_ZL6FWD_MW_1_3 | {}
	Port: p_ZL5FWD_W_2_3 | {}
	Port: p_ZL6FWD_MW_2_3 | {}
	Port: p_ZL5FWD_W_3_3 | {}
	Port: p_ZL6FWD_MW_3_3 | {}
	Port: p_ZL5FWD_W_0_4 | {}
	Port: p_ZL6FWD_MW_0_4 | {}
	Port: p_ZL5FWD_W_1_4 | {}
	Port: p_ZL6FWD_MW_1_4 | {}
	Port: p_ZL5FWD_W_2_4 | {}
	Port: p_ZL6FWD_MW_2_4 | {}
	Port: p_ZL5FWD_W_3_4 | {}
	Port: p_ZL6FWD_MW_3_4 | {}
	Port: p_ZL5FWD_W_0_5 | {}
	Port: p_ZL6FWD_MW_0_5 | {}
	Port: p_ZL5FWD_W_1_5 | {}
	Port: p_ZL6FWD_MW_1_5 | {}
	Port: p_ZL5FWD_W_2_5 | {}
	Port: p_ZL6FWD_MW_2_5 | {}
	Port: p_ZL5FWD_W_3_5 | {}
	Port: p_ZL6FWD_MW_3_5 | {}
	Port: p_ZL5FWD_W_0_6 | {}
	Port: p_ZL6FWD_MW_0_6 | {}
	Port: p_ZL5FWD_W_1_6 | {}
	Port: p_ZL6FWD_MW_1_6 | {}
	Port: p_ZL5FWD_W_2_6 | {}
	Port: p_ZL6FWD_MW_2_6 | {}
	Port: p_ZL5FWD_W_3_6 | {}
	Port: p_ZL6FWD_MW_3_6 | {}
 - Input state : 
	Port: fwd_ntt2 : A_0 | {1 2 5 6 9 10 13 14 }
	Port: fwd_ntt2 : A_1 | {1 2 5 6 9 10 13 14 }
	Port: fwd_ntt2 : A_2 | {1 2 5 6 9 10 13 14 }
	Port: fwd_ntt2 : A_3 | {1 2 5 6 9 10 13 14 }
	Port: fwd_ntt2 : A_4 | {1 2 5 6 9 10 13 14 }
	Port: fwd_ntt2 : A_5 | {1 2 5 6 9 10 13 14 }
	Port: fwd_ntt2 : A_6 | {1 2 5 6 9 10 13 14 }
	Port: fwd_ntt2 : A_7 | {1 2 5 6 9 10 13 14 }
	Port: fwd_ntt2 : A_8 | {1 2 5 6 9 10 13 14 }
	Port: fwd_ntt2 : A_9 | {1 2 5 6 9 10 13 14 }
	Port: fwd_ntt2 : A_10 | {1 2 5 6 9 10 13 14 }
	Port: fwd_ntt2 : A_11 | {1 2 5 6 9 10 13 14 }
	Port: fwd_ntt2 : A_12 | {1 2 5 6 9 10 13 14 }
	Port: fwd_ntt2 : A_13 | {1 2 5 6 9 10 13 14 }
	Port: fwd_ntt2 : A_14 | {1 2 5 6 9 10 13 14 }
	Port: fwd_ntt2 : A_15 | {1 2 5 6 9 10 13 14 }
	Port: fwd_ntt2 : B_0 | {1 2 5 6 9 10 13 14 }
	Port: fwd_ntt2 : B_1 | {1 2 5 6 9 10 13 14 }
	Port: fwd_ntt2 : B_2 | {1 2 5 6 9 10 13 14 }
	Port: fwd_ntt2 : B_3 | {1 2 5 6 9 10 13 14 }
	Port: fwd_ntt2 : B_4 | {1 2 5 6 9 10 13 14 }
	Port: fwd_ntt2 : B_5 | {1 2 5 6 9 10 13 14 }
	Port: fwd_ntt2 : B_6 | {1 2 5 6 9 10 13 14 }
	Port: fwd_ntt2 : B_7 | {1 2 5 6 9 10 13 14 }
	Port: fwd_ntt2 : B_8 | {1 2 5 6 9 10 13 14 }
	Port: fwd_ntt2 : B_9 | {1 2 5 6 9 10 13 14 }
	Port: fwd_ntt2 : B_10 | {1 2 5 6 9 10 13 14 }
	Port: fwd_ntt2 : B_11 | {1 2 5 6 9 10 13 14 }
	Port: fwd_ntt2 : B_12 | {1 2 5 6 9 10 13 14 }
	Port: fwd_ntt2 : B_13 | {1 2 5 6 9 10 13 14 }
	Port: fwd_ntt2 : B_14 | {1 2 5 6 9 10 13 14 }
	Port: fwd_ntt2 : B_15 | {1 2 5 6 9 10 13 14 }
	Port: fwd_ntt2 : p_ZL5FWD_W_0_0 | {1 2 }
	Port: fwd_ntt2 : p_ZL6FWD_MW_0_0 | {1 2 }
	Port: fwd_ntt2 : p_ZL5FWD_W_1_0 | {1 2 }
	Port: fwd_ntt2 : p_ZL6FWD_MW_1_0 | {1 2 }
	Port: fwd_ntt2 : p_ZL5FWD_W_2_0 | {1 2 }
	Port: fwd_ntt2 : p_ZL6FWD_MW_2_0 | {1 2 }
	Port: fwd_ntt2 : p_ZL5FWD_W_3_0 | {1 2 }
	Port: fwd_ntt2 : p_ZL6FWD_MW_3_0 | {1 2 }
	Port: fwd_ntt2 : p_ZL5FWD_W_0_1 | {3 4 }
	Port: fwd_ntt2 : p_ZL6FWD_MW_0_1 | {3 4 }
	Port: fwd_ntt2 : p_ZL5FWD_W_1_1 | {3 4 }
	Port: fwd_ntt2 : p_ZL6FWD_MW_1_1 | {3 4 }
	Port: fwd_ntt2 : p_ZL5FWD_W_2_1 | {3 4 }
	Port: fwd_ntt2 : p_ZL6FWD_MW_2_1 | {3 4 }
	Port: fwd_ntt2 : p_ZL5FWD_W_3_1 | {3 4 }
	Port: fwd_ntt2 : p_ZL6FWD_MW_3_1 | {3 4 }
	Port: fwd_ntt2 : p_ZL5FWD_W_0_2 | {5 6 }
	Port: fwd_ntt2 : p_ZL6FWD_MW_0_2 | {5 6 }
	Port: fwd_ntt2 : p_ZL5FWD_W_1_2 | {5 6 }
	Port: fwd_ntt2 : p_ZL6FWD_MW_1_2 | {5 6 }
	Port: fwd_ntt2 : p_ZL5FWD_W_2_2 | {5 6 }
	Port: fwd_ntt2 : p_ZL6FWD_MW_2_2 | {5 6 }
	Port: fwd_ntt2 : p_ZL5FWD_W_3_2 | {5 6 }
	Port: fwd_ntt2 : p_ZL6FWD_MW_3_2 | {5 6 }
	Port: fwd_ntt2 : p_ZL5FWD_W_0_3 | {7 8 }
	Port: fwd_ntt2 : p_ZL6FWD_MW_0_3 | {7 8 }
	Port: fwd_ntt2 : p_ZL5FWD_W_1_3 | {7 8 }
	Port: fwd_ntt2 : p_ZL6FWD_MW_1_3 | {7 8 }
	Port: fwd_ntt2 : p_ZL5FWD_W_2_3 | {7 8 }
	Port: fwd_ntt2 : p_ZL6FWD_MW_2_3 | {7 8 }
	Port: fwd_ntt2 : p_ZL5FWD_W_3_3 | {7 8 }
	Port: fwd_ntt2 : p_ZL6FWD_MW_3_3 | {7 8 }
	Port: fwd_ntt2 : p_ZL5FWD_W_0_4 | {9 10 }
	Port: fwd_ntt2 : p_ZL6FWD_MW_0_4 | {9 10 }
	Port: fwd_ntt2 : p_ZL5FWD_W_1_4 | {9 10 }
	Port: fwd_ntt2 : p_ZL6FWD_MW_1_4 | {9 10 }
	Port: fwd_ntt2 : p_ZL5FWD_W_2_4 | {9 10 }
	Port: fwd_ntt2 : p_ZL6FWD_MW_2_4 | {9 10 }
	Port: fwd_ntt2 : p_ZL5FWD_W_3_4 | {9 10 }
	Port: fwd_ntt2 : p_ZL6FWD_MW_3_4 | {9 10 }
	Port: fwd_ntt2 : p_ZL5FWD_W_0_5 | {11 12 }
	Port: fwd_ntt2 : p_ZL6FWD_MW_0_5 | {11 12 }
	Port: fwd_ntt2 : p_ZL5FWD_W_1_5 | {11 12 }
	Port: fwd_ntt2 : p_ZL6FWD_MW_1_5 | {11 12 }
	Port: fwd_ntt2 : p_ZL5FWD_W_2_5 | {11 12 }
	Port: fwd_ntt2 : p_ZL6FWD_MW_2_5 | {11 12 }
	Port: fwd_ntt2 : p_ZL5FWD_W_3_5 | {11 12 }
	Port: fwd_ntt2 : p_ZL6FWD_MW_3_5 | {11 12 }
	Port: fwd_ntt2 : p_ZL5FWD_W_0_6 | {13 14 }
	Port: fwd_ntt2 : p_ZL6FWD_MW_0_6 | {13 14 }
	Port: fwd_ntt2 : p_ZL5FWD_W_1_6 | {13 14 }
	Port: fwd_ntt2 : p_ZL6FWD_MW_1_6 | {13 14 }
	Port: fwd_ntt2 : p_ZL5FWD_W_2_6 | {13 14 }
	Port: fwd_ntt2 : p_ZL6FWD_MW_2_6 | {13 14 }
	Port: fwd_ntt2 : p_ZL5FWD_W_3_6 | {13 14 }
	Port: fwd_ntt2 : p_ZL6FWD_MW_3_6 | {13 14 }
  - Chain level:
	State 1
		call_ln95 : 1
		store_ln99 : 1
	State 2
	State 3
	State 4
	State 5
	State 6
	State 7
	State 8
	State 9
	State 10
	State 11
	State 12
	State 13
	State 14
	State 15
		icmp_ln99 : 1
		add_ln99 : 1
		br_ln99 : 2
		trunc_ln99 : 1
		lshr_ln : 1
		zext_ln99 : 2
		tA_addr : 3
		tA_1_addr : 3
		tA_2_addr : 3
		tA_3_addr : 3
		tA_4_addr : 3
		tA_5_addr : 3
		tA_6_addr : 3
		tA_7_addr : 3
		tA_8_addr : 3
		tA_9_addr : 3
		tA_10_addr : 3
		tA_11_addr : 3
		tA_12_addr : 3
		tA_13_addr : 3
		tA_14_addr : 3
		tA_15_addr : 3
		tA_load : 4
		tA_1_load : 4
		tA_2_load : 4
		tA_3_load : 4
		tA_4_load : 4
		tA_5_load : 4
		tA_6_load : 4
		tA_7_load : 4
		tA_8_load : 4
		tA_9_load : 4
		tA_10_load : 4
		tA_11_load : 4
		tA_12_load : 4
		tA_13_load : 4
		tA_14_load : 4
		tA_15_load : 4
		tB_addr : 3
		tB_1_addr : 3
		tB_2_addr : 3
		tB_3_addr : 3
		tB_4_addr : 3
		tB_5_addr : 3
		tB_6_addr : 3
		tB_7_addr : 3
		tB_8_addr : 3
		tB_9_addr : 3
		tB_10_addr : 3
		tB_11_addr : 3
		tB_12_addr : 3
		tB_13_addr : 3
		tB_14_addr : 3
		tB_15_addr : 3
		tB_load : 4
		tB_1_load : 4
		tB_2_load : 4
		tB_3_load : 4
		tB_4_load : 4
		tB_5_load : 4
		tB_6_load : 4
		tB_7_load : 4
		tB_8_load : 4
		tB_9_load : 4
		tB_10_load : 4
		tB_11_load : 4
		tB_12_load : 4
		tB_13_load : 4
		tB_14_load : 4
		tB_15_load : 4
		switch_ln101 : 2
		store_ln99 : 2
	State 16
		tmp : 1
		tmp_s : 1
		store_ln101 : 2
		store_ln101 : 2
		store_ln101 : 2
		store_ln101 : 2
		store_ln101 : 2
		store_ln101 : 2
		store_ln101 : 2
		store_ln101 : 2
		store_ln101 : 2
		store_ln101 : 2
		store_ln101 : 2
		store_ln101 : 2
		store_ln101 : 2
		store_ln101 : 2
		store_ln101 : 2
		store_ln101 : 2
		store_ln101 : 2
		store_ln101 : 2
		store_ln101 : 2
		store_ln101 : 2
		store_ln101 : 2
		store_ln101 : 2
		store_ln101 : 2
		store_ln101 : 2
		store_ln101 : 2
		store_ln101 : 2
		store_ln101 : 2
		store_ln101 : 2
		store_ln101 : 2
		store_ln101 : 2
		store_ln101 : 2
		store_ln101 : 2
	State 17


============================================================
+ Verbose Summary: Datapath Resource usage 
============================================================

* Functional unit list:
|----------|--------------------------------|---------|---------|---------|---------|
| Operation|         Functional Unit        |   DSP   |  Delay  |    FF   |   LUT   |
|----------|--------------------------------|---------|---------|---------|---------|
|          | grp_fwd_stage2_t_128_s_fu_1190 |    48   |  68.32  |   2958  |   6096  |
|          |  grp_fwd_stage2_t_64_s_fu_1338 |    48   |  68.32  |   2801  |   6255  |
|          |  grp_fwd_stage2_t_32_s_fu_1454 |    48   |  68.32  |   2801  |   6255  |
|   call   |  grp_fwd_stage2_t_16_s_fu_1570 |    48   |  93.016 |   2965  |   6847  |
|          |  grp_fwd_stage2_t_8_s_fu_1686  |    48   |  54.656 |   2585  |   5423  |
|          |  grp_fwd_stage2_t_4_s_fu_1802  |    48   |  54.656 |   2585  |   5423  |
|          |  grp_fwd_stage2_t_2_s_fu_1918  |    48   |  54.656 |   2585  |   5423  |
|----------|--------------------------------|---------|---------|---------|---------|
| sparsemux|           tmp_fu_2109          |    0    |    0    |    0    |    65   |
|          |          tmp_s_fu_2196         |    0    |    0    |    0    |    65   |
|----------|--------------------------------|---------|---------|---------|---------|
|   icmp   |        icmp_ln99_fu_2042       |    0    |    0    |    0    |    16   |
|----------|--------------------------------|---------|---------|---------|---------|
|    add   |        add_ln99_fu_2048        |    0    |    0    |    0    |    16   |
|----------|--------------------------------|---------|---------|---------|---------|
|   trunc  |       trunc_ln99_fu_2054       |    0    |    0    |    0    |    0    |
|----------|--------------------------------|---------|---------|---------|---------|
|partselect|         lshr_ln_fu_2058        |    0    |    0    |    0    |    0    |
|----------|--------------------------------|---------|---------|---------|---------|
|   zext   |        zext_ln99_fu_2068       |    0    |    0    |    0    |    0    |
|----------|--------------------------------|---------|---------|---------|---------|
|   Total  |                                |   336   | 461.944 |  19280  |  41884  |
|----------|--------------------------------|---------|---------|---------|---------|

Memories:
+-----+--------+--------+--------+--------+
|     |  BRAM  |   FF   |   LUT  |  URAM  |
+-----+--------+--------+--------+--------+
|  tA |    0   |   24   |    3   |    0   |
| tA_1|    0   |   24   |    3   |    0   |
|tA_10|    0   |   24   |    3   |    0   |
|tA_11|    0   |   24   |    3   |    0   |
|tA_12|    0   |   24   |    3   |    0   |
|tA_13|    0   |   24   |    3   |    0   |
|tA_14|    0   |   24   |    3   |    0   |
|tA_15|    0   |   24   |    3   |    0   |
| tA_2|    0   |   24   |    3   |    0   |
| tA_3|    0   |   24   |    3   |    0   |
| tA_4|    0   |   24   |    3   |    0   |
| tA_5|    0   |   24   |    3   |    0   |
| tA_6|    0   |   24   |    3   |    0   |
| tA_7|    0   |   24   |    3   |    0   |
| tA_8|    0   |   24   |    3   |    0   |
| tA_9|    0   |   24   |    3   |    0   |
|  tB |    0   |   24   |    3   |    0   |
| tB_1|    0   |   24   |    3   |    0   |
|tB_10|    0   |   24   |    3   |    0   |
|tB_11|    0   |   24   |    3   |    0   |
|tB_12|    0   |   24   |    3   |    0   |
|tB_13|    0   |   24   |    3   |    0   |
|tB_14|    0   |   24   |    3   |    0   |
|tB_15|    0   |   24   |    3   |    0   |
| tB_2|    0   |   24   |    3   |    0   |
| tB_3|    0   |   24   |    3   |    0   |
| tB_4|    0   |   24   |    3   |    0   |
| tB_5|    0   |   24   |    3   |    0   |
| tB_6|    0   |   24   |    3   |    0   |
| tB_7|    0   |   24   |    3   |    0   |
| tB_8|    0   |   24   |    3   |    0   |
| tB_9|    0   |   24   |    3   |    0   |
+-----+--------+--------+--------+--------+
|Total|    0   |   768  |   96   |    0   |
+-----+--------+--------+--------+--------+

* Register list:
+-------------------+--------+
|                   |   FF   |
+-------------------+--------+
|     i_reg_2283    |    9   |
|tA_10_addr_reg_2385|    4   |
|tA_11_addr_reg_2390|    4   |
|tA_12_addr_reg_2395|    4   |
|tA_13_addr_reg_2400|    4   |
|tA_14_addr_reg_2405|    4   |
|tA_15_addr_reg_2410|    4   |
| tA_1_addr_reg_2340|    4   |
| tA_2_addr_reg_2345|    4   |
| tA_3_addr_reg_2350|    4   |
| tA_4_addr_reg_2355|    4   |
| tA_5_addr_reg_2360|    4   |
| tA_6_addr_reg_2365|    4   |
| tA_7_addr_reg_2370|    4   |
| tA_8_addr_reg_2375|    4   |
| tA_9_addr_reg_2380|    4   |
|  tA_addr_reg_2335 |    4   |
|tB_10_addr_reg_2465|    4   |
|tB_11_addr_reg_2470|    4   |
|tB_12_addr_reg_2475|    4   |
|tB_13_addr_reg_2480|    4   |
|tB_14_addr_reg_2485|    4   |
|tB_15_addr_reg_2490|    4   |
| tB_1_addr_reg_2420|    4   |
| tB_2_addr_reg_2425|    4   |
| tB_3_addr_reg_2430|    4   |
| tB_4_addr_reg_2435|    4   |
| tB_5_addr_reg_2440|    4   |
| tB_6_addr_reg_2445|    4   |
| tB_7_addr_reg_2450|    4   |
| tB_8_addr_reg_2455|    4   |
| tB_9_addr_reg_2460|    4   |
|  tB_addr_reg_2415 |    4   |
|trunc_ln99_reg_2293|    4   |
| zext_ln99_reg_2299|   64   |
+-------------------+--------+
|       Total       |   205  |
+-------------------+--------+

* Multiplexer (MUX) list: 
|-------------------|------|------|------|--------||---------||---------|
|        Comp       |  Pin | Size |  BW  | S x BW ||  Delay  ||   LUT   |
|-------------------|------|------|------|--------||---------||---------|
| grp_access_fu_486 |  p0  |   2  |   4  |    8   ||    9    |
| grp_access_fu_492 |  p0  |   2  |   4  |    8   ||    9    |
| grp_access_fu_498 |  p0  |   2  |   4  |    8   ||    9    |
| grp_access_fu_504 |  p0  |   2  |   4  |    8   ||    9    |
| grp_access_fu_510 |  p0  |   2  |   4  |    8   ||    9    |
| grp_access_fu_516 |  p0  |   2  |   4  |    8   ||    9    |
| grp_access_fu_522 |  p0  |   2  |   4  |    8   ||    9    |
| grp_access_fu_528 |  p0  |   2  |   4  |    8   ||    9    |
| grp_access_fu_534 |  p0  |   2  |   4  |    8   ||    9    |
| grp_access_fu_540 |  p0  |   2  |   4  |    8   ||    9    |
| grp_access_fu_546 |  p0  |   2  |   4  |    8   ||    9    |
| grp_access_fu_552 |  p0  |   2  |   4  |    8   ||    9    |
| grp_access_fu_558 |  p0  |   2  |   4  |    8   ||    9    |
| grp_access_fu_564 |  p0  |   2  |   4  |    8   ||    9    |
| grp_access_fu_570 |  p0  |   2  |   4  |    8   ||    9    |
| grp_access_fu_576 |  p0  |   2  |   4  |    8   ||    9    |
| grp_access_fu_678 |  p0  |   2  |   4  |    8   ||    9    |
| grp_access_fu_684 |  p0  |   2  |   4  |    8   ||    9    |
| grp_access_fu_690 |  p0  |   2  |   4  |    8   ||    9    |
| grp_access_fu_696 |  p0  |   2  |   4  |    8   ||    9    |
| grp_access_fu_702 |  p0  |   2  |   4  |    8   ||    9    |
| grp_access_fu_708 |  p0  |   2  |   4  |    8   ||    9    |
| grp_access_fu_714 |  p0  |   2  |   4  |    8   ||    9    |
| grp_access_fu_720 |  p0  |   2  |   4  |    8   ||    9    |
| grp_access_fu_726 |  p0  |   2  |   4  |    8   ||    9    |
| grp_access_fu_732 |  p0  |   2  |   4  |    8   ||    9    |
| grp_access_fu_738 |  p0  |   2  |   4  |    8   ||    9    |
| grp_access_fu_744 |  p0  |   2  |   4  |    8   ||    9    |
| grp_access_fu_750 |  p0  |   2  |   4  |    8   ||    9    |
| grp_access_fu_756 |  p0  |   2  |   4  |    8   ||    9    |
| grp_access_fu_762 |  p0  |   2  |   4  |    8   ||    9    |
| grp_access_fu_768 |  p0  |   2  |   4  |    8   ||    9    |
|-------------------|------|------|------|--------||---------||---------|
|       Total       |      |      |      |   256  ||  13.664 ||   288   |
|-------------------|------|------|------|--------||---------||---------|



* Summary:
+-----------+--------+--------+--------+--------+--------+--------+
|           |  BRAM  |   DSP  |  Delay |   FF   |   LUT  |  URAM  |
+-----------+--------+--------+--------+--------+--------+--------+
|  Function |    -   |   336  |   461  |  19280 |  41884 |    -   |
|   Memory  |    0   |    -   |    -   |   768  |   96   |    0   |
|Multiplexer|    -   |    -   |   13   |    -   |   288  |    -   |
|  Register |    -   |    -   |    -   |   205  |    -   |    -   |
+-----------+--------+--------+--------+--------+--------+--------+
|   Total   |    0   |   336  |   475  |  20253 |  42268 |    0   |
+-----------+--------+--------+--------+--------+--------+--------+
