

================================================================
== Vitis HLS Report for 'fwd_stage2_t_4_s'
================================================================
* Date:           Thu Jun 11 23:16:38 2026

* Version:        2023.2 (Build 4023990 on Oct 11 2023)
* Project:        ntt_kyber
* Solution:       solution1 (Vivado IP Flow Target)
* Product family: zynquplus
* Target device:  xck26-sfvc784-2LV-c


================================================================
== Performance Estimates
================================================================
+ Timing: 
    * Summary: 
    +--------+----------+----------+------------+
    |  Clock |  Target  | Estimated| Uncertainty|
    +--------+----------+----------+------------+
    |ap_clk  |  10.00 ns|  6.247 ns|     2.70 ns|
    +--------+----------+----------+------------+

+ Latency: 
    * Summary: 
    +---------+---------+----------+----------+-----+-----+---------+
    |  Latency (cycles) |  Latency (absolute) |  Interval | Pipeline|
    |   min   |   max   |    min   |    max   | min | max |   Type  |
    +---------+---------+----------+----------+-----+-----+---------+
    |       22|       22|  0.220 us|  0.220 us|   22|   22|       no|
    +---------+---------+----------+----------+-----+-----+---------+

    + Detail: 
        * Instance: 
        N/A

        * Loop: 
        +-----------+---------+---------+----------+-----------+-----------+------+----------+
        |           |  Latency (cycles) | Iteration|  Initiation Interval  | Trip |          |
        | Loop Name |   min   |   max   |  Latency |  achieved |   target  | Count| Pipelined|
        +-----------+---------+---------+----------+-----------+-----------+------+----------+
        |- FWD_BF2  |       20|       20|         6|          1|          1|    16|       yes|
        +-----------+---------+---------+----------+-----------+-----------+------+----------+

============================================================
+ Verbose Summary: Synthesis Manager
============================================================
InlineROM: 1
ExposeGlobal: 0
============================================================
+ Verbose Summary: CDFG Model
============================================================
IsTopModel: 0
ResetActiveHigh: 1
IsCombinational: 0
IsDatapathOnly: 0
HasWiredReturn: 1
HasMFsm: 2
HasVarLatency: 1
IsPipeline: 0
IsRtlPipelined: 0
IsInstanceOverlapped: 0
IsDontTouch: 0
HasImplIP: 0
IsGatedGlobalClock: 0

+ Individual pipeline summary: 
  * Pipeline-0: initiation interval (II) = 1, depth = 6


============================================================
+ Verbose Summary: Schedule
============================================================
* Number of FSM states : 6
* Pipeline : 1
  Pipeline-0 : II = 1, D = 6, States = { 1 2 3 4 5 6 }
* Dataflow Pipeline: 0

* FSM state transitions: 
1 --> 2 
2 --> 3 
3 --> 4 
4 --> 5 
5 --> 6 
6 --> 

* FSM state operations: 

State 1 <SV = 0> <Delay = 1.61>
ST_1 : Operation 9 [1/1] (0.00ns)   --->   "%idx = alloca i32 1" [kyber-mult-kernel-dataflow.cpp:77]   --->   Operation 9 'alloca' 'idx' <Predicate = true> <Delay = 0.00>
ST_1 : Operation 10 [1/1] (0.42ns)   --->   "%store_ln77 = store i8 0, i8 %idx" [kyber-mult-kernel-dataflow.cpp:77]   --->   Operation 10 'store' 'store_ln77' <Predicate = true> <Delay = 0.42>
ST_1 : Operation 11 [1/1] (0.00ns)   --->   "%br_ln73 = br void %VITIS_LOOP_75_1" [kyber-mult-kernel-dataflow.cpp:73]   --->   Operation 11 'br' 'br_ln73' <Predicate = true> <Delay = 0.00>
ST_1 : Operation 12 [1/1] (0.00ns)   --->   "%m = load i8 %idx" [kyber-mult-kernel-dataflow.cpp:73]   --->   Operation 12 'load' 'm' <Predicate = true> <Delay = 0.00>
ST_1 : Operation 13 [1/1] (0.00ns)   --->   "%tmp_18 = bitselect i1 @_ssdm_op_BitSelect.i1.i8.i32, i8 %m, i32 7" [kyber-mult-kernel-dataflow.cpp:73]   --->   Operation 13 'bitselect' 'tmp_18' <Predicate = true> <Delay = 0.00>
ST_1 : Operation 14 [1/1] (0.00ns)   --->   "%br_ln73 = br i1 %tmp_18, void %fpga_resource_hint.VITIS_LOOP_75_1.287, void %for.end46" [kyber-mult-kernel-dataflow.cpp:73]   --->   Operation 14 'br' 'br_ln73' <Predicate = true> <Delay = 0.00>
ST_1 : Operation 15 [1/1] (0.00ns)   --->   "%lshr_ln = partselect i5 @_ssdm_op_PartSelect.i5.i8.i32.i32, i8 %m, i32 2, i32 6" [kyber-mult-kernel-dataflow.cpp:73]   --->   Operation 15 'partselect' 'lshr_ln' <Predicate = (!tmp_18)> <Delay = 0.00>
ST_1 : Operation 16 [1/1] (0.00ns)   --->   "%zext_ln73 = zext i5 %lshr_ln" [kyber-mult-kernel-dataflow.cpp:73]   --->   Operation 16 'zext' 'zext_ln73' <Predicate = (!tmp_18)> <Delay = 0.00>
ST_1 : Operation 17 [1/1] (0.00ns)   --->   "%lshr_ln7 = partselect i4 @_ssdm_op_PartSelect.i4.i8.i32.i32, i8 %m, i32 3, i32 6" [kyber-mult-kernel-dataflow.cpp:81]   --->   Operation 17 'partselect' 'lshr_ln7' <Predicate = (!tmp_18)> <Delay = 0.00>
ST_1 : Operation 18 [1/1] (0.00ns)   --->   "%zext_ln82 = zext i4 %lshr_ln7" [kyber-mult-kernel-dataflow.cpp:82]   --->   Operation 18 'zext' 'zext_ln82' <Predicate = (!tmp_18)> <Delay = 0.00>
ST_1 : Operation 19 [1/1] (0.00ns)   --->   "%p_ZL5FWD_W_0_5_addr = getelementptr i12 %p_ZL5FWD_W_0_5, i64 0, i64 %zext_ln73" [kyber-mult-kernel-dataflow.cpp:82]   --->   Operation 19 'getelementptr' 'p_ZL5FWD_W_0_5_addr' <Predicate = (!tmp_18)> <Delay = 0.00>
ST_1 : Operation 20 [2/2] (0.67ns)   --->   "%w = load i5 %p_ZL5FWD_W_0_5_addr" [kyber-mult-kernel-dataflow.cpp:82]   --->   Operation 20 'load' 'w' <Predicate = (!tmp_18)> <Delay = 0.67> <CoreInst = "ROM">   --->   Core 101 'ROM' <Latency = 1> <II = 1> <Delay = 0.67> <Storage> <Opcode : 'load'> <Ports = 0> <Width = 12> <Depth = 32> <ROM>
ST_1 : Operation 21 [1/1] (0.00ns)   --->   "%p_ZL6FWD_MW_0_5_addr = getelementptr i16 %p_ZL6FWD_MW_0_5, i64 0, i64 %zext_ln73" [kyber-mult-kernel-dataflow.cpp:82]   --->   Operation 21 'getelementptr' 'p_ZL6FWD_MW_0_5_addr' <Predicate = (!tmp_18)> <Delay = 0.00>
ST_1 : Operation 22 [2/2] (0.67ns)   --->   "%mw = load i5 %p_ZL6FWD_MW_0_5_addr" [kyber-mult-kernel-dataflow.cpp:82]   --->   Operation 22 'load' 'mw' <Predicate = (!tmp_18)> <Delay = 0.67> <CoreInst = "ROM">   --->   Core 101 'ROM' <Latency = 1> <II = 1> <Delay = 0.67> <Storage> <Opcode : 'load'> <Ports = 0> <Width = 16> <Depth = 32> <ROM>
ST_1 : Operation 23 [1/1] (0.00ns)   --->   "%sA_4_addr = getelementptr i12 %sA_4, i64 0, i64 %zext_ln82" [kyber-mult-kernel-dataflow.cpp:83]   --->   Operation 23 'getelementptr' 'sA_4_addr' <Predicate = (!tmp_18)> <Delay = 0.00>
ST_1 : Operation 24 [2/2] (0.67ns)   --->   "%sA_4_load = load i4 %sA_4_addr" [kyber-mult-kernel-dataflow.cpp:83]   --->   Operation 24 'load' 'sA_4_load' <Predicate = (!tmp_18)> <Delay = 0.67> <CoreInst = "RAM">   --->   Core 83 'RAM' <Latency = 1> <II = 1> <Delay = 0.67> <Storage> <Opcode : 'load' 'store'> <Ports = 2> <Width = 12> <Depth = 16> <RAM>
ST_1 : Operation 25 [1/1] (0.00ns)   --->   "%sB_4_addr = getelementptr i12 %sB_4, i64 0, i64 %zext_ln82" [kyber-mult-kernel-dataflow.cpp:85]   --->   Operation 25 'getelementptr' 'sB_4_addr' <Predicate = (!tmp_18)> <Delay = 0.00>
ST_1 : Operation 26 [1/1] (0.00ns)   --->   "%p_ZL5FWD_W_1_5_addr = getelementptr i12 %p_ZL5FWD_W_1_5, i64 0, i64 %zext_ln73" [kyber-mult-kernel-dataflow.cpp:82]   --->   Operation 26 'getelementptr' 'p_ZL5FWD_W_1_5_addr' <Predicate = (!tmp_18)> <Delay = 0.00>
ST_1 : Operation 27 [2/2] (0.67ns)   --->   "%w_23 = load i5 %p_ZL5FWD_W_1_5_addr" [kyber-mult-kernel-dataflow.cpp:82]   --->   Operation 27 'load' 'w_23' <Predicate = (!tmp_18)> <Delay = 0.67> <CoreInst = "ROM">   --->   Core 101 'ROM' <Latency = 1> <II = 1> <Delay = 0.67> <Storage> <Opcode : 'load'> <Ports = 0> <Width = 12> <Depth = 32> <ROM>
ST_1 : Operation 28 [1/1] (0.00ns)   --->   "%p_ZL6FWD_MW_1_5_addr = getelementptr i16 %p_ZL6FWD_MW_1_5, i64 0, i64 %zext_ln73" [kyber-mult-kernel-dataflow.cpp:82]   --->   Operation 28 'getelementptr' 'p_ZL6FWD_MW_1_5_addr' <Predicate = (!tmp_18)> <Delay = 0.00>
ST_1 : Operation 29 [2/2] (0.67ns)   --->   "%mw_15 = load i5 %p_ZL6FWD_MW_1_5_addr" [kyber-mult-kernel-dataflow.cpp:82]   --->   Operation 29 'load' 'mw_15' <Predicate = (!tmp_18)> <Delay = 0.67> <CoreInst = "ROM">   --->   Core 101 'ROM' <Latency = 1> <II = 1> <Delay = 0.67> <Storage> <Opcode : 'load'> <Ports = 0> <Width = 16> <Depth = 32> <ROM>
ST_1 : Operation 30 [1/1] (0.00ns)   --->   "%sA_5_addr = getelementptr i12 %sA_5, i64 0, i64 %zext_ln82" [kyber-mult-kernel-dataflow.cpp:83]   --->   Operation 30 'getelementptr' 'sA_5_addr' <Predicate = (!tmp_18)> <Delay = 0.00>
ST_1 : Operation 31 [1/1] (0.00ns)   --->   "%sB_5_addr = getelementptr i12 %sB_5, i64 0, i64 %zext_ln82" [kyber-mult-kernel-dataflow.cpp:85]   --->   Operation 31 'getelementptr' 'sB_5_addr' <Predicate = (!tmp_18)> <Delay = 0.00>
ST_1 : Operation 32 [1/1] (0.00ns)   --->   "%p_ZL5FWD_W_2_5_addr = getelementptr i12 %p_ZL5FWD_W_2_5, i64 0, i64 %zext_ln73" [kyber-mult-kernel-dataflow.cpp:82]   --->   Operation 32 'getelementptr' 'p_ZL5FWD_W_2_5_addr' <Predicate = (!tmp_18)> <Delay = 0.00>
ST_1 : Operation 33 [2/2] (0.67ns)   --->   "%w_24 = load i5 %p_ZL5FWD_W_2_5_addr" [kyber-mult-kernel-dataflow.cpp:82]   --->   Operation 33 'load' 'w_24' <Predicate = (!tmp_18)> <Delay = 0.67> <CoreInst = "ROM">   --->   Core 101 'ROM' <Latency = 1> <II = 1> <Delay = 0.67> <Storage> <Opcode : 'load'> <Ports = 0> <Width = 12> <Depth = 32> <ROM>
ST_1 : Operation 34 [1/1] (0.00ns)   --->   "%p_ZL6FWD_MW_2_5_addr = getelementptr i16 %p_ZL6FWD_MW_2_5, i64 0, i64 %zext_ln73" [kyber-mult-kernel-dataflow.cpp:82]   --->   Operation 34 'getelementptr' 'p_ZL6FWD_MW_2_5_addr' <Predicate = (!tmp_18)> <Delay = 0.00>
ST_1 : Operation 35 [2/2] (0.67ns)   --->   "%mw_16 = load i5 %p_ZL6FWD_MW_2_5_addr" [kyber-mult-kernel-dataflow.cpp:82]   --->   Operation 35 'load' 'mw_16' <Predicate = (!tmp_18)> <Delay = 0.67> <CoreInst = "ROM">   --->   Core 101 'ROM' <Latency = 1> <II = 1> <Delay = 0.67> <Storage> <Opcode : 'load'> <Ports = 0> <Width = 16> <Depth = 32> <ROM>
ST_1 : Operation 36 [1/1] (0.00ns)   --->   "%sA_6_addr = getelementptr i12 %sA_6, i64 0, i64 %zext_ln82" [kyber-mult-kernel-dataflow.cpp:83]   --->   Operation 36 'getelementptr' 'sA_6_addr' <Predicate = (!tmp_18)> <Delay = 0.00>
ST_1 : Operation 37 [1/1] (0.00ns)   --->   "%sB_6_addr = getelementptr i12 %sB_6, i64 0, i64 %zext_ln82" [kyber-mult-kernel-dataflow.cpp:85]   --->   Operation 37 'getelementptr' 'sB_6_addr' <Predicate = (!tmp_18)> <Delay = 0.00>
ST_1 : Operation 38 [1/1] (0.00ns)   --->   "%p_ZL5FWD_W_3_5_addr = getelementptr i12 %p_ZL5FWD_W_3_5, i64 0, i64 %zext_ln73" [kyber-mult-kernel-dataflow.cpp:82]   --->   Operation 38 'getelementptr' 'p_ZL5FWD_W_3_5_addr' <Predicate = (!tmp_18)> <Delay = 0.00>
ST_1 : Operation 39 [2/2] (0.67ns)   --->   "%w_25 = load i5 %p_ZL5FWD_W_3_5_addr" [kyber-mult-kernel-dataflow.cpp:82]   --->   Operation 39 'load' 'w_25' <Predicate = (!tmp_18)> <Delay = 0.67> <CoreInst = "ROM">   --->   Core 101 'ROM' <Latency = 1> <II = 1> <Delay = 0.67> <Storage> <Opcode : 'load'> <Ports = 0> <Width = 12> <Depth = 32> <ROM>
ST_1 : Operation 40 [1/1] (0.00ns)   --->   "%p_ZL6FWD_MW_3_5_addr = getelementptr i16 %p_ZL6FWD_MW_3_5, i64 0, i64 %zext_ln73" [kyber-mult-kernel-dataflow.cpp:82]   --->   Operation 40 'getelementptr' 'p_ZL6FWD_MW_3_5_addr' <Predicate = (!tmp_18)> <Delay = 0.00>
ST_1 : Operation 41 [2/2] (0.67ns)   --->   "%mw_17 = load i5 %p_ZL6FWD_MW_3_5_addr" [kyber-mult-kernel-dataflow.cpp:82]   --->   Operation 41 'load' 'mw_17' <Predicate = (!tmp_18)> <Delay = 0.67> <CoreInst = "ROM">   --->   Core 101 'ROM' <Latency = 1> <II = 1> <Delay = 0.67> <Storage> <Opcode : 'load'> <Ports = 0> <Width = 16> <Depth = 32> <ROM>
ST_1 : Operation 42 [1/1] (0.00ns)   --->   "%sA_7_addr = getelementptr i12 %sA_7, i64 0, i64 %zext_ln82" [kyber-mult-kernel-dataflow.cpp:83]   --->   Operation 42 'getelementptr' 'sA_7_addr' <Predicate = (!tmp_18)> <Delay = 0.00>
ST_1 : Operation 43 [1/1] (0.00ns)   --->   "%sB_7_addr = getelementptr i12 %sB_7, i64 0, i64 %zext_ln82" [kyber-mult-kernel-dataflow.cpp:85]   --->   Operation 43 'getelementptr' 'sB_7_addr' <Predicate = (!tmp_18)> <Delay = 0.00>
ST_1 : Operation 44 [1/1] (0.00ns)   --->   "%or_ln80 = or i5 %lshr_ln, i5 1" [kyber-mult-kernel-dataflow.cpp:80]   --->   Operation 44 'or' 'or_ln80' <Predicate = (!tmp_18)> <Delay = 0.00>
ST_1 : Operation 45 [1/1] (0.00ns)   --->   "%zext_ln81 = zext i5 %or_ln80" [kyber-mult-kernel-dataflow.cpp:81]   --->   Operation 45 'zext' 'zext_ln81' <Predicate = (!tmp_18)> <Delay = 0.00>
ST_1 : Operation 46 [1/1] (0.00ns)   --->   "%p_ZL5FWD_W_0_5_addr_1 = getelementptr i12 %p_ZL5FWD_W_0_5, i64 0, i64 %zext_ln81" [kyber-mult-kernel-dataflow.cpp:82]   --->   Operation 46 'getelementptr' 'p_ZL5FWD_W_0_5_addr_1' <Predicate = (!tmp_18)> <Delay = 0.00>
ST_1 : Operation 47 [2/2] (0.67ns)   --->   "%w_26 = load i5 %p_ZL5FWD_W_0_5_addr_1" [kyber-mult-kernel-dataflow.cpp:82]   --->   Operation 47 'load' 'w_26' <Predicate = (!tmp_18)> <Delay = 0.67> <CoreInst = "ROM">   --->   Core 101 'ROM' <Latency = 1> <II = 1> <Delay = 0.67> <Storage> <Opcode : 'load'> <Ports = 0> <Width = 12> <Depth = 32> <ROM>
ST_1 : Operation 48 [1/1] (0.00ns)   --->   "%p_ZL6FWD_MW_0_5_addr_1 = getelementptr i16 %p_ZL6FWD_MW_0_5, i64 0, i64 %zext_ln81" [kyber-mult-kernel-dataflow.cpp:82]   --->   Operation 48 'getelementptr' 'p_ZL6FWD_MW_0_5_addr_1' <Predicate = (!tmp_18)> <Delay = 0.00>
ST_1 : Operation 49 [2/2] (0.67ns)   --->   "%mw_18 = load i5 %p_ZL6FWD_MW_0_5_addr_1" [kyber-mult-kernel-dataflow.cpp:82]   --->   Operation 49 'load' 'mw_18' <Predicate = (!tmp_18)> <Delay = 0.67> <CoreInst = "ROM">   --->   Core 101 'ROM' <Latency = 1> <II = 1> <Delay = 0.67> <Storage> <Opcode : 'load'> <Ports = 0> <Width = 16> <Depth = 32> <ROM>
ST_1 : Operation 50 [1/1] (0.00ns)   --->   "%sA_12_addr = getelementptr i12 %sA_12, i64 0, i64 %zext_ln82" [kyber-mult-kernel-dataflow.cpp:83]   --->   Operation 50 'getelementptr' 'sA_12_addr' <Predicate = (!tmp_18)> <Delay = 0.00>
ST_1 : Operation 51 [1/1] (0.00ns)   --->   "%sB_12_addr = getelementptr i12 %sB_12, i64 0, i64 %zext_ln82" [kyber-mult-kernel-dataflow.cpp:85]   --->   Operation 51 'getelementptr' 'sB_12_addr' <Predicate = (!tmp_18)> <Delay = 0.00>
ST_1 : Operation 52 [1/1] (0.00ns)   --->   "%p_ZL5FWD_W_1_5_addr_1 = getelementptr i12 %p_ZL5FWD_W_1_5, i64 0, i64 %zext_ln81" [kyber-mult-kernel-dataflow.cpp:82]   --->   Operation 52 'getelementptr' 'p_ZL5FWD_W_1_5_addr_1' <Predicate = (!tmp_18)> <Delay = 0.00>
ST_1 : Operation 53 [2/2] (0.67ns)   --->   "%w_27 = load i5 %p_ZL5FWD_W_1_5_addr_1" [kyber-mult-kernel-dataflow.cpp:82]   --->   Operation 53 'load' 'w_27' <Predicate = (!tmp_18)> <Delay = 0.67> <CoreInst = "ROM">   --->   Core 101 'ROM' <Latency = 1> <II = 1> <Delay = 0.67> <Storage> <Opcode : 'load'> <Ports = 0> <Width = 12> <Depth = 32> <ROM>
ST_1 : Operation 54 [1/1] (0.00ns)   --->   "%p_ZL6FWD_MW_1_5_addr_1 = getelementptr i16 %p_ZL6FWD_MW_1_5, i64 0, i64 %zext_ln81" [kyber-mult-kernel-dataflow.cpp:82]   --->   Operation 54 'getelementptr' 'p_ZL6FWD_MW_1_5_addr_1' <Predicate = (!tmp_18)> <Delay = 0.00>
ST_1 : Operation 55 [2/2] (0.67ns)   --->   "%mw_19 = load i5 %p_ZL6FWD_MW_1_5_addr_1" [kyber-mult-kernel-dataflow.cpp:82]   --->   Operation 55 'load' 'mw_19' <Predicate = (!tmp_18)> <Delay = 0.67> <CoreInst = "ROM">   --->   Core 101 'ROM' <Latency = 1> <II = 1> <Delay = 0.67> <Storage> <Opcode : 'load'> <Ports = 0> <Width = 16> <Depth = 32> <ROM>
ST_1 : Operation 56 [1/1] (0.00ns)   --->   "%sA_13_addr = getelementptr i12 %sA_13, i64 0, i64 %zext_ln82" [kyber-mult-kernel-dataflow.cpp:83]   --->   Operation 56 'getelementptr' 'sA_13_addr' <Predicate = (!tmp_18)> <Delay = 0.00>
ST_1 : Operation 57 [1/1] (0.00ns)   --->   "%sB_13_addr = getelementptr i12 %sB_13, i64 0, i64 %zext_ln82" [kyber-mult-kernel-dataflow.cpp:85]   --->   Operation 57 'getelementptr' 'sB_13_addr' <Predicate = (!tmp_18)> <Delay = 0.00>
ST_1 : Operation 58 [1/1] (0.00ns)   --->   "%p_ZL5FWD_W_2_5_addr_1 = getelementptr i12 %p_ZL5FWD_W_2_5, i64 0, i64 %zext_ln81" [kyber-mult-kernel-dataflow.cpp:82]   --->   Operation 58 'getelementptr' 'p_ZL5FWD_W_2_5_addr_1' <Predicate = (!tmp_18)> <Delay = 0.00>
ST_1 : Operation 59 [2/2] (0.67ns)   --->   "%w_28 = load i5 %p_ZL5FWD_W_2_5_addr_1" [kyber-mult-kernel-dataflow.cpp:82]   --->   Operation 59 'load' 'w_28' <Predicate = (!tmp_18)> <Delay = 0.67> <CoreInst = "ROM">   --->   Core 101 'ROM' <Latency = 1> <II = 1> <Delay = 0.67> <Storage> <Opcode : 'load'> <Ports = 0> <Width = 12> <Depth = 32> <ROM>
ST_1 : Operation 60 [1/1] (0.00ns)   --->   "%p_ZL6FWD_MW_2_5_addr_1 = getelementptr i16 %p_ZL6FWD_MW_2_5, i64 0, i64 %zext_ln81" [kyber-mult-kernel-dataflow.cpp:82]   --->   Operation 60 'getelementptr' 'p_ZL6FWD_MW_2_5_addr_1' <Predicate = (!tmp_18)> <Delay = 0.00>
ST_1 : Operation 61 [2/2] (0.67ns)   --->   "%mw_20 = load i5 %p_ZL6FWD_MW_2_5_addr_1" [kyber-mult-kernel-dataflow.cpp:82]   --->   Operation 61 'load' 'mw_20' <Predicate = (!tmp_18)> <Delay = 0.67> <CoreInst = "ROM">   --->   Core 101 'ROM' <Latency = 1> <II = 1> <Delay = 0.67> <Storage> <Opcode : 'load'> <Ports = 0> <Width = 16> <Depth = 32> <ROM>
ST_1 : Operation 62 [1/1] (0.00ns)   --->   "%sA_14_addr = getelementptr i12 %sA_14, i64 0, i64 %zext_ln82" [kyber-mult-kernel-dataflow.cpp:83]   --->   Operation 62 'getelementptr' 'sA_14_addr' <Predicate = (!tmp_18)> <Delay = 0.00>
ST_1 : Operation 63 [1/1] (0.00ns)   --->   "%sB_14_addr = getelementptr i12 %sB_14, i64 0, i64 %zext_ln82" [kyber-mult-kernel-dataflow.cpp:85]   --->   Operation 63 'getelementptr' 'sB_14_addr' <Predicate = (!tmp_18)> <Delay = 0.00>
ST_1 : Operation 64 [1/1] (0.00ns)   --->   "%p_ZL5FWD_W_3_5_addr_1 = getelementptr i12 %p_ZL5FWD_W_3_5, i64 0, i64 %zext_ln81" [kyber-mult-kernel-dataflow.cpp:82]   --->   Operation 64 'getelementptr' 'p_ZL5FWD_W_3_5_addr_1' <Predicate = (!tmp_18)> <Delay = 0.00>
ST_1 : Operation 65 [2/2] (0.67ns)   --->   "%w_29 = load i5 %p_ZL5FWD_W_3_5_addr_1" [kyber-mult-kernel-dataflow.cpp:82]   --->   Operation 65 'load' 'w_29' <Predicate = (!tmp_18)> <Delay = 0.67> <CoreInst = "ROM">   --->   Core 101 'ROM' <Latency = 1> <II = 1> <Delay = 0.67> <Storage> <Opcode : 'load'> <Ports = 0> <Width = 12> <Depth = 32> <ROM>
ST_1 : Operation 66 [1/1] (0.00ns)   --->   "%p_ZL6FWD_MW_3_5_addr_1 = getelementptr i16 %p_ZL6FWD_MW_3_5, i64 0, i64 %zext_ln81" [kyber-mult-kernel-dataflow.cpp:82]   --->   Operation 66 'getelementptr' 'p_ZL6FWD_MW_3_5_addr_1' <Predicate = (!tmp_18)> <Delay = 0.00>
ST_1 : Operation 67 [2/2] (0.67ns)   --->   "%mw_21 = load i5 %p_ZL6FWD_MW_3_5_addr_1" [kyber-mult-kernel-dataflow.cpp:82]   --->   Operation 67 'load' 'mw_21' <Predicate = (!tmp_18)> <Delay = 0.67> <CoreInst = "ROM">   --->   Core 101 'ROM' <Latency = 1> <II = 1> <Delay = 0.67> <Storage> <Opcode : 'load'> <Ports = 0> <Width = 16> <Depth = 32> <ROM>
ST_1 : Operation 68 [1/1] (0.00ns)   --->   "%sA_15_addr = getelementptr i12 %sA_15, i64 0, i64 %zext_ln82" [kyber-mult-kernel-dataflow.cpp:83]   --->   Operation 68 'getelementptr' 'sA_15_addr' <Predicate = (!tmp_18)> <Delay = 0.00>
ST_1 : Operation 69 [2/2] (0.67ns)   --->   "%sA_5_load = load i4 %sA_5_addr" [kyber-mult-kernel-dataflow.cpp:83]   --->   Operation 69 'load' 'sA_5_load' <Predicate = (!tmp_18)> <Delay = 0.67> <CoreInst = "RAM">   --->   Core 83 'RAM' <Latency = 1> <II = 1> <Delay = 0.67> <Storage> <Opcode : 'load' 'store'> <Ports = 2> <Width = 12> <Depth = 16> <RAM>
ST_1 : Operation 70 [2/2] (0.67ns)   --->   "%sA_6_load = load i4 %sA_6_addr" [kyber-mult-kernel-dataflow.cpp:83]   --->   Operation 70 'load' 'sA_6_load' <Predicate = (!tmp_18)> <Delay = 0.67> <CoreInst = "RAM">   --->   Core 83 'RAM' <Latency = 1> <II = 1> <Delay = 0.67> <Storage> <Opcode : 'load' 'store'> <Ports = 2> <Width = 12> <Depth = 16> <RAM>
ST_1 : Operation 71 [2/2] (0.67ns)   --->   "%sA_7_load = load i4 %sA_7_addr" [kyber-mult-kernel-dataflow.cpp:83]   --->   Operation 71 'load' 'sA_7_load' <Predicate = (!tmp_18)> <Delay = 0.67> <CoreInst = "RAM">   --->   Core 83 'RAM' <Latency = 1> <II = 1> <Delay = 0.67> <Storage> <Opcode : 'load' 'store'> <Ports = 2> <Width = 12> <Depth = 16> <RAM>
ST_1 : Operation 72 [2/2] (0.67ns)   --->   "%sA_12_load = load i4 %sA_12_addr" [kyber-mult-kernel-dataflow.cpp:83]   --->   Operation 72 'load' 'sA_12_load' <Predicate = (!tmp_18)> <Delay = 0.67> <CoreInst = "RAM">   --->   Core 83 'RAM' <Latency = 1> <II = 1> <Delay = 0.67> <Storage> <Opcode : 'load' 'store'> <Ports = 2> <Width = 12> <Depth = 16> <RAM>
ST_1 : Operation 73 [2/2] (0.67ns)   --->   "%sA_13_load = load i4 %sA_13_addr" [kyber-mult-kernel-dataflow.cpp:83]   --->   Operation 73 'load' 'sA_13_load' <Predicate = (!tmp_18)> <Delay = 0.67> <CoreInst = "RAM">   --->   Core 83 'RAM' <Latency = 1> <II = 1> <Delay = 0.67> <Storage> <Opcode : 'load' 'store'> <Ports = 2> <Width = 12> <Depth = 16> <RAM>
ST_1 : Operation 74 [2/2] (0.67ns)   --->   "%sA_14_load = load i4 %sA_14_addr" [kyber-mult-kernel-dataflow.cpp:83]   --->   Operation 74 'load' 'sA_14_load' <Predicate = (!tmp_18)> <Delay = 0.67> <CoreInst = "RAM">   --->   Core 83 'RAM' <Latency = 1> <II = 1> <Delay = 0.67> <Storage> <Opcode : 'load' 'store'> <Ports = 2> <Width = 12> <Depth = 16> <RAM>
ST_1 : Operation 75 [2/2] (0.67ns)   --->   "%sA_15_load = load i4 %sA_15_addr" [kyber-mult-kernel-dataflow.cpp:83]   --->   Operation 75 'load' 'sA_15_load' <Predicate = (!tmp_18)> <Delay = 0.67> <CoreInst = "RAM">   --->   Core 83 'RAM' <Latency = 1> <II = 1> <Delay = 0.67> <Storage> <Opcode : 'load' 'store'> <Ports = 2> <Width = 12> <Depth = 16> <RAM>
ST_1 : Operation 76 [1/1] (0.00ns)   --->   "%sB_15_addr = getelementptr i12 %sB_15, i64 0, i64 %zext_ln82" [kyber-mult-kernel-dataflow.cpp:85]   --->   Operation 76 'getelementptr' 'sB_15_addr' <Predicate = (!tmp_18)> <Delay = 0.00>
ST_1 : Operation 77 [2/2] (0.67ns)   --->   "%sB_4_load = load i4 %sB_4_addr" [kyber-mult-kernel-dataflow.cpp:85]   --->   Operation 77 'load' 'sB_4_load' <Predicate = (!tmp_18)> <Delay = 0.67> <CoreInst = "RAM">   --->   Core 83 'RAM' <Latency = 1> <II = 1> <Delay = 0.67> <Storage> <Opcode : 'load' 'store'> <Ports = 2> <Width = 12> <Depth = 16> <RAM>
ST_1 : Operation 78 [2/2] (0.67ns)   --->   "%sB_5_load = load i4 %sB_5_addr" [kyber-mult-kernel-dataflow.cpp:85]   --->   Operation 78 'load' 'sB_5_load' <Predicate = (!tmp_18)> <Delay = 0.67> <CoreInst = "RAM">   --->   Core 83 'RAM' <Latency = 1> <II = 1> <Delay = 0.67> <Storage> <Opcode : 'load' 'store'> <Ports = 2> <Width = 12> <Depth = 16> <RAM>
ST_1 : Operation 79 [2/2] (0.67ns)   --->   "%sB_6_load = load i4 %sB_6_addr" [kyber-mult-kernel-dataflow.cpp:85]   --->   Operation 79 'load' 'sB_6_load' <Predicate = (!tmp_18)> <Delay = 0.67> <CoreInst = "RAM">   --->   Core 83 'RAM' <Latency = 1> <II = 1> <Delay = 0.67> <Storage> <Opcode : 'load' 'store'> <Ports = 2> <Width = 12> <Depth = 16> <RAM>
ST_1 : Operation 80 [2/2] (0.67ns)   --->   "%sB_7_load = load i4 %sB_7_addr" [kyber-mult-kernel-dataflow.cpp:85]   --->   Operation 80 'load' 'sB_7_load' <Predicate = (!tmp_18)> <Delay = 0.67> <CoreInst = "RAM">   --->   Core 83 'RAM' <Latency = 1> <II = 1> <Delay = 0.67> <Storage> <Opcode : 'load' 'store'> <Ports = 2> <Width = 12> <Depth = 16> <RAM>
ST_1 : Operation 81 [2/2] (0.67ns)   --->   "%sB_12_load = load i4 %sB_12_addr" [kyber-mult-kernel-dataflow.cpp:85]   --->   Operation 81 'load' 'sB_12_load' <Predicate = (!tmp_18)> <Delay = 0.67> <CoreInst = "RAM">   --->   Core 83 'RAM' <Latency = 1> <II = 1> <Delay = 0.67> <Storage> <Opcode : 'load' 'store'> <Ports = 2> <Width = 12> <Depth = 16> <RAM>
ST_1 : Operation 82 [2/2] (0.67ns)   --->   "%sB_13_load = load i4 %sB_13_addr" [kyber-mult-kernel-dataflow.cpp:85]   --->   Operation 82 'load' 'sB_13_load' <Predicate = (!tmp_18)> <Delay = 0.67> <CoreInst = "RAM">   --->   Core 83 'RAM' <Latency = 1> <II = 1> <Delay = 0.67> <Storage> <Opcode : 'load' 'store'> <Ports = 2> <Width = 12> <Depth = 16> <RAM>
ST_1 : Operation 83 [2/2] (0.67ns)   --->   "%sB_14_load = load i4 %sB_14_addr" [kyber-mult-kernel-dataflow.cpp:85]   --->   Operation 83 'load' 'sB_14_load' <Predicate = (!tmp_18)> <Delay = 0.67> <CoreInst = "RAM">   --->   Core 83 'RAM' <Latency = 1> <II = 1> <Delay = 0.67> <Storage> <Opcode : 'load' 'store'> <Ports = 2> <Width = 12> <Depth = 16> <RAM>
ST_1 : Operation 84 [2/2] (0.67ns)   --->   "%sB_15_load = load i4 %sB_15_addr" [kyber-mult-kernel-dataflow.cpp:85]   --->   Operation 84 'load' 'sB_15_load' <Predicate = (!tmp_18)> <Delay = 0.67> <CoreInst = "RAM">   --->   Core 83 'RAM' <Latency = 1> <II = 1> <Delay = 0.67> <Storage> <Opcode : 'load' 'store'> <Ports = 2> <Width = 12> <Depth = 16> <RAM>
ST_1 : Operation 85 [1/1] (0.76ns)   --->   "%add_ln73 = add i8 %m, i8 8" [kyber-mult-kernel-dataflow.cpp:73]   --->   Operation 85 'add' 'add_ln73' <Predicate = (!tmp_18)> <Delay = 0.76> <CoreInst = "Adder">   --->   Core 1 'Adder' <Latency = 0> <II = 1> <Delay = 0.76> <FuncUnit> <Opcode : 'add' 'sub'> <InPorts = 2> <OutPorts = 1>
ST_1 : Operation 86 [1/1] (0.42ns)   --->   "%store_ln77 = store i8 %add_ln73, i8 %idx" [kyber-mult-kernel-dataflow.cpp:77]   --->   Operation 86 'store' 'store_ln77' <Predicate = (!tmp_18)> <Delay = 0.42>

State 2 <SV = 1> <Delay = 2.03>
ST_2 : Operation 87 [1/2] (0.67ns)   --->   "%w = load i5 %p_ZL5FWD_W_0_5_addr" [kyber-mult-kernel-dataflow.cpp:82]   --->   Operation 87 'load' 'w' <Predicate = true> <Delay = 0.67> <CoreInst = "ROM">   --->   Core 101 'ROM' <Latency = 1> <II = 1> <Delay = 0.67> <Storage> <Opcode : 'load'> <Ports = 0> <Width = 12> <Depth = 32> <ROM>
ST_2 : Operation 88 [1/2] (0.67ns)   --->   "%mw = load i5 %p_ZL6FWD_MW_0_5_addr" [kyber-mult-kernel-dataflow.cpp:82]   --->   Operation 88 'load' 'mw' <Predicate = true> <Delay = 0.67> <CoreInst = "ROM">   --->   Core 101 'ROM' <Latency = 1> <II = 1> <Delay = 0.67> <Storage> <Opcode : 'load'> <Ports = 0> <Width = 16> <Depth = 32> <ROM>
ST_2 : Operation 89 [1/2] (0.67ns)   --->   "%sA_4_load = load i4 %sA_4_addr" [kyber-mult-kernel-dataflow.cpp:83]   --->   Operation 89 'load' 'sA_4_load' <Predicate = true> <Delay = 0.67> <CoreInst = "RAM">   --->   Core 83 'RAM' <Latency = 1> <II = 1> <Delay = 0.67> <Storage> <Opcode : 'load' 'store'> <Ports = 2> <Width = 12> <Depth = 16> <RAM>
ST_2 : Operation 90 [1/1] (0.00ns)   --->   "%zext_ln36 = zext i12 %sA_4_load" [kyber-mult-kernel-dataflow.cpp:36->kyber-mult-kernel-dataflow.cpp:83]   --->   Operation 90 'zext' 'zext_ln36' <Predicate = true> <Delay = 0.00>
ST_2 : Operation 91 [1/1] (0.00ns)   --->   "%zext_ln36_178 = zext i16 %mw" [kyber-mult-kernel-dataflow.cpp:36->kyber-mult-kernel-dataflow.cpp:83]   --->   Operation 91 'zext' 'zext_ln36_178' <Predicate = true> <Delay = 0.00>
ST_2 : Operation 92 [3/3] (1.35ns)   --->   "%xm = mul i28 %zext_ln36_178, i28 %zext_ln36" [kyber-mult-kernel-dataflow.cpp:36->kyber-mult-kernel-dataflow.cpp:83]   --->   Operation 92 'mul' 'xm' <Predicate = true> <Delay = 1.35> <CoreInst = "Mul_DSP">   --->   Core 5 'Mul_DSP' <Latency = 2> <II = 1> <Delay = 1.81> <FuncUnit> <Opcode : 'mul'> <InPorts = 2> <OutPorts = 1>
ST_2 : Operation 93 [1/2] (0.67ns)   --->   "%w_23 = load i5 %p_ZL5FWD_W_1_5_addr" [kyber-mult-kernel-dataflow.cpp:82]   --->   Operation 93 'load' 'w_23' <Predicate = true> <Delay = 0.67> <CoreInst = "ROM">   --->   Core 101 'ROM' <Latency = 1> <II = 1> <Delay = 0.67> <Storage> <Opcode : 'load'> <Ports = 0> <Width = 12> <Depth = 32> <ROM>
ST_2 : Operation 94 [1/2] (0.67ns)   --->   "%mw_15 = load i5 %p_ZL6FWD_MW_1_5_addr" [kyber-mult-kernel-dataflow.cpp:82]   --->   Operation 94 'load' 'mw_15' <Predicate = true> <Delay = 0.67> <CoreInst = "ROM">   --->   Core 101 'ROM' <Latency = 1> <II = 1> <Delay = 0.67> <Storage> <Opcode : 'load'> <Ports = 0> <Width = 16> <Depth = 32> <ROM>
ST_2 : Operation 95 [1/1] (0.00ns)   --->   "%zext_ln36_179 = zext i16 %mw_15" [kyber-mult-kernel-dataflow.cpp:36->kyber-mult-kernel-dataflow.cpp:83]   --->   Operation 95 'zext' 'zext_ln36_179' <Predicate = true> <Delay = 0.00>
ST_2 : Operation 96 [1/2] (0.67ns)   --->   "%w_24 = load i5 %p_ZL5FWD_W_2_5_addr" [kyber-mult-kernel-dataflow.cpp:82]   --->   Operation 96 'load' 'w_24' <Predicate = true> <Delay = 0.67> <CoreInst = "ROM">   --->   Core 101 'ROM' <Latency = 1> <II = 1> <Delay = 0.67> <Storage> <Opcode : 'load'> <Ports = 0> <Width = 12> <Depth = 32> <ROM>
ST_2 : Operation 97 [1/2] (0.67ns)   --->   "%mw_16 = load i5 %p_ZL6FWD_MW_2_5_addr" [kyber-mult-kernel-dataflow.cpp:82]   --->   Operation 97 'load' 'mw_16' <Predicate = true> <Delay = 0.67> <CoreInst = "ROM">   --->   Core 101 'ROM' <Latency = 1> <II = 1> <Delay = 0.67> <Storage> <Opcode : 'load'> <Ports = 0> <Width = 16> <Depth = 32> <ROM>
ST_2 : Operation 98 [1/1] (0.00ns)   --->   "%zext_ln36_180 = zext i16 %mw_16" [kyber-mult-kernel-dataflow.cpp:36->kyber-mult-kernel-dataflow.cpp:83]   --->   Operation 98 'zext' 'zext_ln36_180' <Predicate = true> <Delay = 0.00>
ST_2 : Operation 99 [1/2] (0.67ns)   --->   "%w_25 = load i5 %p_ZL5FWD_W_3_5_addr" [kyber-mult-kernel-dataflow.cpp:82]   --->   Operation 99 'load' 'w_25' <Predicate = true> <Delay = 0.67> <CoreInst = "ROM">   --->   Core 101 'ROM' <Latency = 1> <II = 1> <Delay = 0.67> <Storage> <Opcode : 'load'> <Ports = 0> <Width = 12> <Depth = 32> <ROM>
ST_2 : Operation 100 [1/2] (0.67ns)   --->   "%mw_17 = load i5 %p_ZL6FWD_MW_3_5_addr" [kyber-mult-kernel-dataflow.cpp:82]   --->   Operation 100 'load' 'mw_17' <Predicate = true> <Delay = 0.67> <CoreInst = "ROM">   --->   Core 101 'ROM' <Latency = 1> <II = 1> <Delay = 0.67> <Storage> <Opcode : 'load'> <Ports = 0> <Width = 16> <Depth = 32> <ROM>
ST_2 : Operation 101 [1/1] (0.00ns)   --->   "%zext_ln36_181 = zext i16 %mw_17" [kyber-mult-kernel-dataflow.cpp:36->kyber-mult-kernel-dataflow.cpp:83]   --->   Operation 101 'zext' 'zext_ln36_181' <Predicate = true> <Delay = 0.00>
ST_2 : Operation 102 [1/2] (0.67ns)   --->   "%w_26 = load i5 %p_ZL5FWD_W_0_5_addr_1" [kyber-mult-kernel-dataflow.cpp:82]   --->   Operation 102 'load' 'w_26' <Predicate = true> <Delay = 0.67> <CoreInst = "ROM">   --->   Core 101 'ROM' <Latency = 1> <II = 1> <Delay = 0.67> <Storage> <Opcode : 'load'> <Ports = 0> <Width = 12> <Depth = 32> <ROM>
ST_2 : Operation 103 [1/2] (0.67ns)   --->   "%mw_18 = load i5 %p_ZL6FWD_MW_0_5_addr_1" [kyber-mult-kernel-dataflow.cpp:82]   --->   Operation 103 'load' 'mw_18' <Predicate = true> <Delay = 0.67> <CoreInst = "ROM">   --->   Core 101 'ROM' <Latency = 1> <II = 1> <Delay = 0.67> <Storage> <Opcode : 'load'> <Ports = 0> <Width = 16> <Depth = 32> <ROM>
ST_2 : Operation 104 [1/1] (0.00ns)   --->   "%zext_ln36_182 = zext i16 %mw_18" [kyber-mult-kernel-dataflow.cpp:36->kyber-mult-kernel-dataflow.cpp:83]   --->   Operation 104 'zext' 'zext_ln36_182' <Predicate = true> <Delay = 0.00>
ST_2 : Operation 105 [1/2] (0.67ns)   --->   "%w_27 = load i5 %p_ZL5FWD_W_1_5_addr_1" [kyber-mult-kernel-dataflow.cpp:82]   --->   Operation 105 'load' 'w_27' <Predicate = true> <Delay = 0.67> <CoreInst = "ROM">   --->   Core 101 'ROM' <Latency = 1> <II = 1> <Delay = 0.67> <Storage> <Opcode : 'load'> <Ports = 0> <Width = 12> <Depth = 32> <ROM>
ST_2 : Operation 106 [1/2] (0.67ns)   --->   "%mw_19 = load i5 %p_ZL6FWD_MW_1_5_addr_1" [kyber-mult-kernel-dataflow.cpp:82]   --->   Operation 106 'load' 'mw_19' <Predicate = true> <Delay = 0.67> <CoreInst = "ROM">   --->   Core 101 'ROM' <Latency = 1> <II = 1> <Delay = 0.67> <Storage> <Opcode : 'load'> <Ports = 0> <Width = 16> <Depth = 32> <ROM>
ST_2 : Operation 107 [1/1] (0.00ns)   --->   "%zext_ln36_183 = zext i16 %mw_19" [kyber-mult-kernel-dataflow.cpp:36->kyber-mult-kernel-dataflow.cpp:83]   --->   Operation 107 'zext' 'zext_ln36_183' <Predicate = true> <Delay = 0.00>
ST_2 : Operation 108 [1/2] (0.67ns)   --->   "%w_28 = load i5 %p_ZL5FWD_W_2_5_addr_1" [kyber-mult-kernel-dataflow.cpp:82]   --->   Operation 108 'load' 'w_28' <Predicate = true> <Delay = 0.67> <CoreInst = "ROM">   --->   Core 101 'ROM' <Latency = 1> <II = 1> <Delay = 0.67> <Storage> <Opcode : 'load'> <Ports = 0> <Width = 12> <Depth = 32> <ROM>
ST_2 : Operation 109 [1/2] (0.67ns)   --->   "%mw_20 = load i5 %p_ZL6FWD_MW_2_5_addr_1" [kyber-mult-kernel-dataflow.cpp:82]   --->   Operation 109 'load' 'mw_20' <Predicate = true> <Delay = 0.67> <CoreInst = "ROM">   --->   Core 101 'ROM' <Latency = 1> <II = 1> <Delay = 0.67> <Storage> <Opcode : 'load'> <Ports = 0> <Width = 16> <Depth = 32> <ROM>
ST_2 : Operation 110 [1/1] (0.00ns)   --->   "%zext_ln36_184 = zext i16 %mw_20" [kyber-mult-kernel-dataflow.cpp:36->kyber-mult-kernel-dataflow.cpp:83]   --->   Operation 110 'zext' 'zext_ln36_184' <Predicate = true> <Delay = 0.00>
ST_2 : Operation 111 [1/2] (0.67ns)   --->   "%w_29 = load i5 %p_ZL5FWD_W_3_5_addr_1" [kyber-mult-kernel-dataflow.cpp:82]   --->   Operation 111 'load' 'w_29' <Predicate = true> <Delay = 0.67> <CoreInst = "ROM">   --->   Core 101 'ROM' <Latency = 1> <II = 1> <Delay = 0.67> <Storage> <Opcode : 'load'> <Ports = 0> <Width = 12> <Depth = 32> <ROM>
ST_2 : Operation 112 [1/2] (0.67ns)   --->   "%mw_21 = load i5 %p_ZL6FWD_MW_3_5_addr_1" [kyber-mult-kernel-dataflow.cpp:82]   --->   Operation 112 'load' 'mw_21' <Predicate = true> <Delay = 0.67> <CoreInst = "ROM">   --->   Core 101 'ROM' <Latency = 1> <II = 1> <Delay = 0.67> <Storage> <Opcode : 'load'> <Ports = 0> <Width = 16> <Depth = 32> <ROM>
ST_2 : Operation 113 [1/2] (0.67ns)   --->   "%sA_5_load = load i4 %sA_5_addr" [kyber-mult-kernel-dataflow.cpp:83]   --->   Operation 113 'load' 'sA_5_load' <Predicate = true> <Delay = 0.67> <CoreInst = "RAM">   --->   Core 83 'RAM' <Latency = 1> <II = 1> <Delay = 0.67> <Storage> <Opcode : 'load' 'store'> <Ports = 2> <Width = 12> <Depth = 16> <RAM>
ST_2 : Operation 114 [1/1] (0.00ns)   --->   "%zext_ln36_186 = zext i12 %sA_5_load" [kyber-mult-kernel-dataflow.cpp:36->kyber-mult-kernel-dataflow.cpp:83]   --->   Operation 114 'zext' 'zext_ln36_186' <Predicate = true> <Delay = 0.00>
ST_2 : Operation 115 [3/3] (1.35ns)   --->   "%xm_164 = mul i28 %zext_ln36_179, i28 %zext_ln36_186" [kyber-mult-kernel-dataflow.cpp:36->kyber-mult-kernel-dataflow.cpp:83]   --->   Operation 115 'mul' 'xm_164' <Predicate = true> <Delay = 1.35> <CoreInst = "Mul_DSP">   --->   Core 5 'Mul_DSP' <Latency = 2> <II = 1> <Delay = 1.81> <FuncUnit> <Opcode : 'mul'> <InPorts = 2> <OutPorts = 1>
ST_2 : Operation 116 [1/2] (0.67ns)   --->   "%sA_6_load = load i4 %sA_6_addr" [kyber-mult-kernel-dataflow.cpp:83]   --->   Operation 116 'load' 'sA_6_load' <Predicate = true> <Delay = 0.67> <CoreInst = "RAM">   --->   Core 83 'RAM' <Latency = 1> <II = 1> <Delay = 0.67> <Storage> <Opcode : 'load' 'store'> <Ports = 2> <Width = 12> <Depth = 16> <RAM>
ST_2 : Operation 117 [1/1] (0.00ns)   --->   "%zext_ln36_188 = zext i12 %sA_6_load" [kyber-mult-kernel-dataflow.cpp:36->kyber-mult-kernel-dataflow.cpp:83]   --->   Operation 117 'zext' 'zext_ln36_188' <Predicate = true> <Delay = 0.00>
ST_2 : Operation 118 [3/3] (1.35ns)   --->   "%xm_166 = mul i28 %zext_ln36_180, i28 %zext_ln36_188" [kyber-mult-kernel-dataflow.cpp:36->kyber-mult-kernel-dataflow.cpp:83]   --->   Operation 118 'mul' 'xm_166' <Predicate = true> <Delay = 1.35> <CoreInst = "Mul_DSP">   --->   Core 5 'Mul_DSP' <Latency = 2> <II = 1> <Delay = 1.81> <FuncUnit> <Opcode : 'mul'> <InPorts = 2> <OutPorts = 1>
ST_2 : Operation 119 [1/2] (0.67ns)   --->   "%sA_7_load = load i4 %sA_7_addr" [kyber-mult-kernel-dataflow.cpp:83]   --->   Operation 119 'load' 'sA_7_load' <Predicate = true> <Delay = 0.67> <CoreInst = "RAM">   --->   Core 83 'RAM' <Latency = 1> <II = 1> <Delay = 0.67> <Storage> <Opcode : 'load' 'store'> <Ports = 2> <Width = 12> <Depth = 16> <RAM>
ST_2 : Operation 120 [1/1] (0.00ns)   --->   "%zext_ln36_190 = zext i12 %sA_7_load" [kyber-mult-kernel-dataflow.cpp:36->kyber-mult-kernel-dataflow.cpp:83]   --->   Operation 120 'zext' 'zext_ln36_190' <Predicate = true> <Delay = 0.00>
ST_2 : Operation 121 [3/3] (1.35ns)   --->   "%xm_168 = mul i28 %zext_ln36_181, i28 %zext_ln36_190" [kyber-mult-kernel-dataflow.cpp:36->kyber-mult-kernel-dataflow.cpp:83]   --->   Operation 121 'mul' 'xm_168' <Predicate = true> <Delay = 1.35> <CoreInst = "Mul_DSP">   --->   Core 5 'Mul_DSP' <Latency = 2> <II = 1> <Delay = 1.81> <FuncUnit> <Opcode : 'mul'> <InPorts = 2> <OutPorts = 1>
ST_2 : Operation 122 [1/2] (0.67ns)   --->   "%sA_12_load = load i4 %sA_12_addr" [kyber-mult-kernel-dataflow.cpp:83]   --->   Operation 122 'load' 'sA_12_load' <Predicate = true> <Delay = 0.67> <CoreInst = "RAM">   --->   Core 83 'RAM' <Latency = 1> <II = 1> <Delay = 0.67> <Storage> <Opcode : 'load' 'store'> <Ports = 2> <Width = 12> <Depth = 16> <RAM>
ST_2 : Operation 123 [1/1] (0.00ns)   --->   "%zext_ln36_192 = zext i12 %sA_12_load" [kyber-mult-kernel-dataflow.cpp:36->kyber-mult-kernel-dataflow.cpp:83]   --->   Operation 123 'zext' 'zext_ln36_192' <Predicate = true> <Delay = 0.00>
ST_2 : Operation 124 [3/3] (1.35ns)   --->   "%xm_170 = mul i28 %zext_ln36_182, i28 %zext_ln36_192" [kyber-mult-kernel-dataflow.cpp:36->kyber-mult-kernel-dataflow.cpp:83]   --->   Operation 124 'mul' 'xm_170' <Predicate = true> <Delay = 1.35> <CoreInst = "Mul_DSP">   --->   Core 5 'Mul_DSP' <Latency = 2> <II = 1> <Delay = 1.81> <FuncUnit> <Opcode : 'mul'> <InPorts = 2> <OutPorts = 1>
ST_2 : Operation 125 [1/2] (0.67ns)   --->   "%sA_13_load = load i4 %sA_13_addr" [kyber-mult-kernel-dataflow.cpp:83]   --->   Operation 125 'load' 'sA_13_load' <Predicate = true> <Delay = 0.67> <CoreInst = "RAM">   --->   Core 83 'RAM' <Latency = 1> <II = 1> <Delay = 0.67> <Storage> <Opcode : 'load' 'store'> <Ports = 2> <Width = 12> <Depth = 16> <RAM>
ST_2 : Operation 126 [1/1] (0.00ns)   --->   "%zext_ln36_194 = zext i12 %sA_13_load" [kyber-mult-kernel-dataflow.cpp:36->kyber-mult-kernel-dataflow.cpp:83]   --->   Operation 126 'zext' 'zext_ln36_194' <Predicate = true> <Delay = 0.00>
ST_2 : Operation 127 [3/3] (1.35ns)   --->   "%xm_172 = mul i28 %zext_ln36_183, i28 %zext_ln36_194" [kyber-mult-kernel-dataflow.cpp:36->kyber-mult-kernel-dataflow.cpp:83]   --->   Operation 127 'mul' 'xm_172' <Predicate = true> <Delay = 1.35> <CoreInst = "Mul_DSP">   --->   Core 5 'Mul_DSP' <Latency = 2> <II = 1> <Delay = 1.81> <FuncUnit> <Opcode : 'mul'> <InPorts = 2> <OutPorts = 1>
ST_2 : Operation 128 [1/2] (0.67ns)   --->   "%sA_14_load = load i4 %sA_14_addr" [kyber-mult-kernel-dataflow.cpp:83]   --->   Operation 128 'load' 'sA_14_load' <Predicate = true> <Delay = 0.67> <CoreInst = "RAM">   --->   Core 83 'RAM' <Latency = 1> <II = 1> <Delay = 0.67> <Storage> <Opcode : 'load' 'store'> <Ports = 2> <Width = 12> <Depth = 16> <RAM>
ST_2 : Operation 129 [1/1] (0.00ns)   --->   "%zext_ln36_196 = zext i12 %sA_14_load" [kyber-mult-kernel-dataflow.cpp:36->kyber-mult-kernel-dataflow.cpp:83]   --->   Operation 129 'zext' 'zext_ln36_196' <Predicate = true> <Delay = 0.00>
ST_2 : Operation 130 [3/3] (1.35ns)   --->   "%xm_174 = mul i28 %zext_ln36_184, i28 %zext_ln36_196" [kyber-mult-kernel-dataflow.cpp:36->kyber-mult-kernel-dataflow.cpp:83]   --->   Operation 130 'mul' 'xm_174' <Predicate = true> <Delay = 1.35> <CoreInst = "Mul_DSP">   --->   Core 5 'Mul_DSP' <Latency = 2> <II = 1> <Delay = 1.81> <FuncUnit> <Opcode : 'mul'> <InPorts = 2> <OutPorts = 1>
ST_2 : Operation 131 [1/2] (0.67ns)   --->   "%sA_15_load = load i4 %sA_15_addr" [kyber-mult-kernel-dataflow.cpp:83]   --->   Operation 131 'load' 'sA_15_load' <Predicate = true> <Delay = 0.67> <CoreInst = "RAM">   --->   Core 83 'RAM' <Latency = 1> <II = 1> <Delay = 0.67> <Storage> <Opcode : 'load' 'store'> <Ports = 2> <Width = 12> <Depth = 16> <RAM>
ST_2 : Operation 132 [1/1] (0.00ns)   --->   "%zext_ln36_197 = zext i12 %sA_15_load" [kyber-mult-kernel-dataflow.cpp:36->kyber-mult-kernel-dataflow.cpp:83]   --->   Operation 132 'zext' 'zext_ln36_197' <Predicate = true> <Delay = 0.00>
ST_2 : Operation 133 [1/1] (0.00ns)   --->   "%zext_ln36_198 = zext i16 %mw_21" [kyber-mult-kernel-dataflow.cpp:36->kyber-mult-kernel-dataflow.cpp:83]   --->   Operation 133 'zext' 'zext_ln36_198' <Predicate = true> <Delay = 0.00>
ST_2 : Operation 134 [3/3] (1.35ns)   --->   "%xm_161 = mul i28 %zext_ln36_198, i28 %zext_ln36_197" [kyber-mult-kernel-dataflow.cpp:36->kyber-mult-kernel-dataflow.cpp:83]   --->   Operation 134 'mul' 'xm_161' <Predicate = true> <Delay = 1.35> <CoreInst = "Mul_DSP">   --->   Core 5 'Mul_DSP' <Latency = 2> <II = 1> <Delay = 1.81> <FuncUnit> <Opcode : 'mul'> <InPorts = 2> <OutPorts = 1>
ST_2 : Operation 135 [1/2] (0.67ns)   --->   "%sB_4_load = load i4 %sB_4_addr" [kyber-mult-kernel-dataflow.cpp:85]   --->   Operation 135 'load' 'sB_4_load' <Predicate = true> <Delay = 0.67> <CoreInst = "RAM">   --->   Core 83 'RAM' <Latency = 1> <II = 1> <Delay = 0.67> <Storage> <Opcode : 'load' 'store'> <Ports = 2> <Width = 12> <Depth = 16> <RAM>
ST_2 : Operation 136 [1/1] (0.00ns)   --->   "%zext_ln36_200 = zext i12 %sB_4_load" [kyber-mult-kernel-dataflow.cpp:36->kyber-mult-kernel-dataflow.cpp:85]   --->   Operation 136 'zext' 'zext_ln36_200' <Predicate = true> <Delay = 0.00>
ST_2 : Operation 137 [3/3] (1.35ns)   --->   "%xm_163 = mul i28 %zext_ln36_178, i28 %zext_ln36_200" [kyber-mult-kernel-dataflow.cpp:36->kyber-mult-kernel-dataflow.cpp:85]   --->   Operation 137 'mul' 'xm_163' <Predicate = true> <Delay = 1.35> <CoreInst = "Mul_DSP">   --->   Core 5 'Mul_DSP' <Latency = 2> <II = 1> <Delay = 1.81> <FuncUnit> <Opcode : 'mul'> <InPorts = 2> <OutPorts = 1>
ST_2 : Operation 138 [1/2] (0.67ns)   --->   "%sB_5_load = load i4 %sB_5_addr" [kyber-mult-kernel-dataflow.cpp:85]   --->   Operation 138 'load' 'sB_5_load' <Predicate = true> <Delay = 0.67> <CoreInst = "RAM">   --->   Core 83 'RAM' <Latency = 1> <II = 1> <Delay = 0.67> <Storage> <Opcode : 'load' 'store'> <Ports = 2> <Width = 12> <Depth = 16> <RAM>
ST_2 : Operation 139 [1/1] (0.00ns)   --->   "%zext_ln36_202 = zext i12 %sB_5_load" [kyber-mult-kernel-dataflow.cpp:36->kyber-mult-kernel-dataflow.cpp:85]   --->   Operation 139 'zext' 'zext_ln36_202' <Predicate = true> <Delay = 0.00>
ST_2 : Operation 140 [3/3] (1.35ns)   --->   "%xm_165 = mul i28 %zext_ln36_179, i28 %zext_ln36_202" [kyber-mult-kernel-dataflow.cpp:36->kyber-mult-kernel-dataflow.cpp:85]   --->   Operation 140 'mul' 'xm_165' <Predicate = true> <Delay = 1.35> <CoreInst = "Mul_DSP">   --->   Core 5 'Mul_DSP' <Latency = 2> <II = 1> <Delay = 1.81> <FuncUnit> <Opcode : 'mul'> <InPorts = 2> <OutPorts = 1>
ST_2 : Operation 141 [1/2] (0.67ns)   --->   "%sB_6_load = load i4 %sB_6_addr" [kyber-mult-kernel-dataflow.cpp:85]   --->   Operation 141 'load' 'sB_6_load' <Predicate = true> <Delay = 0.67> <CoreInst = "RAM">   --->   Core 83 'RAM' <Latency = 1> <II = 1> <Delay = 0.67> <Storage> <Opcode : 'load' 'store'> <Ports = 2> <Width = 12> <Depth = 16> <RAM>
ST_2 : Operation 142 [1/1] (0.00ns)   --->   "%zext_ln36_204 = zext i12 %sB_6_load" [kyber-mult-kernel-dataflow.cpp:36->kyber-mult-kernel-dataflow.cpp:85]   --->   Operation 142 'zext' 'zext_ln36_204' <Predicate = true> <Delay = 0.00>
ST_2 : Operation 143 [3/3] (1.35ns)   --->   "%xm_167 = mul i28 %zext_ln36_180, i28 %zext_ln36_204" [kyber-mult-kernel-dataflow.cpp:36->kyber-mult-kernel-dataflow.cpp:85]   --->   Operation 143 'mul' 'xm_167' <Predicate = true> <Delay = 1.35> <CoreInst = "Mul_DSP">   --->   Core 5 'Mul_DSP' <Latency = 2> <II = 1> <Delay = 1.81> <FuncUnit> <Opcode : 'mul'> <InPorts = 2> <OutPorts = 1>
ST_2 : Operation 144 [1/2] (0.67ns)   --->   "%sB_7_load = load i4 %sB_7_addr" [kyber-mult-kernel-dataflow.cpp:85]   --->   Operation 144 'load' 'sB_7_load' <Predicate = true> <Delay = 0.67> <CoreInst = "RAM">   --->   Core 83 'RAM' <Latency = 1> <II = 1> <Delay = 0.67> <Storage> <Opcode : 'load' 'store'> <Ports = 2> <Width = 12> <Depth = 16> <RAM>
ST_2 : Operation 145 [1/1] (0.00ns)   --->   "%zext_ln36_206 = zext i12 %sB_7_load" [kyber-mult-kernel-dataflow.cpp:36->kyber-mult-kernel-dataflow.cpp:85]   --->   Operation 145 'zext' 'zext_ln36_206' <Predicate = true> <Delay = 0.00>
ST_2 : Operation 146 [3/3] (1.35ns)   --->   "%xm_169 = mul i28 %zext_ln36_181, i28 %zext_ln36_206" [kyber-mult-kernel-dataflow.cpp:36->kyber-mult-kernel-dataflow.cpp:85]   --->   Operation 146 'mul' 'xm_169' <Predicate = true> <Delay = 1.35> <CoreInst = "Mul_DSP">   --->   Core 5 'Mul_DSP' <Latency = 2> <II = 1> <Delay = 1.81> <FuncUnit> <Opcode : 'mul'> <InPorts = 2> <OutPorts = 1>
ST_2 : Operation 147 [1/2] (0.67ns)   --->   "%sB_12_load = load i4 %sB_12_addr" [kyber-mult-kernel-dataflow.cpp:85]   --->   Operation 147 'load' 'sB_12_load' <Predicate = true> <Delay = 0.67> <CoreInst = "RAM">   --->   Core 83 'RAM' <Latency = 1> <II = 1> <Delay = 0.67> <Storage> <Opcode : 'load' 'store'> <Ports = 2> <Width = 12> <Depth = 16> <RAM>
ST_2 : Operation 148 [1/1] (0.00ns)   --->   "%zext_ln36_208 = zext i12 %sB_12_load" [kyber-mult-kernel-dataflow.cpp:36->kyber-mult-kernel-dataflow.cpp:85]   --->   Operation 148 'zext' 'zext_ln36_208' <Predicate = true> <Delay = 0.00>
ST_2 : Operation 149 [3/3] (1.35ns)   --->   "%xm_171 = mul i28 %zext_ln36_182, i28 %zext_ln36_208" [kyber-mult-kernel-dataflow.cpp:36->kyber-mult-kernel-dataflow.cpp:85]   --->   Operation 149 'mul' 'xm_171' <Predicate = true> <Delay = 1.35> <CoreInst = "Mul_DSP">   --->   Core 5 'Mul_DSP' <Latency = 2> <II = 1> <Delay = 1.81> <FuncUnit> <Opcode : 'mul'> <InPorts = 2> <OutPorts = 1>
ST_2 : Operation 150 [1/2] (0.67ns)   --->   "%sB_13_load = load i4 %sB_13_addr" [kyber-mult-kernel-dataflow.cpp:85]   --->   Operation 150 'load' 'sB_13_load' <Predicate = true> <Delay = 0.67> <CoreInst = "RAM">   --->   Core 83 'RAM' <Latency = 1> <II = 1> <Delay = 0.67> <Storage> <Opcode : 'load' 'store'> <Ports = 2> <Width = 12> <Depth = 16> <RAM>
ST_2 : Operation 151 [1/1] (0.00ns)   --->   "%zext_ln36_210 = zext i12 %sB_13_load" [kyber-mult-kernel-dataflow.cpp:36->kyber-mult-kernel-dataflow.cpp:85]   --->   Operation 151 'zext' 'zext_ln36_210' <Predicate = true> <Delay = 0.00>
ST_2 : Operation 152 [3/3] (1.35ns)   --->   "%xm_173 = mul i28 %zext_ln36_183, i28 %zext_ln36_210" [kyber-mult-kernel-dataflow.cpp:36->kyber-mult-kernel-dataflow.cpp:85]   --->   Operation 152 'mul' 'xm_173' <Predicate = true> <Delay = 1.35> <CoreInst = "Mul_DSP">   --->   Core 5 'Mul_DSP' <Latency = 2> <II = 1> <Delay = 1.81> <FuncUnit> <Opcode : 'mul'> <InPorts = 2> <OutPorts = 1>
ST_2 : Operation 153 [1/2] (0.67ns)   --->   "%sB_14_load = load i4 %sB_14_addr" [kyber-mult-kernel-dataflow.cpp:85]   --->   Operation 153 'load' 'sB_14_load' <Predicate = true> <Delay = 0.67> <CoreInst = "RAM">   --->   Core 83 'RAM' <Latency = 1> <II = 1> <Delay = 0.67> <Storage> <Opcode : 'load' 'store'> <Ports = 2> <Width = 12> <Depth = 16> <RAM>
ST_2 : Operation 154 [1/1] (0.00ns)   --->   "%zext_ln36_212 = zext i12 %sB_14_load" [kyber-mult-kernel-dataflow.cpp:36->kyber-mult-kernel-dataflow.cpp:85]   --->   Operation 154 'zext' 'zext_ln36_212' <Predicate = true> <Delay = 0.00>
ST_2 : Operation 155 [3/3] (1.35ns)   --->   "%xm_175 = mul i28 %zext_ln36_184, i28 %zext_ln36_212" [kyber-mult-kernel-dataflow.cpp:36->kyber-mult-kernel-dataflow.cpp:85]   --->   Operation 155 'mul' 'xm_175' <Predicate = true> <Delay = 1.35> <CoreInst = "Mul_DSP">   --->   Core 5 'Mul_DSP' <Latency = 2> <II = 1> <Delay = 1.81> <FuncUnit> <Opcode : 'mul'> <InPorts = 2> <OutPorts = 1>
ST_2 : Operation 156 [1/2] (0.67ns)   --->   "%sB_15_load = load i4 %sB_15_addr" [kyber-mult-kernel-dataflow.cpp:85]   --->   Operation 156 'load' 'sB_15_load' <Predicate = true> <Delay = 0.67> <CoreInst = "RAM">   --->   Core 83 'RAM' <Latency = 1> <II = 1> <Delay = 0.67> <Storage> <Opcode : 'load' 'store'> <Ports = 2> <Width = 12> <Depth = 16> <RAM>
ST_2 : Operation 157 [1/1] (0.00ns)   --->   "%zext_ln36_213 = zext i12 %sB_15_load" [kyber-mult-kernel-dataflow.cpp:36->kyber-mult-kernel-dataflow.cpp:85]   --->   Operation 157 'zext' 'zext_ln36_213' <Predicate = true> <Delay = 0.00>
ST_2 : Operation 158 [3/3] (1.35ns)   --->   "%xm_162 = mul i28 %zext_ln36_198, i28 %zext_ln36_213" [kyber-mult-kernel-dataflow.cpp:36->kyber-mult-kernel-dataflow.cpp:85]   --->   Operation 158 'mul' 'xm_162' <Predicate = true> <Delay = 1.35> <CoreInst = "Mul_DSP">   --->   Core 5 'Mul_DSP' <Latency = 2> <II = 1> <Delay = 1.81> <FuncUnit> <Opcode : 'mul'> <InPorts = 2> <OutPorts = 1>

State 3 <SV = 2> <Delay = 1.35>
ST_3 : Operation 159 [1/1] (0.00ns)   --->   "%w_cast = zext i12 %w" [kyber-mult-kernel-dataflow.cpp:82]   --->   Operation 159 'zext' 'w_cast' <Predicate = true> <Delay = 0.00>
ST_3 : Operation 160 [1/1] (0.00ns)   --->   "%zext_ln34 = zext i12 %sA_4_load" [kyber-mult-kernel-dataflow.cpp:34->kyber-mult-kernel-dataflow.cpp:83]   --->   Operation 160 'zext' 'zext_ln34' <Predicate = true> <Delay = 0.00>
ST_3 : Operation 161 [2/3] (1.35ns)   --->   "%xm = mul i28 %zext_ln36_178, i28 %zext_ln36" [kyber-mult-kernel-dataflow.cpp:36->kyber-mult-kernel-dataflow.cpp:83]   --->   Operation 161 'mul' 'xm' <Predicate = true> <Delay = 1.35> <CoreInst = "Mul_DSP">   --->   Core 5 'Mul_DSP' <Latency = 2> <II = 1> <Delay = 1.81> <FuncUnit> <Opcode : 'mul'> <InPorts = 2> <OutPorts = 1>
ST_3 : Operation 162 [3/3] (1.34ns)   --->   "%xw = mul i24 %zext_ln34, i24 %w_cast" [kyber-mult-kernel-dataflow.cpp:39->kyber-mult-kernel-dataflow.cpp:83]   --->   Operation 162 'mul' 'xw' <Predicate = true> <Delay = 1.34> <CoreInst = "Mul_DSP">   --->   Core 5 'Mul_DSP' <Latency = 2> <II = 1> <Delay = 1.79> <FuncUnit> <Opcode : 'mul'> <InPorts = 2> <OutPorts = 1>
ST_3 : Operation 163 [1/1] (0.00ns)   --->   "%w_16_cast = zext i12 %w_23" [kyber-mult-kernel-dataflow.cpp:82]   --->   Operation 163 'zext' 'w_16_cast' <Predicate = true> <Delay = 0.00>
ST_3 : Operation 164 [1/1] (0.00ns)   --->   "%w_17_cast = zext i12 %w_24" [kyber-mult-kernel-dataflow.cpp:82]   --->   Operation 164 'zext' 'w_17_cast' <Predicate = true> <Delay = 0.00>
ST_3 : Operation 165 [1/1] (0.00ns)   --->   "%w_18_cast = zext i12 %w_25" [kyber-mult-kernel-dataflow.cpp:82]   --->   Operation 165 'zext' 'w_18_cast' <Predicate = true> <Delay = 0.00>
ST_3 : Operation 166 [1/1] (0.00ns)   --->   "%w_19_cast = zext i12 %w_26" [kyber-mult-kernel-dataflow.cpp:82]   --->   Operation 166 'zext' 'w_19_cast' <Predicate = true> <Delay = 0.00>
ST_3 : Operation 167 [1/1] (0.00ns)   --->   "%w_20_cast = zext i12 %w_27" [kyber-mult-kernel-dataflow.cpp:82]   --->   Operation 167 'zext' 'w_20_cast' <Predicate = true> <Delay = 0.00>
ST_3 : Operation 168 [1/1] (0.00ns)   --->   "%w_21_cast = zext i12 %w_28" [kyber-mult-kernel-dataflow.cpp:82]   --->   Operation 168 'zext' 'w_21_cast' <Predicate = true> <Delay = 0.00>
ST_3 : Operation 169 [1/1] (0.00ns)   --->   "%w_22_cast = zext i12 %w_29" [kyber-mult-kernel-dataflow.cpp:82]   --->   Operation 169 'zext' 'w_22_cast' <Predicate = true> <Delay = 0.00>
ST_3 : Operation 170 [1/1] (0.00ns)   --->   "%zext_ln36_185 = zext i12 %sA_5_load" [kyber-mult-kernel-dataflow.cpp:36->kyber-mult-kernel-dataflow.cpp:83]   --->   Operation 170 'zext' 'zext_ln36_185' <Predicate = true> <Delay = 0.00>
ST_3 : Operation 171 [2/3] (1.35ns)   --->   "%xm_164 = mul i28 %zext_ln36_179, i28 %zext_ln36_186" [kyber-mult-kernel-dataflow.cpp:36->kyber-mult-kernel-dataflow.cpp:83]   --->   Operation 171 'mul' 'xm_164' <Predicate = true> <Delay = 1.35> <CoreInst = "Mul_DSP">   --->   Core 5 'Mul_DSP' <Latency = 2> <II = 1> <Delay = 1.81> <FuncUnit> <Opcode : 'mul'> <InPorts = 2> <OutPorts = 1>
ST_3 : Operation 172 [3/3] (1.34ns)   --->   "%xw_164 = mul i24 %zext_ln36_185, i24 %w_16_cast" [kyber-mult-kernel-dataflow.cpp:39->kyber-mult-kernel-dataflow.cpp:83]   --->   Operation 172 'mul' 'xw_164' <Predicate = true> <Delay = 1.34> <CoreInst = "Mul_DSP">   --->   Core 5 'Mul_DSP' <Latency = 2> <II = 1> <Delay = 1.79> <FuncUnit> <Opcode : 'mul'> <InPorts = 2> <OutPorts = 1>
ST_3 : Operation 173 [1/1] (0.00ns)   --->   "%zext_ln36_187 = zext i12 %sA_6_load" [kyber-mult-kernel-dataflow.cpp:36->kyber-mult-kernel-dataflow.cpp:83]   --->   Operation 173 'zext' 'zext_ln36_187' <Predicate = true> <Delay = 0.00>
ST_3 : Operation 174 [2/3] (1.35ns)   --->   "%xm_166 = mul i28 %zext_ln36_180, i28 %zext_ln36_188" [kyber-mult-kernel-dataflow.cpp:36->kyber-mult-kernel-dataflow.cpp:83]   --->   Operation 174 'mul' 'xm_166' <Predicate = true> <Delay = 1.35> <CoreInst = "Mul_DSP">   --->   Core 5 'Mul_DSP' <Latency = 2> <II = 1> <Delay = 1.81> <FuncUnit> <Opcode : 'mul'> <InPorts = 2> <OutPorts = 1>
ST_3 : Operation 175 [3/3] (1.34ns)   --->   "%xw_166 = mul i24 %zext_ln36_187, i24 %w_17_cast" [kyber-mult-kernel-dataflow.cpp:39->kyber-mult-kernel-dataflow.cpp:83]   --->   Operation 175 'mul' 'xw_166' <Predicate = true> <Delay = 1.34> <CoreInst = "Mul_DSP">   --->   Core 5 'Mul_DSP' <Latency = 2> <II = 1> <Delay = 1.79> <FuncUnit> <Opcode : 'mul'> <InPorts = 2> <OutPorts = 1>
ST_3 : Operation 176 [1/1] (0.00ns)   --->   "%zext_ln36_189 = zext i12 %sA_7_load" [kyber-mult-kernel-dataflow.cpp:36->kyber-mult-kernel-dataflow.cpp:83]   --->   Operation 176 'zext' 'zext_ln36_189' <Predicate = true> <Delay = 0.00>
ST_3 : Operation 177 [2/3] (1.35ns)   --->   "%xm_168 = mul i28 %zext_ln36_181, i28 %zext_ln36_190" [kyber-mult-kernel-dataflow.cpp:36->kyber-mult-kernel-dataflow.cpp:83]   --->   Operation 177 'mul' 'xm_168' <Predicate = true> <Delay = 1.35> <CoreInst = "Mul_DSP">   --->   Core 5 'Mul_DSP' <Latency = 2> <II = 1> <Delay = 1.81> <FuncUnit> <Opcode : 'mul'> <InPorts = 2> <OutPorts = 1>
ST_3 : Operation 178 [3/3] (1.34ns)   --->   "%xw_168 = mul i24 %zext_ln36_189, i24 %w_18_cast" [kyber-mult-kernel-dataflow.cpp:39->kyber-mult-kernel-dataflow.cpp:83]   --->   Operation 178 'mul' 'xw_168' <Predicate = true> <Delay = 1.34> <CoreInst = "Mul_DSP">   --->   Core 5 'Mul_DSP' <Latency = 2> <II = 1> <Delay = 1.79> <FuncUnit> <Opcode : 'mul'> <InPorts = 2> <OutPorts = 1>
ST_3 : Operation 179 [1/1] (0.00ns)   --->   "%zext_ln36_191 = zext i12 %sA_12_load" [kyber-mult-kernel-dataflow.cpp:36->kyber-mult-kernel-dataflow.cpp:83]   --->   Operation 179 'zext' 'zext_ln36_191' <Predicate = true> <Delay = 0.00>
ST_3 : Operation 180 [2/3] (1.35ns)   --->   "%xm_170 = mul i28 %zext_ln36_182, i28 %zext_ln36_192" [kyber-mult-kernel-dataflow.cpp:36->kyber-mult-kernel-dataflow.cpp:83]   --->   Operation 180 'mul' 'xm_170' <Predicate = true> <Delay = 1.35> <CoreInst = "Mul_DSP">   --->   Core 5 'Mul_DSP' <Latency = 2> <II = 1> <Delay = 1.81> <FuncUnit> <Opcode : 'mul'> <InPorts = 2> <OutPorts = 1>
ST_3 : Operation 181 [3/3] (1.34ns)   --->   "%xw_170 = mul i24 %zext_ln36_191, i24 %w_19_cast" [kyber-mult-kernel-dataflow.cpp:39->kyber-mult-kernel-dataflow.cpp:83]   --->   Operation 181 'mul' 'xw_170' <Predicate = true> <Delay = 1.34> <CoreInst = "Mul_DSP">   --->   Core 5 'Mul_DSP' <Latency = 2> <II = 1> <Delay = 1.79> <FuncUnit> <Opcode : 'mul'> <InPorts = 2> <OutPorts = 1>
ST_3 : Operation 182 [1/1] (0.00ns)   --->   "%zext_ln36_193 = zext i12 %sA_13_load" [kyber-mult-kernel-dataflow.cpp:36->kyber-mult-kernel-dataflow.cpp:83]   --->   Operation 182 'zext' 'zext_ln36_193' <Predicate = true> <Delay = 0.00>
ST_3 : Operation 183 [2/3] (1.35ns)   --->   "%xm_172 = mul i28 %zext_ln36_183, i28 %zext_ln36_194" [kyber-mult-kernel-dataflow.cpp:36->kyber-mult-kernel-dataflow.cpp:83]   --->   Operation 183 'mul' 'xm_172' <Predicate = true> <Delay = 1.35> <CoreInst = "Mul_DSP">   --->   Core 5 'Mul_DSP' <Latency = 2> <II = 1> <Delay = 1.81> <FuncUnit> <Opcode : 'mul'> <InPorts = 2> <OutPorts = 1>
ST_3 : Operation 184 [3/3] (1.34ns)   --->   "%xw_172 = mul i24 %zext_ln36_193, i24 %w_20_cast" [kyber-mult-kernel-dataflow.cpp:39->kyber-mult-kernel-dataflow.cpp:83]   --->   Operation 184 'mul' 'xw_172' <Predicate = true> <Delay = 1.34> <CoreInst = "Mul_DSP">   --->   Core 5 'Mul_DSP' <Latency = 2> <II = 1> <Delay = 1.79> <FuncUnit> <Opcode : 'mul'> <InPorts = 2> <OutPorts = 1>
ST_3 : Operation 185 [1/1] (0.00ns)   --->   "%zext_ln36_195 = zext i12 %sA_14_load" [kyber-mult-kernel-dataflow.cpp:36->kyber-mult-kernel-dataflow.cpp:83]   --->   Operation 185 'zext' 'zext_ln36_195' <Predicate = true> <Delay = 0.00>
ST_3 : Operation 186 [2/3] (1.35ns)   --->   "%xm_174 = mul i28 %zext_ln36_184, i28 %zext_ln36_196" [kyber-mult-kernel-dataflow.cpp:36->kyber-mult-kernel-dataflow.cpp:83]   --->   Operation 186 'mul' 'xm_174' <Predicate = true> <Delay = 1.35> <CoreInst = "Mul_DSP">   --->   Core 5 'Mul_DSP' <Latency = 2> <II = 1> <Delay = 1.81> <FuncUnit> <Opcode : 'mul'> <InPorts = 2> <OutPorts = 1>
ST_3 : Operation 187 [3/3] (1.34ns)   --->   "%xw_174 = mul i24 %zext_ln36_195, i24 %w_21_cast" [kyber-mult-kernel-dataflow.cpp:39->kyber-mult-kernel-dataflow.cpp:83]   --->   Operation 187 'mul' 'xw_174' <Predicate = true> <Delay = 1.34> <CoreInst = "Mul_DSP">   --->   Core 5 'Mul_DSP' <Latency = 2> <II = 1> <Delay = 1.79> <FuncUnit> <Opcode : 'mul'> <InPorts = 2> <OutPorts = 1>
ST_3 : Operation 188 [1/1] (0.00ns)   --->   "%zext_ln34_5 = zext i12 %sA_15_load" [kyber-mult-kernel-dataflow.cpp:34->kyber-mult-kernel-dataflow.cpp:83]   --->   Operation 188 'zext' 'zext_ln34_5' <Predicate = true> <Delay = 0.00>
ST_3 : Operation 189 [2/3] (1.35ns)   --->   "%xm_161 = mul i28 %zext_ln36_198, i28 %zext_ln36_197" [kyber-mult-kernel-dataflow.cpp:36->kyber-mult-kernel-dataflow.cpp:83]   --->   Operation 189 'mul' 'xm_161' <Predicate = true> <Delay = 1.35> <CoreInst = "Mul_DSP">   --->   Core 5 'Mul_DSP' <Latency = 2> <II = 1> <Delay = 1.81> <FuncUnit> <Opcode : 'mul'> <InPorts = 2> <OutPorts = 1>
ST_3 : Operation 190 [3/3] (1.34ns)   --->   "%xw_161 = mul i24 %zext_ln34_5, i24 %w_22_cast" [kyber-mult-kernel-dataflow.cpp:39->kyber-mult-kernel-dataflow.cpp:83]   --->   Operation 190 'mul' 'xw_161' <Predicate = true> <Delay = 1.34> <CoreInst = "Mul_DSP">   --->   Core 5 'Mul_DSP' <Latency = 2> <II = 1> <Delay = 1.79> <FuncUnit> <Opcode : 'mul'> <InPorts = 2> <OutPorts = 1>
ST_3 : Operation 191 [1/1] (0.00ns)   --->   "%zext_ln36_199 = zext i12 %sB_4_load" [kyber-mult-kernel-dataflow.cpp:36->kyber-mult-kernel-dataflow.cpp:85]   --->   Operation 191 'zext' 'zext_ln36_199' <Predicate = true> <Delay = 0.00>
ST_3 : Operation 192 [2/3] (1.35ns)   --->   "%xm_163 = mul i28 %zext_ln36_178, i28 %zext_ln36_200" [kyber-mult-kernel-dataflow.cpp:36->kyber-mult-kernel-dataflow.cpp:85]   --->   Operation 192 'mul' 'xm_163' <Predicate = true> <Delay = 1.35> <CoreInst = "Mul_DSP">   --->   Core 5 'Mul_DSP' <Latency = 2> <II = 1> <Delay = 1.81> <FuncUnit> <Opcode : 'mul'> <InPorts = 2> <OutPorts = 1>
ST_3 : Operation 193 [3/3] (1.34ns)   --->   "%xw_163 = mul i24 %zext_ln36_199, i24 %w_cast" [kyber-mult-kernel-dataflow.cpp:39->kyber-mult-kernel-dataflow.cpp:85]   --->   Operation 193 'mul' 'xw_163' <Predicate = true> <Delay = 1.34> <CoreInst = "Mul_DSP">   --->   Core 5 'Mul_DSP' <Latency = 2> <II = 1> <Delay = 1.79> <FuncUnit> <Opcode : 'mul'> <InPorts = 2> <OutPorts = 1>
ST_3 : Operation 194 [1/1] (0.00ns)   --->   "%zext_ln36_201 = zext i12 %sB_5_load" [kyber-mult-kernel-dataflow.cpp:36->kyber-mult-kernel-dataflow.cpp:85]   --->   Operation 194 'zext' 'zext_ln36_201' <Predicate = true> <Delay = 0.00>
ST_3 : Operation 195 [2/3] (1.35ns)   --->   "%xm_165 = mul i28 %zext_ln36_179, i28 %zext_ln36_202" [kyber-mult-kernel-dataflow.cpp:36->kyber-mult-kernel-dataflow.cpp:85]   --->   Operation 195 'mul' 'xm_165' <Predicate = true> <Delay = 1.35> <CoreInst = "Mul_DSP">   --->   Core 5 'Mul_DSP' <Latency = 2> <II = 1> <Delay = 1.81> <FuncUnit> <Opcode : 'mul'> <InPorts = 2> <OutPorts = 1>
ST_3 : Operation 196 [3/3] (1.34ns)   --->   "%xw_165 = mul i24 %zext_ln36_201, i24 %w_16_cast" [kyber-mult-kernel-dataflow.cpp:39->kyber-mult-kernel-dataflow.cpp:85]   --->   Operation 196 'mul' 'xw_165' <Predicate = true> <Delay = 1.34> <CoreInst = "Mul_DSP">   --->   Core 5 'Mul_DSP' <Latency = 2> <II = 1> <Delay = 1.79> <FuncUnit> <Opcode : 'mul'> <InPorts = 2> <OutPorts = 1>
ST_3 : Operation 197 [1/1] (0.00ns)   --->   "%zext_ln36_203 = zext i12 %sB_6_load" [kyber-mult-kernel-dataflow.cpp:36->kyber-mult-kernel-dataflow.cpp:85]   --->   Operation 197 'zext' 'zext_ln36_203' <Predicate = true> <Delay = 0.00>
ST_3 : Operation 198 [2/3] (1.35ns)   --->   "%xm_167 = mul i28 %zext_ln36_180, i28 %zext_ln36_204" [kyber-mult-kernel-dataflow.cpp:36->kyber-mult-kernel-dataflow.cpp:85]   --->   Operation 198 'mul' 'xm_167' <Predicate = true> <Delay = 1.35> <CoreInst = "Mul_DSP">   --->   Core 5 'Mul_DSP' <Latency = 2> <II = 1> <Delay = 1.81> <FuncUnit> <Opcode : 'mul'> <InPorts = 2> <OutPorts = 1>
ST_3 : Operation 199 [3/3] (1.34ns)   --->   "%xw_167 = mul i24 %zext_ln36_203, i24 %w_17_cast" [kyber-mult-kernel-dataflow.cpp:39->kyber-mult-kernel-dataflow.cpp:85]   --->   Operation 199 'mul' 'xw_167' <Predicate = true> <Delay = 1.34> <CoreInst = "Mul_DSP">   --->   Core 5 'Mul_DSP' <Latency = 2> <II = 1> <Delay = 1.79> <FuncUnit> <Opcode : 'mul'> <InPorts = 2> <OutPorts = 1>
ST_3 : Operation 200 [1/1] (0.00ns)   --->   "%zext_ln36_205 = zext i12 %sB_7_load" [kyber-mult-kernel-dataflow.cpp:36->kyber-mult-kernel-dataflow.cpp:85]   --->   Operation 200 'zext' 'zext_ln36_205' <Predicate = true> <Delay = 0.00>
ST_3 : Operation 201 [2/3] (1.35ns)   --->   "%xm_169 = mul i28 %zext_ln36_181, i28 %zext_ln36_206" [kyber-mult-kernel-dataflow.cpp:36->kyber-mult-kernel-dataflow.cpp:85]   --->   Operation 201 'mul' 'xm_169' <Predicate = true> <Delay = 1.35> <CoreInst = "Mul_DSP">   --->   Core 5 'Mul_DSP' <Latency = 2> <II = 1> <Delay = 1.81> <FuncUnit> <Opcode : 'mul'> <InPorts = 2> <OutPorts = 1>
ST_3 : Operation 202 [3/3] (1.34ns)   --->   "%xw_169 = mul i24 %zext_ln36_205, i24 %w_18_cast" [kyber-mult-kernel-dataflow.cpp:39->kyber-mult-kernel-dataflow.cpp:85]   --->   Operation 202 'mul' 'xw_169' <Predicate = true> <Delay = 1.34> <CoreInst = "Mul_DSP">   --->   Core 5 'Mul_DSP' <Latency = 2> <II = 1> <Delay = 1.79> <FuncUnit> <Opcode : 'mul'> <InPorts = 2> <OutPorts = 1>
ST_3 : Operation 203 [1/1] (0.00ns)   --->   "%zext_ln36_207 = zext i12 %sB_12_load" [kyber-mult-kernel-dataflow.cpp:36->kyber-mult-kernel-dataflow.cpp:85]   --->   Operation 203 'zext' 'zext_ln36_207' <Predicate = true> <Delay = 0.00>
ST_3 : Operation 204 [2/3] (1.35ns)   --->   "%xm_171 = mul i28 %zext_ln36_182, i28 %zext_ln36_208" [kyber-mult-kernel-dataflow.cpp:36->kyber-mult-kernel-dataflow.cpp:85]   --->   Operation 204 'mul' 'xm_171' <Predicate = true> <Delay = 1.35> <CoreInst = "Mul_DSP">   --->   Core 5 'Mul_DSP' <Latency = 2> <II = 1> <Delay = 1.81> <FuncUnit> <Opcode : 'mul'> <InPorts = 2> <OutPorts = 1>
ST_3 : Operation 205 [3/3] (1.34ns)   --->   "%xw_171 = mul i24 %zext_ln36_207, i24 %w_19_cast" [kyber-mult-kernel-dataflow.cpp:39->kyber-mult-kernel-dataflow.cpp:85]   --->   Operation 205 'mul' 'xw_171' <Predicate = true> <Delay = 1.34> <CoreInst = "Mul_DSP">   --->   Core 5 'Mul_DSP' <Latency = 2> <II = 1> <Delay = 1.79> <FuncUnit> <Opcode : 'mul'> <InPorts = 2> <OutPorts = 1>
ST_3 : Operation 206 [1/1] (0.00ns)   --->   "%zext_ln36_209 = zext i12 %sB_13_load" [kyber-mult-kernel-dataflow.cpp:36->kyber-mult-kernel-dataflow.cpp:85]   --->   Operation 206 'zext' 'zext_ln36_209' <Predicate = true> <Delay = 0.00>
ST_3 : Operation 207 [2/3] (1.35ns)   --->   "%xm_173 = mul i28 %zext_ln36_183, i28 %zext_ln36_210" [kyber-mult-kernel-dataflow.cpp:36->kyber-mult-kernel-dataflow.cpp:85]   --->   Operation 207 'mul' 'xm_173' <Predicate = true> <Delay = 1.35> <CoreInst = "Mul_DSP">   --->   Core 5 'Mul_DSP' <Latency = 2> <II = 1> <Delay = 1.81> <FuncUnit> <Opcode : 'mul'> <InPorts = 2> <OutPorts = 1>
ST_3 : Operation 208 [3/3] (1.34ns)   --->   "%xw_173 = mul i24 %zext_ln36_209, i24 %w_20_cast" [kyber-mult-kernel-dataflow.cpp:39->kyber-mult-kernel-dataflow.cpp:85]   --->   Operation 208 'mul' 'xw_173' <Predicate = true> <Delay = 1.34> <CoreInst = "Mul_DSP">   --->   Core 5 'Mul_DSP' <Latency = 2> <II = 1> <Delay = 1.79> <FuncUnit> <Opcode : 'mul'> <InPorts = 2> <OutPorts = 1>
ST_3 : Operation 209 [1/1] (0.00ns)   --->   "%zext_ln36_211 = zext i12 %sB_14_load" [kyber-mult-kernel-dataflow.cpp:36->kyber-mult-kernel-dataflow.cpp:85]   --->   Operation 209 'zext' 'zext_ln36_211' <Predicate = true> <Delay = 0.00>
ST_3 : Operation 210 [2/3] (1.35ns)   --->   "%xm_175 = mul i28 %zext_ln36_184, i28 %zext_ln36_212" [kyber-mult-kernel-dataflow.cpp:36->kyber-mult-kernel-dataflow.cpp:85]   --->   Operation 210 'mul' 'xm_175' <Predicate = true> <Delay = 1.35> <CoreInst = "Mul_DSP">   --->   Core 5 'Mul_DSP' <Latency = 2> <II = 1> <Delay = 1.81> <FuncUnit> <Opcode : 'mul'> <InPorts = 2> <OutPorts = 1>
ST_3 : Operation 211 [3/3] (1.34ns)   --->   "%xw_175 = mul i24 %zext_ln36_211, i24 %w_21_cast" [kyber-mult-kernel-dataflow.cpp:39->kyber-mult-kernel-dataflow.cpp:85]   --->   Operation 211 'mul' 'xw_175' <Predicate = true> <Delay = 1.34> <CoreInst = "Mul_DSP">   --->   Core 5 'Mul_DSP' <Latency = 2> <II = 1> <Delay = 1.79> <FuncUnit> <Opcode : 'mul'> <InPorts = 2> <OutPorts = 1>
ST_3 : Operation 212 [1/1] (0.00ns)   --->   "%zext_ln34_6 = zext i12 %sB_15_load" [kyber-mult-kernel-dataflow.cpp:34->kyber-mult-kernel-dataflow.cpp:85]   --->   Operation 212 'zext' 'zext_ln34_6' <Predicate = true> <Delay = 0.00>
ST_3 : Operation 213 [2/3] (1.35ns)   --->   "%xm_162 = mul i28 %zext_ln36_198, i28 %zext_ln36_213" [kyber-mult-kernel-dataflow.cpp:36->kyber-mult-kernel-dataflow.cpp:85]   --->   Operation 213 'mul' 'xm_162' <Predicate = true> <Delay = 1.35> <CoreInst = "Mul_DSP">   --->   Core 5 'Mul_DSP' <Latency = 2> <II = 1> <Delay = 1.81> <FuncUnit> <Opcode : 'mul'> <InPorts = 2> <OutPorts = 1>
ST_3 : Operation 214 [3/3] (1.34ns)   --->   "%xw_162 = mul i24 %zext_ln34_6, i24 %w_22_cast" [kyber-mult-kernel-dataflow.cpp:39->kyber-mult-kernel-dataflow.cpp:85]   --->   Operation 214 'mul' 'xw_162' <Predicate = true> <Delay = 1.34> <CoreInst = "Mul_DSP">   --->   Core 5 'Mul_DSP' <Latency = 2> <II = 1> <Delay = 1.79> <FuncUnit> <Opcode : 'mul'> <InPorts = 2> <OutPorts = 1>

State 4 <SV = 3> <Delay = 2.35>
ST_4 : Operation 215 [1/3] (1.35ns)   --->   "%xm = mul i28 %zext_ln36_178, i28 %zext_ln36" [kyber-mult-kernel-dataflow.cpp:36->kyber-mult-kernel-dataflow.cpp:83]   --->   Operation 215 'mul' 'xm' <Predicate = true> <Delay = 1.35> <CoreInst = "Mul_DSP">   --->   Core 5 'Mul_DSP' <Latency = 2> <II = 1> <Delay = 1.81> <FuncUnit> <Opcode : 'mul'> <InPorts = 2> <OutPorts = 1>
ST_4 : Operation 216 [1/1] (0.00ns)   --->   "%specfucore_ln37 = specfucore void @_ssdm_op_SpecFUCore, i28 %xm, i64 12, i64 3, i64 2" [kyber-mult-kernel-dataflow.cpp:37->kyber-mult-kernel-dataflow.cpp:83]   --->   Operation 216 'specfucore' 'specfucore_ln37' <Predicate = true> <Delay = 0.00>
ST_4 : Operation 217 [1/1] (0.00ns)   --->   "%tmp = partselect i12 @_ssdm_op_PartSelect.i12.i28.i32.i32, i28 %xm, i32 16, i32 27" [kyber-mult-kernel-dataflow.cpp:38->kyber-mult-kernel-dataflow.cpp:83]   --->   Operation 217 'partselect' 'tmp' <Predicate = true> <Delay = 0.00>
ST_4 : Operation 218 [1/1] (0.00ns)   --->   "%zext_ln38 = zext i12 %tmp" [kyber-mult-kernel-dataflow.cpp:38->kyber-mult-kernel-dataflow.cpp:83]   --->   Operation 218 'zext' 'zext_ln38' <Predicate = true> <Delay = 0.00>
ST_4 : Operation 219 [2/3] (1.34ns)   --->   "%xw = mul i24 %zext_ln34, i24 %w_cast" [kyber-mult-kernel-dataflow.cpp:39->kyber-mult-kernel-dataflow.cpp:83]   --->   Operation 219 'mul' 'xw' <Predicate = true> <Delay = 1.34> <CoreInst = "Mul_DSP">   --->   Core 5 'Mul_DSP' <Latency = 2> <II = 1> <Delay = 1.79> <FuncUnit> <Opcode : 'mul'> <InPorts = 2> <OutPorts = 1>
ST_4 : Operation 220 [3/3] (0.99ns) (grouped into DSP with root node r)   --->   "%qq = mul i24 %zext_ln38, i24 3329" [kyber-mult-kernel-dataflow.cpp:41->kyber-mult-kernel-dataflow.cpp:83]   --->   Operation 220 'mul' 'qq' <Predicate = true> <Delay = 0.99> <CoreInst = "DSP48">   --->   Core 127 'DSP48' <Latency = 2> <II = 1> <Delay = 1.33> <IPBlock> <Opcode : '' 'add' 'sub' 'mul' 'select'> <InPorts = 0> <OutPorts = 1> <Sync> <CReg>
ST_4 : Operation 221 [1/3] (1.35ns)   --->   "%xm_164 = mul i28 %zext_ln36_179, i28 %zext_ln36_186" [kyber-mult-kernel-dataflow.cpp:36->kyber-mult-kernel-dataflow.cpp:83]   --->   Operation 221 'mul' 'xm_164' <Predicate = true> <Delay = 1.35> <CoreInst = "Mul_DSP">   --->   Core 5 'Mul_DSP' <Latency = 2> <II = 1> <Delay = 1.81> <FuncUnit> <Opcode : 'mul'> <InPorts = 2> <OutPorts = 1>
ST_4 : Operation 222 [1/1] (0.00ns)   --->   "%specfucore_ln37 = specfucore void @_ssdm_op_SpecFUCore, i28 %xm_164, i64 12, i64 3, i64 2" [kyber-mult-kernel-dataflow.cpp:37->kyber-mult-kernel-dataflow.cpp:83]   --->   Operation 222 'specfucore' 'specfucore_ln37' <Predicate = true> <Delay = 0.00>
ST_4 : Operation 223 [1/1] (0.00ns)   --->   "%tmp_s = partselect i12 @_ssdm_op_PartSelect.i12.i28.i32.i32, i28 %xm_164, i32 16, i32 27" [kyber-mult-kernel-dataflow.cpp:39->kyber-mult-kernel-dataflow.cpp:83]   --->   Operation 223 'partselect' 'tmp_s' <Predicate = true> <Delay = 0.00>
ST_4 : Operation 224 [1/1] (0.00ns)   --->   "%zext_ln39 = zext i12 %tmp_s" [kyber-mult-kernel-dataflow.cpp:39->kyber-mult-kernel-dataflow.cpp:83]   --->   Operation 224 'zext' 'zext_ln39' <Predicate = true> <Delay = 0.00>
ST_4 : Operation 225 [2/3] (1.34ns)   --->   "%xw_164 = mul i24 %zext_ln36_185, i24 %w_16_cast" [kyber-mult-kernel-dataflow.cpp:39->kyber-mult-kernel-dataflow.cpp:83]   --->   Operation 225 'mul' 'xw_164' <Predicate = true> <Delay = 1.34> <CoreInst = "Mul_DSP">   --->   Core 5 'Mul_DSP' <Latency = 2> <II = 1> <Delay = 1.79> <FuncUnit> <Opcode : 'mul'> <InPorts = 2> <OutPorts = 1>
ST_4 : Operation 226 [3/3] (0.99ns) (grouped into DSP with root node r_164)   --->   "%qq_164 = mul i24 %zext_ln39, i24 3329" [kyber-mult-kernel-dataflow.cpp:41->kyber-mult-kernel-dataflow.cpp:83]   --->   Operation 226 'mul' 'qq_164' <Predicate = true> <Delay = 0.99> <CoreInst = "DSP48">   --->   Core 127 'DSP48' <Latency = 2> <II = 1> <Delay = 1.33> <IPBlock> <Opcode : '' 'add' 'sub' 'mul' 'select'> <InPorts = 0> <OutPorts = 1> <Sync> <CReg>
ST_4 : Operation 227 [1/3] (1.35ns)   --->   "%xm_166 = mul i28 %zext_ln36_180, i28 %zext_ln36_188" [kyber-mult-kernel-dataflow.cpp:36->kyber-mult-kernel-dataflow.cpp:83]   --->   Operation 227 'mul' 'xm_166' <Predicate = true> <Delay = 1.35> <CoreInst = "Mul_DSP">   --->   Core 5 'Mul_DSP' <Latency = 2> <II = 1> <Delay = 1.81> <FuncUnit> <Opcode : 'mul'> <InPorts = 2> <OutPorts = 1>
ST_4 : Operation 228 [1/1] (0.00ns)   --->   "%specfucore_ln37 = specfucore void @_ssdm_op_SpecFUCore, i28 %xm_166, i64 12, i64 3, i64 2" [kyber-mult-kernel-dataflow.cpp:37->kyber-mult-kernel-dataflow.cpp:83]   --->   Operation 228 'specfucore' 'specfucore_ln37' <Predicate = true> <Delay = 0.00>
ST_4 : Operation 229 [1/1] (0.00ns)   --->   "%tmp_46 = partselect i12 @_ssdm_op_PartSelect.i12.i28.i32.i32, i28 %xm_166, i32 16, i32 27" [kyber-mult-kernel-dataflow.cpp:39->kyber-mult-kernel-dataflow.cpp:83]   --->   Operation 229 'partselect' 'tmp_46' <Predicate = true> <Delay = 0.00>
ST_4 : Operation 230 [1/1] (0.00ns)   --->   "%zext_ln39_25 = zext i12 %tmp_46" [kyber-mult-kernel-dataflow.cpp:39->kyber-mult-kernel-dataflow.cpp:83]   --->   Operation 230 'zext' 'zext_ln39_25' <Predicate = true> <Delay = 0.00>
ST_4 : Operation 231 [2/3] (1.34ns)   --->   "%xw_166 = mul i24 %zext_ln36_187, i24 %w_17_cast" [kyber-mult-kernel-dataflow.cpp:39->kyber-mult-kernel-dataflow.cpp:83]   --->   Operation 231 'mul' 'xw_166' <Predicate = true> <Delay = 1.34> <CoreInst = "Mul_DSP">   --->   Core 5 'Mul_DSP' <Latency = 2> <II = 1> <Delay = 1.79> <FuncUnit> <Opcode : 'mul'> <InPorts = 2> <OutPorts = 1>
ST_4 : Operation 232 [3/3] (0.99ns) (grouped into DSP with root node r_166)   --->   "%qq_166 = mul i24 %zext_ln39_25, i24 3329" [kyber-mult-kernel-dataflow.cpp:41->kyber-mult-kernel-dataflow.cpp:83]   --->   Operation 232 'mul' 'qq_166' <Predicate = true> <Delay = 0.99> <CoreInst = "DSP48">   --->   Core 127 'DSP48' <Latency = 2> <II = 1> <Delay = 1.33> <IPBlock> <Opcode : '' 'add' 'sub' 'mul' 'select'> <InPorts = 0> <OutPorts = 1> <Sync> <CReg>
ST_4 : Operation 233 [1/3] (1.35ns)   --->   "%xm_168 = mul i28 %zext_ln36_181, i28 %zext_ln36_190" [kyber-mult-kernel-dataflow.cpp:36->kyber-mult-kernel-dataflow.cpp:83]   --->   Operation 233 'mul' 'xm_168' <Predicate = true> <Delay = 1.35> <CoreInst = "Mul_DSP">   --->   Core 5 'Mul_DSP' <Latency = 2> <II = 1> <Delay = 1.81> <FuncUnit> <Opcode : 'mul'> <InPorts = 2> <OutPorts = 1>
ST_4 : Operation 234 [1/1] (0.00ns)   --->   "%specfucore_ln37 = specfucore void @_ssdm_op_SpecFUCore, i28 %xm_168, i64 12, i64 3, i64 2" [kyber-mult-kernel-dataflow.cpp:37->kyber-mult-kernel-dataflow.cpp:83]   --->   Operation 234 'specfucore' 'specfucore_ln37' <Predicate = true> <Delay = 0.00>
ST_4 : Operation 235 [1/1] (0.00ns)   --->   "%tmp_47 = partselect i12 @_ssdm_op_PartSelect.i12.i28.i32.i32, i28 %xm_168, i32 16, i32 27" [kyber-mult-kernel-dataflow.cpp:39->kyber-mult-kernel-dataflow.cpp:83]   --->   Operation 235 'partselect' 'tmp_47' <Predicate = true> <Delay = 0.00>
ST_4 : Operation 236 [1/1] (0.00ns)   --->   "%zext_ln39_26 = zext i12 %tmp_47" [kyber-mult-kernel-dataflow.cpp:39->kyber-mult-kernel-dataflow.cpp:83]   --->   Operation 236 'zext' 'zext_ln39_26' <Predicate = true> <Delay = 0.00>
ST_4 : Operation 237 [2/3] (1.34ns)   --->   "%xw_168 = mul i24 %zext_ln36_189, i24 %w_18_cast" [kyber-mult-kernel-dataflow.cpp:39->kyber-mult-kernel-dataflow.cpp:83]   --->   Operation 237 'mul' 'xw_168' <Predicate = true> <Delay = 1.34> <CoreInst = "Mul_DSP">   --->   Core 5 'Mul_DSP' <Latency = 2> <II = 1> <Delay = 1.79> <FuncUnit> <Opcode : 'mul'> <InPorts = 2> <OutPorts = 1>
ST_4 : Operation 238 [3/3] (0.99ns) (grouped into DSP with root node r_168)   --->   "%qq_168 = mul i24 %zext_ln39_26, i24 3329" [kyber-mult-kernel-dataflow.cpp:41->kyber-mult-kernel-dataflow.cpp:83]   --->   Operation 238 'mul' 'qq_168' <Predicate = true> <Delay = 0.99> <CoreInst = "DSP48">   --->   Core 127 'DSP48' <Latency = 2> <II = 1> <Delay = 1.33> <IPBlock> <Opcode : '' 'add' 'sub' 'mul' 'select'> <InPorts = 0> <OutPorts = 1> <Sync> <CReg>
ST_4 : Operation 239 [1/3] (1.35ns)   --->   "%xm_170 = mul i28 %zext_ln36_182, i28 %zext_ln36_192" [kyber-mult-kernel-dataflow.cpp:36->kyber-mult-kernel-dataflow.cpp:83]   --->   Operation 239 'mul' 'xm_170' <Predicate = true> <Delay = 1.35> <CoreInst = "Mul_DSP">   --->   Core 5 'Mul_DSP' <Latency = 2> <II = 1> <Delay = 1.81> <FuncUnit> <Opcode : 'mul'> <InPorts = 2> <OutPorts = 1>
ST_4 : Operation 240 [1/1] (0.00ns)   --->   "%specfucore_ln37 = specfucore void @_ssdm_op_SpecFUCore, i28 %xm_170, i64 12, i64 3, i64 2" [kyber-mult-kernel-dataflow.cpp:37->kyber-mult-kernel-dataflow.cpp:83]   --->   Operation 240 'specfucore' 'specfucore_ln37' <Predicate = true> <Delay = 0.00>
ST_4 : Operation 241 [1/1] (0.00ns)   --->   "%tmp_48 = partselect i12 @_ssdm_op_PartSelect.i12.i28.i32.i32, i28 %xm_170, i32 16, i32 27" [kyber-mult-kernel-dataflow.cpp:39->kyber-mult-kernel-dataflow.cpp:83]   --->   Operation 241 'partselect' 'tmp_48' <Predicate = true> <Delay = 0.00>
ST_4 : Operation 242 [1/1] (0.00ns)   --->   "%zext_ln39_27 = zext i12 %tmp_48" [kyber-mult-kernel-dataflow.cpp:39->kyber-mult-kernel-dataflow.cpp:83]   --->   Operation 242 'zext' 'zext_ln39_27' <Predicate = true> <Delay = 0.00>
ST_4 : Operation 243 [2/3] (1.34ns)   --->   "%xw_170 = mul i24 %zext_ln36_191, i24 %w_19_cast" [kyber-mult-kernel-dataflow.cpp:39->kyber-mult-kernel-dataflow.cpp:83]   --->   Operation 243 'mul' 'xw_170' <Predicate = true> <Delay = 1.34> <CoreInst = "Mul_DSP">   --->   Core 5 'Mul_DSP' <Latency = 2> <II = 1> <Delay = 1.79> <FuncUnit> <Opcode : 'mul'> <InPorts = 2> <OutPorts = 1>
ST_4 : Operation 244 [3/3] (0.99ns) (grouped into DSP with root node r_170)   --->   "%qq_170 = mul i24 %zext_ln39_27, i24 3329" [kyber-mult-kernel-dataflow.cpp:41->kyber-mult-kernel-dataflow.cpp:83]   --->   Operation 244 'mul' 'qq_170' <Predicate = true> <Delay = 0.99> <CoreInst = "DSP48">   --->   Core 127 'DSP48' <Latency = 2> <II = 1> <Delay = 1.33> <IPBlock> <Opcode : '' 'add' 'sub' 'mul' 'select'> <InPorts = 0> <OutPorts = 1> <Sync> <CReg>
ST_4 : Operation 245 [1/3] (1.35ns)   --->   "%xm_172 = mul i28 %zext_ln36_183, i28 %zext_ln36_194" [kyber-mult-kernel-dataflow.cpp:36->kyber-mult-kernel-dataflow.cpp:83]   --->   Operation 245 'mul' 'xm_172' <Predicate = true> <Delay = 1.35> <CoreInst = "Mul_DSP">   --->   Core 5 'Mul_DSP' <Latency = 2> <II = 1> <Delay = 1.81> <FuncUnit> <Opcode : 'mul'> <InPorts = 2> <OutPorts = 1>
ST_4 : Operation 246 [1/1] (0.00ns)   --->   "%specfucore_ln37 = specfucore void @_ssdm_op_SpecFUCore, i28 %xm_172, i64 12, i64 3, i64 2" [kyber-mult-kernel-dataflow.cpp:37->kyber-mult-kernel-dataflow.cpp:83]   --->   Operation 246 'specfucore' 'specfucore_ln37' <Predicate = true> <Delay = 0.00>
ST_4 : Operation 247 [1/1] (0.00ns)   --->   "%tmp_49 = partselect i12 @_ssdm_op_PartSelect.i12.i28.i32.i32, i28 %xm_172, i32 16, i32 27" [kyber-mult-kernel-dataflow.cpp:39->kyber-mult-kernel-dataflow.cpp:83]   --->   Operation 247 'partselect' 'tmp_49' <Predicate = true> <Delay = 0.00>
ST_4 : Operation 248 [1/1] (0.00ns)   --->   "%zext_ln39_28 = zext i12 %tmp_49" [kyber-mult-kernel-dataflow.cpp:39->kyber-mult-kernel-dataflow.cpp:83]   --->   Operation 248 'zext' 'zext_ln39_28' <Predicate = true> <Delay = 0.00>
ST_4 : Operation 249 [2/3] (1.34ns)   --->   "%xw_172 = mul i24 %zext_ln36_193, i24 %w_20_cast" [kyber-mult-kernel-dataflow.cpp:39->kyber-mult-kernel-dataflow.cpp:83]   --->   Operation 249 'mul' 'xw_172' <Predicate = true> <Delay = 1.34> <CoreInst = "Mul_DSP">   --->   Core 5 'Mul_DSP' <Latency = 2> <II = 1> <Delay = 1.79> <FuncUnit> <Opcode : 'mul'> <InPorts = 2> <OutPorts = 1>
ST_4 : Operation 250 [3/3] (0.99ns) (grouped into DSP with root node r_172)   --->   "%qq_172 = mul i24 %zext_ln39_28, i24 3329" [kyber-mult-kernel-dataflow.cpp:41->kyber-mult-kernel-dataflow.cpp:83]   --->   Operation 250 'mul' 'qq_172' <Predicate = true> <Delay = 0.99> <CoreInst = "DSP48">   --->   Core 127 'DSP48' <Latency = 2> <II = 1> <Delay = 1.33> <IPBlock> <Opcode : '' 'add' 'sub' 'mul' 'select'> <InPorts = 0> <OutPorts = 1> <Sync> <CReg>
ST_4 : Operation 251 [1/3] (1.35ns)   --->   "%xm_174 = mul i28 %zext_ln36_184, i28 %zext_ln36_196" [kyber-mult-kernel-dataflow.cpp:36->kyber-mult-kernel-dataflow.cpp:83]   --->   Operation 251 'mul' 'xm_174' <Predicate = true> <Delay = 1.35> <CoreInst = "Mul_DSP">   --->   Core 5 'Mul_DSP' <Latency = 2> <II = 1> <Delay = 1.81> <FuncUnit> <Opcode : 'mul'> <InPorts = 2> <OutPorts = 1>
ST_4 : Operation 252 [1/1] (0.00ns)   --->   "%specfucore_ln37 = specfucore void @_ssdm_op_SpecFUCore, i28 %xm_174, i64 12, i64 3, i64 2" [kyber-mult-kernel-dataflow.cpp:37->kyber-mult-kernel-dataflow.cpp:83]   --->   Operation 252 'specfucore' 'specfucore_ln37' <Predicate = true> <Delay = 0.00>
ST_4 : Operation 253 [1/1] (0.00ns)   --->   "%tmp_50 = partselect i12 @_ssdm_op_PartSelect.i12.i28.i32.i32, i28 %xm_174, i32 16, i32 27" [kyber-mult-kernel-dataflow.cpp:39->kyber-mult-kernel-dataflow.cpp:83]   --->   Operation 253 'partselect' 'tmp_50' <Predicate = true> <Delay = 0.00>
ST_4 : Operation 254 [1/1] (0.00ns)   --->   "%zext_ln39_29 = zext i12 %tmp_50" [kyber-mult-kernel-dataflow.cpp:39->kyber-mult-kernel-dataflow.cpp:83]   --->   Operation 254 'zext' 'zext_ln39_29' <Predicate = true> <Delay = 0.00>
ST_4 : Operation 255 [2/3] (1.34ns)   --->   "%xw_174 = mul i24 %zext_ln36_195, i24 %w_21_cast" [kyber-mult-kernel-dataflow.cpp:39->kyber-mult-kernel-dataflow.cpp:83]   --->   Operation 255 'mul' 'xw_174' <Predicate = true> <Delay = 1.34> <CoreInst = "Mul_DSP">   --->   Core 5 'Mul_DSP' <Latency = 2> <II = 1> <Delay = 1.79> <FuncUnit> <Opcode : 'mul'> <InPorts = 2> <OutPorts = 1>
ST_4 : Operation 256 [3/3] (0.99ns) (grouped into DSP with root node r_174)   --->   "%qq_174 = mul i24 %zext_ln39_29, i24 3329" [kyber-mult-kernel-dataflow.cpp:41->kyber-mult-kernel-dataflow.cpp:83]   --->   Operation 256 'mul' 'qq_174' <Predicate = true> <Delay = 0.99> <CoreInst = "DSP48">   --->   Core 127 'DSP48' <Latency = 2> <II = 1> <Delay = 1.33> <IPBlock> <Opcode : '' 'add' 'sub' 'mul' 'select'> <InPorts = 0> <OutPorts = 1> <Sync> <CReg>
ST_4 : Operation 257 [1/3] (1.35ns)   --->   "%xm_161 = mul i28 %zext_ln36_198, i28 %zext_ln36_197" [kyber-mult-kernel-dataflow.cpp:36->kyber-mult-kernel-dataflow.cpp:83]   --->   Operation 257 'mul' 'xm_161' <Predicate = true> <Delay = 1.35> <CoreInst = "Mul_DSP">   --->   Core 5 'Mul_DSP' <Latency = 2> <II = 1> <Delay = 1.81> <FuncUnit> <Opcode : 'mul'> <InPorts = 2> <OutPorts = 1>
ST_4 : Operation 258 [1/1] (0.00ns)   --->   "%specfucore_ln37 = specfucore void @_ssdm_op_SpecFUCore, i28 %xm_161, i64 12, i64 3, i64 2" [kyber-mult-kernel-dataflow.cpp:37->kyber-mult-kernel-dataflow.cpp:83]   --->   Operation 258 'specfucore' 'specfucore_ln37' <Predicate = true> <Delay = 0.00>
ST_4 : Operation 259 [1/1] (0.00ns)   --->   "%tmp_51 = partselect i12 @_ssdm_op_PartSelect.i12.i28.i32.i32, i28 %xm_161, i32 16, i32 27" [kyber-mult-kernel-dataflow.cpp:38->kyber-mult-kernel-dataflow.cpp:83]   --->   Operation 259 'partselect' 'tmp_51' <Predicate = true> <Delay = 0.00>
ST_4 : Operation 260 [1/1] (0.00ns)   --->   "%zext_ln38_5 = zext i12 %tmp_51" [kyber-mult-kernel-dataflow.cpp:38->kyber-mult-kernel-dataflow.cpp:83]   --->   Operation 260 'zext' 'zext_ln38_5' <Predicate = true> <Delay = 0.00>
ST_4 : Operation 261 [2/3] (1.34ns)   --->   "%xw_161 = mul i24 %zext_ln34_5, i24 %w_22_cast" [kyber-mult-kernel-dataflow.cpp:39->kyber-mult-kernel-dataflow.cpp:83]   --->   Operation 261 'mul' 'xw_161' <Predicate = true> <Delay = 1.34> <CoreInst = "Mul_DSP">   --->   Core 5 'Mul_DSP' <Latency = 2> <II = 1> <Delay = 1.79> <FuncUnit> <Opcode : 'mul'> <InPorts = 2> <OutPorts = 1>
ST_4 : Operation 262 [3/3] (0.99ns) (grouped into DSP with root node r_161)   --->   "%qq_161 = mul i24 %zext_ln38_5, i24 3329" [kyber-mult-kernel-dataflow.cpp:41->kyber-mult-kernel-dataflow.cpp:83]   --->   Operation 262 'mul' 'qq_161' <Predicate = true> <Delay = 0.99> <CoreInst = "DSP48">   --->   Core 127 'DSP48' <Latency = 2> <II = 1> <Delay = 1.33> <IPBlock> <Opcode : '' 'add' 'sub' 'mul' 'select'> <InPorts = 0> <OutPorts = 1> <Sync> <CReg>
ST_4 : Operation 263 [1/3] (1.35ns)   --->   "%xm_163 = mul i28 %zext_ln36_178, i28 %zext_ln36_200" [kyber-mult-kernel-dataflow.cpp:36->kyber-mult-kernel-dataflow.cpp:85]   --->   Operation 263 'mul' 'xm_163' <Predicate = true> <Delay = 1.35> <CoreInst = "Mul_DSP">   --->   Core 5 'Mul_DSP' <Latency = 2> <II = 1> <Delay = 1.81> <FuncUnit> <Opcode : 'mul'> <InPorts = 2> <OutPorts = 1>
ST_4 : Operation 264 [1/1] (0.00ns)   --->   "%specfucore_ln37 = specfucore void @_ssdm_op_SpecFUCore, i28 %xm_163, i64 12, i64 3, i64 2" [kyber-mult-kernel-dataflow.cpp:37->kyber-mult-kernel-dataflow.cpp:85]   --->   Operation 264 'specfucore' 'specfucore_ln37' <Predicate = true> <Delay = 0.00>
ST_4 : Operation 265 [1/1] (0.00ns)   --->   "%tmp_52 = partselect i12 @_ssdm_op_PartSelect.i12.i28.i32.i32, i28 %xm_163, i32 16, i32 27" [kyber-mult-kernel-dataflow.cpp:39->kyber-mult-kernel-dataflow.cpp:85]   --->   Operation 265 'partselect' 'tmp_52' <Predicate = true> <Delay = 0.00>
ST_4 : Operation 266 [1/1] (0.00ns)   --->   "%zext_ln39_30 = zext i12 %tmp_52" [kyber-mult-kernel-dataflow.cpp:39->kyber-mult-kernel-dataflow.cpp:85]   --->   Operation 266 'zext' 'zext_ln39_30' <Predicate = true> <Delay = 0.00>
ST_4 : Operation 267 [2/3] (1.34ns)   --->   "%xw_163 = mul i24 %zext_ln36_199, i24 %w_cast" [kyber-mult-kernel-dataflow.cpp:39->kyber-mult-kernel-dataflow.cpp:85]   --->   Operation 267 'mul' 'xw_163' <Predicate = true> <Delay = 1.34> <CoreInst = "Mul_DSP">   --->   Core 5 'Mul_DSP' <Latency = 2> <II = 1> <Delay = 1.79> <FuncUnit> <Opcode : 'mul'> <InPorts = 2> <OutPorts = 1>
ST_4 : Operation 268 [3/3] (0.99ns) (grouped into DSP with root node r_163)   --->   "%qq_163 = mul i24 %zext_ln39_30, i24 3329" [kyber-mult-kernel-dataflow.cpp:41->kyber-mult-kernel-dataflow.cpp:85]   --->   Operation 268 'mul' 'qq_163' <Predicate = true> <Delay = 0.99> <CoreInst = "DSP48">   --->   Core 127 'DSP48' <Latency = 2> <II = 1> <Delay = 1.33> <IPBlock> <Opcode : '' 'add' 'sub' 'mul' 'select'> <InPorts = 0> <OutPorts = 1> <Sync> <CReg>
ST_4 : Operation 269 [1/3] (1.35ns)   --->   "%xm_165 = mul i28 %zext_ln36_179, i28 %zext_ln36_202" [kyber-mult-kernel-dataflow.cpp:36->kyber-mult-kernel-dataflow.cpp:85]   --->   Operation 269 'mul' 'xm_165' <Predicate = true> <Delay = 1.35> <CoreInst = "Mul_DSP">   --->   Core 5 'Mul_DSP' <Latency = 2> <II = 1> <Delay = 1.81> <FuncUnit> <Opcode : 'mul'> <InPorts = 2> <OutPorts = 1>
ST_4 : Operation 270 [1/1] (0.00ns)   --->   "%specfucore_ln37 = specfucore void @_ssdm_op_SpecFUCore, i28 %xm_165, i64 12, i64 3, i64 2" [kyber-mult-kernel-dataflow.cpp:37->kyber-mult-kernel-dataflow.cpp:85]   --->   Operation 270 'specfucore' 'specfucore_ln37' <Predicate = true> <Delay = 0.00>
ST_4 : Operation 271 [1/1] (0.00ns)   --->   "%tmp_53 = partselect i12 @_ssdm_op_PartSelect.i12.i28.i32.i32, i28 %xm_165, i32 16, i32 27" [kyber-mult-kernel-dataflow.cpp:39->kyber-mult-kernel-dataflow.cpp:85]   --->   Operation 271 'partselect' 'tmp_53' <Predicate = true> <Delay = 0.00>
ST_4 : Operation 272 [1/1] (0.00ns)   --->   "%zext_ln39_31 = zext i12 %tmp_53" [kyber-mult-kernel-dataflow.cpp:39->kyber-mult-kernel-dataflow.cpp:85]   --->   Operation 272 'zext' 'zext_ln39_31' <Predicate = true> <Delay = 0.00>
ST_4 : Operation 273 [2/3] (1.34ns)   --->   "%xw_165 = mul i24 %zext_ln36_201, i24 %w_16_cast" [kyber-mult-kernel-dataflow.cpp:39->kyber-mult-kernel-dataflow.cpp:85]   --->   Operation 273 'mul' 'xw_165' <Predicate = true> <Delay = 1.34> <CoreInst = "Mul_DSP">   --->   Core 5 'Mul_DSP' <Latency = 2> <II = 1> <Delay = 1.79> <FuncUnit> <Opcode : 'mul'> <InPorts = 2> <OutPorts = 1>
ST_4 : Operation 274 [3/3] (0.99ns) (grouped into DSP with root node r_165)   --->   "%qq_165 = mul i24 %zext_ln39_31, i24 3329" [kyber-mult-kernel-dataflow.cpp:41->kyber-mult-kernel-dataflow.cpp:85]   --->   Operation 274 'mul' 'qq_165' <Predicate = true> <Delay = 0.99> <CoreInst = "DSP48">   --->   Core 127 'DSP48' <Latency = 2> <II = 1> <Delay = 1.33> <IPBlock> <Opcode : '' 'add' 'sub' 'mul' 'select'> <InPorts = 0> <OutPorts = 1> <Sync> <CReg>
ST_4 : Operation 275 [1/3] (1.35ns)   --->   "%xm_167 = mul i28 %zext_ln36_180, i28 %zext_ln36_204" [kyber-mult-kernel-dataflow.cpp:36->kyber-mult-kernel-dataflow.cpp:85]   --->   Operation 275 'mul' 'xm_167' <Predicate = true> <Delay = 1.35> <CoreInst = "Mul_DSP">   --->   Core 5 'Mul_DSP' <Latency = 2> <II = 1> <Delay = 1.81> <FuncUnit> <Opcode : 'mul'> <InPorts = 2> <OutPorts = 1>
ST_4 : Operation 276 [1/1] (0.00ns)   --->   "%specfucore_ln37 = specfucore void @_ssdm_op_SpecFUCore, i28 %xm_167, i64 12, i64 3, i64 2" [kyber-mult-kernel-dataflow.cpp:37->kyber-mult-kernel-dataflow.cpp:85]   --->   Operation 276 'specfucore' 'specfucore_ln37' <Predicate = true> <Delay = 0.00>
ST_4 : Operation 277 [1/1] (0.00ns)   --->   "%tmp_54 = partselect i12 @_ssdm_op_PartSelect.i12.i28.i32.i32, i28 %xm_167, i32 16, i32 27" [kyber-mult-kernel-dataflow.cpp:39->kyber-mult-kernel-dataflow.cpp:85]   --->   Operation 277 'partselect' 'tmp_54' <Predicate = true> <Delay = 0.00>
ST_4 : Operation 278 [1/1] (0.00ns)   --->   "%zext_ln39_32 = zext i12 %tmp_54" [kyber-mult-kernel-dataflow.cpp:39->kyber-mult-kernel-dataflow.cpp:85]   --->   Operation 278 'zext' 'zext_ln39_32' <Predicate = true> <Delay = 0.00>
ST_4 : Operation 279 [2/3] (1.34ns)   --->   "%xw_167 = mul i24 %zext_ln36_203, i24 %w_17_cast" [kyber-mult-kernel-dataflow.cpp:39->kyber-mult-kernel-dataflow.cpp:85]   --->   Operation 279 'mul' 'xw_167' <Predicate = true> <Delay = 1.34> <CoreInst = "Mul_DSP">   --->   Core 5 'Mul_DSP' <Latency = 2> <II = 1> <Delay = 1.79> <FuncUnit> <Opcode : 'mul'> <InPorts = 2> <OutPorts = 1>
ST_4 : Operation 280 [3/3] (0.99ns) (grouped into DSP with root node r_167)   --->   "%qq_167 = mul i24 %zext_ln39_32, i24 3329" [kyber-mult-kernel-dataflow.cpp:41->kyber-mult-kernel-dataflow.cpp:85]   --->   Operation 280 'mul' 'qq_167' <Predicate = true> <Delay = 0.99> <CoreInst = "DSP48">   --->   Core 127 'DSP48' <Latency = 2> <II = 1> <Delay = 1.33> <IPBlock> <Opcode : '' 'add' 'sub' 'mul' 'select'> <InPorts = 0> <OutPorts = 1> <Sync> <CReg>
ST_4 : Operation 281 [1/3] (1.35ns)   --->   "%xm_169 = mul i28 %zext_ln36_181, i28 %zext_ln36_206" [kyber-mult-kernel-dataflow.cpp:36->kyber-mult-kernel-dataflow.cpp:85]   --->   Operation 281 'mul' 'xm_169' <Predicate = true> <Delay = 1.35> <CoreInst = "Mul_DSP">   --->   Core 5 'Mul_DSP' <Latency = 2> <II = 1> <Delay = 1.81> <FuncUnit> <Opcode : 'mul'> <InPorts = 2> <OutPorts = 1>
ST_4 : Operation 282 [1/1] (0.00ns)   --->   "%specfucore_ln37 = specfucore void @_ssdm_op_SpecFUCore, i28 %xm_169, i64 12, i64 3, i64 2" [kyber-mult-kernel-dataflow.cpp:37->kyber-mult-kernel-dataflow.cpp:85]   --->   Operation 282 'specfucore' 'specfucore_ln37' <Predicate = true> <Delay = 0.00>
ST_4 : Operation 283 [1/1] (0.00ns)   --->   "%tmp_55 = partselect i12 @_ssdm_op_PartSelect.i12.i28.i32.i32, i28 %xm_169, i32 16, i32 27" [kyber-mult-kernel-dataflow.cpp:39->kyber-mult-kernel-dataflow.cpp:85]   --->   Operation 283 'partselect' 'tmp_55' <Predicate = true> <Delay = 0.00>
ST_4 : Operation 284 [1/1] (0.00ns)   --->   "%zext_ln39_33 = zext i12 %tmp_55" [kyber-mult-kernel-dataflow.cpp:39->kyber-mult-kernel-dataflow.cpp:85]   --->   Operation 284 'zext' 'zext_ln39_33' <Predicate = true> <Delay = 0.00>
ST_4 : Operation 285 [2/3] (1.34ns)   --->   "%xw_169 = mul i24 %zext_ln36_205, i24 %w_18_cast" [kyber-mult-kernel-dataflow.cpp:39->kyber-mult-kernel-dataflow.cpp:85]   --->   Operation 285 'mul' 'xw_169' <Predicate = true> <Delay = 1.34> <CoreInst = "Mul_DSP">   --->   Core 5 'Mul_DSP' <Latency = 2> <II = 1> <Delay = 1.79> <FuncUnit> <Opcode : 'mul'> <InPorts = 2> <OutPorts = 1>
ST_4 : Operation 286 [3/3] (0.99ns) (grouped into DSP with root node r_169)   --->   "%qq_169 = mul i24 %zext_ln39_33, i24 3329" [kyber-mult-kernel-dataflow.cpp:41->kyber-mult-kernel-dataflow.cpp:85]   --->   Operation 286 'mul' 'qq_169' <Predicate = true> <Delay = 0.99> <CoreInst = "DSP48">   --->   Core 127 'DSP48' <Latency = 2> <II = 1> <Delay = 1.33> <IPBlock> <Opcode : '' 'add' 'sub' 'mul' 'select'> <InPorts = 0> <OutPorts = 1> <Sync> <CReg>
ST_4 : Operation 287 [1/3] (1.35ns)   --->   "%xm_171 = mul i28 %zext_ln36_182, i28 %zext_ln36_208" [kyber-mult-kernel-dataflow.cpp:36->kyber-mult-kernel-dataflow.cpp:85]   --->   Operation 287 'mul' 'xm_171' <Predicate = true> <Delay = 1.35> <CoreInst = "Mul_DSP">   --->   Core 5 'Mul_DSP' <Latency = 2> <II = 1> <Delay = 1.81> <FuncUnit> <Opcode : 'mul'> <InPorts = 2> <OutPorts = 1>
ST_4 : Operation 288 [1/1] (0.00ns)   --->   "%specfucore_ln37 = specfucore void @_ssdm_op_SpecFUCore, i28 %xm_171, i64 12, i64 3, i64 2" [kyber-mult-kernel-dataflow.cpp:37->kyber-mult-kernel-dataflow.cpp:85]   --->   Operation 288 'specfucore' 'specfucore_ln37' <Predicate = true> <Delay = 0.00>
ST_4 : Operation 289 [1/1] (0.00ns)   --->   "%tmp_56 = partselect i12 @_ssdm_op_PartSelect.i12.i28.i32.i32, i28 %xm_171, i32 16, i32 27" [kyber-mult-kernel-dataflow.cpp:39->kyber-mult-kernel-dataflow.cpp:85]   --->   Operation 289 'partselect' 'tmp_56' <Predicate = true> <Delay = 0.00>
ST_4 : Operation 290 [1/1] (0.00ns)   --->   "%zext_ln39_34 = zext i12 %tmp_56" [kyber-mult-kernel-dataflow.cpp:39->kyber-mult-kernel-dataflow.cpp:85]   --->   Operation 290 'zext' 'zext_ln39_34' <Predicate = true> <Delay = 0.00>
ST_4 : Operation 291 [2/3] (1.34ns)   --->   "%xw_171 = mul i24 %zext_ln36_207, i24 %w_19_cast" [kyber-mult-kernel-dataflow.cpp:39->kyber-mult-kernel-dataflow.cpp:85]   --->   Operation 291 'mul' 'xw_171' <Predicate = true> <Delay = 1.34> <CoreInst = "Mul_DSP">   --->   Core 5 'Mul_DSP' <Latency = 2> <II = 1> <Delay = 1.79> <FuncUnit> <Opcode : 'mul'> <InPorts = 2> <OutPorts = 1>
ST_4 : Operation 292 [3/3] (0.99ns) (grouped into DSP with root node r_171)   --->   "%qq_171 = mul i24 %zext_ln39_34, i24 3329" [kyber-mult-kernel-dataflow.cpp:41->kyber-mult-kernel-dataflow.cpp:85]   --->   Operation 292 'mul' 'qq_171' <Predicate = true> <Delay = 0.99> <CoreInst = "DSP48">   --->   Core 127 'DSP48' <Latency = 2> <II = 1> <Delay = 1.33> <IPBlock> <Opcode : '' 'add' 'sub' 'mul' 'select'> <InPorts = 0> <OutPorts = 1> <Sync> <CReg>
ST_4 : Operation 293 [1/3] (1.35ns)   --->   "%xm_173 = mul i28 %zext_ln36_183, i28 %zext_ln36_210" [kyber-mult-kernel-dataflow.cpp:36->kyber-mult-kernel-dataflow.cpp:85]   --->   Operation 293 'mul' 'xm_173' <Predicate = true> <Delay = 1.35> <CoreInst = "Mul_DSP">   --->   Core 5 'Mul_DSP' <Latency = 2> <II = 1> <Delay = 1.81> <FuncUnit> <Opcode : 'mul'> <InPorts = 2> <OutPorts = 1>
ST_4 : Operation 294 [1/1] (0.00ns)   --->   "%specfucore_ln37 = specfucore void @_ssdm_op_SpecFUCore, i28 %xm_173, i64 12, i64 3, i64 2" [kyber-mult-kernel-dataflow.cpp:37->kyber-mult-kernel-dataflow.cpp:85]   --->   Operation 294 'specfucore' 'specfucore_ln37' <Predicate = true> <Delay = 0.00>
ST_4 : Operation 295 [1/1] (0.00ns)   --->   "%tmp_57 = partselect i12 @_ssdm_op_PartSelect.i12.i28.i32.i32, i28 %xm_173, i32 16, i32 27" [kyber-mult-kernel-dataflow.cpp:39->kyber-mult-kernel-dataflow.cpp:85]   --->   Operation 295 'partselect' 'tmp_57' <Predicate = true> <Delay = 0.00>
ST_4 : Operation 296 [1/1] (0.00ns)   --->   "%zext_ln39_35 = zext i12 %tmp_57" [kyber-mult-kernel-dataflow.cpp:39->kyber-mult-kernel-dataflow.cpp:85]   --->   Operation 296 'zext' 'zext_ln39_35' <Predicate = true> <Delay = 0.00>
ST_4 : Operation 297 [2/3] (1.34ns)   --->   "%xw_173 = mul i24 %zext_ln36_209, i24 %w_20_cast" [kyber-mult-kernel-dataflow.cpp:39->kyber-mult-kernel-dataflow.cpp:85]   --->   Operation 297 'mul' 'xw_173' <Predicate = true> <Delay = 1.34> <CoreInst = "Mul_DSP">   --->   Core 5 'Mul_DSP' <Latency = 2> <II = 1> <Delay = 1.79> <FuncUnit> <Opcode : 'mul'> <InPorts = 2> <OutPorts = 1>
ST_4 : Operation 298 [3/3] (0.99ns) (grouped into DSP with root node r_173)   --->   "%qq_173 = mul i24 %zext_ln39_35, i24 3329" [kyber-mult-kernel-dataflow.cpp:41->kyber-mult-kernel-dataflow.cpp:85]   --->   Operation 298 'mul' 'qq_173' <Predicate = true> <Delay = 0.99> <CoreInst = "DSP48">   --->   Core 127 'DSP48' <Latency = 2> <II = 1> <Delay = 1.33> <IPBlock> <Opcode : '' 'add' 'sub' 'mul' 'select'> <InPorts = 0> <OutPorts = 1> <Sync> <CReg>
ST_4 : Operation 299 [1/3] (1.35ns)   --->   "%xm_175 = mul i28 %zext_ln36_184, i28 %zext_ln36_212" [kyber-mult-kernel-dataflow.cpp:36->kyber-mult-kernel-dataflow.cpp:85]   --->   Operation 299 'mul' 'xm_175' <Predicate = true> <Delay = 1.35> <CoreInst = "Mul_DSP">   --->   Core 5 'Mul_DSP' <Latency = 2> <II = 1> <Delay = 1.81> <FuncUnit> <Opcode : 'mul'> <InPorts = 2> <OutPorts = 1>
ST_4 : Operation 300 [1/1] (0.00ns)   --->   "%specfucore_ln37 = specfucore void @_ssdm_op_SpecFUCore, i28 %xm_175, i64 12, i64 3, i64 2" [kyber-mult-kernel-dataflow.cpp:37->kyber-mult-kernel-dataflow.cpp:85]   --->   Operation 300 'specfucore' 'specfucore_ln37' <Predicate = true> <Delay = 0.00>
ST_4 : Operation 301 [1/1] (0.00ns)   --->   "%tmp_58 = partselect i12 @_ssdm_op_PartSelect.i12.i28.i32.i32, i28 %xm_175, i32 16, i32 27" [kyber-mult-kernel-dataflow.cpp:39->kyber-mult-kernel-dataflow.cpp:85]   --->   Operation 301 'partselect' 'tmp_58' <Predicate = true> <Delay = 0.00>
ST_4 : Operation 302 [1/1] (0.00ns)   --->   "%zext_ln39_36 = zext i12 %tmp_58" [kyber-mult-kernel-dataflow.cpp:39->kyber-mult-kernel-dataflow.cpp:85]   --->   Operation 302 'zext' 'zext_ln39_36' <Predicate = true> <Delay = 0.00>
ST_4 : Operation 303 [2/3] (1.34ns)   --->   "%xw_175 = mul i24 %zext_ln36_211, i24 %w_21_cast" [kyber-mult-kernel-dataflow.cpp:39->kyber-mult-kernel-dataflow.cpp:85]   --->   Operation 303 'mul' 'xw_175' <Predicate = true> <Delay = 1.34> <CoreInst = "Mul_DSP">   --->   Core 5 'Mul_DSP' <Latency = 2> <II = 1> <Delay = 1.79> <FuncUnit> <Opcode : 'mul'> <InPorts = 2> <OutPorts = 1>
ST_4 : Operation 304 [3/3] (0.99ns) (grouped into DSP with root node r_175)   --->   "%qq_175 = mul i24 %zext_ln39_36, i24 3329" [kyber-mult-kernel-dataflow.cpp:41->kyber-mult-kernel-dataflow.cpp:85]   --->   Operation 304 'mul' 'qq_175' <Predicate = true> <Delay = 0.99> <CoreInst = "DSP48">   --->   Core 127 'DSP48' <Latency = 2> <II = 1> <Delay = 1.33> <IPBlock> <Opcode : '' 'add' 'sub' 'mul' 'select'> <InPorts = 0> <OutPorts = 1> <Sync> <CReg>
ST_4 : Operation 305 [1/3] (1.35ns)   --->   "%xm_162 = mul i28 %zext_ln36_198, i28 %zext_ln36_213" [kyber-mult-kernel-dataflow.cpp:36->kyber-mult-kernel-dataflow.cpp:85]   --->   Operation 305 'mul' 'xm_162' <Predicate = true> <Delay = 1.35> <CoreInst = "Mul_DSP">   --->   Core 5 'Mul_DSP' <Latency = 2> <II = 1> <Delay = 1.81> <FuncUnit> <Opcode : 'mul'> <InPorts = 2> <OutPorts = 1>
ST_4 : Operation 306 [1/1] (0.00ns)   --->   "%specfucore_ln37 = specfucore void @_ssdm_op_SpecFUCore, i28 %xm_162, i64 12, i64 3, i64 2" [kyber-mult-kernel-dataflow.cpp:37->kyber-mult-kernel-dataflow.cpp:85]   --->   Operation 306 'specfucore' 'specfucore_ln37' <Predicate = true> <Delay = 0.00>
ST_4 : Operation 307 [1/1] (0.00ns)   --->   "%tmp_59 = partselect i12 @_ssdm_op_PartSelect.i12.i28.i32.i32, i28 %xm_162, i32 16, i32 27" [kyber-mult-kernel-dataflow.cpp:38->kyber-mult-kernel-dataflow.cpp:85]   --->   Operation 307 'partselect' 'tmp_59' <Predicate = true> <Delay = 0.00>
ST_4 : Operation 308 [1/1] (0.00ns)   --->   "%zext_ln38_6 = zext i12 %tmp_59" [kyber-mult-kernel-dataflow.cpp:38->kyber-mult-kernel-dataflow.cpp:85]   --->   Operation 308 'zext' 'zext_ln38_6' <Predicate = true> <Delay = 0.00>
ST_4 : Operation 309 [2/3] (1.34ns)   --->   "%xw_162 = mul i24 %zext_ln34_6, i24 %w_22_cast" [kyber-mult-kernel-dataflow.cpp:39->kyber-mult-kernel-dataflow.cpp:85]   --->   Operation 309 'mul' 'xw_162' <Predicate = true> <Delay = 1.34> <CoreInst = "Mul_DSP">   --->   Core 5 'Mul_DSP' <Latency = 2> <II = 1> <Delay = 1.79> <FuncUnit> <Opcode : 'mul'> <InPorts = 2> <OutPorts = 1>
ST_4 : Operation 310 [3/3] (0.99ns) (grouped into DSP with root node r_162)   --->   "%qq_162 = mul i24 %zext_ln38_6, i24 3329" [kyber-mult-kernel-dataflow.cpp:41->kyber-mult-kernel-dataflow.cpp:85]   --->   Operation 310 'mul' 'qq_162' <Predicate = true> <Delay = 0.99> <CoreInst = "DSP48">   --->   Core 127 'DSP48' <Latency = 2> <II = 1> <Delay = 1.33> <IPBlock> <Opcode : '' 'add' 'sub' 'mul' 'select'> <InPorts = 0> <OutPorts = 1> <Sync> <CReg>

State 5 <SV = 4> <Delay = 1.34>
ST_5 : Operation 311 [1/1] (0.00ns)   --->   "%sA_0_addr = getelementptr i12 %sA_0, i64 0, i64 %zext_ln82" [kyber-mult-kernel-dataflow.cpp:83]   --->   Operation 311 'getelementptr' 'sA_0_addr' <Predicate = true> <Delay = 0.00>
ST_5 : Operation 312 [2/2] (0.67ns)   --->   "%uA = load i4 %sA_0_addr" [kyber-mult-kernel-dataflow.cpp:83]   --->   Operation 312 'load' 'uA' <Predicate = true> <Delay = 0.67> <CoreInst = "RAM">   --->   Core 83 'RAM' <Latency = 1> <II = 1> <Delay = 0.67> <Storage> <Opcode : 'load' 'store'> <Ports = 2> <Width = 12> <Depth = 16> <RAM>
ST_5 : Operation 313 [1/3] (1.34ns)   --->   "%xw = mul i24 %zext_ln34, i24 %w_cast" [kyber-mult-kernel-dataflow.cpp:39->kyber-mult-kernel-dataflow.cpp:83]   --->   Operation 313 'mul' 'xw' <Predicate = true> <Delay = 1.34> <CoreInst = "Mul_DSP">   --->   Core 5 'Mul_DSP' <Latency = 2> <II = 1> <Delay = 1.79> <FuncUnit> <Opcode : 'mul'> <InPorts = 2> <OutPorts = 1>
ST_5 : Operation 314 [1/1] (0.00ns)   --->   "%specfucore_ln40 = specfucore void @_ssdm_op_SpecFUCore, i24 %xw, i64 12, i64 3, i64 2" [kyber-mult-kernel-dataflow.cpp:40->kyber-mult-kernel-dataflow.cpp:83]   --->   Operation 314 'specfucore' 'specfucore_ln40' <Predicate = true> <Delay = 0.00>
ST_5 : Operation 315 [2/3] (0.99ns) (grouped into DSP with root node r)   --->   "%qq = mul i24 %zext_ln38, i24 3329" [kyber-mult-kernel-dataflow.cpp:41->kyber-mult-kernel-dataflow.cpp:83]   --->   Operation 315 'mul' 'qq' <Predicate = true> <Delay = 0.99> <CoreInst = "DSP48">   --->   Core 127 'DSP48' <Latency = 2> <II = 1> <Delay = 1.33> <IPBlock> <Opcode : '' 'add' 'sub' 'mul' 'select'> <InPorts = 0> <OutPorts = 1> <Sync> <CReg>
ST_5 : Operation 316 [1/1] (0.00ns)   --->   "%sB_0_addr = getelementptr i12 %sB_0, i64 0, i64 %zext_ln82" [kyber-mult-kernel-dataflow.cpp:85]   --->   Operation 316 'getelementptr' 'sB_0_addr' <Predicate = true> <Delay = 0.00>
ST_5 : Operation 317 [1/1] (0.00ns)   --->   "%sA_1_addr = getelementptr i12 %sA_1, i64 0, i64 %zext_ln82" [kyber-mult-kernel-dataflow.cpp:83]   --->   Operation 317 'getelementptr' 'sA_1_addr' <Predicate = true> <Delay = 0.00>
ST_5 : Operation 318 [1/1] (0.00ns)   --->   "%sB_1_addr = getelementptr i12 %sB_1, i64 0, i64 %zext_ln82" [kyber-mult-kernel-dataflow.cpp:85]   --->   Operation 318 'getelementptr' 'sB_1_addr' <Predicate = true> <Delay = 0.00>
ST_5 : Operation 319 [1/1] (0.00ns)   --->   "%sA_2_addr = getelementptr i12 %sA_2, i64 0, i64 %zext_ln82" [kyber-mult-kernel-dataflow.cpp:83]   --->   Operation 319 'getelementptr' 'sA_2_addr' <Predicate = true> <Delay = 0.00>
ST_5 : Operation 320 [1/1] (0.00ns)   --->   "%sB_2_addr = getelementptr i12 %sB_2, i64 0, i64 %zext_ln82" [kyber-mult-kernel-dataflow.cpp:85]   --->   Operation 320 'getelementptr' 'sB_2_addr' <Predicate = true> <Delay = 0.00>
ST_5 : Operation 321 [1/1] (0.00ns)   --->   "%sA_3_addr = getelementptr i12 %sA_3, i64 0, i64 %zext_ln82" [kyber-mult-kernel-dataflow.cpp:83]   --->   Operation 321 'getelementptr' 'sA_3_addr' <Predicate = true> <Delay = 0.00>
ST_5 : Operation 322 [1/1] (0.00ns)   --->   "%sB_3_addr = getelementptr i12 %sB_3, i64 0, i64 %zext_ln82" [kyber-mult-kernel-dataflow.cpp:85]   --->   Operation 322 'getelementptr' 'sB_3_addr' <Predicate = true> <Delay = 0.00>
ST_5 : Operation 323 [1/1] (0.00ns)   --->   "%sA_8_addr = getelementptr i12 %sA_8, i64 0, i64 %zext_ln82" [kyber-mult-kernel-dataflow.cpp:83]   --->   Operation 323 'getelementptr' 'sA_8_addr' <Predicate = true> <Delay = 0.00>
ST_5 : Operation 324 [1/1] (0.00ns)   --->   "%sB_8_addr = getelementptr i12 %sB_8, i64 0, i64 %zext_ln82" [kyber-mult-kernel-dataflow.cpp:85]   --->   Operation 324 'getelementptr' 'sB_8_addr' <Predicate = true> <Delay = 0.00>
ST_5 : Operation 325 [1/1] (0.00ns)   --->   "%sA_9_addr = getelementptr i12 %sA_9, i64 0, i64 %zext_ln82" [kyber-mult-kernel-dataflow.cpp:83]   --->   Operation 325 'getelementptr' 'sA_9_addr' <Predicate = true> <Delay = 0.00>
ST_5 : Operation 326 [1/1] (0.00ns)   --->   "%sB_9_addr = getelementptr i12 %sB_9, i64 0, i64 %zext_ln82" [kyber-mult-kernel-dataflow.cpp:85]   --->   Operation 326 'getelementptr' 'sB_9_addr' <Predicate = true> <Delay = 0.00>
ST_5 : Operation 327 [1/1] (0.00ns)   --->   "%sA_10_addr = getelementptr i12 %sA_10, i64 0, i64 %zext_ln82" [kyber-mult-kernel-dataflow.cpp:83]   --->   Operation 327 'getelementptr' 'sA_10_addr' <Predicate = true> <Delay = 0.00>
ST_5 : Operation 328 [1/1] (0.00ns)   --->   "%sB_10_addr = getelementptr i12 %sB_10, i64 0, i64 %zext_ln82" [kyber-mult-kernel-dataflow.cpp:85]   --->   Operation 328 'getelementptr' 'sB_10_addr' <Predicate = true> <Delay = 0.00>
ST_5 : Operation 329 [1/1] (0.00ns)   --->   "%sA_11_addr = getelementptr i12 %sA_11, i64 0, i64 %zext_ln82" [kyber-mult-kernel-dataflow.cpp:83]   --->   Operation 329 'getelementptr' 'sA_11_addr' <Predicate = true> <Delay = 0.00>
ST_5 : Operation 330 [2/2] (0.67ns)   --->   "%uA_29 = load i4 %sA_1_addr" [kyber-mult-kernel-dataflow.cpp:83]   --->   Operation 330 'load' 'uA_29' <Predicate = true> <Delay = 0.67> <CoreInst = "RAM">   --->   Core 83 'RAM' <Latency = 1> <II = 1> <Delay = 0.67> <Storage> <Opcode : 'load' 'store'> <Ports = 2> <Width = 12> <Depth = 16> <RAM>
ST_5 : Operation 331 [1/3] (1.34ns)   --->   "%xw_164 = mul i24 %zext_ln36_185, i24 %w_16_cast" [kyber-mult-kernel-dataflow.cpp:39->kyber-mult-kernel-dataflow.cpp:83]   --->   Operation 331 'mul' 'xw_164' <Predicate = true> <Delay = 1.34> <CoreInst = "Mul_DSP">   --->   Core 5 'Mul_DSP' <Latency = 2> <II = 1> <Delay = 1.79> <FuncUnit> <Opcode : 'mul'> <InPorts = 2> <OutPorts = 1>
ST_5 : Operation 332 [1/1] (0.00ns)   --->   "%specfucore_ln40 = specfucore void @_ssdm_op_SpecFUCore, i24 %xw_164, i64 12, i64 3, i64 2" [kyber-mult-kernel-dataflow.cpp:40->kyber-mult-kernel-dataflow.cpp:83]   --->   Operation 332 'specfucore' 'specfucore_ln40' <Predicate = true> <Delay = 0.00>
ST_5 : Operation 333 [2/3] (0.99ns) (grouped into DSP with root node r_164)   --->   "%qq_164 = mul i24 %zext_ln39, i24 3329" [kyber-mult-kernel-dataflow.cpp:41->kyber-mult-kernel-dataflow.cpp:83]   --->   Operation 333 'mul' 'qq_164' <Predicate = true> <Delay = 0.99> <CoreInst = "DSP48">   --->   Core 127 'DSP48' <Latency = 2> <II = 1> <Delay = 1.33> <IPBlock> <Opcode : '' 'add' 'sub' 'mul' 'select'> <InPorts = 0> <OutPorts = 1> <Sync> <CReg>
ST_5 : Operation 334 [2/2] (0.67ns)   --->   "%uA_30 = load i4 %sA_2_addr" [kyber-mult-kernel-dataflow.cpp:83]   --->   Operation 334 'load' 'uA_30' <Predicate = true> <Delay = 0.67> <CoreInst = "RAM">   --->   Core 83 'RAM' <Latency = 1> <II = 1> <Delay = 0.67> <Storage> <Opcode : 'load' 'store'> <Ports = 2> <Width = 12> <Depth = 16> <RAM>
ST_5 : Operation 335 [1/3] (1.34ns)   --->   "%xw_166 = mul i24 %zext_ln36_187, i24 %w_17_cast" [kyber-mult-kernel-dataflow.cpp:39->kyber-mult-kernel-dataflow.cpp:83]   --->   Operation 335 'mul' 'xw_166' <Predicate = true> <Delay = 1.34> <CoreInst = "Mul_DSP">   --->   Core 5 'Mul_DSP' <Latency = 2> <II = 1> <Delay = 1.79> <FuncUnit> <Opcode : 'mul'> <InPorts = 2> <OutPorts = 1>
ST_5 : Operation 336 [1/1] (0.00ns)   --->   "%specfucore_ln40 = specfucore void @_ssdm_op_SpecFUCore, i24 %xw_166, i64 12, i64 3, i64 2" [kyber-mult-kernel-dataflow.cpp:40->kyber-mult-kernel-dataflow.cpp:83]   --->   Operation 336 'specfucore' 'specfucore_ln40' <Predicate = true> <Delay = 0.00>
ST_5 : Operation 337 [2/3] (0.99ns) (grouped into DSP with root node r_166)   --->   "%qq_166 = mul i24 %zext_ln39_25, i24 3329" [kyber-mult-kernel-dataflow.cpp:41->kyber-mult-kernel-dataflow.cpp:83]   --->   Operation 337 'mul' 'qq_166' <Predicate = true> <Delay = 0.99> <CoreInst = "DSP48">   --->   Core 127 'DSP48' <Latency = 2> <II = 1> <Delay = 1.33> <IPBlock> <Opcode : '' 'add' 'sub' 'mul' 'select'> <InPorts = 0> <OutPorts = 1> <Sync> <CReg>
ST_5 : Operation 338 [2/2] (0.67ns)   --->   "%uA_31 = load i4 %sA_3_addr" [kyber-mult-kernel-dataflow.cpp:83]   --->   Operation 338 'load' 'uA_31' <Predicate = true> <Delay = 0.67> <CoreInst = "RAM">   --->   Core 83 'RAM' <Latency = 1> <II = 1> <Delay = 0.67> <Storage> <Opcode : 'load' 'store'> <Ports = 2> <Width = 12> <Depth = 16> <RAM>
ST_5 : Operation 339 [1/3] (1.34ns)   --->   "%xw_168 = mul i24 %zext_ln36_189, i24 %w_18_cast" [kyber-mult-kernel-dataflow.cpp:39->kyber-mult-kernel-dataflow.cpp:83]   --->   Operation 339 'mul' 'xw_168' <Predicate = true> <Delay = 1.34> <CoreInst = "Mul_DSP">   --->   Core 5 'Mul_DSP' <Latency = 2> <II = 1> <Delay = 1.79> <FuncUnit> <Opcode : 'mul'> <InPorts = 2> <OutPorts = 1>
ST_5 : Operation 340 [1/1] (0.00ns)   --->   "%specfucore_ln40 = specfucore void @_ssdm_op_SpecFUCore, i24 %xw_168, i64 12, i64 3, i64 2" [kyber-mult-kernel-dataflow.cpp:40->kyber-mult-kernel-dataflow.cpp:83]   --->   Operation 340 'specfucore' 'specfucore_ln40' <Predicate = true> <Delay = 0.00>
ST_5 : Operation 341 [2/3] (0.99ns) (grouped into DSP with root node r_168)   --->   "%qq_168 = mul i24 %zext_ln39_26, i24 3329" [kyber-mult-kernel-dataflow.cpp:41->kyber-mult-kernel-dataflow.cpp:83]   --->   Operation 341 'mul' 'qq_168' <Predicate = true> <Delay = 0.99> <CoreInst = "DSP48">   --->   Core 127 'DSP48' <Latency = 2> <II = 1> <Delay = 1.33> <IPBlock> <Opcode : '' 'add' 'sub' 'mul' 'select'> <InPorts = 0> <OutPorts = 1> <Sync> <CReg>
ST_5 : Operation 342 [2/2] (0.67ns)   --->   "%uA_32 = load i4 %sA_8_addr" [kyber-mult-kernel-dataflow.cpp:83]   --->   Operation 342 'load' 'uA_32' <Predicate = true> <Delay = 0.67> <CoreInst = "RAM">   --->   Core 83 'RAM' <Latency = 1> <II = 1> <Delay = 0.67> <Storage> <Opcode : 'load' 'store'> <Ports = 2> <Width = 12> <Depth = 16> <RAM>
ST_5 : Operation 343 [1/3] (1.34ns)   --->   "%xw_170 = mul i24 %zext_ln36_191, i24 %w_19_cast" [kyber-mult-kernel-dataflow.cpp:39->kyber-mult-kernel-dataflow.cpp:83]   --->   Operation 343 'mul' 'xw_170' <Predicate = true> <Delay = 1.34> <CoreInst = "Mul_DSP">   --->   Core 5 'Mul_DSP' <Latency = 2> <II = 1> <Delay = 1.79> <FuncUnit> <Opcode : 'mul'> <InPorts = 2> <OutPorts = 1>
ST_5 : Operation 344 [1/1] (0.00ns)   --->   "%specfucore_ln40 = specfucore void @_ssdm_op_SpecFUCore, i24 %xw_170, i64 12, i64 3, i64 2" [kyber-mult-kernel-dataflow.cpp:40->kyber-mult-kernel-dataflow.cpp:83]   --->   Operation 344 'specfucore' 'specfucore_ln40' <Predicate = true> <Delay = 0.00>
ST_5 : Operation 345 [2/3] (0.99ns) (grouped into DSP with root node r_170)   --->   "%qq_170 = mul i24 %zext_ln39_27, i24 3329" [kyber-mult-kernel-dataflow.cpp:41->kyber-mult-kernel-dataflow.cpp:83]   --->   Operation 345 'mul' 'qq_170' <Predicate = true> <Delay = 0.99> <CoreInst = "DSP48">   --->   Core 127 'DSP48' <Latency = 2> <II = 1> <Delay = 1.33> <IPBlock> <Opcode : '' 'add' 'sub' 'mul' 'select'> <InPorts = 0> <OutPorts = 1> <Sync> <CReg>
ST_5 : Operation 346 [2/2] (0.67ns)   --->   "%uA_33 = load i4 %sA_9_addr" [kyber-mult-kernel-dataflow.cpp:83]   --->   Operation 346 'load' 'uA_33' <Predicate = true> <Delay = 0.67> <CoreInst = "RAM">   --->   Core 83 'RAM' <Latency = 1> <II = 1> <Delay = 0.67> <Storage> <Opcode : 'load' 'store'> <Ports = 2> <Width = 12> <Depth = 16> <RAM>
ST_5 : Operation 347 [1/3] (1.34ns)   --->   "%xw_172 = mul i24 %zext_ln36_193, i24 %w_20_cast" [kyber-mult-kernel-dataflow.cpp:39->kyber-mult-kernel-dataflow.cpp:83]   --->   Operation 347 'mul' 'xw_172' <Predicate = true> <Delay = 1.34> <CoreInst = "Mul_DSP">   --->   Core 5 'Mul_DSP' <Latency = 2> <II = 1> <Delay = 1.79> <FuncUnit> <Opcode : 'mul'> <InPorts = 2> <OutPorts = 1>
ST_5 : Operation 348 [1/1] (0.00ns)   --->   "%specfucore_ln40 = specfucore void @_ssdm_op_SpecFUCore, i24 %xw_172, i64 12, i64 3, i64 2" [kyber-mult-kernel-dataflow.cpp:40->kyber-mult-kernel-dataflow.cpp:83]   --->   Operation 348 'specfucore' 'specfucore_ln40' <Predicate = true> <Delay = 0.00>
ST_5 : Operation 349 [2/3] (0.99ns) (grouped into DSP with root node r_172)   --->   "%qq_172 = mul i24 %zext_ln39_28, i24 3329" [kyber-mult-kernel-dataflow.cpp:41->kyber-mult-kernel-dataflow.cpp:83]   --->   Operation 349 'mul' 'qq_172' <Predicate = true> <Delay = 0.99> <CoreInst = "DSP48">   --->   Core 127 'DSP48' <Latency = 2> <II = 1> <Delay = 1.33> <IPBlock> <Opcode : '' 'add' 'sub' 'mul' 'select'> <InPorts = 0> <OutPorts = 1> <Sync> <CReg>
ST_5 : Operation 350 [2/2] (0.67ns)   --->   "%uA_34 = load i4 %sA_10_addr" [kyber-mult-kernel-dataflow.cpp:83]   --->   Operation 350 'load' 'uA_34' <Predicate = true> <Delay = 0.67> <CoreInst = "RAM">   --->   Core 83 'RAM' <Latency = 1> <II = 1> <Delay = 0.67> <Storage> <Opcode : 'load' 'store'> <Ports = 2> <Width = 12> <Depth = 16> <RAM>
ST_5 : Operation 351 [1/3] (1.34ns)   --->   "%xw_174 = mul i24 %zext_ln36_195, i24 %w_21_cast" [kyber-mult-kernel-dataflow.cpp:39->kyber-mult-kernel-dataflow.cpp:83]   --->   Operation 351 'mul' 'xw_174' <Predicate = true> <Delay = 1.34> <CoreInst = "Mul_DSP">   --->   Core 5 'Mul_DSP' <Latency = 2> <II = 1> <Delay = 1.79> <FuncUnit> <Opcode : 'mul'> <InPorts = 2> <OutPorts = 1>
ST_5 : Operation 352 [1/1] (0.00ns)   --->   "%specfucore_ln40 = specfucore void @_ssdm_op_SpecFUCore, i24 %xw_174, i64 12, i64 3, i64 2" [kyber-mult-kernel-dataflow.cpp:40->kyber-mult-kernel-dataflow.cpp:83]   --->   Operation 352 'specfucore' 'specfucore_ln40' <Predicate = true> <Delay = 0.00>
ST_5 : Operation 353 [2/3] (0.99ns) (grouped into DSP with root node r_174)   --->   "%qq_174 = mul i24 %zext_ln39_29, i24 3329" [kyber-mult-kernel-dataflow.cpp:41->kyber-mult-kernel-dataflow.cpp:83]   --->   Operation 353 'mul' 'qq_174' <Predicate = true> <Delay = 0.99> <CoreInst = "DSP48">   --->   Core 127 'DSP48' <Latency = 2> <II = 1> <Delay = 1.33> <IPBlock> <Opcode : '' 'add' 'sub' 'mul' 'select'> <InPorts = 0> <OutPorts = 1> <Sync> <CReg>
ST_5 : Operation 354 [2/2] (0.67ns)   --->   "%uA_35 = load i4 %sA_11_addr" [kyber-mult-kernel-dataflow.cpp:83]   --->   Operation 354 'load' 'uA_35' <Predicate = true> <Delay = 0.67> <CoreInst = "RAM">   --->   Core 83 'RAM' <Latency = 1> <II = 1> <Delay = 0.67> <Storage> <Opcode : 'load' 'store'> <Ports = 2> <Width = 12> <Depth = 16> <RAM>
ST_5 : Operation 355 [1/3] (1.34ns)   --->   "%xw_161 = mul i24 %zext_ln34_5, i24 %w_22_cast" [kyber-mult-kernel-dataflow.cpp:39->kyber-mult-kernel-dataflow.cpp:83]   --->   Operation 355 'mul' 'xw_161' <Predicate = true> <Delay = 1.34> <CoreInst = "Mul_DSP">   --->   Core 5 'Mul_DSP' <Latency = 2> <II = 1> <Delay = 1.79> <FuncUnit> <Opcode : 'mul'> <InPorts = 2> <OutPorts = 1>
ST_5 : Operation 356 [1/1] (0.00ns)   --->   "%specfucore_ln40 = specfucore void @_ssdm_op_SpecFUCore, i24 %xw_161, i64 12, i64 3, i64 2" [kyber-mult-kernel-dataflow.cpp:40->kyber-mult-kernel-dataflow.cpp:83]   --->   Operation 356 'specfucore' 'specfucore_ln40' <Predicate = true> <Delay = 0.00>
ST_5 : Operation 357 [2/3] (0.99ns) (grouped into DSP with root node r_161)   --->   "%qq_161 = mul i24 %zext_ln38_5, i24 3329" [kyber-mult-kernel-dataflow.cpp:41->kyber-mult-kernel-dataflow.cpp:83]   --->   Operation 357 'mul' 'qq_161' <Predicate = true> <Delay = 0.99> <CoreInst = "DSP48">   --->   Core 127 'DSP48' <Latency = 2> <II = 1> <Delay = 1.33> <IPBlock> <Opcode : '' 'add' 'sub' 'mul' 'select'> <InPorts = 0> <OutPorts = 1> <Sync> <CReg>
ST_5 : Operation 358 [1/1] (0.00ns)   --->   "%sB_11_addr = getelementptr i12 %sB_11, i64 0, i64 %zext_ln82" [kyber-mult-kernel-dataflow.cpp:85]   --->   Operation 358 'getelementptr' 'sB_11_addr' <Predicate = true> <Delay = 0.00>
ST_5 : Operation 359 [2/2] (0.67ns)   --->   "%uB = load i4 %sB_0_addr" [kyber-mult-kernel-dataflow.cpp:85]   --->   Operation 359 'load' 'uB' <Predicate = true> <Delay = 0.67> <CoreInst = "RAM">   --->   Core 83 'RAM' <Latency = 1> <II = 1> <Delay = 0.67> <Storage> <Opcode : 'load' 'store'> <Ports = 2> <Width = 12> <Depth = 16> <RAM>
ST_5 : Operation 360 [1/3] (1.34ns)   --->   "%xw_163 = mul i24 %zext_ln36_199, i24 %w_cast" [kyber-mult-kernel-dataflow.cpp:39->kyber-mult-kernel-dataflow.cpp:85]   --->   Operation 360 'mul' 'xw_163' <Predicate = true> <Delay = 1.34> <CoreInst = "Mul_DSP">   --->   Core 5 'Mul_DSP' <Latency = 2> <II = 1> <Delay = 1.79> <FuncUnit> <Opcode : 'mul'> <InPorts = 2> <OutPorts = 1>
ST_5 : Operation 361 [1/1] (0.00ns)   --->   "%specfucore_ln40 = specfucore void @_ssdm_op_SpecFUCore, i24 %xw_163, i64 12, i64 3, i64 2" [kyber-mult-kernel-dataflow.cpp:40->kyber-mult-kernel-dataflow.cpp:85]   --->   Operation 361 'specfucore' 'specfucore_ln40' <Predicate = true> <Delay = 0.00>
ST_5 : Operation 362 [2/3] (0.99ns) (grouped into DSP with root node r_163)   --->   "%qq_163 = mul i24 %zext_ln39_30, i24 3329" [kyber-mult-kernel-dataflow.cpp:41->kyber-mult-kernel-dataflow.cpp:85]   --->   Operation 362 'mul' 'qq_163' <Predicate = true> <Delay = 0.99> <CoreInst = "DSP48">   --->   Core 127 'DSP48' <Latency = 2> <II = 1> <Delay = 1.33> <IPBlock> <Opcode : '' 'add' 'sub' 'mul' 'select'> <InPorts = 0> <OutPorts = 1> <Sync> <CReg>
ST_5 : Operation 363 [2/2] (0.67ns)   --->   "%uB_29 = load i4 %sB_1_addr" [kyber-mult-kernel-dataflow.cpp:85]   --->   Operation 363 'load' 'uB_29' <Predicate = true> <Delay = 0.67> <CoreInst = "RAM">   --->   Core 83 'RAM' <Latency = 1> <II = 1> <Delay = 0.67> <Storage> <Opcode : 'load' 'store'> <Ports = 2> <Width = 12> <Depth = 16> <RAM>
ST_5 : Operation 364 [1/3] (1.34ns)   --->   "%xw_165 = mul i24 %zext_ln36_201, i24 %w_16_cast" [kyber-mult-kernel-dataflow.cpp:39->kyber-mult-kernel-dataflow.cpp:85]   --->   Operation 364 'mul' 'xw_165' <Predicate = true> <Delay = 1.34> <CoreInst = "Mul_DSP">   --->   Core 5 'Mul_DSP' <Latency = 2> <II = 1> <Delay = 1.79> <FuncUnit> <Opcode : 'mul'> <InPorts = 2> <OutPorts = 1>
ST_5 : Operation 365 [1/1] (0.00ns)   --->   "%specfucore_ln40 = specfucore void @_ssdm_op_SpecFUCore, i24 %xw_165, i64 12, i64 3, i64 2" [kyber-mult-kernel-dataflow.cpp:40->kyber-mult-kernel-dataflow.cpp:85]   --->   Operation 365 'specfucore' 'specfucore_ln40' <Predicate = true> <Delay = 0.00>
ST_5 : Operation 366 [2/3] (0.99ns) (grouped into DSP with root node r_165)   --->   "%qq_165 = mul i24 %zext_ln39_31, i24 3329" [kyber-mult-kernel-dataflow.cpp:41->kyber-mult-kernel-dataflow.cpp:85]   --->   Operation 366 'mul' 'qq_165' <Predicate = true> <Delay = 0.99> <CoreInst = "DSP48">   --->   Core 127 'DSP48' <Latency = 2> <II = 1> <Delay = 1.33> <IPBlock> <Opcode : '' 'add' 'sub' 'mul' 'select'> <InPorts = 0> <OutPorts = 1> <Sync> <CReg>
ST_5 : Operation 367 [2/2] (0.67ns)   --->   "%uB_30 = load i4 %sB_2_addr" [kyber-mult-kernel-dataflow.cpp:85]   --->   Operation 367 'load' 'uB_30' <Predicate = true> <Delay = 0.67> <CoreInst = "RAM">   --->   Core 83 'RAM' <Latency = 1> <II = 1> <Delay = 0.67> <Storage> <Opcode : 'load' 'store'> <Ports = 2> <Width = 12> <Depth = 16> <RAM>
ST_5 : Operation 368 [1/3] (1.34ns)   --->   "%xw_167 = mul i24 %zext_ln36_203, i24 %w_17_cast" [kyber-mult-kernel-dataflow.cpp:39->kyber-mult-kernel-dataflow.cpp:85]   --->   Operation 368 'mul' 'xw_167' <Predicate = true> <Delay = 1.34> <CoreInst = "Mul_DSP">   --->   Core 5 'Mul_DSP' <Latency = 2> <II = 1> <Delay = 1.79> <FuncUnit> <Opcode : 'mul'> <InPorts = 2> <OutPorts = 1>
ST_5 : Operation 369 [1/1] (0.00ns)   --->   "%specfucore_ln40 = specfucore void @_ssdm_op_SpecFUCore, i24 %xw_167, i64 12, i64 3, i64 2" [kyber-mult-kernel-dataflow.cpp:40->kyber-mult-kernel-dataflow.cpp:85]   --->   Operation 369 'specfucore' 'specfucore_ln40' <Predicate = true> <Delay = 0.00>
ST_5 : Operation 370 [2/3] (0.99ns) (grouped into DSP with root node r_167)   --->   "%qq_167 = mul i24 %zext_ln39_32, i24 3329" [kyber-mult-kernel-dataflow.cpp:41->kyber-mult-kernel-dataflow.cpp:85]   --->   Operation 370 'mul' 'qq_167' <Predicate = true> <Delay = 0.99> <CoreInst = "DSP48">   --->   Core 127 'DSP48' <Latency = 2> <II = 1> <Delay = 1.33> <IPBlock> <Opcode : '' 'add' 'sub' 'mul' 'select'> <InPorts = 0> <OutPorts = 1> <Sync> <CReg>
ST_5 : Operation 371 [2/2] (0.67ns)   --->   "%uB_31 = load i4 %sB_3_addr" [kyber-mult-kernel-dataflow.cpp:85]   --->   Operation 371 'load' 'uB_31' <Predicate = true> <Delay = 0.67> <CoreInst = "RAM">   --->   Core 83 'RAM' <Latency = 1> <II = 1> <Delay = 0.67> <Storage> <Opcode : 'load' 'store'> <Ports = 2> <Width = 12> <Depth = 16> <RAM>
ST_5 : Operation 372 [1/3] (1.34ns)   --->   "%xw_169 = mul i24 %zext_ln36_205, i24 %w_18_cast" [kyber-mult-kernel-dataflow.cpp:39->kyber-mult-kernel-dataflow.cpp:85]   --->   Operation 372 'mul' 'xw_169' <Predicate = true> <Delay = 1.34> <CoreInst = "Mul_DSP">   --->   Core 5 'Mul_DSP' <Latency = 2> <II = 1> <Delay = 1.79> <FuncUnit> <Opcode : 'mul'> <InPorts = 2> <OutPorts = 1>
ST_5 : Operation 373 [1/1] (0.00ns)   --->   "%specfucore_ln40 = specfucore void @_ssdm_op_SpecFUCore, i24 %xw_169, i64 12, i64 3, i64 2" [kyber-mult-kernel-dataflow.cpp:40->kyber-mult-kernel-dataflow.cpp:85]   --->   Operation 373 'specfucore' 'specfucore_ln40' <Predicate = true> <Delay = 0.00>
ST_5 : Operation 374 [2/3] (0.99ns) (grouped into DSP with root node r_169)   --->   "%qq_169 = mul i24 %zext_ln39_33, i24 3329" [kyber-mult-kernel-dataflow.cpp:41->kyber-mult-kernel-dataflow.cpp:85]   --->   Operation 374 'mul' 'qq_169' <Predicate = true> <Delay = 0.99> <CoreInst = "DSP48">   --->   Core 127 'DSP48' <Latency = 2> <II = 1> <Delay = 1.33> <IPBlock> <Opcode : '' 'add' 'sub' 'mul' 'select'> <InPorts = 0> <OutPorts = 1> <Sync> <CReg>
ST_5 : Operation 375 [2/2] (0.67ns)   --->   "%uB_32 = load i4 %sB_8_addr" [kyber-mult-kernel-dataflow.cpp:85]   --->   Operation 375 'load' 'uB_32' <Predicate = true> <Delay = 0.67> <CoreInst = "RAM">   --->   Core 83 'RAM' <Latency = 1> <II = 1> <Delay = 0.67> <Storage> <Opcode : 'load' 'store'> <Ports = 2> <Width = 12> <Depth = 16> <RAM>
ST_5 : Operation 376 [1/3] (1.34ns)   --->   "%xw_171 = mul i24 %zext_ln36_207, i24 %w_19_cast" [kyber-mult-kernel-dataflow.cpp:39->kyber-mult-kernel-dataflow.cpp:85]   --->   Operation 376 'mul' 'xw_171' <Predicate = true> <Delay = 1.34> <CoreInst = "Mul_DSP">   --->   Core 5 'Mul_DSP' <Latency = 2> <II = 1> <Delay = 1.79> <FuncUnit> <Opcode : 'mul'> <InPorts = 2> <OutPorts = 1>
ST_5 : Operation 377 [1/1] (0.00ns)   --->   "%specfucore_ln40 = specfucore void @_ssdm_op_SpecFUCore, i24 %xw_171, i64 12, i64 3, i64 2" [kyber-mult-kernel-dataflow.cpp:40->kyber-mult-kernel-dataflow.cpp:85]   --->   Operation 377 'specfucore' 'specfucore_ln40' <Predicate = true> <Delay = 0.00>
ST_5 : Operation 378 [2/3] (0.99ns) (grouped into DSP with root node r_171)   --->   "%qq_171 = mul i24 %zext_ln39_34, i24 3329" [kyber-mult-kernel-dataflow.cpp:41->kyber-mult-kernel-dataflow.cpp:85]   --->   Operation 378 'mul' 'qq_171' <Predicate = true> <Delay = 0.99> <CoreInst = "DSP48">   --->   Core 127 'DSP48' <Latency = 2> <II = 1> <Delay = 1.33> <IPBlock> <Opcode : '' 'add' 'sub' 'mul' 'select'> <InPorts = 0> <OutPorts = 1> <Sync> <CReg>
ST_5 : Operation 379 [2/2] (0.67ns)   --->   "%uB_33 = load i4 %sB_9_addr" [kyber-mult-kernel-dataflow.cpp:85]   --->   Operation 379 'load' 'uB_33' <Predicate = true> <Delay = 0.67> <CoreInst = "RAM">   --->   Core 83 'RAM' <Latency = 1> <II = 1> <Delay = 0.67> <Storage> <Opcode : 'load' 'store'> <Ports = 2> <Width = 12> <Depth = 16> <RAM>
ST_5 : Operation 380 [1/3] (1.34ns)   --->   "%xw_173 = mul i24 %zext_ln36_209, i24 %w_20_cast" [kyber-mult-kernel-dataflow.cpp:39->kyber-mult-kernel-dataflow.cpp:85]   --->   Operation 380 'mul' 'xw_173' <Predicate = true> <Delay = 1.34> <CoreInst = "Mul_DSP">   --->   Core 5 'Mul_DSP' <Latency = 2> <II = 1> <Delay = 1.79> <FuncUnit> <Opcode : 'mul'> <InPorts = 2> <OutPorts = 1>
ST_5 : Operation 381 [1/1] (0.00ns)   --->   "%specfucore_ln40 = specfucore void @_ssdm_op_SpecFUCore, i24 %xw_173, i64 12, i64 3, i64 2" [kyber-mult-kernel-dataflow.cpp:40->kyber-mult-kernel-dataflow.cpp:85]   --->   Operation 381 'specfucore' 'specfucore_ln40' <Predicate = true> <Delay = 0.00>
ST_5 : Operation 382 [2/3] (0.99ns) (grouped into DSP with root node r_173)   --->   "%qq_173 = mul i24 %zext_ln39_35, i24 3329" [kyber-mult-kernel-dataflow.cpp:41->kyber-mult-kernel-dataflow.cpp:85]   --->   Operation 382 'mul' 'qq_173' <Predicate = true> <Delay = 0.99> <CoreInst = "DSP48">   --->   Core 127 'DSP48' <Latency = 2> <II = 1> <Delay = 1.33> <IPBlock> <Opcode : '' 'add' 'sub' 'mul' 'select'> <InPorts = 0> <OutPorts = 1> <Sync> <CReg>
ST_5 : Operation 383 [2/2] (0.67ns)   --->   "%uB_34 = load i4 %sB_10_addr" [kyber-mult-kernel-dataflow.cpp:85]   --->   Operation 383 'load' 'uB_34' <Predicate = true> <Delay = 0.67> <CoreInst = "RAM">   --->   Core 83 'RAM' <Latency = 1> <II = 1> <Delay = 0.67> <Storage> <Opcode : 'load' 'store'> <Ports = 2> <Width = 12> <Depth = 16> <RAM>
ST_5 : Operation 384 [1/3] (1.34ns)   --->   "%xw_175 = mul i24 %zext_ln36_211, i24 %w_21_cast" [kyber-mult-kernel-dataflow.cpp:39->kyber-mult-kernel-dataflow.cpp:85]   --->   Operation 384 'mul' 'xw_175' <Predicate = true> <Delay = 1.34> <CoreInst = "Mul_DSP">   --->   Core 5 'Mul_DSP' <Latency = 2> <II = 1> <Delay = 1.79> <FuncUnit> <Opcode : 'mul'> <InPorts = 2> <OutPorts = 1>
ST_5 : Operation 385 [1/1] (0.00ns)   --->   "%specfucore_ln40 = specfucore void @_ssdm_op_SpecFUCore, i24 %xw_175, i64 12, i64 3, i64 2" [kyber-mult-kernel-dataflow.cpp:40->kyber-mult-kernel-dataflow.cpp:85]   --->   Operation 385 'specfucore' 'specfucore_ln40' <Predicate = true> <Delay = 0.00>
ST_5 : Operation 386 [2/3] (0.99ns) (grouped into DSP with root node r_175)   --->   "%qq_175 = mul i24 %zext_ln39_36, i24 3329" [kyber-mult-kernel-dataflow.cpp:41->kyber-mult-kernel-dataflow.cpp:85]   --->   Operation 386 'mul' 'qq_175' <Predicate = true> <Delay = 0.99> <CoreInst = "DSP48">   --->   Core 127 'DSP48' <Latency = 2> <II = 1> <Delay = 1.33> <IPBlock> <Opcode : '' 'add' 'sub' 'mul' 'select'> <InPorts = 0> <OutPorts = 1> <Sync> <CReg>
ST_5 : Operation 387 [2/2] (0.67ns)   --->   "%uB_35 = load i4 %sB_11_addr" [kyber-mult-kernel-dataflow.cpp:85]   --->   Operation 387 'load' 'uB_35' <Predicate = true> <Delay = 0.67> <CoreInst = "RAM">   --->   Core 83 'RAM' <Latency = 1> <II = 1> <Delay = 0.67> <Storage> <Opcode : 'load' 'store'> <Ports = 2> <Width = 12> <Depth = 16> <RAM>
ST_5 : Operation 388 [1/3] (1.34ns)   --->   "%xw_162 = mul i24 %zext_ln34_6, i24 %w_22_cast" [kyber-mult-kernel-dataflow.cpp:39->kyber-mult-kernel-dataflow.cpp:85]   --->   Operation 388 'mul' 'xw_162' <Predicate = true> <Delay = 1.34> <CoreInst = "Mul_DSP">   --->   Core 5 'Mul_DSP' <Latency = 2> <II = 1> <Delay = 1.79> <FuncUnit> <Opcode : 'mul'> <InPorts = 2> <OutPorts = 1>
ST_5 : Operation 389 [1/1] (0.00ns)   --->   "%specfucore_ln40 = specfucore void @_ssdm_op_SpecFUCore, i24 %xw_162, i64 12, i64 3, i64 2" [kyber-mult-kernel-dataflow.cpp:40->kyber-mult-kernel-dataflow.cpp:85]   --->   Operation 389 'specfucore' 'specfucore_ln40' <Predicate = true> <Delay = 0.00>
ST_5 : Operation 390 [2/3] (0.99ns) (grouped into DSP with root node r_162)   --->   "%qq_162 = mul i24 %zext_ln38_6, i24 3329" [kyber-mult-kernel-dataflow.cpp:41->kyber-mult-kernel-dataflow.cpp:85]   --->   Operation 390 'mul' 'qq_162' <Predicate = true> <Delay = 0.99> <CoreInst = "DSP48">   --->   Core 127 'DSP48' <Latency = 2> <II = 1> <Delay = 1.33> <IPBlock> <Opcode : '' 'add' 'sub' 'mul' 'select'> <InPorts = 0> <OutPorts = 1> <Sync> <CReg>
ST_5 : Operation 813 [1/1] (0.00ns)   --->   "%ret_ln89 = ret" [kyber-mult-kernel-dataflow.cpp:89]   --->   Operation 813 'ret' 'ret_ln89' <Predicate = (tmp_18)> <Delay = 0.00>

State 6 <SV = 5> <Delay = 6.24>
ST_6 : Operation 391 [1/1] (0.00ns)   --->   "%specpipeline_ln74 = specpipeline void @_ssdm_op_SpecPipeline, i32 1, i32 0, i32 0, i32 0, void @empty_246" [kyber-mult-kernel-dataflow.cpp:74]   --->   Operation 391 'specpipeline' 'specpipeline_ln74' <Predicate = true> <Delay = 0.00>
ST_6 : Operation 392 [1/1] (0.00ns)   --->   "%speclooptripcount_ln73 = speclooptripcount void @_ssdm_op_SpecLoopTripCount, i64 16, i64 16, i64 16" [kyber-mult-kernel-dataflow.cpp:73]   --->   Operation 392 'speclooptripcount' 'speclooptripcount_ln73' <Predicate = true> <Delay = 0.00>
ST_6 : Operation 393 [1/1] (0.00ns)   --->   "%specloopname_ln73 = specloopname void @_ssdm_op_SpecLoopName, void @empty_176" [kyber-mult-kernel-dataflow.cpp:73]   --->   Operation 393 'specloopname' 'specloopname_ln73' <Predicate = true> <Delay = 0.00>
ST_6 : Operation 394 [1/2] (0.67ns)   --->   "%uA = load i4 %sA_0_addr" [kyber-mult-kernel-dataflow.cpp:83]   --->   Operation 394 'load' 'uA' <Predicate = true> <Delay = 0.67> <CoreInst = "RAM">   --->   Core 83 'RAM' <Latency = 1> <II = 1> <Delay = 0.67> <Storage> <Opcode : 'load' 'store'> <Ports = 2> <Width = 12> <Depth = 16> <RAM>
ST_6 : Operation 395 [1/1] (0.00ns)   --->   "%zext_ln83 = zext i12 %uA" [kyber-mult-kernel-dataflow.cpp:83]   --->   Operation 395 'zext' 'zext_ln83' <Predicate = true> <Delay = 0.00>
ST_6 : Operation 396 [1/1] (0.00ns)   --->   "%rbegin4 = specregionbegin i32 @_ssdm_op_SpecRegionBegin, void @empty_2" [kyber-mult-kernel-dataflow.cpp:36->kyber-mult-kernel-dataflow.cpp:83]   --->   Operation 396 'specregionbegin' 'rbegin4' <Predicate = true> <Delay = 0.00>
ST_6 : Operation 397 [1/1] (0.00ns)   --->   "%rend94 = specregionend i32 @_ssdm_op_SpecRegionEnd, void @empty_2, i32 %rbegin4" [kyber-mult-kernel-dataflow.cpp:36->kyber-mult-kernel-dataflow.cpp:83]   --->   Operation 397 'specregionend' 'rend94' <Predicate = true> <Delay = 0.00>
ST_6 : Operation 398 [1/1] (0.00ns)   --->   "%rbegin6 = specregionbegin i32 @_ssdm_op_SpecRegionBegin, void @empty_1" [kyber-mult-kernel-dataflow.cpp:39->kyber-mult-kernel-dataflow.cpp:83]   --->   Operation 398 'specregionbegin' 'rbegin6' <Predicate = true> <Delay = 0.00>
ST_6 : Operation 399 [1/1] (0.00ns)   --->   "%zext_ln40 = zext i24 %xw" [kyber-mult-kernel-dataflow.cpp:40->kyber-mult-kernel-dataflow.cpp:83]   --->   Operation 399 'zext' 'zext_ln40' <Predicate = true> <Delay = 0.00>
ST_6 : Operation 400 [1/1] (0.00ns)   --->   "%rend92 = specregionend i32 @_ssdm_op_SpecRegionEnd, void @empty_1, i32 %rbegin6" [kyber-mult-kernel-dataflow.cpp:39->kyber-mult-kernel-dataflow.cpp:83]   --->   Operation 400 'specregionend' 'rend92' <Predicate = true> <Delay = 0.00>
ST_6 : Operation 401 [1/1] (0.00ns)   --->   "%rbegin8 = specregionbegin i32 @_ssdm_op_SpecRegionBegin, void @empty_215" [kyber-mult-kernel-dataflow.cpp:41->kyber-mult-kernel-dataflow.cpp:83]   --->   Operation 401 'specregionbegin' 'rbegin8' <Predicate = true> <Delay = 0.00>
ST_6 : Operation 402 [1/3] (0.00ns) (grouped into DSP with root node r)   --->   "%qq = mul i24 %zext_ln38, i24 3329" [kyber-mult-kernel-dataflow.cpp:41->kyber-mult-kernel-dataflow.cpp:83]   --->   Operation 402 'mul' 'qq' <Predicate = true> <Delay = 0.00> <CoreInst = "DSP48">   --->   Core 127 'DSP48' <Latency = 2> <II = 1> <Delay = 1.33> <IPBlock> <Opcode : '' 'add' 'sub' 'mul' 'select'> <InPorts = 0> <OutPorts = 1> <Sync> <CReg>
ST_6 : Operation 403 [1/1] (0.00ns) (grouped into DSP with root node r)   --->   "%zext_ln42 = zext i24 %qq" [kyber-mult-kernel-dataflow.cpp:42->kyber-mult-kernel-dataflow.cpp:83]   --->   Operation 403 'zext' 'zext_ln42' <Predicate = true> <Delay = 0.00>
ST_6 : Operation 404 [1/1] (0.00ns)   --->   "%specfucore_ln42 = specfucore void @_ssdm_op_SpecFUCore, i24 %qq, i64 12, i64 3, i64 2" [kyber-mult-kernel-dataflow.cpp:42->kyber-mult-kernel-dataflow.cpp:83]   --->   Operation 404 'specfucore' 'specfucore_ln42' <Predicate = true> <Delay = 0.00>
ST_6 : Operation 405 [1/1] (0.00ns)   --->   "%rend90 = specregionend i32 @_ssdm_op_SpecRegionEnd, void @empty_215, i32 %rbegin8" [kyber-mult-kernel-dataflow.cpp:41->kyber-mult-kernel-dataflow.cpp:83]   --->   Operation 405 'specregionend' 'rend90' <Predicate = true> <Delay = 0.00>
ST_6 : Operation 406 [1/1] (2.03ns) (root node of the DSP)   --->   "%r = sub i25 %zext_ln40, i25 %zext_ln42" [kyber-mult-kernel-dataflow.cpp:43->kyber-mult-kernel-dataflow.cpp:83]   --->   Operation 406 'sub' 'r' <Predicate = true> <Delay = 2.03> <CoreInst = "DSP48">   --->   Core 127 'DSP48' <Latency = 2> <II = 1> <Delay = 1.33> <IPBlock> <Opcode : '' 'add' 'sub' 'mul' 'select'> <InPorts = 0> <OutPorts = 1> <Sync> <CReg>
ST_6 : Operation 407 [1/1] (0.94ns)   --->   "%icmp_ln44 = icmp_ugt  i25 %r, i25 3328" [kyber-mult-kernel-dataflow.cpp:44->kyber-mult-kernel-dataflow.cpp:83]   --->   Operation 407 'icmp' 'icmp_ln44' <Predicate = true> <Delay = 0.94> <CoreInst = "Cmp">   --->   Core 9 'Cmp' <Latency = 0> <II = 1> <Delay = 0.94> <FuncUnit> <Opcode : 'icmp'> <InPorts = 2> <OutPorts = 1>
ST_6 : Operation 408 [1/1] (0.94ns)   --->   "%add_ln44 = add i25 %r, i25 33551103" [kyber-mult-kernel-dataflow.cpp:44->kyber-mult-kernel-dataflow.cpp:83]   --->   Operation 408 'add' 'add_ln44' <Predicate = true> <Delay = 0.94> <CoreInst = "Adder">   --->   Core 1 'Adder' <Latency = 0> <II = 1> <Delay = 0.94> <FuncUnit> <Opcode : 'add' 'sub'> <InPorts = 2> <OutPorts = 1>
ST_6 : Operation 409 [1/1] (0.32ns)   --->   "%tA = select i1 %icmp_ln44, i25 %add_ln44, i25 %r" [kyber-mult-kernel-dataflow.cpp:44->kyber-mult-kernel-dataflow.cpp:83]   --->   Operation 409 'select' 'tA' <Predicate = true> <Delay = 0.32> <CoreInst = "Sel">   --->   Core 73 'Sel' <Latency = 0> <II = 1> <Delay = 0.32> <FuncUnit> <Opcode : 'select'> <InPorts = 3> <OutPorts = 1>
ST_6 : Operation 410 [1/1] (0.00ns) (grouped into LUT with out node sub_ln84)   --->   "%trunc_ln83 = trunc i25 %tA" [kyber-mult-kernel-dataflow.cpp:83]   --->   Operation 410 'trunc' 'trunc_ln83' <Predicate = true> <Delay = 0.00>
ST_6 : Operation 411 [1/1] (0.94ns)   --->   "%s = add i25 %tA, i25 %zext_ln83" [kyber-mult-kernel-dataflow.cpp:48->kyber-mult-kernel-dataflow.cpp:84]   --->   Operation 411 'add' 's' <Predicate = true> <Delay = 0.94> <CoreInst = "Adder">   --->   Core 1 'Adder' <Latency = 0> <II = 1> <Delay = 0.94> <FuncUnit> <Opcode : 'add' 'sub'> <InPorts = 2> <OutPorts = 1>
ST_6 : Operation 412 [1/1] (0.94ns)   --->   "%icmp_ln48 = icmp_ugt  i25 %s, i25 3328" [kyber-mult-kernel-dataflow.cpp:48->kyber-mult-kernel-dataflow.cpp:84]   --->   Operation 412 'icmp' 'icmp_ln48' <Predicate = true> <Delay = 0.94> <CoreInst = "Cmp">   --->   Core 9 'Cmp' <Latency = 0> <II = 1> <Delay = 0.94> <FuncUnit> <Opcode : 'icmp'> <InPorts = 2> <OutPorts = 1>
ST_6 : Operation 413 [1/1] (0.00ns)   --->   "%trunc_ln48 = trunc i25 %s" [kyber-mult-kernel-dataflow.cpp:48->kyber-mult-kernel-dataflow.cpp:84]   --->   Operation 413 'trunc' 'trunc_ln48' <Predicate = true> <Delay = 0.00>
ST_6 : Operation 414 [1/1] (0.80ns)   --->   "%add_ln48 = add i12 %trunc_ln48, i12 767" [kyber-mult-kernel-dataflow.cpp:48->kyber-mult-kernel-dataflow.cpp:84]   --->   Operation 414 'add' 'add_ln48' <Predicate = true> <Delay = 0.80> <CoreInst = "Adder">   --->   Core 1 'Adder' <Latency = 0> <II = 1> <Delay = 0.80> <FuncUnit> <Opcode : 'add' 'sub'> <InPorts = 2> <OutPorts = 1>
ST_6 : Operation 415 [1/1] (0.37ns)   --->   "%select_ln48 = select i1 %icmp_ln48, i12 %add_ln48, i12 %trunc_ln48" [kyber-mult-kernel-dataflow.cpp:48->kyber-mult-kernel-dataflow.cpp:84]   --->   Operation 415 'select' 'select_ln48' <Predicate = true> <Delay = 0.37> <CoreInst = "Sel">   --->   Core 73 'Sel' <Latency = 0> <II = 1> <Delay = 0.37> <FuncUnit> <Opcode : 'select'> <InPorts = 3> <OutPorts = 1>
ST_6 : Operation 416 [1/1] (0.00ns)   --->   "%dA_0_addr = getelementptr i12 %dA_0, i64 0, i64 %zext_ln82" [kyber-mult-kernel-dataflow.cpp:84]   --->   Operation 416 'getelementptr' 'dA_0_addr' <Predicate = true> <Delay = 0.00>
ST_6 : Operation 417 [1/1] (0.94ns)   --->   "%icmp_ln52 = icmp_ult  i25 %zext_ln83, i25 %tA" [kyber-mult-kernel-dataflow.cpp:52->kyber-mult-kernel-dataflow.cpp:84]   --->   Operation 417 'icmp' 'icmp_ln52' <Predicate = true> <Delay = 0.94> <CoreInst = "Cmp">   --->   Core 9 'Cmp' <Latency = 0> <II = 1> <Delay = 0.94> <FuncUnit> <Opcode : 'icmp'> <InPorts = 2> <OutPorts = 1>
ST_6 : Operation 418 [1/1] (0.00ns) (grouped into LUT with out node sub_ln84)   --->   "%xor_ln52 = xor i1 %icmp_ln52, i1 1" [kyber-mult-kernel-dataflow.cpp:52->kyber-mult-kernel-dataflow.cpp:84]   --->   Operation 418 'xor' 'xor_ln52' <Predicate = true> <Delay = 0.00> <CoreInst = "LogicGate">   --->   Core 74 'LogicGate' <Latency = 0> <II = 1> <Delay = 0.28> <FuncUnit> <Opcode : 'and' 'or' 'xor'> <InPorts = 2> <OutPorts = 1>
ST_6 : Operation 419 [1/1] (0.80ns)   --->   "%add_ln52 = add i12 %uA, i12 3329" [kyber-mult-kernel-dataflow.cpp:52->kyber-mult-kernel-dataflow.cpp:84]   --->   Operation 419 'add' 'add_ln52' <Predicate = true> <Delay = 0.80> <CoreInst = "Adder">   --->   Core 1 'Adder' <Latency = 0> <II = 1> <Delay = 0.80> <FuncUnit> <Opcode : 'add' 'sub'> <InPorts = 2> <OutPorts = 1>
ST_6 : Operation 420 [1/1] (0.00ns) (grouped into LUT with out node sub_ln84)   --->   "%select_ln52 = select i1 %xor_ln52, i12 %uA, i12 %add_ln52" [kyber-mult-kernel-dataflow.cpp:52->kyber-mult-kernel-dataflow.cpp:84]   --->   Operation 420 'select' 'select_ln52' <Predicate = true> <Delay = 0.00> <CoreInst = "Sel">   --->   Core 73 'Sel' <Latency = 0> <II = 1> <Delay = 0.37> <FuncUnit> <Opcode : 'select'> <InPorts = 3> <OutPorts = 1>
ST_6 : Operation 421 [1/1] (0.80ns) (out node of the LUT)   --->   "%sub_ln84 = sub i12 %select_ln52, i12 %trunc_ln83" [kyber-mult-kernel-dataflow.cpp:84]   --->   Operation 421 'sub' 'sub_ln84' <Predicate = true> <Delay = 0.80> <CoreInst = "Adder">   --->   Core 1 'Adder' <Latency = 0> <II = 1> <Delay = 0.80> <FuncUnit> <Opcode : 'add' 'sub'> <InPorts = 2> <OutPorts = 1>
ST_6 : Operation 422 [1/1] (0.00ns)   --->   "%dA_4_addr = getelementptr i12 %dA_4, i64 0, i64 %zext_ln82" [kyber-mult-kernel-dataflow.cpp:84]   --->   Operation 422 'getelementptr' 'dA_4_addr' <Predicate = true> <Delay = 0.00>
ST_6 : Operation 423 [1/1] (0.00ns)   --->   "%dB_0_addr = getelementptr i12 %dB_0, i64 0, i64 %zext_ln82" [kyber-mult-kernel-dataflow.cpp:86]   --->   Operation 423 'getelementptr' 'dB_0_addr' <Predicate = true> <Delay = 0.00>
ST_6 : Operation 424 [1/1] (0.00ns)   --->   "%dB_4_addr = getelementptr i12 %dB_4, i64 0, i64 %zext_ln82" [kyber-mult-kernel-dataflow.cpp:86]   --->   Operation 424 'getelementptr' 'dB_4_addr' <Predicate = true> <Delay = 0.00>
ST_6 : Operation 425 [1/1] (0.00ns)   --->   "%dA_1_addr = getelementptr i12 %dA_1, i64 0, i64 %zext_ln82" [kyber-mult-kernel-dataflow.cpp:84]   --->   Operation 425 'getelementptr' 'dA_1_addr' <Predicate = true> <Delay = 0.00>
ST_6 : Operation 426 [1/1] (0.00ns)   --->   "%dA_5_addr = getelementptr i12 %dA_5, i64 0, i64 %zext_ln82" [kyber-mult-kernel-dataflow.cpp:84]   --->   Operation 426 'getelementptr' 'dA_5_addr' <Predicate = true> <Delay = 0.00>
ST_6 : Operation 427 [1/1] (0.00ns)   --->   "%dB_1_addr = getelementptr i12 %dB_1, i64 0, i64 %zext_ln82" [kyber-mult-kernel-dataflow.cpp:86]   --->   Operation 427 'getelementptr' 'dB_1_addr' <Predicate = true> <Delay = 0.00>
ST_6 : Operation 428 [1/1] (0.00ns)   --->   "%dB_5_addr = getelementptr i12 %dB_5, i64 0, i64 %zext_ln82" [kyber-mult-kernel-dataflow.cpp:86]   --->   Operation 428 'getelementptr' 'dB_5_addr' <Predicate = true> <Delay = 0.00>
ST_6 : Operation 429 [1/1] (0.00ns)   --->   "%dA_2_addr = getelementptr i12 %dA_2, i64 0, i64 %zext_ln82" [kyber-mult-kernel-dataflow.cpp:84]   --->   Operation 429 'getelementptr' 'dA_2_addr' <Predicate = true> <Delay = 0.00>
ST_6 : Operation 430 [1/1] (0.00ns)   --->   "%dA_6_addr = getelementptr i12 %dA_6, i64 0, i64 %zext_ln82" [kyber-mult-kernel-dataflow.cpp:84]   --->   Operation 430 'getelementptr' 'dA_6_addr' <Predicate = true> <Delay = 0.00>
ST_6 : Operation 431 [1/1] (0.00ns)   --->   "%dB_2_addr = getelementptr i12 %dB_2, i64 0, i64 %zext_ln82" [kyber-mult-kernel-dataflow.cpp:86]   --->   Operation 431 'getelementptr' 'dB_2_addr' <Predicate = true> <Delay = 0.00>
ST_6 : Operation 432 [1/1] (0.00ns)   --->   "%dB_6_addr = getelementptr i12 %dB_6, i64 0, i64 %zext_ln82" [kyber-mult-kernel-dataflow.cpp:86]   --->   Operation 432 'getelementptr' 'dB_6_addr' <Predicate = true> <Delay = 0.00>
ST_6 : Operation 433 [1/1] (0.00ns)   --->   "%dA_3_addr = getelementptr i12 %dA_3, i64 0, i64 %zext_ln82" [kyber-mult-kernel-dataflow.cpp:84]   --->   Operation 433 'getelementptr' 'dA_3_addr' <Predicate = true> <Delay = 0.00>
ST_6 : Operation 434 [1/1] (0.00ns)   --->   "%dA_7_addr = getelementptr i12 %dA_7, i64 0, i64 %zext_ln82" [kyber-mult-kernel-dataflow.cpp:84]   --->   Operation 434 'getelementptr' 'dA_7_addr' <Predicate = true> <Delay = 0.00>
ST_6 : Operation 435 [1/1] (0.00ns)   --->   "%dB_3_addr = getelementptr i12 %dB_3, i64 0, i64 %zext_ln82" [kyber-mult-kernel-dataflow.cpp:86]   --->   Operation 435 'getelementptr' 'dB_3_addr' <Predicate = true> <Delay = 0.00>
ST_6 : Operation 436 [1/1] (0.00ns)   --->   "%dB_7_addr = getelementptr i12 %dB_7, i64 0, i64 %zext_ln82" [kyber-mult-kernel-dataflow.cpp:86]   --->   Operation 436 'getelementptr' 'dB_7_addr' <Predicate = true> <Delay = 0.00>
ST_6 : Operation 437 [1/1] (0.00ns)   --->   "%dA_8_addr = getelementptr i12 %dA_8, i64 0, i64 %zext_ln82" [kyber-mult-kernel-dataflow.cpp:84]   --->   Operation 437 'getelementptr' 'dA_8_addr' <Predicate = true> <Delay = 0.00>
ST_6 : Operation 438 [1/1] (0.00ns)   --->   "%dA_12_addr = getelementptr i12 %dA_12, i64 0, i64 %zext_ln82" [kyber-mult-kernel-dataflow.cpp:84]   --->   Operation 438 'getelementptr' 'dA_12_addr' <Predicate = true> <Delay = 0.00>
ST_6 : Operation 439 [1/1] (0.00ns)   --->   "%dB_8_addr = getelementptr i12 %dB_8, i64 0, i64 %zext_ln82" [kyber-mult-kernel-dataflow.cpp:86]   --->   Operation 439 'getelementptr' 'dB_8_addr' <Predicate = true> <Delay = 0.00>
ST_6 : Operation 440 [1/1] (0.00ns)   --->   "%dB_12_addr = getelementptr i12 %dB_12, i64 0, i64 %zext_ln82" [kyber-mult-kernel-dataflow.cpp:86]   --->   Operation 440 'getelementptr' 'dB_12_addr' <Predicate = true> <Delay = 0.00>
ST_6 : Operation 441 [1/1] (0.00ns)   --->   "%dA_9_addr = getelementptr i12 %dA_9, i64 0, i64 %zext_ln82" [kyber-mult-kernel-dataflow.cpp:84]   --->   Operation 441 'getelementptr' 'dA_9_addr' <Predicate = true> <Delay = 0.00>
ST_6 : Operation 442 [1/1] (0.00ns)   --->   "%dA_13_addr = getelementptr i12 %dA_13, i64 0, i64 %zext_ln82" [kyber-mult-kernel-dataflow.cpp:84]   --->   Operation 442 'getelementptr' 'dA_13_addr' <Predicate = true> <Delay = 0.00>
ST_6 : Operation 443 [1/1] (0.00ns)   --->   "%dB_9_addr = getelementptr i12 %dB_9, i64 0, i64 %zext_ln82" [kyber-mult-kernel-dataflow.cpp:86]   --->   Operation 443 'getelementptr' 'dB_9_addr' <Predicate = true> <Delay = 0.00>
ST_6 : Operation 444 [1/1] (0.00ns)   --->   "%dB_13_addr = getelementptr i12 %dB_13, i64 0, i64 %zext_ln82" [kyber-mult-kernel-dataflow.cpp:86]   --->   Operation 444 'getelementptr' 'dB_13_addr' <Predicate = true> <Delay = 0.00>
ST_6 : Operation 445 [1/1] (0.00ns)   --->   "%dA_10_addr = getelementptr i12 %dA_10, i64 0, i64 %zext_ln82" [kyber-mult-kernel-dataflow.cpp:84]   --->   Operation 445 'getelementptr' 'dA_10_addr' <Predicate = true> <Delay = 0.00>
ST_6 : Operation 446 [1/1] (0.00ns)   --->   "%dA_14_addr = getelementptr i12 %dA_14, i64 0, i64 %zext_ln82" [kyber-mult-kernel-dataflow.cpp:84]   --->   Operation 446 'getelementptr' 'dA_14_addr' <Predicate = true> <Delay = 0.00>
ST_6 : Operation 447 [1/1] (0.00ns)   --->   "%dB_10_addr = getelementptr i12 %dB_10, i64 0, i64 %zext_ln82" [kyber-mult-kernel-dataflow.cpp:86]   --->   Operation 447 'getelementptr' 'dB_10_addr' <Predicate = true> <Delay = 0.00>
ST_6 : Operation 448 [1/1] (0.00ns)   --->   "%dB_14_addr = getelementptr i12 %dB_14, i64 0, i64 %zext_ln82" [kyber-mult-kernel-dataflow.cpp:86]   --->   Operation 448 'getelementptr' 'dB_14_addr' <Predicate = true> <Delay = 0.00>
ST_6 : Operation 449 [1/2] (0.67ns)   --->   "%uA_29 = load i4 %sA_1_addr" [kyber-mult-kernel-dataflow.cpp:83]   --->   Operation 449 'load' 'uA_29' <Predicate = true> <Delay = 0.67> <CoreInst = "RAM">   --->   Core 83 'RAM' <Latency = 1> <II = 1> <Delay = 0.67> <Storage> <Opcode : 'load' 'store'> <Ports = 2> <Width = 12> <Depth = 16> <RAM>
ST_6 : Operation 450 [1/1] (0.00ns)   --->   "%zext_ln52 = zext i12 %uA_29" [kyber-mult-kernel-dataflow.cpp:52->kyber-mult-kernel-dataflow.cpp:84]   --->   Operation 450 'zext' 'zext_ln52' <Predicate = true> <Delay = 0.00>
ST_6 : Operation 451 [1/1] (0.80ns)   --->   "%add_ln52_80 = add i12 %uA_29, i12 3329" [kyber-mult-kernel-dataflow.cpp:52->kyber-mult-kernel-dataflow.cpp:84]   --->   Operation 451 'add' 'add_ln52_80' <Predicate = true> <Delay = 0.80> <CoreInst = "Adder">   --->   Core 1 'Adder' <Latency = 0> <II = 1> <Delay = 0.80> <FuncUnit> <Opcode : 'add' 'sub'> <InPorts = 2> <OutPorts = 1>
ST_6 : Operation 452 [1/1] (0.00ns)   --->   "%zext_ln40_31 = zext i24 %xw_164" [kyber-mult-kernel-dataflow.cpp:40->kyber-mult-kernel-dataflow.cpp:83]   --->   Operation 452 'zext' 'zext_ln40_31' <Predicate = true> <Delay = 0.00>
ST_6 : Operation 453 [1/3] (0.00ns) (grouped into DSP with root node r_164)   --->   "%qq_164 = mul i24 %zext_ln39, i24 3329" [kyber-mult-kernel-dataflow.cpp:41->kyber-mult-kernel-dataflow.cpp:83]   --->   Operation 453 'mul' 'qq_164' <Predicate = true> <Delay = 0.00> <CoreInst = "DSP48">   --->   Core 127 'DSP48' <Latency = 2> <II = 1> <Delay = 1.33> <IPBlock> <Opcode : '' 'add' 'sub' 'mul' 'select'> <InPorts = 0> <OutPorts = 1> <Sync> <CReg>
ST_6 : Operation 454 [1/1] (0.00ns) (grouped into DSP with root node r_164)   --->   "%zext_ln42_31 = zext i24 %qq_164" [kyber-mult-kernel-dataflow.cpp:42->kyber-mult-kernel-dataflow.cpp:83]   --->   Operation 454 'zext' 'zext_ln42_31' <Predicate = true> <Delay = 0.00>
ST_6 : Operation 455 [1/1] (0.00ns)   --->   "%specfucore_ln42 = specfucore void @_ssdm_op_SpecFUCore, i24 %qq_164, i64 12, i64 3, i64 2" [kyber-mult-kernel-dataflow.cpp:42->kyber-mult-kernel-dataflow.cpp:83]   --->   Operation 455 'specfucore' 'specfucore_ln42' <Predicate = true> <Delay = 0.00>
ST_6 : Operation 456 [1/1] (2.03ns) (root node of the DSP)   --->   "%r_164 = sub i25 %zext_ln40_31, i25 %zext_ln42_31" [kyber-mult-kernel-dataflow.cpp:43->kyber-mult-kernel-dataflow.cpp:83]   --->   Operation 456 'sub' 'r_164' <Predicate = true> <Delay = 2.03> <CoreInst = "DSP48">   --->   Core 127 'DSP48' <Latency = 2> <II = 1> <Delay = 1.33> <IPBlock> <Opcode : '' 'add' 'sub' 'mul' 'select'> <InPorts = 0> <OutPorts = 1> <Sync> <CReg>
ST_6 : Operation 457 [1/1] (0.94ns)   --->   "%icmp_ln44_80 = icmp_ugt  i25 %r_164, i25 3328" [kyber-mult-kernel-dataflow.cpp:44->kyber-mult-kernel-dataflow.cpp:83]   --->   Operation 457 'icmp' 'icmp_ln44_80' <Predicate = true> <Delay = 0.94> <CoreInst = "Cmp">   --->   Core 9 'Cmp' <Latency = 0> <II = 1> <Delay = 0.94> <FuncUnit> <Opcode : 'icmp'> <InPorts = 2> <OutPorts = 1>
ST_6 : Operation 458 [1/1] (0.94ns)   --->   "%add_ln44_80 = add i25 %r_164, i25 33551103" [kyber-mult-kernel-dataflow.cpp:44->kyber-mult-kernel-dataflow.cpp:83]   --->   Operation 458 'add' 'add_ln44_80' <Predicate = true> <Delay = 0.94> <CoreInst = "Adder">   --->   Core 1 'Adder' <Latency = 0> <II = 1> <Delay = 0.94> <FuncUnit> <Opcode : 'add' 'sub'> <InPorts = 2> <OutPorts = 1>
ST_6 : Operation 459 [1/1] (0.32ns)   --->   "%tA_29 = select i1 %icmp_ln44_80, i25 %add_ln44_80, i25 %r_164" [kyber-mult-kernel-dataflow.cpp:44->kyber-mult-kernel-dataflow.cpp:83]   --->   Operation 459 'select' 'tA_29' <Predicate = true> <Delay = 0.32> <CoreInst = "Sel">   --->   Core 73 'Sel' <Latency = 0> <II = 1> <Delay = 0.32> <FuncUnit> <Opcode : 'select'> <InPorts = 3> <OutPorts = 1>
ST_6 : Operation 460 [1/1] (0.00ns) (grouped into LUT with out node sub_ln84_15)   --->   "%trunc_ln48_106 = trunc i25 %tA_29" [kyber-mult-kernel-dataflow.cpp:48->kyber-mult-kernel-dataflow.cpp:84]   --->   Operation 460 'trunc' 'trunc_ln48_106' <Predicate = true> <Delay = 0.00>
ST_6 : Operation 461 [1/1] (0.94ns)   --->   "%s_164 = add i25 %tA_29, i25 %zext_ln52" [kyber-mult-kernel-dataflow.cpp:48->kyber-mult-kernel-dataflow.cpp:84]   --->   Operation 461 'add' 's_164' <Predicate = true> <Delay = 0.94> <CoreInst = "Adder">   --->   Core 1 'Adder' <Latency = 0> <II = 1> <Delay = 0.94> <FuncUnit> <Opcode : 'add' 'sub'> <InPorts = 2> <OutPorts = 1>
ST_6 : Operation 462 [1/1] (0.94ns)   --->   "%icmp_ln48_80 = icmp_ugt  i25 %s_164, i25 3328" [kyber-mult-kernel-dataflow.cpp:48->kyber-mult-kernel-dataflow.cpp:84]   --->   Operation 462 'icmp' 'icmp_ln48_80' <Predicate = true> <Delay = 0.94> <CoreInst = "Cmp">   --->   Core 9 'Cmp' <Latency = 0> <II = 1> <Delay = 0.94> <FuncUnit> <Opcode : 'icmp'> <InPorts = 2> <OutPorts = 1>
ST_6 : Operation 463 [1/1] (0.00ns)   --->   "%trunc_ln48_107 = trunc i25 %s_164" [kyber-mult-kernel-dataflow.cpp:48->kyber-mult-kernel-dataflow.cpp:84]   --->   Operation 463 'trunc' 'trunc_ln48_107' <Predicate = true> <Delay = 0.00>
ST_6 : Operation 464 [1/1] (0.80ns)   --->   "%add_ln48_160 = add i12 %trunc_ln48_107, i12 767" [kyber-mult-kernel-dataflow.cpp:48->kyber-mult-kernel-dataflow.cpp:84]   --->   Operation 464 'add' 'add_ln48_160' <Predicate = true> <Delay = 0.80> <CoreInst = "Adder">   --->   Core 1 'Adder' <Latency = 0> <II = 1> <Delay = 0.80> <FuncUnit> <Opcode : 'add' 'sub'> <InPorts = 2> <OutPorts = 1>
ST_6 : Operation 465 [1/1] (0.37ns)   --->   "%select_ln48_80 = select i1 %icmp_ln48_80, i12 %add_ln48_160, i12 %trunc_ln48_107" [kyber-mult-kernel-dataflow.cpp:48->kyber-mult-kernel-dataflow.cpp:84]   --->   Operation 465 'select' 'select_ln48_80' <Predicate = true> <Delay = 0.37> <CoreInst = "Sel">   --->   Core 73 'Sel' <Latency = 0> <II = 1> <Delay = 0.37> <FuncUnit> <Opcode : 'select'> <InPorts = 3> <OutPorts = 1>
ST_6 : Operation 466 [1/1] (0.94ns)   --->   "%icmp_ln52_80 = icmp_ult  i25 %zext_ln52, i25 %tA_29" [kyber-mult-kernel-dataflow.cpp:52->kyber-mult-kernel-dataflow.cpp:84]   --->   Operation 466 'icmp' 'icmp_ln52_80' <Predicate = true> <Delay = 0.94> <CoreInst = "Cmp">   --->   Core 9 'Cmp' <Latency = 0> <II = 1> <Delay = 0.94> <FuncUnit> <Opcode : 'icmp'> <InPorts = 2> <OutPorts = 1>
ST_6 : Operation 467 [1/1] (0.00ns) (grouped into LUT with out node sub_ln84_15)   --->   "%xor_ln52_80 = xor i1 %icmp_ln52_80, i1 1" [kyber-mult-kernel-dataflow.cpp:52->kyber-mult-kernel-dataflow.cpp:84]   --->   Operation 467 'xor' 'xor_ln52_80' <Predicate = true> <Delay = 0.00> <CoreInst = "LogicGate">   --->   Core 74 'LogicGate' <Latency = 0> <II = 1> <Delay = 0.28> <FuncUnit> <Opcode : 'and' 'or' 'xor'> <InPorts = 2> <OutPorts = 1>
ST_6 : Operation 468 [1/1] (0.00ns) (grouped into LUT with out node sub_ln84_15)   --->   "%select_ln52_80 = select i1 %xor_ln52_80, i12 %uA_29, i12 %add_ln52_80" [kyber-mult-kernel-dataflow.cpp:52->kyber-mult-kernel-dataflow.cpp:84]   --->   Operation 468 'select' 'select_ln52_80' <Predicate = true> <Delay = 0.00> <CoreInst = "Sel">   --->   Core 73 'Sel' <Latency = 0> <II = 1> <Delay = 0.37> <FuncUnit> <Opcode : 'select'> <InPorts = 3> <OutPorts = 1>
ST_6 : Operation 469 [1/1] (0.80ns) (out node of the LUT)   --->   "%sub_ln84_15 = sub i12 %select_ln52_80, i12 %trunc_ln48_106" [kyber-mult-kernel-dataflow.cpp:84]   --->   Operation 469 'sub' 'sub_ln84_15' <Predicate = true> <Delay = 0.80> <CoreInst = "Adder">   --->   Core 1 'Adder' <Latency = 0> <II = 1> <Delay = 0.80> <FuncUnit> <Opcode : 'add' 'sub'> <InPorts = 2> <OutPorts = 1>
ST_6 : Operation 470 [1/2] (0.67ns)   --->   "%uA_30 = load i4 %sA_2_addr" [kyber-mult-kernel-dataflow.cpp:83]   --->   Operation 470 'load' 'uA_30' <Predicate = true> <Delay = 0.67> <CoreInst = "RAM">   --->   Core 83 'RAM' <Latency = 1> <II = 1> <Delay = 0.67> <Storage> <Opcode : 'load' 'store'> <Ports = 2> <Width = 12> <Depth = 16> <RAM>
ST_6 : Operation 471 [1/1] (0.00ns)   --->   "%zext_ln52_74 = zext i12 %uA_30" [kyber-mult-kernel-dataflow.cpp:52->kyber-mult-kernel-dataflow.cpp:84]   --->   Operation 471 'zext' 'zext_ln52_74' <Predicate = true> <Delay = 0.00>
ST_6 : Operation 472 [1/1] (0.80ns)   --->   "%add_ln52_81 = add i12 %uA_30, i12 3329" [kyber-mult-kernel-dataflow.cpp:52->kyber-mult-kernel-dataflow.cpp:84]   --->   Operation 472 'add' 'add_ln52_81' <Predicate = true> <Delay = 0.80> <CoreInst = "Adder">   --->   Core 1 'Adder' <Latency = 0> <II = 1> <Delay = 0.80> <FuncUnit> <Opcode : 'add' 'sub'> <InPorts = 2> <OutPorts = 1>
ST_6 : Operation 473 [1/1] (0.00ns)   --->   "%zext_ln40_32 = zext i24 %xw_166" [kyber-mult-kernel-dataflow.cpp:40->kyber-mult-kernel-dataflow.cpp:83]   --->   Operation 473 'zext' 'zext_ln40_32' <Predicate = true> <Delay = 0.00>
ST_6 : Operation 474 [1/3] (0.00ns) (grouped into DSP with root node r_166)   --->   "%qq_166 = mul i24 %zext_ln39_25, i24 3329" [kyber-mult-kernel-dataflow.cpp:41->kyber-mult-kernel-dataflow.cpp:83]   --->   Operation 474 'mul' 'qq_166' <Predicate = true> <Delay = 0.00> <CoreInst = "DSP48">   --->   Core 127 'DSP48' <Latency = 2> <II = 1> <Delay = 1.33> <IPBlock> <Opcode : '' 'add' 'sub' 'mul' 'select'> <InPorts = 0> <OutPorts = 1> <Sync> <CReg>
ST_6 : Operation 475 [1/1] (0.00ns) (grouped into DSP with root node r_166)   --->   "%zext_ln42_32 = zext i24 %qq_166" [kyber-mult-kernel-dataflow.cpp:42->kyber-mult-kernel-dataflow.cpp:83]   --->   Operation 475 'zext' 'zext_ln42_32' <Predicate = true> <Delay = 0.00>
ST_6 : Operation 476 [1/1] (0.00ns)   --->   "%specfucore_ln42 = specfucore void @_ssdm_op_SpecFUCore, i24 %qq_166, i64 12, i64 3, i64 2" [kyber-mult-kernel-dataflow.cpp:42->kyber-mult-kernel-dataflow.cpp:83]   --->   Operation 476 'specfucore' 'specfucore_ln42' <Predicate = true> <Delay = 0.00>
ST_6 : Operation 477 [1/1] (2.03ns) (root node of the DSP)   --->   "%r_166 = sub i25 %zext_ln40_32, i25 %zext_ln42_32" [kyber-mult-kernel-dataflow.cpp:43->kyber-mult-kernel-dataflow.cpp:83]   --->   Operation 477 'sub' 'r_166' <Predicate = true> <Delay = 2.03> <CoreInst = "DSP48">   --->   Core 127 'DSP48' <Latency = 2> <II = 1> <Delay = 1.33> <IPBlock> <Opcode : '' 'add' 'sub' 'mul' 'select'> <InPorts = 0> <OutPorts = 1> <Sync> <CReg>
ST_6 : Operation 478 [1/1] (0.94ns)   --->   "%icmp_ln44_81 = icmp_ugt  i25 %r_166, i25 3328" [kyber-mult-kernel-dataflow.cpp:44->kyber-mult-kernel-dataflow.cpp:83]   --->   Operation 478 'icmp' 'icmp_ln44_81' <Predicate = true> <Delay = 0.94> <CoreInst = "Cmp">   --->   Core 9 'Cmp' <Latency = 0> <II = 1> <Delay = 0.94> <FuncUnit> <Opcode : 'icmp'> <InPorts = 2> <OutPorts = 1>
ST_6 : Operation 479 [1/1] (0.94ns)   --->   "%add_ln44_81 = add i25 %r_166, i25 33551103" [kyber-mult-kernel-dataflow.cpp:44->kyber-mult-kernel-dataflow.cpp:83]   --->   Operation 479 'add' 'add_ln44_81' <Predicate = true> <Delay = 0.94> <CoreInst = "Adder">   --->   Core 1 'Adder' <Latency = 0> <II = 1> <Delay = 0.94> <FuncUnit> <Opcode : 'add' 'sub'> <InPorts = 2> <OutPorts = 1>
ST_6 : Operation 480 [1/1] (0.32ns)   --->   "%tA_30 = select i1 %icmp_ln44_81, i25 %add_ln44_81, i25 %r_166" [kyber-mult-kernel-dataflow.cpp:44->kyber-mult-kernel-dataflow.cpp:83]   --->   Operation 480 'select' 'tA_30' <Predicate = true> <Delay = 0.32> <CoreInst = "Sel">   --->   Core 73 'Sel' <Latency = 0> <II = 1> <Delay = 0.32> <FuncUnit> <Opcode : 'select'> <InPorts = 3> <OutPorts = 1>
ST_6 : Operation 481 [1/1] (0.00ns) (grouped into LUT with out node sub_ln84_16)   --->   "%trunc_ln48_108 = trunc i25 %tA_30" [kyber-mult-kernel-dataflow.cpp:48->kyber-mult-kernel-dataflow.cpp:84]   --->   Operation 481 'trunc' 'trunc_ln48_108' <Predicate = true> <Delay = 0.00>
ST_6 : Operation 482 [1/1] (0.94ns)   --->   "%s_166 = add i25 %tA_30, i25 %zext_ln52_74" [kyber-mult-kernel-dataflow.cpp:48->kyber-mult-kernel-dataflow.cpp:84]   --->   Operation 482 'add' 's_166' <Predicate = true> <Delay = 0.94> <CoreInst = "Adder">   --->   Core 1 'Adder' <Latency = 0> <II = 1> <Delay = 0.94> <FuncUnit> <Opcode : 'add' 'sub'> <InPorts = 2> <OutPorts = 1>
ST_6 : Operation 483 [1/1] (0.94ns)   --->   "%icmp_ln48_81 = icmp_ugt  i25 %s_166, i25 3328" [kyber-mult-kernel-dataflow.cpp:48->kyber-mult-kernel-dataflow.cpp:84]   --->   Operation 483 'icmp' 'icmp_ln48_81' <Predicate = true> <Delay = 0.94> <CoreInst = "Cmp">   --->   Core 9 'Cmp' <Latency = 0> <II = 1> <Delay = 0.94> <FuncUnit> <Opcode : 'icmp'> <InPorts = 2> <OutPorts = 1>
ST_6 : Operation 484 [1/1] (0.00ns)   --->   "%trunc_ln48_109 = trunc i25 %s_166" [kyber-mult-kernel-dataflow.cpp:48->kyber-mult-kernel-dataflow.cpp:84]   --->   Operation 484 'trunc' 'trunc_ln48_109' <Predicate = true> <Delay = 0.00>
ST_6 : Operation 485 [1/1] (0.80ns)   --->   "%add_ln48_162 = add i12 %trunc_ln48_109, i12 767" [kyber-mult-kernel-dataflow.cpp:48->kyber-mult-kernel-dataflow.cpp:84]   --->   Operation 485 'add' 'add_ln48_162' <Predicate = true> <Delay = 0.80> <CoreInst = "Adder">   --->   Core 1 'Adder' <Latency = 0> <II = 1> <Delay = 0.80> <FuncUnit> <Opcode : 'add' 'sub'> <InPorts = 2> <OutPorts = 1>
ST_6 : Operation 486 [1/1] (0.37ns)   --->   "%select_ln48_81 = select i1 %icmp_ln48_81, i12 %add_ln48_162, i12 %trunc_ln48_109" [kyber-mult-kernel-dataflow.cpp:48->kyber-mult-kernel-dataflow.cpp:84]   --->   Operation 486 'select' 'select_ln48_81' <Predicate = true> <Delay = 0.37> <CoreInst = "Sel">   --->   Core 73 'Sel' <Latency = 0> <II = 1> <Delay = 0.37> <FuncUnit> <Opcode : 'select'> <InPorts = 3> <OutPorts = 1>
ST_6 : Operation 487 [1/1] (0.94ns)   --->   "%icmp_ln52_81 = icmp_ult  i25 %zext_ln52_74, i25 %tA_30" [kyber-mult-kernel-dataflow.cpp:52->kyber-mult-kernel-dataflow.cpp:84]   --->   Operation 487 'icmp' 'icmp_ln52_81' <Predicate = true> <Delay = 0.94> <CoreInst = "Cmp">   --->   Core 9 'Cmp' <Latency = 0> <II = 1> <Delay = 0.94> <FuncUnit> <Opcode : 'icmp'> <InPorts = 2> <OutPorts = 1>
ST_6 : Operation 488 [1/1] (0.00ns) (grouped into LUT with out node sub_ln84_16)   --->   "%xor_ln52_81 = xor i1 %icmp_ln52_81, i1 1" [kyber-mult-kernel-dataflow.cpp:52->kyber-mult-kernel-dataflow.cpp:84]   --->   Operation 488 'xor' 'xor_ln52_81' <Predicate = true> <Delay = 0.00> <CoreInst = "LogicGate">   --->   Core 74 'LogicGate' <Latency = 0> <II = 1> <Delay = 0.28> <FuncUnit> <Opcode : 'and' 'or' 'xor'> <InPorts = 2> <OutPorts = 1>
ST_6 : Operation 489 [1/1] (0.00ns) (grouped into LUT with out node sub_ln84_16)   --->   "%select_ln52_81 = select i1 %xor_ln52_81, i12 %uA_30, i12 %add_ln52_81" [kyber-mult-kernel-dataflow.cpp:52->kyber-mult-kernel-dataflow.cpp:84]   --->   Operation 489 'select' 'select_ln52_81' <Predicate = true> <Delay = 0.00> <CoreInst = "Sel">   --->   Core 73 'Sel' <Latency = 0> <II = 1> <Delay = 0.37> <FuncUnit> <Opcode : 'select'> <InPorts = 3> <OutPorts = 1>
ST_6 : Operation 490 [1/1] (0.80ns) (out node of the LUT)   --->   "%sub_ln84_16 = sub i12 %select_ln52_81, i12 %trunc_ln48_108" [kyber-mult-kernel-dataflow.cpp:84]   --->   Operation 490 'sub' 'sub_ln84_16' <Predicate = true> <Delay = 0.80> <CoreInst = "Adder">   --->   Core 1 'Adder' <Latency = 0> <II = 1> <Delay = 0.80> <FuncUnit> <Opcode : 'add' 'sub'> <InPorts = 2> <OutPorts = 1>
ST_6 : Operation 491 [1/2] (0.67ns)   --->   "%uA_31 = load i4 %sA_3_addr" [kyber-mult-kernel-dataflow.cpp:83]   --->   Operation 491 'load' 'uA_31' <Predicate = true> <Delay = 0.67> <CoreInst = "RAM">   --->   Core 83 'RAM' <Latency = 1> <II = 1> <Delay = 0.67> <Storage> <Opcode : 'load' 'store'> <Ports = 2> <Width = 12> <Depth = 16> <RAM>
ST_6 : Operation 492 [1/1] (0.00ns)   --->   "%zext_ln52_75 = zext i12 %uA_31" [kyber-mult-kernel-dataflow.cpp:52->kyber-mult-kernel-dataflow.cpp:84]   --->   Operation 492 'zext' 'zext_ln52_75' <Predicate = true> <Delay = 0.00>
ST_6 : Operation 493 [1/1] (0.80ns)   --->   "%add_ln52_82 = add i12 %uA_31, i12 3329" [kyber-mult-kernel-dataflow.cpp:52->kyber-mult-kernel-dataflow.cpp:84]   --->   Operation 493 'add' 'add_ln52_82' <Predicate = true> <Delay = 0.80> <CoreInst = "Adder">   --->   Core 1 'Adder' <Latency = 0> <II = 1> <Delay = 0.80> <FuncUnit> <Opcode : 'add' 'sub'> <InPorts = 2> <OutPorts = 1>
ST_6 : Operation 494 [1/1] (0.00ns)   --->   "%zext_ln40_33 = zext i24 %xw_168" [kyber-mult-kernel-dataflow.cpp:40->kyber-mult-kernel-dataflow.cpp:83]   --->   Operation 494 'zext' 'zext_ln40_33' <Predicate = true> <Delay = 0.00>
ST_6 : Operation 495 [1/3] (0.00ns) (grouped into DSP with root node r_168)   --->   "%qq_168 = mul i24 %zext_ln39_26, i24 3329" [kyber-mult-kernel-dataflow.cpp:41->kyber-mult-kernel-dataflow.cpp:83]   --->   Operation 495 'mul' 'qq_168' <Predicate = true> <Delay = 0.00> <CoreInst = "DSP48">   --->   Core 127 'DSP48' <Latency = 2> <II = 1> <Delay = 1.33> <IPBlock> <Opcode : '' 'add' 'sub' 'mul' 'select'> <InPorts = 0> <OutPorts = 1> <Sync> <CReg>
ST_6 : Operation 496 [1/1] (0.00ns) (grouped into DSP with root node r_168)   --->   "%zext_ln42_33 = zext i24 %qq_168" [kyber-mult-kernel-dataflow.cpp:42->kyber-mult-kernel-dataflow.cpp:83]   --->   Operation 496 'zext' 'zext_ln42_33' <Predicate = true> <Delay = 0.00>
ST_6 : Operation 497 [1/1] (0.00ns)   --->   "%specfucore_ln42 = specfucore void @_ssdm_op_SpecFUCore, i24 %qq_168, i64 12, i64 3, i64 2" [kyber-mult-kernel-dataflow.cpp:42->kyber-mult-kernel-dataflow.cpp:83]   --->   Operation 497 'specfucore' 'specfucore_ln42' <Predicate = true> <Delay = 0.00>
ST_6 : Operation 498 [1/1] (2.03ns) (root node of the DSP)   --->   "%r_168 = sub i25 %zext_ln40_33, i25 %zext_ln42_33" [kyber-mult-kernel-dataflow.cpp:43->kyber-mult-kernel-dataflow.cpp:83]   --->   Operation 498 'sub' 'r_168' <Predicate = true> <Delay = 2.03> <CoreInst = "DSP48">   --->   Core 127 'DSP48' <Latency = 2> <II = 1> <Delay = 1.33> <IPBlock> <Opcode : '' 'add' 'sub' 'mul' 'select'> <InPorts = 0> <OutPorts = 1> <Sync> <CReg>
ST_6 : Operation 499 [1/1] (0.94ns)   --->   "%icmp_ln44_82 = icmp_ugt  i25 %r_168, i25 3328" [kyber-mult-kernel-dataflow.cpp:44->kyber-mult-kernel-dataflow.cpp:83]   --->   Operation 499 'icmp' 'icmp_ln44_82' <Predicate = true> <Delay = 0.94> <CoreInst = "Cmp">   --->   Core 9 'Cmp' <Latency = 0> <II = 1> <Delay = 0.94> <FuncUnit> <Opcode : 'icmp'> <InPorts = 2> <OutPorts = 1>
ST_6 : Operation 500 [1/1] (0.94ns)   --->   "%add_ln44_82 = add i25 %r_168, i25 33551103" [kyber-mult-kernel-dataflow.cpp:44->kyber-mult-kernel-dataflow.cpp:83]   --->   Operation 500 'add' 'add_ln44_82' <Predicate = true> <Delay = 0.94> <CoreInst = "Adder">   --->   Core 1 'Adder' <Latency = 0> <II = 1> <Delay = 0.94> <FuncUnit> <Opcode : 'add' 'sub'> <InPorts = 2> <OutPorts = 1>
ST_6 : Operation 501 [1/1] (0.32ns)   --->   "%tA_31 = select i1 %icmp_ln44_82, i25 %add_ln44_82, i25 %r_168" [kyber-mult-kernel-dataflow.cpp:44->kyber-mult-kernel-dataflow.cpp:83]   --->   Operation 501 'select' 'tA_31' <Predicate = true> <Delay = 0.32> <CoreInst = "Sel">   --->   Core 73 'Sel' <Latency = 0> <II = 1> <Delay = 0.32> <FuncUnit> <Opcode : 'select'> <InPorts = 3> <OutPorts = 1>
ST_6 : Operation 502 [1/1] (0.00ns) (grouped into LUT with out node sub_ln84_17)   --->   "%trunc_ln48_110 = trunc i25 %tA_31" [kyber-mult-kernel-dataflow.cpp:48->kyber-mult-kernel-dataflow.cpp:84]   --->   Operation 502 'trunc' 'trunc_ln48_110' <Predicate = true> <Delay = 0.00>
ST_6 : Operation 503 [1/1] (0.94ns)   --->   "%s_168 = add i25 %tA_31, i25 %zext_ln52_75" [kyber-mult-kernel-dataflow.cpp:48->kyber-mult-kernel-dataflow.cpp:84]   --->   Operation 503 'add' 's_168' <Predicate = true> <Delay = 0.94> <CoreInst = "Adder">   --->   Core 1 'Adder' <Latency = 0> <II = 1> <Delay = 0.94> <FuncUnit> <Opcode : 'add' 'sub'> <InPorts = 2> <OutPorts = 1>
ST_6 : Operation 504 [1/1] (0.94ns)   --->   "%icmp_ln48_82 = icmp_ugt  i25 %s_168, i25 3328" [kyber-mult-kernel-dataflow.cpp:48->kyber-mult-kernel-dataflow.cpp:84]   --->   Operation 504 'icmp' 'icmp_ln48_82' <Predicate = true> <Delay = 0.94> <CoreInst = "Cmp">   --->   Core 9 'Cmp' <Latency = 0> <II = 1> <Delay = 0.94> <FuncUnit> <Opcode : 'icmp'> <InPorts = 2> <OutPorts = 1>
ST_6 : Operation 505 [1/1] (0.00ns)   --->   "%trunc_ln48_111 = trunc i25 %s_168" [kyber-mult-kernel-dataflow.cpp:48->kyber-mult-kernel-dataflow.cpp:84]   --->   Operation 505 'trunc' 'trunc_ln48_111' <Predicate = true> <Delay = 0.00>
ST_6 : Operation 506 [1/1] (0.80ns)   --->   "%add_ln48_164 = add i12 %trunc_ln48_111, i12 767" [kyber-mult-kernel-dataflow.cpp:48->kyber-mult-kernel-dataflow.cpp:84]   --->   Operation 506 'add' 'add_ln48_164' <Predicate = true> <Delay = 0.80> <CoreInst = "Adder">   --->   Core 1 'Adder' <Latency = 0> <II = 1> <Delay = 0.80> <FuncUnit> <Opcode : 'add' 'sub'> <InPorts = 2> <OutPorts = 1>
ST_6 : Operation 507 [1/1] (0.37ns)   --->   "%select_ln48_82 = select i1 %icmp_ln48_82, i12 %add_ln48_164, i12 %trunc_ln48_111" [kyber-mult-kernel-dataflow.cpp:48->kyber-mult-kernel-dataflow.cpp:84]   --->   Operation 507 'select' 'select_ln48_82' <Predicate = true> <Delay = 0.37> <CoreInst = "Sel">   --->   Core 73 'Sel' <Latency = 0> <II = 1> <Delay = 0.37> <FuncUnit> <Opcode : 'select'> <InPorts = 3> <OutPorts = 1>
ST_6 : Operation 508 [1/1] (0.94ns)   --->   "%icmp_ln52_82 = icmp_ult  i25 %zext_ln52_75, i25 %tA_31" [kyber-mult-kernel-dataflow.cpp:52->kyber-mult-kernel-dataflow.cpp:84]   --->   Operation 508 'icmp' 'icmp_ln52_82' <Predicate = true> <Delay = 0.94> <CoreInst = "Cmp">   --->   Core 9 'Cmp' <Latency = 0> <II = 1> <Delay = 0.94> <FuncUnit> <Opcode : 'icmp'> <InPorts = 2> <OutPorts = 1>
ST_6 : Operation 509 [1/1] (0.00ns) (grouped into LUT with out node sub_ln84_17)   --->   "%xor_ln52_82 = xor i1 %icmp_ln52_82, i1 1" [kyber-mult-kernel-dataflow.cpp:52->kyber-mult-kernel-dataflow.cpp:84]   --->   Operation 509 'xor' 'xor_ln52_82' <Predicate = true> <Delay = 0.00> <CoreInst = "LogicGate">   --->   Core 74 'LogicGate' <Latency = 0> <II = 1> <Delay = 0.28> <FuncUnit> <Opcode : 'and' 'or' 'xor'> <InPorts = 2> <OutPorts = 1>
ST_6 : Operation 510 [1/1] (0.00ns) (grouped into LUT with out node sub_ln84_17)   --->   "%select_ln52_82 = select i1 %xor_ln52_82, i12 %uA_31, i12 %add_ln52_82" [kyber-mult-kernel-dataflow.cpp:52->kyber-mult-kernel-dataflow.cpp:84]   --->   Operation 510 'select' 'select_ln52_82' <Predicate = true> <Delay = 0.00> <CoreInst = "Sel">   --->   Core 73 'Sel' <Latency = 0> <II = 1> <Delay = 0.37> <FuncUnit> <Opcode : 'select'> <InPorts = 3> <OutPorts = 1>
ST_6 : Operation 511 [1/1] (0.80ns) (out node of the LUT)   --->   "%sub_ln84_17 = sub i12 %select_ln52_82, i12 %trunc_ln48_110" [kyber-mult-kernel-dataflow.cpp:84]   --->   Operation 511 'sub' 'sub_ln84_17' <Predicate = true> <Delay = 0.80> <CoreInst = "Adder">   --->   Core 1 'Adder' <Latency = 0> <II = 1> <Delay = 0.80> <FuncUnit> <Opcode : 'add' 'sub'> <InPorts = 2> <OutPorts = 1>
ST_6 : Operation 512 [1/2] (0.67ns)   --->   "%uA_32 = load i4 %sA_8_addr" [kyber-mult-kernel-dataflow.cpp:83]   --->   Operation 512 'load' 'uA_32' <Predicate = true> <Delay = 0.67> <CoreInst = "RAM">   --->   Core 83 'RAM' <Latency = 1> <II = 1> <Delay = 0.67> <Storage> <Opcode : 'load' 'store'> <Ports = 2> <Width = 12> <Depth = 16> <RAM>
ST_6 : Operation 513 [1/1] (0.00ns)   --->   "%zext_ln52_76 = zext i12 %uA_32" [kyber-mult-kernel-dataflow.cpp:52->kyber-mult-kernel-dataflow.cpp:84]   --->   Operation 513 'zext' 'zext_ln52_76' <Predicate = true> <Delay = 0.00>
ST_6 : Operation 514 [1/1] (0.80ns)   --->   "%add_ln52_83 = add i12 %uA_32, i12 3329" [kyber-mult-kernel-dataflow.cpp:52->kyber-mult-kernel-dataflow.cpp:84]   --->   Operation 514 'add' 'add_ln52_83' <Predicate = true> <Delay = 0.80> <CoreInst = "Adder">   --->   Core 1 'Adder' <Latency = 0> <II = 1> <Delay = 0.80> <FuncUnit> <Opcode : 'add' 'sub'> <InPorts = 2> <OutPorts = 1>
ST_6 : Operation 515 [1/1] (0.00ns)   --->   "%zext_ln40_34 = zext i24 %xw_170" [kyber-mult-kernel-dataflow.cpp:40->kyber-mult-kernel-dataflow.cpp:83]   --->   Operation 515 'zext' 'zext_ln40_34' <Predicate = true> <Delay = 0.00>
ST_6 : Operation 516 [1/3] (0.00ns) (grouped into DSP with root node r_170)   --->   "%qq_170 = mul i24 %zext_ln39_27, i24 3329" [kyber-mult-kernel-dataflow.cpp:41->kyber-mult-kernel-dataflow.cpp:83]   --->   Operation 516 'mul' 'qq_170' <Predicate = true> <Delay = 0.00> <CoreInst = "DSP48">   --->   Core 127 'DSP48' <Latency = 2> <II = 1> <Delay = 1.33> <IPBlock> <Opcode : '' 'add' 'sub' 'mul' 'select'> <InPorts = 0> <OutPorts = 1> <Sync> <CReg>
ST_6 : Operation 517 [1/1] (0.00ns) (grouped into DSP with root node r_170)   --->   "%zext_ln42_34 = zext i24 %qq_170" [kyber-mult-kernel-dataflow.cpp:42->kyber-mult-kernel-dataflow.cpp:83]   --->   Operation 517 'zext' 'zext_ln42_34' <Predicate = true> <Delay = 0.00>
ST_6 : Operation 518 [1/1] (0.00ns)   --->   "%specfucore_ln42 = specfucore void @_ssdm_op_SpecFUCore, i24 %qq_170, i64 12, i64 3, i64 2" [kyber-mult-kernel-dataflow.cpp:42->kyber-mult-kernel-dataflow.cpp:83]   --->   Operation 518 'specfucore' 'specfucore_ln42' <Predicate = true> <Delay = 0.00>
ST_6 : Operation 519 [1/1] (2.03ns) (root node of the DSP)   --->   "%r_170 = sub i25 %zext_ln40_34, i25 %zext_ln42_34" [kyber-mult-kernel-dataflow.cpp:43->kyber-mult-kernel-dataflow.cpp:83]   --->   Operation 519 'sub' 'r_170' <Predicate = true> <Delay = 2.03> <CoreInst = "DSP48">   --->   Core 127 'DSP48' <Latency = 2> <II = 1> <Delay = 1.33> <IPBlock> <Opcode : '' 'add' 'sub' 'mul' 'select'> <InPorts = 0> <OutPorts = 1> <Sync> <CReg>
ST_6 : Operation 520 [1/1] (0.94ns)   --->   "%icmp_ln44_83 = icmp_ugt  i25 %r_170, i25 3328" [kyber-mult-kernel-dataflow.cpp:44->kyber-mult-kernel-dataflow.cpp:83]   --->   Operation 520 'icmp' 'icmp_ln44_83' <Predicate = true> <Delay = 0.94> <CoreInst = "Cmp">   --->   Core 9 'Cmp' <Latency = 0> <II = 1> <Delay = 0.94> <FuncUnit> <Opcode : 'icmp'> <InPorts = 2> <OutPorts = 1>
ST_6 : Operation 521 [1/1] (0.94ns)   --->   "%add_ln44_83 = add i25 %r_170, i25 33551103" [kyber-mult-kernel-dataflow.cpp:44->kyber-mult-kernel-dataflow.cpp:83]   --->   Operation 521 'add' 'add_ln44_83' <Predicate = true> <Delay = 0.94> <CoreInst = "Adder">   --->   Core 1 'Adder' <Latency = 0> <II = 1> <Delay = 0.94> <FuncUnit> <Opcode : 'add' 'sub'> <InPorts = 2> <OutPorts = 1>
ST_6 : Operation 522 [1/1] (0.32ns)   --->   "%tA_32 = select i1 %icmp_ln44_83, i25 %add_ln44_83, i25 %r_170" [kyber-mult-kernel-dataflow.cpp:44->kyber-mult-kernel-dataflow.cpp:83]   --->   Operation 522 'select' 'tA_32' <Predicate = true> <Delay = 0.32> <CoreInst = "Sel">   --->   Core 73 'Sel' <Latency = 0> <II = 1> <Delay = 0.32> <FuncUnit> <Opcode : 'select'> <InPorts = 3> <OutPorts = 1>
ST_6 : Operation 523 [1/1] (0.00ns) (grouped into LUT with out node sub_ln84_18)   --->   "%trunc_ln48_112 = trunc i25 %tA_32" [kyber-mult-kernel-dataflow.cpp:48->kyber-mult-kernel-dataflow.cpp:84]   --->   Operation 523 'trunc' 'trunc_ln48_112' <Predicate = true> <Delay = 0.00>
ST_6 : Operation 524 [1/1] (0.94ns)   --->   "%s_170 = add i25 %tA_32, i25 %zext_ln52_76" [kyber-mult-kernel-dataflow.cpp:48->kyber-mult-kernel-dataflow.cpp:84]   --->   Operation 524 'add' 's_170' <Predicate = true> <Delay = 0.94> <CoreInst = "Adder">   --->   Core 1 'Adder' <Latency = 0> <II = 1> <Delay = 0.94> <FuncUnit> <Opcode : 'add' 'sub'> <InPorts = 2> <OutPorts = 1>
ST_6 : Operation 525 [1/1] (0.94ns)   --->   "%icmp_ln48_83 = icmp_ugt  i25 %s_170, i25 3328" [kyber-mult-kernel-dataflow.cpp:48->kyber-mult-kernel-dataflow.cpp:84]   --->   Operation 525 'icmp' 'icmp_ln48_83' <Predicate = true> <Delay = 0.94> <CoreInst = "Cmp">   --->   Core 9 'Cmp' <Latency = 0> <II = 1> <Delay = 0.94> <FuncUnit> <Opcode : 'icmp'> <InPorts = 2> <OutPorts = 1>
ST_6 : Operation 526 [1/1] (0.00ns)   --->   "%trunc_ln48_113 = trunc i25 %s_170" [kyber-mult-kernel-dataflow.cpp:48->kyber-mult-kernel-dataflow.cpp:84]   --->   Operation 526 'trunc' 'trunc_ln48_113' <Predicate = true> <Delay = 0.00>
ST_6 : Operation 527 [1/1] (0.80ns)   --->   "%add_ln48_166 = add i12 %trunc_ln48_113, i12 767" [kyber-mult-kernel-dataflow.cpp:48->kyber-mult-kernel-dataflow.cpp:84]   --->   Operation 527 'add' 'add_ln48_166' <Predicate = true> <Delay = 0.80> <CoreInst = "Adder">   --->   Core 1 'Adder' <Latency = 0> <II = 1> <Delay = 0.80> <FuncUnit> <Opcode : 'add' 'sub'> <InPorts = 2> <OutPorts = 1>
ST_6 : Operation 528 [1/1] (0.37ns)   --->   "%select_ln48_83 = select i1 %icmp_ln48_83, i12 %add_ln48_166, i12 %trunc_ln48_113" [kyber-mult-kernel-dataflow.cpp:48->kyber-mult-kernel-dataflow.cpp:84]   --->   Operation 528 'select' 'select_ln48_83' <Predicate = true> <Delay = 0.37> <CoreInst = "Sel">   --->   Core 73 'Sel' <Latency = 0> <II = 1> <Delay = 0.37> <FuncUnit> <Opcode : 'select'> <InPorts = 3> <OutPorts = 1>
ST_6 : Operation 529 [1/1] (0.94ns)   --->   "%icmp_ln52_83 = icmp_ult  i25 %zext_ln52_76, i25 %tA_32" [kyber-mult-kernel-dataflow.cpp:52->kyber-mult-kernel-dataflow.cpp:84]   --->   Operation 529 'icmp' 'icmp_ln52_83' <Predicate = true> <Delay = 0.94> <CoreInst = "Cmp">   --->   Core 9 'Cmp' <Latency = 0> <II = 1> <Delay = 0.94> <FuncUnit> <Opcode : 'icmp'> <InPorts = 2> <OutPorts = 1>
ST_6 : Operation 530 [1/1] (0.00ns) (grouped into LUT with out node sub_ln84_18)   --->   "%xor_ln52_83 = xor i1 %icmp_ln52_83, i1 1" [kyber-mult-kernel-dataflow.cpp:52->kyber-mult-kernel-dataflow.cpp:84]   --->   Operation 530 'xor' 'xor_ln52_83' <Predicate = true> <Delay = 0.00> <CoreInst = "LogicGate">   --->   Core 74 'LogicGate' <Latency = 0> <II = 1> <Delay = 0.28> <FuncUnit> <Opcode : 'and' 'or' 'xor'> <InPorts = 2> <OutPorts = 1>
ST_6 : Operation 531 [1/1] (0.00ns) (grouped into LUT with out node sub_ln84_18)   --->   "%select_ln52_83 = select i1 %xor_ln52_83, i12 %uA_32, i12 %add_ln52_83" [kyber-mult-kernel-dataflow.cpp:52->kyber-mult-kernel-dataflow.cpp:84]   --->   Operation 531 'select' 'select_ln52_83' <Predicate = true> <Delay = 0.00> <CoreInst = "Sel">   --->   Core 73 'Sel' <Latency = 0> <II = 1> <Delay = 0.37> <FuncUnit> <Opcode : 'select'> <InPorts = 3> <OutPorts = 1>
ST_6 : Operation 532 [1/1] (0.80ns) (out node of the LUT)   --->   "%sub_ln84_18 = sub i12 %select_ln52_83, i12 %trunc_ln48_112" [kyber-mult-kernel-dataflow.cpp:84]   --->   Operation 532 'sub' 'sub_ln84_18' <Predicate = true> <Delay = 0.80> <CoreInst = "Adder">   --->   Core 1 'Adder' <Latency = 0> <II = 1> <Delay = 0.80> <FuncUnit> <Opcode : 'add' 'sub'> <InPorts = 2> <OutPorts = 1>
ST_6 : Operation 533 [1/2] (0.67ns)   --->   "%uA_33 = load i4 %sA_9_addr" [kyber-mult-kernel-dataflow.cpp:83]   --->   Operation 533 'load' 'uA_33' <Predicate = true> <Delay = 0.67> <CoreInst = "RAM">   --->   Core 83 'RAM' <Latency = 1> <II = 1> <Delay = 0.67> <Storage> <Opcode : 'load' 'store'> <Ports = 2> <Width = 12> <Depth = 16> <RAM>
ST_6 : Operation 534 [1/1] (0.00ns)   --->   "%zext_ln52_77 = zext i12 %uA_33" [kyber-mult-kernel-dataflow.cpp:52->kyber-mult-kernel-dataflow.cpp:84]   --->   Operation 534 'zext' 'zext_ln52_77' <Predicate = true> <Delay = 0.00>
ST_6 : Operation 535 [1/1] (0.80ns)   --->   "%add_ln52_84 = add i12 %uA_33, i12 3329" [kyber-mult-kernel-dataflow.cpp:52->kyber-mult-kernel-dataflow.cpp:84]   --->   Operation 535 'add' 'add_ln52_84' <Predicate = true> <Delay = 0.80> <CoreInst = "Adder">   --->   Core 1 'Adder' <Latency = 0> <II = 1> <Delay = 0.80> <FuncUnit> <Opcode : 'add' 'sub'> <InPorts = 2> <OutPorts = 1>
ST_6 : Operation 536 [1/1] (0.00ns)   --->   "%zext_ln40_35 = zext i24 %xw_172" [kyber-mult-kernel-dataflow.cpp:40->kyber-mult-kernel-dataflow.cpp:83]   --->   Operation 536 'zext' 'zext_ln40_35' <Predicate = true> <Delay = 0.00>
ST_6 : Operation 537 [1/3] (0.00ns) (grouped into DSP with root node r_172)   --->   "%qq_172 = mul i24 %zext_ln39_28, i24 3329" [kyber-mult-kernel-dataflow.cpp:41->kyber-mult-kernel-dataflow.cpp:83]   --->   Operation 537 'mul' 'qq_172' <Predicate = true> <Delay = 0.00> <CoreInst = "DSP48">   --->   Core 127 'DSP48' <Latency = 2> <II = 1> <Delay = 1.33> <IPBlock> <Opcode : '' 'add' 'sub' 'mul' 'select'> <InPorts = 0> <OutPorts = 1> <Sync> <CReg>
ST_6 : Operation 538 [1/1] (0.00ns) (grouped into DSP with root node r_172)   --->   "%zext_ln42_35 = zext i24 %qq_172" [kyber-mult-kernel-dataflow.cpp:42->kyber-mult-kernel-dataflow.cpp:83]   --->   Operation 538 'zext' 'zext_ln42_35' <Predicate = true> <Delay = 0.00>
ST_6 : Operation 539 [1/1] (0.00ns)   --->   "%specfucore_ln42 = specfucore void @_ssdm_op_SpecFUCore, i24 %qq_172, i64 12, i64 3, i64 2" [kyber-mult-kernel-dataflow.cpp:42->kyber-mult-kernel-dataflow.cpp:83]   --->   Operation 539 'specfucore' 'specfucore_ln42' <Predicate = true> <Delay = 0.00>
ST_6 : Operation 540 [1/1] (2.03ns) (root node of the DSP)   --->   "%r_172 = sub i25 %zext_ln40_35, i25 %zext_ln42_35" [kyber-mult-kernel-dataflow.cpp:43->kyber-mult-kernel-dataflow.cpp:83]   --->   Operation 540 'sub' 'r_172' <Predicate = true> <Delay = 2.03> <CoreInst = "DSP48">   --->   Core 127 'DSP48' <Latency = 2> <II = 1> <Delay = 1.33> <IPBlock> <Opcode : '' 'add' 'sub' 'mul' 'select'> <InPorts = 0> <OutPorts = 1> <Sync> <CReg>
ST_6 : Operation 541 [1/1] (0.94ns)   --->   "%icmp_ln44_84 = icmp_ugt  i25 %r_172, i25 3328" [kyber-mult-kernel-dataflow.cpp:44->kyber-mult-kernel-dataflow.cpp:83]   --->   Operation 541 'icmp' 'icmp_ln44_84' <Predicate = true> <Delay = 0.94> <CoreInst = "Cmp">   --->   Core 9 'Cmp' <Latency = 0> <II = 1> <Delay = 0.94> <FuncUnit> <Opcode : 'icmp'> <InPorts = 2> <OutPorts = 1>
ST_6 : Operation 542 [1/1] (0.94ns)   --->   "%add_ln44_84 = add i25 %r_172, i25 33551103" [kyber-mult-kernel-dataflow.cpp:44->kyber-mult-kernel-dataflow.cpp:83]   --->   Operation 542 'add' 'add_ln44_84' <Predicate = true> <Delay = 0.94> <CoreInst = "Adder">   --->   Core 1 'Adder' <Latency = 0> <II = 1> <Delay = 0.94> <FuncUnit> <Opcode : 'add' 'sub'> <InPorts = 2> <OutPorts = 1>
ST_6 : Operation 543 [1/1] (0.32ns)   --->   "%tA_33 = select i1 %icmp_ln44_84, i25 %add_ln44_84, i25 %r_172" [kyber-mult-kernel-dataflow.cpp:44->kyber-mult-kernel-dataflow.cpp:83]   --->   Operation 543 'select' 'tA_33' <Predicate = true> <Delay = 0.32> <CoreInst = "Sel">   --->   Core 73 'Sel' <Latency = 0> <II = 1> <Delay = 0.32> <FuncUnit> <Opcode : 'select'> <InPorts = 3> <OutPorts = 1>
ST_6 : Operation 544 [1/1] (0.00ns) (grouped into LUT with out node sub_ln84_19)   --->   "%trunc_ln48_114 = trunc i25 %tA_33" [kyber-mult-kernel-dataflow.cpp:48->kyber-mult-kernel-dataflow.cpp:84]   --->   Operation 544 'trunc' 'trunc_ln48_114' <Predicate = true> <Delay = 0.00>
ST_6 : Operation 545 [1/1] (0.94ns)   --->   "%s_172 = add i25 %tA_33, i25 %zext_ln52_77" [kyber-mult-kernel-dataflow.cpp:48->kyber-mult-kernel-dataflow.cpp:84]   --->   Operation 545 'add' 's_172' <Predicate = true> <Delay = 0.94> <CoreInst = "Adder">   --->   Core 1 'Adder' <Latency = 0> <II = 1> <Delay = 0.94> <FuncUnit> <Opcode : 'add' 'sub'> <InPorts = 2> <OutPorts = 1>
ST_6 : Operation 546 [1/1] (0.94ns)   --->   "%icmp_ln48_84 = icmp_ugt  i25 %s_172, i25 3328" [kyber-mult-kernel-dataflow.cpp:48->kyber-mult-kernel-dataflow.cpp:84]   --->   Operation 546 'icmp' 'icmp_ln48_84' <Predicate = true> <Delay = 0.94> <CoreInst = "Cmp">   --->   Core 9 'Cmp' <Latency = 0> <II = 1> <Delay = 0.94> <FuncUnit> <Opcode : 'icmp'> <InPorts = 2> <OutPorts = 1>
ST_6 : Operation 547 [1/1] (0.00ns)   --->   "%trunc_ln48_115 = trunc i25 %s_172" [kyber-mult-kernel-dataflow.cpp:48->kyber-mult-kernel-dataflow.cpp:84]   --->   Operation 547 'trunc' 'trunc_ln48_115' <Predicate = true> <Delay = 0.00>
ST_6 : Operation 548 [1/1] (0.80ns)   --->   "%add_ln48_168 = add i12 %trunc_ln48_115, i12 767" [kyber-mult-kernel-dataflow.cpp:48->kyber-mult-kernel-dataflow.cpp:84]   --->   Operation 548 'add' 'add_ln48_168' <Predicate = true> <Delay = 0.80> <CoreInst = "Adder">   --->   Core 1 'Adder' <Latency = 0> <II = 1> <Delay = 0.80> <FuncUnit> <Opcode : 'add' 'sub'> <InPorts = 2> <OutPorts = 1>
ST_6 : Operation 549 [1/1] (0.37ns)   --->   "%select_ln48_84 = select i1 %icmp_ln48_84, i12 %add_ln48_168, i12 %trunc_ln48_115" [kyber-mult-kernel-dataflow.cpp:48->kyber-mult-kernel-dataflow.cpp:84]   --->   Operation 549 'select' 'select_ln48_84' <Predicate = true> <Delay = 0.37> <CoreInst = "Sel">   --->   Core 73 'Sel' <Latency = 0> <II = 1> <Delay = 0.37> <FuncUnit> <Opcode : 'select'> <InPorts = 3> <OutPorts = 1>
ST_6 : Operation 550 [1/1] (0.94ns)   --->   "%icmp_ln52_84 = icmp_ult  i25 %zext_ln52_77, i25 %tA_33" [kyber-mult-kernel-dataflow.cpp:52->kyber-mult-kernel-dataflow.cpp:84]   --->   Operation 550 'icmp' 'icmp_ln52_84' <Predicate = true> <Delay = 0.94> <CoreInst = "Cmp">   --->   Core 9 'Cmp' <Latency = 0> <II = 1> <Delay = 0.94> <FuncUnit> <Opcode : 'icmp'> <InPorts = 2> <OutPorts = 1>
ST_6 : Operation 551 [1/1] (0.00ns) (grouped into LUT with out node sub_ln84_19)   --->   "%xor_ln52_84 = xor i1 %icmp_ln52_84, i1 1" [kyber-mult-kernel-dataflow.cpp:52->kyber-mult-kernel-dataflow.cpp:84]   --->   Operation 551 'xor' 'xor_ln52_84' <Predicate = true> <Delay = 0.00> <CoreInst = "LogicGate">   --->   Core 74 'LogicGate' <Latency = 0> <II = 1> <Delay = 0.28> <FuncUnit> <Opcode : 'and' 'or' 'xor'> <InPorts = 2> <OutPorts = 1>
ST_6 : Operation 552 [1/1] (0.00ns) (grouped into LUT with out node sub_ln84_19)   --->   "%select_ln52_84 = select i1 %xor_ln52_84, i12 %uA_33, i12 %add_ln52_84" [kyber-mult-kernel-dataflow.cpp:52->kyber-mult-kernel-dataflow.cpp:84]   --->   Operation 552 'select' 'select_ln52_84' <Predicate = true> <Delay = 0.00> <CoreInst = "Sel">   --->   Core 73 'Sel' <Latency = 0> <II = 1> <Delay = 0.37> <FuncUnit> <Opcode : 'select'> <InPorts = 3> <OutPorts = 1>
ST_6 : Operation 553 [1/1] (0.80ns) (out node of the LUT)   --->   "%sub_ln84_19 = sub i12 %select_ln52_84, i12 %trunc_ln48_114" [kyber-mult-kernel-dataflow.cpp:84]   --->   Operation 553 'sub' 'sub_ln84_19' <Predicate = true> <Delay = 0.80> <CoreInst = "Adder">   --->   Core 1 'Adder' <Latency = 0> <II = 1> <Delay = 0.80> <FuncUnit> <Opcode : 'add' 'sub'> <InPorts = 2> <OutPorts = 1>
ST_6 : Operation 554 [1/2] (0.67ns)   --->   "%uA_34 = load i4 %sA_10_addr" [kyber-mult-kernel-dataflow.cpp:83]   --->   Operation 554 'load' 'uA_34' <Predicate = true> <Delay = 0.67> <CoreInst = "RAM">   --->   Core 83 'RAM' <Latency = 1> <II = 1> <Delay = 0.67> <Storage> <Opcode : 'load' 'store'> <Ports = 2> <Width = 12> <Depth = 16> <RAM>
ST_6 : Operation 555 [1/1] (0.00ns)   --->   "%zext_ln52_78 = zext i12 %uA_34" [kyber-mult-kernel-dataflow.cpp:52->kyber-mult-kernel-dataflow.cpp:84]   --->   Operation 555 'zext' 'zext_ln52_78' <Predicate = true> <Delay = 0.00>
ST_6 : Operation 556 [1/1] (0.80ns)   --->   "%add_ln52_85 = add i12 %uA_34, i12 3329" [kyber-mult-kernel-dataflow.cpp:52->kyber-mult-kernel-dataflow.cpp:84]   --->   Operation 556 'add' 'add_ln52_85' <Predicate = true> <Delay = 0.80> <CoreInst = "Adder">   --->   Core 1 'Adder' <Latency = 0> <II = 1> <Delay = 0.80> <FuncUnit> <Opcode : 'add' 'sub'> <InPorts = 2> <OutPorts = 1>
ST_6 : Operation 557 [1/1] (0.00ns)   --->   "%zext_ln40_36 = zext i24 %xw_174" [kyber-mult-kernel-dataflow.cpp:40->kyber-mult-kernel-dataflow.cpp:83]   --->   Operation 557 'zext' 'zext_ln40_36' <Predicate = true> <Delay = 0.00>
ST_6 : Operation 558 [1/3] (0.00ns) (grouped into DSP with root node r_174)   --->   "%qq_174 = mul i24 %zext_ln39_29, i24 3329" [kyber-mult-kernel-dataflow.cpp:41->kyber-mult-kernel-dataflow.cpp:83]   --->   Operation 558 'mul' 'qq_174' <Predicate = true> <Delay = 0.00> <CoreInst = "DSP48">   --->   Core 127 'DSP48' <Latency = 2> <II = 1> <Delay = 1.33> <IPBlock> <Opcode : '' 'add' 'sub' 'mul' 'select'> <InPorts = 0> <OutPorts = 1> <Sync> <CReg>
ST_6 : Operation 559 [1/1] (0.00ns) (grouped into DSP with root node r_174)   --->   "%zext_ln42_36 = zext i24 %qq_174" [kyber-mult-kernel-dataflow.cpp:42->kyber-mult-kernel-dataflow.cpp:83]   --->   Operation 559 'zext' 'zext_ln42_36' <Predicate = true> <Delay = 0.00>
ST_6 : Operation 560 [1/1] (0.00ns)   --->   "%specfucore_ln42 = specfucore void @_ssdm_op_SpecFUCore, i24 %qq_174, i64 12, i64 3, i64 2" [kyber-mult-kernel-dataflow.cpp:42->kyber-mult-kernel-dataflow.cpp:83]   --->   Operation 560 'specfucore' 'specfucore_ln42' <Predicate = true> <Delay = 0.00>
ST_6 : Operation 561 [1/1] (2.03ns) (root node of the DSP)   --->   "%r_174 = sub i25 %zext_ln40_36, i25 %zext_ln42_36" [kyber-mult-kernel-dataflow.cpp:43->kyber-mult-kernel-dataflow.cpp:83]   --->   Operation 561 'sub' 'r_174' <Predicate = true> <Delay = 2.03> <CoreInst = "DSP48">   --->   Core 127 'DSP48' <Latency = 2> <II = 1> <Delay = 1.33> <IPBlock> <Opcode : '' 'add' 'sub' 'mul' 'select'> <InPorts = 0> <OutPorts = 1> <Sync> <CReg>
ST_6 : Operation 562 [1/1] (0.94ns)   --->   "%icmp_ln44_85 = icmp_ugt  i25 %r_174, i25 3328" [kyber-mult-kernel-dataflow.cpp:44->kyber-mult-kernel-dataflow.cpp:83]   --->   Operation 562 'icmp' 'icmp_ln44_85' <Predicate = true> <Delay = 0.94> <CoreInst = "Cmp">   --->   Core 9 'Cmp' <Latency = 0> <II = 1> <Delay = 0.94> <FuncUnit> <Opcode : 'icmp'> <InPorts = 2> <OutPorts = 1>
ST_6 : Operation 563 [1/1] (0.94ns)   --->   "%add_ln44_85 = add i25 %r_174, i25 33551103" [kyber-mult-kernel-dataflow.cpp:44->kyber-mult-kernel-dataflow.cpp:83]   --->   Operation 563 'add' 'add_ln44_85' <Predicate = true> <Delay = 0.94> <CoreInst = "Adder">   --->   Core 1 'Adder' <Latency = 0> <II = 1> <Delay = 0.94> <FuncUnit> <Opcode : 'add' 'sub'> <InPorts = 2> <OutPorts = 1>
ST_6 : Operation 564 [1/1] (0.32ns)   --->   "%tA_34 = select i1 %icmp_ln44_85, i25 %add_ln44_85, i25 %r_174" [kyber-mult-kernel-dataflow.cpp:44->kyber-mult-kernel-dataflow.cpp:83]   --->   Operation 564 'select' 'tA_34' <Predicate = true> <Delay = 0.32> <CoreInst = "Sel">   --->   Core 73 'Sel' <Latency = 0> <II = 1> <Delay = 0.32> <FuncUnit> <Opcode : 'select'> <InPorts = 3> <OutPorts = 1>
ST_6 : Operation 565 [1/1] (0.00ns) (grouped into LUT with out node sub_ln84_20)   --->   "%trunc_ln48_116 = trunc i25 %tA_34" [kyber-mult-kernel-dataflow.cpp:48->kyber-mult-kernel-dataflow.cpp:84]   --->   Operation 565 'trunc' 'trunc_ln48_116' <Predicate = true> <Delay = 0.00>
ST_6 : Operation 566 [1/1] (0.94ns)   --->   "%s_174 = add i25 %tA_34, i25 %zext_ln52_78" [kyber-mult-kernel-dataflow.cpp:48->kyber-mult-kernel-dataflow.cpp:84]   --->   Operation 566 'add' 's_174' <Predicate = true> <Delay = 0.94> <CoreInst = "Adder">   --->   Core 1 'Adder' <Latency = 0> <II = 1> <Delay = 0.94> <FuncUnit> <Opcode : 'add' 'sub'> <InPorts = 2> <OutPorts = 1>
ST_6 : Operation 567 [1/1] (0.94ns)   --->   "%icmp_ln48_85 = icmp_ugt  i25 %s_174, i25 3328" [kyber-mult-kernel-dataflow.cpp:48->kyber-mult-kernel-dataflow.cpp:84]   --->   Operation 567 'icmp' 'icmp_ln48_85' <Predicate = true> <Delay = 0.94> <CoreInst = "Cmp">   --->   Core 9 'Cmp' <Latency = 0> <II = 1> <Delay = 0.94> <FuncUnit> <Opcode : 'icmp'> <InPorts = 2> <OutPorts = 1>
ST_6 : Operation 568 [1/1] (0.00ns)   --->   "%trunc_ln48_117 = trunc i25 %s_174" [kyber-mult-kernel-dataflow.cpp:48->kyber-mult-kernel-dataflow.cpp:84]   --->   Operation 568 'trunc' 'trunc_ln48_117' <Predicate = true> <Delay = 0.00>
ST_6 : Operation 569 [1/1] (0.80ns)   --->   "%add_ln48_170 = add i12 %trunc_ln48_117, i12 767" [kyber-mult-kernel-dataflow.cpp:48->kyber-mult-kernel-dataflow.cpp:84]   --->   Operation 569 'add' 'add_ln48_170' <Predicate = true> <Delay = 0.80> <CoreInst = "Adder">   --->   Core 1 'Adder' <Latency = 0> <II = 1> <Delay = 0.80> <FuncUnit> <Opcode : 'add' 'sub'> <InPorts = 2> <OutPorts = 1>
ST_6 : Operation 570 [1/1] (0.37ns)   --->   "%select_ln48_85 = select i1 %icmp_ln48_85, i12 %add_ln48_170, i12 %trunc_ln48_117" [kyber-mult-kernel-dataflow.cpp:48->kyber-mult-kernel-dataflow.cpp:84]   --->   Operation 570 'select' 'select_ln48_85' <Predicate = true> <Delay = 0.37> <CoreInst = "Sel">   --->   Core 73 'Sel' <Latency = 0> <II = 1> <Delay = 0.37> <FuncUnit> <Opcode : 'select'> <InPorts = 3> <OutPorts = 1>
ST_6 : Operation 571 [1/1] (0.94ns)   --->   "%icmp_ln52_85 = icmp_ult  i25 %zext_ln52_78, i25 %tA_34" [kyber-mult-kernel-dataflow.cpp:52->kyber-mult-kernel-dataflow.cpp:84]   --->   Operation 571 'icmp' 'icmp_ln52_85' <Predicate = true> <Delay = 0.94> <CoreInst = "Cmp">   --->   Core 9 'Cmp' <Latency = 0> <II = 1> <Delay = 0.94> <FuncUnit> <Opcode : 'icmp'> <InPorts = 2> <OutPorts = 1>
ST_6 : Operation 572 [1/1] (0.00ns) (grouped into LUT with out node sub_ln84_20)   --->   "%xor_ln52_85 = xor i1 %icmp_ln52_85, i1 1" [kyber-mult-kernel-dataflow.cpp:52->kyber-mult-kernel-dataflow.cpp:84]   --->   Operation 572 'xor' 'xor_ln52_85' <Predicate = true> <Delay = 0.00> <CoreInst = "LogicGate">   --->   Core 74 'LogicGate' <Latency = 0> <II = 1> <Delay = 0.28> <FuncUnit> <Opcode : 'and' 'or' 'xor'> <InPorts = 2> <OutPorts = 1>
ST_6 : Operation 573 [1/1] (0.00ns) (grouped into LUT with out node sub_ln84_20)   --->   "%select_ln52_85 = select i1 %xor_ln52_85, i12 %uA_34, i12 %add_ln52_85" [kyber-mult-kernel-dataflow.cpp:52->kyber-mult-kernel-dataflow.cpp:84]   --->   Operation 573 'select' 'select_ln52_85' <Predicate = true> <Delay = 0.00> <CoreInst = "Sel">   --->   Core 73 'Sel' <Latency = 0> <II = 1> <Delay = 0.37> <FuncUnit> <Opcode : 'select'> <InPorts = 3> <OutPorts = 1>
ST_6 : Operation 574 [1/1] (0.80ns) (out node of the LUT)   --->   "%sub_ln84_20 = sub i12 %select_ln52_85, i12 %trunc_ln48_116" [kyber-mult-kernel-dataflow.cpp:84]   --->   Operation 574 'sub' 'sub_ln84_20' <Predicate = true> <Delay = 0.80> <CoreInst = "Adder">   --->   Core 1 'Adder' <Latency = 0> <II = 1> <Delay = 0.80> <FuncUnit> <Opcode : 'add' 'sub'> <InPorts = 2> <OutPorts = 1>
ST_6 : Operation 575 [1/2] (0.67ns)   --->   "%uA_35 = load i4 %sA_11_addr" [kyber-mult-kernel-dataflow.cpp:83]   --->   Operation 575 'load' 'uA_35' <Predicate = true> <Delay = 0.67> <CoreInst = "RAM">   --->   Core 83 'RAM' <Latency = 1> <II = 1> <Delay = 0.67> <Storage> <Opcode : 'load' 'store'> <Ports = 2> <Width = 12> <Depth = 16> <RAM>
ST_6 : Operation 576 [1/1] (0.00ns)   --->   "%zext_ln83_3 = zext i12 %uA_35" [kyber-mult-kernel-dataflow.cpp:83]   --->   Operation 576 'zext' 'zext_ln83_3' <Predicate = true> <Delay = 0.00>
ST_6 : Operation 577 [1/1] (0.00ns)   --->   "%rbegin9 = specregionbegin i32 @_ssdm_op_SpecRegionBegin, void @empty_6" [kyber-mult-kernel-dataflow.cpp:36->kyber-mult-kernel-dataflow.cpp:83]   --->   Operation 577 'specregionbegin' 'rbegin9' <Predicate = true> <Delay = 0.00>
ST_6 : Operation 578 [1/1] (0.00ns)   --->   "%rend10 = specregionend i32 @_ssdm_op_SpecRegionEnd, void @empty_6, i32 %rbegin9" [kyber-mult-kernel-dataflow.cpp:36->kyber-mult-kernel-dataflow.cpp:83]   --->   Operation 578 'specregionend' 'rend10' <Predicate = true> <Delay = 0.00>
ST_6 : Operation 579 [1/1] (0.00ns)   --->   "%rbegin7 = specregionbegin i32 @_ssdm_op_SpecRegionBegin, void @empty_169" [kyber-mult-kernel-dataflow.cpp:39->kyber-mult-kernel-dataflow.cpp:83]   --->   Operation 579 'specregionbegin' 'rbegin7' <Predicate = true> <Delay = 0.00>
ST_6 : Operation 580 [1/1] (0.00ns)   --->   "%zext_ln40_37 = zext i24 %xw_161" [kyber-mult-kernel-dataflow.cpp:40->kyber-mult-kernel-dataflow.cpp:83]   --->   Operation 580 'zext' 'zext_ln40_37' <Predicate = true> <Delay = 0.00>
ST_6 : Operation 581 [1/1] (0.00ns)   --->   "%rend8 = specregionend i32 @_ssdm_op_SpecRegionEnd, void @empty_169, i32 %rbegin7" [kyber-mult-kernel-dataflow.cpp:39->kyber-mult-kernel-dataflow.cpp:83]   --->   Operation 581 'specregionend' 'rend8' <Predicate = true> <Delay = 0.00>
ST_6 : Operation 582 [1/1] (0.00ns)   --->   "%rbegin5 = specregionbegin i32 @_ssdm_op_SpecRegionBegin, void @empty_4" [kyber-mult-kernel-dataflow.cpp:41->kyber-mult-kernel-dataflow.cpp:83]   --->   Operation 582 'specregionbegin' 'rbegin5' <Predicate = true> <Delay = 0.00>
ST_6 : Operation 583 [1/3] (0.00ns) (grouped into DSP with root node r_161)   --->   "%qq_161 = mul i24 %zext_ln38_5, i24 3329" [kyber-mult-kernel-dataflow.cpp:41->kyber-mult-kernel-dataflow.cpp:83]   --->   Operation 583 'mul' 'qq_161' <Predicate = true> <Delay = 0.00> <CoreInst = "DSP48">   --->   Core 127 'DSP48' <Latency = 2> <II = 1> <Delay = 1.33> <IPBlock> <Opcode : '' 'add' 'sub' 'mul' 'select'> <InPorts = 0> <OutPorts = 1> <Sync> <CReg>
ST_6 : Operation 584 [1/1] (0.00ns) (grouped into DSP with root node r_161)   --->   "%zext_ln42_37 = zext i24 %qq_161" [kyber-mult-kernel-dataflow.cpp:42->kyber-mult-kernel-dataflow.cpp:83]   --->   Operation 584 'zext' 'zext_ln42_37' <Predicate = true> <Delay = 0.00>
ST_6 : Operation 585 [1/1] (0.00ns)   --->   "%specfucore_ln42 = specfucore void @_ssdm_op_SpecFUCore, i24 %qq_161, i64 12, i64 3, i64 2" [kyber-mult-kernel-dataflow.cpp:42->kyber-mult-kernel-dataflow.cpp:83]   --->   Operation 585 'specfucore' 'specfucore_ln42' <Predicate = true> <Delay = 0.00>
ST_6 : Operation 586 [1/1] (0.00ns)   --->   "%rend6 = specregionend i32 @_ssdm_op_SpecRegionEnd, void @empty_4, i32 %rbegin5" [kyber-mult-kernel-dataflow.cpp:41->kyber-mult-kernel-dataflow.cpp:83]   --->   Operation 586 'specregionend' 'rend6' <Predicate = true> <Delay = 0.00>
ST_6 : Operation 587 [1/1] (2.03ns) (root node of the DSP)   --->   "%r_161 = sub i25 %zext_ln40_37, i25 %zext_ln42_37" [kyber-mult-kernel-dataflow.cpp:43->kyber-mult-kernel-dataflow.cpp:83]   --->   Operation 587 'sub' 'r_161' <Predicate = true> <Delay = 2.03> <CoreInst = "DSP48">   --->   Core 127 'DSP48' <Latency = 2> <II = 1> <Delay = 1.33> <IPBlock> <Opcode : '' 'add' 'sub' 'mul' 'select'> <InPorts = 0> <OutPorts = 1> <Sync> <CReg>
ST_6 : Operation 588 [1/1] (0.94ns)   --->   "%icmp_ln44_86 = icmp_ugt  i25 %r_161, i25 3328" [kyber-mult-kernel-dataflow.cpp:44->kyber-mult-kernel-dataflow.cpp:83]   --->   Operation 588 'icmp' 'icmp_ln44_86' <Predicate = true> <Delay = 0.94> <CoreInst = "Cmp">   --->   Core 9 'Cmp' <Latency = 0> <II = 1> <Delay = 0.94> <FuncUnit> <Opcode : 'icmp'> <InPorts = 2> <OutPorts = 1>
ST_6 : Operation 589 [1/1] (0.94ns)   --->   "%add_ln44_86 = add i25 %r_161, i25 33551103" [kyber-mult-kernel-dataflow.cpp:44->kyber-mult-kernel-dataflow.cpp:83]   --->   Operation 589 'add' 'add_ln44_86' <Predicate = true> <Delay = 0.94> <CoreInst = "Adder">   --->   Core 1 'Adder' <Latency = 0> <II = 1> <Delay = 0.94> <FuncUnit> <Opcode : 'add' 'sub'> <InPorts = 2> <OutPorts = 1>
ST_6 : Operation 590 [1/1] (0.32ns)   --->   "%tA_28 = select i1 %icmp_ln44_86, i25 %add_ln44_86, i25 %r_161" [kyber-mult-kernel-dataflow.cpp:44->kyber-mult-kernel-dataflow.cpp:83]   --->   Operation 590 'select' 'tA_28' <Predicate = true> <Delay = 0.32> <CoreInst = "Sel">   --->   Core 73 'Sel' <Latency = 0> <II = 1> <Delay = 0.32> <FuncUnit> <Opcode : 'select'> <InPorts = 3> <OutPorts = 1>
ST_6 : Operation 591 [1/1] (0.00ns) (grouped into LUT with out node sub_ln84_21)   --->   "%trunc_ln83_3 = trunc i25 %tA_28" [kyber-mult-kernel-dataflow.cpp:83]   --->   Operation 591 'trunc' 'trunc_ln83_3' <Predicate = true> <Delay = 0.00>
ST_6 : Operation 592 [1/1] (0.94ns)   --->   "%s_161 = add i25 %tA_28, i25 %zext_ln83_3" [kyber-mult-kernel-dataflow.cpp:48->kyber-mult-kernel-dataflow.cpp:84]   --->   Operation 592 'add' 's_161' <Predicate = true> <Delay = 0.94> <CoreInst = "Adder">   --->   Core 1 'Adder' <Latency = 0> <II = 1> <Delay = 0.94> <FuncUnit> <Opcode : 'add' 'sub'> <InPorts = 2> <OutPorts = 1>
ST_6 : Operation 593 [1/1] (0.94ns)   --->   "%icmp_ln48_86 = icmp_ugt  i25 %s_161, i25 3328" [kyber-mult-kernel-dataflow.cpp:48->kyber-mult-kernel-dataflow.cpp:84]   --->   Operation 593 'icmp' 'icmp_ln48_86' <Predicate = true> <Delay = 0.94> <CoreInst = "Cmp">   --->   Core 9 'Cmp' <Latency = 0> <II = 1> <Delay = 0.94> <FuncUnit> <Opcode : 'icmp'> <InPorts = 2> <OutPorts = 1>
ST_6 : Operation 594 [1/1] (0.00ns)   --->   "%trunc_ln48_118 = trunc i25 %s_161" [kyber-mult-kernel-dataflow.cpp:48->kyber-mult-kernel-dataflow.cpp:84]   --->   Operation 594 'trunc' 'trunc_ln48_118' <Predicate = true> <Delay = 0.00>
ST_6 : Operation 595 [1/1] (0.80ns)   --->   "%add_ln48_172 = add i12 %trunc_ln48_118, i12 767" [kyber-mult-kernel-dataflow.cpp:48->kyber-mult-kernel-dataflow.cpp:84]   --->   Operation 595 'add' 'add_ln48_172' <Predicate = true> <Delay = 0.80> <CoreInst = "Adder">   --->   Core 1 'Adder' <Latency = 0> <II = 1> <Delay = 0.80> <FuncUnit> <Opcode : 'add' 'sub'> <InPorts = 2> <OutPorts = 1>
ST_6 : Operation 596 [1/1] (0.37ns)   --->   "%select_ln48_86 = select i1 %icmp_ln48_86, i12 %add_ln48_172, i12 %trunc_ln48_118" [kyber-mult-kernel-dataflow.cpp:48->kyber-mult-kernel-dataflow.cpp:84]   --->   Operation 596 'select' 'select_ln48_86' <Predicate = true> <Delay = 0.37> <CoreInst = "Sel">   --->   Core 73 'Sel' <Latency = 0> <II = 1> <Delay = 0.37> <FuncUnit> <Opcode : 'select'> <InPorts = 3> <OutPorts = 1>
ST_6 : Operation 597 [1/1] (0.00ns)   --->   "%dA_11_addr = getelementptr i12 %dA_11, i64 0, i64 %zext_ln82" [kyber-mult-kernel-dataflow.cpp:84]   --->   Operation 597 'getelementptr' 'dA_11_addr' <Predicate = true> <Delay = 0.00>
ST_6 : Operation 598 [1/1] (0.94ns)   --->   "%icmp_ln52_86 = icmp_ult  i25 %zext_ln83_3, i25 %tA_28" [kyber-mult-kernel-dataflow.cpp:52->kyber-mult-kernel-dataflow.cpp:84]   --->   Operation 598 'icmp' 'icmp_ln52_86' <Predicate = true> <Delay = 0.94> <CoreInst = "Cmp">   --->   Core 9 'Cmp' <Latency = 0> <II = 1> <Delay = 0.94> <FuncUnit> <Opcode : 'icmp'> <InPorts = 2> <OutPorts = 1>
ST_6 : Operation 599 [1/1] (0.00ns) (grouped into LUT with out node sub_ln84_21)   --->   "%xor_ln52_86 = xor i1 %icmp_ln52_86, i1 1" [kyber-mult-kernel-dataflow.cpp:52->kyber-mult-kernel-dataflow.cpp:84]   --->   Operation 599 'xor' 'xor_ln52_86' <Predicate = true> <Delay = 0.00> <CoreInst = "LogicGate">   --->   Core 74 'LogicGate' <Latency = 0> <II = 1> <Delay = 0.28> <FuncUnit> <Opcode : 'and' 'or' 'xor'> <InPorts = 2> <OutPorts = 1>
ST_6 : Operation 600 [1/1] (0.80ns)   --->   "%add_ln52_86 = add i12 %uA_35, i12 3329" [kyber-mult-kernel-dataflow.cpp:52->kyber-mult-kernel-dataflow.cpp:84]   --->   Operation 600 'add' 'add_ln52_86' <Predicate = true> <Delay = 0.80> <CoreInst = "Adder">   --->   Core 1 'Adder' <Latency = 0> <II = 1> <Delay = 0.80> <FuncUnit> <Opcode : 'add' 'sub'> <InPorts = 2> <OutPorts = 1>
ST_6 : Operation 601 [1/1] (0.00ns) (grouped into LUT with out node sub_ln84_21)   --->   "%select_ln52_86 = select i1 %xor_ln52_86, i12 %uA_35, i12 %add_ln52_86" [kyber-mult-kernel-dataflow.cpp:52->kyber-mult-kernel-dataflow.cpp:84]   --->   Operation 601 'select' 'select_ln52_86' <Predicate = true> <Delay = 0.00> <CoreInst = "Sel">   --->   Core 73 'Sel' <Latency = 0> <II = 1> <Delay = 0.37> <FuncUnit> <Opcode : 'select'> <InPorts = 3> <OutPorts = 1>
ST_6 : Operation 602 [1/1] (0.80ns) (out node of the LUT)   --->   "%sub_ln84_21 = sub i12 %select_ln52_86, i12 %trunc_ln83_3" [kyber-mult-kernel-dataflow.cpp:84]   --->   Operation 602 'sub' 'sub_ln84_21' <Predicate = true> <Delay = 0.80> <CoreInst = "Adder">   --->   Core 1 'Adder' <Latency = 0> <II = 1> <Delay = 0.80> <FuncUnit> <Opcode : 'add' 'sub'> <InPorts = 2> <OutPorts = 1>
ST_6 : Operation 603 [1/1] (0.00ns)   --->   "%dA_15_addr = getelementptr i12 %dA_15, i64 0, i64 %zext_ln82" [kyber-mult-kernel-dataflow.cpp:84]   --->   Operation 603 'getelementptr' 'dA_15_addr' <Predicate = true> <Delay = 0.00>
ST_6 : Operation 604 [1/1] (0.67ns)   --->   "%store_ln84 = store i12 %select_ln48, i4 %dA_0_addr" [kyber-mult-kernel-dataflow.cpp:84]   --->   Operation 604 'store' 'store_ln84' <Predicate = true> <Delay = 0.67> <CoreInst = "RAM">   --->   Core 83 'RAM' <Latency = 1> <II = 1> <Delay = 0.67> <Storage> <Opcode : 'load' 'store'> <Ports = 2> <Width = 12> <Depth = 16> <RAM>
ST_6 : Operation 605 [1/1] (0.67ns)   --->   "%store_ln84 = store i12 %sub_ln84, i4 %dA_4_addr" [kyber-mult-kernel-dataflow.cpp:84]   --->   Operation 605 'store' 'store_ln84' <Predicate = true> <Delay = 0.67> <CoreInst = "RAM">   --->   Core 83 'RAM' <Latency = 1> <II = 1> <Delay = 0.67> <Storage> <Opcode : 'load' 'store'> <Ports = 2> <Width = 12> <Depth = 16> <RAM>
ST_6 : Operation 606 [1/1] (0.67ns)   --->   "%store_ln84 = store i12 %select_ln48_80, i4 %dA_1_addr" [kyber-mult-kernel-dataflow.cpp:84]   --->   Operation 606 'store' 'store_ln84' <Predicate = true> <Delay = 0.67> <CoreInst = "RAM">   --->   Core 83 'RAM' <Latency = 1> <II = 1> <Delay = 0.67> <Storage> <Opcode : 'load' 'store'> <Ports = 2> <Width = 12> <Depth = 16> <RAM>
ST_6 : Operation 607 [1/1] (0.67ns)   --->   "%store_ln84 = store i12 %sub_ln84_15, i4 %dA_5_addr" [kyber-mult-kernel-dataflow.cpp:84]   --->   Operation 607 'store' 'store_ln84' <Predicate = true> <Delay = 0.67> <CoreInst = "RAM">   --->   Core 83 'RAM' <Latency = 1> <II = 1> <Delay = 0.67> <Storage> <Opcode : 'load' 'store'> <Ports = 2> <Width = 12> <Depth = 16> <RAM>
ST_6 : Operation 608 [1/1] (0.67ns)   --->   "%store_ln84 = store i12 %select_ln48_81, i4 %dA_2_addr" [kyber-mult-kernel-dataflow.cpp:84]   --->   Operation 608 'store' 'store_ln84' <Predicate = true> <Delay = 0.67> <CoreInst = "RAM">   --->   Core 83 'RAM' <Latency = 1> <II = 1> <Delay = 0.67> <Storage> <Opcode : 'load' 'store'> <Ports = 2> <Width = 12> <Depth = 16> <RAM>
ST_6 : Operation 609 [1/1] (0.67ns)   --->   "%store_ln84 = store i12 %sub_ln84_16, i4 %dA_6_addr" [kyber-mult-kernel-dataflow.cpp:84]   --->   Operation 609 'store' 'store_ln84' <Predicate = true> <Delay = 0.67> <CoreInst = "RAM">   --->   Core 83 'RAM' <Latency = 1> <II = 1> <Delay = 0.67> <Storage> <Opcode : 'load' 'store'> <Ports = 2> <Width = 12> <Depth = 16> <RAM>
ST_6 : Operation 610 [1/1] (0.67ns)   --->   "%store_ln84 = store i12 %select_ln48_82, i4 %dA_3_addr" [kyber-mult-kernel-dataflow.cpp:84]   --->   Operation 610 'store' 'store_ln84' <Predicate = true> <Delay = 0.67> <CoreInst = "RAM">   --->   Core 83 'RAM' <Latency = 1> <II = 1> <Delay = 0.67> <Storage> <Opcode : 'load' 'store'> <Ports = 2> <Width = 12> <Depth = 16> <RAM>
ST_6 : Operation 611 [1/1] (0.67ns)   --->   "%store_ln84 = store i12 %sub_ln84_17, i4 %dA_7_addr" [kyber-mult-kernel-dataflow.cpp:84]   --->   Operation 611 'store' 'store_ln84' <Predicate = true> <Delay = 0.67> <CoreInst = "RAM">   --->   Core 83 'RAM' <Latency = 1> <II = 1> <Delay = 0.67> <Storage> <Opcode : 'load' 'store'> <Ports = 2> <Width = 12> <Depth = 16> <RAM>
ST_6 : Operation 612 [1/1] (0.67ns)   --->   "%store_ln84 = store i12 %select_ln48_83, i4 %dA_8_addr" [kyber-mult-kernel-dataflow.cpp:84]   --->   Operation 612 'store' 'store_ln84' <Predicate = true> <Delay = 0.67> <CoreInst = "RAM">   --->   Core 83 'RAM' <Latency = 1> <II = 1> <Delay = 0.67> <Storage> <Opcode : 'load' 'store'> <Ports = 2> <Width = 12> <Depth = 16> <RAM>
ST_6 : Operation 613 [1/1] (0.67ns)   --->   "%store_ln84 = store i12 %sub_ln84_18, i4 %dA_12_addr" [kyber-mult-kernel-dataflow.cpp:84]   --->   Operation 613 'store' 'store_ln84' <Predicate = true> <Delay = 0.67> <CoreInst = "RAM">   --->   Core 83 'RAM' <Latency = 1> <II = 1> <Delay = 0.67> <Storage> <Opcode : 'load' 'store'> <Ports = 2> <Width = 12> <Depth = 16> <RAM>
ST_6 : Operation 614 [1/1] (0.67ns)   --->   "%store_ln84 = store i12 %select_ln48_84, i4 %dA_9_addr" [kyber-mult-kernel-dataflow.cpp:84]   --->   Operation 614 'store' 'store_ln84' <Predicate = true> <Delay = 0.67> <CoreInst = "RAM">   --->   Core 83 'RAM' <Latency = 1> <II = 1> <Delay = 0.67> <Storage> <Opcode : 'load' 'store'> <Ports = 2> <Width = 12> <Depth = 16> <RAM>
ST_6 : Operation 615 [1/1] (0.67ns)   --->   "%store_ln84 = store i12 %sub_ln84_19, i4 %dA_13_addr" [kyber-mult-kernel-dataflow.cpp:84]   --->   Operation 615 'store' 'store_ln84' <Predicate = true> <Delay = 0.67> <CoreInst = "RAM">   --->   Core 83 'RAM' <Latency = 1> <II = 1> <Delay = 0.67> <Storage> <Opcode : 'load' 'store'> <Ports = 2> <Width = 12> <Depth = 16> <RAM>
ST_6 : Operation 616 [1/1] (0.67ns)   --->   "%store_ln84 = store i12 %select_ln48_85, i4 %dA_10_addr" [kyber-mult-kernel-dataflow.cpp:84]   --->   Operation 616 'store' 'store_ln84' <Predicate = true> <Delay = 0.67> <CoreInst = "RAM">   --->   Core 83 'RAM' <Latency = 1> <II = 1> <Delay = 0.67> <Storage> <Opcode : 'load' 'store'> <Ports = 2> <Width = 12> <Depth = 16> <RAM>
ST_6 : Operation 617 [1/1] (0.67ns)   --->   "%store_ln84 = store i12 %sub_ln84_20, i4 %dA_14_addr" [kyber-mult-kernel-dataflow.cpp:84]   --->   Operation 617 'store' 'store_ln84' <Predicate = true> <Delay = 0.67> <CoreInst = "RAM">   --->   Core 83 'RAM' <Latency = 1> <II = 1> <Delay = 0.67> <Storage> <Opcode : 'load' 'store'> <Ports = 2> <Width = 12> <Depth = 16> <RAM>
ST_6 : Operation 618 [1/1] (0.67ns)   --->   "%store_ln84 = store i12 %select_ln48_86, i4 %dA_11_addr" [kyber-mult-kernel-dataflow.cpp:84]   --->   Operation 618 'store' 'store_ln84' <Predicate = true> <Delay = 0.67> <CoreInst = "RAM">   --->   Core 83 'RAM' <Latency = 1> <II = 1> <Delay = 0.67> <Storage> <Opcode : 'load' 'store'> <Ports = 2> <Width = 12> <Depth = 16> <RAM>
ST_6 : Operation 619 [1/1] (0.67ns)   --->   "%store_ln84 = store i12 %sub_ln84_21, i4 %dA_15_addr" [kyber-mult-kernel-dataflow.cpp:84]   --->   Operation 619 'store' 'store_ln84' <Predicate = true> <Delay = 0.67> <CoreInst = "RAM">   --->   Core 83 'RAM' <Latency = 1> <II = 1> <Delay = 0.67> <Storage> <Opcode : 'load' 'store'> <Ports = 2> <Width = 12> <Depth = 16> <RAM>
ST_6 : Operation 620 [1/2] (0.67ns)   --->   "%uB = load i4 %sB_0_addr" [kyber-mult-kernel-dataflow.cpp:85]   --->   Operation 620 'load' 'uB' <Predicate = true> <Delay = 0.67> <CoreInst = "RAM">   --->   Core 83 'RAM' <Latency = 1> <II = 1> <Delay = 0.67> <Storage> <Opcode : 'load' 'store'> <Ports = 2> <Width = 12> <Depth = 16> <RAM>
ST_6 : Operation 621 [1/1] (0.00ns)   --->   "%zext_ln52_79 = zext i12 %uB" [kyber-mult-kernel-dataflow.cpp:52->kyber-mult-kernel-dataflow.cpp:86]   --->   Operation 621 'zext' 'zext_ln52_79' <Predicate = true> <Delay = 0.00>
ST_6 : Operation 622 [1/1] (0.80ns)   --->   "%add_ln52_87 = add i12 %uB, i12 3329" [kyber-mult-kernel-dataflow.cpp:52->kyber-mult-kernel-dataflow.cpp:86]   --->   Operation 622 'add' 'add_ln52_87' <Predicate = true> <Delay = 0.80> <CoreInst = "Adder">   --->   Core 1 'Adder' <Latency = 0> <II = 1> <Delay = 0.80> <FuncUnit> <Opcode : 'add' 'sub'> <InPorts = 2> <OutPorts = 1>
ST_6 : Operation 623 [1/1] (0.00ns)   --->   "%zext_ln40_38 = zext i24 %xw_163" [kyber-mult-kernel-dataflow.cpp:40->kyber-mult-kernel-dataflow.cpp:85]   --->   Operation 623 'zext' 'zext_ln40_38' <Predicate = true> <Delay = 0.00>
ST_6 : Operation 624 [1/3] (0.00ns) (grouped into DSP with root node r_163)   --->   "%qq_163 = mul i24 %zext_ln39_30, i24 3329" [kyber-mult-kernel-dataflow.cpp:41->kyber-mult-kernel-dataflow.cpp:85]   --->   Operation 624 'mul' 'qq_163' <Predicate = true> <Delay = 0.00> <CoreInst = "DSP48">   --->   Core 127 'DSP48' <Latency = 2> <II = 1> <Delay = 1.33> <IPBlock> <Opcode : '' 'add' 'sub' 'mul' 'select'> <InPorts = 0> <OutPorts = 1> <Sync> <CReg>
ST_6 : Operation 625 [1/1] (0.00ns) (grouped into DSP with root node r_163)   --->   "%zext_ln42_38 = zext i24 %qq_163" [kyber-mult-kernel-dataflow.cpp:42->kyber-mult-kernel-dataflow.cpp:85]   --->   Operation 625 'zext' 'zext_ln42_38' <Predicate = true> <Delay = 0.00>
ST_6 : Operation 626 [1/1] (0.00ns)   --->   "%specfucore_ln42 = specfucore void @_ssdm_op_SpecFUCore, i24 %qq_163, i64 12, i64 3, i64 2" [kyber-mult-kernel-dataflow.cpp:42->kyber-mult-kernel-dataflow.cpp:85]   --->   Operation 626 'specfucore' 'specfucore_ln42' <Predicate = true> <Delay = 0.00>
ST_6 : Operation 627 [1/1] (2.03ns) (root node of the DSP)   --->   "%r_163 = sub i25 %zext_ln40_38, i25 %zext_ln42_38" [kyber-mult-kernel-dataflow.cpp:43->kyber-mult-kernel-dataflow.cpp:85]   --->   Operation 627 'sub' 'r_163' <Predicate = true> <Delay = 2.03> <CoreInst = "DSP48">   --->   Core 127 'DSP48' <Latency = 2> <II = 1> <Delay = 1.33> <IPBlock> <Opcode : '' 'add' 'sub' 'mul' 'select'> <InPorts = 0> <OutPorts = 1> <Sync> <CReg>
ST_6 : Operation 628 [1/1] (0.94ns)   --->   "%icmp_ln44_87 = icmp_ugt  i25 %r_163, i25 3328" [kyber-mult-kernel-dataflow.cpp:44->kyber-mult-kernel-dataflow.cpp:85]   --->   Operation 628 'icmp' 'icmp_ln44_87' <Predicate = true> <Delay = 0.94> <CoreInst = "Cmp">   --->   Core 9 'Cmp' <Latency = 0> <II = 1> <Delay = 0.94> <FuncUnit> <Opcode : 'icmp'> <InPorts = 2> <OutPorts = 1>
ST_6 : Operation 629 [1/1] (0.94ns)   --->   "%add_ln44_87 = add i25 %r_163, i25 33551103" [kyber-mult-kernel-dataflow.cpp:44->kyber-mult-kernel-dataflow.cpp:85]   --->   Operation 629 'add' 'add_ln44_87' <Predicate = true> <Delay = 0.94> <CoreInst = "Adder">   --->   Core 1 'Adder' <Latency = 0> <II = 1> <Delay = 0.94> <FuncUnit> <Opcode : 'add' 'sub'> <InPorts = 2> <OutPorts = 1>
ST_6 : Operation 630 [1/1] (0.32ns)   --->   "%tB_28 = select i1 %icmp_ln44_87, i25 %add_ln44_87, i25 %r_163" [kyber-mult-kernel-dataflow.cpp:44->kyber-mult-kernel-dataflow.cpp:85]   --->   Operation 630 'select' 'tB_28' <Predicate = true> <Delay = 0.32> <CoreInst = "Sel">   --->   Core 73 'Sel' <Latency = 0> <II = 1> <Delay = 0.32> <FuncUnit> <Opcode : 'select'> <InPorts = 3> <OutPorts = 1>
ST_6 : Operation 631 [1/1] (0.00ns) (grouped into LUT with out node sub_ln86)   --->   "%trunc_ln48_119 = trunc i25 %tB_28" [kyber-mult-kernel-dataflow.cpp:48->kyber-mult-kernel-dataflow.cpp:86]   --->   Operation 631 'trunc' 'trunc_ln48_119' <Predicate = true> <Delay = 0.00>
ST_6 : Operation 632 [1/1] (0.94ns)   --->   "%s_163 = add i25 %tB_28, i25 %zext_ln52_79" [kyber-mult-kernel-dataflow.cpp:48->kyber-mult-kernel-dataflow.cpp:86]   --->   Operation 632 'add' 's_163' <Predicate = true> <Delay = 0.94> <CoreInst = "Adder">   --->   Core 1 'Adder' <Latency = 0> <II = 1> <Delay = 0.94> <FuncUnit> <Opcode : 'add' 'sub'> <InPorts = 2> <OutPorts = 1>
ST_6 : Operation 633 [1/1] (0.94ns)   --->   "%icmp_ln48_87 = icmp_ugt  i25 %s_163, i25 3328" [kyber-mult-kernel-dataflow.cpp:48->kyber-mult-kernel-dataflow.cpp:86]   --->   Operation 633 'icmp' 'icmp_ln48_87' <Predicate = true> <Delay = 0.94> <CoreInst = "Cmp">   --->   Core 9 'Cmp' <Latency = 0> <II = 1> <Delay = 0.94> <FuncUnit> <Opcode : 'icmp'> <InPorts = 2> <OutPorts = 1>
ST_6 : Operation 634 [1/1] (0.00ns)   --->   "%trunc_ln48_120 = trunc i25 %s_163" [kyber-mult-kernel-dataflow.cpp:48->kyber-mult-kernel-dataflow.cpp:86]   --->   Operation 634 'trunc' 'trunc_ln48_120' <Predicate = true> <Delay = 0.00>
ST_6 : Operation 635 [1/1] (0.80ns)   --->   "%add_ln48_174 = add i12 %trunc_ln48_120, i12 767" [kyber-mult-kernel-dataflow.cpp:48->kyber-mult-kernel-dataflow.cpp:86]   --->   Operation 635 'add' 'add_ln48_174' <Predicate = true> <Delay = 0.80> <CoreInst = "Adder">   --->   Core 1 'Adder' <Latency = 0> <II = 1> <Delay = 0.80> <FuncUnit> <Opcode : 'add' 'sub'> <InPorts = 2> <OutPorts = 1>
ST_6 : Operation 636 [1/1] (0.37ns)   --->   "%select_ln48_87 = select i1 %icmp_ln48_87, i12 %add_ln48_174, i12 %trunc_ln48_120" [kyber-mult-kernel-dataflow.cpp:48->kyber-mult-kernel-dataflow.cpp:86]   --->   Operation 636 'select' 'select_ln48_87' <Predicate = true> <Delay = 0.37> <CoreInst = "Sel">   --->   Core 73 'Sel' <Latency = 0> <II = 1> <Delay = 0.37> <FuncUnit> <Opcode : 'select'> <InPorts = 3> <OutPorts = 1>
ST_6 : Operation 637 [1/1] (0.94ns)   --->   "%icmp_ln52_87 = icmp_ult  i25 %zext_ln52_79, i25 %tB_28" [kyber-mult-kernel-dataflow.cpp:52->kyber-mult-kernel-dataflow.cpp:86]   --->   Operation 637 'icmp' 'icmp_ln52_87' <Predicate = true> <Delay = 0.94> <CoreInst = "Cmp">   --->   Core 9 'Cmp' <Latency = 0> <II = 1> <Delay = 0.94> <FuncUnit> <Opcode : 'icmp'> <InPorts = 2> <OutPorts = 1>
ST_6 : Operation 638 [1/1] (0.00ns) (grouped into LUT with out node sub_ln86)   --->   "%xor_ln52_87 = xor i1 %icmp_ln52_87, i1 1" [kyber-mult-kernel-dataflow.cpp:52->kyber-mult-kernel-dataflow.cpp:86]   --->   Operation 638 'xor' 'xor_ln52_87' <Predicate = true> <Delay = 0.00> <CoreInst = "LogicGate">   --->   Core 74 'LogicGate' <Latency = 0> <II = 1> <Delay = 0.28> <FuncUnit> <Opcode : 'and' 'or' 'xor'> <InPorts = 2> <OutPorts = 1>
ST_6 : Operation 639 [1/1] (0.00ns) (grouped into LUT with out node sub_ln86)   --->   "%select_ln52_87 = select i1 %xor_ln52_87, i12 %uB, i12 %add_ln52_87" [kyber-mult-kernel-dataflow.cpp:52->kyber-mult-kernel-dataflow.cpp:86]   --->   Operation 639 'select' 'select_ln52_87' <Predicate = true> <Delay = 0.00> <CoreInst = "Sel">   --->   Core 73 'Sel' <Latency = 0> <II = 1> <Delay = 0.37> <FuncUnit> <Opcode : 'select'> <InPorts = 3> <OutPorts = 1>
ST_6 : Operation 640 [1/1] (0.80ns) (out node of the LUT)   --->   "%sub_ln86 = sub i12 %select_ln52_87, i12 %trunc_ln48_119" [kyber-mult-kernel-dataflow.cpp:86]   --->   Operation 640 'sub' 'sub_ln86' <Predicate = true> <Delay = 0.80> <CoreInst = "Adder">   --->   Core 1 'Adder' <Latency = 0> <II = 1> <Delay = 0.80> <FuncUnit> <Opcode : 'add' 'sub'> <InPorts = 2> <OutPorts = 1>
ST_6 : Operation 641 [1/2] (0.67ns)   --->   "%uB_29 = load i4 %sB_1_addr" [kyber-mult-kernel-dataflow.cpp:85]   --->   Operation 641 'load' 'uB_29' <Predicate = true> <Delay = 0.67> <CoreInst = "RAM">   --->   Core 83 'RAM' <Latency = 1> <II = 1> <Delay = 0.67> <Storage> <Opcode : 'load' 'store'> <Ports = 2> <Width = 12> <Depth = 16> <RAM>
ST_6 : Operation 642 [1/1] (0.00ns)   --->   "%zext_ln52_80 = zext i12 %uB_29" [kyber-mult-kernel-dataflow.cpp:52->kyber-mult-kernel-dataflow.cpp:86]   --->   Operation 642 'zext' 'zext_ln52_80' <Predicate = true> <Delay = 0.00>
ST_6 : Operation 643 [1/1] (0.80ns)   --->   "%add_ln52_88 = add i12 %uB_29, i12 3329" [kyber-mult-kernel-dataflow.cpp:52->kyber-mult-kernel-dataflow.cpp:86]   --->   Operation 643 'add' 'add_ln52_88' <Predicate = true> <Delay = 0.80> <CoreInst = "Adder">   --->   Core 1 'Adder' <Latency = 0> <II = 1> <Delay = 0.80> <FuncUnit> <Opcode : 'add' 'sub'> <InPorts = 2> <OutPorts = 1>
ST_6 : Operation 644 [1/1] (0.00ns)   --->   "%zext_ln40_39 = zext i24 %xw_165" [kyber-mult-kernel-dataflow.cpp:40->kyber-mult-kernel-dataflow.cpp:85]   --->   Operation 644 'zext' 'zext_ln40_39' <Predicate = true> <Delay = 0.00>
ST_6 : Operation 645 [1/3] (0.00ns) (grouped into DSP with root node r_165)   --->   "%qq_165 = mul i24 %zext_ln39_31, i24 3329" [kyber-mult-kernel-dataflow.cpp:41->kyber-mult-kernel-dataflow.cpp:85]   --->   Operation 645 'mul' 'qq_165' <Predicate = true> <Delay = 0.00> <CoreInst = "DSP48">   --->   Core 127 'DSP48' <Latency = 2> <II = 1> <Delay = 1.33> <IPBlock> <Opcode : '' 'add' 'sub' 'mul' 'select'> <InPorts = 0> <OutPorts = 1> <Sync> <CReg>
ST_6 : Operation 646 [1/1] (0.00ns) (grouped into DSP with root node r_165)   --->   "%zext_ln42_39 = zext i24 %qq_165" [kyber-mult-kernel-dataflow.cpp:42->kyber-mult-kernel-dataflow.cpp:85]   --->   Operation 646 'zext' 'zext_ln42_39' <Predicate = true> <Delay = 0.00>
ST_6 : Operation 647 [1/1] (0.00ns)   --->   "%specfucore_ln42 = specfucore void @_ssdm_op_SpecFUCore, i24 %qq_165, i64 12, i64 3, i64 2" [kyber-mult-kernel-dataflow.cpp:42->kyber-mult-kernel-dataflow.cpp:85]   --->   Operation 647 'specfucore' 'specfucore_ln42' <Predicate = true> <Delay = 0.00>
ST_6 : Operation 648 [1/1] (2.03ns) (root node of the DSP)   --->   "%r_165 = sub i25 %zext_ln40_39, i25 %zext_ln42_39" [kyber-mult-kernel-dataflow.cpp:43->kyber-mult-kernel-dataflow.cpp:85]   --->   Operation 648 'sub' 'r_165' <Predicate = true> <Delay = 2.03> <CoreInst = "DSP48">   --->   Core 127 'DSP48' <Latency = 2> <II = 1> <Delay = 1.33> <IPBlock> <Opcode : '' 'add' 'sub' 'mul' 'select'> <InPorts = 0> <OutPorts = 1> <Sync> <CReg>
ST_6 : Operation 649 [1/1] (0.94ns)   --->   "%icmp_ln44_88 = icmp_ugt  i25 %r_165, i25 3328" [kyber-mult-kernel-dataflow.cpp:44->kyber-mult-kernel-dataflow.cpp:85]   --->   Operation 649 'icmp' 'icmp_ln44_88' <Predicate = true> <Delay = 0.94> <CoreInst = "Cmp">   --->   Core 9 'Cmp' <Latency = 0> <II = 1> <Delay = 0.94> <FuncUnit> <Opcode : 'icmp'> <InPorts = 2> <OutPorts = 1>
ST_6 : Operation 650 [1/1] (0.94ns)   --->   "%add_ln44_88 = add i25 %r_165, i25 33551103" [kyber-mult-kernel-dataflow.cpp:44->kyber-mult-kernel-dataflow.cpp:85]   --->   Operation 650 'add' 'add_ln44_88' <Predicate = true> <Delay = 0.94> <CoreInst = "Adder">   --->   Core 1 'Adder' <Latency = 0> <II = 1> <Delay = 0.94> <FuncUnit> <Opcode : 'add' 'sub'> <InPorts = 2> <OutPorts = 1>
ST_6 : Operation 651 [1/1] (0.32ns)   --->   "%tB_29 = select i1 %icmp_ln44_88, i25 %add_ln44_88, i25 %r_165" [kyber-mult-kernel-dataflow.cpp:44->kyber-mult-kernel-dataflow.cpp:85]   --->   Operation 651 'select' 'tB_29' <Predicate = true> <Delay = 0.32> <CoreInst = "Sel">   --->   Core 73 'Sel' <Latency = 0> <II = 1> <Delay = 0.32> <FuncUnit> <Opcode : 'select'> <InPorts = 3> <OutPorts = 1>
ST_6 : Operation 652 [1/1] (0.00ns) (grouped into LUT with out node sub_ln86_15)   --->   "%trunc_ln48_121 = trunc i25 %tB_29" [kyber-mult-kernel-dataflow.cpp:48->kyber-mult-kernel-dataflow.cpp:86]   --->   Operation 652 'trunc' 'trunc_ln48_121' <Predicate = true> <Delay = 0.00>
ST_6 : Operation 653 [1/1] (0.94ns)   --->   "%s_165 = add i25 %tB_29, i25 %zext_ln52_80" [kyber-mult-kernel-dataflow.cpp:48->kyber-mult-kernel-dataflow.cpp:86]   --->   Operation 653 'add' 's_165' <Predicate = true> <Delay = 0.94> <CoreInst = "Adder">   --->   Core 1 'Adder' <Latency = 0> <II = 1> <Delay = 0.94> <FuncUnit> <Opcode : 'add' 'sub'> <InPorts = 2> <OutPorts = 1>
ST_6 : Operation 654 [1/1] (0.94ns)   --->   "%icmp_ln48_88 = icmp_ugt  i25 %s_165, i25 3328" [kyber-mult-kernel-dataflow.cpp:48->kyber-mult-kernel-dataflow.cpp:86]   --->   Operation 654 'icmp' 'icmp_ln48_88' <Predicate = true> <Delay = 0.94> <CoreInst = "Cmp">   --->   Core 9 'Cmp' <Latency = 0> <II = 1> <Delay = 0.94> <FuncUnit> <Opcode : 'icmp'> <InPorts = 2> <OutPorts = 1>
ST_6 : Operation 655 [1/1] (0.00ns)   --->   "%trunc_ln48_122 = trunc i25 %s_165" [kyber-mult-kernel-dataflow.cpp:48->kyber-mult-kernel-dataflow.cpp:86]   --->   Operation 655 'trunc' 'trunc_ln48_122' <Predicate = true> <Delay = 0.00>
ST_6 : Operation 656 [1/1] (0.80ns)   --->   "%add_ln48_176 = add i12 %trunc_ln48_122, i12 767" [kyber-mult-kernel-dataflow.cpp:48->kyber-mult-kernel-dataflow.cpp:86]   --->   Operation 656 'add' 'add_ln48_176' <Predicate = true> <Delay = 0.80> <CoreInst = "Adder">   --->   Core 1 'Adder' <Latency = 0> <II = 1> <Delay = 0.80> <FuncUnit> <Opcode : 'add' 'sub'> <InPorts = 2> <OutPorts = 1>
ST_6 : Operation 657 [1/1] (0.37ns)   --->   "%select_ln48_88 = select i1 %icmp_ln48_88, i12 %add_ln48_176, i12 %trunc_ln48_122" [kyber-mult-kernel-dataflow.cpp:48->kyber-mult-kernel-dataflow.cpp:86]   --->   Operation 657 'select' 'select_ln48_88' <Predicate = true> <Delay = 0.37> <CoreInst = "Sel">   --->   Core 73 'Sel' <Latency = 0> <II = 1> <Delay = 0.37> <FuncUnit> <Opcode : 'select'> <InPorts = 3> <OutPorts = 1>
ST_6 : Operation 658 [1/1] (0.94ns)   --->   "%icmp_ln52_88 = icmp_ult  i25 %zext_ln52_80, i25 %tB_29" [kyber-mult-kernel-dataflow.cpp:52->kyber-mult-kernel-dataflow.cpp:86]   --->   Operation 658 'icmp' 'icmp_ln52_88' <Predicate = true> <Delay = 0.94> <CoreInst = "Cmp">   --->   Core 9 'Cmp' <Latency = 0> <II = 1> <Delay = 0.94> <FuncUnit> <Opcode : 'icmp'> <InPorts = 2> <OutPorts = 1>
ST_6 : Operation 659 [1/1] (0.00ns) (grouped into LUT with out node sub_ln86_15)   --->   "%xor_ln52_88 = xor i1 %icmp_ln52_88, i1 1" [kyber-mult-kernel-dataflow.cpp:52->kyber-mult-kernel-dataflow.cpp:86]   --->   Operation 659 'xor' 'xor_ln52_88' <Predicate = true> <Delay = 0.00> <CoreInst = "LogicGate">   --->   Core 74 'LogicGate' <Latency = 0> <II = 1> <Delay = 0.28> <FuncUnit> <Opcode : 'and' 'or' 'xor'> <InPorts = 2> <OutPorts = 1>
ST_6 : Operation 660 [1/1] (0.00ns) (grouped into LUT with out node sub_ln86_15)   --->   "%select_ln52_88 = select i1 %xor_ln52_88, i12 %uB_29, i12 %add_ln52_88" [kyber-mult-kernel-dataflow.cpp:52->kyber-mult-kernel-dataflow.cpp:86]   --->   Operation 660 'select' 'select_ln52_88' <Predicate = true> <Delay = 0.00> <CoreInst = "Sel">   --->   Core 73 'Sel' <Latency = 0> <II = 1> <Delay = 0.37> <FuncUnit> <Opcode : 'select'> <InPorts = 3> <OutPorts = 1>
ST_6 : Operation 661 [1/1] (0.80ns) (out node of the LUT)   --->   "%sub_ln86_15 = sub i12 %select_ln52_88, i12 %trunc_ln48_121" [kyber-mult-kernel-dataflow.cpp:86]   --->   Operation 661 'sub' 'sub_ln86_15' <Predicate = true> <Delay = 0.80> <CoreInst = "Adder">   --->   Core 1 'Adder' <Latency = 0> <II = 1> <Delay = 0.80> <FuncUnit> <Opcode : 'add' 'sub'> <InPorts = 2> <OutPorts = 1>
ST_6 : Operation 662 [1/2] (0.67ns)   --->   "%uB_30 = load i4 %sB_2_addr" [kyber-mult-kernel-dataflow.cpp:85]   --->   Operation 662 'load' 'uB_30' <Predicate = true> <Delay = 0.67> <CoreInst = "RAM">   --->   Core 83 'RAM' <Latency = 1> <II = 1> <Delay = 0.67> <Storage> <Opcode : 'load' 'store'> <Ports = 2> <Width = 12> <Depth = 16> <RAM>
ST_6 : Operation 663 [1/1] (0.00ns)   --->   "%zext_ln52_81 = zext i12 %uB_30" [kyber-mult-kernel-dataflow.cpp:52->kyber-mult-kernel-dataflow.cpp:86]   --->   Operation 663 'zext' 'zext_ln52_81' <Predicate = true> <Delay = 0.00>
ST_6 : Operation 664 [1/1] (0.80ns)   --->   "%add_ln52_89 = add i12 %uB_30, i12 3329" [kyber-mult-kernel-dataflow.cpp:52->kyber-mult-kernel-dataflow.cpp:86]   --->   Operation 664 'add' 'add_ln52_89' <Predicate = true> <Delay = 0.80> <CoreInst = "Adder">   --->   Core 1 'Adder' <Latency = 0> <II = 1> <Delay = 0.80> <FuncUnit> <Opcode : 'add' 'sub'> <InPorts = 2> <OutPorts = 1>
ST_6 : Operation 665 [1/1] (0.00ns)   --->   "%zext_ln40_40 = zext i24 %xw_167" [kyber-mult-kernel-dataflow.cpp:40->kyber-mult-kernel-dataflow.cpp:85]   --->   Operation 665 'zext' 'zext_ln40_40' <Predicate = true> <Delay = 0.00>
ST_6 : Operation 666 [1/3] (0.00ns) (grouped into DSP with root node r_167)   --->   "%qq_167 = mul i24 %zext_ln39_32, i24 3329" [kyber-mult-kernel-dataflow.cpp:41->kyber-mult-kernel-dataflow.cpp:85]   --->   Operation 666 'mul' 'qq_167' <Predicate = true> <Delay = 0.00> <CoreInst = "DSP48">   --->   Core 127 'DSP48' <Latency = 2> <II = 1> <Delay = 1.33> <IPBlock> <Opcode : '' 'add' 'sub' 'mul' 'select'> <InPorts = 0> <OutPorts = 1> <Sync> <CReg>
ST_6 : Operation 667 [1/1] (0.00ns) (grouped into DSP with root node r_167)   --->   "%zext_ln42_40 = zext i24 %qq_167" [kyber-mult-kernel-dataflow.cpp:42->kyber-mult-kernel-dataflow.cpp:85]   --->   Operation 667 'zext' 'zext_ln42_40' <Predicate = true> <Delay = 0.00>
ST_6 : Operation 668 [1/1] (0.00ns)   --->   "%specfucore_ln42 = specfucore void @_ssdm_op_SpecFUCore, i24 %qq_167, i64 12, i64 3, i64 2" [kyber-mult-kernel-dataflow.cpp:42->kyber-mult-kernel-dataflow.cpp:85]   --->   Operation 668 'specfucore' 'specfucore_ln42' <Predicate = true> <Delay = 0.00>
ST_6 : Operation 669 [1/1] (2.03ns) (root node of the DSP)   --->   "%r_167 = sub i25 %zext_ln40_40, i25 %zext_ln42_40" [kyber-mult-kernel-dataflow.cpp:43->kyber-mult-kernel-dataflow.cpp:85]   --->   Operation 669 'sub' 'r_167' <Predicate = true> <Delay = 2.03> <CoreInst = "DSP48">   --->   Core 127 'DSP48' <Latency = 2> <II = 1> <Delay = 1.33> <IPBlock> <Opcode : '' 'add' 'sub' 'mul' 'select'> <InPorts = 0> <OutPorts = 1> <Sync> <CReg>
ST_6 : Operation 670 [1/1] (0.94ns)   --->   "%icmp_ln44_89 = icmp_ugt  i25 %r_167, i25 3328" [kyber-mult-kernel-dataflow.cpp:44->kyber-mult-kernel-dataflow.cpp:85]   --->   Operation 670 'icmp' 'icmp_ln44_89' <Predicate = true> <Delay = 0.94> <CoreInst = "Cmp">   --->   Core 9 'Cmp' <Latency = 0> <II = 1> <Delay = 0.94> <FuncUnit> <Opcode : 'icmp'> <InPorts = 2> <OutPorts = 1>
ST_6 : Operation 671 [1/1] (0.94ns)   --->   "%add_ln44_89 = add i25 %r_167, i25 33551103" [kyber-mult-kernel-dataflow.cpp:44->kyber-mult-kernel-dataflow.cpp:85]   --->   Operation 671 'add' 'add_ln44_89' <Predicate = true> <Delay = 0.94> <CoreInst = "Adder">   --->   Core 1 'Adder' <Latency = 0> <II = 1> <Delay = 0.94> <FuncUnit> <Opcode : 'add' 'sub'> <InPorts = 2> <OutPorts = 1>
ST_6 : Operation 672 [1/1] (0.32ns)   --->   "%tB_30 = select i1 %icmp_ln44_89, i25 %add_ln44_89, i25 %r_167" [kyber-mult-kernel-dataflow.cpp:44->kyber-mult-kernel-dataflow.cpp:85]   --->   Operation 672 'select' 'tB_30' <Predicate = true> <Delay = 0.32> <CoreInst = "Sel">   --->   Core 73 'Sel' <Latency = 0> <II = 1> <Delay = 0.32> <FuncUnit> <Opcode : 'select'> <InPorts = 3> <OutPorts = 1>
ST_6 : Operation 673 [1/1] (0.00ns) (grouped into LUT with out node sub_ln86_16)   --->   "%trunc_ln48_123 = trunc i25 %tB_30" [kyber-mult-kernel-dataflow.cpp:48->kyber-mult-kernel-dataflow.cpp:86]   --->   Operation 673 'trunc' 'trunc_ln48_123' <Predicate = true> <Delay = 0.00>
ST_6 : Operation 674 [1/1] (0.94ns)   --->   "%s_167 = add i25 %tB_30, i25 %zext_ln52_81" [kyber-mult-kernel-dataflow.cpp:48->kyber-mult-kernel-dataflow.cpp:86]   --->   Operation 674 'add' 's_167' <Predicate = true> <Delay = 0.94> <CoreInst = "Adder">   --->   Core 1 'Adder' <Latency = 0> <II = 1> <Delay = 0.94> <FuncUnit> <Opcode : 'add' 'sub'> <InPorts = 2> <OutPorts = 1>
ST_6 : Operation 675 [1/1] (0.94ns)   --->   "%icmp_ln48_89 = icmp_ugt  i25 %s_167, i25 3328" [kyber-mult-kernel-dataflow.cpp:48->kyber-mult-kernel-dataflow.cpp:86]   --->   Operation 675 'icmp' 'icmp_ln48_89' <Predicate = true> <Delay = 0.94> <CoreInst = "Cmp">   --->   Core 9 'Cmp' <Latency = 0> <II = 1> <Delay = 0.94> <FuncUnit> <Opcode : 'icmp'> <InPorts = 2> <OutPorts = 1>
ST_6 : Operation 676 [1/1] (0.00ns)   --->   "%trunc_ln48_124 = trunc i25 %s_167" [kyber-mult-kernel-dataflow.cpp:48->kyber-mult-kernel-dataflow.cpp:86]   --->   Operation 676 'trunc' 'trunc_ln48_124' <Predicate = true> <Delay = 0.00>
ST_6 : Operation 677 [1/1] (0.80ns)   --->   "%add_ln48_178 = add i12 %trunc_ln48_124, i12 767" [kyber-mult-kernel-dataflow.cpp:48->kyber-mult-kernel-dataflow.cpp:86]   --->   Operation 677 'add' 'add_ln48_178' <Predicate = true> <Delay = 0.80> <CoreInst = "Adder">   --->   Core 1 'Adder' <Latency = 0> <II = 1> <Delay = 0.80> <FuncUnit> <Opcode : 'add' 'sub'> <InPorts = 2> <OutPorts = 1>
ST_6 : Operation 678 [1/1] (0.37ns)   --->   "%select_ln48_89 = select i1 %icmp_ln48_89, i12 %add_ln48_178, i12 %trunc_ln48_124" [kyber-mult-kernel-dataflow.cpp:48->kyber-mult-kernel-dataflow.cpp:86]   --->   Operation 678 'select' 'select_ln48_89' <Predicate = true> <Delay = 0.37> <CoreInst = "Sel">   --->   Core 73 'Sel' <Latency = 0> <II = 1> <Delay = 0.37> <FuncUnit> <Opcode : 'select'> <InPorts = 3> <OutPorts = 1>
ST_6 : Operation 679 [1/1] (0.94ns)   --->   "%icmp_ln52_89 = icmp_ult  i25 %zext_ln52_81, i25 %tB_30" [kyber-mult-kernel-dataflow.cpp:52->kyber-mult-kernel-dataflow.cpp:86]   --->   Operation 679 'icmp' 'icmp_ln52_89' <Predicate = true> <Delay = 0.94> <CoreInst = "Cmp">   --->   Core 9 'Cmp' <Latency = 0> <II = 1> <Delay = 0.94> <FuncUnit> <Opcode : 'icmp'> <InPorts = 2> <OutPorts = 1>
ST_6 : Operation 680 [1/1] (0.00ns) (grouped into LUT with out node sub_ln86_16)   --->   "%xor_ln52_89 = xor i1 %icmp_ln52_89, i1 1" [kyber-mult-kernel-dataflow.cpp:52->kyber-mult-kernel-dataflow.cpp:86]   --->   Operation 680 'xor' 'xor_ln52_89' <Predicate = true> <Delay = 0.00> <CoreInst = "LogicGate">   --->   Core 74 'LogicGate' <Latency = 0> <II = 1> <Delay = 0.28> <FuncUnit> <Opcode : 'and' 'or' 'xor'> <InPorts = 2> <OutPorts = 1>
ST_6 : Operation 681 [1/1] (0.00ns) (grouped into LUT with out node sub_ln86_16)   --->   "%select_ln52_89 = select i1 %xor_ln52_89, i12 %uB_30, i12 %add_ln52_89" [kyber-mult-kernel-dataflow.cpp:52->kyber-mult-kernel-dataflow.cpp:86]   --->   Operation 681 'select' 'select_ln52_89' <Predicate = true> <Delay = 0.00> <CoreInst = "Sel">   --->   Core 73 'Sel' <Latency = 0> <II = 1> <Delay = 0.37> <FuncUnit> <Opcode : 'select'> <InPorts = 3> <OutPorts = 1>
ST_6 : Operation 682 [1/1] (0.80ns) (out node of the LUT)   --->   "%sub_ln86_16 = sub i12 %select_ln52_89, i12 %trunc_ln48_123" [kyber-mult-kernel-dataflow.cpp:86]   --->   Operation 682 'sub' 'sub_ln86_16' <Predicate = true> <Delay = 0.80> <CoreInst = "Adder">   --->   Core 1 'Adder' <Latency = 0> <II = 1> <Delay = 0.80> <FuncUnit> <Opcode : 'add' 'sub'> <InPorts = 2> <OutPorts = 1>
ST_6 : Operation 683 [1/2] (0.67ns)   --->   "%uB_31 = load i4 %sB_3_addr" [kyber-mult-kernel-dataflow.cpp:85]   --->   Operation 683 'load' 'uB_31' <Predicate = true> <Delay = 0.67> <CoreInst = "RAM">   --->   Core 83 'RAM' <Latency = 1> <II = 1> <Delay = 0.67> <Storage> <Opcode : 'load' 'store'> <Ports = 2> <Width = 12> <Depth = 16> <RAM>
ST_6 : Operation 684 [1/1] (0.00ns)   --->   "%zext_ln52_82 = zext i12 %uB_31" [kyber-mult-kernel-dataflow.cpp:52->kyber-mult-kernel-dataflow.cpp:86]   --->   Operation 684 'zext' 'zext_ln52_82' <Predicate = true> <Delay = 0.00>
ST_6 : Operation 685 [1/1] (0.80ns)   --->   "%add_ln52_90 = add i12 %uB_31, i12 3329" [kyber-mult-kernel-dataflow.cpp:52->kyber-mult-kernel-dataflow.cpp:86]   --->   Operation 685 'add' 'add_ln52_90' <Predicate = true> <Delay = 0.80> <CoreInst = "Adder">   --->   Core 1 'Adder' <Latency = 0> <II = 1> <Delay = 0.80> <FuncUnit> <Opcode : 'add' 'sub'> <InPorts = 2> <OutPorts = 1>
ST_6 : Operation 686 [1/1] (0.00ns)   --->   "%zext_ln40_41 = zext i24 %xw_169" [kyber-mult-kernel-dataflow.cpp:40->kyber-mult-kernel-dataflow.cpp:85]   --->   Operation 686 'zext' 'zext_ln40_41' <Predicate = true> <Delay = 0.00>
ST_6 : Operation 687 [1/3] (0.00ns) (grouped into DSP with root node r_169)   --->   "%qq_169 = mul i24 %zext_ln39_33, i24 3329" [kyber-mult-kernel-dataflow.cpp:41->kyber-mult-kernel-dataflow.cpp:85]   --->   Operation 687 'mul' 'qq_169' <Predicate = true> <Delay = 0.00> <CoreInst = "DSP48">   --->   Core 127 'DSP48' <Latency = 2> <II = 1> <Delay = 1.33> <IPBlock> <Opcode : '' 'add' 'sub' 'mul' 'select'> <InPorts = 0> <OutPorts = 1> <Sync> <CReg>
ST_6 : Operation 688 [1/1] (0.00ns) (grouped into DSP with root node r_169)   --->   "%zext_ln42_41 = zext i24 %qq_169" [kyber-mult-kernel-dataflow.cpp:42->kyber-mult-kernel-dataflow.cpp:85]   --->   Operation 688 'zext' 'zext_ln42_41' <Predicate = true> <Delay = 0.00>
ST_6 : Operation 689 [1/1] (0.00ns)   --->   "%specfucore_ln42 = specfucore void @_ssdm_op_SpecFUCore, i24 %qq_169, i64 12, i64 3, i64 2" [kyber-mult-kernel-dataflow.cpp:42->kyber-mult-kernel-dataflow.cpp:85]   --->   Operation 689 'specfucore' 'specfucore_ln42' <Predicate = true> <Delay = 0.00>
ST_6 : Operation 690 [1/1] (2.03ns) (root node of the DSP)   --->   "%r_169 = sub i25 %zext_ln40_41, i25 %zext_ln42_41" [kyber-mult-kernel-dataflow.cpp:43->kyber-mult-kernel-dataflow.cpp:85]   --->   Operation 690 'sub' 'r_169' <Predicate = true> <Delay = 2.03> <CoreInst = "DSP48">   --->   Core 127 'DSP48' <Latency = 2> <II = 1> <Delay = 1.33> <IPBlock> <Opcode : '' 'add' 'sub' 'mul' 'select'> <InPorts = 0> <OutPorts = 1> <Sync> <CReg>
ST_6 : Operation 691 [1/1] (0.94ns)   --->   "%icmp_ln44_90 = icmp_ugt  i25 %r_169, i25 3328" [kyber-mult-kernel-dataflow.cpp:44->kyber-mult-kernel-dataflow.cpp:85]   --->   Operation 691 'icmp' 'icmp_ln44_90' <Predicate = true> <Delay = 0.94> <CoreInst = "Cmp">   --->   Core 9 'Cmp' <Latency = 0> <II = 1> <Delay = 0.94> <FuncUnit> <Opcode : 'icmp'> <InPorts = 2> <OutPorts = 1>
ST_6 : Operation 692 [1/1] (0.94ns)   --->   "%add_ln44_90 = add i25 %r_169, i25 33551103" [kyber-mult-kernel-dataflow.cpp:44->kyber-mult-kernel-dataflow.cpp:85]   --->   Operation 692 'add' 'add_ln44_90' <Predicate = true> <Delay = 0.94> <CoreInst = "Adder">   --->   Core 1 'Adder' <Latency = 0> <II = 1> <Delay = 0.94> <FuncUnit> <Opcode : 'add' 'sub'> <InPorts = 2> <OutPorts = 1>
ST_6 : Operation 693 [1/1] (0.32ns)   --->   "%tB_31 = select i1 %icmp_ln44_90, i25 %add_ln44_90, i25 %r_169" [kyber-mult-kernel-dataflow.cpp:44->kyber-mult-kernel-dataflow.cpp:85]   --->   Operation 693 'select' 'tB_31' <Predicate = true> <Delay = 0.32> <CoreInst = "Sel">   --->   Core 73 'Sel' <Latency = 0> <II = 1> <Delay = 0.32> <FuncUnit> <Opcode : 'select'> <InPorts = 3> <OutPorts = 1>
ST_6 : Operation 694 [1/1] (0.00ns) (grouped into LUT with out node sub_ln86_17)   --->   "%trunc_ln48_125 = trunc i25 %tB_31" [kyber-mult-kernel-dataflow.cpp:48->kyber-mult-kernel-dataflow.cpp:86]   --->   Operation 694 'trunc' 'trunc_ln48_125' <Predicate = true> <Delay = 0.00>
ST_6 : Operation 695 [1/1] (0.94ns)   --->   "%s_169 = add i25 %tB_31, i25 %zext_ln52_82" [kyber-mult-kernel-dataflow.cpp:48->kyber-mult-kernel-dataflow.cpp:86]   --->   Operation 695 'add' 's_169' <Predicate = true> <Delay = 0.94> <CoreInst = "Adder">   --->   Core 1 'Adder' <Latency = 0> <II = 1> <Delay = 0.94> <FuncUnit> <Opcode : 'add' 'sub'> <InPorts = 2> <OutPorts = 1>
ST_6 : Operation 696 [1/1] (0.94ns)   --->   "%icmp_ln48_90 = icmp_ugt  i25 %s_169, i25 3328" [kyber-mult-kernel-dataflow.cpp:48->kyber-mult-kernel-dataflow.cpp:86]   --->   Operation 696 'icmp' 'icmp_ln48_90' <Predicate = true> <Delay = 0.94> <CoreInst = "Cmp">   --->   Core 9 'Cmp' <Latency = 0> <II = 1> <Delay = 0.94> <FuncUnit> <Opcode : 'icmp'> <InPorts = 2> <OutPorts = 1>
ST_6 : Operation 697 [1/1] (0.00ns)   --->   "%trunc_ln48_126 = trunc i25 %s_169" [kyber-mult-kernel-dataflow.cpp:48->kyber-mult-kernel-dataflow.cpp:86]   --->   Operation 697 'trunc' 'trunc_ln48_126' <Predicate = true> <Delay = 0.00>
ST_6 : Operation 698 [1/1] (0.80ns)   --->   "%add_ln48_180 = add i12 %trunc_ln48_126, i12 767" [kyber-mult-kernel-dataflow.cpp:48->kyber-mult-kernel-dataflow.cpp:86]   --->   Operation 698 'add' 'add_ln48_180' <Predicate = true> <Delay = 0.80> <CoreInst = "Adder">   --->   Core 1 'Adder' <Latency = 0> <II = 1> <Delay = 0.80> <FuncUnit> <Opcode : 'add' 'sub'> <InPorts = 2> <OutPorts = 1>
ST_6 : Operation 699 [1/1] (0.37ns)   --->   "%select_ln48_90 = select i1 %icmp_ln48_90, i12 %add_ln48_180, i12 %trunc_ln48_126" [kyber-mult-kernel-dataflow.cpp:48->kyber-mult-kernel-dataflow.cpp:86]   --->   Operation 699 'select' 'select_ln48_90' <Predicate = true> <Delay = 0.37> <CoreInst = "Sel">   --->   Core 73 'Sel' <Latency = 0> <II = 1> <Delay = 0.37> <FuncUnit> <Opcode : 'select'> <InPorts = 3> <OutPorts = 1>
ST_6 : Operation 700 [1/1] (0.94ns)   --->   "%icmp_ln52_90 = icmp_ult  i25 %zext_ln52_82, i25 %tB_31" [kyber-mult-kernel-dataflow.cpp:52->kyber-mult-kernel-dataflow.cpp:86]   --->   Operation 700 'icmp' 'icmp_ln52_90' <Predicate = true> <Delay = 0.94> <CoreInst = "Cmp">   --->   Core 9 'Cmp' <Latency = 0> <II = 1> <Delay = 0.94> <FuncUnit> <Opcode : 'icmp'> <InPorts = 2> <OutPorts = 1>
ST_6 : Operation 701 [1/1] (0.00ns) (grouped into LUT with out node sub_ln86_17)   --->   "%xor_ln52_90 = xor i1 %icmp_ln52_90, i1 1" [kyber-mult-kernel-dataflow.cpp:52->kyber-mult-kernel-dataflow.cpp:86]   --->   Operation 701 'xor' 'xor_ln52_90' <Predicate = true> <Delay = 0.00> <CoreInst = "LogicGate">   --->   Core 74 'LogicGate' <Latency = 0> <II = 1> <Delay = 0.28> <FuncUnit> <Opcode : 'and' 'or' 'xor'> <InPorts = 2> <OutPorts = 1>
ST_6 : Operation 702 [1/1] (0.00ns) (grouped into LUT with out node sub_ln86_17)   --->   "%select_ln52_90 = select i1 %xor_ln52_90, i12 %uB_31, i12 %add_ln52_90" [kyber-mult-kernel-dataflow.cpp:52->kyber-mult-kernel-dataflow.cpp:86]   --->   Operation 702 'select' 'select_ln52_90' <Predicate = true> <Delay = 0.00> <CoreInst = "Sel">   --->   Core 73 'Sel' <Latency = 0> <II = 1> <Delay = 0.37> <FuncUnit> <Opcode : 'select'> <InPorts = 3> <OutPorts = 1>
ST_6 : Operation 703 [1/1] (0.80ns) (out node of the LUT)   --->   "%sub_ln86_17 = sub i12 %select_ln52_90, i12 %trunc_ln48_125" [kyber-mult-kernel-dataflow.cpp:86]   --->   Operation 703 'sub' 'sub_ln86_17' <Predicate = true> <Delay = 0.80> <CoreInst = "Adder">   --->   Core 1 'Adder' <Latency = 0> <II = 1> <Delay = 0.80> <FuncUnit> <Opcode : 'add' 'sub'> <InPorts = 2> <OutPorts = 1>
ST_6 : Operation 704 [1/2] (0.67ns)   --->   "%uB_32 = load i4 %sB_8_addr" [kyber-mult-kernel-dataflow.cpp:85]   --->   Operation 704 'load' 'uB_32' <Predicate = true> <Delay = 0.67> <CoreInst = "RAM">   --->   Core 83 'RAM' <Latency = 1> <II = 1> <Delay = 0.67> <Storage> <Opcode : 'load' 'store'> <Ports = 2> <Width = 12> <Depth = 16> <RAM>
ST_6 : Operation 705 [1/1] (0.00ns)   --->   "%zext_ln52_83 = zext i12 %uB_32" [kyber-mult-kernel-dataflow.cpp:52->kyber-mult-kernel-dataflow.cpp:86]   --->   Operation 705 'zext' 'zext_ln52_83' <Predicate = true> <Delay = 0.00>
ST_6 : Operation 706 [1/1] (0.80ns)   --->   "%add_ln52_91 = add i12 %uB_32, i12 3329" [kyber-mult-kernel-dataflow.cpp:52->kyber-mult-kernel-dataflow.cpp:86]   --->   Operation 706 'add' 'add_ln52_91' <Predicate = true> <Delay = 0.80> <CoreInst = "Adder">   --->   Core 1 'Adder' <Latency = 0> <II = 1> <Delay = 0.80> <FuncUnit> <Opcode : 'add' 'sub'> <InPorts = 2> <OutPorts = 1>
ST_6 : Operation 707 [1/1] (0.00ns)   --->   "%zext_ln40_42 = zext i24 %xw_171" [kyber-mult-kernel-dataflow.cpp:40->kyber-mult-kernel-dataflow.cpp:85]   --->   Operation 707 'zext' 'zext_ln40_42' <Predicate = true> <Delay = 0.00>
ST_6 : Operation 708 [1/3] (0.00ns) (grouped into DSP with root node r_171)   --->   "%qq_171 = mul i24 %zext_ln39_34, i24 3329" [kyber-mult-kernel-dataflow.cpp:41->kyber-mult-kernel-dataflow.cpp:85]   --->   Operation 708 'mul' 'qq_171' <Predicate = true> <Delay = 0.00> <CoreInst = "DSP48">   --->   Core 127 'DSP48' <Latency = 2> <II = 1> <Delay = 1.33> <IPBlock> <Opcode : '' 'add' 'sub' 'mul' 'select'> <InPorts = 0> <OutPorts = 1> <Sync> <CReg>
ST_6 : Operation 709 [1/1] (0.00ns) (grouped into DSP with root node r_171)   --->   "%zext_ln42_42 = zext i24 %qq_171" [kyber-mult-kernel-dataflow.cpp:42->kyber-mult-kernel-dataflow.cpp:85]   --->   Operation 709 'zext' 'zext_ln42_42' <Predicate = true> <Delay = 0.00>
ST_6 : Operation 710 [1/1] (0.00ns)   --->   "%specfucore_ln42 = specfucore void @_ssdm_op_SpecFUCore, i24 %qq_171, i64 12, i64 3, i64 2" [kyber-mult-kernel-dataflow.cpp:42->kyber-mult-kernel-dataflow.cpp:85]   --->   Operation 710 'specfucore' 'specfucore_ln42' <Predicate = true> <Delay = 0.00>
ST_6 : Operation 711 [1/1] (2.03ns) (root node of the DSP)   --->   "%r_171 = sub i25 %zext_ln40_42, i25 %zext_ln42_42" [kyber-mult-kernel-dataflow.cpp:43->kyber-mult-kernel-dataflow.cpp:85]   --->   Operation 711 'sub' 'r_171' <Predicate = true> <Delay = 2.03> <CoreInst = "DSP48">   --->   Core 127 'DSP48' <Latency = 2> <II = 1> <Delay = 1.33> <IPBlock> <Opcode : '' 'add' 'sub' 'mul' 'select'> <InPorts = 0> <OutPorts = 1> <Sync> <CReg>
ST_6 : Operation 712 [1/1] (0.94ns)   --->   "%icmp_ln44_91 = icmp_ugt  i25 %r_171, i25 3328" [kyber-mult-kernel-dataflow.cpp:44->kyber-mult-kernel-dataflow.cpp:85]   --->   Operation 712 'icmp' 'icmp_ln44_91' <Predicate = true> <Delay = 0.94> <CoreInst = "Cmp">   --->   Core 9 'Cmp' <Latency = 0> <II = 1> <Delay = 0.94> <FuncUnit> <Opcode : 'icmp'> <InPorts = 2> <OutPorts = 1>
ST_6 : Operation 713 [1/1] (0.94ns)   --->   "%add_ln44_91 = add i25 %r_171, i25 33551103" [kyber-mult-kernel-dataflow.cpp:44->kyber-mult-kernel-dataflow.cpp:85]   --->   Operation 713 'add' 'add_ln44_91' <Predicate = true> <Delay = 0.94> <CoreInst = "Adder">   --->   Core 1 'Adder' <Latency = 0> <II = 1> <Delay = 0.94> <FuncUnit> <Opcode : 'add' 'sub'> <InPorts = 2> <OutPorts = 1>
ST_6 : Operation 714 [1/1] (0.32ns)   --->   "%tB_32 = select i1 %icmp_ln44_91, i25 %add_ln44_91, i25 %r_171" [kyber-mult-kernel-dataflow.cpp:44->kyber-mult-kernel-dataflow.cpp:85]   --->   Operation 714 'select' 'tB_32' <Predicate = true> <Delay = 0.32> <CoreInst = "Sel">   --->   Core 73 'Sel' <Latency = 0> <II = 1> <Delay = 0.32> <FuncUnit> <Opcode : 'select'> <InPorts = 3> <OutPorts = 1>
ST_6 : Operation 715 [1/1] (0.00ns) (grouped into LUT with out node sub_ln86_18)   --->   "%trunc_ln48_127 = trunc i25 %tB_32" [kyber-mult-kernel-dataflow.cpp:48->kyber-mult-kernel-dataflow.cpp:86]   --->   Operation 715 'trunc' 'trunc_ln48_127' <Predicate = true> <Delay = 0.00>
ST_6 : Operation 716 [1/1] (0.94ns)   --->   "%s_171 = add i25 %tB_32, i25 %zext_ln52_83" [kyber-mult-kernel-dataflow.cpp:48->kyber-mult-kernel-dataflow.cpp:86]   --->   Operation 716 'add' 's_171' <Predicate = true> <Delay = 0.94> <CoreInst = "Adder">   --->   Core 1 'Adder' <Latency = 0> <II = 1> <Delay = 0.94> <FuncUnit> <Opcode : 'add' 'sub'> <InPorts = 2> <OutPorts = 1>
ST_6 : Operation 717 [1/1] (0.94ns)   --->   "%icmp_ln48_91 = icmp_ugt  i25 %s_171, i25 3328" [kyber-mult-kernel-dataflow.cpp:48->kyber-mult-kernel-dataflow.cpp:86]   --->   Operation 717 'icmp' 'icmp_ln48_91' <Predicate = true> <Delay = 0.94> <CoreInst = "Cmp">   --->   Core 9 'Cmp' <Latency = 0> <II = 1> <Delay = 0.94> <FuncUnit> <Opcode : 'icmp'> <InPorts = 2> <OutPorts = 1>
ST_6 : Operation 718 [1/1] (0.00ns)   --->   "%trunc_ln48_128 = trunc i25 %s_171" [kyber-mult-kernel-dataflow.cpp:48->kyber-mult-kernel-dataflow.cpp:86]   --->   Operation 718 'trunc' 'trunc_ln48_128' <Predicate = true> <Delay = 0.00>
ST_6 : Operation 719 [1/1] (0.80ns)   --->   "%add_ln48_182 = add i12 %trunc_ln48_128, i12 767" [kyber-mult-kernel-dataflow.cpp:48->kyber-mult-kernel-dataflow.cpp:86]   --->   Operation 719 'add' 'add_ln48_182' <Predicate = true> <Delay = 0.80> <CoreInst = "Adder">   --->   Core 1 'Adder' <Latency = 0> <II = 1> <Delay = 0.80> <FuncUnit> <Opcode : 'add' 'sub'> <InPorts = 2> <OutPorts = 1>
ST_6 : Operation 720 [1/1] (0.37ns)   --->   "%select_ln48_91 = select i1 %icmp_ln48_91, i12 %add_ln48_182, i12 %trunc_ln48_128" [kyber-mult-kernel-dataflow.cpp:48->kyber-mult-kernel-dataflow.cpp:86]   --->   Operation 720 'select' 'select_ln48_91' <Predicate = true> <Delay = 0.37> <CoreInst = "Sel">   --->   Core 73 'Sel' <Latency = 0> <II = 1> <Delay = 0.37> <FuncUnit> <Opcode : 'select'> <InPorts = 3> <OutPorts = 1>
ST_6 : Operation 721 [1/1] (0.94ns)   --->   "%icmp_ln52_91 = icmp_ult  i25 %zext_ln52_83, i25 %tB_32" [kyber-mult-kernel-dataflow.cpp:52->kyber-mult-kernel-dataflow.cpp:86]   --->   Operation 721 'icmp' 'icmp_ln52_91' <Predicate = true> <Delay = 0.94> <CoreInst = "Cmp">   --->   Core 9 'Cmp' <Latency = 0> <II = 1> <Delay = 0.94> <FuncUnit> <Opcode : 'icmp'> <InPorts = 2> <OutPorts = 1>
ST_6 : Operation 722 [1/1] (0.00ns) (grouped into LUT with out node sub_ln86_18)   --->   "%xor_ln52_91 = xor i1 %icmp_ln52_91, i1 1" [kyber-mult-kernel-dataflow.cpp:52->kyber-mult-kernel-dataflow.cpp:86]   --->   Operation 722 'xor' 'xor_ln52_91' <Predicate = true> <Delay = 0.00> <CoreInst = "LogicGate">   --->   Core 74 'LogicGate' <Latency = 0> <II = 1> <Delay = 0.28> <FuncUnit> <Opcode : 'and' 'or' 'xor'> <InPorts = 2> <OutPorts = 1>
ST_6 : Operation 723 [1/1] (0.00ns) (grouped into LUT with out node sub_ln86_18)   --->   "%select_ln52_91 = select i1 %xor_ln52_91, i12 %uB_32, i12 %add_ln52_91" [kyber-mult-kernel-dataflow.cpp:52->kyber-mult-kernel-dataflow.cpp:86]   --->   Operation 723 'select' 'select_ln52_91' <Predicate = true> <Delay = 0.00> <CoreInst = "Sel">   --->   Core 73 'Sel' <Latency = 0> <II = 1> <Delay = 0.37> <FuncUnit> <Opcode : 'select'> <InPorts = 3> <OutPorts = 1>
ST_6 : Operation 724 [1/1] (0.80ns) (out node of the LUT)   --->   "%sub_ln86_18 = sub i12 %select_ln52_91, i12 %trunc_ln48_127" [kyber-mult-kernel-dataflow.cpp:86]   --->   Operation 724 'sub' 'sub_ln86_18' <Predicate = true> <Delay = 0.80> <CoreInst = "Adder">   --->   Core 1 'Adder' <Latency = 0> <II = 1> <Delay = 0.80> <FuncUnit> <Opcode : 'add' 'sub'> <InPorts = 2> <OutPorts = 1>
ST_6 : Operation 725 [1/2] (0.67ns)   --->   "%uB_33 = load i4 %sB_9_addr" [kyber-mult-kernel-dataflow.cpp:85]   --->   Operation 725 'load' 'uB_33' <Predicate = true> <Delay = 0.67> <CoreInst = "RAM">   --->   Core 83 'RAM' <Latency = 1> <II = 1> <Delay = 0.67> <Storage> <Opcode : 'load' 'store'> <Ports = 2> <Width = 12> <Depth = 16> <RAM>
ST_6 : Operation 726 [1/1] (0.00ns)   --->   "%zext_ln52_84 = zext i12 %uB_33" [kyber-mult-kernel-dataflow.cpp:52->kyber-mult-kernel-dataflow.cpp:86]   --->   Operation 726 'zext' 'zext_ln52_84' <Predicate = true> <Delay = 0.00>
ST_6 : Operation 727 [1/1] (0.80ns)   --->   "%add_ln52_92 = add i12 %uB_33, i12 3329" [kyber-mult-kernel-dataflow.cpp:52->kyber-mult-kernel-dataflow.cpp:86]   --->   Operation 727 'add' 'add_ln52_92' <Predicate = true> <Delay = 0.80> <CoreInst = "Adder">   --->   Core 1 'Adder' <Latency = 0> <II = 1> <Delay = 0.80> <FuncUnit> <Opcode : 'add' 'sub'> <InPorts = 2> <OutPorts = 1>
ST_6 : Operation 728 [1/1] (0.00ns)   --->   "%zext_ln40_43 = zext i24 %xw_173" [kyber-mult-kernel-dataflow.cpp:40->kyber-mult-kernel-dataflow.cpp:85]   --->   Operation 728 'zext' 'zext_ln40_43' <Predicate = true> <Delay = 0.00>
ST_6 : Operation 729 [1/3] (0.00ns) (grouped into DSP with root node r_173)   --->   "%qq_173 = mul i24 %zext_ln39_35, i24 3329" [kyber-mult-kernel-dataflow.cpp:41->kyber-mult-kernel-dataflow.cpp:85]   --->   Operation 729 'mul' 'qq_173' <Predicate = true> <Delay = 0.00> <CoreInst = "DSP48">   --->   Core 127 'DSP48' <Latency = 2> <II = 1> <Delay = 1.33> <IPBlock> <Opcode : '' 'add' 'sub' 'mul' 'select'> <InPorts = 0> <OutPorts = 1> <Sync> <CReg>
ST_6 : Operation 730 [1/1] (0.00ns) (grouped into DSP with root node r_173)   --->   "%zext_ln42_43 = zext i24 %qq_173" [kyber-mult-kernel-dataflow.cpp:42->kyber-mult-kernel-dataflow.cpp:85]   --->   Operation 730 'zext' 'zext_ln42_43' <Predicate = true> <Delay = 0.00>
ST_6 : Operation 731 [1/1] (0.00ns)   --->   "%specfucore_ln42 = specfucore void @_ssdm_op_SpecFUCore, i24 %qq_173, i64 12, i64 3, i64 2" [kyber-mult-kernel-dataflow.cpp:42->kyber-mult-kernel-dataflow.cpp:85]   --->   Operation 731 'specfucore' 'specfucore_ln42' <Predicate = true> <Delay = 0.00>
ST_6 : Operation 732 [1/1] (2.03ns) (root node of the DSP)   --->   "%r_173 = sub i25 %zext_ln40_43, i25 %zext_ln42_43" [kyber-mult-kernel-dataflow.cpp:43->kyber-mult-kernel-dataflow.cpp:85]   --->   Operation 732 'sub' 'r_173' <Predicate = true> <Delay = 2.03> <CoreInst = "DSP48">   --->   Core 127 'DSP48' <Latency = 2> <II = 1> <Delay = 1.33> <IPBlock> <Opcode : '' 'add' 'sub' 'mul' 'select'> <InPorts = 0> <OutPorts = 1> <Sync> <CReg>
ST_6 : Operation 733 [1/1] (0.94ns)   --->   "%icmp_ln44_92 = icmp_ugt  i25 %r_173, i25 3328" [kyber-mult-kernel-dataflow.cpp:44->kyber-mult-kernel-dataflow.cpp:85]   --->   Operation 733 'icmp' 'icmp_ln44_92' <Predicate = true> <Delay = 0.94> <CoreInst = "Cmp">   --->   Core 9 'Cmp' <Latency = 0> <II = 1> <Delay = 0.94> <FuncUnit> <Opcode : 'icmp'> <InPorts = 2> <OutPorts = 1>
ST_6 : Operation 734 [1/1] (0.94ns)   --->   "%add_ln44_92 = add i25 %r_173, i25 33551103" [kyber-mult-kernel-dataflow.cpp:44->kyber-mult-kernel-dataflow.cpp:85]   --->   Operation 734 'add' 'add_ln44_92' <Predicate = true> <Delay = 0.94> <CoreInst = "Adder">   --->   Core 1 'Adder' <Latency = 0> <II = 1> <Delay = 0.94> <FuncUnit> <Opcode : 'add' 'sub'> <InPorts = 2> <OutPorts = 1>
ST_6 : Operation 735 [1/1] (0.32ns)   --->   "%tB_33 = select i1 %icmp_ln44_92, i25 %add_ln44_92, i25 %r_173" [kyber-mult-kernel-dataflow.cpp:44->kyber-mult-kernel-dataflow.cpp:85]   --->   Operation 735 'select' 'tB_33' <Predicate = true> <Delay = 0.32> <CoreInst = "Sel">   --->   Core 73 'Sel' <Latency = 0> <II = 1> <Delay = 0.32> <FuncUnit> <Opcode : 'select'> <InPorts = 3> <OutPorts = 1>
ST_6 : Operation 736 [1/1] (0.00ns) (grouped into LUT with out node sub_ln86_19)   --->   "%trunc_ln48_129 = trunc i25 %tB_33" [kyber-mult-kernel-dataflow.cpp:48->kyber-mult-kernel-dataflow.cpp:86]   --->   Operation 736 'trunc' 'trunc_ln48_129' <Predicate = true> <Delay = 0.00>
ST_6 : Operation 737 [1/1] (0.94ns)   --->   "%s_173 = add i25 %tB_33, i25 %zext_ln52_84" [kyber-mult-kernel-dataflow.cpp:48->kyber-mult-kernel-dataflow.cpp:86]   --->   Operation 737 'add' 's_173' <Predicate = true> <Delay = 0.94> <CoreInst = "Adder">   --->   Core 1 'Adder' <Latency = 0> <II = 1> <Delay = 0.94> <FuncUnit> <Opcode : 'add' 'sub'> <InPorts = 2> <OutPorts = 1>
ST_6 : Operation 738 [1/1] (0.94ns)   --->   "%icmp_ln48_92 = icmp_ugt  i25 %s_173, i25 3328" [kyber-mult-kernel-dataflow.cpp:48->kyber-mult-kernel-dataflow.cpp:86]   --->   Operation 738 'icmp' 'icmp_ln48_92' <Predicate = true> <Delay = 0.94> <CoreInst = "Cmp">   --->   Core 9 'Cmp' <Latency = 0> <II = 1> <Delay = 0.94> <FuncUnit> <Opcode : 'icmp'> <InPorts = 2> <OutPorts = 1>
ST_6 : Operation 739 [1/1] (0.00ns)   --->   "%trunc_ln48_130 = trunc i25 %s_173" [kyber-mult-kernel-dataflow.cpp:48->kyber-mult-kernel-dataflow.cpp:86]   --->   Operation 739 'trunc' 'trunc_ln48_130' <Predicate = true> <Delay = 0.00>
ST_6 : Operation 740 [1/1] (0.80ns)   --->   "%add_ln48_184 = add i12 %trunc_ln48_130, i12 767" [kyber-mult-kernel-dataflow.cpp:48->kyber-mult-kernel-dataflow.cpp:86]   --->   Operation 740 'add' 'add_ln48_184' <Predicate = true> <Delay = 0.80> <CoreInst = "Adder">   --->   Core 1 'Adder' <Latency = 0> <II = 1> <Delay = 0.80> <FuncUnit> <Opcode : 'add' 'sub'> <InPorts = 2> <OutPorts = 1>
ST_6 : Operation 741 [1/1] (0.37ns)   --->   "%select_ln48_92 = select i1 %icmp_ln48_92, i12 %add_ln48_184, i12 %trunc_ln48_130" [kyber-mult-kernel-dataflow.cpp:48->kyber-mult-kernel-dataflow.cpp:86]   --->   Operation 741 'select' 'select_ln48_92' <Predicate = true> <Delay = 0.37> <CoreInst = "Sel">   --->   Core 73 'Sel' <Latency = 0> <II = 1> <Delay = 0.37> <FuncUnit> <Opcode : 'select'> <InPorts = 3> <OutPorts = 1>
ST_6 : Operation 742 [1/1] (0.94ns)   --->   "%icmp_ln52_92 = icmp_ult  i25 %zext_ln52_84, i25 %tB_33" [kyber-mult-kernel-dataflow.cpp:52->kyber-mult-kernel-dataflow.cpp:86]   --->   Operation 742 'icmp' 'icmp_ln52_92' <Predicate = true> <Delay = 0.94> <CoreInst = "Cmp">   --->   Core 9 'Cmp' <Latency = 0> <II = 1> <Delay = 0.94> <FuncUnit> <Opcode : 'icmp'> <InPorts = 2> <OutPorts = 1>
ST_6 : Operation 743 [1/1] (0.00ns) (grouped into LUT with out node sub_ln86_19)   --->   "%xor_ln52_92 = xor i1 %icmp_ln52_92, i1 1" [kyber-mult-kernel-dataflow.cpp:52->kyber-mult-kernel-dataflow.cpp:86]   --->   Operation 743 'xor' 'xor_ln52_92' <Predicate = true> <Delay = 0.00> <CoreInst = "LogicGate">   --->   Core 74 'LogicGate' <Latency = 0> <II = 1> <Delay = 0.28> <FuncUnit> <Opcode : 'and' 'or' 'xor'> <InPorts = 2> <OutPorts = 1>
ST_6 : Operation 744 [1/1] (0.00ns) (grouped into LUT with out node sub_ln86_19)   --->   "%select_ln52_92 = select i1 %xor_ln52_92, i12 %uB_33, i12 %add_ln52_92" [kyber-mult-kernel-dataflow.cpp:52->kyber-mult-kernel-dataflow.cpp:86]   --->   Operation 744 'select' 'select_ln52_92' <Predicate = true> <Delay = 0.00> <CoreInst = "Sel">   --->   Core 73 'Sel' <Latency = 0> <II = 1> <Delay = 0.37> <FuncUnit> <Opcode : 'select'> <InPorts = 3> <OutPorts = 1>
ST_6 : Operation 745 [1/1] (0.80ns) (out node of the LUT)   --->   "%sub_ln86_19 = sub i12 %select_ln52_92, i12 %trunc_ln48_129" [kyber-mult-kernel-dataflow.cpp:86]   --->   Operation 745 'sub' 'sub_ln86_19' <Predicate = true> <Delay = 0.80> <CoreInst = "Adder">   --->   Core 1 'Adder' <Latency = 0> <II = 1> <Delay = 0.80> <FuncUnit> <Opcode : 'add' 'sub'> <InPorts = 2> <OutPorts = 1>
ST_6 : Operation 746 [1/2] (0.67ns)   --->   "%uB_34 = load i4 %sB_10_addr" [kyber-mult-kernel-dataflow.cpp:85]   --->   Operation 746 'load' 'uB_34' <Predicate = true> <Delay = 0.67> <CoreInst = "RAM">   --->   Core 83 'RAM' <Latency = 1> <II = 1> <Delay = 0.67> <Storage> <Opcode : 'load' 'store'> <Ports = 2> <Width = 12> <Depth = 16> <RAM>
ST_6 : Operation 747 [1/1] (0.00ns)   --->   "%zext_ln52_85 = zext i12 %uB_34" [kyber-mult-kernel-dataflow.cpp:52->kyber-mult-kernel-dataflow.cpp:86]   --->   Operation 747 'zext' 'zext_ln52_85' <Predicate = true> <Delay = 0.00>
ST_6 : Operation 748 [1/1] (0.80ns)   --->   "%add_ln52_93 = add i12 %uB_34, i12 3329" [kyber-mult-kernel-dataflow.cpp:52->kyber-mult-kernel-dataflow.cpp:86]   --->   Operation 748 'add' 'add_ln52_93' <Predicate = true> <Delay = 0.80> <CoreInst = "Adder">   --->   Core 1 'Adder' <Latency = 0> <II = 1> <Delay = 0.80> <FuncUnit> <Opcode : 'add' 'sub'> <InPorts = 2> <OutPorts = 1>
ST_6 : Operation 749 [1/1] (0.00ns)   --->   "%zext_ln40_44 = zext i24 %xw_175" [kyber-mult-kernel-dataflow.cpp:40->kyber-mult-kernel-dataflow.cpp:85]   --->   Operation 749 'zext' 'zext_ln40_44' <Predicate = true> <Delay = 0.00>
ST_6 : Operation 750 [1/3] (0.00ns) (grouped into DSP with root node r_175)   --->   "%qq_175 = mul i24 %zext_ln39_36, i24 3329" [kyber-mult-kernel-dataflow.cpp:41->kyber-mult-kernel-dataflow.cpp:85]   --->   Operation 750 'mul' 'qq_175' <Predicate = true> <Delay = 0.00> <CoreInst = "DSP48">   --->   Core 127 'DSP48' <Latency = 2> <II = 1> <Delay = 1.33> <IPBlock> <Opcode : '' 'add' 'sub' 'mul' 'select'> <InPorts = 0> <OutPorts = 1> <Sync> <CReg>
ST_6 : Operation 751 [1/1] (0.00ns) (grouped into DSP with root node r_175)   --->   "%zext_ln42_44 = zext i24 %qq_175" [kyber-mult-kernel-dataflow.cpp:42->kyber-mult-kernel-dataflow.cpp:85]   --->   Operation 751 'zext' 'zext_ln42_44' <Predicate = true> <Delay = 0.00>
ST_6 : Operation 752 [1/1] (0.00ns)   --->   "%specfucore_ln42 = specfucore void @_ssdm_op_SpecFUCore, i24 %qq_175, i64 12, i64 3, i64 2" [kyber-mult-kernel-dataflow.cpp:42->kyber-mult-kernel-dataflow.cpp:85]   --->   Operation 752 'specfucore' 'specfucore_ln42' <Predicate = true> <Delay = 0.00>
ST_6 : Operation 753 [1/1] (2.03ns) (root node of the DSP)   --->   "%r_175 = sub i25 %zext_ln40_44, i25 %zext_ln42_44" [kyber-mult-kernel-dataflow.cpp:43->kyber-mult-kernel-dataflow.cpp:85]   --->   Operation 753 'sub' 'r_175' <Predicate = true> <Delay = 2.03> <CoreInst = "DSP48">   --->   Core 127 'DSP48' <Latency = 2> <II = 1> <Delay = 1.33> <IPBlock> <Opcode : '' 'add' 'sub' 'mul' 'select'> <InPorts = 0> <OutPorts = 1> <Sync> <CReg>
ST_6 : Operation 754 [1/1] (0.94ns)   --->   "%icmp_ln44_93 = icmp_ugt  i25 %r_175, i25 3328" [kyber-mult-kernel-dataflow.cpp:44->kyber-mult-kernel-dataflow.cpp:85]   --->   Operation 754 'icmp' 'icmp_ln44_93' <Predicate = true> <Delay = 0.94> <CoreInst = "Cmp">   --->   Core 9 'Cmp' <Latency = 0> <II = 1> <Delay = 0.94> <FuncUnit> <Opcode : 'icmp'> <InPorts = 2> <OutPorts = 1>
ST_6 : Operation 755 [1/1] (0.94ns)   --->   "%add_ln44_93 = add i25 %r_175, i25 33551103" [kyber-mult-kernel-dataflow.cpp:44->kyber-mult-kernel-dataflow.cpp:85]   --->   Operation 755 'add' 'add_ln44_93' <Predicate = true> <Delay = 0.94> <CoreInst = "Adder">   --->   Core 1 'Adder' <Latency = 0> <II = 1> <Delay = 0.94> <FuncUnit> <Opcode : 'add' 'sub'> <InPorts = 2> <OutPorts = 1>
ST_6 : Operation 756 [1/1] (0.32ns)   --->   "%tB_34 = select i1 %icmp_ln44_93, i25 %add_ln44_93, i25 %r_175" [kyber-mult-kernel-dataflow.cpp:44->kyber-mult-kernel-dataflow.cpp:85]   --->   Operation 756 'select' 'tB_34' <Predicate = true> <Delay = 0.32> <CoreInst = "Sel">   --->   Core 73 'Sel' <Latency = 0> <II = 1> <Delay = 0.32> <FuncUnit> <Opcode : 'select'> <InPorts = 3> <OutPorts = 1>
ST_6 : Operation 757 [1/1] (0.00ns) (grouped into LUT with out node sub_ln86_20)   --->   "%trunc_ln48_131 = trunc i25 %tB_34" [kyber-mult-kernel-dataflow.cpp:48->kyber-mult-kernel-dataflow.cpp:86]   --->   Operation 757 'trunc' 'trunc_ln48_131' <Predicate = true> <Delay = 0.00>
ST_6 : Operation 758 [1/1] (0.94ns)   --->   "%s_175 = add i25 %tB_34, i25 %zext_ln52_85" [kyber-mult-kernel-dataflow.cpp:48->kyber-mult-kernel-dataflow.cpp:86]   --->   Operation 758 'add' 's_175' <Predicate = true> <Delay = 0.94> <CoreInst = "Adder">   --->   Core 1 'Adder' <Latency = 0> <II = 1> <Delay = 0.94> <FuncUnit> <Opcode : 'add' 'sub'> <InPorts = 2> <OutPorts = 1>
ST_6 : Operation 759 [1/1] (0.94ns)   --->   "%icmp_ln48_93 = icmp_ugt  i25 %s_175, i25 3328" [kyber-mult-kernel-dataflow.cpp:48->kyber-mult-kernel-dataflow.cpp:86]   --->   Operation 759 'icmp' 'icmp_ln48_93' <Predicate = true> <Delay = 0.94> <CoreInst = "Cmp">   --->   Core 9 'Cmp' <Latency = 0> <II = 1> <Delay = 0.94> <FuncUnit> <Opcode : 'icmp'> <InPorts = 2> <OutPorts = 1>
ST_6 : Operation 760 [1/1] (0.00ns)   --->   "%trunc_ln48_132 = trunc i25 %s_175" [kyber-mult-kernel-dataflow.cpp:48->kyber-mult-kernel-dataflow.cpp:86]   --->   Operation 760 'trunc' 'trunc_ln48_132' <Predicate = true> <Delay = 0.00>
ST_6 : Operation 761 [1/1] (0.80ns)   --->   "%add_ln48_186 = add i12 %trunc_ln48_132, i12 767" [kyber-mult-kernel-dataflow.cpp:48->kyber-mult-kernel-dataflow.cpp:86]   --->   Operation 761 'add' 'add_ln48_186' <Predicate = true> <Delay = 0.80> <CoreInst = "Adder">   --->   Core 1 'Adder' <Latency = 0> <II = 1> <Delay = 0.80> <FuncUnit> <Opcode : 'add' 'sub'> <InPorts = 2> <OutPorts = 1>
ST_6 : Operation 762 [1/1] (0.37ns)   --->   "%select_ln48_93 = select i1 %icmp_ln48_93, i12 %add_ln48_186, i12 %trunc_ln48_132" [kyber-mult-kernel-dataflow.cpp:48->kyber-mult-kernel-dataflow.cpp:86]   --->   Operation 762 'select' 'select_ln48_93' <Predicate = true> <Delay = 0.37> <CoreInst = "Sel">   --->   Core 73 'Sel' <Latency = 0> <II = 1> <Delay = 0.37> <FuncUnit> <Opcode : 'select'> <InPorts = 3> <OutPorts = 1>
ST_6 : Operation 763 [1/1] (0.94ns)   --->   "%icmp_ln52_93 = icmp_ult  i25 %zext_ln52_85, i25 %tB_34" [kyber-mult-kernel-dataflow.cpp:52->kyber-mult-kernel-dataflow.cpp:86]   --->   Operation 763 'icmp' 'icmp_ln52_93' <Predicate = true> <Delay = 0.94> <CoreInst = "Cmp">   --->   Core 9 'Cmp' <Latency = 0> <II = 1> <Delay = 0.94> <FuncUnit> <Opcode : 'icmp'> <InPorts = 2> <OutPorts = 1>
ST_6 : Operation 764 [1/1] (0.00ns) (grouped into LUT with out node sub_ln86_20)   --->   "%xor_ln52_93 = xor i1 %icmp_ln52_93, i1 1" [kyber-mult-kernel-dataflow.cpp:52->kyber-mult-kernel-dataflow.cpp:86]   --->   Operation 764 'xor' 'xor_ln52_93' <Predicate = true> <Delay = 0.00> <CoreInst = "LogicGate">   --->   Core 74 'LogicGate' <Latency = 0> <II = 1> <Delay = 0.28> <FuncUnit> <Opcode : 'and' 'or' 'xor'> <InPorts = 2> <OutPorts = 1>
ST_6 : Operation 765 [1/1] (0.00ns) (grouped into LUT with out node sub_ln86_20)   --->   "%select_ln52_93 = select i1 %xor_ln52_93, i12 %uB_34, i12 %add_ln52_93" [kyber-mult-kernel-dataflow.cpp:52->kyber-mult-kernel-dataflow.cpp:86]   --->   Operation 765 'select' 'select_ln52_93' <Predicate = true> <Delay = 0.00> <CoreInst = "Sel">   --->   Core 73 'Sel' <Latency = 0> <II = 1> <Delay = 0.37> <FuncUnit> <Opcode : 'select'> <InPorts = 3> <OutPorts = 1>
ST_6 : Operation 766 [1/1] (0.80ns) (out node of the LUT)   --->   "%sub_ln86_20 = sub i12 %select_ln52_93, i12 %trunc_ln48_131" [kyber-mult-kernel-dataflow.cpp:86]   --->   Operation 766 'sub' 'sub_ln86_20' <Predicate = true> <Delay = 0.80> <CoreInst = "Adder">   --->   Core 1 'Adder' <Latency = 0> <II = 1> <Delay = 0.80> <FuncUnit> <Opcode : 'add' 'sub'> <InPorts = 2> <OutPorts = 1>
ST_6 : Operation 767 [1/2] (0.67ns)   --->   "%uB_35 = load i4 %sB_11_addr" [kyber-mult-kernel-dataflow.cpp:85]   --->   Operation 767 'load' 'uB_35' <Predicate = true> <Delay = 0.67> <CoreInst = "RAM">   --->   Core 83 'RAM' <Latency = 1> <II = 1> <Delay = 0.67> <Storage> <Opcode : 'load' 'store'> <Ports = 2> <Width = 12> <Depth = 16> <RAM>
ST_6 : Operation 768 [1/1] (0.00ns)   --->   "%zext_ln85 = zext i12 %uB_35" [kyber-mult-kernel-dataflow.cpp:85]   --->   Operation 768 'zext' 'zext_ln85' <Predicate = true> <Delay = 0.00>
ST_6 : Operation 769 [1/1] (0.00ns)   --->   "%rbegin3 = specregionbegin i32 @_ssdm_op_SpecRegionBegin, void @empty_85" [kyber-mult-kernel-dataflow.cpp:36->kyber-mult-kernel-dataflow.cpp:85]   --->   Operation 769 'specregionbegin' 'rbegin3' <Predicate = true> <Delay = 0.00>
ST_6 : Operation 770 [1/1] (0.00ns)   --->   "%rend4 = specregionend i32 @_ssdm_op_SpecRegionEnd, void @empty_85, i32 %rbegin3" [kyber-mult-kernel-dataflow.cpp:36->kyber-mult-kernel-dataflow.cpp:85]   --->   Operation 770 'specregionend' 'rend4' <Predicate = true> <Delay = 0.00>
ST_6 : Operation 771 [1/1] (0.00ns)   --->   "%rbegin1 = specregionbegin i32 @_ssdm_op_SpecRegionBegin, void @empty_86" [kyber-mult-kernel-dataflow.cpp:39->kyber-mult-kernel-dataflow.cpp:85]   --->   Operation 771 'specregionbegin' 'rbegin1' <Predicate = true> <Delay = 0.00>
ST_6 : Operation 772 [1/1] (0.00ns)   --->   "%zext_ln40_45 = zext i24 %xw_162" [kyber-mult-kernel-dataflow.cpp:40->kyber-mult-kernel-dataflow.cpp:85]   --->   Operation 772 'zext' 'zext_ln40_45' <Predicate = true> <Delay = 0.00>
ST_6 : Operation 773 [1/1] (0.00ns)   --->   "%rend2 = specregionend i32 @_ssdm_op_SpecRegionEnd, void @empty_86, i32 %rbegin1" [kyber-mult-kernel-dataflow.cpp:39->kyber-mult-kernel-dataflow.cpp:85]   --->   Operation 773 'specregionend' 'rend2' <Predicate = true> <Delay = 0.00>
ST_6 : Operation 774 [1/1] (0.00ns)   --->   "%rbegin = specregionbegin i32 @_ssdm_op_SpecRegionBegin, void @empty_87" [kyber-mult-kernel-dataflow.cpp:41->kyber-mult-kernel-dataflow.cpp:85]   --->   Operation 774 'specregionbegin' 'rbegin' <Predicate = true> <Delay = 0.00>
ST_6 : Operation 775 [1/3] (0.00ns) (grouped into DSP with root node r_162)   --->   "%qq_162 = mul i24 %zext_ln38_6, i24 3329" [kyber-mult-kernel-dataflow.cpp:41->kyber-mult-kernel-dataflow.cpp:85]   --->   Operation 775 'mul' 'qq_162' <Predicate = true> <Delay = 0.00> <CoreInst = "DSP48">   --->   Core 127 'DSP48' <Latency = 2> <II = 1> <Delay = 1.33> <IPBlock> <Opcode : '' 'add' 'sub' 'mul' 'select'> <InPorts = 0> <OutPorts = 1> <Sync> <CReg>
ST_6 : Operation 776 [1/1] (0.00ns) (grouped into DSP with root node r_162)   --->   "%zext_ln42_45 = zext i24 %qq_162" [kyber-mult-kernel-dataflow.cpp:42->kyber-mult-kernel-dataflow.cpp:85]   --->   Operation 776 'zext' 'zext_ln42_45' <Predicate = true> <Delay = 0.00>
ST_6 : Operation 777 [1/1] (0.00ns)   --->   "%specfucore_ln42 = specfucore void @_ssdm_op_SpecFUCore, i24 %qq_162, i64 12, i64 3, i64 2" [kyber-mult-kernel-dataflow.cpp:42->kyber-mult-kernel-dataflow.cpp:85]   --->   Operation 777 'specfucore' 'specfucore_ln42' <Predicate = true> <Delay = 0.00>
ST_6 : Operation 778 [1/1] (0.00ns)   --->   "%rend = specregionend i32 @_ssdm_op_SpecRegionEnd, void @empty_87, i32 %rbegin" [kyber-mult-kernel-dataflow.cpp:41->kyber-mult-kernel-dataflow.cpp:85]   --->   Operation 778 'specregionend' 'rend' <Predicate = true> <Delay = 0.00>
ST_6 : Operation 779 [1/1] (2.03ns) (root node of the DSP)   --->   "%r_162 = sub i25 %zext_ln40_45, i25 %zext_ln42_45" [kyber-mult-kernel-dataflow.cpp:43->kyber-mult-kernel-dataflow.cpp:85]   --->   Operation 779 'sub' 'r_162' <Predicate = true> <Delay = 2.03> <CoreInst = "DSP48">   --->   Core 127 'DSP48' <Latency = 2> <II = 1> <Delay = 1.33> <IPBlock> <Opcode : '' 'add' 'sub' 'mul' 'select'> <InPorts = 0> <OutPorts = 1> <Sync> <CReg>
ST_6 : Operation 780 [1/1] (0.94ns)   --->   "%icmp_ln44_94 = icmp_ugt  i25 %r_162, i25 3328" [kyber-mult-kernel-dataflow.cpp:44->kyber-mult-kernel-dataflow.cpp:85]   --->   Operation 780 'icmp' 'icmp_ln44_94' <Predicate = true> <Delay = 0.94> <CoreInst = "Cmp">   --->   Core 9 'Cmp' <Latency = 0> <II = 1> <Delay = 0.94> <FuncUnit> <Opcode : 'icmp'> <InPorts = 2> <OutPorts = 1>
ST_6 : Operation 781 [1/1] (0.94ns)   --->   "%add_ln44_94 = add i25 %r_162, i25 33551103" [kyber-mult-kernel-dataflow.cpp:44->kyber-mult-kernel-dataflow.cpp:85]   --->   Operation 781 'add' 'add_ln44_94' <Predicate = true> <Delay = 0.94> <CoreInst = "Adder">   --->   Core 1 'Adder' <Latency = 0> <II = 1> <Delay = 0.94> <FuncUnit> <Opcode : 'add' 'sub'> <InPorts = 2> <OutPorts = 1>
ST_6 : Operation 782 [1/1] (0.32ns)   --->   "%tB = select i1 %icmp_ln44_94, i25 %add_ln44_94, i25 %r_162" [kyber-mult-kernel-dataflow.cpp:44->kyber-mult-kernel-dataflow.cpp:85]   --->   Operation 782 'select' 'tB' <Predicate = true> <Delay = 0.32> <CoreInst = "Sel">   --->   Core 73 'Sel' <Latency = 0> <II = 1> <Delay = 0.32> <FuncUnit> <Opcode : 'select'> <InPorts = 3> <OutPorts = 1>
ST_6 : Operation 783 [1/1] (0.00ns) (grouped into LUT with out node sub_ln86_21)   --->   "%trunc_ln85 = trunc i25 %tB" [kyber-mult-kernel-dataflow.cpp:85]   --->   Operation 783 'trunc' 'trunc_ln85' <Predicate = true> <Delay = 0.00>
ST_6 : Operation 784 [1/1] (0.94ns)   --->   "%s_162 = add i25 %tB, i25 %zext_ln85" [kyber-mult-kernel-dataflow.cpp:48->kyber-mult-kernel-dataflow.cpp:86]   --->   Operation 784 'add' 's_162' <Predicate = true> <Delay = 0.94> <CoreInst = "Adder">   --->   Core 1 'Adder' <Latency = 0> <II = 1> <Delay = 0.94> <FuncUnit> <Opcode : 'add' 'sub'> <InPorts = 2> <OutPorts = 1>
ST_6 : Operation 785 [1/1] (0.94ns)   --->   "%icmp_ln48_94 = icmp_ugt  i25 %s_162, i25 3328" [kyber-mult-kernel-dataflow.cpp:48->kyber-mult-kernel-dataflow.cpp:86]   --->   Operation 785 'icmp' 'icmp_ln48_94' <Predicate = true> <Delay = 0.94> <CoreInst = "Cmp">   --->   Core 9 'Cmp' <Latency = 0> <II = 1> <Delay = 0.94> <FuncUnit> <Opcode : 'icmp'> <InPorts = 2> <OutPorts = 1>
ST_6 : Operation 786 [1/1] (0.00ns)   --->   "%trunc_ln48_133 = trunc i25 %s_162" [kyber-mult-kernel-dataflow.cpp:48->kyber-mult-kernel-dataflow.cpp:86]   --->   Operation 786 'trunc' 'trunc_ln48_133' <Predicate = true> <Delay = 0.00>
ST_6 : Operation 787 [1/1] (0.80ns)   --->   "%add_ln48_188 = add i12 %trunc_ln48_133, i12 767" [kyber-mult-kernel-dataflow.cpp:48->kyber-mult-kernel-dataflow.cpp:86]   --->   Operation 787 'add' 'add_ln48_188' <Predicate = true> <Delay = 0.80> <CoreInst = "Adder">   --->   Core 1 'Adder' <Latency = 0> <II = 1> <Delay = 0.80> <FuncUnit> <Opcode : 'add' 'sub'> <InPorts = 2> <OutPorts = 1>
ST_6 : Operation 788 [1/1] (0.37ns)   --->   "%select_ln48_94 = select i1 %icmp_ln48_94, i12 %add_ln48_188, i12 %trunc_ln48_133" [kyber-mult-kernel-dataflow.cpp:48->kyber-mult-kernel-dataflow.cpp:86]   --->   Operation 788 'select' 'select_ln48_94' <Predicate = true> <Delay = 0.37> <CoreInst = "Sel">   --->   Core 73 'Sel' <Latency = 0> <II = 1> <Delay = 0.37> <FuncUnit> <Opcode : 'select'> <InPorts = 3> <OutPorts = 1>
ST_6 : Operation 789 [1/1] (0.00ns)   --->   "%dB_11_addr = getelementptr i12 %dB_11, i64 0, i64 %zext_ln82" [kyber-mult-kernel-dataflow.cpp:86]   --->   Operation 789 'getelementptr' 'dB_11_addr' <Predicate = true> <Delay = 0.00>
ST_6 : Operation 790 [1/1] (0.94ns)   --->   "%icmp_ln52_94 = icmp_ult  i25 %zext_ln85, i25 %tB" [kyber-mult-kernel-dataflow.cpp:52->kyber-mult-kernel-dataflow.cpp:86]   --->   Operation 790 'icmp' 'icmp_ln52_94' <Predicate = true> <Delay = 0.94> <CoreInst = "Cmp">   --->   Core 9 'Cmp' <Latency = 0> <II = 1> <Delay = 0.94> <FuncUnit> <Opcode : 'icmp'> <InPorts = 2> <OutPorts = 1>
ST_6 : Operation 791 [1/1] (0.00ns) (grouped into LUT with out node sub_ln86_21)   --->   "%xor_ln52_94 = xor i1 %icmp_ln52_94, i1 1" [kyber-mult-kernel-dataflow.cpp:52->kyber-mult-kernel-dataflow.cpp:86]   --->   Operation 791 'xor' 'xor_ln52_94' <Predicate = true> <Delay = 0.00> <CoreInst = "LogicGate">   --->   Core 74 'LogicGate' <Latency = 0> <II = 1> <Delay = 0.28> <FuncUnit> <Opcode : 'and' 'or' 'xor'> <InPorts = 2> <OutPorts = 1>
ST_6 : Operation 792 [1/1] (0.80ns)   --->   "%add_ln52_94 = add i12 %uB_35, i12 3329" [kyber-mult-kernel-dataflow.cpp:52->kyber-mult-kernel-dataflow.cpp:86]   --->   Operation 792 'add' 'add_ln52_94' <Predicate = true> <Delay = 0.80> <CoreInst = "Adder">   --->   Core 1 'Adder' <Latency = 0> <II = 1> <Delay = 0.80> <FuncUnit> <Opcode : 'add' 'sub'> <InPorts = 2> <OutPorts = 1>
ST_6 : Operation 793 [1/1] (0.00ns) (grouped into LUT with out node sub_ln86_21)   --->   "%select_ln52_94 = select i1 %xor_ln52_94, i12 %uB_35, i12 %add_ln52_94" [kyber-mult-kernel-dataflow.cpp:52->kyber-mult-kernel-dataflow.cpp:86]   --->   Operation 793 'select' 'select_ln52_94' <Predicate = true> <Delay = 0.00> <CoreInst = "Sel">   --->   Core 73 'Sel' <Latency = 0> <II = 1> <Delay = 0.37> <FuncUnit> <Opcode : 'select'> <InPorts = 3> <OutPorts = 1>
ST_6 : Operation 794 [1/1] (0.80ns) (out node of the LUT)   --->   "%sub_ln86_21 = sub i12 %select_ln52_94, i12 %trunc_ln85" [kyber-mult-kernel-dataflow.cpp:86]   --->   Operation 794 'sub' 'sub_ln86_21' <Predicate = true> <Delay = 0.80> <CoreInst = "Adder">   --->   Core 1 'Adder' <Latency = 0> <II = 1> <Delay = 0.80> <FuncUnit> <Opcode : 'add' 'sub'> <InPorts = 2> <OutPorts = 1>
ST_6 : Operation 795 [1/1] (0.00ns)   --->   "%dB_15_addr = getelementptr i12 %dB_15, i64 0, i64 %zext_ln82" [kyber-mult-kernel-dataflow.cpp:86]   --->   Operation 795 'getelementptr' 'dB_15_addr' <Predicate = true> <Delay = 0.00>
ST_6 : Operation 796 [1/1] (0.67ns)   --->   "%store_ln86 = store i12 %select_ln48_87, i4 %dB_0_addr" [kyber-mult-kernel-dataflow.cpp:86]   --->   Operation 796 'store' 'store_ln86' <Predicate = true> <Delay = 0.67> <CoreInst = "RAM">   --->   Core 83 'RAM' <Latency = 1> <II = 1> <Delay = 0.67> <Storage> <Opcode : 'load' 'store'> <Ports = 2> <Width = 12> <Depth = 16> <RAM>
ST_6 : Operation 797 [1/1] (0.67ns)   --->   "%store_ln86 = store i12 %sub_ln86, i4 %dB_4_addr" [kyber-mult-kernel-dataflow.cpp:86]   --->   Operation 797 'store' 'store_ln86' <Predicate = true> <Delay = 0.67> <CoreInst = "RAM">   --->   Core 83 'RAM' <Latency = 1> <II = 1> <Delay = 0.67> <Storage> <Opcode : 'load' 'store'> <Ports = 2> <Width = 12> <Depth = 16> <RAM>
ST_6 : Operation 798 [1/1] (0.67ns)   --->   "%store_ln86 = store i12 %select_ln48_88, i4 %dB_1_addr" [kyber-mult-kernel-dataflow.cpp:86]   --->   Operation 798 'store' 'store_ln86' <Predicate = true> <Delay = 0.67> <CoreInst = "RAM">   --->   Core 83 'RAM' <Latency = 1> <II = 1> <Delay = 0.67> <Storage> <Opcode : 'load' 'store'> <Ports = 2> <Width = 12> <Depth = 16> <RAM>
ST_6 : Operation 799 [1/1] (0.67ns)   --->   "%store_ln86 = store i12 %sub_ln86_15, i4 %dB_5_addr" [kyber-mult-kernel-dataflow.cpp:86]   --->   Operation 799 'store' 'store_ln86' <Predicate = true> <Delay = 0.67> <CoreInst = "RAM">   --->   Core 83 'RAM' <Latency = 1> <II = 1> <Delay = 0.67> <Storage> <Opcode : 'load' 'store'> <Ports = 2> <Width = 12> <Depth = 16> <RAM>
ST_6 : Operation 800 [1/1] (0.67ns)   --->   "%store_ln86 = store i12 %select_ln48_89, i4 %dB_2_addr" [kyber-mult-kernel-dataflow.cpp:86]   --->   Operation 800 'store' 'store_ln86' <Predicate = true> <Delay = 0.67> <CoreInst = "RAM">   --->   Core 83 'RAM' <Latency = 1> <II = 1> <Delay = 0.67> <Storage> <Opcode : 'load' 'store'> <Ports = 2> <Width = 12> <Depth = 16> <RAM>
ST_6 : Operation 801 [1/1] (0.67ns)   --->   "%store_ln86 = store i12 %sub_ln86_16, i4 %dB_6_addr" [kyber-mult-kernel-dataflow.cpp:86]   --->   Operation 801 'store' 'store_ln86' <Predicate = true> <Delay = 0.67> <CoreInst = "RAM">   --->   Core 83 'RAM' <Latency = 1> <II = 1> <Delay = 0.67> <Storage> <Opcode : 'load' 'store'> <Ports = 2> <Width = 12> <Depth = 16> <RAM>
ST_6 : Operation 802 [1/1] (0.67ns)   --->   "%store_ln86 = store i12 %select_ln48_90, i4 %dB_3_addr" [kyber-mult-kernel-dataflow.cpp:86]   --->   Operation 802 'store' 'store_ln86' <Predicate = true> <Delay = 0.67> <CoreInst = "RAM">   --->   Core 83 'RAM' <Latency = 1> <II = 1> <Delay = 0.67> <Storage> <Opcode : 'load' 'store'> <Ports = 2> <Width = 12> <Depth = 16> <RAM>
ST_6 : Operation 803 [1/1] (0.67ns)   --->   "%store_ln86 = store i12 %sub_ln86_17, i4 %dB_7_addr" [kyber-mult-kernel-dataflow.cpp:86]   --->   Operation 803 'store' 'store_ln86' <Predicate = true> <Delay = 0.67> <CoreInst = "RAM">   --->   Core 83 'RAM' <Latency = 1> <II = 1> <Delay = 0.67> <Storage> <Opcode : 'load' 'store'> <Ports = 2> <Width = 12> <Depth = 16> <RAM>
ST_6 : Operation 804 [1/1] (0.67ns)   --->   "%store_ln86 = store i12 %select_ln48_91, i4 %dB_8_addr" [kyber-mult-kernel-dataflow.cpp:86]   --->   Operation 804 'store' 'store_ln86' <Predicate = true> <Delay = 0.67> <CoreInst = "RAM">   --->   Core 83 'RAM' <Latency = 1> <II = 1> <Delay = 0.67> <Storage> <Opcode : 'load' 'store'> <Ports = 2> <Width = 12> <Depth = 16> <RAM>
ST_6 : Operation 805 [1/1] (0.67ns)   --->   "%store_ln86 = store i12 %sub_ln86_18, i4 %dB_12_addr" [kyber-mult-kernel-dataflow.cpp:86]   --->   Operation 805 'store' 'store_ln86' <Predicate = true> <Delay = 0.67> <CoreInst = "RAM">   --->   Core 83 'RAM' <Latency = 1> <II = 1> <Delay = 0.67> <Storage> <Opcode : 'load' 'store'> <Ports = 2> <Width = 12> <Depth = 16> <RAM>
ST_6 : Operation 806 [1/1] (0.67ns)   --->   "%store_ln86 = store i12 %select_ln48_92, i4 %dB_9_addr" [kyber-mult-kernel-dataflow.cpp:86]   --->   Operation 806 'store' 'store_ln86' <Predicate = true> <Delay = 0.67> <CoreInst = "RAM">   --->   Core 83 'RAM' <Latency = 1> <II = 1> <Delay = 0.67> <Storage> <Opcode : 'load' 'store'> <Ports = 2> <Width = 12> <Depth = 16> <RAM>
ST_6 : Operation 807 [1/1] (0.67ns)   --->   "%store_ln86 = store i12 %sub_ln86_19, i4 %dB_13_addr" [kyber-mult-kernel-dataflow.cpp:86]   --->   Operation 807 'store' 'store_ln86' <Predicate = true> <Delay = 0.67> <CoreInst = "RAM">   --->   Core 83 'RAM' <Latency = 1> <II = 1> <Delay = 0.67> <Storage> <Opcode : 'load' 'store'> <Ports = 2> <Width = 12> <Depth = 16> <RAM>
ST_6 : Operation 808 [1/1] (0.67ns)   --->   "%store_ln86 = store i12 %select_ln48_93, i4 %dB_10_addr" [kyber-mult-kernel-dataflow.cpp:86]   --->   Operation 808 'store' 'store_ln86' <Predicate = true> <Delay = 0.67> <CoreInst = "RAM">   --->   Core 83 'RAM' <Latency = 1> <II = 1> <Delay = 0.67> <Storage> <Opcode : 'load' 'store'> <Ports = 2> <Width = 12> <Depth = 16> <RAM>
ST_6 : Operation 809 [1/1] (0.67ns)   --->   "%store_ln86 = store i12 %sub_ln86_20, i4 %dB_14_addr" [kyber-mult-kernel-dataflow.cpp:86]   --->   Operation 809 'store' 'store_ln86' <Predicate = true> <Delay = 0.67> <CoreInst = "RAM">   --->   Core 83 'RAM' <Latency = 1> <II = 1> <Delay = 0.67> <Storage> <Opcode : 'load' 'store'> <Ports = 2> <Width = 12> <Depth = 16> <RAM>
ST_6 : Operation 810 [1/1] (0.67ns)   --->   "%store_ln86 = store i12 %select_ln48_94, i4 %dB_11_addr" [kyber-mult-kernel-dataflow.cpp:86]   --->   Operation 810 'store' 'store_ln86' <Predicate = true> <Delay = 0.67> <CoreInst = "RAM">   --->   Core 83 'RAM' <Latency = 1> <II = 1> <Delay = 0.67> <Storage> <Opcode : 'load' 'store'> <Ports = 2> <Width = 12> <Depth = 16> <RAM>
ST_6 : Operation 811 [1/1] (0.67ns)   --->   "%store_ln86 = store i12 %sub_ln86_21, i4 %dB_15_addr" [kyber-mult-kernel-dataflow.cpp:86]   --->   Operation 811 'store' 'store_ln86' <Predicate = true> <Delay = 0.67> <CoreInst = "RAM">   --->   Core 83 'RAM' <Latency = 1> <II = 1> <Delay = 0.67> <Storage> <Opcode : 'load' 'store'> <Ports = 2> <Width = 12> <Depth = 16> <RAM>
ST_6 : Operation 812 [1/1] (0.00ns)   --->   "%br_ln73 = br void %VITIS_LOOP_75_1" [kyber-mult-kernel-dataflow.cpp:73]   --->   Operation 812 'br' 'br_ln73' <Predicate = true> <Delay = 0.00>


============================================================
+ Verbose Summary: Binding
============================================================
STG Binding: 
---------------- STG Properties BEGIN ----------------
- Is combinational: 0
- Is one-state seq: 0
- Is datapath-only: 0
- Is pipelined: 0
- Is top level: 0
Port [ Return ] is wired: 1; IO mode=ap_ctrl_hs:ce=0
Port [ sA_0]:  wired=1; compound=1; hidden=0; nouse=0; global=0; static=0; extern=0; dir=0; type=1; pingpong=0; private_global=0; MemPort=[13]; IO mode=ap_memory:ce=0
Port [ sA_1]:  wired=1; compound=1; hidden=0; nouse=0; global=0; static=0; extern=0; dir=0; type=1; pingpong=0; private_global=0; MemPort=[13]; IO mode=ap_memory:ce=0
Port [ sA_2]:  wired=1; compound=1; hidden=0; nouse=0; global=0; static=0; extern=0; dir=0; type=1; pingpong=0; private_global=0; MemPort=[13]; IO mode=ap_memory:ce=0
Port [ sA_3]:  wired=1; compound=1; hidden=0; nouse=0; global=0; static=0; extern=0; dir=0; type=1; pingpong=0; private_global=0; MemPort=[13]; IO mode=ap_memory:ce=0
Port [ sA_4]:  wired=1; compound=1; hidden=0; nouse=0; global=0; static=0; extern=0; dir=0; type=1; pingpong=0; private_global=0; MemPort=[13]; IO mode=ap_memory:ce=0
Port [ sA_5]:  wired=1; compound=1; hidden=0; nouse=0; global=0; static=0; extern=0; dir=0; type=1; pingpong=0; private_global=0; MemPort=[13]; IO mode=ap_memory:ce=0
Port [ sA_6]:  wired=1; compound=1; hidden=0; nouse=0; global=0; static=0; extern=0; dir=0; type=1; pingpong=0; private_global=0; MemPort=[13]; IO mode=ap_memory:ce=0
Port [ sA_7]:  wired=1; compound=1; hidden=0; nouse=0; global=0; static=0; extern=0; dir=0; type=1; pingpong=0; private_global=0; MemPort=[13]; IO mode=ap_memory:ce=0
Port [ sA_8]:  wired=1; compound=1; hidden=0; nouse=0; global=0; static=0; extern=0; dir=0; type=1; pingpong=0; private_global=0; MemPort=[13]; IO mode=ap_memory:ce=0
Port [ sA_9]:  wired=1; compound=1; hidden=0; nouse=0; global=0; static=0; extern=0; dir=0; type=1; pingpong=0; private_global=0; MemPort=[13]; IO mode=ap_memory:ce=0
Port [ sA_10]:  wired=1; compound=1; hidden=0; nouse=0; global=0; static=0; extern=0; dir=0; type=1; pingpong=0; private_global=0; MemPort=[13]; IO mode=ap_memory:ce=0
Port [ sA_11]:  wired=1; compound=1; hidden=0; nouse=0; global=0; static=0; extern=0; dir=0; type=1; pingpong=0; private_global=0; MemPort=[13]; IO mode=ap_memory:ce=0
Port [ sA_12]:  wired=1; compound=1; hidden=0; nouse=0; global=0; static=0; extern=0; dir=0; type=1; pingpong=0; private_global=0; MemPort=[13]; IO mode=ap_memory:ce=0
Port [ sA_13]:  wired=1; compound=1; hidden=0; nouse=0; global=0; static=0; extern=0; dir=0; type=1; pingpong=0; private_global=0; MemPort=[13]; IO mode=ap_memory:ce=0
Port [ sA_14]:  wired=1; compound=1; hidden=0; nouse=0; global=0; static=0; extern=0; dir=0; type=1; pingpong=0; private_global=0; MemPort=[13]; IO mode=ap_memory:ce=0
Port [ sA_15]:  wired=1; compound=1; hidden=0; nouse=0; global=0; static=0; extern=0; dir=0; type=1; pingpong=0; private_global=0; MemPort=[13]; IO mode=ap_memory:ce=0
Port [ dA_0]:  wired=1; compound=1; hidden=0; nouse=0; global=0; static=0; extern=0; dir=1; type=1; pingpong=0; private_global=0; MemPort=[03]; IO mode=ap_memory:ce=0
Port [ dA_1]:  wired=1; compound=1; hidden=0; nouse=0; global=0; static=0; extern=0; dir=1; type=1; pingpong=0; private_global=0; MemPort=[03]; IO mode=ap_memory:ce=0
Port [ dA_2]:  wired=1; compound=1; hidden=0; nouse=0; global=0; static=0; extern=0; dir=1; type=1; pingpong=0; private_global=0; MemPort=[03]; IO mode=ap_memory:ce=0
Port [ dA_3]:  wired=1; compound=1; hidden=0; nouse=0; global=0; static=0; extern=0; dir=1; type=1; pingpong=0; private_global=0; MemPort=[03]; IO mode=ap_memory:ce=0
Port [ dA_4]:  wired=1; compound=1; hidden=0; nouse=0; global=0; static=0; extern=0; dir=1; type=1; pingpong=0; private_global=0; MemPort=[03]; IO mode=ap_memory:ce=0
Port [ dA_5]:  wired=1; compound=1; hidden=0; nouse=0; global=0; static=0; extern=0; dir=1; type=1; pingpong=0; private_global=0; MemPort=[03]; IO mode=ap_memory:ce=0
Port [ dA_6]:  wired=1; compound=1; hidden=0; nouse=0; global=0; static=0; extern=0; dir=1; type=1; pingpong=0; private_global=0; MemPort=[03]; IO mode=ap_memory:ce=0
Port [ dA_7]:  wired=1; compound=1; hidden=0; nouse=0; global=0; static=0; extern=0; dir=1; type=1; pingpong=0; private_global=0; MemPort=[03]; IO mode=ap_memory:ce=0
Port [ dA_8]:  wired=1; compound=1; hidden=0; nouse=0; global=0; static=0; extern=0; dir=1; type=1; pingpong=0; private_global=0; MemPort=[03]; IO mode=ap_memory:ce=0
Port [ dA_9]:  wired=1; compound=1; hidden=0; nouse=0; global=0; static=0; extern=0; dir=1; type=1; pingpong=0; private_global=0; MemPort=[03]; IO mode=ap_memory:ce=0
Port [ dA_10]:  wired=1; compound=1; hidden=0; nouse=0; global=0; static=0; extern=0; dir=1; type=1; pingpong=0; private_global=0; MemPort=[03]; IO mode=ap_memory:ce=0
Port [ dA_11]:  wired=1; compound=1; hidden=0; nouse=0; global=0; static=0; extern=0; dir=1; type=1; pingpong=0; private_global=0; MemPort=[03]; IO mode=ap_memory:ce=0
Port [ dA_12]:  wired=1; compound=1; hidden=0; nouse=0; global=0; static=0; extern=0; dir=1; type=1; pingpong=0; private_global=0; MemPort=[03]; IO mode=ap_memory:ce=0
Port [ dA_13]:  wired=1; compound=1; hidden=0; nouse=0; global=0; static=0; extern=0; dir=1; type=1; pingpong=0; private_global=0; MemPort=[03]; IO mode=ap_memory:ce=0
Port [ dA_14]:  wired=1; compound=1; hidden=0; nouse=0; global=0; static=0; extern=0; dir=1; type=1; pingpong=0; private_global=0; MemPort=[03]; IO mode=ap_memory:ce=0
Port [ dA_15]:  wired=1; compound=1; hidden=0; nouse=0; global=0; static=0; extern=0; dir=1; type=1; pingpong=0; private_global=0; MemPort=[03]; IO mode=ap_memory:ce=0
Port [ sB_0]:  wired=1; compound=1; hidden=0; nouse=0; global=0; static=0; extern=0; dir=0; type=1; pingpong=0; private_global=0; MemPort=[13]; IO mode=ap_memory:ce=0
Port [ sB_1]:  wired=1; compound=1; hidden=0; nouse=0; global=0; static=0; extern=0; dir=0; type=1; pingpong=0; private_global=0; MemPort=[13]; IO mode=ap_memory:ce=0
Port [ sB_2]:  wired=1; compound=1; hidden=0; nouse=0; global=0; static=0; extern=0; dir=0; type=1; pingpong=0; private_global=0; MemPort=[13]; IO mode=ap_memory:ce=0
Port [ sB_3]:  wired=1; compound=1; hidden=0; nouse=0; global=0; static=0; extern=0; dir=0; type=1; pingpong=0; private_global=0; MemPort=[13]; IO mode=ap_memory:ce=0
Port [ sB_4]:  wired=1; compound=1; hidden=0; nouse=0; global=0; static=0; extern=0; dir=0; type=1; pingpong=0; private_global=0; MemPort=[13]; IO mode=ap_memory:ce=0
Port [ sB_5]:  wired=1; compound=1; hidden=0; nouse=0; global=0; static=0; extern=0; dir=0; type=1; pingpong=0; private_global=0; MemPort=[13]; IO mode=ap_memory:ce=0
Port [ sB_6]:  wired=1; compound=1; hidden=0; nouse=0; global=0; static=0; extern=0; dir=0; type=1; pingpong=0; private_global=0; MemPort=[13]; IO mode=ap_memory:ce=0
Port [ sB_7]:  wired=1; compound=1; hidden=0; nouse=0; global=0; static=0; extern=0; dir=0; type=1; pingpong=0; private_global=0; MemPort=[13]; IO mode=ap_memory:ce=0
Port [ sB_8]:  wired=1; compound=1; hidden=0; nouse=0; global=0; static=0; extern=0; dir=0; type=1; pingpong=0; private_global=0; MemPort=[13]; IO mode=ap_memory:ce=0
Port [ sB_9]:  wired=1; compound=1; hidden=0; nouse=0; global=0; static=0; extern=0; dir=0; type=1; pingpong=0; private_global=0; MemPort=[13]; IO mode=ap_memory:ce=0
Port [ sB_10]:  wired=1; compound=1; hidden=0; nouse=0; global=0; static=0; extern=0; dir=0; type=1; pingpong=0; private_global=0; MemPort=[13]; IO mode=ap_memory:ce=0
Port [ sB_11]:  wired=1; compound=1; hidden=0; nouse=0; global=0; static=0; extern=0; dir=0; type=1; pingpong=0; private_global=0; MemPort=[13]; IO mode=ap_memory:ce=0
Port [ sB_12]:  wired=1; compound=1; hidden=0; nouse=0; global=0; static=0; extern=0; dir=0; type=1; pingpong=0; private_global=0; MemPort=[13]; IO mode=ap_memory:ce=0
Port [ sB_13]:  wired=1; compound=1; hidden=0; nouse=0; global=0; static=0; extern=0; dir=0; type=1; pingpong=0; private_global=0; MemPort=[13]; IO mode=ap_memory:ce=0
Port [ sB_14]:  wired=1; compound=1; hidden=0; nouse=0; global=0; static=0; extern=0; dir=0; type=1; pingpong=0; private_global=0; MemPort=[13]; IO mode=ap_memory:ce=0
Port [ sB_15]:  wired=1; compound=1; hidden=0; nouse=0; global=0; static=0; extern=0; dir=0; type=1; pingpong=0; private_global=0; MemPort=[13]; IO mode=ap_memory:ce=0
Port [ dB_0]:  wired=1; compound=1; hidden=0; nouse=0; global=0; static=0; extern=0; dir=1; type=1; pingpong=0; private_global=0; MemPort=[03]; IO mode=ap_memory:ce=0
Port [ dB_1]:  wired=1; compound=1; hidden=0; nouse=0; global=0; static=0; extern=0; dir=1; type=1; pingpong=0; private_global=0; MemPort=[03]; IO mode=ap_memory:ce=0
Port [ dB_2]:  wired=1; compound=1; hidden=0; nouse=0; global=0; static=0; extern=0; dir=1; type=1; pingpong=0; private_global=0; MemPort=[03]; IO mode=ap_memory:ce=0
Port [ dB_3]:  wired=1; compound=1; hidden=0; nouse=0; global=0; static=0; extern=0; dir=1; type=1; pingpong=0; private_global=0; MemPort=[03]; IO mode=ap_memory:ce=0
Port [ dB_4]:  wired=1; compound=1; hidden=0; nouse=0; global=0; static=0; extern=0; dir=1; type=1; pingpong=0; private_global=0; MemPort=[03]; IO mode=ap_memory:ce=0
Port [ dB_5]:  wired=1; compound=1; hidden=0; nouse=0; global=0; static=0; extern=0; dir=1; type=1; pingpong=0; private_global=0; MemPort=[03]; IO mode=ap_memory:ce=0
Port [ dB_6]:  wired=1; compound=1; hidden=0; nouse=0; global=0; static=0; extern=0; dir=1; type=1; pingpong=0; private_global=0; MemPort=[03]; IO mode=ap_memory:ce=0
Port [ dB_7]:  wired=1; compound=1; hidden=0; nouse=0; global=0; static=0; extern=0; dir=1; type=1; pingpong=0; private_global=0; MemPort=[03]; IO mode=ap_memory:ce=0
Port [ dB_8]:  wired=1; compound=1; hidden=0; nouse=0; global=0; static=0; extern=0; dir=1; type=1; pingpong=0; private_global=0; MemPort=[03]; IO mode=ap_memory:ce=0
Port [ dB_9]:  wired=1; compound=1; hidden=0; nouse=0; global=0; static=0; extern=0; dir=1; type=1; pingpong=0; private_global=0; MemPort=[03]; IO mode=ap_memory:ce=0
Port [ dB_10]:  wired=1; compound=1; hidden=0; nouse=0; global=0; static=0; extern=0; dir=1; type=1; pingpong=0; private_global=0; MemPort=[03]; IO mode=ap_memory:ce=0
Port [ dB_11]:  wired=1; compound=1; hidden=0; nouse=0; global=0; static=0; extern=0; dir=1; type=1; pingpong=0; private_global=0; MemPort=[03]; IO mode=ap_memory:ce=0
Port [ dB_12]:  wired=1; compound=1; hidden=0; nouse=0; global=0; static=0; extern=0; dir=1; type=1; pingpong=0; private_global=0; MemPort=[03]; IO mode=ap_memory:ce=0
Port [ dB_13]:  wired=1; compound=1; hidden=0; nouse=0; global=0; static=0; extern=0; dir=1; type=1; pingpong=0; private_global=0; MemPort=[03]; IO mode=ap_memory:ce=0
Port [ dB_14]:  wired=1; compound=1; hidden=0; nouse=0; global=0; static=0; extern=0; dir=1; type=1; pingpong=0; private_global=0; MemPort=[03]; IO mode=ap_memory:ce=0
Port [ dB_15]:  wired=1; compound=1; hidden=0; nouse=0; global=0; static=0; extern=0; dir=1; type=1; pingpong=0; private_global=0; MemPort=[03]; IO mode=ap_memory:ce=0
Port [ p_ZL5FWD_W_0_5]:  wired=0; compound=1; hidden=1; nouse=0; global=1; static=1; extern=0; dir=0; type=1; pingpong=0; private_global=1; MemPort=[11]; IO mode=ap_memory:ce=0
Port [ p_ZL6FWD_MW_0_5]:  wired=0; compound=1; hidden=1; nouse=0; global=1; static=1; extern=0; dir=0; type=1; pingpong=0; private_global=1; MemPort=[11]; IO mode=ap_memory:ce=0
Port [ p_ZL5FWD_W_1_5]:  wired=0; compound=1; hidden=1; nouse=0; global=1; static=1; extern=0; dir=0; type=1; pingpong=0; private_global=1; MemPort=[11]; IO mode=ap_memory:ce=0
Port [ p_ZL6FWD_MW_1_5]:  wired=0; compound=1; hidden=1; nouse=0; global=1; static=1; extern=0; dir=0; type=1; pingpong=0; private_global=1; MemPort=[11]; IO mode=ap_memory:ce=0
Port [ p_ZL5FWD_W_2_5]:  wired=0; compound=1; hidden=1; nouse=0; global=1; static=1; extern=0; dir=0; type=1; pingpong=0; private_global=1; MemPort=[11]; IO mode=ap_memory:ce=0
Port [ p_ZL6FWD_MW_2_5]:  wired=0; compound=1; hidden=1; nouse=0; global=1; static=1; extern=0; dir=0; type=1; pingpong=0; private_global=1; MemPort=[11]; IO mode=ap_memory:ce=0
Port [ p_ZL5FWD_W_3_5]:  wired=0; compound=1; hidden=1; nouse=0; global=1; static=1; extern=0; dir=0; type=1; pingpong=0; private_global=1; MemPort=[11]; IO mode=ap_memory:ce=0
Port [ p_ZL6FWD_MW_3_5]:  wired=0; compound=1; hidden=1; nouse=0; global=1; static=1; extern=0; dir=0; type=1; pingpong=0; private_global=1; MemPort=[11]; IO mode=ap_memory:ce=0
---------------- STG Properties END ------------------

---------------- Datapath Model BEGIN ----------------

<LifeTime>
<method=bitvector/>
idx                    (alloca           ) [ 0100000]
store_ln77             (store            ) [ 0000000]
br_ln73                (br               ) [ 0000000]
m                      (load             ) [ 0000000]
tmp_18                 (bitselect        ) [ 0111110]
br_ln73                (br               ) [ 0000000]
lshr_ln                (partselect       ) [ 0000000]
zext_ln73              (zext             ) [ 0000000]
lshr_ln7               (partselect       ) [ 0000000]
zext_ln82              (zext             ) [ 0111111]
p_ZL5FWD_W_0_5_addr    (getelementptr    ) [ 0110000]
p_ZL6FWD_MW_0_5_addr   (getelementptr    ) [ 0110000]
sA_4_addr              (getelementptr    ) [ 0110000]
sB_4_addr              (getelementptr    ) [ 0110000]
p_ZL5FWD_W_1_5_addr    (getelementptr    ) [ 0110000]
p_ZL6FWD_MW_1_5_addr   (getelementptr    ) [ 0110000]
sA_5_addr              (getelementptr    ) [ 0110000]
sB_5_addr              (getelementptr    ) [ 0110000]
p_ZL5FWD_W_2_5_addr    (getelementptr    ) [ 0110000]
p_ZL6FWD_MW_2_5_addr   (getelementptr    ) [ 0110000]
sA_6_addr              (getelementptr    ) [ 0110000]
sB_6_addr              (getelementptr    ) [ 0110000]
p_ZL5FWD_W_3_5_addr    (getelementptr    ) [ 0110000]
p_ZL6FWD_MW_3_5_addr   (getelementptr    ) [ 0110000]
sA_7_addr              (getelementptr    ) [ 0110000]
sB_7_addr              (getelementptr    ) [ 0110000]
or_ln80                (or               ) [ 0000000]
zext_ln81              (zext             ) [ 0000000]
p_ZL5FWD_W_0_5_addr_1  (getelementptr    ) [ 0110000]
p_ZL6FWD_MW_0_5_addr_1 (getelementptr    ) [ 0110000]
sA_12_addr             (getelementptr    ) [ 0110000]
sB_12_addr             (getelementptr    ) [ 0110000]
p_ZL5FWD_W_1_5_addr_1  (getelementptr    ) [ 0110000]
p_ZL6FWD_MW_1_5_addr_1 (getelementptr    ) [ 0110000]
sA_13_addr             (getelementptr    ) [ 0110000]
sB_13_addr             (getelementptr    ) [ 0110000]
p_ZL5FWD_W_2_5_addr_1  (getelementptr    ) [ 0110000]
p_ZL6FWD_MW_2_5_addr_1 (getelementptr    ) [ 0110000]
sA_14_addr             (getelementptr    ) [ 0110000]
sB_14_addr             (getelementptr    ) [ 0110000]
p_ZL5FWD_W_3_5_addr_1  (getelementptr    ) [ 0110000]
p_ZL6FWD_MW_3_5_addr_1 (getelementptr    ) [ 0110000]
sA_15_addr             (getelementptr    ) [ 0110000]
sB_15_addr             (getelementptr    ) [ 0110000]
add_ln73               (add              ) [ 0000000]
store_ln77             (store            ) [ 0000000]
w                      (load             ) [ 0101000]
mw                     (load             ) [ 0000000]
sA_4_load              (load             ) [ 0101000]
zext_ln36              (zext             ) [ 0101100]
zext_ln36_178          (zext             ) [ 0101100]
w_23                   (load             ) [ 0101000]
mw_15                  (load             ) [ 0000000]
zext_ln36_179          (zext             ) [ 0101100]
w_24                   (load             ) [ 0101000]
mw_16                  (load             ) [ 0000000]
zext_ln36_180          (zext             ) [ 0101100]
w_25                   (load             ) [ 0101000]
mw_17                  (load             ) [ 0000000]
zext_ln36_181          (zext             ) [ 0101100]
w_26                   (load             ) [ 0101000]
mw_18                  (load             ) [ 0000000]
zext_ln36_182          (zext             ) [ 0101100]
w_27                   (load             ) [ 0101000]
mw_19                  (load             ) [ 0000000]
zext_ln36_183          (zext             ) [ 0101100]
w_28                   (load             ) [ 0101000]
mw_20                  (load             ) [ 0000000]
zext_ln36_184          (zext             ) [ 0101100]
w_29                   (load             ) [ 0101000]
mw_21                  (load             ) [ 0000000]
sA_5_load              (load             ) [ 0101000]
zext_ln36_186          (zext             ) [ 0101100]
sA_6_load              (load             ) [ 0101000]
zext_ln36_188          (zext             ) [ 0101100]
sA_7_load              (load             ) [ 0101000]
zext_ln36_190          (zext             ) [ 0101100]
sA_12_load             (load             ) [ 0101000]
zext_ln36_192          (zext             ) [ 0101100]
sA_13_load             (load             ) [ 0101000]
zext_ln36_194          (zext             ) [ 0101100]
sA_14_load             (load             ) [ 0101000]
zext_ln36_196          (zext             ) [ 0101100]
sA_15_load             (load             ) [ 0101000]
zext_ln36_197          (zext             ) [ 0101100]
zext_ln36_198          (zext             ) [ 0101100]
sB_4_load              (load             ) [ 0101000]
zext_ln36_200          (zext             ) [ 0101100]
sB_5_load              (load             ) [ 0101000]
zext_ln36_202          (zext             ) [ 0101100]
sB_6_load              (load             ) [ 0101000]
zext_ln36_204          (zext             ) [ 0101100]
sB_7_load              (load             ) [ 0101000]
zext_ln36_206          (zext             ) [ 0101100]
sB_12_load             (load             ) [ 0101000]
zext_ln36_208          (zext             ) [ 0101100]
sB_13_load             (load             ) [ 0101000]
zext_ln36_210          (zext             ) [ 0101100]
sB_14_load             (load             ) [ 0101000]
zext_ln36_212          (zext             ) [ 0101100]
sB_15_load             (load             ) [ 0101000]
zext_ln36_213          (zext             ) [ 0101100]
w_cast                 (zext             ) [ 0100110]
zext_ln34              (zext             ) [ 0100110]
w_16_cast              (zext             ) [ 0100110]
w_17_cast              (zext             ) [ 0100110]
w_18_cast              (zext             ) [ 0100110]
w_19_cast              (zext             ) [ 0100110]
w_20_cast              (zext             ) [ 0100110]
w_21_cast              (zext             ) [ 0100110]
w_22_cast              (zext             ) [ 0100110]
zext_ln36_185          (zext             ) [ 0100110]
zext_ln36_187          (zext             ) [ 0100110]
zext_ln36_189          (zext             ) [ 0100110]
zext_ln36_191          (zext             ) [ 0100110]
zext_ln36_193          (zext             ) [ 0100110]
zext_ln36_195          (zext             ) [ 0100110]
zext_ln34_5            (zext             ) [ 0100110]
zext_ln36_199          (zext             ) [ 0100110]
zext_ln36_201          (zext             ) [ 0100110]
zext_ln36_203          (zext             ) [ 0100110]
zext_ln36_205          (zext             ) [ 0100110]
zext_ln36_207          (zext             ) [ 0100110]
zext_ln36_209          (zext             ) [ 0100110]
zext_ln36_211          (zext             ) [ 0100110]
zext_ln34_6            (zext             ) [ 0100110]
xm                     (mul              ) [ 0000000]
specfucore_ln37        (specfucore       ) [ 0000000]
tmp                    (partselect       ) [ 0000000]
zext_ln38              (zext             ) [ 0100011]
xm_164                 (mul              ) [ 0000000]
specfucore_ln37        (specfucore       ) [ 0000000]
tmp_s                  (partselect       ) [ 0000000]
zext_ln39              (zext             ) [ 0100011]
xm_166                 (mul              ) [ 0000000]
specfucore_ln37        (specfucore       ) [ 0000000]
tmp_46                 (partselect       ) [ 0000000]
zext_ln39_25           (zext             ) [ 0100011]
xm_168                 (mul              ) [ 0000000]
specfucore_ln37        (specfucore       ) [ 0000000]
tmp_47                 (partselect       ) [ 0000000]
zext_ln39_26           (zext             ) [ 0100011]
xm_170                 (mul              ) [ 0000000]
specfucore_ln37        (specfucore       ) [ 0000000]
tmp_48                 (partselect       ) [ 0000000]
zext_ln39_27           (zext             ) [ 0100011]
xm_172                 (mul              ) [ 0000000]
specfucore_ln37        (specfucore       ) [ 0000000]
tmp_49                 (partselect       ) [ 0000000]
zext_ln39_28           (zext             ) [ 0100011]
xm_174                 (mul              ) [ 0000000]
specfucore_ln37        (specfucore       ) [ 0000000]
tmp_50                 (partselect       ) [ 0000000]
zext_ln39_29           (zext             ) [ 0100011]
xm_161                 (mul              ) [ 0000000]
specfucore_ln37        (specfucore       ) [ 0000000]
tmp_51                 (partselect       ) [ 0000000]
zext_ln38_5            (zext             ) [ 0100011]
xm_163                 (mul              ) [ 0000000]
specfucore_ln37        (specfucore       ) [ 0000000]
tmp_52                 (partselect       ) [ 0000000]
zext_ln39_30           (zext             ) [ 0100011]
xm_165                 (mul              ) [ 0000000]
specfucore_ln37        (specfucore       ) [ 0000000]
tmp_53                 (partselect       ) [ 0000000]
zext_ln39_31           (zext             ) [ 0100011]
xm_167                 (mul              ) [ 0000000]
specfucore_ln37        (specfucore       ) [ 0000000]
tmp_54                 (partselect       ) [ 0000000]
zext_ln39_32           (zext             ) [ 0100011]
xm_169                 (mul              ) [ 0000000]
specfucore_ln37        (specfucore       ) [ 0000000]
tmp_55                 (partselect       ) [ 0000000]
zext_ln39_33           (zext             ) [ 0100011]
xm_171                 (mul              ) [ 0000000]
specfucore_ln37        (specfucore       ) [ 0000000]
tmp_56                 (partselect       ) [ 0000000]
zext_ln39_34           (zext             ) [ 0100011]
xm_173                 (mul              ) [ 0000000]
specfucore_ln37        (specfucore       ) [ 0000000]
tmp_57                 (partselect       ) [ 0000000]
zext_ln39_35           (zext             ) [ 0100011]
xm_175                 (mul              ) [ 0000000]
specfucore_ln37        (specfucore       ) [ 0000000]
tmp_58                 (partselect       ) [ 0000000]
zext_ln39_36           (zext             ) [ 0100011]
xm_162                 (mul              ) [ 0000000]
specfucore_ln37        (specfucore       ) [ 0000000]
tmp_59                 (partselect       ) [ 0000000]
zext_ln38_6            (zext             ) [ 0100011]
sA_0_addr              (getelementptr    ) [ 0100001]
xw                     (mul              ) [ 0100001]
specfucore_ln40        (specfucore       ) [ 0000000]
sB_0_addr              (getelementptr    ) [ 0100001]
sA_1_addr              (getelementptr    ) [ 0100001]
sB_1_addr              (getelementptr    ) [ 0100001]
sA_2_addr              (getelementptr    ) [ 0100001]
sB_2_addr              (getelementptr    ) [ 0100001]
sA_3_addr              (getelementptr    ) [ 0100001]
sB_3_addr              (getelementptr    ) [ 0100001]
sA_8_addr              (getelementptr    ) [ 0100001]
sB_8_addr              (getelementptr    ) [ 0100001]
sA_9_addr              (getelementptr    ) [ 0100001]
sB_9_addr              (getelementptr    ) [ 0100001]
sA_10_addr             (getelementptr    ) [ 0100001]
sB_10_addr             (getelementptr    ) [ 0100001]
sA_11_addr             (getelementptr    ) [ 0100001]
xw_164                 (mul              ) [ 0100001]
specfucore_ln40        (specfucore       ) [ 0000000]
xw_166                 (mul              ) [ 0100001]
specfucore_ln40        (specfucore       ) [ 0000000]
xw_168                 (mul              ) [ 0100001]
specfucore_ln40        (specfucore       ) [ 0000000]
xw_170                 (mul              ) [ 0100001]
specfucore_ln40        (specfucore       ) [ 0000000]
xw_172                 (mul              ) [ 0100001]
specfucore_ln40        (specfucore       ) [ 0000000]
xw_174                 (mul              ) [ 0100001]
specfucore_ln40        (specfucore       ) [ 0000000]
xw_161                 (mul              ) [ 0100001]
specfucore_ln40        (specfucore       ) [ 0000000]
sB_11_addr             (getelementptr    ) [ 0100001]
xw_163                 (mul              ) [ 0100001]
specfucore_ln40        (specfucore       ) [ 0000000]
xw_165                 (mul              ) [ 0100001]
specfucore_ln40        (specfucore       ) [ 0000000]
xw_167                 (mul              ) [ 0100001]
specfucore_ln40        (specfucore       ) [ 0000000]
xw_169                 (mul              ) [ 0100001]
specfucore_ln40        (specfucore       ) [ 0000000]
xw_171                 (mul              ) [ 0100001]
specfucore_ln40        (specfucore       ) [ 0000000]
xw_173                 (mul              ) [ 0100001]
specfucore_ln40        (specfucore       ) [ 0000000]
xw_175                 (mul              ) [ 0100001]
specfucore_ln40        (specfucore       ) [ 0000000]
xw_162                 (mul              ) [ 0100001]
specfucore_ln40        (specfucore       ) [ 0000000]
specpipeline_ln74      (specpipeline     ) [ 0000000]
speclooptripcount_ln73 (speclooptripcount) [ 0000000]
specloopname_ln73      (specloopname     ) [ 0000000]
uA                     (load             ) [ 0000000]
zext_ln83              (zext             ) [ 0000000]
rbegin4                (specregionbegin  ) [ 0000000]
rend94                 (specregionend    ) [ 0000000]
rbegin6                (specregionbegin  ) [ 0000000]
zext_ln40              (zext             ) [ 0000000]
rend92                 (specregionend    ) [ 0000000]
rbegin8                (specregionbegin  ) [ 0000000]
qq                     (mul              ) [ 0000000]
zext_ln42              (zext             ) [ 0000000]
specfucore_ln42        (specfucore       ) [ 0000000]
rend90                 (specregionend    ) [ 0000000]
r                      (sub              ) [ 0000000]
icmp_ln44              (icmp             ) [ 0000000]
add_ln44               (add              ) [ 0000000]
tA                     (select           ) [ 0000000]
trunc_ln83             (trunc            ) [ 0000000]
s                      (add              ) [ 0000000]
icmp_ln48              (icmp             ) [ 0000000]
trunc_ln48             (trunc            ) [ 0000000]
add_ln48               (add              ) [ 0000000]
select_ln48            (select           ) [ 0000000]
dA_0_addr              (getelementptr    ) [ 0000000]
icmp_ln52              (icmp             ) [ 0000000]
xor_ln52               (xor              ) [ 0000000]
add_ln52               (add              ) [ 0000000]
select_ln52            (select           ) [ 0000000]
sub_ln84               (sub              ) [ 0000000]
dA_4_addr              (getelementptr    ) [ 0000000]
dB_0_addr              (getelementptr    ) [ 0000000]
dB_4_addr              (getelementptr    ) [ 0000000]
dA_1_addr              (getelementptr    ) [ 0000000]
dA_5_addr              (getelementptr    ) [ 0000000]
dB_1_addr              (getelementptr    ) [ 0000000]
dB_5_addr              (getelementptr    ) [ 0000000]
dA_2_addr              (getelementptr    ) [ 0000000]
dA_6_addr              (getelementptr    ) [ 0000000]
dB_2_addr              (getelementptr    ) [ 0000000]
dB_6_addr              (getelementptr    ) [ 0000000]
dA_3_addr              (getelementptr    ) [ 0000000]
dA_7_addr              (getelementptr    ) [ 0000000]
dB_3_addr              (getelementptr    ) [ 0000000]
dB_7_addr              (getelementptr    ) [ 0000000]
dA_8_addr              (getelementptr    ) [ 0000000]
dA_12_addr             (getelementptr    ) [ 0000000]
dB_8_addr              (getelementptr    ) [ 0000000]
dB_12_addr             (getelementptr    ) [ 0000000]
dA_9_addr              (getelementptr    ) [ 0000000]
dA_13_addr             (getelementptr    ) [ 0000000]
dB_9_addr              (getelementptr    ) [ 0000000]
dB_13_addr             (getelementptr    ) [ 0000000]
dA_10_addr             (getelementptr    ) [ 0000000]
dA_14_addr             (getelementptr    ) [ 0000000]
dB_10_addr             (getelementptr    ) [ 0000000]
dB_14_addr             (getelementptr    ) [ 0000000]
uA_29                  (load             ) [ 0000000]
zext_ln52              (zext             ) [ 0000000]
add_ln52_80            (add              ) [ 0000000]
zext_ln40_31           (zext             ) [ 0000000]
qq_164                 (mul              ) [ 0000000]
zext_ln42_31           (zext             ) [ 0000000]
specfucore_ln42        (specfucore       ) [ 0000000]
r_164                  (sub              ) [ 0000000]
icmp_ln44_80           (icmp             ) [ 0000000]
add_ln44_80            (add              ) [ 0000000]
tA_29                  (select           ) [ 0000000]
trunc_ln48_106         (trunc            ) [ 0000000]
s_164                  (add              ) [ 0000000]
icmp_ln48_80           (icmp             ) [ 0000000]
trunc_ln48_107         (trunc            ) [ 0000000]
add_ln48_160           (add              ) [ 0000000]
select_ln48_80         (select           ) [ 0000000]
icmp_ln52_80           (icmp             ) [ 0000000]
xor_ln52_80            (xor              ) [ 0000000]
select_ln52_80         (select           ) [ 0000000]
sub_ln84_15            (sub              ) [ 0000000]
uA_30                  (load             ) [ 0000000]
zext_ln52_74           (zext             ) [ 0000000]
add_ln52_81            (add              ) [ 0000000]
zext_ln40_32           (zext             ) [ 0000000]
qq_166                 (mul              ) [ 0000000]
zext_ln42_32           (zext             ) [ 0000000]
specfucore_ln42        (specfucore       ) [ 0000000]
r_166                  (sub              ) [ 0000000]
icmp_ln44_81           (icmp             ) [ 0000000]
add_ln44_81            (add              ) [ 0000000]
tA_30                  (select           ) [ 0000000]
trunc_ln48_108         (trunc            ) [ 0000000]
s_166                  (add              ) [ 0000000]
icmp_ln48_81           (icmp             ) [ 0000000]
trunc_ln48_109         (trunc            ) [ 0000000]
add_ln48_162           (add              ) [ 0000000]
select_ln48_81         (select           ) [ 0000000]
icmp_ln52_81           (icmp             ) [ 0000000]
xor_ln52_81            (xor              ) [ 0000000]
select_ln52_81         (select           ) [ 0000000]
sub_ln84_16            (sub              ) [ 0000000]
uA_31                  (load             ) [ 0000000]
zext_ln52_75           (zext             ) [ 0000000]
add_ln52_82            (add              ) [ 0000000]
zext_ln40_33           (zext             ) [ 0000000]
qq_168                 (mul              ) [ 0000000]
zext_ln42_33           (zext             ) [ 0000000]
specfucore_ln42        (specfucore       ) [ 0000000]
r_168                  (sub              ) [ 0000000]
icmp_ln44_82           (icmp             ) [ 0000000]
add_ln44_82            (add              ) [ 0000000]
tA_31                  (select           ) [ 0000000]
trunc_ln48_110         (trunc            ) [ 0000000]
s_168                  (add              ) [ 0000000]
icmp_ln48_82           (icmp             ) [ 0000000]
trunc_ln48_111         (trunc            ) [ 0000000]
add_ln48_164           (add              ) [ 0000000]
select_ln48_82         (select           ) [ 0000000]
icmp_ln52_82           (icmp             ) [ 0000000]
xor_ln52_82            (xor              ) [ 0000000]
select_ln52_82         (select           ) [ 0000000]
sub_ln84_17            (sub              ) [ 0000000]
uA_32                  (load             ) [ 0000000]
zext_ln52_76           (zext             ) [ 0000000]
add_ln52_83            (add              ) [ 0000000]
zext_ln40_34           (zext             ) [ 0000000]
qq_170                 (mul              ) [ 0000000]
zext_ln42_34           (zext             ) [ 0000000]
specfucore_ln42        (specfucore       ) [ 0000000]
r_170                  (sub              ) [ 0000000]
icmp_ln44_83           (icmp             ) [ 0000000]
add_ln44_83            (add              ) [ 0000000]
tA_32                  (select           ) [ 0000000]
trunc_ln48_112         (trunc            ) [ 0000000]
s_170                  (add              ) [ 0000000]
icmp_ln48_83           (icmp             ) [ 0000000]
trunc_ln48_113         (trunc            ) [ 0000000]
add_ln48_166           (add              ) [ 0000000]
select_ln48_83         (select           ) [ 0000000]
icmp_ln52_83           (icmp             ) [ 0000000]
xor_ln52_83            (xor              ) [ 0000000]
select_ln52_83         (select           ) [ 0000000]
sub_ln84_18            (sub              ) [ 0000000]
uA_33                  (load             ) [ 0000000]
zext_ln52_77           (zext             ) [ 0000000]
add_ln52_84            (add              ) [ 0000000]
zext_ln40_35           (zext             ) [ 0000000]
qq_172                 (mul              ) [ 0000000]
zext_ln42_35           (zext             ) [ 0000000]
specfucore_ln42        (specfucore       ) [ 0000000]
r_172                  (sub              ) [ 0000000]
icmp_ln44_84           (icmp             ) [ 0000000]
add_ln44_84            (add              ) [ 0000000]
tA_33                  (select           ) [ 0000000]
trunc_ln48_114         (trunc            ) [ 0000000]
s_172                  (add              ) [ 0000000]
icmp_ln48_84           (icmp             ) [ 0000000]
trunc_ln48_115         (trunc            ) [ 0000000]
add_ln48_168           (add              ) [ 0000000]
select_ln48_84         (select           ) [ 0000000]
icmp_ln52_84           (icmp             ) [ 0000000]
xor_ln52_84            (xor              ) [ 0000000]
select_ln52_84         (select           ) [ 0000000]
sub_ln84_19            (sub              ) [ 0000000]
uA_34                  (load             ) [ 0000000]
zext_ln52_78           (zext             ) [ 0000000]
add_ln52_85            (add              ) [ 0000000]
zext_ln40_36           (zext             ) [ 0000000]
qq_174                 (mul              ) [ 0000000]
zext_ln42_36           (zext             ) [ 0000000]
specfucore_ln42        (specfucore       ) [ 0000000]
r_174                  (sub              ) [ 0000000]
icmp_ln44_85           (icmp             ) [ 0000000]
add_ln44_85            (add              ) [ 0000000]
tA_34                  (select           ) [ 0000000]
trunc_ln48_116         (trunc            ) [ 0000000]
s_174                  (add              ) [ 0000000]
icmp_ln48_85           (icmp             ) [ 0000000]
trunc_ln48_117         (trunc            ) [ 0000000]
add_ln48_170           (add              ) [ 0000000]
select_ln48_85         (select           ) [ 0000000]
icmp_ln52_85           (icmp             ) [ 0000000]
xor_ln52_85            (xor              ) [ 0000000]
select_ln52_85         (select           ) [ 0000000]
sub_ln84_20            (sub              ) [ 0000000]
uA_35                  (load             ) [ 0000000]
zext_ln83_3            (zext             ) [ 0000000]
rbegin9                (specregionbegin  ) [ 0000000]
rend10                 (specregionend    ) [ 0000000]
rbegin7                (specregionbegin  ) [ 0000000]
zext_ln40_37           (zext             ) [ 0000000]
rend8                  (specregionend    ) [ 0000000]
rbegin5                (specregionbegin  ) [ 0000000]
qq_161                 (mul              ) [ 0000000]
zext_ln42_37           (zext             ) [ 0000000]
specfucore_ln42        (specfucore       ) [ 0000000]
rend6                  (specregionend    ) [ 0000000]
r_161                  (sub              ) [ 0000000]
icmp_ln44_86           (icmp             ) [ 0000000]
add_ln44_86            (add              ) [ 0000000]
tA_28                  (select           ) [ 0000000]
trunc_ln83_3           (trunc            ) [ 0000000]
s_161                  (add              ) [ 0000000]
icmp_ln48_86           (icmp             ) [ 0000000]
trunc_ln48_118         (trunc            ) [ 0000000]
add_ln48_172           (add              ) [ 0000000]
select_ln48_86         (select           ) [ 0000000]
dA_11_addr             (getelementptr    ) [ 0000000]
icmp_ln52_86           (icmp             ) [ 0000000]
xor_ln52_86            (xor              ) [ 0000000]
add_ln52_86            (add              ) [ 0000000]
select_ln52_86         (select           ) [ 0000000]
sub_ln84_21            (sub              ) [ 0000000]
dA_15_addr             (getelementptr    ) [ 0000000]
store_ln84             (store            ) [ 0000000]
store_ln84             (store            ) [ 0000000]
store_ln84             (store            ) [ 0000000]
store_ln84             (store            ) [ 0000000]
store_ln84             (store            ) [ 0000000]
store_ln84             (store            ) [ 0000000]
store_ln84             (store            ) [ 0000000]
store_ln84             (store            ) [ 0000000]
store_ln84             (store            ) [ 0000000]
store_ln84             (store            ) [ 0000000]
store_ln84             (store            ) [ 0000000]
store_ln84             (store            ) [ 0000000]
store_ln84             (store            ) [ 0000000]
store_ln84             (store            ) [ 0000000]
store_ln84             (store            ) [ 0000000]
store_ln84             (store            ) [ 0000000]
uB                     (load             ) [ 0000000]
zext_ln52_79           (zext             ) [ 0000000]
add_ln52_87            (add              ) [ 0000000]
zext_ln40_38           (zext             ) [ 0000000]
qq_163                 (mul              ) [ 0000000]
zext_ln42_38           (zext             ) [ 0000000]
specfucore_ln42        (specfucore       ) [ 0000000]
r_163                  (sub              ) [ 0000000]
icmp_ln44_87           (icmp             ) [ 0000000]
add_ln44_87            (add              ) [ 0000000]
tB_28                  (select           ) [ 0000000]
trunc_ln48_119         (trunc            ) [ 0000000]
s_163                  (add              ) [ 0000000]
icmp_ln48_87           (icmp             ) [ 0000000]
trunc_ln48_120         (trunc            ) [ 0000000]
add_ln48_174           (add              ) [ 0000000]
select_ln48_87         (select           ) [ 0000000]
icmp_ln52_87           (icmp             ) [ 0000000]
xor_ln52_87            (xor              ) [ 0000000]
select_ln52_87         (select           ) [ 0000000]
sub_ln86               (sub              ) [ 0000000]
uB_29                  (load             ) [ 0000000]
zext_ln52_80           (zext             ) [ 0000000]
add_ln52_88            (add              ) [ 0000000]
zext_ln40_39           (zext             ) [ 0000000]
qq_165                 (mul              ) [ 0000000]
zext_ln42_39           (zext             ) [ 0000000]
specfucore_ln42        (specfucore       ) [ 0000000]
r_165                  (sub              ) [ 0000000]
icmp_ln44_88           (icmp             ) [ 0000000]
add_ln44_88            (add              ) [ 0000000]
tB_29                  (select           ) [ 0000000]
trunc_ln48_121         (trunc            ) [ 0000000]
s_165                  (add              ) [ 0000000]
icmp_ln48_88           (icmp             ) [ 0000000]
trunc_ln48_122         (trunc            ) [ 0000000]
add_ln48_176           (add              ) [ 0000000]
select_ln48_88         (select           ) [ 0000000]
icmp_ln52_88           (icmp             ) [ 0000000]
xor_ln52_88            (xor              ) [ 0000000]
select_ln52_88         (select           ) [ 0000000]
sub_ln86_15            (sub              ) [ 0000000]
uB_30                  (load             ) [ 0000000]
zext_ln52_81           (zext             ) [ 0000000]
add_ln52_89            (add              ) [ 0000000]
zext_ln40_40           (zext             ) [ 0000000]
qq_167                 (mul              ) [ 0000000]
zext_ln42_40           (zext             ) [ 0000000]
specfucore_ln42        (specfucore       ) [ 0000000]
r_167                  (sub              ) [ 0000000]
icmp_ln44_89           (icmp             ) [ 0000000]
add_ln44_89            (add              ) [ 0000000]
tB_30                  (select           ) [ 0000000]
trunc_ln48_123         (trunc            ) [ 0000000]
s_167                  (add              ) [ 0000000]
icmp_ln48_89           (icmp             ) [ 0000000]
trunc_ln48_124         (trunc            ) [ 0000000]
add_ln48_178           (add              ) [ 0000000]
select_ln48_89         (select           ) [ 0000000]
icmp_ln52_89           (icmp             ) [ 0000000]
xor_ln52_89            (xor              ) [ 0000000]
select_ln52_89         (select           ) [ 0000000]
sub_ln86_16            (sub              ) [ 0000000]
uB_31                  (load             ) [ 0000000]
zext_ln52_82           (zext             ) [ 0000000]
add_ln52_90            (add              ) [ 0000000]
zext_ln40_41           (zext             ) [ 0000000]
qq_169                 (mul              ) [ 0000000]
zext_ln42_41           (zext             ) [ 0000000]
specfucore_ln42        (specfucore       ) [ 0000000]
r_169                  (sub              ) [ 0000000]
icmp_ln44_90           (icmp             ) [ 0000000]
add_ln44_90            (add              ) [ 0000000]
tB_31                  (select           ) [ 0000000]
trunc_ln48_125         (trunc            ) [ 0000000]
s_169                  (add              ) [ 0000000]
icmp_ln48_90           (icmp             ) [ 0000000]
trunc_ln48_126         (trunc            ) [ 0000000]
add_ln48_180           (add              ) [ 0000000]
select_ln48_90         (select           ) [ 0000000]
icmp_ln52_90           (icmp             ) [ 0000000]
xor_ln52_90            (xor              ) [ 0000000]
select_ln52_90         (select           ) [ 0000000]
sub_ln86_17            (sub              ) [ 0000000]
uB_32                  (load             ) [ 0000000]
zext_ln52_83           (zext             ) [ 0000000]
add_ln52_91            (add              ) [ 0000000]
zext_ln40_42           (zext             ) [ 0000000]
qq_171                 (mul              ) [ 0000000]
zext_ln42_42           (zext             ) [ 0000000]
specfucore_ln42        (specfucore       ) [ 0000000]
r_171                  (sub              ) [ 0000000]
icmp_ln44_91           (icmp             ) [ 0000000]
add_ln44_91            (add              ) [ 0000000]
tB_32                  (select           ) [ 0000000]
trunc_ln48_127         (trunc            ) [ 0000000]
s_171                  (add              ) [ 0000000]
icmp_ln48_91           (icmp             ) [ 0000000]
trunc_ln48_128         (trunc            ) [ 0000000]
add_ln48_182           (add              ) [ 0000000]
select_ln48_91         (select           ) [ 0000000]
icmp_ln52_91           (icmp             ) [ 0000000]
xor_ln52_91            (xor              ) [ 0000000]
select_ln52_91         (select           ) [ 0000000]
sub_ln86_18            (sub              ) [ 0000000]
uB_33                  (load             ) [ 0000000]
zext_ln52_84           (zext             ) [ 0000000]
add_ln52_92            (add              ) [ 0000000]
zext_ln40_43           (zext             ) [ 0000000]
qq_173                 (mul              ) [ 0000000]
zext_ln42_43           (zext             ) [ 0000000]
specfucore_ln42        (specfucore       ) [ 0000000]
r_173                  (sub              ) [ 0000000]
icmp_ln44_92           (icmp             ) [ 0000000]
add_ln44_92            (add              ) [ 0000000]
tB_33                  (select           ) [ 0000000]
trunc_ln48_129         (trunc            ) [ 0000000]
s_173                  (add              ) [ 0000000]
icmp_ln48_92           (icmp             ) [ 0000000]
trunc_ln48_130         (trunc            ) [ 0000000]
add_ln48_184           (add              ) [ 0000000]
select_ln48_92         (select           ) [ 0000000]
icmp_ln52_92           (icmp             ) [ 0000000]
xor_ln52_92            (xor              ) [ 0000000]
select_ln52_92         (select           ) [ 0000000]
sub_ln86_19            (sub              ) [ 0000000]
uB_34                  (load             ) [ 0000000]
zext_ln52_85           (zext             ) [ 0000000]
add_ln52_93            (add              ) [ 0000000]
zext_ln40_44           (zext             ) [ 0000000]
qq_175                 (mul              ) [ 0000000]
zext_ln42_44           (zext             ) [ 0000000]
specfucore_ln42        (specfucore       ) [ 0000000]
r_175                  (sub              ) [ 0000000]
icmp_ln44_93           (icmp             ) [ 0000000]
add_ln44_93            (add              ) [ 0000000]
tB_34                  (select           ) [ 0000000]
trunc_ln48_131         (trunc            ) [ 0000000]
s_175                  (add              ) [ 0000000]
icmp_ln48_93           (icmp             ) [ 0000000]
trunc_ln48_132         (trunc            ) [ 0000000]
add_ln48_186           (add              ) [ 0000000]
select_ln48_93         (select           ) [ 0000000]
icmp_ln52_93           (icmp             ) [ 0000000]
xor_ln52_93            (xor              ) [ 0000000]
select_ln52_93         (select           ) [ 0000000]
sub_ln86_20            (sub              ) [ 0000000]
uB_35                  (load             ) [ 0000000]
zext_ln85              (zext             ) [ 0000000]
rbegin3                (specregionbegin  ) [ 0000000]
rend4                  (specregionend    ) [ 0000000]
rbegin1                (specregionbegin  ) [ 0000000]
zext_ln40_45           (zext             ) [ 0000000]
rend2                  (specregionend    ) [ 0000000]
rbegin                 (specregionbegin  ) [ 0000000]
qq_162                 (mul              ) [ 0000000]
zext_ln42_45           (zext             ) [ 0000000]
specfucore_ln42        (specfucore       ) [ 0000000]
rend                   (specregionend    ) [ 0000000]
r_162                  (sub              ) [ 0000000]
icmp_ln44_94           (icmp             ) [ 0000000]
add_ln44_94            (add              ) [ 0000000]
tB                     (select           ) [ 0000000]
trunc_ln85             (trunc            ) [ 0000000]
s_162                  (add              ) [ 0000000]
icmp_ln48_94           (icmp             ) [ 0000000]
trunc_ln48_133         (trunc            ) [ 0000000]
add_ln48_188           (add              ) [ 0000000]
select_ln48_94         (select           ) [ 0000000]
dB_11_addr             (getelementptr    ) [ 0000000]
icmp_ln52_94           (icmp             ) [ 0000000]
xor_ln52_94            (xor              ) [ 0000000]
add_ln52_94            (add              ) [ 0000000]
select_ln52_94         (select           ) [ 0000000]
sub_ln86_21            (sub              ) [ 0000000]
dB_15_addr             (getelementptr    ) [ 0000000]
store_ln86             (store            ) [ 0000000]
store_ln86             (store            ) [ 0000000]
store_ln86             (store            ) [ 0000000]
store_ln86             (store            ) [ 0000000]
store_ln86             (store            ) [ 0000000]
store_ln86             (store            ) [ 0000000]
store_ln86             (store            ) [ 0000000]
store_ln86             (store            ) [ 0000000]
store_ln86             (store            ) [ 0000000]
store_ln86             (store            ) [ 0000000]
store_ln86             (store            ) [ 0000000]
store_ln86             (store            ) [ 0000000]
store_ln86             (store            ) [ 0000000]
store_ln86             (store            ) [ 0000000]
store_ln86             (store            ) [ 0000000]
store_ln86             (store            ) [ 0000000]
br_ln73                (br               ) [ 0000000]
ret_ln89               (ret              ) [ 0000000]
</LifeTime>

<model>

<comp_list>
<comp id="0" class="1000" name="sA_0">
<pin_list>
<pin id="1" dir="1" index="0" bw="1" slack="0"/>
</pin_list>
<bind>
<StgValue><ssdm name="sA_0"/><MemPortTyVec>1 3 </MemPortTyVec>
</StgValue>
</bind>
</comp>

<comp id="2" class="1000" name="sA_1">
<pin_list>
<pin id="3" dir="1" index="0" bw="1" slack="0"/>
</pin_list>
<bind>
<StgValue><ssdm name="sA_1"/><MemPortTyVec>1 3 </MemPortTyVec>
</StgValue>
</bind>
</comp>

<comp id="4" class="1000" name="sA_2">
<pin_list>
<pin id="5" dir="1" index="0" bw="1" slack="0"/>
</pin_list>
<bind>
<StgValue><ssdm name="sA_2"/><MemPortTyVec>1 3 </MemPortTyVec>
</StgValue>
</bind>
</comp>

<comp id="6" class="1000" name="sA_3">
<pin_list>
<pin id="7" dir="1" index="0" bw="1" slack="0"/>
</pin_list>
<bind>
<StgValue><ssdm name="sA_3"/><MemPortTyVec>1 3 </MemPortTyVec>
</StgValue>
</bind>
</comp>

<comp id="8" class="1000" name="sA_4">
<pin_list>
<pin id="9" dir="1" index="0" bw="1" slack="0"/>
</pin_list>
<bind>
<StgValue><ssdm name="sA_4"/><MemPortTyVec>1 3 </MemPortTyVec>
</StgValue>
</bind>
</comp>

<comp id="10" class="1000" name="sA_5">
<pin_list>
<pin id="11" dir="1" index="0" bw="1" slack="0"/>
</pin_list>
<bind>
<StgValue><ssdm name="sA_5"/><MemPortTyVec>1 3 </MemPortTyVec>
</StgValue>
</bind>
</comp>

<comp id="12" class="1000" name="sA_6">
<pin_list>
<pin id="13" dir="1" index="0" bw="1" slack="0"/>
</pin_list>
<bind>
<StgValue><ssdm name="sA_6"/><MemPortTyVec>1 3 </MemPortTyVec>
</StgValue>
</bind>
</comp>

<comp id="14" class="1000" name="sA_7">
<pin_list>
<pin id="15" dir="1" index="0" bw="1" slack="0"/>
</pin_list>
<bind>
<StgValue><ssdm name="sA_7"/><MemPortTyVec>1 3 </MemPortTyVec>
</StgValue>
</bind>
</comp>

<comp id="16" class="1000" name="sA_8">
<pin_list>
<pin id="17" dir="1" index="0" bw="1" slack="0"/>
</pin_list>
<bind>
<StgValue><ssdm name="sA_8"/><MemPortTyVec>1 3 </MemPortTyVec>
</StgValue>
</bind>
</comp>

<comp id="18" class="1000" name="sA_9">
<pin_list>
<pin id="19" dir="1" index="0" bw="1" slack="0"/>
</pin_list>
<bind>
<StgValue><ssdm name="sA_9"/><MemPortTyVec>1 3 </MemPortTyVec>
</StgValue>
</bind>
</comp>

<comp id="20" class="1000" name="sA_10">
<pin_list>
<pin id="21" dir="1" index="0" bw="1" slack="0"/>
</pin_list>
<bind>
<StgValue><ssdm name="sA_10"/><MemPortTyVec>1 3 </MemPortTyVec>
</StgValue>
</bind>
</comp>

<comp id="22" class="1000" name="sA_11">
<pin_list>
<pin id="23" dir="1" index="0" bw="1" slack="0"/>
</pin_list>
<bind>
<StgValue><ssdm name="sA_11"/><MemPortTyVec>1 3 </MemPortTyVec>
</StgValue>
</bind>
</comp>

<comp id="24" class="1000" name="sA_12">
<pin_list>
<pin id="25" dir="1" index="0" bw="1" slack="0"/>
</pin_list>
<bind>
<StgValue><ssdm name="sA_12"/><MemPortTyVec>1 3 </MemPortTyVec>
</StgValue>
</bind>
</comp>

<comp id="26" class="1000" name="sA_13">
<pin_list>
<pin id="27" dir="1" index="0" bw="1" slack="0"/>
</pin_list>
<bind>
<StgValue><ssdm name="sA_13"/><MemPortTyVec>1 3 </MemPortTyVec>
</StgValue>
</bind>
</comp>

<comp id="28" class="1000" name="sA_14">
<pin_list>
<pin id="29" dir="1" index="0" bw="1" slack="0"/>
</pin_list>
<bind>
<StgValue><ssdm name="sA_14"/><MemPortTyVec>1 3 </MemPortTyVec>
</StgValue>
</bind>
</comp>

<comp id="30" class="1000" name="sA_15">
<pin_list>
<pin id="31" dir="1" index="0" bw="1" slack="0"/>
</pin_list>
<bind>
<StgValue><ssdm name="sA_15"/><MemPortTyVec>1 3 </MemPortTyVec>
</StgValue>
</bind>
</comp>

<comp id="32" class="1000" name="dA_0">
<pin_list>
<pin id="33" dir="1" index="0" bw="1" slack="0"/>
</pin_list>
<bind>
<StgValue><ssdm name="dA_0"/><MemPortTyVec>0 3 </MemPortTyVec>
</StgValue>
</bind>
</comp>

<comp id="34" class="1000" name="dA_1">
<pin_list>
<pin id="35" dir="1" index="0" bw="1" slack="0"/>
</pin_list>
<bind>
<StgValue><ssdm name="dA_1"/><MemPortTyVec>0 3 </MemPortTyVec>
</StgValue>
</bind>
</comp>

<comp id="36" class="1000" name="dA_2">
<pin_list>
<pin id="37" dir="1" index="0" bw="1" slack="0"/>
</pin_list>
<bind>
<StgValue><ssdm name="dA_2"/><MemPortTyVec>0 3 </MemPortTyVec>
</StgValue>
</bind>
</comp>

<comp id="38" class="1000" name="dA_3">
<pin_list>
<pin id="39" dir="1" index="0" bw="1" slack="0"/>
</pin_list>
<bind>
<StgValue><ssdm name="dA_3"/><MemPortTyVec>0 3 </MemPortTyVec>
</StgValue>
</bind>
</comp>

<comp id="40" class="1000" name="dA_4">
<pin_list>
<pin id="41" dir="1" index="0" bw="1" slack="0"/>
</pin_list>
<bind>
<StgValue><ssdm name="dA_4"/><MemPortTyVec>0 3 </MemPortTyVec>
</StgValue>
</bind>
</comp>

<comp id="42" class="1000" name="dA_5">
<pin_list>
<pin id="43" dir="1" index="0" bw="1" slack="0"/>
</pin_list>
<bind>
<StgValue><ssdm name="dA_5"/><MemPortTyVec>0 3 </MemPortTyVec>
</StgValue>
</bind>
</comp>

<comp id="44" class="1000" name="dA_6">
<pin_list>
<pin id="45" dir="1" index="0" bw="1" slack="0"/>
</pin_list>
<bind>
<StgValue><ssdm name="dA_6"/><MemPortTyVec>0 3 </MemPortTyVec>
</StgValue>
</bind>
</comp>

<comp id="46" class="1000" name="dA_7">
<pin_list>
<pin id="47" dir="1" index="0" bw="1" slack="0"/>
</pin_list>
<bind>
<StgValue><ssdm name="dA_7"/><MemPortTyVec>0 3 </MemPortTyVec>
</StgValue>
</bind>
</comp>

<comp id="48" class="1000" name="dA_8">
<pin_list>
<pin id="49" dir="1" index="0" bw="1" slack="0"/>
</pin_list>
<bind>
<StgValue><ssdm name="dA_8"/><MemPortTyVec>0 3 </MemPortTyVec>
</StgValue>
</bind>
</comp>

<comp id="50" class="1000" name="dA_9">
<pin_list>
<pin id="51" dir="1" index="0" bw="1" slack="0"/>
</pin_list>
<bind>
<StgValue><ssdm name="dA_9"/><MemPortTyVec>0 3 </MemPortTyVec>
</StgValue>
</bind>
</comp>

<comp id="52" class="1000" name="dA_10">
<pin_list>
<pin id="53" dir="1" index="0" bw="1" slack="0"/>
</pin_list>
<bind>
<StgValue><ssdm name="dA_10"/><MemPortTyVec>0 3 </MemPortTyVec>
</StgValue>
</bind>
</comp>

<comp id="54" class="1000" name="dA_11">
<pin_list>
<pin id="55" dir="1" index="0" bw="1" slack="0"/>
</pin_list>
<bind>
<StgValue><ssdm name="dA_11"/><MemPortTyVec>0 3 </MemPortTyVec>
</StgValue>
</bind>
</comp>

<comp id="56" class="1000" name="dA_12">
<pin_list>
<pin id="57" dir="1" index="0" bw="1" slack="0"/>
</pin_list>
<bind>
<StgValue><ssdm name="dA_12"/><MemPortTyVec>0 3 </MemPortTyVec>
</StgValue>
</bind>
</comp>

<comp id="58" class="1000" name="dA_13">
<pin_list>
<pin id="59" dir="1" index="0" bw="1" slack="0"/>
</pin_list>
<bind>
<StgValue><ssdm name="dA_13"/><MemPortTyVec>0 3 </MemPortTyVec>
</StgValue>
</bind>
</comp>

<comp id="60" class="1000" name="dA_14">
<pin_list>
<pin id="61" dir="1" index="0" bw="1" slack="0"/>
</pin_list>
<bind>
<StgValue><ssdm name="dA_14"/><MemPortTyVec>0 3 </MemPortTyVec>
</StgValue>
</bind>
</comp>

<comp id="62" class="1000" name="dA_15">
<pin_list>
<pin id="63" dir="1" index="0" bw="1" slack="0"/>
</pin_list>
<bind>
<StgValue><ssdm name="dA_15"/><MemPortTyVec>0 3 </MemPortTyVec>
</StgValue>
</bind>
</comp>

<comp id="64" class="1000" name="sB_0">
<pin_list>
<pin id="65" dir="1" index="0" bw="1" slack="0"/>
</pin_list>
<bind>
<StgValue><ssdm name="sB_0"/><MemPortTyVec>1 3 </MemPortTyVec>
</StgValue>
</bind>
</comp>

<comp id="66" class="1000" name="sB_1">
<pin_list>
<pin id="67" dir="1" index="0" bw="1" slack="0"/>
</pin_list>
<bind>
<StgValue><ssdm name="sB_1"/><MemPortTyVec>1 3 </MemPortTyVec>
</StgValue>
</bind>
</comp>

<comp id="68" class="1000" name="sB_2">
<pin_list>
<pin id="69" dir="1" index="0" bw="1" slack="0"/>
</pin_list>
<bind>
<StgValue><ssdm name="sB_2"/><MemPortTyVec>1 3 </MemPortTyVec>
</StgValue>
</bind>
</comp>

<comp id="70" class="1000" name="sB_3">
<pin_list>
<pin id="71" dir="1" index="0" bw="1" slack="0"/>
</pin_list>
<bind>
<StgValue><ssdm name="sB_3"/><MemPortTyVec>1 3 </MemPortTyVec>
</StgValue>
</bind>
</comp>

<comp id="72" class="1000" name="sB_4">
<pin_list>
<pin id="73" dir="1" index="0" bw="1" slack="0"/>
</pin_list>
<bind>
<StgValue><ssdm name="sB_4"/><MemPortTyVec>1 3 </MemPortTyVec>
</StgValue>
</bind>
</comp>

<comp id="74" class="1000" name="sB_5">
<pin_list>
<pin id="75" dir="1" index="0" bw="1" slack="0"/>
</pin_list>
<bind>
<StgValue><ssdm name="sB_5"/><MemPortTyVec>1 3 </MemPortTyVec>
</StgValue>
</bind>
</comp>

<comp id="76" class="1000" name="sB_6">
<pin_list>
<pin id="77" dir="1" index="0" bw="1" slack="0"/>
</pin_list>
<bind>
<StgValue><ssdm name="sB_6"/><MemPortTyVec>1 3 </MemPortTyVec>
</StgValue>
</bind>
</comp>

<comp id="78" class="1000" name="sB_7">
<pin_list>
<pin id="79" dir="1" index="0" bw="1" slack="0"/>
</pin_list>
<bind>
<StgValue><ssdm name="sB_7"/><MemPortTyVec>1 3 </MemPortTyVec>
</StgValue>
</bind>
</comp>

<comp id="80" class="1000" name="sB_8">
<pin_list>
<pin id="81" dir="1" index="0" bw="1" slack="0"/>
</pin_list>
<bind>
<StgValue><ssdm name="sB_8"/><MemPortTyVec>1 3 </MemPortTyVec>
</StgValue>
</bind>
</comp>

<comp id="82" class="1000" name="sB_9">
<pin_list>
<pin id="83" dir="1" index="0" bw="1" slack="0"/>
</pin_list>
<bind>
<StgValue><ssdm name="sB_9"/><MemPortTyVec>1 3 </MemPortTyVec>
</StgValue>
</bind>
</comp>

<comp id="84" class="1000" name="sB_10">
<pin_list>
<pin id="85" dir="1" index="0" bw="1" slack="0"/>
</pin_list>
<bind>
<StgValue><ssdm name="sB_10"/><MemPortTyVec>1 3 </MemPortTyVec>
</StgValue>
</bind>
</comp>

<comp id="86" class="1000" name="sB_11">
<pin_list>
<pin id="87" dir="1" index="0" bw="1" slack="0"/>
</pin_list>
<bind>
<StgValue><ssdm name="sB_11"/><MemPortTyVec>1 3 </MemPortTyVec>
</StgValue>
</bind>
</comp>

<comp id="88" class="1000" name="sB_12">
<pin_list>
<pin id="89" dir="1" index="0" bw="1" slack="0"/>
</pin_list>
<bind>
<StgValue><ssdm name="sB_12"/><MemPortTyVec>1 3 </MemPortTyVec>
</StgValue>
</bind>
</comp>

<comp id="90" class="1000" name="sB_13">
<pin_list>
<pin id="91" dir="1" index="0" bw="1" slack="0"/>
</pin_list>
<bind>
<StgValue><ssdm name="sB_13"/><MemPortTyVec>1 3 </MemPortTyVec>
</StgValue>
</bind>
</comp>

<comp id="92" class="1000" name="sB_14">
<pin_list>
<pin id="93" dir="1" index="0" bw="1" slack="0"/>
</pin_list>
<bind>
<StgValue><ssdm name="sB_14"/><MemPortTyVec>1 3 </MemPortTyVec>
</StgValue>
</bind>
</comp>

<comp id="94" class="1000" name="sB_15">
<pin_list>
<pin id="95" dir="1" index="0" bw="1" slack="0"/>
</pin_list>
<bind>
<StgValue><ssdm name="sB_15"/><MemPortTyVec>1 3 </MemPortTyVec>
</StgValue>
</bind>
</comp>

<comp id="96" class="1000" name="dB_0">
<pin_list>
<pin id="97" dir="1" index="0" bw="1" slack="0"/>
</pin_list>
<bind>
<StgValue><ssdm name="dB_0"/><MemPortTyVec>0 3 </MemPortTyVec>
</StgValue>
</bind>
</comp>

<comp id="98" class="1000" name="dB_1">
<pin_list>
<pin id="99" dir="1" index="0" bw="1" slack="0"/>
</pin_list>
<bind>
<StgValue><ssdm name="dB_1"/><MemPortTyVec>0 3 </MemPortTyVec>
</StgValue>
</bind>
</comp>

<comp id="100" class="1000" name="dB_2">
<pin_list>
<pin id="101" dir="1" index="0" bw="1" slack="0"/>
</pin_list>
<bind>
<StgValue><ssdm name="dB_2"/><MemPortTyVec>0 3 </MemPortTyVec>
</StgValue>
</bind>
</comp>

<comp id="102" class="1000" name="dB_3">
<pin_list>
<pin id="103" dir="1" index="0" bw="1" slack="0"/>
</pin_list>
<bind>
<StgValue><ssdm name="dB_3"/><MemPortTyVec>0 3 </MemPortTyVec>
</StgValue>
</bind>
</comp>

<comp id="104" class="1000" name="dB_4">
<pin_list>
<pin id="105" dir="1" index="0" bw="1" slack="0"/>
</pin_list>
<bind>
<StgValue><ssdm name="dB_4"/><MemPortTyVec>0 3 </MemPortTyVec>
</StgValue>
</bind>
</comp>

<comp id="106" class="1000" name="dB_5">
<pin_list>
<pin id="107" dir="1" index="0" bw="1" slack="0"/>
</pin_list>
<bind>
<StgValue><ssdm name="dB_5"/><MemPortTyVec>0 3 </MemPortTyVec>
</StgValue>
</bind>
</comp>

<comp id="108" class="1000" name="dB_6">
<pin_list>
<pin id="109" dir="1" index="0" bw="1" slack="0"/>
</pin_list>
<bind>
<StgValue><ssdm name="dB_6"/><MemPortTyVec>0 3 </MemPortTyVec>
</StgValue>
</bind>
</comp>

<comp id="110" class="1000" name="dB_7">
<pin_list>
<pin id="111" dir="1" index="0" bw="1" slack="0"/>
</pin_list>
<bind>
<StgValue><ssdm name="dB_7"/><MemPortTyVec>0 3 </MemPortTyVec>
</StgValue>
</bind>
</comp>

<comp id="112" class="1000" name="dB_8">
<pin_list>
<pin id="113" dir="1" index="0" bw="1" slack="0"/>
</pin_list>
<bind>
<StgValue><ssdm name="dB_8"/><MemPortTyVec>0 3 </MemPortTyVec>
</StgValue>
</bind>
</comp>

<comp id="114" class="1000" name="dB_9">
<pin_list>
<pin id="115" dir="1" index="0" bw="1" slack="0"/>
</pin_list>
<bind>
<StgValue><ssdm name="dB_9"/><MemPortTyVec>0 3 </MemPortTyVec>
</StgValue>
</bind>
</comp>

<comp id="116" class="1000" name="dB_10">
<pin_list>
<pin id="117" dir="1" index="0" bw="1" slack="0"/>
</pin_list>
<bind>
<StgValue><ssdm name="dB_10"/><MemPortTyVec>0 3 </MemPortTyVec>
</StgValue>
</bind>
</comp>

<comp id="118" class="1000" name="dB_11">
<pin_list>
<pin id="119" dir="1" index="0" bw="1" slack="0"/>
</pin_list>
<bind>
<StgValue><ssdm name="dB_11"/><MemPortTyVec>0 3 </MemPortTyVec>
</StgValue>
</bind>
</comp>

<comp id="120" class="1000" name="dB_12">
<pin_list>
<pin id="121" dir="1" index="0" bw="1" slack="0"/>
</pin_list>
<bind>
<StgValue><ssdm name="dB_12"/><MemPortTyVec>0 3 </MemPortTyVec>
</StgValue>
</bind>
</comp>

<comp id="122" class="1000" name="dB_13">
<pin_list>
<pin id="123" dir="1" index="0" bw="1" slack="0"/>
</pin_list>
<bind>
<StgValue><ssdm name="dB_13"/><MemPortTyVec>0 3 </MemPortTyVec>
</StgValue>
</bind>
</comp>

<comp id="124" class="1000" name="dB_14">
<pin_list>
<pin id="125" dir="1" index="0" bw="1" slack="0"/>
</pin_list>
<bind>
<StgValue><ssdm name="dB_14"/><MemPortTyVec>0 3 </MemPortTyVec>
</StgValue>
</bind>
</comp>

<comp id="126" class="1000" name="dB_15">
<pin_list>
<pin id="127" dir="1" index="0" bw="1" slack="0"/>
</pin_list>
<bind>
<StgValue><ssdm name="dB_15"/><MemPortTyVec>0 3 </MemPortTyVec>
</StgValue>
</bind>
</comp>

<comp id="128" class="1000" name="p_ZL5FWD_W_0_5">
<pin_list>
<pin id="129" dir="1" index="0" bw="1" slack="0"/>
</pin_list>
<bind>
<StgValue><ssdm name="p_ZL5FWD_W_0_5"/><MemPortTyVec>1 1 </MemPortTyVec>
</StgValue>
</bind>
</comp>

<comp id="130" class="1000" name="p_ZL6FWD_MW_0_5">
<pin_list>
<pin id="131" dir="1" index="0" bw="1" slack="0"/>
</pin_list>
<bind>
<StgValue><ssdm name="p_ZL6FWD_MW_0_5"/><MemPortTyVec>1 1 </MemPortTyVec>
</StgValue>
</bind>
</comp>

<comp id="132" class="1000" name="p_ZL5FWD_W_1_5">
<pin_list>
<pin id="133" dir="1" index="0" bw="1" slack="0"/>
</pin_list>
<bind>
<StgValue><ssdm name="p_ZL5FWD_W_1_5"/><MemPortTyVec>1 1 </MemPortTyVec>
</StgValue>
</bind>
</comp>

<comp id="134" class="1000" name="p_ZL6FWD_MW_1_5">
<pin_list>
<pin id="135" dir="1" index="0" bw="1" slack="0"/>
</pin_list>
<bind>
<StgValue><ssdm name="p_ZL6FWD_MW_1_5"/><MemPortTyVec>1 1 </MemPortTyVec>
</StgValue>
</bind>
</comp>

<comp id="136" class="1000" name="p_ZL5FWD_W_2_5">
<pin_list>
<pin id="137" dir="1" index="0" bw="1" slack="0"/>
</pin_list>
<bind>
<StgValue><ssdm name="p_ZL5FWD_W_2_5"/><MemPortTyVec>1 1 </MemPortTyVec>
</StgValue>
</bind>
</comp>

<comp id="138" class="1000" name="p_ZL6FWD_MW_2_5">
<pin_list>
<pin id="139" dir="1" index="0" bw="1" slack="0"/>
</pin_list>
<bind>
<StgValue><ssdm name="p_ZL6FWD_MW_2_5"/><MemPortTyVec>1 1 </MemPortTyVec>
</StgValue>
</bind>
</comp>

<comp id="140" class="1000" name="p_ZL5FWD_W_3_5">
<pin_list>
<pin id="141" dir="1" index="0" bw="1" slack="0"/>
</pin_list>
<bind>
<StgValue><ssdm name="p_ZL5FWD_W_3_5"/><MemPortTyVec>1 1 </MemPortTyVec>
</StgValue>
</bind>
</comp>

<comp id="142" class="1000" name="p_ZL6FWD_MW_3_5">
<pin_list>
<pin id="143" dir="1" index="0" bw="1" slack="0"/>
</pin_list>
<bind>
<StgValue><ssdm name="p_ZL6FWD_MW_3_5"/><MemPortTyVec>1 1 </MemPortTyVec>
</StgValue>
</bind>
</comp>

<comp id="144" class="1001" name="const_144">
<pin_list>
<pin id="145" dir="1" index="0" bw="1" slack="0"/>
</pin_list>
<bind>
<StgValue><ssdm name=""/></StgValue>
</bind>
</comp>

<comp id="146" class="1001" name="const_146">
<pin_list>
<pin id="147" dir="1" index="0" bw="1" slack="0"/>
</pin_list>
<bind>
<StgValue><ssdm name=""/></StgValue>
</bind>
</comp>

<comp id="148" class="1001" name="const_148">
<pin_list>
<pin id="149" dir="1" index="0" bw="1" slack="0"/>
</pin_list>
<bind>
<StgValue><ssdm name="_ssdm_op_BitSelect.i1.i8.i32"/></StgValue>
</bind>
</comp>

<comp id="150" class="1001" name="const_150">
<pin_list>
<pin id="151" dir="1" index="0" bw="1" slack="0"/>
</pin_list>
<bind>
<StgValue><ssdm name=""/></StgValue>
</bind>
</comp>

<comp id="152" class="1001" name="const_152">
<pin_list>
<pin id="153" dir="1" index="0" bw="1" slack="0"/>
</pin_list>
<bind>
<StgValue><ssdm name="_ssdm_op_PartSelect.i5.i8.i32.i32"/></StgValue>
</bind>
</comp>

<comp id="154" class="1001" name="const_154">
<pin_list>
<pin id="155" dir="1" index="0" bw="1" slack="0"/>
</pin_list>
<bind>
<StgValue><ssdm name=""/></StgValue>
</bind>
</comp>

<comp id="156" class="1001" name="const_156">
<pin_list>
<pin id="157" dir="1" index="0" bw="1" slack="0"/>
</pin_list>
<bind>
<StgValue><ssdm name=""/></StgValue>
</bind>
</comp>

<comp id="158" class="1001" name="const_158">
<pin_list>
<pin id="159" dir="1" index="0" bw="1" slack="0"/>
</pin_list>
<bind>
<StgValue><ssdm name="_ssdm_op_PartSelect.i4.i8.i32.i32"/></StgValue>
</bind>
</comp>

<comp id="160" class="1001" name="const_160">
<pin_list>
<pin id="161" dir="1" index="0" bw="1" slack="0"/>
</pin_list>
<bind>
<StgValue><ssdm name=""/></StgValue>
</bind>
</comp>

<comp id="162" class="1001" name="const_162">
<pin_list>
<pin id="163" dir="1" index="0" bw="1" slack="0"/>
</pin_list>
<bind>
<StgValue><ssdm name=""/></StgValue>
</bind>
</comp>

<comp id="164" class="1001" name="const_164">
<pin_list>
<pin id="165" dir="1" index="0" bw="1" slack="0"/>
</pin_list>
<bind>
<StgValue><ssdm name=""/></StgValue>
</bind>
</comp>

<comp id="166" class="1001" name="const_166">
<pin_list>
<pin id="167" dir="1" index="0" bw="1" slack="0"/>
</pin_list>
<bind>
<StgValue><ssdm name=""/></StgValue>
</bind>
</comp>

<comp id="168" class="1001" name="const_168">
<pin_list>
<pin id="169" dir="1" index="0" bw="1" slack="2147483647"/>
</pin_list>
<bind>
<StgValue><ssdm name="_ssdm_op_SpecFUCore"/></StgValue>
</bind>
</comp>

<comp id="170" class="1001" name="const_170">
<pin_list>
<pin id="171" dir="1" index="0" bw="1" slack="2147483647"/>
</pin_list>
<bind>
<StgValue><ssdm name=""/></StgValue>
</bind>
</comp>

<comp id="172" class="1001" name="const_172">
<pin_list>
<pin id="173" dir="1" index="0" bw="1" slack="2147483647"/>
</pin_list>
<bind>
<StgValue><ssdm name=""/></StgValue>
</bind>
</comp>

<comp id="174" class="1001" name="const_174">
<pin_list>
<pin id="175" dir="1" index="0" bw="1" slack="2147483647"/>
</pin_list>
<bind>
<StgValue><ssdm name=""/></StgValue>
</bind>
</comp>

<comp id="176" class="1001" name="const_176">
<pin_list>
<pin id="177" dir="1" index="0" bw="1" slack="0"/>
</pin_list>
<bind>
<StgValue><ssdm name="_ssdm_op_PartSelect.i12.i28.i32.i32"/></StgValue>
</bind>
</comp>

<comp id="178" class="1001" name="const_178">
<pin_list>
<pin id="179" dir="1" index="0" bw="1" slack="0"/>
</pin_list>
<bind>
<StgValue><ssdm name=""/></StgValue>
</bind>
</comp>

<comp id="180" class="1001" name="const_180">
<pin_list>
<pin id="181" dir="1" index="0" bw="1" slack="0"/>
</pin_list>
<bind>
<StgValue><ssdm name=""/></StgValue>
</bind>
</comp>

<comp id="182" class="1001" name="const_182">
<pin_list>
<pin id="183" dir="1" index="0" bw="1" slack="0"/>
</pin_list>
<bind>
<StgValue><ssdm name=""/></StgValue>
</bind>
</comp>

<comp id="184" class="1001" name="const_184">
<pin_list>
<pin id="185" dir="1" index="0" bw="1" slack="2147483647"/>
</pin_list>
<bind>
<StgValue><ssdm name="_ssdm_op_SpecPipeline"/></StgValue>
</bind>
</comp>

<comp id="186" class="1001" name="const_186">
<pin_list>
<pin id="187" dir="1" index="0" bw="1" slack="2147483647"/>
</pin_list>
<bind>
<StgValue><ssdm name=""/></StgValue>
</bind>
</comp>

<comp id="188" class="1001" name="const_188">
<pin_list>
<pin id="189" dir="1" index="0" bw="1" slack="2147483647"/>
</pin_list>
<bind>
<StgValue><ssdm name="empty_246"/></StgValue>
</bind>
</comp>

<comp id="190" class="1001" name="const_190">
<pin_list>
<pin id="191" dir="1" index="0" bw="1" slack="2147483647"/>
</pin_list>
<bind>
<StgValue><ssdm name="_ssdm_op_SpecLoopTripCount"/></StgValue>
</bind>
</comp>

<comp id="192" class="1001" name="const_192">
<pin_list>
<pin id="193" dir="1" index="0" bw="1" slack="2147483647"/>
</pin_list>
<bind>
<StgValue><ssdm name=""/></StgValue>
</bind>
</comp>

<comp id="194" class="1001" name="const_194">
<pin_list>
<pin id="195" dir="1" index="0" bw="1" slack="2147483647"/>
</pin_list>
<bind>
<StgValue><ssdm name="_ssdm_op_SpecLoopName"/></StgValue>
</bind>
</comp>

<comp id="196" class="1001" name="const_196">
<pin_list>
<pin id="197" dir="1" index="0" bw="1" slack="2147483647"/>
</pin_list>
<bind>
<StgValue><ssdm name="empty_176"/></StgValue>
</bind>
</comp>

<comp id="198" class="1001" name="const_198">
<pin_list>
<pin id="199" dir="1" index="0" bw="1" slack="2147483647"/>
</pin_list>
<bind>
<StgValue><ssdm name="_ssdm_op_SpecRegionBegin"/></StgValue>
</bind>
</comp>

<comp id="200" class="1001" name="const_200">
<pin_list>
<pin id="201" dir="1" index="0" bw="1" slack="2147483647"/>
</pin_list>
<bind>
<StgValue><ssdm name="empty_2"/></StgValue>
</bind>
</comp>

<comp id="202" class="1001" name="const_202">
<pin_list>
<pin id="203" dir="1" index="0" bw="1" slack="2147483647"/>
</pin_list>
<bind>
<StgValue><ssdm name="_ssdm_op_SpecRegionEnd"/></StgValue>
</bind>
</comp>

<comp id="204" class="1001" name="const_204">
<pin_list>
<pin id="205" dir="1" index="0" bw="1" slack="2147483647"/>
</pin_list>
<bind>
<StgValue><ssdm name="empty_1"/></StgValue>
</bind>
</comp>

<comp id="206" class="1001" name="const_206">
<pin_list>
<pin id="207" dir="1" index="0" bw="1" slack="2147483647"/>
</pin_list>
<bind>
<StgValue><ssdm name="empty_215"/></StgValue>
</bind>
</comp>

<comp id="208" class="1001" name="const_208">
<pin_list>
<pin id="209" dir="1" index="0" bw="1" slack="0"/>
</pin_list>
<bind>
<StgValue><ssdm name=""/></StgValue>
</bind>
</comp>

<comp id="210" class="1001" name="const_210">
<pin_list>
<pin id="211" dir="1" index="0" bw="1" slack="0"/>
</pin_list>
<bind>
<StgValue><ssdm name=""/></StgValue>
</bind>
</comp>

<comp id="212" class="1001" name="const_212">
<pin_list>
<pin id="213" dir="1" index="0" bw="1" slack="0"/>
</pin_list>
<bind>
<StgValue><ssdm name=""/></StgValue>
</bind>
</comp>

<comp id="214" class="1001" name="const_214">
<pin_list>
<pin id="215" dir="1" index="0" bw="1" slack="0"/>
</pin_list>
<bind>
<StgValue><ssdm name=""/></StgValue>
</bind>
</comp>

<comp id="216" class="1001" name="const_216">
<pin_list>
<pin id="217" dir="1" index="0" bw="1" slack="0"/>
</pin_list>
<bind>
<StgValue><ssdm name=""/></StgValue>
</bind>
</comp>

<comp id="218" class="1001" name="const_218">
<pin_list>
<pin id="219" dir="1" index="0" bw="1" slack="2147483647"/>
</pin_list>
<bind>
<StgValue><ssdm name="empty_6"/></StgValue>
</bind>
</comp>

<comp id="220" class="1001" name="const_220">
<pin_list>
<pin id="221" dir="1" index="0" bw="1" slack="2147483647"/>
</pin_list>
<bind>
<StgValue><ssdm name="empty_169"/></StgValue>
</bind>
</comp>

<comp id="222" class="1001" name="const_222">
<pin_list>
<pin id="223" dir="1" index="0" bw="1" slack="2147483647"/>
</pin_list>
<bind>
<StgValue><ssdm name="empty_4"/></StgValue>
</bind>
</comp>

<comp id="224" class="1001" name="const_224">
<pin_list>
<pin id="225" dir="1" index="0" bw="1" slack="2147483647"/>
</pin_list>
<bind>
<StgValue><ssdm name="empty_85"/></StgValue>
</bind>
</comp>

<comp id="226" class="1001" name="const_226">
<pin_list>
<pin id="227" dir="1" index="0" bw="1" slack="2147483647"/>
</pin_list>
<bind>
<StgValue><ssdm name="empty_86"/></StgValue>
</bind>
</comp>

<comp id="228" class="1001" name="const_228">
<pin_list>
<pin id="229" dir="1" index="0" bw="1" slack="2147483647"/>
</pin_list>
<bind>
<StgValue><ssdm name="empty_87"/></StgValue>
</bind>
</comp>

<comp id="230" class="1004" name="idx_fu_230">
<pin_list>
<pin id="231" dir="0" index="0" bw="1" slack="0"/>
<pin id="232" dir="1" index="1" bw="8" slack="0"/>
</pin_list>
<bind>
<opcode="alloca(26) " fcode="alloca"/>
<opset="idx/1 "/>
</bind>
</comp>

<comp id="234" class="1004" name="p_ZL5FWD_W_0_5_addr_gep_fu_234">
<pin_list>
<pin id="235" dir="0" index="0" bw="12" slack="0"/>
<pin id="236" dir="0" index="1" bw="1" slack="0"/>
<pin id="237" dir="0" index="2" bw="5" slack="0"/>
<pin id="238" dir="1" index="3" bw="5" slack="0"/>
</pin_list>
<bind>
<opcode="getelementptr(29) " fcode="getelementptr"/>
<opset="p_ZL5FWD_W_0_5_addr/1 "/>
</bind>
</comp>

<comp id="241" class="1004" name="grp_access_fu_241">
<pin_list>
<pin id="242" dir="0" index="0" bw="5" slack="0"/>
<pin id="243" dir="0" index="1" bw="12" slack="2147483647"/>
<pin id="244" dir="0" index="2" bw="0" slack="0"/>
<pin id="246" dir="0" index="4" bw="5" slack="2147483647"/>
<pin id="247" dir="0" index="5" bw="12" slack="2147483647"/>
<pin id="248" dir="0" index="6" bw="0" slack="2147483647"/>
<pin id="245" dir="1" index="3" bw="12" slack="1"/>
<pin id="249" dir="1" index="7" bw="12" slack="1"/>
</pin_list>
<bind>
<opcode="load(27) " fcode="load"/>
<opset="w/1 w_26/1 "/>
</bind>
</comp>

<comp id="251" class="1004" name="p_ZL6FWD_MW_0_5_addr_gep_fu_251">
<pin_list>
<pin id="252" dir="0" index="0" bw="16" slack="0"/>
<pin id="253" dir="0" index="1" bw="1" slack="0"/>
<pin id="254" dir="0" index="2" bw="5" slack="0"/>
<pin id="255" dir="1" index="3" bw="5" slack="0"/>
</pin_list>
<bind>
<opcode="getelementptr(29) " fcode="getelementptr"/>
<opset="p_ZL6FWD_MW_0_5_addr/1 "/>
</bind>
</comp>

<comp id="258" class="1004" name="grp_access_fu_258">
<pin_list>
<pin id="259" dir="0" index="0" bw="5" slack="0"/>
<pin id="260" dir="0" index="1" bw="16" slack="2147483647"/>
<pin id="261" dir="0" index="2" bw="0" slack="0"/>
<pin id="263" dir="0" index="4" bw="5" slack="2147483647"/>
<pin id="264" dir="0" index="5" bw="16" slack="2147483647"/>
<pin id="265" dir="0" index="6" bw="0" slack="2147483647"/>
<pin id="262" dir="1" index="3" bw="16" slack="0"/>
<pin id="266" dir="1" index="7" bw="16" slack="0"/>
</pin_list>
<bind>
<opcode="load(27) " fcode="load"/>
<opset="mw/1 mw_18/1 "/>
</bind>
</comp>

<comp id="268" class="1004" name="sA_4_addr_gep_fu_268">
<pin_list>
<pin id="269" dir="0" index="0" bw="12" slack="0"/>
<pin id="270" dir="0" index="1" bw="1" slack="0"/>
<pin id="271" dir="0" index="2" bw="4" slack="0"/>
<pin id="272" dir="1" index="3" bw="4" slack="0"/>
</pin_list>
<bind>
<opcode="getelementptr(29) " fcode="getelementptr"/>
<opset="sA_4_addr/1 "/>
</bind>
</comp>

<comp id="275" class="1004" name="grp_access_fu_275">
<pin_list>
<pin id="276" dir="0" index="0" bw="4" slack="0"/>
<pin id="277" dir="0" index="1" bw="12" slack="2147483647"/>
<pin id="278" dir="0" index="2" bw="0" slack="2147483647"/>
<pin id="279" dir="1" index="3" bw="12" slack="0"/>
</pin_list>
<bind>
<opcode="load(27) " fcode="load"/>
<opset="sA_4_load/1 "/>
</bind>
</comp>

<comp id="281" class="1004" name="sB_4_addr_gep_fu_281">
<pin_list>
<pin id="282" dir="0" index="0" bw="12" slack="0"/>
<pin id="283" dir="0" index="1" bw="1" slack="0"/>
<pin id="284" dir="0" index="2" bw="4" slack="0"/>
<pin id="285" dir="1" index="3" bw="4" slack="0"/>
</pin_list>
<bind>
<opcode="getelementptr(29) " fcode="getelementptr"/>
<opset="sB_4_addr/1 "/>
</bind>
</comp>

<comp id="288" class="1004" name="p_ZL5FWD_W_1_5_addr_gep_fu_288">
<pin_list>
<pin id="289" dir="0" index="0" bw="12" slack="0"/>
<pin id="290" dir="0" index="1" bw="1" slack="0"/>
<pin id="291" dir="0" index="2" bw="5" slack="0"/>
<pin id="292" dir="1" index="3" bw="5" slack="0"/>
</pin_list>
<bind>
<opcode="getelementptr(29) " fcode="getelementptr"/>
<opset="p_ZL5FWD_W_1_5_addr/1 "/>
</bind>
</comp>

<comp id="295" class="1004" name="grp_access_fu_295">
<pin_list>
<pin id="296" dir="0" index="0" bw="5" slack="0"/>
<pin id="297" dir="0" index="1" bw="12" slack="2147483647"/>
<pin id="298" dir="0" index="2" bw="0" slack="0"/>
<pin id="300" dir="0" index="4" bw="5" slack="2147483647"/>
<pin id="301" dir="0" index="5" bw="12" slack="2147483647"/>
<pin id="302" dir="0" index="6" bw="0" slack="2147483647"/>
<pin id="299" dir="1" index="3" bw="12" slack="1"/>
<pin id="303" dir="1" index="7" bw="12" slack="1"/>
</pin_list>
<bind>
<opcode="load(27) " fcode="load"/>
<opset="w_23/1 w_27/1 "/>
</bind>
</comp>

<comp id="305" class="1004" name="p_ZL6FWD_MW_1_5_addr_gep_fu_305">
<pin_list>
<pin id="306" dir="0" index="0" bw="16" slack="0"/>
<pin id="307" dir="0" index="1" bw="1" slack="0"/>
<pin id="308" dir="0" index="2" bw="5" slack="0"/>
<pin id="309" dir="1" index="3" bw="5" slack="0"/>
</pin_list>
<bind>
<opcode="getelementptr(29) " fcode="getelementptr"/>
<opset="p_ZL6FWD_MW_1_5_addr/1 "/>
</bind>
</comp>

<comp id="312" class="1004" name="grp_access_fu_312">
<pin_list>
<pin id="313" dir="0" index="0" bw="5" slack="0"/>
<pin id="314" dir="0" index="1" bw="16" slack="2147483647"/>
<pin id="315" dir="0" index="2" bw="0" slack="0"/>
<pin id="317" dir="0" index="4" bw="5" slack="2147483647"/>
<pin id="318" dir="0" index="5" bw="16" slack="2147483647"/>
<pin id="319" dir="0" index="6" bw="0" slack="2147483647"/>
<pin id="316" dir="1" index="3" bw="16" slack="0"/>
<pin id="320" dir="1" index="7" bw="16" slack="0"/>
</pin_list>
<bind>
<opcode="load(27) " fcode="load"/>
<opset="mw_15/1 mw_19/1 "/>
</bind>
</comp>

<comp id="322" class="1004" name="sA_5_addr_gep_fu_322">
<pin_list>
<pin id="323" dir="0" index="0" bw="12" slack="0"/>
<pin id="324" dir="0" index="1" bw="1" slack="0"/>
<pin id="325" dir="0" index="2" bw="4" slack="0"/>
<pin id="326" dir="1" index="3" bw="4" slack="0"/>
</pin_list>
<bind>
<opcode="getelementptr(29) " fcode="getelementptr"/>
<opset="sA_5_addr/1 "/>
</bind>
</comp>

<comp id="329" class="1004" name="sB_5_addr_gep_fu_329">
<pin_list>
<pin id="330" dir="0" index="0" bw="12" slack="0"/>
<pin id="331" dir="0" index="1" bw="1" slack="0"/>
<pin id="332" dir="0" index="2" bw="4" slack="0"/>
<pin id="333" dir="1" index="3" bw="4" slack="0"/>
</pin_list>
<bind>
<opcode="getelementptr(29) " fcode="getelementptr"/>
<opset="sB_5_addr/1 "/>
</bind>
</comp>

<comp id="336" class="1004" name="p_ZL5FWD_W_2_5_addr_gep_fu_336">
<pin_list>
<pin id="337" dir="0" index="0" bw="12" slack="0"/>
<pin id="338" dir="0" index="1" bw="1" slack="0"/>
<pin id="339" dir="0" index="2" bw="5" slack="0"/>
<pin id="340" dir="1" index="3" bw="5" slack="0"/>
</pin_list>
<bind>
<opcode="getelementptr(29) " fcode="getelementptr"/>
<opset="p_ZL5FWD_W_2_5_addr/1 "/>
</bind>
</comp>

<comp id="343" class="1004" name="grp_access_fu_343">
<pin_list>
<pin id="344" dir="0" index="0" bw="5" slack="0"/>
<pin id="345" dir="0" index="1" bw="12" slack="2147483647"/>
<pin id="346" dir="0" index="2" bw="0" slack="0"/>
<pin id="348" dir="0" index="4" bw="5" slack="2147483647"/>
<pin id="349" dir="0" index="5" bw="12" slack="2147483647"/>
<pin id="350" dir="0" index="6" bw="0" slack="2147483647"/>
<pin id="347" dir="1" index="3" bw="12" slack="1"/>
<pin id="351" dir="1" index="7" bw="12" slack="1"/>
</pin_list>
<bind>
<opcode="load(27) " fcode="load"/>
<opset="w_24/1 w_28/1 "/>
</bind>
</comp>

<comp id="353" class="1004" name="p_ZL6FWD_MW_2_5_addr_gep_fu_353">
<pin_list>
<pin id="354" dir="0" index="0" bw="16" slack="0"/>
<pin id="355" dir="0" index="1" bw="1" slack="0"/>
<pin id="356" dir="0" index="2" bw="5" slack="0"/>
<pin id="357" dir="1" index="3" bw="5" slack="0"/>
</pin_list>
<bind>
<opcode="getelementptr(29) " fcode="getelementptr"/>
<opset="p_ZL6FWD_MW_2_5_addr/1 "/>
</bind>
</comp>

<comp id="360" class="1004" name="grp_access_fu_360">
<pin_list>
<pin id="361" dir="0" index="0" bw="5" slack="0"/>
<pin id="362" dir="0" index="1" bw="16" slack="2147483647"/>
<pin id="363" dir="0" index="2" bw="0" slack="0"/>
<pin id="365" dir="0" index="4" bw="5" slack="2147483647"/>
<pin id="366" dir="0" index="5" bw="16" slack="2147483647"/>
<pin id="367" dir="0" index="6" bw="0" slack="2147483647"/>
<pin id="364" dir="1" index="3" bw="16" slack="0"/>
<pin id="368" dir="1" index="7" bw="16" slack="0"/>
</pin_list>
<bind>
<opcode="load(27) " fcode="load"/>
<opset="mw_16/1 mw_20/1 "/>
</bind>
</comp>

<comp id="370" class="1004" name="sA_6_addr_gep_fu_370">
<pin_list>
<pin id="371" dir="0" index="0" bw="12" slack="0"/>
<pin id="372" dir="0" index="1" bw="1" slack="0"/>
<pin id="373" dir="0" index="2" bw="4" slack="0"/>
<pin id="374" dir="1" index="3" bw="4" slack="0"/>
</pin_list>
<bind>
<opcode="getelementptr(29) " fcode="getelementptr"/>
<opset="sA_6_addr/1 "/>
</bind>
</comp>

<comp id="377" class="1004" name="sB_6_addr_gep_fu_377">
<pin_list>
<pin id="378" dir="0" index="0" bw="12" slack="0"/>
<pin id="379" dir="0" index="1" bw="1" slack="0"/>
<pin id="380" dir="0" index="2" bw="4" slack="0"/>
<pin id="381" dir="1" index="3" bw="4" slack="0"/>
</pin_list>
<bind>
<opcode="getelementptr(29) " fcode="getelementptr"/>
<opset="sB_6_addr/1 "/>
</bind>
</comp>

<comp id="384" class="1004" name="p_ZL5FWD_W_3_5_addr_gep_fu_384">
<pin_list>
<pin id="385" dir="0" index="0" bw="12" slack="0"/>
<pin id="386" dir="0" index="1" bw="1" slack="0"/>
<pin id="387" dir="0" index="2" bw="5" slack="0"/>
<pin id="388" dir="1" index="3" bw="5" slack="0"/>
</pin_list>
<bind>
<opcode="getelementptr(29) " fcode="getelementptr"/>
<opset="p_ZL5FWD_W_3_5_addr/1 "/>
</bind>
</comp>

<comp id="391" class="1004" name="grp_access_fu_391">
<pin_list>
<pin id="392" dir="0" index="0" bw="5" slack="0"/>
<pin id="393" dir="0" index="1" bw="12" slack="2147483647"/>
<pin id="394" dir="0" index="2" bw="0" slack="0"/>
<pin id="396" dir="0" index="4" bw="5" slack="2147483647"/>
<pin id="397" dir="0" index="5" bw="12" slack="2147483647"/>
<pin id="398" dir="0" index="6" bw="0" slack="2147483647"/>
<pin id="395" dir="1" index="3" bw="12" slack="1"/>
<pin id="399" dir="1" index="7" bw="12" slack="1"/>
</pin_list>
<bind>
<opcode="load(27) " fcode="load"/>
<opset="w_25/1 w_29/1 "/>
</bind>
</comp>

<comp id="401" class="1004" name="p_ZL6FWD_MW_3_5_addr_gep_fu_401">
<pin_list>
<pin id="402" dir="0" index="0" bw="16" slack="0"/>
<pin id="403" dir="0" index="1" bw="1" slack="0"/>
<pin id="404" dir="0" index="2" bw="5" slack="0"/>
<pin id="405" dir="1" index="3" bw="5" slack="0"/>
</pin_list>
<bind>
<opcode="getelementptr(29) " fcode="getelementptr"/>
<opset="p_ZL6FWD_MW_3_5_addr/1 "/>
</bind>
</comp>

<comp id="408" class="1004" name="grp_access_fu_408">
<pin_list>
<pin id="409" dir="0" index="0" bw="5" slack="0"/>
<pin id="410" dir="0" index="1" bw="16" slack="2147483647"/>
<pin id="411" dir="0" index="2" bw="0" slack="0"/>
<pin id="413" dir="0" index="4" bw="5" slack="2147483647"/>
<pin id="414" dir="0" index="5" bw="16" slack="2147483647"/>
<pin id="415" dir="0" index="6" bw="0" slack="2147483647"/>
<pin id="412" dir="1" index="3" bw="16" slack="0"/>
<pin id="416" dir="1" index="7" bw="16" slack="0"/>
</pin_list>
<bind>
<opcode="load(27) " fcode="load"/>
<opset="mw_17/1 mw_21/1 "/>
</bind>
</comp>

<comp id="418" class="1004" name="sA_7_addr_gep_fu_418">
<pin_list>
<pin id="419" dir="0" index="0" bw="12" slack="0"/>
<pin id="420" dir="0" index="1" bw="1" slack="0"/>
<pin id="421" dir="0" index="2" bw="4" slack="0"/>
<pin id="422" dir="1" index="3" bw="4" slack="0"/>
</pin_list>
<bind>
<opcode="getelementptr(29) " fcode="getelementptr"/>
<opset="sA_7_addr/1 "/>
</bind>
</comp>

<comp id="425" class="1004" name="sB_7_addr_gep_fu_425">
<pin_list>
<pin id="426" dir="0" index="0" bw="12" slack="0"/>
<pin id="427" dir="0" index="1" bw="1" slack="0"/>
<pin id="428" dir="0" index="2" bw="4" slack="0"/>
<pin id="429" dir="1" index="3" bw="4" slack="0"/>
</pin_list>
<bind>
<opcode="getelementptr(29) " fcode="getelementptr"/>
<opset="sB_7_addr/1 "/>
</bind>
</comp>

<comp id="432" class="1004" name="p_ZL5FWD_W_0_5_addr_1_gep_fu_432">
<pin_list>
<pin id="433" dir="0" index="0" bw="12" slack="0"/>
<pin id="434" dir="0" index="1" bw="1" slack="0"/>
<pin id="435" dir="0" index="2" bw="5" slack="0"/>
<pin id="436" dir="1" index="3" bw="5" slack="0"/>
</pin_list>
<bind>
<opcode="getelementptr(29) " fcode="getelementptr"/>
<opset="p_ZL5FWD_W_0_5_addr_1/1 "/>
</bind>
</comp>

<comp id="440" class="1004" name="p_ZL6FWD_MW_0_5_addr_1_gep_fu_440">
<pin_list>
<pin id="441" dir="0" index="0" bw="16" slack="0"/>
<pin id="442" dir="0" index="1" bw="1" slack="0"/>
<pin id="443" dir="0" index="2" bw="5" slack="0"/>
<pin id="444" dir="1" index="3" bw="5" slack="0"/>
</pin_list>
<bind>
<opcode="getelementptr(29) " fcode="getelementptr"/>
<opset="p_ZL6FWD_MW_0_5_addr_1/1 "/>
</bind>
</comp>

<comp id="448" class="1004" name="sA_12_addr_gep_fu_448">
<pin_list>
<pin id="449" dir="0" index="0" bw="12" slack="0"/>
<pin id="450" dir="0" index="1" bw="1" slack="0"/>
<pin id="451" dir="0" index="2" bw="4" slack="0"/>
<pin id="452" dir="1" index="3" bw="4" slack="0"/>
</pin_list>
<bind>
<opcode="getelementptr(29) " fcode="getelementptr"/>
<opset="sA_12_addr/1 "/>
</bind>
</comp>

<comp id="455" class="1004" name="sB_12_addr_gep_fu_455">
<pin_list>
<pin id="456" dir="0" index="0" bw="12" slack="0"/>
<pin id="457" dir="0" index="1" bw="1" slack="0"/>
<pin id="458" dir="0" index="2" bw="4" slack="0"/>
<pin id="459" dir="1" index="3" bw="4" slack="0"/>
</pin_list>
<bind>
<opcode="getelementptr(29) " fcode="getelementptr"/>
<opset="sB_12_addr/1 "/>
</bind>
</comp>

<comp id="462" class="1004" name="p_ZL5FWD_W_1_5_addr_1_gep_fu_462">
<pin_list>
<pin id="463" dir="0" index="0" bw="12" slack="0"/>
<pin id="464" dir="0" index="1" bw="1" slack="0"/>
<pin id="465" dir="0" index="2" bw="5" slack="0"/>
<pin id="466" dir="1" index="3" bw="5" slack="0"/>
</pin_list>
<bind>
<opcode="getelementptr(29) " fcode="getelementptr"/>
<opset="p_ZL5FWD_W_1_5_addr_1/1 "/>
</bind>
</comp>

<comp id="470" class="1004" name="p_ZL6FWD_MW_1_5_addr_1_gep_fu_470">
<pin_list>
<pin id="471" dir="0" index="0" bw="16" slack="0"/>
<pin id="472" dir="0" index="1" bw="1" slack="0"/>
<pin id="473" dir="0" index="2" bw="5" slack="0"/>
<pin id="474" dir="1" index="3" bw="5" slack="0"/>
</pin_list>
<bind>
<opcode="getelementptr(29) " fcode="getelementptr"/>
<opset="p_ZL6FWD_MW_1_5_addr_1/1 "/>
</bind>
</comp>

<comp id="478" class="1004" name="sA_13_addr_gep_fu_478">
<pin_list>
<pin id="479" dir="0" index="0" bw="12" slack="0"/>
<pin id="480" dir="0" index="1" bw="1" slack="0"/>
<pin id="481" dir="0" index="2" bw="4" slack="0"/>
<pin id="482" dir="1" index="3" bw="4" slack="0"/>
</pin_list>
<bind>
<opcode="getelementptr(29) " fcode="getelementptr"/>
<opset="sA_13_addr/1 "/>
</bind>
</comp>

<comp id="485" class="1004" name="sB_13_addr_gep_fu_485">
<pin_list>
<pin id="486" dir="0" index="0" bw="12" slack="0"/>
<pin id="487" dir="0" index="1" bw="1" slack="0"/>
<pin id="488" dir="0" index="2" bw="4" slack="0"/>
<pin id="489" dir="1" index="3" bw="4" slack="0"/>
</pin_list>
<bind>
<opcode="getelementptr(29) " fcode="getelementptr"/>
<opset="sB_13_addr/1 "/>
</bind>
</comp>

<comp id="492" class="1004" name="p_ZL5FWD_W_2_5_addr_1_gep_fu_492">
<pin_list>
<pin id="493" dir="0" index="0" bw="12" slack="0"/>
<pin id="494" dir="0" index="1" bw="1" slack="0"/>
<pin id="495" dir="0" index="2" bw="5" slack="0"/>
<pin id="496" dir="1" index="3" bw="5" slack="0"/>
</pin_list>
<bind>
<opcode="getelementptr(29) " fcode="getelementptr"/>
<opset="p_ZL5FWD_W_2_5_addr_1/1 "/>
</bind>
</comp>

<comp id="500" class="1004" name="p_ZL6FWD_MW_2_5_addr_1_gep_fu_500">
<pin_list>
<pin id="501" dir="0" index="0" bw="16" slack="0"/>
<pin id="502" dir="0" index="1" bw="1" slack="0"/>
<pin id="503" dir="0" index="2" bw="5" slack="0"/>
<pin id="504" dir="1" index="3" bw="5" slack="0"/>
</pin_list>
<bind>
<opcode="getelementptr(29) " fcode="getelementptr"/>
<opset="p_ZL6FWD_MW_2_5_addr_1/1 "/>
</bind>
</comp>

<comp id="508" class="1004" name="sA_14_addr_gep_fu_508">
<pin_list>
<pin id="509" dir="0" index="0" bw="12" slack="0"/>
<pin id="510" dir="0" index="1" bw="1" slack="0"/>
<pin id="511" dir="0" index="2" bw="4" slack="0"/>
<pin id="512" dir="1" index="3" bw="4" slack="0"/>
</pin_list>
<bind>
<opcode="getelementptr(29) " fcode="getelementptr"/>
<opset="sA_14_addr/1 "/>
</bind>
</comp>

<comp id="515" class="1004" name="sB_14_addr_gep_fu_515">
<pin_list>
<pin id="516" dir="0" index="0" bw="12" slack="0"/>
<pin id="517" dir="0" index="1" bw="1" slack="0"/>
<pin id="518" dir="0" index="2" bw="4" slack="0"/>
<pin id="519" dir="1" index="3" bw="4" slack="0"/>
</pin_list>
<bind>
<opcode="getelementptr(29) " fcode="getelementptr"/>
<opset="sB_14_addr/1 "/>
</bind>
</comp>

<comp id="522" class="1004" name="p_ZL5FWD_W_3_5_addr_1_gep_fu_522">
<pin_list>
<pin id="523" dir="0" index="0" bw="12" slack="0"/>
<pin id="524" dir="0" index="1" bw="1" slack="0"/>
<pin id="525" dir="0" index="2" bw="5" slack="0"/>
<pin id="526" dir="1" index="3" bw="5" slack="0"/>
</pin_list>
<bind>
<opcode="getelementptr(29) " fcode="getelementptr"/>
<opset="p_ZL5FWD_W_3_5_addr_1/1 "/>
</bind>
</comp>

<comp id="530" class="1004" name="p_ZL6FWD_MW_3_5_addr_1_gep_fu_530">
<pin_list>
<pin id="531" dir="0" index="0" bw="16" slack="0"/>
<pin id="532" dir="0" index="1" bw="1" slack="0"/>
<pin id="533" dir="0" index="2" bw="5" slack="0"/>
<pin id="534" dir="1" index="3" bw="5" slack="0"/>
</pin_list>
<bind>
<opcode="getelementptr(29) " fcode="getelementptr"/>
<opset="p_ZL6FWD_MW_3_5_addr_1/1 "/>
</bind>
</comp>

<comp id="538" class="1004" name="sA_15_addr_gep_fu_538">
<pin_list>
<pin id="539" dir="0" index="0" bw="12" slack="0"/>
<pin id="540" dir="0" index="1" bw="1" slack="0"/>
<pin id="541" dir="0" index="2" bw="4" slack="0"/>
<pin id="542" dir="1" index="3" bw="4" slack="0"/>
</pin_list>
<bind>
<opcode="getelementptr(29) " fcode="getelementptr"/>
<opset="sA_15_addr/1 "/>
</bind>
</comp>

<comp id="545" class="1004" name="grp_access_fu_545">
<pin_list>
<pin id="546" dir="0" index="0" bw="4" slack="0"/>
<pin id="547" dir="0" index="1" bw="12" slack="2147483647"/>
<pin id="548" dir="0" index="2" bw="0" slack="2147483647"/>
<pin id="549" dir="1" index="3" bw="12" slack="0"/>
</pin_list>
<bind>
<opcode="load(27) " fcode="load"/>
<opset="sA_5_load/1 "/>
</bind>
</comp>

<comp id="551" class="1004" name="grp_access_fu_551">
<pin_list>
<pin id="552" dir="0" index="0" bw="4" slack="0"/>
<pin id="553" dir="0" index="1" bw="12" slack="2147483647"/>
<pin id="554" dir="0" index="2" bw="0" slack="2147483647"/>
<pin id="555" dir="1" index="3" bw="12" slack="0"/>
</pin_list>
<bind>
<opcode="load(27) " fcode="load"/>
<opset="sA_6_load/1 "/>
</bind>
</comp>

<comp id="557" class="1004" name="grp_access_fu_557">
<pin_list>
<pin id="558" dir="0" index="0" bw="4" slack="0"/>
<pin id="559" dir="0" index="1" bw="12" slack="2147483647"/>
<pin id="560" dir="0" index="2" bw="0" slack="2147483647"/>
<pin id="561" dir="1" index="3" bw="12" slack="0"/>
</pin_list>
<bind>
<opcode="load(27) " fcode="load"/>
<opset="sA_7_load/1 "/>
</bind>
</comp>

<comp id="563" class="1004" name="grp_access_fu_563">
<pin_list>
<pin id="564" dir="0" index="0" bw="4" slack="0"/>
<pin id="565" dir="0" index="1" bw="12" slack="2147483647"/>
<pin id="566" dir="0" index="2" bw="0" slack="2147483647"/>
<pin id="567" dir="1" index="3" bw="12" slack="0"/>
</pin_list>
<bind>
<opcode="load(27) " fcode="load"/>
<opset="sA_12_load/1 "/>
</bind>
</comp>

<comp id="569" class="1004" name="grp_access_fu_569">
<pin_list>
<pin id="570" dir="0" index="0" bw="4" slack="0"/>
<pin id="571" dir="0" index="1" bw="12" slack="2147483647"/>
<pin id="572" dir="0" index="2" bw="0" slack="2147483647"/>
<pin id="573" dir="1" index="3" bw="12" slack="0"/>
</pin_list>
<bind>
<opcode="load(27) " fcode="load"/>
<opset="sA_13_load/1 "/>
</bind>
</comp>

<comp id="575" class="1004" name="grp_access_fu_575">
<pin_list>
<pin id="576" dir="0" index="0" bw="4" slack="0"/>
<pin id="577" dir="0" index="1" bw="12" slack="2147483647"/>
<pin id="578" dir="0" index="2" bw="0" slack="2147483647"/>
<pin id="579" dir="1" index="3" bw="12" slack="0"/>
</pin_list>
<bind>
<opcode="load(27) " fcode="load"/>
<opset="sA_14_load/1 "/>
</bind>
</comp>

<comp id="581" class="1004" name="grp_access_fu_581">
<pin_list>
<pin id="582" dir="0" index="0" bw="4" slack="0"/>
<pin id="583" dir="0" index="1" bw="12" slack="2147483647"/>
<pin id="584" dir="0" index="2" bw="0" slack="2147483647"/>
<pin id="585" dir="1" index="3" bw="12" slack="0"/>
</pin_list>
<bind>
<opcode="load(27) " fcode="load"/>
<opset="sA_15_load/1 "/>
</bind>
</comp>

<comp id="587" class="1004" name="sB_15_addr_gep_fu_587">
<pin_list>
<pin id="588" dir="0" index="0" bw="12" slack="0"/>
<pin id="589" dir="0" index="1" bw="1" slack="0"/>
<pin id="590" dir="0" index="2" bw="4" slack="0"/>
<pin id="591" dir="1" index="3" bw="4" slack="0"/>
</pin_list>
<bind>
<opcode="getelementptr(29) " fcode="getelementptr"/>
<opset="sB_15_addr/1 "/>
</bind>
</comp>

<comp id="594" class="1004" name="grp_access_fu_594">
<pin_list>
<pin id="595" dir="0" index="0" bw="4" slack="0"/>
<pin id="596" dir="0" index="1" bw="12" slack="2147483647"/>
<pin id="597" dir="0" index="2" bw="0" slack="2147483647"/>
<pin id="598" dir="1" index="3" bw="12" slack="0"/>
</pin_list>
<bind>
<opcode="load(27) " fcode="load"/>
<opset="sB_4_load/1 "/>
</bind>
</comp>

<comp id="600" class="1004" name="grp_access_fu_600">
<pin_list>
<pin id="601" dir="0" index="0" bw="4" slack="0"/>
<pin id="602" dir="0" index="1" bw="12" slack="2147483647"/>
<pin id="603" dir="0" index="2" bw="0" slack="2147483647"/>
<pin id="604" dir="1" index="3" bw="12" slack="0"/>
</pin_list>
<bind>
<opcode="load(27) " fcode="load"/>
<opset="sB_5_load/1 "/>
</bind>
</comp>

<comp id="606" class="1004" name="grp_access_fu_606">
<pin_list>
<pin id="607" dir="0" index="0" bw="4" slack="0"/>
<pin id="608" dir="0" index="1" bw="12" slack="2147483647"/>
<pin id="609" dir="0" index="2" bw="0" slack="2147483647"/>
<pin id="610" dir="1" index="3" bw="12" slack="0"/>
</pin_list>
<bind>
<opcode="load(27) " fcode="load"/>
<opset="sB_6_load/1 "/>
</bind>
</comp>

<comp id="612" class="1004" name="grp_access_fu_612">
<pin_list>
<pin id="613" dir="0" index="0" bw="4" slack="0"/>
<pin id="614" dir="0" index="1" bw="12" slack="2147483647"/>
<pin id="615" dir="0" index="2" bw="0" slack="2147483647"/>
<pin id="616" dir="1" index="3" bw="12" slack="0"/>
</pin_list>
<bind>
<opcode="load(27) " fcode="load"/>
<opset="sB_7_load/1 "/>
</bind>
</comp>

<comp id="618" class="1004" name="grp_access_fu_618">
<pin_list>
<pin id="619" dir="0" index="0" bw="4" slack="0"/>
<pin id="620" dir="0" index="1" bw="12" slack="2147483647"/>
<pin id="621" dir="0" index="2" bw="0" slack="2147483647"/>
<pin id="622" dir="1" index="3" bw="12" slack="0"/>
</pin_list>
<bind>
<opcode="load(27) " fcode="load"/>
<opset="sB_12_load/1 "/>
</bind>
</comp>

<comp id="624" class="1004" name="grp_access_fu_624">
<pin_list>
<pin id="625" dir="0" index="0" bw="4" slack="0"/>
<pin id="626" dir="0" index="1" bw="12" slack="2147483647"/>
<pin id="627" dir="0" index="2" bw="0" slack="2147483647"/>
<pin id="628" dir="1" index="3" bw="12" slack="0"/>
</pin_list>
<bind>
<opcode="load(27) " fcode="load"/>
<opset="sB_13_load/1 "/>
</bind>
</comp>

<comp id="630" class="1004" name="grp_access_fu_630">
<pin_list>
<pin id="631" dir="0" index="0" bw="4" slack="0"/>
<pin id="632" dir="0" index="1" bw="12" slack="2147483647"/>
<pin id="633" dir="0" index="2" bw="0" slack="2147483647"/>
<pin id="634" dir="1" index="3" bw="12" slack="0"/>
</pin_list>
<bind>
<opcode="load(27) " fcode="load"/>
<opset="sB_14_load/1 "/>
</bind>
</comp>

<comp id="636" class="1004" name="grp_access_fu_636">
<pin_list>
<pin id="637" dir="0" index="0" bw="4" slack="0"/>
<pin id="638" dir="0" index="1" bw="12" slack="2147483647"/>
<pin id="639" dir="0" index="2" bw="0" slack="2147483647"/>
<pin id="640" dir="1" index="3" bw="12" slack="0"/>
</pin_list>
<bind>
<opcode="load(27) " fcode="load"/>
<opset="sB_15_load/1 "/>
</bind>
</comp>

<comp id="642" class="1004" name="sA_0_addr_gep_fu_642">
<pin_list>
<pin id="643" dir="0" index="0" bw="12" slack="0"/>
<pin id="644" dir="0" index="1" bw="1" slack="0"/>
<pin id="645" dir="0" index="2" bw="4" slack="4"/>
<pin id="646" dir="1" index="3" bw="4" slack="0"/>
</pin_list>
<bind>
<opcode="getelementptr(29) " fcode="getelementptr"/>
<opset="sA_0_addr/5 "/>
</bind>
</comp>

<comp id="649" class="1004" name="grp_access_fu_649">
<pin_list>
<pin id="650" dir="0" index="0" bw="4" slack="0"/>
<pin id="651" dir="0" index="1" bw="12" slack="2147483647"/>
<pin id="652" dir="0" index="2" bw="0" slack="2147483647"/>
<pin id="653" dir="1" index="3" bw="12" slack="0"/>
</pin_list>
<bind>
<opcode="load(27) " fcode="load"/>
<opset="uA/5 "/>
</bind>
</comp>

<comp id="655" class="1004" name="sB_0_addr_gep_fu_655">
<pin_list>
<pin id="656" dir="0" index="0" bw="12" slack="0"/>
<pin id="657" dir="0" index="1" bw="1" slack="0"/>
<pin id="658" dir="0" index="2" bw="4" slack="4"/>
<pin id="659" dir="1" index="3" bw="4" slack="0"/>
</pin_list>
<bind>
<opcode="getelementptr(29) " fcode="getelementptr"/>
<opset="sB_0_addr/5 "/>
</bind>
</comp>

<comp id="662" class="1004" name="sA_1_addr_gep_fu_662">
<pin_list>
<pin id="663" dir="0" index="0" bw="12" slack="0"/>
<pin id="664" dir="0" index="1" bw="1" slack="0"/>
<pin id="665" dir="0" index="2" bw="4" slack="4"/>
<pin id="666" dir="1" index="3" bw="4" slack="0"/>
</pin_list>
<bind>
<opcode="getelementptr(29) " fcode="getelementptr"/>
<opset="sA_1_addr/5 "/>
</bind>
</comp>

<comp id="669" class="1004" name="sB_1_addr_gep_fu_669">
<pin_list>
<pin id="670" dir="0" index="0" bw="12" slack="0"/>
<pin id="671" dir="0" index="1" bw="1" slack="0"/>
<pin id="672" dir="0" index="2" bw="4" slack="4"/>
<pin id="673" dir="1" index="3" bw="4" slack="0"/>
</pin_list>
<bind>
<opcode="getelementptr(29) " fcode="getelementptr"/>
<opset="sB_1_addr/5 "/>
</bind>
</comp>

<comp id="676" class="1004" name="sA_2_addr_gep_fu_676">
<pin_list>
<pin id="677" dir="0" index="0" bw="12" slack="0"/>
<pin id="678" dir="0" index="1" bw="1" slack="0"/>
<pin id="679" dir="0" index="2" bw="4" slack="4"/>
<pin id="680" dir="1" index="3" bw="4" slack="0"/>
</pin_list>
<bind>
<opcode="getelementptr(29) " fcode="getelementptr"/>
<opset="sA_2_addr/5 "/>
</bind>
</comp>

<comp id="683" class="1004" name="sB_2_addr_gep_fu_683">
<pin_list>
<pin id="684" dir="0" index="0" bw="12" slack="0"/>
<pin id="685" dir="0" index="1" bw="1" slack="0"/>
<pin id="686" dir="0" index="2" bw="4" slack="4"/>
<pin id="687" dir="1" index="3" bw="4" slack="0"/>
</pin_list>
<bind>
<opcode="getelementptr(29) " fcode="getelementptr"/>
<opset="sB_2_addr/5 "/>
</bind>
</comp>

<comp id="690" class="1004" name="sA_3_addr_gep_fu_690">
<pin_list>
<pin id="691" dir="0" index="0" bw="12" slack="0"/>
<pin id="692" dir="0" index="1" bw="1" slack="0"/>
<pin id="693" dir="0" index="2" bw="4" slack="4"/>
<pin id="694" dir="1" index="3" bw="4" slack="0"/>
</pin_list>
<bind>
<opcode="getelementptr(29) " fcode="getelementptr"/>
<opset="sA_3_addr/5 "/>
</bind>
</comp>

<comp id="697" class="1004" name="sB_3_addr_gep_fu_697">
<pin_list>
<pin id="698" dir="0" index="0" bw="12" slack="0"/>
<pin id="699" dir="0" index="1" bw="1" slack="0"/>
<pin id="700" dir="0" index="2" bw="4" slack="4"/>
<pin id="701" dir="1" index="3" bw="4" slack="0"/>
</pin_list>
<bind>
<opcode="getelementptr(29) " fcode="getelementptr"/>
<opset="sB_3_addr/5 "/>
</bind>
</comp>

<comp id="704" class="1004" name="sA_8_addr_gep_fu_704">
<pin_list>
<pin id="705" dir="0" index="0" bw="12" slack="0"/>
<pin id="706" dir="0" index="1" bw="1" slack="0"/>
<pin id="707" dir="0" index="2" bw="4" slack="4"/>
<pin id="708" dir="1" index="3" bw="4" slack="0"/>
</pin_list>
<bind>
<opcode="getelementptr(29) " fcode="getelementptr"/>
<opset="sA_8_addr/5 "/>
</bind>
</comp>

<comp id="711" class="1004" name="sB_8_addr_gep_fu_711">
<pin_list>
<pin id="712" dir="0" index="0" bw="12" slack="0"/>
<pin id="713" dir="0" index="1" bw="1" slack="0"/>
<pin id="714" dir="0" index="2" bw="4" slack="4"/>
<pin id="715" dir="1" index="3" bw="4" slack="0"/>
</pin_list>
<bind>
<opcode="getelementptr(29) " fcode="getelementptr"/>
<opset="sB_8_addr/5 "/>
</bind>
</comp>

<comp id="718" class="1004" name="sA_9_addr_gep_fu_718">
<pin_list>
<pin id="719" dir="0" index="0" bw="12" slack="0"/>
<pin id="720" dir="0" index="1" bw="1" slack="0"/>
<pin id="721" dir="0" index="2" bw="4" slack="4"/>
<pin id="722" dir="1" index="3" bw="4" slack="0"/>
</pin_list>
<bind>
<opcode="getelementptr(29) " fcode="getelementptr"/>
<opset="sA_9_addr/5 "/>
</bind>
</comp>

<comp id="725" class="1004" name="sB_9_addr_gep_fu_725">
<pin_list>
<pin id="726" dir="0" index="0" bw="12" slack="0"/>
<pin id="727" dir="0" index="1" bw="1" slack="0"/>
<pin id="728" dir="0" index="2" bw="4" slack="4"/>
<pin id="729" dir="1" index="3" bw="4" slack="0"/>
</pin_list>
<bind>
<opcode="getelementptr(29) " fcode="getelementptr"/>
<opset="sB_9_addr/5 "/>
</bind>
</comp>

<comp id="732" class="1004" name="sA_10_addr_gep_fu_732">
<pin_list>
<pin id="733" dir="0" index="0" bw="12" slack="0"/>
<pin id="734" dir="0" index="1" bw="1" slack="0"/>
<pin id="735" dir="0" index="2" bw="4" slack="4"/>
<pin id="736" dir="1" index="3" bw="4" slack="0"/>
</pin_list>
<bind>
<opcode="getelementptr(29) " fcode="getelementptr"/>
<opset="sA_10_addr/5 "/>
</bind>
</comp>

<comp id="739" class="1004" name="sB_10_addr_gep_fu_739">
<pin_list>
<pin id="740" dir="0" index="0" bw="12" slack="0"/>
<pin id="741" dir="0" index="1" bw="1" slack="0"/>
<pin id="742" dir="0" index="2" bw="4" slack="4"/>
<pin id="743" dir="1" index="3" bw="4" slack="0"/>
</pin_list>
<bind>
<opcode="getelementptr(29) " fcode="getelementptr"/>
<opset="sB_10_addr/5 "/>
</bind>
</comp>

<comp id="746" class="1004" name="sA_11_addr_gep_fu_746">
<pin_list>
<pin id="747" dir="0" index="0" bw="12" slack="0"/>
<pin id="748" dir="0" index="1" bw="1" slack="0"/>
<pin id="749" dir="0" index="2" bw="4" slack="4"/>
<pin id="750" dir="1" index="3" bw="4" slack="0"/>
</pin_list>
<bind>
<opcode="getelementptr(29) " fcode="getelementptr"/>
<opset="sA_11_addr/5 "/>
</bind>
</comp>

<comp id="753" class="1004" name="grp_access_fu_753">
<pin_list>
<pin id="754" dir="0" index="0" bw="4" slack="0"/>
<pin id="755" dir="0" index="1" bw="12" slack="2147483647"/>
<pin id="756" dir="0" index="2" bw="0" slack="2147483647"/>
<pin id="757" dir="1" index="3" bw="12" slack="0"/>
</pin_list>
<bind>
<opcode="load(27) " fcode="load"/>
<opset="uA_29/5 "/>
</bind>
</comp>

<comp id="759" class="1004" name="grp_access_fu_759">
<pin_list>
<pin id="760" dir="0" index="0" bw="4" slack="0"/>
<pin id="761" dir="0" index="1" bw="12" slack="2147483647"/>
<pin id="762" dir="0" index="2" bw="0" slack="2147483647"/>
<pin id="763" dir="1" index="3" bw="12" slack="0"/>
</pin_list>
<bind>
<opcode="load(27) " fcode="load"/>
<opset="uA_30/5 "/>
</bind>
</comp>

<comp id="765" class="1004" name="grp_access_fu_765">
<pin_list>
<pin id="766" dir="0" index="0" bw="4" slack="0"/>
<pin id="767" dir="0" index="1" bw="12" slack="2147483647"/>
<pin id="768" dir="0" index="2" bw="0" slack="2147483647"/>
<pin id="769" dir="1" index="3" bw="12" slack="0"/>
</pin_list>
<bind>
<opcode="load(27) " fcode="load"/>
<opset="uA_31/5 "/>
</bind>
</comp>

<comp id="771" class="1004" name="grp_access_fu_771">
<pin_list>
<pin id="772" dir="0" index="0" bw="4" slack="0"/>
<pin id="773" dir="0" index="1" bw="12" slack="2147483647"/>
<pin id="774" dir="0" index="2" bw="0" slack="2147483647"/>
<pin id="775" dir="1" index="3" bw="12" slack="0"/>
</pin_list>
<bind>
<opcode="load(27) " fcode="load"/>
<opset="uA_32/5 "/>
</bind>
</comp>

<comp id="777" class="1004" name="grp_access_fu_777">
<pin_list>
<pin id="778" dir="0" index="0" bw="4" slack="0"/>
<pin id="779" dir="0" index="1" bw="12" slack="2147483647"/>
<pin id="780" dir="0" index="2" bw="0" slack="2147483647"/>
<pin id="781" dir="1" index="3" bw="12" slack="0"/>
</pin_list>
<bind>
<opcode="load(27) " fcode="load"/>
<opset="uA_33/5 "/>
</bind>
</comp>

<comp id="783" class="1004" name="grp_access_fu_783">
<pin_list>
<pin id="784" dir="0" index="0" bw="4" slack="0"/>
<pin id="785" dir="0" index="1" bw="12" slack="2147483647"/>
<pin id="786" dir="0" index="2" bw="0" slack="2147483647"/>
<pin id="787" dir="1" index="3" bw="12" slack="0"/>
</pin_list>
<bind>
<opcode="load(27) " fcode="load"/>
<opset="uA_34/5 "/>
</bind>
</comp>

<comp id="789" class="1004" name="grp_access_fu_789">
<pin_list>
<pin id="790" dir="0" index="0" bw="4" slack="0"/>
<pin id="791" dir="0" index="1" bw="12" slack="2147483647"/>
<pin id="792" dir="0" index="2" bw="0" slack="2147483647"/>
<pin id="793" dir="1" index="3" bw="12" slack="0"/>
</pin_list>
<bind>
<opcode="load(27) " fcode="load"/>
<opset="uA_35/5 "/>
</bind>
</comp>

<comp id="795" class="1004" name="sB_11_addr_gep_fu_795">
<pin_list>
<pin id="796" dir="0" index="0" bw="12" slack="0"/>
<pin id="797" dir="0" index="1" bw="1" slack="0"/>
<pin id="798" dir="0" index="2" bw="4" slack="4"/>
<pin id="799" dir="1" index="3" bw="4" slack="0"/>
</pin_list>
<bind>
<opcode="getelementptr(29) " fcode="getelementptr"/>
<opset="sB_11_addr/5 "/>
</bind>
</comp>

<comp id="802" class="1004" name="grp_access_fu_802">
<pin_list>
<pin id="803" dir="0" index="0" bw="4" slack="0"/>
<pin id="804" dir="0" index="1" bw="12" slack="2147483647"/>
<pin id="805" dir="0" index="2" bw="0" slack="2147483647"/>
<pin id="806" dir="1" index="3" bw="12" slack="0"/>
</pin_list>
<bind>
<opcode="load(27) " fcode="load"/>
<opset="uB/5 "/>
</bind>
</comp>

<comp id="808" class="1004" name="grp_access_fu_808">
<pin_list>
<pin id="809" dir="0" index="0" bw="4" slack="0"/>
<pin id="810" dir="0" index="1" bw="12" slack="2147483647"/>
<pin id="811" dir="0" index="2" bw="0" slack="2147483647"/>
<pin id="812" dir="1" index="3" bw="12" slack="0"/>
</pin_list>
<bind>
<opcode="load(27) " fcode="load"/>
<opset="uB_29/5 "/>
</bind>
</comp>

<comp id="814" class="1004" name="grp_access_fu_814">
<pin_list>
<pin id="815" dir="0" index="0" bw="4" slack="0"/>
<pin id="816" dir="0" index="1" bw="12" slack="2147483647"/>
<pin id="817" dir="0" index="2" bw="0" slack="2147483647"/>
<pin id="818" dir="1" index="3" bw="12" slack="0"/>
</pin_list>
<bind>
<opcode="load(27) " fcode="load"/>
<opset="uB_30/5 "/>
</bind>
</comp>

<comp id="820" class="1004" name="grp_access_fu_820">
<pin_list>
<pin id="821" dir="0" index="0" bw="4" slack="0"/>
<pin id="822" dir="0" index="1" bw="12" slack="2147483647"/>
<pin id="823" dir="0" index="2" bw="0" slack="2147483647"/>
<pin id="824" dir="1" index="3" bw="12" slack="0"/>
</pin_list>
<bind>
<opcode="load(27) " fcode="load"/>
<opset="uB_31/5 "/>
</bind>
</comp>

<comp id="826" class="1004" name="grp_access_fu_826">
<pin_list>
<pin id="827" dir="0" index="0" bw="4" slack="0"/>
<pin id="828" dir="0" index="1" bw="12" slack="2147483647"/>
<pin id="829" dir="0" index="2" bw="0" slack="2147483647"/>
<pin id="830" dir="1" index="3" bw="12" slack="0"/>
</pin_list>
<bind>
<opcode="load(27) " fcode="load"/>
<opset="uB_32/5 "/>
</bind>
</comp>

<comp id="832" class="1004" name="grp_access_fu_832">
<pin_list>
<pin id="833" dir="0" index="0" bw="4" slack="0"/>
<pin id="834" dir="0" index="1" bw="12" slack="2147483647"/>
<pin id="835" dir="0" index="2" bw="0" slack="2147483647"/>
<pin id="836" dir="1" index="3" bw="12" slack="0"/>
</pin_list>
<bind>
<opcode="load(27) " fcode="load"/>
<opset="uB_33/5 "/>
</bind>
</comp>

<comp id="838" class="1004" name="grp_access_fu_838">
<pin_list>
<pin id="839" dir="0" index="0" bw="4" slack="0"/>
<pin id="840" dir="0" index="1" bw="12" slack="2147483647"/>
<pin id="841" dir="0" index="2" bw="0" slack="2147483647"/>
<pin id="842" dir="1" index="3" bw="12" slack="0"/>
</pin_list>
<bind>
<opcode="load(27) " fcode="load"/>
<opset="uB_34/5 "/>
</bind>
</comp>

<comp id="844" class="1004" name="grp_access_fu_844">
<pin_list>
<pin id="845" dir="0" index="0" bw="4" slack="0"/>
<pin id="846" dir="0" index="1" bw="12" slack="2147483647"/>
<pin id="847" dir="0" index="2" bw="0" slack="2147483647"/>
<pin id="848" dir="1" index="3" bw="12" slack="0"/>
</pin_list>
<bind>
<opcode="load(27) " fcode="load"/>
<opset="uB_35/5 "/>
</bind>
</comp>

<comp id="850" class="1004" name="dA_0_addr_gep_fu_850">
<pin_list>
<pin id="851" dir="0" index="0" bw="12" slack="0"/>
<pin id="852" dir="0" index="1" bw="1" slack="0"/>
<pin id="853" dir="0" index="2" bw="4" slack="5"/>
<pin id="854" dir="1" index="3" bw="4" slack="0"/>
</pin_list>
<bind>
<opcode="getelementptr(29) " fcode="getelementptr"/>
<opset="dA_0_addr/6 "/>
</bind>
</comp>

<comp id="857" class="1004" name="dA_4_addr_gep_fu_857">
<pin_list>
<pin id="858" dir="0" index="0" bw="12" slack="0"/>
<pin id="859" dir="0" index="1" bw="1" slack="0"/>
<pin id="860" dir="0" index="2" bw="4" slack="5"/>
<pin id="861" dir="1" index="3" bw="4" slack="0"/>
</pin_list>
<bind>
<opcode="getelementptr(29) " fcode="getelementptr"/>
<opset="dA_4_addr/6 "/>
</bind>
</comp>

<comp id="864" class="1004" name="dB_0_addr_gep_fu_864">
<pin_list>
<pin id="865" dir="0" index="0" bw="12" slack="0"/>
<pin id="866" dir="0" index="1" bw="1" slack="0"/>
<pin id="867" dir="0" index="2" bw="4" slack="5"/>
<pin id="868" dir="1" index="3" bw="4" slack="0"/>
</pin_list>
<bind>
<opcode="getelementptr(29) " fcode="getelementptr"/>
<opset="dB_0_addr/6 "/>
</bind>
</comp>

<comp id="871" class="1004" name="dB_4_addr_gep_fu_871">
<pin_list>
<pin id="872" dir="0" index="0" bw="12" slack="0"/>
<pin id="873" dir="0" index="1" bw="1" slack="0"/>
<pin id="874" dir="0" index="2" bw="4" slack="5"/>
<pin id="875" dir="1" index="3" bw="4" slack="0"/>
</pin_list>
<bind>
<opcode="getelementptr(29) " fcode="getelementptr"/>
<opset="dB_4_addr/6 "/>
</bind>
</comp>

<comp id="878" class="1004" name="dA_1_addr_gep_fu_878">
<pin_list>
<pin id="879" dir="0" index="0" bw="12" slack="0"/>
<pin id="880" dir="0" index="1" bw="1" slack="0"/>
<pin id="881" dir="0" index="2" bw="4" slack="5"/>
<pin id="882" dir="1" index="3" bw="4" slack="0"/>
</pin_list>
<bind>
<opcode="getelementptr(29) " fcode="getelementptr"/>
<opset="dA_1_addr/6 "/>
</bind>
</comp>

<comp id="885" class="1004" name="dA_5_addr_gep_fu_885">
<pin_list>
<pin id="886" dir="0" index="0" bw="12" slack="0"/>
<pin id="887" dir="0" index="1" bw="1" slack="0"/>
<pin id="888" dir="0" index="2" bw="4" slack="5"/>
<pin id="889" dir="1" index="3" bw="4" slack="0"/>
</pin_list>
<bind>
<opcode="getelementptr(29) " fcode="getelementptr"/>
<opset="dA_5_addr/6 "/>
</bind>
</comp>

<comp id="892" class="1004" name="dB_1_addr_gep_fu_892">
<pin_list>
<pin id="893" dir="0" index="0" bw="12" slack="0"/>
<pin id="894" dir="0" index="1" bw="1" slack="0"/>
<pin id="895" dir="0" index="2" bw="4" slack="5"/>
<pin id="896" dir="1" index="3" bw="4" slack="0"/>
</pin_list>
<bind>
<opcode="getelementptr(29) " fcode="getelementptr"/>
<opset="dB_1_addr/6 "/>
</bind>
</comp>

<comp id="899" class="1004" name="dB_5_addr_gep_fu_899">
<pin_list>
<pin id="900" dir="0" index="0" bw="12" slack="0"/>
<pin id="901" dir="0" index="1" bw="1" slack="0"/>
<pin id="902" dir="0" index="2" bw="4" slack="5"/>
<pin id="903" dir="1" index="3" bw="4" slack="0"/>
</pin_list>
<bind>
<opcode="getelementptr(29) " fcode="getelementptr"/>
<opset="dB_5_addr/6 "/>
</bind>
</comp>

<comp id="906" class="1004" name="dA_2_addr_gep_fu_906">
<pin_list>
<pin id="907" dir="0" index="0" bw="12" slack="0"/>
<pin id="908" dir="0" index="1" bw="1" slack="0"/>
<pin id="909" dir="0" index="2" bw="4" slack="5"/>
<pin id="910" dir="1" index="3" bw="4" slack="0"/>
</pin_list>
<bind>
<opcode="getelementptr(29) " fcode="getelementptr"/>
<opset="dA_2_addr/6 "/>
</bind>
</comp>

<comp id="913" class="1004" name="dA_6_addr_gep_fu_913">
<pin_list>
<pin id="914" dir="0" index="0" bw="12" slack="0"/>
<pin id="915" dir="0" index="1" bw="1" slack="0"/>
<pin id="916" dir="0" index="2" bw="4" slack="5"/>
<pin id="917" dir="1" index="3" bw="4" slack="0"/>
</pin_list>
<bind>
<opcode="getelementptr(29) " fcode="getelementptr"/>
<opset="dA_6_addr/6 "/>
</bind>
</comp>

<comp id="920" class="1004" name="dB_2_addr_gep_fu_920">
<pin_list>
<pin id="921" dir="0" index="0" bw="12" slack="0"/>
<pin id="922" dir="0" index="1" bw="1" slack="0"/>
<pin id="923" dir="0" index="2" bw="4" slack="5"/>
<pin id="924" dir="1" index="3" bw="4" slack="0"/>
</pin_list>
<bind>
<opcode="getelementptr(29) " fcode="getelementptr"/>
<opset="dB_2_addr/6 "/>
</bind>
</comp>

<comp id="927" class="1004" name="dB_6_addr_gep_fu_927">
<pin_list>
<pin id="928" dir="0" index="0" bw="12" slack="0"/>
<pin id="929" dir="0" index="1" bw="1" slack="0"/>
<pin id="930" dir="0" index="2" bw="4" slack="5"/>
<pin id="931" dir="1" index="3" bw="4" slack="0"/>
</pin_list>
<bind>
<opcode="getelementptr(29) " fcode="getelementptr"/>
<opset="dB_6_addr/6 "/>
</bind>
</comp>

<comp id="934" class="1004" name="dA_3_addr_gep_fu_934">
<pin_list>
<pin id="935" dir="0" index="0" bw="12" slack="0"/>
<pin id="936" dir="0" index="1" bw="1" slack="0"/>
<pin id="937" dir="0" index="2" bw="4" slack="5"/>
<pin id="938" dir="1" index="3" bw="4" slack="0"/>
</pin_list>
<bind>
<opcode="getelementptr(29) " fcode="getelementptr"/>
<opset="dA_3_addr/6 "/>
</bind>
</comp>

<comp id="941" class="1004" name="dA_7_addr_gep_fu_941">
<pin_list>
<pin id="942" dir="0" index="0" bw="12" slack="0"/>
<pin id="943" dir="0" index="1" bw="1" slack="0"/>
<pin id="944" dir="0" index="2" bw="4" slack="5"/>
<pin id="945" dir="1" index="3" bw="4" slack="0"/>
</pin_list>
<bind>
<opcode="getelementptr(29) " fcode="getelementptr"/>
<opset="dA_7_addr/6 "/>
</bind>
</comp>

<comp id="948" class="1004" name="dB_3_addr_gep_fu_948">
<pin_list>
<pin id="949" dir="0" index="0" bw="12" slack="0"/>
<pin id="950" dir="0" index="1" bw="1" slack="0"/>
<pin id="951" dir="0" index="2" bw="4" slack="5"/>
<pin id="952" dir="1" index="3" bw="4" slack="0"/>
</pin_list>
<bind>
<opcode="getelementptr(29) " fcode="getelementptr"/>
<opset="dB_3_addr/6 "/>
</bind>
</comp>

<comp id="955" class="1004" name="dB_7_addr_gep_fu_955">
<pin_list>
<pin id="956" dir="0" index="0" bw="12" slack="0"/>
<pin id="957" dir="0" index="1" bw="1" slack="0"/>
<pin id="958" dir="0" index="2" bw="4" slack="5"/>
<pin id="959" dir="1" index="3" bw="4" slack="0"/>
</pin_list>
<bind>
<opcode="getelementptr(29) " fcode="getelementptr"/>
<opset="dB_7_addr/6 "/>
</bind>
</comp>

<comp id="962" class="1004" name="dA_8_addr_gep_fu_962">
<pin_list>
<pin id="963" dir="0" index="0" bw="12" slack="0"/>
<pin id="964" dir="0" index="1" bw="1" slack="0"/>
<pin id="965" dir="0" index="2" bw="4" slack="5"/>
<pin id="966" dir="1" index="3" bw="4" slack="0"/>
</pin_list>
<bind>
<opcode="getelementptr(29) " fcode="getelementptr"/>
<opset="dA_8_addr/6 "/>
</bind>
</comp>

<comp id="969" class="1004" name="dA_12_addr_gep_fu_969">
<pin_list>
<pin id="970" dir="0" index="0" bw="12" slack="0"/>
<pin id="971" dir="0" index="1" bw="1" slack="0"/>
<pin id="972" dir="0" index="2" bw="4" slack="5"/>
<pin id="973" dir="1" index="3" bw="4" slack="0"/>
</pin_list>
<bind>
<opcode="getelementptr(29) " fcode="getelementptr"/>
<opset="dA_12_addr/6 "/>
</bind>
</comp>

<comp id="976" class="1004" name="dB_8_addr_gep_fu_976">
<pin_list>
<pin id="977" dir="0" index="0" bw="12" slack="0"/>
<pin id="978" dir="0" index="1" bw="1" slack="0"/>
<pin id="979" dir="0" index="2" bw="4" slack="5"/>
<pin id="980" dir="1" index="3" bw="4" slack="0"/>
</pin_list>
<bind>
<opcode="getelementptr(29) " fcode="getelementptr"/>
<opset="dB_8_addr/6 "/>
</bind>
</comp>

<comp id="983" class="1004" name="dB_12_addr_gep_fu_983">
<pin_list>
<pin id="984" dir="0" index="0" bw="12" slack="0"/>
<pin id="985" dir="0" index="1" bw="1" slack="0"/>
<pin id="986" dir="0" index="2" bw="4" slack="5"/>
<pin id="987" dir="1" index="3" bw="4" slack="0"/>
</pin_list>
<bind>
<opcode="getelementptr(29) " fcode="getelementptr"/>
<opset="dB_12_addr/6 "/>
</bind>
</comp>

<comp id="990" class="1004" name="dA_9_addr_gep_fu_990">
<pin_list>
<pin id="991" dir="0" index="0" bw="12" slack="0"/>
<pin id="992" dir="0" index="1" bw="1" slack="0"/>
<pin id="993" dir="0" index="2" bw="4" slack="5"/>
<pin id="994" dir="1" index="3" bw="4" slack="0"/>
</pin_list>
<bind>
<opcode="getelementptr(29) " fcode="getelementptr"/>
<opset="dA_9_addr/6 "/>
</bind>
</comp>

<comp id="997" class="1004" name="dA_13_addr_gep_fu_997">
<pin_list>
<pin id="998" dir="0" index="0" bw="12" slack="0"/>
<pin id="999" dir="0" index="1" bw="1" slack="0"/>
<pin id="1000" dir="0" index="2" bw="4" slack="5"/>
<pin id="1001" dir="1" index="3" bw="4" slack="0"/>
</pin_list>
<bind>
<opcode="getelementptr(29) " fcode="getelementptr"/>
<opset="dA_13_addr/6 "/>
</bind>
</comp>

<comp id="1004" class="1004" name="dB_9_addr_gep_fu_1004">
<pin_list>
<pin id="1005" dir="0" index="0" bw="12" slack="0"/>
<pin id="1006" dir="0" index="1" bw="1" slack="0"/>
<pin id="1007" dir="0" index="2" bw="4" slack="5"/>
<pin id="1008" dir="1" index="3" bw="4" slack="0"/>
</pin_list>
<bind>
<opcode="getelementptr(29) " fcode="getelementptr"/>
<opset="dB_9_addr/6 "/>
</bind>
</comp>

<comp id="1011" class="1004" name="dB_13_addr_gep_fu_1011">
<pin_list>
<pin id="1012" dir="0" index="0" bw="12" slack="0"/>
<pin id="1013" dir="0" index="1" bw="1" slack="0"/>
<pin id="1014" dir="0" index="2" bw="4" slack="5"/>
<pin id="1015" dir="1" index="3" bw="4" slack="0"/>
</pin_list>
<bind>
<opcode="getelementptr(29) " fcode="getelementptr"/>
<opset="dB_13_addr/6 "/>
</bind>
</comp>

<comp id="1018" class="1004" name="dA_10_addr_gep_fu_1018">
<pin_list>
<pin id="1019" dir="0" index="0" bw="12" slack="0"/>
<pin id="1020" dir="0" index="1" bw="1" slack="0"/>
<pin id="1021" dir="0" index="2" bw="4" slack="5"/>
<pin id="1022" dir="1" index="3" bw="4" slack="0"/>
</pin_list>
<bind>
<opcode="getelementptr(29) " fcode="getelementptr"/>
<opset="dA_10_addr/6 "/>
</bind>
</comp>

<comp id="1025" class="1004" name="dA_14_addr_gep_fu_1025">
<pin_list>
<pin id="1026" dir="0" index="0" bw="12" slack="0"/>
<pin id="1027" dir="0" index="1" bw="1" slack="0"/>
<pin id="1028" dir="0" index="2" bw="4" slack="5"/>
<pin id="1029" dir="1" index="3" bw="4" slack="0"/>
</pin_list>
<bind>
<opcode="getelementptr(29) " fcode="getelementptr"/>
<opset="dA_14_addr/6 "/>
</bind>
</comp>

<comp id="1032" class="1004" name="dB_10_addr_gep_fu_1032">
<pin_list>
<pin id="1033" dir="0" index="0" bw="12" slack="0"/>
<pin id="1034" dir="0" index="1" bw="1" slack="0"/>
<pin id="1035" dir="0" index="2" bw="4" slack="5"/>
<pin id="1036" dir="1" index="3" bw="4" slack="0"/>
</pin_list>
<bind>
<opcode="getelementptr(29) " fcode="getelementptr"/>
<opset="dB_10_addr/6 "/>
</bind>
</comp>

<comp id="1039" class="1004" name="dB_14_addr_gep_fu_1039">
<pin_list>
<pin id="1040" dir="0" index="0" bw="12" slack="0"/>
<pin id="1041" dir="0" index="1" bw="1" slack="0"/>
<pin id="1042" dir="0" index="2" bw="4" slack="5"/>
<pin id="1043" dir="1" index="3" bw="4" slack="0"/>
</pin_list>
<bind>
<opcode="getelementptr(29) " fcode="getelementptr"/>
<opset="dB_14_addr/6 "/>
</bind>
</comp>

<comp id="1046" class="1004" name="dA_11_addr_gep_fu_1046">
<pin_list>
<pin id="1047" dir="0" index="0" bw="12" slack="0"/>
<pin id="1048" dir="0" index="1" bw="1" slack="0"/>
<pin id="1049" dir="0" index="2" bw="4" slack="5"/>
<pin id="1050" dir="1" index="3" bw="4" slack="0"/>
</pin_list>
<bind>
<opcode="getelementptr(29) " fcode="getelementptr"/>
<opset="dA_11_addr/6 "/>
</bind>
</comp>

<comp id="1053" class="1004" name="dA_15_addr_gep_fu_1053">
<pin_list>
<pin id="1054" dir="0" index="0" bw="12" slack="0"/>
<pin id="1055" dir="0" index="1" bw="1" slack="0"/>
<pin id="1056" dir="0" index="2" bw="4" slack="5"/>
<pin id="1057" dir="1" index="3" bw="4" slack="0"/>
</pin_list>
<bind>
<opcode="getelementptr(29) " fcode="getelementptr"/>
<opset="dA_15_addr/6 "/>
</bind>
</comp>

<comp id="1060" class="1004" name="store_ln84_access_fu_1060">
<pin_list>
<pin id="1061" dir="0" index="0" bw="4" slack="0"/>
<pin id="1062" dir="0" index="1" bw="12" slack="0"/>
<pin id="1063" dir="0" index="2" bw="0" slack="2147483647"/>
<pin id="1064" dir="1" index="3" bw="12" slack="2147483647"/>
</pin_list>
<bind>
<opcode="store(28) " fcode="store"/>
<opset="store_ln84/6 "/>
</bind>
</comp>

<comp id="1066" class="1004" name="store_ln84_access_fu_1066">
<pin_list>
<pin id="1067" dir="0" index="0" bw="4" slack="0"/>
<pin id="1068" dir="0" index="1" bw="12" slack="0"/>
<pin id="1069" dir="0" index="2" bw="0" slack="2147483647"/>
<pin id="1070" dir="1" index="3" bw="12" slack="2147483647"/>
</pin_list>
<bind>
<opcode="store(28) " fcode="store"/>
<opset="store_ln84/6 "/>
</bind>
</comp>

<comp id="1072" class="1004" name="store_ln84_access_fu_1072">
<pin_list>
<pin id="1073" dir="0" index="0" bw="4" slack="0"/>
<pin id="1074" dir="0" index="1" bw="12" slack="0"/>
<pin id="1075" dir="0" index="2" bw="0" slack="2147483647"/>
<pin id="1076" dir="1" index="3" bw="12" slack="2147483647"/>
</pin_list>
<bind>
<opcode="store(28) " fcode="store"/>
<opset="store_ln84/6 "/>
</bind>
</comp>

<comp id="1078" class="1004" name="store_ln84_access_fu_1078">
<pin_list>
<pin id="1079" dir="0" index="0" bw="4" slack="0"/>
<pin id="1080" dir="0" index="1" bw="12" slack="0"/>
<pin id="1081" dir="0" index="2" bw="0" slack="2147483647"/>
<pin id="1082" dir="1" index="3" bw="12" slack="2147483647"/>
</pin_list>
<bind>
<opcode="store(28) " fcode="store"/>
<opset="store_ln84/6 "/>
</bind>
</comp>

<comp id="1084" class="1004" name="store_ln84_access_fu_1084">
<pin_list>
<pin id="1085" dir="0" index="0" bw="4" slack="0"/>
<pin id="1086" dir="0" index="1" bw="12" slack="0"/>
<pin id="1087" dir="0" index="2" bw="0" slack="2147483647"/>
<pin id="1088" dir="1" index="3" bw="12" slack="2147483647"/>
</pin_list>
<bind>
<opcode="store(28) " fcode="store"/>
<opset="store_ln84/6 "/>
</bind>
</comp>

<comp id="1090" class="1004" name="store_ln84_access_fu_1090">
<pin_list>
<pin id="1091" dir="0" index="0" bw="4" slack="0"/>
<pin id="1092" dir="0" index="1" bw="12" slack="0"/>
<pin id="1093" dir="0" index="2" bw="0" slack="2147483647"/>
<pin id="1094" dir="1" index="3" bw="12" slack="2147483647"/>
</pin_list>
<bind>
<opcode="store(28) " fcode="store"/>
<opset="store_ln84/6 "/>
</bind>
</comp>

<comp id="1096" class="1004" name="store_ln84_access_fu_1096">
<pin_list>
<pin id="1097" dir="0" index="0" bw="4" slack="0"/>
<pin id="1098" dir="0" index="1" bw="12" slack="0"/>
<pin id="1099" dir="0" index="2" bw="0" slack="2147483647"/>
<pin id="1100" dir="1" index="3" bw="12" slack="2147483647"/>
</pin_list>
<bind>
<opcode="store(28) " fcode="store"/>
<opset="store_ln84/6 "/>
</bind>
</comp>

<comp id="1102" class="1004" name="store_ln84_access_fu_1102">
<pin_list>
<pin id="1103" dir="0" index="0" bw="4" slack="0"/>
<pin id="1104" dir="0" index="1" bw="12" slack="0"/>
<pin id="1105" dir="0" index="2" bw="0" slack="2147483647"/>
<pin id="1106" dir="1" index="3" bw="12" slack="2147483647"/>
</pin_list>
<bind>
<opcode="store(28) " fcode="store"/>
<opset="store_ln84/6 "/>
</bind>
</comp>

<comp id="1108" class="1004" name="store_ln84_access_fu_1108">
<pin_list>
<pin id="1109" dir="0" index="0" bw="4" slack="0"/>
<pin id="1110" dir="0" index="1" bw="12" slack="0"/>
<pin id="1111" dir="0" index="2" bw="0" slack="2147483647"/>
<pin id="1112" dir="1" index="3" bw="12" slack="2147483647"/>
</pin_list>
<bind>
<opcode="store(28) " fcode="store"/>
<opset="store_ln84/6 "/>
</bind>
</comp>

<comp id="1114" class="1004" name="store_ln84_access_fu_1114">
<pin_list>
<pin id="1115" dir="0" index="0" bw="4" slack="0"/>
<pin id="1116" dir="0" index="1" bw="12" slack="0"/>
<pin id="1117" dir="0" index="2" bw="0" slack="2147483647"/>
<pin id="1118" dir="1" index="3" bw="12" slack="2147483647"/>
</pin_list>
<bind>
<opcode="store(28) " fcode="store"/>
<opset="store_ln84/6 "/>
</bind>
</comp>

<comp id="1120" class="1004" name="store_ln84_access_fu_1120">
<pin_list>
<pin id="1121" dir="0" index="0" bw="4" slack="0"/>
<pin id="1122" dir="0" index="1" bw="12" slack="0"/>
<pin id="1123" dir="0" index="2" bw="0" slack="2147483647"/>
<pin id="1124" dir="1" index="3" bw="12" slack="2147483647"/>
</pin_list>
<bind>
<opcode="store(28) " fcode="store"/>
<opset="store_ln84/6 "/>
</bind>
</comp>

<comp id="1126" class="1004" name="store_ln84_access_fu_1126">
<pin_list>
<pin id="1127" dir="0" index="0" bw="4" slack="0"/>
<pin id="1128" dir="0" index="1" bw="12" slack="0"/>
<pin id="1129" dir="0" index="2" bw="0" slack="2147483647"/>
<pin id="1130" dir="1" index="3" bw="12" slack="2147483647"/>
</pin_list>
<bind>
<opcode="store(28) " fcode="store"/>
<opset="store_ln84/6 "/>
</bind>
</comp>

<comp id="1132" class="1004" name="store_ln84_access_fu_1132">
<pin_list>
<pin id="1133" dir="0" index="0" bw="4" slack="0"/>
<pin id="1134" dir="0" index="1" bw="12" slack="0"/>
<pin id="1135" dir="0" index="2" bw="0" slack="2147483647"/>
<pin id="1136" dir="1" index="3" bw="12" slack="2147483647"/>
</pin_list>
<bind>
<opcode="store(28) " fcode="store"/>
<opset="store_ln84/6 "/>
</bind>
</comp>

<comp id="1138" class="1004" name="store_ln84_access_fu_1138">
<pin_list>
<pin id="1139" dir="0" index="0" bw="4" slack="0"/>
<pin id="1140" dir="0" index="1" bw="12" slack="0"/>
<pin id="1141" dir="0" index="2" bw="0" slack="2147483647"/>
<pin id="1142" dir="1" index="3" bw="12" slack="2147483647"/>
</pin_list>
<bind>
<opcode="store(28) " fcode="store"/>
<opset="store_ln84/6 "/>
</bind>
</comp>

<comp id="1144" class="1004" name="store_ln84_access_fu_1144">
<pin_list>
<pin id="1145" dir="0" index="0" bw="4" slack="0"/>
<pin id="1146" dir="0" index="1" bw="12" slack="0"/>
<pin id="1147" dir="0" index="2" bw="0" slack="2147483647"/>
<pin id="1148" dir="1" index="3" bw="12" slack="2147483647"/>
</pin_list>
<bind>
<opcode="store(28) " fcode="store"/>
<opset="store_ln84/6 "/>
</bind>
</comp>

<comp id="1150" class="1004" name="store_ln84_access_fu_1150">
<pin_list>
<pin id="1151" dir="0" index="0" bw="4" slack="0"/>
<pin id="1152" dir="0" index="1" bw="12" slack="0"/>
<pin id="1153" dir="0" index="2" bw="0" slack="2147483647"/>
<pin id="1154" dir="1" index="3" bw="12" slack="2147483647"/>
</pin_list>
<bind>
<opcode="store(28) " fcode="store"/>
<opset="store_ln84/6 "/>
</bind>
</comp>

<comp id="1156" class="1004" name="dB_11_addr_gep_fu_1156">
<pin_list>
<pin id="1157" dir="0" index="0" bw="12" slack="0"/>
<pin id="1158" dir="0" index="1" bw="1" slack="0"/>
<pin id="1159" dir="0" index="2" bw="4" slack="5"/>
<pin id="1160" dir="1" index="3" bw="4" slack="0"/>
</pin_list>
<bind>
<opcode="getelementptr(29) " fcode="getelementptr"/>
<opset="dB_11_addr/6 "/>
</bind>
</comp>

<comp id="1163" class="1004" name="dB_15_addr_gep_fu_1163">
<pin_list>
<pin id="1164" dir="0" index="0" bw="12" slack="0"/>
<pin id="1165" dir="0" index="1" bw="1" slack="0"/>
<pin id="1166" dir="0" index="2" bw="4" slack="5"/>
<pin id="1167" dir="1" index="3" bw="4" slack="0"/>
</pin_list>
<bind>
<opcode="getelementptr(29) " fcode="getelementptr"/>
<opset="dB_15_addr/6 "/>
</bind>
</comp>

<comp id="1170" class="1004" name="store_ln86_access_fu_1170">
<pin_list>
<pin id="1171" dir="0" index="0" bw="4" slack="0"/>
<pin id="1172" dir="0" index="1" bw="12" slack="0"/>
<pin id="1173" dir="0" index="2" bw="0" slack="2147483647"/>
<pin id="1174" dir="1" index="3" bw="12" slack="2147483647"/>
</pin_list>
<bind>
<opcode="store(28) " fcode="store"/>
<opset="store_ln86/6 "/>
</bind>
</comp>

<comp id="1176" class="1004" name="store_ln86_access_fu_1176">
<pin_list>
<pin id="1177" dir="0" index="0" bw="4" slack="0"/>
<pin id="1178" dir="0" index="1" bw="12" slack="0"/>
<pin id="1179" dir="0" index="2" bw="0" slack="2147483647"/>
<pin id="1180" dir="1" index="3" bw="12" slack="2147483647"/>
</pin_list>
<bind>
<opcode="store(28) " fcode="store"/>
<opset="store_ln86/6 "/>
</bind>
</comp>

<comp id="1182" class="1004" name="store_ln86_access_fu_1182">
<pin_list>
<pin id="1183" dir="0" index="0" bw="4" slack="0"/>
<pin id="1184" dir="0" index="1" bw="12" slack="0"/>
<pin id="1185" dir="0" index="2" bw="0" slack="2147483647"/>
<pin id="1186" dir="1" index="3" bw="12" slack="2147483647"/>
</pin_list>
<bind>
<opcode="store(28) " fcode="store"/>
<opset="store_ln86/6 "/>
</bind>
</comp>

<comp id="1188" class="1004" name="store_ln86_access_fu_1188">
<pin_list>
<pin id="1189" dir="0" index="0" bw="4" slack="0"/>
<pin id="1190" dir="0" index="1" bw="12" slack="0"/>
<pin id="1191" dir="0" index="2" bw="0" slack="2147483647"/>
<pin id="1192" dir="1" index="3" bw="12" slack="2147483647"/>
</pin_list>
<bind>
<opcode="store(28) " fcode="store"/>
<opset="store_ln86/6 "/>
</bind>
</comp>

<comp id="1194" class="1004" name="store_ln86_access_fu_1194">
<pin_list>
<pin id="1195" dir="0" index="0" bw="4" slack="0"/>
<pin id="1196" dir="0" index="1" bw="12" slack="0"/>
<pin id="1197" dir="0" index="2" bw="0" slack="2147483647"/>
<pin id="1198" dir="1" index="3" bw="12" slack="2147483647"/>
</pin_list>
<bind>
<opcode="store(28) " fcode="store"/>
<opset="store_ln86/6 "/>
</bind>
</comp>

<comp id="1200" class="1004" name="store_ln86_access_fu_1200">
<pin_list>
<pin id="1201" dir="0" index="0" bw="4" slack="0"/>
<pin id="1202" dir="0" index="1" bw="12" slack="0"/>
<pin id="1203" dir="0" index="2" bw="0" slack="2147483647"/>
<pin id="1204" dir="1" index="3" bw="12" slack="2147483647"/>
</pin_list>
<bind>
<opcode="store(28) " fcode="store"/>
<opset="store_ln86/6 "/>
</bind>
</comp>

<comp id="1206" class="1004" name="store_ln86_access_fu_1206">
<pin_list>
<pin id="1207" dir="0" index="0" bw="4" slack="0"/>
<pin id="1208" dir="0" index="1" bw="12" slack="0"/>
<pin id="1209" dir="0" index="2" bw="0" slack="2147483647"/>
<pin id="1210" dir="1" index="3" bw="12" slack="2147483647"/>
</pin_list>
<bind>
<opcode="store(28) " fcode="store"/>
<opset="store_ln86/6 "/>
</bind>
</comp>

<comp id="1212" class="1004" name="store_ln86_access_fu_1212">
<pin_list>
<pin id="1213" dir="0" index="0" bw="4" slack="0"/>
<pin id="1214" dir="0" index="1" bw="12" slack="0"/>
<pin id="1215" dir="0" index="2" bw="0" slack="2147483647"/>
<pin id="1216" dir="1" index="3" bw="12" slack="2147483647"/>
</pin_list>
<bind>
<opcode="store(28) " fcode="store"/>
<opset="store_ln86/6 "/>
</bind>
</comp>

<comp id="1218" class="1004" name="store_ln86_access_fu_1218">
<pin_list>
<pin id="1219" dir="0" index="0" bw="4" slack="0"/>
<pin id="1220" dir="0" index="1" bw="12" slack="0"/>
<pin id="1221" dir="0" index="2" bw="0" slack="2147483647"/>
<pin id="1222" dir="1" index="3" bw="12" slack="2147483647"/>
</pin_list>
<bind>
<opcode="store(28) " fcode="store"/>
<opset="store_ln86/6 "/>
</bind>
</comp>

<comp id="1224" class="1004" name="store_ln86_access_fu_1224">
<pin_list>
<pin id="1225" dir="0" index="0" bw="4" slack="0"/>
<pin id="1226" dir="0" index="1" bw="12" slack="0"/>
<pin id="1227" dir="0" index="2" bw="0" slack="2147483647"/>
<pin id="1228" dir="1" index="3" bw="12" slack="2147483647"/>
</pin_list>
<bind>
<opcode="store(28) " fcode="store"/>
<opset="store_ln86/6 "/>
</bind>
</comp>

<comp id="1230" class="1004" name="store_ln86_access_fu_1230">
<pin_list>
<pin id="1231" dir="0" index="0" bw="4" slack="0"/>
<pin id="1232" dir="0" index="1" bw="12" slack="0"/>
<pin id="1233" dir="0" index="2" bw="0" slack="2147483647"/>
<pin id="1234" dir="1" index="3" bw="12" slack="2147483647"/>
</pin_list>
<bind>
<opcode="store(28) " fcode="store"/>
<opset="store_ln86/6 "/>
</bind>
</comp>

<comp id="1236" class="1004" name="store_ln86_access_fu_1236">
<pin_list>
<pin id="1237" dir="0" index="0" bw="4" slack="0"/>
<pin id="1238" dir="0" index="1" bw="12" slack="0"/>
<pin id="1239" dir="0" index="2" bw="0" slack="2147483647"/>
<pin id="1240" dir="1" index="3" bw="12" slack="2147483647"/>
</pin_list>
<bind>
<opcode="store(28) " fcode="store"/>
<opset="store_ln86/6 "/>
</bind>
</comp>

<comp id="1242" class="1004" name="store_ln86_access_fu_1242">
<pin_list>
<pin id="1243" dir="0" index="0" bw="4" slack="0"/>
<pin id="1244" dir="0" index="1" bw="12" slack="0"/>
<pin id="1245" dir="0" index="2" bw="0" slack="2147483647"/>
<pin id="1246" dir="1" index="3" bw="12" slack="2147483647"/>
</pin_list>
<bind>
<opcode="store(28) " fcode="store"/>
<opset="store_ln86/6 "/>
</bind>
</comp>

<comp id="1248" class="1004" name="store_ln86_access_fu_1248">
<pin_list>
<pin id="1249" dir="0" index="0" bw="4" slack="0"/>
<pin id="1250" dir="0" index="1" bw="12" slack="0"/>
<pin id="1251" dir="0" index="2" bw="0" slack="2147483647"/>
<pin id="1252" dir="1" index="3" bw="12" slack="2147483647"/>
</pin_list>
<bind>
<opcode="store(28) " fcode="store"/>
<opset="store_ln86/6 "/>
</bind>
</comp>

<comp id="1254" class="1004" name="store_ln86_access_fu_1254">
<pin_list>
<pin id="1255" dir="0" index="0" bw="4" slack="0"/>
<pin id="1256" dir="0" index="1" bw="12" slack="0"/>
<pin id="1257" dir="0" index="2" bw="0" slack="2147483647"/>
<pin id="1258" dir="1" index="3" bw="12" slack="2147483647"/>
</pin_list>
<bind>
<opcode="store(28) " fcode="store"/>
<opset="store_ln86/6 "/>
</bind>
</comp>

<comp id="1260" class="1004" name="store_ln86_access_fu_1260">
<pin_list>
<pin id="1261" dir="0" index="0" bw="4" slack="0"/>
<pin id="1262" dir="0" index="1" bw="12" slack="0"/>
<pin id="1263" dir="0" index="2" bw="0" slack="2147483647"/>
<pin id="1264" dir="1" index="3" bw="12" slack="2147483647"/>
</pin_list>
<bind>
<opcode="store(28) " fcode="store"/>
<opset="store_ln86/6 "/>
</bind>
</comp>

<comp id="1266" class="1004" name="store_ln77_store_fu_1266">
<pin_list>
<pin id="1267" dir="0" index="0" bw="1" slack="0"/>
<pin id="1268" dir="0" index="1" bw="8" slack="0"/>
<pin id="1269" dir="1" index="2" bw="0" slack="2147483647"/>
</pin_list>
<bind>
<opcode="store(28) " fcode="store"/>
<opset="store_ln77/1 "/>
</bind>
</comp>

<comp id="1271" class="1004" name="m_load_fu_1271">
<pin_list>
<pin id="1272" dir="0" index="0" bw="8" slack="0"/>
<pin id="1273" dir="1" index="1" bw="8" slack="0"/>
</pin_list>
<bind>
<opcode="load(27) " fcode="load"/>
<opset="m/1 "/>
</bind>
</comp>

<comp id="1274" class="1004" name="tmp_18_fu_1274">
<pin_list>
<pin id="1275" dir="0" index="0" bw="1" slack="0"/>
<pin id="1276" dir="0" index="1" bw="8" slack="0"/>
<pin id="1277" dir="0" index="2" bw="4" slack="0"/>
<pin id="1278" dir="1" index="3" bw="1" slack="4"/>
</pin_list>
<bind>
<opcode="bitselect(1000) " fcode="bitselect"/>
<opset="tmp_18/1 "/>
</bind>
</comp>

<comp id="1282" class="1004" name="lshr_ln_fu_1282">
<pin_list>
<pin id="1283" dir="0" index="0" bw="5" slack="0"/>
<pin id="1284" dir="0" index="1" bw="8" slack="0"/>
<pin id="1285" dir="0" index="2" bw="3" slack="0"/>
<pin id="1286" dir="0" index="3" bw="4" slack="0"/>
<pin id="1287" dir="1" index="4" bw="5" slack="0"/>
</pin_list>
<bind>
<opcode="partselect(1002) " fcode="partselect"/>
<opset="lshr_ln/1 "/>
</bind>
</comp>

<comp id="1292" class="1004" name="zext_ln73_fu_1292">
<pin_list>
<pin id="1293" dir="0" index="0" bw="5" slack="0"/>
<pin id="1294" dir="1" index="1" bw="64" slack="0"/>
</pin_list>
<bind>
<opcode="zext(34) " fcode="zext"/>
<opset="zext_ln73/1 "/>
</bind>
</comp>

<comp id="1304" class="1004" name="lshr_ln7_fu_1304">
<pin_list>
<pin id="1305" dir="0" index="0" bw="4" slack="0"/>
<pin id="1306" dir="0" index="1" bw="8" slack="0"/>
<pin id="1307" dir="0" index="2" bw="3" slack="0"/>
<pin id="1308" dir="0" index="3" bw="4" slack="0"/>
<pin id="1309" dir="1" index="4" bw="4" slack="0"/>
</pin_list>
<bind>
<opcode="partselect(1002) " fcode="partselect"/>
<opset="lshr_ln7/1 "/>
</bind>
</comp>

<comp id="1314" class="1004" name="zext_ln82_fu_1314">
<pin_list>
<pin id="1315" dir="0" index="0" bw="4" slack="0"/>
<pin id="1316" dir="1" index="1" bw="64" slack="0"/>
</pin_list>
<bind>
<opcode="zext(34) " fcode="zext"/>
<opset="zext_ln82/1 "/>
</bind>
</comp>

<comp id="1334" class="1004" name="or_ln80_fu_1334">
<pin_list>
<pin id="1335" dir="0" index="0" bw="5" slack="0"/>
<pin id="1336" dir="0" index="1" bw="1" slack="0"/>
<pin id="1337" dir="1" index="2" bw="5" slack="0"/>
</pin_list>
<bind>
<opcode="or(24) " fcode="or"/>
<opset="or_ln80/1 "/>
</bind>
</comp>

<comp id="1340" class="1004" name="zext_ln81_fu_1340">
<pin_list>
<pin id="1341" dir="0" index="0" bw="5" slack="0"/>
<pin id="1342" dir="1" index="1" bw="64" slack="0"/>
</pin_list>
<bind>
<opcode="zext(34) " fcode="zext"/>
<opset="zext_ln81/1 "/>
</bind>
</comp>

<comp id="1352" class="1004" name="add_ln73_fu_1352">
<pin_list>
<pin id="1353" dir="0" index="0" bw="8" slack="0"/>
<pin id="1354" dir="0" index="1" bw="5" slack="0"/>
<pin id="1355" dir="1" index="2" bw="8" slack="0"/>
</pin_list>
<bind>
<opcode="add(8) " fcode="add"/>
<opset="add_ln73/1 "/>
</bind>
</comp>

<comp id="1358" class="1004" name="store_ln77_store_fu_1358">
<pin_list>
<pin id="1359" dir="0" index="0" bw="8" slack="0"/>
<pin id="1360" dir="0" index="1" bw="8" slack="0"/>
<pin id="1361" dir="1" index="2" bw="0" slack="2147483647"/>
</pin_list>
<bind>
<opcode="store(28) " fcode="store"/>
<opset="store_ln77/1 "/>
</bind>
</comp>

<comp id="1363" class="1004" name="zext_ln36_fu_1363">
<pin_list>
<pin id="1364" dir="0" index="0" bw="12" slack="0"/>
<pin id="1365" dir="1" index="1" bw="28" slack="0"/>
</pin_list>
<bind>
<opcode="zext(34) " fcode="zext"/>
<opset="zext_ln36/2 "/>
</bind>
</comp>

<comp id="1367" class="1004" name="zext_ln36_178_fu_1367">
<pin_list>
<pin id="1368" dir="0" index="0" bw="16" slack="0"/>
<pin id="1369" dir="1" index="1" bw="28" slack="0"/>
</pin_list>
<bind>
<opcode="zext(34) " fcode="zext"/>
<opset="zext_ln36_178/2 "/>
</bind>
</comp>

<comp id="1371" class="1004" name="grp_fu_1371">
<pin_list>
<pin id="1372" dir="0" index="0" bw="16" slack="0"/>
<pin id="1373" dir="0" index="1" bw="12" slack="0"/>
<pin id="1374" dir="1" index="2" bw="28" slack="0"/>
</pin_list>
<bind>
<opcode="mul(12) " fcode="mul"/>
<opset="xm/2 "/>
</bind>
</comp>

<comp id="1377" class="1004" name="zext_ln36_179_fu_1377">
<pin_list>
<pin id="1378" dir="0" index="0" bw="16" slack="0"/>
<pin id="1379" dir="1" index="1" bw="28" slack="0"/>
</pin_list>
<bind>
<opcode="zext(34) " fcode="zext"/>
<opset="zext_ln36_179/2 "/>
</bind>
</comp>

<comp id="1381" class="1004" name="zext_ln36_180_fu_1381">
<pin_list>
<pin id="1382" dir="0" index="0" bw="16" slack="0"/>
<pin id="1383" dir="1" index="1" bw="28" slack="0"/>
</pin_list>
<bind>
<opcode="zext(34) " fcode="zext"/>
<opset="zext_ln36_180/2 "/>
</bind>
</comp>

<comp id="1385" class="1004" name="zext_ln36_181_fu_1385">
<pin_list>
<pin id="1386" dir="0" index="0" bw="16" slack="0"/>
<pin id="1387" dir="1" index="1" bw="28" slack="0"/>
</pin_list>
<bind>
<opcode="zext(34) " fcode="zext"/>
<opset="zext_ln36_181/2 "/>
</bind>
</comp>

<comp id="1389" class="1004" name="zext_ln36_182_fu_1389">
<pin_list>
<pin id="1390" dir="0" index="0" bw="16" slack="0"/>
<pin id="1391" dir="1" index="1" bw="28" slack="0"/>
</pin_list>
<bind>
<opcode="zext(34) " fcode="zext"/>
<opset="zext_ln36_182/2 "/>
</bind>
</comp>

<comp id="1393" class="1004" name="zext_ln36_183_fu_1393">
<pin_list>
<pin id="1394" dir="0" index="0" bw="16" slack="0"/>
<pin id="1395" dir="1" index="1" bw="28" slack="0"/>
</pin_list>
<bind>
<opcode="zext(34) " fcode="zext"/>
<opset="zext_ln36_183/2 "/>
</bind>
</comp>

<comp id="1397" class="1004" name="zext_ln36_184_fu_1397">
<pin_list>
<pin id="1398" dir="0" index="0" bw="16" slack="0"/>
<pin id="1399" dir="1" index="1" bw="28" slack="0"/>
</pin_list>
<bind>
<opcode="zext(34) " fcode="zext"/>
<opset="zext_ln36_184/2 "/>
</bind>
</comp>

<comp id="1401" class="1004" name="zext_ln36_186_fu_1401">
<pin_list>
<pin id="1402" dir="0" index="0" bw="12" slack="0"/>
<pin id="1403" dir="1" index="1" bw="28" slack="0"/>
</pin_list>
<bind>
<opcode="zext(34) " fcode="zext"/>
<opset="zext_ln36_186/2 "/>
</bind>
</comp>

<comp id="1405" class="1004" name="grp_fu_1405">
<pin_list>
<pin id="1406" dir="0" index="0" bw="16" slack="0"/>
<pin id="1407" dir="0" index="1" bw="12" slack="0"/>
<pin id="1408" dir="1" index="2" bw="28" slack="0"/>
</pin_list>
<bind>
<opcode="mul(12) " fcode="mul"/>
<opset="xm_164/2 "/>
</bind>
</comp>

<comp id="1411" class="1004" name="zext_ln36_188_fu_1411">
<pin_list>
<pin id="1412" dir="0" index="0" bw="12" slack="0"/>
<pin id="1413" dir="1" index="1" bw="28" slack="0"/>
</pin_list>
<bind>
<opcode="zext(34) " fcode="zext"/>
<opset="zext_ln36_188/2 "/>
</bind>
</comp>

<comp id="1415" class="1004" name="grp_fu_1415">
<pin_list>
<pin id="1416" dir="0" index="0" bw="16" slack="0"/>
<pin id="1417" dir="0" index="1" bw="12" slack="0"/>
<pin id="1418" dir="1" index="2" bw="28" slack="0"/>
</pin_list>
<bind>
<opcode="mul(12) " fcode="mul"/>
<opset="xm_166/2 "/>
</bind>
</comp>

<comp id="1421" class="1004" name="zext_ln36_190_fu_1421">
<pin_list>
<pin id="1422" dir="0" index="0" bw="12" slack="0"/>
<pin id="1423" dir="1" index="1" bw="28" slack="0"/>
</pin_list>
<bind>
<opcode="zext(34) " fcode="zext"/>
<opset="zext_ln36_190/2 "/>
</bind>
</comp>

<comp id="1425" class="1004" name="grp_fu_1425">
<pin_list>
<pin id="1426" dir="0" index="0" bw="16" slack="0"/>
<pin id="1427" dir="0" index="1" bw="12" slack="0"/>
<pin id="1428" dir="1" index="2" bw="28" slack="0"/>
</pin_list>
<bind>
<opcode="mul(12) " fcode="mul"/>
<opset="xm_168/2 "/>
</bind>
</comp>

<comp id="1431" class="1004" name="zext_ln36_192_fu_1431">
<pin_list>
<pin id="1432" dir="0" index="0" bw="12" slack="0"/>
<pin id="1433" dir="1" index="1" bw="28" slack="0"/>
</pin_list>
<bind>
<opcode="zext(34) " fcode="zext"/>
<opset="zext_ln36_192/2 "/>
</bind>
</comp>

<comp id="1435" class="1004" name="grp_fu_1435">
<pin_list>
<pin id="1436" dir="0" index="0" bw="16" slack="0"/>
<pin id="1437" dir="0" index="1" bw="12" slack="0"/>
<pin id="1438" dir="1" index="2" bw="28" slack="0"/>
</pin_list>
<bind>
<opcode="mul(12) " fcode="mul"/>
<opset="xm_170/2 "/>
</bind>
</comp>

<comp id="1441" class="1004" name="zext_ln36_194_fu_1441">
<pin_list>
<pin id="1442" dir="0" index="0" bw="12" slack="0"/>
<pin id="1443" dir="1" index="1" bw="28" slack="0"/>
</pin_list>
<bind>
<opcode="zext(34) " fcode="zext"/>
<opset="zext_ln36_194/2 "/>
</bind>
</comp>

<comp id="1445" class="1004" name="grp_fu_1445">
<pin_list>
<pin id="1446" dir="0" index="0" bw="16" slack="0"/>
<pin id="1447" dir="0" index="1" bw="12" slack="0"/>
<pin id="1448" dir="1" index="2" bw="28" slack="0"/>
</pin_list>
<bind>
<opcode="mul(12) " fcode="mul"/>
<opset="xm_172/2 "/>
</bind>
</comp>

<comp id="1451" class="1004" name="zext_ln36_196_fu_1451">
<pin_list>
<pin id="1452" dir="0" index="0" bw="12" slack="0"/>
<pin id="1453" dir="1" index="1" bw="28" slack="0"/>
</pin_list>
<bind>
<opcode="zext(34) " fcode="zext"/>
<opset="zext_ln36_196/2 "/>
</bind>
</comp>

<comp id="1455" class="1004" name="grp_fu_1455">
<pin_list>
<pin id="1456" dir="0" index="0" bw="16" slack="0"/>
<pin id="1457" dir="0" index="1" bw="12" slack="0"/>
<pin id="1458" dir="1" index="2" bw="28" slack="0"/>
</pin_list>
<bind>
<opcode="mul(12) " fcode="mul"/>
<opset="xm_174/2 "/>
</bind>
</comp>

<comp id="1461" class="1004" name="zext_ln36_197_fu_1461">
<pin_list>
<pin id="1462" dir="0" index="0" bw="12" slack="0"/>
<pin id="1463" dir="1" index="1" bw="28" slack="0"/>
</pin_list>
<bind>
<opcode="zext(34) " fcode="zext"/>
<opset="zext_ln36_197/2 "/>
</bind>
</comp>

<comp id="1465" class="1004" name="zext_ln36_198_fu_1465">
<pin_list>
<pin id="1466" dir="0" index="0" bw="16" slack="0"/>
<pin id="1467" dir="1" index="1" bw="28" slack="0"/>
</pin_list>
<bind>
<opcode="zext(34) " fcode="zext"/>
<opset="zext_ln36_198/2 "/>
</bind>
</comp>

<comp id="1469" class="1004" name="grp_fu_1469">
<pin_list>
<pin id="1470" dir="0" index="0" bw="16" slack="0"/>
<pin id="1471" dir="0" index="1" bw="12" slack="0"/>
<pin id="1472" dir="1" index="2" bw="28" slack="0"/>
</pin_list>
<bind>
<opcode="mul(12) " fcode="mul"/>
<opset="xm_161/2 "/>
</bind>
</comp>

<comp id="1475" class="1004" name="zext_ln36_200_fu_1475">
<pin_list>
<pin id="1476" dir="0" index="0" bw="12" slack="0"/>
<pin id="1477" dir="1" index="1" bw="28" slack="0"/>
</pin_list>
<bind>
<opcode="zext(34) " fcode="zext"/>
<opset="zext_ln36_200/2 "/>
</bind>
</comp>

<comp id="1479" class="1004" name="grp_fu_1479">
<pin_list>
<pin id="1480" dir="0" index="0" bw="16" slack="0"/>
<pin id="1481" dir="0" index="1" bw="12" slack="0"/>
<pin id="1482" dir="1" index="2" bw="28" slack="0"/>
</pin_list>
<bind>
<opcode="mul(12) " fcode="mul"/>
<opset="xm_163/2 "/>
</bind>
</comp>

<comp id="1485" class="1004" name="zext_ln36_202_fu_1485">
<pin_list>
<pin id="1486" dir="0" index="0" bw="12" slack="0"/>
<pin id="1487" dir="1" index="1" bw="28" slack="0"/>
</pin_list>
<bind>
<opcode="zext(34) " fcode="zext"/>
<opset="zext_ln36_202/2 "/>
</bind>
</comp>

<comp id="1489" class="1004" name="grp_fu_1489">
<pin_list>
<pin id="1490" dir="0" index="0" bw="16" slack="0"/>
<pin id="1491" dir="0" index="1" bw="12" slack="0"/>
<pin id="1492" dir="1" index="2" bw="28" slack="0"/>
</pin_list>
<bind>
<opcode="mul(12) " fcode="mul"/>
<opset="xm_165/2 "/>
</bind>
</comp>

<comp id="1495" class="1004" name="zext_ln36_204_fu_1495">
<pin_list>
<pin id="1496" dir="0" index="0" bw="12" slack="0"/>
<pin id="1497" dir="1" index="1" bw="28" slack="0"/>
</pin_list>
<bind>
<opcode="zext(34) " fcode="zext"/>
<opset="zext_ln36_204/2 "/>
</bind>
</comp>

<comp id="1499" class="1004" name="grp_fu_1499">
<pin_list>
<pin id="1500" dir="0" index="0" bw="16" slack="0"/>
<pin id="1501" dir="0" index="1" bw="12" slack="0"/>
<pin id="1502" dir="1" index="2" bw="28" slack="0"/>
</pin_list>
<bind>
<opcode="mul(12) " fcode="mul"/>
<opset="xm_167/2 "/>
</bind>
</comp>

<comp id="1505" class="1004" name="zext_ln36_206_fu_1505">
<pin_list>
<pin id="1506" dir="0" index="0" bw="12" slack="0"/>
<pin id="1507" dir="1" index="1" bw="28" slack="0"/>
</pin_list>
<bind>
<opcode="zext(34) " fcode="zext"/>
<opset="zext_ln36_206/2 "/>
</bind>
</comp>

<comp id="1509" class="1004" name="grp_fu_1509">
<pin_list>
<pin id="1510" dir="0" index="0" bw="16" slack="0"/>
<pin id="1511" dir="0" index="1" bw="12" slack="0"/>
<pin id="1512" dir="1" index="2" bw="28" slack="0"/>
</pin_list>
<bind>
<opcode="mul(12) " fcode="mul"/>
<opset="xm_169/2 "/>
</bind>
</comp>

<comp id="1515" class="1004" name="zext_ln36_208_fu_1515">
<pin_list>
<pin id="1516" dir="0" index="0" bw="12" slack="0"/>
<pin id="1517" dir="1" index="1" bw="28" slack="0"/>
</pin_list>
<bind>
<opcode="zext(34) " fcode="zext"/>
<opset="zext_ln36_208/2 "/>
</bind>
</comp>

<comp id="1519" class="1004" name="grp_fu_1519">
<pin_list>
<pin id="1520" dir="0" index="0" bw="16" slack="0"/>
<pin id="1521" dir="0" index="1" bw="12" slack="0"/>
<pin id="1522" dir="1" index="2" bw="28" slack="0"/>
</pin_list>
<bind>
<opcode="mul(12) " fcode="mul"/>
<opset="xm_171/2 "/>
</bind>
</comp>

<comp id="1525" class="1004" name="zext_ln36_210_fu_1525">
<pin_list>
<pin id="1526" dir="0" index="0" bw="12" slack="0"/>
<pin id="1527" dir="1" index="1" bw="28" slack="0"/>
</pin_list>
<bind>
<opcode="zext(34) " fcode="zext"/>
<opset="zext_ln36_210/2 "/>
</bind>
</comp>

<comp id="1529" class="1004" name="grp_fu_1529">
<pin_list>
<pin id="1530" dir="0" index="0" bw="16" slack="0"/>
<pin id="1531" dir="0" index="1" bw="12" slack="0"/>
<pin id="1532" dir="1" index="2" bw="28" slack="0"/>
</pin_list>
<bind>
<opcode="mul(12) " fcode="mul"/>
<opset="xm_173/2 "/>
</bind>
</comp>

<comp id="1535" class="1004" name="zext_ln36_212_fu_1535">
<pin_list>
<pin id="1536" dir="0" index="0" bw="12" slack="0"/>
<pin id="1537" dir="1" index="1" bw="28" slack="0"/>
</pin_list>
<bind>
<opcode="zext(34) " fcode="zext"/>
<opset="zext_ln36_212/2 "/>
</bind>
</comp>

<comp id="1539" class="1004" name="grp_fu_1539">
<pin_list>
<pin id="1540" dir="0" index="0" bw="16" slack="0"/>
<pin id="1541" dir="0" index="1" bw="12" slack="0"/>
<pin id="1542" dir="1" index="2" bw="28" slack="0"/>
</pin_list>
<bind>
<opcode="mul(12) " fcode="mul"/>
<opset="xm_175/2 "/>
</bind>
</comp>

<comp id="1545" class="1004" name="zext_ln36_213_fu_1545">
<pin_list>
<pin id="1546" dir="0" index="0" bw="12" slack="0"/>
<pin id="1547" dir="1" index="1" bw="28" slack="0"/>
</pin_list>
<bind>
<opcode="zext(34) " fcode="zext"/>
<opset="zext_ln36_213/2 "/>
</bind>
</comp>

<comp id="1549" class="1004" name="grp_fu_1549">
<pin_list>
<pin id="1550" dir="0" index="0" bw="16" slack="0"/>
<pin id="1551" dir="0" index="1" bw="12" slack="0"/>
<pin id="1552" dir="1" index="2" bw="28" slack="0"/>
</pin_list>
<bind>
<opcode="mul(12) " fcode="mul"/>
<opset="xm_162/2 "/>
</bind>
</comp>

<comp id="1555" class="1004" name="w_cast_fu_1555">
<pin_list>
<pin id="1556" dir="0" index="0" bw="12" slack="1"/>
<pin id="1557" dir="1" index="1" bw="24" slack="0"/>
</pin_list>
<bind>
<opcode="zext(34) " fcode="zext"/>
<opset="w_cast/3 "/>
</bind>
</comp>

<comp id="1558" class="1004" name="zext_ln34_fu_1558">
<pin_list>
<pin id="1559" dir="0" index="0" bw="12" slack="1"/>
<pin id="1560" dir="1" index="1" bw="24" slack="0"/>
</pin_list>
<bind>
<opcode="zext(34) " fcode="zext"/>
<opset="zext_ln34/3 "/>
</bind>
</comp>

<comp id="1561" class="1004" name="grp_fu_1561">
<pin_list>
<pin id="1562" dir="0" index="0" bw="12" slack="0"/>
<pin id="1563" dir="0" index="1" bw="12" slack="0"/>
<pin id="1564" dir="1" index="2" bw="24" slack="1"/>
</pin_list>
<bind>
<opcode="mul(12) " fcode="mul"/>
<opset="xw/3 "/>
</bind>
</comp>

<comp id="1567" class="1004" name="w_16_cast_fu_1567">
<pin_list>
<pin id="1568" dir="0" index="0" bw="12" slack="1"/>
<pin id="1569" dir="1" index="1" bw="24" slack="0"/>
</pin_list>
<bind>
<opcode="zext(34) " fcode="zext"/>
<opset="w_16_cast/3 "/>
</bind>
</comp>

<comp id="1570" class="1004" name="w_17_cast_fu_1570">
<pin_list>
<pin id="1571" dir="0" index="0" bw="12" slack="1"/>
<pin id="1572" dir="1" index="1" bw="24" slack="0"/>
</pin_list>
<bind>
<opcode="zext(34) " fcode="zext"/>
<opset="w_17_cast/3 "/>
</bind>
</comp>

<comp id="1573" class="1004" name="w_18_cast_fu_1573">
<pin_list>
<pin id="1574" dir="0" index="0" bw="12" slack="1"/>
<pin id="1575" dir="1" index="1" bw="24" slack="0"/>
</pin_list>
<bind>
<opcode="zext(34) " fcode="zext"/>
<opset="w_18_cast/3 "/>
</bind>
</comp>

<comp id="1576" class="1004" name="w_19_cast_fu_1576">
<pin_list>
<pin id="1577" dir="0" index="0" bw="12" slack="1"/>
<pin id="1578" dir="1" index="1" bw="24" slack="0"/>
</pin_list>
<bind>
<opcode="zext(34) " fcode="zext"/>
<opset="w_19_cast/3 "/>
</bind>
</comp>

<comp id="1579" class="1004" name="w_20_cast_fu_1579">
<pin_list>
<pin id="1580" dir="0" index="0" bw="12" slack="1"/>
<pin id="1581" dir="1" index="1" bw="24" slack="0"/>
</pin_list>
<bind>
<opcode="zext(34) " fcode="zext"/>
<opset="w_20_cast/3 "/>
</bind>
</comp>

<comp id="1582" class="1004" name="w_21_cast_fu_1582">
<pin_list>
<pin id="1583" dir="0" index="0" bw="12" slack="1"/>
<pin id="1584" dir="1" index="1" bw="24" slack="0"/>
</pin_list>
<bind>
<opcode="zext(34) " fcode="zext"/>
<opset="w_21_cast/3 "/>
</bind>
</comp>

<comp id="1585" class="1004" name="w_22_cast_fu_1585">
<pin_list>
<pin id="1586" dir="0" index="0" bw="12" slack="1"/>
<pin id="1587" dir="1" index="1" bw="24" slack="0"/>
</pin_list>
<bind>
<opcode="zext(34) " fcode="zext"/>
<opset="w_22_cast/3 "/>
</bind>
</comp>

<comp id="1588" class="1004" name="zext_ln36_185_fu_1588">
<pin_list>
<pin id="1589" dir="0" index="0" bw="12" slack="1"/>
<pin id="1590" dir="1" index="1" bw="24" slack="0"/>
</pin_list>
<bind>
<opcode="zext(34) " fcode="zext"/>
<opset="zext_ln36_185/3 "/>
</bind>
</comp>

<comp id="1591" class="1004" name="grp_fu_1591">
<pin_list>
<pin id="1592" dir="0" index="0" bw="12" slack="0"/>
<pin id="1593" dir="0" index="1" bw="12" slack="0"/>
<pin id="1594" dir="1" index="2" bw="24" slack="1"/>
</pin_list>
<bind>
<opcode="mul(12) " fcode="mul"/>
<opset="xw_164/3 "/>
</bind>
</comp>

<comp id="1597" class="1004" name="zext_ln36_187_fu_1597">
<pin_list>
<pin id="1598" dir="0" index="0" bw="12" slack="1"/>
<pin id="1599" dir="1" index="1" bw="24" slack="0"/>
</pin_list>
<bind>
<opcode="zext(34) " fcode="zext"/>
<opset="zext_ln36_187/3 "/>
</bind>
</comp>

<comp id="1600" class="1004" name="grp_fu_1600">
<pin_list>
<pin id="1601" dir="0" index="0" bw="12" slack="0"/>
<pin id="1602" dir="0" index="1" bw="12" slack="0"/>
<pin id="1603" dir="1" index="2" bw="24" slack="1"/>
</pin_list>
<bind>
<opcode="mul(12) " fcode="mul"/>
<opset="xw_166/3 "/>
</bind>
</comp>

<comp id="1606" class="1004" name="zext_ln36_189_fu_1606">
<pin_list>
<pin id="1607" dir="0" index="0" bw="12" slack="1"/>
<pin id="1608" dir="1" index="1" bw="24" slack="0"/>
</pin_list>
<bind>
<opcode="zext(34) " fcode="zext"/>
<opset="zext_ln36_189/3 "/>
</bind>
</comp>

<comp id="1609" class="1004" name="grp_fu_1609">
<pin_list>
<pin id="1610" dir="0" index="0" bw="12" slack="0"/>
<pin id="1611" dir="0" index="1" bw="12" slack="0"/>
<pin id="1612" dir="1" index="2" bw="24" slack="1"/>
</pin_list>
<bind>
<opcode="mul(12) " fcode="mul"/>
<opset="xw_168/3 "/>
</bind>
</comp>

<comp id="1615" class="1004" name="zext_ln36_191_fu_1615">
<pin_list>
<pin id="1616" dir="0" index="0" bw="12" slack="1"/>
<pin id="1617" dir="1" index="1" bw="24" slack="0"/>
</pin_list>
<bind>
<opcode="zext(34) " fcode="zext"/>
<opset="zext_ln36_191/3 "/>
</bind>
</comp>

<comp id="1618" class="1004" name="grp_fu_1618">
<pin_list>
<pin id="1619" dir="0" index="0" bw="12" slack="0"/>
<pin id="1620" dir="0" index="1" bw="12" slack="0"/>
<pin id="1621" dir="1" index="2" bw="24" slack="1"/>
</pin_list>
<bind>
<opcode="mul(12) " fcode="mul"/>
<opset="xw_170/3 "/>
</bind>
</comp>

<comp id="1624" class="1004" name="zext_ln36_193_fu_1624">
<pin_list>
<pin id="1625" dir="0" index="0" bw="12" slack="1"/>
<pin id="1626" dir="1" index="1" bw="24" slack="0"/>
</pin_list>
<bind>
<opcode="zext(34) " fcode="zext"/>
<opset="zext_ln36_193/3 "/>
</bind>
</comp>

<comp id="1627" class="1004" name="grp_fu_1627">
<pin_list>
<pin id="1628" dir="0" index="0" bw="12" slack="0"/>
<pin id="1629" dir="0" index="1" bw="12" slack="0"/>
<pin id="1630" dir="1" index="2" bw="24" slack="1"/>
</pin_list>
<bind>
<opcode="mul(12) " fcode="mul"/>
<opset="xw_172/3 "/>
</bind>
</comp>

<comp id="1633" class="1004" name="zext_ln36_195_fu_1633">
<pin_list>
<pin id="1634" dir="0" index="0" bw="12" slack="1"/>
<pin id="1635" dir="1" index="1" bw="24" slack="0"/>
</pin_list>
<bind>
<opcode="zext(34) " fcode="zext"/>
<opset="zext_ln36_195/3 "/>
</bind>
</comp>

<comp id="1636" class="1004" name="grp_fu_1636">
<pin_list>
<pin id="1637" dir="0" index="0" bw="12" slack="0"/>
<pin id="1638" dir="0" index="1" bw="12" slack="0"/>
<pin id="1639" dir="1" index="2" bw="24" slack="1"/>
</pin_list>
<bind>
<opcode="mul(12) " fcode="mul"/>
<opset="xw_174/3 "/>
</bind>
</comp>

<comp id="1642" class="1004" name="zext_ln34_5_fu_1642">
<pin_list>
<pin id="1643" dir="0" index="0" bw="12" slack="1"/>
<pin id="1644" dir="1" index="1" bw="24" slack="0"/>
</pin_list>
<bind>
<opcode="zext(34) " fcode="zext"/>
<opset="zext_ln34_5/3 "/>
</bind>
</comp>

<comp id="1645" class="1004" name="grp_fu_1645">
<pin_list>
<pin id="1646" dir="0" index="0" bw="12" slack="0"/>
<pin id="1647" dir="0" index="1" bw="12" slack="0"/>
<pin id="1648" dir="1" index="2" bw="24" slack="1"/>
</pin_list>
<bind>
<opcode="mul(12) " fcode="mul"/>
<opset="xw_161/3 "/>
</bind>
</comp>

<comp id="1651" class="1004" name="zext_ln36_199_fu_1651">
<pin_list>
<pin id="1652" dir="0" index="0" bw="12" slack="1"/>
<pin id="1653" dir="1" index="1" bw="24" slack="0"/>
</pin_list>
<bind>
<opcode="zext(34) " fcode="zext"/>
<opset="zext_ln36_199/3 "/>
</bind>
</comp>

<comp id="1654" class="1004" name="grp_fu_1654">
<pin_list>
<pin id="1655" dir="0" index="0" bw="12" slack="0"/>
<pin id="1656" dir="0" index="1" bw="12" slack="0"/>
<pin id="1657" dir="1" index="2" bw="24" slack="1"/>
</pin_list>
<bind>
<opcode="mul(12) " fcode="mul"/>
<opset="xw_163/3 "/>
</bind>
</comp>

<comp id="1660" class="1004" name="zext_ln36_201_fu_1660">
<pin_list>
<pin id="1661" dir="0" index="0" bw="12" slack="1"/>
<pin id="1662" dir="1" index="1" bw="24" slack="0"/>
</pin_list>
<bind>
<opcode="zext(34) " fcode="zext"/>
<opset="zext_ln36_201/3 "/>
</bind>
</comp>

<comp id="1663" class="1004" name="grp_fu_1663">
<pin_list>
<pin id="1664" dir="0" index="0" bw="12" slack="0"/>
<pin id="1665" dir="0" index="1" bw="12" slack="0"/>
<pin id="1666" dir="1" index="2" bw="24" slack="1"/>
</pin_list>
<bind>
<opcode="mul(12) " fcode="mul"/>
<opset="xw_165/3 "/>
</bind>
</comp>

<comp id="1669" class="1004" name="zext_ln36_203_fu_1669">
<pin_list>
<pin id="1670" dir="0" index="0" bw="12" slack="1"/>
<pin id="1671" dir="1" index="1" bw="24" slack="0"/>
</pin_list>
<bind>
<opcode="zext(34) " fcode="zext"/>
<opset="zext_ln36_203/3 "/>
</bind>
</comp>

<comp id="1672" class="1004" name="grp_fu_1672">
<pin_list>
<pin id="1673" dir="0" index="0" bw="12" slack="0"/>
<pin id="1674" dir="0" index="1" bw="12" slack="0"/>
<pin id="1675" dir="1" index="2" bw="24" slack="1"/>
</pin_list>
<bind>
<opcode="mul(12) " fcode="mul"/>
<opset="xw_167/3 "/>
</bind>
</comp>

<comp id="1678" class="1004" name="zext_ln36_205_fu_1678">
<pin_list>
<pin id="1679" dir="0" index="0" bw="12" slack="1"/>
<pin id="1680" dir="1" index="1" bw="24" slack="0"/>
</pin_list>
<bind>
<opcode="zext(34) " fcode="zext"/>
<opset="zext_ln36_205/3 "/>
</bind>
</comp>

<comp id="1681" class="1004" name="grp_fu_1681">
<pin_list>
<pin id="1682" dir="0" index="0" bw="12" slack="0"/>
<pin id="1683" dir="0" index="1" bw="12" slack="0"/>
<pin id="1684" dir="1" index="2" bw="24" slack="1"/>
</pin_list>
<bind>
<opcode="mul(12) " fcode="mul"/>
<opset="xw_169/3 "/>
</bind>
</comp>

<comp id="1687" class="1004" name="zext_ln36_207_fu_1687">
<pin_list>
<pin id="1688" dir="0" index="0" bw="12" slack="1"/>
<pin id="1689" dir="1" index="1" bw="24" slack="0"/>
</pin_list>
<bind>
<opcode="zext(34) " fcode="zext"/>
<opset="zext_ln36_207/3 "/>
</bind>
</comp>

<comp id="1690" class="1004" name="grp_fu_1690">
<pin_list>
<pin id="1691" dir="0" index="0" bw="12" slack="0"/>
<pin id="1692" dir="0" index="1" bw="12" slack="0"/>
<pin id="1693" dir="1" index="2" bw="24" slack="1"/>
</pin_list>
<bind>
<opcode="mul(12) " fcode="mul"/>
<opset="xw_171/3 "/>
</bind>
</comp>

<comp id="1696" class="1004" name="zext_ln36_209_fu_1696">
<pin_list>
<pin id="1697" dir="0" index="0" bw="12" slack="1"/>
<pin id="1698" dir="1" index="1" bw="24" slack="0"/>
</pin_list>
<bind>
<opcode="zext(34) " fcode="zext"/>
<opset="zext_ln36_209/3 "/>
</bind>
</comp>

<comp id="1699" class="1004" name="grp_fu_1699">
<pin_list>
<pin id="1700" dir="0" index="0" bw="12" slack="0"/>
<pin id="1701" dir="0" index="1" bw="12" slack="0"/>
<pin id="1702" dir="1" index="2" bw="24" slack="1"/>
</pin_list>
<bind>
<opcode="mul(12) " fcode="mul"/>
<opset="xw_173/3 "/>
</bind>
</comp>

<comp id="1705" class="1004" name="zext_ln36_211_fu_1705">
<pin_list>
<pin id="1706" dir="0" index="0" bw="12" slack="1"/>
<pin id="1707" dir="1" index="1" bw="24" slack="0"/>
</pin_list>
<bind>
<opcode="zext(34) " fcode="zext"/>
<opset="zext_ln36_211/3 "/>
</bind>
</comp>

<comp id="1708" class="1004" name="grp_fu_1708">
<pin_list>
<pin id="1709" dir="0" index="0" bw="12" slack="0"/>
<pin id="1710" dir="0" index="1" bw="12" slack="0"/>
<pin id="1711" dir="1" index="2" bw="24" slack="1"/>
</pin_list>
<bind>
<opcode="mul(12) " fcode="mul"/>
<opset="xw_175/3 "/>
</bind>
</comp>

<comp id="1714" class="1004" name="zext_ln34_6_fu_1714">
<pin_list>
<pin id="1715" dir="0" index="0" bw="12" slack="1"/>
<pin id="1716" dir="1" index="1" bw="24" slack="0"/>
</pin_list>
<bind>
<opcode="zext(34) " fcode="zext"/>
<opset="zext_ln34_6/3 "/>
</bind>
</comp>

<comp id="1717" class="1004" name="grp_fu_1717">
<pin_list>
<pin id="1718" dir="0" index="0" bw="12" slack="0"/>
<pin id="1719" dir="0" index="1" bw="12" slack="0"/>
<pin id="1720" dir="1" index="2" bw="24" slack="1"/>
</pin_list>
<bind>
<opcode="mul(12) " fcode="mul"/>
<opset="xw_162/3 "/>
</bind>
</comp>

<comp id="1723" class="1004" name="tmp_fu_1723">
<pin_list>
<pin id="1724" dir="0" index="0" bw="12" slack="0"/>
<pin id="1725" dir="0" index="1" bw="28" slack="0"/>
<pin id="1726" dir="0" index="2" bw="6" slack="0"/>
<pin id="1727" dir="0" index="3" bw="6" slack="0"/>
<pin id="1728" dir="1" index="4" bw="12" slack="0"/>
</pin_list>
<bind>
<opcode="partselect(1002) " fcode="partselect"/>
<opset="tmp/4 "/>
</bind>
</comp>

<comp id="1733" class="1004" name="zext_ln38_fu_1733">
<pin_list>
<pin id="1734" dir="0" index="0" bw="12" slack="0"/>
<pin id="1735" dir="1" index="1" bw="24" slack="0"/>
</pin_list>
<bind>
<opcode="zext(34) " fcode="zext"/>
<opset="zext_ln38/4 "/>
</bind>
</comp>

<comp id="1737" class="1004" name="tmp_s_fu_1737">
<pin_list>
<pin id="1738" dir="0" index="0" bw="12" slack="0"/>
<pin id="1739" dir="0" index="1" bw="28" slack="0"/>
<pin id="1740" dir="0" index="2" bw="6" slack="0"/>
<pin id="1741" dir="0" index="3" bw="6" slack="0"/>
<pin id="1742" dir="1" index="4" bw="12" slack="0"/>
</pin_list>
<bind>
<opcode="partselect(1002) " fcode="partselect"/>
<opset="tmp_s/4 "/>
</bind>
</comp>

<comp id="1747" class="1004" name="zext_ln39_fu_1747">
<pin_list>
<pin id="1748" dir="0" index="0" bw="12" slack="0"/>
<pin id="1749" dir="1" index="1" bw="24" slack="0"/>
</pin_list>
<bind>
<opcode="zext(34) " fcode="zext"/>
<opset="zext_ln39/4 "/>
</bind>
</comp>

<comp id="1751" class="1004" name="tmp_46_fu_1751">
<pin_list>
<pin id="1752" dir="0" index="0" bw="12" slack="0"/>
<pin id="1753" dir="0" index="1" bw="28" slack="0"/>
<pin id="1754" dir="0" index="2" bw="6" slack="0"/>
<pin id="1755" dir="0" index="3" bw="6" slack="0"/>
<pin id="1756" dir="1" index="4" bw="12" slack="0"/>
</pin_list>
<bind>
<opcode="partselect(1002) " fcode="partselect"/>
<opset="tmp_46/4 "/>
</bind>
</comp>

<comp id="1761" class="1004" name="zext_ln39_25_fu_1761">
<pin_list>
<pin id="1762" dir="0" index="0" bw="12" slack="0"/>
<pin id="1763" dir="1" index="1" bw="24" slack="0"/>
</pin_list>
<bind>
<opcode="zext(34) " fcode="zext"/>
<opset="zext_ln39_25/4 "/>
</bind>
</comp>

<comp id="1765" class="1004" name="tmp_47_fu_1765">
<pin_list>
<pin id="1766" dir="0" index="0" bw="12" slack="0"/>
<pin id="1767" dir="0" index="1" bw="28" slack="0"/>
<pin id="1768" dir="0" index="2" bw="6" slack="0"/>
<pin id="1769" dir="0" index="3" bw="6" slack="0"/>
<pin id="1770" dir="1" index="4" bw="12" slack="0"/>
</pin_list>
<bind>
<opcode="partselect(1002) " fcode="partselect"/>
<opset="tmp_47/4 "/>
</bind>
</comp>

<comp id="1775" class="1004" name="zext_ln39_26_fu_1775">
<pin_list>
<pin id="1776" dir="0" index="0" bw="12" slack="0"/>
<pin id="1777" dir="1" index="1" bw="24" slack="0"/>
</pin_list>
<bind>
<opcode="zext(34) " fcode="zext"/>
<opset="zext_ln39_26/4 "/>
</bind>
</comp>

<comp id="1779" class="1004" name="tmp_48_fu_1779">
<pin_list>
<pin id="1780" dir="0" index="0" bw="12" slack="0"/>
<pin id="1781" dir="0" index="1" bw="28" slack="0"/>
<pin id="1782" dir="0" index="2" bw="6" slack="0"/>
<pin id="1783" dir="0" index="3" bw="6" slack="0"/>
<pin id="1784" dir="1" index="4" bw="12" slack="0"/>
</pin_list>
<bind>
<opcode="partselect(1002) " fcode="partselect"/>
<opset="tmp_48/4 "/>
</bind>
</comp>

<comp id="1789" class="1004" name="zext_ln39_27_fu_1789">
<pin_list>
<pin id="1790" dir="0" index="0" bw="12" slack="0"/>
<pin id="1791" dir="1" index="1" bw="24" slack="0"/>
</pin_list>
<bind>
<opcode="zext(34) " fcode="zext"/>
<opset="zext_ln39_27/4 "/>
</bind>
</comp>

<comp id="1793" class="1004" name="tmp_49_fu_1793">
<pin_list>
<pin id="1794" dir="0" index="0" bw="12" slack="0"/>
<pin id="1795" dir="0" index="1" bw="28" slack="0"/>
<pin id="1796" dir="0" index="2" bw="6" slack="0"/>
<pin id="1797" dir="0" index="3" bw="6" slack="0"/>
<pin id="1798" dir="1" index="4" bw="12" slack="0"/>
</pin_list>
<bind>
<opcode="partselect(1002) " fcode="partselect"/>
<opset="tmp_49/4 "/>
</bind>
</comp>

<comp id="1803" class="1004" name="zext_ln39_28_fu_1803">
<pin_list>
<pin id="1804" dir="0" index="0" bw="12" slack="0"/>
<pin id="1805" dir="1" index="1" bw="24" slack="0"/>
</pin_list>
<bind>
<opcode="zext(34) " fcode="zext"/>
<opset="zext_ln39_28/4 "/>
</bind>
</comp>

<comp id="1807" class="1004" name="tmp_50_fu_1807">
<pin_list>
<pin id="1808" dir="0" index="0" bw="12" slack="0"/>
<pin id="1809" dir="0" index="1" bw="28" slack="0"/>
<pin id="1810" dir="0" index="2" bw="6" slack="0"/>
<pin id="1811" dir="0" index="3" bw="6" slack="0"/>
<pin id="1812" dir="1" index="4" bw="12" slack="0"/>
</pin_list>
<bind>
<opcode="partselect(1002) " fcode="partselect"/>
<opset="tmp_50/4 "/>
</bind>
</comp>

<comp id="1817" class="1004" name="zext_ln39_29_fu_1817">
<pin_list>
<pin id="1818" dir="0" index="0" bw="12" slack="0"/>
<pin id="1819" dir="1" index="1" bw="24" slack="0"/>
</pin_list>
<bind>
<opcode="zext(34) " fcode="zext"/>
<opset="zext_ln39_29/4 "/>
</bind>
</comp>

<comp id="1821" class="1004" name="tmp_51_fu_1821">
<pin_list>
<pin id="1822" dir="0" index="0" bw="12" slack="0"/>
<pin id="1823" dir="0" index="1" bw="28" slack="0"/>
<pin id="1824" dir="0" index="2" bw="6" slack="0"/>
<pin id="1825" dir="0" index="3" bw="6" slack="0"/>
<pin id="1826" dir="1" index="4" bw="12" slack="0"/>
</pin_list>
<bind>
<opcode="partselect(1002) " fcode="partselect"/>
<opset="tmp_51/4 "/>
</bind>
</comp>

<comp id="1831" class="1004" name="zext_ln38_5_fu_1831">
<pin_list>
<pin id="1832" dir="0" index="0" bw="12" slack="0"/>
<pin id="1833" dir="1" index="1" bw="24" slack="0"/>
</pin_list>
<bind>
<opcode="zext(34) " fcode="zext"/>
<opset="zext_ln38_5/4 "/>
</bind>
</comp>

<comp id="1835" class="1004" name="tmp_52_fu_1835">
<pin_list>
<pin id="1836" dir="0" index="0" bw="12" slack="0"/>
<pin id="1837" dir="0" index="1" bw="28" slack="0"/>
<pin id="1838" dir="0" index="2" bw="6" slack="0"/>
<pin id="1839" dir="0" index="3" bw="6" slack="0"/>
<pin id="1840" dir="1" index="4" bw="12" slack="0"/>
</pin_list>
<bind>
<opcode="partselect(1002) " fcode="partselect"/>
<opset="tmp_52/4 "/>
</bind>
</comp>

<comp id="1845" class="1004" name="zext_ln39_30_fu_1845">
<pin_list>
<pin id="1846" dir="0" index="0" bw="12" slack="0"/>
<pin id="1847" dir="1" index="1" bw="24" slack="0"/>
</pin_list>
<bind>
<opcode="zext(34) " fcode="zext"/>
<opset="zext_ln39_30/4 "/>
</bind>
</comp>

<comp id="1849" class="1004" name="tmp_53_fu_1849">
<pin_list>
<pin id="1850" dir="0" index="0" bw="12" slack="0"/>
<pin id="1851" dir="0" index="1" bw="28" slack="0"/>
<pin id="1852" dir="0" index="2" bw="6" slack="0"/>
<pin id="1853" dir="0" index="3" bw="6" slack="0"/>
<pin id="1854" dir="1" index="4" bw="12" slack="0"/>
</pin_list>
<bind>
<opcode="partselect(1002) " fcode="partselect"/>
<opset="tmp_53/4 "/>
</bind>
</comp>

<comp id="1859" class="1004" name="zext_ln39_31_fu_1859">
<pin_list>
<pin id="1860" dir="0" index="0" bw="12" slack="0"/>
<pin id="1861" dir="1" index="1" bw="24" slack="0"/>
</pin_list>
<bind>
<opcode="zext(34) " fcode="zext"/>
<opset="zext_ln39_31/4 "/>
</bind>
</comp>

<comp id="1863" class="1004" name="tmp_54_fu_1863">
<pin_list>
<pin id="1864" dir="0" index="0" bw="12" slack="0"/>
<pin id="1865" dir="0" index="1" bw="28" slack="0"/>
<pin id="1866" dir="0" index="2" bw="6" slack="0"/>
<pin id="1867" dir="0" index="3" bw="6" slack="0"/>
<pin id="1868" dir="1" index="4" bw="12" slack="0"/>
</pin_list>
<bind>
<opcode="partselect(1002) " fcode="partselect"/>
<opset="tmp_54/4 "/>
</bind>
</comp>

<comp id="1873" class="1004" name="zext_ln39_32_fu_1873">
<pin_list>
<pin id="1874" dir="0" index="0" bw="12" slack="0"/>
<pin id="1875" dir="1" index="1" bw="24" slack="0"/>
</pin_list>
<bind>
<opcode="zext(34) " fcode="zext"/>
<opset="zext_ln39_32/4 "/>
</bind>
</comp>

<comp id="1877" class="1004" name="tmp_55_fu_1877">
<pin_list>
<pin id="1878" dir="0" index="0" bw="12" slack="0"/>
<pin id="1879" dir="0" index="1" bw="28" slack="0"/>
<pin id="1880" dir="0" index="2" bw="6" slack="0"/>
<pin id="1881" dir="0" index="3" bw="6" slack="0"/>
<pin id="1882" dir="1" index="4" bw="12" slack="0"/>
</pin_list>
<bind>
<opcode="partselect(1002) " fcode="partselect"/>
<opset="tmp_55/4 "/>
</bind>
</comp>

<comp id="1887" class="1004" name="zext_ln39_33_fu_1887">
<pin_list>
<pin id="1888" dir="0" index="0" bw="12" slack="0"/>
<pin id="1889" dir="1" index="1" bw="24" slack="0"/>
</pin_list>
<bind>
<opcode="zext(34) " fcode="zext"/>
<opset="zext_ln39_33/4 "/>
</bind>
</comp>

<comp id="1891" class="1004" name="tmp_56_fu_1891">
<pin_list>
<pin id="1892" dir="0" index="0" bw="12" slack="0"/>
<pin id="1893" dir="0" index="1" bw="28" slack="0"/>
<pin id="1894" dir="0" index="2" bw="6" slack="0"/>
<pin id="1895" dir="0" index="3" bw="6" slack="0"/>
<pin id="1896" dir="1" index="4" bw="12" slack="0"/>
</pin_list>
<bind>
<opcode="partselect(1002) " fcode="partselect"/>
<opset="tmp_56/4 "/>
</bind>
</comp>

<comp id="1901" class="1004" name="zext_ln39_34_fu_1901">
<pin_list>
<pin id="1902" dir="0" index="0" bw="12" slack="0"/>
<pin id="1903" dir="1" index="1" bw="24" slack="0"/>
</pin_list>
<bind>
<opcode="zext(34) " fcode="zext"/>
<opset="zext_ln39_34/4 "/>
</bind>
</comp>

<comp id="1905" class="1004" name="tmp_57_fu_1905">
<pin_list>
<pin id="1906" dir="0" index="0" bw="12" slack="0"/>
<pin id="1907" dir="0" index="1" bw="28" slack="0"/>
<pin id="1908" dir="0" index="2" bw="6" slack="0"/>
<pin id="1909" dir="0" index="3" bw="6" slack="0"/>
<pin id="1910" dir="1" index="4" bw="12" slack="0"/>
</pin_list>
<bind>
<opcode="partselect(1002) " fcode="partselect"/>
<opset="tmp_57/4 "/>
</bind>
</comp>

<comp id="1915" class="1004" name="zext_ln39_35_fu_1915">
<pin_list>
<pin id="1916" dir="0" index="0" bw="12" slack="0"/>
<pin id="1917" dir="1" index="1" bw="24" slack="0"/>
</pin_list>
<bind>
<opcode="zext(34) " fcode="zext"/>
<opset="zext_ln39_35/4 "/>
</bind>
</comp>

<comp id="1919" class="1004" name="tmp_58_fu_1919">
<pin_list>
<pin id="1920" dir="0" index="0" bw="12" slack="0"/>
<pin id="1921" dir="0" index="1" bw="28" slack="0"/>
<pin id="1922" dir="0" index="2" bw="6" slack="0"/>
<pin id="1923" dir="0" index="3" bw="6" slack="0"/>
<pin id="1924" dir="1" index="4" bw="12" slack="0"/>
</pin_list>
<bind>
<opcode="partselect(1002) " fcode="partselect"/>
<opset="tmp_58/4 "/>
</bind>
</comp>

<comp id="1929" class="1004" name="zext_ln39_36_fu_1929">
<pin_list>
<pin id="1930" dir="0" index="0" bw="12" slack="0"/>
<pin id="1931" dir="1" index="1" bw="24" slack="0"/>
</pin_list>
<bind>
<opcode="zext(34) " fcode="zext"/>
<opset="zext_ln39_36/4 "/>
</bind>
</comp>

<comp id="1933" class="1004" name="tmp_59_fu_1933">
<pin_list>
<pin id="1934" dir="0" index="0" bw="12" slack="0"/>
<pin id="1935" dir="0" index="1" bw="28" slack="0"/>
<pin id="1936" dir="0" index="2" bw="6" slack="0"/>
<pin id="1937" dir="0" index="3" bw="6" slack="0"/>
<pin id="1938" dir="1" index="4" bw="12" slack="0"/>
</pin_list>
<bind>
<opcode="partselect(1002) " fcode="partselect"/>
<opset="tmp_59/4 "/>
</bind>
</comp>

<comp id="1943" class="1004" name="zext_ln38_6_fu_1943">
<pin_list>
<pin id="1944" dir="0" index="0" bw="12" slack="0"/>
<pin id="1945" dir="1" index="1" bw="24" slack="0"/>
</pin_list>
<bind>
<opcode="zext(34) " fcode="zext"/>
<opset="zext_ln38_6/4 "/>
</bind>
</comp>

<comp id="1947" class="1004" name="zext_ln83_fu_1947">
<pin_list>
<pin id="1948" dir="0" index="0" bw="12" slack="0"/>
<pin id="1949" dir="1" index="1" bw="25" slack="0"/>
</pin_list>
<bind>
<opcode="zext(34) " fcode="zext"/>
<opset="zext_ln83/6 "/>
</bind>
</comp>

<comp id="1951" class="1004" name="zext_ln40_fu_1951">
<pin_list>
<pin id="1952" dir="0" index="0" bw="24" slack="1"/>
<pin id="1953" dir="1" index="1" bw="25" slack="0"/>
</pin_list>
<bind>
<opcode="zext(34) " fcode="zext"/>
<opset="zext_ln40/6 "/>
</bind>
</comp>

<comp id="1954" class="1004" name="icmp_ln44_fu_1954">
<pin_list>
<pin id="1955" dir="0" index="0" bw="25" slack="0"/>
<pin id="1956" dir="0" index="1" bw="13" slack="0"/>
<pin id="1957" dir="1" index="2" bw="1" slack="0"/>
</pin_list>
<bind>
<opcode="icmp(45) " fcode="icmp"/>
<opset="icmp_ln44/6 "/>
</bind>
</comp>

<comp id="1959" class="1004" name="add_ln44_fu_1959">
<pin_list>
<pin id="1960" dir="0" index="0" bw="25" slack="0"/>
<pin id="1961" dir="0" index="1" bw="13" slack="0"/>
<pin id="1962" dir="1" index="2" bw="25" slack="0"/>
</pin_list>
<bind>
<opcode="add(8) " fcode="add"/>
<opset="add_ln44/6 "/>
</bind>
</comp>

<comp id="1964" class="1004" name="tA_fu_1964">
<pin_list>
<pin id="1965" dir="0" index="0" bw="1" slack="0"/>
<pin id="1966" dir="0" index="1" bw="25" slack="0"/>
<pin id="1967" dir="0" index="2" bw="25" slack="0"/>
<pin id="1968" dir="1" index="3" bw="25" slack="0"/>
</pin_list>
<bind>
<opcode="select(49) " fcode="select"/>
<opset="tA/6 "/>
</bind>
</comp>

<comp id="1971" class="1004" name="trunc_ln83_fu_1971">
<pin_list>
<pin id="1972" dir="0" index="0" bw="25" slack="0"/>
<pin id="1973" dir="1" index="1" bw="12" slack="0"/>
</pin_list>
<bind>
<opcode="trunc(33) " fcode="trunc"/>
<opset="trunc_ln83/6 "/>
</bind>
</comp>

<comp id="1975" class="1004" name="s_fu_1975">
<pin_list>
<pin id="1976" dir="0" index="0" bw="25" slack="0"/>
<pin id="1977" dir="0" index="1" bw="12" slack="0"/>
<pin id="1978" dir="1" index="2" bw="25" slack="0"/>
</pin_list>
<bind>
<opcode="add(8) " fcode="add"/>
<opset="s/6 "/>
</bind>
</comp>

<comp id="1981" class="1004" name="icmp_ln48_fu_1981">
<pin_list>
<pin id="1982" dir="0" index="0" bw="25" slack="0"/>
<pin id="1983" dir="0" index="1" bw="13" slack="0"/>
<pin id="1984" dir="1" index="2" bw="1" slack="0"/>
</pin_list>
<bind>
<opcode="icmp(45) " fcode="icmp"/>
<opset="icmp_ln48/6 "/>
</bind>
</comp>

<comp id="1987" class="1004" name="trunc_ln48_fu_1987">
<pin_list>
<pin id="1988" dir="0" index="0" bw="25" slack="0"/>
<pin id="1989" dir="1" index="1" bw="12" slack="0"/>
</pin_list>
<bind>
<opcode="trunc(33) " fcode="trunc"/>
<opset="trunc_ln48/6 "/>
</bind>
</comp>

<comp id="1991" class="1004" name="add_ln48_fu_1991">
<pin_list>
<pin id="1992" dir="0" index="0" bw="12" slack="0"/>
<pin id="1993" dir="0" index="1" bw="11" slack="0"/>
<pin id="1994" dir="1" index="2" bw="12" slack="0"/>
</pin_list>
<bind>
<opcode="add(8) " fcode="add"/>
<opset="add_ln48/6 "/>
</bind>
</comp>

<comp id="1997" class="1004" name="select_ln48_fu_1997">
<pin_list>
<pin id="1998" dir="0" index="0" bw="1" slack="0"/>
<pin id="1999" dir="0" index="1" bw="12" slack="0"/>
<pin id="2000" dir="0" index="2" bw="12" slack="0"/>
<pin id="2001" dir="1" index="3" bw="12" slack="0"/>
</pin_list>
<bind>
<opcode="select(49) " fcode="select"/>
<opset="select_ln48/6 "/>
</bind>
</comp>

<comp id="2006" class="1004" name="icmp_ln52_fu_2006">
<pin_list>
<pin id="2007" dir="0" index="0" bw="12" slack="0"/>
<pin id="2008" dir="0" index="1" bw="25" slack="0"/>
<pin id="2009" dir="1" index="2" bw="1" slack="0"/>
</pin_list>
<bind>
<opcode="icmp(45) " fcode="icmp"/>
<opset="icmp_ln52/6 "/>
</bind>
</comp>

<comp id="2012" class="1004" name="xor_ln52_fu_2012">
<pin_list>
<pin id="2013" dir="0" index="0" bw="1" slack="0"/>
<pin id="2014" dir="0" index="1" bw="1" slack="0"/>
<pin id="2015" dir="1" index="2" bw="1" slack="0"/>
</pin_list>
<bind>
<opcode="xor(25) " fcode="xor"/>
<opset="xor_ln52/6 "/>
</bind>
</comp>

<comp id="2018" class="1004" name="add_ln52_fu_2018">
<pin_list>
<pin id="2019" dir="0" index="0" bw="12" slack="0"/>
<pin id="2020" dir="0" index="1" bw="11" slack="0"/>
<pin id="2021" dir="1" index="2" bw="12" slack="0"/>
</pin_list>
<bind>
<opcode="add(8) " fcode="add"/>
<opset="add_ln52/6 "/>
</bind>
</comp>

<comp id="2024" class="1004" name="select_ln52_fu_2024">
<pin_list>
<pin id="2025" dir="0" index="0" bw="1" slack="0"/>
<pin id="2026" dir="0" index="1" bw="12" slack="0"/>
<pin id="2027" dir="0" index="2" bw="12" slack="0"/>
<pin id="2028" dir="1" index="3" bw="12" slack="0"/>
</pin_list>
<bind>
<opcode="select(49) " fcode="select"/>
<opset="select_ln52/6 "/>
</bind>
</comp>

<comp id="2032" class="1004" name="sub_ln84_fu_2032">
<pin_list>
<pin id="2033" dir="0" index="0" bw="12" slack="0"/>
<pin id="2034" dir="0" index="1" bw="12" slack="0"/>
<pin id="2035" dir="1" index="2" bw="12" slack="0"/>
</pin_list>
<bind>
<opcode="sub(10) " fcode="sub"/>
<opset="sub_ln84/6 "/>
</bind>
</comp>

<comp id="2039" class="1004" name="zext_ln52_fu_2039">
<pin_list>
<pin id="2040" dir="0" index="0" bw="12" slack="0"/>
<pin id="2041" dir="1" index="1" bw="25" slack="0"/>
</pin_list>
<bind>
<opcode="zext(34) " fcode="zext"/>
<opset="zext_ln52/6 "/>
</bind>
</comp>

<comp id="2043" class="1004" name="add_ln52_80_fu_2043">
<pin_list>
<pin id="2044" dir="0" index="0" bw="12" slack="0"/>
<pin id="2045" dir="0" index="1" bw="11" slack="0"/>
<pin id="2046" dir="1" index="2" bw="12" slack="0"/>
</pin_list>
<bind>
<opcode="add(8) " fcode="add"/>
<opset="add_ln52_80/6 "/>
</bind>
</comp>

<comp id="2049" class="1004" name="zext_ln40_31_fu_2049">
<pin_list>
<pin id="2050" dir="0" index="0" bw="24" slack="1"/>
<pin id="2051" dir="1" index="1" bw="25" slack="0"/>
</pin_list>
<bind>
<opcode="zext(34) " fcode="zext"/>
<opset="zext_ln40_31/6 "/>
</bind>
</comp>

<comp id="2052" class="1004" name="icmp_ln44_80_fu_2052">
<pin_list>
<pin id="2053" dir="0" index="0" bw="25" slack="0"/>
<pin id="2054" dir="0" index="1" bw="13" slack="0"/>
<pin id="2055" dir="1" index="2" bw="1" slack="0"/>
</pin_list>
<bind>
<opcode="icmp(45) " fcode="icmp"/>
<opset="icmp_ln44_80/6 "/>
</bind>
</comp>

<comp id="2057" class="1004" name="add_ln44_80_fu_2057">
<pin_list>
<pin id="2058" dir="0" index="0" bw="25" slack="0"/>
<pin id="2059" dir="0" index="1" bw="13" slack="0"/>
<pin id="2060" dir="1" index="2" bw="25" slack="0"/>
</pin_list>
<bind>
<opcode="add(8) " fcode="add"/>
<opset="add_ln44_80/6 "/>
</bind>
</comp>

<comp id="2062" class="1004" name="tA_29_fu_2062">
<pin_list>
<pin id="2063" dir="0" index="0" bw="1" slack="0"/>
<pin id="2064" dir="0" index="1" bw="25" slack="0"/>
<pin id="2065" dir="0" index="2" bw="25" slack="0"/>
<pin id="2066" dir="1" index="3" bw="25" slack="0"/>
</pin_list>
<bind>
<opcode="select(49) " fcode="select"/>
<opset="tA_29/6 "/>
</bind>
</comp>

<comp id="2069" class="1004" name="trunc_ln48_106_fu_2069">
<pin_list>
<pin id="2070" dir="0" index="0" bw="25" slack="0"/>
<pin id="2071" dir="1" index="1" bw="12" slack="0"/>
</pin_list>
<bind>
<opcode="trunc(33) " fcode="trunc"/>
<opset="trunc_ln48_106/6 "/>
</bind>
</comp>

<comp id="2073" class="1004" name="s_164_fu_2073">
<pin_list>
<pin id="2074" dir="0" index="0" bw="25" slack="0"/>
<pin id="2075" dir="0" index="1" bw="12" slack="0"/>
<pin id="2076" dir="1" index="2" bw="25" slack="0"/>
</pin_list>
<bind>
<opcode="add(8) " fcode="add"/>
<opset="s_164/6 "/>
</bind>
</comp>

<comp id="2079" class="1004" name="icmp_ln48_80_fu_2079">
<pin_list>
<pin id="2080" dir="0" index="0" bw="25" slack="0"/>
<pin id="2081" dir="0" index="1" bw="13" slack="0"/>
<pin id="2082" dir="1" index="2" bw="1" slack="0"/>
</pin_list>
<bind>
<opcode="icmp(45) " fcode="icmp"/>
<opset="icmp_ln48_80/6 "/>
</bind>
</comp>

<comp id="2085" class="1004" name="trunc_ln48_107_fu_2085">
<pin_list>
<pin id="2086" dir="0" index="0" bw="25" slack="0"/>
<pin id="2087" dir="1" index="1" bw="12" slack="0"/>
</pin_list>
<bind>
<opcode="trunc(33) " fcode="trunc"/>
<opset="trunc_ln48_107/6 "/>
</bind>
</comp>

<comp id="2089" class="1004" name="add_ln48_160_fu_2089">
<pin_list>
<pin id="2090" dir="0" index="0" bw="12" slack="0"/>
<pin id="2091" dir="0" index="1" bw="11" slack="0"/>
<pin id="2092" dir="1" index="2" bw="12" slack="0"/>
</pin_list>
<bind>
<opcode="add(8) " fcode="add"/>
<opset="add_ln48_160/6 "/>
</bind>
</comp>

<comp id="2095" class="1004" name="select_ln48_80_fu_2095">
<pin_list>
<pin id="2096" dir="0" index="0" bw="1" slack="0"/>
<pin id="2097" dir="0" index="1" bw="12" slack="0"/>
<pin id="2098" dir="0" index="2" bw="12" slack="0"/>
<pin id="2099" dir="1" index="3" bw="12" slack="0"/>
</pin_list>
<bind>
<opcode="select(49) " fcode="select"/>
<opset="select_ln48_80/6 "/>
</bind>
</comp>

<comp id="2104" class="1004" name="icmp_ln52_80_fu_2104">
<pin_list>
<pin id="2105" dir="0" index="0" bw="12" slack="0"/>
<pin id="2106" dir="0" index="1" bw="25" slack="0"/>
<pin id="2107" dir="1" index="2" bw="1" slack="0"/>
</pin_list>
<bind>
<opcode="icmp(45) " fcode="icmp"/>
<opset="icmp_ln52_80/6 "/>
</bind>
</comp>

<comp id="2110" class="1004" name="xor_ln52_80_fu_2110">
<pin_list>
<pin id="2111" dir="0" index="0" bw="1" slack="0"/>
<pin id="2112" dir="0" index="1" bw="1" slack="0"/>
<pin id="2113" dir="1" index="2" bw="1" slack="0"/>
</pin_list>
<bind>
<opcode="xor(25) " fcode="xor"/>
<opset="xor_ln52_80/6 "/>
</bind>
</comp>

<comp id="2116" class="1004" name="select_ln52_80_fu_2116">
<pin_list>
<pin id="2117" dir="0" index="0" bw="1" slack="0"/>
<pin id="2118" dir="0" index="1" bw="12" slack="0"/>
<pin id="2119" dir="0" index="2" bw="12" slack="0"/>
<pin id="2120" dir="1" index="3" bw="12" slack="0"/>
</pin_list>
<bind>
<opcode="select(49) " fcode="select"/>
<opset="select_ln52_80/6 "/>
</bind>
</comp>

<comp id="2124" class="1004" name="sub_ln84_15_fu_2124">
<pin_list>
<pin id="2125" dir="0" index="0" bw="12" slack="0"/>
<pin id="2126" dir="0" index="1" bw="12" slack="0"/>
<pin id="2127" dir="1" index="2" bw="12" slack="0"/>
</pin_list>
<bind>
<opcode="sub(10) " fcode="sub"/>
<opset="sub_ln84_15/6 "/>
</bind>
</comp>

<comp id="2131" class="1004" name="zext_ln52_74_fu_2131">
<pin_list>
<pin id="2132" dir="0" index="0" bw="12" slack="0"/>
<pin id="2133" dir="1" index="1" bw="25" slack="0"/>
</pin_list>
<bind>
<opcode="zext(34) " fcode="zext"/>
<opset="zext_ln52_74/6 "/>
</bind>
</comp>

<comp id="2135" class="1004" name="add_ln52_81_fu_2135">
<pin_list>
<pin id="2136" dir="0" index="0" bw="12" slack="0"/>
<pin id="2137" dir="0" index="1" bw="11" slack="0"/>
<pin id="2138" dir="1" index="2" bw="12" slack="0"/>
</pin_list>
<bind>
<opcode="add(8) " fcode="add"/>
<opset="add_ln52_81/6 "/>
</bind>
</comp>

<comp id="2141" class="1004" name="zext_ln40_32_fu_2141">
<pin_list>
<pin id="2142" dir="0" index="0" bw="24" slack="1"/>
<pin id="2143" dir="1" index="1" bw="25" slack="0"/>
</pin_list>
<bind>
<opcode="zext(34) " fcode="zext"/>
<opset="zext_ln40_32/6 "/>
</bind>
</comp>

<comp id="2144" class="1004" name="icmp_ln44_81_fu_2144">
<pin_list>
<pin id="2145" dir="0" index="0" bw="25" slack="0"/>
<pin id="2146" dir="0" index="1" bw="13" slack="0"/>
<pin id="2147" dir="1" index="2" bw="1" slack="0"/>
</pin_list>
<bind>
<opcode="icmp(45) " fcode="icmp"/>
<opset="icmp_ln44_81/6 "/>
</bind>
</comp>

<comp id="2149" class="1004" name="add_ln44_81_fu_2149">
<pin_list>
<pin id="2150" dir="0" index="0" bw="25" slack="0"/>
<pin id="2151" dir="0" index="1" bw="13" slack="0"/>
<pin id="2152" dir="1" index="2" bw="25" slack="0"/>
</pin_list>
<bind>
<opcode="add(8) " fcode="add"/>
<opset="add_ln44_81/6 "/>
</bind>
</comp>

<comp id="2154" class="1004" name="tA_30_fu_2154">
<pin_list>
<pin id="2155" dir="0" index="0" bw="1" slack="0"/>
<pin id="2156" dir="0" index="1" bw="25" slack="0"/>
<pin id="2157" dir="0" index="2" bw="25" slack="0"/>
<pin id="2158" dir="1" index="3" bw="25" slack="0"/>
</pin_list>
<bind>
<opcode="select(49) " fcode="select"/>
<opset="tA_30/6 "/>
</bind>
</comp>

<comp id="2161" class="1004" name="trunc_ln48_108_fu_2161">
<pin_list>
<pin id="2162" dir="0" index="0" bw="25" slack="0"/>
<pin id="2163" dir="1" index="1" bw="12" slack="0"/>
</pin_list>
<bind>
<opcode="trunc(33) " fcode="trunc"/>
<opset="trunc_ln48_108/6 "/>
</bind>
</comp>

<comp id="2165" class="1004" name="s_166_fu_2165">
<pin_list>
<pin id="2166" dir="0" index="0" bw="25" slack="0"/>
<pin id="2167" dir="0" index="1" bw="12" slack="0"/>
<pin id="2168" dir="1" index="2" bw="25" slack="0"/>
</pin_list>
<bind>
<opcode="add(8) " fcode="add"/>
<opset="s_166/6 "/>
</bind>
</comp>

<comp id="2171" class="1004" name="icmp_ln48_81_fu_2171">
<pin_list>
<pin id="2172" dir="0" index="0" bw="25" slack="0"/>
<pin id="2173" dir="0" index="1" bw="13" slack="0"/>
<pin id="2174" dir="1" index="2" bw="1" slack="0"/>
</pin_list>
<bind>
<opcode="icmp(45) " fcode="icmp"/>
<opset="icmp_ln48_81/6 "/>
</bind>
</comp>

<comp id="2177" class="1004" name="trunc_ln48_109_fu_2177">
<pin_list>
<pin id="2178" dir="0" index="0" bw="25" slack="0"/>
<pin id="2179" dir="1" index="1" bw="12" slack="0"/>
</pin_list>
<bind>
<opcode="trunc(33) " fcode="trunc"/>
<opset="trunc_ln48_109/6 "/>
</bind>
</comp>

<comp id="2181" class="1004" name="add_ln48_162_fu_2181">
<pin_list>
<pin id="2182" dir="0" index="0" bw="12" slack="0"/>
<pin id="2183" dir="0" index="1" bw="11" slack="0"/>
<pin id="2184" dir="1" index="2" bw="12" slack="0"/>
</pin_list>
<bind>
<opcode="add(8) " fcode="add"/>
<opset="add_ln48_162/6 "/>
</bind>
</comp>

<comp id="2187" class="1004" name="select_ln48_81_fu_2187">
<pin_list>
<pin id="2188" dir="0" index="0" bw="1" slack="0"/>
<pin id="2189" dir="0" index="1" bw="12" slack="0"/>
<pin id="2190" dir="0" index="2" bw="12" slack="0"/>
<pin id="2191" dir="1" index="3" bw="12" slack="0"/>
</pin_list>
<bind>
<opcode="select(49) " fcode="select"/>
<opset="select_ln48_81/6 "/>
</bind>
</comp>

<comp id="2196" class="1004" name="icmp_ln52_81_fu_2196">
<pin_list>
<pin id="2197" dir="0" index="0" bw="12" slack="0"/>
<pin id="2198" dir="0" index="1" bw="25" slack="0"/>
<pin id="2199" dir="1" index="2" bw="1" slack="0"/>
</pin_list>
<bind>
<opcode="icmp(45) " fcode="icmp"/>
<opset="icmp_ln52_81/6 "/>
</bind>
</comp>

<comp id="2202" class="1004" name="xor_ln52_81_fu_2202">
<pin_list>
<pin id="2203" dir="0" index="0" bw="1" slack="0"/>
<pin id="2204" dir="0" index="1" bw="1" slack="0"/>
<pin id="2205" dir="1" index="2" bw="1" slack="0"/>
</pin_list>
<bind>
<opcode="xor(25) " fcode="xor"/>
<opset="xor_ln52_81/6 "/>
</bind>
</comp>

<comp id="2208" class="1004" name="select_ln52_81_fu_2208">
<pin_list>
<pin id="2209" dir="0" index="0" bw="1" slack="0"/>
<pin id="2210" dir="0" index="1" bw="12" slack="0"/>
<pin id="2211" dir="0" index="2" bw="12" slack="0"/>
<pin id="2212" dir="1" index="3" bw="12" slack="0"/>
</pin_list>
<bind>
<opcode="select(49) " fcode="select"/>
<opset="select_ln52_81/6 "/>
</bind>
</comp>

<comp id="2216" class="1004" name="sub_ln84_16_fu_2216">
<pin_list>
<pin id="2217" dir="0" index="0" bw="12" slack="0"/>
<pin id="2218" dir="0" index="1" bw="12" slack="0"/>
<pin id="2219" dir="1" index="2" bw="12" slack="0"/>
</pin_list>
<bind>
<opcode="sub(10) " fcode="sub"/>
<opset="sub_ln84_16/6 "/>
</bind>
</comp>

<comp id="2223" class="1004" name="zext_ln52_75_fu_2223">
<pin_list>
<pin id="2224" dir="0" index="0" bw="12" slack="0"/>
<pin id="2225" dir="1" index="1" bw="25" slack="0"/>
</pin_list>
<bind>
<opcode="zext(34) " fcode="zext"/>
<opset="zext_ln52_75/6 "/>
</bind>
</comp>

<comp id="2227" class="1004" name="add_ln52_82_fu_2227">
<pin_list>
<pin id="2228" dir="0" index="0" bw="12" slack="0"/>
<pin id="2229" dir="0" index="1" bw="11" slack="0"/>
<pin id="2230" dir="1" index="2" bw="12" slack="0"/>
</pin_list>
<bind>
<opcode="add(8) " fcode="add"/>
<opset="add_ln52_82/6 "/>
</bind>
</comp>

<comp id="2233" class="1004" name="zext_ln40_33_fu_2233">
<pin_list>
<pin id="2234" dir="0" index="0" bw="24" slack="1"/>
<pin id="2235" dir="1" index="1" bw="25" slack="0"/>
</pin_list>
<bind>
<opcode="zext(34) " fcode="zext"/>
<opset="zext_ln40_33/6 "/>
</bind>
</comp>

<comp id="2236" class="1004" name="icmp_ln44_82_fu_2236">
<pin_list>
<pin id="2237" dir="0" index="0" bw="25" slack="0"/>
<pin id="2238" dir="0" index="1" bw="13" slack="0"/>
<pin id="2239" dir="1" index="2" bw="1" slack="0"/>
</pin_list>
<bind>
<opcode="icmp(45) " fcode="icmp"/>
<opset="icmp_ln44_82/6 "/>
</bind>
</comp>

<comp id="2241" class="1004" name="add_ln44_82_fu_2241">
<pin_list>
<pin id="2242" dir="0" index="0" bw="25" slack="0"/>
<pin id="2243" dir="0" index="1" bw="13" slack="0"/>
<pin id="2244" dir="1" index="2" bw="25" slack="0"/>
</pin_list>
<bind>
<opcode="add(8) " fcode="add"/>
<opset="add_ln44_82/6 "/>
</bind>
</comp>

<comp id="2246" class="1004" name="tA_31_fu_2246">
<pin_list>
<pin id="2247" dir="0" index="0" bw="1" slack="0"/>
<pin id="2248" dir="0" index="1" bw="25" slack="0"/>
<pin id="2249" dir="0" index="2" bw="25" slack="0"/>
<pin id="2250" dir="1" index="3" bw="25" slack="0"/>
</pin_list>
<bind>
<opcode="select(49) " fcode="select"/>
<opset="tA_31/6 "/>
</bind>
</comp>

<comp id="2253" class="1004" name="trunc_ln48_110_fu_2253">
<pin_list>
<pin id="2254" dir="0" index="0" bw="25" slack="0"/>
<pin id="2255" dir="1" index="1" bw="12" slack="0"/>
</pin_list>
<bind>
<opcode="trunc(33) " fcode="trunc"/>
<opset="trunc_ln48_110/6 "/>
</bind>
</comp>

<comp id="2257" class="1004" name="s_168_fu_2257">
<pin_list>
<pin id="2258" dir="0" index="0" bw="25" slack="0"/>
<pin id="2259" dir="0" index="1" bw="12" slack="0"/>
<pin id="2260" dir="1" index="2" bw="25" slack="0"/>
</pin_list>
<bind>
<opcode="add(8) " fcode="add"/>
<opset="s_168/6 "/>
</bind>
</comp>

<comp id="2263" class="1004" name="icmp_ln48_82_fu_2263">
<pin_list>
<pin id="2264" dir="0" index="0" bw="25" slack="0"/>
<pin id="2265" dir="0" index="1" bw="13" slack="0"/>
<pin id="2266" dir="1" index="2" bw="1" slack="0"/>
</pin_list>
<bind>
<opcode="icmp(45) " fcode="icmp"/>
<opset="icmp_ln48_82/6 "/>
</bind>
</comp>

<comp id="2269" class="1004" name="trunc_ln48_111_fu_2269">
<pin_list>
<pin id="2270" dir="0" index="0" bw="25" slack="0"/>
<pin id="2271" dir="1" index="1" bw="12" slack="0"/>
</pin_list>
<bind>
<opcode="trunc(33) " fcode="trunc"/>
<opset="trunc_ln48_111/6 "/>
</bind>
</comp>

<comp id="2273" class="1004" name="add_ln48_164_fu_2273">
<pin_list>
<pin id="2274" dir="0" index="0" bw="12" slack="0"/>
<pin id="2275" dir="0" index="1" bw="11" slack="0"/>
<pin id="2276" dir="1" index="2" bw="12" slack="0"/>
</pin_list>
<bind>
<opcode="add(8) " fcode="add"/>
<opset="add_ln48_164/6 "/>
</bind>
</comp>

<comp id="2279" class="1004" name="select_ln48_82_fu_2279">
<pin_list>
<pin id="2280" dir="0" index="0" bw="1" slack="0"/>
<pin id="2281" dir="0" index="1" bw="12" slack="0"/>
<pin id="2282" dir="0" index="2" bw="12" slack="0"/>
<pin id="2283" dir="1" index="3" bw="12" slack="0"/>
</pin_list>
<bind>
<opcode="select(49) " fcode="select"/>
<opset="select_ln48_82/6 "/>
</bind>
</comp>

<comp id="2288" class="1004" name="icmp_ln52_82_fu_2288">
<pin_list>
<pin id="2289" dir="0" index="0" bw="12" slack="0"/>
<pin id="2290" dir="0" index="1" bw="25" slack="0"/>
<pin id="2291" dir="1" index="2" bw="1" slack="0"/>
</pin_list>
<bind>
<opcode="icmp(45) " fcode="icmp"/>
<opset="icmp_ln52_82/6 "/>
</bind>
</comp>

<comp id="2294" class="1004" name="xor_ln52_82_fu_2294">
<pin_list>
<pin id="2295" dir="0" index="0" bw="1" slack="0"/>
<pin id="2296" dir="0" index="1" bw="1" slack="0"/>
<pin id="2297" dir="1" index="2" bw="1" slack="0"/>
</pin_list>
<bind>
<opcode="xor(25) " fcode="xor"/>
<opset="xor_ln52_82/6 "/>
</bind>
</comp>

<comp id="2300" class="1004" name="select_ln52_82_fu_2300">
<pin_list>
<pin id="2301" dir="0" index="0" bw="1" slack="0"/>
<pin id="2302" dir="0" index="1" bw="12" slack="0"/>
<pin id="2303" dir="0" index="2" bw="12" slack="0"/>
<pin id="2304" dir="1" index="3" bw="12" slack="0"/>
</pin_list>
<bind>
<opcode="select(49) " fcode="select"/>
<opset="select_ln52_82/6 "/>
</bind>
</comp>

<comp id="2308" class="1004" name="sub_ln84_17_fu_2308">
<pin_list>
<pin id="2309" dir="0" index="0" bw="12" slack="0"/>
<pin id="2310" dir="0" index="1" bw="12" slack="0"/>
<pin id="2311" dir="1" index="2" bw="12" slack="0"/>
</pin_list>
<bind>
<opcode="sub(10) " fcode="sub"/>
<opset="sub_ln84_17/6 "/>
</bind>
</comp>

<comp id="2315" class="1004" name="zext_ln52_76_fu_2315">
<pin_list>
<pin id="2316" dir="0" index="0" bw="12" slack="0"/>
<pin id="2317" dir="1" index="1" bw="25" slack="0"/>
</pin_list>
<bind>
<opcode="zext(34) " fcode="zext"/>
<opset="zext_ln52_76/6 "/>
</bind>
</comp>

<comp id="2319" class="1004" name="add_ln52_83_fu_2319">
<pin_list>
<pin id="2320" dir="0" index="0" bw="12" slack="0"/>
<pin id="2321" dir="0" index="1" bw="11" slack="0"/>
<pin id="2322" dir="1" index="2" bw="12" slack="0"/>
</pin_list>
<bind>
<opcode="add(8) " fcode="add"/>
<opset="add_ln52_83/6 "/>
</bind>
</comp>

<comp id="2325" class="1004" name="zext_ln40_34_fu_2325">
<pin_list>
<pin id="2326" dir="0" index="0" bw="24" slack="1"/>
<pin id="2327" dir="1" index="1" bw="25" slack="0"/>
</pin_list>
<bind>
<opcode="zext(34) " fcode="zext"/>
<opset="zext_ln40_34/6 "/>
</bind>
</comp>

<comp id="2328" class="1004" name="icmp_ln44_83_fu_2328">
<pin_list>
<pin id="2329" dir="0" index="0" bw="25" slack="0"/>
<pin id="2330" dir="0" index="1" bw="13" slack="0"/>
<pin id="2331" dir="1" index="2" bw="1" slack="0"/>
</pin_list>
<bind>
<opcode="icmp(45) " fcode="icmp"/>
<opset="icmp_ln44_83/6 "/>
</bind>
</comp>

<comp id="2333" class="1004" name="add_ln44_83_fu_2333">
<pin_list>
<pin id="2334" dir="0" index="0" bw="25" slack="0"/>
<pin id="2335" dir="0" index="1" bw="13" slack="0"/>
<pin id="2336" dir="1" index="2" bw="25" slack="0"/>
</pin_list>
<bind>
<opcode="add(8) " fcode="add"/>
<opset="add_ln44_83/6 "/>
</bind>
</comp>

<comp id="2338" class="1004" name="tA_32_fu_2338">
<pin_list>
<pin id="2339" dir="0" index="0" bw="1" slack="0"/>
<pin id="2340" dir="0" index="1" bw="25" slack="0"/>
<pin id="2341" dir="0" index="2" bw="25" slack="0"/>
<pin id="2342" dir="1" index="3" bw="25" slack="0"/>
</pin_list>
<bind>
<opcode="select(49) " fcode="select"/>
<opset="tA_32/6 "/>
</bind>
</comp>

<comp id="2345" class="1004" name="trunc_ln48_112_fu_2345">
<pin_list>
<pin id="2346" dir="0" index="0" bw="25" slack="0"/>
<pin id="2347" dir="1" index="1" bw="12" slack="0"/>
</pin_list>
<bind>
<opcode="trunc(33) " fcode="trunc"/>
<opset="trunc_ln48_112/6 "/>
</bind>
</comp>

<comp id="2349" class="1004" name="s_170_fu_2349">
<pin_list>
<pin id="2350" dir="0" index="0" bw="25" slack="0"/>
<pin id="2351" dir="0" index="1" bw="12" slack="0"/>
<pin id="2352" dir="1" index="2" bw="25" slack="0"/>
</pin_list>
<bind>
<opcode="add(8) " fcode="add"/>
<opset="s_170/6 "/>
</bind>
</comp>

<comp id="2355" class="1004" name="icmp_ln48_83_fu_2355">
<pin_list>
<pin id="2356" dir="0" index="0" bw="25" slack="0"/>
<pin id="2357" dir="0" index="1" bw="13" slack="0"/>
<pin id="2358" dir="1" index="2" bw="1" slack="0"/>
</pin_list>
<bind>
<opcode="icmp(45) " fcode="icmp"/>
<opset="icmp_ln48_83/6 "/>
</bind>
</comp>

<comp id="2361" class="1004" name="trunc_ln48_113_fu_2361">
<pin_list>
<pin id="2362" dir="0" index="0" bw="25" slack="0"/>
<pin id="2363" dir="1" index="1" bw="12" slack="0"/>
</pin_list>
<bind>
<opcode="trunc(33) " fcode="trunc"/>
<opset="trunc_ln48_113/6 "/>
</bind>
</comp>

<comp id="2365" class="1004" name="add_ln48_166_fu_2365">
<pin_list>
<pin id="2366" dir="0" index="0" bw="12" slack="0"/>
<pin id="2367" dir="0" index="1" bw="11" slack="0"/>
<pin id="2368" dir="1" index="2" bw="12" slack="0"/>
</pin_list>
<bind>
<opcode="add(8) " fcode="add"/>
<opset="add_ln48_166/6 "/>
</bind>
</comp>

<comp id="2371" class="1004" name="select_ln48_83_fu_2371">
<pin_list>
<pin id="2372" dir="0" index="0" bw="1" slack="0"/>
<pin id="2373" dir="0" index="1" bw="12" slack="0"/>
<pin id="2374" dir="0" index="2" bw="12" slack="0"/>
<pin id="2375" dir="1" index="3" bw="12" slack="0"/>
</pin_list>
<bind>
<opcode="select(49) " fcode="select"/>
<opset="select_ln48_83/6 "/>
</bind>
</comp>

<comp id="2380" class="1004" name="icmp_ln52_83_fu_2380">
<pin_list>
<pin id="2381" dir="0" index="0" bw="12" slack="0"/>
<pin id="2382" dir="0" index="1" bw="25" slack="0"/>
<pin id="2383" dir="1" index="2" bw="1" slack="0"/>
</pin_list>
<bind>
<opcode="icmp(45) " fcode="icmp"/>
<opset="icmp_ln52_83/6 "/>
</bind>
</comp>

<comp id="2386" class="1004" name="xor_ln52_83_fu_2386">
<pin_list>
<pin id="2387" dir="0" index="0" bw="1" slack="0"/>
<pin id="2388" dir="0" index="1" bw="1" slack="0"/>
<pin id="2389" dir="1" index="2" bw="1" slack="0"/>
</pin_list>
<bind>
<opcode="xor(25) " fcode="xor"/>
<opset="xor_ln52_83/6 "/>
</bind>
</comp>

<comp id="2392" class="1004" name="select_ln52_83_fu_2392">
<pin_list>
<pin id="2393" dir="0" index="0" bw="1" slack="0"/>
<pin id="2394" dir="0" index="1" bw="12" slack="0"/>
<pin id="2395" dir="0" index="2" bw="12" slack="0"/>
<pin id="2396" dir="1" index="3" bw="12" slack="0"/>
</pin_list>
<bind>
<opcode="select(49) " fcode="select"/>
<opset="select_ln52_83/6 "/>
</bind>
</comp>

<comp id="2400" class="1004" name="sub_ln84_18_fu_2400">
<pin_list>
<pin id="2401" dir="0" index="0" bw="12" slack="0"/>
<pin id="2402" dir="0" index="1" bw="12" slack="0"/>
<pin id="2403" dir="1" index="2" bw="12" slack="0"/>
</pin_list>
<bind>
<opcode="sub(10) " fcode="sub"/>
<opset="sub_ln84_18/6 "/>
</bind>
</comp>

<comp id="2407" class="1004" name="zext_ln52_77_fu_2407">
<pin_list>
<pin id="2408" dir="0" index="0" bw="12" slack="0"/>
<pin id="2409" dir="1" index="1" bw="25" slack="0"/>
</pin_list>
<bind>
<opcode="zext(34) " fcode="zext"/>
<opset="zext_ln52_77/6 "/>
</bind>
</comp>

<comp id="2411" class="1004" name="add_ln52_84_fu_2411">
<pin_list>
<pin id="2412" dir="0" index="0" bw="12" slack="0"/>
<pin id="2413" dir="0" index="1" bw="11" slack="0"/>
<pin id="2414" dir="1" index="2" bw="12" slack="0"/>
</pin_list>
<bind>
<opcode="add(8) " fcode="add"/>
<opset="add_ln52_84/6 "/>
</bind>
</comp>

<comp id="2417" class="1004" name="zext_ln40_35_fu_2417">
<pin_list>
<pin id="2418" dir="0" index="0" bw="24" slack="1"/>
<pin id="2419" dir="1" index="1" bw="25" slack="0"/>
</pin_list>
<bind>
<opcode="zext(34) " fcode="zext"/>
<opset="zext_ln40_35/6 "/>
</bind>
</comp>

<comp id="2420" class="1004" name="icmp_ln44_84_fu_2420">
<pin_list>
<pin id="2421" dir="0" index="0" bw="25" slack="0"/>
<pin id="2422" dir="0" index="1" bw="13" slack="0"/>
<pin id="2423" dir="1" index="2" bw="1" slack="0"/>
</pin_list>
<bind>
<opcode="icmp(45) " fcode="icmp"/>
<opset="icmp_ln44_84/6 "/>
</bind>
</comp>

<comp id="2425" class="1004" name="add_ln44_84_fu_2425">
<pin_list>
<pin id="2426" dir="0" index="0" bw="25" slack="0"/>
<pin id="2427" dir="0" index="1" bw="13" slack="0"/>
<pin id="2428" dir="1" index="2" bw="25" slack="0"/>
</pin_list>
<bind>
<opcode="add(8) " fcode="add"/>
<opset="add_ln44_84/6 "/>
</bind>
</comp>

<comp id="2430" class="1004" name="tA_33_fu_2430">
<pin_list>
<pin id="2431" dir="0" index="0" bw="1" slack="0"/>
<pin id="2432" dir="0" index="1" bw="25" slack="0"/>
<pin id="2433" dir="0" index="2" bw="25" slack="0"/>
<pin id="2434" dir="1" index="3" bw="25" slack="0"/>
</pin_list>
<bind>
<opcode="select(49) " fcode="select"/>
<opset="tA_33/6 "/>
</bind>
</comp>

<comp id="2437" class="1004" name="trunc_ln48_114_fu_2437">
<pin_list>
<pin id="2438" dir="0" index="0" bw="25" slack="0"/>
<pin id="2439" dir="1" index="1" bw="12" slack="0"/>
</pin_list>
<bind>
<opcode="trunc(33) " fcode="trunc"/>
<opset="trunc_ln48_114/6 "/>
</bind>
</comp>

<comp id="2441" class="1004" name="s_172_fu_2441">
<pin_list>
<pin id="2442" dir="0" index="0" bw="25" slack="0"/>
<pin id="2443" dir="0" index="1" bw="12" slack="0"/>
<pin id="2444" dir="1" index="2" bw="25" slack="0"/>
</pin_list>
<bind>
<opcode="add(8) " fcode="add"/>
<opset="s_172/6 "/>
</bind>
</comp>

<comp id="2447" class="1004" name="icmp_ln48_84_fu_2447">
<pin_list>
<pin id="2448" dir="0" index="0" bw="25" slack="0"/>
<pin id="2449" dir="0" index="1" bw="13" slack="0"/>
<pin id="2450" dir="1" index="2" bw="1" slack="0"/>
</pin_list>
<bind>
<opcode="icmp(45) " fcode="icmp"/>
<opset="icmp_ln48_84/6 "/>
</bind>
</comp>

<comp id="2453" class="1004" name="trunc_ln48_115_fu_2453">
<pin_list>
<pin id="2454" dir="0" index="0" bw="25" slack="0"/>
<pin id="2455" dir="1" index="1" bw="12" slack="0"/>
</pin_list>
<bind>
<opcode="trunc(33) " fcode="trunc"/>
<opset="trunc_ln48_115/6 "/>
</bind>
</comp>

<comp id="2457" class="1004" name="add_ln48_168_fu_2457">
<pin_list>
<pin id="2458" dir="0" index="0" bw="12" slack="0"/>
<pin id="2459" dir="0" index="1" bw="11" slack="0"/>
<pin id="2460" dir="1" index="2" bw="12" slack="0"/>
</pin_list>
<bind>
<opcode="add(8) " fcode="add"/>
<opset="add_ln48_168/6 "/>
</bind>
</comp>

<comp id="2463" class="1004" name="select_ln48_84_fu_2463">
<pin_list>
<pin id="2464" dir="0" index="0" bw="1" slack="0"/>
<pin id="2465" dir="0" index="1" bw="12" slack="0"/>
<pin id="2466" dir="0" index="2" bw="12" slack="0"/>
<pin id="2467" dir="1" index="3" bw="12" slack="0"/>
</pin_list>
<bind>
<opcode="select(49) " fcode="select"/>
<opset="select_ln48_84/6 "/>
</bind>
</comp>

<comp id="2472" class="1004" name="icmp_ln52_84_fu_2472">
<pin_list>
<pin id="2473" dir="0" index="0" bw="12" slack="0"/>
<pin id="2474" dir="0" index="1" bw="25" slack="0"/>
<pin id="2475" dir="1" index="2" bw="1" slack="0"/>
</pin_list>
<bind>
<opcode="icmp(45) " fcode="icmp"/>
<opset="icmp_ln52_84/6 "/>
</bind>
</comp>

<comp id="2478" class="1004" name="xor_ln52_84_fu_2478">
<pin_list>
<pin id="2479" dir="0" index="0" bw="1" slack="0"/>
<pin id="2480" dir="0" index="1" bw="1" slack="0"/>
<pin id="2481" dir="1" index="2" bw="1" slack="0"/>
</pin_list>
<bind>
<opcode="xor(25) " fcode="xor"/>
<opset="xor_ln52_84/6 "/>
</bind>
</comp>

<comp id="2484" class="1004" name="select_ln52_84_fu_2484">
<pin_list>
<pin id="2485" dir="0" index="0" bw="1" slack="0"/>
<pin id="2486" dir="0" index="1" bw="12" slack="0"/>
<pin id="2487" dir="0" index="2" bw="12" slack="0"/>
<pin id="2488" dir="1" index="3" bw="12" slack="0"/>
</pin_list>
<bind>
<opcode="select(49) " fcode="select"/>
<opset="select_ln52_84/6 "/>
</bind>
</comp>

<comp id="2492" class="1004" name="sub_ln84_19_fu_2492">
<pin_list>
<pin id="2493" dir="0" index="0" bw="12" slack="0"/>
<pin id="2494" dir="0" index="1" bw="12" slack="0"/>
<pin id="2495" dir="1" index="2" bw="12" slack="0"/>
</pin_list>
<bind>
<opcode="sub(10) " fcode="sub"/>
<opset="sub_ln84_19/6 "/>
</bind>
</comp>

<comp id="2499" class="1004" name="zext_ln52_78_fu_2499">
<pin_list>
<pin id="2500" dir="0" index="0" bw="12" slack="0"/>
<pin id="2501" dir="1" index="1" bw="25" slack="0"/>
</pin_list>
<bind>
<opcode="zext(34) " fcode="zext"/>
<opset="zext_ln52_78/6 "/>
</bind>
</comp>

<comp id="2503" class="1004" name="add_ln52_85_fu_2503">
<pin_list>
<pin id="2504" dir="0" index="0" bw="12" slack="0"/>
<pin id="2505" dir="0" index="1" bw="11" slack="0"/>
<pin id="2506" dir="1" index="2" bw="12" slack="0"/>
</pin_list>
<bind>
<opcode="add(8) " fcode="add"/>
<opset="add_ln52_85/6 "/>
</bind>
</comp>

<comp id="2509" class="1004" name="zext_ln40_36_fu_2509">
<pin_list>
<pin id="2510" dir="0" index="0" bw="24" slack="1"/>
<pin id="2511" dir="1" index="1" bw="25" slack="0"/>
</pin_list>
<bind>
<opcode="zext(34) " fcode="zext"/>
<opset="zext_ln40_36/6 "/>
</bind>
</comp>

<comp id="2512" class="1004" name="icmp_ln44_85_fu_2512">
<pin_list>
<pin id="2513" dir="0" index="0" bw="25" slack="0"/>
<pin id="2514" dir="0" index="1" bw="13" slack="0"/>
<pin id="2515" dir="1" index="2" bw="1" slack="0"/>
</pin_list>
<bind>
<opcode="icmp(45) " fcode="icmp"/>
<opset="icmp_ln44_85/6 "/>
</bind>
</comp>

<comp id="2517" class="1004" name="add_ln44_85_fu_2517">
<pin_list>
<pin id="2518" dir="0" index="0" bw="25" slack="0"/>
<pin id="2519" dir="0" index="1" bw="13" slack="0"/>
<pin id="2520" dir="1" index="2" bw="25" slack="0"/>
</pin_list>
<bind>
<opcode="add(8) " fcode="add"/>
<opset="add_ln44_85/6 "/>
</bind>
</comp>

<comp id="2522" class="1004" name="tA_34_fu_2522">
<pin_list>
<pin id="2523" dir="0" index="0" bw="1" slack="0"/>
<pin id="2524" dir="0" index="1" bw="25" slack="0"/>
<pin id="2525" dir="0" index="2" bw="25" slack="0"/>
<pin id="2526" dir="1" index="3" bw="25" slack="0"/>
</pin_list>
<bind>
<opcode="select(49) " fcode="select"/>
<opset="tA_34/6 "/>
</bind>
</comp>

<comp id="2529" class="1004" name="trunc_ln48_116_fu_2529">
<pin_list>
<pin id="2530" dir="0" index="0" bw="25" slack="0"/>
<pin id="2531" dir="1" index="1" bw="12" slack="0"/>
</pin_list>
<bind>
<opcode="trunc(33) " fcode="trunc"/>
<opset="trunc_ln48_116/6 "/>
</bind>
</comp>

<comp id="2533" class="1004" name="s_174_fu_2533">
<pin_list>
<pin id="2534" dir="0" index="0" bw="25" slack="0"/>
<pin id="2535" dir="0" index="1" bw="12" slack="0"/>
<pin id="2536" dir="1" index="2" bw="25" slack="0"/>
</pin_list>
<bind>
<opcode="add(8) " fcode="add"/>
<opset="s_174/6 "/>
</bind>
</comp>

<comp id="2539" class="1004" name="icmp_ln48_85_fu_2539">
<pin_list>
<pin id="2540" dir="0" index="0" bw="25" slack="0"/>
<pin id="2541" dir="0" index="1" bw="13" slack="0"/>
<pin id="2542" dir="1" index="2" bw="1" slack="0"/>
</pin_list>
<bind>
<opcode="icmp(45) " fcode="icmp"/>
<opset="icmp_ln48_85/6 "/>
</bind>
</comp>

<comp id="2545" class="1004" name="trunc_ln48_117_fu_2545">
<pin_list>
<pin id="2546" dir="0" index="0" bw="25" slack="0"/>
<pin id="2547" dir="1" index="1" bw="12" slack="0"/>
</pin_list>
<bind>
<opcode="trunc(33) " fcode="trunc"/>
<opset="trunc_ln48_117/6 "/>
</bind>
</comp>

<comp id="2549" class="1004" name="add_ln48_170_fu_2549">
<pin_list>
<pin id="2550" dir="0" index="0" bw="12" slack="0"/>
<pin id="2551" dir="0" index="1" bw="11" slack="0"/>
<pin id="2552" dir="1" index="2" bw="12" slack="0"/>
</pin_list>
<bind>
<opcode="add(8) " fcode="add"/>
<opset="add_ln48_170/6 "/>
</bind>
</comp>

<comp id="2555" class="1004" name="select_ln48_85_fu_2555">
<pin_list>
<pin id="2556" dir="0" index="0" bw="1" slack="0"/>
<pin id="2557" dir="0" index="1" bw="12" slack="0"/>
<pin id="2558" dir="0" index="2" bw="12" slack="0"/>
<pin id="2559" dir="1" index="3" bw="12" slack="0"/>
</pin_list>
<bind>
<opcode="select(49) " fcode="select"/>
<opset="select_ln48_85/6 "/>
</bind>
</comp>

<comp id="2564" class="1004" name="icmp_ln52_85_fu_2564">
<pin_list>
<pin id="2565" dir="0" index="0" bw="12" slack="0"/>
<pin id="2566" dir="0" index="1" bw="25" slack="0"/>
<pin id="2567" dir="1" index="2" bw="1" slack="0"/>
</pin_list>
<bind>
<opcode="icmp(45) " fcode="icmp"/>
<opset="icmp_ln52_85/6 "/>
</bind>
</comp>

<comp id="2570" class="1004" name="xor_ln52_85_fu_2570">
<pin_list>
<pin id="2571" dir="0" index="0" bw="1" slack="0"/>
<pin id="2572" dir="0" index="1" bw="1" slack="0"/>
<pin id="2573" dir="1" index="2" bw="1" slack="0"/>
</pin_list>
<bind>
<opcode="xor(25) " fcode="xor"/>
<opset="xor_ln52_85/6 "/>
</bind>
</comp>

<comp id="2576" class="1004" name="select_ln52_85_fu_2576">
<pin_list>
<pin id="2577" dir="0" index="0" bw="1" slack="0"/>
<pin id="2578" dir="0" index="1" bw="12" slack="0"/>
<pin id="2579" dir="0" index="2" bw="12" slack="0"/>
<pin id="2580" dir="1" index="3" bw="12" slack="0"/>
</pin_list>
<bind>
<opcode="select(49) " fcode="select"/>
<opset="select_ln52_85/6 "/>
</bind>
</comp>

<comp id="2584" class="1004" name="sub_ln84_20_fu_2584">
<pin_list>
<pin id="2585" dir="0" index="0" bw="12" slack="0"/>
<pin id="2586" dir="0" index="1" bw="12" slack="0"/>
<pin id="2587" dir="1" index="2" bw="12" slack="0"/>
</pin_list>
<bind>
<opcode="sub(10) " fcode="sub"/>
<opset="sub_ln84_20/6 "/>
</bind>
</comp>

<comp id="2591" class="1004" name="zext_ln83_3_fu_2591">
<pin_list>
<pin id="2592" dir="0" index="0" bw="12" slack="0"/>
<pin id="2593" dir="1" index="1" bw="25" slack="0"/>
</pin_list>
<bind>
<opcode="zext(34) " fcode="zext"/>
<opset="zext_ln83_3/6 "/>
</bind>
</comp>

<comp id="2595" class="1004" name="zext_ln40_37_fu_2595">
<pin_list>
<pin id="2596" dir="0" index="0" bw="24" slack="1"/>
<pin id="2597" dir="1" index="1" bw="25" slack="0"/>
</pin_list>
<bind>
<opcode="zext(34) " fcode="zext"/>
<opset="zext_ln40_37/6 "/>
</bind>
</comp>

<comp id="2598" class="1004" name="icmp_ln44_86_fu_2598">
<pin_list>
<pin id="2599" dir="0" index="0" bw="25" slack="0"/>
<pin id="2600" dir="0" index="1" bw="13" slack="0"/>
<pin id="2601" dir="1" index="2" bw="1" slack="0"/>
</pin_list>
<bind>
<opcode="icmp(45) " fcode="icmp"/>
<opset="icmp_ln44_86/6 "/>
</bind>
</comp>

<comp id="2603" class="1004" name="add_ln44_86_fu_2603">
<pin_list>
<pin id="2604" dir="0" index="0" bw="25" slack="0"/>
<pin id="2605" dir="0" index="1" bw="13" slack="0"/>
<pin id="2606" dir="1" index="2" bw="25" slack="0"/>
</pin_list>
<bind>
<opcode="add(8) " fcode="add"/>
<opset="add_ln44_86/6 "/>
</bind>
</comp>

<comp id="2608" class="1004" name="tA_28_fu_2608">
<pin_list>
<pin id="2609" dir="0" index="0" bw="1" slack="0"/>
<pin id="2610" dir="0" index="1" bw="25" slack="0"/>
<pin id="2611" dir="0" index="2" bw="25" slack="0"/>
<pin id="2612" dir="1" index="3" bw="25" slack="0"/>
</pin_list>
<bind>
<opcode="select(49) " fcode="select"/>
<opset="tA_28/6 "/>
</bind>
</comp>

<comp id="2615" class="1004" name="trunc_ln83_3_fu_2615">
<pin_list>
<pin id="2616" dir="0" index="0" bw="25" slack="0"/>
<pin id="2617" dir="1" index="1" bw="12" slack="0"/>
</pin_list>
<bind>
<opcode="trunc(33) " fcode="trunc"/>
<opset="trunc_ln83_3/6 "/>
</bind>
</comp>

<comp id="2619" class="1004" name="s_161_fu_2619">
<pin_list>
<pin id="2620" dir="0" index="0" bw="25" slack="0"/>
<pin id="2621" dir="0" index="1" bw="12" slack="0"/>
<pin id="2622" dir="1" index="2" bw="25" slack="0"/>
</pin_list>
<bind>
<opcode="add(8) " fcode="add"/>
<opset="s_161/6 "/>
</bind>
</comp>

<comp id="2625" class="1004" name="icmp_ln48_86_fu_2625">
<pin_list>
<pin id="2626" dir="0" index="0" bw="25" slack="0"/>
<pin id="2627" dir="0" index="1" bw="13" slack="0"/>
<pin id="2628" dir="1" index="2" bw="1" slack="0"/>
</pin_list>
<bind>
<opcode="icmp(45) " fcode="icmp"/>
<opset="icmp_ln48_86/6 "/>
</bind>
</comp>

<comp id="2631" class="1004" name="trunc_ln48_118_fu_2631">
<pin_list>
<pin id="2632" dir="0" index="0" bw="25" slack="0"/>
<pin id="2633" dir="1" index="1" bw="12" slack="0"/>
</pin_list>
<bind>
<opcode="trunc(33) " fcode="trunc"/>
<opset="trunc_ln48_118/6 "/>
</bind>
</comp>

<comp id="2635" class="1004" name="add_ln48_172_fu_2635">
<pin_list>
<pin id="2636" dir="0" index="0" bw="12" slack="0"/>
<pin id="2637" dir="0" index="1" bw="11" slack="0"/>
<pin id="2638" dir="1" index="2" bw="12" slack="0"/>
</pin_list>
<bind>
<opcode="add(8) " fcode="add"/>
<opset="add_ln48_172/6 "/>
</bind>
</comp>

<comp id="2641" class="1004" name="select_ln48_86_fu_2641">
<pin_list>
<pin id="2642" dir="0" index="0" bw="1" slack="0"/>
<pin id="2643" dir="0" index="1" bw="12" slack="0"/>
<pin id="2644" dir="0" index="2" bw="12" slack="0"/>
<pin id="2645" dir="1" index="3" bw="12" slack="0"/>
</pin_list>
<bind>
<opcode="select(49) " fcode="select"/>
<opset="select_ln48_86/6 "/>
</bind>
</comp>

<comp id="2650" class="1004" name="icmp_ln52_86_fu_2650">
<pin_list>
<pin id="2651" dir="0" index="0" bw="12" slack="0"/>
<pin id="2652" dir="0" index="1" bw="25" slack="0"/>
<pin id="2653" dir="1" index="2" bw="1" slack="0"/>
</pin_list>
<bind>
<opcode="icmp(45) " fcode="icmp"/>
<opset="icmp_ln52_86/6 "/>
</bind>
</comp>

<comp id="2656" class="1004" name="xor_ln52_86_fu_2656">
<pin_list>
<pin id="2657" dir="0" index="0" bw="1" slack="0"/>
<pin id="2658" dir="0" index="1" bw="1" slack="0"/>
<pin id="2659" dir="1" index="2" bw="1" slack="0"/>
</pin_list>
<bind>
<opcode="xor(25) " fcode="xor"/>
<opset="xor_ln52_86/6 "/>
</bind>
</comp>

<comp id="2662" class="1004" name="add_ln52_86_fu_2662">
<pin_list>
<pin id="2663" dir="0" index="0" bw="12" slack="0"/>
<pin id="2664" dir="0" index="1" bw="11" slack="0"/>
<pin id="2665" dir="1" index="2" bw="12" slack="0"/>
</pin_list>
<bind>
<opcode="add(8) " fcode="add"/>
<opset="add_ln52_86/6 "/>
</bind>
</comp>

<comp id="2668" class="1004" name="select_ln52_86_fu_2668">
<pin_list>
<pin id="2669" dir="0" index="0" bw="1" slack="0"/>
<pin id="2670" dir="0" index="1" bw="12" slack="0"/>
<pin id="2671" dir="0" index="2" bw="12" slack="0"/>
<pin id="2672" dir="1" index="3" bw="12" slack="0"/>
</pin_list>
<bind>
<opcode="select(49) " fcode="select"/>
<opset="select_ln52_86/6 "/>
</bind>
</comp>

<comp id="2676" class="1004" name="sub_ln84_21_fu_2676">
<pin_list>
<pin id="2677" dir="0" index="0" bw="12" slack="0"/>
<pin id="2678" dir="0" index="1" bw="12" slack="0"/>
<pin id="2679" dir="1" index="2" bw="12" slack="0"/>
</pin_list>
<bind>
<opcode="sub(10) " fcode="sub"/>
<opset="sub_ln84_21/6 "/>
</bind>
</comp>

<comp id="2683" class="1004" name="zext_ln52_79_fu_2683">
<pin_list>
<pin id="2684" dir="0" index="0" bw="12" slack="0"/>
<pin id="2685" dir="1" index="1" bw="25" slack="0"/>
</pin_list>
<bind>
<opcode="zext(34) " fcode="zext"/>
<opset="zext_ln52_79/6 "/>
</bind>
</comp>

<comp id="2687" class="1004" name="add_ln52_87_fu_2687">
<pin_list>
<pin id="2688" dir="0" index="0" bw="12" slack="0"/>
<pin id="2689" dir="0" index="1" bw="11" slack="0"/>
<pin id="2690" dir="1" index="2" bw="12" slack="0"/>
</pin_list>
<bind>
<opcode="add(8) " fcode="add"/>
<opset="add_ln52_87/6 "/>
</bind>
</comp>

<comp id="2693" class="1004" name="zext_ln40_38_fu_2693">
<pin_list>
<pin id="2694" dir="0" index="0" bw="24" slack="1"/>
<pin id="2695" dir="1" index="1" bw="25" slack="0"/>
</pin_list>
<bind>
<opcode="zext(34) " fcode="zext"/>
<opset="zext_ln40_38/6 "/>
</bind>
</comp>

<comp id="2696" class="1004" name="icmp_ln44_87_fu_2696">
<pin_list>
<pin id="2697" dir="0" index="0" bw="25" slack="0"/>
<pin id="2698" dir="0" index="1" bw="13" slack="0"/>
<pin id="2699" dir="1" index="2" bw="1" slack="0"/>
</pin_list>
<bind>
<opcode="icmp(45) " fcode="icmp"/>
<opset="icmp_ln44_87/6 "/>
</bind>
</comp>

<comp id="2701" class="1004" name="add_ln44_87_fu_2701">
<pin_list>
<pin id="2702" dir="0" index="0" bw="25" slack="0"/>
<pin id="2703" dir="0" index="1" bw="13" slack="0"/>
<pin id="2704" dir="1" index="2" bw="25" slack="0"/>
</pin_list>
<bind>
<opcode="add(8) " fcode="add"/>
<opset="add_ln44_87/6 "/>
</bind>
</comp>

<comp id="2706" class="1004" name="tB_28_fu_2706">
<pin_list>
<pin id="2707" dir="0" index="0" bw="1" slack="0"/>
<pin id="2708" dir="0" index="1" bw="25" slack="0"/>
<pin id="2709" dir="0" index="2" bw="25" slack="0"/>
<pin id="2710" dir="1" index="3" bw="25" slack="0"/>
</pin_list>
<bind>
<opcode="select(49) " fcode="select"/>
<opset="tB_28/6 "/>
</bind>
</comp>

<comp id="2713" class="1004" name="trunc_ln48_119_fu_2713">
<pin_list>
<pin id="2714" dir="0" index="0" bw="25" slack="0"/>
<pin id="2715" dir="1" index="1" bw="12" slack="0"/>
</pin_list>
<bind>
<opcode="trunc(33) " fcode="trunc"/>
<opset="trunc_ln48_119/6 "/>
</bind>
</comp>

<comp id="2717" class="1004" name="s_163_fu_2717">
<pin_list>
<pin id="2718" dir="0" index="0" bw="25" slack="0"/>
<pin id="2719" dir="0" index="1" bw="12" slack="0"/>
<pin id="2720" dir="1" index="2" bw="25" slack="0"/>
</pin_list>
<bind>
<opcode="add(8) " fcode="add"/>
<opset="s_163/6 "/>
</bind>
</comp>

<comp id="2723" class="1004" name="icmp_ln48_87_fu_2723">
<pin_list>
<pin id="2724" dir="0" index="0" bw="25" slack="0"/>
<pin id="2725" dir="0" index="1" bw="13" slack="0"/>
<pin id="2726" dir="1" index="2" bw="1" slack="0"/>
</pin_list>
<bind>
<opcode="icmp(45) " fcode="icmp"/>
<opset="icmp_ln48_87/6 "/>
</bind>
</comp>

<comp id="2729" class="1004" name="trunc_ln48_120_fu_2729">
<pin_list>
<pin id="2730" dir="0" index="0" bw="25" slack="0"/>
<pin id="2731" dir="1" index="1" bw="12" slack="0"/>
</pin_list>
<bind>
<opcode="trunc(33) " fcode="trunc"/>
<opset="trunc_ln48_120/6 "/>
</bind>
</comp>

<comp id="2733" class="1004" name="add_ln48_174_fu_2733">
<pin_list>
<pin id="2734" dir="0" index="0" bw="12" slack="0"/>
<pin id="2735" dir="0" index="1" bw="11" slack="0"/>
<pin id="2736" dir="1" index="2" bw="12" slack="0"/>
</pin_list>
<bind>
<opcode="add(8) " fcode="add"/>
<opset="add_ln48_174/6 "/>
</bind>
</comp>

<comp id="2739" class="1004" name="select_ln48_87_fu_2739">
<pin_list>
<pin id="2740" dir="0" index="0" bw="1" slack="0"/>
<pin id="2741" dir="0" index="1" bw="12" slack="0"/>
<pin id="2742" dir="0" index="2" bw="12" slack="0"/>
<pin id="2743" dir="1" index="3" bw="12" slack="0"/>
</pin_list>
<bind>
<opcode="select(49) " fcode="select"/>
<opset="select_ln48_87/6 "/>
</bind>
</comp>

<comp id="2748" class="1004" name="icmp_ln52_87_fu_2748">
<pin_list>
<pin id="2749" dir="0" index="0" bw="12" slack="0"/>
<pin id="2750" dir="0" index="1" bw="25" slack="0"/>
<pin id="2751" dir="1" index="2" bw="1" slack="0"/>
</pin_list>
<bind>
<opcode="icmp(45) " fcode="icmp"/>
<opset="icmp_ln52_87/6 "/>
</bind>
</comp>

<comp id="2754" class="1004" name="xor_ln52_87_fu_2754">
<pin_list>
<pin id="2755" dir="0" index="0" bw="1" slack="0"/>
<pin id="2756" dir="0" index="1" bw="1" slack="0"/>
<pin id="2757" dir="1" index="2" bw="1" slack="0"/>
</pin_list>
<bind>
<opcode="xor(25) " fcode="xor"/>
<opset="xor_ln52_87/6 "/>
</bind>
</comp>

<comp id="2760" class="1004" name="select_ln52_87_fu_2760">
<pin_list>
<pin id="2761" dir="0" index="0" bw="1" slack="0"/>
<pin id="2762" dir="0" index="1" bw="12" slack="0"/>
<pin id="2763" dir="0" index="2" bw="12" slack="0"/>
<pin id="2764" dir="1" index="3" bw="12" slack="0"/>
</pin_list>
<bind>
<opcode="select(49) " fcode="select"/>
<opset="select_ln52_87/6 "/>
</bind>
</comp>

<comp id="2768" class="1004" name="sub_ln86_fu_2768">
<pin_list>
<pin id="2769" dir="0" index="0" bw="12" slack="0"/>
<pin id="2770" dir="0" index="1" bw="12" slack="0"/>
<pin id="2771" dir="1" index="2" bw="12" slack="0"/>
</pin_list>
<bind>
<opcode="sub(10) " fcode="sub"/>
<opset="sub_ln86/6 "/>
</bind>
</comp>

<comp id="2775" class="1004" name="zext_ln52_80_fu_2775">
<pin_list>
<pin id="2776" dir="0" index="0" bw="12" slack="0"/>
<pin id="2777" dir="1" index="1" bw="25" slack="0"/>
</pin_list>
<bind>
<opcode="zext(34) " fcode="zext"/>
<opset="zext_ln52_80/6 "/>
</bind>
</comp>

<comp id="2779" class="1004" name="add_ln52_88_fu_2779">
<pin_list>
<pin id="2780" dir="0" index="0" bw="12" slack="0"/>
<pin id="2781" dir="0" index="1" bw="11" slack="0"/>
<pin id="2782" dir="1" index="2" bw="12" slack="0"/>
</pin_list>
<bind>
<opcode="add(8) " fcode="add"/>
<opset="add_ln52_88/6 "/>
</bind>
</comp>

<comp id="2785" class="1004" name="zext_ln40_39_fu_2785">
<pin_list>
<pin id="2786" dir="0" index="0" bw="24" slack="1"/>
<pin id="2787" dir="1" index="1" bw="25" slack="0"/>
</pin_list>
<bind>
<opcode="zext(34) " fcode="zext"/>
<opset="zext_ln40_39/6 "/>
</bind>
</comp>

<comp id="2788" class="1004" name="icmp_ln44_88_fu_2788">
<pin_list>
<pin id="2789" dir="0" index="0" bw="25" slack="0"/>
<pin id="2790" dir="0" index="1" bw="13" slack="0"/>
<pin id="2791" dir="1" index="2" bw="1" slack="0"/>
</pin_list>
<bind>
<opcode="icmp(45) " fcode="icmp"/>
<opset="icmp_ln44_88/6 "/>
</bind>
</comp>

<comp id="2793" class="1004" name="add_ln44_88_fu_2793">
<pin_list>
<pin id="2794" dir="0" index="0" bw="25" slack="0"/>
<pin id="2795" dir="0" index="1" bw="13" slack="0"/>
<pin id="2796" dir="1" index="2" bw="25" slack="0"/>
</pin_list>
<bind>
<opcode="add(8) " fcode="add"/>
<opset="add_ln44_88/6 "/>
</bind>
</comp>

<comp id="2798" class="1004" name="tB_29_fu_2798">
<pin_list>
<pin id="2799" dir="0" index="0" bw="1" slack="0"/>
<pin id="2800" dir="0" index="1" bw="25" slack="0"/>
<pin id="2801" dir="0" index="2" bw="25" slack="0"/>
<pin id="2802" dir="1" index="3" bw="25" slack="0"/>
</pin_list>
<bind>
<opcode="select(49) " fcode="select"/>
<opset="tB_29/6 "/>
</bind>
</comp>

<comp id="2805" class="1004" name="trunc_ln48_121_fu_2805">
<pin_list>
<pin id="2806" dir="0" index="0" bw="25" slack="0"/>
<pin id="2807" dir="1" index="1" bw="12" slack="0"/>
</pin_list>
<bind>
<opcode="trunc(33) " fcode="trunc"/>
<opset="trunc_ln48_121/6 "/>
</bind>
</comp>

<comp id="2809" class="1004" name="s_165_fu_2809">
<pin_list>
<pin id="2810" dir="0" index="0" bw="25" slack="0"/>
<pin id="2811" dir="0" index="1" bw="12" slack="0"/>
<pin id="2812" dir="1" index="2" bw="25" slack="0"/>
</pin_list>
<bind>
<opcode="add(8) " fcode="add"/>
<opset="s_165/6 "/>
</bind>
</comp>

<comp id="2815" class="1004" name="icmp_ln48_88_fu_2815">
<pin_list>
<pin id="2816" dir="0" index="0" bw="25" slack="0"/>
<pin id="2817" dir="0" index="1" bw="13" slack="0"/>
<pin id="2818" dir="1" index="2" bw="1" slack="0"/>
</pin_list>
<bind>
<opcode="icmp(45) " fcode="icmp"/>
<opset="icmp_ln48_88/6 "/>
</bind>
</comp>

<comp id="2821" class="1004" name="trunc_ln48_122_fu_2821">
<pin_list>
<pin id="2822" dir="0" index="0" bw="25" slack="0"/>
<pin id="2823" dir="1" index="1" bw="12" slack="0"/>
</pin_list>
<bind>
<opcode="trunc(33) " fcode="trunc"/>
<opset="trunc_ln48_122/6 "/>
</bind>
</comp>

<comp id="2825" class="1004" name="add_ln48_176_fu_2825">
<pin_list>
<pin id="2826" dir="0" index="0" bw="12" slack="0"/>
<pin id="2827" dir="0" index="1" bw="11" slack="0"/>
<pin id="2828" dir="1" index="2" bw="12" slack="0"/>
</pin_list>
<bind>
<opcode="add(8) " fcode="add"/>
<opset="add_ln48_176/6 "/>
</bind>
</comp>

<comp id="2831" class="1004" name="select_ln48_88_fu_2831">
<pin_list>
<pin id="2832" dir="0" index="0" bw="1" slack="0"/>
<pin id="2833" dir="0" index="1" bw="12" slack="0"/>
<pin id="2834" dir="0" index="2" bw="12" slack="0"/>
<pin id="2835" dir="1" index="3" bw="12" slack="0"/>
</pin_list>
<bind>
<opcode="select(49) " fcode="select"/>
<opset="select_ln48_88/6 "/>
</bind>
</comp>

<comp id="2840" class="1004" name="icmp_ln52_88_fu_2840">
<pin_list>
<pin id="2841" dir="0" index="0" bw="12" slack="0"/>
<pin id="2842" dir="0" index="1" bw="25" slack="0"/>
<pin id="2843" dir="1" index="2" bw="1" slack="0"/>
</pin_list>
<bind>
<opcode="icmp(45) " fcode="icmp"/>
<opset="icmp_ln52_88/6 "/>
</bind>
</comp>

<comp id="2846" class="1004" name="xor_ln52_88_fu_2846">
<pin_list>
<pin id="2847" dir="0" index="0" bw="1" slack="0"/>
<pin id="2848" dir="0" index="1" bw="1" slack="0"/>
<pin id="2849" dir="1" index="2" bw="1" slack="0"/>
</pin_list>
<bind>
<opcode="xor(25) " fcode="xor"/>
<opset="xor_ln52_88/6 "/>
</bind>
</comp>

<comp id="2852" class="1004" name="select_ln52_88_fu_2852">
<pin_list>
<pin id="2853" dir="0" index="0" bw="1" slack="0"/>
<pin id="2854" dir="0" index="1" bw="12" slack="0"/>
<pin id="2855" dir="0" index="2" bw="12" slack="0"/>
<pin id="2856" dir="1" index="3" bw="12" slack="0"/>
</pin_list>
<bind>
<opcode="select(49) " fcode="select"/>
<opset="select_ln52_88/6 "/>
</bind>
</comp>

<comp id="2860" class="1004" name="sub_ln86_15_fu_2860">
<pin_list>
<pin id="2861" dir="0" index="0" bw="12" slack="0"/>
<pin id="2862" dir="0" index="1" bw="12" slack="0"/>
<pin id="2863" dir="1" index="2" bw="12" slack="0"/>
</pin_list>
<bind>
<opcode="sub(10) " fcode="sub"/>
<opset="sub_ln86_15/6 "/>
</bind>
</comp>

<comp id="2867" class="1004" name="zext_ln52_81_fu_2867">
<pin_list>
<pin id="2868" dir="0" index="0" bw="12" slack="0"/>
<pin id="2869" dir="1" index="1" bw="25" slack="0"/>
</pin_list>
<bind>
<opcode="zext(34) " fcode="zext"/>
<opset="zext_ln52_81/6 "/>
</bind>
</comp>

<comp id="2871" class="1004" name="add_ln52_89_fu_2871">
<pin_list>
<pin id="2872" dir="0" index="0" bw="12" slack="0"/>
<pin id="2873" dir="0" index="1" bw="11" slack="0"/>
<pin id="2874" dir="1" index="2" bw="12" slack="0"/>
</pin_list>
<bind>
<opcode="add(8) " fcode="add"/>
<opset="add_ln52_89/6 "/>
</bind>
</comp>

<comp id="2877" class="1004" name="zext_ln40_40_fu_2877">
<pin_list>
<pin id="2878" dir="0" index="0" bw="24" slack="1"/>
<pin id="2879" dir="1" index="1" bw="25" slack="0"/>
</pin_list>
<bind>
<opcode="zext(34) " fcode="zext"/>
<opset="zext_ln40_40/6 "/>
</bind>
</comp>

<comp id="2880" class="1004" name="icmp_ln44_89_fu_2880">
<pin_list>
<pin id="2881" dir="0" index="0" bw="25" slack="0"/>
<pin id="2882" dir="0" index="1" bw="13" slack="0"/>
<pin id="2883" dir="1" index="2" bw="1" slack="0"/>
</pin_list>
<bind>
<opcode="icmp(45) " fcode="icmp"/>
<opset="icmp_ln44_89/6 "/>
</bind>
</comp>

<comp id="2885" class="1004" name="add_ln44_89_fu_2885">
<pin_list>
<pin id="2886" dir="0" index="0" bw="25" slack="0"/>
<pin id="2887" dir="0" index="1" bw="13" slack="0"/>
<pin id="2888" dir="1" index="2" bw="25" slack="0"/>
</pin_list>
<bind>
<opcode="add(8) " fcode="add"/>
<opset="add_ln44_89/6 "/>
</bind>
</comp>

<comp id="2890" class="1004" name="tB_30_fu_2890">
<pin_list>
<pin id="2891" dir="0" index="0" bw="1" slack="0"/>
<pin id="2892" dir="0" index="1" bw="25" slack="0"/>
<pin id="2893" dir="0" index="2" bw="25" slack="0"/>
<pin id="2894" dir="1" index="3" bw="25" slack="0"/>
</pin_list>
<bind>
<opcode="select(49) " fcode="select"/>
<opset="tB_30/6 "/>
</bind>
</comp>

<comp id="2897" class="1004" name="trunc_ln48_123_fu_2897">
<pin_list>
<pin id="2898" dir="0" index="0" bw="25" slack="0"/>
<pin id="2899" dir="1" index="1" bw="12" slack="0"/>
</pin_list>
<bind>
<opcode="trunc(33) " fcode="trunc"/>
<opset="trunc_ln48_123/6 "/>
</bind>
</comp>

<comp id="2901" class="1004" name="s_167_fu_2901">
<pin_list>
<pin id="2902" dir="0" index="0" bw="25" slack="0"/>
<pin id="2903" dir="0" index="1" bw="12" slack="0"/>
<pin id="2904" dir="1" index="2" bw="25" slack="0"/>
</pin_list>
<bind>
<opcode="add(8) " fcode="add"/>
<opset="s_167/6 "/>
</bind>
</comp>

<comp id="2907" class="1004" name="icmp_ln48_89_fu_2907">
<pin_list>
<pin id="2908" dir="0" index="0" bw="25" slack="0"/>
<pin id="2909" dir="0" index="1" bw="13" slack="0"/>
<pin id="2910" dir="1" index="2" bw="1" slack="0"/>
</pin_list>
<bind>
<opcode="icmp(45) " fcode="icmp"/>
<opset="icmp_ln48_89/6 "/>
</bind>
</comp>

<comp id="2913" class="1004" name="trunc_ln48_124_fu_2913">
<pin_list>
<pin id="2914" dir="0" index="0" bw="25" slack="0"/>
<pin id="2915" dir="1" index="1" bw="12" slack="0"/>
</pin_list>
<bind>
<opcode="trunc(33) " fcode="trunc"/>
<opset="trunc_ln48_124/6 "/>
</bind>
</comp>

<comp id="2917" class="1004" name="add_ln48_178_fu_2917">
<pin_list>
<pin id="2918" dir="0" index="0" bw="12" slack="0"/>
<pin id="2919" dir="0" index="1" bw="11" slack="0"/>
<pin id="2920" dir="1" index="2" bw="12" slack="0"/>
</pin_list>
<bind>
<opcode="add(8) " fcode="add"/>
<opset="add_ln48_178/6 "/>
</bind>
</comp>

<comp id="2923" class="1004" name="select_ln48_89_fu_2923">
<pin_list>
<pin id="2924" dir="0" index="0" bw="1" slack="0"/>
<pin id="2925" dir="0" index="1" bw="12" slack="0"/>
<pin id="2926" dir="0" index="2" bw="12" slack="0"/>
<pin id="2927" dir="1" index="3" bw="12" slack="0"/>
</pin_list>
<bind>
<opcode="select(49) " fcode="select"/>
<opset="select_ln48_89/6 "/>
</bind>
</comp>

<comp id="2932" class="1004" name="icmp_ln52_89_fu_2932">
<pin_list>
<pin id="2933" dir="0" index="0" bw="12" slack="0"/>
<pin id="2934" dir="0" index="1" bw="25" slack="0"/>
<pin id="2935" dir="1" index="2" bw="1" slack="0"/>
</pin_list>
<bind>
<opcode="icmp(45) " fcode="icmp"/>
<opset="icmp_ln52_89/6 "/>
</bind>
</comp>

<comp id="2938" class="1004" name="xor_ln52_89_fu_2938">
<pin_list>
<pin id="2939" dir="0" index="0" bw="1" slack="0"/>
<pin id="2940" dir="0" index="1" bw="1" slack="0"/>
<pin id="2941" dir="1" index="2" bw="1" slack="0"/>
</pin_list>
<bind>
<opcode="xor(25) " fcode="xor"/>
<opset="xor_ln52_89/6 "/>
</bind>
</comp>

<comp id="2944" class="1004" name="select_ln52_89_fu_2944">
<pin_list>
<pin id="2945" dir="0" index="0" bw="1" slack="0"/>
<pin id="2946" dir="0" index="1" bw="12" slack="0"/>
<pin id="2947" dir="0" index="2" bw="12" slack="0"/>
<pin id="2948" dir="1" index="3" bw="12" slack="0"/>
</pin_list>
<bind>
<opcode="select(49) " fcode="select"/>
<opset="select_ln52_89/6 "/>
</bind>
</comp>

<comp id="2952" class="1004" name="sub_ln86_16_fu_2952">
<pin_list>
<pin id="2953" dir="0" index="0" bw="12" slack="0"/>
<pin id="2954" dir="0" index="1" bw="12" slack="0"/>
<pin id="2955" dir="1" index="2" bw="12" slack="0"/>
</pin_list>
<bind>
<opcode="sub(10) " fcode="sub"/>
<opset="sub_ln86_16/6 "/>
</bind>
</comp>

<comp id="2959" class="1004" name="zext_ln52_82_fu_2959">
<pin_list>
<pin id="2960" dir="0" index="0" bw="12" slack="0"/>
<pin id="2961" dir="1" index="1" bw="25" slack="0"/>
</pin_list>
<bind>
<opcode="zext(34) " fcode="zext"/>
<opset="zext_ln52_82/6 "/>
</bind>
</comp>

<comp id="2963" class="1004" name="add_ln52_90_fu_2963">
<pin_list>
<pin id="2964" dir="0" index="0" bw="12" slack="0"/>
<pin id="2965" dir="0" index="1" bw="11" slack="0"/>
<pin id="2966" dir="1" index="2" bw="12" slack="0"/>
</pin_list>
<bind>
<opcode="add(8) " fcode="add"/>
<opset="add_ln52_90/6 "/>
</bind>
</comp>

<comp id="2969" class="1004" name="zext_ln40_41_fu_2969">
<pin_list>
<pin id="2970" dir="0" index="0" bw="24" slack="1"/>
<pin id="2971" dir="1" index="1" bw="25" slack="0"/>
</pin_list>
<bind>
<opcode="zext(34) " fcode="zext"/>
<opset="zext_ln40_41/6 "/>
</bind>
</comp>

<comp id="2972" class="1004" name="icmp_ln44_90_fu_2972">
<pin_list>
<pin id="2973" dir="0" index="0" bw="25" slack="0"/>
<pin id="2974" dir="0" index="1" bw="13" slack="0"/>
<pin id="2975" dir="1" index="2" bw="1" slack="0"/>
</pin_list>
<bind>
<opcode="icmp(45) " fcode="icmp"/>
<opset="icmp_ln44_90/6 "/>
</bind>
</comp>

<comp id="2977" class="1004" name="add_ln44_90_fu_2977">
<pin_list>
<pin id="2978" dir="0" index="0" bw="25" slack="0"/>
<pin id="2979" dir="0" index="1" bw="13" slack="0"/>
<pin id="2980" dir="1" index="2" bw="25" slack="0"/>
</pin_list>
<bind>
<opcode="add(8) " fcode="add"/>
<opset="add_ln44_90/6 "/>
</bind>
</comp>

<comp id="2982" class="1004" name="tB_31_fu_2982">
<pin_list>
<pin id="2983" dir="0" index="0" bw="1" slack="0"/>
<pin id="2984" dir="0" index="1" bw="25" slack="0"/>
<pin id="2985" dir="0" index="2" bw="25" slack="0"/>
<pin id="2986" dir="1" index="3" bw="25" slack="0"/>
</pin_list>
<bind>
<opcode="select(49) " fcode="select"/>
<opset="tB_31/6 "/>
</bind>
</comp>

<comp id="2989" class="1004" name="trunc_ln48_125_fu_2989">
<pin_list>
<pin id="2990" dir="0" index="0" bw="25" slack="0"/>
<pin id="2991" dir="1" index="1" bw="12" slack="0"/>
</pin_list>
<bind>
<opcode="trunc(33) " fcode="trunc"/>
<opset="trunc_ln48_125/6 "/>
</bind>
</comp>

<comp id="2993" class="1004" name="s_169_fu_2993">
<pin_list>
<pin id="2994" dir="0" index="0" bw="25" slack="0"/>
<pin id="2995" dir="0" index="1" bw="12" slack="0"/>
<pin id="2996" dir="1" index="2" bw="25" slack="0"/>
</pin_list>
<bind>
<opcode="add(8) " fcode="add"/>
<opset="s_169/6 "/>
</bind>
</comp>

<comp id="2999" class="1004" name="icmp_ln48_90_fu_2999">
<pin_list>
<pin id="3000" dir="0" index="0" bw="25" slack="0"/>
<pin id="3001" dir="0" index="1" bw="13" slack="0"/>
<pin id="3002" dir="1" index="2" bw="1" slack="0"/>
</pin_list>
<bind>
<opcode="icmp(45) " fcode="icmp"/>
<opset="icmp_ln48_90/6 "/>
</bind>
</comp>

<comp id="3005" class="1004" name="trunc_ln48_126_fu_3005">
<pin_list>
<pin id="3006" dir="0" index="0" bw="25" slack="0"/>
<pin id="3007" dir="1" index="1" bw="12" slack="0"/>
</pin_list>
<bind>
<opcode="trunc(33) " fcode="trunc"/>
<opset="trunc_ln48_126/6 "/>
</bind>
</comp>

<comp id="3009" class="1004" name="add_ln48_180_fu_3009">
<pin_list>
<pin id="3010" dir="0" index="0" bw="12" slack="0"/>
<pin id="3011" dir="0" index="1" bw="11" slack="0"/>
<pin id="3012" dir="1" index="2" bw="12" slack="0"/>
</pin_list>
<bind>
<opcode="add(8) " fcode="add"/>
<opset="add_ln48_180/6 "/>
</bind>
</comp>

<comp id="3015" class="1004" name="select_ln48_90_fu_3015">
<pin_list>
<pin id="3016" dir="0" index="0" bw="1" slack="0"/>
<pin id="3017" dir="0" index="1" bw="12" slack="0"/>
<pin id="3018" dir="0" index="2" bw="12" slack="0"/>
<pin id="3019" dir="1" index="3" bw="12" slack="0"/>
</pin_list>
<bind>
<opcode="select(49) " fcode="select"/>
<opset="select_ln48_90/6 "/>
</bind>
</comp>

<comp id="3024" class="1004" name="icmp_ln52_90_fu_3024">
<pin_list>
<pin id="3025" dir="0" index="0" bw="12" slack="0"/>
<pin id="3026" dir="0" index="1" bw="25" slack="0"/>
<pin id="3027" dir="1" index="2" bw="1" slack="0"/>
</pin_list>
<bind>
<opcode="icmp(45) " fcode="icmp"/>
<opset="icmp_ln52_90/6 "/>
</bind>
</comp>

<comp id="3030" class="1004" name="xor_ln52_90_fu_3030">
<pin_list>
<pin id="3031" dir="0" index="0" bw="1" slack="0"/>
<pin id="3032" dir="0" index="1" bw="1" slack="0"/>
<pin id="3033" dir="1" index="2" bw="1" slack="0"/>
</pin_list>
<bind>
<opcode="xor(25) " fcode="xor"/>
<opset="xor_ln52_90/6 "/>
</bind>
</comp>

<comp id="3036" class="1004" name="select_ln52_90_fu_3036">
<pin_list>
<pin id="3037" dir="0" index="0" bw="1" slack="0"/>
<pin id="3038" dir="0" index="1" bw="12" slack="0"/>
<pin id="3039" dir="0" index="2" bw="12" slack="0"/>
<pin id="3040" dir="1" index="3" bw="12" slack="0"/>
</pin_list>
<bind>
<opcode="select(49) " fcode="select"/>
<opset="select_ln52_90/6 "/>
</bind>
</comp>

<comp id="3044" class="1004" name="sub_ln86_17_fu_3044">
<pin_list>
<pin id="3045" dir="0" index="0" bw="12" slack="0"/>
<pin id="3046" dir="0" index="1" bw="12" slack="0"/>
<pin id="3047" dir="1" index="2" bw="12" slack="0"/>
</pin_list>
<bind>
<opcode="sub(10) " fcode="sub"/>
<opset="sub_ln86_17/6 "/>
</bind>
</comp>

<comp id="3051" class="1004" name="zext_ln52_83_fu_3051">
<pin_list>
<pin id="3052" dir="0" index="0" bw="12" slack="0"/>
<pin id="3053" dir="1" index="1" bw="25" slack="0"/>
</pin_list>
<bind>
<opcode="zext(34) " fcode="zext"/>
<opset="zext_ln52_83/6 "/>
</bind>
</comp>

<comp id="3055" class="1004" name="add_ln52_91_fu_3055">
<pin_list>
<pin id="3056" dir="0" index="0" bw="12" slack="0"/>
<pin id="3057" dir="0" index="1" bw="11" slack="0"/>
<pin id="3058" dir="1" index="2" bw="12" slack="0"/>
</pin_list>
<bind>
<opcode="add(8) " fcode="add"/>
<opset="add_ln52_91/6 "/>
</bind>
</comp>

<comp id="3061" class="1004" name="zext_ln40_42_fu_3061">
<pin_list>
<pin id="3062" dir="0" index="0" bw="24" slack="1"/>
<pin id="3063" dir="1" index="1" bw="25" slack="0"/>
</pin_list>
<bind>
<opcode="zext(34) " fcode="zext"/>
<opset="zext_ln40_42/6 "/>
</bind>
</comp>

<comp id="3064" class="1004" name="icmp_ln44_91_fu_3064">
<pin_list>
<pin id="3065" dir="0" index="0" bw="25" slack="0"/>
<pin id="3066" dir="0" index="1" bw="13" slack="0"/>
<pin id="3067" dir="1" index="2" bw="1" slack="0"/>
</pin_list>
<bind>
<opcode="icmp(45) " fcode="icmp"/>
<opset="icmp_ln44_91/6 "/>
</bind>
</comp>

<comp id="3069" class="1004" name="add_ln44_91_fu_3069">
<pin_list>
<pin id="3070" dir="0" index="0" bw="25" slack="0"/>
<pin id="3071" dir="0" index="1" bw="13" slack="0"/>
<pin id="3072" dir="1" index="2" bw="25" slack="0"/>
</pin_list>
<bind>
<opcode="add(8) " fcode="add"/>
<opset="add_ln44_91/6 "/>
</bind>
</comp>

<comp id="3074" class="1004" name="tB_32_fu_3074">
<pin_list>
<pin id="3075" dir="0" index="0" bw="1" slack="0"/>
<pin id="3076" dir="0" index="1" bw="25" slack="0"/>
<pin id="3077" dir="0" index="2" bw="25" slack="0"/>
<pin id="3078" dir="1" index="3" bw="25" slack="0"/>
</pin_list>
<bind>
<opcode="select(49) " fcode="select"/>
<opset="tB_32/6 "/>
</bind>
</comp>

<comp id="3081" class="1004" name="trunc_ln48_127_fu_3081">
<pin_list>
<pin id="3082" dir="0" index="0" bw="25" slack="0"/>
<pin id="3083" dir="1" index="1" bw="12" slack="0"/>
</pin_list>
<bind>
<opcode="trunc(33) " fcode="trunc"/>
<opset="trunc_ln48_127/6 "/>
</bind>
</comp>

<comp id="3085" class="1004" name="s_171_fu_3085">
<pin_list>
<pin id="3086" dir="0" index="0" bw="25" slack="0"/>
<pin id="3087" dir="0" index="1" bw="12" slack="0"/>
<pin id="3088" dir="1" index="2" bw="25" slack="0"/>
</pin_list>
<bind>
<opcode="add(8) " fcode="add"/>
<opset="s_171/6 "/>
</bind>
</comp>

<comp id="3091" class="1004" name="icmp_ln48_91_fu_3091">
<pin_list>
<pin id="3092" dir="0" index="0" bw="25" slack="0"/>
<pin id="3093" dir="0" index="1" bw="13" slack="0"/>
<pin id="3094" dir="1" index="2" bw="1" slack="0"/>
</pin_list>
<bind>
<opcode="icmp(45) " fcode="icmp"/>
<opset="icmp_ln48_91/6 "/>
</bind>
</comp>

<comp id="3097" class="1004" name="trunc_ln48_128_fu_3097">
<pin_list>
<pin id="3098" dir="0" index="0" bw="25" slack="0"/>
<pin id="3099" dir="1" index="1" bw="12" slack="0"/>
</pin_list>
<bind>
<opcode="trunc(33) " fcode="trunc"/>
<opset="trunc_ln48_128/6 "/>
</bind>
</comp>

<comp id="3101" class="1004" name="add_ln48_182_fu_3101">
<pin_list>
<pin id="3102" dir="0" index="0" bw="12" slack="0"/>
<pin id="3103" dir="0" index="1" bw="11" slack="0"/>
<pin id="3104" dir="1" index="2" bw="12" slack="0"/>
</pin_list>
<bind>
<opcode="add(8) " fcode="add"/>
<opset="add_ln48_182/6 "/>
</bind>
</comp>

<comp id="3107" class="1004" name="select_ln48_91_fu_3107">
<pin_list>
<pin id="3108" dir="0" index="0" bw="1" slack="0"/>
<pin id="3109" dir="0" index="1" bw="12" slack="0"/>
<pin id="3110" dir="0" index="2" bw="12" slack="0"/>
<pin id="3111" dir="1" index="3" bw="12" slack="0"/>
</pin_list>
<bind>
<opcode="select(49) " fcode="select"/>
<opset="select_ln48_91/6 "/>
</bind>
</comp>

<comp id="3116" class="1004" name="icmp_ln52_91_fu_3116">
<pin_list>
<pin id="3117" dir="0" index="0" bw="12" slack="0"/>
<pin id="3118" dir="0" index="1" bw="25" slack="0"/>
<pin id="3119" dir="1" index="2" bw="1" slack="0"/>
</pin_list>
<bind>
<opcode="icmp(45) " fcode="icmp"/>
<opset="icmp_ln52_91/6 "/>
</bind>
</comp>

<comp id="3122" class="1004" name="xor_ln52_91_fu_3122">
<pin_list>
<pin id="3123" dir="0" index="0" bw="1" slack="0"/>
<pin id="3124" dir="0" index="1" bw="1" slack="0"/>
<pin id="3125" dir="1" index="2" bw="1" slack="0"/>
</pin_list>
<bind>
<opcode="xor(25) " fcode="xor"/>
<opset="xor_ln52_91/6 "/>
</bind>
</comp>

<comp id="3128" class="1004" name="select_ln52_91_fu_3128">
<pin_list>
<pin id="3129" dir="0" index="0" bw="1" slack="0"/>
<pin id="3130" dir="0" index="1" bw="12" slack="0"/>
<pin id="3131" dir="0" index="2" bw="12" slack="0"/>
<pin id="3132" dir="1" index="3" bw="12" slack="0"/>
</pin_list>
<bind>
<opcode="select(49) " fcode="select"/>
<opset="select_ln52_91/6 "/>
</bind>
</comp>

<comp id="3136" class="1004" name="sub_ln86_18_fu_3136">
<pin_list>
<pin id="3137" dir="0" index="0" bw="12" slack="0"/>
<pin id="3138" dir="0" index="1" bw="12" slack="0"/>
<pin id="3139" dir="1" index="2" bw="12" slack="0"/>
</pin_list>
<bind>
<opcode="sub(10) " fcode="sub"/>
<opset="sub_ln86_18/6 "/>
</bind>
</comp>

<comp id="3143" class="1004" name="zext_ln52_84_fu_3143">
<pin_list>
<pin id="3144" dir="0" index="0" bw="12" slack="0"/>
<pin id="3145" dir="1" index="1" bw="25" slack="0"/>
</pin_list>
<bind>
<opcode="zext(34) " fcode="zext"/>
<opset="zext_ln52_84/6 "/>
</bind>
</comp>

<comp id="3147" class="1004" name="add_ln52_92_fu_3147">
<pin_list>
<pin id="3148" dir="0" index="0" bw="12" slack="0"/>
<pin id="3149" dir="0" index="1" bw="11" slack="0"/>
<pin id="3150" dir="1" index="2" bw="12" slack="0"/>
</pin_list>
<bind>
<opcode="add(8) " fcode="add"/>
<opset="add_ln52_92/6 "/>
</bind>
</comp>

<comp id="3153" class="1004" name="zext_ln40_43_fu_3153">
<pin_list>
<pin id="3154" dir="0" index="0" bw="24" slack="1"/>
<pin id="3155" dir="1" index="1" bw="25" slack="0"/>
</pin_list>
<bind>
<opcode="zext(34) " fcode="zext"/>
<opset="zext_ln40_43/6 "/>
</bind>
</comp>

<comp id="3156" class="1004" name="icmp_ln44_92_fu_3156">
<pin_list>
<pin id="3157" dir="0" index="0" bw="25" slack="0"/>
<pin id="3158" dir="0" index="1" bw="13" slack="0"/>
<pin id="3159" dir="1" index="2" bw="1" slack="0"/>
</pin_list>
<bind>
<opcode="icmp(45) " fcode="icmp"/>
<opset="icmp_ln44_92/6 "/>
</bind>
</comp>

<comp id="3161" class="1004" name="add_ln44_92_fu_3161">
<pin_list>
<pin id="3162" dir="0" index="0" bw="25" slack="0"/>
<pin id="3163" dir="0" index="1" bw="13" slack="0"/>
<pin id="3164" dir="1" index="2" bw="25" slack="0"/>
</pin_list>
<bind>
<opcode="add(8) " fcode="add"/>
<opset="add_ln44_92/6 "/>
</bind>
</comp>

<comp id="3166" class="1004" name="tB_33_fu_3166">
<pin_list>
<pin id="3167" dir="0" index="0" bw="1" slack="0"/>
<pin id="3168" dir="0" index="1" bw="25" slack="0"/>
<pin id="3169" dir="0" index="2" bw="25" slack="0"/>
<pin id="3170" dir="1" index="3" bw="25" slack="0"/>
</pin_list>
<bind>
<opcode="select(49) " fcode="select"/>
<opset="tB_33/6 "/>
</bind>
</comp>

<comp id="3173" class="1004" name="trunc_ln48_129_fu_3173">
<pin_list>
<pin id="3174" dir="0" index="0" bw="25" slack="0"/>
<pin id="3175" dir="1" index="1" bw="12" slack="0"/>
</pin_list>
<bind>
<opcode="trunc(33) " fcode="trunc"/>
<opset="trunc_ln48_129/6 "/>
</bind>
</comp>

<comp id="3177" class="1004" name="s_173_fu_3177">
<pin_list>
<pin id="3178" dir="0" index="0" bw="25" slack="0"/>
<pin id="3179" dir="0" index="1" bw="12" slack="0"/>
<pin id="3180" dir="1" index="2" bw="25" slack="0"/>
</pin_list>
<bind>
<opcode="add(8) " fcode="add"/>
<opset="s_173/6 "/>
</bind>
</comp>

<comp id="3183" class="1004" name="icmp_ln48_92_fu_3183">
<pin_list>
<pin id="3184" dir="0" index="0" bw="25" slack="0"/>
<pin id="3185" dir="0" index="1" bw="13" slack="0"/>
<pin id="3186" dir="1" index="2" bw="1" slack="0"/>
</pin_list>
<bind>
<opcode="icmp(45) " fcode="icmp"/>
<opset="icmp_ln48_92/6 "/>
</bind>
</comp>

<comp id="3189" class="1004" name="trunc_ln48_130_fu_3189">
<pin_list>
<pin id="3190" dir="0" index="0" bw="25" slack="0"/>
<pin id="3191" dir="1" index="1" bw="12" slack="0"/>
</pin_list>
<bind>
<opcode="trunc(33) " fcode="trunc"/>
<opset="trunc_ln48_130/6 "/>
</bind>
</comp>

<comp id="3193" class="1004" name="add_ln48_184_fu_3193">
<pin_list>
<pin id="3194" dir="0" index="0" bw="12" slack="0"/>
<pin id="3195" dir="0" index="1" bw="11" slack="0"/>
<pin id="3196" dir="1" index="2" bw="12" slack="0"/>
</pin_list>
<bind>
<opcode="add(8) " fcode="add"/>
<opset="add_ln48_184/6 "/>
</bind>
</comp>

<comp id="3199" class="1004" name="select_ln48_92_fu_3199">
<pin_list>
<pin id="3200" dir="0" index="0" bw="1" slack="0"/>
<pin id="3201" dir="0" index="1" bw="12" slack="0"/>
<pin id="3202" dir="0" index="2" bw="12" slack="0"/>
<pin id="3203" dir="1" index="3" bw="12" slack="0"/>
</pin_list>
<bind>
<opcode="select(49) " fcode="select"/>
<opset="select_ln48_92/6 "/>
</bind>
</comp>

<comp id="3208" class="1004" name="icmp_ln52_92_fu_3208">
<pin_list>
<pin id="3209" dir="0" index="0" bw="12" slack="0"/>
<pin id="3210" dir="0" index="1" bw="25" slack="0"/>
<pin id="3211" dir="1" index="2" bw="1" slack="0"/>
</pin_list>
<bind>
<opcode="icmp(45) " fcode="icmp"/>
<opset="icmp_ln52_92/6 "/>
</bind>
</comp>

<comp id="3214" class="1004" name="xor_ln52_92_fu_3214">
<pin_list>
<pin id="3215" dir="0" index="0" bw="1" slack="0"/>
<pin id="3216" dir="0" index="1" bw="1" slack="0"/>
<pin id="3217" dir="1" index="2" bw="1" slack="0"/>
</pin_list>
<bind>
<opcode="xor(25) " fcode="xor"/>
<opset="xor_ln52_92/6 "/>
</bind>
</comp>

<comp id="3220" class="1004" name="select_ln52_92_fu_3220">
<pin_list>
<pin id="3221" dir="0" index="0" bw="1" slack="0"/>
<pin id="3222" dir="0" index="1" bw="12" slack="0"/>
<pin id="3223" dir="0" index="2" bw="12" slack="0"/>
<pin id="3224" dir="1" index="3" bw="12" slack="0"/>
</pin_list>
<bind>
<opcode="select(49) " fcode="select"/>
<opset="select_ln52_92/6 "/>
</bind>
</comp>

<comp id="3228" class="1004" name="sub_ln86_19_fu_3228">
<pin_list>
<pin id="3229" dir="0" index="0" bw="12" slack="0"/>
<pin id="3230" dir="0" index="1" bw="12" slack="0"/>
<pin id="3231" dir="1" index="2" bw="12" slack="0"/>
</pin_list>
<bind>
<opcode="sub(10) " fcode="sub"/>
<opset="sub_ln86_19/6 "/>
</bind>
</comp>

<comp id="3235" class="1004" name="zext_ln52_85_fu_3235">
<pin_list>
<pin id="3236" dir="0" index="0" bw="12" slack="0"/>
<pin id="3237" dir="1" index="1" bw="25" slack="0"/>
</pin_list>
<bind>
<opcode="zext(34) " fcode="zext"/>
<opset="zext_ln52_85/6 "/>
</bind>
</comp>

<comp id="3239" class="1004" name="add_ln52_93_fu_3239">
<pin_list>
<pin id="3240" dir="0" index="0" bw="12" slack="0"/>
<pin id="3241" dir="0" index="1" bw="11" slack="0"/>
<pin id="3242" dir="1" index="2" bw="12" slack="0"/>
</pin_list>
<bind>
<opcode="add(8) " fcode="add"/>
<opset="add_ln52_93/6 "/>
</bind>
</comp>

<comp id="3245" class="1004" name="zext_ln40_44_fu_3245">
<pin_list>
<pin id="3246" dir="0" index="0" bw="24" slack="1"/>
<pin id="3247" dir="1" index="1" bw="25" slack="0"/>
</pin_list>
<bind>
<opcode="zext(34) " fcode="zext"/>
<opset="zext_ln40_44/6 "/>
</bind>
</comp>

<comp id="3248" class="1004" name="icmp_ln44_93_fu_3248">
<pin_list>
<pin id="3249" dir="0" index="0" bw="25" slack="0"/>
<pin id="3250" dir="0" index="1" bw="13" slack="0"/>
<pin id="3251" dir="1" index="2" bw="1" slack="0"/>
</pin_list>
<bind>
<opcode="icmp(45) " fcode="icmp"/>
<opset="icmp_ln44_93/6 "/>
</bind>
</comp>

<comp id="3253" class="1004" name="add_ln44_93_fu_3253">
<pin_list>
<pin id="3254" dir="0" index="0" bw="25" slack="0"/>
<pin id="3255" dir="0" index="1" bw="13" slack="0"/>
<pin id="3256" dir="1" index="2" bw="25" slack="0"/>
</pin_list>
<bind>
<opcode="add(8) " fcode="add"/>
<opset="add_ln44_93/6 "/>
</bind>
</comp>

<comp id="3258" class="1004" name="tB_34_fu_3258">
<pin_list>
<pin id="3259" dir="0" index="0" bw="1" slack="0"/>
<pin id="3260" dir="0" index="1" bw="25" slack="0"/>
<pin id="3261" dir="0" index="2" bw="25" slack="0"/>
<pin id="3262" dir="1" index="3" bw="25" slack="0"/>
</pin_list>
<bind>
<opcode="select(49) " fcode="select"/>
<opset="tB_34/6 "/>
</bind>
</comp>

<comp id="3265" class="1004" name="trunc_ln48_131_fu_3265">
<pin_list>
<pin id="3266" dir="0" index="0" bw="25" slack="0"/>
<pin id="3267" dir="1" index="1" bw="12" slack="0"/>
</pin_list>
<bind>
<opcode="trunc(33) " fcode="trunc"/>
<opset="trunc_ln48_131/6 "/>
</bind>
</comp>

<comp id="3269" class="1004" name="s_175_fu_3269">
<pin_list>
<pin id="3270" dir="0" index="0" bw="25" slack="0"/>
<pin id="3271" dir="0" index="1" bw="12" slack="0"/>
<pin id="3272" dir="1" index="2" bw="25" slack="0"/>
</pin_list>
<bind>
<opcode="add(8) " fcode="add"/>
<opset="s_175/6 "/>
</bind>
</comp>

<comp id="3275" class="1004" name="icmp_ln48_93_fu_3275">
<pin_list>
<pin id="3276" dir="0" index="0" bw="25" slack="0"/>
<pin id="3277" dir="0" index="1" bw="13" slack="0"/>
<pin id="3278" dir="1" index="2" bw="1" slack="0"/>
</pin_list>
<bind>
<opcode="icmp(45) " fcode="icmp"/>
<opset="icmp_ln48_93/6 "/>
</bind>
</comp>

<comp id="3281" class="1004" name="trunc_ln48_132_fu_3281">
<pin_list>
<pin id="3282" dir="0" index="0" bw="25" slack="0"/>
<pin id="3283" dir="1" index="1" bw="12" slack="0"/>
</pin_list>
<bind>
<opcode="trunc(33) " fcode="trunc"/>
<opset="trunc_ln48_132/6 "/>
</bind>
</comp>

<comp id="3285" class="1004" name="add_ln48_186_fu_3285">
<pin_list>
<pin id="3286" dir="0" index="0" bw="12" slack="0"/>
<pin id="3287" dir="0" index="1" bw="11" slack="0"/>
<pin id="3288" dir="1" index="2" bw="12" slack="0"/>
</pin_list>
<bind>
<opcode="add(8) " fcode="add"/>
<opset="add_ln48_186/6 "/>
</bind>
</comp>

<comp id="3291" class="1004" name="select_ln48_93_fu_3291">
<pin_list>
<pin id="3292" dir="0" index="0" bw="1" slack="0"/>
<pin id="3293" dir="0" index="1" bw="12" slack="0"/>
<pin id="3294" dir="0" index="2" bw="12" slack="0"/>
<pin id="3295" dir="1" index="3" bw="12" slack="0"/>
</pin_list>
<bind>
<opcode="select(49) " fcode="select"/>
<opset="select_ln48_93/6 "/>
</bind>
</comp>

<comp id="3300" class="1004" name="icmp_ln52_93_fu_3300">
<pin_list>
<pin id="3301" dir="0" index="0" bw="12" slack="0"/>
<pin id="3302" dir="0" index="1" bw="25" slack="0"/>
<pin id="3303" dir="1" index="2" bw="1" slack="0"/>
</pin_list>
<bind>
<opcode="icmp(45) " fcode="icmp"/>
<opset="icmp_ln52_93/6 "/>
</bind>
</comp>

<comp id="3306" class="1004" name="xor_ln52_93_fu_3306">
<pin_list>
<pin id="3307" dir="0" index="0" bw="1" slack="0"/>
<pin id="3308" dir="0" index="1" bw="1" slack="0"/>
<pin id="3309" dir="1" index="2" bw="1" slack="0"/>
</pin_list>
<bind>
<opcode="xor(25) " fcode="xor"/>
<opset="xor_ln52_93/6 "/>
</bind>
</comp>

<comp id="3312" class="1004" name="select_ln52_93_fu_3312">
<pin_list>
<pin id="3313" dir="0" index="0" bw="1" slack="0"/>
<pin id="3314" dir="0" index="1" bw="12" slack="0"/>
<pin id="3315" dir="0" index="2" bw="12" slack="0"/>
<pin id="3316" dir="1" index="3" bw="12" slack="0"/>
</pin_list>
<bind>
<opcode="select(49) " fcode="select"/>
<opset="select_ln52_93/6 "/>
</bind>
</comp>

<comp id="3320" class="1004" name="sub_ln86_20_fu_3320">
<pin_list>
<pin id="3321" dir="0" index="0" bw="12" slack="0"/>
<pin id="3322" dir="0" index="1" bw="12" slack="0"/>
<pin id="3323" dir="1" index="2" bw="12" slack="0"/>
</pin_list>
<bind>
<opcode="sub(10) " fcode="sub"/>
<opset="sub_ln86_20/6 "/>
</bind>
</comp>

<comp id="3327" class="1004" name="zext_ln85_fu_3327">
<pin_list>
<pin id="3328" dir="0" index="0" bw="12" slack="0"/>
<pin id="3329" dir="1" index="1" bw="25" slack="0"/>
</pin_list>
<bind>
<opcode="zext(34) " fcode="zext"/>
<opset="zext_ln85/6 "/>
</bind>
</comp>

<comp id="3331" class="1004" name="zext_ln40_45_fu_3331">
<pin_list>
<pin id="3332" dir="0" index="0" bw="24" slack="1"/>
<pin id="3333" dir="1" index="1" bw="25" slack="0"/>
</pin_list>
<bind>
<opcode="zext(34) " fcode="zext"/>
<opset="zext_ln40_45/6 "/>
</bind>
</comp>

<comp id="3334" class="1004" name="icmp_ln44_94_fu_3334">
<pin_list>
<pin id="3335" dir="0" index="0" bw="25" slack="0"/>
<pin id="3336" dir="0" index="1" bw="13" slack="0"/>
<pin id="3337" dir="1" index="2" bw="1" slack="0"/>
</pin_list>
<bind>
<opcode="icmp(45) " fcode="icmp"/>
<opset="icmp_ln44_94/6 "/>
</bind>
</comp>

<comp id="3339" class="1004" name="add_ln44_94_fu_3339">
<pin_list>
<pin id="3340" dir="0" index="0" bw="25" slack="0"/>
<pin id="3341" dir="0" index="1" bw="13" slack="0"/>
<pin id="3342" dir="1" index="2" bw="25" slack="0"/>
</pin_list>
<bind>
<opcode="add(8) " fcode="add"/>
<opset="add_ln44_94/6 "/>
</bind>
</comp>

<comp id="3344" class="1004" name="tB_fu_3344">
<pin_list>
<pin id="3345" dir="0" index="0" bw="1" slack="0"/>
<pin id="3346" dir="0" index="1" bw="25" slack="0"/>
<pin id="3347" dir="0" index="2" bw="25" slack="0"/>
<pin id="3348" dir="1" index="3" bw="25" slack="0"/>
</pin_list>
<bind>
<opcode="select(49) " fcode="select"/>
<opset="tB/6 "/>
</bind>
</comp>

<comp id="3351" class="1004" name="trunc_ln85_fu_3351">
<pin_list>
<pin id="3352" dir="0" index="0" bw="25" slack="0"/>
<pin id="3353" dir="1" index="1" bw="12" slack="0"/>
</pin_list>
<bind>
<opcode="trunc(33) " fcode="trunc"/>
<opset="trunc_ln85/6 "/>
</bind>
</comp>

<comp id="3355" class="1004" name="s_162_fu_3355">
<pin_list>
<pin id="3356" dir="0" index="0" bw="25" slack="0"/>
<pin id="3357" dir="0" index="1" bw="12" slack="0"/>
<pin id="3358" dir="1" index="2" bw="25" slack="0"/>
</pin_list>
<bind>
<opcode="add(8) " fcode="add"/>
<opset="s_162/6 "/>
</bind>
</comp>

<comp id="3361" class="1004" name="icmp_ln48_94_fu_3361">
<pin_list>
<pin id="3362" dir="0" index="0" bw="25" slack="0"/>
<pin id="3363" dir="0" index="1" bw="13" slack="0"/>
<pin id="3364" dir="1" index="2" bw="1" slack="0"/>
</pin_list>
<bind>
<opcode="icmp(45) " fcode="icmp"/>
<opset="icmp_ln48_94/6 "/>
</bind>
</comp>

<comp id="3367" class="1004" name="trunc_ln48_133_fu_3367">
<pin_list>
<pin id="3368" dir="0" index="0" bw="25" slack="0"/>
<pin id="3369" dir="1" index="1" bw="12" slack="0"/>
</pin_list>
<bind>
<opcode="trunc(33) " fcode="trunc"/>
<opset="trunc_ln48_133/6 "/>
</bind>
</comp>

<comp id="3371" class="1004" name="add_ln48_188_fu_3371">
<pin_list>
<pin id="3372" dir="0" index="0" bw="12" slack="0"/>
<pin id="3373" dir="0" index="1" bw="11" slack="0"/>
<pin id="3374" dir="1" index="2" bw="12" slack="0"/>
</pin_list>
<bind>
<opcode="add(8) " fcode="add"/>
<opset="add_ln48_188/6 "/>
</bind>
</comp>

<comp id="3377" class="1004" name="select_ln48_94_fu_3377">
<pin_list>
<pin id="3378" dir="0" index="0" bw="1" slack="0"/>
<pin id="3379" dir="0" index="1" bw="12" slack="0"/>
<pin id="3380" dir="0" index="2" bw="12" slack="0"/>
<pin id="3381" dir="1" index="3" bw="12" slack="0"/>
</pin_list>
<bind>
<opcode="select(49) " fcode="select"/>
<opset="select_ln48_94/6 "/>
</bind>
</comp>

<comp id="3386" class="1004" name="icmp_ln52_94_fu_3386">
<pin_list>
<pin id="3387" dir="0" index="0" bw="12" slack="0"/>
<pin id="3388" dir="0" index="1" bw="25" slack="0"/>
<pin id="3389" dir="1" index="2" bw="1" slack="0"/>
</pin_list>
<bind>
<opcode="icmp(45) " fcode="icmp"/>
<opset="icmp_ln52_94/6 "/>
</bind>
</comp>

<comp id="3392" class="1004" name="xor_ln52_94_fu_3392">
<pin_list>
<pin id="3393" dir="0" index="0" bw="1" slack="0"/>
<pin id="3394" dir="0" index="1" bw="1" slack="0"/>
<pin id="3395" dir="1" index="2" bw="1" slack="0"/>
</pin_list>
<bind>
<opcode="xor(25) " fcode="xor"/>
<opset="xor_ln52_94/6 "/>
</bind>
</comp>

<comp id="3398" class="1004" name="add_ln52_94_fu_3398">
<pin_list>
<pin id="3399" dir="0" index="0" bw="12" slack="0"/>
<pin id="3400" dir="0" index="1" bw="11" slack="0"/>
<pin id="3401" dir="1" index="2" bw="12" slack="0"/>
</pin_list>
<bind>
<opcode="add(8) " fcode="add"/>
<opset="add_ln52_94/6 "/>
</bind>
</comp>

<comp id="3404" class="1004" name="select_ln52_94_fu_3404">
<pin_list>
<pin id="3405" dir="0" index="0" bw="1" slack="0"/>
<pin id="3406" dir="0" index="1" bw="12" slack="0"/>
<pin id="3407" dir="0" index="2" bw="12" slack="0"/>
<pin id="3408" dir="1" index="3" bw="12" slack="0"/>
</pin_list>
<bind>
<opcode="select(49) " fcode="select"/>
<opset="select_ln52_94/6 "/>
</bind>
</comp>

<comp id="3412" class="1004" name="sub_ln86_21_fu_3412">
<pin_list>
<pin id="3413" dir="0" index="0" bw="12" slack="0"/>
<pin id="3414" dir="0" index="1" bw="12" slack="0"/>
<pin id="3415" dir="1" index="2" bw="12" slack="0"/>
</pin_list>
<bind>
<opcode="sub(10) " fcode="sub"/>
<opset="sub_ln86_21/6 "/>
</bind>
</comp>

<comp id="3419" class="1007" name="grp_fu_3419">
<pin_list>
<pin id="3420" dir="0" index="0" bw="12" slack="0"/>
<pin id="3421" dir="0" index="1" bw="12" slack="0"/>
<pin id="3422" dir="0" index="2" bw="24" slack="0"/>
<pin id="3423" dir="1" index="3" bw="25" slack="0"/>
</pin_list>
<bind>
<opcode="mulsub(1173) " fcode="mulsub"/>
<opset="qq/4 zext_ln42/6 r/6 "/>
</bind>
</comp>

<comp id="3430" class="1007" name="grp_fu_3430">
<pin_list>
<pin id="3431" dir="0" index="0" bw="12" slack="0"/>
<pin id="3432" dir="0" index="1" bw="12" slack="0"/>
<pin id="3433" dir="0" index="2" bw="24" slack="0"/>
<pin id="3434" dir="1" index="3" bw="25" slack="0"/>
</pin_list>
<bind>
<opcode="mulsub(1173) " fcode="mulsub"/>
<opset="qq_164/4 zext_ln42_31/6 r_164/6 "/>
</bind>
</comp>

<comp id="3441" class="1007" name="grp_fu_3441">
<pin_list>
<pin id="3442" dir="0" index="0" bw="12" slack="0"/>
<pin id="3443" dir="0" index="1" bw="12" slack="0"/>
<pin id="3444" dir="0" index="2" bw="24" slack="0"/>
<pin id="3445" dir="1" index="3" bw="25" slack="0"/>
</pin_list>
<bind>
<opcode="mulsub(1173) " fcode="mulsub"/>
<opset="qq_166/4 zext_ln42_32/6 r_166/6 "/>
</bind>
</comp>

<comp id="3452" class="1007" name="grp_fu_3452">
<pin_list>
<pin id="3453" dir="0" index="0" bw="12" slack="0"/>
<pin id="3454" dir="0" index="1" bw="12" slack="0"/>
<pin id="3455" dir="0" index="2" bw="24" slack="0"/>
<pin id="3456" dir="1" index="3" bw="25" slack="0"/>
</pin_list>
<bind>
<opcode="mulsub(1173) " fcode="mulsub"/>
<opset="qq_168/4 zext_ln42_33/6 r_168/6 "/>
</bind>
</comp>

<comp id="3463" class="1007" name="grp_fu_3463">
<pin_list>
<pin id="3464" dir="0" index="0" bw="12" slack="0"/>
<pin id="3465" dir="0" index="1" bw="12" slack="0"/>
<pin id="3466" dir="0" index="2" bw="24" slack="0"/>
<pin id="3467" dir="1" index="3" bw="25" slack="0"/>
</pin_list>
<bind>
<opcode="mulsub(1173) " fcode="mulsub"/>
<opset="qq_170/4 zext_ln42_34/6 r_170/6 "/>
</bind>
</comp>

<comp id="3474" class="1007" name="grp_fu_3474">
<pin_list>
<pin id="3475" dir="0" index="0" bw="12" slack="0"/>
<pin id="3476" dir="0" index="1" bw="12" slack="0"/>
<pin id="3477" dir="0" index="2" bw="24" slack="0"/>
<pin id="3478" dir="1" index="3" bw="25" slack="0"/>
</pin_list>
<bind>
<opcode="mulsub(1173) " fcode="mulsub"/>
<opset="qq_172/4 zext_ln42_35/6 r_172/6 "/>
</bind>
</comp>

<comp id="3485" class="1007" name="grp_fu_3485">
<pin_list>
<pin id="3486" dir="0" index="0" bw="12" slack="0"/>
<pin id="3487" dir="0" index="1" bw="12" slack="0"/>
<pin id="3488" dir="0" index="2" bw="24" slack="0"/>
<pin id="3489" dir="1" index="3" bw="25" slack="0"/>
</pin_list>
<bind>
<opcode="mulsub(1173) " fcode="mulsub"/>
<opset="qq_174/4 zext_ln42_36/6 r_174/6 "/>
</bind>
</comp>

<comp id="3496" class="1007" name="grp_fu_3496">
<pin_list>
<pin id="3497" dir="0" index="0" bw="12" slack="0"/>
<pin id="3498" dir="0" index="1" bw="12" slack="0"/>
<pin id="3499" dir="0" index="2" bw="24" slack="0"/>
<pin id="3500" dir="1" index="3" bw="25" slack="0"/>
</pin_list>
<bind>
<opcode="mulsub(1173) " fcode="mulsub"/>
<opset="qq_161/4 zext_ln42_37/6 r_161/6 "/>
</bind>
</comp>

<comp id="3507" class="1007" name="grp_fu_3507">
<pin_list>
<pin id="3508" dir="0" index="0" bw="12" slack="0"/>
<pin id="3509" dir="0" index="1" bw="12" slack="0"/>
<pin id="3510" dir="0" index="2" bw="24" slack="0"/>
<pin id="3511" dir="1" index="3" bw="25" slack="0"/>
</pin_list>
<bind>
<opcode="mulsub(1173) " fcode="mulsub"/>
<opset="qq_163/4 zext_ln42_38/6 r_163/6 "/>
</bind>
</comp>

<comp id="3518" class="1007" name="grp_fu_3518">
<pin_list>
<pin id="3519" dir="0" index="0" bw="12" slack="0"/>
<pin id="3520" dir="0" index="1" bw="12" slack="0"/>
<pin id="3521" dir="0" index="2" bw="24" slack="0"/>
<pin id="3522" dir="1" index="3" bw="25" slack="0"/>
</pin_list>
<bind>
<opcode="mulsub(1173) " fcode="mulsub"/>
<opset="qq_165/4 zext_ln42_39/6 r_165/6 "/>
</bind>
</comp>

<comp id="3529" class="1007" name="grp_fu_3529">
<pin_list>
<pin id="3530" dir="0" index="0" bw="12" slack="0"/>
<pin id="3531" dir="0" index="1" bw="12" slack="0"/>
<pin id="3532" dir="0" index="2" bw="24" slack="0"/>
<pin id="3533" dir="1" index="3" bw="25" slack="0"/>
</pin_list>
<bind>
<opcode="mulsub(1173) " fcode="mulsub"/>
<opset="qq_167/4 zext_ln42_40/6 r_167/6 "/>
</bind>
</comp>

<comp id="3540" class="1007" name="grp_fu_3540">
<pin_list>
<pin id="3541" dir="0" index="0" bw="12" slack="0"/>
<pin id="3542" dir="0" index="1" bw="12" slack="0"/>
<pin id="3543" dir="0" index="2" bw="24" slack="0"/>
<pin id="3544" dir="1" index="3" bw="25" slack="0"/>
</pin_list>
<bind>
<opcode="mulsub(1173) " fcode="mulsub"/>
<opset="qq_169/4 zext_ln42_41/6 r_169/6 "/>
</bind>
</comp>

<comp id="3551" class="1007" name="grp_fu_3551">
<pin_list>
<pin id="3552" dir="0" index="0" bw="12" slack="0"/>
<pin id="3553" dir="0" index="1" bw="12" slack="0"/>
<pin id="3554" dir="0" index="2" bw="24" slack="0"/>
<pin id="3555" dir="1" index="3" bw="25" slack="0"/>
</pin_list>
<bind>
<opcode="mulsub(1173) " fcode="mulsub"/>
<opset="qq_171/4 zext_ln42_42/6 r_171/6 "/>
</bind>
</comp>

<comp id="3562" class="1007" name="grp_fu_3562">
<pin_list>
<pin id="3563" dir="0" index="0" bw="12" slack="0"/>
<pin id="3564" dir="0" index="1" bw="12" slack="0"/>
<pin id="3565" dir="0" index="2" bw="24" slack="0"/>
<pin id="3566" dir="1" index="3" bw="25" slack="0"/>
</pin_list>
<bind>
<opcode="mulsub(1173) " fcode="mulsub"/>
<opset="qq_173/4 zext_ln42_43/6 r_173/6 "/>
</bind>
</comp>

<comp id="3573" class="1007" name="grp_fu_3573">
<pin_list>
<pin id="3574" dir="0" index="0" bw="12" slack="0"/>
<pin id="3575" dir="0" index="1" bw="12" slack="0"/>
<pin id="3576" dir="0" index="2" bw="24" slack="0"/>
<pin id="3577" dir="1" index="3" bw="25" slack="0"/>
</pin_list>
<bind>
<opcode="mulsub(1173) " fcode="mulsub"/>
<opset="qq_175/4 zext_ln42_44/6 r_175/6 "/>
</bind>
</comp>

<comp id="3584" class="1007" name="grp_fu_3584">
<pin_list>
<pin id="3585" dir="0" index="0" bw="12" slack="0"/>
<pin id="3586" dir="0" index="1" bw="12" slack="0"/>
<pin id="3587" dir="0" index="2" bw="24" slack="0"/>
<pin id="3588" dir="1" index="3" bw="25" slack="0"/>
</pin_list>
<bind>
<opcode="mulsub(1173) " fcode="mulsub"/>
<opset="qq_162/4 zext_ln42_45/6 r_162/6 "/>
</bind>
</comp>

<comp id="3595" class="1005" name="idx_reg_3595">
<pin_list>
<pin id="3596" dir="0" index="0" bw="8" slack="0"/>
<pin id="3597" dir="1" index="1" bw="8" slack="0"/>
</pin_list>
<bind>
<opset="idx "/>
</bind>
</comp>

<comp id="3602" class="1005" name="tmp_18_reg_3602">
<pin_list>
<pin id="3603" dir="0" index="0" bw="1" slack="4"/>
<pin id="3604" dir="1" index="1" bw="1" slack="2147483647"/>
</pin_list>
<bind>
<opset="tmp_18 "/>
</bind>
</comp>

<comp id="3606" class="1005" name="zext_ln82_reg_3606">
<pin_list>
<pin id="3607" dir="0" index="0" bw="64" slack="4"/>
<pin id="3608" dir="1" index="1" bw="64" slack="4"/>
</pin_list>
<bind>
<opset="zext_ln82 "/>
</bind>
</comp>

<comp id="3658" class="1005" name="p_ZL5FWD_W_0_5_addr_reg_3658">
<pin_list>
<pin id="3659" dir="0" index="0" bw="5" slack="1"/>
<pin id="3660" dir="1" index="1" bw="5" slack="1"/>
</pin_list>
<bind>
<opset="p_ZL5FWD_W_0_5_addr "/>
</bind>
</comp>

<comp id="3663" class="1005" name="p_ZL6FWD_MW_0_5_addr_reg_3663">
<pin_list>
<pin id="3664" dir="0" index="0" bw="5" slack="1"/>
<pin id="3665" dir="1" index="1" bw="5" slack="1"/>
</pin_list>
<bind>
<opset="p_ZL6FWD_MW_0_5_addr "/>
</bind>
</comp>

<comp id="3668" class="1005" name="sA_4_addr_reg_3668">
<pin_list>
<pin id="3669" dir="0" index="0" bw="4" slack="1"/>
<pin id="3670" dir="1" index="1" bw="4" slack="1"/>
</pin_list>
<bind>
<opset="sA_4_addr "/>
</bind>
</comp>

<comp id="3673" class="1005" name="sB_4_addr_reg_3673">
<pin_list>
<pin id="3674" dir="0" index="0" bw="4" slack="1"/>
<pin id="3675" dir="1" index="1" bw="4" slack="1"/>
</pin_list>
<bind>
<opset="sB_4_addr "/>
</bind>
</comp>

<comp id="3678" class="1005" name="p_ZL5FWD_W_1_5_addr_reg_3678">
<pin_list>
<pin id="3679" dir="0" index="0" bw="5" slack="1"/>
<pin id="3680" dir="1" index="1" bw="5" slack="1"/>
</pin_list>
<bind>
<opset="p_ZL5FWD_W_1_5_addr "/>
</bind>
</comp>

<comp id="3683" class="1005" name="p_ZL6FWD_MW_1_5_addr_reg_3683">
<pin_list>
<pin id="3684" dir="0" index="0" bw="5" slack="1"/>
<pin id="3685" dir="1" index="1" bw="5" slack="1"/>
</pin_list>
<bind>
<opset="p_ZL6FWD_MW_1_5_addr "/>
</bind>
</comp>

<comp id="3688" class="1005" name="sA_5_addr_reg_3688">
<pin_list>
<pin id="3689" dir="0" index="0" bw="4" slack="1"/>
<pin id="3690" dir="1" index="1" bw="4" slack="1"/>
</pin_list>
<bind>
<opset="sA_5_addr "/>
</bind>
</comp>

<comp id="3693" class="1005" name="sB_5_addr_reg_3693">
<pin_list>
<pin id="3694" dir="0" index="0" bw="4" slack="1"/>
<pin id="3695" dir="1" index="1" bw="4" slack="1"/>
</pin_list>
<bind>
<opset="sB_5_addr "/>
</bind>
</comp>

<comp id="3698" class="1005" name="p_ZL5FWD_W_2_5_addr_reg_3698">
<pin_list>
<pin id="3699" dir="0" index="0" bw="5" slack="1"/>
<pin id="3700" dir="1" index="1" bw="5" slack="1"/>
</pin_list>
<bind>
<opset="p_ZL5FWD_W_2_5_addr "/>
</bind>
</comp>

<comp id="3703" class="1005" name="p_ZL6FWD_MW_2_5_addr_reg_3703">
<pin_list>
<pin id="3704" dir="0" index="0" bw="5" slack="1"/>
<pin id="3705" dir="1" index="1" bw="5" slack="1"/>
</pin_list>
<bind>
<opset="p_ZL6FWD_MW_2_5_addr "/>
</bind>
</comp>

<comp id="3708" class="1005" name="sA_6_addr_reg_3708">
<pin_list>
<pin id="3709" dir="0" index="0" bw="4" slack="1"/>
<pin id="3710" dir="1" index="1" bw="4" slack="1"/>
</pin_list>
<bind>
<opset="sA_6_addr "/>
</bind>
</comp>

<comp id="3713" class="1005" name="sB_6_addr_reg_3713">
<pin_list>
<pin id="3714" dir="0" index="0" bw="4" slack="1"/>
<pin id="3715" dir="1" index="1" bw="4" slack="1"/>
</pin_list>
<bind>
<opset="sB_6_addr "/>
</bind>
</comp>

<comp id="3718" class="1005" name="p_ZL5FWD_W_3_5_addr_reg_3718">
<pin_list>
<pin id="3719" dir="0" index="0" bw="5" slack="1"/>
<pin id="3720" dir="1" index="1" bw="5" slack="1"/>
</pin_list>
<bind>
<opset="p_ZL5FWD_W_3_5_addr "/>
</bind>
</comp>

<comp id="3723" class="1005" name="p_ZL6FWD_MW_3_5_addr_reg_3723">
<pin_list>
<pin id="3724" dir="0" index="0" bw="5" slack="1"/>
<pin id="3725" dir="1" index="1" bw="5" slack="1"/>
</pin_list>
<bind>
<opset="p_ZL6FWD_MW_3_5_addr "/>
</bind>
</comp>

<comp id="3728" class="1005" name="sA_7_addr_reg_3728">
<pin_list>
<pin id="3729" dir="0" index="0" bw="4" slack="1"/>
<pin id="3730" dir="1" index="1" bw="4" slack="1"/>
</pin_list>
<bind>
<opset="sA_7_addr "/>
</bind>
</comp>

<comp id="3733" class="1005" name="sB_7_addr_reg_3733">
<pin_list>
<pin id="3734" dir="0" index="0" bw="4" slack="1"/>
<pin id="3735" dir="1" index="1" bw="4" slack="1"/>
</pin_list>
<bind>
<opset="sB_7_addr "/>
</bind>
</comp>

<comp id="3738" class="1005" name="p_ZL5FWD_W_0_5_addr_1_reg_3738">
<pin_list>
<pin id="3739" dir="0" index="0" bw="5" slack="1"/>
<pin id="3740" dir="1" index="1" bw="5" slack="1"/>
</pin_list>
<bind>
<opset="p_ZL5FWD_W_0_5_addr_1 "/>
</bind>
</comp>

<comp id="3743" class="1005" name="p_ZL6FWD_MW_0_5_addr_1_reg_3743">
<pin_list>
<pin id="3744" dir="0" index="0" bw="5" slack="1"/>
<pin id="3745" dir="1" index="1" bw="5" slack="1"/>
</pin_list>
<bind>
<opset="p_ZL6FWD_MW_0_5_addr_1 "/>
</bind>
</comp>

<comp id="3748" class="1005" name="sA_12_addr_reg_3748">
<pin_list>
<pin id="3749" dir="0" index="0" bw="4" slack="1"/>
<pin id="3750" dir="1" index="1" bw="4" slack="1"/>
</pin_list>
<bind>
<opset="sA_12_addr "/>
</bind>
</comp>

<comp id="3753" class="1005" name="sB_12_addr_reg_3753">
<pin_list>
<pin id="3754" dir="0" index="0" bw="4" slack="1"/>
<pin id="3755" dir="1" index="1" bw="4" slack="1"/>
</pin_list>
<bind>
<opset="sB_12_addr "/>
</bind>
</comp>

<comp id="3758" class="1005" name="p_ZL5FWD_W_1_5_addr_1_reg_3758">
<pin_list>
<pin id="3759" dir="0" index="0" bw="5" slack="1"/>
<pin id="3760" dir="1" index="1" bw="5" slack="1"/>
</pin_list>
<bind>
<opset="p_ZL5FWD_W_1_5_addr_1 "/>
</bind>
</comp>

<comp id="3763" class="1005" name="p_ZL6FWD_MW_1_5_addr_1_reg_3763">
<pin_list>
<pin id="3764" dir="0" index="0" bw="5" slack="1"/>
<pin id="3765" dir="1" index="1" bw="5" slack="1"/>
</pin_list>
<bind>
<opset="p_ZL6FWD_MW_1_5_addr_1 "/>
</bind>
</comp>

<comp id="3768" class="1005" name="sA_13_addr_reg_3768">
<pin_list>
<pin id="3769" dir="0" index="0" bw="4" slack="1"/>
<pin id="3770" dir="1" index="1" bw="4" slack="1"/>
</pin_list>
<bind>
<opset="sA_13_addr "/>
</bind>
</comp>

<comp id="3773" class="1005" name="sB_13_addr_reg_3773">
<pin_list>
<pin id="3774" dir="0" index="0" bw="4" slack="1"/>
<pin id="3775" dir="1" index="1" bw="4" slack="1"/>
</pin_list>
<bind>
<opset="sB_13_addr "/>
</bind>
</comp>

<comp id="3778" class="1005" name="p_ZL5FWD_W_2_5_addr_1_reg_3778">
<pin_list>
<pin id="3779" dir="0" index="0" bw="5" slack="1"/>
<pin id="3780" dir="1" index="1" bw="5" slack="1"/>
</pin_list>
<bind>
<opset="p_ZL5FWD_W_2_5_addr_1 "/>
</bind>
</comp>

<comp id="3783" class="1005" name="p_ZL6FWD_MW_2_5_addr_1_reg_3783">
<pin_list>
<pin id="3784" dir="0" index="0" bw="5" slack="1"/>
<pin id="3785" dir="1" index="1" bw="5" slack="1"/>
</pin_list>
<bind>
<opset="p_ZL6FWD_MW_2_5_addr_1 "/>
</bind>
</comp>

<comp id="3788" class="1005" name="sA_14_addr_reg_3788">
<pin_list>
<pin id="3789" dir="0" index="0" bw="4" slack="1"/>
<pin id="3790" dir="1" index="1" bw="4" slack="1"/>
</pin_list>
<bind>
<opset="sA_14_addr "/>
</bind>
</comp>

<comp id="3793" class="1005" name="sB_14_addr_reg_3793">
<pin_list>
<pin id="3794" dir="0" index="0" bw="4" slack="1"/>
<pin id="3795" dir="1" index="1" bw="4" slack="1"/>
</pin_list>
<bind>
<opset="sB_14_addr "/>
</bind>
</comp>

<comp id="3798" class="1005" name="p_ZL5FWD_W_3_5_addr_1_reg_3798">
<pin_list>
<pin id="3799" dir="0" index="0" bw="5" slack="1"/>
<pin id="3800" dir="1" index="1" bw="5" slack="1"/>
</pin_list>
<bind>
<opset="p_ZL5FWD_W_3_5_addr_1 "/>
</bind>
</comp>

<comp id="3803" class="1005" name="p_ZL6FWD_MW_3_5_addr_1_reg_3803">
<pin_list>
<pin id="3804" dir="0" index="0" bw="5" slack="1"/>
<pin id="3805" dir="1" index="1" bw="5" slack="1"/>
</pin_list>
<bind>
<opset="p_ZL6FWD_MW_3_5_addr_1 "/>
</bind>
</comp>

<comp id="3808" class="1005" name="sA_15_addr_reg_3808">
<pin_list>
<pin id="3809" dir="0" index="0" bw="4" slack="1"/>
<pin id="3810" dir="1" index="1" bw="4" slack="1"/>
</pin_list>
<bind>
<opset="sA_15_addr "/>
</bind>
</comp>

<comp id="3813" class="1005" name="sB_15_addr_reg_3813">
<pin_list>
<pin id="3814" dir="0" index="0" bw="4" slack="1"/>
<pin id="3815" dir="1" index="1" bw="4" slack="1"/>
</pin_list>
<bind>
<opset="sB_15_addr "/>
</bind>
</comp>

<comp id="3818" class="1005" name="w_reg_3818">
<pin_list>
<pin id="3819" dir="0" index="0" bw="12" slack="1"/>
<pin id="3820" dir="1" index="1" bw="12" slack="1"/>
</pin_list>
<bind>
<opset="w "/>
</bind>
</comp>

<comp id="3823" class="1005" name="sA_4_load_reg_3823">
<pin_list>
<pin id="3824" dir="0" index="0" bw="12" slack="1"/>
<pin id="3825" dir="1" index="1" bw="12" slack="1"/>
</pin_list>
<bind>
<opset="sA_4_load "/>
</bind>
</comp>

<comp id="3828" class="1005" name="zext_ln36_reg_3828">
<pin_list>
<pin id="3829" dir="0" index="0" bw="28" slack="1"/>
<pin id="3830" dir="1" index="1" bw="28" slack="1"/>
</pin_list>
<bind>
<opset="zext_ln36 "/>
</bind>
</comp>

<comp id="3833" class="1005" name="zext_ln36_178_reg_3833">
<pin_list>
<pin id="3834" dir="0" index="0" bw="28" slack="1"/>
<pin id="3835" dir="1" index="1" bw="28" slack="1"/>
</pin_list>
<bind>
<opset="zext_ln36_178 "/>
</bind>
</comp>

<comp id="3839" class="1005" name="w_23_reg_3839">
<pin_list>
<pin id="3840" dir="0" index="0" bw="12" slack="1"/>
<pin id="3841" dir="1" index="1" bw="12" slack="1"/>
</pin_list>
<bind>
<opset="w_23 "/>
</bind>
</comp>

<comp id="3844" class="1005" name="zext_ln36_179_reg_3844">
<pin_list>
<pin id="3845" dir="0" index="0" bw="28" slack="1"/>
<pin id="3846" dir="1" index="1" bw="28" slack="1"/>
</pin_list>
<bind>
<opset="zext_ln36_179 "/>
</bind>
</comp>

<comp id="3850" class="1005" name="w_24_reg_3850">
<pin_list>
<pin id="3851" dir="0" index="0" bw="12" slack="1"/>
<pin id="3852" dir="1" index="1" bw="12" slack="1"/>
</pin_list>
<bind>
<opset="w_24 "/>
</bind>
</comp>

<comp id="3855" class="1005" name="zext_ln36_180_reg_3855">
<pin_list>
<pin id="3856" dir="0" index="0" bw="28" slack="1"/>
<pin id="3857" dir="1" index="1" bw="28" slack="1"/>
</pin_list>
<bind>
<opset="zext_ln36_180 "/>
</bind>
</comp>

<comp id="3861" class="1005" name="w_25_reg_3861">
<pin_list>
<pin id="3862" dir="0" index="0" bw="12" slack="1"/>
<pin id="3863" dir="1" index="1" bw="12" slack="1"/>
</pin_list>
<bind>
<opset="w_25 "/>
</bind>
</comp>

<comp id="3866" class="1005" name="zext_ln36_181_reg_3866">
<pin_list>
<pin id="3867" dir="0" index="0" bw="28" slack="1"/>
<pin id="3868" dir="1" index="1" bw="28" slack="1"/>
</pin_list>
<bind>
<opset="zext_ln36_181 "/>
</bind>
</comp>

<comp id="3872" class="1005" name="w_26_reg_3872">
<pin_list>
<pin id="3873" dir="0" index="0" bw="12" slack="1"/>
<pin id="3874" dir="1" index="1" bw="12" slack="1"/>
</pin_list>
<bind>
<opset="w_26 "/>
</bind>
</comp>

<comp id="3877" class="1005" name="zext_ln36_182_reg_3877">
<pin_list>
<pin id="3878" dir="0" index="0" bw="28" slack="1"/>
<pin id="3879" dir="1" index="1" bw="28" slack="1"/>
</pin_list>
<bind>
<opset="zext_ln36_182 "/>
</bind>
</comp>

<comp id="3883" class="1005" name="w_27_reg_3883">
<pin_list>
<pin id="3884" dir="0" index="0" bw="12" slack="1"/>
<pin id="3885" dir="1" index="1" bw="12" slack="1"/>
</pin_list>
<bind>
<opset="w_27 "/>
</bind>
</comp>

<comp id="3888" class="1005" name="zext_ln36_183_reg_3888">
<pin_list>
<pin id="3889" dir="0" index="0" bw="28" slack="1"/>
<pin id="3890" dir="1" index="1" bw="28" slack="1"/>
</pin_list>
<bind>
<opset="zext_ln36_183 "/>
</bind>
</comp>

<comp id="3894" class="1005" name="w_28_reg_3894">
<pin_list>
<pin id="3895" dir="0" index="0" bw="12" slack="1"/>
<pin id="3896" dir="1" index="1" bw="12" slack="1"/>
</pin_list>
<bind>
<opset="w_28 "/>
</bind>
</comp>

<comp id="3899" class="1005" name="zext_ln36_184_reg_3899">
<pin_list>
<pin id="3900" dir="0" index="0" bw="28" slack="1"/>
<pin id="3901" dir="1" index="1" bw="28" slack="1"/>
</pin_list>
<bind>
<opset="zext_ln36_184 "/>
</bind>
</comp>

<comp id="3905" class="1005" name="w_29_reg_3905">
<pin_list>
<pin id="3906" dir="0" index="0" bw="12" slack="1"/>
<pin id="3907" dir="1" index="1" bw="12" slack="1"/>
</pin_list>
<bind>
<opset="w_29 "/>
</bind>
</comp>

<comp id="3910" class="1005" name="sA_5_load_reg_3910">
<pin_list>
<pin id="3911" dir="0" index="0" bw="12" slack="1"/>
<pin id="3912" dir="1" index="1" bw="12" slack="1"/>
</pin_list>
<bind>
<opset="sA_5_load "/>
</bind>
</comp>

<comp id="3915" class="1005" name="zext_ln36_186_reg_3915">
<pin_list>
<pin id="3916" dir="0" index="0" bw="28" slack="1"/>
<pin id="3917" dir="1" index="1" bw="28" slack="1"/>
</pin_list>
<bind>
<opset="zext_ln36_186 "/>
</bind>
</comp>

<comp id="3920" class="1005" name="sA_6_load_reg_3920">
<pin_list>
<pin id="3921" dir="0" index="0" bw="12" slack="1"/>
<pin id="3922" dir="1" index="1" bw="12" slack="1"/>
</pin_list>
<bind>
<opset="sA_6_load "/>
</bind>
</comp>

<comp id="3925" class="1005" name="zext_ln36_188_reg_3925">
<pin_list>
<pin id="3926" dir="0" index="0" bw="28" slack="1"/>
<pin id="3927" dir="1" index="1" bw="28" slack="1"/>
</pin_list>
<bind>
<opset="zext_ln36_188 "/>
</bind>
</comp>

<comp id="3930" class="1005" name="sA_7_load_reg_3930">
<pin_list>
<pin id="3931" dir="0" index="0" bw="12" slack="1"/>
<pin id="3932" dir="1" index="1" bw="12" slack="1"/>
</pin_list>
<bind>
<opset="sA_7_load "/>
</bind>
</comp>

<comp id="3935" class="1005" name="zext_ln36_190_reg_3935">
<pin_list>
<pin id="3936" dir="0" index="0" bw="28" slack="1"/>
<pin id="3937" dir="1" index="1" bw="28" slack="1"/>
</pin_list>
<bind>
<opset="zext_ln36_190 "/>
</bind>
</comp>

<comp id="3940" class="1005" name="sA_12_load_reg_3940">
<pin_list>
<pin id="3941" dir="0" index="0" bw="12" slack="1"/>
<pin id="3942" dir="1" index="1" bw="12" slack="1"/>
</pin_list>
<bind>
<opset="sA_12_load "/>
</bind>
</comp>

<comp id="3945" class="1005" name="zext_ln36_192_reg_3945">
<pin_list>
<pin id="3946" dir="0" index="0" bw="28" slack="1"/>
<pin id="3947" dir="1" index="1" bw="28" slack="1"/>
</pin_list>
<bind>
<opset="zext_ln36_192 "/>
</bind>
</comp>

<comp id="3950" class="1005" name="sA_13_load_reg_3950">
<pin_list>
<pin id="3951" dir="0" index="0" bw="12" slack="1"/>
<pin id="3952" dir="1" index="1" bw="12" slack="1"/>
</pin_list>
<bind>
<opset="sA_13_load "/>
</bind>
</comp>

<comp id="3955" class="1005" name="zext_ln36_194_reg_3955">
<pin_list>
<pin id="3956" dir="0" index="0" bw="28" slack="1"/>
<pin id="3957" dir="1" index="1" bw="28" slack="1"/>
</pin_list>
<bind>
<opset="zext_ln36_194 "/>
</bind>
</comp>

<comp id="3960" class="1005" name="sA_14_load_reg_3960">
<pin_list>
<pin id="3961" dir="0" index="0" bw="12" slack="1"/>
<pin id="3962" dir="1" index="1" bw="12" slack="1"/>
</pin_list>
<bind>
<opset="sA_14_load "/>
</bind>
</comp>

<comp id="3965" class="1005" name="zext_ln36_196_reg_3965">
<pin_list>
<pin id="3966" dir="0" index="0" bw="28" slack="1"/>
<pin id="3967" dir="1" index="1" bw="28" slack="1"/>
</pin_list>
<bind>
<opset="zext_ln36_196 "/>
</bind>
</comp>

<comp id="3970" class="1005" name="sA_15_load_reg_3970">
<pin_list>
<pin id="3971" dir="0" index="0" bw="12" slack="1"/>
<pin id="3972" dir="1" index="1" bw="12" slack="1"/>
</pin_list>
<bind>
<opset="sA_15_load "/>
</bind>
</comp>

<comp id="3975" class="1005" name="zext_ln36_197_reg_3975">
<pin_list>
<pin id="3976" dir="0" index="0" bw="28" slack="1"/>
<pin id="3977" dir="1" index="1" bw="28" slack="1"/>
</pin_list>
<bind>
<opset="zext_ln36_197 "/>
</bind>
</comp>

<comp id="3980" class="1005" name="zext_ln36_198_reg_3980">
<pin_list>
<pin id="3981" dir="0" index="0" bw="28" slack="1"/>
<pin id="3982" dir="1" index="1" bw="28" slack="1"/>
</pin_list>
<bind>
<opset="zext_ln36_198 "/>
</bind>
</comp>

<comp id="3986" class="1005" name="sB_4_load_reg_3986">
<pin_list>
<pin id="3987" dir="0" index="0" bw="12" slack="1"/>
<pin id="3988" dir="1" index="1" bw="12" slack="1"/>
</pin_list>
<bind>
<opset="sB_4_load "/>
</bind>
</comp>

<comp id="3991" class="1005" name="zext_ln36_200_reg_3991">
<pin_list>
<pin id="3992" dir="0" index="0" bw="28" slack="1"/>
<pin id="3993" dir="1" index="1" bw="28" slack="1"/>
</pin_list>
<bind>
<opset="zext_ln36_200 "/>
</bind>
</comp>

<comp id="3996" class="1005" name="sB_5_load_reg_3996">
<pin_list>
<pin id="3997" dir="0" index="0" bw="12" slack="1"/>
<pin id="3998" dir="1" index="1" bw="12" slack="1"/>
</pin_list>
<bind>
<opset="sB_5_load "/>
</bind>
</comp>

<comp id="4001" class="1005" name="zext_ln36_202_reg_4001">
<pin_list>
<pin id="4002" dir="0" index="0" bw="28" slack="1"/>
<pin id="4003" dir="1" index="1" bw="28" slack="1"/>
</pin_list>
<bind>
<opset="zext_ln36_202 "/>
</bind>
</comp>

<comp id="4006" class="1005" name="sB_6_load_reg_4006">
<pin_list>
<pin id="4007" dir="0" index="0" bw="12" slack="1"/>
<pin id="4008" dir="1" index="1" bw="12" slack="1"/>
</pin_list>
<bind>
<opset="sB_6_load "/>
</bind>
</comp>

<comp id="4011" class="1005" name="zext_ln36_204_reg_4011">
<pin_list>
<pin id="4012" dir="0" index="0" bw="28" slack="1"/>
<pin id="4013" dir="1" index="1" bw="28" slack="1"/>
</pin_list>
<bind>
<opset="zext_ln36_204 "/>
</bind>
</comp>

<comp id="4016" class="1005" name="sB_7_load_reg_4016">
<pin_list>
<pin id="4017" dir="0" index="0" bw="12" slack="1"/>
<pin id="4018" dir="1" index="1" bw="12" slack="1"/>
</pin_list>
<bind>
<opset="sB_7_load "/>
</bind>
</comp>

<comp id="4021" class="1005" name="zext_ln36_206_reg_4021">
<pin_list>
<pin id="4022" dir="0" index="0" bw="28" slack="1"/>
<pin id="4023" dir="1" index="1" bw="28" slack="1"/>
</pin_list>
<bind>
<opset="zext_ln36_206 "/>
</bind>
</comp>

<comp id="4026" class="1005" name="sB_12_load_reg_4026">
<pin_list>
<pin id="4027" dir="0" index="0" bw="12" slack="1"/>
<pin id="4028" dir="1" index="1" bw="12" slack="1"/>
</pin_list>
<bind>
<opset="sB_12_load "/>
</bind>
</comp>

<comp id="4031" class="1005" name="zext_ln36_208_reg_4031">
<pin_list>
<pin id="4032" dir="0" index="0" bw="28" slack="1"/>
<pin id="4033" dir="1" index="1" bw="28" slack="1"/>
</pin_list>
<bind>
<opset="zext_ln36_208 "/>
</bind>
</comp>

<comp id="4036" class="1005" name="sB_13_load_reg_4036">
<pin_list>
<pin id="4037" dir="0" index="0" bw="12" slack="1"/>
<pin id="4038" dir="1" index="1" bw="12" slack="1"/>
</pin_list>
<bind>
<opset="sB_13_load "/>
</bind>
</comp>

<comp id="4041" class="1005" name="zext_ln36_210_reg_4041">
<pin_list>
<pin id="4042" dir="0" index="0" bw="28" slack="1"/>
<pin id="4043" dir="1" index="1" bw="28" slack="1"/>
</pin_list>
<bind>
<opset="zext_ln36_210 "/>
</bind>
</comp>

<comp id="4046" class="1005" name="sB_14_load_reg_4046">
<pin_list>
<pin id="4047" dir="0" index="0" bw="12" slack="1"/>
<pin id="4048" dir="1" index="1" bw="12" slack="1"/>
</pin_list>
<bind>
<opset="sB_14_load "/>
</bind>
</comp>

<comp id="4051" class="1005" name="zext_ln36_212_reg_4051">
<pin_list>
<pin id="4052" dir="0" index="0" bw="28" slack="1"/>
<pin id="4053" dir="1" index="1" bw="28" slack="1"/>
</pin_list>
<bind>
<opset="zext_ln36_212 "/>
</bind>
</comp>

<comp id="4056" class="1005" name="sB_15_load_reg_4056">
<pin_list>
<pin id="4057" dir="0" index="0" bw="12" slack="1"/>
<pin id="4058" dir="1" index="1" bw="12" slack="1"/>
</pin_list>
<bind>
<opset="sB_15_load "/>
</bind>
</comp>

<comp id="4061" class="1005" name="zext_ln36_213_reg_4061">
<pin_list>
<pin id="4062" dir="0" index="0" bw="28" slack="1"/>
<pin id="4063" dir="1" index="1" bw="28" slack="1"/>
</pin_list>
<bind>
<opset="zext_ln36_213 "/>
</bind>
</comp>

<comp id="4066" class="1005" name="w_cast_reg_4066">
<pin_list>
<pin id="4067" dir="0" index="0" bw="24" slack="1"/>
<pin id="4068" dir="1" index="1" bw="24" slack="1"/>
</pin_list>
<bind>
<opset="w_cast "/>
</bind>
</comp>

<comp id="4072" class="1005" name="zext_ln34_reg_4072">
<pin_list>
<pin id="4073" dir="0" index="0" bw="24" slack="1"/>
<pin id="4074" dir="1" index="1" bw="24" slack="1"/>
</pin_list>
<bind>
<opset="zext_ln34 "/>
</bind>
</comp>

<comp id="4077" class="1005" name="w_16_cast_reg_4077">
<pin_list>
<pin id="4078" dir="0" index="0" bw="24" slack="1"/>
<pin id="4079" dir="1" index="1" bw="24" slack="1"/>
</pin_list>
<bind>
<opset="w_16_cast "/>
</bind>
</comp>

<comp id="4083" class="1005" name="w_17_cast_reg_4083">
<pin_list>
<pin id="4084" dir="0" index="0" bw="24" slack="1"/>
<pin id="4085" dir="1" index="1" bw="24" slack="1"/>
</pin_list>
<bind>
<opset="w_17_cast "/>
</bind>
</comp>

<comp id="4089" class="1005" name="w_18_cast_reg_4089">
<pin_list>
<pin id="4090" dir="0" index="0" bw="24" slack="1"/>
<pin id="4091" dir="1" index="1" bw="24" slack="1"/>
</pin_list>
<bind>
<opset="w_18_cast "/>
</bind>
</comp>

<comp id="4095" class="1005" name="w_19_cast_reg_4095">
<pin_list>
<pin id="4096" dir="0" index="0" bw="24" slack="1"/>
<pin id="4097" dir="1" index="1" bw="24" slack="1"/>
</pin_list>
<bind>
<opset="w_19_cast "/>
</bind>
</comp>

<comp id="4101" class="1005" name="w_20_cast_reg_4101">
<pin_list>
<pin id="4102" dir="0" index="0" bw="24" slack="1"/>
<pin id="4103" dir="1" index="1" bw="24" slack="1"/>
</pin_list>
<bind>
<opset="w_20_cast "/>
</bind>
</comp>

<comp id="4107" class="1005" name="w_21_cast_reg_4107">
<pin_list>
<pin id="4108" dir="0" index="0" bw="24" slack="1"/>
<pin id="4109" dir="1" index="1" bw="24" slack="1"/>
</pin_list>
<bind>
<opset="w_21_cast "/>
</bind>
</comp>

<comp id="4113" class="1005" name="w_22_cast_reg_4113">
<pin_list>
<pin id="4114" dir="0" index="0" bw="24" slack="1"/>
<pin id="4115" dir="1" index="1" bw="24" slack="1"/>
</pin_list>
<bind>
<opset="w_22_cast "/>
</bind>
</comp>

<comp id="4119" class="1005" name="zext_ln36_185_reg_4119">
<pin_list>
<pin id="4120" dir="0" index="0" bw="24" slack="1"/>
<pin id="4121" dir="1" index="1" bw="24" slack="1"/>
</pin_list>
<bind>
<opset="zext_ln36_185 "/>
</bind>
</comp>

<comp id="4124" class="1005" name="zext_ln36_187_reg_4124">
<pin_list>
<pin id="4125" dir="0" index="0" bw="24" slack="1"/>
<pin id="4126" dir="1" index="1" bw="24" slack="1"/>
</pin_list>
<bind>
<opset="zext_ln36_187 "/>
</bind>
</comp>

<comp id="4129" class="1005" name="zext_ln36_189_reg_4129">
<pin_list>
<pin id="4130" dir="0" index="0" bw="24" slack="1"/>
<pin id="4131" dir="1" index="1" bw="24" slack="1"/>
</pin_list>
<bind>
<opset="zext_ln36_189 "/>
</bind>
</comp>

<comp id="4134" class="1005" name="zext_ln36_191_reg_4134">
<pin_list>
<pin id="4135" dir="0" index="0" bw="24" slack="1"/>
<pin id="4136" dir="1" index="1" bw="24" slack="1"/>
</pin_list>
<bind>
<opset="zext_ln36_191 "/>
</bind>
</comp>

<comp id="4139" class="1005" name="zext_ln36_193_reg_4139">
<pin_list>
<pin id="4140" dir="0" index="0" bw="24" slack="1"/>
<pin id="4141" dir="1" index="1" bw="24" slack="1"/>
</pin_list>
<bind>
<opset="zext_ln36_193 "/>
</bind>
</comp>

<comp id="4144" class="1005" name="zext_ln36_195_reg_4144">
<pin_list>
<pin id="4145" dir="0" index="0" bw="24" slack="1"/>
<pin id="4146" dir="1" index="1" bw="24" slack="1"/>
</pin_list>
<bind>
<opset="zext_ln36_195 "/>
</bind>
</comp>

<comp id="4149" class="1005" name="zext_ln34_5_reg_4149">
<pin_list>
<pin id="4150" dir="0" index="0" bw="24" slack="1"/>
<pin id="4151" dir="1" index="1" bw="24" slack="1"/>
</pin_list>
<bind>
<opset="zext_ln34_5 "/>
</bind>
</comp>

<comp id="4154" class="1005" name="zext_ln36_199_reg_4154">
<pin_list>
<pin id="4155" dir="0" index="0" bw="24" slack="1"/>
<pin id="4156" dir="1" index="1" bw="24" slack="1"/>
</pin_list>
<bind>
<opset="zext_ln36_199 "/>
</bind>
</comp>

<comp id="4159" class="1005" name="zext_ln36_201_reg_4159">
<pin_list>
<pin id="4160" dir="0" index="0" bw="24" slack="1"/>
<pin id="4161" dir="1" index="1" bw="24" slack="1"/>
</pin_list>
<bind>
<opset="zext_ln36_201 "/>
</bind>
</comp>

<comp id="4164" class="1005" name="zext_ln36_203_reg_4164">
<pin_list>
<pin id="4165" dir="0" index="0" bw="24" slack="1"/>
<pin id="4166" dir="1" index="1" bw="24" slack="1"/>
</pin_list>
<bind>
<opset="zext_ln36_203 "/>
</bind>
</comp>

<comp id="4169" class="1005" name="zext_ln36_205_reg_4169">
<pin_list>
<pin id="4170" dir="0" index="0" bw="24" slack="1"/>
<pin id="4171" dir="1" index="1" bw="24" slack="1"/>
</pin_list>
<bind>
<opset="zext_ln36_205 "/>
</bind>
</comp>

<comp id="4174" class="1005" name="zext_ln36_207_reg_4174">
<pin_list>
<pin id="4175" dir="0" index="0" bw="24" slack="1"/>
<pin id="4176" dir="1" index="1" bw="24" slack="1"/>
</pin_list>
<bind>
<opset="zext_ln36_207 "/>
</bind>
</comp>

<comp id="4179" class="1005" name="zext_ln36_209_reg_4179">
<pin_list>
<pin id="4180" dir="0" index="0" bw="24" slack="1"/>
<pin id="4181" dir="1" index="1" bw="24" slack="1"/>
</pin_list>
<bind>
<opset="zext_ln36_209 "/>
</bind>
</comp>

<comp id="4184" class="1005" name="zext_ln36_211_reg_4184">
<pin_list>
<pin id="4185" dir="0" index="0" bw="24" slack="1"/>
<pin id="4186" dir="1" index="1" bw="24" slack="1"/>
</pin_list>
<bind>
<opset="zext_ln36_211 "/>
</bind>
</comp>

<comp id="4189" class="1005" name="zext_ln34_6_reg_4189">
<pin_list>
<pin id="4190" dir="0" index="0" bw="24" slack="1"/>
<pin id="4191" dir="1" index="1" bw="24" slack="1"/>
</pin_list>
<bind>
<opset="zext_ln34_6 "/>
</bind>
</comp>

<comp id="4194" class="1005" name="zext_ln38_reg_4194">
<pin_list>
<pin id="4195" dir="0" index="0" bw="24" slack="1"/>
<pin id="4196" dir="1" index="1" bw="24" slack="1"/>
</pin_list>
<bind>
<opset="zext_ln38 "/>
</bind>
</comp>

<comp id="4199" class="1005" name="zext_ln39_reg_4199">
<pin_list>
<pin id="4200" dir="0" index="0" bw="24" slack="1"/>
<pin id="4201" dir="1" index="1" bw="24" slack="1"/>
</pin_list>
<bind>
<opset="zext_ln39 "/>
</bind>
</comp>

<comp id="4204" class="1005" name="zext_ln39_25_reg_4204">
<pin_list>
<pin id="4205" dir="0" index="0" bw="24" slack="1"/>
<pin id="4206" dir="1" index="1" bw="24" slack="1"/>
</pin_list>
<bind>
<opset="zext_ln39_25 "/>
</bind>
</comp>

<comp id="4209" class="1005" name="zext_ln39_26_reg_4209">
<pin_list>
<pin id="4210" dir="0" index="0" bw="24" slack="1"/>
<pin id="4211" dir="1" index="1" bw="24" slack="1"/>
</pin_list>
<bind>
<opset="zext_ln39_26 "/>
</bind>
</comp>

<comp id="4214" class="1005" name="zext_ln39_27_reg_4214">
<pin_list>
<pin id="4215" dir="0" index="0" bw="24" slack="1"/>
<pin id="4216" dir="1" index="1" bw="24" slack="1"/>
</pin_list>
<bind>
<opset="zext_ln39_27 "/>
</bind>
</comp>

<comp id="4219" class="1005" name="zext_ln39_28_reg_4219">
<pin_list>
<pin id="4220" dir="0" index="0" bw="24" slack="1"/>
<pin id="4221" dir="1" index="1" bw="24" slack="1"/>
</pin_list>
<bind>
<opset="zext_ln39_28 "/>
</bind>
</comp>

<comp id="4224" class="1005" name="zext_ln39_29_reg_4224">
<pin_list>
<pin id="4225" dir="0" index="0" bw="24" slack="1"/>
<pin id="4226" dir="1" index="1" bw="24" slack="1"/>
</pin_list>
<bind>
<opset="zext_ln39_29 "/>
</bind>
</comp>

<comp id="4229" class="1005" name="zext_ln38_5_reg_4229">
<pin_list>
<pin id="4230" dir="0" index="0" bw="24" slack="1"/>
<pin id="4231" dir="1" index="1" bw="24" slack="1"/>
</pin_list>
<bind>
<opset="zext_ln38_5 "/>
</bind>
</comp>

<comp id="4234" class="1005" name="zext_ln39_30_reg_4234">
<pin_list>
<pin id="4235" dir="0" index="0" bw="24" slack="1"/>
<pin id="4236" dir="1" index="1" bw="24" slack="1"/>
</pin_list>
<bind>
<opset="zext_ln39_30 "/>
</bind>
</comp>

<comp id="4239" class="1005" name="zext_ln39_31_reg_4239">
<pin_list>
<pin id="4240" dir="0" index="0" bw="24" slack="1"/>
<pin id="4241" dir="1" index="1" bw="24" slack="1"/>
</pin_list>
<bind>
<opset="zext_ln39_31 "/>
</bind>
</comp>

<comp id="4244" class="1005" name="zext_ln39_32_reg_4244">
<pin_list>
<pin id="4245" dir="0" index="0" bw="24" slack="1"/>
<pin id="4246" dir="1" index="1" bw="24" slack="1"/>
</pin_list>
<bind>
<opset="zext_ln39_32 "/>
</bind>
</comp>

<comp id="4249" class="1005" name="zext_ln39_33_reg_4249">
<pin_list>
<pin id="4250" dir="0" index="0" bw="24" slack="1"/>
<pin id="4251" dir="1" index="1" bw="24" slack="1"/>
</pin_list>
<bind>
<opset="zext_ln39_33 "/>
</bind>
</comp>

<comp id="4254" class="1005" name="zext_ln39_34_reg_4254">
<pin_list>
<pin id="4255" dir="0" index="0" bw="24" slack="1"/>
<pin id="4256" dir="1" index="1" bw="24" slack="1"/>
</pin_list>
<bind>
<opset="zext_ln39_34 "/>
</bind>
</comp>

<comp id="4259" class="1005" name="zext_ln39_35_reg_4259">
<pin_list>
<pin id="4260" dir="0" index="0" bw="24" slack="1"/>
<pin id="4261" dir="1" index="1" bw="24" slack="1"/>
</pin_list>
<bind>
<opset="zext_ln39_35 "/>
</bind>
</comp>

<comp id="4264" class="1005" name="zext_ln39_36_reg_4264">
<pin_list>
<pin id="4265" dir="0" index="0" bw="24" slack="1"/>
<pin id="4266" dir="1" index="1" bw="24" slack="1"/>
</pin_list>
<bind>
<opset="zext_ln39_36 "/>
</bind>
</comp>

<comp id="4269" class="1005" name="zext_ln38_6_reg_4269">
<pin_list>
<pin id="4270" dir="0" index="0" bw="24" slack="1"/>
<pin id="4271" dir="1" index="1" bw="24" slack="1"/>
</pin_list>
<bind>
<opset="zext_ln38_6 "/>
</bind>
</comp>

<comp id="4274" class="1005" name="sA_0_addr_reg_4274">
<pin_list>
<pin id="4275" dir="0" index="0" bw="4" slack="1"/>
<pin id="4276" dir="1" index="1" bw="4" slack="1"/>
</pin_list>
<bind>
<opset="sA_0_addr "/>
</bind>
</comp>

<comp id="4279" class="1005" name="xw_reg_4279">
<pin_list>
<pin id="4280" dir="0" index="0" bw="24" slack="1"/>
<pin id="4281" dir="1" index="1" bw="24" slack="1"/>
</pin_list>
<bind>
<opset="xw "/>
</bind>
</comp>

<comp id="4284" class="1005" name="sB_0_addr_reg_4284">
<pin_list>
<pin id="4285" dir="0" index="0" bw="4" slack="1"/>
<pin id="4286" dir="1" index="1" bw="4" slack="1"/>
</pin_list>
<bind>
<opset="sB_0_addr "/>
</bind>
</comp>

<comp id="4289" class="1005" name="sA_1_addr_reg_4289">
<pin_list>
<pin id="4290" dir="0" index="0" bw="4" slack="1"/>
<pin id="4291" dir="1" index="1" bw="4" slack="1"/>
</pin_list>
<bind>
<opset="sA_1_addr "/>
</bind>
</comp>

<comp id="4294" class="1005" name="sB_1_addr_reg_4294">
<pin_list>
<pin id="4295" dir="0" index="0" bw="4" slack="1"/>
<pin id="4296" dir="1" index="1" bw="4" slack="1"/>
</pin_list>
<bind>
<opset="sB_1_addr "/>
</bind>
</comp>

<comp id="4299" class="1005" name="sA_2_addr_reg_4299">
<pin_list>
<pin id="4300" dir="0" index="0" bw="4" slack="1"/>
<pin id="4301" dir="1" index="1" bw="4" slack="1"/>
</pin_list>
<bind>
<opset="sA_2_addr "/>
</bind>
</comp>

<comp id="4304" class="1005" name="sB_2_addr_reg_4304">
<pin_list>
<pin id="4305" dir="0" index="0" bw="4" slack="1"/>
<pin id="4306" dir="1" index="1" bw="4" slack="1"/>
</pin_list>
<bind>
<opset="sB_2_addr "/>
</bind>
</comp>

<comp id="4309" class="1005" name="sA_3_addr_reg_4309">
<pin_list>
<pin id="4310" dir="0" index="0" bw="4" slack="1"/>
<pin id="4311" dir="1" index="1" bw="4" slack="1"/>
</pin_list>
<bind>
<opset="sA_3_addr "/>
</bind>
</comp>

<comp id="4314" class="1005" name="sB_3_addr_reg_4314">
<pin_list>
<pin id="4315" dir="0" index="0" bw="4" slack="1"/>
<pin id="4316" dir="1" index="1" bw="4" slack="1"/>
</pin_list>
<bind>
<opset="sB_3_addr "/>
</bind>
</comp>

<comp id="4319" class="1005" name="sA_8_addr_reg_4319">
<pin_list>
<pin id="4320" dir="0" index="0" bw="4" slack="1"/>
<pin id="4321" dir="1" index="1" bw="4" slack="1"/>
</pin_list>
<bind>
<opset="sA_8_addr "/>
</bind>
</comp>

<comp id="4324" class="1005" name="sB_8_addr_reg_4324">
<pin_list>
<pin id="4325" dir="0" index="0" bw="4" slack="1"/>
<pin id="4326" dir="1" index="1" bw="4" slack="1"/>
</pin_list>
<bind>
<opset="sB_8_addr "/>
</bind>
</comp>

<comp id="4329" class="1005" name="sA_9_addr_reg_4329">
<pin_list>
<pin id="4330" dir="0" index="0" bw="4" slack="1"/>
<pin id="4331" dir="1" index="1" bw="4" slack="1"/>
</pin_list>
<bind>
<opset="sA_9_addr "/>
</bind>
</comp>

<comp id="4334" class="1005" name="sB_9_addr_reg_4334">
<pin_list>
<pin id="4335" dir="0" index="0" bw="4" slack="1"/>
<pin id="4336" dir="1" index="1" bw="4" slack="1"/>
</pin_list>
<bind>
<opset="sB_9_addr "/>
</bind>
</comp>

<comp id="4339" class="1005" name="sA_10_addr_reg_4339">
<pin_list>
<pin id="4340" dir="0" index="0" bw="4" slack="1"/>
<pin id="4341" dir="1" index="1" bw="4" slack="1"/>
</pin_list>
<bind>
<opset="sA_10_addr "/>
</bind>
</comp>

<comp id="4344" class="1005" name="sB_10_addr_reg_4344">
<pin_list>
<pin id="4345" dir="0" index="0" bw="4" slack="1"/>
<pin id="4346" dir="1" index="1" bw="4" slack="1"/>
</pin_list>
<bind>
<opset="sB_10_addr "/>
</bind>
</comp>

<comp id="4349" class="1005" name="sA_11_addr_reg_4349">
<pin_list>
<pin id="4350" dir="0" index="0" bw="4" slack="1"/>
<pin id="4351" dir="1" index="1" bw="4" slack="1"/>
</pin_list>
<bind>
<opset="sA_11_addr "/>
</bind>
</comp>

<comp id="4354" class="1005" name="xw_164_reg_4354">
<pin_list>
<pin id="4355" dir="0" index="0" bw="24" slack="1"/>
<pin id="4356" dir="1" index="1" bw="24" slack="1"/>
</pin_list>
<bind>
<opset="xw_164 "/>
</bind>
</comp>

<comp id="4359" class="1005" name="xw_166_reg_4359">
<pin_list>
<pin id="4360" dir="0" index="0" bw="24" slack="1"/>
<pin id="4361" dir="1" index="1" bw="24" slack="1"/>
</pin_list>
<bind>
<opset="xw_166 "/>
</bind>
</comp>

<comp id="4364" class="1005" name="xw_168_reg_4364">
<pin_list>
<pin id="4365" dir="0" index="0" bw="24" slack="1"/>
<pin id="4366" dir="1" index="1" bw="24" slack="1"/>
</pin_list>
<bind>
<opset="xw_168 "/>
</bind>
</comp>

<comp id="4369" class="1005" name="xw_170_reg_4369">
<pin_list>
<pin id="4370" dir="0" index="0" bw="24" slack="1"/>
<pin id="4371" dir="1" index="1" bw="24" slack="1"/>
</pin_list>
<bind>
<opset="xw_170 "/>
</bind>
</comp>

<comp id="4374" class="1005" name="xw_172_reg_4374">
<pin_list>
<pin id="4375" dir="0" index="0" bw="24" slack="1"/>
<pin id="4376" dir="1" index="1" bw="24" slack="1"/>
</pin_list>
<bind>
<opset="xw_172 "/>
</bind>
</comp>

<comp id="4379" class="1005" name="xw_174_reg_4379">
<pin_list>
<pin id="4380" dir="0" index="0" bw="24" slack="1"/>
<pin id="4381" dir="1" index="1" bw="24" slack="1"/>
</pin_list>
<bind>
<opset="xw_174 "/>
</bind>
</comp>

<comp id="4384" class="1005" name="xw_161_reg_4384">
<pin_list>
<pin id="4385" dir="0" index="0" bw="24" slack="1"/>
<pin id="4386" dir="1" index="1" bw="24" slack="1"/>
</pin_list>
<bind>
<opset="xw_161 "/>
</bind>
</comp>

<comp id="4389" class="1005" name="sB_11_addr_reg_4389">
<pin_list>
<pin id="4390" dir="0" index="0" bw="4" slack="1"/>
<pin id="4391" dir="1" index="1" bw="4" slack="1"/>
</pin_list>
<bind>
<opset="sB_11_addr "/>
</bind>
</comp>

<comp id="4394" class="1005" name="xw_163_reg_4394">
<pin_list>
<pin id="4395" dir="0" index="0" bw="24" slack="1"/>
<pin id="4396" dir="1" index="1" bw="24" slack="1"/>
</pin_list>
<bind>
<opset="xw_163 "/>
</bind>
</comp>

<comp id="4399" class="1005" name="xw_165_reg_4399">
<pin_list>
<pin id="4400" dir="0" index="0" bw="24" slack="1"/>
<pin id="4401" dir="1" index="1" bw="24" slack="1"/>
</pin_list>
<bind>
<opset="xw_165 "/>
</bind>
</comp>

<comp id="4404" class="1005" name="xw_167_reg_4404">
<pin_list>
<pin id="4405" dir="0" index="0" bw="24" slack="1"/>
<pin id="4406" dir="1" index="1" bw="24" slack="1"/>
</pin_list>
<bind>
<opset="xw_167 "/>
</bind>
</comp>

<comp id="4409" class="1005" name="xw_169_reg_4409">
<pin_list>
<pin id="4410" dir="0" index="0" bw="24" slack="1"/>
<pin id="4411" dir="1" index="1" bw="24" slack="1"/>
</pin_list>
<bind>
<opset="xw_169 "/>
</bind>
</comp>

<comp id="4414" class="1005" name="xw_171_reg_4414">
<pin_list>
<pin id="4415" dir="0" index="0" bw="24" slack="1"/>
<pin id="4416" dir="1" index="1" bw="24" slack="1"/>
</pin_list>
<bind>
<opset="xw_171 "/>
</bind>
</comp>

<comp id="4419" class="1005" name="xw_173_reg_4419">
<pin_list>
<pin id="4420" dir="0" index="0" bw="24" slack="1"/>
<pin id="4421" dir="1" index="1" bw="24" slack="1"/>
</pin_list>
<bind>
<opset="xw_173 "/>
</bind>
</comp>

<comp id="4424" class="1005" name="xw_175_reg_4424">
<pin_list>
<pin id="4425" dir="0" index="0" bw="24" slack="1"/>
<pin id="4426" dir="1" index="1" bw="24" slack="1"/>
</pin_list>
<bind>
<opset="xw_175 "/>
</bind>
</comp>

<comp id="4429" class="1005" name="xw_162_reg_4429">
<pin_list>
<pin id="4430" dir="0" index="0" bw="24" slack="1"/>
<pin id="4431" dir="1" index="1" bw="24" slack="1"/>
</pin_list>
<bind>
<opset="xw_162 "/>
</bind>
</comp>

</comp_list>

<net_list>
<net id="233"><net_src comp="144" pin="0"/><net_sink comp="230" pin=0"/></net>

<net id="239"><net_src comp="128" pin="0"/><net_sink comp="234" pin=0"/></net>

<net id="240"><net_src comp="162" pin="0"/><net_sink comp="234" pin=1"/></net>

<net id="250"><net_src comp="234" pin="3"/><net_sink comp="241" pin=2"/></net>

<net id="256"><net_src comp="130" pin="0"/><net_sink comp="251" pin=0"/></net>

<net id="257"><net_src comp="162" pin="0"/><net_sink comp="251" pin=1"/></net>

<net id="267"><net_src comp="251" pin="3"/><net_sink comp="258" pin=2"/></net>

<net id="273"><net_src comp="8" pin="0"/><net_sink comp="268" pin=0"/></net>

<net id="274"><net_src comp="162" pin="0"/><net_sink comp="268" pin=1"/></net>

<net id="280"><net_src comp="268" pin="3"/><net_sink comp="275" pin=0"/></net>

<net id="286"><net_src comp="72" pin="0"/><net_sink comp="281" pin=0"/></net>

<net id="287"><net_src comp="162" pin="0"/><net_sink comp="281" pin=1"/></net>

<net id="293"><net_src comp="132" pin="0"/><net_sink comp="288" pin=0"/></net>

<net id="294"><net_src comp="162" pin="0"/><net_sink comp="288" pin=1"/></net>

<net id="304"><net_src comp="288" pin="3"/><net_sink comp="295" pin=2"/></net>

<net id="310"><net_src comp="134" pin="0"/><net_sink comp="305" pin=0"/></net>

<net id="311"><net_src comp="162" pin="0"/><net_sink comp="305" pin=1"/></net>

<net id="321"><net_src comp="305" pin="3"/><net_sink comp="312" pin=2"/></net>

<net id="327"><net_src comp="10" pin="0"/><net_sink comp="322" pin=0"/></net>

<net id="328"><net_src comp="162" pin="0"/><net_sink comp="322" pin=1"/></net>

<net id="334"><net_src comp="74" pin="0"/><net_sink comp="329" pin=0"/></net>

<net id="335"><net_src comp="162" pin="0"/><net_sink comp="329" pin=1"/></net>

<net id="341"><net_src comp="136" pin="0"/><net_sink comp="336" pin=0"/></net>

<net id="342"><net_src comp="162" pin="0"/><net_sink comp="336" pin=1"/></net>

<net id="352"><net_src comp="336" pin="3"/><net_sink comp="343" pin=2"/></net>

<net id="358"><net_src comp="138" pin="0"/><net_sink comp="353" pin=0"/></net>

<net id="359"><net_src comp="162" pin="0"/><net_sink comp="353" pin=1"/></net>

<net id="369"><net_src comp="353" pin="3"/><net_sink comp="360" pin=2"/></net>

<net id="375"><net_src comp="12" pin="0"/><net_sink comp="370" pin=0"/></net>

<net id="376"><net_src comp="162" pin="0"/><net_sink comp="370" pin=1"/></net>

<net id="382"><net_src comp="76" pin="0"/><net_sink comp="377" pin=0"/></net>

<net id="383"><net_src comp="162" pin="0"/><net_sink comp="377" pin=1"/></net>

<net id="389"><net_src comp="140" pin="0"/><net_sink comp="384" pin=0"/></net>

<net id="390"><net_src comp="162" pin="0"/><net_sink comp="384" pin=1"/></net>

<net id="400"><net_src comp="384" pin="3"/><net_sink comp="391" pin=2"/></net>

<net id="406"><net_src comp="142" pin="0"/><net_sink comp="401" pin=0"/></net>

<net id="407"><net_src comp="162" pin="0"/><net_sink comp="401" pin=1"/></net>

<net id="417"><net_src comp="401" pin="3"/><net_sink comp="408" pin=2"/></net>

<net id="423"><net_src comp="14" pin="0"/><net_sink comp="418" pin=0"/></net>

<net id="424"><net_src comp="162" pin="0"/><net_sink comp="418" pin=1"/></net>

<net id="430"><net_src comp="78" pin="0"/><net_sink comp="425" pin=0"/></net>

<net id="431"><net_src comp="162" pin="0"/><net_sink comp="425" pin=1"/></net>

<net id="437"><net_src comp="128" pin="0"/><net_sink comp="432" pin=0"/></net>

<net id="438"><net_src comp="162" pin="0"/><net_sink comp="432" pin=1"/></net>

<net id="439"><net_src comp="432" pin="3"/><net_sink comp="241" pin=0"/></net>

<net id="445"><net_src comp="130" pin="0"/><net_sink comp="440" pin=0"/></net>

<net id="446"><net_src comp="162" pin="0"/><net_sink comp="440" pin=1"/></net>

<net id="447"><net_src comp="440" pin="3"/><net_sink comp="258" pin=0"/></net>

<net id="453"><net_src comp="24" pin="0"/><net_sink comp="448" pin=0"/></net>

<net id="454"><net_src comp="162" pin="0"/><net_sink comp="448" pin=1"/></net>

<net id="460"><net_src comp="88" pin="0"/><net_sink comp="455" pin=0"/></net>

<net id="461"><net_src comp="162" pin="0"/><net_sink comp="455" pin=1"/></net>

<net id="467"><net_src comp="132" pin="0"/><net_sink comp="462" pin=0"/></net>

<net id="468"><net_src comp="162" pin="0"/><net_sink comp="462" pin=1"/></net>

<net id="469"><net_src comp="462" pin="3"/><net_sink comp="295" pin=0"/></net>

<net id="475"><net_src comp="134" pin="0"/><net_sink comp="470" pin=0"/></net>

<net id="476"><net_src comp="162" pin="0"/><net_sink comp="470" pin=1"/></net>

<net id="477"><net_src comp="470" pin="3"/><net_sink comp="312" pin=0"/></net>

<net id="483"><net_src comp="26" pin="0"/><net_sink comp="478" pin=0"/></net>

<net id="484"><net_src comp="162" pin="0"/><net_sink comp="478" pin=1"/></net>

<net id="490"><net_src comp="90" pin="0"/><net_sink comp="485" pin=0"/></net>

<net id="491"><net_src comp="162" pin="0"/><net_sink comp="485" pin=1"/></net>

<net id="497"><net_src comp="136" pin="0"/><net_sink comp="492" pin=0"/></net>

<net id="498"><net_src comp="162" pin="0"/><net_sink comp="492" pin=1"/></net>

<net id="499"><net_src comp="492" pin="3"/><net_sink comp="343" pin=0"/></net>

<net id="505"><net_src comp="138" pin="0"/><net_sink comp="500" pin=0"/></net>

<net id="506"><net_src comp="162" pin="0"/><net_sink comp="500" pin=1"/></net>

<net id="507"><net_src comp="500" pin="3"/><net_sink comp="360" pin=0"/></net>

<net id="513"><net_src comp="28" pin="0"/><net_sink comp="508" pin=0"/></net>

<net id="514"><net_src comp="162" pin="0"/><net_sink comp="508" pin=1"/></net>

<net id="520"><net_src comp="92" pin="0"/><net_sink comp="515" pin=0"/></net>

<net id="521"><net_src comp="162" pin="0"/><net_sink comp="515" pin=1"/></net>

<net id="527"><net_src comp="140" pin="0"/><net_sink comp="522" pin=0"/></net>

<net id="528"><net_src comp="162" pin="0"/><net_sink comp="522" pin=1"/></net>

<net id="529"><net_src comp="522" pin="3"/><net_sink comp="391" pin=0"/></net>

<net id="535"><net_src comp="142" pin="0"/><net_sink comp="530" pin=0"/></net>

<net id="536"><net_src comp="162" pin="0"/><net_sink comp="530" pin=1"/></net>

<net id="537"><net_src comp="530" pin="3"/><net_sink comp="408" pin=0"/></net>

<net id="543"><net_src comp="30" pin="0"/><net_sink comp="538" pin=0"/></net>

<net id="544"><net_src comp="162" pin="0"/><net_sink comp="538" pin=1"/></net>

<net id="550"><net_src comp="322" pin="3"/><net_sink comp="545" pin=0"/></net>

<net id="556"><net_src comp="370" pin="3"/><net_sink comp="551" pin=0"/></net>

<net id="562"><net_src comp="418" pin="3"/><net_sink comp="557" pin=0"/></net>

<net id="568"><net_src comp="448" pin="3"/><net_sink comp="563" pin=0"/></net>

<net id="574"><net_src comp="478" pin="3"/><net_sink comp="569" pin=0"/></net>

<net id="580"><net_src comp="508" pin="3"/><net_sink comp="575" pin=0"/></net>

<net id="586"><net_src comp="538" pin="3"/><net_sink comp="581" pin=0"/></net>

<net id="592"><net_src comp="94" pin="0"/><net_sink comp="587" pin=0"/></net>

<net id="593"><net_src comp="162" pin="0"/><net_sink comp="587" pin=1"/></net>

<net id="599"><net_src comp="281" pin="3"/><net_sink comp="594" pin=0"/></net>

<net id="605"><net_src comp="329" pin="3"/><net_sink comp="600" pin=0"/></net>

<net id="611"><net_src comp="377" pin="3"/><net_sink comp="606" pin=0"/></net>

<net id="617"><net_src comp="425" pin="3"/><net_sink comp="612" pin=0"/></net>

<net id="623"><net_src comp="455" pin="3"/><net_sink comp="618" pin=0"/></net>

<net id="629"><net_src comp="485" pin="3"/><net_sink comp="624" pin=0"/></net>

<net id="635"><net_src comp="515" pin="3"/><net_sink comp="630" pin=0"/></net>

<net id="641"><net_src comp="587" pin="3"/><net_sink comp="636" pin=0"/></net>

<net id="647"><net_src comp="0" pin="0"/><net_sink comp="642" pin=0"/></net>

<net id="648"><net_src comp="162" pin="0"/><net_sink comp="642" pin=1"/></net>

<net id="654"><net_src comp="642" pin="3"/><net_sink comp="649" pin=0"/></net>

<net id="660"><net_src comp="64" pin="0"/><net_sink comp="655" pin=0"/></net>

<net id="661"><net_src comp="162" pin="0"/><net_sink comp="655" pin=1"/></net>

<net id="667"><net_src comp="2" pin="0"/><net_sink comp="662" pin=0"/></net>

<net id="668"><net_src comp="162" pin="0"/><net_sink comp="662" pin=1"/></net>

<net id="674"><net_src comp="66" pin="0"/><net_sink comp="669" pin=0"/></net>

<net id="675"><net_src comp="162" pin="0"/><net_sink comp="669" pin=1"/></net>

<net id="681"><net_src comp="4" pin="0"/><net_sink comp="676" pin=0"/></net>

<net id="682"><net_src comp="162" pin="0"/><net_sink comp="676" pin=1"/></net>

<net id="688"><net_src comp="68" pin="0"/><net_sink comp="683" pin=0"/></net>

<net id="689"><net_src comp="162" pin="0"/><net_sink comp="683" pin=1"/></net>

<net id="695"><net_src comp="6" pin="0"/><net_sink comp="690" pin=0"/></net>

<net id="696"><net_src comp="162" pin="0"/><net_sink comp="690" pin=1"/></net>

<net id="702"><net_src comp="70" pin="0"/><net_sink comp="697" pin=0"/></net>

<net id="703"><net_src comp="162" pin="0"/><net_sink comp="697" pin=1"/></net>

<net id="709"><net_src comp="16" pin="0"/><net_sink comp="704" pin=0"/></net>

<net id="710"><net_src comp="162" pin="0"/><net_sink comp="704" pin=1"/></net>

<net id="716"><net_src comp="80" pin="0"/><net_sink comp="711" pin=0"/></net>

<net id="717"><net_src comp="162" pin="0"/><net_sink comp="711" pin=1"/></net>

<net id="723"><net_src comp="18" pin="0"/><net_sink comp="718" pin=0"/></net>

<net id="724"><net_src comp="162" pin="0"/><net_sink comp="718" pin=1"/></net>

<net id="730"><net_src comp="82" pin="0"/><net_sink comp="725" pin=0"/></net>

<net id="731"><net_src comp="162" pin="0"/><net_sink comp="725" pin=1"/></net>

<net id="737"><net_src comp="20" pin="0"/><net_sink comp="732" pin=0"/></net>

<net id="738"><net_src comp="162" pin="0"/><net_sink comp="732" pin=1"/></net>

<net id="744"><net_src comp="84" pin="0"/><net_sink comp="739" pin=0"/></net>

<net id="745"><net_src comp="162" pin="0"/><net_sink comp="739" pin=1"/></net>

<net id="751"><net_src comp="22" pin="0"/><net_sink comp="746" pin=0"/></net>

<net id="752"><net_src comp="162" pin="0"/><net_sink comp="746" pin=1"/></net>

<net id="758"><net_src comp="662" pin="3"/><net_sink comp="753" pin=0"/></net>

<net id="764"><net_src comp="676" pin="3"/><net_sink comp="759" pin=0"/></net>

<net id="770"><net_src comp="690" pin="3"/><net_sink comp="765" pin=0"/></net>

<net id="776"><net_src comp="704" pin="3"/><net_sink comp="771" pin=0"/></net>

<net id="782"><net_src comp="718" pin="3"/><net_sink comp="777" pin=0"/></net>

<net id="788"><net_src comp="732" pin="3"/><net_sink comp="783" pin=0"/></net>

<net id="794"><net_src comp="746" pin="3"/><net_sink comp="789" pin=0"/></net>

<net id="800"><net_src comp="86" pin="0"/><net_sink comp="795" pin=0"/></net>

<net id="801"><net_src comp="162" pin="0"/><net_sink comp="795" pin=1"/></net>

<net id="807"><net_src comp="655" pin="3"/><net_sink comp="802" pin=0"/></net>

<net id="813"><net_src comp="669" pin="3"/><net_sink comp="808" pin=0"/></net>

<net id="819"><net_src comp="683" pin="3"/><net_sink comp="814" pin=0"/></net>

<net id="825"><net_src comp="697" pin="3"/><net_sink comp="820" pin=0"/></net>

<net id="831"><net_src comp="711" pin="3"/><net_sink comp="826" pin=0"/></net>

<net id="837"><net_src comp="725" pin="3"/><net_sink comp="832" pin=0"/></net>

<net id="843"><net_src comp="739" pin="3"/><net_sink comp="838" pin=0"/></net>

<net id="849"><net_src comp="795" pin="3"/><net_sink comp="844" pin=0"/></net>

<net id="855"><net_src comp="32" pin="0"/><net_sink comp="850" pin=0"/></net>

<net id="856"><net_src comp="162" pin="0"/><net_sink comp="850" pin=1"/></net>

<net id="862"><net_src comp="40" pin="0"/><net_sink comp="857" pin=0"/></net>

<net id="863"><net_src comp="162" pin="0"/><net_sink comp="857" pin=1"/></net>

<net id="869"><net_src comp="96" pin="0"/><net_sink comp="864" pin=0"/></net>

<net id="870"><net_src comp="162" pin="0"/><net_sink comp="864" pin=1"/></net>

<net id="876"><net_src comp="104" pin="0"/><net_sink comp="871" pin=0"/></net>

<net id="877"><net_src comp="162" pin="0"/><net_sink comp="871" pin=1"/></net>

<net id="883"><net_src comp="34" pin="0"/><net_sink comp="878" pin=0"/></net>

<net id="884"><net_src comp="162" pin="0"/><net_sink comp="878" pin=1"/></net>

<net id="890"><net_src comp="42" pin="0"/><net_sink comp="885" pin=0"/></net>

<net id="891"><net_src comp="162" pin="0"/><net_sink comp="885" pin=1"/></net>

<net id="897"><net_src comp="98" pin="0"/><net_sink comp="892" pin=0"/></net>

<net id="898"><net_src comp="162" pin="0"/><net_sink comp="892" pin=1"/></net>

<net id="904"><net_src comp="106" pin="0"/><net_sink comp="899" pin=0"/></net>

<net id="905"><net_src comp="162" pin="0"/><net_sink comp="899" pin=1"/></net>

<net id="911"><net_src comp="36" pin="0"/><net_sink comp="906" pin=0"/></net>

<net id="912"><net_src comp="162" pin="0"/><net_sink comp="906" pin=1"/></net>

<net id="918"><net_src comp="44" pin="0"/><net_sink comp="913" pin=0"/></net>

<net id="919"><net_src comp="162" pin="0"/><net_sink comp="913" pin=1"/></net>

<net id="925"><net_src comp="100" pin="0"/><net_sink comp="920" pin=0"/></net>

<net id="926"><net_src comp="162" pin="0"/><net_sink comp="920" pin=1"/></net>

<net id="932"><net_src comp="108" pin="0"/><net_sink comp="927" pin=0"/></net>

<net id="933"><net_src comp="162" pin="0"/><net_sink comp="927" pin=1"/></net>

<net id="939"><net_src comp="38" pin="0"/><net_sink comp="934" pin=0"/></net>

<net id="940"><net_src comp="162" pin="0"/><net_sink comp="934" pin=1"/></net>

<net id="946"><net_src comp="46" pin="0"/><net_sink comp="941" pin=0"/></net>

<net id="947"><net_src comp="162" pin="0"/><net_sink comp="941" pin=1"/></net>

<net id="953"><net_src comp="102" pin="0"/><net_sink comp="948" pin=0"/></net>

<net id="954"><net_src comp="162" pin="0"/><net_sink comp="948" pin=1"/></net>

<net id="960"><net_src comp="110" pin="0"/><net_sink comp="955" pin=0"/></net>

<net id="961"><net_src comp="162" pin="0"/><net_sink comp="955" pin=1"/></net>

<net id="967"><net_src comp="48" pin="0"/><net_sink comp="962" pin=0"/></net>

<net id="968"><net_src comp="162" pin="0"/><net_sink comp="962" pin=1"/></net>

<net id="974"><net_src comp="56" pin="0"/><net_sink comp="969" pin=0"/></net>

<net id="975"><net_src comp="162" pin="0"/><net_sink comp="969" pin=1"/></net>

<net id="981"><net_src comp="112" pin="0"/><net_sink comp="976" pin=0"/></net>

<net id="982"><net_src comp="162" pin="0"/><net_sink comp="976" pin=1"/></net>

<net id="988"><net_src comp="120" pin="0"/><net_sink comp="983" pin=0"/></net>

<net id="989"><net_src comp="162" pin="0"/><net_sink comp="983" pin=1"/></net>

<net id="995"><net_src comp="50" pin="0"/><net_sink comp="990" pin=0"/></net>

<net id="996"><net_src comp="162" pin="0"/><net_sink comp="990" pin=1"/></net>

<net id="1002"><net_src comp="58" pin="0"/><net_sink comp="997" pin=0"/></net>

<net id="1003"><net_src comp="162" pin="0"/><net_sink comp="997" pin=1"/></net>

<net id="1009"><net_src comp="114" pin="0"/><net_sink comp="1004" pin=0"/></net>

<net id="1010"><net_src comp="162" pin="0"/><net_sink comp="1004" pin=1"/></net>

<net id="1016"><net_src comp="122" pin="0"/><net_sink comp="1011" pin=0"/></net>

<net id="1017"><net_src comp="162" pin="0"/><net_sink comp="1011" pin=1"/></net>

<net id="1023"><net_src comp="52" pin="0"/><net_sink comp="1018" pin=0"/></net>

<net id="1024"><net_src comp="162" pin="0"/><net_sink comp="1018" pin=1"/></net>

<net id="1030"><net_src comp="60" pin="0"/><net_sink comp="1025" pin=0"/></net>

<net id="1031"><net_src comp="162" pin="0"/><net_sink comp="1025" pin=1"/></net>

<net id="1037"><net_src comp="116" pin="0"/><net_sink comp="1032" pin=0"/></net>

<net id="1038"><net_src comp="162" pin="0"/><net_sink comp="1032" pin=1"/></net>

<net id="1044"><net_src comp="124" pin="0"/><net_sink comp="1039" pin=0"/></net>

<net id="1045"><net_src comp="162" pin="0"/><net_sink comp="1039" pin=1"/></net>

<net id="1051"><net_src comp="54" pin="0"/><net_sink comp="1046" pin=0"/></net>

<net id="1052"><net_src comp="162" pin="0"/><net_sink comp="1046" pin=1"/></net>

<net id="1058"><net_src comp="62" pin="0"/><net_sink comp="1053" pin=0"/></net>

<net id="1059"><net_src comp="162" pin="0"/><net_sink comp="1053" pin=1"/></net>

<net id="1065"><net_src comp="850" pin="3"/><net_sink comp="1060" pin=0"/></net>

<net id="1071"><net_src comp="857" pin="3"/><net_sink comp="1066" pin=0"/></net>

<net id="1077"><net_src comp="878" pin="3"/><net_sink comp="1072" pin=0"/></net>

<net id="1083"><net_src comp="885" pin="3"/><net_sink comp="1078" pin=0"/></net>

<net id="1089"><net_src comp="906" pin="3"/><net_sink comp="1084" pin=0"/></net>

<net id="1095"><net_src comp="913" pin="3"/><net_sink comp="1090" pin=0"/></net>

<net id="1101"><net_src comp="934" pin="3"/><net_sink comp="1096" pin=0"/></net>

<net id="1107"><net_src comp="941" pin="3"/><net_sink comp="1102" pin=0"/></net>

<net id="1113"><net_src comp="962" pin="3"/><net_sink comp="1108" pin=0"/></net>

<net id="1119"><net_src comp="969" pin="3"/><net_sink comp="1114" pin=0"/></net>

<net id="1125"><net_src comp="990" pin="3"/><net_sink comp="1120" pin=0"/></net>

<net id="1131"><net_src comp="997" pin="3"/><net_sink comp="1126" pin=0"/></net>

<net id="1137"><net_src comp="1018" pin="3"/><net_sink comp="1132" pin=0"/></net>

<net id="1143"><net_src comp="1025" pin="3"/><net_sink comp="1138" pin=0"/></net>

<net id="1149"><net_src comp="1046" pin="3"/><net_sink comp="1144" pin=0"/></net>

<net id="1155"><net_src comp="1053" pin="3"/><net_sink comp="1150" pin=0"/></net>

<net id="1161"><net_src comp="118" pin="0"/><net_sink comp="1156" pin=0"/></net>

<net id="1162"><net_src comp="162" pin="0"/><net_sink comp="1156" pin=1"/></net>

<net id="1168"><net_src comp="126" pin="0"/><net_sink comp="1163" pin=0"/></net>

<net id="1169"><net_src comp="162" pin="0"/><net_sink comp="1163" pin=1"/></net>

<net id="1175"><net_src comp="864" pin="3"/><net_sink comp="1170" pin=0"/></net>

<net id="1181"><net_src comp="871" pin="3"/><net_sink comp="1176" pin=0"/></net>

<net id="1187"><net_src comp="892" pin="3"/><net_sink comp="1182" pin=0"/></net>

<net id="1193"><net_src comp="899" pin="3"/><net_sink comp="1188" pin=0"/></net>

<net id="1199"><net_src comp="920" pin="3"/><net_sink comp="1194" pin=0"/></net>

<net id="1205"><net_src comp="927" pin="3"/><net_sink comp="1200" pin=0"/></net>

<net id="1211"><net_src comp="948" pin="3"/><net_sink comp="1206" pin=0"/></net>

<net id="1217"><net_src comp="955" pin="3"/><net_sink comp="1212" pin=0"/></net>

<net id="1223"><net_src comp="976" pin="3"/><net_sink comp="1218" pin=0"/></net>

<net id="1229"><net_src comp="983" pin="3"/><net_sink comp="1224" pin=0"/></net>

<net id="1235"><net_src comp="1004" pin="3"/><net_sink comp="1230" pin=0"/></net>

<net id="1241"><net_src comp="1011" pin="3"/><net_sink comp="1236" pin=0"/></net>

<net id="1247"><net_src comp="1032" pin="3"/><net_sink comp="1242" pin=0"/></net>

<net id="1253"><net_src comp="1039" pin="3"/><net_sink comp="1248" pin=0"/></net>

<net id="1259"><net_src comp="1156" pin="3"/><net_sink comp="1254" pin=0"/></net>

<net id="1265"><net_src comp="1163" pin="3"/><net_sink comp="1260" pin=0"/></net>

<net id="1270"><net_src comp="146" pin="0"/><net_sink comp="1266" pin=0"/></net>

<net id="1279"><net_src comp="148" pin="0"/><net_sink comp="1274" pin=0"/></net>

<net id="1280"><net_src comp="1271" pin="1"/><net_sink comp="1274" pin=1"/></net>

<net id="1281"><net_src comp="150" pin="0"/><net_sink comp="1274" pin=2"/></net>

<net id="1288"><net_src comp="152" pin="0"/><net_sink comp="1282" pin=0"/></net>

<net id="1289"><net_src comp="1271" pin="1"/><net_sink comp="1282" pin=1"/></net>

<net id="1290"><net_src comp="154" pin="0"/><net_sink comp="1282" pin=2"/></net>

<net id="1291"><net_src comp="156" pin="0"/><net_sink comp="1282" pin=3"/></net>

<net id="1295"><net_src comp="1282" pin="4"/><net_sink comp="1292" pin=0"/></net>

<net id="1296"><net_src comp="1292" pin="1"/><net_sink comp="234" pin=2"/></net>

<net id="1297"><net_src comp="1292" pin="1"/><net_sink comp="251" pin=2"/></net>

<net id="1298"><net_src comp="1292" pin="1"/><net_sink comp="288" pin=2"/></net>

<net id="1299"><net_src comp="1292" pin="1"/><net_sink comp="305" pin=2"/></net>

<net id="1300"><net_src comp="1292" pin="1"/><net_sink comp="336" pin=2"/></net>

<net id="1301"><net_src comp="1292" pin="1"/><net_sink comp="353" pin=2"/></net>

<net id="1302"><net_src comp="1292" pin="1"/><net_sink comp="384" pin=2"/></net>

<net id="1303"><net_src comp="1292" pin="1"/><net_sink comp="401" pin=2"/></net>

<net id="1310"><net_src comp="158" pin="0"/><net_sink comp="1304" pin=0"/></net>

<net id="1311"><net_src comp="1271" pin="1"/><net_sink comp="1304" pin=1"/></net>

<net id="1312"><net_src comp="160" pin="0"/><net_sink comp="1304" pin=2"/></net>

<net id="1313"><net_src comp="156" pin="0"/><net_sink comp="1304" pin=3"/></net>

<net id="1317"><net_src comp="1304" pin="4"/><net_sink comp="1314" pin=0"/></net>

<net id="1318"><net_src comp="1314" pin="1"/><net_sink comp="268" pin=2"/></net>

<net id="1319"><net_src comp="1314" pin="1"/><net_sink comp="281" pin=2"/></net>

<net id="1320"><net_src comp="1314" pin="1"/><net_sink comp="322" pin=2"/></net>

<net id="1321"><net_src comp="1314" pin="1"/><net_sink comp="329" pin=2"/></net>

<net id="1322"><net_src comp="1314" pin="1"/><net_sink comp="370" pin=2"/></net>

<net id="1323"><net_src comp="1314" pin="1"/><net_sink comp="377" pin=2"/></net>

<net id="1324"><net_src comp="1314" pin="1"/><net_sink comp="418" pin=2"/></net>

<net id="1325"><net_src comp="1314" pin="1"/><net_sink comp="425" pin=2"/></net>

<net id="1326"><net_src comp="1314" pin="1"/><net_sink comp="448" pin=2"/></net>

<net id="1327"><net_src comp="1314" pin="1"/><net_sink comp="455" pin=2"/></net>

<net id="1328"><net_src comp="1314" pin="1"/><net_sink comp="478" pin=2"/></net>

<net id="1329"><net_src comp="1314" pin="1"/><net_sink comp="485" pin=2"/></net>

<net id="1330"><net_src comp="1314" pin="1"/><net_sink comp="508" pin=2"/></net>

<net id="1331"><net_src comp="1314" pin="1"/><net_sink comp="515" pin=2"/></net>

<net id="1332"><net_src comp="1314" pin="1"/><net_sink comp="538" pin=2"/></net>

<net id="1333"><net_src comp="1314" pin="1"/><net_sink comp="587" pin=2"/></net>

<net id="1338"><net_src comp="1282" pin="4"/><net_sink comp="1334" pin=0"/></net>

<net id="1339"><net_src comp="164" pin="0"/><net_sink comp="1334" pin=1"/></net>

<net id="1343"><net_src comp="1334" pin="2"/><net_sink comp="1340" pin=0"/></net>

<net id="1344"><net_src comp="1340" pin="1"/><net_sink comp="432" pin=2"/></net>

<net id="1345"><net_src comp="1340" pin="1"/><net_sink comp="440" pin=2"/></net>

<net id="1346"><net_src comp="1340" pin="1"/><net_sink comp="462" pin=2"/></net>

<net id="1347"><net_src comp="1340" pin="1"/><net_sink comp="470" pin=2"/></net>

<net id="1348"><net_src comp="1340" pin="1"/><net_sink comp="492" pin=2"/></net>

<net id="1349"><net_src comp="1340" pin="1"/><net_sink comp="500" pin=2"/></net>

<net id="1350"><net_src comp="1340" pin="1"/><net_sink comp="522" pin=2"/></net>

<net id="1351"><net_src comp="1340" pin="1"/><net_sink comp="530" pin=2"/></net>

<net id="1356"><net_src comp="1271" pin="1"/><net_sink comp="1352" pin=0"/></net>

<net id="1357"><net_src comp="166" pin="0"/><net_sink comp="1352" pin=1"/></net>

<net id="1362"><net_src comp="1352" pin="2"/><net_sink comp="1358" pin=0"/></net>

<net id="1366"><net_src comp="275" pin="3"/><net_sink comp="1363" pin=0"/></net>

<net id="1370"><net_src comp="258" pin="7"/><net_sink comp="1367" pin=0"/></net>

<net id="1375"><net_src comp="1367" pin="1"/><net_sink comp="1371" pin=0"/></net>

<net id="1376"><net_src comp="1363" pin="1"/><net_sink comp="1371" pin=1"/></net>

<net id="1380"><net_src comp="312" pin="7"/><net_sink comp="1377" pin=0"/></net>

<net id="1384"><net_src comp="360" pin="7"/><net_sink comp="1381" pin=0"/></net>

<net id="1388"><net_src comp="408" pin="7"/><net_sink comp="1385" pin=0"/></net>

<net id="1392"><net_src comp="258" pin="3"/><net_sink comp="1389" pin=0"/></net>

<net id="1396"><net_src comp="312" pin="3"/><net_sink comp="1393" pin=0"/></net>

<net id="1400"><net_src comp="360" pin="3"/><net_sink comp="1397" pin=0"/></net>

<net id="1404"><net_src comp="545" pin="3"/><net_sink comp="1401" pin=0"/></net>

<net id="1409"><net_src comp="1377" pin="1"/><net_sink comp="1405" pin=0"/></net>

<net id="1410"><net_src comp="1401" pin="1"/><net_sink comp="1405" pin=1"/></net>

<net id="1414"><net_src comp="551" pin="3"/><net_sink comp="1411" pin=0"/></net>

<net id="1419"><net_src comp="1381" pin="1"/><net_sink comp="1415" pin=0"/></net>

<net id="1420"><net_src comp="1411" pin="1"/><net_sink comp="1415" pin=1"/></net>

<net id="1424"><net_src comp="557" pin="3"/><net_sink comp="1421" pin=0"/></net>

<net id="1429"><net_src comp="1385" pin="1"/><net_sink comp="1425" pin=0"/></net>

<net id="1430"><net_src comp="1421" pin="1"/><net_sink comp="1425" pin=1"/></net>

<net id="1434"><net_src comp="563" pin="3"/><net_sink comp="1431" pin=0"/></net>

<net id="1439"><net_src comp="1389" pin="1"/><net_sink comp="1435" pin=0"/></net>

<net id="1440"><net_src comp="1431" pin="1"/><net_sink comp="1435" pin=1"/></net>

<net id="1444"><net_src comp="569" pin="3"/><net_sink comp="1441" pin=0"/></net>

<net id="1449"><net_src comp="1393" pin="1"/><net_sink comp="1445" pin=0"/></net>

<net id="1450"><net_src comp="1441" pin="1"/><net_sink comp="1445" pin=1"/></net>

<net id="1454"><net_src comp="575" pin="3"/><net_sink comp="1451" pin=0"/></net>

<net id="1459"><net_src comp="1397" pin="1"/><net_sink comp="1455" pin=0"/></net>

<net id="1460"><net_src comp="1451" pin="1"/><net_sink comp="1455" pin=1"/></net>

<net id="1464"><net_src comp="581" pin="3"/><net_sink comp="1461" pin=0"/></net>

<net id="1468"><net_src comp="408" pin="3"/><net_sink comp="1465" pin=0"/></net>

<net id="1473"><net_src comp="1465" pin="1"/><net_sink comp="1469" pin=0"/></net>

<net id="1474"><net_src comp="1461" pin="1"/><net_sink comp="1469" pin=1"/></net>

<net id="1478"><net_src comp="594" pin="3"/><net_sink comp="1475" pin=0"/></net>

<net id="1483"><net_src comp="1367" pin="1"/><net_sink comp="1479" pin=0"/></net>

<net id="1484"><net_src comp="1475" pin="1"/><net_sink comp="1479" pin=1"/></net>

<net id="1488"><net_src comp="600" pin="3"/><net_sink comp="1485" pin=0"/></net>

<net id="1493"><net_src comp="1377" pin="1"/><net_sink comp="1489" pin=0"/></net>

<net id="1494"><net_src comp="1485" pin="1"/><net_sink comp="1489" pin=1"/></net>

<net id="1498"><net_src comp="606" pin="3"/><net_sink comp="1495" pin=0"/></net>

<net id="1503"><net_src comp="1381" pin="1"/><net_sink comp="1499" pin=0"/></net>

<net id="1504"><net_src comp="1495" pin="1"/><net_sink comp="1499" pin=1"/></net>

<net id="1508"><net_src comp="612" pin="3"/><net_sink comp="1505" pin=0"/></net>

<net id="1513"><net_src comp="1385" pin="1"/><net_sink comp="1509" pin=0"/></net>

<net id="1514"><net_src comp="1505" pin="1"/><net_sink comp="1509" pin=1"/></net>

<net id="1518"><net_src comp="618" pin="3"/><net_sink comp="1515" pin=0"/></net>

<net id="1523"><net_src comp="1389" pin="1"/><net_sink comp="1519" pin=0"/></net>

<net id="1524"><net_src comp="1515" pin="1"/><net_sink comp="1519" pin=1"/></net>

<net id="1528"><net_src comp="624" pin="3"/><net_sink comp="1525" pin=0"/></net>

<net id="1533"><net_src comp="1393" pin="1"/><net_sink comp="1529" pin=0"/></net>

<net id="1534"><net_src comp="1525" pin="1"/><net_sink comp="1529" pin=1"/></net>

<net id="1538"><net_src comp="630" pin="3"/><net_sink comp="1535" pin=0"/></net>

<net id="1543"><net_src comp="1397" pin="1"/><net_sink comp="1539" pin=0"/></net>

<net id="1544"><net_src comp="1535" pin="1"/><net_sink comp="1539" pin=1"/></net>

<net id="1548"><net_src comp="636" pin="3"/><net_sink comp="1545" pin=0"/></net>

<net id="1553"><net_src comp="1465" pin="1"/><net_sink comp="1549" pin=0"/></net>

<net id="1554"><net_src comp="1545" pin="1"/><net_sink comp="1549" pin=1"/></net>

<net id="1565"><net_src comp="1558" pin="1"/><net_sink comp="1561" pin=0"/></net>

<net id="1566"><net_src comp="1555" pin="1"/><net_sink comp="1561" pin=1"/></net>

<net id="1595"><net_src comp="1588" pin="1"/><net_sink comp="1591" pin=0"/></net>

<net id="1596"><net_src comp="1567" pin="1"/><net_sink comp="1591" pin=1"/></net>

<net id="1604"><net_src comp="1597" pin="1"/><net_sink comp="1600" pin=0"/></net>

<net id="1605"><net_src comp="1570" pin="1"/><net_sink comp="1600" pin=1"/></net>

<net id="1613"><net_src comp="1606" pin="1"/><net_sink comp="1609" pin=0"/></net>

<net id="1614"><net_src comp="1573" pin="1"/><net_sink comp="1609" pin=1"/></net>

<net id="1622"><net_src comp="1615" pin="1"/><net_sink comp="1618" pin=0"/></net>

<net id="1623"><net_src comp="1576" pin="1"/><net_sink comp="1618" pin=1"/></net>

<net id="1631"><net_src comp="1624" pin="1"/><net_sink comp="1627" pin=0"/></net>

<net id="1632"><net_src comp="1579" pin="1"/><net_sink comp="1627" pin=1"/></net>

<net id="1640"><net_src comp="1633" pin="1"/><net_sink comp="1636" pin=0"/></net>

<net id="1641"><net_src comp="1582" pin="1"/><net_sink comp="1636" pin=1"/></net>

<net id="1649"><net_src comp="1642" pin="1"/><net_sink comp="1645" pin=0"/></net>

<net id="1650"><net_src comp="1585" pin="1"/><net_sink comp="1645" pin=1"/></net>

<net id="1658"><net_src comp="1651" pin="1"/><net_sink comp="1654" pin=0"/></net>

<net id="1659"><net_src comp="1555" pin="1"/><net_sink comp="1654" pin=1"/></net>

<net id="1667"><net_src comp="1660" pin="1"/><net_sink comp="1663" pin=0"/></net>

<net id="1668"><net_src comp="1567" pin="1"/><net_sink comp="1663" pin=1"/></net>

<net id="1676"><net_src comp="1669" pin="1"/><net_sink comp="1672" pin=0"/></net>

<net id="1677"><net_src comp="1570" pin="1"/><net_sink comp="1672" pin=1"/></net>

<net id="1685"><net_src comp="1678" pin="1"/><net_sink comp="1681" pin=0"/></net>

<net id="1686"><net_src comp="1573" pin="1"/><net_sink comp="1681" pin=1"/></net>

<net id="1694"><net_src comp="1687" pin="1"/><net_sink comp="1690" pin=0"/></net>

<net id="1695"><net_src comp="1576" pin="1"/><net_sink comp="1690" pin=1"/></net>

<net id="1703"><net_src comp="1696" pin="1"/><net_sink comp="1699" pin=0"/></net>

<net id="1704"><net_src comp="1579" pin="1"/><net_sink comp="1699" pin=1"/></net>

<net id="1712"><net_src comp="1705" pin="1"/><net_sink comp="1708" pin=0"/></net>

<net id="1713"><net_src comp="1582" pin="1"/><net_sink comp="1708" pin=1"/></net>

<net id="1721"><net_src comp="1714" pin="1"/><net_sink comp="1717" pin=0"/></net>

<net id="1722"><net_src comp="1585" pin="1"/><net_sink comp="1717" pin=1"/></net>

<net id="1729"><net_src comp="176" pin="0"/><net_sink comp="1723" pin=0"/></net>

<net id="1730"><net_src comp="1371" pin="2"/><net_sink comp="1723" pin=1"/></net>

<net id="1731"><net_src comp="178" pin="0"/><net_sink comp="1723" pin=2"/></net>

<net id="1732"><net_src comp="180" pin="0"/><net_sink comp="1723" pin=3"/></net>

<net id="1736"><net_src comp="1723" pin="4"/><net_sink comp="1733" pin=0"/></net>

<net id="1743"><net_src comp="176" pin="0"/><net_sink comp="1737" pin=0"/></net>

<net id="1744"><net_src comp="1405" pin="2"/><net_sink comp="1737" pin=1"/></net>

<net id="1745"><net_src comp="178" pin="0"/><net_sink comp="1737" pin=2"/></net>

<net id="1746"><net_src comp="180" pin="0"/><net_sink comp="1737" pin=3"/></net>

<net id="1750"><net_src comp="1737" pin="4"/><net_sink comp="1747" pin=0"/></net>

<net id="1757"><net_src comp="176" pin="0"/><net_sink comp="1751" pin=0"/></net>

<net id="1758"><net_src comp="1415" pin="2"/><net_sink comp="1751" pin=1"/></net>

<net id="1759"><net_src comp="178" pin="0"/><net_sink comp="1751" pin=2"/></net>

<net id="1760"><net_src comp="180" pin="0"/><net_sink comp="1751" pin=3"/></net>

<net id="1764"><net_src comp="1751" pin="4"/><net_sink comp="1761" pin=0"/></net>

<net id="1771"><net_src comp="176" pin="0"/><net_sink comp="1765" pin=0"/></net>

<net id="1772"><net_src comp="1425" pin="2"/><net_sink comp="1765" pin=1"/></net>

<net id="1773"><net_src comp="178" pin="0"/><net_sink comp="1765" pin=2"/></net>

<net id="1774"><net_src comp="180" pin="0"/><net_sink comp="1765" pin=3"/></net>

<net id="1778"><net_src comp="1765" pin="4"/><net_sink comp="1775" pin=0"/></net>

<net id="1785"><net_src comp="176" pin="0"/><net_sink comp="1779" pin=0"/></net>

<net id="1786"><net_src comp="1435" pin="2"/><net_sink comp="1779" pin=1"/></net>

<net id="1787"><net_src comp="178" pin="0"/><net_sink comp="1779" pin=2"/></net>

<net id="1788"><net_src comp="180" pin="0"/><net_sink comp="1779" pin=3"/></net>

<net id="1792"><net_src comp="1779" pin="4"/><net_sink comp="1789" pin=0"/></net>

<net id="1799"><net_src comp="176" pin="0"/><net_sink comp="1793" pin=0"/></net>

<net id="1800"><net_src comp="1445" pin="2"/><net_sink comp="1793" pin=1"/></net>

<net id="1801"><net_src comp="178" pin="0"/><net_sink comp="1793" pin=2"/></net>

<net id="1802"><net_src comp="180" pin="0"/><net_sink comp="1793" pin=3"/></net>

<net id="1806"><net_src comp="1793" pin="4"/><net_sink comp="1803" pin=0"/></net>

<net id="1813"><net_src comp="176" pin="0"/><net_sink comp="1807" pin=0"/></net>

<net id="1814"><net_src comp="1455" pin="2"/><net_sink comp="1807" pin=1"/></net>

<net id="1815"><net_src comp="178" pin="0"/><net_sink comp="1807" pin=2"/></net>

<net id="1816"><net_src comp="180" pin="0"/><net_sink comp="1807" pin=3"/></net>

<net id="1820"><net_src comp="1807" pin="4"/><net_sink comp="1817" pin=0"/></net>

<net id="1827"><net_src comp="176" pin="0"/><net_sink comp="1821" pin=0"/></net>

<net id="1828"><net_src comp="1469" pin="2"/><net_sink comp="1821" pin=1"/></net>

<net id="1829"><net_src comp="178" pin="0"/><net_sink comp="1821" pin=2"/></net>

<net id="1830"><net_src comp="180" pin="0"/><net_sink comp="1821" pin=3"/></net>

<net id="1834"><net_src comp="1821" pin="4"/><net_sink comp="1831" pin=0"/></net>

<net id="1841"><net_src comp="176" pin="0"/><net_sink comp="1835" pin=0"/></net>

<net id="1842"><net_src comp="1479" pin="2"/><net_sink comp="1835" pin=1"/></net>

<net id="1843"><net_src comp="178" pin="0"/><net_sink comp="1835" pin=2"/></net>

<net id="1844"><net_src comp="180" pin="0"/><net_sink comp="1835" pin=3"/></net>

<net id="1848"><net_src comp="1835" pin="4"/><net_sink comp="1845" pin=0"/></net>

<net id="1855"><net_src comp="176" pin="0"/><net_sink comp="1849" pin=0"/></net>

<net id="1856"><net_src comp="1489" pin="2"/><net_sink comp="1849" pin=1"/></net>

<net id="1857"><net_src comp="178" pin="0"/><net_sink comp="1849" pin=2"/></net>

<net id="1858"><net_src comp="180" pin="0"/><net_sink comp="1849" pin=3"/></net>

<net id="1862"><net_src comp="1849" pin="4"/><net_sink comp="1859" pin=0"/></net>

<net id="1869"><net_src comp="176" pin="0"/><net_sink comp="1863" pin=0"/></net>

<net id="1870"><net_src comp="1499" pin="2"/><net_sink comp="1863" pin=1"/></net>

<net id="1871"><net_src comp="178" pin="0"/><net_sink comp="1863" pin=2"/></net>

<net id="1872"><net_src comp="180" pin="0"/><net_sink comp="1863" pin=3"/></net>

<net id="1876"><net_src comp="1863" pin="4"/><net_sink comp="1873" pin=0"/></net>

<net id="1883"><net_src comp="176" pin="0"/><net_sink comp="1877" pin=0"/></net>

<net id="1884"><net_src comp="1509" pin="2"/><net_sink comp="1877" pin=1"/></net>

<net id="1885"><net_src comp="178" pin="0"/><net_sink comp="1877" pin=2"/></net>

<net id="1886"><net_src comp="180" pin="0"/><net_sink comp="1877" pin=3"/></net>

<net id="1890"><net_src comp="1877" pin="4"/><net_sink comp="1887" pin=0"/></net>

<net id="1897"><net_src comp="176" pin="0"/><net_sink comp="1891" pin=0"/></net>

<net id="1898"><net_src comp="1519" pin="2"/><net_sink comp="1891" pin=1"/></net>

<net id="1899"><net_src comp="178" pin="0"/><net_sink comp="1891" pin=2"/></net>

<net id="1900"><net_src comp="180" pin="0"/><net_sink comp="1891" pin=3"/></net>

<net id="1904"><net_src comp="1891" pin="4"/><net_sink comp="1901" pin=0"/></net>

<net id="1911"><net_src comp="176" pin="0"/><net_sink comp="1905" pin=0"/></net>

<net id="1912"><net_src comp="1529" pin="2"/><net_sink comp="1905" pin=1"/></net>

<net id="1913"><net_src comp="178" pin="0"/><net_sink comp="1905" pin=2"/></net>

<net id="1914"><net_src comp="180" pin="0"/><net_sink comp="1905" pin=3"/></net>

<net id="1918"><net_src comp="1905" pin="4"/><net_sink comp="1915" pin=0"/></net>

<net id="1925"><net_src comp="176" pin="0"/><net_sink comp="1919" pin=0"/></net>

<net id="1926"><net_src comp="1539" pin="2"/><net_sink comp="1919" pin=1"/></net>

<net id="1927"><net_src comp="178" pin="0"/><net_sink comp="1919" pin=2"/></net>

<net id="1928"><net_src comp="180" pin="0"/><net_sink comp="1919" pin=3"/></net>

<net id="1932"><net_src comp="1919" pin="4"/><net_sink comp="1929" pin=0"/></net>

<net id="1939"><net_src comp="176" pin="0"/><net_sink comp="1933" pin=0"/></net>

<net id="1940"><net_src comp="1549" pin="2"/><net_sink comp="1933" pin=1"/></net>

<net id="1941"><net_src comp="178" pin="0"/><net_sink comp="1933" pin=2"/></net>

<net id="1942"><net_src comp="180" pin="0"/><net_sink comp="1933" pin=3"/></net>

<net id="1946"><net_src comp="1933" pin="4"/><net_sink comp="1943" pin=0"/></net>

<net id="1950"><net_src comp="649" pin="3"/><net_sink comp="1947" pin=0"/></net>

<net id="1958"><net_src comp="208" pin="0"/><net_sink comp="1954" pin=1"/></net>

<net id="1963"><net_src comp="210" pin="0"/><net_sink comp="1959" pin=1"/></net>

<net id="1969"><net_src comp="1954" pin="2"/><net_sink comp="1964" pin=0"/></net>

<net id="1970"><net_src comp="1959" pin="2"/><net_sink comp="1964" pin=1"/></net>

<net id="1974"><net_src comp="1964" pin="3"/><net_sink comp="1971" pin=0"/></net>

<net id="1979"><net_src comp="1964" pin="3"/><net_sink comp="1975" pin=0"/></net>

<net id="1980"><net_src comp="1947" pin="1"/><net_sink comp="1975" pin=1"/></net>

<net id="1985"><net_src comp="1975" pin="2"/><net_sink comp="1981" pin=0"/></net>

<net id="1986"><net_src comp="208" pin="0"/><net_sink comp="1981" pin=1"/></net>

<net id="1990"><net_src comp="1975" pin="2"/><net_sink comp="1987" pin=0"/></net>

<net id="1995"><net_src comp="1987" pin="1"/><net_sink comp="1991" pin=0"/></net>

<net id="1996"><net_src comp="212" pin="0"/><net_sink comp="1991" pin=1"/></net>

<net id="2002"><net_src comp="1981" pin="2"/><net_sink comp="1997" pin=0"/></net>

<net id="2003"><net_src comp="1991" pin="2"/><net_sink comp="1997" pin=1"/></net>

<net id="2004"><net_src comp="1987" pin="1"/><net_sink comp="1997" pin=2"/></net>

<net id="2005"><net_src comp="1997" pin="3"/><net_sink comp="1060" pin=1"/></net>

<net id="2010"><net_src comp="1947" pin="1"/><net_sink comp="2006" pin=0"/></net>

<net id="2011"><net_src comp="1964" pin="3"/><net_sink comp="2006" pin=1"/></net>

<net id="2016"><net_src comp="2006" pin="2"/><net_sink comp="2012" pin=0"/></net>

<net id="2017"><net_src comp="214" pin="0"/><net_sink comp="2012" pin=1"/></net>

<net id="2022"><net_src comp="649" pin="3"/><net_sink comp="2018" pin=0"/></net>

<net id="2023"><net_src comp="216" pin="0"/><net_sink comp="2018" pin=1"/></net>

<net id="2029"><net_src comp="2012" pin="2"/><net_sink comp="2024" pin=0"/></net>

<net id="2030"><net_src comp="649" pin="3"/><net_sink comp="2024" pin=1"/></net>

<net id="2031"><net_src comp="2018" pin="2"/><net_sink comp="2024" pin=2"/></net>

<net id="2036"><net_src comp="2024" pin="3"/><net_sink comp="2032" pin=0"/></net>

<net id="2037"><net_src comp="1971" pin="1"/><net_sink comp="2032" pin=1"/></net>

<net id="2038"><net_src comp="2032" pin="2"/><net_sink comp="1066" pin=1"/></net>

<net id="2042"><net_src comp="753" pin="3"/><net_sink comp="2039" pin=0"/></net>

<net id="2047"><net_src comp="753" pin="3"/><net_sink comp="2043" pin=0"/></net>

<net id="2048"><net_src comp="216" pin="0"/><net_sink comp="2043" pin=1"/></net>

<net id="2056"><net_src comp="208" pin="0"/><net_sink comp="2052" pin=1"/></net>

<net id="2061"><net_src comp="210" pin="0"/><net_sink comp="2057" pin=1"/></net>

<net id="2067"><net_src comp="2052" pin="2"/><net_sink comp="2062" pin=0"/></net>

<net id="2068"><net_src comp="2057" pin="2"/><net_sink comp="2062" pin=1"/></net>

<net id="2072"><net_src comp="2062" pin="3"/><net_sink comp="2069" pin=0"/></net>

<net id="2077"><net_src comp="2062" pin="3"/><net_sink comp="2073" pin=0"/></net>

<net id="2078"><net_src comp="2039" pin="1"/><net_sink comp="2073" pin=1"/></net>

<net id="2083"><net_src comp="2073" pin="2"/><net_sink comp="2079" pin=0"/></net>

<net id="2084"><net_src comp="208" pin="0"/><net_sink comp="2079" pin=1"/></net>

<net id="2088"><net_src comp="2073" pin="2"/><net_sink comp="2085" pin=0"/></net>

<net id="2093"><net_src comp="2085" pin="1"/><net_sink comp="2089" pin=0"/></net>

<net id="2094"><net_src comp="212" pin="0"/><net_sink comp="2089" pin=1"/></net>

<net id="2100"><net_src comp="2079" pin="2"/><net_sink comp="2095" pin=0"/></net>

<net id="2101"><net_src comp="2089" pin="2"/><net_sink comp="2095" pin=1"/></net>

<net id="2102"><net_src comp="2085" pin="1"/><net_sink comp="2095" pin=2"/></net>

<net id="2103"><net_src comp="2095" pin="3"/><net_sink comp="1072" pin=1"/></net>

<net id="2108"><net_src comp="2039" pin="1"/><net_sink comp="2104" pin=0"/></net>

<net id="2109"><net_src comp="2062" pin="3"/><net_sink comp="2104" pin=1"/></net>

<net id="2114"><net_src comp="2104" pin="2"/><net_sink comp="2110" pin=0"/></net>

<net id="2115"><net_src comp="214" pin="0"/><net_sink comp="2110" pin=1"/></net>

<net id="2121"><net_src comp="2110" pin="2"/><net_sink comp="2116" pin=0"/></net>

<net id="2122"><net_src comp="753" pin="3"/><net_sink comp="2116" pin=1"/></net>

<net id="2123"><net_src comp="2043" pin="2"/><net_sink comp="2116" pin=2"/></net>

<net id="2128"><net_src comp="2116" pin="3"/><net_sink comp="2124" pin=0"/></net>

<net id="2129"><net_src comp="2069" pin="1"/><net_sink comp="2124" pin=1"/></net>

<net id="2130"><net_src comp="2124" pin="2"/><net_sink comp="1078" pin=1"/></net>

<net id="2134"><net_src comp="759" pin="3"/><net_sink comp="2131" pin=0"/></net>

<net id="2139"><net_src comp="759" pin="3"/><net_sink comp="2135" pin=0"/></net>

<net id="2140"><net_src comp="216" pin="0"/><net_sink comp="2135" pin=1"/></net>

<net id="2148"><net_src comp="208" pin="0"/><net_sink comp="2144" pin=1"/></net>

<net id="2153"><net_src comp="210" pin="0"/><net_sink comp="2149" pin=1"/></net>

<net id="2159"><net_src comp="2144" pin="2"/><net_sink comp="2154" pin=0"/></net>

<net id="2160"><net_src comp="2149" pin="2"/><net_sink comp="2154" pin=1"/></net>

<net id="2164"><net_src comp="2154" pin="3"/><net_sink comp="2161" pin=0"/></net>

<net id="2169"><net_src comp="2154" pin="3"/><net_sink comp="2165" pin=0"/></net>

<net id="2170"><net_src comp="2131" pin="1"/><net_sink comp="2165" pin=1"/></net>

<net id="2175"><net_src comp="2165" pin="2"/><net_sink comp="2171" pin=0"/></net>

<net id="2176"><net_src comp="208" pin="0"/><net_sink comp="2171" pin=1"/></net>

<net id="2180"><net_src comp="2165" pin="2"/><net_sink comp="2177" pin=0"/></net>

<net id="2185"><net_src comp="2177" pin="1"/><net_sink comp="2181" pin=0"/></net>

<net id="2186"><net_src comp="212" pin="0"/><net_sink comp="2181" pin=1"/></net>

<net id="2192"><net_src comp="2171" pin="2"/><net_sink comp="2187" pin=0"/></net>

<net id="2193"><net_src comp="2181" pin="2"/><net_sink comp="2187" pin=1"/></net>

<net id="2194"><net_src comp="2177" pin="1"/><net_sink comp="2187" pin=2"/></net>

<net id="2195"><net_src comp="2187" pin="3"/><net_sink comp="1084" pin=1"/></net>

<net id="2200"><net_src comp="2131" pin="1"/><net_sink comp="2196" pin=0"/></net>

<net id="2201"><net_src comp="2154" pin="3"/><net_sink comp="2196" pin=1"/></net>

<net id="2206"><net_src comp="2196" pin="2"/><net_sink comp="2202" pin=0"/></net>

<net id="2207"><net_src comp="214" pin="0"/><net_sink comp="2202" pin=1"/></net>

<net id="2213"><net_src comp="2202" pin="2"/><net_sink comp="2208" pin=0"/></net>

<net id="2214"><net_src comp="759" pin="3"/><net_sink comp="2208" pin=1"/></net>

<net id="2215"><net_src comp="2135" pin="2"/><net_sink comp="2208" pin=2"/></net>

<net id="2220"><net_src comp="2208" pin="3"/><net_sink comp="2216" pin=0"/></net>

<net id="2221"><net_src comp="2161" pin="1"/><net_sink comp="2216" pin=1"/></net>

<net id="2222"><net_src comp="2216" pin="2"/><net_sink comp="1090" pin=1"/></net>

<net id="2226"><net_src comp="765" pin="3"/><net_sink comp="2223" pin=0"/></net>

<net id="2231"><net_src comp="765" pin="3"/><net_sink comp="2227" pin=0"/></net>

<net id="2232"><net_src comp="216" pin="0"/><net_sink comp="2227" pin=1"/></net>

<net id="2240"><net_src comp="208" pin="0"/><net_sink comp="2236" pin=1"/></net>

<net id="2245"><net_src comp="210" pin="0"/><net_sink comp="2241" pin=1"/></net>

<net id="2251"><net_src comp="2236" pin="2"/><net_sink comp="2246" pin=0"/></net>

<net id="2252"><net_src comp="2241" pin="2"/><net_sink comp="2246" pin=1"/></net>

<net id="2256"><net_src comp="2246" pin="3"/><net_sink comp="2253" pin=0"/></net>

<net id="2261"><net_src comp="2246" pin="3"/><net_sink comp="2257" pin=0"/></net>

<net id="2262"><net_src comp="2223" pin="1"/><net_sink comp="2257" pin=1"/></net>

<net id="2267"><net_src comp="2257" pin="2"/><net_sink comp="2263" pin=0"/></net>

<net id="2268"><net_src comp="208" pin="0"/><net_sink comp="2263" pin=1"/></net>

<net id="2272"><net_src comp="2257" pin="2"/><net_sink comp="2269" pin=0"/></net>

<net id="2277"><net_src comp="2269" pin="1"/><net_sink comp="2273" pin=0"/></net>

<net id="2278"><net_src comp="212" pin="0"/><net_sink comp="2273" pin=1"/></net>

<net id="2284"><net_src comp="2263" pin="2"/><net_sink comp="2279" pin=0"/></net>

<net id="2285"><net_src comp="2273" pin="2"/><net_sink comp="2279" pin=1"/></net>

<net id="2286"><net_src comp="2269" pin="1"/><net_sink comp="2279" pin=2"/></net>

<net id="2287"><net_src comp="2279" pin="3"/><net_sink comp="1096" pin=1"/></net>

<net id="2292"><net_src comp="2223" pin="1"/><net_sink comp="2288" pin=0"/></net>

<net id="2293"><net_src comp="2246" pin="3"/><net_sink comp="2288" pin=1"/></net>

<net id="2298"><net_src comp="2288" pin="2"/><net_sink comp="2294" pin=0"/></net>

<net id="2299"><net_src comp="214" pin="0"/><net_sink comp="2294" pin=1"/></net>

<net id="2305"><net_src comp="2294" pin="2"/><net_sink comp="2300" pin=0"/></net>

<net id="2306"><net_src comp="765" pin="3"/><net_sink comp="2300" pin=1"/></net>

<net id="2307"><net_src comp="2227" pin="2"/><net_sink comp="2300" pin=2"/></net>

<net id="2312"><net_src comp="2300" pin="3"/><net_sink comp="2308" pin=0"/></net>

<net id="2313"><net_src comp="2253" pin="1"/><net_sink comp="2308" pin=1"/></net>

<net id="2314"><net_src comp="2308" pin="2"/><net_sink comp="1102" pin=1"/></net>

<net id="2318"><net_src comp="771" pin="3"/><net_sink comp="2315" pin=0"/></net>

<net id="2323"><net_src comp="771" pin="3"/><net_sink comp="2319" pin=0"/></net>

<net id="2324"><net_src comp="216" pin="0"/><net_sink comp="2319" pin=1"/></net>

<net id="2332"><net_src comp="208" pin="0"/><net_sink comp="2328" pin=1"/></net>

<net id="2337"><net_src comp="210" pin="0"/><net_sink comp="2333" pin=1"/></net>

<net id="2343"><net_src comp="2328" pin="2"/><net_sink comp="2338" pin=0"/></net>

<net id="2344"><net_src comp="2333" pin="2"/><net_sink comp="2338" pin=1"/></net>

<net id="2348"><net_src comp="2338" pin="3"/><net_sink comp="2345" pin=0"/></net>

<net id="2353"><net_src comp="2338" pin="3"/><net_sink comp="2349" pin=0"/></net>

<net id="2354"><net_src comp="2315" pin="1"/><net_sink comp="2349" pin=1"/></net>

<net id="2359"><net_src comp="2349" pin="2"/><net_sink comp="2355" pin=0"/></net>

<net id="2360"><net_src comp="208" pin="0"/><net_sink comp="2355" pin=1"/></net>

<net id="2364"><net_src comp="2349" pin="2"/><net_sink comp="2361" pin=0"/></net>

<net id="2369"><net_src comp="2361" pin="1"/><net_sink comp="2365" pin=0"/></net>

<net id="2370"><net_src comp="212" pin="0"/><net_sink comp="2365" pin=1"/></net>

<net id="2376"><net_src comp="2355" pin="2"/><net_sink comp="2371" pin=0"/></net>

<net id="2377"><net_src comp="2365" pin="2"/><net_sink comp="2371" pin=1"/></net>

<net id="2378"><net_src comp="2361" pin="1"/><net_sink comp="2371" pin=2"/></net>

<net id="2379"><net_src comp="2371" pin="3"/><net_sink comp="1108" pin=1"/></net>

<net id="2384"><net_src comp="2315" pin="1"/><net_sink comp="2380" pin=0"/></net>

<net id="2385"><net_src comp="2338" pin="3"/><net_sink comp="2380" pin=1"/></net>

<net id="2390"><net_src comp="2380" pin="2"/><net_sink comp="2386" pin=0"/></net>

<net id="2391"><net_src comp="214" pin="0"/><net_sink comp="2386" pin=1"/></net>

<net id="2397"><net_src comp="2386" pin="2"/><net_sink comp="2392" pin=0"/></net>

<net id="2398"><net_src comp="771" pin="3"/><net_sink comp="2392" pin=1"/></net>

<net id="2399"><net_src comp="2319" pin="2"/><net_sink comp="2392" pin=2"/></net>

<net id="2404"><net_src comp="2392" pin="3"/><net_sink comp="2400" pin=0"/></net>

<net id="2405"><net_src comp="2345" pin="1"/><net_sink comp="2400" pin=1"/></net>

<net id="2406"><net_src comp="2400" pin="2"/><net_sink comp="1114" pin=1"/></net>

<net id="2410"><net_src comp="777" pin="3"/><net_sink comp="2407" pin=0"/></net>

<net id="2415"><net_src comp="777" pin="3"/><net_sink comp="2411" pin=0"/></net>

<net id="2416"><net_src comp="216" pin="0"/><net_sink comp="2411" pin=1"/></net>

<net id="2424"><net_src comp="208" pin="0"/><net_sink comp="2420" pin=1"/></net>

<net id="2429"><net_src comp="210" pin="0"/><net_sink comp="2425" pin=1"/></net>

<net id="2435"><net_src comp="2420" pin="2"/><net_sink comp="2430" pin=0"/></net>

<net id="2436"><net_src comp="2425" pin="2"/><net_sink comp="2430" pin=1"/></net>

<net id="2440"><net_src comp="2430" pin="3"/><net_sink comp="2437" pin=0"/></net>

<net id="2445"><net_src comp="2430" pin="3"/><net_sink comp="2441" pin=0"/></net>

<net id="2446"><net_src comp="2407" pin="1"/><net_sink comp="2441" pin=1"/></net>

<net id="2451"><net_src comp="2441" pin="2"/><net_sink comp="2447" pin=0"/></net>

<net id="2452"><net_src comp="208" pin="0"/><net_sink comp="2447" pin=1"/></net>

<net id="2456"><net_src comp="2441" pin="2"/><net_sink comp="2453" pin=0"/></net>

<net id="2461"><net_src comp="2453" pin="1"/><net_sink comp="2457" pin=0"/></net>

<net id="2462"><net_src comp="212" pin="0"/><net_sink comp="2457" pin=1"/></net>

<net id="2468"><net_src comp="2447" pin="2"/><net_sink comp="2463" pin=0"/></net>

<net id="2469"><net_src comp="2457" pin="2"/><net_sink comp="2463" pin=1"/></net>

<net id="2470"><net_src comp="2453" pin="1"/><net_sink comp="2463" pin=2"/></net>

<net id="2471"><net_src comp="2463" pin="3"/><net_sink comp="1120" pin=1"/></net>

<net id="2476"><net_src comp="2407" pin="1"/><net_sink comp="2472" pin=0"/></net>

<net id="2477"><net_src comp="2430" pin="3"/><net_sink comp="2472" pin=1"/></net>

<net id="2482"><net_src comp="2472" pin="2"/><net_sink comp="2478" pin=0"/></net>

<net id="2483"><net_src comp="214" pin="0"/><net_sink comp="2478" pin=1"/></net>

<net id="2489"><net_src comp="2478" pin="2"/><net_sink comp="2484" pin=0"/></net>

<net id="2490"><net_src comp="777" pin="3"/><net_sink comp="2484" pin=1"/></net>

<net id="2491"><net_src comp="2411" pin="2"/><net_sink comp="2484" pin=2"/></net>

<net id="2496"><net_src comp="2484" pin="3"/><net_sink comp="2492" pin=0"/></net>

<net id="2497"><net_src comp="2437" pin="1"/><net_sink comp="2492" pin=1"/></net>

<net id="2498"><net_src comp="2492" pin="2"/><net_sink comp="1126" pin=1"/></net>

<net id="2502"><net_src comp="783" pin="3"/><net_sink comp="2499" pin=0"/></net>

<net id="2507"><net_src comp="783" pin="3"/><net_sink comp="2503" pin=0"/></net>

<net id="2508"><net_src comp="216" pin="0"/><net_sink comp="2503" pin=1"/></net>

<net id="2516"><net_src comp="208" pin="0"/><net_sink comp="2512" pin=1"/></net>

<net id="2521"><net_src comp="210" pin="0"/><net_sink comp="2517" pin=1"/></net>

<net id="2527"><net_src comp="2512" pin="2"/><net_sink comp="2522" pin=0"/></net>

<net id="2528"><net_src comp="2517" pin="2"/><net_sink comp="2522" pin=1"/></net>

<net id="2532"><net_src comp="2522" pin="3"/><net_sink comp="2529" pin=0"/></net>

<net id="2537"><net_src comp="2522" pin="3"/><net_sink comp="2533" pin=0"/></net>

<net id="2538"><net_src comp="2499" pin="1"/><net_sink comp="2533" pin=1"/></net>

<net id="2543"><net_src comp="2533" pin="2"/><net_sink comp="2539" pin=0"/></net>

<net id="2544"><net_src comp="208" pin="0"/><net_sink comp="2539" pin=1"/></net>

<net id="2548"><net_src comp="2533" pin="2"/><net_sink comp="2545" pin=0"/></net>

<net id="2553"><net_src comp="2545" pin="1"/><net_sink comp="2549" pin=0"/></net>

<net id="2554"><net_src comp="212" pin="0"/><net_sink comp="2549" pin=1"/></net>

<net id="2560"><net_src comp="2539" pin="2"/><net_sink comp="2555" pin=0"/></net>

<net id="2561"><net_src comp="2549" pin="2"/><net_sink comp="2555" pin=1"/></net>

<net id="2562"><net_src comp="2545" pin="1"/><net_sink comp="2555" pin=2"/></net>

<net id="2563"><net_src comp="2555" pin="3"/><net_sink comp="1132" pin=1"/></net>

<net id="2568"><net_src comp="2499" pin="1"/><net_sink comp="2564" pin=0"/></net>

<net id="2569"><net_src comp="2522" pin="3"/><net_sink comp="2564" pin=1"/></net>

<net id="2574"><net_src comp="2564" pin="2"/><net_sink comp="2570" pin=0"/></net>

<net id="2575"><net_src comp="214" pin="0"/><net_sink comp="2570" pin=1"/></net>

<net id="2581"><net_src comp="2570" pin="2"/><net_sink comp="2576" pin=0"/></net>

<net id="2582"><net_src comp="783" pin="3"/><net_sink comp="2576" pin=1"/></net>

<net id="2583"><net_src comp="2503" pin="2"/><net_sink comp="2576" pin=2"/></net>

<net id="2588"><net_src comp="2576" pin="3"/><net_sink comp="2584" pin=0"/></net>

<net id="2589"><net_src comp="2529" pin="1"/><net_sink comp="2584" pin=1"/></net>

<net id="2590"><net_src comp="2584" pin="2"/><net_sink comp="1138" pin=1"/></net>

<net id="2594"><net_src comp="789" pin="3"/><net_sink comp="2591" pin=0"/></net>

<net id="2602"><net_src comp="208" pin="0"/><net_sink comp="2598" pin=1"/></net>

<net id="2607"><net_src comp="210" pin="0"/><net_sink comp="2603" pin=1"/></net>

<net id="2613"><net_src comp="2598" pin="2"/><net_sink comp="2608" pin=0"/></net>

<net id="2614"><net_src comp="2603" pin="2"/><net_sink comp="2608" pin=1"/></net>

<net id="2618"><net_src comp="2608" pin="3"/><net_sink comp="2615" pin=0"/></net>

<net id="2623"><net_src comp="2608" pin="3"/><net_sink comp="2619" pin=0"/></net>

<net id="2624"><net_src comp="2591" pin="1"/><net_sink comp="2619" pin=1"/></net>

<net id="2629"><net_src comp="2619" pin="2"/><net_sink comp="2625" pin=0"/></net>

<net id="2630"><net_src comp="208" pin="0"/><net_sink comp="2625" pin=1"/></net>

<net id="2634"><net_src comp="2619" pin="2"/><net_sink comp="2631" pin=0"/></net>

<net id="2639"><net_src comp="2631" pin="1"/><net_sink comp="2635" pin=0"/></net>

<net id="2640"><net_src comp="212" pin="0"/><net_sink comp="2635" pin=1"/></net>

<net id="2646"><net_src comp="2625" pin="2"/><net_sink comp="2641" pin=0"/></net>

<net id="2647"><net_src comp="2635" pin="2"/><net_sink comp="2641" pin=1"/></net>

<net id="2648"><net_src comp="2631" pin="1"/><net_sink comp="2641" pin=2"/></net>

<net id="2649"><net_src comp="2641" pin="3"/><net_sink comp="1144" pin=1"/></net>

<net id="2654"><net_src comp="2591" pin="1"/><net_sink comp="2650" pin=0"/></net>

<net id="2655"><net_src comp="2608" pin="3"/><net_sink comp="2650" pin=1"/></net>

<net id="2660"><net_src comp="2650" pin="2"/><net_sink comp="2656" pin=0"/></net>

<net id="2661"><net_src comp="214" pin="0"/><net_sink comp="2656" pin=1"/></net>

<net id="2666"><net_src comp="789" pin="3"/><net_sink comp="2662" pin=0"/></net>

<net id="2667"><net_src comp="216" pin="0"/><net_sink comp="2662" pin=1"/></net>

<net id="2673"><net_src comp="2656" pin="2"/><net_sink comp="2668" pin=0"/></net>

<net id="2674"><net_src comp="789" pin="3"/><net_sink comp="2668" pin=1"/></net>

<net id="2675"><net_src comp="2662" pin="2"/><net_sink comp="2668" pin=2"/></net>

<net id="2680"><net_src comp="2668" pin="3"/><net_sink comp="2676" pin=0"/></net>

<net id="2681"><net_src comp="2615" pin="1"/><net_sink comp="2676" pin=1"/></net>

<net id="2682"><net_src comp="2676" pin="2"/><net_sink comp="1150" pin=1"/></net>

<net id="2686"><net_src comp="802" pin="3"/><net_sink comp="2683" pin=0"/></net>

<net id="2691"><net_src comp="802" pin="3"/><net_sink comp="2687" pin=0"/></net>

<net id="2692"><net_src comp="216" pin="0"/><net_sink comp="2687" pin=1"/></net>

<net id="2700"><net_src comp="208" pin="0"/><net_sink comp="2696" pin=1"/></net>

<net id="2705"><net_src comp="210" pin="0"/><net_sink comp="2701" pin=1"/></net>

<net id="2711"><net_src comp="2696" pin="2"/><net_sink comp="2706" pin=0"/></net>

<net id="2712"><net_src comp="2701" pin="2"/><net_sink comp="2706" pin=1"/></net>

<net id="2716"><net_src comp="2706" pin="3"/><net_sink comp="2713" pin=0"/></net>

<net id="2721"><net_src comp="2706" pin="3"/><net_sink comp="2717" pin=0"/></net>

<net id="2722"><net_src comp="2683" pin="1"/><net_sink comp="2717" pin=1"/></net>

<net id="2727"><net_src comp="2717" pin="2"/><net_sink comp="2723" pin=0"/></net>

<net id="2728"><net_src comp="208" pin="0"/><net_sink comp="2723" pin=1"/></net>

<net id="2732"><net_src comp="2717" pin="2"/><net_sink comp="2729" pin=0"/></net>

<net id="2737"><net_src comp="2729" pin="1"/><net_sink comp="2733" pin=0"/></net>

<net id="2738"><net_src comp="212" pin="0"/><net_sink comp="2733" pin=1"/></net>

<net id="2744"><net_src comp="2723" pin="2"/><net_sink comp="2739" pin=0"/></net>

<net id="2745"><net_src comp="2733" pin="2"/><net_sink comp="2739" pin=1"/></net>

<net id="2746"><net_src comp="2729" pin="1"/><net_sink comp="2739" pin=2"/></net>

<net id="2747"><net_src comp="2739" pin="3"/><net_sink comp="1170" pin=1"/></net>

<net id="2752"><net_src comp="2683" pin="1"/><net_sink comp="2748" pin=0"/></net>

<net id="2753"><net_src comp="2706" pin="3"/><net_sink comp="2748" pin=1"/></net>

<net id="2758"><net_src comp="2748" pin="2"/><net_sink comp="2754" pin=0"/></net>

<net id="2759"><net_src comp="214" pin="0"/><net_sink comp="2754" pin=1"/></net>

<net id="2765"><net_src comp="2754" pin="2"/><net_sink comp="2760" pin=0"/></net>

<net id="2766"><net_src comp="802" pin="3"/><net_sink comp="2760" pin=1"/></net>

<net id="2767"><net_src comp="2687" pin="2"/><net_sink comp="2760" pin=2"/></net>

<net id="2772"><net_src comp="2760" pin="3"/><net_sink comp="2768" pin=0"/></net>

<net id="2773"><net_src comp="2713" pin="1"/><net_sink comp="2768" pin=1"/></net>

<net id="2774"><net_src comp="2768" pin="2"/><net_sink comp="1176" pin=1"/></net>

<net id="2778"><net_src comp="808" pin="3"/><net_sink comp="2775" pin=0"/></net>

<net id="2783"><net_src comp="808" pin="3"/><net_sink comp="2779" pin=0"/></net>

<net id="2784"><net_src comp="216" pin="0"/><net_sink comp="2779" pin=1"/></net>

<net id="2792"><net_src comp="208" pin="0"/><net_sink comp="2788" pin=1"/></net>

<net id="2797"><net_src comp="210" pin="0"/><net_sink comp="2793" pin=1"/></net>

<net id="2803"><net_src comp="2788" pin="2"/><net_sink comp="2798" pin=0"/></net>

<net id="2804"><net_src comp="2793" pin="2"/><net_sink comp="2798" pin=1"/></net>

<net id="2808"><net_src comp="2798" pin="3"/><net_sink comp="2805" pin=0"/></net>

<net id="2813"><net_src comp="2798" pin="3"/><net_sink comp="2809" pin=0"/></net>

<net id="2814"><net_src comp="2775" pin="1"/><net_sink comp="2809" pin=1"/></net>

<net id="2819"><net_src comp="2809" pin="2"/><net_sink comp="2815" pin=0"/></net>

<net id="2820"><net_src comp="208" pin="0"/><net_sink comp="2815" pin=1"/></net>

<net id="2824"><net_src comp="2809" pin="2"/><net_sink comp="2821" pin=0"/></net>

<net id="2829"><net_src comp="2821" pin="1"/><net_sink comp="2825" pin=0"/></net>

<net id="2830"><net_src comp="212" pin="0"/><net_sink comp="2825" pin=1"/></net>

<net id="2836"><net_src comp="2815" pin="2"/><net_sink comp="2831" pin=0"/></net>

<net id="2837"><net_src comp="2825" pin="2"/><net_sink comp="2831" pin=1"/></net>

<net id="2838"><net_src comp="2821" pin="1"/><net_sink comp="2831" pin=2"/></net>

<net id="2839"><net_src comp="2831" pin="3"/><net_sink comp="1182" pin=1"/></net>

<net id="2844"><net_src comp="2775" pin="1"/><net_sink comp="2840" pin=0"/></net>

<net id="2845"><net_src comp="2798" pin="3"/><net_sink comp="2840" pin=1"/></net>

<net id="2850"><net_src comp="2840" pin="2"/><net_sink comp="2846" pin=0"/></net>

<net id="2851"><net_src comp="214" pin="0"/><net_sink comp="2846" pin=1"/></net>

<net id="2857"><net_src comp="2846" pin="2"/><net_sink comp="2852" pin=0"/></net>

<net id="2858"><net_src comp="808" pin="3"/><net_sink comp="2852" pin=1"/></net>

<net id="2859"><net_src comp="2779" pin="2"/><net_sink comp="2852" pin=2"/></net>

<net id="2864"><net_src comp="2852" pin="3"/><net_sink comp="2860" pin=0"/></net>

<net id="2865"><net_src comp="2805" pin="1"/><net_sink comp="2860" pin=1"/></net>

<net id="2866"><net_src comp="2860" pin="2"/><net_sink comp="1188" pin=1"/></net>

<net id="2870"><net_src comp="814" pin="3"/><net_sink comp="2867" pin=0"/></net>

<net id="2875"><net_src comp="814" pin="3"/><net_sink comp="2871" pin=0"/></net>

<net id="2876"><net_src comp="216" pin="0"/><net_sink comp="2871" pin=1"/></net>

<net id="2884"><net_src comp="208" pin="0"/><net_sink comp="2880" pin=1"/></net>

<net id="2889"><net_src comp="210" pin="0"/><net_sink comp="2885" pin=1"/></net>

<net id="2895"><net_src comp="2880" pin="2"/><net_sink comp="2890" pin=0"/></net>

<net id="2896"><net_src comp="2885" pin="2"/><net_sink comp="2890" pin=1"/></net>

<net id="2900"><net_src comp="2890" pin="3"/><net_sink comp="2897" pin=0"/></net>

<net id="2905"><net_src comp="2890" pin="3"/><net_sink comp="2901" pin=0"/></net>

<net id="2906"><net_src comp="2867" pin="1"/><net_sink comp="2901" pin=1"/></net>

<net id="2911"><net_src comp="2901" pin="2"/><net_sink comp="2907" pin=0"/></net>

<net id="2912"><net_src comp="208" pin="0"/><net_sink comp="2907" pin=1"/></net>

<net id="2916"><net_src comp="2901" pin="2"/><net_sink comp="2913" pin=0"/></net>

<net id="2921"><net_src comp="2913" pin="1"/><net_sink comp="2917" pin=0"/></net>

<net id="2922"><net_src comp="212" pin="0"/><net_sink comp="2917" pin=1"/></net>

<net id="2928"><net_src comp="2907" pin="2"/><net_sink comp="2923" pin=0"/></net>

<net id="2929"><net_src comp="2917" pin="2"/><net_sink comp="2923" pin=1"/></net>

<net id="2930"><net_src comp="2913" pin="1"/><net_sink comp="2923" pin=2"/></net>

<net id="2931"><net_src comp="2923" pin="3"/><net_sink comp="1194" pin=1"/></net>

<net id="2936"><net_src comp="2867" pin="1"/><net_sink comp="2932" pin=0"/></net>

<net id="2937"><net_src comp="2890" pin="3"/><net_sink comp="2932" pin=1"/></net>

<net id="2942"><net_src comp="2932" pin="2"/><net_sink comp="2938" pin=0"/></net>

<net id="2943"><net_src comp="214" pin="0"/><net_sink comp="2938" pin=1"/></net>

<net id="2949"><net_src comp="2938" pin="2"/><net_sink comp="2944" pin=0"/></net>

<net id="2950"><net_src comp="814" pin="3"/><net_sink comp="2944" pin=1"/></net>

<net id="2951"><net_src comp="2871" pin="2"/><net_sink comp="2944" pin=2"/></net>

<net id="2956"><net_src comp="2944" pin="3"/><net_sink comp="2952" pin=0"/></net>

<net id="2957"><net_src comp="2897" pin="1"/><net_sink comp="2952" pin=1"/></net>

<net id="2958"><net_src comp="2952" pin="2"/><net_sink comp="1200" pin=1"/></net>

<net id="2962"><net_src comp="820" pin="3"/><net_sink comp="2959" pin=0"/></net>

<net id="2967"><net_src comp="820" pin="3"/><net_sink comp="2963" pin=0"/></net>

<net id="2968"><net_src comp="216" pin="0"/><net_sink comp="2963" pin=1"/></net>

<net id="2976"><net_src comp="208" pin="0"/><net_sink comp="2972" pin=1"/></net>

<net id="2981"><net_src comp="210" pin="0"/><net_sink comp="2977" pin=1"/></net>

<net id="2987"><net_src comp="2972" pin="2"/><net_sink comp="2982" pin=0"/></net>

<net id="2988"><net_src comp="2977" pin="2"/><net_sink comp="2982" pin=1"/></net>

<net id="2992"><net_src comp="2982" pin="3"/><net_sink comp="2989" pin=0"/></net>

<net id="2997"><net_src comp="2982" pin="3"/><net_sink comp="2993" pin=0"/></net>

<net id="2998"><net_src comp="2959" pin="1"/><net_sink comp="2993" pin=1"/></net>

<net id="3003"><net_src comp="2993" pin="2"/><net_sink comp="2999" pin=0"/></net>

<net id="3004"><net_src comp="208" pin="0"/><net_sink comp="2999" pin=1"/></net>

<net id="3008"><net_src comp="2993" pin="2"/><net_sink comp="3005" pin=0"/></net>

<net id="3013"><net_src comp="3005" pin="1"/><net_sink comp="3009" pin=0"/></net>

<net id="3014"><net_src comp="212" pin="0"/><net_sink comp="3009" pin=1"/></net>

<net id="3020"><net_src comp="2999" pin="2"/><net_sink comp="3015" pin=0"/></net>

<net id="3021"><net_src comp="3009" pin="2"/><net_sink comp="3015" pin=1"/></net>

<net id="3022"><net_src comp="3005" pin="1"/><net_sink comp="3015" pin=2"/></net>

<net id="3023"><net_src comp="3015" pin="3"/><net_sink comp="1206" pin=1"/></net>

<net id="3028"><net_src comp="2959" pin="1"/><net_sink comp="3024" pin=0"/></net>

<net id="3029"><net_src comp="2982" pin="3"/><net_sink comp="3024" pin=1"/></net>

<net id="3034"><net_src comp="3024" pin="2"/><net_sink comp="3030" pin=0"/></net>

<net id="3035"><net_src comp="214" pin="0"/><net_sink comp="3030" pin=1"/></net>

<net id="3041"><net_src comp="3030" pin="2"/><net_sink comp="3036" pin=0"/></net>

<net id="3042"><net_src comp="820" pin="3"/><net_sink comp="3036" pin=1"/></net>

<net id="3043"><net_src comp="2963" pin="2"/><net_sink comp="3036" pin=2"/></net>

<net id="3048"><net_src comp="3036" pin="3"/><net_sink comp="3044" pin=0"/></net>

<net id="3049"><net_src comp="2989" pin="1"/><net_sink comp="3044" pin=1"/></net>

<net id="3050"><net_src comp="3044" pin="2"/><net_sink comp="1212" pin=1"/></net>

<net id="3054"><net_src comp="826" pin="3"/><net_sink comp="3051" pin=0"/></net>

<net id="3059"><net_src comp="826" pin="3"/><net_sink comp="3055" pin=0"/></net>

<net id="3060"><net_src comp="216" pin="0"/><net_sink comp="3055" pin=1"/></net>

<net id="3068"><net_src comp="208" pin="0"/><net_sink comp="3064" pin=1"/></net>

<net id="3073"><net_src comp="210" pin="0"/><net_sink comp="3069" pin=1"/></net>

<net id="3079"><net_src comp="3064" pin="2"/><net_sink comp="3074" pin=0"/></net>

<net id="3080"><net_src comp="3069" pin="2"/><net_sink comp="3074" pin=1"/></net>

<net id="3084"><net_src comp="3074" pin="3"/><net_sink comp="3081" pin=0"/></net>

<net id="3089"><net_src comp="3074" pin="3"/><net_sink comp="3085" pin=0"/></net>

<net id="3090"><net_src comp="3051" pin="1"/><net_sink comp="3085" pin=1"/></net>

<net id="3095"><net_src comp="3085" pin="2"/><net_sink comp="3091" pin=0"/></net>

<net id="3096"><net_src comp="208" pin="0"/><net_sink comp="3091" pin=1"/></net>

<net id="3100"><net_src comp="3085" pin="2"/><net_sink comp="3097" pin=0"/></net>

<net id="3105"><net_src comp="3097" pin="1"/><net_sink comp="3101" pin=0"/></net>

<net id="3106"><net_src comp="212" pin="0"/><net_sink comp="3101" pin=1"/></net>

<net id="3112"><net_src comp="3091" pin="2"/><net_sink comp="3107" pin=0"/></net>

<net id="3113"><net_src comp="3101" pin="2"/><net_sink comp="3107" pin=1"/></net>

<net id="3114"><net_src comp="3097" pin="1"/><net_sink comp="3107" pin=2"/></net>

<net id="3115"><net_src comp="3107" pin="3"/><net_sink comp="1218" pin=1"/></net>

<net id="3120"><net_src comp="3051" pin="1"/><net_sink comp="3116" pin=0"/></net>

<net id="3121"><net_src comp="3074" pin="3"/><net_sink comp="3116" pin=1"/></net>

<net id="3126"><net_src comp="3116" pin="2"/><net_sink comp="3122" pin=0"/></net>

<net id="3127"><net_src comp="214" pin="0"/><net_sink comp="3122" pin=1"/></net>

<net id="3133"><net_src comp="3122" pin="2"/><net_sink comp="3128" pin=0"/></net>

<net id="3134"><net_src comp="826" pin="3"/><net_sink comp="3128" pin=1"/></net>

<net id="3135"><net_src comp="3055" pin="2"/><net_sink comp="3128" pin=2"/></net>

<net id="3140"><net_src comp="3128" pin="3"/><net_sink comp="3136" pin=0"/></net>

<net id="3141"><net_src comp="3081" pin="1"/><net_sink comp="3136" pin=1"/></net>

<net id="3142"><net_src comp="3136" pin="2"/><net_sink comp="1224" pin=1"/></net>

<net id="3146"><net_src comp="832" pin="3"/><net_sink comp="3143" pin=0"/></net>

<net id="3151"><net_src comp="832" pin="3"/><net_sink comp="3147" pin=0"/></net>

<net id="3152"><net_src comp="216" pin="0"/><net_sink comp="3147" pin=1"/></net>

<net id="3160"><net_src comp="208" pin="0"/><net_sink comp="3156" pin=1"/></net>

<net id="3165"><net_src comp="210" pin="0"/><net_sink comp="3161" pin=1"/></net>

<net id="3171"><net_src comp="3156" pin="2"/><net_sink comp="3166" pin=0"/></net>

<net id="3172"><net_src comp="3161" pin="2"/><net_sink comp="3166" pin=1"/></net>

<net id="3176"><net_src comp="3166" pin="3"/><net_sink comp="3173" pin=0"/></net>

<net id="3181"><net_src comp="3166" pin="3"/><net_sink comp="3177" pin=0"/></net>

<net id="3182"><net_src comp="3143" pin="1"/><net_sink comp="3177" pin=1"/></net>

<net id="3187"><net_src comp="3177" pin="2"/><net_sink comp="3183" pin=0"/></net>

<net id="3188"><net_src comp="208" pin="0"/><net_sink comp="3183" pin=1"/></net>

<net id="3192"><net_src comp="3177" pin="2"/><net_sink comp="3189" pin=0"/></net>

<net id="3197"><net_src comp="3189" pin="1"/><net_sink comp="3193" pin=0"/></net>

<net id="3198"><net_src comp="212" pin="0"/><net_sink comp="3193" pin=1"/></net>

<net id="3204"><net_src comp="3183" pin="2"/><net_sink comp="3199" pin=0"/></net>

<net id="3205"><net_src comp="3193" pin="2"/><net_sink comp="3199" pin=1"/></net>

<net id="3206"><net_src comp="3189" pin="1"/><net_sink comp="3199" pin=2"/></net>

<net id="3207"><net_src comp="3199" pin="3"/><net_sink comp="1230" pin=1"/></net>

<net id="3212"><net_src comp="3143" pin="1"/><net_sink comp="3208" pin=0"/></net>

<net id="3213"><net_src comp="3166" pin="3"/><net_sink comp="3208" pin=1"/></net>

<net id="3218"><net_src comp="3208" pin="2"/><net_sink comp="3214" pin=0"/></net>

<net id="3219"><net_src comp="214" pin="0"/><net_sink comp="3214" pin=1"/></net>

<net id="3225"><net_src comp="3214" pin="2"/><net_sink comp="3220" pin=0"/></net>

<net id="3226"><net_src comp="832" pin="3"/><net_sink comp="3220" pin=1"/></net>

<net id="3227"><net_src comp="3147" pin="2"/><net_sink comp="3220" pin=2"/></net>

<net id="3232"><net_src comp="3220" pin="3"/><net_sink comp="3228" pin=0"/></net>

<net id="3233"><net_src comp="3173" pin="1"/><net_sink comp="3228" pin=1"/></net>

<net id="3234"><net_src comp="3228" pin="2"/><net_sink comp="1236" pin=1"/></net>

<net id="3238"><net_src comp="838" pin="3"/><net_sink comp="3235" pin=0"/></net>

<net id="3243"><net_src comp="838" pin="3"/><net_sink comp="3239" pin=0"/></net>

<net id="3244"><net_src comp="216" pin="0"/><net_sink comp="3239" pin=1"/></net>

<net id="3252"><net_src comp="208" pin="0"/><net_sink comp="3248" pin=1"/></net>

<net id="3257"><net_src comp="210" pin="0"/><net_sink comp="3253" pin=1"/></net>

<net id="3263"><net_src comp="3248" pin="2"/><net_sink comp="3258" pin=0"/></net>

<net id="3264"><net_src comp="3253" pin="2"/><net_sink comp="3258" pin=1"/></net>

<net id="3268"><net_src comp="3258" pin="3"/><net_sink comp="3265" pin=0"/></net>

<net id="3273"><net_src comp="3258" pin="3"/><net_sink comp="3269" pin=0"/></net>

<net id="3274"><net_src comp="3235" pin="1"/><net_sink comp="3269" pin=1"/></net>

<net id="3279"><net_src comp="3269" pin="2"/><net_sink comp="3275" pin=0"/></net>

<net id="3280"><net_src comp="208" pin="0"/><net_sink comp="3275" pin=1"/></net>

<net id="3284"><net_src comp="3269" pin="2"/><net_sink comp="3281" pin=0"/></net>

<net id="3289"><net_src comp="3281" pin="1"/><net_sink comp="3285" pin=0"/></net>

<net id="3290"><net_src comp="212" pin="0"/><net_sink comp="3285" pin=1"/></net>

<net id="3296"><net_src comp="3275" pin="2"/><net_sink comp="3291" pin=0"/></net>

<net id="3297"><net_src comp="3285" pin="2"/><net_sink comp="3291" pin=1"/></net>

<net id="3298"><net_src comp="3281" pin="1"/><net_sink comp="3291" pin=2"/></net>

<net id="3299"><net_src comp="3291" pin="3"/><net_sink comp="1242" pin=1"/></net>

<net id="3304"><net_src comp="3235" pin="1"/><net_sink comp="3300" pin=0"/></net>

<net id="3305"><net_src comp="3258" pin="3"/><net_sink comp="3300" pin=1"/></net>

<net id="3310"><net_src comp="3300" pin="2"/><net_sink comp="3306" pin=0"/></net>

<net id="3311"><net_src comp="214" pin="0"/><net_sink comp="3306" pin=1"/></net>

<net id="3317"><net_src comp="3306" pin="2"/><net_sink comp="3312" pin=0"/></net>

<net id="3318"><net_src comp="838" pin="3"/><net_sink comp="3312" pin=1"/></net>

<net id="3319"><net_src comp="3239" pin="2"/><net_sink comp="3312" pin=2"/></net>

<net id="3324"><net_src comp="3312" pin="3"/><net_sink comp="3320" pin=0"/></net>

<net id="3325"><net_src comp="3265" pin="1"/><net_sink comp="3320" pin=1"/></net>

<net id="3326"><net_src comp="3320" pin="2"/><net_sink comp="1248" pin=1"/></net>

<net id="3330"><net_src comp="844" pin="3"/><net_sink comp="3327" pin=0"/></net>

<net id="3338"><net_src comp="208" pin="0"/><net_sink comp="3334" pin=1"/></net>

<net id="3343"><net_src comp="210" pin="0"/><net_sink comp="3339" pin=1"/></net>

<net id="3349"><net_src comp="3334" pin="2"/><net_sink comp="3344" pin=0"/></net>

<net id="3350"><net_src comp="3339" pin="2"/><net_sink comp="3344" pin=1"/></net>

<net id="3354"><net_src comp="3344" pin="3"/><net_sink comp="3351" pin=0"/></net>

<net id="3359"><net_src comp="3344" pin="3"/><net_sink comp="3355" pin=0"/></net>

<net id="3360"><net_src comp="3327" pin="1"/><net_sink comp="3355" pin=1"/></net>

<net id="3365"><net_src comp="3355" pin="2"/><net_sink comp="3361" pin=0"/></net>

<net id="3366"><net_src comp="208" pin="0"/><net_sink comp="3361" pin=1"/></net>

<net id="3370"><net_src comp="3355" pin="2"/><net_sink comp="3367" pin=0"/></net>

<net id="3375"><net_src comp="3367" pin="1"/><net_sink comp="3371" pin=0"/></net>

<net id="3376"><net_src comp="212" pin="0"/><net_sink comp="3371" pin=1"/></net>

<net id="3382"><net_src comp="3361" pin="2"/><net_sink comp="3377" pin=0"/></net>

<net id="3383"><net_src comp="3371" pin="2"/><net_sink comp="3377" pin=1"/></net>

<net id="3384"><net_src comp="3367" pin="1"/><net_sink comp="3377" pin=2"/></net>

<net id="3385"><net_src comp="3377" pin="3"/><net_sink comp="1254" pin=1"/></net>

<net id="3390"><net_src comp="3327" pin="1"/><net_sink comp="3386" pin=0"/></net>

<net id="3391"><net_src comp="3344" pin="3"/><net_sink comp="3386" pin=1"/></net>

<net id="3396"><net_src comp="3386" pin="2"/><net_sink comp="3392" pin=0"/></net>

<net id="3397"><net_src comp="214" pin="0"/><net_sink comp="3392" pin=1"/></net>

<net id="3402"><net_src comp="844" pin="3"/><net_sink comp="3398" pin=0"/></net>

<net id="3403"><net_src comp="216" pin="0"/><net_sink comp="3398" pin=1"/></net>

<net id="3409"><net_src comp="3392" pin="2"/><net_sink comp="3404" pin=0"/></net>

<net id="3410"><net_src comp="844" pin="3"/><net_sink comp="3404" pin=1"/></net>

<net id="3411"><net_src comp="3398" pin="2"/><net_sink comp="3404" pin=2"/></net>

<net id="3416"><net_src comp="3404" pin="3"/><net_sink comp="3412" pin=0"/></net>

<net id="3417"><net_src comp="3351" pin="1"/><net_sink comp="3412" pin=1"/></net>

<net id="3418"><net_src comp="3412" pin="2"/><net_sink comp="1260" pin=1"/></net>

<net id="3424"><net_src comp="1733" pin="1"/><net_sink comp="3419" pin=0"/></net>

<net id="3425"><net_src comp="182" pin="0"/><net_sink comp="3419" pin=1"/></net>

<net id="3426"><net_src comp="1951" pin="1"/><net_sink comp="3419" pin=2"/></net>

<net id="3427"><net_src comp="3419" pin="3"/><net_sink comp="1954" pin=0"/></net>

<net id="3428"><net_src comp="3419" pin="3"/><net_sink comp="1959" pin=0"/></net>

<net id="3429"><net_src comp="3419" pin="3"/><net_sink comp="1964" pin=2"/></net>

<net id="3435"><net_src comp="1747" pin="1"/><net_sink comp="3430" pin=0"/></net>

<net id="3436"><net_src comp="182" pin="0"/><net_sink comp="3430" pin=1"/></net>

<net id="3437"><net_src comp="2049" pin="1"/><net_sink comp="3430" pin=2"/></net>

<net id="3438"><net_src comp="3430" pin="3"/><net_sink comp="2052" pin=0"/></net>

<net id="3439"><net_src comp="3430" pin="3"/><net_sink comp="2057" pin=0"/></net>

<net id="3440"><net_src comp="3430" pin="3"/><net_sink comp="2062" pin=2"/></net>

<net id="3446"><net_src comp="1761" pin="1"/><net_sink comp="3441" pin=0"/></net>

<net id="3447"><net_src comp="182" pin="0"/><net_sink comp="3441" pin=1"/></net>

<net id="3448"><net_src comp="2141" pin="1"/><net_sink comp="3441" pin=2"/></net>

<net id="3449"><net_src comp="3441" pin="3"/><net_sink comp="2144" pin=0"/></net>

<net id="3450"><net_src comp="3441" pin="3"/><net_sink comp="2149" pin=0"/></net>

<net id="3451"><net_src comp="3441" pin="3"/><net_sink comp="2154" pin=2"/></net>

<net id="3457"><net_src comp="1775" pin="1"/><net_sink comp="3452" pin=0"/></net>

<net id="3458"><net_src comp="182" pin="0"/><net_sink comp="3452" pin=1"/></net>

<net id="3459"><net_src comp="2233" pin="1"/><net_sink comp="3452" pin=2"/></net>

<net id="3460"><net_src comp="3452" pin="3"/><net_sink comp="2236" pin=0"/></net>

<net id="3461"><net_src comp="3452" pin="3"/><net_sink comp="2241" pin=0"/></net>

<net id="3462"><net_src comp="3452" pin="3"/><net_sink comp="2246" pin=2"/></net>

<net id="3468"><net_src comp="1789" pin="1"/><net_sink comp="3463" pin=0"/></net>

<net id="3469"><net_src comp="182" pin="0"/><net_sink comp="3463" pin=1"/></net>

<net id="3470"><net_src comp="2325" pin="1"/><net_sink comp="3463" pin=2"/></net>

<net id="3471"><net_src comp="3463" pin="3"/><net_sink comp="2328" pin=0"/></net>

<net id="3472"><net_src comp="3463" pin="3"/><net_sink comp="2333" pin=0"/></net>

<net id="3473"><net_src comp="3463" pin="3"/><net_sink comp="2338" pin=2"/></net>

<net id="3479"><net_src comp="1803" pin="1"/><net_sink comp="3474" pin=0"/></net>

<net id="3480"><net_src comp="182" pin="0"/><net_sink comp="3474" pin=1"/></net>

<net id="3481"><net_src comp="2417" pin="1"/><net_sink comp="3474" pin=2"/></net>

<net id="3482"><net_src comp="3474" pin="3"/><net_sink comp="2420" pin=0"/></net>

<net id="3483"><net_src comp="3474" pin="3"/><net_sink comp="2425" pin=0"/></net>

<net id="3484"><net_src comp="3474" pin="3"/><net_sink comp="2430" pin=2"/></net>

<net id="3490"><net_src comp="1817" pin="1"/><net_sink comp="3485" pin=0"/></net>

<net id="3491"><net_src comp="182" pin="0"/><net_sink comp="3485" pin=1"/></net>

<net id="3492"><net_src comp="2509" pin="1"/><net_sink comp="3485" pin=2"/></net>

<net id="3493"><net_src comp="3485" pin="3"/><net_sink comp="2512" pin=0"/></net>

<net id="3494"><net_src comp="3485" pin="3"/><net_sink comp="2517" pin=0"/></net>

<net id="3495"><net_src comp="3485" pin="3"/><net_sink comp="2522" pin=2"/></net>

<net id="3501"><net_src comp="1831" pin="1"/><net_sink comp="3496" pin=0"/></net>

<net id="3502"><net_src comp="182" pin="0"/><net_sink comp="3496" pin=1"/></net>

<net id="3503"><net_src comp="2595" pin="1"/><net_sink comp="3496" pin=2"/></net>

<net id="3504"><net_src comp="3496" pin="3"/><net_sink comp="2598" pin=0"/></net>

<net id="3505"><net_src comp="3496" pin="3"/><net_sink comp="2603" pin=0"/></net>

<net id="3506"><net_src comp="3496" pin="3"/><net_sink comp="2608" pin=2"/></net>

<net id="3512"><net_src comp="1845" pin="1"/><net_sink comp="3507" pin=0"/></net>

<net id="3513"><net_src comp="182" pin="0"/><net_sink comp="3507" pin=1"/></net>

<net id="3514"><net_src comp="2693" pin="1"/><net_sink comp="3507" pin=2"/></net>

<net id="3515"><net_src comp="3507" pin="3"/><net_sink comp="2696" pin=0"/></net>

<net id="3516"><net_src comp="3507" pin="3"/><net_sink comp="2701" pin=0"/></net>

<net id="3517"><net_src comp="3507" pin="3"/><net_sink comp="2706" pin=2"/></net>

<net id="3523"><net_src comp="1859" pin="1"/><net_sink comp="3518" pin=0"/></net>

<net id="3524"><net_src comp="182" pin="0"/><net_sink comp="3518" pin=1"/></net>

<net id="3525"><net_src comp="2785" pin="1"/><net_sink comp="3518" pin=2"/></net>

<net id="3526"><net_src comp="3518" pin="3"/><net_sink comp="2788" pin=0"/></net>

<net id="3527"><net_src comp="3518" pin="3"/><net_sink comp="2793" pin=0"/></net>

<net id="3528"><net_src comp="3518" pin="3"/><net_sink comp="2798" pin=2"/></net>

<net id="3534"><net_src comp="1873" pin="1"/><net_sink comp="3529" pin=0"/></net>

<net id="3535"><net_src comp="182" pin="0"/><net_sink comp="3529" pin=1"/></net>

<net id="3536"><net_src comp="2877" pin="1"/><net_sink comp="3529" pin=2"/></net>

<net id="3537"><net_src comp="3529" pin="3"/><net_sink comp="2880" pin=0"/></net>

<net id="3538"><net_src comp="3529" pin="3"/><net_sink comp="2885" pin=0"/></net>

<net id="3539"><net_src comp="3529" pin="3"/><net_sink comp="2890" pin=2"/></net>

<net id="3545"><net_src comp="1887" pin="1"/><net_sink comp="3540" pin=0"/></net>

<net id="3546"><net_src comp="182" pin="0"/><net_sink comp="3540" pin=1"/></net>

<net id="3547"><net_src comp="2969" pin="1"/><net_sink comp="3540" pin=2"/></net>

<net id="3548"><net_src comp="3540" pin="3"/><net_sink comp="2972" pin=0"/></net>

<net id="3549"><net_src comp="3540" pin="3"/><net_sink comp="2977" pin=0"/></net>

<net id="3550"><net_src comp="3540" pin="3"/><net_sink comp="2982" pin=2"/></net>

<net id="3556"><net_src comp="1901" pin="1"/><net_sink comp="3551" pin=0"/></net>

<net id="3557"><net_src comp="182" pin="0"/><net_sink comp="3551" pin=1"/></net>

<net id="3558"><net_src comp="3061" pin="1"/><net_sink comp="3551" pin=2"/></net>

<net id="3559"><net_src comp="3551" pin="3"/><net_sink comp="3064" pin=0"/></net>

<net id="3560"><net_src comp="3551" pin="3"/><net_sink comp="3069" pin=0"/></net>

<net id="3561"><net_src comp="3551" pin="3"/><net_sink comp="3074" pin=2"/></net>

<net id="3567"><net_src comp="1915" pin="1"/><net_sink comp="3562" pin=0"/></net>

<net id="3568"><net_src comp="182" pin="0"/><net_sink comp="3562" pin=1"/></net>

<net id="3569"><net_src comp="3153" pin="1"/><net_sink comp="3562" pin=2"/></net>

<net id="3570"><net_src comp="3562" pin="3"/><net_sink comp="3156" pin=0"/></net>

<net id="3571"><net_src comp="3562" pin="3"/><net_sink comp="3161" pin=0"/></net>

<net id="3572"><net_src comp="3562" pin="3"/><net_sink comp="3166" pin=2"/></net>

<net id="3578"><net_src comp="1929" pin="1"/><net_sink comp="3573" pin=0"/></net>

<net id="3579"><net_src comp="182" pin="0"/><net_sink comp="3573" pin=1"/></net>

<net id="3580"><net_src comp="3245" pin="1"/><net_sink comp="3573" pin=2"/></net>

<net id="3581"><net_src comp="3573" pin="3"/><net_sink comp="3248" pin=0"/></net>

<net id="3582"><net_src comp="3573" pin="3"/><net_sink comp="3253" pin=0"/></net>

<net id="3583"><net_src comp="3573" pin="3"/><net_sink comp="3258" pin=2"/></net>

<net id="3589"><net_src comp="1943" pin="1"/><net_sink comp="3584" pin=0"/></net>

<net id="3590"><net_src comp="182" pin="0"/><net_sink comp="3584" pin=1"/></net>

<net id="3591"><net_src comp="3331" pin="1"/><net_sink comp="3584" pin=2"/></net>

<net id="3592"><net_src comp="3584" pin="3"/><net_sink comp="3334" pin=0"/></net>

<net id="3593"><net_src comp="3584" pin="3"/><net_sink comp="3339" pin=0"/></net>

<net id="3594"><net_src comp="3584" pin="3"/><net_sink comp="3344" pin=2"/></net>

<net id="3598"><net_src comp="230" pin="1"/><net_sink comp="3595" pin=0"/></net>

<net id="3599"><net_src comp="3595" pin="1"/><net_sink comp="1266" pin=1"/></net>

<net id="3600"><net_src comp="3595" pin="1"/><net_sink comp="1271" pin=0"/></net>

<net id="3601"><net_src comp="3595" pin="1"/><net_sink comp="1358" pin=1"/></net>

<net id="3605"><net_src comp="1274" pin="3"/><net_sink comp="3602" pin=0"/></net>

<net id="3609"><net_src comp="1314" pin="1"/><net_sink comp="3606" pin=0"/></net>

<net id="3610"><net_src comp="3606" pin="1"/><net_sink comp="642" pin=2"/></net>

<net id="3611"><net_src comp="3606" pin="1"/><net_sink comp="655" pin=2"/></net>

<net id="3612"><net_src comp="3606" pin="1"/><net_sink comp="662" pin=2"/></net>

<net id="3613"><net_src comp="3606" pin="1"/><net_sink comp="669" pin=2"/></net>

<net id="3614"><net_src comp="3606" pin="1"/><net_sink comp="676" pin=2"/></net>

<net id="3615"><net_src comp="3606" pin="1"/><net_sink comp="683" pin=2"/></net>

<net id="3616"><net_src comp="3606" pin="1"/><net_sink comp="690" pin=2"/></net>

<net id="3617"><net_src comp="3606" pin="1"/><net_sink comp="697" pin=2"/></net>

<net id="3618"><net_src comp="3606" pin="1"/><net_sink comp="704" pin=2"/></net>

<net id="3619"><net_src comp="3606" pin="1"/><net_sink comp="711" pin=2"/></net>

<net id="3620"><net_src comp="3606" pin="1"/><net_sink comp="718" pin=2"/></net>

<net id="3621"><net_src comp="3606" pin="1"/><net_sink comp="725" pin=2"/></net>

<net id="3622"><net_src comp="3606" pin="1"/><net_sink comp="732" pin=2"/></net>

<net id="3623"><net_src comp="3606" pin="1"/><net_sink comp="739" pin=2"/></net>

<net id="3624"><net_src comp="3606" pin="1"/><net_sink comp="746" pin=2"/></net>

<net id="3625"><net_src comp="3606" pin="1"/><net_sink comp="795" pin=2"/></net>

<net id="3626"><net_src comp="3606" pin="1"/><net_sink comp="850" pin=2"/></net>

<net id="3627"><net_src comp="3606" pin="1"/><net_sink comp="857" pin=2"/></net>

<net id="3628"><net_src comp="3606" pin="1"/><net_sink comp="864" pin=2"/></net>

<net id="3629"><net_src comp="3606" pin="1"/><net_sink comp="871" pin=2"/></net>

<net id="3630"><net_src comp="3606" pin="1"/><net_sink comp="878" pin=2"/></net>

<net id="3631"><net_src comp="3606" pin="1"/><net_sink comp="885" pin=2"/></net>

<net id="3632"><net_src comp="3606" pin="1"/><net_sink comp="892" pin=2"/></net>

<net id="3633"><net_src comp="3606" pin="1"/><net_sink comp="899" pin=2"/></net>

<net id="3634"><net_src comp="3606" pin="1"/><net_sink comp="906" pin=2"/></net>

<net id="3635"><net_src comp="3606" pin="1"/><net_sink comp="913" pin=2"/></net>

<net id="3636"><net_src comp="3606" pin="1"/><net_sink comp="920" pin=2"/></net>

<net id="3637"><net_src comp="3606" pin="1"/><net_sink comp="927" pin=2"/></net>

<net id="3638"><net_src comp="3606" pin="1"/><net_sink comp="934" pin=2"/></net>

<net id="3639"><net_src comp="3606" pin="1"/><net_sink comp="941" pin=2"/></net>

<net id="3640"><net_src comp="3606" pin="1"/><net_sink comp="948" pin=2"/></net>

<net id="3641"><net_src comp="3606" pin="1"/><net_sink comp="955" pin=2"/></net>

<net id="3642"><net_src comp="3606" pin="1"/><net_sink comp="962" pin=2"/></net>

<net id="3643"><net_src comp="3606" pin="1"/><net_sink comp="969" pin=2"/></net>

<net id="3644"><net_src comp="3606" pin="1"/><net_sink comp="976" pin=2"/></net>

<net id="3645"><net_src comp="3606" pin="1"/><net_sink comp="983" pin=2"/></net>

<net id="3646"><net_src comp="3606" pin="1"/><net_sink comp="990" pin=2"/></net>

<net id="3647"><net_src comp="3606" pin="1"/><net_sink comp="997" pin=2"/></net>

<net id="3648"><net_src comp="3606" pin="1"/><net_sink comp="1004" pin=2"/></net>

<net id="3649"><net_src comp="3606" pin="1"/><net_sink comp="1011" pin=2"/></net>

<net id="3650"><net_src comp="3606" pin="1"/><net_sink comp="1018" pin=2"/></net>

<net id="3651"><net_src comp="3606" pin="1"/><net_sink comp="1025" pin=2"/></net>

<net id="3652"><net_src comp="3606" pin="1"/><net_sink comp="1032" pin=2"/></net>

<net id="3653"><net_src comp="3606" pin="1"/><net_sink comp="1039" pin=2"/></net>

<net id="3654"><net_src comp="3606" pin="1"/><net_sink comp="1046" pin=2"/></net>

<net id="3655"><net_src comp="3606" pin="1"/><net_sink comp="1053" pin=2"/></net>

<net id="3656"><net_src comp="3606" pin="1"/><net_sink comp="1156" pin=2"/></net>

<net id="3657"><net_src comp="3606" pin="1"/><net_sink comp="1163" pin=2"/></net>

<net id="3661"><net_src comp="234" pin="3"/><net_sink comp="3658" pin=0"/></net>

<net id="3662"><net_src comp="3658" pin="1"/><net_sink comp="241" pin=2"/></net>

<net id="3666"><net_src comp="251" pin="3"/><net_sink comp="3663" pin=0"/></net>

<net id="3667"><net_src comp="3663" pin="1"/><net_sink comp="258" pin=2"/></net>

<net id="3671"><net_src comp="268" pin="3"/><net_sink comp="3668" pin=0"/></net>

<net id="3672"><net_src comp="3668" pin="1"/><net_sink comp="275" pin=0"/></net>

<net id="3676"><net_src comp="281" pin="3"/><net_sink comp="3673" pin=0"/></net>

<net id="3677"><net_src comp="3673" pin="1"/><net_sink comp="594" pin=0"/></net>

<net id="3681"><net_src comp="288" pin="3"/><net_sink comp="3678" pin=0"/></net>

<net id="3682"><net_src comp="3678" pin="1"/><net_sink comp="295" pin=2"/></net>

<net id="3686"><net_src comp="305" pin="3"/><net_sink comp="3683" pin=0"/></net>

<net id="3687"><net_src comp="3683" pin="1"/><net_sink comp="312" pin=2"/></net>

<net id="3691"><net_src comp="322" pin="3"/><net_sink comp="3688" pin=0"/></net>

<net id="3692"><net_src comp="3688" pin="1"/><net_sink comp="545" pin=0"/></net>

<net id="3696"><net_src comp="329" pin="3"/><net_sink comp="3693" pin=0"/></net>

<net id="3697"><net_src comp="3693" pin="1"/><net_sink comp="600" pin=0"/></net>

<net id="3701"><net_src comp="336" pin="3"/><net_sink comp="3698" pin=0"/></net>

<net id="3702"><net_src comp="3698" pin="1"/><net_sink comp="343" pin=2"/></net>

<net id="3706"><net_src comp="353" pin="3"/><net_sink comp="3703" pin=0"/></net>

<net id="3707"><net_src comp="3703" pin="1"/><net_sink comp="360" pin=2"/></net>

<net id="3711"><net_src comp="370" pin="3"/><net_sink comp="3708" pin=0"/></net>

<net id="3712"><net_src comp="3708" pin="1"/><net_sink comp="551" pin=0"/></net>

<net id="3716"><net_src comp="377" pin="3"/><net_sink comp="3713" pin=0"/></net>

<net id="3717"><net_src comp="3713" pin="1"/><net_sink comp="606" pin=0"/></net>

<net id="3721"><net_src comp="384" pin="3"/><net_sink comp="3718" pin=0"/></net>

<net id="3722"><net_src comp="3718" pin="1"/><net_sink comp="391" pin=2"/></net>

<net id="3726"><net_src comp="401" pin="3"/><net_sink comp="3723" pin=0"/></net>

<net id="3727"><net_src comp="3723" pin="1"/><net_sink comp="408" pin=2"/></net>

<net id="3731"><net_src comp="418" pin="3"/><net_sink comp="3728" pin=0"/></net>

<net id="3732"><net_src comp="3728" pin="1"/><net_sink comp="557" pin=0"/></net>

<net id="3736"><net_src comp="425" pin="3"/><net_sink comp="3733" pin=0"/></net>

<net id="3737"><net_src comp="3733" pin="1"/><net_sink comp="612" pin=0"/></net>

<net id="3741"><net_src comp="432" pin="3"/><net_sink comp="3738" pin=0"/></net>

<net id="3742"><net_src comp="3738" pin="1"/><net_sink comp="241" pin=0"/></net>

<net id="3746"><net_src comp="440" pin="3"/><net_sink comp="3743" pin=0"/></net>

<net id="3747"><net_src comp="3743" pin="1"/><net_sink comp="258" pin=0"/></net>

<net id="3751"><net_src comp="448" pin="3"/><net_sink comp="3748" pin=0"/></net>

<net id="3752"><net_src comp="3748" pin="1"/><net_sink comp="563" pin=0"/></net>

<net id="3756"><net_src comp="455" pin="3"/><net_sink comp="3753" pin=0"/></net>

<net id="3757"><net_src comp="3753" pin="1"/><net_sink comp="618" pin=0"/></net>

<net id="3761"><net_src comp="462" pin="3"/><net_sink comp="3758" pin=0"/></net>

<net id="3762"><net_src comp="3758" pin="1"/><net_sink comp="295" pin=0"/></net>

<net id="3766"><net_src comp="470" pin="3"/><net_sink comp="3763" pin=0"/></net>

<net id="3767"><net_src comp="3763" pin="1"/><net_sink comp="312" pin=0"/></net>

<net id="3771"><net_src comp="478" pin="3"/><net_sink comp="3768" pin=0"/></net>

<net id="3772"><net_src comp="3768" pin="1"/><net_sink comp="569" pin=0"/></net>

<net id="3776"><net_src comp="485" pin="3"/><net_sink comp="3773" pin=0"/></net>

<net id="3777"><net_src comp="3773" pin="1"/><net_sink comp="624" pin=0"/></net>

<net id="3781"><net_src comp="492" pin="3"/><net_sink comp="3778" pin=0"/></net>

<net id="3782"><net_src comp="3778" pin="1"/><net_sink comp="343" pin=0"/></net>

<net id="3786"><net_src comp="500" pin="3"/><net_sink comp="3783" pin=0"/></net>

<net id="3787"><net_src comp="3783" pin="1"/><net_sink comp="360" pin=0"/></net>

<net id="3791"><net_src comp="508" pin="3"/><net_sink comp="3788" pin=0"/></net>

<net id="3792"><net_src comp="3788" pin="1"/><net_sink comp="575" pin=0"/></net>

<net id="3796"><net_src comp="515" pin="3"/><net_sink comp="3793" pin=0"/></net>

<net id="3797"><net_src comp="3793" pin="1"/><net_sink comp="630" pin=0"/></net>

<net id="3801"><net_src comp="522" pin="3"/><net_sink comp="3798" pin=0"/></net>

<net id="3802"><net_src comp="3798" pin="1"/><net_sink comp="391" pin=0"/></net>

<net id="3806"><net_src comp="530" pin="3"/><net_sink comp="3803" pin=0"/></net>

<net id="3807"><net_src comp="3803" pin="1"/><net_sink comp="408" pin=0"/></net>

<net id="3811"><net_src comp="538" pin="3"/><net_sink comp="3808" pin=0"/></net>

<net id="3812"><net_src comp="3808" pin="1"/><net_sink comp="581" pin=0"/></net>

<net id="3816"><net_src comp="587" pin="3"/><net_sink comp="3813" pin=0"/></net>

<net id="3817"><net_src comp="3813" pin="1"/><net_sink comp="636" pin=0"/></net>

<net id="3821"><net_src comp="241" pin="7"/><net_sink comp="3818" pin=0"/></net>

<net id="3822"><net_src comp="3818" pin="1"/><net_sink comp="1555" pin=0"/></net>

<net id="3826"><net_src comp="275" pin="3"/><net_sink comp="3823" pin=0"/></net>

<net id="3827"><net_src comp="3823" pin="1"/><net_sink comp="1558" pin=0"/></net>

<net id="3831"><net_src comp="1363" pin="1"/><net_sink comp="3828" pin=0"/></net>

<net id="3832"><net_src comp="3828" pin="1"/><net_sink comp="1371" pin=1"/></net>

<net id="3836"><net_src comp="1367" pin="1"/><net_sink comp="3833" pin=0"/></net>

<net id="3837"><net_src comp="3833" pin="1"/><net_sink comp="1371" pin=0"/></net>

<net id="3838"><net_src comp="3833" pin="1"/><net_sink comp="1479" pin=0"/></net>

<net id="3842"><net_src comp="295" pin="7"/><net_sink comp="3839" pin=0"/></net>

<net id="3843"><net_src comp="3839" pin="1"/><net_sink comp="1567" pin=0"/></net>

<net id="3847"><net_src comp="1377" pin="1"/><net_sink comp="3844" pin=0"/></net>

<net id="3848"><net_src comp="3844" pin="1"/><net_sink comp="1405" pin=0"/></net>

<net id="3849"><net_src comp="3844" pin="1"/><net_sink comp="1489" pin=0"/></net>

<net id="3853"><net_src comp="343" pin="7"/><net_sink comp="3850" pin=0"/></net>

<net id="3854"><net_src comp="3850" pin="1"/><net_sink comp="1570" pin=0"/></net>

<net id="3858"><net_src comp="1381" pin="1"/><net_sink comp="3855" pin=0"/></net>

<net id="3859"><net_src comp="3855" pin="1"/><net_sink comp="1415" pin=0"/></net>

<net id="3860"><net_src comp="3855" pin="1"/><net_sink comp="1499" pin=0"/></net>

<net id="3864"><net_src comp="391" pin="7"/><net_sink comp="3861" pin=0"/></net>

<net id="3865"><net_src comp="3861" pin="1"/><net_sink comp="1573" pin=0"/></net>

<net id="3869"><net_src comp="1385" pin="1"/><net_sink comp="3866" pin=0"/></net>

<net id="3870"><net_src comp="3866" pin="1"/><net_sink comp="1425" pin=0"/></net>

<net id="3871"><net_src comp="3866" pin="1"/><net_sink comp="1509" pin=0"/></net>

<net id="3875"><net_src comp="241" pin="3"/><net_sink comp="3872" pin=0"/></net>

<net id="3876"><net_src comp="3872" pin="1"/><net_sink comp="1576" pin=0"/></net>

<net id="3880"><net_src comp="1389" pin="1"/><net_sink comp="3877" pin=0"/></net>

<net id="3881"><net_src comp="3877" pin="1"/><net_sink comp="1435" pin=0"/></net>

<net id="3882"><net_src comp="3877" pin="1"/><net_sink comp="1519" pin=0"/></net>

<net id="3886"><net_src comp="295" pin="3"/><net_sink comp="3883" pin=0"/></net>

<net id="3887"><net_src comp="3883" pin="1"/><net_sink comp="1579" pin=0"/></net>

<net id="3891"><net_src comp="1393" pin="1"/><net_sink comp="3888" pin=0"/></net>

<net id="3892"><net_src comp="3888" pin="1"/><net_sink comp="1445" pin=0"/></net>

<net id="3893"><net_src comp="3888" pin="1"/><net_sink comp="1529" pin=0"/></net>

<net id="3897"><net_src comp="343" pin="3"/><net_sink comp="3894" pin=0"/></net>

<net id="3898"><net_src comp="3894" pin="1"/><net_sink comp="1582" pin=0"/></net>

<net id="3902"><net_src comp="1397" pin="1"/><net_sink comp="3899" pin=0"/></net>

<net id="3903"><net_src comp="3899" pin="1"/><net_sink comp="1455" pin=0"/></net>

<net id="3904"><net_src comp="3899" pin="1"/><net_sink comp="1539" pin=0"/></net>

<net id="3908"><net_src comp="391" pin="3"/><net_sink comp="3905" pin=0"/></net>

<net id="3909"><net_src comp="3905" pin="1"/><net_sink comp="1585" pin=0"/></net>

<net id="3913"><net_src comp="545" pin="3"/><net_sink comp="3910" pin=0"/></net>

<net id="3914"><net_src comp="3910" pin="1"/><net_sink comp="1588" pin=0"/></net>

<net id="3918"><net_src comp="1401" pin="1"/><net_sink comp="3915" pin=0"/></net>

<net id="3919"><net_src comp="3915" pin="1"/><net_sink comp="1405" pin=1"/></net>

<net id="3923"><net_src comp="551" pin="3"/><net_sink comp="3920" pin=0"/></net>

<net id="3924"><net_src comp="3920" pin="1"/><net_sink comp="1597" pin=0"/></net>

<net id="3928"><net_src comp="1411" pin="1"/><net_sink comp="3925" pin=0"/></net>

<net id="3929"><net_src comp="3925" pin="1"/><net_sink comp="1415" pin=1"/></net>

<net id="3933"><net_src comp="557" pin="3"/><net_sink comp="3930" pin=0"/></net>

<net id="3934"><net_src comp="3930" pin="1"/><net_sink comp="1606" pin=0"/></net>

<net id="3938"><net_src comp="1421" pin="1"/><net_sink comp="3935" pin=0"/></net>

<net id="3939"><net_src comp="3935" pin="1"/><net_sink comp="1425" pin=1"/></net>

<net id="3943"><net_src comp="563" pin="3"/><net_sink comp="3940" pin=0"/></net>

<net id="3944"><net_src comp="3940" pin="1"/><net_sink comp="1615" pin=0"/></net>

<net id="3948"><net_src comp="1431" pin="1"/><net_sink comp="3945" pin=0"/></net>

<net id="3949"><net_src comp="3945" pin="1"/><net_sink comp="1435" pin=1"/></net>

<net id="3953"><net_src comp="569" pin="3"/><net_sink comp="3950" pin=0"/></net>

<net id="3954"><net_src comp="3950" pin="1"/><net_sink comp="1624" pin=0"/></net>

<net id="3958"><net_src comp="1441" pin="1"/><net_sink comp="3955" pin=0"/></net>

<net id="3959"><net_src comp="3955" pin="1"/><net_sink comp="1445" pin=1"/></net>

<net id="3963"><net_src comp="575" pin="3"/><net_sink comp="3960" pin=0"/></net>

<net id="3964"><net_src comp="3960" pin="1"/><net_sink comp="1633" pin=0"/></net>

<net id="3968"><net_src comp="1451" pin="1"/><net_sink comp="3965" pin=0"/></net>

<net id="3969"><net_src comp="3965" pin="1"/><net_sink comp="1455" pin=1"/></net>

<net id="3973"><net_src comp="581" pin="3"/><net_sink comp="3970" pin=0"/></net>

<net id="3974"><net_src comp="3970" pin="1"/><net_sink comp="1642" pin=0"/></net>

<net id="3978"><net_src comp="1461" pin="1"/><net_sink comp="3975" pin=0"/></net>

<net id="3979"><net_src comp="3975" pin="1"/><net_sink comp="1469" pin=1"/></net>

<net id="3983"><net_src comp="1465" pin="1"/><net_sink comp="3980" pin=0"/></net>

<net id="3984"><net_src comp="3980" pin="1"/><net_sink comp="1469" pin=0"/></net>

<net id="3985"><net_src comp="3980" pin="1"/><net_sink comp="1549" pin=0"/></net>

<net id="3989"><net_src comp="594" pin="3"/><net_sink comp="3986" pin=0"/></net>

<net id="3990"><net_src comp="3986" pin="1"/><net_sink comp="1651" pin=0"/></net>

<net id="3994"><net_src comp="1475" pin="1"/><net_sink comp="3991" pin=0"/></net>

<net id="3995"><net_src comp="3991" pin="1"/><net_sink comp="1479" pin=1"/></net>

<net id="3999"><net_src comp="600" pin="3"/><net_sink comp="3996" pin=0"/></net>

<net id="4000"><net_src comp="3996" pin="1"/><net_sink comp="1660" pin=0"/></net>

<net id="4004"><net_src comp="1485" pin="1"/><net_sink comp="4001" pin=0"/></net>

<net id="4005"><net_src comp="4001" pin="1"/><net_sink comp="1489" pin=1"/></net>

<net id="4009"><net_src comp="606" pin="3"/><net_sink comp="4006" pin=0"/></net>

<net id="4010"><net_src comp="4006" pin="1"/><net_sink comp="1669" pin=0"/></net>

<net id="4014"><net_src comp="1495" pin="1"/><net_sink comp="4011" pin=0"/></net>

<net id="4015"><net_src comp="4011" pin="1"/><net_sink comp="1499" pin=1"/></net>

<net id="4019"><net_src comp="612" pin="3"/><net_sink comp="4016" pin=0"/></net>

<net id="4020"><net_src comp="4016" pin="1"/><net_sink comp="1678" pin=0"/></net>

<net id="4024"><net_src comp="1505" pin="1"/><net_sink comp="4021" pin=0"/></net>

<net id="4025"><net_src comp="4021" pin="1"/><net_sink comp="1509" pin=1"/></net>

<net id="4029"><net_src comp="618" pin="3"/><net_sink comp="4026" pin=0"/></net>

<net id="4030"><net_src comp="4026" pin="1"/><net_sink comp="1687" pin=0"/></net>

<net id="4034"><net_src comp="1515" pin="1"/><net_sink comp="4031" pin=0"/></net>

<net id="4035"><net_src comp="4031" pin="1"/><net_sink comp="1519" pin=1"/></net>

<net id="4039"><net_src comp="624" pin="3"/><net_sink comp="4036" pin=0"/></net>

<net id="4040"><net_src comp="4036" pin="1"/><net_sink comp="1696" pin=0"/></net>

<net id="4044"><net_src comp="1525" pin="1"/><net_sink comp="4041" pin=0"/></net>

<net id="4045"><net_src comp="4041" pin="1"/><net_sink comp="1529" pin=1"/></net>

<net id="4049"><net_src comp="630" pin="3"/><net_sink comp="4046" pin=0"/></net>

<net id="4050"><net_src comp="4046" pin="1"/><net_sink comp="1705" pin=0"/></net>

<net id="4054"><net_src comp="1535" pin="1"/><net_sink comp="4051" pin=0"/></net>

<net id="4055"><net_src comp="4051" pin="1"/><net_sink comp="1539" pin=1"/></net>

<net id="4059"><net_src comp="636" pin="3"/><net_sink comp="4056" pin=0"/></net>

<net id="4060"><net_src comp="4056" pin="1"/><net_sink comp="1714" pin=0"/></net>

<net id="4064"><net_src comp="1545" pin="1"/><net_sink comp="4061" pin=0"/></net>

<net id="4065"><net_src comp="4061" pin="1"/><net_sink comp="1549" pin=1"/></net>

<net id="4069"><net_src comp="1555" pin="1"/><net_sink comp="4066" pin=0"/></net>

<net id="4070"><net_src comp="4066" pin="1"/><net_sink comp="1561" pin=1"/></net>

<net id="4071"><net_src comp="4066" pin="1"/><net_sink comp="1654" pin=1"/></net>

<net id="4075"><net_src comp="1558" pin="1"/><net_sink comp="4072" pin=0"/></net>

<net id="4076"><net_src comp="4072" pin="1"/><net_sink comp="1561" pin=0"/></net>

<net id="4080"><net_src comp="1567" pin="1"/><net_sink comp="4077" pin=0"/></net>

<net id="4081"><net_src comp="4077" pin="1"/><net_sink comp="1591" pin=1"/></net>

<net id="4082"><net_src comp="4077" pin="1"/><net_sink comp="1663" pin=1"/></net>

<net id="4086"><net_src comp="1570" pin="1"/><net_sink comp="4083" pin=0"/></net>

<net id="4087"><net_src comp="4083" pin="1"/><net_sink comp="1600" pin=1"/></net>

<net id="4088"><net_src comp="4083" pin="1"/><net_sink comp="1672" pin=1"/></net>

<net id="4092"><net_src comp="1573" pin="1"/><net_sink comp="4089" pin=0"/></net>

<net id="4093"><net_src comp="4089" pin="1"/><net_sink comp="1609" pin=1"/></net>

<net id="4094"><net_src comp="4089" pin="1"/><net_sink comp="1681" pin=1"/></net>

<net id="4098"><net_src comp="1576" pin="1"/><net_sink comp="4095" pin=0"/></net>

<net id="4099"><net_src comp="4095" pin="1"/><net_sink comp="1618" pin=1"/></net>

<net id="4100"><net_src comp="4095" pin="1"/><net_sink comp="1690" pin=1"/></net>

<net id="4104"><net_src comp="1579" pin="1"/><net_sink comp="4101" pin=0"/></net>

<net id="4105"><net_src comp="4101" pin="1"/><net_sink comp="1627" pin=1"/></net>

<net id="4106"><net_src comp="4101" pin="1"/><net_sink comp="1699" pin=1"/></net>

<net id="4110"><net_src comp="1582" pin="1"/><net_sink comp="4107" pin=0"/></net>

<net id="4111"><net_src comp="4107" pin="1"/><net_sink comp="1636" pin=1"/></net>

<net id="4112"><net_src comp="4107" pin="1"/><net_sink comp="1708" pin=1"/></net>

<net id="4116"><net_src comp="1585" pin="1"/><net_sink comp="4113" pin=0"/></net>

<net id="4117"><net_src comp="4113" pin="1"/><net_sink comp="1645" pin=1"/></net>

<net id="4118"><net_src comp="4113" pin="1"/><net_sink comp="1717" pin=1"/></net>

<net id="4122"><net_src comp="1588" pin="1"/><net_sink comp="4119" pin=0"/></net>

<net id="4123"><net_src comp="4119" pin="1"/><net_sink comp="1591" pin=0"/></net>

<net id="4127"><net_src comp="1597" pin="1"/><net_sink comp="4124" pin=0"/></net>

<net id="4128"><net_src comp="4124" pin="1"/><net_sink comp="1600" pin=0"/></net>

<net id="4132"><net_src comp="1606" pin="1"/><net_sink comp="4129" pin=0"/></net>

<net id="4133"><net_src comp="4129" pin="1"/><net_sink comp="1609" pin=0"/></net>

<net id="4137"><net_src comp="1615" pin="1"/><net_sink comp="4134" pin=0"/></net>

<net id="4138"><net_src comp="4134" pin="1"/><net_sink comp="1618" pin=0"/></net>

<net id="4142"><net_src comp="1624" pin="1"/><net_sink comp="4139" pin=0"/></net>

<net id="4143"><net_src comp="4139" pin="1"/><net_sink comp="1627" pin=0"/></net>

<net id="4147"><net_src comp="1633" pin="1"/><net_sink comp="4144" pin=0"/></net>

<net id="4148"><net_src comp="4144" pin="1"/><net_sink comp="1636" pin=0"/></net>

<net id="4152"><net_src comp="1642" pin="1"/><net_sink comp="4149" pin=0"/></net>

<net id="4153"><net_src comp="4149" pin="1"/><net_sink comp="1645" pin=0"/></net>

<net id="4157"><net_src comp="1651" pin="1"/><net_sink comp="4154" pin=0"/></net>

<net id="4158"><net_src comp="4154" pin="1"/><net_sink comp="1654" pin=0"/></net>

<net id="4162"><net_src comp="1660" pin="1"/><net_sink comp="4159" pin=0"/></net>

<net id="4163"><net_src comp="4159" pin="1"/><net_sink comp="1663" pin=0"/></net>

<net id="4167"><net_src comp="1669" pin="1"/><net_sink comp="4164" pin=0"/></net>

<net id="4168"><net_src comp="4164" pin="1"/><net_sink comp="1672" pin=0"/></net>

<net id="4172"><net_src comp="1678" pin="1"/><net_sink comp="4169" pin=0"/></net>

<net id="4173"><net_src comp="4169" pin="1"/><net_sink comp="1681" pin=0"/></net>

<net id="4177"><net_src comp="1687" pin="1"/><net_sink comp="4174" pin=0"/></net>

<net id="4178"><net_src comp="4174" pin="1"/><net_sink comp="1690" pin=0"/></net>

<net id="4182"><net_src comp="1696" pin="1"/><net_sink comp="4179" pin=0"/></net>

<net id="4183"><net_src comp="4179" pin="1"/><net_sink comp="1699" pin=0"/></net>

<net id="4187"><net_src comp="1705" pin="1"/><net_sink comp="4184" pin=0"/></net>

<net id="4188"><net_src comp="4184" pin="1"/><net_sink comp="1708" pin=0"/></net>

<net id="4192"><net_src comp="1714" pin="1"/><net_sink comp="4189" pin=0"/></net>

<net id="4193"><net_src comp="4189" pin="1"/><net_sink comp="1717" pin=0"/></net>

<net id="4197"><net_src comp="1733" pin="1"/><net_sink comp="4194" pin=0"/></net>

<net id="4198"><net_src comp="4194" pin="1"/><net_sink comp="3419" pin=0"/></net>

<net id="4202"><net_src comp="1747" pin="1"/><net_sink comp="4199" pin=0"/></net>

<net id="4203"><net_src comp="4199" pin="1"/><net_sink comp="3430" pin=0"/></net>

<net id="4207"><net_src comp="1761" pin="1"/><net_sink comp="4204" pin=0"/></net>

<net id="4208"><net_src comp="4204" pin="1"/><net_sink comp="3441" pin=0"/></net>

<net id="4212"><net_src comp="1775" pin="1"/><net_sink comp="4209" pin=0"/></net>

<net id="4213"><net_src comp="4209" pin="1"/><net_sink comp="3452" pin=0"/></net>

<net id="4217"><net_src comp="1789" pin="1"/><net_sink comp="4214" pin=0"/></net>

<net id="4218"><net_src comp="4214" pin="1"/><net_sink comp="3463" pin=0"/></net>

<net id="4222"><net_src comp="1803" pin="1"/><net_sink comp="4219" pin=0"/></net>

<net id="4223"><net_src comp="4219" pin="1"/><net_sink comp="3474" pin=0"/></net>

<net id="4227"><net_src comp="1817" pin="1"/><net_sink comp="4224" pin=0"/></net>

<net id="4228"><net_src comp="4224" pin="1"/><net_sink comp="3485" pin=0"/></net>

<net id="4232"><net_src comp="1831" pin="1"/><net_sink comp="4229" pin=0"/></net>

<net id="4233"><net_src comp="4229" pin="1"/><net_sink comp="3496" pin=0"/></net>

<net id="4237"><net_src comp="1845" pin="1"/><net_sink comp="4234" pin=0"/></net>

<net id="4238"><net_src comp="4234" pin="1"/><net_sink comp="3507" pin=0"/></net>

<net id="4242"><net_src comp="1859" pin="1"/><net_sink comp="4239" pin=0"/></net>

<net id="4243"><net_src comp="4239" pin="1"/><net_sink comp="3518" pin=0"/></net>

<net id="4247"><net_src comp="1873" pin="1"/><net_sink comp="4244" pin=0"/></net>

<net id="4248"><net_src comp="4244" pin="1"/><net_sink comp="3529" pin=0"/></net>

<net id="4252"><net_src comp="1887" pin="1"/><net_sink comp="4249" pin=0"/></net>

<net id="4253"><net_src comp="4249" pin="1"/><net_sink comp="3540" pin=0"/></net>

<net id="4257"><net_src comp="1901" pin="1"/><net_sink comp="4254" pin=0"/></net>

<net id="4258"><net_src comp="4254" pin="1"/><net_sink comp="3551" pin=0"/></net>

<net id="4262"><net_src comp="1915" pin="1"/><net_sink comp="4259" pin=0"/></net>

<net id="4263"><net_src comp="4259" pin="1"/><net_sink comp="3562" pin=0"/></net>

<net id="4267"><net_src comp="1929" pin="1"/><net_sink comp="4264" pin=0"/></net>

<net id="4268"><net_src comp="4264" pin="1"/><net_sink comp="3573" pin=0"/></net>

<net id="4272"><net_src comp="1943" pin="1"/><net_sink comp="4269" pin=0"/></net>

<net id="4273"><net_src comp="4269" pin="1"/><net_sink comp="3584" pin=0"/></net>

<net id="4277"><net_src comp="642" pin="3"/><net_sink comp="4274" pin=0"/></net>

<net id="4278"><net_src comp="4274" pin="1"/><net_sink comp="649" pin=0"/></net>

<net id="4282"><net_src comp="1561" pin="2"/><net_sink comp="4279" pin=0"/></net>

<net id="4283"><net_src comp="4279" pin="1"/><net_sink comp="1951" pin=0"/></net>

<net id="4287"><net_src comp="655" pin="3"/><net_sink comp="4284" pin=0"/></net>

<net id="4288"><net_src comp="4284" pin="1"/><net_sink comp="802" pin=0"/></net>

<net id="4292"><net_src comp="662" pin="3"/><net_sink comp="4289" pin=0"/></net>

<net id="4293"><net_src comp="4289" pin="1"/><net_sink comp="753" pin=0"/></net>

<net id="4297"><net_src comp="669" pin="3"/><net_sink comp="4294" pin=0"/></net>

<net id="4298"><net_src comp="4294" pin="1"/><net_sink comp="808" pin=0"/></net>

<net id="4302"><net_src comp="676" pin="3"/><net_sink comp="4299" pin=0"/></net>

<net id="4303"><net_src comp="4299" pin="1"/><net_sink comp="759" pin=0"/></net>

<net id="4307"><net_src comp="683" pin="3"/><net_sink comp="4304" pin=0"/></net>

<net id="4308"><net_src comp="4304" pin="1"/><net_sink comp="814" pin=0"/></net>

<net id="4312"><net_src comp="690" pin="3"/><net_sink comp="4309" pin=0"/></net>

<net id="4313"><net_src comp="4309" pin="1"/><net_sink comp="765" pin=0"/></net>

<net id="4317"><net_src comp="697" pin="3"/><net_sink comp="4314" pin=0"/></net>

<net id="4318"><net_src comp="4314" pin="1"/><net_sink comp="820" pin=0"/></net>

<net id="4322"><net_src comp="704" pin="3"/><net_sink comp="4319" pin=0"/></net>

<net id="4323"><net_src comp="4319" pin="1"/><net_sink comp="771" pin=0"/></net>

<net id="4327"><net_src comp="711" pin="3"/><net_sink comp="4324" pin=0"/></net>

<net id="4328"><net_src comp="4324" pin="1"/><net_sink comp="826" pin=0"/></net>

<net id="4332"><net_src comp="718" pin="3"/><net_sink comp="4329" pin=0"/></net>

<net id="4333"><net_src comp="4329" pin="1"/><net_sink comp="777" pin=0"/></net>

<net id="4337"><net_src comp="725" pin="3"/><net_sink comp="4334" pin=0"/></net>

<net id="4338"><net_src comp="4334" pin="1"/><net_sink comp="832" pin=0"/></net>

<net id="4342"><net_src comp="732" pin="3"/><net_sink comp="4339" pin=0"/></net>

<net id="4343"><net_src comp="4339" pin="1"/><net_sink comp="783" pin=0"/></net>

<net id="4347"><net_src comp="739" pin="3"/><net_sink comp="4344" pin=0"/></net>

<net id="4348"><net_src comp="4344" pin="1"/><net_sink comp="838" pin=0"/></net>

<net id="4352"><net_src comp="746" pin="3"/><net_sink comp="4349" pin=0"/></net>

<net id="4353"><net_src comp="4349" pin="1"/><net_sink comp="789" pin=0"/></net>

<net id="4357"><net_src comp="1591" pin="2"/><net_sink comp="4354" pin=0"/></net>

<net id="4358"><net_src comp="4354" pin="1"/><net_sink comp="2049" pin=0"/></net>

<net id="4362"><net_src comp="1600" pin="2"/><net_sink comp="4359" pin=0"/></net>

<net id="4363"><net_src comp="4359" pin="1"/><net_sink comp="2141" pin=0"/></net>

<net id="4367"><net_src comp="1609" pin="2"/><net_sink comp="4364" pin=0"/></net>

<net id="4368"><net_src comp="4364" pin="1"/><net_sink comp="2233" pin=0"/></net>

<net id="4372"><net_src comp="1618" pin="2"/><net_sink comp="4369" pin=0"/></net>

<net id="4373"><net_src comp="4369" pin="1"/><net_sink comp="2325" pin=0"/></net>

<net id="4377"><net_src comp="1627" pin="2"/><net_sink comp="4374" pin=0"/></net>

<net id="4378"><net_src comp="4374" pin="1"/><net_sink comp="2417" pin=0"/></net>

<net id="4382"><net_src comp="1636" pin="2"/><net_sink comp="4379" pin=0"/></net>

<net id="4383"><net_src comp="4379" pin="1"/><net_sink comp="2509" pin=0"/></net>

<net id="4387"><net_src comp="1645" pin="2"/><net_sink comp="4384" pin=0"/></net>

<net id="4388"><net_src comp="4384" pin="1"/><net_sink comp="2595" pin=0"/></net>

<net id="4392"><net_src comp="795" pin="3"/><net_sink comp="4389" pin=0"/></net>

<net id="4393"><net_src comp="4389" pin="1"/><net_sink comp="844" pin=0"/></net>

<net id="4397"><net_src comp="1654" pin="2"/><net_sink comp="4394" pin=0"/></net>

<net id="4398"><net_src comp="4394" pin="1"/><net_sink comp="2693" pin=0"/></net>

<net id="4402"><net_src comp="1663" pin="2"/><net_sink comp="4399" pin=0"/></net>

<net id="4403"><net_src comp="4399" pin="1"/><net_sink comp="2785" pin=0"/></net>

<net id="4407"><net_src comp="1672" pin="2"/><net_sink comp="4404" pin=0"/></net>

<net id="4408"><net_src comp="4404" pin="1"/><net_sink comp="2877" pin=0"/></net>

<net id="4412"><net_src comp="1681" pin="2"/><net_sink comp="4409" pin=0"/></net>

<net id="4413"><net_src comp="4409" pin="1"/><net_sink comp="2969" pin=0"/></net>

<net id="4417"><net_src comp="1690" pin="2"/><net_sink comp="4414" pin=0"/></net>

<net id="4418"><net_src comp="4414" pin="1"/><net_sink comp="3061" pin=0"/></net>

<net id="4422"><net_src comp="1699" pin="2"/><net_sink comp="4419" pin=0"/></net>

<net id="4423"><net_src comp="4419" pin="1"/><net_sink comp="3153" pin=0"/></net>

<net id="4427"><net_src comp="1708" pin="2"/><net_sink comp="4424" pin=0"/></net>

<net id="4428"><net_src comp="4424" pin="1"/><net_sink comp="3245" pin=0"/></net>

<net id="4432"><net_src comp="1717" pin="2"/><net_sink comp="4429" pin=0"/></net>

<net id="4433"><net_src comp="4429" pin="1"/><net_sink comp="3331" pin=0"/></net>

</net_list>

</model> 
---------------- Datapath Model END ------------------

* FSMD analyzer results:
  - Output states:
	Port: dA_0 | {6 }
	Port: dA_1 | {6 }
	Port: dA_2 | {6 }
	Port: dA_3 | {6 }
	Port: dA_4 | {6 }
	Port: dA_5 | {6 }
	Port: dA_6 | {6 }
	Port: dA_7 | {6 }
	Port: dA_8 | {6 }
	Port: dA_9 | {6 }
	Port: dA_10 | {6 }
	Port: dA_11 | {6 }
	Port: dA_12 | {6 }
	Port: dA_13 | {6 }
	Port: dA_14 | {6 }
	Port: dA_15 | {6 }
	Port: dB_0 | {6 }
	Port: dB_1 | {6 }
	Port: dB_2 | {6 }
	Port: dB_3 | {6 }
	Port: dB_4 | {6 }
	Port: dB_5 | {6 }
	Port: dB_6 | {6 }
	Port: dB_7 | {6 }
	Port: dB_8 | {6 }
	Port: dB_9 | {6 }
	Port: dB_10 | {6 }
	Port: dB_11 | {6 }
	Port: dB_12 | {6 }
	Port: dB_13 | {6 }
	Port: dB_14 | {6 }
	Port: dB_15 | {6 }
 - Input state : 
	Port: fwd_stage2_t<4> : sA_0 | {5 6 }
	Port: fwd_stage2_t<4> : sA_1 | {5 6 }
	Port: fwd_stage2_t<4> : sA_2 | {5 6 }
	Port: fwd_stage2_t<4> : sA_3 | {5 6 }
	Port: fwd_stage2_t<4> : sA_4 | {1 2 }
	Port: fwd_stage2_t<4> : sA_5 | {1 2 }
	Port: fwd_stage2_t<4> : sA_6 | {1 2 }
	Port: fwd_stage2_t<4> : sA_7 | {1 2 }
	Port: fwd_stage2_t<4> : sA_8 | {5 6 }
	Port: fwd_stage2_t<4> : sA_9 | {5 6 }
	Port: fwd_stage2_t<4> : sA_10 | {5 6 }
	Port: fwd_stage2_t<4> : sA_11 | {5 6 }
	Port: fwd_stage2_t<4> : sA_12 | {1 2 }
	Port: fwd_stage2_t<4> : sA_13 | {1 2 }
	Port: fwd_stage2_t<4> : sA_14 | {1 2 }
	Port: fwd_stage2_t<4> : sA_15 | {1 2 }
	Port: fwd_stage2_t<4> : sB_0 | {5 6 }
	Port: fwd_stage2_t<4> : sB_1 | {5 6 }
	Port: fwd_stage2_t<4> : sB_2 | {5 6 }
	Port: fwd_stage2_t<4> : sB_3 | {5 6 }
	Port: fwd_stage2_t<4> : sB_4 | {1 2 }
	Port: fwd_stage2_t<4> : sB_5 | {1 2 }
	Port: fwd_stage2_t<4> : sB_6 | {1 2 }
	Port: fwd_stage2_t<4> : sB_7 | {1 2 }
	Port: fwd_stage2_t<4> : sB_8 | {5 6 }
	Port: fwd_stage2_t<4> : sB_9 | {5 6 }
	Port: fwd_stage2_t<4> : sB_10 | {5 6 }
	Port: fwd_stage2_t<4> : sB_11 | {5 6 }
	Port: fwd_stage2_t<4> : sB_12 | {1 2 }
	Port: fwd_stage2_t<4> : sB_13 | {1 2 }
	Port: fwd_stage2_t<4> : sB_14 | {1 2 }
	Port: fwd_stage2_t<4> : sB_15 | {1 2 }
	Port: fwd_stage2_t<4> : p_ZL5FWD_W_0_5 | {1 2 }
	Port: fwd_stage2_t<4> : p_ZL6FWD_MW_0_5 | {1 2 }
	Port: fwd_stage2_t<4> : p_ZL5FWD_W_1_5 | {1 2 }
	Port: fwd_stage2_t<4> : p_ZL6FWD_MW_1_5 | {1 2 }
	Port: fwd_stage2_t<4> : p_ZL5FWD_W_2_5 | {1 2 }
	Port: fwd_stage2_t<4> : p_ZL6FWD_MW_2_5 | {1 2 }
	Port: fwd_stage2_t<4> : p_ZL5FWD_W_3_5 | {1 2 }
	Port: fwd_stage2_t<4> : p_ZL6FWD_MW_3_5 | {1 2 }
  - Chain level:
	State 1
		store_ln77 : 1
		m : 1
		tmp_18 : 2
		br_ln73 : 3
		lshr_ln : 2
		zext_ln73 : 3
		lshr_ln7 : 2
		zext_ln82 : 3
		p_ZL5FWD_W_0_5_addr : 4
		w : 5
		p_ZL6FWD_MW_0_5_addr : 4
		mw : 5
		sA_4_addr : 4
		sA_4_load : 5
		sB_4_addr : 4
		p_ZL5FWD_W_1_5_addr : 4
		w_23 : 5
		p_ZL6FWD_MW_1_5_addr : 4
		mw_15 : 5
		sA_5_addr : 4
		sB_5_addr : 4
		p_ZL5FWD_W_2_5_addr : 4
		w_24 : 5
		p_ZL6FWD_MW_2_5_addr : 4
		mw_16 : 5
		sA_6_addr : 4
		sB_6_addr : 4
		p_ZL5FWD_W_3_5_addr : 4
		w_25 : 5
		p_ZL6FWD_MW_3_5_addr : 4
		mw_17 : 5
		sA_7_addr : 4
		sB_7_addr : 4
		or_ln80 : 3
		zext_ln81 : 3
		p_ZL5FWD_W_0_5_addr_1 : 4
		w_26 : 5
		p_ZL6FWD_MW_0_5_addr_1 : 4
		mw_18 : 5
		sA_12_addr : 4
		sB_12_addr : 4
		p_ZL5FWD_W_1_5_addr_1 : 4
		w_27 : 5
		p_ZL6FWD_MW_1_5_addr_1 : 4
		mw_19 : 5
		sA_13_addr : 4
		sB_13_addr : 4
		p_ZL5FWD_W_2_5_addr_1 : 4
		w_28 : 5
		p_ZL6FWD_MW_2_5_addr_1 : 4
		mw_20 : 5
		sA_14_addr : 4
		sB_14_addr : 4
		p_ZL5FWD_W_3_5_addr_1 : 4
		w_29 : 5
		p_ZL6FWD_MW_3_5_addr_1 : 4
		mw_21 : 5
		sA_15_addr : 4
		sA_5_load : 5
		sA_6_load : 5
		sA_7_load : 5
		sA_12_load : 5
		sA_13_load : 5
		sA_14_load : 5
		sA_15_load : 5
		sB_15_addr : 4
		sB_4_load : 5
		sB_5_load : 5
		sB_6_load : 5
		sB_7_load : 5
		sB_12_load : 5
		sB_13_load : 5
		sB_14_load : 5
		sB_15_load : 5
		add_ln73 : 2
		store_ln77 : 3
	State 2
		zext_ln36 : 1
		zext_ln36_178 : 1
		xm : 2
		zext_ln36_179 : 1
		zext_ln36_180 : 1
		zext_ln36_181 : 1
		zext_ln36_182 : 1
		zext_ln36_183 : 1
		zext_ln36_184 : 1
		zext_ln36_186 : 1
		xm_164 : 2
		zext_ln36_188 : 1
		xm_166 : 2
		zext_ln36_190 : 1
		xm_168 : 2
		zext_ln36_192 : 1
		xm_170 : 2
		zext_ln36_194 : 1
		xm_172 : 2
		zext_ln36_196 : 1
		xm_174 : 2
		zext_ln36_197 : 1
		zext_ln36_198 : 1
		xm_161 : 2
		zext_ln36_200 : 1
		xm_163 : 2
		zext_ln36_202 : 1
		xm_165 : 2
		zext_ln36_204 : 1
		xm_167 : 2
		zext_ln36_206 : 1
		xm_169 : 2
		zext_ln36_208 : 1
		xm_171 : 2
		zext_ln36_210 : 1
		xm_173 : 2
		zext_ln36_212 : 1
		xm_175 : 2
		zext_ln36_213 : 1
		xm_162 : 2
	State 3
		xw : 1
		xw_164 : 1
		xw_166 : 1
		xw_168 : 1
		xw_170 : 1
		xw_172 : 1
		xw_174 : 1
		xw_161 : 1
		xw_163 : 1
		xw_165 : 1
		xw_167 : 1
		xw_169 : 1
		xw_171 : 1
		xw_173 : 1
		xw_175 : 1
		xw_162 : 1
	State 4
		specfucore_ln37 : 1
		tmp : 1
		zext_ln38 : 2
		qq : 3
		specfucore_ln37 : 1
		tmp_s : 1
		zext_ln39 : 2
		qq_164 : 3
		specfucore_ln37 : 1
		tmp_46 : 1
		zext_ln39_25 : 2
		qq_166 : 3
		specfucore_ln37 : 1
		tmp_47 : 1
		zext_ln39_26 : 2
		qq_168 : 3
		specfucore_ln37 : 1
		tmp_48 : 1
		zext_ln39_27 : 2
		qq_170 : 3
		specfucore_ln37 : 1
		tmp_49 : 1
		zext_ln39_28 : 2
		qq_172 : 3
		specfucore_ln37 : 1
		tmp_50 : 1
		zext_ln39_29 : 2
		qq_174 : 3
		specfucore_ln37 : 1
		tmp_51 : 1
		zext_ln38_5 : 2
		qq_161 : 3
		specfucore_ln37 : 1
		tmp_52 : 1
		zext_ln39_30 : 2
		qq_163 : 3
		specfucore_ln37 : 1
		tmp_53 : 1
		zext_ln39_31 : 2
		qq_165 : 3
		specfucore_ln37 : 1
		tmp_54 : 1
		zext_ln39_32 : 2
		qq_167 : 3
		specfucore_ln37 : 1
		tmp_55 : 1
		zext_ln39_33 : 2
		qq_169 : 3
		specfucore_ln37 : 1
		tmp_56 : 1
		zext_ln39_34 : 2
		qq_171 : 3
		specfucore_ln37 : 1
		tmp_57 : 1
		zext_ln39_35 : 2
		qq_173 : 3
		specfucore_ln37 : 1
		tmp_58 : 1
		zext_ln39_36 : 2
		qq_175 : 3
		specfucore_ln37 : 1
		tmp_59 : 1
		zext_ln38_6 : 2
		qq_162 : 3
	State 5
		uA : 1
		specfucore_ln40 : 1
		uA_29 : 1
		specfucore_ln40 : 1
		uA_30 : 1
		specfucore_ln40 : 1
		uA_31 : 1
		specfucore_ln40 : 1
		uA_32 : 1
		specfucore_ln40 : 1
		uA_33 : 1
		specfucore_ln40 : 1
		uA_34 : 1
		specfucore_ln40 : 1
		uA_35 : 1
		specfucore_ln40 : 1
		uB : 1
		specfucore_ln40 : 1
		uB_29 : 1
		specfucore_ln40 : 1
		uB_30 : 1
		specfucore_ln40 : 1
		uB_31 : 1
		specfucore_ln40 : 1
		uB_32 : 1
		specfucore_ln40 : 1
		uB_33 : 1
		specfucore_ln40 : 1
		uB_34 : 1
		specfucore_ln40 : 1
		uB_35 : 1
		specfucore_ln40 : 1
	State 6
		zext_ln83 : 1
		rend94 : 1
		rend92 : 1
		zext_ln42 : 1
		specfucore_ln42 : 1
		rend90 : 1
		r : 2
		icmp_ln44 : 3
		add_ln44 : 3
		tA : 4
		trunc_ln83 : 5
		s : 5
		icmp_ln48 : 6
		trunc_ln48 : 6
		add_ln48 : 7
		select_ln48 : 8
		icmp_ln52 : 5
		xor_ln52 : 6
		add_ln52 : 1
		select_ln52 : 6
		sub_ln84 : 7
		zext_ln52 : 1
		add_ln52_80 : 1
		zext_ln42_31 : 1
		specfucore_ln42 : 1
		r_164 : 2
		icmp_ln44_80 : 3
		add_ln44_80 : 3
		tA_29 : 4
		trunc_ln48_106 : 5
		s_164 : 5
		icmp_ln48_80 : 6
		trunc_ln48_107 : 6
		add_ln48_160 : 7
		select_ln48_80 : 8
		icmp_ln52_80 : 5
		xor_ln52_80 : 6
		select_ln52_80 : 6
		sub_ln84_15 : 7
		zext_ln52_74 : 1
		add_ln52_81 : 1
		zext_ln42_32 : 1
		specfucore_ln42 : 1
		r_166 : 2
		icmp_ln44_81 : 3
		add_ln44_81 : 3
		tA_30 : 4
		trunc_ln48_108 : 5
		s_166 : 5
		icmp_ln48_81 : 6
		trunc_ln48_109 : 6
		add_ln48_162 : 7
		select_ln48_81 : 8
		icmp_ln52_81 : 5
		xor_ln52_81 : 6
		select_ln52_81 : 6
		sub_ln84_16 : 7
		zext_ln52_75 : 1
		add_ln52_82 : 1
		zext_ln42_33 : 1
		specfucore_ln42 : 1
		r_168 : 2
		icmp_ln44_82 : 3
		add_ln44_82 : 3
		tA_31 : 4
		trunc_ln48_110 : 5
		s_168 : 5
		icmp_ln48_82 : 6
		trunc_ln48_111 : 6
		add_ln48_164 : 7
		select_ln48_82 : 8
		icmp_ln52_82 : 5
		xor_ln52_82 : 6
		select_ln52_82 : 6
		sub_ln84_17 : 7
		zext_ln52_76 : 1
		add_ln52_83 : 1
		zext_ln42_34 : 1
		specfucore_ln42 : 1
		r_170 : 2
		icmp_ln44_83 : 3
		add_ln44_83 : 3
		tA_32 : 4
		trunc_ln48_112 : 5
		s_170 : 5
		icmp_ln48_83 : 6
		trunc_ln48_113 : 6
		add_ln48_166 : 7
		select_ln48_83 : 8
		icmp_ln52_83 : 5
		xor_ln52_83 : 6
		select_ln52_83 : 6
		sub_ln84_18 : 7
		zext_ln52_77 : 1
		add_ln52_84 : 1
		zext_ln42_35 : 1
		specfucore_ln42 : 1
		r_172 : 2
		icmp_ln44_84 : 3
		add_ln44_84 : 3
		tA_33 : 4
		trunc_ln48_114 : 5
		s_172 : 5
		icmp_ln48_84 : 6
		trunc_ln48_115 : 6
		add_ln48_168 : 7
		select_ln48_84 : 8
		icmp_ln52_84 : 5
		xor_ln52_84 : 6
		select_ln52_84 : 6
		sub_ln84_19 : 7
		zext_ln52_78 : 1
		add_ln52_85 : 1
		zext_ln42_36 : 1
		specfucore_ln42 : 1
		r_174 : 2
		icmp_ln44_85 : 3
		add_ln44_85 : 3
		tA_34 : 4
		trunc_ln48_116 : 5
		s_174 : 5
		icmp_ln48_85 : 6
		trunc_ln48_117 : 6
		add_ln48_170 : 7
		select_ln48_85 : 8
		icmp_ln52_85 : 5
		xor_ln52_85 : 6
		select_ln52_85 : 6
		sub_ln84_20 : 7
		zext_ln83_3 : 1
		rend10 : 1
		rend8 : 1
		zext_ln42_37 : 1
		specfucore_ln42 : 1
		rend6 : 1
		r_161 : 2
		icmp_ln44_86 : 3
		add_ln44_86 : 3
		tA_28 : 4
		trunc_ln83_3 : 5
		s_161 : 5
		icmp_ln48_86 : 6
		trunc_ln48_118 : 6
		add_ln48_172 : 7
		select_ln48_86 : 8
		icmp_ln52_86 : 5
		xor_ln52_86 : 6
		add_ln52_86 : 1
		select_ln52_86 : 6
		sub_ln84_21 : 7
		store_ln84 : 9
		store_ln84 : 8
		store_ln84 : 9
		store_ln84 : 8
		store_ln84 : 9
		store_ln84 : 8
		store_ln84 : 9
		store_ln84 : 8
		store_ln84 : 9
		store_ln84 : 8
		store_ln84 : 9
		store_ln84 : 8
		store_ln84 : 9
		store_ln84 : 8
		store_ln84 : 9
		store_ln84 : 8
		zext_ln52_79 : 1
		add_ln52_87 : 1
		zext_ln42_38 : 1
		specfucore_ln42 : 1
		r_163 : 2
		icmp_ln44_87 : 3
		add_ln44_87 : 3
		tB_28 : 4
		trunc_ln48_119 : 5
		s_163 : 5
		icmp_ln48_87 : 6
		trunc_ln48_120 : 6
		add_ln48_174 : 7
		select_ln48_87 : 8
		icmp_ln52_87 : 5
		xor_ln52_87 : 6
		select_ln52_87 : 6
		sub_ln86 : 7
		zext_ln52_80 : 1
		add_ln52_88 : 1
		zext_ln42_39 : 1
		specfucore_ln42 : 1
		r_165 : 2
		icmp_ln44_88 : 3
		add_ln44_88 : 3
		tB_29 : 4
		trunc_ln48_121 : 5
		s_165 : 5
		icmp_ln48_88 : 6
		trunc_ln48_122 : 6
		add_ln48_176 : 7
		select_ln48_88 : 8
		icmp_ln52_88 : 5
		xor_ln52_88 : 6
		select_ln52_88 : 6
		sub_ln86_15 : 7
		zext_ln52_81 : 1
		add_ln52_89 : 1
		zext_ln42_40 : 1
		specfucore_ln42 : 1
		r_167 : 2
		icmp_ln44_89 : 3
		add_ln44_89 : 3
		tB_30 : 4
		trunc_ln48_123 : 5
		s_167 : 5
		icmp_ln48_89 : 6
		trunc_ln48_124 : 6
		add_ln48_178 : 7
		select_ln48_89 : 8
		icmp_ln52_89 : 5
		xor_ln52_89 : 6
		select_ln52_89 : 6
		sub_ln86_16 : 7
		zext_ln52_82 : 1
		add_ln52_90 : 1
		zext_ln42_41 : 1
		specfucore_ln42 : 1
		r_169 : 2
		icmp_ln44_90 : 3
		add_ln44_90 : 3
		tB_31 : 4
		trunc_ln48_125 : 5
		s_169 : 5
		icmp_ln48_90 : 6
		trunc_ln48_126 : 6
		add_ln48_180 : 7
		select_ln48_90 : 8
		icmp_ln52_90 : 5
		xor_ln52_90 : 6
		select_ln52_90 : 6
		sub_ln86_17 : 7
		zext_ln52_83 : 1
		add_ln52_91 : 1
		zext_ln42_42 : 1
		specfucore_ln42 : 1
		r_171 : 2
		icmp_ln44_91 : 3
		add_ln44_91 : 3
		tB_32 : 4
		trunc_ln48_127 : 5
		s_171 : 5
		icmp_ln48_91 : 6
		trunc_ln48_128 : 6
		add_ln48_182 : 7
		select_ln48_91 : 8
		icmp_ln52_91 : 5
		xor_ln52_91 : 6
		select_ln52_91 : 6
		sub_ln86_18 : 7
		zext_ln52_84 : 1
		add_ln52_92 : 1
		zext_ln42_43 : 1
		specfucore_ln42 : 1
		r_173 : 2
		icmp_ln44_92 : 3
		add_ln44_92 : 3
		tB_33 : 4
		trunc_ln48_129 : 5
		s_173 : 5
		icmp_ln48_92 : 6
		trunc_ln48_130 : 6
		add_ln48_184 : 7
		select_ln48_92 : 8
		icmp_ln52_92 : 5
		xor_ln52_92 : 6
		select_ln52_92 : 6
		sub_ln86_19 : 7
		zext_ln52_85 : 1
		add_ln52_93 : 1
		zext_ln42_44 : 1
		specfucore_ln42 : 1
		r_175 : 2
		icmp_ln44_93 : 3
		add_ln44_93 : 3
		tB_34 : 4
		trunc_ln48_131 : 5
		s_175 : 5
		icmp_ln48_93 : 6
		trunc_ln48_132 : 6
		add_ln48_186 : 7
		select_ln48_93 : 8
		icmp_ln52_93 : 5
		xor_ln52_93 : 6
		select_ln52_93 : 6
		sub_ln86_20 : 7
		zext_ln85 : 1
		rend4 : 1
		rend2 : 1
		zext_ln42_45 : 1
		specfucore_ln42 : 1
		rend : 1
		r_162 : 2
		icmp_ln44_94 : 3
		add_ln44_94 : 3
		tB : 4
		trunc_ln85 : 5
		s_162 : 5
		icmp_ln48_94 : 6
		trunc_ln48_133 : 6
		add_ln48_188 : 7
		select_ln48_94 : 8
		icmp_ln52_94 : 5
		xor_ln52_94 : 6
		add_ln52_94 : 1
		select_ln52_94 : 6
		sub_ln86_21 : 7
		store_ln86 : 9
		store_ln86 : 8
		store_ln86 : 9
		store_ln86 : 8
		store_ln86 : 9
		store_ln86 : 8
		store_ln86 : 9
		store_ln86 : 8
		store_ln86 : 9
		store_ln86 : 8
		store_ln86 : 9
		store_ln86 : 8
		store_ln86 : 9
		store_ln86 : 8
		store_ln86 : 9
		store_ln86 : 8


============================================================
+ Verbose Summary: Datapath Resource usage 
============================================================

* Functional unit list:
|----------|------------------------|---------|---------|---------|
| Operation|     Functional Unit    |   DSP   |    FF   |   LUT   |
|----------|------------------------|---------|---------|---------|
|          |    add_ln73_fu_1352    |    0    |    0    |    15   |
|          |    add_ln44_fu_1959    |    0    |    0    |    32   |
|          |        s_fu_1975       |    0    |    0    |    32   |
|          |    add_ln48_fu_1991    |    0    |    0    |    19   |
|          |    add_ln52_fu_2018    |    0    |    0    |    19   |
|          |   add_ln52_80_fu_2043  |    0    |    0    |    19   |
|          |   add_ln44_80_fu_2057  |    0    |    0    |    32   |
|          |      s_164_fu_2073     |    0    |    0    |    32   |
|          |  add_ln48_160_fu_2089  |    0    |    0    |    19   |
|          |   add_ln52_81_fu_2135  |    0    |    0    |    19   |
|          |   add_ln44_81_fu_2149  |    0    |    0    |    32   |
|          |      s_166_fu_2165     |    0    |    0    |    32   |
|          |  add_ln48_162_fu_2181  |    0    |    0    |    19   |
|          |   add_ln52_82_fu_2227  |    0    |    0    |    19   |
|          |   add_ln44_82_fu_2241  |    0    |    0    |    32   |
|          |      s_168_fu_2257     |    0    |    0    |    32   |
|          |  add_ln48_164_fu_2273  |    0    |    0    |    19   |
|          |   add_ln52_83_fu_2319  |    0    |    0    |    19   |
|          |   add_ln44_83_fu_2333  |    0    |    0    |    32   |
|          |      s_170_fu_2349     |    0    |    0    |    32   |
|          |  add_ln48_166_fu_2365  |    0    |    0    |    19   |
|          |   add_ln52_84_fu_2411  |    0    |    0    |    19   |
|          |   add_ln44_84_fu_2425  |    0    |    0    |    32   |
|          |      s_172_fu_2441     |    0    |    0    |    32   |
|          |  add_ln48_168_fu_2457  |    0    |    0    |    19   |
|          |   add_ln52_85_fu_2503  |    0    |    0    |    19   |
|          |   add_ln44_85_fu_2517  |    0    |    0    |    32   |
|          |      s_174_fu_2533     |    0    |    0    |    32   |
|          |  add_ln48_170_fu_2549  |    0    |    0    |    19   |
|          |   add_ln44_86_fu_2603  |    0    |    0    |    32   |
|          |      s_161_fu_2619     |    0    |    0    |    32   |
|          |  add_ln48_172_fu_2635  |    0    |    0    |    19   |
|    add   |   add_ln52_86_fu_2662  |    0    |    0    |    19   |
|          |   add_ln52_87_fu_2687  |    0    |    0    |    19   |
|          |   add_ln44_87_fu_2701  |    0    |    0    |    32   |
|          |      s_163_fu_2717     |    0    |    0    |    32   |
|          |  add_ln48_174_fu_2733  |    0    |    0    |    19   |
|          |   add_ln52_88_fu_2779  |    0    |    0    |    19   |
|          |   add_ln44_88_fu_2793  |    0    |    0    |    32   |
|          |      s_165_fu_2809     |    0    |    0    |    32   |
|          |  add_ln48_176_fu_2825  |    0    |    0    |    19   |
|          |   add_ln52_89_fu_2871  |    0    |    0    |    19   |
|          |   add_ln44_89_fu_2885  |    0    |    0    |    32   |
|          |      s_167_fu_2901     |    0    |    0    |    32   |
|          |  add_ln48_178_fu_2917  |    0    |    0    |    19   |
|          |   add_ln52_90_fu_2963  |    0    |    0    |    19   |
|          |   add_ln44_90_fu_2977  |    0    |    0    |    32   |
|          |      s_169_fu_2993     |    0    |    0    |    32   |
|          |  add_ln48_180_fu_3009  |    0    |    0    |    19   |
|          |   add_ln52_91_fu_3055  |    0    |    0    |    19   |
|          |   add_ln44_91_fu_3069  |    0    |    0    |    32   |
|          |      s_171_fu_3085     |    0    |    0    |    32   |
|          |  add_ln48_182_fu_3101  |    0    |    0    |    19   |
|          |   add_ln52_92_fu_3147  |    0    |    0    |    19   |
|          |   add_ln44_92_fu_3161  |    0    |    0    |    32   |
|          |      s_173_fu_3177     |    0    |    0    |    32   |
|          |  add_ln48_184_fu_3193  |    0    |    0    |    19   |
|          |   add_ln52_93_fu_3239  |    0    |    0    |    19   |
|          |   add_ln44_93_fu_3253  |    0    |    0    |    32   |
|          |      s_175_fu_3269     |    0    |    0    |    32   |
|          |  add_ln48_186_fu_3285  |    0    |    0    |    19   |
|          |   add_ln44_94_fu_3339  |    0    |    0    |    32   |
|          |      s_162_fu_3355     |    0    |    0    |    32   |
|          |  add_ln48_188_fu_3371  |    0    |    0    |    19   |
|          |   add_ln52_94_fu_3398  |    0    |    0    |    19   |
|----------|------------------------|---------|---------|---------|
|          |    icmp_ln44_fu_1954   |    0    |    0    |    32   |
|          |    icmp_ln48_fu_1981   |    0    |    0    |    32   |
|          |    icmp_ln52_fu_2006   |    0    |    0    |    32   |
|          |  icmp_ln44_80_fu_2052  |    0    |    0    |    32   |
|          |  icmp_ln48_80_fu_2079  |    0    |    0    |    32   |
|          |  icmp_ln52_80_fu_2104  |    0    |    0    |    32   |
|          |  icmp_ln44_81_fu_2144  |    0    |    0    |    32   |
|          |  icmp_ln48_81_fu_2171  |    0    |    0    |    32   |
|          |  icmp_ln52_81_fu_2196  |    0    |    0    |    32   |
|          |  icmp_ln44_82_fu_2236  |    0    |    0    |    32   |
|          |  icmp_ln48_82_fu_2263  |    0    |    0    |    32   |
|          |  icmp_ln52_82_fu_2288  |    0    |    0    |    32   |
|          |  icmp_ln44_83_fu_2328  |    0    |    0    |    32   |
|          |  icmp_ln48_83_fu_2355  |    0    |    0    |    32   |
|          |  icmp_ln52_83_fu_2380  |    0    |    0    |    32   |
|          |  icmp_ln44_84_fu_2420  |    0    |    0    |    32   |
|          |  icmp_ln48_84_fu_2447  |    0    |    0    |    32   |
|          |  icmp_ln52_84_fu_2472  |    0    |    0    |    32   |
|          |  icmp_ln44_85_fu_2512  |    0    |    0    |    32   |
|          |  icmp_ln48_85_fu_2539  |    0    |    0    |    32   |
|          |  icmp_ln52_85_fu_2564  |    0    |    0    |    32   |
|          |  icmp_ln44_86_fu_2598  |    0    |    0    |    32   |
|          |  icmp_ln48_86_fu_2625  |    0    |    0    |    32   |
|   icmp   |  icmp_ln52_86_fu_2650  |    0    |    0    |    32   |
|          |  icmp_ln44_87_fu_2696  |    0    |    0    |    32   |
|          |  icmp_ln48_87_fu_2723  |    0    |    0    |    32   |
|          |  icmp_ln52_87_fu_2748  |    0    |    0    |    32   |
|          |  icmp_ln44_88_fu_2788  |    0    |    0    |    32   |
|          |  icmp_ln48_88_fu_2815  |    0    |    0    |    32   |
|          |  icmp_ln52_88_fu_2840  |    0    |    0    |    32   |
|          |  icmp_ln44_89_fu_2880  |    0    |    0    |    32   |
|          |  icmp_ln48_89_fu_2907  |    0    |    0    |    32   |
|          |  icmp_ln52_89_fu_2932  |    0    |    0    |    32   |
|          |  icmp_ln44_90_fu_2972  |    0    |    0    |    32   |
|          |  icmp_ln48_90_fu_2999  |    0    |    0    |    32   |
|          |  icmp_ln52_90_fu_3024  |    0    |    0    |    32   |
|          |  icmp_ln44_91_fu_3064  |    0    |    0    |    32   |
|          |  icmp_ln48_91_fu_3091  |    0    |    0    |    32   |
|          |  icmp_ln52_91_fu_3116  |    0    |    0    |    32   |
|          |  icmp_ln44_92_fu_3156  |    0    |    0    |    32   |
|          |  icmp_ln48_92_fu_3183  |    0    |    0    |    32   |
|          |  icmp_ln52_92_fu_3208  |    0    |    0    |    32   |
|          |  icmp_ln44_93_fu_3248  |    0    |    0    |    32   |
|          |  icmp_ln48_93_fu_3275  |    0    |    0    |    32   |
|          |  icmp_ln52_93_fu_3300  |    0    |    0    |    32   |
|          |  icmp_ln44_94_fu_3334  |    0    |    0    |    32   |
|          |  icmp_ln48_94_fu_3361  |    0    |    0    |    32   |
|          |  icmp_ln52_94_fu_3386  |    0    |    0    |    32   |
|----------|------------------------|---------|---------|---------|
|          |       tA_fu_1964       |    0    |    0    |    25   |
|          |   select_ln48_fu_1997  |    0    |    0    |    11   |
|          |   select_ln52_fu_2024  |    0    |    0    |    11   |
|          |      tA_29_fu_2062     |    0    |    0    |    25   |
|          | select_ln48_80_fu_2095 |    0    |    0    |    11   |
|          | select_ln52_80_fu_2116 |    0    |    0    |    11   |
|          |      tA_30_fu_2154     |    0    |    0    |    25   |
|          | select_ln48_81_fu_2187 |    0    |    0    |    11   |
|          | select_ln52_81_fu_2208 |    0    |    0    |    11   |
|          |      tA_31_fu_2246     |    0    |    0    |    25   |
|          | select_ln48_82_fu_2279 |    0    |    0    |    11   |
|          | select_ln52_82_fu_2300 |    0    |    0    |    11   |
|          |      tA_32_fu_2338     |    0    |    0    |    25   |
|          | select_ln48_83_fu_2371 |    0    |    0    |    11   |
|          | select_ln52_83_fu_2392 |    0    |    0    |    11   |
|          |      tA_33_fu_2430     |    0    |    0    |    25   |
|          | select_ln48_84_fu_2463 |    0    |    0    |    11   |
|          | select_ln52_84_fu_2484 |    0    |    0    |    11   |
|          |      tA_34_fu_2522     |    0    |    0    |    25   |
|          | select_ln48_85_fu_2555 |    0    |    0    |    11   |
|          | select_ln52_85_fu_2576 |    0    |    0    |    11   |
|          |      tA_28_fu_2608     |    0    |    0    |    25   |
|          | select_ln48_86_fu_2641 |    0    |    0    |    11   |
|  select  | select_ln52_86_fu_2668 |    0    |    0    |    11   |
|          |      tB_28_fu_2706     |    0    |    0    |    25   |
|          | select_ln48_87_fu_2739 |    0    |    0    |    11   |
|          | select_ln52_87_fu_2760 |    0    |    0    |    11   |
|          |      tB_29_fu_2798     |    0    |    0    |    25   |
|          | select_ln48_88_fu_2831 |    0    |    0    |    11   |
|          | select_ln52_88_fu_2852 |    0    |    0    |    11   |
|          |      tB_30_fu_2890     |    0    |    0    |    25   |
|          | select_ln48_89_fu_2923 |    0    |    0    |    11   |
|          | select_ln52_89_fu_2944 |    0    |    0    |    11   |
|          |      tB_31_fu_2982     |    0    |    0    |    25   |
|          | select_ln48_90_fu_3015 |    0    |    0    |    11   |
|          | select_ln52_90_fu_3036 |    0    |    0    |    11   |
|          |      tB_32_fu_3074     |    0    |    0    |    25   |
|          | select_ln48_91_fu_3107 |    0    |    0    |    11   |
|          | select_ln52_91_fu_3128 |    0    |    0    |    11   |
|          |      tB_33_fu_3166     |    0    |    0    |    25   |
|          | select_ln48_92_fu_3199 |    0    |    0    |    11   |
|          | select_ln52_92_fu_3220 |    0    |    0    |    11   |
|          |      tB_34_fu_3258     |    0    |    0    |    25   |
|          | select_ln48_93_fu_3291 |    0    |    0    |    11   |
|          | select_ln52_93_fu_3312 |    0    |    0    |    11   |
|          |       tB_fu_3344       |    0    |    0    |    25   |
|          | select_ln48_94_fu_3377 |    0    |    0    |    11   |
|          | select_ln52_94_fu_3404 |    0    |    0    |    11   |
|----------|------------------------|---------|---------|---------|
|          |    sub_ln84_fu_2032    |    0    |    0    |    19   |
|          |   sub_ln84_15_fu_2124  |    0    |    0    |    19   |
|          |   sub_ln84_16_fu_2216  |    0    |    0    |    19   |
|          |   sub_ln84_17_fu_2308  |    0    |    0    |    19   |
|          |   sub_ln84_18_fu_2400  |    0    |    0    |    19   |
|          |   sub_ln84_19_fu_2492  |    0    |    0    |    19   |
|          |   sub_ln84_20_fu_2584  |    0    |    0    |    19   |
|    sub   |   sub_ln84_21_fu_2676  |    0    |    0    |    19   |
|          |    sub_ln86_fu_2768    |    0    |    0    |    19   |
|          |   sub_ln86_15_fu_2860  |    0    |    0    |    19   |
|          |   sub_ln86_16_fu_2952  |    0    |    0    |    19   |
|          |   sub_ln86_17_fu_3044  |    0    |    0    |    19   |
|          |   sub_ln86_18_fu_3136  |    0    |    0    |    19   |
|          |   sub_ln86_19_fu_3228  |    0    |    0    |    19   |
|          |   sub_ln86_20_fu_3320  |    0    |    0    |    19   |
|          |   sub_ln86_21_fu_3412  |    0    |    0    |    19   |
|----------|------------------------|---------|---------|---------|
|          |       grp_fu_1371      |    1    |    0    |    0    |
|          |       grp_fu_1405      |    1    |    0    |    0    |
|          |       grp_fu_1415      |    1    |    0    |    0    |
|          |       grp_fu_1425      |    1    |    0    |    0    |
|          |       grp_fu_1435      |    1    |    0    |    0    |
|          |       grp_fu_1445      |    1    |    0    |    0    |
|          |       grp_fu_1455      |    1    |    0    |    0    |
|          |       grp_fu_1469      |    1    |    0    |    0    |
|          |       grp_fu_1479      |    1    |    0    |    0    |
|          |       grp_fu_1489      |    1    |    0    |    0    |
|          |       grp_fu_1499      |    1    |    0    |    0    |
|          |       grp_fu_1509      |    1    |    0    |    0    |
|          |       grp_fu_1519      |    1    |    0    |    0    |
|          |       grp_fu_1529      |    1    |    0    |    0    |
|          |       grp_fu_1539      |    1    |    0    |    0    |
|    mul   |       grp_fu_1549      |    1    |    0    |    0    |
|          |       grp_fu_1561      |    1    |    0    |    0    |
|          |       grp_fu_1591      |    1    |    0    |    0    |
|          |       grp_fu_1600      |    1    |    0    |    0    |
|          |       grp_fu_1609      |    1    |    0    |    0    |
|          |       grp_fu_1618      |    1    |    0    |    0    |
|          |       grp_fu_1627      |    1    |    0    |    0    |
|          |       grp_fu_1636      |    1    |    0    |    0    |
|          |       grp_fu_1645      |    1    |    0    |    0    |
|          |       grp_fu_1654      |    1    |    0    |    0    |
|          |       grp_fu_1663      |    1    |    0    |    0    |
|          |       grp_fu_1672      |    1    |    0    |    0    |
|          |       grp_fu_1681      |    1    |    0    |    0    |
|          |       grp_fu_1690      |    1    |    0    |    0    |
|          |       grp_fu_1699      |    1    |    0    |    0    |
|          |       grp_fu_1708      |    1    |    0    |    0    |
|          |       grp_fu_1717      |    1    |    0    |    0    |
|----------|------------------------|---------|---------|---------|
|          |    xor_ln52_fu_2012    |    0    |    0    |    2    |
|          |   xor_ln52_80_fu_2110  |    0    |    0    |    2    |
|          |   xor_ln52_81_fu_2202  |    0    |    0    |    2    |
|          |   xor_ln52_82_fu_2294  |    0    |    0    |    2    |
|          |   xor_ln52_83_fu_2386  |    0    |    0    |    2    |
|          |   xor_ln52_84_fu_2478  |    0    |    0    |    2    |
|          |   xor_ln52_85_fu_2570  |    0    |    0    |    2    |
|    xor   |   xor_ln52_86_fu_2656  |    0    |    0    |    2    |
|          |   xor_ln52_87_fu_2754  |    0    |    0    |    2    |
|          |   xor_ln52_88_fu_2846  |    0    |    0    |    2    |
|          |   xor_ln52_89_fu_2938  |    0    |    0    |    2    |
|          |   xor_ln52_90_fu_3030  |    0    |    0    |    2    |
|          |   xor_ln52_91_fu_3122  |    0    |    0    |    2    |
|          |   xor_ln52_92_fu_3214  |    0    |    0    |    2    |
|          |   xor_ln52_93_fu_3306  |    0    |    0    |    2    |
|          |   xor_ln52_94_fu_3392  |    0    |    0    |    2    |
|----------|------------------------|---------|---------|---------|
|          |       grp_fu_3419      |    1    |    0    |    0    |
|          |       grp_fu_3430      |    1    |    0    |    0    |
|          |       grp_fu_3441      |    1    |    0    |    0    |
|          |       grp_fu_3452      |    1    |    0    |    0    |
|          |       grp_fu_3463      |    1    |    0    |    0    |
|          |       grp_fu_3474      |    1    |    0    |    0    |
|          |       grp_fu_3485      |    1    |    0    |    0    |
|  mulsub  |       grp_fu_3496      |    1    |    0    |    0    |
|          |       grp_fu_3507      |    1    |    0    |    0    |
|          |       grp_fu_3518      |    1    |    0    |    0    |
|          |       grp_fu_3529      |    1    |    0    |    0    |
|          |       grp_fu_3540      |    1    |    0    |    0    |
|          |       grp_fu_3551      |    1    |    0    |    0    |
|          |       grp_fu_3562      |    1    |    0    |    0    |
|          |       grp_fu_3573      |    1    |    0    |    0    |
|          |       grp_fu_3584      |    1    |    0    |    0    |
|----------|------------------------|---------|---------|---------|
| bitselect|     tmp_18_fu_1274     |    0    |    0    |    0    |
|----------|------------------------|---------|---------|---------|
|          |     lshr_ln_fu_1282    |    0    |    0    |    0    |
|          |    lshr_ln7_fu_1304    |    0    |    0    |    0    |
|          |       tmp_fu_1723      |    0    |    0    |    0    |
|          |      tmp_s_fu_1737     |    0    |    0    |    0    |
|          |     tmp_46_fu_1751     |    0    |    0    |    0    |
|          |     tmp_47_fu_1765     |    0    |    0    |    0    |
|          |     tmp_48_fu_1779     |    0    |    0    |    0    |
|          |     tmp_49_fu_1793     |    0    |    0    |    0    |
|partselect|     tmp_50_fu_1807     |    0    |    0    |    0    |
|          |     tmp_51_fu_1821     |    0    |    0    |    0    |
|          |     tmp_52_fu_1835     |    0    |    0    |    0    |
|          |     tmp_53_fu_1849     |    0    |    0    |    0    |
|          |     tmp_54_fu_1863     |    0    |    0    |    0    |
|          |     tmp_55_fu_1877     |    0    |    0    |    0    |
|          |     tmp_56_fu_1891     |    0    |    0    |    0    |
|          |     tmp_57_fu_1905     |    0    |    0    |    0    |
|          |     tmp_58_fu_1919     |    0    |    0    |    0    |
|          |     tmp_59_fu_1933     |    0    |    0    |    0    |
|----------|------------------------|---------|---------|---------|
|          |    zext_ln73_fu_1292   |    0    |    0    |    0    |
|          |    zext_ln82_fu_1314   |    0    |    0    |    0    |
|          |    zext_ln81_fu_1340   |    0    |    0    |    0    |
|          |    zext_ln36_fu_1363   |    0    |    0    |    0    |
|          |  zext_ln36_178_fu_1367 |    0    |    0    |    0    |
|          |  zext_ln36_179_fu_1377 |    0    |    0    |    0    |
|          |  zext_ln36_180_fu_1381 |    0    |    0    |    0    |
|          |  zext_ln36_181_fu_1385 |    0    |    0    |    0    |
|          |  zext_ln36_182_fu_1389 |    0    |    0    |    0    |
|          |  zext_ln36_183_fu_1393 |    0    |    0    |    0    |
|          |  zext_ln36_184_fu_1397 |    0    |    0    |    0    |
|          |  zext_ln36_186_fu_1401 |    0    |    0    |    0    |
|          |  zext_ln36_188_fu_1411 |    0    |    0    |    0    |
|          |  zext_ln36_190_fu_1421 |    0    |    0    |    0    |
|          |  zext_ln36_192_fu_1431 |    0    |    0    |    0    |
|          |  zext_ln36_194_fu_1441 |    0    |    0    |    0    |
|          |  zext_ln36_196_fu_1451 |    0    |    0    |    0    |
|          |  zext_ln36_197_fu_1461 |    0    |    0    |    0    |
|          |  zext_ln36_198_fu_1465 |    0    |    0    |    0    |
|          |  zext_ln36_200_fu_1475 |    0    |    0    |    0    |
|          |  zext_ln36_202_fu_1485 |    0    |    0    |    0    |
|          |  zext_ln36_204_fu_1495 |    0    |    0    |    0    |
|          |  zext_ln36_206_fu_1505 |    0    |    0    |    0    |
|          |  zext_ln36_208_fu_1515 |    0    |    0    |    0    |
|          |  zext_ln36_210_fu_1525 |    0    |    0    |    0    |
|          |  zext_ln36_212_fu_1535 |    0    |    0    |    0    |
|          |  zext_ln36_213_fu_1545 |    0    |    0    |    0    |
|          |     w_cast_fu_1555     |    0    |    0    |    0    |
|          |    zext_ln34_fu_1558   |    0    |    0    |    0    |
|          |    w_16_cast_fu_1567   |    0    |    0    |    0    |
|          |    w_17_cast_fu_1570   |    0    |    0    |    0    |
|          |    w_18_cast_fu_1573   |    0    |    0    |    0    |
|          |    w_19_cast_fu_1576   |    0    |    0    |    0    |
|          |    w_20_cast_fu_1579   |    0    |    0    |    0    |
|          |    w_21_cast_fu_1582   |    0    |    0    |    0    |
|          |    w_22_cast_fu_1585   |    0    |    0    |    0    |
|          |  zext_ln36_185_fu_1588 |    0    |    0    |    0    |
|          |  zext_ln36_187_fu_1597 |    0    |    0    |    0    |
|          |  zext_ln36_189_fu_1606 |    0    |    0    |    0    |
|          |  zext_ln36_191_fu_1615 |    0    |    0    |    0    |
|          |  zext_ln36_193_fu_1624 |    0    |    0    |    0    |
|          |  zext_ln36_195_fu_1633 |    0    |    0    |    0    |
|          |   zext_ln34_5_fu_1642  |    0    |    0    |    0    |
|          |  zext_ln36_199_fu_1651 |    0    |    0    |    0    |
|          |  zext_ln36_201_fu_1660 |    0    |    0    |    0    |
|          |  zext_ln36_203_fu_1669 |    0    |    0    |    0    |
|          |  zext_ln36_205_fu_1678 |    0    |    0    |    0    |
|          |  zext_ln36_207_fu_1687 |    0    |    0    |    0    |
|          |  zext_ln36_209_fu_1696 |    0    |    0    |    0    |
|   zext   |  zext_ln36_211_fu_1705 |    0    |    0    |    0    |
|          |   zext_ln34_6_fu_1714  |    0    |    0    |    0    |
|          |    zext_ln38_fu_1733   |    0    |    0    |    0    |
|          |    zext_ln39_fu_1747   |    0    |    0    |    0    |
|          |  zext_ln39_25_fu_1761  |    0    |    0    |    0    |
|          |  zext_ln39_26_fu_1775  |    0    |    0    |    0    |
|          |  zext_ln39_27_fu_1789  |    0    |    0    |    0    |
|          |  zext_ln39_28_fu_1803  |    0    |    0    |    0    |
|          |  zext_ln39_29_fu_1817  |    0    |    0    |    0    |
|          |   zext_ln38_5_fu_1831  |    0    |    0    |    0    |
|          |  zext_ln39_30_fu_1845  |    0    |    0    |    0    |
|          |  zext_ln39_31_fu_1859  |    0    |    0    |    0    |
|          |  zext_ln39_32_fu_1873  |    0    |    0    |    0    |
|          |  zext_ln39_33_fu_1887  |    0    |    0    |    0    |
|          |  zext_ln39_34_fu_1901  |    0    |    0    |    0    |
|          |  zext_ln39_35_fu_1915  |    0    |    0    |    0    |
|          |  zext_ln39_36_fu_1929  |    0    |    0    |    0    |
|          |   zext_ln38_6_fu_1943  |    0    |    0    |    0    |
|          |    zext_ln83_fu_1947   |    0    |    0    |    0    |
|          |    zext_ln40_fu_1951   |    0    |    0    |    0    |
|          |    zext_ln52_fu_2039   |    0    |    0    |    0    |
|          |  zext_ln40_31_fu_2049  |    0    |    0    |    0    |
|          |  zext_ln52_74_fu_2131  |    0    |    0    |    0    |
|          |  zext_ln40_32_fu_2141  |    0    |    0    |    0    |
|          |  zext_ln52_75_fu_2223  |    0    |    0    |    0    |
|          |  zext_ln40_33_fu_2233  |    0    |    0    |    0    |
|          |  zext_ln52_76_fu_2315  |    0    |    0    |    0    |
|          |  zext_ln40_34_fu_2325  |    0    |    0    |    0    |
|          |  zext_ln52_77_fu_2407  |    0    |    0    |    0    |
|          |  zext_ln40_35_fu_2417  |    0    |    0    |    0    |
|          |  zext_ln52_78_fu_2499  |    0    |    0    |    0    |
|          |  zext_ln40_36_fu_2509  |    0    |    0    |    0    |
|          |   zext_ln83_3_fu_2591  |    0    |    0    |    0    |
|          |  zext_ln40_37_fu_2595  |    0    |    0    |    0    |
|          |  zext_ln52_79_fu_2683  |    0    |    0    |    0    |
|          |  zext_ln40_38_fu_2693  |    0    |    0    |    0    |
|          |  zext_ln52_80_fu_2775  |    0    |    0    |    0    |
|          |  zext_ln40_39_fu_2785  |    0    |    0    |    0    |
|          |  zext_ln52_81_fu_2867  |    0    |    0    |    0    |
|          |  zext_ln40_40_fu_2877  |    0    |    0    |    0    |
|          |  zext_ln52_82_fu_2959  |    0    |    0    |    0    |
|          |  zext_ln40_41_fu_2969  |    0    |    0    |    0    |
|          |  zext_ln52_83_fu_3051  |    0    |    0    |    0    |
|          |  zext_ln40_42_fu_3061  |    0    |    0    |    0    |
|          |  zext_ln52_84_fu_3143  |    0    |    0    |    0    |
|          |  zext_ln40_43_fu_3153  |    0    |    0    |    0    |
|          |  zext_ln52_85_fu_3235  |    0    |    0    |    0    |
|          |  zext_ln40_44_fu_3245  |    0    |    0    |    0    |
|          |    zext_ln85_fu_3327   |    0    |    0    |    0    |
|          |  zext_ln40_45_fu_3331  |    0    |    0    |    0    |
|----------|------------------------|---------|---------|---------|
|    or    |     or_ln80_fu_1334    |    0    |    0    |    0    |
|----------|------------------------|---------|---------|---------|
|          |   trunc_ln83_fu_1971   |    0    |    0    |    0    |
|          |   trunc_ln48_fu_1987   |    0    |    0    |    0    |
|          | trunc_ln48_106_fu_2069 |    0    |    0    |    0    |
|          | trunc_ln48_107_fu_2085 |    0    |    0    |    0    |
|          | trunc_ln48_108_fu_2161 |    0    |    0    |    0    |
|          | trunc_ln48_109_fu_2177 |    0    |    0    |    0    |
|          | trunc_ln48_110_fu_2253 |    0    |    0    |    0    |
|          | trunc_ln48_111_fu_2269 |    0    |    0    |    0    |
|          | trunc_ln48_112_fu_2345 |    0    |    0    |    0    |
|          | trunc_ln48_113_fu_2361 |    0    |    0    |    0    |
|          | trunc_ln48_114_fu_2437 |    0    |    0    |    0    |
|          | trunc_ln48_115_fu_2453 |    0    |    0    |    0    |
|          | trunc_ln48_116_fu_2529 |    0    |    0    |    0    |
|          | trunc_ln48_117_fu_2545 |    0    |    0    |    0    |
|          |  trunc_ln83_3_fu_2615  |    0    |    0    |    0    |
|   trunc  | trunc_ln48_118_fu_2631 |    0    |    0    |    0    |
|          | trunc_ln48_119_fu_2713 |    0    |    0    |    0    |
|          | trunc_ln48_120_fu_2729 |    0    |    0    |    0    |
|          | trunc_ln48_121_fu_2805 |    0    |    0    |    0    |
|          | trunc_ln48_122_fu_2821 |    0    |    0    |    0    |
|          | trunc_ln48_123_fu_2897 |    0    |    0    |    0    |
|          | trunc_ln48_124_fu_2913 |    0    |    0    |    0    |
|          | trunc_ln48_125_fu_2989 |    0    |    0    |    0    |
|          | trunc_ln48_126_fu_3005 |    0    |    0    |    0    |
|          | trunc_ln48_127_fu_3081 |    0    |    0    |    0    |
|          | trunc_ln48_128_fu_3097 |    0    |    0    |    0    |
|          | trunc_ln48_129_fu_3173 |    0    |    0    |    0    |
|          | trunc_ln48_130_fu_3189 |    0    |    0    |    0    |
|          | trunc_ln48_131_fu_3265 |    0    |    0    |    0    |
|          | trunc_ln48_132_fu_3281 |    0    |    0    |    0    |
|          |   trunc_ln85_fu_3351   |    0    |    0    |    0    |
|          | trunc_ln48_133_fu_3367 |    0    |    0    |    0    |
|----------|------------------------|---------|---------|---------|
|   Total  |                        |    48   |    0    |   4271  |
|----------|------------------------|---------|---------|---------|

Memories:
N/A

* Register list:
+-------------------------------+--------+
|                               |   FF   |
+-------------------------------+--------+
|          idx_reg_3595         |    8   |
| p_ZL5FWD_W_0_5_addr_1_reg_3738|    5   |
|  p_ZL5FWD_W_0_5_addr_reg_3658 |    5   |
| p_ZL5FWD_W_1_5_addr_1_reg_3758|    5   |
|  p_ZL5FWD_W_1_5_addr_reg_3678 |    5   |
| p_ZL5FWD_W_2_5_addr_1_reg_3778|    5   |
|  p_ZL5FWD_W_2_5_addr_reg_3698 |    5   |
| p_ZL5FWD_W_3_5_addr_1_reg_3798|    5   |
|  p_ZL5FWD_W_3_5_addr_reg_3718 |    5   |
|p_ZL6FWD_MW_0_5_addr_1_reg_3743|    5   |
| p_ZL6FWD_MW_0_5_addr_reg_3663 |    5   |
|p_ZL6FWD_MW_1_5_addr_1_reg_3763|    5   |
| p_ZL6FWD_MW_1_5_addr_reg_3683 |    5   |
|p_ZL6FWD_MW_2_5_addr_1_reg_3783|    5   |
| p_ZL6FWD_MW_2_5_addr_reg_3703 |    5   |
|p_ZL6FWD_MW_3_5_addr_1_reg_3803|    5   |
| p_ZL6FWD_MW_3_5_addr_reg_3723 |    5   |
|       sA_0_addr_reg_4274      |    4   |
|      sA_10_addr_reg_4339      |    4   |
|      sA_11_addr_reg_4349      |    4   |
|      sA_12_addr_reg_3748      |    4   |
|      sA_12_load_reg_3940      |   12   |
|      sA_13_addr_reg_3768      |    4   |
|      sA_13_load_reg_3950      |   12   |
|      sA_14_addr_reg_3788      |    4   |
|      sA_14_load_reg_3960      |   12   |
|      sA_15_addr_reg_3808      |    4   |
|      sA_15_load_reg_3970      |   12   |
|       sA_1_addr_reg_4289      |    4   |
|       sA_2_addr_reg_4299      |    4   |
|       sA_3_addr_reg_4309      |    4   |
|       sA_4_addr_reg_3668      |    4   |
|       sA_4_load_reg_3823      |   12   |
|       sA_5_addr_reg_3688      |    4   |
|       sA_5_load_reg_3910      |   12   |
|       sA_6_addr_reg_3708      |    4   |
|       sA_6_load_reg_3920      |   12   |
|       sA_7_addr_reg_3728      |    4   |
|       sA_7_load_reg_3930      |   12   |
|       sA_8_addr_reg_4319      |    4   |
|       sA_9_addr_reg_4329      |    4   |
|       sB_0_addr_reg_4284      |    4   |
|      sB_10_addr_reg_4344      |    4   |
|      sB_11_addr_reg_4389      |    4   |
|      sB_12_addr_reg_3753      |    4   |
|      sB_12_load_reg_4026      |   12   |
|      sB_13_addr_reg_3773      |    4   |
|      sB_13_load_reg_4036      |   12   |
|      sB_14_addr_reg_3793      |    4   |
|      sB_14_load_reg_4046      |   12   |
|      sB_15_addr_reg_3813      |    4   |
|      sB_15_load_reg_4056      |   12   |
|       sB_1_addr_reg_4294      |    4   |
|       sB_2_addr_reg_4304      |    4   |
|       sB_3_addr_reg_4314      |    4   |
|       sB_4_addr_reg_3673      |    4   |
|       sB_4_load_reg_3986      |   12   |
|       sB_5_addr_reg_3693      |    4   |
|       sB_5_load_reg_3996      |   12   |
|       sB_6_addr_reg_3713      |    4   |
|       sB_6_load_reg_4006      |   12   |
|       sB_7_addr_reg_3733      |    4   |
|       sB_7_load_reg_4016      |   12   |
|       sB_8_addr_reg_4324      |    4   |
|       sB_9_addr_reg_4334      |    4   |
|        tmp_18_reg_3602        |    1   |
|       w_16_cast_reg_4077      |   24   |
|       w_17_cast_reg_4083      |   24   |
|       w_18_cast_reg_4089      |   24   |
|       w_19_cast_reg_4095      |   24   |
|       w_20_cast_reg_4101      |   24   |
|       w_21_cast_reg_4107      |   24   |
|       w_22_cast_reg_4113      |   24   |
|         w_23_reg_3839         |   12   |
|         w_24_reg_3850         |   12   |
|         w_25_reg_3861         |   12   |
|         w_26_reg_3872         |   12   |
|         w_27_reg_3883         |   12   |
|         w_28_reg_3894         |   12   |
|         w_29_reg_3905         |   12   |
|        w_cast_reg_4066        |   24   |
|           w_reg_3818          |   12   |
|        xw_161_reg_4384        |   24   |
|        xw_162_reg_4429        |   24   |
|        xw_163_reg_4394        |   24   |
|        xw_164_reg_4354        |   24   |
|        xw_165_reg_4399        |   24   |
|        xw_166_reg_4359        |   24   |
|        xw_167_reg_4404        |   24   |
|        xw_168_reg_4364        |   24   |
|        xw_169_reg_4409        |   24   |
|        xw_170_reg_4369        |   24   |
|        xw_171_reg_4414        |   24   |
|        xw_172_reg_4374        |   24   |
|        xw_173_reg_4419        |   24   |
|        xw_174_reg_4379        |   24   |
|        xw_175_reg_4424        |   24   |
|          xw_reg_4279          |   24   |
|      zext_ln34_5_reg_4149     |   24   |
|      zext_ln34_6_reg_4189     |   24   |
|       zext_ln34_reg_4072      |   24   |
|     zext_ln36_178_reg_3833    |   28   |
|     zext_ln36_179_reg_3844    |   28   |
|     zext_ln36_180_reg_3855    |   28   |
|     zext_ln36_181_reg_3866    |   28   |
|     zext_ln36_182_reg_3877    |   28   |
|     zext_ln36_183_reg_3888    |   28   |
|     zext_ln36_184_reg_3899    |   28   |
|     zext_ln36_185_reg_4119    |   24   |
|     zext_ln36_186_reg_3915    |   28   |
|     zext_ln36_187_reg_4124    |   24   |
|     zext_ln36_188_reg_3925    |   28   |
|     zext_ln36_189_reg_4129    |   24   |
|     zext_ln36_190_reg_3935    |   28   |
|     zext_ln36_191_reg_4134    |   24   |
|     zext_ln36_192_reg_3945    |   28   |
|     zext_ln36_193_reg_4139    |   24   |
|     zext_ln36_194_reg_3955    |   28   |
|     zext_ln36_195_reg_4144    |   24   |
|     zext_ln36_196_reg_3965    |   28   |
|     zext_ln36_197_reg_3975    |   28   |
|     zext_ln36_198_reg_3980    |   28   |
|     zext_ln36_199_reg_4154    |   24   |
|     zext_ln36_200_reg_3991    |   28   |
|     zext_ln36_201_reg_4159    |   24   |
|     zext_ln36_202_reg_4001    |   28   |
|     zext_ln36_203_reg_4164    |   24   |
|     zext_ln36_204_reg_4011    |   28   |
|     zext_ln36_205_reg_4169    |   24   |
|     zext_ln36_206_reg_4021    |   28   |
|     zext_ln36_207_reg_4174    |   24   |
|     zext_ln36_208_reg_4031    |   28   |
|     zext_ln36_209_reg_4179    |   24   |
|     zext_ln36_210_reg_4041    |   28   |
|     zext_ln36_211_reg_4184    |   24   |
|     zext_ln36_212_reg_4051    |   28   |
|     zext_ln36_213_reg_4061    |   28   |
|       zext_ln36_reg_3828      |   28   |
|      zext_ln38_5_reg_4229     |   24   |
|      zext_ln38_6_reg_4269     |   24   |
|       zext_ln38_reg_4194      |   24   |
|     zext_ln39_25_reg_4204     |   24   |
|     zext_ln39_26_reg_4209     |   24   |
|     zext_ln39_27_reg_4214     |   24   |
|     zext_ln39_28_reg_4219     |   24   |
|     zext_ln39_29_reg_4224     |   24   |
|     zext_ln39_30_reg_4234     |   24   |
|     zext_ln39_31_reg_4239     |   24   |
|     zext_ln39_32_reg_4244     |   24   |
|     zext_ln39_33_reg_4249     |   24   |
|     zext_ln39_34_reg_4254     |   24   |
|     zext_ln39_35_reg_4259     |   24   |
|     zext_ln39_36_reg_4264     |   24   |
|       zext_ln39_reg_4199      |   24   |
|       zext_ln82_reg_3606      |   64   |
+-------------------------------+--------+
|             Total             |  2585  |
+-------------------------------+--------+

* Multiplexer (MUX) list: 
|-------------------|------|------|------|--------||---------||---------|
|        Comp       |  Pin | Size |  BW  | S x BW ||  Delay  ||   LUT   |
|-------------------|------|------|------|--------||---------||---------|
| grp_access_fu_241 |  p0  |   2  |   5  |   10   ||    9    |
| grp_access_fu_241 |  p2  |   2  |   0  |    0   ||    9    |
| grp_access_fu_258 |  p0  |   2  |   5  |   10   ||    9    |
| grp_access_fu_258 |  p2  |   2  |   0  |    0   ||    9    |
| grp_access_fu_275 |  p0  |   2  |   4  |    8   ||    9    |
| grp_access_fu_295 |  p0  |   2  |   5  |   10   ||    9    |
| grp_access_fu_295 |  p2  |   2  |   0  |    0   ||    9    |
| grp_access_fu_312 |  p0  |   2  |   5  |   10   ||    9    |
| grp_access_fu_312 |  p2  |   2  |   0  |    0   ||    9    |
| grp_access_fu_343 |  p0  |   2  |   5  |   10   ||    9    |
| grp_access_fu_343 |  p2  |   2  |   0  |    0   ||    9    |
| grp_access_fu_360 |  p0  |   2  |   5  |   10   ||    9    |
| grp_access_fu_360 |  p2  |   2  |   0  |    0   ||    9    |
| grp_access_fu_391 |  p0  |   2  |   5  |   10   ||    9    |
| grp_access_fu_391 |  p2  |   2  |   0  |    0   ||    9    |
| grp_access_fu_408 |  p0  |   2  |   5  |   10   ||    9    |
| grp_access_fu_408 |  p2  |   2  |   0  |    0   ||    9    |
| grp_access_fu_545 |  p0  |   2  |   4  |    8   ||    9    |
| grp_access_fu_551 |  p0  |   2  |   4  |    8   ||    9    |
| grp_access_fu_557 |  p0  |   2  |   4  |    8   ||    9    |
| grp_access_fu_563 |  p0  |   2  |   4  |    8   ||    9    |
| grp_access_fu_569 |  p0  |   2  |   4  |    8   ||    9    |
| grp_access_fu_575 |  p0  |   2  |   4  |    8   ||    9    |
| grp_access_fu_581 |  p0  |   2  |   4  |    8   ||    9    |
| grp_access_fu_594 |  p0  |   2  |   4  |    8   ||    9    |
| grp_access_fu_600 |  p0  |   2  |   4  |    8   ||    9    |
| grp_access_fu_606 |  p0  |   2  |   4  |    8   ||    9    |
| grp_access_fu_612 |  p0  |   2  |   4  |    8   ||    9    |
| grp_access_fu_618 |  p0  |   2  |   4  |    8   ||    9    |
| grp_access_fu_624 |  p0  |   2  |   4  |    8   ||    9    |
| grp_access_fu_630 |  p0  |   2  |   4  |    8   ||    9    |
| grp_access_fu_636 |  p0  |   2  |   4  |    8   ||    9    |
| grp_access_fu_649 |  p0  |   2  |   4  |    8   ||    9    |
| grp_access_fu_753 |  p0  |   2  |   4  |    8   ||    9    |
| grp_access_fu_759 |  p0  |   2  |   4  |    8   ||    9    |
| grp_access_fu_765 |  p0  |   2  |   4  |    8   ||    9    |
| grp_access_fu_771 |  p0  |   2  |   4  |    8   ||    9    |
| grp_access_fu_777 |  p0  |   2  |   4  |    8   ||    9    |
| grp_access_fu_783 |  p0  |   2  |   4  |    8   ||    9    |
| grp_access_fu_789 |  p0  |   2  |   4  |    8   ||    9    |
| grp_access_fu_802 |  p0  |   2  |   4  |    8   ||    9    |
| grp_access_fu_808 |  p0  |   2  |   4  |    8   ||    9    |
| grp_access_fu_814 |  p0  |   2  |   4  |    8   ||    9    |
| grp_access_fu_820 |  p0  |   2  |   4  |    8   ||    9    |
| grp_access_fu_826 |  p0  |   2  |   4  |    8   ||    9    |
| grp_access_fu_832 |  p0  |   2  |   4  |    8   ||    9    |
| grp_access_fu_838 |  p0  |   2  |   4  |    8   ||    9    |
| grp_access_fu_844 |  p0  |   2  |   4  |    8   ||    9    |
|    grp_fu_1371    |  p0  |   2  |  16  |   32   ||    9    |
|    grp_fu_1371    |  p1  |   2  |  12  |   24   ||    9    |
|    grp_fu_1405    |  p0  |   2  |  16  |   32   ||    9    |
|    grp_fu_1405    |  p1  |   2  |  12  |   24   ||    9    |
|    grp_fu_1415    |  p0  |   2  |  16  |   32   ||    9    |
|    grp_fu_1415    |  p1  |   2  |  12  |   24   ||    9    |
|    grp_fu_1425    |  p0  |   2  |  16  |   32   ||    9    |
|    grp_fu_1425    |  p1  |   2  |  12  |   24   ||    9    |
|    grp_fu_1435    |  p0  |   2  |  16  |   32   ||    9    |
|    grp_fu_1435    |  p1  |   2  |  12  |   24   ||    9    |
|    grp_fu_1445    |  p0  |   2  |  16  |   32   ||    9    |
|    grp_fu_1445    |  p1  |   2  |  12  |   24   ||    9    |
|    grp_fu_1455    |  p0  |   2  |  16  |   32   ||    9    |
|    grp_fu_1455    |  p1  |   2  |  12  |   24   ||    9    |
|    grp_fu_1469    |  p0  |   2  |  16  |   32   ||    9    |
|    grp_fu_1469    |  p1  |   2  |  12  |   24   ||    9    |
|    grp_fu_1479    |  p0  |   2  |  16  |   32   ||    9    |
|    grp_fu_1479    |  p1  |   2  |  12  |   24   ||    9    |
|    grp_fu_1489    |  p0  |   2  |  16  |   32   ||    9    |
|    grp_fu_1489    |  p1  |   2  |  12  |   24   ||    9    |
|    grp_fu_1499    |  p0  |   2  |  16  |   32   ||    9    |
|    grp_fu_1499    |  p1  |   2  |  12  |   24   ||    9    |
|    grp_fu_1509    |  p0  |   2  |  16  |   32   ||    9    |
|    grp_fu_1509    |  p1  |   2  |  12  |   24   ||    9    |
|    grp_fu_1519    |  p0  |   2  |  16  |   32   ||    9    |
|    grp_fu_1519    |  p1  |   2  |  12  |   24   ||    9    |
|    grp_fu_1529    |  p0  |   2  |  16  |   32   ||    9    |
|    grp_fu_1529    |  p1  |   2  |  12  |   24   ||    9    |
|    grp_fu_1539    |  p0  |   2  |  16  |   32   ||    9    |
|    grp_fu_1539    |  p1  |   2  |  12  |   24   ||    9    |
|    grp_fu_1549    |  p0  |   2  |  16  |   32   ||    9    |
|    grp_fu_1549    |  p1  |   2  |  12  |   24   ||    9    |
|    grp_fu_1561    |  p0  |   2  |  12  |   24   ||    9    |
|    grp_fu_1561    |  p1  |   2  |  12  |   24   ||    9    |
|    grp_fu_1591    |  p0  |   2  |  12  |   24   ||    9    |
|    grp_fu_1591    |  p1  |   2  |  12  |   24   ||    9    |
|    grp_fu_1600    |  p0  |   2  |  12  |   24   ||    9    |
|    grp_fu_1600    |  p1  |   2  |  12  |   24   ||    9    |
|    grp_fu_1609    |  p0  |   2  |  12  |   24   ||    9    |
|    grp_fu_1609    |  p1  |   2  |  12  |   24   ||    9    |
|    grp_fu_1618    |  p0  |   2  |  12  |   24   ||    9    |
|    grp_fu_1618    |  p1  |   2  |  12  |   24   ||    9    |
|    grp_fu_1627    |  p0  |   2  |  12  |   24   ||    9    |
|    grp_fu_1627    |  p1  |   2  |  12  |   24   ||    9    |
|    grp_fu_1636    |  p0  |   2  |  12  |   24   ||    9    |
|    grp_fu_1636    |  p1  |   2  |  12  |   24   ||    9    |
|    grp_fu_1645    |  p0  |   2  |  12  |   24   ||    9    |
|    grp_fu_1645    |  p1  |   2  |  12  |   24   ||    9    |
|    grp_fu_1654    |  p0  |   2  |  12  |   24   ||    9    |
|    grp_fu_1654    |  p1  |   2  |  12  |   24   ||    9    |
|    grp_fu_1663    |  p0  |   2  |  12  |   24   ||    9    |
|    grp_fu_1663    |  p1  |   2  |  12  |   24   ||    9    |
|    grp_fu_1672    |  p0  |   2  |  12  |   24   ||    9    |
|    grp_fu_1672    |  p1  |   2  |  12  |   24   ||    9    |
|    grp_fu_1681    |  p0  |   2  |  12  |   24   ||    9    |
|    grp_fu_1681    |  p1  |   2  |  12  |   24   ||    9    |
|    grp_fu_1690    |  p0  |   2  |  12  |   24   ||    9    |
|    grp_fu_1690    |  p1  |   2  |  12  |   24   ||    9    |
|    grp_fu_1699    |  p0  |   2  |  12  |   24   ||    9    |
|    grp_fu_1699    |  p1  |   2  |  12  |   24   ||    9    |
|    grp_fu_1708    |  p0  |   2  |  12  |   24   ||    9    |
|    grp_fu_1708    |  p1  |   2  |  12  |   24   ||    9    |
|    grp_fu_1717    |  p0  |   2  |  12  |   24   ||    9    |
|    grp_fu_1717    |  p1  |   2  |  12  |   24   ||    9    |
|    grp_fu_3419    |  p0  |   2  |  12  |   24   ||    9    |
|    grp_fu_3430    |  p0  |   2  |  12  |   24   ||    9    |
|    grp_fu_3441    |  p0  |   2  |  12  |   24   ||    9    |
|    grp_fu_3452    |  p0  |   2  |  12  |   24   ||    9    |
|    grp_fu_3463    |  p0  |   2  |  12  |   24   ||    9    |
|    grp_fu_3474    |  p0  |   2  |  12  |   24   ||    9    |
|    grp_fu_3485    |  p0  |   2  |  12  |   24   ||    9    |
|    grp_fu_3496    |  p0  |   2  |  12  |   24   ||    9    |
|    grp_fu_3507    |  p0  |   2  |  12  |   24   ||    9    |
|    grp_fu_3518    |  p0  |   2  |  12  |   24   ||    9    |
|    grp_fu_3529    |  p0  |   2  |  12  |   24   ||    9    |
|    grp_fu_3540    |  p0  |   2  |  12  |   24   ||    9    |
|    grp_fu_3551    |  p0  |   2  |  12  |   24   ||    9    |
|    grp_fu_3562    |  p0  |   2  |  12  |   24   ||    9    |
|    grp_fu_3573    |  p0  |   2  |  12  |   24   ||    9    |
|    grp_fu_3584    |  p0  |   2  |  12  |   24   ||    9    |
|-------------------|------|------|------|--------||---------||---------|
|       Total       |      |      |      |  2384  ||  54.656 ||   1152  |
|-------------------|------|------|------|--------||---------||---------|



* Summary:
+-----------+--------+--------+--------+--------+
|           |   DSP  |  Delay |   FF   |   LUT  |
+-----------+--------+--------+--------+--------+
|  Function |   48   |    -   |    0   |  4271  |
|   Memory  |    -   |    -   |    -   |    -   |
|Multiplexer|    -   |   54   |    -   |  1152  |
|  Register |    -   |    -   |  2585  |    -   |
+-----------+--------+--------+--------+--------+
|   Total   |   48   |   54   |  2585  |  5423  |
+-----------+--------+--------+--------+--------+
