

================================================================
== Vitis HLS Report for 'inv_stage_t_32_s'
================================================================
* Date:           Thu Jun 11 23:16:43 2026

* Version:        2023.2 (Build 4023990 on Oct 11 2023)
* Project:        ntt_kyber
* Solution:       solution1 (Vivado IP Flow Target)
* Product family: zynquplus
* Target device:  xck26-sfvc784-2LV-c


================================================================
== Performance Estimates
================================================================
+ Timing: 
    * Summary: 
    +--------+----------+----------+------------+
    |  Clock |  Target  | Estimated| Uncertainty|
    +--------+----------+----------+------------+
    |ap_clk  |  10.00 ns|  6.397 ns|     2.70 ns|
    +--------+----------+----------+------------+

+ Latency: 
    * Summary: 
    +---------+---------+----------+----------+-----+-----+---------+
    |  Latency (cycles) |  Latency (absolute) |  Interval | Pipeline|
    |   min   |   max   |    min   |    max   | min | max |   Type  |
    +---------+---------+----------+----------+-----+-----+---------+
    |       22|       22|  0.220 us|  0.220 us|   22|   22|       no|
    +---------+---------+----------+----------+-----+-----+---------+

    + Detail: 
        * Instance: 
        N/A

        * Loop: 
        +----------+---------+---------+----------+-----------+-----------+------+----------+
        |          |  Latency (cycles) | Iteration|  Initiation Interval  | Trip |          |
        | Loop Name|   min   |   max   |  Latency |  achieved |   target  | Count| Pipelined|
        +----------+---------+---------+----------+-----------+-----------+------+----------+
        |- INV_BF  |       20|       20|         6|          1|          1|    16|       yes|
        +----------+---------+---------+----------+-----------+-----------+------+----------+

============================================================
+ Verbose Summary: Synthesis Manager
============================================================
InlineROM: 1
ExposeGlobal: 0
============================================================
+ Verbose Summary: CDFG Model
============================================================
IsTopModel: 0
ResetActiveHigh: 1
IsCombinational: 0
IsDatapathOnly: 0
HasWiredReturn: 1
HasMFsm: 2
HasVarLatency: 1
IsPipeline: 0
IsRtlPipelined: 0
IsInstanceOverlapped: 0
IsDontTouch: 0
HasImplIP: 0
IsGatedGlobalClock: 0

+ Individual pipeline summary: 
  * Pipeline-0: initiation interval (II) = 1, depth = 6


============================================================
+ Verbose Summary: Schedule
============================================================
* Number of FSM states : 6
* Pipeline : 1
  Pipeline-0 : II = 1, D = 6, States = { 1 2 3 4 5 6 }
* Dataflow Pipeline: 0

* FSM state transitions: 
1 --> 2 
2 --> 3 
3 --> 4 
4 --> 5 
5 --> 6 
6 --> 

* FSM state operations: 

State 1 <SV = 0> <Delay = 1.61>
ST_1 : Operation 9 [1/1] (0.00ns)   --->   "%idx = alloca i32 1" [kyber-mult-kernel-dataflow.cpp:111]   --->   Operation 9 'alloca' 'idx' <Predicate = true> <Delay = 0.00>
ST_1 : Operation 10 [1/1] (0.42ns)   --->   "%store_ln111 = store i8 0, i8 %idx" [kyber-mult-kernel-dataflow.cpp:111]   --->   Operation 10 'store' 'store_ln111' <Predicate = true> <Delay = 0.42>
ST_1 : Operation 11 [1/1] (0.00ns)   --->   "%br_ln107 = br void %VITIS_LOOP_109_1" [kyber-mult-kernel-dataflow.cpp:107]   --->   Operation 11 'br' 'br_ln107' <Predicate = true> <Delay = 0.00>
ST_1 : Operation 12 [1/1] (0.00ns)   --->   "%m = load i8 %idx" [kyber-mult-kernel-dataflow.cpp:107]   --->   Operation 12 'load' 'm' <Predicate = true> <Delay = 0.00>
ST_1 : Operation 13 [1/1] (0.00ns)   --->   "%tmp_3 = bitselect i1 @_ssdm_op_BitSelect.i1.i8.i32, i8 %m, i32 7" [kyber-mult-kernel-dataflow.cpp:107]   --->   Operation 13 'bitselect' 'tmp_3' <Predicate = true> <Delay = 0.00>
ST_1 : Operation 14 [1/1] (0.00ns)   --->   "%br_ln107 = br i1 %tmp_3, void %fpga_resource_hint.VITIS_LOOP_109_1.575, void %for.end29" [kyber-mult-kernel-dataflow.cpp:107]   --->   Operation 14 'br' 'br_ln107' <Predicate = true> <Delay = 0.00>
ST_1 : Operation 15 [1/1] (0.00ns)   --->   "%trunc_ln107 = trunc i8 %m" [kyber-mult-kernel-dataflow.cpp:107]   --->   Operation 15 'trunc' 'trunc_ln107' <Predicate = (!tmp_3)> <Delay = 0.00>
ST_1 : Operation 16 [1/1] (0.00ns)   --->   "%lshr_ln = partselect i5 @_ssdm_op_PartSelect.i5.i8.i32.i32, i8 %m, i32 2, i32 6" [kyber-mult-kernel-dataflow.cpp:107]   --->   Operation 16 'partselect' 'lshr_ln' <Predicate = (!tmp_3)> <Delay = 0.00>
ST_1 : Operation 17 [1/1] (0.00ns)   --->   "%zext_ln107 = zext i5 %lshr_ln" [kyber-mult-kernel-dataflow.cpp:107]   --->   Operation 17 'zext' 'zext_ln107' <Predicate = (!tmp_3)> <Delay = 0.00>
ST_1 : Operation 18 [1/1] (0.00ns)   --->   "%tmp = partselect i2 @_ssdm_op_PartSelect.i2.i8.i32.i32, i8 %m, i32 5, i32 6" [kyber-mult-kernel-dataflow.cpp:114]   --->   Operation 18 'partselect' 'tmp' <Predicate = (!tmp_3)> <Delay = 0.00>
ST_1 : Operation 19 [1/1] (0.00ns)   --->   "%tmp_4 = bitselect i1 @_ssdm_op_BitSelect.i1.i8.i32, i8 %m, i32 4" [kyber-mult-kernel-dataflow.cpp:114]   --->   Operation 19 'bitselect' 'tmp_4' <Predicate = (!tmp_3)> <Delay = 0.00>
ST_1 : Operation 20 [1/1] (0.00ns)   --->   "%lshr_ln3 = bitconcatenate i4 @_ssdm_op_BitConcatenate.i4.i2.i1.i1, i2 %tmp, i1 0, i1 %tmp_4" [kyber-mult-kernel-dataflow.cpp:114]   --->   Operation 20 'bitconcatenate' 'lshr_ln3' <Predicate = (!tmp_3)> <Delay = 0.00>
ST_1 : Operation 21 [1/1] (0.00ns)   --->   "%zext_ln114 = zext i4 %lshr_ln3" [kyber-mult-kernel-dataflow.cpp:114]   --->   Operation 21 'zext' 'zext_ln114' <Predicate = (!tmp_3)> <Delay = 0.00>
ST_1 : Operation 22 [1/1] (0.00ns)   --->   "%or_ln115 = or i4 %lshr_ln3, i4 2" [kyber-mult-kernel-dataflow.cpp:115]   --->   Operation 22 'or' 'or_ln115' <Predicate = (!tmp_3)> <Delay = 0.00>
ST_1 : Operation 23 [1/1] (0.00ns)   --->   "%zext_ln115 = zext i4 %or_ln115" [kyber-mult-kernel-dataflow.cpp:115]   --->   Operation 23 'zext' 'zext_ln115' <Predicate = (!tmp_3)> <Delay = 0.00>
ST_1 : Operation 24 [1/1] (0.00ns)   --->   "%src_0_addr = getelementptr i12 %src_0, i64 0, i64 %zext_ln114" [kyber-mult-kernel-dataflow.cpp:116]   --->   Operation 24 'getelementptr' 'src_0_addr' <Predicate = (!tmp_3)> <Delay = 0.00>
ST_1 : Operation 25 [1/1] (0.00ns)   --->   "%src_8_addr = getelementptr i12 %src_8, i64 0, i64 %zext_ln114" [kyber-mult-kernel-dataflow.cpp:116]   --->   Operation 25 'getelementptr' 'src_8_addr' <Predicate = (!tmp_3)> <Delay = 0.00>
ST_1 : Operation 26 [2/2] (0.67ns)   --->   "%src_0_load = load i4 %src_0_addr" [kyber-mult-kernel-dataflow.cpp:116]   --->   Operation 26 'load' 'src_0_load' <Predicate = (!tmp_3)> <Delay = 0.67> <CoreInst = "RAM">   --->   Core 83 'RAM' <Latency = 1> <II = 1> <Delay = 0.67> <Storage> <Opcode : 'load' 'store'> <Ports = 2> <Width = 12> <Depth = 16> <RAM>
ST_1 : Operation 27 [2/2] (0.67ns)   --->   "%src_8_load = load i4 %src_8_addr" [kyber-mult-kernel-dataflow.cpp:116]   --->   Operation 27 'load' 'src_8_load' <Predicate = (!tmp_3)> <Delay = 0.67> <CoreInst = "RAM">   --->   Core 83 'RAM' <Latency = 1> <II = 1> <Delay = 0.67> <Storage> <Opcode : 'load' 'store'> <Ports = 2> <Width = 12> <Depth = 16> <RAM>
ST_1 : Operation 28 [1/1] (0.00ns)   --->   "%src_0_addr_2 = getelementptr i12 %src_0, i64 0, i64 %zext_ln115" [kyber-mult-kernel-dataflow.cpp:117]   --->   Operation 28 'getelementptr' 'src_0_addr_2' <Predicate = (!tmp_3)> <Delay = 0.00>
ST_1 : Operation 29 [1/1] (0.00ns)   --->   "%src_8_addr_2 = getelementptr i12 %src_8, i64 0, i64 %zext_ln115" [kyber-mult-kernel-dataflow.cpp:117]   --->   Operation 29 'getelementptr' 'src_8_addr_2' <Predicate = (!tmp_3)> <Delay = 0.00>
ST_1 : Operation 30 [2/2] (0.67ns)   --->   "%src_0_load_2 = load i4 %src_0_addr_2" [kyber-mult-kernel-dataflow.cpp:117]   --->   Operation 30 'load' 'src_0_load_2' <Predicate = (!tmp_3)> <Delay = 0.67> <CoreInst = "RAM">   --->   Core 83 'RAM' <Latency = 1> <II = 1> <Delay = 0.67> <Storage> <Opcode : 'load' 'store'> <Ports = 2> <Width = 12> <Depth = 16> <RAM>
ST_1 : Operation 31 [2/2] (0.67ns)   --->   "%src_8_load_2 = load i4 %src_8_addr_2" [kyber-mult-kernel-dataflow.cpp:117]   --->   Operation 31 'load' 'src_8_load_2' <Predicate = (!tmp_3)> <Delay = 0.67> <CoreInst = "RAM">   --->   Core 83 'RAM' <Latency = 1> <II = 1> <Delay = 0.67> <Storage> <Opcode : 'load' 'store'> <Ports = 2> <Width = 12> <Depth = 16> <RAM>
ST_1 : Operation 32 [1/1] (0.00ns)   --->   "%p_ZL5INV_W_0_4_addr = getelementptr i12 %p_ZL5INV_W_0_4, i64 0, i64 %zext_ln107" [kyber-mult-kernel-dataflow.cpp:119]   --->   Operation 32 'getelementptr' 'p_ZL5INV_W_0_4_addr' <Predicate = (!tmp_3)> <Delay = 0.00>
ST_1 : Operation 33 [2/2] (0.67ns)   --->   "%p_ZL5INV_W_0_4_load = load i5 %p_ZL5INV_W_0_4_addr" [kyber-mult-kernel-dataflow.cpp:119]   --->   Operation 33 'load' 'p_ZL5INV_W_0_4_load' <Predicate = (!tmp_3)> <Delay = 0.67> <CoreInst = "ROM">   --->   Core 101 'ROM' <Latency = 1> <II = 1> <Delay = 0.67> <Storage> <Opcode : 'load'> <Ports = 0> <Width = 12> <Depth = 32> <ROM>
ST_1 : Operation 34 [1/1] (0.00ns)   --->   "%p_ZL6INV_MW_0_4_addr = getelementptr i16 %p_ZL6INV_MW_0_4, i64 0, i64 %zext_ln107" [kyber-mult-kernel-dataflow.cpp:119]   --->   Operation 34 'getelementptr' 'p_ZL6INV_MW_0_4_addr' <Predicate = (!tmp_3)> <Delay = 0.00>
ST_1 : Operation 35 [2/2] (0.67ns)   --->   "%p_ZL6INV_MW_0_4_load = load i5 %p_ZL6INV_MW_0_4_addr" [kyber-mult-kernel-dataflow.cpp:119]   --->   Operation 35 'load' 'p_ZL6INV_MW_0_4_load' <Predicate = (!tmp_3)> <Delay = 0.67> <CoreInst = "ROM">   --->   Core 101 'ROM' <Latency = 1> <II = 1> <Delay = 0.67> <Storage> <Opcode : 'load'> <Ports = 0> <Width = 16> <Depth = 32> <ROM>
ST_1 : Operation 36 [1/1] (0.00ns)   --->   "%src_1_addr = getelementptr i12 %src_1, i64 0, i64 %zext_ln114" [kyber-mult-kernel-dataflow.cpp:116]   --->   Operation 36 'getelementptr' 'src_1_addr' <Predicate = (!tmp_3)> <Delay = 0.00>
ST_1 : Operation 37 [1/1] (0.00ns)   --->   "%src_9_addr = getelementptr i12 %src_9, i64 0, i64 %zext_ln114" [kyber-mult-kernel-dataflow.cpp:116]   --->   Operation 37 'getelementptr' 'src_9_addr' <Predicate = (!tmp_3)> <Delay = 0.00>
ST_1 : Operation 38 [1/1] (0.00ns)   --->   "%src_1_addr_2 = getelementptr i12 %src_1, i64 0, i64 %zext_ln115" [kyber-mult-kernel-dataflow.cpp:117]   --->   Operation 38 'getelementptr' 'src_1_addr_2' <Predicate = (!tmp_3)> <Delay = 0.00>
ST_1 : Operation 39 [1/1] (0.00ns)   --->   "%src_9_addr_2 = getelementptr i12 %src_9, i64 0, i64 %zext_ln115" [kyber-mult-kernel-dataflow.cpp:117]   --->   Operation 39 'getelementptr' 'src_9_addr_2' <Predicate = (!tmp_3)> <Delay = 0.00>
ST_1 : Operation 40 [1/1] (0.00ns)   --->   "%p_ZL5INV_W_1_4_addr = getelementptr i12 %p_ZL5INV_W_1_4, i64 0, i64 %zext_ln107" [kyber-mult-kernel-dataflow.cpp:119]   --->   Operation 40 'getelementptr' 'p_ZL5INV_W_1_4_addr' <Predicate = (!tmp_3)> <Delay = 0.00>
ST_1 : Operation 41 [2/2] (0.67ns)   --->   "%p_ZL5INV_W_1_4_load = load i5 %p_ZL5INV_W_1_4_addr" [kyber-mult-kernel-dataflow.cpp:119]   --->   Operation 41 'load' 'p_ZL5INV_W_1_4_load' <Predicate = (!tmp_3)> <Delay = 0.67> <CoreInst = "ROM">   --->   Core 101 'ROM' <Latency = 1> <II = 1> <Delay = 0.67> <Storage> <Opcode : 'load'> <Ports = 0> <Width = 12> <Depth = 32> <ROM>
ST_1 : Operation 42 [1/1] (0.00ns)   --->   "%p_ZL6INV_MW_1_4_addr = getelementptr i16 %p_ZL6INV_MW_1_4, i64 0, i64 %zext_ln107" [kyber-mult-kernel-dataflow.cpp:119]   --->   Operation 42 'getelementptr' 'p_ZL6INV_MW_1_4_addr' <Predicate = (!tmp_3)> <Delay = 0.00>
ST_1 : Operation 43 [2/2] (0.67ns)   --->   "%p_ZL6INV_MW_1_4_load = load i5 %p_ZL6INV_MW_1_4_addr" [kyber-mult-kernel-dataflow.cpp:119]   --->   Operation 43 'load' 'p_ZL6INV_MW_1_4_load' <Predicate = (!tmp_3)> <Delay = 0.67> <CoreInst = "ROM">   --->   Core 101 'ROM' <Latency = 1> <II = 1> <Delay = 0.67> <Storage> <Opcode : 'load'> <Ports = 0> <Width = 16> <Depth = 32> <ROM>
ST_1 : Operation 44 [1/1] (0.00ns)   --->   "%src_2_addr = getelementptr i12 %src_2, i64 0, i64 %zext_ln114" [kyber-mult-kernel-dataflow.cpp:116]   --->   Operation 44 'getelementptr' 'src_2_addr' <Predicate = (!tmp_3)> <Delay = 0.00>
ST_1 : Operation 45 [1/1] (0.00ns)   --->   "%src_10_addr = getelementptr i12 %src_10, i64 0, i64 %zext_ln114" [kyber-mult-kernel-dataflow.cpp:116]   --->   Operation 45 'getelementptr' 'src_10_addr' <Predicate = (!tmp_3)> <Delay = 0.00>
ST_1 : Operation 46 [1/1] (0.00ns)   --->   "%src_2_addr_2 = getelementptr i12 %src_2, i64 0, i64 %zext_ln115" [kyber-mult-kernel-dataflow.cpp:117]   --->   Operation 46 'getelementptr' 'src_2_addr_2' <Predicate = (!tmp_3)> <Delay = 0.00>
ST_1 : Operation 47 [1/1] (0.00ns)   --->   "%src_10_addr_2 = getelementptr i12 %src_10, i64 0, i64 %zext_ln115" [kyber-mult-kernel-dataflow.cpp:117]   --->   Operation 47 'getelementptr' 'src_10_addr_2' <Predicate = (!tmp_3)> <Delay = 0.00>
ST_1 : Operation 48 [1/1] (0.00ns)   --->   "%p_ZL5INV_W_2_4_addr = getelementptr i12 %p_ZL5INV_W_2_4, i64 0, i64 %zext_ln107" [kyber-mult-kernel-dataflow.cpp:119]   --->   Operation 48 'getelementptr' 'p_ZL5INV_W_2_4_addr' <Predicate = (!tmp_3)> <Delay = 0.00>
ST_1 : Operation 49 [2/2] (0.67ns)   --->   "%p_ZL5INV_W_2_4_load = load i5 %p_ZL5INV_W_2_4_addr" [kyber-mult-kernel-dataflow.cpp:119]   --->   Operation 49 'load' 'p_ZL5INV_W_2_4_load' <Predicate = (!tmp_3)> <Delay = 0.67> <CoreInst = "ROM">   --->   Core 101 'ROM' <Latency = 1> <II = 1> <Delay = 0.67> <Storage> <Opcode : 'load'> <Ports = 0> <Width = 12> <Depth = 32> <ROM>
ST_1 : Operation 50 [1/1] (0.00ns)   --->   "%p_ZL6INV_MW_2_4_addr = getelementptr i16 %p_ZL6INV_MW_2_4, i64 0, i64 %zext_ln107" [kyber-mult-kernel-dataflow.cpp:119]   --->   Operation 50 'getelementptr' 'p_ZL6INV_MW_2_4_addr' <Predicate = (!tmp_3)> <Delay = 0.00>
ST_1 : Operation 51 [2/2] (0.67ns)   --->   "%p_ZL6INV_MW_2_4_load = load i5 %p_ZL6INV_MW_2_4_addr" [kyber-mult-kernel-dataflow.cpp:119]   --->   Operation 51 'load' 'p_ZL6INV_MW_2_4_load' <Predicate = (!tmp_3)> <Delay = 0.67> <CoreInst = "ROM">   --->   Core 101 'ROM' <Latency = 1> <II = 1> <Delay = 0.67> <Storage> <Opcode : 'load'> <Ports = 0> <Width = 16> <Depth = 32> <ROM>
ST_1 : Operation 52 [1/1] (0.00ns)   --->   "%src_3_addr = getelementptr i12 %src_3, i64 0, i64 %zext_ln114" [kyber-mult-kernel-dataflow.cpp:116]   --->   Operation 52 'getelementptr' 'src_3_addr' <Predicate = (!tmp_3)> <Delay = 0.00>
ST_1 : Operation 53 [1/1] (0.00ns)   --->   "%src_11_addr = getelementptr i12 %src_11, i64 0, i64 %zext_ln114" [kyber-mult-kernel-dataflow.cpp:116]   --->   Operation 53 'getelementptr' 'src_11_addr' <Predicate = (!tmp_3)> <Delay = 0.00>
ST_1 : Operation 54 [1/1] (0.00ns)   --->   "%src_3_addr_2 = getelementptr i12 %src_3, i64 0, i64 %zext_ln115" [kyber-mult-kernel-dataflow.cpp:117]   --->   Operation 54 'getelementptr' 'src_3_addr_2' <Predicate = (!tmp_3)> <Delay = 0.00>
ST_1 : Operation 55 [1/1] (0.00ns)   --->   "%src_11_addr_2 = getelementptr i12 %src_11, i64 0, i64 %zext_ln115" [kyber-mult-kernel-dataflow.cpp:117]   --->   Operation 55 'getelementptr' 'src_11_addr_2' <Predicate = (!tmp_3)> <Delay = 0.00>
ST_1 : Operation 56 [1/1] (0.00ns)   --->   "%p_ZL5INV_W_3_4_addr = getelementptr i12 %p_ZL5INV_W_3_4, i64 0, i64 %zext_ln107" [kyber-mult-kernel-dataflow.cpp:119]   --->   Operation 56 'getelementptr' 'p_ZL5INV_W_3_4_addr' <Predicate = (!tmp_3)> <Delay = 0.00>
ST_1 : Operation 57 [2/2] (0.67ns)   --->   "%p_ZL5INV_W_3_4_load = load i5 %p_ZL5INV_W_3_4_addr" [kyber-mult-kernel-dataflow.cpp:119]   --->   Operation 57 'load' 'p_ZL5INV_W_3_4_load' <Predicate = (!tmp_3)> <Delay = 0.67> <CoreInst = "ROM">   --->   Core 101 'ROM' <Latency = 1> <II = 1> <Delay = 0.67> <Storage> <Opcode : 'load'> <Ports = 0> <Width = 12> <Depth = 32> <ROM>
ST_1 : Operation 58 [1/1] (0.00ns)   --->   "%p_ZL6INV_MW_3_4_addr = getelementptr i16 %p_ZL6INV_MW_3_4, i64 0, i64 %zext_ln107" [kyber-mult-kernel-dataflow.cpp:119]   --->   Operation 58 'getelementptr' 'p_ZL6INV_MW_3_4_addr' <Predicate = (!tmp_3)> <Delay = 0.00>
ST_1 : Operation 59 [2/2] (0.67ns)   --->   "%p_ZL6INV_MW_3_4_load = load i5 %p_ZL6INV_MW_3_4_addr" [kyber-mult-kernel-dataflow.cpp:119]   --->   Operation 59 'load' 'p_ZL6INV_MW_3_4_load' <Predicate = (!tmp_3)> <Delay = 0.67> <CoreInst = "ROM">   --->   Core 101 'ROM' <Latency = 1> <II = 1> <Delay = 0.67> <Storage> <Opcode : 'load'> <Ports = 0> <Width = 16> <Depth = 32> <ROM>
ST_1 : Operation 60 [1/1] (0.00ns)   --->   "%or_ln112 = or i5 %lshr_ln, i5 1" [kyber-mult-kernel-dataflow.cpp:112]   --->   Operation 60 'or' 'or_ln112' <Predicate = (!tmp_3)> <Delay = 0.00>
ST_1 : Operation 61 [1/1] (0.00ns)   --->   "%zext_ln114_2 = zext i5 %or_ln112" [kyber-mult-kernel-dataflow.cpp:114]   --->   Operation 61 'zext' 'zext_ln114_2' <Predicate = (!tmp_3)> <Delay = 0.00>
ST_1 : Operation 62 [1/1] (0.00ns)   --->   "%src_4_addr = getelementptr i12 %src_4, i64 0, i64 %zext_ln114" [kyber-mult-kernel-dataflow.cpp:116]   --->   Operation 62 'getelementptr' 'src_4_addr' <Predicate = (!tmp_3)> <Delay = 0.00>
ST_1 : Operation 63 [1/1] (0.00ns)   --->   "%src_12_addr = getelementptr i12 %src_12, i64 0, i64 %zext_ln114" [kyber-mult-kernel-dataflow.cpp:116]   --->   Operation 63 'getelementptr' 'src_12_addr' <Predicate = (!tmp_3)> <Delay = 0.00>
ST_1 : Operation 64 [1/1] (0.00ns)   --->   "%src_4_addr_2 = getelementptr i12 %src_4, i64 0, i64 %zext_ln115" [kyber-mult-kernel-dataflow.cpp:117]   --->   Operation 64 'getelementptr' 'src_4_addr_2' <Predicate = (!tmp_3)> <Delay = 0.00>
ST_1 : Operation 65 [1/1] (0.00ns)   --->   "%src_12_addr_2 = getelementptr i12 %src_12, i64 0, i64 %zext_ln115" [kyber-mult-kernel-dataflow.cpp:117]   --->   Operation 65 'getelementptr' 'src_12_addr_2' <Predicate = (!tmp_3)> <Delay = 0.00>
ST_1 : Operation 66 [1/1] (0.00ns)   --->   "%p_ZL5INV_W_0_4_addr_1 = getelementptr i12 %p_ZL5INV_W_0_4, i64 0, i64 %zext_ln114_2" [kyber-mult-kernel-dataflow.cpp:119]   --->   Operation 66 'getelementptr' 'p_ZL5INV_W_0_4_addr_1' <Predicate = (!tmp_3)> <Delay = 0.00>
ST_1 : Operation 67 [2/2] (0.67ns)   --->   "%p_ZL5INV_W_0_4_load_1 = load i5 %p_ZL5INV_W_0_4_addr_1" [kyber-mult-kernel-dataflow.cpp:119]   --->   Operation 67 'load' 'p_ZL5INV_W_0_4_load_1' <Predicate = (!tmp_3)> <Delay = 0.67> <CoreInst = "ROM">   --->   Core 101 'ROM' <Latency = 1> <II = 1> <Delay = 0.67> <Storage> <Opcode : 'load'> <Ports = 0> <Width = 12> <Depth = 32> <ROM>
ST_1 : Operation 68 [1/1] (0.00ns)   --->   "%p_ZL6INV_MW_0_4_addr_1 = getelementptr i16 %p_ZL6INV_MW_0_4, i64 0, i64 %zext_ln114_2" [kyber-mult-kernel-dataflow.cpp:119]   --->   Operation 68 'getelementptr' 'p_ZL6INV_MW_0_4_addr_1' <Predicate = (!tmp_3)> <Delay = 0.00>
ST_1 : Operation 69 [2/2] (0.67ns)   --->   "%p_ZL6INV_MW_0_4_load_1 = load i5 %p_ZL6INV_MW_0_4_addr_1" [kyber-mult-kernel-dataflow.cpp:119]   --->   Operation 69 'load' 'p_ZL6INV_MW_0_4_load_1' <Predicate = (!tmp_3)> <Delay = 0.67> <CoreInst = "ROM">   --->   Core 101 'ROM' <Latency = 1> <II = 1> <Delay = 0.67> <Storage> <Opcode : 'load'> <Ports = 0> <Width = 16> <Depth = 32> <ROM>
ST_1 : Operation 70 [1/1] (0.00ns)   --->   "%src_5_addr = getelementptr i12 %src_5, i64 0, i64 %zext_ln114" [kyber-mult-kernel-dataflow.cpp:116]   --->   Operation 70 'getelementptr' 'src_5_addr' <Predicate = (!tmp_3)> <Delay = 0.00>
ST_1 : Operation 71 [1/1] (0.00ns)   --->   "%src_13_addr = getelementptr i12 %src_13, i64 0, i64 %zext_ln114" [kyber-mult-kernel-dataflow.cpp:116]   --->   Operation 71 'getelementptr' 'src_13_addr' <Predicate = (!tmp_3)> <Delay = 0.00>
ST_1 : Operation 72 [1/1] (0.00ns)   --->   "%src_5_addr_2 = getelementptr i12 %src_5, i64 0, i64 %zext_ln115" [kyber-mult-kernel-dataflow.cpp:117]   --->   Operation 72 'getelementptr' 'src_5_addr_2' <Predicate = (!tmp_3)> <Delay = 0.00>
ST_1 : Operation 73 [1/1] (0.00ns)   --->   "%src_13_addr_2 = getelementptr i12 %src_13, i64 0, i64 %zext_ln115" [kyber-mult-kernel-dataflow.cpp:117]   --->   Operation 73 'getelementptr' 'src_13_addr_2' <Predicate = (!tmp_3)> <Delay = 0.00>
ST_1 : Operation 74 [1/1] (0.00ns)   --->   "%p_ZL5INV_W_1_4_addr_1 = getelementptr i12 %p_ZL5INV_W_1_4, i64 0, i64 %zext_ln114_2" [kyber-mult-kernel-dataflow.cpp:119]   --->   Operation 74 'getelementptr' 'p_ZL5INV_W_1_4_addr_1' <Predicate = (!tmp_3)> <Delay = 0.00>
ST_1 : Operation 75 [2/2] (0.67ns)   --->   "%p_ZL5INV_W_1_4_load_1 = load i5 %p_ZL5INV_W_1_4_addr_1" [kyber-mult-kernel-dataflow.cpp:119]   --->   Operation 75 'load' 'p_ZL5INV_W_1_4_load_1' <Predicate = (!tmp_3)> <Delay = 0.67> <CoreInst = "ROM">   --->   Core 101 'ROM' <Latency = 1> <II = 1> <Delay = 0.67> <Storage> <Opcode : 'load'> <Ports = 0> <Width = 12> <Depth = 32> <ROM>
ST_1 : Operation 76 [1/1] (0.00ns)   --->   "%p_ZL6INV_MW_1_4_addr_1 = getelementptr i16 %p_ZL6INV_MW_1_4, i64 0, i64 %zext_ln114_2" [kyber-mult-kernel-dataflow.cpp:119]   --->   Operation 76 'getelementptr' 'p_ZL6INV_MW_1_4_addr_1' <Predicate = (!tmp_3)> <Delay = 0.00>
ST_1 : Operation 77 [2/2] (0.67ns)   --->   "%p_ZL6INV_MW_1_4_load_1 = load i5 %p_ZL6INV_MW_1_4_addr_1" [kyber-mult-kernel-dataflow.cpp:119]   --->   Operation 77 'load' 'p_ZL6INV_MW_1_4_load_1' <Predicate = (!tmp_3)> <Delay = 0.67> <CoreInst = "ROM">   --->   Core 101 'ROM' <Latency = 1> <II = 1> <Delay = 0.67> <Storage> <Opcode : 'load'> <Ports = 0> <Width = 16> <Depth = 32> <ROM>
ST_1 : Operation 78 [1/1] (0.00ns)   --->   "%src_6_addr = getelementptr i12 %src_6, i64 0, i64 %zext_ln114" [kyber-mult-kernel-dataflow.cpp:116]   --->   Operation 78 'getelementptr' 'src_6_addr' <Predicate = (!tmp_3)> <Delay = 0.00>
ST_1 : Operation 79 [1/1] (0.00ns)   --->   "%src_14_addr = getelementptr i12 %src_14, i64 0, i64 %zext_ln114" [kyber-mult-kernel-dataflow.cpp:116]   --->   Operation 79 'getelementptr' 'src_14_addr' <Predicate = (!tmp_3)> <Delay = 0.00>
ST_1 : Operation 80 [1/1] (0.00ns)   --->   "%src_6_addr_2 = getelementptr i12 %src_6, i64 0, i64 %zext_ln115" [kyber-mult-kernel-dataflow.cpp:117]   --->   Operation 80 'getelementptr' 'src_6_addr_2' <Predicate = (!tmp_3)> <Delay = 0.00>
ST_1 : Operation 81 [1/1] (0.00ns)   --->   "%src_14_addr_2 = getelementptr i12 %src_14, i64 0, i64 %zext_ln115" [kyber-mult-kernel-dataflow.cpp:117]   --->   Operation 81 'getelementptr' 'src_14_addr_2' <Predicate = (!tmp_3)> <Delay = 0.00>
ST_1 : Operation 82 [1/1] (0.00ns)   --->   "%p_ZL5INV_W_2_4_addr_1 = getelementptr i12 %p_ZL5INV_W_2_4, i64 0, i64 %zext_ln114_2" [kyber-mult-kernel-dataflow.cpp:119]   --->   Operation 82 'getelementptr' 'p_ZL5INV_W_2_4_addr_1' <Predicate = (!tmp_3)> <Delay = 0.00>
ST_1 : Operation 83 [2/2] (0.67ns)   --->   "%p_ZL5INV_W_2_4_load_1 = load i5 %p_ZL5INV_W_2_4_addr_1" [kyber-mult-kernel-dataflow.cpp:119]   --->   Operation 83 'load' 'p_ZL5INV_W_2_4_load_1' <Predicate = (!tmp_3)> <Delay = 0.67> <CoreInst = "ROM">   --->   Core 101 'ROM' <Latency = 1> <II = 1> <Delay = 0.67> <Storage> <Opcode : 'load'> <Ports = 0> <Width = 12> <Depth = 32> <ROM>
ST_1 : Operation 84 [1/1] (0.00ns)   --->   "%p_ZL6INV_MW_2_4_addr_1 = getelementptr i16 %p_ZL6INV_MW_2_4, i64 0, i64 %zext_ln114_2" [kyber-mult-kernel-dataflow.cpp:119]   --->   Operation 84 'getelementptr' 'p_ZL6INV_MW_2_4_addr_1' <Predicate = (!tmp_3)> <Delay = 0.00>
ST_1 : Operation 85 [2/2] (0.67ns)   --->   "%p_ZL6INV_MW_2_4_load_1 = load i5 %p_ZL6INV_MW_2_4_addr_1" [kyber-mult-kernel-dataflow.cpp:119]   --->   Operation 85 'load' 'p_ZL6INV_MW_2_4_load_1' <Predicate = (!tmp_3)> <Delay = 0.67> <CoreInst = "ROM">   --->   Core 101 'ROM' <Latency = 1> <II = 1> <Delay = 0.67> <Storage> <Opcode : 'load'> <Ports = 0> <Width = 16> <Depth = 32> <ROM>
ST_1 : Operation 86 [1/1] (0.00ns)   --->   "%src_7_addr = getelementptr i12 %src_7, i64 0, i64 %zext_ln114" [kyber-mult-kernel-dataflow.cpp:116]   --->   Operation 86 'getelementptr' 'src_7_addr' <Predicate = (!tmp_3)> <Delay = 0.00>
ST_1 : Operation 87 [1/1] (0.00ns)   --->   "%src_15_addr = getelementptr i12 %src_15, i64 0, i64 %zext_ln114" [kyber-mult-kernel-dataflow.cpp:116]   --->   Operation 87 'getelementptr' 'src_15_addr' <Predicate = (!tmp_3)> <Delay = 0.00>
ST_1 : Operation 88 [1/1] (0.00ns)   --->   "%src_7_addr_2 = getelementptr i12 %src_7, i64 0, i64 %zext_ln115" [kyber-mult-kernel-dataflow.cpp:117]   --->   Operation 88 'getelementptr' 'src_7_addr_2' <Predicate = (!tmp_3)> <Delay = 0.00>
ST_1 : Operation 89 [1/1] (0.00ns)   --->   "%src_15_addr_2 = getelementptr i12 %src_15, i64 0, i64 %zext_ln115" [kyber-mult-kernel-dataflow.cpp:117]   --->   Operation 89 'getelementptr' 'src_15_addr_2' <Predicate = (!tmp_3)> <Delay = 0.00>
ST_1 : Operation 90 [2/2] (0.67ns)   --->   "%src_1_load = load i4 %src_1_addr" [kyber-mult-kernel-dataflow.cpp:116]   --->   Operation 90 'load' 'src_1_load' <Predicate = (!tmp_3)> <Delay = 0.67> <CoreInst = "RAM">   --->   Core 83 'RAM' <Latency = 1> <II = 1> <Delay = 0.67> <Storage> <Opcode : 'load' 'store'> <Ports = 2> <Width = 12> <Depth = 16> <RAM>
ST_1 : Operation 91 [2/2] (0.67ns)   --->   "%src_9_load = load i4 %src_9_addr" [kyber-mult-kernel-dataflow.cpp:116]   --->   Operation 91 'load' 'src_9_load' <Predicate = (!tmp_3)> <Delay = 0.67> <CoreInst = "RAM">   --->   Core 83 'RAM' <Latency = 1> <II = 1> <Delay = 0.67> <Storage> <Opcode : 'load' 'store'> <Ports = 2> <Width = 12> <Depth = 16> <RAM>
ST_1 : Operation 92 [2/2] (0.67ns)   --->   "%src_1_load_2 = load i4 %src_1_addr_2" [kyber-mult-kernel-dataflow.cpp:117]   --->   Operation 92 'load' 'src_1_load_2' <Predicate = (!tmp_3)> <Delay = 0.67> <CoreInst = "RAM">   --->   Core 83 'RAM' <Latency = 1> <II = 1> <Delay = 0.67> <Storage> <Opcode : 'load' 'store'> <Ports = 2> <Width = 12> <Depth = 16> <RAM>
ST_1 : Operation 93 [2/2] (0.67ns)   --->   "%src_9_load_2 = load i4 %src_9_addr_2" [kyber-mult-kernel-dataflow.cpp:117]   --->   Operation 93 'load' 'src_9_load_2' <Predicate = (!tmp_3)> <Delay = 0.67> <CoreInst = "RAM">   --->   Core 83 'RAM' <Latency = 1> <II = 1> <Delay = 0.67> <Storage> <Opcode : 'load' 'store'> <Ports = 2> <Width = 12> <Depth = 16> <RAM>
ST_1 : Operation 94 [2/2] (0.67ns)   --->   "%src_2_load = load i4 %src_2_addr" [kyber-mult-kernel-dataflow.cpp:116]   --->   Operation 94 'load' 'src_2_load' <Predicate = (!tmp_3)> <Delay = 0.67> <CoreInst = "RAM">   --->   Core 83 'RAM' <Latency = 1> <II = 1> <Delay = 0.67> <Storage> <Opcode : 'load' 'store'> <Ports = 2> <Width = 12> <Depth = 16> <RAM>
ST_1 : Operation 95 [2/2] (0.67ns)   --->   "%src_10_load = load i4 %src_10_addr" [kyber-mult-kernel-dataflow.cpp:116]   --->   Operation 95 'load' 'src_10_load' <Predicate = (!tmp_3)> <Delay = 0.67> <CoreInst = "RAM">   --->   Core 83 'RAM' <Latency = 1> <II = 1> <Delay = 0.67> <Storage> <Opcode : 'load' 'store'> <Ports = 2> <Width = 12> <Depth = 16> <RAM>
ST_1 : Operation 96 [2/2] (0.67ns)   --->   "%src_2_load_2 = load i4 %src_2_addr_2" [kyber-mult-kernel-dataflow.cpp:117]   --->   Operation 96 'load' 'src_2_load_2' <Predicate = (!tmp_3)> <Delay = 0.67> <CoreInst = "RAM">   --->   Core 83 'RAM' <Latency = 1> <II = 1> <Delay = 0.67> <Storage> <Opcode : 'load' 'store'> <Ports = 2> <Width = 12> <Depth = 16> <RAM>
ST_1 : Operation 97 [2/2] (0.67ns)   --->   "%src_10_load_2 = load i4 %src_10_addr_2" [kyber-mult-kernel-dataflow.cpp:117]   --->   Operation 97 'load' 'src_10_load_2' <Predicate = (!tmp_3)> <Delay = 0.67> <CoreInst = "RAM">   --->   Core 83 'RAM' <Latency = 1> <II = 1> <Delay = 0.67> <Storage> <Opcode : 'load' 'store'> <Ports = 2> <Width = 12> <Depth = 16> <RAM>
ST_1 : Operation 98 [2/2] (0.67ns)   --->   "%src_3_load = load i4 %src_3_addr" [kyber-mult-kernel-dataflow.cpp:116]   --->   Operation 98 'load' 'src_3_load' <Predicate = (!tmp_3)> <Delay = 0.67> <CoreInst = "RAM">   --->   Core 83 'RAM' <Latency = 1> <II = 1> <Delay = 0.67> <Storage> <Opcode : 'load' 'store'> <Ports = 2> <Width = 12> <Depth = 16> <RAM>
ST_1 : Operation 99 [2/2] (0.67ns)   --->   "%src_11_load = load i4 %src_11_addr" [kyber-mult-kernel-dataflow.cpp:116]   --->   Operation 99 'load' 'src_11_load' <Predicate = (!tmp_3)> <Delay = 0.67> <CoreInst = "RAM">   --->   Core 83 'RAM' <Latency = 1> <II = 1> <Delay = 0.67> <Storage> <Opcode : 'load' 'store'> <Ports = 2> <Width = 12> <Depth = 16> <RAM>
ST_1 : Operation 100 [2/2] (0.67ns)   --->   "%src_3_load_2 = load i4 %src_3_addr_2" [kyber-mult-kernel-dataflow.cpp:117]   --->   Operation 100 'load' 'src_3_load_2' <Predicate = (!tmp_3)> <Delay = 0.67> <CoreInst = "RAM">   --->   Core 83 'RAM' <Latency = 1> <II = 1> <Delay = 0.67> <Storage> <Opcode : 'load' 'store'> <Ports = 2> <Width = 12> <Depth = 16> <RAM>
ST_1 : Operation 101 [2/2] (0.67ns)   --->   "%src_11_load_2 = load i4 %src_11_addr_2" [kyber-mult-kernel-dataflow.cpp:117]   --->   Operation 101 'load' 'src_11_load_2' <Predicate = (!tmp_3)> <Delay = 0.67> <CoreInst = "RAM">   --->   Core 83 'RAM' <Latency = 1> <II = 1> <Delay = 0.67> <Storage> <Opcode : 'load' 'store'> <Ports = 2> <Width = 12> <Depth = 16> <RAM>
ST_1 : Operation 102 [2/2] (0.67ns)   --->   "%src_4_load = load i4 %src_4_addr" [kyber-mult-kernel-dataflow.cpp:116]   --->   Operation 102 'load' 'src_4_load' <Predicate = (!tmp_3)> <Delay = 0.67> <CoreInst = "RAM">   --->   Core 83 'RAM' <Latency = 1> <II = 1> <Delay = 0.67> <Storage> <Opcode : 'load' 'store'> <Ports = 2> <Width = 12> <Depth = 16> <RAM>
ST_1 : Operation 103 [2/2] (0.67ns)   --->   "%src_12_load = load i4 %src_12_addr" [kyber-mult-kernel-dataflow.cpp:116]   --->   Operation 103 'load' 'src_12_load' <Predicate = (!tmp_3)> <Delay = 0.67> <CoreInst = "RAM">   --->   Core 83 'RAM' <Latency = 1> <II = 1> <Delay = 0.67> <Storage> <Opcode : 'load' 'store'> <Ports = 2> <Width = 12> <Depth = 16> <RAM>
ST_1 : Operation 104 [2/2] (0.67ns)   --->   "%src_4_load_2 = load i4 %src_4_addr_2" [kyber-mult-kernel-dataflow.cpp:117]   --->   Operation 104 'load' 'src_4_load_2' <Predicate = (!tmp_3)> <Delay = 0.67> <CoreInst = "RAM">   --->   Core 83 'RAM' <Latency = 1> <II = 1> <Delay = 0.67> <Storage> <Opcode : 'load' 'store'> <Ports = 2> <Width = 12> <Depth = 16> <RAM>
ST_1 : Operation 105 [2/2] (0.67ns)   --->   "%src_12_load_2 = load i4 %src_12_addr_2" [kyber-mult-kernel-dataflow.cpp:117]   --->   Operation 105 'load' 'src_12_load_2' <Predicate = (!tmp_3)> <Delay = 0.67> <CoreInst = "RAM">   --->   Core 83 'RAM' <Latency = 1> <II = 1> <Delay = 0.67> <Storage> <Opcode : 'load' 'store'> <Ports = 2> <Width = 12> <Depth = 16> <RAM>
ST_1 : Operation 106 [2/2] (0.67ns)   --->   "%src_5_load = load i4 %src_5_addr" [kyber-mult-kernel-dataflow.cpp:116]   --->   Operation 106 'load' 'src_5_load' <Predicate = (!tmp_3)> <Delay = 0.67> <CoreInst = "RAM">   --->   Core 83 'RAM' <Latency = 1> <II = 1> <Delay = 0.67> <Storage> <Opcode : 'load' 'store'> <Ports = 2> <Width = 12> <Depth = 16> <RAM>
ST_1 : Operation 107 [2/2] (0.67ns)   --->   "%src_13_load = load i4 %src_13_addr" [kyber-mult-kernel-dataflow.cpp:116]   --->   Operation 107 'load' 'src_13_load' <Predicate = (!tmp_3)> <Delay = 0.67> <CoreInst = "RAM">   --->   Core 83 'RAM' <Latency = 1> <II = 1> <Delay = 0.67> <Storage> <Opcode : 'load' 'store'> <Ports = 2> <Width = 12> <Depth = 16> <RAM>
ST_1 : Operation 108 [2/2] (0.67ns)   --->   "%src_5_load_2 = load i4 %src_5_addr_2" [kyber-mult-kernel-dataflow.cpp:117]   --->   Operation 108 'load' 'src_5_load_2' <Predicate = (!tmp_3)> <Delay = 0.67> <CoreInst = "RAM">   --->   Core 83 'RAM' <Latency = 1> <II = 1> <Delay = 0.67> <Storage> <Opcode : 'load' 'store'> <Ports = 2> <Width = 12> <Depth = 16> <RAM>
ST_1 : Operation 109 [2/2] (0.67ns)   --->   "%src_13_load_2 = load i4 %src_13_addr_2" [kyber-mult-kernel-dataflow.cpp:117]   --->   Operation 109 'load' 'src_13_load_2' <Predicate = (!tmp_3)> <Delay = 0.67> <CoreInst = "RAM">   --->   Core 83 'RAM' <Latency = 1> <II = 1> <Delay = 0.67> <Storage> <Opcode : 'load' 'store'> <Ports = 2> <Width = 12> <Depth = 16> <RAM>
ST_1 : Operation 110 [2/2] (0.67ns)   --->   "%src_6_load = load i4 %src_6_addr" [kyber-mult-kernel-dataflow.cpp:116]   --->   Operation 110 'load' 'src_6_load' <Predicate = (!tmp_3)> <Delay = 0.67> <CoreInst = "RAM">   --->   Core 83 'RAM' <Latency = 1> <II = 1> <Delay = 0.67> <Storage> <Opcode : 'load' 'store'> <Ports = 2> <Width = 12> <Depth = 16> <RAM>
ST_1 : Operation 111 [2/2] (0.67ns)   --->   "%src_14_load = load i4 %src_14_addr" [kyber-mult-kernel-dataflow.cpp:116]   --->   Operation 111 'load' 'src_14_load' <Predicate = (!tmp_3)> <Delay = 0.67> <CoreInst = "RAM">   --->   Core 83 'RAM' <Latency = 1> <II = 1> <Delay = 0.67> <Storage> <Opcode : 'load' 'store'> <Ports = 2> <Width = 12> <Depth = 16> <RAM>
ST_1 : Operation 112 [2/2] (0.67ns)   --->   "%src_6_load_2 = load i4 %src_6_addr_2" [kyber-mult-kernel-dataflow.cpp:117]   --->   Operation 112 'load' 'src_6_load_2' <Predicate = (!tmp_3)> <Delay = 0.67> <CoreInst = "RAM">   --->   Core 83 'RAM' <Latency = 1> <II = 1> <Delay = 0.67> <Storage> <Opcode : 'load' 'store'> <Ports = 2> <Width = 12> <Depth = 16> <RAM>
ST_1 : Operation 113 [2/2] (0.67ns)   --->   "%src_14_load_2 = load i4 %src_14_addr_2" [kyber-mult-kernel-dataflow.cpp:117]   --->   Operation 113 'load' 'src_14_load_2' <Predicate = (!tmp_3)> <Delay = 0.67> <CoreInst = "RAM">   --->   Core 83 'RAM' <Latency = 1> <II = 1> <Delay = 0.67> <Storage> <Opcode : 'load' 'store'> <Ports = 2> <Width = 12> <Depth = 16> <RAM>
ST_1 : Operation 114 [2/2] (0.67ns)   --->   "%src_7_load = load i4 %src_7_addr" [kyber-mult-kernel-dataflow.cpp:116]   --->   Operation 114 'load' 'src_7_load' <Predicate = (!tmp_3)> <Delay = 0.67> <CoreInst = "RAM">   --->   Core 83 'RAM' <Latency = 1> <II = 1> <Delay = 0.67> <Storage> <Opcode : 'load' 'store'> <Ports = 2> <Width = 12> <Depth = 16> <RAM>
ST_1 : Operation 115 [2/2] (0.67ns)   --->   "%src_15_load = load i4 %src_15_addr" [kyber-mult-kernel-dataflow.cpp:116]   --->   Operation 115 'load' 'src_15_load' <Predicate = (!tmp_3)> <Delay = 0.67> <CoreInst = "RAM">   --->   Core 83 'RAM' <Latency = 1> <II = 1> <Delay = 0.67> <Storage> <Opcode : 'load' 'store'> <Ports = 2> <Width = 12> <Depth = 16> <RAM>
ST_1 : Operation 116 [2/2] (0.67ns)   --->   "%src_7_load_2 = load i4 %src_7_addr_2" [kyber-mult-kernel-dataflow.cpp:117]   --->   Operation 116 'load' 'src_7_load_2' <Predicate = (!tmp_3)> <Delay = 0.67> <CoreInst = "RAM">   --->   Core 83 'RAM' <Latency = 1> <II = 1> <Delay = 0.67> <Storage> <Opcode : 'load' 'store'> <Ports = 2> <Width = 12> <Depth = 16> <RAM>
ST_1 : Operation 117 [2/2] (0.67ns)   --->   "%src_15_load_2 = load i4 %src_15_addr_2" [kyber-mult-kernel-dataflow.cpp:117]   --->   Operation 117 'load' 'src_15_load_2' <Predicate = (!tmp_3)> <Delay = 0.67> <CoreInst = "RAM">   --->   Core 83 'RAM' <Latency = 1> <II = 1> <Delay = 0.67> <Storage> <Opcode : 'load' 'store'> <Ports = 2> <Width = 12> <Depth = 16> <RAM>
ST_1 : Operation 118 [1/1] (0.00ns)   --->   "%p_ZL5INV_W_3_4_addr_1 = getelementptr i12 %p_ZL5INV_W_3_4, i64 0, i64 %zext_ln114_2" [kyber-mult-kernel-dataflow.cpp:119]   --->   Operation 118 'getelementptr' 'p_ZL5INV_W_3_4_addr_1' <Predicate = (!tmp_3)> <Delay = 0.00>
ST_1 : Operation 119 [2/2] (0.67ns)   --->   "%p_ZL5INV_W_3_4_load_1 = load i5 %p_ZL5INV_W_3_4_addr_1" [kyber-mult-kernel-dataflow.cpp:119]   --->   Operation 119 'load' 'p_ZL5INV_W_3_4_load_1' <Predicate = (!tmp_3)> <Delay = 0.67> <CoreInst = "ROM">   --->   Core 101 'ROM' <Latency = 1> <II = 1> <Delay = 0.67> <Storage> <Opcode : 'load'> <Ports = 0> <Width = 12> <Depth = 32> <ROM>
ST_1 : Operation 120 [1/1] (0.00ns)   --->   "%p_ZL6INV_MW_3_4_addr_1 = getelementptr i16 %p_ZL6INV_MW_3_4, i64 0, i64 %zext_ln114_2" [kyber-mult-kernel-dataflow.cpp:119]   --->   Operation 120 'getelementptr' 'p_ZL6INV_MW_3_4_addr_1' <Predicate = (!tmp_3)> <Delay = 0.00>
ST_1 : Operation 121 [2/2] (0.67ns)   --->   "%p_ZL6INV_MW_3_4_load_1 = load i5 %p_ZL6INV_MW_3_4_addr_1" [kyber-mult-kernel-dataflow.cpp:119]   --->   Operation 121 'load' 'p_ZL6INV_MW_3_4_load_1' <Predicate = (!tmp_3)> <Delay = 0.67> <CoreInst = "ROM">   --->   Core 101 'ROM' <Latency = 1> <II = 1> <Delay = 0.67> <Storage> <Opcode : 'load'> <Ports = 0> <Width = 16> <Depth = 32> <ROM>
ST_1 : Operation 122 [1/1] (0.79ns)   --->   "%icmp_ln118 = icmp_eq  i4 %trunc_ln107, i4 0" [kyber-mult-kernel-dataflow.cpp:118]   --->   Operation 122 'icmp' 'icmp_ln118' <Predicate = (!tmp_3)> <Delay = 0.79> <CoreInst = "Cmp">   --->   Core 9 'Cmp' <Latency = 0> <II = 1> <Delay = 0.79> <FuncUnit> <Opcode : 'icmp'> <InPorts = 2> <OutPorts = 1>
ST_1 : Operation 123 [1/1] (0.00ns)   --->   "%br_ln118 = br i1 %icmp_ln118, void %arrayidx264.case.8, void %arrayidx264.case.0" [kyber-mult-kernel-dataflow.cpp:118]   --->   Operation 123 'br' 'br_ln118' <Predicate = (!tmp_3)> <Delay = 0.00>
ST_1 : Operation 124 [1/1] (0.76ns)   --->   "%add_ln107 = add i8 %m, i8 8" [kyber-mult-kernel-dataflow.cpp:107]   --->   Operation 124 'add' 'add_ln107' <Predicate = (!tmp_3)> <Delay = 0.76> <CoreInst = "Adder">   --->   Core 1 'Adder' <Latency = 0> <II = 1> <Delay = 0.76> <FuncUnit> <Opcode : 'add' 'sub'> <InPorts = 2> <OutPorts = 1>
ST_1 : Operation 125 [1/1] (0.42ns)   --->   "%store_ln111 = store i8 %add_ln107, i8 %idx" [kyber-mult-kernel-dataflow.cpp:111]   --->   Operation 125 'store' 'store_ln111' <Predicate = (!tmp_3)> <Delay = 0.42>
ST_1 : Operation 126 [1/1] (0.00ns)   --->   "%br_ln107 = br void %VITIS_LOOP_109_1" [kyber-mult-kernel-dataflow.cpp:107]   --->   Operation 126 'br' 'br_ln107' <Predicate = (!tmp_3)> <Delay = 0.00>

State 2 <SV = 1> <Delay = 5.10>
ST_2 : Operation 127 [1/2] (0.67ns)   --->   "%src_0_load = load i4 %src_0_addr" [kyber-mult-kernel-dataflow.cpp:116]   --->   Operation 127 'load' 'src_0_load' <Predicate = true> <Delay = 0.67> <CoreInst = "RAM">   --->   Core 83 'RAM' <Latency = 1> <II = 1> <Delay = 0.67> <Storage> <Opcode : 'load' 'store'> <Ports = 2> <Width = 12> <Depth = 16> <RAM>
ST_2 : Operation 128 [1/2] (0.67ns)   --->   "%src_8_load = load i4 %src_8_addr" [kyber-mult-kernel-dataflow.cpp:116]   --->   Operation 128 'load' 'src_8_load' <Predicate = true> <Delay = 0.67> <CoreInst = "RAM">   --->   Core 83 'RAM' <Latency = 1> <II = 1> <Delay = 0.67> <Storage> <Opcode : 'load' 'store'> <Ports = 2> <Width = 12> <Depth = 16> <RAM>
ST_2 : Operation 129 [1/1] (0.79ns)   --->   "%icmp_ln116 = icmp_ne  i4 %trunc_ln107, i4 0" [kyber-mult-kernel-dataflow.cpp:116]   --->   Operation 129 'icmp' 'icmp_ln116' <Predicate = true> <Delay = 0.79> <CoreInst = "Cmp">   --->   Core 9 'Cmp' <Latency = 0> <II = 1> <Delay = 0.79> <FuncUnit> <Opcode : 'icmp'> <InPorts = 2> <OutPorts = 1>
ST_2 : Operation 130 [1/1] (0.37ns)   --->   "%t = select i1 %icmp_ln116, i12 %src_8_load, i12 %src_0_load" [kyber-mult-kernel-dataflow.cpp:116]   --->   Operation 130 'select' 't' <Predicate = true> <Delay = 0.37> <CoreInst = "Sel">   --->   Core 73 'Sel' <Latency = 0> <II = 1> <Delay = 0.37> <FuncUnit> <Opcode : 'select'> <InPorts = 3> <OutPorts = 1>
ST_2 : Operation 131 [1/1] (0.00ns) (grouped into LUT with out node sub_ln52)   --->   "%zext_ln116 = zext i12 %t" [kyber-mult-kernel-dataflow.cpp:116]   --->   Operation 131 'zext' 'zext_ln116' <Predicate = true> <Delay = 0.00>
ST_2 : Operation 132 [1/1] (0.00ns)   --->   "%zext_ln116_7 = zext i12 %t" [kyber-mult-kernel-dataflow.cpp:116]   --->   Operation 132 'zext' 'zext_ln116_7' <Predicate = true> <Delay = 0.00>
ST_2 : Operation 133 [1/2] (0.67ns)   --->   "%src_0_load_2 = load i4 %src_0_addr_2" [kyber-mult-kernel-dataflow.cpp:117]   --->   Operation 133 'load' 'src_0_load_2' <Predicate = true> <Delay = 0.67> <CoreInst = "RAM">   --->   Core 83 'RAM' <Latency = 1> <II = 1> <Delay = 0.67> <Storage> <Opcode : 'load' 'store'> <Ports = 2> <Width = 12> <Depth = 16> <RAM>
ST_2 : Operation 134 [1/2] (0.67ns)   --->   "%src_8_load_2 = load i4 %src_8_addr_2" [kyber-mult-kernel-dataflow.cpp:117]   --->   Operation 134 'load' 'src_8_load_2' <Predicate = true> <Delay = 0.67> <CoreInst = "RAM">   --->   Core 83 'RAM' <Latency = 1> <II = 1> <Delay = 0.67> <Storage> <Opcode : 'load' 'store'> <Ports = 2> <Width = 12> <Depth = 16> <RAM>
ST_2 : Operation 135 [1/1] (0.37ns)   --->   "%v = select i1 %icmp_ln116, i12 %src_8_load_2, i12 %src_0_load_2" [kyber-mult-kernel-dataflow.cpp:117]   --->   Operation 135 'select' 'v' <Predicate = true> <Delay = 0.37> <CoreInst = "Sel">   --->   Core 73 'Sel' <Latency = 0> <II = 1> <Delay = 0.37> <FuncUnit> <Opcode : 'select'> <InPorts = 3> <OutPorts = 1>
ST_2 : Operation 136 [1/1] (0.00ns)   --->   "%zext_ln117 = zext i12 %v" [kyber-mult-kernel-dataflow.cpp:117]   --->   Operation 136 'zext' 'zext_ln117' <Predicate = true> <Delay = 0.00>
ST_2 : Operation 137 [1/1] (0.80ns)   --->   "%s = add i13 %zext_ln117, i13 %zext_ln116_7" [kyber-mult-kernel-dataflow.cpp:48->kyber-mult-kernel-dataflow.cpp:118]   --->   Operation 137 'add' 's' <Predicate = true> <Delay = 0.80> <CoreInst = "Adder">   --->   Core 1 'Adder' <Latency = 0> <II = 1> <Delay = 0.80> <FuncUnit> <Opcode : 'add' 'sub'> <InPorts = 2> <OutPorts = 1>
ST_2 : Operation 138 [1/1] (0.82ns)   --->   "%icmp_ln48 = icmp_ugt  i13 %s, i13 3328" [kyber-mult-kernel-dataflow.cpp:48->kyber-mult-kernel-dataflow.cpp:118]   --->   Operation 138 'icmp' 'icmp_ln48' <Predicate = true> <Delay = 0.82> <CoreInst = "Cmp">   --->   Core 9 'Cmp' <Latency = 0> <II = 1> <Delay = 0.82> <FuncUnit> <Opcode : 'icmp'> <InPorts = 2> <OutPorts = 1>
ST_2 : Operation 139 [1/1] (0.00ns)   --->   "%trunc_ln48 = trunc i13 %s" [kyber-mult-kernel-dataflow.cpp:48->kyber-mult-kernel-dataflow.cpp:118]   --->   Operation 139 'trunc' 'trunc_ln48' <Predicate = true> <Delay = 0.00>
ST_2 : Operation 140 [1/1] (0.80ns)   --->   "%add_ln48 = add i12 %trunc_ln48, i12 767" [kyber-mult-kernel-dataflow.cpp:48->kyber-mult-kernel-dataflow.cpp:118]   --->   Operation 140 'add' 'add_ln48' <Predicate = true> <Delay = 0.80> <CoreInst = "Adder">   --->   Core 1 'Adder' <Latency = 0> <II = 1> <Delay = 0.80> <FuncUnit> <Opcode : 'add' 'sub'> <InPorts = 2> <OutPorts = 1>
ST_2 : Operation 141 [1/1] (0.37ns)   --->   "%select_ln48 = select i1 %icmp_ln48, i12 %add_ln48, i12 %trunc_ln48" [kyber-mult-kernel-dataflow.cpp:48->kyber-mult-kernel-dataflow.cpp:118]   --->   Operation 141 'select' 'select_ln48' <Predicate = true> <Delay = 0.37> <CoreInst = "Sel">   --->   Core 73 'Sel' <Latency = 0> <II = 1> <Delay = 0.37> <FuncUnit> <Opcode : 'select'> <InPorts = 3> <OutPorts = 1>
ST_2 : Operation 142 [1/1] (0.80ns)   --->   "%icmp_ln52 = icmp_ult  i12 %v, i12 %t" [kyber-mult-kernel-dataflow.cpp:52->kyber-mult-kernel-dataflow.cpp:119]   --->   Operation 142 'icmp' 'icmp_ln52' <Predicate = true> <Delay = 0.80> <CoreInst = "Cmp">   --->   Core 9 'Cmp' <Latency = 0> <II = 1> <Delay = 0.80> <FuncUnit> <Opcode : 'icmp'> <InPorts = 2> <OutPorts = 1>
ST_2 : Operation 143 [1/1] (0.00ns) (grouped into LUT with out node sub_ln52)   --->   "%xor_ln52 = xor i1 %icmp_ln52, i1 1" [kyber-mult-kernel-dataflow.cpp:52->kyber-mult-kernel-dataflow.cpp:119]   --->   Operation 143 'xor' 'xor_ln52' <Predicate = true> <Delay = 0.00> <CoreInst = "LogicGate">   --->   Core 74 'LogicGate' <Latency = 0> <II = 1> <Delay = 0.28> <FuncUnit> <Opcode : 'and' 'or' 'xor'> <InPorts = 2> <OutPorts = 1>
ST_2 : Operation 144 [1/1] (0.82ns)   --->   "%add_ln52 = add i13 %zext_ln117, i13 3329" [kyber-mult-kernel-dataflow.cpp:52->kyber-mult-kernel-dataflow.cpp:119]   --->   Operation 144 'add' 'add_ln52' <Predicate = true> <Delay = 0.82> <CoreInst = "Adder">   --->   Core 1 'Adder' <Latency = 0> <II = 1> <Delay = 0.82> <FuncUnit> <Opcode : 'add' 'sub'> <InPorts = 2> <OutPorts = 1>
ST_2 : Operation 145 [1/1] (0.00ns) (grouped into LUT with out node sub_ln52)   --->   "%select_ln52 = select i1 %xor_ln52, i13 %zext_ln117, i13 %add_ln52" [kyber-mult-kernel-dataflow.cpp:52->kyber-mult-kernel-dataflow.cpp:119]   --->   Operation 145 'select' 'select_ln52' <Predicate = true> <Delay = 0.00> <CoreInst = "Sel">   --->   Core 73 'Sel' <Latency = 0> <II = 1> <Delay = 0.30> <FuncUnit> <Opcode : 'select'> <InPorts = 3> <OutPorts = 1>
ST_2 : Operation 146 [1/1] (0.00ns) (grouped into LUT with out node sub_ln52)   --->   "%zext_ln52 = zext i13 %select_ln52" [kyber-mult-kernel-dataflow.cpp:52->kyber-mult-kernel-dataflow.cpp:119]   --->   Operation 146 'zext' 'zext_ln52' <Predicate = true> <Delay = 0.00>
ST_2 : Operation 147 [1/1] (0.82ns) (out node of the LUT)   --->   "%sub_ln52 = sub i14 %zext_ln52, i14 %zext_ln116" [kyber-mult-kernel-dataflow.cpp:52->kyber-mult-kernel-dataflow.cpp:119]   --->   Operation 147 'sub' 'sub_ln52' <Predicate = true> <Delay = 0.82> <CoreInst = "Adder">   --->   Core 1 'Adder' <Latency = 0> <II = 1> <Delay = 0.82> <FuncUnit> <Opcode : 'add' 'sub'> <InPorts = 2> <OutPorts = 1>
ST_2 : Operation 148 [1/2] (0.67ns)   --->   "%p_ZL5INV_W_0_4_load = load i5 %p_ZL5INV_W_0_4_addr" [kyber-mult-kernel-dataflow.cpp:119]   --->   Operation 148 'load' 'p_ZL5INV_W_0_4_load' <Predicate = true> <Delay = 0.67> <CoreInst = "ROM">   --->   Core 101 'ROM' <Latency = 1> <II = 1> <Delay = 0.67> <Storage> <Opcode : 'load'> <Ports = 0> <Width = 12> <Depth = 32> <ROM>
ST_2 : Operation 149 [1/2] (0.67ns)   --->   "%p_ZL6INV_MW_0_4_load = load i5 %p_ZL6INV_MW_0_4_addr" [kyber-mult-kernel-dataflow.cpp:119]   --->   Operation 149 'load' 'p_ZL6INV_MW_0_4_load' <Predicate = true> <Delay = 0.67> <CoreInst = "ROM">   --->   Core 101 'ROM' <Latency = 1> <II = 1> <Delay = 0.67> <Storage> <Opcode : 'load'> <Ports = 0> <Width = 16> <Depth = 32> <ROM>
ST_2 : Operation 150 [1/1] (0.00ns)   --->   "%sext_ln36 = sext i14 %sub_ln52" [kyber-mult-kernel-dataflow.cpp:36->kyber-mult-kernel-dataflow.cpp:119]   --->   Operation 150 'sext' 'sext_ln36' <Predicate = true> <Delay = 0.00>
ST_2 : Operation 151 [1/1] (0.00ns)   --->   "%zext_ln36 = zext i32 %sext_ln36" [kyber-mult-kernel-dataflow.cpp:36->kyber-mult-kernel-dataflow.cpp:119]   --->   Operation 151 'zext' 'zext_ln36' <Predicate = true> <Delay = 0.00>
ST_2 : Operation 152 [1/1] (0.00ns)   --->   "%zext_ln36_46 = zext i16 %p_ZL6INV_MW_0_4_load" [kyber-mult-kernel-dataflow.cpp:36->kyber-mult-kernel-dataflow.cpp:119]   --->   Operation 152 'zext' 'zext_ln36_46' <Predicate = true> <Delay = 0.00>
ST_2 : Operation 153 [3/3] (2.29ns)   --->   "%xm = mul i48 %zext_ln36, i48 %zext_ln36_46" [kyber-mult-kernel-dataflow.cpp:36->kyber-mult-kernel-dataflow.cpp:119]   --->   Operation 153 'mul' 'xm' <Predicate = true> <Delay = 2.29> <CoreInst = "Mul_DSP">   --->   Core 5 'Mul_DSP' <Latency = 2> <II = 1> <Delay = 3.27> <FuncUnit> <Opcode : 'mul'> <InPorts = 2> <OutPorts = 1>
ST_2 : Operation 154 [1/1] (0.00ns)   --->   "%or_ln114 = or i4 %trunc_ln107, i4 1" [kyber-mult-kernel-dataflow.cpp:114]   --->   Operation 154 'or' 'or_ln114' <Predicate = true> <Delay = 0.00>
ST_2 : Operation 155 [1/2] (0.67ns)   --->   "%p_ZL5INV_W_1_4_load = load i5 %p_ZL5INV_W_1_4_addr" [kyber-mult-kernel-dataflow.cpp:119]   --->   Operation 155 'load' 'p_ZL5INV_W_1_4_load' <Predicate = true> <Delay = 0.67> <CoreInst = "ROM">   --->   Core 101 'ROM' <Latency = 1> <II = 1> <Delay = 0.67> <Storage> <Opcode : 'load'> <Ports = 0> <Width = 12> <Depth = 32> <ROM>
ST_2 : Operation 156 [1/2] (0.67ns)   --->   "%p_ZL6INV_MW_1_4_load = load i5 %p_ZL6INV_MW_1_4_addr" [kyber-mult-kernel-dataflow.cpp:119]   --->   Operation 156 'load' 'p_ZL6INV_MW_1_4_load' <Predicate = true> <Delay = 0.67> <CoreInst = "ROM">   --->   Core 101 'ROM' <Latency = 1> <II = 1> <Delay = 0.67> <Storage> <Opcode : 'load'> <Ports = 0> <Width = 16> <Depth = 32> <ROM>
ST_2 : Operation 157 [1/1] (0.00ns)   --->   "%zext_ln36_47 = zext i16 %p_ZL6INV_MW_1_4_load" [kyber-mult-kernel-dataflow.cpp:36->kyber-mult-kernel-dataflow.cpp:119]   --->   Operation 157 'zext' 'zext_ln36_47' <Predicate = true> <Delay = 0.00>
ST_2 : Operation 158 [1/1] (0.00ns)   --->   "%or_ln114_7 = or i4 %trunc_ln107, i4 2" [kyber-mult-kernel-dataflow.cpp:114]   --->   Operation 158 'or' 'or_ln114_7' <Predicate = true> <Delay = 0.00>
ST_2 : Operation 159 [1/2] (0.67ns)   --->   "%p_ZL5INV_W_2_4_load = load i5 %p_ZL5INV_W_2_4_addr" [kyber-mult-kernel-dataflow.cpp:119]   --->   Operation 159 'load' 'p_ZL5INV_W_2_4_load' <Predicate = true> <Delay = 0.67> <CoreInst = "ROM">   --->   Core 101 'ROM' <Latency = 1> <II = 1> <Delay = 0.67> <Storage> <Opcode : 'load'> <Ports = 0> <Width = 12> <Depth = 32> <ROM>
ST_2 : Operation 160 [1/2] (0.67ns)   --->   "%p_ZL6INV_MW_2_4_load = load i5 %p_ZL6INV_MW_2_4_addr" [kyber-mult-kernel-dataflow.cpp:119]   --->   Operation 160 'load' 'p_ZL6INV_MW_2_4_load' <Predicate = true> <Delay = 0.67> <CoreInst = "ROM">   --->   Core 101 'ROM' <Latency = 1> <II = 1> <Delay = 0.67> <Storage> <Opcode : 'load'> <Ports = 0> <Width = 16> <Depth = 32> <ROM>
ST_2 : Operation 161 [1/1] (0.00ns)   --->   "%zext_ln36_48 = zext i16 %p_ZL6INV_MW_2_4_load" [kyber-mult-kernel-dataflow.cpp:36->kyber-mult-kernel-dataflow.cpp:119]   --->   Operation 161 'zext' 'zext_ln36_48' <Predicate = true> <Delay = 0.00>
ST_2 : Operation 162 [1/1] (0.00ns)   --->   "%or_ln114_8 = or i4 %trunc_ln107, i4 3" [kyber-mult-kernel-dataflow.cpp:114]   --->   Operation 162 'or' 'or_ln114_8' <Predicate = true> <Delay = 0.00>
ST_2 : Operation 163 [1/2] (0.67ns)   --->   "%p_ZL5INV_W_3_4_load = load i5 %p_ZL5INV_W_3_4_addr" [kyber-mult-kernel-dataflow.cpp:119]   --->   Operation 163 'load' 'p_ZL5INV_W_3_4_load' <Predicate = true> <Delay = 0.67> <CoreInst = "ROM">   --->   Core 101 'ROM' <Latency = 1> <II = 1> <Delay = 0.67> <Storage> <Opcode : 'load'> <Ports = 0> <Width = 12> <Depth = 32> <ROM>
ST_2 : Operation 164 [1/2] (0.67ns)   --->   "%p_ZL6INV_MW_3_4_load = load i5 %p_ZL6INV_MW_3_4_addr" [kyber-mult-kernel-dataflow.cpp:119]   --->   Operation 164 'load' 'p_ZL6INV_MW_3_4_load' <Predicate = true> <Delay = 0.67> <CoreInst = "ROM">   --->   Core 101 'ROM' <Latency = 1> <II = 1> <Delay = 0.67> <Storage> <Opcode : 'load'> <Ports = 0> <Width = 16> <Depth = 32> <ROM>
ST_2 : Operation 165 [1/1] (0.00ns)   --->   "%zext_ln36_49 = zext i16 %p_ZL6INV_MW_3_4_load" [kyber-mult-kernel-dataflow.cpp:36->kyber-mult-kernel-dataflow.cpp:119]   --->   Operation 165 'zext' 'zext_ln36_49' <Predicate = true> <Delay = 0.00>
ST_2 : Operation 166 [1/1] (0.00ns)   --->   "%or_ln114_9 = or i4 %trunc_ln107, i4 4" [kyber-mult-kernel-dataflow.cpp:114]   --->   Operation 166 'or' 'or_ln114_9' <Predicate = true> <Delay = 0.00>
ST_2 : Operation 167 [1/2] (0.67ns)   --->   "%p_ZL5INV_W_0_4_load_1 = load i5 %p_ZL5INV_W_0_4_addr_1" [kyber-mult-kernel-dataflow.cpp:119]   --->   Operation 167 'load' 'p_ZL5INV_W_0_4_load_1' <Predicate = true> <Delay = 0.67> <CoreInst = "ROM">   --->   Core 101 'ROM' <Latency = 1> <II = 1> <Delay = 0.67> <Storage> <Opcode : 'load'> <Ports = 0> <Width = 12> <Depth = 32> <ROM>
ST_2 : Operation 168 [1/2] (0.67ns)   --->   "%p_ZL6INV_MW_0_4_load_1 = load i5 %p_ZL6INV_MW_0_4_addr_1" [kyber-mult-kernel-dataflow.cpp:119]   --->   Operation 168 'load' 'p_ZL6INV_MW_0_4_load_1' <Predicate = true> <Delay = 0.67> <CoreInst = "ROM">   --->   Core 101 'ROM' <Latency = 1> <II = 1> <Delay = 0.67> <Storage> <Opcode : 'load'> <Ports = 0> <Width = 16> <Depth = 32> <ROM>
ST_2 : Operation 169 [1/1] (0.00ns)   --->   "%zext_ln36_50 = zext i16 %p_ZL6INV_MW_0_4_load_1" [kyber-mult-kernel-dataflow.cpp:36->kyber-mult-kernel-dataflow.cpp:119]   --->   Operation 169 'zext' 'zext_ln36_50' <Predicate = true> <Delay = 0.00>
ST_2 : Operation 170 [1/1] (0.00ns)   --->   "%or_ln114_10 = or i4 %trunc_ln107, i4 5" [kyber-mult-kernel-dataflow.cpp:114]   --->   Operation 170 'or' 'or_ln114_10' <Predicate = true> <Delay = 0.00>
ST_2 : Operation 171 [1/2] (0.67ns)   --->   "%p_ZL5INV_W_1_4_load_1 = load i5 %p_ZL5INV_W_1_4_addr_1" [kyber-mult-kernel-dataflow.cpp:119]   --->   Operation 171 'load' 'p_ZL5INV_W_1_4_load_1' <Predicate = true> <Delay = 0.67> <CoreInst = "ROM">   --->   Core 101 'ROM' <Latency = 1> <II = 1> <Delay = 0.67> <Storage> <Opcode : 'load'> <Ports = 0> <Width = 12> <Depth = 32> <ROM>
ST_2 : Operation 172 [1/2] (0.67ns)   --->   "%p_ZL6INV_MW_1_4_load_1 = load i5 %p_ZL6INV_MW_1_4_addr_1" [kyber-mult-kernel-dataflow.cpp:119]   --->   Operation 172 'load' 'p_ZL6INV_MW_1_4_load_1' <Predicate = true> <Delay = 0.67> <CoreInst = "ROM">   --->   Core 101 'ROM' <Latency = 1> <II = 1> <Delay = 0.67> <Storage> <Opcode : 'load'> <Ports = 0> <Width = 16> <Depth = 32> <ROM>
ST_2 : Operation 173 [1/1] (0.00ns)   --->   "%zext_ln36_51 = zext i16 %p_ZL6INV_MW_1_4_load_1" [kyber-mult-kernel-dataflow.cpp:36->kyber-mult-kernel-dataflow.cpp:119]   --->   Operation 173 'zext' 'zext_ln36_51' <Predicate = true> <Delay = 0.00>
ST_2 : Operation 174 [1/1] (0.00ns)   --->   "%or_ln114_11 = or i4 %trunc_ln107, i4 6" [kyber-mult-kernel-dataflow.cpp:114]   --->   Operation 174 'or' 'or_ln114_11' <Predicate = true> <Delay = 0.00>
ST_2 : Operation 175 [1/2] (0.67ns)   --->   "%p_ZL5INV_W_2_4_load_1 = load i5 %p_ZL5INV_W_2_4_addr_1" [kyber-mult-kernel-dataflow.cpp:119]   --->   Operation 175 'load' 'p_ZL5INV_W_2_4_load_1' <Predicate = true> <Delay = 0.67> <CoreInst = "ROM">   --->   Core 101 'ROM' <Latency = 1> <II = 1> <Delay = 0.67> <Storage> <Opcode : 'load'> <Ports = 0> <Width = 12> <Depth = 32> <ROM>
ST_2 : Operation 176 [1/2] (0.67ns)   --->   "%p_ZL6INV_MW_2_4_load_1 = load i5 %p_ZL6INV_MW_2_4_addr_1" [kyber-mult-kernel-dataflow.cpp:119]   --->   Operation 176 'load' 'p_ZL6INV_MW_2_4_load_1' <Predicate = true> <Delay = 0.67> <CoreInst = "ROM">   --->   Core 101 'ROM' <Latency = 1> <II = 1> <Delay = 0.67> <Storage> <Opcode : 'load'> <Ports = 0> <Width = 16> <Depth = 32> <ROM>
ST_2 : Operation 177 [1/1] (0.00ns)   --->   "%zext_ln36_52 = zext i16 %p_ZL6INV_MW_2_4_load_1" [kyber-mult-kernel-dataflow.cpp:36->kyber-mult-kernel-dataflow.cpp:119]   --->   Operation 177 'zext' 'zext_ln36_52' <Predicate = true> <Delay = 0.00>
ST_2 : Operation 178 [1/1] (0.00ns)   --->   "%or_ln114_12 = or i4 %trunc_ln107, i4 7" [kyber-mult-kernel-dataflow.cpp:114]   --->   Operation 178 'or' 'or_ln114_12' <Predicate = true> <Delay = 0.00>
ST_2 : Operation 179 [1/2] (0.67ns)   --->   "%src_1_load = load i4 %src_1_addr" [kyber-mult-kernel-dataflow.cpp:116]   --->   Operation 179 'load' 'src_1_load' <Predicate = true> <Delay = 0.67> <CoreInst = "RAM">   --->   Core 83 'RAM' <Latency = 1> <II = 1> <Delay = 0.67> <Storage> <Opcode : 'load' 'store'> <Ports = 2> <Width = 12> <Depth = 16> <RAM>
ST_2 : Operation 180 [1/2] (0.67ns)   --->   "%src_9_load = load i4 %src_9_addr" [kyber-mult-kernel-dataflow.cpp:116]   --->   Operation 180 'load' 'src_9_load' <Predicate = true> <Delay = 0.67> <CoreInst = "RAM">   --->   Core 83 'RAM' <Latency = 1> <II = 1> <Delay = 0.67> <Storage> <Opcode : 'load' 'store'> <Ports = 2> <Width = 12> <Depth = 16> <RAM>
ST_2 : Operation 181 [1/1] (0.79ns)   --->   "%icmp_ln116_8 = icmp_eq  i4 %or_ln114, i4 9" [kyber-mult-kernel-dataflow.cpp:116]   --->   Operation 181 'icmp' 'icmp_ln116_8' <Predicate = true> <Delay = 0.79> <CoreInst = "Cmp">   --->   Core 9 'Cmp' <Latency = 0> <II = 1> <Delay = 0.79> <FuncUnit> <Opcode : 'icmp'> <InPorts = 2> <OutPorts = 1>
ST_2 : Operation 182 [1/1] (0.37ns)   --->   "%t_36 = select i1 %icmp_ln116_8, i12 %src_9_load, i12 %src_1_load" [kyber-mult-kernel-dataflow.cpp:116]   --->   Operation 182 'select' 't_36' <Predicate = true> <Delay = 0.37> <CoreInst = "Sel">   --->   Core 73 'Sel' <Latency = 0> <II = 1> <Delay = 0.37> <FuncUnit> <Opcode : 'select'> <InPorts = 3> <OutPorts = 1>
ST_2 : Operation 183 [1/1] (0.00ns) (grouped into LUT with out node sub_ln52_22)   --->   "%zext_ln117_46 = zext i12 %t_36" [kyber-mult-kernel-dataflow.cpp:117]   --->   Operation 183 'zext' 'zext_ln117_46' <Predicate = true> <Delay = 0.00>
ST_2 : Operation 184 [1/1] (0.00ns)   --->   "%zext_ln117_47 = zext i12 %t_36" [kyber-mult-kernel-dataflow.cpp:117]   --->   Operation 184 'zext' 'zext_ln117_47' <Predicate = true> <Delay = 0.00>
ST_2 : Operation 185 [1/2] (0.67ns)   --->   "%src_1_load_2 = load i4 %src_1_addr_2" [kyber-mult-kernel-dataflow.cpp:117]   --->   Operation 185 'load' 'src_1_load_2' <Predicate = true> <Delay = 0.67> <CoreInst = "RAM">   --->   Core 83 'RAM' <Latency = 1> <II = 1> <Delay = 0.67> <Storage> <Opcode : 'load' 'store'> <Ports = 2> <Width = 12> <Depth = 16> <RAM>
ST_2 : Operation 186 [1/2] (0.67ns)   --->   "%src_9_load_2 = load i4 %src_9_addr_2" [kyber-mult-kernel-dataflow.cpp:117]   --->   Operation 186 'load' 'src_9_load_2' <Predicate = true> <Delay = 0.67> <CoreInst = "RAM">   --->   Core 83 'RAM' <Latency = 1> <II = 1> <Delay = 0.67> <Storage> <Opcode : 'load' 'store'> <Ports = 2> <Width = 12> <Depth = 16> <RAM>
ST_2 : Operation 187 [1/1] (0.37ns)   --->   "%v_36 = select i1 %icmp_ln116_8, i12 %src_9_load_2, i12 %src_1_load_2" [kyber-mult-kernel-dataflow.cpp:117]   --->   Operation 187 'select' 'v_36' <Predicate = true> <Delay = 0.37> <CoreInst = "Sel">   --->   Core 73 'Sel' <Latency = 0> <II = 1> <Delay = 0.37> <FuncUnit> <Opcode : 'select'> <InPorts = 3> <OutPorts = 1>
ST_2 : Operation 188 [1/1] (0.00ns)   --->   "%zext_ln48 = zext i12 %v_36" [kyber-mult-kernel-dataflow.cpp:48->kyber-mult-kernel-dataflow.cpp:118]   --->   Operation 188 'zext' 'zext_ln48' <Predicate = true> <Delay = 0.00>
ST_2 : Operation 189 [1/1] (0.80ns)   --->   "%s_47 = add i13 %zext_ln48, i13 %zext_ln117_47" [kyber-mult-kernel-dataflow.cpp:48->kyber-mult-kernel-dataflow.cpp:118]   --->   Operation 189 'add' 's_47' <Predicate = true> <Delay = 0.80> <CoreInst = "Adder">   --->   Core 1 'Adder' <Latency = 0> <II = 1> <Delay = 0.80> <FuncUnit> <Opcode : 'add' 'sub'> <InPorts = 2> <OutPorts = 1>
ST_2 : Operation 190 [1/1] (0.82ns)   --->   "%icmp_ln48_22 = icmp_ugt  i13 %s_47, i13 3328" [kyber-mult-kernel-dataflow.cpp:48->kyber-mult-kernel-dataflow.cpp:118]   --->   Operation 190 'icmp' 'icmp_ln48_22' <Predicate = true> <Delay = 0.82> <CoreInst = "Cmp">   --->   Core 9 'Cmp' <Latency = 0> <II = 1> <Delay = 0.82> <FuncUnit> <Opcode : 'icmp'> <InPorts = 2> <OutPorts = 1>
ST_2 : Operation 191 [1/1] (0.00ns)   --->   "%trunc_ln48_22 = trunc i13 %s_47" [kyber-mult-kernel-dataflow.cpp:48->kyber-mult-kernel-dataflow.cpp:118]   --->   Operation 191 'trunc' 'trunc_ln48_22' <Predicate = true> <Delay = 0.00>
ST_2 : Operation 192 [1/1] (0.80ns)   --->   "%add_ln48_44 = add i12 %trunc_ln48_22, i12 767" [kyber-mult-kernel-dataflow.cpp:48->kyber-mult-kernel-dataflow.cpp:118]   --->   Operation 192 'add' 'add_ln48_44' <Predicate = true> <Delay = 0.80> <CoreInst = "Adder">   --->   Core 1 'Adder' <Latency = 0> <II = 1> <Delay = 0.80> <FuncUnit> <Opcode : 'add' 'sub'> <InPorts = 2> <OutPorts = 1>
ST_2 : Operation 193 [1/1] (0.37ns)   --->   "%select_ln48_22 = select i1 %icmp_ln48_22, i12 %add_ln48_44, i12 %trunc_ln48_22" [kyber-mult-kernel-dataflow.cpp:48->kyber-mult-kernel-dataflow.cpp:118]   --->   Operation 193 'select' 'select_ln48_22' <Predicate = true> <Delay = 0.37> <CoreInst = "Sel">   --->   Core 73 'Sel' <Latency = 0> <II = 1> <Delay = 0.37> <FuncUnit> <Opcode : 'select'> <InPorts = 3> <OutPorts = 1>
ST_2 : Operation 194 [1/1] (0.80ns)   --->   "%icmp_ln52_22 = icmp_ult  i12 %v_36, i12 %t_36" [kyber-mult-kernel-dataflow.cpp:52->kyber-mult-kernel-dataflow.cpp:119]   --->   Operation 194 'icmp' 'icmp_ln52_22' <Predicate = true> <Delay = 0.80> <CoreInst = "Cmp">   --->   Core 9 'Cmp' <Latency = 0> <II = 1> <Delay = 0.80> <FuncUnit> <Opcode : 'icmp'> <InPorts = 2> <OutPorts = 1>
ST_2 : Operation 195 [1/1] (0.00ns) (grouped into LUT with out node sub_ln52_22)   --->   "%xor_ln52_22 = xor i1 %icmp_ln52_22, i1 1" [kyber-mult-kernel-dataflow.cpp:52->kyber-mult-kernel-dataflow.cpp:119]   --->   Operation 195 'xor' 'xor_ln52_22' <Predicate = true> <Delay = 0.00> <CoreInst = "LogicGate">   --->   Core 74 'LogicGate' <Latency = 0> <II = 1> <Delay = 0.28> <FuncUnit> <Opcode : 'and' 'or' 'xor'> <InPorts = 2> <OutPorts = 1>
ST_2 : Operation 196 [1/1] (0.82ns)   --->   "%add_ln52_22 = add i13 %zext_ln48, i13 3329" [kyber-mult-kernel-dataflow.cpp:52->kyber-mult-kernel-dataflow.cpp:119]   --->   Operation 196 'add' 'add_ln52_22' <Predicate = true> <Delay = 0.82> <CoreInst = "Adder">   --->   Core 1 'Adder' <Latency = 0> <II = 1> <Delay = 0.82> <FuncUnit> <Opcode : 'add' 'sub'> <InPorts = 2> <OutPorts = 1>
ST_2 : Operation 197 [1/1] (0.00ns) (grouped into LUT with out node sub_ln52_22)   --->   "%select_ln52_22 = select i1 %xor_ln52_22, i13 %zext_ln48, i13 %add_ln52_22" [kyber-mult-kernel-dataflow.cpp:52->kyber-mult-kernel-dataflow.cpp:119]   --->   Operation 197 'select' 'select_ln52_22' <Predicate = true> <Delay = 0.00> <CoreInst = "Sel">   --->   Core 73 'Sel' <Latency = 0> <II = 1> <Delay = 0.30> <FuncUnit> <Opcode : 'select'> <InPorts = 3> <OutPorts = 1>
ST_2 : Operation 198 [1/1] (0.00ns) (grouped into LUT with out node sub_ln52_22)   --->   "%zext_ln52_22 = zext i13 %select_ln52_22" [kyber-mult-kernel-dataflow.cpp:52->kyber-mult-kernel-dataflow.cpp:119]   --->   Operation 198 'zext' 'zext_ln52_22' <Predicate = true> <Delay = 0.00>
ST_2 : Operation 199 [1/1] (0.82ns) (out node of the LUT)   --->   "%sub_ln52_22 = sub i14 %zext_ln52_22, i14 %zext_ln117_46" [kyber-mult-kernel-dataflow.cpp:52->kyber-mult-kernel-dataflow.cpp:119]   --->   Operation 199 'sub' 'sub_ln52_22' <Predicate = true> <Delay = 0.82> <CoreInst = "Adder">   --->   Core 1 'Adder' <Latency = 0> <II = 1> <Delay = 0.82> <FuncUnit> <Opcode : 'add' 'sub'> <InPorts = 2> <OutPorts = 1>
ST_2 : Operation 200 [1/1] (0.00ns)   --->   "%sext_ln36_49 = sext i14 %sub_ln52_22" [kyber-mult-kernel-dataflow.cpp:36->kyber-mult-kernel-dataflow.cpp:119]   --->   Operation 200 'sext' 'sext_ln36_49' <Predicate = true> <Delay = 0.00>
ST_2 : Operation 201 [1/1] (0.00ns)   --->   "%zext_ln36_53 = zext i32 %sext_ln36_49" [kyber-mult-kernel-dataflow.cpp:36->kyber-mult-kernel-dataflow.cpp:119]   --->   Operation 201 'zext' 'zext_ln36_53' <Predicate = true> <Delay = 0.00>
ST_2 : Operation 202 [3/3] (2.29ns)   --->   "%xm_47 = mul i48 %zext_ln36_53, i48 %zext_ln36_47" [kyber-mult-kernel-dataflow.cpp:36->kyber-mult-kernel-dataflow.cpp:119]   --->   Operation 202 'mul' 'xm_47' <Predicate = true> <Delay = 2.29> <CoreInst = "Mul_DSP">   --->   Core 5 'Mul_DSP' <Latency = 2> <II = 1> <Delay = 3.27> <FuncUnit> <Opcode : 'mul'> <InPorts = 2> <OutPorts = 1>
ST_2 : Operation 203 [1/2] (0.67ns)   --->   "%src_2_load = load i4 %src_2_addr" [kyber-mult-kernel-dataflow.cpp:116]   --->   Operation 203 'load' 'src_2_load' <Predicate = true> <Delay = 0.67> <CoreInst = "RAM">   --->   Core 83 'RAM' <Latency = 1> <II = 1> <Delay = 0.67> <Storage> <Opcode : 'load' 'store'> <Ports = 2> <Width = 12> <Depth = 16> <RAM>
ST_2 : Operation 204 [1/2] (0.67ns)   --->   "%src_10_load = load i4 %src_10_addr" [kyber-mult-kernel-dataflow.cpp:116]   --->   Operation 204 'load' 'src_10_load' <Predicate = true> <Delay = 0.67> <CoreInst = "RAM">   --->   Core 83 'RAM' <Latency = 1> <II = 1> <Delay = 0.67> <Storage> <Opcode : 'load' 'store'> <Ports = 2> <Width = 12> <Depth = 16> <RAM>
ST_2 : Operation 205 [1/1] (0.79ns)   --->   "%icmp_ln116_9 = icmp_eq  i4 %or_ln114_7, i4 10" [kyber-mult-kernel-dataflow.cpp:116]   --->   Operation 205 'icmp' 'icmp_ln116_9' <Predicate = true> <Delay = 0.79> <CoreInst = "Cmp">   --->   Core 9 'Cmp' <Latency = 0> <II = 1> <Delay = 0.79> <FuncUnit> <Opcode : 'icmp'> <InPorts = 2> <OutPorts = 1>
ST_2 : Operation 206 [1/1] (0.37ns)   --->   "%t_37 = select i1 %icmp_ln116_9, i12 %src_10_load, i12 %src_2_load" [kyber-mult-kernel-dataflow.cpp:116]   --->   Operation 206 'select' 't_37' <Predicate = true> <Delay = 0.37> <CoreInst = "Sel">   --->   Core 73 'Sel' <Latency = 0> <II = 1> <Delay = 0.37> <FuncUnit> <Opcode : 'select'> <InPorts = 3> <OutPorts = 1>
ST_2 : Operation 207 [1/1] (0.00ns) (grouped into LUT with out node sub_ln52_23)   --->   "%zext_ln117_48 = zext i12 %t_37" [kyber-mult-kernel-dataflow.cpp:117]   --->   Operation 207 'zext' 'zext_ln117_48' <Predicate = true> <Delay = 0.00>
ST_2 : Operation 208 [1/1] (0.00ns)   --->   "%zext_ln117_49 = zext i12 %t_37" [kyber-mult-kernel-dataflow.cpp:117]   --->   Operation 208 'zext' 'zext_ln117_49' <Predicate = true> <Delay = 0.00>
ST_2 : Operation 209 [1/2] (0.67ns)   --->   "%src_2_load_2 = load i4 %src_2_addr_2" [kyber-mult-kernel-dataflow.cpp:117]   --->   Operation 209 'load' 'src_2_load_2' <Predicate = true> <Delay = 0.67> <CoreInst = "RAM">   --->   Core 83 'RAM' <Latency = 1> <II = 1> <Delay = 0.67> <Storage> <Opcode : 'load' 'store'> <Ports = 2> <Width = 12> <Depth = 16> <RAM>
ST_2 : Operation 210 [1/2] (0.67ns)   --->   "%src_10_load_2 = load i4 %src_10_addr_2" [kyber-mult-kernel-dataflow.cpp:117]   --->   Operation 210 'load' 'src_10_load_2' <Predicate = true> <Delay = 0.67> <CoreInst = "RAM">   --->   Core 83 'RAM' <Latency = 1> <II = 1> <Delay = 0.67> <Storage> <Opcode : 'load' 'store'> <Ports = 2> <Width = 12> <Depth = 16> <RAM>
ST_2 : Operation 211 [1/1] (0.37ns)   --->   "%v_37 = select i1 %icmp_ln116_9, i12 %src_10_load_2, i12 %src_2_load_2" [kyber-mult-kernel-dataflow.cpp:117]   --->   Operation 211 'select' 'v_37' <Predicate = true> <Delay = 0.37> <CoreInst = "Sel">   --->   Core 73 'Sel' <Latency = 0> <II = 1> <Delay = 0.37> <FuncUnit> <Opcode : 'select'> <InPorts = 3> <OutPorts = 1>
ST_2 : Operation 212 [1/1] (0.00ns)   --->   "%zext_ln48_16 = zext i12 %v_37" [kyber-mult-kernel-dataflow.cpp:48->kyber-mult-kernel-dataflow.cpp:118]   --->   Operation 212 'zext' 'zext_ln48_16' <Predicate = true> <Delay = 0.00>
ST_2 : Operation 213 [1/1] (0.80ns)   --->   "%s_48 = add i13 %zext_ln48_16, i13 %zext_ln117_49" [kyber-mult-kernel-dataflow.cpp:48->kyber-mult-kernel-dataflow.cpp:118]   --->   Operation 213 'add' 's_48' <Predicate = true> <Delay = 0.80> <CoreInst = "Adder">   --->   Core 1 'Adder' <Latency = 0> <II = 1> <Delay = 0.80> <FuncUnit> <Opcode : 'add' 'sub'> <InPorts = 2> <OutPorts = 1>
ST_2 : Operation 214 [1/1] (0.82ns)   --->   "%icmp_ln48_23 = icmp_ugt  i13 %s_48, i13 3328" [kyber-mult-kernel-dataflow.cpp:48->kyber-mult-kernel-dataflow.cpp:118]   --->   Operation 214 'icmp' 'icmp_ln48_23' <Predicate = true> <Delay = 0.82> <CoreInst = "Cmp">   --->   Core 9 'Cmp' <Latency = 0> <II = 1> <Delay = 0.82> <FuncUnit> <Opcode : 'icmp'> <InPorts = 2> <OutPorts = 1>
ST_2 : Operation 215 [1/1] (0.00ns)   --->   "%trunc_ln48_23 = trunc i13 %s_48" [kyber-mult-kernel-dataflow.cpp:48->kyber-mult-kernel-dataflow.cpp:118]   --->   Operation 215 'trunc' 'trunc_ln48_23' <Predicate = true> <Delay = 0.00>
ST_2 : Operation 216 [1/1] (0.80ns)   --->   "%add_ln48_46 = add i12 %trunc_ln48_23, i12 767" [kyber-mult-kernel-dataflow.cpp:48->kyber-mult-kernel-dataflow.cpp:118]   --->   Operation 216 'add' 'add_ln48_46' <Predicate = true> <Delay = 0.80> <CoreInst = "Adder">   --->   Core 1 'Adder' <Latency = 0> <II = 1> <Delay = 0.80> <FuncUnit> <Opcode : 'add' 'sub'> <InPorts = 2> <OutPorts = 1>
ST_2 : Operation 217 [1/1] (0.37ns)   --->   "%select_ln48_23 = select i1 %icmp_ln48_23, i12 %add_ln48_46, i12 %trunc_ln48_23" [kyber-mult-kernel-dataflow.cpp:48->kyber-mult-kernel-dataflow.cpp:118]   --->   Operation 217 'select' 'select_ln48_23' <Predicate = true> <Delay = 0.37> <CoreInst = "Sel">   --->   Core 73 'Sel' <Latency = 0> <II = 1> <Delay = 0.37> <FuncUnit> <Opcode : 'select'> <InPorts = 3> <OutPorts = 1>
ST_2 : Operation 218 [1/1] (0.80ns)   --->   "%icmp_ln52_23 = icmp_ult  i12 %v_37, i12 %t_37" [kyber-mult-kernel-dataflow.cpp:52->kyber-mult-kernel-dataflow.cpp:119]   --->   Operation 218 'icmp' 'icmp_ln52_23' <Predicate = true> <Delay = 0.80> <CoreInst = "Cmp">   --->   Core 9 'Cmp' <Latency = 0> <II = 1> <Delay = 0.80> <FuncUnit> <Opcode : 'icmp'> <InPorts = 2> <OutPorts = 1>
ST_2 : Operation 219 [1/1] (0.00ns) (grouped into LUT with out node sub_ln52_23)   --->   "%xor_ln52_23 = xor i1 %icmp_ln52_23, i1 1" [kyber-mult-kernel-dataflow.cpp:52->kyber-mult-kernel-dataflow.cpp:119]   --->   Operation 219 'xor' 'xor_ln52_23' <Predicate = true> <Delay = 0.00> <CoreInst = "LogicGate">   --->   Core 74 'LogicGate' <Latency = 0> <II = 1> <Delay = 0.28> <FuncUnit> <Opcode : 'and' 'or' 'xor'> <InPorts = 2> <OutPorts = 1>
ST_2 : Operation 220 [1/1] (0.82ns)   --->   "%add_ln52_23 = add i13 %zext_ln48_16, i13 3329" [kyber-mult-kernel-dataflow.cpp:52->kyber-mult-kernel-dataflow.cpp:119]   --->   Operation 220 'add' 'add_ln52_23' <Predicate = true> <Delay = 0.82> <CoreInst = "Adder">   --->   Core 1 'Adder' <Latency = 0> <II = 1> <Delay = 0.82> <FuncUnit> <Opcode : 'add' 'sub'> <InPorts = 2> <OutPorts = 1>
ST_2 : Operation 221 [1/1] (0.00ns) (grouped into LUT with out node sub_ln52_23)   --->   "%select_ln52_23 = select i1 %xor_ln52_23, i13 %zext_ln48_16, i13 %add_ln52_23" [kyber-mult-kernel-dataflow.cpp:52->kyber-mult-kernel-dataflow.cpp:119]   --->   Operation 221 'select' 'select_ln52_23' <Predicate = true> <Delay = 0.00> <CoreInst = "Sel">   --->   Core 73 'Sel' <Latency = 0> <II = 1> <Delay = 0.30> <FuncUnit> <Opcode : 'select'> <InPorts = 3> <OutPorts = 1>
ST_2 : Operation 222 [1/1] (0.00ns) (grouped into LUT with out node sub_ln52_23)   --->   "%zext_ln52_23 = zext i13 %select_ln52_23" [kyber-mult-kernel-dataflow.cpp:52->kyber-mult-kernel-dataflow.cpp:119]   --->   Operation 222 'zext' 'zext_ln52_23' <Predicate = true> <Delay = 0.00>
ST_2 : Operation 223 [1/1] (0.82ns) (out node of the LUT)   --->   "%sub_ln52_23 = sub i14 %zext_ln52_23, i14 %zext_ln117_48" [kyber-mult-kernel-dataflow.cpp:52->kyber-mult-kernel-dataflow.cpp:119]   --->   Operation 223 'sub' 'sub_ln52_23' <Predicate = true> <Delay = 0.82> <CoreInst = "Adder">   --->   Core 1 'Adder' <Latency = 0> <II = 1> <Delay = 0.82> <FuncUnit> <Opcode : 'add' 'sub'> <InPorts = 2> <OutPorts = 1>
ST_2 : Operation 224 [1/1] (0.00ns)   --->   "%sext_ln36_51 = sext i14 %sub_ln52_23" [kyber-mult-kernel-dataflow.cpp:36->kyber-mult-kernel-dataflow.cpp:119]   --->   Operation 224 'sext' 'sext_ln36_51' <Predicate = true> <Delay = 0.00>
ST_2 : Operation 225 [1/1] (0.00ns)   --->   "%zext_ln36_54 = zext i32 %sext_ln36_51" [kyber-mult-kernel-dataflow.cpp:36->kyber-mult-kernel-dataflow.cpp:119]   --->   Operation 225 'zext' 'zext_ln36_54' <Predicate = true> <Delay = 0.00>
ST_2 : Operation 226 [3/3] (2.29ns)   --->   "%xm_48 = mul i48 %zext_ln36_54, i48 %zext_ln36_48" [kyber-mult-kernel-dataflow.cpp:36->kyber-mult-kernel-dataflow.cpp:119]   --->   Operation 226 'mul' 'xm_48' <Predicate = true> <Delay = 2.29> <CoreInst = "Mul_DSP">   --->   Core 5 'Mul_DSP' <Latency = 2> <II = 1> <Delay = 3.27> <FuncUnit> <Opcode : 'mul'> <InPorts = 2> <OutPorts = 1>
ST_2 : Operation 227 [1/2] (0.67ns)   --->   "%src_3_load = load i4 %src_3_addr" [kyber-mult-kernel-dataflow.cpp:116]   --->   Operation 227 'load' 'src_3_load' <Predicate = true> <Delay = 0.67> <CoreInst = "RAM">   --->   Core 83 'RAM' <Latency = 1> <II = 1> <Delay = 0.67> <Storage> <Opcode : 'load' 'store'> <Ports = 2> <Width = 12> <Depth = 16> <RAM>
ST_2 : Operation 228 [1/2] (0.67ns)   --->   "%src_11_load = load i4 %src_11_addr" [kyber-mult-kernel-dataflow.cpp:116]   --->   Operation 228 'load' 'src_11_load' <Predicate = true> <Delay = 0.67> <CoreInst = "RAM">   --->   Core 83 'RAM' <Latency = 1> <II = 1> <Delay = 0.67> <Storage> <Opcode : 'load' 'store'> <Ports = 2> <Width = 12> <Depth = 16> <RAM>
ST_2 : Operation 229 [1/1] (0.79ns)   --->   "%icmp_ln116_10 = icmp_eq  i4 %or_ln114_8, i4 11" [kyber-mult-kernel-dataflow.cpp:116]   --->   Operation 229 'icmp' 'icmp_ln116_10' <Predicate = true> <Delay = 0.79> <CoreInst = "Cmp">   --->   Core 9 'Cmp' <Latency = 0> <II = 1> <Delay = 0.79> <FuncUnit> <Opcode : 'icmp'> <InPorts = 2> <OutPorts = 1>
ST_2 : Operation 230 [1/1] (0.37ns)   --->   "%t_38 = select i1 %icmp_ln116_10, i12 %src_11_load, i12 %src_3_load" [kyber-mult-kernel-dataflow.cpp:116]   --->   Operation 230 'select' 't_38' <Predicate = true> <Delay = 0.37> <CoreInst = "Sel">   --->   Core 73 'Sel' <Latency = 0> <II = 1> <Delay = 0.37> <FuncUnit> <Opcode : 'select'> <InPorts = 3> <OutPorts = 1>
ST_2 : Operation 231 [1/1] (0.00ns) (grouped into LUT with out node sub_ln52_24)   --->   "%zext_ln117_50 = zext i12 %t_38" [kyber-mult-kernel-dataflow.cpp:117]   --->   Operation 231 'zext' 'zext_ln117_50' <Predicate = true> <Delay = 0.00>
ST_2 : Operation 232 [1/1] (0.00ns)   --->   "%zext_ln117_51 = zext i12 %t_38" [kyber-mult-kernel-dataflow.cpp:117]   --->   Operation 232 'zext' 'zext_ln117_51' <Predicate = true> <Delay = 0.00>
ST_2 : Operation 233 [1/2] (0.67ns)   --->   "%src_3_load_2 = load i4 %src_3_addr_2" [kyber-mult-kernel-dataflow.cpp:117]   --->   Operation 233 'load' 'src_3_load_2' <Predicate = true> <Delay = 0.67> <CoreInst = "RAM">   --->   Core 83 'RAM' <Latency = 1> <II = 1> <Delay = 0.67> <Storage> <Opcode : 'load' 'store'> <Ports = 2> <Width = 12> <Depth = 16> <RAM>
ST_2 : Operation 234 [1/2] (0.67ns)   --->   "%src_11_load_2 = load i4 %src_11_addr_2" [kyber-mult-kernel-dataflow.cpp:117]   --->   Operation 234 'load' 'src_11_load_2' <Predicate = true> <Delay = 0.67> <CoreInst = "RAM">   --->   Core 83 'RAM' <Latency = 1> <II = 1> <Delay = 0.67> <Storage> <Opcode : 'load' 'store'> <Ports = 2> <Width = 12> <Depth = 16> <RAM>
ST_2 : Operation 235 [1/1] (0.37ns)   --->   "%v_38 = select i1 %icmp_ln116_10, i12 %src_11_load_2, i12 %src_3_load_2" [kyber-mult-kernel-dataflow.cpp:117]   --->   Operation 235 'select' 'v_38' <Predicate = true> <Delay = 0.37> <CoreInst = "Sel">   --->   Core 73 'Sel' <Latency = 0> <II = 1> <Delay = 0.37> <FuncUnit> <Opcode : 'select'> <InPorts = 3> <OutPorts = 1>
ST_2 : Operation 236 [1/1] (0.00ns)   --->   "%zext_ln48_17 = zext i12 %v_38" [kyber-mult-kernel-dataflow.cpp:48->kyber-mult-kernel-dataflow.cpp:118]   --->   Operation 236 'zext' 'zext_ln48_17' <Predicate = true> <Delay = 0.00>
ST_2 : Operation 237 [1/1] (0.80ns)   --->   "%s_49 = add i13 %zext_ln48_17, i13 %zext_ln117_51" [kyber-mult-kernel-dataflow.cpp:48->kyber-mult-kernel-dataflow.cpp:118]   --->   Operation 237 'add' 's_49' <Predicate = true> <Delay = 0.80> <CoreInst = "Adder">   --->   Core 1 'Adder' <Latency = 0> <II = 1> <Delay = 0.80> <FuncUnit> <Opcode : 'add' 'sub'> <InPorts = 2> <OutPorts = 1>
ST_2 : Operation 238 [1/1] (0.82ns)   --->   "%icmp_ln48_24 = icmp_ugt  i13 %s_49, i13 3328" [kyber-mult-kernel-dataflow.cpp:48->kyber-mult-kernel-dataflow.cpp:118]   --->   Operation 238 'icmp' 'icmp_ln48_24' <Predicate = true> <Delay = 0.82> <CoreInst = "Cmp">   --->   Core 9 'Cmp' <Latency = 0> <II = 1> <Delay = 0.82> <FuncUnit> <Opcode : 'icmp'> <InPorts = 2> <OutPorts = 1>
ST_2 : Operation 239 [1/1] (0.00ns)   --->   "%trunc_ln48_24 = trunc i13 %s_49" [kyber-mult-kernel-dataflow.cpp:48->kyber-mult-kernel-dataflow.cpp:118]   --->   Operation 239 'trunc' 'trunc_ln48_24' <Predicate = true> <Delay = 0.00>
ST_2 : Operation 240 [1/1] (0.80ns)   --->   "%add_ln48_48 = add i12 %trunc_ln48_24, i12 767" [kyber-mult-kernel-dataflow.cpp:48->kyber-mult-kernel-dataflow.cpp:118]   --->   Operation 240 'add' 'add_ln48_48' <Predicate = true> <Delay = 0.80> <CoreInst = "Adder">   --->   Core 1 'Adder' <Latency = 0> <II = 1> <Delay = 0.80> <FuncUnit> <Opcode : 'add' 'sub'> <InPorts = 2> <OutPorts = 1>
ST_2 : Operation 241 [1/1] (0.37ns)   --->   "%select_ln48_24 = select i1 %icmp_ln48_24, i12 %add_ln48_48, i12 %trunc_ln48_24" [kyber-mult-kernel-dataflow.cpp:48->kyber-mult-kernel-dataflow.cpp:118]   --->   Operation 241 'select' 'select_ln48_24' <Predicate = true> <Delay = 0.37> <CoreInst = "Sel">   --->   Core 73 'Sel' <Latency = 0> <II = 1> <Delay = 0.37> <FuncUnit> <Opcode : 'select'> <InPorts = 3> <OutPorts = 1>
ST_2 : Operation 242 [1/1] (0.80ns)   --->   "%icmp_ln52_24 = icmp_ult  i12 %v_38, i12 %t_38" [kyber-mult-kernel-dataflow.cpp:52->kyber-mult-kernel-dataflow.cpp:119]   --->   Operation 242 'icmp' 'icmp_ln52_24' <Predicate = true> <Delay = 0.80> <CoreInst = "Cmp">   --->   Core 9 'Cmp' <Latency = 0> <II = 1> <Delay = 0.80> <FuncUnit> <Opcode : 'icmp'> <InPorts = 2> <OutPorts = 1>
ST_2 : Operation 243 [1/1] (0.00ns) (grouped into LUT with out node sub_ln52_24)   --->   "%xor_ln52_24 = xor i1 %icmp_ln52_24, i1 1" [kyber-mult-kernel-dataflow.cpp:52->kyber-mult-kernel-dataflow.cpp:119]   --->   Operation 243 'xor' 'xor_ln52_24' <Predicate = true> <Delay = 0.00> <CoreInst = "LogicGate">   --->   Core 74 'LogicGate' <Latency = 0> <II = 1> <Delay = 0.28> <FuncUnit> <Opcode : 'and' 'or' 'xor'> <InPorts = 2> <OutPorts = 1>
ST_2 : Operation 244 [1/1] (0.82ns)   --->   "%add_ln52_24 = add i13 %zext_ln48_17, i13 3329" [kyber-mult-kernel-dataflow.cpp:52->kyber-mult-kernel-dataflow.cpp:119]   --->   Operation 244 'add' 'add_ln52_24' <Predicate = true> <Delay = 0.82> <CoreInst = "Adder">   --->   Core 1 'Adder' <Latency = 0> <II = 1> <Delay = 0.82> <FuncUnit> <Opcode : 'add' 'sub'> <InPorts = 2> <OutPorts = 1>
ST_2 : Operation 245 [1/1] (0.00ns) (grouped into LUT with out node sub_ln52_24)   --->   "%select_ln52_24 = select i1 %xor_ln52_24, i13 %zext_ln48_17, i13 %add_ln52_24" [kyber-mult-kernel-dataflow.cpp:52->kyber-mult-kernel-dataflow.cpp:119]   --->   Operation 245 'select' 'select_ln52_24' <Predicate = true> <Delay = 0.00> <CoreInst = "Sel">   --->   Core 73 'Sel' <Latency = 0> <II = 1> <Delay = 0.30> <FuncUnit> <Opcode : 'select'> <InPorts = 3> <OutPorts = 1>
ST_2 : Operation 246 [1/1] (0.00ns) (grouped into LUT with out node sub_ln52_24)   --->   "%zext_ln52_24 = zext i13 %select_ln52_24" [kyber-mult-kernel-dataflow.cpp:52->kyber-mult-kernel-dataflow.cpp:119]   --->   Operation 246 'zext' 'zext_ln52_24' <Predicate = true> <Delay = 0.00>
ST_2 : Operation 247 [1/1] (0.82ns) (out node of the LUT)   --->   "%sub_ln52_24 = sub i14 %zext_ln52_24, i14 %zext_ln117_50" [kyber-mult-kernel-dataflow.cpp:52->kyber-mult-kernel-dataflow.cpp:119]   --->   Operation 247 'sub' 'sub_ln52_24' <Predicate = true> <Delay = 0.82> <CoreInst = "Adder">   --->   Core 1 'Adder' <Latency = 0> <II = 1> <Delay = 0.82> <FuncUnit> <Opcode : 'add' 'sub'> <InPorts = 2> <OutPorts = 1>
ST_2 : Operation 248 [1/1] (0.00ns)   --->   "%sext_ln36_53 = sext i14 %sub_ln52_24" [kyber-mult-kernel-dataflow.cpp:36->kyber-mult-kernel-dataflow.cpp:119]   --->   Operation 248 'sext' 'sext_ln36_53' <Predicate = true> <Delay = 0.00>
ST_2 : Operation 249 [1/1] (0.00ns)   --->   "%zext_ln36_55 = zext i32 %sext_ln36_53" [kyber-mult-kernel-dataflow.cpp:36->kyber-mult-kernel-dataflow.cpp:119]   --->   Operation 249 'zext' 'zext_ln36_55' <Predicate = true> <Delay = 0.00>
ST_2 : Operation 250 [3/3] (2.29ns)   --->   "%xm_49 = mul i48 %zext_ln36_55, i48 %zext_ln36_49" [kyber-mult-kernel-dataflow.cpp:36->kyber-mult-kernel-dataflow.cpp:119]   --->   Operation 250 'mul' 'xm_49' <Predicate = true> <Delay = 2.29> <CoreInst = "Mul_DSP">   --->   Core 5 'Mul_DSP' <Latency = 2> <II = 1> <Delay = 3.27> <FuncUnit> <Opcode : 'mul'> <InPorts = 2> <OutPorts = 1>
ST_2 : Operation 251 [1/2] (0.67ns)   --->   "%src_4_load = load i4 %src_4_addr" [kyber-mult-kernel-dataflow.cpp:116]   --->   Operation 251 'load' 'src_4_load' <Predicate = true> <Delay = 0.67> <CoreInst = "RAM">   --->   Core 83 'RAM' <Latency = 1> <II = 1> <Delay = 0.67> <Storage> <Opcode : 'load' 'store'> <Ports = 2> <Width = 12> <Depth = 16> <RAM>
ST_2 : Operation 252 [1/2] (0.67ns)   --->   "%src_12_load = load i4 %src_12_addr" [kyber-mult-kernel-dataflow.cpp:116]   --->   Operation 252 'load' 'src_12_load' <Predicate = true> <Delay = 0.67> <CoreInst = "RAM">   --->   Core 83 'RAM' <Latency = 1> <II = 1> <Delay = 0.67> <Storage> <Opcode : 'load' 'store'> <Ports = 2> <Width = 12> <Depth = 16> <RAM>
ST_2 : Operation 253 [1/1] (0.79ns)   --->   "%icmp_ln116_11 = icmp_eq  i4 %or_ln114_9, i4 12" [kyber-mult-kernel-dataflow.cpp:116]   --->   Operation 253 'icmp' 'icmp_ln116_11' <Predicate = true> <Delay = 0.79> <CoreInst = "Cmp">   --->   Core 9 'Cmp' <Latency = 0> <II = 1> <Delay = 0.79> <FuncUnit> <Opcode : 'icmp'> <InPorts = 2> <OutPorts = 1>
ST_2 : Operation 254 [1/1] (0.37ns)   --->   "%t_39 = select i1 %icmp_ln116_11, i12 %src_12_load, i12 %src_4_load" [kyber-mult-kernel-dataflow.cpp:116]   --->   Operation 254 'select' 't_39' <Predicate = true> <Delay = 0.37> <CoreInst = "Sel">   --->   Core 73 'Sel' <Latency = 0> <II = 1> <Delay = 0.37> <FuncUnit> <Opcode : 'select'> <InPorts = 3> <OutPorts = 1>
ST_2 : Operation 255 [1/1] (0.00ns) (grouped into LUT with out node sub_ln52_25)   --->   "%zext_ln117_52 = zext i12 %t_39" [kyber-mult-kernel-dataflow.cpp:117]   --->   Operation 255 'zext' 'zext_ln117_52' <Predicate = true> <Delay = 0.00>
ST_2 : Operation 256 [1/1] (0.00ns)   --->   "%zext_ln117_53 = zext i12 %t_39" [kyber-mult-kernel-dataflow.cpp:117]   --->   Operation 256 'zext' 'zext_ln117_53' <Predicate = true> <Delay = 0.00>
ST_2 : Operation 257 [1/2] (0.67ns)   --->   "%src_4_load_2 = load i4 %src_4_addr_2" [kyber-mult-kernel-dataflow.cpp:117]   --->   Operation 257 'load' 'src_4_load_2' <Predicate = true> <Delay = 0.67> <CoreInst = "RAM">   --->   Core 83 'RAM' <Latency = 1> <II = 1> <Delay = 0.67> <Storage> <Opcode : 'load' 'store'> <Ports = 2> <Width = 12> <Depth = 16> <RAM>
ST_2 : Operation 258 [1/2] (0.67ns)   --->   "%src_12_load_2 = load i4 %src_12_addr_2" [kyber-mult-kernel-dataflow.cpp:117]   --->   Operation 258 'load' 'src_12_load_2' <Predicate = true> <Delay = 0.67> <CoreInst = "RAM">   --->   Core 83 'RAM' <Latency = 1> <II = 1> <Delay = 0.67> <Storage> <Opcode : 'load' 'store'> <Ports = 2> <Width = 12> <Depth = 16> <RAM>
ST_2 : Operation 259 [1/1] (0.37ns)   --->   "%v_39 = select i1 %icmp_ln116_11, i12 %src_12_load_2, i12 %src_4_load_2" [kyber-mult-kernel-dataflow.cpp:117]   --->   Operation 259 'select' 'v_39' <Predicate = true> <Delay = 0.37> <CoreInst = "Sel">   --->   Core 73 'Sel' <Latency = 0> <II = 1> <Delay = 0.37> <FuncUnit> <Opcode : 'select'> <InPorts = 3> <OutPorts = 1>
ST_2 : Operation 260 [1/1] (0.00ns)   --->   "%zext_ln48_18 = zext i12 %v_39" [kyber-mult-kernel-dataflow.cpp:48->kyber-mult-kernel-dataflow.cpp:118]   --->   Operation 260 'zext' 'zext_ln48_18' <Predicate = true> <Delay = 0.00>
ST_2 : Operation 261 [1/1] (0.80ns)   --->   "%s_50 = add i13 %zext_ln48_18, i13 %zext_ln117_53" [kyber-mult-kernel-dataflow.cpp:48->kyber-mult-kernel-dataflow.cpp:118]   --->   Operation 261 'add' 's_50' <Predicate = true> <Delay = 0.80> <CoreInst = "Adder">   --->   Core 1 'Adder' <Latency = 0> <II = 1> <Delay = 0.80> <FuncUnit> <Opcode : 'add' 'sub'> <InPorts = 2> <OutPorts = 1>
ST_2 : Operation 262 [1/1] (0.82ns)   --->   "%icmp_ln48_25 = icmp_ugt  i13 %s_50, i13 3328" [kyber-mult-kernel-dataflow.cpp:48->kyber-mult-kernel-dataflow.cpp:118]   --->   Operation 262 'icmp' 'icmp_ln48_25' <Predicate = true> <Delay = 0.82> <CoreInst = "Cmp">   --->   Core 9 'Cmp' <Latency = 0> <II = 1> <Delay = 0.82> <FuncUnit> <Opcode : 'icmp'> <InPorts = 2> <OutPorts = 1>
ST_2 : Operation 263 [1/1] (0.00ns)   --->   "%trunc_ln48_25 = trunc i13 %s_50" [kyber-mult-kernel-dataflow.cpp:48->kyber-mult-kernel-dataflow.cpp:118]   --->   Operation 263 'trunc' 'trunc_ln48_25' <Predicate = true> <Delay = 0.00>
ST_2 : Operation 264 [1/1] (0.80ns)   --->   "%add_ln48_50 = add i12 %trunc_ln48_25, i12 767" [kyber-mult-kernel-dataflow.cpp:48->kyber-mult-kernel-dataflow.cpp:118]   --->   Operation 264 'add' 'add_ln48_50' <Predicate = true> <Delay = 0.80> <CoreInst = "Adder">   --->   Core 1 'Adder' <Latency = 0> <II = 1> <Delay = 0.80> <FuncUnit> <Opcode : 'add' 'sub'> <InPorts = 2> <OutPorts = 1>
ST_2 : Operation 265 [1/1] (0.37ns)   --->   "%select_ln48_25 = select i1 %icmp_ln48_25, i12 %add_ln48_50, i12 %trunc_ln48_25" [kyber-mult-kernel-dataflow.cpp:48->kyber-mult-kernel-dataflow.cpp:118]   --->   Operation 265 'select' 'select_ln48_25' <Predicate = true> <Delay = 0.37> <CoreInst = "Sel">   --->   Core 73 'Sel' <Latency = 0> <II = 1> <Delay = 0.37> <FuncUnit> <Opcode : 'select'> <InPorts = 3> <OutPorts = 1>
ST_2 : Operation 266 [1/1] (0.80ns)   --->   "%icmp_ln52_25 = icmp_ult  i12 %v_39, i12 %t_39" [kyber-mult-kernel-dataflow.cpp:52->kyber-mult-kernel-dataflow.cpp:119]   --->   Operation 266 'icmp' 'icmp_ln52_25' <Predicate = true> <Delay = 0.80> <CoreInst = "Cmp">   --->   Core 9 'Cmp' <Latency = 0> <II = 1> <Delay = 0.80> <FuncUnit> <Opcode : 'icmp'> <InPorts = 2> <OutPorts = 1>
ST_2 : Operation 267 [1/1] (0.00ns) (grouped into LUT with out node sub_ln52_25)   --->   "%xor_ln52_25 = xor i1 %icmp_ln52_25, i1 1" [kyber-mult-kernel-dataflow.cpp:52->kyber-mult-kernel-dataflow.cpp:119]   --->   Operation 267 'xor' 'xor_ln52_25' <Predicate = true> <Delay = 0.00> <CoreInst = "LogicGate">   --->   Core 74 'LogicGate' <Latency = 0> <II = 1> <Delay = 0.28> <FuncUnit> <Opcode : 'and' 'or' 'xor'> <InPorts = 2> <OutPorts = 1>
ST_2 : Operation 268 [1/1] (0.82ns)   --->   "%add_ln52_25 = add i13 %zext_ln48_18, i13 3329" [kyber-mult-kernel-dataflow.cpp:52->kyber-mult-kernel-dataflow.cpp:119]   --->   Operation 268 'add' 'add_ln52_25' <Predicate = true> <Delay = 0.82> <CoreInst = "Adder">   --->   Core 1 'Adder' <Latency = 0> <II = 1> <Delay = 0.82> <FuncUnit> <Opcode : 'add' 'sub'> <InPorts = 2> <OutPorts = 1>
ST_2 : Operation 269 [1/1] (0.00ns) (grouped into LUT with out node sub_ln52_25)   --->   "%select_ln52_25 = select i1 %xor_ln52_25, i13 %zext_ln48_18, i13 %add_ln52_25" [kyber-mult-kernel-dataflow.cpp:52->kyber-mult-kernel-dataflow.cpp:119]   --->   Operation 269 'select' 'select_ln52_25' <Predicate = true> <Delay = 0.00> <CoreInst = "Sel">   --->   Core 73 'Sel' <Latency = 0> <II = 1> <Delay = 0.30> <FuncUnit> <Opcode : 'select'> <InPorts = 3> <OutPorts = 1>
ST_2 : Operation 270 [1/1] (0.00ns) (grouped into LUT with out node sub_ln52_25)   --->   "%zext_ln52_25 = zext i13 %select_ln52_25" [kyber-mult-kernel-dataflow.cpp:52->kyber-mult-kernel-dataflow.cpp:119]   --->   Operation 270 'zext' 'zext_ln52_25' <Predicate = true> <Delay = 0.00>
ST_2 : Operation 271 [1/1] (0.82ns) (out node of the LUT)   --->   "%sub_ln52_25 = sub i14 %zext_ln52_25, i14 %zext_ln117_52" [kyber-mult-kernel-dataflow.cpp:52->kyber-mult-kernel-dataflow.cpp:119]   --->   Operation 271 'sub' 'sub_ln52_25' <Predicate = true> <Delay = 0.82> <CoreInst = "Adder">   --->   Core 1 'Adder' <Latency = 0> <II = 1> <Delay = 0.82> <FuncUnit> <Opcode : 'add' 'sub'> <InPorts = 2> <OutPorts = 1>
ST_2 : Operation 272 [1/1] (0.00ns)   --->   "%sext_ln36_55 = sext i14 %sub_ln52_25" [kyber-mult-kernel-dataflow.cpp:36->kyber-mult-kernel-dataflow.cpp:119]   --->   Operation 272 'sext' 'sext_ln36_55' <Predicate = true> <Delay = 0.00>
ST_2 : Operation 273 [1/1] (0.00ns)   --->   "%zext_ln36_56 = zext i32 %sext_ln36_55" [kyber-mult-kernel-dataflow.cpp:36->kyber-mult-kernel-dataflow.cpp:119]   --->   Operation 273 'zext' 'zext_ln36_56' <Predicate = true> <Delay = 0.00>
ST_2 : Operation 274 [3/3] (2.29ns)   --->   "%xm_50 = mul i48 %zext_ln36_56, i48 %zext_ln36_50" [kyber-mult-kernel-dataflow.cpp:36->kyber-mult-kernel-dataflow.cpp:119]   --->   Operation 274 'mul' 'xm_50' <Predicate = true> <Delay = 2.29> <CoreInst = "Mul_DSP">   --->   Core 5 'Mul_DSP' <Latency = 2> <II = 1> <Delay = 3.27> <FuncUnit> <Opcode : 'mul'> <InPorts = 2> <OutPorts = 1>
ST_2 : Operation 275 [1/2] (0.67ns)   --->   "%src_5_load = load i4 %src_5_addr" [kyber-mult-kernel-dataflow.cpp:116]   --->   Operation 275 'load' 'src_5_load' <Predicate = true> <Delay = 0.67> <CoreInst = "RAM">   --->   Core 83 'RAM' <Latency = 1> <II = 1> <Delay = 0.67> <Storage> <Opcode : 'load' 'store'> <Ports = 2> <Width = 12> <Depth = 16> <RAM>
ST_2 : Operation 276 [1/2] (0.67ns)   --->   "%src_13_load = load i4 %src_13_addr" [kyber-mult-kernel-dataflow.cpp:116]   --->   Operation 276 'load' 'src_13_load' <Predicate = true> <Delay = 0.67> <CoreInst = "RAM">   --->   Core 83 'RAM' <Latency = 1> <II = 1> <Delay = 0.67> <Storage> <Opcode : 'load' 'store'> <Ports = 2> <Width = 12> <Depth = 16> <RAM>
ST_2 : Operation 277 [1/1] (0.79ns)   --->   "%icmp_ln116_12 = icmp_eq  i4 %or_ln114_10, i4 13" [kyber-mult-kernel-dataflow.cpp:116]   --->   Operation 277 'icmp' 'icmp_ln116_12' <Predicate = true> <Delay = 0.79> <CoreInst = "Cmp">   --->   Core 9 'Cmp' <Latency = 0> <II = 1> <Delay = 0.79> <FuncUnit> <Opcode : 'icmp'> <InPorts = 2> <OutPorts = 1>
ST_2 : Operation 278 [1/1] (0.37ns)   --->   "%t_40 = select i1 %icmp_ln116_12, i12 %src_13_load, i12 %src_5_load" [kyber-mult-kernel-dataflow.cpp:116]   --->   Operation 278 'select' 't_40' <Predicate = true> <Delay = 0.37> <CoreInst = "Sel">   --->   Core 73 'Sel' <Latency = 0> <II = 1> <Delay = 0.37> <FuncUnit> <Opcode : 'select'> <InPorts = 3> <OutPorts = 1>
ST_2 : Operation 279 [1/1] (0.00ns) (grouped into LUT with out node sub_ln52_26)   --->   "%zext_ln117_54 = zext i12 %t_40" [kyber-mult-kernel-dataflow.cpp:117]   --->   Operation 279 'zext' 'zext_ln117_54' <Predicate = true> <Delay = 0.00>
ST_2 : Operation 280 [1/1] (0.00ns)   --->   "%zext_ln117_55 = zext i12 %t_40" [kyber-mult-kernel-dataflow.cpp:117]   --->   Operation 280 'zext' 'zext_ln117_55' <Predicate = true> <Delay = 0.00>
ST_2 : Operation 281 [1/2] (0.67ns)   --->   "%src_5_load_2 = load i4 %src_5_addr_2" [kyber-mult-kernel-dataflow.cpp:117]   --->   Operation 281 'load' 'src_5_load_2' <Predicate = true> <Delay = 0.67> <CoreInst = "RAM">   --->   Core 83 'RAM' <Latency = 1> <II = 1> <Delay = 0.67> <Storage> <Opcode : 'load' 'store'> <Ports = 2> <Width = 12> <Depth = 16> <RAM>
ST_2 : Operation 282 [1/2] (0.67ns)   --->   "%src_13_load_2 = load i4 %src_13_addr_2" [kyber-mult-kernel-dataflow.cpp:117]   --->   Operation 282 'load' 'src_13_load_2' <Predicate = true> <Delay = 0.67> <CoreInst = "RAM">   --->   Core 83 'RAM' <Latency = 1> <II = 1> <Delay = 0.67> <Storage> <Opcode : 'load' 'store'> <Ports = 2> <Width = 12> <Depth = 16> <RAM>
ST_2 : Operation 283 [1/1] (0.37ns)   --->   "%v_40 = select i1 %icmp_ln116_12, i12 %src_13_load_2, i12 %src_5_load_2" [kyber-mult-kernel-dataflow.cpp:117]   --->   Operation 283 'select' 'v_40' <Predicate = true> <Delay = 0.37> <CoreInst = "Sel">   --->   Core 73 'Sel' <Latency = 0> <II = 1> <Delay = 0.37> <FuncUnit> <Opcode : 'select'> <InPorts = 3> <OutPorts = 1>
ST_2 : Operation 284 [1/1] (0.00ns)   --->   "%zext_ln48_19 = zext i12 %v_40" [kyber-mult-kernel-dataflow.cpp:48->kyber-mult-kernel-dataflow.cpp:118]   --->   Operation 284 'zext' 'zext_ln48_19' <Predicate = true> <Delay = 0.00>
ST_2 : Operation 285 [1/1] (0.80ns)   --->   "%s_51 = add i13 %zext_ln48_19, i13 %zext_ln117_55" [kyber-mult-kernel-dataflow.cpp:48->kyber-mult-kernel-dataflow.cpp:118]   --->   Operation 285 'add' 's_51' <Predicate = true> <Delay = 0.80> <CoreInst = "Adder">   --->   Core 1 'Adder' <Latency = 0> <II = 1> <Delay = 0.80> <FuncUnit> <Opcode : 'add' 'sub'> <InPorts = 2> <OutPorts = 1>
ST_2 : Operation 286 [1/1] (0.82ns)   --->   "%icmp_ln48_26 = icmp_ugt  i13 %s_51, i13 3328" [kyber-mult-kernel-dataflow.cpp:48->kyber-mult-kernel-dataflow.cpp:118]   --->   Operation 286 'icmp' 'icmp_ln48_26' <Predicate = true> <Delay = 0.82> <CoreInst = "Cmp">   --->   Core 9 'Cmp' <Latency = 0> <II = 1> <Delay = 0.82> <FuncUnit> <Opcode : 'icmp'> <InPorts = 2> <OutPorts = 1>
ST_2 : Operation 287 [1/1] (0.00ns)   --->   "%trunc_ln48_26 = trunc i13 %s_51" [kyber-mult-kernel-dataflow.cpp:48->kyber-mult-kernel-dataflow.cpp:118]   --->   Operation 287 'trunc' 'trunc_ln48_26' <Predicate = true> <Delay = 0.00>
ST_2 : Operation 288 [1/1] (0.80ns)   --->   "%add_ln48_52 = add i12 %trunc_ln48_26, i12 767" [kyber-mult-kernel-dataflow.cpp:48->kyber-mult-kernel-dataflow.cpp:118]   --->   Operation 288 'add' 'add_ln48_52' <Predicate = true> <Delay = 0.80> <CoreInst = "Adder">   --->   Core 1 'Adder' <Latency = 0> <II = 1> <Delay = 0.80> <FuncUnit> <Opcode : 'add' 'sub'> <InPorts = 2> <OutPorts = 1>
ST_2 : Operation 289 [1/1] (0.37ns)   --->   "%select_ln48_26 = select i1 %icmp_ln48_26, i12 %add_ln48_52, i12 %trunc_ln48_26" [kyber-mult-kernel-dataflow.cpp:48->kyber-mult-kernel-dataflow.cpp:118]   --->   Operation 289 'select' 'select_ln48_26' <Predicate = true> <Delay = 0.37> <CoreInst = "Sel">   --->   Core 73 'Sel' <Latency = 0> <II = 1> <Delay = 0.37> <FuncUnit> <Opcode : 'select'> <InPorts = 3> <OutPorts = 1>
ST_2 : Operation 290 [1/1] (0.80ns)   --->   "%icmp_ln52_26 = icmp_ult  i12 %v_40, i12 %t_40" [kyber-mult-kernel-dataflow.cpp:52->kyber-mult-kernel-dataflow.cpp:119]   --->   Operation 290 'icmp' 'icmp_ln52_26' <Predicate = true> <Delay = 0.80> <CoreInst = "Cmp">   --->   Core 9 'Cmp' <Latency = 0> <II = 1> <Delay = 0.80> <FuncUnit> <Opcode : 'icmp'> <InPorts = 2> <OutPorts = 1>
ST_2 : Operation 291 [1/1] (0.00ns) (grouped into LUT with out node sub_ln52_26)   --->   "%xor_ln52_26 = xor i1 %icmp_ln52_26, i1 1" [kyber-mult-kernel-dataflow.cpp:52->kyber-mult-kernel-dataflow.cpp:119]   --->   Operation 291 'xor' 'xor_ln52_26' <Predicate = true> <Delay = 0.00> <CoreInst = "LogicGate">   --->   Core 74 'LogicGate' <Latency = 0> <II = 1> <Delay = 0.28> <FuncUnit> <Opcode : 'and' 'or' 'xor'> <InPorts = 2> <OutPorts = 1>
ST_2 : Operation 292 [1/1] (0.82ns)   --->   "%add_ln52_26 = add i13 %zext_ln48_19, i13 3329" [kyber-mult-kernel-dataflow.cpp:52->kyber-mult-kernel-dataflow.cpp:119]   --->   Operation 292 'add' 'add_ln52_26' <Predicate = true> <Delay = 0.82> <CoreInst = "Adder">   --->   Core 1 'Adder' <Latency = 0> <II = 1> <Delay = 0.82> <FuncUnit> <Opcode : 'add' 'sub'> <InPorts = 2> <OutPorts = 1>
ST_2 : Operation 293 [1/1] (0.00ns) (grouped into LUT with out node sub_ln52_26)   --->   "%select_ln52_26 = select i1 %xor_ln52_26, i13 %zext_ln48_19, i13 %add_ln52_26" [kyber-mult-kernel-dataflow.cpp:52->kyber-mult-kernel-dataflow.cpp:119]   --->   Operation 293 'select' 'select_ln52_26' <Predicate = true> <Delay = 0.00> <CoreInst = "Sel">   --->   Core 73 'Sel' <Latency = 0> <II = 1> <Delay = 0.30> <FuncUnit> <Opcode : 'select'> <InPorts = 3> <OutPorts = 1>
ST_2 : Operation 294 [1/1] (0.00ns) (grouped into LUT with out node sub_ln52_26)   --->   "%zext_ln52_26 = zext i13 %select_ln52_26" [kyber-mult-kernel-dataflow.cpp:52->kyber-mult-kernel-dataflow.cpp:119]   --->   Operation 294 'zext' 'zext_ln52_26' <Predicate = true> <Delay = 0.00>
ST_2 : Operation 295 [1/1] (0.82ns) (out node of the LUT)   --->   "%sub_ln52_26 = sub i14 %zext_ln52_26, i14 %zext_ln117_54" [kyber-mult-kernel-dataflow.cpp:52->kyber-mult-kernel-dataflow.cpp:119]   --->   Operation 295 'sub' 'sub_ln52_26' <Predicate = true> <Delay = 0.82> <CoreInst = "Adder">   --->   Core 1 'Adder' <Latency = 0> <II = 1> <Delay = 0.82> <FuncUnit> <Opcode : 'add' 'sub'> <InPorts = 2> <OutPorts = 1>
ST_2 : Operation 296 [1/1] (0.00ns)   --->   "%sext_ln36_57 = sext i14 %sub_ln52_26" [kyber-mult-kernel-dataflow.cpp:36->kyber-mult-kernel-dataflow.cpp:119]   --->   Operation 296 'sext' 'sext_ln36_57' <Predicate = true> <Delay = 0.00>
ST_2 : Operation 297 [1/1] (0.00ns)   --->   "%zext_ln36_57 = zext i32 %sext_ln36_57" [kyber-mult-kernel-dataflow.cpp:36->kyber-mult-kernel-dataflow.cpp:119]   --->   Operation 297 'zext' 'zext_ln36_57' <Predicate = true> <Delay = 0.00>
ST_2 : Operation 298 [3/3] (2.29ns)   --->   "%xm_51 = mul i48 %zext_ln36_57, i48 %zext_ln36_51" [kyber-mult-kernel-dataflow.cpp:36->kyber-mult-kernel-dataflow.cpp:119]   --->   Operation 298 'mul' 'xm_51' <Predicate = true> <Delay = 2.29> <CoreInst = "Mul_DSP">   --->   Core 5 'Mul_DSP' <Latency = 2> <II = 1> <Delay = 3.27> <FuncUnit> <Opcode : 'mul'> <InPorts = 2> <OutPorts = 1>
ST_2 : Operation 299 [1/2] (0.67ns)   --->   "%src_6_load = load i4 %src_6_addr" [kyber-mult-kernel-dataflow.cpp:116]   --->   Operation 299 'load' 'src_6_load' <Predicate = true> <Delay = 0.67> <CoreInst = "RAM">   --->   Core 83 'RAM' <Latency = 1> <II = 1> <Delay = 0.67> <Storage> <Opcode : 'load' 'store'> <Ports = 2> <Width = 12> <Depth = 16> <RAM>
ST_2 : Operation 300 [1/2] (0.67ns)   --->   "%src_14_load = load i4 %src_14_addr" [kyber-mult-kernel-dataflow.cpp:116]   --->   Operation 300 'load' 'src_14_load' <Predicate = true> <Delay = 0.67> <CoreInst = "RAM">   --->   Core 83 'RAM' <Latency = 1> <II = 1> <Delay = 0.67> <Storage> <Opcode : 'load' 'store'> <Ports = 2> <Width = 12> <Depth = 16> <RAM>
ST_2 : Operation 301 [1/1] (0.79ns)   --->   "%icmp_ln116_13 = icmp_eq  i4 %or_ln114_11, i4 14" [kyber-mult-kernel-dataflow.cpp:116]   --->   Operation 301 'icmp' 'icmp_ln116_13' <Predicate = true> <Delay = 0.79> <CoreInst = "Cmp">   --->   Core 9 'Cmp' <Latency = 0> <II = 1> <Delay = 0.79> <FuncUnit> <Opcode : 'icmp'> <InPorts = 2> <OutPorts = 1>
ST_2 : Operation 302 [1/1] (0.37ns)   --->   "%t_41 = select i1 %icmp_ln116_13, i12 %src_14_load, i12 %src_6_load" [kyber-mult-kernel-dataflow.cpp:116]   --->   Operation 302 'select' 't_41' <Predicate = true> <Delay = 0.37> <CoreInst = "Sel">   --->   Core 73 'Sel' <Latency = 0> <II = 1> <Delay = 0.37> <FuncUnit> <Opcode : 'select'> <InPorts = 3> <OutPorts = 1>
ST_2 : Operation 303 [1/1] (0.00ns) (grouped into LUT with out node sub_ln52_27)   --->   "%zext_ln117_56 = zext i12 %t_41" [kyber-mult-kernel-dataflow.cpp:117]   --->   Operation 303 'zext' 'zext_ln117_56' <Predicate = true> <Delay = 0.00>
ST_2 : Operation 304 [1/1] (0.00ns)   --->   "%zext_ln117_57 = zext i12 %t_41" [kyber-mult-kernel-dataflow.cpp:117]   --->   Operation 304 'zext' 'zext_ln117_57' <Predicate = true> <Delay = 0.00>
ST_2 : Operation 305 [1/2] (0.67ns)   --->   "%src_6_load_2 = load i4 %src_6_addr_2" [kyber-mult-kernel-dataflow.cpp:117]   --->   Operation 305 'load' 'src_6_load_2' <Predicate = true> <Delay = 0.67> <CoreInst = "RAM">   --->   Core 83 'RAM' <Latency = 1> <II = 1> <Delay = 0.67> <Storage> <Opcode : 'load' 'store'> <Ports = 2> <Width = 12> <Depth = 16> <RAM>
ST_2 : Operation 306 [1/2] (0.67ns)   --->   "%src_14_load_2 = load i4 %src_14_addr_2" [kyber-mult-kernel-dataflow.cpp:117]   --->   Operation 306 'load' 'src_14_load_2' <Predicate = true> <Delay = 0.67> <CoreInst = "RAM">   --->   Core 83 'RAM' <Latency = 1> <II = 1> <Delay = 0.67> <Storage> <Opcode : 'load' 'store'> <Ports = 2> <Width = 12> <Depth = 16> <RAM>
ST_2 : Operation 307 [1/1] (0.37ns)   --->   "%v_41 = select i1 %icmp_ln116_13, i12 %src_14_load_2, i12 %src_6_load_2" [kyber-mult-kernel-dataflow.cpp:117]   --->   Operation 307 'select' 'v_41' <Predicate = true> <Delay = 0.37> <CoreInst = "Sel">   --->   Core 73 'Sel' <Latency = 0> <II = 1> <Delay = 0.37> <FuncUnit> <Opcode : 'select'> <InPorts = 3> <OutPorts = 1>
ST_2 : Operation 308 [1/1] (0.00ns)   --->   "%zext_ln48_20 = zext i12 %v_41" [kyber-mult-kernel-dataflow.cpp:48->kyber-mult-kernel-dataflow.cpp:118]   --->   Operation 308 'zext' 'zext_ln48_20' <Predicate = true> <Delay = 0.00>
ST_2 : Operation 309 [1/1] (0.80ns)   --->   "%s_52 = add i13 %zext_ln48_20, i13 %zext_ln117_57" [kyber-mult-kernel-dataflow.cpp:48->kyber-mult-kernel-dataflow.cpp:118]   --->   Operation 309 'add' 's_52' <Predicate = true> <Delay = 0.80> <CoreInst = "Adder">   --->   Core 1 'Adder' <Latency = 0> <II = 1> <Delay = 0.80> <FuncUnit> <Opcode : 'add' 'sub'> <InPorts = 2> <OutPorts = 1>
ST_2 : Operation 310 [1/1] (0.82ns)   --->   "%icmp_ln48_27 = icmp_ugt  i13 %s_52, i13 3328" [kyber-mult-kernel-dataflow.cpp:48->kyber-mult-kernel-dataflow.cpp:118]   --->   Operation 310 'icmp' 'icmp_ln48_27' <Predicate = true> <Delay = 0.82> <CoreInst = "Cmp">   --->   Core 9 'Cmp' <Latency = 0> <II = 1> <Delay = 0.82> <FuncUnit> <Opcode : 'icmp'> <InPorts = 2> <OutPorts = 1>
ST_2 : Operation 311 [1/1] (0.00ns)   --->   "%trunc_ln48_27 = trunc i13 %s_52" [kyber-mult-kernel-dataflow.cpp:48->kyber-mult-kernel-dataflow.cpp:118]   --->   Operation 311 'trunc' 'trunc_ln48_27' <Predicate = true> <Delay = 0.00>
ST_2 : Operation 312 [1/1] (0.80ns)   --->   "%add_ln48_54 = add i12 %trunc_ln48_27, i12 767" [kyber-mult-kernel-dataflow.cpp:48->kyber-mult-kernel-dataflow.cpp:118]   --->   Operation 312 'add' 'add_ln48_54' <Predicate = true> <Delay = 0.80> <CoreInst = "Adder">   --->   Core 1 'Adder' <Latency = 0> <II = 1> <Delay = 0.80> <FuncUnit> <Opcode : 'add' 'sub'> <InPorts = 2> <OutPorts = 1>
ST_2 : Operation 313 [1/1] (0.37ns)   --->   "%select_ln48_27 = select i1 %icmp_ln48_27, i12 %add_ln48_54, i12 %trunc_ln48_27" [kyber-mult-kernel-dataflow.cpp:48->kyber-mult-kernel-dataflow.cpp:118]   --->   Operation 313 'select' 'select_ln48_27' <Predicate = true> <Delay = 0.37> <CoreInst = "Sel">   --->   Core 73 'Sel' <Latency = 0> <II = 1> <Delay = 0.37> <FuncUnit> <Opcode : 'select'> <InPorts = 3> <OutPorts = 1>
ST_2 : Operation 314 [1/1] (0.80ns)   --->   "%icmp_ln52_27 = icmp_ult  i12 %v_41, i12 %t_41" [kyber-mult-kernel-dataflow.cpp:52->kyber-mult-kernel-dataflow.cpp:119]   --->   Operation 314 'icmp' 'icmp_ln52_27' <Predicate = true> <Delay = 0.80> <CoreInst = "Cmp">   --->   Core 9 'Cmp' <Latency = 0> <II = 1> <Delay = 0.80> <FuncUnit> <Opcode : 'icmp'> <InPorts = 2> <OutPorts = 1>
ST_2 : Operation 315 [1/1] (0.00ns) (grouped into LUT with out node sub_ln52_27)   --->   "%xor_ln52_27 = xor i1 %icmp_ln52_27, i1 1" [kyber-mult-kernel-dataflow.cpp:52->kyber-mult-kernel-dataflow.cpp:119]   --->   Operation 315 'xor' 'xor_ln52_27' <Predicate = true> <Delay = 0.00> <CoreInst = "LogicGate">   --->   Core 74 'LogicGate' <Latency = 0> <II = 1> <Delay = 0.28> <FuncUnit> <Opcode : 'and' 'or' 'xor'> <InPorts = 2> <OutPorts = 1>
ST_2 : Operation 316 [1/1] (0.82ns)   --->   "%add_ln52_27 = add i13 %zext_ln48_20, i13 3329" [kyber-mult-kernel-dataflow.cpp:52->kyber-mult-kernel-dataflow.cpp:119]   --->   Operation 316 'add' 'add_ln52_27' <Predicate = true> <Delay = 0.82> <CoreInst = "Adder">   --->   Core 1 'Adder' <Latency = 0> <II = 1> <Delay = 0.82> <FuncUnit> <Opcode : 'add' 'sub'> <InPorts = 2> <OutPorts = 1>
ST_2 : Operation 317 [1/1] (0.00ns) (grouped into LUT with out node sub_ln52_27)   --->   "%select_ln52_27 = select i1 %xor_ln52_27, i13 %zext_ln48_20, i13 %add_ln52_27" [kyber-mult-kernel-dataflow.cpp:52->kyber-mult-kernel-dataflow.cpp:119]   --->   Operation 317 'select' 'select_ln52_27' <Predicate = true> <Delay = 0.00> <CoreInst = "Sel">   --->   Core 73 'Sel' <Latency = 0> <II = 1> <Delay = 0.30> <FuncUnit> <Opcode : 'select'> <InPorts = 3> <OutPorts = 1>
ST_2 : Operation 318 [1/1] (0.00ns) (grouped into LUT with out node sub_ln52_27)   --->   "%zext_ln52_27 = zext i13 %select_ln52_27" [kyber-mult-kernel-dataflow.cpp:52->kyber-mult-kernel-dataflow.cpp:119]   --->   Operation 318 'zext' 'zext_ln52_27' <Predicate = true> <Delay = 0.00>
ST_2 : Operation 319 [1/1] (0.82ns) (out node of the LUT)   --->   "%sub_ln52_27 = sub i14 %zext_ln52_27, i14 %zext_ln117_56" [kyber-mult-kernel-dataflow.cpp:52->kyber-mult-kernel-dataflow.cpp:119]   --->   Operation 319 'sub' 'sub_ln52_27' <Predicate = true> <Delay = 0.82> <CoreInst = "Adder">   --->   Core 1 'Adder' <Latency = 0> <II = 1> <Delay = 0.82> <FuncUnit> <Opcode : 'add' 'sub'> <InPorts = 2> <OutPorts = 1>
ST_2 : Operation 320 [1/1] (0.00ns)   --->   "%sext_ln36_59 = sext i14 %sub_ln52_27" [kyber-mult-kernel-dataflow.cpp:36->kyber-mult-kernel-dataflow.cpp:119]   --->   Operation 320 'sext' 'sext_ln36_59' <Predicate = true> <Delay = 0.00>
ST_2 : Operation 321 [1/1] (0.00ns)   --->   "%zext_ln36_58 = zext i32 %sext_ln36_59" [kyber-mult-kernel-dataflow.cpp:36->kyber-mult-kernel-dataflow.cpp:119]   --->   Operation 321 'zext' 'zext_ln36_58' <Predicate = true> <Delay = 0.00>
ST_2 : Operation 322 [3/3] (2.29ns)   --->   "%xm_52 = mul i48 %zext_ln36_58, i48 %zext_ln36_52" [kyber-mult-kernel-dataflow.cpp:36->kyber-mult-kernel-dataflow.cpp:119]   --->   Operation 322 'mul' 'xm_52' <Predicate = true> <Delay = 2.29> <CoreInst = "Mul_DSP">   --->   Core 5 'Mul_DSP' <Latency = 2> <II = 1> <Delay = 3.27> <FuncUnit> <Opcode : 'mul'> <InPorts = 2> <OutPorts = 1>
ST_2 : Operation 323 [1/2] (0.67ns)   --->   "%src_7_load = load i4 %src_7_addr" [kyber-mult-kernel-dataflow.cpp:116]   --->   Operation 323 'load' 'src_7_load' <Predicate = true> <Delay = 0.67> <CoreInst = "RAM">   --->   Core 83 'RAM' <Latency = 1> <II = 1> <Delay = 0.67> <Storage> <Opcode : 'load' 'store'> <Ports = 2> <Width = 12> <Depth = 16> <RAM>
ST_2 : Operation 324 [1/2] (0.67ns)   --->   "%src_15_load = load i4 %src_15_addr" [kyber-mult-kernel-dataflow.cpp:116]   --->   Operation 324 'load' 'src_15_load' <Predicate = true> <Delay = 0.67> <CoreInst = "RAM">   --->   Core 83 'RAM' <Latency = 1> <II = 1> <Delay = 0.67> <Storage> <Opcode : 'load' 'store'> <Ports = 2> <Width = 12> <Depth = 16> <RAM>
ST_2 : Operation 325 [1/1] (0.79ns)   --->   "%icmp_ln116_14 = icmp_eq  i4 %or_ln114_12, i4 15" [kyber-mult-kernel-dataflow.cpp:116]   --->   Operation 325 'icmp' 'icmp_ln116_14' <Predicate = true> <Delay = 0.79> <CoreInst = "Cmp">   --->   Core 9 'Cmp' <Latency = 0> <II = 1> <Delay = 0.79> <FuncUnit> <Opcode : 'icmp'> <InPorts = 2> <OutPorts = 1>
ST_2 : Operation 326 [1/1] (0.37ns)   --->   "%t_42 = select i1 %icmp_ln116_14, i12 %src_15_load, i12 %src_7_load" [kyber-mult-kernel-dataflow.cpp:116]   --->   Operation 326 'select' 't_42' <Predicate = true> <Delay = 0.37> <CoreInst = "Sel">   --->   Core 73 'Sel' <Latency = 0> <II = 1> <Delay = 0.37> <FuncUnit> <Opcode : 'select'> <InPorts = 3> <OutPorts = 1>
ST_2 : Operation 327 [1/1] (0.00ns) (grouped into LUT with out node sub_ln52_28)   --->   "%zext_ln117_58 = zext i12 %t_42" [kyber-mult-kernel-dataflow.cpp:117]   --->   Operation 327 'zext' 'zext_ln117_58' <Predicate = true> <Delay = 0.00>
ST_2 : Operation 328 [1/1] (0.00ns)   --->   "%zext_ln117_59 = zext i12 %t_42" [kyber-mult-kernel-dataflow.cpp:117]   --->   Operation 328 'zext' 'zext_ln117_59' <Predicate = true> <Delay = 0.00>
ST_2 : Operation 329 [1/2] (0.67ns)   --->   "%src_7_load_2 = load i4 %src_7_addr_2" [kyber-mult-kernel-dataflow.cpp:117]   --->   Operation 329 'load' 'src_7_load_2' <Predicate = true> <Delay = 0.67> <CoreInst = "RAM">   --->   Core 83 'RAM' <Latency = 1> <II = 1> <Delay = 0.67> <Storage> <Opcode : 'load' 'store'> <Ports = 2> <Width = 12> <Depth = 16> <RAM>
ST_2 : Operation 330 [1/2] (0.67ns)   --->   "%src_15_load_2 = load i4 %src_15_addr_2" [kyber-mult-kernel-dataflow.cpp:117]   --->   Operation 330 'load' 'src_15_load_2' <Predicate = true> <Delay = 0.67> <CoreInst = "RAM">   --->   Core 83 'RAM' <Latency = 1> <II = 1> <Delay = 0.67> <Storage> <Opcode : 'load' 'store'> <Ports = 2> <Width = 12> <Depth = 16> <RAM>
ST_2 : Operation 331 [1/1] (0.37ns)   --->   "%v_35 = select i1 %icmp_ln116_14, i12 %src_15_load_2, i12 %src_7_load_2" [kyber-mult-kernel-dataflow.cpp:117]   --->   Operation 331 'select' 'v_35' <Predicate = true> <Delay = 0.37> <CoreInst = "Sel">   --->   Core 73 'Sel' <Latency = 0> <II = 1> <Delay = 0.37> <FuncUnit> <Opcode : 'select'> <InPorts = 3> <OutPorts = 1>
ST_2 : Operation 332 [1/1] (0.00ns)   --->   "%zext_ln117_60 = zext i12 %v_35" [kyber-mult-kernel-dataflow.cpp:117]   --->   Operation 332 'zext' 'zext_ln117_60' <Predicate = true> <Delay = 0.00>
ST_2 : Operation 333 [1/1] (0.80ns)   --->   "%s_46 = add i13 %zext_ln117_60, i13 %zext_ln117_59" [kyber-mult-kernel-dataflow.cpp:48->kyber-mult-kernel-dataflow.cpp:118]   --->   Operation 333 'add' 's_46' <Predicate = true> <Delay = 0.80> <CoreInst = "Adder">   --->   Core 1 'Adder' <Latency = 0> <II = 1> <Delay = 0.80> <FuncUnit> <Opcode : 'add' 'sub'> <InPorts = 2> <OutPorts = 1>
ST_2 : Operation 334 [1/1] (0.82ns)   --->   "%icmp_ln48_28 = icmp_ugt  i13 %s_46, i13 3328" [kyber-mult-kernel-dataflow.cpp:48->kyber-mult-kernel-dataflow.cpp:118]   --->   Operation 334 'icmp' 'icmp_ln48_28' <Predicate = true> <Delay = 0.82> <CoreInst = "Cmp">   --->   Core 9 'Cmp' <Latency = 0> <II = 1> <Delay = 0.82> <FuncUnit> <Opcode : 'icmp'> <InPorts = 2> <OutPorts = 1>
ST_2 : Operation 335 [1/1] (0.00ns)   --->   "%trunc_ln48_28 = trunc i13 %s_46" [kyber-mult-kernel-dataflow.cpp:48->kyber-mult-kernel-dataflow.cpp:118]   --->   Operation 335 'trunc' 'trunc_ln48_28' <Predicate = true> <Delay = 0.00>
ST_2 : Operation 336 [1/1] (0.80ns)   --->   "%add_ln48_56 = add i12 %trunc_ln48_28, i12 767" [kyber-mult-kernel-dataflow.cpp:48->kyber-mult-kernel-dataflow.cpp:118]   --->   Operation 336 'add' 'add_ln48_56' <Predicate = true> <Delay = 0.80> <CoreInst = "Adder">   --->   Core 1 'Adder' <Latency = 0> <II = 1> <Delay = 0.80> <FuncUnit> <Opcode : 'add' 'sub'> <InPorts = 2> <OutPorts = 1>
ST_2 : Operation 337 [1/1] (0.37ns)   --->   "%select_ln48_28 = select i1 %icmp_ln48_28, i12 %add_ln48_56, i12 %trunc_ln48_28" [kyber-mult-kernel-dataflow.cpp:48->kyber-mult-kernel-dataflow.cpp:118]   --->   Operation 337 'select' 'select_ln48_28' <Predicate = true> <Delay = 0.37> <CoreInst = "Sel">   --->   Core 73 'Sel' <Latency = 0> <II = 1> <Delay = 0.37> <FuncUnit> <Opcode : 'select'> <InPorts = 3> <OutPorts = 1>
ST_2 : Operation 338 [1/1] (0.80ns)   --->   "%icmp_ln52_28 = icmp_ult  i12 %v_35, i12 %t_42" [kyber-mult-kernel-dataflow.cpp:52->kyber-mult-kernel-dataflow.cpp:119]   --->   Operation 338 'icmp' 'icmp_ln52_28' <Predicate = true> <Delay = 0.80> <CoreInst = "Cmp">   --->   Core 9 'Cmp' <Latency = 0> <II = 1> <Delay = 0.80> <FuncUnit> <Opcode : 'icmp'> <InPorts = 2> <OutPorts = 1>
ST_2 : Operation 339 [1/1] (0.00ns) (grouped into LUT with out node sub_ln52_28)   --->   "%xor_ln52_28 = xor i1 %icmp_ln52_28, i1 1" [kyber-mult-kernel-dataflow.cpp:52->kyber-mult-kernel-dataflow.cpp:119]   --->   Operation 339 'xor' 'xor_ln52_28' <Predicate = true> <Delay = 0.00> <CoreInst = "LogicGate">   --->   Core 74 'LogicGate' <Latency = 0> <II = 1> <Delay = 0.28> <FuncUnit> <Opcode : 'and' 'or' 'xor'> <InPorts = 2> <OutPorts = 1>
ST_2 : Operation 340 [1/1] (0.82ns)   --->   "%add_ln52_28 = add i13 %zext_ln117_60, i13 3329" [kyber-mult-kernel-dataflow.cpp:52->kyber-mult-kernel-dataflow.cpp:119]   --->   Operation 340 'add' 'add_ln52_28' <Predicate = true> <Delay = 0.82> <CoreInst = "Adder">   --->   Core 1 'Adder' <Latency = 0> <II = 1> <Delay = 0.82> <FuncUnit> <Opcode : 'add' 'sub'> <InPorts = 2> <OutPorts = 1>
ST_2 : Operation 341 [1/1] (0.00ns) (grouped into LUT with out node sub_ln52_28)   --->   "%select_ln52_28 = select i1 %xor_ln52_28, i13 %zext_ln117_60, i13 %add_ln52_28" [kyber-mult-kernel-dataflow.cpp:52->kyber-mult-kernel-dataflow.cpp:119]   --->   Operation 341 'select' 'select_ln52_28' <Predicate = true> <Delay = 0.00> <CoreInst = "Sel">   --->   Core 73 'Sel' <Latency = 0> <II = 1> <Delay = 0.30> <FuncUnit> <Opcode : 'select'> <InPorts = 3> <OutPorts = 1>
ST_2 : Operation 342 [1/1] (0.00ns) (grouped into LUT with out node sub_ln52_28)   --->   "%zext_ln52_28 = zext i13 %select_ln52_28" [kyber-mult-kernel-dataflow.cpp:52->kyber-mult-kernel-dataflow.cpp:119]   --->   Operation 342 'zext' 'zext_ln52_28' <Predicate = true> <Delay = 0.00>
ST_2 : Operation 343 [1/1] (0.82ns) (out node of the LUT)   --->   "%sub_ln52_28 = sub i14 %zext_ln52_28, i14 %zext_ln117_58" [kyber-mult-kernel-dataflow.cpp:52->kyber-mult-kernel-dataflow.cpp:119]   --->   Operation 343 'sub' 'sub_ln52_28' <Predicate = true> <Delay = 0.82> <CoreInst = "Adder">   --->   Core 1 'Adder' <Latency = 0> <II = 1> <Delay = 0.82> <FuncUnit> <Opcode : 'add' 'sub'> <InPorts = 2> <OutPorts = 1>
ST_2 : Operation 344 [1/2] (0.67ns)   --->   "%p_ZL5INV_W_3_4_load_1 = load i5 %p_ZL5INV_W_3_4_addr_1" [kyber-mult-kernel-dataflow.cpp:119]   --->   Operation 344 'load' 'p_ZL5INV_W_3_4_load_1' <Predicate = true> <Delay = 0.67> <CoreInst = "ROM">   --->   Core 101 'ROM' <Latency = 1> <II = 1> <Delay = 0.67> <Storage> <Opcode : 'load'> <Ports = 0> <Width = 12> <Depth = 32> <ROM>
ST_2 : Operation 345 [1/2] (0.67ns)   --->   "%p_ZL6INV_MW_3_4_load_1 = load i5 %p_ZL6INV_MW_3_4_addr_1" [kyber-mult-kernel-dataflow.cpp:119]   --->   Operation 345 'load' 'p_ZL6INV_MW_3_4_load_1' <Predicate = true> <Delay = 0.67> <CoreInst = "ROM">   --->   Core 101 'ROM' <Latency = 1> <II = 1> <Delay = 0.67> <Storage> <Opcode : 'load'> <Ports = 0> <Width = 16> <Depth = 32> <ROM>
ST_2 : Operation 346 [1/1] (0.00ns)   --->   "%sext_ln36_60 = sext i14 %sub_ln52_28" [kyber-mult-kernel-dataflow.cpp:36->kyber-mult-kernel-dataflow.cpp:119]   --->   Operation 346 'sext' 'sext_ln36_60' <Predicate = true> <Delay = 0.00>
ST_2 : Operation 347 [1/1] (0.00ns)   --->   "%zext_ln36_59 = zext i32 %sext_ln36_60" [kyber-mult-kernel-dataflow.cpp:36->kyber-mult-kernel-dataflow.cpp:119]   --->   Operation 347 'zext' 'zext_ln36_59' <Predicate = true> <Delay = 0.00>
ST_2 : Operation 348 [1/1] (0.00ns)   --->   "%zext_ln36_60 = zext i16 %p_ZL6INV_MW_3_4_load_1" [kyber-mult-kernel-dataflow.cpp:36->kyber-mult-kernel-dataflow.cpp:119]   --->   Operation 348 'zext' 'zext_ln36_60' <Predicate = true> <Delay = 0.00>
ST_2 : Operation 349 [3/3] (2.29ns)   --->   "%xm_46 = mul i48 %zext_ln36_59, i48 %zext_ln36_60" [kyber-mult-kernel-dataflow.cpp:36->kyber-mult-kernel-dataflow.cpp:119]   --->   Operation 349 'mul' 'xm_46' <Predicate = true> <Delay = 2.29> <CoreInst = "Mul_DSP">   --->   Core 5 'Mul_DSP' <Latency = 2> <II = 1> <Delay = 3.27> <FuncUnit> <Opcode : 'mul'> <InPorts = 2> <OutPorts = 1>
ST_2 : Operation 350 [1/1] (0.79ns)   --->   "%icmp_ln118_8 = icmp_eq  i4 %or_ln114, i4 1" [kyber-mult-kernel-dataflow.cpp:118]   --->   Operation 350 'icmp' 'icmp_ln118_8' <Predicate = true> <Delay = 0.79> <CoreInst = "Cmp">   --->   Core 9 'Cmp' <Latency = 0> <II = 1> <Delay = 0.79> <FuncUnit> <Opcode : 'icmp'> <InPorts = 2> <OutPorts = 1>
ST_2 : Operation 351 [1/1] (0.00ns)   --->   "%br_ln118 = br i1 %icmp_ln118_8, void %arrayidx13.17.case.9, void %arrayidx13.17.case.1" [kyber-mult-kernel-dataflow.cpp:118]   --->   Operation 351 'br' 'br_ln118' <Predicate = true> <Delay = 0.00>
ST_2 : Operation 352 [1/1] (0.79ns)   --->   "%icmp_ln118_9 = icmp_eq  i4 %or_ln114_7, i4 2" [kyber-mult-kernel-dataflow.cpp:118]   --->   Operation 352 'icmp' 'icmp_ln118_9' <Predicate = true> <Delay = 0.79> <CoreInst = "Cmp">   --->   Core 9 'Cmp' <Latency = 0> <II = 1> <Delay = 0.79> <FuncUnit> <Opcode : 'icmp'> <InPorts = 2> <OutPorts = 1>
ST_2 : Operation 353 [1/1] (0.00ns)   --->   "%br_ln118 = br i1 %icmp_ln118_9, void %arrayidx13.211.case.10, void %arrayidx13.211.case.2" [kyber-mult-kernel-dataflow.cpp:118]   --->   Operation 353 'br' 'br_ln118' <Predicate = true> <Delay = 0.00>
ST_2 : Operation 354 [1/1] (0.79ns)   --->   "%icmp_ln118_10 = icmp_eq  i4 %or_ln114_8, i4 3" [kyber-mult-kernel-dataflow.cpp:118]   --->   Operation 354 'icmp' 'icmp_ln118_10' <Predicate = true> <Delay = 0.79> <CoreInst = "Cmp">   --->   Core 9 'Cmp' <Latency = 0> <II = 1> <Delay = 0.79> <FuncUnit> <Opcode : 'icmp'> <InPorts = 2> <OutPorts = 1>
ST_2 : Operation 355 [1/1] (0.00ns)   --->   "%br_ln118 = br i1 %icmp_ln118_10, void %arrayidx13.315.case.11, void %arrayidx13.315.case.3" [kyber-mult-kernel-dataflow.cpp:118]   --->   Operation 355 'br' 'br_ln118' <Predicate = true> <Delay = 0.00>
ST_2 : Operation 356 [1/1] (0.79ns)   --->   "%icmp_ln118_11 = icmp_eq  i4 %or_ln114_9, i4 4" [kyber-mult-kernel-dataflow.cpp:118]   --->   Operation 356 'icmp' 'icmp_ln118_11' <Predicate = true> <Delay = 0.79> <CoreInst = "Cmp">   --->   Core 9 'Cmp' <Latency = 0> <II = 1> <Delay = 0.79> <FuncUnit> <Opcode : 'icmp'> <InPorts = 2> <OutPorts = 1>
ST_2 : Operation 357 [1/1] (0.00ns)   --->   "%br_ln118 = br i1 %icmp_ln118_11, void %arrayidx13.419.case.12, void %arrayidx13.419.case.4" [kyber-mult-kernel-dataflow.cpp:118]   --->   Operation 357 'br' 'br_ln118' <Predicate = true> <Delay = 0.00>
ST_2 : Operation 358 [1/1] (0.79ns)   --->   "%icmp_ln118_12 = icmp_eq  i4 %or_ln114_10, i4 5" [kyber-mult-kernel-dataflow.cpp:118]   --->   Operation 358 'icmp' 'icmp_ln118_12' <Predicate = true> <Delay = 0.79> <CoreInst = "Cmp">   --->   Core 9 'Cmp' <Latency = 0> <II = 1> <Delay = 0.79> <FuncUnit> <Opcode : 'icmp'> <InPorts = 2> <OutPorts = 1>
ST_2 : Operation 359 [1/1] (0.00ns)   --->   "%br_ln118 = br i1 %icmp_ln118_12, void %arrayidx13.523.case.13, void %arrayidx13.523.case.5" [kyber-mult-kernel-dataflow.cpp:118]   --->   Operation 359 'br' 'br_ln118' <Predicate = true> <Delay = 0.00>
ST_2 : Operation 360 [1/1] (0.79ns)   --->   "%icmp_ln118_13 = icmp_eq  i4 %or_ln114_11, i4 6" [kyber-mult-kernel-dataflow.cpp:118]   --->   Operation 360 'icmp' 'icmp_ln118_13' <Predicate = true> <Delay = 0.79> <CoreInst = "Cmp">   --->   Core 9 'Cmp' <Latency = 0> <II = 1> <Delay = 0.79> <FuncUnit> <Opcode : 'icmp'> <InPorts = 2> <OutPorts = 1>
ST_2 : Operation 361 [1/1] (0.00ns)   --->   "%br_ln118 = br i1 %icmp_ln118_13, void %arrayidx13.627.case.14, void %arrayidx13.627.case.6" [kyber-mult-kernel-dataflow.cpp:118]   --->   Operation 361 'br' 'br_ln118' <Predicate = true> <Delay = 0.00>
ST_2 : Operation 362 [1/1] (0.79ns)   --->   "%icmp_ln118_14 = icmp_eq  i4 %or_ln114_12, i4 7" [kyber-mult-kernel-dataflow.cpp:118]   --->   Operation 362 'icmp' 'icmp_ln118_14' <Predicate = true> <Delay = 0.79> <CoreInst = "Cmp">   --->   Core 9 'Cmp' <Latency = 0> <II = 1> <Delay = 0.79> <FuncUnit> <Opcode : 'icmp'> <InPorts = 2> <OutPorts = 1>
ST_2 : Operation 363 [1/1] (0.00ns)   --->   "%br_ln118 = br i1 %icmp_ln118_14, void %arrayidx13.731.case.15, void %arrayidx13.731.case.7" [kyber-mult-kernel-dataflow.cpp:118]   --->   Operation 363 'br' 'br_ln118' <Predicate = true> <Delay = 0.00>
ST_2 : Operation 364 [1/1] (0.00ns)   --->   "%br_ln119 = br i1 %icmp_ln118_8, void %arrayidx26.18.case.9, void %arrayidx26.18.case.1" [kyber-mult-kernel-dataflow.cpp:119]   --->   Operation 364 'br' 'br_ln119' <Predicate = true> <Delay = 0.00>
ST_2 : Operation 365 [1/1] (0.00ns)   --->   "%br_ln119 = br i1 %icmp_ln118_9, void %arrayidx26.212.case.10, void %arrayidx26.212.case.2" [kyber-mult-kernel-dataflow.cpp:119]   --->   Operation 365 'br' 'br_ln119' <Predicate = true> <Delay = 0.00>
ST_2 : Operation 366 [1/1] (0.00ns)   --->   "%br_ln119 = br i1 %icmp_ln118_10, void %arrayidx26.316.case.11, void %arrayidx26.316.case.3" [kyber-mult-kernel-dataflow.cpp:119]   --->   Operation 366 'br' 'br_ln119' <Predicate = true> <Delay = 0.00>
ST_2 : Operation 367 [1/1] (0.00ns)   --->   "%br_ln119 = br i1 %icmp_ln118_11, void %arrayidx26.420.case.12, void %arrayidx26.420.case.4" [kyber-mult-kernel-dataflow.cpp:119]   --->   Operation 367 'br' 'br_ln119' <Predicate = true> <Delay = 0.00>
ST_2 : Operation 368 [1/1] (0.00ns)   --->   "%br_ln119 = br i1 %icmp_ln118_12, void %arrayidx26.524.case.13, void %arrayidx26.524.case.5" [kyber-mult-kernel-dataflow.cpp:119]   --->   Operation 368 'br' 'br_ln119' <Predicate = true> <Delay = 0.00>
ST_2 : Operation 369 [1/1] (0.00ns)   --->   "%br_ln119 = br i1 %icmp_ln118_13, void %arrayidx26.628.case.14, void %arrayidx26.628.case.6" [kyber-mult-kernel-dataflow.cpp:119]   --->   Operation 369 'br' 'br_ln119' <Predicate = true> <Delay = 0.00>
ST_2 : Operation 370 [1/1] (0.00ns)   --->   "%br_ln119 = br i1 %icmp_ln118_14, void %arrayidx26.732.case.15, void %arrayidx26.732.case.7" [kyber-mult-kernel-dataflow.cpp:119]   --->   Operation 370 'br' 'br_ln119' <Predicate = true> <Delay = 0.00>

State 3 <SV = 2> <Delay = 2.29>
ST_3 : Operation 371 [2/3] (2.29ns)   --->   "%xm = mul i48 %zext_ln36, i48 %zext_ln36_46" [kyber-mult-kernel-dataflow.cpp:36->kyber-mult-kernel-dataflow.cpp:119]   --->   Operation 371 'mul' 'xm' <Predicate = true> <Delay = 2.29> <CoreInst = "Mul_DSP">   --->   Core 5 'Mul_DSP' <Latency = 2> <II = 1> <Delay = 3.27> <FuncUnit> <Opcode : 'mul'> <InPorts = 2> <OutPorts = 1>
ST_3 : Operation 372 [2/3] (2.29ns)   --->   "%xm_47 = mul i48 %zext_ln36_53, i48 %zext_ln36_47" [kyber-mult-kernel-dataflow.cpp:36->kyber-mult-kernel-dataflow.cpp:119]   --->   Operation 372 'mul' 'xm_47' <Predicate = true> <Delay = 2.29> <CoreInst = "Mul_DSP">   --->   Core 5 'Mul_DSP' <Latency = 2> <II = 1> <Delay = 3.27> <FuncUnit> <Opcode : 'mul'> <InPorts = 2> <OutPorts = 1>
ST_3 : Operation 373 [2/3] (2.29ns)   --->   "%xm_48 = mul i48 %zext_ln36_54, i48 %zext_ln36_48" [kyber-mult-kernel-dataflow.cpp:36->kyber-mult-kernel-dataflow.cpp:119]   --->   Operation 373 'mul' 'xm_48' <Predicate = true> <Delay = 2.29> <CoreInst = "Mul_DSP">   --->   Core 5 'Mul_DSP' <Latency = 2> <II = 1> <Delay = 3.27> <FuncUnit> <Opcode : 'mul'> <InPorts = 2> <OutPorts = 1>
ST_3 : Operation 374 [2/3] (2.29ns)   --->   "%xm_49 = mul i48 %zext_ln36_55, i48 %zext_ln36_49" [kyber-mult-kernel-dataflow.cpp:36->kyber-mult-kernel-dataflow.cpp:119]   --->   Operation 374 'mul' 'xm_49' <Predicate = true> <Delay = 2.29> <CoreInst = "Mul_DSP">   --->   Core 5 'Mul_DSP' <Latency = 2> <II = 1> <Delay = 3.27> <FuncUnit> <Opcode : 'mul'> <InPorts = 2> <OutPorts = 1>
ST_3 : Operation 375 [2/3] (2.29ns)   --->   "%xm_50 = mul i48 %zext_ln36_56, i48 %zext_ln36_50" [kyber-mult-kernel-dataflow.cpp:36->kyber-mult-kernel-dataflow.cpp:119]   --->   Operation 375 'mul' 'xm_50' <Predicate = true> <Delay = 2.29> <CoreInst = "Mul_DSP">   --->   Core 5 'Mul_DSP' <Latency = 2> <II = 1> <Delay = 3.27> <FuncUnit> <Opcode : 'mul'> <InPorts = 2> <OutPorts = 1>
ST_3 : Operation 376 [2/3] (2.29ns)   --->   "%xm_51 = mul i48 %zext_ln36_57, i48 %zext_ln36_51" [kyber-mult-kernel-dataflow.cpp:36->kyber-mult-kernel-dataflow.cpp:119]   --->   Operation 376 'mul' 'xm_51' <Predicate = true> <Delay = 2.29> <CoreInst = "Mul_DSP">   --->   Core 5 'Mul_DSP' <Latency = 2> <II = 1> <Delay = 3.27> <FuncUnit> <Opcode : 'mul'> <InPorts = 2> <OutPorts = 1>
ST_3 : Operation 377 [2/3] (2.29ns)   --->   "%xm_52 = mul i48 %zext_ln36_58, i48 %zext_ln36_52" [kyber-mult-kernel-dataflow.cpp:36->kyber-mult-kernel-dataflow.cpp:119]   --->   Operation 377 'mul' 'xm_52' <Predicate = true> <Delay = 2.29> <CoreInst = "Mul_DSP">   --->   Core 5 'Mul_DSP' <Latency = 2> <II = 1> <Delay = 3.27> <FuncUnit> <Opcode : 'mul'> <InPorts = 2> <OutPorts = 1>
ST_3 : Operation 378 [2/3] (2.29ns)   --->   "%xm_46 = mul i48 %zext_ln36_59, i48 %zext_ln36_60" [kyber-mult-kernel-dataflow.cpp:36->kyber-mult-kernel-dataflow.cpp:119]   --->   Operation 378 'mul' 'xm_46' <Predicate = true> <Delay = 2.29> <CoreInst = "Mul_DSP">   --->   Core 5 'Mul_DSP' <Latency = 2> <II = 1> <Delay = 3.27> <FuncUnit> <Opcode : 'mul'> <InPorts = 2> <OutPorts = 1>

State 4 <SV = 3> <Delay = 4.58>
ST_4 : Operation 379 [1/1] (0.00ns)   --->   "%sext_ln119 = sext i14 %sub_ln52" [kyber-mult-kernel-dataflow.cpp:119]   --->   Operation 379 'sext' 'sext_ln119' <Predicate = true> <Delay = 0.00>
ST_4 : Operation 380 [1/1] (0.00ns)   --->   "%w_assign_cast = zext i12 %p_ZL5INV_W_0_4_load" [kyber-mult-kernel-dataflow.cpp:119]   --->   Operation 380 'zext' 'w_assign_cast' <Predicate = true> <Delay = 0.00>
ST_4 : Operation 381 [1/3] (2.29ns)   --->   "%xm = mul i48 %zext_ln36, i48 %zext_ln36_46" [kyber-mult-kernel-dataflow.cpp:36->kyber-mult-kernel-dataflow.cpp:119]   --->   Operation 381 'mul' 'xm' <Predicate = true> <Delay = 2.29> <CoreInst = "Mul_DSP">   --->   Core 5 'Mul_DSP' <Latency = 2> <II = 1> <Delay = 3.27> <FuncUnit> <Opcode : 'mul'> <InPorts = 2> <OutPorts = 1>
ST_4 : Operation 382 [1/1] (0.00ns)   --->   "%specfucore_ln37 = specfucore void @_ssdm_op_SpecFUCore, i48 %xm, i64 12, i64 3, i64 2" [kyber-mult-kernel-dataflow.cpp:37->kyber-mult-kernel-dataflow.cpp:119]   --->   Operation 382 'specfucore' 'specfucore_ln37' <Predicate = true> <Delay = 0.00>
ST_4 : Operation 383 [1/1] (0.00ns)   --->   "%q_est = partselect i32 @_ssdm_op_PartSelect.i32.i48.i32.i32, i48 %xm, i32 16, i32 47" [kyber-mult-kernel-dataflow.cpp:38->kyber-mult-kernel-dataflow.cpp:119]   --->   Operation 383 'partselect' 'q_est' <Predicate = true> <Delay = 0.00>
ST_4 : Operation 384 [3/3] (0.99ns) (grouped into DSP with root node r)   --->   "%xw = mul i26 %sext_ln119, i26 %w_assign_cast" [kyber-mult-kernel-dataflow.cpp:39->kyber-mult-kernel-dataflow.cpp:119]   --->   Operation 384 'mul' 'xw' <Predicate = true> <Delay = 0.99> <CoreInst = "DSP48">   --->   Core 127 'DSP48' <Latency = 2> <II = 1> <Delay = 1.33> <IPBlock> <Opcode : '' 'add' 'sub' 'mul' 'select'> <InPorts = 0> <OutPorts = 1> <Sync> <CReg>
ST_4 : Operation 385 [3/3] (2.29ns)   --->   "%qq = mul i32 %q_est, i32 3329" [kyber-mult-kernel-dataflow.cpp:41->kyber-mult-kernel-dataflow.cpp:119]   --->   Operation 385 'mul' 'qq' <Predicate = true> <Delay = 2.29> <CoreInst = "Mul_DSP">   --->   Core 5 'Mul_DSP' <Latency = 2> <II = 1> <Delay = 3.27> <FuncUnit> <Opcode : 'mul'> <InPorts = 2> <OutPorts = 1>
ST_4 : Operation 386 [1/1] (0.00ns)   --->   "%w_assign_22_cast = zext i12 %p_ZL5INV_W_1_4_load" [kyber-mult-kernel-dataflow.cpp:119]   --->   Operation 386 'zext' 'w_assign_22_cast' <Predicate = true> <Delay = 0.00>
ST_4 : Operation 387 [1/1] (0.00ns)   --->   "%w_assign_23_cast = zext i12 %p_ZL5INV_W_2_4_load" [kyber-mult-kernel-dataflow.cpp:119]   --->   Operation 387 'zext' 'w_assign_23_cast' <Predicate = true> <Delay = 0.00>
ST_4 : Operation 388 [1/1] (0.00ns)   --->   "%w_assign_24_cast = zext i12 %p_ZL5INV_W_3_4_load" [kyber-mult-kernel-dataflow.cpp:119]   --->   Operation 388 'zext' 'w_assign_24_cast' <Predicate = true> <Delay = 0.00>
ST_4 : Operation 389 [1/1] (0.00ns)   --->   "%w_assign_25_cast = zext i12 %p_ZL5INV_W_0_4_load_1" [kyber-mult-kernel-dataflow.cpp:119]   --->   Operation 389 'zext' 'w_assign_25_cast' <Predicate = true> <Delay = 0.00>
ST_4 : Operation 390 [1/1] (0.00ns)   --->   "%w_assign_26_cast = zext i12 %p_ZL5INV_W_1_4_load_1" [kyber-mult-kernel-dataflow.cpp:119]   --->   Operation 390 'zext' 'w_assign_26_cast' <Predicate = true> <Delay = 0.00>
ST_4 : Operation 391 [1/1] (0.00ns)   --->   "%w_assign_27_cast = zext i12 %p_ZL5INV_W_2_4_load_1" [kyber-mult-kernel-dataflow.cpp:119]   --->   Operation 391 'zext' 'w_assign_27_cast' <Predicate = true> <Delay = 0.00>
ST_4 : Operation 392 [1/1] (0.00ns)   --->   "%sext_ln36_48 = sext i14 %sub_ln52_22" [kyber-mult-kernel-dataflow.cpp:36->kyber-mult-kernel-dataflow.cpp:119]   --->   Operation 392 'sext' 'sext_ln36_48' <Predicate = true> <Delay = 0.00>
ST_4 : Operation 393 [1/3] (2.29ns)   --->   "%xm_47 = mul i48 %zext_ln36_53, i48 %zext_ln36_47" [kyber-mult-kernel-dataflow.cpp:36->kyber-mult-kernel-dataflow.cpp:119]   --->   Operation 393 'mul' 'xm_47' <Predicate = true> <Delay = 2.29> <CoreInst = "Mul_DSP">   --->   Core 5 'Mul_DSP' <Latency = 2> <II = 1> <Delay = 3.27> <FuncUnit> <Opcode : 'mul'> <InPorts = 2> <OutPorts = 1>
ST_4 : Operation 394 [1/1] (0.00ns)   --->   "%specfucore_ln37 = specfucore void @_ssdm_op_SpecFUCore, i48 %xm_47, i64 12, i64 3, i64 2" [kyber-mult-kernel-dataflow.cpp:37->kyber-mult-kernel-dataflow.cpp:119]   --->   Operation 394 'specfucore' 'specfucore_ln37' <Predicate = true> <Delay = 0.00>
ST_4 : Operation 395 [1/1] (0.00ns)   --->   "%q_est_18 = partselect i32 @_ssdm_op_PartSelect.i32.i48.i32.i32, i48 %xm_47, i32 16, i32 47" [kyber-mult-kernel-dataflow.cpp:38->kyber-mult-kernel-dataflow.cpp:119]   --->   Operation 395 'partselect' 'q_est_18' <Predicate = true> <Delay = 0.00>
ST_4 : Operation 396 [3/3] (0.99ns) (grouped into DSP with root node r_47)   --->   "%xw_47 = mul i26 %sext_ln36_48, i26 %w_assign_22_cast" [kyber-mult-kernel-dataflow.cpp:39->kyber-mult-kernel-dataflow.cpp:119]   --->   Operation 396 'mul' 'xw_47' <Predicate = true> <Delay = 0.99> <CoreInst = "DSP48">   --->   Core 127 'DSP48' <Latency = 2> <II = 1> <Delay = 1.33> <IPBlock> <Opcode : '' 'add' 'sub' 'mul' 'select'> <InPorts = 0> <OutPorts = 1> <Sync> <CReg>
ST_4 : Operation 397 [3/3] (2.29ns)   --->   "%qq_47 = mul i32 %q_est_18, i32 3329" [kyber-mult-kernel-dataflow.cpp:41->kyber-mult-kernel-dataflow.cpp:119]   --->   Operation 397 'mul' 'qq_47' <Predicate = true> <Delay = 2.29> <CoreInst = "Mul_DSP">   --->   Core 5 'Mul_DSP' <Latency = 2> <II = 1> <Delay = 3.27> <FuncUnit> <Opcode : 'mul'> <InPorts = 2> <OutPorts = 1>
ST_4 : Operation 398 [1/1] (0.00ns)   --->   "%sext_ln36_50 = sext i14 %sub_ln52_23" [kyber-mult-kernel-dataflow.cpp:36->kyber-mult-kernel-dataflow.cpp:119]   --->   Operation 398 'sext' 'sext_ln36_50' <Predicate = true> <Delay = 0.00>
ST_4 : Operation 399 [1/3] (2.29ns)   --->   "%xm_48 = mul i48 %zext_ln36_54, i48 %zext_ln36_48" [kyber-mult-kernel-dataflow.cpp:36->kyber-mult-kernel-dataflow.cpp:119]   --->   Operation 399 'mul' 'xm_48' <Predicate = true> <Delay = 2.29> <CoreInst = "Mul_DSP">   --->   Core 5 'Mul_DSP' <Latency = 2> <II = 1> <Delay = 3.27> <FuncUnit> <Opcode : 'mul'> <InPorts = 2> <OutPorts = 1>
ST_4 : Operation 400 [1/1] (0.00ns)   --->   "%specfucore_ln37 = specfucore void @_ssdm_op_SpecFUCore, i48 %xm_48, i64 12, i64 3, i64 2" [kyber-mult-kernel-dataflow.cpp:37->kyber-mult-kernel-dataflow.cpp:119]   --->   Operation 400 'specfucore' 'specfucore_ln37' <Predicate = true> <Delay = 0.00>
ST_4 : Operation 401 [1/1] (0.00ns)   --->   "%q_est_2 = partselect i32 @_ssdm_op_PartSelect.i32.i48.i32.i32, i48 %xm_48, i32 16, i32 47" [kyber-mult-kernel-dataflow.cpp:38->kyber-mult-kernel-dataflow.cpp:119]   --->   Operation 401 'partselect' 'q_est_2' <Predicate = true> <Delay = 0.00>
ST_4 : Operation 402 [3/3] (0.99ns) (grouped into DSP with root node r_48)   --->   "%xw_48 = mul i26 %sext_ln36_50, i26 %w_assign_23_cast" [kyber-mult-kernel-dataflow.cpp:39->kyber-mult-kernel-dataflow.cpp:119]   --->   Operation 402 'mul' 'xw_48' <Predicate = true> <Delay = 0.99> <CoreInst = "DSP48">   --->   Core 127 'DSP48' <Latency = 2> <II = 1> <Delay = 1.33> <IPBlock> <Opcode : '' 'add' 'sub' 'mul' 'select'> <InPorts = 0> <OutPorts = 1> <Sync> <CReg>
ST_4 : Operation 403 [3/3] (2.29ns)   --->   "%qq_48 = mul i32 %q_est_2, i32 3329" [kyber-mult-kernel-dataflow.cpp:41->kyber-mult-kernel-dataflow.cpp:119]   --->   Operation 403 'mul' 'qq_48' <Predicate = true> <Delay = 2.29> <CoreInst = "Mul_DSP">   --->   Core 5 'Mul_DSP' <Latency = 2> <II = 1> <Delay = 3.27> <FuncUnit> <Opcode : 'mul'> <InPorts = 2> <OutPorts = 1>
ST_4 : Operation 404 [1/1] (0.00ns)   --->   "%sext_ln36_52 = sext i14 %sub_ln52_24" [kyber-mult-kernel-dataflow.cpp:36->kyber-mult-kernel-dataflow.cpp:119]   --->   Operation 404 'sext' 'sext_ln36_52' <Predicate = true> <Delay = 0.00>
ST_4 : Operation 405 [1/3] (2.29ns)   --->   "%xm_49 = mul i48 %zext_ln36_55, i48 %zext_ln36_49" [kyber-mult-kernel-dataflow.cpp:36->kyber-mult-kernel-dataflow.cpp:119]   --->   Operation 405 'mul' 'xm_49' <Predicate = true> <Delay = 2.29> <CoreInst = "Mul_DSP">   --->   Core 5 'Mul_DSP' <Latency = 2> <II = 1> <Delay = 3.27> <FuncUnit> <Opcode : 'mul'> <InPorts = 2> <OutPorts = 1>
ST_4 : Operation 406 [1/1] (0.00ns)   --->   "%specfucore_ln37 = specfucore void @_ssdm_op_SpecFUCore, i48 %xm_49, i64 12, i64 3, i64 2" [kyber-mult-kernel-dataflow.cpp:37->kyber-mult-kernel-dataflow.cpp:119]   --->   Operation 406 'specfucore' 'specfucore_ln37' <Predicate = true> <Delay = 0.00>
ST_4 : Operation 407 [1/1] (0.00ns)   --->   "%q_est_3 = partselect i32 @_ssdm_op_PartSelect.i32.i48.i32.i32, i48 %xm_49, i32 16, i32 47" [kyber-mult-kernel-dataflow.cpp:38->kyber-mult-kernel-dataflow.cpp:119]   --->   Operation 407 'partselect' 'q_est_3' <Predicate = true> <Delay = 0.00>
ST_4 : Operation 408 [3/3] (0.99ns) (grouped into DSP with root node r_49)   --->   "%xw_49 = mul i26 %sext_ln36_52, i26 %w_assign_24_cast" [kyber-mult-kernel-dataflow.cpp:39->kyber-mult-kernel-dataflow.cpp:119]   --->   Operation 408 'mul' 'xw_49' <Predicate = true> <Delay = 0.99> <CoreInst = "DSP48">   --->   Core 127 'DSP48' <Latency = 2> <II = 1> <Delay = 1.33> <IPBlock> <Opcode : '' 'add' 'sub' 'mul' 'select'> <InPorts = 0> <OutPorts = 1> <Sync> <CReg>
ST_4 : Operation 409 [3/3] (2.29ns)   --->   "%qq_49 = mul i32 %q_est_3, i32 3329" [kyber-mult-kernel-dataflow.cpp:41->kyber-mult-kernel-dataflow.cpp:119]   --->   Operation 409 'mul' 'qq_49' <Predicate = true> <Delay = 2.29> <CoreInst = "Mul_DSP">   --->   Core 5 'Mul_DSP' <Latency = 2> <II = 1> <Delay = 3.27> <FuncUnit> <Opcode : 'mul'> <InPorts = 2> <OutPorts = 1>
ST_4 : Operation 410 [1/1] (0.00ns)   --->   "%sext_ln36_54 = sext i14 %sub_ln52_25" [kyber-mult-kernel-dataflow.cpp:36->kyber-mult-kernel-dataflow.cpp:119]   --->   Operation 410 'sext' 'sext_ln36_54' <Predicate = true> <Delay = 0.00>
ST_4 : Operation 411 [1/3] (2.29ns)   --->   "%xm_50 = mul i48 %zext_ln36_56, i48 %zext_ln36_50" [kyber-mult-kernel-dataflow.cpp:36->kyber-mult-kernel-dataflow.cpp:119]   --->   Operation 411 'mul' 'xm_50' <Predicate = true> <Delay = 2.29> <CoreInst = "Mul_DSP">   --->   Core 5 'Mul_DSP' <Latency = 2> <II = 1> <Delay = 3.27> <FuncUnit> <Opcode : 'mul'> <InPorts = 2> <OutPorts = 1>
ST_4 : Operation 412 [1/1] (0.00ns)   --->   "%specfucore_ln37 = specfucore void @_ssdm_op_SpecFUCore, i48 %xm_50, i64 12, i64 3, i64 2" [kyber-mult-kernel-dataflow.cpp:37->kyber-mult-kernel-dataflow.cpp:119]   --->   Operation 412 'specfucore' 'specfucore_ln37' <Predicate = true> <Delay = 0.00>
ST_4 : Operation 413 [1/1] (0.00ns)   --->   "%q_est_4 = partselect i32 @_ssdm_op_PartSelect.i32.i48.i32.i32, i48 %xm_50, i32 16, i32 47" [kyber-mult-kernel-dataflow.cpp:38->kyber-mult-kernel-dataflow.cpp:119]   --->   Operation 413 'partselect' 'q_est_4' <Predicate = true> <Delay = 0.00>
ST_4 : Operation 414 [3/3] (0.99ns) (grouped into DSP with root node r_50)   --->   "%xw_50 = mul i26 %sext_ln36_54, i26 %w_assign_25_cast" [kyber-mult-kernel-dataflow.cpp:39->kyber-mult-kernel-dataflow.cpp:119]   --->   Operation 414 'mul' 'xw_50' <Predicate = true> <Delay = 0.99> <CoreInst = "DSP48">   --->   Core 127 'DSP48' <Latency = 2> <II = 1> <Delay = 1.33> <IPBlock> <Opcode : '' 'add' 'sub' 'mul' 'select'> <InPorts = 0> <OutPorts = 1> <Sync> <CReg>
ST_4 : Operation 415 [3/3] (2.29ns)   --->   "%qq_50 = mul i32 %q_est_4, i32 3329" [kyber-mult-kernel-dataflow.cpp:41->kyber-mult-kernel-dataflow.cpp:119]   --->   Operation 415 'mul' 'qq_50' <Predicate = true> <Delay = 2.29> <CoreInst = "Mul_DSP">   --->   Core 5 'Mul_DSP' <Latency = 2> <II = 1> <Delay = 3.27> <FuncUnit> <Opcode : 'mul'> <InPorts = 2> <OutPorts = 1>
ST_4 : Operation 416 [1/1] (0.00ns)   --->   "%sext_ln36_56 = sext i14 %sub_ln52_26" [kyber-mult-kernel-dataflow.cpp:36->kyber-mult-kernel-dataflow.cpp:119]   --->   Operation 416 'sext' 'sext_ln36_56' <Predicate = true> <Delay = 0.00>
ST_4 : Operation 417 [1/3] (2.29ns)   --->   "%xm_51 = mul i48 %zext_ln36_57, i48 %zext_ln36_51" [kyber-mult-kernel-dataflow.cpp:36->kyber-mult-kernel-dataflow.cpp:119]   --->   Operation 417 'mul' 'xm_51' <Predicate = true> <Delay = 2.29> <CoreInst = "Mul_DSP">   --->   Core 5 'Mul_DSP' <Latency = 2> <II = 1> <Delay = 3.27> <FuncUnit> <Opcode : 'mul'> <InPorts = 2> <OutPorts = 1>
ST_4 : Operation 418 [1/1] (0.00ns)   --->   "%specfucore_ln37 = specfucore void @_ssdm_op_SpecFUCore, i48 %xm_51, i64 12, i64 3, i64 2" [kyber-mult-kernel-dataflow.cpp:37->kyber-mult-kernel-dataflow.cpp:119]   --->   Operation 418 'specfucore' 'specfucore_ln37' <Predicate = true> <Delay = 0.00>
ST_4 : Operation 419 [1/1] (0.00ns)   --->   "%q_est_5 = partselect i32 @_ssdm_op_PartSelect.i32.i48.i32.i32, i48 %xm_51, i32 16, i32 47" [kyber-mult-kernel-dataflow.cpp:38->kyber-mult-kernel-dataflow.cpp:119]   --->   Operation 419 'partselect' 'q_est_5' <Predicate = true> <Delay = 0.00>
ST_4 : Operation 420 [3/3] (0.99ns) (grouped into DSP with root node r_51)   --->   "%xw_51 = mul i26 %sext_ln36_56, i26 %w_assign_26_cast" [kyber-mult-kernel-dataflow.cpp:39->kyber-mult-kernel-dataflow.cpp:119]   --->   Operation 420 'mul' 'xw_51' <Predicate = true> <Delay = 0.99> <CoreInst = "DSP48">   --->   Core 127 'DSP48' <Latency = 2> <II = 1> <Delay = 1.33> <IPBlock> <Opcode : '' 'add' 'sub' 'mul' 'select'> <InPorts = 0> <OutPorts = 1> <Sync> <CReg>
ST_4 : Operation 421 [3/3] (2.29ns)   --->   "%qq_51 = mul i32 %q_est_5, i32 3329" [kyber-mult-kernel-dataflow.cpp:41->kyber-mult-kernel-dataflow.cpp:119]   --->   Operation 421 'mul' 'qq_51' <Predicate = true> <Delay = 2.29> <CoreInst = "Mul_DSP">   --->   Core 5 'Mul_DSP' <Latency = 2> <II = 1> <Delay = 3.27> <FuncUnit> <Opcode : 'mul'> <InPorts = 2> <OutPorts = 1>
ST_4 : Operation 422 [1/1] (0.00ns)   --->   "%sext_ln36_58 = sext i14 %sub_ln52_27" [kyber-mult-kernel-dataflow.cpp:36->kyber-mult-kernel-dataflow.cpp:119]   --->   Operation 422 'sext' 'sext_ln36_58' <Predicate = true> <Delay = 0.00>
ST_4 : Operation 423 [1/3] (2.29ns)   --->   "%xm_52 = mul i48 %zext_ln36_58, i48 %zext_ln36_52" [kyber-mult-kernel-dataflow.cpp:36->kyber-mult-kernel-dataflow.cpp:119]   --->   Operation 423 'mul' 'xm_52' <Predicate = true> <Delay = 2.29> <CoreInst = "Mul_DSP">   --->   Core 5 'Mul_DSP' <Latency = 2> <II = 1> <Delay = 3.27> <FuncUnit> <Opcode : 'mul'> <InPorts = 2> <OutPorts = 1>
ST_4 : Operation 424 [1/1] (0.00ns)   --->   "%specfucore_ln37 = specfucore void @_ssdm_op_SpecFUCore, i48 %xm_52, i64 12, i64 3, i64 2" [kyber-mult-kernel-dataflow.cpp:37->kyber-mult-kernel-dataflow.cpp:119]   --->   Operation 424 'specfucore' 'specfucore_ln37' <Predicate = true> <Delay = 0.00>
ST_4 : Operation 425 [1/1] (0.00ns)   --->   "%q_est_6 = partselect i32 @_ssdm_op_PartSelect.i32.i48.i32.i32, i48 %xm_52, i32 16, i32 47" [kyber-mult-kernel-dataflow.cpp:38->kyber-mult-kernel-dataflow.cpp:119]   --->   Operation 425 'partselect' 'q_est_6' <Predicate = true> <Delay = 0.00>
ST_4 : Operation 426 [3/3] (0.99ns) (grouped into DSP with root node r_52)   --->   "%xw_52 = mul i26 %sext_ln36_58, i26 %w_assign_27_cast" [kyber-mult-kernel-dataflow.cpp:39->kyber-mult-kernel-dataflow.cpp:119]   --->   Operation 426 'mul' 'xw_52' <Predicate = true> <Delay = 0.99> <CoreInst = "DSP48">   --->   Core 127 'DSP48' <Latency = 2> <II = 1> <Delay = 1.33> <IPBlock> <Opcode : '' 'add' 'sub' 'mul' 'select'> <InPorts = 0> <OutPorts = 1> <Sync> <CReg>
ST_4 : Operation 427 [3/3] (2.29ns)   --->   "%qq_52 = mul i32 %q_est_6, i32 3329" [kyber-mult-kernel-dataflow.cpp:41->kyber-mult-kernel-dataflow.cpp:119]   --->   Operation 427 'mul' 'qq_52' <Predicate = true> <Delay = 2.29> <CoreInst = "Mul_DSP">   --->   Core 5 'Mul_DSP' <Latency = 2> <II = 1> <Delay = 3.27> <FuncUnit> <Opcode : 'mul'> <InPorts = 2> <OutPorts = 1>
ST_4 : Operation 428 [1/1] (0.00ns)   --->   "%sext_ln119_4 = sext i14 %sub_ln52_28" [kyber-mult-kernel-dataflow.cpp:119]   --->   Operation 428 'sext' 'sext_ln119_4' <Predicate = true> <Delay = 0.00>
ST_4 : Operation 429 [1/1] (0.00ns)   --->   "%w_assign_28_cast = zext i12 %p_ZL5INV_W_3_4_load_1" [kyber-mult-kernel-dataflow.cpp:119]   --->   Operation 429 'zext' 'w_assign_28_cast' <Predicate = true> <Delay = 0.00>
ST_4 : Operation 430 [1/3] (2.29ns)   --->   "%xm_46 = mul i48 %zext_ln36_59, i48 %zext_ln36_60" [kyber-mult-kernel-dataflow.cpp:36->kyber-mult-kernel-dataflow.cpp:119]   --->   Operation 430 'mul' 'xm_46' <Predicate = true> <Delay = 2.29> <CoreInst = "Mul_DSP">   --->   Core 5 'Mul_DSP' <Latency = 2> <II = 1> <Delay = 3.27> <FuncUnit> <Opcode : 'mul'> <InPorts = 2> <OutPorts = 1>
ST_4 : Operation 431 [1/1] (0.00ns)   --->   "%specfucore_ln37 = specfucore void @_ssdm_op_SpecFUCore, i48 %xm_46, i64 12, i64 3, i64 2" [kyber-mult-kernel-dataflow.cpp:37->kyber-mult-kernel-dataflow.cpp:119]   --->   Operation 431 'specfucore' 'specfucore_ln37' <Predicate = true> <Delay = 0.00>
ST_4 : Operation 432 [1/1] (0.00ns)   --->   "%q_est_7 = partselect i32 @_ssdm_op_PartSelect.i32.i48.i32.i32, i48 %xm_46, i32 16, i32 47" [kyber-mult-kernel-dataflow.cpp:38->kyber-mult-kernel-dataflow.cpp:119]   --->   Operation 432 'partselect' 'q_est_7' <Predicate = true> <Delay = 0.00>
ST_4 : Operation 433 [3/3] (0.99ns) (grouped into DSP with root node r_46)   --->   "%xw_46 = mul i26 %sext_ln119_4, i26 %w_assign_28_cast" [kyber-mult-kernel-dataflow.cpp:39->kyber-mult-kernel-dataflow.cpp:119]   --->   Operation 433 'mul' 'xw_46' <Predicate = true> <Delay = 0.99> <CoreInst = "DSP48">   --->   Core 127 'DSP48' <Latency = 2> <II = 1> <Delay = 1.33> <IPBlock> <Opcode : '' 'add' 'sub' 'mul' 'select'> <InPorts = 0> <OutPorts = 1> <Sync> <CReg>
ST_4 : Operation 434 [3/3] (2.29ns)   --->   "%qq_46 = mul i32 %q_est_7, i32 3329" [kyber-mult-kernel-dataflow.cpp:41->kyber-mult-kernel-dataflow.cpp:119]   --->   Operation 434 'mul' 'qq_46' <Predicate = true> <Delay = 2.29> <CoreInst = "Mul_DSP">   --->   Core 5 'Mul_DSP' <Latency = 2> <II = 1> <Delay = 3.27> <FuncUnit> <Opcode : 'mul'> <InPorts = 2> <OutPorts = 1>

State 5 <SV = 4> <Delay = 2.29>
ST_5 : Operation 435 [2/3] (0.99ns) (grouped into DSP with root node r)   --->   "%xw = mul i26 %sext_ln119, i26 %w_assign_cast" [kyber-mult-kernel-dataflow.cpp:39->kyber-mult-kernel-dataflow.cpp:119]   --->   Operation 435 'mul' 'xw' <Predicate = true> <Delay = 0.99> <CoreInst = "DSP48">   --->   Core 127 'DSP48' <Latency = 2> <II = 1> <Delay = 1.33> <IPBlock> <Opcode : '' 'add' 'sub' 'mul' 'select'> <InPorts = 0> <OutPorts = 1> <Sync> <CReg>
ST_5 : Operation 436 [2/3] (2.29ns)   --->   "%qq = mul i32 %q_est, i32 3329" [kyber-mult-kernel-dataflow.cpp:41->kyber-mult-kernel-dataflow.cpp:119]   --->   Operation 436 'mul' 'qq' <Predicate = true> <Delay = 2.29> <CoreInst = "Mul_DSP">   --->   Core 5 'Mul_DSP' <Latency = 2> <II = 1> <Delay = 3.27> <FuncUnit> <Opcode : 'mul'> <InPorts = 2> <OutPorts = 1>
ST_5 : Operation 437 [2/3] (0.99ns) (grouped into DSP with root node r_47)   --->   "%xw_47 = mul i26 %sext_ln36_48, i26 %w_assign_22_cast" [kyber-mult-kernel-dataflow.cpp:39->kyber-mult-kernel-dataflow.cpp:119]   --->   Operation 437 'mul' 'xw_47' <Predicate = true> <Delay = 0.99> <CoreInst = "DSP48">   --->   Core 127 'DSP48' <Latency = 2> <II = 1> <Delay = 1.33> <IPBlock> <Opcode : '' 'add' 'sub' 'mul' 'select'> <InPorts = 0> <OutPorts = 1> <Sync> <CReg>
ST_5 : Operation 438 [2/3] (2.29ns)   --->   "%qq_47 = mul i32 %q_est_18, i32 3329" [kyber-mult-kernel-dataflow.cpp:41->kyber-mult-kernel-dataflow.cpp:119]   --->   Operation 438 'mul' 'qq_47' <Predicate = true> <Delay = 2.29> <CoreInst = "Mul_DSP">   --->   Core 5 'Mul_DSP' <Latency = 2> <II = 1> <Delay = 3.27> <FuncUnit> <Opcode : 'mul'> <InPorts = 2> <OutPorts = 1>
ST_5 : Operation 439 [2/3] (0.99ns) (grouped into DSP with root node r_48)   --->   "%xw_48 = mul i26 %sext_ln36_50, i26 %w_assign_23_cast" [kyber-mult-kernel-dataflow.cpp:39->kyber-mult-kernel-dataflow.cpp:119]   --->   Operation 439 'mul' 'xw_48' <Predicate = true> <Delay = 0.99> <CoreInst = "DSP48">   --->   Core 127 'DSP48' <Latency = 2> <II = 1> <Delay = 1.33> <IPBlock> <Opcode : '' 'add' 'sub' 'mul' 'select'> <InPorts = 0> <OutPorts = 1> <Sync> <CReg>
ST_5 : Operation 440 [2/3] (2.29ns)   --->   "%qq_48 = mul i32 %q_est_2, i32 3329" [kyber-mult-kernel-dataflow.cpp:41->kyber-mult-kernel-dataflow.cpp:119]   --->   Operation 440 'mul' 'qq_48' <Predicate = true> <Delay = 2.29> <CoreInst = "Mul_DSP">   --->   Core 5 'Mul_DSP' <Latency = 2> <II = 1> <Delay = 3.27> <FuncUnit> <Opcode : 'mul'> <InPorts = 2> <OutPorts = 1>
ST_5 : Operation 441 [2/3] (0.99ns) (grouped into DSP with root node r_49)   --->   "%xw_49 = mul i26 %sext_ln36_52, i26 %w_assign_24_cast" [kyber-mult-kernel-dataflow.cpp:39->kyber-mult-kernel-dataflow.cpp:119]   --->   Operation 441 'mul' 'xw_49' <Predicate = true> <Delay = 0.99> <CoreInst = "DSP48">   --->   Core 127 'DSP48' <Latency = 2> <II = 1> <Delay = 1.33> <IPBlock> <Opcode : '' 'add' 'sub' 'mul' 'select'> <InPorts = 0> <OutPorts = 1> <Sync> <CReg>
ST_5 : Operation 442 [2/3] (2.29ns)   --->   "%qq_49 = mul i32 %q_est_3, i32 3329" [kyber-mult-kernel-dataflow.cpp:41->kyber-mult-kernel-dataflow.cpp:119]   --->   Operation 442 'mul' 'qq_49' <Predicate = true> <Delay = 2.29> <CoreInst = "Mul_DSP">   --->   Core 5 'Mul_DSP' <Latency = 2> <II = 1> <Delay = 3.27> <FuncUnit> <Opcode : 'mul'> <InPorts = 2> <OutPorts = 1>
ST_5 : Operation 443 [2/3] (0.99ns) (grouped into DSP with root node r_50)   --->   "%xw_50 = mul i26 %sext_ln36_54, i26 %w_assign_25_cast" [kyber-mult-kernel-dataflow.cpp:39->kyber-mult-kernel-dataflow.cpp:119]   --->   Operation 443 'mul' 'xw_50' <Predicate = true> <Delay = 0.99> <CoreInst = "DSP48">   --->   Core 127 'DSP48' <Latency = 2> <II = 1> <Delay = 1.33> <IPBlock> <Opcode : '' 'add' 'sub' 'mul' 'select'> <InPorts = 0> <OutPorts = 1> <Sync> <CReg>
ST_5 : Operation 444 [2/3] (2.29ns)   --->   "%qq_50 = mul i32 %q_est_4, i32 3329" [kyber-mult-kernel-dataflow.cpp:41->kyber-mult-kernel-dataflow.cpp:119]   --->   Operation 444 'mul' 'qq_50' <Predicate = true> <Delay = 2.29> <CoreInst = "Mul_DSP">   --->   Core 5 'Mul_DSP' <Latency = 2> <II = 1> <Delay = 3.27> <FuncUnit> <Opcode : 'mul'> <InPorts = 2> <OutPorts = 1>
ST_5 : Operation 445 [2/3] (0.99ns) (grouped into DSP with root node r_51)   --->   "%xw_51 = mul i26 %sext_ln36_56, i26 %w_assign_26_cast" [kyber-mult-kernel-dataflow.cpp:39->kyber-mult-kernel-dataflow.cpp:119]   --->   Operation 445 'mul' 'xw_51' <Predicate = true> <Delay = 0.99> <CoreInst = "DSP48">   --->   Core 127 'DSP48' <Latency = 2> <II = 1> <Delay = 1.33> <IPBlock> <Opcode : '' 'add' 'sub' 'mul' 'select'> <InPorts = 0> <OutPorts = 1> <Sync> <CReg>
ST_5 : Operation 446 [2/3] (2.29ns)   --->   "%qq_51 = mul i32 %q_est_5, i32 3329" [kyber-mult-kernel-dataflow.cpp:41->kyber-mult-kernel-dataflow.cpp:119]   --->   Operation 446 'mul' 'qq_51' <Predicate = true> <Delay = 2.29> <CoreInst = "Mul_DSP">   --->   Core 5 'Mul_DSP' <Latency = 2> <II = 1> <Delay = 3.27> <FuncUnit> <Opcode : 'mul'> <InPorts = 2> <OutPorts = 1>
ST_5 : Operation 447 [2/3] (0.99ns) (grouped into DSP with root node r_52)   --->   "%xw_52 = mul i26 %sext_ln36_58, i26 %w_assign_27_cast" [kyber-mult-kernel-dataflow.cpp:39->kyber-mult-kernel-dataflow.cpp:119]   --->   Operation 447 'mul' 'xw_52' <Predicate = true> <Delay = 0.99> <CoreInst = "DSP48">   --->   Core 127 'DSP48' <Latency = 2> <II = 1> <Delay = 1.33> <IPBlock> <Opcode : '' 'add' 'sub' 'mul' 'select'> <InPorts = 0> <OutPorts = 1> <Sync> <CReg>
ST_5 : Operation 448 [2/3] (2.29ns)   --->   "%qq_52 = mul i32 %q_est_6, i32 3329" [kyber-mult-kernel-dataflow.cpp:41->kyber-mult-kernel-dataflow.cpp:119]   --->   Operation 448 'mul' 'qq_52' <Predicate = true> <Delay = 2.29> <CoreInst = "Mul_DSP">   --->   Core 5 'Mul_DSP' <Latency = 2> <II = 1> <Delay = 3.27> <FuncUnit> <Opcode : 'mul'> <InPorts = 2> <OutPorts = 1>
ST_5 : Operation 449 [2/3] (0.99ns) (grouped into DSP with root node r_46)   --->   "%xw_46 = mul i26 %sext_ln119_4, i26 %w_assign_28_cast" [kyber-mult-kernel-dataflow.cpp:39->kyber-mult-kernel-dataflow.cpp:119]   --->   Operation 449 'mul' 'xw_46' <Predicate = true> <Delay = 0.99> <CoreInst = "DSP48">   --->   Core 127 'DSP48' <Latency = 2> <II = 1> <Delay = 1.33> <IPBlock> <Opcode : '' 'add' 'sub' 'mul' 'select'> <InPorts = 0> <OutPorts = 1> <Sync> <CReg>
ST_5 : Operation 450 [2/3] (2.29ns)   --->   "%qq_46 = mul i32 %q_est_7, i32 3329" [kyber-mult-kernel-dataflow.cpp:41->kyber-mult-kernel-dataflow.cpp:119]   --->   Operation 450 'mul' 'qq_46' <Predicate = true> <Delay = 2.29> <CoreInst = "Mul_DSP">   --->   Core 5 'Mul_DSP' <Latency = 2> <II = 1> <Delay = 3.27> <FuncUnit> <Opcode : 'mul'> <InPorts = 2> <OutPorts = 1>
ST_5 : Operation 640 [1/1] (0.00ns)   --->   "%ret_ln122 = ret" [kyber-mult-kernel-dataflow.cpp:122]   --->   Operation 640 'ret' 'ret_ln122' <Predicate = (tmp_3)> <Delay = 0.00>

State 6 <SV = 5> <Delay = 6.39>
ST_6 : Operation 451 [1/1] (0.00ns)   --->   "%specpipeline_ln108 = specpipeline void @_ssdm_op_SpecPipeline, i32 1, i32 0, i32 0, i32 0, void @empty_246" [kyber-mult-kernel-dataflow.cpp:108]   --->   Operation 451 'specpipeline' 'specpipeline_ln108' <Predicate = true> <Delay = 0.00>
ST_6 : Operation 452 [1/1] (0.00ns)   --->   "%speclooptripcount_ln107 = speclooptripcount void @_ssdm_op_SpecLoopTripCount, i64 16, i64 16, i64 16" [kyber-mult-kernel-dataflow.cpp:107]   --->   Operation 452 'speclooptripcount' 'speclooptripcount_ln107' <Predicate = true> <Delay = 0.00>
ST_6 : Operation 453 [1/1] (0.00ns)   --->   "%specloopname_ln107 = specloopname void @_ssdm_op_SpecLoopName, void @empty_177" [kyber-mult-kernel-dataflow.cpp:107]   --->   Operation 453 'specloopname' 'specloopname_ln107' <Predicate = true> <Delay = 0.00>
ST_6 : Operation 454 [1/1] (0.00ns)   --->   "%dst_0_addr = getelementptr i12 %dst_0, i64 0, i64 %zext_ln114" [kyber-mult-kernel-dataflow.cpp:118]   --->   Operation 454 'getelementptr' 'dst_0_addr' <Predicate = true> <Delay = 0.00>
ST_6 : Operation 455 [1/1] (0.00ns)   --->   "%dst_8_addr = getelementptr i12 %dst_8, i64 0, i64 %zext_ln114" [kyber-mult-kernel-dataflow.cpp:118]   --->   Operation 455 'getelementptr' 'dst_8_addr' <Predicate = true> <Delay = 0.00>
ST_6 : Operation 456 [1/1] (0.00ns)   --->   "%rbegin9 = specregionbegin i32 @_ssdm_op_SpecRegionBegin, void @empty_44" [kyber-mult-kernel-dataflow.cpp:36->kyber-mult-kernel-dataflow.cpp:119]   --->   Operation 456 'specregionbegin' 'rbegin9' <Predicate = true> <Delay = 0.00>
ST_6 : Operation 457 [1/1] (0.00ns)   --->   "%rend46 = specregionend i32 @_ssdm_op_SpecRegionEnd, void @empty_44, i32 %rbegin9" [kyber-mult-kernel-dataflow.cpp:36->kyber-mult-kernel-dataflow.cpp:119]   --->   Operation 457 'specregionend' 'rend46' <Predicate = true> <Delay = 0.00>
ST_6 : Operation 458 [1/1] (0.00ns)   --->   "%rbegin2 = specregionbegin i32 @_ssdm_op_SpecRegionBegin, void @empty_59" [kyber-mult-kernel-dataflow.cpp:39->kyber-mult-kernel-dataflow.cpp:119]   --->   Operation 458 'specregionbegin' 'rbegin2' <Predicate = true> <Delay = 0.00>
ST_6 : Operation 459 [1/3] (0.00ns) (grouped into DSP with root node r)   --->   "%xw = mul i26 %sext_ln119, i26 %w_assign_cast" [kyber-mult-kernel-dataflow.cpp:39->kyber-mult-kernel-dataflow.cpp:119]   --->   Operation 459 'mul' 'xw' <Predicate = true> <Delay = 0.00> <CoreInst = "DSP48">   --->   Core 127 'DSP48' <Latency = 2> <II = 1> <Delay = 1.33> <IPBlock> <Opcode : '' 'add' 'sub' 'mul' 'select'> <InPorts = 0> <OutPorts = 1> <Sync> <CReg>
ST_6 : Operation 460 [1/1] (0.00ns) (grouped into DSP with root node r)   --->   "%sext_ln40 = sext i26 %xw" [kyber-mult-kernel-dataflow.cpp:40->kyber-mult-kernel-dataflow.cpp:119]   --->   Operation 460 'sext' 'sext_ln40' <Predicate = true> <Delay = 0.00>
ST_6 : Operation 461 [1/1] (0.00ns)   --->   "%specfucore_ln40 = specfucore void @_ssdm_op_SpecFUCore, i26 %xw, i64 12, i64 3, i64 2" [kyber-mult-kernel-dataflow.cpp:40->kyber-mult-kernel-dataflow.cpp:119]   --->   Operation 461 'specfucore' 'specfucore_ln40' <Predicate = true> <Delay = 0.00>
ST_6 : Operation 462 [1/1] (0.00ns)   --->   "%rend44 = specregionend i32 @_ssdm_op_SpecRegionEnd, void @empty_59, i32 %rbegin2" [kyber-mult-kernel-dataflow.cpp:39->kyber-mult-kernel-dataflow.cpp:119]   --->   Operation 462 'specregionend' 'rend44' <Predicate = true> <Delay = 0.00>
ST_6 : Operation 463 [1/1] (0.00ns)   --->   "%rbegin4 = specregionbegin i32 @_ssdm_op_SpecRegionBegin, void @empty_29" [kyber-mult-kernel-dataflow.cpp:41->kyber-mult-kernel-dataflow.cpp:119]   --->   Operation 463 'specregionbegin' 'rbegin4' <Predicate = true> <Delay = 0.00>
ST_6 : Operation 464 [1/3] (2.29ns)   --->   "%qq = mul i32 %q_est, i32 3329" [kyber-mult-kernel-dataflow.cpp:41->kyber-mult-kernel-dataflow.cpp:119]   --->   Operation 464 'mul' 'qq' <Predicate = true> <Delay = 2.29> <CoreInst = "Mul_DSP">   --->   Core 5 'Mul_DSP' <Latency = 2> <II = 1> <Delay = 3.27> <FuncUnit> <Opcode : 'mul'> <InPorts = 2> <OutPorts = 1>
ST_6 : Operation 465 [1/1] (0.00ns)   --->   "%specfucore_ln42 = specfucore void @_ssdm_op_SpecFUCore, i32 %qq, i64 12, i64 3, i64 2" [kyber-mult-kernel-dataflow.cpp:42->kyber-mult-kernel-dataflow.cpp:119]   --->   Operation 465 'specfucore' 'specfucore_ln42' <Predicate = true> <Delay = 0.00>
ST_6 : Operation 466 [1/1] (0.00ns)   --->   "%rend42 = specregionend i32 @_ssdm_op_SpecRegionEnd, void @empty_29, i32 %rbegin4" [kyber-mult-kernel-dataflow.cpp:41->kyber-mult-kernel-dataflow.cpp:119]   --->   Operation 466 'specregionend' 'rend42' <Predicate = true> <Delay = 0.00>
ST_6 : Operation 467 [1/1] (2.03ns) (root node of the DSP)   --->   "%r = sub i32 %sext_ln40, i32 %qq" [kyber-mult-kernel-dataflow.cpp:43->kyber-mult-kernel-dataflow.cpp:119]   --->   Operation 467 'sub' 'r' <Predicate = true> <Delay = 2.03> <CoreInst = "DSP48">   --->   Core 127 'DSP48' <Latency = 2> <II = 1> <Delay = 1.33> <IPBlock> <Opcode : '' 'add' 'sub' 'mul' 'select'> <InPorts = 0> <OutPorts = 1> <Sync> <CReg>
ST_6 : Operation 468 [1/1] (1.01ns)   --->   "%icmp_ln44 = icmp_ugt  i32 %r, i32 3328" [kyber-mult-kernel-dataflow.cpp:44->kyber-mult-kernel-dataflow.cpp:119]   --->   Operation 468 'icmp' 'icmp_ln44' <Predicate = true> <Delay = 1.01> <CoreInst = "Cmp">   --->   Core 9 'Cmp' <Latency = 0> <II = 1> <Delay = 1.01> <FuncUnit> <Opcode : 'icmp'> <InPorts = 2> <OutPorts = 1>
ST_6 : Operation 469 [1/1] (0.00ns)   --->   "%trunc_ln44 = trunc i32 %r" [kyber-mult-kernel-dataflow.cpp:44->kyber-mult-kernel-dataflow.cpp:119]   --->   Operation 469 'trunc' 'trunc_ln44' <Predicate = true> <Delay = 0.00>
ST_6 : Operation 470 [1/1] (0.80ns)   --->   "%add_ln44 = add i12 %trunc_ln44, i12 767" [kyber-mult-kernel-dataflow.cpp:44->kyber-mult-kernel-dataflow.cpp:119]   --->   Operation 470 'add' 'add_ln44' <Predicate = true> <Delay = 0.80> <CoreInst = "Adder">   --->   Core 1 'Adder' <Latency = 0> <II = 1> <Delay = 0.80> <FuncUnit> <Opcode : 'add' 'sub'> <InPorts = 2> <OutPorts = 1>
ST_6 : Operation 471 [1/1] (0.37ns)   --->   "%select_ln44 = select i1 %icmp_ln44, i12 %add_ln44, i12 %trunc_ln44" [kyber-mult-kernel-dataflow.cpp:44->kyber-mult-kernel-dataflow.cpp:119]   --->   Operation 471 'select' 'select_ln44' <Predicate = true> <Delay = 0.37> <CoreInst = "Sel">   --->   Core 73 'Sel' <Latency = 0> <II = 1> <Delay = 0.37> <FuncUnit> <Opcode : 'select'> <InPorts = 3> <OutPorts = 1>
ST_6 : Operation 472 [1/1] (0.00ns)   --->   "%dst_0_addr_2 = getelementptr i12 %dst_0, i64 0, i64 %zext_ln115" [kyber-mult-kernel-dataflow.cpp:119]   --->   Operation 472 'getelementptr' 'dst_0_addr_2' <Predicate = true> <Delay = 0.00>
ST_6 : Operation 473 [1/1] (0.00ns)   --->   "%dst_8_addr_2 = getelementptr i12 %dst_8, i64 0, i64 %zext_ln115" [kyber-mult-kernel-dataflow.cpp:119]   --->   Operation 473 'getelementptr' 'dst_8_addr_2' <Predicate = true> <Delay = 0.00>
ST_6 : Operation 474 [1/1] (0.00ns)   --->   "%dst_1_addr = getelementptr i12 %dst_1, i64 0, i64 %zext_ln114" [kyber-mult-kernel-dataflow.cpp:118]   --->   Operation 474 'getelementptr' 'dst_1_addr' <Predicate = true> <Delay = 0.00>
ST_6 : Operation 475 [1/1] (0.00ns)   --->   "%dst_9_addr = getelementptr i12 %dst_9, i64 0, i64 %zext_ln114" [kyber-mult-kernel-dataflow.cpp:118]   --->   Operation 475 'getelementptr' 'dst_9_addr' <Predicate = true> <Delay = 0.00>
ST_6 : Operation 476 [1/1] (0.00ns)   --->   "%dst_1_addr_2 = getelementptr i12 %dst_1, i64 0, i64 %zext_ln115" [kyber-mult-kernel-dataflow.cpp:119]   --->   Operation 476 'getelementptr' 'dst_1_addr_2' <Predicate = true> <Delay = 0.00>
ST_6 : Operation 477 [1/1] (0.00ns)   --->   "%dst_9_addr_2 = getelementptr i12 %dst_9, i64 0, i64 %zext_ln115" [kyber-mult-kernel-dataflow.cpp:119]   --->   Operation 477 'getelementptr' 'dst_9_addr_2' <Predicate = true> <Delay = 0.00>
ST_6 : Operation 478 [1/1] (0.00ns)   --->   "%dst_2_addr = getelementptr i12 %dst_2, i64 0, i64 %zext_ln114" [kyber-mult-kernel-dataflow.cpp:118]   --->   Operation 478 'getelementptr' 'dst_2_addr' <Predicate = true> <Delay = 0.00>
ST_6 : Operation 479 [1/1] (0.00ns)   --->   "%dst_10_addr = getelementptr i12 %dst_10, i64 0, i64 %zext_ln114" [kyber-mult-kernel-dataflow.cpp:118]   --->   Operation 479 'getelementptr' 'dst_10_addr' <Predicate = true> <Delay = 0.00>
ST_6 : Operation 480 [1/1] (0.00ns)   --->   "%dst_2_addr_2 = getelementptr i12 %dst_2, i64 0, i64 %zext_ln115" [kyber-mult-kernel-dataflow.cpp:119]   --->   Operation 480 'getelementptr' 'dst_2_addr_2' <Predicate = true> <Delay = 0.00>
ST_6 : Operation 481 [1/1] (0.00ns)   --->   "%dst_10_addr_2 = getelementptr i12 %dst_10, i64 0, i64 %zext_ln115" [kyber-mult-kernel-dataflow.cpp:119]   --->   Operation 481 'getelementptr' 'dst_10_addr_2' <Predicate = true> <Delay = 0.00>
ST_6 : Operation 482 [1/1] (0.00ns)   --->   "%dst_3_addr = getelementptr i12 %dst_3, i64 0, i64 %zext_ln114" [kyber-mult-kernel-dataflow.cpp:118]   --->   Operation 482 'getelementptr' 'dst_3_addr' <Predicate = true> <Delay = 0.00>
ST_6 : Operation 483 [1/1] (0.00ns)   --->   "%dst_11_addr = getelementptr i12 %dst_11, i64 0, i64 %zext_ln114" [kyber-mult-kernel-dataflow.cpp:118]   --->   Operation 483 'getelementptr' 'dst_11_addr' <Predicate = true> <Delay = 0.00>
ST_6 : Operation 484 [1/1] (0.00ns)   --->   "%dst_3_addr_2 = getelementptr i12 %dst_3, i64 0, i64 %zext_ln115" [kyber-mult-kernel-dataflow.cpp:119]   --->   Operation 484 'getelementptr' 'dst_3_addr_2' <Predicate = true> <Delay = 0.00>
ST_6 : Operation 485 [1/1] (0.00ns)   --->   "%dst_11_addr_2 = getelementptr i12 %dst_11, i64 0, i64 %zext_ln115" [kyber-mult-kernel-dataflow.cpp:119]   --->   Operation 485 'getelementptr' 'dst_11_addr_2' <Predicate = true> <Delay = 0.00>
ST_6 : Operation 486 [1/1] (0.00ns)   --->   "%dst_4_addr = getelementptr i12 %dst_4, i64 0, i64 %zext_ln114" [kyber-mult-kernel-dataflow.cpp:118]   --->   Operation 486 'getelementptr' 'dst_4_addr' <Predicate = true> <Delay = 0.00>
ST_6 : Operation 487 [1/1] (0.00ns)   --->   "%dst_12_addr = getelementptr i12 %dst_12, i64 0, i64 %zext_ln114" [kyber-mult-kernel-dataflow.cpp:118]   --->   Operation 487 'getelementptr' 'dst_12_addr' <Predicate = true> <Delay = 0.00>
ST_6 : Operation 488 [1/1] (0.00ns)   --->   "%dst_4_addr_2 = getelementptr i12 %dst_4, i64 0, i64 %zext_ln115" [kyber-mult-kernel-dataflow.cpp:119]   --->   Operation 488 'getelementptr' 'dst_4_addr_2' <Predicate = true> <Delay = 0.00>
ST_6 : Operation 489 [1/1] (0.00ns)   --->   "%dst_12_addr_2 = getelementptr i12 %dst_12, i64 0, i64 %zext_ln115" [kyber-mult-kernel-dataflow.cpp:119]   --->   Operation 489 'getelementptr' 'dst_12_addr_2' <Predicate = true> <Delay = 0.00>
ST_6 : Operation 490 [1/1] (0.00ns)   --->   "%dst_5_addr = getelementptr i12 %dst_5, i64 0, i64 %zext_ln114" [kyber-mult-kernel-dataflow.cpp:118]   --->   Operation 490 'getelementptr' 'dst_5_addr' <Predicate = true> <Delay = 0.00>
ST_6 : Operation 491 [1/1] (0.00ns)   --->   "%dst_13_addr = getelementptr i12 %dst_13, i64 0, i64 %zext_ln114" [kyber-mult-kernel-dataflow.cpp:118]   --->   Operation 491 'getelementptr' 'dst_13_addr' <Predicate = true> <Delay = 0.00>
ST_6 : Operation 492 [1/1] (0.00ns)   --->   "%dst_5_addr_2 = getelementptr i12 %dst_5, i64 0, i64 %zext_ln115" [kyber-mult-kernel-dataflow.cpp:119]   --->   Operation 492 'getelementptr' 'dst_5_addr_2' <Predicate = true> <Delay = 0.00>
ST_6 : Operation 493 [1/1] (0.00ns)   --->   "%dst_13_addr_2 = getelementptr i12 %dst_13, i64 0, i64 %zext_ln115" [kyber-mult-kernel-dataflow.cpp:119]   --->   Operation 493 'getelementptr' 'dst_13_addr_2' <Predicate = true> <Delay = 0.00>
ST_6 : Operation 494 [1/1] (0.00ns)   --->   "%dst_6_addr = getelementptr i12 %dst_6, i64 0, i64 %zext_ln114" [kyber-mult-kernel-dataflow.cpp:118]   --->   Operation 494 'getelementptr' 'dst_6_addr' <Predicate = true> <Delay = 0.00>
ST_6 : Operation 495 [1/1] (0.00ns)   --->   "%dst_14_addr = getelementptr i12 %dst_14, i64 0, i64 %zext_ln114" [kyber-mult-kernel-dataflow.cpp:118]   --->   Operation 495 'getelementptr' 'dst_14_addr' <Predicate = true> <Delay = 0.00>
ST_6 : Operation 496 [1/1] (0.00ns)   --->   "%dst_6_addr_2 = getelementptr i12 %dst_6, i64 0, i64 %zext_ln115" [kyber-mult-kernel-dataflow.cpp:119]   --->   Operation 496 'getelementptr' 'dst_6_addr_2' <Predicate = true> <Delay = 0.00>
ST_6 : Operation 497 [1/1] (0.00ns)   --->   "%dst_14_addr_2 = getelementptr i12 %dst_14, i64 0, i64 %zext_ln115" [kyber-mult-kernel-dataflow.cpp:119]   --->   Operation 497 'getelementptr' 'dst_14_addr_2' <Predicate = true> <Delay = 0.00>
ST_6 : Operation 498 [1/3] (0.00ns) (grouped into DSP with root node r_47)   --->   "%xw_47 = mul i26 %sext_ln36_48, i26 %w_assign_22_cast" [kyber-mult-kernel-dataflow.cpp:39->kyber-mult-kernel-dataflow.cpp:119]   --->   Operation 498 'mul' 'xw_47' <Predicate = true> <Delay = 0.00> <CoreInst = "DSP48">   --->   Core 127 'DSP48' <Latency = 2> <II = 1> <Delay = 1.33> <IPBlock> <Opcode : '' 'add' 'sub' 'mul' 'select'> <InPorts = 0> <OutPorts = 1> <Sync> <CReg>
ST_6 : Operation 499 [1/1] (0.00ns) (grouped into DSP with root node r_47)   --->   "%sext_ln40_22 = sext i26 %xw_47" [kyber-mult-kernel-dataflow.cpp:40->kyber-mult-kernel-dataflow.cpp:119]   --->   Operation 499 'sext' 'sext_ln40_22' <Predicate = true> <Delay = 0.00>
ST_6 : Operation 500 [1/1] (0.00ns)   --->   "%specfucore_ln40 = specfucore void @_ssdm_op_SpecFUCore, i26 %xw_47, i64 12, i64 3, i64 2" [kyber-mult-kernel-dataflow.cpp:40->kyber-mult-kernel-dataflow.cpp:119]   --->   Operation 500 'specfucore' 'specfucore_ln40' <Predicate = true> <Delay = 0.00>
ST_6 : Operation 501 [1/3] (2.29ns)   --->   "%qq_47 = mul i32 %q_est_18, i32 3329" [kyber-mult-kernel-dataflow.cpp:41->kyber-mult-kernel-dataflow.cpp:119]   --->   Operation 501 'mul' 'qq_47' <Predicate = true> <Delay = 2.29> <CoreInst = "Mul_DSP">   --->   Core 5 'Mul_DSP' <Latency = 2> <II = 1> <Delay = 3.27> <FuncUnit> <Opcode : 'mul'> <InPorts = 2> <OutPorts = 1>
ST_6 : Operation 502 [1/1] (0.00ns)   --->   "%specfucore_ln42 = specfucore void @_ssdm_op_SpecFUCore, i32 %qq_47, i64 12, i64 3, i64 2" [kyber-mult-kernel-dataflow.cpp:42->kyber-mult-kernel-dataflow.cpp:119]   --->   Operation 502 'specfucore' 'specfucore_ln42' <Predicate = true> <Delay = 0.00>
ST_6 : Operation 503 [1/1] (2.03ns) (root node of the DSP)   --->   "%r_47 = sub i32 %sext_ln40_22, i32 %qq_47" [kyber-mult-kernel-dataflow.cpp:43->kyber-mult-kernel-dataflow.cpp:119]   --->   Operation 503 'sub' 'r_47' <Predicate = true> <Delay = 2.03> <CoreInst = "DSP48">   --->   Core 127 'DSP48' <Latency = 2> <II = 1> <Delay = 1.33> <IPBlock> <Opcode : '' 'add' 'sub' 'mul' 'select'> <InPorts = 0> <OutPorts = 1> <Sync> <CReg>
ST_6 : Operation 504 [1/1] (1.01ns)   --->   "%icmp_ln44_22 = icmp_ugt  i32 %r_47, i32 3328" [kyber-mult-kernel-dataflow.cpp:44->kyber-mult-kernel-dataflow.cpp:119]   --->   Operation 504 'icmp' 'icmp_ln44_22' <Predicate = true> <Delay = 1.01> <CoreInst = "Cmp">   --->   Core 9 'Cmp' <Latency = 0> <II = 1> <Delay = 1.01> <FuncUnit> <Opcode : 'icmp'> <InPorts = 2> <OutPorts = 1>
ST_6 : Operation 505 [1/1] (0.00ns)   --->   "%trunc_ln44_22 = trunc i32 %r_47" [kyber-mult-kernel-dataflow.cpp:44->kyber-mult-kernel-dataflow.cpp:119]   --->   Operation 505 'trunc' 'trunc_ln44_22' <Predicate = true> <Delay = 0.00>
ST_6 : Operation 506 [1/1] (0.80ns)   --->   "%add_ln44_22 = add i12 %trunc_ln44_22, i12 767" [kyber-mult-kernel-dataflow.cpp:44->kyber-mult-kernel-dataflow.cpp:119]   --->   Operation 506 'add' 'add_ln44_22' <Predicate = true> <Delay = 0.80> <CoreInst = "Adder">   --->   Core 1 'Adder' <Latency = 0> <II = 1> <Delay = 0.80> <FuncUnit> <Opcode : 'add' 'sub'> <InPorts = 2> <OutPorts = 1>
ST_6 : Operation 507 [1/1] (0.37ns)   --->   "%select_ln44_22 = select i1 %icmp_ln44_22, i12 %add_ln44_22, i12 %trunc_ln44_22" [kyber-mult-kernel-dataflow.cpp:44->kyber-mult-kernel-dataflow.cpp:119]   --->   Operation 507 'select' 'select_ln44_22' <Predicate = true> <Delay = 0.37> <CoreInst = "Sel">   --->   Core 73 'Sel' <Latency = 0> <II = 1> <Delay = 0.37> <FuncUnit> <Opcode : 'select'> <InPorts = 3> <OutPorts = 1>
ST_6 : Operation 508 [1/3] (0.00ns) (grouped into DSP with root node r_48)   --->   "%xw_48 = mul i26 %sext_ln36_50, i26 %w_assign_23_cast" [kyber-mult-kernel-dataflow.cpp:39->kyber-mult-kernel-dataflow.cpp:119]   --->   Operation 508 'mul' 'xw_48' <Predicate = true> <Delay = 0.00> <CoreInst = "DSP48">   --->   Core 127 'DSP48' <Latency = 2> <II = 1> <Delay = 1.33> <IPBlock> <Opcode : '' 'add' 'sub' 'mul' 'select'> <InPorts = 0> <OutPorts = 1> <Sync> <CReg>
ST_6 : Operation 509 [1/1] (0.00ns) (grouped into DSP with root node r_48)   --->   "%sext_ln40_23 = sext i26 %xw_48" [kyber-mult-kernel-dataflow.cpp:40->kyber-mult-kernel-dataflow.cpp:119]   --->   Operation 509 'sext' 'sext_ln40_23' <Predicate = true> <Delay = 0.00>
ST_6 : Operation 510 [1/1] (0.00ns)   --->   "%specfucore_ln40 = specfucore void @_ssdm_op_SpecFUCore, i26 %xw_48, i64 12, i64 3, i64 2" [kyber-mult-kernel-dataflow.cpp:40->kyber-mult-kernel-dataflow.cpp:119]   --->   Operation 510 'specfucore' 'specfucore_ln40' <Predicate = true> <Delay = 0.00>
ST_6 : Operation 511 [1/3] (2.29ns)   --->   "%qq_48 = mul i32 %q_est_2, i32 3329" [kyber-mult-kernel-dataflow.cpp:41->kyber-mult-kernel-dataflow.cpp:119]   --->   Operation 511 'mul' 'qq_48' <Predicate = true> <Delay = 2.29> <CoreInst = "Mul_DSP">   --->   Core 5 'Mul_DSP' <Latency = 2> <II = 1> <Delay = 3.27> <FuncUnit> <Opcode : 'mul'> <InPorts = 2> <OutPorts = 1>
ST_6 : Operation 512 [1/1] (0.00ns)   --->   "%specfucore_ln42 = specfucore void @_ssdm_op_SpecFUCore, i32 %qq_48, i64 12, i64 3, i64 2" [kyber-mult-kernel-dataflow.cpp:42->kyber-mult-kernel-dataflow.cpp:119]   --->   Operation 512 'specfucore' 'specfucore_ln42' <Predicate = true> <Delay = 0.00>
ST_6 : Operation 513 [1/1] (2.03ns) (root node of the DSP)   --->   "%r_48 = sub i32 %sext_ln40_23, i32 %qq_48" [kyber-mult-kernel-dataflow.cpp:43->kyber-mult-kernel-dataflow.cpp:119]   --->   Operation 513 'sub' 'r_48' <Predicate = true> <Delay = 2.03> <CoreInst = "DSP48">   --->   Core 127 'DSP48' <Latency = 2> <II = 1> <Delay = 1.33> <IPBlock> <Opcode : '' 'add' 'sub' 'mul' 'select'> <InPorts = 0> <OutPorts = 1> <Sync> <CReg>
ST_6 : Operation 514 [1/1] (1.01ns)   --->   "%icmp_ln44_23 = icmp_ugt  i32 %r_48, i32 3328" [kyber-mult-kernel-dataflow.cpp:44->kyber-mult-kernel-dataflow.cpp:119]   --->   Operation 514 'icmp' 'icmp_ln44_23' <Predicate = true> <Delay = 1.01> <CoreInst = "Cmp">   --->   Core 9 'Cmp' <Latency = 0> <II = 1> <Delay = 1.01> <FuncUnit> <Opcode : 'icmp'> <InPorts = 2> <OutPorts = 1>
ST_6 : Operation 515 [1/1] (0.00ns)   --->   "%trunc_ln44_23 = trunc i32 %r_48" [kyber-mult-kernel-dataflow.cpp:44->kyber-mult-kernel-dataflow.cpp:119]   --->   Operation 515 'trunc' 'trunc_ln44_23' <Predicate = true> <Delay = 0.00>
ST_6 : Operation 516 [1/1] (0.80ns)   --->   "%add_ln44_23 = add i12 %trunc_ln44_23, i12 767" [kyber-mult-kernel-dataflow.cpp:44->kyber-mult-kernel-dataflow.cpp:119]   --->   Operation 516 'add' 'add_ln44_23' <Predicate = true> <Delay = 0.80> <CoreInst = "Adder">   --->   Core 1 'Adder' <Latency = 0> <II = 1> <Delay = 0.80> <FuncUnit> <Opcode : 'add' 'sub'> <InPorts = 2> <OutPorts = 1>
ST_6 : Operation 517 [1/1] (0.37ns)   --->   "%select_ln44_23 = select i1 %icmp_ln44_23, i12 %add_ln44_23, i12 %trunc_ln44_23" [kyber-mult-kernel-dataflow.cpp:44->kyber-mult-kernel-dataflow.cpp:119]   --->   Operation 517 'select' 'select_ln44_23' <Predicate = true> <Delay = 0.37> <CoreInst = "Sel">   --->   Core 73 'Sel' <Latency = 0> <II = 1> <Delay = 0.37> <FuncUnit> <Opcode : 'select'> <InPorts = 3> <OutPorts = 1>
ST_6 : Operation 518 [1/3] (0.00ns) (grouped into DSP with root node r_49)   --->   "%xw_49 = mul i26 %sext_ln36_52, i26 %w_assign_24_cast" [kyber-mult-kernel-dataflow.cpp:39->kyber-mult-kernel-dataflow.cpp:119]   --->   Operation 518 'mul' 'xw_49' <Predicate = true> <Delay = 0.00> <CoreInst = "DSP48">   --->   Core 127 'DSP48' <Latency = 2> <II = 1> <Delay = 1.33> <IPBlock> <Opcode : '' 'add' 'sub' 'mul' 'select'> <InPorts = 0> <OutPorts = 1> <Sync> <CReg>
ST_6 : Operation 519 [1/1] (0.00ns) (grouped into DSP with root node r_49)   --->   "%sext_ln40_24 = sext i26 %xw_49" [kyber-mult-kernel-dataflow.cpp:40->kyber-mult-kernel-dataflow.cpp:119]   --->   Operation 519 'sext' 'sext_ln40_24' <Predicate = true> <Delay = 0.00>
ST_6 : Operation 520 [1/1] (0.00ns)   --->   "%specfucore_ln40 = specfucore void @_ssdm_op_SpecFUCore, i26 %xw_49, i64 12, i64 3, i64 2" [kyber-mult-kernel-dataflow.cpp:40->kyber-mult-kernel-dataflow.cpp:119]   --->   Operation 520 'specfucore' 'specfucore_ln40' <Predicate = true> <Delay = 0.00>
ST_6 : Operation 521 [1/3] (2.29ns)   --->   "%qq_49 = mul i32 %q_est_3, i32 3329" [kyber-mult-kernel-dataflow.cpp:41->kyber-mult-kernel-dataflow.cpp:119]   --->   Operation 521 'mul' 'qq_49' <Predicate = true> <Delay = 2.29> <CoreInst = "Mul_DSP">   --->   Core 5 'Mul_DSP' <Latency = 2> <II = 1> <Delay = 3.27> <FuncUnit> <Opcode : 'mul'> <InPorts = 2> <OutPorts = 1>
ST_6 : Operation 522 [1/1] (0.00ns)   --->   "%specfucore_ln42 = specfucore void @_ssdm_op_SpecFUCore, i32 %qq_49, i64 12, i64 3, i64 2" [kyber-mult-kernel-dataflow.cpp:42->kyber-mult-kernel-dataflow.cpp:119]   --->   Operation 522 'specfucore' 'specfucore_ln42' <Predicate = true> <Delay = 0.00>
ST_6 : Operation 523 [1/1] (2.03ns) (root node of the DSP)   --->   "%r_49 = sub i32 %sext_ln40_24, i32 %qq_49" [kyber-mult-kernel-dataflow.cpp:43->kyber-mult-kernel-dataflow.cpp:119]   --->   Operation 523 'sub' 'r_49' <Predicate = true> <Delay = 2.03> <CoreInst = "DSP48">   --->   Core 127 'DSP48' <Latency = 2> <II = 1> <Delay = 1.33> <IPBlock> <Opcode : '' 'add' 'sub' 'mul' 'select'> <InPorts = 0> <OutPorts = 1> <Sync> <CReg>
ST_6 : Operation 524 [1/1] (1.01ns)   --->   "%icmp_ln44_24 = icmp_ugt  i32 %r_49, i32 3328" [kyber-mult-kernel-dataflow.cpp:44->kyber-mult-kernel-dataflow.cpp:119]   --->   Operation 524 'icmp' 'icmp_ln44_24' <Predicate = true> <Delay = 1.01> <CoreInst = "Cmp">   --->   Core 9 'Cmp' <Latency = 0> <II = 1> <Delay = 1.01> <FuncUnit> <Opcode : 'icmp'> <InPorts = 2> <OutPorts = 1>
ST_6 : Operation 525 [1/1] (0.00ns)   --->   "%trunc_ln44_24 = trunc i32 %r_49" [kyber-mult-kernel-dataflow.cpp:44->kyber-mult-kernel-dataflow.cpp:119]   --->   Operation 525 'trunc' 'trunc_ln44_24' <Predicate = true> <Delay = 0.00>
ST_6 : Operation 526 [1/1] (0.80ns)   --->   "%add_ln44_24 = add i12 %trunc_ln44_24, i12 767" [kyber-mult-kernel-dataflow.cpp:44->kyber-mult-kernel-dataflow.cpp:119]   --->   Operation 526 'add' 'add_ln44_24' <Predicate = true> <Delay = 0.80> <CoreInst = "Adder">   --->   Core 1 'Adder' <Latency = 0> <II = 1> <Delay = 0.80> <FuncUnit> <Opcode : 'add' 'sub'> <InPorts = 2> <OutPorts = 1>
ST_6 : Operation 527 [1/1] (0.37ns)   --->   "%select_ln44_24 = select i1 %icmp_ln44_24, i12 %add_ln44_24, i12 %trunc_ln44_24" [kyber-mult-kernel-dataflow.cpp:44->kyber-mult-kernel-dataflow.cpp:119]   --->   Operation 527 'select' 'select_ln44_24' <Predicate = true> <Delay = 0.37> <CoreInst = "Sel">   --->   Core 73 'Sel' <Latency = 0> <II = 1> <Delay = 0.37> <FuncUnit> <Opcode : 'select'> <InPorts = 3> <OutPorts = 1>
ST_6 : Operation 528 [1/3] (0.00ns) (grouped into DSP with root node r_50)   --->   "%xw_50 = mul i26 %sext_ln36_54, i26 %w_assign_25_cast" [kyber-mult-kernel-dataflow.cpp:39->kyber-mult-kernel-dataflow.cpp:119]   --->   Operation 528 'mul' 'xw_50' <Predicate = true> <Delay = 0.00> <CoreInst = "DSP48">   --->   Core 127 'DSP48' <Latency = 2> <II = 1> <Delay = 1.33> <IPBlock> <Opcode : '' 'add' 'sub' 'mul' 'select'> <InPorts = 0> <OutPorts = 1> <Sync> <CReg>
ST_6 : Operation 529 [1/1] (0.00ns) (grouped into DSP with root node r_50)   --->   "%sext_ln40_25 = sext i26 %xw_50" [kyber-mult-kernel-dataflow.cpp:40->kyber-mult-kernel-dataflow.cpp:119]   --->   Operation 529 'sext' 'sext_ln40_25' <Predicate = true> <Delay = 0.00>
ST_6 : Operation 530 [1/1] (0.00ns)   --->   "%specfucore_ln40 = specfucore void @_ssdm_op_SpecFUCore, i26 %xw_50, i64 12, i64 3, i64 2" [kyber-mult-kernel-dataflow.cpp:40->kyber-mult-kernel-dataflow.cpp:119]   --->   Operation 530 'specfucore' 'specfucore_ln40' <Predicate = true> <Delay = 0.00>
ST_6 : Operation 531 [1/3] (2.29ns)   --->   "%qq_50 = mul i32 %q_est_4, i32 3329" [kyber-mult-kernel-dataflow.cpp:41->kyber-mult-kernel-dataflow.cpp:119]   --->   Operation 531 'mul' 'qq_50' <Predicate = true> <Delay = 2.29> <CoreInst = "Mul_DSP">   --->   Core 5 'Mul_DSP' <Latency = 2> <II = 1> <Delay = 3.27> <FuncUnit> <Opcode : 'mul'> <InPorts = 2> <OutPorts = 1>
ST_6 : Operation 532 [1/1] (0.00ns)   --->   "%specfucore_ln42 = specfucore void @_ssdm_op_SpecFUCore, i32 %qq_50, i64 12, i64 3, i64 2" [kyber-mult-kernel-dataflow.cpp:42->kyber-mult-kernel-dataflow.cpp:119]   --->   Operation 532 'specfucore' 'specfucore_ln42' <Predicate = true> <Delay = 0.00>
ST_6 : Operation 533 [1/1] (2.03ns) (root node of the DSP)   --->   "%r_50 = sub i32 %sext_ln40_25, i32 %qq_50" [kyber-mult-kernel-dataflow.cpp:43->kyber-mult-kernel-dataflow.cpp:119]   --->   Operation 533 'sub' 'r_50' <Predicate = true> <Delay = 2.03> <CoreInst = "DSP48">   --->   Core 127 'DSP48' <Latency = 2> <II = 1> <Delay = 1.33> <IPBlock> <Opcode : '' 'add' 'sub' 'mul' 'select'> <InPorts = 0> <OutPorts = 1> <Sync> <CReg>
ST_6 : Operation 534 [1/1] (1.01ns)   --->   "%icmp_ln44_25 = icmp_ugt  i32 %r_50, i32 3328" [kyber-mult-kernel-dataflow.cpp:44->kyber-mult-kernel-dataflow.cpp:119]   --->   Operation 534 'icmp' 'icmp_ln44_25' <Predicate = true> <Delay = 1.01> <CoreInst = "Cmp">   --->   Core 9 'Cmp' <Latency = 0> <II = 1> <Delay = 1.01> <FuncUnit> <Opcode : 'icmp'> <InPorts = 2> <OutPorts = 1>
ST_6 : Operation 535 [1/1] (0.00ns)   --->   "%trunc_ln44_25 = trunc i32 %r_50" [kyber-mult-kernel-dataflow.cpp:44->kyber-mult-kernel-dataflow.cpp:119]   --->   Operation 535 'trunc' 'trunc_ln44_25' <Predicate = true> <Delay = 0.00>
ST_6 : Operation 536 [1/1] (0.80ns)   --->   "%add_ln44_25 = add i12 %trunc_ln44_25, i12 767" [kyber-mult-kernel-dataflow.cpp:44->kyber-mult-kernel-dataflow.cpp:119]   --->   Operation 536 'add' 'add_ln44_25' <Predicate = true> <Delay = 0.80> <CoreInst = "Adder">   --->   Core 1 'Adder' <Latency = 0> <II = 1> <Delay = 0.80> <FuncUnit> <Opcode : 'add' 'sub'> <InPorts = 2> <OutPorts = 1>
ST_6 : Operation 537 [1/1] (0.37ns)   --->   "%select_ln44_25 = select i1 %icmp_ln44_25, i12 %add_ln44_25, i12 %trunc_ln44_25" [kyber-mult-kernel-dataflow.cpp:44->kyber-mult-kernel-dataflow.cpp:119]   --->   Operation 537 'select' 'select_ln44_25' <Predicate = true> <Delay = 0.37> <CoreInst = "Sel">   --->   Core 73 'Sel' <Latency = 0> <II = 1> <Delay = 0.37> <FuncUnit> <Opcode : 'select'> <InPorts = 3> <OutPorts = 1>
ST_6 : Operation 538 [1/3] (0.00ns) (grouped into DSP with root node r_51)   --->   "%xw_51 = mul i26 %sext_ln36_56, i26 %w_assign_26_cast" [kyber-mult-kernel-dataflow.cpp:39->kyber-mult-kernel-dataflow.cpp:119]   --->   Operation 538 'mul' 'xw_51' <Predicate = true> <Delay = 0.00> <CoreInst = "DSP48">   --->   Core 127 'DSP48' <Latency = 2> <II = 1> <Delay = 1.33> <IPBlock> <Opcode : '' 'add' 'sub' 'mul' 'select'> <InPorts = 0> <OutPorts = 1> <Sync> <CReg>
ST_6 : Operation 539 [1/1] (0.00ns) (grouped into DSP with root node r_51)   --->   "%sext_ln40_26 = sext i26 %xw_51" [kyber-mult-kernel-dataflow.cpp:40->kyber-mult-kernel-dataflow.cpp:119]   --->   Operation 539 'sext' 'sext_ln40_26' <Predicate = true> <Delay = 0.00>
ST_6 : Operation 540 [1/1] (0.00ns)   --->   "%specfucore_ln40 = specfucore void @_ssdm_op_SpecFUCore, i26 %xw_51, i64 12, i64 3, i64 2" [kyber-mult-kernel-dataflow.cpp:40->kyber-mult-kernel-dataflow.cpp:119]   --->   Operation 540 'specfucore' 'specfucore_ln40' <Predicate = true> <Delay = 0.00>
ST_6 : Operation 541 [1/3] (2.29ns)   --->   "%qq_51 = mul i32 %q_est_5, i32 3329" [kyber-mult-kernel-dataflow.cpp:41->kyber-mult-kernel-dataflow.cpp:119]   --->   Operation 541 'mul' 'qq_51' <Predicate = true> <Delay = 2.29> <CoreInst = "Mul_DSP">   --->   Core 5 'Mul_DSP' <Latency = 2> <II = 1> <Delay = 3.27> <FuncUnit> <Opcode : 'mul'> <InPorts = 2> <OutPorts = 1>
ST_6 : Operation 542 [1/1] (0.00ns)   --->   "%specfucore_ln42 = specfucore void @_ssdm_op_SpecFUCore, i32 %qq_51, i64 12, i64 3, i64 2" [kyber-mult-kernel-dataflow.cpp:42->kyber-mult-kernel-dataflow.cpp:119]   --->   Operation 542 'specfucore' 'specfucore_ln42' <Predicate = true> <Delay = 0.00>
ST_6 : Operation 543 [1/1] (2.03ns) (root node of the DSP)   --->   "%r_51 = sub i32 %sext_ln40_26, i32 %qq_51" [kyber-mult-kernel-dataflow.cpp:43->kyber-mult-kernel-dataflow.cpp:119]   --->   Operation 543 'sub' 'r_51' <Predicate = true> <Delay = 2.03> <CoreInst = "DSP48">   --->   Core 127 'DSP48' <Latency = 2> <II = 1> <Delay = 1.33> <IPBlock> <Opcode : '' 'add' 'sub' 'mul' 'select'> <InPorts = 0> <OutPorts = 1> <Sync> <CReg>
ST_6 : Operation 544 [1/1] (1.01ns)   --->   "%icmp_ln44_26 = icmp_ugt  i32 %r_51, i32 3328" [kyber-mult-kernel-dataflow.cpp:44->kyber-mult-kernel-dataflow.cpp:119]   --->   Operation 544 'icmp' 'icmp_ln44_26' <Predicate = true> <Delay = 1.01> <CoreInst = "Cmp">   --->   Core 9 'Cmp' <Latency = 0> <II = 1> <Delay = 1.01> <FuncUnit> <Opcode : 'icmp'> <InPorts = 2> <OutPorts = 1>
ST_6 : Operation 545 [1/1] (0.00ns)   --->   "%trunc_ln44_26 = trunc i32 %r_51" [kyber-mult-kernel-dataflow.cpp:44->kyber-mult-kernel-dataflow.cpp:119]   --->   Operation 545 'trunc' 'trunc_ln44_26' <Predicate = true> <Delay = 0.00>
ST_6 : Operation 546 [1/1] (0.80ns)   --->   "%add_ln44_26 = add i12 %trunc_ln44_26, i12 767" [kyber-mult-kernel-dataflow.cpp:44->kyber-mult-kernel-dataflow.cpp:119]   --->   Operation 546 'add' 'add_ln44_26' <Predicate = true> <Delay = 0.80> <CoreInst = "Adder">   --->   Core 1 'Adder' <Latency = 0> <II = 1> <Delay = 0.80> <FuncUnit> <Opcode : 'add' 'sub'> <InPorts = 2> <OutPorts = 1>
ST_6 : Operation 547 [1/1] (0.37ns)   --->   "%select_ln44_26 = select i1 %icmp_ln44_26, i12 %add_ln44_26, i12 %trunc_ln44_26" [kyber-mult-kernel-dataflow.cpp:44->kyber-mult-kernel-dataflow.cpp:119]   --->   Operation 547 'select' 'select_ln44_26' <Predicate = true> <Delay = 0.37> <CoreInst = "Sel">   --->   Core 73 'Sel' <Latency = 0> <II = 1> <Delay = 0.37> <FuncUnit> <Opcode : 'select'> <InPorts = 3> <OutPorts = 1>
ST_6 : Operation 548 [1/3] (0.00ns) (grouped into DSP with root node r_52)   --->   "%xw_52 = mul i26 %sext_ln36_58, i26 %w_assign_27_cast" [kyber-mult-kernel-dataflow.cpp:39->kyber-mult-kernel-dataflow.cpp:119]   --->   Operation 548 'mul' 'xw_52' <Predicate = true> <Delay = 0.00> <CoreInst = "DSP48">   --->   Core 127 'DSP48' <Latency = 2> <II = 1> <Delay = 1.33> <IPBlock> <Opcode : '' 'add' 'sub' 'mul' 'select'> <InPorts = 0> <OutPorts = 1> <Sync> <CReg>
ST_6 : Operation 549 [1/1] (0.00ns) (grouped into DSP with root node r_52)   --->   "%sext_ln40_27 = sext i26 %xw_52" [kyber-mult-kernel-dataflow.cpp:40->kyber-mult-kernel-dataflow.cpp:119]   --->   Operation 549 'sext' 'sext_ln40_27' <Predicate = true> <Delay = 0.00>
ST_6 : Operation 550 [1/1] (0.00ns)   --->   "%specfucore_ln40 = specfucore void @_ssdm_op_SpecFUCore, i26 %xw_52, i64 12, i64 3, i64 2" [kyber-mult-kernel-dataflow.cpp:40->kyber-mult-kernel-dataflow.cpp:119]   --->   Operation 550 'specfucore' 'specfucore_ln40' <Predicate = true> <Delay = 0.00>
ST_6 : Operation 551 [1/3] (2.29ns)   --->   "%qq_52 = mul i32 %q_est_6, i32 3329" [kyber-mult-kernel-dataflow.cpp:41->kyber-mult-kernel-dataflow.cpp:119]   --->   Operation 551 'mul' 'qq_52' <Predicate = true> <Delay = 2.29> <CoreInst = "Mul_DSP">   --->   Core 5 'Mul_DSP' <Latency = 2> <II = 1> <Delay = 3.27> <FuncUnit> <Opcode : 'mul'> <InPorts = 2> <OutPorts = 1>
ST_6 : Operation 552 [1/1] (0.00ns)   --->   "%specfucore_ln42 = specfucore void @_ssdm_op_SpecFUCore, i32 %qq_52, i64 12, i64 3, i64 2" [kyber-mult-kernel-dataflow.cpp:42->kyber-mult-kernel-dataflow.cpp:119]   --->   Operation 552 'specfucore' 'specfucore_ln42' <Predicate = true> <Delay = 0.00>
ST_6 : Operation 553 [1/1] (2.03ns) (root node of the DSP)   --->   "%r_52 = sub i32 %sext_ln40_27, i32 %qq_52" [kyber-mult-kernel-dataflow.cpp:43->kyber-mult-kernel-dataflow.cpp:119]   --->   Operation 553 'sub' 'r_52' <Predicate = true> <Delay = 2.03> <CoreInst = "DSP48">   --->   Core 127 'DSP48' <Latency = 2> <II = 1> <Delay = 1.33> <IPBlock> <Opcode : '' 'add' 'sub' 'mul' 'select'> <InPorts = 0> <OutPorts = 1> <Sync> <CReg>
ST_6 : Operation 554 [1/1] (1.01ns)   --->   "%icmp_ln44_27 = icmp_ugt  i32 %r_52, i32 3328" [kyber-mult-kernel-dataflow.cpp:44->kyber-mult-kernel-dataflow.cpp:119]   --->   Operation 554 'icmp' 'icmp_ln44_27' <Predicate = true> <Delay = 1.01> <CoreInst = "Cmp">   --->   Core 9 'Cmp' <Latency = 0> <II = 1> <Delay = 1.01> <FuncUnit> <Opcode : 'icmp'> <InPorts = 2> <OutPorts = 1>
ST_6 : Operation 555 [1/1] (0.00ns)   --->   "%trunc_ln44_27 = trunc i32 %r_52" [kyber-mult-kernel-dataflow.cpp:44->kyber-mult-kernel-dataflow.cpp:119]   --->   Operation 555 'trunc' 'trunc_ln44_27' <Predicate = true> <Delay = 0.00>
ST_6 : Operation 556 [1/1] (0.80ns)   --->   "%add_ln44_27 = add i12 %trunc_ln44_27, i12 767" [kyber-mult-kernel-dataflow.cpp:44->kyber-mult-kernel-dataflow.cpp:119]   --->   Operation 556 'add' 'add_ln44_27' <Predicate = true> <Delay = 0.80> <CoreInst = "Adder">   --->   Core 1 'Adder' <Latency = 0> <II = 1> <Delay = 0.80> <FuncUnit> <Opcode : 'add' 'sub'> <InPorts = 2> <OutPorts = 1>
ST_6 : Operation 557 [1/1] (0.37ns)   --->   "%select_ln44_27 = select i1 %icmp_ln44_27, i12 %add_ln44_27, i12 %trunc_ln44_27" [kyber-mult-kernel-dataflow.cpp:44->kyber-mult-kernel-dataflow.cpp:119]   --->   Operation 557 'select' 'select_ln44_27' <Predicate = true> <Delay = 0.37> <CoreInst = "Sel">   --->   Core 73 'Sel' <Latency = 0> <II = 1> <Delay = 0.37> <FuncUnit> <Opcode : 'select'> <InPorts = 3> <OutPorts = 1>
ST_6 : Operation 558 [1/1] (0.00ns)   --->   "%dst_7_addr = getelementptr i12 %dst_7, i64 0, i64 %zext_ln114" [kyber-mult-kernel-dataflow.cpp:118]   --->   Operation 558 'getelementptr' 'dst_7_addr' <Predicate = true> <Delay = 0.00>
ST_6 : Operation 559 [1/1] (0.00ns)   --->   "%dst_15_addr = getelementptr i12 %dst_15, i64 0, i64 %zext_ln114" [kyber-mult-kernel-dataflow.cpp:118]   --->   Operation 559 'getelementptr' 'dst_15_addr' <Predicate = true> <Delay = 0.00>
ST_6 : Operation 560 [1/1] (0.00ns)   --->   "%rbegin3 = specregionbegin i32 @_ssdm_op_SpecRegionBegin, void @empty_24" [kyber-mult-kernel-dataflow.cpp:36->kyber-mult-kernel-dataflow.cpp:119]   --->   Operation 560 'specregionbegin' 'rbegin3' <Predicate = true> <Delay = 0.00>
ST_6 : Operation 561 [1/1] (0.00ns)   --->   "%rend4 = specregionend i32 @_ssdm_op_SpecRegionEnd, void @empty_24, i32 %rbegin3" [kyber-mult-kernel-dataflow.cpp:36->kyber-mult-kernel-dataflow.cpp:119]   --->   Operation 561 'specregionend' 'rend4' <Predicate = true> <Delay = 0.00>
ST_6 : Operation 562 [1/1] (0.00ns)   --->   "%rbegin1 = specregionbegin i32 @_ssdm_op_SpecRegionBegin, void @empty_57" [kyber-mult-kernel-dataflow.cpp:39->kyber-mult-kernel-dataflow.cpp:119]   --->   Operation 562 'specregionbegin' 'rbegin1' <Predicate = true> <Delay = 0.00>
ST_6 : Operation 563 [1/3] (0.00ns) (grouped into DSP with root node r_46)   --->   "%xw_46 = mul i26 %sext_ln119_4, i26 %w_assign_28_cast" [kyber-mult-kernel-dataflow.cpp:39->kyber-mult-kernel-dataflow.cpp:119]   --->   Operation 563 'mul' 'xw_46' <Predicate = true> <Delay = 0.00> <CoreInst = "DSP48">   --->   Core 127 'DSP48' <Latency = 2> <II = 1> <Delay = 1.33> <IPBlock> <Opcode : '' 'add' 'sub' 'mul' 'select'> <InPorts = 0> <OutPorts = 1> <Sync> <CReg>
ST_6 : Operation 564 [1/1] (0.00ns) (grouped into DSP with root node r_46)   --->   "%sext_ln40_28 = sext i26 %xw_46" [kyber-mult-kernel-dataflow.cpp:40->kyber-mult-kernel-dataflow.cpp:119]   --->   Operation 564 'sext' 'sext_ln40_28' <Predicate = true> <Delay = 0.00>
ST_6 : Operation 565 [1/1] (0.00ns)   --->   "%specfucore_ln40 = specfucore void @_ssdm_op_SpecFUCore, i26 %xw_46, i64 12, i64 3, i64 2" [kyber-mult-kernel-dataflow.cpp:40->kyber-mult-kernel-dataflow.cpp:119]   --->   Operation 565 'specfucore' 'specfucore_ln40' <Predicate = true> <Delay = 0.00>
ST_6 : Operation 566 [1/1] (0.00ns)   --->   "%rend2 = specregionend i32 @_ssdm_op_SpecRegionEnd, void @empty_57, i32 %rbegin1" [kyber-mult-kernel-dataflow.cpp:39->kyber-mult-kernel-dataflow.cpp:119]   --->   Operation 566 'specregionend' 'rend2' <Predicate = true> <Delay = 0.00>
ST_6 : Operation 567 [1/1] (0.00ns)   --->   "%rbegin = specregionbegin i32 @_ssdm_op_SpecRegionBegin, void @empty_12" [kyber-mult-kernel-dataflow.cpp:41->kyber-mult-kernel-dataflow.cpp:119]   --->   Operation 567 'specregionbegin' 'rbegin' <Predicate = true> <Delay = 0.00>
ST_6 : Operation 568 [1/3] (2.29ns)   --->   "%qq_46 = mul i32 %q_est_7, i32 3329" [kyber-mult-kernel-dataflow.cpp:41->kyber-mult-kernel-dataflow.cpp:119]   --->   Operation 568 'mul' 'qq_46' <Predicate = true> <Delay = 2.29> <CoreInst = "Mul_DSP">   --->   Core 5 'Mul_DSP' <Latency = 2> <II = 1> <Delay = 3.27> <FuncUnit> <Opcode : 'mul'> <InPorts = 2> <OutPorts = 1>
ST_6 : Operation 569 [1/1] (0.00ns)   --->   "%specfucore_ln42 = specfucore void @_ssdm_op_SpecFUCore, i32 %qq_46, i64 12, i64 3, i64 2" [kyber-mult-kernel-dataflow.cpp:42->kyber-mult-kernel-dataflow.cpp:119]   --->   Operation 569 'specfucore' 'specfucore_ln42' <Predicate = true> <Delay = 0.00>
ST_6 : Operation 570 [1/1] (0.00ns)   --->   "%rend = specregionend i32 @_ssdm_op_SpecRegionEnd, void @empty_12, i32 %rbegin" [kyber-mult-kernel-dataflow.cpp:41->kyber-mult-kernel-dataflow.cpp:119]   --->   Operation 570 'specregionend' 'rend' <Predicate = true> <Delay = 0.00>
ST_6 : Operation 571 [1/1] (2.03ns) (root node of the DSP)   --->   "%r_46 = sub i32 %sext_ln40_28, i32 %qq_46" [kyber-mult-kernel-dataflow.cpp:43->kyber-mult-kernel-dataflow.cpp:119]   --->   Operation 571 'sub' 'r_46' <Predicate = true> <Delay = 2.03> <CoreInst = "DSP48">   --->   Core 127 'DSP48' <Latency = 2> <II = 1> <Delay = 1.33> <IPBlock> <Opcode : '' 'add' 'sub' 'mul' 'select'> <InPorts = 0> <OutPorts = 1> <Sync> <CReg>
ST_6 : Operation 572 [1/1] (1.01ns)   --->   "%icmp_ln44_28 = icmp_ugt  i32 %r_46, i32 3328" [kyber-mult-kernel-dataflow.cpp:44->kyber-mult-kernel-dataflow.cpp:119]   --->   Operation 572 'icmp' 'icmp_ln44_28' <Predicate = true> <Delay = 1.01> <CoreInst = "Cmp">   --->   Core 9 'Cmp' <Latency = 0> <II = 1> <Delay = 1.01> <FuncUnit> <Opcode : 'icmp'> <InPorts = 2> <OutPorts = 1>
ST_6 : Operation 573 [1/1] (0.00ns)   --->   "%trunc_ln44_28 = trunc i32 %r_46" [kyber-mult-kernel-dataflow.cpp:44->kyber-mult-kernel-dataflow.cpp:119]   --->   Operation 573 'trunc' 'trunc_ln44_28' <Predicate = true> <Delay = 0.00>
ST_6 : Operation 574 [1/1] (0.80ns)   --->   "%add_ln44_28 = add i12 %trunc_ln44_28, i12 767" [kyber-mult-kernel-dataflow.cpp:44->kyber-mult-kernel-dataflow.cpp:119]   --->   Operation 574 'add' 'add_ln44_28' <Predicate = true> <Delay = 0.80> <CoreInst = "Adder">   --->   Core 1 'Adder' <Latency = 0> <II = 1> <Delay = 0.80> <FuncUnit> <Opcode : 'add' 'sub'> <InPorts = 2> <OutPorts = 1>
ST_6 : Operation 575 [1/1] (0.37ns)   --->   "%select_ln44_28 = select i1 %icmp_ln44_28, i12 %add_ln44_28, i12 %trunc_ln44_28" [kyber-mult-kernel-dataflow.cpp:44->kyber-mult-kernel-dataflow.cpp:119]   --->   Operation 575 'select' 'select_ln44_28' <Predicate = true> <Delay = 0.37> <CoreInst = "Sel">   --->   Core 73 'Sel' <Latency = 0> <II = 1> <Delay = 0.37> <FuncUnit> <Opcode : 'select'> <InPorts = 3> <OutPorts = 1>
ST_6 : Operation 576 [1/1] (0.00ns)   --->   "%dst_7_addr_2 = getelementptr i12 %dst_7, i64 0, i64 %zext_ln115" [kyber-mult-kernel-dataflow.cpp:119]   --->   Operation 576 'getelementptr' 'dst_7_addr_2' <Predicate = true> <Delay = 0.00>
ST_6 : Operation 577 [1/1] (0.00ns)   --->   "%dst_15_addr_2 = getelementptr i12 %dst_15, i64 0, i64 %zext_ln115" [kyber-mult-kernel-dataflow.cpp:119]   --->   Operation 577 'getelementptr' 'dst_15_addr_2' <Predicate = true> <Delay = 0.00>
ST_6 : Operation 578 [1/1] (0.67ns)   --->   "%store_ln118 = store i12 %select_ln48, i4 %dst_8_addr" [kyber-mult-kernel-dataflow.cpp:118]   --->   Operation 578 'store' 'store_ln118' <Predicate = (!icmp_ln118)> <Delay = 0.67> <CoreInst = "RAM">   --->   Core 83 'RAM' <Latency = 1> <II = 1> <Delay = 0.67> <Storage> <Opcode : 'load' 'store'> <Ports = 2> <Width = 12> <Depth = 16> <RAM>
ST_6 : Operation 579 [1/1] (0.67ns)   --->   "%store_ln119 = store i12 %select_ln44, i4 %dst_8_addr_2" [kyber-mult-kernel-dataflow.cpp:119]   --->   Operation 579 'store' 'store_ln119' <Predicate = (!icmp_ln118)> <Delay = 0.67> <CoreInst = "RAM">   --->   Core 83 'RAM' <Latency = 1> <II = 1> <Delay = 0.67> <Storage> <Opcode : 'load' 'store'> <Ports = 2> <Width = 12> <Depth = 16> <RAM>
ST_6 : Operation 580 [1/1] (0.00ns)   --->   "%br_ln119 = br void %arrayidx264.exit" [kyber-mult-kernel-dataflow.cpp:119]   --->   Operation 580 'br' 'br_ln119' <Predicate = (!icmp_ln118)> <Delay = 0.00>
ST_6 : Operation 581 [1/1] (0.67ns)   --->   "%store_ln118 = store i12 %select_ln48, i4 %dst_0_addr" [kyber-mult-kernel-dataflow.cpp:118]   --->   Operation 581 'store' 'store_ln118' <Predicate = (icmp_ln118)> <Delay = 0.67> <CoreInst = "RAM">   --->   Core 83 'RAM' <Latency = 1> <II = 1> <Delay = 0.67> <Storage> <Opcode : 'load' 'store'> <Ports = 2> <Width = 12> <Depth = 16> <RAM>
ST_6 : Operation 582 [1/1] (0.67ns)   --->   "%store_ln119 = store i12 %select_ln44, i4 %dst_0_addr_2" [kyber-mult-kernel-dataflow.cpp:119]   --->   Operation 582 'store' 'store_ln119' <Predicate = (icmp_ln118)> <Delay = 0.67> <CoreInst = "RAM">   --->   Core 83 'RAM' <Latency = 1> <II = 1> <Delay = 0.67> <Storage> <Opcode : 'load' 'store'> <Ports = 2> <Width = 12> <Depth = 16> <RAM>
ST_6 : Operation 583 [1/1] (0.00ns)   --->   "%br_ln119 = br void %arrayidx264.exit" [kyber-mult-kernel-dataflow.cpp:119]   --->   Operation 583 'br' 'br_ln119' <Predicate = (icmp_ln118)> <Delay = 0.00>
ST_6 : Operation 584 [1/1] (0.67ns)   --->   "%store_ln118 = store i12 %select_ln48_22, i4 %dst_9_addr" [kyber-mult-kernel-dataflow.cpp:118]   --->   Operation 584 'store' 'store_ln118' <Predicate = (!icmp_ln118_8)> <Delay = 0.67> <CoreInst = "RAM">   --->   Core 83 'RAM' <Latency = 1> <II = 1> <Delay = 0.67> <Storage> <Opcode : 'load' 'store'> <Ports = 2> <Width = 12> <Depth = 16> <RAM>
ST_6 : Operation 585 [1/1] (0.00ns)   --->   "%br_ln118 = br void %arrayidx13.17.exit" [kyber-mult-kernel-dataflow.cpp:118]   --->   Operation 585 'br' 'br_ln118' <Predicate = (!icmp_ln118_8)> <Delay = 0.00>
ST_6 : Operation 586 [1/1] (0.67ns)   --->   "%store_ln118 = store i12 %select_ln48_22, i4 %dst_1_addr" [kyber-mult-kernel-dataflow.cpp:118]   --->   Operation 586 'store' 'store_ln118' <Predicate = (icmp_ln118_8)> <Delay = 0.67> <CoreInst = "RAM">   --->   Core 83 'RAM' <Latency = 1> <II = 1> <Delay = 0.67> <Storage> <Opcode : 'load' 'store'> <Ports = 2> <Width = 12> <Depth = 16> <RAM>
ST_6 : Operation 587 [1/1] (0.00ns)   --->   "%br_ln118 = br void %arrayidx13.17.exit" [kyber-mult-kernel-dataflow.cpp:118]   --->   Operation 587 'br' 'br_ln118' <Predicate = (icmp_ln118_8)> <Delay = 0.00>
ST_6 : Operation 588 [1/1] (0.67ns)   --->   "%store_ln118 = store i12 %select_ln48_23, i4 %dst_10_addr" [kyber-mult-kernel-dataflow.cpp:118]   --->   Operation 588 'store' 'store_ln118' <Predicate = (!icmp_ln118_9)> <Delay = 0.67> <CoreInst = "RAM">   --->   Core 83 'RAM' <Latency = 1> <II = 1> <Delay = 0.67> <Storage> <Opcode : 'load' 'store'> <Ports = 2> <Width = 12> <Depth = 16> <RAM>
ST_6 : Operation 589 [1/1] (0.00ns)   --->   "%br_ln118 = br void %arrayidx13.211.exit" [kyber-mult-kernel-dataflow.cpp:118]   --->   Operation 589 'br' 'br_ln118' <Predicate = (!icmp_ln118_9)> <Delay = 0.00>
ST_6 : Operation 590 [1/1] (0.67ns)   --->   "%store_ln118 = store i12 %select_ln48_23, i4 %dst_2_addr" [kyber-mult-kernel-dataflow.cpp:118]   --->   Operation 590 'store' 'store_ln118' <Predicate = (icmp_ln118_9)> <Delay = 0.67> <CoreInst = "RAM">   --->   Core 83 'RAM' <Latency = 1> <II = 1> <Delay = 0.67> <Storage> <Opcode : 'load' 'store'> <Ports = 2> <Width = 12> <Depth = 16> <RAM>
ST_6 : Operation 591 [1/1] (0.00ns)   --->   "%br_ln118 = br void %arrayidx13.211.exit" [kyber-mult-kernel-dataflow.cpp:118]   --->   Operation 591 'br' 'br_ln118' <Predicate = (icmp_ln118_9)> <Delay = 0.00>
ST_6 : Operation 592 [1/1] (0.67ns)   --->   "%store_ln118 = store i12 %select_ln48_24, i4 %dst_11_addr" [kyber-mult-kernel-dataflow.cpp:118]   --->   Operation 592 'store' 'store_ln118' <Predicate = (!icmp_ln118_10)> <Delay = 0.67> <CoreInst = "RAM">   --->   Core 83 'RAM' <Latency = 1> <II = 1> <Delay = 0.67> <Storage> <Opcode : 'load' 'store'> <Ports = 2> <Width = 12> <Depth = 16> <RAM>
ST_6 : Operation 593 [1/1] (0.00ns)   --->   "%br_ln118 = br void %arrayidx13.315.exit" [kyber-mult-kernel-dataflow.cpp:118]   --->   Operation 593 'br' 'br_ln118' <Predicate = (!icmp_ln118_10)> <Delay = 0.00>
ST_6 : Operation 594 [1/1] (0.67ns)   --->   "%store_ln118 = store i12 %select_ln48_24, i4 %dst_3_addr" [kyber-mult-kernel-dataflow.cpp:118]   --->   Operation 594 'store' 'store_ln118' <Predicate = (icmp_ln118_10)> <Delay = 0.67> <CoreInst = "RAM">   --->   Core 83 'RAM' <Latency = 1> <II = 1> <Delay = 0.67> <Storage> <Opcode : 'load' 'store'> <Ports = 2> <Width = 12> <Depth = 16> <RAM>
ST_6 : Operation 595 [1/1] (0.00ns)   --->   "%br_ln118 = br void %arrayidx13.315.exit" [kyber-mult-kernel-dataflow.cpp:118]   --->   Operation 595 'br' 'br_ln118' <Predicate = (icmp_ln118_10)> <Delay = 0.00>
ST_6 : Operation 596 [1/1] (0.67ns)   --->   "%store_ln118 = store i12 %select_ln48_25, i4 %dst_12_addr" [kyber-mult-kernel-dataflow.cpp:118]   --->   Operation 596 'store' 'store_ln118' <Predicate = (!icmp_ln118_11)> <Delay = 0.67> <CoreInst = "RAM">   --->   Core 83 'RAM' <Latency = 1> <II = 1> <Delay = 0.67> <Storage> <Opcode : 'load' 'store'> <Ports = 2> <Width = 12> <Depth = 16> <RAM>
ST_6 : Operation 597 [1/1] (0.00ns)   --->   "%br_ln118 = br void %arrayidx13.419.exit" [kyber-mult-kernel-dataflow.cpp:118]   --->   Operation 597 'br' 'br_ln118' <Predicate = (!icmp_ln118_11)> <Delay = 0.00>
ST_6 : Operation 598 [1/1] (0.67ns)   --->   "%store_ln118 = store i12 %select_ln48_25, i4 %dst_4_addr" [kyber-mult-kernel-dataflow.cpp:118]   --->   Operation 598 'store' 'store_ln118' <Predicate = (icmp_ln118_11)> <Delay = 0.67> <CoreInst = "RAM">   --->   Core 83 'RAM' <Latency = 1> <II = 1> <Delay = 0.67> <Storage> <Opcode : 'load' 'store'> <Ports = 2> <Width = 12> <Depth = 16> <RAM>
ST_6 : Operation 599 [1/1] (0.00ns)   --->   "%br_ln118 = br void %arrayidx13.419.exit" [kyber-mult-kernel-dataflow.cpp:118]   --->   Operation 599 'br' 'br_ln118' <Predicate = (icmp_ln118_11)> <Delay = 0.00>
ST_6 : Operation 600 [1/1] (0.67ns)   --->   "%store_ln118 = store i12 %select_ln48_26, i4 %dst_13_addr" [kyber-mult-kernel-dataflow.cpp:118]   --->   Operation 600 'store' 'store_ln118' <Predicate = (!icmp_ln118_12)> <Delay = 0.67> <CoreInst = "RAM">   --->   Core 83 'RAM' <Latency = 1> <II = 1> <Delay = 0.67> <Storage> <Opcode : 'load' 'store'> <Ports = 2> <Width = 12> <Depth = 16> <RAM>
ST_6 : Operation 601 [1/1] (0.00ns)   --->   "%br_ln118 = br void %arrayidx13.523.exit" [kyber-mult-kernel-dataflow.cpp:118]   --->   Operation 601 'br' 'br_ln118' <Predicate = (!icmp_ln118_12)> <Delay = 0.00>
ST_6 : Operation 602 [1/1] (0.67ns)   --->   "%store_ln118 = store i12 %select_ln48_26, i4 %dst_5_addr" [kyber-mult-kernel-dataflow.cpp:118]   --->   Operation 602 'store' 'store_ln118' <Predicate = (icmp_ln118_12)> <Delay = 0.67> <CoreInst = "RAM">   --->   Core 83 'RAM' <Latency = 1> <II = 1> <Delay = 0.67> <Storage> <Opcode : 'load' 'store'> <Ports = 2> <Width = 12> <Depth = 16> <RAM>
ST_6 : Operation 603 [1/1] (0.00ns)   --->   "%br_ln118 = br void %arrayidx13.523.exit" [kyber-mult-kernel-dataflow.cpp:118]   --->   Operation 603 'br' 'br_ln118' <Predicate = (icmp_ln118_12)> <Delay = 0.00>
ST_6 : Operation 604 [1/1] (0.67ns)   --->   "%store_ln118 = store i12 %select_ln48_27, i4 %dst_14_addr" [kyber-mult-kernel-dataflow.cpp:118]   --->   Operation 604 'store' 'store_ln118' <Predicate = (!icmp_ln118_13)> <Delay = 0.67> <CoreInst = "RAM">   --->   Core 83 'RAM' <Latency = 1> <II = 1> <Delay = 0.67> <Storage> <Opcode : 'load' 'store'> <Ports = 2> <Width = 12> <Depth = 16> <RAM>
ST_6 : Operation 605 [1/1] (0.00ns)   --->   "%br_ln118 = br void %arrayidx13.627.exit" [kyber-mult-kernel-dataflow.cpp:118]   --->   Operation 605 'br' 'br_ln118' <Predicate = (!icmp_ln118_13)> <Delay = 0.00>
ST_6 : Operation 606 [1/1] (0.67ns)   --->   "%store_ln118 = store i12 %select_ln48_27, i4 %dst_6_addr" [kyber-mult-kernel-dataflow.cpp:118]   --->   Operation 606 'store' 'store_ln118' <Predicate = (icmp_ln118_13)> <Delay = 0.67> <CoreInst = "RAM">   --->   Core 83 'RAM' <Latency = 1> <II = 1> <Delay = 0.67> <Storage> <Opcode : 'load' 'store'> <Ports = 2> <Width = 12> <Depth = 16> <RAM>
ST_6 : Operation 607 [1/1] (0.00ns)   --->   "%br_ln118 = br void %arrayidx13.627.exit" [kyber-mult-kernel-dataflow.cpp:118]   --->   Operation 607 'br' 'br_ln118' <Predicate = (icmp_ln118_13)> <Delay = 0.00>
ST_6 : Operation 608 [1/1] (0.67ns)   --->   "%store_ln118 = store i12 %select_ln48_28, i4 %dst_15_addr" [kyber-mult-kernel-dataflow.cpp:118]   --->   Operation 608 'store' 'store_ln118' <Predicate = (!icmp_ln118_14)> <Delay = 0.67> <CoreInst = "RAM">   --->   Core 83 'RAM' <Latency = 1> <II = 1> <Delay = 0.67> <Storage> <Opcode : 'load' 'store'> <Ports = 2> <Width = 12> <Depth = 16> <RAM>
ST_6 : Operation 609 [1/1] (0.00ns)   --->   "%br_ln118 = br void %arrayidx13.731.exit" [kyber-mult-kernel-dataflow.cpp:118]   --->   Operation 609 'br' 'br_ln118' <Predicate = (!icmp_ln118_14)> <Delay = 0.00>
ST_6 : Operation 610 [1/1] (0.67ns)   --->   "%store_ln118 = store i12 %select_ln48_28, i4 %dst_7_addr" [kyber-mult-kernel-dataflow.cpp:118]   --->   Operation 610 'store' 'store_ln118' <Predicate = (icmp_ln118_14)> <Delay = 0.67> <CoreInst = "RAM">   --->   Core 83 'RAM' <Latency = 1> <II = 1> <Delay = 0.67> <Storage> <Opcode : 'load' 'store'> <Ports = 2> <Width = 12> <Depth = 16> <RAM>
ST_6 : Operation 611 [1/1] (0.00ns)   --->   "%br_ln118 = br void %arrayidx13.731.exit" [kyber-mult-kernel-dataflow.cpp:118]   --->   Operation 611 'br' 'br_ln118' <Predicate = (icmp_ln118_14)> <Delay = 0.00>
ST_6 : Operation 612 [1/1] (0.67ns)   --->   "%store_ln119 = store i12 %select_ln44_22, i4 %dst_9_addr_2" [kyber-mult-kernel-dataflow.cpp:119]   --->   Operation 612 'store' 'store_ln119' <Predicate = (!icmp_ln118_8)> <Delay = 0.67> <CoreInst = "RAM">   --->   Core 83 'RAM' <Latency = 1> <II = 1> <Delay = 0.67> <Storage> <Opcode : 'load' 'store'> <Ports = 2> <Width = 12> <Depth = 16> <RAM>
ST_6 : Operation 613 [1/1] (0.00ns)   --->   "%br_ln119 = br void %arrayidx26.18.exit" [kyber-mult-kernel-dataflow.cpp:119]   --->   Operation 613 'br' 'br_ln119' <Predicate = (!icmp_ln118_8)> <Delay = 0.00>
ST_6 : Operation 614 [1/1] (0.67ns)   --->   "%store_ln119 = store i12 %select_ln44_22, i4 %dst_1_addr_2" [kyber-mult-kernel-dataflow.cpp:119]   --->   Operation 614 'store' 'store_ln119' <Predicate = (icmp_ln118_8)> <Delay = 0.67> <CoreInst = "RAM">   --->   Core 83 'RAM' <Latency = 1> <II = 1> <Delay = 0.67> <Storage> <Opcode : 'load' 'store'> <Ports = 2> <Width = 12> <Depth = 16> <RAM>
ST_6 : Operation 615 [1/1] (0.00ns)   --->   "%br_ln119 = br void %arrayidx26.18.exit" [kyber-mult-kernel-dataflow.cpp:119]   --->   Operation 615 'br' 'br_ln119' <Predicate = (icmp_ln118_8)> <Delay = 0.00>
ST_6 : Operation 616 [1/1] (0.67ns)   --->   "%store_ln119 = store i12 %select_ln44_23, i4 %dst_10_addr_2" [kyber-mult-kernel-dataflow.cpp:119]   --->   Operation 616 'store' 'store_ln119' <Predicate = (!icmp_ln118_9)> <Delay = 0.67> <CoreInst = "RAM">   --->   Core 83 'RAM' <Latency = 1> <II = 1> <Delay = 0.67> <Storage> <Opcode : 'load' 'store'> <Ports = 2> <Width = 12> <Depth = 16> <RAM>
ST_6 : Operation 617 [1/1] (0.00ns)   --->   "%br_ln119 = br void %arrayidx26.212.exit" [kyber-mult-kernel-dataflow.cpp:119]   --->   Operation 617 'br' 'br_ln119' <Predicate = (!icmp_ln118_9)> <Delay = 0.00>
ST_6 : Operation 618 [1/1] (0.67ns)   --->   "%store_ln119 = store i12 %select_ln44_23, i4 %dst_2_addr_2" [kyber-mult-kernel-dataflow.cpp:119]   --->   Operation 618 'store' 'store_ln119' <Predicate = (icmp_ln118_9)> <Delay = 0.67> <CoreInst = "RAM">   --->   Core 83 'RAM' <Latency = 1> <II = 1> <Delay = 0.67> <Storage> <Opcode : 'load' 'store'> <Ports = 2> <Width = 12> <Depth = 16> <RAM>
ST_6 : Operation 619 [1/1] (0.00ns)   --->   "%br_ln119 = br void %arrayidx26.212.exit" [kyber-mult-kernel-dataflow.cpp:119]   --->   Operation 619 'br' 'br_ln119' <Predicate = (icmp_ln118_9)> <Delay = 0.00>
ST_6 : Operation 620 [1/1] (0.67ns)   --->   "%store_ln119 = store i12 %select_ln44_24, i4 %dst_11_addr_2" [kyber-mult-kernel-dataflow.cpp:119]   --->   Operation 620 'store' 'store_ln119' <Predicate = (!icmp_ln118_10)> <Delay = 0.67> <CoreInst = "RAM">   --->   Core 83 'RAM' <Latency = 1> <II = 1> <Delay = 0.67> <Storage> <Opcode : 'load' 'store'> <Ports = 2> <Width = 12> <Depth = 16> <RAM>
ST_6 : Operation 621 [1/1] (0.00ns)   --->   "%br_ln119 = br void %arrayidx26.316.exit" [kyber-mult-kernel-dataflow.cpp:119]   --->   Operation 621 'br' 'br_ln119' <Predicate = (!icmp_ln118_10)> <Delay = 0.00>
ST_6 : Operation 622 [1/1] (0.67ns)   --->   "%store_ln119 = store i12 %select_ln44_24, i4 %dst_3_addr_2" [kyber-mult-kernel-dataflow.cpp:119]   --->   Operation 622 'store' 'store_ln119' <Predicate = (icmp_ln118_10)> <Delay = 0.67> <CoreInst = "RAM">   --->   Core 83 'RAM' <Latency = 1> <II = 1> <Delay = 0.67> <Storage> <Opcode : 'load' 'store'> <Ports = 2> <Width = 12> <Depth = 16> <RAM>
ST_6 : Operation 623 [1/1] (0.00ns)   --->   "%br_ln119 = br void %arrayidx26.316.exit" [kyber-mult-kernel-dataflow.cpp:119]   --->   Operation 623 'br' 'br_ln119' <Predicate = (icmp_ln118_10)> <Delay = 0.00>
ST_6 : Operation 624 [1/1] (0.67ns)   --->   "%store_ln119 = store i12 %select_ln44_25, i4 %dst_12_addr_2" [kyber-mult-kernel-dataflow.cpp:119]   --->   Operation 624 'store' 'store_ln119' <Predicate = (!icmp_ln118_11)> <Delay = 0.67> <CoreInst = "RAM">   --->   Core 83 'RAM' <Latency = 1> <II = 1> <Delay = 0.67> <Storage> <Opcode : 'load' 'store'> <Ports = 2> <Width = 12> <Depth = 16> <RAM>
ST_6 : Operation 625 [1/1] (0.00ns)   --->   "%br_ln119 = br void %arrayidx26.420.exit" [kyber-mult-kernel-dataflow.cpp:119]   --->   Operation 625 'br' 'br_ln119' <Predicate = (!icmp_ln118_11)> <Delay = 0.00>
ST_6 : Operation 626 [1/1] (0.67ns)   --->   "%store_ln119 = store i12 %select_ln44_25, i4 %dst_4_addr_2" [kyber-mult-kernel-dataflow.cpp:119]   --->   Operation 626 'store' 'store_ln119' <Predicate = (icmp_ln118_11)> <Delay = 0.67> <CoreInst = "RAM">   --->   Core 83 'RAM' <Latency = 1> <II = 1> <Delay = 0.67> <Storage> <Opcode : 'load' 'store'> <Ports = 2> <Width = 12> <Depth = 16> <RAM>
ST_6 : Operation 627 [1/1] (0.00ns)   --->   "%br_ln119 = br void %arrayidx26.420.exit" [kyber-mult-kernel-dataflow.cpp:119]   --->   Operation 627 'br' 'br_ln119' <Predicate = (icmp_ln118_11)> <Delay = 0.00>
ST_6 : Operation 628 [1/1] (0.67ns)   --->   "%store_ln119 = store i12 %select_ln44_26, i4 %dst_13_addr_2" [kyber-mult-kernel-dataflow.cpp:119]   --->   Operation 628 'store' 'store_ln119' <Predicate = (!icmp_ln118_12)> <Delay = 0.67> <CoreInst = "RAM">   --->   Core 83 'RAM' <Latency = 1> <II = 1> <Delay = 0.67> <Storage> <Opcode : 'load' 'store'> <Ports = 2> <Width = 12> <Depth = 16> <RAM>
ST_6 : Operation 629 [1/1] (0.00ns)   --->   "%br_ln119 = br void %arrayidx26.524.exit" [kyber-mult-kernel-dataflow.cpp:119]   --->   Operation 629 'br' 'br_ln119' <Predicate = (!icmp_ln118_12)> <Delay = 0.00>
ST_6 : Operation 630 [1/1] (0.67ns)   --->   "%store_ln119 = store i12 %select_ln44_26, i4 %dst_5_addr_2" [kyber-mult-kernel-dataflow.cpp:119]   --->   Operation 630 'store' 'store_ln119' <Predicate = (icmp_ln118_12)> <Delay = 0.67> <CoreInst = "RAM">   --->   Core 83 'RAM' <Latency = 1> <II = 1> <Delay = 0.67> <Storage> <Opcode : 'load' 'store'> <Ports = 2> <Width = 12> <Depth = 16> <RAM>
ST_6 : Operation 631 [1/1] (0.00ns)   --->   "%br_ln119 = br void %arrayidx26.524.exit" [kyber-mult-kernel-dataflow.cpp:119]   --->   Operation 631 'br' 'br_ln119' <Predicate = (icmp_ln118_12)> <Delay = 0.00>
ST_6 : Operation 632 [1/1] (0.67ns)   --->   "%store_ln119 = store i12 %select_ln44_27, i4 %dst_14_addr_2" [kyber-mult-kernel-dataflow.cpp:119]   --->   Operation 632 'store' 'store_ln119' <Predicate = (!icmp_ln118_13)> <Delay = 0.67> <CoreInst = "RAM">   --->   Core 83 'RAM' <Latency = 1> <II = 1> <Delay = 0.67> <Storage> <Opcode : 'load' 'store'> <Ports = 2> <Width = 12> <Depth = 16> <RAM>
ST_6 : Operation 633 [1/1] (0.00ns)   --->   "%br_ln119 = br void %arrayidx26.628.exit" [kyber-mult-kernel-dataflow.cpp:119]   --->   Operation 633 'br' 'br_ln119' <Predicate = (!icmp_ln118_13)> <Delay = 0.00>
ST_6 : Operation 634 [1/1] (0.67ns)   --->   "%store_ln119 = store i12 %select_ln44_27, i4 %dst_6_addr_2" [kyber-mult-kernel-dataflow.cpp:119]   --->   Operation 634 'store' 'store_ln119' <Predicate = (icmp_ln118_13)> <Delay = 0.67> <CoreInst = "RAM">   --->   Core 83 'RAM' <Latency = 1> <II = 1> <Delay = 0.67> <Storage> <Opcode : 'load' 'store'> <Ports = 2> <Width = 12> <Depth = 16> <RAM>
ST_6 : Operation 635 [1/1] (0.00ns)   --->   "%br_ln119 = br void %arrayidx26.628.exit" [kyber-mult-kernel-dataflow.cpp:119]   --->   Operation 635 'br' 'br_ln119' <Predicate = (icmp_ln118_13)> <Delay = 0.00>
ST_6 : Operation 636 [1/1] (0.67ns)   --->   "%store_ln119 = store i12 %select_ln44_28, i4 %dst_15_addr_2" [kyber-mult-kernel-dataflow.cpp:119]   --->   Operation 636 'store' 'store_ln119' <Predicate = (!icmp_ln118_14)> <Delay = 0.67> <CoreInst = "RAM">   --->   Core 83 'RAM' <Latency = 1> <II = 1> <Delay = 0.67> <Storage> <Opcode : 'load' 'store'> <Ports = 2> <Width = 12> <Depth = 16> <RAM>
ST_6 : Operation 637 [1/1] (0.00ns)   --->   "%br_ln119 = br void %arrayidx26.732.exit" [kyber-mult-kernel-dataflow.cpp:119]   --->   Operation 637 'br' 'br_ln119' <Predicate = (!icmp_ln118_14)> <Delay = 0.00>
ST_6 : Operation 638 [1/1] (0.67ns)   --->   "%store_ln119 = store i12 %select_ln44_28, i4 %dst_7_addr_2" [kyber-mult-kernel-dataflow.cpp:119]   --->   Operation 638 'store' 'store_ln119' <Predicate = (icmp_ln118_14)> <Delay = 0.67> <CoreInst = "RAM">   --->   Core 83 'RAM' <Latency = 1> <II = 1> <Delay = 0.67> <Storage> <Opcode : 'load' 'store'> <Ports = 2> <Width = 12> <Depth = 16> <RAM>
ST_6 : Operation 639 [1/1] (0.00ns)   --->   "%br_ln119 = br void %arrayidx26.732.exit" [kyber-mult-kernel-dataflow.cpp:119]   --->   Operation 639 'br' 'br_ln119' <Predicate = (icmp_ln118_14)> <Delay = 0.00>


============================================================
+ Verbose Summary: Binding
============================================================
STG Binding: 
---------------- STG Properties BEGIN ----------------
- Is combinational: 0
- Is one-state seq: 0
- Is datapath-only: 0
- Is pipelined: 0
- Is top level: 0
Port [ Return ] is wired: 1; IO mode=ap_ctrl_hs:ce=0
Port [ src_0]:  wired=1; compound=1; hidden=0; nouse=0; global=0; static=0; extern=0; dir=0; type=1; pingpong=0; private_global=0; MemPort=[11]; IO mode=ap_memory:ce=0
Port [ src_1]:  wired=1; compound=1; hidden=0; nouse=0; global=0; static=0; extern=0; dir=0; type=1; pingpong=0; private_global=0; MemPort=[11]; IO mode=ap_memory:ce=0
Port [ src_2]:  wired=1; compound=1; hidden=0; nouse=0; global=0; static=0; extern=0; dir=0; type=1; pingpong=0; private_global=0; MemPort=[11]; IO mode=ap_memory:ce=0
Port [ src_3]:  wired=1; compound=1; hidden=0; nouse=0; global=0; static=0; extern=0; dir=0; type=1; pingpong=0; private_global=0; MemPort=[11]; IO mode=ap_memory:ce=0
Port [ src_4]:  wired=1; compound=1; hidden=0; nouse=0; global=0; static=0; extern=0; dir=0; type=1; pingpong=0; private_global=0; MemPort=[11]; IO mode=ap_memory:ce=0
Port [ src_5]:  wired=1; compound=1; hidden=0; nouse=0; global=0; static=0; extern=0; dir=0; type=1; pingpong=0; private_global=0; MemPort=[11]; IO mode=ap_memory:ce=0
Port [ src_6]:  wired=1; compound=1; hidden=0; nouse=0; global=0; static=0; extern=0; dir=0; type=1; pingpong=0; private_global=0; MemPort=[11]; IO mode=ap_memory:ce=0
Port [ src_7]:  wired=1; compound=1; hidden=0; nouse=0; global=0; static=0; extern=0; dir=0; type=1; pingpong=0; private_global=0; MemPort=[11]; IO mode=ap_memory:ce=0
Port [ src_8]:  wired=1; compound=1; hidden=0; nouse=0; global=0; static=0; extern=0; dir=0; type=1; pingpong=0; private_global=0; MemPort=[11]; IO mode=ap_memory:ce=0
Port [ src_9]:  wired=1; compound=1; hidden=0; nouse=0; global=0; static=0; extern=0; dir=0; type=1; pingpong=0; private_global=0; MemPort=[11]; IO mode=ap_memory:ce=0
Port [ src_10]:  wired=1; compound=1; hidden=0; nouse=0; global=0; static=0; extern=0; dir=0; type=1; pingpong=0; private_global=0; MemPort=[11]; IO mode=ap_memory:ce=0
Port [ src_11]:  wired=1; compound=1; hidden=0; nouse=0; global=0; static=0; extern=0; dir=0; type=1; pingpong=0; private_global=0; MemPort=[11]; IO mode=ap_memory:ce=0
Port [ src_12]:  wired=1; compound=1; hidden=0; nouse=0; global=0; static=0; extern=0; dir=0; type=1; pingpong=0; private_global=0; MemPort=[11]; IO mode=ap_memory:ce=0
Port [ src_13]:  wired=1; compound=1; hidden=0; nouse=0; global=0; static=0; extern=0; dir=0; type=1; pingpong=0; private_global=0; MemPort=[11]; IO mode=ap_memory:ce=0
Port [ src_14]:  wired=1; compound=1; hidden=0; nouse=0; global=0; static=0; extern=0; dir=0; type=1; pingpong=0; private_global=0; MemPort=[11]; IO mode=ap_memory:ce=0
Port [ src_15]:  wired=1; compound=1; hidden=0; nouse=0; global=0; static=0; extern=0; dir=0; type=1; pingpong=0; private_global=0; MemPort=[11]; IO mode=ap_memory:ce=0
Port [ dst_0]:  wired=1; compound=1; hidden=0; nouse=0; global=0; static=0; extern=0; dir=1; type=1; pingpong=0; private_global=0; MemPort=[00]; IO mode=ap_memory:ce=0
Port [ dst_1]:  wired=1; compound=1; hidden=0; nouse=0; global=0; static=0; extern=0; dir=1; type=1; pingpong=0; private_global=0; MemPort=[00]; IO mode=ap_memory:ce=0
Port [ dst_2]:  wired=1; compound=1; hidden=0; nouse=0; global=0; static=0; extern=0; dir=1; type=1; pingpong=0; private_global=0; MemPort=[00]; IO mode=ap_memory:ce=0
Port [ dst_3]:  wired=1; compound=1; hidden=0; nouse=0; global=0; static=0; extern=0; dir=1; type=1; pingpong=0; private_global=0; MemPort=[00]; IO mode=ap_memory:ce=0
Port [ dst_4]:  wired=1; compound=1; hidden=0; nouse=0; global=0; static=0; extern=0; dir=1; type=1; pingpong=0; private_global=0; MemPort=[00]; IO mode=ap_memory:ce=0
Port [ dst_5]:  wired=1; compound=1; hidden=0; nouse=0; global=0; static=0; extern=0; dir=1; type=1; pingpong=0; private_global=0; MemPort=[00]; IO mode=ap_memory:ce=0
Port [ dst_6]:  wired=1; compound=1; hidden=0; nouse=0; global=0; static=0; extern=0; dir=1; type=1; pingpong=0; private_global=0; MemPort=[00]; IO mode=ap_memory:ce=0
Port [ dst_7]:  wired=1; compound=1; hidden=0; nouse=0; global=0; static=0; extern=0; dir=1; type=1; pingpong=0; private_global=0; MemPort=[00]; IO mode=ap_memory:ce=0
Port [ dst_8]:  wired=1; compound=1; hidden=0; nouse=0; global=0; static=0; extern=0; dir=1; type=1; pingpong=0; private_global=0; MemPort=[00]; IO mode=ap_memory:ce=0
Port [ dst_9]:  wired=1; compound=1; hidden=0; nouse=0; global=0; static=0; extern=0; dir=1; type=1; pingpong=0; private_global=0; MemPort=[00]; IO mode=ap_memory:ce=0
Port [ dst_10]:  wired=1; compound=1; hidden=0; nouse=0; global=0; static=0; extern=0; dir=1; type=1; pingpong=0; private_global=0; MemPort=[00]; IO mode=ap_memory:ce=0
Port [ dst_11]:  wired=1; compound=1; hidden=0; nouse=0; global=0; static=0; extern=0; dir=1; type=1; pingpong=0; private_global=0; MemPort=[00]; IO mode=ap_memory:ce=0
Port [ dst_12]:  wired=1; compound=1; hidden=0; nouse=0; global=0; static=0; extern=0; dir=1; type=1; pingpong=0; private_global=0; MemPort=[00]; IO mode=ap_memory:ce=0
Port [ dst_13]:  wired=1; compound=1; hidden=0; nouse=0; global=0; static=0; extern=0; dir=1; type=1; pingpong=0; private_global=0; MemPort=[00]; IO mode=ap_memory:ce=0
Port [ dst_14]:  wired=1; compound=1; hidden=0; nouse=0; global=0; static=0; extern=0; dir=1; type=1; pingpong=0; private_global=0; MemPort=[00]; IO mode=ap_memory:ce=0
Port [ dst_15]:  wired=1; compound=1; hidden=0; nouse=0; global=0; static=0; extern=0; dir=1; type=1; pingpong=0; private_global=0; MemPort=[00]; IO mode=ap_memory:ce=0
Port [ p_ZL5INV_W_0_4]:  wired=0; compound=1; hidden=1; nouse=0; global=1; static=1; extern=0; dir=0; type=1; pingpong=0; private_global=1; MemPort=[11]; IO mode=ap_memory:ce=0
Port [ p_ZL6INV_MW_0_4]:  wired=0; compound=1; hidden=1; nouse=0; global=1; static=1; extern=0; dir=0; type=1; pingpong=0; private_global=1; MemPort=[11]; IO mode=ap_memory:ce=0
Port [ p_ZL5INV_W_1_4]:  wired=0; compound=1; hidden=1; nouse=0; global=1; static=1; extern=0; dir=0; type=1; pingpong=0; private_global=1; MemPort=[11]; IO mode=ap_memory:ce=0
Port [ p_ZL6INV_MW_1_4]:  wired=0; compound=1; hidden=1; nouse=0; global=1; static=1; extern=0; dir=0; type=1; pingpong=0; private_global=1; MemPort=[11]; IO mode=ap_memory:ce=0
Port [ p_ZL5INV_W_2_4]:  wired=0; compound=1; hidden=1; nouse=0; global=1; static=1; extern=0; dir=0; type=1; pingpong=0; private_global=1; MemPort=[11]; IO mode=ap_memory:ce=0
Port [ p_ZL6INV_MW_2_4]:  wired=0; compound=1; hidden=1; nouse=0; global=1; static=1; extern=0; dir=0; type=1; pingpong=0; private_global=1; MemPort=[11]; IO mode=ap_memory:ce=0
Port [ p_ZL5INV_W_3_4]:  wired=0; compound=1; hidden=1; nouse=0; global=1; static=1; extern=0; dir=0; type=1; pingpong=0; private_global=1; MemPort=[11]; IO mode=ap_memory:ce=0
Port [ p_ZL6INV_MW_3_4]:  wired=0; compound=1; hidden=1; nouse=0; global=1; static=1; extern=0; dir=0; type=1; pingpong=0; private_global=1; MemPort=[11]; IO mode=ap_memory:ce=0
---------------- STG Properties END ------------------

---------------- Datapath Model BEGIN ----------------

<LifeTime>
<method=bitvector/>
idx                     (alloca           ) [ 0100000]
store_ln111             (store            ) [ 0000000]
br_ln107                (br               ) [ 0000000]
m                       (load             ) [ 0000000]
tmp_3                   (bitselect        ) [ 0111110]
br_ln107                (br               ) [ 0000000]
trunc_ln107             (trunc            ) [ 0110000]
lshr_ln                 (partselect       ) [ 0000000]
zext_ln107              (zext             ) [ 0000000]
tmp                     (partselect       ) [ 0000000]
tmp_4                   (bitselect        ) [ 0000000]
lshr_ln3                (bitconcatenate   ) [ 0000000]
zext_ln114              (zext             ) [ 0111111]
or_ln115                (or               ) [ 0000000]
zext_ln115              (zext             ) [ 0111111]
src_0_addr              (getelementptr    ) [ 0110000]
src_8_addr              (getelementptr    ) [ 0110000]
src_0_addr_2            (getelementptr    ) [ 0110000]
src_8_addr_2            (getelementptr    ) [ 0110000]
p_ZL5INV_W_0_4_addr     (getelementptr    ) [ 0110000]
p_ZL6INV_MW_0_4_addr    (getelementptr    ) [ 0110000]
src_1_addr              (getelementptr    ) [ 0110000]
src_9_addr              (getelementptr    ) [ 0110000]
src_1_addr_2            (getelementptr    ) [ 0110000]
src_9_addr_2            (getelementptr    ) [ 0110000]
p_ZL5INV_W_1_4_addr     (getelementptr    ) [ 0110000]
p_ZL6INV_MW_1_4_addr    (getelementptr    ) [ 0110000]
src_2_addr              (getelementptr    ) [ 0110000]
src_10_addr             (getelementptr    ) [ 0110000]
src_2_addr_2            (getelementptr    ) [ 0110000]
src_10_addr_2           (getelementptr    ) [ 0110000]
p_ZL5INV_W_2_4_addr     (getelementptr    ) [ 0110000]
p_ZL6INV_MW_2_4_addr    (getelementptr    ) [ 0110000]
src_3_addr              (getelementptr    ) [ 0110000]
src_11_addr             (getelementptr    ) [ 0110000]
src_3_addr_2            (getelementptr    ) [ 0110000]
src_11_addr_2           (getelementptr    ) [ 0110000]
p_ZL5INV_W_3_4_addr     (getelementptr    ) [ 0110000]
p_ZL6INV_MW_3_4_addr    (getelementptr    ) [ 0110000]
or_ln112                (or               ) [ 0000000]
zext_ln114_2            (zext             ) [ 0000000]
src_4_addr              (getelementptr    ) [ 0110000]
src_12_addr             (getelementptr    ) [ 0110000]
src_4_addr_2            (getelementptr    ) [ 0110000]
src_12_addr_2           (getelementptr    ) [ 0110000]
p_ZL5INV_W_0_4_addr_1   (getelementptr    ) [ 0110000]
p_ZL6INV_MW_0_4_addr_1  (getelementptr    ) [ 0110000]
src_5_addr              (getelementptr    ) [ 0110000]
src_13_addr             (getelementptr    ) [ 0110000]
src_5_addr_2            (getelementptr    ) [ 0110000]
src_13_addr_2           (getelementptr    ) [ 0110000]
p_ZL5INV_W_1_4_addr_1   (getelementptr    ) [ 0110000]
p_ZL6INV_MW_1_4_addr_1  (getelementptr    ) [ 0110000]
src_6_addr              (getelementptr    ) [ 0110000]
src_14_addr             (getelementptr    ) [ 0110000]
src_6_addr_2            (getelementptr    ) [ 0110000]
src_14_addr_2           (getelementptr    ) [ 0110000]
p_ZL5INV_W_2_4_addr_1   (getelementptr    ) [ 0110000]
p_ZL6INV_MW_2_4_addr_1  (getelementptr    ) [ 0110000]
src_7_addr              (getelementptr    ) [ 0110000]
src_15_addr             (getelementptr    ) [ 0110000]
src_7_addr_2            (getelementptr    ) [ 0110000]
src_15_addr_2           (getelementptr    ) [ 0110000]
p_ZL5INV_W_3_4_addr_1   (getelementptr    ) [ 0110000]
p_ZL6INV_MW_3_4_addr_1  (getelementptr    ) [ 0110000]
icmp_ln118              (icmp             ) [ 0111111]
br_ln118                (br               ) [ 0000000]
add_ln107               (add              ) [ 0000000]
store_ln111             (store            ) [ 0000000]
br_ln107                (br               ) [ 0000000]
src_0_load              (load             ) [ 0000000]
src_8_load              (load             ) [ 0000000]
icmp_ln116              (icmp             ) [ 0000000]
t                       (select           ) [ 0000000]
zext_ln116              (zext             ) [ 0000000]
zext_ln116_7            (zext             ) [ 0000000]
src_0_load_2            (load             ) [ 0000000]
src_8_load_2            (load             ) [ 0000000]
v                       (select           ) [ 0000000]
zext_ln117              (zext             ) [ 0000000]
s                       (add              ) [ 0000000]
icmp_ln48               (icmp             ) [ 0000000]
trunc_ln48              (trunc            ) [ 0000000]
add_ln48                (add              ) [ 0000000]
select_ln48             (select           ) [ 0101111]
icmp_ln52               (icmp             ) [ 0000000]
xor_ln52                (xor              ) [ 0000000]
add_ln52                (add              ) [ 0000000]
select_ln52             (select           ) [ 0000000]
zext_ln52               (zext             ) [ 0000000]
sub_ln52                (sub              ) [ 0101100]
p_ZL5INV_W_0_4_load     (load             ) [ 0101100]
p_ZL6INV_MW_0_4_load    (load             ) [ 0000000]
sext_ln36               (sext             ) [ 0000000]
zext_ln36               (zext             ) [ 0101100]
zext_ln36_46            (zext             ) [ 0101100]
or_ln114                (or               ) [ 0000000]
p_ZL5INV_W_1_4_load     (load             ) [ 0101100]
p_ZL6INV_MW_1_4_load    (load             ) [ 0000000]
zext_ln36_47            (zext             ) [ 0101100]
or_ln114_7              (or               ) [ 0000000]
p_ZL5INV_W_2_4_load     (load             ) [ 0101100]
p_ZL6INV_MW_2_4_load    (load             ) [ 0000000]
zext_ln36_48            (zext             ) [ 0101100]
or_ln114_8              (or               ) [ 0000000]
p_ZL5INV_W_3_4_load     (load             ) [ 0101100]
p_ZL6INV_MW_3_4_load    (load             ) [ 0000000]
zext_ln36_49            (zext             ) [ 0101100]
or_ln114_9              (or               ) [ 0000000]
p_ZL5INV_W_0_4_load_1   (load             ) [ 0101100]
p_ZL6INV_MW_0_4_load_1  (load             ) [ 0000000]
zext_ln36_50            (zext             ) [ 0101100]
or_ln114_10             (or               ) [ 0000000]
p_ZL5INV_W_1_4_load_1   (load             ) [ 0101100]
p_ZL6INV_MW_1_4_load_1  (load             ) [ 0000000]
zext_ln36_51            (zext             ) [ 0101100]
or_ln114_11             (or               ) [ 0000000]
p_ZL5INV_W_2_4_load_1   (load             ) [ 0101100]
p_ZL6INV_MW_2_4_load_1  (load             ) [ 0000000]
zext_ln36_52            (zext             ) [ 0101100]
or_ln114_12             (or               ) [ 0000000]
src_1_load              (load             ) [ 0000000]
src_9_load              (load             ) [ 0000000]
icmp_ln116_8            (icmp             ) [ 0000000]
t_36                    (select           ) [ 0000000]
zext_ln117_46           (zext             ) [ 0000000]
zext_ln117_47           (zext             ) [ 0000000]
src_1_load_2            (load             ) [ 0000000]
src_9_load_2            (load             ) [ 0000000]
v_36                    (select           ) [ 0000000]
zext_ln48               (zext             ) [ 0000000]
s_47                    (add              ) [ 0000000]
icmp_ln48_22            (icmp             ) [ 0000000]
trunc_ln48_22           (trunc            ) [ 0000000]
add_ln48_44             (add              ) [ 0000000]
select_ln48_22          (select           ) [ 0101111]
icmp_ln52_22            (icmp             ) [ 0000000]
xor_ln52_22             (xor              ) [ 0000000]
add_ln52_22             (add              ) [ 0000000]
select_ln52_22          (select           ) [ 0000000]
zext_ln52_22            (zext             ) [ 0000000]
sub_ln52_22             (sub              ) [ 0101100]
sext_ln36_49            (sext             ) [ 0000000]
zext_ln36_53            (zext             ) [ 0101100]
src_2_load              (load             ) [ 0000000]
src_10_load             (load             ) [ 0000000]
icmp_ln116_9            (icmp             ) [ 0000000]
t_37                    (select           ) [ 0000000]
zext_ln117_48           (zext             ) [ 0000000]
zext_ln117_49           (zext             ) [ 0000000]
src_2_load_2            (load             ) [ 0000000]
src_10_load_2           (load             ) [ 0000000]
v_37                    (select           ) [ 0000000]
zext_ln48_16            (zext             ) [ 0000000]
s_48                    (add              ) [ 0000000]
icmp_ln48_23            (icmp             ) [ 0000000]
trunc_ln48_23           (trunc            ) [ 0000000]
add_ln48_46             (add              ) [ 0000000]
select_ln48_23          (select           ) [ 0101111]
icmp_ln52_23            (icmp             ) [ 0000000]
xor_ln52_23             (xor              ) [ 0000000]
add_ln52_23             (add              ) [ 0000000]
select_ln52_23          (select           ) [ 0000000]
zext_ln52_23            (zext             ) [ 0000000]
sub_ln52_23             (sub              ) [ 0101100]
sext_ln36_51            (sext             ) [ 0000000]
zext_ln36_54            (zext             ) [ 0101100]
src_3_load              (load             ) [ 0000000]
src_11_load             (load             ) [ 0000000]
icmp_ln116_10           (icmp             ) [ 0000000]
t_38                    (select           ) [ 0000000]
zext_ln117_50           (zext             ) [ 0000000]
zext_ln117_51           (zext             ) [ 0000000]
src_3_load_2            (load             ) [ 0000000]
src_11_load_2           (load             ) [ 0000000]
v_38                    (select           ) [ 0000000]
zext_ln48_17            (zext             ) [ 0000000]
s_49                    (add              ) [ 0000000]
icmp_ln48_24            (icmp             ) [ 0000000]
trunc_ln48_24           (trunc            ) [ 0000000]
add_ln48_48             (add              ) [ 0000000]
select_ln48_24          (select           ) [ 0101111]
icmp_ln52_24            (icmp             ) [ 0000000]
xor_ln52_24             (xor              ) [ 0000000]
add_ln52_24             (add              ) [ 0000000]
select_ln52_24          (select           ) [ 0000000]
zext_ln52_24            (zext             ) [ 0000000]
sub_ln52_24             (sub              ) [ 0101100]
sext_ln36_53            (sext             ) [ 0000000]
zext_ln36_55            (zext             ) [ 0101100]
src_4_load              (load             ) [ 0000000]
src_12_load             (load             ) [ 0000000]
icmp_ln116_11           (icmp             ) [ 0000000]
t_39                    (select           ) [ 0000000]
zext_ln117_52           (zext             ) [ 0000000]
zext_ln117_53           (zext             ) [ 0000000]
src_4_load_2            (load             ) [ 0000000]
src_12_load_2           (load             ) [ 0000000]
v_39                    (select           ) [ 0000000]
zext_ln48_18            (zext             ) [ 0000000]
s_50                    (add              ) [ 0000000]
icmp_ln48_25            (icmp             ) [ 0000000]
trunc_ln48_25           (trunc            ) [ 0000000]
add_ln48_50             (add              ) [ 0000000]
select_ln48_25          (select           ) [ 0101111]
icmp_ln52_25            (icmp             ) [ 0000000]
xor_ln52_25             (xor              ) [ 0000000]
add_ln52_25             (add              ) [ 0000000]
select_ln52_25          (select           ) [ 0000000]
zext_ln52_25            (zext             ) [ 0000000]
sub_ln52_25             (sub              ) [ 0101100]
sext_ln36_55            (sext             ) [ 0000000]
zext_ln36_56            (zext             ) [ 0101100]
src_5_load              (load             ) [ 0000000]
src_13_load             (load             ) [ 0000000]
icmp_ln116_12           (icmp             ) [ 0000000]
t_40                    (select           ) [ 0000000]
zext_ln117_54           (zext             ) [ 0000000]
zext_ln117_55           (zext             ) [ 0000000]
src_5_load_2            (load             ) [ 0000000]
src_13_load_2           (load             ) [ 0000000]
v_40                    (select           ) [ 0000000]
zext_ln48_19            (zext             ) [ 0000000]
s_51                    (add              ) [ 0000000]
icmp_ln48_26            (icmp             ) [ 0000000]
trunc_ln48_26           (trunc            ) [ 0000000]
add_ln48_52             (add              ) [ 0000000]
select_ln48_26          (select           ) [ 0101111]
icmp_ln52_26            (icmp             ) [ 0000000]
xor_ln52_26             (xor              ) [ 0000000]
add_ln52_26             (add              ) [ 0000000]
select_ln52_26          (select           ) [ 0000000]
zext_ln52_26            (zext             ) [ 0000000]
sub_ln52_26             (sub              ) [ 0101100]
sext_ln36_57            (sext             ) [ 0000000]
zext_ln36_57            (zext             ) [ 0101100]
src_6_load              (load             ) [ 0000000]
src_14_load             (load             ) [ 0000000]
icmp_ln116_13           (icmp             ) [ 0000000]
t_41                    (select           ) [ 0000000]
zext_ln117_56           (zext             ) [ 0000000]
zext_ln117_57           (zext             ) [ 0000000]
src_6_load_2            (load             ) [ 0000000]
src_14_load_2           (load             ) [ 0000000]
v_41                    (select           ) [ 0000000]
zext_ln48_20            (zext             ) [ 0000000]
s_52                    (add              ) [ 0000000]
icmp_ln48_27            (icmp             ) [ 0000000]
trunc_ln48_27           (trunc            ) [ 0000000]
add_ln48_54             (add              ) [ 0000000]
select_ln48_27          (select           ) [ 0101111]
icmp_ln52_27            (icmp             ) [ 0000000]
xor_ln52_27             (xor              ) [ 0000000]
add_ln52_27             (add              ) [ 0000000]
select_ln52_27          (select           ) [ 0000000]
zext_ln52_27            (zext             ) [ 0000000]
sub_ln52_27             (sub              ) [ 0101100]
sext_ln36_59            (sext             ) [ 0000000]
zext_ln36_58            (zext             ) [ 0101100]
src_7_load              (load             ) [ 0000000]
src_15_load             (load             ) [ 0000000]
icmp_ln116_14           (icmp             ) [ 0000000]
t_42                    (select           ) [ 0000000]
zext_ln117_58           (zext             ) [ 0000000]
zext_ln117_59           (zext             ) [ 0000000]
src_7_load_2            (load             ) [ 0000000]
src_15_load_2           (load             ) [ 0000000]
v_35                    (select           ) [ 0000000]
zext_ln117_60           (zext             ) [ 0000000]
s_46                    (add              ) [ 0000000]
icmp_ln48_28            (icmp             ) [ 0000000]
trunc_ln48_28           (trunc            ) [ 0000000]
add_ln48_56             (add              ) [ 0000000]
select_ln48_28          (select           ) [ 0101111]
icmp_ln52_28            (icmp             ) [ 0000000]
xor_ln52_28             (xor              ) [ 0000000]
add_ln52_28             (add              ) [ 0000000]
select_ln52_28          (select           ) [ 0000000]
zext_ln52_28            (zext             ) [ 0000000]
sub_ln52_28             (sub              ) [ 0101100]
p_ZL5INV_W_3_4_load_1   (load             ) [ 0101100]
p_ZL6INV_MW_3_4_load_1  (load             ) [ 0000000]
sext_ln36_60            (sext             ) [ 0000000]
zext_ln36_59            (zext             ) [ 0101100]
zext_ln36_60            (zext             ) [ 0101100]
icmp_ln118_8            (icmp             ) [ 0101111]
br_ln118                (br               ) [ 0000000]
icmp_ln118_9            (icmp             ) [ 0101111]
br_ln118                (br               ) [ 0000000]
icmp_ln118_10           (icmp             ) [ 0101111]
br_ln118                (br               ) [ 0000000]
icmp_ln118_11           (icmp             ) [ 0101111]
br_ln118                (br               ) [ 0000000]
icmp_ln118_12           (icmp             ) [ 0101111]
br_ln118                (br               ) [ 0000000]
icmp_ln118_13           (icmp             ) [ 0101111]
br_ln118                (br               ) [ 0000000]
icmp_ln118_14           (icmp             ) [ 0101111]
br_ln118                (br               ) [ 0000000]
br_ln119                (br               ) [ 0000000]
br_ln119                (br               ) [ 0000000]
br_ln119                (br               ) [ 0000000]
br_ln119                (br               ) [ 0000000]
br_ln119                (br               ) [ 0000000]
br_ln119                (br               ) [ 0000000]
br_ln119                (br               ) [ 0000000]
sext_ln119              (sext             ) [ 0100011]
w_assign_cast           (zext             ) [ 0100011]
xm                      (mul              ) [ 0000000]
specfucore_ln37         (specfucore       ) [ 0000000]
q_est                   (partselect       ) [ 0100011]
w_assign_22_cast        (zext             ) [ 0100011]
w_assign_23_cast        (zext             ) [ 0100011]
w_assign_24_cast        (zext             ) [ 0100011]
w_assign_25_cast        (zext             ) [ 0100011]
w_assign_26_cast        (zext             ) [ 0100011]
w_assign_27_cast        (zext             ) [ 0100011]
sext_ln36_48            (sext             ) [ 0100011]
xm_47                   (mul              ) [ 0000000]
specfucore_ln37         (specfucore       ) [ 0000000]
q_est_18                (partselect       ) [ 0100011]
sext_ln36_50            (sext             ) [ 0100011]
xm_48                   (mul              ) [ 0000000]
specfucore_ln37         (specfucore       ) [ 0000000]
q_est_2                 (partselect       ) [ 0100011]
sext_ln36_52            (sext             ) [ 0100011]
xm_49                   (mul              ) [ 0000000]
specfucore_ln37         (specfucore       ) [ 0000000]
q_est_3                 (partselect       ) [ 0100011]
sext_ln36_54            (sext             ) [ 0100011]
xm_50                   (mul              ) [ 0000000]
specfucore_ln37         (specfucore       ) [ 0000000]
q_est_4                 (partselect       ) [ 0100011]
sext_ln36_56            (sext             ) [ 0100011]
xm_51                   (mul              ) [ 0000000]
specfucore_ln37         (specfucore       ) [ 0000000]
q_est_5                 (partselect       ) [ 0100011]
sext_ln36_58            (sext             ) [ 0100011]
xm_52                   (mul              ) [ 0000000]
specfucore_ln37         (specfucore       ) [ 0000000]
q_est_6                 (partselect       ) [ 0100011]
sext_ln119_4            (sext             ) [ 0100011]
w_assign_28_cast        (zext             ) [ 0100011]
xm_46                   (mul              ) [ 0000000]
specfucore_ln37         (specfucore       ) [ 0000000]
q_est_7                 (partselect       ) [ 0100011]
specpipeline_ln108      (specpipeline     ) [ 0000000]
speclooptripcount_ln107 (speclooptripcount) [ 0000000]
specloopname_ln107      (specloopname     ) [ 0000000]
dst_0_addr              (getelementptr    ) [ 0000000]
dst_8_addr              (getelementptr    ) [ 0000000]
rbegin9                 (specregionbegin  ) [ 0000000]
rend46                  (specregionend    ) [ 0000000]
rbegin2                 (specregionbegin  ) [ 0000000]
xw                      (mul              ) [ 0000000]
sext_ln40               (sext             ) [ 0000000]
specfucore_ln40         (specfucore       ) [ 0000000]
rend44                  (specregionend    ) [ 0000000]
rbegin4                 (specregionbegin  ) [ 0000000]
qq                      (mul              ) [ 0000000]
specfucore_ln42         (specfucore       ) [ 0000000]
rend42                  (specregionend    ) [ 0000000]
r                       (sub              ) [ 0000000]
icmp_ln44               (icmp             ) [ 0000000]
trunc_ln44              (trunc            ) [ 0000000]
add_ln44                (add              ) [ 0000000]
select_ln44             (select           ) [ 0000000]
dst_0_addr_2            (getelementptr    ) [ 0000000]
dst_8_addr_2            (getelementptr    ) [ 0000000]
dst_1_addr              (getelementptr    ) [ 0000000]
dst_9_addr              (getelementptr    ) [ 0000000]
dst_1_addr_2            (getelementptr    ) [ 0000000]
dst_9_addr_2            (getelementptr    ) [ 0000000]
dst_2_addr              (getelementptr    ) [ 0000000]
dst_10_addr             (getelementptr    ) [ 0000000]
dst_2_addr_2            (getelementptr    ) [ 0000000]
dst_10_addr_2           (getelementptr    ) [ 0000000]
dst_3_addr              (getelementptr    ) [ 0000000]
dst_11_addr             (getelementptr    ) [ 0000000]
dst_3_addr_2            (getelementptr    ) [ 0000000]
dst_11_addr_2           (getelementptr    ) [ 0000000]
dst_4_addr              (getelementptr    ) [ 0000000]
dst_12_addr             (getelementptr    ) [ 0000000]
dst_4_addr_2            (getelementptr    ) [ 0000000]
dst_12_addr_2           (getelementptr    ) [ 0000000]
dst_5_addr              (getelementptr    ) [ 0000000]
dst_13_addr             (getelementptr    ) [ 0000000]
dst_5_addr_2            (getelementptr    ) [ 0000000]
dst_13_addr_2           (getelementptr    ) [ 0000000]
dst_6_addr              (getelementptr    ) [ 0000000]
dst_14_addr             (getelementptr    ) [ 0000000]
dst_6_addr_2            (getelementptr    ) [ 0000000]
dst_14_addr_2           (getelementptr    ) [ 0000000]
xw_47                   (mul              ) [ 0000000]
sext_ln40_22            (sext             ) [ 0000000]
specfucore_ln40         (specfucore       ) [ 0000000]
qq_47                   (mul              ) [ 0000000]
specfucore_ln42         (specfucore       ) [ 0000000]
r_47                    (sub              ) [ 0000000]
icmp_ln44_22            (icmp             ) [ 0000000]
trunc_ln44_22           (trunc            ) [ 0000000]
add_ln44_22             (add              ) [ 0000000]
select_ln44_22          (select           ) [ 0000000]
xw_48                   (mul              ) [ 0000000]
sext_ln40_23            (sext             ) [ 0000000]
specfucore_ln40         (specfucore       ) [ 0000000]
qq_48                   (mul              ) [ 0000000]
specfucore_ln42         (specfucore       ) [ 0000000]
r_48                    (sub              ) [ 0000000]
icmp_ln44_23            (icmp             ) [ 0000000]
trunc_ln44_23           (trunc            ) [ 0000000]
add_ln44_23             (add              ) [ 0000000]
select_ln44_23          (select           ) [ 0000000]
xw_49                   (mul              ) [ 0000000]
sext_ln40_24            (sext             ) [ 0000000]
specfucore_ln40         (specfucore       ) [ 0000000]
qq_49                   (mul              ) [ 0000000]
specfucore_ln42         (specfucore       ) [ 0000000]
r_49                    (sub              ) [ 0000000]
icmp_ln44_24            (icmp             ) [ 0000000]
trunc_ln44_24           (trunc            ) [ 0000000]
add_ln44_24             (add              ) [ 0000000]
select_ln44_24          (select           ) [ 0000000]
xw_50                   (mul              ) [ 0000000]
sext_ln40_25            (sext             ) [ 0000000]
specfucore_ln40         (specfucore       ) [ 0000000]
qq_50                   (mul              ) [ 0000000]
specfucore_ln42         (specfucore       ) [ 0000000]
r_50                    (sub              ) [ 0000000]
icmp_ln44_25            (icmp             ) [ 0000000]
trunc_ln44_25           (trunc            ) [ 0000000]
add_ln44_25             (add              ) [ 0000000]
select_ln44_25          (select           ) [ 0000000]
xw_51                   (mul              ) [ 0000000]
sext_ln40_26            (sext             ) [ 0000000]
specfucore_ln40         (specfucore       ) [ 0000000]
qq_51                   (mul              ) [ 0000000]
specfucore_ln42         (specfucore       ) [ 0000000]
r_51                    (sub              ) [ 0000000]
icmp_ln44_26            (icmp             ) [ 0000000]
trunc_ln44_26           (trunc            ) [ 0000000]
add_ln44_26             (add              ) [ 0000000]
select_ln44_26          (select           ) [ 0000000]
xw_52                   (mul              ) [ 0000000]
sext_ln40_27            (sext             ) [ 0000000]
specfucore_ln40         (specfucore       ) [ 0000000]
qq_52                   (mul              ) [ 0000000]
specfucore_ln42         (specfucore       ) [ 0000000]
r_52                    (sub              ) [ 0000000]
icmp_ln44_27            (icmp             ) [ 0000000]
trunc_ln44_27           (trunc            ) [ 0000000]
add_ln44_27             (add              ) [ 0000000]
select_ln44_27          (select           ) [ 0000000]
dst_7_addr              (getelementptr    ) [ 0000000]
dst_15_addr             (getelementptr    ) [ 0000000]
rbegin3                 (specregionbegin  ) [ 0000000]
rend4                   (specregionend    ) [ 0000000]
rbegin1                 (specregionbegin  ) [ 0000000]
xw_46                   (mul              ) [ 0000000]
sext_ln40_28            (sext             ) [ 0000000]
specfucore_ln40         (specfucore       ) [ 0000000]
rend2                   (specregionend    ) [ 0000000]
rbegin                  (specregionbegin  ) [ 0000000]
qq_46                   (mul              ) [ 0000000]
specfucore_ln42         (specfucore       ) [ 0000000]
rend                    (specregionend    ) [ 0000000]
r_46                    (sub              ) [ 0000000]
icmp_ln44_28            (icmp             ) [ 0000000]
trunc_ln44_28           (trunc            ) [ 0000000]
add_ln44_28             (add              ) [ 0000000]
select_ln44_28          (select           ) [ 0000000]
dst_7_addr_2            (getelementptr    ) [ 0000000]
dst_15_addr_2           (getelementptr    ) [ 0000000]
store_ln118             (store            ) [ 0000000]
store_ln119             (store            ) [ 0000000]
br_ln119                (br               ) [ 0000000]
store_ln118             (store            ) [ 0000000]
store_ln119             (store            ) [ 0000000]
br_ln119                (br               ) [ 0000000]
store_ln118             (store            ) [ 0000000]
br_ln118                (br               ) [ 0000000]
store_ln118             (store            ) [ 0000000]
br_ln118                (br               ) [ 0000000]
store_ln118             (store            ) [ 0000000]
br_ln118                (br               ) [ 0000000]
store_ln118             (store            ) [ 0000000]
br_ln118                (br               ) [ 0000000]
store_ln118             (store            ) [ 0000000]
br_ln118                (br               ) [ 0000000]
store_ln118             (store            ) [ 0000000]
br_ln118                (br               ) [ 0000000]
store_ln118             (store            ) [ 0000000]
br_ln118                (br               ) [ 0000000]
store_ln118             (store            ) [ 0000000]
br_ln118                (br               ) [ 0000000]
store_ln118             (store            ) [ 0000000]
br_ln118                (br               ) [ 0000000]
store_ln118             (store            ) [ 0000000]
br_ln118                (br               ) [ 0000000]
store_ln118             (store            ) [ 0000000]
br_ln118                (br               ) [ 0000000]
store_ln118             (store            ) [ 0000000]
br_ln118                (br               ) [ 0000000]
store_ln118             (store            ) [ 0000000]
br_ln118                (br               ) [ 0000000]
store_ln118             (store            ) [ 0000000]
br_ln118                (br               ) [ 0000000]
store_ln119             (store            ) [ 0000000]
br_ln119                (br               ) [ 0000000]
store_ln119             (store            ) [ 0000000]
br_ln119                (br               ) [ 0000000]
store_ln119             (store            ) [ 0000000]
br_ln119                (br               ) [ 0000000]
store_ln119             (store            ) [ 0000000]
br_ln119                (br               ) [ 0000000]
store_ln119             (store            ) [ 0000000]
br_ln119                (br               ) [ 0000000]
store_ln119             (store            ) [ 0000000]
br_ln119                (br               ) [ 0000000]
store_ln119             (store            ) [ 0000000]
br_ln119                (br               ) [ 0000000]
store_ln119             (store            ) [ 0000000]
br_ln119                (br               ) [ 0000000]
store_ln119             (store            ) [ 0000000]
br_ln119                (br               ) [ 0000000]
store_ln119             (store            ) [ 0000000]
br_ln119                (br               ) [ 0000000]
store_ln119             (store            ) [ 0000000]
br_ln119                (br               ) [ 0000000]
store_ln119             (store            ) [ 0000000]
br_ln119                (br               ) [ 0000000]
store_ln119             (store            ) [ 0000000]
br_ln119                (br               ) [ 0000000]
store_ln119             (store            ) [ 0000000]
br_ln119                (br               ) [ 0000000]
ret_ln122               (ret              ) [ 0000000]
</LifeTime>

<model>

<comp_list>
<comp id="0" class="1000" name="src_0">
<pin_list>
<pin id="1" dir="1" index="0" bw="1" slack="0"/>
</pin_list>
<bind>
<StgValue><ssdm name="src_0"/><MemPortTyVec>1 1 </MemPortTyVec>
</StgValue>
</bind>
</comp>

<comp id="2" class="1000" name="src_1">
<pin_list>
<pin id="3" dir="1" index="0" bw="1" slack="0"/>
</pin_list>
<bind>
<StgValue><ssdm name="src_1"/><MemPortTyVec>1 1 </MemPortTyVec>
</StgValue>
</bind>
</comp>

<comp id="4" class="1000" name="src_2">
<pin_list>
<pin id="5" dir="1" index="0" bw="1" slack="0"/>
</pin_list>
<bind>
<StgValue><ssdm name="src_2"/><MemPortTyVec>1 1 </MemPortTyVec>
</StgValue>
</bind>
</comp>

<comp id="6" class="1000" name="src_3">
<pin_list>
<pin id="7" dir="1" index="0" bw="1" slack="0"/>
</pin_list>
<bind>
<StgValue><ssdm name="src_3"/><MemPortTyVec>1 1 </MemPortTyVec>
</StgValue>
</bind>
</comp>

<comp id="8" class="1000" name="src_4">
<pin_list>
<pin id="9" dir="1" index="0" bw="1" slack="0"/>
</pin_list>
<bind>
<StgValue><ssdm name="src_4"/><MemPortTyVec>1 1 </MemPortTyVec>
</StgValue>
</bind>
</comp>

<comp id="10" class="1000" name="src_5">
<pin_list>
<pin id="11" dir="1" index="0" bw="1" slack="0"/>
</pin_list>
<bind>
<StgValue><ssdm name="src_5"/><MemPortTyVec>1 1 </MemPortTyVec>
</StgValue>
</bind>
</comp>

<comp id="12" class="1000" name="src_6">
<pin_list>
<pin id="13" dir="1" index="0" bw="1" slack="0"/>
</pin_list>
<bind>
<StgValue><ssdm name="src_6"/><MemPortTyVec>1 1 </MemPortTyVec>
</StgValue>
</bind>
</comp>

<comp id="14" class="1000" name="src_7">
<pin_list>
<pin id="15" dir="1" index="0" bw="1" slack="0"/>
</pin_list>
<bind>
<StgValue><ssdm name="src_7"/><MemPortTyVec>1 1 </MemPortTyVec>
</StgValue>
</bind>
</comp>

<comp id="16" class="1000" name="src_8">
<pin_list>
<pin id="17" dir="1" index="0" bw="1" slack="0"/>
</pin_list>
<bind>
<StgValue><ssdm name="src_8"/><MemPortTyVec>1 1 </MemPortTyVec>
</StgValue>
</bind>
</comp>

<comp id="18" class="1000" name="src_9">
<pin_list>
<pin id="19" dir="1" index="0" bw="1" slack="0"/>
</pin_list>
<bind>
<StgValue><ssdm name="src_9"/><MemPortTyVec>1 1 </MemPortTyVec>
</StgValue>
</bind>
</comp>

<comp id="20" class="1000" name="src_10">
<pin_list>
<pin id="21" dir="1" index="0" bw="1" slack="0"/>
</pin_list>
<bind>
<StgValue><ssdm name="src_10"/><MemPortTyVec>1 1 </MemPortTyVec>
</StgValue>
</bind>
</comp>

<comp id="22" class="1000" name="src_11">
<pin_list>
<pin id="23" dir="1" index="0" bw="1" slack="0"/>
</pin_list>
<bind>
<StgValue><ssdm name="src_11"/><MemPortTyVec>1 1 </MemPortTyVec>
</StgValue>
</bind>
</comp>

<comp id="24" class="1000" name="src_12">
<pin_list>
<pin id="25" dir="1" index="0" bw="1" slack="0"/>
</pin_list>
<bind>
<StgValue><ssdm name="src_12"/><MemPortTyVec>1 1 </MemPortTyVec>
</StgValue>
</bind>
</comp>

<comp id="26" class="1000" name="src_13">
<pin_list>
<pin id="27" dir="1" index="0" bw="1" slack="0"/>
</pin_list>
<bind>
<StgValue><ssdm name="src_13"/><MemPortTyVec>1 1 </MemPortTyVec>
</StgValue>
</bind>
</comp>

<comp id="28" class="1000" name="src_14">
<pin_list>
<pin id="29" dir="1" index="0" bw="1" slack="0"/>
</pin_list>
<bind>
<StgValue><ssdm name="src_14"/><MemPortTyVec>1 1 </MemPortTyVec>
</StgValue>
</bind>
</comp>

<comp id="30" class="1000" name="src_15">
<pin_list>
<pin id="31" dir="1" index="0" bw="1" slack="0"/>
</pin_list>
<bind>
<StgValue><ssdm name="src_15"/><MemPortTyVec>1 1 </MemPortTyVec>
</StgValue>
</bind>
</comp>

<comp id="32" class="1000" name="dst_0">
<pin_list>
<pin id="33" dir="1" index="0" bw="1" slack="0"/>
</pin_list>
<bind>
<StgValue><ssdm name="dst_0"/><MemPortTyVec>0 0 </MemPortTyVec>
</StgValue>
</bind>
</comp>

<comp id="34" class="1000" name="dst_1">
<pin_list>
<pin id="35" dir="1" index="0" bw="1" slack="0"/>
</pin_list>
<bind>
<StgValue><ssdm name="dst_1"/><MemPortTyVec>0 0 </MemPortTyVec>
</StgValue>
</bind>
</comp>

<comp id="36" class="1000" name="dst_2">
<pin_list>
<pin id="37" dir="1" index="0" bw="1" slack="0"/>
</pin_list>
<bind>
<StgValue><ssdm name="dst_2"/><MemPortTyVec>0 0 </MemPortTyVec>
</StgValue>
</bind>
</comp>

<comp id="38" class="1000" name="dst_3">
<pin_list>
<pin id="39" dir="1" index="0" bw="1" slack="0"/>
</pin_list>
<bind>
<StgValue><ssdm name="dst_3"/><MemPortTyVec>0 0 </MemPortTyVec>
</StgValue>
</bind>
</comp>

<comp id="40" class="1000" name="dst_4">
<pin_list>
<pin id="41" dir="1" index="0" bw="1" slack="0"/>
</pin_list>
<bind>
<StgValue><ssdm name="dst_4"/><MemPortTyVec>0 0 </MemPortTyVec>
</StgValue>
</bind>
</comp>

<comp id="42" class="1000" name="dst_5">
<pin_list>
<pin id="43" dir="1" index="0" bw="1" slack="0"/>
</pin_list>
<bind>
<StgValue><ssdm name="dst_5"/><MemPortTyVec>0 0 </MemPortTyVec>
</StgValue>
</bind>
</comp>

<comp id="44" class="1000" name="dst_6">
<pin_list>
<pin id="45" dir="1" index="0" bw="1" slack="0"/>
</pin_list>
<bind>
<StgValue><ssdm name="dst_6"/><MemPortTyVec>0 0 </MemPortTyVec>
</StgValue>
</bind>
</comp>

<comp id="46" class="1000" name="dst_7">
<pin_list>
<pin id="47" dir="1" index="0" bw="1" slack="0"/>
</pin_list>
<bind>
<StgValue><ssdm name="dst_7"/><MemPortTyVec>0 0 </MemPortTyVec>
</StgValue>
</bind>
</comp>

<comp id="48" class="1000" name="dst_8">
<pin_list>
<pin id="49" dir="1" index="0" bw="1" slack="0"/>
</pin_list>
<bind>
<StgValue><ssdm name="dst_8"/><MemPortTyVec>0 0 </MemPortTyVec>
</StgValue>
</bind>
</comp>

<comp id="50" class="1000" name="dst_9">
<pin_list>
<pin id="51" dir="1" index="0" bw="1" slack="0"/>
</pin_list>
<bind>
<StgValue><ssdm name="dst_9"/><MemPortTyVec>0 0 </MemPortTyVec>
</StgValue>
</bind>
</comp>

<comp id="52" class="1000" name="dst_10">
<pin_list>
<pin id="53" dir="1" index="0" bw="1" slack="0"/>
</pin_list>
<bind>
<StgValue><ssdm name="dst_10"/><MemPortTyVec>0 0 </MemPortTyVec>
</StgValue>
</bind>
</comp>

<comp id="54" class="1000" name="dst_11">
<pin_list>
<pin id="55" dir="1" index="0" bw="1" slack="0"/>
</pin_list>
<bind>
<StgValue><ssdm name="dst_11"/><MemPortTyVec>0 0 </MemPortTyVec>
</StgValue>
</bind>
</comp>

<comp id="56" class="1000" name="dst_12">
<pin_list>
<pin id="57" dir="1" index="0" bw="1" slack="0"/>
</pin_list>
<bind>
<StgValue><ssdm name="dst_12"/><MemPortTyVec>0 0 </MemPortTyVec>
</StgValue>
</bind>
</comp>

<comp id="58" class="1000" name="dst_13">
<pin_list>
<pin id="59" dir="1" index="0" bw="1" slack="0"/>
</pin_list>
<bind>
<StgValue><ssdm name="dst_13"/><MemPortTyVec>0 0 </MemPortTyVec>
</StgValue>
</bind>
</comp>

<comp id="60" class="1000" name="dst_14">
<pin_list>
<pin id="61" dir="1" index="0" bw="1" slack="0"/>
</pin_list>
<bind>
<StgValue><ssdm name="dst_14"/><MemPortTyVec>0 0 </MemPortTyVec>
</StgValue>
</bind>
</comp>

<comp id="62" class="1000" name="dst_15">
<pin_list>
<pin id="63" dir="1" index="0" bw="1" slack="0"/>
</pin_list>
<bind>
<StgValue><ssdm name="dst_15"/><MemPortTyVec>0 0 </MemPortTyVec>
</StgValue>
</bind>
</comp>

<comp id="64" class="1000" name="p_ZL5INV_W_0_4">
<pin_list>
<pin id="65" dir="1" index="0" bw="1" slack="0"/>
</pin_list>
<bind>
<StgValue><ssdm name="p_ZL5INV_W_0_4"/><MemPortTyVec>1 1 </MemPortTyVec>
</StgValue>
</bind>
</comp>

<comp id="66" class="1000" name="p_ZL6INV_MW_0_4">
<pin_list>
<pin id="67" dir="1" index="0" bw="1" slack="0"/>
</pin_list>
<bind>
<StgValue><ssdm name="p_ZL6INV_MW_0_4"/><MemPortTyVec>1 1 </MemPortTyVec>
</StgValue>
</bind>
</comp>

<comp id="68" class="1000" name="p_ZL5INV_W_1_4">
<pin_list>
<pin id="69" dir="1" index="0" bw="1" slack="0"/>
</pin_list>
<bind>
<StgValue><ssdm name="p_ZL5INV_W_1_4"/><MemPortTyVec>1 1 </MemPortTyVec>
</StgValue>
</bind>
</comp>

<comp id="70" class="1000" name="p_ZL6INV_MW_1_4">
<pin_list>
<pin id="71" dir="1" index="0" bw="1" slack="0"/>
</pin_list>
<bind>
<StgValue><ssdm name="p_ZL6INV_MW_1_4"/><MemPortTyVec>1 1 </MemPortTyVec>
</StgValue>
</bind>
</comp>

<comp id="72" class="1000" name="p_ZL5INV_W_2_4">
<pin_list>
<pin id="73" dir="1" index="0" bw="1" slack="0"/>
</pin_list>
<bind>
<StgValue><ssdm name="p_ZL5INV_W_2_4"/><MemPortTyVec>1 1 </MemPortTyVec>
</StgValue>
</bind>
</comp>

<comp id="74" class="1000" name="p_ZL6INV_MW_2_4">
<pin_list>
<pin id="75" dir="1" index="0" bw="1" slack="0"/>
</pin_list>
<bind>
<StgValue><ssdm name="p_ZL6INV_MW_2_4"/><MemPortTyVec>1 1 </MemPortTyVec>
</StgValue>
</bind>
</comp>

<comp id="76" class="1000" name="p_ZL5INV_W_3_4">
<pin_list>
<pin id="77" dir="1" index="0" bw="1" slack="0"/>
</pin_list>
<bind>
<StgValue><ssdm name="p_ZL5INV_W_3_4"/><MemPortTyVec>1 1 </MemPortTyVec>
</StgValue>
</bind>
</comp>

<comp id="78" class="1000" name="p_ZL6INV_MW_3_4">
<pin_list>
<pin id="79" dir="1" index="0" bw="1" slack="0"/>
</pin_list>
<bind>
<StgValue><ssdm name="p_ZL6INV_MW_3_4"/><MemPortTyVec>1 1 </MemPortTyVec>
</StgValue>
</bind>
</comp>

<comp id="80" class="1001" name="const_80">
<pin_list>
<pin id="81" dir="1" index="0" bw="1" slack="0"/>
</pin_list>
<bind>
<StgValue><ssdm name=""/></StgValue>
</bind>
</comp>

<comp id="82" class="1001" name="const_82">
<pin_list>
<pin id="83" dir="1" index="0" bw="1" slack="0"/>
</pin_list>
<bind>
<StgValue><ssdm name=""/></StgValue>
</bind>
</comp>

<comp id="84" class="1001" name="const_84">
<pin_list>
<pin id="85" dir="1" index="0" bw="1" slack="0"/>
</pin_list>
<bind>
<StgValue><ssdm name="_ssdm_op_BitSelect.i1.i8.i32"/></StgValue>
</bind>
</comp>

<comp id="86" class="1001" name="const_86">
<pin_list>
<pin id="87" dir="1" index="0" bw="1" slack="0"/>
</pin_list>
<bind>
<StgValue><ssdm name=""/></StgValue>
</bind>
</comp>

<comp id="88" class="1001" name="const_88">
<pin_list>
<pin id="89" dir="1" index="0" bw="1" slack="0"/>
</pin_list>
<bind>
<StgValue><ssdm name="_ssdm_op_PartSelect.i5.i8.i32.i32"/></StgValue>
</bind>
</comp>

<comp id="90" class="1001" name="const_90">
<pin_list>
<pin id="91" dir="1" index="0" bw="1" slack="0"/>
</pin_list>
<bind>
<StgValue><ssdm name=""/></StgValue>
</bind>
</comp>

<comp id="92" class="1001" name="const_92">
<pin_list>
<pin id="93" dir="1" index="0" bw="1" slack="0"/>
</pin_list>
<bind>
<StgValue><ssdm name=""/></StgValue>
</bind>
</comp>

<comp id="94" class="1001" name="const_94">
<pin_list>
<pin id="95" dir="1" index="0" bw="1" slack="0"/>
</pin_list>
<bind>
<StgValue><ssdm name="_ssdm_op_PartSelect.i2.i8.i32.i32"/></StgValue>
</bind>
</comp>

<comp id="96" class="1001" name="const_96">
<pin_list>
<pin id="97" dir="1" index="0" bw="1" slack="0"/>
</pin_list>
<bind>
<StgValue><ssdm name=""/></StgValue>
</bind>
</comp>

<comp id="98" class="1001" name="const_98">
<pin_list>
<pin id="99" dir="1" index="0" bw="1" slack="0"/>
</pin_list>
<bind>
<StgValue><ssdm name=""/></StgValue>
</bind>
</comp>

<comp id="100" class="1001" name="const_100">
<pin_list>
<pin id="101" dir="1" index="0" bw="1" slack="0"/>
</pin_list>
<bind>
<StgValue><ssdm name="_ssdm_op_BitConcatenate.i4.i2.i1.i1"/></StgValue>
</bind>
</comp>

<comp id="102" class="1001" name="const_102">
<pin_list>
<pin id="103" dir="1" index="0" bw="1" slack="0"/>
</pin_list>
<bind>
<StgValue><ssdm name=""/></StgValue>
</bind>
</comp>

<comp id="104" class="1001" name="const_104">
<pin_list>
<pin id="105" dir="1" index="0" bw="1" slack="0"/>
</pin_list>
<bind>
<StgValue><ssdm name=""/></StgValue>
</bind>
</comp>

<comp id="106" class="1001" name="const_106">
<pin_list>
<pin id="107" dir="1" index="0" bw="1" slack="0"/>
</pin_list>
<bind>
<StgValue><ssdm name=""/></StgValue>
</bind>
</comp>

<comp id="108" class="1001" name="const_108">
<pin_list>
<pin id="109" dir="1" index="0" bw="1" slack="0"/>
</pin_list>
<bind>
<StgValue><ssdm name=""/></StgValue>
</bind>
</comp>

<comp id="110" class="1001" name="const_110">
<pin_list>
<pin id="111" dir="1" index="0" bw="1" slack="0"/>
</pin_list>
<bind>
<StgValue><ssdm name=""/></StgValue>
</bind>
</comp>

<comp id="112" class="1001" name="const_112">
<pin_list>
<pin id="113" dir="1" index="0" bw="1" slack="0"/>
</pin_list>
<bind>
<StgValue><ssdm name=""/></StgValue>
</bind>
</comp>

<comp id="114" class="1001" name="const_114">
<pin_list>
<pin id="115" dir="1" index="0" bw="1" slack="0"/>
</pin_list>
<bind>
<StgValue><ssdm name=""/></StgValue>
</bind>
</comp>

<comp id="116" class="1001" name="const_116">
<pin_list>
<pin id="117" dir="1" index="0" bw="1" slack="0"/>
</pin_list>
<bind>
<StgValue><ssdm name=""/></StgValue>
</bind>
</comp>

<comp id="118" class="1001" name="const_118">
<pin_list>
<pin id="119" dir="1" index="0" bw="1" slack="0"/>
</pin_list>
<bind>
<StgValue><ssdm name=""/></StgValue>
</bind>
</comp>

<comp id="120" class="1001" name="const_120">
<pin_list>
<pin id="121" dir="1" index="0" bw="1" slack="0"/>
</pin_list>
<bind>
<StgValue><ssdm name=""/></StgValue>
</bind>
</comp>

<comp id="122" class="1001" name="const_122">
<pin_list>
<pin id="123" dir="1" index="0" bw="1" slack="0"/>
</pin_list>
<bind>
<StgValue><ssdm name=""/></StgValue>
</bind>
</comp>

<comp id="124" class="1001" name="const_124">
<pin_list>
<pin id="125" dir="1" index="0" bw="1" slack="0"/>
</pin_list>
<bind>
<StgValue><ssdm name=""/></StgValue>
</bind>
</comp>

<comp id="126" class="1001" name="const_126">
<pin_list>
<pin id="127" dir="1" index="0" bw="1" slack="0"/>
</pin_list>
<bind>
<StgValue><ssdm name=""/></StgValue>
</bind>
</comp>

<comp id="128" class="1001" name="const_128">
<pin_list>
<pin id="129" dir="1" index="0" bw="1" slack="0"/>
</pin_list>
<bind>
<StgValue><ssdm name=""/></StgValue>
</bind>
</comp>

<comp id="130" class="1001" name="const_130">
<pin_list>
<pin id="131" dir="1" index="0" bw="1" slack="0"/>
</pin_list>
<bind>
<StgValue><ssdm name=""/></StgValue>
</bind>
</comp>

<comp id="132" class="1001" name="const_132">
<pin_list>
<pin id="133" dir="1" index="0" bw="1" slack="0"/>
</pin_list>
<bind>
<StgValue><ssdm name=""/></StgValue>
</bind>
</comp>

<comp id="134" class="1001" name="const_134">
<pin_list>
<pin id="135" dir="1" index="0" bw="1" slack="0"/>
</pin_list>
<bind>
<StgValue><ssdm name=""/></StgValue>
</bind>
</comp>

<comp id="136" class="1001" name="const_136">
<pin_list>
<pin id="137" dir="1" index="0" bw="1" slack="0"/>
</pin_list>
<bind>
<StgValue><ssdm name=""/></StgValue>
</bind>
</comp>

<comp id="138" class="1001" name="const_138">
<pin_list>
<pin id="139" dir="1" index="0" bw="1" slack="0"/>
</pin_list>
<bind>
<StgValue><ssdm name=""/></StgValue>
</bind>
</comp>

<comp id="140" class="1001" name="const_140">
<pin_list>
<pin id="141" dir="1" index="0" bw="1" slack="0"/>
</pin_list>
<bind>
<StgValue><ssdm name=""/></StgValue>
</bind>
</comp>

<comp id="142" class="1001" name="const_142">
<pin_list>
<pin id="143" dir="1" index="0" bw="1" slack="0"/>
</pin_list>
<bind>
<StgValue><ssdm name=""/></StgValue>
</bind>
</comp>

<comp id="144" class="1001" name="const_144">
<pin_list>
<pin id="145" dir="1" index="0" bw="1" slack="0"/>
</pin_list>
<bind>
<StgValue><ssdm name=""/></StgValue>
</bind>
</comp>

<comp id="146" class="1001" name="const_146">
<pin_list>
<pin id="147" dir="1" index="0" bw="1" slack="0"/>
</pin_list>
<bind>
<StgValue><ssdm name=""/></StgValue>
</bind>
</comp>

<comp id="148" class="1001" name="const_148">
<pin_list>
<pin id="149" dir="1" index="0" bw="1" slack="2147483647"/>
</pin_list>
<bind>
<StgValue><ssdm name="_ssdm_op_SpecFUCore"/></StgValue>
</bind>
</comp>

<comp id="150" class="1001" name="const_150">
<pin_list>
<pin id="151" dir="1" index="0" bw="1" slack="2147483647"/>
</pin_list>
<bind>
<StgValue><ssdm name=""/></StgValue>
</bind>
</comp>

<comp id="152" class="1001" name="const_152">
<pin_list>
<pin id="153" dir="1" index="0" bw="1" slack="2147483647"/>
</pin_list>
<bind>
<StgValue><ssdm name=""/></StgValue>
</bind>
</comp>

<comp id="154" class="1001" name="const_154">
<pin_list>
<pin id="155" dir="1" index="0" bw="1" slack="2147483647"/>
</pin_list>
<bind>
<StgValue><ssdm name=""/></StgValue>
</bind>
</comp>

<comp id="156" class="1001" name="const_156">
<pin_list>
<pin id="157" dir="1" index="0" bw="1" slack="0"/>
</pin_list>
<bind>
<StgValue><ssdm name="_ssdm_op_PartSelect.i32.i48.i32.i32"/></StgValue>
</bind>
</comp>

<comp id="158" class="1001" name="const_158">
<pin_list>
<pin id="159" dir="1" index="0" bw="1" slack="0"/>
</pin_list>
<bind>
<StgValue><ssdm name=""/></StgValue>
</bind>
</comp>

<comp id="160" class="1001" name="const_160">
<pin_list>
<pin id="161" dir="1" index="0" bw="1" slack="0"/>
</pin_list>
<bind>
<StgValue><ssdm name=""/></StgValue>
</bind>
</comp>

<comp id="162" class="1001" name="const_162">
<pin_list>
<pin id="163" dir="1" index="0" bw="1" slack="0"/>
</pin_list>
<bind>
<StgValue><ssdm name=""/></StgValue>
</bind>
</comp>

<comp id="164" class="1001" name="const_164">
<pin_list>
<pin id="165" dir="1" index="0" bw="1" slack="2147483647"/>
</pin_list>
<bind>
<StgValue><ssdm name="_ssdm_op_SpecPipeline"/></StgValue>
</bind>
</comp>

<comp id="166" class="1001" name="const_166">
<pin_list>
<pin id="167" dir="1" index="0" bw="1" slack="2147483647"/>
</pin_list>
<bind>
<StgValue><ssdm name=""/></StgValue>
</bind>
</comp>

<comp id="168" class="1001" name="const_168">
<pin_list>
<pin id="169" dir="1" index="0" bw="1" slack="2147483647"/>
</pin_list>
<bind>
<StgValue><ssdm name="empty_246"/></StgValue>
</bind>
</comp>

<comp id="170" class="1001" name="const_170">
<pin_list>
<pin id="171" dir="1" index="0" bw="1" slack="2147483647"/>
</pin_list>
<bind>
<StgValue><ssdm name="_ssdm_op_SpecLoopTripCount"/></StgValue>
</bind>
</comp>

<comp id="172" class="1001" name="const_172">
<pin_list>
<pin id="173" dir="1" index="0" bw="1" slack="2147483647"/>
</pin_list>
<bind>
<StgValue><ssdm name=""/></StgValue>
</bind>
</comp>

<comp id="174" class="1001" name="const_174">
<pin_list>
<pin id="175" dir="1" index="0" bw="1" slack="2147483647"/>
</pin_list>
<bind>
<StgValue><ssdm name="_ssdm_op_SpecLoopName"/></StgValue>
</bind>
</comp>

<comp id="176" class="1001" name="const_176">
<pin_list>
<pin id="177" dir="1" index="0" bw="1" slack="2147483647"/>
</pin_list>
<bind>
<StgValue><ssdm name="empty_177"/></StgValue>
</bind>
</comp>

<comp id="178" class="1001" name="const_178">
<pin_list>
<pin id="179" dir="1" index="0" bw="1" slack="2147483647"/>
</pin_list>
<bind>
<StgValue><ssdm name="_ssdm_op_SpecRegionBegin"/></StgValue>
</bind>
</comp>

<comp id="180" class="1001" name="const_180">
<pin_list>
<pin id="181" dir="1" index="0" bw="1" slack="2147483647"/>
</pin_list>
<bind>
<StgValue><ssdm name="empty_44"/></StgValue>
</bind>
</comp>

<comp id="182" class="1001" name="const_182">
<pin_list>
<pin id="183" dir="1" index="0" bw="1" slack="2147483647"/>
</pin_list>
<bind>
<StgValue><ssdm name="_ssdm_op_SpecRegionEnd"/></StgValue>
</bind>
</comp>

<comp id="184" class="1001" name="const_184">
<pin_list>
<pin id="185" dir="1" index="0" bw="1" slack="2147483647"/>
</pin_list>
<bind>
<StgValue><ssdm name="empty_59"/></StgValue>
</bind>
</comp>

<comp id="186" class="1001" name="const_186">
<pin_list>
<pin id="187" dir="1" index="0" bw="1" slack="2147483647"/>
</pin_list>
<bind>
<StgValue><ssdm name="empty_29"/></StgValue>
</bind>
</comp>

<comp id="188" class="1001" name="const_188">
<pin_list>
<pin id="189" dir="1" index="0" bw="1" slack="0"/>
</pin_list>
<bind>
<StgValue><ssdm name=""/></StgValue>
</bind>
</comp>

<comp id="190" class="1001" name="const_190">
<pin_list>
<pin id="191" dir="1" index="0" bw="1" slack="2147483647"/>
</pin_list>
<bind>
<StgValue><ssdm name="empty_24"/></StgValue>
</bind>
</comp>

<comp id="192" class="1001" name="const_192">
<pin_list>
<pin id="193" dir="1" index="0" bw="1" slack="2147483647"/>
</pin_list>
<bind>
<StgValue><ssdm name="empty_57"/></StgValue>
</bind>
</comp>

<comp id="194" class="1001" name="const_194">
<pin_list>
<pin id="195" dir="1" index="0" bw="1" slack="2147483647"/>
</pin_list>
<bind>
<StgValue><ssdm name="empty_12"/></StgValue>
</bind>
</comp>

<comp id="196" class="1004" name="idx_fu_196">
<pin_list>
<pin id="197" dir="0" index="0" bw="1" slack="0"/>
<pin id="198" dir="1" index="1" bw="8" slack="0"/>
</pin_list>
<bind>
<opcode="alloca(26) " fcode="alloca"/>
<opset="idx/1 "/>
</bind>
</comp>

<comp id="200" class="1004" name="src_0_addr_gep_fu_200">
<pin_list>
<pin id="201" dir="0" index="0" bw="12" slack="0"/>
<pin id="202" dir="0" index="1" bw="1" slack="0"/>
<pin id="203" dir="0" index="2" bw="4" slack="0"/>
<pin id="204" dir="1" index="3" bw="4" slack="0"/>
</pin_list>
<bind>
<opcode="getelementptr(29) " fcode="getelementptr"/>
<opset="src_0_addr/1 "/>
</bind>
</comp>

<comp id="207" class="1004" name="src_8_addr_gep_fu_207">
<pin_list>
<pin id="208" dir="0" index="0" bw="12" slack="0"/>
<pin id="209" dir="0" index="1" bw="1" slack="0"/>
<pin id="210" dir="0" index="2" bw="4" slack="0"/>
<pin id="211" dir="1" index="3" bw="4" slack="0"/>
</pin_list>
<bind>
<opcode="getelementptr(29) " fcode="getelementptr"/>
<opset="src_8_addr/1 "/>
</bind>
</comp>

<comp id="214" class="1004" name="grp_access_fu_214">
<pin_list>
<pin id="215" dir="0" index="0" bw="4" slack="0"/>
<pin id="216" dir="0" index="1" bw="12" slack="2147483647"/>
<pin id="217" dir="0" index="2" bw="0" slack="0"/>
<pin id="219" dir="0" index="4" bw="4" slack="2147483647"/>
<pin id="220" dir="0" index="5" bw="12" slack="2147483647"/>
<pin id="221" dir="0" index="6" bw="0" slack="2147483647"/>
<pin id="218" dir="1" index="3" bw="12" slack="0"/>
<pin id="222" dir="1" index="7" bw="12" slack="0"/>
</pin_list>
<bind>
<opcode="load(27) " fcode="load"/>
<opset="src_0_load/1 src_0_load_2/1 "/>
</bind>
</comp>

<comp id="224" class="1004" name="grp_access_fu_224">
<pin_list>
<pin id="225" dir="0" index="0" bw="4" slack="0"/>
<pin id="226" dir="0" index="1" bw="12" slack="2147483647"/>
<pin id="227" dir="0" index="2" bw="0" slack="0"/>
<pin id="229" dir="0" index="4" bw="4" slack="2147483647"/>
<pin id="230" dir="0" index="5" bw="12" slack="2147483647"/>
<pin id="231" dir="0" index="6" bw="0" slack="2147483647"/>
<pin id="228" dir="1" index="3" bw="12" slack="0"/>
<pin id="232" dir="1" index="7" bw="12" slack="0"/>
</pin_list>
<bind>
<opcode="load(27) " fcode="load"/>
<opset="src_8_load/1 src_8_load_2/1 "/>
</bind>
</comp>

<comp id="234" class="1004" name="src_0_addr_2_gep_fu_234">
<pin_list>
<pin id="235" dir="0" index="0" bw="12" slack="0"/>
<pin id="236" dir="0" index="1" bw="1" slack="0"/>
<pin id="237" dir="0" index="2" bw="4" slack="0"/>
<pin id="238" dir="1" index="3" bw="4" slack="0"/>
</pin_list>
<bind>
<opcode="getelementptr(29) " fcode="getelementptr"/>
<opset="src_0_addr_2/1 "/>
</bind>
</comp>

<comp id="241" class="1004" name="src_8_addr_2_gep_fu_241">
<pin_list>
<pin id="242" dir="0" index="0" bw="12" slack="0"/>
<pin id="243" dir="0" index="1" bw="1" slack="0"/>
<pin id="244" dir="0" index="2" bw="4" slack="0"/>
<pin id="245" dir="1" index="3" bw="4" slack="0"/>
</pin_list>
<bind>
<opcode="getelementptr(29) " fcode="getelementptr"/>
<opset="src_8_addr_2/1 "/>
</bind>
</comp>

<comp id="250" class="1004" name="p_ZL5INV_W_0_4_addr_gep_fu_250">
<pin_list>
<pin id="251" dir="0" index="0" bw="12" slack="0"/>
<pin id="252" dir="0" index="1" bw="1" slack="0"/>
<pin id="253" dir="0" index="2" bw="5" slack="0"/>
<pin id="254" dir="1" index="3" bw="5" slack="0"/>
</pin_list>
<bind>
<opcode="getelementptr(29) " fcode="getelementptr"/>
<opset="p_ZL5INV_W_0_4_addr/1 "/>
</bind>
</comp>

<comp id="257" class="1004" name="grp_access_fu_257">
<pin_list>
<pin id="258" dir="0" index="0" bw="5" slack="0"/>
<pin id="259" dir="0" index="1" bw="12" slack="2147483647"/>
<pin id="260" dir="0" index="2" bw="0" slack="0"/>
<pin id="262" dir="0" index="4" bw="5" slack="2147483647"/>
<pin id="263" dir="0" index="5" bw="12" slack="2147483647"/>
<pin id="264" dir="0" index="6" bw="0" slack="2147483647"/>
<pin id="261" dir="1" index="3" bw="12" slack="2"/>
<pin id="265" dir="1" index="7" bw="12" slack="2"/>
</pin_list>
<bind>
<opcode="load(27) " fcode="load"/>
<opset="p_ZL5INV_W_0_4_load/1 p_ZL5INV_W_0_4_load_1/1 "/>
</bind>
</comp>

<comp id="267" class="1004" name="p_ZL6INV_MW_0_4_addr_gep_fu_267">
<pin_list>
<pin id="268" dir="0" index="0" bw="16" slack="0"/>
<pin id="269" dir="0" index="1" bw="1" slack="0"/>
<pin id="270" dir="0" index="2" bw="5" slack="0"/>
<pin id="271" dir="1" index="3" bw="5" slack="0"/>
</pin_list>
<bind>
<opcode="getelementptr(29) " fcode="getelementptr"/>
<opset="p_ZL6INV_MW_0_4_addr/1 "/>
</bind>
</comp>

<comp id="274" class="1004" name="grp_access_fu_274">
<pin_list>
<pin id="275" dir="0" index="0" bw="5" slack="0"/>
<pin id="276" dir="0" index="1" bw="16" slack="2147483647"/>
<pin id="277" dir="0" index="2" bw="0" slack="0"/>
<pin id="279" dir="0" index="4" bw="5" slack="2147483647"/>
<pin id="280" dir="0" index="5" bw="16" slack="2147483647"/>
<pin id="281" dir="0" index="6" bw="0" slack="2147483647"/>
<pin id="278" dir="1" index="3" bw="16" slack="0"/>
<pin id="282" dir="1" index="7" bw="16" slack="0"/>
</pin_list>
<bind>
<opcode="load(27) " fcode="load"/>
<opset="p_ZL6INV_MW_0_4_load/1 p_ZL6INV_MW_0_4_load_1/1 "/>
</bind>
</comp>

<comp id="284" class="1004" name="src_1_addr_gep_fu_284">
<pin_list>
<pin id="285" dir="0" index="0" bw="12" slack="0"/>
<pin id="286" dir="0" index="1" bw="1" slack="0"/>
<pin id="287" dir="0" index="2" bw="4" slack="0"/>
<pin id="288" dir="1" index="3" bw="4" slack="0"/>
</pin_list>
<bind>
<opcode="getelementptr(29) " fcode="getelementptr"/>
<opset="src_1_addr/1 "/>
</bind>
</comp>

<comp id="291" class="1004" name="src_9_addr_gep_fu_291">
<pin_list>
<pin id="292" dir="0" index="0" bw="12" slack="0"/>
<pin id="293" dir="0" index="1" bw="1" slack="0"/>
<pin id="294" dir="0" index="2" bw="4" slack="0"/>
<pin id="295" dir="1" index="3" bw="4" slack="0"/>
</pin_list>
<bind>
<opcode="getelementptr(29) " fcode="getelementptr"/>
<opset="src_9_addr/1 "/>
</bind>
</comp>

<comp id="298" class="1004" name="src_1_addr_2_gep_fu_298">
<pin_list>
<pin id="299" dir="0" index="0" bw="12" slack="0"/>
<pin id="300" dir="0" index="1" bw="1" slack="0"/>
<pin id="301" dir="0" index="2" bw="4" slack="0"/>
<pin id="302" dir="1" index="3" bw="4" slack="0"/>
</pin_list>
<bind>
<opcode="getelementptr(29) " fcode="getelementptr"/>
<opset="src_1_addr_2/1 "/>
</bind>
</comp>

<comp id="305" class="1004" name="src_9_addr_2_gep_fu_305">
<pin_list>
<pin id="306" dir="0" index="0" bw="12" slack="0"/>
<pin id="307" dir="0" index="1" bw="1" slack="0"/>
<pin id="308" dir="0" index="2" bw="4" slack="0"/>
<pin id="309" dir="1" index="3" bw="4" slack="0"/>
</pin_list>
<bind>
<opcode="getelementptr(29) " fcode="getelementptr"/>
<opset="src_9_addr_2/1 "/>
</bind>
</comp>

<comp id="312" class="1004" name="p_ZL5INV_W_1_4_addr_gep_fu_312">
<pin_list>
<pin id="313" dir="0" index="0" bw="12" slack="0"/>
<pin id="314" dir="0" index="1" bw="1" slack="0"/>
<pin id="315" dir="0" index="2" bw="5" slack="0"/>
<pin id="316" dir="1" index="3" bw="5" slack="0"/>
</pin_list>
<bind>
<opcode="getelementptr(29) " fcode="getelementptr"/>
<opset="p_ZL5INV_W_1_4_addr/1 "/>
</bind>
</comp>

<comp id="319" class="1004" name="grp_access_fu_319">
<pin_list>
<pin id="320" dir="0" index="0" bw="5" slack="0"/>
<pin id="321" dir="0" index="1" bw="12" slack="2147483647"/>
<pin id="322" dir="0" index="2" bw="0" slack="0"/>
<pin id="324" dir="0" index="4" bw="5" slack="2147483647"/>
<pin id="325" dir="0" index="5" bw="12" slack="2147483647"/>
<pin id="326" dir="0" index="6" bw="0" slack="2147483647"/>
<pin id="323" dir="1" index="3" bw="12" slack="2"/>
<pin id="327" dir="1" index="7" bw="12" slack="2"/>
</pin_list>
<bind>
<opcode="load(27) " fcode="load"/>
<opset="p_ZL5INV_W_1_4_load/1 p_ZL5INV_W_1_4_load_1/1 "/>
</bind>
</comp>

<comp id="329" class="1004" name="p_ZL6INV_MW_1_4_addr_gep_fu_329">
<pin_list>
<pin id="330" dir="0" index="0" bw="16" slack="0"/>
<pin id="331" dir="0" index="1" bw="1" slack="0"/>
<pin id="332" dir="0" index="2" bw="5" slack="0"/>
<pin id="333" dir="1" index="3" bw="5" slack="0"/>
</pin_list>
<bind>
<opcode="getelementptr(29) " fcode="getelementptr"/>
<opset="p_ZL6INV_MW_1_4_addr/1 "/>
</bind>
</comp>

<comp id="336" class="1004" name="grp_access_fu_336">
<pin_list>
<pin id="337" dir="0" index="0" bw="5" slack="0"/>
<pin id="338" dir="0" index="1" bw="16" slack="2147483647"/>
<pin id="339" dir="0" index="2" bw="0" slack="0"/>
<pin id="341" dir="0" index="4" bw="5" slack="2147483647"/>
<pin id="342" dir="0" index="5" bw="16" slack="2147483647"/>
<pin id="343" dir="0" index="6" bw="0" slack="2147483647"/>
<pin id="340" dir="1" index="3" bw="16" slack="0"/>
<pin id="344" dir="1" index="7" bw="16" slack="0"/>
</pin_list>
<bind>
<opcode="load(27) " fcode="load"/>
<opset="p_ZL6INV_MW_1_4_load/1 p_ZL6INV_MW_1_4_load_1/1 "/>
</bind>
</comp>

<comp id="346" class="1004" name="src_2_addr_gep_fu_346">
<pin_list>
<pin id="347" dir="0" index="0" bw="12" slack="0"/>
<pin id="348" dir="0" index="1" bw="1" slack="0"/>
<pin id="349" dir="0" index="2" bw="4" slack="0"/>
<pin id="350" dir="1" index="3" bw="4" slack="0"/>
</pin_list>
<bind>
<opcode="getelementptr(29) " fcode="getelementptr"/>
<opset="src_2_addr/1 "/>
</bind>
</comp>

<comp id="353" class="1004" name="src_10_addr_gep_fu_353">
<pin_list>
<pin id="354" dir="0" index="0" bw="12" slack="0"/>
<pin id="355" dir="0" index="1" bw="1" slack="0"/>
<pin id="356" dir="0" index="2" bw="4" slack="0"/>
<pin id="357" dir="1" index="3" bw="4" slack="0"/>
</pin_list>
<bind>
<opcode="getelementptr(29) " fcode="getelementptr"/>
<opset="src_10_addr/1 "/>
</bind>
</comp>

<comp id="360" class="1004" name="src_2_addr_2_gep_fu_360">
<pin_list>
<pin id="361" dir="0" index="0" bw="12" slack="0"/>
<pin id="362" dir="0" index="1" bw="1" slack="0"/>
<pin id="363" dir="0" index="2" bw="4" slack="0"/>
<pin id="364" dir="1" index="3" bw="4" slack="0"/>
</pin_list>
<bind>
<opcode="getelementptr(29) " fcode="getelementptr"/>
<opset="src_2_addr_2/1 "/>
</bind>
</comp>

<comp id="367" class="1004" name="src_10_addr_2_gep_fu_367">
<pin_list>
<pin id="368" dir="0" index="0" bw="12" slack="0"/>
<pin id="369" dir="0" index="1" bw="1" slack="0"/>
<pin id="370" dir="0" index="2" bw="4" slack="0"/>
<pin id="371" dir="1" index="3" bw="4" slack="0"/>
</pin_list>
<bind>
<opcode="getelementptr(29) " fcode="getelementptr"/>
<opset="src_10_addr_2/1 "/>
</bind>
</comp>

<comp id="374" class="1004" name="p_ZL5INV_W_2_4_addr_gep_fu_374">
<pin_list>
<pin id="375" dir="0" index="0" bw="12" slack="0"/>
<pin id="376" dir="0" index="1" bw="1" slack="0"/>
<pin id="377" dir="0" index="2" bw="5" slack="0"/>
<pin id="378" dir="1" index="3" bw="5" slack="0"/>
</pin_list>
<bind>
<opcode="getelementptr(29) " fcode="getelementptr"/>
<opset="p_ZL5INV_W_2_4_addr/1 "/>
</bind>
</comp>

<comp id="381" class="1004" name="grp_access_fu_381">
<pin_list>
<pin id="382" dir="0" index="0" bw="5" slack="0"/>
<pin id="383" dir="0" index="1" bw="12" slack="2147483647"/>
<pin id="384" dir="0" index="2" bw="0" slack="0"/>
<pin id="386" dir="0" index="4" bw="5" slack="2147483647"/>
<pin id="387" dir="0" index="5" bw="12" slack="2147483647"/>
<pin id="388" dir="0" index="6" bw="0" slack="2147483647"/>
<pin id="385" dir="1" index="3" bw="12" slack="2"/>
<pin id="389" dir="1" index="7" bw="12" slack="2"/>
</pin_list>
<bind>
<opcode="load(27) " fcode="load"/>
<opset="p_ZL5INV_W_2_4_load/1 p_ZL5INV_W_2_4_load_1/1 "/>
</bind>
</comp>

<comp id="391" class="1004" name="p_ZL6INV_MW_2_4_addr_gep_fu_391">
<pin_list>
<pin id="392" dir="0" index="0" bw="16" slack="0"/>
<pin id="393" dir="0" index="1" bw="1" slack="0"/>
<pin id="394" dir="0" index="2" bw="5" slack="0"/>
<pin id="395" dir="1" index="3" bw="5" slack="0"/>
</pin_list>
<bind>
<opcode="getelementptr(29) " fcode="getelementptr"/>
<opset="p_ZL6INV_MW_2_4_addr/1 "/>
</bind>
</comp>

<comp id="398" class="1004" name="grp_access_fu_398">
<pin_list>
<pin id="399" dir="0" index="0" bw="5" slack="0"/>
<pin id="400" dir="0" index="1" bw="16" slack="2147483647"/>
<pin id="401" dir="0" index="2" bw="0" slack="0"/>
<pin id="403" dir="0" index="4" bw="5" slack="2147483647"/>
<pin id="404" dir="0" index="5" bw="16" slack="2147483647"/>
<pin id="405" dir="0" index="6" bw="0" slack="2147483647"/>
<pin id="402" dir="1" index="3" bw="16" slack="0"/>
<pin id="406" dir="1" index="7" bw="16" slack="0"/>
</pin_list>
<bind>
<opcode="load(27) " fcode="load"/>
<opset="p_ZL6INV_MW_2_4_load/1 p_ZL6INV_MW_2_4_load_1/1 "/>
</bind>
</comp>

<comp id="408" class="1004" name="src_3_addr_gep_fu_408">
<pin_list>
<pin id="409" dir="0" index="0" bw="12" slack="0"/>
<pin id="410" dir="0" index="1" bw="1" slack="0"/>
<pin id="411" dir="0" index="2" bw="4" slack="0"/>
<pin id="412" dir="1" index="3" bw="4" slack="0"/>
</pin_list>
<bind>
<opcode="getelementptr(29) " fcode="getelementptr"/>
<opset="src_3_addr/1 "/>
</bind>
</comp>

<comp id="415" class="1004" name="src_11_addr_gep_fu_415">
<pin_list>
<pin id="416" dir="0" index="0" bw="12" slack="0"/>
<pin id="417" dir="0" index="1" bw="1" slack="0"/>
<pin id="418" dir="0" index="2" bw="4" slack="0"/>
<pin id="419" dir="1" index="3" bw="4" slack="0"/>
</pin_list>
<bind>
<opcode="getelementptr(29) " fcode="getelementptr"/>
<opset="src_11_addr/1 "/>
</bind>
</comp>

<comp id="422" class="1004" name="src_3_addr_2_gep_fu_422">
<pin_list>
<pin id="423" dir="0" index="0" bw="12" slack="0"/>
<pin id="424" dir="0" index="1" bw="1" slack="0"/>
<pin id="425" dir="0" index="2" bw="4" slack="0"/>
<pin id="426" dir="1" index="3" bw="4" slack="0"/>
</pin_list>
<bind>
<opcode="getelementptr(29) " fcode="getelementptr"/>
<opset="src_3_addr_2/1 "/>
</bind>
</comp>

<comp id="429" class="1004" name="src_11_addr_2_gep_fu_429">
<pin_list>
<pin id="430" dir="0" index="0" bw="12" slack="0"/>
<pin id="431" dir="0" index="1" bw="1" slack="0"/>
<pin id="432" dir="0" index="2" bw="4" slack="0"/>
<pin id="433" dir="1" index="3" bw="4" slack="0"/>
</pin_list>
<bind>
<opcode="getelementptr(29) " fcode="getelementptr"/>
<opset="src_11_addr_2/1 "/>
</bind>
</comp>

<comp id="436" class="1004" name="p_ZL5INV_W_3_4_addr_gep_fu_436">
<pin_list>
<pin id="437" dir="0" index="0" bw="12" slack="0"/>
<pin id="438" dir="0" index="1" bw="1" slack="0"/>
<pin id="439" dir="0" index="2" bw="5" slack="0"/>
<pin id="440" dir="1" index="3" bw="5" slack="0"/>
</pin_list>
<bind>
<opcode="getelementptr(29) " fcode="getelementptr"/>
<opset="p_ZL5INV_W_3_4_addr/1 "/>
</bind>
</comp>

<comp id="443" class="1004" name="grp_access_fu_443">
<pin_list>
<pin id="444" dir="0" index="0" bw="5" slack="0"/>
<pin id="445" dir="0" index="1" bw="12" slack="2147483647"/>
<pin id="446" dir="0" index="2" bw="0" slack="0"/>
<pin id="448" dir="0" index="4" bw="5" slack="2147483647"/>
<pin id="449" dir="0" index="5" bw="12" slack="2147483647"/>
<pin id="450" dir="0" index="6" bw="0" slack="2147483647"/>
<pin id="447" dir="1" index="3" bw="12" slack="2"/>
<pin id="451" dir="1" index="7" bw="12" slack="2"/>
</pin_list>
<bind>
<opcode="load(27) " fcode="load"/>
<opset="p_ZL5INV_W_3_4_load/1 p_ZL5INV_W_3_4_load_1/1 "/>
</bind>
</comp>

<comp id="453" class="1004" name="p_ZL6INV_MW_3_4_addr_gep_fu_453">
<pin_list>
<pin id="454" dir="0" index="0" bw="16" slack="0"/>
<pin id="455" dir="0" index="1" bw="1" slack="0"/>
<pin id="456" dir="0" index="2" bw="5" slack="0"/>
<pin id="457" dir="1" index="3" bw="5" slack="0"/>
</pin_list>
<bind>
<opcode="getelementptr(29) " fcode="getelementptr"/>
<opset="p_ZL6INV_MW_3_4_addr/1 "/>
</bind>
</comp>

<comp id="460" class="1004" name="grp_access_fu_460">
<pin_list>
<pin id="461" dir="0" index="0" bw="5" slack="0"/>
<pin id="462" dir="0" index="1" bw="16" slack="2147483647"/>
<pin id="463" dir="0" index="2" bw="0" slack="0"/>
<pin id="465" dir="0" index="4" bw="5" slack="2147483647"/>
<pin id="466" dir="0" index="5" bw="16" slack="2147483647"/>
<pin id="467" dir="0" index="6" bw="0" slack="2147483647"/>
<pin id="464" dir="1" index="3" bw="16" slack="0"/>
<pin id="468" dir="1" index="7" bw="16" slack="0"/>
</pin_list>
<bind>
<opcode="load(27) " fcode="load"/>
<opset="p_ZL6INV_MW_3_4_load/1 p_ZL6INV_MW_3_4_load_1/1 "/>
</bind>
</comp>

<comp id="470" class="1004" name="src_4_addr_gep_fu_470">
<pin_list>
<pin id="471" dir="0" index="0" bw="12" slack="0"/>
<pin id="472" dir="0" index="1" bw="1" slack="0"/>
<pin id="473" dir="0" index="2" bw="4" slack="0"/>
<pin id="474" dir="1" index="3" bw="4" slack="0"/>
</pin_list>
<bind>
<opcode="getelementptr(29) " fcode="getelementptr"/>
<opset="src_4_addr/1 "/>
</bind>
</comp>

<comp id="477" class="1004" name="src_12_addr_gep_fu_477">
<pin_list>
<pin id="478" dir="0" index="0" bw="12" slack="0"/>
<pin id="479" dir="0" index="1" bw="1" slack="0"/>
<pin id="480" dir="0" index="2" bw="4" slack="0"/>
<pin id="481" dir="1" index="3" bw="4" slack="0"/>
</pin_list>
<bind>
<opcode="getelementptr(29) " fcode="getelementptr"/>
<opset="src_12_addr/1 "/>
</bind>
</comp>

<comp id="484" class="1004" name="src_4_addr_2_gep_fu_484">
<pin_list>
<pin id="485" dir="0" index="0" bw="12" slack="0"/>
<pin id="486" dir="0" index="1" bw="1" slack="0"/>
<pin id="487" dir="0" index="2" bw="4" slack="0"/>
<pin id="488" dir="1" index="3" bw="4" slack="0"/>
</pin_list>
<bind>
<opcode="getelementptr(29) " fcode="getelementptr"/>
<opset="src_4_addr_2/1 "/>
</bind>
</comp>

<comp id="491" class="1004" name="src_12_addr_2_gep_fu_491">
<pin_list>
<pin id="492" dir="0" index="0" bw="12" slack="0"/>
<pin id="493" dir="0" index="1" bw="1" slack="0"/>
<pin id="494" dir="0" index="2" bw="4" slack="0"/>
<pin id="495" dir="1" index="3" bw="4" slack="0"/>
</pin_list>
<bind>
<opcode="getelementptr(29) " fcode="getelementptr"/>
<opset="src_12_addr_2/1 "/>
</bind>
</comp>

<comp id="498" class="1004" name="p_ZL5INV_W_0_4_addr_1_gep_fu_498">
<pin_list>
<pin id="499" dir="0" index="0" bw="12" slack="0"/>
<pin id="500" dir="0" index="1" bw="1" slack="0"/>
<pin id="501" dir="0" index="2" bw="5" slack="0"/>
<pin id="502" dir="1" index="3" bw="5" slack="0"/>
</pin_list>
<bind>
<opcode="getelementptr(29) " fcode="getelementptr"/>
<opset="p_ZL5INV_W_0_4_addr_1/1 "/>
</bind>
</comp>

<comp id="506" class="1004" name="p_ZL6INV_MW_0_4_addr_1_gep_fu_506">
<pin_list>
<pin id="507" dir="0" index="0" bw="16" slack="0"/>
<pin id="508" dir="0" index="1" bw="1" slack="0"/>
<pin id="509" dir="0" index="2" bw="5" slack="0"/>
<pin id="510" dir="1" index="3" bw="5" slack="0"/>
</pin_list>
<bind>
<opcode="getelementptr(29) " fcode="getelementptr"/>
<opset="p_ZL6INV_MW_0_4_addr_1/1 "/>
</bind>
</comp>

<comp id="514" class="1004" name="src_5_addr_gep_fu_514">
<pin_list>
<pin id="515" dir="0" index="0" bw="12" slack="0"/>
<pin id="516" dir="0" index="1" bw="1" slack="0"/>
<pin id="517" dir="0" index="2" bw="4" slack="0"/>
<pin id="518" dir="1" index="3" bw="4" slack="0"/>
</pin_list>
<bind>
<opcode="getelementptr(29) " fcode="getelementptr"/>
<opset="src_5_addr/1 "/>
</bind>
</comp>

<comp id="521" class="1004" name="src_13_addr_gep_fu_521">
<pin_list>
<pin id="522" dir="0" index="0" bw="12" slack="0"/>
<pin id="523" dir="0" index="1" bw="1" slack="0"/>
<pin id="524" dir="0" index="2" bw="4" slack="0"/>
<pin id="525" dir="1" index="3" bw="4" slack="0"/>
</pin_list>
<bind>
<opcode="getelementptr(29) " fcode="getelementptr"/>
<opset="src_13_addr/1 "/>
</bind>
</comp>

<comp id="528" class="1004" name="src_5_addr_2_gep_fu_528">
<pin_list>
<pin id="529" dir="0" index="0" bw="12" slack="0"/>
<pin id="530" dir="0" index="1" bw="1" slack="0"/>
<pin id="531" dir="0" index="2" bw="4" slack="0"/>
<pin id="532" dir="1" index="3" bw="4" slack="0"/>
</pin_list>
<bind>
<opcode="getelementptr(29) " fcode="getelementptr"/>
<opset="src_5_addr_2/1 "/>
</bind>
</comp>

<comp id="535" class="1004" name="src_13_addr_2_gep_fu_535">
<pin_list>
<pin id="536" dir="0" index="0" bw="12" slack="0"/>
<pin id="537" dir="0" index="1" bw="1" slack="0"/>
<pin id="538" dir="0" index="2" bw="4" slack="0"/>
<pin id="539" dir="1" index="3" bw="4" slack="0"/>
</pin_list>
<bind>
<opcode="getelementptr(29) " fcode="getelementptr"/>
<opset="src_13_addr_2/1 "/>
</bind>
</comp>

<comp id="542" class="1004" name="p_ZL5INV_W_1_4_addr_1_gep_fu_542">
<pin_list>
<pin id="543" dir="0" index="0" bw="12" slack="0"/>
<pin id="544" dir="0" index="1" bw="1" slack="0"/>
<pin id="545" dir="0" index="2" bw="5" slack="0"/>
<pin id="546" dir="1" index="3" bw="5" slack="0"/>
</pin_list>
<bind>
<opcode="getelementptr(29) " fcode="getelementptr"/>
<opset="p_ZL5INV_W_1_4_addr_1/1 "/>
</bind>
</comp>

<comp id="550" class="1004" name="p_ZL6INV_MW_1_4_addr_1_gep_fu_550">
<pin_list>
<pin id="551" dir="0" index="0" bw="16" slack="0"/>
<pin id="552" dir="0" index="1" bw="1" slack="0"/>
<pin id="553" dir="0" index="2" bw="5" slack="0"/>
<pin id="554" dir="1" index="3" bw="5" slack="0"/>
</pin_list>
<bind>
<opcode="getelementptr(29) " fcode="getelementptr"/>
<opset="p_ZL6INV_MW_1_4_addr_1/1 "/>
</bind>
</comp>

<comp id="558" class="1004" name="src_6_addr_gep_fu_558">
<pin_list>
<pin id="559" dir="0" index="0" bw="12" slack="0"/>
<pin id="560" dir="0" index="1" bw="1" slack="0"/>
<pin id="561" dir="0" index="2" bw="4" slack="0"/>
<pin id="562" dir="1" index="3" bw="4" slack="0"/>
</pin_list>
<bind>
<opcode="getelementptr(29) " fcode="getelementptr"/>
<opset="src_6_addr/1 "/>
</bind>
</comp>

<comp id="565" class="1004" name="src_14_addr_gep_fu_565">
<pin_list>
<pin id="566" dir="0" index="0" bw="12" slack="0"/>
<pin id="567" dir="0" index="1" bw="1" slack="0"/>
<pin id="568" dir="0" index="2" bw="4" slack="0"/>
<pin id="569" dir="1" index="3" bw="4" slack="0"/>
</pin_list>
<bind>
<opcode="getelementptr(29) " fcode="getelementptr"/>
<opset="src_14_addr/1 "/>
</bind>
</comp>

<comp id="572" class="1004" name="src_6_addr_2_gep_fu_572">
<pin_list>
<pin id="573" dir="0" index="0" bw="12" slack="0"/>
<pin id="574" dir="0" index="1" bw="1" slack="0"/>
<pin id="575" dir="0" index="2" bw="4" slack="0"/>
<pin id="576" dir="1" index="3" bw="4" slack="0"/>
</pin_list>
<bind>
<opcode="getelementptr(29) " fcode="getelementptr"/>
<opset="src_6_addr_2/1 "/>
</bind>
</comp>

<comp id="579" class="1004" name="src_14_addr_2_gep_fu_579">
<pin_list>
<pin id="580" dir="0" index="0" bw="12" slack="0"/>
<pin id="581" dir="0" index="1" bw="1" slack="0"/>
<pin id="582" dir="0" index="2" bw="4" slack="0"/>
<pin id="583" dir="1" index="3" bw="4" slack="0"/>
</pin_list>
<bind>
<opcode="getelementptr(29) " fcode="getelementptr"/>
<opset="src_14_addr_2/1 "/>
</bind>
</comp>

<comp id="586" class="1004" name="p_ZL5INV_W_2_4_addr_1_gep_fu_586">
<pin_list>
<pin id="587" dir="0" index="0" bw="12" slack="0"/>
<pin id="588" dir="0" index="1" bw="1" slack="0"/>
<pin id="589" dir="0" index="2" bw="5" slack="0"/>
<pin id="590" dir="1" index="3" bw="5" slack="0"/>
</pin_list>
<bind>
<opcode="getelementptr(29) " fcode="getelementptr"/>
<opset="p_ZL5INV_W_2_4_addr_1/1 "/>
</bind>
</comp>

<comp id="594" class="1004" name="p_ZL6INV_MW_2_4_addr_1_gep_fu_594">
<pin_list>
<pin id="595" dir="0" index="0" bw="16" slack="0"/>
<pin id="596" dir="0" index="1" bw="1" slack="0"/>
<pin id="597" dir="0" index="2" bw="5" slack="0"/>
<pin id="598" dir="1" index="3" bw="5" slack="0"/>
</pin_list>
<bind>
<opcode="getelementptr(29) " fcode="getelementptr"/>
<opset="p_ZL6INV_MW_2_4_addr_1/1 "/>
</bind>
</comp>

<comp id="602" class="1004" name="src_7_addr_gep_fu_602">
<pin_list>
<pin id="603" dir="0" index="0" bw="12" slack="0"/>
<pin id="604" dir="0" index="1" bw="1" slack="0"/>
<pin id="605" dir="0" index="2" bw="4" slack="0"/>
<pin id="606" dir="1" index="3" bw="4" slack="0"/>
</pin_list>
<bind>
<opcode="getelementptr(29) " fcode="getelementptr"/>
<opset="src_7_addr/1 "/>
</bind>
</comp>

<comp id="609" class="1004" name="src_15_addr_gep_fu_609">
<pin_list>
<pin id="610" dir="0" index="0" bw="12" slack="0"/>
<pin id="611" dir="0" index="1" bw="1" slack="0"/>
<pin id="612" dir="0" index="2" bw="4" slack="0"/>
<pin id="613" dir="1" index="3" bw="4" slack="0"/>
</pin_list>
<bind>
<opcode="getelementptr(29) " fcode="getelementptr"/>
<opset="src_15_addr/1 "/>
</bind>
</comp>

<comp id="616" class="1004" name="src_7_addr_2_gep_fu_616">
<pin_list>
<pin id="617" dir="0" index="0" bw="12" slack="0"/>
<pin id="618" dir="0" index="1" bw="1" slack="0"/>
<pin id="619" dir="0" index="2" bw="4" slack="0"/>
<pin id="620" dir="1" index="3" bw="4" slack="0"/>
</pin_list>
<bind>
<opcode="getelementptr(29) " fcode="getelementptr"/>
<opset="src_7_addr_2/1 "/>
</bind>
</comp>

<comp id="623" class="1004" name="src_15_addr_2_gep_fu_623">
<pin_list>
<pin id="624" dir="0" index="0" bw="12" slack="0"/>
<pin id="625" dir="0" index="1" bw="1" slack="0"/>
<pin id="626" dir="0" index="2" bw="4" slack="0"/>
<pin id="627" dir="1" index="3" bw="4" slack="0"/>
</pin_list>
<bind>
<opcode="getelementptr(29) " fcode="getelementptr"/>
<opset="src_15_addr_2/1 "/>
</bind>
</comp>

<comp id="630" class="1004" name="grp_access_fu_630">
<pin_list>
<pin id="631" dir="0" index="0" bw="4" slack="0"/>
<pin id="632" dir="0" index="1" bw="12" slack="2147483647"/>
<pin id="633" dir="0" index="2" bw="0" slack="0"/>
<pin id="635" dir="0" index="4" bw="4" slack="2147483647"/>
<pin id="636" dir="0" index="5" bw="12" slack="2147483647"/>
<pin id="637" dir="0" index="6" bw="0" slack="2147483647"/>
<pin id="634" dir="1" index="3" bw="12" slack="0"/>
<pin id="638" dir="1" index="7" bw="12" slack="0"/>
</pin_list>
<bind>
<opcode="load(27) " fcode="load"/>
<opset="src_1_load/1 src_1_load_2/1 "/>
</bind>
</comp>

<comp id="640" class="1004" name="grp_access_fu_640">
<pin_list>
<pin id="641" dir="0" index="0" bw="4" slack="0"/>
<pin id="642" dir="0" index="1" bw="12" slack="2147483647"/>
<pin id="643" dir="0" index="2" bw="0" slack="0"/>
<pin id="645" dir="0" index="4" bw="4" slack="2147483647"/>
<pin id="646" dir="0" index="5" bw="12" slack="2147483647"/>
<pin id="647" dir="0" index="6" bw="0" slack="2147483647"/>
<pin id="644" dir="1" index="3" bw="12" slack="0"/>
<pin id="648" dir="1" index="7" bw="12" slack="0"/>
</pin_list>
<bind>
<opcode="load(27) " fcode="load"/>
<opset="src_9_load/1 src_9_load_2/1 "/>
</bind>
</comp>

<comp id="652" class="1004" name="grp_access_fu_652">
<pin_list>
<pin id="653" dir="0" index="0" bw="4" slack="0"/>
<pin id="654" dir="0" index="1" bw="12" slack="2147483647"/>
<pin id="655" dir="0" index="2" bw="0" slack="0"/>
<pin id="657" dir="0" index="4" bw="4" slack="2147483647"/>
<pin id="658" dir="0" index="5" bw="12" slack="2147483647"/>
<pin id="659" dir="0" index="6" bw="0" slack="2147483647"/>
<pin id="656" dir="1" index="3" bw="12" slack="0"/>
<pin id="660" dir="1" index="7" bw="12" slack="0"/>
</pin_list>
<bind>
<opcode="load(27) " fcode="load"/>
<opset="src_2_load/1 src_2_load_2/1 "/>
</bind>
</comp>

<comp id="662" class="1004" name="grp_access_fu_662">
<pin_list>
<pin id="663" dir="0" index="0" bw="4" slack="0"/>
<pin id="664" dir="0" index="1" bw="12" slack="2147483647"/>
<pin id="665" dir="0" index="2" bw="0" slack="0"/>
<pin id="667" dir="0" index="4" bw="4" slack="2147483647"/>
<pin id="668" dir="0" index="5" bw="12" slack="2147483647"/>
<pin id="669" dir="0" index="6" bw="0" slack="2147483647"/>
<pin id="666" dir="1" index="3" bw="12" slack="0"/>
<pin id="670" dir="1" index="7" bw="12" slack="0"/>
</pin_list>
<bind>
<opcode="load(27) " fcode="load"/>
<opset="src_10_load/1 src_10_load_2/1 "/>
</bind>
</comp>

<comp id="674" class="1004" name="grp_access_fu_674">
<pin_list>
<pin id="675" dir="0" index="0" bw="4" slack="0"/>
<pin id="676" dir="0" index="1" bw="12" slack="2147483647"/>
<pin id="677" dir="0" index="2" bw="0" slack="0"/>
<pin id="679" dir="0" index="4" bw="4" slack="2147483647"/>
<pin id="680" dir="0" index="5" bw="12" slack="2147483647"/>
<pin id="681" dir="0" index="6" bw="0" slack="2147483647"/>
<pin id="678" dir="1" index="3" bw="12" slack="0"/>
<pin id="682" dir="1" index="7" bw="12" slack="0"/>
</pin_list>
<bind>
<opcode="load(27) " fcode="load"/>
<opset="src_3_load/1 src_3_load_2/1 "/>
</bind>
</comp>

<comp id="684" class="1004" name="grp_access_fu_684">
<pin_list>
<pin id="685" dir="0" index="0" bw="4" slack="0"/>
<pin id="686" dir="0" index="1" bw="12" slack="2147483647"/>
<pin id="687" dir="0" index="2" bw="0" slack="0"/>
<pin id="689" dir="0" index="4" bw="4" slack="2147483647"/>
<pin id="690" dir="0" index="5" bw="12" slack="2147483647"/>
<pin id="691" dir="0" index="6" bw="0" slack="2147483647"/>
<pin id="688" dir="1" index="3" bw="12" slack="0"/>
<pin id="692" dir="1" index="7" bw="12" slack="0"/>
</pin_list>
<bind>
<opcode="load(27) " fcode="load"/>
<opset="src_11_load/1 src_11_load_2/1 "/>
</bind>
</comp>

<comp id="696" class="1004" name="grp_access_fu_696">
<pin_list>
<pin id="697" dir="0" index="0" bw="4" slack="0"/>
<pin id="698" dir="0" index="1" bw="12" slack="2147483647"/>
<pin id="699" dir="0" index="2" bw="0" slack="0"/>
<pin id="701" dir="0" index="4" bw="4" slack="2147483647"/>
<pin id="702" dir="0" index="5" bw="12" slack="2147483647"/>
<pin id="703" dir="0" index="6" bw="0" slack="2147483647"/>
<pin id="700" dir="1" index="3" bw="12" slack="0"/>
<pin id="704" dir="1" index="7" bw="12" slack="0"/>
</pin_list>
<bind>
<opcode="load(27) " fcode="load"/>
<opset="src_4_load/1 src_4_load_2/1 "/>
</bind>
</comp>

<comp id="706" class="1004" name="grp_access_fu_706">
<pin_list>
<pin id="707" dir="0" index="0" bw="4" slack="0"/>
<pin id="708" dir="0" index="1" bw="12" slack="2147483647"/>
<pin id="709" dir="0" index="2" bw="0" slack="0"/>
<pin id="711" dir="0" index="4" bw="4" slack="2147483647"/>
<pin id="712" dir="0" index="5" bw="12" slack="2147483647"/>
<pin id="713" dir="0" index="6" bw="0" slack="2147483647"/>
<pin id="710" dir="1" index="3" bw="12" slack="0"/>
<pin id="714" dir="1" index="7" bw="12" slack="0"/>
</pin_list>
<bind>
<opcode="load(27) " fcode="load"/>
<opset="src_12_load/1 src_12_load_2/1 "/>
</bind>
</comp>

<comp id="718" class="1004" name="grp_access_fu_718">
<pin_list>
<pin id="719" dir="0" index="0" bw="4" slack="0"/>
<pin id="720" dir="0" index="1" bw="12" slack="2147483647"/>
<pin id="721" dir="0" index="2" bw="0" slack="0"/>
<pin id="723" dir="0" index="4" bw="4" slack="2147483647"/>
<pin id="724" dir="0" index="5" bw="12" slack="2147483647"/>
<pin id="725" dir="0" index="6" bw="0" slack="2147483647"/>
<pin id="722" dir="1" index="3" bw="12" slack="0"/>
<pin id="726" dir="1" index="7" bw="12" slack="0"/>
</pin_list>
<bind>
<opcode="load(27) " fcode="load"/>
<opset="src_5_load/1 src_5_load_2/1 "/>
</bind>
</comp>

<comp id="728" class="1004" name="grp_access_fu_728">
<pin_list>
<pin id="729" dir="0" index="0" bw="4" slack="0"/>
<pin id="730" dir="0" index="1" bw="12" slack="2147483647"/>
<pin id="731" dir="0" index="2" bw="0" slack="0"/>
<pin id="733" dir="0" index="4" bw="4" slack="2147483647"/>
<pin id="734" dir="0" index="5" bw="12" slack="2147483647"/>
<pin id="735" dir="0" index="6" bw="0" slack="2147483647"/>
<pin id="732" dir="1" index="3" bw="12" slack="0"/>
<pin id="736" dir="1" index="7" bw="12" slack="0"/>
</pin_list>
<bind>
<opcode="load(27) " fcode="load"/>
<opset="src_13_load/1 src_13_load_2/1 "/>
</bind>
</comp>

<comp id="740" class="1004" name="grp_access_fu_740">
<pin_list>
<pin id="741" dir="0" index="0" bw="4" slack="0"/>
<pin id="742" dir="0" index="1" bw="12" slack="2147483647"/>
<pin id="743" dir="0" index="2" bw="0" slack="0"/>
<pin id="745" dir="0" index="4" bw="4" slack="2147483647"/>
<pin id="746" dir="0" index="5" bw="12" slack="2147483647"/>
<pin id="747" dir="0" index="6" bw="0" slack="2147483647"/>
<pin id="744" dir="1" index="3" bw="12" slack="0"/>
<pin id="748" dir="1" index="7" bw="12" slack="0"/>
</pin_list>
<bind>
<opcode="load(27) " fcode="load"/>
<opset="src_6_load/1 src_6_load_2/1 "/>
</bind>
</comp>

<comp id="750" class="1004" name="grp_access_fu_750">
<pin_list>
<pin id="751" dir="0" index="0" bw="4" slack="0"/>
<pin id="752" dir="0" index="1" bw="12" slack="2147483647"/>
<pin id="753" dir="0" index="2" bw="0" slack="0"/>
<pin id="755" dir="0" index="4" bw="4" slack="2147483647"/>
<pin id="756" dir="0" index="5" bw="12" slack="2147483647"/>
<pin id="757" dir="0" index="6" bw="0" slack="2147483647"/>
<pin id="754" dir="1" index="3" bw="12" slack="0"/>
<pin id="758" dir="1" index="7" bw="12" slack="0"/>
</pin_list>
<bind>
<opcode="load(27) " fcode="load"/>
<opset="src_14_load/1 src_14_load_2/1 "/>
</bind>
</comp>

<comp id="762" class="1004" name="grp_access_fu_762">
<pin_list>
<pin id="763" dir="0" index="0" bw="4" slack="0"/>
<pin id="764" dir="0" index="1" bw="12" slack="2147483647"/>
<pin id="765" dir="0" index="2" bw="0" slack="0"/>
<pin id="767" dir="0" index="4" bw="4" slack="2147483647"/>
<pin id="768" dir="0" index="5" bw="12" slack="2147483647"/>
<pin id="769" dir="0" index="6" bw="0" slack="2147483647"/>
<pin id="766" dir="1" index="3" bw="12" slack="0"/>
<pin id="770" dir="1" index="7" bw="12" slack="0"/>
</pin_list>
<bind>
<opcode="load(27) " fcode="load"/>
<opset="src_7_load/1 src_7_load_2/1 "/>
</bind>
</comp>

<comp id="772" class="1004" name="grp_access_fu_772">
<pin_list>
<pin id="773" dir="0" index="0" bw="4" slack="0"/>
<pin id="774" dir="0" index="1" bw="12" slack="2147483647"/>
<pin id="775" dir="0" index="2" bw="0" slack="0"/>
<pin id="777" dir="0" index="4" bw="4" slack="2147483647"/>
<pin id="778" dir="0" index="5" bw="12" slack="2147483647"/>
<pin id="779" dir="0" index="6" bw="0" slack="2147483647"/>
<pin id="776" dir="1" index="3" bw="12" slack="0"/>
<pin id="780" dir="1" index="7" bw="12" slack="0"/>
</pin_list>
<bind>
<opcode="load(27) " fcode="load"/>
<opset="src_15_load/1 src_15_load_2/1 "/>
</bind>
</comp>

<comp id="784" class="1004" name="p_ZL5INV_W_3_4_addr_1_gep_fu_784">
<pin_list>
<pin id="785" dir="0" index="0" bw="12" slack="0"/>
<pin id="786" dir="0" index="1" bw="1" slack="0"/>
<pin id="787" dir="0" index="2" bw="5" slack="0"/>
<pin id="788" dir="1" index="3" bw="5" slack="0"/>
</pin_list>
<bind>
<opcode="getelementptr(29) " fcode="getelementptr"/>
<opset="p_ZL5INV_W_3_4_addr_1/1 "/>
</bind>
</comp>

<comp id="792" class="1004" name="p_ZL6INV_MW_3_4_addr_1_gep_fu_792">
<pin_list>
<pin id="793" dir="0" index="0" bw="16" slack="0"/>
<pin id="794" dir="0" index="1" bw="1" slack="0"/>
<pin id="795" dir="0" index="2" bw="5" slack="0"/>
<pin id="796" dir="1" index="3" bw="5" slack="0"/>
</pin_list>
<bind>
<opcode="getelementptr(29) " fcode="getelementptr"/>
<opset="p_ZL6INV_MW_3_4_addr_1/1 "/>
</bind>
</comp>

<comp id="800" class="1004" name="dst_0_addr_gep_fu_800">
<pin_list>
<pin id="801" dir="0" index="0" bw="12" slack="0"/>
<pin id="802" dir="0" index="1" bw="1" slack="0"/>
<pin id="803" dir="0" index="2" bw="4" slack="5"/>
<pin id="804" dir="1" index="3" bw="4" slack="0"/>
</pin_list>
<bind>
<opcode="getelementptr(29) " fcode="getelementptr"/>
<opset="dst_0_addr/6 "/>
</bind>
</comp>

<comp id="807" class="1004" name="dst_8_addr_gep_fu_807">
<pin_list>
<pin id="808" dir="0" index="0" bw="12" slack="0"/>
<pin id="809" dir="0" index="1" bw="1" slack="0"/>
<pin id="810" dir="0" index="2" bw="4" slack="5"/>
<pin id="811" dir="1" index="3" bw="4" slack="0"/>
</pin_list>
<bind>
<opcode="getelementptr(29) " fcode="getelementptr"/>
<opset="dst_8_addr/6 "/>
</bind>
</comp>

<comp id="814" class="1004" name="dst_0_addr_2_gep_fu_814">
<pin_list>
<pin id="815" dir="0" index="0" bw="12" slack="0"/>
<pin id="816" dir="0" index="1" bw="1" slack="0"/>
<pin id="817" dir="0" index="2" bw="4" slack="5"/>
<pin id="818" dir="1" index="3" bw="4" slack="0"/>
</pin_list>
<bind>
<opcode="getelementptr(29) " fcode="getelementptr"/>
<opset="dst_0_addr_2/6 "/>
</bind>
</comp>

<comp id="821" class="1004" name="dst_8_addr_2_gep_fu_821">
<pin_list>
<pin id="822" dir="0" index="0" bw="12" slack="0"/>
<pin id="823" dir="0" index="1" bw="1" slack="0"/>
<pin id="824" dir="0" index="2" bw="4" slack="5"/>
<pin id="825" dir="1" index="3" bw="4" slack="0"/>
</pin_list>
<bind>
<opcode="getelementptr(29) " fcode="getelementptr"/>
<opset="dst_8_addr_2/6 "/>
</bind>
</comp>

<comp id="828" class="1004" name="dst_1_addr_gep_fu_828">
<pin_list>
<pin id="829" dir="0" index="0" bw="12" slack="0"/>
<pin id="830" dir="0" index="1" bw="1" slack="0"/>
<pin id="831" dir="0" index="2" bw="4" slack="5"/>
<pin id="832" dir="1" index="3" bw="4" slack="0"/>
</pin_list>
<bind>
<opcode="getelementptr(29) " fcode="getelementptr"/>
<opset="dst_1_addr/6 "/>
</bind>
</comp>

<comp id="835" class="1004" name="dst_9_addr_gep_fu_835">
<pin_list>
<pin id="836" dir="0" index="0" bw="12" slack="0"/>
<pin id="837" dir="0" index="1" bw="1" slack="0"/>
<pin id="838" dir="0" index="2" bw="4" slack="5"/>
<pin id="839" dir="1" index="3" bw="4" slack="0"/>
</pin_list>
<bind>
<opcode="getelementptr(29) " fcode="getelementptr"/>
<opset="dst_9_addr/6 "/>
</bind>
</comp>

<comp id="842" class="1004" name="dst_1_addr_2_gep_fu_842">
<pin_list>
<pin id="843" dir="0" index="0" bw="12" slack="0"/>
<pin id="844" dir="0" index="1" bw="1" slack="0"/>
<pin id="845" dir="0" index="2" bw="4" slack="5"/>
<pin id="846" dir="1" index="3" bw="4" slack="0"/>
</pin_list>
<bind>
<opcode="getelementptr(29) " fcode="getelementptr"/>
<opset="dst_1_addr_2/6 "/>
</bind>
</comp>

<comp id="849" class="1004" name="dst_9_addr_2_gep_fu_849">
<pin_list>
<pin id="850" dir="0" index="0" bw="12" slack="0"/>
<pin id="851" dir="0" index="1" bw="1" slack="0"/>
<pin id="852" dir="0" index="2" bw="4" slack="5"/>
<pin id="853" dir="1" index="3" bw="4" slack="0"/>
</pin_list>
<bind>
<opcode="getelementptr(29) " fcode="getelementptr"/>
<opset="dst_9_addr_2/6 "/>
</bind>
</comp>

<comp id="856" class="1004" name="dst_2_addr_gep_fu_856">
<pin_list>
<pin id="857" dir="0" index="0" bw="12" slack="0"/>
<pin id="858" dir="0" index="1" bw="1" slack="0"/>
<pin id="859" dir="0" index="2" bw="4" slack="5"/>
<pin id="860" dir="1" index="3" bw="4" slack="0"/>
</pin_list>
<bind>
<opcode="getelementptr(29) " fcode="getelementptr"/>
<opset="dst_2_addr/6 "/>
</bind>
</comp>

<comp id="863" class="1004" name="dst_10_addr_gep_fu_863">
<pin_list>
<pin id="864" dir="0" index="0" bw="12" slack="0"/>
<pin id="865" dir="0" index="1" bw="1" slack="0"/>
<pin id="866" dir="0" index="2" bw="4" slack="5"/>
<pin id="867" dir="1" index="3" bw="4" slack="0"/>
</pin_list>
<bind>
<opcode="getelementptr(29) " fcode="getelementptr"/>
<opset="dst_10_addr/6 "/>
</bind>
</comp>

<comp id="870" class="1004" name="dst_2_addr_2_gep_fu_870">
<pin_list>
<pin id="871" dir="0" index="0" bw="12" slack="0"/>
<pin id="872" dir="0" index="1" bw="1" slack="0"/>
<pin id="873" dir="0" index="2" bw="4" slack="5"/>
<pin id="874" dir="1" index="3" bw="4" slack="0"/>
</pin_list>
<bind>
<opcode="getelementptr(29) " fcode="getelementptr"/>
<opset="dst_2_addr_2/6 "/>
</bind>
</comp>

<comp id="877" class="1004" name="dst_10_addr_2_gep_fu_877">
<pin_list>
<pin id="878" dir="0" index="0" bw="12" slack="0"/>
<pin id="879" dir="0" index="1" bw="1" slack="0"/>
<pin id="880" dir="0" index="2" bw="4" slack="5"/>
<pin id="881" dir="1" index="3" bw="4" slack="0"/>
</pin_list>
<bind>
<opcode="getelementptr(29) " fcode="getelementptr"/>
<opset="dst_10_addr_2/6 "/>
</bind>
</comp>

<comp id="884" class="1004" name="dst_3_addr_gep_fu_884">
<pin_list>
<pin id="885" dir="0" index="0" bw="12" slack="0"/>
<pin id="886" dir="0" index="1" bw="1" slack="0"/>
<pin id="887" dir="0" index="2" bw="4" slack="5"/>
<pin id="888" dir="1" index="3" bw="4" slack="0"/>
</pin_list>
<bind>
<opcode="getelementptr(29) " fcode="getelementptr"/>
<opset="dst_3_addr/6 "/>
</bind>
</comp>

<comp id="891" class="1004" name="dst_11_addr_gep_fu_891">
<pin_list>
<pin id="892" dir="0" index="0" bw="12" slack="0"/>
<pin id="893" dir="0" index="1" bw="1" slack="0"/>
<pin id="894" dir="0" index="2" bw="4" slack="5"/>
<pin id="895" dir="1" index="3" bw="4" slack="0"/>
</pin_list>
<bind>
<opcode="getelementptr(29) " fcode="getelementptr"/>
<opset="dst_11_addr/6 "/>
</bind>
</comp>

<comp id="898" class="1004" name="dst_3_addr_2_gep_fu_898">
<pin_list>
<pin id="899" dir="0" index="0" bw="12" slack="0"/>
<pin id="900" dir="0" index="1" bw="1" slack="0"/>
<pin id="901" dir="0" index="2" bw="4" slack="5"/>
<pin id="902" dir="1" index="3" bw="4" slack="0"/>
</pin_list>
<bind>
<opcode="getelementptr(29) " fcode="getelementptr"/>
<opset="dst_3_addr_2/6 "/>
</bind>
</comp>

<comp id="905" class="1004" name="dst_11_addr_2_gep_fu_905">
<pin_list>
<pin id="906" dir="0" index="0" bw="12" slack="0"/>
<pin id="907" dir="0" index="1" bw="1" slack="0"/>
<pin id="908" dir="0" index="2" bw="4" slack="5"/>
<pin id="909" dir="1" index="3" bw="4" slack="0"/>
</pin_list>
<bind>
<opcode="getelementptr(29) " fcode="getelementptr"/>
<opset="dst_11_addr_2/6 "/>
</bind>
</comp>

<comp id="912" class="1004" name="dst_4_addr_gep_fu_912">
<pin_list>
<pin id="913" dir="0" index="0" bw="12" slack="0"/>
<pin id="914" dir="0" index="1" bw="1" slack="0"/>
<pin id="915" dir="0" index="2" bw="4" slack="5"/>
<pin id="916" dir="1" index="3" bw="4" slack="0"/>
</pin_list>
<bind>
<opcode="getelementptr(29) " fcode="getelementptr"/>
<opset="dst_4_addr/6 "/>
</bind>
</comp>

<comp id="919" class="1004" name="dst_12_addr_gep_fu_919">
<pin_list>
<pin id="920" dir="0" index="0" bw="12" slack="0"/>
<pin id="921" dir="0" index="1" bw="1" slack="0"/>
<pin id="922" dir="0" index="2" bw="4" slack="5"/>
<pin id="923" dir="1" index="3" bw="4" slack="0"/>
</pin_list>
<bind>
<opcode="getelementptr(29) " fcode="getelementptr"/>
<opset="dst_12_addr/6 "/>
</bind>
</comp>

<comp id="926" class="1004" name="dst_4_addr_2_gep_fu_926">
<pin_list>
<pin id="927" dir="0" index="0" bw="12" slack="0"/>
<pin id="928" dir="0" index="1" bw="1" slack="0"/>
<pin id="929" dir="0" index="2" bw="4" slack="5"/>
<pin id="930" dir="1" index="3" bw="4" slack="0"/>
</pin_list>
<bind>
<opcode="getelementptr(29) " fcode="getelementptr"/>
<opset="dst_4_addr_2/6 "/>
</bind>
</comp>

<comp id="933" class="1004" name="dst_12_addr_2_gep_fu_933">
<pin_list>
<pin id="934" dir="0" index="0" bw="12" slack="0"/>
<pin id="935" dir="0" index="1" bw="1" slack="0"/>
<pin id="936" dir="0" index="2" bw="4" slack="5"/>
<pin id="937" dir="1" index="3" bw="4" slack="0"/>
</pin_list>
<bind>
<opcode="getelementptr(29) " fcode="getelementptr"/>
<opset="dst_12_addr_2/6 "/>
</bind>
</comp>

<comp id="940" class="1004" name="dst_5_addr_gep_fu_940">
<pin_list>
<pin id="941" dir="0" index="0" bw="12" slack="0"/>
<pin id="942" dir="0" index="1" bw="1" slack="0"/>
<pin id="943" dir="0" index="2" bw="4" slack="5"/>
<pin id="944" dir="1" index="3" bw="4" slack="0"/>
</pin_list>
<bind>
<opcode="getelementptr(29) " fcode="getelementptr"/>
<opset="dst_5_addr/6 "/>
</bind>
</comp>

<comp id="947" class="1004" name="dst_13_addr_gep_fu_947">
<pin_list>
<pin id="948" dir="0" index="0" bw="12" slack="0"/>
<pin id="949" dir="0" index="1" bw="1" slack="0"/>
<pin id="950" dir="0" index="2" bw="4" slack="5"/>
<pin id="951" dir="1" index="3" bw="4" slack="0"/>
</pin_list>
<bind>
<opcode="getelementptr(29) " fcode="getelementptr"/>
<opset="dst_13_addr/6 "/>
</bind>
</comp>

<comp id="954" class="1004" name="dst_5_addr_2_gep_fu_954">
<pin_list>
<pin id="955" dir="0" index="0" bw="12" slack="0"/>
<pin id="956" dir="0" index="1" bw="1" slack="0"/>
<pin id="957" dir="0" index="2" bw="4" slack="5"/>
<pin id="958" dir="1" index="3" bw="4" slack="0"/>
</pin_list>
<bind>
<opcode="getelementptr(29) " fcode="getelementptr"/>
<opset="dst_5_addr_2/6 "/>
</bind>
</comp>

<comp id="961" class="1004" name="dst_13_addr_2_gep_fu_961">
<pin_list>
<pin id="962" dir="0" index="0" bw="12" slack="0"/>
<pin id="963" dir="0" index="1" bw="1" slack="0"/>
<pin id="964" dir="0" index="2" bw="4" slack="5"/>
<pin id="965" dir="1" index="3" bw="4" slack="0"/>
</pin_list>
<bind>
<opcode="getelementptr(29) " fcode="getelementptr"/>
<opset="dst_13_addr_2/6 "/>
</bind>
</comp>

<comp id="968" class="1004" name="dst_6_addr_gep_fu_968">
<pin_list>
<pin id="969" dir="0" index="0" bw="12" slack="0"/>
<pin id="970" dir="0" index="1" bw="1" slack="0"/>
<pin id="971" dir="0" index="2" bw="4" slack="5"/>
<pin id="972" dir="1" index="3" bw="4" slack="0"/>
</pin_list>
<bind>
<opcode="getelementptr(29) " fcode="getelementptr"/>
<opset="dst_6_addr/6 "/>
</bind>
</comp>

<comp id="975" class="1004" name="dst_14_addr_gep_fu_975">
<pin_list>
<pin id="976" dir="0" index="0" bw="12" slack="0"/>
<pin id="977" dir="0" index="1" bw="1" slack="0"/>
<pin id="978" dir="0" index="2" bw="4" slack="5"/>
<pin id="979" dir="1" index="3" bw="4" slack="0"/>
</pin_list>
<bind>
<opcode="getelementptr(29) " fcode="getelementptr"/>
<opset="dst_14_addr/6 "/>
</bind>
</comp>

<comp id="982" class="1004" name="dst_6_addr_2_gep_fu_982">
<pin_list>
<pin id="983" dir="0" index="0" bw="12" slack="0"/>
<pin id="984" dir="0" index="1" bw="1" slack="0"/>
<pin id="985" dir="0" index="2" bw="4" slack="5"/>
<pin id="986" dir="1" index="3" bw="4" slack="0"/>
</pin_list>
<bind>
<opcode="getelementptr(29) " fcode="getelementptr"/>
<opset="dst_6_addr_2/6 "/>
</bind>
</comp>

<comp id="989" class="1004" name="dst_14_addr_2_gep_fu_989">
<pin_list>
<pin id="990" dir="0" index="0" bw="12" slack="0"/>
<pin id="991" dir="0" index="1" bw="1" slack="0"/>
<pin id="992" dir="0" index="2" bw="4" slack="5"/>
<pin id="993" dir="1" index="3" bw="4" slack="0"/>
</pin_list>
<bind>
<opcode="getelementptr(29) " fcode="getelementptr"/>
<opset="dst_14_addr_2/6 "/>
</bind>
</comp>

<comp id="996" class="1004" name="dst_7_addr_gep_fu_996">
<pin_list>
<pin id="997" dir="0" index="0" bw="12" slack="0"/>
<pin id="998" dir="0" index="1" bw="1" slack="0"/>
<pin id="999" dir="0" index="2" bw="4" slack="5"/>
<pin id="1000" dir="1" index="3" bw="4" slack="0"/>
</pin_list>
<bind>
<opcode="getelementptr(29) " fcode="getelementptr"/>
<opset="dst_7_addr/6 "/>
</bind>
</comp>

<comp id="1003" class="1004" name="dst_15_addr_gep_fu_1003">
<pin_list>
<pin id="1004" dir="0" index="0" bw="12" slack="0"/>
<pin id="1005" dir="0" index="1" bw="1" slack="0"/>
<pin id="1006" dir="0" index="2" bw="4" slack="5"/>
<pin id="1007" dir="1" index="3" bw="4" slack="0"/>
</pin_list>
<bind>
<opcode="getelementptr(29) " fcode="getelementptr"/>
<opset="dst_15_addr/6 "/>
</bind>
</comp>

<comp id="1010" class="1004" name="dst_7_addr_2_gep_fu_1010">
<pin_list>
<pin id="1011" dir="0" index="0" bw="12" slack="0"/>
<pin id="1012" dir="0" index="1" bw="1" slack="0"/>
<pin id="1013" dir="0" index="2" bw="4" slack="5"/>
<pin id="1014" dir="1" index="3" bw="4" slack="0"/>
</pin_list>
<bind>
<opcode="getelementptr(29) " fcode="getelementptr"/>
<opset="dst_7_addr_2/6 "/>
</bind>
</comp>

<comp id="1017" class="1004" name="dst_15_addr_2_gep_fu_1017">
<pin_list>
<pin id="1018" dir="0" index="0" bw="12" slack="0"/>
<pin id="1019" dir="0" index="1" bw="1" slack="0"/>
<pin id="1020" dir="0" index="2" bw="4" slack="5"/>
<pin id="1021" dir="1" index="3" bw="4" slack="0"/>
</pin_list>
<bind>
<opcode="getelementptr(29) " fcode="getelementptr"/>
<opset="dst_15_addr_2/6 "/>
</bind>
</comp>

<comp id="1024" class="1004" name="grp_access_fu_1024">
<pin_list>
<pin id="1025" dir="0" index="0" bw="4" slack="0"/>
<pin id="1026" dir="0" index="1" bw="12" slack="0"/>
<pin id="1027" dir="0" index="2" bw="0" slack="0"/>
<pin id="1029" dir="0" index="4" bw="4" slack="4"/>
<pin id="1030" dir="0" index="5" bw="12" slack="2147483647"/>
<pin id="1031" dir="0" index="6" bw="0" slack="2147483647"/>
<pin id="1028" dir="1" index="3" bw="12" slack="2147483647"/>
<pin id="1032" dir="1" index="7" bw="12" slack="2147483647"/>
</pin_list>
<bind>
<opcode="store(28) " fcode="store"/>
<opset="store_ln118/6 store_ln119/6 "/>
</bind>
</comp>

<comp id="1035" class="1004" name="grp_access_fu_1035">
<pin_list>
<pin id="1036" dir="0" index="0" bw="4" slack="0"/>
<pin id="1037" dir="0" index="1" bw="12" slack="0"/>
<pin id="1038" dir="0" index="2" bw="0" slack="0"/>
<pin id="1040" dir="0" index="4" bw="4" slack="4"/>
<pin id="1041" dir="0" index="5" bw="12" slack="2147483647"/>
<pin id="1042" dir="0" index="6" bw="0" slack="2147483647"/>
<pin id="1039" dir="1" index="3" bw="12" slack="2147483647"/>
<pin id="1043" dir="1" index="7" bw="12" slack="2147483647"/>
</pin_list>
<bind>
<opcode="store(28) " fcode="store"/>
<opset="store_ln118/6 store_ln119/6 "/>
</bind>
</comp>

<comp id="1046" class="1004" name="grp_access_fu_1046">
<pin_list>
<pin id="1047" dir="0" index="0" bw="4" slack="0"/>
<pin id="1048" dir="0" index="1" bw="12" slack="0"/>
<pin id="1049" dir="0" index="2" bw="0" slack="0"/>
<pin id="1051" dir="0" index="4" bw="4" slack="4"/>
<pin id="1052" dir="0" index="5" bw="12" slack="2147483647"/>
<pin id="1053" dir="0" index="6" bw="0" slack="2147483647"/>
<pin id="1050" dir="1" index="3" bw="12" slack="2147483647"/>
<pin id="1054" dir="1" index="7" bw="12" slack="2147483647"/>
</pin_list>
<bind>
<opcode="store(28) " fcode="store"/>
<opset="store_ln118/6 store_ln119/6 "/>
</bind>
</comp>

<comp id="1056" class="1004" name="grp_access_fu_1056">
<pin_list>
<pin id="1057" dir="0" index="0" bw="4" slack="0"/>
<pin id="1058" dir="0" index="1" bw="12" slack="0"/>
<pin id="1059" dir="0" index="2" bw="0" slack="0"/>
<pin id="1061" dir="0" index="4" bw="4" slack="4"/>
<pin id="1062" dir="0" index="5" bw="12" slack="2147483647"/>
<pin id="1063" dir="0" index="6" bw="0" slack="2147483647"/>
<pin id="1060" dir="1" index="3" bw="12" slack="2147483647"/>
<pin id="1064" dir="1" index="7" bw="12" slack="2147483647"/>
</pin_list>
<bind>
<opcode="store(28) " fcode="store"/>
<opset="store_ln118/6 store_ln119/6 "/>
</bind>
</comp>

<comp id="1066" class="1004" name="grp_access_fu_1066">
<pin_list>
<pin id="1067" dir="0" index="0" bw="4" slack="0"/>
<pin id="1068" dir="0" index="1" bw="12" slack="0"/>
<pin id="1069" dir="0" index="2" bw="0" slack="0"/>
<pin id="1071" dir="0" index="4" bw="4" slack="4"/>
<pin id="1072" dir="0" index="5" bw="12" slack="2147483647"/>
<pin id="1073" dir="0" index="6" bw="0" slack="2147483647"/>
<pin id="1070" dir="1" index="3" bw="12" slack="2147483647"/>
<pin id="1074" dir="1" index="7" bw="12" slack="2147483647"/>
</pin_list>
<bind>
<opcode="store(28) " fcode="store"/>
<opset="store_ln118/6 store_ln119/6 "/>
</bind>
</comp>

<comp id="1076" class="1004" name="grp_access_fu_1076">
<pin_list>
<pin id="1077" dir="0" index="0" bw="4" slack="0"/>
<pin id="1078" dir="0" index="1" bw="12" slack="0"/>
<pin id="1079" dir="0" index="2" bw="0" slack="0"/>
<pin id="1081" dir="0" index="4" bw="4" slack="4"/>
<pin id="1082" dir="0" index="5" bw="12" slack="2147483647"/>
<pin id="1083" dir="0" index="6" bw="0" slack="2147483647"/>
<pin id="1080" dir="1" index="3" bw="12" slack="2147483647"/>
<pin id="1084" dir="1" index="7" bw="12" slack="2147483647"/>
</pin_list>
<bind>
<opcode="store(28) " fcode="store"/>
<opset="store_ln118/6 store_ln119/6 "/>
</bind>
</comp>

<comp id="1086" class="1004" name="grp_access_fu_1086">
<pin_list>
<pin id="1087" dir="0" index="0" bw="4" slack="0"/>
<pin id="1088" dir="0" index="1" bw="12" slack="0"/>
<pin id="1089" dir="0" index="2" bw="0" slack="0"/>
<pin id="1091" dir="0" index="4" bw="4" slack="4"/>
<pin id="1092" dir="0" index="5" bw="12" slack="2147483647"/>
<pin id="1093" dir="0" index="6" bw="0" slack="2147483647"/>
<pin id="1090" dir="1" index="3" bw="12" slack="2147483647"/>
<pin id="1094" dir="1" index="7" bw="12" slack="2147483647"/>
</pin_list>
<bind>
<opcode="store(28) " fcode="store"/>
<opset="store_ln118/6 store_ln119/6 "/>
</bind>
</comp>

<comp id="1096" class="1004" name="grp_access_fu_1096">
<pin_list>
<pin id="1097" dir="0" index="0" bw="4" slack="0"/>
<pin id="1098" dir="0" index="1" bw="12" slack="0"/>
<pin id="1099" dir="0" index="2" bw="0" slack="0"/>
<pin id="1101" dir="0" index="4" bw="4" slack="4"/>
<pin id="1102" dir="0" index="5" bw="12" slack="2147483647"/>
<pin id="1103" dir="0" index="6" bw="0" slack="2147483647"/>
<pin id="1100" dir="1" index="3" bw="12" slack="2147483647"/>
<pin id="1104" dir="1" index="7" bw="12" slack="2147483647"/>
</pin_list>
<bind>
<opcode="store(28) " fcode="store"/>
<opset="store_ln118/6 store_ln119/6 "/>
</bind>
</comp>

<comp id="1106" class="1004" name="grp_access_fu_1106">
<pin_list>
<pin id="1107" dir="0" index="0" bw="4" slack="0"/>
<pin id="1108" dir="0" index="1" bw="12" slack="0"/>
<pin id="1109" dir="0" index="2" bw="0" slack="0"/>
<pin id="1111" dir="0" index="4" bw="4" slack="4"/>
<pin id="1112" dir="0" index="5" bw="12" slack="2147483647"/>
<pin id="1113" dir="0" index="6" bw="0" slack="2147483647"/>
<pin id="1110" dir="1" index="3" bw="12" slack="2147483647"/>
<pin id="1114" dir="1" index="7" bw="12" slack="2147483647"/>
</pin_list>
<bind>
<opcode="store(28) " fcode="store"/>
<opset="store_ln118/6 store_ln119/6 "/>
</bind>
</comp>

<comp id="1116" class="1004" name="grp_access_fu_1116">
<pin_list>
<pin id="1117" dir="0" index="0" bw="4" slack="0"/>
<pin id="1118" dir="0" index="1" bw="12" slack="0"/>
<pin id="1119" dir="0" index="2" bw="0" slack="0"/>
<pin id="1121" dir="0" index="4" bw="4" slack="4"/>
<pin id="1122" dir="0" index="5" bw="12" slack="2147483647"/>
<pin id="1123" dir="0" index="6" bw="0" slack="2147483647"/>
<pin id="1120" dir="1" index="3" bw="12" slack="2147483647"/>
<pin id="1124" dir="1" index="7" bw="12" slack="2147483647"/>
</pin_list>
<bind>
<opcode="store(28) " fcode="store"/>
<opset="store_ln118/6 store_ln119/6 "/>
</bind>
</comp>

<comp id="1126" class="1004" name="grp_access_fu_1126">
<pin_list>
<pin id="1127" dir="0" index="0" bw="4" slack="0"/>
<pin id="1128" dir="0" index="1" bw="12" slack="0"/>
<pin id="1129" dir="0" index="2" bw="0" slack="0"/>
<pin id="1131" dir="0" index="4" bw="4" slack="4"/>
<pin id="1132" dir="0" index="5" bw="12" slack="2147483647"/>
<pin id="1133" dir="0" index="6" bw="0" slack="2147483647"/>
<pin id="1130" dir="1" index="3" bw="12" slack="2147483647"/>
<pin id="1134" dir="1" index="7" bw="12" slack="2147483647"/>
</pin_list>
<bind>
<opcode="store(28) " fcode="store"/>
<opset="store_ln118/6 store_ln119/6 "/>
</bind>
</comp>

<comp id="1136" class="1004" name="grp_access_fu_1136">
<pin_list>
<pin id="1137" dir="0" index="0" bw="4" slack="0"/>
<pin id="1138" dir="0" index="1" bw="12" slack="0"/>
<pin id="1139" dir="0" index="2" bw="0" slack="0"/>
<pin id="1141" dir="0" index="4" bw="4" slack="4"/>
<pin id="1142" dir="0" index="5" bw="12" slack="2147483647"/>
<pin id="1143" dir="0" index="6" bw="0" slack="2147483647"/>
<pin id="1140" dir="1" index="3" bw="12" slack="2147483647"/>
<pin id="1144" dir="1" index="7" bw="12" slack="2147483647"/>
</pin_list>
<bind>
<opcode="store(28) " fcode="store"/>
<opset="store_ln118/6 store_ln119/6 "/>
</bind>
</comp>

<comp id="1146" class="1004" name="grp_access_fu_1146">
<pin_list>
<pin id="1147" dir="0" index="0" bw="4" slack="0"/>
<pin id="1148" dir="0" index="1" bw="12" slack="0"/>
<pin id="1149" dir="0" index="2" bw="0" slack="0"/>
<pin id="1151" dir="0" index="4" bw="4" slack="4"/>
<pin id="1152" dir="0" index="5" bw="12" slack="2147483647"/>
<pin id="1153" dir="0" index="6" bw="0" slack="2147483647"/>
<pin id="1150" dir="1" index="3" bw="12" slack="2147483647"/>
<pin id="1154" dir="1" index="7" bw="12" slack="2147483647"/>
</pin_list>
<bind>
<opcode="store(28) " fcode="store"/>
<opset="store_ln118/6 store_ln119/6 "/>
</bind>
</comp>

<comp id="1156" class="1004" name="grp_access_fu_1156">
<pin_list>
<pin id="1157" dir="0" index="0" bw="4" slack="0"/>
<pin id="1158" dir="0" index="1" bw="12" slack="0"/>
<pin id="1159" dir="0" index="2" bw="0" slack="0"/>
<pin id="1161" dir="0" index="4" bw="4" slack="4"/>
<pin id="1162" dir="0" index="5" bw="12" slack="2147483647"/>
<pin id="1163" dir="0" index="6" bw="0" slack="2147483647"/>
<pin id="1160" dir="1" index="3" bw="12" slack="2147483647"/>
<pin id="1164" dir="1" index="7" bw="12" slack="2147483647"/>
</pin_list>
<bind>
<opcode="store(28) " fcode="store"/>
<opset="store_ln118/6 store_ln119/6 "/>
</bind>
</comp>

<comp id="1166" class="1004" name="grp_access_fu_1166">
<pin_list>
<pin id="1167" dir="0" index="0" bw="4" slack="0"/>
<pin id="1168" dir="0" index="1" bw="12" slack="0"/>
<pin id="1169" dir="0" index="2" bw="0" slack="0"/>
<pin id="1171" dir="0" index="4" bw="4" slack="4"/>
<pin id="1172" dir="0" index="5" bw="12" slack="2147483647"/>
<pin id="1173" dir="0" index="6" bw="0" slack="2147483647"/>
<pin id="1170" dir="1" index="3" bw="12" slack="2147483647"/>
<pin id="1174" dir="1" index="7" bw="12" slack="2147483647"/>
</pin_list>
<bind>
<opcode="store(28) " fcode="store"/>
<opset="store_ln118/6 store_ln119/6 "/>
</bind>
</comp>

<comp id="1176" class="1004" name="grp_access_fu_1176">
<pin_list>
<pin id="1177" dir="0" index="0" bw="4" slack="0"/>
<pin id="1178" dir="0" index="1" bw="12" slack="0"/>
<pin id="1179" dir="0" index="2" bw="0" slack="0"/>
<pin id="1181" dir="0" index="4" bw="4" slack="4"/>
<pin id="1182" dir="0" index="5" bw="12" slack="2147483647"/>
<pin id="1183" dir="0" index="6" bw="0" slack="2147483647"/>
<pin id="1180" dir="1" index="3" bw="12" slack="2147483647"/>
<pin id="1184" dir="1" index="7" bw="12" slack="2147483647"/>
</pin_list>
<bind>
<opcode="store(28) " fcode="store"/>
<opset="store_ln118/6 store_ln119/6 "/>
</bind>
</comp>

<comp id="1200" class="1004" name="grp_fu_1200">
<pin_list>
<pin id="1201" dir="0" index="0" bw="32" slack="0"/>
<pin id="1202" dir="0" index="1" bw="16" slack="0"/>
<pin id="1203" dir="1" index="2" bw="48" slack="0"/>
</pin_list>
<bind>
<opcode="mul(12) " fcode="mul"/>
<opset="xm/2 "/>
</bind>
</comp>

<comp id="1204" class="1004" name="grp_fu_1204">
<pin_list>
<pin id="1205" dir="0" index="0" bw="32" slack="0"/>
<pin id="1206" dir="0" index="1" bw="16" slack="0"/>
<pin id="1207" dir="1" index="2" bw="48" slack="0"/>
</pin_list>
<bind>
<opcode="mul(12) " fcode="mul"/>
<opset="xm_47/2 "/>
</bind>
</comp>

<comp id="1208" class="1004" name="grp_fu_1208">
<pin_list>
<pin id="1209" dir="0" index="0" bw="32" slack="0"/>
<pin id="1210" dir="0" index="1" bw="16" slack="0"/>
<pin id="1211" dir="1" index="2" bw="48" slack="0"/>
</pin_list>
<bind>
<opcode="mul(12) " fcode="mul"/>
<opset="xm_48/2 "/>
</bind>
</comp>

<comp id="1212" class="1004" name="grp_fu_1212">
<pin_list>
<pin id="1213" dir="0" index="0" bw="32" slack="0"/>
<pin id="1214" dir="0" index="1" bw="16" slack="0"/>
<pin id="1215" dir="1" index="2" bw="48" slack="0"/>
</pin_list>
<bind>
<opcode="mul(12) " fcode="mul"/>
<opset="xm_49/2 "/>
</bind>
</comp>

<comp id="1216" class="1004" name="grp_fu_1216">
<pin_list>
<pin id="1217" dir="0" index="0" bw="32" slack="0"/>
<pin id="1218" dir="0" index="1" bw="16" slack="0"/>
<pin id="1219" dir="1" index="2" bw="48" slack="0"/>
</pin_list>
<bind>
<opcode="mul(12) " fcode="mul"/>
<opset="xm_50/2 "/>
</bind>
</comp>

<comp id="1220" class="1004" name="grp_fu_1220">
<pin_list>
<pin id="1221" dir="0" index="0" bw="32" slack="0"/>
<pin id="1222" dir="0" index="1" bw="16" slack="0"/>
<pin id="1223" dir="1" index="2" bw="48" slack="0"/>
</pin_list>
<bind>
<opcode="mul(12) " fcode="mul"/>
<opset="xm_51/2 "/>
</bind>
</comp>

<comp id="1224" class="1004" name="grp_fu_1224">
<pin_list>
<pin id="1225" dir="0" index="0" bw="32" slack="0"/>
<pin id="1226" dir="0" index="1" bw="16" slack="0"/>
<pin id="1227" dir="1" index="2" bw="48" slack="0"/>
</pin_list>
<bind>
<opcode="mul(12) " fcode="mul"/>
<opset="xm_52/2 "/>
</bind>
</comp>

<comp id="1228" class="1004" name="grp_fu_1228">
<pin_list>
<pin id="1229" dir="0" index="0" bw="32" slack="0"/>
<pin id="1230" dir="0" index="1" bw="16" slack="0"/>
<pin id="1231" dir="1" index="2" bw="48" slack="0"/>
</pin_list>
<bind>
<opcode="mul(12) " fcode="mul"/>
<opset="xm_46/2 "/>
</bind>
</comp>

<comp id="1232" class="1004" name="grp_fu_1232">
<pin_list>
<pin id="1233" dir="0" index="0" bw="32" slack="0"/>
<pin id="1234" dir="0" index="1" bw="13" slack="0"/>
<pin id="1235" dir="1" index="2" bw="32" slack="0"/>
</pin_list>
<bind>
<opcode="mul(12) " fcode="mul"/>
<opset="qq/4 "/>
</bind>
</comp>

<comp id="1237" class="1004" name="grp_fu_1237">
<pin_list>
<pin id="1238" dir="0" index="0" bw="32" slack="0"/>
<pin id="1239" dir="0" index="1" bw="13" slack="0"/>
<pin id="1240" dir="1" index="2" bw="32" slack="0"/>
</pin_list>
<bind>
<opcode="mul(12) " fcode="mul"/>
<opset="qq_47/4 "/>
</bind>
</comp>

<comp id="1242" class="1004" name="grp_fu_1242">
<pin_list>
<pin id="1243" dir="0" index="0" bw="32" slack="0"/>
<pin id="1244" dir="0" index="1" bw="13" slack="0"/>
<pin id="1245" dir="1" index="2" bw="32" slack="0"/>
</pin_list>
<bind>
<opcode="mul(12) " fcode="mul"/>
<opset="qq_48/4 "/>
</bind>
</comp>

<comp id="1247" class="1004" name="grp_fu_1247">
<pin_list>
<pin id="1248" dir="0" index="0" bw="32" slack="0"/>
<pin id="1249" dir="0" index="1" bw="13" slack="0"/>
<pin id="1250" dir="1" index="2" bw="32" slack="0"/>
</pin_list>
<bind>
<opcode="mul(12) " fcode="mul"/>
<opset="qq_49/4 "/>
</bind>
</comp>

<comp id="1252" class="1004" name="grp_fu_1252">
<pin_list>
<pin id="1253" dir="0" index="0" bw="32" slack="0"/>
<pin id="1254" dir="0" index="1" bw="13" slack="0"/>
<pin id="1255" dir="1" index="2" bw="32" slack="0"/>
</pin_list>
<bind>
<opcode="mul(12) " fcode="mul"/>
<opset="qq_50/4 "/>
</bind>
</comp>

<comp id="1257" class="1004" name="grp_fu_1257">
<pin_list>
<pin id="1258" dir="0" index="0" bw="32" slack="0"/>
<pin id="1259" dir="0" index="1" bw="13" slack="0"/>
<pin id="1260" dir="1" index="2" bw="32" slack="0"/>
</pin_list>
<bind>
<opcode="mul(12) " fcode="mul"/>
<opset="qq_51/4 "/>
</bind>
</comp>

<comp id="1262" class="1004" name="grp_fu_1262">
<pin_list>
<pin id="1263" dir="0" index="0" bw="32" slack="0"/>
<pin id="1264" dir="0" index="1" bw="13" slack="0"/>
<pin id="1265" dir="1" index="2" bw="32" slack="0"/>
</pin_list>
<bind>
<opcode="mul(12) " fcode="mul"/>
<opset="qq_52/4 "/>
</bind>
</comp>

<comp id="1267" class="1004" name="grp_fu_1267">
<pin_list>
<pin id="1268" dir="0" index="0" bw="32" slack="0"/>
<pin id="1269" dir="0" index="1" bw="13" slack="0"/>
<pin id="1270" dir="1" index="2" bw="32" slack="0"/>
</pin_list>
<bind>
<opcode="mul(12) " fcode="mul"/>
<opset="qq_46/4 "/>
</bind>
</comp>

<comp id="1272" class="1004" name="store_ln111_store_fu_1272">
<pin_list>
<pin id="1273" dir="0" index="0" bw="1" slack="0"/>
<pin id="1274" dir="0" index="1" bw="8" slack="0"/>
<pin id="1275" dir="1" index="2" bw="0" slack="2147483647"/>
</pin_list>
<bind>
<opcode="store(28) " fcode="store"/>
<opset="store_ln111/1 "/>
</bind>
</comp>

<comp id="1277" class="1004" name="m_load_fu_1277">
<pin_list>
<pin id="1278" dir="0" index="0" bw="8" slack="0"/>
<pin id="1279" dir="1" index="1" bw="8" slack="0"/>
</pin_list>
<bind>
<opcode="load(27) " fcode="load"/>
<opset="m/1 "/>
</bind>
</comp>

<comp id="1280" class="1004" name="tmp_3_fu_1280">
<pin_list>
<pin id="1281" dir="0" index="0" bw="1" slack="0"/>
<pin id="1282" dir="0" index="1" bw="8" slack="0"/>
<pin id="1283" dir="0" index="2" bw="4" slack="0"/>
<pin id="1284" dir="1" index="3" bw="1" slack="4"/>
</pin_list>
<bind>
<opcode="bitselect(1000) " fcode="bitselect"/>
<opset="tmp_3/1 "/>
</bind>
</comp>

<comp id="1288" class="1004" name="trunc_ln107_fu_1288">
<pin_list>
<pin id="1289" dir="0" index="0" bw="8" slack="0"/>
<pin id="1290" dir="1" index="1" bw="4" slack="0"/>
</pin_list>
<bind>
<opcode="trunc(33) " fcode="trunc"/>
<opset="trunc_ln107/1 "/>
</bind>
</comp>

<comp id="1292" class="1004" name="lshr_ln_fu_1292">
<pin_list>
<pin id="1293" dir="0" index="0" bw="5" slack="0"/>
<pin id="1294" dir="0" index="1" bw="8" slack="0"/>
<pin id="1295" dir="0" index="2" bw="3" slack="0"/>
<pin id="1296" dir="0" index="3" bw="4" slack="0"/>
<pin id="1297" dir="1" index="4" bw="5" slack="0"/>
</pin_list>
<bind>
<opcode="partselect(1002) " fcode="partselect"/>
<opset="lshr_ln/1 "/>
</bind>
</comp>

<comp id="1302" class="1004" name="zext_ln107_fu_1302">
<pin_list>
<pin id="1303" dir="0" index="0" bw="5" slack="0"/>
<pin id="1304" dir="1" index="1" bw="64" slack="0"/>
</pin_list>
<bind>
<opcode="zext(34) " fcode="zext"/>
<opset="zext_ln107/1 "/>
</bind>
</comp>

<comp id="1314" class="1004" name="tmp_fu_1314">
<pin_list>
<pin id="1315" dir="0" index="0" bw="2" slack="0"/>
<pin id="1316" dir="0" index="1" bw="8" slack="0"/>
<pin id="1317" dir="0" index="2" bw="4" slack="0"/>
<pin id="1318" dir="0" index="3" bw="4" slack="0"/>
<pin id="1319" dir="1" index="4" bw="2" slack="0"/>
</pin_list>
<bind>
<opcode="partselect(1002) " fcode="partselect"/>
<opset="tmp/1 "/>
</bind>
</comp>

<comp id="1324" class="1004" name="tmp_4_fu_1324">
<pin_list>
<pin id="1325" dir="0" index="0" bw="1" slack="0"/>
<pin id="1326" dir="0" index="1" bw="8" slack="0"/>
<pin id="1327" dir="0" index="2" bw="4" slack="0"/>
<pin id="1328" dir="1" index="3" bw="1" slack="0"/>
</pin_list>
<bind>
<opcode="bitselect(1000) " fcode="bitselect"/>
<opset="tmp_4/1 "/>
</bind>
</comp>

<comp id="1332" class="1004" name="lshr_ln3_fu_1332">
<pin_list>
<pin id="1333" dir="0" index="0" bw="4" slack="0"/>
<pin id="1334" dir="0" index="1" bw="2" slack="0"/>
<pin id="1335" dir="0" index="2" bw="1" slack="0"/>
<pin id="1336" dir="0" index="3" bw="1" slack="0"/>
<pin id="1337" dir="1" index="4" bw="4" slack="0"/>
</pin_list>
<bind>
<opcode="bitconcatenate(1004) " fcode="bitconcatenate"/>
<opset="lshr_ln3/1 "/>
</bind>
</comp>

<comp id="1342" class="1004" name="zext_ln114_fu_1342">
<pin_list>
<pin id="1343" dir="0" index="0" bw="4" slack="0"/>
<pin id="1344" dir="1" index="1" bw="64" slack="0"/>
</pin_list>
<bind>
<opcode="zext(34) " fcode="zext"/>
<opset="zext_ln114/1 "/>
</bind>
</comp>

<comp id="1362" class="1004" name="or_ln115_fu_1362">
<pin_list>
<pin id="1363" dir="0" index="0" bw="4" slack="0"/>
<pin id="1364" dir="0" index="1" bw="3" slack="0"/>
<pin id="1365" dir="1" index="2" bw="4" slack="0"/>
</pin_list>
<bind>
<opcode="or(24) " fcode="or"/>
<opset="or_ln115/1 "/>
</bind>
</comp>

<comp id="1368" class="1004" name="zext_ln115_fu_1368">
<pin_list>
<pin id="1369" dir="0" index="0" bw="4" slack="0"/>
<pin id="1370" dir="1" index="1" bw="64" slack="0"/>
</pin_list>
<bind>
<opcode="zext(34) " fcode="zext"/>
<opset="zext_ln115/1 "/>
</bind>
</comp>

<comp id="1388" class="1004" name="or_ln112_fu_1388">
<pin_list>
<pin id="1389" dir="0" index="0" bw="5" slack="0"/>
<pin id="1390" dir="0" index="1" bw="1" slack="0"/>
<pin id="1391" dir="1" index="2" bw="5" slack="0"/>
</pin_list>
<bind>
<opcode="or(24) " fcode="or"/>
<opset="or_ln112/1 "/>
</bind>
</comp>

<comp id="1394" class="1004" name="zext_ln114_2_fu_1394">
<pin_list>
<pin id="1395" dir="0" index="0" bw="5" slack="0"/>
<pin id="1396" dir="1" index="1" bw="64" slack="0"/>
</pin_list>
<bind>
<opcode="zext(34) " fcode="zext"/>
<opset="zext_ln114_2/1 "/>
</bind>
</comp>

<comp id="1406" class="1004" name="icmp_ln118_fu_1406">
<pin_list>
<pin id="1407" dir="0" index="0" bw="4" slack="0"/>
<pin id="1408" dir="0" index="1" bw="1" slack="0"/>
<pin id="1409" dir="1" index="2" bw="1" slack="5"/>
</pin_list>
<bind>
<opcode="icmp(45) " fcode="icmp"/>
<opset="icmp_ln118/1 "/>
</bind>
</comp>

<comp id="1412" class="1004" name="add_ln107_fu_1412">
<pin_list>
<pin id="1413" dir="0" index="0" bw="8" slack="0"/>
<pin id="1414" dir="0" index="1" bw="5" slack="0"/>
<pin id="1415" dir="1" index="2" bw="8" slack="0"/>
</pin_list>
<bind>
<opcode="add(8) " fcode="add"/>
<opset="add_ln107/1 "/>
</bind>
</comp>

<comp id="1418" class="1004" name="store_ln111_store_fu_1418">
<pin_list>
<pin id="1419" dir="0" index="0" bw="8" slack="0"/>
<pin id="1420" dir="0" index="1" bw="8" slack="0"/>
<pin id="1421" dir="1" index="2" bw="0" slack="2147483647"/>
</pin_list>
<bind>
<opcode="store(28) " fcode="store"/>
<opset="store_ln111/1 "/>
</bind>
</comp>

<comp id="1423" class="1004" name="icmp_ln116_fu_1423">
<pin_list>
<pin id="1424" dir="0" index="0" bw="4" slack="1"/>
<pin id="1425" dir="0" index="1" bw="1" slack="0"/>
<pin id="1426" dir="1" index="2" bw="1" slack="0"/>
</pin_list>
<bind>
<opcode="icmp(45) " fcode="icmp"/>
<opset="icmp_ln116/2 "/>
</bind>
</comp>

<comp id="1428" class="1004" name="t_fu_1428">
<pin_list>
<pin id="1429" dir="0" index="0" bw="1" slack="0"/>
<pin id="1430" dir="0" index="1" bw="12" slack="0"/>
<pin id="1431" dir="0" index="2" bw="12" slack="0"/>
<pin id="1432" dir="1" index="3" bw="12" slack="0"/>
</pin_list>
<bind>
<opcode="select(49) " fcode="select"/>
<opset="t/2 "/>
</bind>
</comp>

<comp id="1436" class="1004" name="zext_ln116_fu_1436">
<pin_list>
<pin id="1437" dir="0" index="0" bw="12" slack="0"/>
<pin id="1438" dir="1" index="1" bw="14" slack="0"/>
</pin_list>
<bind>
<opcode="zext(34) " fcode="zext"/>
<opset="zext_ln116/2 "/>
</bind>
</comp>

<comp id="1440" class="1004" name="zext_ln116_7_fu_1440">
<pin_list>
<pin id="1441" dir="0" index="0" bw="12" slack="0"/>
<pin id="1442" dir="1" index="1" bw="13" slack="0"/>
</pin_list>
<bind>
<opcode="zext(34) " fcode="zext"/>
<opset="zext_ln116_7/2 "/>
</bind>
</comp>

<comp id="1444" class="1004" name="v_fu_1444">
<pin_list>
<pin id="1445" dir="0" index="0" bw="1" slack="0"/>
<pin id="1446" dir="0" index="1" bw="12" slack="0"/>
<pin id="1447" dir="0" index="2" bw="12" slack="0"/>
<pin id="1448" dir="1" index="3" bw="12" slack="0"/>
</pin_list>
<bind>
<opcode="select(49) " fcode="select"/>
<opset="v/2 "/>
</bind>
</comp>

<comp id="1452" class="1004" name="zext_ln117_fu_1452">
<pin_list>
<pin id="1453" dir="0" index="0" bw="12" slack="0"/>
<pin id="1454" dir="1" index="1" bw="13" slack="0"/>
</pin_list>
<bind>
<opcode="zext(34) " fcode="zext"/>
<opset="zext_ln117/2 "/>
</bind>
</comp>

<comp id="1456" class="1004" name="s_fu_1456">
<pin_list>
<pin id="1457" dir="0" index="0" bw="12" slack="0"/>
<pin id="1458" dir="0" index="1" bw="12" slack="0"/>
<pin id="1459" dir="1" index="2" bw="13" slack="0"/>
</pin_list>
<bind>
<opcode="add(8) " fcode="add"/>
<opset="s/2 "/>
</bind>
</comp>

<comp id="1462" class="1004" name="icmp_ln48_fu_1462">
<pin_list>
<pin id="1463" dir="0" index="0" bw="13" slack="0"/>
<pin id="1464" dir="0" index="1" bw="13" slack="0"/>
<pin id="1465" dir="1" index="2" bw="1" slack="0"/>
</pin_list>
<bind>
<opcode="icmp(45) " fcode="icmp"/>
<opset="icmp_ln48/2 "/>
</bind>
</comp>

<comp id="1468" class="1004" name="trunc_ln48_fu_1468">
<pin_list>
<pin id="1469" dir="0" index="0" bw="13" slack="0"/>
<pin id="1470" dir="1" index="1" bw="12" slack="0"/>
</pin_list>
<bind>
<opcode="trunc(33) " fcode="trunc"/>
<opset="trunc_ln48/2 "/>
</bind>
</comp>

<comp id="1472" class="1004" name="add_ln48_fu_1472">
<pin_list>
<pin id="1473" dir="0" index="0" bw="12" slack="0"/>
<pin id="1474" dir="0" index="1" bw="11" slack="0"/>
<pin id="1475" dir="1" index="2" bw="12" slack="0"/>
</pin_list>
<bind>
<opcode="add(8) " fcode="add"/>
<opset="add_ln48/2 "/>
</bind>
</comp>

<comp id="1478" class="1004" name="select_ln48_fu_1478">
<pin_list>
<pin id="1479" dir="0" index="0" bw="1" slack="0"/>
<pin id="1480" dir="0" index="1" bw="12" slack="0"/>
<pin id="1481" dir="0" index="2" bw="12" slack="0"/>
<pin id="1482" dir="1" index="3" bw="12" slack="4"/>
</pin_list>
<bind>
<opcode="select(49) " fcode="select"/>
<opset="select_ln48/2 "/>
</bind>
</comp>

<comp id="1486" class="1004" name="icmp_ln52_fu_1486">
<pin_list>
<pin id="1487" dir="0" index="0" bw="12" slack="0"/>
<pin id="1488" dir="0" index="1" bw="12" slack="0"/>
<pin id="1489" dir="1" index="2" bw="1" slack="0"/>
</pin_list>
<bind>
<opcode="icmp(45) " fcode="icmp"/>
<opset="icmp_ln52/2 "/>
</bind>
</comp>

<comp id="1492" class="1004" name="xor_ln52_fu_1492">
<pin_list>
<pin id="1493" dir="0" index="0" bw="1" slack="0"/>
<pin id="1494" dir="0" index="1" bw="1" slack="0"/>
<pin id="1495" dir="1" index="2" bw="1" slack="0"/>
</pin_list>
<bind>
<opcode="xor(25) " fcode="xor"/>
<opset="xor_ln52/2 "/>
</bind>
</comp>

<comp id="1498" class="1004" name="add_ln52_fu_1498">
<pin_list>
<pin id="1499" dir="0" index="0" bw="12" slack="0"/>
<pin id="1500" dir="0" index="1" bw="13" slack="0"/>
<pin id="1501" dir="1" index="2" bw="13" slack="0"/>
</pin_list>
<bind>
<opcode="add(8) " fcode="add"/>
<opset="add_ln52/2 "/>
</bind>
</comp>

<comp id="1504" class="1004" name="select_ln52_fu_1504">
<pin_list>
<pin id="1505" dir="0" index="0" bw="1" slack="0"/>
<pin id="1506" dir="0" index="1" bw="12" slack="0"/>
<pin id="1507" dir="0" index="2" bw="13" slack="0"/>
<pin id="1508" dir="1" index="3" bw="13" slack="0"/>
</pin_list>
<bind>
<opcode="select(49) " fcode="select"/>
<opset="select_ln52/2 "/>
</bind>
</comp>

<comp id="1512" class="1004" name="zext_ln52_fu_1512">
<pin_list>
<pin id="1513" dir="0" index="0" bw="13" slack="0"/>
<pin id="1514" dir="1" index="1" bw="14" slack="0"/>
</pin_list>
<bind>
<opcode="zext(34) " fcode="zext"/>
<opset="zext_ln52/2 "/>
</bind>
</comp>

<comp id="1516" class="1004" name="sub_ln52_fu_1516">
<pin_list>
<pin id="1517" dir="0" index="0" bw="13" slack="0"/>
<pin id="1518" dir="0" index="1" bw="12" slack="0"/>
<pin id="1519" dir="1" index="2" bw="14" slack="0"/>
</pin_list>
<bind>
<opcode="sub(10) " fcode="sub"/>
<opset="sub_ln52/2 "/>
</bind>
</comp>

<comp id="1522" class="1004" name="sext_ln36_fu_1522">
<pin_list>
<pin id="1523" dir="0" index="0" bw="14" slack="0"/>
<pin id="1524" dir="1" index="1" bw="32" slack="0"/>
</pin_list>
<bind>
<opcode="sext(35) " fcode="sext"/>
<opset="sext_ln36/2 "/>
</bind>
</comp>

<comp id="1526" class="1004" name="zext_ln36_fu_1526">
<pin_list>
<pin id="1527" dir="0" index="0" bw="14" slack="0"/>
<pin id="1528" dir="1" index="1" bw="48" slack="0"/>
</pin_list>
<bind>
<opcode="zext(34) " fcode="zext"/>
<opset="zext_ln36/2 "/>
</bind>
</comp>

<comp id="1531" class="1004" name="zext_ln36_46_fu_1531">
<pin_list>
<pin id="1532" dir="0" index="0" bw="16" slack="0"/>
<pin id="1533" dir="1" index="1" bw="48" slack="0"/>
</pin_list>
<bind>
<opcode="zext(34) " fcode="zext"/>
<opset="zext_ln36_46/2 "/>
</bind>
</comp>

<comp id="1536" class="1004" name="or_ln114_fu_1536">
<pin_list>
<pin id="1537" dir="0" index="0" bw="4" slack="1"/>
<pin id="1538" dir="0" index="1" bw="1" slack="0"/>
<pin id="1539" dir="1" index="2" bw="4" slack="0"/>
</pin_list>
<bind>
<opcode="or(24) " fcode="or"/>
<opset="or_ln114/2 "/>
</bind>
</comp>

<comp id="1541" class="1004" name="zext_ln36_47_fu_1541">
<pin_list>
<pin id="1542" dir="0" index="0" bw="16" slack="0"/>
<pin id="1543" dir="1" index="1" bw="48" slack="0"/>
</pin_list>
<bind>
<opcode="zext(34) " fcode="zext"/>
<opset="zext_ln36_47/2 "/>
</bind>
</comp>

<comp id="1546" class="1004" name="or_ln114_7_fu_1546">
<pin_list>
<pin id="1547" dir="0" index="0" bw="4" slack="1"/>
<pin id="1548" dir="0" index="1" bw="3" slack="0"/>
<pin id="1549" dir="1" index="2" bw="4" slack="0"/>
</pin_list>
<bind>
<opcode="or(24) " fcode="or"/>
<opset="or_ln114_7/2 "/>
</bind>
</comp>

<comp id="1551" class="1004" name="zext_ln36_48_fu_1551">
<pin_list>
<pin id="1552" dir="0" index="0" bw="16" slack="0"/>
<pin id="1553" dir="1" index="1" bw="48" slack="0"/>
</pin_list>
<bind>
<opcode="zext(34) " fcode="zext"/>
<opset="zext_ln36_48/2 "/>
</bind>
</comp>

<comp id="1556" class="1004" name="or_ln114_8_fu_1556">
<pin_list>
<pin id="1557" dir="0" index="0" bw="4" slack="1"/>
<pin id="1558" dir="0" index="1" bw="3" slack="0"/>
<pin id="1559" dir="1" index="2" bw="4" slack="0"/>
</pin_list>
<bind>
<opcode="or(24) " fcode="or"/>
<opset="or_ln114_8/2 "/>
</bind>
</comp>

<comp id="1561" class="1004" name="zext_ln36_49_fu_1561">
<pin_list>
<pin id="1562" dir="0" index="0" bw="16" slack="0"/>
<pin id="1563" dir="1" index="1" bw="48" slack="0"/>
</pin_list>
<bind>
<opcode="zext(34) " fcode="zext"/>
<opset="zext_ln36_49/2 "/>
</bind>
</comp>

<comp id="1566" class="1004" name="or_ln114_9_fu_1566">
<pin_list>
<pin id="1567" dir="0" index="0" bw="4" slack="1"/>
<pin id="1568" dir="0" index="1" bw="4" slack="0"/>
<pin id="1569" dir="1" index="2" bw="4" slack="0"/>
</pin_list>
<bind>
<opcode="or(24) " fcode="or"/>
<opset="or_ln114_9/2 "/>
</bind>
</comp>

<comp id="1571" class="1004" name="zext_ln36_50_fu_1571">
<pin_list>
<pin id="1572" dir="0" index="0" bw="16" slack="0"/>
<pin id="1573" dir="1" index="1" bw="48" slack="0"/>
</pin_list>
<bind>
<opcode="zext(34) " fcode="zext"/>
<opset="zext_ln36_50/2 "/>
</bind>
</comp>

<comp id="1576" class="1004" name="or_ln114_10_fu_1576">
<pin_list>
<pin id="1577" dir="0" index="0" bw="4" slack="1"/>
<pin id="1578" dir="0" index="1" bw="4" slack="0"/>
<pin id="1579" dir="1" index="2" bw="4" slack="0"/>
</pin_list>
<bind>
<opcode="or(24) " fcode="or"/>
<opset="or_ln114_10/2 "/>
</bind>
</comp>

<comp id="1581" class="1004" name="zext_ln36_51_fu_1581">
<pin_list>
<pin id="1582" dir="0" index="0" bw="16" slack="0"/>
<pin id="1583" dir="1" index="1" bw="48" slack="0"/>
</pin_list>
<bind>
<opcode="zext(34) " fcode="zext"/>
<opset="zext_ln36_51/2 "/>
</bind>
</comp>

<comp id="1586" class="1004" name="or_ln114_11_fu_1586">
<pin_list>
<pin id="1587" dir="0" index="0" bw="4" slack="1"/>
<pin id="1588" dir="0" index="1" bw="4" slack="0"/>
<pin id="1589" dir="1" index="2" bw="4" slack="0"/>
</pin_list>
<bind>
<opcode="or(24) " fcode="or"/>
<opset="or_ln114_11/2 "/>
</bind>
</comp>

<comp id="1591" class="1004" name="zext_ln36_52_fu_1591">
<pin_list>
<pin id="1592" dir="0" index="0" bw="16" slack="0"/>
<pin id="1593" dir="1" index="1" bw="48" slack="0"/>
</pin_list>
<bind>
<opcode="zext(34) " fcode="zext"/>
<opset="zext_ln36_52/2 "/>
</bind>
</comp>

<comp id="1596" class="1004" name="or_ln114_12_fu_1596">
<pin_list>
<pin id="1597" dir="0" index="0" bw="4" slack="1"/>
<pin id="1598" dir="0" index="1" bw="4" slack="0"/>
<pin id="1599" dir="1" index="2" bw="4" slack="0"/>
</pin_list>
<bind>
<opcode="or(24) " fcode="or"/>
<opset="or_ln114_12/2 "/>
</bind>
</comp>

<comp id="1601" class="1004" name="icmp_ln116_8_fu_1601">
<pin_list>
<pin id="1602" dir="0" index="0" bw="4" slack="0"/>
<pin id="1603" dir="0" index="1" bw="4" slack="0"/>
<pin id="1604" dir="1" index="2" bw="1" slack="0"/>
</pin_list>
<bind>
<opcode="icmp(45) " fcode="icmp"/>
<opset="icmp_ln116_8/2 "/>
</bind>
</comp>

<comp id="1607" class="1004" name="t_36_fu_1607">
<pin_list>
<pin id="1608" dir="0" index="0" bw="1" slack="0"/>
<pin id="1609" dir="0" index="1" bw="12" slack="0"/>
<pin id="1610" dir="0" index="2" bw="12" slack="0"/>
<pin id="1611" dir="1" index="3" bw="12" slack="0"/>
</pin_list>
<bind>
<opcode="select(49) " fcode="select"/>
<opset="t_36/2 "/>
</bind>
</comp>

<comp id="1615" class="1004" name="zext_ln117_46_fu_1615">
<pin_list>
<pin id="1616" dir="0" index="0" bw="12" slack="0"/>
<pin id="1617" dir="1" index="1" bw="14" slack="0"/>
</pin_list>
<bind>
<opcode="zext(34) " fcode="zext"/>
<opset="zext_ln117_46/2 "/>
</bind>
</comp>

<comp id="1619" class="1004" name="zext_ln117_47_fu_1619">
<pin_list>
<pin id="1620" dir="0" index="0" bw="12" slack="0"/>
<pin id="1621" dir="1" index="1" bw="13" slack="0"/>
</pin_list>
<bind>
<opcode="zext(34) " fcode="zext"/>
<opset="zext_ln117_47/2 "/>
</bind>
</comp>

<comp id="1623" class="1004" name="v_36_fu_1623">
<pin_list>
<pin id="1624" dir="0" index="0" bw="1" slack="0"/>
<pin id="1625" dir="0" index="1" bw="12" slack="0"/>
<pin id="1626" dir="0" index="2" bw="12" slack="0"/>
<pin id="1627" dir="1" index="3" bw="12" slack="0"/>
</pin_list>
<bind>
<opcode="select(49) " fcode="select"/>
<opset="v_36/2 "/>
</bind>
</comp>

<comp id="1631" class="1004" name="zext_ln48_fu_1631">
<pin_list>
<pin id="1632" dir="0" index="0" bw="12" slack="0"/>
<pin id="1633" dir="1" index="1" bw="13" slack="0"/>
</pin_list>
<bind>
<opcode="zext(34) " fcode="zext"/>
<opset="zext_ln48/2 "/>
</bind>
</comp>

<comp id="1635" class="1004" name="s_47_fu_1635">
<pin_list>
<pin id="1636" dir="0" index="0" bw="12" slack="0"/>
<pin id="1637" dir="0" index="1" bw="12" slack="0"/>
<pin id="1638" dir="1" index="2" bw="13" slack="0"/>
</pin_list>
<bind>
<opcode="add(8) " fcode="add"/>
<opset="s_47/2 "/>
</bind>
</comp>

<comp id="1641" class="1004" name="icmp_ln48_22_fu_1641">
<pin_list>
<pin id="1642" dir="0" index="0" bw="13" slack="0"/>
<pin id="1643" dir="0" index="1" bw="13" slack="0"/>
<pin id="1644" dir="1" index="2" bw="1" slack="0"/>
</pin_list>
<bind>
<opcode="icmp(45) " fcode="icmp"/>
<opset="icmp_ln48_22/2 "/>
</bind>
</comp>

<comp id="1647" class="1004" name="trunc_ln48_22_fu_1647">
<pin_list>
<pin id="1648" dir="0" index="0" bw="13" slack="0"/>
<pin id="1649" dir="1" index="1" bw="12" slack="0"/>
</pin_list>
<bind>
<opcode="trunc(33) " fcode="trunc"/>
<opset="trunc_ln48_22/2 "/>
</bind>
</comp>

<comp id="1651" class="1004" name="add_ln48_44_fu_1651">
<pin_list>
<pin id="1652" dir="0" index="0" bw="12" slack="0"/>
<pin id="1653" dir="0" index="1" bw="11" slack="0"/>
<pin id="1654" dir="1" index="2" bw="12" slack="0"/>
</pin_list>
<bind>
<opcode="add(8) " fcode="add"/>
<opset="add_ln48_44/2 "/>
</bind>
</comp>

<comp id="1657" class="1004" name="select_ln48_22_fu_1657">
<pin_list>
<pin id="1658" dir="0" index="0" bw="1" slack="0"/>
<pin id="1659" dir="0" index="1" bw="12" slack="0"/>
<pin id="1660" dir="0" index="2" bw="12" slack="0"/>
<pin id="1661" dir="1" index="3" bw="12" slack="4"/>
</pin_list>
<bind>
<opcode="select(49) " fcode="select"/>
<opset="select_ln48_22/2 "/>
</bind>
</comp>

<comp id="1665" class="1004" name="icmp_ln52_22_fu_1665">
<pin_list>
<pin id="1666" dir="0" index="0" bw="12" slack="0"/>
<pin id="1667" dir="0" index="1" bw="12" slack="0"/>
<pin id="1668" dir="1" index="2" bw="1" slack="0"/>
</pin_list>
<bind>
<opcode="icmp(45) " fcode="icmp"/>
<opset="icmp_ln52_22/2 "/>
</bind>
</comp>

<comp id="1671" class="1004" name="xor_ln52_22_fu_1671">
<pin_list>
<pin id="1672" dir="0" index="0" bw="1" slack="0"/>
<pin id="1673" dir="0" index="1" bw="1" slack="0"/>
<pin id="1674" dir="1" index="2" bw="1" slack="0"/>
</pin_list>
<bind>
<opcode="xor(25) " fcode="xor"/>
<opset="xor_ln52_22/2 "/>
</bind>
</comp>

<comp id="1677" class="1004" name="add_ln52_22_fu_1677">
<pin_list>
<pin id="1678" dir="0" index="0" bw="12" slack="0"/>
<pin id="1679" dir="0" index="1" bw="13" slack="0"/>
<pin id="1680" dir="1" index="2" bw="13" slack="0"/>
</pin_list>
<bind>
<opcode="add(8) " fcode="add"/>
<opset="add_ln52_22/2 "/>
</bind>
</comp>

<comp id="1683" class="1004" name="select_ln52_22_fu_1683">
<pin_list>
<pin id="1684" dir="0" index="0" bw="1" slack="0"/>
<pin id="1685" dir="0" index="1" bw="12" slack="0"/>
<pin id="1686" dir="0" index="2" bw="13" slack="0"/>
<pin id="1687" dir="1" index="3" bw="13" slack="0"/>
</pin_list>
<bind>
<opcode="select(49) " fcode="select"/>
<opset="select_ln52_22/2 "/>
</bind>
</comp>

<comp id="1691" class="1004" name="zext_ln52_22_fu_1691">
<pin_list>
<pin id="1692" dir="0" index="0" bw="13" slack="0"/>
<pin id="1693" dir="1" index="1" bw="14" slack="0"/>
</pin_list>
<bind>
<opcode="zext(34) " fcode="zext"/>
<opset="zext_ln52_22/2 "/>
</bind>
</comp>

<comp id="1695" class="1004" name="sub_ln52_22_fu_1695">
<pin_list>
<pin id="1696" dir="0" index="0" bw="13" slack="0"/>
<pin id="1697" dir="0" index="1" bw="12" slack="0"/>
<pin id="1698" dir="1" index="2" bw="14" slack="0"/>
</pin_list>
<bind>
<opcode="sub(10) " fcode="sub"/>
<opset="sub_ln52_22/2 "/>
</bind>
</comp>

<comp id="1701" class="1004" name="sext_ln36_49_fu_1701">
<pin_list>
<pin id="1702" dir="0" index="0" bw="14" slack="0"/>
<pin id="1703" dir="1" index="1" bw="32" slack="0"/>
</pin_list>
<bind>
<opcode="sext(35) " fcode="sext"/>
<opset="sext_ln36_49/2 "/>
</bind>
</comp>

<comp id="1705" class="1004" name="zext_ln36_53_fu_1705">
<pin_list>
<pin id="1706" dir="0" index="0" bw="14" slack="0"/>
<pin id="1707" dir="1" index="1" bw="48" slack="0"/>
</pin_list>
<bind>
<opcode="zext(34) " fcode="zext"/>
<opset="zext_ln36_53/2 "/>
</bind>
</comp>

<comp id="1710" class="1004" name="icmp_ln116_9_fu_1710">
<pin_list>
<pin id="1711" dir="0" index="0" bw="4" slack="0"/>
<pin id="1712" dir="0" index="1" bw="4" slack="0"/>
<pin id="1713" dir="1" index="2" bw="1" slack="0"/>
</pin_list>
<bind>
<opcode="icmp(45) " fcode="icmp"/>
<opset="icmp_ln116_9/2 "/>
</bind>
</comp>

<comp id="1716" class="1004" name="t_37_fu_1716">
<pin_list>
<pin id="1717" dir="0" index="0" bw="1" slack="0"/>
<pin id="1718" dir="0" index="1" bw="12" slack="0"/>
<pin id="1719" dir="0" index="2" bw="12" slack="0"/>
<pin id="1720" dir="1" index="3" bw="12" slack="0"/>
</pin_list>
<bind>
<opcode="select(49) " fcode="select"/>
<opset="t_37/2 "/>
</bind>
</comp>

<comp id="1724" class="1004" name="zext_ln117_48_fu_1724">
<pin_list>
<pin id="1725" dir="0" index="0" bw="12" slack="0"/>
<pin id="1726" dir="1" index="1" bw="14" slack="0"/>
</pin_list>
<bind>
<opcode="zext(34) " fcode="zext"/>
<opset="zext_ln117_48/2 "/>
</bind>
</comp>

<comp id="1728" class="1004" name="zext_ln117_49_fu_1728">
<pin_list>
<pin id="1729" dir="0" index="0" bw="12" slack="0"/>
<pin id="1730" dir="1" index="1" bw="13" slack="0"/>
</pin_list>
<bind>
<opcode="zext(34) " fcode="zext"/>
<opset="zext_ln117_49/2 "/>
</bind>
</comp>

<comp id="1732" class="1004" name="v_37_fu_1732">
<pin_list>
<pin id="1733" dir="0" index="0" bw="1" slack="0"/>
<pin id="1734" dir="0" index="1" bw="12" slack="0"/>
<pin id="1735" dir="0" index="2" bw="12" slack="0"/>
<pin id="1736" dir="1" index="3" bw="12" slack="0"/>
</pin_list>
<bind>
<opcode="select(49) " fcode="select"/>
<opset="v_37/2 "/>
</bind>
</comp>

<comp id="1740" class="1004" name="zext_ln48_16_fu_1740">
<pin_list>
<pin id="1741" dir="0" index="0" bw="12" slack="0"/>
<pin id="1742" dir="1" index="1" bw="13" slack="0"/>
</pin_list>
<bind>
<opcode="zext(34) " fcode="zext"/>
<opset="zext_ln48_16/2 "/>
</bind>
</comp>

<comp id="1744" class="1004" name="s_48_fu_1744">
<pin_list>
<pin id="1745" dir="0" index="0" bw="12" slack="0"/>
<pin id="1746" dir="0" index="1" bw="12" slack="0"/>
<pin id="1747" dir="1" index="2" bw="13" slack="0"/>
</pin_list>
<bind>
<opcode="add(8) " fcode="add"/>
<opset="s_48/2 "/>
</bind>
</comp>

<comp id="1750" class="1004" name="icmp_ln48_23_fu_1750">
<pin_list>
<pin id="1751" dir="0" index="0" bw="13" slack="0"/>
<pin id="1752" dir="0" index="1" bw="13" slack="0"/>
<pin id="1753" dir="1" index="2" bw="1" slack="0"/>
</pin_list>
<bind>
<opcode="icmp(45) " fcode="icmp"/>
<opset="icmp_ln48_23/2 "/>
</bind>
</comp>

<comp id="1756" class="1004" name="trunc_ln48_23_fu_1756">
<pin_list>
<pin id="1757" dir="0" index="0" bw="13" slack="0"/>
<pin id="1758" dir="1" index="1" bw="12" slack="0"/>
</pin_list>
<bind>
<opcode="trunc(33) " fcode="trunc"/>
<opset="trunc_ln48_23/2 "/>
</bind>
</comp>

<comp id="1760" class="1004" name="add_ln48_46_fu_1760">
<pin_list>
<pin id="1761" dir="0" index="0" bw="12" slack="0"/>
<pin id="1762" dir="0" index="1" bw="11" slack="0"/>
<pin id="1763" dir="1" index="2" bw="12" slack="0"/>
</pin_list>
<bind>
<opcode="add(8) " fcode="add"/>
<opset="add_ln48_46/2 "/>
</bind>
</comp>

<comp id="1766" class="1004" name="select_ln48_23_fu_1766">
<pin_list>
<pin id="1767" dir="0" index="0" bw="1" slack="0"/>
<pin id="1768" dir="0" index="1" bw="12" slack="0"/>
<pin id="1769" dir="0" index="2" bw="12" slack="0"/>
<pin id="1770" dir="1" index="3" bw="12" slack="4"/>
</pin_list>
<bind>
<opcode="select(49) " fcode="select"/>
<opset="select_ln48_23/2 "/>
</bind>
</comp>

<comp id="1774" class="1004" name="icmp_ln52_23_fu_1774">
<pin_list>
<pin id="1775" dir="0" index="0" bw="12" slack="0"/>
<pin id="1776" dir="0" index="1" bw="12" slack="0"/>
<pin id="1777" dir="1" index="2" bw="1" slack="0"/>
</pin_list>
<bind>
<opcode="icmp(45) " fcode="icmp"/>
<opset="icmp_ln52_23/2 "/>
</bind>
</comp>

<comp id="1780" class="1004" name="xor_ln52_23_fu_1780">
<pin_list>
<pin id="1781" dir="0" index="0" bw="1" slack="0"/>
<pin id="1782" dir="0" index="1" bw="1" slack="0"/>
<pin id="1783" dir="1" index="2" bw="1" slack="0"/>
</pin_list>
<bind>
<opcode="xor(25) " fcode="xor"/>
<opset="xor_ln52_23/2 "/>
</bind>
</comp>

<comp id="1786" class="1004" name="add_ln52_23_fu_1786">
<pin_list>
<pin id="1787" dir="0" index="0" bw="12" slack="0"/>
<pin id="1788" dir="0" index="1" bw="13" slack="0"/>
<pin id="1789" dir="1" index="2" bw="13" slack="0"/>
</pin_list>
<bind>
<opcode="add(8) " fcode="add"/>
<opset="add_ln52_23/2 "/>
</bind>
</comp>

<comp id="1792" class="1004" name="select_ln52_23_fu_1792">
<pin_list>
<pin id="1793" dir="0" index="0" bw="1" slack="0"/>
<pin id="1794" dir="0" index="1" bw="12" slack="0"/>
<pin id="1795" dir="0" index="2" bw="13" slack="0"/>
<pin id="1796" dir="1" index="3" bw="13" slack="0"/>
</pin_list>
<bind>
<opcode="select(49) " fcode="select"/>
<opset="select_ln52_23/2 "/>
</bind>
</comp>

<comp id="1800" class="1004" name="zext_ln52_23_fu_1800">
<pin_list>
<pin id="1801" dir="0" index="0" bw="13" slack="0"/>
<pin id="1802" dir="1" index="1" bw="14" slack="0"/>
</pin_list>
<bind>
<opcode="zext(34) " fcode="zext"/>
<opset="zext_ln52_23/2 "/>
</bind>
</comp>

<comp id="1804" class="1004" name="sub_ln52_23_fu_1804">
<pin_list>
<pin id="1805" dir="0" index="0" bw="13" slack="0"/>
<pin id="1806" dir="0" index="1" bw="12" slack="0"/>
<pin id="1807" dir="1" index="2" bw="14" slack="0"/>
</pin_list>
<bind>
<opcode="sub(10) " fcode="sub"/>
<opset="sub_ln52_23/2 "/>
</bind>
</comp>

<comp id="1810" class="1004" name="sext_ln36_51_fu_1810">
<pin_list>
<pin id="1811" dir="0" index="0" bw="14" slack="0"/>
<pin id="1812" dir="1" index="1" bw="32" slack="0"/>
</pin_list>
<bind>
<opcode="sext(35) " fcode="sext"/>
<opset="sext_ln36_51/2 "/>
</bind>
</comp>

<comp id="1814" class="1004" name="zext_ln36_54_fu_1814">
<pin_list>
<pin id="1815" dir="0" index="0" bw="14" slack="0"/>
<pin id="1816" dir="1" index="1" bw="48" slack="0"/>
</pin_list>
<bind>
<opcode="zext(34) " fcode="zext"/>
<opset="zext_ln36_54/2 "/>
</bind>
</comp>

<comp id="1819" class="1004" name="icmp_ln116_10_fu_1819">
<pin_list>
<pin id="1820" dir="0" index="0" bw="4" slack="0"/>
<pin id="1821" dir="0" index="1" bw="4" slack="0"/>
<pin id="1822" dir="1" index="2" bw="1" slack="0"/>
</pin_list>
<bind>
<opcode="icmp(45) " fcode="icmp"/>
<opset="icmp_ln116_10/2 "/>
</bind>
</comp>

<comp id="1825" class="1004" name="t_38_fu_1825">
<pin_list>
<pin id="1826" dir="0" index="0" bw="1" slack="0"/>
<pin id="1827" dir="0" index="1" bw="12" slack="0"/>
<pin id="1828" dir="0" index="2" bw="12" slack="0"/>
<pin id="1829" dir="1" index="3" bw="12" slack="0"/>
</pin_list>
<bind>
<opcode="select(49) " fcode="select"/>
<opset="t_38/2 "/>
</bind>
</comp>

<comp id="1833" class="1004" name="zext_ln117_50_fu_1833">
<pin_list>
<pin id="1834" dir="0" index="0" bw="12" slack="0"/>
<pin id="1835" dir="1" index="1" bw="14" slack="0"/>
</pin_list>
<bind>
<opcode="zext(34) " fcode="zext"/>
<opset="zext_ln117_50/2 "/>
</bind>
</comp>

<comp id="1837" class="1004" name="zext_ln117_51_fu_1837">
<pin_list>
<pin id="1838" dir="0" index="0" bw="12" slack="0"/>
<pin id="1839" dir="1" index="1" bw="13" slack="0"/>
</pin_list>
<bind>
<opcode="zext(34) " fcode="zext"/>
<opset="zext_ln117_51/2 "/>
</bind>
</comp>

<comp id="1841" class="1004" name="v_38_fu_1841">
<pin_list>
<pin id="1842" dir="0" index="0" bw="1" slack="0"/>
<pin id="1843" dir="0" index="1" bw="12" slack="0"/>
<pin id="1844" dir="0" index="2" bw="12" slack="0"/>
<pin id="1845" dir="1" index="3" bw="12" slack="0"/>
</pin_list>
<bind>
<opcode="select(49) " fcode="select"/>
<opset="v_38/2 "/>
</bind>
</comp>

<comp id="1849" class="1004" name="zext_ln48_17_fu_1849">
<pin_list>
<pin id="1850" dir="0" index="0" bw="12" slack="0"/>
<pin id="1851" dir="1" index="1" bw="13" slack="0"/>
</pin_list>
<bind>
<opcode="zext(34) " fcode="zext"/>
<opset="zext_ln48_17/2 "/>
</bind>
</comp>

<comp id="1853" class="1004" name="s_49_fu_1853">
<pin_list>
<pin id="1854" dir="0" index="0" bw="12" slack="0"/>
<pin id="1855" dir="0" index="1" bw="12" slack="0"/>
<pin id="1856" dir="1" index="2" bw="13" slack="0"/>
</pin_list>
<bind>
<opcode="add(8) " fcode="add"/>
<opset="s_49/2 "/>
</bind>
</comp>

<comp id="1859" class="1004" name="icmp_ln48_24_fu_1859">
<pin_list>
<pin id="1860" dir="0" index="0" bw="13" slack="0"/>
<pin id="1861" dir="0" index="1" bw="13" slack="0"/>
<pin id="1862" dir="1" index="2" bw="1" slack="0"/>
</pin_list>
<bind>
<opcode="icmp(45) " fcode="icmp"/>
<opset="icmp_ln48_24/2 "/>
</bind>
</comp>

<comp id="1865" class="1004" name="trunc_ln48_24_fu_1865">
<pin_list>
<pin id="1866" dir="0" index="0" bw="13" slack="0"/>
<pin id="1867" dir="1" index="1" bw="12" slack="0"/>
</pin_list>
<bind>
<opcode="trunc(33) " fcode="trunc"/>
<opset="trunc_ln48_24/2 "/>
</bind>
</comp>

<comp id="1869" class="1004" name="add_ln48_48_fu_1869">
<pin_list>
<pin id="1870" dir="0" index="0" bw="12" slack="0"/>
<pin id="1871" dir="0" index="1" bw="11" slack="0"/>
<pin id="1872" dir="1" index="2" bw="12" slack="0"/>
</pin_list>
<bind>
<opcode="add(8) " fcode="add"/>
<opset="add_ln48_48/2 "/>
</bind>
</comp>

<comp id="1875" class="1004" name="select_ln48_24_fu_1875">
<pin_list>
<pin id="1876" dir="0" index="0" bw="1" slack="0"/>
<pin id="1877" dir="0" index="1" bw="12" slack="0"/>
<pin id="1878" dir="0" index="2" bw="12" slack="0"/>
<pin id="1879" dir="1" index="3" bw="12" slack="4"/>
</pin_list>
<bind>
<opcode="select(49) " fcode="select"/>
<opset="select_ln48_24/2 "/>
</bind>
</comp>

<comp id="1883" class="1004" name="icmp_ln52_24_fu_1883">
<pin_list>
<pin id="1884" dir="0" index="0" bw="12" slack="0"/>
<pin id="1885" dir="0" index="1" bw="12" slack="0"/>
<pin id="1886" dir="1" index="2" bw="1" slack="0"/>
</pin_list>
<bind>
<opcode="icmp(45) " fcode="icmp"/>
<opset="icmp_ln52_24/2 "/>
</bind>
</comp>

<comp id="1889" class="1004" name="xor_ln52_24_fu_1889">
<pin_list>
<pin id="1890" dir="0" index="0" bw="1" slack="0"/>
<pin id="1891" dir="0" index="1" bw="1" slack="0"/>
<pin id="1892" dir="1" index="2" bw="1" slack="0"/>
</pin_list>
<bind>
<opcode="xor(25) " fcode="xor"/>
<opset="xor_ln52_24/2 "/>
</bind>
</comp>

<comp id="1895" class="1004" name="add_ln52_24_fu_1895">
<pin_list>
<pin id="1896" dir="0" index="0" bw="12" slack="0"/>
<pin id="1897" dir="0" index="1" bw="13" slack="0"/>
<pin id="1898" dir="1" index="2" bw="13" slack="0"/>
</pin_list>
<bind>
<opcode="add(8) " fcode="add"/>
<opset="add_ln52_24/2 "/>
</bind>
</comp>

<comp id="1901" class="1004" name="select_ln52_24_fu_1901">
<pin_list>
<pin id="1902" dir="0" index="0" bw="1" slack="0"/>
<pin id="1903" dir="0" index="1" bw="12" slack="0"/>
<pin id="1904" dir="0" index="2" bw="13" slack="0"/>
<pin id="1905" dir="1" index="3" bw="13" slack="0"/>
</pin_list>
<bind>
<opcode="select(49) " fcode="select"/>
<opset="select_ln52_24/2 "/>
</bind>
</comp>

<comp id="1909" class="1004" name="zext_ln52_24_fu_1909">
<pin_list>
<pin id="1910" dir="0" index="0" bw="13" slack="0"/>
<pin id="1911" dir="1" index="1" bw="14" slack="0"/>
</pin_list>
<bind>
<opcode="zext(34) " fcode="zext"/>
<opset="zext_ln52_24/2 "/>
</bind>
</comp>

<comp id="1913" class="1004" name="sub_ln52_24_fu_1913">
<pin_list>
<pin id="1914" dir="0" index="0" bw="13" slack="0"/>
<pin id="1915" dir="0" index="1" bw="12" slack="0"/>
<pin id="1916" dir="1" index="2" bw="14" slack="0"/>
</pin_list>
<bind>
<opcode="sub(10) " fcode="sub"/>
<opset="sub_ln52_24/2 "/>
</bind>
</comp>

<comp id="1919" class="1004" name="sext_ln36_53_fu_1919">
<pin_list>
<pin id="1920" dir="0" index="0" bw="14" slack="0"/>
<pin id="1921" dir="1" index="1" bw="32" slack="0"/>
</pin_list>
<bind>
<opcode="sext(35) " fcode="sext"/>
<opset="sext_ln36_53/2 "/>
</bind>
</comp>

<comp id="1923" class="1004" name="zext_ln36_55_fu_1923">
<pin_list>
<pin id="1924" dir="0" index="0" bw="14" slack="0"/>
<pin id="1925" dir="1" index="1" bw="48" slack="0"/>
</pin_list>
<bind>
<opcode="zext(34) " fcode="zext"/>
<opset="zext_ln36_55/2 "/>
</bind>
</comp>

<comp id="1928" class="1004" name="icmp_ln116_11_fu_1928">
<pin_list>
<pin id="1929" dir="0" index="0" bw="4" slack="0"/>
<pin id="1930" dir="0" index="1" bw="3" slack="0"/>
<pin id="1931" dir="1" index="2" bw="1" slack="0"/>
</pin_list>
<bind>
<opcode="icmp(45) " fcode="icmp"/>
<opset="icmp_ln116_11/2 "/>
</bind>
</comp>

<comp id="1934" class="1004" name="t_39_fu_1934">
<pin_list>
<pin id="1935" dir="0" index="0" bw="1" slack="0"/>
<pin id="1936" dir="0" index="1" bw="12" slack="0"/>
<pin id="1937" dir="0" index="2" bw="12" slack="0"/>
<pin id="1938" dir="1" index="3" bw="12" slack="0"/>
</pin_list>
<bind>
<opcode="select(49) " fcode="select"/>
<opset="t_39/2 "/>
</bind>
</comp>

<comp id="1942" class="1004" name="zext_ln117_52_fu_1942">
<pin_list>
<pin id="1943" dir="0" index="0" bw="12" slack="0"/>
<pin id="1944" dir="1" index="1" bw="14" slack="0"/>
</pin_list>
<bind>
<opcode="zext(34) " fcode="zext"/>
<opset="zext_ln117_52/2 "/>
</bind>
</comp>

<comp id="1946" class="1004" name="zext_ln117_53_fu_1946">
<pin_list>
<pin id="1947" dir="0" index="0" bw="12" slack="0"/>
<pin id="1948" dir="1" index="1" bw="13" slack="0"/>
</pin_list>
<bind>
<opcode="zext(34) " fcode="zext"/>
<opset="zext_ln117_53/2 "/>
</bind>
</comp>

<comp id="1950" class="1004" name="v_39_fu_1950">
<pin_list>
<pin id="1951" dir="0" index="0" bw="1" slack="0"/>
<pin id="1952" dir="0" index="1" bw="12" slack="0"/>
<pin id="1953" dir="0" index="2" bw="12" slack="0"/>
<pin id="1954" dir="1" index="3" bw="12" slack="0"/>
</pin_list>
<bind>
<opcode="select(49) " fcode="select"/>
<opset="v_39/2 "/>
</bind>
</comp>

<comp id="1958" class="1004" name="zext_ln48_18_fu_1958">
<pin_list>
<pin id="1959" dir="0" index="0" bw="12" slack="0"/>
<pin id="1960" dir="1" index="1" bw="13" slack="0"/>
</pin_list>
<bind>
<opcode="zext(34) " fcode="zext"/>
<opset="zext_ln48_18/2 "/>
</bind>
</comp>

<comp id="1962" class="1004" name="s_50_fu_1962">
<pin_list>
<pin id="1963" dir="0" index="0" bw="12" slack="0"/>
<pin id="1964" dir="0" index="1" bw="12" slack="0"/>
<pin id="1965" dir="1" index="2" bw="13" slack="0"/>
</pin_list>
<bind>
<opcode="add(8) " fcode="add"/>
<opset="s_50/2 "/>
</bind>
</comp>

<comp id="1968" class="1004" name="icmp_ln48_25_fu_1968">
<pin_list>
<pin id="1969" dir="0" index="0" bw="13" slack="0"/>
<pin id="1970" dir="0" index="1" bw="13" slack="0"/>
<pin id="1971" dir="1" index="2" bw="1" slack="0"/>
</pin_list>
<bind>
<opcode="icmp(45) " fcode="icmp"/>
<opset="icmp_ln48_25/2 "/>
</bind>
</comp>

<comp id="1974" class="1004" name="trunc_ln48_25_fu_1974">
<pin_list>
<pin id="1975" dir="0" index="0" bw="13" slack="0"/>
<pin id="1976" dir="1" index="1" bw="12" slack="0"/>
</pin_list>
<bind>
<opcode="trunc(33) " fcode="trunc"/>
<opset="trunc_ln48_25/2 "/>
</bind>
</comp>

<comp id="1978" class="1004" name="add_ln48_50_fu_1978">
<pin_list>
<pin id="1979" dir="0" index="0" bw="12" slack="0"/>
<pin id="1980" dir="0" index="1" bw="11" slack="0"/>
<pin id="1981" dir="1" index="2" bw="12" slack="0"/>
</pin_list>
<bind>
<opcode="add(8) " fcode="add"/>
<opset="add_ln48_50/2 "/>
</bind>
</comp>

<comp id="1984" class="1004" name="select_ln48_25_fu_1984">
<pin_list>
<pin id="1985" dir="0" index="0" bw="1" slack="0"/>
<pin id="1986" dir="0" index="1" bw="12" slack="0"/>
<pin id="1987" dir="0" index="2" bw="12" slack="0"/>
<pin id="1988" dir="1" index="3" bw="12" slack="4"/>
</pin_list>
<bind>
<opcode="select(49) " fcode="select"/>
<opset="select_ln48_25/2 "/>
</bind>
</comp>

<comp id="1992" class="1004" name="icmp_ln52_25_fu_1992">
<pin_list>
<pin id="1993" dir="0" index="0" bw="12" slack="0"/>
<pin id="1994" dir="0" index="1" bw="12" slack="0"/>
<pin id="1995" dir="1" index="2" bw="1" slack="0"/>
</pin_list>
<bind>
<opcode="icmp(45) " fcode="icmp"/>
<opset="icmp_ln52_25/2 "/>
</bind>
</comp>

<comp id="1998" class="1004" name="xor_ln52_25_fu_1998">
<pin_list>
<pin id="1999" dir="0" index="0" bw="1" slack="0"/>
<pin id="2000" dir="0" index="1" bw="1" slack="0"/>
<pin id="2001" dir="1" index="2" bw="1" slack="0"/>
</pin_list>
<bind>
<opcode="xor(25) " fcode="xor"/>
<opset="xor_ln52_25/2 "/>
</bind>
</comp>

<comp id="2004" class="1004" name="add_ln52_25_fu_2004">
<pin_list>
<pin id="2005" dir="0" index="0" bw="12" slack="0"/>
<pin id="2006" dir="0" index="1" bw="13" slack="0"/>
<pin id="2007" dir="1" index="2" bw="13" slack="0"/>
</pin_list>
<bind>
<opcode="add(8) " fcode="add"/>
<opset="add_ln52_25/2 "/>
</bind>
</comp>

<comp id="2010" class="1004" name="select_ln52_25_fu_2010">
<pin_list>
<pin id="2011" dir="0" index="0" bw="1" slack="0"/>
<pin id="2012" dir="0" index="1" bw="12" slack="0"/>
<pin id="2013" dir="0" index="2" bw="13" slack="0"/>
<pin id="2014" dir="1" index="3" bw="13" slack="0"/>
</pin_list>
<bind>
<opcode="select(49) " fcode="select"/>
<opset="select_ln52_25/2 "/>
</bind>
</comp>

<comp id="2018" class="1004" name="zext_ln52_25_fu_2018">
<pin_list>
<pin id="2019" dir="0" index="0" bw="13" slack="0"/>
<pin id="2020" dir="1" index="1" bw="14" slack="0"/>
</pin_list>
<bind>
<opcode="zext(34) " fcode="zext"/>
<opset="zext_ln52_25/2 "/>
</bind>
</comp>

<comp id="2022" class="1004" name="sub_ln52_25_fu_2022">
<pin_list>
<pin id="2023" dir="0" index="0" bw="13" slack="0"/>
<pin id="2024" dir="0" index="1" bw="12" slack="0"/>
<pin id="2025" dir="1" index="2" bw="14" slack="0"/>
</pin_list>
<bind>
<opcode="sub(10) " fcode="sub"/>
<opset="sub_ln52_25/2 "/>
</bind>
</comp>

<comp id="2028" class="1004" name="sext_ln36_55_fu_2028">
<pin_list>
<pin id="2029" dir="0" index="0" bw="14" slack="0"/>
<pin id="2030" dir="1" index="1" bw="32" slack="0"/>
</pin_list>
<bind>
<opcode="sext(35) " fcode="sext"/>
<opset="sext_ln36_55/2 "/>
</bind>
</comp>

<comp id="2032" class="1004" name="zext_ln36_56_fu_2032">
<pin_list>
<pin id="2033" dir="0" index="0" bw="14" slack="0"/>
<pin id="2034" dir="1" index="1" bw="48" slack="0"/>
</pin_list>
<bind>
<opcode="zext(34) " fcode="zext"/>
<opset="zext_ln36_56/2 "/>
</bind>
</comp>

<comp id="2037" class="1004" name="icmp_ln116_12_fu_2037">
<pin_list>
<pin id="2038" dir="0" index="0" bw="4" slack="0"/>
<pin id="2039" dir="0" index="1" bw="3" slack="0"/>
<pin id="2040" dir="1" index="2" bw="1" slack="0"/>
</pin_list>
<bind>
<opcode="icmp(45) " fcode="icmp"/>
<opset="icmp_ln116_12/2 "/>
</bind>
</comp>

<comp id="2043" class="1004" name="t_40_fu_2043">
<pin_list>
<pin id="2044" dir="0" index="0" bw="1" slack="0"/>
<pin id="2045" dir="0" index="1" bw="12" slack="0"/>
<pin id="2046" dir="0" index="2" bw="12" slack="0"/>
<pin id="2047" dir="1" index="3" bw="12" slack="0"/>
</pin_list>
<bind>
<opcode="select(49) " fcode="select"/>
<opset="t_40/2 "/>
</bind>
</comp>

<comp id="2051" class="1004" name="zext_ln117_54_fu_2051">
<pin_list>
<pin id="2052" dir="0" index="0" bw="12" slack="0"/>
<pin id="2053" dir="1" index="1" bw="14" slack="0"/>
</pin_list>
<bind>
<opcode="zext(34) " fcode="zext"/>
<opset="zext_ln117_54/2 "/>
</bind>
</comp>

<comp id="2055" class="1004" name="zext_ln117_55_fu_2055">
<pin_list>
<pin id="2056" dir="0" index="0" bw="12" slack="0"/>
<pin id="2057" dir="1" index="1" bw="13" slack="0"/>
</pin_list>
<bind>
<opcode="zext(34) " fcode="zext"/>
<opset="zext_ln117_55/2 "/>
</bind>
</comp>

<comp id="2059" class="1004" name="v_40_fu_2059">
<pin_list>
<pin id="2060" dir="0" index="0" bw="1" slack="0"/>
<pin id="2061" dir="0" index="1" bw="12" slack="0"/>
<pin id="2062" dir="0" index="2" bw="12" slack="0"/>
<pin id="2063" dir="1" index="3" bw="12" slack="0"/>
</pin_list>
<bind>
<opcode="select(49) " fcode="select"/>
<opset="v_40/2 "/>
</bind>
</comp>

<comp id="2067" class="1004" name="zext_ln48_19_fu_2067">
<pin_list>
<pin id="2068" dir="0" index="0" bw="12" slack="0"/>
<pin id="2069" dir="1" index="1" bw="13" slack="0"/>
</pin_list>
<bind>
<opcode="zext(34) " fcode="zext"/>
<opset="zext_ln48_19/2 "/>
</bind>
</comp>

<comp id="2071" class="1004" name="s_51_fu_2071">
<pin_list>
<pin id="2072" dir="0" index="0" bw="12" slack="0"/>
<pin id="2073" dir="0" index="1" bw="12" slack="0"/>
<pin id="2074" dir="1" index="2" bw="13" slack="0"/>
</pin_list>
<bind>
<opcode="add(8) " fcode="add"/>
<opset="s_51/2 "/>
</bind>
</comp>

<comp id="2077" class="1004" name="icmp_ln48_26_fu_2077">
<pin_list>
<pin id="2078" dir="0" index="0" bw="13" slack="0"/>
<pin id="2079" dir="0" index="1" bw="13" slack="0"/>
<pin id="2080" dir="1" index="2" bw="1" slack="0"/>
</pin_list>
<bind>
<opcode="icmp(45) " fcode="icmp"/>
<opset="icmp_ln48_26/2 "/>
</bind>
</comp>

<comp id="2083" class="1004" name="trunc_ln48_26_fu_2083">
<pin_list>
<pin id="2084" dir="0" index="0" bw="13" slack="0"/>
<pin id="2085" dir="1" index="1" bw="12" slack="0"/>
</pin_list>
<bind>
<opcode="trunc(33) " fcode="trunc"/>
<opset="trunc_ln48_26/2 "/>
</bind>
</comp>

<comp id="2087" class="1004" name="add_ln48_52_fu_2087">
<pin_list>
<pin id="2088" dir="0" index="0" bw="12" slack="0"/>
<pin id="2089" dir="0" index="1" bw="11" slack="0"/>
<pin id="2090" dir="1" index="2" bw="12" slack="0"/>
</pin_list>
<bind>
<opcode="add(8) " fcode="add"/>
<opset="add_ln48_52/2 "/>
</bind>
</comp>

<comp id="2093" class="1004" name="select_ln48_26_fu_2093">
<pin_list>
<pin id="2094" dir="0" index="0" bw="1" slack="0"/>
<pin id="2095" dir="0" index="1" bw="12" slack="0"/>
<pin id="2096" dir="0" index="2" bw="12" slack="0"/>
<pin id="2097" dir="1" index="3" bw="12" slack="4"/>
</pin_list>
<bind>
<opcode="select(49) " fcode="select"/>
<opset="select_ln48_26/2 "/>
</bind>
</comp>

<comp id="2101" class="1004" name="icmp_ln52_26_fu_2101">
<pin_list>
<pin id="2102" dir="0" index="0" bw="12" slack="0"/>
<pin id="2103" dir="0" index="1" bw="12" slack="0"/>
<pin id="2104" dir="1" index="2" bw="1" slack="0"/>
</pin_list>
<bind>
<opcode="icmp(45) " fcode="icmp"/>
<opset="icmp_ln52_26/2 "/>
</bind>
</comp>

<comp id="2107" class="1004" name="xor_ln52_26_fu_2107">
<pin_list>
<pin id="2108" dir="0" index="0" bw="1" slack="0"/>
<pin id="2109" dir="0" index="1" bw="1" slack="0"/>
<pin id="2110" dir="1" index="2" bw="1" slack="0"/>
</pin_list>
<bind>
<opcode="xor(25) " fcode="xor"/>
<opset="xor_ln52_26/2 "/>
</bind>
</comp>

<comp id="2113" class="1004" name="add_ln52_26_fu_2113">
<pin_list>
<pin id="2114" dir="0" index="0" bw="12" slack="0"/>
<pin id="2115" dir="0" index="1" bw="13" slack="0"/>
<pin id="2116" dir="1" index="2" bw="13" slack="0"/>
</pin_list>
<bind>
<opcode="add(8) " fcode="add"/>
<opset="add_ln52_26/2 "/>
</bind>
</comp>

<comp id="2119" class="1004" name="select_ln52_26_fu_2119">
<pin_list>
<pin id="2120" dir="0" index="0" bw="1" slack="0"/>
<pin id="2121" dir="0" index="1" bw="12" slack="0"/>
<pin id="2122" dir="0" index="2" bw="13" slack="0"/>
<pin id="2123" dir="1" index="3" bw="13" slack="0"/>
</pin_list>
<bind>
<opcode="select(49) " fcode="select"/>
<opset="select_ln52_26/2 "/>
</bind>
</comp>

<comp id="2127" class="1004" name="zext_ln52_26_fu_2127">
<pin_list>
<pin id="2128" dir="0" index="0" bw="13" slack="0"/>
<pin id="2129" dir="1" index="1" bw="14" slack="0"/>
</pin_list>
<bind>
<opcode="zext(34) " fcode="zext"/>
<opset="zext_ln52_26/2 "/>
</bind>
</comp>

<comp id="2131" class="1004" name="sub_ln52_26_fu_2131">
<pin_list>
<pin id="2132" dir="0" index="0" bw="13" slack="0"/>
<pin id="2133" dir="0" index="1" bw="12" slack="0"/>
<pin id="2134" dir="1" index="2" bw="14" slack="0"/>
</pin_list>
<bind>
<opcode="sub(10) " fcode="sub"/>
<opset="sub_ln52_26/2 "/>
</bind>
</comp>

<comp id="2137" class="1004" name="sext_ln36_57_fu_2137">
<pin_list>
<pin id="2138" dir="0" index="0" bw="14" slack="0"/>
<pin id="2139" dir="1" index="1" bw="32" slack="0"/>
</pin_list>
<bind>
<opcode="sext(35) " fcode="sext"/>
<opset="sext_ln36_57/2 "/>
</bind>
</comp>

<comp id="2141" class="1004" name="zext_ln36_57_fu_2141">
<pin_list>
<pin id="2142" dir="0" index="0" bw="14" slack="0"/>
<pin id="2143" dir="1" index="1" bw="48" slack="0"/>
</pin_list>
<bind>
<opcode="zext(34) " fcode="zext"/>
<opset="zext_ln36_57/2 "/>
</bind>
</comp>

<comp id="2146" class="1004" name="icmp_ln116_13_fu_2146">
<pin_list>
<pin id="2147" dir="0" index="0" bw="4" slack="0"/>
<pin id="2148" dir="0" index="1" bw="2" slack="0"/>
<pin id="2149" dir="1" index="2" bw="1" slack="0"/>
</pin_list>
<bind>
<opcode="icmp(45) " fcode="icmp"/>
<opset="icmp_ln116_13/2 "/>
</bind>
</comp>

<comp id="2152" class="1004" name="t_41_fu_2152">
<pin_list>
<pin id="2153" dir="0" index="0" bw="1" slack="0"/>
<pin id="2154" dir="0" index="1" bw="12" slack="0"/>
<pin id="2155" dir="0" index="2" bw="12" slack="0"/>
<pin id="2156" dir="1" index="3" bw="12" slack="0"/>
</pin_list>
<bind>
<opcode="select(49) " fcode="select"/>
<opset="t_41/2 "/>
</bind>
</comp>

<comp id="2160" class="1004" name="zext_ln117_56_fu_2160">
<pin_list>
<pin id="2161" dir="0" index="0" bw="12" slack="0"/>
<pin id="2162" dir="1" index="1" bw="14" slack="0"/>
</pin_list>
<bind>
<opcode="zext(34) " fcode="zext"/>
<opset="zext_ln117_56/2 "/>
</bind>
</comp>

<comp id="2164" class="1004" name="zext_ln117_57_fu_2164">
<pin_list>
<pin id="2165" dir="0" index="0" bw="12" slack="0"/>
<pin id="2166" dir="1" index="1" bw="13" slack="0"/>
</pin_list>
<bind>
<opcode="zext(34) " fcode="zext"/>
<opset="zext_ln117_57/2 "/>
</bind>
</comp>

<comp id="2168" class="1004" name="v_41_fu_2168">
<pin_list>
<pin id="2169" dir="0" index="0" bw="1" slack="0"/>
<pin id="2170" dir="0" index="1" bw="12" slack="0"/>
<pin id="2171" dir="0" index="2" bw="12" slack="0"/>
<pin id="2172" dir="1" index="3" bw="12" slack="0"/>
</pin_list>
<bind>
<opcode="select(49) " fcode="select"/>
<opset="v_41/2 "/>
</bind>
</comp>

<comp id="2176" class="1004" name="zext_ln48_20_fu_2176">
<pin_list>
<pin id="2177" dir="0" index="0" bw="12" slack="0"/>
<pin id="2178" dir="1" index="1" bw="13" slack="0"/>
</pin_list>
<bind>
<opcode="zext(34) " fcode="zext"/>
<opset="zext_ln48_20/2 "/>
</bind>
</comp>

<comp id="2180" class="1004" name="s_52_fu_2180">
<pin_list>
<pin id="2181" dir="0" index="0" bw="12" slack="0"/>
<pin id="2182" dir="0" index="1" bw="12" slack="0"/>
<pin id="2183" dir="1" index="2" bw="13" slack="0"/>
</pin_list>
<bind>
<opcode="add(8) " fcode="add"/>
<opset="s_52/2 "/>
</bind>
</comp>

<comp id="2186" class="1004" name="icmp_ln48_27_fu_2186">
<pin_list>
<pin id="2187" dir="0" index="0" bw="13" slack="0"/>
<pin id="2188" dir="0" index="1" bw="13" slack="0"/>
<pin id="2189" dir="1" index="2" bw="1" slack="0"/>
</pin_list>
<bind>
<opcode="icmp(45) " fcode="icmp"/>
<opset="icmp_ln48_27/2 "/>
</bind>
</comp>

<comp id="2192" class="1004" name="trunc_ln48_27_fu_2192">
<pin_list>
<pin id="2193" dir="0" index="0" bw="13" slack="0"/>
<pin id="2194" dir="1" index="1" bw="12" slack="0"/>
</pin_list>
<bind>
<opcode="trunc(33) " fcode="trunc"/>
<opset="trunc_ln48_27/2 "/>
</bind>
</comp>

<comp id="2196" class="1004" name="add_ln48_54_fu_2196">
<pin_list>
<pin id="2197" dir="0" index="0" bw="12" slack="0"/>
<pin id="2198" dir="0" index="1" bw="11" slack="0"/>
<pin id="2199" dir="1" index="2" bw="12" slack="0"/>
</pin_list>
<bind>
<opcode="add(8) " fcode="add"/>
<opset="add_ln48_54/2 "/>
</bind>
</comp>

<comp id="2202" class="1004" name="select_ln48_27_fu_2202">
<pin_list>
<pin id="2203" dir="0" index="0" bw="1" slack="0"/>
<pin id="2204" dir="0" index="1" bw="12" slack="0"/>
<pin id="2205" dir="0" index="2" bw="12" slack="0"/>
<pin id="2206" dir="1" index="3" bw="12" slack="4"/>
</pin_list>
<bind>
<opcode="select(49) " fcode="select"/>
<opset="select_ln48_27/2 "/>
</bind>
</comp>

<comp id="2210" class="1004" name="icmp_ln52_27_fu_2210">
<pin_list>
<pin id="2211" dir="0" index="0" bw="12" slack="0"/>
<pin id="2212" dir="0" index="1" bw="12" slack="0"/>
<pin id="2213" dir="1" index="2" bw="1" slack="0"/>
</pin_list>
<bind>
<opcode="icmp(45) " fcode="icmp"/>
<opset="icmp_ln52_27/2 "/>
</bind>
</comp>

<comp id="2216" class="1004" name="xor_ln52_27_fu_2216">
<pin_list>
<pin id="2217" dir="0" index="0" bw="1" slack="0"/>
<pin id="2218" dir="0" index="1" bw="1" slack="0"/>
<pin id="2219" dir="1" index="2" bw="1" slack="0"/>
</pin_list>
<bind>
<opcode="xor(25) " fcode="xor"/>
<opset="xor_ln52_27/2 "/>
</bind>
</comp>

<comp id="2222" class="1004" name="add_ln52_27_fu_2222">
<pin_list>
<pin id="2223" dir="0" index="0" bw="12" slack="0"/>
<pin id="2224" dir="0" index="1" bw="13" slack="0"/>
<pin id="2225" dir="1" index="2" bw="13" slack="0"/>
</pin_list>
<bind>
<opcode="add(8) " fcode="add"/>
<opset="add_ln52_27/2 "/>
</bind>
</comp>

<comp id="2228" class="1004" name="select_ln52_27_fu_2228">
<pin_list>
<pin id="2229" dir="0" index="0" bw="1" slack="0"/>
<pin id="2230" dir="0" index="1" bw="12" slack="0"/>
<pin id="2231" dir="0" index="2" bw="13" slack="0"/>
<pin id="2232" dir="1" index="3" bw="13" slack="0"/>
</pin_list>
<bind>
<opcode="select(49) " fcode="select"/>
<opset="select_ln52_27/2 "/>
</bind>
</comp>

<comp id="2236" class="1004" name="zext_ln52_27_fu_2236">
<pin_list>
<pin id="2237" dir="0" index="0" bw="13" slack="0"/>
<pin id="2238" dir="1" index="1" bw="14" slack="0"/>
</pin_list>
<bind>
<opcode="zext(34) " fcode="zext"/>
<opset="zext_ln52_27/2 "/>
</bind>
</comp>

<comp id="2240" class="1004" name="sub_ln52_27_fu_2240">
<pin_list>
<pin id="2241" dir="0" index="0" bw="13" slack="0"/>
<pin id="2242" dir="0" index="1" bw="12" slack="0"/>
<pin id="2243" dir="1" index="2" bw="14" slack="0"/>
</pin_list>
<bind>
<opcode="sub(10) " fcode="sub"/>
<opset="sub_ln52_27/2 "/>
</bind>
</comp>

<comp id="2246" class="1004" name="sext_ln36_59_fu_2246">
<pin_list>
<pin id="2247" dir="0" index="0" bw="14" slack="0"/>
<pin id="2248" dir="1" index="1" bw="32" slack="0"/>
</pin_list>
<bind>
<opcode="sext(35) " fcode="sext"/>
<opset="sext_ln36_59/2 "/>
</bind>
</comp>

<comp id="2250" class="1004" name="zext_ln36_58_fu_2250">
<pin_list>
<pin id="2251" dir="0" index="0" bw="14" slack="0"/>
<pin id="2252" dir="1" index="1" bw="48" slack="0"/>
</pin_list>
<bind>
<opcode="zext(34) " fcode="zext"/>
<opset="zext_ln36_58/2 "/>
</bind>
</comp>

<comp id="2255" class="1004" name="icmp_ln116_14_fu_2255">
<pin_list>
<pin id="2256" dir="0" index="0" bw="4" slack="0"/>
<pin id="2257" dir="0" index="1" bw="1" slack="0"/>
<pin id="2258" dir="1" index="2" bw="1" slack="0"/>
</pin_list>
<bind>
<opcode="icmp(45) " fcode="icmp"/>
<opset="icmp_ln116_14/2 "/>
</bind>
</comp>

<comp id="2261" class="1004" name="t_42_fu_2261">
<pin_list>
<pin id="2262" dir="0" index="0" bw="1" slack="0"/>
<pin id="2263" dir="0" index="1" bw="12" slack="0"/>
<pin id="2264" dir="0" index="2" bw="12" slack="0"/>
<pin id="2265" dir="1" index="3" bw="12" slack="0"/>
</pin_list>
<bind>
<opcode="select(49) " fcode="select"/>
<opset="t_42/2 "/>
</bind>
</comp>

<comp id="2269" class="1004" name="zext_ln117_58_fu_2269">
<pin_list>
<pin id="2270" dir="0" index="0" bw="12" slack="0"/>
<pin id="2271" dir="1" index="1" bw="14" slack="0"/>
</pin_list>
<bind>
<opcode="zext(34) " fcode="zext"/>
<opset="zext_ln117_58/2 "/>
</bind>
</comp>

<comp id="2273" class="1004" name="zext_ln117_59_fu_2273">
<pin_list>
<pin id="2274" dir="0" index="0" bw="12" slack="0"/>
<pin id="2275" dir="1" index="1" bw="13" slack="0"/>
</pin_list>
<bind>
<opcode="zext(34) " fcode="zext"/>
<opset="zext_ln117_59/2 "/>
</bind>
</comp>

<comp id="2277" class="1004" name="v_35_fu_2277">
<pin_list>
<pin id="2278" dir="0" index="0" bw="1" slack="0"/>
<pin id="2279" dir="0" index="1" bw="12" slack="0"/>
<pin id="2280" dir="0" index="2" bw="12" slack="0"/>
<pin id="2281" dir="1" index="3" bw="12" slack="0"/>
</pin_list>
<bind>
<opcode="select(49) " fcode="select"/>
<opset="v_35/2 "/>
</bind>
</comp>

<comp id="2285" class="1004" name="zext_ln117_60_fu_2285">
<pin_list>
<pin id="2286" dir="0" index="0" bw="12" slack="0"/>
<pin id="2287" dir="1" index="1" bw="13" slack="0"/>
</pin_list>
<bind>
<opcode="zext(34) " fcode="zext"/>
<opset="zext_ln117_60/2 "/>
</bind>
</comp>

<comp id="2289" class="1004" name="s_46_fu_2289">
<pin_list>
<pin id="2290" dir="0" index="0" bw="12" slack="0"/>
<pin id="2291" dir="0" index="1" bw="12" slack="0"/>
<pin id="2292" dir="1" index="2" bw="13" slack="0"/>
</pin_list>
<bind>
<opcode="add(8) " fcode="add"/>
<opset="s_46/2 "/>
</bind>
</comp>

<comp id="2295" class="1004" name="icmp_ln48_28_fu_2295">
<pin_list>
<pin id="2296" dir="0" index="0" bw="13" slack="0"/>
<pin id="2297" dir="0" index="1" bw="13" slack="0"/>
<pin id="2298" dir="1" index="2" bw="1" slack="0"/>
</pin_list>
<bind>
<opcode="icmp(45) " fcode="icmp"/>
<opset="icmp_ln48_28/2 "/>
</bind>
</comp>

<comp id="2301" class="1004" name="trunc_ln48_28_fu_2301">
<pin_list>
<pin id="2302" dir="0" index="0" bw="13" slack="0"/>
<pin id="2303" dir="1" index="1" bw="12" slack="0"/>
</pin_list>
<bind>
<opcode="trunc(33) " fcode="trunc"/>
<opset="trunc_ln48_28/2 "/>
</bind>
</comp>

<comp id="2305" class="1004" name="add_ln48_56_fu_2305">
<pin_list>
<pin id="2306" dir="0" index="0" bw="12" slack="0"/>
<pin id="2307" dir="0" index="1" bw="11" slack="0"/>
<pin id="2308" dir="1" index="2" bw="12" slack="0"/>
</pin_list>
<bind>
<opcode="add(8) " fcode="add"/>
<opset="add_ln48_56/2 "/>
</bind>
</comp>

<comp id="2311" class="1004" name="select_ln48_28_fu_2311">
<pin_list>
<pin id="2312" dir="0" index="0" bw="1" slack="0"/>
<pin id="2313" dir="0" index="1" bw="12" slack="0"/>
<pin id="2314" dir="0" index="2" bw="12" slack="0"/>
<pin id="2315" dir="1" index="3" bw="12" slack="4"/>
</pin_list>
<bind>
<opcode="select(49) " fcode="select"/>
<opset="select_ln48_28/2 "/>
</bind>
</comp>

<comp id="2319" class="1004" name="icmp_ln52_28_fu_2319">
<pin_list>
<pin id="2320" dir="0" index="0" bw="12" slack="0"/>
<pin id="2321" dir="0" index="1" bw="12" slack="0"/>
<pin id="2322" dir="1" index="2" bw="1" slack="0"/>
</pin_list>
<bind>
<opcode="icmp(45) " fcode="icmp"/>
<opset="icmp_ln52_28/2 "/>
</bind>
</comp>

<comp id="2325" class="1004" name="xor_ln52_28_fu_2325">
<pin_list>
<pin id="2326" dir="0" index="0" bw="1" slack="0"/>
<pin id="2327" dir="0" index="1" bw="1" slack="0"/>
<pin id="2328" dir="1" index="2" bw="1" slack="0"/>
</pin_list>
<bind>
<opcode="xor(25) " fcode="xor"/>
<opset="xor_ln52_28/2 "/>
</bind>
</comp>

<comp id="2331" class="1004" name="add_ln52_28_fu_2331">
<pin_list>
<pin id="2332" dir="0" index="0" bw="12" slack="0"/>
<pin id="2333" dir="0" index="1" bw="13" slack="0"/>
<pin id="2334" dir="1" index="2" bw="13" slack="0"/>
</pin_list>
<bind>
<opcode="add(8) " fcode="add"/>
<opset="add_ln52_28/2 "/>
</bind>
</comp>

<comp id="2337" class="1004" name="select_ln52_28_fu_2337">
<pin_list>
<pin id="2338" dir="0" index="0" bw="1" slack="0"/>
<pin id="2339" dir="0" index="1" bw="12" slack="0"/>
<pin id="2340" dir="0" index="2" bw="13" slack="0"/>
<pin id="2341" dir="1" index="3" bw="13" slack="0"/>
</pin_list>
<bind>
<opcode="select(49) " fcode="select"/>
<opset="select_ln52_28/2 "/>
</bind>
</comp>

<comp id="2345" class="1004" name="zext_ln52_28_fu_2345">
<pin_list>
<pin id="2346" dir="0" index="0" bw="13" slack="0"/>
<pin id="2347" dir="1" index="1" bw="14" slack="0"/>
</pin_list>
<bind>
<opcode="zext(34) " fcode="zext"/>
<opset="zext_ln52_28/2 "/>
</bind>
</comp>

<comp id="2349" class="1004" name="sub_ln52_28_fu_2349">
<pin_list>
<pin id="2350" dir="0" index="0" bw="13" slack="0"/>
<pin id="2351" dir="0" index="1" bw="12" slack="0"/>
<pin id="2352" dir="1" index="2" bw="14" slack="0"/>
</pin_list>
<bind>
<opcode="sub(10) " fcode="sub"/>
<opset="sub_ln52_28/2 "/>
</bind>
</comp>

<comp id="2355" class="1004" name="sext_ln36_60_fu_2355">
<pin_list>
<pin id="2356" dir="0" index="0" bw="14" slack="0"/>
<pin id="2357" dir="1" index="1" bw="32" slack="0"/>
</pin_list>
<bind>
<opcode="sext(35) " fcode="sext"/>
<opset="sext_ln36_60/2 "/>
</bind>
</comp>

<comp id="2359" class="1004" name="zext_ln36_59_fu_2359">
<pin_list>
<pin id="2360" dir="0" index="0" bw="14" slack="0"/>
<pin id="2361" dir="1" index="1" bw="48" slack="0"/>
</pin_list>
<bind>
<opcode="zext(34) " fcode="zext"/>
<opset="zext_ln36_59/2 "/>
</bind>
</comp>

<comp id="2364" class="1004" name="zext_ln36_60_fu_2364">
<pin_list>
<pin id="2365" dir="0" index="0" bw="16" slack="0"/>
<pin id="2366" dir="1" index="1" bw="48" slack="0"/>
</pin_list>
<bind>
<opcode="zext(34) " fcode="zext"/>
<opset="zext_ln36_60/2 "/>
</bind>
</comp>

<comp id="2369" class="1004" name="icmp_ln118_8_fu_2369">
<pin_list>
<pin id="2370" dir="0" index="0" bw="4" slack="0"/>
<pin id="2371" dir="0" index="1" bw="1" slack="0"/>
<pin id="2372" dir="1" index="2" bw="1" slack="4"/>
</pin_list>
<bind>
<opcode="icmp(45) " fcode="icmp"/>
<opset="icmp_ln118_8/2 "/>
</bind>
</comp>

<comp id="2375" class="1004" name="icmp_ln118_9_fu_2375">
<pin_list>
<pin id="2376" dir="0" index="0" bw="4" slack="0"/>
<pin id="2377" dir="0" index="1" bw="3" slack="0"/>
<pin id="2378" dir="1" index="2" bw="1" slack="4"/>
</pin_list>
<bind>
<opcode="icmp(45) " fcode="icmp"/>
<opset="icmp_ln118_9/2 "/>
</bind>
</comp>

<comp id="2381" class="1004" name="icmp_ln118_10_fu_2381">
<pin_list>
<pin id="2382" dir="0" index="0" bw="4" slack="0"/>
<pin id="2383" dir="0" index="1" bw="3" slack="0"/>
<pin id="2384" dir="1" index="2" bw="1" slack="4"/>
</pin_list>
<bind>
<opcode="icmp(45) " fcode="icmp"/>
<opset="icmp_ln118_10/2 "/>
</bind>
</comp>

<comp id="2387" class="1004" name="icmp_ln118_11_fu_2387">
<pin_list>
<pin id="2388" dir="0" index="0" bw="4" slack="0"/>
<pin id="2389" dir="0" index="1" bw="4" slack="0"/>
<pin id="2390" dir="1" index="2" bw="1" slack="4"/>
</pin_list>
<bind>
<opcode="icmp(45) " fcode="icmp"/>
<opset="icmp_ln118_11/2 "/>
</bind>
</comp>

<comp id="2393" class="1004" name="icmp_ln118_12_fu_2393">
<pin_list>
<pin id="2394" dir="0" index="0" bw="4" slack="0"/>
<pin id="2395" dir="0" index="1" bw="4" slack="0"/>
<pin id="2396" dir="1" index="2" bw="1" slack="4"/>
</pin_list>
<bind>
<opcode="icmp(45) " fcode="icmp"/>
<opset="icmp_ln118_12/2 "/>
</bind>
</comp>

<comp id="2399" class="1004" name="icmp_ln118_13_fu_2399">
<pin_list>
<pin id="2400" dir="0" index="0" bw="4" slack="0"/>
<pin id="2401" dir="0" index="1" bw="4" slack="0"/>
<pin id="2402" dir="1" index="2" bw="1" slack="4"/>
</pin_list>
<bind>
<opcode="icmp(45) " fcode="icmp"/>
<opset="icmp_ln118_13/2 "/>
</bind>
</comp>

<comp id="2405" class="1004" name="icmp_ln118_14_fu_2405">
<pin_list>
<pin id="2406" dir="0" index="0" bw="4" slack="0"/>
<pin id="2407" dir="0" index="1" bw="4" slack="0"/>
<pin id="2408" dir="1" index="2" bw="1" slack="4"/>
</pin_list>
<bind>
<opcode="icmp(45) " fcode="icmp"/>
<opset="icmp_ln118_14/2 "/>
</bind>
</comp>

<comp id="2411" class="1004" name="sext_ln119_fu_2411">
<pin_list>
<pin id="2412" dir="0" index="0" bw="14" slack="2"/>
<pin id="2413" dir="1" index="1" bw="26" slack="0"/>
</pin_list>
<bind>
<opcode="sext(35) " fcode="sext"/>
<opset="sext_ln119/4 "/>
</bind>
</comp>

<comp id="2414" class="1004" name="w_assign_cast_fu_2414">
<pin_list>
<pin id="2415" dir="0" index="0" bw="12" slack="2"/>
<pin id="2416" dir="1" index="1" bw="26" slack="0"/>
</pin_list>
<bind>
<opcode="zext(34) " fcode="zext"/>
<opset="w_assign_cast/4 "/>
</bind>
</comp>

<comp id="2417" class="1004" name="q_est_fu_2417">
<pin_list>
<pin id="2418" dir="0" index="0" bw="32" slack="0"/>
<pin id="2419" dir="0" index="1" bw="48" slack="0"/>
<pin id="2420" dir="0" index="2" bw="6" slack="0"/>
<pin id="2421" dir="0" index="3" bw="7" slack="0"/>
<pin id="2422" dir="1" index="4" bw="32" slack="0"/>
</pin_list>
<bind>
<opcode="partselect(1002) " fcode="partselect"/>
<opset="q_est/4 "/>
</bind>
</comp>

<comp id="2428" class="1004" name="w_assign_22_cast_fu_2428">
<pin_list>
<pin id="2429" dir="0" index="0" bw="12" slack="2"/>
<pin id="2430" dir="1" index="1" bw="26" slack="0"/>
</pin_list>
<bind>
<opcode="zext(34) " fcode="zext"/>
<opset="w_assign_22_cast/4 "/>
</bind>
</comp>

<comp id="2431" class="1004" name="w_assign_23_cast_fu_2431">
<pin_list>
<pin id="2432" dir="0" index="0" bw="12" slack="2"/>
<pin id="2433" dir="1" index="1" bw="26" slack="0"/>
</pin_list>
<bind>
<opcode="zext(34) " fcode="zext"/>
<opset="w_assign_23_cast/4 "/>
</bind>
</comp>

<comp id="2434" class="1004" name="w_assign_24_cast_fu_2434">
<pin_list>
<pin id="2435" dir="0" index="0" bw="12" slack="2"/>
<pin id="2436" dir="1" index="1" bw="26" slack="0"/>
</pin_list>
<bind>
<opcode="zext(34) " fcode="zext"/>
<opset="w_assign_24_cast/4 "/>
</bind>
</comp>

<comp id="2437" class="1004" name="w_assign_25_cast_fu_2437">
<pin_list>
<pin id="2438" dir="0" index="0" bw="12" slack="2"/>
<pin id="2439" dir="1" index="1" bw="26" slack="0"/>
</pin_list>
<bind>
<opcode="zext(34) " fcode="zext"/>
<opset="w_assign_25_cast/4 "/>
</bind>
</comp>

<comp id="2440" class="1004" name="w_assign_26_cast_fu_2440">
<pin_list>
<pin id="2441" dir="0" index="0" bw="12" slack="2"/>
<pin id="2442" dir="1" index="1" bw="26" slack="0"/>
</pin_list>
<bind>
<opcode="zext(34) " fcode="zext"/>
<opset="w_assign_26_cast/4 "/>
</bind>
</comp>

<comp id="2443" class="1004" name="w_assign_27_cast_fu_2443">
<pin_list>
<pin id="2444" dir="0" index="0" bw="12" slack="2"/>
<pin id="2445" dir="1" index="1" bw="26" slack="0"/>
</pin_list>
<bind>
<opcode="zext(34) " fcode="zext"/>
<opset="w_assign_27_cast/4 "/>
</bind>
</comp>

<comp id="2446" class="1004" name="sext_ln36_48_fu_2446">
<pin_list>
<pin id="2447" dir="0" index="0" bw="14" slack="2"/>
<pin id="2448" dir="1" index="1" bw="26" slack="0"/>
</pin_list>
<bind>
<opcode="sext(35) " fcode="sext"/>
<opset="sext_ln36_48/4 "/>
</bind>
</comp>

<comp id="2449" class="1004" name="q_est_18_fu_2449">
<pin_list>
<pin id="2450" dir="0" index="0" bw="32" slack="0"/>
<pin id="2451" dir="0" index="1" bw="48" slack="0"/>
<pin id="2452" dir="0" index="2" bw="6" slack="0"/>
<pin id="2453" dir="0" index="3" bw="7" slack="0"/>
<pin id="2454" dir="1" index="4" bw="32" slack="0"/>
</pin_list>
<bind>
<opcode="partselect(1002) " fcode="partselect"/>
<opset="q_est_18/4 "/>
</bind>
</comp>

<comp id="2460" class="1004" name="sext_ln36_50_fu_2460">
<pin_list>
<pin id="2461" dir="0" index="0" bw="14" slack="2"/>
<pin id="2462" dir="1" index="1" bw="26" slack="0"/>
</pin_list>
<bind>
<opcode="sext(35) " fcode="sext"/>
<opset="sext_ln36_50/4 "/>
</bind>
</comp>

<comp id="2463" class="1004" name="q_est_2_fu_2463">
<pin_list>
<pin id="2464" dir="0" index="0" bw="32" slack="0"/>
<pin id="2465" dir="0" index="1" bw="48" slack="0"/>
<pin id="2466" dir="0" index="2" bw="6" slack="0"/>
<pin id="2467" dir="0" index="3" bw="7" slack="0"/>
<pin id="2468" dir="1" index="4" bw="32" slack="0"/>
</pin_list>
<bind>
<opcode="partselect(1002) " fcode="partselect"/>
<opset="q_est_2/4 "/>
</bind>
</comp>

<comp id="2474" class="1004" name="sext_ln36_52_fu_2474">
<pin_list>
<pin id="2475" dir="0" index="0" bw="14" slack="2"/>
<pin id="2476" dir="1" index="1" bw="26" slack="0"/>
</pin_list>
<bind>
<opcode="sext(35) " fcode="sext"/>
<opset="sext_ln36_52/4 "/>
</bind>
</comp>

<comp id="2477" class="1004" name="q_est_3_fu_2477">
<pin_list>
<pin id="2478" dir="0" index="0" bw="32" slack="0"/>
<pin id="2479" dir="0" index="1" bw="48" slack="0"/>
<pin id="2480" dir="0" index="2" bw="6" slack="0"/>
<pin id="2481" dir="0" index="3" bw="7" slack="0"/>
<pin id="2482" dir="1" index="4" bw="32" slack="0"/>
</pin_list>
<bind>
<opcode="partselect(1002) " fcode="partselect"/>
<opset="q_est_3/4 "/>
</bind>
</comp>

<comp id="2488" class="1004" name="sext_ln36_54_fu_2488">
<pin_list>
<pin id="2489" dir="0" index="0" bw="14" slack="2"/>
<pin id="2490" dir="1" index="1" bw="26" slack="0"/>
</pin_list>
<bind>
<opcode="sext(35) " fcode="sext"/>
<opset="sext_ln36_54/4 "/>
</bind>
</comp>

<comp id="2491" class="1004" name="q_est_4_fu_2491">
<pin_list>
<pin id="2492" dir="0" index="0" bw="32" slack="0"/>
<pin id="2493" dir="0" index="1" bw="48" slack="0"/>
<pin id="2494" dir="0" index="2" bw="6" slack="0"/>
<pin id="2495" dir="0" index="3" bw="7" slack="0"/>
<pin id="2496" dir="1" index="4" bw="32" slack="0"/>
</pin_list>
<bind>
<opcode="partselect(1002) " fcode="partselect"/>
<opset="q_est_4/4 "/>
</bind>
</comp>

<comp id="2502" class="1004" name="sext_ln36_56_fu_2502">
<pin_list>
<pin id="2503" dir="0" index="0" bw="14" slack="2"/>
<pin id="2504" dir="1" index="1" bw="26" slack="0"/>
</pin_list>
<bind>
<opcode="sext(35) " fcode="sext"/>
<opset="sext_ln36_56/4 "/>
</bind>
</comp>

<comp id="2505" class="1004" name="q_est_5_fu_2505">
<pin_list>
<pin id="2506" dir="0" index="0" bw="32" slack="0"/>
<pin id="2507" dir="0" index="1" bw="48" slack="0"/>
<pin id="2508" dir="0" index="2" bw="6" slack="0"/>
<pin id="2509" dir="0" index="3" bw="7" slack="0"/>
<pin id="2510" dir="1" index="4" bw="32" slack="0"/>
</pin_list>
<bind>
<opcode="partselect(1002) " fcode="partselect"/>
<opset="q_est_5/4 "/>
</bind>
</comp>

<comp id="2516" class="1004" name="sext_ln36_58_fu_2516">
<pin_list>
<pin id="2517" dir="0" index="0" bw="14" slack="2"/>
<pin id="2518" dir="1" index="1" bw="26" slack="0"/>
</pin_list>
<bind>
<opcode="sext(35) " fcode="sext"/>
<opset="sext_ln36_58/4 "/>
</bind>
</comp>

<comp id="2519" class="1004" name="q_est_6_fu_2519">
<pin_list>
<pin id="2520" dir="0" index="0" bw="32" slack="0"/>
<pin id="2521" dir="0" index="1" bw="48" slack="0"/>
<pin id="2522" dir="0" index="2" bw="6" slack="0"/>
<pin id="2523" dir="0" index="3" bw="7" slack="0"/>
<pin id="2524" dir="1" index="4" bw="32" slack="0"/>
</pin_list>
<bind>
<opcode="partselect(1002) " fcode="partselect"/>
<opset="q_est_6/4 "/>
</bind>
</comp>

<comp id="2530" class="1004" name="sext_ln119_4_fu_2530">
<pin_list>
<pin id="2531" dir="0" index="0" bw="14" slack="2"/>
<pin id="2532" dir="1" index="1" bw="26" slack="0"/>
</pin_list>
<bind>
<opcode="sext(35) " fcode="sext"/>
<opset="sext_ln119_4/4 "/>
</bind>
</comp>

<comp id="2533" class="1004" name="w_assign_28_cast_fu_2533">
<pin_list>
<pin id="2534" dir="0" index="0" bw="12" slack="2"/>
<pin id="2535" dir="1" index="1" bw="26" slack="0"/>
</pin_list>
<bind>
<opcode="zext(34) " fcode="zext"/>
<opset="w_assign_28_cast/4 "/>
</bind>
</comp>

<comp id="2536" class="1004" name="q_est_7_fu_2536">
<pin_list>
<pin id="2537" dir="0" index="0" bw="32" slack="0"/>
<pin id="2538" dir="0" index="1" bw="48" slack="0"/>
<pin id="2539" dir="0" index="2" bw="6" slack="0"/>
<pin id="2540" dir="0" index="3" bw="7" slack="0"/>
<pin id="2541" dir="1" index="4" bw="32" slack="0"/>
</pin_list>
<bind>
<opcode="partselect(1002) " fcode="partselect"/>
<opset="q_est_7/4 "/>
</bind>
</comp>

<comp id="2547" class="1004" name="icmp_ln44_fu_2547">
<pin_list>
<pin id="2548" dir="0" index="0" bw="32" slack="0"/>
<pin id="2549" dir="0" index="1" bw="13" slack="0"/>
<pin id="2550" dir="1" index="2" bw="1" slack="0"/>
</pin_list>
<bind>
<opcode="icmp(45) " fcode="icmp"/>
<opset="icmp_ln44/6 "/>
</bind>
</comp>

<comp id="2552" class="1004" name="trunc_ln44_fu_2552">
<pin_list>
<pin id="2553" dir="0" index="0" bw="32" slack="0"/>
<pin id="2554" dir="1" index="1" bw="12" slack="0"/>
</pin_list>
<bind>
<opcode="trunc(33) " fcode="trunc"/>
<opset="trunc_ln44/6 "/>
</bind>
</comp>

<comp id="2555" class="1004" name="add_ln44_fu_2555">
<pin_list>
<pin id="2556" dir="0" index="0" bw="12" slack="0"/>
<pin id="2557" dir="0" index="1" bw="11" slack="0"/>
<pin id="2558" dir="1" index="2" bw="12" slack="0"/>
</pin_list>
<bind>
<opcode="add(8) " fcode="add"/>
<opset="add_ln44/6 "/>
</bind>
</comp>

<comp id="2561" class="1004" name="select_ln44_fu_2561">
<pin_list>
<pin id="2562" dir="0" index="0" bw="1" slack="0"/>
<pin id="2563" dir="0" index="1" bw="12" slack="0"/>
<pin id="2564" dir="0" index="2" bw="12" slack="0"/>
<pin id="2565" dir="1" index="3" bw="12" slack="0"/>
</pin_list>
<bind>
<opcode="select(49) " fcode="select"/>
<opset="select_ln44/6 "/>
</bind>
</comp>

<comp id="2571" class="1004" name="icmp_ln44_22_fu_2571">
<pin_list>
<pin id="2572" dir="0" index="0" bw="32" slack="0"/>
<pin id="2573" dir="0" index="1" bw="13" slack="0"/>
<pin id="2574" dir="1" index="2" bw="1" slack="0"/>
</pin_list>
<bind>
<opcode="icmp(45) " fcode="icmp"/>
<opset="icmp_ln44_22/6 "/>
</bind>
</comp>

<comp id="2576" class="1004" name="trunc_ln44_22_fu_2576">
<pin_list>
<pin id="2577" dir="0" index="0" bw="32" slack="0"/>
<pin id="2578" dir="1" index="1" bw="12" slack="0"/>
</pin_list>
<bind>
<opcode="trunc(33) " fcode="trunc"/>
<opset="trunc_ln44_22/6 "/>
</bind>
</comp>

<comp id="2579" class="1004" name="add_ln44_22_fu_2579">
<pin_list>
<pin id="2580" dir="0" index="0" bw="12" slack="0"/>
<pin id="2581" dir="0" index="1" bw="11" slack="0"/>
<pin id="2582" dir="1" index="2" bw="12" slack="0"/>
</pin_list>
<bind>
<opcode="add(8) " fcode="add"/>
<opset="add_ln44_22/6 "/>
</bind>
</comp>

<comp id="2585" class="1004" name="select_ln44_22_fu_2585">
<pin_list>
<pin id="2586" dir="0" index="0" bw="1" slack="0"/>
<pin id="2587" dir="0" index="1" bw="12" slack="0"/>
<pin id="2588" dir="0" index="2" bw="12" slack="0"/>
<pin id="2589" dir="1" index="3" bw="12" slack="0"/>
</pin_list>
<bind>
<opcode="select(49) " fcode="select"/>
<opset="select_ln44_22/6 "/>
</bind>
</comp>

<comp id="2595" class="1004" name="icmp_ln44_23_fu_2595">
<pin_list>
<pin id="2596" dir="0" index="0" bw="32" slack="0"/>
<pin id="2597" dir="0" index="1" bw="13" slack="0"/>
<pin id="2598" dir="1" index="2" bw="1" slack="0"/>
</pin_list>
<bind>
<opcode="icmp(45) " fcode="icmp"/>
<opset="icmp_ln44_23/6 "/>
</bind>
</comp>

<comp id="2600" class="1004" name="trunc_ln44_23_fu_2600">
<pin_list>
<pin id="2601" dir="0" index="0" bw="32" slack="0"/>
<pin id="2602" dir="1" index="1" bw="12" slack="0"/>
</pin_list>
<bind>
<opcode="trunc(33) " fcode="trunc"/>
<opset="trunc_ln44_23/6 "/>
</bind>
</comp>

<comp id="2603" class="1004" name="add_ln44_23_fu_2603">
<pin_list>
<pin id="2604" dir="0" index="0" bw="12" slack="0"/>
<pin id="2605" dir="0" index="1" bw="11" slack="0"/>
<pin id="2606" dir="1" index="2" bw="12" slack="0"/>
</pin_list>
<bind>
<opcode="add(8) " fcode="add"/>
<opset="add_ln44_23/6 "/>
</bind>
</comp>

<comp id="2609" class="1004" name="select_ln44_23_fu_2609">
<pin_list>
<pin id="2610" dir="0" index="0" bw="1" slack="0"/>
<pin id="2611" dir="0" index="1" bw="12" slack="0"/>
<pin id="2612" dir="0" index="2" bw="12" slack="0"/>
<pin id="2613" dir="1" index="3" bw="12" slack="0"/>
</pin_list>
<bind>
<opcode="select(49) " fcode="select"/>
<opset="select_ln44_23/6 "/>
</bind>
</comp>

<comp id="2619" class="1004" name="icmp_ln44_24_fu_2619">
<pin_list>
<pin id="2620" dir="0" index="0" bw="32" slack="0"/>
<pin id="2621" dir="0" index="1" bw="13" slack="0"/>
<pin id="2622" dir="1" index="2" bw="1" slack="0"/>
</pin_list>
<bind>
<opcode="icmp(45) " fcode="icmp"/>
<opset="icmp_ln44_24/6 "/>
</bind>
</comp>

<comp id="2624" class="1004" name="trunc_ln44_24_fu_2624">
<pin_list>
<pin id="2625" dir="0" index="0" bw="32" slack="0"/>
<pin id="2626" dir="1" index="1" bw="12" slack="0"/>
</pin_list>
<bind>
<opcode="trunc(33) " fcode="trunc"/>
<opset="trunc_ln44_24/6 "/>
</bind>
</comp>

<comp id="2627" class="1004" name="add_ln44_24_fu_2627">
<pin_list>
<pin id="2628" dir="0" index="0" bw="12" slack="0"/>
<pin id="2629" dir="0" index="1" bw="11" slack="0"/>
<pin id="2630" dir="1" index="2" bw="12" slack="0"/>
</pin_list>
<bind>
<opcode="add(8) " fcode="add"/>
<opset="add_ln44_24/6 "/>
</bind>
</comp>

<comp id="2633" class="1004" name="select_ln44_24_fu_2633">
<pin_list>
<pin id="2634" dir="0" index="0" bw="1" slack="0"/>
<pin id="2635" dir="0" index="1" bw="12" slack="0"/>
<pin id="2636" dir="0" index="2" bw="12" slack="0"/>
<pin id="2637" dir="1" index="3" bw="12" slack="0"/>
</pin_list>
<bind>
<opcode="select(49) " fcode="select"/>
<opset="select_ln44_24/6 "/>
</bind>
</comp>

<comp id="2643" class="1004" name="icmp_ln44_25_fu_2643">
<pin_list>
<pin id="2644" dir="0" index="0" bw="32" slack="0"/>
<pin id="2645" dir="0" index="1" bw="13" slack="0"/>
<pin id="2646" dir="1" index="2" bw="1" slack="0"/>
</pin_list>
<bind>
<opcode="icmp(45) " fcode="icmp"/>
<opset="icmp_ln44_25/6 "/>
</bind>
</comp>

<comp id="2648" class="1004" name="trunc_ln44_25_fu_2648">
<pin_list>
<pin id="2649" dir="0" index="0" bw="32" slack="0"/>
<pin id="2650" dir="1" index="1" bw="12" slack="0"/>
</pin_list>
<bind>
<opcode="trunc(33) " fcode="trunc"/>
<opset="trunc_ln44_25/6 "/>
</bind>
</comp>

<comp id="2651" class="1004" name="add_ln44_25_fu_2651">
<pin_list>
<pin id="2652" dir="0" index="0" bw="12" slack="0"/>
<pin id="2653" dir="0" index="1" bw="11" slack="0"/>
<pin id="2654" dir="1" index="2" bw="12" slack="0"/>
</pin_list>
<bind>
<opcode="add(8) " fcode="add"/>
<opset="add_ln44_25/6 "/>
</bind>
</comp>

<comp id="2657" class="1004" name="select_ln44_25_fu_2657">
<pin_list>
<pin id="2658" dir="0" index="0" bw="1" slack="0"/>
<pin id="2659" dir="0" index="1" bw="12" slack="0"/>
<pin id="2660" dir="0" index="2" bw="12" slack="0"/>
<pin id="2661" dir="1" index="3" bw="12" slack="0"/>
</pin_list>
<bind>
<opcode="select(49) " fcode="select"/>
<opset="select_ln44_25/6 "/>
</bind>
</comp>

<comp id="2667" class="1004" name="icmp_ln44_26_fu_2667">
<pin_list>
<pin id="2668" dir="0" index="0" bw="32" slack="0"/>
<pin id="2669" dir="0" index="1" bw="13" slack="0"/>
<pin id="2670" dir="1" index="2" bw="1" slack="0"/>
</pin_list>
<bind>
<opcode="icmp(45) " fcode="icmp"/>
<opset="icmp_ln44_26/6 "/>
</bind>
</comp>

<comp id="2672" class="1004" name="trunc_ln44_26_fu_2672">
<pin_list>
<pin id="2673" dir="0" index="0" bw="32" slack="0"/>
<pin id="2674" dir="1" index="1" bw="12" slack="0"/>
</pin_list>
<bind>
<opcode="trunc(33) " fcode="trunc"/>
<opset="trunc_ln44_26/6 "/>
</bind>
</comp>

<comp id="2675" class="1004" name="add_ln44_26_fu_2675">
<pin_list>
<pin id="2676" dir="0" index="0" bw="12" slack="0"/>
<pin id="2677" dir="0" index="1" bw="11" slack="0"/>
<pin id="2678" dir="1" index="2" bw="12" slack="0"/>
</pin_list>
<bind>
<opcode="add(8) " fcode="add"/>
<opset="add_ln44_26/6 "/>
</bind>
</comp>

<comp id="2681" class="1004" name="select_ln44_26_fu_2681">
<pin_list>
<pin id="2682" dir="0" index="0" bw="1" slack="0"/>
<pin id="2683" dir="0" index="1" bw="12" slack="0"/>
<pin id="2684" dir="0" index="2" bw="12" slack="0"/>
<pin id="2685" dir="1" index="3" bw="12" slack="0"/>
</pin_list>
<bind>
<opcode="select(49) " fcode="select"/>
<opset="select_ln44_26/6 "/>
</bind>
</comp>

<comp id="2691" class="1004" name="icmp_ln44_27_fu_2691">
<pin_list>
<pin id="2692" dir="0" index="0" bw="32" slack="0"/>
<pin id="2693" dir="0" index="1" bw="13" slack="0"/>
<pin id="2694" dir="1" index="2" bw="1" slack="0"/>
</pin_list>
<bind>
<opcode="icmp(45) " fcode="icmp"/>
<opset="icmp_ln44_27/6 "/>
</bind>
</comp>

<comp id="2696" class="1004" name="trunc_ln44_27_fu_2696">
<pin_list>
<pin id="2697" dir="0" index="0" bw="32" slack="0"/>
<pin id="2698" dir="1" index="1" bw="12" slack="0"/>
</pin_list>
<bind>
<opcode="trunc(33) " fcode="trunc"/>
<opset="trunc_ln44_27/6 "/>
</bind>
</comp>

<comp id="2699" class="1004" name="add_ln44_27_fu_2699">
<pin_list>
<pin id="2700" dir="0" index="0" bw="12" slack="0"/>
<pin id="2701" dir="0" index="1" bw="11" slack="0"/>
<pin id="2702" dir="1" index="2" bw="12" slack="0"/>
</pin_list>
<bind>
<opcode="add(8) " fcode="add"/>
<opset="add_ln44_27/6 "/>
</bind>
</comp>

<comp id="2705" class="1004" name="select_ln44_27_fu_2705">
<pin_list>
<pin id="2706" dir="0" index="0" bw="1" slack="0"/>
<pin id="2707" dir="0" index="1" bw="12" slack="0"/>
<pin id="2708" dir="0" index="2" bw="12" slack="0"/>
<pin id="2709" dir="1" index="3" bw="12" slack="0"/>
</pin_list>
<bind>
<opcode="select(49) " fcode="select"/>
<opset="select_ln44_27/6 "/>
</bind>
</comp>

<comp id="2715" class="1004" name="icmp_ln44_28_fu_2715">
<pin_list>
<pin id="2716" dir="0" index="0" bw="32" slack="0"/>
<pin id="2717" dir="0" index="1" bw="13" slack="0"/>
<pin id="2718" dir="1" index="2" bw="1" slack="0"/>
</pin_list>
<bind>
<opcode="icmp(45) " fcode="icmp"/>
<opset="icmp_ln44_28/6 "/>
</bind>
</comp>

<comp id="2720" class="1004" name="trunc_ln44_28_fu_2720">
<pin_list>
<pin id="2721" dir="0" index="0" bw="32" slack="0"/>
<pin id="2722" dir="1" index="1" bw="12" slack="0"/>
</pin_list>
<bind>
<opcode="trunc(33) " fcode="trunc"/>
<opset="trunc_ln44_28/6 "/>
</bind>
</comp>

<comp id="2723" class="1004" name="add_ln44_28_fu_2723">
<pin_list>
<pin id="2724" dir="0" index="0" bw="12" slack="0"/>
<pin id="2725" dir="0" index="1" bw="11" slack="0"/>
<pin id="2726" dir="1" index="2" bw="12" slack="0"/>
</pin_list>
<bind>
<opcode="add(8) " fcode="add"/>
<opset="add_ln44_28/6 "/>
</bind>
</comp>

<comp id="2729" class="1004" name="select_ln44_28_fu_2729">
<pin_list>
<pin id="2730" dir="0" index="0" bw="1" slack="0"/>
<pin id="2731" dir="0" index="1" bw="12" slack="0"/>
<pin id="2732" dir="0" index="2" bw="12" slack="0"/>
<pin id="2733" dir="1" index="3" bw="12" slack="0"/>
</pin_list>
<bind>
<opcode="select(49) " fcode="select"/>
<opset="select_ln44_28/6 "/>
</bind>
</comp>

<comp id="2739" class="1007" name="grp_fu_2739">
<pin_list>
<pin id="2740" dir="0" index="0" bw="14" slack="0"/>
<pin id="2741" dir="0" index="1" bw="12" slack="0"/>
<pin id="2742" dir="0" index="2" bw="32" slack="0"/>
<pin id="2743" dir="1" index="3" bw="32" slack="0"/>
</pin_list>
<bind>
<opcode="mul_sub(1174) " fcode="mul_sub"/>
<opset="xw/4 sext_ln40/6 r/6 "/>
</bind>
</comp>

<comp id="2749" class="1007" name="grp_fu_2749">
<pin_list>
<pin id="2750" dir="0" index="0" bw="14" slack="0"/>
<pin id="2751" dir="0" index="1" bw="12" slack="0"/>
<pin id="2752" dir="0" index="2" bw="32" slack="0"/>
<pin id="2753" dir="1" index="3" bw="32" slack="0"/>
</pin_list>
<bind>
<opcode="mul_sub(1174) " fcode="mul_sub"/>
<opset="xw_47/4 sext_ln40_22/6 r_47/6 "/>
</bind>
</comp>

<comp id="2759" class="1007" name="grp_fu_2759">
<pin_list>
<pin id="2760" dir="0" index="0" bw="14" slack="0"/>
<pin id="2761" dir="0" index="1" bw="12" slack="0"/>
<pin id="2762" dir="0" index="2" bw="32" slack="0"/>
<pin id="2763" dir="1" index="3" bw="32" slack="0"/>
</pin_list>
<bind>
<opcode="mul_sub(1174) " fcode="mul_sub"/>
<opset="xw_48/4 sext_ln40_23/6 r_48/6 "/>
</bind>
</comp>

<comp id="2769" class="1007" name="grp_fu_2769">
<pin_list>
<pin id="2770" dir="0" index="0" bw="14" slack="0"/>
<pin id="2771" dir="0" index="1" bw="12" slack="0"/>
<pin id="2772" dir="0" index="2" bw="32" slack="0"/>
<pin id="2773" dir="1" index="3" bw="32" slack="0"/>
</pin_list>
<bind>
<opcode="mul_sub(1174) " fcode="mul_sub"/>
<opset="xw_49/4 sext_ln40_24/6 r_49/6 "/>
</bind>
</comp>

<comp id="2779" class="1007" name="grp_fu_2779">
<pin_list>
<pin id="2780" dir="0" index="0" bw="14" slack="0"/>
<pin id="2781" dir="0" index="1" bw="12" slack="0"/>
<pin id="2782" dir="0" index="2" bw="32" slack="0"/>
<pin id="2783" dir="1" index="3" bw="32" slack="0"/>
</pin_list>
<bind>
<opcode="mul_sub(1174) " fcode="mul_sub"/>
<opset="xw_50/4 sext_ln40_25/6 r_50/6 "/>
</bind>
</comp>

<comp id="2789" class="1007" name="grp_fu_2789">
<pin_list>
<pin id="2790" dir="0" index="0" bw="14" slack="0"/>
<pin id="2791" dir="0" index="1" bw="12" slack="0"/>
<pin id="2792" dir="0" index="2" bw="32" slack="0"/>
<pin id="2793" dir="1" index="3" bw="32" slack="0"/>
</pin_list>
<bind>
<opcode="mul_sub(1174) " fcode="mul_sub"/>
<opset="xw_51/4 sext_ln40_26/6 r_51/6 "/>
</bind>
</comp>

<comp id="2799" class="1007" name="grp_fu_2799">
<pin_list>
<pin id="2800" dir="0" index="0" bw="14" slack="0"/>
<pin id="2801" dir="0" index="1" bw="12" slack="0"/>
<pin id="2802" dir="0" index="2" bw="32" slack="0"/>
<pin id="2803" dir="1" index="3" bw="32" slack="0"/>
</pin_list>
<bind>
<opcode="mul_sub(1174) " fcode="mul_sub"/>
<opset="xw_52/4 sext_ln40_27/6 r_52/6 "/>
</bind>
</comp>

<comp id="2809" class="1007" name="grp_fu_2809">
<pin_list>
<pin id="2810" dir="0" index="0" bw="14" slack="0"/>
<pin id="2811" dir="0" index="1" bw="12" slack="0"/>
<pin id="2812" dir="0" index="2" bw="32" slack="0"/>
<pin id="2813" dir="1" index="3" bw="32" slack="0"/>
</pin_list>
<bind>
<opcode="mul_sub(1174) " fcode="mul_sub"/>
<opset="xw_46/4 sext_ln40_28/6 r_46/6 "/>
</bind>
</comp>

<comp id="2819" class="1005" name="idx_reg_2819">
<pin_list>
<pin id="2820" dir="0" index="0" bw="8" slack="0"/>
<pin id="2821" dir="1" index="1" bw="8" slack="0"/>
</pin_list>
<bind>
<opset="idx "/>
</bind>
</comp>

<comp id="2826" class="1005" name="tmp_3_reg_2826">
<pin_list>
<pin id="2827" dir="0" index="0" bw="1" slack="4"/>
<pin id="2828" dir="1" index="1" bw="1" slack="2147483647"/>
</pin_list>
<bind>
<opset="tmp_3 "/>
</bind>
</comp>

<comp id="2830" class="1005" name="trunc_ln107_reg_2830">
<pin_list>
<pin id="2831" dir="0" index="0" bw="4" slack="1"/>
<pin id="2832" dir="1" index="1" bw="4" slack="1"/>
</pin_list>
<bind>
<opset="trunc_ln107 "/>
</bind>
</comp>

<comp id="2842" class="1005" name="zext_ln114_reg_2842">
<pin_list>
<pin id="2843" dir="0" index="0" bw="64" slack="5"/>
<pin id="2844" dir="1" index="1" bw="64" slack="5"/>
</pin_list>
<bind>
<opset="zext_ln114 "/>
</bind>
</comp>

<comp id="2862" class="1005" name="zext_ln115_reg_2862">
<pin_list>
<pin id="2863" dir="0" index="0" bw="64" slack="5"/>
<pin id="2864" dir="1" index="1" bw="64" slack="5"/>
</pin_list>
<bind>
<opset="zext_ln115 "/>
</bind>
</comp>

<comp id="2882" class="1005" name="src_0_addr_reg_2882">
<pin_list>
<pin id="2883" dir="0" index="0" bw="4" slack="1"/>
<pin id="2884" dir="1" index="1" bw="4" slack="1"/>
</pin_list>
<bind>
<opset="src_0_addr "/>
</bind>
</comp>

<comp id="2887" class="1005" name="src_8_addr_reg_2887">
<pin_list>
<pin id="2888" dir="0" index="0" bw="4" slack="1"/>
<pin id="2889" dir="1" index="1" bw="4" slack="1"/>
</pin_list>
<bind>
<opset="src_8_addr "/>
</bind>
</comp>

<comp id="2892" class="1005" name="src_0_addr_2_reg_2892">
<pin_list>
<pin id="2893" dir="0" index="0" bw="4" slack="1"/>
<pin id="2894" dir="1" index="1" bw="4" slack="1"/>
</pin_list>
<bind>
<opset="src_0_addr_2 "/>
</bind>
</comp>

<comp id="2897" class="1005" name="src_8_addr_2_reg_2897">
<pin_list>
<pin id="2898" dir="0" index="0" bw="4" slack="1"/>
<pin id="2899" dir="1" index="1" bw="4" slack="1"/>
</pin_list>
<bind>
<opset="src_8_addr_2 "/>
</bind>
</comp>

<comp id="2902" class="1005" name="p_ZL5INV_W_0_4_addr_reg_2902">
<pin_list>
<pin id="2903" dir="0" index="0" bw="5" slack="1"/>
<pin id="2904" dir="1" index="1" bw="5" slack="1"/>
</pin_list>
<bind>
<opset="p_ZL5INV_W_0_4_addr "/>
</bind>
</comp>

<comp id="2907" class="1005" name="p_ZL6INV_MW_0_4_addr_reg_2907">
<pin_list>
<pin id="2908" dir="0" index="0" bw="5" slack="1"/>
<pin id="2909" dir="1" index="1" bw="5" slack="1"/>
</pin_list>
<bind>
<opset="p_ZL6INV_MW_0_4_addr "/>
</bind>
</comp>

<comp id="2912" class="1005" name="src_1_addr_reg_2912">
<pin_list>
<pin id="2913" dir="0" index="0" bw="4" slack="1"/>
<pin id="2914" dir="1" index="1" bw="4" slack="1"/>
</pin_list>
<bind>
<opset="src_1_addr "/>
</bind>
</comp>

<comp id="2917" class="1005" name="src_9_addr_reg_2917">
<pin_list>
<pin id="2918" dir="0" index="0" bw="4" slack="1"/>
<pin id="2919" dir="1" index="1" bw="4" slack="1"/>
</pin_list>
<bind>
<opset="src_9_addr "/>
</bind>
</comp>

<comp id="2922" class="1005" name="src_1_addr_2_reg_2922">
<pin_list>
<pin id="2923" dir="0" index="0" bw="4" slack="1"/>
<pin id="2924" dir="1" index="1" bw="4" slack="1"/>
</pin_list>
<bind>
<opset="src_1_addr_2 "/>
</bind>
</comp>

<comp id="2927" class="1005" name="src_9_addr_2_reg_2927">
<pin_list>
<pin id="2928" dir="0" index="0" bw="4" slack="1"/>
<pin id="2929" dir="1" index="1" bw="4" slack="1"/>
</pin_list>
<bind>
<opset="src_9_addr_2 "/>
</bind>
</comp>

<comp id="2932" class="1005" name="p_ZL5INV_W_1_4_addr_reg_2932">
<pin_list>
<pin id="2933" dir="0" index="0" bw="5" slack="1"/>
<pin id="2934" dir="1" index="1" bw="5" slack="1"/>
</pin_list>
<bind>
<opset="p_ZL5INV_W_1_4_addr "/>
</bind>
</comp>

<comp id="2937" class="1005" name="p_ZL6INV_MW_1_4_addr_reg_2937">
<pin_list>
<pin id="2938" dir="0" index="0" bw="5" slack="1"/>
<pin id="2939" dir="1" index="1" bw="5" slack="1"/>
</pin_list>
<bind>
<opset="p_ZL6INV_MW_1_4_addr "/>
</bind>
</comp>

<comp id="2942" class="1005" name="src_2_addr_reg_2942">
<pin_list>
<pin id="2943" dir="0" index="0" bw="4" slack="1"/>
<pin id="2944" dir="1" index="1" bw="4" slack="1"/>
</pin_list>
<bind>
<opset="src_2_addr "/>
</bind>
</comp>

<comp id="2947" class="1005" name="src_10_addr_reg_2947">
<pin_list>
<pin id="2948" dir="0" index="0" bw="4" slack="1"/>
<pin id="2949" dir="1" index="1" bw="4" slack="1"/>
</pin_list>
<bind>
<opset="src_10_addr "/>
</bind>
</comp>

<comp id="2952" class="1005" name="src_2_addr_2_reg_2952">
<pin_list>
<pin id="2953" dir="0" index="0" bw="4" slack="1"/>
<pin id="2954" dir="1" index="1" bw="4" slack="1"/>
</pin_list>
<bind>
<opset="src_2_addr_2 "/>
</bind>
</comp>

<comp id="2957" class="1005" name="src_10_addr_2_reg_2957">
<pin_list>
<pin id="2958" dir="0" index="0" bw="4" slack="1"/>
<pin id="2959" dir="1" index="1" bw="4" slack="1"/>
</pin_list>
<bind>
<opset="src_10_addr_2 "/>
</bind>
</comp>

<comp id="2962" class="1005" name="p_ZL5INV_W_2_4_addr_reg_2962">
<pin_list>
<pin id="2963" dir="0" index="0" bw="5" slack="1"/>
<pin id="2964" dir="1" index="1" bw="5" slack="1"/>
</pin_list>
<bind>
<opset="p_ZL5INV_W_2_4_addr "/>
</bind>
</comp>

<comp id="2967" class="1005" name="p_ZL6INV_MW_2_4_addr_reg_2967">
<pin_list>
<pin id="2968" dir="0" index="0" bw="5" slack="1"/>
<pin id="2969" dir="1" index="1" bw="5" slack="1"/>
</pin_list>
<bind>
<opset="p_ZL6INV_MW_2_4_addr "/>
</bind>
</comp>

<comp id="2972" class="1005" name="src_3_addr_reg_2972">
<pin_list>
<pin id="2973" dir="0" index="0" bw="4" slack="1"/>
<pin id="2974" dir="1" index="1" bw="4" slack="1"/>
</pin_list>
<bind>
<opset="src_3_addr "/>
</bind>
</comp>

<comp id="2977" class="1005" name="src_11_addr_reg_2977">
<pin_list>
<pin id="2978" dir="0" index="0" bw="4" slack="1"/>
<pin id="2979" dir="1" index="1" bw="4" slack="1"/>
</pin_list>
<bind>
<opset="src_11_addr "/>
</bind>
</comp>

<comp id="2982" class="1005" name="src_3_addr_2_reg_2982">
<pin_list>
<pin id="2983" dir="0" index="0" bw="4" slack="1"/>
<pin id="2984" dir="1" index="1" bw="4" slack="1"/>
</pin_list>
<bind>
<opset="src_3_addr_2 "/>
</bind>
</comp>

<comp id="2987" class="1005" name="src_11_addr_2_reg_2987">
<pin_list>
<pin id="2988" dir="0" index="0" bw="4" slack="1"/>
<pin id="2989" dir="1" index="1" bw="4" slack="1"/>
</pin_list>
<bind>
<opset="src_11_addr_2 "/>
</bind>
</comp>

<comp id="2992" class="1005" name="p_ZL5INV_W_3_4_addr_reg_2992">
<pin_list>
<pin id="2993" dir="0" index="0" bw="5" slack="1"/>
<pin id="2994" dir="1" index="1" bw="5" slack="1"/>
</pin_list>
<bind>
<opset="p_ZL5INV_W_3_4_addr "/>
</bind>
</comp>

<comp id="2997" class="1005" name="p_ZL6INV_MW_3_4_addr_reg_2997">
<pin_list>
<pin id="2998" dir="0" index="0" bw="5" slack="1"/>
<pin id="2999" dir="1" index="1" bw="5" slack="1"/>
</pin_list>
<bind>
<opset="p_ZL6INV_MW_3_4_addr "/>
</bind>
</comp>

<comp id="3002" class="1005" name="src_4_addr_reg_3002">
<pin_list>
<pin id="3003" dir="0" index="0" bw="4" slack="1"/>
<pin id="3004" dir="1" index="1" bw="4" slack="1"/>
</pin_list>
<bind>
<opset="src_4_addr "/>
</bind>
</comp>

<comp id="3007" class="1005" name="src_12_addr_reg_3007">
<pin_list>
<pin id="3008" dir="0" index="0" bw="4" slack="1"/>
<pin id="3009" dir="1" index="1" bw="4" slack="1"/>
</pin_list>
<bind>
<opset="src_12_addr "/>
</bind>
</comp>

<comp id="3012" class="1005" name="src_4_addr_2_reg_3012">
<pin_list>
<pin id="3013" dir="0" index="0" bw="4" slack="1"/>
<pin id="3014" dir="1" index="1" bw="4" slack="1"/>
</pin_list>
<bind>
<opset="src_4_addr_2 "/>
</bind>
</comp>

<comp id="3017" class="1005" name="src_12_addr_2_reg_3017">
<pin_list>
<pin id="3018" dir="0" index="0" bw="4" slack="1"/>
<pin id="3019" dir="1" index="1" bw="4" slack="1"/>
</pin_list>
<bind>
<opset="src_12_addr_2 "/>
</bind>
</comp>

<comp id="3022" class="1005" name="p_ZL5INV_W_0_4_addr_1_reg_3022">
<pin_list>
<pin id="3023" dir="0" index="0" bw="5" slack="1"/>
<pin id="3024" dir="1" index="1" bw="5" slack="1"/>
</pin_list>
<bind>
<opset="p_ZL5INV_W_0_4_addr_1 "/>
</bind>
</comp>

<comp id="3027" class="1005" name="p_ZL6INV_MW_0_4_addr_1_reg_3027">
<pin_list>
<pin id="3028" dir="0" index="0" bw="5" slack="1"/>
<pin id="3029" dir="1" index="1" bw="5" slack="1"/>
</pin_list>
<bind>
<opset="p_ZL6INV_MW_0_4_addr_1 "/>
</bind>
</comp>

<comp id="3032" class="1005" name="src_5_addr_reg_3032">
<pin_list>
<pin id="3033" dir="0" index="0" bw="4" slack="1"/>
<pin id="3034" dir="1" index="1" bw="4" slack="1"/>
</pin_list>
<bind>
<opset="src_5_addr "/>
</bind>
</comp>

<comp id="3037" class="1005" name="src_13_addr_reg_3037">
<pin_list>
<pin id="3038" dir="0" index="0" bw="4" slack="1"/>
<pin id="3039" dir="1" index="1" bw="4" slack="1"/>
</pin_list>
<bind>
<opset="src_13_addr "/>
</bind>
</comp>

<comp id="3042" class="1005" name="src_5_addr_2_reg_3042">
<pin_list>
<pin id="3043" dir="0" index="0" bw="4" slack="1"/>
<pin id="3044" dir="1" index="1" bw="4" slack="1"/>
</pin_list>
<bind>
<opset="src_5_addr_2 "/>
</bind>
</comp>

<comp id="3047" class="1005" name="src_13_addr_2_reg_3047">
<pin_list>
<pin id="3048" dir="0" index="0" bw="4" slack="1"/>
<pin id="3049" dir="1" index="1" bw="4" slack="1"/>
</pin_list>
<bind>
<opset="src_13_addr_2 "/>
</bind>
</comp>

<comp id="3052" class="1005" name="p_ZL5INV_W_1_4_addr_1_reg_3052">
<pin_list>
<pin id="3053" dir="0" index="0" bw="5" slack="1"/>
<pin id="3054" dir="1" index="1" bw="5" slack="1"/>
</pin_list>
<bind>
<opset="p_ZL5INV_W_1_4_addr_1 "/>
</bind>
</comp>

<comp id="3057" class="1005" name="p_ZL6INV_MW_1_4_addr_1_reg_3057">
<pin_list>
<pin id="3058" dir="0" index="0" bw="5" slack="1"/>
<pin id="3059" dir="1" index="1" bw="5" slack="1"/>
</pin_list>
<bind>
<opset="p_ZL6INV_MW_1_4_addr_1 "/>
</bind>
</comp>

<comp id="3062" class="1005" name="src_6_addr_reg_3062">
<pin_list>
<pin id="3063" dir="0" index="0" bw="4" slack="1"/>
<pin id="3064" dir="1" index="1" bw="4" slack="1"/>
</pin_list>
<bind>
<opset="src_6_addr "/>
</bind>
</comp>

<comp id="3067" class="1005" name="src_14_addr_reg_3067">
<pin_list>
<pin id="3068" dir="0" index="0" bw="4" slack="1"/>
<pin id="3069" dir="1" index="1" bw="4" slack="1"/>
</pin_list>
<bind>
<opset="src_14_addr "/>
</bind>
</comp>

<comp id="3072" class="1005" name="src_6_addr_2_reg_3072">
<pin_list>
<pin id="3073" dir="0" index="0" bw="4" slack="1"/>
<pin id="3074" dir="1" index="1" bw="4" slack="1"/>
</pin_list>
<bind>
<opset="src_6_addr_2 "/>
</bind>
</comp>

<comp id="3077" class="1005" name="src_14_addr_2_reg_3077">
<pin_list>
<pin id="3078" dir="0" index="0" bw="4" slack="1"/>
<pin id="3079" dir="1" index="1" bw="4" slack="1"/>
</pin_list>
<bind>
<opset="src_14_addr_2 "/>
</bind>
</comp>

<comp id="3082" class="1005" name="p_ZL5INV_W_2_4_addr_1_reg_3082">
<pin_list>
<pin id="3083" dir="0" index="0" bw="5" slack="1"/>
<pin id="3084" dir="1" index="1" bw="5" slack="1"/>
</pin_list>
<bind>
<opset="p_ZL5INV_W_2_4_addr_1 "/>
</bind>
</comp>

<comp id="3087" class="1005" name="p_ZL6INV_MW_2_4_addr_1_reg_3087">
<pin_list>
<pin id="3088" dir="0" index="0" bw="5" slack="1"/>
<pin id="3089" dir="1" index="1" bw="5" slack="1"/>
</pin_list>
<bind>
<opset="p_ZL6INV_MW_2_4_addr_1 "/>
</bind>
</comp>

<comp id="3092" class="1005" name="src_7_addr_reg_3092">
<pin_list>
<pin id="3093" dir="0" index="0" bw="4" slack="1"/>
<pin id="3094" dir="1" index="1" bw="4" slack="1"/>
</pin_list>
<bind>
<opset="src_7_addr "/>
</bind>
</comp>

<comp id="3097" class="1005" name="src_15_addr_reg_3097">
<pin_list>
<pin id="3098" dir="0" index="0" bw="4" slack="1"/>
<pin id="3099" dir="1" index="1" bw="4" slack="1"/>
</pin_list>
<bind>
<opset="src_15_addr "/>
</bind>
</comp>

<comp id="3102" class="1005" name="src_7_addr_2_reg_3102">
<pin_list>
<pin id="3103" dir="0" index="0" bw="4" slack="1"/>
<pin id="3104" dir="1" index="1" bw="4" slack="1"/>
</pin_list>
<bind>
<opset="src_7_addr_2 "/>
</bind>
</comp>

<comp id="3107" class="1005" name="src_15_addr_2_reg_3107">
<pin_list>
<pin id="3108" dir="0" index="0" bw="4" slack="1"/>
<pin id="3109" dir="1" index="1" bw="4" slack="1"/>
</pin_list>
<bind>
<opset="src_15_addr_2 "/>
</bind>
</comp>

<comp id="3112" class="1005" name="p_ZL5INV_W_3_4_addr_1_reg_3112">
<pin_list>
<pin id="3113" dir="0" index="0" bw="5" slack="1"/>
<pin id="3114" dir="1" index="1" bw="5" slack="1"/>
</pin_list>
<bind>
<opset="p_ZL5INV_W_3_4_addr_1 "/>
</bind>
</comp>

<comp id="3117" class="1005" name="p_ZL6INV_MW_3_4_addr_1_reg_3117">
<pin_list>
<pin id="3118" dir="0" index="0" bw="5" slack="1"/>
<pin id="3119" dir="1" index="1" bw="5" slack="1"/>
</pin_list>
<bind>
<opset="p_ZL6INV_MW_3_4_addr_1 "/>
</bind>
</comp>

<comp id="3122" class="1005" name="icmp_ln118_reg_3122">
<pin_list>
<pin id="3123" dir="0" index="0" bw="1" slack="5"/>
<pin id="3124" dir="1" index="1" bw="1" slack="2147483647"/>
</pin_list>
<bind>
<opset="icmp_ln118 "/>
</bind>
</comp>

<comp id="3126" class="1005" name="select_ln48_reg_3126">
<pin_list>
<pin id="3127" dir="0" index="0" bw="12" slack="4"/>
<pin id="3128" dir="1" index="1" bw="12" slack="4"/>
</pin_list>
<bind>
<opset="select_ln48 "/>
</bind>
</comp>

<comp id="3132" class="1005" name="sub_ln52_reg_3132">
<pin_list>
<pin id="3133" dir="0" index="0" bw="14" slack="2"/>
<pin id="3134" dir="1" index="1" bw="14" slack="2"/>
</pin_list>
<bind>
<opset="sub_ln52 "/>
</bind>
</comp>

<comp id="3137" class="1005" name="p_ZL5INV_W_0_4_load_reg_3137">
<pin_list>
<pin id="3138" dir="0" index="0" bw="12" slack="2"/>
<pin id="3139" dir="1" index="1" bw="12" slack="2"/>
</pin_list>
<bind>
<opset="p_ZL5INV_W_0_4_load "/>
</bind>
</comp>

<comp id="3142" class="1005" name="zext_ln36_reg_3142">
<pin_list>
<pin id="3143" dir="0" index="0" bw="48" slack="1"/>
<pin id="3144" dir="1" index="1" bw="48" slack="1"/>
</pin_list>
<bind>
<opset="zext_ln36 "/>
</bind>
</comp>

<comp id="3147" class="1005" name="zext_ln36_46_reg_3147">
<pin_list>
<pin id="3148" dir="0" index="0" bw="48" slack="1"/>
<pin id="3149" dir="1" index="1" bw="48" slack="1"/>
</pin_list>
<bind>
<opset="zext_ln36_46 "/>
</bind>
</comp>

<comp id="3152" class="1005" name="p_ZL5INV_W_1_4_load_reg_3152">
<pin_list>
<pin id="3153" dir="0" index="0" bw="12" slack="2"/>
<pin id="3154" dir="1" index="1" bw="12" slack="2"/>
</pin_list>
<bind>
<opset="p_ZL5INV_W_1_4_load "/>
</bind>
</comp>

<comp id="3157" class="1005" name="zext_ln36_47_reg_3157">
<pin_list>
<pin id="3158" dir="0" index="0" bw="48" slack="1"/>
<pin id="3159" dir="1" index="1" bw="48" slack="1"/>
</pin_list>
<bind>
<opset="zext_ln36_47 "/>
</bind>
</comp>

<comp id="3162" class="1005" name="p_ZL5INV_W_2_4_load_reg_3162">
<pin_list>
<pin id="3163" dir="0" index="0" bw="12" slack="2"/>
<pin id="3164" dir="1" index="1" bw="12" slack="2"/>
</pin_list>
<bind>
<opset="p_ZL5INV_W_2_4_load "/>
</bind>
</comp>

<comp id="3167" class="1005" name="zext_ln36_48_reg_3167">
<pin_list>
<pin id="3168" dir="0" index="0" bw="48" slack="1"/>
<pin id="3169" dir="1" index="1" bw="48" slack="1"/>
</pin_list>
<bind>
<opset="zext_ln36_48 "/>
</bind>
</comp>

<comp id="3172" class="1005" name="p_ZL5INV_W_3_4_load_reg_3172">
<pin_list>
<pin id="3173" dir="0" index="0" bw="12" slack="2"/>
<pin id="3174" dir="1" index="1" bw="12" slack="2"/>
</pin_list>
<bind>
<opset="p_ZL5INV_W_3_4_load "/>
</bind>
</comp>

<comp id="3177" class="1005" name="zext_ln36_49_reg_3177">
<pin_list>
<pin id="3178" dir="0" index="0" bw="48" slack="1"/>
<pin id="3179" dir="1" index="1" bw="48" slack="1"/>
</pin_list>
<bind>
<opset="zext_ln36_49 "/>
</bind>
</comp>

<comp id="3182" class="1005" name="p_ZL5INV_W_0_4_load_1_reg_3182">
<pin_list>
<pin id="3183" dir="0" index="0" bw="12" slack="2"/>
<pin id="3184" dir="1" index="1" bw="12" slack="2"/>
</pin_list>
<bind>
<opset="p_ZL5INV_W_0_4_load_1 "/>
</bind>
</comp>

<comp id="3187" class="1005" name="zext_ln36_50_reg_3187">
<pin_list>
<pin id="3188" dir="0" index="0" bw="48" slack="1"/>
<pin id="3189" dir="1" index="1" bw="48" slack="1"/>
</pin_list>
<bind>
<opset="zext_ln36_50 "/>
</bind>
</comp>

<comp id="3192" class="1005" name="p_ZL5INV_W_1_4_load_1_reg_3192">
<pin_list>
<pin id="3193" dir="0" index="0" bw="12" slack="2"/>
<pin id="3194" dir="1" index="1" bw="12" slack="2"/>
</pin_list>
<bind>
<opset="p_ZL5INV_W_1_4_load_1 "/>
</bind>
</comp>

<comp id="3197" class="1005" name="zext_ln36_51_reg_3197">
<pin_list>
<pin id="3198" dir="0" index="0" bw="48" slack="1"/>
<pin id="3199" dir="1" index="1" bw="48" slack="1"/>
</pin_list>
<bind>
<opset="zext_ln36_51 "/>
</bind>
</comp>

<comp id="3202" class="1005" name="p_ZL5INV_W_2_4_load_1_reg_3202">
<pin_list>
<pin id="3203" dir="0" index="0" bw="12" slack="2"/>
<pin id="3204" dir="1" index="1" bw="12" slack="2"/>
</pin_list>
<bind>
<opset="p_ZL5INV_W_2_4_load_1 "/>
</bind>
</comp>

<comp id="3207" class="1005" name="zext_ln36_52_reg_3207">
<pin_list>
<pin id="3208" dir="0" index="0" bw="48" slack="1"/>
<pin id="3209" dir="1" index="1" bw="48" slack="1"/>
</pin_list>
<bind>
<opset="zext_ln36_52 "/>
</bind>
</comp>

<comp id="3212" class="1005" name="select_ln48_22_reg_3212">
<pin_list>
<pin id="3213" dir="0" index="0" bw="12" slack="4"/>
<pin id="3214" dir="1" index="1" bw="12" slack="4"/>
</pin_list>
<bind>
<opset="select_ln48_22 "/>
</bind>
</comp>

<comp id="3218" class="1005" name="sub_ln52_22_reg_3218">
<pin_list>
<pin id="3219" dir="0" index="0" bw="14" slack="2"/>
<pin id="3220" dir="1" index="1" bw="14" slack="2"/>
</pin_list>
<bind>
<opset="sub_ln52_22 "/>
</bind>
</comp>

<comp id="3223" class="1005" name="zext_ln36_53_reg_3223">
<pin_list>
<pin id="3224" dir="0" index="0" bw="48" slack="1"/>
<pin id="3225" dir="1" index="1" bw="48" slack="1"/>
</pin_list>
<bind>
<opset="zext_ln36_53 "/>
</bind>
</comp>

<comp id="3228" class="1005" name="select_ln48_23_reg_3228">
<pin_list>
<pin id="3229" dir="0" index="0" bw="12" slack="4"/>
<pin id="3230" dir="1" index="1" bw="12" slack="4"/>
</pin_list>
<bind>
<opset="select_ln48_23 "/>
</bind>
</comp>

<comp id="3234" class="1005" name="sub_ln52_23_reg_3234">
<pin_list>
<pin id="3235" dir="0" index="0" bw="14" slack="2"/>
<pin id="3236" dir="1" index="1" bw="14" slack="2"/>
</pin_list>
<bind>
<opset="sub_ln52_23 "/>
</bind>
</comp>

<comp id="3239" class="1005" name="zext_ln36_54_reg_3239">
<pin_list>
<pin id="3240" dir="0" index="0" bw="48" slack="1"/>
<pin id="3241" dir="1" index="1" bw="48" slack="1"/>
</pin_list>
<bind>
<opset="zext_ln36_54 "/>
</bind>
</comp>

<comp id="3244" class="1005" name="select_ln48_24_reg_3244">
<pin_list>
<pin id="3245" dir="0" index="0" bw="12" slack="4"/>
<pin id="3246" dir="1" index="1" bw="12" slack="4"/>
</pin_list>
<bind>
<opset="select_ln48_24 "/>
</bind>
</comp>

<comp id="3250" class="1005" name="sub_ln52_24_reg_3250">
<pin_list>
<pin id="3251" dir="0" index="0" bw="14" slack="2"/>
<pin id="3252" dir="1" index="1" bw="14" slack="2"/>
</pin_list>
<bind>
<opset="sub_ln52_24 "/>
</bind>
</comp>

<comp id="3255" class="1005" name="zext_ln36_55_reg_3255">
<pin_list>
<pin id="3256" dir="0" index="0" bw="48" slack="1"/>
<pin id="3257" dir="1" index="1" bw="48" slack="1"/>
</pin_list>
<bind>
<opset="zext_ln36_55 "/>
</bind>
</comp>

<comp id="3260" class="1005" name="select_ln48_25_reg_3260">
<pin_list>
<pin id="3261" dir="0" index="0" bw="12" slack="4"/>
<pin id="3262" dir="1" index="1" bw="12" slack="4"/>
</pin_list>
<bind>
<opset="select_ln48_25 "/>
</bind>
</comp>

<comp id="3266" class="1005" name="sub_ln52_25_reg_3266">
<pin_list>
<pin id="3267" dir="0" index="0" bw="14" slack="2"/>
<pin id="3268" dir="1" index="1" bw="14" slack="2"/>
</pin_list>
<bind>
<opset="sub_ln52_25 "/>
</bind>
</comp>

<comp id="3271" class="1005" name="zext_ln36_56_reg_3271">
<pin_list>
<pin id="3272" dir="0" index="0" bw="48" slack="1"/>
<pin id="3273" dir="1" index="1" bw="48" slack="1"/>
</pin_list>
<bind>
<opset="zext_ln36_56 "/>
</bind>
</comp>

<comp id="3276" class="1005" name="select_ln48_26_reg_3276">
<pin_list>
<pin id="3277" dir="0" index="0" bw="12" slack="4"/>
<pin id="3278" dir="1" index="1" bw="12" slack="4"/>
</pin_list>
<bind>
<opset="select_ln48_26 "/>
</bind>
</comp>

<comp id="3282" class="1005" name="sub_ln52_26_reg_3282">
<pin_list>
<pin id="3283" dir="0" index="0" bw="14" slack="2"/>
<pin id="3284" dir="1" index="1" bw="14" slack="2"/>
</pin_list>
<bind>
<opset="sub_ln52_26 "/>
</bind>
</comp>

<comp id="3287" class="1005" name="zext_ln36_57_reg_3287">
<pin_list>
<pin id="3288" dir="0" index="0" bw="48" slack="1"/>
<pin id="3289" dir="1" index="1" bw="48" slack="1"/>
</pin_list>
<bind>
<opset="zext_ln36_57 "/>
</bind>
</comp>

<comp id="3292" class="1005" name="select_ln48_27_reg_3292">
<pin_list>
<pin id="3293" dir="0" index="0" bw="12" slack="4"/>
<pin id="3294" dir="1" index="1" bw="12" slack="4"/>
</pin_list>
<bind>
<opset="select_ln48_27 "/>
</bind>
</comp>

<comp id="3298" class="1005" name="sub_ln52_27_reg_3298">
<pin_list>
<pin id="3299" dir="0" index="0" bw="14" slack="2"/>
<pin id="3300" dir="1" index="1" bw="14" slack="2"/>
</pin_list>
<bind>
<opset="sub_ln52_27 "/>
</bind>
</comp>

<comp id="3303" class="1005" name="zext_ln36_58_reg_3303">
<pin_list>
<pin id="3304" dir="0" index="0" bw="48" slack="1"/>
<pin id="3305" dir="1" index="1" bw="48" slack="1"/>
</pin_list>
<bind>
<opset="zext_ln36_58 "/>
</bind>
</comp>

<comp id="3308" class="1005" name="select_ln48_28_reg_3308">
<pin_list>
<pin id="3309" dir="0" index="0" bw="12" slack="4"/>
<pin id="3310" dir="1" index="1" bw="12" slack="4"/>
</pin_list>
<bind>
<opset="select_ln48_28 "/>
</bind>
</comp>

<comp id="3314" class="1005" name="sub_ln52_28_reg_3314">
<pin_list>
<pin id="3315" dir="0" index="0" bw="14" slack="2"/>
<pin id="3316" dir="1" index="1" bw="14" slack="2"/>
</pin_list>
<bind>
<opset="sub_ln52_28 "/>
</bind>
</comp>

<comp id="3319" class="1005" name="p_ZL5INV_W_3_4_load_1_reg_3319">
<pin_list>
<pin id="3320" dir="0" index="0" bw="12" slack="2"/>
<pin id="3321" dir="1" index="1" bw="12" slack="2"/>
</pin_list>
<bind>
<opset="p_ZL5INV_W_3_4_load_1 "/>
</bind>
</comp>

<comp id="3324" class="1005" name="zext_ln36_59_reg_3324">
<pin_list>
<pin id="3325" dir="0" index="0" bw="48" slack="1"/>
<pin id="3326" dir="1" index="1" bw="48" slack="1"/>
</pin_list>
<bind>
<opset="zext_ln36_59 "/>
</bind>
</comp>

<comp id="3329" class="1005" name="zext_ln36_60_reg_3329">
<pin_list>
<pin id="3330" dir="0" index="0" bw="48" slack="1"/>
<pin id="3331" dir="1" index="1" bw="48" slack="1"/>
</pin_list>
<bind>
<opset="zext_ln36_60 "/>
</bind>
</comp>

<comp id="3334" class="1005" name="icmp_ln118_8_reg_3334">
<pin_list>
<pin id="3335" dir="0" index="0" bw="1" slack="4"/>
<pin id="3336" dir="1" index="1" bw="1" slack="2147483647"/>
</pin_list>
<bind>
<opset="icmp_ln118_8 "/>
</bind>
</comp>

<comp id="3338" class="1005" name="icmp_ln118_9_reg_3338">
<pin_list>
<pin id="3339" dir="0" index="0" bw="1" slack="4"/>
<pin id="3340" dir="1" index="1" bw="1" slack="2147483647"/>
</pin_list>
<bind>
<opset="icmp_ln118_9 "/>
</bind>
</comp>

<comp id="3342" class="1005" name="icmp_ln118_10_reg_3342">
<pin_list>
<pin id="3343" dir="0" index="0" bw="1" slack="4"/>
<pin id="3344" dir="1" index="1" bw="1" slack="2147483647"/>
</pin_list>
<bind>
<opset="icmp_ln118_10 "/>
</bind>
</comp>

<comp id="3346" class="1005" name="icmp_ln118_11_reg_3346">
<pin_list>
<pin id="3347" dir="0" index="0" bw="1" slack="4"/>
<pin id="3348" dir="1" index="1" bw="1" slack="2147483647"/>
</pin_list>
<bind>
<opset="icmp_ln118_11 "/>
</bind>
</comp>

<comp id="3350" class="1005" name="icmp_ln118_12_reg_3350">
<pin_list>
<pin id="3351" dir="0" index="0" bw="1" slack="4"/>
<pin id="3352" dir="1" index="1" bw="1" slack="2147483647"/>
</pin_list>
<bind>
<opset="icmp_ln118_12 "/>
</bind>
</comp>

<comp id="3354" class="1005" name="icmp_ln118_13_reg_3354">
<pin_list>
<pin id="3355" dir="0" index="0" bw="1" slack="4"/>
<pin id="3356" dir="1" index="1" bw="1" slack="2147483647"/>
</pin_list>
<bind>
<opset="icmp_ln118_13 "/>
</bind>
</comp>

<comp id="3358" class="1005" name="icmp_ln118_14_reg_3358">
<pin_list>
<pin id="3359" dir="0" index="0" bw="1" slack="4"/>
<pin id="3360" dir="1" index="1" bw="1" slack="2147483647"/>
</pin_list>
<bind>
<opset="icmp_ln118_14 "/>
</bind>
</comp>

<comp id="3362" class="1005" name="sext_ln119_reg_3362">
<pin_list>
<pin id="3363" dir="0" index="0" bw="26" slack="1"/>
<pin id="3364" dir="1" index="1" bw="26" slack="1"/>
</pin_list>
<bind>
<opset="sext_ln119 "/>
</bind>
</comp>

<comp id="3367" class="1005" name="w_assign_cast_reg_3367">
<pin_list>
<pin id="3368" dir="0" index="0" bw="26" slack="1"/>
<pin id="3369" dir="1" index="1" bw="26" slack="1"/>
</pin_list>
<bind>
<opset="w_assign_cast "/>
</bind>
</comp>

<comp id="3372" class="1005" name="q_est_reg_3372">
<pin_list>
<pin id="3373" dir="0" index="0" bw="32" slack="1"/>
<pin id="3374" dir="1" index="1" bw="32" slack="1"/>
</pin_list>
<bind>
<opset="q_est "/>
</bind>
</comp>

<comp id="3377" class="1005" name="w_assign_22_cast_reg_3377">
<pin_list>
<pin id="3378" dir="0" index="0" bw="26" slack="1"/>
<pin id="3379" dir="1" index="1" bw="26" slack="1"/>
</pin_list>
<bind>
<opset="w_assign_22_cast "/>
</bind>
</comp>

<comp id="3382" class="1005" name="w_assign_23_cast_reg_3382">
<pin_list>
<pin id="3383" dir="0" index="0" bw="26" slack="1"/>
<pin id="3384" dir="1" index="1" bw="26" slack="1"/>
</pin_list>
<bind>
<opset="w_assign_23_cast "/>
</bind>
</comp>

<comp id="3387" class="1005" name="w_assign_24_cast_reg_3387">
<pin_list>
<pin id="3388" dir="0" index="0" bw="26" slack="1"/>
<pin id="3389" dir="1" index="1" bw="26" slack="1"/>
</pin_list>
<bind>
<opset="w_assign_24_cast "/>
</bind>
</comp>

<comp id="3392" class="1005" name="w_assign_25_cast_reg_3392">
<pin_list>
<pin id="3393" dir="0" index="0" bw="26" slack="1"/>
<pin id="3394" dir="1" index="1" bw="26" slack="1"/>
</pin_list>
<bind>
<opset="w_assign_25_cast "/>
</bind>
</comp>

<comp id="3397" class="1005" name="w_assign_26_cast_reg_3397">
<pin_list>
<pin id="3398" dir="0" index="0" bw="26" slack="1"/>
<pin id="3399" dir="1" index="1" bw="26" slack="1"/>
</pin_list>
<bind>
<opset="w_assign_26_cast "/>
</bind>
</comp>

<comp id="3402" class="1005" name="w_assign_27_cast_reg_3402">
<pin_list>
<pin id="3403" dir="0" index="0" bw="26" slack="1"/>
<pin id="3404" dir="1" index="1" bw="26" slack="1"/>
</pin_list>
<bind>
<opset="w_assign_27_cast "/>
</bind>
</comp>

<comp id="3407" class="1005" name="sext_ln36_48_reg_3407">
<pin_list>
<pin id="3408" dir="0" index="0" bw="26" slack="1"/>
<pin id="3409" dir="1" index="1" bw="26" slack="1"/>
</pin_list>
<bind>
<opset="sext_ln36_48 "/>
</bind>
</comp>

<comp id="3412" class="1005" name="q_est_18_reg_3412">
<pin_list>
<pin id="3413" dir="0" index="0" bw="32" slack="1"/>
<pin id="3414" dir="1" index="1" bw="32" slack="1"/>
</pin_list>
<bind>
<opset="q_est_18 "/>
</bind>
</comp>

<comp id="3417" class="1005" name="sext_ln36_50_reg_3417">
<pin_list>
<pin id="3418" dir="0" index="0" bw="26" slack="1"/>
<pin id="3419" dir="1" index="1" bw="26" slack="1"/>
</pin_list>
<bind>
<opset="sext_ln36_50 "/>
</bind>
</comp>

<comp id="3422" class="1005" name="q_est_2_reg_3422">
<pin_list>
<pin id="3423" dir="0" index="0" bw="32" slack="1"/>
<pin id="3424" dir="1" index="1" bw="32" slack="1"/>
</pin_list>
<bind>
<opset="q_est_2 "/>
</bind>
</comp>

<comp id="3427" class="1005" name="sext_ln36_52_reg_3427">
<pin_list>
<pin id="3428" dir="0" index="0" bw="26" slack="1"/>
<pin id="3429" dir="1" index="1" bw="26" slack="1"/>
</pin_list>
<bind>
<opset="sext_ln36_52 "/>
</bind>
</comp>

<comp id="3432" class="1005" name="q_est_3_reg_3432">
<pin_list>
<pin id="3433" dir="0" index="0" bw="32" slack="1"/>
<pin id="3434" dir="1" index="1" bw="32" slack="1"/>
</pin_list>
<bind>
<opset="q_est_3 "/>
</bind>
</comp>

<comp id="3437" class="1005" name="sext_ln36_54_reg_3437">
<pin_list>
<pin id="3438" dir="0" index="0" bw="26" slack="1"/>
<pin id="3439" dir="1" index="1" bw="26" slack="1"/>
</pin_list>
<bind>
<opset="sext_ln36_54 "/>
</bind>
</comp>

<comp id="3442" class="1005" name="q_est_4_reg_3442">
<pin_list>
<pin id="3443" dir="0" index="0" bw="32" slack="1"/>
<pin id="3444" dir="1" index="1" bw="32" slack="1"/>
</pin_list>
<bind>
<opset="q_est_4 "/>
</bind>
</comp>

<comp id="3447" class="1005" name="sext_ln36_56_reg_3447">
<pin_list>
<pin id="3448" dir="0" index="0" bw="26" slack="1"/>
<pin id="3449" dir="1" index="1" bw="26" slack="1"/>
</pin_list>
<bind>
<opset="sext_ln36_56 "/>
</bind>
</comp>

<comp id="3452" class="1005" name="q_est_5_reg_3452">
<pin_list>
<pin id="3453" dir="0" index="0" bw="32" slack="1"/>
<pin id="3454" dir="1" index="1" bw="32" slack="1"/>
</pin_list>
<bind>
<opset="q_est_5 "/>
</bind>
</comp>

<comp id="3457" class="1005" name="sext_ln36_58_reg_3457">
<pin_list>
<pin id="3458" dir="0" index="0" bw="26" slack="1"/>
<pin id="3459" dir="1" index="1" bw="26" slack="1"/>
</pin_list>
<bind>
<opset="sext_ln36_58 "/>
</bind>
</comp>

<comp id="3462" class="1005" name="q_est_6_reg_3462">
<pin_list>
<pin id="3463" dir="0" index="0" bw="32" slack="1"/>
<pin id="3464" dir="1" index="1" bw="32" slack="1"/>
</pin_list>
<bind>
<opset="q_est_6 "/>
</bind>
</comp>

<comp id="3467" class="1005" name="sext_ln119_4_reg_3467">
<pin_list>
<pin id="3468" dir="0" index="0" bw="26" slack="1"/>
<pin id="3469" dir="1" index="1" bw="26" slack="1"/>
</pin_list>
<bind>
<opset="sext_ln119_4 "/>
</bind>
</comp>

<comp id="3472" class="1005" name="w_assign_28_cast_reg_3472">
<pin_list>
<pin id="3473" dir="0" index="0" bw="26" slack="1"/>
<pin id="3474" dir="1" index="1" bw="26" slack="1"/>
</pin_list>
<bind>
<opset="w_assign_28_cast "/>
</bind>
</comp>

<comp id="3477" class="1005" name="q_est_7_reg_3477">
<pin_list>
<pin id="3478" dir="0" index="0" bw="32" slack="1"/>
<pin id="3479" dir="1" index="1" bw="32" slack="1"/>
</pin_list>
<bind>
<opset="q_est_7 "/>
</bind>
</comp>

</comp_list>

<net_list>
<net id="199"><net_src comp="80" pin="0"/><net_sink comp="196" pin=0"/></net>

<net id="205"><net_src comp="0" pin="0"/><net_sink comp="200" pin=0"/></net>

<net id="206"><net_src comp="106" pin="0"/><net_sink comp="200" pin=1"/></net>

<net id="212"><net_src comp="16" pin="0"/><net_sink comp="207" pin=0"/></net>

<net id="213"><net_src comp="106" pin="0"/><net_sink comp="207" pin=1"/></net>

<net id="223"><net_src comp="200" pin="3"/><net_sink comp="214" pin=2"/></net>

<net id="233"><net_src comp="207" pin="3"/><net_sink comp="224" pin=2"/></net>

<net id="239"><net_src comp="0" pin="0"/><net_sink comp="234" pin=0"/></net>

<net id="240"><net_src comp="106" pin="0"/><net_sink comp="234" pin=1"/></net>

<net id="246"><net_src comp="16" pin="0"/><net_sink comp="241" pin=0"/></net>

<net id="247"><net_src comp="106" pin="0"/><net_sink comp="241" pin=1"/></net>

<net id="248"><net_src comp="234" pin="3"/><net_sink comp="214" pin=0"/></net>

<net id="249"><net_src comp="241" pin="3"/><net_sink comp="224" pin=0"/></net>

<net id="255"><net_src comp="64" pin="0"/><net_sink comp="250" pin=0"/></net>

<net id="256"><net_src comp="106" pin="0"/><net_sink comp="250" pin=1"/></net>

<net id="266"><net_src comp="250" pin="3"/><net_sink comp="257" pin=2"/></net>

<net id="272"><net_src comp="66" pin="0"/><net_sink comp="267" pin=0"/></net>

<net id="273"><net_src comp="106" pin="0"/><net_sink comp="267" pin=1"/></net>

<net id="283"><net_src comp="267" pin="3"/><net_sink comp="274" pin=2"/></net>

<net id="289"><net_src comp="2" pin="0"/><net_sink comp="284" pin=0"/></net>

<net id="290"><net_src comp="106" pin="0"/><net_sink comp="284" pin=1"/></net>

<net id="296"><net_src comp="18" pin="0"/><net_sink comp="291" pin=0"/></net>

<net id="297"><net_src comp="106" pin="0"/><net_sink comp="291" pin=1"/></net>

<net id="303"><net_src comp="2" pin="0"/><net_sink comp="298" pin=0"/></net>

<net id="304"><net_src comp="106" pin="0"/><net_sink comp="298" pin=1"/></net>

<net id="310"><net_src comp="18" pin="0"/><net_sink comp="305" pin=0"/></net>

<net id="311"><net_src comp="106" pin="0"/><net_sink comp="305" pin=1"/></net>

<net id="317"><net_src comp="68" pin="0"/><net_sink comp="312" pin=0"/></net>

<net id="318"><net_src comp="106" pin="0"/><net_sink comp="312" pin=1"/></net>

<net id="328"><net_src comp="312" pin="3"/><net_sink comp="319" pin=2"/></net>

<net id="334"><net_src comp="70" pin="0"/><net_sink comp="329" pin=0"/></net>

<net id="335"><net_src comp="106" pin="0"/><net_sink comp="329" pin=1"/></net>

<net id="345"><net_src comp="329" pin="3"/><net_sink comp="336" pin=2"/></net>

<net id="351"><net_src comp="4" pin="0"/><net_sink comp="346" pin=0"/></net>

<net id="352"><net_src comp="106" pin="0"/><net_sink comp="346" pin=1"/></net>

<net id="358"><net_src comp="20" pin="0"/><net_sink comp="353" pin=0"/></net>

<net id="359"><net_src comp="106" pin="0"/><net_sink comp="353" pin=1"/></net>

<net id="365"><net_src comp="4" pin="0"/><net_sink comp="360" pin=0"/></net>

<net id="366"><net_src comp="106" pin="0"/><net_sink comp="360" pin=1"/></net>

<net id="372"><net_src comp="20" pin="0"/><net_sink comp="367" pin=0"/></net>

<net id="373"><net_src comp="106" pin="0"/><net_sink comp="367" pin=1"/></net>

<net id="379"><net_src comp="72" pin="0"/><net_sink comp="374" pin=0"/></net>

<net id="380"><net_src comp="106" pin="0"/><net_sink comp="374" pin=1"/></net>

<net id="390"><net_src comp="374" pin="3"/><net_sink comp="381" pin=2"/></net>

<net id="396"><net_src comp="74" pin="0"/><net_sink comp="391" pin=0"/></net>

<net id="397"><net_src comp="106" pin="0"/><net_sink comp="391" pin=1"/></net>

<net id="407"><net_src comp="391" pin="3"/><net_sink comp="398" pin=2"/></net>

<net id="413"><net_src comp="6" pin="0"/><net_sink comp="408" pin=0"/></net>

<net id="414"><net_src comp="106" pin="0"/><net_sink comp="408" pin=1"/></net>

<net id="420"><net_src comp="22" pin="0"/><net_sink comp="415" pin=0"/></net>

<net id="421"><net_src comp="106" pin="0"/><net_sink comp="415" pin=1"/></net>

<net id="427"><net_src comp="6" pin="0"/><net_sink comp="422" pin=0"/></net>

<net id="428"><net_src comp="106" pin="0"/><net_sink comp="422" pin=1"/></net>

<net id="434"><net_src comp="22" pin="0"/><net_sink comp="429" pin=0"/></net>

<net id="435"><net_src comp="106" pin="0"/><net_sink comp="429" pin=1"/></net>

<net id="441"><net_src comp="76" pin="0"/><net_sink comp="436" pin=0"/></net>

<net id="442"><net_src comp="106" pin="0"/><net_sink comp="436" pin=1"/></net>

<net id="452"><net_src comp="436" pin="3"/><net_sink comp="443" pin=2"/></net>

<net id="458"><net_src comp="78" pin="0"/><net_sink comp="453" pin=0"/></net>

<net id="459"><net_src comp="106" pin="0"/><net_sink comp="453" pin=1"/></net>

<net id="469"><net_src comp="453" pin="3"/><net_sink comp="460" pin=2"/></net>

<net id="475"><net_src comp="8" pin="0"/><net_sink comp="470" pin=0"/></net>

<net id="476"><net_src comp="106" pin="0"/><net_sink comp="470" pin=1"/></net>

<net id="482"><net_src comp="24" pin="0"/><net_sink comp="477" pin=0"/></net>

<net id="483"><net_src comp="106" pin="0"/><net_sink comp="477" pin=1"/></net>

<net id="489"><net_src comp="8" pin="0"/><net_sink comp="484" pin=0"/></net>

<net id="490"><net_src comp="106" pin="0"/><net_sink comp="484" pin=1"/></net>

<net id="496"><net_src comp="24" pin="0"/><net_sink comp="491" pin=0"/></net>

<net id="497"><net_src comp="106" pin="0"/><net_sink comp="491" pin=1"/></net>

<net id="503"><net_src comp="64" pin="0"/><net_sink comp="498" pin=0"/></net>

<net id="504"><net_src comp="106" pin="0"/><net_sink comp="498" pin=1"/></net>

<net id="505"><net_src comp="498" pin="3"/><net_sink comp="257" pin=0"/></net>

<net id="511"><net_src comp="66" pin="0"/><net_sink comp="506" pin=0"/></net>

<net id="512"><net_src comp="106" pin="0"/><net_sink comp="506" pin=1"/></net>

<net id="513"><net_src comp="506" pin="3"/><net_sink comp="274" pin=0"/></net>

<net id="519"><net_src comp="10" pin="0"/><net_sink comp="514" pin=0"/></net>

<net id="520"><net_src comp="106" pin="0"/><net_sink comp="514" pin=1"/></net>

<net id="526"><net_src comp="26" pin="0"/><net_sink comp="521" pin=0"/></net>

<net id="527"><net_src comp="106" pin="0"/><net_sink comp="521" pin=1"/></net>

<net id="533"><net_src comp="10" pin="0"/><net_sink comp="528" pin=0"/></net>

<net id="534"><net_src comp="106" pin="0"/><net_sink comp="528" pin=1"/></net>

<net id="540"><net_src comp="26" pin="0"/><net_sink comp="535" pin=0"/></net>

<net id="541"><net_src comp="106" pin="0"/><net_sink comp="535" pin=1"/></net>

<net id="547"><net_src comp="68" pin="0"/><net_sink comp="542" pin=0"/></net>

<net id="548"><net_src comp="106" pin="0"/><net_sink comp="542" pin=1"/></net>

<net id="549"><net_src comp="542" pin="3"/><net_sink comp="319" pin=0"/></net>

<net id="555"><net_src comp="70" pin="0"/><net_sink comp="550" pin=0"/></net>

<net id="556"><net_src comp="106" pin="0"/><net_sink comp="550" pin=1"/></net>

<net id="557"><net_src comp="550" pin="3"/><net_sink comp="336" pin=0"/></net>

<net id="563"><net_src comp="12" pin="0"/><net_sink comp="558" pin=0"/></net>

<net id="564"><net_src comp="106" pin="0"/><net_sink comp="558" pin=1"/></net>

<net id="570"><net_src comp="28" pin="0"/><net_sink comp="565" pin=0"/></net>

<net id="571"><net_src comp="106" pin="0"/><net_sink comp="565" pin=1"/></net>

<net id="577"><net_src comp="12" pin="0"/><net_sink comp="572" pin=0"/></net>

<net id="578"><net_src comp="106" pin="0"/><net_sink comp="572" pin=1"/></net>

<net id="584"><net_src comp="28" pin="0"/><net_sink comp="579" pin=0"/></net>

<net id="585"><net_src comp="106" pin="0"/><net_sink comp="579" pin=1"/></net>

<net id="591"><net_src comp="72" pin="0"/><net_sink comp="586" pin=0"/></net>

<net id="592"><net_src comp="106" pin="0"/><net_sink comp="586" pin=1"/></net>

<net id="593"><net_src comp="586" pin="3"/><net_sink comp="381" pin=0"/></net>

<net id="599"><net_src comp="74" pin="0"/><net_sink comp="594" pin=0"/></net>

<net id="600"><net_src comp="106" pin="0"/><net_sink comp="594" pin=1"/></net>

<net id="601"><net_src comp="594" pin="3"/><net_sink comp="398" pin=0"/></net>

<net id="607"><net_src comp="14" pin="0"/><net_sink comp="602" pin=0"/></net>

<net id="608"><net_src comp="106" pin="0"/><net_sink comp="602" pin=1"/></net>

<net id="614"><net_src comp="30" pin="0"/><net_sink comp="609" pin=0"/></net>

<net id="615"><net_src comp="106" pin="0"/><net_sink comp="609" pin=1"/></net>

<net id="621"><net_src comp="14" pin="0"/><net_sink comp="616" pin=0"/></net>

<net id="622"><net_src comp="106" pin="0"/><net_sink comp="616" pin=1"/></net>

<net id="628"><net_src comp="30" pin="0"/><net_sink comp="623" pin=0"/></net>

<net id="629"><net_src comp="106" pin="0"/><net_sink comp="623" pin=1"/></net>

<net id="639"><net_src comp="284" pin="3"/><net_sink comp="630" pin=2"/></net>

<net id="649"><net_src comp="291" pin="3"/><net_sink comp="640" pin=2"/></net>

<net id="650"><net_src comp="298" pin="3"/><net_sink comp="630" pin=0"/></net>

<net id="651"><net_src comp="305" pin="3"/><net_sink comp="640" pin=0"/></net>

<net id="661"><net_src comp="346" pin="3"/><net_sink comp="652" pin=2"/></net>

<net id="671"><net_src comp="353" pin="3"/><net_sink comp="662" pin=2"/></net>

<net id="672"><net_src comp="360" pin="3"/><net_sink comp="652" pin=0"/></net>

<net id="673"><net_src comp="367" pin="3"/><net_sink comp="662" pin=0"/></net>

<net id="683"><net_src comp="408" pin="3"/><net_sink comp="674" pin=2"/></net>

<net id="693"><net_src comp="415" pin="3"/><net_sink comp="684" pin=2"/></net>

<net id="694"><net_src comp="422" pin="3"/><net_sink comp="674" pin=0"/></net>

<net id="695"><net_src comp="429" pin="3"/><net_sink comp="684" pin=0"/></net>

<net id="705"><net_src comp="470" pin="3"/><net_sink comp="696" pin=2"/></net>

<net id="715"><net_src comp="477" pin="3"/><net_sink comp="706" pin=2"/></net>

<net id="716"><net_src comp="484" pin="3"/><net_sink comp="696" pin=0"/></net>

<net id="717"><net_src comp="491" pin="3"/><net_sink comp="706" pin=0"/></net>

<net id="727"><net_src comp="514" pin="3"/><net_sink comp="718" pin=2"/></net>

<net id="737"><net_src comp="521" pin="3"/><net_sink comp="728" pin=2"/></net>

<net id="738"><net_src comp="528" pin="3"/><net_sink comp="718" pin=0"/></net>

<net id="739"><net_src comp="535" pin="3"/><net_sink comp="728" pin=0"/></net>

<net id="749"><net_src comp="558" pin="3"/><net_sink comp="740" pin=2"/></net>

<net id="759"><net_src comp="565" pin="3"/><net_sink comp="750" pin=2"/></net>

<net id="760"><net_src comp="572" pin="3"/><net_sink comp="740" pin=0"/></net>

<net id="761"><net_src comp="579" pin="3"/><net_sink comp="750" pin=0"/></net>

<net id="771"><net_src comp="602" pin="3"/><net_sink comp="762" pin=2"/></net>

<net id="781"><net_src comp="609" pin="3"/><net_sink comp="772" pin=2"/></net>

<net id="782"><net_src comp="616" pin="3"/><net_sink comp="762" pin=0"/></net>

<net id="783"><net_src comp="623" pin="3"/><net_sink comp="772" pin=0"/></net>

<net id="789"><net_src comp="76" pin="0"/><net_sink comp="784" pin=0"/></net>

<net id="790"><net_src comp="106" pin="0"/><net_sink comp="784" pin=1"/></net>

<net id="791"><net_src comp="784" pin="3"/><net_sink comp="443" pin=0"/></net>

<net id="797"><net_src comp="78" pin="0"/><net_sink comp="792" pin=0"/></net>

<net id="798"><net_src comp="106" pin="0"/><net_sink comp="792" pin=1"/></net>

<net id="799"><net_src comp="792" pin="3"/><net_sink comp="460" pin=0"/></net>

<net id="805"><net_src comp="32" pin="0"/><net_sink comp="800" pin=0"/></net>

<net id="806"><net_src comp="106" pin="0"/><net_sink comp="800" pin=1"/></net>

<net id="812"><net_src comp="48" pin="0"/><net_sink comp="807" pin=0"/></net>

<net id="813"><net_src comp="106" pin="0"/><net_sink comp="807" pin=1"/></net>

<net id="819"><net_src comp="32" pin="0"/><net_sink comp="814" pin=0"/></net>

<net id="820"><net_src comp="106" pin="0"/><net_sink comp="814" pin=1"/></net>

<net id="826"><net_src comp="48" pin="0"/><net_sink comp="821" pin=0"/></net>

<net id="827"><net_src comp="106" pin="0"/><net_sink comp="821" pin=1"/></net>

<net id="833"><net_src comp="34" pin="0"/><net_sink comp="828" pin=0"/></net>

<net id="834"><net_src comp="106" pin="0"/><net_sink comp="828" pin=1"/></net>

<net id="840"><net_src comp="50" pin="0"/><net_sink comp="835" pin=0"/></net>

<net id="841"><net_src comp="106" pin="0"/><net_sink comp="835" pin=1"/></net>

<net id="847"><net_src comp="34" pin="0"/><net_sink comp="842" pin=0"/></net>

<net id="848"><net_src comp="106" pin="0"/><net_sink comp="842" pin=1"/></net>

<net id="854"><net_src comp="50" pin="0"/><net_sink comp="849" pin=0"/></net>

<net id="855"><net_src comp="106" pin="0"/><net_sink comp="849" pin=1"/></net>

<net id="861"><net_src comp="36" pin="0"/><net_sink comp="856" pin=0"/></net>

<net id="862"><net_src comp="106" pin="0"/><net_sink comp="856" pin=1"/></net>

<net id="868"><net_src comp="52" pin="0"/><net_sink comp="863" pin=0"/></net>

<net id="869"><net_src comp="106" pin="0"/><net_sink comp="863" pin=1"/></net>

<net id="875"><net_src comp="36" pin="0"/><net_sink comp="870" pin=0"/></net>

<net id="876"><net_src comp="106" pin="0"/><net_sink comp="870" pin=1"/></net>

<net id="882"><net_src comp="52" pin="0"/><net_sink comp="877" pin=0"/></net>

<net id="883"><net_src comp="106" pin="0"/><net_sink comp="877" pin=1"/></net>

<net id="889"><net_src comp="38" pin="0"/><net_sink comp="884" pin=0"/></net>

<net id="890"><net_src comp="106" pin="0"/><net_sink comp="884" pin=1"/></net>

<net id="896"><net_src comp="54" pin="0"/><net_sink comp="891" pin=0"/></net>

<net id="897"><net_src comp="106" pin="0"/><net_sink comp="891" pin=1"/></net>

<net id="903"><net_src comp="38" pin="0"/><net_sink comp="898" pin=0"/></net>

<net id="904"><net_src comp="106" pin="0"/><net_sink comp="898" pin=1"/></net>

<net id="910"><net_src comp="54" pin="0"/><net_sink comp="905" pin=0"/></net>

<net id="911"><net_src comp="106" pin="0"/><net_sink comp="905" pin=1"/></net>

<net id="917"><net_src comp="40" pin="0"/><net_sink comp="912" pin=0"/></net>

<net id="918"><net_src comp="106" pin="0"/><net_sink comp="912" pin=1"/></net>

<net id="924"><net_src comp="56" pin="0"/><net_sink comp="919" pin=0"/></net>

<net id="925"><net_src comp="106" pin="0"/><net_sink comp="919" pin=1"/></net>

<net id="931"><net_src comp="40" pin="0"/><net_sink comp="926" pin=0"/></net>

<net id="932"><net_src comp="106" pin="0"/><net_sink comp="926" pin=1"/></net>

<net id="938"><net_src comp="56" pin="0"/><net_sink comp="933" pin=0"/></net>

<net id="939"><net_src comp="106" pin="0"/><net_sink comp="933" pin=1"/></net>

<net id="945"><net_src comp="42" pin="0"/><net_sink comp="940" pin=0"/></net>

<net id="946"><net_src comp="106" pin="0"/><net_sink comp="940" pin=1"/></net>

<net id="952"><net_src comp="58" pin="0"/><net_sink comp="947" pin=0"/></net>

<net id="953"><net_src comp="106" pin="0"/><net_sink comp="947" pin=1"/></net>

<net id="959"><net_src comp="42" pin="0"/><net_sink comp="954" pin=0"/></net>

<net id="960"><net_src comp="106" pin="0"/><net_sink comp="954" pin=1"/></net>

<net id="966"><net_src comp="58" pin="0"/><net_sink comp="961" pin=0"/></net>

<net id="967"><net_src comp="106" pin="0"/><net_sink comp="961" pin=1"/></net>

<net id="973"><net_src comp="44" pin="0"/><net_sink comp="968" pin=0"/></net>

<net id="974"><net_src comp="106" pin="0"/><net_sink comp="968" pin=1"/></net>

<net id="980"><net_src comp="60" pin="0"/><net_sink comp="975" pin=0"/></net>

<net id="981"><net_src comp="106" pin="0"/><net_sink comp="975" pin=1"/></net>

<net id="987"><net_src comp="44" pin="0"/><net_sink comp="982" pin=0"/></net>

<net id="988"><net_src comp="106" pin="0"/><net_sink comp="982" pin=1"/></net>

<net id="994"><net_src comp="60" pin="0"/><net_sink comp="989" pin=0"/></net>

<net id="995"><net_src comp="106" pin="0"/><net_sink comp="989" pin=1"/></net>

<net id="1001"><net_src comp="46" pin="0"/><net_sink comp="996" pin=0"/></net>

<net id="1002"><net_src comp="106" pin="0"/><net_sink comp="996" pin=1"/></net>

<net id="1008"><net_src comp="62" pin="0"/><net_sink comp="1003" pin=0"/></net>

<net id="1009"><net_src comp="106" pin="0"/><net_sink comp="1003" pin=1"/></net>

<net id="1015"><net_src comp="46" pin="0"/><net_sink comp="1010" pin=0"/></net>

<net id="1016"><net_src comp="106" pin="0"/><net_sink comp="1010" pin=1"/></net>

<net id="1022"><net_src comp="62" pin="0"/><net_sink comp="1017" pin=0"/></net>

<net id="1023"><net_src comp="106" pin="0"/><net_sink comp="1017" pin=1"/></net>

<net id="1033"><net_src comp="807" pin="3"/><net_sink comp="1024" pin=2"/></net>

<net id="1034"><net_src comp="821" pin="3"/><net_sink comp="1024" pin=0"/></net>

<net id="1044"><net_src comp="800" pin="3"/><net_sink comp="1035" pin=2"/></net>

<net id="1045"><net_src comp="814" pin="3"/><net_sink comp="1035" pin=0"/></net>

<net id="1055"><net_src comp="835" pin="3"/><net_sink comp="1046" pin=2"/></net>

<net id="1065"><net_src comp="828" pin="3"/><net_sink comp="1056" pin=2"/></net>

<net id="1075"><net_src comp="863" pin="3"/><net_sink comp="1066" pin=2"/></net>

<net id="1085"><net_src comp="856" pin="3"/><net_sink comp="1076" pin=2"/></net>

<net id="1095"><net_src comp="891" pin="3"/><net_sink comp="1086" pin=2"/></net>

<net id="1105"><net_src comp="884" pin="3"/><net_sink comp="1096" pin=2"/></net>

<net id="1115"><net_src comp="919" pin="3"/><net_sink comp="1106" pin=2"/></net>

<net id="1125"><net_src comp="912" pin="3"/><net_sink comp="1116" pin=2"/></net>

<net id="1135"><net_src comp="947" pin="3"/><net_sink comp="1126" pin=2"/></net>

<net id="1145"><net_src comp="940" pin="3"/><net_sink comp="1136" pin=2"/></net>

<net id="1155"><net_src comp="975" pin="3"/><net_sink comp="1146" pin=2"/></net>

<net id="1165"><net_src comp="968" pin="3"/><net_sink comp="1156" pin=2"/></net>

<net id="1175"><net_src comp="1003" pin="3"/><net_sink comp="1166" pin=2"/></net>

<net id="1185"><net_src comp="996" pin="3"/><net_sink comp="1176" pin=2"/></net>

<net id="1186"><net_src comp="849" pin="3"/><net_sink comp="1046" pin=0"/></net>

<net id="1187"><net_src comp="842" pin="3"/><net_sink comp="1056" pin=0"/></net>

<net id="1188"><net_src comp="877" pin="3"/><net_sink comp="1066" pin=0"/></net>

<net id="1189"><net_src comp="870" pin="3"/><net_sink comp="1076" pin=0"/></net>

<net id="1190"><net_src comp="905" pin="3"/><net_sink comp="1086" pin=0"/></net>

<net id="1191"><net_src comp="898" pin="3"/><net_sink comp="1096" pin=0"/></net>

<net id="1192"><net_src comp="933" pin="3"/><net_sink comp="1106" pin=0"/></net>

<net id="1193"><net_src comp="926" pin="3"/><net_sink comp="1116" pin=0"/></net>

<net id="1194"><net_src comp="961" pin="3"/><net_sink comp="1126" pin=0"/></net>

<net id="1195"><net_src comp="954" pin="3"/><net_sink comp="1136" pin=0"/></net>

<net id="1196"><net_src comp="989" pin="3"/><net_sink comp="1146" pin=0"/></net>

<net id="1197"><net_src comp="982" pin="3"/><net_sink comp="1156" pin=0"/></net>

<net id="1198"><net_src comp="1017" pin="3"/><net_sink comp="1166" pin=0"/></net>

<net id="1199"><net_src comp="1010" pin="3"/><net_sink comp="1176" pin=0"/></net>

<net id="1236"><net_src comp="162" pin="0"/><net_sink comp="1232" pin=1"/></net>

<net id="1241"><net_src comp="162" pin="0"/><net_sink comp="1237" pin=1"/></net>

<net id="1246"><net_src comp="162" pin="0"/><net_sink comp="1242" pin=1"/></net>

<net id="1251"><net_src comp="162" pin="0"/><net_sink comp="1247" pin=1"/></net>

<net id="1256"><net_src comp="162" pin="0"/><net_sink comp="1252" pin=1"/></net>

<net id="1261"><net_src comp="162" pin="0"/><net_sink comp="1257" pin=1"/></net>

<net id="1266"><net_src comp="162" pin="0"/><net_sink comp="1262" pin=1"/></net>

<net id="1271"><net_src comp="162" pin="0"/><net_sink comp="1267" pin=1"/></net>

<net id="1276"><net_src comp="82" pin="0"/><net_sink comp="1272" pin=0"/></net>

<net id="1285"><net_src comp="84" pin="0"/><net_sink comp="1280" pin=0"/></net>

<net id="1286"><net_src comp="1277" pin="1"/><net_sink comp="1280" pin=1"/></net>

<net id="1287"><net_src comp="86" pin="0"/><net_sink comp="1280" pin=2"/></net>

<net id="1291"><net_src comp="1277" pin="1"/><net_sink comp="1288" pin=0"/></net>

<net id="1298"><net_src comp="88" pin="0"/><net_sink comp="1292" pin=0"/></net>

<net id="1299"><net_src comp="1277" pin="1"/><net_sink comp="1292" pin=1"/></net>

<net id="1300"><net_src comp="90" pin="0"/><net_sink comp="1292" pin=2"/></net>

<net id="1301"><net_src comp="92" pin="0"/><net_sink comp="1292" pin=3"/></net>

<net id="1305"><net_src comp="1292" pin="4"/><net_sink comp="1302" pin=0"/></net>

<net id="1306"><net_src comp="1302" pin="1"/><net_sink comp="250" pin=2"/></net>

<net id="1307"><net_src comp="1302" pin="1"/><net_sink comp="267" pin=2"/></net>

<net id="1308"><net_src comp="1302" pin="1"/><net_sink comp="312" pin=2"/></net>

<net id="1309"><net_src comp="1302" pin="1"/><net_sink comp="329" pin=2"/></net>

<net id="1310"><net_src comp="1302" pin="1"/><net_sink comp="374" pin=2"/></net>

<net id="1311"><net_src comp="1302" pin="1"/><net_sink comp="391" pin=2"/></net>

<net id="1312"><net_src comp="1302" pin="1"/><net_sink comp="436" pin=2"/></net>

<net id="1313"><net_src comp="1302" pin="1"/><net_sink comp="453" pin=2"/></net>

<net id="1320"><net_src comp="94" pin="0"/><net_sink comp="1314" pin=0"/></net>

<net id="1321"><net_src comp="1277" pin="1"/><net_sink comp="1314" pin=1"/></net>

<net id="1322"><net_src comp="96" pin="0"/><net_sink comp="1314" pin=2"/></net>

<net id="1323"><net_src comp="92" pin="0"/><net_sink comp="1314" pin=3"/></net>

<net id="1329"><net_src comp="84" pin="0"/><net_sink comp="1324" pin=0"/></net>

<net id="1330"><net_src comp="1277" pin="1"/><net_sink comp="1324" pin=1"/></net>

<net id="1331"><net_src comp="98" pin="0"/><net_sink comp="1324" pin=2"/></net>

<net id="1338"><net_src comp="100" pin="0"/><net_sink comp="1332" pin=0"/></net>

<net id="1339"><net_src comp="1314" pin="4"/><net_sink comp="1332" pin=1"/></net>

<net id="1340"><net_src comp="102" pin="0"/><net_sink comp="1332" pin=2"/></net>

<net id="1341"><net_src comp="1324" pin="3"/><net_sink comp="1332" pin=3"/></net>

<net id="1345"><net_src comp="1332" pin="4"/><net_sink comp="1342" pin=0"/></net>

<net id="1346"><net_src comp="1342" pin="1"/><net_sink comp="200" pin=2"/></net>

<net id="1347"><net_src comp="1342" pin="1"/><net_sink comp="207" pin=2"/></net>

<net id="1348"><net_src comp="1342" pin="1"/><net_sink comp="284" pin=2"/></net>

<net id="1349"><net_src comp="1342" pin="1"/><net_sink comp="291" pin=2"/></net>

<net id="1350"><net_src comp="1342" pin="1"/><net_sink comp="346" pin=2"/></net>

<net id="1351"><net_src comp="1342" pin="1"/><net_sink comp="353" pin=2"/></net>

<net id="1352"><net_src comp="1342" pin="1"/><net_sink comp="408" pin=2"/></net>

<net id="1353"><net_src comp="1342" pin="1"/><net_sink comp="415" pin=2"/></net>

<net id="1354"><net_src comp="1342" pin="1"/><net_sink comp="470" pin=2"/></net>

<net id="1355"><net_src comp="1342" pin="1"/><net_sink comp="477" pin=2"/></net>

<net id="1356"><net_src comp="1342" pin="1"/><net_sink comp="514" pin=2"/></net>

<net id="1357"><net_src comp="1342" pin="1"/><net_sink comp="521" pin=2"/></net>

<net id="1358"><net_src comp="1342" pin="1"/><net_sink comp="558" pin=2"/></net>

<net id="1359"><net_src comp="1342" pin="1"/><net_sink comp="565" pin=2"/></net>

<net id="1360"><net_src comp="1342" pin="1"/><net_sink comp="602" pin=2"/></net>

<net id="1361"><net_src comp="1342" pin="1"/><net_sink comp="609" pin=2"/></net>

<net id="1366"><net_src comp="1332" pin="4"/><net_sink comp="1362" pin=0"/></net>

<net id="1367"><net_src comp="104" pin="0"/><net_sink comp="1362" pin=1"/></net>

<net id="1371"><net_src comp="1362" pin="2"/><net_sink comp="1368" pin=0"/></net>

<net id="1372"><net_src comp="1368" pin="1"/><net_sink comp="234" pin=2"/></net>

<net id="1373"><net_src comp="1368" pin="1"/><net_sink comp="241" pin=2"/></net>

<net id="1374"><net_src comp="1368" pin="1"/><net_sink comp="298" pin=2"/></net>

<net id="1375"><net_src comp="1368" pin="1"/><net_sink comp="305" pin=2"/></net>

<net id="1376"><net_src comp="1368" pin="1"/><net_sink comp="360" pin=2"/></net>

<net id="1377"><net_src comp="1368" pin="1"/><net_sink comp="367" pin=2"/></net>

<net id="1378"><net_src comp="1368" pin="1"/><net_sink comp="422" pin=2"/></net>

<net id="1379"><net_src comp="1368" pin="1"/><net_sink comp="429" pin=2"/></net>

<net id="1380"><net_src comp="1368" pin="1"/><net_sink comp="484" pin=2"/></net>

<net id="1381"><net_src comp="1368" pin="1"/><net_sink comp="491" pin=2"/></net>

<net id="1382"><net_src comp="1368" pin="1"/><net_sink comp="528" pin=2"/></net>

<net id="1383"><net_src comp="1368" pin="1"/><net_sink comp="535" pin=2"/></net>

<net id="1384"><net_src comp="1368" pin="1"/><net_sink comp="572" pin=2"/></net>

<net id="1385"><net_src comp="1368" pin="1"/><net_sink comp="579" pin=2"/></net>

<net id="1386"><net_src comp="1368" pin="1"/><net_sink comp="616" pin=2"/></net>

<net id="1387"><net_src comp="1368" pin="1"/><net_sink comp="623" pin=2"/></net>

<net id="1392"><net_src comp="1292" pin="4"/><net_sink comp="1388" pin=0"/></net>

<net id="1393"><net_src comp="108" pin="0"/><net_sink comp="1388" pin=1"/></net>

<net id="1397"><net_src comp="1388" pin="2"/><net_sink comp="1394" pin=0"/></net>

<net id="1398"><net_src comp="1394" pin="1"/><net_sink comp="498" pin=2"/></net>

<net id="1399"><net_src comp="1394" pin="1"/><net_sink comp="506" pin=2"/></net>

<net id="1400"><net_src comp="1394" pin="1"/><net_sink comp="542" pin=2"/></net>

<net id="1401"><net_src comp="1394" pin="1"/><net_sink comp="550" pin=2"/></net>

<net id="1402"><net_src comp="1394" pin="1"/><net_sink comp="586" pin=2"/></net>

<net id="1403"><net_src comp="1394" pin="1"/><net_sink comp="594" pin=2"/></net>

<net id="1404"><net_src comp="1394" pin="1"/><net_sink comp="784" pin=2"/></net>

<net id="1405"><net_src comp="1394" pin="1"/><net_sink comp="792" pin=2"/></net>

<net id="1410"><net_src comp="1288" pin="1"/><net_sink comp="1406" pin=0"/></net>

<net id="1411"><net_src comp="110" pin="0"/><net_sink comp="1406" pin=1"/></net>

<net id="1416"><net_src comp="1277" pin="1"/><net_sink comp="1412" pin=0"/></net>

<net id="1417"><net_src comp="112" pin="0"/><net_sink comp="1412" pin=1"/></net>

<net id="1422"><net_src comp="1412" pin="2"/><net_sink comp="1418" pin=0"/></net>

<net id="1427"><net_src comp="110" pin="0"/><net_sink comp="1423" pin=1"/></net>

<net id="1433"><net_src comp="1423" pin="2"/><net_sink comp="1428" pin=0"/></net>

<net id="1434"><net_src comp="224" pin="7"/><net_sink comp="1428" pin=1"/></net>

<net id="1435"><net_src comp="214" pin="7"/><net_sink comp="1428" pin=2"/></net>

<net id="1439"><net_src comp="1428" pin="3"/><net_sink comp="1436" pin=0"/></net>

<net id="1443"><net_src comp="1428" pin="3"/><net_sink comp="1440" pin=0"/></net>

<net id="1449"><net_src comp="1423" pin="2"/><net_sink comp="1444" pin=0"/></net>

<net id="1450"><net_src comp="224" pin="3"/><net_sink comp="1444" pin=1"/></net>

<net id="1451"><net_src comp="214" pin="3"/><net_sink comp="1444" pin=2"/></net>

<net id="1455"><net_src comp="1444" pin="3"/><net_sink comp="1452" pin=0"/></net>

<net id="1460"><net_src comp="1452" pin="1"/><net_sink comp="1456" pin=0"/></net>

<net id="1461"><net_src comp="1440" pin="1"/><net_sink comp="1456" pin=1"/></net>

<net id="1466"><net_src comp="1456" pin="2"/><net_sink comp="1462" pin=0"/></net>

<net id="1467"><net_src comp="114" pin="0"/><net_sink comp="1462" pin=1"/></net>

<net id="1471"><net_src comp="1456" pin="2"/><net_sink comp="1468" pin=0"/></net>

<net id="1476"><net_src comp="1468" pin="1"/><net_sink comp="1472" pin=0"/></net>

<net id="1477"><net_src comp="116" pin="0"/><net_sink comp="1472" pin=1"/></net>

<net id="1483"><net_src comp="1462" pin="2"/><net_sink comp="1478" pin=0"/></net>

<net id="1484"><net_src comp="1472" pin="2"/><net_sink comp="1478" pin=1"/></net>

<net id="1485"><net_src comp="1468" pin="1"/><net_sink comp="1478" pin=2"/></net>

<net id="1490"><net_src comp="1444" pin="3"/><net_sink comp="1486" pin=0"/></net>

<net id="1491"><net_src comp="1428" pin="3"/><net_sink comp="1486" pin=1"/></net>

<net id="1496"><net_src comp="1486" pin="2"/><net_sink comp="1492" pin=0"/></net>

<net id="1497"><net_src comp="118" pin="0"/><net_sink comp="1492" pin=1"/></net>

<net id="1502"><net_src comp="1452" pin="1"/><net_sink comp="1498" pin=0"/></net>

<net id="1503"><net_src comp="120" pin="0"/><net_sink comp="1498" pin=1"/></net>

<net id="1509"><net_src comp="1492" pin="2"/><net_sink comp="1504" pin=0"/></net>

<net id="1510"><net_src comp="1452" pin="1"/><net_sink comp="1504" pin=1"/></net>

<net id="1511"><net_src comp="1498" pin="2"/><net_sink comp="1504" pin=2"/></net>

<net id="1515"><net_src comp="1504" pin="3"/><net_sink comp="1512" pin=0"/></net>

<net id="1520"><net_src comp="1512" pin="1"/><net_sink comp="1516" pin=0"/></net>

<net id="1521"><net_src comp="1436" pin="1"/><net_sink comp="1516" pin=1"/></net>

<net id="1525"><net_src comp="1516" pin="2"/><net_sink comp="1522" pin=0"/></net>

<net id="1529"><net_src comp="1522" pin="1"/><net_sink comp="1526" pin=0"/></net>

<net id="1530"><net_src comp="1526" pin="1"/><net_sink comp="1200" pin=0"/></net>

<net id="1534"><net_src comp="274" pin="7"/><net_sink comp="1531" pin=0"/></net>

<net id="1535"><net_src comp="1531" pin="1"/><net_sink comp="1200" pin=1"/></net>

<net id="1540"><net_src comp="122" pin="0"/><net_sink comp="1536" pin=1"/></net>

<net id="1544"><net_src comp="336" pin="7"/><net_sink comp="1541" pin=0"/></net>

<net id="1545"><net_src comp="1541" pin="1"/><net_sink comp="1204" pin=1"/></net>

<net id="1550"><net_src comp="104" pin="0"/><net_sink comp="1546" pin=1"/></net>

<net id="1554"><net_src comp="398" pin="7"/><net_sink comp="1551" pin=0"/></net>

<net id="1555"><net_src comp="1551" pin="1"/><net_sink comp="1208" pin=1"/></net>

<net id="1560"><net_src comp="124" pin="0"/><net_sink comp="1556" pin=1"/></net>

<net id="1564"><net_src comp="460" pin="7"/><net_sink comp="1561" pin=0"/></net>

<net id="1565"><net_src comp="1561" pin="1"/><net_sink comp="1212" pin=1"/></net>

<net id="1570"><net_src comp="126" pin="0"/><net_sink comp="1566" pin=1"/></net>

<net id="1574"><net_src comp="274" pin="3"/><net_sink comp="1571" pin=0"/></net>

<net id="1575"><net_src comp="1571" pin="1"/><net_sink comp="1216" pin=1"/></net>

<net id="1580"><net_src comp="128" pin="0"/><net_sink comp="1576" pin=1"/></net>

<net id="1584"><net_src comp="336" pin="3"/><net_sink comp="1581" pin=0"/></net>

<net id="1585"><net_src comp="1581" pin="1"/><net_sink comp="1220" pin=1"/></net>

<net id="1590"><net_src comp="130" pin="0"/><net_sink comp="1586" pin=1"/></net>

<net id="1594"><net_src comp="398" pin="3"/><net_sink comp="1591" pin=0"/></net>

<net id="1595"><net_src comp="1591" pin="1"/><net_sink comp="1224" pin=1"/></net>

<net id="1600"><net_src comp="132" pin="0"/><net_sink comp="1596" pin=1"/></net>

<net id="1605"><net_src comp="1536" pin="2"/><net_sink comp="1601" pin=0"/></net>

<net id="1606"><net_src comp="134" pin="0"/><net_sink comp="1601" pin=1"/></net>

<net id="1612"><net_src comp="1601" pin="2"/><net_sink comp="1607" pin=0"/></net>

<net id="1613"><net_src comp="640" pin="7"/><net_sink comp="1607" pin=1"/></net>

<net id="1614"><net_src comp="630" pin="7"/><net_sink comp="1607" pin=2"/></net>

<net id="1618"><net_src comp="1607" pin="3"/><net_sink comp="1615" pin=0"/></net>

<net id="1622"><net_src comp="1607" pin="3"/><net_sink comp="1619" pin=0"/></net>

<net id="1628"><net_src comp="1601" pin="2"/><net_sink comp="1623" pin=0"/></net>

<net id="1629"><net_src comp="640" pin="3"/><net_sink comp="1623" pin=1"/></net>

<net id="1630"><net_src comp="630" pin="3"/><net_sink comp="1623" pin=2"/></net>

<net id="1634"><net_src comp="1623" pin="3"/><net_sink comp="1631" pin=0"/></net>

<net id="1639"><net_src comp="1631" pin="1"/><net_sink comp="1635" pin=0"/></net>

<net id="1640"><net_src comp="1619" pin="1"/><net_sink comp="1635" pin=1"/></net>

<net id="1645"><net_src comp="1635" pin="2"/><net_sink comp="1641" pin=0"/></net>

<net id="1646"><net_src comp="114" pin="0"/><net_sink comp="1641" pin=1"/></net>

<net id="1650"><net_src comp="1635" pin="2"/><net_sink comp="1647" pin=0"/></net>

<net id="1655"><net_src comp="1647" pin="1"/><net_sink comp="1651" pin=0"/></net>

<net id="1656"><net_src comp="116" pin="0"/><net_sink comp="1651" pin=1"/></net>

<net id="1662"><net_src comp="1641" pin="2"/><net_sink comp="1657" pin=0"/></net>

<net id="1663"><net_src comp="1651" pin="2"/><net_sink comp="1657" pin=1"/></net>

<net id="1664"><net_src comp="1647" pin="1"/><net_sink comp="1657" pin=2"/></net>

<net id="1669"><net_src comp="1623" pin="3"/><net_sink comp="1665" pin=0"/></net>

<net id="1670"><net_src comp="1607" pin="3"/><net_sink comp="1665" pin=1"/></net>

<net id="1675"><net_src comp="1665" pin="2"/><net_sink comp="1671" pin=0"/></net>

<net id="1676"><net_src comp="118" pin="0"/><net_sink comp="1671" pin=1"/></net>

<net id="1681"><net_src comp="1631" pin="1"/><net_sink comp="1677" pin=0"/></net>

<net id="1682"><net_src comp="120" pin="0"/><net_sink comp="1677" pin=1"/></net>

<net id="1688"><net_src comp="1671" pin="2"/><net_sink comp="1683" pin=0"/></net>

<net id="1689"><net_src comp="1631" pin="1"/><net_sink comp="1683" pin=1"/></net>

<net id="1690"><net_src comp="1677" pin="2"/><net_sink comp="1683" pin=2"/></net>

<net id="1694"><net_src comp="1683" pin="3"/><net_sink comp="1691" pin=0"/></net>

<net id="1699"><net_src comp="1691" pin="1"/><net_sink comp="1695" pin=0"/></net>

<net id="1700"><net_src comp="1615" pin="1"/><net_sink comp="1695" pin=1"/></net>

<net id="1704"><net_src comp="1695" pin="2"/><net_sink comp="1701" pin=0"/></net>

<net id="1708"><net_src comp="1701" pin="1"/><net_sink comp="1705" pin=0"/></net>

<net id="1709"><net_src comp="1705" pin="1"/><net_sink comp="1204" pin=0"/></net>

<net id="1714"><net_src comp="1546" pin="2"/><net_sink comp="1710" pin=0"/></net>

<net id="1715"><net_src comp="136" pin="0"/><net_sink comp="1710" pin=1"/></net>

<net id="1721"><net_src comp="1710" pin="2"/><net_sink comp="1716" pin=0"/></net>

<net id="1722"><net_src comp="662" pin="7"/><net_sink comp="1716" pin=1"/></net>

<net id="1723"><net_src comp="652" pin="7"/><net_sink comp="1716" pin=2"/></net>

<net id="1727"><net_src comp="1716" pin="3"/><net_sink comp="1724" pin=0"/></net>

<net id="1731"><net_src comp="1716" pin="3"/><net_sink comp="1728" pin=0"/></net>

<net id="1737"><net_src comp="1710" pin="2"/><net_sink comp="1732" pin=0"/></net>

<net id="1738"><net_src comp="662" pin="3"/><net_sink comp="1732" pin=1"/></net>

<net id="1739"><net_src comp="652" pin="3"/><net_sink comp="1732" pin=2"/></net>

<net id="1743"><net_src comp="1732" pin="3"/><net_sink comp="1740" pin=0"/></net>

<net id="1748"><net_src comp="1740" pin="1"/><net_sink comp="1744" pin=0"/></net>

<net id="1749"><net_src comp="1728" pin="1"/><net_sink comp="1744" pin=1"/></net>

<net id="1754"><net_src comp="1744" pin="2"/><net_sink comp="1750" pin=0"/></net>

<net id="1755"><net_src comp="114" pin="0"/><net_sink comp="1750" pin=1"/></net>

<net id="1759"><net_src comp="1744" pin="2"/><net_sink comp="1756" pin=0"/></net>

<net id="1764"><net_src comp="1756" pin="1"/><net_sink comp="1760" pin=0"/></net>

<net id="1765"><net_src comp="116" pin="0"/><net_sink comp="1760" pin=1"/></net>

<net id="1771"><net_src comp="1750" pin="2"/><net_sink comp="1766" pin=0"/></net>

<net id="1772"><net_src comp="1760" pin="2"/><net_sink comp="1766" pin=1"/></net>

<net id="1773"><net_src comp="1756" pin="1"/><net_sink comp="1766" pin=2"/></net>

<net id="1778"><net_src comp="1732" pin="3"/><net_sink comp="1774" pin=0"/></net>

<net id="1779"><net_src comp="1716" pin="3"/><net_sink comp="1774" pin=1"/></net>

<net id="1784"><net_src comp="1774" pin="2"/><net_sink comp="1780" pin=0"/></net>

<net id="1785"><net_src comp="118" pin="0"/><net_sink comp="1780" pin=1"/></net>

<net id="1790"><net_src comp="1740" pin="1"/><net_sink comp="1786" pin=0"/></net>

<net id="1791"><net_src comp="120" pin="0"/><net_sink comp="1786" pin=1"/></net>

<net id="1797"><net_src comp="1780" pin="2"/><net_sink comp="1792" pin=0"/></net>

<net id="1798"><net_src comp="1740" pin="1"/><net_sink comp="1792" pin=1"/></net>

<net id="1799"><net_src comp="1786" pin="2"/><net_sink comp="1792" pin=2"/></net>

<net id="1803"><net_src comp="1792" pin="3"/><net_sink comp="1800" pin=0"/></net>

<net id="1808"><net_src comp="1800" pin="1"/><net_sink comp="1804" pin=0"/></net>

<net id="1809"><net_src comp="1724" pin="1"/><net_sink comp="1804" pin=1"/></net>

<net id="1813"><net_src comp="1804" pin="2"/><net_sink comp="1810" pin=0"/></net>

<net id="1817"><net_src comp="1810" pin="1"/><net_sink comp="1814" pin=0"/></net>

<net id="1818"><net_src comp="1814" pin="1"/><net_sink comp="1208" pin=0"/></net>

<net id="1823"><net_src comp="1556" pin="2"/><net_sink comp="1819" pin=0"/></net>

<net id="1824"><net_src comp="138" pin="0"/><net_sink comp="1819" pin=1"/></net>

<net id="1830"><net_src comp="1819" pin="2"/><net_sink comp="1825" pin=0"/></net>

<net id="1831"><net_src comp="684" pin="7"/><net_sink comp="1825" pin=1"/></net>

<net id="1832"><net_src comp="674" pin="7"/><net_sink comp="1825" pin=2"/></net>

<net id="1836"><net_src comp="1825" pin="3"/><net_sink comp="1833" pin=0"/></net>

<net id="1840"><net_src comp="1825" pin="3"/><net_sink comp="1837" pin=0"/></net>

<net id="1846"><net_src comp="1819" pin="2"/><net_sink comp="1841" pin=0"/></net>

<net id="1847"><net_src comp="684" pin="3"/><net_sink comp="1841" pin=1"/></net>

<net id="1848"><net_src comp="674" pin="3"/><net_sink comp="1841" pin=2"/></net>

<net id="1852"><net_src comp="1841" pin="3"/><net_sink comp="1849" pin=0"/></net>

<net id="1857"><net_src comp="1849" pin="1"/><net_sink comp="1853" pin=0"/></net>

<net id="1858"><net_src comp="1837" pin="1"/><net_sink comp="1853" pin=1"/></net>

<net id="1863"><net_src comp="1853" pin="2"/><net_sink comp="1859" pin=0"/></net>

<net id="1864"><net_src comp="114" pin="0"/><net_sink comp="1859" pin=1"/></net>

<net id="1868"><net_src comp="1853" pin="2"/><net_sink comp="1865" pin=0"/></net>

<net id="1873"><net_src comp="1865" pin="1"/><net_sink comp="1869" pin=0"/></net>

<net id="1874"><net_src comp="116" pin="0"/><net_sink comp="1869" pin=1"/></net>

<net id="1880"><net_src comp="1859" pin="2"/><net_sink comp="1875" pin=0"/></net>

<net id="1881"><net_src comp="1869" pin="2"/><net_sink comp="1875" pin=1"/></net>

<net id="1882"><net_src comp="1865" pin="1"/><net_sink comp="1875" pin=2"/></net>

<net id="1887"><net_src comp="1841" pin="3"/><net_sink comp="1883" pin=0"/></net>

<net id="1888"><net_src comp="1825" pin="3"/><net_sink comp="1883" pin=1"/></net>

<net id="1893"><net_src comp="1883" pin="2"/><net_sink comp="1889" pin=0"/></net>

<net id="1894"><net_src comp="118" pin="0"/><net_sink comp="1889" pin=1"/></net>

<net id="1899"><net_src comp="1849" pin="1"/><net_sink comp="1895" pin=0"/></net>

<net id="1900"><net_src comp="120" pin="0"/><net_sink comp="1895" pin=1"/></net>

<net id="1906"><net_src comp="1889" pin="2"/><net_sink comp="1901" pin=0"/></net>

<net id="1907"><net_src comp="1849" pin="1"/><net_sink comp="1901" pin=1"/></net>

<net id="1908"><net_src comp="1895" pin="2"/><net_sink comp="1901" pin=2"/></net>

<net id="1912"><net_src comp="1901" pin="3"/><net_sink comp="1909" pin=0"/></net>

<net id="1917"><net_src comp="1909" pin="1"/><net_sink comp="1913" pin=0"/></net>

<net id="1918"><net_src comp="1833" pin="1"/><net_sink comp="1913" pin=1"/></net>

<net id="1922"><net_src comp="1913" pin="2"/><net_sink comp="1919" pin=0"/></net>

<net id="1926"><net_src comp="1919" pin="1"/><net_sink comp="1923" pin=0"/></net>

<net id="1927"><net_src comp="1923" pin="1"/><net_sink comp="1212" pin=0"/></net>

<net id="1932"><net_src comp="1566" pin="2"/><net_sink comp="1928" pin=0"/></net>

<net id="1933"><net_src comp="140" pin="0"/><net_sink comp="1928" pin=1"/></net>

<net id="1939"><net_src comp="1928" pin="2"/><net_sink comp="1934" pin=0"/></net>

<net id="1940"><net_src comp="706" pin="7"/><net_sink comp="1934" pin=1"/></net>

<net id="1941"><net_src comp="696" pin="7"/><net_sink comp="1934" pin=2"/></net>

<net id="1945"><net_src comp="1934" pin="3"/><net_sink comp="1942" pin=0"/></net>

<net id="1949"><net_src comp="1934" pin="3"/><net_sink comp="1946" pin=0"/></net>

<net id="1955"><net_src comp="1928" pin="2"/><net_sink comp="1950" pin=0"/></net>

<net id="1956"><net_src comp="706" pin="3"/><net_sink comp="1950" pin=1"/></net>

<net id="1957"><net_src comp="696" pin="3"/><net_sink comp="1950" pin=2"/></net>

<net id="1961"><net_src comp="1950" pin="3"/><net_sink comp="1958" pin=0"/></net>

<net id="1966"><net_src comp="1958" pin="1"/><net_sink comp="1962" pin=0"/></net>

<net id="1967"><net_src comp="1946" pin="1"/><net_sink comp="1962" pin=1"/></net>

<net id="1972"><net_src comp="1962" pin="2"/><net_sink comp="1968" pin=0"/></net>

<net id="1973"><net_src comp="114" pin="0"/><net_sink comp="1968" pin=1"/></net>

<net id="1977"><net_src comp="1962" pin="2"/><net_sink comp="1974" pin=0"/></net>

<net id="1982"><net_src comp="1974" pin="1"/><net_sink comp="1978" pin=0"/></net>

<net id="1983"><net_src comp="116" pin="0"/><net_sink comp="1978" pin=1"/></net>

<net id="1989"><net_src comp="1968" pin="2"/><net_sink comp="1984" pin=0"/></net>

<net id="1990"><net_src comp="1978" pin="2"/><net_sink comp="1984" pin=1"/></net>

<net id="1991"><net_src comp="1974" pin="1"/><net_sink comp="1984" pin=2"/></net>

<net id="1996"><net_src comp="1950" pin="3"/><net_sink comp="1992" pin=0"/></net>

<net id="1997"><net_src comp="1934" pin="3"/><net_sink comp="1992" pin=1"/></net>

<net id="2002"><net_src comp="1992" pin="2"/><net_sink comp="1998" pin=0"/></net>

<net id="2003"><net_src comp="118" pin="0"/><net_sink comp="1998" pin=1"/></net>

<net id="2008"><net_src comp="1958" pin="1"/><net_sink comp="2004" pin=0"/></net>

<net id="2009"><net_src comp="120" pin="0"/><net_sink comp="2004" pin=1"/></net>

<net id="2015"><net_src comp="1998" pin="2"/><net_sink comp="2010" pin=0"/></net>

<net id="2016"><net_src comp="1958" pin="1"/><net_sink comp="2010" pin=1"/></net>

<net id="2017"><net_src comp="2004" pin="2"/><net_sink comp="2010" pin=2"/></net>

<net id="2021"><net_src comp="2010" pin="3"/><net_sink comp="2018" pin=0"/></net>

<net id="2026"><net_src comp="2018" pin="1"/><net_sink comp="2022" pin=0"/></net>

<net id="2027"><net_src comp="1942" pin="1"/><net_sink comp="2022" pin=1"/></net>

<net id="2031"><net_src comp="2022" pin="2"/><net_sink comp="2028" pin=0"/></net>

<net id="2035"><net_src comp="2028" pin="1"/><net_sink comp="2032" pin=0"/></net>

<net id="2036"><net_src comp="2032" pin="1"/><net_sink comp="1216" pin=0"/></net>

<net id="2041"><net_src comp="1576" pin="2"/><net_sink comp="2037" pin=0"/></net>

<net id="2042"><net_src comp="142" pin="0"/><net_sink comp="2037" pin=1"/></net>

<net id="2048"><net_src comp="2037" pin="2"/><net_sink comp="2043" pin=0"/></net>

<net id="2049"><net_src comp="728" pin="7"/><net_sink comp="2043" pin=1"/></net>

<net id="2050"><net_src comp="718" pin="7"/><net_sink comp="2043" pin=2"/></net>

<net id="2054"><net_src comp="2043" pin="3"/><net_sink comp="2051" pin=0"/></net>

<net id="2058"><net_src comp="2043" pin="3"/><net_sink comp="2055" pin=0"/></net>

<net id="2064"><net_src comp="2037" pin="2"/><net_sink comp="2059" pin=0"/></net>

<net id="2065"><net_src comp="728" pin="3"/><net_sink comp="2059" pin=1"/></net>

<net id="2066"><net_src comp="718" pin="3"/><net_sink comp="2059" pin=2"/></net>

<net id="2070"><net_src comp="2059" pin="3"/><net_sink comp="2067" pin=0"/></net>

<net id="2075"><net_src comp="2067" pin="1"/><net_sink comp="2071" pin=0"/></net>

<net id="2076"><net_src comp="2055" pin="1"/><net_sink comp="2071" pin=1"/></net>

<net id="2081"><net_src comp="2071" pin="2"/><net_sink comp="2077" pin=0"/></net>

<net id="2082"><net_src comp="114" pin="0"/><net_sink comp="2077" pin=1"/></net>

<net id="2086"><net_src comp="2071" pin="2"/><net_sink comp="2083" pin=0"/></net>

<net id="2091"><net_src comp="2083" pin="1"/><net_sink comp="2087" pin=0"/></net>

<net id="2092"><net_src comp="116" pin="0"/><net_sink comp="2087" pin=1"/></net>

<net id="2098"><net_src comp="2077" pin="2"/><net_sink comp="2093" pin=0"/></net>

<net id="2099"><net_src comp="2087" pin="2"/><net_sink comp="2093" pin=1"/></net>

<net id="2100"><net_src comp="2083" pin="1"/><net_sink comp="2093" pin=2"/></net>

<net id="2105"><net_src comp="2059" pin="3"/><net_sink comp="2101" pin=0"/></net>

<net id="2106"><net_src comp="2043" pin="3"/><net_sink comp="2101" pin=1"/></net>

<net id="2111"><net_src comp="2101" pin="2"/><net_sink comp="2107" pin=0"/></net>

<net id="2112"><net_src comp="118" pin="0"/><net_sink comp="2107" pin=1"/></net>

<net id="2117"><net_src comp="2067" pin="1"/><net_sink comp="2113" pin=0"/></net>

<net id="2118"><net_src comp="120" pin="0"/><net_sink comp="2113" pin=1"/></net>

<net id="2124"><net_src comp="2107" pin="2"/><net_sink comp="2119" pin=0"/></net>

<net id="2125"><net_src comp="2067" pin="1"/><net_sink comp="2119" pin=1"/></net>

<net id="2126"><net_src comp="2113" pin="2"/><net_sink comp="2119" pin=2"/></net>

<net id="2130"><net_src comp="2119" pin="3"/><net_sink comp="2127" pin=0"/></net>

<net id="2135"><net_src comp="2127" pin="1"/><net_sink comp="2131" pin=0"/></net>

<net id="2136"><net_src comp="2051" pin="1"/><net_sink comp="2131" pin=1"/></net>

<net id="2140"><net_src comp="2131" pin="2"/><net_sink comp="2137" pin=0"/></net>

<net id="2144"><net_src comp="2137" pin="1"/><net_sink comp="2141" pin=0"/></net>

<net id="2145"><net_src comp="2141" pin="1"/><net_sink comp="1220" pin=0"/></net>

<net id="2150"><net_src comp="1586" pin="2"/><net_sink comp="2146" pin=0"/></net>

<net id="2151"><net_src comp="144" pin="0"/><net_sink comp="2146" pin=1"/></net>

<net id="2157"><net_src comp="2146" pin="2"/><net_sink comp="2152" pin=0"/></net>

<net id="2158"><net_src comp="750" pin="7"/><net_sink comp="2152" pin=1"/></net>

<net id="2159"><net_src comp="740" pin="7"/><net_sink comp="2152" pin=2"/></net>

<net id="2163"><net_src comp="2152" pin="3"/><net_sink comp="2160" pin=0"/></net>

<net id="2167"><net_src comp="2152" pin="3"/><net_sink comp="2164" pin=0"/></net>

<net id="2173"><net_src comp="2146" pin="2"/><net_sink comp="2168" pin=0"/></net>

<net id="2174"><net_src comp="750" pin="3"/><net_sink comp="2168" pin=1"/></net>

<net id="2175"><net_src comp="740" pin="3"/><net_sink comp="2168" pin=2"/></net>

<net id="2179"><net_src comp="2168" pin="3"/><net_sink comp="2176" pin=0"/></net>

<net id="2184"><net_src comp="2176" pin="1"/><net_sink comp="2180" pin=0"/></net>

<net id="2185"><net_src comp="2164" pin="1"/><net_sink comp="2180" pin=1"/></net>

<net id="2190"><net_src comp="2180" pin="2"/><net_sink comp="2186" pin=0"/></net>

<net id="2191"><net_src comp="114" pin="0"/><net_sink comp="2186" pin=1"/></net>

<net id="2195"><net_src comp="2180" pin="2"/><net_sink comp="2192" pin=0"/></net>

<net id="2200"><net_src comp="2192" pin="1"/><net_sink comp="2196" pin=0"/></net>

<net id="2201"><net_src comp="116" pin="0"/><net_sink comp="2196" pin=1"/></net>

<net id="2207"><net_src comp="2186" pin="2"/><net_sink comp="2202" pin=0"/></net>

<net id="2208"><net_src comp="2196" pin="2"/><net_sink comp="2202" pin=1"/></net>

<net id="2209"><net_src comp="2192" pin="1"/><net_sink comp="2202" pin=2"/></net>

<net id="2214"><net_src comp="2168" pin="3"/><net_sink comp="2210" pin=0"/></net>

<net id="2215"><net_src comp="2152" pin="3"/><net_sink comp="2210" pin=1"/></net>

<net id="2220"><net_src comp="2210" pin="2"/><net_sink comp="2216" pin=0"/></net>

<net id="2221"><net_src comp="118" pin="0"/><net_sink comp="2216" pin=1"/></net>

<net id="2226"><net_src comp="2176" pin="1"/><net_sink comp="2222" pin=0"/></net>

<net id="2227"><net_src comp="120" pin="0"/><net_sink comp="2222" pin=1"/></net>

<net id="2233"><net_src comp="2216" pin="2"/><net_sink comp="2228" pin=0"/></net>

<net id="2234"><net_src comp="2176" pin="1"/><net_sink comp="2228" pin=1"/></net>

<net id="2235"><net_src comp="2222" pin="2"/><net_sink comp="2228" pin=2"/></net>

<net id="2239"><net_src comp="2228" pin="3"/><net_sink comp="2236" pin=0"/></net>

<net id="2244"><net_src comp="2236" pin="1"/><net_sink comp="2240" pin=0"/></net>

<net id="2245"><net_src comp="2160" pin="1"/><net_sink comp="2240" pin=1"/></net>

<net id="2249"><net_src comp="2240" pin="2"/><net_sink comp="2246" pin=0"/></net>

<net id="2253"><net_src comp="2246" pin="1"/><net_sink comp="2250" pin=0"/></net>

<net id="2254"><net_src comp="2250" pin="1"/><net_sink comp="1224" pin=0"/></net>

<net id="2259"><net_src comp="1596" pin="2"/><net_sink comp="2255" pin=0"/></net>

<net id="2260"><net_src comp="146" pin="0"/><net_sink comp="2255" pin=1"/></net>

<net id="2266"><net_src comp="2255" pin="2"/><net_sink comp="2261" pin=0"/></net>

<net id="2267"><net_src comp="772" pin="7"/><net_sink comp="2261" pin=1"/></net>

<net id="2268"><net_src comp="762" pin="7"/><net_sink comp="2261" pin=2"/></net>

<net id="2272"><net_src comp="2261" pin="3"/><net_sink comp="2269" pin=0"/></net>

<net id="2276"><net_src comp="2261" pin="3"/><net_sink comp="2273" pin=0"/></net>

<net id="2282"><net_src comp="2255" pin="2"/><net_sink comp="2277" pin=0"/></net>

<net id="2283"><net_src comp="772" pin="3"/><net_sink comp="2277" pin=1"/></net>

<net id="2284"><net_src comp="762" pin="3"/><net_sink comp="2277" pin=2"/></net>

<net id="2288"><net_src comp="2277" pin="3"/><net_sink comp="2285" pin=0"/></net>

<net id="2293"><net_src comp="2285" pin="1"/><net_sink comp="2289" pin=0"/></net>

<net id="2294"><net_src comp="2273" pin="1"/><net_sink comp="2289" pin=1"/></net>

<net id="2299"><net_src comp="2289" pin="2"/><net_sink comp="2295" pin=0"/></net>

<net id="2300"><net_src comp="114" pin="0"/><net_sink comp="2295" pin=1"/></net>

<net id="2304"><net_src comp="2289" pin="2"/><net_sink comp="2301" pin=0"/></net>

<net id="2309"><net_src comp="2301" pin="1"/><net_sink comp="2305" pin=0"/></net>

<net id="2310"><net_src comp="116" pin="0"/><net_sink comp="2305" pin=1"/></net>

<net id="2316"><net_src comp="2295" pin="2"/><net_sink comp="2311" pin=0"/></net>

<net id="2317"><net_src comp="2305" pin="2"/><net_sink comp="2311" pin=1"/></net>

<net id="2318"><net_src comp="2301" pin="1"/><net_sink comp="2311" pin=2"/></net>

<net id="2323"><net_src comp="2277" pin="3"/><net_sink comp="2319" pin=0"/></net>

<net id="2324"><net_src comp="2261" pin="3"/><net_sink comp="2319" pin=1"/></net>

<net id="2329"><net_src comp="2319" pin="2"/><net_sink comp="2325" pin=0"/></net>

<net id="2330"><net_src comp="118" pin="0"/><net_sink comp="2325" pin=1"/></net>

<net id="2335"><net_src comp="2285" pin="1"/><net_sink comp="2331" pin=0"/></net>

<net id="2336"><net_src comp="120" pin="0"/><net_sink comp="2331" pin=1"/></net>

<net id="2342"><net_src comp="2325" pin="2"/><net_sink comp="2337" pin=0"/></net>

<net id="2343"><net_src comp="2285" pin="1"/><net_sink comp="2337" pin=1"/></net>

<net id="2344"><net_src comp="2331" pin="2"/><net_sink comp="2337" pin=2"/></net>

<net id="2348"><net_src comp="2337" pin="3"/><net_sink comp="2345" pin=0"/></net>

<net id="2353"><net_src comp="2345" pin="1"/><net_sink comp="2349" pin=0"/></net>

<net id="2354"><net_src comp="2269" pin="1"/><net_sink comp="2349" pin=1"/></net>

<net id="2358"><net_src comp="2349" pin="2"/><net_sink comp="2355" pin=0"/></net>

<net id="2362"><net_src comp="2355" pin="1"/><net_sink comp="2359" pin=0"/></net>

<net id="2363"><net_src comp="2359" pin="1"/><net_sink comp="1228" pin=0"/></net>

<net id="2367"><net_src comp="460" pin="3"/><net_sink comp="2364" pin=0"/></net>

<net id="2368"><net_src comp="2364" pin="1"/><net_sink comp="1228" pin=1"/></net>

<net id="2373"><net_src comp="1536" pin="2"/><net_sink comp="2369" pin=0"/></net>

<net id="2374"><net_src comp="122" pin="0"/><net_sink comp="2369" pin=1"/></net>

<net id="2379"><net_src comp="1546" pin="2"/><net_sink comp="2375" pin=0"/></net>

<net id="2380"><net_src comp="104" pin="0"/><net_sink comp="2375" pin=1"/></net>

<net id="2385"><net_src comp="1556" pin="2"/><net_sink comp="2381" pin=0"/></net>

<net id="2386"><net_src comp="124" pin="0"/><net_sink comp="2381" pin=1"/></net>

<net id="2391"><net_src comp="1566" pin="2"/><net_sink comp="2387" pin=0"/></net>

<net id="2392"><net_src comp="126" pin="0"/><net_sink comp="2387" pin=1"/></net>

<net id="2397"><net_src comp="1576" pin="2"/><net_sink comp="2393" pin=0"/></net>

<net id="2398"><net_src comp="128" pin="0"/><net_sink comp="2393" pin=1"/></net>

<net id="2403"><net_src comp="1586" pin="2"/><net_sink comp="2399" pin=0"/></net>

<net id="2404"><net_src comp="130" pin="0"/><net_sink comp="2399" pin=1"/></net>

<net id="2409"><net_src comp="1596" pin="2"/><net_sink comp="2405" pin=0"/></net>

<net id="2410"><net_src comp="132" pin="0"/><net_sink comp="2405" pin=1"/></net>

<net id="2423"><net_src comp="156" pin="0"/><net_sink comp="2417" pin=0"/></net>

<net id="2424"><net_src comp="1200" pin="2"/><net_sink comp="2417" pin=1"/></net>

<net id="2425"><net_src comp="158" pin="0"/><net_sink comp="2417" pin=2"/></net>

<net id="2426"><net_src comp="160" pin="0"/><net_sink comp="2417" pin=3"/></net>

<net id="2427"><net_src comp="2417" pin="4"/><net_sink comp="1232" pin=0"/></net>

<net id="2455"><net_src comp="156" pin="0"/><net_sink comp="2449" pin=0"/></net>

<net id="2456"><net_src comp="1204" pin="2"/><net_sink comp="2449" pin=1"/></net>

<net id="2457"><net_src comp="158" pin="0"/><net_sink comp="2449" pin=2"/></net>

<net id="2458"><net_src comp="160" pin="0"/><net_sink comp="2449" pin=3"/></net>

<net id="2459"><net_src comp="2449" pin="4"/><net_sink comp="1237" pin=0"/></net>

<net id="2469"><net_src comp="156" pin="0"/><net_sink comp="2463" pin=0"/></net>

<net id="2470"><net_src comp="1208" pin="2"/><net_sink comp="2463" pin=1"/></net>

<net id="2471"><net_src comp="158" pin="0"/><net_sink comp="2463" pin=2"/></net>

<net id="2472"><net_src comp="160" pin="0"/><net_sink comp="2463" pin=3"/></net>

<net id="2473"><net_src comp="2463" pin="4"/><net_sink comp="1242" pin=0"/></net>

<net id="2483"><net_src comp="156" pin="0"/><net_sink comp="2477" pin=0"/></net>

<net id="2484"><net_src comp="1212" pin="2"/><net_sink comp="2477" pin=1"/></net>

<net id="2485"><net_src comp="158" pin="0"/><net_sink comp="2477" pin=2"/></net>

<net id="2486"><net_src comp="160" pin="0"/><net_sink comp="2477" pin=3"/></net>

<net id="2487"><net_src comp="2477" pin="4"/><net_sink comp="1247" pin=0"/></net>

<net id="2497"><net_src comp="156" pin="0"/><net_sink comp="2491" pin=0"/></net>

<net id="2498"><net_src comp="1216" pin="2"/><net_sink comp="2491" pin=1"/></net>

<net id="2499"><net_src comp="158" pin="0"/><net_sink comp="2491" pin=2"/></net>

<net id="2500"><net_src comp="160" pin="0"/><net_sink comp="2491" pin=3"/></net>

<net id="2501"><net_src comp="2491" pin="4"/><net_sink comp="1252" pin=0"/></net>

<net id="2511"><net_src comp="156" pin="0"/><net_sink comp="2505" pin=0"/></net>

<net id="2512"><net_src comp="1220" pin="2"/><net_sink comp="2505" pin=1"/></net>

<net id="2513"><net_src comp="158" pin="0"/><net_sink comp="2505" pin=2"/></net>

<net id="2514"><net_src comp="160" pin="0"/><net_sink comp="2505" pin=3"/></net>

<net id="2515"><net_src comp="2505" pin="4"/><net_sink comp="1257" pin=0"/></net>

<net id="2525"><net_src comp="156" pin="0"/><net_sink comp="2519" pin=0"/></net>

<net id="2526"><net_src comp="1224" pin="2"/><net_sink comp="2519" pin=1"/></net>

<net id="2527"><net_src comp="158" pin="0"/><net_sink comp="2519" pin=2"/></net>

<net id="2528"><net_src comp="160" pin="0"/><net_sink comp="2519" pin=3"/></net>

<net id="2529"><net_src comp="2519" pin="4"/><net_sink comp="1262" pin=0"/></net>

<net id="2542"><net_src comp="156" pin="0"/><net_sink comp="2536" pin=0"/></net>

<net id="2543"><net_src comp="1228" pin="2"/><net_sink comp="2536" pin=1"/></net>

<net id="2544"><net_src comp="158" pin="0"/><net_sink comp="2536" pin=2"/></net>

<net id="2545"><net_src comp="160" pin="0"/><net_sink comp="2536" pin=3"/></net>

<net id="2546"><net_src comp="2536" pin="4"/><net_sink comp="1267" pin=0"/></net>

<net id="2551"><net_src comp="188" pin="0"/><net_sink comp="2547" pin=1"/></net>

<net id="2559"><net_src comp="2552" pin="1"/><net_sink comp="2555" pin=0"/></net>

<net id="2560"><net_src comp="116" pin="0"/><net_sink comp="2555" pin=1"/></net>

<net id="2566"><net_src comp="2547" pin="2"/><net_sink comp="2561" pin=0"/></net>

<net id="2567"><net_src comp="2555" pin="2"/><net_sink comp="2561" pin=1"/></net>

<net id="2568"><net_src comp="2552" pin="1"/><net_sink comp="2561" pin=2"/></net>

<net id="2569"><net_src comp="2561" pin="3"/><net_sink comp="1024" pin=1"/></net>

<net id="2570"><net_src comp="2561" pin="3"/><net_sink comp="1035" pin=1"/></net>

<net id="2575"><net_src comp="188" pin="0"/><net_sink comp="2571" pin=1"/></net>

<net id="2583"><net_src comp="2576" pin="1"/><net_sink comp="2579" pin=0"/></net>

<net id="2584"><net_src comp="116" pin="0"/><net_sink comp="2579" pin=1"/></net>

<net id="2590"><net_src comp="2571" pin="2"/><net_sink comp="2585" pin=0"/></net>

<net id="2591"><net_src comp="2579" pin="2"/><net_sink comp="2585" pin=1"/></net>

<net id="2592"><net_src comp="2576" pin="1"/><net_sink comp="2585" pin=2"/></net>

<net id="2593"><net_src comp="2585" pin="3"/><net_sink comp="1046" pin=1"/></net>

<net id="2594"><net_src comp="2585" pin="3"/><net_sink comp="1056" pin=1"/></net>

<net id="2599"><net_src comp="188" pin="0"/><net_sink comp="2595" pin=1"/></net>

<net id="2607"><net_src comp="2600" pin="1"/><net_sink comp="2603" pin=0"/></net>

<net id="2608"><net_src comp="116" pin="0"/><net_sink comp="2603" pin=1"/></net>

<net id="2614"><net_src comp="2595" pin="2"/><net_sink comp="2609" pin=0"/></net>

<net id="2615"><net_src comp="2603" pin="2"/><net_sink comp="2609" pin=1"/></net>

<net id="2616"><net_src comp="2600" pin="1"/><net_sink comp="2609" pin=2"/></net>

<net id="2617"><net_src comp="2609" pin="3"/><net_sink comp="1066" pin=1"/></net>

<net id="2618"><net_src comp="2609" pin="3"/><net_sink comp="1076" pin=1"/></net>

<net id="2623"><net_src comp="188" pin="0"/><net_sink comp="2619" pin=1"/></net>

<net id="2631"><net_src comp="2624" pin="1"/><net_sink comp="2627" pin=0"/></net>

<net id="2632"><net_src comp="116" pin="0"/><net_sink comp="2627" pin=1"/></net>

<net id="2638"><net_src comp="2619" pin="2"/><net_sink comp="2633" pin=0"/></net>

<net id="2639"><net_src comp="2627" pin="2"/><net_sink comp="2633" pin=1"/></net>

<net id="2640"><net_src comp="2624" pin="1"/><net_sink comp="2633" pin=2"/></net>

<net id="2641"><net_src comp="2633" pin="3"/><net_sink comp="1086" pin=1"/></net>

<net id="2642"><net_src comp="2633" pin="3"/><net_sink comp="1096" pin=1"/></net>

<net id="2647"><net_src comp="188" pin="0"/><net_sink comp="2643" pin=1"/></net>

<net id="2655"><net_src comp="2648" pin="1"/><net_sink comp="2651" pin=0"/></net>

<net id="2656"><net_src comp="116" pin="0"/><net_sink comp="2651" pin=1"/></net>

<net id="2662"><net_src comp="2643" pin="2"/><net_sink comp="2657" pin=0"/></net>

<net id="2663"><net_src comp="2651" pin="2"/><net_sink comp="2657" pin=1"/></net>

<net id="2664"><net_src comp="2648" pin="1"/><net_sink comp="2657" pin=2"/></net>

<net id="2665"><net_src comp="2657" pin="3"/><net_sink comp="1106" pin=1"/></net>

<net id="2666"><net_src comp="2657" pin="3"/><net_sink comp="1116" pin=1"/></net>

<net id="2671"><net_src comp="188" pin="0"/><net_sink comp="2667" pin=1"/></net>

<net id="2679"><net_src comp="2672" pin="1"/><net_sink comp="2675" pin=0"/></net>

<net id="2680"><net_src comp="116" pin="0"/><net_sink comp="2675" pin=1"/></net>

<net id="2686"><net_src comp="2667" pin="2"/><net_sink comp="2681" pin=0"/></net>

<net id="2687"><net_src comp="2675" pin="2"/><net_sink comp="2681" pin=1"/></net>

<net id="2688"><net_src comp="2672" pin="1"/><net_sink comp="2681" pin=2"/></net>

<net id="2689"><net_src comp="2681" pin="3"/><net_sink comp="1126" pin=1"/></net>

<net id="2690"><net_src comp="2681" pin="3"/><net_sink comp="1136" pin=1"/></net>

<net id="2695"><net_src comp="188" pin="0"/><net_sink comp="2691" pin=1"/></net>

<net id="2703"><net_src comp="2696" pin="1"/><net_sink comp="2699" pin=0"/></net>

<net id="2704"><net_src comp="116" pin="0"/><net_sink comp="2699" pin=1"/></net>

<net id="2710"><net_src comp="2691" pin="2"/><net_sink comp="2705" pin=0"/></net>

<net id="2711"><net_src comp="2699" pin="2"/><net_sink comp="2705" pin=1"/></net>

<net id="2712"><net_src comp="2696" pin="1"/><net_sink comp="2705" pin=2"/></net>

<net id="2713"><net_src comp="2705" pin="3"/><net_sink comp="1146" pin=1"/></net>

<net id="2714"><net_src comp="2705" pin="3"/><net_sink comp="1156" pin=1"/></net>

<net id="2719"><net_src comp="188" pin="0"/><net_sink comp="2715" pin=1"/></net>

<net id="2727"><net_src comp="2720" pin="1"/><net_sink comp="2723" pin=0"/></net>

<net id="2728"><net_src comp="116" pin="0"/><net_sink comp="2723" pin=1"/></net>

<net id="2734"><net_src comp="2715" pin="2"/><net_sink comp="2729" pin=0"/></net>

<net id="2735"><net_src comp="2723" pin="2"/><net_sink comp="2729" pin=1"/></net>

<net id="2736"><net_src comp="2720" pin="1"/><net_sink comp="2729" pin=2"/></net>

<net id="2737"><net_src comp="2729" pin="3"/><net_sink comp="1166" pin=1"/></net>

<net id="2738"><net_src comp="2729" pin="3"/><net_sink comp="1176" pin=1"/></net>

<net id="2744"><net_src comp="2411" pin="1"/><net_sink comp="2739" pin=0"/></net>

<net id="2745"><net_src comp="2414" pin="1"/><net_sink comp="2739" pin=1"/></net>

<net id="2746"><net_src comp="1232" pin="2"/><net_sink comp="2739" pin=2"/></net>

<net id="2747"><net_src comp="2739" pin="3"/><net_sink comp="2547" pin=0"/></net>

<net id="2748"><net_src comp="2739" pin="3"/><net_sink comp="2552" pin=0"/></net>

<net id="2754"><net_src comp="2446" pin="1"/><net_sink comp="2749" pin=0"/></net>

<net id="2755"><net_src comp="2428" pin="1"/><net_sink comp="2749" pin=1"/></net>

<net id="2756"><net_src comp="1237" pin="2"/><net_sink comp="2749" pin=2"/></net>

<net id="2757"><net_src comp="2749" pin="3"/><net_sink comp="2571" pin=0"/></net>

<net id="2758"><net_src comp="2749" pin="3"/><net_sink comp="2576" pin=0"/></net>

<net id="2764"><net_src comp="2460" pin="1"/><net_sink comp="2759" pin=0"/></net>

<net id="2765"><net_src comp="2431" pin="1"/><net_sink comp="2759" pin=1"/></net>

<net id="2766"><net_src comp="1242" pin="2"/><net_sink comp="2759" pin=2"/></net>

<net id="2767"><net_src comp="2759" pin="3"/><net_sink comp="2595" pin=0"/></net>

<net id="2768"><net_src comp="2759" pin="3"/><net_sink comp="2600" pin=0"/></net>

<net id="2774"><net_src comp="2474" pin="1"/><net_sink comp="2769" pin=0"/></net>

<net id="2775"><net_src comp="2434" pin="1"/><net_sink comp="2769" pin=1"/></net>

<net id="2776"><net_src comp="1247" pin="2"/><net_sink comp="2769" pin=2"/></net>

<net id="2777"><net_src comp="2769" pin="3"/><net_sink comp="2619" pin=0"/></net>

<net id="2778"><net_src comp="2769" pin="3"/><net_sink comp="2624" pin=0"/></net>

<net id="2784"><net_src comp="2488" pin="1"/><net_sink comp="2779" pin=0"/></net>

<net id="2785"><net_src comp="2437" pin="1"/><net_sink comp="2779" pin=1"/></net>

<net id="2786"><net_src comp="1252" pin="2"/><net_sink comp="2779" pin=2"/></net>

<net id="2787"><net_src comp="2779" pin="3"/><net_sink comp="2643" pin=0"/></net>

<net id="2788"><net_src comp="2779" pin="3"/><net_sink comp="2648" pin=0"/></net>

<net id="2794"><net_src comp="2502" pin="1"/><net_sink comp="2789" pin=0"/></net>

<net id="2795"><net_src comp="2440" pin="1"/><net_sink comp="2789" pin=1"/></net>

<net id="2796"><net_src comp="1257" pin="2"/><net_sink comp="2789" pin=2"/></net>

<net id="2797"><net_src comp="2789" pin="3"/><net_sink comp="2667" pin=0"/></net>

<net id="2798"><net_src comp="2789" pin="3"/><net_sink comp="2672" pin=0"/></net>

<net id="2804"><net_src comp="2516" pin="1"/><net_sink comp="2799" pin=0"/></net>

<net id="2805"><net_src comp="2443" pin="1"/><net_sink comp="2799" pin=1"/></net>

<net id="2806"><net_src comp="1262" pin="2"/><net_sink comp="2799" pin=2"/></net>

<net id="2807"><net_src comp="2799" pin="3"/><net_sink comp="2691" pin=0"/></net>

<net id="2808"><net_src comp="2799" pin="3"/><net_sink comp="2696" pin=0"/></net>

<net id="2814"><net_src comp="2530" pin="1"/><net_sink comp="2809" pin=0"/></net>

<net id="2815"><net_src comp="2533" pin="1"/><net_sink comp="2809" pin=1"/></net>

<net id="2816"><net_src comp="1267" pin="2"/><net_sink comp="2809" pin=2"/></net>

<net id="2817"><net_src comp="2809" pin="3"/><net_sink comp="2715" pin=0"/></net>

<net id="2818"><net_src comp="2809" pin="3"/><net_sink comp="2720" pin=0"/></net>

<net id="2822"><net_src comp="196" pin="1"/><net_sink comp="2819" pin=0"/></net>

<net id="2823"><net_src comp="2819" pin="1"/><net_sink comp="1272" pin=1"/></net>

<net id="2824"><net_src comp="2819" pin="1"/><net_sink comp="1277" pin=0"/></net>

<net id="2825"><net_src comp="2819" pin="1"/><net_sink comp="1418" pin=1"/></net>

<net id="2829"><net_src comp="1280" pin="3"/><net_sink comp="2826" pin=0"/></net>

<net id="2833"><net_src comp="1288" pin="1"/><net_sink comp="2830" pin=0"/></net>

<net id="2834"><net_src comp="2830" pin="1"/><net_sink comp="1423" pin=0"/></net>

<net id="2835"><net_src comp="2830" pin="1"/><net_sink comp="1536" pin=0"/></net>

<net id="2836"><net_src comp="2830" pin="1"/><net_sink comp="1546" pin=0"/></net>

<net id="2837"><net_src comp="2830" pin="1"/><net_sink comp="1556" pin=0"/></net>

<net id="2838"><net_src comp="2830" pin="1"/><net_sink comp="1566" pin=0"/></net>

<net id="2839"><net_src comp="2830" pin="1"/><net_sink comp="1576" pin=0"/></net>

<net id="2840"><net_src comp="2830" pin="1"/><net_sink comp="1586" pin=0"/></net>

<net id="2841"><net_src comp="2830" pin="1"/><net_sink comp="1596" pin=0"/></net>

<net id="2845"><net_src comp="1342" pin="1"/><net_sink comp="2842" pin=0"/></net>

<net id="2846"><net_src comp="2842" pin="1"/><net_sink comp="800" pin=2"/></net>

<net id="2847"><net_src comp="2842" pin="1"/><net_sink comp="807" pin=2"/></net>

<net id="2848"><net_src comp="2842" pin="1"/><net_sink comp="828" pin=2"/></net>

<net id="2849"><net_src comp="2842" pin="1"/><net_sink comp="835" pin=2"/></net>

<net id="2850"><net_src comp="2842" pin="1"/><net_sink comp="856" pin=2"/></net>

<net id="2851"><net_src comp="2842" pin="1"/><net_sink comp="863" pin=2"/></net>

<net id="2852"><net_src comp="2842" pin="1"/><net_sink comp="884" pin=2"/></net>

<net id="2853"><net_src comp="2842" pin="1"/><net_sink comp="891" pin=2"/></net>

<net id="2854"><net_src comp="2842" pin="1"/><net_sink comp="912" pin=2"/></net>

<net id="2855"><net_src comp="2842" pin="1"/><net_sink comp="919" pin=2"/></net>

<net id="2856"><net_src comp="2842" pin="1"/><net_sink comp="940" pin=2"/></net>

<net id="2857"><net_src comp="2842" pin="1"/><net_sink comp="947" pin=2"/></net>

<net id="2858"><net_src comp="2842" pin="1"/><net_sink comp="968" pin=2"/></net>

<net id="2859"><net_src comp="2842" pin="1"/><net_sink comp="975" pin=2"/></net>

<net id="2860"><net_src comp="2842" pin="1"/><net_sink comp="996" pin=2"/></net>

<net id="2861"><net_src comp="2842" pin="1"/><net_sink comp="1003" pin=2"/></net>

<net id="2865"><net_src comp="1368" pin="1"/><net_sink comp="2862" pin=0"/></net>

<net id="2866"><net_src comp="2862" pin="1"/><net_sink comp="814" pin=2"/></net>

<net id="2867"><net_src comp="2862" pin="1"/><net_sink comp="821" pin=2"/></net>

<net id="2868"><net_src comp="2862" pin="1"/><net_sink comp="842" pin=2"/></net>

<net id="2869"><net_src comp="2862" pin="1"/><net_sink comp="849" pin=2"/></net>

<net id="2870"><net_src comp="2862" pin="1"/><net_sink comp="870" pin=2"/></net>

<net id="2871"><net_src comp="2862" pin="1"/><net_sink comp="877" pin=2"/></net>

<net id="2872"><net_src comp="2862" pin="1"/><net_sink comp="898" pin=2"/></net>

<net id="2873"><net_src comp="2862" pin="1"/><net_sink comp="905" pin=2"/></net>

<net id="2874"><net_src comp="2862" pin="1"/><net_sink comp="926" pin=2"/></net>

<net id="2875"><net_src comp="2862" pin="1"/><net_sink comp="933" pin=2"/></net>

<net id="2876"><net_src comp="2862" pin="1"/><net_sink comp="954" pin=2"/></net>

<net id="2877"><net_src comp="2862" pin="1"/><net_sink comp="961" pin=2"/></net>

<net id="2878"><net_src comp="2862" pin="1"/><net_sink comp="982" pin=2"/></net>

<net id="2879"><net_src comp="2862" pin="1"/><net_sink comp="989" pin=2"/></net>

<net id="2880"><net_src comp="2862" pin="1"/><net_sink comp="1010" pin=2"/></net>

<net id="2881"><net_src comp="2862" pin="1"/><net_sink comp="1017" pin=2"/></net>

<net id="2885"><net_src comp="200" pin="3"/><net_sink comp="2882" pin=0"/></net>

<net id="2886"><net_src comp="2882" pin="1"/><net_sink comp="214" pin=2"/></net>

<net id="2890"><net_src comp="207" pin="3"/><net_sink comp="2887" pin=0"/></net>

<net id="2891"><net_src comp="2887" pin="1"/><net_sink comp="224" pin=2"/></net>

<net id="2895"><net_src comp="234" pin="3"/><net_sink comp="2892" pin=0"/></net>

<net id="2896"><net_src comp="2892" pin="1"/><net_sink comp="214" pin=0"/></net>

<net id="2900"><net_src comp="241" pin="3"/><net_sink comp="2897" pin=0"/></net>

<net id="2901"><net_src comp="2897" pin="1"/><net_sink comp="224" pin=0"/></net>

<net id="2905"><net_src comp="250" pin="3"/><net_sink comp="2902" pin=0"/></net>

<net id="2906"><net_src comp="2902" pin="1"/><net_sink comp="257" pin=2"/></net>

<net id="2910"><net_src comp="267" pin="3"/><net_sink comp="2907" pin=0"/></net>

<net id="2911"><net_src comp="2907" pin="1"/><net_sink comp="274" pin=2"/></net>

<net id="2915"><net_src comp="284" pin="3"/><net_sink comp="2912" pin=0"/></net>

<net id="2916"><net_src comp="2912" pin="1"/><net_sink comp="630" pin=2"/></net>

<net id="2920"><net_src comp="291" pin="3"/><net_sink comp="2917" pin=0"/></net>

<net id="2921"><net_src comp="2917" pin="1"/><net_sink comp="640" pin=2"/></net>

<net id="2925"><net_src comp="298" pin="3"/><net_sink comp="2922" pin=0"/></net>

<net id="2926"><net_src comp="2922" pin="1"/><net_sink comp="630" pin=0"/></net>

<net id="2930"><net_src comp="305" pin="3"/><net_sink comp="2927" pin=0"/></net>

<net id="2931"><net_src comp="2927" pin="1"/><net_sink comp="640" pin=0"/></net>

<net id="2935"><net_src comp="312" pin="3"/><net_sink comp="2932" pin=0"/></net>

<net id="2936"><net_src comp="2932" pin="1"/><net_sink comp="319" pin=2"/></net>

<net id="2940"><net_src comp="329" pin="3"/><net_sink comp="2937" pin=0"/></net>

<net id="2941"><net_src comp="2937" pin="1"/><net_sink comp="336" pin=2"/></net>

<net id="2945"><net_src comp="346" pin="3"/><net_sink comp="2942" pin=0"/></net>

<net id="2946"><net_src comp="2942" pin="1"/><net_sink comp="652" pin=2"/></net>

<net id="2950"><net_src comp="353" pin="3"/><net_sink comp="2947" pin=0"/></net>

<net id="2951"><net_src comp="2947" pin="1"/><net_sink comp="662" pin=2"/></net>

<net id="2955"><net_src comp="360" pin="3"/><net_sink comp="2952" pin=0"/></net>

<net id="2956"><net_src comp="2952" pin="1"/><net_sink comp="652" pin=0"/></net>

<net id="2960"><net_src comp="367" pin="3"/><net_sink comp="2957" pin=0"/></net>

<net id="2961"><net_src comp="2957" pin="1"/><net_sink comp="662" pin=0"/></net>

<net id="2965"><net_src comp="374" pin="3"/><net_sink comp="2962" pin=0"/></net>

<net id="2966"><net_src comp="2962" pin="1"/><net_sink comp="381" pin=2"/></net>

<net id="2970"><net_src comp="391" pin="3"/><net_sink comp="2967" pin=0"/></net>

<net id="2971"><net_src comp="2967" pin="1"/><net_sink comp="398" pin=2"/></net>

<net id="2975"><net_src comp="408" pin="3"/><net_sink comp="2972" pin=0"/></net>

<net id="2976"><net_src comp="2972" pin="1"/><net_sink comp="674" pin=2"/></net>

<net id="2980"><net_src comp="415" pin="3"/><net_sink comp="2977" pin=0"/></net>

<net id="2981"><net_src comp="2977" pin="1"/><net_sink comp="684" pin=2"/></net>

<net id="2985"><net_src comp="422" pin="3"/><net_sink comp="2982" pin=0"/></net>

<net id="2986"><net_src comp="2982" pin="1"/><net_sink comp="674" pin=0"/></net>

<net id="2990"><net_src comp="429" pin="3"/><net_sink comp="2987" pin=0"/></net>

<net id="2991"><net_src comp="2987" pin="1"/><net_sink comp="684" pin=0"/></net>

<net id="2995"><net_src comp="436" pin="3"/><net_sink comp="2992" pin=0"/></net>

<net id="2996"><net_src comp="2992" pin="1"/><net_sink comp="443" pin=2"/></net>

<net id="3000"><net_src comp="453" pin="3"/><net_sink comp="2997" pin=0"/></net>

<net id="3001"><net_src comp="2997" pin="1"/><net_sink comp="460" pin=2"/></net>

<net id="3005"><net_src comp="470" pin="3"/><net_sink comp="3002" pin=0"/></net>

<net id="3006"><net_src comp="3002" pin="1"/><net_sink comp="696" pin=2"/></net>

<net id="3010"><net_src comp="477" pin="3"/><net_sink comp="3007" pin=0"/></net>

<net id="3011"><net_src comp="3007" pin="1"/><net_sink comp="706" pin=2"/></net>

<net id="3015"><net_src comp="484" pin="3"/><net_sink comp="3012" pin=0"/></net>

<net id="3016"><net_src comp="3012" pin="1"/><net_sink comp="696" pin=0"/></net>

<net id="3020"><net_src comp="491" pin="3"/><net_sink comp="3017" pin=0"/></net>

<net id="3021"><net_src comp="3017" pin="1"/><net_sink comp="706" pin=0"/></net>

<net id="3025"><net_src comp="498" pin="3"/><net_sink comp="3022" pin=0"/></net>

<net id="3026"><net_src comp="3022" pin="1"/><net_sink comp="257" pin=0"/></net>

<net id="3030"><net_src comp="506" pin="3"/><net_sink comp="3027" pin=0"/></net>

<net id="3031"><net_src comp="3027" pin="1"/><net_sink comp="274" pin=0"/></net>

<net id="3035"><net_src comp="514" pin="3"/><net_sink comp="3032" pin=0"/></net>

<net id="3036"><net_src comp="3032" pin="1"/><net_sink comp="718" pin=2"/></net>

<net id="3040"><net_src comp="521" pin="3"/><net_sink comp="3037" pin=0"/></net>

<net id="3041"><net_src comp="3037" pin="1"/><net_sink comp="728" pin=2"/></net>

<net id="3045"><net_src comp="528" pin="3"/><net_sink comp="3042" pin=0"/></net>

<net id="3046"><net_src comp="3042" pin="1"/><net_sink comp="718" pin=0"/></net>

<net id="3050"><net_src comp="535" pin="3"/><net_sink comp="3047" pin=0"/></net>

<net id="3051"><net_src comp="3047" pin="1"/><net_sink comp="728" pin=0"/></net>

<net id="3055"><net_src comp="542" pin="3"/><net_sink comp="3052" pin=0"/></net>

<net id="3056"><net_src comp="3052" pin="1"/><net_sink comp="319" pin=0"/></net>

<net id="3060"><net_src comp="550" pin="3"/><net_sink comp="3057" pin=0"/></net>

<net id="3061"><net_src comp="3057" pin="1"/><net_sink comp="336" pin=0"/></net>

<net id="3065"><net_src comp="558" pin="3"/><net_sink comp="3062" pin=0"/></net>

<net id="3066"><net_src comp="3062" pin="1"/><net_sink comp="740" pin=2"/></net>

<net id="3070"><net_src comp="565" pin="3"/><net_sink comp="3067" pin=0"/></net>

<net id="3071"><net_src comp="3067" pin="1"/><net_sink comp="750" pin=2"/></net>

<net id="3075"><net_src comp="572" pin="3"/><net_sink comp="3072" pin=0"/></net>

<net id="3076"><net_src comp="3072" pin="1"/><net_sink comp="740" pin=0"/></net>

<net id="3080"><net_src comp="579" pin="3"/><net_sink comp="3077" pin=0"/></net>

<net id="3081"><net_src comp="3077" pin="1"/><net_sink comp="750" pin=0"/></net>

<net id="3085"><net_src comp="586" pin="3"/><net_sink comp="3082" pin=0"/></net>

<net id="3086"><net_src comp="3082" pin="1"/><net_sink comp="381" pin=0"/></net>

<net id="3090"><net_src comp="594" pin="3"/><net_sink comp="3087" pin=0"/></net>

<net id="3091"><net_src comp="3087" pin="1"/><net_sink comp="398" pin=0"/></net>

<net id="3095"><net_src comp="602" pin="3"/><net_sink comp="3092" pin=0"/></net>

<net id="3096"><net_src comp="3092" pin="1"/><net_sink comp="762" pin=2"/></net>

<net id="3100"><net_src comp="609" pin="3"/><net_sink comp="3097" pin=0"/></net>

<net id="3101"><net_src comp="3097" pin="1"/><net_sink comp="772" pin=2"/></net>

<net id="3105"><net_src comp="616" pin="3"/><net_sink comp="3102" pin=0"/></net>

<net id="3106"><net_src comp="3102" pin="1"/><net_sink comp="762" pin=0"/></net>

<net id="3110"><net_src comp="623" pin="3"/><net_sink comp="3107" pin=0"/></net>

<net id="3111"><net_src comp="3107" pin="1"/><net_sink comp="772" pin=0"/></net>

<net id="3115"><net_src comp="784" pin="3"/><net_sink comp="3112" pin=0"/></net>

<net id="3116"><net_src comp="3112" pin="1"/><net_sink comp="443" pin=0"/></net>

<net id="3120"><net_src comp="792" pin="3"/><net_sink comp="3117" pin=0"/></net>

<net id="3121"><net_src comp="3117" pin="1"/><net_sink comp="460" pin=0"/></net>

<net id="3125"><net_src comp="1406" pin="2"/><net_sink comp="3122" pin=0"/></net>

<net id="3129"><net_src comp="1478" pin="3"/><net_sink comp="3126" pin=0"/></net>

<net id="3130"><net_src comp="3126" pin="1"/><net_sink comp="1024" pin=4"/></net>

<net id="3131"><net_src comp="3126" pin="1"/><net_sink comp="1035" pin=4"/></net>

<net id="3135"><net_src comp="1516" pin="2"/><net_sink comp="3132" pin=0"/></net>

<net id="3136"><net_src comp="3132" pin="1"/><net_sink comp="2411" pin=0"/></net>

<net id="3140"><net_src comp="257" pin="7"/><net_sink comp="3137" pin=0"/></net>

<net id="3141"><net_src comp="3137" pin="1"/><net_sink comp="2414" pin=0"/></net>

<net id="3145"><net_src comp="1526" pin="1"/><net_sink comp="3142" pin=0"/></net>

<net id="3146"><net_src comp="3142" pin="1"/><net_sink comp="1200" pin=0"/></net>

<net id="3150"><net_src comp="1531" pin="1"/><net_sink comp="3147" pin=0"/></net>

<net id="3151"><net_src comp="3147" pin="1"/><net_sink comp="1200" pin=1"/></net>

<net id="3155"><net_src comp="319" pin="7"/><net_sink comp="3152" pin=0"/></net>

<net id="3156"><net_src comp="3152" pin="1"/><net_sink comp="2428" pin=0"/></net>

<net id="3160"><net_src comp="1541" pin="1"/><net_sink comp="3157" pin=0"/></net>

<net id="3161"><net_src comp="3157" pin="1"/><net_sink comp="1204" pin=1"/></net>

<net id="3165"><net_src comp="381" pin="7"/><net_sink comp="3162" pin=0"/></net>

<net id="3166"><net_src comp="3162" pin="1"/><net_sink comp="2431" pin=0"/></net>

<net id="3170"><net_src comp="1551" pin="1"/><net_sink comp="3167" pin=0"/></net>

<net id="3171"><net_src comp="3167" pin="1"/><net_sink comp="1208" pin=1"/></net>

<net id="3175"><net_src comp="443" pin="7"/><net_sink comp="3172" pin=0"/></net>

<net id="3176"><net_src comp="3172" pin="1"/><net_sink comp="2434" pin=0"/></net>

<net id="3180"><net_src comp="1561" pin="1"/><net_sink comp="3177" pin=0"/></net>

<net id="3181"><net_src comp="3177" pin="1"/><net_sink comp="1212" pin=1"/></net>

<net id="3185"><net_src comp="257" pin="3"/><net_sink comp="3182" pin=0"/></net>

<net id="3186"><net_src comp="3182" pin="1"/><net_sink comp="2437" pin=0"/></net>

<net id="3190"><net_src comp="1571" pin="1"/><net_sink comp="3187" pin=0"/></net>

<net id="3191"><net_src comp="3187" pin="1"/><net_sink comp="1216" pin=1"/></net>

<net id="3195"><net_src comp="319" pin="3"/><net_sink comp="3192" pin=0"/></net>

<net id="3196"><net_src comp="3192" pin="1"/><net_sink comp="2440" pin=0"/></net>

<net id="3200"><net_src comp="1581" pin="1"/><net_sink comp="3197" pin=0"/></net>

<net id="3201"><net_src comp="3197" pin="1"/><net_sink comp="1220" pin=1"/></net>

<net id="3205"><net_src comp="381" pin="3"/><net_sink comp="3202" pin=0"/></net>

<net id="3206"><net_src comp="3202" pin="1"/><net_sink comp="2443" pin=0"/></net>

<net id="3210"><net_src comp="1591" pin="1"/><net_sink comp="3207" pin=0"/></net>

<net id="3211"><net_src comp="3207" pin="1"/><net_sink comp="1224" pin=1"/></net>

<net id="3215"><net_src comp="1657" pin="3"/><net_sink comp="3212" pin=0"/></net>

<net id="3216"><net_src comp="3212" pin="1"/><net_sink comp="1046" pin=4"/></net>

<net id="3217"><net_src comp="3212" pin="1"/><net_sink comp="1056" pin=4"/></net>

<net id="3221"><net_src comp="1695" pin="2"/><net_sink comp="3218" pin=0"/></net>

<net id="3222"><net_src comp="3218" pin="1"/><net_sink comp="2446" pin=0"/></net>

<net id="3226"><net_src comp="1705" pin="1"/><net_sink comp="3223" pin=0"/></net>

<net id="3227"><net_src comp="3223" pin="1"/><net_sink comp="1204" pin=0"/></net>

<net id="3231"><net_src comp="1766" pin="3"/><net_sink comp="3228" pin=0"/></net>

<net id="3232"><net_src comp="3228" pin="1"/><net_sink comp="1066" pin=4"/></net>

<net id="3233"><net_src comp="3228" pin="1"/><net_sink comp="1076" pin=4"/></net>

<net id="3237"><net_src comp="1804" pin="2"/><net_sink comp="3234" pin=0"/></net>

<net id="3238"><net_src comp="3234" pin="1"/><net_sink comp="2460" pin=0"/></net>

<net id="3242"><net_src comp="1814" pin="1"/><net_sink comp="3239" pin=0"/></net>

<net id="3243"><net_src comp="3239" pin="1"/><net_sink comp="1208" pin=0"/></net>

<net id="3247"><net_src comp="1875" pin="3"/><net_sink comp="3244" pin=0"/></net>

<net id="3248"><net_src comp="3244" pin="1"/><net_sink comp="1086" pin=4"/></net>

<net id="3249"><net_src comp="3244" pin="1"/><net_sink comp="1096" pin=4"/></net>

<net id="3253"><net_src comp="1913" pin="2"/><net_sink comp="3250" pin=0"/></net>

<net id="3254"><net_src comp="3250" pin="1"/><net_sink comp="2474" pin=0"/></net>

<net id="3258"><net_src comp="1923" pin="1"/><net_sink comp="3255" pin=0"/></net>

<net id="3259"><net_src comp="3255" pin="1"/><net_sink comp="1212" pin=0"/></net>

<net id="3263"><net_src comp="1984" pin="3"/><net_sink comp="3260" pin=0"/></net>

<net id="3264"><net_src comp="3260" pin="1"/><net_sink comp="1106" pin=4"/></net>

<net id="3265"><net_src comp="3260" pin="1"/><net_sink comp="1116" pin=4"/></net>

<net id="3269"><net_src comp="2022" pin="2"/><net_sink comp="3266" pin=0"/></net>

<net id="3270"><net_src comp="3266" pin="1"/><net_sink comp="2488" pin=0"/></net>

<net id="3274"><net_src comp="2032" pin="1"/><net_sink comp="3271" pin=0"/></net>

<net id="3275"><net_src comp="3271" pin="1"/><net_sink comp="1216" pin=0"/></net>

<net id="3279"><net_src comp="2093" pin="3"/><net_sink comp="3276" pin=0"/></net>

<net id="3280"><net_src comp="3276" pin="1"/><net_sink comp="1126" pin=4"/></net>

<net id="3281"><net_src comp="3276" pin="1"/><net_sink comp="1136" pin=4"/></net>

<net id="3285"><net_src comp="2131" pin="2"/><net_sink comp="3282" pin=0"/></net>

<net id="3286"><net_src comp="3282" pin="1"/><net_sink comp="2502" pin=0"/></net>

<net id="3290"><net_src comp="2141" pin="1"/><net_sink comp="3287" pin=0"/></net>

<net id="3291"><net_src comp="3287" pin="1"/><net_sink comp="1220" pin=0"/></net>

<net id="3295"><net_src comp="2202" pin="3"/><net_sink comp="3292" pin=0"/></net>

<net id="3296"><net_src comp="3292" pin="1"/><net_sink comp="1146" pin=4"/></net>

<net id="3297"><net_src comp="3292" pin="1"/><net_sink comp="1156" pin=4"/></net>

<net id="3301"><net_src comp="2240" pin="2"/><net_sink comp="3298" pin=0"/></net>

<net id="3302"><net_src comp="3298" pin="1"/><net_sink comp="2516" pin=0"/></net>

<net id="3306"><net_src comp="2250" pin="1"/><net_sink comp="3303" pin=0"/></net>

<net id="3307"><net_src comp="3303" pin="1"/><net_sink comp="1224" pin=0"/></net>

<net id="3311"><net_src comp="2311" pin="3"/><net_sink comp="3308" pin=0"/></net>

<net id="3312"><net_src comp="3308" pin="1"/><net_sink comp="1166" pin=4"/></net>

<net id="3313"><net_src comp="3308" pin="1"/><net_sink comp="1176" pin=4"/></net>

<net id="3317"><net_src comp="2349" pin="2"/><net_sink comp="3314" pin=0"/></net>

<net id="3318"><net_src comp="3314" pin="1"/><net_sink comp="2530" pin=0"/></net>

<net id="3322"><net_src comp="443" pin="3"/><net_sink comp="3319" pin=0"/></net>

<net id="3323"><net_src comp="3319" pin="1"/><net_sink comp="2533" pin=0"/></net>

<net id="3327"><net_src comp="2359" pin="1"/><net_sink comp="3324" pin=0"/></net>

<net id="3328"><net_src comp="3324" pin="1"/><net_sink comp="1228" pin=0"/></net>

<net id="3332"><net_src comp="2364" pin="1"/><net_sink comp="3329" pin=0"/></net>

<net id="3333"><net_src comp="3329" pin="1"/><net_sink comp="1228" pin=1"/></net>

<net id="3337"><net_src comp="2369" pin="2"/><net_sink comp="3334" pin=0"/></net>

<net id="3341"><net_src comp="2375" pin="2"/><net_sink comp="3338" pin=0"/></net>

<net id="3345"><net_src comp="2381" pin="2"/><net_sink comp="3342" pin=0"/></net>

<net id="3349"><net_src comp="2387" pin="2"/><net_sink comp="3346" pin=0"/></net>

<net id="3353"><net_src comp="2393" pin="2"/><net_sink comp="3350" pin=0"/></net>

<net id="3357"><net_src comp="2399" pin="2"/><net_sink comp="3354" pin=0"/></net>

<net id="3361"><net_src comp="2405" pin="2"/><net_sink comp="3358" pin=0"/></net>

<net id="3365"><net_src comp="2411" pin="1"/><net_sink comp="3362" pin=0"/></net>

<net id="3366"><net_src comp="3362" pin="1"/><net_sink comp="2739" pin=0"/></net>

<net id="3370"><net_src comp="2414" pin="1"/><net_sink comp="3367" pin=0"/></net>

<net id="3371"><net_src comp="3367" pin="1"/><net_sink comp="2739" pin=1"/></net>

<net id="3375"><net_src comp="2417" pin="4"/><net_sink comp="3372" pin=0"/></net>

<net id="3376"><net_src comp="3372" pin="1"/><net_sink comp="1232" pin=0"/></net>

<net id="3380"><net_src comp="2428" pin="1"/><net_sink comp="3377" pin=0"/></net>

<net id="3381"><net_src comp="3377" pin="1"/><net_sink comp="2749" pin=1"/></net>

<net id="3385"><net_src comp="2431" pin="1"/><net_sink comp="3382" pin=0"/></net>

<net id="3386"><net_src comp="3382" pin="1"/><net_sink comp="2759" pin=1"/></net>

<net id="3390"><net_src comp="2434" pin="1"/><net_sink comp="3387" pin=0"/></net>

<net id="3391"><net_src comp="3387" pin="1"/><net_sink comp="2769" pin=1"/></net>

<net id="3395"><net_src comp="2437" pin="1"/><net_sink comp="3392" pin=0"/></net>

<net id="3396"><net_src comp="3392" pin="1"/><net_sink comp="2779" pin=1"/></net>

<net id="3400"><net_src comp="2440" pin="1"/><net_sink comp="3397" pin=0"/></net>

<net id="3401"><net_src comp="3397" pin="1"/><net_sink comp="2789" pin=1"/></net>

<net id="3405"><net_src comp="2443" pin="1"/><net_sink comp="3402" pin=0"/></net>

<net id="3406"><net_src comp="3402" pin="1"/><net_sink comp="2799" pin=1"/></net>

<net id="3410"><net_src comp="2446" pin="1"/><net_sink comp="3407" pin=0"/></net>

<net id="3411"><net_src comp="3407" pin="1"/><net_sink comp="2749" pin=0"/></net>

<net id="3415"><net_src comp="2449" pin="4"/><net_sink comp="3412" pin=0"/></net>

<net id="3416"><net_src comp="3412" pin="1"/><net_sink comp="1237" pin=0"/></net>

<net id="3420"><net_src comp="2460" pin="1"/><net_sink comp="3417" pin=0"/></net>

<net id="3421"><net_src comp="3417" pin="1"/><net_sink comp="2759" pin=0"/></net>

<net id="3425"><net_src comp="2463" pin="4"/><net_sink comp="3422" pin=0"/></net>

<net id="3426"><net_src comp="3422" pin="1"/><net_sink comp="1242" pin=0"/></net>

<net id="3430"><net_src comp="2474" pin="1"/><net_sink comp="3427" pin=0"/></net>

<net id="3431"><net_src comp="3427" pin="1"/><net_sink comp="2769" pin=0"/></net>

<net id="3435"><net_src comp="2477" pin="4"/><net_sink comp="3432" pin=0"/></net>

<net id="3436"><net_src comp="3432" pin="1"/><net_sink comp="1247" pin=0"/></net>

<net id="3440"><net_src comp="2488" pin="1"/><net_sink comp="3437" pin=0"/></net>

<net id="3441"><net_src comp="3437" pin="1"/><net_sink comp="2779" pin=0"/></net>

<net id="3445"><net_src comp="2491" pin="4"/><net_sink comp="3442" pin=0"/></net>

<net id="3446"><net_src comp="3442" pin="1"/><net_sink comp="1252" pin=0"/></net>

<net id="3450"><net_src comp="2502" pin="1"/><net_sink comp="3447" pin=0"/></net>

<net id="3451"><net_src comp="3447" pin="1"/><net_sink comp="2789" pin=0"/></net>

<net id="3455"><net_src comp="2505" pin="4"/><net_sink comp="3452" pin=0"/></net>

<net id="3456"><net_src comp="3452" pin="1"/><net_sink comp="1257" pin=0"/></net>

<net id="3460"><net_src comp="2516" pin="1"/><net_sink comp="3457" pin=0"/></net>

<net id="3461"><net_src comp="3457" pin="1"/><net_sink comp="2799" pin=0"/></net>

<net id="3465"><net_src comp="2519" pin="4"/><net_sink comp="3462" pin=0"/></net>

<net id="3466"><net_src comp="3462" pin="1"/><net_sink comp="1262" pin=0"/></net>

<net id="3470"><net_src comp="2530" pin="1"/><net_sink comp="3467" pin=0"/></net>

<net id="3471"><net_src comp="3467" pin="1"/><net_sink comp="2809" pin=0"/></net>

<net id="3475"><net_src comp="2533" pin="1"/><net_sink comp="3472" pin=0"/></net>

<net id="3476"><net_src comp="3472" pin="1"/><net_sink comp="2809" pin=1"/></net>

<net id="3480"><net_src comp="2536" pin="4"/><net_sink comp="3477" pin=0"/></net>

<net id="3481"><net_src comp="3477" pin="1"/><net_sink comp="1267" pin=0"/></net>

</net_list>

</model> 
---------------- Datapath Model END ------------------

* FSMD analyzer results:
  - Output states:
	Port: dst_0 | {6 }
	Port: dst_1 | {6 }
	Port: dst_2 | {6 }
	Port: dst_3 | {6 }
	Port: dst_4 | {6 }
	Port: dst_5 | {6 }
	Port: dst_6 | {6 }
	Port: dst_7 | {6 }
	Port: dst_8 | {6 }
	Port: dst_9 | {6 }
	Port: dst_10 | {6 }
	Port: dst_11 | {6 }
	Port: dst_12 | {6 }
	Port: dst_13 | {6 }
	Port: dst_14 | {6 }
	Port: dst_15 | {6 }
 - Input state : 
	Port: inv_stage_t<32> : src_0 | {1 2 }
	Port: inv_stage_t<32> : src_1 | {1 2 }
	Port: inv_stage_t<32> : src_2 | {1 2 }
	Port: inv_stage_t<32> : src_3 | {1 2 }
	Port: inv_stage_t<32> : src_4 | {1 2 }
	Port: inv_stage_t<32> : src_5 | {1 2 }
	Port: inv_stage_t<32> : src_6 | {1 2 }
	Port: inv_stage_t<32> : src_7 | {1 2 }
	Port: inv_stage_t<32> : src_8 | {1 2 }
	Port: inv_stage_t<32> : src_9 | {1 2 }
	Port: inv_stage_t<32> : src_10 | {1 2 }
	Port: inv_stage_t<32> : src_11 | {1 2 }
	Port: inv_stage_t<32> : src_12 | {1 2 }
	Port: inv_stage_t<32> : src_13 | {1 2 }
	Port: inv_stage_t<32> : src_14 | {1 2 }
	Port: inv_stage_t<32> : src_15 | {1 2 }
	Port: inv_stage_t<32> : p_ZL5INV_W_0_4 | {1 2 }
	Port: inv_stage_t<32> : p_ZL6INV_MW_0_4 | {1 2 }
	Port: inv_stage_t<32> : p_ZL5INV_W_1_4 | {1 2 }
	Port: inv_stage_t<32> : p_ZL6INV_MW_1_4 | {1 2 }
	Port: inv_stage_t<32> : p_ZL5INV_W_2_4 | {1 2 }
	Port: inv_stage_t<32> : p_ZL6INV_MW_2_4 | {1 2 }
	Port: inv_stage_t<32> : p_ZL5INV_W_3_4 | {1 2 }
	Port: inv_stage_t<32> : p_ZL6INV_MW_3_4 | {1 2 }
  - Chain level:
	State 1
		store_ln111 : 1
		m : 1
		tmp_3 : 2
		br_ln107 : 3
		trunc_ln107 : 2
		lshr_ln : 2
		zext_ln107 : 3
		tmp : 2
		tmp_4 : 2
		lshr_ln3 : 3
		zext_ln114 : 4
		or_ln115 : 4
		zext_ln115 : 4
		src_0_addr : 5
		src_8_addr : 5
		src_0_load : 6
		src_8_load : 6
		src_0_addr_2 : 5
		src_8_addr_2 : 5
		src_0_load_2 : 6
		src_8_load_2 : 6
		p_ZL5INV_W_0_4_addr : 4
		p_ZL5INV_W_0_4_load : 5
		p_ZL6INV_MW_0_4_addr : 4
		p_ZL6INV_MW_0_4_load : 5
		src_1_addr : 5
		src_9_addr : 5
		src_1_addr_2 : 5
		src_9_addr_2 : 5
		p_ZL5INV_W_1_4_addr : 4
		p_ZL5INV_W_1_4_load : 5
		p_ZL6INV_MW_1_4_addr : 4
		p_ZL6INV_MW_1_4_load : 5
		src_2_addr : 5
		src_10_addr : 5
		src_2_addr_2 : 5
		src_10_addr_2 : 5
		p_ZL5INV_W_2_4_addr : 4
		p_ZL5INV_W_2_4_load : 5
		p_ZL6INV_MW_2_4_addr : 4
		p_ZL6INV_MW_2_4_load : 5
		src_3_addr : 5
		src_11_addr : 5
		src_3_addr_2 : 5
		src_11_addr_2 : 5
		p_ZL5INV_W_3_4_addr : 4
		p_ZL5INV_W_3_4_load : 5
		p_ZL6INV_MW_3_4_addr : 4
		p_ZL6INV_MW_3_4_load : 5
		or_ln112 : 3
		zext_ln114_2 : 3
		src_4_addr : 5
		src_12_addr : 5
		src_4_addr_2 : 5
		src_12_addr_2 : 5
		p_ZL5INV_W_0_4_addr_1 : 4
		p_ZL5INV_W_0_4_load_1 : 5
		p_ZL6INV_MW_0_4_addr_1 : 4
		p_ZL6INV_MW_0_4_load_1 : 5
		src_5_addr : 5
		src_13_addr : 5
		src_5_addr_2 : 5
		src_13_addr_2 : 5
		p_ZL5INV_W_1_4_addr_1 : 4
		p_ZL5INV_W_1_4_load_1 : 5
		p_ZL6INV_MW_1_4_addr_1 : 4
		p_ZL6INV_MW_1_4_load_1 : 5
		src_6_addr : 5
		src_14_addr : 5
		src_6_addr_2 : 5
		src_14_addr_2 : 5
		p_ZL5INV_W_2_4_addr_1 : 4
		p_ZL5INV_W_2_4_load_1 : 5
		p_ZL6INV_MW_2_4_addr_1 : 4
		p_ZL6INV_MW_2_4_load_1 : 5
		src_7_addr : 5
		src_15_addr : 5
		src_7_addr_2 : 5
		src_15_addr_2 : 5
		src_1_load : 6
		src_9_load : 6
		src_1_load_2 : 6
		src_9_load_2 : 6
		src_2_load : 6
		src_10_load : 6
		src_2_load_2 : 6
		src_10_load_2 : 6
		src_3_load : 6
		src_11_load : 6
		src_3_load_2 : 6
		src_11_load_2 : 6
		src_4_load : 6
		src_12_load : 6
		src_4_load_2 : 6
		src_12_load_2 : 6
		src_5_load : 6
		src_13_load : 6
		src_5_load_2 : 6
		src_13_load_2 : 6
		src_6_load : 6
		src_14_load : 6
		src_6_load_2 : 6
		src_14_load_2 : 6
		src_7_load : 6
		src_15_load : 6
		src_7_load_2 : 6
		src_15_load_2 : 6
		p_ZL5INV_W_3_4_addr_1 : 4
		p_ZL5INV_W_3_4_load_1 : 5
		p_ZL6INV_MW_3_4_addr_1 : 4
		p_ZL6INV_MW_3_4_load_1 : 5
		icmp_ln118 : 3
		br_ln118 : 4
		add_ln107 : 2
		store_ln111 : 3
	State 2
		t : 1
		zext_ln116 : 2
		zext_ln116_7 : 2
		v : 1
		zext_ln117 : 2
		s : 3
		icmp_ln48 : 4
		trunc_ln48 : 4
		add_ln48 : 5
		select_ln48 : 6
		icmp_ln52 : 2
		xor_ln52 : 3
		add_ln52 : 3
		select_ln52 : 3
		zext_ln52 : 4
		sub_ln52 : 5
		sext_ln36 : 6
		zext_ln36 : 7
		zext_ln36_46 : 1
		xm : 8
		zext_ln36_47 : 1
		zext_ln36_48 : 1
		zext_ln36_49 : 1
		zext_ln36_50 : 1
		zext_ln36_51 : 1
		zext_ln36_52 : 1
		t_36 : 1
		zext_ln117_46 : 2
		zext_ln117_47 : 2
		v_36 : 1
		zext_ln48 : 2
		s_47 : 3
		icmp_ln48_22 : 4
		trunc_ln48_22 : 4
		add_ln48_44 : 5
		select_ln48_22 : 6
		icmp_ln52_22 : 2
		xor_ln52_22 : 3
		add_ln52_22 : 3
		select_ln52_22 : 3
		zext_ln52_22 : 4
		sub_ln52_22 : 5
		sext_ln36_49 : 6
		zext_ln36_53 : 7
		xm_47 : 8
		t_37 : 1
		zext_ln117_48 : 2
		zext_ln117_49 : 2
		v_37 : 1
		zext_ln48_16 : 2
		s_48 : 3
		icmp_ln48_23 : 4
		trunc_ln48_23 : 4
		add_ln48_46 : 5
		select_ln48_23 : 6
		icmp_ln52_23 : 2
		xor_ln52_23 : 3
		add_ln52_23 : 3
		select_ln52_23 : 3
		zext_ln52_23 : 4
		sub_ln52_23 : 5
		sext_ln36_51 : 6
		zext_ln36_54 : 7
		xm_48 : 8
		t_38 : 1
		zext_ln117_50 : 2
		zext_ln117_51 : 2
		v_38 : 1
		zext_ln48_17 : 2
		s_49 : 3
		icmp_ln48_24 : 4
		trunc_ln48_24 : 4
		add_ln48_48 : 5
		select_ln48_24 : 6
		icmp_ln52_24 : 2
		xor_ln52_24 : 3
		add_ln52_24 : 3
		select_ln52_24 : 3
		zext_ln52_24 : 4
		sub_ln52_24 : 5
		sext_ln36_53 : 6
		zext_ln36_55 : 7
		xm_49 : 8
		t_39 : 1
		zext_ln117_52 : 2
		zext_ln117_53 : 2
		v_39 : 1
		zext_ln48_18 : 2
		s_50 : 3
		icmp_ln48_25 : 4
		trunc_ln48_25 : 4
		add_ln48_50 : 5
		select_ln48_25 : 6
		icmp_ln52_25 : 2
		xor_ln52_25 : 3
		add_ln52_25 : 3
		select_ln52_25 : 3
		zext_ln52_25 : 4
		sub_ln52_25 : 5
		sext_ln36_55 : 6
		zext_ln36_56 : 7
		xm_50 : 8
		t_40 : 1
		zext_ln117_54 : 2
		zext_ln117_55 : 2
		v_40 : 1
		zext_ln48_19 : 2
		s_51 : 3
		icmp_ln48_26 : 4
		trunc_ln48_26 : 4
		add_ln48_52 : 5
		select_ln48_26 : 6
		icmp_ln52_26 : 2
		xor_ln52_26 : 3
		add_ln52_26 : 3
		select_ln52_26 : 3
		zext_ln52_26 : 4
		sub_ln52_26 : 5
		sext_ln36_57 : 6
		zext_ln36_57 : 7
		xm_51 : 8
		t_41 : 1
		zext_ln117_56 : 2
		zext_ln117_57 : 2
		v_41 : 1
		zext_ln48_20 : 2
		s_52 : 3
		icmp_ln48_27 : 4
		trunc_ln48_27 : 4
		add_ln48_54 : 5
		select_ln48_27 : 6
		icmp_ln52_27 : 2
		xor_ln52_27 : 3
		add_ln52_27 : 3
		select_ln52_27 : 3
		zext_ln52_27 : 4
		sub_ln52_27 : 5
		sext_ln36_59 : 6
		zext_ln36_58 : 7
		xm_52 : 8
		t_42 : 1
		zext_ln117_58 : 2
		zext_ln117_59 : 2
		v_35 : 1
		zext_ln117_60 : 2
		s_46 : 3
		icmp_ln48_28 : 4
		trunc_ln48_28 : 4
		add_ln48_56 : 5
		select_ln48_28 : 6
		icmp_ln52_28 : 2
		xor_ln52_28 : 3
		add_ln52_28 : 3
		select_ln52_28 : 3
		zext_ln52_28 : 4
		sub_ln52_28 : 5
		sext_ln36_60 : 6
		zext_ln36_59 : 7
		zext_ln36_60 : 1
		xm_46 : 8
		br_ln118 : 1
		br_ln118 : 1
		br_ln118 : 1
		br_ln118 : 1
		br_ln118 : 1
		br_ln118 : 1
		br_ln118 : 1
		br_ln119 : 1
		br_ln119 : 1
		br_ln119 : 1
		br_ln119 : 1
		br_ln119 : 1
		br_ln119 : 1
		br_ln119 : 1
	State 3
	State 4
		specfucore_ln37 : 1
		q_est : 1
		xw : 1
		qq : 2
		specfucore_ln37 : 1
		q_est_18 : 1
		xw_47 : 1
		qq_47 : 2
		specfucore_ln37 : 1
		q_est_2 : 1
		xw_48 : 1
		qq_48 : 2
		specfucore_ln37 : 1
		q_est_3 : 1
		xw_49 : 1
		qq_49 : 2
		specfucore_ln37 : 1
		q_est_4 : 1
		xw_50 : 1
		qq_50 : 2
		specfucore_ln37 : 1
		q_est_5 : 1
		xw_51 : 1
		qq_51 : 2
		specfucore_ln37 : 1
		q_est_6 : 1
		xw_52 : 1
		qq_52 : 2
		specfucore_ln37 : 1
		q_est_7 : 1
		xw_46 : 1
		qq_46 : 2
	State 5
	State 6
		rend46 : 1
		sext_ln40 : 1
		specfucore_ln40 : 1
		rend44 : 1
		specfucore_ln42 : 1
		rend42 : 1
		r : 2
		icmp_ln44 : 3
		trunc_ln44 : 3
		add_ln44 : 4
		select_ln44 : 5
		sext_ln40_22 : 1
		specfucore_ln40 : 1
		specfucore_ln42 : 1
		r_47 : 2
		icmp_ln44_22 : 3
		trunc_ln44_22 : 3
		add_ln44_22 : 4
		select_ln44_22 : 5
		sext_ln40_23 : 1
		specfucore_ln40 : 1
		specfucore_ln42 : 1
		r_48 : 2
		icmp_ln44_23 : 3
		trunc_ln44_23 : 3
		add_ln44_23 : 4
		select_ln44_23 : 5
		sext_ln40_24 : 1
		specfucore_ln40 : 1
		specfucore_ln42 : 1
		r_49 : 2
		icmp_ln44_24 : 3
		trunc_ln44_24 : 3
		add_ln44_24 : 4
		select_ln44_24 : 5
		sext_ln40_25 : 1
		specfucore_ln40 : 1
		specfucore_ln42 : 1
		r_50 : 2
		icmp_ln44_25 : 3
		trunc_ln44_25 : 3
		add_ln44_25 : 4
		select_ln44_25 : 5
		sext_ln40_26 : 1
		specfucore_ln40 : 1
		specfucore_ln42 : 1
		r_51 : 2
		icmp_ln44_26 : 3
		trunc_ln44_26 : 3
		add_ln44_26 : 4
		select_ln44_26 : 5
		sext_ln40_27 : 1
		specfucore_ln40 : 1
		specfucore_ln42 : 1
		r_52 : 2
		icmp_ln44_27 : 3
		trunc_ln44_27 : 3
		add_ln44_27 : 4
		select_ln44_27 : 5
		rend4 : 1
		sext_ln40_28 : 1
		specfucore_ln40 : 1
		rend2 : 1
		specfucore_ln42 : 1
		rend : 1
		r_46 : 2
		icmp_ln44_28 : 3
		trunc_ln44_28 : 3
		add_ln44_28 : 4
		select_ln44_28 : 5
		store_ln118 : 1
		store_ln119 : 6
		store_ln118 : 1
		store_ln119 : 6
		store_ln118 : 1
		store_ln118 : 1
		store_ln118 : 1
		store_ln118 : 1
		store_ln118 : 1
		store_ln118 : 1
		store_ln118 : 1
		store_ln118 : 1
		store_ln118 : 1
		store_ln118 : 1
		store_ln118 : 1
		store_ln118 : 1
		store_ln118 : 1
		store_ln118 : 1
		store_ln119 : 6
		store_ln119 : 6
		store_ln119 : 6
		store_ln119 : 6
		store_ln119 : 6
		store_ln119 : 6
		store_ln119 : 6
		store_ln119 : 6
		store_ln119 : 6
		store_ln119 : 6
		store_ln119 : 6
		store_ln119 : 6
		store_ln119 : 6
		store_ln119 : 6


============================================================
+ Verbose Summary: Datapath Resource usage 
============================================================

* Functional unit list:
|----------|--------------------------|---------|---------|---------|
| Operation|      Functional Unit     |   DSP   |    FF   |   LUT   |
|----------|--------------------------|---------|---------|---------|
|          |    icmp_ln118_fu_1406    |    0    |    0    |    12   |
|          |    icmp_ln116_fu_1423    |    0    |    0    |    12   |
|          |     icmp_ln48_fu_1462    |    0    |    0    |    20   |
|          |     icmp_ln52_fu_1486    |    0    |    0    |    19   |
|          |   icmp_ln116_8_fu_1601   |    0    |    0    |    12   |
|          |   icmp_ln48_22_fu_1641   |    0    |    0    |    20   |
|          |   icmp_ln52_22_fu_1665   |    0    |    0    |    19   |
|          |   icmp_ln116_9_fu_1710   |    0    |    0    |    12   |
|          |   icmp_ln48_23_fu_1750   |    0    |    0    |    20   |
|          |   icmp_ln52_23_fu_1774   |    0    |    0    |    19   |
|          |   icmp_ln116_10_fu_1819  |    0    |    0    |    12   |
|          |   icmp_ln48_24_fu_1859   |    0    |    0    |    20   |
|          |   icmp_ln52_24_fu_1883   |    0    |    0    |    19   |
|          |   icmp_ln116_11_fu_1928  |    0    |    0    |    12   |
|          |   icmp_ln48_25_fu_1968   |    0    |    0    |    20   |
|          |   icmp_ln52_25_fu_1992   |    0    |    0    |    19   |
|          |   icmp_ln116_12_fu_2037  |    0    |    0    |    12   |
|          |   icmp_ln48_26_fu_2077   |    0    |    0    |    20   |
|          |   icmp_ln52_26_fu_2101   |    0    |    0    |    19   |
|   icmp   |   icmp_ln116_13_fu_2146  |    0    |    0    |    12   |
|          |   icmp_ln48_27_fu_2186   |    0    |    0    |    20   |
|          |   icmp_ln52_27_fu_2210   |    0    |    0    |    19   |
|          |   icmp_ln116_14_fu_2255  |    0    |    0    |    12   |
|          |   icmp_ln48_28_fu_2295   |    0    |    0    |    20   |
|          |   icmp_ln52_28_fu_2319   |    0    |    0    |    19   |
|          |   icmp_ln118_8_fu_2369   |    0    |    0    |    12   |
|          |   icmp_ln118_9_fu_2375   |    0    |    0    |    12   |
|          |   icmp_ln118_10_fu_2381  |    0    |    0    |    12   |
|          |   icmp_ln118_11_fu_2387  |    0    |    0    |    12   |
|          |   icmp_ln118_12_fu_2393  |    0    |    0    |    12   |
|          |   icmp_ln118_13_fu_2399  |    0    |    0    |    12   |
|          |   icmp_ln118_14_fu_2405  |    0    |    0    |    12   |
|          |     icmp_ln44_fu_2547    |    0    |    0    |    39   |
|          |   icmp_ln44_22_fu_2571   |    0    |    0    |    39   |
|          |   icmp_ln44_23_fu_2595   |    0    |    0    |    39   |
|          |   icmp_ln44_24_fu_2619   |    0    |    0    |    39   |
|          |   icmp_ln44_25_fu_2643   |    0    |    0    |    39   |
|          |   icmp_ln44_26_fu_2667   |    0    |    0    |    39   |
|          |   icmp_ln44_27_fu_2691   |    0    |    0    |    39   |
|          |   icmp_ln44_28_fu_2715   |    0    |    0    |    39   |
|----------|--------------------------|---------|---------|---------|
|          |        grp_fu_1200       |    2    |    0    |    47   |
|          |        grp_fu_1204       |    2    |    0    |    47   |
|          |        grp_fu_1208       |    2    |    0    |    47   |
|          |        grp_fu_1212       |    2    |    0    |    47   |
|          |        grp_fu_1216       |    2    |    0    |    47   |
|          |        grp_fu_1220       |    2    |    0    |    47   |
|          |        grp_fu_1224       |    2    |    0    |    47   |
|    mul   |        grp_fu_1228       |    2    |    0    |    47   |
|          |        grp_fu_1232       |    2    |    0    |    47   |
|          |        grp_fu_1237       |    2    |    0    |    47   |
|          |        grp_fu_1242       |    2    |    0    |    47   |
|          |        grp_fu_1247       |    2    |    0    |    47   |
|          |        grp_fu_1252       |    2    |    0    |    47   |
|          |        grp_fu_1257       |    2    |    0    |    47   |
|          |        grp_fu_1262       |    2    |    0    |    47   |
|          |        grp_fu_1267       |    2    |    0    |    47   |
|----------|--------------------------|---------|---------|---------|
|          |     add_ln107_fu_1412    |    0    |    0    |    15   |
|          |         s_fu_1456        |    0    |    0    |    19   |
|          |     add_ln48_fu_1472     |    0    |    0    |    19   |
|          |     add_ln52_fu_1498     |    0    |    0    |    20   |
|          |       s_47_fu_1635       |    0    |    0    |    19   |
|          |    add_ln48_44_fu_1651   |    0    |    0    |    19   |
|          |    add_ln52_22_fu_1677   |    0    |    0    |    20   |
|          |       s_48_fu_1744       |    0    |    0    |    19   |
|          |    add_ln48_46_fu_1760   |    0    |    0    |    19   |
|          |    add_ln52_23_fu_1786   |    0    |    0    |    20   |
|          |       s_49_fu_1853       |    0    |    0    |    19   |
|          |    add_ln48_48_fu_1869   |    0    |    0    |    19   |
|          |    add_ln52_24_fu_1895   |    0    |    0    |    20   |
|          |       s_50_fu_1962       |    0    |    0    |    19   |
|          |    add_ln48_50_fu_1978   |    0    |    0    |    19   |
|          |    add_ln52_25_fu_2004   |    0    |    0    |    20   |
|    add   |       s_51_fu_2071       |    0    |    0    |    19   |
|          |    add_ln48_52_fu_2087   |    0    |    0    |    19   |
|          |    add_ln52_26_fu_2113   |    0    |    0    |    20   |
|          |       s_52_fu_2180       |    0    |    0    |    19   |
|          |    add_ln48_54_fu_2196   |    0    |    0    |    19   |
|          |    add_ln52_27_fu_2222   |    0    |    0    |    20   |
|          |       s_46_fu_2289       |    0    |    0    |    19   |
|          |    add_ln48_56_fu_2305   |    0    |    0    |    19   |
|          |    add_ln52_28_fu_2331   |    0    |    0    |    20   |
|          |     add_ln44_fu_2555     |    0    |    0    |    19   |
|          |    add_ln44_22_fu_2579   |    0    |    0    |    19   |
|          |    add_ln44_23_fu_2603   |    0    |    0    |    19   |
|          |    add_ln44_24_fu_2627   |    0    |    0    |    19   |
|          |    add_ln44_25_fu_2651   |    0    |    0    |    19   |
|          |    add_ln44_26_fu_2675   |    0    |    0    |    19   |
|          |    add_ln44_27_fu_2699   |    0    |    0    |    19   |
|          |    add_ln44_28_fu_2723   |    0    |    0    |    19   |
|----------|--------------------------|---------|---------|---------|
|          |         t_fu_1428        |    0    |    0    |    11   |
|          |         v_fu_1444        |    0    |    0    |    11   |
|          |    select_ln48_fu_1478   |    0    |    0    |    11   |
|          |    select_ln52_fu_1504   |    0    |    0    |    12   |
|          |       t_36_fu_1607       |    0    |    0    |    11   |
|          |       v_36_fu_1623       |    0    |    0    |    11   |
|          |  select_ln48_22_fu_1657  |    0    |    0    |    11   |
|          |  select_ln52_22_fu_1683  |    0    |    0    |    12   |
|          |       t_37_fu_1716       |    0    |    0    |    11   |
|          |       v_37_fu_1732       |    0    |    0    |    11   |
|          |  select_ln48_23_fu_1766  |    0    |    0    |    11   |
|          |  select_ln52_23_fu_1792  |    0    |    0    |    12   |
|          |       t_38_fu_1825       |    0    |    0    |    11   |
|          |       v_38_fu_1841       |    0    |    0    |    11   |
|          |  select_ln48_24_fu_1875  |    0    |    0    |    11   |
|          |  select_ln52_24_fu_1901  |    0    |    0    |    12   |
|          |       t_39_fu_1934       |    0    |    0    |    11   |
|          |       v_39_fu_1950       |    0    |    0    |    11   |
|          |  select_ln48_25_fu_1984  |    0    |    0    |    11   |
|  select  |  select_ln52_25_fu_2010  |    0    |    0    |    12   |
|          |       t_40_fu_2043       |    0    |    0    |    11   |
|          |       v_40_fu_2059       |    0    |    0    |    11   |
|          |  select_ln48_26_fu_2093  |    0    |    0    |    11   |
|          |  select_ln52_26_fu_2119  |    0    |    0    |    12   |
|          |       t_41_fu_2152       |    0    |    0    |    11   |
|          |       v_41_fu_2168       |    0    |    0    |    11   |
|          |  select_ln48_27_fu_2202  |    0    |    0    |    11   |
|          |  select_ln52_27_fu_2228  |    0    |    0    |    12   |
|          |       t_42_fu_2261       |    0    |    0    |    11   |
|          |       v_35_fu_2277       |    0    |    0    |    11   |
|          |  select_ln48_28_fu_2311  |    0    |    0    |    11   |
|          |  select_ln52_28_fu_2337  |    0    |    0    |    12   |
|          |    select_ln44_fu_2561   |    0    |    0    |    11   |
|          |  select_ln44_22_fu_2585  |    0    |    0    |    11   |
|          |  select_ln44_23_fu_2609  |    0    |    0    |    11   |
|          |  select_ln44_24_fu_2633  |    0    |    0    |    11   |
|          |  select_ln44_25_fu_2657  |    0    |    0    |    11   |
|          |  select_ln44_26_fu_2681  |    0    |    0    |    11   |
|          |  select_ln44_27_fu_2705  |    0    |    0    |    11   |
|          |  select_ln44_28_fu_2729  |    0    |    0    |    11   |
|----------|--------------------------|---------|---------|---------|
|          |     sub_ln52_fu_1516     |    0    |    0    |    20   |
|          |    sub_ln52_22_fu_1695   |    0    |    0    |    20   |
|          |    sub_ln52_23_fu_1804   |    0    |    0    |    20   |
|    sub   |    sub_ln52_24_fu_1913   |    0    |    0    |    20   |
|          |    sub_ln52_25_fu_2022   |    0    |    0    |    20   |
|          |    sub_ln52_26_fu_2131   |    0    |    0    |    20   |
|          |    sub_ln52_27_fu_2240   |    0    |    0    |    20   |
|          |    sub_ln52_28_fu_2349   |    0    |    0    |    20   |
|----------|--------------------------|---------|---------|---------|
|          |     xor_ln52_fu_1492     |    0    |    0    |    2    |
|          |    xor_ln52_22_fu_1671   |    0    |    0    |    2    |
|          |    xor_ln52_23_fu_1780   |    0    |    0    |    2    |
|    xor   |    xor_ln52_24_fu_1889   |    0    |    0    |    2    |
|          |    xor_ln52_25_fu_1998   |    0    |    0    |    2    |
|          |    xor_ln52_26_fu_2107   |    0    |    0    |    2    |
|          |    xor_ln52_27_fu_2216   |    0    |    0    |    2    |
|          |    xor_ln52_28_fu_2325   |    0    |    0    |    2    |
|----------|--------------------------|---------|---------|---------|
|          |        grp_fu_2739       |    1    |    0    |    0    |
|          |        grp_fu_2749       |    1    |    0    |    0    |
|          |        grp_fu_2759       |    1    |    0    |    0    |
|  mul_sub |        grp_fu_2769       |    1    |    0    |    0    |
|          |        grp_fu_2779       |    1    |    0    |    0    |
|          |        grp_fu_2789       |    1    |    0    |    0    |
|          |        grp_fu_2799       |    1    |    0    |    0    |
|          |        grp_fu_2809       |    1    |    0    |    0    |
|----------|--------------------------|---------|---------|---------|
| bitselect|       tmp_3_fu_1280      |    0    |    0    |    0    |
|          |       tmp_4_fu_1324      |    0    |    0    |    0    |
|----------|--------------------------|---------|---------|---------|
|          |    trunc_ln107_fu_1288   |    0    |    0    |    0    |
|          |    trunc_ln48_fu_1468    |    0    |    0    |    0    |
|          |   trunc_ln48_22_fu_1647  |    0    |    0    |    0    |
|          |   trunc_ln48_23_fu_1756  |    0    |    0    |    0    |
|          |   trunc_ln48_24_fu_1865  |    0    |    0    |    0    |
|          |   trunc_ln48_25_fu_1974  |    0    |    0    |    0    |
|          |   trunc_ln48_26_fu_2083  |    0    |    0    |    0    |
|          |   trunc_ln48_27_fu_2192  |    0    |    0    |    0    |
|   trunc  |   trunc_ln48_28_fu_2301  |    0    |    0    |    0    |
|          |    trunc_ln44_fu_2552    |    0    |    0    |    0    |
|          |   trunc_ln44_22_fu_2576  |    0    |    0    |    0    |
|          |   trunc_ln44_23_fu_2600  |    0    |    0    |    0    |
|          |   trunc_ln44_24_fu_2624  |    0    |    0    |    0    |
|          |   trunc_ln44_25_fu_2648  |    0    |    0    |    0    |
|          |   trunc_ln44_26_fu_2672  |    0    |    0    |    0    |
|          |   trunc_ln44_27_fu_2696  |    0    |    0    |    0    |
|          |   trunc_ln44_28_fu_2720  |    0    |    0    |    0    |
|----------|--------------------------|---------|---------|---------|
|          |      lshr_ln_fu_1292     |    0    |    0    |    0    |
|          |        tmp_fu_1314       |    0    |    0    |    0    |
|          |       q_est_fu_2417      |    0    |    0    |    0    |
|          |     q_est_18_fu_2449     |    0    |    0    |    0    |
|partselect|      q_est_2_fu_2463     |    0    |    0    |    0    |
|          |      q_est_3_fu_2477     |    0    |    0    |    0    |
|          |      q_est_4_fu_2491     |    0    |    0    |    0    |
|          |      q_est_5_fu_2505     |    0    |    0    |    0    |
|          |      q_est_6_fu_2519     |    0    |    0    |    0    |
|          |      q_est_7_fu_2536     |    0    |    0    |    0    |
|----------|--------------------------|---------|---------|---------|
|          |    zext_ln107_fu_1302    |    0    |    0    |    0    |
|          |    zext_ln114_fu_1342    |    0    |    0    |    0    |
|          |    zext_ln115_fu_1368    |    0    |    0    |    0    |
|          |   zext_ln114_2_fu_1394   |    0    |    0    |    0    |
|          |    zext_ln116_fu_1436    |    0    |    0    |    0    |
|          |   zext_ln116_7_fu_1440   |    0    |    0    |    0    |
|          |    zext_ln117_fu_1452    |    0    |    0    |    0    |
|          |     zext_ln52_fu_1512    |    0    |    0    |    0    |
|          |     zext_ln36_fu_1526    |    0    |    0    |    0    |
|          |   zext_ln36_46_fu_1531   |    0    |    0    |    0    |
|          |   zext_ln36_47_fu_1541   |    0    |    0    |    0    |
|          |   zext_ln36_48_fu_1551   |    0    |    0    |    0    |
|          |   zext_ln36_49_fu_1561   |    0    |    0    |    0    |
|          |   zext_ln36_50_fu_1571   |    0    |    0    |    0    |
|          |   zext_ln36_51_fu_1581   |    0    |    0    |    0    |
|          |   zext_ln36_52_fu_1591   |    0    |    0    |    0    |
|          |   zext_ln117_46_fu_1615  |    0    |    0    |    0    |
|          |   zext_ln117_47_fu_1619  |    0    |    0    |    0    |
|          |     zext_ln48_fu_1631    |    0    |    0    |    0    |
|          |   zext_ln52_22_fu_1691   |    0    |    0    |    0    |
|          |   zext_ln36_53_fu_1705   |    0    |    0    |    0    |
|          |   zext_ln117_48_fu_1724  |    0    |    0    |    0    |
|          |   zext_ln117_49_fu_1728  |    0    |    0    |    0    |
|          |   zext_ln48_16_fu_1740   |    0    |    0    |    0    |
|          |   zext_ln52_23_fu_1800   |    0    |    0    |    0    |
|          |   zext_ln36_54_fu_1814   |    0    |    0    |    0    |
|          |   zext_ln117_50_fu_1833  |    0    |    0    |    0    |
|          |   zext_ln117_51_fu_1837  |    0    |    0    |    0    |
|          |   zext_ln48_17_fu_1849   |    0    |    0    |    0    |
|   zext   |   zext_ln52_24_fu_1909   |    0    |    0    |    0    |
|          |   zext_ln36_55_fu_1923   |    0    |    0    |    0    |
|          |   zext_ln117_52_fu_1942  |    0    |    0    |    0    |
|          |   zext_ln117_53_fu_1946  |    0    |    0    |    0    |
|          |   zext_ln48_18_fu_1958   |    0    |    0    |    0    |
|          |   zext_ln52_25_fu_2018   |    0    |    0    |    0    |
|          |   zext_ln36_56_fu_2032   |    0    |    0    |    0    |
|          |   zext_ln117_54_fu_2051  |    0    |    0    |    0    |
|          |   zext_ln117_55_fu_2055  |    0    |    0    |    0    |
|          |   zext_ln48_19_fu_2067   |    0    |    0    |    0    |
|          |   zext_ln52_26_fu_2127   |    0    |    0    |    0    |
|          |   zext_ln36_57_fu_2141   |    0    |    0    |    0    |
|          |   zext_ln117_56_fu_2160  |    0    |    0    |    0    |
|          |   zext_ln117_57_fu_2164  |    0    |    0    |    0    |
|          |   zext_ln48_20_fu_2176   |    0    |    0    |    0    |
|          |   zext_ln52_27_fu_2236   |    0    |    0    |    0    |
|          |   zext_ln36_58_fu_2250   |    0    |    0    |    0    |
|          |   zext_ln117_58_fu_2269  |    0    |    0    |    0    |
|          |   zext_ln117_59_fu_2273  |    0    |    0    |    0    |
|          |   zext_ln117_60_fu_2285  |    0    |    0    |    0    |
|          |   zext_ln52_28_fu_2345   |    0    |    0    |    0    |
|          |   zext_ln36_59_fu_2359   |    0    |    0    |    0    |
|          |   zext_ln36_60_fu_2364   |    0    |    0    |    0    |
|          |   w_assign_cast_fu_2414  |    0    |    0    |    0    |
|          | w_assign_22_cast_fu_2428 |    0    |    0    |    0    |
|          | w_assign_23_cast_fu_2431 |    0    |    0    |    0    |
|          | w_assign_24_cast_fu_2434 |    0    |    0    |    0    |
|          | w_assign_25_cast_fu_2437 |    0    |    0    |    0    |
|          | w_assign_26_cast_fu_2440 |    0    |    0    |    0    |
|          | w_assign_27_cast_fu_2443 |    0    |    0    |    0    |
|          | w_assign_28_cast_fu_2533 |    0    |    0    |    0    |
|----------|--------------------------|---------|---------|---------|
|bitconcatenate|     lshr_ln3_fu_1332     |    0    |    0    |    0    |
|----------|--------------------------|---------|---------|---------|
|          |     or_ln115_fu_1362     |    0    |    0    |    0    |
|          |     or_ln112_fu_1388     |    0    |    0    |    0    |
|          |     or_ln114_fu_1536     |    0    |    0    |    0    |
|          |    or_ln114_7_fu_1546    |    0    |    0    |    0    |
|    or    |    or_ln114_8_fu_1556    |    0    |    0    |    0    |
|          |    or_ln114_9_fu_1566    |    0    |    0    |    0    |
|          |    or_ln114_10_fu_1576   |    0    |    0    |    0    |
|          |    or_ln114_11_fu_1586   |    0    |    0    |    0    |
|          |    or_ln114_12_fu_1596   |    0    |    0    |    0    |
|----------|--------------------------|---------|---------|---------|
|          |     sext_ln36_fu_1522    |    0    |    0    |    0    |
|          |   sext_ln36_49_fu_1701   |    0    |    0    |    0    |
|          |   sext_ln36_51_fu_1810   |    0    |    0    |    0    |
|          |   sext_ln36_53_fu_1919   |    0    |    0    |    0    |
|          |   sext_ln36_55_fu_2028   |    0    |    0    |    0    |
|          |   sext_ln36_57_fu_2137   |    0    |    0    |    0    |
|          |   sext_ln36_59_fu_2246   |    0    |    0    |    0    |
|   sext   |   sext_ln36_60_fu_2355   |    0    |    0    |    0    |
|          |    sext_ln119_fu_2411    |    0    |    0    |    0    |
|          |   sext_ln36_48_fu_2446   |    0    |    0    |    0    |
|          |   sext_ln36_50_fu_2460   |    0    |    0    |    0    |
|          |   sext_ln36_52_fu_2474   |    0    |    0    |    0    |
|          |   sext_ln36_54_fu_2488   |    0    |    0    |    0    |
|          |   sext_ln36_56_fu_2502   |    0    |    0    |    0    |
|          |   sext_ln36_58_fu_2516   |    0    |    0    |    0    |
|          |   sext_ln119_4_fu_2530   |    0    |    0    |    0    |
|----------|--------------------------|---------|---------|---------|
|   Total  |                          |    40   |    0    |   2823  |
|----------|--------------------------|---------|---------|---------|

Memories:
N/A

* Register list:
+-------------------------------+--------+
|                               |   FF   |
+-------------------------------+--------+
|     icmp_ln118_10_reg_3342    |    1   |
|     icmp_ln118_11_reg_3346    |    1   |
|     icmp_ln118_12_reg_3350    |    1   |
|     icmp_ln118_13_reg_3354    |    1   |
|     icmp_ln118_14_reg_3358    |    1   |
|     icmp_ln118_8_reg_3334     |    1   |
|     icmp_ln118_9_reg_3338     |    1   |
|      icmp_ln118_reg_3122      |    1   |
|          idx_reg_2819         |    8   |
| p_ZL5INV_W_0_4_addr_1_reg_3022|    5   |
|  p_ZL5INV_W_0_4_addr_reg_2902 |    5   |
| p_ZL5INV_W_0_4_load_1_reg_3182|   12   |
|  p_ZL5INV_W_0_4_load_reg_3137 |   12   |
| p_ZL5INV_W_1_4_addr_1_reg_3052|    5   |
|  p_ZL5INV_W_1_4_addr_reg_2932 |    5   |
| p_ZL5INV_W_1_4_load_1_reg_3192|   12   |
|  p_ZL5INV_W_1_4_load_reg_3152 |   12   |
| p_ZL5INV_W_2_4_addr_1_reg_3082|    5   |
|  p_ZL5INV_W_2_4_addr_reg_2962 |    5   |
| p_ZL5INV_W_2_4_load_1_reg_3202|   12   |
|  p_ZL5INV_W_2_4_load_reg_3162 |   12   |
| p_ZL5INV_W_3_4_addr_1_reg_3112|    5   |
|  p_ZL5INV_W_3_4_addr_reg_2992 |    5   |
| p_ZL5INV_W_3_4_load_1_reg_3319|   12   |
|  p_ZL5INV_W_3_4_load_reg_3172 |   12   |
|p_ZL6INV_MW_0_4_addr_1_reg_3027|    5   |
| p_ZL6INV_MW_0_4_addr_reg_2907 |    5   |
|p_ZL6INV_MW_1_4_addr_1_reg_3057|    5   |
| p_ZL6INV_MW_1_4_addr_reg_2937 |    5   |
|p_ZL6INV_MW_2_4_addr_1_reg_3087|    5   |
| p_ZL6INV_MW_2_4_addr_reg_2967 |    5   |
|p_ZL6INV_MW_3_4_addr_1_reg_3117|    5   |
| p_ZL6INV_MW_3_4_addr_reg_2997 |    5   |
|       q_est_18_reg_3412       |   32   |
|        q_est_2_reg_3422       |   32   |
|        q_est_3_reg_3432       |   32   |
|        q_est_4_reg_3442       |   32   |
|        q_est_5_reg_3452       |   32   |
|        q_est_6_reg_3462       |   32   |
|        q_est_7_reg_3477       |   32   |
|         q_est_reg_3372        |   32   |
|    select_ln48_22_reg_3212    |   12   |
|    select_ln48_23_reg_3228    |   12   |
|    select_ln48_24_reg_3244    |   12   |
|    select_ln48_25_reg_3260    |   12   |
|    select_ln48_26_reg_3276    |   12   |
|    select_ln48_27_reg_3292    |   12   |
|    select_ln48_28_reg_3308    |   12   |
|      select_ln48_reg_3126     |   12   |
|     sext_ln119_4_reg_3467     |   26   |
|      sext_ln119_reg_3362      |   26   |
|     sext_ln36_48_reg_3407     |   26   |
|     sext_ln36_50_reg_3417     |   26   |
|     sext_ln36_52_reg_3427     |   26   |
|     sext_ln36_54_reg_3437     |   26   |
|     sext_ln36_56_reg_3447     |   26   |
|     sext_ln36_58_reg_3457     |   26   |
|     src_0_addr_2_reg_2892     |    4   |
|      src_0_addr_reg_2882      |    4   |
|     src_10_addr_2_reg_2957    |    4   |
|      src_10_addr_reg_2947     |    4   |
|     src_11_addr_2_reg_2987    |    4   |
|      src_11_addr_reg_2977     |    4   |
|     src_12_addr_2_reg_3017    |    4   |
|      src_12_addr_reg_3007     |    4   |
|     src_13_addr_2_reg_3047    |    4   |
|      src_13_addr_reg_3037     |    4   |
|     src_14_addr_2_reg_3077    |    4   |
|      src_14_addr_reg_3067     |    4   |
|     src_15_addr_2_reg_3107    |    4   |
|      src_15_addr_reg_3097     |    4   |
|     src_1_addr_2_reg_2922     |    4   |
|      src_1_addr_reg_2912      |    4   |
|     src_2_addr_2_reg_2952     |    4   |
|      src_2_addr_reg_2942      |    4   |
|     src_3_addr_2_reg_2982     |    4   |
|      src_3_addr_reg_2972      |    4   |
|     src_4_addr_2_reg_3012     |    4   |
|      src_4_addr_reg_3002      |    4   |
|     src_5_addr_2_reg_3042     |    4   |
|      src_5_addr_reg_3032      |    4   |
|     src_6_addr_2_reg_3072     |    4   |
|      src_6_addr_reg_3062      |    4   |
|     src_7_addr_2_reg_3102     |    4   |
|      src_7_addr_reg_3092      |    4   |
|     src_8_addr_2_reg_2897     |    4   |
|      src_8_addr_reg_2887      |    4   |
|     src_9_addr_2_reg_2927     |    4   |
|      src_9_addr_reg_2917      |    4   |
|      sub_ln52_22_reg_3218     |   14   |
|      sub_ln52_23_reg_3234     |   14   |
|      sub_ln52_24_reg_3250     |   14   |
|      sub_ln52_25_reg_3266     |   14   |
|      sub_ln52_26_reg_3282     |   14   |
|      sub_ln52_27_reg_3298     |   14   |
|      sub_ln52_28_reg_3314     |   14   |
|       sub_ln52_reg_3132       |   14   |
|         tmp_3_reg_2826        |    1   |
|      trunc_ln107_reg_2830     |    4   |
|   w_assign_22_cast_reg_3377   |   26   |
|   w_assign_23_cast_reg_3382   |   26   |
|   w_assign_24_cast_reg_3387   |   26   |
|   w_assign_25_cast_reg_3392   |   26   |
|   w_assign_26_cast_reg_3397   |   26   |
|   w_assign_27_cast_reg_3402   |   26   |
|   w_assign_28_cast_reg_3472   |   26   |
|     w_assign_cast_reg_3367    |   26   |
|      zext_ln114_reg_2842      |   64   |
|      zext_ln115_reg_2862      |   64   |
|     zext_ln36_46_reg_3147     |   48   |
|     zext_ln36_47_reg_3157     |   48   |
|     zext_ln36_48_reg_3167     |   48   |
|     zext_ln36_49_reg_3177     |   48   |
|     zext_ln36_50_reg_3187     |   48   |
|     zext_ln36_51_reg_3197     |   48   |
|     zext_ln36_52_reg_3207     |   48   |
|     zext_ln36_53_reg_3223     |   48   |
|     zext_ln36_54_reg_3239     |   48   |
|     zext_ln36_55_reg_3255     |   48   |
|     zext_ln36_56_reg_3271     |   48   |
|     zext_ln36_57_reg_3287     |   48   |
|     zext_ln36_58_reg_3303     |   48   |
|     zext_ln36_59_reg_3324     |   48   |
|     zext_ln36_60_reg_3329     |   48   |
|       zext_ln36_reg_3142      |   48   |
+-------------------------------+--------+
|             Total             |  2101  |
+-------------------------------+--------+

* Multiplexer (MUX) list: 
|-------------------|------|------|------|--------||---------||---------|
|        Comp       |  Pin | Size |  BW  | S x BW ||  Delay  ||   LUT   |
|-------------------|------|------|------|--------||---------||---------|
| grp_access_fu_214 |  p0  |   2  |   4  |    8   ||    9    |
| grp_access_fu_214 |  p2  |   2  |   0  |    0   ||    9    |
| grp_access_fu_224 |  p0  |   2  |   4  |    8   ||    9    |
| grp_access_fu_224 |  p2  |   2  |   0  |    0   ||    9    |
| grp_access_fu_257 |  p0  |   2  |   5  |   10   ||    9    |
| grp_access_fu_257 |  p2  |   2  |   0  |    0   ||    9    |
| grp_access_fu_274 |  p0  |   2  |   5  |   10   ||    9    |
| grp_access_fu_274 |  p2  |   2  |   0  |    0   ||    9    |
| grp_access_fu_319 |  p0  |   2  |   5  |   10   ||    9    |
| grp_access_fu_319 |  p2  |   2  |   0  |    0   ||    9    |
| grp_access_fu_336 |  p0  |   2  |   5  |   10   ||    9    |
| grp_access_fu_336 |  p2  |   2  |   0  |    0   ||    9    |
| grp_access_fu_381 |  p0  |   2  |   5  |   10   ||    9    |
| grp_access_fu_381 |  p2  |   2  |   0  |    0   ||    9    |
| grp_access_fu_398 |  p0  |   2  |   5  |   10   ||    9    |
| grp_access_fu_398 |  p2  |   2  |   0  |    0   ||    9    |
| grp_access_fu_443 |  p0  |   2  |   5  |   10   ||    9    |
| grp_access_fu_443 |  p2  |   2  |   0  |    0   ||    9    |
| grp_access_fu_460 |  p0  |   2  |   5  |   10   ||    9    |
| grp_access_fu_460 |  p2  |   2  |   0  |    0   ||    9    |
| grp_access_fu_630 |  p0  |   2  |   4  |    8   ||    9    |
| grp_access_fu_630 |  p2  |   2  |   0  |    0   ||    9    |
| grp_access_fu_640 |  p0  |   2  |   4  |    8   ||    9    |
| grp_access_fu_640 |  p2  |   2  |   0  |    0   ||    9    |
| grp_access_fu_652 |  p0  |   2  |   4  |    8   ||    9    |
| grp_access_fu_652 |  p2  |   2  |   0  |    0   ||    9    |
| grp_access_fu_662 |  p0  |   2  |   4  |    8   ||    9    |
| grp_access_fu_662 |  p2  |   2  |   0  |    0   ||    9    |
| grp_access_fu_674 |  p0  |   2  |   4  |    8   ||    9    |
| grp_access_fu_674 |  p2  |   2  |   0  |    0   ||    9    |
| grp_access_fu_684 |  p0  |   2  |   4  |    8   ||    9    |
| grp_access_fu_684 |  p2  |   2  |   0  |    0   ||    9    |
| grp_access_fu_696 |  p0  |   2  |   4  |    8   ||    9    |
| grp_access_fu_696 |  p2  |   2  |   0  |    0   ||    9    |
| grp_access_fu_706 |  p0  |   2  |   4  |    8   ||    9    |
| grp_access_fu_706 |  p2  |   2  |   0  |    0   ||    9    |
| grp_access_fu_718 |  p0  |   2  |   4  |    8   ||    9    |
| grp_access_fu_718 |  p2  |   2  |   0  |    0   ||    9    |
| grp_access_fu_728 |  p0  |   2  |   4  |    8   ||    9    |
| grp_access_fu_728 |  p2  |   2  |   0  |    0   ||    9    |
| grp_access_fu_740 |  p0  |   2  |   4  |    8   ||    9    |
| grp_access_fu_740 |  p2  |   2  |   0  |    0   ||    9    |
| grp_access_fu_750 |  p0  |   2  |   4  |    8   ||    9    |
| grp_access_fu_750 |  p2  |   2  |   0  |    0   ||    9    |
| grp_access_fu_762 |  p0  |   2  |   4  |    8   ||    9    |
| grp_access_fu_762 |  p2  |   2  |   0  |    0   ||    9    |
| grp_access_fu_772 |  p0  |   2  |   4  |    8   ||    9    |
| grp_access_fu_772 |  p2  |   2  |   0  |    0   ||    9    |
|    grp_fu_1200    |  p0  |   2  |  32  |   64   ||    9    |
|    grp_fu_1200    |  p1  |   2  |  16  |   32   ||    9    |
|    grp_fu_1204    |  p0  |   2  |  32  |   64   ||    9    |
|    grp_fu_1204    |  p1  |   2  |  16  |   32   ||    9    |
|    grp_fu_1208    |  p0  |   2  |  32  |   64   ||    9    |
|    grp_fu_1208    |  p1  |   2  |  16  |   32   ||    9    |
|    grp_fu_1212    |  p0  |   2  |  32  |   64   ||    9    |
|    grp_fu_1212    |  p1  |   2  |  16  |   32   ||    9    |
|    grp_fu_1216    |  p0  |   2  |  32  |   64   ||    9    |
|    grp_fu_1216    |  p1  |   2  |  16  |   32   ||    9    |
|    grp_fu_1220    |  p0  |   2  |  32  |   64   ||    9    |
|    grp_fu_1220    |  p1  |   2  |  16  |   32   ||    9    |
|    grp_fu_1224    |  p0  |   2  |  32  |   64   ||    9    |
|    grp_fu_1224    |  p1  |   2  |  16  |   32   ||    9    |
|    grp_fu_1228    |  p0  |   2  |  32  |   64   ||    9    |
|    grp_fu_1228    |  p1  |   2  |  16  |   32   ||    9    |
|    grp_fu_1232    |  p0  |   2  |  32  |   64   ||    9    |
|    grp_fu_1237    |  p0  |   2  |  32  |   64   ||    9    |
|    grp_fu_1242    |  p0  |   2  |  32  |   64   ||    9    |
|    grp_fu_1247    |  p0  |   2  |  32  |   64   ||    9    |
|    grp_fu_1252    |  p0  |   2  |  32  |   64   ||    9    |
|    grp_fu_1257    |  p0  |   2  |  32  |   64   ||    9    |
|    grp_fu_1262    |  p0  |   2  |  32  |   64   ||    9    |
|    grp_fu_1267    |  p0  |   2  |  32  |   64   ||    9    |
|    grp_fu_2739    |  p0  |   2  |  14  |   28   ||    9    |
|    grp_fu_2739    |  p1  |   2  |  12  |   24   ||    9    |
|    grp_fu_2749    |  p0  |   2  |  14  |   28   ||    9    |
|    grp_fu_2749    |  p1  |   2  |  12  |   24   ||    9    |
|    grp_fu_2759    |  p0  |   2  |  14  |   28   ||    9    |
|    grp_fu_2759    |  p1  |   2  |  12  |   24   ||    9    |
|    grp_fu_2769    |  p0  |   2  |  14  |   28   ||    9    |
|    grp_fu_2769    |  p1  |   2  |  12  |   24   ||    9    |
|    grp_fu_2779    |  p0  |   2  |  14  |   28   ||    9    |
|    grp_fu_2779    |  p1  |   2  |  12  |   24   ||    9    |
|    grp_fu_2789    |  p0  |   2  |  14  |   28   ||    9    |
|    grp_fu_2789    |  p1  |   2  |  12  |   24   ||    9    |
|    grp_fu_2799    |  p0  |   2  |  14  |   28   ||    9    |
|    grp_fu_2799    |  p1  |   2  |  12  |   24   ||    9    |
|    grp_fu_2809    |  p0  |   2  |  14  |   28   ||    9    |
|    grp_fu_2809    |  p1  |   2  |  12  |   24   ||    9    |
|-------------------|------|------|------|--------||---------||---------|
|       Total       |      |      |      |  1904  ||  37.576 ||   792   |
|-------------------|------|------|------|--------||---------||---------|



* Summary:
+-----------+--------+--------+--------+--------+
|           |   DSP  |  Delay |   FF   |   LUT  |
+-----------+--------+--------+--------+--------+
|  Function |   40   |    -   |    0   |  2823  |
|   Memory  |    -   |    -   |    -   |    -   |
|Multiplexer|    -   |   37   |    -   |   792  |
|  Register |    -   |    -   |  2101  |    -   |
+-----------+--------+--------+--------+--------+
|   Total   |   40   |   37   |  2101  |  3615  |
+-----------+--------+--------+--------+--------+
