INFO-FLOW: Workspace /home/sg9109/Documents/hls-design/ntt-asic opened at Thu Jun 04 11:24:27 EDT 2026
Execute     ap_set_clock -name default -period 10 -default=false 
INFO: [SYN 201-201] Setting up clock 'default' with a period of 10ns.
Execute     set_part xck26-sfvc784-2LV-c 
Execute       create_platform xck26-sfvc784-2LV-c -board  
DBG:HLSDevice: Trying to load device library: /eda/xilinx/Vitis_HLS/2023.2/lib/lnx64.o/libxv_hlsvwrap.so
DBG:HLSDevice: first parts/arch.xml in RDI_DATADIR: /eda/xilinx/Vivado/2023.2/data/parts/arch.xml
DBG:HLSDevice: init success
INFO: [HLS 200-1611] Setting target device to 'xck26-sfvc784-2LV-c'
Command       create_platform done; 1.01 sec.
Execute       source /eda/xilinx/Vitis_HLS/2023.2/common/technology/xilinx/common/xilinx.gen 
Execute         source /eda/xilinx/Vitis_HLS/2023.2/common/technology/xilinx/interface/plb46.gen 
Execute         source /eda/xilinx/Vitis_HLS/2023.2/common/technology/xilinx/interface/axi4.gen 
Execute         source /eda/xilinx/Vitis_HLS/2023.2/common/technology/xilinx/interface/nativeAXI4.gen 
Execute           source /eda/xilinx/Vitis_HLS/2023.2/common/technology/xilinx/interface/saxilite.gen 
Execute         source /eda/xilinx/Vitis_HLS/2023.2/common/technology/xilinx/scripts/xilinxcoregen.gen 
Execute         source /eda/xilinx/Vitis_HLS/2023.2/common/technology/xilinx/interface/XilEDKCoreGen.gen 
Execute         source /eda/xilinx/Vitis_HLS/2023.2/common/technology/xilinx/ip/dds_compiler.gen 
Execute         source /eda/xilinx/Vitis_HLS/2023.2/common/technology/xilinx/ip/util.gen 
Execute         source /eda/xilinx/Vitis_HLS/2023.2/common/technology/xilinx/ip/xfft.gen 
Execute         source /eda/xilinx/Vitis_HLS/2023.2/common/technology/xilinx/ip/xfir.gen 
Execute         source /eda/xilinx/Vitis_HLS/2023.2/common/technology/xilinx/DSP48/dsp48.gen 
Execute       ap_part_info -name xck26-sfvc784-2LV-c -data info 
Execute       config_compile -quiet -complex-mul-dsp=0 
Command     set_part done; 1.14 sec.
Execute     send_msg_by_id INFO @200-1505@%s%s  vivado 
INFO: [HLS 200-1505] Using flow_target 'vivado'
Execute     send_msg_by_id INFO @200-1464@%s config_cosim -tool=xsim 
INFO: [HLS 200-1464] Running solution command: config_cosim -tool=xsim
Execute     config_cosim -tool=xsim 
Execute     send_msg_by_id INFO @200-1464@%s config_export -flow=impl 
INFO: [HLS 200-1464] Running solution command: config_export -flow=impl
Execute     config_export -flow=impl 
Execute     send_msg_by_id INFO @200-1464@%s config_export -format=ip_catalog 
INFO: [HLS 200-1464] Running solution command: config_export -format=ip_catalog
Execute     config_export -format=ip_catalog 
Execute     send_msg_by_id INFO @200-1464@%s config_export -rtl=verilog 
INFO: [HLS 200-1464] Running solution command: config_export -rtl=verilog
Execute     config_export -rtl=verilog 
Execute     send_msg_by_id INFO @200-1464@%s config_export -vivado_clock=10 
INFO: [HLS 200-1464] Running solution command: config_export -vivado_clock=10
Execute     config_export -vivado_clock=10 
Command   open_solution done; 1.25 sec.
Execute   set_part xck26-sfvc784-2LV-c 
INFO: [HLS 200-1510] Running: set_part xck26-sfvc784-2LV-c 
Execute     create_platform xck26-sfvc784-2LV-c -board  
Execute     source /eda/xilinx/Vitis_HLS/2023.2/common/technology/xilinx/common/xilinx.gen 
Execute       source /eda/xilinx/Vitis_HLS/2023.2/common/technology/xilinx/interface/plb46.gen 
Execute       source /eda/xilinx/Vitis_HLS/2023.2/common/technology/xilinx/interface/axi4.gen 
Execute       source /eda/xilinx/Vitis_HLS/2023.2/common/technology/xilinx/interface/nativeAXI4.gen 
Execute         source /eda/xilinx/Vitis_HLS/2023.2/common/technology/xilinx/interface/saxilite.gen 
Execute       source /eda/xilinx/Vitis_HLS/2023.2/common/technology/xilinx/scripts/xilinxcoregen.gen 
Execute       source /eda/xilinx/Vitis_HLS/2023.2/common/technology/xilinx/interface/XilEDKCoreGen.gen 
Execute       source /eda/xilinx/Vitis_HLS/2023.2/common/technology/xilinx/ip/dds_compiler.gen 
Execute       source /eda/xilinx/Vitis_HLS/2023.2/common/technology/xilinx/ip/util.gen 
Execute       source /eda/xilinx/Vitis_HLS/2023.2/common/technology/xilinx/ip/xfft.gen 
Execute       source /eda/xilinx/Vitis_HLS/2023.2/common/technology/xilinx/ip/xfir.gen 
Execute       source /eda/xilinx/Vitis_HLS/2023.2/common/technology/xilinx/DSP48/dsp48.gen 
Execute     ap_part_info -name xck26-sfvc784-2LV-c -data info 
Execute     config_compile -quiet -complex-mul-dsp=0 
Command   set_part done; 0.21 sec.
Execute   create_clock -period 10 -name default 
INFO: [HLS 200-1510] Running: create_clock -period 10 -name default 
Execute   config_cosim -tool xsim 
INFO: [HLS 200-1510] Running: config_cosim -tool xsim 
Execute   config_export -flow impl -format ip_catalog -rtl verilog -vivado_clock 10 
INFO: [HLS 200-1510] Running: config_export -flow impl -format ip_catalog -rtl verilog -vivado_clock 10 
Execute   source ./hls-design/ntt-asic/directives.tcl 
INFO: [HLS 200-1510] Running: source ./hls-design/ntt-asic/directives.tcl
Execute     set_directive_top -name ntt_kernel ntt_kernel 
INFO: [HLS 200-1510] Running: set_directive_top -name ntt_kernel ntt_kernel 
Execute   csynth_design 
INFO: [HLS 200-1510] Running: csynth_design 
INFO-FLOW: Running SLX 'csynth' proc: ::SLX::run_csynth
Execute     elaborate -effort=medium -skip_syncheck=0 -keep_printf=0 -skip_cdt=0 -skip_transform=0 -ng=0 -g=0 -opt_fp=0 -from_csynth_design=1 
INFO: [HLS 200-111] Finished File checks and directory preparation: CPU user time: 0.06 seconds. CPU system time: 0.01 seconds. Elapsed time: 0.08 seconds; current allocated memory: 305.328 MB.
Execute       set_directive_top ntt_kernel -name=ntt_kernel 
Execute       source /eda/xilinx/Vitis_HLS/2023.2/tps/tcl/tcllib1.11.1/yaml/huddle.tcl 
Execute       source /eda/xilinx/Vitis_HLS/2023.2/tps/tcl/tcllib1.11.1/yaml/json2huddle.tcl 
Execute         source /eda/xilinx/Vitis_HLS/2023.2/tps/tcl/tcllib1.11.1/try/try.tcl 
INFO: [HLS 200-10] Analyzing design file 'hls-design/ntt-kernel.cpp' ... 
INFO-FLOW: Compiling one TU...
INFO-FLOW: Handling hls-design/ntt-kernel.cpp as C++
Execute       ap_part_info -name xck26-sfvc784-2LV-c -data info 
INFO-FLOW: Running: GCC PP 39
INFO-FLOW: Source preprocessing
INFO-FLOW: run_clang exec: /eda/xilinx/Vitis_HLS/2023.2/lnx64/tools/clang-3.9-csynth/bin/clang hls-design/ntt-kernel.cpp -foptimization-record-file=/home/sg9109/Documents/hls-design/ntt-asic/.autopilot/db/ntt-kernel.cpp.clang.diag.yml -mllvm -pass-remarks-missed=reflow|pasta|unroll -mllvm -pass-remarks=reflow|pasta|unroll|inline -fno-limit-debug-info -gcc-toolchain /eda/xilinx/Vitis_HLS/2023.2/tps/lnx64/gcc-8.3.0 -fhls -fno-exceptions -insert-hls-directive=/home/sg9109/Documents/hls-design/ntt-asic/.autopilot/db/all.directive.json -E -fno-math-errno -c -emit-llvm -mllvm -disable-llvm-optzns -Werror=implicit-function-declaration -Werror=implicit-hls-streams -Werror=return-type -Wpragmas -Wunused-parameter -Wdump-hls-pragmas -Wno-error=dump-hls-pragmas -hls-clock-period=10 -fno-threadsafe-statics -fno-use-cxa-atexit -std=gnu++14 -target fpga64-xilinx-linux-gnu -fno-threadsafe-statics -fno-use-cxa-atexit -D__VITIS_HLS__ -DAESL_SYN -D__SYNTHESIS__ -D__HLS_SYN__ -I /eda/xilinx/Vitis_HLS/2023.2/common/technology/autopilot -I /eda/xilinx/Vitis_HLS/2023.2/common/technology/autopilot/ap_sysc -include etc/autopilot_ssdm_op.h -D__DSP48E2__ -I /usr/include/x86_64-linux-gnu -o /home/sg9109/Documents/hls-design/ntt-asic/.autopilot/db/ntt-kernel.pp.0.cpp -hls-platform-db-name=/eda/xilinx/Vitis_HLS/2023.2/common/technology/xilinx/common/platform.db -hls-platform-name=zynquplus_medium -device-resource-info=BRAM_288.000000_DSP_1248.000000_FF_234240.000000_LUT_117120.000000_SLICE_14640.000000_URAM_64.000000 -device-name-info=xck26-sfvc784-2LV-c > /home/sg9109/Documents/hls-design/ntt-asic/.autopilot/db/ntt-kernel.cpp.clang.out.log 2> /home/sg9109/Documents/hls-design/ntt-asic/.autopilot/db/ntt-kernel.cpp.clang.err.log
INFO-FLOW: Done: GCC PP 39 time: 0.2 seconds per iteration
INFO-FLOW: Source syntax check for synthesis
INFO-FLOW: run_clang exec: /eda/xilinx/Vitis_HLS/2023.2/lnx64/tools/clang-3.9-csynth/bin/clang -foptimization-record-file=/home/sg9109/Documents/hls-design/ntt-asic/.autopilot/db/clang.diag.yml -mllvm -pass-remarks-missed=reflow|pasta|unroll -mllvm -pass-remarks=reflow|pasta|unroll|inline -fsyntax-only -fhls -target fpga64-xilinx-linux-gnu /home/sg9109/Documents/hls-design/ntt-asic/.autopilot/db/ntt-kernel.pp.0.cpp -hls-platform-db-name=/eda/xilinx/Vitis_HLS/2023.2/common/technology/xilinx/common/platform.db -hls-platform-name=zynquplus_medium -device-resource-info=BRAM_288.000000_DSP_1248.000000_FF_234240.000000_LUT_117120.000000_SLICE_14640.000000_URAM_64.000000 -device-name-info=xck26-sfvc784-2LV-c > /home/sg9109/Documents/hls-design/ntt-asic/.autopilot/db/clang.out.log 2> /home/sg9109/Documents/hls-design/ntt-asic/.autopilot/db/clang.err.log
Execute       clang_tidy xilinx-systemc-detector -desc systemc-detector /home/sg9109/Documents/hls-design/ntt-asic/.autopilot/db/ntt-kernel.pp.0.cpp std=gnu++14 -target fpga  -directive=/home/sg9109/Documents/hls-design/ntt-asic/.autopilot/db/.systemc_flag 
INFO-FLOW: exec /eda/xilinx/Vitis_HLS/2023.2/lnx64/tools/clang-3.9-csynth/bin/clang-tidy -header-filter=.* --checks=-*,xilinx-systemc-detector -import-directive=/home/sg9109/Documents/hls-design/ntt-asic/.autopilot/db/.systemc_flag -fix-errors /home/sg9109/Documents/hls-design/ntt-asic/.autopilot/db/ntt-kernel.pp.0.cpp -- -std=gnu++14 -target fpga -fhls -ferror-limit=0
Command       clang_tidy done; 0.12 sec.
INFO-FLOW: Running: clang-tidy CDT preprocess 39
Execute       clang_tidy xilinx-directive2pragma -desc directive2pragma /home/sg9109/Documents/hls-design/ntt-asic/.autopilot/db/ntt-kernel.pp.0.cpp std=gnu++14 -target fpga  -directive=/home/sg9109/Documents/hls-design/ntt-asic/.autopilot/db/all.directive.json 
INFO-FLOW: exec /eda/xilinx/Vitis_HLS/2023.2/lnx64/tools/clang-3.9-csynth/bin/clang-tidy -header-filter=.* --checks=-*,xilinx-directive2pragma -import-directive=/home/sg9109/Documents/hls-design/ntt-asic/.autopilot/db/all.directive.json -fix-errors /home/sg9109/Documents/hls-design/ntt-asic/.autopilot/db/ntt-kernel.pp.0.cpp -- -std=gnu++14 -target fpga -fhls -ferror-limit=0
Command       clang_tidy done; 0.21 sec.
INFO-FLOW: Done: clang-tidy CDT preprocess 39 time: 0.2 seconds per iteration
INFO-FLOW: Calling xilinx-label-all-loops ... 
INFO-FLOW: Calling xilinx-aggregate-on-hls-vector ... 
Execute       clang_tidy -errorcheck -desc loop-label xilinx-label-all-loops,xilinx-aggregate-on-hls-vector,,xilinx-warn-mayneed-no-ctor-attribute /home/sg9109/Documents/hls-design/ntt-asic/.autopilot/db/ntt-kernel.pp.0.cpp std=gnu++14 -target fpga  
INFO-FLOW: run_clang exec: /eda/xilinx/Vitis_HLS/2023.2/lnx64/tools/clang-3.9-csynth/bin/clang-tidy -export-fixes=/home/sg9109/Documents/hls-design/ntt-asic/.autopilot/db/ntt-kernel.pp.0.cpp.clang-tidy.loop-label.diag.yml -header-filter=.* --checks=-*,xilinx-label-all-loops,xilinx-aggregate-on-hls-vector,,xilinx-warn-mayneed-no-ctor-attribute -fix-errors /home/sg9109/Documents/hls-design/ntt-asic/.autopilot/db/ntt-kernel.pp.0.cpp -- -std=gnu++14 -target fpga -fhls -ferror-limit=0 > /home/sg9109/Documents/hls-design/ntt-asic/.autopilot/db/ntt-kernel.pp.0.cpp.clang-tidy.loop-label.out.log 2> /home/sg9109/Documents/hls-design/ntt-asic/.autopilot/db/ntt-kernel.pp.0.cpp.clang-tidy.loop-label.err.log
Execute         source /eda/xilinx/Vitis_HLS/2023.2/tps/tcl/tcllib1.11.1/yaml/yaml.tcl 
Command       clang_tidy done; 0.38 sec.
INFO-FLOW: run_clang exec: /eda/xilinx/Vitis_HLS/2023.2/lnx64/tools/clang-3.9-csynth/bin/xilinx-dataflow-lawyer -export-fixes=/home/sg9109/Documents/hls-design/ntt-asic/.autopilot/db/ntt-kernel.pp.0.cpp.xilinx-dataflow-lawyer.diag.yml /home/sg9109/Documents/hls-design/ntt-asic/.autopilot/db/ntt-kernel.pp.0.cpp -- -std=gnu++14 -target fpga -fhls -ferror-limit=0 -fstrict-dataflow > /home/sg9109/Documents/hls-design/ntt-asic/.autopilot/db/ntt-kernel.pp.0.cpp.xilinx-dataflow-lawyer.out.log 2> /home/sg9109/Documents/hls-design/ntt-asic/.autopilot/db/ntt-kernel.pp.0.cpp.xilinx-dataflow-lawyer.err.log
Execute       ap_part_info -name xck26-sfvc784-2LV-c -data info 
INFO-FLOW: compiling source code to llvm bc
INFO-FLOW: run_clang exec: /eda/xilinx/Vitis_HLS/2023.2/lnx64/tools/clang-3.9-csynth/bin/clang -foptimization-record-file=/home/sg9109/Documents/hls-design/ntt-asic/.autopilot/db/ntt-kernel.pp.0.cpp.clang.diag.yml -mllvm -pass-remarks-missed=reflow|pasta|unroll -mllvm -pass-remarks=reflow|pasta|unroll|inline -fno-limit-debug-info -fhls -flto -fno-exceptions -Wno-error=c++11-narrowing -hls-emit-hint-scope /home/sg9109/Documents/hls-design/ntt-asic/.autopilot/db/ntt-kernel.pp.0.cpp -fno-math-errno -c -emit-llvm -mllvm -disable-llvm-optzns -Werror=implicit-function-declaration -Werror=implicit-hls-streams -Werror=return-type -Wpragmas -Wunused-parameter -Wdump-hls-pragmas -Wno-error=dump-hls-pragmas -hls-clock-period=10 -fno-threadsafe-statics -fno-use-cxa-atexit -std=gnu++14 -target fpga64-xilinx-linux-gnu -D__VITIS_HLS__ -DAESL_SYN -D__SYNTHESIS__ -D__HLS_SYN__ -I /eda/xilinx/Vitis_HLS/2023.2/common/technology/autopilot -I /eda/xilinx/Vitis_HLS/2023.2/common/technology/autopilot/ap_sysc -include etc/autopilot_ssdm_op.h -D__DSP48E2__ -g -o /home/sg9109/Documents/hls-design/ntt-asic/.autopilot/db/ntt-kernel.bc -hls-platform-db-name=/eda/xilinx/Vitis_HLS/2023.2/common/technology/xilinx/common/platform.db -hls-platform-name=zynquplus_medium -device-resource-info=BRAM_288.000000_DSP_1248.000000_FF_234240.000000_LUT_117120.000000_SLICE_14640.000000_URAM_64.000000 -device-name-info=xck26-sfvc784-2LV-c > /home/sg9109/Documents/hls-design/ntt-asic/.autopilot/db/ntt-kernel.pp.0.cpp.clang.out.log 2> /home/sg9109/Documents/hls-design/ntt-asic/.autopilot/db/ntt-kernel.pp.0.cpp.clang.err.log
INFO: [HLS 200-111] Finished Source Code Analysis and Preprocessing: CPU user time: 1.11 seconds. CPU system time: 0.49 seconds. Elapsed time: 1.72 seconds; current allocated memory: 308.707 MB.
INFO-FLOW: Linking Debug ...
INFO-FLOW: Linking dut bc code.
Execute       run_link_or_opt -out /home/sg9109/Documents/hls-design/ntt-asic/.autopilot/db/a.g.ld.0.bc -args  "/home/sg9109/Documents/hls-design/ntt-asic/.autopilot/db/ntt-kernel.g.bc"  
INFO-FLOW: run_clang exec: /eda/xilinx/Vitis_HLS/2023.2/lnx64/tools/clang-3.9-csynth/bin/llvm-link /home/sg9109/Documents/hls-design/ntt-asic/.autopilot/db/ntt-kernel.g.bc -o /home/sg9109/Documents/hls-design/ntt-asic/.autopilot/db/a.g.ld.0.bc > /home/sg9109/Documents/hls-design/ntt-asic/.autopilot/db/a.g.ld.0.bc.llvm-link.out.log 2> /home/sg9109/Documents/hls-design/ntt-asic/.autopilot/db/a.g.ld.0.bc.llvm-link.err.log
INFO-FLOW: 
Execute       run_link_or_opt -opt -out /home/sg9109/Documents/hls-design/ntt-asic/.autopilot/db/a.g.ld.1.lower.bc -args /home/sg9109/Documents/hls-design/ntt-asic/.autopilot/db/a.g.ld.0.bc -reflow-lower-math-intrinsics 
INFO-FLOW: run_clang exec: /eda/xilinx/Vitis_HLS/2023.2/lnx64/tools/clang-3.9-csynth/bin/opt -pass-remarks-missed=reflow|pasta|unroll -pass-remarks=reflow|pasta|unroll|inline -pass-remarks-output=/home/sg9109/Documents/hls-design/ntt-asic/.autopilot/db/a.g.ld.1.lower.bc.opt.diag.yml /home/sg9109/Documents/hls-design/ntt-asic/.autopilot/db/a.g.ld.0.bc -reflow-lower-math-intrinsics -o /home/sg9109/Documents/hls-design/ntt-asic/.autopilot/db/a.g.ld.1.lower.bc > /home/sg9109/Documents/hls-design/ntt-asic/.autopilot/db/a.g.ld.1.lower.bc.opt.out.log 2> /home/sg9109/Documents/hls-design/ntt-asic/.autopilot/db/a.g.ld.1.lower.bc.opt.err.log
INFO-FLOW: 
INFO-FLOW: Running: gen_design_size_report post-opt
INFO-FLOW: Done: gen_design_size_report post-opt time: 0 seconds per iteration
INFO-FLOW: Linking math bc lib
Execute       run_link_or_opt -out /home/sg9109/Documents/hls-design/ntt-asic/.autopilot/db/a.g.ld.2.m1.bc -args /home/sg9109/Documents/hls-design/ntt-asic/.autopilot/db/a.g.ld.1.lower.bc -only-needed /eda/xilinx/Vitis_HLS/2023.2/lnx64/lib/libhlsm_39.bc /eda/xilinx/Vitis_HLS/2023.2/lnx64/lib/libhlsmc++_39.bc 
INFO-FLOW: run_clang exec: /eda/xilinx/Vitis_HLS/2023.2/lnx64/tools/clang-3.9-csynth/bin/llvm-link /home/sg9109/Documents/hls-design/ntt-asic/.autopilot/db/a.g.ld.1.lower.bc -only-needed /eda/xilinx/Vitis_HLS/2023.2/lnx64/lib/libhlsm_39.bc /eda/xilinx/Vitis_HLS/2023.2/lnx64/lib/libhlsmc++_39.bc -o /home/sg9109/Documents/hls-design/ntt-asic/.autopilot/db/a.g.ld.2.m1.bc > /home/sg9109/Documents/hls-design/ntt-asic/.autopilot/db/a.g.ld.2.m1.bc.llvm-link.out.log 2> /home/sg9109/Documents/hls-design/ntt-asic/.autopilot/db/a.g.ld.2.m1.bc.llvm-link.err.log
INFO-FLOW: 
Command       run_link_or_opt done; 1.66 sec.
Execute       run_link_or_opt -opt -out /home/sg9109/Documents/hls-design/ntt-asic/.autopilot/db/a.g.ld.3.fpc.bc -args /home/sg9109/Documents/hls-design/ntt-asic/.autopilot/db/a.g.ld.2.m1.bc -reflow-globaldce -hls-top-function-name=ntt_kernel -reflow-float-conversion 
INFO-FLOW: run_clang exec: /eda/xilinx/Vitis_HLS/2023.2/lnx64/tools/clang-3.9-csynth/bin/opt -pass-remarks-missed=reflow|pasta|unroll -pass-remarks=reflow|pasta|unroll|inline -pass-remarks-output=/home/sg9109/Documents/hls-design/ntt-asic/.autopilot/db/a.g.ld.3.fpc.bc.opt.diag.yml /home/sg9109/Documents/hls-design/ntt-asic/.autopilot/db/a.g.ld.2.m1.bc -reflow-globaldce -hls-top-function-name=ntt_kernel -reflow-float-conversion -o /home/sg9109/Documents/hls-design/ntt-asic/.autopilot/db/a.g.ld.3.fpc.bc > /home/sg9109/Documents/hls-design/ntt-asic/.autopilot/db/a.g.ld.3.fpc.bc.opt.out.log 2> /home/sg9109/Documents/hls-design/ntt-asic/.autopilot/db/a.g.ld.3.fpc.bc.opt.err.log
INFO-FLOW: 
INFO-FLOW: Running: gen_design_size_report post-opt
INFO-FLOW: Done: gen_design_size_report post-opt time: 0 seconds per iteration
Command       run_link_or_opt done; 0.71 sec.
Execute       run_link_or_opt -out /home/sg9109/Documents/hls-design/ntt-asic/.autopilot/db/a.g.ld.4.m2.bc -args /home/sg9109/Documents/hls-design/ntt-asic/.autopilot/db/a.g.ld.3.fpc.bc -only-needed /eda/xilinx/Vitis_HLS/2023.2/lnx64/lib/libfloatconversion_39.bc 
INFO-FLOW: run_clang exec: /eda/xilinx/Vitis_HLS/2023.2/lnx64/tools/clang-3.9-csynth/bin/llvm-link /home/sg9109/Documents/hls-design/ntt-asic/.autopilot/db/a.g.ld.3.fpc.bc -only-needed /eda/xilinx/Vitis_HLS/2023.2/lnx64/lib/libfloatconversion_39.bc -o /home/sg9109/Documents/hls-design/ntt-asic/.autopilot/db/a.g.ld.4.m2.bc > /home/sg9109/Documents/hls-design/ntt-asic/.autopilot/db/a.g.ld.4.m2.bc.llvm-link.out.log 2> /home/sg9109/Documents/hls-design/ntt-asic/.autopilot/db/a.g.ld.4.m2.bc.llvm-link.err.log
INFO-FLOW: 
Execute       run_link_or_opt -opt -out /home/sg9109/Documents/hls-design/ntt-asic/.autopilot/db/a.g.ld.5.gdce.bc -args /home/sg9109/Documents/hls-design/ntt-asic/.autopilot/db/a.g.ld.4.m2.bc -reflow-globaldce -hls-top-function-name=ntt_kernel 
INFO-FLOW: run_clang exec: /eda/xilinx/Vitis_HLS/2023.2/lnx64/tools/clang-3.9-csynth/bin/opt -pass-remarks-missed=reflow|pasta|unroll -pass-remarks=reflow|pasta|unroll|inline -pass-remarks-output=/home/sg9109/Documents/hls-design/ntt-asic/.autopilot/db/a.g.ld.5.gdce.bc.opt.diag.yml /home/sg9109/Documents/hls-design/ntt-asic/.autopilot/db/a.g.ld.4.m2.bc -reflow-globaldce -hls-top-function-name=ntt_kernel -o /home/sg9109/Documents/hls-design/ntt-asic/.autopilot/db/a.g.ld.5.gdce.bc > /home/sg9109/Documents/hls-design/ntt-asic/.autopilot/db/a.g.ld.5.gdce.bc.opt.out.log 2> /home/sg9109/Documents/hls-design/ntt-asic/.autopilot/db/a.g.ld.5.gdce.bc.opt.err.log
INFO-FLOW: 
INFO-FLOW: Running: gen_design_size_report post-opt
INFO-FLOW: Done: gen_design_size_report post-opt time: 0 seconds per iteration
Execute       send_msg_by_id INFO @200-777@%s Vivado 
INFO: [HLS 200-777] Using interface defaults for 'Vivado' flow target.
Execute       is_m_axi_addr64 
INFO-FLOW: Doing LTO.
INFO-FLOW: run_clang (background poll_ms 5000) exec: /eda/xilinx/Vitis_HLS/2023.2/lnx64/tools/clang-3.9-csynth/bin/clang -foptimization-record-file=/home/sg9109/Documents/hls-design/ntt-asic/.autopilot/db/a.g.ld.0.bc.clang.reflow.diag.yml -mllvm -pass-remarks-missed=reflow|pasta|unroll -mllvm -pass-remarks=reflow|pasta|unroll|inline -fhls -mllvm -hls-top-function-name=ntt_kernel -mllvm -hls-db-dir -mllvm /home/sg9109/Documents/hls-design/ntt-asic/.autopilot/db -emit-llvm -c -target fpga64-xilinx-none -mllvm -xcl-xmlinfo=/home/sg9109/Documents/hls-design/ntt-asic/.autopilot/db/kernel.internal.xml -mllvm -top-io-mapping-info=/home/sg9109/Documents/hls-design/ntt-asic/.autopilot/db/top-io-fe.xml -mllvm -hls-bitcode-version=3.1 -mllvm -reflow-enable-slave-interface-default-setting=true -mllvm -gen-kernel-xml=false -mllvm -default-maxi-offset=slave -mllvm -maxi-latency=0 -mllvm -hls-maxi-data-size-in-bits=8 -mllvm -hls-maxi-max-data-size-in-bits=1024 -mllvm -hls-max-widen-size-in-bits=0 -mllvm -xcl-kernel-max-mem-ports=0 -mllvm -maxi-read-trans=16 -mllvm -maxi-write-trans=16 -mllvm -maxi-read-burst-len=16 -mllvm -maxi-write-burst-len=16 -mllvm -reflow-enable-saxi-64bits=0 -mllvm -reflow-basic-block-instr-threshold=200000 -mllvm -reflow-auto-pipeline-threshold=64 -mllvm -reflow-enable-maxi-auto-id-channel=0 -mllvm -enable-fp-thr=0 -mllvm -reflow-bdd-simplify-threshold=1048576 -mllvm -reflow-fanout-threshold=16 -mllvm -assume-maxi-align=1 -mllvm -reflow-pipeline-style-llvm-setting=2 -mllvm -reflow-enable-dataflow-strict-mode-checking=1 -ftime-report -mllvm -time-passes -mllvm -reflow-auto-array-partition-mode=default -mllvm -reflow-enable-auto-array-partition=true -mllvm -reflow-enable-auto-parallel-performance-driven=true -mllvm -reflow-enable-partition-for-automation=true -mllvm -reflow-aggregate-bitwidth-threshold=4096 -mllvm -reflow-reserved-saxilite-registers=0 -mllvm -enable-reflow-auto-loop-pipeline -mllvm -reflow-max-unroll-threshold=409600 -mllvm -reflow-assume-no-address-wrap=true -mllvm -reflow-enable-occurrence-inference=true -mllvm -reflow-emit-hint-scope=true -mllvm -hls -mllvm -disable-inlined-alloca-merging=true -mllvm -default-clock-period=10 -x ir /home/sg9109/Documents/hls-design/ntt-asic/.autopilot/db/a.g.ld.5.gdce.bc -o /home/sg9109/Documents/hls-design/ntt-asic/.autopilot/db/a.g.lto.bc -hls-platform-db-name=/eda/xilinx/Vitis_HLS/2023.2/common/technology/xilinx/common/platform.db -hls-platform-name=zynquplus_medium -device-resource-info=BRAM_288.000000_DSP_1248.000000_FF_234240.000000_LUT_117120.000000_SLICE_14640.000000_URAM_64.000000 -device-name-info=xck26-sfvc784-2LV-c 2> /home/sg9109/Documents/hls-design/ntt-asic/.autopilot/db/a.g.ld.0.bc.clang.reflow.err.log bg_poll_cmd: ::AP::poll_clang_39_closed_source
Execute       send_msg_by_id INFO @200-1995@%s%s%s 260 Compile/Link /home/sg9109/Documents/hls-design/ntt-asic/syn/report/csynth_design_size.rpt 
INFO: [HLS 200-1995] There were 260 instructions in the design after the 'Compile/Link' phase of compilation. See the Design Size Report for more details: /home/sg9109/Documents/hls-design/ntt-asic/syn/report/csynth_design_size.rpt
Execute       send_msg_by_id INFO @200-1995@%s%s%s 525 Unroll/Inline (step 1) /home/sg9109/Documents/hls-design/ntt-asic/syn/report/csynth_design_size.rpt 
INFO: [HLS 200-1995] There were 525 instructions in the design after the 'Unroll/Inline (step 1)' phase of compilation. See the Design Size Report for more details: /home/sg9109/Documents/hls-design/ntt-asic/syn/report/csynth_design_size.rpt
Execute       send_msg_by_id INFO @200-1995@%s%s%s 450 Unroll/Inline (step 2) /home/sg9109/Documents/hls-design/ntt-asic/syn/report/csynth_design_size.rpt 
INFO: [HLS 200-1995] There were 450 instructions in the design after the 'Unroll/Inline (step 2)' phase of compilation. See the Design Size Report for more details: /home/sg9109/Documents/hls-design/ntt-asic/syn/report/csynth_design_size.rpt
Execute       send_msg_by_id INFO @200-1995@%s%s%s 455 Unroll/Inline (step 3) /home/sg9109/Documents/hls-design/ntt-asic/syn/report/csynth_design_size.rpt 
INFO: [HLS 200-1995] There were 455 instructions in the design after the 'Unroll/Inline (step 3)' phase of compilation. See the Design Size Report for more details: /home/sg9109/Documents/hls-design/ntt-asic/syn/report/csynth_design_size.rpt
Execute       send_msg_by_id INFO @200-1995@%s%s%s 428 Unroll/Inline (step 4) /home/sg9109/Documents/hls-design/ntt-asic/syn/report/csynth_design_size.rpt 
INFO: [HLS 200-1995] There were 428 instructions in the design after the 'Unroll/Inline (step 4)' phase of compilation. See the Design Size Report for more details: /home/sg9109/Documents/hls-design/ntt-asic/syn/report/csynth_design_size.rpt
Execute       send_msg_by_id INFO @200-1995@%s%s%s 1,342 Array/Struct (step 1) /home/sg9109/Documents/hls-design/ntt-asic/syn/report/csynth_design_size.rpt 
INFO: [HLS 200-1995] There were 1,342 instructions in the design after the 'Array/Struct (step 1)' phase of compilation. See the Design Size Report for more details: /home/sg9109/Documents/hls-design/ntt-asic/syn/report/csynth_design_size.rpt
Execute       send_msg_by_id INFO @200-1995@%s%s%s 1,177 Array/Struct (step 2) /home/sg9109/Documents/hls-design/ntt-asic/syn/report/csynth_design_size.rpt 
INFO: [HLS 200-1995] There were 1,177 instructions in the design after the 'Array/Struct (step 2)' phase of compilation. See the Design Size Report for more details: /home/sg9109/Documents/hls-design/ntt-asic/syn/report/csynth_design_size.rpt
Execute       send_msg_by_id INFO @200-1995@%s%s%s 1,177 Array/Struct (step 3) /home/sg9109/Documents/hls-design/ntt-asic/syn/report/csynth_design_size.rpt 
INFO: [HLS 200-1995] There were 1,177 instructions in the design after the 'Array/Struct (step 3)' phase of compilation. See the Design Size Report for more details: /home/sg9109/Documents/hls-design/ntt-asic/syn/report/csynth_design_size.rpt
Execute       send_msg_by_id INFO @200-1995@%s%s%s 1,177 Array/Struct (step 4) /home/sg9109/Documents/hls-design/ntt-asic/syn/report/csynth_design_size.rpt 
INFO: [HLS 200-1995] There were 1,177 instructions in the design after the 'Array/Struct (step 4)' phase of compilation. See the Design Size Report for more details: /home/sg9109/Documents/hls-design/ntt-asic/syn/report/csynth_design_size.rpt
Execute       send_msg_by_id INFO @200-1995@%s%s%s 1,187 Array/Struct (step 5) /home/sg9109/Documents/hls-design/ntt-asic/syn/report/csynth_design_size.rpt 
INFO: [HLS 200-1995] There were 1,187 instructions in the design after the 'Array/Struct (step 5)' phase of compilation. See the Design Size Report for more details: /home/sg9109/Documents/hls-design/ntt-asic/syn/report/csynth_design_size.rpt
Execute       send_msg_by_id INFO @200-1995@%s%s%s 1,184 Performance (step 1) /home/sg9109/Documents/hls-design/ntt-asic/syn/report/csynth_design_size.rpt 
INFO: [HLS 200-1995] There were 1,184 instructions in the design after the 'Performance (step 1)' phase of compilation. See the Design Size Report for more details: /home/sg9109/Documents/hls-design/ntt-asic/syn/report/csynth_design_size.rpt
Execute       send_msg_by_id INFO @200-1995@%s%s%s 1,182 Performance (step 2) /home/sg9109/Documents/hls-design/ntt-asic/syn/report/csynth_design_size.rpt 
INFO: [HLS 200-1995] There were 1,182 instructions in the design after the 'Performance (step 2)' phase of compilation. See the Design Size Report for more details: /home/sg9109/Documents/hls-design/ntt-asic/syn/report/csynth_design_size.rpt
Execute       send_msg_by_id INFO @200-1995@%s%s%s 1,182 Performance (step 3) /home/sg9109/Documents/hls-design/ntt-asic/syn/report/csynth_design_size.rpt 
INFO: [HLS 200-1995] There were 1,182 instructions in the design after the 'Performance (step 3)' phase of compilation. See the Design Size Report for more details: /home/sg9109/Documents/hls-design/ntt-asic/syn/report/csynth_design_size.rpt
Execute       send_msg_by_id INFO @200-1995@%s%s%s 1,182 Performance (step 4) /home/sg9109/Documents/hls-design/ntt-asic/syn/report/csynth_design_size.rpt 
INFO: [HLS 200-1995] There were 1,182 instructions in the design after the 'Performance (step 4)' phase of compilation. See the Design Size Report for more details: /home/sg9109/Documents/hls-design/ntt-asic/syn/report/csynth_design_size.rpt
Execute       send_msg_by_id INFO @200-1995@%s%s%s 1,202 HW Transforms (step 1) /home/sg9109/Documents/hls-design/ntt-asic/syn/report/csynth_design_size.rpt 
INFO: [HLS 200-1995] There were 1,202 instructions in the design after the 'HW Transforms (step 1)' phase of compilation. See the Design Size Report for more details: /home/sg9109/Documents/hls-design/ntt-asic/syn/report/csynth_design_size.rpt
Execute       send_msg_by_id INFO @200-1995@%s%s%s 1,219 HW Transforms (step 2) /home/sg9109/Documents/hls-design/ntt-asic/syn/report/csynth_design_size.rpt 
INFO: [HLS 200-1995] There were 1,219 instructions in the design after the 'HW Transforms (step 2)' phase of compilation. See the Design Size Report for more details: /home/sg9109/Documents/hls-design/ntt-asic/syn/report/csynth_design_size.rpt
INFO: [HLS 214-131] Inlining function 'mod_mul(unsigned int, unsigned int, unsigned int, unsigned int)' into 'ntt_kernel' (hls-design/ntt-kernel.cpp:151:27)
INFO: [HLS 214-131] Inlining function 'mod_sub(unsigned int, unsigned int, unsigned int)' into 'ntt_kernel' (hls-design/ntt-kernel.cpp:153:31)
INFO: [HLS 214-131] Inlining function 'mod_add(unsigned int, unsigned int, unsigned int)' into 'ntt_kernel' (hls-design/ntt-kernel.cpp:152:31)
INFO: [HLS 214-188] Unrolling loop 'FLATTENED_BUTTERFLY_LOOP' (hls-design/ntt-kernel.cpp:130:36) in function 'ntt_kernel' partially with a factor of 4 (hls-design/ntt-kernel.cpp:59:0)
INFO: [HLS 214-248] Applying array_partition to 'local_twiddles': Cyclic partitioning with factor 4 on dimension 1. (hls-design/ntt-kernel.cpp:72:11)
INFO: [HLS 214-248] Applying array_partition to 'ping': Cyclic partitioning with factor 8 on dimension 1. (hls-design/ntt-kernel.cpp:79:11)
INFO: [HLS 214-248] Applying array_partition to 'pong': Cyclic partitioning with factor 8 on dimension 1. (hls-design/ntt-kernel.cpp:82:11)
INFO: [HLS 214-115] Multiple burst reads of variable length and bit width 32 in loop 'CACHE_TWIDDLES_LOOP'(hls-design/ntt-kernel.cpp:87:23) has been inferred on bundle 'gmem2'. These burst requests might be further partitioned into multiple requests during RTL generation, based on max_read_burst_length or max_write_burst_length settings. (hls-design/ntt-kernel.cpp:87:23)
INFO: [HLS 214-115] Multiple burst reads of variable length and bit width 32 in loop 'CACHE_PSI_LOOP'(hls-design/ntt-kernel.cpp:94:18) has been inferred on bundle 'gmem1'. These burst requests might be further partitioned into multiple requests during RTL generation, based on max_read_burst_length or max_write_burst_length settings. (hls-design/ntt-kernel.cpp:94:18)
INFO: [HLS 214-115] Multiple burst reads of variable length and bit width 32 in loop 'BURST_READ_LOOP'(hls-design/ntt-kernel.cpp:106:23) has been inferred on bundle 'gmem0'. These burst requests might be further partitioned into multiple requests during RTL generation, based on max_read_burst_length or max_write_burst_length settings. (hls-design/ntt-kernel.cpp:106:23)
INFO: [HLS 214-115] Multiple burst writes of variable length and bit width 32 in loop 'WRITE_BACK_LOOP'(hls-design/ntt-kernel.cpp:170:23) has been inferred on bundle 'gmem0'. These burst requests might be further partitioned into multiple requests during RTL generation, based on max_read_burst_length or max_write_burst_length settings. (hls-design/ntt-kernel.cpp:170:23)
INFO-FLOW: DBG:PUTS: copy_raw_kernel_xml ap_link_39: kernel.xml not generated: /home/sg9109/Documents/hls-design/ntt-asic/.autopilot/db/kernel.internal.xml
INFO: [HLS 200-111] Finished Compiling Optimization and Transform: CPU user time: 2.98 seconds. CPU system time: 0.47 seconds. Elapsed time: 7.92 seconds; current allocated memory: 311.199 MB.
INFO: [HLS 200-111] Finished Checking Pragmas: CPU user time: 0 seconds. CPU system time: 0 seconds. Elapsed time: 0 seconds; current allocated memory: 311.199 MB.
Execute       opt_and_import_c a -opt_level=2 -skip_syncheck=0 -ng=0 -keep_printf=0 
Execute         cleanup_all_models 
INFO: [HLS 200-10] Starting code transformations ...
INFO-FLOW: Running Standard Transforms...
Execute         transform -hls -share-std-xform -demangle-name -inline-byval-memcpy -always-inline -promote-dbg-pointer -interface-preproc -mem2reg -scalarrepl -mem2reg -keep-read-access -instcombine -dce -promote-dbg-pointer -bitop-raise -loop-simplify -indvarspre -indvars -loop-simplify -xunroll -constprop -instcombine -simplifycfg -indvars -simplifycfg -dce -globaldce -basicaa -simplifycfg -mem2reg -globalopt -global-constprop -deadargelim -instcombine -simplifycfg -scalarrepl -instcombine -reassociate -licm -simplifycfg -loop-simplify -indvars -instcombine -simplifycfg -mem2reg -loop-simplify -indvars -instcombine -gvn -gvn -instcombine -adce -break-crit-edges -simplifycfg -loop-delete -global-array-opt -dce -dse -adce -find-syn-modules -top ntt_kernel -deadargelim -mem2reg -instcombine -dce -presyn-prepare -interface-preproc -syn-check -check-rec-only -find-region -simplifycfg -func-extr -function-inline -globaldce -mem2reg -instcombine -dce -gvn -globaldce -adce -adse -constprop -instcombine -bit-constprop -instcombine -dce -simplifycfg -bitop-raise -simplifycfg -dce -loop-delete -reassociate -globalopt -global-privatize -mem2reg -dce -global-constprop -pointer-simplify -constprop -dce -auto-shift-reg-idiom -promote-dbg-pointer -norm-name /home/sg9109/Documents/hls-design/ntt-asic/.autopilot/db/a.g.0.bc -o /home/sg9109/Documents/hls-design/ntt-asic/.autopilot/db/a.g.1.bc -f -phase std-opt 
INFO: [HLS 200-111] Finished Standard Transforms: CPU user time: 0.06 seconds. CPU system time: 0.01 seconds. Elapsed time: 0.08 seconds; current allocated memory: 314.316 MB.
INFO: [HLS 200-10] Checking synthesizability ...
INFO-FLOW: Checking Synthesizability 1/2..
Execute         transform -hls -syn-check -check-rec-only -scalarrepl -norm-name -dce -mem2reg -instcombine -directive-preproc -mem2reg -dse -dce -dce -pag -array-normalize -instcombine -dce -array-seg-normalize -instcombine -dce -data-pack -instcombine -dce -inst-simplify -array-flatten -instcombine -dce -array-burst -dce -deadargelim -promote-global-argument -simplifycfg -mem2reg -globaldce -dce -deadargelim -dce -instcombine -function-inline -globaldce -dce -doublePtrSimplify -doublePtrElim -dce -doublePtrSimplify -promote-dbg-pointer -dce -scalarrepl -dse -adse -instcombine -ptrLegalization -simplifycfg -dce -instcombine -pointer-simplify -ptrArgReplace -dce -instcombine -resolve-double-ptr -scalarrepl -norm-name -dce -mem2reg -instcombine -ptrLegalization -simplifycfg -deadargelim -instcombine -dce -inst-simplify -directive-preproc -mem2reg -dse -dce -globaldce /home/sg9109/Documents/hls-design/ntt-asic/.autopilot/db/a.g.1.bc -o /home/sg9109/Documents/hls-design/ntt-asic/.autopilot/db/a.g.2.prechk.bc -f 
INFO-FLOW: Checking Synthesizability 2/2..
Execute         transform -syn-check /home/sg9109/Documents/hls-design/ntt-asic/.autopilot/db/a.g.2.prechk.bc -o /home/sg9109/Documents/hls-design/ntt-asic/.autopilot/db/a.g.2.bc -f -phase syn-check 
INFO: [HLS 200-111] Finished Checking Synthesizability: CPU user time: 0.06 seconds. CPU system time: 0 seconds. Elapsed time: 0.06 seconds; current allocated memory: 315.000 MB.
INFO-FLOW: Compiler optimizing ...
INFO-FLOW: Share syncheck's 1.bc for syn flow: copy /home/sg9109/Documents/hls-design/ntt-asic/.autopilot/db/a.g.1.bc to /home/sg9109/Documents/hls-design/ntt-asic/.autopilot/db/a.o.1.bc
INFO-FLOW: Presyn 1...
Execute         transform -hls -tmp /home/sg9109/Documents/hls-design/ntt-asic/.autopilot/db -interface-port-rename -directive-preproc -mem2reg -dse -dce -scalarrepl -norm-name -deadargelim -mem2reg -instcombine -dce -simplifycfg -dce -resource-proc -clib-intrinsic-prepare -dce -func-buffer -dce -pag -array-normalize -func-legal -instcombine -gvn -constprop -dce -simplifycfg -mem2reg -globaldce -resolve-double-ptr -dce -deadargelim -dce -instcombine -ptrArgReplace -mem2reg -dce -array-seg-normalize -deadargelim -instcombine -dce -directive-preproc -mem2reg -dse -dce -pointer-simplify -dce -port-alignment -dce -interface-preproc -data-pack -instcombine -dce -basicaa -aggr-aa -aggrmodref-aa -aggr-aa -gvn -gvn -basicaa -aggr-aa -aggrmodref-aa -aggr-aa -dse -adse -adce -loop-simplify -indvars -instcombine -gvn -loop-simplify -mem2reg -dce -find-region -instcombine -inst-simplify -interface-preproc -cfgopt -instcombine -indvars -auto-loop-unroll -loop-simplify -loop-bound -xunroll -constprop -instcombine -simplifycfg -indvars -simplifycfg -dce -globaldce -clean-region -attach-range -gvn -inst-simplify -constprop -simplifycfg -dce -pointer-simplify -dce -globalopt -constprop -dce -array-promote -scalar-auto-dep-elim -constprop -dce -ptrArgReplace -mem2reg -simplifycfg -dce -instcombine -dce -array-transform-check -array-reshape -instcombine -simplifycfg -dce -ptrArgReplace -deadargelim -mem2reg -instcombine -simplifycfg -dce -indvars -loop-simplify -loop-bound -xunroll -constprop -instcombine -simplifycfg -indvars -simplifycfg -dce -globaldce -basicaa -aggr-aa -aggrmodref-aa -aggr-aa -dse -duplicate-dataflow-processes -globaldce -instcombine -array-partition -prepare-dynamic-array-partition -instcombine -simplifycfg -dce -ptrArgReplace -global-constprop -deadargelim -mem2reg -func-legal -dce -global-constprop -deadargelim -mem2reg -simplifycfg -dce -merge-param -deadargelim -globalopt -constprop -dce -array-promote -scalar-auto-dep-elim -constprop -dce -ptrArgReplace -mem2reg -simplifycfg -dce -mem-intrinsic-preproc -dce -global-internalize -global-privatize -mem2reg -globaldce -promote-global-argument -ptrArgReplace -mem2reg -dce -globalopt -mergereturn -simplify-global-access -mem2reg -dce -pointer-simplify -dce -functionattrs -basicaa -aggr-aa -aggrmodref-aa -aggr-aa -gvn -gvn -basicaa -aggr-aa -aggrmodref-aa -aggr-aa -dse -adse -adce -dce -norm-name -basicaa -aggr-aa -aggrmodref-aa -aggr-aa -accesses-merge -function-inline -complex-op-raise -inst-simplify -globaldce -func-legal -dce -loop-bound -arraycheck -bitwidthmin2 -bitwidthmin2 -on-by-dataflow -loop-delete -instcombine -simplifycfg -globaldce -dce -gvn -deadargelim -dce -loop-simplify -clean-region -simplifycfg -propagate-stable-arguments -loop-stream -instcombine -simplifycfg -dce -globaldce -duplicate-dataflow-processes -stream-intrinsic-preproc -dce -check-ap-stream -loop-simplify -eliminate-keepreads -extract-dataflow-in-loop -loop-simplify -dce -gvn -deadargelim -dse -duplicate-dataflow-processes -check-dataflow-syntax -legalize-stream-variable -globaldce -legalize-global -extract-subproc -dce -dead-channel-elimination -canonicalize-gep -globaldce -dce -gvn -hls-dead-arg-elim -deadargelim -directive-preproc -canonicalize-dataflow -dce -globaldce -scalar-preprocessing -scalar-propagation2 -scalar-stream -deadargelim -globaldce -mem2reg -check-dataflow-channels -function-stream -dce -globaldce -prop-fifo-spec -internal-stream-gen -canonicalize-gep -globaldce -dce -gvn -deadargelim -mergereturn -indvars -loop-simplify -instcombine -array-stream -array-seg-normalize -array-partition -clean-array-spec -func-legal -instcombine -simplifycfg -dce -bundle-memfifo-ops -deadargelim -directive-preproc -mem2reg -dse -dce -group-axi-access -licm -simplifycfg -dce -loop-delete -hls-display -norm-name /home/sg9109/Documents/hls-design/ntt-asic/.autopilot/db/a.o.1.bc -o /home/sg9109/Documents/hls-design/ntt-asic/.autopilot/db/a.o.1.tmp.bc -f 
Command         transform done; 0.26 sec.
INFO-FLOW: Presyn 2...
Execute         transform -hls -keep-callgraph -scalarrepl -mem2reg -port-alignment -attach-range -dce -pipe-mux-gen -indvars -loop-bound -inst-simplify -instcombine -dce -merge-array-access -mem2reg -dce -clean-region -mergereturn -if-conv -instcombine -dce -constprop -basicaa -aggr-aa -aggrmodref-aa -aggr-aa -gvn -gvn -basicaa -aggr-aa -aggrmodref-aa -aggr-aa -dse -adse -adce -scalarrepl -mem2reg -global-constprop -deadargelim -deadargelim -instcombine -dce -simplifycfg -ptrArgReplace -mem2reg -function-inline -globaldce -mem2reg -instcombine -dce -expr-balance -instcombine -dce -bitwidthmin2 -bitwidthmin2 -interface-preproc -directive-preproc -inst-rectify -instcombine -dce -functionattrs -constprop -instcombine -bit-constprop -simplify-global-access -globalopt -globaldce -inst-simplify -instcombine -elimdeaddata -dce -loop-delete -simplifycfg -loop-simplify -barrier -norm-name /home/sg9109/Documents/hls-design/ntt-asic/.autopilot/db/a.o.1.tmp.bc -o /home/sg9109/Documents/hls-design/ntt-asic/.autopilot/db/a.o.2.bc -f -phase presyn 
INFO: [XFORM 203-401] Performing if-conversion on hyperblock from (hls-design/ntt-kernel.cpp:131:9) to (hls-design/ntt-kernel.cpp:156:18) in function 'ntt_kernel'... converting 4 basic blocks.
INFO: [XFORM 203-401] Performing if-conversion on hyperblock from (hls-design/ntt-kernel.cpp:130:45) to (hls-design/ntt-kernel.cpp:156:18) in function 'ntt_kernel'... converting 4 basic blocks.
INFO: [XFORM 203-401] Performing if-conversion on hyperblock from (hls-design/ntt-kernel.cpp:130:45) to (hls-design/ntt-kernel.cpp:156:18) in function 'ntt_kernel'... converting 4 basic blocks.
INFO: [XFORM 203-401] Performing if-conversion on hyperblock from (hls-design/ntt-kernel.cpp:130:45) to (hls-design/ntt-kernel.cpp:156:18) in function 'ntt_kernel'... converting 4 basic blocks.
INFO: [XFORM 203-401] Performing if-conversion on hyperblock from (hls-design/ntt-kernel.cpp:171:9) to (hls-design/ntt-kernel.cpp:170:23) in function 'ntt_kernel'... converting 4 basic blocks.
Command         transform done; 0.15 sec.
INFO: [HLS 200-111] Finished Loop, function and other optimizations: CPU user time: 0.37 seconds. CPU system time: 0.02 seconds. Elapsed time: 0.41 seconds; current allocated memory: 344.957 MB.
INFO-FLOW: Building ssdm...
Execute         transform -hls -auto-function-inline -globaldce -ptrArgReplace -mem2reg -dce -reset-lda -loop-simplify -indvars -aggr-aa -licm -loop-dep -loop-bound -licm -loop-simplify -loop-sink-hoist -flattenloopnest -array-flatten -gvn -instcombine -dce -array-map -dce -func-legal -gvn -adce -instcombine -cfgopt -simplifycfg-lite -loop-simplify -array-burst -promote-global-argument -dce -array-seg-normalize -basicaa -aggrmodref-aa -globalsmodref-aa -aggr-aa -gvn -gvn -basicaa -aggrmodref-aa -globalsmodref-aa -aggr-aa -dse -adse -adce -licm -inst-simplify -dce -globaldce -instcombine -array-stream -eliminate-keepreads -instcombine -dce -deadargelim -doublePtrSimplify -doublePtrElim -dce -doublePtrSimplify -promote-dbg-pointer -dce -scalarrepl -mem2reg -norm-name -mem2reg -instcombine -dse -adse -adce -ptrLegalization -dce -array-flatten -dce -instcombine -check-doubleptr -loop-rot -constprop -cfgopt -simplifycfg-lite -loop-simplify -indvars -pointer-simplify -dce -loop-bound -loop-simplify -loop-preproc -constprop -global-constprop -gvn -mem2reg -instcombine -dce -loop-bound -loop-merge -dce -deadargelim -dce -canonicalize-dataflow -dce -deadargelim -globaldce -mem2reg -bram-byte-enable -inst-simplify -inst-rectify -instcombine -adce -deadargelim -load-elim -read-loop-dep -loop-simplify -loop-extract-inner -directive-preproc -bitwidthmin2 -bitwidthmin2 -read-loop-dep -interface-preproc -directive-preproc -interface-gen -bram-byte-enable-spec-prop -deadargelim -inst-simplify -dce -mem2reg -instcombine -gvn -dce -adse -loop-bound -instcombine -cfgopt -simplifycfg-lite -loop-simplify -clean-region -io-protocol -find-region -mem2reg -bitop-raise -complex-op-raise -inst-simplify -inst-rectify -instcombine -adce -deadargelim -float-op-raise -loop-simplify -phi-opt -bitop-raise -cfgopt -simplifycfg-lite -strip-dead-prototypes -interface-lower -bitop-lower -intrinsic-lower -auto-function-inline -basicaa -aggrmodref-aa -globalsmodref-aa -aggr-aa -inst-simplify -simplifycfg-lite -loop-simplify -mergereturn -inst-simplify -inst-rectify -globaldce -dce -load-elim -bitop-lower -float-op-raise -fma-raise -loop-rewind -pointer-simplify -dce -cfgopt -dce -loop-bound -loop-dep -read-loop-dep -dce -dyn-mem-reuse -dce -recurrence-min -dce -share-scalar-alloca -deadargelim -dce -check-stream -norm-name -legalize -validate-dataflow -inst-clarity -bitwidth -dce -dump-loop-dep-to-ir -check-all-ssdm -dump-complexity-metric -cdfg-build /home/sg9109/Documents/hls-design/ntt-asic/.autopilot/db/a.o.2.bc -o /home/sg9109/Documents/hls-design/ntt-asic/.autopilot/db/a.o.3.bc -f -phase build-ssdm 
WARNING: [HLS 200-960] Cannot flatten loop 'STAGE_LOOP' (hls-design/ntt-kernel.cpp:124:18) in function 'ntt_kernel' the outer loop is not a perfect loop because there is nontrivial logic before entering the inner loop.
Execute           auto_get_db
Command         transform done; 0.37 sec.
INFO: [HLS 200-111] Finished Architecture Synthesis: CPU user time: 0.34 seconds. CPU system time: 0.02 seconds. Elapsed time: 0.37 seconds; current allocated memory: 394.594 MB.
INFO-FLOW: Finish building internal data model.
Command       opt_and_import_c done; 0.95 sec.
Command     elaborate done; 10.6 sec.
Execute     ap_eval exec zip -j /home/sg9109/Documents/hls-design/ntt-asic/.autopilot/db/dut.hcp $dbDir/a.o.3.bc $dbDir/${topname}.rtl_wrap.cfg.tcl $dbDir/apatb_${topname}.cpp $dbDir/apatb_${topname}_util.cpp $dbDir/apatb_${topname}_ir.ll $dbDir/mapper_${topname}.cpp $dbDir/top-io-fe.xml $dbDir/kernel.internal.xml $workdir/../hls.app 
Execute     autosyn -from_csynth_design=1 
INFO: [HLS 200-10] Starting hardware synthesis ...
INFO-FLOW: Synthesizing C/C++ design ...
INFO: [HLS 200-10] Synthesizing 'ntt_kernel' ...
Execute       ap_set_top_model ntt_kernel 
Execute       get_model_list ntt_kernel -filter all-wo-channel -topdown 
Execute       preproc_iomode -model ntt_kernel 
Execute       preproc_iomode -model ntt_kernel_Pipeline_WRITE_BACK_LOOP 
Execute       preproc_iomode -model ntt_kernel_Pipeline_FLATTENED_BUTTERFLY_LOOP 
Execute       preproc_iomode -model ntt_kernel_Pipeline_PERMUTE_LOOP 
Execute       preproc_iomode -model ntt_kernel_Pipeline_BURST_READ_LOOP 
Execute       preproc_iomode -model ntt_kernel_Pipeline_CACHE_PSI_LOOP 
Execute       preproc_iomode -model ntt_kernel_Pipeline_CACHE_TWIDDLES_LOOP 
Execute       get_model_list ntt_kernel -filter all-wo-channel 
INFO-FLOW: Model list for configure: ntt_kernel_Pipeline_CACHE_TWIDDLES_LOOP ntt_kernel_Pipeline_CACHE_PSI_LOOP ntt_kernel_Pipeline_BURST_READ_LOOP ntt_kernel_Pipeline_PERMUTE_LOOP ntt_kernel_Pipeline_FLATTENED_BUTTERFLY_LOOP ntt_kernel_Pipeline_WRITE_BACK_LOOP ntt_kernel
INFO-FLOW: Configuring Module : ntt_kernel_Pipeline_CACHE_TWIDDLES_LOOP ...
Execute       set_default_model ntt_kernel_Pipeline_CACHE_TWIDDLES_LOOP 
Execute       apply_spec_resource_limit ntt_kernel_Pipeline_CACHE_TWIDDLES_LOOP 
INFO-FLOW: Configuring Module : ntt_kernel_Pipeline_CACHE_PSI_LOOP ...
Execute       set_default_model ntt_kernel_Pipeline_CACHE_PSI_LOOP 
Execute       apply_spec_resource_limit ntt_kernel_Pipeline_CACHE_PSI_LOOP 
INFO-FLOW: Configuring Module : ntt_kernel_Pipeline_BURST_READ_LOOP ...
Execute       set_default_model ntt_kernel_Pipeline_BURST_READ_LOOP 
Execute       apply_spec_resource_limit ntt_kernel_Pipeline_BURST_READ_LOOP 
INFO-FLOW: Configuring Module : ntt_kernel_Pipeline_PERMUTE_LOOP ...
Execute       set_default_model ntt_kernel_Pipeline_PERMUTE_LOOP 
Execute       apply_spec_resource_limit ntt_kernel_Pipeline_PERMUTE_LOOP 
INFO-FLOW: Configuring Module : ntt_kernel_Pipeline_FLATTENED_BUTTERFLY_LOOP ...
Execute       set_default_model ntt_kernel_Pipeline_FLATTENED_BUTTERFLY_LOOP 
Execute       apply_spec_resource_limit ntt_kernel_Pipeline_FLATTENED_BUTTERFLY_LOOP 
INFO-FLOW: Configuring Module : ntt_kernel_Pipeline_WRITE_BACK_LOOP ...
Execute       set_default_model ntt_kernel_Pipeline_WRITE_BACK_LOOP 
Execute       apply_spec_resource_limit ntt_kernel_Pipeline_WRITE_BACK_LOOP 
INFO-FLOW: Configuring Module : ntt_kernel ...
Execute       set_default_model ntt_kernel 
Execute       apply_spec_resource_limit ntt_kernel 
INFO-FLOW: Model list for preprocess: ntt_kernel_Pipeline_CACHE_TWIDDLES_LOOP ntt_kernel_Pipeline_CACHE_PSI_LOOP ntt_kernel_Pipeline_BURST_READ_LOOP ntt_kernel_Pipeline_PERMUTE_LOOP ntt_kernel_Pipeline_FLATTENED_BUTTERFLY_LOOP ntt_kernel_Pipeline_WRITE_BACK_LOOP ntt_kernel
INFO-FLOW: Preprocessing Module: ntt_kernel_Pipeline_CACHE_TWIDDLES_LOOP ...
Execute       set_default_model ntt_kernel_Pipeline_CACHE_TWIDDLES_LOOP 
Execute       cdfg_preprocess -model ntt_kernel_Pipeline_CACHE_TWIDDLES_LOOP 
Execute       rtl_gen_preprocess ntt_kernel_Pipeline_CACHE_TWIDDLES_LOOP 
INFO-FLOW: Preprocessing Module: ntt_kernel_Pipeline_CACHE_PSI_LOOP ...
Execute       set_default_model ntt_kernel_Pipeline_CACHE_PSI_LOOP 
Execute       cdfg_preprocess -model ntt_kernel_Pipeline_CACHE_PSI_LOOP 
Execute       rtl_gen_preprocess ntt_kernel_Pipeline_CACHE_PSI_LOOP 
INFO-FLOW: Preprocessing Module: ntt_kernel_Pipeline_BURST_READ_LOOP ...
Execute       set_default_model ntt_kernel_Pipeline_BURST_READ_LOOP 
Execute       cdfg_preprocess -model ntt_kernel_Pipeline_BURST_READ_LOOP 
Execute       rtl_gen_preprocess ntt_kernel_Pipeline_BURST_READ_LOOP 
INFO-FLOW: Preprocessing Module: ntt_kernel_Pipeline_PERMUTE_LOOP ...
Execute       set_default_model ntt_kernel_Pipeline_PERMUTE_LOOP 
Execute       cdfg_preprocess -model ntt_kernel_Pipeline_PERMUTE_LOOP 
Execute       rtl_gen_preprocess ntt_kernel_Pipeline_PERMUTE_LOOP 
INFO-FLOW: Preprocessing Module: ntt_kernel_Pipeline_FLATTENED_BUTTERFLY_LOOP ...
Execute       set_default_model ntt_kernel_Pipeline_FLATTENED_BUTTERFLY_LOOP 
Execute       cdfg_preprocess -model ntt_kernel_Pipeline_FLATTENED_BUTTERFLY_LOOP 
Execute       rtl_gen_preprocess ntt_kernel_Pipeline_FLATTENED_BUTTERFLY_LOOP 
INFO-FLOW: Preprocessing Module: ntt_kernel_Pipeline_WRITE_BACK_LOOP ...
Execute       set_default_model ntt_kernel_Pipeline_WRITE_BACK_LOOP 
Execute       cdfg_preprocess -model ntt_kernel_Pipeline_WRITE_BACK_LOOP 
Execute       rtl_gen_preprocess ntt_kernel_Pipeline_WRITE_BACK_LOOP 
INFO-FLOW: Preprocessing Module: ntt_kernel ...
Execute       set_default_model ntt_kernel 
Execute       cdfg_preprocess -model ntt_kernel 
Execute       rtl_gen_preprocess ntt_kernel 
INFO-FLOW: Model list for synthesis: ntt_kernel_Pipeline_CACHE_TWIDDLES_LOOP ntt_kernel_Pipeline_CACHE_PSI_LOOP ntt_kernel_Pipeline_BURST_READ_LOOP ntt_kernel_Pipeline_PERMUTE_LOOP ntt_kernel_Pipeline_FLATTENED_BUTTERFLY_LOOP ntt_kernel_Pipeline_WRITE_BACK_LOOP ntt_kernel
INFO: [HLS 200-10] ----------------------------------------------------------------
INFO: [HLS 200-42] -- Implementing module 'ntt_kernel_Pipeline_CACHE_TWIDDLES_LOOP' 
INFO: [HLS 200-10] ----------------------------------------------------------------
Execute       set_default_model ntt_kernel_Pipeline_CACHE_TWIDDLES_LOOP 
Execute       schedule -model ntt_kernel_Pipeline_CACHE_TWIDDLES_LOOP 
INFO: [SCHED 204-11] Starting scheduling ...
INFO: [SCHED 204-61] Pipelining loop 'CACHE_TWIDDLES_LOOP'.
INFO: [HLS 200-1470] Pipelining result : Target II = 1, Final II = 1, Depth = 3, loop 'CACHE_TWIDDLES_LOOP'
INFO: [SCHED 204-11] Finished scheduling.
INFO: [HLS 200-111] Finished Scheduling: CPU user time: 0.14 seconds. CPU system time: 0.06 seconds. Elapsed time: 0.22 seconds; current allocated memory: 396.066 MB.
Execute       syn_report -verbosereport -o /home/sg9109/Documents/hls-design/ntt-asic/.autopilot/db/ntt_kernel_Pipeline_CACHE_TWIDDLES_LOOP.verbose.sched.rpt 
Execute         list_part -family xck26-sfvc784-2LV-c 
Execute           ap_family_info -name xck26-sfvc784-2LV-c -data names 
Execute           ap_part_info -quiet -name xck26-sfvc784-2LV-c -data family 
Execute       db_write -o /home/sg9109/Documents/hls-design/ntt-asic/.autopilot/db/ntt_kernel_Pipeline_CACHE_TWIDDLES_LOOP.sched.adb -f 
INFO-FLOW: Finish scheduling ntt_kernel_Pipeline_CACHE_TWIDDLES_LOOP.
Execute       set_default_model ntt_kernel_Pipeline_CACHE_TWIDDLES_LOOP 
Execute       bind -model ntt_kernel_Pipeline_CACHE_TWIDDLES_LOOP 
INFO: [BIND 205-100] Starting micro-architecture generation ...
INFO: [BIND 205-101] Performing variable lifetime analysis.
INFO: [BIND 205-101] Exploring resource sharing.
INFO: [BIND 205-101] Binding ...
INFO: [BIND 205-100] Finished micro-architecture generation.
INFO: [HLS 200-111] Finished Binding: CPU user time: 0.03 seconds. CPU system time: 0.01 seconds. Elapsed time: 0.06 seconds; current allocated memory: 396.191 MB.
Execute       syn_report -verbosereport -o /home/sg9109/Documents/hls-design/ntt-asic/.autopilot/db/ntt_kernel_Pipeline_CACHE_TWIDDLES_LOOP.verbose.bind.rpt 
Execute         list_part -family xck26-sfvc784-2LV-c 
Execute           ap_family_info -name xck26-sfvc784-2LV-c -data names 
Execute           ap_part_info -quiet -name xck26-sfvc784-2LV-c -data family 
Execute       db_write -o /home/sg9109/Documents/hls-design/ntt-asic/.autopilot/db/ntt_kernel_Pipeline_CACHE_TWIDDLES_LOOP.bind.adb -f 
INFO-FLOW: Finish binding ntt_kernel_Pipeline_CACHE_TWIDDLES_LOOP.
INFO: [HLS 200-10] ----------------------------------------------------------------
INFO: [HLS 200-42] -- Implementing module 'ntt_kernel_Pipeline_CACHE_PSI_LOOP' 
INFO: [HLS 200-10] ----------------------------------------------------------------
Execute       set_default_model ntt_kernel_Pipeline_CACHE_PSI_LOOP 
Execute       schedule -model ntt_kernel_Pipeline_CACHE_PSI_LOOP 
INFO: [SCHED 204-11] Starting scheduling ...
INFO: [SCHED 204-61] Pipelining loop 'CACHE_PSI_LOOP'.
INFO: [HLS 200-1470] Pipelining result : Target II = 1, Final II = 1, Depth = 3, loop 'CACHE_PSI_LOOP'
INFO: [SCHED 204-11] Finished scheduling.
INFO: [HLS 200-111] Finished Scheduling: CPU user time: 0.04 seconds. CPU system time: 0.01 seconds. Elapsed time: 0.07 seconds; current allocated memory: 396.469 MB.
Execute       syn_report -verbosereport -o /home/sg9109/Documents/hls-design/ntt-asic/.autopilot/db/ntt_kernel_Pipeline_CACHE_PSI_LOOP.verbose.sched.rpt 
Execute         list_part -family xck26-sfvc784-2LV-c 
Execute           ap_family_info -name xck26-sfvc784-2LV-c -data names 
Execute           ap_part_info -quiet -name xck26-sfvc784-2LV-c -data family 
Execute       db_write -o /home/sg9109/Documents/hls-design/ntt-asic/.autopilot/db/ntt_kernel_Pipeline_CACHE_PSI_LOOP.sched.adb -f 
INFO-FLOW: Finish scheduling ntt_kernel_Pipeline_CACHE_PSI_LOOP.
Execute       set_default_model ntt_kernel_Pipeline_CACHE_PSI_LOOP 
Execute       bind -model ntt_kernel_Pipeline_CACHE_PSI_LOOP 
INFO: [BIND 205-100] Starting micro-architecture generation ...
INFO: [BIND 205-101] Performing variable lifetime analysis.
INFO: [BIND 205-101] Exploring resource sharing.
INFO: [BIND 205-101] Binding ...
INFO: [BIND 205-100] Finished micro-architecture generation.
INFO: [HLS 200-111] Finished Binding: CPU user time: 0.02 seconds. CPU system time: 0 seconds. Elapsed time: 0.04 seconds; current allocated memory: 396.586 MB.
Execute       syn_report -verbosereport -o /home/sg9109/Documents/hls-design/ntt-asic/.autopilot/db/ntt_kernel_Pipeline_CACHE_PSI_LOOP.verbose.bind.rpt 
Execute         list_part -family xck26-sfvc784-2LV-c 
Execute           ap_family_info -name xck26-sfvc784-2LV-c -data names 
Execute           ap_part_info -quiet -name xck26-sfvc784-2LV-c -data family 
Execute       db_write -o /home/sg9109/Documents/hls-design/ntt-asic/.autopilot/db/ntt_kernel_Pipeline_CACHE_PSI_LOOP.bind.adb -f 
INFO-FLOW: Finish binding ntt_kernel_Pipeline_CACHE_PSI_LOOP.
INFO: [HLS 200-10] ----------------------------------------------------------------
INFO: [HLS 200-42] -- Implementing module 'ntt_kernel_Pipeline_BURST_READ_LOOP' 
INFO: [HLS 200-10] ----------------------------------------------------------------
Execute       set_default_model ntt_kernel_Pipeline_BURST_READ_LOOP 
Execute       schedule -model ntt_kernel_Pipeline_BURST_READ_LOOP 
INFO: [SCHED 204-11] Starting scheduling ...
INFO: [SCHED 204-61] Pipelining loop 'BURST_READ_LOOP'.
INFO: [HLS 200-1470] Pipelining result : Target II = 1, Final II = 1, Depth = 3, loop 'BURST_READ_LOOP'
INFO: [SCHED 204-11] Finished scheduling.
INFO: [HLS 200-111] Finished Scheduling: CPU user time: 0.03 seconds. CPU system time: 0 seconds. Elapsed time: 0.06 seconds; current allocated memory: 396.852 MB.
Execute       syn_report -verbosereport -o /home/sg9109/Documents/hls-design/ntt-asic/.autopilot/db/ntt_kernel_Pipeline_BURST_READ_LOOP.verbose.sched.rpt 
Execute         list_part -family xck26-sfvc784-2LV-c 
Execute           ap_family_info -name xck26-sfvc784-2LV-c -data names 
Execute           ap_part_info -quiet -name xck26-sfvc784-2LV-c -data family 
Execute       db_write -o /home/sg9109/Documents/hls-design/ntt-asic/.autopilot/db/ntt_kernel_Pipeline_BURST_READ_LOOP.sched.adb -f 
INFO-FLOW: Finish scheduling ntt_kernel_Pipeline_BURST_READ_LOOP.
Execute       set_default_model ntt_kernel_Pipeline_BURST_READ_LOOP 
Execute       bind -model ntt_kernel_Pipeline_BURST_READ_LOOP 
INFO: [BIND 205-100] Starting micro-architecture generation ...
INFO: [BIND 205-101] Performing variable lifetime analysis.
INFO: [BIND 205-101] Exploring resource sharing.
INFO: [BIND 205-101] Binding ...
INFO: [BIND 205-100] Finished micro-architecture generation.
INFO: [HLS 200-111] Finished Binding: CPU user time: 0.02 seconds. CPU system time: 0.01 seconds. Elapsed time: 0.04 seconds; current allocated memory: 396.949 MB.
Execute       syn_report -verbosereport -o /home/sg9109/Documents/hls-design/ntt-asic/.autopilot/db/ntt_kernel_Pipeline_BURST_READ_LOOP.verbose.bind.rpt 
Execute         list_part -family xck26-sfvc784-2LV-c 
Execute           ap_family_info -name xck26-sfvc784-2LV-c -data names 
Execute           ap_part_info -quiet -name xck26-sfvc784-2LV-c -data family 
Execute       db_write -o /home/sg9109/Documents/hls-design/ntt-asic/.autopilot/db/ntt_kernel_Pipeline_BURST_READ_LOOP.bind.adb -f 
INFO-FLOW: Finish binding ntt_kernel_Pipeline_BURST_READ_LOOP.
INFO: [HLS 200-10] ----------------------------------------------------------------
INFO: [HLS 200-42] -- Implementing module 'ntt_kernel_Pipeline_PERMUTE_LOOP' 
INFO: [HLS 200-10] ----------------------------------------------------------------
Execute       set_default_model ntt_kernel_Pipeline_PERMUTE_LOOP 
Execute       schedule -model ntt_kernel_Pipeline_PERMUTE_LOOP 
INFO: [SCHED 204-11] Starting scheduling ...
INFO: [SCHED 204-61] Pipelining loop 'PERMUTE_LOOP'.
INFO: [HLS 200-1470] Pipelining result : Target II = 1, Final II = 1, Depth = 3, loop 'PERMUTE_LOOP'
INFO: [SCHED 204-11] Finished scheduling.
INFO: [HLS 200-111] Finished Scheduling: CPU user time: 0.03 seconds. CPU system time: 0 seconds. Elapsed time: 0.07 seconds; current allocated memory: 397.496 MB.
Execute       syn_report -verbosereport -o /home/sg9109/Documents/hls-design/ntt-asic/.autopilot/db/ntt_kernel_Pipeline_PERMUTE_LOOP.verbose.sched.rpt 
Execute         list_part -family xck26-sfvc784-2LV-c 
Execute           ap_family_info -name xck26-sfvc784-2LV-c -data names 
Execute           ap_part_info -quiet -name xck26-sfvc784-2LV-c -data family 
Execute       db_write -o /home/sg9109/Documents/hls-design/ntt-asic/.autopilot/db/ntt_kernel_Pipeline_PERMUTE_LOOP.sched.adb -f 
INFO-FLOW: Finish scheduling ntt_kernel_Pipeline_PERMUTE_LOOP.
Execute       set_default_model ntt_kernel_Pipeline_PERMUTE_LOOP 
Execute       bind -model ntt_kernel_Pipeline_PERMUTE_LOOP 
INFO: [BIND 205-100] Starting micro-architecture generation ...
INFO: [BIND 205-101] Performing variable lifetime analysis.
INFO: [BIND 205-101] Exploring resource sharing.
INFO: [BIND 205-101] Binding ...
INFO: [BIND 205-100] Finished micro-architecture generation.
INFO: [HLS 200-111] Finished Binding: CPU user time: 0.02 seconds. CPU system time: 0.01 seconds. Elapsed time: 0.04 seconds; current allocated memory: 397.656 MB.
Execute       syn_report -verbosereport -o /home/sg9109/Documents/hls-design/ntt-asic/.autopilot/db/ntt_kernel_Pipeline_PERMUTE_LOOP.verbose.bind.rpt 
Execute         list_part -family xck26-sfvc784-2LV-c 
Execute           ap_family_info -name xck26-sfvc784-2LV-c -data names 
Execute           ap_part_info -quiet -name xck26-sfvc784-2LV-c -data family 
Execute       db_write -o /home/sg9109/Documents/hls-design/ntt-asic/.autopilot/db/ntt_kernel_Pipeline_PERMUTE_LOOP.bind.adb -f 
INFO-FLOW: Finish binding ntt_kernel_Pipeline_PERMUTE_LOOP.
INFO: [HLS 200-10] ----------------------------------------------------------------
INFO: [HLS 200-42] -- Implementing module 'ntt_kernel_Pipeline_FLATTENED_BUTTERFLY_LOOP' 
INFO: [HLS 200-10] ----------------------------------------------------------------
Execute       set_default_model ntt_kernel_Pipeline_FLATTENED_BUTTERFLY_LOOP 
Execute       schedule -model ntt_kernel_Pipeline_FLATTENED_BUTTERFLY_LOOP 
INFO: [SCHED 204-11] Starting scheduling ...
INFO: [SCHED 204-61] Pipelining loop 'FLATTENED_BUTTERFLY_LOOP'.
WARNING: [HLS 200-880] The II Violation in module 'ntt_kernel_Pipeline_FLATTENED_BUTTERFLY_LOOP' (loop 'FLATTENED_BUTTERFLY_LOOP'): Unable to enforce a carried dependence constraint (II = 1, distance = 1, offset = 1) between 'store' operation 0 bit ('ping_addr_write_ln160', hls-design/ntt-kernel.cpp:160) of variable 'out_u', hls-design/ntt-kernel.cpp:11->hls-design/ntt-kernel.cpp:152 on array 'ping' and 'load' operation 32 bit ('ping_load', hls-design/ntt-kernel.cpp:144) on array 'ping'.
WARNING: [HLS 200-880] The II Violation in module 'ntt_kernel_Pipeline_FLATTENED_BUTTERFLY_LOOP' (loop 'FLATTENED_BUTTERFLY_LOOP'): Unable to enforce a carried dependence constraint (II = 2, distance = 1, offset = 1) between 'store' operation 0 bit ('ping_addr_1_write_ln161', hls-design/ntt-kernel.cpp:161) of variable 'out_v', hls-design/ntt-kernel.cpp:16->hls-design/ntt-kernel.cpp:153 on array 'ping' and 'load' operation 32 bit ('ping_load_1', hls-design/ntt-kernel.cpp:145) on array 'ping'.
WARNING: [HLS 200-880] The II Violation in module 'ntt_kernel_Pipeline_FLATTENED_BUTTERFLY_LOOP' (loop 'FLATTENED_BUTTERFLY_LOOP'): Unable to enforce a carried dependence constraint (II = 3, distance = 1, offset = 1) between 'store' operation 0 bit ('ping_addr_1_write_ln161', hls-design/ntt-kernel.cpp:161) of variable 'out_v', hls-design/ntt-kernel.cpp:16->hls-design/ntt-kernel.cpp:153 on array 'ping' and 'load' operation 32 bit ('ping_load_1', hls-design/ntt-kernel.cpp:145) on array 'ping'.
WARNING: [HLS 200-880] The II Violation in module 'ntt_kernel_Pipeline_FLATTENED_BUTTERFLY_LOOP' (loop 'FLATTENED_BUTTERFLY_LOOP'): Unable to enforce a carried dependence constraint (II = 4, distance = 1, offset = 1) between 'store' operation 0 bit ('ping_addr_1_write_ln161', hls-design/ntt-kernel.cpp:161) of variable 'out_v', hls-design/ntt-kernel.cpp:16->hls-design/ntt-kernel.cpp:153 on array 'ping' and 'load' operation 32 bit ('ping_load_1', hls-design/ntt-kernel.cpp:145) on array 'ping'.
WARNING: [HLS 200-880] The II Violation in module 'ntt_kernel_Pipeline_FLATTENED_BUTTERFLY_LOOP' (loop 'FLATTENED_BUTTERFLY_LOOP'): Unable to enforce a carried dependence constraint (II = 11, distance = 1, offset = 1) between 'store' operation 0 bit ('ping_addr_1_write_ln161', hls-design/ntt-kernel.cpp:161) of variable 'out_v', hls-design/ntt-kernel.cpp:16->hls-design/ntt-kernel.cpp:153 on array 'ping' and 'load' operation 32 bit ('ping_load_1', hls-design/ntt-kernel.cpp:145) on array 'ping'.
WARNING: [HLS 200-880] The II Violation in module 'ntt_kernel_Pipeline_FLATTENED_BUTTERFLY_LOOP' (loop 'FLATTENED_BUTTERFLY_LOOP'): Unable to enforce a carried dependence constraint (II = 15, distance = 1, offset = 1) between 'store' operation 0 bit ('ping_addr_4_write_ln160', hls-design/ntt-kernel.cpp:160) of variable 'out_u', hls-design/ntt-kernel.cpp:11->hls-design/ntt-kernel.cpp:152 on array 'ping' and 'load' operation 32 bit ('ping_load_1', hls-design/ntt-kernel.cpp:145) on array 'ping'.
WARNING: [HLS 200-880] The II Violation in module 'ntt_kernel_Pipeline_FLATTENED_BUTTERFLY_LOOP' (loop 'FLATTENED_BUTTERFLY_LOOP'): Unable to enforce a carried dependence constraint (II = 17, distance = 1, offset = 1) between 'store' operation 0 bit ('ping_addr_6_write_ln160', hls-design/ntt-kernel.cpp:160) of variable 'out_u', hls-design/ntt-kernel.cpp:11->hls-design/ntt-kernel.cpp:152 on array 'ping' and 'load' operation 32 bit ('ping_load_1', hls-design/ntt-kernel.cpp:145) on array 'ping'.
WARNING: [HLS 200-880] The II Violation in module 'ntt_kernel_Pipeline_FLATTENED_BUTTERFLY_LOOP' (loop 'FLATTENED_BUTTERFLY_LOOP'): Unable to enforce a carried dependence constraint (II = 18, distance = 1, offset = 1) between 'store' operation 0 bit ('ping_addr_7_write_ln161', hls-design/ntt-kernel.cpp:161) of variable 'out_v', hls-design/ntt-kernel.cpp:16->hls-design/ntt-kernel.cpp:153 on array 'ping' and 'load' operation 32 bit ('ping_load_1', hls-design/ntt-kernel.cpp:145) on array 'ping'.
INFO: [HLS 200-1470] Pipelining result : Target II = 1, Final II = 19, Depth = 19, loop 'FLATTENED_BUTTERFLY_LOOP'
INFO: [SCHED 204-11] Finished scheduling.
Command       schedule done; 0.73 sec.
INFO: [HLS 200-111] Finished Scheduling: CPU user time: 0.7 seconds. CPU system time: 0.01 seconds. Elapsed time: 0.76 seconds; current allocated memory: 411.230 MB.
Execute       syn_report -verbosereport -o /home/sg9109/Documents/hls-design/ntt-asic/.autopilot/db/ntt_kernel_Pipeline_FLATTENED_BUTTERFLY_LOOP.verbose.sched.rpt 
Execute         list_part -family xck26-sfvc784-2LV-c 
Execute           ap_family_info -name xck26-sfvc784-2LV-c -data names 
Execute           ap_part_info -quiet -name xck26-sfvc784-2LV-c -data family 
Execute       db_write -o /home/sg9109/Documents/hls-design/ntt-asic/.autopilot/db/ntt_kernel_Pipeline_FLATTENED_BUTTERFLY_LOOP.sched.adb -f 
INFO-FLOW: Finish scheduling ntt_kernel_Pipeline_FLATTENED_BUTTERFLY_LOOP.
Execute       set_default_model ntt_kernel_Pipeline_FLATTENED_BUTTERFLY_LOOP 
Execute       bind -model ntt_kernel_Pipeline_FLATTENED_BUTTERFLY_LOOP 
INFO: [BIND 205-100] Starting micro-architecture generation ...
INFO: [BIND 205-101] Performing variable lifetime analysis.
INFO: [BIND 205-101] Exploring resource sharing.
INFO: [BIND 205-101] Binding ...
INFO: [BIND 205-100] Finished micro-architecture generation.
INFO: [HLS 200-111] Finished Binding: CPU user time: 0.14 seconds. CPU system time: 0.01 seconds. Elapsed time: 0.18 seconds; current allocated memory: 411.230 MB.
Execute       syn_report -verbosereport -o /home/sg9109/Documents/hls-design/ntt-asic/.autopilot/db/ntt_kernel_Pipeline_FLATTENED_BUTTERFLY_LOOP.verbose.bind.rpt 
Execute         list_part -family xck26-sfvc784-2LV-c 
Execute           ap_family_info -name xck26-sfvc784-2LV-c -data names 
Execute           ap_part_info -quiet -name xck26-sfvc784-2LV-c -data family 
Execute       db_write -o /home/sg9109/Documents/hls-design/ntt-asic/.autopilot/db/ntt_kernel_Pipeline_FLATTENED_BUTTERFLY_LOOP.bind.adb -f 
INFO-FLOW: Finish binding ntt_kernel_Pipeline_FLATTENED_BUTTERFLY_LOOP.
INFO: [HLS 200-10] ----------------------------------------------------------------
INFO: [HLS 200-42] -- Implementing module 'ntt_kernel_Pipeline_WRITE_BACK_LOOP' 
INFO: [HLS 200-10] ----------------------------------------------------------------
Execute       set_default_model ntt_kernel_Pipeline_WRITE_BACK_LOOP 
Execute       schedule -model ntt_kernel_Pipeline_WRITE_BACK_LOOP 
INFO: [SCHED 204-11] Starting scheduling ...
INFO: [SCHED 204-61] Pipelining loop 'WRITE_BACK_LOOP'.
INFO: [HLS 200-1470] Pipelining result : Target II = 1, Final II = 1, Depth = 3, loop 'WRITE_BACK_LOOP'
INFO: [SCHED 204-11] Finished scheduling.
INFO: [HLS 200-111] Finished Scheduling: CPU user time: 0.1 seconds. CPU system time: 0.01 seconds. Elapsed time: 0.15 seconds; current allocated memory: 411.230 MB.
Execute       syn_report -verbosereport -o /home/sg9109/Documents/hls-design/ntt-asic/.autopilot/db/ntt_kernel_Pipeline_WRITE_BACK_LOOP.verbose.sched.rpt 
Execute         list_part -family xck26-sfvc784-2LV-c 
Execute           ap_family_info -name xck26-sfvc784-2LV-c -data names 
Execute           ap_part_info -quiet -name xck26-sfvc784-2LV-c -data family 
Execute       db_write -o /home/sg9109/Documents/hls-design/ntt-asic/.autopilot/db/ntt_kernel_Pipeline_WRITE_BACK_LOOP.sched.adb -f 
INFO-FLOW: Finish scheduling ntt_kernel_Pipeline_WRITE_BACK_LOOP.
Execute       set_default_model ntt_kernel_Pipeline_WRITE_BACK_LOOP 
Execute       bind -model ntt_kernel_Pipeline_WRITE_BACK_LOOP 
INFO: [BIND 205-100] Starting micro-architecture generation ...
INFO: [BIND 205-101] Performing variable lifetime analysis.
INFO: [BIND 205-101] Exploring resource sharing.
INFO: [BIND 205-101] Binding ...
INFO: [BIND 205-100] Finished micro-architecture generation.
INFO: [HLS 200-111] Finished Binding: CPU user time: 0.02 seconds. CPU system time: 0.01 seconds. Elapsed time: 0.04 seconds; current allocated memory: 411.230 MB.
Execute       syn_report -verbosereport -o /home/sg9109/Documents/hls-design/ntt-asic/.autopilot/db/ntt_kernel_Pipeline_WRITE_BACK_LOOP.verbose.bind.rpt 
Execute         list_part -family xck26-sfvc784-2LV-c 
Execute           ap_family_info -name xck26-sfvc784-2LV-c -data names 
Execute           ap_part_info -quiet -name xck26-sfvc784-2LV-c -data family 
Execute       db_write -o /home/sg9109/Documents/hls-design/ntt-asic/.autopilot/db/ntt_kernel_Pipeline_WRITE_BACK_LOOP.bind.adb -f 
INFO-FLOW: Finish binding ntt_kernel_Pipeline_WRITE_BACK_LOOP.
INFO: [HLS 200-10] ----------------------------------------------------------------
INFO: [HLS 200-42] -- Implementing module 'ntt_kernel' 
INFO: [HLS 200-10] ----------------------------------------------------------------
Execute       set_default_model ntt_kernel 
Execute       schedule -model ntt_kernel 
INFO: [SCHED 204-11] Starting scheduling ...
INFO: [SCHED 204-11] Finished scheduling.
INFO: [HLS 200-111] Finished Scheduling: CPU user time: 0.06 seconds. CPU system time: 0 seconds. Elapsed time: 0.09 seconds; current allocated memory: 411.230 MB.
Execute       syn_report -verbosereport -o /home/sg9109/Documents/hls-design/ntt-asic/.autopilot/db/ntt_kernel.verbose.sched.rpt 
Execute         list_part -family xck26-sfvc784-2LV-c 
Execute           ap_family_info -name xck26-sfvc784-2LV-c -data names 
Execute           ap_part_info -quiet -name xck26-sfvc784-2LV-c -data family 
Execute       db_write -o /home/sg9109/Documents/hls-design/ntt-asic/.autopilot/db/ntt_kernel.sched.adb -f 
INFO-FLOW: Finish scheduling ntt_kernel.
Execute       set_default_model ntt_kernel 
Execute       bind -model ntt_kernel 
INFO: [BIND 205-100] Starting micro-architecture generation ...
INFO: [BIND 205-101] Performing variable lifetime analysis.
INFO: [BIND 205-101] Exploring resource sharing.
INFO: [BIND 205-101] Binding ...
INFO: [BIND 205-100] Finished micro-architecture generation.
INFO: [HLS 200-111] Finished Binding: CPU user time: 0.04 seconds. CPU system time: 0 seconds. Elapsed time: 0.07 seconds; current allocated memory: 411.230 MB.
Execute       syn_report -verbosereport -o /home/sg9109/Documents/hls-design/ntt-asic/.autopilot/db/ntt_kernel.verbose.bind.rpt 
Execute         list_part -family xck26-sfvc784-2LV-c 
Execute           ap_family_info -name xck26-sfvc784-2LV-c -data names 
Execute           ap_part_info -quiet -name xck26-sfvc784-2LV-c -data family 
Execute       db_write -o /home/sg9109/Documents/hls-design/ntt-asic/.autopilot/db/ntt_kernel.bind.adb -f 
INFO-FLOW: Finish binding ntt_kernel.
Execute       get_model_list ntt_kernel -filter all-wo-channel 
INFO-FLOW: Preprocessing for RTLGen ...
Execute       rtl_gen_preprocess ntt_kernel_Pipeline_CACHE_TWIDDLES_LOOP 
Execute       rtl_gen_preprocess ntt_kernel_Pipeline_CACHE_PSI_LOOP 
Execute       rtl_gen_preprocess ntt_kernel_Pipeline_BURST_READ_LOOP 
Execute       rtl_gen_preprocess ntt_kernel_Pipeline_PERMUTE_LOOP 
Execute       rtl_gen_preprocess ntt_kernel_Pipeline_FLATTENED_BUTTERFLY_LOOP 
Execute       rtl_gen_preprocess ntt_kernel_Pipeline_WRITE_BACK_LOOP 
Execute       rtl_gen_preprocess ntt_kernel 
INFO-FLOW: Model list for RTL generation: ntt_kernel_Pipeline_CACHE_TWIDDLES_LOOP ntt_kernel_Pipeline_CACHE_PSI_LOOP ntt_kernel_Pipeline_BURST_READ_LOOP ntt_kernel_Pipeline_PERMUTE_LOOP ntt_kernel_Pipeline_FLATTENED_BUTTERFLY_LOOP ntt_kernel_Pipeline_WRITE_BACK_LOOP ntt_kernel
INFO: [HLS 200-10] ----------------------------------------------------------------
INFO: [HLS 200-10] -- Generating RTL for module 'ntt_kernel_Pipeline_CACHE_TWIDDLES_LOOP' 
INFO: [HLS 200-10] ----------------------------------------------------------------
Execute       create_rtl_model ntt_kernel_Pipeline_CACHE_TWIDDLES_LOOP -top_prefix ntt_kernel_ -sub_prefix ntt_kernel_ -mg_file /home/sg9109/Documents/hls-design/ntt-asic/.autopilot/db/ntt_kernel_Pipeline_CACHE_TWIDDLES_LOOP.compgen.tcl 
INFO: [HLS 200-1030] Apply Unified Pipeline Control on module 'ntt_kernel_Pipeline_CACHE_TWIDDLES_LOOP' pipeline 'CACHE_TWIDDLES_LOOP' pipeline type 'loop pipeline'
WARNING: [RTGEN 206-101] Setting dangling out port 'ntt_kernel_Pipeline_CACHE_TWIDDLES_LOOP/m_axi_gmem2_ARVALID' to 0.
WARNING: [RTGEN 206-101] Setting dangling out port 'ntt_kernel_Pipeline_CACHE_TWIDDLES_LOOP/m_axi_gmem2_ARADDR' to 0.
WARNING: [RTGEN 206-101] Setting dangling out port 'ntt_kernel_Pipeline_CACHE_TWIDDLES_LOOP/m_axi_gmem2_ARID' to 0.
WARNING: [RTGEN 206-101] Setting dangling out port 'ntt_kernel_Pipeline_CACHE_TWIDDLES_LOOP/m_axi_gmem2_ARLEN' to 0.
WARNING: [RTGEN 206-101] Setting dangling out port 'ntt_kernel_Pipeline_CACHE_TWIDDLES_LOOP/m_axi_gmem2_ARSIZE' to 0.
WARNING: [RTGEN 206-101] Setting dangling out port 'ntt_kernel_Pipeline_CACHE_TWIDDLES_LOOP/m_axi_gmem2_ARBURST' to 0.
WARNING: [RTGEN 206-101] Setting dangling out port 'ntt_kernel_Pipeline_CACHE_TWIDDLES_LOOP/m_axi_gmem2_ARLOCK' to 0.
WARNING: [RTGEN 206-101] Setting dangling out port 'ntt_kernel_Pipeline_CACHE_TWIDDLES_LOOP/m_axi_gmem2_ARCACHE' to 0.
WARNING: [RTGEN 206-101] Setting dangling out port 'ntt_kernel_Pipeline_CACHE_TWIDDLES_LOOP/m_axi_gmem2_ARPROT' to 0.
WARNING: [RTGEN 206-101] Setting dangling out port 'ntt_kernel_Pipeline_CACHE_TWIDDLES_LOOP/m_axi_gmem2_ARQOS' to 0.
WARNING: [RTGEN 206-101] Setting dangling out port 'ntt_kernel_Pipeline_CACHE_TWIDDLES_LOOP/m_axi_gmem2_ARREGION' to 0.
WARNING: [RTGEN 206-101] Setting dangling out port 'ntt_kernel_Pipeline_CACHE_TWIDDLES_LOOP/m_axi_gmem2_ARUSER' to 0.
INFO: [RTGEN 206-100] Finished creating RTL model for 'ntt_kernel_Pipeline_CACHE_TWIDDLES_LOOP'.
INFO: [HLS 200-111] Finished Creating RTL model: CPU user time: 0.06 seconds. CPU system time: 0.01 seconds. Elapsed time: 0.12 seconds; current allocated memory: 411.230 MB.
Execute       source /home/sg9109/Documents/hls-design/ntt-asic/.autopilot/db/ntt_kernel.rtl_wrap.cfg.tcl 
Execute       gen_rtl ntt_kernel_Pipeline_CACHE_TWIDDLES_LOOP -style xilinx -f -lang vhdl -o /home/sg9109/Documents/hls-design/ntt-asic/syn/vhdl/ntt_kernel_ntt_kernel_Pipeline_CACHE_TWIDDLES_LOOP 
Execute       gen_rtl ntt_kernel_Pipeline_CACHE_TWIDDLES_LOOP -style xilinx -f -lang vlog -o /home/sg9109/Documents/hls-design/ntt-asic/syn/verilog/ntt_kernel_ntt_kernel_Pipeline_CACHE_TWIDDLES_LOOP 
Execute       syn_report -csynth -model ntt_kernel_Pipeline_CACHE_TWIDDLES_LOOP -o /home/sg9109/Documents/hls-design/ntt-asic/syn/report/ntt_kernel_Pipeline_CACHE_TWIDDLES_LOOP_csynth.rpt 
Execute         list_part -family xck26-sfvc784-2LV-c 
Execute           ap_family_info -name xck26-sfvc784-2LV-c -data names 
Execute           ap_part_info -quiet -name xck26-sfvc784-2LV-c -data family 
Execute       syn_report -rtlxml -model ntt_kernel_Pipeline_CACHE_TWIDDLES_LOOP -o /home/sg9109/Documents/hls-design/ntt-asic/syn/report/ntt_kernel_Pipeline_CACHE_TWIDDLES_LOOP_csynth.xml 
Execute         list_part -family xck26-sfvc784-2LV-c 
Execute           ap_family_info -name xck26-sfvc784-2LV-c -data names 
Execute           ap_part_info -quiet -name xck26-sfvc784-2LV-c -data family 
Execute       syn_report -verbosereport -model ntt_kernel_Pipeline_CACHE_TWIDDLES_LOOP -o /home/sg9109/Documents/hls-design/ntt-asic/.autopilot/db/ntt_kernel_Pipeline_CACHE_TWIDDLES_LOOP.verbose.rpt 
Execute         list_part -family xck26-sfvc784-2LV-c 
Execute           ap_family_info -name xck26-sfvc784-2LV-c -data names 
Execute           ap_part_info -quiet -name xck26-sfvc784-2LV-c -data family 
Execute       db_write -model ntt_kernel_Pipeline_CACHE_TWIDDLES_LOOP -f -o /home/sg9109/Documents/hls-design/ntt-asic/.autopilot/db/ntt_kernel_Pipeline_CACHE_TWIDDLES_LOOP.adb 
Execute       db_write -model ntt_kernel_Pipeline_CACHE_TWIDDLES_LOOP -bindview -o /home/sg9109/Documents/hls-design/ntt-asic/.autopilot/db/design.bindinfo.xml 
Execute       gen_tb_info ntt_kernel_Pipeline_CACHE_TWIDDLES_LOOP -p /home/sg9109/Documents/hls-design/ntt-asic/.autopilot/db -o /home/sg9109/Documents/hls-design/ntt-asic/.autopilot/db/ntt_kernel_Pipeline_CACHE_TWIDDLES_LOOP 
INFO: [HLS 200-10] ----------------------------------------------------------------
INFO: [HLS 200-10] -- Generating RTL for module 'ntt_kernel_Pipeline_CACHE_PSI_LOOP' 
INFO: [HLS 200-10] ----------------------------------------------------------------
Execute       create_rtl_model ntt_kernel_Pipeline_CACHE_PSI_LOOP -top_prefix ntt_kernel_ -sub_prefix ntt_kernel_ -mg_file /home/sg9109/Documents/hls-design/ntt-asic/.autopilot/db/ntt_kernel_Pipeline_CACHE_PSI_LOOP.compgen.tcl 
INFO: [HLS 200-1030] Apply Unified Pipeline Control on module 'ntt_kernel_Pipeline_CACHE_PSI_LOOP' pipeline 'CACHE_PSI_LOOP' pipeline type 'loop pipeline'
WARNING: [RTGEN 206-101] Setting dangling out port 'ntt_kernel_Pipeline_CACHE_PSI_LOOP/m_axi_gmem1_ARVALID' to 0.
WARNING: [RTGEN 206-101] Setting dangling out port 'ntt_kernel_Pipeline_CACHE_PSI_LOOP/m_axi_gmem1_ARADDR' to 0.
WARNING: [RTGEN 206-101] Setting dangling out port 'ntt_kernel_Pipeline_CACHE_PSI_LOOP/m_axi_gmem1_ARID' to 0.
WARNING: [RTGEN 206-101] Setting dangling out port 'ntt_kernel_Pipeline_CACHE_PSI_LOOP/m_axi_gmem1_ARLEN' to 0.
WARNING: [RTGEN 206-101] Setting dangling out port 'ntt_kernel_Pipeline_CACHE_PSI_LOOP/m_axi_gmem1_ARSIZE' to 0.
WARNING: [RTGEN 206-101] Setting dangling out port 'ntt_kernel_Pipeline_CACHE_PSI_LOOP/m_axi_gmem1_ARBURST' to 0.
WARNING: [RTGEN 206-101] Setting dangling out port 'ntt_kernel_Pipeline_CACHE_PSI_LOOP/m_axi_gmem1_ARLOCK' to 0.
WARNING: [RTGEN 206-101] Setting dangling out port 'ntt_kernel_Pipeline_CACHE_PSI_LOOP/m_axi_gmem1_ARCACHE' to 0.
WARNING: [RTGEN 206-101] Setting dangling out port 'ntt_kernel_Pipeline_CACHE_PSI_LOOP/m_axi_gmem1_ARPROT' to 0.
WARNING: [RTGEN 206-101] Setting dangling out port 'ntt_kernel_Pipeline_CACHE_PSI_LOOP/m_axi_gmem1_ARQOS' to 0.
WARNING: [RTGEN 206-101] Setting dangling out port 'ntt_kernel_Pipeline_CACHE_PSI_LOOP/m_axi_gmem1_ARREGION' to 0.
WARNING: [RTGEN 206-101] Setting dangling out port 'ntt_kernel_Pipeline_CACHE_PSI_LOOP/m_axi_gmem1_ARUSER' to 0.
INFO: [RTGEN 206-100] Finished creating RTL model for 'ntt_kernel_Pipeline_CACHE_PSI_LOOP'.
INFO: [HLS 200-111] Finished Creating RTL model: CPU user time: 0.08 seconds. CPU system time: 0.01 seconds. Elapsed time: 0.14 seconds; current allocated memory: 411.230 MB.
Execute       source /home/sg9109/Documents/hls-design/ntt-asic/.autopilot/db/ntt_kernel.rtl_wrap.cfg.tcl 
Execute       gen_rtl ntt_kernel_Pipeline_CACHE_PSI_LOOP -style xilinx -f -lang vhdl -o /home/sg9109/Documents/hls-design/ntt-asic/syn/vhdl/ntt_kernel_ntt_kernel_Pipeline_CACHE_PSI_LOOP 
Execute       gen_rtl ntt_kernel_Pipeline_CACHE_PSI_LOOP -style xilinx -f -lang vlog -o /home/sg9109/Documents/hls-design/ntt-asic/syn/verilog/ntt_kernel_ntt_kernel_Pipeline_CACHE_PSI_LOOP 
Execute       syn_report -csynth -model ntt_kernel_Pipeline_CACHE_PSI_LOOP -o /home/sg9109/Documents/hls-design/ntt-asic/syn/report/ntt_kernel_Pipeline_CACHE_PSI_LOOP_csynth.rpt 
Execute         list_part -family xck26-sfvc784-2LV-c 
Execute           ap_family_info -name xck26-sfvc784-2LV-c -data names 
Execute           ap_part_info -quiet -name xck26-sfvc784-2LV-c -data family 
Execute       syn_report -rtlxml -model ntt_kernel_Pipeline_CACHE_PSI_LOOP -o /home/sg9109/Documents/hls-design/ntt-asic/syn/report/ntt_kernel_Pipeline_CACHE_PSI_LOOP_csynth.xml 
Execute         list_part -family xck26-sfvc784-2LV-c 
Execute           ap_family_info -name xck26-sfvc784-2LV-c -data names 
Execute           ap_part_info -quiet -name xck26-sfvc784-2LV-c -data family 
Execute       syn_report -verbosereport -model ntt_kernel_Pipeline_CACHE_PSI_LOOP -o /home/sg9109/Documents/hls-design/ntt-asic/.autopilot/db/ntt_kernel_Pipeline_CACHE_PSI_LOOP.verbose.rpt 
Execute         list_part -family xck26-sfvc784-2LV-c 
Execute           ap_family_info -name xck26-sfvc784-2LV-c -data names 
Execute           ap_part_info -quiet -name xck26-sfvc784-2LV-c -data family 
Execute       db_write -model ntt_kernel_Pipeline_CACHE_PSI_LOOP -f -o /home/sg9109/Documents/hls-design/ntt-asic/.autopilot/db/ntt_kernel_Pipeline_CACHE_PSI_LOOP.adb 
Execute       db_write -model ntt_kernel_Pipeline_CACHE_PSI_LOOP -bindview -o /home/sg9109/Documents/hls-design/ntt-asic/.autopilot/db/design.bindinfo.xml 
Execute       gen_tb_info ntt_kernel_Pipeline_CACHE_PSI_LOOP -p /home/sg9109/Documents/hls-design/ntt-asic/.autopilot/db -o /home/sg9109/Documents/hls-design/ntt-asic/.autopilot/db/ntt_kernel_Pipeline_CACHE_PSI_LOOP 
INFO: [HLS 200-10] ----------------------------------------------------------------
INFO: [HLS 200-10] -- Generating RTL for module 'ntt_kernel_Pipeline_BURST_READ_LOOP' 
INFO: [HLS 200-10] ----------------------------------------------------------------
Execute       create_rtl_model ntt_kernel_Pipeline_BURST_READ_LOOP -top_prefix ntt_kernel_ -sub_prefix ntt_kernel_ -mg_file /home/sg9109/Documents/hls-design/ntt-asic/.autopilot/db/ntt_kernel_Pipeline_BURST_READ_LOOP.compgen.tcl 
INFO: [HLS 200-1030] Apply Unified Pipeline Control on module 'ntt_kernel_Pipeline_BURST_READ_LOOP' pipeline 'BURST_READ_LOOP' pipeline type 'loop pipeline'
WARNING: [RTGEN 206-101] Setting dangling out port 'ntt_kernel_Pipeline_BURST_READ_LOOP/m_axi_gmem0_ARVALID' to 0.
WARNING: [RTGEN 206-101] Setting dangling out port 'ntt_kernel_Pipeline_BURST_READ_LOOP/m_axi_gmem0_ARADDR' to 0.
WARNING: [RTGEN 206-101] Setting dangling out port 'ntt_kernel_Pipeline_BURST_READ_LOOP/m_axi_gmem0_ARID' to 0.
WARNING: [RTGEN 206-101] Setting dangling out port 'ntt_kernel_Pipeline_BURST_READ_LOOP/m_axi_gmem0_ARLEN' to 0.
WARNING: [RTGEN 206-101] Setting dangling out port 'ntt_kernel_Pipeline_BURST_READ_LOOP/m_axi_gmem0_ARSIZE' to 0.
WARNING: [RTGEN 206-101] Setting dangling out port 'ntt_kernel_Pipeline_BURST_READ_LOOP/m_axi_gmem0_ARBURST' to 0.
WARNING: [RTGEN 206-101] Setting dangling out port 'ntt_kernel_Pipeline_BURST_READ_LOOP/m_axi_gmem0_ARLOCK' to 0.
WARNING: [RTGEN 206-101] Setting dangling out port 'ntt_kernel_Pipeline_BURST_READ_LOOP/m_axi_gmem0_ARCACHE' to 0.
WARNING: [RTGEN 206-101] Setting dangling out port 'ntt_kernel_Pipeline_BURST_READ_LOOP/m_axi_gmem0_ARPROT' to 0.
WARNING: [RTGEN 206-101] Setting dangling out port 'ntt_kernel_Pipeline_BURST_READ_LOOP/m_axi_gmem0_ARQOS' to 0.
WARNING: [RTGEN 206-101] Setting dangling out port 'ntt_kernel_Pipeline_BURST_READ_LOOP/m_axi_gmem0_ARREGION' to 0.
WARNING: [RTGEN 206-101] Setting dangling out port 'ntt_kernel_Pipeline_BURST_READ_LOOP/m_axi_gmem0_ARUSER' to 0.
INFO: [RTGEN 206-100] Finished creating RTL model for 'ntt_kernel_Pipeline_BURST_READ_LOOP'.
INFO: [HLS 200-111] Finished Creating RTL model: CPU user time: 0.06 seconds. CPU system time: 0.02 seconds. Elapsed time: 0.13 seconds; current allocated memory: 411.230 MB.
Execute       source /home/sg9109/Documents/hls-design/ntt-asic/.autopilot/db/ntt_kernel.rtl_wrap.cfg.tcl 
Execute       gen_rtl ntt_kernel_Pipeline_BURST_READ_LOOP -style xilinx -f -lang vhdl -o /home/sg9109/Documents/hls-design/ntt-asic/syn/vhdl/ntt_kernel_ntt_kernel_Pipeline_BURST_READ_LOOP 
Execute       gen_rtl ntt_kernel_Pipeline_BURST_READ_LOOP -style xilinx -f -lang vlog -o /home/sg9109/Documents/hls-design/ntt-asic/syn/verilog/ntt_kernel_ntt_kernel_Pipeline_BURST_READ_LOOP 
Execute       syn_report -csynth -model ntt_kernel_Pipeline_BURST_READ_LOOP -o /home/sg9109/Documents/hls-design/ntt-asic/syn/report/ntt_kernel_Pipeline_BURST_READ_LOOP_csynth.rpt 
Execute         list_part -family xck26-sfvc784-2LV-c 
Execute           ap_family_info -name xck26-sfvc784-2LV-c -data names 
Execute           ap_part_info -quiet -name xck26-sfvc784-2LV-c -data family 
Execute       syn_report -rtlxml -model ntt_kernel_Pipeline_BURST_READ_LOOP -o /home/sg9109/Documents/hls-design/ntt-asic/syn/report/ntt_kernel_Pipeline_BURST_READ_LOOP_csynth.xml 
Execute         list_part -family xck26-sfvc784-2LV-c 
Execute           ap_family_info -name xck26-sfvc784-2LV-c -data names 
Execute           ap_part_info -quiet -name xck26-sfvc784-2LV-c -data family 
Execute       syn_report -verbosereport -model ntt_kernel_Pipeline_BURST_READ_LOOP -o /home/sg9109/Documents/hls-design/ntt-asic/.autopilot/db/ntt_kernel_Pipeline_BURST_READ_LOOP.verbose.rpt 
Execute         list_part -family xck26-sfvc784-2LV-c 
Execute           ap_family_info -name xck26-sfvc784-2LV-c -data names 
Execute           ap_part_info -quiet -name xck26-sfvc784-2LV-c -data family 
Execute       db_write -model ntt_kernel_Pipeline_BURST_READ_LOOP -f -o /home/sg9109/Documents/hls-design/ntt-asic/.autopilot/db/ntt_kernel_Pipeline_BURST_READ_LOOP.adb 
Execute       db_write -model ntt_kernel_Pipeline_BURST_READ_LOOP -bindview -o /home/sg9109/Documents/hls-design/ntt-asic/.autopilot/db/design.bindinfo.xml 
Execute       gen_tb_info ntt_kernel_Pipeline_BURST_READ_LOOP -p /home/sg9109/Documents/hls-design/ntt-asic/.autopilot/db -o /home/sg9109/Documents/hls-design/ntt-asic/.autopilot/db/ntt_kernel_Pipeline_BURST_READ_LOOP 
INFO: [HLS 200-10] ----------------------------------------------------------------
INFO: [HLS 200-10] -- Generating RTL for module 'ntt_kernel_Pipeline_PERMUTE_LOOP' 
INFO: [HLS 200-10] ----------------------------------------------------------------
Execute       create_rtl_model ntt_kernel_Pipeline_PERMUTE_LOOP -top_prefix ntt_kernel_ -sub_prefix ntt_kernel_ -mg_file /home/sg9109/Documents/hls-design/ntt-asic/.autopilot/db/ntt_kernel_Pipeline_PERMUTE_LOOP.compgen.tcl 
INFO: [HLS 200-1030] Apply Unified Pipeline Control on module 'ntt_kernel_Pipeline_PERMUTE_LOOP' pipeline 'PERMUTE_LOOP' pipeline type 'loop pipeline'
INFO: [RTGEN 206-100] Finished creating RTL model for 'ntt_kernel_Pipeline_PERMUTE_LOOP'.
INFO: [HLS 200-111] Finished Creating RTL model: CPU user time: 0.05 seconds. CPU system time: 0.01 seconds. Elapsed time: 0.1 seconds; current allocated memory: 411.230 MB.
Execute       source /home/sg9109/Documents/hls-design/ntt-asic/.autopilot/db/ntt_kernel.rtl_wrap.cfg.tcl 
Execute       gen_rtl ntt_kernel_Pipeline_PERMUTE_LOOP -style xilinx -f -lang vhdl -o /home/sg9109/Documents/hls-design/ntt-asic/syn/vhdl/ntt_kernel_ntt_kernel_Pipeline_PERMUTE_LOOP 
Execute       gen_rtl ntt_kernel_Pipeline_PERMUTE_LOOP -style xilinx -f -lang vlog -o /home/sg9109/Documents/hls-design/ntt-asic/syn/verilog/ntt_kernel_ntt_kernel_Pipeline_PERMUTE_LOOP 
Execute       syn_report -csynth -model ntt_kernel_Pipeline_PERMUTE_LOOP -o /home/sg9109/Documents/hls-design/ntt-asic/syn/report/ntt_kernel_Pipeline_PERMUTE_LOOP_csynth.rpt 
Execute         list_part -family xck26-sfvc784-2LV-c 
Execute           ap_family_info -name xck26-sfvc784-2LV-c -data names 
Execute           ap_part_info -quiet -name xck26-sfvc784-2LV-c -data family 
Execute       syn_report -rtlxml -model ntt_kernel_Pipeline_PERMUTE_LOOP -o /home/sg9109/Documents/hls-design/ntt-asic/syn/report/ntt_kernel_Pipeline_PERMUTE_LOOP_csynth.xml 
Execute         list_part -family xck26-sfvc784-2LV-c 
Execute           ap_family_info -name xck26-sfvc784-2LV-c -data names 
Execute           ap_part_info -quiet -name xck26-sfvc784-2LV-c -data family 
Execute       syn_report -verbosereport -model ntt_kernel_Pipeline_PERMUTE_LOOP -o /home/sg9109/Documents/hls-design/ntt-asic/.autopilot/db/ntt_kernel_Pipeline_PERMUTE_LOOP.verbose.rpt 
Execute         list_part -family xck26-sfvc784-2LV-c 
Execute           ap_family_info -name xck26-sfvc784-2LV-c -data names 
Execute           ap_part_info -quiet -name xck26-sfvc784-2LV-c -data family 
Execute       db_write -model ntt_kernel_Pipeline_PERMUTE_LOOP -f -o /home/sg9109/Documents/hls-design/ntt-asic/.autopilot/db/ntt_kernel_Pipeline_PERMUTE_LOOP.adb 
Execute       db_write -model ntt_kernel_Pipeline_PERMUTE_LOOP -bindview -o /home/sg9109/Documents/hls-design/ntt-asic/.autopilot/db/design.bindinfo.xml 
Execute       gen_tb_info ntt_kernel_Pipeline_PERMUTE_LOOP -p /home/sg9109/Documents/hls-design/ntt-asic/.autopilot/db -o /home/sg9109/Documents/hls-design/ntt-asic/.autopilot/db/ntt_kernel_Pipeline_PERMUTE_LOOP 
INFO: [HLS 200-10] ----------------------------------------------------------------
INFO: [HLS 200-10] -- Generating RTL for module 'ntt_kernel_Pipeline_FLATTENED_BUTTERFLY_LOOP' 
INFO: [HLS 200-10] ----------------------------------------------------------------
Execute       create_rtl_model ntt_kernel_Pipeline_FLATTENED_BUTTERFLY_LOOP -top_prefix ntt_kernel_ -sub_prefix ntt_kernel_ -mg_file /home/sg9109/Documents/hls-design/ntt-asic/.autopilot/db/ntt_kernel_Pipeline_FLATTENED_BUTTERFLY_LOOP.compgen.tcl 
INFO: [RTGEN 206-100] Generating core module 'add_64ns_64ns_64_2_1': 4 instance(s).
INFO: [RTGEN 206-100] Generating core module 'mul_32ns_32ns_64_4_1': 1 instance(s).
INFO: [RTGEN 206-100] Generating core module 'mul_32s_32s_32_4_1': 1 instance(s).
INFO: [RTGEN 206-100] Generating core module 'sparsemux_17_3_32_1_1': 12 instance(s).
INFO: [RTGEN 206-100] Generating core module 'sparsemux_9_2_32_1_1': 4 instance(s).
INFO: [RTGEN 206-100] Generating core module 'sparsemux_9_3_32_1_1': 2 instance(s).
INFO: [RTGEN 206-100] Finished creating RTL model for 'ntt_kernel_Pipeline_FLATTENED_BUTTERFLY_LOOP'.
Command       create_rtl_model done; 0.2 sec.
INFO: [HLS 200-111] Finished Creating RTL model: CPU user time: 0.2 seconds. CPU system time: 0.01 seconds. Elapsed time: 0.28 seconds; current allocated memory: 416.387 MB.
Execute       source /home/sg9109/Documents/hls-design/ntt-asic/.autopilot/db/ntt_kernel.rtl_wrap.cfg.tcl 
Execute       gen_rtl ntt_kernel_Pipeline_FLATTENED_BUTTERFLY_LOOP -style xilinx -f -lang vhdl -o /home/sg9109/Documents/hls-design/ntt-asic/syn/vhdl/ntt_kernel_ntt_kernel_Pipeline_FLATTENED_BUTTERFLY_LOOP 
Execute       gen_rtl ntt_kernel_Pipeline_FLATTENED_BUTTERFLY_LOOP -style xilinx -f -lang vlog -o /home/sg9109/Documents/hls-design/ntt-asic/syn/verilog/ntt_kernel_ntt_kernel_Pipeline_FLATTENED_BUTTERFLY_LOOP 
Execute       syn_report -csynth -model ntt_kernel_Pipeline_FLATTENED_BUTTERFLY_LOOP -o /home/sg9109/Documents/hls-design/ntt-asic/syn/report/ntt_kernel_Pipeline_FLATTENED_BUTTERFLY_LOOP_csynth.rpt 
Execute         list_part -family xck26-sfvc784-2LV-c 
Execute           ap_family_info -name xck26-sfvc784-2LV-c -data names 
Execute           ap_part_info -quiet -name xck26-sfvc784-2LV-c -data family 
Execute       syn_report -rtlxml -model ntt_kernel_Pipeline_FLATTENED_BUTTERFLY_LOOP -o /home/sg9109/Documents/hls-design/ntt-asic/syn/report/ntt_kernel_Pipeline_FLATTENED_BUTTERFLY_LOOP_csynth.xml 
Execute         list_part -family xck26-sfvc784-2LV-c 
Execute           ap_family_info -name xck26-sfvc784-2LV-c -data names 
Execute           ap_part_info -quiet -name xck26-sfvc784-2LV-c -data family 
Execute       syn_report -verbosereport -model ntt_kernel_Pipeline_FLATTENED_BUTTERFLY_LOOP -o /home/sg9109/Documents/hls-design/ntt-asic/.autopilot/db/ntt_kernel_Pipeline_FLATTENED_BUTTERFLY_LOOP.verbose.rpt 
Execute         list_part -family xck26-sfvc784-2LV-c 
Execute           ap_family_info -name xck26-sfvc784-2LV-c -data names 
Execute           ap_part_info -quiet -name xck26-sfvc784-2LV-c -data family 
Execute       db_write -model ntt_kernel_Pipeline_FLATTENED_BUTTERFLY_LOOP -f -o /home/sg9109/Documents/hls-design/ntt-asic/.autopilot/db/ntt_kernel_Pipeline_FLATTENED_BUTTERFLY_LOOP.adb 
Execute       db_write -model ntt_kernel_Pipeline_FLATTENED_BUTTERFLY_LOOP -bindview -o /home/sg9109/Documents/hls-design/ntt-asic/.autopilot/db/design.bindinfo.xml 
Execute       gen_tb_info ntt_kernel_Pipeline_FLATTENED_BUTTERFLY_LOOP -p /home/sg9109/Documents/hls-design/ntt-asic/.autopilot/db -o /home/sg9109/Documents/hls-design/ntt-asic/.autopilot/db/ntt_kernel_Pipeline_FLATTENED_BUTTERFLY_LOOP 
INFO: [HLS 200-10] ----------------------------------------------------------------
INFO: [HLS 200-10] -- Generating RTL for module 'ntt_kernel_Pipeline_WRITE_BACK_LOOP' 
INFO: [HLS 200-10] ----------------------------------------------------------------
Execute       create_rtl_model ntt_kernel_Pipeline_WRITE_BACK_LOOP -top_prefix ntt_kernel_ -sub_prefix ntt_kernel_ -mg_file /home/sg9109/Documents/hls-design/ntt-asic/.autopilot/db/ntt_kernel_Pipeline_WRITE_BACK_LOOP.compgen.tcl 
INFO: [HLS 200-1030] Apply Unified Pipeline Control on module 'ntt_kernel_Pipeline_WRITE_BACK_LOOP' pipeline 'WRITE_BACK_LOOP' pipeline type 'loop pipeline'
WARNING: [RTGEN 206-101] Setting dangling out port 'ntt_kernel_Pipeline_WRITE_BACK_LOOP/m_axi_gmem0_AWVALID' to 0.
WARNING: [RTGEN 206-101] Setting dangling out port 'ntt_kernel_Pipeline_WRITE_BACK_LOOP/m_axi_gmem0_AWADDR' to 0.
WARNING: [RTGEN 206-101] Setting dangling out port 'ntt_kernel_Pipeline_WRITE_BACK_LOOP/m_axi_gmem0_AWID' to 0.
WARNING: [RTGEN 206-101] Setting dangling out port 'ntt_kernel_Pipeline_WRITE_BACK_LOOP/m_axi_gmem0_AWLEN' to 0.
WARNING: [RTGEN 206-101] Setting dangling out port 'ntt_kernel_Pipeline_WRITE_BACK_LOOP/m_axi_gmem0_AWSIZE' to 0.
WARNING: [RTGEN 206-101] Setting dangling out port 'ntt_kernel_Pipeline_WRITE_BACK_LOOP/m_axi_gmem0_AWBURST' to 0.
WARNING: [RTGEN 206-101] Setting dangling out port 'ntt_kernel_Pipeline_WRITE_BACK_LOOP/m_axi_gmem0_AWLOCK' to 0.
WARNING: [RTGEN 206-101] Setting dangling out port 'ntt_kernel_Pipeline_WRITE_BACK_LOOP/m_axi_gmem0_AWCACHE' to 0.
WARNING: [RTGEN 206-101] Setting dangling out port 'ntt_kernel_Pipeline_WRITE_BACK_LOOP/m_axi_gmem0_AWPROT' to 0.
WARNING: [RTGEN 206-101] Setting dangling out port 'ntt_kernel_Pipeline_WRITE_BACK_LOOP/m_axi_gmem0_AWQOS' to 0.
WARNING: [RTGEN 206-101] Setting dangling out port 'ntt_kernel_Pipeline_WRITE_BACK_LOOP/m_axi_gmem0_AWREGION' to 0.
WARNING: [RTGEN 206-101] Setting dangling out port 'ntt_kernel_Pipeline_WRITE_BACK_LOOP/m_axi_gmem0_AWUSER' to 0.
WARNING: [RTGEN 206-101] Setting dangling out port 'ntt_kernel_Pipeline_WRITE_BACK_LOOP/m_axi_gmem0_BREADY' to 0.
INFO: [RTGEN 206-100] Generating core module 'sparsemux_17_3_32_1_1': 2 instance(s).
INFO: [RTGEN 206-100] Finished creating RTL model for 'ntt_kernel_Pipeline_WRITE_BACK_LOOP'.
INFO: [HLS 200-111] Finished Creating RTL model: CPU user time: 0.32 seconds. CPU system time: 0.03 seconds. Elapsed time: 0.45 seconds; current allocated memory: 433.461 MB.
Execute       source /home/sg9109/Documents/hls-design/ntt-asic/.autopilot/db/ntt_kernel.rtl_wrap.cfg.tcl 
Execute       gen_rtl ntt_kernel_Pipeline_WRITE_BACK_LOOP -style xilinx -f -lang vhdl -o /home/sg9109/Documents/hls-design/ntt-asic/syn/vhdl/ntt_kernel_ntt_kernel_Pipeline_WRITE_BACK_LOOP 
Execute       gen_rtl ntt_kernel_Pipeline_WRITE_BACK_LOOP -style xilinx -f -lang vlog -o /home/sg9109/Documents/hls-design/ntt-asic/syn/verilog/ntt_kernel_ntt_kernel_Pipeline_WRITE_BACK_LOOP 
Execute       syn_report -csynth -model ntt_kernel_Pipeline_WRITE_BACK_LOOP -o /home/sg9109/Documents/hls-design/ntt-asic/syn/report/ntt_kernel_Pipeline_WRITE_BACK_LOOP_csynth.rpt 
Execute         list_part -family xck26-sfvc784-2LV-c 
Execute           ap_family_info -name xck26-sfvc784-2LV-c -data names 
Execute           ap_part_info -quiet -name xck26-sfvc784-2LV-c -data family 
Execute       syn_report -rtlxml -model ntt_kernel_Pipeline_WRITE_BACK_LOOP -o /home/sg9109/Documents/hls-design/ntt-asic/syn/report/ntt_kernel_Pipeline_WRITE_BACK_LOOP_csynth.xml 
Execute         list_part -family xck26-sfvc784-2LV-c 
Execute           ap_family_info -name xck26-sfvc784-2LV-c -data names 
Execute           ap_part_info -quiet -name xck26-sfvc784-2LV-c -data family 
Execute       syn_report -verbosereport -model ntt_kernel_Pipeline_WRITE_BACK_LOOP -o /home/sg9109/Documents/hls-design/ntt-asic/.autopilot/db/ntt_kernel_Pipeline_WRITE_BACK_LOOP.verbose.rpt 
Execute         list_part -family xck26-sfvc784-2LV-c 
Execute           ap_family_info -name xck26-sfvc784-2LV-c -data names 
Execute           ap_part_info -quiet -name xck26-sfvc784-2LV-c -data family 
Execute       db_write -model ntt_kernel_Pipeline_WRITE_BACK_LOOP -f -o /home/sg9109/Documents/hls-design/ntt-asic/.autopilot/db/ntt_kernel_Pipeline_WRITE_BACK_LOOP.adb 
Execute       db_write -model ntt_kernel_Pipeline_WRITE_BACK_LOOP -bindview -o /home/sg9109/Documents/hls-design/ntt-asic/.autopilot/db/design.bindinfo.xml 
Execute       gen_tb_info ntt_kernel_Pipeline_WRITE_BACK_LOOP -p /home/sg9109/Documents/hls-design/ntt-asic/.autopilot/db -o /home/sg9109/Documents/hls-design/ntt-asic/.autopilot/db/ntt_kernel_Pipeline_WRITE_BACK_LOOP 
INFO: [HLS 200-10] ----------------------------------------------------------------
INFO: [HLS 200-10] -- Generating RTL for module 'ntt_kernel' 
INFO: [HLS 200-10] ----------------------------------------------------------------
Execute       create_rtl_model ntt_kernel -top_prefix  -sub_prefix ntt_kernel_ -mg_file /home/sg9109/Documents/hls-design/ntt-asic/.autopilot/db/ntt_kernel.compgen.tcl 
WARNING: [RTGEN 206-101] Design contains AXI ports. Reset is fixed to synchronous and active low.
INFO: [RTGEN 206-500] Setting interface mode on port 'ntt_kernel/gmem0' to 'm_axi'.
INFO: [RTGEN 206-500] Setting interface mode on port 'ntt_kernel/gmem1' to 'm_axi'.
INFO: [RTGEN 206-500] Setting interface mode on port 'ntt_kernel/gmem2' to 'm_axi'.
INFO: [RTGEN 206-500] Setting interface mode on port 'ntt_kernel/x' to 's_axilite & ap_none'.
INFO: [RTGEN 206-500] Setting interface mode on port 'ntt_kernel/psi_powers' to 's_axilite & ap_none'.
INFO: [RTGEN 206-500] Setting interface mode on port 'ntt_kernel/twiddles' to 's_axilite & ap_none'.
INFO: [RTGEN 206-500] Setting interface mode on port 'ntt_kernel/q' to 's_axilite & ap_none'.
INFO: [RTGEN 206-500] Setting interface mode on port 'ntt_kernel/q_inv' to 's_axilite & ap_none'.
INFO: [RTGEN 206-500] Setting interface mode on port 'ntt_kernel/batch_size' to 's_axilite & ap_none'.
INFO: [RTGEN 206-500] Setting interface mode on port 'ntt_kernel/n' to 's_axilite & ap_none'.
INFO: [RTGEN 206-500] Setting interface mode on function 'ntt_kernel' to 's_axilite & ap_ctrl_hs'.
INFO: [RTGEN 206-100] Bundling port 'x', 'psi_powers', 'twiddles', 'q', 'q_inv', 'batch_size', 'n' to AXI-Lite port control.
INFO: [RTGEN 206-100] Finished creating RTL model for 'ntt_kernel'.
INFO: [RTMG 210-278] Implementing memory 'ntt_kernel_local_twiddles_RAM_2P_BRAM_1R1W' using block RAMs.
INFO: [RTMG 210-278] Implementing memory 'ntt_kernel_local_psi_RAM_2P_BRAM_1R1W' using block RAMs.
INFO: [RTMG 210-278] Implementing memory 'ntt_kernel_ping_RAM_2P_BRAM_1R1W' using block RAMs.
INFO: [RTMG 210-278] Implementing memory 'ntt_kernel_burst_buffer_RAM_AUTO_1R1W' using auto RAMs.
Command       create_rtl_model done; 0.17 sec.
INFO: [HLS 200-111] Finished Creating RTL model: CPU user time: 0.14 seconds. CPU system time: 0.02 seconds. Elapsed time: 0.27 seconds; current allocated memory: 436.379 MB.
Execute       source /home/sg9109/Documents/hls-design/ntt-asic/.autopilot/db/ntt_kernel.rtl_wrap.cfg.tcl 
Execute       gen_rtl ntt_kernel -istop -style xilinx -f -lang vhdl -o /home/sg9109/Documents/hls-design/ntt-asic/syn/vhdl/ntt_kernel 
Execute       gen_rtl ntt_kernel -istop -style xilinx -f -lang vlog -o /home/sg9109/Documents/hls-design/ntt-asic/syn/verilog/ntt_kernel 
Execute       syn_report -csynth -model ntt_kernel -o /home/sg9109/Documents/hls-design/ntt-asic/syn/report/ntt_kernel_csynth.rpt 
Execute         list_part -family xck26-sfvc784-2LV-c 
Execute           ap_family_info -name xck26-sfvc784-2LV-c -data names 
Execute           ap_part_info -quiet -name xck26-sfvc784-2LV-c -data family 
Execute       syn_report -rtlxml -model ntt_kernel -o /home/sg9109/Documents/hls-design/ntt-asic/syn/report/ntt_kernel_csynth.xml 
Execute         list_part -family xck26-sfvc784-2LV-c 
Execute           ap_family_info -name xck26-sfvc784-2LV-c -data names 
Execute           ap_part_info -quiet -name xck26-sfvc784-2LV-c -data family 
Execute       syn_report -verbosereport -model ntt_kernel -o /home/sg9109/Documents/hls-design/ntt-asic/.autopilot/db/ntt_kernel.verbose.rpt 
Execute         list_part -family xck26-sfvc784-2LV-c 
Execute           ap_family_info -name xck26-sfvc784-2LV-c -data names 
Execute           ap_part_info -quiet -name xck26-sfvc784-2LV-c -data family 
Execute       db_write -model ntt_kernel -f -o /home/sg9109/Documents/hls-design/ntt-asic/.autopilot/db/ntt_kernel.adb 
Execute       db_write -model ntt_kernel -bindview -o /home/sg9109/Documents/hls-design/ntt-asic/.autopilot/db/design.bindinfo.xml 
Execute       gen_tb_info ntt_kernel -p /home/sg9109/Documents/hls-design/ntt-asic/.autopilot/db -o /home/sg9109/Documents/hls-design/ntt-asic/.autopilot/db/ntt_kernel 
Execute       export_constraint_db -f -tool general -o /home/sg9109/Documents/hls-design/ntt-asic/.autopilot/db/ntt_kernel.constraint.tcl 
Execute       syn_report -designview -model ntt_kernel -o /home/sg9109/Documents/hls-design/ntt-asic/.autopilot/db/ntt_kernel.design.xml 
Execute       syn_report -csynthDesign -model ntt_kernel -o /home/sg9109/Documents/hls-design/ntt-asic/syn/report/csynth.rpt -MHOut /home/sg9109/Documents/hls-design/ntt-asic/.autopilot/db/kernel_module_hierarchy.tcl 
Execute         list_part -family xck26-sfvc784-2LV-c 
Execute           ap_family_info -name xck26-sfvc784-2LV-c -data names 
Execute           ap_part_info -quiet -name xck26-sfvc784-2LV-c -data family 
Execute       syn_report -wcfg -model ntt_kernel -o /home/sg9109/Documents/hls-design/ntt-asic/.autopilot/db/ntt_kernel_dataflow_ana.wcfg 
Execute       syn_report -protoinst -model ntt_kernel -o /home/sg9109/Documents/hls-design/ntt-asic/.autopilot/db/ntt_kernel.protoinst 
Execute       sc_get_clocks ntt_kernel 
Execute       sc_get_portdomain ntt_kernel 
INFO-FLOW: Model list for RTL component generation: ntt_kernel_Pipeline_CACHE_TWIDDLES_LOOP ntt_kernel_Pipeline_CACHE_PSI_LOOP ntt_kernel_Pipeline_BURST_READ_LOOP ntt_kernel_Pipeline_PERMUTE_LOOP ntt_kernel_Pipeline_FLATTENED_BUTTERFLY_LOOP ntt_kernel_Pipeline_WRITE_BACK_LOOP ntt_kernel
INFO-FLOW: Handling components in module [ntt_kernel_Pipeline_CACHE_TWIDDLES_LOOP] ... 
Execute       source /home/sg9109/Documents/hls-design/ntt-asic/.autopilot/db/ntt_kernel_Pipeline_CACHE_TWIDDLES_LOOP.compgen.tcl 
INFO-FLOW: Found component ntt_kernel_flow_control_loop_pipe_sequential_init.
INFO-FLOW: Append model ntt_kernel_flow_control_loop_pipe_sequential_init
INFO-FLOW: Handling components in module [ntt_kernel_Pipeline_CACHE_PSI_LOOP] ... 
Execute       source /home/sg9109/Documents/hls-design/ntt-asic/.autopilot/db/ntt_kernel_Pipeline_CACHE_PSI_LOOP.compgen.tcl 
INFO-FLOW: Found component ntt_kernel_flow_control_loop_pipe_sequential_init.
INFO-FLOW: Append model ntt_kernel_flow_control_loop_pipe_sequential_init
INFO-FLOW: Handling components in module [ntt_kernel_Pipeline_BURST_READ_LOOP] ... 
Execute       source /home/sg9109/Documents/hls-design/ntt-asic/.autopilot/db/ntt_kernel_Pipeline_BURST_READ_LOOP.compgen.tcl 
INFO-FLOW: Found component ntt_kernel_flow_control_loop_pipe_sequential_init.
INFO-FLOW: Append model ntt_kernel_flow_control_loop_pipe_sequential_init
INFO-FLOW: Handling components in module [ntt_kernel_Pipeline_PERMUTE_LOOP] ... 
Execute       source /home/sg9109/Documents/hls-design/ntt-asic/.autopilot/db/ntt_kernel_Pipeline_PERMUTE_LOOP.compgen.tcl 
INFO-FLOW: Found component ntt_kernel_flow_control_loop_pipe_sequential_init.
INFO-FLOW: Append model ntt_kernel_flow_control_loop_pipe_sequential_init
INFO-FLOW: Handling components in module [ntt_kernel_Pipeline_FLATTENED_BUTTERFLY_LOOP] ... 
Execute       source /home/sg9109/Documents/hls-design/ntt-asic/.autopilot/db/ntt_kernel_Pipeline_FLATTENED_BUTTERFLY_LOOP.compgen.tcl 
INFO-FLOW: Found component ntt_kernel_mul_32ns_32ns_64_4_1.
INFO-FLOW: Append model ntt_kernel_mul_32ns_32ns_64_4_1
INFO-FLOW: Found component ntt_kernel_mul_32s_32s_32_4_1.
INFO-FLOW: Append model ntt_kernel_mul_32s_32s_32_4_1
INFO-FLOW: Found component ntt_kernel_sparsemux_9_2_32_1_1.
INFO-FLOW: Append model ntt_kernel_sparsemux_9_2_32_1_1
INFO-FLOW: Found component ntt_kernel_sparsemux_17_3_32_1_1.
INFO-FLOW: Append model ntt_kernel_sparsemux_17_3_32_1_1
INFO-FLOW: Found component ntt_kernel_add_64ns_64ns_64_2_1.
INFO-FLOW: Append model ntt_kernel_add_64ns_64ns_64_2_1
INFO-FLOW: Found component ntt_kernel_sparsemux_9_3_32_1_1.
INFO-FLOW: Append model ntt_kernel_sparsemux_9_3_32_1_1
INFO-FLOW: Found component ntt_kernel_flow_control_loop_pipe_sequential_init.
INFO-FLOW: Append model ntt_kernel_flow_control_loop_pipe_sequential_init
INFO-FLOW: Handling components in module [ntt_kernel_Pipeline_WRITE_BACK_LOOP] ... 
Execute       source /home/sg9109/Documents/hls-design/ntt-asic/.autopilot/db/ntt_kernel_Pipeline_WRITE_BACK_LOOP.compgen.tcl 
INFO-FLOW: Found component ntt_kernel_flow_control_loop_pipe_sequential_init.
INFO-FLOW: Append model ntt_kernel_flow_control_loop_pipe_sequential_init
INFO-FLOW: Handling components in module [ntt_kernel] ... 
Execute       source /home/sg9109/Documents/hls-design/ntt-asic/.autopilot/db/ntt_kernel.compgen.tcl 
INFO-FLOW: Found component ntt_kernel_local_twiddles_RAM_2P_BRAM_1R1W.
INFO-FLOW: Append model ntt_kernel_local_twiddles_RAM_2P_BRAM_1R1W
INFO-FLOW: Found component ntt_kernel_local_psi_RAM_2P_BRAM_1R1W.
INFO-FLOW: Append model ntt_kernel_local_psi_RAM_2P_BRAM_1R1W
INFO-FLOW: Found component ntt_kernel_ping_RAM_2P_BRAM_1R1W.
INFO-FLOW: Append model ntt_kernel_ping_RAM_2P_BRAM_1R1W
INFO-FLOW: Found component ntt_kernel_burst_buffer_RAM_AUTO_1R1W.
INFO-FLOW: Append model ntt_kernel_burst_buffer_RAM_AUTO_1R1W
INFO-FLOW: Found component ntt_kernel_gmem0_m_axi.
INFO-FLOW: Append model ntt_kernel_gmem0_m_axi
INFO-FLOW: Found component ntt_kernel_gmem1_m_axi.
INFO-FLOW: Append model ntt_kernel_gmem1_m_axi
INFO-FLOW: Found component ntt_kernel_gmem2_m_axi.
INFO-FLOW: Append model ntt_kernel_gmem2_m_axi
INFO-FLOW: Found component ntt_kernel_control_s_axi.
INFO-FLOW: Append model ntt_kernel_control_s_axi
INFO-FLOW: Append model ntt_kernel_Pipeline_CACHE_TWIDDLES_LOOP
INFO-FLOW: Append model ntt_kernel_Pipeline_CACHE_PSI_LOOP
INFO-FLOW: Append model ntt_kernel_Pipeline_BURST_READ_LOOP
INFO-FLOW: Append model ntt_kernel_Pipeline_PERMUTE_LOOP
INFO-FLOW: Append model ntt_kernel_Pipeline_FLATTENED_BUTTERFLY_LOOP
INFO-FLOW: Append model ntt_kernel_Pipeline_WRITE_BACK_LOOP
INFO-FLOW: Append model ntt_kernel
INFO-FLOW: Generating RTL model list ...
INFO-FLOW: All models in this session: ntt_kernel_flow_control_loop_pipe_sequential_init ntt_kernel_flow_control_loop_pipe_sequential_init ntt_kernel_flow_control_loop_pipe_sequential_init ntt_kernel_flow_control_loop_pipe_sequential_init ntt_kernel_mul_32ns_32ns_64_4_1 ntt_kernel_mul_32s_32s_32_4_1 ntt_kernel_sparsemux_9_2_32_1_1 ntt_kernel_sparsemux_17_3_32_1_1 ntt_kernel_add_64ns_64ns_64_2_1 ntt_kernel_sparsemux_9_3_32_1_1 ntt_kernel_flow_control_loop_pipe_sequential_init ntt_kernel_flow_control_loop_pipe_sequential_init ntt_kernel_local_twiddles_RAM_2P_BRAM_1R1W ntt_kernel_local_psi_RAM_2P_BRAM_1R1W ntt_kernel_ping_RAM_2P_BRAM_1R1W ntt_kernel_burst_buffer_RAM_AUTO_1R1W ntt_kernel_gmem0_m_axi ntt_kernel_gmem1_m_axi ntt_kernel_gmem2_m_axi ntt_kernel_control_s_axi ntt_kernel_Pipeline_CACHE_TWIDDLES_LOOP ntt_kernel_Pipeline_CACHE_PSI_LOOP ntt_kernel_Pipeline_BURST_READ_LOOP ntt_kernel_Pipeline_PERMUTE_LOOP ntt_kernel_Pipeline_FLATTENED_BUTTERFLY_LOOP ntt_kernel_Pipeline_WRITE_BACK_LOOP ntt_kernel
INFO-FLOW: Generating /home/sg9109/Documents/hls-design/ntt-asic/.autopilot/db/autopilot.rtl.models.txt file...
INFO-FLOW: To file: write model ntt_kernel_flow_control_loop_pipe_sequential_init
INFO-FLOW: To file: write model ntt_kernel_flow_control_loop_pipe_sequential_init
INFO-FLOW: To file: write model ntt_kernel_flow_control_loop_pipe_sequential_init
INFO-FLOW: To file: write model ntt_kernel_flow_control_loop_pipe_sequential_init
INFO-FLOW: To file: write model ntt_kernel_mul_32ns_32ns_64_4_1
INFO-FLOW: To file: write model ntt_kernel_mul_32s_32s_32_4_1
INFO-FLOW: To file: write model ntt_kernel_sparsemux_9_2_32_1_1
INFO-FLOW: To file: write model ntt_kernel_sparsemux_17_3_32_1_1
INFO-FLOW: To file: write model ntt_kernel_add_64ns_64ns_64_2_1
INFO-FLOW: To file: write model ntt_kernel_sparsemux_9_3_32_1_1
INFO-FLOW: To file: write model ntt_kernel_flow_control_loop_pipe_sequential_init
INFO-FLOW: To file: write model ntt_kernel_flow_control_loop_pipe_sequential_init
INFO-FLOW: To file: write model ntt_kernel_local_twiddles_RAM_2P_BRAM_1R1W
INFO-FLOW: To file: write model ntt_kernel_local_psi_RAM_2P_BRAM_1R1W
INFO-FLOW: To file: write model ntt_kernel_ping_RAM_2P_BRAM_1R1W
INFO-FLOW: To file: write model ntt_kernel_burst_buffer_RAM_AUTO_1R1W
INFO-FLOW: To file: write model ntt_kernel_gmem0_m_axi
INFO-FLOW: To file: write model ntt_kernel_gmem1_m_axi
INFO-FLOW: To file: write model ntt_kernel_gmem2_m_axi
INFO-FLOW: To file: write model ntt_kernel_control_s_axi
INFO-FLOW: To file: write model ntt_kernel_Pipeline_CACHE_TWIDDLES_LOOP
INFO-FLOW: To file: write model ntt_kernel_Pipeline_CACHE_PSI_LOOP
INFO-FLOW: To file: write model ntt_kernel_Pipeline_BURST_READ_LOOP
INFO-FLOW: To file: write model ntt_kernel_Pipeline_PERMUTE_LOOP
INFO-FLOW: To file: write model ntt_kernel_Pipeline_FLATTENED_BUTTERFLY_LOOP
INFO-FLOW: To file: write model ntt_kernel_Pipeline_WRITE_BACK_LOOP
INFO-FLOW: To file: write model ntt_kernel
INFO-FLOW: Generating /home/sg9109/Documents/hls-design/ntt-asic/.autopilot/db/autopilot.rtl.models.tcl file...
INFO-FLOW: Finished generating RTL model list.


INFO-FLOW: RTL Generation done.
INFO-FLOW: CAS Generation done.
INFO-FLOW: CBC Generation done.
INFO-FLOW: DBG:PROC: ::AESL_AUTOMG::auto_generate_csynth_design
INFO-FLOW: DBG:PUTS: read_platform_lib /home/sg9109/Documents/hls-design/ntt-asic/.autopilot/db/global.setting.tcl
Execute       source /eda/xilinx/Vitis_HLS/2023.2/common/technology/generic/autopilot/common.gen 
Execute         source /eda/xilinx/Vitis_HLS/2023.2/common/technology/generic/autopilot/APCoreGen.gen 
Execute       source /eda/xilinx/Vitis_HLS/2023.2/common/technology/generic/autopilot/op.gen 
Execute       source /eda/xilinx/Vitis_HLS/2023.2/common/technology/generic/autopilot/op_simcore.gen 
Execute       source /eda/xilinx/Vitis_HLS/2023.2/common/technology/generic/autopilot/interface.gen 
Execute       source /home/sg9109/Documents/hls-design/ntt-asic/.autopilot/db/global.setting.tcl 
Execute       source /eda/xilinx/Vitis_HLS/2023.2/common/technology/xilinx/common/xilinx.gen 
Execute         source /eda/xilinx/Vitis_HLS/2023.2/common/technology/xilinx/interface/plb46.gen 
Execute         source /eda/xilinx/Vitis_HLS/2023.2/common/technology/xilinx/interface/axi4.gen 
Execute         source /eda/xilinx/Vitis_HLS/2023.2/common/technology/xilinx/interface/nativeAXI4.gen 
Execute           source /eda/xilinx/Vitis_HLS/2023.2/common/technology/xilinx/interface/saxilite.gen 
Execute         source /eda/xilinx/Vitis_HLS/2023.2/common/technology/xilinx/scripts/xilinxcoregen.gen 
Execute         source /eda/xilinx/Vitis_HLS/2023.2/common/technology/xilinx/interface/XilEDKCoreGen.gen 
Execute         source /eda/xilinx/Vitis_HLS/2023.2/common/technology/xilinx/ip/dds_compiler.gen 
Execute         source /eda/xilinx/Vitis_HLS/2023.2/common/technology/xilinx/ip/util.gen 
Execute         source /eda/xilinx/Vitis_HLS/2023.2/common/technology/xilinx/ip/xfft.gen 
Execute         source /eda/xilinx/Vitis_HLS/2023.2/common/technology/xilinx/ip/xfir.gen 
Execute         source /eda/xilinx/Vitis_HLS/2023.2/common/technology/xilinx/DSP48/dsp48.gen 
INFO-FLOW: DBG:PUTS:   using AESL_AUTOCG::g_clock_period=10 (was NA)
INFO-FLOW: DBG:PROC: ::AESL_AUTOMG::generate_ip_cores gen_sim_model='1' gen_fp_models='0' gen_for_export='0' dstSCDir='' dstVhdlDir='/home/sg9109/Documents/hls-design/ntt-asic/.autopilot/db/vhdl' dstVlogDir='/home/sg9109/Documents/hls-design/ntt-asic/.autopilot/db/vlog' tclDir='/home/sg9109/Documents/hls-design/ntt-asic/.autopilot/db' modelList='ntt_kernel_flow_control_loop_pipe_sequential_init
ntt_kernel_flow_control_loop_pipe_sequential_init
ntt_kernel_flow_control_loop_pipe_sequential_init
ntt_kernel_flow_control_loop_pipe_sequential_init
ntt_kernel_mul_32ns_32ns_64_4_1
ntt_kernel_mul_32s_32s_32_4_1
ntt_kernel_sparsemux_9_2_32_1_1
ntt_kernel_sparsemux_17_3_32_1_1
ntt_kernel_add_64ns_64ns_64_2_1
ntt_kernel_sparsemux_9_3_32_1_1
ntt_kernel_flow_control_loop_pipe_sequential_init
ntt_kernel_flow_control_loop_pipe_sequential_init
ntt_kernel_local_twiddles_RAM_2P_BRAM_1R1W
ntt_kernel_local_psi_RAM_2P_BRAM_1R1W
ntt_kernel_ping_RAM_2P_BRAM_1R1W
ntt_kernel_burst_buffer_RAM_AUTO_1R1W
ntt_kernel_gmem0_m_axi
ntt_kernel_gmem1_m_axi
ntt_kernel_gmem2_m_axi
ntt_kernel_control_s_axi
ntt_kernel_Pipeline_CACHE_TWIDDLES_LOOP
ntt_kernel_Pipeline_CACHE_PSI_LOOP
ntt_kernel_Pipeline_BURST_READ_LOOP
ntt_kernel_Pipeline_PERMUTE_LOOP
ntt_kernel_Pipeline_FLATTENED_BUTTERFLY_LOOP
ntt_kernel_Pipeline_WRITE_BACK_LOOP
ntt_kernel
' expOnly='0'
Execute       source /home/sg9109/Documents/hls-design/ntt-asic/.autopilot/db/global.setting.tcl 
Execute       ap_part_info -name xck26-sfvc784-2LV-c -data names -quiet 
Execute       ap_part_info -name xck26-sfvc784-2LV-c -data info -quiet 
Execute       source /home/sg9109/Documents/hls-design/ntt-asic/.autopilot/db/global.setting.tcl 
Execute       source /home/sg9109/Documents/hls-design/ntt-asic/.autopilot/db/global.setting.tcl 
Execute       source /home/sg9109/Documents/hls-design/ntt-asic/.autopilot/db/ntt_kernel_Pipeline_CACHE_TWIDDLES_LOOP.compgen.tcl 
Execute       source /home/sg9109/Documents/hls-design/ntt-asic/.autopilot/db/ntt_kernel_Pipeline_CACHE_PSI_LOOP.compgen.tcl 
Execute       source /home/sg9109/Documents/hls-design/ntt-asic/.autopilot/db/ntt_kernel_Pipeline_BURST_READ_LOOP.compgen.tcl 
Execute       source /home/sg9109/Documents/hls-design/ntt-asic/.autopilot/db/ntt_kernel_Pipeline_PERMUTE_LOOP.compgen.tcl 
Execute       source /home/sg9109/Documents/hls-design/ntt-asic/.autopilot/db/ntt_kernel_Pipeline_FLATTENED_BUTTERFLY_LOOP.compgen.tcl 
Execute       source /home/sg9109/Documents/hls-design/ntt-asic/.autopilot/db/ntt_kernel_Pipeline_WRITE_BACK_LOOP.compgen.tcl 
Execute       source /home/sg9109/Documents/hls-design/ntt-asic/.autopilot/db/ntt_kernel.compgen.tcl 
Execute         source ./control.slave.tcl 
INFO: [HLS 200-111] Finished Generating all RTL models: CPU user time: 0.34 seconds. CPU system time: 0.1 seconds. Elapsed time: 0.86 seconds; current allocated memory: 442.246 MB.
INFO-FLOW: DBG:PROC: ::HLSREPORTS::create_csynth_xml bind_info_var='bind_info' RtlSubPrefix='ntt_kernel_' outfile=''
INFO-FLOW: Running: create_csynth_xml read xml data
INFO-FLOW: Done: create_csynth_xml read xml data time: 0 seconds per iteration
INFO-FLOW: Running: create_csynth_xml bind info
INFO-FLOW: Done: create_csynth_xml bind info time: 0 seconds per iteration
INFO-FLOW: Running: create_csynth_xml config info
INFO-FLOW: Done: create_csynth_xml config info time: 0.2 seconds per iteration
INFO-FLOW: Running: create_csynth_xml write xml
INFO-FLOW: Done: create_csynth_xml write xml time: 0 seconds per iteration
INFO-FLOW: DBG:PUTS:      create_csynth_xml wrote csynth_xml=/home/sg9109/Documents/hls-design/ntt-asic/syn/report/csynth.xml
INFO-FLOW: DBG:PROC: ::AP::DESIGN_DATA::generate_json generate_bd_files='0' generate_xo_files='0' modelList='ntt_kernel_flow_control_loop_pipe_sequential_init
ntt_kernel_flow_control_loop_pipe_sequential_init
ntt_kernel_flow_control_loop_pipe_sequential_init
ntt_kernel_flow_control_loop_pipe_sequential_init
ntt_kernel_mul_32ns_32ns_64_4_1
ntt_kernel_mul_32s_32s_32_4_1
ntt_kernel_sparsemux_9_2_32_1_1
ntt_kernel_sparsemux_17_3_32_1_1
ntt_kernel_add_64ns_64ns_64_2_1
ntt_kernel_sparsemux_9_3_32_1_1
ntt_kernel_flow_control_loop_pipe_sequential_init
ntt_kernel_flow_control_loop_pipe_sequential_init
ntt_kernel_local_twiddles_RAM_2P_BRAM_1R1W
ntt_kernel_local_psi_RAM_2P_BRAM_1R1W
ntt_kernel_ping_RAM_2P_BRAM_1R1W
ntt_kernel_burst_buffer_RAM_AUTO_1R1W
ntt_kernel_gmem0_m_axi
ntt_kernel_gmem1_m_axi
ntt_kernel_gmem2_m_axi
ntt_kernel_control_s_axi
ntt_kernel_Pipeline_CACHE_TWIDDLES_LOOP
ntt_kernel_Pipeline_CACHE_PSI_LOOP
ntt_kernel_Pipeline_BURST_READ_LOOP
ntt_kernel_Pipeline_PERMUTE_LOOP
ntt_kernel_Pipeline_FLATTENED_BUTTERFLY_LOOP
ntt_kernel_Pipeline_WRITE_BACK_LOOP
ntt_kernel
' rtl_lang='both' bootstrap_tcl='false' outdir='' outfilename=''
Execute       source /home/sg9109/Documents/hls-design/ntt-asic/.autopilot/db/global.setting.tcl 
Execute       source /home/sg9109/Documents/hls-design/ntt-asic/.autopilot/db/global.setting.tcl 
Execute       source /home/sg9109/Documents/hls-design/ntt-asic/.autopilot/db/top-io-be.tcl 
Execute       source /home/sg9109/Documents/hls-design/ntt-asic/.autopilot/db/ntt_kernel.tbgen.tcl 
Execute       source /home/sg9109/Documents/hls-design/ntt-asic/.autopilot/db/ntt_kernel.compgen.dataonly.tcl 
Execute       source /home/sg9109/Documents/hls-design/ntt-asic/.autopilot/db/ntt_kernel.compgen.dataonly.tcl 
Execute       source /home/sg9109/Documents/hls-design/ntt-asic/.autopilot/db/ntt_kernel.rtl_wrap.cfg.tcl 
Execute       source /home/sg9109/Documents/hls-design/ntt-asic/.autopilot/db/ntt_kernel.compgen.dataonly.tcl 
Execute       source /home/sg9109/Documents/hls-design/ntt-asic/.autopilot/db/ntt_kernel_Pipeline_CACHE_TWIDDLES_LOOP.tbgen.tcl 
Execute       source /home/sg9109/Documents/hls-design/ntt-asic/.autopilot/db/ntt_kernel_Pipeline_CACHE_PSI_LOOP.tbgen.tcl 
Execute       source /home/sg9109/Documents/hls-design/ntt-asic/.autopilot/db/ntt_kernel_Pipeline_BURST_READ_LOOP.tbgen.tcl 
Execute       source /home/sg9109/Documents/hls-design/ntt-asic/.autopilot/db/ntt_kernel_Pipeline_PERMUTE_LOOP.tbgen.tcl 
Execute       source /home/sg9109/Documents/hls-design/ntt-asic/.autopilot/db/ntt_kernel_Pipeline_FLATTENED_BUTTERFLY_LOOP.tbgen.tcl 
Execute       source /home/sg9109/Documents/hls-design/ntt-asic/.autopilot/db/ntt_kernel_Pipeline_WRITE_BACK_LOOP.tbgen.tcl 
Execute       source /home/sg9109/Documents/hls-design/ntt-asic/.autopilot/db/ntt_kernel.tbgen.tcl 
Execute       source /home/sg9109/Documents/hls-design/ntt-asic/.autopilot/db/global.setting.tcl 
Execute       ap_part_info -name xck26-sfvc784-2LV-c -data names -quiet 
Execute       ap_part_info -name xck26-sfvc784-2LV-c -data info -quiet 
Execute       source /home/sg9109/Documents/hls-design/ntt-asic/.autopilot/db/ntt_kernel.constraint.tcl 
Execute       sc_get_clocks ntt_kernel 
Execute       source /home/sg9109/Documents/hls-design/ntt-asic/.autopilot/db/global.setting.tcl 
INFO-FLOW: DBG:PROC: ::HLSREPORTS::add_csynth_report_sections bind_info_dict='adapter_nodes {{BINDTYPE adapter ID {} IMPL {} LATENCY {} OPTYPE {} PRAGMA {} RTLNAME control_s_axi_U SOURCE {} VARIABLE {} LOOP {} BUNDLEDNAME control DSP 0 BRAM 0 URAM 0 STORAGESUBTYPE s_axilite STORAGESIZE {} STORAGEUSAGE interface DISPNAME {bind_adapter }} {BINDTYPE adapter ID {} IMPL {} LATENCY {} OPTYPE {} PRAGMA {} RTLNAME gmem0_m_axi_U SOURCE {} VARIABLE {} LOOP {} BUNDLEDNAME gmem0 DSP 0 BRAM 4 URAM 0 STORAGESUBTYPE m_axi STORAGESIZE {} STORAGEUSAGE interface DISPNAME {bind_adapter }} {BINDTYPE adapter ID {} IMPL {} LATENCY {} OPTYPE {} PRAGMA {} RTLNAME gmem1_m_axi_U SOURCE {} VARIABLE {} LOOP {} BUNDLEDNAME gmem1 DSP 0 BRAM 4 URAM 0 STORAGESUBTYPE m_axi STORAGESIZE {} STORAGEUSAGE interface DISPNAME {bind_adapter }} {BINDTYPE adapter ID {} IMPL {} LATENCY {} OPTYPE {} PRAGMA {} RTLNAME gmem2_m_axi_U SOURCE {} VARIABLE {} LOOP {} BUNDLEDNAME gmem2 DSP 0 BRAM 4 URAM 0 STORAGESUBTYPE m_axi STORAGESIZE {} STORAGEUSAGE interface DISPNAME {bind_adapter }}} report_dict {TOPINST ntt_kernel MODULE2INSTS {ntt_kernel ntt_kernel ntt_kernel_Pipeline_CACHE_TWIDDLES_LOOP grp_ntt_kernel_Pipeline_CACHE_TWIDDLES_LOOP_fu_343 ntt_kernel_Pipeline_CACHE_PSI_LOOP grp_ntt_kernel_Pipeline_CACHE_PSI_LOOP_fu_355 ntt_kernel_Pipeline_BURST_READ_LOOP grp_ntt_kernel_Pipeline_BURST_READ_LOOP_fu_364 ntt_kernel_Pipeline_PERMUTE_LOOP grp_ntt_kernel_Pipeline_PERMUTE_LOOP_fu_373 ntt_kernel_Pipeline_FLATTENED_BUTTERFLY_LOOP grp_ntt_kernel_Pipeline_FLATTENED_BUTTERFLY_LOOP_fu_388 ntt_kernel_Pipeline_WRITE_BACK_LOOP grp_ntt_kernel_Pipeline_WRITE_BACK_LOOP_fu_423} INST2MODULE {ntt_kernel ntt_kernel grp_ntt_kernel_Pipeline_CACHE_TWIDDLES_LOOP_fu_343 ntt_kernel_Pipeline_CACHE_TWIDDLES_LOOP grp_ntt_kernel_Pipeline_CACHE_PSI_LOOP_fu_355 ntt_kernel_Pipeline_CACHE_PSI_LOOP grp_ntt_kernel_Pipeline_BURST_READ_LOOP_fu_364 ntt_kernel_Pipeline_BURST_READ_LOOP grp_ntt_kernel_Pipeline_PERMUTE_LOOP_fu_373 ntt_kernel_Pipeline_PERMUTE_LOOP grp_ntt_kernel_Pipeline_FLATTENED_BUTTERFLY_LOOP_fu_388 ntt_kernel_Pipeline_FLATTENED_BUTTERFLY_LOOP grp_ntt_kernel_Pipeline_WRITE_BACK_LOOP_fu_423 ntt_kernel_Pipeline_WRITE_BACK_LOOP} INSTDATA {ntt_kernel {DEPTH 1 CHILDREN {grp_ntt_kernel_Pipeline_CACHE_TWIDDLES_LOOP_fu_343 grp_ntt_kernel_Pipeline_CACHE_PSI_LOOP_fu_355 grp_ntt_kernel_Pipeline_BURST_READ_LOOP_fu_364 grp_ntt_kernel_Pipeline_PERMUTE_LOOP_fu_373 grp_ntt_kernel_Pipeline_FLATTENED_BUTTERFLY_LOOP_fu_388 grp_ntt_kernel_Pipeline_WRITE_BACK_LOOP_fu_423}} grp_ntt_kernel_Pipeline_CACHE_TWIDDLES_LOOP_fu_343 {DEPTH 2 CHILDREN {}} grp_ntt_kernel_Pipeline_CACHE_PSI_LOOP_fu_355 {DEPTH 2 CHILDREN {}} grp_ntt_kernel_Pipeline_BURST_READ_LOOP_fu_364 {DEPTH 2 CHILDREN {}} grp_ntt_kernel_Pipeline_PERMUTE_LOOP_fu_373 {DEPTH 2 CHILDREN {}} grp_ntt_kernel_Pipeline_FLATTENED_BUTTERFLY_LOOP_fu_388 {DEPTH 2 CHILDREN {}} grp_ntt_kernel_Pipeline_WRITE_BACK_LOOP_fu_423 {DEPTH 2 CHILDREN {}}} MODULEDATA {ntt_kernel_Pipeline_CACHE_TWIDDLES_LOOP {BINDINFO {{BINDTYPE op ID {} IMPL fabric LATENCY 0 OPTYPE add PRAGMA {} RTLNAME add_ln87_fu_193_p2 SOURCE hls-design/ntt-kernel.cpp:87 VARIABLE add_ln87 LOOP CACHE_TWIDDLES_LOOP BUNDLEDNAME {} DSP 0 BRAM 0 URAM 0 STORAGESUBTYPE {} DISPNAME {bind_op add}}} AREA {DSP 0 BRAM 0 URAM 0}} ntt_kernel_Pipeline_CACHE_PSI_LOOP {BINDINFO {{BINDTYPE op ID {} IMPL fabric LATENCY 0 OPTYPE add PRAGMA {} RTLNAME add_ln94_fu_124_p2 SOURCE hls-design/ntt-kernel.cpp:94 VARIABLE add_ln94 LOOP CACHE_PSI_LOOP BUNDLEDNAME {} DSP 0 BRAM 0 URAM 0 STORAGESUBTYPE {} DISPNAME {bind_op add}}} AREA {DSP 0 BRAM 0 URAM 0}} ntt_kernel_Pipeline_BURST_READ_LOOP {BINDINFO {{BINDTYPE op ID {} IMPL fabric LATENCY 0 OPTYPE add PRAGMA {} RTLNAME add_ln106_fu_112_p2 SOURCE hls-design/ntt-kernel.cpp:106 VARIABLE add_ln106 LOOP BURST_READ_LOOP BUNDLEDNAME {} DSP 0 BRAM 0 URAM 0 STORAGESUBTYPE {} DISPNAME {bind_op add}}} AREA {DSP 0 BRAM 0 URAM 0}} ntt_kernel_Pipeline_PERMUTE_LOOP {BINDINFO {{BINDTYPE op ID {} IMPL fabric LATENCY 0 OPTYPE add PRAGMA {} RTLNAME add_ln113_fu_276_p2 SOURCE hls-design/ntt-kernel.cpp:113 VARIABLE add_ln113 LOOP PERMUTE_LOOP BUNDLEDNAME {} DSP 0 BRAM 0 URAM 0 STORAGESUBTYPE {} DISPNAME {bind_op add}}} AREA {DSP 0 BRAM 0 URAM 0}} ntt_kernel_Pipeline_FLATTENED_BUTTERFLY_LOOP {BINDINFO {{BINDTYPE op ID {} IMPL fabric LATENCY 0 OPTYPE sub PRAGMA {} RTLNAME sub_ln136_fu_1598_p2 SOURCE hls-design/ntt-kernel.cpp:136 VARIABLE sub_ln136 LOOP FLATTENED_BUTTERFLY_LOOP BUNDLEDNAME {} DSP 0 BRAM 0 URAM 0 STORAGESUBTYPE {} DISPNAME {bind_op sub}} {BINDTYPE op ID {} IMPL fabric LATENCY 0 OPTYPE add PRAGMA {} RTLNAME idx1_fu_1622_p2 SOURCE hls-design/ntt-kernel.cpp:137 VARIABLE idx1 LOOP FLATTENED_BUTTERFLY_LOOP BUNDLEDNAME {} DSP 0 BRAM 0 URAM 0 STORAGESUBTYPE {} DISPNAME {bind_op add}} {BINDTYPE op ID {} IMPL fabric LATENCY 0 OPTYPE add PRAGMA {} RTLNAME add_ln139_fu_1692_p2 SOURCE hls-design/ntt-kernel.cpp:139 VARIABLE add_ln139 LOOP FLATTENED_BUTTERFLY_LOOP BUNDLEDNAME {} DSP 0 BRAM 0 URAM 0 STORAGESUBTYPE {} DISPNAME {bind_op add}} {BINDTYPE op ID {} IMPL dsp LATENCY 0 OPTYPE mul PRAGMA yes RTLNAME mul_32ns_32ns_64_4_1_U27 SOURCE hls-design/ntt-kernel.cpp:24 VARIABLE ab LOOP FLATTENED_BUTTERFLY_LOOP BUNDLEDNAME {} DSP 4 BRAM 0 URAM 0 STORAGESUBTYPE {} DISPNAME {bind_op mul}} {BINDTYPE op ID {} IMPL dsp LATENCY 0 OPTYPE mul PRAGMA yes RTLNAME mul_32s_32s_32_4_1_U28 SOURCE hls-design/ntt-kernel.cpp:29 VARIABLE m LOOP FLATTENED_BUTTERFLY_LOOP BUNDLEDNAME {} DSP 3 BRAM 0 URAM 0 STORAGESUBTYPE {} DISPNAME {bind_op mul}} {BINDTYPE op ID {} IMPL dsp LATENCY 0 OPTYPE mul PRAGMA yes RTLNAME mul_32ns_32ns_64_4_1_U27 SOURCE hls-design/ntt-kernel.cpp:33 VARIABLE mq LOOP FLATTENED_BUTTERFLY_LOOP BUNDLEDNAME {} DSP 4 BRAM 0 URAM 0 STORAGESUBTYPE {} DISPNAME {bind_op mul}} {BINDTYPE op ID {} IMPL fabric LATENCY 0 OPTYPE add PRAGMA yes RTLNAME add_64ns_64ns_64_2_1_U41 SOURCE hls-design/ntt-kernel.cpp:37 VARIABLE sum LOOP FLATTENED_BUTTERFLY_LOOP BUNDLEDNAME {} DSP 0 BRAM 0 URAM 0 STORAGESUBTYPE {} DISPNAME {bind_op add}} {BINDTYPE op ID {} IMPL fabric LATENCY 0 OPTYPE sub PRAGMA {} RTLNAME sub_ln44_fu_2729_p2 SOURCE hls-design/ntt-kernel.cpp:44 VARIABLE sub_ln44 LOOP FLATTENED_BUTTERFLY_LOOP BUNDLEDNAME {} DSP 0 BRAM 0 URAM 0 STORAGESUBTYPE {} DISPNAME {bind_op sub}} {BINDTYPE op ID {} IMPL fabric LATENCY 0 OPTYPE add PRAGMA {} RTLNAME res_fu_2742_p2 SOURCE hls-design/ntt-kernel.cpp:10 VARIABLE res LOOP FLATTENED_BUTTERFLY_LOOP BUNDLEDNAME {} DSP 0 BRAM 0 URAM 0 STORAGESUBTYPE {} DISPNAME {bind_op add}} {BINDTYPE op ID {} IMPL fabric LATENCY 0 OPTYPE sub PRAGMA {} RTLNAME sub_ln11_fu_2771_p2 SOURCE hls-design/ntt-kernel.cpp:11 VARIABLE sub_ln11 LOOP FLATTENED_BUTTERFLY_LOOP BUNDLEDNAME {} DSP 0 BRAM 0 URAM 0 STORAGESUBTYPE {} DISPNAME {bind_op sub}} {BINDTYPE op ID {} IMPL fabric LATENCY 0 OPTYPE add PRAGMA {} RTLNAME add_ln16_fu_2794_p2 SOURCE hls-design/ntt-kernel.cpp:16 VARIABLE add_ln16 LOOP FLATTENED_BUTTERFLY_LOOP BUNDLEDNAME {} DSP 0 BRAM 0 URAM 0 STORAGESUBTYPE {} DISPNAME {bind_op add}} {BINDTYPE op ID {} IMPL fabric LATENCY 0 OPTYPE sub PRAGMA {} RTLNAME out_v_fu_2807_p2 SOURCE hls-design/ntt-kernel.cpp:16 VARIABLE out_v LOOP FLATTENED_BUTTERFLY_LOOP BUNDLEDNAME {} DSP 0 BRAM 0 URAM 0 STORAGESUBTYPE {} DISPNAME {bind_op sub}} {BINDTYPE op ID {} IMPL fabric LATENCY 0 OPTYPE add PRAGMA {} RTLNAME idx1_1_fu_1768_p2 SOURCE hls-design/ntt-kernel.cpp:137 VARIABLE idx1_1 LOOP FLATTENED_BUTTERFLY_LOOP BUNDLEDNAME {} DSP 0 BRAM 0 URAM 0 STORAGESUBTYPE {} DISPNAME {bind_op add}} {BINDTYPE op ID {} IMPL fabric LATENCY 0 OPTYPE add PRAGMA {} RTLNAME add_ln139_1_fu_1834_p2 SOURCE hls-design/ntt-kernel.cpp:139 VARIABLE add_ln139_1 LOOP FLATTENED_BUTTERFLY_LOOP BUNDLEDNAME {} DSP 0 BRAM 0 URAM 0 STORAGESUBTYPE {} DISPNAME {bind_op add}} {BINDTYPE op ID {} IMPL dsp LATENCY 0 OPTYPE mul PRAGMA yes RTLNAME mul_32ns_32ns_64_4_1_U27 SOURCE hls-design/ntt-kernel.cpp:24 VARIABLE ab_1 LOOP FLATTENED_BUTTERFLY_LOOP BUNDLEDNAME {} DSP 4 BRAM 0 URAM 0 STORAGESUBTYPE {} DISPNAME {bind_op mul}} {BINDTYPE op ID {} IMPL dsp LATENCY 0 OPTYPE mul PRAGMA yes RTLNAME mul_32s_32s_32_4_1_U28 SOURCE hls-design/ntt-kernel.cpp:29 VARIABLE m_1 LOOP FLATTENED_BUTTERFLY_LOOP BUNDLEDNAME {} DSP 3 BRAM 0 URAM 0 STORAGESUBTYPE {} DISPNAME {bind_op mul}} {BINDTYPE op ID {} IMPL dsp LATENCY 0 OPTYPE mul PRAGMA yes RTLNAME mul_32ns_32ns_64_4_1_U27 SOURCE hls-design/ntt-kernel.cpp:33 VARIABLE mq_1 LOOP FLATTENED_BUTTERFLY_LOOP BUNDLEDNAME {} DSP 4 BRAM 0 URAM 0 STORAGESUBTYPE {} DISPNAME {bind_op mul}} {BINDTYPE op ID {} IMPL fabric LATENCY 0 OPTYPE add PRAGMA yes RTLNAME add_64ns_64ns_64_2_1_U42 SOURCE hls-design/ntt-kernel.cpp:37 VARIABLE sum_1 LOOP FLATTENED_BUTTERFLY_LOOP BUNDLEDNAME {} DSP 0 BRAM 0 URAM 0 STORAGESUBTYPE {} DISPNAME {bind_op add}} {BINDTYPE op ID {} IMPL fabric LATENCY 0 OPTYPE sub PRAGMA {} RTLNAME sub_ln44_1_fu_2943_p2 SOURCE hls-design/ntt-kernel.cpp:44 VARIABLE sub_ln44_1 LOOP FLATTENED_BUTTERFLY_LOOP BUNDLEDNAME {} DSP 0 BRAM 0 URAM 0 STORAGESUBTYPE {} DISPNAME {bind_op sub}} {BINDTYPE op ID {} IMPL fabric LATENCY 0 OPTYPE add PRAGMA {} RTLNAME res_1_fu_2956_p2 SOURCE hls-design/ntt-kernel.cpp:10 VARIABLE res_1 LOOP FLATTENED_BUTTERFLY_LOOP BUNDLEDNAME {} DSP 0 BRAM 0 URAM 0 STORAGESUBTYPE {} DISPNAME {bind_op add}} {BINDTYPE op ID {} IMPL fabric LATENCY 0 OPTYPE sub PRAGMA {} RTLNAME sub_ln11_1_fu_2985_p2 SOURCE hls-design/ntt-kernel.cpp:11 VARIABLE sub_ln11_1 LOOP FLATTENED_BUTTERFLY_LOOP BUNDLEDNAME {} DSP 0 BRAM 0 URAM 0 STORAGESUBTYPE {} DISPNAME {bind_op sub}} {BINDTYPE op ID {} IMPL fabric LATENCY 0 OPTYPE add PRAGMA {} RTLNAME add_ln16_1_fu_3020_p2 SOURCE hls-design/ntt-kernel.cpp:16 VARIABLE add_ln16_1 LOOP FLATTENED_BUTTERFLY_LOOP BUNDLEDNAME {} DSP 0 BRAM 0 URAM 0 STORAGESUBTYPE {} DISPNAME {bind_op add}} {BINDTYPE op ID {} IMPL fabric LATENCY 0 OPTYPE sub PRAGMA {} RTLNAME out_v_1_fu_3033_p2 SOURCE hls-design/ntt-kernel.cpp:16 VARIABLE out_v_1 LOOP FLATTENED_BUTTERFLY_LOOP BUNDLEDNAME {} DSP 0 BRAM 0 URAM 0 STORAGESUBTYPE {} DISPNAME {bind_op sub}} {BINDTYPE op ID {} IMPL fabric LATENCY 0 OPTYPE add PRAGMA {} RTLNAME idx1_2_fu_2077_p2 SOURCE hls-design/ntt-kernel.cpp:137 VARIABLE idx1_2 LOOP FLATTENED_BUTTERFLY_LOOP BUNDLEDNAME {} DSP 0 BRAM 0 URAM 0 STORAGESUBTYPE {} DISPNAME {bind_op add}} {BINDTYPE op ID {} IMPL fabric LATENCY 0 OPTYPE add PRAGMA {} RTLNAME add_ln139_2_fu_2146_p2 SOURCE hls-design/ntt-kernel.cpp:139 VARIABLE add_ln139_2 LOOP FLATTENED_BUTTERFLY_LOOP BUNDLEDNAME {} DSP 0 BRAM 0 URAM 0 STORAGESUBTYPE {} DISPNAME {bind_op add}} {BINDTYPE op ID {} IMPL dsp LATENCY 0 OPTYPE mul PRAGMA yes RTLNAME mul_32ns_32ns_64_4_1_U27 SOURCE hls-design/ntt-kernel.cpp:24 VARIABLE ab_2 LOOP FLATTENED_BUTTERFLY_LOOP BUNDLEDNAME {} DSP 4 BRAM 0 URAM 0 STORAGESUBTYPE {} DISPNAME {bind_op mul}} {BINDTYPE op ID {} IMPL dsp LATENCY 0 OPTYPE mul PRAGMA yes RTLNAME mul_32s_32s_32_4_1_U28 SOURCE hls-design/ntt-kernel.cpp:29 VARIABLE m_2 LOOP FLATTENED_BUTTERFLY_LOOP BUNDLEDNAME {} DSP 3 BRAM 0 URAM 0 STORAGESUBTYPE {} DISPNAME {bind_op mul}} {BINDTYPE op ID {} IMPL dsp LATENCY 0 OPTYPE mul PRAGMA yes RTLNAME mul_32ns_32ns_64_4_1_U27 SOURCE hls-design/ntt-kernel.cpp:33 VARIABLE mq_2 LOOP FLATTENED_BUTTERFLY_LOOP BUNDLEDNAME {} DSP 4 BRAM 0 URAM 0 STORAGESUBTYPE {} DISPNAME {bind_op mul}} {BINDTYPE op ID {} IMPL fabric LATENCY 0 OPTYPE add PRAGMA yes RTLNAME add_64ns_64ns_64_2_1_U45 SOURCE hls-design/ntt-kernel.cpp:37 VARIABLE sum_2 LOOP FLATTENED_BUTTERFLY_LOOP BUNDLEDNAME {} DSP 0 BRAM 0 URAM 0 STORAGESUBTYPE {} DISPNAME {bind_op add}} {BINDTYPE op ID {} IMPL fabric LATENCY 0 OPTYPE sub PRAGMA {} RTLNAME sub_ln44_2_fu_3124_p2 SOURCE hls-design/ntt-kernel.cpp:44 VARIABLE sub_ln44_2 LOOP FLATTENED_BUTTERFLY_LOOP BUNDLEDNAME {} DSP 0 BRAM 0 URAM 0 STORAGESUBTYPE {} DISPNAME {bind_op sub}} {BINDTYPE op ID {} IMPL fabric LATENCY 0 OPTYPE add PRAGMA {} RTLNAME res_2_fu_3137_p2 SOURCE hls-design/ntt-kernel.cpp:10 VARIABLE res_2 LOOP FLATTENED_BUTTERFLY_LOOP BUNDLEDNAME {} DSP 0 BRAM 0 URAM 0 STORAGESUBTYPE {} DISPNAME {bind_op add}} {BINDTYPE op ID {} IMPL fabric LATENCY 0 OPTYPE sub PRAGMA {} RTLNAME sub_ln11_2_fu_3166_p2 SOURCE hls-design/ntt-kernel.cpp:11 VARIABLE sub_ln11_2 LOOP FLATTENED_BUTTERFLY_LOOP BUNDLEDNAME {} DSP 0 BRAM 0 URAM 0 STORAGESUBTYPE {} DISPNAME {bind_op sub}} {BINDTYPE op ID {} IMPL fabric LATENCY 0 OPTYPE add PRAGMA {} RTLNAME add_ln16_2_fu_3193_p2 SOURCE hls-design/ntt-kernel.cpp:16 VARIABLE add_ln16_2 LOOP FLATTENED_BUTTERFLY_LOOP BUNDLEDNAME {} DSP 0 BRAM 0 URAM 0 STORAGESUBTYPE {} DISPNAME {bind_op add}} {BINDTYPE op ID {} IMPL fabric LATENCY 0 OPTYPE sub PRAGMA {} RTLNAME out_v_2_fu_3206_p2 SOURCE hls-design/ntt-kernel.cpp:16 VARIABLE out_v_2 LOOP FLATTENED_BUTTERFLY_LOOP BUNDLEDNAME {} DSP 0 BRAM 0 URAM 0 STORAGESUBTYPE {} DISPNAME {bind_op sub}} {BINDTYPE op ID {} IMPL fabric LATENCY 0 OPTYPE add PRAGMA {} RTLNAME idx1_3_fu_2190_p2 SOURCE hls-design/ntt-kernel.cpp:137 VARIABLE idx1_3 LOOP FLATTENED_BUTTERFLY_LOOP BUNDLEDNAME {} DSP 0 BRAM 0 URAM 0 STORAGESUBTYPE {} DISPNAME {bind_op add}} {BINDTYPE op ID {} IMPL fabric LATENCY 0 OPTYPE add PRAGMA {} RTLNAME add_ln139_3_fu_2253_p2 SOURCE hls-design/ntt-kernel.cpp:139 VARIABLE add_ln139_3 LOOP FLATTENED_BUTTERFLY_LOOP BUNDLEDNAME {} DSP 0 BRAM 0 URAM 0 STORAGESUBTYPE {} DISPNAME {bind_op add}} {BINDTYPE op ID {} IMPL dsp LATENCY 0 OPTYPE mul PRAGMA yes RTLNAME mul_32ns_32ns_64_4_1_U27 SOURCE hls-design/ntt-kernel.cpp:24 VARIABLE ab_3 LOOP FLATTENED_BUTTERFLY_LOOP BUNDLEDNAME {} DSP 4 BRAM 0 URAM 0 STORAGESUBTYPE {} DISPNAME {bind_op mul}} {BINDTYPE op ID {} IMPL dsp LATENCY 0 OPTYPE mul PRAGMA yes RTLNAME mul_32s_32s_32_4_1_U28 SOURCE hls-design/ntt-kernel.cpp:29 VARIABLE m_3 LOOP FLATTENED_BUTTERFLY_LOOP BUNDLEDNAME {} DSP 3 BRAM 0 URAM 0 STORAGESUBTYPE {} DISPNAME {bind_op mul}} {BINDTYPE op ID {} IMPL dsp LATENCY 0 OPTYPE mul PRAGMA yes RTLNAME mul_32ns_32ns_64_4_1_U27 SOURCE hls-design/ntt-kernel.cpp:33 VARIABLE mq_3 LOOP FLATTENED_BUTTERFLY_LOOP BUNDLEDNAME {} DSP 4 BRAM 0 URAM 0 STORAGESUBTYPE {} DISPNAME {bind_op mul}} {BINDTYPE op ID {} IMPL fabric LATENCY 0 OPTYPE add PRAGMA yes RTLNAME add_64ns_64ns_64_2_1_U48 SOURCE hls-design/ntt-kernel.cpp:37 VARIABLE sum_3 LOOP FLATTENED_BUTTERFLY_LOOP BUNDLEDNAME {} DSP 0 BRAM 0 URAM 0 STORAGESUBTYPE {} DISPNAME {bind_op add}} {BINDTYPE op ID {} IMPL fabric LATENCY 0 OPTYPE sub PRAGMA {} RTLNAME sub_ln44_3_fu_3315_p2 SOURCE hls-design/ntt-kernel.cpp:44 VARIABLE sub_ln44_3 LOOP FLATTENED_BUTTERFLY_LOOP BUNDLEDNAME {} DSP 0 BRAM 0 URAM 0 STORAGESUBTYPE {} DISPNAME {bind_op sub}} {BINDTYPE op ID {} IMPL fabric LATENCY 0 OPTYPE add PRAGMA {} RTLNAME res_3_fu_3328_p2 SOURCE hls-design/ntt-kernel.cpp:10 VARIABLE res_3 LOOP FLATTENED_BUTTERFLY_LOOP BUNDLEDNAME {} DSP 0 BRAM 0 URAM 0 STORAGESUBTYPE {} DISPNAME {bind_op add}} {BINDTYPE op ID {} IMPL fabric LATENCY 0 OPTYPE sub PRAGMA {} RTLNAME sub_ln11_3_fu_3357_p2 SOURCE hls-design/ntt-kernel.cpp:11 VARIABLE sub_ln11_3 LOOP FLATTENED_BUTTERFLY_LOOP BUNDLEDNAME {} DSP 0 BRAM 0 URAM 0 STORAGESUBTYPE {} DISPNAME {bind_op sub}} {BINDTYPE op ID {} IMPL fabric LATENCY 0 OPTYPE add PRAGMA {} RTLNAME add_ln16_3_fu_3392_p2 SOURCE hls-design/ntt-kernel.cpp:16 VARIABLE add_ln16_3 LOOP FLATTENED_BUTTERFLY_LOOP BUNDLEDNAME {} DSP 0 BRAM 0 URAM 0 STORAGESUBTYPE {} DISPNAME {bind_op add}} {BINDTYPE op ID {} IMPL fabric LATENCY 0 OPTYPE sub PRAGMA {} RTLNAME out_v_3_fu_3405_p2 SOURCE hls-design/ntt-kernel.cpp:16 VARIABLE out_v_3 LOOP FLATTENED_BUTTERFLY_LOOP BUNDLEDNAME {} DSP 0 BRAM 0 URAM 0 STORAGESUBTYPE {} DISPNAME {bind_op sub}} {BINDTYPE op ID {} IMPL fabric LATENCY 0 OPTYPE add PRAGMA {} RTLNAME step_9_fu_3411_p2 SOURCE hls-design/ntt-kernel.cpp:130 VARIABLE step_9 LOOP FLATTENED_BUTTERFLY_LOOP BUNDLEDNAME {} DSP 0 BRAM 0 URAM 0 STORAGESUBTYPE {} DISPNAME {bind_op add}}} AREA {DSP 7 BRAM 0 URAM 0}} ntt_kernel_Pipeline_WRITE_BACK_LOOP {BINDINFO {{BINDTYPE op ID {} IMPL fabric LATENCY 0 OPTYPE add PRAGMA {} RTLNAME add_ln170_fu_386_p2 SOURCE hls-design/ntt-kernel.cpp:170 VARIABLE add_ln170 LOOP WRITE_BACK_LOOP BUNDLEDNAME {} DSP 0 BRAM 0 URAM 0 STORAGESUBTYPE {} DISPNAME {bind_op add}}} AREA {DSP 0 BRAM 0 URAM 0}} ntt_kernel {BINDINFO {{BINDTYPE storage ID {} IMPL bram LATENCY 1 OPTYPE ram_2p PRAGMA yes RTLNAME local_twiddles_U SOURCE hls-design/ntt-kernel.cpp:72 VARIABLE local_twiddles LOOP {} BUNDLEDNAME {} DSP 0 BRAM 2 URAM 0 STORAGESUBTYPE {} STORAGESIZE {32 1024 1} STORAGEUSAGE {ram_2p array} DISPNAME {bind_storage ram_2p}} {BINDTYPE storage ID {} IMPL bram LATENCY 1 OPTYPE ram_2p PRAGMA yes RTLNAME local_twiddles_1_U SOURCE hls-design/ntt-kernel.cpp:72 VARIABLE local_twiddles_1 LOOP {} BUNDLEDNAME {} DSP 0 BRAM 2 URAM 0 STORAGESUBTYPE {} STORAGESIZE {32 1024 1} STORAGEUSAGE {ram_2p array} DISPNAME {bind_storage ram_2p}} {BINDTYPE storage ID {} IMPL bram LATENCY 1 OPTYPE ram_2p PRAGMA yes RTLNAME local_twiddles_2_U SOURCE hls-design/ntt-kernel.cpp:72 VARIABLE local_twiddles_2 LOOP {} BUNDLEDNAME {} DSP 0 BRAM 2 URAM 0 STORAGESUBTYPE {} STORAGESIZE {32 1024 1} STORAGEUSAGE {ram_2p array} DISPNAME {bind_storage ram_2p}} {BINDTYPE storage ID {} IMPL bram LATENCY 1 OPTYPE ram_2p PRAGMA yes RTLNAME local_twiddles_3_U SOURCE hls-design/ntt-kernel.cpp:72 VARIABLE local_twiddles_3 LOOP {} BUNDLEDNAME {} DSP 0 BRAM 2 URAM 0 STORAGESUBTYPE {} STORAGESIZE {32 1024 1} STORAGEUSAGE {ram_2p array} DISPNAME {bind_storage ram_2p}} {BINDTYPE storage ID {} IMPL bram LATENCY 1 OPTYPE ram_2p PRAGMA yes RTLNAME local_psi_U SOURCE hls-design/ntt-kernel.cpp:75 VARIABLE local_psi LOOP {} BUNDLEDNAME {} DSP 0 BRAM 3 URAM 0 STORAGESUBTYPE {} STORAGESIZE {12 4096 1} STORAGEUSAGE {ram_2p array} DISPNAME {bind_storage ram_2p}} {BINDTYPE storage ID {} IMPL bram LATENCY 1 OPTYPE ram_2p PRAGMA yes RTLNAME ping_U SOURCE hls-design/ntt-kernel.cpp:79 VARIABLE ping LOOP {} BUNDLEDNAME {} DSP 0 BRAM 2 URAM 0 STORAGESUBTYPE {} STORAGESIZE {32 512 1} STORAGEUSAGE {ram_2p array} DISPNAME {bind_storage ram_2p}} {BINDTYPE storage ID {} IMPL bram LATENCY 1 OPTYPE ram_2p PRAGMA yes RTLNAME ping_1_U SOURCE hls-design/ntt-kernel.cpp:79 VARIABLE ping_1 LOOP {} BUNDLEDNAME {} DSP 0 BRAM 2 URAM 0 STORAGESUBTYPE {} STORAGESIZE {32 512 1} STORAGEUSAGE {ram_2p array} DISPNAME {bind_storage ram_2p}} {BINDTYPE storage ID {} IMPL bram LATENCY 1 OPTYPE ram_2p PRAGMA yes RTLNAME ping_2_U SOURCE hls-design/ntt-kernel.cpp:79 VARIABLE ping_2 LOOP {} BUNDLEDNAME {} DSP 0 BRAM 2 URAM 0 STORAGESUBTYPE {} STORAGESIZE {32 512 1} STORAGEUSAGE {ram_2p array} DISPNAME {bind_storage ram_2p}} {BINDTYPE storage ID {} IMPL bram LATENCY 1 OPTYPE ram_2p PRAGMA yes RTLNAME ping_3_U SOURCE hls-design/ntt-kernel.cpp:79 VARIABLE ping_3 LOOP {} BUNDLEDNAME {} DSP 0 BRAM 2 URAM 0 STORAGESUBTYPE {} STORAGESIZE {32 512 1} STORAGEUSAGE {ram_2p array} DISPNAME {bind_storage ram_2p}} {BINDTYPE storage ID {} IMPL bram LATENCY 1 OPTYPE ram_2p PRAGMA yes RTLNAME ping_4_U SOURCE hls-design/ntt-kernel.cpp:79 VARIABLE ping_4 LOOP {} BUNDLEDNAME {} DSP 0 BRAM 2 URAM 0 STORAGESUBTYPE {} STORAGESIZE {32 512 1} STORAGEUSAGE {ram_2p array} DISPNAME {bind_storage ram_2p}} {BINDTYPE storage ID {} IMPL bram LATENCY 1 OPTYPE ram_2p PRAGMA yes RTLNAME ping_5_U SOURCE hls-design/ntt-kernel.cpp:79 VARIABLE ping_5 LOOP {} BUNDLEDNAME {} DSP 0 BRAM 2 URAM 0 STORAGESUBTYPE {} STORAGESIZE {32 512 1} STORAGEUSAGE {ram_2p array} DISPNAME {bind_storage ram_2p}} {BINDTYPE storage ID {} IMPL bram LATENCY 1 OPTYPE ram_2p PRAGMA yes RTLNAME ping_6_U SOURCE hls-design/ntt-kernel.cpp:79 VARIABLE ping_6 LOOP {} BUNDLEDNAME {} DSP 0 BRAM 2 URAM 0 STORAGESUBTYPE {} STORAGESIZE {32 512 1} STORAGEUSAGE {ram_2p array} DISPNAME {bind_storage ram_2p}} {BINDTYPE storage ID {} IMPL bram LATENCY 1 OPTYPE ram_2p PRAGMA yes RTLNAME ping_7_U SOURCE hls-design/ntt-kernel.cpp:79 VARIABLE ping_7 LOOP {} BUNDLEDNAME {} DSP 0 BRAM 2 URAM 0 STORAGESUBTYPE {} STORAGESIZE {32 512 1} STORAGEUSAGE {ram_2p array} DISPNAME {bind_storage ram_2p}} {BINDTYPE storage ID {} IMPL bram LATENCY 1 OPTYPE ram_2p PRAGMA yes RTLNAME pong_U SOURCE hls-design/ntt-kernel.cpp:82 VARIABLE pong LOOP {} BUNDLEDNAME {} DSP 0 BRAM 2 URAM 0 STORAGESUBTYPE {} STORAGESIZE {32 512 1} STORAGEUSAGE {ram_2p array} DISPNAME {bind_storage ram_2p}} {BINDTYPE storage ID {} IMPL bram LATENCY 1 OPTYPE ram_2p PRAGMA yes RTLNAME pong_1_U SOURCE hls-design/ntt-kernel.cpp:82 VARIABLE pong_1 LOOP {} BUNDLEDNAME {} DSP 0 BRAM 2 URAM 0 STORAGESUBTYPE {} STORAGESIZE {32 512 1} STORAGEUSAGE {ram_2p array} DISPNAME {bind_storage ram_2p}} {BINDTYPE storage ID {} IMPL bram LATENCY 1 OPTYPE ram_2p PRAGMA yes RTLNAME pong_2_U SOURCE hls-design/ntt-kernel.cpp:82 VARIABLE pong_2 LOOP {} BUNDLEDNAME {} DSP 0 BRAM 2 URAM 0 STORAGESUBTYPE {} STORAGESIZE {32 512 1} STORAGEUSAGE {ram_2p array} DISPNAME {bind_storage ram_2p}} {BINDTYPE storage ID {} IMPL bram LATENCY 1 OPTYPE ram_2p PRAGMA yes RTLNAME pong_3_U SOURCE hls-design/ntt-kernel.cpp:82 VARIABLE pong_3 LOOP {} BUNDLEDNAME {} DSP 0 BRAM 2 URAM 0 STORAGESUBTYPE {} STORAGESIZE {32 512 1} STORAGEUSAGE {ram_2p array} DISPNAME {bind_storage ram_2p}} {BINDTYPE storage ID {} IMPL bram LATENCY 1 OPTYPE ram_2p PRAGMA yes RTLNAME pong_4_U SOURCE hls-design/ntt-kernel.cpp:82 VARIABLE pong_4 LOOP {} BUNDLEDNAME {} DSP 0 BRAM 2 URAM 0 STORAGESUBTYPE {} STORAGESIZE {32 512 1} STORAGEUSAGE {ram_2p array} DISPNAME {bind_storage ram_2p}} {BINDTYPE storage ID {} IMPL bram LATENCY 1 OPTYPE ram_2p PRAGMA yes RTLNAME pong_5_U SOURCE hls-design/ntt-kernel.cpp:82 VARIABLE pong_5 LOOP {} BUNDLEDNAME {} DSP 0 BRAM 2 URAM 0 STORAGESUBTYPE {} STORAGESIZE {32 512 1} STORAGEUSAGE {ram_2p array} DISPNAME {bind_storage ram_2p}} {BINDTYPE storage ID {} IMPL bram LATENCY 1 OPTYPE ram_2p PRAGMA yes RTLNAME pong_6_U SOURCE hls-design/ntt-kernel.cpp:82 VARIABLE pong_6 LOOP {} BUNDLEDNAME {} DSP 0 BRAM 2 URAM 0 STORAGESUBTYPE {} STORAGESIZE {32 512 1} STORAGEUSAGE {ram_2p array} DISPNAME {bind_storage ram_2p}} {BINDTYPE storage ID {} IMPL bram LATENCY 1 OPTYPE ram_2p PRAGMA yes RTLNAME pong_7_U SOURCE hls-design/ntt-kernel.cpp:82 VARIABLE pong_7 LOOP {} BUNDLEDNAME {} DSP 0 BRAM 2 URAM 0 STORAGESUBTYPE {} STORAGESIZE {32 512 1} STORAGEUSAGE {ram_2p array} DISPNAME {bind_storage ram_2p}} {BINDTYPE storage ID {} IMPL auto LATENCY 1 OPTYPE ram_1p PRAGMA {} RTLNAME burst_buffer_U SOURCE hls-design/ntt-kernel.cpp:105 VARIABLE burst_buffer LOOP {} BUNDLEDNAME {} DSP 0 BRAM 8 URAM 0 STORAGESUBTYPE {} STORAGESIZE {32 4096 1} STORAGEUSAGE {ram_1p array} DISPNAME {bind_storage ram_1p}} {BINDTYPE op ID {} IMPL fabric LATENCY 0 OPTYPE add PRAGMA {} RTLNAME sub_fu_468_p2 SOURCE hls-design/ntt-kernel.cpp:51 VARIABLE sub LOOP {} BUNDLEDNAME {} DSP 0 BRAM 0 URAM 0 STORAGESUBTYPE {} DISPNAME {bind_op add}} {BINDTYPE op ID {} IMPL fabric LATENCY 0 OPTYPE add PRAGMA {} RTLNAME add_ln100_2_fu_583_p2 SOURCE hls-design/ntt-kernel.cpp:100 VARIABLE add_ln100_2 LOOP BATCH_LOOP BUNDLEDNAME {} DSP 0 BRAM 0 URAM 0 STORAGESUBTYPE {} DISPNAME {bind_op add}} {BINDTYPE op ID {} IMPL fabric LATENCY 0 OPTYPE add PRAGMA {} RTLNAME add_ln100_1_fu_597_p2 SOURCE hls-design/ntt-kernel.cpp:100 VARIABLE add_ln100_1 LOOP BATCH_LOOP BUNDLEDNAME {} DSP 0 BRAM 0 URAM 0 STORAGESUBTYPE {} DISPNAME {bind_op add}} {BINDTYPE op ID {} IMPL fabric LATENCY 0 OPTYPE add PRAGMA {} RTLNAME add_ln100_fu_611_p2 SOURCE hls-design/ntt-kernel.cpp:100 VARIABLE add_ln100 LOOP BATCH_LOOP BUNDLEDNAME {} DSP 0 BRAM 0 URAM 0 STORAGESUBTYPE {} DISPNAME {bind_op add}} {BINDTYPE op ID {} IMPL fabric LATENCY 0 OPTYPE add PRAGMA {} RTLNAME add_ln127_fu_642_p2 SOURCE hls-design/ntt-kernel.cpp:127 VARIABLE add_ln127 LOOP STAGE_LOOP BUNDLEDNAME {} DSP 0 BRAM 0 URAM 0 STORAGESUBTYPE {} DISPNAME {bind_op add}} {BINDTYPE op ID {} IMPL fabric LATENCY 0 OPTYPE add PRAGMA {} RTLNAME offset_1_fu_654_p2 SOURCE hls-design/ntt-kernel.cpp:164 VARIABLE offset_1 LOOP STAGE_LOOP BUNDLEDNAME {} DSP 0 BRAM 0 URAM 0 STORAGESUBTYPE {} DISPNAME {bind_op add}}} AREA {DSP 7 BRAM 63 URAM 0}}}}'
INFO-FLOW: DBG:PUTS:      update_csynth_reports json2rpt_hw_sw_interfaces
Execute       send_msg_by_id INFO @200-1603@%s  and missed bursts 
INFO: [HLS 200-1603] Design has inferred MAXI bursts and missed bursts, see Vitis HLS GUI synthesis summary report for detailed information.
INFO-FLOW: Running: gen_csynth_sec_pragma
INFO-FLOW: Done: gen_csynth_sec_pragma time: 0 seconds per iteration
INFO-FLOW: DBG:PUTS:      update_csynth_reports wrote xml
INFO-FLOW: DBG:PUTS:      update_csynth_reports appended to csynth rpt file
INFO: [HLS 200-111] Finished Updating report files: CPU user time: 1.37 seconds. CPU system time: 0.06 seconds. Elapsed time: 1.64 seconds; current allocated memory: 458.672 MB.
INFO: [VHDL 208-304] Generating VHDL RTL for ntt_kernel.
INFO: [VLOG 209-307] Generating Verilog RTL for ntt_kernel.
Execute       syn_report -model ntt_kernel -printsummary 
INFO: [HLS 200-790] **** Loop Constraint Status: All loop constraints were NOT satisfied.
INFO: [HLS 200-789] **** Estimated Fmax: 136.99 MHz
Command     autosyn done; 5.96 sec.
Command   csynth_design done; 16.67 sec.
INFO: [HLS 200-111] Finished Command csynth_design CPU user time: 9.08 seconds. CPU system time: 1.45 seconds. Elapsed time: 16.67 seconds; current allocated memory: 153.422 MB.
Command ap_source done; 18.2 sec.
Execute cleanup_all 
INFO-FLOW: Workspace /home/sg9109/Documents/hls-design/ntt-asic opened at Thu Jun 04 11:25:47 EDT 2026
Execute     ap_set_clock -name default -period 10 -default=false 
INFO: [SYN 201-201] Setting up clock 'default' with a period of 10ns.
Execute     set_part xck26-sfvc784-2LV-c 
Execute       create_platform xck26-sfvc784-2LV-c -board  
DBG:HLSDevice: Trying to load device library: /eda/xilinx/Vitis_HLS/2023.2/lib/lnx64.o/libxv_hlsvwrap.so
DBG:HLSDevice: first parts/arch.xml in RDI_DATADIR: /eda/xilinx/Vivado/2023.2/data/parts/arch.xml
DBG:HLSDevice: init success
INFO: [HLS 200-1611] Setting target device to 'xck26-sfvc784-2LV-c'
Command       create_platform done; 1.01 sec.
Execute       source /eda/xilinx/Vitis_HLS/2023.2/common/technology/xilinx/common/xilinx.gen 
Execute         source /eda/xilinx/Vitis_HLS/2023.2/common/technology/xilinx/interface/plb46.gen 
Execute         source /eda/xilinx/Vitis_HLS/2023.2/common/technology/xilinx/interface/axi4.gen 
Execute         source /eda/xilinx/Vitis_HLS/2023.2/common/technology/xilinx/interface/nativeAXI4.gen 
Execute           source /eda/xilinx/Vitis_HLS/2023.2/common/technology/xilinx/interface/saxilite.gen 
Execute         source /eda/xilinx/Vitis_HLS/2023.2/common/technology/xilinx/scripts/xilinxcoregen.gen 
Execute         source /eda/xilinx/Vitis_HLS/2023.2/common/technology/xilinx/interface/XilEDKCoreGen.gen 
Execute         source /eda/xilinx/Vitis_HLS/2023.2/common/technology/xilinx/ip/dds_compiler.gen 
Execute         source /eda/xilinx/Vitis_HLS/2023.2/common/technology/xilinx/ip/util.gen 
Execute         source /eda/xilinx/Vitis_HLS/2023.2/common/technology/xilinx/ip/xfft.gen 
Execute         source /eda/xilinx/Vitis_HLS/2023.2/common/technology/xilinx/ip/xfir.gen 
Execute         source /eda/xilinx/Vitis_HLS/2023.2/common/technology/xilinx/DSP48/dsp48.gen 
Execute       ap_part_info -name xck26-sfvc784-2LV-c -data info 
Execute       config_compile -quiet -complex-mul-dsp=0 
Command     set_part done; 1.13 sec.
Execute     send_msg_by_id INFO @200-1505@%s%s  vivado 
INFO: [HLS 200-1505] Using flow_target 'vivado'
Execute     send_msg_by_id INFO @200-1464@%s config_cosim -tool=xsim 
INFO: [HLS 200-1464] Running solution command: config_cosim -tool=xsim
Execute     config_cosim -tool=xsim 
Execute     send_msg_by_id INFO @200-1464@%s config_export -flow=impl 
INFO: [HLS 200-1464] Running solution command: config_export -flow=impl
Execute     config_export -flow=impl 
Execute     send_msg_by_id INFO @200-1464@%s config_export -format=ip_catalog 
INFO: [HLS 200-1464] Running solution command: config_export -format=ip_catalog
Execute     config_export -format=ip_catalog 
Execute     send_msg_by_id INFO @200-1464@%s config_export -rtl=verilog 
INFO: [HLS 200-1464] Running solution command: config_export -rtl=verilog
Execute     config_export -rtl=verilog 
Execute     send_msg_by_id INFO @200-1464@%s config_export -vivado_clock=10 
INFO: [HLS 200-1464] Running solution command: config_export -vivado_clock=10
Execute     config_export -vivado_clock=10 
Command   open_solution done; 1.24 sec.
Execute   set_part xck26-sfvc784-2LV-c 
INFO: [HLS 200-1510] Running: set_part xck26-sfvc784-2LV-c 
Execute     create_platform xck26-sfvc784-2LV-c -board  
Execute     source /eda/xilinx/Vitis_HLS/2023.2/common/technology/xilinx/common/xilinx.gen 
Execute       source /eda/xilinx/Vitis_HLS/2023.2/common/technology/xilinx/interface/plb46.gen 
Execute       source /eda/xilinx/Vitis_HLS/2023.2/common/technology/xilinx/interface/axi4.gen 
Execute       source /eda/xilinx/Vitis_HLS/2023.2/common/technology/xilinx/interface/nativeAXI4.gen 
Execute         source /eda/xilinx/Vitis_HLS/2023.2/common/technology/xilinx/interface/saxilite.gen 
Execute       source /eda/xilinx/Vitis_HLS/2023.2/common/technology/xilinx/scripts/xilinxcoregen.gen 
Execute       source /eda/xilinx/Vitis_HLS/2023.2/common/technology/xilinx/interface/XilEDKCoreGen.gen 
Execute       source /eda/xilinx/Vitis_HLS/2023.2/common/technology/xilinx/ip/dds_compiler.gen 
Execute       source /eda/xilinx/Vitis_HLS/2023.2/common/technology/xilinx/ip/util.gen 
Execute       source /eda/xilinx/Vitis_HLS/2023.2/common/technology/xilinx/ip/xfft.gen 
Execute       source /eda/xilinx/Vitis_HLS/2023.2/common/technology/xilinx/ip/xfir.gen 
Execute       source /eda/xilinx/Vitis_HLS/2023.2/common/technology/xilinx/DSP48/dsp48.gen 
Execute     ap_part_info -name xck26-sfvc784-2LV-c -data info 
Execute     config_compile -quiet -complex-mul-dsp=0 
Command   set_part done; 0.17 sec.
Execute   create_clock -period 10 -name default 
INFO: [HLS 200-1510] Running: create_clock -period 10 -name default 
Execute   config_cosim -tool xsim 
INFO: [HLS 200-1510] Running: config_cosim -tool xsim 
Execute   config_export -flow impl -format ip_catalog -rtl verilog -vivado_clock 10 
INFO: [HLS 200-1510] Running: config_export -flow impl -format ip_catalog -rtl verilog -vivado_clock 10 
Execute   source ./hls-design/ntt-asic/directives.tcl 
INFO: [HLS 200-1510] Running: source ./hls-design/ntt-asic/directives.tcl
Execute     set_directive_top -name ntt_kernel ntt_kernel 
INFO: [HLS 200-1510] Running: set_directive_top -name ntt_kernel ntt_kernel 
Execute   export_design -flow impl -rtl verilog -format ip_catalog 
INFO: [HLS 200-1510] Running: export_design -flow impl -rtl verilog -format ip_catalog 
Execute     config_export -flow=impl -format=ip_catalog -rtl=verilog 
INFO-FLOW: DBG:PUTS: export_design_wrap: -flow impl -format ip_catalog -rtl verilog
Execute     source /home/sg9109/Documents/hls-design/ntt-asic/.autopilot/db/global.setting.tcl 
INFO-FLOW: DBG:PUTS:   auto_impl: pack: -export -rtl verilog
INFO-FLOW: DBG:PROC: ::AESL_AUTOIMPL::auto_impl args='-export -rtl verilog'
Execute     source /home/sg9109/Documents/hls-design/ntt-asic/.autopilot/db/global.setting.tcl 
INFO: [IMPL 213-8] Exporting RTL as a Vivado IP.
INFO-FLOW: DBG:PUTS: automg_wrap -export -pcore_version 1.00.a -rtl vlog -tool Vivado -impltomg_flag
INFO-FLOW: DBG:PROC: ::AESL_AUTOMG::auto_generate args='-export -pcore_version 1.00.a -rtl vlog -tool Vivado -impltomg_flag'
INFO-FLOW: DBG:PUTS:     auto_generate -export -pcore_version 1.00.a -rtl vlog -tool Vivado -impltomg_flag
Execute     source /home/sg9109/Documents/hls-design/ntt-asic/.autopilot/db/global.setting.tcl 
INFO-FLOW: DBG:PUTS: read_platform_lib /home/sg9109/Documents/hls-design/ntt-asic/.autopilot/db/global.setting.tcl
Execute     source /eda/xilinx/Vitis_HLS/2023.2/common/technology/generic/autopilot/common.gen 
Execute       source /eda/xilinx/Vitis_HLS/2023.2/common/technology/generic/autopilot/APCoreGen.gen 
Execute     source /eda/xilinx/Vitis_HLS/2023.2/common/technology/generic/autopilot/op.gen 
Execute     source /eda/xilinx/Vitis_HLS/2023.2/common/technology/generic/autopilot/op_simcore.gen 
Execute     source /eda/xilinx/Vitis_HLS/2023.2/common/technology/generic/autopilot/interface.gen 
Execute     source /home/sg9109/Documents/hls-design/ntt-asic/.autopilot/db/global.setting.tcl 
Execute     source /eda/xilinx/Vitis_HLS/2023.2/common/technology/xilinx/common/xilinx.gen 
Execute       source /eda/xilinx/Vitis_HLS/2023.2/common/technology/xilinx/interface/plb46.gen 
Execute       source /eda/xilinx/Vitis_HLS/2023.2/common/technology/xilinx/interface/axi4.gen 
Execute       source /eda/xilinx/Vitis_HLS/2023.2/common/technology/xilinx/interface/nativeAXI4.gen 
Execute         source /eda/xilinx/Vitis_HLS/2023.2/common/technology/xilinx/interface/saxilite.gen 
Execute       source /eda/xilinx/Vitis_HLS/2023.2/common/technology/xilinx/scripts/xilinxcoregen.gen 
Execute       source /eda/xilinx/Vitis_HLS/2023.2/common/technology/xilinx/interface/XilEDKCoreGen.gen 
Execute       source /eda/xilinx/Vitis_HLS/2023.2/common/technology/xilinx/ip/dds_compiler.gen 
Execute       source /eda/xilinx/Vitis_HLS/2023.2/common/technology/xilinx/ip/util.gen 
Execute       source /eda/xilinx/Vitis_HLS/2023.2/common/technology/xilinx/ip/xfft.gen 
Execute       source /eda/xilinx/Vitis_HLS/2023.2/common/technology/xilinx/ip/xfir.gen 
Execute       source /eda/xilinx/Vitis_HLS/2023.2/common/technology/xilinx/DSP48/dsp48.gen 
INFO-FLOW: DBG:PUTS:   using AESL_AUTOCG::g_clock_period=10 (was NA)
INFO-FLOW: DBG:PUTS:       initCTypeInfo top_module=ntt_kernel xml_exists=0
Execute     source /home/sg9109/Documents/hls-design/ntt-asic/.autopilot/db/ntt_kernel.rtl_wrap.cfg.tcl 
Execute     source /home/sg9109/Documents/hls-design/ntt-asic/.autopilot/db/ntt_kernel.rtl_wrap.cfg.tcl 
Execute     source /home/sg9109/Documents/hls-design/ntt-asic/.autopilot/db/ntt_kernel.rtl_wrap.cfg.tcl 
Execute     source /home/sg9109/Documents/hls-design/ntt-asic/.autopilot/db/ntt_kernel.tbgen.tcl 
Execute     source /home/sg9109/Documents/hls-design/ntt-asic/.autopilot/db/ntt_kernel.tbgen.tcl 
Execute     source /home/sg9109/Documents/hls-design/ntt-asic/.autopilot/db/global.setting.tcl 
Execute     source /home/sg9109/Documents/hls-design/ntt-asic/.autopilot/db/ntt_kernel.tbgen.tcl 
INFO-FLOW: DBG:PUTS:       cosim_export_main adding deadlock detection to ntt_kernel
INFO-FLOW: DBG:PUTS: Skipping loadAnalyze_DB, #g_database=10
INFO-FLOW: DBG:PUTS:       generate_json generate_bd_files=0 generate_xo_files=false #modelList=27 #gSsdmPorts=0
INFO-FLOW: DBG:PROC: ::AP::DESIGN_DATA::generate_json generate_bd_files='0' generate_xo_files='false' modelList='ntt_kernel_flow_control_loop_pipe_sequential_init
ntt_kernel_flow_control_loop_pipe_sequential_init
ntt_kernel_flow_control_loop_pipe_sequential_init
ntt_kernel_flow_control_loop_pipe_sequential_init
ntt_kernel_mul_32ns_32ns_64_4_1
ntt_kernel_mul_32s_32s_32_4_1
ntt_kernel_sparsemux_9_2_32_1_1
ntt_kernel_sparsemux_17_3_32_1_1
ntt_kernel_add_64ns_64ns_64_2_1
ntt_kernel_sparsemux_9_3_32_1_1
ntt_kernel_flow_control_loop_pipe_sequential_init
ntt_kernel_flow_control_loop_pipe_sequential_init
ntt_kernel_local_twiddles_RAM_2P_BRAM_1R1W
ntt_kernel_local_psi_RAM_2P_BRAM_1R1W
ntt_kernel_ping_RAM_2P_BRAM_1R1W
ntt_kernel_burst_buffer_RAM_AUTO_1R1W
ntt_kernel_gmem0_m_axi
ntt_kernel_gmem1_m_axi
ntt_kernel_gmem2_m_axi
ntt_kernel_control_s_axi
ntt_kernel_Pipeline_CACHE_TWIDDLES_LOOP
ntt_kernel_Pipeline_CACHE_PSI_LOOP
ntt_kernel_Pipeline_BURST_READ_LOOP
ntt_kernel_Pipeline_PERMUTE_LOOP
ntt_kernel_Pipeline_FLATTENED_BUTTERFLY_LOOP
ntt_kernel_Pipeline_WRITE_BACK_LOOP
ntt_kernel
' rtl_lang='vlog' bootstrap_tcl='false' outdir='' outfilename=''
Execute     source /eda/xilinx/Vitis_HLS/2023.2/tps/tcl/tcllib1.11.1/yaml/huddle.tcl 
Execute     source /eda/xilinx/Vitis_HLS/2023.2/tps/tcl/tcllib1.11.1/yaml/json2huddle.tcl 
Execute       source /eda/xilinx/Vitis_HLS/2023.2/tps/tcl/tcllib1.11.1/try/try.tcl 
Execute     source /home/sg9109/Documents/hls-design/ntt-asic/.autopilot/db/global.setting.tcl 
Execute     source /home/sg9109/Documents/hls-design/ntt-asic/.autopilot/db/global.setting.tcl 
Execute     source /home/sg9109/Documents/hls-design/ntt-asic/.autopilot/db/top-io-be.tcl 
Execute     source /home/sg9109/Documents/hls-design/ntt-asic/.autopilot/db/ntt_kernel.tbgen.tcl 
Execute     source /home/sg9109/Documents/hls-design/ntt-asic/.autopilot/db/ntt_kernel.compgen.dataonly.tcl 
Execute     source /home/sg9109/Documents/hls-design/ntt-asic/.autopilot/db/ntt_kernel.compgen.dataonly.tcl 
Execute     source /home/sg9109/Documents/hls-design/ntt-asic/.autopilot/db/ntt_kernel.rtl_wrap.cfg.tcl 
Execute     source /home/sg9109/Documents/hls-design/ntt-asic/.autopilot/db/ntt_kernel.compgen.dataonly.tcl 
Execute     source /home/sg9109/Documents/hls-design/ntt-asic/.autopilot/db/ntt_kernel_Pipeline_CACHE_TWIDDLES_LOOP.tbgen.tcl 
Execute     source /home/sg9109/Documents/hls-design/ntt-asic/.autopilot/db/ntt_kernel_Pipeline_CACHE_PSI_LOOP.tbgen.tcl 
Execute     source /home/sg9109/Documents/hls-design/ntt-asic/.autopilot/db/ntt_kernel_Pipeline_BURST_READ_LOOP.tbgen.tcl 
Execute     source /home/sg9109/Documents/hls-design/ntt-asic/.autopilot/db/ntt_kernel_Pipeline_PERMUTE_LOOP.tbgen.tcl 
Execute     source /home/sg9109/Documents/hls-design/ntt-asic/.autopilot/db/ntt_kernel_Pipeline_FLATTENED_BUTTERFLY_LOOP.tbgen.tcl 
Execute     source /home/sg9109/Documents/hls-design/ntt-asic/.autopilot/db/ntt_kernel_Pipeline_WRITE_BACK_LOOP.tbgen.tcl 
Execute     source /home/sg9109/Documents/hls-design/ntt-asic/.autopilot/db/ntt_kernel.tbgen.tcl 
Execute     source /home/sg9109/Documents/hls-design/ntt-asic/.autopilot/db/global.setting.tcl 
Execute     ap_part_info -name xck26-sfvc784-2LV-c -data names -quiet 
Execute     ap_part_info -name xck26-sfvc784-2LV-c -data info -quiet 
Execute     source /home/sg9109/Documents/hls-design/ntt-asic/.autopilot/db/ntt_kernel.constraint.tcl 
Execute     sc_get_clocks ntt_kernel 
Execute     source /home/sg9109/Documents/hls-design/ntt-asic/.autopilot/db/global.setting.tcl 
Execute     source /home/sg9109/Documents/hls-design/ntt-asic/.autopilot/db/global.setting.tcl 
Execute     source /home/sg9109/Documents/hls-design/ntt-asic/.autopilot/db/ntt_kernel.tbgen.tcl 
INFO-FLOW: DBG:PUTS:       cosim_export_main adding deadlock detection to ntt_kernel
INFO-FLOW: DBG:PUTS:       copy ip_driver_dir 1_0 /home/sg9109/Documents/hls-design/ntt-asic/.autopilot/db/driver
INFO-FLOW: DBG:PUTS:       generate_ip_script #gSsdmPorts=0 g_lang=vlog is_sdaccel=false is_sdsoc=true xo_file=
Execute     ap_part_info -name xck26-sfvc784-2LV-c -data names -quiet 
Execute     ap_part_info -name xck26-sfvc784-2LV-c -data info -quiet 
Execute     ap_part_info -name xck26-sfvc784-2LV-c -data names -quiet 
Execute     ap_part_info -name xck26-sfvc784-2LV-c -data info -quiet 
Execute     source /home/sg9109/Documents/hls-design/ntt-asic/.autopilot/db/ntt_kernel.tbgen.tcl 
Execute     source /home/sg9109/Documents/hls-design/ntt-asic/.autopilot/db/ntt_kernel.compgen.dataonly.tcl 
Execute     source /home/sg9109/Documents/hls-design/ntt-asic/.autopilot/db/ntt_kernel.compgen.dataonly.tcl 
Execute     source /home/sg9109/Documents/hls-design/ntt-asic/.autopilot/db/global.setting.tcl 
INFO-FLOW: DBG:PUTS:       generate_top_info
INFO-FLOW: DBG:PUTS:       prepArgInfo -> loadAnalyze_DB top_module=ntt_kernel
Execute     source /home/sg9109/Documents/hls-design/ntt-asic/.autopilot/db/ntt_kernel.rtl_wrap.cfg.tcl 
Execute     source /home/sg9109/Documents/hls-design/ntt-asic/.autopilot/db/ntt_kernel.rtl_wrap.cfg.tcl 
Execute     source /home/sg9109/Documents/hls-design/ntt-asic/.autopilot/db/ntt_kernel.rtl_wrap.cfg.tcl 
Execute     source /home/sg9109/Documents/hls-design/ntt-asic/.autopilot/db/ntt_kernel.tbgen.tcl 
Execute     source /home/sg9109/Documents/hls-design/ntt-asic/.autopilot/db/ntt_kernel.tbgen.tcl 
Execute     ap_part_info -name xck26-sfvc784-2LV-c -data names -quiet 
Execute     ap_part_info -name xck26-sfvc784-2LV-c -data info -quiet 
Execute     source /home/sg9109/Documents/hls-design/ntt-asic/.autopilot/db/global.setting.tcl 
Execute     ap_part_info -name xck26-sfvc784-2LV-c -data names -quiet 
Execute     ap_part_info -name xck26-sfvc784-2LV-c -data info -quiet 
Execute     ap_part_info -name xck26-sfvc784-2LV-c -data names -quiet 
Execute     ap_part_info -name xck26-sfvc784-2LV-c -data info -quiet 
Execute     source /home/sg9109/Documents/hls-design/ntt-asic/.autopilot/db/ntt_kernel.tbgen.tcl 
Execute     source /home/sg9109/Documents/hls-design/ntt-asic/.autopilot/db/global.setting.tcl 
Execute     source /home/sg9109/Documents/hls-design/ntt-asic/.autopilot/db/ntt_kernel.constraint.tcl 
INFO-FLOW: DBG:PUTS:       generate_syn_sh
Execute     ap_part_info -name xck26-sfvc784-2LV-c -data names -quiet 
Execute     ap_part_info -name xck26-sfvc784-2LV-c -data info -quiet 
Execute     source /home/sg9109/Documents/hls-design/ntt-asic/.autopilot/db/global.setting.tcl 
INFO-FLOW: DBG:PUTS:       generate_imp_constraints
Execute     ap_part_info -name xck26-sfvc784-2LV-c -data names -quiet 
Execute     ap_part_info -name xck26-sfvc784-2LV-c -data info -quiet 
Execute     source /home/sg9109/Documents/hls-design/ntt-asic/.autopilot/db/ntt_kernel.constraint.tcl 
Execute     source /home/sg9109/Documents/hls-design/ntt-asic/.autopilot/db/ntt_kernel.tbgen.tcl 
INFO-FLOW: DBG:PUTS:       delete-temp-dirs (skipped for debug)
Execute     ap_part_info -name xck26-sfvc784-2LV-c -data names -quiet 
Execute     ap_part_info -name xck26-sfvc784-2LV-c -data info -quiet 
INFO-FLOW: DBG:PUTS: read_platform_lib /home/sg9109/Documents/hls-design/ntt-asic/.autopilot/db/global.setting.tcl
Execute     source /eda/xilinx/Vitis_HLS/2023.2/common/technology/generic/autopilot/common.gen 
Execute       source /eda/xilinx/Vitis_HLS/2023.2/common/technology/generic/autopilot/APCoreGen.gen 
Execute     source /eda/xilinx/Vitis_HLS/2023.2/common/technology/generic/autopilot/op.gen 
Execute     source /eda/xilinx/Vitis_HLS/2023.2/common/technology/generic/autopilot/op_simcore.gen 
Execute     source /eda/xilinx/Vitis_HLS/2023.2/common/technology/generic/autopilot/interface.gen 
Execute     source /home/sg9109/Documents/hls-design/ntt-asic/.autopilot/db/global.setting.tcl 
Execute     source /eda/xilinx/Vitis_HLS/2023.2/common/technology/xilinx/common/xilinx.gen 
Execute       source /eda/xilinx/Vitis_HLS/2023.2/common/technology/xilinx/interface/plb46.gen 
Execute       source /eda/xilinx/Vitis_HLS/2023.2/common/technology/xilinx/interface/axi4.gen 
Execute       source /eda/xilinx/Vitis_HLS/2023.2/common/technology/xilinx/interface/nativeAXI4.gen 
Execute         source /eda/xilinx/Vitis_HLS/2023.2/common/technology/xilinx/interface/saxilite.gen 
Execute       source /eda/xilinx/Vitis_HLS/2023.2/common/technology/xilinx/scripts/xilinxcoregen.gen 
Execute       source /eda/xilinx/Vitis_HLS/2023.2/common/technology/xilinx/interface/XilEDKCoreGen.gen 
Execute       source /eda/xilinx/Vitis_HLS/2023.2/common/technology/xilinx/ip/dds_compiler.gen 
Execute       source /eda/xilinx/Vitis_HLS/2023.2/common/technology/xilinx/ip/util.gen 
Execute       source /eda/xilinx/Vitis_HLS/2023.2/common/technology/xilinx/ip/xfft.gen 
Execute       source /eda/xilinx/Vitis_HLS/2023.2/common/technology/xilinx/ip/xfir.gen 
Execute       source /eda/xilinx/Vitis_HLS/2023.2/common/technology/xilinx/DSP48/dsp48.gen 
INFO-FLOW: DBG:PUTS:     IP package: exec /home/sg9109/Documents/hls-design/ntt-asic/impl/ip/pack.sh
INFO-FLOW: DBG:PUTS:     IP package: success /home/sg9109/Documents/hls-design/ntt-asic/impl/ip/pack.sh
INFO-FLOW: DBG:PUTS:   auto_impl: eval: -flow impl -rtl verilog
INFO-FLOW: DBG:PROC: ::AESL_AUTOIMPL::auto_impl args='-flow impl -rtl verilog'
Execute     source /home/sg9109/Documents/hls-design/ntt-asic/.autopilot/db/global.setting.tcl 
INFO: [IMPL 213-8] Starting RTL evaluation using Vivado ...
INFO-FLOW: DBG:PUTS: automg_wrap -rtl vlog -tool Vivado -impltomg_flag
INFO-FLOW: DBG:PROC: ::AESL_AUTOMG::auto_generate args='-rtl vlog -tool Vivado -impltomg_flag'
INFO-FLOW: DBG:PUTS:     auto_generate -rtl vlog -tool Vivado -impltomg_flag
Execute     source /home/sg9109/Documents/hls-design/ntt-asic/.autopilot/db/global.setting.tcl 
INFO-FLOW: DBG:PUTS: read_platform_lib /home/sg9109/Documents/hls-design/ntt-asic/.autopilot/db/global.setting.tcl
Execute     source /eda/xilinx/Vitis_HLS/2023.2/common/technology/generic/autopilot/common.gen 
Execute       source /eda/xilinx/Vitis_HLS/2023.2/common/technology/generic/autopilot/APCoreGen.gen 
Execute     source /eda/xilinx/Vitis_HLS/2023.2/common/technology/generic/autopilot/op.gen 
Execute     source /eda/xilinx/Vitis_HLS/2023.2/common/technology/generic/autopilot/op_simcore.gen 
Execute     source /eda/xilinx/Vitis_HLS/2023.2/common/technology/generic/autopilot/interface.gen 
Execute     source /home/sg9109/Documents/hls-design/ntt-asic/.autopilot/db/global.setting.tcl 
Execute     source /eda/xilinx/Vitis_HLS/2023.2/common/technology/xilinx/common/xilinx.gen 
Execute       source /eda/xilinx/Vitis_HLS/2023.2/common/technology/xilinx/interface/plb46.gen 
Execute       source /eda/xilinx/Vitis_HLS/2023.2/common/technology/xilinx/interface/axi4.gen 
Execute       source /eda/xilinx/Vitis_HLS/2023.2/common/technology/xilinx/interface/nativeAXI4.gen 
Execute         source /eda/xilinx/Vitis_HLS/2023.2/common/technology/xilinx/interface/saxilite.gen 
Execute       source /eda/xilinx/Vitis_HLS/2023.2/common/technology/xilinx/scripts/xilinxcoregen.gen 
Execute       source /eda/xilinx/Vitis_HLS/2023.2/common/technology/xilinx/interface/XilEDKCoreGen.gen 
Execute       source /eda/xilinx/Vitis_HLS/2023.2/common/technology/xilinx/ip/dds_compiler.gen 
Execute       source /eda/xilinx/Vitis_HLS/2023.2/common/technology/xilinx/ip/util.gen 
Execute       source /eda/xilinx/Vitis_HLS/2023.2/common/technology/xilinx/ip/xfft.gen 
Execute       source /eda/xilinx/Vitis_HLS/2023.2/common/technology/xilinx/ip/xfir.gen 
Execute       source /eda/xilinx/Vitis_HLS/2023.2/common/technology/xilinx/DSP48/dsp48.gen 
INFO-FLOW: DBG:PUTS:       generate_syn_sh
Execute     ap_part_info -name xck26-sfvc784-2LV-c -data names -quiet 
Execute     ap_part_info -name xck26-sfvc784-2LV-c -data info -quiet 
Execute     source /home/sg9109/Documents/hls-design/ntt-asic/.autopilot/db/global.setting.tcl 
INFO-FLOW: DBG:PUTS:       generate_imp_constraints
Execute     ap_part_info -name xck26-sfvc784-2LV-c -data names -quiet 
Execute     ap_part_info -name xck26-sfvc784-2LV-c -data info -quiet 
Execute     source /home/sg9109/Documents/hls-design/ntt-asic/.autopilot/db/ntt_kernel.constraint.tcl 
Execute     source /home/sg9109/Documents/hls-design/ntt-asic/.autopilot/db/ntt_kernel.tbgen.tcl 
INFO-FLOW: DBG:PUTS:       delete-temp-dirs (skipped for debug)
Execute     ap_part_info -name xck26-sfvc784-2LV-c -data names -quiet 
Execute     ap_part_info -name xck26-sfvc784-2LV-c -data info -quiet 
INFO-FLOW: DBG:PUTS: read_platform_lib /home/sg9109/Documents/hls-design/ntt-asic/.autopilot/db/global.setting.tcl
Execute     source /eda/xilinx/Vitis_HLS/2023.2/common/technology/generic/autopilot/common.gen 
Execute       source /eda/xilinx/Vitis_HLS/2023.2/common/technology/generic/autopilot/APCoreGen.gen 
Execute     source /eda/xilinx/Vitis_HLS/2023.2/common/technology/generic/autopilot/op.gen 
Execute     source /eda/xilinx/Vitis_HLS/2023.2/common/technology/generic/autopilot/op_simcore.gen 
Execute     source /eda/xilinx/Vitis_HLS/2023.2/common/technology/generic/autopilot/interface.gen 
Execute     source /home/sg9109/Documents/hls-design/ntt-asic/.autopilot/db/global.setting.tcl 
Execute     source /eda/xilinx/Vitis_HLS/2023.2/common/technology/xilinx/common/xilinx.gen 
Execute       source /eda/xilinx/Vitis_HLS/2023.2/common/technology/xilinx/interface/plb46.gen 
Execute       source /eda/xilinx/Vitis_HLS/2023.2/common/technology/xilinx/interface/axi4.gen 
Execute       source /eda/xilinx/Vitis_HLS/2023.2/common/technology/xilinx/interface/nativeAXI4.gen 
Execute         source /eda/xilinx/Vitis_HLS/2023.2/common/technology/xilinx/interface/saxilite.gen 
Execute       source /eda/xilinx/Vitis_HLS/2023.2/common/technology/xilinx/scripts/xilinxcoregen.gen 
Execute       source /eda/xilinx/Vitis_HLS/2023.2/common/technology/xilinx/interface/XilEDKCoreGen.gen 
Execute       source /eda/xilinx/Vitis_HLS/2023.2/common/technology/xilinx/ip/dds_compiler.gen 
Execute       source /eda/xilinx/Vitis_HLS/2023.2/common/technology/xilinx/ip/util.gen 
Execute       source /eda/xilinx/Vitis_HLS/2023.2/common/technology/xilinx/ip/xfft.gen 
Execute       source /eda/xilinx/Vitis_HLS/2023.2/common/technology/xilinx/ip/xfir.gen 
Execute       source /eda/xilinx/Vitis_HLS/2023.2/common/technology/xilinx/DSP48/dsp48.gen 
Execute     source /home/sg9109/Documents/hls-design/ntt-asic/.autopilot/db/autopilot.rtl.models.tcl 
Execute     source /home/sg9109/Documents/hls-design/ntt-asic/.autopilot/db/global.setting.tcl 
Execute     ap_part_info -name xck26-sfvc784-2LV-c -data names -quiet 
Execute     ap_part_info -name xck26-sfvc784-2LV-c -data info -quiet 
INFO-FLOW: DBG:PUTS: debug_in_auto_impl: vlog exec /home/sg9109/Documents/hls-design/ntt-asic/impl/verilog/impl.sh
INFO-FLOW: DBG:PROC: ::HLSREPORTS::auto_impl_report topinfo_dict='RtlTopPrefix {} RtlSubPrefix ntt_kernel_ TopModuleNoPrefix ntt_kernel TopModuleWithPrefix ntt_kernel' export_design_flow='impl' impl_dir='/home/sg9109/Documents/hls-design/ntt-asic/impl' lang='verilog' out_dir=''
INFO-FLOW: DBG:PUTS:     auto_impl_report: impl processing xml
Execute     ap_part_info -quiet -data family -name xck26-sfvc784-2LV-c 
INFO-FLOW: DBG:PUTS:     writing export xml file: /home/sg9109/Documents/hls-design/ntt-asic/impl/report/verilog/export_impl.xml
INFO-FLOW: DBG:PROC: ::HLSREPORTS::auto_impl_report_txt xml_root='domNode0x7fcbc8305418' export_design_flow='impl' export_rpt='/home/sg9109/Documents/hls-design/ntt-asic/impl/report/verilog/export_impl.rpt' rpt_txt_var=''
INFO-FLOW: DBG:PUTS:     wrote export rpt file: export_impl.rpt
INFO-FLOW: DBG:PUTS:     auto_impl_report: syn processing xml
Execute     ap_part_info -quiet -data family -name xck26-sfvc784-2LV-c 
INFO-FLOW: DBG:PUTS:     writing export xml file: /home/sg9109/Documents/hls-design/ntt-asic/impl/report/verilog/export_syn.xml
INFO-FLOW: DBG:PROC: ::HLSREPORTS::auto_impl_report_txt xml_root='domNode0x7fcbc83554d8' export_design_flow='syn' export_rpt='/home/sg9109/Documents/hls-design/ntt-asic/impl/report/verilog/export_syn.rpt' rpt_txt_var=''
INFO-FLOW: DBG:PUTS:     wrote export rpt file: export_syn.rpt
Execute     send_msg_by_id INFO @200-802@%s hls-design/ntt-asic/impl/export.zip 
INFO: [HLS 200-802] Generated output file hls-design/ntt-asic/impl/export.zip
Command   export_design done; 467.98 sec.
INFO: [HLS 200-111] Finished Command export_design CPU user time: 253.18 seconds. CPU system time: 19.01 seconds. Elapsed time: 467.98 seconds; current allocated memory: 12.672 MB.
Command ap_source done; 469.45 sec.
Execute cleanup_all 
