

================================================================
== Vitis HLS Report for 'ntt_kernel_Pipeline_FLATTENED_BUTTERFLY_LOOP'
================================================================
* Date:           Mon Jun  1 21:40:40 2026

* Version:        2023.2 (Build 4023990 on Oct 11 2023)
* Project:        hls-design
* Solution:       ntt-asic (Vivado IP Flow Target)
* Product family: zynquplus
* Target device:  xck26-sfvc784-2LV-c


================================================================
== Performance Estimates
================================================================
+ Timing: 
    * Summary: 
    +--------+----------+----------+------------+
    |  Clock |  Target  | Estimated| Uncertainty|
    +--------+----------+----------+------------+
    |ap_clk  |  10.00 ns|  6.108 ns|     2.70 ns|
    +--------+----------+----------+------------+

+ Latency: 
    * Summary: 
    +---------+---------+-----------+----------+------+-------+---------+
    |  Latency (cycles) |  Latency (absolute)  |   Interval   | Pipeline|
    |   min   |   max   |    min    |    max   |  min |  max  |   Type  |
    +---------+---------+-----------+----------+------+-------+---------+
    |     1666|    26626|  16.660 us|  0.266 ms|  1666|  26626|       no|
    +---------+---------+-----------+----------+------+-------+---------+

    + Detail: 
        * Instance: 
        N/A

        * Loop: 
        +----------------------------+---------+---------+----------+-----------+-----------+------------+----------+
        |                            |  Latency (cycles) | Iteration|  Initiation Interval  |    Trip    |          |
        |          Loop Name         |   min   |   max   |  Latency |  achieved |   target  |    Count   | Pipelined|
        +----------------------------+---------+---------+----------+-----------+-----------+------------+----------+
        |- FLATTENED_BUTTERFLY_LOOP  |     1664|    26624|        14|         13|          1|  128 ~ 2048|       yes|
        +----------------------------+---------+---------+----------+-----------+-----------+------------+----------+

============================================================
+ Verbose Summary: Synthesis Manager
============================================================
InlineROM: 1
ExposeGlobal: 0
============================================================
+ Verbose Summary: CDFG Model
============================================================
IsTopModel: 0
ResetActiveHigh: 1
IsCombinational: 0
IsDatapathOnly: 0
HasWiredReturn: 1
HasMFsm: 2
HasVarLatency: 1
IsPipeline: 0
IsRtlPipelined: 0
IsInstanceOverlapped: 0
IsDontTouch: 0
HasImplIP: 0
IsGatedGlobalClock: 0

+ Individual pipeline summary: 
  * Pipeline-0: initiation interval (II) = 13, depth = 14


============================================================
+ Verbose Summary: Schedule
============================================================
* Number of FSM states : 14
* Pipeline : 1
  Pipeline-0 : II = 13, D = 14, States = { 1 2 3 4 5 6 7 8 9 10 11 12 13 14 }
* Dataflow Pipeline: 0

* FSM state transitions: 
1 --> 2 
2 --> 3 
3 --> 4 
4 --> 5 
5 --> 6 
6 --> 7 
7 --> 8 
8 --> 9 
9 --> 10 
10 --> 11 
11 --> 12 
12 --> 13 
13 --> 14 
14 --> 

* FSM state operations: 

State 1 <SV = 0> <Delay = 2.80>
ST_1 : Operation 17 [1/1] (0.00ns)   --->   "%step = alloca i32 1" [hls-design/ntt-kernel.cpp:126]   --->   Operation 17 'alloca' 'step' <Predicate = true> <Delay = 0.00>
ST_1 : Operation 18 [1/1] (0.00ns)   --->   "%q_read = read i32 @_ssdm_op_Read.ap_auto.i32, i32 %q"   --->   Operation 18 'read' 'q_read' <Predicate = true> <Delay = 0.00>
ST_1 : Operation 19 [1/1] (0.00ns)   --->   "%conv5_i_read = read i32 @_ssdm_op_Read.ap_auto.i32, i32 %conv5_i"   --->   Operation 19 'read' 'conv5_i_read' <Predicate = true> <Delay = 0.00>
ST_1 : Operation 20 [1/1] (0.00ns)   --->   "%q_inv_read = read i32 @_ssdm_op_Read.ap_auto.i32, i32 %q_inv"   --->   Operation 20 'read' 'q_inv_read' <Predicate = true> <Delay = 0.00>
ST_1 : Operation 21 [1/1] (0.00ns)   --->   "%use_ping_as_input_read = read i1 @_ssdm_op_Read.ap_auto.i1, i1 %use_ping_as_input"   --->   Operation 21 'read' 'use_ping_as_input_read' <Predicate = true> <Delay = 0.00>
ST_1 : Operation 22 [1/1] (0.00ns)   --->   "%tmp = read i12 @_ssdm_op_Read.ap_auto.i12, i12 %empty"   --->   Operation 22 'read' 'tmp' <Predicate = true> <Delay = 0.00>
ST_1 : Operation 23 [1/1] (0.00ns)   --->   "%tmp_1 = read i12 @_ssdm_op_Read.ap_auto.i12, i12 %empty_29"   --->   Operation 23 'read' 'tmp_1' <Predicate = true> <Delay = 0.00>
ST_1 : Operation 24 [1/1] (0.00ns)   --->   "%stage_1_read = read i32 @_ssdm_op_Read.ap_auto.i32, i32 %stage_1"   --->   Operation 24 'read' 'stage_1_read' <Predicate = true> <Delay = 0.00>
ST_1 : Operation 25 [1/1] (0.00ns)   --->   "%stage_read = read i32 @_ssdm_op_Read.ap_auto.i32, i32 %stage"   --->   Operation 25 'read' 'stage_read' <Predicate = true> <Delay = 0.00>
ST_1 : Operation 26 [1/1] (0.00ns)   --->   "%sub53_read = read i12 @_ssdm_op_Read.ap_auto.i12, i12 %sub53"   --->   Operation 26 'read' 'sub53_read' <Predicate = true> <Delay = 0.00>
ST_1 : Operation 27 [1/1] (0.00ns)   --->   "%half_n_read = read i31 @_ssdm_op_Read.ap_auto.i31, i31 %half_n"   --->   Operation 27 'read' 'half_n_read' <Predicate = true> <Delay = 0.00>
ST_1 : Operation 28 [1/1] (0.00ns)   --->   "%conv5_i_cast = zext i32 %conv5_i_read"   --->   Operation 28 'zext' 'conv5_i_cast' <Predicate = true> <Delay = 0.00>
ST_1 : Operation 29 [1/1] (0.00ns)   --->   "%specmemcore_ln0 = specmemcore void @_ssdm_op_SpecMemCore, i32 %pong, i64 666, i64 22, i64 18446744073709551615"   --->   Operation 29 'specmemcore' 'specmemcore_ln0' <Predicate = true> <Delay = 0.00>
ST_1 : Operation 30 [1/1] (0.00ns)   --->   "%specmemcore_ln0 = specmemcore void @_ssdm_op_SpecMemCore, i32 %ping, i64 666, i64 22, i64 18446744073709551615"   --->   Operation 30 'specmemcore' 'specmemcore_ln0' <Predicate = true> <Delay = 0.00>
ST_1 : Operation 31 [1/1] (0.00ns)   --->   "%specmemcore_ln0 = specmemcore void @_ssdm_op_SpecMemCore, i32 %local_twiddles, i64 666, i64 22, i64 18446744073709551615"   --->   Operation 31 'specmemcore' 'specmemcore_ln0' <Predicate = true> <Delay = 0.00>
ST_1 : Operation 32 [1/1] (0.42ns)   --->   "%store_ln126 = store i30 0, i30 %step" [hls-design/ntt-kernel.cpp:126]   --->   Operation 32 'store' 'store_ln126' <Predicate = true> <Delay = 0.42>
ST_1 : Operation 33 [1/1] (0.00ns)   --->   "%br_ln0 = br void %for.body52"   --->   Operation 33 'br' 'br_ln0' <Predicate = true> <Delay = 0.00>
ST_1 : Operation 34 [1/1] (0.00ns)   --->   "%step_1 = load i30 %step" [hls-design/ntt-kernel.cpp:126]   --->   Operation 34 'load' 'step_1' <Predicate = true> <Delay = 0.00>
ST_1 : Operation 35 [1/1] (0.00ns)   --->   "%zext_ln126_1 = zext i30 %step_1" [hls-design/ntt-kernel.cpp:126]   --->   Operation 35 'zext' 'zext_ln126_1' <Predicate = true> <Delay = 0.00>
ST_1 : Operation 36 [1/1] (1.00ns)   --->   "%icmp_ln126 = icmp_slt  i31 %zext_ln126_1, i31 %half_n_read" [hls-design/ntt-kernel.cpp:126]   --->   Operation 36 'icmp' 'icmp_ln126' <Predicate = true> <Delay = 1.00> <CoreInst = "Cmp">   --->   Core 9 'Cmp' <Latency = 0> <II = 1> <Delay = 1.00> <FuncUnit> <Opcode : 'icmp'> <InPorts = 2> <OutPorts = 1>
ST_1 : Operation 37 [1/1] (0.99ns)   --->   "%step_2 = add i30 %step_1, i30 1" [hls-design/ntt-kernel.cpp:126]   --->   Operation 37 'add' 'step_2' <Predicate = true> <Delay = 0.99> <CoreInst = "Adder">   --->   Core 1 'Adder' <Latency = 0> <II = 1> <Delay = 0.99> <FuncUnit> <Opcode : 'add' 'sub'> <InPorts = 2> <OutPorts = 1>
ST_1 : Operation 38 [1/1] (0.00ns)   --->   "%br_ln126 = br i1 %icmp_ln126, void %for.inc89.loopexit.exitStub, void %fpga_resource_hint.if.end.3" [hls-design/ntt-kernel.cpp:126]   --->   Operation 38 'br' 'br_ln126' <Predicate = true> <Delay = 0.00>
ST_1 : Operation 39 [1/1] (0.00ns)   --->   "%zext_ln126 = zext i30 %step_1" [hls-design/ntt-kernel.cpp:126]   --->   Operation 39 'zext' 'zext_ln126' <Predicate = (icmp_ln126)> <Delay = 0.00>
ST_1 : Operation 40 [1/1] (0.00ns)   --->   "%trunc_ln126 = trunc i30 %step_1" [hls-design/ntt-kernel.cpp:126]   --->   Operation 40 'trunc' 'trunc_ln126' <Predicate = (icmp_ln126)> <Delay = 0.00>
ST_1 : Operation 41 [1/1] (0.32ns)   --->   "%j = and i12 %trunc_ln126, i12 %sub53_read" [hls-design/ntt-kernel.cpp:130]   --->   Operation 41 'and' 'j' <Predicate = (icmp_ln126)> <Delay = 0.32> <CoreInst = "LogicGate">   --->   Core 74 'LogicGate' <Latency = 0> <II = 1> <Delay = 0.32> <FuncUnit> <Opcode : 'and' 'or' 'xor'> <InPorts = 2> <OutPorts = 1>
ST_1 : Operation 42 [1/1] (1.38ns)   --->   "%lshr_ln131 = lshr i32 %zext_ln126, i32 %stage_read" [hls-design/ntt-kernel.cpp:131]   --->   Operation 42 'lshr' 'lshr_ln131' <Predicate = (icmp_ln126)> <Delay = 1.38> <CoreInst = "Shifter">   --->   Core 75 'Shifter' <Latency = 0> <II = 1> <Delay = 1.38> <FuncUnit> <Opcode : 'shl' 'lshr' 'ashr'> <InPorts = 2> <OutPorts = 1>
ST_1 : Operation 43 [1/1] (0.80ns)   --->   "%add_ln134 = add i12 %j, i12 %tmp" [hls-design/ntt-kernel.cpp:134]   --->   Operation 43 'add' 'add_ln134' <Predicate = (icmp_ln126)> <Delay = 0.80> <CoreInst = "Adder">   --->   Core 1 'Adder' <Latency = 0> <II = 1> <Delay = 0.80> <FuncUnit> <Opcode : 'add' 'sub'> <InPorts = 2> <OutPorts = 1>
ST_1 : Operation 44 [1/1] (0.00ns)   --->   "%zext_ln134 = zext i12 %add_ln134" [hls-design/ntt-kernel.cpp:134]   --->   Operation 44 'zext' 'zext_ln134' <Predicate = (icmp_ln126)> <Delay = 0.00>
ST_1 : Operation 45 [1/1] (0.00ns)   --->   "%local_twiddles_addr = getelementptr i32 %local_twiddles, i64 0, i64 %zext_ln134" [hls-design/ntt-kernel.cpp:134]   --->   Operation 45 'getelementptr' 'local_twiddles_addr' <Predicate = (icmp_ln126)> <Delay = 0.00>
ST_1 : Operation 46 [2/2] (1.23ns)   --->   "%twiddle = load i12 %local_twiddles_addr" [hls-design/ntt-kernel.cpp:134]   --->   Operation 46 'load' 'twiddle' <Predicate = (icmp_ln126)> <Delay = 1.23> <CoreInst = "RAM_2P_BRAM">   --->   Core 94 'RAM_2P_BRAM' <Latency = 1> <II = 1> <Delay = 1.23> <Storage> <Opcode : 'load' 'store'> <Ports = 2> <Width = 32> <Depth = 4096> <RAM>
ST_1 : Operation 47 [1/1] (0.00ns)   --->   "%br_ln151 = br i1 %use_ping_as_input_read, void %if.else78, void %if.then73" [hls-design/ntt-kernel.cpp:151]   --->   Operation 47 'br' 'br_ln151' <Predicate = (icmp_ln126)> <Delay = 0.00>
ST_1 : Operation 48 [1/1] (0.42ns)   --->   "%store_ln126 = store i30 %step_2, i30 %step" [hls-design/ntt-kernel.cpp:126]   --->   Operation 48 'store' 'store_ln126' <Predicate = (icmp_ln126)> <Delay = 0.42>
ST_1 : Operation 49 [1/1] (0.00ns)   --->   "%br_ln126 = br void %for.body52" [hls-design/ntt-kernel.cpp:126]   --->   Operation 49 'br' 'br_ln126' <Predicate = (icmp_ln126)> <Delay = 0.00>
ST_1 : Operation 127 [1/1] (0.00ns)   --->   "%ret_ln0 = ret"   --->   Operation 127 'ret' 'ret_ln0' <Predicate = (!icmp_ln126)> <Delay = 0.00>

State 2 <SV = 1> <Delay = 3.49>
ST_2 : Operation 50 [1/1] (1.38ns)   --->   "%i = shl i32 %lshr_ln131, i32 %stage_1_read" [hls-design/ntt-kernel.cpp:131]   --->   Operation 50 'shl' 'i' <Predicate = (icmp_ln126)> <Delay = 1.38> <CoreInst = "Shifter">   --->   Core 75 'Shifter' <Latency = 0> <II = 1> <Delay = 1.38> <FuncUnit> <Opcode : 'shl' 'lshr' 'ashr'> <InPorts = 2> <OutPorts = 1>
ST_2 : Operation 51 [1/1] (0.00ns)   --->   "%trunc_ln131 = trunc i32 %i" [hls-design/ntt-kernel.cpp:131]   --->   Operation 51 'trunc' 'trunc_ln131' <Predicate = (icmp_ln126)> <Delay = 0.00>
ST_2 : Operation 52 [1/1] (0.80ns)   --->   "%idx1 = add i12 %trunc_ln131, i12 %j" [hls-design/ntt-kernel.cpp:132]   --->   Operation 52 'add' 'idx1' <Predicate = (icmp_ln126)> <Delay = 0.80> <CoreInst = "Adder">   --->   Core 1 'Adder' <Latency = 0> <II = 1> <Delay = 0.80> <FuncUnit> <Opcode : 'add' 'sub'> <InPorts = 2> <OutPorts = 1>
ST_2 : Operation 53 [1/1] (0.00ns) (grouped into TernaryAdder)   --->   "%add_ln133 = add i12 %tmp_1, i12 %trunc_ln131" [hls-design/ntt-kernel.cpp:133]   --->   Operation 53 'add' 'add_ln133' <Predicate = (icmp_ln126)> <Delay = 0.00> <CoreInst = "TAddSub">   --->   Core 10 'TAddSub' <Latency = 0> <II = 1> <Delay = 0.43> <IPBlock> <Opcode : '' 'add' 'sub'> <InPorts = 3> <OutPorts = 1> <Sync> <CReg>
ST_2 : Operation 54 [1/1] (0.86ns) (root node of TernaryAdder)   --->   "%idx2 = add i12 %add_ln133, i12 %j" [hls-design/ntt-kernel.cpp:133]   --->   Operation 54 'add' 'idx2' <Predicate = (icmp_ln126)> <Delay = 0.86> <CoreInst = "TAddSub">   --->   Core 10 'TAddSub' <Latency = 0> <II = 1> <Delay = 0.43> <IPBlock> <Opcode : '' 'add' 'sub'> <InPorts = 3> <OutPorts = 1> <Sync> <CReg>
ST_2 : Operation 55 [1/2] (1.23ns)   --->   "%twiddle = load i12 %local_twiddles_addr" [hls-design/ntt-kernel.cpp:134]   --->   Operation 55 'load' 'twiddle' <Predicate = (icmp_ln126)> <Delay = 1.23> <CoreInst = "RAM_2P_BRAM">   --->   Core 94 'RAM_2P_BRAM' <Latency = 1> <II = 1> <Delay = 1.23> <Storage> <Opcode : 'load' 'store'> <Ports = 2> <Width = 32> <Depth = 4096> <RAM>
ST_2 : Operation 56 [1/1] (0.00ns)   --->   "%zext_ln139 = zext i12 %idx1" [hls-design/ntt-kernel.cpp:139]   --->   Operation 56 'zext' 'zext_ln139' <Predicate = (icmp_ln126)> <Delay = 0.00>
ST_2 : Operation 57 [1/1] (0.00ns)   --->   "%zext_ln140 = zext i12 %idx2" [hls-design/ntt-kernel.cpp:140]   --->   Operation 57 'zext' 'zext_ln140' <Predicate = (icmp_ln126)> <Delay = 0.00>
ST_2 : Operation 58 [1/1] (0.00ns)   --->   "%ping_addr = getelementptr i32 %ping, i64 0, i64 %zext_ln139" [hls-design/ntt-kernel.cpp:139]   --->   Operation 58 'getelementptr' 'ping_addr' <Predicate = (icmp_ln126)> <Delay = 0.00>
ST_2 : Operation 59 [2/2] (1.23ns)   --->   "%u = load i12 %ping_addr" [hls-design/ntt-kernel.cpp:139]   --->   Operation 59 'load' 'u' <Predicate = (icmp_ln126 & use_ping_as_input_read)> <Delay = 1.23> <CoreInst = "RAM_2P_BRAM">   --->   Core 94 'RAM_2P_BRAM' <Latency = 1> <II = 1> <Delay = 1.23> <Storage> <Opcode : 'load' 'store'> <Ports = 2> <Width = 32> <Depth = 4096> <RAM>
ST_2 : Operation 60 [1/1] (0.00ns)   --->   "%ping_addr_1 = getelementptr i32 %ping, i64 0, i64 %zext_ln140" [hls-design/ntt-kernel.cpp:140]   --->   Operation 60 'getelementptr' 'ping_addr_1' <Predicate = (icmp_ln126)> <Delay = 0.00>
ST_2 : Operation 61 [2/2] (1.23ns)   --->   "%v = load i12 %ping_addr_1" [hls-design/ntt-kernel.cpp:140]   --->   Operation 61 'load' 'v' <Predicate = (icmp_ln126 & use_ping_as_input_read)> <Delay = 1.23> <CoreInst = "RAM_2P_BRAM">   --->   Core 94 'RAM_2P_BRAM' <Latency = 1> <II = 1> <Delay = 1.23> <Storage> <Opcode : 'load' 'store'> <Ports = 2> <Width = 32> <Depth = 4096> <RAM>
ST_2 : Operation 62 [1/1] (0.00ns)   --->   "%pong_addr = getelementptr i32 %pong, i64 0, i64 %zext_ln139" [hls-design/ntt-kernel.cpp:142]   --->   Operation 62 'getelementptr' 'pong_addr' <Predicate = (icmp_ln126)> <Delay = 0.00>
ST_2 : Operation 63 [2/2] (1.23ns)   --->   "%u_1 = load i12 %pong_addr" [hls-design/ntt-kernel.cpp:142]   --->   Operation 63 'load' 'u_1' <Predicate = (icmp_ln126 & !use_ping_as_input_read)> <Delay = 1.23> <CoreInst = "RAM_2P_BRAM">   --->   Core 94 'RAM_2P_BRAM' <Latency = 1> <II = 1> <Delay = 1.23> <Storage> <Opcode : 'load' 'store'> <Ports = 2> <Width = 32> <Depth = 4096> <RAM>
ST_2 : Operation 64 [1/1] (0.00ns)   --->   "%pong_addr_1 = getelementptr i32 %pong, i64 0, i64 %zext_ln140" [hls-design/ntt-kernel.cpp:143]   --->   Operation 64 'getelementptr' 'pong_addr_1' <Predicate = (icmp_ln126)> <Delay = 0.00>
ST_2 : Operation 65 [2/2] (1.23ns)   --->   "%v_1 = load i12 %pong_addr_1" [hls-design/ntt-kernel.cpp:143]   --->   Operation 65 'load' 'v_1' <Predicate = (icmp_ln126 & !use_ping_as_input_read)> <Delay = 1.23> <CoreInst = "RAM_2P_BRAM">   --->   Core 94 'RAM_2P_BRAM' <Latency = 1> <II = 1> <Delay = 1.23> <Storage> <Opcode : 'load' 'store'> <Ports = 2> <Width = 32> <Depth = 4096> <RAM>

State 3 <SV = 2> <Delay = 3.97>
ST_3 : Operation 66 [1/2] (1.23ns)   --->   "%u = load i12 %ping_addr" [hls-design/ntt-kernel.cpp:139]   --->   Operation 66 'load' 'u' <Predicate = (icmp_ln126 & use_ping_as_input_read)> <Delay = 1.23> <CoreInst = "RAM_2P_BRAM">   --->   Core 94 'RAM_2P_BRAM' <Latency = 1> <II = 1> <Delay = 1.23> <Storage> <Opcode : 'load' 'store'> <Ports = 2> <Width = 32> <Depth = 4096> <RAM>
ST_3 : Operation 67 [1/2] (1.23ns)   --->   "%v = load i12 %ping_addr_1" [hls-design/ntt-kernel.cpp:140]   --->   Operation 67 'load' 'v' <Predicate = (icmp_ln126 & use_ping_as_input_read)> <Delay = 1.23> <CoreInst = "RAM_2P_BRAM">   --->   Core 94 'RAM_2P_BRAM' <Latency = 1> <II = 1> <Delay = 1.23> <Storage> <Opcode : 'load' 'store'> <Ports = 2> <Width = 32> <Depth = 4096> <RAM>
ST_3 : Operation 68 [1/2] (1.23ns)   --->   "%u_1 = load i12 %pong_addr" [hls-design/ntt-kernel.cpp:142]   --->   Operation 68 'load' 'u_1' <Predicate = (icmp_ln126 & !use_ping_as_input_read)> <Delay = 1.23> <CoreInst = "RAM_2P_BRAM">   --->   Core 94 'RAM_2P_BRAM' <Latency = 1> <II = 1> <Delay = 1.23> <Storage> <Opcode : 'load' 'store'> <Ports = 2> <Width = 32> <Depth = 4096> <RAM>
ST_3 : Operation 69 [1/2] (1.23ns)   --->   "%v_1 = load i12 %pong_addr_1" [hls-design/ntt-kernel.cpp:143]   --->   Operation 69 'load' 'v_1' <Predicate = (icmp_ln126 & !use_ping_as_input_read)> <Delay = 1.23> <CoreInst = "RAM_2P_BRAM">   --->   Core 94 'RAM_2P_BRAM' <Latency = 1> <II = 1> <Delay = 1.23> <Storage> <Opcode : 'load' 'store'> <Ports = 2> <Width = 32> <Depth = 4096> <RAM>
ST_3 : Operation 70 [1/1] (0.44ns)   --->   "%v_2 = select i1 %use_ping_as_input_read, i32 %v, i32 %v_1" [hls-design/ntt-kernel.cpp:140]   --->   Operation 70 'select' 'v_2' <Predicate = (icmp_ln126)> <Delay = 0.44> <CoreInst = "Sel">   --->   Core 73 'Sel' <Latency = 0> <II = 1> <Delay = 0.44> <FuncUnit> <Opcode : 'select'> <InPorts = 3> <OutPorts = 1>
ST_3 : Operation 71 [1/1] (0.00ns)   --->   "%zext_ln24 = zext i32 %v_2" [hls-design/ntt-kernel.cpp:24->hls-design/ntt-kernel.cpp:146]   --->   Operation 71 'zext' 'zext_ln24' <Predicate = (icmp_ln126)> <Delay = 0.00>
ST_3 : Operation 72 [1/1] (0.00ns)   --->   "%zext_ln24_1 = zext i32 %twiddle" [hls-design/ntt-kernel.cpp:24->hls-design/ntt-kernel.cpp:146]   --->   Operation 72 'zext' 'zext_ln24_1' <Predicate = (icmp_ln126)> <Delay = 0.00>
ST_3 : Operation 73 [4/4] (2.29ns)   --->   "%ab = mul i64 %zext_ln24, i64 %zext_ln24_1" [hls-design/ntt-kernel.cpp:24->hls-design/ntt-kernel.cpp:146]   --->   Operation 73 'mul' 'ab' <Predicate = (icmp_ln126)> <Delay = 2.29> <CoreInst = "Mul_DSP">   --->   Core 5 'Mul_DSP' <Latency = 3> <II = 1> <Delay = 3.27> <FuncUnit> <Opcode : 'mul'> <InPorts = 2> <OutPorts = 1>

State 4 <SV = 3> <Delay = 2.29>
ST_4 : Operation 74 [3/4] (2.29ns)   --->   "%ab = mul i64 %zext_ln24, i64 %zext_ln24_1" [hls-design/ntt-kernel.cpp:24->hls-design/ntt-kernel.cpp:146]   --->   Operation 74 'mul' 'ab' <Predicate = (icmp_ln126)> <Delay = 2.29> <CoreInst = "Mul_DSP">   --->   Core 5 'Mul_DSP' <Latency = 3> <II = 1> <Delay = 3.27> <FuncUnit> <Opcode : 'mul'> <InPorts = 2> <OutPorts = 1>

State 5 <SV = 4> <Delay = 2.29>
ST_5 : Operation 75 [2/4] (2.29ns)   --->   "%ab = mul i64 %zext_ln24, i64 %zext_ln24_1" [hls-design/ntt-kernel.cpp:24->hls-design/ntt-kernel.cpp:146]   --->   Operation 75 'mul' 'ab' <Predicate = (icmp_ln126)> <Delay = 2.29> <CoreInst = "Mul_DSP">   --->   Core 5 'Mul_DSP' <Latency = 3> <II = 1> <Delay = 3.27> <FuncUnit> <Opcode : 'mul'> <InPorts = 2> <OutPorts = 1>

State 6 <SV = 5> <Delay = 4.58>
ST_6 : Operation 76 [1/4] (2.29ns)   --->   "%ab = mul i64 %zext_ln24, i64 %zext_ln24_1" [hls-design/ntt-kernel.cpp:24->hls-design/ntt-kernel.cpp:146]   --->   Operation 76 'mul' 'ab' <Predicate = (icmp_ln126)> <Delay = 2.29> <CoreInst = "Mul_DSP">   --->   Core 5 'Mul_DSP' <Latency = 3> <II = 1> <Delay = 3.27> <FuncUnit> <Opcode : 'mul'> <InPorts = 2> <OutPorts = 1>
ST_6 : Operation 77 [1/1] (0.00ns)   --->   "%specfucore_ln25 = specfucore void @_ssdm_op_SpecFUCore, i64 %ab, i64 12, i64 3, i64 3" [hls-design/ntt-kernel.cpp:25->hls-design/ntt-kernel.cpp:146]   --->   Operation 77 'specfucore' 'specfucore_ln25' <Predicate = (icmp_ln126)> <Delay = 0.00>
ST_6 : Operation 78 [1/1] (0.00ns)   --->   "%ab_low = trunc i64 %ab" [hls-design/ntt-kernel.cpp:28->hls-design/ntt-kernel.cpp:146]   --->   Operation 78 'trunc' 'ab_low' <Predicate = (icmp_ln126)> <Delay = 0.00>
ST_6 : Operation 79 [4/4] (2.29ns)   --->   "%m = mul i32 %ab_low, i32 %q_inv_read" [hls-design/ntt-kernel.cpp:29->hls-design/ntt-kernel.cpp:146]   --->   Operation 79 'mul' 'm' <Predicate = (icmp_ln126)> <Delay = 2.29> <CoreInst = "Mul_DSP">   --->   Core 5 'Mul_DSP' <Latency = 3> <II = 1> <Delay = 3.27> <FuncUnit> <Opcode : 'mul'> <InPorts = 2> <OutPorts = 1>

State 7 <SV = 6> <Delay = 2.29>
ST_7 : Operation 80 [3/4] (2.29ns)   --->   "%m = mul i32 %ab_low, i32 %q_inv_read" [hls-design/ntt-kernel.cpp:29->hls-design/ntt-kernel.cpp:146]   --->   Operation 80 'mul' 'm' <Predicate = (icmp_ln126)> <Delay = 2.29> <CoreInst = "Mul_DSP">   --->   Core 5 'Mul_DSP' <Latency = 3> <II = 1> <Delay = 3.27> <FuncUnit> <Opcode : 'mul'> <InPorts = 2> <OutPorts = 1>

State 8 <SV = 7> <Delay = 2.29>
ST_8 : Operation 81 [2/4] (2.29ns)   --->   "%m = mul i32 %ab_low, i32 %q_inv_read" [hls-design/ntt-kernel.cpp:29->hls-design/ntt-kernel.cpp:146]   --->   Operation 81 'mul' 'm' <Predicate = (icmp_ln126)> <Delay = 2.29> <CoreInst = "Mul_DSP">   --->   Core 5 'Mul_DSP' <Latency = 3> <II = 1> <Delay = 3.27> <FuncUnit> <Opcode : 'mul'> <InPorts = 2> <OutPorts = 1>

State 9 <SV = 8> <Delay = 4.58>
ST_9 : Operation 82 [1/4] (2.29ns)   --->   "%m = mul i32 %ab_low, i32 %q_inv_read" [hls-design/ntt-kernel.cpp:29->hls-design/ntt-kernel.cpp:146]   --->   Operation 82 'mul' 'm' <Predicate = (icmp_ln126)> <Delay = 2.29> <CoreInst = "Mul_DSP">   --->   Core 5 'Mul_DSP' <Latency = 3> <II = 1> <Delay = 3.27> <FuncUnit> <Opcode : 'mul'> <InPorts = 2> <OutPorts = 1>
ST_9 : Operation 83 [1/1] (0.00ns)   --->   "%specfucore_ln30 = specfucore void @_ssdm_op_SpecFUCore, i32 %m, i64 12, i64 3, i64 3" [hls-design/ntt-kernel.cpp:30->hls-design/ntt-kernel.cpp:146]   --->   Operation 83 'specfucore' 'specfucore_ln30' <Predicate = (icmp_ln126)> <Delay = 0.00>
ST_9 : Operation 84 [1/1] (0.00ns)   --->   "%zext_ln33 = zext i32 %m" [hls-design/ntt-kernel.cpp:33->hls-design/ntt-kernel.cpp:146]   --->   Operation 84 'zext' 'zext_ln33' <Predicate = (icmp_ln126)> <Delay = 0.00>
ST_9 : Operation 85 [4/4] (2.29ns)   --->   "%mq = mul i64 %zext_ln33, i64 %conv5_i_cast" [hls-design/ntt-kernel.cpp:33->hls-design/ntt-kernel.cpp:146]   --->   Operation 85 'mul' 'mq' <Predicate = (icmp_ln126)> <Delay = 2.29> <CoreInst = "Mul_DSP">   --->   Core 5 'Mul_DSP' <Latency = 3> <II = 1> <Delay = 3.27> <FuncUnit> <Opcode : 'mul'> <InPorts = 2> <OutPorts = 1>

State 10 <SV = 9> <Delay = 2.29>
ST_10 : Operation 86 [3/4] (2.29ns)   --->   "%mq = mul i64 %zext_ln33, i64 %conv5_i_cast" [hls-design/ntt-kernel.cpp:33->hls-design/ntt-kernel.cpp:146]   --->   Operation 86 'mul' 'mq' <Predicate = (icmp_ln126)> <Delay = 2.29> <CoreInst = "Mul_DSP">   --->   Core 5 'Mul_DSP' <Latency = 3> <II = 1> <Delay = 3.27> <FuncUnit> <Opcode : 'mul'> <InPorts = 2> <OutPorts = 1>

State 11 <SV = 10> <Delay = 2.29>
ST_11 : Operation 87 [2/4] (2.29ns)   --->   "%mq = mul i64 %zext_ln33, i64 %conv5_i_cast" [hls-design/ntt-kernel.cpp:33->hls-design/ntt-kernel.cpp:146]   --->   Operation 87 'mul' 'mq' <Predicate = (icmp_ln126)> <Delay = 2.29> <CoreInst = "Mul_DSP">   --->   Core 5 'Mul_DSP' <Latency = 3> <II = 1> <Delay = 3.27> <FuncUnit> <Opcode : 'mul'> <InPorts = 2> <OutPorts = 1>

State 12 <SV = 11> <Delay = 3.21>
ST_12 : Operation 88 [1/4] (2.29ns)   --->   "%mq = mul i64 %zext_ln33, i64 %conv5_i_cast" [hls-design/ntt-kernel.cpp:33->hls-design/ntt-kernel.cpp:146]   --->   Operation 88 'mul' 'mq' <Predicate = (icmp_ln126)> <Delay = 2.29> <CoreInst = "Mul_DSP">   --->   Core 5 'Mul_DSP' <Latency = 3> <II = 1> <Delay = 3.27> <FuncUnit> <Opcode : 'mul'> <InPorts = 2> <OutPorts = 1>
ST_12 : Operation 89 [1/1] (0.00ns)   --->   "%specfucore_ln34 = specfucore void @_ssdm_op_SpecFUCore, i64 %mq, i64 12, i64 3, i64 3" [hls-design/ntt-kernel.cpp:34->hls-design/ntt-kernel.cpp:146]   --->   Operation 89 'specfucore' 'specfucore_ln34' <Predicate = (icmp_ln126)> <Delay = 0.00>
ST_12 : Operation 90 [2/2] (0.92ns)   --->   "%sum = add i64 %mq, i64 %ab" [hls-design/ntt-kernel.cpp:37->hls-design/ntt-kernel.cpp:146]   --->   Operation 90 'add' 'sum' <Predicate = (icmp_ln126)> <Delay = 0.92> <CoreInst = "Adder">   --->   Core 1 'Adder' <Latency = 1> <II = 1> <Delay = 1.08> <FuncUnit> <Opcode : 'add' 'sub'> <InPorts = 2> <OutPorts = 1>

State 13 <SV = 12> <Delay = 6.10>
ST_13 : Operation 91 [1/1] (0.00ns)   --->   "%specpipeline_ln127 = specpipeline void @_ssdm_op_SpecPipeline, i32 1, i32 0, i32 0, i32 0, void @empty_22" [hls-design/ntt-kernel.cpp:127]   --->   Operation 91 'specpipeline' 'specpipeline_ln127' <Predicate = (icmp_ln126)> <Delay = 0.00>
ST_13 : Operation 92 [1/1] (0.00ns)   --->   "%speclooptripcount_ln128 = speclooptripcount void @_ssdm_op_SpecLoopTripCount, i64 128, i64 2048, i64 1088" [hls-design/ntt-kernel.cpp:128]   --->   Operation 92 'speclooptripcount' 'speclooptripcount_ln128' <Predicate = (icmp_ln126)> <Delay = 0.00>
ST_13 : Operation 93 [1/1] (0.00ns)   --->   "%specloopname_ln126 = specloopname void @_ssdm_op_SpecLoopName, void @empty_24" [hls-design/ntt-kernel.cpp:126]   --->   Operation 93 'specloopname' 'specloopname_ln126' <Predicate = (icmp_ln126)> <Delay = 0.00>
ST_13 : Operation 94 [1/1] (0.44ns)   --->   "%u_2 = select i1 %use_ping_as_input_read, i32 %u, i32 %u_1" [hls-design/ntt-kernel.cpp:139]   --->   Operation 94 'select' 'u_2' <Predicate = (icmp_ln126)> <Delay = 0.44> <CoreInst = "Sel">   --->   Core 73 'Sel' <Latency = 0> <II = 1> <Delay = 0.44> <FuncUnit> <Opcode : 'select'> <InPorts = 3> <OutPorts = 1>
ST_13 : Operation 95 [1/1] (0.00ns)   --->   "%rbegin5 = specregionbegin i32 @_ssdm_op_SpecRegionBegin, void @empty_10" [hls-design/ntt-kernel.cpp:24->hls-design/ntt-kernel.cpp:146]   --->   Operation 95 'specregionbegin' 'rbegin5' <Predicate = (icmp_ln126)> <Delay = 0.00>
ST_13 : Operation 96 [1/1] (0.00ns)   --->   "%rend6 = specregionend i32 @_ssdm_op_SpecRegionEnd, void @empty_10, i32 %rbegin5" [hls-design/ntt-kernel.cpp:24->hls-design/ntt-kernel.cpp:146]   --->   Operation 96 'specregionend' 'rend6' <Predicate = (icmp_ln126)> <Delay = 0.00>
ST_13 : Operation 97 [1/1] (0.00ns)   --->   "%rbegin3 = specregionbegin i32 @_ssdm_op_SpecRegionBegin, void @empty_11" [hls-design/ntt-kernel.cpp:29->hls-design/ntt-kernel.cpp:146]   --->   Operation 97 'specregionbegin' 'rbegin3' <Predicate = (icmp_ln126)> <Delay = 0.00>
ST_13 : Operation 98 [1/1] (0.00ns)   --->   "%rend4 = specregionend i32 @_ssdm_op_SpecRegionEnd, void @empty_11, i32 %rbegin3" [hls-design/ntt-kernel.cpp:29->hls-design/ntt-kernel.cpp:146]   --->   Operation 98 'specregionend' 'rend4' <Predicate = (icmp_ln126)> <Delay = 0.00>
ST_13 : Operation 99 [1/1] (0.00ns)   --->   "%rbegin1 = specregionbegin i32 @_ssdm_op_SpecRegionBegin, void @empty_12" [hls-design/ntt-kernel.cpp:33->hls-design/ntt-kernel.cpp:146]   --->   Operation 99 'specregionbegin' 'rbegin1' <Predicate = (icmp_ln126)> <Delay = 0.00>
ST_13 : Operation 100 [1/1] (0.00ns)   --->   "%rend2 = specregionend i32 @_ssdm_op_SpecRegionEnd, void @empty_12, i32 %rbegin1" [hls-design/ntt-kernel.cpp:33->hls-design/ntt-kernel.cpp:146]   --->   Operation 100 'specregionend' 'rend2' <Predicate = (icmp_ln126)> <Delay = 0.00>
ST_13 : Operation 101 [1/1] (0.00ns)   --->   "%rbegin = specregionbegin i32 @_ssdm_op_SpecRegionBegin, void @empty_13" [hls-design/ntt-kernel.cpp:37->hls-design/ntt-kernel.cpp:146]   --->   Operation 101 'specregionbegin' 'rbegin' <Predicate = (icmp_ln126)> <Delay = 0.00>
ST_13 : Operation 102 [1/2] (0.92ns)   --->   "%sum = add i64 %mq, i64 %ab" [hls-design/ntt-kernel.cpp:37->hls-design/ntt-kernel.cpp:146]   --->   Operation 102 'add' 'sum' <Predicate = (icmp_ln126)> <Delay = 0.92> <CoreInst = "Adder">   --->   Core 1 'Adder' <Latency = 1> <II = 1> <Delay = 1.08> <FuncUnit> <Opcode : 'add' 'sub'> <InPorts = 2> <OutPorts = 1>
ST_13 : Operation 103 [1/1] (0.00ns)   --->   "%specfucore_ln38 = specfucore void @_ssdm_op_SpecFUCore, i64 %sum, i64 8, i64 4, i64 1" [hls-design/ntt-kernel.cpp:38->hls-design/ntt-kernel.cpp:146]   --->   Operation 103 'specfucore' 'specfucore_ln38' <Predicate = (icmp_ln126)> <Delay = 0.00>
ST_13 : Operation 104 [1/1] (0.00ns)   --->   "%rend = specregionend i32 @_ssdm_op_SpecRegionEnd, void @empty_13, i32 %rbegin" [hls-design/ntt-kernel.cpp:37->hls-design/ntt-kernel.cpp:146]   --->   Operation 104 'specregionend' 'rend' <Predicate = (icmp_ln126)> <Delay = 0.00>
ST_13 : Operation 105 [1/1] (0.00ns)   --->   "%t = partselect i32 @_ssdm_op_PartSelect.i32.i64.i32.i32, i64 %sum, i32 32, i32 63" [hls-design/ntt-kernel.cpp:41->hls-design/ntt-kernel.cpp:146]   --->   Operation 105 'partselect' 't' <Predicate = (icmp_ln126)> <Delay = 0.00>
ST_13 : Operation 106 [1/1] (1.01ns)   --->   "%icmp_ln44 = icmp_ult  i32 %t, i32 %q_read" [hls-design/ntt-kernel.cpp:44->hls-design/ntt-kernel.cpp:146]   --->   Operation 106 'icmp' 'icmp_ln44' <Predicate = (icmp_ln126)> <Delay = 1.01> <CoreInst = "Cmp">   --->   Core 9 'Cmp' <Latency = 0> <II = 1> <Delay = 1.01> <FuncUnit> <Opcode : 'icmp'> <InPorts = 2> <OutPorts = 1>
ST_13 : Operation 107 [1/1] (0.00ns) (grouped into LUT with out node t_1)   --->   "%xor_ln44 = xor i1 %icmp_ln44, i1 1" [hls-design/ntt-kernel.cpp:44->hls-design/ntt-kernel.cpp:146]   --->   Operation 107 'xor' 'xor_ln44' <Predicate = (icmp_ln126)> <Delay = 0.00> <CoreInst = "LogicGate">   --->   Core 74 'LogicGate' <Latency = 0> <II = 1> <Delay = 0.28> <FuncUnit> <Opcode : 'and' 'or' 'xor'> <InPorts = 2> <OutPorts = 1>
ST_13 : Operation 108 [1/1] (1.01ns)   --->   "%sub_ln44 = sub i32 %t, i32 %q_read" [hls-design/ntt-kernel.cpp:44->hls-design/ntt-kernel.cpp:146]   --->   Operation 108 'sub' 'sub_ln44' <Predicate = (icmp_ln126)> <Delay = 1.01> <CoreInst = "Adder">   --->   Core 1 'Adder' <Latency = 0> <II = 1> <Delay = 1.01> <FuncUnit> <Opcode : 'add' 'sub'> <InPorts = 2> <OutPorts = 1>
ST_13 : Operation 109 [1/1] (0.44ns) (out node of the LUT)   --->   "%t_1 = select i1 %xor_ln44, i32 %sub_ln44, i32 %t" [hls-design/ntt-kernel.cpp:44->hls-design/ntt-kernel.cpp:146]   --->   Operation 109 'select' 't_1' <Predicate = (icmp_ln126)> <Delay = 0.44> <CoreInst = "Sel">   --->   Core 73 'Sel' <Latency = 0> <II = 1> <Delay = 0.44> <FuncUnit> <Opcode : 'select'> <InPorts = 3> <OutPorts = 1>
ST_13 : Operation 110 [1/1] (1.01ns)   --->   "%res = add i32 %t_1, i32 %u_2" [hls-design/ntt-kernel.cpp:10->hls-design/ntt-kernel.cpp:147]   --->   Operation 110 'add' 'res' <Predicate = (icmp_ln126)> <Delay = 1.01> <CoreInst = "Adder">   --->   Core 1 'Adder' <Latency = 0> <II = 1> <Delay = 1.01> <FuncUnit> <Opcode : 'add' 'sub'> <InPorts = 2> <OutPorts = 1>
ST_13 : Operation 111 [1/1] (1.01ns)   --->   "%icmp_ln11 = icmp_ult  i32 %res, i32 %q_read" [hls-design/ntt-kernel.cpp:11->hls-design/ntt-kernel.cpp:147]   --->   Operation 111 'icmp' 'icmp_ln11' <Predicate = (icmp_ln126)> <Delay = 1.01> <CoreInst = "Cmp">   --->   Core 9 'Cmp' <Latency = 0> <II = 1> <Delay = 1.01> <FuncUnit> <Opcode : 'icmp'> <InPorts = 2> <OutPorts = 1>
ST_13 : Operation 112 [1/1] (0.00ns) (grouped into LUT with out node out_u)   --->   "%xor_ln11 = xor i1 %icmp_ln11, i1 1" [hls-design/ntt-kernel.cpp:11->hls-design/ntt-kernel.cpp:147]   --->   Operation 112 'xor' 'xor_ln11' <Predicate = (icmp_ln126)> <Delay = 0.00> <CoreInst = "LogicGate">   --->   Core 74 'LogicGate' <Latency = 0> <II = 1> <Delay = 0.28> <FuncUnit> <Opcode : 'and' 'or' 'xor'> <InPorts = 2> <OutPorts = 1>
ST_13 : Operation 113 [1/1] (1.01ns)   --->   "%icmp_ln11_1 = icmp_ult  i32 %res, i32 %u_2" [hls-design/ntt-kernel.cpp:11->hls-design/ntt-kernel.cpp:147]   --->   Operation 113 'icmp' 'icmp_ln11_1' <Predicate = (icmp_ln126)> <Delay = 1.01> <CoreInst = "Cmp">   --->   Core 9 'Cmp' <Latency = 0> <II = 1> <Delay = 1.01> <FuncUnit> <Opcode : 'icmp'> <InPorts = 2> <OutPorts = 1>
ST_13 : Operation 114 [1/1] (0.00ns) (grouped into LUT with out node out_u)   --->   "%or_ln11 = or i1 %xor_ln11, i1 %icmp_ln11_1" [hls-design/ntt-kernel.cpp:11->hls-design/ntt-kernel.cpp:147]   --->   Operation 114 'or' 'or_ln11' <Predicate = (icmp_ln126)> <Delay = 0.00> <CoreInst = "LogicGate">   --->   Core 74 'LogicGate' <Latency = 0> <II = 1> <Delay = 0.28> <FuncUnit> <Opcode : 'and' 'or' 'xor'> <InPorts = 2> <OutPorts = 1>
ST_13 : Operation 115 [1/1] (1.01ns)   --->   "%sub_ln11 = sub i32 %res, i32 %q_read" [hls-design/ntt-kernel.cpp:11->hls-design/ntt-kernel.cpp:147]   --->   Operation 115 'sub' 'sub_ln11' <Predicate = (icmp_ln126)> <Delay = 1.01> <CoreInst = "Adder">   --->   Core 1 'Adder' <Latency = 0> <II = 1> <Delay = 1.01> <FuncUnit> <Opcode : 'add' 'sub'> <InPorts = 2> <OutPorts = 1>
ST_13 : Operation 116 [1/1] (0.44ns) (out node of the LUT)   --->   "%out_u = select i1 %or_ln11, i32 %sub_ln11, i32 %res" [hls-design/ntt-kernel.cpp:11->hls-design/ntt-kernel.cpp:147]   --->   Operation 116 'select' 'out_u' <Predicate = (icmp_ln126)> <Delay = 0.44> <CoreInst = "Sel">   --->   Core 73 'Sel' <Latency = 0> <II = 1> <Delay = 0.44> <FuncUnit> <Opcode : 'select'> <InPorts = 3> <OutPorts = 1>
ST_13 : Operation 117 [1/1] (1.01ns)   --->   "%icmp_ln16 = icmp_ult  i32 %u_2, i32 %t_1" [hls-design/ntt-kernel.cpp:16->hls-design/ntt-kernel.cpp:148]   --->   Operation 117 'icmp' 'icmp_ln16' <Predicate = (icmp_ln126)> <Delay = 1.01> <CoreInst = "Cmp">   --->   Core 9 'Cmp' <Latency = 0> <II = 1> <Delay = 1.01> <FuncUnit> <Opcode : 'icmp'> <InPorts = 2> <OutPorts = 1>
ST_13 : Operation 118 [1/1] (1.01ns)   --->   "%add_ln16 = add i32 %u_2, i32 %q_read" [hls-design/ntt-kernel.cpp:16->hls-design/ntt-kernel.cpp:148]   --->   Operation 118 'add' 'add_ln16' <Predicate = (icmp_ln126)> <Delay = 1.01> <CoreInst = "Adder">   --->   Core 1 'Adder' <Latency = 0> <II = 1> <Delay = 1.01> <FuncUnit> <Opcode : 'add' 'sub'> <InPorts = 2> <OutPorts = 1>
ST_13 : Operation 119 [1/1] (0.00ns) (grouped into LUT with out node out_v)   --->   "%select_ln16 = select i1 %icmp_ln16, i32 %add_ln16, i32 %u_2" [hls-design/ntt-kernel.cpp:16->hls-design/ntt-kernel.cpp:148]   --->   Operation 119 'select' 'select_ln16' <Predicate = (icmp_ln126)> <Delay = 0.00> <CoreInst = "Sel">   --->   Core 73 'Sel' <Latency = 0> <II = 1> <Delay = 0.44> <FuncUnit> <Opcode : 'select'> <InPorts = 3> <OutPorts = 1>
ST_13 : Operation 120 [1/1] (1.01ns) (out node of the LUT)   --->   "%out_v = sub i32 %select_ln16, i32 %t_1" [hls-design/ntt-kernel.cpp:16->hls-design/ntt-kernel.cpp:148]   --->   Operation 120 'sub' 'out_v' <Predicate = (icmp_ln126)> <Delay = 1.01> <CoreInst = "Adder">   --->   Core 1 'Adder' <Latency = 0> <II = 1> <Delay = 1.01> <FuncUnit> <Opcode : 'add' 'sub'> <InPorts = 2> <OutPorts = 1>
ST_13 : Operation 121 [1/1] (1.23ns)   --->   "%store_ln155 = store i32 %out_u, i12 %ping_addr" [hls-design/ntt-kernel.cpp:155]   --->   Operation 121 'store' 'store_ln155' <Predicate = (icmp_ln126 & !use_ping_as_input_read)> <Delay = 1.23> <CoreInst = "RAM_2P_BRAM">   --->   Core 94 'RAM_2P_BRAM' <Latency = 1> <II = 1> <Delay = 1.23> <Storage> <Opcode : 'load' 'store'> <Ports = 2> <Width = 32> <Depth = 4096> <RAM>
ST_13 : Operation 122 [1/1] (1.23ns)   --->   "%store_ln152 = store i32 %out_u, i12 %pong_addr" [hls-design/ntt-kernel.cpp:152]   --->   Operation 122 'store' 'store_ln152' <Predicate = (icmp_ln126 & use_ping_as_input_read)> <Delay = 1.23> <CoreInst = "RAM_2P_BRAM">   --->   Core 94 'RAM_2P_BRAM' <Latency = 1> <II = 1> <Delay = 1.23> <Storage> <Opcode : 'load' 'store'> <Ports = 2> <Width = 32> <Depth = 4096> <RAM>

State 14 <SV = 13> <Delay = 1.23>
ST_14 : Operation 123 [1/1] (1.23ns)   --->   "%store_ln156 = store i32 %out_v, i12 %ping_addr_1" [hls-design/ntt-kernel.cpp:156]   --->   Operation 123 'store' 'store_ln156' <Predicate = (!use_ping_as_input_read)> <Delay = 1.23> <CoreInst = "RAM_2P_BRAM">   --->   Core 94 'RAM_2P_BRAM' <Latency = 1> <II = 1> <Delay = 1.23> <Storage> <Opcode : 'load' 'store'> <Ports = 2> <Width = 32> <Depth = 4096> <RAM>
ST_14 : Operation 124 [1/1] (0.00ns)   --->   "%br_ln0 = br void %for.inc84"   --->   Operation 124 'br' 'br_ln0' <Predicate = (!use_ping_as_input_read)> <Delay = 0.00>
ST_14 : Operation 125 [1/1] (1.23ns)   --->   "%store_ln153 = store i32 %out_v, i12 %pong_addr_1" [hls-design/ntt-kernel.cpp:153]   --->   Operation 125 'store' 'store_ln153' <Predicate = (use_ping_as_input_read)> <Delay = 1.23> <CoreInst = "RAM_2P_BRAM">   --->   Core 94 'RAM_2P_BRAM' <Latency = 1> <II = 1> <Delay = 1.23> <Storage> <Opcode : 'load' 'store'> <Ports = 2> <Width = 32> <Depth = 4096> <RAM>
ST_14 : Operation 126 [1/1] (0.00ns)   --->   "%br_ln154 = br void %for.inc84" [hls-design/ntt-kernel.cpp:154]   --->   Operation 126 'br' 'br_ln154' <Predicate = (use_ping_as_input_read)> <Delay = 0.00>


============================================================
+ Verbose Summary: Binding
============================================================
STG Binding: 
---------------- STG Properties BEGIN ----------------
- Is combinational: 0
- Is one-state seq: 0
- Is datapath-only: 0
- Is pipelined: 0
- Is top level: 0
Port [ Return ] is wired: 1; IO mode=ap_ctrl_hs:ce=0
Port [ half_n]:  wired=1; compound=0; hidden=0; nouse=0; global=0; static=0; extern=0; dir=0; type=0; pingpong=0; private_global=0; IO mode=ap_none:ce=0
Port [ sub53]:  wired=1; compound=0; hidden=0; nouse=0; global=0; static=0; extern=0; dir=0; type=0; pingpong=0; private_global=0; IO mode=ap_none:ce=0
Port [ stage]:  wired=1; compound=0; hidden=0; nouse=0; global=0; static=0; extern=0; dir=0; type=0; pingpong=0; private_global=0; IO mode=ap_none:ce=0
Port [ stage_1]:  wired=1; compound=0; hidden=0; nouse=0; global=0; static=0; extern=0; dir=0; type=0; pingpong=0; private_global=0; IO mode=ap_none:ce=0
Port [ empty_29]:  wired=1; compound=0; hidden=0; nouse=0; global=0; static=0; extern=0; dir=0; type=0; pingpong=0; private_global=0; IO mode=ap_none:ce=0
Port [ empty]:  wired=1; compound=0; hidden=0; nouse=0; global=0; static=0; extern=0; dir=0; type=0; pingpong=0; private_global=0; IO mode=ap_none:ce=0
Port [ local_twiddles]:  wired=1; compound=1; hidden=0; nouse=0; global=0; static=0; extern=0; dir=0; type=1; pingpong=0; private_global=0; MemPort=[13]; IO mode=ap_memory:ce=0
Port [ ping]:  wired=1; compound=1; hidden=0; nouse=0; global=0; static=0; extern=0; dir=2; type=1; pingpong=0; private_global=0; MemPort=[12]; IO mode=ap_memory:ce=0
Port [ pong]:  wired=1; compound=1; hidden=0; nouse=0; global=0; static=0; extern=0; dir=2; type=1; pingpong=0; private_global=0; MemPort=[12]; IO mode=ap_memory:ce=0
Port [ use_ping_as_input]:  wired=1; compound=0; hidden=0; nouse=0; global=0; static=0; extern=0; dir=0; type=0; pingpong=0; private_global=0; IO mode=ap_none:ce=0
Port [ q_inv]:  wired=1; compound=0; hidden=0; nouse=0; global=0; static=0; extern=0; dir=0; type=0; pingpong=0; private_global=0; IO mode=ap_none:ce=0
Port [ conv5_i]:  wired=1; compound=0; hidden=0; nouse=0; global=0; static=0; extern=0; dir=0; type=0; pingpong=0; private_global=0; IO mode=ap_none:ce=0
Port [ q]:  wired=1; compound=0; hidden=0; nouse=0; global=0; static=0; extern=0; dir=0; type=0; pingpong=0; private_global=0; IO mode=ap_none:ce=0
---------------- STG Properties END ------------------

---------------- Datapath Model BEGIN ----------------

<LifeTime>
<method=bitvector/>
step                    (alloca           ) [ 010000000000000]
q_read                  (read             ) [ 001111111111110]
conv5_i_read            (read             ) [ 000000000000000]
q_inv_read              (read             ) [ 001111111100000]
use_ping_as_input_read  (read             ) [ 011111111111111]
tmp                     (read             ) [ 000000000000000]
tmp_1                   (read             ) [ 001000000000000]
stage_1_read            (read             ) [ 001000000000000]
stage_read              (read             ) [ 000000000000000]
sub53_read              (read             ) [ 000000000000000]
half_n_read             (read             ) [ 000000000000000]
conv5_i_cast            (zext             ) [ 001111111111100]
specmemcore_ln0         (specmemcore      ) [ 000000000000000]
specmemcore_ln0         (specmemcore      ) [ 000000000000000]
specmemcore_ln0         (specmemcore      ) [ 000000000000000]
store_ln126             (store            ) [ 000000000000000]
br_ln0                  (br               ) [ 000000000000000]
step_1                  (load             ) [ 000000000000000]
zext_ln126_1            (zext             ) [ 000000000000000]
icmp_ln126              (icmp             ) [ 011111111111110]
step_2                  (add              ) [ 000000000000000]
br_ln126                (br               ) [ 000000000000000]
zext_ln126              (zext             ) [ 000000000000000]
trunc_ln126             (trunc            ) [ 000000000000000]
j                       (and              ) [ 001000000000000]
lshr_ln131              (lshr             ) [ 001000000000000]
add_ln134               (add              ) [ 000000000000000]
zext_ln134              (zext             ) [ 000000000000000]
local_twiddles_addr     (getelementptr    ) [ 001000000000000]
br_ln151                (br               ) [ 000000000000000]
store_ln126             (store            ) [ 000000000000000]
br_ln126                (br               ) [ 000000000000000]
i                       (shl              ) [ 000000000000000]
trunc_ln131             (trunc            ) [ 000000000000000]
idx1                    (add              ) [ 000000000000000]
add_ln133               (add              ) [ 000000000000000]
idx2                    (add              ) [ 000000000000000]
twiddle                 (load             ) [ 000100000000000]
zext_ln139              (zext             ) [ 000000000000000]
zext_ln140              (zext             ) [ 000000000000000]
ping_addr               (getelementptr    ) [ 000111111111110]
ping_addr_1             (getelementptr    ) [ 010111111111111]
pong_addr               (getelementptr    ) [ 000111111111110]
pong_addr_1             (getelementptr    ) [ 010111111111111]
u                       (load             ) [ 000011111111110]
v                       (load             ) [ 000000000000000]
u_1                     (load             ) [ 000011111111110]
v_1                     (load             ) [ 000000000000000]
v_2                     (select           ) [ 000000000000000]
zext_ln24               (zext             ) [ 000011100000000]
zext_ln24_1             (zext             ) [ 000011100000000]
ab                      (mul              ) [ 000000011111110]
specfucore_ln25         (specfucore       ) [ 000000000000000]
ab_low                  (trunc            ) [ 000000011100000]
m                       (mul              ) [ 000000000000000]
specfucore_ln30         (specfucore       ) [ 000000000000000]
zext_ln33               (zext             ) [ 000000000011100]
mq                      (mul              ) [ 000000000000010]
specfucore_ln34         (specfucore       ) [ 000000000000000]
specpipeline_ln127      (specpipeline     ) [ 000000000000000]
speclooptripcount_ln128 (speclooptripcount) [ 000000000000000]
specloopname_ln126      (specloopname     ) [ 000000000000000]
u_2                     (select           ) [ 000000000000000]
rbegin5                 (specregionbegin  ) [ 000000000000000]
rend6                   (specregionend    ) [ 000000000000000]
rbegin3                 (specregionbegin  ) [ 000000000000000]
rend4                   (specregionend    ) [ 000000000000000]
rbegin1                 (specregionbegin  ) [ 000000000000000]
rend2                   (specregionend    ) [ 000000000000000]
rbegin                  (specregionbegin  ) [ 000000000000000]
sum                     (add              ) [ 000000000000000]
specfucore_ln38         (specfucore       ) [ 000000000000000]
rend                    (specregionend    ) [ 000000000000000]
t                       (partselect       ) [ 000000000000000]
icmp_ln44               (icmp             ) [ 000000000000000]
xor_ln44                (xor              ) [ 000000000000000]
sub_ln44                (sub              ) [ 000000000000000]
t_1                     (select           ) [ 000000000000000]
res                     (add              ) [ 000000000000000]
icmp_ln11               (icmp             ) [ 000000000000000]
xor_ln11                (xor              ) [ 000000000000000]
icmp_ln11_1             (icmp             ) [ 000000000000000]
or_ln11                 (or               ) [ 000000000000000]
sub_ln11                (sub              ) [ 000000000000000]
out_u                   (select           ) [ 000000000000000]
icmp_ln16               (icmp             ) [ 000000000000000]
add_ln16                (add              ) [ 000000000000000]
select_ln16             (select           ) [ 000000000000000]
out_v                   (sub              ) [ 010000000000001]
store_ln155             (store            ) [ 000000000000000]
store_ln152             (store            ) [ 000000000000000]
store_ln156             (store            ) [ 000000000000000]
br_ln0                  (br               ) [ 000000000000000]
store_ln153             (store            ) [ 000000000000000]
br_ln154                (br               ) [ 000000000000000]
ret_ln0                 (ret              ) [ 000000000000000]
</LifeTime>

<model>

<comp_list>
<comp id="0" class="1000" name="half_n">
<pin_list>
<pin id="1" dir="1" index="0" bw="1" slack="0"/>
</pin_list>
<bind>
<StgValue><ssdm name="half_n"/></StgValue>
</bind>
</comp>

<comp id="2" class="1000" name="sub53">
<pin_list>
<pin id="3" dir="1" index="0" bw="1" slack="0"/>
</pin_list>
<bind>
<StgValue><ssdm name="sub53"/></StgValue>
</bind>
</comp>

<comp id="4" class="1000" name="stage">
<pin_list>
<pin id="5" dir="1" index="0" bw="1" slack="0"/>
</pin_list>
<bind>
<StgValue><ssdm name="stage"/></StgValue>
</bind>
</comp>

<comp id="6" class="1000" name="stage_1">
<pin_list>
<pin id="7" dir="1" index="0" bw="1" slack="0"/>
</pin_list>
<bind>
<StgValue><ssdm name="stage_1"/></StgValue>
</bind>
</comp>

<comp id="8" class="1000" name="empty_29">
<pin_list>
<pin id="9" dir="1" index="0" bw="1" slack="0"/>
</pin_list>
<bind>
<StgValue><ssdm name="empty_29"/></StgValue>
</bind>
</comp>

<comp id="10" class="1000" name="empty">
<pin_list>
<pin id="11" dir="1" index="0" bw="1" slack="0"/>
</pin_list>
<bind>
<StgValue><ssdm name="empty"/></StgValue>
</bind>
</comp>

<comp id="12" class="1000" name="local_twiddles">
<pin_list>
<pin id="13" dir="1" index="0" bw="1" slack="0"/>
</pin_list>
<bind>
<StgValue><ssdm name="local_twiddles"/><MemPortTyVec>1 3 </MemPortTyVec>
</StgValue>
</bind>
</comp>

<comp id="14" class="1000" name="ping">
<pin_list>
<pin id="15" dir="1" index="0" bw="1" slack="0"/>
</pin_list>
<bind>
<StgValue><ssdm name="ping"/><MemPortTyVec>1 2 </MemPortTyVec>
</StgValue>
</bind>
</comp>

<comp id="16" class="1000" name="pong">
<pin_list>
<pin id="17" dir="1" index="0" bw="1" slack="0"/>
</pin_list>
<bind>
<StgValue><ssdm name="pong"/><MemPortTyVec>1 2 </MemPortTyVec>
</StgValue>
</bind>
</comp>

<comp id="18" class="1000" name="use_ping_as_input">
<pin_list>
<pin id="19" dir="1" index="0" bw="1" slack="0"/>
</pin_list>
<bind>
<StgValue><ssdm name="use_ping_as_input"/></StgValue>
</bind>
</comp>

<comp id="20" class="1000" name="q_inv">
<pin_list>
<pin id="21" dir="1" index="0" bw="1" slack="0"/>
</pin_list>
<bind>
<StgValue><ssdm name="q_inv"/></StgValue>
</bind>
</comp>

<comp id="22" class="1000" name="conv5_i">
<pin_list>
<pin id="23" dir="1" index="0" bw="1" slack="0"/>
</pin_list>
<bind>
<StgValue><ssdm name="conv5_i"/></StgValue>
</bind>
</comp>

<comp id="24" class="1000" name="q">
<pin_list>
<pin id="25" dir="1" index="0" bw="1" slack="0"/>
</pin_list>
<bind>
<StgValue><ssdm name="q"/></StgValue>
</bind>
</comp>

<comp id="26" class="1001" name="const_26">
<pin_list>
<pin id="27" dir="1" index="0" bw="1" slack="0"/>
</pin_list>
<bind>
<StgValue><ssdm name=""/></StgValue>
</bind>
</comp>

<comp id="28" class="1001" name="const_28">
<pin_list>
<pin id="29" dir="1" index="0" bw="1" slack="0"/>
</pin_list>
<bind>
<StgValue><ssdm name="_ssdm_op_Read.ap_auto.i32"/></StgValue>
</bind>
</comp>

<comp id="30" class="1001" name="const_30">
<pin_list>
<pin id="31" dir="1" index="0" bw="1" slack="0"/>
</pin_list>
<bind>
<StgValue><ssdm name="_ssdm_op_Read.ap_auto.i1"/></StgValue>
</bind>
</comp>

<comp id="32" class="1001" name="const_32">
<pin_list>
<pin id="33" dir="1" index="0" bw="1" slack="0"/>
</pin_list>
<bind>
<StgValue><ssdm name="_ssdm_op_Read.ap_auto.i12"/></StgValue>
</bind>
</comp>

<comp id="34" class="1001" name="const_34">
<pin_list>
<pin id="35" dir="1" index="0" bw="1" slack="0"/>
</pin_list>
<bind>
<StgValue><ssdm name="_ssdm_op_Read.ap_auto.i31"/></StgValue>
</bind>
</comp>

<comp id="36" class="1001" name="const_36">
<pin_list>
<pin id="37" dir="1" index="0" bw="1" slack="2147483647"/>
</pin_list>
<bind>
<StgValue><ssdm name="_ssdm_op_SpecMemCore"/></StgValue>
</bind>
</comp>

<comp id="38" class="1001" name="const_38">
<pin_list>
<pin id="39" dir="1" index="0" bw="1" slack="2147483647"/>
</pin_list>
<bind>
<StgValue><ssdm name=""/></StgValue>
</bind>
</comp>

<comp id="40" class="1001" name="const_40">
<pin_list>
<pin id="41" dir="1" index="0" bw="1" slack="2147483647"/>
</pin_list>
<bind>
<StgValue><ssdm name=""/></StgValue>
</bind>
</comp>

<comp id="42" class="1001" name="const_42">
<pin_list>
<pin id="43" dir="1" index="0" bw="1" slack="2147483647"/>
</pin_list>
<bind>
<StgValue><ssdm name=""/></StgValue>
</bind>
</comp>

<comp id="44" class="1001" name="const_44">
<pin_list>
<pin id="45" dir="1" index="0" bw="1" slack="0"/>
</pin_list>
<bind>
<StgValue><ssdm name=""/></StgValue>
</bind>
</comp>

<comp id="46" class="1001" name="const_46">
<pin_list>
<pin id="47" dir="1" index="0" bw="1" slack="0"/>
</pin_list>
<bind>
<StgValue><ssdm name=""/></StgValue>
</bind>
</comp>

<comp id="48" class="1001" name="const_48">
<pin_list>
<pin id="49" dir="1" index="0" bw="1" slack="0"/>
</pin_list>
<bind>
<StgValue><ssdm name=""/></StgValue>
</bind>
</comp>

<comp id="50" class="1001" name="const_50">
<pin_list>
<pin id="51" dir="1" index="0" bw="1" slack="2147483647"/>
</pin_list>
<bind>
<StgValue><ssdm name="_ssdm_op_SpecFUCore"/></StgValue>
</bind>
</comp>

<comp id="52" class="1001" name="const_52">
<pin_list>
<pin id="53" dir="1" index="0" bw="1" slack="2147483647"/>
</pin_list>
<bind>
<StgValue><ssdm name=""/></StgValue>
</bind>
</comp>

<comp id="54" class="1001" name="const_54">
<pin_list>
<pin id="55" dir="1" index="0" bw="1" slack="2147483647"/>
</pin_list>
<bind>
<StgValue><ssdm name=""/></StgValue>
</bind>
</comp>

<comp id="56" class="1001" name="const_56">
<pin_list>
<pin id="57" dir="1" index="0" bw="1" slack="2147483647"/>
</pin_list>
<bind>
<StgValue><ssdm name="_ssdm_op_SpecPipeline"/></StgValue>
</bind>
</comp>

<comp id="58" class="1001" name="const_58">
<pin_list>
<pin id="59" dir="1" index="0" bw="1" slack="2147483647"/>
</pin_list>
<bind>
<StgValue><ssdm name=""/></StgValue>
</bind>
</comp>

<comp id="60" class="1001" name="const_60">
<pin_list>
<pin id="61" dir="1" index="0" bw="1" slack="2147483647"/>
</pin_list>
<bind>
<StgValue><ssdm name="empty_22"/></StgValue>
</bind>
</comp>

<comp id="62" class="1001" name="const_62">
<pin_list>
<pin id="63" dir="1" index="0" bw="1" slack="2147483647"/>
</pin_list>
<bind>
<StgValue><ssdm name="_ssdm_op_SpecLoopTripCount"/></StgValue>
</bind>
</comp>

<comp id="64" class="1001" name="const_64">
<pin_list>
<pin id="65" dir="1" index="0" bw="1" slack="2147483647"/>
</pin_list>
<bind>
<StgValue><ssdm name=""/></StgValue>
</bind>
</comp>

<comp id="66" class="1001" name="const_66">
<pin_list>
<pin id="67" dir="1" index="0" bw="1" slack="2147483647"/>
</pin_list>
<bind>
<StgValue><ssdm name=""/></StgValue>
</bind>
</comp>

<comp id="68" class="1001" name="const_68">
<pin_list>
<pin id="69" dir="1" index="0" bw="1" slack="2147483647"/>
</pin_list>
<bind>
<StgValue><ssdm name=""/></StgValue>
</bind>
</comp>

<comp id="70" class="1001" name="const_70">
<pin_list>
<pin id="71" dir="1" index="0" bw="1" slack="2147483647"/>
</pin_list>
<bind>
<StgValue><ssdm name="_ssdm_op_SpecLoopName"/></StgValue>
</bind>
</comp>

<comp id="72" class="1001" name="const_72">
<pin_list>
<pin id="73" dir="1" index="0" bw="1" slack="2147483647"/>
</pin_list>
<bind>
<StgValue><ssdm name="empty_24"/></StgValue>
</bind>
</comp>

<comp id="74" class="1001" name="const_74">
<pin_list>
<pin id="75" dir="1" index="0" bw="1" slack="2147483647"/>
</pin_list>
<bind>
<StgValue><ssdm name="_ssdm_op_SpecRegionBegin"/></StgValue>
</bind>
</comp>

<comp id="76" class="1001" name="const_76">
<pin_list>
<pin id="77" dir="1" index="0" bw="1" slack="2147483647"/>
</pin_list>
<bind>
<StgValue><ssdm name="empty_10"/></StgValue>
</bind>
</comp>

<comp id="78" class="1001" name="const_78">
<pin_list>
<pin id="79" dir="1" index="0" bw="1" slack="2147483647"/>
</pin_list>
<bind>
<StgValue><ssdm name="_ssdm_op_SpecRegionEnd"/></StgValue>
</bind>
</comp>

<comp id="80" class="1001" name="const_80">
<pin_list>
<pin id="81" dir="1" index="0" bw="1" slack="2147483647"/>
</pin_list>
<bind>
<StgValue><ssdm name="empty_11"/></StgValue>
</bind>
</comp>

<comp id="82" class="1001" name="const_82">
<pin_list>
<pin id="83" dir="1" index="0" bw="1" slack="2147483647"/>
</pin_list>
<bind>
<StgValue><ssdm name="empty_12"/></StgValue>
</bind>
</comp>

<comp id="84" class="1001" name="const_84">
<pin_list>
<pin id="85" dir="1" index="0" bw="1" slack="2147483647"/>
</pin_list>
<bind>
<StgValue><ssdm name="empty_13"/></StgValue>
</bind>
</comp>

<comp id="86" class="1001" name="const_86">
<pin_list>
<pin id="87" dir="1" index="0" bw="1" slack="2147483647"/>
</pin_list>
<bind>
<StgValue><ssdm name=""/></StgValue>
</bind>
</comp>

<comp id="88" class="1001" name="const_88">
<pin_list>
<pin id="89" dir="1" index="0" bw="1" slack="2147483647"/>
</pin_list>
<bind>
<StgValue><ssdm name=""/></StgValue>
</bind>
</comp>

<comp id="90" class="1001" name="const_90">
<pin_list>
<pin id="91" dir="1" index="0" bw="1" slack="2147483647"/>
</pin_list>
<bind>
<StgValue><ssdm name=""/></StgValue>
</bind>
</comp>

<comp id="92" class="1001" name="const_92">
<pin_list>
<pin id="93" dir="1" index="0" bw="1" slack="0"/>
</pin_list>
<bind>
<StgValue><ssdm name="_ssdm_op_PartSelect.i32.i64.i32.i32"/></StgValue>
</bind>
</comp>

<comp id="94" class="1001" name="const_94">
<pin_list>
<pin id="95" dir="1" index="0" bw="1" slack="0"/>
</pin_list>
<bind>
<StgValue><ssdm name=""/></StgValue>
</bind>
</comp>

<comp id="96" class="1001" name="const_96">
<pin_list>
<pin id="97" dir="1" index="0" bw="1" slack="0"/>
</pin_list>
<bind>
<StgValue><ssdm name=""/></StgValue>
</bind>
</comp>

<comp id="98" class="1001" name="const_98">
<pin_list>
<pin id="99" dir="1" index="0" bw="1" slack="0"/>
</pin_list>
<bind>
<StgValue><ssdm name=""/></StgValue>
</bind>
</comp>

<comp id="100" class="1004" name="step_fu_100">
<pin_list>
<pin id="101" dir="0" index="0" bw="1" slack="0"/>
<pin id="102" dir="1" index="1" bw="30" slack="0"/>
</pin_list>
<bind>
<opcode="alloca(26) " fcode="alloca"/>
<opset="step/1 "/>
</bind>
</comp>

<comp id="104" class="1004" name="q_read_read_fu_104">
<pin_list>
<pin id="105" dir="0" index="0" bw="32" slack="0"/>
<pin id="106" dir="0" index="1" bw="32" slack="0"/>
<pin id="107" dir="1" index="2" bw="32" slack="12"/>
</pin_list>
<bind>
<opcode="read(1150) " fcode="read"/>
<opset="q_read/1 "/>
</bind>
</comp>

<comp id="110" class="1004" name="conv5_i_read_read_fu_110">
<pin_list>
<pin id="111" dir="0" index="0" bw="32" slack="0"/>
<pin id="112" dir="0" index="1" bw="32" slack="0"/>
<pin id="113" dir="1" index="2" bw="32" slack="0"/>
</pin_list>
<bind>
<opcode="read(1150) " fcode="read"/>
<opset="conv5_i_read/1 "/>
</bind>
</comp>

<comp id="116" class="1004" name="q_inv_read_read_fu_116">
<pin_list>
<pin id="117" dir="0" index="0" bw="32" slack="0"/>
<pin id="118" dir="0" index="1" bw="32" slack="0"/>
<pin id="119" dir="1" index="2" bw="32" slack="5"/>
</pin_list>
<bind>
<opcode="read(1150) " fcode="read"/>
<opset="q_inv_read/1 "/>
</bind>
</comp>

<comp id="122" class="1004" name="use_ping_as_input_read_read_fu_122">
<pin_list>
<pin id="123" dir="0" index="0" bw="1" slack="0"/>
<pin id="124" dir="0" index="1" bw="1" slack="0"/>
<pin id="125" dir="1" index="2" bw="1" slack="1"/>
</pin_list>
<bind>
<opcode="read(1150) " fcode="read"/>
<opset="use_ping_as_input_read/1 "/>
</bind>
</comp>

<comp id="128" class="1004" name="tmp_read_fu_128">
<pin_list>
<pin id="129" dir="0" index="0" bw="12" slack="0"/>
<pin id="130" dir="0" index="1" bw="12" slack="0"/>
<pin id="131" dir="1" index="2" bw="12" slack="0"/>
</pin_list>
<bind>
<opcode="read(1150) " fcode="read"/>
<opset="tmp/1 "/>
</bind>
</comp>

<comp id="134" class="1004" name="tmp_1_read_fu_134">
<pin_list>
<pin id="135" dir="0" index="0" bw="12" slack="0"/>
<pin id="136" dir="0" index="1" bw="12" slack="0"/>
<pin id="137" dir="1" index="2" bw="12" slack="1"/>
</pin_list>
<bind>
<opcode="read(1150) " fcode="read"/>
<opset="tmp_1/1 "/>
</bind>
</comp>

<comp id="140" class="1004" name="stage_1_read_read_fu_140">
<pin_list>
<pin id="141" dir="0" index="0" bw="32" slack="0"/>
<pin id="142" dir="0" index="1" bw="32" slack="0"/>
<pin id="143" dir="1" index="2" bw="32" slack="1"/>
</pin_list>
<bind>
<opcode="read(1150) " fcode="read"/>
<opset="stage_1_read/1 "/>
</bind>
</comp>

<comp id="146" class="1004" name="stage_read_read_fu_146">
<pin_list>
<pin id="147" dir="0" index="0" bw="32" slack="0"/>
<pin id="148" dir="0" index="1" bw="32" slack="0"/>
<pin id="149" dir="1" index="2" bw="32" slack="0"/>
</pin_list>
<bind>
<opcode="read(1150) " fcode="read"/>
<opset="stage_read/1 "/>
</bind>
</comp>

<comp id="152" class="1004" name="sub53_read_read_fu_152">
<pin_list>
<pin id="153" dir="0" index="0" bw="12" slack="0"/>
<pin id="154" dir="0" index="1" bw="12" slack="0"/>
<pin id="155" dir="1" index="2" bw="12" slack="0"/>
</pin_list>
<bind>
<opcode="read(1150) " fcode="read"/>
<opset="sub53_read/1 "/>
</bind>
</comp>

<comp id="158" class="1004" name="half_n_read_read_fu_158">
<pin_list>
<pin id="159" dir="0" index="0" bw="31" slack="0"/>
<pin id="160" dir="0" index="1" bw="31" slack="0"/>
<pin id="161" dir="1" index="2" bw="31" slack="0"/>
</pin_list>
<bind>
<opcode="read(1150) " fcode="read"/>
<opset="half_n_read/1 "/>
</bind>
</comp>

<comp id="164" class="1004" name="local_twiddles_addr_gep_fu_164">
<pin_list>
<pin id="165" dir="0" index="0" bw="32" slack="0"/>
<pin id="166" dir="0" index="1" bw="1" slack="0"/>
<pin id="167" dir="0" index="2" bw="12" slack="0"/>
<pin id="168" dir="1" index="3" bw="12" slack="0"/>
</pin_list>
<bind>
<opcode="getelementptr(29) " fcode="getelementptr"/>
<opset="local_twiddles_addr/1 "/>
</bind>
</comp>

<comp id="171" class="1004" name="grp_access_fu_171">
<pin_list>
<pin id="172" dir="0" index="0" bw="12" slack="0"/>
<pin id="173" dir="0" index="1" bw="32" slack="2147483647"/>
<pin id="174" dir="0" index="2" bw="0" slack="2147483647"/>
<pin id="175" dir="1" index="3" bw="32" slack="1"/>
</pin_list>
<bind>
<opcode="load(27) " fcode="load"/>
<opset="twiddle/1 "/>
</bind>
</comp>

<comp id="177" class="1004" name="ping_addr_gep_fu_177">
<pin_list>
<pin id="178" dir="0" index="0" bw="32" slack="0"/>
<pin id="179" dir="0" index="1" bw="1" slack="0"/>
<pin id="180" dir="0" index="2" bw="12" slack="0"/>
<pin id="181" dir="1" index="3" bw="12" slack="0"/>
</pin_list>
<bind>
<opcode="getelementptr(29) " fcode="getelementptr"/>
<opset="ping_addr/2 "/>
</bind>
</comp>

<comp id="184" class="1004" name="grp_access_fu_184">
<pin_list>
<pin id="185" dir="0" index="0" bw="12" slack="0"/>
<pin id="186" dir="0" index="1" bw="32" slack="2147483647"/>
<pin id="187" dir="0" index="2" bw="0" slack="0"/>
<pin id="189" dir="0" index="4" bw="12" slack="0"/>
<pin id="190" dir="0" index="5" bw="32" slack="2147483647"/>
<pin id="191" dir="0" index="6" bw="0" slack="2147483647"/>
<pin id="188" dir="1" index="3" bw="32" slack="0"/>
<pin id="192" dir="1" index="7" bw="32" slack="10"/>
</pin_list>
<bind>
<opcode="load(27) store(28) " fcode="store"/>
<opset="u/2 v/2 store_ln155/13 store_ln156/14 "/>
</bind>
</comp>

<comp id="194" class="1004" name="ping_addr_1_gep_fu_194">
<pin_list>
<pin id="195" dir="0" index="0" bw="32" slack="0"/>
<pin id="196" dir="0" index="1" bw="1" slack="0"/>
<pin id="197" dir="0" index="2" bw="12" slack="0"/>
<pin id="198" dir="1" index="3" bw="12" slack="0"/>
</pin_list>
<bind>
<opcode="getelementptr(29) " fcode="getelementptr"/>
<opset="ping_addr_1/2 "/>
</bind>
</comp>

<comp id="202" class="1004" name="pong_addr_gep_fu_202">
<pin_list>
<pin id="203" dir="0" index="0" bw="32" slack="0"/>
<pin id="204" dir="0" index="1" bw="1" slack="0"/>
<pin id="205" dir="0" index="2" bw="12" slack="0"/>
<pin id="206" dir="1" index="3" bw="12" slack="0"/>
</pin_list>
<bind>
<opcode="getelementptr(29) " fcode="getelementptr"/>
<opset="pong_addr/2 "/>
</bind>
</comp>

<comp id="209" class="1004" name="grp_access_fu_209">
<pin_list>
<pin id="210" dir="0" index="0" bw="12" slack="0"/>
<pin id="211" dir="0" index="1" bw="32" slack="2147483647"/>
<pin id="212" dir="0" index="2" bw="0" slack="0"/>
<pin id="214" dir="0" index="4" bw="12" slack="0"/>
<pin id="215" dir="0" index="5" bw="32" slack="2147483647"/>
<pin id="216" dir="0" index="6" bw="0" slack="2147483647"/>
<pin id="213" dir="1" index="3" bw="32" slack="0"/>
<pin id="217" dir="1" index="7" bw="32" slack="10"/>
</pin_list>
<bind>
<opcode="load(27) store(28) " fcode="store"/>
<opset="u_1/2 v_1/2 store_ln152/13 store_ln153/14 "/>
</bind>
</comp>

<comp id="219" class="1004" name="pong_addr_1_gep_fu_219">
<pin_list>
<pin id="220" dir="0" index="0" bw="32" slack="0"/>
<pin id="221" dir="0" index="1" bw="1" slack="0"/>
<pin id="222" dir="0" index="2" bw="12" slack="0"/>
<pin id="223" dir="1" index="3" bw="12" slack="0"/>
</pin_list>
<bind>
<opcode="getelementptr(29) " fcode="getelementptr"/>
<opset="pong_addr_1/2 "/>
</bind>
</comp>

<comp id="227" class="1004" name="grp_fu_227">
<pin_list>
<pin id="228" dir="0" index="0" bw="32" slack="0"/>
<pin id="229" dir="0" index="1" bw="32" slack="0"/>
<pin id="230" dir="1" index="2" bw="64" slack="0"/>
</pin_list>
<bind>
<opcode="mul(12) " fcode="mul"/>
<opset="ab/3 mq/9 "/>
</bind>
</comp>

<comp id="231" class="1004" name="grp_fu_231">
<pin_list>
<pin id="232" dir="0" index="0" bw="32" slack="0"/>
<pin id="233" dir="0" index="1" bw="32" slack="5"/>
<pin id="234" dir="1" index="2" bw="32" slack="0"/>
</pin_list>
<bind>
<opcode="mul(12) " fcode="mul"/>
<opset="m/6 "/>
</bind>
</comp>

<comp id="235" class="1004" name="conv5_i_cast_fu_235">
<pin_list>
<pin id="236" dir="0" index="0" bw="32" slack="0"/>
<pin id="237" dir="1" index="1" bw="64" slack="8"/>
</pin_list>
<bind>
<opcode="zext(34) " fcode="zext"/>
<opset="conv5_i_cast/1 "/>
</bind>
</comp>

<comp id="239" class="1004" name="store_ln126_store_fu_239">
<pin_list>
<pin id="240" dir="0" index="0" bw="1" slack="0"/>
<pin id="241" dir="0" index="1" bw="30" slack="0"/>
<pin id="242" dir="1" index="2" bw="0" slack="2147483647"/>
</pin_list>
<bind>
<opcode="store(28) " fcode="store"/>
<opset="store_ln126/1 "/>
</bind>
</comp>

<comp id="244" class="1004" name="step_1_load_fu_244">
<pin_list>
<pin id="245" dir="0" index="0" bw="30" slack="0"/>
<pin id="246" dir="1" index="1" bw="30" slack="0"/>
</pin_list>
<bind>
<opcode="load(27) " fcode="load"/>
<opset="step_1/1 "/>
</bind>
</comp>

<comp id="247" class="1004" name="zext_ln126_1_fu_247">
<pin_list>
<pin id="248" dir="0" index="0" bw="30" slack="0"/>
<pin id="249" dir="1" index="1" bw="31" slack="0"/>
</pin_list>
<bind>
<opcode="zext(34) " fcode="zext"/>
<opset="zext_ln126_1/1 "/>
</bind>
</comp>

<comp id="251" class="1004" name="icmp_ln126_fu_251">
<pin_list>
<pin id="252" dir="0" index="0" bw="30" slack="0"/>
<pin id="253" dir="0" index="1" bw="31" slack="0"/>
<pin id="254" dir="1" index="2" bw="1" slack="1"/>
</pin_list>
<bind>
<opcode="icmp(45) " fcode="icmp"/>
<opset="icmp_ln126/1 "/>
</bind>
</comp>

<comp id="257" class="1004" name="step_2_fu_257">
<pin_list>
<pin id="258" dir="0" index="0" bw="30" slack="0"/>
<pin id="259" dir="0" index="1" bw="1" slack="0"/>
<pin id="260" dir="1" index="2" bw="30" slack="0"/>
</pin_list>
<bind>
<opcode="add(8) " fcode="add"/>
<opset="step_2/1 "/>
</bind>
</comp>

<comp id="263" class="1004" name="zext_ln126_fu_263">
<pin_list>
<pin id="264" dir="0" index="0" bw="30" slack="0"/>
<pin id="265" dir="1" index="1" bw="32" slack="0"/>
</pin_list>
<bind>
<opcode="zext(34) " fcode="zext"/>
<opset="zext_ln126/1 "/>
</bind>
</comp>

<comp id="267" class="1004" name="trunc_ln126_fu_267">
<pin_list>
<pin id="268" dir="0" index="0" bw="30" slack="0"/>
<pin id="269" dir="1" index="1" bw="12" slack="0"/>
</pin_list>
<bind>
<opcode="trunc(33) " fcode="trunc"/>
<opset="trunc_ln126/1 "/>
</bind>
</comp>

<comp id="271" class="1004" name="j_fu_271">
<pin_list>
<pin id="272" dir="0" index="0" bw="12" slack="0"/>
<pin id="273" dir="0" index="1" bw="12" slack="0"/>
<pin id="274" dir="1" index="2" bw="12" slack="0"/>
</pin_list>
<bind>
<opcode="and(23) " fcode="and"/>
<opset="j/1 "/>
</bind>
</comp>

<comp id="277" class="1004" name="lshr_ln131_fu_277">
<pin_list>
<pin id="278" dir="0" index="0" bw="30" slack="0"/>
<pin id="279" dir="0" index="1" bw="32" slack="0"/>
<pin id="280" dir="1" index="2" bw="32" slack="1"/>
</pin_list>
<bind>
<opcode="lshr(21) " fcode="lshr"/>
<opset="lshr_ln131/1 "/>
</bind>
</comp>

<comp id="283" class="1004" name="add_ln134_fu_283">
<pin_list>
<pin id="284" dir="0" index="0" bw="12" slack="0"/>
<pin id="285" dir="0" index="1" bw="12" slack="0"/>
<pin id="286" dir="1" index="2" bw="12" slack="0"/>
</pin_list>
<bind>
<opcode="add(8) " fcode="add"/>
<opset="add_ln134/1 "/>
</bind>
</comp>

<comp id="289" class="1004" name="zext_ln134_fu_289">
<pin_list>
<pin id="290" dir="0" index="0" bw="12" slack="0"/>
<pin id="291" dir="1" index="1" bw="64" slack="0"/>
</pin_list>
<bind>
<opcode="zext(34) " fcode="zext"/>
<opset="zext_ln134/1 "/>
</bind>
</comp>

<comp id="294" class="1004" name="store_ln126_store_fu_294">
<pin_list>
<pin id="295" dir="0" index="0" bw="30" slack="0"/>
<pin id="296" dir="0" index="1" bw="30" slack="0"/>
<pin id="297" dir="1" index="2" bw="0" slack="2147483647"/>
</pin_list>
<bind>
<opcode="store(28) " fcode="store"/>
<opset="store_ln126/1 "/>
</bind>
</comp>

<comp id="299" class="1004" name="i_fu_299">
<pin_list>
<pin id="300" dir="0" index="0" bw="32" slack="1"/>
<pin id="301" dir="0" index="1" bw="32" slack="1"/>
<pin id="302" dir="1" index="2" bw="32" slack="0"/>
</pin_list>
<bind>
<opcode="shl(20) " fcode="shl"/>
<opset="i/2 "/>
</bind>
</comp>

<comp id="303" class="1004" name="trunc_ln131_fu_303">
<pin_list>
<pin id="304" dir="0" index="0" bw="12" slack="0"/>
<pin id="305" dir="1" index="1" bw="12" slack="0"/>
</pin_list>
<bind>
<opcode="trunc(33) " fcode="trunc"/>
<opset="trunc_ln131/2 "/>
</bind>
</comp>

<comp id="307" class="1004" name="idx1_fu_307">
<pin_list>
<pin id="308" dir="0" index="0" bw="12" slack="0"/>
<pin id="309" dir="0" index="1" bw="12" slack="1"/>
<pin id="310" dir="1" index="2" bw="12" slack="0"/>
</pin_list>
<bind>
<opcode="add(8) " fcode="add"/>
<opset="idx1/2 "/>
</bind>
</comp>

<comp id="312" class="1004" name="add_ln133_fu_312">
<pin_list>
<pin id="313" dir="0" index="0" bw="12" slack="1"/>
<pin id="314" dir="0" index="1" bw="12" slack="0"/>
<pin id="315" dir="1" index="2" bw="12" slack="0"/>
</pin_list>
<bind>
<opcode="add(8) " fcode="add"/>
<opset="add_ln133/2 "/>
</bind>
</comp>

<comp id="317" class="1004" name="idx2_fu_317">
<pin_list>
<pin id="318" dir="0" index="0" bw="12" slack="0"/>
<pin id="319" dir="0" index="1" bw="12" slack="1"/>
<pin id="320" dir="1" index="2" bw="12" slack="0"/>
</pin_list>
<bind>
<opcode="add(8) " fcode="add"/>
<opset="idx2/2 "/>
</bind>
</comp>

<comp id="322" class="1004" name="zext_ln139_fu_322">
<pin_list>
<pin id="323" dir="0" index="0" bw="12" slack="0"/>
<pin id="324" dir="1" index="1" bw="64" slack="0"/>
</pin_list>
<bind>
<opcode="zext(34) " fcode="zext"/>
<opset="zext_ln139/2 "/>
</bind>
</comp>

<comp id="328" class="1004" name="zext_ln140_fu_328">
<pin_list>
<pin id="329" dir="0" index="0" bw="12" slack="0"/>
<pin id="330" dir="1" index="1" bw="64" slack="0"/>
</pin_list>
<bind>
<opcode="zext(34) " fcode="zext"/>
<opset="zext_ln140/2 "/>
</bind>
</comp>

<comp id="334" class="1004" name="v_2_fu_334">
<pin_list>
<pin id="335" dir="0" index="0" bw="1" slack="2"/>
<pin id="336" dir="0" index="1" bw="32" slack="0"/>
<pin id="337" dir="0" index="2" bw="32" slack="0"/>
<pin id="338" dir="1" index="3" bw="32" slack="0"/>
</pin_list>
<bind>
<opcode="select(49) " fcode="select"/>
<opset="v_2/3 "/>
</bind>
</comp>

<comp id="341" class="1004" name="zext_ln24_fu_341">
<pin_list>
<pin id="342" dir="0" index="0" bw="32" slack="0"/>
<pin id="343" dir="1" index="1" bw="64" slack="0"/>
</pin_list>
<bind>
<opcode="zext(34) " fcode="zext"/>
<opset="zext_ln24/3 "/>
</bind>
</comp>

<comp id="346" class="1004" name="zext_ln24_1_fu_346">
<pin_list>
<pin id="347" dir="0" index="0" bw="32" slack="1"/>
<pin id="348" dir="1" index="1" bw="64" slack="0"/>
</pin_list>
<bind>
<opcode="zext(34) " fcode="zext"/>
<opset="zext_ln24_1/3 "/>
</bind>
</comp>

<comp id="350" class="1004" name="ab_low_fu_350">
<pin_list>
<pin id="351" dir="0" index="0" bw="64" slack="0"/>
<pin id="352" dir="1" index="1" bw="32" slack="0"/>
</pin_list>
<bind>
<opcode="trunc(33) " fcode="trunc"/>
<opset="ab_low/6 "/>
</bind>
</comp>

<comp id="355" class="1004" name="zext_ln33_fu_355">
<pin_list>
<pin id="356" dir="0" index="0" bw="32" slack="0"/>
<pin id="357" dir="1" index="1" bw="64" slack="0"/>
</pin_list>
<bind>
<opcode="zext(34) " fcode="zext"/>
<opset="zext_ln33/9 "/>
</bind>
</comp>

<comp id="360" class="1004" name="grp_fu_360">
<pin_list>
<pin id="361" dir="0" index="0" bw="64" slack="0"/>
<pin id="362" dir="0" index="1" bw="64" slack="6"/>
<pin id="363" dir="1" index="2" bw="64" slack="0"/>
</pin_list>
<bind>
<opcode="add(8) " fcode="add"/>
<opset="sum/12 "/>
</bind>
</comp>

<comp id="365" class="1004" name="u_2_fu_365">
<pin_list>
<pin id="366" dir="0" index="0" bw="1" slack="12"/>
<pin id="367" dir="0" index="1" bw="32" slack="10"/>
<pin id="368" dir="0" index="2" bw="32" slack="10"/>
<pin id="369" dir="1" index="3" bw="32" slack="0"/>
</pin_list>
<bind>
<opcode="select(49) " fcode="select"/>
<opset="u_2/13 "/>
</bind>
</comp>

<comp id="370" class="1004" name="t_fu_370">
<pin_list>
<pin id="371" dir="0" index="0" bw="32" slack="0"/>
<pin id="372" dir="0" index="1" bw="64" slack="0"/>
<pin id="373" dir="0" index="2" bw="7" slack="0"/>
<pin id="374" dir="0" index="3" bw="7" slack="0"/>
<pin id="375" dir="1" index="4" bw="32" slack="0"/>
</pin_list>
<bind>
<opcode="partselect(1002) " fcode="partselect"/>
<opset="t/13 "/>
</bind>
</comp>

<comp id="380" class="1004" name="icmp_ln44_fu_380">
<pin_list>
<pin id="381" dir="0" index="0" bw="32" slack="0"/>
<pin id="382" dir="0" index="1" bw="32" slack="12"/>
<pin id="383" dir="1" index="2" bw="1" slack="0"/>
</pin_list>
<bind>
<opcode="icmp(45) " fcode="icmp"/>
<opset="icmp_ln44/13 "/>
</bind>
</comp>

<comp id="385" class="1004" name="xor_ln44_fu_385">
<pin_list>
<pin id="386" dir="0" index="0" bw="1" slack="0"/>
<pin id="387" dir="0" index="1" bw="1" slack="0"/>
<pin id="388" dir="1" index="2" bw="1" slack="0"/>
</pin_list>
<bind>
<opcode="xor(25) " fcode="xor"/>
<opset="xor_ln44/13 "/>
</bind>
</comp>

<comp id="391" class="1004" name="sub_ln44_fu_391">
<pin_list>
<pin id="392" dir="0" index="0" bw="32" slack="0"/>
<pin id="393" dir="0" index="1" bw="32" slack="12"/>
<pin id="394" dir="1" index="2" bw="32" slack="0"/>
</pin_list>
<bind>
<opcode="sub(10) " fcode="sub"/>
<opset="sub_ln44/13 "/>
</bind>
</comp>

<comp id="396" class="1004" name="t_1_fu_396">
<pin_list>
<pin id="397" dir="0" index="0" bw="1" slack="0"/>
<pin id="398" dir="0" index="1" bw="32" slack="0"/>
<pin id="399" dir="0" index="2" bw="32" slack="0"/>
<pin id="400" dir="1" index="3" bw="32" slack="0"/>
</pin_list>
<bind>
<opcode="select(49) " fcode="select"/>
<opset="t_1/13 "/>
</bind>
</comp>

<comp id="404" class="1004" name="res_fu_404">
<pin_list>
<pin id="405" dir="0" index="0" bw="32" slack="0"/>
<pin id="406" dir="0" index="1" bw="32" slack="0"/>
<pin id="407" dir="1" index="2" bw="32" slack="0"/>
</pin_list>
<bind>
<opcode="add(8) " fcode="add"/>
<opset="res/13 "/>
</bind>
</comp>

<comp id="410" class="1004" name="icmp_ln11_fu_410">
<pin_list>
<pin id="411" dir="0" index="0" bw="32" slack="0"/>
<pin id="412" dir="0" index="1" bw="32" slack="12"/>
<pin id="413" dir="1" index="2" bw="1" slack="0"/>
</pin_list>
<bind>
<opcode="icmp(45) " fcode="icmp"/>
<opset="icmp_ln11/13 "/>
</bind>
</comp>

<comp id="415" class="1004" name="xor_ln11_fu_415">
<pin_list>
<pin id="416" dir="0" index="0" bw="1" slack="0"/>
<pin id="417" dir="0" index="1" bw="1" slack="0"/>
<pin id="418" dir="1" index="2" bw="1" slack="0"/>
</pin_list>
<bind>
<opcode="xor(25) " fcode="xor"/>
<opset="xor_ln11/13 "/>
</bind>
</comp>

<comp id="421" class="1004" name="icmp_ln11_1_fu_421">
<pin_list>
<pin id="422" dir="0" index="0" bw="32" slack="0"/>
<pin id="423" dir="0" index="1" bw="32" slack="0"/>
<pin id="424" dir="1" index="2" bw="1" slack="0"/>
</pin_list>
<bind>
<opcode="icmp(45) " fcode="icmp"/>
<opset="icmp_ln11_1/13 "/>
</bind>
</comp>

<comp id="427" class="1004" name="or_ln11_fu_427">
<pin_list>
<pin id="428" dir="0" index="0" bw="1" slack="0"/>
<pin id="429" dir="0" index="1" bw="1" slack="0"/>
<pin id="430" dir="1" index="2" bw="1" slack="0"/>
</pin_list>
<bind>
<opcode="or(24) " fcode="or"/>
<opset="or_ln11/13 "/>
</bind>
</comp>

<comp id="433" class="1004" name="sub_ln11_fu_433">
<pin_list>
<pin id="434" dir="0" index="0" bw="32" slack="0"/>
<pin id="435" dir="0" index="1" bw="32" slack="12"/>
<pin id="436" dir="1" index="2" bw="32" slack="0"/>
</pin_list>
<bind>
<opcode="sub(10) " fcode="sub"/>
<opset="sub_ln11/13 "/>
</bind>
</comp>

<comp id="438" class="1004" name="out_u_fu_438">
<pin_list>
<pin id="439" dir="0" index="0" bw="1" slack="0"/>
<pin id="440" dir="0" index="1" bw="32" slack="0"/>
<pin id="441" dir="0" index="2" bw="32" slack="0"/>
<pin id="442" dir="1" index="3" bw="32" slack="0"/>
</pin_list>
<bind>
<opcode="select(49) " fcode="select"/>
<opset="out_u/13 "/>
</bind>
</comp>

<comp id="448" class="1004" name="icmp_ln16_fu_448">
<pin_list>
<pin id="449" dir="0" index="0" bw="32" slack="0"/>
<pin id="450" dir="0" index="1" bw="32" slack="0"/>
<pin id="451" dir="1" index="2" bw="1" slack="0"/>
</pin_list>
<bind>
<opcode="icmp(45) " fcode="icmp"/>
<opset="icmp_ln16/13 "/>
</bind>
</comp>

<comp id="454" class="1004" name="add_ln16_fu_454">
<pin_list>
<pin id="455" dir="0" index="0" bw="32" slack="0"/>
<pin id="456" dir="0" index="1" bw="32" slack="12"/>
<pin id="457" dir="1" index="2" bw="32" slack="0"/>
</pin_list>
<bind>
<opcode="add(8) " fcode="add"/>
<opset="add_ln16/13 "/>
</bind>
</comp>

<comp id="459" class="1004" name="select_ln16_fu_459">
<pin_list>
<pin id="460" dir="0" index="0" bw="1" slack="0"/>
<pin id="461" dir="0" index="1" bw="32" slack="0"/>
<pin id="462" dir="0" index="2" bw="32" slack="0"/>
<pin id="463" dir="1" index="3" bw="32" slack="0"/>
</pin_list>
<bind>
<opcode="select(49) " fcode="select"/>
<opset="select_ln16/13 "/>
</bind>
</comp>

<comp id="467" class="1004" name="out_v_fu_467">
<pin_list>
<pin id="468" dir="0" index="0" bw="32" slack="0"/>
<pin id="469" dir="0" index="1" bw="32" slack="0"/>
<pin id="470" dir="1" index="2" bw="32" slack="1"/>
</pin_list>
<bind>
<opcode="sub(10) " fcode="sub"/>
<opset="out_v/13 "/>
</bind>
</comp>

<comp id="473" class="1005" name="step_reg_473">
<pin_list>
<pin id="474" dir="0" index="0" bw="30" slack="0"/>
<pin id="475" dir="1" index="1" bw="30" slack="0"/>
</pin_list>
<bind>
<opset="step "/>
</bind>
</comp>

<comp id="480" class="1005" name="q_read_reg_480">
<pin_list>
<pin id="481" dir="0" index="0" bw="32" slack="12"/>
<pin id="482" dir="1" index="1" bw="32" slack="12"/>
</pin_list>
<bind>
<opset="q_read "/>
</bind>
</comp>

<comp id="489" class="1005" name="q_inv_read_reg_489">
<pin_list>
<pin id="490" dir="0" index="0" bw="32" slack="5"/>
<pin id="491" dir="1" index="1" bw="32" slack="5"/>
</pin_list>
<bind>
<opset="q_inv_read "/>
</bind>
</comp>

<comp id="494" class="1005" name="use_ping_as_input_read_reg_494">
<pin_list>
<pin id="495" dir="0" index="0" bw="1" slack="1"/>
<pin id="496" dir="1" index="1" bw="1" slack="2"/>
</pin_list>
<bind>
<opset="use_ping_as_input_read "/>
</bind>
</comp>

<comp id="500" class="1005" name="tmp_1_reg_500">
<pin_list>
<pin id="501" dir="0" index="0" bw="12" slack="1"/>
<pin id="502" dir="1" index="1" bw="12" slack="1"/>
</pin_list>
<bind>
<opset="tmp_1 "/>
</bind>
</comp>

<comp id="505" class="1005" name="stage_1_read_reg_505">
<pin_list>
<pin id="506" dir="0" index="0" bw="32" slack="1"/>
<pin id="507" dir="1" index="1" bw="32" slack="1"/>
</pin_list>
<bind>
<opset="stage_1_read "/>
</bind>
</comp>

<comp id="510" class="1005" name="conv5_i_cast_reg_510">
<pin_list>
<pin id="511" dir="0" index="0" bw="64" slack="8"/>
<pin id="512" dir="1" index="1" bw="64" slack="8"/>
</pin_list>
<bind>
<opset="conv5_i_cast "/>
</bind>
</comp>

<comp id="515" class="1005" name="icmp_ln126_reg_515">
<pin_list>
<pin id="516" dir="0" index="0" bw="1" slack="1"/>
<pin id="517" dir="1" index="1" bw="1" slack="2147483647"/>
</pin_list>
<bind>
<opset="icmp_ln126 "/>
</bind>
</comp>

<comp id="519" class="1005" name="j_reg_519">
<pin_list>
<pin id="520" dir="0" index="0" bw="12" slack="1"/>
<pin id="521" dir="1" index="1" bw="12" slack="1"/>
</pin_list>
<bind>
<opset="j "/>
</bind>
</comp>

<comp id="525" class="1005" name="lshr_ln131_reg_525">
<pin_list>
<pin id="526" dir="0" index="0" bw="32" slack="1"/>
<pin id="527" dir="1" index="1" bw="32" slack="1"/>
</pin_list>
<bind>
<opset="lshr_ln131 "/>
</bind>
</comp>

<comp id="530" class="1005" name="local_twiddles_addr_reg_530">
<pin_list>
<pin id="531" dir="0" index="0" bw="12" slack="1"/>
<pin id="532" dir="1" index="1" bw="12" slack="1"/>
</pin_list>
<bind>
<opset="local_twiddles_addr "/>
</bind>
</comp>

<comp id="535" class="1005" name="twiddle_reg_535">
<pin_list>
<pin id="536" dir="0" index="0" bw="32" slack="1"/>
<pin id="537" dir="1" index="1" bw="32" slack="1"/>
</pin_list>
<bind>
<opset="twiddle "/>
</bind>
</comp>

<comp id="540" class="1005" name="ping_addr_reg_540">
<pin_list>
<pin id="541" dir="0" index="0" bw="12" slack="1"/>
<pin id="542" dir="1" index="1" bw="12" slack="1"/>
</pin_list>
<bind>
<opset="ping_addr "/>
</bind>
</comp>

<comp id="545" class="1005" name="ping_addr_1_reg_545">
<pin_list>
<pin id="546" dir="0" index="0" bw="12" slack="1"/>
<pin id="547" dir="1" index="1" bw="12" slack="1"/>
</pin_list>
<bind>
<opset="ping_addr_1 "/>
</bind>
</comp>

<comp id="551" class="1005" name="pong_addr_reg_551">
<pin_list>
<pin id="552" dir="0" index="0" bw="12" slack="1"/>
<pin id="553" dir="1" index="1" bw="12" slack="1"/>
</pin_list>
<bind>
<opset="pong_addr "/>
</bind>
</comp>

<comp id="556" class="1005" name="pong_addr_1_reg_556">
<pin_list>
<pin id="557" dir="0" index="0" bw="12" slack="1"/>
<pin id="558" dir="1" index="1" bw="12" slack="1"/>
</pin_list>
<bind>
<opset="pong_addr_1 "/>
</bind>
</comp>

<comp id="562" class="1005" name="u_reg_562">
<pin_list>
<pin id="563" dir="0" index="0" bw="32" slack="10"/>
<pin id="564" dir="1" index="1" bw="32" slack="10"/>
</pin_list>
<bind>
<opset="u "/>
</bind>
</comp>

<comp id="567" class="1005" name="u_1_reg_567">
<pin_list>
<pin id="568" dir="0" index="0" bw="32" slack="10"/>
<pin id="569" dir="1" index="1" bw="32" slack="10"/>
</pin_list>
<bind>
<opset="u_1 "/>
</bind>
</comp>

<comp id="572" class="1005" name="zext_ln24_reg_572">
<pin_list>
<pin id="573" dir="0" index="0" bw="64" slack="1"/>
<pin id="574" dir="1" index="1" bw="64" slack="1"/>
</pin_list>
<bind>
<opset="zext_ln24 "/>
</bind>
</comp>

<comp id="577" class="1005" name="zext_ln24_1_reg_577">
<pin_list>
<pin id="578" dir="0" index="0" bw="64" slack="1"/>
<pin id="579" dir="1" index="1" bw="64" slack="1"/>
</pin_list>
<bind>
<opset="zext_ln24_1 "/>
</bind>
</comp>

<comp id="582" class="1005" name="ab_reg_582">
<pin_list>
<pin id="583" dir="0" index="0" bw="64" slack="6"/>
<pin id="584" dir="1" index="1" bw="64" slack="6"/>
</pin_list>
<bind>
<opset="ab "/>
</bind>
</comp>

<comp id="587" class="1005" name="ab_low_reg_587">
<pin_list>
<pin id="588" dir="0" index="0" bw="32" slack="1"/>
<pin id="589" dir="1" index="1" bw="32" slack="1"/>
</pin_list>
<bind>
<opset="ab_low "/>
</bind>
</comp>

<comp id="592" class="1005" name="zext_ln33_reg_592">
<pin_list>
<pin id="593" dir="0" index="0" bw="64" slack="1"/>
<pin id="594" dir="1" index="1" bw="64" slack="1"/>
</pin_list>
<bind>
<opset="zext_ln33 "/>
</bind>
</comp>

<comp id="597" class="1005" name="mq_reg_597">
<pin_list>
<pin id="598" dir="0" index="0" bw="64" slack="1"/>
<pin id="599" dir="1" index="1" bw="64" slack="1"/>
</pin_list>
<bind>
<opset="mq "/>
</bind>
</comp>

<comp id="602" class="1005" name="out_v_reg_602">
<pin_list>
<pin id="603" dir="0" index="0" bw="32" slack="1"/>
<pin id="604" dir="1" index="1" bw="32" slack="1"/>
</pin_list>
<bind>
<opset="out_v "/>
</bind>
</comp>

</comp_list>

<net_list>
<net id="103"><net_src comp="26" pin="0"/><net_sink comp="100" pin=0"/></net>

<net id="108"><net_src comp="28" pin="0"/><net_sink comp="104" pin=0"/></net>

<net id="109"><net_src comp="24" pin="0"/><net_sink comp="104" pin=1"/></net>

<net id="114"><net_src comp="28" pin="0"/><net_sink comp="110" pin=0"/></net>

<net id="115"><net_src comp="22" pin="0"/><net_sink comp="110" pin=1"/></net>

<net id="120"><net_src comp="28" pin="0"/><net_sink comp="116" pin=0"/></net>

<net id="121"><net_src comp="20" pin="0"/><net_sink comp="116" pin=1"/></net>

<net id="126"><net_src comp="30" pin="0"/><net_sink comp="122" pin=0"/></net>

<net id="127"><net_src comp="18" pin="0"/><net_sink comp="122" pin=1"/></net>

<net id="132"><net_src comp="32" pin="0"/><net_sink comp="128" pin=0"/></net>

<net id="133"><net_src comp="10" pin="0"/><net_sink comp="128" pin=1"/></net>

<net id="138"><net_src comp="32" pin="0"/><net_sink comp="134" pin=0"/></net>

<net id="139"><net_src comp="8" pin="0"/><net_sink comp="134" pin=1"/></net>

<net id="144"><net_src comp="28" pin="0"/><net_sink comp="140" pin=0"/></net>

<net id="145"><net_src comp="6" pin="0"/><net_sink comp="140" pin=1"/></net>

<net id="150"><net_src comp="28" pin="0"/><net_sink comp="146" pin=0"/></net>

<net id="151"><net_src comp="4" pin="0"/><net_sink comp="146" pin=1"/></net>

<net id="156"><net_src comp="32" pin="0"/><net_sink comp="152" pin=0"/></net>

<net id="157"><net_src comp="2" pin="0"/><net_sink comp="152" pin=1"/></net>

<net id="162"><net_src comp="34" pin="0"/><net_sink comp="158" pin=0"/></net>

<net id="163"><net_src comp="0" pin="0"/><net_sink comp="158" pin=1"/></net>

<net id="169"><net_src comp="12" pin="0"/><net_sink comp="164" pin=0"/></net>

<net id="170"><net_src comp="48" pin="0"/><net_sink comp="164" pin=1"/></net>

<net id="176"><net_src comp="164" pin="3"/><net_sink comp="171" pin=0"/></net>

<net id="182"><net_src comp="14" pin="0"/><net_sink comp="177" pin=0"/></net>

<net id="183"><net_src comp="48" pin="0"/><net_sink comp="177" pin=1"/></net>

<net id="193"><net_src comp="177" pin="3"/><net_sink comp="184" pin=2"/></net>

<net id="199"><net_src comp="14" pin="0"/><net_sink comp="194" pin=0"/></net>

<net id="200"><net_src comp="48" pin="0"/><net_sink comp="194" pin=1"/></net>

<net id="201"><net_src comp="194" pin="3"/><net_sink comp="184" pin=0"/></net>

<net id="207"><net_src comp="16" pin="0"/><net_sink comp="202" pin=0"/></net>

<net id="208"><net_src comp="48" pin="0"/><net_sink comp="202" pin=1"/></net>

<net id="218"><net_src comp="202" pin="3"/><net_sink comp="209" pin=2"/></net>

<net id="224"><net_src comp="16" pin="0"/><net_sink comp="219" pin=0"/></net>

<net id="225"><net_src comp="48" pin="0"/><net_sink comp="219" pin=1"/></net>

<net id="226"><net_src comp="219" pin="3"/><net_sink comp="209" pin=0"/></net>

<net id="238"><net_src comp="110" pin="2"/><net_sink comp="235" pin=0"/></net>

<net id="243"><net_src comp="44" pin="0"/><net_sink comp="239" pin=0"/></net>

<net id="250"><net_src comp="244" pin="1"/><net_sink comp="247" pin=0"/></net>

<net id="255"><net_src comp="247" pin="1"/><net_sink comp="251" pin=0"/></net>

<net id="256"><net_src comp="158" pin="2"/><net_sink comp="251" pin=1"/></net>

<net id="261"><net_src comp="244" pin="1"/><net_sink comp="257" pin=0"/></net>

<net id="262"><net_src comp="46" pin="0"/><net_sink comp="257" pin=1"/></net>

<net id="266"><net_src comp="244" pin="1"/><net_sink comp="263" pin=0"/></net>

<net id="270"><net_src comp="244" pin="1"/><net_sink comp="267" pin=0"/></net>

<net id="275"><net_src comp="267" pin="1"/><net_sink comp="271" pin=0"/></net>

<net id="276"><net_src comp="152" pin="2"/><net_sink comp="271" pin=1"/></net>

<net id="281"><net_src comp="263" pin="1"/><net_sink comp="277" pin=0"/></net>

<net id="282"><net_src comp="146" pin="2"/><net_sink comp="277" pin=1"/></net>

<net id="287"><net_src comp="271" pin="2"/><net_sink comp="283" pin=0"/></net>

<net id="288"><net_src comp="128" pin="2"/><net_sink comp="283" pin=1"/></net>

<net id="292"><net_src comp="283" pin="2"/><net_sink comp="289" pin=0"/></net>

<net id="293"><net_src comp="289" pin="1"/><net_sink comp="164" pin=2"/></net>

<net id="298"><net_src comp="257" pin="2"/><net_sink comp="294" pin=0"/></net>

<net id="306"><net_src comp="299" pin="2"/><net_sink comp="303" pin=0"/></net>

<net id="311"><net_src comp="303" pin="1"/><net_sink comp="307" pin=0"/></net>

<net id="316"><net_src comp="303" pin="1"/><net_sink comp="312" pin=1"/></net>

<net id="321"><net_src comp="312" pin="2"/><net_sink comp="317" pin=0"/></net>

<net id="325"><net_src comp="307" pin="2"/><net_sink comp="322" pin=0"/></net>

<net id="326"><net_src comp="322" pin="1"/><net_sink comp="177" pin=2"/></net>

<net id="327"><net_src comp="322" pin="1"/><net_sink comp="202" pin=2"/></net>

<net id="331"><net_src comp="317" pin="2"/><net_sink comp="328" pin=0"/></net>

<net id="332"><net_src comp="328" pin="1"/><net_sink comp="194" pin=2"/></net>

<net id="333"><net_src comp="328" pin="1"/><net_sink comp="219" pin=2"/></net>

<net id="339"><net_src comp="184" pin="3"/><net_sink comp="334" pin=1"/></net>

<net id="340"><net_src comp="209" pin="3"/><net_sink comp="334" pin=2"/></net>

<net id="344"><net_src comp="334" pin="3"/><net_sink comp="341" pin=0"/></net>

<net id="345"><net_src comp="341" pin="1"/><net_sink comp="227" pin=0"/></net>

<net id="349"><net_src comp="346" pin="1"/><net_sink comp="227" pin=1"/></net>

<net id="353"><net_src comp="227" pin="2"/><net_sink comp="350" pin=0"/></net>

<net id="354"><net_src comp="350" pin="1"/><net_sink comp="231" pin=0"/></net>

<net id="358"><net_src comp="231" pin="2"/><net_sink comp="355" pin=0"/></net>

<net id="359"><net_src comp="355" pin="1"/><net_sink comp="227" pin=0"/></net>

<net id="364"><net_src comp="227" pin="2"/><net_sink comp="360" pin=0"/></net>

<net id="376"><net_src comp="92" pin="0"/><net_sink comp="370" pin=0"/></net>

<net id="377"><net_src comp="360" pin="2"/><net_sink comp="370" pin=1"/></net>

<net id="378"><net_src comp="94" pin="0"/><net_sink comp="370" pin=2"/></net>

<net id="379"><net_src comp="96" pin="0"/><net_sink comp="370" pin=3"/></net>

<net id="384"><net_src comp="370" pin="4"/><net_sink comp="380" pin=0"/></net>

<net id="389"><net_src comp="380" pin="2"/><net_sink comp="385" pin=0"/></net>

<net id="390"><net_src comp="98" pin="0"/><net_sink comp="385" pin=1"/></net>

<net id="395"><net_src comp="370" pin="4"/><net_sink comp="391" pin=0"/></net>

<net id="401"><net_src comp="385" pin="2"/><net_sink comp="396" pin=0"/></net>

<net id="402"><net_src comp="391" pin="2"/><net_sink comp="396" pin=1"/></net>

<net id="403"><net_src comp="370" pin="4"/><net_sink comp="396" pin=2"/></net>

<net id="408"><net_src comp="396" pin="3"/><net_sink comp="404" pin=0"/></net>

<net id="409"><net_src comp="365" pin="3"/><net_sink comp="404" pin=1"/></net>

<net id="414"><net_src comp="404" pin="2"/><net_sink comp="410" pin=0"/></net>

<net id="419"><net_src comp="410" pin="2"/><net_sink comp="415" pin=0"/></net>

<net id="420"><net_src comp="98" pin="0"/><net_sink comp="415" pin=1"/></net>

<net id="425"><net_src comp="404" pin="2"/><net_sink comp="421" pin=0"/></net>

<net id="426"><net_src comp="365" pin="3"/><net_sink comp="421" pin=1"/></net>

<net id="431"><net_src comp="415" pin="2"/><net_sink comp="427" pin=0"/></net>

<net id="432"><net_src comp="421" pin="2"/><net_sink comp="427" pin=1"/></net>

<net id="437"><net_src comp="404" pin="2"/><net_sink comp="433" pin=0"/></net>

<net id="443"><net_src comp="427" pin="2"/><net_sink comp="438" pin=0"/></net>

<net id="444"><net_src comp="433" pin="2"/><net_sink comp="438" pin=1"/></net>

<net id="445"><net_src comp="404" pin="2"/><net_sink comp="438" pin=2"/></net>

<net id="446"><net_src comp="438" pin="3"/><net_sink comp="184" pin=4"/></net>

<net id="447"><net_src comp="438" pin="3"/><net_sink comp="209" pin=4"/></net>

<net id="452"><net_src comp="365" pin="3"/><net_sink comp="448" pin=0"/></net>

<net id="453"><net_src comp="396" pin="3"/><net_sink comp="448" pin=1"/></net>

<net id="458"><net_src comp="365" pin="3"/><net_sink comp="454" pin=0"/></net>

<net id="464"><net_src comp="448" pin="2"/><net_sink comp="459" pin=0"/></net>

<net id="465"><net_src comp="454" pin="2"/><net_sink comp="459" pin=1"/></net>

<net id="466"><net_src comp="365" pin="3"/><net_sink comp="459" pin=2"/></net>

<net id="471"><net_src comp="459" pin="3"/><net_sink comp="467" pin=0"/></net>

<net id="472"><net_src comp="396" pin="3"/><net_sink comp="467" pin=1"/></net>

<net id="476"><net_src comp="100" pin="1"/><net_sink comp="473" pin=0"/></net>

<net id="477"><net_src comp="473" pin="1"/><net_sink comp="239" pin=1"/></net>

<net id="478"><net_src comp="473" pin="1"/><net_sink comp="244" pin=0"/></net>

<net id="479"><net_src comp="473" pin="1"/><net_sink comp="294" pin=1"/></net>

<net id="483"><net_src comp="104" pin="2"/><net_sink comp="480" pin=0"/></net>

<net id="484"><net_src comp="480" pin="1"/><net_sink comp="380" pin=1"/></net>

<net id="485"><net_src comp="480" pin="1"/><net_sink comp="391" pin=1"/></net>

<net id="486"><net_src comp="480" pin="1"/><net_sink comp="410" pin=1"/></net>

<net id="487"><net_src comp="480" pin="1"/><net_sink comp="433" pin=1"/></net>

<net id="488"><net_src comp="480" pin="1"/><net_sink comp="454" pin=1"/></net>

<net id="492"><net_src comp="116" pin="2"/><net_sink comp="489" pin=0"/></net>

<net id="493"><net_src comp="489" pin="1"/><net_sink comp="231" pin=1"/></net>

<net id="497"><net_src comp="122" pin="2"/><net_sink comp="494" pin=0"/></net>

<net id="498"><net_src comp="494" pin="1"/><net_sink comp="334" pin=0"/></net>

<net id="499"><net_src comp="494" pin="1"/><net_sink comp="365" pin=0"/></net>

<net id="503"><net_src comp="134" pin="2"/><net_sink comp="500" pin=0"/></net>

<net id="504"><net_src comp="500" pin="1"/><net_sink comp="312" pin=0"/></net>

<net id="508"><net_src comp="140" pin="2"/><net_sink comp="505" pin=0"/></net>

<net id="509"><net_src comp="505" pin="1"/><net_sink comp="299" pin=1"/></net>

<net id="513"><net_src comp="235" pin="1"/><net_sink comp="510" pin=0"/></net>

<net id="514"><net_src comp="510" pin="1"/><net_sink comp="227" pin=1"/></net>

<net id="518"><net_src comp="251" pin="2"/><net_sink comp="515" pin=0"/></net>

<net id="522"><net_src comp="271" pin="2"/><net_sink comp="519" pin=0"/></net>

<net id="523"><net_src comp="519" pin="1"/><net_sink comp="307" pin=1"/></net>

<net id="524"><net_src comp="519" pin="1"/><net_sink comp="317" pin=1"/></net>

<net id="528"><net_src comp="277" pin="2"/><net_sink comp="525" pin=0"/></net>

<net id="529"><net_src comp="525" pin="1"/><net_sink comp="299" pin=0"/></net>

<net id="533"><net_src comp="164" pin="3"/><net_sink comp="530" pin=0"/></net>

<net id="534"><net_src comp="530" pin="1"/><net_sink comp="171" pin=0"/></net>

<net id="538"><net_src comp="171" pin="3"/><net_sink comp="535" pin=0"/></net>

<net id="539"><net_src comp="535" pin="1"/><net_sink comp="346" pin=0"/></net>

<net id="543"><net_src comp="177" pin="3"/><net_sink comp="540" pin=0"/></net>

<net id="544"><net_src comp="540" pin="1"/><net_sink comp="184" pin=2"/></net>

<net id="548"><net_src comp="194" pin="3"/><net_sink comp="545" pin=0"/></net>

<net id="549"><net_src comp="545" pin="1"/><net_sink comp="184" pin=0"/></net>

<net id="550"><net_src comp="545" pin="1"/><net_sink comp="184" pin=2"/></net>

<net id="554"><net_src comp="202" pin="3"/><net_sink comp="551" pin=0"/></net>

<net id="555"><net_src comp="551" pin="1"/><net_sink comp="209" pin=2"/></net>

<net id="559"><net_src comp="219" pin="3"/><net_sink comp="556" pin=0"/></net>

<net id="560"><net_src comp="556" pin="1"/><net_sink comp="209" pin=0"/></net>

<net id="561"><net_src comp="556" pin="1"/><net_sink comp="209" pin=2"/></net>

<net id="565"><net_src comp="184" pin="7"/><net_sink comp="562" pin=0"/></net>

<net id="566"><net_src comp="562" pin="1"/><net_sink comp="365" pin=1"/></net>

<net id="570"><net_src comp="209" pin="7"/><net_sink comp="567" pin=0"/></net>

<net id="571"><net_src comp="567" pin="1"/><net_sink comp="365" pin=2"/></net>

<net id="575"><net_src comp="341" pin="1"/><net_sink comp="572" pin=0"/></net>

<net id="576"><net_src comp="572" pin="1"/><net_sink comp="227" pin=0"/></net>

<net id="580"><net_src comp="346" pin="1"/><net_sink comp="577" pin=0"/></net>

<net id="581"><net_src comp="577" pin="1"/><net_sink comp="227" pin=1"/></net>

<net id="585"><net_src comp="227" pin="2"/><net_sink comp="582" pin=0"/></net>

<net id="586"><net_src comp="582" pin="1"/><net_sink comp="360" pin=1"/></net>

<net id="590"><net_src comp="350" pin="1"/><net_sink comp="587" pin=0"/></net>

<net id="591"><net_src comp="587" pin="1"/><net_sink comp="231" pin=0"/></net>

<net id="595"><net_src comp="355" pin="1"/><net_sink comp="592" pin=0"/></net>

<net id="596"><net_src comp="592" pin="1"/><net_sink comp="227" pin=0"/></net>

<net id="600"><net_src comp="227" pin="2"/><net_sink comp="597" pin=0"/></net>

<net id="601"><net_src comp="597" pin="1"/><net_sink comp="360" pin=0"/></net>

<net id="605"><net_src comp="467" pin="2"/><net_sink comp="602" pin=0"/></net>

<net id="606"><net_src comp="602" pin="1"/><net_sink comp="184" pin=4"/></net>

<net id="607"><net_src comp="602" pin="1"/><net_sink comp="209" pin=4"/></net>

</net_list>

</model> 
---------------- Datapath Model END ------------------

* FSMD analyzer results:
  - Output states:
	Port: ping | {13 14 }
	Port: pong | {13 14 }
 - Input state : 
	Port: ntt_kernel_Pipeline_FLATTENED_BUTTERFLY_LOOP : half_n | {1 }
	Port: ntt_kernel_Pipeline_FLATTENED_BUTTERFLY_LOOP : sub53 | {1 }
	Port: ntt_kernel_Pipeline_FLATTENED_BUTTERFLY_LOOP : stage | {1 }
	Port: ntt_kernel_Pipeline_FLATTENED_BUTTERFLY_LOOP : stage_1 | {1 }
	Port: ntt_kernel_Pipeline_FLATTENED_BUTTERFLY_LOOP : empty_29 | {1 }
	Port: ntt_kernel_Pipeline_FLATTENED_BUTTERFLY_LOOP : empty | {1 }
	Port: ntt_kernel_Pipeline_FLATTENED_BUTTERFLY_LOOP : local_twiddles | {1 2 }
	Port: ntt_kernel_Pipeline_FLATTENED_BUTTERFLY_LOOP : ping | {2 3 }
	Port: ntt_kernel_Pipeline_FLATTENED_BUTTERFLY_LOOP : pong | {2 3 }
	Port: ntt_kernel_Pipeline_FLATTENED_BUTTERFLY_LOOP : use_ping_as_input | {1 }
	Port: ntt_kernel_Pipeline_FLATTENED_BUTTERFLY_LOOP : q_inv | {1 }
	Port: ntt_kernel_Pipeline_FLATTENED_BUTTERFLY_LOOP : conv5_i | {1 }
	Port: ntt_kernel_Pipeline_FLATTENED_BUTTERFLY_LOOP : q | {1 }
  - Chain level:
	State 1
		store_ln126 : 1
		step_1 : 1
		zext_ln126_1 : 2
		icmp_ln126 : 3
		step_2 : 2
		br_ln126 : 4
		zext_ln126 : 2
		trunc_ln126 : 2
		j : 3
		lshr_ln131 : 3
		add_ln134 : 3
		zext_ln134 : 4
		local_twiddles_addr : 5
		twiddle : 6
		store_ln126 : 3
	State 2
		trunc_ln131 : 1
		idx1 : 2
		add_ln133 : 2
		idx2 : 3
		zext_ln139 : 3
		zext_ln140 : 4
		ping_addr : 4
		u : 5
		ping_addr_1 : 5
		v : 6
		pong_addr : 4
		u_1 : 5
		pong_addr_1 : 5
		v_1 : 6
	State 3
		v_2 : 1
		zext_ln24 : 2
		ab : 3
	State 4
	State 5
	State 6
		specfucore_ln25 : 1
		ab_low : 1
		m : 2
	State 7
	State 8
	State 9
		specfucore_ln30 : 1
		zext_ln33 : 1
		mq : 2
	State 10
	State 11
	State 12
		specfucore_ln34 : 1
		sum : 1
	State 13
		rend6 : 1
		rend4 : 1
		rend2 : 1
		specfucore_ln38 : 1
		rend : 1
		t : 1
		icmp_ln44 : 2
		xor_ln44 : 3
		sub_ln44 : 2
		t_1 : 3
		res : 4
		icmp_ln11 : 5
		xor_ln11 : 6
		icmp_ln11_1 : 5
		or_ln11 : 6
		sub_ln11 : 5
		out_u : 6
		icmp_ln16 : 4
		add_ln16 : 1
		select_ln16 : 5
		out_v : 6
		store_ln155 : 7
		store_ln152 : 7
	State 14


============================================================
+ Verbose Summary: Datapath Resource usage 
============================================================

* Functional unit list:
|----------|------------------------------------|---------|---------|---------|
| Operation|           Functional Unit          |   DSP   |    FF   |   LUT   |
|----------|------------------------------------|---------|---------|---------|
|          |            step_2_fu_257           |    0    |    0    |    37   |
|          |          add_ln134_fu_283          |    0    |    0    |    19   |
|          |             idx1_fu_307            |    0    |    0    |    19   |
|    add   |          add_ln133_fu_312          |    0    |    0    |    17   |
|          |             idx2_fu_317            |    0    |    0    |    17   |
|          |             grp_fu_360             |    0    |    0    |    71   |
|          |             res_fu_404             |    0    |    0    |    39   |
|          |           add_ln16_fu_454          |    0    |    0    |    39   |
|----------|------------------------------------|---------|---------|---------|
|          |          icmp_ln126_fu_251         |    0    |    0    |    38   |
|          |          icmp_ln44_fu_380          |    0    |    0    |    39   |
|   icmp   |          icmp_ln11_fu_410          |    0    |    0    |    39   |
|          |         icmp_ln11_1_fu_421         |    0    |    0    |    39   |
|          |          icmp_ln16_fu_448          |    0    |    0    |    39   |
|----------|------------------------------------|---------|---------|---------|
|          |             v_2_fu_334             |    0    |    0    |    32   |
|          |             u_2_fu_365             |    0    |    0    |    32   |
|  select  |             t_1_fu_396             |    0    |    0    |    32   |
|          |            out_u_fu_438            |    0    |    0    |    32   |
|          |         select_ln16_fu_459         |    0    |    0    |    32   |
|----------|------------------------------------|---------|---------|---------|
|          |           sub_ln44_fu_391          |    0    |    0    |    39   |
|    sub   |           sub_ln11_fu_433          |    0    |    0    |    39   |
|          |            out_v_fu_467            |    0    |    0    |    39   |
|----------|------------------------------------|---------|---------|---------|
|    mul   |             grp_fu_227             |    4    |    0    |    47   |
|          |             grp_fu_231             |    3    |    0    |    47   |
|----------|------------------------------------|---------|---------|---------|
|   lshr   |          lshr_ln131_fu_277         |    0    |    0    |    96   |
|----------|------------------------------------|---------|---------|---------|
|    shl   |              i_fu_299              |    0    |    0    |    96   |
|----------|------------------------------------|---------|---------|---------|
|    and   |              j_fu_271              |    0    |    0    |    12   |
|----------|------------------------------------|---------|---------|---------|
|    xor   |           xor_ln44_fu_385          |    0    |    0    |    2    |
|          |           xor_ln11_fu_415          |    0    |    0    |    2    |
|----------|------------------------------------|---------|---------|---------|
|    or    |           or_ln11_fu_427           |    0    |    0    |    2    |
|----------|------------------------------------|---------|---------|---------|
|          |         q_read_read_fu_104         |    0    |    0    |    0    |
|          |      conv5_i_read_read_fu_110      |    0    |    0    |    0    |
|          |       q_inv_read_read_fu_116       |    0    |    0    |    0    |
|          | use_ping_as_input_read_read_fu_122 |    0    |    0    |    0    |
|   read   |           tmp_read_fu_128          |    0    |    0    |    0    |
|          |          tmp_1_read_fu_134         |    0    |    0    |    0    |
|          |      stage_1_read_read_fu_140      |    0    |    0    |    0    |
|          |       stage_read_read_fu_146       |    0    |    0    |    0    |
|          |       sub53_read_read_fu_152       |    0    |    0    |    0    |
|          |       half_n_read_read_fu_158      |    0    |    0    |    0    |
|----------|------------------------------------|---------|---------|---------|
|          |         conv5_i_cast_fu_235        |    0    |    0    |    0    |
|          |         zext_ln126_1_fu_247        |    0    |    0    |    0    |
|          |          zext_ln126_fu_263         |    0    |    0    |    0    |
|          |          zext_ln134_fu_289         |    0    |    0    |    0    |
|   zext   |          zext_ln139_fu_322         |    0    |    0    |    0    |
|          |          zext_ln140_fu_328         |    0    |    0    |    0    |
|          |          zext_ln24_fu_341          |    0    |    0    |    0    |
|          |         zext_ln24_1_fu_346         |    0    |    0    |    0    |
|          |          zext_ln33_fu_355          |    0    |    0    |    0    |
|----------|------------------------------------|---------|---------|---------|
|          |         trunc_ln126_fu_267         |    0    |    0    |    0    |
|   trunc  |         trunc_ln131_fu_303         |    0    |    0    |    0    |
|          |            ab_low_fu_350           |    0    |    0    |    0    |
|----------|------------------------------------|---------|---------|---------|
|partselect|              t_fu_370              |    0    |    0    |    0    |
|----------|------------------------------------|---------|---------|---------|
|   Total  |                                    |    7    |    0    |   1033  |
|----------|------------------------------------|---------|---------|---------|

Memories:
N/A

* Register list:
+------------------------------+--------+
|                              |   FF   |
+------------------------------+--------+
|        ab_low_reg_587        |   32   |
|          ab_reg_582          |   64   |
|     conv5_i_cast_reg_510     |   64   |
|      icmp_ln126_reg_515      |    1   |
|           j_reg_519          |   12   |
|  local_twiddles_addr_reg_530 |   12   |
|      lshr_ln131_reg_525      |   32   |
|          mq_reg_597          |   64   |
|         out_v_reg_602        |   32   |
|      ping_addr_1_reg_545     |   12   |
|       ping_addr_reg_540      |   12   |
|      pong_addr_1_reg_556     |   12   |
|       pong_addr_reg_551      |   12   |
|      q_inv_read_reg_489      |   32   |
|        q_read_reg_480        |   32   |
|     stage_1_read_reg_505     |   32   |
|         step_reg_473         |   30   |
|         tmp_1_reg_500        |   12   |
|        twiddle_reg_535       |   32   |
|          u_1_reg_567         |   32   |
|           u_reg_562          |   32   |
|use_ping_as_input_read_reg_494|    1   |
|      zext_ln24_1_reg_577     |   64   |
|       zext_ln24_reg_572      |   64   |
|       zext_ln33_reg_592      |   64   |
+------------------------------+--------+
|             Total            |   788  |
+------------------------------+--------+

* Multiplexer (MUX) list: 
|-------------------|------|------|------|--------||---------||---------|
|        Comp       |  Pin | Size |  BW  | S x BW ||  Delay  ||   LUT   |
|-------------------|------|------|------|--------||---------||---------|
| grp_access_fu_171 |  p0  |   2  |  12  |   24   ||    9    |
| grp_access_fu_184 |  p0  |   2  |  12  |   24   ||    9    |
| grp_access_fu_184 |  p2  |   3  |   0  |    0   ||    14   |
| grp_access_fu_184 |  p4  |   2  |  12  |   24   ||    9    |
| grp_access_fu_209 |  p0  |   2  |  12  |   24   ||    9    |
| grp_access_fu_209 |  p2  |   3  |   0  |    0   ||    14   |
| grp_access_fu_209 |  p4  |   2  |  12  |   24   ||    9    |
|     grp_fu_227    |  p0  |   4  |  32  |   128  ||    20   |
|     grp_fu_227    |  p1  |   3  |  32  |   96   ||    14   |
|     grp_fu_231    |  p0  |   2  |  32  |   64   ||    9    |
|     grp_fu_360    |  p0  |   2  |  64  |   128  ||    9    |
|-------------------|------|------|------|--------||---------||---------|
|       Total       |      |      |      |   536  ||  4.942  ||   125   |
|-------------------|------|------|------|--------||---------||---------|



* Summary:
+-----------+--------+--------+--------+--------+
|           |   DSP  |  Delay |   FF   |   LUT  |
+-----------+--------+--------+--------+--------+
|  Function |    7   |    -   |    0   |  1033  |
|   Memory  |    -   |    -   |    -   |    -   |
|Multiplexer|    -   |    4   |    -   |   125  |
|  Register |    -   |    -   |   788  |    -   |
+-----------+--------+--------+--------+--------+
|   Total   |    7   |    4   |   788  |  1158  |
+-----------+--------+--------+--------+--------+
