Copyright 1986-2022 Xilinx, Inc. All Rights Reserved. Copyright 2022-2023 Advanced Micro Devices, Inc. All Rights Reserved.
--------------------------------------------------------------------------------------------------------------------------------------------------
| Tool Version      : Vivado v.2023.2 (lin64) Build 4029153 Fri Oct 13 20:13:54 MDT 2023
| Date              : Mon Jun  1 21:48:15 2026
| Host              : ecs02.poly.edu running 64-bit Red Hat Enterprise Linux release 8.10 (Ootpa)
| Command           : report_timing -max_paths 10 -file ./report/ntt_kernel_timing_paths_routed.rpt
| Design            : bd_0_wrapper
| Device            : xck26-sfvc784
| Speed File        : -2LV  PRODUCTION 1.30 05-15-2022
| Design State      : Routed
| Temperature Grade : C
--------------------------------------------------------------------------------------------------------------------------------------------------

Timing Report

Slack (MET) :             2.777ns  (required time - arrival time)
  Source:                 bd_0_i/hls_inst/inst/grp_ntt_kernel_Pipeline_FLATTENED_BUTTERFLY_LOOP_fu_322/add_64ns_64ns_64_2_1_U19/ain_s1_reg[8]/C
                            (rising edge-triggered cell FDRE clocked by ap_clk  {rise@0.000ns fall@5.000ns period=10.000ns})
  Destination:            bd_0_i/hls_inst/inst/ping_U/ram_reg_bram_2/DINADIN[4]
                            (rising edge-triggered cell RAMB36E2 clocked by ap_clk  {rise@0.000ns fall@5.000ns period=10.000ns})
  Path Group:             ap_clk
  Path Type:              Setup (Max at Slow Process Corner)
  Requirement:            10.000ns  (ap_clk rise@10.000ns - ap_clk rise@0.000ns)
  Data Path Delay:        6.726ns  (logic 2.758ns (41.006%)  route 3.968ns (58.994%))
  Logic Levels:           17  (CARRY8=10 LUT2=1 LUT3=2 LUT4=2 LUT6=2)
  Clock Path Skew:        0.005ns (DCD - SCD + CPR)
    Destination Clock Delay (DCD):    0.047ns = ( 10.047 - 10.000 ) 
    Source Clock Delay      (SCD):    0.042ns
    Clock Pessimism Removal (CPR):    0.000ns
  Clock Uncertainty:      0.035ns  ((TSJ^2 + TIJ^2)^1/2 + DJ) / 2 + PE
    Total System Jitter     (TSJ):    0.071ns
    Total Input Jitter      (TIJ):    0.000ns
    Discrete Jitter          (DJ):    0.000ns
    Phase Error              (PE):    0.000ns

    Location             Delay type                Incr(ns)  Path(ns)    Netlist Resource(s)
  -------------------------------------------------------------------    -------------------
                         (clock ap_clk rise edge)     0.000     0.000 r  
                                                      0.000     0.000 r  ap_clk (IN)
                         net (fo=6267, unset)         0.042     0.042    bd_0_i/hls_inst/inst/grp_ntt_kernel_Pipeline_FLATTENED_BUTTERFLY_LOOP_fu_322/add_64ns_64ns_64_2_1_U19/ap_clk
    SLICE_X22Y78         FDRE                                         r  bd_0_i/hls_inst/inst/grp_ntt_kernel_Pipeline_FLATTENED_BUTTERFLY_LOOP_fu_322/add_64ns_64ns_64_2_1_U19/ain_s1_reg[8]/C
  -------------------------------------------------------------------    -------------------
    SLICE_X22Y78         FDRE (Prop_FFF_SLICEL_C_Q)
                                                      0.113     0.155 r  bd_0_i/hls_inst/inst/grp_ntt_kernel_Pipeline_FLATTENED_BUTTERFLY_LOOP_fu_322/add_64ns_64ns_64_2_1_U19/ain_s1_reg[8]/Q
                         net (fo=2, routed)           0.478     0.633    bd_0_i/hls_inst/inst/grp_ntt_kernel_Pipeline_FLATTENED_BUTTERFLY_LOOP_fu_322/add_64ns_64ns_64_2_1_U19/u2/ram_reg_bram_2_i_14_0[8]
    SLICE_X24Y78         LUT2 (Prop_A6LUT_SLICEM_I0_O)
                                                      0.189     0.822 r  bd_0_i/hls_inst/inst/grp_ntt_kernel_Pipeline_FLATTENED_BUTTERFLY_LOOP_fu_322/add_64ns_64ns_64_2_1_U19/u2/dout0_carry__0_i_8/O
                         net (fo=1, routed)           0.017     0.839    bd_0_i/hls_inst/inst/grp_ntt_kernel_Pipeline_FLATTENED_BUTTERFLY_LOOP_fu_322/add_64ns_64ns_64_2_1_U19/u2/dout0_carry__0_i_8_n_4
    SLICE_X24Y78         CARRY8 (Prop_CARRY8_SLICEM_S[0]_CO[7])
                                                      0.281     1.120 r  bd_0_i/hls_inst/inst/grp_ntt_kernel_Pipeline_FLATTENED_BUTTERFLY_LOOP_fu_322/add_64ns_64ns_64_2_1_U19/u2/dout0_carry__0/CO[7]
                         net (fo=1, routed)           0.030     1.150    bd_0_i/hls_inst/inst/grp_ntt_kernel_Pipeline_FLATTENED_BUTTERFLY_LOOP_fu_322/add_64ns_64ns_64_2_1_U19/u2/dout0_carry__0_n_4
    SLICE_X24Y79         CARRY8 (Prop_CARRY8_SLICEM_CI_O[1])
                                                      0.106     1.256 r  bd_0_i/hls_inst/inst/grp_ntt_kernel_Pipeline_FLATTENED_BUTTERFLY_LOOP_fu_322/add_64ns_64ns_64_2_1_U19/u2/dout0_carry__1/O[1]
                         net (fo=4, routed)           0.432     1.688    bd_0_i/hls_inst/inst/grp_ntt_kernel_Pipeline_FLATTENED_BUTTERFLY_LOOP_fu_322/add_64ns_64ns_64_2_1_U19/u2/t_fu_370_p4[17]
    SLICE_X26Y78         LUT4 (Prop_A6LUT_SLICEL_I0_O)
                                                      0.152     1.840 r  bd_0_i/hls_inst/inst/grp_ntt_kernel_Pipeline_FLATTENED_BUTTERFLY_LOOP_fu_322/add_64ns_64ns_64_2_1_U19/u2/ram_reg_bram_0_i_201/O
                         net (fo=1, routed)           0.014     1.854    bd_0_i/hls_inst/inst/grp_ntt_kernel_Pipeline_FLATTENED_BUTTERFLY_LOOP_fu_322/add_64ns_64ns_64_2_1_U19/u2/ram_reg_bram_0_i_201_n_4
    SLICE_X26Y78         CARRY8 (Prop_CARRY8_SLICEL_S[0]_CO[7])
                                                      0.278     2.132 r  bd_0_i/hls_inst/inst/grp_ntt_kernel_Pipeline_FLATTENED_BUTTERFLY_LOOP_fu_322/add_64ns_64ns_64_2_1_U19/u2/ram_reg_bram_0_i_184/CO[7]
                         net (fo=1, routed)           0.030     2.162    bd_0_i/hls_inst/inst/grp_ntt_kernel_Pipeline_FLATTENED_BUTTERFLY_LOOP_fu_322/add_64ns_64ns_64_2_1_U19/u2/icmp_ln44_fu_380_p2
    SLICE_X26Y79         CARRY8 (Prop_CARRY8_SLICEL_CI_O[0])
                                                      0.078     2.240 r  bd_0_i/hls_inst/inst/grp_ntt_kernel_Pipeline_FLATTENED_BUTTERFLY_LOOP_fu_322/add_64ns_64ns_64_2_1_U19/u2/ram_reg_bram_0_i_167/O[0]
                         net (fo=33, routed)          0.471     2.711    bd_0_i/hls_inst/inst/grp_ntt_kernel_Pipeline_FLATTENED_BUTTERFLY_LOOP_fu_322/add_64ns_64ns_64_2_1_U19/u2/ram_reg_bram_0_i_167_n_19
    SLICE_X25Y75         LUT3 (Prop_A6LUT_SLICEM_I2_O)
                                                      0.083     2.794 r  bd_0_i/hls_inst/inst/grp_ntt_kernel_Pipeline_FLATTENED_BUTTERFLY_LOOP_fu_322/add_64ns_64ns_64_2_1_U19/u2/ram_reg_bram_0_i_175/O
                         net (fo=1, routed)           0.017     2.811    bd_0_i/hls_inst/inst/grp_ntt_kernel_Pipeline_FLATTENED_BUTTERFLY_LOOP_fu_322/add_64ns_64ns_64_2_1_U19/u2/ram_reg_bram_0_i_175_n_4
    SLICE_X25Y75         CARRY8 (Prop_CARRY8_SLICEM_S[0]_CO[7])
                                                      0.281     3.092 r  bd_0_i/hls_inst/inst/grp_ntt_kernel_Pipeline_FLATTENED_BUTTERFLY_LOOP_fu_322/add_64ns_64ns_64_2_1_U19/u2/ram_reg_bram_0_i_93/CO[7]
                         net (fo=1, routed)           0.030     3.122    bd_0_i/hls_inst/inst/grp_ntt_kernel_Pipeline_FLATTENED_BUTTERFLY_LOOP_fu_322/add_64ns_64ns_64_2_1_U19/u2/ram_reg_bram_0_i_93_n_4
    SLICE_X25Y76         CARRY8 (Prop_CARRY8_SLICEM_CI_O[1])
                                                      0.106     3.228 r  bd_0_i/hls_inst/inst/grp_ntt_kernel_Pipeline_FLATTENED_BUTTERFLY_LOOP_fu_322/add_64ns_64ns_64_2_1_U19/u2/ram_reg_bram_0_i_42/O[1]
                         net (fo=6, routed)           0.366     3.594    bd_0_i/hls_inst/inst/grp_ntt_kernel_Pipeline_FLATTENED_BUTTERFLY_LOOP_fu_322/add_64ns_64ns_64_2_1_U19/u2/t_1_fu_396_p3[9]
    SLICE_X26Y74         LUT4 (Prop_B6LUT_SLICEL_I0_O)
                                                      0.138     3.732 r  bd_0_i/hls_inst/inst/grp_ntt_kernel_Pipeline_FLATTENED_BUTTERFLY_LOOP_fu_322/add_64ns_64ns_64_2_1_U19/u2/ram_reg_bram_0_i_49/O
                         net (fo=1, routed)           0.013     3.745    bd_0_i/hls_inst/inst/grp_ntt_kernel_Pipeline_FLATTENED_BUTTERFLY_LOOP_fu_322/add_64ns_64ns_64_2_1_U19/u2/ram_reg_bram_0_i_49_n_4
    SLICE_X26Y74         CARRY8 (Prop_CARRY8_SLICEL_S[1]_CO[7])
                                                      0.261     4.006 r  bd_0_i/hls_inst/inst/grp_ntt_kernel_Pipeline_FLATTENED_BUTTERFLY_LOOP_fu_322/add_64ns_64ns_64_2_1_U19/u2/ram_reg_bram_0_i_34/CO[7]
                         net (fo=1, routed)           0.030     4.036    bd_0_i/hls_inst/inst/grp_ntt_kernel_Pipeline_FLATTENED_BUTTERFLY_LOOP_fu_322/add_64ns_64ns_64_2_1_U19/u2/ram_reg_bram_0_i_34_n_4
    SLICE_X26Y75         CARRY8 (Prop_CARRY8_SLICEL_CI_CO[7])
                                                      0.065     4.101 r  bd_0_i/hls_inst/inst/grp_ntt_kernel_Pipeline_FLATTENED_BUTTERFLY_LOOP_fu_322/add_64ns_64ns_64_2_1_U19/u2/ram_reg_bram_0_i_40/CO[7]
                         net (fo=1, routed)           0.030     4.131    bd_0_i/hls_inst/inst/grp_ntt_kernel_Pipeline_FLATTENED_BUTTERFLY_LOOP_fu_322/add_64ns_64ns_64_2_1_U19/u2/ram_reg_bram_0_i_40_n_4
    SLICE_X26Y76         CARRY8 (Prop_CARRY8_SLICEL_CI_O[3])
                                                      0.114     4.245 f  bd_0_i/hls_inst/inst/grp_ntt_kernel_Pipeline_FLATTENED_BUTTERFLY_LOOP_fu_322/add_64ns_64ns_64_2_1_U19/u2/ram_reg_bram_2_i_12/O[3]
                         net (fo=7, routed)           0.332     4.577    bd_0_i/hls_inst/inst/grp_ntt_kernel_Pipeline_FLATTENED_BUTTERFLY_LOOP_fu_322/add_64ns_64ns_64_2_1_U19/u2/ram_reg_bram_3[3]
    SLICE_X25Y79         LUT6 (Prop_H6LUT_SLICEM_I0_O)
                                                      0.154     4.731 r  bd_0_i/hls_inst/inst/grp_ntt_kernel_Pipeline_FLATTENED_BUTTERFLY_LOOP_fu_322/add_64ns_64ns_64_2_1_U19/u2/ram_reg_bram_0_i_71/O
                         net (fo=1, routed)           0.383     5.114    bd_0_i/hls_inst/inst/grp_ntt_kernel_Pipeline_FLATTENED_BUTTERFLY_LOOP_fu_322/add_64ns_64ns_64_2_1_U19/u2/ram_reg_bram_0_i_71_n_4
    SLICE_X24Y74         CARRY8 (Prop_CARRY8_SLICEM_DI[5]_CO[7])
                                                      0.124     5.238 r  bd_0_i/hls_inst/inst/grp_ntt_kernel_Pipeline_FLATTENED_BUTTERFLY_LOOP_fu_322/add_64ns_64ns_64_2_1_U19/u2/ram_reg_bram_0_i_36/CO[7]
                         net (fo=32, routed)          0.506     5.744    bd_0_i/hls_inst/inst/grp_ntt_kernel_Pipeline_FLATTENED_BUTTERFLY_LOOP_fu_322/add_64ns_64ns_64_2_1_U19/u2/icmp_ln11_1_fu_421_p2
    SLICE_X27Y73         LUT6 (Prop_F6LUT_SLICEL_I4_O)
                                                      0.081     5.825 r  bd_0_i/hls_inst/inst/grp_ntt_kernel_Pipeline_FLATTENED_BUTTERFLY_LOOP_fu_322/add_64ns_64ns_64_2_1_U19/u2/ram_reg_bram_2_i_5/O
                         net (fo=2, routed)           0.256     6.081    bd_0_i/hls_inst/inst/grp_ntt_kernel_Pipeline_FLATTENED_BUTTERFLY_LOOP_fu_322/add_64ns_64ns_64_2_1_U19/u2/grp_ntt_kernel_Pipeline_FLATTENED_BUTTERFLY_LOOP_fu_322_pong_d1[22]
    SLICE_X28Y74         LUT3 (Prop_C5LUT_SLICEM_I0_O)
                                                      0.154     6.235 r  bd_0_i/hls_inst/inst/grp_ntt_kernel_Pipeline_FLATTENED_BUTTERFLY_LOOP_fu_322/add_64ns_64ns_64_2_1_U19/u2/ram_reg_bram_2_i_6__0/O
                         net (fo=1, routed)           0.533     6.768    bd_0_i/hls_inst/inst/ping_U/ping_d1[22]
    RAMB36_X0Y20         RAMB36E2                                     r  bd_0_i/hls_inst/inst/ping_U/ram_reg_bram_2/DINADIN[4]
  -------------------------------------------------------------------    -------------------

                         (clock ap_clk rise edge)    10.000    10.000 r  
                                                      0.000    10.000 r  ap_clk (IN)
                         net (fo=6267, unset)         0.047    10.047    bd_0_i/hls_inst/inst/ping_U/ap_clk
    RAMB36_X0Y20         RAMB36E2                                     r  bd_0_i/hls_inst/inst/ping_U/ram_reg_bram_2/CLKARDCLK
                         clock pessimism              0.000    10.047    
                         clock uncertainty           -0.035    10.012    
    RAMB36_X0Y20         RAMB36E2 (Setup_RAMB36E2_RAMB36_CLKARDCLK_DINADIN[4])
                                                     -0.467     9.545    bd_0_i/hls_inst/inst/ping_U/ram_reg_bram_2
  -------------------------------------------------------------------
                         required time                          9.545    
                         arrival time                          -6.768    
  -------------------------------------------------------------------
                         slack                                  2.777    

Slack (MET) :             2.800ns  (required time - arrival time)
  Source:                 bd_0_i/hls_inst/inst/grp_ntt_kernel_Pipeline_FLATTENED_BUTTERFLY_LOOP_fu_322/add_64ns_64ns_64_2_1_U19/ain_s1_reg[8]/C
                            (rising edge-triggered cell FDRE clocked by ap_clk  {rise@0.000ns fall@5.000ns period=10.000ns})
  Destination:            bd_0_i/hls_inst/inst/ping_U/ram_reg_bram_3/DINADIN[3]
                            (rising edge-triggered cell RAMB36E2 clocked by ap_clk  {rise@0.000ns fall@5.000ns period=10.000ns})
  Path Group:             ap_clk
  Path Type:              Setup (Max at Slow Process Corner)
  Requirement:            10.000ns  (ap_clk rise@10.000ns - ap_clk rise@0.000ns)
  Data Path Delay:        6.741ns  (logic 2.905ns (43.097%)  route 3.836ns (56.903%))
  Logic Levels:           17  (CARRY8=10 LUT2=1 LUT3=2 LUT4=2 LUT6=2)
  Clock Path Skew:        0.005ns (DCD - SCD + CPR)
    Destination Clock Delay (DCD):    0.047ns = ( 10.047 - 10.000 ) 
    Source Clock Delay      (SCD):    0.042ns
    Clock Pessimism Removal (CPR):    0.000ns
  Clock Uncertainty:      0.035ns  ((TSJ^2 + TIJ^2)^1/2 + DJ) / 2 + PE
    Total System Jitter     (TSJ):    0.071ns
    Total Input Jitter      (TIJ):    0.000ns
    Discrete Jitter          (DJ):    0.000ns
    Phase Error              (PE):    0.000ns

    Location             Delay type                Incr(ns)  Path(ns)    Netlist Resource(s)
  -------------------------------------------------------------------    -------------------
                         (clock ap_clk rise edge)     0.000     0.000 r  
                                                      0.000     0.000 r  ap_clk (IN)
                         net (fo=6267, unset)         0.042     0.042    bd_0_i/hls_inst/inst/grp_ntt_kernel_Pipeline_FLATTENED_BUTTERFLY_LOOP_fu_322/add_64ns_64ns_64_2_1_U19/ap_clk
    SLICE_X22Y78         FDRE                                         r  bd_0_i/hls_inst/inst/grp_ntt_kernel_Pipeline_FLATTENED_BUTTERFLY_LOOP_fu_322/add_64ns_64ns_64_2_1_U19/ain_s1_reg[8]/C
  -------------------------------------------------------------------    -------------------
    SLICE_X22Y78         FDRE (Prop_FFF_SLICEL_C_Q)
                                                      0.113     0.155 r  bd_0_i/hls_inst/inst/grp_ntt_kernel_Pipeline_FLATTENED_BUTTERFLY_LOOP_fu_322/add_64ns_64ns_64_2_1_U19/ain_s1_reg[8]/Q
                         net (fo=2, routed)           0.478     0.633    bd_0_i/hls_inst/inst/grp_ntt_kernel_Pipeline_FLATTENED_BUTTERFLY_LOOP_fu_322/add_64ns_64ns_64_2_1_U19/u2/ram_reg_bram_2_i_14_0[8]
    SLICE_X24Y78         LUT2 (Prop_A6LUT_SLICEM_I0_O)
                                                      0.189     0.822 r  bd_0_i/hls_inst/inst/grp_ntt_kernel_Pipeline_FLATTENED_BUTTERFLY_LOOP_fu_322/add_64ns_64ns_64_2_1_U19/u2/dout0_carry__0_i_8/O
                         net (fo=1, routed)           0.017     0.839    bd_0_i/hls_inst/inst/grp_ntt_kernel_Pipeline_FLATTENED_BUTTERFLY_LOOP_fu_322/add_64ns_64ns_64_2_1_U19/u2/dout0_carry__0_i_8_n_4
    SLICE_X24Y78         CARRY8 (Prop_CARRY8_SLICEM_S[0]_CO[7])
                                                      0.281     1.120 r  bd_0_i/hls_inst/inst/grp_ntt_kernel_Pipeline_FLATTENED_BUTTERFLY_LOOP_fu_322/add_64ns_64ns_64_2_1_U19/u2/dout0_carry__0/CO[7]
                         net (fo=1, routed)           0.030     1.150    bd_0_i/hls_inst/inst/grp_ntt_kernel_Pipeline_FLATTENED_BUTTERFLY_LOOP_fu_322/add_64ns_64ns_64_2_1_U19/u2/dout0_carry__0_n_4
    SLICE_X24Y79         CARRY8 (Prop_CARRY8_SLICEM_CI_O[1])
                                                      0.106     1.256 r  bd_0_i/hls_inst/inst/grp_ntt_kernel_Pipeline_FLATTENED_BUTTERFLY_LOOP_fu_322/add_64ns_64ns_64_2_1_U19/u2/dout0_carry__1/O[1]
                         net (fo=4, routed)           0.432     1.688    bd_0_i/hls_inst/inst/grp_ntt_kernel_Pipeline_FLATTENED_BUTTERFLY_LOOP_fu_322/add_64ns_64ns_64_2_1_U19/u2/t_fu_370_p4[17]
    SLICE_X26Y78         LUT4 (Prop_A6LUT_SLICEL_I0_O)
                                                      0.152     1.840 r  bd_0_i/hls_inst/inst/grp_ntt_kernel_Pipeline_FLATTENED_BUTTERFLY_LOOP_fu_322/add_64ns_64ns_64_2_1_U19/u2/ram_reg_bram_0_i_201/O
                         net (fo=1, routed)           0.014     1.854    bd_0_i/hls_inst/inst/grp_ntt_kernel_Pipeline_FLATTENED_BUTTERFLY_LOOP_fu_322/add_64ns_64ns_64_2_1_U19/u2/ram_reg_bram_0_i_201_n_4
    SLICE_X26Y78         CARRY8 (Prop_CARRY8_SLICEL_S[0]_CO[7])
                                                      0.278     2.132 r  bd_0_i/hls_inst/inst/grp_ntt_kernel_Pipeline_FLATTENED_BUTTERFLY_LOOP_fu_322/add_64ns_64ns_64_2_1_U19/u2/ram_reg_bram_0_i_184/CO[7]
                         net (fo=1, routed)           0.030     2.162    bd_0_i/hls_inst/inst/grp_ntt_kernel_Pipeline_FLATTENED_BUTTERFLY_LOOP_fu_322/add_64ns_64ns_64_2_1_U19/u2/icmp_ln44_fu_380_p2
    SLICE_X26Y79         CARRY8 (Prop_CARRY8_SLICEL_CI_O[0])
                                                      0.078     2.240 r  bd_0_i/hls_inst/inst/grp_ntt_kernel_Pipeline_FLATTENED_BUTTERFLY_LOOP_fu_322/add_64ns_64ns_64_2_1_U19/u2/ram_reg_bram_0_i_167/O[0]
                         net (fo=33, routed)          0.471     2.711    bd_0_i/hls_inst/inst/grp_ntt_kernel_Pipeline_FLATTENED_BUTTERFLY_LOOP_fu_322/add_64ns_64ns_64_2_1_U19/u2/ram_reg_bram_0_i_167_n_19
    SLICE_X25Y75         LUT3 (Prop_A6LUT_SLICEM_I2_O)
                                                      0.083     2.794 r  bd_0_i/hls_inst/inst/grp_ntt_kernel_Pipeline_FLATTENED_BUTTERFLY_LOOP_fu_322/add_64ns_64ns_64_2_1_U19/u2/ram_reg_bram_0_i_175/O
                         net (fo=1, routed)           0.017     2.811    bd_0_i/hls_inst/inst/grp_ntt_kernel_Pipeline_FLATTENED_BUTTERFLY_LOOP_fu_322/add_64ns_64ns_64_2_1_U19/u2/ram_reg_bram_0_i_175_n_4
    SLICE_X25Y75         CARRY8 (Prop_CARRY8_SLICEM_S[0]_CO[7])
                                                      0.281     3.092 r  bd_0_i/hls_inst/inst/grp_ntt_kernel_Pipeline_FLATTENED_BUTTERFLY_LOOP_fu_322/add_64ns_64ns_64_2_1_U19/u2/ram_reg_bram_0_i_93/CO[7]
                         net (fo=1, routed)           0.030     3.122    bd_0_i/hls_inst/inst/grp_ntt_kernel_Pipeline_FLATTENED_BUTTERFLY_LOOP_fu_322/add_64ns_64ns_64_2_1_U19/u2/ram_reg_bram_0_i_93_n_4
    SLICE_X25Y76         CARRY8 (Prop_CARRY8_SLICEM_CI_O[1])
                                                      0.106     3.228 r  bd_0_i/hls_inst/inst/grp_ntt_kernel_Pipeline_FLATTENED_BUTTERFLY_LOOP_fu_322/add_64ns_64ns_64_2_1_U19/u2/ram_reg_bram_0_i_42/O[1]
                         net (fo=6, routed)           0.366     3.594    bd_0_i/hls_inst/inst/grp_ntt_kernel_Pipeline_FLATTENED_BUTTERFLY_LOOP_fu_322/add_64ns_64ns_64_2_1_U19/u2/t_1_fu_396_p3[9]
    SLICE_X26Y74         LUT4 (Prop_B6LUT_SLICEL_I0_O)
                                                      0.138     3.732 r  bd_0_i/hls_inst/inst/grp_ntt_kernel_Pipeline_FLATTENED_BUTTERFLY_LOOP_fu_322/add_64ns_64ns_64_2_1_U19/u2/ram_reg_bram_0_i_49/O
                         net (fo=1, routed)           0.013     3.745    bd_0_i/hls_inst/inst/grp_ntt_kernel_Pipeline_FLATTENED_BUTTERFLY_LOOP_fu_322/add_64ns_64ns_64_2_1_U19/u2/ram_reg_bram_0_i_49_n_4
    SLICE_X26Y74         CARRY8 (Prop_CARRY8_SLICEL_S[1]_CO[7])
                                                      0.261     4.006 r  bd_0_i/hls_inst/inst/grp_ntt_kernel_Pipeline_FLATTENED_BUTTERFLY_LOOP_fu_322/add_64ns_64ns_64_2_1_U19/u2/ram_reg_bram_0_i_34/CO[7]
                         net (fo=1, routed)           0.030     4.036    bd_0_i/hls_inst/inst/grp_ntt_kernel_Pipeline_FLATTENED_BUTTERFLY_LOOP_fu_322/add_64ns_64ns_64_2_1_U19/u2/ram_reg_bram_0_i_34_n_4
    SLICE_X26Y75         CARRY8 (Prop_CARRY8_SLICEL_CI_CO[7])
                                                      0.065     4.101 r  bd_0_i/hls_inst/inst/grp_ntt_kernel_Pipeline_FLATTENED_BUTTERFLY_LOOP_fu_322/add_64ns_64ns_64_2_1_U19/u2/ram_reg_bram_0_i_40/CO[7]
                         net (fo=1, routed)           0.030     4.131    bd_0_i/hls_inst/inst/grp_ntt_kernel_Pipeline_FLATTENED_BUTTERFLY_LOOP_fu_322/add_64ns_64ns_64_2_1_U19/u2/ram_reg_bram_0_i_40_n_4
    SLICE_X26Y76         CARRY8 (Prop_CARRY8_SLICEL_CI_O[3])
                                                      0.114     4.245 f  bd_0_i/hls_inst/inst/grp_ntt_kernel_Pipeline_FLATTENED_BUTTERFLY_LOOP_fu_322/add_64ns_64ns_64_2_1_U19/u2/ram_reg_bram_2_i_12/O[3]
                         net (fo=7, routed)           0.332     4.577    bd_0_i/hls_inst/inst/grp_ntt_kernel_Pipeline_FLATTENED_BUTTERFLY_LOOP_fu_322/add_64ns_64ns_64_2_1_U19/u2/ram_reg_bram_3[3]
    SLICE_X25Y79         LUT6 (Prop_H6LUT_SLICEM_I0_O)
                                                      0.154     4.731 r  bd_0_i/hls_inst/inst/grp_ntt_kernel_Pipeline_FLATTENED_BUTTERFLY_LOOP_fu_322/add_64ns_64ns_64_2_1_U19/u2/ram_reg_bram_0_i_71/O
                         net (fo=1, routed)           0.383     5.114    bd_0_i/hls_inst/inst/grp_ntt_kernel_Pipeline_FLATTENED_BUTTERFLY_LOOP_fu_322/add_64ns_64ns_64_2_1_U19/u2/ram_reg_bram_0_i_71_n_4
    SLICE_X24Y74         CARRY8 (Prop_CARRY8_SLICEM_DI[5]_CO[7])
                                                      0.124     5.238 r  bd_0_i/hls_inst/inst/grp_ntt_kernel_Pipeline_FLATTENED_BUTTERFLY_LOOP_fu_322/add_64ns_64ns_64_2_1_U19/u2/ram_reg_bram_0_i_36/CO[7]
                         net (fo=32, routed)          0.464     5.702    bd_0_i/hls_inst/inst/grp_ntt_kernel_Pipeline_FLATTENED_BUTTERFLY_LOOP_fu_322/add_64ns_64ns_64_2_1_U19/u2/icmp_ln11_1_fu_421_p2
    SLICE_X28Y74         LUT6 (Prop_H6LUT_SLICEM_I4_O)
                                                      0.228     5.930 r  bd_0_i/hls_inst/inst/grp_ntt_kernel_Pipeline_FLATTENED_BUTTERFLY_LOOP_fu_322/add_64ns_64ns_64_2_1_U19/u2/ram_reg_bram_3_i_2/O
                         net (fo=2, routed)           0.106     6.036    bd_0_i/hls_inst/inst/grp_ntt_kernel_Pipeline_FLATTENED_BUTTERFLY_LOOP_fu_322/add_64ns_64ns_64_2_1_U19/u2/grp_ntt_kernel_Pipeline_FLATTENED_BUTTERFLY_LOOP_fu_322_pong_d1[30]
    SLICE_X28Y74         LUT3 (Prop_D5LUT_SLICEM_I0_O)
                                                      0.154     6.190 r  bd_0_i/hls_inst/inst/grp_ntt_kernel_Pipeline_FLATTENED_BUTTERFLY_LOOP_fu_322/add_64ns_64ns_64_2_1_U19/u2/ram_reg_bram_3_i_2__0/O
                         net (fo=1, routed)           0.593     6.783    bd_0_i/hls_inst/inst/ping_U/ping_d1[30]
    RAMB36_X0Y21         RAMB36E2                                     r  bd_0_i/hls_inst/inst/ping_U/ram_reg_bram_3/DINADIN[3]
  -------------------------------------------------------------------    -------------------

                         (clock ap_clk rise edge)    10.000    10.000 r  
                                                      0.000    10.000 r  ap_clk (IN)
                         net (fo=6267, unset)         0.047    10.047    bd_0_i/hls_inst/inst/ping_U/ap_clk
    RAMB36_X0Y21         RAMB36E2                                     r  bd_0_i/hls_inst/inst/ping_U/ram_reg_bram_3/CLKARDCLK
                         clock pessimism              0.000    10.047    
                         clock uncertainty           -0.035    10.012    
    RAMB36_X0Y21         RAMB36E2 (Setup_RAMB36E2_RAMB36_CLKARDCLK_DINADIN[3])
                                                     -0.429     9.583    bd_0_i/hls_inst/inst/ping_U/ram_reg_bram_3
  -------------------------------------------------------------------
                         required time                          9.583    
                         arrival time                          -6.783    
  -------------------------------------------------------------------
                         slack                                  2.800    

Slack (MET) :             2.838ns  (required time - arrival time)
  Source:                 bd_0_i/hls_inst/inst/grp_ntt_kernel_Pipeline_FLATTENED_BUTTERFLY_LOOP_fu_322/add_64ns_64ns_64_2_1_U19/ain_s1_reg[8]/C
                            (rising edge-triggered cell FDRE clocked by ap_clk  {rise@0.000ns fall@5.000ns period=10.000ns})
  Destination:            bd_0_i/hls_inst/inst/ping_U/ram_reg_bram_1/DINADIN[12]
                            (rising edge-triggered cell RAMB36E2 clocked by ap_clk  {rise@0.000ns fall@5.000ns period=10.000ns})
  Path Group:             ap_clk
  Path Type:              Setup (Max at Slow Process Corner)
  Requirement:            10.000ns  (ap_clk rise@10.000ns - ap_clk rise@0.000ns)
  Data Path Delay:        6.751ns  (logic 2.740ns (40.587%)  route 4.011ns (59.413%))
  Logic Levels:           17  (CARRY8=10 LUT2=1 LUT3=2 LUT4=2 LUT6=2)
  Clock Path Skew:        0.005ns (DCD - SCD + CPR)
    Destination Clock Delay (DCD):    0.047ns = ( 10.047 - 10.000 ) 
    Source Clock Delay      (SCD):    0.042ns
    Clock Pessimism Removal (CPR):    0.000ns
  Clock Uncertainty:      0.035ns  ((TSJ^2 + TIJ^2)^1/2 + DJ) / 2 + PE
    Total System Jitter     (TSJ):    0.071ns
    Total Input Jitter      (TIJ):    0.000ns
    Discrete Jitter          (DJ):    0.000ns
    Phase Error              (PE):    0.000ns

    Location             Delay type                Incr(ns)  Path(ns)    Netlist Resource(s)
  -------------------------------------------------------------------    -------------------
                         (clock ap_clk rise edge)     0.000     0.000 r  
                                                      0.000     0.000 r  ap_clk (IN)
                         net (fo=6267, unset)         0.042     0.042    bd_0_i/hls_inst/inst/grp_ntt_kernel_Pipeline_FLATTENED_BUTTERFLY_LOOP_fu_322/add_64ns_64ns_64_2_1_U19/ap_clk
    SLICE_X22Y78         FDRE                                         r  bd_0_i/hls_inst/inst/grp_ntt_kernel_Pipeline_FLATTENED_BUTTERFLY_LOOP_fu_322/add_64ns_64ns_64_2_1_U19/ain_s1_reg[8]/C
  -------------------------------------------------------------------    -------------------
    SLICE_X22Y78         FDRE (Prop_FFF_SLICEL_C_Q)
                                                      0.113     0.155 r  bd_0_i/hls_inst/inst/grp_ntt_kernel_Pipeline_FLATTENED_BUTTERFLY_LOOP_fu_322/add_64ns_64ns_64_2_1_U19/ain_s1_reg[8]/Q
                         net (fo=2, routed)           0.478     0.633    bd_0_i/hls_inst/inst/grp_ntt_kernel_Pipeline_FLATTENED_BUTTERFLY_LOOP_fu_322/add_64ns_64ns_64_2_1_U19/u2/ram_reg_bram_2_i_14_0[8]
    SLICE_X24Y78         LUT2 (Prop_A6LUT_SLICEM_I0_O)
                                                      0.189     0.822 r  bd_0_i/hls_inst/inst/grp_ntt_kernel_Pipeline_FLATTENED_BUTTERFLY_LOOP_fu_322/add_64ns_64ns_64_2_1_U19/u2/dout0_carry__0_i_8/O
                         net (fo=1, routed)           0.017     0.839    bd_0_i/hls_inst/inst/grp_ntt_kernel_Pipeline_FLATTENED_BUTTERFLY_LOOP_fu_322/add_64ns_64ns_64_2_1_U19/u2/dout0_carry__0_i_8_n_4
    SLICE_X24Y78         CARRY8 (Prop_CARRY8_SLICEM_S[0]_CO[7])
                                                      0.281     1.120 r  bd_0_i/hls_inst/inst/grp_ntt_kernel_Pipeline_FLATTENED_BUTTERFLY_LOOP_fu_322/add_64ns_64ns_64_2_1_U19/u2/dout0_carry__0/CO[7]
                         net (fo=1, routed)           0.030     1.150    bd_0_i/hls_inst/inst/grp_ntt_kernel_Pipeline_FLATTENED_BUTTERFLY_LOOP_fu_322/add_64ns_64ns_64_2_1_U19/u2/dout0_carry__0_n_4
    SLICE_X24Y79         CARRY8 (Prop_CARRY8_SLICEM_CI_O[1])
                                                      0.106     1.256 r  bd_0_i/hls_inst/inst/grp_ntt_kernel_Pipeline_FLATTENED_BUTTERFLY_LOOP_fu_322/add_64ns_64ns_64_2_1_U19/u2/dout0_carry__1/O[1]
                         net (fo=4, routed)           0.432     1.688    bd_0_i/hls_inst/inst/grp_ntt_kernel_Pipeline_FLATTENED_BUTTERFLY_LOOP_fu_322/add_64ns_64ns_64_2_1_U19/u2/t_fu_370_p4[17]
    SLICE_X26Y78         LUT4 (Prop_A6LUT_SLICEL_I0_O)
                                                      0.152     1.840 r  bd_0_i/hls_inst/inst/grp_ntt_kernel_Pipeline_FLATTENED_BUTTERFLY_LOOP_fu_322/add_64ns_64ns_64_2_1_U19/u2/ram_reg_bram_0_i_201/O
                         net (fo=1, routed)           0.014     1.854    bd_0_i/hls_inst/inst/grp_ntt_kernel_Pipeline_FLATTENED_BUTTERFLY_LOOP_fu_322/add_64ns_64ns_64_2_1_U19/u2/ram_reg_bram_0_i_201_n_4
    SLICE_X26Y78         CARRY8 (Prop_CARRY8_SLICEL_S[0]_CO[7])
                                                      0.278     2.132 r  bd_0_i/hls_inst/inst/grp_ntt_kernel_Pipeline_FLATTENED_BUTTERFLY_LOOP_fu_322/add_64ns_64ns_64_2_1_U19/u2/ram_reg_bram_0_i_184/CO[7]
                         net (fo=1, routed)           0.030     2.162    bd_0_i/hls_inst/inst/grp_ntt_kernel_Pipeline_FLATTENED_BUTTERFLY_LOOP_fu_322/add_64ns_64ns_64_2_1_U19/u2/icmp_ln44_fu_380_p2
    SLICE_X26Y79         CARRY8 (Prop_CARRY8_SLICEL_CI_O[0])
                                                      0.078     2.240 r  bd_0_i/hls_inst/inst/grp_ntt_kernel_Pipeline_FLATTENED_BUTTERFLY_LOOP_fu_322/add_64ns_64ns_64_2_1_U19/u2/ram_reg_bram_0_i_167/O[0]
                         net (fo=33, routed)          0.471     2.711    bd_0_i/hls_inst/inst/grp_ntt_kernel_Pipeline_FLATTENED_BUTTERFLY_LOOP_fu_322/add_64ns_64ns_64_2_1_U19/u2/ram_reg_bram_0_i_167_n_19
    SLICE_X25Y75         LUT3 (Prop_A6LUT_SLICEM_I2_O)
                                                      0.083     2.794 r  bd_0_i/hls_inst/inst/grp_ntt_kernel_Pipeline_FLATTENED_BUTTERFLY_LOOP_fu_322/add_64ns_64ns_64_2_1_U19/u2/ram_reg_bram_0_i_175/O
                         net (fo=1, routed)           0.017     2.811    bd_0_i/hls_inst/inst/grp_ntt_kernel_Pipeline_FLATTENED_BUTTERFLY_LOOP_fu_322/add_64ns_64ns_64_2_1_U19/u2/ram_reg_bram_0_i_175_n_4
    SLICE_X25Y75         CARRY8 (Prop_CARRY8_SLICEM_S[0]_CO[7])
                                                      0.281     3.092 r  bd_0_i/hls_inst/inst/grp_ntt_kernel_Pipeline_FLATTENED_BUTTERFLY_LOOP_fu_322/add_64ns_64ns_64_2_1_U19/u2/ram_reg_bram_0_i_93/CO[7]
                         net (fo=1, routed)           0.030     3.122    bd_0_i/hls_inst/inst/grp_ntt_kernel_Pipeline_FLATTENED_BUTTERFLY_LOOP_fu_322/add_64ns_64ns_64_2_1_U19/u2/ram_reg_bram_0_i_93_n_4
    SLICE_X25Y76         CARRY8 (Prop_CARRY8_SLICEM_CI_O[1])
                                                      0.106     3.228 r  bd_0_i/hls_inst/inst/grp_ntt_kernel_Pipeline_FLATTENED_BUTTERFLY_LOOP_fu_322/add_64ns_64ns_64_2_1_U19/u2/ram_reg_bram_0_i_42/O[1]
                         net (fo=6, routed)           0.366     3.594    bd_0_i/hls_inst/inst/grp_ntt_kernel_Pipeline_FLATTENED_BUTTERFLY_LOOP_fu_322/add_64ns_64ns_64_2_1_U19/u2/t_1_fu_396_p3[9]
    SLICE_X26Y74         LUT4 (Prop_B6LUT_SLICEL_I0_O)
                                                      0.138     3.732 r  bd_0_i/hls_inst/inst/grp_ntt_kernel_Pipeline_FLATTENED_BUTTERFLY_LOOP_fu_322/add_64ns_64ns_64_2_1_U19/u2/ram_reg_bram_0_i_49/O
                         net (fo=1, routed)           0.013     3.745    bd_0_i/hls_inst/inst/grp_ntt_kernel_Pipeline_FLATTENED_BUTTERFLY_LOOP_fu_322/add_64ns_64ns_64_2_1_U19/u2/ram_reg_bram_0_i_49_n_4
    SLICE_X26Y74         CARRY8 (Prop_CARRY8_SLICEL_S[1]_CO[7])
                                                      0.261     4.006 r  bd_0_i/hls_inst/inst/grp_ntt_kernel_Pipeline_FLATTENED_BUTTERFLY_LOOP_fu_322/add_64ns_64ns_64_2_1_U19/u2/ram_reg_bram_0_i_34/CO[7]
                         net (fo=1, routed)           0.030     4.036    bd_0_i/hls_inst/inst/grp_ntt_kernel_Pipeline_FLATTENED_BUTTERFLY_LOOP_fu_322/add_64ns_64ns_64_2_1_U19/u2/ram_reg_bram_0_i_34_n_4
    SLICE_X26Y75         CARRY8 (Prop_CARRY8_SLICEL_CI_CO[7])
                                                      0.065     4.101 r  bd_0_i/hls_inst/inst/grp_ntt_kernel_Pipeline_FLATTENED_BUTTERFLY_LOOP_fu_322/add_64ns_64ns_64_2_1_U19/u2/ram_reg_bram_0_i_40/CO[7]
                         net (fo=1, routed)           0.030     4.131    bd_0_i/hls_inst/inst/grp_ntt_kernel_Pipeline_FLATTENED_BUTTERFLY_LOOP_fu_322/add_64ns_64ns_64_2_1_U19/u2/ram_reg_bram_0_i_40_n_4
    SLICE_X26Y76         CARRY8 (Prop_CARRY8_SLICEL_CI_O[3])
                                                      0.114     4.245 f  bd_0_i/hls_inst/inst/grp_ntt_kernel_Pipeline_FLATTENED_BUTTERFLY_LOOP_fu_322/add_64ns_64ns_64_2_1_U19/u2/ram_reg_bram_2_i_12/O[3]
                         net (fo=7, routed)           0.332     4.577    bd_0_i/hls_inst/inst/grp_ntt_kernel_Pipeline_FLATTENED_BUTTERFLY_LOOP_fu_322/add_64ns_64ns_64_2_1_U19/u2/ram_reg_bram_3[3]
    SLICE_X25Y79         LUT6 (Prop_H6LUT_SLICEM_I0_O)
                                                      0.154     4.731 r  bd_0_i/hls_inst/inst/grp_ntt_kernel_Pipeline_FLATTENED_BUTTERFLY_LOOP_fu_322/add_64ns_64ns_64_2_1_U19/u2/ram_reg_bram_0_i_71/O
                         net (fo=1, routed)           0.383     5.114    bd_0_i/hls_inst/inst/grp_ntt_kernel_Pipeline_FLATTENED_BUTTERFLY_LOOP_fu_322/add_64ns_64ns_64_2_1_U19/u2/ram_reg_bram_0_i_71_n_4
    SLICE_X24Y74         CARRY8 (Prop_CARRY8_SLICEM_DI[5]_CO[7])
                                                      0.124     5.238 r  bd_0_i/hls_inst/inst/grp_ntt_kernel_Pipeline_FLATTENED_BUTTERFLY_LOOP_fu_322/add_64ns_64ns_64_2_1_U19/u2/ram_reg_bram_0_i_36/CO[7]
                         net (fo=32, routed)          0.580     5.817    bd_0_i/hls_inst/inst/grp_ntt_kernel_Pipeline_FLATTENED_BUTTERFLY_LOOP_fu_322/add_64ns_64ns_64_2_1_U19/u2/icmp_ln11_1_fu_421_p2
    SLICE_X28Y70         LUT6 (Prop_G6LUT_SLICEM_I4_O)
                                                      0.137     5.954 r  bd_0_i/hls_inst/inst/grp_ntt_kernel_Pipeline_FLATTENED_BUTTERFLY_LOOP_fu_322/add_64ns_64ns_64_2_1_U19/u2/ram_reg_bram_0_i_16/O
                         net (fo=3, routed)           0.203     6.157    bd_0_i/hls_inst/inst/grp_ntt_kernel_Pipeline_FLATTENED_BUTTERFLY_LOOP_fu_322/add_64ns_64ns_64_2_1_U19/u2/grp_ntt_kernel_Pipeline_FLATTENED_BUTTERFLY_LOOP_fu_322_pong_d1[12]
    SLICE_X28Y71         LUT3 (Prop_C6LUT_SLICEM_I0_O)
                                                      0.080     6.237 r  bd_0_i/hls_inst/inst/grp_ntt_kernel_Pipeline_FLATTENED_BUTTERFLY_LOOP_fu_322/add_64ns_64ns_64_2_1_U19/u2/ram_reg_bram_0_i_28__0/O
                         net (fo=2, routed)           0.556     6.793    bd_0_i/hls_inst/inst/ping_U/ping_d1[12]
    RAMB36_X0Y18         RAMB36E2                                     r  bd_0_i/hls_inst/inst/ping_U/ram_reg_bram_1/DINADIN[12]
  -------------------------------------------------------------------    -------------------

                         (clock ap_clk rise edge)    10.000    10.000 r  
                                                      0.000    10.000 r  ap_clk (IN)
                         net (fo=6267, unset)         0.047    10.047    bd_0_i/hls_inst/inst/ping_U/ap_clk
    RAMB36_X0Y18         RAMB36E2                                     r  bd_0_i/hls_inst/inst/ping_U/ram_reg_bram_1/CLKARDCLK
                         clock pessimism              0.000    10.047    
                         clock uncertainty           -0.035    10.012    
    RAMB36_X0Y18         RAMB36E2 (Setup_RAMB36E2_RAMB36_CLKARDCLK_DINADIN[12])
                                                     -0.381     9.631    bd_0_i/hls_inst/inst/ping_U/ram_reg_bram_1
  -------------------------------------------------------------------
                         required time                          9.631    
                         arrival time                          -6.793    
  -------------------------------------------------------------------
                         slack                                  2.838    

Slack (MET) :             2.845ns  (required time - arrival time)
  Source:                 bd_0_i/hls_inst/inst/grp_ntt_kernel_Pipeline_FLATTENED_BUTTERFLY_LOOP_fu_322/add_64ns_64ns_64_2_1_U19/ain_s1_reg[8]/C
                            (rising edge-triggered cell FDRE clocked by ap_clk  {rise@0.000ns fall@5.000ns period=10.000ns})
  Destination:            bd_0_i/hls_inst/inst/ping_U/ram_reg_bram_3/DINADIN[0]
                            (rising edge-triggered cell RAMB36E2 clocked by ap_clk  {rise@0.000ns fall@5.000ns period=10.000ns})
  Path Group:             ap_clk
  Path Type:              Setup (Max at Slow Process Corner)
  Requirement:            10.000ns  (ap_clk rise@10.000ns - ap_clk rise@0.000ns)
  Data Path Delay:        6.660ns  (logic 2.804ns (42.101%)  route 3.856ns (57.899%))
  Logic Levels:           17  (CARRY8=10 LUT2=1 LUT3=2 LUT4=2 LUT6=2)
  Clock Path Skew:        0.005ns (DCD - SCD + CPR)
    Destination Clock Delay (DCD):    0.047ns = ( 10.047 - 10.000 ) 
    Source Clock Delay      (SCD):    0.042ns
    Clock Pessimism Removal (CPR):    0.000ns
  Clock Uncertainty:      0.035ns  ((TSJ^2 + TIJ^2)^1/2 + DJ) / 2 + PE
    Total System Jitter     (TSJ):    0.071ns
    Total Input Jitter      (TIJ):    0.000ns
    Discrete Jitter          (DJ):    0.000ns
    Phase Error              (PE):    0.000ns

    Location             Delay type                Incr(ns)  Path(ns)    Netlist Resource(s)
  -------------------------------------------------------------------    -------------------
                         (clock ap_clk rise edge)     0.000     0.000 r  
                                                      0.000     0.000 r  ap_clk (IN)
                         net (fo=6267, unset)         0.042     0.042    bd_0_i/hls_inst/inst/grp_ntt_kernel_Pipeline_FLATTENED_BUTTERFLY_LOOP_fu_322/add_64ns_64ns_64_2_1_U19/ap_clk
    SLICE_X22Y78         FDRE                                         r  bd_0_i/hls_inst/inst/grp_ntt_kernel_Pipeline_FLATTENED_BUTTERFLY_LOOP_fu_322/add_64ns_64ns_64_2_1_U19/ain_s1_reg[8]/C
  -------------------------------------------------------------------    -------------------
    SLICE_X22Y78         FDRE (Prop_FFF_SLICEL_C_Q)
                                                      0.113     0.155 r  bd_0_i/hls_inst/inst/grp_ntt_kernel_Pipeline_FLATTENED_BUTTERFLY_LOOP_fu_322/add_64ns_64ns_64_2_1_U19/ain_s1_reg[8]/Q
                         net (fo=2, routed)           0.478     0.633    bd_0_i/hls_inst/inst/grp_ntt_kernel_Pipeline_FLATTENED_BUTTERFLY_LOOP_fu_322/add_64ns_64ns_64_2_1_U19/u2/ram_reg_bram_2_i_14_0[8]
    SLICE_X24Y78         LUT2 (Prop_A6LUT_SLICEM_I0_O)
                                                      0.189     0.822 r  bd_0_i/hls_inst/inst/grp_ntt_kernel_Pipeline_FLATTENED_BUTTERFLY_LOOP_fu_322/add_64ns_64ns_64_2_1_U19/u2/dout0_carry__0_i_8/O
                         net (fo=1, routed)           0.017     0.839    bd_0_i/hls_inst/inst/grp_ntt_kernel_Pipeline_FLATTENED_BUTTERFLY_LOOP_fu_322/add_64ns_64ns_64_2_1_U19/u2/dout0_carry__0_i_8_n_4
    SLICE_X24Y78         CARRY8 (Prop_CARRY8_SLICEM_S[0]_CO[7])
                                                      0.281     1.120 r  bd_0_i/hls_inst/inst/grp_ntt_kernel_Pipeline_FLATTENED_BUTTERFLY_LOOP_fu_322/add_64ns_64ns_64_2_1_U19/u2/dout0_carry__0/CO[7]
                         net (fo=1, routed)           0.030     1.150    bd_0_i/hls_inst/inst/grp_ntt_kernel_Pipeline_FLATTENED_BUTTERFLY_LOOP_fu_322/add_64ns_64ns_64_2_1_U19/u2/dout0_carry__0_n_4
    SLICE_X24Y79         CARRY8 (Prop_CARRY8_SLICEM_CI_O[1])
                                                      0.106     1.256 r  bd_0_i/hls_inst/inst/grp_ntt_kernel_Pipeline_FLATTENED_BUTTERFLY_LOOP_fu_322/add_64ns_64ns_64_2_1_U19/u2/dout0_carry__1/O[1]
                         net (fo=4, routed)           0.432     1.688    bd_0_i/hls_inst/inst/grp_ntt_kernel_Pipeline_FLATTENED_BUTTERFLY_LOOP_fu_322/add_64ns_64ns_64_2_1_U19/u2/t_fu_370_p4[17]
    SLICE_X26Y78         LUT4 (Prop_A6LUT_SLICEL_I0_O)
                                                      0.152     1.840 r  bd_0_i/hls_inst/inst/grp_ntt_kernel_Pipeline_FLATTENED_BUTTERFLY_LOOP_fu_322/add_64ns_64ns_64_2_1_U19/u2/ram_reg_bram_0_i_201/O
                         net (fo=1, routed)           0.014     1.854    bd_0_i/hls_inst/inst/grp_ntt_kernel_Pipeline_FLATTENED_BUTTERFLY_LOOP_fu_322/add_64ns_64ns_64_2_1_U19/u2/ram_reg_bram_0_i_201_n_4
    SLICE_X26Y78         CARRY8 (Prop_CARRY8_SLICEL_S[0]_CO[7])
                                                      0.278     2.132 r  bd_0_i/hls_inst/inst/grp_ntt_kernel_Pipeline_FLATTENED_BUTTERFLY_LOOP_fu_322/add_64ns_64ns_64_2_1_U19/u2/ram_reg_bram_0_i_184/CO[7]
                         net (fo=1, routed)           0.030     2.162    bd_0_i/hls_inst/inst/grp_ntt_kernel_Pipeline_FLATTENED_BUTTERFLY_LOOP_fu_322/add_64ns_64ns_64_2_1_U19/u2/icmp_ln44_fu_380_p2
    SLICE_X26Y79         CARRY8 (Prop_CARRY8_SLICEL_CI_O[0])
                                                      0.078     2.240 r  bd_0_i/hls_inst/inst/grp_ntt_kernel_Pipeline_FLATTENED_BUTTERFLY_LOOP_fu_322/add_64ns_64ns_64_2_1_U19/u2/ram_reg_bram_0_i_167/O[0]
                         net (fo=33, routed)          0.471     2.711    bd_0_i/hls_inst/inst/grp_ntt_kernel_Pipeline_FLATTENED_BUTTERFLY_LOOP_fu_322/add_64ns_64ns_64_2_1_U19/u2/ram_reg_bram_0_i_167_n_19
    SLICE_X25Y75         LUT3 (Prop_A6LUT_SLICEM_I2_O)
                                                      0.083     2.794 r  bd_0_i/hls_inst/inst/grp_ntt_kernel_Pipeline_FLATTENED_BUTTERFLY_LOOP_fu_322/add_64ns_64ns_64_2_1_U19/u2/ram_reg_bram_0_i_175/O
                         net (fo=1, routed)           0.017     2.811    bd_0_i/hls_inst/inst/grp_ntt_kernel_Pipeline_FLATTENED_BUTTERFLY_LOOP_fu_322/add_64ns_64ns_64_2_1_U19/u2/ram_reg_bram_0_i_175_n_4
    SLICE_X25Y75         CARRY8 (Prop_CARRY8_SLICEM_S[0]_CO[7])
                                                      0.281     3.092 r  bd_0_i/hls_inst/inst/grp_ntt_kernel_Pipeline_FLATTENED_BUTTERFLY_LOOP_fu_322/add_64ns_64ns_64_2_1_U19/u2/ram_reg_bram_0_i_93/CO[7]
                         net (fo=1, routed)           0.030     3.122    bd_0_i/hls_inst/inst/grp_ntt_kernel_Pipeline_FLATTENED_BUTTERFLY_LOOP_fu_322/add_64ns_64ns_64_2_1_U19/u2/ram_reg_bram_0_i_93_n_4
    SLICE_X25Y76         CARRY8 (Prop_CARRY8_SLICEM_CI_O[1])
                                                      0.106     3.228 r  bd_0_i/hls_inst/inst/grp_ntt_kernel_Pipeline_FLATTENED_BUTTERFLY_LOOP_fu_322/add_64ns_64ns_64_2_1_U19/u2/ram_reg_bram_0_i_42/O[1]
                         net (fo=6, routed)           0.366     3.594    bd_0_i/hls_inst/inst/grp_ntt_kernel_Pipeline_FLATTENED_BUTTERFLY_LOOP_fu_322/add_64ns_64ns_64_2_1_U19/u2/t_1_fu_396_p3[9]
    SLICE_X26Y74         LUT4 (Prop_B6LUT_SLICEL_I0_O)
                                                      0.138     3.732 r  bd_0_i/hls_inst/inst/grp_ntt_kernel_Pipeline_FLATTENED_BUTTERFLY_LOOP_fu_322/add_64ns_64ns_64_2_1_U19/u2/ram_reg_bram_0_i_49/O
                         net (fo=1, routed)           0.013     3.745    bd_0_i/hls_inst/inst/grp_ntt_kernel_Pipeline_FLATTENED_BUTTERFLY_LOOP_fu_322/add_64ns_64ns_64_2_1_U19/u2/ram_reg_bram_0_i_49_n_4
    SLICE_X26Y74         CARRY8 (Prop_CARRY8_SLICEL_S[1]_CO[7])
                                                      0.261     4.006 r  bd_0_i/hls_inst/inst/grp_ntt_kernel_Pipeline_FLATTENED_BUTTERFLY_LOOP_fu_322/add_64ns_64ns_64_2_1_U19/u2/ram_reg_bram_0_i_34/CO[7]
                         net (fo=1, routed)           0.030     4.036    bd_0_i/hls_inst/inst/grp_ntt_kernel_Pipeline_FLATTENED_BUTTERFLY_LOOP_fu_322/add_64ns_64ns_64_2_1_U19/u2/ram_reg_bram_0_i_34_n_4
    SLICE_X26Y75         CARRY8 (Prop_CARRY8_SLICEL_CI_CO[7])
                                                      0.065     4.101 r  bd_0_i/hls_inst/inst/grp_ntt_kernel_Pipeline_FLATTENED_BUTTERFLY_LOOP_fu_322/add_64ns_64ns_64_2_1_U19/u2/ram_reg_bram_0_i_40/CO[7]
                         net (fo=1, routed)           0.030     4.131    bd_0_i/hls_inst/inst/grp_ntt_kernel_Pipeline_FLATTENED_BUTTERFLY_LOOP_fu_322/add_64ns_64ns_64_2_1_U19/u2/ram_reg_bram_0_i_40_n_4
    SLICE_X26Y76         CARRY8 (Prop_CARRY8_SLICEL_CI_O[3])
                                                      0.114     4.245 f  bd_0_i/hls_inst/inst/grp_ntt_kernel_Pipeline_FLATTENED_BUTTERFLY_LOOP_fu_322/add_64ns_64ns_64_2_1_U19/u2/ram_reg_bram_2_i_12/O[3]
                         net (fo=7, routed)           0.332     4.577    bd_0_i/hls_inst/inst/grp_ntt_kernel_Pipeline_FLATTENED_BUTTERFLY_LOOP_fu_322/add_64ns_64ns_64_2_1_U19/u2/ram_reg_bram_3[3]
    SLICE_X25Y79         LUT6 (Prop_H6LUT_SLICEM_I0_O)
                                                      0.154     4.731 r  bd_0_i/hls_inst/inst/grp_ntt_kernel_Pipeline_FLATTENED_BUTTERFLY_LOOP_fu_322/add_64ns_64ns_64_2_1_U19/u2/ram_reg_bram_0_i_71/O
                         net (fo=1, routed)           0.383     5.114    bd_0_i/hls_inst/inst/grp_ntt_kernel_Pipeline_FLATTENED_BUTTERFLY_LOOP_fu_322/add_64ns_64ns_64_2_1_U19/u2/ram_reg_bram_0_i_71_n_4
    SLICE_X24Y74         CARRY8 (Prop_CARRY8_SLICEM_DI[5]_CO[7])
                                                      0.124     5.238 r  bd_0_i/hls_inst/inst/grp_ntt_kernel_Pipeline_FLATTENED_BUTTERFLY_LOOP_fu_322/add_64ns_64ns_64_2_1_U19/u2/ram_reg_bram_0_i_36/CO[7]
                         net (fo=32, routed)          0.493     5.731    bd_0_i/hls_inst/inst/grp_ntt_kernel_Pipeline_FLATTENED_BUTTERFLY_LOOP_fu_322/add_64ns_64ns_64_2_1_U19/u2/icmp_ln11_1_fu_421_p2
    SLICE_X28Y73         LUT6 (Prop_G6LUT_SLICEM_I4_O)
                                                      0.082     5.813 r  bd_0_i/hls_inst/inst/grp_ntt_kernel_Pipeline_FLATTENED_BUTTERFLY_LOOP_fu_322/add_64ns_64ns_64_2_1_U19/u2/ram_reg_bram_3_i_5/O
                         net (fo=2, routed)           0.064     5.877    bd_0_i/hls_inst/inst/grp_ntt_kernel_Pipeline_FLATTENED_BUTTERFLY_LOOP_fu_322/add_64ns_64ns_64_2_1_U19/u2/grp_ntt_kernel_Pipeline_FLATTENED_BUTTERFLY_LOOP_fu_322_pong_d1[27]
    SLICE_X28Y73         LUT3 (Prop_B5LUT_SLICEM_I0_O)
                                                      0.199     6.076 r  bd_0_i/hls_inst/inst/grp_ntt_kernel_Pipeline_FLATTENED_BUTTERFLY_LOOP_fu_322/add_64ns_64ns_64_2_1_U19/u2/ram_reg_bram_3_i_5__0/O
                         net (fo=1, routed)           0.626     6.702    bd_0_i/hls_inst/inst/ping_U/ping_d1[27]
    RAMB36_X0Y21         RAMB36E2                                     r  bd_0_i/hls_inst/inst/ping_U/ram_reg_bram_3/DINADIN[0]
  -------------------------------------------------------------------    -------------------

                         (clock ap_clk rise edge)    10.000    10.000 r  
                                                      0.000    10.000 r  ap_clk (IN)
                         net (fo=6267, unset)         0.047    10.047    bd_0_i/hls_inst/inst/ping_U/ap_clk
    RAMB36_X0Y21         RAMB36E2                                     r  bd_0_i/hls_inst/inst/ping_U/ram_reg_bram_3/CLKARDCLK
                         clock pessimism              0.000    10.047    
                         clock uncertainty           -0.035    10.012    
    RAMB36_X0Y21         RAMB36E2 (Setup_RAMB36E2_RAMB36_CLKARDCLK_DINADIN[0])
                                                     -0.464     9.548    bd_0_i/hls_inst/inst/ping_U/ram_reg_bram_3
  -------------------------------------------------------------------
                         required time                          9.548    
                         arrival time                          -6.702    
  -------------------------------------------------------------------
                         slack                                  2.845    

Slack (MET) :             2.854ns  (required time - arrival time)
  Source:                 bd_0_i/hls_inst/inst/grp_ntt_kernel_Pipeline_FLATTENED_BUTTERFLY_LOOP_fu_322/add_64ns_64ns_64_2_1_U19/ain_s1_reg[8]/C
                            (rising edge-triggered cell FDRE clocked by ap_clk  {rise@0.000ns fall@5.000ns period=10.000ns})
  Destination:            bd_0_i/hls_inst/inst/ping_U/ram_reg_bram_3/DINADIN[1]
                            (rising edge-triggered cell RAMB36E2 clocked by ap_clk  {rise@0.000ns fall@5.000ns period=10.000ns})
  Path Group:             ap_clk
  Path Type:              Setup (Max at Slow Process Corner)
  Requirement:            10.000ns  (ap_clk rise@10.000ns - ap_clk rise@0.000ns)
  Data Path Delay:        6.650ns  (logic 2.846ns (42.794%)  route 3.804ns (57.206%))
  Logic Levels:           17  (CARRY8=10 LUT2=1 LUT3=2 LUT4=2 LUT6=2)
  Clock Path Skew:        0.005ns (DCD - SCD + CPR)
    Destination Clock Delay (DCD):    0.047ns = ( 10.047 - 10.000 ) 
    Source Clock Delay      (SCD):    0.042ns
    Clock Pessimism Removal (CPR):    0.000ns
  Clock Uncertainty:      0.035ns  ((TSJ^2 + TIJ^2)^1/2 + DJ) / 2 + PE
    Total System Jitter     (TSJ):    0.071ns
    Total Input Jitter      (TIJ):    0.000ns
    Discrete Jitter          (DJ):    0.000ns
    Phase Error              (PE):    0.000ns

    Location             Delay type                Incr(ns)  Path(ns)    Netlist Resource(s)
  -------------------------------------------------------------------    -------------------
                         (clock ap_clk rise edge)     0.000     0.000 r  
                                                      0.000     0.000 r  ap_clk (IN)
                         net (fo=6267, unset)         0.042     0.042    bd_0_i/hls_inst/inst/grp_ntt_kernel_Pipeline_FLATTENED_BUTTERFLY_LOOP_fu_322/add_64ns_64ns_64_2_1_U19/ap_clk
    SLICE_X22Y78         FDRE                                         r  bd_0_i/hls_inst/inst/grp_ntt_kernel_Pipeline_FLATTENED_BUTTERFLY_LOOP_fu_322/add_64ns_64ns_64_2_1_U19/ain_s1_reg[8]/C
  -------------------------------------------------------------------    -------------------
    SLICE_X22Y78         FDRE (Prop_FFF_SLICEL_C_Q)
                                                      0.113     0.155 r  bd_0_i/hls_inst/inst/grp_ntt_kernel_Pipeline_FLATTENED_BUTTERFLY_LOOP_fu_322/add_64ns_64ns_64_2_1_U19/ain_s1_reg[8]/Q
                         net (fo=2, routed)           0.478     0.633    bd_0_i/hls_inst/inst/grp_ntt_kernel_Pipeline_FLATTENED_BUTTERFLY_LOOP_fu_322/add_64ns_64ns_64_2_1_U19/u2/ram_reg_bram_2_i_14_0[8]
    SLICE_X24Y78         LUT2 (Prop_A6LUT_SLICEM_I0_O)
                                                      0.189     0.822 r  bd_0_i/hls_inst/inst/grp_ntt_kernel_Pipeline_FLATTENED_BUTTERFLY_LOOP_fu_322/add_64ns_64ns_64_2_1_U19/u2/dout0_carry__0_i_8/O
                         net (fo=1, routed)           0.017     0.839    bd_0_i/hls_inst/inst/grp_ntt_kernel_Pipeline_FLATTENED_BUTTERFLY_LOOP_fu_322/add_64ns_64ns_64_2_1_U19/u2/dout0_carry__0_i_8_n_4
    SLICE_X24Y78         CARRY8 (Prop_CARRY8_SLICEM_S[0]_CO[7])
                                                      0.281     1.120 r  bd_0_i/hls_inst/inst/grp_ntt_kernel_Pipeline_FLATTENED_BUTTERFLY_LOOP_fu_322/add_64ns_64ns_64_2_1_U19/u2/dout0_carry__0/CO[7]
                         net (fo=1, routed)           0.030     1.150    bd_0_i/hls_inst/inst/grp_ntt_kernel_Pipeline_FLATTENED_BUTTERFLY_LOOP_fu_322/add_64ns_64ns_64_2_1_U19/u2/dout0_carry__0_n_4
    SLICE_X24Y79         CARRY8 (Prop_CARRY8_SLICEM_CI_O[1])
                                                      0.106     1.256 r  bd_0_i/hls_inst/inst/grp_ntt_kernel_Pipeline_FLATTENED_BUTTERFLY_LOOP_fu_322/add_64ns_64ns_64_2_1_U19/u2/dout0_carry__1/O[1]
                         net (fo=4, routed)           0.432     1.688    bd_0_i/hls_inst/inst/grp_ntt_kernel_Pipeline_FLATTENED_BUTTERFLY_LOOP_fu_322/add_64ns_64ns_64_2_1_U19/u2/t_fu_370_p4[17]
    SLICE_X26Y78         LUT4 (Prop_A6LUT_SLICEL_I0_O)
                                                      0.152     1.840 r  bd_0_i/hls_inst/inst/grp_ntt_kernel_Pipeline_FLATTENED_BUTTERFLY_LOOP_fu_322/add_64ns_64ns_64_2_1_U19/u2/ram_reg_bram_0_i_201/O
                         net (fo=1, routed)           0.014     1.854    bd_0_i/hls_inst/inst/grp_ntt_kernel_Pipeline_FLATTENED_BUTTERFLY_LOOP_fu_322/add_64ns_64ns_64_2_1_U19/u2/ram_reg_bram_0_i_201_n_4
    SLICE_X26Y78         CARRY8 (Prop_CARRY8_SLICEL_S[0]_CO[7])
                                                      0.278     2.132 r  bd_0_i/hls_inst/inst/grp_ntt_kernel_Pipeline_FLATTENED_BUTTERFLY_LOOP_fu_322/add_64ns_64ns_64_2_1_U19/u2/ram_reg_bram_0_i_184/CO[7]
                         net (fo=1, routed)           0.030     2.162    bd_0_i/hls_inst/inst/grp_ntt_kernel_Pipeline_FLATTENED_BUTTERFLY_LOOP_fu_322/add_64ns_64ns_64_2_1_U19/u2/icmp_ln44_fu_380_p2
    SLICE_X26Y79         CARRY8 (Prop_CARRY8_SLICEL_CI_O[0])
                                                      0.078     2.240 r  bd_0_i/hls_inst/inst/grp_ntt_kernel_Pipeline_FLATTENED_BUTTERFLY_LOOP_fu_322/add_64ns_64ns_64_2_1_U19/u2/ram_reg_bram_0_i_167/O[0]
                         net (fo=33, routed)          0.471     2.711    bd_0_i/hls_inst/inst/grp_ntt_kernel_Pipeline_FLATTENED_BUTTERFLY_LOOP_fu_322/add_64ns_64ns_64_2_1_U19/u2/ram_reg_bram_0_i_167_n_19
    SLICE_X25Y75         LUT3 (Prop_A6LUT_SLICEM_I2_O)
                                                      0.083     2.794 r  bd_0_i/hls_inst/inst/grp_ntt_kernel_Pipeline_FLATTENED_BUTTERFLY_LOOP_fu_322/add_64ns_64ns_64_2_1_U19/u2/ram_reg_bram_0_i_175/O
                         net (fo=1, routed)           0.017     2.811    bd_0_i/hls_inst/inst/grp_ntt_kernel_Pipeline_FLATTENED_BUTTERFLY_LOOP_fu_322/add_64ns_64ns_64_2_1_U19/u2/ram_reg_bram_0_i_175_n_4
    SLICE_X25Y75         CARRY8 (Prop_CARRY8_SLICEM_S[0]_CO[7])
                                                      0.281     3.092 r  bd_0_i/hls_inst/inst/grp_ntt_kernel_Pipeline_FLATTENED_BUTTERFLY_LOOP_fu_322/add_64ns_64ns_64_2_1_U19/u2/ram_reg_bram_0_i_93/CO[7]
                         net (fo=1, routed)           0.030     3.122    bd_0_i/hls_inst/inst/grp_ntt_kernel_Pipeline_FLATTENED_BUTTERFLY_LOOP_fu_322/add_64ns_64ns_64_2_1_U19/u2/ram_reg_bram_0_i_93_n_4
    SLICE_X25Y76         CARRY8 (Prop_CARRY8_SLICEM_CI_O[1])
                                                      0.106     3.228 r  bd_0_i/hls_inst/inst/grp_ntt_kernel_Pipeline_FLATTENED_BUTTERFLY_LOOP_fu_322/add_64ns_64ns_64_2_1_U19/u2/ram_reg_bram_0_i_42/O[1]
                         net (fo=6, routed)           0.366     3.594    bd_0_i/hls_inst/inst/grp_ntt_kernel_Pipeline_FLATTENED_BUTTERFLY_LOOP_fu_322/add_64ns_64ns_64_2_1_U19/u2/t_1_fu_396_p3[9]
    SLICE_X26Y74         LUT4 (Prop_B6LUT_SLICEL_I0_O)
                                                      0.138     3.732 r  bd_0_i/hls_inst/inst/grp_ntt_kernel_Pipeline_FLATTENED_BUTTERFLY_LOOP_fu_322/add_64ns_64ns_64_2_1_U19/u2/ram_reg_bram_0_i_49/O
                         net (fo=1, routed)           0.013     3.745    bd_0_i/hls_inst/inst/grp_ntt_kernel_Pipeline_FLATTENED_BUTTERFLY_LOOP_fu_322/add_64ns_64ns_64_2_1_U19/u2/ram_reg_bram_0_i_49_n_4
    SLICE_X26Y74         CARRY8 (Prop_CARRY8_SLICEL_S[1]_CO[7])
                                                      0.261     4.006 r  bd_0_i/hls_inst/inst/grp_ntt_kernel_Pipeline_FLATTENED_BUTTERFLY_LOOP_fu_322/add_64ns_64ns_64_2_1_U19/u2/ram_reg_bram_0_i_34/CO[7]
                         net (fo=1, routed)           0.030     4.036    bd_0_i/hls_inst/inst/grp_ntt_kernel_Pipeline_FLATTENED_BUTTERFLY_LOOP_fu_322/add_64ns_64ns_64_2_1_U19/u2/ram_reg_bram_0_i_34_n_4
    SLICE_X26Y75         CARRY8 (Prop_CARRY8_SLICEL_CI_CO[7])
                                                      0.065     4.101 r  bd_0_i/hls_inst/inst/grp_ntt_kernel_Pipeline_FLATTENED_BUTTERFLY_LOOP_fu_322/add_64ns_64ns_64_2_1_U19/u2/ram_reg_bram_0_i_40/CO[7]
                         net (fo=1, routed)           0.030     4.131    bd_0_i/hls_inst/inst/grp_ntt_kernel_Pipeline_FLATTENED_BUTTERFLY_LOOP_fu_322/add_64ns_64ns_64_2_1_U19/u2/ram_reg_bram_0_i_40_n_4
    SLICE_X26Y76         CARRY8 (Prop_CARRY8_SLICEL_CI_O[3])
                                                      0.114     4.245 f  bd_0_i/hls_inst/inst/grp_ntt_kernel_Pipeline_FLATTENED_BUTTERFLY_LOOP_fu_322/add_64ns_64ns_64_2_1_U19/u2/ram_reg_bram_2_i_12/O[3]
                         net (fo=7, routed)           0.332     4.577    bd_0_i/hls_inst/inst/grp_ntt_kernel_Pipeline_FLATTENED_BUTTERFLY_LOOP_fu_322/add_64ns_64ns_64_2_1_U19/u2/ram_reg_bram_3[3]
    SLICE_X25Y79         LUT6 (Prop_H6LUT_SLICEM_I0_O)
                                                      0.154     4.731 r  bd_0_i/hls_inst/inst/grp_ntt_kernel_Pipeline_FLATTENED_BUTTERFLY_LOOP_fu_322/add_64ns_64ns_64_2_1_U19/u2/ram_reg_bram_0_i_71/O
                         net (fo=1, routed)           0.383     5.114    bd_0_i/hls_inst/inst/grp_ntt_kernel_Pipeline_FLATTENED_BUTTERFLY_LOOP_fu_322/add_64ns_64ns_64_2_1_U19/u2/ram_reg_bram_0_i_71_n_4
    SLICE_X24Y74         CARRY8 (Prop_CARRY8_SLICEM_DI[5]_CO[7])
                                                      0.124     5.238 r  bd_0_i/hls_inst/inst/grp_ntt_kernel_Pipeline_FLATTENED_BUTTERFLY_LOOP_fu_322/add_64ns_64ns_64_2_1_U19/u2/ram_reg_bram_0_i_36/CO[7]
                         net (fo=32, routed)          0.478     5.716    bd_0_i/hls_inst/inst/grp_ntt_kernel_Pipeline_FLATTENED_BUTTERFLY_LOOP_fu_322/add_64ns_64ns_64_2_1_U19/u2/icmp_ln11_1_fu_421_p2
    SLICE_X27Y75         LUT6 (Prop_F6LUT_SLICEL_I4_O)
                                                      0.136     5.852 r  bd_0_i/hls_inst/inst/grp_ntt_kernel_Pipeline_FLATTENED_BUTTERFLY_LOOP_fu_322/add_64ns_64ns_64_2_1_U19/u2/ram_reg_bram_3_i_4/O
                         net (fo=2, routed)           0.106     5.957    bd_0_i/hls_inst/inst/grp_ntt_kernel_Pipeline_FLATTENED_BUTTERFLY_LOOP_fu_322/add_64ns_64ns_64_2_1_U19/u2/grp_ntt_kernel_Pipeline_FLATTENED_BUTTERFLY_LOOP_fu_322_pong_d1[28]
    SLICE_X27Y76         LUT3 (Prop_H5LUT_SLICEL_I0_O)
                                                      0.187     6.144 r  bd_0_i/hls_inst/inst/grp_ntt_kernel_Pipeline_FLATTENED_BUTTERFLY_LOOP_fu_322/add_64ns_64ns_64_2_1_U19/u2/ram_reg_bram_3_i_4__0/O
                         net (fo=1, routed)           0.548     6.692    bd_0_i/hls_inst/inst/ping_U/ping_d1[28]
    RAMB36_X0Y21         RAMB36E2                                     r  bd_0_i/hls_inst/inst/ping_U/ram_reg_bram_3/DINADIN[1]
  -------------------------------------------------------------------    -------------------

                         (clock ap_clk rise edge)    10.000    10.000 r  
                                                      0.000    10.000 r  ap_clk (IN)
                         net (fo=6267, unset)         0.047    10.047    bd_0_i/hls_inst/inst/ping_U/ap_clk
    RAMB36_X0Y21         RAMB36E2                                     r  bd_0_i/hls_inst/inst/ping_U/ram_reg_bram_3/CLKARDCLK
                         clock pessimism              0.000    10.047    
                         clock uncertainty           -0.035    10.012    
    RAMB36_X0Y21         RAMB36E2 (Setup_RAMB36E2_RAMB36_CLKARDCLK_DINADIN[1])
                                                     -0.465     9.547    bd_0_i/hls_inst/inst/ping_U/ram_reg_bram_3
  -------------------------------------------------------------------
                         required time                          9.547    
                         arrival time                          -6.692    
  -------------------------------------------------------------------
                         slack                                  2.854    

Slack (MET) :             2.866ns  (required time - arrival time)
  Source:                 bd_0_i/hls_inst/inst/grp_ntt_kernel_Pipeline_FLATTENED_BUTTERFLY_LOOP_fu_322/add_64ns_64ns_64_2_1_U19/ain_s1_reg[8]/C
                            (rising edge-triggered cell FDRE clocked by ap_clk  {rise@0.000ns fall@5.000ns period=10.000ns})
  Destination:            bd_0_i/hls_inst/inst/ping_U/ram_reg_bram_3/DINADIN[2]
                            (rising edge-triggered cell RAMB36E2 clocked by ap_clk  {rise@0.000ns fall@5.000ns period=10.000ns})
  Path Group:             ap_clk
  Path Type:              Setup (Max at Slow Process Corner)
  Requirement:            10.000ns  (ap_clk rise@10.000ns - ap_clk rise@0.000ns)
  Data Path Delay:        6.653ns  (logic 2.738ns (41.151%)  route 3.915ns (58.849%))
  Logic Levels:           17  (CARRY8=10 LUT2=1 LUT3=2 LUT4=2 LUT6=2)
  Clock Path Skew:        0.005ns (DCD - SCD + CPR)
    Destination Clock Delay (DCD):    0.047ns = ( 10.047 - 10.000 ) 
    Source Clock Delay      (SCD):    0.042ns
    Clock Pessimism Removal (CPR):    0.000ns
  Clock Uncertainty:      0.035ns  ((TSJ^2 + TIJ^2)^1/2 + DJ) / 2 + PE
    Total System Jitter     (TSJ):    0.071ns
    Total Input Jitter      (TIJ):    0.000ns
    Discrete Jitter          (DJ):    0.000ns
    Phase Error              (PE):    0.000ns

    Location             Delay type                Incr(ns)  Path(ns)    Netlist Resource(s)
  -------------------------------------------------------------------    -------------------
                         (clock ap_clk rise edge)     0.000     0.000 r  
                                                      0.000     0.000 r  ap_clk (IN)
                         net (fo=6267, unset)         0.042     0.042    bd_0_i/hls_inst/inst/grp_ntt_kernel_Pipeline_FLATTENED_BUTTERFLY_LOOP_fu_322/add_64ns_64ns_64_2_1_U19/ap_clk
    SLICE_X22Y78         FDRE                                         r  bd_0_i/hls_inst/inst/grp_ntt_kernel_Pipeline_FLATTENED_BUTTERFLY_LOOP_fu_322/add_64ns_64ns_64_2_1_U19/ain_s1_reg[8]/C
  -------------------------------------------------------------------    -------------------
    SLICE_X22Y78         FDRE (Prop_FFF_SLICEL_C_Q)
                                                      0.113     0.155 r  bd_0_i/hls_inst/inst/grp_ntt_kernel_Pipeline_FLATTENED_BUTTERFLY_LOOP_fu_322/add_64ns_64ns_64_2_1_U19/ain_s1_reg[8]/Q
                         net (fo=2, routed)           0.478     0.633    bd_0_i/hls_inst/inst/grp_ntt_kernel_Pipeline_FLATTENED_BUTTERFLY_LOOP_fu_322/add_64ns_64ns_64_2_1_U19/u2/ram_reg_bram_2_i_14_0[8]
    SLICE_X24Y78         LUT2 (Prop_A6LUT_SLICEM_I0_O)
                                                      0.189     0.822 r  bd_0_i/hls_inst/inst/grp_ntt_kernel_Pipeline_FLATTENED_BUTTERFLY_LOOP_fu_322/add_64ns_64ns_64_2_1_U19/u2/dout0_carry__0_i_8/O
                         net (fo=1, routed)           0.017     0.839    bd_0_i/hls_inst/inst/grp_ntt_kernel_Pipeline_FLATTENED_BUTTERFLY_LOOP_fu_322/add_64ns_64ns_64_2_1_U19/u2/dout0_carry__0_i_8_n_4
    SLICE_X24Y78         CARRY8 (Prop_CARRY8_SLICEM_S[0]_CO[7])
                                                      0.281     1.120 r  bd_0_i/hls_inst/inst/grp_ntt_kernel_Pipeline_FLATTENED_BUTTERFLY_LOOP_fu_322/add_64ns_64ns_64_2_1_U19/u2/dout0_carry__0/CO[7]
                         net (fo=1, routed)           0.030     1.150    bd_0_i/hls_inst/inst/grp_ntt_kernel_Pipeline_FLATTENED_BUTTERFLY_LOOP_fu_322/add_64ns_64ns_64_2_1_U19/u2/dout0_carry__0_n_4
    SLICE_X24Y79         CARRY8 (Prop_CARRY8_SLICEM_CI_O[1])
                                                      0.106     1.256 r  bd_0_i/hls_inst/inst/grp_ntt_kernel_Pipeline_FLATTENED_BUTTERFLY_LOOP_fu_322/add_64ns_64ns_64_2_1_U19/u2/dout0_carry__1/O[1]
                         net (fo=4, routed)           0.432     1.688    bd_0_i/hls_inst/inst/grp_ntt_kernel_Pipeline_FLATTENED_BUTTERFLY_LOOP_fu_322/add_64ns_64ns_64_2_1_U19/u2/t_fu_370_p4[17]
    SLICE_X26Y78         LUT4 (Prop_A6LUT_SLICEL_I0_O)
                                                      0.152     1.840 r  bd_0_i/hls_inst/inst/grp_ntt_kernel_Pipeline_FLATTENED_BUTTERFLY_LOOP_fu_322/add_64ns_64ns_64_2_1_U19/u2/ram_reg_bram_0_i_201/O
                         net (fo=1, routed)           0.014     1.854    bd_0_i/hls_inst/inst/grp_ntt_kernel_Pipeline_FLATTENED_BUTTERFLY_LOOP_fu_322/add_64ns_64ns_64_2_1_U19/u2/ram_reg_bram_0_i_201_n_4
    SLICE_X26Y78         CARRY8 (Prop_CARRY8_SLICEL_S[0]_CO[7])
                                                      0.278     2.132 r  bd_0_i/hls_inst/inst/grp_ntt_kernel_Pipeline_FLATTENED_BUTTERFLY_LOOP_fu_322/add_64ns_64ns_64_2_1_U19/u2/ram_reg_bram_0_i_184/CO[7]
                         net (fo=1, routed)           0.030     2.162    bd_0_i/hls_inst/inst/grp_ntt_kernel_Pipeline_FLATTENED_BUTTERFLY_LOOP_fu_322/add_64ns_64ns_64_2_1_U19/u2/icmp_ln44_fu_380_p2
    SLICE_X26Y79         CARRY8 (Prop_CARRY8_SLICEL_CI_O[0])
                                                      0.078     2.240 r  bd_0_i/hls_inst/inst/grp_ntt_kernel_Pipeline_FLATTENED_BUTTERFLY_LOOP_fu_322/add_64ns_64ns_64_2_1_U19/u2/ram_reg_bram_0_i_167/O[0]
                         net (fo=33, routed)          0.471     2.711    bd_0_i/hls_inst/inst/grp_ntt_kernel_Pipeline_FLATTENED_BUTTERFLY_LOOP_fu_322/add_64ns_64ns_64_2_1_U19/u2/ram_reg_bram_0_i_167_n_19
    SLICE_X25Y75         LUT3 (Prop_A6LUT_SLICEM_I2_O)
                                                      0.083     2.794 r  bd_0_i/hls_inst/inst/grp_ntt_kernel_Pipeline_FLATTENED_BUTTERFLY_LOOP_fu_322/add_64ns_64ns_64_2_1_U19/u2/ram_reg_bram_0_i_175/O
                         net (fo=1, routed)           0.017     2.811    bd_0_i/hls_inst/inst/grp_ntt_kernel_Pipeline_FLATTENED_BUTTERFLY_LOOP_fu_322/add_64ns_64ns_64_2_1_U19/u2/ram_reg_bram_0_i_175_n_4
    SLICE_X25Y75         CARRY8 (Prop_CARRY8_SLICEM_S[0]_CO[7])
                                                      0.281     3.092 r  bd_0_i/hls_inst/inst/grp_ntt_kernel_Pipeline_FLATTENED_BUTTERFLY_LOOP_fu_322/add_64ns_64ns_64_2_1_U19/u2/ram_reg_bram_0_i_93/CO[7]
                         net (fo=1, routed)           0.030     3.122    bd_0_i/hls_inst/inst/grp_ntt_kernel_Pipeline_FLATTENED_BUTTERFLY_LOOP_fu_322/add_64ns_64ns_64_2_1_U19/u2/ram_reg_bram_0_i_93_n_4
    SLICE_X25Y76         CARRY8 (Prop_CARRY8_SLICEM_CI_O[1])
                                                      0.106     3.228 r  bd_0_i/hls_inst/inst/grp_ntt_kernel_Pipeline_FLATTENED_BUTTERFLY_LOOP_fu_322/add_64ns_64ns_64_2_1_U19/u2/ram_reg_bram_0_i_42/O[1]
                         net (fo=6, routed)           0.366     3.594    bd_0_i/hls_inst/inst/grp_ntt_kernel_Pipeline_FLATTENED_BUTTERFLY_LOOP_fu_322/add_64ns_64ns_64_2_1_U19/u2/t_1_fu_396_p3[9]
    SLICE_X26Y74         LUT4 (Prop_B6LUT_SLICEL_I0_O)
                                                      0.138     3.732 r  bd_0_i/hls_inst/inst/grp_ntt_kernel_Pipeline_FLATTENED_BUTTERFLY_LOOP_fu_322/add_64ns_64ns_64_2_1_U19/u2/ram_reg_bram_0_i_49/O
                         net (fo=1, routed)           0.013     3.745    bd_0_i/hls_inst/inst/grp_ntt_kernel_Pipeline_FLATTENED_BUTTERFLY_LOOP_fu_322/add_64ns_64ns_64_2_1_U19/u2/ram_reg_bram_0_i_49_n_4
    SLICE_X26Y74         CARRY8 (Prop_CARRY8_SLICEL_S[1]_CO[7])
                                                      0.261     4.006 r  bd_0_i/hls_inst/inst/grp_ntt_kernel_Pipeline_FLATTENED_BUTTERFLY_LOOP_fu_322/add_64ns_64ns_64_2_1_U19/u2/ram_reg_bram_0_i_34/CO[7]
                         net (fo=1, routed)           0.030     4.036    bd_0_i/hls_inst/inst/grp_ntt_kernel_Pipeline_FLATTENED_BUTTERFLY_LOOP_fu_322/add_64ns_64ns_64_2_1_U19/u2/ram_reg_bram_0_i_34_n_4
    SLICE_X26Y75         CARRY8 (Prop_CARRY8_SLICEL_CI_CO[7])
                                                      0.065     4.101 r  bd_0_i/hls_inst/inst/grp_ntt_kernel_Pipeline_FLATTENED_BUTTERFLY_LOOP_fu_322/add_64ns_64ns_64_2_1_U19/u2/ram_reg_bram_0_i_40/CO[7]
                         net (fo=1, routed)           0.030     4.131    bd_0_i/hls_inst/inst/grp_ntt_kernel_Pipeline_FLATTENED_BUTTERFLY_LOOP_fu_322/add_64ns_64ns_64_2_1_U19/u2/ram_reg_bram_0_i_40_n_4
    SLICE_X26Y76         CARRY8 (Prop_CARRY8_SLICEL_CI_O[3])
                                                      0.114     4.245 f  bd_0_i/hls_inst/inst/grp_ntt_kernel_Pipeline_FLATTENED_BUTTERFLY_LOOP_fu_322/add_64ns_64ns_64_2_1_U19/u2/ram_reg_bram_2_i_12/O[3]
                         net (fo=7, routed)           0.332     4.577    bd_0_i/hls_inst/inst/grp_ntt_kernel_Pipeline_FLATTENED_BUTTERFLY_LOOP_fu_322/add_64ns_64ns_64_2_1_U19/u2/ram_reg_bram_3[3]
    SLICE_X25Y79         LUT6 (Prop_H6LUT_SLICEM_I0_O)
                                                      0.154     4.731 r  bd_0_i/hls_inst/inst/grp_ntt_kernel_Pipeline_FLATTENED_BUTTERFLY_LOOP_fu_322/add_64ns_64ns_64_2_1_U19/u2/ram_reg_bram_0_i_71/O
                         net (fo=1, routed)           0.383     5.114    bd_0_i/hls_inst/inst/grp_ntt_kernel_Pipeline_FLATTENED_BUTTERFLY_LOOP_fu_322/add_64ns_64ns_64_2_1_U19/u2/ram_reg_bram_0_i_71_n_4
    SLICE_X24Y74         CARRY8 (Prop_CARRY8_SLICEM_DI[5]_CO[7])
                                                      0.124     5.238 r  bd_0_i/hls_inst/inst/grp_ntt_kernel_Pipeline_FLATTENED_BUTTERFLY_LOOP_fu_322/add_64ns_64ns_64_2_1_U19/u2/ram_reg_bram_0_i_36/CO[7]
                         net (fo=32, routed)          0.547     5.785    bd_0_i/hls_inst/inst/grp_ntt_kernel_Pipeline_FLATTENED_BUTTERFLY_LOOP_fu_322/add_64ns_64ns_64_2_1_U19/u2/icmp_ln11_1_fu_421_p2
    SLICE_X27Y75         LUT6 (Prop_G6LUT_SLICEL_I4_O)
                                                      0.082     5.867 r  bd_0_i/hls_inst/inst/grp_ntt_kernel_Pipeline_FLATTENED_BUTTERFLY_LOOP_fu_322/add_64ns_64ns_64_2_1_U19/u2/ram_reg_bram_3_i_3/O
                         net (fo=2, routed)           0.101     5.967    bd_0_i/hls_inst/inst/grp_ntt_kernel_Pipeline_FLATTENED_BUTTERFLY_LOOP_fu_322/add_64ns_64ns_64_2_1_U19/u2/grp_ntt_kernel_Pipeline_FLATTENED_BUTTERFLY_LOOP_fu_322_pong_d1[29]
    SLICE_X27Y75         LUT3 (Prop_D5LUT_SLICEL_I0_O)
                                                      0.133     6.100 r  bd_0_i/hls_inst/inst/grp_ntt_kernel_Pipeline_FLATTENED_BUTTERFLY_LOOP_fu_322/add_64ns_64ns_64_2_1_U19/u2/ram_reg_bram_3_i_3__0/O
                         net (fo=1, routed)           0.595     6.695    bd_0_i/hls_inst/inst/ping_U/ping_d1[29]
    RAMB36_X0Y21         RAMB36E2                                     r  bd_0_i/hls_inst/inst/ping_U/ram_reg_bram_3/DINADIN[2]
  -------------------------------------------------------------------    -------------------

                         (clock ap_clk rise edge)    10.000    10.000 r  
                                                      0.000    10.000 r  ap_clk (IN)
                         net (fo=6267, unset)         0.047    10.047    bd_0_i/hls_inst/inst/ping_U/ap_clk
    RAMB36_X0Y21         RAMB36E2                                     r  bd_0_i/hls_inst/inst/ping_U/ram_reg_bram_3/CLKARDCLK
                         clock pessimism              0.000    10.047    
                         clock uncertainty           -0.035    10.012    
    RAMB36_X0Y21         RAMB36E2 (Setup_RAMB36E2_RAMB36_CLKARDCLK_DINADIN[2])
                                                     -0.450     9.562    bd_0_i/hls_inst/inst/ping_U/ram_reg_bram_3
  -------------------------------------------------------------------
                         required time                          9.562    
                         arrival time                          -6.695    
  -------------------------------------------------------------------
                         slack                                  2.866    

Slack (MET) :             2.907ns  (required time - arrival time)
  Source:                 bd_0_i/hls_inst/inst/grp_ntt_kernel_Pipeline_FLATTENED_BUTTERFLY_LOOP_fu_322/add_64ns_64ns_64_2_1_U19/ain_s1_reg[8]/C
                            (rising edge-triggered cell FDRE clocked by ap_clk  {rise@0.000ns fall@5.000ns period=10.000ns})
  Destination:            bd_0_i/hls_inst/inst/ping_U/ram_reg_bram_0/DINADIN[0]
                            (rising edge-triggered cell RAMB36E2 clocked by ap_clk  {rise@0.000ns fall@5.000ns period=10.000ns})
  Path Group:             ap_clk
  Path Type:              Setup (Max at Slow Process Corner)
  Requirement:            10.000ns  (ap_clk rise@10.000ns - ap_clk rise@0.000ns)
  Data Path Delay:        6.599ns  (logic 2.765ns (41.903%)  route 3.834ns (58.097%))
  Logic Levels:           17  (CARRY8=10 LUT2=1 LUT3=2 LUT4=2 LUT6=2)
  Clock Path Skew:        0.005ns (DCD - SCD + CPR)
    Destination Clock Delay (DCD):    0.047ns = ( 10.047 - 10.000 ) 
    Source Clock Delay      (SCD):    0.042ns
    Clock Pessimism Removal (CPR):    0.000ns
  Clock Uncertainty:      0.035ns  ((TSJ^2 + TIJ^2)^1/2 + DJ) / 2 + PE
    Total System Jitter     (TSJ):    0.071ns
    Total Input Jitter      (TIJ):    0.000ns
    Discrete Jitter          (DJ):    0.000ns
    Phase Error              (PE):    0.000ns

    Location             Delay type                Incr(ns)  Path(ns)    Netlist Resource(s)
  -------------------------------------------------------------------    -------------------
                         (clock ap_clk rise edge)     0.000     0.000 r  
                                                      0.000     0.000 r  ap_clk (IN)
                         net (fo=6267, unset)         0.042     0.042    bd_0_i/hls_inst/inst/grp_ntt_kernel_Pipeline_FLATTENED_BUTTERFLY_LOOP_fu_322/add_64ns_64ns_64_2_1_U19/ap_clk
    SLICE_X22Y78         FDRE                                         r  bd_0_i/hls_inst/inst/grp_ntt_kernel_Pipeline_FLATTENED_BUTTERFLY_LOOP_fu_322/add_64ns_64ns_64_2_1_U19/ain_s1_reg[8]/C
  -------------------------------------------------------------------    -------------------
    SLICE_X22Y78         FDRE (Prop_FFF_SLICEL_C_Q)
                                                      0.113     0.155 r  bd_0_i/hls_inst/inst/grp_ntt_kernel_Pipeline_FLATTENED_BUTTERFLY_LOOP_fu_322/add_64ns_64ns_64_2_1_U19/ain_s1_reg[8]/Q
                         net (fo=2, routed)           0.478     0.633    bd_0_i/hls_inst/inst/grp_ntt_kernel_Pipeline_FLATTENED_BUTTERFLY_LOOP_fu_322/add_64ns_64ns_64_2_1_U19/u2/ram_reg_bram_2_i_14_0[8]
    SLICE_X24Y78         LUT2 (Prop_A6LUT_SLICEM_I0_O)
                                                      0.189     0.822 r  bd_0_i/hls_inst/inst/grp_ntt_kernel_Pipeline_FLATTENED_BUTTERFLY_LOOP_fu_322/add_64ns_64ns_64_2_1_U19/u2/dout0_carry__0_i_8/O
                         net (fo=1, routed)           0.017     0.839    bd_0_i/hls_inst/inst/grp_ntt_kernel_Pipeline_FLATTENED_BUTTERFLY_LOOP_fu_322/add_64ns_64ns_64_2_1_U19/u2/dout0_carry__0_i_8_n_4
    SLICE_X24Y78         CARRY8 (Prop_CARRY8_SLICEM_S[0]_CO[7])
                                                      0.281     1.120 r  bd_0_i/hls_inst/inst/grp_ntt_kernel_Pipeline_FLATTENED_BUTTERFLY_LOOP_fu_322/add_64ns_64ns_64_2_1_U19/u2/dout0_carry__0/CO[7]
                         net (fo=1, routed)           0.030     1.150    bd_0_i/hls_inst/inst/grp_ntt_kernel_Pipeline_FLATTENED_BUTTERFLY_LOOP_fu_322/add_64ns_64ns_64_2_1_U19/u2/dout0_carry__0_n_4
    SLICE_X24Y79         CARRY8 (Prop_CARRY8_SLICEM_CI_O[1])
                                                      0.106     1.256 r  bd_0_i/hls_inst/inst/grp_ntt_kernel_Pipeline_FLATTENED_BUTTERFLY_LOOP_fu_322/add_64ns_64ns_64_2_1_U19/u2/dout0_carry__1/O[1]
                         net (fo=4, routed)           0.432     1.688    bd_0_i/hls_inst/inst/grp_ntt_kernel_Pipeline_FLATTENED_BUTTERFLY_LOOP_fu_322/add_64ns_64ns_64_2_1_U19/u2/t_fu_370_p4[17]
    SLICE_X26Y78         LUT4 (Prop_A6LUT_SLICEL_I0_O)
                                                      0.152     1.840 r  bd_0_i/hls_inst/inst/grp_ntt_kernel_Pipeline_FLATTENED_BUTTERFLY_LOOP_fu_322/add_64ns_64ns_64_2_1_U19/u2/ram_reg_bram_0_i_201/O
                         net (fo=1, routed)           0.014     1.854    bd_0_i/hls_inst/inst/grp_ntt_kernel_Pipeline_FLATTENED_BUTTERFLY_LOOP_fu_322/add_64ns_64ns_64_2_1_U19/u2/ram_reg_bram_0_i_201_n_4
    SLICE_X26Y78         CARRY8 (Prop_CARRY8_SLICEL_S[0]_CO[7])
                                                      0.278     2.132 r  bd_0_i/hls_inst/inst/grp_ntt_kernel_Pipeline_FLATTENED_BUTTERFLY_LOOP_fu_322/add_64ns_64ns_64_2_1_U19/u2/ram_reg_bram_0_i_184/CO[7]
                         net (fo=1, routed)           0.030     2.162    bd_0_i/hls_inst/inst/grp_ntt_kernel_Pipeline_FLATTENED_BUTTERFLY_LOOP_fu_322/add_64ns_64ns_64_2_1_U19/u2/icmp_ln44_fu_380_p2
    SLICE_X26Y79         CARRY8 (Prop_CARRY8_SLICEL_CI_O[0])
                                                      0.078     2.240 r  bd_0_i/hls_inst/inst/grp_ntt_kernel_Pipeline_FLATTENED_BUTTERFLY_LOOP_fu_322/add_64ns_64ns_64_2_1_U19/u2/ram_reg_bram_0_i_167/O[0]
                         net (fo=33, routed)          0.471     2.711    bd_0_i/hls_inst/inst/grp_ntt_kernel_Pipeline_FLATTENED_BUTTERFLY_LOOP_fu_322/add_64ns_64ns_64_2_1_U19/u2/ram_reg_bram_0_i_167_n_19
    SLICE_X25Y75         LUT3 (Prop_A6LUT_SLICEM_I2_O)
                                                      0.083     2.794 r  bd_0_i/hls_inst/inst/grp_ntt_kernel_Pipeline_FLATTENED_BUTTERFLY_LOOP_fu_322/add_64ns_64ns_64_2_1_U19/u2/ram_reg_bram_0_i_175/O
                         net (fo=1, routed)           0.017     2.811    bd_0_i/hls_inst/inst/grp_ntt_kernel_Pipeline_FLATTENED_BUTTERFLY_LOOP_fu_322/add_64ns_64ns_64_2_1_U19/u2/ram_reg_bram_0_i_175_n_4
    SLICE_X25Y75         CARRY8 (Prop_CARRY8_SLICEM_S[0]_CO[7])
                                                      0.281     3.092 r  bd_0_i/hls_inst/inst/grp_ntt_kernel_Pipeline_FLATTENED_BUTTERFLY_LOOP_fu_322/add_64ns_64ns_64_2_1_U19/u2/ram_reg_bram_0_i_93/CO[7]
                         net (fo=1, routed)           0.030     3.122    bd_0_i/hls_inst/inst/grp_ntt_kernel_Pipeline_FLATTENED_BUTTERFLY_LOOP_fu_322/add_64ns_64ns_64_2_1_U19/u2/ram_reg_bram_0_i_93_n_4
    SLICE_X25Y76         CARRY8 (Prop_CARRY8_SLICEM_CI_O[1])
                                                      0.106     3.228 r  bd_0_i/hls_inst/inst/grp_ntt_kernel_Pipeline_FLATTENED_BUTTERFLY_LOOP_fu_322/add_64ns_64ns_64_2_1_U19/u2/ram_reg_bram_0_i_42/O[1]
                         net (fo=6, routed)           0.366     3.594    bd_0_i/hls_inst/inst/grp_ntt_kernel_Pipeline_FLATTENED_BUTTERFLY_LOOP_fu_322/add_64ns_64ns_64_2_1_U19/u2/t_1_fu_396_p3[9]
    SLICE_X26Y74         LUT4 (Prop_B6LUT_SLICEL_I0_O)
                                                      0.138     3.732 r  bd_0_i/hls_inst/inst/grp_ntt_kernel_Pipeline_FLATTENED_BUTTERFLY_LOOP_fu_322/add_64ns_64ns_64_2_1_U19/u2/ram_reg_bram_0_i_49/O
                         net (fo=1, routed)           0.013     3.745    bd_0_i/hls_inst/inst/grp_ntt_kernel_Pipeline_FLATTENED_BUTTERFLY_LOOP_fu_322/add_64ns_64ns_64_2_1_U19/u2/ram_reg_bram_0_i_49_n_4
    SLICE_X26Y74         CARRY8 (Prop_CARRY8_SLICEL_S[1]_CO[7])
                                                      0.261     4.006 r  bd_0_i/hls_inst/inst/grp_ntt_kernel_Pipeline_FLATTENED_BUTTERFLY_LOOP_fu_322/add_64ns_64ns_64_2_1_U19/u2/ram_reg_bram_0_i_34/CO[7]
                         net (fo=1, routed)           0.030     4.036    bd_0_i/hls_inst/inst/grp_ntt_kernel_Pipeline_FLATTENED_BUTTERFLY_LOOP_fu_322/add_64ns_64ns_64_2_1_U19/u2/ram_reg_bram_0_i_34_n_4
    SLICE_X26Y75         CARRY8 (Prop_CARRY8_SLICEL_CI_CO[7])
                                                      0.065     4.101 r  bd_0_i/hls_inst/inst/grp_ntt_kernel_Pipeline_FLATTENED_BUTTERFLY_LOOP_fu_322/add_64ns_64ns_64_2_1_U19/u2/ram_reg_bram_0_i_40/CO[7]
                         net (fo=1, routed)           0.030     4.131    bd_0_i/hls_inst/inst/grp_ntt_kernel_Pipeline_FLATTENED_BUTTERFLY_LOOP_fu_322/add_64ns_64ns_64_2_1_U19/u2/ram_reg_bram_0_i_40_n_4
    SLICE_X26Y76         CARRY8 (Prop_CARRY8_SLICEL_CI_O[3])
                                                      0.114     4.245 f  bd_0_i/hls_inst/inst/grp_ntt_kernel_Pipeline_FLATTENED_BUTTERFLY_LOOP_fu_322/add_64ns_64ns_64_2_1_U19/u2/ram_reg_bram_2_i_12/O[3]
                         net (fo=7, routed)           0.332     4.577    bd_0_i/hls_inst/inst/grp_ntt_kernel_Pipeline_FLATTENED_BUTTERFLY_LOOP_fu_322/add_64ns_64ns_64_2_1_U19/u2/ram_reg_bram_3[3]
    SLICE_X25Y79         LUT6 (Prop_H6LUT_SLICEM_I0_O)
                                                      0.154     4.731 r  bd_0_i/hls_inst/inst/grp_ntt_kernel_Pipeline_FLATTENED_BUTTERFLY_LOOP_fu_322/add_64ns_64ns_64_2_1_U19/u2/ram_reg_bram_0_i_71/O
                         net (fo=1, routed)           0.383     5.114    bd_0_i/hls_inst/inst/grp_ntt_kernel_Pipeline_FLATTENED_BUTTERFLY_LOOP_fu_322/add_64ns_64ns_64_2_1_U19/u2/ram_reg_bram_0_i_71_n_4
    SLICE_X24Y74         CARRY8 (Prop_CARRY8_SLICEM_DI[5]_CO[7])
                                                      0.124     5.238 r  bd_0_i/hls_inst/inst/grp_ntt_kernel_Pipeline_FLATTENED_BUTTERFLY_LOOP_fu_322/add_64ns_64ns_64_2_1_U19/u2/ram_reg_bram_0_i_36/CO[7]
                         net (fo=32, routed)          0.580     5.817    bd_0_i/hls_inst/inst/grp_ntt_kernel_Pipeline_FLATTENED_BUTTERFLY_LOOP_fu_322/add_64ns_64ns_64_2_1_U19/u2/icmp_ln11_1_fu_421_p2
    SLICE_X28Y70         LUT6 (Prop_F6LUT_SLICEM_I4_O)
                                                      0.056     5.873 r  bd_0_i/hls_inst/inst/grp_ntt_kernel_Pipeline_FLATTENED_BUTTERFLY_LOOP_fu_322/add_64ns_64ns_64_2_1_U19/u2/ram_reg_bram_0_i_28/O
                         net (fo=3, routed)           0.183     6.056    bd_0_i/hls_inst/inst/grp_ntt_kernel_Pipeline_FLATTENED_BUTTERFLY_LOOP_fu_322/add_64ns_64ns_64_2_1_U19/u2/grp_ntt_kernel_Pipeline_FLATTENED_BUTTERFLY_LOOP_fu_322_pong_d1[0]
    SLICE_X28Y74         LUT3 (Prop_C6LUT_SLICEM_I0_O)
                                                      0.186     6.242 r  bd_0_i/hls_inst/inst/grp_ntt_kernel_Pipeline_FLATTENED_BUTTERFLY_LOOP_fu_322/add_64ns_64ns_64_2_1_U19/u2/ram_reg_bram_0_i_40__0/O
                         net (fo=2, routed)           0.398     6.641    bd_0_i/hls_inst/inst/ping_U/ping_d1[0]
    RAMB36_X0Y17         RAMB36E2                                     r  bd_0_i/hls_inst/inst/ping_U/ram_reg_bram_0/DINADIN[0]
  -------------------------------------------------------------------    -------------------

                         (clock ap_clk rise edge)    10.000    10.000 r  
                                                      0.000    10.000 r  ap_clk (IN)
                         net (fo=6267, unset)         0.047    10.047    bd_0_i/hls_inst/inst/ping_U/ap_clk
    RAMB36_X0Y17         RAMB36E2                                     r  bd_0_i/hls_inst/inst/ping_U/ram_reg_bram_0/CLKARDCLK
                         clock pessimism              0.000    10.047    
                         clock uncertainty           -0.035    10.012    
    RAMB36_X0Y17         RAMB36E2 (Setup_RAMB36E2_RAMB36_CLKARDCLK_DINADIN[0])
                                                     -0.464     9.548    bd_0_i/hls_inst/inst/ping_U/ram_reg_bram_0
  -------------------------------------------------------------------
                         required time                          9.548    
                         arrival time                          -6.641    
  -------------------------------------------------------------------
                         slack                                  2.907    

Slack (MET) :             2.910ns  (required time - arrival time)
  Source:                 bd_0_i/hls_inst/inst/grp_ntt_kernel_Pipeline_FLATTENED_BUTTERFLY_LOOP_fu_322/add_64ns_64ns_64_2_1_U19/ain_s1_reg[8]/C
                            (rising edge-triggered cell FDRE clocked by ap_clk  {rise@0.000ns fall@5.000ns period=10.000ns})
  Destination:            bd_0_i/hls_inst/inst/ping_U/ram_reg_bram_1/DINADIN[2]
                            (rising edge-triggered cell RAMB36E2 clocked by ap_clk  {rise@0.000ns fall@5.000ns period=10.000ns})
  Path Group:             ap_clk
  Path Type:              Setup (Max at Slow Process Corner)
  Requirement:            10.000ns  (ap_clk rise@10.000ns - ap_clk rise@0.000ns)
  Data Path Delay:        6.609ns  (logic 2.661ns (40.261%)  route 3.948ns (59.739%))
  Logic Levels:           17  (CARRY8=10 LUT2=1 LUT3=2 LUT4=2 LUT6=2)
  Clock Path Skew:        0.005ns (DCD - SCD + CPR)
    Destination Clock Delay (DCD):    0.047ns = ( 10.047 - 10.000 ) 
    Source Clock Delay      (SCD):    0.042ns
    Clock Pessimism Removal (CPR):    0.000ns
  Clock Uncertainty:      0.035ns  ((TSJ^2 + TIJ^2)^1/2 + DJ) / 2 + PE
    Total System Jitter     (TSJ):    0.071ns
    Total Input Jitter      (TIJ):    0.000ns
    Discrete Jitter          (DJ):    0.000ns
    Phase Error              (PE):    0.000ns

    Location             Delay type                Incr(ns)  Path(ns)    Netlist Resource(s)
  -------------------------------------------------------------------    -------------------
                         (clock ap_clk rise edge)     0.000     0.000 r  
                                                      0.000     0.000 r  ap_clk (IN)
                         net (fo=6267, unset)         0.042     0.042    bd_0_i/hls_inst/inst/grp_ntt_kernel_Pipeline_FLATTENED_BUTTERFLY_LOOP_fu_322/add_64ns_64ns_64_2_1_U19/ap_clk
    SLICE_X22Y78         FDRE                                         r  bd_0_i/hls_inst/inst/grp_ntt_kernel_Pipeline_FLATTENED_BUTTERFLY_LOOP_fu_322/add_64ns_64ns_64_2_1_U19/ain_s1_reg[8]/C
  -------------------------------------------------------------------    -------------------
    SLICE_X22Y78         FDRE (Prop_FFF_SLICEL_C_Q)
                                                      0.113     0.155 r  bd_0_i/hls_inst/inst/grp_ntt_kernel_Pipeline_FLATTENED_BUTTERFLY_LOOP_fu_322/add_64ns_64ns_64_2_1_U19/ain_s1_reg[8]/Q
                         net (fo=2, routed)           0.478     0.633    bd_0_i/hls_inst/inst/grp_ntt_kernel_Pipeline_FLATTENED_BUTTERFLY_LOOP_fu_322/add_64ns_64ns_64_2_1_U19/u2/ram_reg_bram_2_i_14_0[8]
    SLICE_X24Y78         LUT2 (Prop_A6LUT_SLICEM_I0_O)
                                                      0.189     0.822 r  bd_0_i/hls_inst/inst/grp_ntt_kernel_Pipeline_FLATTENED_BUTTERFLY_LOOP_fu_322/add_64ns_64ns_64_2_1_U19/u2/dout0_carry__0_i_8/O
                         net (fo=1, routed)           0.017     0.839    bd_0_i/hls_inst/inst/grp_ntt_kernel_Pipeline_FLATTENED_BUTTERFLY_LOOP_fu_322/add_64ns_64ns_64_2_1_U19/u2/dout0_carry__0_i_8_n_4
    SLICE_X24Y78         CARRY8 (Prop_CARRY8_SLICEM_S[0]_CO[7])
                                                      0.281     1.120 r  bd_0_i/hls_inst/inst/grp_ntt_kernel_Pipeline_FLATTENED_BUTTERFLY_LOOP_fu_322/add_64ns_64ns_64_2_1_U19/u2/dout0_carry__0/CO[7]
                         net (fo=1, routed)           0.030     1.150    bd_0_i/hls_inst/inst/grp_ntt_kernel_Pipeline_FLATTENED_BUTTERFLY_LOOP_fu_322/add_64ns_64ns_64_2_1_U19/u2/dout0_carry__0_n_4
    SLICE_X24Y79         CARRY8 (Prop_CARRY8_SLICEM_CI_O[1])
                                                      0.106     1.256 r  bd_0_i/hls_inst/inst/grp_ntt_kernel_Pipeline_FLATTENED_BUTTERFLY_LOOP_fu_322/add_64ns_64ns_64_2_1_U19/u2/dout0_carry__1/O[1]
                         net (fo=4, routed)           0.432     1.688    bd_0_i/hls_inst/inst/grp_ntt_kernel_Pipeline_FLATTENED_BUTTERFLY_LOOP_fu_322/add_64ns_64ns_64_2_1_U19/u2/t_fu_370_p4[17]
    SLICE_X26Y78         LUT4 (Prop_A6LUT_SLICEL_I0_O)
                                                      0.152     1.840 r  bd_0_i/hls_inst/inst/grp_ntt_kernel_Pipeline_FLATTENED_BUTTERFLY_LOOP_fu_322/add_64ns_64ns_64_2_1_U19/u2/ram_reg_bram_0_i_201/O
                         net (fo=1, routed)           0.014     1.854    bd_0_i/hls_inst/inst/grp_ntt_kernel_Pipeline_FLATTENED_BUTTERFLY_LOOP_fu_322/add_64ns_64ns_64_2_1_U19/u2/ram_reg_bram_0_i_201_n_4
    SLICE_X26Y78         CARRY8 (Prop_CARRY8_SLICEL_S[0]_CO[7])
                                                      0.278     2.132 r  bd_0_i/hls_inst/inst/grp_ntt_kernel_Pipeline_FLATTENED_BUTTERFLY_LOOP_fu_322/add_64ns_64ns_64_2_1_U19/u2/ram_reg_bram_0_i_184/CO[7]
                         net (fo=1, routed)           0.030     2.162    bd_0_i/hls_inst/inst/grp_ntt_kernel_Pipeline_FLATTENED_BUTTERFLY_LOOP_fu_322/add_64ns_64ns_64_2_1_U19/u2/icmp_ln44_fu_380_p2
    SLICE_X26Y79         CARRY8 (Prop_CARRY8_SLICEL_CI_O[0])
                                                      0.078     2.240 r  bd_0_i/hls_inst/inst/grp_ntt_kernel_Pipeline_FLATTENED_BUTTERFLY_LOOP_fu_322/add_64ns_64ns_64_2_1_U19/u2/ram_reg_bram_0_i_167/O[0]
                         net (fo=33, routed)          0.471     2.711    bd_0_i/hls_inst/inst/grp_ntt_kernel_Pipeline_FLATTENED_BUTTERFLY_LOOP_fu_322/add_64ns_64ns_64_2_1_U19/u2/ram_reg_bram_0_i_167_n_19
    SLICE_X25Y75         LUT3 (Prop_A6LUT_SLICEM_I2_O)
                                                      0.083     2.794 r  bd_0_i/hls_inst/inst/grp_ntt_kernel_Pipeline_FLATTENED_BUTTERFLY_LOOP_fu_322/add_64ns_64ns_64_2_1_U19/u2/ram_reg_bram_0_i_175/O
                         net (fo=1, routed)           0.017     2.811    bd_0_i/hls_inst/inst/grp_ntt_kernel_Pipeline_FLATTENED_BUTTERFLY_LOOP_fu_322/add_64ns_64ns_64_2_1_U19/u2/ram_reg_bram_0_i_175_n_4
    SLICE_X25Y75         CARRY8 (Prop_CARRY8_SLICEM_S[0]_CO[7])
                                                      0.281     3.092 r  bd_0_i/hls_inst/inst/grp_ntt_kernel_Pipeline_FLATTENED_BUTTERFLY_LOOP_fu_322/add_64ns_64ns_64_2_1_U19/u2/ram_reg_bram_0_i_93/CO[7]
                         net (fo=1, routed)           0.030     3.122    bd_0_i/hls_inst/inst/grp_ntt_kernel_Pipeline_FLATTENED_BUTTERFLY_LOOP_fu_322/add_64ns_64ns_64_2_1_U19/u2/ram_reg_bram_0_i_93_n_4
    SLICE_X25Y76         CARRY8 (Prop_CARRY8_SLICEM_CI_O[1])
                                                      0.106     3.228 r  bd_0_i/hls_inst/inst/grp_ntt_kernel_Pipeline_FLATTENED_BUTTERFLY_LOOP_fu_322/add_64ns_64ns_64_2_1_U19/u2/ram_reg_bram_0_i_42/O[1]
                         net (fo=6, routed)           0.366     3.594    bd_0_i/hls_inst/inst/grp_ntt_kernel_Pipeline_FLATTENED_BUTTERFLY_LOOP_fu_322/add_64ns_64ns_64_2_1_U19/u2/t_1_fu_396_p3[9]
    SLICE_X26Y74         LUT4 (Prop_B6LUT_SLICEL_I0_O)
                                                      0.138     3.732 r  bd_0_i/hls_inst/inst/grp_ntt_kernel_Pipeline_FLATTENED_BUTTERFLY_LOOP_fu_322/add_64ns_64ns_64_2_1_U19/u2/ram_reg_bram_0_i_49/O
                         net (fo=1, routed)           0.013     3.745    bd_0_i/hls_inst/inst/grp_ntt_kernel_Pipeline_FLATTENED_BUTTERFLY_LOOP_fu_322/add_64ns_64ns_64_2_1_U19/u2/ram_reg_bram_0_i_49_n_4
    SLICE_X26Y74         CARRY8 (Prop_CARRY8_SLICEL_S[1]_CO[7])
                                                      0.261     4.006 r  bd_0_i/hls_inst/inst/grp_ntt_kernel_Pipeline_FLATTENED_BUTTERFLY_LOOP_fu_322/add_64ns_64ns_64_2_1_U19/u2/ram_reg_bram_0_i_34/CO[7]
                         net (fo=1, routed)           0.030     4.036    bd_0_i/hls_inst/inst/grp_ntt_kernel_Pipeline_FLATTENED_BUTTERFLY_LOOP_fu_322/add_64ns_64ns_64_2_1_U19/u2/ram_reg_bram_0_i_34_n_4
    SLICE_X26Y75         CARRY8 (Prop_CARRY8_SLICEL_CI_CO[7])
                                                      0.065     4.101 r  bd_0_i/hls_inst/inst/grp_ntt_kernel_Pipeline_FLATTENED_BUTTERFLY_LOOP_fu_322/add_64ns_64ns_64_2_1_U19/u2/ram_reg_bram_0_i_40/CO[7]
                         net (fo=1, routed)           0.030     4.131    bd_0_i/hls_inst/inst/grp_ntt_kernel_Pipeline_FLATTENED_BUTTERFLY_LOOP_fu_322/add_64ns_64ns_64_2_1_U19/u2/ram_reg_bram_0_i_40_n_4
    SLICE_X26Y76         CARRY8 (Prop_CARRY8_SLICEL_CI_O[3])
                                                      0.114     4.245 f  bd_0_i/hls_inst/inst/grp_ntt_kernel_Pipeline_FLATTENED_BUTTERFLY_LOOP_fu_322/add_64ns_64ns_64_2_1_U19/u2/ram_reg_bram_2_i_12/O[3]
                         net (fo=7, routed)           0.332     4.577    bd_0_i/hls_inst/inst/grp_ntt_kernel_Pipeline_FLATTENED_BUTTERFLY_LOOP_fu_322/add_64ns_64ns_64_2_1_U19/u2/ram_reg_bram_3[3]
    SLICE_X25Y79         LUT6 (Prop_H6LUT_SLICEM_I0_O)
                                                      0.154     4.731 r  bd_0_i/hls_inst/inst/grp_ntt_kernel_Pipeline_FLATTENED_BUTTERFLY_LOOP_fu_322/add_64ns_64ns_64_2_1_U19/u2/ram_reg_bram_0_i_71/O
                         net (fo=1, routed)           0.383     5.114    bd_0_i/hls_inst/inst/grp_ntt_kernel_Pipeline_FLATTENED_BUTTERFLY_LOOP_fu_322/add_64ns_64ns_64_2_1_U19/u2/ram_reg_bram_0_i_71_n_4
    SLICE_X24Y74         CARRY8 (Prop_CARRY8_SLICEM_DI[5]_CO[7])
                                                      0.124     5.238 r  bd_0_i/hls_inst/inst/grp_ntt_kernel_Pipeline_FLATTENED_BUTTERFLY_LOOP_fu_322/add_64ns_64ns_64_2_1_U19/u2/ram_reg_bram_0_i_36/CO[7]
                         net (fo=32, routed)          0.564     5.802    bd_0_i/hls_inst/inst/grp_ntt_kernel_Pipeline_FLATTENED_BUTTERFLY_LOOP_fu_322/add_64ns_64ns_64_2_1_U19/u2/icmp_ln11_1_fu_421_p2
    SLICE_X28Y71         LUT6 (Prop_F6LUT_SLICEM_I4_O)
                                                      0.056     5.858 r  bd_0_i/hls_inst/inst/grp_ntt_kernel_Pipeline_FLATTENED_BUTTERFLY_LOOP_fu_322/add_64ns_64ns_64_2_1_U19/u2/ram_reg_bram_0_i_26/O
                         net (fo=3, routed)           0.174     6.031    bd_0_i/hls_inst/inst/grp_ntt_kernel_Pipeline_FLATTENED_BUTTERFLY_LOOP_fu_322/add_64ns_64ns_64_2_1_U19/u2/grp_ntt_kernel_Pipeline_FLATTENED_BUTTERFLY_LOOP_fu_322_pong_d1[2]
    SLICE_X28Y73         LUT3 (Prop_B6LUT_SLICEM_I0_O)
                                                      0.082     6.113 r  bd_0_i/hls_inst/inst/grp_ntt_kernel_Pipeline_FLATTENED_BUTTERFLY_LOOP_fu_322/add_64ns_64ns_64_2_1_U19/u2/ram_reg_bram_0_i_38__0/O
                         net (fo=2, routed)           0.538     6.651    bd_0_i/hls_inst/inst/ping_U/ping_d1[2]
    RAMB36_X0Y18         RAMB36E2                                     r  bd_0_i/hls_inst/inst/ping_U/ram_reg_bram_1/DINADIN[2]
  -------------------------------------------------------------------    -------------------

                         (clock ap_clk rise edge)    10.000    10.000 r  
                                                      0.000    10.000 r  ap_clk (IN)
                         net (fo=6267, unset)         0.047    10.047    bd_0_i/hls_inst/inst/ping_U/ap_clk
    RAMB36_X0Y18         RAMB36E2                                     r  bd_0_i/hls_inst/inst/ping_U/ram_reg_bram_1/CLKARDCLK
                         clock pessimism              0.000    10.047    
                         clock uncertainty           -0.035    10.012    
    RAMB36_X0Y18         RAMB36E2 (Setup_RAMB36E2_RAMB36_CLKARDCLK_DINADIN[2])
                                                     -0.450     9.562    bd_0_i/hls_inst/inst/ping_U/ram_reg_bram_1
  -------------------------------------------------------------------
                         required time                          9.562    
                         arrival time                          -6.651    
  -------------------------------------------------------------------
                         slack                                  2.910    

Slack (MET) :             2.918ns  (required time - arrival time)
  Source:                 bd_0_i/hls_inst/inst/grp_ntt_kernel_Pipeline_FLATTENED_BUTTERFLY_LOOP_fu_322/add_64ns_64ns_64_2_1_U19/ain_s1_reg[8]/C
                            (rising edge-triggered cell FDRE clocked by ap_clk  {rise@0.000ns fall@5.000ns period=10.000ns})
  Destination:            bd_0_i/hls_inst/inst/ping_U/ram_reg_bram_1/DINADIN[1]
                            (rising edge-triggered cell RAMB36E2 clocked by ap_clk  {rise@0.000ns fall@5.000ns period=10.000ns})
  Path Group:             ap_clk
  Path Type:              Setup (Max at Slow Process Corner)
  Requirement:            10.000ns  (ap_clk rise@10.000ns - ap_clk rise@0.000ns)
  Data Path Delay:        6.587ns  (logic 2.671ns (40.551%)  route 3.916ns (59.449%))
  Logic Levels:           17  (CARRY8=10 LUT2=1 LUT3=2 LUT4=2 LUT6=2)
  Clock Path Skew:        0.005ns (DCD - SCD + CPR)
    Destination Clock Delay (DCD):    0.047ns = ( 10.047 - 10.000 ) 
    Source Clock Delay      (SCD):    0.042ns
    Clock Pessimism Removal (CPR):    0.000ns
  Clock Uncertainty:      0.035ns  ((TSJ^2 + TIJ^2)^1/2 + DJ) / 2 + PE
    Total System Jitter     (TSJ):    0.071ns
    Total Input Jitter      (TIJ):    0.000ns
    Discrete Jitter          (DJ):    0.000ns
    Phase Error              (PE):    0.000ns

    Location             Delay type                Incr(ns)  Path(ns)    Netlist Resource(s)
  -------------------------------------------------------------------    -------------------
                         (clock ap_clk rise edge)     0.000     0.000 r  
                                                      0.000     0.000 r  ap_clk (IN)
                         net (fo=6267, unset)         0.042     0.042    bd_0_i/hls_inst/inst/grp_ntt_kernel_Pipeline_FLATTENED_BUTTERFLY_LOOP_fu_322/add_64ns_64ns_64_2_1_U19/ap_clk
    SLICE_X22Y78         FDRE                                         r  bd_0_i/hls_inst/inst/grp_ntt_kernel_Pipeline_FLATTENED_BUTTERFLY_LOOP_fu_322/add_64ns_64ns_64_2_1_U19/ain_s1_reg[8]/C
  -------------------------------------------------------------------    -------------------
    SLICE_X22Y78         FDRE (Prop_FFF_SLICEL_C_Q)
                                                      0.113     0.155 r  bd_0_i/hls_inst/inst/grp_ntt_kernel_Pipeline_FLATTENED_BUTTERFLY_LOOP_fu_322/add_64ns_64ns_64_2_1_U19/ain_s1_reg[8]/Q
                         net (fo=2, routed)           0.478     0.633    bd_0_i/hls_inst/inst/grp_ntt_kernel_Pipeline_FLATTENED_BUTTERFLY_LOOP_fu_322/add_64ns_64ns_64_2_1_U19/u2/ram_reg_bram_2_i_14_0[8]
    SLICE_X24Y78         LUT2 (Prop_A6LUT_SLICEM_I0_O)
                                                      0.189     0.822 r  bd_0_i/hls_inst/inst/grp_ntt_kernel_Pipeline_FLATTENED_BUTTERFLY_LOOP_fu_322/add_64ns_64ns_64_2_1_U19/u2/dout0_carry__0_i_8/O
                         net (fo=1, routed)           0.017     0.839    bd_0_i/hls_inst/inst/grp_ntt_kernel_Pipeline_FLATTENED_BUTTERFLY_LOOP_fu_322/add_64ns_64ns_64_2_1_U19/u2/dout0_carry__0_i_8_n_4
    SLICE_X24Y78         CARRY8 (Prop_CARRY8_SLICEM_S[0]_CO[7])
                                                      0.281     1.120 r  bd_0_i/hls_inst/inst/grp_ntt_kernel_Pipeline_FLATTENED_BUTTERFLY_LOOP_fu_322/add_64ns_64ns_64_2_1_U19/u2/dout0_carry__0/CO[7]
                         net (fo=1, routed)           0.030     1.150    bd_0_i/hls_inst/inst/grp_ntt_kernel_Pipeline_FLATTENED_BUTTERFLY_LOOP_fu_322/add_64ns_64ns_64_2_1_U19/u2/dout0_carry__0_n_4
    SLICE_X24Y79         CARRY8 (Prop_CARRY8_SLICEM_CI_O[1])
                                                      0.106     1.256 r  bd_0_i/hls_inst/inst/grp_ntt_kernel_Pipeline_FLATTENED_BUTTERFLY_LOOP_fu_322/add_64ns_64ns_64_2_1_U19/u2/dout0_carry__1/O[1]
                         net (fo=4, routed)           0.432     1.688    bd_0_i/hls_inst/inst/grp_ntt_kernel_Pipeline_FLATTENED_BUTTERFLY_LOOP_fu_322/add_64ns_64ns_64_2_1_U19/u2/t_fu_370_p4[17]
    SLICE_X26Y78         LUT4 (Prop_A6LUT_SLICEL_I0_O)
                                                      0.152     1.840 r  bd_0_i/hls_inst/inst/grp_ntt_kernel_Pipeline_FLATTENED_BUTTERFLY_LOOP_fu_322/add_64ns_64ns_64_2_1_U19/u2/ram_reg_bram_0_i_201/O
                         net (fo=1, routed)           0.014     1.854    bd_0_i/hls_inst/inst/grp_ntt_kernel_Pipeline_FLATTENED_BUTTERFLY_LOOP_fu_322/add_64ns_64ns_64_2_1_U19/u2/ram_reg_bram_0_i_201_n_4
    SLICE_X26Y78         CARRY8 (Prop_CARRY8_SLICEL_S[0]_CO[7])
                                                      0.278     2.132 r  bd_0_i/hls_inst/inst/grp_ntt_kernel_Pipeline_FLATTENED_BUTTERFLY_LOOP_fu_322/add_64ns_64ns_64_2_1_U19/u2/ram_reg_bram_0_i_184/CO[7]
                         net (fo=1, routed)           0.030     2.162    bd_0_i/hls_inst/inst/grp_ntt_kernel_Pipeline_FLATTENED_BUTTERFLY_LOOP_fu_322/add_64ns_64ns_64_2_1_U19/u2/icmp_ln44_fu_380_p2
    SLICE_X26Y79         CARRY8 (Prop_CARRY8_SLICEL_CI_O[0])
                                                      0.078     2.240 r  bd_0_i/hls_inst/inst/grp_ntt_kernel_Pipeline_FLATTENED_BUTTERFLY_LOOP_fu_322/add_64ns_64ns_64_2_1_U19/u2/ram_reg_bram_0_i_167/O[0]
                         net (fo=33, routed)          0.471     2.711    bd_0_i/hls_inst/inst/grp_ntt_kernel_Pipeline_FLATTENED_BUTTERFLY_LOOP_fu_322/add_64ns_64ns_64_2_1_U19/u2/ram_reg_bram_0_i_167_n_19
    SLICE_X25Y75         LUT3 (Prop_A6LUT_SLICEM_I2_O)
                                                      0.083     2.794 r  bd_0_i/hls_inst/inst/grp_ntt_kernel_Pipeline_FLATTENED_BUTTERFLY_LOOP_fu_322/add_64ns_64ns_64_2_1_U19/u2/ram_reg_bram_0_i_175/O
                         net (fo=1, routed)           0.017     2.811    bd_0_i/hls_inst/inst/grp_ntt_kernel_Pipeline_FLATTENED_BUTTERFLY_LOOP_fu_322/add_64ns_64ns_64_2_1_U19/u2/ram_reg_bram_0_i_175_n_4
    SLICE_X25Y75         CARRY8 (Prop_CARRY8_SLICEM_S[0]_CO[7])
                                                      0.281     3.092 r  bd_0_i/hls_inst/inst/grp_ntt_kernel_Pipeline_FLATTENED_BUTTERFLY_LOOP_fu_322/add_64ns_64ns_64_2_1_U19/u2/ram_reg_bram_0_i_93/CO[7]
                         net (fo=1, routed)           0.030     3.122    bd_0_i/hls_inst/inst/grp_ntt_kernel_Pipeline_FLATTENED_BUTTERFLY_LOOP_fu_322/add_64ns_64ns_64_2_1_U19/u2/ram_reg_bram_0_i_93_n_4
    SLICE_X25Y76         CARRY8 (Prop_CARRY8_SLICEM_CI_O[1])
                                                      0.106     3.228 r  bd_0_i/hls_inst/inst/grp_ntt_kernel_Pipeline_FLATTENED_BUTTERFLY_LOOP_fu_322/add_64ns_64ns_64_2_1_U19/u2/ram_reg_bram_0_i_42/O[1]
                         net (fo=6, routed)           0.366     3.594    bd_0_i/hls_inst/inst/grp_ntt_kernel_Pipeline_FLATTENED_BUTTERFLY_LOOP_fu_322/add_64ns_64ns_64_2_1_U19/u2/t_1_fu_396_p3[9]
    SLICE_X26Y74         LUT4 (Prop_B6LUT_SLICEL_I0_O)
                                                      0.138     3.732 r  bd_0_i/hls_inst/inst/grp_ntt_kernel_Pipeline_FLATTENED_BUTTERFLY_LOOP_fu_322/add_64ns_64ns_64_2_1_U19/u2/ram_reg_bram_0_i_49/O
                         net (fo=1, routed)           0.013     3.745    bd_0_i/hls_inst/inst/grp_ntt_kernel_Pipeline_FLATTENED_BUTTERFLY_LOOP_fu_322/add_64ns_64ns_64_2_1_U19/u2/ram_reg_bram_0_i_49_n_4
    SLICE_X26Y74         CARRY8 (Prop_CARRY8_SLICEL_S[1]_CO[7])
                                                      0.261     4.006 r  bd_0_i/hls_inst/inst/grp_ntt_kernel_Pipeline_FLATTENED_BUTTERFLY_LOOP_fu_322/add_64ns_64ns_64_2_1_U19/u2/ram_reg_bram_0_i_34/CO[7]
                         net (fo=1, routed)           0.030     4.036    bd_0_i/hls_inst/inst/grp_ntt_kernel_Pipeline_FLATTENED_BUTTERFLY_LOOP_fu_322/add_64ns_64ns_64_2_1_U19/u2/ram_reg_bram_0_i_34_n_4
    SLICE_X26Y75         CARRY8 (Prop_CARRY8_SLICEL_CI_CO[7])
                                                      0.065     4.101 r  bd_0_i/hls_inst/inst/grp_ntt_kernel_Pipeline_FLATTENED_BUTTERFLY_LOOP_fu_322/add_64ns_64ns_64_2_1_U19/u2/ram_reg_bram_0_i_40/CO[7]
                         net (fo=1, routed)           0.030     4.131    bd_0_i/hls_inst/inst/grp_ntt_kernel_Pipeline_FLATTENED_BUTTERFLY_LOOP_fu_322/add_64ns_64ns_64_2_1_U19/u2/ram_reg_bram_0_i_40_n_4
    SLICE_X26Y76         CARRY8 (Prop_CARRY8_SLICEL_CI_O[3])
                                                      0.114     4.245 f  bd_0_i/hls_inst/inst/grp_ntt_kernel_Pipeline_FLATTENED_BUTTERFLY_LOOP_fu_322/add_64ns_64ns_64_2_1_U19/u2/ram_reg_bram_2_i_12/O[3]
                         net (fo=7, routed)           0.332     4.577    bd_0_i/hls_inst/inst/grp_ntt_kernel_Pipeline_FLATTENED_BUTTERFLY_LOOP_fu_322/add_64ns_64ns_64_2_1_U19/u2/ram_reg_bram_3[3]
    SLICE_X25Y79         LUT6 (Prop_H6LUT_SLICEM_I0_O)
                                                      0.154     4.731 r  bd_0_i/hls_inst/inst/grp_ntt_kernel_Pipeline_FLATTENED_BUTTERFLY_LOOP_fu_322/add_64ns_64ns_64_2_1_U19/u2/ram_reg_bram_0_i_71/O
                         net (fo=1, routed)           0.383     5.114    bd_0_i/hls_inst/inst/grp_ntt_kernel_Pipeline_FLATTENED_BUTTERFLY_LOOP_fu_322/add_64ns_64ns_64_2_1_U19/u2/ram_reg_bram_0_i_71_n_4
    SLICE_X24Y74         CARRY8 (Prop_CARRY8_SLICEM_DI[5]_CO[7])
                                                      0.124     5.238 r  bd_0_i/hls_inst/inst/grp_ntt_kernel_Pipeline_FLATTENED_BUTTERFLY_LOOP_fu_322/add_64ns_64ns_64_2_1_U19/u2/ram_reg_bram_0_i_36/CO[7]
                         net (fo=32, routed)          0.393     5.630    bd_0_i/hls_inst/inst/grp_ntt_kernel_Pipeline_FLATTENED_BUTTERFLY_LOOP_fu_322/add_64ns_64ns_64_2_1_U19/u2/icmp_ln11_1_fu_421_p2
    SLICE_X26Y69         LUT6 (Prop_G6LUT_SLICEL_I4_O)
                                                      0.057     5.687 r  bd_0_i/hls_inst/inst/grp_ntt_kernel_Pipeline_FLATTENED_BUTTERFLY_LOOP_fu_322/add_64ns_64ns_64_2_1_U19/u2/ram_reg_bram_0_i_27/O
                         net (fo=3, routed)           0.211     5.898    bd_0_i/hls_inst/inst/grp_ntt_kernel_Pipeline_FLATTENED_BUTTERFLY_LOOP_fu_322/add_64ns_64ns_64_2_1_U19/u2/grp_ntt_kernel_Pipeline_FLATTENED_BUTTERFLY_LOOP_fu_322_pong_d1[1]
    SLICE_X28Y69         LUT3 (Prop_D5LUT_SLICEM_I0_O)
                                                      0.091     5.989 r  bd_0_i/hls_inst/inst/grp_ntt_kernel_Pipeline_FLATTENED_BUTTERFLY_LOOP_fu_322/add_64ns_64ns_64_2_1_U19/u2/ram_reg_bram_0_i_39__0/O
                         net (fo=2, routed)           0.639     6.629    bd_0_i/hls_inst/inst/ping_U/ping_d1[1]
    RAMB36_X0Y18         RAMB36E2                                     r  bd_0_i/hls_inst/inst/ping_U/ram_reg_bram_1/DINADIN[1]
  -------------------------------------------------------------------    -------------------

                         (clock ap_clk rise edge)    10.000    10.000 r  
                                                      0.000    10.000 r  ap_clk (IN)
                         net (fo=6267, unset)         0.047    10.047    bd_0_i/hls_inst/inst/ping_U/ap_clk
    RAMB36_X0Y18         RAMB36E2                                     r  bd_0_i/hls_inst/inst/ping_U/ram_reg_bram_1/CLKARDCLK
                         clock pessimism              0.000    10.047    
                         clock uncertainty           -0.035    10.012    
    RAMB36_X0Y18         RAMB36E2 (Setup_RAMB36E2_RAMB36_CLKARDCLK_DINADIN[1])
                                                     -0.465     9.547    bd_0_i/hls_inst/inst/ping_U/ram_reg_bram_1
  -------------------------------------------------------------------
                         required time                          9.547    
                         arrival time                          -6.629    
  -------------------------------------------------------------------
                         slack                                  2.918    

Slack (MET) :             2.941ns  (required time - arrival time)
  Source:                 bd_0_i/hls_inst/inst/grp_ntt_kernel_Pipeline_FLATTENED_BUTTERFLY_LOOP_fu_322/add_64ns_64ns_64_2_1_U19/ain_s1_reg[8]/C
                            (rising edge-triggered cell FDRE clocked by ap_clk  {rise@0.000ns fall@5.000ns period=10.000ns})
  Destination:            bd_0_i/hls_inst/inst/ping_U/ram_reg_bram_2/DINADIN[0]
                            (rising edge-triggered cell RAMB36E2 clocked by ap_clk  {rise@0.000ns fall@5.000ns period=10.000ns})
  Path Group:             ap_clk
  Path Type:              Setup (Max at Slow Process Corner)
  Requirement:            10.000ns  (ap_clk rise@10.000ns - ap_clk rise@0.000ns)
  Data Path Delay:        6.564ns  (logic 2.759ns (42.031%)  route 3.805ns (57.969%))
  Logic Levels:           17  (CARRY8=10 LUT2=1 LUT3=2 LUT4=2 LUT6=2)
  Clock Path Skew:        0.005ns (DCD - SCD + CPR)
    Destination Clock Delay (DCD):    0.047ns = ( 10.047 - 10.000 ) 
    Source Clock Delay      (SCD):    0.042ns
    Clock Pessimism Removal (CPR):    0.000ns
  Clock Uncertainty:      0.035ns  ((TSJ^2 + TIJ^2)^1/2 + DJ) / 2 + PE
    Total System Jitter     (TSJ):    0.071ns
    Total Input Jitter      (TIJ):    0.000ns
    Discrete Jitter          (DJ):    0.000ns
    Phase Error              (PE):    0.000ns

    Location             Delay type                Incr(ns)  Path(ns)    Netlist Resource(s)
  -------------------------------------------------------------------    -------------------
                         (clock ap_clk rise edge)     0.000     0.000 r  
                                                      0.000     0.000 r  ap_clk (IN)
                         net (fo=6267, unset)         0.042     0.042    bd_0_i/hls_inst/inst/grp_ntt_kernel_Pipeline_FLATTENED_BUTTERFLY_LOOP_fu_322/add_64ns_64ns_64_2_1_U19/ap_clk
    SLICE_X22Y78         FDRE                                         r  bd_0_i/hls_inst/inst/grp_ntt_kernel_Pipeline_FLATTENED_BUTTERFLY_LOOP_fu_322/add_64ns_64ns_64_2_1_U19/ain_s1_reg[8]/C
  -------------------------------------------------------------------    -------------------
    SLICE_X22Y78         FDRE (Prop_FFF_SLICEL_C_Q)
                                                      0.113     0.155 r  bd_0_i/hls_inst/inst/grp_ntt_kernel_Pipeline_FLATTENED_BUTTERFLY_LOOP_fu_322/add_64ns_64ns_64_2_1_U19/ain_s1_reg[8]/Q
                         net (fo=2, routed)           0.478     0.633    bd_0_i/hls_inst/inst/grp_ntt_kernel_Pipeline_FLATTENED_BUTTERFLY_LOOP_fu_322/add_64ns_64ns_64_2_1_U19/u2/ram_reg_bram_2_i_14_0[8]
    SLICE_X24Y78         LUT2 (Prop_A6LUT_SLICEM_I0_O)
                                                      0.189     0.822 r  bd_0_i/hls_inst/inst/grp_ntt_kernel_Pipeline_FLATTENED_BUTTERFLY_LOOP_fu_322/add_64ns_64ns_64_2_1_U19/u2/dout0_carry__0_i_8/O
                         net (fo=1, routed)           0.017     0.839    bd_0_i/hls_inst/inst/grp_ntt_kernel_Pipeline_FLATTENED_BUTTERFLY_LOOP_fu_322/add_64ns_64ns_64_2_1_U19/u2/dout0_carry__0_i_8_n_4
    SLICE_X24Y78         CARRY8 (Prop_CARRY8_SLICEM_S[0]_CO[7])
                                                      0.281     1.120 r  bd_0_i/hls_inst/inst/grp_ntt_kernel_Pipeline_FLATTENED_BUTTERFLY_LOOP_fu_322/add_64ns_64ns_64_2_1_U19/u2/dout0_carry__0/CO[7]
                         net (fo=1, routed)           0.030     1.150    bd_0_i/hls_inst/inst/grp_ntt_kernel_Pipeline_FLATTENED_BUTTERFLY_LOOP_fu_322/add_64ns_64ns_64_2_1_U19/u2/dout0_carry__0_n_4
    SLICE_X24Y79         CARRY8 (Prop_CARRY8_SLICEM_CI_O[1])
                                                      0.106     1.256 r  bd_0_i/hls_inst/inst/grp_ntt_kernel_Pipeline_FLATTENED_BUTTERFLY_LOOP_fu_322/add_64ns_64ns_64_2_1_U19/u2/dout0_carry__1/O[1]
                         net (fo=4, routed)           0.432     1.688    bd_0_i/hls_inst/inst/grp_ntt_kernel_Pipeline_FLATTENED_BUTTERFLY_LOOP_fu_322/add_64ns_64ns_64_2_1_U19/u2/t_fu_370_p4[17]
    SLICE_X26Y78         LUT4 (Prop_A6LUT_SLICEL_I0_O)
                                                      0.152     1.840 r  bd_0_i/hls_inst/inst/grp_ntt_kernel_Pipeline_FLATTENED_BUTTERFLY_LOOP_fu_322/add_64ns_64ns_64_2_1_U19/u2/ram_reg_bram_0_i_201/O
                         net (fo=1, routed)           0.014     1.854    bd_0_i/hls_inst/inst/grp_ntt_kernel_Pipeline_FLATTENED_BUTTERFLY_LOOP_fu_322/add_64ns_64ns_64_2_1_U19/u2/ram_reg_bram_0_i_201_n_4
    SLICE_X26Y78         CARRY8 (Prop_CARRY8_SLICEL_S[0]_CO[7])
                                                      0.278     2.132 r  bd_0_i/hls_inst/inst/grp_ntt_kernel_Pipeline_FLATTENED_BUTTERFLY_LOOP_fu_322/add_64ns_64ns_64_2_1_U19/u2/ram_reg_bram_0_i_184/CO[7]
                         net (fo=1, routed)           0.030     2.162    bd_0_i/hls_inst/inst/grp_ntt_kernel_Pipeline_FLATTENED_BUTTERFLY_LOOP_fu_322/add_64ns_64ns_64_2_1_U19/u2/icmp_ln44_fu_380_p2
    SLICE_X26Y79         CARRY8 (Prop_CARRY8_SLICEL_CI_O[0])
                                                      0.078     2.240 r  bd_0_i/hls_inst/inst/grp_ntt_kernel_Pipeline_FLATTENED_BUTTERFLY_LOOP_fu_322/add_64ns_64ns_64_2_1_U19/u2/ram_reg_bram_0_i_167/O[0]
                         net (fo=33, routed)          0.471     2.711    bd_0_i/hls_inst/inst/grp_ntt_kernel_Pipeline_FLATTENED_BUTTERFLY_LOOP_fu_322/add_64ns_64ns_64_2_1_U19/u2/ram_reg_bram_0_i_167_n_19
    SLICE_X25Y75         LUT3 (Prop_A6LUT_SLICEM_I2_O)
                                                      0.083     2.794 r  bd_0_i/hls_inst/inst/grp_ntt_kernel_Pipeline_FLATTENED_BUTTERFLY_LOOP_fu_322/add_64ns_64ns_64_2_1_U19/u2/ram_reg_bram_0_i_175/O
                         net (fo=1, routed)           0.017     2.811    bd_0_i/hls_inst/inst/grp_ntt_kernel_Pipeline_FLATTENED_BUTTERFLY_LOOP_fu_322/add_64ns_64ns_64_2_1_U19/u2/ram_reg_bram_0_i_175_n_4
    SLICE_X25Y75         CARRY8 (Prop_CARRY8_SLICEM_S[0]_CO[7])
                                                      0.281     3.092 r  bd_0_i/hls_inst/inst/grp_ntt_kernel_Pipeline_FLATTENED_BUTTERFLY_LOOP_fu_322/add_64ns_64ns_64_2_1_U19/u2/ram_reg_bram_0_i_93/CO[7]
                         net (fo=1, routed)           0.030     3.122    bd_0_i/hls_inst/inst/grp_ntt_kernel_Pipeline_FLATTENED_BUTTERFLY_LOOP_fu_322/add_64ns_64ns_64_2_1_U19/u2/ram_reg_bram_0_i_93_n_4
    SLICE_X25Y76         CARRY8 (Prop_CARRY8_SLICEM_CI_O[1])
                                                      0.106     3.228 r  bd_0_i/hls_inst/inst/grp_ntt_kernel_Pipeline_FLATTENED_BUTTERFLY_LOOP_fu_322/add_64ns_64ns_64_2_1_U19/u2/ram_reg_bram_0_i_42/O[1]
                         net (fo=6, routed)           0.366     3.594    bd_0_i/hls_inst/inst/grp_ntt_kernel_Pipeline_FLATTENED_BUTTERFLY_LOOP_fu_322/add_64ns_64ns_64_2_1_U19/u2/t_1_fu_396_p3[9]
    SLICE_X26Y74         LUT4 (Prop_B6LUT_SLICEL_I0_O)
                                                      0.138     3.732 r  bd_0_i/hls_inst/inst/grp_ntt_kernel_Pipeline_FLATTENED_BUTTERFLY_LOOP_fu_322/add_64ns_64ns_64_2_1_U19/u2/ram_reg_bram_0_i_49/O
                         net (fo=1, routed)           0.013     3.745    bd_0_i/hls_inst/inst/grp_ntt_kernel_Pipeline_FLATTENED_BUTTERFLY_LOOP_fu_322/add_64ns_64ns_64_2_1_U19/u2/ram_reg_bram_0_i_49_n_4
    SLICE_X26Y74         CARRY8 (Prop_CARRY8_SLICEL_S[1]_CO[7])
                                                      0.261     4.006 r  bd_0_i/hls_inst/inst/grp_ntt_kernel_Pipeline_FLATTENED_BUTTERFLY_LOOP_fu_322/add_64ns_64ns_64_2_1_U19/u2/ram_reg_bram_0_i_34/CO[7]
                         net (fo=1, routed)           0.030     4.036    bd_0_i/hls_inst/inst/grp_ntt_kernel_Pipeline_FLATTENED_BUTTERFLY_LOOP_fu_322/add_64ns_64ns_64_2_1_U19/u2/ram_reg_bram_0_i_34_n_4
    SLICE_X26Y75         CARRY8 (Prop_CARRY8_SLICEL_CI_CO[7])
                                                      0.065     4.101 r  bd_0_i/hls_inst/inst/grp_ntt_kernel_Pipeline_FLATTENED_BUTTERFLY_LOOP_fu_322/add_64ns_64ns_64_2_1_U19/u2/ram_reg_bram_0_i_40/CO[7]
                         net (fo=1, routed)           0.030     4.131    bd_0_i/hls_inst/inst/grp_ntt_kernel_Pipeline_FLATTENED_BUTTERFLY_LOOP_fu_322/add_64ns_64ns_64_2_1_U19/u2/ram_reg_bram_0_i_40_n_4
    SLICE_X26Y76         CARRY8 (Prop_CARRY8_SLICEL_CI_O[3])
                                                      0.114     4.245 f  bd_0_i/hls_inst/inst/grp_ntt_kernel_Pipeline_FLATTENED_BUTTERFLY_LOOP_fu_322/add_64ns_64ns_64_2_1_U19/u2/ram_reg_bram_2_i_12/O[3]
                         net (fo=7, routed)           0.332     4.577    bd_0_i/hls_inst/inst/grp_ntt_kernel_Pipeline_FLATTENED_BUTTERFLY_LOOP_fu_322/add_64ns_64ns_64_2_1_U19/u2/ram_reg_bram_3[3]
    SLICE_X25Y79         LUT6 (Prop_H6LUT_SLICEM_I0_O)
                                                      0.154     4.731 r  bd_0_i/hls_inst/inst/grp_ntt_kernel_Pipeline_FLATTENED_BUTTERFLY_LOOP_fu_322/add_64ns_64ns_64_2_1_U19/u2/ram_reg_bram_0_i_71/O
                         net (fo=1, routed)           0.383     5.114    bd_0_i/hls_inst/inst/grp_ntt_kernel_Pipeline_FLATTENED_BUTTERFLY_LOOP_fu_322/add_64ns_64ns_64_2_1_U19/u2/ram_reg_bram_0_i_71_n_4
    SLICE_X24Y74         CARRY8 (Prop_CARRY8_SLICEM_DI[5]_CO[7])
                                                      0.124     5.238 r  bd_0_i/hls_inst/inst/grp_ntt_kernel_Pipeline_FLATTENED_BUTTERFLY_LOOP_fu_322/add_64ns_64ns_64_2_1_U19/u2/ram_reg_bram_0_i_36/CO[7]
                         net (fo=32, routed)          0.510     5.748    bd_0_i/hls_inst/inst/grp_ntt_kernel_Pipeline_FLATTENED_BUTTERFLY_LOOP_fu_322/add_64ns_64ns_64_2_1_U19/u2/icmp_ln11_1_fu_421_p2
    SLICE_X27Y73         LUT6 (Prop_E6LUT_SLICEL_I4_O)
                                                      0.083     5.831 r  bd_0_i/hls_inst/inst/grp_ntt_kernel_Pipeline_FLATTENED_BUTTERFLY_LOOP_fu_322/add_64ns_64ns_64_2_1_U19/u2/ram_reg_bram_2_i_9/O
                         net (fo=2, routed)           0.169     6.000    bd_0_i/hls_inst/inst/grp_ntt_kernel_Pipeline_FLATTENED_BUTTERFLY_LOOP_fu_322/add_64ns_64ns_64_2_1_U19/u2/grp_ntt_kernel_Pipeline_FLATTENED_BUTTERFLY_LOOP_fu_322_pong_d1[18]
    SLICE_X27Y76         LUT3 (Prop_H6LUT_SLICEL_I0_O)
                                                      0.153     6.153 r  bd_0_i/hls_inst/inst/grp_ntt_kernel_Pipeline_FLATTENED_BUTTERFLY_LOOP_fu_322/add_64ns_64ns_64_2_1_U19/u2/ram_reg_bram_2_i_10__0/O
                         net (fo=1, routed)           0.453     6.606    bd_0_i/hls_inst/inst/ping_U/ping_d1[18]
    RAMB36_X0Y20         RAMB36E2                                     r  bd_0_i/hls_inst/inst/ping_U/ram_reg_bram_2/DINADIN[0]
  -------------------------------------------------------------------    -------------------

                         (clock ap_clk rise edge)    10.000    10.000 r  
                                                      0.000    10.000 r  ap_clk (IN)
                         net (fo=6267, unset)         0.047    10.047    bd_0_i/hls_inst/inst/ping_U/ap_clk
    RAMB36_X0Y20         RAMB36E2                                     r  bd_0_i/hls_inst/inst/ping_U/ram_reg_bram_2/CLKARDCLK
                         clock pessimism              0.000    10.047    
                         clock uncertainty           -0.035    10.012    
    RAMB36_X0Y20         RAMB36E2 (Setup_RAMB36E2_RAMB36_CLKARDCLK_DINADIN[0])
                                                     -0.464     9.548    bd_0_i/hls_inst/inst/ping_U/ram_reg_bram_2
  -------------------------------------------------------------------
                         required time                          9.548    
                         arrival time                          -6.606    
  -------------------------------------------------------------------
                         slack                                  2.941    




