Copyright 1986-2022 Xilinx, Inc. All Rights Reserved. Copyright 2022-2023 Advanced Micro Devices, Inc. All Rights Reserved.
--------------------------------------------------------------------------------------------------------------------------------------------------
| Tool Version      : Vivado v.2023.2 (lin64) Build 4029153 Fri Oct 13 20:13:54 MDT 2023
| Date              : Mon Jun  1 21:45:32 2026
| Host              : ecs02.poly.edu running 64-bit Red Hat Enterprise Linux release 8.10 (Ootpa)
| Command           : report_timing -max_paths 10 -file ./report/ntt_kernel_timing_paths_synth.rpt
| Design            : bd_0_wrapper
| Device            : xck26-sfvc784
| Speed File        : -2LV  PRODUCTION 1.30 05-15-2022
| Design State      : Synthesized
| Temperature Grade : C
--------------------------------------------------------------------------------------------------------------------------------------------------

Timing Report

Slack (MET) :             4.821ns  (required time - arrival time)
  Source:                 bd_0_i/hls_inst/inst/grp_ntt_kernel_Pipeline_FLATTENED_BUTTERFLY_LOOP_fu_322/add_64ns_64ns_64_2_1_U19/carry_s1_reg/C
                            (rising edge-triggered cell FDRE clocked by ap_clk  {rise@0.000ns fall@5.000ns period=10.000ns})
  Destination:            bd_0_i/hls_inst/inst/ping_U/ram_reg_bram_3/DINADIN[0]
                            (rising edge-triggered cell RAMB36E2 clocked by ap_clk  {rise@0.000ns fall@5.000ns period=10.000ns})
  Path Group:             ap_clk
  Path Type:              Setup (Max at Slow Process Corner)
  Requirement:            10.000ns  (ap_clk rise@10.000ns - ap_clk rise@0.000ns)
  Data Path Delay:        4.685ns  (logic 2.538ns (54.173%)  route 2.147ns (45.827%))
  Logic Levels:           17  (CARRY8=10 LUT2=1 LUT3=2 LUT4=3 LUT6=1)
  Clock Path Skew:        0.006ns (DCD - SCD + CPR)
    Destination Clock Delay (DCD):    0.047ns = ( 10.047 - 10.000 ) 
    Source Clock Delay      (SCD):    0.041ns
    Clock Pessimism Removal (CPR):    0.000ns
  Clock Uncertainty:      0.035ns  ((TSJ^2 + TIJ^2)^1/2 + DJ) / 2 + PE
    Total System Jitter     (TSJ):    0.071ns
    Total Input Jitter      (TIJ):    0.000ns
    Discrete Jitter          (DJ):    0.000ns
    Phase Error              (PE):    0.000ns

    Location             Delay type                Incr(ns)  Path(ns)    Netlist Resource(s)
  -------------------------------------------------------------------    -------------------
                         (clock ap_clk rise edge)     0.000     0.000 r  
                                                      0.000     0.000 r  ap_clk (IN)
                         net (fo=6267, unset)         0.041     0.041    bd_0_i/hls_inst/inst/grp_ntt_kernel_Pipeline_FLATTENED_BUTTERFLY_LOOP_fu_322/add_64ns_64ns_64_2_1_U19/ap_clk
                         FDRE                                         r  bd_0_i/hls_inst/inst/grp_ntt_kernel_Pipeline_FLATTENED_BUTTERFLY_LOOP_fu_322/add_64ns_64ns_64_2_1_U19/carry_s1_reg/C
  -------------------------------------------------------------------    -------------------
                         FDRE (Prop_FDRE_C_Q)         0.113     0.154 r  bd_0_i/hls_inst/inst/grp_ntt_kernel_Pipeline_FLATTENED_BUTTERFLY_LOOP_fu_322/add_64ns_64ns_64_2_1_U19/carry_s1_reg/Q
                         net (fo=1, unplaced)         0.154     0.308    bd_0_i/hls_inst/inst/grp_ntt_kernel_Pipeline_FLATTENED_BUTTERFLY_LOOP_fu_322/add_64ns_64ns_64_2_1_U19/u2/carry_s1
                         LUT2 (Prop_LUT2_I1_O)        0.058     0.366 r  bd_0_i/hls_inst/inst/grp_ntt_kernel_Pipeline_FLATTENED_BUTTERFLY_LOOP_fu_322/add_64ns_64ns_64_2_1_U19/u2/dout0_carry_i_8/O
                         net (fo=1, unplaced)         0.022     0.388    bd_0_i/hls_inst/inst/grp_ntt_kernel_Pipeline_FLATTENED_BUTTERFLY_LOOP_fu_322/add_64ns_64ns_64_2_1_U19/u2/dout0_carry_i_8_n_4
                         CARRY8 (Prop_CARRY8_S[0]_CO[7])
                                                      0.286     0.674 r  bd_0_i/hls_inst/inst/grp_ntt_kernel_Pipeline_FLATTENED_BUTTERFLY_LOOP_fu_322/add_64ns_64ns_64_2_1_U19/u2/dout0_carry/CO[7]
                         net (fo=1, unplaced)         0.006     0.680    bd_0_i/hls_inst/inst/grp_ntt_kernel_Pipeline_FLATTENED_BUTTERFLY_LOOP_fu_322/add_64ns_64ns_64_2_1_U19/u2/dout0_carry_n_4
                         CARRY8 (Prop_CARRY8_CI_CO[7])
                                                      0.073     0.753 r  bd_0_i/hls_inst/inst/grp_ntt_kernel_Pipeline_FLATTENED_BUTTERFLY_LOOP_fu_322/add_64ns_64ns_64_2_1_U19/u2/dout0_carry__0/CO[7]
                         net (fo=1, unplaced)         0.006     0.759    bd_0_i/hls_inst/inst/grp_ntt_kernel_Pipeline_FLATTENED_BUTTERFLY_LOOP_fu_322/add_64ns_64ns_64_2_1_U19/u2/dout0_carry__0_n_4
                         CARRY8 (Prop_CARRY8_CI_O[5])
                                                      0.161     0.920 f  bd_0_i/hls_inst/inst/grp_ntt_kernel_Pipeline_FLATTENED_BUTTERFLY_LOOP_fu_322/add_64ns_64ns_64_2_1_U19/u2/dout0_carry__1/O[5]
                         net (fo=4, unplaced)         0.167     1.087    bd_0_i/hls_inst/inst/grp_ntt_kernel_Pipeline_FLATTENED_BUTTERFLY_LOOP_fu_322/add_64ns_64ns_64_2_1_U19/u2/t_fu_370_p4[21]
                         LUT4 (Prop_LUT4_I1_O)        0.135     1.222 r  bd_0_i/hls_inst/inst/grp_ntt_kernel_Pipeline_FLATTENED_BUTTERFLY_LOOP_fu_322/add_64ns_64ns_64_2_1_U19/u2/ram_reg_bram_0_i_191/O
                         net (fo=1, unplaced)         0.228     1.450    bd_0_i/hls_inst/inst/grp_ntt_kernel_Pipeline_FLATTENED_BUTTERFLY_LOOP_fu_322/add_64ns_64ns_64_2_1_U19/u2/ram_reg_bram_0_i_191_n_4
                         CARRY8 (Prop_CARRY8_DI[2]_CO[7])
                                                      0.166     1.616 r  bd_0_i/hls_inst/inst/grp_ntt_kernel_Pipeline_FLATTENED_BUTTERFLY_LOOP_fu_322/add_64ns_64ns_64_2_1_U19/u2/ram_reg_bram_0_i_184/CO[7]
                         net (fo=1, unplaced)         0.006     1.622    bd_0_i/hls_inst/inst/grp_ntt_kernel_Pipeline_FLATTENED_BUTTERFLY_LOOP_fu_322/add_64ns_64ns_64_2_1_U19/u2/icmp_ln44_fu_380_p2
                         CARRY8 (Prop_CARRY8_CI_O[0])
                                                      0.078     1.700 r  bd_0_i/hls_inst/inst/grp_ntt_kernel_Pipeline_FLATTENED_BUTTERFLY_LOOP_fu_322/add_64ns_64ns_64_2_1_U19/u2/ram_reg_bram_0_i_167/O[0]
                         net (fo=33, unplaced)        0.271     1.971    bd_0_i/hls_inst/inst/grp_ntt_kernel_Pipeline_FLATTENED_BUTTERFLY_LOOP_fu_322/add_64ns_64ns_64_2_1_U19/u2/ram_reg_bram_0_i_167_n_19
                         LUT3 (Prop_LUT3_I2_O)        0.058     2.029 r  bd_0_i/hls_inst/inst/grp_ntt_kernel_Pipeline_FLATTENED_BUTTERFLY_LOOP_fu_322/add_64ns_64ns_64_2_1_U19/u2/ram_reg_bram_0_i_175/O
                         net (fo=1, unplaced)         0.022     2.051    bd_0_i/hls_inst/inst/grp_ntt_kernel_Pipeline_FLATTENED_BUTTERFLY_LOOP_fu_322/add_64ns_64ns_64_2_1_U19/u2/ram_reg_bram_0_i_175_n_4
                         CARRY8 (Prop_CARRY8_S[0]_CO[7])
                                                      0.286     2.337 r  bd_0_i/hls_inst/inst/grp_ntt_kernel_Pipeline_FLATTENED_BUTTERFLY_LOOP_fu_322/add_64ns_64ns_64_2_1_U19/u2/ram_reg_bram_0_i_93/CO[7]
                         net (fo=1, unplaced)         0.006     2.343    bd_0_i/hls_inst/inst/grp_ntt_kernel_Pipeline_FLATTENED_BUTTERFLY_LOOP_fu_322/add_64ns_64ns_64_2_1_U19/u2/ram_reg_bram_0_i_93_n_4
                         CARRY8 (Prop_CARRY8_CI_O[1])
                                                      0.106     2.449 r  bd_0_i/hls_inst/inst/grp_ntt_kernel_Pipeline_FLATTENED_BUTTERFLY_LOOP_fu_322/add_64ns_64ns_64_2_1_U19/u2/ram_reg_bram_0_i_42/O[1]
                         net (fo=6, unplaced)         0.231     2.680    bd_0_i/hls_inst/inst/grp_ntt_kernel_Pipeline_FLATTENED_BUTTERFLY_LOOP_fu_322/add_64ns_64ns_64_2_1_U19/u2/t_1_fu_396_p3[9]
                         LUT4 (Prop_LUT4_I0_O)        0.058     2.738 r  bd_0_i/hls_inst/inst/grp_ntt_kernel_Pipeline_FLATTENED_BUTTERFLY_LOOP_fu_322/add_64ns_64ns_64_2_1_U19/u2/ram_reg_bram_0_i_49/O
                         net (fo=1, unplaced)         0.021     2.759    bd_0_i/hls_inst/inst/grp_ntt_kernel_Pipeline_FLATTENED_BUTTERFLY_LOOP_fu_322/add_64ns_64ns_64_2_1_U19/u2/ram_reg_bram_0_i_49_n_4
                         CARRY8 (Prop_CARRY8_S[1]_CO[7])
                                                      0.269     3.028 r  bd_0_i/hls_inst/inst/grp_ntt_kernel_Pipeline_FLATTENED_BUTTERFLY_LOOP_fu_322/add_64ns_64ns_64_2_1_U19/u2/ram_reg_bram_0_i_34/CO[7]
                         net (fo=1, unplaced)         0.006     3.034    bd_0_i/hls_inst/inst/grp_ntt_kernel_Pipeline_FLATTENED_BUTTERFLY_LOOP_fu_322/add_64ns_64ns_64_2_1_U19/u2/ram_reg_bram_0_i_34_n_4
                         CARRY8 (Prop_CARRY8_CI_O[5])
                                                      0.161     3.195 f  bd_0_i/hls_inst/inst/grp_ntt_kernel_Pipeline_FLATTENED_BUTTERFLY_LOOP_fu_322/add_64ns_64ns_64_2_1_U19/u2/ram_reg_bram_0_i_40/O[5]
                         net (fo=7, unplaced)         0.180     3.375    bd_0_i/hls_inst/inst/grp_ntt_kernel_Pipeline_FLATTENED_BUTTERFLY_LOOP_fu_322/add_64ns_64ns_64_2_1_U19/u2/ram_reg_bram_2[5]
                         LUT4 (Prop_LUT4_I1_O)        0.135     3.510 r  bd_0_i/hls_inst/inst/grp_ntt_kernel_Pipeline_FLATTENED_BUTTERFLY_LOOP_fu_322/add_64ns_64ns_64_2_1_U19/u2/ram_reg_bram_0_i_57/O
                         net (fo=1, unplaced)         0.228     3.738    bd_0_i/hls_inst/inst/grp_ntt_kernel_Pipeline_FLATTENED_BUTTERFLY_LOOP_fu_322/add_64ns_64ns_64_2_1_U19/u2/ram_reg_bram_0_i_57_n_4
                         CARRY8 (Prop_CARRY8_DI[2]_CO[7])
                                                      0.166     3.904 r  bd_0_i/hls_inst/inst/grp_ntt_kernel_Pipeline_FLATTENED_BUTTERFLY_LOOP_fu_322/add_64ns_64ns_64_2_1_U19/u2/ram_reg_bram_0_i_35/CO[7]
                         net (fo=32, unplaced)        0.147     4.051    bd_0_i/hls_inst/inst/grp_ntt_kernel_Pipeline_FLATTENED_BUTTERFLY_LOOP_fu_322/add_64ns_64ns_64_2_1_U19/u2/icmp_ln11_fu_410_p2
                         LUT6 (Prop_LUT6_I3_O)        0.137     4.188 r  bd_0_i/hls_inst/inst/grp_ntt_kernel_Pipeline_FLATTENED_BUTTERFLY_LOOP_fu_322/add_64ns_64ns_64_2_1_U19/u2/ram_reg_bram_3_i_5/O
                         net (fo=2, unplaced)         0.211     4.399    bd_0_i/hls_inst/inst/grp_ntt_kernel_Pipeline_FLATTENED_BUTTERFLY_LOOP_fu_322/add_64ns_64ns_64_2_1_U19/u2/grp_ntt_kernel_Pipeline_FLATTENED_BUTTERFLY_LOOP_fu_322_pong_d1[27]
                         LUT3 (Prop_LUT3_I0_O)        0.092     4.491 r  bd_0_i/hls_inst/inst/grp_ntt_kernel_Pipeline_FLATTENED_BUTTERFLY_LOOP_fu_322/add_64ns_64ns_64_2_1_U19/u2/ram_reg_bram_3_i_5__0/O
                         net (fo=1, unplaced)         0.235     4.726    bd_0_i/hls_inst/inst/ping_U/ping_d1[27]
                         RAMB36E2                                     r  bd_0_i/hls_inst/inst/ping_U/ram_reg_bram_3/DINADIN[0]
  -------------------------------------------------------------------    -------------------

                         (clock ap_clk rise edge)    10.000    10.000 r  
                                                      0.000    10.000 r  ap_clk (IN)
                         net (fo=6267, unset)         0.047    10.047    bd_0_i/hls_inst/inst/ping_U/ap_clk
                         RAMB36E2                                     r  bd_0_i/hls_inst/inst/ping_U/ram_reg_bram_3/CLKARDCLK
                         clock pessimism              0.000    10.047    
                         clock uncertainty           -0.035    10.012    
                         RAMB36E2 (Setup_RAMB36E2_CLKARDCLK_DINADIN[0])
                                                     -0.465     9.547    bd_0_i/hls_inst/inst/ping_U/ram_reg_bram_3
  -------------------------------------------------------------------
                         required time                          9.547    
                         arrival time                          -4.726    
  -------------------------------------------------------------------
                         slack                                  4.821    

Slack (MET) :             4.852ns  (required time - arrival time)
  Source:                 bd_0_i/hls_inst/inst/grp_ntt_kernel_Pipeline_FLATTENED_BUTTERFLY_LOOP_fu_322/add_64ns_64ns_64_2_1_U19/carry_s1_reg/C
                            (rising edge-triggered cell FDRE clocked by ap_clk  {rise@0.000ns fall@5.000ns period=10.000ns})
  Destination:            bd_0_i/hls_inst/inst/ping_U/ram_reg_bram_3/DINADIN[3]
                            (rising edge-triggered cell RAMB36E2 clocked by ap_clk  {rise@0.000ns fall@5.000ns period=10.000ns})
  Path Group:             ap_clk
  Path Type:              Setup (Max at Slow Process Corner)
  Requirement:            10.000ns  (ap_clk rise@10.000ns - ap_clk rise@0.000ns)
  Data Path Delay:        4.690ns  (logic 2.538ns (54.115%)  route 2.152ns (45.885%))
  Logic Levels:           17  (CARRY8=10 LUT2=1 LUT3=2 LUT4=3 LUT6=1)
  Clock Path Skew:        0.006ns (DCD - SCD + CPR)
    Destination Clock Delay (DCD):    0.047ns = ( 10.047 - 10.000 ) 
    Source Clock Delay      (SCD):    0.041ns
    Clock Pessimism Removal (CPR):    0.000ns
  Clock Uncertainty:      0.035ns  ((TSJ^2 + TIJ^2)^1/2 + DJ) / 2 + PE
    Total System Jitter     (TSJ):    0.071ns
    Total Input Jitter      (TIJ):    0.000ns
    Discrete Jitter          (DJ):    0.000ns
    Phase Error              (PE):    0.000ns

    Location             Delay type                Incr(ns)  Path(ns)    Netlist Resource(s)
  -------------------------------------------------------------------    -------------------
                         (clock ap_clk rise edge)     0.000     0.000 r  
                                                      0.000     0.000 r  ap_clk (IN)
                         net (fo=6267, unset)         0.041     0.041    bd_0_i/hls_inst/inst/grp_ntt_kernel_Pipeline_FLATTENED_BUTTERFLY_LOOP_fu_322/add_64ns_64ns_64_2_1_U19/ap_clk
                         FDRE                                         r  bd_0_i/hls_inst/inst/grp_ntt_kernel_Pipeline_FLATTENED_BUTTERFLY_LOOP_fu_322/add_64ns_64ns_64_2_1_U19/carry_s1_reg/C
  -------------------------------------------------------------------    -------------------
                         FDRE (Prop_FDRE_C_Q)         0.113     0.154 r  bd_0_i/hls_inst/inst/grp_ntt_kernel_Pipeline_FLATTENED_BUTTERFLY_LOOP_fu_322/add_64ns_64ns_64_2_1_U19/carry_s1_reg/Q
                         net (fo=1, unplaced)         0.154     0.308    bd_0_i/hls_inst/inst/grp_ntt_kernel_Pipeline_FLATTENED_BUTTERFLY_LOOP_fu_322/add_64ns_64ns_64_2_1_U19/u2/carry_s1
                         LUT2 (Prop_LUT2_I1_O)        0.058     0.366 r  bd_0_i/hls_inst/inst/grp_ntt_kernel_Pipeline_FLATTENED_BUTTERFLY_LOOP_fu_322/add_64ns_64ns_64_2_1_U19/u2/dout0_carry_i_8/O
                         net (fo=1, unplaced)         0.022     0.388    bd_0_i/hls_inst/inst/grp_ntt_kernel_Pipeline_FLATTENED_BUTTERFLY_LOOP_fu_322/add_64ns_64ns_64_2_1_U19/u2/dout0_carry_i_8_n_4
                         CARRY8 (Prop_CARRY8_S[0]_CO[7])
                                                      0.286     0.674 r  bd_0_i/hls_inst/inst/grp_ntt_kernel_Pipeline_FLATTENED_BUTTERFLY_LOOP_fu_322/add_64ns_64ns_64_2_1_U19/u2/dout0_carry/CO[7]
                         net (fo=1, unplaced)         0.006     0.680    bd_0_i/hls_inst/inst/grp_ntt_kernel_Pipeline_FLATTENED_BUTTERFLY_LOOP_fu_322/add_64ns_64ns_64_2_1_U19/u2/dout0_carry_n_4
                         CARRY8 (Prop_CARRY8_CI_CO[7])
                                                      0.073     0.753 r  bd_0_i/hls_inst/inst/grp_ntt_kernel_Pipeline_FLATTENED_BUTTERFLY_LOOP_fu_322/add_64ns_64ns_64_2_1_U19/u2/dout0_carry__0/CO[7]
                         net (fo=1, unplaced)         0.006     0.759    bd_0_i/hls_inst/inst/grp_ntt_kernel_Pipeline_FLATTENED_BUTTERFLY_LOOP_fu_322/add_64ns_64ns_64_2_1_U19/u2/dout0_carry__0_n_4
                         CARRY8 (Prop_CARRY8_CI_O[5])
                                                      0.161     0.920 f  bd_0_i/hls_inst/inst/grp_ntt_kernel_Pipeline_FLATTENED_BUTTERFLY_LOOP_fu_322/add_64ns_64ns_64_2_1_U19/u2/dout0_carry__1/O[5]
                         net (fo=4, unplaced)         0.167     1.087    bd_0_i/hls_inst/inst/grp_ntt_kernel_Pipeline_FLATTENED_BUTTERFLY_LOOP_fu_322/add_64ns_64ns_64_2_1_U19/u2/t_fu_370_p4[21]
                         LUT4 (Prop_LUT4_I1_O)        0.135     1.222 r  bd_0_i/hls_inst/inst/grp_ntt_kernel_Pipeline_FLATTENED_BUTTERFLY_LOOP_fu_322/add_64ns_64ns_64_2_1_U19/u2/ram_reg_bram_0_i_191/O
                         net (fo=1, unplaced)         0.228     1.450    bd_0_i/hls_inst/inst/grp_ntt_kernel_Pipeline_FLATTENED_BUTTERFLY_LOOP_fu_322/add_64ns_64ns_64_2_1_U19/u2/ram_reg_bram_0_i_191_n_4
                         CARRY8 (Prop_CARRY8_DI[2]_CO[7])
                                                      0.166     1.616 r  bd_0_i/hls_inst/inst/grp_ntt_kernel_Pipeline_FLATTENED_BUTTERFLY_LOOP_fu_322/add_64ns_64ns_64_2_1_U19/u2/ram_reg_bram_0_i_184/CO[7]
                         net (fo=1, unplaced)         0.006     1.622    bd_0_i/hls_inst/inst/grp_ntt_kernel_Pipeline_FLATTENED_BUTTERFLY_LOOP_fu_322/add_64ns_64ns_64_2_1_U19/u2/icmp_ln44_fu_380_p2
                         CARRY8 (Prop_CARRY8_CI_O[0])
                                                      0.078     1.700 r  bd_0_i/hls_inst/inst/grp_ntt_kernel_Pipeline_FLATTENED_BUTTERFLY_LOOP_fu_322/add_64ns_64ns_64_2_1_U19/u2/ram_reg_bram_0_i_167/O[0]
                         net (fo=33, unplaced)        0.271     1.971    bd_0_i/hls_inst/inst/grp_ntt_kernel_Pipeline_FLATTENED_BUTTERFLY_LOOP_fu_322/add_64ns_64ns_64_2_1_U19/u2/ram_reg_bram_0_i_167_n_19
                         LUT3 (Prop_LUT3_I2_O)        0.058     2.029 r  bd_0_i/hls_inst/inst/grp_ntt_kernel_Pipeline_FLATTENED_BUTTERFLY_LOOP_fu_322/add_64ns_64ns_64_2_1_U19/u2/ram_reg_bram_0_i_175/O
                         net (fo=1, unplaced)         0.022     2.051    bd_0_i/hls_inst/inst/grp_ntt_kernel_Pipeline_FLATTENED_BUTTERFLY_LOOP_fu_322/add_64ns_64ns_64_2_1_U19/u2/ram_reg_bram_0_i_175_n_4
                         CARRY8 (Prop_CARRY8_S[0]_CO[7])
                                                      0.286     2.337 r  bd_0_i/hls_inst/inst/grp_ntt_kernel_Pipeline_FLATTENED_BUTTERFLY_LOOP_fu_322/add_64ns_64ns_64_2_1_U19/u2/ram_reg_bram_0_i_93/CO[7]
                         net (fo=1, unplaced)         0.006     2.343    bd_0_i/hls_inst/inst/grp_ntt_kernel_Pipeline_FLATTENED_BUTTERFLY_LOOP_fu_322/add_64ns_64ns_64_2_1_U19/u2/ram_reg_bram_0_i_93_n_4
                         CARRY8 (Prop_CARRY8_CI_O[1])
                                                      0.106     2.449 r  bd_0_i/hls_inst/inst/grp_ntt_kernel_Pipeline_FLATTENED_BUTTERFLY_LOOP_fu_322/add_64ns_64ns_64_2_1_U19/u2/ram_reg_bram_0_i_42/O[1]
                         net (fo=6, unplaced)         0.231     2.680    bd_0_i/hls_inst/inst/grp_ntt_kernel_Pipeline_FLATTENED_BUTTERFLY_LOOP_fu_322/add_64ns_64ns_64_2_1_U19/u2/t_1_fu_396_p3[9]
                         LUT4 (Prop_LUT4_I0_O)        0.058     2.738 r  bd_0_i/hls_inst/inst/grp_ntt_kernel_Pipeline_FLATTENED_BUTTERFLY_LOOP_fu_322/add_64ns_64ns_64_2_1_U19/u2/ram_reg_bram_0_i_49/O
                         net (fo=1, unplaced)         0.021     2.759    bd_0_i/hls_inst/inst/grp_ntt_kernel_Pipeline_FLATTENED_BUTTERFLY_LOOP_fu_322/add_64ns_64ns_64_2_1_U19/u2/ram_reg_bram_0_i_49_n_4
                         CARRY8 (Prop_CARRY8_S[1]_CO[7])
                                                      0.269     3.028 r  bd_0_i/hls_inst/inst/grp_ntt_kernel_Pipeline_FLATTENED_BUTTERFLY_LOOP_fu_322/add_64ns_64ns_64_2_1_U19/u2/ram_reg_bram_0_i_34/CO[7]
                         net (fo=1, unplaced)         0.006     3.034    bd_0_i/hls_inst/inst/grp_ntt_kernel_Pipeline_FLATTENED_BUTTERFLY_LOOP_fu_322/add_64ns_64ns_64_2_1_U19/u2/ram_reg_bram_0_i_34_n_4
                         CARRY8 (Prop_CARRY8_CI_O[5])
                                                      0.161     3.195 f  bd_0_i/hls_inst/inst/grp_ntt_kernel_Pipeline_FLATTENED_BUTTERFLY_LOOP_fu_322/add_64ns_64ns_64_2_1_U19/u2/ram_reg_bram_0_i_40/O[5]
                         net (fo=7, unplaced)         0.180     3.375    bd_0_i/hls_inst/inst/grp_ntt_kernel_Pipeline_FLATTENED_BUTTERFLY_LOOP_fu_322/add_64ns_64ns_64_2_1_U19/u2/ram_reg_bram_2[5]
                         LUT4 (Prop_LUT4_I1_O)        0.135     3.510 r  bd_0_i/hls_inst/inst/grp_ntt_kernel_Pipeline_FLATTENED_BUTTERFLY_LOOP_fu_322/add_64ns_64ns_64_2_1_U19/u2/ram_reg_bram_0_i_57/O
                         net (fo=1, unplaced)         0.228     3.738    bd_0_i/hls_inst/inst/grp_ntt_kernel_Pipeline_FLATTENED_BUTTERFLY_LOOP_fu_322/add_64ns_64ns_64_2_1_U19/u2/ram_reg_bram_0_i_57_n_4
                         CARRY8 (Prop_CARRY8_DI[2]_CO[7])
                                                      0.166     3.904 r  bd_0_i/hls_inst/inst/grp_ntt_kernel_Pipeline_FLATTENED_BUTTERFLY_LOOP_fu_322/add_64ns_64ns_64_2_1_U19/u2/ram_reg_bram_0_i_35/CO[7]
                         net (fo=32, unplaced)        0.147     4.051    bd_0_i/hls_inst/inst/grp_ntt_kernel_Pipeline_FLATTENED_BUTTERFLY_LOOP_fu_322/add_64ns_64ns_64_2_1_U19/u2/icmp_ln11_fu_410_p2
                         LUT6 (Prop_LUT6_I3_O)        0.137     4.188 r  bd_0_i/hls_inst/inst/grp_ntt_kernel_Pipeline_FLATTENED_BUTTERFLY_LOOP_fu_322/add_64ns_64ns_64_2_1_U19/u2/ram_reg_bram_3_i_2/O
                         net (fo=2, unplaced)         0.211     4.399    bd_0_i/hls_inst/inst/grp_ntt_kernel_Pipeline_FLATTENED_BUTTERFLY_LOOP_fu_322/add_64ns_64ns_64_2_1_U19/u2/grp_ntt_kernel_Pipeline_FLATTENED_BUTTERFLY_LOOP_fu_322_pong_d1[30]
                         LUT3 (Prop_LUT3_I0_O)        0.092     4.491 r  bd_0_i/hls_inst/inst/grp_ntt_kernel_Pipeline_FLATTENED_BUTTERFLY_LOOP_fu_322/add_64ns_64ns_64_2_1_U19/u2/ram_reg_bram_3_i_2__0/O
                         net (fo=1, unplaced)         0.240     4.731    bd_0_i/hls_inst/inst/ping_U/ping_d1[30]
                         RAMB36E2                                     r  bd_0_i/hls_inst/inst/ping_U/ram_reg_bram_3/DINADIN[3]
  -------------------------------------------------------------------    -------------------

                         (clock ap_clk rise edge)    10.000    10.000 r  
                                                      0.000    10.000 r  ap_clk (IN)
                         net (fo=6267, unset)         0.047    10.047    bd_0_i/hls_inst/inst/ping_U/ap_clk
                         RAMB36E2                                     r  bd_0_i/hls_inst/inst/ping_U/ram_reg_bram_3/CLKARDCLK
                         clock pessimism              0.000    10.047    
                         clock uncertainty           -0.035    10.012    
                         RAMB36E2 (Setup_RAMB36E2_CLKARDCLK_DINADIN[3])
                                                     -0.429     9.583    bd_0_i/hls_inst/inst/ping_U/ram_reg_bram_3
  -------------------------------------------------------------------
                         required time                          9.583    
                         arrival time                          -4.731    
  -------------------------------------------------------------------
                         slack                                  4.852    

Slack (MET) :             4.893ns  (required time - arrival time)
  Source:                 bd_0_i/hls_inst/inst/grp_ntt_kernel_Pipeline_FLATTENED_BUTTERFLY_LOOP_fu_322/add_64ns_64ns_64_2_1_U19/carry_s1_reg/C
                            (rising edge-triggered cell FDRE clocked by ap_clk  {rise@0.000ns fall@5.000ns period=10.000ns})
  Destination:            bd_0_i/hls_inst/inst/ping_U/ram_reg_bram_3/DINADIN[4]
                            (rising edge-triggered cell RAMB36E2 clocked by ap_clk  {rise@0.000ns fall@5.000ns period=10.000ns})
  Path Group:             ap_clk
  Path Type:              Setup (Max at Slow Process Corner)
  Requirement:            10.000ns  (ap_clk rise@10.000ns - ap_clk rise@0.000ns)
  Data Path Delay:        4.611ns  (logic 2.538ns (55.042%)  route 2.073ns (44.958%))
  Logic Levels:           17  (CARRY8=10 LUT2=1 LUT3=2 LUT4=3 LUT6=1)
  Clock Path Skew:        0.006ns (DCD - SCD + CPR)
    Destination Clock Delay (DCD):    0.047ns = ( 10.047 - 10.000 ) 
    Source Clock Delay      (SCD):    0.041ns
    Clock Pessimism Removal (CPR):    0.000ns
  Clock Uncertainty:      0.035ns  ((TSJ^2 + TIJ^2)^1/2 + DJ) / 2 + PE
    Total System Jitter     (TSJ):    0.071ns
    Total Input Jitter      (TIJ):    0.000ns
    Discrete Jitter          (DJ):    0.000ns
    Phase Error              (PE):    0.000ns

    Location             Delay type                Incr(ns)  Path(ns)    Netlist Resource(s)
  -------------------------------------------------------------------    -------------------
                         (clock ap_clk rise edge)     0.000     0.000 r  
                                                      0.000     0.000 r  ap_clk (IN)
                         net (fo=6267, unset)         0.041     0.041    bd_0_i/hls_inst/inst/grp_ntt_kernel_Pipeline_FLATTENED_BUTTERFLY_LOOP_fu_322/add_64ns_64ns_64_2_1_U19/ap_clk
                         FDRE                                         r  bd_0_i/hls_inst/inst/grp_ntt_kernel_Pipeline_FLATTENED_BUTTERFLY_LOOP_fu_322/add_64ns_64ns_64_2_1_U19/carry_s1_reg/C
  -------------------------------------------------------------------    -------------------
                         FDRE (Prop_FDRE_C_Q)         0.113     0.154 r  bd_0_i/hls_inst/inst/grp_ntt_kernel_Pipeline_FLATTENED_BUTTERFLY_LOOP_fu_322/add_64ns_64ns_64_2_1_U19/carry_s1_reg/Q
                         net (fo=1, unplaced)         0.154     0.308    bd_0_i/hls_inst/inst/grp_ntt_kernel_Pipeline_FLATTENED_BUTTERFLY_LOOP_fu_322/add_64ns_64ns_64_2_1_U19/u2/carry_s1
                         LUT2 (Prop_LUT2_I1_O)        0.058     0.366 r  bd_0_i/hls_inst/inst/grp_ntt_kernel_Pipeline_FLATTENED_BUTTERFLY_LOOP_fu_322/add_64ns_64ns_64_2_1_U19/u2/dout0_carry_i_8/O
                         net (fo=1, unplaced)         0.022     0.388    bd_0_i/hls_inst/inst/grp_ntt_kernel_Pipeline_FLATTENED_BUTTERFLY_LOOP_fu_322/add_64ns_64ns_64_2_1_U19/u2/dout0_carry_i_8_n_4
                         CARRY8 (Prop_CARRY8_S[0]_CO[7])
                                                      0.286     0.674 r  bd_0_i/hls_inst/inst/grp_ntt_kernel_Pipeline_FLATTENED_BUTTERFLY_LOOP_fu_322/add_64ns_64ns_64_2_1_U19/u2/dout0_carry/CO[7]
                         net (fo=1, unplaced)         0.006     0.680    bd_0_i/hls_inst/inst/grp_ntt_kernel_Pipeline_FLATTENED_BUTTERFLY_LOOP_fu_322/add_64ns_64ns_64_2_1_U19/u2/dout0_carry_n_4
                         CARRY8 (Prop_CARRY8_CI_CO[7])
                                                      0.073     0.753 r  bd_0_i/hls_inst/inst/grp_ntt_kernel_Pipeline_FLATTENED_BUTTERFLY_LOOP_fu_322/add_64ns_64ns_64_2_1_U19/u2/dout0_carry__0/CO[7]
                         net (fo=1, unplaced)         0.006     0.759    bd_0_i/hls_inst/inst/grp_ntt_kernel_Pipeline_FLATTENED_BUTTERFLY_LOOP_fu_322/add_64ns_64ns_64_2_1_U19/u2/dout0_carry__0_n_4
                         CARRY8 (Prop_CARRY8_CI_O[5])
                                                      0.161     0.920 f  bd_0_i/hls_inst/inst/grp_ntt_kernel_Pipeline_FLATTENED_BUTTERFLY_LOOP_fu_322/add_64ns_64ns_64_2_1_U19/u2/dout0_carry__1/O[5]
                         net (fo=4, unplaced)         0.167     1.087    bd_0_i/hls_inst/inst/grp_ntt_kernel_Pipeline_FLATTENED_BUTTERFLY_LOOP_fu_322/add_64ns_64ns_64_2_1_U19/u2/t_fu_370_p4[21]
                         LUT4 (Prop_LUT4_I1_O)        0.135     1.222 r  bd_0_i/hls_inst/inst/grp_ntt_kernel_Pipeline_FLATTENED_BUTTERFLY_LOOP_fu_322/add_64ns_64ns_64_2_1_U19/u2/ram_reg_bram_0_i_191/O
                         net (fo=1, unplaced)         0.228     1.450    bd_0_i/hls_inst/inst/grp_ntt_kernel_Pipeline_FLATTENED_BUTTERFLY_LOOP_fu_322/add_64ns_64ns_64_2_1_U19/u2/ram_reg_bram_0_i_191_n_4
                         CARRY8 (Prop_CARRY8_DI[2]_CO[7])
                                                      0.166     1.616 r  bd_0_i/hls_inst/inst/grp_ntt_kernel_Pipeline_FLATTENED_BUTTERFLY_LOOP_fu_322/add_64ns_64ns_64_2_1_U19/u2/ram_reg_bram_0_i_184/CO[7]
                         net (fo=1, unplaced)         0.006     1.622    bd_0_i/hls_inst/inst/grp_ntt_kernel_Pipeline_FLATTENED_BUTTERFLY_LOOP_fu_322/add_64ns_64ns_64_2_1_U19/u2/icmp_ln44_fu_380_p2
                         CARRY8 (Prop_CARRY8_CI_O[0])
                                                      0.078     1.700 r  bd_0_i/hls_inst/inst/grp_ntt_kernel_Pipeline_FLATTENED_BUTTERFLY_LOOP_fu_322/add_64ns_64ns_64_2_1_U19/u2/ram_reg_bram_0_i_167/O[0]
                         net (fo=33, unplaced)        0.271     1.971    bd_0_i/hls_inst/inst/grp_ntt_kernel_Pipeline_FLATTENED_BUTTERFLY_LOOP_fu_322/add_64ns_64ns_64_2_1_U19/u2/ram_reg_bram_0_i_167_n_19
                         LUT3 (Prop_LUT3_I2_O)        0.058     2.029 r  bd_0_i/hls_inst/inst/grp_ntt_kernel_Pipeline_FLATTENED_BUTTERFLY_LOOP_fu_322/add_64ns_64ns_64_2_1_U19/u2/ram_reg_bram_0_i_175/O
                         net (fo=1, unplaced)         0.022     2.051    bd_0_i/hls_inst/inst/grp_ntt_kernel_Pipeline_FLATTENED_BUTTERFLY_LOOP_fu_322/add_64ns_64ns_64_2_1_U19/u2/ram_reg_bram_0_i_175_n_4
                         CARRY8 (Prop_CARRY8_S[0]_CO[7])
                                                      0.286     2.337 r  bd_0_i/hls_inst/inst/grp_ntt_kernel_Pipeline_FLATTENED_BUTTERFLY_LOOP_fu_322/add_64ns_64ns_64_2_1_U19/u2/ram_reg_bram_0_i_93/CO[7]
                         net (fo=1, unplaced)         0.006     2.343    bd_0_i/hls_inst/inst/grp_ntt_kernel_Pipeline_FLATTENED_BUTTERFLY_LOOP_fu_322/add_64ns_64ns_64_2_1_U19/u2/ram_reg_bram_0_i_93_n_4
                         CARRY8 (Prop_CARRY8_CI_O[1])
                                                      0.106     2.449 r  bd_0_i/hls_inst/inst/grp_ntt_kernel_Pipeline_FLATTENED_BUTTERFLY_LOOP_fu_322/add_64ns_64ns_64_2_1_U19/u2/ram_reg_bram_0_i_42/O[1]
                         net (fo=6, unplaced)         0.231     2.680    bd_0_i/hls_inst/inst/grp_ntt_kernel_Pipeline_FLATTENED_BUTTERFLY_LOOP_fu_322/add_64ns_64ns_64_2_1_U19/u2/t_1_fu_396_p3[9]
                         LUT4 (Prop_LUT4_I0_O)        0.058     2.738 r  bd_0_i/hls_inst/inst/grp_ntt_kernel_Pipeline_FLATTENED_BUTTERFLY_LOOP_fu_322/add_64ns_64ns_64_2_1_U19/u2/ram_reg_bram_0_i_49/O
                         net (fo=1, unplaced)         0.021     2.759    bd_0_i/hls_inst/inst/grp_ntt_kernel_Pipeline_FLATTENED_BUTTERFLY_LOOP_fu_322/add_64ns_64ns_64_2_1_U19/u2/ram_reg_bram_0_i_49_n_4
                         CARRY8 (Prop_CARRY8_S[1]_CO[7])
                                                      0.269     3.028 r  bd_0_i/hls_inst/inst/grp_ntt_kernel_Pipeline_FLATTENED_BUTTERFLY_LOOP_fu_322/add_64ns_64ns_64_2_1_U19/u2/ram_reg_bram_0_i_34/CO[7]
                         net (fo=1, unplaced)         0.006     3.034    bd_0_i/hls_inst/inst/grp_ntt_kernel_Pipeline_FLATTENED_BUTTERFLY_LOOP_fu_322/add_64ns_64ns_64_2_1_U19/u2/ram_reg_bram_0_i_34_n_4
                         CARRY8 (Prop_CARRY8_CI_O[5])
                                                      0.161     3.195 f  bd_0_i/hls_inst/inst/grp_ntt_kernel_Pipeline_FLATTENED_BUTTERFLY_LOOP_fu_322/add_64ns_64ns_64_2_1_U19/u2/ram_reg_bram_0_i_40/O[5]
                         net (fo=7, unplaced)         0.180     3.375    bd_0_i/hls_inst/inst/grp_ntt_kernel_Pipeline_FLATTENED_BUTTERFLY_LOOP_fu_322/add_64ns_64ns_64_2_1_U19/u2/ram_reg_bram_2[5]
                         LUT4 (Prop_LUT4_I1_O)        0.135     3.510 r  bd_0_i/hls_inst/inst/grp_ntt_kernel_Pipeline_FLATTENED_BUTTERFLY_LOOP_fu_322/add_64ns_64ns_64_2_1_U19/u2/ram_reg_bram_0_i_57/O
                         net (fo=1, unplaced)         0.228     3.738    bd_0_i/hls_inst/inst/grp_ntt_kernel_Pipeline_FLATTENED_BUTTERFLY_LOOP_fu_322/add_64ns_64ns_64_2_1_U19/u2/ram_reg_bram_0_i_57_n_4
                         CARRY8 (Prop_CARRY8_DI[2]_CO[7])
                                                      0.166     3.904 r  bd_0_i/hls_inst/inst/grp_ntt_kernel_Pipeline_FLATTENED_BUTTERFLY_LOOP_fu_322/add_64ns_64ns_64_2_1_U19/u2/ram_reg_bram_0_i_35/CO[7]
                         net (fo=32, unplaced)        0.147     4.051    bd_0_i/hls_inst/inst/grp_ntt_kernel_Pipeline_FLATTENED_BUTTERFLY_LOOP_fu_322/add_64ns_64ns_64_2_1_U19/u2/icmp_ln11_fu_410_p2
                         LUT6 (Prop_LUT6_I3_O)        0.137     4.188 r  bd_0_i/hls_inst/inst/grp_ntt_kernel_Pipeline_FLATTENED_BUTTERFLY_LOOP_fu_322/add_64ns_64ns_64_2_1_U19/u2/ram_reg_bram_3_i_1/O
                         net (fo=2, unplaced)         0.211     4.399    bd_0_i/hls_inst/inst/grp_ntt_kernel_Pipeline_FLATTENED_BUTTERFLY_LOOP_fu_322/add_64ns_64ns_64_2_1_U19/u2/grp_ntt_kernel_Pipeline_FLATTENED_BUTTERFLY_LOOP_fu_322_pong_d1[31]
                         LUT3 (Prop_LUT3_I0_O)        0.092     4.491 r  bd_0_i/hls_inst/inst/grp_ntt_kernel_Pipeline_FLATTENED_BUTTERFLY_LOOP_fu_322/add_64ns_64ns_64_2_1_U19/u2/ram_reg_bram_3_i_1__0/O
                         net (fo=1, unplaced)         0.161     4.652    bd_0_i/hls_inst/inst/ping_U/ping_d1[31]
                         RAMB36E2                                     r  bd_0_i/hls_inst/inst/ping_U/ram_reg_bram_3/DINADIN[4]
  -------------------------------------------------------------------    -------------------

                         (clock ap_clk rise edge)    10.000    10.000 r  
                                                      0.000    10.000 r  ap_clk (IN)
                         net (fo=6267, unset)         0.047    10.047    bd_0_i/hls_inst/inst/ping_U/ap_clk
                         RAMB36E2                                     r  bd_0_i/hls_inst/inst/ping_U/ram_reg_bram_3/CLKARDCLK
                         clock pessimism              0.000    10.047    
                         clock uncertainty           -0.035    10.012    
                         RAMB36E2 (Setup_RAMB36E2_CLKARDCLK_DINADIN[4])
                                                     -0.467     9.545    bd_0_i/hls_inst/inst/ping_U/ram_reg_bram_3
  -------------------------------------------------------------------
                         required time                          9.545    
                         arrival time                          -4.652    
  -------------------------------------------------------------------
                         slack                                  4.893    

Slack (MET) :             4.900ns  (required time - arrival time)
  Source:                 bd_0_i/hls_inst/inst/grp_ntt_kernel_Pipeline_FLATTENED_BUTTERFLY_LOOP_fu_322/add_64ns_64ns_64_2_1_U19/carry_s1_reg/C
                            (rising edge-triggered cell FDRE clocked by ap_clk  {rise@0.000ns fall@5.000ns period=10.000ns})
  Destination:            bd_0_i/hls_inst/inst/ping_U/ram_reg_bram_0/DINADIN[3]
                            (rising edge-triggered cell RAMB36E2 clocked by ap_clk  {rise@0.000ns fall@5.000ns period=10.000ns})
  Path Group:             ap_clk
  Path Type:              Setup (Max at Slow Process Corner)
  Requirement:            10.000ns  (ap_clk rise@10.000ns - ap_clk rise@0.000ns)
  Data Path Delay:        4.642ns  (logic 2.483ns (53.490%)  route 2.159ns (46.510%))
  Logic Levels:           17  (CARRY8=10 LUT2=1 LUT3=2 LUT4=3 LUT6=1)
  Clock Path Skew:        0.006ns (DCD - SCD + CPR)
    Destination Clock Delay (DCD):    0.047ns = ( 10.047 - 10.000 ) 
    Source Clock Delay      (SCD):    0.041ns
    Clock Pessimism Removal (CPR):    0.000ns
  Clock Uncertainty:      0.035ns  ((TSJ^2 + TIJ^2)^1/2 + DJ) / 2 + PE
    Total System Jitter     (TSJ):    0.071ns
    Total Input Jitter      (TIJ):    0.000ns
    Discrete Jitter          (DJ):    0.000ns
    Phase Error              (PE):    0.000ns

    Location             Delay type                Incr(ns)  Path(ns)    Netlist Resource(s)
  -------------------------------------------------------------------    -------------------
                         (clock ap_clk rise edge)     0.000     0.000 r  
                                                      0.000     0.000 r  ap_clk (IN)
                         net (fo=6267, unset)         0.041     0.041    bd_0_i/hls_inst/inst/grp_ntt_kernel_Pipeline_FLATTENED_BUTTERFLY_LOOP_fu_322/add_64ns_64ns_64_2_1_U19/ap_clk
                         FDRE                                         r  bd_0_i/hls_inst/inst/grp_ntt_kernel_Pipeline_FLATTENED_BUTTERFLY_LOOP_fu_322/add_64ns_64ns_64_2_1_U19/carry_s1_reg/C
  -------------------------------------------------------------------    -------------------
                         FDRE (Prop_FDRE_C_Q)         0.113     0.154 r  bd_0_i/hls_inst/inst/grp_ntt_kernel_Pipeline_FLATTENED_BUTTERFLY_LOOP_fu_322/add_64ns_64ns_64_2_1_U19/carry_s1_reg/Q
                         net (fo=1, unplaced)         0.154     0.308    bd_0_i/hls_inst/inst/grp_ntt_kernel_Pipeline_FLATTENED_BUTTERFLY_LOOP_fu_322/add_64ns_64ns_64_2_1_U19/u2/carry_s1
                         LUT2 (Prop_LUT2_I1_O)        0.058     0.366 r  bd_0_i/hls_inst/inst/grp_ntt_kernel_Pipeline_FLATTENED_BUTTERFLY_LOOP_fu_322/add_64ns_64ns_64_2_1_U19/u2/dout0_carry_i_8/O
                         net (fo=1, unplaced)         0.022     0.388    bd_0_i/hls_inst/inst/grp_ntt_kernel_Pipeline_FLATTENED_BUTTERFLY_LOOP_fu_322/add_64ns_64ns_64_2_1_U19/u2/dout0_carry_i_8_n_4
                         CARRY8 (Prop_CARRY8_S[0]_CO[7])
                                                      0.286     0.674 r  bd_0_i/hls_inst/inst/grp_ntt_kernel_Pipeline_FLATTENED_BUTTERFLY_LOOP_fu_322/add_64ns_64ns_64_2_1_U19/u2/dout0_carry/CO[7]
                         net (fo=1, unplaced)         0.006     0.680    bd_0_i/hls_inst/inst/grp_ntt_kernel_Pipeline_FLATTENED_BUTTERFLY_LOOP_fu_322/add_64ns_64ns_64_2_1_U19/u2/dout0_carry_n_4
                         CARRY8 (Prop_CARRY8_CI_CO[7])
                                                      0.073     0.753 r  bd_0_i/hls_inst/inst/grp_ntt_kernel_Pipeline_FLATTENED_BUTTERFLY_LOOP_fu_322/add_64ns_64ns_64_2_1_U19/u2/dout0_carry__0/CO[7]
                         net (fo=1, unplaced)         0.006     0.759    bd_0_i/hls_inst/inst/grp_ntt_kernel_Pipeline_FLATTENED_BUTTERFLY_LOOP_fu_322/add_64ns_64ns_64_2_1_U19/u2/dout0_carry__0_n_4
                         CARRY8 (Prop_CARRY8_CI_O[5])
                                                      0.161     0.920 f  bd_0_i/hls_inst/inst/grp_ntt_kernel_Pipeline_FLATTENED_BUTTERFLY_LOOP_fu_322/add_64ns_64ns_64_2_1_U19/u2/dout0_carry__1/O[5]
                         net (fo=4, unplaced)         0.167     1.087    bd_0_i/hls_inst/inst/grp_ntt_kernel_Pipeline_FLATTENED_BUTTERFLY_LOOP_fu_322/add_64ns_64ns_64_2_1_U19/u2/t_fu_370_p4[21]
                         LUT4 (Prop_LUT4_I1_O)        0.135     1.222 r  bd_0_i/hls_inst/inst/grp_ntt_kernel_Pipeline_FLATTENED_BUTTERFLY_LOOP_fu_322/add_64ns_64ns_64_2_1_U19/u2/ram_reg_bram_0_i_191/O
                         net (fo=1, unplaced)         0.228     1.450    bd_0_i/hls_inst/inst/grp_ntt_kernel_Pipeline_FLATTENED_BUTTERFLY_LOOP_fu_322/add_64ns_64ns_64_2_1_U19/u2/ram_reg_bram_0_i_191_n_4
                         CARRY8 (Prop_CARRY8_DI[2]_CO[7])
                                                      0.166     1.616 r  bd_0_i/hls_inst/inst/grp_ntt_kernel_Pipeline_FLATTENED_BUTTERFLY_LOOP_fu_322/add_64ns_64ns_64_2_1_U19/u2/ram_reg_bram_0_i_184/CO[7]
                         net (fo=1, unplaced)         0.006     1.622    bd_0_i/hls_inst/inst/grp_ntt_kernel_Pipeline_FLATTENED_BUTTERFLY_LOOP_fu_322/add_64ns_64ns_64_2_1_U19/u2/icmp_ln44_fu_380_p2
                         CARRY8 (Prop_CARRY8_CI_O[0])
                                                      0.078     1.700 r  bd_0_i/hls_inst/inst/grp_ntt_kernel_Pipeline_FLATTENED_BUTTERFLY_LOOP_fu_322/add_64ns_64ns_64_2_1_U19/u2/ram_reg_bram_0_i_167/O[0]
                         net (fo=33, unplaced)        0.271     1.971    bd_0_i/hls_inst/inst/grp_ntt_kernel_Pipeline_FLATTENED_BUTTERFLY_LOOP_fu_322/add_64ns_64ns_64_2_1_U19/u2/ram_reg_bram_0_i_167_n_19
                         LUT3 (Prop_LUT3_I2_O)        0.058     2.029 r  bd_0_i/hls_inst/inst/grp_ntt_kernel_Pipeline_FLATTENED_BUTTERFLY_LOOP_fu_322/add_64ns_64ns_64_2_1_U19/u2/ram_reg_bram_0_i_175/O
                         net (fo=1, unplaced)         0.022     2.051    bd_0_i/hls_inst/inst/grp_ntt_kernel_Pipeline_FLATTENED_BUTTERFLY_LOOP_fu_322/add_64ns_64ns_64_2_1_U19/u2/ram_reg_bram_0_i_175_n_4
                         CARRY8 (Prop_CARRY8_S[0]_CO[7])
                                                      0.286     2.337 r  bd_0_i/hls_inst/inst/grp_ntt_kernel_Pipeline_FLATTENED_BUTTERFLY_LOOP_fu_322/add_64ns_64ns_64_2_1_U19/u2/ram_reg_bram_0_i_93/CO[7]
                         net (fo=1, unplaced)         0.006     2.343    bd_0_i/hls_inst/inst/grp_ntt_kernel_Pipeline_FLATTENED_BUTTERFLY_LOOP_fu_322/add_64ns_64ns_64_2_1_U19/u2/ram_reg_bram_0_i_93_n_4
                         CARRY8 (Prop_CARRY8_CI_O[1])
                                                      0.106     2.449 r  bd_0_i/hls_inst/inst/grp_ntt_kernel_Pipeline_FLATTENED_BUTTERFLY_LOOP_fu_322/add_64ns_64ns_64_2_1_U19/u2/ram_reg_bram_0_i_42/O[1]
                         net (fo=6, unplaced)         0.231     2.680    bd_0_i/hls_inst/inst/grp_ntt_kernel_Pipeline_FLATTENED_BUTTERFLY_LOOP_fu_322/add_64ns_64ns_64_2_1_U19/u2/t_1_fu_396_p3[9]
                         LUT4 (Prop_LUT4_I0_O)        0.058     2.738 r  bd_0_i/hls_inst/inst/grp_ntt_kernel_Pipeline_FLATTENED_BUTTERFLY_LOOP_fu_322/add_64ns_64ns_64_2_1_U19/u2/ram_reg_bram_0_i_49/O
                         net (fo=1, unplaced)         0.021     2.759    bd_0_i/hls_inst/inst/grp_ntt_kernel_Pipeline_FLATTENED_BUTTERFLY_LOOP_fu_322/add_64ns_64ns_64_2_1_U19/u2/ram_reg_bram_0_i_49_n_4
                         CARRY8 (Prop_CARRY8_S[1]_CO[7])
                                                      0.269     3.028 r  bd_0_i/hls_inst/inst/grp_ntt_kernel_Pipeline_FLATTENED_BUTTERFLY_LOOP_fu_322/add_64ns_64ns_64_2_1_U19/u2/ram_reg_bram_0_i_34/CO[7]
                         net (fo=1, unplaced)         0.006     3.034    bd_0_i/hls_inst/inst/grp_ntt_kernel_Pipeline_FLATTENED_BUTTERFLY_LOOP_fu_322/add_64ns_64ns_64_2_1_U19/u2/ram_reg_bram_0_i_34_n_4
                         CARRY8 (Prop_CARRY8_CI_O[5])
                                                      0.161     3.195 f  bd_0_i/hls_inst/inst/grp_ntt_kernel_Pipeline_FLATTENED_BUTTERFLY_LOOP_fu_322/add_64ns_64ns_64_2_1_U19/u2/ram_reg_bram_0_i_40/O[5]
                         net (fo=7, unplaced)         0.180     3.375    bd_0_i/hls_inst/inst/grp_ntt_kernel_Pipeline_FLATTENED_BUTTERFLY_LOOP_fu_322/add_64ns_64ns_64_2_1_U19/u2/ram_reg_bram_2[5]
                         LUT4 (Prop_LUT4_I1_O)        0.135     3.510 r  bd_0_i/hls_inst/inst/grp_ntt_kernel_Pipeline_FLATTENED_BUTTERFLY_LOOP_fu_322/add_64ns_64ns_64_2_1_U19/u2/ram_reg_bram_0_i_57/O
                         net (fo=1, unplaced)         0.228     3.738    bd_0_i/hls_inst/inst/grp_ntt_kernel_Pipeline_FLATTENED_BUTTERFLY_LOOP_fu_322/add_64ns_64ns_64_2_1_U19/u2/ram_reg_bram_0_i_57_n_4
                         CARRY8 (Prop_CARRY8_DI[2]_CO[7])
                                                      0.166     3.904 r  bd_0_i/hls_inst/inst/grp_ntt_kernel_Pipeline_FLATTENED_BUTTERFLY_LOOP_fu_322/add_64ns_64ns_64_2_1_U19/u2/ram_reg_bram_0_i_35/CO[7]
                         net (fo=32, unplaced)        0.148     4.052    bd_0_i/hls_inst/inst/grp_ntt_kernel_Pipeline_FLATTENED_BUTTERFLY_LOOP_fu_322/add_64ns_64ns_64_2_1_U19/u2/icmp_ln11_fu_410_p2
                         LUT6 (Prop_LUT6_I3_O)        0.082     4.134 r  bd_0_i/hls_inst/inst/grp_ntt_kernel_Pipeline_FLATTENED_BUTTERFLY_LOOP_fu_322/add_64ns_64ns_64_2_1_U19/u2/ram_reg_bram_0_i_25/O
                         net (fo=3, unplaced)         0.217     4.351    bd_0_i/hls_inst/inst/grp_ntt_kernel_Pipeline_FLATTENED_BUTTERFLY_LOOP_fu_322/add_64ns_64ns_64_2_1_U19/u2/grp_ntt_kernel_Pipeline_FLATTENED_BUTTERFLY_LOOP_fu_322_pong_d1[3]
                         LUT3 (Prop_LUT3_I0_O)        0.092     4.443 r  bd_0_i/hls_inst/inst/grp_ntt_kernel_Pipeline_FLATTENED_BUTTERFLY_LOOP_fu_322/add_64ns_64ns_64_2_1_U19/u2/ram_reg_bram_0_i_37__0/O
                         net (fo=2, unplaced)         0.240     4.683    bd_0_i/hls_inst/inst/ping_U/ping_d1[3]
                         RAMB36E2                                     r  bd_0_i/hls_inst/inst/ping_U/ram_reg_bram_0/DINADIN[3]
  -------------------------------------------------------------------    -------------------

                         (clock ap_clk rise edge)    10.000    10.000 r  
                                                      0.000    10.000 r  ap_clk (IN)
                         net (fo=6267, unset)         0.047    10.047    bd_0_i/hls_inst/inst/ping_U/ap_clk
                         RAMB36E2                                     r  bd_0_i/hls_inst/inst/ping_U/ram_reg_bram_0/CLKARDCLK
                         clock pessimism              0.000    10.047    
                         clock uncertainty           -0.035    10.012    
                         RAMB36E2 (Setup_RAMB36E2_CLKARDCLK_DINADIN[3])
                                                     -0.429     9.583    bd_0_i/hls_inst/inst/ping_U/ram_reg_bram_0
  -------------------------------------------------------------------
                         required time                          9.583    
                         arrival time                          -4.683    
  -------------------------------------------------------------------
                         slack                                  4.900    

Slack (MET) :             4.900ns  (required time - arrival time)
  Source:                 bd_0_i/hls_inst/inst/grp_ntt_kernel_Pipeline_FLATTENED_BUTTERFLY_LOOP_fu_322/add_64ns_64ns_64_2_1_U19/carry_s1_reg/C
                            (rising edge-triggered cell FDRE clocked by ap_clk  {rise@0.000ns fall@5.000ns period=10.000ns})
  Destination:            bd_0_i/hls_inst/inst/ping_U/ram_reg_bram_1/DINADIN[3]
                            (rising edge-triggered cell RAMB36E2 clocked by ap_clk  {rise@0.000ns fall@5.000ns period=10.000ns})
  Path Group:             ap_clk
  Path Type:              Setup (Max at Slow Process Corner)
  Requirement:            10.000ns  (ap_clk rise@10.000ns - ap_clk rise@0.000ns)
  Data Path Delay:        4.642ns  (logic 2.483ns (53.490%)  route 2.159ns (46.510%))
  Logic Levels:           17  (CARRY8=10 LUT2=1 LUT3=2 LUT4=3 LUT6=1)
  Clock Path Skew:        0.006ns (DCD - SCD + CPR)
    Destination Clock Delay (DCD):    0.047ns = ( 10.047 - 10.000 ) 
    Source Clock Delay      (SCD):    0.041ns
    Clock Pessimism Removal (CPR):    0.000ns
  Clock Uncertainty:      0.035ns  ((TSJ^2 + TIJ^2)^1/2 + DJ) / 2 + PE
    Total System Jitter     (TSJ):    0.071ns
    Total Input Jitter      (TIJ):    0.000ns
    Discrete Jitter          (DJ):    0.000ns
    Phase Error              (PE):    0.000ns

    Location             Delay type                Incr(ns)  Path(ns)    Netlist Resource(s)
  -------------------------------------------------------------------    -------------------
                         (clock ap_clk rise edge)     0.000     0.000 r  
                                                      0.000     0.000 r  ap_clk (IN)
                         net (fo=6267, unset)         0.041     0.041    bd_0_i/hls_inst/inst/grp_ntt_kernel_Pipeline_FLATTENED_BUTTERFLY_LOOP_fu_322/add_64ns_64ns_64_2_1_U19/ap_clk
                         FDRE                                         r  bd_0_i/hls_inst/inst/grp_ntt_kernel_Pipeline_FLATTENED_BUTTERFLY_LOOP_fu_322/add_64ns_64ns_64_2_1_U19/carry_s1_reg/C
  -------------------------------------------------------------------    -------------------
                         FDRE (Prop_FDRE_C_Q)         0.113     0.154 r  bd_0_i/hls_inst/inst/grp_ntt_kernel_Pipeline_FLATTENED_BUTTERFLY_LOOP_fu_322/add_64ns_64ns_64_2_1_U19/carry_s1_reg/Q
                         net (fo=1, unplaced)         0.154     0.308    bd_0_i/hls_inst/inst/grp_ntt_kernel_Pipeline_FLATTENED_BUTTERFLY_LOOP_fu_322/add_64ns_64ns_64_2_1_U19/u2/carry_s1
                         LUT2 (Prop_LUT2_I1_O)        0.058     0.366 r  bd_0_i/hls_inst/inst/grp_ntt_kernel_Pipeline_FLATTENED_BUTTERFLY_LOOP_fu_322/add_64ns_64ns_64_2_1_U19/u2/dout0_carry_i_8/O
                         net (fo=1, unplaced)         0.022     0.388    bd_0_i/hls_inst/inst/grp_ntt_kernel_Pipeline_FLATTENED_BUTTERFLY_LOOP_fu_322/add_64ns_64ns_64_2_1_U19/u2/dout0_carry_i_8_n_4
                         CARRY8 (Prop_CARRY8_S[0]_CO[7])
                                                      0.286     0.674 r  bd_0_i/hls_inst/inst/grp_ntt_kernel_Pipeline_FLATTENED_BUTTERFLY_LOOP_fu_322/add_64ns_64ns_64_2_1_U19/u2/dout0_carry/CO[7]
                         net (fo=1, unplaced)         0.006     0.680    bd_0_i/hls_inst/inst/grp_ntt_kernel_Pipeline_FLATTENED_BUTTERFLY_LOOP_fu_322/add_64ns_64ns_64_2_1_U19/u2/dout0_carry_n_4
                         CARRY8 (Prop_CARRY8_CI_CO[7])
                                                      0.073     0.753 r  bd_0_i/hls_inst/inst/grp_ntt_kernel_Pipeline_FLATTENED_BUTTERFLY_LOOP_fu_322/add_64ns_64ns_64_2_1_U19/u2/dout0_carry__0/CO[7]
                         net (fo=1, unplaced)         0.006     0.759    bd_0_i/hls_inst/inst/grp_ntt_kernel_Pipeline_FLATTENED_BUTTERFLY_LOOP_fu_322/add_64ns_64ns_64_2_1_U19/u2/dout0_carry__0_n_4
                         CARRY8 (Prop_CARRY8_CI_O[5])
                                                      0.161     0.920 f  bd_0_i/hls_inst/inst/grp_ntt_kernel_Pipeline_FLATTENED_BUTTERFLY_LOOP_fu_322/add_64ns_64ns_64_2_1_U19/u2/dout0_carry__1/O[5]
                         net (fo=4, unplaced)         0.167     1.087    bd_0_i/hls_inst/inst/grp_ntt_kernel_Pipeline_FLATTENED_BUTTERFLY_LOOP_fu_322/add_64ns_64ns_64_2_1_U19/u2/t_fu_370_p4[21]
                         LUT4 (Prop_LUT4_I1_O)        0.135     1.222 r  bd_0_i/hls_inst/inst/grp_ntt_kernel_Pipeline_FLATTENED_BUTTERFLY_LOOP_fu_322/add_64ns_64ns_64_2_1_U19/u2/ram_reg_bram_0_i_191/O
                         net (fo=1, unplaced)         0.228     1.450    bd_0_i/hls_inst/inst/grp_ntt_kernel_Pipeline_FLATTENED_BUTTERFLY_LOOP_fu_322/add_64ns_64ns_64_2_1_U19/u2/ram_reg_bram_0_i_191_n_4
                         CARRY8 (Prop_CARRY8_DI[2]_CO[7])
                                                      0.166     1.616 r  bd_0_i/hls_inst/inst/grp_ntt_kernel_Pipeline_FLATTENED_BUTTERFLY_LOOP_fu_322/add_64ns_64ns_64_2_1_U19/u2/ram_reg_bram_0_i_184/CO[7]
                         net (fo=1, unplaced)         0.006     1.622    bd_0_i/hls_inst/inst/grp_ntt_kernel_Pipeline_FLATTENED_BUTTERFLY_LOOP_fu_322/add_64ns_64ns_64_2_1_U19/u2/icmp_ln44_fu_380_p2
                         CARRY8 (Prop_CARRY8_CI_O[0])
                                                      0.078     1.700 r  bd_0_i/hls_inst/inst/grp_ntt_kernel_Pipeline_FLATTENED_BUTTERFLY_LOOP_fu_322/add_64ns_64ns_64_2_1_U19/u2/ram_reg_bram_0_i_167/O[0]
                         net (fo=33, unplaced)        0.271     1.971    bd_0_i/hls_inst/inst/grp_ntt_kernel_Pipeline_FLATTENED_BUTTERFLY_LOOP_fu_322/add_64ns_64ns_64_2_1_U19/u2/ram_reg_bram_0_i_167_n_19
                         LUT3 (Prop_LUT3_I2_O)        0.058     2.029 r  bd_0_i/hls_inst/inst/grp_ntt_kernel_Pipeline_FLATTENED_BUTTERFLY_LOOP_fu_322/add_64ns_64ns_64_2_1_U19/u2/ram_reg_bram_0_i_175/O
                         net (fo=1, unplaced)         0.022     2.051    bd_0_i/hls_inst/inst/grp_ntt_kernel_Pipeline_FLATTENED_BUTTERFLY_LOOP_fu_322/add_64ns_64ns_64_2_1_U19/u2/ram_reg_bram_0_i_175_n_4
                         CARRY8 (Prop_CARRY8_S[0]_CO[7])
                                                      0.286     2.337 r  bd_0_i/hls_inst/inst/grp_ntt_kernel_Pipeline_FLATTENED_BUTTERFLY_LOOP_fu_322/add_64ns_64ns_64_2_1_U19/u2/ram_reg_bram_0_i_93/CO[7]
                         net (fo=1, unplaced)         0.006     2.343    bd_0_i/hls_inst/inst/grp_ntt_kernel_Pipeline_FLATTENED_BUTTERFLY_LOOP_fu_322/add_64ns_64ns_64_2_1_U19/u2/ram_reg_bram_0_i_93_n_4
                         CARRY8 (Prop_CARRY8_CI_O[1])
                                                      0.106     2.449 r  bd_0_i/hls_inst/inst/grp_ntt_kernel_Pipeline_FLATTENED_BUTTERFLY_LOOP_fu_322/add_64ns_64ns_64_2_1_U19/u2/ram_reg_bram_0_i_42/O[1]
                         net (fo=6, unplaced)         0.231     2.680    bd_0_i/hls_inst/inst/grp_ntt_kernel_Pipeline_FLATTENED_BUTTERFLY_LOOP_fu_322/add_64ns_64ns_64_2_1_U19/u2/t_1_fu_396_p3[9]
                         LUT4 (Prop_LUT4_I0_O)        0.058     2.738 r  bd_0_i/hls_inst/inst/grp_ntt_kernel_Pipeline_FLATTENED_BUTTERFLY_LOOP_fu_322/add_64ns_64ns_64_2_1_U19/u2/ram_reg_bram_0_i_49/O
                         net (fo=1, unplaced)         0.021     2.759    bd_0_i/hls_inst/inst/grp_ntt_kernel_Pipeline_FLATTENED_BUTTERFLY_LOOP_fu_322/add_64ns_64ns_64_2_1_U19/u2/ram_reg_bram_0_i_49_n_4
                         CARRY8 (Prop_CARRY8_S[1]_CO[7])
                                                      0.269     3.028 r  bd_0_i/hls_inst/inst/grp_ntt_kernel_Pipeline_FLATTENED_BUTTERFLY_LOOP_fu_322/add_64ns_64ns_64_2_1_U19/u2/ram_reg_bram_0_i_34/CO[7]
                         net (fo=1, unplaced)         0.006     3.034    bd_0_i/hls_inst/inst/grp_ntt_kernel_Pipeline_FLATTENED_BUTTERFLY_LOOP_fu_322/add_64ns_64ns_64_2_1_U19/u2/ram_reg_bram_0_i_34_n_4
                         CARRY8 (Prop_CARRY8_CI_O[5])
                                                      0.161     3.195 f  bd_0_i/hls_inst/inst/grp_ntt_kernel_Pipeline_FLATTENED_BUTTERFLY_LOOP_fu_322/add_64ns_64ns_64_2_1_U19/u2/ram_reg_bram_0_i_40/O[5]
                         net (fo=7, unplaced)         0.180     3.375    bd_0_i/hls_inst/inst/grp_ntt_kernel_Pipeline_FLATTENED_BUTTERFLY_LOOP_fu_322/add_64ns_64ns_64_2_1_U19/u2/ram_reg_bram_2[5]
                         LUT4 (Prop_LUT4_I1_O)        0.135     3.510 r  bd_0_i/hls_inst/inst/grp_ntt_kernel_Pipeline_FLATTENED_BUTTERFLY_LOOP_fu_322/add_64ns_64ns_64_2_1_U19/u2/ram_reg_bram_0_i_57/O
                         net (fo=1, unplaced)         0.228     3.738    bd_0_i/hls_inst/inst/grp_ntt_kernel_Pipeline_FLATTENED_BUTTERFLY_LOOP_fu_322/add_64ns_64ns_64_2_1_U19/u2/ram_reg_bram_0_i_57_n_4
                         CARRY8 (Prop_CARRY8_DI[2]_CO[7])
                                                      0.166     3.904 r  bd_0_i/hls_inst/inst/grp_ntt_kernel_Pipeline_FLATTENED_BUTTERFLY_LOOP_fu_322/add_64ns_64ns_64_2_1_U19/u2/ram_reg_bram_0_i_35/CO[7]
                         net (fo=32, unplaced)        0.148     4.052    bd_0_i/hls_inst/inst/grp_ntt_kernel_Pipeline_FLATTENED_BUTTERFLY_LOOP_fu_322/add_64ns_64ns_64_2_1_U19/u2/icmp_ln11_fu_410_p2
                         LUT6 (Prop_LUT6_I3_O)        0.082     4.134 r  bd_0_i/hls_inst/inst/grp_ntt_kernel_Pipeline_FLATTENED_BUTTERFLY_LOOP_fu_322/add_64ns_64ns_64_2_1_U19/u2/ram_reg_bram_0_i_25/O
                         net (fo=3, unplaced)         0.217     4.351    bd_0_i/hls_inst/inst/grp_ntt_kernel_Pipeline_FLATTENED_BUTTERFLY_LOOP_fu_322/add_64ns_64ns_64_2_1_U19/u2/grp_ntt_kernel_Pipeline_FLATTENED_BUTTERFLY_LOOP_fu_322_pong_d1[3]
                         LUT3 (Prop_LUT3_I0_O)        0.092     4.443 r  bd_0_i/hls_inst/inst/grp_ntt_kernel_Pipeline_FLATTENED_BUTTERFLY_LOOP_fu_322/add_64ns_64ns_64_2_1_U19/u2/ram_reg_bram_0_i_37__0/O
                         net (fo=2, unplaced)         0.240     4.683    bd_0_i/hls_inst/inst/ping_U/ping_d1[3]
                         RAMB36E2                                     r  bd_0_i/hls_inst/inst/ping_U/ram_reg_bram_1/DINADIN[3]
  -------------------------------------------------------------------    -------------------

                         (clock ap_clk rise edge)    10.000    10.000 r  
                                                      0.000    10.000 r  ap_clk (IN)
                         net (fo=6267, unset)         0.047    10.047    bd_0_i/hls_inst/inst/ping_U/ap_clk
                         RAMB36E2                                     r  bd_0_i/hls_inst/inst/ping_U/ram_reg_bram_1/CLKARDCLK
                         clock pessimism              0.000    10.047    
                         clock uncertainty           -0.035    10.012    
                         RAMB36E2 (Setup_RAMB36E2_CLKARDCLK_DINADIN[3])
                                                     -0.429     9.583    bd_0_i/hls_inst/inst/ping_U/ram_reg_bram_1
  -------------------------------------------------------------------
                         required time                          9.583    
                         arrival time                          -4.683    
  -------------------------------------------------------------------
                         slack                                  4.900    

Slack (MET) :             4.901ns  (required time - arrival time)
  Source:                 bd_0_i/hls_inst/inst/grp_ntt_kernel_Pipeline_FLATTENED_BUTTERFLY_LOOP_fu_322/add_64ns_64ns_64_2_1_U19/carry_s1_reg/C
                            (rising edge-triggered cell FDRE clocked by ap_clk  {rise@0.000ns fall@5.000ns period=10.000ns})
  Destination:            bd_0_i/hls_inst/inst/ping_U/ram_reg_bram_3/DINADIN[2]
                            (rising edge-triggered cell RAMB36E2 clocked by ap_clk  {rise@0.000ns fall@5.000ns period=10.000ns})
  Path Group:             ap_clk
  Path Type:              Setup (Max at Slow Process Corner)
  Requirement:            10.000ns  (ap_clk rise@10.000ns - ap_clk rise@0.000ns)
  Data Path Delay:        4.620ns  (logic 2.538ns (54.935%)  route 2.082ns (45.065%))
  Logic Levels:           17  (CARRY8=10 LUT2=1 LUT3=2 LUT4=3 LUT6=1)
  Clock Path Skew:        0.006ns (DCD - SCD + CPR)
    Destination Clock Delay (DCD):    0.047ns = ( 10.047 - 10.000 ) 
    Source Clock Delay      (SCD):    0.041ns
    Clock Pessimism Removal (CPR):    0.000ns
  Clock Uncertainty:      0.035ns  ((TSJ^2 + TIJ^2)^1/2 + DJ) / 2 + PE
    Total System Jitter     (TSJ):    0.071ns
    Total Input Jitter      (TIJ):    0.000ns
    Discrete Jitter          (DJ):    0.000ns
    Phase Error              (PE):    0.000ns

    Location             Delay type                Incr(ns)  Path(ns)    Netlist Resource(s)
  -------------------------------------------------------------------    -------------------
                         (clock ap_clk rise edge)     0.000     0.000 r  
                                                      0.000     0.000 r  ap_clk (IN)
                         net (fo=6267, unset)         0.041     0.041    bd_0_i/hls_inst/inst/grp_ntt_kernel_Pipeline_FLATTENED_BUTTERFLY_LOOP_fu_322/add_64ns_64ns_64_2_1_U19/ap_clk
                         FDRE                                         r  bd_0_i/hls_inst/inst/grp_ntt_kernel_Pipeline_FLATTENED_BUTTERFLY_LOOP_fu_322/add_64ns_64ns_64_2_1_U19/carry_s1_reg/C
  -------------------------------------------------------------------    -------------------
                         FDRE (Prop_FDRE_C_Q)         0.113     0.154 r  bd_0_i/hls_inst/inst/grp_ntt_kernel_Pipeline_FLATTENED_BUTTERFLY_LOOP_fu_322/add_64ns_64ns_64_2_1_U19/carry_s1_reg/Q
                         net (fo=1, unplaced)         0.154     0.308    bd_0_i/hls_inst/inst/grp_ntt_kernel_Pipeline_FLATTENED_BUTTERFLY_LOOP_fu_322/add_64ns_64ns_64_2_1_U19/u2/carry_s1
                         LUT2 (Prop_LUT2_I1_O)        0.058     0.366 r  bd_0_i/hls_inst/inst/grp_ntt_kernel_Pipeline_FLATTENED_BUTTERFLY_LOOP_fu_322/add_64ns_64ns_64_2_1_U19/u2/dout0_carry_i_8/O
                         net (fo=1, unplaced)         0.022     0.388    bd_0_i/hls_inst/inst/grp_ntt_kernel_Pipeline_FLATTENED_BUTTERFLY_LOOP_fu_322/add_64ns_64ns_64_2_1_U19/u2/dout0_carry_i_8_n_4
                         CARRY8 (Prop_CARRY8_S[0]_CO[7])
                                                      0.286     0.674 r  bd_0_i/hls_inst/inst/grp_ntt_kernel_Pipeline_FLATTENED_BUTTERFLY_LOOP_fu_322/add_64ns_64ns_64_2_1_U19/u2/dout0_carry/CO[7]
                         net (fo=1, unplaced)         0.006     0.680    bd_0_i/hls_inst/inst/grp_ntt_kernel_Pipeline_FLATTENED_BUTTERFLY_LOOP_fu_322/add_64ns_64ns_64_2_1_U19/u2/dout0_carry_n_4
                         CARRY8 (Prop_CARRY8_CI_CO[7])
                                                      0.073     0.753 r  bd_0_i/hls_inst/inst/grp_ntt_kernel_Pipeline_FLATTENED_BUTTERFLY_LOOP_fu_322/add_64ns_64ns_64_2_1_U19/u2/dout0_carry__0/CO[7]
                         net (fo=1, unplaced)         0.006     0.759    bd_0_i/hls_inst/inst/grp_ntt_kernel_Pipeline_FLATTENED_BUTTERFLY_LOOP_fu_322/add_64ns_64ns_64_2_1_U19/u2/dout0_carry__0_n_4
                         CARRY8 (Prop_CARRY8_CI_O[5])
                                                      0.161     0.920 f  bd_0_i/hls_inst/inst/grp_ntt_kernel_Pipeline_FLATTENED_BUTTERFLY_LOOP_fu_322/add_64ns_64ns_64_2_1_U19/u2/dout0_carry__1/O[5]
                         net (fo=4, unplaced)         0.167     1.087    bd_0_i/hls_inst/inst/grp_ntt_kernel_Pipeline_FLATTENED_BUTTERFLY_LOOP_fu_322/add_64ns_64ns_64_2_1_U19/u2/t_fu_370_p4[21]
                         LUT4 (Prop_LUT4_I1_O)        0.135     1.222 r  bd_0_i/hls_inst/inst/grp_ntt_kernel_Pipeline_FLATTENED_BUTTERFLY_LOOP_fu_322/add_64ns_64ns_64_2_1_U19/u2/ram_reg_bram_0_i_191/O
                         net (fo=1, unplaced)         0.228     1.450    bd_0_i/hls_inst/inst/grp_ntt_kernel_Pipeline_FLATTENED_BUTTERFLY_LOOP_fu_322/add_64ns_64ns_64_2_1_U19/u2/ram_reg_bram_0_i_191_n_4
                         CARRY8 (Prop_CARRY8_DI[2]_CO[7])
                                                      0.166     1.616 r  bd_0_i/hls_inst/inst/grp_ntt_kernel_Pipeline_FLATTENED_BUTTERFLY_LOOP_fu_322/add_64ns_64ns_64_2_1_U19/u2/ram_reg_bram_0_i_184/CO[7]
                         net (fo=1, unplaced)         0.006     1.622    bd_0_i/hls_inst/inst/grp_ntt_kernel_Pipeline_FLATTENED_BUTTERFLY_LOOP_fu_322/add_64ns_64ns_64_2_1_U19/u2/icmp_ln44_fu_380_p2
                         CARRY8 (Prop_CARRY8_CI_O[0])
                                                      0.078     1.700 r  bd_0_i/hls_inst/inst/grp_ntt_kernel_Pipeline_FLATTENED_BUTTERFLY_LOOP_fu_322/add_64ns_64ns_64_2_1_U19/u2/ram_reg_bram_0_i_167/O[0]
                         net (fo=33, unplaced)        0.271     1.971    bd_0_i/hls_inst/inst/grp_ntt_kernel_Pipeline_FLATTENED_BUTTERFLY_LOOP_fu_322/add_64ns_64ns_64_2_1_U19/u2/ram_reg_bram_0_i_167_n_19
                         LUT3 (Prop_LUT3_I2_O)        0.058     2.029 r  bd_0_i/hls_inst/inst/grp_ntt_kernel_Pipeline_FLATTENED_BUTTERFLY_LOOP_fu_322/add_64ns_64ns_64_2_1_U19/u2/ram_reg_bram_0_i_175/O
                         net (fo=1, unplaced)         0.022     2.051    bd_0_i/hls_inst/inst/grp_ntt_kernel_Pipeline_FLATTENED_BUTTERFLY_LOOP_fu_322/add_64ns_64ns_64_2_1_U19/u2/ram_reg_bram_0_i_175_n_4
                         CARRY8 (Prop_CARRY8_S[0]_CO[7])
                                                      0.286     2.337 r  bd_0_i/hls_inst/inst/grp_ntt_kernel_Pipeline_FLATTENED_BUTTERFLY_LOOP_fu_322/add_64ns_64ns_64_2_1_U19/u2/ram_reg_bram_0_i_93/CO[7]
                         net (fo=1, unplaced)         0.006     2.343    bd_0_i/hls_inst/inst/grp_ntt_kernel_Pipeline_FLATTENED_BUTTERFLY_LOOP_fu_322/add_64ns_64ns_64_2_1_U19/u2/ram_reg_bram_0_i_93_n_4
                         CARRY8 (Prop_CARRY8_CI_O[1])
                                                      0.106     2.449 r  bd_0_i/hls_inst/inst/grp_ntt_kernel_Pipeline_FLATTENED_BUTTERFLY_LOOP_fu_322/add_64ns_64ns_64_2_1_U19/u2/ram_reg_bram_0_i_42/O[1]
                         net (fo=6, unplaced)         0.231     2.680    bd_0_i/hls_inst/inst/grp_ntt_kernel_Pipeline_FLATTENED_BUTTERFLY_LOOP_fu_322/add_64ns_64ns_64_2_1_U19/u2/t_1_fu_396_p3[9]
                         LUT4 (Prop_LUT4_I0_O)        0.058     2.738 r  bd_0_i/hls_inst/inst/grp_ntt_kernel_Pipeline_FLATTENED_BUTTERFLY_LOOP_fu_322/add_64ns_64ns_64_2_1_U19/u2/ram_reg_bram_0_i_49/O
                         net (fo=1, unplaced)         0.021     2.759    bd_0_i/hls_inst/inst/grp_ntt_kernel_Pipeline_FLATTENED_BUTTERFLY_LOOP_fu_322/add_64ns_64ns_64_2_1_U19/u2/ram_reg_bram_0_i_49_n_4
                         CARRY8 (Prop_CARRY8_S[1]_CO[7])
                                                      0.269     3.028 r  bd_0_i/hls_inst/inst/grp_ntt_kernel_Pipeline_FLATTENED_BUTTERFLY_LOOP_fu_322/add_64ns_64ns_64_2_1_U19/u2/ram_reg_bram_0_i_34/CO[7]
                         net (fo=1, unplaced)         0.006     3.034    bd_0_i/hls_inst/inst/grp_ntt_kernel_Pipeline_FLATTENED_BUTTERFLY_LOOP_fu_322/add_64ns_64ns_64_2_1_U19/u2/ram_reg_bram_0_i_34_n_4
                         CARRY8 (Prop_CARRY8_CI_O[5])
                                                      0.161     3.195 f  bd_0_i/hls_inst/inst/grp_ntt_kernel_Pipeline_FLATTENED_BUTTERFLY_LOOP_fu_322/add_64ns_64ns_64_2_1_U19/u2/ram_reg_bram_0_i_40/O[5]
                         net (fo=7, unplaced)         0.180     3.375    bd_0_i/hls_inst/inst/grp_ntt_kernel_Pipeline_FLATTENED_BUTTERFLY_LOOP_fu_322/add_64ns_64ns_64_2_1_U19/u2/ram_reg_bram_2[5]
                         LUT4 (Prop_LUT4_I1_O)        0.135     3.510 r  bd_0_i/hls_inst/inst/grp_ntt_kernel_Pipeline_FLATTENED_BUTTERFLY_LOOP_fu_322/add_64ns_64ns_64_2_1_U19/u2/ram_reg_bram_0_i_57/O
                         net (fo=1, unplaced)         0.228     3.738    bd_0_i/hls_inst/inst/grp_ntt_kernel_Pipeline_FLATTENED_BUTTERFLY_LOOP_fu_322/add_64ns_64ns_64_2_1_U19/u2/ram_reg_bram_0_i_57_n_4
                         CARRY8 (Prop_CARRY8_DI[2]_CO[7])
                                                      0.166     3.904 r  bd_0_i/hls_inst/inst/grp_ntt_kernel_Pipeline_FLATTENED_BUTTERFLY_LOOP_fu_322/add_64ns_64ns_64_2_1_U19/u2/ram_reg_bram_0_i_35/CO[7]
                         net (fo=32, unplaced)        0.147     4.051    bd_0_i/hls_inst/inst/grp_ntt_kernel_Pipeline_FLATTENED_BUTTERFLY_LOOP_fu_322/add_64ns_64ns_64_2_1_U19/u2/icmp_ln11_fu_410_p2
                         LUT6 (Prop_LUT6_I3_O)        0.137     4.188 r  bd_0_i/hls_inst/inst/grp_ntt_kernel_Pipeline_FLATTENED_BUTTERFLY_LOOP_fu_322/add_64ns_64ns_64_2_1_U19/u2/ram_reg_bram_3_i_3/O
                         net (fo=2, unplaced)         0.211     4.399    bd_0_i/hls_inst/inst/grp_ntt_kernel_Pipeline_FLATTENED_BUTTERFLY_LOOP_fu_322/add_64ns_64ns_64_2_1_U19/u2/grp_ntt_kernel_Pipeline_FLATTENED_BUTTERFLY_LOOP_fu_322_pong_d1[29]
                         LUT3 (Prop_LUT3_I0_O)        0.092     4.491 r  bd_0_i/hls_inst/inst/grp_ntt_kernel_Pipeline_FLATTENED_BUTTERFLY_LOOP_fu_322/add_64ns_64ns_64_2_1_U19/u2/ram_reg_bram_3_i_3__0/O
                         net (fo=1, unplaced)         0.170     4.661    bd_0_i/hls_inst/inst/ping_U/ping_d1[29]
                         RAMB36E2                                     r  bd_0_i/hls_inst/inst/ping_U/ram_reg_bram_3/DINADIN[2]
  -------------------------------------------------------------------    -------------------

                         (clock ap_clk rise edge)    10.000    10.000 r  
                                                      0.000    10.000 r  ap_clk (IN)
                         net (fo=6267, unset)         0.047    10.047    bd_0_i/hls_inst/inst/ping_U/ap_clk
                         RAMB36E2                                     r  bd_0_i/hls_inst/inst/ping_U/ram_reg_bram_3/CLKARDCLK
                         clock pessimism              0.000    10.047    
                         clock uncertainty           -0.035    10.012    
                         RAMB36E2 (Setup_RAMB36E2_CLKARDCLK_DINADIN[2])
                                                     -0.450     9.562    bd_0_i/hls_inst/inst/ping_U/ram_reg_bram_3
  -------------------------------------------------------------------
                         required time                          9.562    
                         arrival time                          -4.661    
  -------------------------------------------------------------------
                         slack                                  4.901    

Slack (MET) :             4.903ns  (required time - arrival time)
  Source:                 bd_0_i/hls_inst/inst/grp_ntt_kernel_Pipeline_FLATTENED_BUTTERFLY_LOOP_fu_322/add_64ns_64ns_64_2_1_U19/carry_s1_reg/C
                            (rising edge-triggered cell FDRE clocked by ap_clk  {rise@0.000ns fall@5.000ns period=10.000ns})
  Destination:            bd_0_i/hls_inst/inst/ping_U/ram_reg_bram_0/DINADIN[0]
                            (rising edge-triggered cell RAMB36E2 clocked by ap_clk  {rise@0.000ns fall@5.000ns period=10.000ns})
  Path Group:             ap_clk
  Path Type:              Setup (Max at Slow Process Corner)
  Requirement:            10.000ns  (ap_clk rise@10.000ns - ap_clk rise@0.000ns)
  Data Path Delay:        4.603ns  (logic 2.449ns (53.204%)  route 2.154ns (46.796%))
  Logic Levels:           17  (CARRY8=10 LUT2=1 LUT3=2 LUT4=3 LUT6=1)
  Clock Path Skew:        0.006ns (DCD - SCD + CPR)
    Destination Clock Delay (DCD):    0.047ns = ( 10.047 - 10.000 ) 
    Source Clock Delay      (SCD):    0.041ns
    Clock Pessimism Removal (CPR):    0.000ns
  Clock Uncertainty:      0.035ns  ((TSJ^2 + TIJ^2)^1/2 + DJ) / 2 + PE
    Total System Jitter     (TSJ):    0.071ns
    Total Input Jitter      (TIJ):    0.000ns
    Discrete Jitter          (DJ):    0.000ns
    Phase Error              (PE):    0.000ns

    Location             Delay type                Incr(ns)  Path(ns)    Netlist Resource(s)
  -------------------------------------------------------------------    -------------------
                         (clock ap_clk rise edge)     0.000     0.000 r  
                                                      0.000     0.000 r  ap_clk (IN)
                         net (fo=6267, unset)         0.041     0.041    bd_0_i/hls_inst/inst/grp_ntt_kernel_Pipeline_FLATTENED_BUTTERFLY_LOOP_fu_322/add_64ns_64ns_64_2_1_U19/ap_clk
                         FDRE                                         r  bd_0_i/hls_inst/inst/grp_ntt_kernel_Pipeline_FLATTENED_BUTTERFLY_LOOP_fu_322/add_64ns_64ns_64_2_1_U19/carry_s1_reg/C
  -------------------------------------------------------------------    -------------------
                         FDRE (Prop_FDRE_C_Q)         0.113     0.154 r  bd_0_i/hls_inst/inst/grp_ntt_kernel_Pipeline_FLATTENED_BUTTERFLY_LOOP_fu_322/add_64ns_64ns_64_2_1_U19/carry_s1_reg/Q
                         net (fo=1, unplaced)         0.154     0.308    bd_0_i/hls_inst/inst/grp_ntt_kernel_Pipeline_FLATTENED_BUTTERFLY_LOOP_fu_322/add_64ns_64ns_64_2_1_U19/u2/carry_s1
                         LUT2 (Prop_LUT2_I1_O)        0.058     0.366 r  bd_0_i/hls_inst/inst/grp_ntt_kernel_Pipeline_FLATTENED_BUTTERFLY_LOOP_fu_322/add_64ns_64ns_64_2_1_U19/u2/dout0_carry_i_8/O
                         net (fo=1, unplaced)         0.022     0.388    bd_0_i/hls_inst/inst/grp_ntt_kernel_Pipeline_FLATTENED_BUTTERFLY_LOOP_fu_322/add_64ns_64ns_64_2_1_U19/u2/dout0_carry_i_8_n_4
                         CARRY8 (Prop_CARRY8_S[0]_CO[7])
                                                      0.286     0.674 r  bd_0_i/hls_inst/inst/grp_ntt_kernel_Pipeline_FLATTENED_BUTTERFLY_LOOP_fu_322/add_64ns_64ns_64_2_1_U19/u2/dout0_carry/CO[7]
                         net (fo=1, unplaced)         0.006     0.680    bd_0_i/hls_inst/inst/grp_ntt_kernel_Pipeline_FLATTENED_BUTTERFLY_LOOP_fu_322/add_64ns_64ns_64_2_1_U19/u2/dout0_carry_n_4
                         CARRY8 (Prop_CARRY8_CI_CO[7])
                                                      0.073     0.753 r  bd_0_i/hls_inst/inst/grp_ntt_kernel_Pipeline_FLATTENED_BUTTERFLY_LOOP_fu_322/add_64ns_64ns_64_2_1_U19/u2/dout0_carry__0/CO[7]
                         net (fo=1, unplaced)         0.006     0.759    bd_0_i/hls_inst/inst/grp_ntt_kernel_Pipeline_FLATTENED_BUTTERFLY_LOOP_fu_322/add_64ns_64ns_64_2_1_U19/u2/dout0_carry__0_n_4
                         CARRY8 (Prop_CARRY8_CI_O[5])
                                                      0.161     0.920 f  bd_0_i/hls_inst/inst/grp_ntt_kernel_Pipeline_FLATTENED_BUTTERFLY_LOOP_fu_322/add_64ns_64ns_64_2_1_U19/u2/dout0_carry__1/O[5]
                         net (fo=4, unplaced)         0.167     1.087    bd_0_i/hls_inst/inst/grp_ntt_kernel_Pipeline_FLATTENED_BUTTERFLY_LOOP_fu_322/add_64ns_64ns_64_2_1_U19/u2/t_fu_370_p4[21]
                         LUT4 (Prop_LUT4_I1_O)        0.135     1.222 r  bd_0_i/hls_inst/inst/grp_ntt_kernel_Pipeline_FLATTENED_BUTTERFLY_LOOP_fu_322/add_64ns_64ns_64_2_1_U19/u2/ram_reg_bram_0_i_191/O
                         net (fo=1, unplaced)         0.228     1.450    bd_0_i/hls_inst/inst/grp_ntt_kernel_Pipeline_FLATTENED_BUTTERFLY_LOOP_fu_322/add_64ns_64ns_64_2_1_U19/u2/ram_reg_bram_0_i_191_n_4
                         CARRY8 (Prop_CARRY8_DI[2]_CO[7])
                                                      0.166     1.616 r  bd_0_i/hls_inst/inst/grp_ntt_kernel_Pipeline_FLATTENED_BUTTERFLY_LOOP_fu_322/add_64ns_64ns_64_2_1_U19/u2/ram_reg_bram_0_i_184/CO[7]
                         net (fo=1, unplaced)         0.006     1.622    bd_0_i/hls_inst/inst/grp_ntt_kernel_Pipeline_FLATTENED_BUTTERFLY_LOOP_fu_322/add_64ns_64ns_64_2_1_U19/u2/icmp_ln44_fu_380_p2
                         CARRY8 (Prop_CARRY8_CI_O[0])
                                                      0.078     1.700 r  bd_0_i/hls_inst/inst/grp_ntt_kernel_Pipeline_FLATTENED_BUTTERFLY_LOOP_fu_322/add_64ns_64ns_64_2_1_U19/u2/ram_reg_bram_0_i_167/O[0]
                         net (fo=33, unplaced)        0.271     1.971    bd_0_i/hls_inst/inst/grp_ntt_kernel_Pipeline_FLATTENED_BUTTERFLY_LOOP_fu_322/add_64ns_64ns_64_2_1_U19/u2/ram_reg_bram_0_i_167_n_19
                         LUT3 (Prop_LUT3_I2_O)        0.058     2.029 r  bd_0_i/hls_inst/inst/grp_ntt_kernel_Pipeline_FLATTENED_BUTTERFLY_LOOP_fu_322/add_64ns_64ns_64_2_1_U19/u2/ram_reg_bram_0_i_175/O
                         net (fo=1, unplaced)         0.022     2.051    bd_0_i/hls_inst/inst/grp_ntt_kernel_Pipeline_FLATTENED_BUTTERFLY_LOOP_fu_322/add_64ns_64ns_64_2_1_U19/u2/ram_reg_bram_0_i_175_n_4
                         CARRY8 (Prop_CARRY8_S[0]_CO[7])
                                                      0.286     2.337 r  bd_0_i/hls_inst/inst/grp_ntt_kernel_Pipeline_FLATTENED_BUTTERFLY_LOOP_fu_322/add_64ns_64ns_64_2_1_U19/u2/ram_reg_bram_0_i_93/CO[7]
                         net (fo=1, unplaced)         0.006     2.343    bd_0_i/hls_inst/inst/grp_ntt_kernel_Pipeline_FLATTENED_BUTTERFLY_LOOP_fu_322/add_64ns_64ns_64_2_1_U19/u2/ram_reg_bram_0_i_93_n_4
                         CARRY8 (Prop_CARRY8_CI_O[1])
                                                      0.106     2.449 r  bd_0_i/hls_inst/inst/grp_ntt_kernel_Pipeline_FLATTENED_BUTTERFLY_LOOP_fu_322/add_64ns_64ns_64_2_1_U19/u2/ram_reg_bram_0_i_42/O[1]
                         net (fo=6, unplaced)         0.231     2.680    bd_0_i/hls_inst/inst/grp_ntt_kernel_Pipeline_FLATTENED_BUTTERFLY_LOOP_fu_322/add_64ns_64ns_64_2_1_U19/u2/t_1_fu_396_p3[9]
                         LUT4 (Prop_LUT4_I0_O)        0.058     2.738 r  bd_0_i/hls_inst/inst/grp_ntt_kernel_Pipeline_FLATTENED_BUTTERFLY_LOOP_fu_322/add_64ns_64ns_64_2_1_U19/u2/ram_reg_bram_0_i_49/O
                         net (fo=1, unplaced)         0.021     2.759    bd_0_i/hls_inst/inst/grp_ntt_kernel_Pipeline_FLATTENED_BUTTERFLY_LOOP_fu_322/add_64ns_64ns_64_2_1_U19/u2/ram_reg_bram_0_i_49_n_4
                         CARRY8 (Prop_CARRY8_S[1]_CO[7])
                                                      0.269     3.028 r  bd_0_i/hls_inst/inst/grp_ntt_kernel_Pipeline_FLATTENED_BUTTERFLY_LOOP_fu_322/add_64ns_64ns_64_2_1_U19/u2/ram_reg_bram_0_i_34/CO[7]
                         net (fo=1, unplaced)         0.006     3.034    bd_0_i/hls_inst/inst/grp_ntt_kernel_Pipeline_FLATTENED_BUTTERFLY_LOOP_fu_322/add_64ns_64ns_64_2_1_U19/u2/ram_reg_bram_0_i_34_n_4
                         CARRY8 (Prop_CARRY8_CI_O[5])
                                                      0.161     3.195 f  bd_0_i/hls_inst/inst/grp_ntt_kernel_Pipeline_FLATTENED_BUTTERFLY_LOOP_fu_322/add_64ns_64ns_64_2_1_U19/u2/ram_reg_bram_0_i_40/O[5]
                         net (fo=7, unplaced)         0.180     3.375    bd_0_i/hls_inst/inst/grp_ntt_kernel_Pipeline_FLATTENED_BUTTERFLY_LOOP_fu_322/add_64ns_64ns_64_2_1_U19/u2/ram_reg_bram_2[5]
                         LUT4 (Prop_LUT4_I1_O)        0.135     3.510 r  bd_0_i/hls_inst/inst/grp_ntt_kernel_Pipeline_FLATTENED_BUTTERFLY_LOOP_fu_322/add_64ns_64ns_64_2_1_U19/u2/ram_reg_bram_0_i_57/O
                         net (fo=1, unplaced)         0.228     3.738    bd_0_i/hls_inst/inst/grp_ntt_kernel_Pipeline_FLATTENED_BUTTERFLY_LOOP_fu_322/add_64ns_64ns_64_2_1_U19/u2/ram_reg_bram_0_i_57_n_4
                         CARRY8 (Prop_CARRY8_DI[2]_CO[7])
                                                      0.166     3.904 r  bd_0_i/hls_inst/inst/grp_ntt_kernel_Pipeline_FLATTENED_BUTTERFLY_LOOP_fu_322/add_64ns_64ns_64_2_1_U19/u2/ram_reg_bram_0_i_35/CO[7]
                         net (fo=32, unplaced)        0.148     4.052    bd_0_i/hls_inst/inst/grp_ntt_kernel_Pipeline_FLATTENED_BUTTERFLY_LOOP_fu_322/add_64ns_64ns_64_2_1_U19/u2/icmp_ln11_fu_410_p2
                         LUT6 (Prop_LUT6_I3_O)        0.082     4.134 r  bd_0_i/hls_inst/inst/grp_ntt_kernel_Pipeline_FLATTENED_BUTTERFLY_LOOP_fu_322/add_64ns_64ns_64_2_1_U19/u2/ram_reg_bram_0_i_28/O
                         net (fo=3, unplaced)         0.217     4.351    bd_0_i/hls_inst/inst/grp_ntt_kernel_Pipeline_FLATTENED_BUTTERFLY_LOOP_fu_322/add_64ns_64ns_64_2_1_U19/u2/grp_ntt_kernel_Pipeline_FLATTENED_BUTTERFLY_LOOP_fu_322_pong_d1[0]
                         LUT3 (Prop_LUT3_I0_O)        0.058     4.409 r  bd_0_i/hls_inst/inst/grp_ntt_kernel_Pipeline_FLATTENED_BUTTERFLY_LOOP_fu_322/add_64ns_64ns_64_2_1_U19/u2/ram_reg_bram_0_i_40__0/O
                         net (fo=2, unplaced)         0.235     4.644    bd_0_i/hls_inst/inst/ping_U/ping_d1[0]
                         RAMB36E2                                     r  bd_0_i/hls_inst/inst/ping_U/ram_reg_bram_0/DINADIN[0]
  -------------------------------------------------------------------    -------------------

                         (clock ap_clk rise edge)    10.000    10.000 r  
                                                      0.000    10.000 r  ap_clk (IN)
                         net (fo=6267, unset)         0.047    10.047    bd_0_i/hls_inst/inst/ping_U/ap_clk
                         RAMB36E2                                     r  bd_0_i/hls_inst/inst/ping_U/ram_reg_bram_0/CLKARDCLK
                         clock pessimism              0.000    10.047    
                         clock uncertainty           -0.035    10.012    
                         RAMB36E2 (Setup_RAMB36E2_CLKARDCLK_DINADIN[0])
                                                     -0.465     9.547    bd_0_i/hls_inst/inst/ping_U/ram_reg_bram_0
  -------------------------------------------------------------------
                         required time                          9.547    
                         arrival time                          -4.644    
  -------------------------------------------------------------------
                         slack                                  4.903    

Slack (MET) :             4.903ns  (required time - arrival time)
  Source:                 bd_0_i/hls_inst/inst/grp_ntt_kernel_Pipeline_FLATTENED_BUTTERFLY_LOOP_fu_322/add_64ns_64ns_64_2_1_U19/carry_s1_reg/C
                            (rising edge-triggered cell FDRE clocked by ap_clk  {rise@0.000ns fall@5.000ns period=10.000ns})
  Destination:            bd_0_i/hls_inst/inst/ping_U/ram_reg_bram_1/DINADIN[0]
                            (rising edge-triggered cell RAMB36E2 clocked by ap_clk  {rise@0.000ns fall@5.000ns period=10.000ns})
  Path Group:             ap_clk
  Path Type:              Setup (Max at Slow Process Corner)
  Requirement:            10.000ns  (ap_clk rise@10.000ns - ap_clk rise@0.000ns)
  Data Path Delay:        4.603ns  (logic 2.449ns (53.204%)  route 2.154ns (46.796%))
  Logic Levels:           17  (CARRY8=10 LUT2=1 LUT3=2 LUT4=3 LUT6=1)
  Clock Path Skew:        0.006ns (DCD - SCD + CPR)
    Destination Clock Delay (DCD):    0.047ns = ( 10.047 - 10.000 ) 
    Source Clock Delay      (SCD):    0.041ns
    Clock Pessimism Removal (CPR):    0.000ns
  Clock Uncertainty:      0.035ns  ((TSJ^2 + TIJ^2)^1/2 + DJ) / 2 + PE
    Total System Jitter     (TSJ):    0.071ns
    Total Input Jitter      (TIJ):    0.000ns
    Discrete Jitter          (DJ):    0.000ns
    Phase Error              (PE):    0.000ns

    Location             Delay type                Incr(ns)  Path(ns)    Netlist Resource(s)
  -------------------------------------------------------------------    -------------------
                         (clock ap_clk rise edge)     0.000     0.000 r  
                                                      0.000     0.000 r  ap_clk (IN)
                         net (fo=6267, unset)         0.041     0.041    bd_0_i/hls_inst/inst/grp_ntt_kernel_Pipeline_FLATTENED_BUTTERFLY_LOOP_fu_322/add_64ns_64ns_64_2_1_U19/ap_clk
                         FDRE                                         r  bd_0_i/hls_inst/inst/grp_ntt_kernel_Pipeline_FLATTENED_BUTTERFLY_LOOP_fu_322/add_64ns_64ns_64_2_1_U19/carry_s1_reg/C
  -------------------------------------------------------------------    -------------------
                         FDRE (Prop_FDRE_C_Q)         0.113     0.154 r  bd_0_i/hls_inst/inst/grp_ntt_kernel_Pipeline_FLATTENED_BUTTERFLY_LOOP_fu_322/add_64ns_64ns_64_2_1_U19/carry_s1_reg/Q
                         net (fo=1, unplaced)         0.154     0.308    bd_0_i/hls_inst/inst/grp_ntt_kernel_Pipeline_FLATTENED_BUTTERFLY_LOOP_fu_322/add_64ns_64ns_64_2_1_U19/u2/carry_s1
                         LUT2 (Prop_LUT2_I1_O)        0.058     0.366 r  bd_0_i/hls_inst/inst/grp_ntt_kernel_Pipeline_FLATTENED_BUTTERFLY_LOOP_fu_322/add_64ns_64ns_64_2_1_U19/u2/dout0_carry_i_8/O
                         net (fo=1, unplaced)         0.022     0.388    bd_0_i/hls_inst/inst/grp_ntt_kernel_Pipeline_FLATTENED_BUTTERFLY_LOOP_fu_322/add_64ns_64ns_64_2_1_U19/u2/dout0_carry_i_8_n_4
                         CARRY8 (Prop_CARRY8_S[0]_CO[7])
                                                      0.286     0.674 r  bd_0_i/hls_inst/inst/grp_ntt_kernel_Pipeline_FLATTENED_BUTTERFLY_LOOP_fu_322/add_64ns_64ns_64_2_1_U19/u2/dout0_carry/CO[7]
                         net (fo=1, unplaced)         0.006     0.680    bd_0_i/hls_inst/inst/grp_ntt_kernel_Pipeline_FLATTENED_BUTTERFLY_LOOP_fu_322/add_64ns_64ns_64_2_1_U19/u2/dout0_carry_n_4
                         CARRY8 (Prop_CARRY8_CI_CO[7])
                                                      0.073     0.753 r  bd_0_i/hls_inst/inst/grp_ntt_kernel_Pipeline_FLATTENED_BUTTERFLY_LOOP_fu_322/add_64ns_64ns_64_2_1_U19/u2/dout0_carry__0/CO[7]
                         net (fo=1, unplaced)         0.006     0.759    bd_0_i/hls_inst/inst/grp_ntt_kernel_Pipeline_FLATTENED_BUTTERFLY_LOOP_fu_322/add_64ns_64ns_64_2_1_U19/u2/dout0_carry__0_n_4
                         CARRY8 (Prop_CARRY8_CI_O[5])
                                                      0.161     0.920 f  bd_0_i/hls_inst/inst/grp_ntt_kernel_Pipeline_FLATTENED_BUTTERFLY_LOOP_fu_322/add_64ns_64ns_64_2_1_U19/u2/dout0_carry__1/O[5]
                         net (fo=4, unplaced)         0.167     1.087    bd_0_i/hls_inst/inst/grp_ntt_kernel_Pipeline_FLATTENED_BUTTERFLY_LOOP_fu_322/add_64ns_64ns_64_2_1_U19/u2/t_fu_370_p4[21]
                         LUT4 (Prop_LUT4_I1_O)        0.135     1.222 r  bd_0_i/hls_inst/inst/grp_ntt_kernel_Pipeline_FLATTENED_BUTTERFLY_LOOP_fu_322/add_64ns_64ns_64_2_1_U19/u2/ram_reg_bram_0_i_191/O
                         net (fo=1, unplaced)         0.228     1.450    bd_0_i/hls_inst/inst/grp_ntt_kernel_Pipeline_FLATTENED_BUTTERFLY_LOOP_fu_322/add_64ns_64ns_64_2_1_U19/u2/ram_reg_bram_0_i_191_n_4
                         CARRY8 (Prop_CARRY8_DI[2]_CO[7])
                                                      0.166     1.616 r  bd_0_i/hls_inst/inst/grp_ntt_kernel_Pipeline_FLATTENED_BUTTERFLY_LOOP_fu_322/add_64ns_64ns_64_2_1_U19/u2/ram_reg_bram_0_i_184/CO[7]
                         net (fo=1, unplaced)         0.006     1.622    bd_0_i/hls_inst/inst/grp_ntt_kernel_Pipeline_FLATTENED_BUTTERFLY_LOOP_fu_322/add_64ns_64ns_64_2_1_U19/u2/icmp_ln44_fu_380_p2
                         CARRY8 (Prop_CARRY8_CI_O[0])
                                                      0.078     1.700 r  bd_0_i/hls_inst/inst/grp_ntt_kernel_Pipeline_FLATTENED_BUTTERFLY_LOOP_fu_322/add_64ns_64ns_64_2_1_U19/u2/ram_reg_bram_0_i_167/O[0]
                         net (fo=33, unplaced)        0.271     1.971    bd_0_i/hls_inst/inst/grp_ntt_kernel_Pipeline_FLATTENED_BUTTERFLY_LOOP_fu_322/add_64ns_64ns_64_2_1_U19/u2/ram_reg_bram_0_i_167_n_19
                         LUT3 (Prop_LUT3_I2_O)        0.058     2.029 r  bd_0_i/hls_inst/inst/grp_ntt_kernel_Pipeline_FLATTENED_BUTTERFLY_LOOP_fu_322/add_64ns_64ns_64_2_1_U19/u2/ram_reg_bram_0_i_175/O
                         net (fo=1, unplaced)         0.022     2.051    bd_0_i/hls_inst/inst/grp_ntt_kernel_Pipeline_FLATTENED_BUTTERFLY_LOOP_fu_322/add_64ns_64ns_64_2_1_U19/u2/ram_reg_bram_0_i_175_n_4
                         CARRY8 (Prop_CARRY8_S[0]_CO[7])
                                                      0.286     2.337 r  bd_0_i/hls_inst/inst/grp_ntt_kernel_Pipeline_FLATTENED_BUTTERFLY_LOOP_fu_322/add_64ns_64ns_64_2_1_U19/u2/ram_reg_bram_0_i_93/CO[7]
                         net (fo=1, unplaced)         0.006     2.343    bd_0_i/hls_inst/inst/grp_ntt_kernel_Pipeline_FLATTENED_BUTTERFLY_LOOP_fu_322/add_64ns_64ns_64_2_1_U19/u2/ram_reg_bram_0_i_93_n_4
                         CARRY8 (Prop_CARRY8_CI_O[1])
                                                      0.106     2.449 r  bd_0_i/hls_inst/inst/grp_ntt_kernel_Pipeline_FLATTENED_BUTTERFLY_LOOP_fu_322/add_64ns_64ns_64_2_1_U19/u2/ram_reg_bram_0_i_42/O[1]
                         net (fo=6, unplaced)         0.231     2.680    bd_0_i/hls_inst/inst/grp_ntt_kernel_Pipeline_FLATTENED_BUTTERFLY_LOOP_fu_322/add_64ns_64ns_64_2_1_U19/u2/t_1_fu_396_p3[9]
                         LUT4 (Prop_LUT4_I0_O)        0.058     2.738 r  bd_0_i/hls_inst/inst/grp_ntt_kernel_Pipeline_FLATTENED_BUTTERFLY_LOOP_fu_322/add_64ns_64ns_64_2_1_U19/u2/ram_reg_bram_0_i_49/O
                         net (fo=1, unplaced)         0.021     2.759    bd_0_i/hls_inst/inst/grp_ntt_kernel_Pipeline_FLATTENED_BUTTERFLY_LOOP_fu_322/add_64ns_64ns_64_2_1_U19/u2/ram_reg_bram_0_i_49_n_4
                         CARRY8 (Prop_CARRY8_S[1]_CO[7])
                                                      0.269     3.028 r  bd_0_i/hls_inst/inst/grp_ntt_kernel_Pipeline_FLATTENED_BUTTERFLY_LOOP_fu_322/add_64ns_64ns_64_2_1_U19/u2/ram_reg_bram_0_i_34/CO[7]
                         net (fo=1, unplaced)         0.006     3.034    bd_0_i/hls_inst/inst/grp_ntt_kernel_Pipeline_FLATTENED_BUTTERFLY_LOOP_fu_322/add_64ns_64ns_64_2_1_U19/u2/ram_reg_bram_0_i_34_n_4
                         CARRY8 (Prop_CARRY8_CI_O[5])
                                                      0.161     3.195 f  bd_0_i/hls_inst/inst/grp_ntt_kernel_Pipeline_FLATTENED_BUTTERFLY_LOOP_fu_322/add_64ns_64ns_64_2_1_U19/u2/ram_reg_bram_0_i_40/O[5]
                         net (fo=7, unplaced)         0.180     3.375    bd_0_i/hls_inst/inst/grp_ntt_kernel_Pipeline_FLATTENED_BUTTERFLY_LOOP_fu_322/add_64ns_64ns_64_2_1_U19/u2/ram_reg_bram_2[5]
                         LUT4 (Prop_LUT4_I1_O)        0.135     3.510 r  bd_0_i/hls_inst/inst/grp_ntt_kernel_Pipeline_FLATTENED_BUTTERFLY_LOOP_fu_322/add_64ns_64ns_64_2_1_U19/u2/ram_reg_bram_0_i_57/O
                         net (fo=1, unplaced)         0.228     3.738    bd_0_i/hls_inst/inst/grp_ntt_kernel_Pipeline_FLATTENED_BUTTERFLY_LOOP_fu_322/add_64ns_64ns_64_2_1_U19/u2/ram_reg_bram_0_i_57_n_4
                         CARRY8 (Prop_CARRY8_DI[2]_CO[7])
                                                      0.166     3.904 r  bd_0_i/hls_inst/inst/grp_ntt_kernel_Pipeline_FLATTENED_BUTTERFLY_LOOP_fu_322/add_64ns_64ns_64_2_1_U19/u2/ram_reg_bram_0_i_35/CO[7]
                         net (fo=32, unplaced)        0.148     4.052    bd_0_i/hls_inst/inst/grp_ntt_kernel_Pipeline_FLATTENED_BUTTERFLY_LOOP_fu_322/add_64ns_64ns_64_2_1_U19/u2/icmp_ln11_fu_410_p2
                         LUT6 (Prop_LUT6_I3_O)        0.082     4.134 r  bd_0_i/hls_inst/inst/grp_ntt_kernel_Pipeline_FLATTENED_BUTTERFLY_LOOP_fu_322/add_64ns_64ns_64_2_1_U19/u2/ram_reg_bram_0_i_28/O
                         net (fo=3, unplaced)         0.217     4.351    bd_0_i/hls_inst/inst/grp_ntt_kernel_Pipeline_FLATTENED_BUTTERFLY_LOOP_fu_322/add_64ns_64ns_64_2_1_U19/u2/grp_ntt_kernel_Pipeline_FLATTENED_BUTTERFLY_LOOP_fu_322_pong_d1[0]
                         LUT3 (Prop_LUT3_I0_O)        0.058     4.409 r  bd_0_i/hls_inst/inst/grp_ntt_kernel_Pipeline_FLATTENED_BUTTERFLY_LOOP_fu_322/add_64ns_64ns_64_2_1_U19/u2/ram_reg_bram_0_i_40__0/O
                         net (fo=2, unplaced)         0.235     4.644    bd_0_i/hls_inst/inst/ping_U/ping_d1[0]
                         RAMB36E2                                     r  bd_0_i/hls_inst/inst/ping_U/ram_reg_bram_1/DINADIN[0]
  -------------------------------------------------------------------    -------------------

                         (clock ap_clk rise edge)    10.000    10.000 r  
                                                      0.000    10.000 r  ap_clk (IN)
                         net (fo=6267, unset)         0.047    10.047    bd_0_i/hls_inst/inst/ping_U/ap_clk
                         RAMB36E2                                     r  bd_0_i/hls_inst/inst/ping_U/ram_reg_bram_1/CLKARDCLK
                         clock pessimism              0.000    10.047    
                         clock uncertainty           -0.035    10.012    
                         RAMB36E2 (Setup_RAMB36E2_CLKARDCLK_DINADIN[0])
                                                     -0.465     9.547    bd_0_i/hls_inst/inst/ping_U/ram_reg_bram_1
  -------------------------------------------------------------------
                         required time                          9.547    
                         arrival time                          -4.644    
  -------------------------------------------------------------------
                         slack                                  4.903    

Slack (MET) :             4.906ns  (required time - arrival time)
  Source:                 bd_0_i/hls_inst/inst/grp_ntt_kernel_Pipeline_FLATTENED_BUTTERFLY_LOOP_fu_322/add_64ns_64ns_64_2_1_U19/carry_s1_reg/C
                            (rising edge-triggered cell FDRE clocked by ap_clk  {rise@0.000ns fall@5.000ns period=10.000ns})
  Destination:            bd_0_i/hls_inst/inst/ping_U/ram_reg_bram_2/DINADIN[3]
                            (rising edge-triggered cell RAMB36E2 clocked by ap_clk  {rise@0.000ns fall@5.000ns period=10.000ns})
  Path Group:             ap_clk
  Path Type:              Setup (Max at Slow Process Corner)
  Requirement:            10.000ns  (ap_clk rise@10.000ns - ap_clk rise@0.000ns)
  Data Path Delay:        4.636ns  (logic 2.483ns (53.559%)  route 2.153ns (46.441%))
  Logic Levels:           17  (CARRY8=10 LUT2=1 LUT3=2 LUT4=3 LUT6=1)
  Clock Path Skew:        0.006ns (DCD - SCD + CPR)
    Destination Clock Delay (DCD):    0.047ns = ( 10.047 - 10.000 ) 
    Source Clock Delay      (SCD):    0.041ns
    Clock Pessimism Removal (CPR):    0.000ns
  Clock Uncertainty:      0.035ns  ((TSJ^2 + TIJ^2)^1/2 + DJ) / 2 + PE
    Total System Jitter     (TSJ):    0.071ns
    Total Input Jitter      (TIJ):    0.000ns
    Discrete Jitter          (DJ):    0.000ns
    Phase Error              (PE):    0.000ns

    Location             Delay type                Incr(ns)  Path(ns)    Netlist Resource(s)
  -------------------------------------------------------------------    -------------------
                         (clock ap_clk rise edge)     0.000     0.000 r  
                                                      0.000     0.000 r  ap_clk (IN)
                         net (fo=6267, unset)         0.041     0.041    bd_0_i/hls_inst/inst/grp_ntt_kernel_Pipeline_FLATTENED_BUTTERFLY_LOOP_fu_322/add_64ns_64ns_64_2_1_U19/ap_clk
                         FDRE                                         r  bd_0_i/hls_inst/inst/grp_ntt_kernel_Pipeline_FLATTENED_BUTTERFLY_LOOP_fu_322/add_64ns_64ns_64_2_1_U19/carry_s1_reg/C
  -------------------------------------------------------------------    -------------------
                         FDRE (Prop_FDRE_C_Q)         0.113     0.154 r  bd_0_i/hls_inst/inst/grp_ntt_kernel_Pipeline_FLATTENED_BUTTERFLY_LOOP_fu_322/add_64ns_64ns_64_2_1_U19/carry_s1_reg/Q
                         net (fo=1, unplaced)         0.154     0.308    bd_0_i/hls_inst/inst/grp_ntt_kernel_Pipeline_FLATTENED_BUTTERFLY_LOOP_fu_322/add_64ns_64ns_64_2_1_U19/u2/carry_s1
                         LUT2 (Prop_LUT2_I1_O)        0.058     0.366 r  bd_0_i/hls_inst/inst/grp_ntt_kernel_Pipeline_FLATTENED_BUTTERFLY_LOOP_fu_322/add_64ns_64ns_64_2_1_U19/u2/dout0_carry_i_8/O
                         net (fo=1, unplaced)         0.022     0.388    bd_0_i/hls_inst/inst/grp_ntt_kernel_Pipeline_FLATTENED_BUTTERFLY_LOOP_fu_322/add_64ns_64ns_64_2_1_U19/u2/dout0_carry_i_8_n_4
                         CARRY8 (Prop_CARRY8_S[0]_CO[7])
                                                      0.286     0.674 r  bd_0_i/hls_inst/inst/grp_ntt_kernel_Pipeline_FLATTENED_BUTTERFLY_LOOP_fu_322/add_64ns_64ns_64_2_1_U19/u2/dout0_carry/CO[7]
                         net (fo=1, unplaced)         0.006     0.680    bd_0_i/hls_inst/inst/grp_ntt_kernel_Pipeline_FLATTENED_BUTTERFLY_LOOP_fu_322/add_64ns_64ns_64_2_1_U19/u2/dout0_carry_n_4
                         CARRY8 (Prop_CARRY8_CI_CO[7])
                                                      0.073     0.753 r  bd_0_i/hls_inst/inst/grp_ntt_kernel_Pipeline_FLATTENED_BUTTERFLY_LOOP_fu_322/add_64ns_64ns_64_2_1_U19/u2/dout0_carry__0/CO[7]
                         net (fo=1, unplaced)         0.006     0.759    bd_0_i/hls_inst/inst/grp_ntt_kernel_Pipeline_FLATTENED_BUTTERFLY_LOOP_fu_322/add_64ns_64ns_64_2_1_U19/u2/dout0_carry__0_n_4
                         CARRY8 (Prop_CARRY8_CI_O[5])
                                                      0.161     0.920 f  bd_0_i/hls_inst/inst/grp_ntt_kernel_Pipeline_FLATTENED_BUTTERFLY_LOOP_fu_322/add_64ns_64ns_64_2_1_U19/u2/dout0_carry__1/O[5]
                         net (fo=4, unplaced)         0.167     1.087    bd_0_i/hls_inst/inst/grp_ntt_kernel_Pipeline_FLATTENED_BUTTERFLY_LOOP_fu_322/add_64ns_64ns_64_2_1_U19/u2/t_fu_370_p4[21]
                         LUT4 (Prop_LUT4_I1_O)        0.135     1.222 r  bd_0_i/hls_inst/inst/grp_ntt_kernel_Pipeline_FLATTENED_BUTTERFLY_LOOP_fu_322/add_64ns_64ns_64_2_1_U19/u2/ram_reg_bram_0_i_191/O
                         net (fo=1, unplaced)         0.228     1.450    bd_0_i/hls_inst/inst/grp_ntt_kernel_Pipeline_FLATTENED_BUTTERFLY_LOOP_fu_322/add_64ns_64ns_64_2_1_U19/u2/ram_reg_bram_0_i_191_n_4
                         CARRY8 (Prop_CARRY8_DI[2]_CO[7])
                                                      0.166     1.616 r  bd_0_i/hls_inst/inst/grp_ntt_kernel_Pipeline_FLATTENED_BUTTERFLY_LOOP_fu_322/add_64ns_64ns_64_2_1_U19/u2/ram_reg_bram_0_i_184/CO[7]
                         net (fo=1, unplaced)         0.006     1.622    bd_0_i/hls_inst/inst/grp_ntt_kernel_Pipeline_FLATTENED_BUTTERFLY_LOOP_fu_322/add_64ns_64ns_64_2_1_U19/u2/icmp_ln44_fu_380_p2
                         CARRY8 (Prop_CARRY8_CI_O[0])
                                                      0.078     1.700 r  bd_0_i/hls_inst/inst/grp_ntt_kernel_Pipeline_FLATTENED_BUTTERFLY_LOOP_fu_322/add_64ns_64ns_64_2_1_U19/u2/ram_reg_bram_0_i_167/O[0]
                         net (fo=33, unplaced)        0.271     1.971    bd_0_i/hls_inst/inst/grp_ntt_kernel_Pipeline_FLATTENED_BUTTERFLY_LOOP_fu_322/add_64ns_64ns_64_2_1_U19/u2/ram_reg_bram_0_i_167_n_19
                         LUT3 (Prop_LUT3_I2_O)        0.058     2.029 r  bd_0_i/hls_inst/inst/grp_ntt_kernel_Pipeline_FLATTENED_BUTTERFLY_LOOP_fu_322/add_64ns_64ns_64_2_1_U19/u2/ram_reg_bram_0_i_175/O
                         net (fo=1, unplaced)         0.022     2.051    bd_0_i/hls_inst/inst/grp_ntt_kernel_Pipeline_FLATTENED_BUTTERFLY_LOOP_fu_322/add_64ns_64ns_64_2_1_U19/u2/ram_reg_bram_0_i_175_n_4
                         CARRY8 (Prop_CARRY8_S[0]_CO[7])
                                                      0.286     2.337 r  bd_0_i/hls_inst/inst/grp_ntt_kernel_Pipeline_FLATTENED_BUTTERFLY_LOOP_fu_322/add_64ns_64ns_64_2_1_U19/u2/ram_reg_bram_0_i_93/CO[7]
                         net (fo=1, unplaced)         0.006     2.343    bd_0_i/hls_inst/inst/grp_ntt_kernel_Pipeline_FLATTENED_BUTTERFLY_LOOP_fu_322/add_64ns_64ns_64_2_1_U19/u2/ram_reg_bram_0_i_93_n_4
                         CARRY8 (Prop_CARRY8_CI_O[1])
                                                      0.106     2.449 r  bd_0_i/hls_inst/inst/grp_ntt_kernel_Pipeline_FLATTENED_BUTTERFLY_LOOP_fu_322/add_64ns_64ns_64_2_1_U19/u2/ram_reg_bram_0_i_42/O[1]
                         net (fo=6, unplaced)         0.231     2.680    bd_0_i/hls_inst/inst/grp_ntt_kernel_Pipeline_FLATTENED_BUTTERFLY_LOOP_fu_322/add_64ns_64ns_64_2_1_U19/u2/t_1_fu_396_p3[9]
                         LUT4 (Prop_LUT4_I0_O)        0.058     2.738 r  bd_0_i/hls_inst/inst/grp_ntt_kernel_Pipeline_FLATTENED_BUTTERFLY_LOOP_fu_322/add_64ns_64ns_64_2_1_U19/u2/ram_reg_bram_0_i_49/O
                         net (fo=1, unplaced)         0.021     2.759    bd_0_i/hls_inst/inst/grp_ntt_kernel_Pipeline_FLATTENED_BUTTERFLY_LOOP_fu_322/add_64ns_64ns_64_2_1_U19/u2/ram_reg_bram_0_i_49_n_4
                         CARRY8 (Prop_CARRY8_S[1]_CO[7])
                                                      0.269     3.028 r  bd_0_i/hls_inst/inst/grp_ntt_kernel_Pipeline_FLATTENED_BUTTERFLY_LOOP_fu_322/add_64ns_64ns_64_2_1_U19/u2/ram_reg_bram_0_i_34/CO[7]
                         net (fo=1, unplaced)         0.006     3.034    bd_0_i/hls_inst/inst/grp_ntt_kernel_Pipeline_FLATTENED_BUTTERFLY_LOOP_fu_322/add_64ns_64ns_64_2_1_U19/u2/ram_reg_bram_0_i_34_n_4
                         CARRY8 (Prop_CARRY8_CI_O[5])
                                                      0.161     3.195 f  bd_0_i/hls_inst/inst/grp_ntt_kernel_Pipeline_FLATTENED_BUTTERFLY_LOOP_fu_322/add_64ns_64ns_64_2_1_U19/u2/ram_reg_bram_0_i_40/O[5]
                         net (fo=7, unplaced)         0.180     3.375    bd_0_i/hls_inst/inst/grp_ntt_kernel_Pipeline_FLATTENED_BUTTERFLY_LOOP_fu_322/add_64ns_64ns_64_2_1_U19/u2/ram_reg_bram_2[5]
                         LUT4 (Prop_LUT4_I1_O)        0.135     3.510 r  bd_0_i/hls_inst/inst/grp_ntt_kernel_Pipeline_FLATTENED_BUTTERFLY_LOOP_fu_322/add_64ns_64ns_64_2_1_U19/u2/ram_reg_bram_0_i_57/O
                         net (fo=1, unplaced)         0.228     3.738    bd_0_i/hls_inst/inst/grp_ntt_kernel_Pipeline_FLATTENED_BUTTERFLY_LOOP_fu_322/add_64ns_64ns_64_2_1_U19/u2/ram_reg_bram_0_i_57_n_4
                         CARRY8 (Prop_CARRY8_DI[2]_CO[7])
                                                      0.166     3.904 r  bd_0_i/hls_inst/inst/grp_ntt_kernel_Pipeline_FLATTENED_BUTTERFLY_LOOP_fu_322/add_64ns_64ns_64_2_1_U19/u2/ram_reg_bram_0_i_35/CO[7]
                         net (fo=32, unplaced)        0.148     4.052    bd_0_i/hls_inst/inst/grp_ntt_kernel_Pipeline_FLATTENED_BUTTERFLY_LOOP_fu_322/add_64ns_64ns_64_2_1_U19/u2/icmp_ln11_fu_410_p2
                         LUT6 (Prop_LUT6_I3_O)        0.082     4.134 r  bd_0_i/hls_inst/inst/grp_ntt_kernel_Pipeline_FLATTENED_BUTTERFLY_LOOP_fu_322/add_64ns_64ns_64_2_1_U19/u2/ram_reg_bram_2_i_6/O
                         net (fo=2, unplaced)         0.211     4.345    bd_0_i/hls_inst/inst/grp_ntt_kernel_Pipeline_FLATTENED_BUTTERFLY_LOOP_fu_322/add_64ns_64ns_64_2_1_U19/u2/grp_ntt_kernel_Pipeline_FLATTENED_BUTTERFLY_LOOP_fu_322_pong_d1[21]
                         LUT3 (Prop_LUT3_I0_O)        0.092     4.437 r  bd_0_i/hls_inst/inst/grp_ntt_kernel_Pipeline_FLATTENED_BUTTERFLY_LOOP_fu_322/add_64ns_64ns_64_2_1_U19/u2/ram_reg_bram_2_i_7__0/O
                         net (fo=1, unplaced)         0.240     4.677    bd_0_i/hls_inst/inst/ping_U/ping_d1[21]
                         RAMB36E2                                     r  bd_0_i/hls_inst/inst/ping_U/ram_reg_bram_2/DINADIN[3]
  -------------------------------------------------------------------    -------------------

                         (clock ap_clk rise edge)    10.000    10.000 r  
                                                      0.000    10.000 r  ap_clk (IN)
                         net (fo=6267, unset)         0.047    10.047    bd_0_i/hls_inst/inst/ping_U/ap_clk
                         RAMB36E2                                     r  bd_0_i/hls_inst/inst/ping_U/ram_reg_bram_2/CLKARDCLK
                         clock pessimism              0.000    10.047    
                         clock uncertainty           -0.035    10.012    
                         RAMB36E2 (Setup_RAMB36E2_CLKARDCLK_DINADIN[3])
                                                     -0.429     9.583    bd_0_i/hls_inst/inst/ping_U/ram_reg_bram_2
  -------------------------------------------------------------------
                         required time                          9.583    
                         arrival time                          -4.677    
  -------------------------------------------------------------------
                         slack                                  4.906    

Slack (MET) :             4.909ns  (required time - arrival time)
  Source:                 bd_0_i/hls_inst/inst/grp_ntt_kernel_Pipeline_FLATTENED_BUTTERFLY_LOOP_fu_322/add_64ns_64ns_64_2_1_U19/carry_s1_reg/C
                            (rising edge-triggered cell FDRE clocked by ap_clk  {rise@0.000ns fall@5.000ns period=10.000ns})
  Destination:            bd_0_i/hls_inst/inst/ping_U/ram_reg_bram_2/DINADIN[0]
                            (rising edge-triggered cell RAMB36E2 clocked by ap_clk  {rise@0.000ns fall@5.000ns period=10.000ns})
  Path Group:             ap_clk
  Path Type:              Setup (Max at Slow Process Corner)
  Requirement:            10.000ns  (ap_clk rise@10.000ns - ap_clk rise@0.000ns)
  Data Path Delay:        4.597ns  (logic 2.449ns (53.274%)  route 2.148ns (46.726%))
  Logic Levels:           17  (CARRY8=10 LUT2=1 LUT3=2 LUT4=3 LUT6=1)
  Clock Path Skew:        0.006ns (DCD - SCD + CPR)
    Destination Clock Delay (DCD):    0.047ns = ( 10.047 - 10.000 ) 
    Source Clock Delay      (SCD):    0.041ns
    Clock Pessimism Removal (CPR):    0.000ns
  Clock Uncertainty:      0.035ns  ((TSJ^2 + TIJ^2)^1/2 + DJ) / 2 + PE
    Total System Jitter     (TSJ):    0.071ns
    Total Input Jitter      (TIJ):    0.000ns
    Discrete Jitter          (DJ):    0.000ns
    Phase Error              (PE):    0.000ns

    Location             Delay type                Incr(ns)  Path(ns)    Netlist Resource(s)
  -------------------------------------------------------------------    -------------------
                         (clock ap_clk rise edge)     0.000     0.000 r  
                                                      0.000     0.000 r  ap_clk (IN)
                         net (fo=6267, unset)         0.041     0.041    bd_0_i/hls_inst/inst/grp_ntt_kernel_Pipeline_FLATTENED_BUTTERFLY_LOOP_fu_322/add_64ns_64ns_64_2_1_U19/ap_clk
                         FDRE                                         r  bd_0_i/hls_inst/inst/grp_ntt_kernel_Pipeline_FLATTENED_BUTTERFLY_LOOP_fu_322/add_64ns_64ns_64_2_1_U19/carry_s1_reg/C
  -------------------------------------------------------------------    -------------------
                         FDRE (Prop_FDRE_C_Q)         0.113     0.154 r  bd_0_i/hls_inst/inst/grp_ntt_kernel_Pipeline_FLATTENED_BUTTERFLY_LOOP_fu_322/add_64ns_64ns_64_2_1_U19/carry_s1_reg/Q
                         net (fo=1, unplaced)         0.154     0.308    bd_0_i/hls_inst/inst/grp_ntt_kernel_Pipeline_FLATTENED_BUTTERFLY_LOOP_fu_322/add_64ns_64ns_64_2_1_U19/u2/carry_s1
                         LUT2 (Prop_LUT2_I1_O)        0.058     0.366 r  bd_0_i/hls_inst/inst/grp_ntt_kernel_Pipeline_FLATTENED_BUTTERFLY_LOOP_fu_322/add_64ns_64ns_64_2_1_U19/u2/dout0_carry_i_8/O
                         net (fo=1, unplaced)         0.022     0.388    bd_0_i/hls_inst/inst/grp_ntt_kernel_Pipeline_FLATTENED_BUTTERFLY_LOOP_fu_322/add_64ns_64ns_64_2_1_U19/u2/dout0_carry_i_8_n_4
                         CARRY8 (Prop_CARRY8_S[0]_CO[7])
                                                      0.286     0.674 r  bd_0_i/hls_inst/inst/grp_ntt_kernel_Pipeline_FLATTENED_BUTTERFLY_LOOP_fu_322/add_64ns_64ns_64_2_1_U19/u2/dout0_carry/CO[7]
                         net (fo=1, unplaced)         0.006     0.680    bd_0_i/hls_inst/inst/grp_ntt_kernel_Pipeline_FLATTENED_BUTTERFLY_LOOP_fu_322/add_64ns_64ns_64_2_1_U19/u2/dout0_carry_n_4
                         CARRY8 (Prop_CARRY8_CI_CO[7])
                                                      0.073     0.753 r  bd_0_i/hls_inst/inst/grp_ntt_kernel_Pipeline_FLATTENED_BUTTERFLY_LOOP_fu_322/add_64ns_64ns_64_2_1_U19/u2/dout0_carry__0/CO[7]
                         net (fo=1, unplaced)         0.006     0.759    bd_0_i/hls_inst/inst/grp_ntt_kernel_Pipeline_FLATTENED_BUTTERFLY_LOOP_fu_322/add_64ns_64ns_64_2_1_U19/u2/dout0_carry__0_n_4
                         CARRY8 (Prop_CARRY8_CI_O[5])
                                                      0.161     0.920 f  bd_0_i/hls_inst/inst/grp_ntt_kernel_Pipeline_FLATTENED_BUTTERFLY_LOOP_fu_322/add_64ns_64ns_64_2_1_U19/u2/dout0_carry__1/O[5]
                         net (fo=4, unplaced)         0.167     1.087    bd_0_i/hls_inst/inst/grp_ntt_kernel_Pipeline_FLATTENED_BUTTERFLY_LOOP_fu_322/add_64ns_64ns_64_2_1_U19/u2/t_fu_370_p4[21]
                         LUT4 (Prop_LUT4_I1_O)        0.135     1.222 r  bd_0_i/hls_inst/inst/grp_ntt_kernel_Pipeline_FLATTENED_BUTTERFLY_LOOP_fu_322/add_64ns_64ns_64_2_1_U19/u2/ram_reg_bram_0_i_191/O
                         net (fo=1, unplaced)         0.228     1.450    bd_0_i/hls_inst/inst/grp_ntt_kernel_Pipeline_FLATTENED_BUTTERFLY_LOOP_fu_322/add_64ns_64ns_64_2_1_U19/u2/ram_reg_bram_0_i_191_n_4
                         CARRY8 (Prop_CARRY8_DI[2]_CO[7])
                                                      0.166     1.616 r  bd_0_i/hls_inst/inst/grp_ntt_kernel_Pipeline_FLATTENED_BUTTERFLY_LOOP_fu_322/add_64ns_64ns_64_2_1_U19/u2/ram_reg_bram_0_i_184/CO[7]
                         net (fo=1, unplaced)         0.006     1.622    bd_0_i/hls_inst/inst/grp_ntt_kernel_Pipeline_FLATTENED_BUTTERFLY_LOOP_fu_322/add_64ns_64ns_64_2_1_U19/u2/icmp_ln44_fu_380_p2
                         CARRY8 (Prop_CARRY8_CI_O[0])
                                                      0.078     1.700 r  bd_0_i/hls_inst/inst/grp_ntt_kernel_Pipeline_FLATTENED_BUTTERFLY_LOOP_fu_322/add_64ns_64ns_64_2_1_U19/u2/ram_reg_bram_0_i_167/O[0]
                         net (fo=33, unplaced)        0.271     1.971    bd_0_i/hls_inst/inst/grp_ntt_kernel_Pipeline_FLATTENED_BUTTERFLY_LOOP_fu_322/add_64ns_64ns_64_2_1_U19/u2/ram_reg_bram_0_i_167_n_19
                         LUT3 (Prop_LUT3_I2_O)        0.058     2.029 r  bd_0_i/hls_inst/inst/grp_ntt_kernel_Pipeline_FLATTENED_BUTTERFLY_LOOP_fu_322/add_64ns_64ns_64_2_1_U19/u2/ram_reg_bram_0_i_175/O
                         net (fo=1, unplaced)         0.022     2.051    bd_0_i/hls_inst/inst/grp_ntt_kernel_Pipeline_FLATTENED_BUTTERFLY_LOOP_fu_322/add_64ns_64ns_64_2_1_U19/u2/ram_reg_bram_0_i_175_n_4
                         CARRY8 (Prop_CARRY8_S[0]_CO[7])
                                                      0.286     2.337 r  bd_0_i/hls_inst/inst/grp_ntt_kernel_Pipeline_FLATTENED_BUTTERFLY_LOOP_fu_322/add_64ns_64ns_64_2_1_U19/u2/ram_reg_bram_0_i_93/CO[7]
                         net (fo=1, unplaced)         0.006     2.343    bd_0_i/hls_inst/inst/grp_ntt_kernel_Pipeline_FLATTENED_BUTTERFLY_LOOP_fu_322/add_64ns_64ns_64_2_1_U19/u2/ram_reg_bram_0_i_93_n_4
                         CARRY8 (Prop_CARRY8_CI_O[1])
                                                      0.106     2.449 r  bd_0_i/hls_inst/inst/grp_ntt_kernel_Pipeline_FLATTENED_BUTTERFLY_LOOP_fu_322/add_64ns_64ns_64_2_1_U19/u2/ram_reg_bram_0_i_42/O[1]
                         net (fo=6, unplaced)         0.231     2.680    bd_0_i/hls_inst/inst/grp_ntt_kernel_Pipeline_FLATTENED_BUTTERFLY_LOOP_fu_322/add_64ns_64ns_64_2_1_U19/u2/t_1_fu_396_p3[9]
                         LUT4 (Prop_LUT4_I0_O)        0.058     2.738 r  bd_0_i/hls_inst/inst/grp_ntt_kernel_Pipeline_FLATTENED_BUTTERFLY_LOOP_fu_322/add_64ns_64ns_64_2_1_U19/u2/ram_reg_bram_0_i_49/O
                         net (fo=1, unplaced)         0.021     2.759    bd_0_i/hls_inst/inst/grp_ntt_kernel_Pipeline_FLATTENED_BUTTERFLY_LOOP_fu_322/add_64ns_64ns_64_2_1_U19/u2/ram_reg_bram_0_i_49_n_4
                         CARRY8 (Prop_CARRY8_S[1]_CO[7])
                                                      0.269     3.028 r  bd_0_i/hls_inst/inst/grp_ntt_kernel_Pipeline_FLATTENED_BUTTERFLY_LOOP_fu_322/add_64ns_64ns_64_2_1_U19/u2/ram_reg_bram_0_i_34/CO[7]
                         net (fo=1, unplaced)         0.006     3.034    bd_0_i/hls_inst/inst/grp_ntt_kernel_Pipeline_FLATTENED_BUTTERFLY_LOOP_fu_322/add_64ns_64ns_64_2_1_U19/u2/ram_reg_bram_0_i_34_n_4
                         CARRY8 (Prop_CARRY8_CI_O[5])
                                                      0.161     3.195 f  bd_0_i/hls_inst/inst/grp_ntt_kernel_Pipeline_FLATTENED_BUTTERFLY_LOOP_fu_322/add_64ns_64ns_64_2_1_U19/u2/ram_reg_bram_0_i_40/O[5]
                         net (fo=7, unplaced)         0.180     3.375    bd_0_i/hls_inst/inst/grp_ntt_kernel_Pipeline_FLATTENED_BUTTERFLY_LOOP_fu_322/add_64ns_64ns_64_2_1_U19/u2/ram_reg_bram_2[5]
                         LUT4 (Prop_LUT4_I1_O)        0.135     3.510 r  bd_0_i/hls_inst/inst/grp_ntt_kernel_Pipeline_FLATTENED_BUTTERFLY_LOOP_fu_322/add_64ns_64ns_64_2_1_U19/u2/ram_reg_bram_0_i_57/O
                         net (fo=1, unplaced)         0.228     3.738    bd_0_i/hls_inst/inst/grp_ntt_kernel_Pipeline_FLATTENED_BUTTERFLY_LOOP_fu_322/add_64ns_64ns_64_2_1_U19/u2/ram_reg_bram_0_i_57_n_4
                         CARRY8 (Prop_CARRY8_DI[2]_CO[7])
                                                      0.166     3.904 r  bd_0_i/hls_inst/inst/grp_ntt_kernel_Pipeline_FLATTENED_BUTTERFLY_LOOP_fu_322/add_64ns_64ns_64_2_1_U19/u2/ram_reg_bram_0_i_35/CO[7]
                         net (fo=32, unplaced)        0.148     4.052    bd_0_i/hls_inst/inst/grp_ntt_kernel_Pipeline_FLATTENED_BUTTERFLY_LOOP_fu_322/add_64ns_64ns_64_2_1_U19/u2/icmp_ln11_fu_410_p2
                         LUT6 (Prop_LUT6_I3_O)        0.082     4.134 r  bd_0_i/hls_inst/inst/grp_ntt_kernel_Pipeline_FLATTENED_BUTTERFLY_LOOP_fu_322/add_64ns_64ns_64_2_1_U19/u2/ram_reg_bram_2_i_9/O
                         net (fo=2, unplaced)         0.211     4.345    bd_0_i/hls_inst/inst/grp_ntt_kernel_Pipeline_FLATTENED_BUTTERFLY_LOOP_fu_322/add_64ns_64ns_64_2_1_U19/u2/grp_ntt_kernel_Pipeline_FLATTENED_BUTTERFLY_LOOP_fu_322_pong_d1[18]
                         LUT3 (Prop_LUT3_I0_O)        0.058     4.403 r  bd_0_i/hls_inst/inst/grp_ntt_kernel_Pipeline_FLATTENED_BUTTERFLY_LOOP_fu_322/add_64ns_64ns_64_2_1_U19/u2/ram_reg_bram_2_i_10__0/O
                         net (fo=1, unplaced)         0.235     4.638    bd_0_i/hls_inst/inst/ping_U/ping_d1[18]
                         RAMB36E2                                     r  bd_0_i/hls_inst/inst/ping_U/ram_reg_bram_2/DINADIN[0]
  -------------------------------------------------------------------    -------------------

                         (clock ap_clk rise edge)    10.000    10.000 r  
                                                      0.000    10.000 r  ap_clk (IN)
                         net (fo=6267, unset)         0.047    10.047    bd_0_i/hls_inst/inst/ping_U/ap_clk
                         RAMB36E2                                     r  bd_0_i/hls_inst/inst/ping_U/ram_reg_bram_2/CLKARDCLK
                         clock pessimism              0.000    10.047    
                         clock uncertainty           -0.035    10.012    
                         RAMB36E2 (Setup_RAMB36E2_CLKARDCLK_DINADIN[0])
                                                     -0.465     9.547    bd_0_i/hls_inst/inst/ping_U/ram_reg_bram_2
  -------------------------------------------------------------------
                         required time                          9.547    
                         arrival time                          -4.638    
  -------------------------------------------------------------------
                         slack                                  4.909    




