
Cell sky130_ef_sc_hd__decap_12 (0) disconnected node: VPWR
Cell sky130_ef_sc_hd__decap_12 (0) disconnected node: VGND
Cell sky130_ef_sc_hd__decap_12 (0) disconnected node: VPB
Cell sky130_ef_sc_hd__decap_12 (0) disconnected node: VNB
Warning: Equate pins:  cell sky130_ef_sc_hd__decap_12 is a placeholder, treated as a black box.

Subcircuit pins:
Circuit 1: sky130_ef_sc_hd__decap_12       |Circuit 2: sky130_ef_sc_hd__decap_12       
-------------------------------------------|-------------------------------------------
VPWR                                       |VPWR                                       
VGND                                       |VGND                                       
VPB                                        |VPB                                        
VNB                                        |VNB                                        
---------------------------------------------------------------------------------------
Cell pin lists are equivalent.
Device classes sky130_ef_sc_hd__decap_12 and sky130_ef_sc_hd__decap_12 are equivalent.

Cell sky130_fd_sc_hd__tapvpwrvgnd_1 (0) disconnected node: VGND
Cell sky130_fd_sc_hd__tapvpwrvgnd_1 (0) disconnected node: VPWR
Warning: Equate pins:  cell sky130_fd_sc_hd__tapvpwrvgnd_1 is a placeholder, treated as a black box.

Subcircuit pins:
Circuit 1: sky130_fd_sc_hd__tapvpwrvgnd_1  |Circuit 2: sky130_fd_sc_hd__tapvpwrvgnd_1  
-------------------------------------------|-------------------------------------------
VGND                                       |VGND                                       
VPWR                                       |VPWR                                       
---------------------------------------------------------------------------------------
Cell pin lists are equivalent.
Device classes sky130_fd_sc_hd__tapvpwrvgnd_1 and sky130_fd_sc_hd__tapvpwrvgnd_1 are equivalent.

Cell sky130_fd_sc_hd__decap_6 (0) disconnected node: VGND
Cell sky130_fd_sc_hd__decap_6 (0) disconnected node: VNB
Cell sky130_fd_sc_hd__decap_6 (0) disconnected node: VPB
Cell sky130_fd_sc_hd__decap_6 (0) disconnected node: VPWR
Warning: Equate pins:  cell sky130_fd_sc_hd__decap_6 is a placeholder, treated as a black box.

Subcircuit pins:
Circuit 1: sky130_fd_sc_hd__decap_6        |Circuit 2: sky130_fd_sc_hd__decap_6        
-------------------------------------------|-------------------------------------------
VGND                                       |VGND                                       
VNB                                        |VNB                                        
VPB                                        |VPB                                        
VPWR                                       |VPWR                                       
---------------------------------------------------------------------------------------
Cell pin lists are equivalent.
Device classes sky130_fd_sc_hd__decap_6 and sky130_fd_sc_hd__decap_6 are equivalent.

Cell sky130_fd_sc_hd__fill_1 (0) disconnected node: VGND
Cell sky130_fd_sc_hd__fill_1 (0) disconnected node: VNB
Cell sky130_fd_sc_hd__fill_1 (0) disconnected node: VPB
Cell sky130_fd_sc_hd__fill_1 (0) disconnected node: VPWR
Warning: Equate pins:  cell sky130_fd_sc_hd__fill_1 is a placeholder, treated as a black box.

Subcircuit pins:
Circuit 1: sky130_fd_sc_hd__fill_1         |Circuit 2: sky130_fd_sc_hd__fill_1         
-------------------------------------------|-------------------------------------------
VGND                                       |VGND                                       
VNB                                        |VNB                                        
VPB                                        |VPB                                        
VPWR                                       |VPWR                                       
---------------------------------------------------------------------------------------
Cell pin lists are equivalent.
Device classes sky130_fd_sc_hd__fill_1 and sky130_fd_sc_hd__fill_1 are equivalent.

Cell sky130_fd_sc_hd__diode_2 (0) disconnected node: DIODE
Cell sky130_fd_sc_hd__diode_2 (0) disconnected node: VGND
Cell sky130_fd_sc_hd__diode_2 (0) disconnected node: VNB
Cell sky130_fd_sc_hd__diode_2 (0) disconnected node: VPB
Cell sky130_fd_sc_hd__diode_2 (0) disconnected node: VPWR
Warning: Equate pins:  cell sky130_fd_sc_hd__diode_2 is a placeholder, treated as a black box.

Subcircuit pins:
Circuit 1: sky130_fd_sc_hd__diode_2        |Circuit 2: sky130_fd_sc_hd__diode_2        
-------------------------------------------|-------------------------------------------
DIODE                                      |DIODE                                      
VGND                                       |VGND                                       
VNB                                        |VNB                                        
VPB                                        |VPB                                        
VPWR                                       |VPWR                                       
---------------------------------------------------------------------------------------
Cell pin lists are equivalent.
Device classes sky130_fd_sc_hd__diode_2 and sky130_fd_sc_hd__diode_2 are equivalent.

Cell sky130_fd_sc_hd__fill_2 (0) disconnected node: VGND
Cell sky130_fd_sc_hd__fill_2 (0) disconnected node: VNB
Cell sky130_fd_sc_hd__fill_2 (0) disconnected node: VPB
Cell sky130_fd_sc_hd__fill_2 (0) disconnected node: VPWR
Warning: Equate pins:  cell sky130_fd_sc_hd__fill_2 is a placeholder, treated as a black box.

Subcircuit pins:
Circuit 1: sky130_fd_sc_hd__fill_2         |Circuit 2: sky130_fd_sc_hd__fill_2         
-------------------------------------------|-------------------------------------------
VGND                                       |VGND                                       
VNB                                        |VNB                                        
VPB                                        |VPB                                        
VPWR                                       |VPWR                                       
---------------------------------------------------------------------------------------
Cell pin lists are equivalent.
Device classes sky130_fd_sc_hd__fill_2 and sky130_fd_sc_hd__fill_2 are equivalent.

Cell sky130_fd_sc_hd__decap_8 (0) disconnected node: VGND
Cell sky130_fd_sc_hd__decap_8 (0) disconnected node: VNB
Cell sky130_fd_sc_hd__decap_8 (0) disconnected node: VPB
Cell sky130_fd_sc_hd__decap_8 (0) disconnected node: VPWR
Warning: Equate pins:  cell sky130_fd_sc_hd__decap_8 is a placeholder, treated as a black box.

Subcircuit pins:
Circuit 1: sky130_fd_sc_hd__decap_8        |Circuit 2: sky130_fd_sc_hd__decap_8        
-------------------------------------------|-------------------------------------------
VGND                                       |VGND                                       
VNB                                        |VNB                                        
VPB                                        |VPB                                        
VPWR                                       |VPWR                                       
---------------------------------------------------------------------------------------
Cell pin lists are equivalent.
Device classes sky130_fd_sc_hd__decap_8 and sky130_fd_sc_hd__decap_8 are equivalent.

Cell sky130_fd_sc_hd__mux2_1 (0) disconnected node: A0
Cell sky130_fd_sc_hd__mux2_1 (0) disconnected node: A1
Cell sky130_fd_sc_hd__mux2_1 (0) disconnected node: S
Cell sky130_fd_sc_hd__mux2_1 (0) disconnected node: VGND
Cell sky130_fd_sc_hd__mux2_1 (0) disconnected node: VNB
Cell sky130_fd_sc_hd__mux2_1 (0) disconnected node: VPB
Cell sky130_fd_sc_hd__mux2_1 (0) disconnected node: VPWR
Cell sky130_fd_sc_hd__mux2_1 (0) disconnected node: X
Warning: Equate pins:  cell sky130_fd_sc_hd__mux2_1 is a placeholder, treated as a black box.

Subcircuit pins:
Circuit 1: sky130_fd_sc_hd__mux2_1         |Circuit 2: sky130_fd_sc_hd__mux2_1         
-------------------------------------------|-------------------------------------------
A0                                         |A0                                         
A1                                         |A1                                         
S                                          |S                                          
VGND                                       |VGND                                       
VNB                                        |VNB                                        
VPB                                        |VPB                                        
VPWR                                       |VPWR                                       
X                                          |X                                          
---------------------------------------------------------------------------------------
Cell pin lists are equivalent.
Device classes sky130_fd_sc_hd__mux2_1 and sky130_fd_sc_hd__mux2_1 are equivalent.

Cell sky130_fd_sc_hd__decap_4 (0) disconnected node: VGND
Cell sky130_fd_sc_hd__decap_4 (0) disconnected node: VNB
Cell sky130_fd_sc_hd__decap_4 (0) disconnected node: VPB
Cell sky130_fd_sc_hd__decap_4 (0) disconnected node: VPWR
Warning: Equate pins:  cell sky130_fd_sc_hd__decap_4 is a placeholder, treated as a black box.

Subcircuit pins:
Circuit 1: sky130_fd_sc_hd__decap_4        |Circuit 2: sky130_fd_sc_hd__decap_4        
-------------------------------------------|-------------------------------------------
VGND                                       |VGND                                       
VNB                                        |VNB                                        
VPB                                        |VPB                                        
VPWR                                       |VPWR                                       
---------------------------------------------------------------------------------------
Cell pin lists are equivalent.
Device classes sky130_fd_sc_hd__decap_4 and sky130_fd_sc_hd__decap_4 are equivalent.

Cell sky130_fd_sc_hd__decap_3 (0) disconnected node: VGND
Cell sky130_fd_sc_hd__decap_3 (0) disconnected node: VNB
Cell sky130_fd_sc_hd__decap_3 (0) disconnected node: VPB
Cell sky130_fd_sc_hd__decap_3 (0) disconnected node: VPWR
Warning: Equate pins:  cell sky130_fd_sc_hd__decap_3 is a placeholder, treated as a black box.

Subcircuit pins:
Circuit 1: sky130_fd_sc_hd__decap_3        |Circuit 2: sky130_fd_sc_hd__decap_3        
-------------------------------------------|-------------------------------------------
VGND                                       |VGND                                       
VNB                                        |VNB                                        
VPB                                        |VPB                                        
VPWR                                       |VPWR                                       
---------------------------------------------------------------------------------------
Cell pin lists are equivalent.
Device classes sky130_fd_sc_hd__decap_3 and sky130_fd_sc_hd__decap_3 are equivalent.

Cell sky130_fd_sc_hd__a21bo_1 (0) disconnected node: A1
Cell sky130_fd_sc_hd__a21bo_1 (0) disconnected node: A2
Cell sky130_fd_sc_hd__a21bo_1 (0) disconnected node: B1_N
Cell sky130_fd_sc_hd__a21bo_1 (0) disconnected node: VGND
Cell sky130_fd_sc_hd__a21bo_1 (0) disconnected node: VNB
Cell sky130_fd_sc_hd__a21bo_1 (0) disconnected node: VPB
Cell sky130_fd_sc_hd__a21bo_1 (0) disconnected node: VPWR
Cell sky130_fd_sc_hd__a21bo_1 (0) disconnected node: X
Warning: Equate pins:  cell sky130_fd_sc_hd__a21bo_1 is a placeholder, treated as a black box.

Subcircuit pins:
Circuit 1: sky130_fd_sc_hd__a21bo_1        |Circuit 2: sky130_fd_sc_hd__a21bo_1        
-------------------------------------------|-------------------------------------------
A1                                         |A1                                         
A2                                         |A2                                         
B1_N                                       |B1_N                                       
VGND                                       |VGND                                       
VNB                                        |VNB                                        
VPB                                        |VPB                                        
VPWR                                       |VPWR                                       
X                                          |X                                          
---------------------------------------------------------------------------------------
Cell pin lists are equivalent.
Device classes sky130_fd_sc_hd__a21bo_1 and sky130_fd_sc_hd__a21bo_1 are equivalent.

Cell sky130_fd_sc_hd__nor2_1 (0) disconnected node: A
Cell sky130_fd_sc_hd__nor2_1 (0) disconnected node: B
Cell sky130_fd_sc_hd__nor2_1 (0) disconnected node: VGND
Cell sky130_fd_sc_hd__nor2_1 (0) disconnected node: VNB
Cell sky130_fd_sc_hd__nor2_1 (0) disconnected node: VPB
Cell sky130_fd_sc_hd__nor2_1 (0) disconnected node: VPWR
Cell sky130_fd_sc_hd__nor2_1 (0) disconnected node: Y
Warning: Equate pins:  cell sky130_fd_sc_hd__nor2_1 is a placeholder, treated as a black box.

Subcircuit pins:
Circuit 1: sky130_fd_sc_hd__nor2_1         |Circuit 2: sky130_fd_sc_hd__nor2_1         
-------------------------------------------|-------------------------------------------
A                                          |A                                          
B                                          |B                                          
VGND                                       |VGND                                       
VNB                                        |VNB                                        
VPB                                        |VPB                                        
VPWR                                       |VPWR                                       
Y                                          |Y                                          
---------------------------------------------------------------------------------------
Cell pin lists are equivalent.
Device classes sky130_fd_sc_hd__nor2_1 and sky130_fd_sc_hd__nor2_1 are equivalent.

Cell sky130_fd_sc_hd__clkbuf_4 (0) disconnected node: A
Cell sky130_fd_sc_hd__clkbuf_4 (0) disconnected node: VGND
Cell sky130_fd_sc_hd__clkbuf_4 (0) disconnected node: VNB
Cell sky130_fd_sc_hd__clkbuf_4 (0) disconnected node: VPB
Cell sky130_fd_sc_hd__clkbuf_4 (0) disconnected node: VPWR
Cell sky130_fd_sc_hd__clkbuf_4 (0) disconnected node: X
Warning: Equate pins:  cell sky130_fd_sc_hd__clkbuf_4 is a placeholder, treated as a black box.

Subcircuit pins:
Circuit 1: sky130_fd_sc_hd__clkbuf_4       |Circuit 2: sky130_fd_sc_hd__clkbuf_4       
-------------------------------------------|-------------------------------------------
A                                          |A                                          
VGND                                       |VGND                                       
VNB                                        |VNB                                        
VPB                                        |VPB                                        
VPWR                                       |VPWR                                       
X                                          |X                                          
---------------------------------------------------------------------------------------
Cell pin lists are equivalent.
Device classes sky130_fd_sc_hd__clkbuf_4 and sky130_fd_sc_hd__clkbuf_4 are equivalent.

Cell sky130_fd_sc_hd__a32o_1 (0) disconnected node: A1
Cell sky130_fd_sc_hd__a32o_1 (0) disconnected node: A2
Cell sky130_fd_sc_hd__a32o_1 (0) disconnected node: A3
Cell sky130_fd_sc_hd__a32o_1 (0) disconnected node: B1
Cell sky130_fd_sc_hd__a32o_1 (0) disconnected node: B2
Cell sky130_fd_sc_hd__a32o_1 (0) disconnected node: VGND
Cell sky130_fd_sc_hd__a32o_1 (0) disconnected node: VNB
Cell sky130_fd_sc_hd__a32o_1 (0) disconnected node: VPB
Cell sky130_fd_sc_hd__a32o_1 (0) disconnected node: VPWR
Cell sky130_fd_sc_hd__a32o_1 (0) disconnected node: X
Warning: Equate pins:  cell sky130_fd_sc_hd__a32o_1 is a placeholder, treated as a black box.

Subcircuit pins:
Circuit 1: sky130_fd_sc_hd__a32o_1         |Circuit 2: sky130_fd_sc_hd__a32o_1         
-------------------------------------------|-------------------------------------------
A1                                         |A1                                         
A2                                         |A2                                         
A3                                         |A3                                         
B1                                         |B1                                         
B2                                         |B2                                         
VGND                                       |VGND                                       
VNB                                        |VNB                                        
VPB                                        |VPB                                        
VPWR                                       |VPWR                                       
X                                          |X                                          
---------------------------------------------------------------------------------------
Cell pin lists are equivalent.
Device classes sky130_fd_sc_hd__a32o_1 and sky130_fd_sc_hd__a32o_1 are equivalent.

Cell sky130_fd_sc_hd__a21oi_1 (0) disconnected node: A1
Cell sky130_fd_sc_hd__a21oi_1 (0) disconnected node: A2
Cell sky130_fd_sc_hd__a21oi_1 (0) disconnected node: B1
Cell sky130_fd_sc_hd__a21oi_1 (0) disconnected node: VGND
Cell sky130_fd_sc_hd__a21oi_1 (0) disconnected node: VNB
Cell sky130_fd_sc_hd__a21oi_1 (0) disconnected node: VPB
Cell sky130_fd_sc_hd__a21oi_1 (0) disconnected node: VPWR
Cell sky130_fd_sc_hd__a21oi_1 (0) disconnected node: Y
Warning: Equate pins:  cell sky130_fd_sc_hd__a21oi_1 is a placeholder, treated as a black box.

Subcircuit pins:
Circuit 1: sky130_fd_sc_hd__a21oi_1        |Circuit 2: sky130_fd_sc_hd__a21oi_1        
-------------------------------------------|-------------------------------------------
A1                                         |A1                                         
A2                                         |A2                                         
B1                                         |B1                                         
VGND                                       |VGND                                       
VNB                                        |VNB                                        
VPB                                        |VPB                                        
VPWR                                       |VPWR                                       
Y                                          |Y                                          
---------------------------------------------------------------------------------------
Cell pin lists are equivalent.
Device classes sky130_fd_sc_hd__a21oi_1 and sky130_fd_sc_hd__a21oi_1 are equivalent.

Cell sky130_fd_sc_hd__xnor2_1 (0) disconnected node: A
Cell sky130_fd_sc_hd__xnor2_1 (0) disconnected node: B
Cell sky130_fd_sc_hd__xnor2_1 (0) disconnected node: VGND
Cell sky130_fd_sc_hd__xnor2_1 (0) disconnected node: VNB
Cell sky130_fd_sc_hd__xnor2_1 (0) disconnected node: VPB
Cell sky130_fd_sc_hd__xnor2_1 (0) disconnected node: VPWR
Cell sky130_fd_sc_hd__xnor2_1 (0) disconnected node: Y
Warning: Equate pins:  cell sky130_fd_sc_hd__xnor2_1 is a placeholder, treated as a black box.

Subcircuit pins:
Circuit 1: sky130_fd_sc_hd__xnor2_1        |Circuit 2: sky130_fd_sc_hd__xnor2_1        
-------------------------------------------|-------------------------------------------
A                                          |A                                          
B                                          |B                                          
VGND                                       |VGND                                       
VNB                                        |VNB                                        
VPB                                        |VPB                                        
VPWR                                       |VPWR                                       
Y                                          |Y                                          
---------------------------------------------------------------------------------------
Cell pin lists are equivalent.
Device classes sky130_fd_sc_hd__xnor2_1 and sky130_fd_sc_hd__xnor2_1 are equivalent.

Cell sky130_fd_sc_hd__or3_2 (0) disconnected node: A
Cell sky130_fd_sc_hd__or3_2 (0) disconnected node: B
Cell sky130_fd_sc_hd__or3_2 (0) disconnected node: C
Cell sky130_fd_sc_hd__or3_2 (0) disconnected node: VGND
Cell sky130_fd_sc_hd__or3_2 (0) disconnected node: VNB
Cell sky130_fd_sc_hd__or3_2 (0) disconnected node: VPB
Cell sky130_fd_sc_hd__or3_2 (0) disconnected node: VPWR
Cell sky130_fd_sc_hd__or3_2 (0) disconnected node: X
Warning: Equate pins:  cell sky130_fd_sc_hd__or3_2 is a placeholder, treated as a black box.

Subcircuit pins:
Circuit 1: sky130_fd_sc_hd__or3_2          |Circuit 2: sky130_fd_sc_hd__or3_2          
-------------------------------------------|-------------------------------------------
A                                          |A                                          
B                                          |B                                          
C                                          |C                                          
VGND                                       |VGND                                       
VNB                                        |VNB                                        
VPB                                        |VPB                                        
VPWR                                       |VPWR                                       
X                                          |X                                          
---------------------------------------------------------------------------------------
Cell pin lists are equivalent.
Device classes sky130_fd_sc_hd__or3_2 and sky130_fd_sc_hd__or3_2 are equivalent.

Cell sky130_fd_sc_hd__dfrtp_2 (0) disconnected node: CLK
Cell sky130_fd_sc_hd__dfrtp_2 (0) disconnected node: D
Cell sky130_fd_sc_hd__dfrtp_2 (0) disconnected node: RESET_B
Cell sky130_fd_sc_hd__dfrtp_2 (0) disconnected node: VGND
Cell sky130_fd_sc_hd__dfrtp_2 (0) disconnected node: VNB
Cell sky130_fd_sc_hd__dfrtp_2 (0) disconnected node: VPB
Cell sky130_fd_sc_hd__dfrtp_2 (0) disconnected node: VPWR
Cell sky130_fd_sc_hd__dfrtp_2 (0) disconnected node: Q
Warning: Equate pins:  cell sky130_fd_sc_hd__dfrtp_2 is a placeholder, treated as a black box.

Subcircuit pins:
Circuit 1: sky130_fd_sc_hd__dfrtp_2        |Circuit 2: sky130_fd_sc_hd__dfrtp_2        
-------------------------------------------|-------------------------------------------
CLK                                        |CLK                                        
D                                          |D                                          
RESET_B                                    |RESET_B                                    
VGND                                       |VGND                                       
VNB                                        |VNB                                        
VPB                                        |VPB                                        
VPWR                                       |VPWR                                       
Q                                          |Q                                          
---------------------------------------------------------------------------------------
Cell pin lists are equivalent.
Device classes sky130_fd_sc_hd__dfrtp_2 and sky130_fd_sc_hd__dfrtp_2 are equivalent.

Cell sky130_fd_sc_hd__buf_1 (0) disconnected node: A
Cell sky130_fd_sc_hd__buf_1 (0) disconnected node: VGND
Cell sky130_fd_sc_hd__buf_1 (0) disconnected node: VNB
Cell sky130_fd_sc_hd__buf_1 (0) disconnected node: VPB
Cell sky130_fd_sc_hd__buf_1 (0) disconnected node: VPWR
Cell sky130_fd_sc_hd__buf_1 (0) disconnected node: X
Warning: Equate pins:  cell sky130_fd_sc_hd__buf_1 is a placeholder, treated as a black box.

Subcircuit pins:
Circuit 1: sky130_fd_sc_hd__buf_1          |Circuit 2: sky130_fd_sc_hd__buf_1          
-------------------------------------------|-------------------------------------------
A                                          |A                                          
VGND                                       |VGND                                       
VNB                                        |VNB                                        
VPB                                        |VPB                                        
VPWR                                       |VPWR                                       
X                                          |X                                          
---------------------------------------------------------------------------------------
Cell pin lists are equivalent.
Device classes sky130_fd_sc_hd__buf_1 and sky130_fd_sc_hd__buf_1 are equivalent.

Cell sky130_fd_sc_hd__inv_2 (0) disconnected node: A
Cell sky130_fd_sc_hd__inv_2 (0) disconnected node: VGND
Cell sky130_fd_sc_hd__inv_2 (0) disconnected node: VNB
Cell sky130_fd_sc_hd__inv_2 (0) disconnected node: VPB
Cell sky130_fd_sc_hd__inv_2 (0) disconnected node: VPWR
Cell sky130_fd_sc_hd__inv_2 (0) disconnected node: Y
Warning: Equate pins:  cell sky130_fd_sc_hd__inv_2 is a placeholder, treated as a black box.

Subcircuit pins:
Circuit 1: sky130_fd_sc_hd__inv_2          |Circuit 2: sky130_fd_sc_hd__inv_2          
-------------------------------------------|-------------------------------------------
A                                          |A                                          
VGND                                       |VGND                                       
VNB                                        |VNB                                        
VPB                                        |VPB                                        
VPWR                                       |VPWR                                       
Y                                          |Y                                          
---------------------------------------------------------------------------------------
Cell pin lists are equivalent.
Device classes sky130_fd_sc_hd__inv_2 and sky130_fd_sc_hd__inv_2 are equivalent.

Cell sky130_fd_sc_hd__or2_1 (0) disconnected node: A
Cell sky130_fd_sc_hd__or2_1 (0) disconnected node: B
Cell sky130_fd_sc_hd__or2_1 (0) disconnected node: VGND
Cell sky130_fd_sc_hd__or2_1 (0) disconnected node: VNB
Cell sky130_fd_sc_hd__or2_1 (0) disconnected node: VPB
Cell sky130_fd_sc_hd__or2_1 (0) disconnected node: VPWR
Cell sky130_fd_sc_hd__or2_1 (0) disconnected node: X
Warning: Equate pins:  cell sky130_fd_sc_hd__or2_1 is a placeholder, treated as a black box.

Subcircuit pins:
Circuit 1: sky130_fd_sc_hd__or2_1          |Circuit 2: sky130_fd_sc_hd__or2_1          
-------------------------------------------|-------------------------------------------
A                                          |A                                          
B                                          |B                                          
VGND                                       |VGND                                       
VNB                                        |VNB                                        
VPB                                        |VPB                                        
VPWR                                       |VPWR                                       
X                                          |X                                          
---------------------------------------------------------------------------------------
Cell pin lists are equivalent.
Device classes sky130_fd_sc_hd__or2_1 and sky130_fd_sc_hd__or2_1 are equivalent.

Cell sky130_fd_sc_hd__clkbuf_2 (0) disconnected node: A
Cell sky130_fd_sc_hd__clkbuf_2 (0) disconnected node: VGND
Cell sky130_fd_sc_hd__clkbuf_2 (0) disconnected node: VNB
Cell sky130_fd_sc_hd__clkbuf_2 (0) disconnected node: VPB
Cell sky130_fd_sc_hd__clkbuf_2 (0) disconnected node: VPWR
Cell sky130_fd_sc_hd__clkbuf_2 (0) disconnected node: X
Warning: Equate pins:  cell sky130_fd_sc_hd__clkbuf_2 is a placeholder, treated as a black box.

Subcircuit pins:
Circuit 1: sky130_fd_sc_hd__clkbuf_2       |Circuit 2: sky130_fd_sc_hd__clkbuf_2       
-------------------------------------------|-------------------------------------------
A                                          |A                                          
VGND                                       |VGND                                       
VNB                                        |VNB                                        
VPB                                        |VPB                                        
VPWR                                       |VPWR                                       
X                                          |X                                          
---------------------------------------------------------------------------------------
Cell pin lists are equivalent.
Device classes sky130_fd_sc_hd__clkbuf_2 and sky130_fd_sc_hd__clkbuf_2 are equivalent.

Cell sky130_fd_sc_hd__clkbuf_1 (0) disconnected node: A
Cell sky130_fd_sc_hd__clkbuf_1 (0) disconnected node: VGND
Cell sky130_fd_sc_hd__clkbuf_1 (0) disconnected node: VNB
Cell sky130_fd_sc_hd__clkbuf_1 (0) disconnected node: VPB
Cell sky130_fd_sc_hd__clkbuf_1 (0) disconnected node: VPWR
Cell sky130_fd_sc_hd__clkbuf_1 (0) disconnected node: X
Warning: Equate pins:  cell sky130_fd_sc_hd__clkbuf_1 is a placeholder, treated as a black box.

Subcircuit pins:
Circuit 1: sky130_fd_sc_hd__clkbuf_1       |Circuit 2: sky130_fd_sc_hd__clkbuf_1       
-------------------------------------------|-------------------------------------------
A                                          |A                                          
VGND                                       |VGND                                       
VNB                                        |VNB                                        
VPB                                        |VPB                                        
VPWR                                       |VPWR                                       
X                                          |X                                          
---------------------------------------------------------------------------------------
Cell pin lists are equivalent.
Device classes sky130_fd_sc_hd__clkbuf_1 and sky130_fd_sc_hd__clkbuf_1 are equivalent.

Cell sky130_fd_sc_hd__a21o_1 (0) disconnected node: A1
Cell sky130_fd_sc_hd__a21o_1 (0) disconnected node: A2
Cell sky130_fd_sc_hd__a21o_1 (0) disconnected node: B1
Cell sky130_fd_sc_hd__a21o_1 (0) disconnected node: VGND
Cell sky130_fd_sc_hd__a21o_1 (0) disconnected node: VNB
Cell sky130_fd_sc_hd__a21o_1 (0) disconnected node: VPB
Cell sky130_fd_sc_hd__a21o_1 (0) disconnected node: VPWR
Cell sky130_fd_sc_hd__a21o_1 (0) disconnected node: X
Warning: Equate pins:  cell sky130_fd_sc_hd__a21o_1 is a placeholder, treated as a black box.

Subcircuit pins:
Circuit 1: sky130_fd_sc_hd__a21o_1         |Circuit 2: sky130_fd_sc_hd__a21o_1         
-------------------------------------------|-------------------------------------------
A1                                         |A1                                         
A2                                         |A2                                         
B1                                         |B1                                         
VGND                                       |VGND                                       
VNB                                        |VNB                                        
VPB                                        |VPB                                        
VPWR                                       |VPWR                                       
X                                          |X                                          
---------------------------------------------------------------------------------------
Cell pin lists are equivalent.
Device classes sky130_fd_sc_hd__a21o_1 and sky130_fd_sc_hd__a21o_1 are equivalent.

Cell sky130_fd_sc_hd__dfrtp_4 (0) disconnected node: CLK
Cell sky130_fd_sc_hd__dfrtp_4 (0) disconnected node: D
Cell sky130_fd_sc_hd__dfrtp_4 (0) disconnected node: RESET_B
Cell sky130_fd_sc_hd__dfrtp_4 (0) disconnected node: VGND
Cell sky130_fd_sc_hd__dfrtp_4 (0) disconnected node: VNB
Cell sky130_fd_sc_hd__dfrtp_4 (0) disconnected node: VPB
Cell sky130_fd_sc_hd__dfrtp_4 (0) disconnected node: VPWR
Cell sky130_fd_sc_hd__dfrtp_4 (0) disconnected node: Q
Warning: Equate pins:  cell sky130_fd_sc_hd__dfrtp_4 is a placeholder, treated as a black box.

Subcircuit pins:
Circuit 1: sky130_fd_sc_hd__dfrtp_4        |Circuit 2: sky130_fd_sc_hd__dfrtp_4        
-------------------------------------------|-------------------------------------------
CLK                                        |CLK                                        
D                                          |D                                          
RESET_B                                    |RESET_B                                    
VGND                                       |VGND                                       
VNB                                        |VNB                                        
VPB                                        |VPB                                        
VPWR                                       |VPWR                                       
Q                                          |Q                                          
---------------------------------------------------------------------------------------
Cell pin lists are equivalent.
Device classes sky130_fd_sc_hd__dfrtp_4 and sky130_fd_sc_hd__dfrtp_4 are equivalent.

Cell sky130_fd_sc_hd__o21ai_1 (0) disconnected node: A1
Cell sky130_fd_sc_hd__o21ai_1 (0) disconnected node: A2
Cell sky130_fd_sc_hd__o21ai_1 (0) disconnected node: B1
Cell sky130_fd_sc_hd__o21ai_1 (0) disconnected node: VGND
Cell sky130_fd_sc_hd__o21ai_1 (0) disconnected node: VNB
Cell sky130_fd_sc_hd__o21ai_1 (0) disconnected node: VPB
Cell sky130_fd_sc_hd__o21ai_1 (0) disconnected node: VPWR
Cell sky130_fd_sc_hd__o21ai_1 (0) disconnected node: Y
Warning: Equate pins:  cell sky130_fd_sc_hd__o21ai_1 is a placeholder, treated as a black box.

Subcircuit pins:
Circuit 1: sky130_fd_sc_hd__o21ai_1        |Circuit 2: sky130_fd_sc_hd__o21ai_1        
-------------------------------------------|-------------------------------------------
A1                                         |A1                                         
A2                                         |A2                                         
B1                                         |B1                                         
VGND                                       |VGND                                       
VNB                                        |VNB                                        
VPB                                        |VPB                                        
VPWR                                       |VPWR                                       
Y                                          |Y                                          
---------------------------------------------------------------------------------------
Cell pin lists are equivalent.
Device classes sky130_fd_sc_hd__o21ai_1 and sky130_fd_sc_hd__o21ai_1 are equivalent.

Cell sky130_fd_sc_hd__nand2_1 (0) disconnected node: A
Cell sky130_fd_sc_hd__nand2_1 (0) disconnected node: B
Cell sky130_fd_sc_hd__nand2_1 (0) disconnected node: VGND
Cell sky130_fd_sc_hd__nand2_1 (0) disconnected node: VNB
Cell sky130_fd_sc_hd__nand2_1 (0) disconnected node: VPB
Cell sky130_fd_sc_hd__nand2_1 (0) disconnected node: VPWR
Cell sky130_fd_sc_hd__nand2_1 (0) disconnected node: Y
Warning: Equate pins:  cell sky130_fd_sc_hd__nand2_1 is a placeholder, treated as a black box.

Subcircuit pins:
Circuit 1: sky130_fd_sc_hd__nand2_1        |Circuit 2: sky130_fd_sc_hd__nand2_1        
-------------------------------------------|-------------------------------------------
A                                          |A                                          
B                                          |B                                          
VGND                                       |VGND                                       
VNB                                        |VNB                                        
VPB                                        |VPB                                        
VPWR                                       |VPWR                                       
Y                                          |Y                                          
---------------------------------------------------------------------------------------
Cell pin lists are equivalent.
Device classes sky130_fd_sc_hd__nand2_1 and sky130_fd_sc_hd__nand2_1 are equivalent.

Cell sky130_fd_sc_hd__and2_1 (0) disconnected node: A
Cell sky130_fd_sc_hd__and2_1 (0) disconnected node: B
Cell sky130_fd_sc_hd__and2_1 (0) disconnected node: VGND
Cell sky130_fd_sc_hd__and2_1 (0) disconnected node: VNB
Cell sky130_fd_sc_hd__and2_1 (0) disconnected node: VPB
Cell sky130_fd_sc_hd__and2_1 (0) disconnected node: VPWR
Cell sky130_fd_sc_hd__and2_1 (0) disconnected node: X
Warning: Equate pins:  cell sky130_fd_sc_hd__and2_1 is a placeholder, treated as a black box.

Subcircuit pins:
Circuit 1: sky130_fd_sc_hd__and2_1         |Circuit 2: sky130_fd_sc_hd__and2_1         
-------------------------------------------|-------------------------------------------
A                                          |A                                          
B                                          |B                                          
VGND                                       |VGND                                       
VNB                                        |VNB                                        
VPB                                        |VPB                                        
VPWR                                       |VPWR                                       
X                                          |X                                          
---------------------------------------------------------------------------------------
Cell pin lists are equivalent.
Device classes sky130_fd_sc_hd__and2_1 and sky130_fd_sc_hd__and2_1 are equivalent.

Cell sky130_fd_sc_hd__dlygate4sd3_1 (0) disconnected node: A
Cell sky130_fd_sc_hd__dlygate4sd3_1 (0) disconnected node: VGND
Cell sky130_fd_sc_hd__dlygate4sd3_1 (0) disconnected node: VNB
Cell sky130_fd_sc_hd__dlygate4sd3_1 (0) disconnected node: VPB
Cell sky130_fd_sc_hd__dlygate4sd3_1 (0) disconnected node: VPWR
Cell sky130_fd_sc_hd__dlygate4sd3_1 (0) disconnected node: X
Warning: Equate pins:  cell sky130_fd_sc_hd__dlygate4sd3_1 is a placeholder, treated as a black box.

Subcircuit pins:
Circuit 1: sky130_fd_sc_hd__dlygate4sd3_1  |Circuit 2: sky130_fd_sc_hd__dlygate4sd3_1  
-------------------------------------------|-------------------------------------------
A                                          |A                                          
VGND                                       |VGND                                       
VNB                                        |VNB                                        
VPB                                        |VPB                                        
VPWR                                       |VPWR                                       
X                                          |X                                          
---------------------------------------------------------------------------------------
Cell pin lists are equivalent.
Device classes sky130_fd_sc_hd__dlygate4sd3_1 and sky130_fd_sc_hd__dlygate4sd3_1 are equivalent.

Cell sky130_fd_sc_hd__or3_1 (0) disconnected node: A
Cell sky130_fd_sc_hd__or3_1 (0) disconnected node: B
Cell sky130_fd_sc_hd__or3_1 (0) disconnected node: C
Cell sky130_fd_sc_hd__or3_1 (0) disconnected node: VGND
Cell sky130_fd_sc_hd__or3_1 (0) disconnected node: VNB
Cell sky130_fd_sc_hd__or3_1 (0) disconnected node: VPB
Cell sky130_fd_sc_hd__or3_1 (0) disconnected node: VPWR
Cell sky130_fd_sc_hd__or3_1 (0) disconnected node: X
Warning: Equate pins:  cell sky130_fd_sc_hd__or3_1 is a placeholder, treated as a black box.

Subcircuit pins:
Circuit 1: sky130_fd_sc_hd__or3_1          |Circuit 2: sky130_fd_sc_hd__or3_1          
-------------------------------------------|-------------------------------------------
A                                          |A                                          
B                                          |B                                          
C                                          |C                                          
VGND                                       |VGND                                       
VNB                                        |VNB                                        
VPB                                        |VPB                                        
VPWR                                       |VPWR                                       
X                                          |X                                          
---------------------------------------------------------------------------------------
Cell pin lists are equivalent.
Device classes sky130_fd_sc_hd__or3_1 and sky130_fd_sc_hd__or3_1 are equivalent.

Cell sky130_fd_sc_hd__a22o_4 (0) disconnected node: A1
Cell sky130_fd_sc_hd__a22o_4 (0) disconnected node: A2
Cell sky130_fd_sc_hd__a22o_4 (0) disconnected node: B1
Cell sky130_fd_sc_hd__a22o_4 (0) disconnected node: B2
Cell sky130_fd_sc_hd__a22o_4 (0) disconnected node: VGND
Cell sky130_fd_sc_hd__a22o_4 (0) disconnected node: VNB
Cell sky130_fd_sc_hd__a22o_4 (0) disconnected node: VPB
Cell sky130_fd_sc_hd__a22o_4 (0) disconnected node: VPWR
Cell sky130_fd_sc_hd__a22o_4 (0) disconnected node: X
Warning: Equate pins:  cell sky130_fd_sc_hd__a22o_4 is a placeholder, treated as a black box.

Subcircuit pins:
Circuit 1: sky130_fd_sc_hd__a22o_4         |Circuit 2: sky130_fd_sc_hd__a22o_4         
-------------------------------------------|-------------------------------------------
A1                                         |A1                                         
A2                                         |A2                                         
B1                                         |B1                                         
B2                                         |B2                                         
VGND                                       |VGND                                       
VNB                                        |VNB                                        
VPB                                        |VPB                                        
VPWR                                       |VPWR                                       
X                                          |X                                          
---------------------------------------------------------------------------------------
Cell pin lists are equivalent.
Device classes sky130_fd_sc_hd__a22o_4 and sky130_fd_sc_hd__a22o_4 are equivalent.

Cell sky130_fd_sc_hd__dfrtp_1 (0) disconnected node: CLK
Cell sky130_fd_sc_hd__dfrtp_1 (0) disconnected node: D
Cell sky130_fd_sc_hd__dfrtp_1 (0) disconnected node: RESET_B
Cell sky130_fd_sc_hd__dfrtp_1 (0) disconnected node: VGND
Cell sky130_fd_sc_hd__dfrtp_1 (0) disconnected node: VNB
Cell sky130_fd_sc_hd__dfrtp_1 (0) disconnected node: VPB
Cell sky130_fd_sc_hd__dfrtp_1 (0) disconnected node: VPWR
Cell sky130_fd_sc_hd__dfrtp_1 (0) disconnected node: Q
Warning: Equate pins:  cell sky130_fd_sc_hd__dfrtp_1 is a placeholder, treated as a black box.

Subcircuit pins:
Circuit 1: sky130_fd_sc_hd__dfrtp_1        |Circuit 2: sky130_fd_sc_hd__dfrtp_1        
-------------------------------------------|-------------------------------------------
CLK                                        |CLK                                        
D                                          |D                                          
RESET_B                                    |RESET_B                                    
VGND                                       |VGND                                       
VNB                                        |VNB                                        
VPB                                        |VPB                                        
VPWR                                       |VPWR                                       
Q                                          |Q                                          
---------------------------------------------------------------------------------------
Cell pin lists are equivalent.
Device classes sky130_fd_sc_hd__dfrtp_1 and sky130_fd_sc_hd__dfrtp_1 are equivalent.

Cell sky130_fd_sc_hd__or2b_1 (0) disconnected node: A
Cell sky130_fd_sc_hd__or2b_1 (0) disconnected node: B_N
Cell sky130_fd_sc_hd__or2b_1 (0) disconnected node: VGND
Cell sky130_fd_sc_hd__or2b_1 (0) disconnected node: VNB
Cell sky130_fd_sc_hd__or2b_1 (0) disconnected node: VPB
Cell sky130_fd_sc_hd__or2b_1 (0) disconnected node: VPWR
Cell sky130_fd_sc_hd__or2b_1 (0) disconnected node: X
Warning: Equate pins:  cell sky130_fd_sc_hd__or2b_1 is a placeholder, treated as a black box.

Subcircuit pins:
Circuit 1: sky130_fd_sc_hd__or2b_1         |Circuit 2: sky130_fd_sc_hd__or2b_1         
-------------------------------------------|-------------------------------------------
A                                          |A                                          
B_N                                        |B_N                                        
VGND                                       |VGND                                       
VNB                                        |VNB                                        
VPB                                        |VPB                                        
VPWR                                       |VPWR                                       
X                                          |X                                          
---------------------------------------------------------------------------------------
Cell pin lists are equivalent.
Device classes sky130_fd_sc_hd__or2b_1 and sky130_fd_sc_hd__or2b_1 are equivalent.

Cell sky130_fd_sc_hd__and3_1 (0) disconnected node: A
Cell sky130_fd_sc_hd__and3_1 (0) disconnected node: B
Cell sky130_fd_sc_hd__and3_1 (0) disconnected node: C
Cell sky130_fd_sc_hd__and3_1 (0) disconnected node: VGND
Cell sky130_fd_sc_hd__and3_1 (0) disconnected node: VNB
Cell sky130_fd_sc_hd__and3_1 (0) disconnected node: VPB
Cell sky130_fd_sc_hd__and3_1 (0) disconnected node: VPWR
Cell sky130_fd_sc_hd__and3_1 (0) disconnected node: X
Warning: Equate pins:  cell sky130_fd_sc_hd__and3_1 is a placeholder, treated as a black box.

Subcircuit pins:
Circuit 1: sky130_fd_sc_hd__and3_1         |Circuit 2: sky130_fd_sc_hd__and3_1         
-------------------------------------------|-------------------------------------------
A                                          |A                                          
B                                          |B                                          
C                                          |C                                          
VGND                                       |VGND                                       
VNB                                        |VNB                                        
VPB                                        |VPB                                        
VPWR                                       |VPWR                                       
X                                          |X                                          
---------------------------------------------------------------------------------------
Cell pin lists are equivalent.
Device classes sky130_fd_sc_hd__and3_1 and sky130_fd_sc_hd__and3_1 are equivalent.

Cell sky130_fd_sc_hd__o221a_1 (0) disconnected node: A1
Cell sky130_fd_sc_hd__o221a_1 (0) disconnected node: A2
Cell sky130_fd_sc_hd__o221a_1 (0) disconnected node: B1
Cell sky130_fd_sc_hd__o221a_1 (0) disconnected node: B2
Cell sky130_fd_sc_hd__o221a_1 (0) disconnected node: C1
Cell sky130_fd_sc_hd__o221a_1 (0) disconnected node: VGND
Cell sky130_fd_sc_hd__o221a_1 (0) disconnected node: VNB
Cell sky130_fd_sc_hd__o221a_1 (0) disconnected node: VPB
Cell sky130_fd_sc_hd__o221a_1 (0) disconnected node: VPWR
Cell sky130_fd_sc_hd__o221a_1 (0) disconnected node: X
Warning: Equate pins:  cell sky130_fd_sc_hd__o221a_1 is a placeholder, treated as a black box.

Subcircuit pins:
Circuit 1: sky130_fd_sc_hd__o221a_1        |Circuit 2: sky130_fd_sc_hd__o221a_1        
-------------------------------------------|-------------------------------------------
A1                                         |A1                                         
A2                                         |A2                                         
B1                                         |B1                                         
B2                                         |B2                                         
C1                                         |C1                                         
VGND                                       |VGND                                       
VNB                                        |VNB                                        
VPB                                        |VPB                                        
VPWR                                       |VPWR                                       
X                                          |X                                          
---------------------------------------------------------------------------------------
Cell pin lists are equivalent.
Device classes sky130_fd_sc_hd__o221a_1 and sky130_fd_sc_hd__o221a_1 are equivalent.

Cell sky130_fd_sc_hd__buf_2 (0) disconnected node: A
Cell sky130_fd_sc_hd__buf_2 (0) disconnected node: VGND
Cell sky130_fd_sc_hd__buf_2 (0) disconnected node: VNB
Cell sky130_fd_sc_hd__buf_2 (0) disconnected node: VPB
Cell sky130_fd_sc_hd__buf_2 (0) disconnected node: VPWR
Cell sky130_fd_sc_hd__buf_2 (0) disconnected node: X
Warning: Equate pins:  cell sky130_fd_sc_hd__buf_2 is a placeholder, treated as a black box.

Subcircuit pins:
Circuit 1: sky130_fd_sc_hd__buf_2          |Circuit 2: sky130_fd_sc_hd__buf_2          
-------------------------------------------|-------------------------------------------
A                                          |A                                          
VGND                                       |VGND                                       
VNB                                        |VNB                                        
VPB                                        |VPB                                        
VPWR                                       |VPWR                                       
X                                          |X                                          
---------------------------------------------------------------------------------------
Cell pin lists are equivalent.
Device classes sky130_fd_sc_hd__buf_2 and sky130_fd_sc_hd__buf_2 are equivalent.

Cell sky130_fd_sc_hd__buf_12 (0) disconnected node: A
Cell sky130_fd_sc_hd__buf_12 (0) disconnected node: VGND
Cell sky130_fd_sc_hd__buf_12 (0) disconnected node: VNB
Cell sky130_fd_sc_hd__buf_12 (0) disconnected node: VPB
Cell sky130_fd_sc_hd__buf_12 (0) disconnected node: VPWR
Cell sky130_fd_sc_hd__buf_12 (0) disconnected node: X
Warning: Equate pins:  cell sky130_fd_sc_hd__buf_12 is a placeholder, treated as a black box.

Subcircuit pins:
Circuit 1: sky130_fd_sc_hd__buf_12         |Circuit 2: sky130_fd_sc_hd__buf_12         
-------------------------------------------|-------------------------------------------
A                                          |A                                          
VGND                                       |VGND                                       
VNB                                        |VNB                                        
VPB                                        |VPB                                        
VPWR                                       |VPWR                                       
X                                          |X                                          
---------------------------------------------------------------------------------------
Cell pin lists are equivalent.
Device classes sky130_fd_sc_hd__buf_12 and sky130_fd_sc_hd__buf_12 are equivalent.

Cell sky130_fd_sc_hd__clkbuf_8 (0) disconnected node: A
Cell sky130_fd_sc_hd__clkbuf_8 (0) disconnected node: VGND
Cell sky130_fd_sc_hd__clkbuf_8 (0) disconnected node: VNB
Cell sky130_fd_sc_hd__clkbuf_8 (0) disconnected node: VPB
Cell sky130_fd_sc_hd__clkbuf_8 (0) disconnected node: VPWR
Cell sky130_fd_sc_hd__clkbuf_8 (0) disconnected node: X
Warning: Equate pins:  cell sky130_fd_sc_hd__clkbuf_8 is a placeholder, treated as a black box.

Subcircuit pins:
Circuit 1: sky130_fd_sc_hd__clkbuf_8       |Circuit 2: sky130_fd_sc_hd__clkbuf_8       
-------------------------------------------|-------------------------------------------
A                                          |A                                          
VGND                                       |VGND                                       
VNB                                        |VNB                                        
VPB                                        |VPB                                        
VPWR                                       |VPWR                                       
X                                          |X                                          
---------------------------------------------------------------------------------------
Cell pin lists are equivalent.
Device classes sky130_fd_sc_hd__clkbuf_8 and sky130_fd_sc_hd__clkbuf_8 are equivalent.

Cell sky130_fd_sc_hd__a22o_1 (0) disconnected node: A1
Cell sky130_fd_sc_hd__a22o_1 (0) disconnected node: A2
Cell sky130_fd_sc_hd__a22o_1 (0) disconnected node: B1
Cell sky130_fd_sc_hd__a22o_1 (0) disconnected node: B2
Cell sky130_fd_sc_hd__a22o_1 (0) disconnected node: VGND
Cell sky130_fd_sc_hd__a22o_1 (0) disconnected node: VNB
Cell sky130_fd_sc_hd__a22o_1 (0) disconnected node: VPB
Cell sky130_fd_sc_hd__a22o_1 (0) disconnected node: VPWR
Cell sky130_fd_sc_hd__a22o_1 (0) disconnected node: X
Warning: Equate pins:  cell sky130_fd_sc_hd__a22o_1 is a placeholder, treated as a black box.

Subcircuit pins:
Circuit 1: sky130_fd_sc_hd__a22o_1         |Circuit 2: sky130_fd_sc_hd__a22o_1         
-------------------------------------------|-------------------------------------------
A1                                         |A1                                         
A2                                         |A2                                         
B1                                         |B1                                         
B2                                         |B2                                         
VGND                                       |VGND                                       
VNB                                        |VNB                                        
VPB                                        |VPB                                        
VPWR                                       |VPWR                                       
X                                          |X                                          
---------------------------------------------------------------------------------------
Cell pin lists are equivalent.
Device classes sky130_fd_sc_hd__a22o_1 and sky130_fd_sc_hd__a22o_1 are equivalent.

Cell sky130_fd_sc_hd__xor2_1 (0) disconnected node: A
Cell sky130_fd_sc_hd__xor2_1 (0) disconnected node: B
Cell sky130_fd_sc_hd__xor2_1 (0) disconnected node: VGND
Cell sky130_fd_sc_hd__xor2_1 (0) disconnected node: VNB
Cell sky130_fd_sc_hd__xor2_1 (0) disconnected node: VPB
Cell sky130_fd_sc_hd__xor2_1 (0) disconnected node: VPWR
Cell sky130_fd_sc_hd__xor2_1 (0) disconnected node: X
Warning: Equate pins:  cell sky130_fd_sc_hd__xor2_1 is a placeholder, treated as a black box.

Subcircuit pins:
Circuit 1: sky130_fd_sc_hd__xor2_1         |Circuit 2: sky130_fd_sc_hd__xor2_1         
-------------------------------------------|-------------------------------------------
A                                          |A                                          
B                                          |B                                          
VGND                                       |VGND                                       
VNB                                        |VNB                                        
VPB                                        |VPB                                        
VPWR                                       |VPWR                                       
X                                          |X                                          
---------------------------------------------------------------------------------------
Cell pin lists are equivalent.
Device classes sky130_fd_sc_hd__xor2_1 and sky130_fd_sc_hd__xor2_1 are equivalent.

Cell sky130_fd_sc_hd__buf_6 (0) disconnected node: A
Cell sky130_fd_sc_hd__buf_6 (0) disconnected node: VGND
Cell sky130_fd_sc_hd__buf_6 (0) disconnected node: VNB
Cell sky130_fd_sc_hd__buf_6 (0) disconnected node: VPB
Cell sky130_fd_sc_hd__buf_6 (0) disconnected node: VPWR
Cell sky130_fd_sc_hd__buf_6 (0) disconnected node: X
Warning: Equate pins:  cell sky130_fd_sc_hd__buf_6 is a placeholder, treated as a black box.

Subcircuit pins:
Circuit 1: sky130_fd_sc_hd__buf_6          |Circuit 2: sky130_fd_sc_hd__buf_6          
-------------------------------------------|-------------------------------------------
A                                          |A                                          
VGND                                       |VGND                                       
VNB                                        |VNB                                        
VPB                                        |VPB                                        
VPWR                                       |VPWR                                       
X                                          |X                                          
---------------------------------------------------------------------------------------
Cell pin lists are equivalent.
Device classes sky130_fd_sc_hd__buf_6 and sky130_fd_sc_hd__buf_6 are equivalent.

Cell sky130_fd_sc_hd__nand2b_2 (0) disconnected node: A_N
Cell sky130_fd_sc_hd__nand2b_2 (0) disconnected node: B
Cell sky130_fd_sc_hd__nand2b_2 (0) disconnected node: VGND
Cell sky130_fd_sc_hd__nand2b_2 (0) disconnected node: VNB
Cell sky130_fd_sc_hd__nand2b_2 (0) disconnected node: VPB
Cell sky130_fd_sc_hd__nand2b_2 (0) disconnected node: VPWR
Cell sky130_fd_sc_hd__nand2b_2 (0) disconnected node: Y
Warning: Equate pins:  cell sky130_fd_sc_hd__nand2b_2 is a placeholder, treated as a black box.

Subcircuit pins:
Circuit 1: sky130_fd_sc_hd__nand2b_2       |Circuit 2: sky130_fd_sc_hd__nand2b_2       
-------------------------------------------|-------------------------------------------
A_N                                        |A_N                                        
B                                          |B                                          
VGND                                       |VGND                                       
VNB                                        |VNB                                        
VPB                                        |VPB                                        
VPWR                                       |VPWR                                       
Y                                          |Y                                          
---------------------------------------------------------------------------------------
Cell pin lists are equivalent.
Device classes sky130_fd_sc_hd__nand2b_2 and sky130_fd_sc_hd__nand2b_2 are equivalent.

Cell sky130_fd_sc_hd__o22a_1 (0) disconnected node: A1
Cell sky130_fd_sc_hd__o22a_1 (0) disconnected node: A2
Cell sky130_fd_sc_hd__o22a_1 (0) disconnected node: B1
Cell sky130_fd_sc_hd__o22a_1 (0) disconnected node: B2
Cell sky130_fd_sc_hd__o22a_1 (0) disconnected node: VGND
Cell sky130_fd_sc_hd__o22a_1 (0) disconnected node: VNB
Cell sky130_fd_sc_hd__o22a_1 (0) disconnected node: VPB
Cell sky130_fd_sc_hd__o22a_1 (0) disconnected node: VPWR
Cell sky130_fd_sc_hd__o22a_1 (0) disconnected node: X
Warning: Equate pins:  cell sky130_fd_sc_hd__o22a_1 is a placeholder, treated as a black box.

Subcircuit pins:
Circuit 1: sky130_fd_sc_hd__o22a_1         |Circuit 2: sky130_fd_sc_hd__o22a_1         
-------------------------------------------|-------------------------------------------
A1                                         |A1                                         
A2                                         |A2                                         
B1                                         |B1                                         
B2                                         |B2                                         
VGND                                       |VGND                                       
VNB                                        |VNB                                        
VPB                                        |VPB                                        
VPWR                                       |VPWR                                       
X                                          |X                                          
---------------------------------------------------------------------------------------
Cell pin lists are equivalent.
Device classes sky130_fd_sc_hd__o22a_1 and sky130_fd_sc_hd__o22a_1 are equivalent.

Cell sky130_fd_sc_hd__buf_4 (0) disconnected node: A
Cell sky130_fd_sc_hd__buf_4 (0) disconnected node: VGND
Cell sky130_fd_sc_hd__buf_4 (0) disconnected node: VNB
Cell sky130_fd_sc_hd__buf_4 (0) disconnected node: VPB
Cell sky130_fd_sc_hd__buf_4 (0) disconnected node: VPWR
Cell sky130_fd_sc_hd__buf_4 (0) disconnected node: X
Warning: Equate pins:  cell sky130_fd_sc_hd__buf_4 is a placeholder, treated as a black box.

Subcircuit pins:
Circuit 1: sky130_fd_sc_hd__buf_4          |Circuit 2: sky130_fd_sc_hd__buf_4          
-------------------------------------------|-------------------------------------------
A                                          |A                                          
VGND                                       |VGND                                       
VNB                                        |VNB                                        
VPB                                        |VPB                                        
VPWR                                       |VPWR                                       
X                                          |X                                          
---------------------------------------------------------------------------------------
Cell pin lists are equivalent.
Device classes sky130_fd_sc_hd__buf_4 and sky130_fd_sc_hd__buf_4 are equivalent.

Cell sky130_fd_sc_hd__a41o_1 (0) disconnected node: A1
Cell sky130_fd_sc_hd__a41o_1 (0) disconnected node: A2
Cell sky130_fd_sc_hd__a41o_1 (0) disconnected node: A3
Cell sky130_fd_sc_hd__a41o_1 (0) disconnected node: A4
Cell sky130_fd_sc_hd__a41o_1 (0) disconnected node: B1
Cell sky130_fd_sc_hd__a41o_1 (0) disconnected node: VGND
Cell sky130_fd_sc_hd__a41o_1 (0) disconnected node: VNB
Cell sky130_fd_sc_hd__a41o_1 (0) disconnected node: VPB
Cell sky130_fd_sc_hd__a41o_1 (0) disconnected node: VPWR
Cell sky130_fd_sc_hd__a41o_1 (0) disconnected node: X
Warning: Equate pins:  cell sky130_fd_sc_hd__a41o_1 is a placeholder, treated as a black box.

Subcircuit pins:
Circuit 1: sky130_fd_sc_hd__a41o_1         |Circuit 2: sky130_fd_sc_hd__a41o_1         
-------------------------------------------|-------------------------------------------
A1                                         |A1                                         
A2                                         |A2                                         
A3                                         |A3                                         
A4                                         |A4                                         
B1                                         |B1                                         
VGND                                       |VGND                                       
VNB                                        |VNB                                        
VPB                                        |VPB                                        
VPWR                                       |VPWR                                       
X                                          |X                                          
---------------------------------------------------------------------------------------
Cell pin lists are equivalent.
Device classes sky130_fd_sc_hd__a41o_1 and sky130_fd_sc_hd__a41o_1 are equivalent.

Cell sky130_fd_sc_hd__o21a_2 (0) disconnected node: A1
Cell sky130_fd_sc_hd__o21a_2 (0) disconnected node: A2
Cell sky130_fd_sc_hd__o21a_2 (0) disconnected node: B1
Cell sky130_fd_sc_hd__o21a_2 (0) disconnected node: VGND
Cell sky130_fd_sc_hd__o21a_2 (0) disconnected node: VNB
Cell sky130_fd_sc_hd__o21a_2 (0) disconnected node: VPB
Cell sky130_fd_sc_hd__o21a_2 (0) disconnected node: VPWR
Cell sky130_fd_sc_hd__o21a_2 (0) disconnected node: X
Warning: Equate pins:  cell sky130_fd_sc_hd__o21a_2 is a placeholder, treated as a black box.

Subcircuit pins:
Circuit 1: sky130_fd_sc_hd__o21a_2         |Circuit 2: sky130_fd_sc_hd__o21a_2         
-------------------------------------------|-------------------------------------------
A1                                         |A1                                         
A2                                         |A2                                         
B1                                         |B1                                         
VGND                                       |VGND                                       
VNB                                        |VNB                                        
VPB                                        |VPB                                        
VPWR                                       |VPWR                                       
X                                          |X                                          
---------------------------------------------------------------------------------------
Cell pin lists are equivalent.
Device classes sky130_fd_sc_hd__o21a_2 and sky130_fd_sc_hd__o21a_2 are equivalent.

Cell sky130_fd_sc_hd__and2b_1 (0) disconnected node: A_N
Cell sky130_fd_sc_hd__and2b_1 (0) disconnected node: B
Cell sky130_fd_sc_hd__and2b_1 (0) disconnected node: VGND
Cell sky130_fd_sc_hd__and2b_1 (0) disconnected node: VNB
Cell sky130_fd_sc_hd__and2b_1 (0) disconnected node: VPB
Cell sky130_fd_sc_hd__and2b_1 (0) disconnected node: VPWR
Cell sky130_fd_sc_hd__and2b_1 (0) disconnected node: X
Warning: Equate pins:  cell sky130_fd_sc_hd__and2b_1 is a placeholder, treated as a black box.

Subcircuit pins:
Circuit 1: sky130_fd_sc_hd__and2b_1        |Circuit 2: sky130_fd_sc_hd__and2b_1        
-------------------------------------------|-------------------------------------------
A_N                                        |A_N                                        
B                                          |B                                          
VGND                                       |VGND                                       
VNB                                        |VNB                                        
VPB                                        |VPB                                        
VPWR                                       |VPWR                                       
X                                          |X                                          
---------------------------------------------------------------------------------------
Cell pin lists are equivalent.
Device classes sky130_fd_sc_hd__and2b_1 and sky130_fd_sc_hd__and2b_1 are equivalent.

Cell sky130_fd_sc_hd__mux4_1 (0) disconnected node: A0
Cell sky130_fd_sc_hd__mux4_1 (0) disconnected node: A1
Cell sky130_fd_sc_hd__mux4_1 (0) disconnected node: A2
Cell sky130_fd_sc_hd__mux4_1 (0) disconnected node: A3
Cell sky130_fd_sc_hd__mux4_1 (0) disconnected node: S0
Cell sky130_fd_sc_hd__mux4_1 (0) disconnected node: S1
Cell sky130_fd_sc_hd__mux4_1 (0) disconnected node: VGND
Cell sky130_fd_sc_hd__mux4_1 (0) disconnected node: VNB
Cell sky130_fd_sc_hd__mux4_1 (0) disconnected node: VPB
Cell sky130_fd_sc_hd__mux4_1 (0) disconnected node: VPWR
Cell sky130_fd_sc_hd__mux4_1 (0) disconnected node: X
Warning: Equate pins:  cell sky130_fd_sc_hd__mux4_1 is a placeholder, treated as a black box.

Subcircuit pins:
Circuit 1: sky130_fd_sc_hd__mux4_1         |Circuit 2: sky130_fd_sc_hd__mux4_1         
-------------------------------------------|-------------------------------------------
A0                                         |A0                                         
A1                                         |A1                                         
A2                                         |A2                                         
A3                                         |A3                                         
S0                                         |S0                                         
S1                                         |S1                                         
VGND                                       |VGND                                       
VNB                                        |VNB                                        
VPB                                        |VPB                                        
VPWR                                       |VPWR                                       
X                                          |X                                          
---------------------------------------------------------------------------------------
Cell pin lists are equivalent.
Device classes sky130_fd_sc_hd__mux4_1 and sky130_fd_sc_hd__mux4_1 are equivalent.

Cell sky130_fd_sc_hd__a311o_1 (0) disconnected node: A1
Cell sky130_fd_sc_hd__a311o_1 (0) disconnected node: A2
Cell sky130_fd_sc_hd__a311o_1 (0) disconnected node: A3
Cell sky130_fd_sc_hd__a311o_1 (0) disconnected node: B1
Cell sky130_fd_sc_hd__a311o_1 (0) disconnected node: C1
Cell sky130_fd_sc_hd__a311o_1 (0) disconnected node: VGND
Cell sky130_fd_sc_hd__a311o_1 (0) disconnected node: VNB
Cell sky130_fd_sc_hd__a311o_1 (0) disconnected node: VPB
Cell sky130_fd_sc_hd__a311o_1 (0) disconnected node: VPWR
Cell sky130_fd_sc_hd__a311o_1 (0) disconnected node: X
Warning: Equate pins:  cell sky130_fd_sc_hd__a311o_1 is a placeholder, treated as a black box.

Subcircuit pins:
Circuit 1: sky130_fd_sc_hd__a311o_1        |Circuit 2: sky130_fd_sc_hd__a311o_1        
-------------------------------------------|-------------------------------------------
A1                                         |A1                                         
A2                                         |A2                                         
A3                                         |A3                                         
B1                                         |B1                                         
C1                                         |C1                                         
VGND                                       |VGND                                       
VNB                                        |VNB                                        
VPB                                        |VPB                                        
VPWR                                       |VPWR                                       
X                                          |X                                          
---------------------------------------------------------------------------------------
Cell pin lists are equivalent.
Device classes sky130_fd_sc_hd__a311o_1 and sky130_fd_sc_hd__a311o_1 are equivalent.

Cell sky130_fd_sc_hd__or4_1 (0) disconnected node: A
Cell sky130_fd_sc_hd__or4_1 (0) disconnected node: B
Cell sky130_fd_sc_hd__or4_1 (0) disconnected node: C
Cell sky130_fd_sc_hd__or4_1 (0) disconnected node: D
Cell sky130_fd_sc_hd__or4_1 (0) disconnected node: VGND
Cell sky130_fd_sc_hd__or4_1 (0) disconnected node: VNB
Cell sky130_fd_sc_hd__or4_1 (0) disconnected node: VPB
Cell sky130_fd_sc_hd__or4_1 (0) disconnected node: VPWR
Cell sky130_fd_sc_hd__or4_1 (0) disconnected node: X
Warning: Equate pins:  cell sky130_fd_sc_hd__or4_1 is a placeholder, treated as a black box.

Subcircuit pins:
Circuit 1: sky130_fd_sc_hd__or4_1          |Circuit 2: sky130_fd_sc_hd__or4_1          
-------------------------------------------|-------------------------------------------
A                                          |A                                          
B                                          |B                                          
C                                          |C                                          
D                                          |D                                          
VGND                                       |VGND                                       
VNB                                        |VNB                                        
VPB                                        |VPB                                        
VPWR                                       |VPWR                                       
X                                          |X                                          
---------------------------------------------------------------------------------------
Cell pin lists are equivalent.
Device classes sky130_fd_sc_hd__or4_1 and sky130_fd_sc_hd__or4_1 are equivalent.

Cell sky130_fd_sc_hd__o21a_1 (0) disconnected node: A1
Cell sky130_fd_sc_hd__o21a_1 (0) disconnected node: A2
Cell sky130_fd_sc_hd__o21a_1 (0) disconnected node: B1
Cell sky130_fd_sc_hd__o21a_1 (0) disconnected node: VGND
Cell sky130_fd_sc_hd__o21a_1 (0) disconnected node: VNB
Cell sky130_fd_sc_hd__o21a_1 (0) disconnected node: VPB
Cell sky130_fd_sc_hd__o21a_1 (0) disconnected node: VPWR
Cell sky130_fd_sc_hd__o21a_1 (0) disconnected node: X
Warning: Equate pins:  cell sky130_fd_sc_hd__o21a_1 is a placeholder, treated as a black box.

Subcircuit pins:
Circuit 1: sky130_fd_sc_hd__o21a_1         |Circuit 2: sky130_fd_sc_hd__o21a_1         
-------------------------------------------|-------------------------------------------
A1                                         |A1                                         
A2                                         |A2                                         
B1                                         |B1                                         
VGND                                       |VGND                                       
VNB                                        |VNB                                        
VPB                                        |VPB                                        
VPWR                                       |VPWR                                       
X                                          |X                                          
---------------------------------------------------------------------------------------
Cell pin lists are equivalent.
Device classes sky130_fd_sc_hd__o21a_1 and sky130_fd_sc_hd__o21a_1 are equivalent.

Cell sky130_fd_sc_hd__a211o_1 (0) disconnected node: A1
Cell sky130_fd_sc_hd__a211o_1 (0) disconnected node: A2
Cell sky130_fd_sc_hd__a211o_1 (0) disconnected node: B1
Cell sky130_fd_sc_hd__a211o_1 (0) disconnected node: C1
Cell sky130_fd_sc_hd__a211o_1 (0) disconnected node: VGND
Cell sky130_fd_sc_hd__a211o_1 (0) disconnected node: VNB
Cell sky130_fd_sc_hd__a211o_1 (0) disconnected node: VPB
Cell sky130_fd_sc_hd__a211o_1 (0) disconnected node: VPWR
Cell sky130_fd_sc_hd__a211o_1 (0) disconnected node: X
Warning: Equate pins:  cell sky130_fd_sc_hd__a211o_1 is a placeholder, treated as a black box.

Subcircuit pins:
Circuit 1: sky130_fd_sc_hd__a211o_1        |Circuit 2: sky130_fd_sc_hd__a211o_1        
-------------------------------------------|-------------------------------------------
A1                                         |A1                                         
A2                                         |A2                                         
B1                                         |B1                                         
C1                                         |C1                                         
VGND                                       |VGND                                       
VNB                                        |VNB                                        
VPB                                        |VPB                                        
VPWR                                       |VPWR                                       
X                                          |X                                          
---------------------------------------------------------------------------------------
Cell pin lists are equivalent.
Device classes sky130_fd_sc_hd__a211o_1 and sky130_fd_sc_hd__a211o_1 are equivalent.

Cell sky130_fd_sc_hd__o32a_1 (0) disconnected node: A1
Cell sky130_fd_sc_hd__o32a_1 (0) disconnected node: A2
Cell sky130_fd_sc_hd__o32a_1 (0) disconnected node: A3
Cell sky130_fd_sc_hd__o32a_1 (0) disconnected node: B1
Cell sky130_fd_sc_hd__o32a_1 (0) disconnected node: B2
Cell sky130_fd_sc_hd__o32a_1 (0) disconnected node: VGND
Cell sky130_fd_sc_hd__o32a_1 (0) disconnected node: VNB
Cell sky130_fd_sc_hd__o32a_1 (0) disconnected node: VPB
Cell sky130_fd_sc_hd__o32a_1 (0) disconnected node: VPWR
Cell sky130_fd_sc_hd__o32a_1 (0) disconnected node: X
Warning: Equate pins:  cell sky130_fd_sc_hd__o32a_1 is a placeholder, treated as a black box.

Subcircuit pins:
Circuit 1: sky130_fd_sc_hd__o32a_1         |Circuit 2: sky130_fd_sc_hd__o32a_1         
-------------------------------------------|-------------------------------------------
A1                                         |A1                                         
A2                                         |A2                                         
A3                                         |A3                                         
B1                                         |B1                                         
B2                                         |B2                                         
VGND                                       |VGND                                       
VNB                                        |VNB                                        
VPB                                        |VPB                                        
VPWR                                       |VPWR                                       
X                                          |X                                          
---------------------------------------------------------------------------------------
Cell pin lists are equivalent.
Device classes sky130_fd_sc_hd__o32a_1 and sky130_fd_sc_hd__o32a_1 are equivalent.

Cell sky130_fd_sc_hd__and2_4 (0) disconnected node: A
Cell sky130_fd_sc_hd__and2_4 (0) disconnected node: B
Cell sky130_fd_sc_hd__and2_4 (0) disconnected node: VGND
Cell sky130_fd_sc_hd__and2_4 (0) disconnected node: VNB
Cell sky130_fd_sc_hd__and2_4 (0) disconnected node: VPB
Cell sky130_fd_sc_hd__and2_4 (0) disconnected node: VPWR
Cell sky130_fd_sc_hd__and2_4 (0) disconnected node: X
Warning: Equate pins:  cell sky130_fd_sc_hd__and2_4 is a placeholder, treated as a black box.

Subcircuit pins:
Circuit 1: sky130_fd_sc_hd__and2_4         |Circuit 2: sky130_fd_sc_hd__and2_4         
-------------------------------------------|-------------------------------------------
A                                          |A                                          
B                                          |B                                          
VGND                                       |VGND                                       
VNB                                        |VNB                                        
VPB                                        |VPB                                        
VPWR                                       |VPWR                                       
X                                          |X                                          
---------------------------------------------------------------------------------------
Cell pin lists are equivalent.
Device classes sky130_fd_sc_hd__and2_4 and sky130_fd_sc_hd__and2_4 are equivalent.

Cell sky130_fd_sc_hd__a221o_2 (0) disconnected node: A1
Cell sky130_fd_sc_hd__a221o_2 (0) disconnected node: A2
Cell sky130_fd_sc_hd__a221o_2 (0) disconnected node: B1
Cell sky130_fd_sc_hd__a221o_2 (0) disconnected node: B2
Cell sky130_fd_sc_hd__a221o_2 (0) disconnected node: C1
Cell sky130_fd_sc_hd__a221o_2 (0) disconnected node: VGND
Cell sky130_fd_sc_hd__a221o_2 (0) disconnected node: VNB
Cell sky130_fd_sc_hd__a221o_2 (0) disconnected node: VPB
Cell sky130_fd_sc_hd__a221o_2 (0) disconnected node: VPWR
Cell sky130_fd_sc_hd__a221o_2 (0) disconnected node: X
Warning: Equate pins:  cell sky130_fd_sc_hd__a221o_2 is a placeholder, treated as a black box.

Subcircuit pins:
Circuit 1: sky130_fd_sc_hd__a221o_2        |Circuit 2: sky130_fd_sc_hd__a221o_2        
-------------------------------------------|-------------------------------------------
A1                                         |A1                                         
A2                                         |A2                                         
B1                                         |B1                                         
B2                                         |B2                                         
C1                                         |C1                                         
VGND                                       |VGND                                       
VNB                                        |VNB                                        
VPB                                        |VPB                                        
VPWR                                       |VPWR                                       
X                                          |X                                          
---------------------------------------------------------------------------------------
Cell pin lists are equivalent.
Device classes sky130_fd_sc_hd__a221o_2 and sky130_fd_sc_hd__a221o_2 are equivalent.

Cell sky130_fd_sc_hd__nor3_1 (0) disconnected node: A
Cell sky130_fd_sc_hd__nor3_1 (0) disconnected node: B
Cell sky130_fd_sc_hd__nor3_1 (0) disconnected node: C
Cell sky130_fd_sc_hd__nor3_1 (0) disconnected node: VGND
Cell sky130_fd_sc_hd__nor3_1 (0) disconnected node: VNB
Cell sky130_fd_sc_hd__nor3_1 (0) disconnected node: VPB
Cell sky130_fd_sc_hd__nor3_1 (0) disconnected node: VPWR
Cell sky130_fd_sc_hd__nor3_1 (0) disconnected node: Y
Warning: Equate pins:  cell sky130_fd_sc_hd__nor3_1 is a placeholder, treated as a black box.

Subcircuit pins:
Circuit 1: sky130_fd_sc_hd__nor3_1         |Circuit 2: sky130_fd_sc_hd__nor3_1         
-------------------------------------------|-------------------------------------------
A                                          |A                                          
B                                          |B                                          
C                                          |C                                          
VGND                                       |VGND                                       
VNB                                        |VNB                                        
VPB                                        |VPB                                        
VPWR                                       |VPWR                                       
Y                                          |Y                                          
---------------------------------------------------------------------------------------
Cell pin lists are equivalent.
Device classes sky130_fd_sc_hd__nor3_1 and sky130_fd_sc_hd__nor3_1 are equivalent.

Cell sky130_fd_sc_hd__a31o_1 (0) disconnected node: A1
Cell sky130_fd_sc_hd__a31o_1 (0) disconnected node: A2
Cell sky130_fd_sc_hd__a31o_1 (0) disconnected node: A3
Cell sky130_fd_sc_hd__a31o_1 (0) disconnected node: B1
Cell sky130_fd_sc_hd__a31o_1 (0) disconnected node: VGND
Cell sky130_fd_sc_hd__a31o_1 (0) disconnected node: VNB
Cell sky130_fd_sc_hd__a31o_1 (0) disconnected node: VPB
Cell sky130_fd_sc_hd__a31o_1 (0) disconnected node: VPWR
Cell sky130_fd_sc_hd__a31o_1 (0) disconnected node: X
Warning: Equate pins:  cell sky130_fd_sc_hd__a31o_1 is a placeholder, treated as a black box.

Subcircuit pins:
Circuit 1: sky130_fd_sc_hd__a31o_1         |Circuit 2: sky130_fd_sc_hd__a31o_1         
-------------------------------------------|-------------------------------------------
A1                                         |A1                                         
A2                                         |A2                                         
A3                                         |A3                                         
B1                                         |B1                                         
VGND                                       |VGND                                       
VNB                                        |VNB                                        
VPB                                        |VPB                                        
VPWR                                       |VPWR                                       
X                                          |X                                          
---------------------------------------------------------------------------------------
Cell pin lists are equivalent.
Device classes sky130_fd_sc_hd__a31o_1 and sky130_fd_sc_hd__a31o_1 are equivalent.

Cell sky130_fd_sc_hd__buf_8 (0) disconnected node: A
Cell sky130_fd_sc_hd__buf_8 (0) disconnected node: VGND
Cell sky130_fd_sc_hd__buf_8 (0) disconnected node: VNB
Cell sky130_fd_sc_hd__buf_8 (0) disconnected node: VPB
Cell sky130_fd_sc_hd__buf_8 (0) disconnected node: VPWR
Cell sky130_fd_sc_hd__buf_8 (0) disconnected node: X
Warning: Equate pins:  cell sky130_fd_sc_hd__buf_8 is a placeholder, treated as a black box.

Subcircuit pins:
Circuit 1: sky130_fd_sc_hd__buf_8          |Circuit 2: sky130_fd_sc_hd__buf_8          
-------------------------------------------|-------------------------------------------
A                                          |A                                          
VGND                                       |VGND                                       
VNB                                        |VNB                                        
VPB                                        |VPB                                        
VPWR                                       |VPWR                                       
X                                          |X                                          
---------------------------------------------------------------------------------------
Cell pin lists are equivalent.
Device classes sky130_fd_sc_hd__buf_8 and sky130_fd_sc_hd__buf_8 are equivalent.

Cell sky130_fd_sc_hd__nand3_1 (0) disconnected node: A
Cell sky130_fd_sc_hd__nand3_1 (0) disconnected node: B
Cell sky130_fd_sc_hd__nand3_1 (0) disconnected node: C
Cell sky130_fd_sc_hd__nand3_1 (0) disconnected node: VGND
Cell sky130_fd_sc_hd__nand3_1 (0) disconnected node: VNB
Cell sky130_fd_sc_hd__nand3_1 (0) disconnected node: VPB
Cell sky130_fd_sc_hd__nand3_1 (0) disconnected node: VPWR
Cell sky130_fd_sc_hd__nand3_1 (0) disconnected node: Y
Warning: Equate pins:  cell sky130_fd_sc_hd__nand3_1 is a placeholder, treated as a black box.

Subcircuit pins:
Circuit 1: sky130_fd_sc_hd__nand3_1        |Circuit 2: sky130_fd_sc_hd__nand3_1        
-------------------------------------------|-------------------------------------------
A                                          |A                                          
B                                          |B                                          
C                                          |C                                          
VGND                                       |VGND                                       
VNB                                        |VNB                                        
VPB                                        |VPB                                        
VPWR                                       |VPWR                                       
Y                                          |Y                                          
---------------------------------------------------------------------------------------
Cell pin lists are equivalent.
Device classes sky130_fd_sc_hd__nand3_1 and sky130_fd_sc_hd__nand3_1 are equivalent.

Cell sky130_fd_sc_hd__dlymetal6s2s_1 (0) disconnected node: A
Cell sky130_fd_sc_hd__dlymetal6s2s_1 (0) disconnected node: VGND
Cell sky130_fd_sc_hd__dlymetal6s2s_1 (0) disconnected node: VNB
Cell sky130_fd_sc_hd__dlymetal6s2s_1 (0) disconnected node: VPB
Cell sky130_fd_sc_hd__dlymetal6s2s_1 (0) disconnected node: VPWR
Cell sky130_fd_sc_hd__dlymetal6s2s_1 (0) disconnected node: X
Warning: Equate pins:  cell sky130_fd_sc_hd__dlymetal6s2s_1 is a placeholder, treated as a black box.

Subcircuit pins:
Circuit 1: sky130_fd_sc_hd__dlymetal6s2s_1 |Circuit 2: sky130_fd_sc_hd__dlymetal6s2s_1 
-------------------------------------------|-------------------------------------------
A                                          |A                                          
VGND                                       |VGND                                       
VNB                                        |VNB                                        
VPB                                        |VPB                                        
VPWR                                       |VPWR                                       
X                                          |X                                          
---------------------------------------------------------------------------------------
Cell pin lists are equivalent.
Device classes sky130_fd_sc_hd__dlymetal6s2s_1 and sky130_fd_sc_hd__dlymetal6s2s_1 are equivalent.

Cell sky130_fd_sc_hd__a221o_1 (0) disconnected node: A1
Cell sky130_fd_sc_hd__a221o_1 (0) disconnected node: A2
Cell sky130_fd_sc_hd__a221o_1 (0) disconnected node: B1
Cell sky130_fd_sc_hd__a221o_1 (0) disconnected node: B2
Cell sky130_fd_sc_hd__a221o_1 (0) disconnected node: C1
Cell sky130_fd_sc_hd__a221o_1 (0) disconnected node: VGND
Cell sky130_fd_sc_hd__a221o_1 (0) disconnected node: VNB
Cell sky130_fd_sc_hd__a221o_1 (0) disconnected node: VPB
Cell sky130_fd_sc_hd__a221o_1 (0) disconnected node: VPWR
Cell sky130_fd_sc_hd__a221o_1 (0) disconnected node: X
Warning: Equate pins:  cell sky130_fd_sc_hd__a221o_1 is a placeholder, treated as a black box.

Subcircuit pins:
Circuit 1: sky130_fd_sc_hd__a221o_1        |Circuit 2: sky130_fd_sc_hd__a221o_1        
-------------------------------------------|-------------------------------------------
A1                                         |A1                                         
A2                                         |A2                                         
B1                                         |B1                                         
B2                                         |B2                                         
C1                                         |C1                                         
VGND                                       |VGND                                       
VNB                                        |VNB                                        
VPB                                        |VPB                                        
VPWR                                       |VPWR                                       
X                                          |X                                          
---------------------------------------------------------------------------------------
Cell pin lists are equivalent.
Device classes sky130_fd_sc_hd__a221o_1 and sky130_fd_sc_hd__a221o_1 are equivalent.

Cell sky130_fd_sc_hd__xor2_2 (0) disconnected node: A
Cell sky130_fd_sc_hd__xor2_2 (0) disconnected node: B
Cell sky130_fd_sc_hd__xor2_2 (0) disconnected node: VGND
Cell sky130_fd_sc_hd__xor2_2 (0) disconnected node: VNB
Cell sky130_fd_sc_hd__xor2_2 (0) disconnected node: VPB
Cell sky130_fd_sc_hd__xor2_2 (0) disconnected node: VPWR
Cell sky130_fd_sc_hd__xor2_2 (0) disconnected node: X
Warning: Equate pins:  cell sky130_fd_sc_hd__xor2_2 is a placeholder, treated as a black box.

Subcircuit pins:
Circuit 1: sky130_fd_sc_hd__xor2_2         |Circuit 2: sky130_fd_sc_hd__xor2_2         
-------------------------------------------|-------------------------------------------
A                                          |A                                          
B                                          |B                                          
VGND                                       |VGND                                       
VNB                                        |VNB                                        
VPB                                        |VPB                                        
VPWR                                       |VPWR                                       
X                                          |X                                          
---------------------------------------------------------------------------------------
Cell pin lists are equivalent.
Device classes sky130_fd_sc_hd__xor2_2 and sky130_fd_sc_hd__xor2_2 are equivalent.

Cell sky130_fd_sc_hd__a31oi_1 (0) disconnected node: A1
Cell sky130_fd_sc_hd__a31oi_1 (0) disconnected node: A2
Cell sky130_fd_sc_hd__a31oi_1 (0) disconnected node: A3
Cell sky130_fd_sc_hd__a31oi_1 (0) disconnected node: B1
Cell sky130_fd_sc_hd__a31oi_1 (0) disconnected node: VGND
Cell sky130_fd_sc_hd__a31oi_1 (0) disconnected node: VNB
Cell sky130_fd_sc_hd__a31oi_1 (0) disconnected node: VPB
Cell sky130_fd_sc_hd__a31oi_1 (0) disconnected node: VPWR
Cell sky130_fd_sc_hd__a31oi_1 (0) disconnected node: Y
Warning: Equate pins:  cell sky130_fd_sc_hd__a31oi_1 is a placeholder, treated as a black box.

Subcircuit pins:
Circuit 1: sky130_fd_sc_hd__a31oi_1        |Circuit 2: sky130_fd_sc_hd__a31oi_1        
-------------------------------------------|-------------------------------------------
A1                                         |A1                                         
A2                                         |A2                                         
A3                                         |A3                                         
B1                                         |B1                                         
VGND                                       |VGND                                       
VNB                                        |VNB                                        
VPB                                        |VPB                                        
VPWR                                       |VPWR                                       
Y                                          |Y                                          
---------------------------------------------------------------------------------------
Cell pin lists are equivalent.
Device classes sky130_fd_sc_hd__a31oi_1 and sky130_fd_sc_hd__a31oi_1 are equivalent.

Cell sky130_fd_sc_hd__clkbuf_16 (0) disconnected node: A
Cell sky130_fd_sc_hd__clkbuf_16 (0) disconnected node: VGND
Cell sky130_fd_sc_hd__clkbuf_16 (0) disconnected node: VNB
Cell sky130_fd_sc_hd__clkbuf_16 (0) disconnected node: VPB
Cell sky130_fd_sc_hd__clkbuf_16 (0) disconnected node: VPWR
Cell sky130_fd_sc_hd__clkbuf_16 (0) disconnected node: X
Warning: Equate pins:  cell sky130_fd_sc_hd__clkbuf_16 is a placeholder, treated as a black box.

Subcircuit pins:
Circuit 1: sky130_fd_sc_hd__clkbuf_16      |Circuit 2: sky130_fd_sc_hd__clkbuf_16      
-------------------------------------------|-------------------------------------------
A                                          |A                                          
VGND                                       |VGND                                       
VNB                                        |VNB                                        
VPB                                        |VPB                                        
VPWR                                       |VPWR                                       
X                                          |X                                          
---------------------------------------------------------------------------------------
Cell pin lists are equivalent.
Device classes sky130_fd_sc_hd__clkbuf_16 and sky130_fd_sc_hd__clkbuf_16 are equivalent.

Cell sky130_fd_sc_hd__or2b_4 (0) disconnected node: A
Cell sky130_fd_sc_hd__or2b_4 (0) disconnected node: B_N
Cell sky130_fd_sc_hd__or2b_4 (0) disconnected node: VGND
Cell sky130_fd_sc_hd__or2b_4 (0) disconnected node: VNB
Cell sky130_fd_sc_hd__or2b_4 (0) disconnected node: VPB
Cell sky130_fd_sc_hd__or2b_4 (0) disconnected node: VPWR
Cell sky130_fd_sc_hd__or2b_4 (0) disconnected node: X
Warning: Equate pins:  cell sky130_fd_sc_hd__or2b_4 is a placeholder, treated as a black box.

Subcircuit pins:
Circuit 1: sky130_fd_sc_hd__or2b_4         |Circuit 2: sky130_fd_sc_hd__or2b_4         
-------------------------------------------|-------------------------------------------
A                                          |A                                          
B_N                                        |B_N                                        
VGND                                       |VGND                                       
VNB                                        |VNB                                        
VPB                                        |VPB                                        
VPWR                                       |VPWR                                       
X                                          |X                                          
---------------------------------------------------------------------------------------
Cell pin lists are equivalent.
Device classes sky130_fd_sc_hd__or2b_4 and sky130_fd_sc_hd__or2b_4 are equivalent.

Cell sky130_fd_sc_hd__a2bb2o_1 (0) disconnected node: A1_N
Cell sky130_fd_sc_hd__a2bb2o_1 (0) disconnected node: A2_N
Cell sky130_fd_sc_hd__a2bb2o_1 (0) disconnected node: B1
Cell sky130_fd_sc_hd__a2bb2o_1 (0) disconnected node: B2
Cell sky130_fd_sc_hd__a2bb2o_1 (0) disconnected node: VGND
Cell sky130_fd_sc_hd__a2bb2o_1 (0) disconnected node: VNB
Cell sky130_fd_sc_hd__a2bb2o_1 (0) disconnected node: VPB
Cell sky130_fd_sc_hd__a2bb2o_1 (0) disconnected node: VPWR
Cell sky130_fd_sc_hd__a2bb2o_1 (0) disconnected node: X
Warning: Equate pins:  cell sky130_fd_sc_hd__a2bb2o_1 is a placeholder, treated as a black box.

Subcircuit pins:
Circuit 1: sky130_fd_sc_hd__a2bb2o_1       |Circuit 2: sky130_fd_sc_hd__a2bb2o_1       
-------------------------------------------|-------------------------------------------
A1_N                                       |A1_N                                       
A2_N                                       |A2_N                                       
B1                                         |B1                                         
B2                                         |B2                                         
VGND                                       |VGND                                       
VNB                                        |VNB                                        
VPB                                        |VPB                                        
VPWR                                       |VPWR                                       
X                                          |X                                          
---------------------------------------------------------------------------------------
Cell pin lists are equivalent.
Device classes sky130_fd_sc_hd__a2bb2o_1 and sky130_fd_sc_hd__a2bb2o_1 are equivalent.

Cell sky130_fd_sc_hd__nand2_2 (0) disconnected node: A
Cell sky130_fd_sc_hd__nand2_2 (0) disconnected node: B
Cell sky130_fd_sc_hd__nand2_2 (0) disconnected node: VGND
Cell sky130_fd_sc_hd__nand2_2 (0) disconnected node: VNB
Cell sky130_fd_sc_hd__nand2_2 (0) disconnected node: VPB
Cell sky130_fd_sc_hd__nand2_2 (0) disconnected node: VPWR
Cell sky130_fd_sc_hd__nand2_2 (0) disconnected node: Y
Warning: Equate pins:  cell sky130_fd_sc_hd__nand2_2 is a placeholder, treated as a black box.

Subcircuit pins:
Circuit 1: sky130_fd_sc_hd__nand2_2        |Circuit 2: sky130_fd_sc_hd__nand2_2        
-------------------------------------------|-------------------------------------------
A                                          |A                                          
B                                          |B                                          
VGND                                       |VGND                                       
VNB                                        |VNB                                        
VPB                                        |VPB                                        
VPWR                                       |VPWR                                       
Y                                          |Y                                          
---------------------------------------------------------------------------------------
Cell pin lists are equivalent.
Device classes sky130_fd_sc_hd__nand2_2 and sky130_fd_sc_hd__nand2_2 are equivalent.

Cell sky130_fd_sc_hd__or4bb_4 (0) disconnected node: A
Cell sky130_fd_sc_hd__or4bb_4 (0) disconnected node: B
Cell sky130_fd_sc_hd__or4bb_4 (0) disconnected node: C_N
Cell sky130_fd_sc_hd__or4bb_4 (0) disconnected node: D_N
Cell sky130_fd_sc_hd__or4bb_4 (0) disconnected node: VGND
Cell sky130_fd_sc_hd__or4bb_4 (0) disconnected node: VNB
Cell sky130_fd_sc_hd__or4bb_4 (0) disconnected node: VPB
Cell sky130_fd_sc_hd__or4bb_4 (0) disconnected node: VPWR
Cell sky130_fd_sc_hd__or4bb_4 (0) disconnected node: X
Warning: Equate pins:  cell sky130_fd_sc_hd__or4bb_4 is a placeholder, treated as a black box.

Subcircuit pins:
Circuit 1: sky130_fd_sc_hd__or4bb_4        |Circuit 2: sky130_fd_sc_hd__or4bb_4        
-------------------------------------------|-------------------------------------------
A                                          |A                                          
B                                          |B                                          
C_N                                        |C_N                                        
D_N                                        |D_N                                        
VGND                                       |VGND                                       
VNB                                        |VNB                                        
VPB                                        |VPB                                        
VPWR                                       |VPWR                                       
X                                          |X                                          
---------------------------------------------------------------------------------------
Cell pin lists are equivalent.
Device classes sky130_fd_sc_hd__or4bb_4 and sky130_fd_sc_hd__or4bb_4 are equivalent.

Cell sky130_fd_sc_hd__and3b_1 (0) disconnected node: A_N
Cell sky130_fd_sc_hd__and3b_1 (0) disconnected node: B
Cell sky130_fd_sc_hd__and3b_1 (0) disconnected node: C
Cell sky130_fd_sc_hd__and3b_1 (0) disconnected node: VGND
Cell sky130_fd_sc_hd__and3b_1 (0) disconnected node: VNB
Cell sky130_fd_sc_hd__and3b_1 (0) disconnected node: VPB
Cell sky130_fd_sc_hd__and3b_1 (0) disconnected node: VPWR
Cell sky130_fd_sc_hd__and3b_1 (0) disconnected node: X
Warning: Equate pins:  cell sky130_fd_sc_hd__and3b_1 is a placeholder, treated as a black box.

Subcircuit pins:
Circuit 1: sky130_fd_sc_hd__and3b_1        |Circuit 2: sky130_fd_sc_hd__and3b_1        
-------------------------------------------|-------------------------------------------
A_N                                        |A_N                                        
B                                          |B                                          
C                                          |C                                          
VGND                                       |VGND                                       
VNB                                        |VNB                                        
VPB                                        |VPB                                        
VPWR                                       |VPWR                                       
X                                          |X                                          
---------------------------------------------------------------------------------------
Cell pin lists are equivalent.
Device classes sky130_fd_sc_hd__and3b_1 and sky130_fd_sc_hd__and3b_1 are equivalent.

Cell sky130_fd_sc_hd__xnor2_4 (0) disconnected node: A
Cell sky130_fd_sc_hd__xnor2_4 (0) disconnected node: B
Cell sky130_fd_sc_hd__xnor2_4 (0) disconnected node: VGND
Cell sky130_fd_sc_hd__xnor2_4 (0) disconnected node: VNB
Cell sky130_fd_sc_hd__xnor2_4 (0) disconnected node: VPB
Cell sky130_fd_sc_hd__xnor2_4 (0) disconnected node: VPWR
Cell sky130_fd_sc_hd__xnor2_4 (0) disconnected node: Y
Warning: Equate pins:  cell sky130_fd_sc_hd__xnor2_4 is a placeholder, treated as a black box.

Subcircuit pins:
Circuit 1: sky130_fd_sc_hd__xnor2_4        |Circuit 2: sky130_fd_sc_hd__xnor2_4        
-------------------------------------------|-------------------------------------------
A                                          |A                                          
B                                          |B                                          
VGND                                       |VGND                                       
VNB                                        |VNB                                        
VPB                                        |VPB                                        
VPWR                                       |VPWR                                       
Y                                          |Y                                          
---------------------------------------------------------------------------------------
Cell pin lists are equivalent.
Device classes sky130_fd_sc_hd__xnor2_4 and sky130_fd_sc_hd__xnor2_4 are equivalent.

Cell sky130_fd_sc_hd__a31o_2 (0) disconnected node: A1
Cell sky130_fd_sc_hd__a31o_2 (0) disconnected node: A2
Cell sky130_fd_sc_hd__a31o_2 (0) disconnected node: A3
Cell sky130_fd_sc_hd__a31o_2 (0) disconnected node: B1
Cell sky130_fd_sc_hd__a31o_2 (0) disconnected node: VGND
Cell sky130_fd_sc_hd__a31o_2 (0) disconnected node: VNB
Cell sky130_fd_sc_hd__a31o_2 (0) disconnected node: VPB
Cell sky130_fd_sc_hd__a31o_2 (0) disconnected node: VPWR
Cell sky130_fd_sc_hd__a31o_2 (0) disconnected node: X
Warning: Equate pins:  cell sky130_fd_sc_hd__a31o_2 is a placeholder, treated as a black box.

Subcircuit pins:
Circuit 1: sky130_fd_sc_hd__a31o_2         |Circuit 2: sky130_fd_sc_hd__a31o_2         
-------------------------------------------|-------------------------------------------
A1                                         |A1                                         
A2                                         |A2                                         
A3                                         |A3                                         
B1                                         |B1                                         
VGND                                       |VGND                                       
VNB                                        |VNB                                        
VPB                                        |VPB                                        
VPWR                                       |VPWR                                       
X                                          |X                                          
---------------------------------------------------------------------------------------
Cell pin lists are equivalent.
Device classes sky130_fd_sc_hd__a31o_2 and sky130_fd_sc_hd__a31o_2 are equivalent.

Cell sky130_fd_sc_hd__and4b_1 (0) disconnected node: A_N
Cell sky130_fd_sc_hd__and4b_1 (0) disconnected node: B
Cell sky130_fd_sc_hd__and4b_1 (0) disconnected node: C
Cell sky130_fd_sc_hd__and4b_1 (0) disconnected node: D
Cell sky130_fd_sc_hd__and4b_1 (0) disconnected node: VGND
Cell sky130_fd_sc_hd__and4b_1 (0) disconnected node: VNB
Cell sky130_fd_sc_hd__and4b_1 (0) disconnected node: VPB
Cell sky130_fd_sc_hd__and4b_1 (0) disconnected node: VPWR
Cell sky130_fd_sc_hd__and4b_1 (0) disconnected node: X
Warning: Equate pins:  cell sky130_fd_sc_hd__and4b_1 is a placeholder, treated as a black box.

Subcircuit pins:
Circuit 1: sky130_fd_sc_hd__and4b_1        |Circuit 2: sky130_fd_sc_hd__and4b_1        
-------------------------------------------|-------------------------------------------
A_N                                        |A_N                                        
B                                          |B                                          
C                                          |C                                          
D                                          |D                                          
VGND                                       |VGND                                       
VNB                                        |VNB                                        
VPB                                        |VPB                                        
VPWR                                       |VPWR                                       
X                                          |X                                          
---------------------------------------------------------------------------------------
Cell pin lists are equivalent.
Device classes sky130_fd_sc_hd__and4b_1 and sky130_fd_sc_hd__and4b_1 are equivalent.

Cell sky130_fd_sc_hd__o2111a_1 (0) disconnected node: A1
Cell sky130_fd_sc_hd__o2111a_1 (0) disconnected node: A2
Cell sky130_fd_sc_hd__o2111a_1 (0) disconnected node: B1
Cell sky130_fd_sc_hd__o2111a_1 (0) disconnected node: C1
Cell sky130_fd_sc_hd__o2111a_1 (0) disconnected node: D1
Cell sky130_fd_sc_hd__o2111a_1 (0) disconnected node: VGND
Cell sky130_fd_sc_hd__o2111a_1 (0) disconnected node: VNB
Cell sky130_fd_sc_hd__o2111a_1 (0) disconnected node: VPB
Cell sky130_fd_sc_hd__o2111a_1 (0) disconnected node: VPWR
Cell sky130_fd_sc_hd__o2111a_1 (0) disconnected node: X
Warning: Equate pins:  cell sky130_fd_sc_hd__o2111a_1 is a placeholder, treated as a black box.

Subcircuit pins:
Circuit 1: sky130_fd_sc_hd__o2111a_1       |Circuit 2: sky130_fd_sc_hd__o2111a_1       
-------------------------------------------|-------------------------------------------
A1                                         |A1                                         
A2                                         |A2                                         
B1                                         |B1                                         
C1                                         |C1                                         
D1                                         |D1                                         
VGND                                       |VGND                                       
VNB                                        |VNB                                        
VPB                                        |VPB                                        
VPWR                                       |VPWR                                       
X                                          |X                                          
---------------------------------------------------------------------------------------
Cell pin lists are equivalent.
Device classes sky130_fd_sc_hd__o2111a_1 and sky130_fd_sc_hd__o2111a_1 are equivalent.

Cell sky130_fd_sc_hd__nor2b_4 (0) disconnected node: A
Cell sky130_fd_sc_hd__nor2b_4 (0) disconnected node: B_N
Cell sky130_fd_sc_hd__nor2b_4 (0) disconnected node: VGND
Cell sky130_fd_sc_hd__nor2b_4 (0) disconnected node: VNB
Cell sky130_fd_sc_hd__nor2b_4 (0) disconnected node: VPB
Cell sky130_fd_sc_hd__nor2b_4 (0) disconnected node: VPWR
Cell sky130_fd_sc_hd__nor2b_4 (0) disconnected node: Y
Warning: Equate pins:  cell sky130_fd_sc_hd__nor2b_4 is a placeholder, treated as a black box.

Subcircuit pins:
Circuit 1: sky130_fd_sc_hd__nor2b_4        |Circuit 2: sky130_fd_sc_hd__nor2b_4        
-------------------------------------------|-------------------------------------------
A                                          |A                                          
B_N                                        |B_N                                        
VGND                                       |VGND                                       
VNB                                        |VNB                                        
VPB                                        |VPB                                        
VPWR                                       |VPWR                                       
Y                                          |Y                                          
---------------------------------------------------------------------------------------
Cell pin lists are equivalent.
Device classes sky130_fd_sc_hd__nor2b_4 and sky130_fd_sc_hd__nor2b_4 are equivalent.

Cell sky130_fd_sc_hd__and4b_4 (0) disconnected node: A_N
Cell sky130_fd_sc_hd__and4b_4 (0) disconnected node: B
Cell sky130_fd_sc_hd__and4b_4 (0) disconnected node: C
Cell sky130_fd_sc_hd__and4b_4 (0) disconnected node: D
Cell sky130_fd_sc_hd__and4b_4 (0) disconnected node: VGND
Cell sky130_fd_sc_hd__and4b_4 (0) disconnected node: VNB
Cell sky130_fd_sc_hd__and4b_4 (0) disconnected node: VPB
Cell sky130_fd_sc_hd__and4b_4 (0) disconnected node: VPWR
Cell sky130_fd_sc_hd__and4b_4 (0) disconnected node: X
Warning: Equate pins:  cell sky130_fd_sc_hd__and4b_4 is a placeholder, treated as a black box.

Subcircuit pins:
Circuit 1: sky130_fd_sc_hd__and4b_4        |Circuit 2: sky130_fd_sc_hd__and4b_4        
-------------------------------------------|-------------------------------------------
A_N                                        |A_N                                        
B                                          |B                                          
C                                          |C                                          
D                                          |D                                          
VGND                                       |VGND                                       
VNB                                        |VNB                                        
VPB                                        |VPB                                        
VPWR                                       |VPWR                                       
X                                          |X                                          
---------------------------------------------------------------------------------------
Cell pin lists are equivalent.
Device classes sky130_fd_sc_hd__and4b_4 and sky130_fd_sc_hd__and4b_4 are equivalent.

Cell sky130_fd_sc_hd__nor2_2 (0) disconnected node: A
Cell sky130_fd_sc_hd__nor2_2 (0) disconnected node: B
Cell sky130_fd_sc_hd__nor2_2 (0) disconnected node: VGND
Cell sky130_fd_sc_hd__nor2_2 (0) disconnected node: VNB
Cell sky130_fd_sc_hd__nor2_2 (0) disconnected node: VPB
Cell sky130_fd_sc_hd__nor2_2 (0) disconnected node: VPWR
Cell sky130_fd_sc_hd__nor2_2 (0) disconnected node: Y
Warning: Equate pins:  cell sky130_fd_sc_hd__nor2_2 is a placeholder, treated as a black box.

Subcircuit pins:
Circuit 1: sky130_fd_sc_hd__nor2_2         |Circuit 2: sky130_fd_sc_hd__nor2_2         
-------------------------------------------|-------------------------------------------
A                                          |A                                          
B                                          |B                                          
VGND                                       |VGND                                       
VNB                                        |VNB                                        
VPB                                        |VPB                                        
VPWR                                       |VPWR                                       
Y                                          |Y                                          
---------------------------------------------------------------------------------------
Cell pin lists are equivalent.
Device classes sky130_fd_sc_hd__nor2_2 and sky130_fd_sc_hd__nor2_2 are equivalent.

Cell sky130_fd_sc_hd__o31ai_4 (0) disconnected node: A1
Cell sky130_fd_sc_hd__o31ai_4 (0) disconnected node: A2
Cell sky130_fd_sc_hd__o31ai_4 (0) disconnected node: A3
Cell sky130_fd_sc_hd__o31ai_4 (0) disconnected node: B1
Cell sky130_fd_sc_hd__o31ai_4 (0) disconnected node: VGND
Cell sky130_fd_sc_hd__o31ai_4 (0) disconnected node: VNB
Cell sky130_fd_sc_hd__o31ai_4 (0) disconnected node: VPB
Cell sky130_fd_sc_hd__o31ai_4 (0) disconnected node: VPWR
Cell sky130_fd_sc_hd__o31ai_4 (0) disconnected node: Y
Warning: Equate pins:  cell sky130_fd_sc_hd__o31ai_4 is a placeholder, treated as a black box.

Subcircuit pins:
Circuit 1: sky130_fd_sc_hd__o31ai_4        |Circuit 2: sky130_fd_sc_hd__o31ai_4        
-------------------------------------------|-------------------------------------------
A1                                         |A1                                         
A2                                         |A2                                         
A3                                         |A3                                         
B1                                         |B1                                         
VGND                                       |VGND                                       
VNB                                        |VNB                                        
VPB                                        |VPB                                        
VPWR                                       |VPWR                                       
Y                                          |Y                                          
---------------------------------------------------------------------------------------
Cell pin lists are equivalent.
Device classes sky130_fd_sc_hd__o31ai_4 and sky130_fd_sc_hd__o31ai_4 are equivalent.

Cell sky130_fd_sc_hd__or3b_1 (0) disconnected node: A
Cell sky130_fd_sc_hd__or3b_1 (0) disconnected node: B
Cell sky130_fd_sc_hd__or3b_1 (0) disconnected node: C_N
Cell sky130_fd_sc_hd__or3b_1 (0) disconnected node: VGND
Cell sky130_fd_sc_hd__or3b_1 (0) disconnected node: VNB
Cell sky130_fd_sc_hd__or3b_1 (0) disconnected node: VPB
Cell sky130_fd_sc_hd__or3b_1 (0) disconnected node: VPWR
Cell sky130_fd_sc_hd__or3b_1 (0) disconnected node: X
Warning: Equate pins:  cell sky130_fd_sc_hd__or3b_1 is a placeholder, treated as a black box.

Subcircuit pins:
Circuit 1: sky130_fd_sc_hd__or3b_1         |Circuit 2: sky130_fd_sc_hd__or3b_1         
-------------------------------------------|-------------------------------------------
A                                          |A                                          
B                                          |B                                          
C_N                                        |C_N                                        
VGND                                       |VGND                                       
VNB                                        |VNB                                        
VPB                                        |VPB                                        
VPWR                                       |VPWR                                       
X                                          |X                                          
---------------------------------------------------------------------------------------
Cell pin lists are equivalent.
Device classes sky130_fd_sc_hd__or3b_1 and sky130_fd_sc_hd__or3b_1 are equivalent.

Cell sky130_fd_sc_hd__o41a_1 (0) disconnected node: A1
Cell sky130_fd_sc_hd__o41a_1 (0) disconnected node: A2
Cell sky130_fd_sc_hd__o41a_1 (0) disconnected node: A3
Cell sky130_fd_sc_hd__o41a_1 (0) disconnected node: A4
Cell sky130_fd_sc_hd__o41a_1 (0) disconnected node: B1
Cell sky130_fd_sc_hd__o41a_1 (0) disconnected node: VGND
Cell sky130_fd_sc_hd__o41a_1 (0) disconnected node: VNB
Cell sky130_fd_sc_hd__o41a_1 (0) disconnected node: VPB
Cell sky130_fd_sc_hd__o41a_1 (0) disconnected node: VPWR
Cell sky130_fd_sc_hd__o41a_1 (0) disconnected node: X
Warning: Equate pins:  cell sky130_fd_sc_hd__o41a_1 is a placeholder, treated as a black box.

Subcircuit pins:
Circuit 1: sky130_fd_sc_hd__o41a_1         |Circuit 2: sky130_fd_sc_hd__o41a_1         
-------------------------------------------|-------------------------------------------
A1                                         |A1                                         
A2                                         |A2                                         
A3                                         |A3                                         
A4                                         |A4                                         
B1                                         |B1                                         
VGND                                       |VGND                                       
VNB                                        |VNB                                        
VPB                                        |VPB                                        
VPWR                                       |VPWR                                       
X                                          |X                                          
---------------------------------------------------------------------------------------
Cell pin lists are equivalent.
Device classes sky130_fd_sc_hd__o41a_1 and sky130_fd_sc_hd__o41a_1 are equivalent.

Cell sky130_fd_sc_hd__o31ai_2 (0) disconnected node: A1
Cell sky130_fd_sc_hd__o31ai_2 (0) disconnected node: A2
Cell sky130_fd_sc_hd__o31ai_2 (0) disconnected node: A3
Cell sky130_fd_sc_hd__o31ai_2 (0) disconnected node: B1
Cell sky130_fd_sc_hd__o31ai_2 (0) disconnected node: VGND
Cell sky130_fd_sc_hd__o31ai_2 (0) disconnected node: VNB
Cell sky130_fd_sc_hd__o31ai_2 (0) disconnected node: VPB
Cell sky130_fd_sc_hd__o31ai_2 (0) disconnected node: VPWR
Cell sky130_fd_sc_hd__o31ai_2 (0) disconnected node: Y
Warning: Equate pins:  cell sky130_fd_sc_hd__o31ai_2 is a placeholder, treated as a black box.

Subcircuit pins:
Circuit 1: sky130_fd_sc_hd__o31ai_2        |Circuit 2: sky130_fd_sc_hd__o31ai_2        
-------------------------------------------|-------------------------------------------
A1                                         |A1                                         
A2                                         |A2                                         
A3                                         |A3                                         
B1                                         |B1                                         
VGND                                       |VGND                                       
VNB                                        |VNB                                        
VPB                                        |VPB                                        
VPWR                                       |VPWR                                       
Y                                          |Y                                          
---------------------------------------------------------------------------------------
Cell pin lists are equivalent.
Device classes sky130_fd_sc_hd__o31ai_2 and sky130_fd_sc_hd__o31ai_2 are equivalent.

Cell sky130_fd_sc_hd__a21oi_4 (0) disconnected node: A1
Cell sky130_fd_sc_hd__a21oi_4 (0) disconnected node: A2
Cell sky130_fd_sc_hd__a21oi_4 (0) disconnected node: B1
Cell sky130_fd_sc_hd__a21oi_4 (0) disconnected node: VGND
Cell sky130_fd_sc_hd__a21oi_4 (0) disconnected node: VNB
Cell sky130_fd_sc_hd__a21oi_4 (0) disconnected node: VPB
Cell sky130_fd_sc_hd__a21oi_4 (0) disconnected node: VPWR
Cell sky130_fd_sc_hd__a21oi_4 (0) disconnected node: Y
Warning: Equate pins:  cell sky130_fd_sc_hd__a21oi_4 is a placeholder, treated as a black box.

Subcircuit pins:
Circuit 1: sky130_fd_sc_hd__a21oi_4        |Circuit 2: sky130_fd_sc_hd__a21oi_4        
-------------------------------------------|-------------------------------------------
A1                                         |A1                                         
A2                                         |A2                                         
B1                                         |B1                                         
VGND                                       |VGND                                       
VNB                                        |VNB                                        
VPB                                        |VPB                                        
VPWR                                       |VPWR                                       
Y                                          |Y                                          
---------------------------------------------------------------------------------------
Cell pin lists are equivalent.
Device classes sky130_fd_sc_hd__a21oi_4 and sky130_fd_sc_hd__a21oi_4 are equivalent.

Cell sky130_fd_sc_hd__and2_2 (0) disconnected node: A
Cell sky130_fd_sc_hd__and2_2 (0) disconnected node: B
Cell sky130_fd_sc_hd__and2_2 (0) disconnected node: VGND
Cell sky130_fd_sc_hd__and2_2 (0) disconnected node: VNB
Cell sky130_fd_sc_hd__and2_2 (0) disconnected node: VPB
Cell sky130_fd_sc_hd__and2_2 (0) disconnected node: VPWR
Cell sky130_fd_sc_hd__and2_2 (0) disconnected node: X
Warning: Equate pins:  cell sky130_fd_sc_hd__and2_2 is a placeholder, treated as a black box.

Subcircuit pins:
Circuit 1: sky130_fd_sc_hd__and2_2         |Circuit 2: sky130_fd_sc_hd__and2_2         
-------------------------------------------|-------------------------------------------
A                                          |A                                          
B                                          |B                                          
VGND                                       |VGND                                       
VNB                                        |VNB                                        
VPB                                        |VPB                                        
VPWR                                       |VPWR                                       
X                                          |X                                          
---------------------------------------------------------------------------------------
Cell pin lists are equivalent.
Device classes sky130_fd_sc_hd__and2_2 and sky130_fd_sc_hd__and2_2 are equivalent.

Cell sky130_fd_sc_hd__conb_1 (0) disconnected node: VGND
Cell sky130_fd_sc_hd__conb_1 (0) disconnected node: VNB
Cell sky130_fd_sc_hd__conb_1 (0) disconnected node: VPB
Cell sky130_fd_sc_hd__conb_1 (0) disconnected node: VPWR
Cell sky130_fd_sc_hd__conb_1 (0) disconnected node: HI
Cell sky130_fd_sc_hd__conb_1 (0) disconnected node: LO
Warning: Equate pins:  cell sky130_fd_sc_hd__conb_1 is a placeholder, treated as a black box.

Subcircuit pins:
Circuit 1: sky130_fd_sc_hd__conb_1         |Circuit 2: sky130_fd_sc_hd__conb_1         
-------------------------------------------|-------------------------------------------
VGND                                       |VGND                                       
VNB                                        |VNB                                        
VPB                                        |VPB                                        
VPWR                                       |VPWR                                       
HI                                         |HI                                         
LO                                         |LO                                         
---------------------------------------------------------------------------------------
Cell pin lists are equivalent.
Device classes sky130_fd_sc_hd__conb_1 and sky130_fd_sc_hd__conb_1 are equivalent.

Cell sky130_fd_sc_hd__and4bb_2 (0) disconnected node: A_N
Cell sky130_fd_sc_hd__and4bb_2 (0) disconnected node: B_N
Cell sky130_fd_sc_hd__and4bb_2 (0) disconnected node: C
Cell sky130_fd_sc_hd__and4bb_2 (0) disconnected node: D
Cell sky130_fd_sc_hd__and4bb_2 (0) disconnected node: VGND
Cell sky130_fd_sc_hd__and4bb_2 (0) disconnected node: VNB
Cell sky130_fd_sc_hd__and4bb_2 (0) disconnected node: VPB
Cell sky130_fd_sc_hd__and4bb_2 (0) disconnected node: VPWR
Cell sky130_fd_sc_hd__and4bb_2 (0) disconnected node: X
Warning: Equate pins:  cell sky130_fd_sc_hd__and4bb_2 is a placeholder, treated as a black box.

Subcircuit pins:
Circuit 1: sky130_fd_sc_hd__and4bb_2       |Circuit 2: sky130_fd_sc_hd__and4bb_2       
-------------------------------------------|-------------------------------------------
A_N                                        |A_N                                        
B_N                                        |B_N                                        
C                                          |C                                          
D                                          |D                                          
VGND                                       |VGND                                       
VNB                                        |VNB                                        
VPB                                        |VPB                                        
VPWR                                       |VPWR                                       
X                                          |X                                          
---------------------------------------------------------------------------------------
Cell pin lists are equivalent.
Device classes sky130_fd_sc_hd__and4bb_2 and sky130_fd_sc_hd__and4bb_2 are equivalent.

Cell sky130_fd_sc_hd__o21ba_1 (0) disconnected node: A1
Cell sky130_fd_sc_hd__o21ba_1 (0) disconnected node: A2
Cell sky130_fd_sc_hd__o21ba_1 (0) disconnected node: B1_N
Cell sky130_fd_sc_hd__o21ba_1 (0) disconnected node: VGND
Cell sky130_fd_sc_hd__o21ba_1 (0) disconnected node: VNB
Cell sky130_fd_sc_hd__o21ba_1 (0) disconnected node: VPB
Cell sky130_fd_sc_hd__o21ba_1 (0) disconnected node: VPWR
Cell sky130_fd_sc_hd__o21ba_1 (0) disconnected node: X
Warning: Equate pins:  cell sky130_fd_sc_hd__o21ba_1 is a placeholder, treated as a black box.

Subcircuit pins:
Circuit 1: sky130_fd_sc_hd__o21ba_1        |Circuit 2: sky130_fd_sc_hd__o21ba_1        
-------------------------------------------|-------------------------------------------
A1                                         |A1                                         
A2                                         |A2                                         
B1_N                                       |B1_N                                       
VGND                                       |VGND                                       
VNB                                        |VNB                                        
VPB                                        |VPB                                        
VPWR                                       |VPWR                                       
X                                          |X                                          
---------------------------------------------------------------------------------------
Cell pin lists are equivalent.
Device classes sky130_fd_sc_hd__o21ba_1 and sky130_fd_sc_hd__o21ba_1 are equivalent.

Cell sky130_fd_sc_hd__nor4_1 (0) disconnected node: A
Cell sky130_fd_sc_hd__nor4_1 (0) disconnected node: B
Cell sky130_fd_sc_hd__nor4_1 (0) disconnected node: C
Cell sky130_fd_sc_hd__nor4_1 (0) disconnected node: D
Cell sky130_fd_sc_hd__nor4_1 (0) disconnected node: VGND
Cell sky130_fd_sc_hd__nor4_1 (0) disconnected node: VNB
Cell sky130_fd_sc_hd__nor4_1 (0) disconnected node: VPB
Cell sky130_fd_sc_hd__nor4_1 (0) disconnected node: VPWR
Cell sky130_fd_sc_hd__nor4_1 (0) disconnected node: Y
Warning: Equate pins:  cell sky130_fd_sc_hd__nor4_1 is a placeholder, treated as a black box.

Subcircuit pins:
Circuit 1: sky130_fd_sc_hd__nor4_1         |Circuit 2: sky130_fd_sc_hd__nor4_1         
-------------------------------------------|-------------------------------------------
A                                          |A                                          
B                                          |B                                          
C                                          |C                                          
D                                          |D                                          
VGND                                       |VGND                                       
VNB                                        |VNB                                        
VPB                                        |VPB                                        
VPWR                                       |VPWR                                       
Y                                          |Y                                          
---------------------------------------------------------------------------------------
Cell pin lists are equivalent.
Device classes sky130_fd_sc_hd__nor4_1 and sky130_fd_sc_hd__nor4_1 are equivalent.

Cell sky130_fd_sc_hd__a21oi_2 (0) disconnected node: A1
Cell sky130_fd_sc_hd__a21oi_2 (0) disconnected node: A2
Cell sky130_fd_sc_hd__a21oi_2 (0) disconnected node: B1
Cell sky130_fd_sc_hd__a21oi_2 (0) disconnected node: VGND
Cell sky130_fd_sc_hd__a21oi_2 (0) disconnected node: VNB
Cell sky130_fd_sc_hd__a21oi_2 (0) disconnected node: VPB
Cell sky130_fd_sc_hd__a21oi_2 (0) disconnected node: VPWR
Cell sky130_fd_sc_hd__a21oi_2 (0) disconnected node: Y
Warning: Equate pins:  cell sky130_fd_sc_hd__a21oi_2 is a placeholder, treated as a black box.

Subcircuit pins:
Circuit 1: sky130_fd_sc_hd__a21oi_2        |Circuit 2: sky130_fd_sc_hd__a21oi_2        
-------------------------------------------|-------------------------------------------
A1                                         |A1                                         
A2                                         |A2                                         
B1                                         |B1                                         
VGND                                       |VGND                                       
VNB                                        |VNB                                        
VPB                                        |VPB                                        
VPWR                                       |VPWR                                       
Y                                          |Y                                          
---------------------------------------------------------------------------------------
Cell pin lists are equivalent.
Device classes sky130_fd_sc_hd__a21oi_2 and sky130_fd_sc_hd__a21oi_2 are equivalent.

Cell sky130_fd_sc_hd__o311a_1 (0) disconnected node: A1
Cell sky130_fd_sc_hd__o311a_1 (0) disconnected node: A2
Cell sky130_fd_sc_hd__o311a_1 (0) disconnected node: A3
Cell sky130_fd_sc_hd__o311a_1 (0) disconnected node: B1
Cell sky130_fd_sc_hd__o311a_1 (0) disconnected node: C1
Cell sky130_fd_sc_hd__o311a_1 (0) disconnected node: VGND
Cell sky130_fd_sc_hd__o311a_1 (0) disconnected node: VNB
Cell sky130_fd_sc_hd__o311a_1 (0) disconnected node: VPB
Cell sky130_fd_sc_hd__o311a_1 (0) disconnected node: VPWR
Cell sky130_fd_sc_hd__o311a_1 (0) disconnected node: X
Warning: Equate pins:  cell sky130_fd_sc_hd__o311a_1 is a placeholder, treated as a black box.

Subcircuit pins:
Circuit 1: sky130_fd_sc_hd__o311a_1        |Circuit 2: sky130_fd_sc_hd__o311a_1        
-------------------------------------------|-------------------------------------------
A1                                         |A1                                         
A2                                         |A2                                         
A3                                         |A3                                         
B1                                         |B1                                         
C1                                         |C1                                         
VGND                                       |VGND                                       
VNB                                        |VNB                                        
VPB                                        |VPB                                        
VPWR                                       |VPWR                                       
X                                          |X                                          
---------------------------------------------------------------------------------------
Cell pin lists are equivalent.
Device classes sky130_fd_sc_hd__o311a_1 and sky130_fd_sc_hd__o311a_1 are equivalent.

Cell sky130_fd_sc_hd__xnor2_2 (0) disconnected node: A
Cell sky130_fd_sc_hd__xnor2_2 (0) disconnected node: B
Cell sky130_fd_sc_hd__xnor2_2 (0) disconnected node: VGND
Cell sky130_fd_sc_hd__xnor2_2 (0) disconnected node: VNB
Cell sky130_fd_sc_hd__xnor2_2 (0) disconnected node: VPB
Cell sky130_fd_sc_hd__xnor2_2 (0) disconnected node: VPWR
Cell sky130_fd_sc_hd__xnor2_2 (0) disconnected node: Y
Warning: Equate pins:  cell sky130_fd_sc_hd__xnor2_2 is a placeholder, treated as a black box.

Subcircuit pins:
Circuit 1: sky130_fd_sc_hd__xnor2_2        |Circuit 2: sky130_fd_sc_hd__xnor2_2        
-------------------------------------------|-------------------------------------------
A                                          |A                                          
B                                          |B                                          
VGND                                       |VGND                                       
VNB                                        |VNB                                        
VPB                                        |VPB                                        
VPWR                                       |VPWR                                       
Y                                          |Y                                          
---------------------------------------------------------------------------------------
Cell pin lists are equivalent.
Device classes sky130_fd_sc_hd__xnor2_2 and sky130_fd_sc_hd__xnor2_2 are equivalent.

Cell sky130_fd_sc_hd__a211o_4 (0) disconnected node: A1
Cell sky130_fd_sc_hd__a211o_4 (0) disconnected node: A2
Cell sky130_fd_sc_hd__a211o_4 (0) disconnected node: B1
Cell sky130_fd_sc_hd__a211o_4 (0) disconnected node: C1
Cell sky130_fd_sc_hd__a211o_4 (0) disconnected node: VGND
Cell sky130_fd_sc_hd__a211o_4 (0) disconnected node: VNB
Cell sky130_fd_sc_hd__a211o_4 (0) disconnected node: VPB
Cell sky130_fd_sc_hd__a211o_4 (0) disconnected node: VPWR
Cell sky130_fd_sc_hd__a211o_4 (0) disconnected node: X
Warning: Equate pins:  cell sky130_fd_sc_hd__a211o_4 is a placeholder, treated as a black box.

Subcircuit pins:
Circuit 1: sky130_fd_sc_hd__a211o_4        |Circuit 2: sky130_fd_sc_hd__a211o_4        
-------------------------------------------|-------------------------------------------
A1                                         |A1                                         
A2                                         |A2                                         
B1                                         |B1                                         
C1                                         |C1                                         
VGND                                       |VGND                                       
VNB                                        |VNB                                        
VPB                                        |VPB                                        
VPWR                                       |VPWR                                       
X                                          |X                                          
---------------------------------------------------------------------------------------
Cell pin lists are equivalent.
Device classes sky130_fd_sc_hd__a211o_4 and sky130_fd_sc_hd__a211o_4 are equivalent.

Cell sky130_fd_sc_hd__and4bb_1 (0) disconnected node: A_N
Cell sky130_fd_sc_hd__and4bb_1 (0) disconnected node: B_N
Cell sky130_fd_sc_hd__and4bb_1 (0) disconnected node: C
Cell sky130_fd_sc_hd__and4bb_1 (0) disconnected node: D
Cell sky130_fd_sc_hd__and4bb_1 (0) disconnected node: VGND
Cell sky130_fd_sc_hd__and4bb_1 (0) disconnected node: VNB
Cell sky130_fd_sc_hd__and4bb_1 (0) disconnected node: VPB
Cell sky130_fd_sc_hd__and4bb_1 (0) disconnected node: VPWR
Cell sky130_fd_sc_hd__and4bb_1 (0) disconnected node: X
Warning: Equate pins:  cell sky130_fd_sc_hd__and4bb_1 is a placeholder, treated as a black box.

Subcircuit pins:
Circuit 1: sky130_fd_sc_hd__and4bb_1       |Circuit 2: sky130_fd_sc_hd__and4bb_1       
-------------------------------------------|-------------------------------------------
A_N                                        |A_N                                        
B_N                                        |B_N                                        
C                                          |C                                          
D                                          |D                                          
VGND                                       |VGND                                       
VNB                                        |VNB                                        
VPB                                        |VPB                                        
VPWR                                       |VPWR                                       
X                                          |X                                          
---------------------------------------------------------------------------------------
Cell pin lists are equivalent.
Device classes sky130_fd_sc_hd__and4bb_1 and sky130_fd_sc_hd__and4bb_1 are equivalent.

Cell sky130_fd_sc_hd__or3_4 (0) disconnected node: A
Cell sky130_fd_sc_hd__or3_4 (0) disconnected node: B
Cell sky130_fd_sc_hd__or3_4 (0) disconnected node: C
Cell sky130_fd_sc_hd__or3_4 (0) disconnected node: VGND
Cell sky130_fd_sc_hd__or3_4 (0) disconnected node: VNB
Cell sky130_fd_sc_hd__or3_4 (0) disconnected node: VPB
Cell sky130_fd_sc_hd__or3_4 (0) disconnected node: VPWR
Cell sky130_fd_sc_hd__or3_4 (0) disconnected node: X
Warning: Equate pins:  cell sky130_fd_sc_hd__or3_4 is a placeholder, treated as a black box.

Subcircuit pins:
Circuit 1: sky130_fd_sc_hd__or3_4          |Circuit 2: sky130_fd_sc_hd__or3_4          
-------------------------------------------|-------------------------------------------
A                                          |A                                          
B                                          |B                                          
C                                          |C                                          
VGND                                       |VGND                                       
VNB                                        |VNB                                        
VPB                                        |VPB                                        
VPWR                                       |VPWR                                       
X                                          |X                                          
---------------------------------------------------------------------------------------
Cell pin lists are equivalent.
Device classes sky130_fd_sc_hd__or3_4 and sky130_fd_sc_hd__or3_4 are equivalent.

Cell sky130_fd_sc_hd__o21bai_2 (0) disconnected node: A1
Cell sky130_fd_sc_hd__o21bai_2 (0) disconnected node: A2
Cell sky130_fd_sc_hd__o21bai_2 (0) disconnected node: B1_N
Cell sky130_fd_sc_hd__o21bai_2 (0) disconnected node: VGND
Cell sky130_fd_sc_hd__o21bai_2 (0) disconnected node: VNB
Cell sky130_fd_sc_hd__o21bai_2 (0) disconnected node: VPB
Cell sky130_fd_sc_hd__o21bai_2 (0) disconnected node: VPWR
Cell sky130_fd_sc_hd__o21bai_2 (0) disconnected node: Y
Warning: Equate pins:  cell sky130_fd_sc_hd__o21bai_2 is a placeholder, treated as a black box.

Subcircuit pins:
Circuit 1: sky130_fd_sc_hd__o21bai_2       |Circuit 2: sky130_fd_sc_hd__o21bai_2       
-------------------------------------------|-------------------------------------------
A1                                         |A1                                         
A2                                         |A2                                         
B1_N                                       |B1_N                                       
VGND                                       |VGND                                       
VNB                                        |VNB                                        
VPB                                        |VPB                                        
VPWR                                       |VPWR                                       
Y                                          |Y                                          
---------------------------------------------------------------------------------------
Cell pin lists are equivalent.
Device classes sky130_fd_sc_hd__o21bai_2 and sky130_fd_sc_hd__o21bai_2 are equivalent.

Cell sky130_fd_sc_hd__o211a_1 (0) disconnected node: A1
Cell sky130_fd_sc_hd__o211a_1 (0) disconnected node: A2
Cell sky130_fd_sc_hd__o211a_1 (0) disconnected node: B1
Cell sky130_fd_sc_hd__o211a_1 (0) disconnected node: C1
Cell sky130_fd_sc_hd__o211a_1 (0) disconnected node: VGND
Cell sky130_fd_sc_hd__o211a_1 (0) disconnected node: VNB
Cell sky130_fd_sc_hd__o211a_1 (0) disconnected node: VPB
Cell sky130_fd_sc_hd__o211a_1 (0) disconnected node: VPWR
Cell sky130_fd_sc_hd__o211a_1 (0) disconnected node: X
Warning: Equate pins:  cell sky130_fd_sc_hd__o211a_1 is a placeholder, treated as a black box.

Subcircuit pins:
Circuit 1: sky130_fd_sc_hd__o211a_1        |Circuit 2: sky130_fd_sc_hd__o211a_1        
-------------------------------------------|-------------------------------------------
A1                                         |A1                                         
A2                                         |A2                                         
B1                                         |B1                                         
C1                                         |C1                                         
VGND                                       |VGND                                       
VNB                                        |VNB                                        
VPB                                        |VPB                                        
VPWR                                       |VPWR                                       
X                                          |X                                          
---------------------------------------------------------------------------------------
Cell pin lists are equivalent.
Device classes sky130_fd_sc_hd__o211a_1 and sky130_fd_sc_hd__o211a_1 are equivalent.

Cell sky130_fd_sc_hd__o21ai_4 (0) disconnected node: A1
Cell sky130_fd_sc_hd__o21ai_4 (0) disconnected node: A2
Cell sky130_fd_sc_hd__o21ai_4 (0) disconnected node: B1
Cell sky130_fd_sc_hd__o21ai_4 (0) disconnected node: VGND
Cell sky130_fd_sc_hd__o21ai_4 (0) disconnected node: VNB
Cell sky130_fd_sc_hd__o21ai_4 (0) disconnected node: VPB
Cell sky130_fd_sc_hd__o21ai_4 (0) disconnected node: VPWR
Cell sky130_fd_sc_hd__o21ai_4 (0) disconnected node: Y
Warning: Equate pins:  cell sky130_fd_sc_hd__o21ai_4 is a placeholder, treated as a black box.

Subcircuit pins:
Circuit 1: sky130_fd_sc_hd__o21ai_4        |Circuit 2: sky130_fd_sc_hd__o21ai_4        
-------------------------------------------|-------------------------------------------
A1                                         |A1                                         
A2                                         |A2                                         
B1                                         |B1                                         
VGND                                       |VGND                                       
VNB                                        |VNB                                        
VPB                                        |VPB                                        
VPWR                                       |VPWR                                       
Y                                          |Y                                          
---------------------------------------------------------------------------------------
Cell pin lists are equivalent.
Device classes sky130_fd_sc_hd__o21ai_4 and sky130_fd_sc_hd__o21ai_4 are equivalent.

Cell sky130_fd_sc_hd__a2111o_1 (0) disconnected node: A1
Cell sky130_fd_sc_hd__a2111o_1 (0) disconnected node: A2
Cell sky130_fd_sc_hd__a2111o_1 (0) disconnected node: B1
Cell sky130_fd_sc_hd__a2111o_1 (0) disconnected node: C1
Cell sky130_fd_sc_hd__a2111o_1 (0) disconnected node: D1
Cell sky130_fd_sc_hd__a2111o_1 (0) disconnected node: VGND
Cell sky130_fd_sc_hd__a2111o_1 (0) disconnected node: VNB
Cell sky130_fd_sc_hd__a2111o_1 (0) disconnected node: VPB
Cell sky130_fd_sc_hd__a2111o_1 (0) disconnected node: VPWR
Cell sky130_fd_sc_hd__a2111o_1 (0) disconnected node: X
Warning: Equate pins:  cell sky130_fd_sc_hd__a2111o_1 is a placeholder, treated as a black box.

Subcircuit pins:
Circuit 1: sky130_fd_sc_hd__a2111o_1       |Circuit 2: sky130_fd_sc_hd__a2111o_1       
-------------------------------------------|-------------------------------------------
A1                                         |A1                                         
A2                                         |A2                                         
B1                                         |B1                                         
C1                                         |C1                                         
D1                                         |D1                                         
VGND                                       |VGND                                       
VNB                                        |VNB                                        
VPB                                        |VPB                                        
VPWR                                       |VPWR                                       
X                                          |X                                          
---------------------------------------------------------------------------------------
Cell pin lists are equivalent.
Device classes sky130_fd_sc_hd__a2111o_1 and sky130_fd_sc_hd__a2111o_1 are equivalent.

Cell sky130_fd_sc_hd__a21boi_2 (0) disconnected node: A1
Cell sky130_fd_sc_hd__a21boi_2 (0) disconnected node: A2
Cell sky130_fd_sc_hd__a21boi_2 (0) disconnected node: B1_N
Cell sky130_fd_sc_hd__a21boi_2 (0) disconnected node: VGND
Cell sky130_fd_sc_hd__a21boi_2 (0) disconnected node: VNB
Cell sky130_fd_sc_hd__a21boi_2 (0) disconnected node: VPB
Cell sky130_fd_sc_hd__a21boi_2 (0) disconnected node: VPWR
Cell sky130_fd_sc_hd__a21boi_2 (0) disconnected node: Y
Warning: Equate pins:  cell sky130_fd_sc_hd__a21boi_2 is a placeholder, treated as a black box.

Subcircuit pins:
Circuit 1: sky130_fd_sc_hd__a21boi_2       |Circuit 2: sky130_fd_sc_hd__a21boi_2       
-------------------------------------------|-------------------------------------------
A1                                         |A1                                         
A2                                         |A2                                         
B1_N                                       |B1_N                                       
VGND                                       |VGND                                       
VNB                                        |VNB                                        
VPB                                        |VPB                                        
VPWR                                       |VPWR                                       
Y                                          |Y                                          
---------------------------------------------------------------------------------------
Cell pin lists are equivalent.
Device classes sky130_fd_sc_hd__a21boi_2 and sky130_fd_sc_hd__a21boi_2 are equivalent.

Cell sky130_fd_sc_hd__o31a_1 (0) disconnected node: A1
Cell sky130_fd_sc_hd__o31a_1 (0) disconnected node: A2
Cell sky130_fd_sc_hd__o31a_1 (0) disconnected node: A3
Cell sky130_fd_sc_hd__o31a_1 (0) disconnected node: B1
Cell sky130_fd_sc_hd__o31a_1 (0) disconnected node: VGND
Cell sky130_fd_sc_hd__o31a_1 (0) disconnected node: VNB
Cell sky130_fd_sc_hd__o31a_1 (0) disconnected node: VPB
Cell sky130_fd_sc_hd__o31a_1 (0) disconnected node: VPWR
Cell sky130_fd_sc_hd__o31a_1 (0) disconnected node: X
Warning: Equate pins:  cell sky130_fd_sc_hd__o31a_1 is a placeholder, treated as a black box.

Subcircuit pins:
Circuit 1: sky130_fd_sc_hd__o31a_1         |Circuit 2: sky130_fd_sc_hd__o31a_1         
-------------------------------------------|-------------------------------------------
A1                                         |A1                                         
A2                                         |A2                                         
A3                                         |A3                                         
B1                                         |B1                                         
VGND                                       |VGND                                       
VNB                                        |VNB                                        
VPB                                        |VPB                                        
VPWR                                       |VPWR                                       
X                                          |X                                          
---------------------------------------------------------------------------------------
Cell pin lists are equivalent.
Device classes sky130_fd_sc_hd__o31a_1 and sky130_fd_sc_hd__o31a_1 are equivalent.

Cell sky130_fd_sc_hd__nand3b_1 (0) disconnected node: A_N
Cell sky130_fd_sc_hd__nand3b_1 (0) disconnected node: B
Cell sky130_fd_sc_hd__nand3b_1 (0) disconnected node: C
Cell sky130_fd_sc_hd__nand3b_1 (0) disconnected node: VGND
Cell sky130_fd_sc_hd__nand3b_1 (0) disconnected node: VNB
Cell sky130_fd_sc_hd__nand3b_1 (0) disconnected node: VPB
Cell sky130_fd_sc_hd__nand3b_1 (0) disconnected node: VPWR
Cell sky130_fd_sc_hd__nand3b_1 (0) disconnected node: Y
Warning: Equate pins:  cell sky130_fd_sc_hd__nand3b_1 is a placeholder, treated as a black box.

Subcircuit pins:
Circuit 1: sky130_fd_sc_hd__nand3b_1       |Circuit 2: sky130_fd_sc_hd__nand3b_1       
-------------------------------------------|-------------------------------------------
A_N                                        |A_N                                        
B                                          |B                                          
C                                          |C                                          
VGND                                       |VGND                                       
VNB                                        |VNB                                        
VPB                                        |VPB                                        
VPWR                                       |VPWR                                       
Y                                          |Y                                          
---------------------------------------------------------------------------------------
Cell pin lists are equivalent.
Device classes sky130_fd_sc_hd__nand3b_1 and sky130_fd_sc_hd__nand3b_1 are equivalent.

Cell sky130_fd_sc_hd__o2bb2a_1 (0) disconnected node: A1_N
Cell sky130_fd_sc_hd__o2bb2a_1 (0) disconnected node: A2_N
Cell sky130_fd_sc_hd__o2bb2a_1 (0) disconnected node: B1
Cell sky130_fd_sc_hd__o2bb2a_1 (0) disconnected node: B2
Cell sky130_fd_sc_hd__o2bb2a_1 (0) disconnected node: VGND
Cell sky130_fd_sc_hd__o2bb2a_1 (0) disconnected node: VNB
Cell sky130_fd_sc_hd__o2bb2a_1 (0) disconnected node: VPB
Cell sky130_fd_sc_hd__o2bb2a_1 (0) disconnected node: VPWR
Cell sky130_fd_sc_hd__o2bb2a_1 (0) disconnected node: X
Warning: Equate pins:  cell sky130_fd_sc_hd__o2bb2a_1 is a placeholder, treated as a black box.

Subcircuit pins:
Circuit 1: sky130_fd_sc_hd__o2bb2a_1       |Circuit 2: sky130_fd_sc_hd__o2bb2a_1       
-------------------------------------------|-------------------------------------------
A1_N                                       |A1_N                                       
A2_N                                       |A2_N                                       
B1                                         |B1                                         
B2                                         |B2                                         
VGND                                       |VGND                                       
VNB                                        |VNB                                        
VPB                                        |VPB                                        
VPWR                                       |VPWR                                       
X                                          |X                                          
---------------------------------------------------------------------------------------
Cell pin lists are equivalent.
Device classes sky130_fd_sc_hd__o2bb2a_1 and sky130_fd_sc_hd__o2bb2a_1 are equivalent.

Cell sky130_fd_sc_hd__nand2_8 (0) disconnected node: A
Cell sky130_fd_sc_hd__nand2_8 (0) disconnected node: B
Cell sky130_fd_sc_hd__nand2_8 (0) disconnected node: VGND
Cell sky130_fd_sc_hd__nand2_8 (0) disconnected node: VNB
Cell sky130_fd_sc_hd__nand2_8 (0) disconnected node: VPB
Cell sky130_fd_sc_hd__nand2_8 (0) disconnected node: VPWR
Cell sky130_fd_sc_hd__nand2_8 (0) disconnected node: Y
Warning: Equate pins:  cell sky130_fd_sc_hd__nand2_8 is a placeholder, treated as a black box.

Subcircuit pins:
Circuit 1: sky130_fd_sc_hd__nand2_8        |Circuit 2: sky130_fd_sc_hd__nand2_8        
-------------------------------------------|-------------------------------------------
A                                          |A                                          
B                                          |B                                          
VGND                                       |VGND                                       
VNB                                        |VNB                                        
VPB                                        |VPB                                        
VPWR                                       |VPWR                                       
Y                                          |Y                                          
---------------------------------------------------------------------------------------
Cell pin lists are equivalent.
Device classes sky130_fd_sc_hd__nand2_8 and sky130_fd_sc_hd__nand2_8 are equivalent.

Cell sky130_fd_sc_hd__a21boi_1 (0) disconnected node: A1
Cell sky130_fd_sc_hd__a21boi_1 (0) disconnected node: A2
Cell sky130_fd_sc_hd__a21boi_1 (0) disconnected node: B1_N
Cell sky130_fd_sc_hd__a21boi_1 (0) disconnected node: VGND
Cell sky130_fd_sc_hd__a21boi_1 (0) disconnected node: VNB
Cell sky130_fd_sc_hd__a21boi_1 (0) disconnected node: VPB
Cell sky130_fd_sc_hd__a21boi_1 (0) disconnected node: VPWR
Cell sky130_fd_sc_hd__a21boi_1 (0) disconnected node: Y
Warning: Equate pins:  cell sky130_fd_sc_hd__a21boi_1 is a placeholder, treated as a black box.

Subcircuit pins:
Circuit 1: sky130_fd_sc_hd__a21boi_1       |Circuit 2: sky130_fd_sc_hd__a21boi_1       
-------------------------------------------|-------------------------------------------
A1                                         |A1                                         
A2                                         |A2                                         
B1_N                                       |B1_N                                       
VGND                                       |VGND                                       
VNB                                        |VNB                                        
VPB                                        |VPB                                        
VPWR                                       |VPWR                                       
Y                                          |Y                                          
---------------------------------------------------------------------------------------
Cell pin lists are equivalent.
Device classes sky130_fd_sc_hd__a21boi_1 and sky130_fd_sc_hd__a21boi_1 are equivalent.

Cell sky130_fd_sc_hd__o31a_2 (0) disconnected node: A1
Cell sky130_fd_sc_hd__o31a_2 (0) disconnected node: A2
Cell sky130_fd_sc_hd__o31a_2 (0) disconnected node: A3
Cell sky130_fd_sc_hd__o31a_2 (0) disconnected node: B1
Cell sky130_fd_sc_hd__o31a_2 (0) disconnected node: VGND
Cell sky130_fd_sc_hd__o31a_2 (0) disconnected node: VNB
Cell sky130_fd_sc_hd__o31a_2 (0) disconnected node: VPB
Cell sky130_fd_sc_hd__o31a_2 (0) disconnected node: VPWR
Cell sky130_fd_sc_hd__o31a_2 (0) disconnected node: X
Warning: Equate pins:  cell sky130_fd_sc_hd__o31a_2 is a placeholder, treated as a black box.

Subcircuit pins:
Circuit 1: sky130_fd_sc_hd__o31a_2         |Circuit 2: sky130_fd_sc_hd__o31a_2         
-------------------------------------------|-------------------------------------------
A1                                         |A1                                         
A2                                         |A2                                         
A3                                         |A3                                         
B1                                         |B1                                         
VGND                                       |VGND                                       
VNB                                        |VNB                                        
VPB                                        |VPB                                        
VPWR                                       |VPWR                                       
X                                          |X                                          
---------------------------------------------------------------------------------------
Cell pin lists are equivalent.
Device classes sky130_fd_sc_hd__o31a_2 and sky130_fd_sc_hd__o31a_2 are equivalent.

Cell sky130_fd_sc_hd__or2_2 (0) disconnected node: A
Cell sky130_fd_sc_hd__or2_2 (0) disconnected node: B
Cell sky130_fd_sc_hd__or2_2 (0) disconnected node: VGND
Cell sky130_fd_sc_hd__or2_2 (0) disconnected node: VNB
Cell sky130_fd_sc_hd__or2_2 (0) disconnected node: VPB
Cell sky130_fd_sc_hd__or2_2 (0) disconnected node: VPWR
Cell sky130_fd_sc_hd__or2_2 (0) disconnected node: X
Warning: Equate pins:  cell sky130_fd_sc_hd__or2_2 is a placeholder, treated as a black box.

Subcircuit pins:
Circuit 1: sky130_fd_sc_hd__or2_2          |Circuit 2: sky130_fd_sc_hd__or2_2          
-------------------------------------------|-------------------------------------------
A                                          |A                                          
B                                          |B                                          
VGND                                       |VGND                                       
VNB                                        |VNB                                        
VPB                                        |VPB                                        
VPWR                                       |VPWR                                       
X                                          |X                                          
---------------------------------------------------------------------------------------
Cell pin lists are equivalent.
Device classes sky130_fd_sc_hd__or2_2 and sky130_fd_sc_hd__or2_2 are equivalent.

Cell sky130_fd_sc_hd__and4_1 (0) disconnected node: A
Cell sky130_fd_sc_hd__and4_1 (0) disconnected node: B
Cell sky130_fd_sc_hd__and4_1 (0) disconnected node: C
Cell sky130_fd_sc_hd__and4_1 (0) disconnected node: D
Cell sky130_fd_sc_hd__and4_1 (0) disconnected node: VGND
Cell sky130_fd_sc_hd__and4_1 (0) disconnected node: VNB
Cell sky130_fd_sc_hd__and4_1 (0) disconnected node: VPB
Cell sky130_fd_sc_hd__and4_1 (0) disconnected node: VPWR
Cell sky130_fd_sc_hd__and4_1 (0) disconnected node: X
Warning: Equate pins:  cell sky130_fd_sc_hd__and4_1 is a placeholder, treated as a black box.

Subcircuit pins:
Circuit 1: sky130_fd_sc_hd__and4_1         |Circuit 2: sky130_fd_sc_hd__and4_1         
-------------------------------------------|-------------------------------------------
A                                          |A                                          
B                                          |B                                          
C                                          |C                                          
D                                          |D                                          
VGND                                       |VGND                                       
VNB                                        |VNB                                        
VPB                                        |VPB                                        
VPWR                                       |VPWR                                       
X                                          |X                                          
---------------------------------------------------------------------------------------
Cell pin lists are equivalent.
Device classes sky130_fd_sc_hd__and4_1 and sky130_fd_sc_hd__and4_1 are equivalent.

Cell sky130_fd_sc_hd__clkdlybuf4s25_1 (0) disconnected node: A
Cell sky130_fd_sc_hd__clkdlybuf4s25_1 (0) disconnected node: VGND
Cell sky130_fd_sc_hd__clkdlybuf4s25_1 (0) disconnected node: VNB
Cell sky130_fd_sc_hd__clkdlybuf4s25_1 (0) disconnected node: VPB
Cell sky130_fd_sc_hd__clkdlybuf4s25_1 (0) disconnected node: VPWR
Cell sky130_fd_sc_hd__clkdlybuf4s25_1 (0) disconnected node: X
Warning: Equate pins:  cell sky130_fd_sc_hd__clkdlybuf4s25_1 is a placeholder, treated as a black box.

Subcircuit pins:
Circuit 1: sky130_fd_sc_hd__clkdlybuf4s25_ |Circuit 2: sky130_fd_sc_hd__clkdlybuf4s25_ 
-------------------------------------------|-------------------------------------------
A                                          |A                                          
VGND                                       |VGND                                       
VNB                                        |VNB                                        
VPB                                        |VPB                                        
VPWR                                       |VPWR                                       
X                                          |X                                          
---------------------------------------------------------------------------------------
Cell pin lists are equivalent.
Device classes sky130_fd_sc_hd__clkdlybuf4s25_1 and sky130_fd_sc_hd__clkdlybuf4s25_1 are equivalent.

Cell sky130_fd_sc_hd__o32ai_1 (0) disconnected node: A1
Cell sky130_fd_sc_hd__o32ai_1 (0) disconnected node: A2
Cell sky130_fd_sc_hd__o32ai_1 (0) disconnected node: A3
Cell sky130_fd_sc_hd__o32ai_1 (0) disconnected node: B1
Cell sky130_fd_sc_hd__o32ai_1 (0) disconnected node: B2
Cell sky130_fd_sc_hd__o32ai_1 (0) disconnected node: VGND
Cell sky130_fd_sc_hd__o32ai_1 (0) disconnected node: VNB
Cell sky130_fd_sc_hd__o32ai_1 (0) disconnected node: VPB
Cell sky130_fd_sc_hd__o32ai_1 (0) disconnected node: VPWR
Cell sky130_fd_sc_hd__o32ai_1 (0) disconnected node: Y
Warning: Equate pins:  cell sky130_fd_sc_hd__o32ai_1 is a placeholder, treated as a black box.

Subcircuit pins:
Circuit 1: sky130_fd_sc_hd__o32ai_1        |Circuit 2: sky130_fd_sc_hd__o32ai_1        
-------------------------------------------|-------------------------------------------
A1                                         |A1                                         
A2                                         |A2                                         
A3                                         |A3                                         
B1                                         |B1                                         
B2                                         |B2                                         
VGND                                       |VGND                                       
VNB                                        |VNB                                        
VPB                                        |VPB                                        
VPWR                                       |VPWR                                       
Y                                          |Y                                          
---------------------------------------------------------------------------------------
Cell pin lists are equivalent.
Device classes sky130_fd_sc_hd__o32ai_1 and sky130_fd_sc_hd__o32ai_1 are equivalent.

Cell sky130_fd_sc_hd__dfstp_2 (0) disconnected node: CLK
Cell sky130_fd_sc_hd__dfstp_2 (0) disconnected node: D
Cell sky130_fd_sc_hd__dfstp_2 (0) disconnected node: SET_B
Cell sky130_fd_sc_hd__dfstp_2 (0) disconnected node: VGND
Cell sky130_fd_sc_hd__dfstp_2 (0) disconnected node: VNB
Cell sky130_fd_sc_hd__dfstp_2 (0) disconnected node: VPB
Cell sky130_fd_sc_hd__dfstp_2 (0) disconnected node: VPWR
Cell sky130_fd_sc_hd__dfstp_2 (0) disconnected node: Q
Warning: Equate pins:  cell sky130_fd_sc_hd__dfstp_2 is a placeholder, treated as a black box.

Subcircuit pins:
Circuit 1: sky130_fd_sc_hd__dfstp_2        |Circuit 2: sky130_fd_sc_hd__dfstp_2        
-------------------------------------------|-------------------------------------------
CLK                                        |CLK                                        
D                                          |D                                          
SET_B                                      |SET_B                                      
VGND                                       |VGND                                       
VNB                                        |VNB                                        
VPB                                        |VPB                                        
VPWR                                       |VPWR                                       
Q                                          |Q                                          
---------------------------------------------------------------------------------------
Cell pin lists are equivalent.
Device classes sky130_fd_sc_hd__dfstp_2 and sky130_fd_sc_hd__dfstp_2 are equivalent.

Cell sky130_fd_sc_hd__o22ai_1 (0) disconnected node: A1
Cell sky130_fd_sc_hd__o22ai_1 (0) disconnected node: A2
Cell sky130_fd_sc_hd__o22ai_1 (0) disconnected node: B1
Cell sky130_fd_sc_hd__o22ai_1 (0) disconnected node: B2
Cell sky130_fd_sc_hd__o22ai_1 (0) disconnected node: VGND
Cell sky130_fd_sc_hd__o22ai_1 (0) disconnected node: VNB
Cell sky130_fd_sc_hd__o22ai_1 (0) disconnected node: VPB
Cell sky130_fd_sc_hd__o22ai_1 (0) disconnected node: VPWR
Cell sky130_fd_sc_hd__o22ai_1 (0) disconnected node: Y
Warning: Equate pins:  cell sky130_fd_sc_hd__o22ai_1 is a placeholder, treated as a black box.

Subcircuit pins:
Circuit 1: sky130_fd_sc_hd__o22ai_1        |Circuit 2: sky130_fd_sc_hd__o22ai_1        
-------------------------------------------|-------------------------------------------
A1                                         |A1                                         
A2                                         |A2                                         
B1                                         |B1                                         
B2                                         |B2                                         
VGND                                       |VGND                                       
VNB                                        |VNB                                        
VPB                                        |VPB                                        
VPWR                                       |VPWR                                       
Y                                          |Y                                          
---------------------------------------------------------------------------------------
Cell pin lists are equivalent.
Device classes sky130_fd_sc_hd__o22ai_1 and sky130_fd_sc_hd__o22ai_1 are equivalent.

Cell sky130_fd_sc_hd__or2_4 (0) disconnected node: A
Cell sky130_fd_sc_hd__or2_4 (0) disconnected node: B
Cell sky130_fd_sc_hd__or2_4 (0) disconnected node: VGND
Cell sky130_fd_sc_hd__or2_4 (0) disconnected node: VNB
Cell sky130_fd_sc_hd__or2_4 (0) disconnected node: VPB
Cell sky130_fd_sc_hd__or2_4 (0) disconnected node: VPWR
Cell sky130_fd_sc_hd__or2_4 (0) disconnected node: X
Warning: Equate pins:  cell sky130_fd_sc_hd__or2_4 is a placeholder, treated as a black box.

Subcircuit pins:
Circuit 1: sky130_fd_sc_hd__or2_4          |Circuit 2: sky130_fd_sc_hd__or2_4          
-------------------------------------------|-------------------------------------------
A                                          |A                                          
B                                          |B                                          
VGND                                       |VGND                                       
VNB                                        |VNB                                        
VPB                                        |VPB                                        
VPWR                                       |VPWR                                       
X                                          |X                                          
---------------------------------------------------------------------------------------
Cell pin lists are equivalent.
Device classes sky130_fd_sc_hd__or2_4 and sky130_fd_sc_hd__or2_4 are equivalent.

Cell sky130_fd_sc_hd__nor2_4 (0) disconnected node: A
Cell sky130_fd_sc_hd__nor2_4 (0) disconnected node: B
Cell sky130_fd_sc_hd__nor2_4 (0) disconnected node: VGND
Cell sky130_fd_sc_hd__nor2_4 (0) disconnected node: VNB
Cell sky130_fd_sc_hd__nor2_4 (0) disconnected node: VPB
Cell sky130_fd_sc_hd__nor2_4 (0) disconnected node: VPWR
Cell sky130_fd_sc_hd__nor2_4 (0) disconnected node: Y
Warning: Equate pins:  cell sky130_fd_sc_hd__nor2_4 is a placeholder, treated as a black box.

Subcircuit pins:
Circuit 1: sky130_fd_sc_hd__nor2_4         |Circuit 2: sky130_fd_sc_hd__nor2_4         
-------------------------------------------|-------------------------------------------
A                                          |A                                          
B                                          |B                                          
VGND                                       |VGND                                       
VNB                                        |VNB                                        
VPB                                        |VPB                                        
VPWR                                       |VPWR                                       
Y                                          |Y                                          
---------------------------------------------------------------------------------------
Cell pin lists are equivalent.
Device classes sky130_fd_sc_hd__nor2_4 and sky130_fd_sc_hd__nor2_4 are equivalent.

Cell sky130_fd_sc_hd__o21bai_1 (0) disconnected node: A1
Cell sky130_fd_sc_hd__o21bai_1 (0) disconnected node: A2
Cell sky130_fd_sc_hd__o21bai_1 (0) disconnected node: B1_N
Cell sky130_fd_sc_hd__o21bai_1 (0) disconnected node: VGND
Cell sky130_fd_sc_hd__o21bai_1 (0) disconnected node: VNB
Cell sky130_fd_sc_hd__o21bai_1 (0) disconnected node: VPB
Cell sky130_fd_sc_hd__o21bai_1 (0) disconnected node: VPWR
Cell sky130_fd_sc_hd__o21bai_1 (0) disconnected node: Y
Warning: Equate pins:  cell sky130_fd_sc_hd__o21bai_1 is a placeholder, treated as a black box.

Subcircuit pins:
Circuit 1: sky130_fd_sc_hd__o21bai_1       |Circuit 2: sky130_fd_sc_hd__o21bai_1       
-------------------------------------------|-------------------------------------------
A1                                         |A1                                         
A2                                         |A2                                         
B1_N                                       |B1_N                                       
VGND                                       |VGND                                       
VNB                                        |VNB                                        
VPB                                        |VPB                                        
VPWR                                       |VPWR                                       
Y                                          |Y                                          
---------------------------------------------------------------------------------------
Cell pin lists are equivalent.
Device classes sky130_fd_sc_hd__o21bai_1 and sky130_fd_sc_hd__o21bai_1 are equivalent.

Cell sky130_fd_sc_hd__nand2_4 (0) disconnected node: A
Cell sky130_fd_sc_hd__nand2_4 (0) disconnected node: B
Cell sky130_fd_sc_hd__nand2_4 (0) disconnected node: VGND
Cell sky130_fd_sc_hd__nand2_4 (0) disconnected node: VNB
Cell sky130_fd_sc_hd__nand2_4 (0) disconnected node: VPB
Cell sky130_fd_sc_hd__nand2_4 (0) disconnected node: VPWR
Cell sky130_fd_sc_hd__nand2_4 (0) disconnected node: Y
Warning: Equate pins:  cell sky130_fd_sc_hd__nand2_4 is a placeholder, treated as a black box.

Subcircuit pins:
Circuit 1: sky130_fd_sc_hd__nand2_4        |Circuit 2: sky130_fd_sc_hd__nand2_4        
-------------------------------------------|-------------------------------------------
A                                          |A                                          
B                                          |B                                          
VGND                                       |VGND                                       
VNB                                        |VNB                                        
VPB                                        |VPB                                        
VPWR                                       |VPWR                                       
Y                                          |Y                                          
---------------------------------------------------------------------------------------
Cell pin lists are equivalent.
Device classes sky130_fd_sc_hd__nand2_4 and sky130_fd_sc_hd__nand2_4 are equivalent.

Cell sky130_fd_sc_hd__a41o_4 (0) disconnected node: A1
Cell sky130_fd_sc_hd__a41o_4 (0) disconnected node: A2
Cell sky130_fd_sc_hd__a41o_4 (0) disconnected node: A3
Cell sky130_fd_sc_hd__a41o_4 (0) disconnected node: A4
Cell sky130_fd_sc_hd__a41o_4 (0) disconnected node: B1
Cell sky130_fd_sc_hd__a41o_4 (0) disconnected node: VGND
Cell sky130_fd_sc_hd__a41o_4 (0) disconnected node: VNB
Cell sky130_fd_sc_hd__a41o_4 (0) disconnected node: VPB
Cell sky130_fd_sc_hd__a41o_4 (0) disconnected node: VPWR
Cell sky130_fd_sc_hd__a41o_4 (0) disconnected node: X
Warning: Equate pins:  cell sky130_fd_sc_hd__a41o_4 is a placeholder, treated as a black box.

Subcircuit pins:
Circuit 1: sky130_fd_sc_hd__a41o_4         |Circuit 2: sky130_fd_sc_hd__a41o_4         
-------------------------------------------|-------------------------------------------
A1                                         |A1                                         
A2                                         |A2                                         
A3                                         |A3                                         
A4                                         |A4                                         
B1                                         |B1                                         
VGND                                       |VGND                                       
VNB                                        |VNB                                        
VPB                                        |VPB                                        
VPWR                                       |VPWR                                       
X                                          |X                                          
---------------------------------------------------------------------------------------
Cell pin lists are equivalent.
Device classes sky130_fd_sc_hd__a41o_4 and sky130_fd_sc_hd__a41o_4 are equivalent.

Cell sky130_fd_sc_hd__nand3_2 (0) disconnected node: A
Cell sky130_fd_sc_hd__nand3_2 (0) disconnected node: B
Cell sky130_fd_sc_hd__nand3_2 (0) disconnected node: C
Cell sky130_fd_sc_hd__nand3_2 (0) disconnected node: VGND
Cell sky130_fd_sc_hd__nand3_2 (0) disconnected node: VNB
Cell sky130_fd_sc_hd__nand3_2 (0) disconnected node: VPB
Cell sky130_fd_sc_hd__nand3_2 (0) disconnected node: VPWR
Cell sky130_fd_sc_hd__nand3_2 (0) disconnected node: Y
Warning: Equate pins:  cell sky130_fd_sc_hd__nand3_2 is a placeholder, treated as a black box.

Subcircuit pins:
Circuit 1: sky130_fd_sc_hd__nand3_2        |Circuit 2: sky130_fd_sc_hd__nand3_2        
-------------------------------------------|-------------------------------------------
A                                          |A                                          
B                                          |B                                          
C                                          |C                                          
VGND                                       |VGND                                       
VNB                                        |VNB                                        
VPB                                        |VPB                                        
VPWR                                       |VPWR                                       
Y                                          |Y                                          
---------------------------------------------------------------------------------------
Cell pin lists are equivalent.
Device classes sky130_fd_sc_hd__nand3_2 and sky130_fd_sc_hd__nand3_2 are equivalent.

Cell sky130_fd_sc_hd__a2111oi_1 (0) disconnected node: A1
Cell sky130_fd_sc_hd__a2111oi_1 (0) disconnected node: A2
Cell sky130_fd_sc_hd__a2111oi_1 (0) disconnected node: B1
Cell sky130_fd_sc_hd__a2111oi_1 (0) disconnected node: C1
Cell sky130_fd_sc_hd__a2111oi_1 (0) disconnected node: D1
Cell sky130_fd_sc_hd__a2111oi_1 (0) disconnected node: VGND
Cell sky130_fd_sc_hd__a2111oi_1 (0) disconnected node: VNB
Cell sky130_fd_sc_hd__a2111oi_1 (0) disconnected node: VPB
Cell sky130_fd_sc_hd__a2111oi_1 (0) disconnected node: VPWR
Cell sky130_fd_sc_hd__a2111oi_1 (0) disconnected node: Y
Warning: Equate pins:  cell sky130_fd_sc_hd__a2111oi_1 is a placeholder, treated as a black box.

Subcircuit pins:
Circuit 1: sky130_fd_sc_hd__a2111oi_1      |Circuit 2: sky130_fd_sc_hd__a2111oi_1      
-------------------------------------------|-------------------------------------------
A1                                         |A1                                         
A2                                         |A2                                         
B1                                         |B1                                         
C1                                         |C1                                         
D1                                         |D1                                         
VGND                                       |VGND                                       
VNB                                        |VNB                                        
VPB                                        |VPB                                        
VPWR                                       |VPWR                                       
Y                                          |Y                                          
---------------------------------------------------------------------------------------
Cell pin lists are equivalent.
Device classes sky130_fd_sc_hd__a2111oi_1 and sky130_fd_sc_hd__a2111oi_1 are equivalent.

Cell sky130_fd_sc_hd__and4b_2 (0) disconnected node: A_N
Cell sky130_fd_sc_hd__and4b_2 (0) disconnected node: B
Cell sky130_fd_sc_hd__and4b_2 (0) disconnected node: C
Cell sky130_fd_sc_hd__and4b_2 (0) disconnected node: D
Cell sky130_fd_sc_hd__and4b_2 (0) disconnected node: VGND
Cell sky130_fd_sc_hd__and4b_2 (0) disconnected node: VNB
Cell sky130_fd_sc_hd__and4b_2 (0) disconnected node: VPB
Cell sky130_fd_sc_hd__and4b_2 (0) disconnected node: VPWR
Cell sky130_fd_sc_hd__and4b_2 (0) disconnected node: X
Warning: Equate pins:  cell sky130_fd_sc_hd__and4b_2 is a placeholder, treated as a black box.

Subcircuit pins:
Circuit 1: sky130_fd_sc_hd__and4b_2        |Circuit 2: sky130_fd_sc_hd__and4b_2        
-------------------------------------------|-------------------------------------------
A_N                                        |A_N                                        
B                                          |B                                          
C                                          |C                                          
D                                          |D                                          
VGND                                       |VGND                                       
VNB                                        |VNB                                        
VPB                                        |VPB                                        
VPWR                                       |VPWR                                       
X                                          |X                                          
---------------------------------------------------------------------------------------
Cell pin lists are equivalent.
Device classes sky130_fd_sc_hd__and4b_2 and sky130_fd_sc_hd__and4b_2 are equivalent.

Cell sky130_fd_sc_hd__a22o_2 (0) disconnected node: A1
Cell sky130_fd_sc_hd__a22o_2 (0) disconnected node: A2
Cell sky130_fd_sc_hd__a22o_2 (0) disconnected node: B1
Cell sky130_fd_sc_hd__a22o_2 (0) disconnected node: B2
Cell sky130_fd_sc_hd__a22o_2 (0) disconnected node: VGND
Cell sky130_fd_sc_hd__a22o_2 (0) disconnected node: VNB
Cell sky130_fd_sc_hd__a22o_2 (0) disconnected node: VPB
Cell sky130_fd_sc_hd__a22o_2 (0) disconnected node: VPWR
Cell sky130_fd_sc_hd__a22o_2 (0) disconnected node: X
Warning: Equate pins:  cell sky130_fd_sc_hd__a22o_2 is a placeholder, treated as a black box.

Subcircuit pins:
Circuit 1: sky130_fd_sc_hd__a22o_2         |Circuit 2: sky130_fd_sc_hd__a22o_2         
-------------------------------------------|-------------------------------------------
A1                                         |A1                                         
A2                                         |A2                                         
B1                                         |B1                                         
B2                                         |B2                                         
VGND                                       |VGND                                       
VNB                                        |VNB                                        
VPB                                        |VPB                                        
VPWR                                       |VPWR                                       
X                                          |X                                          
---------------------------------------------------------------------------------------
Cell pin lists are equivalent.
Device classes sky130_fd_sc_hd__a22o_2 and sky130_fd_sc_hd__a22o_2 are equivalent.

Cell sky130_fd_sc_hd__mux2_2 (0) disconnected node: A0
Cell sky130_fd_sc_hd__mux2_2 (0) disconnected node: A1
Cell sky130_fd_sc_hd__mux2_2 (0) disconnected node: S
Cell sky130_fd_sc_hd__mux2_2 (0) disconnected node: VGND
Cell sky130_fd_sc_hd__mux2_2 (0) disconnected node: VNB
Cell sky130_fd_sc_hd__mux2_2 (0) disconnected node: VPB
Cell sky130_fd_sc_hd__mux2_2 (0) disconnected node: VPWR
Cell sky130_fd_sc_hd__mux2_2 (0) disconnected node: X
Warning: Equate pins:  cell sky130_fd_sc_hd__mux2_2 is a placeholder, treated as a black box.

Subcircuit pins:
Circuit 1: sky130_fd_sc_hd__mux2_2         |Circuit 2: sky130_fd_sc_hd__mux2_2         
-------------------------------------------|-------------------------------------------
A0                                         |A0                                         
A1                                         |A1                                         
S                                          |S                                          
VGND                                       |VGND                                       
VNB                                        |VNB                                        
VPB                                        |VPB                                        
VPWR                                       |VPWR                                       
X                                          |X                                          
---------------------------------------------------------------------------------------
Cell pin lists are equivalent.
Device classes sky130_fd_sc_hd__mux2_2 and sky130_fd_sc_hd__mux2_2 are equivalent.

Cell sky130_fd_sc_hd__nor2b_2 (0) disconnected node: A
Cell sky130_fd_sc_hd__nor2b_2 (0) disconnected node: B_N
Cell sky130_fd_sc_hd__nor2b_2 (0) disconnected node: VGND
Cell sky130_fd_sc_hd__nor2b_2 (0) disconnected node: VNB
Cell sky130_fd_sc_hd__nor2b_2 (0) disconnected node: VPB
Cell sky130_fd_sc_hd__nor2b_2 (0) disconnected node: VPWR
Cell sky130_fd_sc_hd__nor2b_2 (0) disconnected node: Y
Warning: Equate pins:  cell sky130_fd_sc_hd__nor2b_2 is a placeholder, treated as a black box.

Subcircuit pins:
Circuit 1: sky130_fd_sc_hd__nor2b_2        |Circuit 2: sky130_fd_sc_hd__nor2b_2        
-------------------------------------------|-------------------------------------------
A                                          |A                                          
B_N                                        |B_N                                        
VGND                                       |VGND                                       
VNB                                        |VNB                                        
VPB                                        |VPB                                        
VPWR                                       |VPWR                                       
Y                                          |Y                                          
---------------------------------------------------------------------------------------
Cell pin lists are equivalent.
Device classes sky130_fd_sc_hd__nor2b_2 and sky130_fd_sc_hd__nor2b_2 are equivalent.

Cell sky130_fd_sc_hd__or4_4 (0) disconnected node: A
Cell sky130_fd_sc_hd__or4_4 (0) disconnected node: B
Cell sky130_fd_sc_hd__or4_4 (0) disconnected node: C
Cell sky130_fd_sc_hd__or4_4 (0) disconnected node: D
Cell sky130_fd_sc_hd__or4_4 (0) disconnected node: VGND
Cell sky130_fd_sc_hd__or4_4 (0) disconnected node: VNB
Cell sky130_fd_sc_hd__or4_4 (0) disconnected node: VPB
Cell sky130_fd_sc_hd__or4_4 (0) disconnected node: VPWR
Cell sky130_fd_sc_hd__or4_4 (0) disconnected node: X
Warning: Equate pins:  cell sky130_fd_sc_hd__or4_4 is a placeholder, treated as a black box.

Subcircuit pins:
Circuit 1: sky130_fd_sc_hd__or4_4          |Circuit 2: sky130_fd_sc_hd__or4_4          
-------------------------------------------|-------------------------------------------
A                                          |A                                          
B                                          |B                                          
C                                          |C                                          
D                                          |D                                          
VGND                                       |VGND                                       
VNB                                        |VNB                                        
VPB                                        |VPB                                        
VPWR                                       |VPWR                                       
X                                          |X                                          
---------------------------------------------------------------------------------------
Cell pin lists are equivalent.
Device classes sky130_fd_sc_hd__or4_4 and sky130_fd_sc_hd__or4_4 are equivalent.

Cell sky130_fd_sc_hd__and3_2 (0) disconnected node: A
Cell sky130_fd_sc_hd__and3_2 (0) disconnected node: B
Cell sky130_fd_sc_hd__and3_2 (0) disconnected node: C
Cell sky130_fd_sc_hd__and3_2 (0) disconnected node: VGND
Cell sky130_fd_sc_hd__and3_2 (0) disconnected node: VNB
Cell sky130_fd_sc_hd__and3_2 (0) disconnected node: VPB
Cell sky130_fd_sc_hd__and3_2 (0) disconnected node: VPWR
Cell sky130_fd_sc_hd__and3_2 (0) disconnected node: X
Warning: Equate pins:  cell sky130_fd_sc_hd__and3_2 is a placeholder, treated as a black box.

Subcircuit pins:
Circuit 1: sky130_fd_sc_hd__and3_2         |Circuit 2: sky130_fd_sc_hd__and3_2         
-------------------------------------------|-------------------------------------------
A                                          |A                                          
B                                          |B                                          
C                                          |C                                          
VGND                                       |VGND                                       
VNB                                        |VNB                                        
VPB                                        |VPB                                        
VPWR                                       |VPWR                                       
X                                          |X                                          
---------------------------------------------------------------------------------------
Cell pin lists are equivalent.
Device classes sky130_fd_sc_hd__and3_2 and sky130_fd_sc_hd__and3_2 are equivalent.

Cell sky130_fd_sc_hd__o21ai_2 (0) disconnected node: A1
Cell sky130_fd_sc_hd__o21ai_2 (0) disconnected node: A2
Cell sky130_fd_sc_hd__o21ai_2 (0) disconnected node: B1
Cell sky130_fd_sc_hd__o21ai_2 (0) disconnected node: VGND
Cell sky130_fd_sc_hd__o21ai_2 (0) disconnected node: VNB
Cell sky130_fd_sc_hd__o21ai_2 (0) disconnected node: VPB
Cell sky130_fd_sc_hd__o21ai_2 (0) disconnected node: VPWR
Cell sky130_fd_sc_hd__o21ai_2 (0) disconnected node: Y
Warning: Equate pins:  cell sky130_fd_sc_hd__o21ai_2 is a placeholder, treated as a black box.

Subcircuit pins:
Circuit 1: sky130_fd_sc_hd__o21ai_2        |Circuit 2: sky130_fd_sc_hd__o21ai_2        
-------------------------------------------|-------------------------------------------
A1                                         |A1                                         
A2                                         |A2                                         
B1                                         |B1                                         
VGND                                       |VGND                                       
VNB                                        |VNB                                        
VPB                                        |VPB                                        
VPWR                                       |VPWR                                       
Y                                          |Y                                          
---------------------------------------------------------------------------------------
Cell pin lists are equivalent.
Device classes sky130_fd_sc_hd__o21ai_2 and sky130_fd_sc_hd__o21ai_2 are equivalent.

Cell sky130_fd_sc_hd__and2b_2 (0) disconnected node: A_N
Cell sky130_fd_sc_hd__and2b_2 (0) disconnected node: B
Cell sky130_fd_sc_hd__and2b_2 (0) disconnected node: VGND
Cell sky130_fd_sc_hd__and2b_2 (0) disconnected node: VNB
Cell sky130_fd_sc_hd__and2b_2 (0) disconnected node: VPB
Cell sky130_fd_sc_hd__and2b_2 (0) disconnected node: VPWR
Cell sky130_fd_sc_hd__and2b_2 (0) disconnected node: X
Warning: Equate pins:  cell sky130_fd_sc_hd__and2b_2 is a placeholder, treated as a black box.

Subcircuit pins:
Circuit 1: sky130_fd_sc_hd__and2b_2        |Circuit 2: sky130_fd_sc_hd__and2b_2        
-------------------------------------------|-------------------------------------------
A_N                                        |A_N                                        
B                                          |B                                          
VGND                                       |VGND                                       
VNB                                        |VNB                                        
VPB                                        |VPB                                        
VPWR                                       |VPWR                                       
X                                          |X                                          
---------------------------------------------------------------------------------------
Cell pin lists are equivalent.
Device classes sky130_fd_sc_hd__and2b_2 and sky130_fd_sc_hd__and2b_2 are equivalent.

Cell sky130_fd_sc_hd__or4b_4 (0) disconnected node: A
Cell sky130_fd_sc_hd__or4b_4 (0) disconnected node: B
Cell sky130_fd_sc_hd__or4b_4 (0) disconnected node: C
Cell sky130_fd_sc_hd__or4b_4 (0) disconnected node: D_N
Cell sky130_fd_sc_hd__or4b_4 (0) disconnected node: VGND
Cell sky130_fd_sc_hd__or4b_4 (0) disconnected node: VNB
Cell sky130_fd_sc_hd__or4b_4 (0) disconnected node: VPB
Cell sky130_fd_sc_hd__or4b_4 (0) disconnected node: VPWR
Cell sky130_fd_sc_hd__or4b_4 (0) disconnected node: X
Warning: Equate pins:  cell sky130_fd_sc_hd__or4b_4 is a placeholder, treated as a black box.

Subcircuit pins:
Circuit 1: sky130_fd_sc_hd__or4b_4         |Circuit 2: sky130_fd_sc_hd__or4b_4         
-------------------------------------------|-------------------------------------------
A                                          |A                                          
B                                          |B                                          
C                                          |C                                          
D_N                                        |D_N                                        
VGND                                       |VGND                                       
VNB                                        |VNB                                        
VPB                                        |VPB                                        
VPWR                                       |VPWR                                       
X                                          |X                                          
---------------------------------------------------------------------------------------
Cell pin lists are equivalent.
Device classes sky130_fd_sc_hd__or4b_4 and sky130_fd_sc_hd__or4b_4 are equivalent.

Cell sky130_fd_sc_hd__or3b_4 (0) disconnected node: A
Cell sky130_fd_sc_hd__or3b_4 (0) disconnected node: B
Cell sky130_fd_sc_hd__or3b_4 (0) disconnected node: C_N
Cell sky130_fd_sc_hd__or3b_4 (0) disconnected node: VGND
Cell sky130_fd_sc_hd__or3b_4 (0) disconnected node: VNB
Cell sky130_fd_sc_hd__or3b_4 (0) disconnected node: VPB
Cell sky130_fd_sc_hd__or3b_4 (0) disconnected node: VPWR
Cell sky130_fd_sc_hd__or3b_4 (0) disconnected node: X
Warning: Equate pins:  cell sky130_fd_sc_hd__or3b_4 is a placeholder, treated as a black box.

Subcircuit pins:
Circuit 1: sky130_fd_sc_hd__or3b_4         |Circuit 2: sky130_fd_sc_hd__or3b_4         
-------------------------------------------|-------------------------------------------
A                                          |A                                          
B                                          |B                                          
C_N                                        |C_N                                        
VGND                                       |VGND                                       
VNB                                        |VNB                                        
VPB                                        |VPB                                        
VPWR                                       |VPWR                                       
X                                          |X                                          
---------------------------------------------------------------------------------------
Cell pin lists are equivalent.
Device classes sky130_fd_sc_hd__or3b_4 and sky130_fd_sc_hd__or3b_4 are equivalent.

Cell sky130_sram_1kbyte_1rw1r_32x256_8 (0) disconnected node: din0[0]
Cell sky130_sram_1kbyte_1rw1r_32x256_8 (0) disconnected node: din0[1]
Cell sky130_sram_1kbyte_1rw1r_32x256_8 (0) disconnected node: din0[2]
Cell sky130_sram_1kbyte_1rw1r_32x256_8 (0) disconnected node: din0[3]
Cell sky130_sram_1kbyte_1rw1r_32x256_8 (0) disconnected node: din0[4]
Cell sky130_sram_1kbyte_1rw1r_32x256_8 (0) disconnected node: din0[5]
Cell sky130_sram_1kbyte_1rw1r_32x256_8 (0) disconnected node: din0[6]
Cell sky130_sram_1kbyte_1rw1r_32x256_8 (0) disconnected node: din0[7]
Cell sky130_sram_1kbyte_1rw1r_32x256_8 (0) disconnected node: din0[8]
Cell sky130_sram_1kbyte_1rw1r_32x256_8 (0) disconnected node: din0[9]
Cell sky130_sram_1kbyte_1rw1r_32x256_8 (0) disconnected node: din0[10]
Cell sky130_sram_1kbyte_1rw1r_32x256_8 (0) disconnected node: din0[11]
Cell sky130_sram_1kbyte_1rw1r_32x256_8 (0) disconnected node: din0[12]
Cell sky130_sram_1kbyte_1rw1r_32x256_8 (0) disconnected node: din0[13]
Cell sky130_sram_1kbyte_1rw1r_32x256_8 (0) disconnected node: din0[14]
Cell sky130_sram_1kbyte_1rw1r_32x256_8 (0) disconnected node: din0[15]
Cell sky130_sram_1kbyte_1rw1r_32x256_8 (0) disconnected node: din0[16]
Cell sky130_sram_1kbyte_1rw1r_32x256_8 (0) disconnected node: din0[17]
Cell sky130_sram_1kbyte_1rw1r_32x256_8 (0) disconnected node: din0[18]
Cell sky130_sram_1kbyte_1rw1r_32x256_8 (0) disconnected node: din0[19]
Cell sky130_sram_1kbyte_1rw1r_32x256_8 (0) disconnected node: din0[20]
Cell sky130_sram_1kbyte_1rw1r_32x256_8 (0) disconnected node: din0[21]
Cell sky130_sram_1kbyte_1rw1r_32x256_8 (0) disconnected node: din0[22]
Cell sky130_sram_1kbyte_1rw1r_32x256_8 (0) disconnected node: din0[23]
Cell sky130_sram_1kbyte_1rw1r_32x256_8 (0) disconnected node: din0[24]
Cell sky130_sram_1kbyte_1rw1r_32x256_8 (0) disconnected node: din0[25]
Cell sky130_sram_1kbyte_1rw1r_32x256_8 (0) disconnected node: din0[26]
Cell sky130_sram_1kbyte_1rw1r_32x256_8 (0) disconnected node: din0[27]
Cell sky130_sram_1kbyte_1rw1r_32x256_8 (0) disconnected node: din0[28]
Cell sky130_sram_1kbyte_1rw1r_32x256_8 (0) disconnected node: din0[29]
Cell sky130_sram_1kbyte_1rw1r_32x256_8 (0) disconnected node: din0[30]
Cell sky130_sram_1kbyte_1rw1r_32x256_8 (0) disconnected node: din0[31]
Cell sky130_sram_1kbyte_1rw1r_32x256_8 (0) disconnected node: addr0[0]
Cell sky130_sram_1kbyte_1rw1r_32x256_8 (0) disconnected node: addr0[1]
Cell sky130_sram_1kbyte_1rw1r_32x256_8 (0) disconnected node: addr0[2]
Cell sky130_sram_1kbyte_1rw1r_32x256_8 (0) disconnected node: addr0[3]
Cell sky130_sram_1kbyte_1rw1r_32x256_8 (0) disconnected node: addr0[4]
Cell sky130_sram_1kbyte_1rw1r_32x256_8 (0) disconnected node: addr0[5]
Cell sky130_sram_1kbyte_1rw1r_32x256_8 (0) disconnected node: addr0[6]
Cell sky130_sram_1kbyte_1rw1r_32x256_8 (0) disconnected node: addr0[7]
Cell sky130_sram_1kbyte_1rw1r_32x256_8 (0) disconnected node: addr1[0]
Cell sky130_sram_1kbyte_1rw1r_32x256_8 (0) disconnected node: addr1[1]
Cell sky130_sram_1kbyte_1rw1r_32x256_8 (0) disconnected node: addr1[2]
Cell sky130_sram_1kbyte_1rw1r_32x256_8 (0) disconnected node: addr1[3]
Cell sky130_sram_1kbyte_1rw1r_32x256_8 (0) disconnected node: addr1[4]
Cell sky130_sram_1kbyte_1rw1r_32x256_8 (0) disconnected node: addr1[5]
Cell sky130_sram_1kbyte_1rw1r_32x256_8 (0) disconnected node: addr1[6]
Cell sky130_sram_1kbyte_1rw1r_32x256_8 (0) disconnected node: addr1[7]
Cell sky130_sram_1kbyte_1rw1r_32x256_8 (0) disconnected node: csb0
Cell sky130_sram_1kbyte_1rw1r_32x256_8 (0) disconnected node: csb1
Cell sky130_sram_1kbyte_1rw1r_32x256_8 (0) disconnected node: web0
Cell sky130_sram_1kbyte_1rw1r_32x256_8 (0) disconnected node: clk0
Cell sky130_sram_1kbyte_1rw1r_32x256_8 (0) disconnected node: clk1
Cell sky130_sram_1kbyte_1rw1r_32x256_8 (0) disconnected node: wmask0[0]
Cell sky130_sram_1kbyte_1rw1r_32x256_8 (0) disconnected node: wmask0[1]
Cell sky130_sram_1kbyte_1rw1r_32x256_8 (0) disconnected node: wmask0[2]
Cell sky130_sram_1kbyte_1rw1r_32x256_8 (0) disconnected node: wmask0[3]
Cell sky130_sram_1kbyte_1rw1r_32x256_8 (0) disconnected node: dout0[0]
Cell sky130_sram_1kbyte_1rw1r_32x256_8 (0) disconnected node: dout0[1]
Cell sky130_sram_1kbyte_1rw1r_32x256_8 (0) disconnected node: dout0[2]
Cell sky130_sram_1kbyte_1rw1r_32x256_8 (0) disconnected node: dout0[3]
Cell sky130_sram_1kbyte_1rw1r_32x256_8 (0) disconnected node: dout0[4]
Cell sky130_sram_1kbyte_1rw1r_32x256_8 (0) disconnected node: dout0[5]
Cell sky130_sram_1kbyte_1rw1r_32x256_8 (0) disconnected node: dout0[6]
Cell sky130_sram_1kbyte_1rw1r_32x256_8 (0) disconnected node: dout0[7]
Cell sky130_sram_1kbyte_1rw1r_32x256_8 (0) disconnected node: dout0[8]
Cell sky130_sram_1kbyte_1rw1r_32x256_8 (0) disconnected node: dout0[9]
Cell sky130_sram_1kbyte_1rw1r_32x256_8 (0) disconnected node: dout0[10]
Cell sky130_sram_1kbyte_1rw1r_32x256_8 (0) disconnected node: dout0[11]
Cell sky130_sram_1kbyte_1rw1r_32x256_8 (0) disconnected node: dout0[12]
Cell sky130_sram_1kbyte_1rw1r_32x256_8 (0) disconnected node: dout0[13]
Cell sky130_sram_1kbyte_1rw1r_32x256_8 (0) disconnected node: dout0[14]
Cell sky130_sram_1kbyte_1rw1r_32x256_8 (0) disconnected node: dout0[15]
Cell sky130_sram_1kbyte_1rw1r_32x256_8 (0) disconnected node: dout0[16]
Cell sky130_sram_1kbyte_1rw1r_32x256_8 (0) disconnected node: dout0[17]
Cell sky130_sram_1kbyte_1rw1r_32x256_8 (0) disconnected node: dout0[18]
Cell sky130_sram_1kbyte_1rw1r_32x256_8 (0) disconnected node: dout0[19]
Cell sky130_sram_1kbyte_1rw1r_32x256_8 (0) disconnected node: dout0[20]
Cell sky130_sram_1kbyte_1rw1r_32x256_8 (0) disconnected node: dout0[21]
Cell sky130_sram_1kbyte_1rw1r_32x256_8 (0) disconnected node: dout0[22]
Cell sky130_sram_1kbyte_1rw1r_32x256_8 (0) disconnected node: dout0[23]
Cell sky130_sram_1kbyte_1rw1r_32x256_8 (0) disconnected node: dout0[24]
Cell sky130_sram_1kbyte_1rw1r_32x256_8 (0) disconnected node: dout0[25]
Cell sky130_sram_1kbyte_1rw1r_32x256_8 (0) disconnected node: dout0[26]
Cell sky130_sram_1kbyte_1rw1r_32x256_8 (0) disconnected node: dout0[27]
Cell sky130_sram_1kbyte_1rw1r_32x256_8 (0) disconnected node: dout0[28]
Cell sky130_sram_1kbyte_1rw1r_32x256_8 (0) disconnected node: dout0[29]
Cell sky130_sram_1kbyte_1rw1r_32x256_8 (0) disconnected node: dout0[30]
Cell sky130_sram_1kbyte_1rw1r_32x256_8 (0) disconnected node: dout0[31]
Cell sky130_sram_1kbyte_1rw1r_32x256_8 (0) disconnected node: dout1[0]
Cell sky130_sram_1kbyte_1rw1r_32x256_8 (0) disconnected node: dout1[1]
Cell sky130_sram_1kbyte_1rw1r_32x256_8 (0) disconnected node: dout1[2]
Cell sky130_sram_1kbyte_1rw1r_32x256_8 (0) disconnected node: dout1[3]
Cell sky130_sram_1kbyte_1rw1r_32x256_8 (0) disconnected node: dout1[4]
Cell sky130_sram_1kbyte_1rw1r_32x256_8 (0) disconnected node: dout1[5]
Cell sky130_sram_1kbyte_1rw1r_32x256_8 (0) disconnected node: dout1[6]
Cell sky130_sram_1kbyte_1rw1r_32x256_8 (0) disconnected node: dout1[7]
Cell sky130_sram_1kbyte_1rw1r_32x256_8 (0) disconnected node: dout1[8]
Cell sky130_sram_1kbyte_1rw1r_32x256_8 (0) disconnected node: dout1[9]
Cell sky130_sram_1kbyte_1rw1r_32x256_8 (0) disconnected node: dout1[10]
Cell sky130_sram_1kbyte_1rw1r_32x256_8 (0) disconnected node: dout1[11]
Cell sky130_sram_1kbyte_1rw1r_32x256_8 (0) disconnected node: dout1[12]
Cell sky130_sram_1kbyte_1rw1r_32x256_8 (0) disconnected node: dout1[13]
Cell sky130_sram_1kbyte_1rw1r_32x256_8 (0) disconnected node: dout1[14]
Cell sky130_sram_1kbyte_1rw1r_32x256_8 (0) disconnected node: dout1[15]
Cell sky130_sram_1kbyte_1rw1r_32x256_8 (0) disconnected node: dout1[16]
Cell sky130_sram_1kbyte_1rw1r_32x256_8 (0) disconnected node: dout1[17]
Cell sky130_sram_1kbyte_1rw1r_32x256_8 (0) disconnected node: dout1[18]
Cell sky130_sram_1kbyte_1rw1r_32x256_8 (0) disconnected node: dout1[19]
Cell sky130_sram_1kbyte_1rw1r_32x256_8 (0) disconnected node: dout1[20]
Cell sky130_sram_1kbyte_1rw1r_32x256_8 (0) disconnected node: dout1[21]
Cell sky130_sram_1kbyte_1rw1r_32x256_8 (0) disconnected node: dout1[22]
Cell sky130_sram_1kbyte_1rw1r_32x256_8 (0) disconnected node: dout1[23]
Cell sky130_sram_1kbyte_1rw1r_32x256_8 (0) disconnected node: dout1[24]
Cell sky130_sram_1kbyte_1rw1r_32x256_8 (0) disconnected node: dout1[25]
Cell sky130_sram_1kbyte_1rw1r_32x256_8 (0) disconnected node: dout1[26]
Cell sky130_sram_1kbyte_1rw1r_32x256_8 (0) disconnected node: dout1[27]
Cell sky130_sram_1kbyte_1rw1r_32x256_8 (0) disconnected node: dout1[28]
Cell sky130_sram_1kbyte_1rw1r_32x256_8 (0) disconnected node: dout1[29]
Cell sky130_sram_1kbyte_1rw1r_32x256_8 (0) disconnected node: dout1[30]
Cell sky130_sram_1kbyte_1rw1r_32x256_8 (0) disconnected node: dout1[31]
Cell sky130_sram_1kbyte_1rw1r_32x256_8 (0) disconnected node: vccd1
Cell sky130_sram_1kbyte_1rw1r_32x256_8 (0) disconnected node: vssd1
Warning: Equate pins:  cell sky130_sram_1kbyte_1rw1r_32x256_8 is a placeholder, treated as a black box.

Subcircuit pins:
Circuit 1: sky130_sram_1kbyte_1rw1r_32x256 |Circuit 2: sky130_sram_1kbyte_1rw1r_32x256 
-------------------------------------------|-------------------------------------------
din0[0]                                    |din0[0]                                    
din0[1]                                    |din0[1]                                    
din0[2]                                    |din0[2]                                    
din0[3]                                    |din0[3]                                    
din0[4]                                    |din0[4]                                    
din0[5]                                    |din0[5]                                    
din0[6]                                    |din0[6]                                    
din0[7]                                    |din0[7]                                    
din0[8]                                    |din0[8]                                    
din0[9]                                    |din0[9]                                    
din0[10]                                   |din0[10]                                   
din0[11]                                   |din0[11]                                   
din0[12]                                   |din0[12]                                   
din0[13]                                   |din0[13]                                   
din0[14]                                   |din0[14]                                   
din0[15]                                   |din0[15]                                   
din0[16]                                   |din0[16]                                   
din0[17]                                   |din0[17]                                   
din0[18]                                   |din0[18]                                   
din0[19]                                   |din0[19]                                   
din0[20]                                   |din0[20]                                   
din0[21]                                   |din0[21]                                   
din0[22]                                   |din0[22]                                   
din0[23]                                   |din0[23]                                   
din0[24]                                   |din0[24]                                   
din0[25]                                   |din0[25]                                   
din0[26]                                   |din0[26]                                   
din0[27]                                   |din0[27]                                   
din0[28]                                   |din0[28]                                   
din0[29]                                   |din0[29]                                   
din0[30]                                   |din0[30]                                   
din0[31]                                   |din0[31]                                   
addr0[0]                                   |addr0[0]                                   
addr0[1]                                   |addr0[1]                                   
addr0[2]                                   |addr0[2]                                   
addr0[3]                                   |addr0[3]                                   
addr0[4]                                   |addr0[4]                                   
addr0[5]                                   |addr0[5]                                   
addr0[6]                                   |addr0[6]                                   
addr0[7]                                   |addr0[7]                                   
addr1[0]                                   |addr1[0]                                   
addr1[1]                                   |addr1[1]                                   
addr1[2]                                   |addr1[2]                                   
addr1[3]                                   |addr1[3]                                   
addr1[4]                                   |addr1[4]                                   
addr1[5]                                   |addr1[5]                                   
addr1[6]                                   |addr1[6]                                   
addr1[7]                                   |addr1[7]                                   
csb0                                       |csb0                                       
csb1                                       |csb1                                       
web0                                       |web0                                       
clk0                                       |clk0                                       
clk1                                       |clk1                                       
wmask0[0]                                  |wmask0[0]                                  
wmask0[1]                                  |wmask0[1]                                  
wmask0[2]                                  |wmask0[2]                                  
wmask0[3]                                  |wmask0[3]                                  
dout0[0]                                   |dout0[0]                                   
dout0[1]                                   |dout0[1]                                   
dout0[2]                                   |dout0[2]                                   
dout0[3]                                   |dout0[3]                                   
dout0[4]                                   |dout0[4]                                   
dout0[5]                                   |dout0[5]                                   
dout0[6]                                   |dout0[6]                                   
dout0[7]                                   |dout0[7]                                   
dout0[8]                                   |dout0[8]                                   
dout0[9]                                   |dout0[9]                                   
dout0[10]                                  |dout0[10]                                  
dout0[11]                                  |dout0[11]                                  
dout0[12]                                  |dout0[12]                                  
dout0[13]                                  |dout0[13]                                  
dout0[14]                                  |dout0[14]                                  
dout0[15]                                  |dout0[15]                                  
dout0[16]                                  |dout0[16]                                  
dout0[17]                                  |dout0[17]                                  
dout0[18]                                  |dout0[18]                                  
dout0[19]                                  |dout0[19]                                  
dout0[20]                                  |dout0[20]                                  
dout0[21]                                  |dout0[21]                                  
dout0[22]                                  |dout0[22]                                  
dout0[23]                                  |dout0[23]                                  
dout0[24]                                  |dout0[24]                                  
dout0[25]                                  |dout0[25]                                  
dout0[26]                                  |dout0[26]                                  
dout0[27]                                  |dout0[27]                                  
dout0[28]                                  |dout0[28]                                  
dout0[29]                                  |dout0[29]                                  
dout0[30]                                  |dout0[30]                                  
dout0[31]                                  |dout0[31]                                  
dout1[0]                                   |dout1[0]                                   
dout1[1]                                   |dout1[1]                                   
dout1[2]                                   |dout1[2]                                   
dout1[3]                                   |dout1[3]                                   
dout1[4]                                   |dout1[4]                                   
dout1[5]                                   |dout1[5]                                   
dout1[6]                                   |dout1[6]                                   
dout1[7]                                   |dout1[7]                                   
dout1[8]                                   |dout1[8]                                   
dout1[9]                                   |dout1[9]                                   
dout1[10]                                  |dout1[10]                                  
dout1[11]                                  |dout1[11]                                  
dout1[12]                                  |dout1[12]                                  
dout1[13]                                  |dout1[13]                                  
dout1[14]                                  |dout1[14]                                  
dout1[15]                                  |dout1[15]                                  
dout1[16]                                  |dout1[16]                                  
dout1[17]                                  |dout1[17]                                  
dout1[18]                                  |dout1[18]                                  
dout1[19]                                  |dout1[19]                                  
dout1[20]                                  |dout1[20]                                  
dout1[21]                                  |dout1[21]                                  
dout1[22]                                  |dout1[22]                                  
dout1[23]                                  |dout1[23]                                  
dout1[24]                                  |dout1[24]                                  
dout1[25]                                  |dout1[25]                                  
dout1[26]                                  |dout1[26]                                  
dout1[27]                                  |dout1[27]                                  
dout1[28]                                  |dout1[28]                                  
dout1[29]                                  |dout1[29]                                  
dout1[30]                                  |dout1[30]                                  
dout1[31]                                  |dout1[31]                                  
vccd1                                      |vccd1                                      
vssd1                                      |vssd1                                      
---------------------------------------------------------------------------------------
Cell pin lists are equivalent.
Device classes sky130_sram_1kbyte_1rw1r_32x256_8 and sky130_sram_1kbyte_1rw1r_32x256_8 are equivalent.

Cell sky130_fd_sc_hd__or4b_2 (0) disconnected node: A
Cell sky130_fd_sc_hd__or4b_2 (0) disconnected node: B
Cell sky130_fd_sc_hd__or4b_2 (0) disconnected node: C
Cell sky130_fd_sc_hd__or4b_2 (0) disconnected node: D_N
Cell sky130_fd_sc_hd__or4b_2 (0) disconnected node: VGND
Cell sky130_fd_sc_hd__or4b_2 (0) disconnected node: VNB
Cell sky130_fd_sc_hd__or4b_2 (0) disconnected node: VPB
Cell sky130_fd_sc_hd__or4b_2 (0) disconnected node: VPWR
Cell sky130_fd_sc_hd__or4b_2 (0) disconnected node: X
Warning: Equate pins:  cell sky130_fd_sc_hd__or4b_2 is a placeholder, treated as a black box.

Subcircuit pins:
Circuit 1: sky130_fd_sc_hd__or4b_2         |Circuit 2: sky130_fd_sc_hd__or4b_2         
-------------------------------------------|-------------------------------------------
A                                          |A                                          
B                                          |B                                          
C                                          |C                                          
D_N                                        |D_N                                        
VGND                                       |VGND                                       
VNB                                        |VNB                                        
VPB                                        |VPB                                        
VPWR                                       |VPWR                                       
X                                          |X                                          
---------------------------------------------------------------------------------------
Cell pin lists are equivalent.
Device classes sky130_fd_sc_hd__or4b_2 and sky130_fd_sc_hd__or4b_2 are equivalent.

Cell sky130_fd_sc_hd__nand4b_4 (0) disconnected node: A_N
Cell sky130_fd_sc_hd__nand4b_4 (0) disconnected node: B
Cell sky130_fd_sc_hd__nand4b_4 (0) disconnected node: C
Cell sky130_fd_sc_hd__nand4b_4 (0) disconnected node: D
Cell sky130_fd_sc_hd__nand4b_4 (0) disconnected node: VGND
Cell sky130_fd_sc_hd__nand4b_4 (0) disconnected node: VNB
Cell sky130_fd_sc_hd__nand4b_4 (0) disconnected node: VPB
Cell sky130_fd_sc_hd__nand4b_4 (0) disconnected node: VPWR
Cell sky130_fd_sc_hd__nand4b_4 (0) disconnected node: Y
Warning: Equate pins:  cell sky130_fd_sc_hd__nand4b_4 is a placeholder, treated as a black box.

Subcircuit pins:
Circuit 1: sky130_fd_sc_hd__nand4b_4       |Circuit 2: sky130_fd_sc_hd__nand4b_4       
-------------------------------------------|-------------------------------------------
A_N                                        |A_N                                        
B                                          |B                                          
C                                          |C                                          
D                                          |D                                          
VGND                                       |VGND                                       
VNB                                        |VNB                                        
VPB                                        |VPB                                        
VPWR                                       |VPWR                                       
Y                                          |Y                                          
---------------------------------------------------------------------------------------
Cell pin lists are equivalent.
Device classes sky130_fd_sc_hd__nand4b_4 and sky130_fd_sc_hd__nand4b_4 are equivalent.

Cell sky130_fd_sc_hd__o22a_4 (0) disconnected node: A1
Cell sky130_fd_sc_hd__o22a_4 (0) disconnected node: A2
Cell sky130_fd_sc_hd__o22a_4 (0) disconnected node: B1
Cell sky130_fd_sc_hd__o22a_4 (0) disconnected node: B2
Cell sky130_fd_sc_hd__o22a_4 (0) disconnected node: VGND
Cell sky130_fd_sc_hd__o22a_4 (0) disconnected node: VNB
Cell sky130_fd_sc_hd__o22a_4 (0) disconnected node: VPB
Cell sky130_fd_sc_hd__o22a_4 (0) disconnected node: VPWR
Cell sky130_fd_sc_hd__o22a_4 (0) disconnected node: X
Warning: Equate pins:  cell sky130_fd_sc_hd__o22a_4 is a placeholder, treated as a black box.

Subcircuit pins:
Circuit 1: sky130_fd_sc_hd__o22a_4         |Circuit 2: sky130_fd_sc_hd__o22a_4         
-------------------------------------------|-------------------------------------------
A1                                         |A1                                         
A2                                         |A2                                         
B1                                         |B1                                         
B2                                         |B2                                         
VGND                                       |VGND                                       
VNB                                        |VNB                                        
VPB                                        |VPB                                        
VPWR                                       |VPWR                                       
X                                          |X                                          
---------------------------------------------------------------------------------------
Cell pin lists are equivalent.
Device classes sky130_fd_sc_hd__o22a_4 and sky130_fd_sc_hd__o22a_4 are equivalent.

Cell sky130_fd_sc_hd__xor2_4 (0) disconnected node: A
Cell sky130_fd_sc_hd__xor2_4 (0) disconnected node: B
Cell sky130_fd_sc_hd__xor2_4 (0) disconnected node: VGND
Cell sky130_fd_sc_hd__xor2_4 (0) disconnected node: VNB
Cell sky130_fd_sc_hd__xor2_4 (0) disconnected node: VPB
Cell sky130_fd_sc_hd__xor2_4 (0) disconnected node: VPWR
Cell sky130_fd_sc_hd__xor2_4 (0) disconnected node: X
Warning: Equate pins:  cell sky130_fd_sc_hd__xor2_4 is a placeholder, treated as a black box.

Subcircuit pins:
Circuit 1: sky130_fd_sc_hd__xor2_4         |Circuit 2: sky130_fd_sc_hd__xor2_4         
-------------------------------------------|-------------------------------------------
A                                          |A                                          
B                                          |B                                          
VGND                                       |VGND                                       
VNB                                        |VNB                                        
VPB                                        |VPB                                        
VPWR                                       |VPWR                                       
X                                          |X                                          
---------------------------------------------------------------------------------------
Cell pin lists are equivalent.
Device classes sky130_fd_sc_hd__xor2_4 and sky130_fd_sc_hd__xor2_4 are equivalent.

Cell sky130_fd_sc_hd__o22ai_2 (0) disconnected node: A1
Cell sky130_fd_sc_hd__o22ai_2 (0) disconnected node: A2
Cell sky130_fd_sc_hd__o22ai_2 (0) disconnected node: B1
Cell sky130_fd_sc_hd__o22ai_2 (0) disconnected node: B2
Cell sky130_fd_sc_hd__o22ai_2 (0) disconnected node: VGND
Cell sky130_fd_sc_hd__o22ai_2 (0) disconnected node: VNB
Cell sky130_fd_sc_hd__o22ai_2 (0) disconnected node: VPB
Cell sky130_fd_sc_hd__o22ai_2 (0) disconnected node: VPWR
Cell sky130_fd_sc_hd__o22ai_2 (0) disconnected node: Y
Warning: Equate pins:  cell sky130_fd_sc_hd__o22ai_2 is a placeholder, treated as a black box.

Subcircuit pins:
Circuit 1: sky130_fd_sc_hd__o22ai_2        |Circuit 2: sky130_fd_sc_hd__o22ai_2        
-------------------------------------------|-------------------------------------------
A1                                         |A1                                         
A2                                         |A2                                         
B1                                         |B1                                         
B2                                         |B2                                         
VGND                                       |VGND                                       
VNB                                        |VNB                                        
VPB                                        |VPB                                        
VPWR                                       |VPWR                                       
Y                                          |Y                                          
---------------------------------------------------------------------------------------
Cell pin lists are equivalent.
Device classes sky130_fd_sc_hd__o22ai_2 and sky130_fd_sc_hd__o22ai_2 are equivalent.

Cell sky130_fd_sc_hd__o31ai_1 (0) disconnected node: A1
Cell sky130_fd_sc_hd__o31ai_1 (0) disconnected node: A2
Cell sky130_fd_sc_hd__o31ai_1 (0) disconnected node: A3
Cell sky130_fd_sc_hd__o31ai_1 (0) disconnected node: B1
Cell sky130_fd_sc_hd__o31ai_1 (0) disconnected node: VGND
Cell sky130_fd_sc_hd__o31ai_1 (0) disconnected node: VNB
Cell sky130_fd_sc_hd__o31ai_1 (0) disconnected node: VPB
Cell sky130_fd_sc_hd__o31ai_1 (0) disconnected node: VPWR
Cell sky130_fd_sc_hd__o31ai_1 (0) disconnected node: Y
Warning: Equate pins:  cell sky130_fd_sc_hd__o31ai_1 is a placeholder, treated as a black box.

Subcircuit pins:
Circuit 1: sky130_fd_sc_hd__o31ai_1        |Circuit 2: sky130_fd_sc_hd__o31ai_1        
-------------------------------------------|-------------------------------------------
A1                                         |A1                                         
A2                                         |A2                                         
A3                                         |A3                                         
B1                                         |B1                                         
VGND                                       |VGND                                       
VNB                                        |VNB                                        
VPB                                        |VPB                                        
VPWR                                       |VPWR                                       
Y                                          |Y                                          
---------------------------------------------------------------------------------------
Cell pin lists are equivalent.
Device classes sky130_fd_sc_hd__o31ai_1 and sky130_fd_sc_hd__o31ai_1 are equivalent.

Cell sky130_fd_sc_hd__a311o_2 (0) disconnected node: A1
Cell sky130_fd_sc_hd__a311o_2 (0) disconnected node: A2
Cell sky130_fd_sc_hd__a311o_2 (0) disconnected node: A3
Cell sky130_fd_sc_hd__a311o_2 (0) disconnected node: B1
Cell sky130_fd_sc_hd__a311o_2 (0) disconnected node: C1
Cell sky130_fd_sc_hd__a311o_2 (0) disconnected node: VGND
Cell sky130_fd_sc_hd__a311o_2 (0) disconnected node: VNB
Cell sky130_fd_sc_hd__a311o_2 (0) disconnected node: VPB
Cell sky130_fd_sc_hd__a311o_2 (0) disconnected node: VPWR
Cell sky130_fd_sc_hd__a311o_2 (0) disconnected node: X
Warning: Equate pins:  cell sky130_fd_sc_hd__a311o_2 is a placeholder, treated as a black box.

Subcircuit pins:
Circuit 1: sky130_fd_sc_hd__a311o_2        |Circuit 2: sky130_fd_sc_hd__a311o_2        
-------------------------------------------|-------------------------------------------
A1                                         |A1                                         
A2                                         |A2                                         
A3                                         |A3                                         
B1                                         |B1                                         
C1                                         |C1                                         
VGND                                       |VGND                                       
VNB                                        |VNB                                        
VPB                                        |VPB                                        
VPWR                                       |VPWR                                       
X                                          |X                                          
---------------------------------------------------------------------------------------
Cell pin lists are equivalent.
Device classes sky130_fd_sc_hd__a311o_2 and sky130_fd_sc_hd__a311o_2 are equivalent.

Cell sky130_fd_sc_hd__dfstp_1 (0) disconnected node: CLK
Cell sky130_fd_sc_hd__dfstp_1 (0) disconnected node: D
Cell sky130_fd_sc_hd__dfstp_1 (0) disconnected node: SET_B
Cell sky130_fd_sc_hd__dfstp_1 (0) disconnected node: VGND
Cell sky130_fd_sc_hd__dfstp_1 (0) disconnected node: VNB
Cell sky130_fd_sc_hd__dfstp_1 (0) disconnected node: VPB
Cell sky130_fd_sc_hd__dfstp_1 (0) disconnected node: VPWR
Cell sky130_fd_sc_hd__dfstp_1 (0) disconnected node: Q
Warning: Equate pins:  cell sky130_fd_sc_hd__dfstp_1 is a placeholder, treated as a black box.

Subcircuit pins:
Circuit 1: sky130_fd_sc_hd__dfstp_1        |Circuit 2: sky130_fd_sc_hd__dfstp_1        
-------------------------------------------|-------------------------------------------
CLK                                        |CLK                                        
D                                          |D                                          
SET_B                                      |SET_B                                      
VGND                                       |VGND                                       
VNB                                        |VNB                                        
VPB                                        |VPB                                        
VPWR                                       |VPWR                                       
Q                                          |Q                                          
---------------------------------------------------------------------------------------
Cell pin lists are equivalent.
Device classes sky130_fd_sc_hd__dfstp_1 and sky130_fd_sc_hd__dfstp_1 are equivalent.

Cell sky130_fd_sc_hd__or4_2 (0) disconnected node: A
Cell sky130_fd_sc_hd__or4_2 (0) disconnected node: B
Cell sky130_fd_sc_hd__or4_2 (0) disconnected node: C
Cell sky130_fd_sc_hd__or4_2 (0) disconnected node: D
Cell sky130_fd_sc_hd__or4_2 (0) disconnected node: VGND
Cell sky130_fd_sc_hd__or4_2 (0) disconnected node: VNB
Cell sky130_fd_sc_hd__or4_2 (0) disconnected node: VPB
Cell sky130_fd_sc_hd__or4_2 (0) disconnected node: VPWR
Cell sky130_fd_sc_hd__or4_2 (0) disconnected node: X
Warning: Equate pins:  cell sky130_fd_sc_hd__or4_2 is a placeholder, treated as a black box.

Subcircuit pins:
Circuit 1: sky130_fd_sc_hd__or4_2          |Circuit 2: sky130_fd_sc_hd__or4_2          
-------------------------------------------|-------------------------------------------
A                                          |A                                          
B                                          |B                                          
C                                          |C                                          
D                                          |D                                          
VGND                                       |VGND                                       
VNB                                        |VNB                                        
VPB                                        |VPB                                        
VPWR                                       |VPWR                                       
X                                          |X                                          
---------------------------------------------------------------------------------------
Cell pin lists are equivalent.
Device classes sky130_fd_sc_hd__or4_2 and sky130_fd_sc_hd__or4_2 are equivalent.

Cell sky130_fd_sc_hd__o211ai_1 (0) disconnected node: A1
Cell sky130_fd_sc_hd__o211ai_1 (0) disconnected node: A2
Cell sky130_fd_sc_hd__o211ai_1 (0) disconnected node: B1
Cell sky130_fd_sc_hd__o211ai_1 (0) disconnected node: C1
Cell sky130_fd_sc_hd__o211ai_1 (0) disconnected node: VGND
Cell sky130_fd_sc_hd__o211ai_1 (0) disconnected node: VNB
Cell sky130_fd_sc_hd__o211ai_1 (0) disconnected node: VPB
Cell sky130_fd_sc_hd__o211ai_1 (0) disconnected node: VPWR
Cell sky130_fd_sc_hd__o211ai_1 (0) disconnected node: Y
Warning: Equate pins:  cell sky130_fd_sc_hd__o211ai_1 is a placeholder, treated as a black box.

Subcircuit pins:
Circuit 1: sky130_fd_sc_hd__o211ai_1       |Circuit 2: sky130_fd_sc_hd__o211ai_1       
-------------------------------------------|-------------------------------------------
A1                                         |A1                                         
A2                                         |A2                                         
B1                                         |B1                                         
C1                                         |C1                                         
VGND                                       |VGND                                       
VNB                                        |VNB                                        
VPB                                        |VPB                                        
VPWR                                       |VPWR                                       
Y                                          |Y                                          
---------------------------------------------------------------------------------------
Cell pin lists are equivalent.
Device classes sky130_fd_sc_hd__o211ai_1 and sky130_fd_sc_hd__o211ai_1 are equivalent.

Cell sky130_fd_sc_hd__a221o_4 (0) disconnected node: A1
Cell sky130_fd_sc_hd__a221o_4 (0) disconnected node: A2
Cell sky130_fd_sc_hd__a221o_4 (0) disconnected node: B1
Cell sky130_fd_sc_hd__a221o_4 (0) disconnected node: B2
Cell sky130_fd_sc_hd__a221o_4 (0) disconnected node: C1
Cell sky130_fd_sc_hd__a221o_4 (0) disconnected node: VGND
Cell sky130_fd_sc_hd__a221o_4 (0) disconnected node: VNB
Cell sky130_fd_sc_hd__a221o_4 (0) disconnected node: VPB
Cell sky130_fd_sc_hd__a221o_4 (0) disconnected node: VPWR
Cell sky130_fd_sc_hd__a221o_4 (0) disconnected node: X
Warning: Equate pins:  cell sky130_fd_sc_hd__a221o_4 is a placeholder, treated as a black box.

Subcircuit pins:
Circuit 1: sky130_fd_sc_hd__a221o_4        |Circuit 2: sky130_fd_sc_hd__a221o_4        
-------------------------------------------|-------------------------------------------
A1                                         |A1                                         
A2                                         |A2                                         
B1                                         |B1                                         
B2                                         |B2                                         
C1                                         |C1                                         
VGND                                       |VGND                                       
VNB                                        |VNB                                        
VPB                                        |VPB                                        
VPWR                                       |VPWR                                       
X                                          |X                                          
---------------------------------------------------------------------------------------
Cell pin lists are equivalent.
Device classes sky130_fd_sc_hd__a221o_4 and sky130_fd_sc_hd__a221o_4 are equivalent.

Cell sky130_fd_sc_hd__mux2_4 (0) disconnected node: A0
Cell sky130_fd_sc_hd__mux2_4 (0) disconnected node: A1
Cell sky130_fd_sc_hd__mux2_4 (0) disconnected node: S
Cell sky130_fd_sc_hd__mux2_4 (0) disconnected node: VGND
Cell sky130_fd_sc_hd__mux2_4 (0) disconnected node: VNB
Cell sky130_fd_sc_hd__mux2_4 (0) disconnected node: VPB
Cell sky130_fd_sc_hd__mux2_4 (0) disconnected node: VPWR
Cell sky130_fd_sc_hd__mux2_4 (0) disconnected node: X
Warning: Equate pins:  cell sky130_fd_sc_hd__mux2_4 is a placeholder, treated as a black box.

Subcircuit pins:
Circuit 1: sky130_fd_sc_hd__mux2_4         |Circuit 2: sky130_fd_sc_hd__mux2_4         
-------------------------------------------|-------------------------------------------
A0                                         |A0                                         
A1                                         |A1                                         
S                                          |S                                          
VGND                                       |VGND                                       
VNB                                        |VNB                                        
VPB                                        |VPB                                        
VPWR                                       |VPWR                                       
X                                          |X                                          
---------------------------------------------------------------------------------------
Cell pin lists are equivalent.
Device classes sky130_fd_sc_hd__mux2_4 and sky130_fd_sc_hd__mux2_4 are equivalent.

Cell sky130_fd_sc_hd__mux4_2 (0) disconnected node: A0
Cell sky130_fd_sc_hd__mux4_2 (0) disconnected node: A1
Cell sky130_fd_sc_hd__mux4_2 (0) disconnected node: A2
Cell sky130_fd_sc_hd__mux4_2 (0) disconnected node: A3
Cell sky130_fd_sc_hd__mux4_2 (0) disconnected node: S0
Cell sky130_fd_sc_hd__mux4_2 (0) disconnected node: S1
Cell sky130_fd_sc_hd__mux4_2 (0) disconnected node: VGND
Cell sky130_fd_sc_hd__mux4_2 (0) disconnected node: VNB
Cell sky130_fd_sc_hd__mux4_2 (0) disconnected node: VPB
Cell sky130_fd_sc_hd__mux4_2 (0) disconnected node: VPWR
Cell sky130_fd_sc_hd__mux4_2 (0) disconnected node: X
Warning: Equate pins:  cell sky130_fd_sc_hd__mux4_2 is a placeholder, treated as a black box.

Subcircuit pins:
Circuit 1: sky130_fd_sc_hd__mux4_2         |Circuit 2: sky130_fd_sc_hd__mux4_2         
-------------------------------------------|-------------------------------------------
A0                                         |A0                                         
A1                                         |A1                                         
A2                                         |A2                                         
A3                                         |A3                                         
S0                                         |S0                                         
S1                                         |S1                                         
VGND                                       |VGND                                       
VNB                                        |VNB                                        
VPB                                        |VPB                                        
VPWR                                       |VPWR                                       
X                                          |X                                          
---------------------------------------------------------------------------------------
Cell pin lists are equivalent.
Device classes sky130_fd_sc_hd__mux4_2 and sky130_fd_sc_hd__mux4_2 are equivalent.

Cell sky130_fd_sc_hd__a21o_2 (0) disconnected node: A1
Cell sky130_fd_sc_hd__a21o_2 (0) disconnected node: A2
Cell sky130_fd_sc_hd__a21o_2 (0) disconnected node: B1
Cell sky130_fd_sc_hd__a21o_2 (0) disconnected node: VGND
Cell sky130_fd_sc_hd__a21o_2 (0) disconnected node: VNB
Cell sky130_fd_sc_hd__a21o_2 (0) disconnected node: VPB
Cell sky130_fd_sc_hd__a21o_2 (0) disconnected node: VPWR
Cell sky130_fd_sc_hd__a21o_2 (0) disconnected node: X
Warning: Equate pins:  cell sky130_fd_sc_hd__a21o_2 is a placeholder, treated as a black box.

Subcircuit pins:
Circuit 1: sky130_fd_sc_hd__a21o_2         |Circuit 2: sky130_fd_sc_hd__a21o_2         
-------------------------------------------|-------------------------------------------
A1                                         |A1                                         
A2                                         |A2                                         
B1                                         |B1                                         
VGND                                       |VGND                                       
VNB                                        |VNB                                        
VPB                                        |VPB                                        
VPWR                                       |VPWR                                       
X                                          |X                                          
---------------------------------------------------------------------------------------
Cell pin lists are equivalent.
Device classes sky130_fd_sc_hd__a21o_2 and sky130_fd_sc_hd__a21o_2 are equivalent.

Cell sky130_fd_sc_hd__and4_2 (0) disconnected node: A
Cell sky130_fd_sc_hd__and4_2 (0) disconnected node: B
Cell sky130_fd_sc_hd__and4_2 (0) disconnected node: C
Cell sky130_fd_sc_hd__and4_2 (0) disconnected node: D
Cell sky130_fd_sc_hd__and4_2 (0) disconnected node: VGND
Cell sky130_fd_sc_hd__and4_2 (0) disconnected node: VNB
Cell sky130_fd_sc_hd__and4_2 (0) disconnected node: VPB
Cell sky130_fd_sc_hd__and4_2 (0) disconnected node: VPWR
Cell sky130_fd_sc_hd__and4_2 (0) disconnected node: X
Warning: Equate pins:  cell sky130_fd_sc_hd__and4_2 is a placeholder, treated as a black box.

Subcircuit pins:
Circuit 1: sky130_fd_sc_hd__and4_2         |Circuit 2: sky130_fd_sc_hd__and4_2         
-------------------------------------------|-------------------------------------------
A                                          |A                                          
B                                          |B                                          
C                                          |C                                          
D                                          |D                                          
VGND                                       |VGND                                       
VNB                                        |VNB                                        
VPB                                        |VPB                                        
VPWR                                       |VPWR                                       
X                                          |X                                          
---------------------------------------------------------------------------------------
Cell pin lists are equivalent.
Device classes sky130_fd_sc_hd__and4_2 and sky130_fd_sc_hd__and4_2 are equivalent.

Cell sky130_fd_sc_hd__a211o_2 (0) disconnected node: A1
Cell sky130_fd_sc_hd__a211o_2 (0) disconnected node: A2
Cell sky130_fd_sc_hd__a211o_2 (0) disconnected node: B1
Cell sky130_fd_sc_hd__a211o_2 (0) disconnected node: C1
Cell sky130_fd_sc_hd__a211o_2 (0) disconnected node: VGND
Cell sky130_fd_sc_hd__a211o_2 (0) disconnected node: VNB
Cell sky130_fd_sc_hd__a211o_2 (0) disconnected node: VPB
Cell sky130_fd_sc_hd__a211o_2 (0) disconnected node: VPWR
Cell sky130_fd_sc_hd__a211o_2 (0) disconnected node: X
Warning: Equate pins:  cell sky130_fd_sc_hd__a211o_2 is a placeholder, treated as a black box.

Subcircuit pins:
Circuit 1: sky130_fd_sc_hd__a211o_2        |Circuit 2: sky130_fd_sc_hd__a211o_2        
-------------------------------------------|-------------------------------------------
A1                                         |A1                                         
A2                                         |A2                                         
B1                                         |B1                                         
C1                                         |C1                                         
VGND                                       |VGND                                       
VNB                                        |VNB                                        
VPB                                        |VPB                                        
VPWR                                       |VPWR                                       
X                                          |X                                          
---------------------------------------------------------------------------------------
Cell pin lists are equivalent.
Device classes sky130_fd_sc_hd__a211o_2 and sky130_fd_sc_hd__a211o_2 are equivalent.

Cell sky130_fd_sc_hd__o41a_2 (0) disconnected node: A1
Cell sky130_fd_sc_hd__o41a_2 (0) disconnected node: A2
Cell sky130_fd_sc_hd__o41a_2 (0) disconnected node: A3
Cell sky130_fd_sc_hd__o41a_2 (0) disconnected node: A4
Cell sky130_fd_sc_hd__o41a_2 (0) disconnected node: B1
Cell sky130_fd_sc_hd__o41a_2 (0) disconnected node: VGND
Cell sky130_fd_sc_hd__o41a_2 (0) disconnected node: VNB
Cell sky130_fd_sc_hd__o41a_2 (0) disconnected node: VPB
Cell sky130_fd_sc_hd__o41a_2 (0) disconnected node: VPWR
Cell sky130_fd_sc_hd__o41a_2 (0) disconnected node: X
Warning: Equate pins:  cell sky130_fd_sc_hd__o41a_2 is a placeholder, treated as a black box.

Subcircuit pins:
Circuit 1: sky130_fd_sc_hd__o41a_2         |Circuit 2: sky130_fd_sc_hd__o41a_2         
-------------------------------------------|-------------------------------------------
A1                                         |A1                                         
A2                                         |A2                                         
A3                                         |A3                                         
A4                                         |A4                                         
B1                                         |B1                                         
VGND                                       |VGND                                       
VNB                                        |VNB                                        
VPB                                        |VPB                                        
VPWR                                       |VPWR                                       
X                                          |X                                          
---------------------------------------------------------------------------------------
Cell pin lists are equivalent.
Device classes sky130_fd_sc_hd__o41a_2 and sky130_fd_sc_hd__o41a_2 are equivalent.

Cell sky130_fd_sc_hd__a211oi_1 (0) disconnected node: A1
Cell sky130_fd_sc_hd__a211oi_1 (0) disconnected node: A2
Cell sky130_fd_sc_hd__a211oi_1 (0) disconnected node: B1
Cell sky130_fd_sc_hd__a211oi_1 (0) disconnected node: C1
Cell sky130_fd_sc_hd__a211oi_1 (0) disconnected node: VGND
Cell sky130_fd_sc_hd__a211oi_1 (0) disconnected node: VNB
Cell sky130_fd_sc_hd__a211oi_1 (0) disconnected node: VPB
Cell sky130_fd_sc_hd__a211oi_1 (0) disconnected node: VPWR
Cell sky130_fd_sc_hd__a211oi_1 (0) disconnected node: Y
Warning: Equate pins:  cell sky130_fd_sc_hd__a211oi_1 is a placeholder, treated as a black box.

Subcircuit pins:
Circuit 1: sky130_fd_sc_hd__a211oi_1       |Circuit 2: sky130_fd_sc_hd__a211oi_1       
-------------------------------------------|-------------------------------------------
A1                                         |A1                                         
A2                                         |A2                                         
B1                                         |B1                                         
C1                                         |C1                                         
VGND                                       |VGND                                       
VNB                                        |VNB                                        
VPB                                        |VPB                                        
VPWR                                       |VPWR                                       
Y                                          |Y                                          
---------------------------------------------------------------------------------------
Cell pin lists are equivalent.
Device classes sky130_fd_sc_hd__a211oi_1 and sky130_fd_sc_hd__a211oi_1 are equivalent.

Cell sky130_fd_sc_hd__nand4_4 (0) disconnected node: A
Cell sky130_fd_sc_hd__nand4_4 (0) disconnected node: B
Cell sky130_fd_sc_hd__nand4_4 (0) disconnected node: C
Cell sky130_fd_sc_hd__nand4_4 (0) disconnected node: D
Cell sky130_fd_sc_hd__nand4_4 (0) disconnected node: VGND
Cell sky130_fd_sc_hd__nand4_4 (0) disconnected node: VNB
Cell sky130_fd_sc_hd__nand4_4 (0) disconnected node: VPB
Cell sky130_fd_sc_hd__nand4_4 (0) disconnected node: VPWR
Cell sky130_fd_sc_hd__nand4_4 (0) disconnected node: Y
Warning: Equate pins:  cell sky130_fd_sc_hd__nand4_4 is a placeholder, treated as a black box.

Subcircuit pins:
Circuit 1: sky130_fd_sc_hd__nand4_4        |Circuit 2: sky130_fd_sc_hd__nand4_4        
-------------------------------------------|-------------------------------------------
A                                          |A                                          
B                                          |B                                          
C                                          |C                                          
D                                          |D                                          
VGND                                       |VGND                                       
VNB                                        |VNB                                        
VPB                                        |VPB                                        
VPWR                                       |VPWR                                       
Y                                          |Y                                          
---------------------------------------------------------------------------------------
Cell pin lists are equivalent.
Device classes sky130_fd_sc_hd__nand4_4 and sky130_fd_sc_hd__nand4_4 are equivalent.

Cell sky130_fd_sc_hd__a311oi_2 (0) disconnected node: A1
Cell sky130_fd_sc_hd__a311oi_2 (0) disconnected node: A2
Cell sky130_fd_sc_hd__a311oi_2 (0) disconnected node: A3
Cell sky130_fd_sc_hd__a311oi_2 (0) disconnected node: B1
Cell sky130_fd_sc_hd__a311oi_2 (0) disconnected node: C1
Cell sky130_fd_sc_hd__a311oi_2 (0) disconnected node: VGND
Cell sky130_fd_sc_hd__a311oi_2 (0) disconnected node: VNB
Cell sky130_fd_sc_hd__a311oi_2 (0) disconnected node: VPB
Cell sky130_fd_sc_hd__a311oi_2 (0) disconnected node: VPWR
Cell sky130_fd_sc_hd__a311oi_2 (0) disconnected node: Y
Warning: Equate pins:  cell sky130_fd_sc_hd__a311oi_2 is a placeholder, treated as a black box.

Subcircuit pins:
Circuit 1: sky130_fd_sc_hd__a311oi_2       |Circuit 2: sky130_fd_sc_hd__a311oi_2       
-------------------------------------------|-------------------------------------------
A1                                         |A1                                         
A2                                         |A2                                         
A3                                         |A3                                         
B1                                         |B1                                         
C1                                         |C1                                         
VGND                                       |VGND                                       
VNB                                        |VNB                                        
VPB                                        |VPB                                        
VPWR                                       |VPWR                                       
Y                                          |Y                                          
---------------------------------------------------------------------------------------
Cell pin lists are equivalent.
Device classes sky130_fd_sc_hd__a311oi_2 and sky130_fd_sc_hd__a311oi_2 are equivalent.

Cell sky130_fd_sc_hd__or2b_2 (0) disconnected node: A
Cell sky130_fd_sc_hd__or2b_2 (0) disconnected node: B_N
Cell sky130_fd_sc_hd__or2b_2 (0) disconnected node: VGND
Cell sky130_fd_sc_hd__or2b_2 (0) disconnected node: VNB
Cell sky130_fd_sc_hd__or2b_2 (0) disconnected node: VPB
Cell sky130_fd_sc_hd__or2b_2 (0) disconnected node: VPWR
Cell sky130_fd_sc_hd__or2b_2 (0) disconnected node: X
Warning: Equate pins:  cell sky130_fd_sc_hd__or2b_2 is a placeholder, treated as a black box.

Subcircuit pins:
Circuit 1: sky130_fd_sc_hd__or2b_2         |Circuit 2: sky130_fd_sc_hd__or2b_2         
-------------------------------------------|-------------------------------------------
A                                          |A                                          
B_N                                        |B_N                                        
VGND                                       |VGND                                       
VNB                                        |VNB                                        
VPB                                        |VPB                                        
VPWR                                       |VPWR                                       
X                                          |X                                          
---------------------------------------------------------------------------------------
Cell pin lists are equivalent.
Device classes sky130_fd_sc_hd__or2b_2 and sky130_fd_sc_hd__or2b_2 are equivalent.

Cell sky130_fd_sc_hd__nand4_1 (0) disconnected node: A
Cell sky130_fd_sc_hd__nand4_1 (0) disconnected node: B
Cell sky130_fd_sc_hd__nand4_1 (0) disconnected node: C
Cell sky130_fd_sc_hd__nand4_1 (0) disconnected node: D
Cell sky130_fd_sc_hd__nand4_1 (0) disconnected node: VGND
Cell sky130_fd_sc_hd__nand4_1 (0) disconnected node: VNB
Cell sky130_fd_sc_hd__nand4_1 (0) disconnected node: VPB
Cell sky130_fd_sc_hd__nand4_1 (0) disconnected node: VPWR
Cell sky130_fd_sc_hd__nand4_1 (0) disconnected node: Y
Warning: Equate pins:  cell sky130_fd_sc_hd__nand4_1 is a placeholder, treated as a black box.

Subcircuit pins:
Circuit 1: sky130_fd_sc_hd__nand4_1        |Circuit 2: sky130_fd_sc_hd__nand4_1        
-------------------------------------------|-------------------------------------------
A                                          |A                                          
B                                          |B                                          
C                                          |C                                          
D                                          |D                                          
VGND                                       |VGND                                       
VNB                                        |VNB                                        
VPB                                        |VPB                                        
VPWR                                       |VPWR                                       
Y                                          |Y                                          
---------------------------------------------------------------------------------------
Cell pin lists are equivalent.
Device classes sky130_fd_sc_hd__nand4_1 and sky130_fd_sc_hd__nand4_1 are equivalent.

Cell sky130_sram_1kbyte_1rw1r_8x1024_8 (0) disconnected node: din0[0]
Cell sky130_sram_1kbyte_1rw1r_8x1024_8 (0) disconnected node: din0[1]
Cell sky130_sram_1kbyte_1rw1r_8x1024_8 (0) disconnected node: din0[2]
Cell sky130_sram_1kbyte_1rw1r_8x1024_8 (0) disconnected node: din0[3]
Cell sky130_sram_1kbyte_1rw1r_8x1024_8 (0) disconnected node: din0[4]
Cell sky130_sram_1kbyte_1rw1r_8x1024_8 (0) disconnected node: din0[5]
Cell sky130_sram_1kbyte_1rw1r_8x1024_8 (0) disconnected node: din0[6]
Cell sky130_sram_1kbyte_1rw1r_8x1024_8 (0) disconnected node: din0[7]
Cell sky130_sram_1kbyte_1rw1r_8x1024_8 (0) disconnected node: addr0[0]
Cell sky130_sram_1kbyte_1rw1r_8x1024_8 (0) disconnected node: addr0[1]
Cell sky130_sram_1kbyte_1rw1r_8x1024_8 (0) disconnected node: addr0[2]
Cell sky130_sram_1kbyte_1rw1r_8x1024_8 (0) disconnected node: addr0[3]
Cell sky130_sram_1kbyte_1rw1r_8x1024_8 (0) disconnected node: addr0[4]
Cell sky130_sram_1kbyte_1rw1r_8x1024_8 (0) disconnected node: addr0[5]
Cell sky130_sram_1kbyte_1rw1r_8x1024_8 (0) disconnected node: addr0[6]
Cell sky130_sram_1kbyte_1rw1r_8x1024_8 (0) disconnected node: addr0[7]
Cell sky130_sram_1kbyte_1rw1r_8x1024_8 (0) disconnected node: addr0[8]
Cell sky130_sram_1kbyte_1rw1r_8x1024_8 (0) disconnected node: addr0[9]
Cell sky130_sram_1kbyte_1rw1r_8x1024_8 (0) disconnected node: addr1[0]
Cell sky130_sram_1kbyte_1rw1r_8x1024_8 (0) disconnected node: addr1[1]
Cell sky130_sram_1kbyte_1rw1r_8x1024_8 (0) disconnected node: addr1[2]
Cell sky130_sram_1kbyte_1rw1r_8x1024_8 (0) disconnected node: addr1[3]
Cell sky130_sram_1kbyte_1rw1r_8x1024_8 (0) disconnected node: addr1[4]
Cell sky130_sram_1kbyte_1rw1r_8x1024_8 (0) disconnected node: addr1[5]
Cell sky130_sram_1kbyte_1rw1r_8x1024_8 (0) disconnected node: addr1[6]
Cell sky130_sram_1kbyte_1rw1r_8x1024_8 (0) disconnected node: addr1[7]
Cell sky130_sram_1kbyte_1rw1r_8x1024_8 (0) disconnected node: addr1[8]
Cell sky130_sram_1kbyte_1rw1r_8x1024_8 (0) disconnected node: addr1[9]
Cell sky130_sram_1kbyte_1rw1r_8x1024_8 (0) disconnected node: csb0
Cell sky130_sram_1kbyte_1rw1r_8x1024_8 (0) disconnected node: csb1
Cell sky130_sram_1kbyte_1rw1r_8x1024_8 (0) disconnected node: web0
Cell sky130_sram_1kbyte_1rw1r_8x1024_8 (0) disconnected node: clk0
Cell sky130_sram_1kbyte_1rw1r_8x1024_8 (0) disconnected node: clk1
Cell sky130_sram_1kbyte_1rw1r_8x1024_8 (0) disconnected node: wmask0[0]
Cell sky130_sram_1kbyte_1rw1r_8x1024_8 (0) disconnected node: dout0[0]
Cell sky130_sram_1kbyte_1rw1r_8x1024_8 (0) disconnected node: dout0[1]
Cell sky130_sram_1kbyte_1rw1r_8x1024_8 (0) disconnected node: dout0[2]
Cell sky130_sram_1kbyte_1rw1r_8x1024_8 (0) disconnected node: dout0[3]
Cell sky130_sram_1kbyte_1rw1r_8x1024_8 (0) disconnected node: dout0[4]
Cell sky130_sram_1kbyte_1rw1r_8x1024_8 (0) disconnected node: dout0[5]
Cell sky130_sram_1kbyte_1rw1r_8x1024_8 (0) disconnected node: dout0[6]
Cell sky130_sram_1kbyte_1rw1r_8x1024_8 (0) disconnected node: dout0[7]
Cell sky130_sram_1kbyte_1rw1r_8x1024_8 (0) disconnected node: dout1[0]
Cell sky130_sram_1kbyte_1rw1r_8x1024_8 (0) disconnected node: dout1[1]
Cell sky130_sram_1kbyte_1rw1r_8x1024_8 (0) disconnected node: dout1[2]
Cell sky130_sram_1kbyte_1rw1r_8x1024_8 (0) disconnected node: dout1[3]
Cell sky130_sram_1kbyte_1rw1r_8x1024_8 (0) disconnected node: dout1[4]
Cell sky130_sram_1kbyte_1rw1r_8x1024_8 (0) disconnected node: dout1[5]
Cell sky130_sram_1kbyte_1rw1r_8x1024_8 (0) disconnected node: dout1[6]
Cell sky130_sram_1kbyte_1rw1r_8x1024_8 (0) disconnected node: dout1[7]
Cell sky130_sram_1kbyte_1rw1r_8x1024_8 (0) disconnected node: vccd1
Cell sky130_sram_1kbyte_1rw1r_8x1024_8 (0) disconnected node: vssd1
Warning: Equate pins:  cell sky130_sram_1kbyte_1rw1r_8x1024_8 is a placeholder, treated as a black box.

Subcircuit pins:
Circuit 1: sky130_sram_1kbyte_1rw1r_8x1024 |Circuit 2: sky130_sram_1kbyte_1rw1r_8x1024 
-------------------------------------------|-------------------------------------------
din0[0]                                    |din0[0]                                    
din0[1]                                    |din0[1]                                    
din0[2]                                    |din0[2]                                    
din0[3]                                    |din0[3]                                    
din0[4]                                    |din0[4]                                    
din0[5]                                    |din0[5]                                    
din0[6]                                    |din0[6]                                    
din0[7]                                    |din0[7]                                    
addr0[0]                                   |addr0[0]                                   
addr0[1]                                   |addr0[1]                                   
addr0[2]                                   |addr0[2]                                   
addr0[3]                                   |addr0[3]                                   
addr0[4]                                   |addr0[4]                                   
addr0[5]                                   |addr0[5]                                   
addr0[6]                                   |addr0[6]                                   
addr0[7]                                   |addr0[7]                                   
addr0[8]                                   |addr0[8]                                   
addr0[9]                                   |addr0[9]                                   
addr1[0]                                   |addr1[0]                                   
addr1[1]                                   |addr1[1]                                   
addr1[2]                                   |addr1[2]                                   
addr1[3]                                   |addr1[3]                                   
addr1[4]                                   |addr1[4]                                   
addr1[5]                                   |addr1[5]                                   
addr1[6]                                   |addr1[6]                                   
addr1[7]                                   |addr1[7]                                   
addr1[8]                                   |addr1[8]                                   
addr1[9]                                   |addr1[9]                                   
csb0                                       |csb0                                       
csb1                                       |csb1                                       
web0                                       |web0                                       
clk0                                       |clk0                                       
clk1                                       |clk1                                       
wmask0[0]                                  |\wmask0[0]                                 
dout0[0]                                   |dout0[0]                                   
dout0[1]                                   |dout0[1]                                   
dout0[2]                                   |dout0[2]                                   
dout0[3]                                   |dout0[3]                                   
dout0[4]                                   |dout0[4]                                   
dout0[5]                                   |dout0[5]                                   
dout0[6]                                   |dout0[6]                                   
dout0[7]                                   |dout0[7]                                   
dout1[0]                                   |dout1[0]                                   
dout1[1]                                   |dout1[1]                                   
dout1[2]                                   |dout1[2]                                   
dout1[3]                                   |dout1[3]                                   
dout1[4]                                   |dout1[4]                                   
dout1[5]                                   |dout1[5]                                   
dout1[6]                                   |dout1[6]                                   
dout1[7]                                   |dout1[7]                                   
vccd1                                      |vccd1                                      
vssd1                                      |vssd1                                      
---------------------------------------------------------------------------------------
Cell pin lists are equivalent.
Device classes sky130_sram_1kbyte_1rw1r_8x1024_8 and sky130_sram_1kbyte_1rw1r_8x1024_8 are equivalent.

Cell sky130_fd_sc_hd__o32ai_2 (0) disconnected node: A1
Cell sky130_fd_sc_hd__o32ai_2 (0) disconnected node: A2
Cell sky130_fd_sc_hd__o32ai_2 (0) disconnected node: A3
Cell sky130_fd_sc_hd__o32ai_2 (0) disconnected node: B1
Cell sky130_fd_sc_hd__o32ai_2 (0) disconnected node: B2
Cell sky130_fd_sc_hd__o32ai_2 (0) disconnected node: VGND
Cell sky130_fd_sc_hd__o32ai_2 (0) disconnected node: VNB
Cell sky130_fd_sc_hd__o32ai_2 (0) disconnected node: VPB
Cell sky130_fd_sc_hd__o32ai_2 (0) disconnected node: VPWR
Cell sky130_fd_sc_hd__o32ai_2 (0) disconnected node: Y
Warning: Equate pins:  cell sky130_fd_sc_hd__o32ai_2 is a placeholder, treated as a black box.

Subcircuit pins:
Circuit 1: sky130_fd_sc_hd__o32ai_2        |Circuit 2: sky130_fd_sc_hd__o32ai_2        
-------------------------------------------|-------------------------------------------
A1                                         |A1                                         
A2                                         |A2                                         
A3                                         |A3                                         
B1                                         |B1                                         
B2                                         |B2                                         
VGND                                       |VGND                                       
VNB                                        |VNB                                        
VPB                                        |VPB                                        
VPWR                                       |VPWR                                       
Y                                          |Y                                          
---------------------------------------------------------------------------------------
Cell pin lists are equivalent.
Device classes sky130_fd_sc_hd__o32ai_2 and sky130_fd_sc_hd__o32ai_2 are equivalent.

Cell sky130_fd_sc_hd__nand3b_2 (0) disconnected node: A_N
Cell sky130_fd_sc_hd__nand3b_2 (0) disconnected node: B
Cell sky130_fd_sc_hd__nand3b_2 (0) disconnected node: C
Cell sky130_fd_sc_hd__nand3b_2 (0) disconnected node: VGND
Cell sky130_fd_sc_hd__nand3b_2 (0) disconnected node: VNB
Cell sky130_fd_sc_hd__nand3b_2 (0) disconnected node: VPB
Cell sky130_fd_sc_hd__nand3b_2 (0) disconnected node: VPWR
Cell sky130_fd_sc_hd__nand3b_2 (0) disconnected node: Y
Warning: Equate pins:  cell sky130_fd_sc_hd__nand3b_2 is a placeholder, treated as a black box.

Subcircuit pins:
Circuit 1: sky130_fd_sc_hd__nand3b_2       |Circuit 2: sky130_fd_sc_hd__nand3b_2       
-------------------------------------------|-------------------------------------------
A_N                                        |A_N                                        
B                                          |B                                          
C                                          |C                                          
VGND                                       |VGND                                       
VNB                                        |VNB                                        
VPB                                        |VPB                                        
VPWR                                       |VPWR                                       
Y                                          |Y                                          
---------------------------------------------------------------------------------------
Cell pin lists are equivalent.
Device classes sky130_fd_sc_hd__nand3b_2 and sky130_fd_sc_hd__nand3b_2 are equivalent.

Cell sky130_fd_sc_hd__or4bb_1 (0) disconnected node: A
Cell sky130_fd_sc_hd__or4bb_1 (0) disconnected node: B
Cell sky130_fd_sc_hd__or4bb_1 (0) disconnected node: C_N
Cell sky130_fd_sc_hd__or4bb_1 (0) disconnected node: D_N
Cell sky130_fd_sc_hd__or4bb_1 (0) disconnected node: VGND
Cell sky130_fd_sc_hd__or4bb_1 (0) disconnected node: VNB
Cell sky130_fd_sc_hd__or4bb_1 (0) disconnected node: VPB
Cell sky130_fd_sc_hd__or4bb_1 (0) disconnected node: VPWR
Cell sky130_fd_sc_hd__or4bb_1 (0) disconnected node: X
Warning: Equate pins:  cell sky130_fd_sc_hd__or4bb_1 is a placeholder, treated as a black box.

Subcircuit pins:
Circuit 1: sky130_fd_sc_hd__or4bb_1        |Circuit 2: sky130_fd_sc_hd__or4bb_1        
-------------------------------------------|-------------------------------------------
A                                          |A                                          
B                                          |B                                          
C_N                                        |C_N                                        
D_N                                        |D_N                                        
VGND                                       |VGND                                       
VNB                                        |VNB                                        
VPB                                        |VPB                                        
VPWR                                       |VPWR                                       
X                                          |X                                          
---------------------------------------------------------------------------------------
Cell pin lists are equivalent.
Device classes sky130_fd_sc_hd__or4bb_1 and sky130_fd_sc_hd__or4bb_1 are equivalent.

Cell sky130_fd_sc_hd__o311ai_4 (0) disconnected node: A1
Cell sky130_fd_sc_hd__o311ai_4 (0) disconnected node: A2
Cell sky130_fd_sc_hd__o311ai_4 (0) disconnected node: A3
Cell sky130_fd_sc_hd__o311ai_4 (0) disconnected node: B1
Cell sky130_fd_sc_hd__o311ai_4 (0) disconnected node: C1
Cell sky130_fd_sc_hd__o311ai_4 (0) disconnected node: VGND
Cell sky130_fd_sc_hd__o311ai_4 (0) disconnected node: VNB
Cell sky130_fd_sc_hd__o311ai_4 (0) disconnected node: VPB
Cell sky130_fd_sc_hd__o311ai_4 (0) disconnected node: VPWR
Cell sky130_fd_sc_hd__o311ai_4 (0) disconnected node: Y
Warning: Equate pins:  cell sky130_fd_sc_hd__o311ai_4 is a placeholder, treated as a black box.

Subcircuit pins:
Circuit 1: sky130_fd_sc_hd__o311ai_4       |Circuit 2: sky130_fd_sc_hd__o311ai_4       
-------------------------------------------|-------------------------------------------
A1                                         |A1                                         
A2                                         |A2                                         
A3                                         |A3                                         
B1                                         |B1                                         
C1                                         |C1                                         
VGND                                       |VGND                                       
VNB                                        |VNB                                        
VPB                                        |VPB                                        
VPWR                                       |VPWR                                       
Y                                          |Y                                          
---------------------------------------------------------------------------------------
Cell pin lists are equivalent.
Device classes sky130_fd_sc_hd__o311ai_4 and sky130_fd_sc_hd__o311ai_4 are equivalent.

Cell sky130_fd_sc_hd__nor4_2 (0) disconnected node: A
Cell sky130_fd_sc_hd__nor4_2 (0) disconnected node: B
Cell sky130_fd_sc_hd__nor4_2 (0) disconnected node: C
Cell sky130_fd_sc_hd__nor4_2 (0) disconnected node: D
Cell sky130_fd_sc_hd__nor4_2 (0) disconnected node: VGND
Cell sky130_fd_sc_hd__nor4_2 (0) disconnected node: VNB
Cell sky130_fd_sc_hd__nor4_2 (0) disconnected node: VPB
Cell sky130_fd_sc_hd__nor4_2 (0) disconnected node: VPWR
Cell sky130_fd_sc_hd__nor4_2 (0) disconnected node: Y
Warning: Equate pins:  cell sky130_fd_sc_hd__nor4_2 is a placeholder, treated as a black box.

Subcircuit pins:
Circuit 1: sky130_fd_sc_hd__nor4_2         |Circuit 2: sky130_fd_sc_hd__nor4_2         
-------------------------------------------|-------------------------------------------
A                                          |A                                          
B                                          |B                                          
C                                          |C                                          
D                                          |D                                          
VGND                                       |VGND                                       
VNB                                        |VNB                                        
VPB                                        |VPB                                        
VPWR                                       |VPWR                                       
Y                                          |Y                                          
---------------------------------------------------------------------------------------
Cell pin lists are equivalent.
Device classes sky130_fd_sc_hd__nor4_2 and sky130_fd_sc_hd__nor4_2 are equivalent.

Cell sky130_fd_sc_hd__or4b_1 (0) disconnected node: A
Cell sky130_fd_sc_hd__or4b_1 (0) disconnected node: B
Cell sky130_fd_sc_hd__or4b_1 (0) disconnected node: C
Cell sky130_fd_sc_hd__or4b_1 (0) disconnected node: D_N
Cell sky130_fd_sc_hd__or4b_1 (0) disconnected node: VGND
Cell sky130_fd_sc_hd__or4b_1 (0) disconnected node: VNB
Cell sky130_fd_sc_hd__or4b_1 (0) disconnected node: VPB
Cell sky130_fd_sc_hd__or4b_1 (0) disconnected node: VPWR
Cell sky130_fd_sc_hd__or4b_1 (0) disconnected node: X
Warning: Equate pins:  cell sky130_fd_sc_hd__or4b_1 is a placeholder, treated as a black box.

Subcircuit pins:
Circuit 1: sky130_fd_sc_hd__or4b_1         |Circuit 2: sky130_fd_sc_hd__or4b_1         
-------------------------------------------|-------------------------------------------
A                                          |A                                          
B                                          |B                                          
C                                          |C                                          
D_N                                        |D_N                                        
VGND                                       |VGND                                       
VNB                                        |VNB                                        
VPB                                        |VPB                                        
VPWR                                       |VPWR                                       
X                                          |X                                          
---------------------------------------------------------------------------------------
Cell pin lists are equivalent.
Device classes sky130_fd_sc_hd__or4b_1 and sky130_fd_sc_hd__or4b_1 are equivalent.

Cell sky130_fd_sc_hd__o311a_2 (0) disconnected node: A1
Cell sky130_fd_sc_hd__o311a_2 (0) disconnected node: A2
Cell sky130_fd_sc_hd__o311a_2 (0) disconnected node: A3
Cell sky130_fd_sc_hd__o311a_2 (0) disconnected node: B1
Cell sky130_fd_sc_hd__o311a_2 (0) disconnected node: C1
Cell sky130_fd_sc_hd__o311a_2 (0) disconnected node: VGND
Cell sky130_fd_sc_hd__o311a_2 (0) disconnected node: VNB
Cell sky130_fd_sc_hd__o311a_2 (0) disconnected node: VPB
Cell sky130_fd_sc_hd__o311a_2 (0) disconnected node: VPWR
Cell sky130_fd_sc_hd__o311a_2 (0) disconnected node: X
Warning: Equate pins:  cell sky130_fd_sc_hd__o311a_2 is a placeholder, treated as a black box.

Subcircuit pins:
Circuit 1: sky130_fd_sc_hd__o311a_2        |Circuit 2: sky130_fd_sc_hd__o311a_2        
-------------------------------------------|-------------------------------------------
A1                                         |A1                                         
A2                                         |A2                                         
A3                                         |A3                                         
B1                                         |B1                                         
C1                                         |C1                                         
VGND                                       |VGND                                       
VNB                                        |VNB                                        
VPB                                        |VPB                                        
VPWR                                       |VPWR                                       
X                                          |X                                          
---------------------------------------------------------------------------------------
Cell pin lists are equivalent.
Device classes sky130_fd_sc_hd__o311a_2 and sky130_fd_sc_hd__o311a_2 are equivalent.

Cell sky130_fd_sc_hd__and4bb_4 (0) disconnected node: A_N
Cell sky130_fd_sc_hd__and4bb_4 (0) disconnected node: B_N
Cell sky130_fd_sc_hd__and4bb_4 (0) disconnected node: C
Cell sky130_fd_sc_hd__and4bb_4 (0) disconnected node: D
Cell sky130_fd_sc_hd__and4bb_4 (0) disconnected node: VGND
Cell sky130_fd_sc_hd__and4bb_4 (0) disconnected node: VNB
Cell sky130_fd_sc_hd__and4bb_4 (0) disconnected node: VPB
Cell sky130_fd_sc_hd__and4bb_4 (0) disconnected node: VPWR
Cell sky130_fd_sc_hd__and4bb_4 (0) disconnected node: X
Warning: Equate pins:  cell sky130_fd_sc_hd__and4bb_4 is a placeholder, treated as a black box.

Subcircuit pins:
Circuit 1: sky130_fd_sc_hd__and4bb_4       |Circuit 2: sky130_fd_sc_hd__and4bb_4       
-------------------------------------------|-------------------------------------------
A_N                                        |A_N                                        
B_N                                        |B_N                                        
C                                          |C                                          
D                                          |D                                          
VGND                                       |VGND                                       
VNB                                        |VNB                                        
VPB                                        |VPB                                        
VPWR                                       |VPWR                                       
X                                          |X                                          
---------------------------------------------------------------------------------------
Cell pin lists are equivalent.
Device classes sky130_fd_sc_hd__and4bb_4 and sky130_fd_sc_hd__and4bb_4 are equivalent.

Cell sky130_fd_sc_hd__dfstp_4 (0) disconnected node: CLK
Cell sky130_fd_sc_hd__dfstp_4 (0) disconnected node: D
Cell sky130_fd_sc_hd__dfstp_4 (0) disconnected node: SET_B
Cell sky130_fd_sc_hd__dfstp_4 (0) disconnected node: VGND
Cell sky130_fd_sc_hd__dfstp_4 (0) disconnected node: VNB
Cell sky130_fd_sc_hd__dfstp_4 (0) disconnected node: VPB
Cell sky130_fd_sc_hd__dfstp_4 (0) disconnected node: VPWR
Cell sky130_fd_sc_hd__dfstp_4 (0) disconnected node: Q
Warning: Equate pins:  cell sky130_fd_sc_hd__dfstp_4 is a placeholder, treated as a black box.

Subcircuit pins:
Circuit 1: sky130_fd_sc_hd__dfstp_4        |Circuit 2: sky130_fd_sc_hd__dfstp_4        
-------------------------------------------|-------------------------------------------
CLK                                        |CLK                                        
D                                          |D                                          
SET_B                                      |SET_B                                      
VGND                                       |VGND                                       
VNB                                        |VNB                                        
VPB                                        |VPB                                        
VPWR                                       |VPWR                                       
Q                                          |Q                                          
---------------------------------------------------------------------------------------
Cell pin lists are equivalent.
Device classes sky130_fd_sc_hd__dfstp_4 and sky130_fd_sc_hd__dfstp_4 are equivalent.

Class ntt_core_256_sram (0):  Merged 216725 parallel devices.
Class ntt_core_256_sram (1):  Merged 216725 parallel devices.
Subcircuit summary:
Circuit 1: ntt_core_256_sram               |Circuit 2: ntt_core_256_sram               
-------------------------------------------|-------------------------------------------
sky130_ef_sc_hd__decap_12 (108161->1)      |sky130_ef_sc_hd__decap_12 (108161->1)      
sky130_fd_sc_hd__tapvpwrvgnd_1 (28927->1)  |sky130_fd_sc_hd__tapvpwrvgnd_1 (28927->1)  
sky130_fd_sc_hd__decap_6 (25290->1)        |sky130_fd_sc_hd__decap_6 (25290->1)        
sky130_fd_sc_hd__fill_1 (28550->1)         |sky130_fd_sc_hd__fill_1 (28550->1)         
sky130_fd_sc_hd__diode_2 (9445->780)       |sky130_fd_sc_hd__diode_2 (9445->780)       
sky130_fd_sc_hd__fill_2 (8842->1)          |sky130_fd_sc_hd__fill_2 (8842->1)          
sky130_fd_sc_hd__decap_8 (1183->1)         |sky130_fd_sc_hd__decap_8 (1183->1)         
sky130_fd_sc_hd__mux2_1 (450)              |sky130_fd_sc_hd__mux2_1 (450)              
sky130_fd_sc_hd__decap_4 (2306->1)         |sky130_fd_sc_hd__decap_4 (2306->1)         
sky130_fd_sc_hd__decap_3 (4809->1)         |sky130_fd_sc_hd__decap_3 (4809->1)         
sky130_fd_sc_hd__a21bo_1 (14)              |sky130_fd_sc_hd__a21bo_1 (14)              
sky130_fd_sc_hd__nor2_1 (155)              |sky130_fd_sc_hd__nor2_1 (155)              
sky130_fd_sc_hd__clkbuf_4 (182)            |sky130_fd_sc_hd__clkbuf_4 (182)            
sky130_fd_sc_hd__a32o_1 (36)               |sky130_fd_sc_hd__a32o_1 (36)               
sky130_fd_sc_hd__a21oi_1 (112)             |sky130_fd_sc_hd__a21oi_1 (112)             
sky130_fd_sc_hd__xnor2_1 (112)             |sky130_fd_sc_hd__xnor2_1 (112)             
sky130_fd_sc_hd__or3_2 (4)                 |sky130_fd_sc_hd__or3_2 (4)                 
sky130_fd_sc_hd__dfrtp_2 (86)              |sky130_fd_sc_hd__dfrtp_2 (86)              
sky130_fd_sc_hd__buf_1 (159)               |sky130_fd_sc_hd__buf_1 (159)               
sky130_fd_sc_hd__inv_2 (73)                |sky130_fd_sc_hd__inv_2 (73)                
sky130_fd_sc_hd__or2_1 (169)               |sky130_fd_sc_hd__or2_1 (169)               
sky130_fd_sc_hd__clkbuf_2 (124)            |sky130_fd_sc_hd__clkbuf_2 (124)            
sky130_fd_sc_hd__clkbuf_1 (454)            |sky130_fd_sc_hd__clkbuf_1 (454)            
sky130_fd_sc_hd__a21o_1 (94)               |sky130_fd_sc_hd__a21o_1 (94)               
sky130_fd_sc_hd__dfrtp_4 (98)              |sky130_fd_sc_hd__dfrtp_4 (98)              
sky130_fd_sc_hd__o21ai_1 (42)              |sky130_fd_sc_hd__o21ai_1 (42)              
sky130_fd_sc_hd__nand2_1 (206)             |sky130_fd_sc_hd__nand2_1 (206)             
sky130_fd_sc_hd__and2_1 (176)              |sky130_fd_sc_hd__and2_1 (176)              
sky130_fd_sc_hd__dlygate4sd3_1 (245)       |sky130_fd_sc_hd__dlygate4sd3_1 (245)       
sky130_fd_sc_hd__or3_1 (26)                |sky130_fd_sc_hd__or3_1 (26)                
sky130_fd_sc_hd__a22o_4 (34)               |sky130_fd_sc_hd__a22o_4 (34)               
sky130_fd_sc_hd__dfrtp_1 (408)             |sky130_fd_sc_hd__dfrtp_1 (408)             
sky130_fd_sc_hd__or2b_1 (40)               |sky130_fd_sc_hd__or2b_1 (40)               
sky130_fd_sc_hd__and3_1 (148)              |sky130_fd_sc_hd__and3_1 (148)              
sky130_fd_sc_hd__o221a_1 (37)              |sky130_fd_sc_hd__o221a_1 (37)              
sky130_fd_sc_hd__buf_2 (78)                |sky130_fd_sc_hd__buf_2 (78)                
sky130_fd_sc_hd__buf_12 (72)               |sky130_fd_sc_hd__buf_12 (72)               
sky130_fd_sc_hd__clkbuf_8 (37)             |sky130_fd_sc_hd__clkbuf_8 (37)             
sky130_fd_sc_hd__a22o_1 (173)              |sky130_fd_sc_hd__a22o_1 (173)              
sky130_fd_sc_hd__xor2_1 (38)               |sky130_fd_sc_hd__xor2_1 (38)               
sky130_fd_sc_hd__buf_6 (15)                |sky130_fd_sc_hd__buf_6 (15)                
sky130_fd_sc_hd__nand2b_2 (10)             |sky130_fd_sc_hd__nand2b_2 (10)             
sky130_fd_sc_hd__o22a_1 (51)               |sky130_fd_sc_hd__o22a_1 (51)               
sky130_fd_sc_hd__buf_4 (63)                |sky130_fd_sc_hd__buf_4 (63)                
sky130_fd_sc_hd__a41o_1 (1)                |sky130_fd_sc_hd__a41o_1 (1)                
sky130_fd_sc_hd__o21a_2 (2)                |sky130_fd_sc_hd__o21a_2 (2)                
sky130_fd_sc_hd__and2b_1 (68)              |sky130_fd_sc_hd__and2b_1 (68)              
sky130_fd_sc_hd__mux4_1 (4)                |sky130_fd_sc_hd__mux4_1 (4)                
sky130_fd_sc_hd__a311o_1 (4)               |sky130_fd_sc_hd__a311o_1 (4)               
sky130_fd_sc_hd__or4_1 (11)                |sky130_fd_sc_hd__or4_1 (11)                
sky130_fd_sc_hd__o21a_1 (53)               |sky130_fd_sc_hd__o21a_1 (53)               
sky130_fd_sc_hd__a211o_1 (14)              |sky130_fd_sc_hd__a211o_1 (14)              
sky130_fd_sc_hd__o32a_1 (2)                |sky130_fd_sc_hd__o32a_1 (2)                
sky130_fd_sc_hd__and2_4 (18)               |sky130_fd_sc_hd__and2_4 (18)               
sky130_fd_sc_hd__a221o_2 (20)              |sky130_fd_sc_hd__a221o_2 (20)              
sky130_fd_sc_hd__nor3_1 (6)                |sky130_fd_sc_hd__nor3_1 (6)                
sky130_fd_sc_hd__a31o_1 (60)               |sky130_fd_sc_hd__a31o_1 (60)               
sky130_fd_sc_hd__buf_8 (22)                |sky130_fd_sc_hd__buf_8 (22)                
sky130_fd_sc_hd__nand3_1 (13)              |sky130_fd_sc_hd__nand3_1 (13)              
sky130_fd_sc_hd__dlymetal6s2s_1 (3)        |sky130_fd_sc_hd__dlymetal6s2s_1 (3)        
sky130_fd_sc_hd__a221o_1 (23)              |sky130_fd_sc_hd__a221o_1 (23)              
sky130_fd_sc_hd__xor2_2 (15)               |sky130_fd_sc_hd__xor2_2 (15)               
sky130_fd_sc_hd__a31oi_1 (2)               |sky130_fd_sc_hd__a31oi_1 (2)               
sky130_fd_sc_hd__clkbuf_16 (101)           |sky130_fd_sc_hd__clkbuf_16 (101)           
sky130_fd_sc_hd__or2b_4 (1)                |sky130_fd_sc_hd__or2b_4 (1)                
sky130_fd_sc_hd__a2bb2o_1 (24)             |sky130_fd_sc_hd__a2bb2o_1 (24)             
sky130_fd_sc_hd__nand2_2 (12)              |sky130_fd_sc_hd__nand2_2 (12)              
sky130_fd_sc_hd__or4bb_4 (1)               |sky130_fd_sc_hd__or4bb_4 (1)               
sky130_fd_sc_hd__and3b_1 (4)               |sky130_fd_sc_hd__and3b_1 (4)               
sky130_fd_sc_hd__xnor2_4 (6)               |sky130_fd_sc_hd__xnor2_4 (6)               
sky130_fd_sc_hd__a31o_2 (3)                |sky130_fd_sc_hd__a31o_2 (3)                
sky130_fd_sc_hd__and4b_1 (3)               |sky130_fd_sc_hd__and4b_1 (3)               
sky130_fd_sc_hd__o2111a_1 (1)              |sky130_fd_sc_hd__o2111a_1 (1)              
sky130_fd_sc_hd__nor2b_4 (1)               |sky130_fd_sc_hd__nor2b_4 (1)               
sky130_fd_sc_hd__and4b_4 (1)               |sky130_fd_sc_hd__and4b_4 (1)               
sky130_fd_sc_hd__nor2_2 (11)               |sky130_fd_sc_hd__nor2_2 (11)               
sky130_fd_sc_hd__o31ai_4 (2)               |sky130_fd_sc_hd__o31ai_4 (2)               
sky130_fd_sc_hd__or3b_1 (8)                |sky130_fd_sc_hd__or3b_1 (8)                
sky130_fd_sc_hd__o41a_1 (4)                |sky130_fd_sc_hd__o41a_1 (4)                
sky130_fd_sc_hd__o31ai_2 (2)               |sky130_fd_sc_hd__o31ai_2 (2)               
sky130_fd_sc_hd__a21oi_4 (3)               |sky130_fd_sc_hd__a21oi_4 (3)               
sky130_fd_sc_hd__and2_2 (5)                |sky130_fd_sc_hd__and2_2 (5)                
sky130_fd_sc_hd__conb_1 (66)               |sky130_fd_sc_hd__conb_1 (66)               
sky130_fd_sc_hd__and4bb_2 (2)              |sky130_fd_sc_hd__and4bb_2 (2)              
sky130_fd_sc_hd__o21ba_1 (17)              |sky130_fd_sc_hd__o21ba_1 (17)              
sky130_fd_sc_hd__nor4_1 (5)                |sky130_fd_sc_hd__nor4_1 (5)                
sky130_fd_sc_hd__a21oi_2 (11)              |sky130_fd_sc_hd__a21oi_2 (11)              
sky130_fd_sc_hd__o311a_1 (4)               |sky130_fd_sc_hd__o311a_1 (4)               
sky130_fd_sc_hd__xnor2_2 (19)              |sky130_fd_sc_hd__xnor2_2 (19)              
sky130_fd_sc_hd__a211o_4 (7)               |sky130_fd_sc_hd__a211o_4 (7)               
sky130_fd_sc_hd__and4bb_1 (6)              |sky130_fd_sc_hd__and4bb_1 (6)              
sky130_fd_sc_hd__or3_4 (6)                 |sky130_fd_sc_hd__or3_4 (6)                 
sky130_fd_sc_hd__o21bai_2 (2)              |sky130_fd_sc_hd__o21bai_2 (2)              
sky130_fd_sc_hd__o211a_1 (8)               |sky130_fd_sc_hd__o211a_1 (8)               
sky130_fd_sc_hd__o21ai_4 (4)               |sky130_fd_sc_hd__o21ai_4 (4)               
sky130_fd_sc_hd__a2111o_1 (2)              |sky130_fd_sc_hd__a2111o_1 (2)              
sky130_fd_sc_hd__a21boi_2 (5)              |sky130_fd_sc_hd__a21boi_2 (5)              
sky130_fd_sc_hd__o31a_1 (18)               |sky130_fd_sc_hd__o31a_1 (18)               
sky130_fd_sc_hd__nand3b_1 (1)              |sky130_fd_sc_hd__nand3b_1 (1)              
sky130_fd_sc_hd__o2bb2a_1 (4)              |sky130_fd_sc_hd__o2bb2a_1 (4)              
sky130_fd_sc_hd__nand2_8 (5)               |sky130_fd_sc_hd__nand2_8 (5)               
sky130_fd_sc_hd__a21boi_1 (3)              |sky130_fd_sc_hd__a21boi_1 (3)              
sky130_fd_sc_hd__o31a_2 (2)                |sky130_fd_sc_hd__o31a_2 (2)                
sky130_fd_sc_hd__or2_2 (15)                |sky130_fd_sc_hd__or2_2 (15)                
sky130_fd_sc_hd__and4_1 (7)                |sky130_fd_sc_hd__and4_1 (7)                
sky130_fd_sc_hd__clkdlybuf4s25_1 (1)       |sky130_fd_sc_hd__clkdlybuf4s25_1 (1)       
sky130_fd_sc_hd__o32ai_1 (1)               |sky130_fd_sc_hd__o32ai_1 (1)               
sky130_fd_sc_hd__dfstp_2 (1)               |sky130_fd_sc_hd__dfstp_2 (1)               
sky130_fd_sc_hd__o22ai_1 (3)               |sky130_fd_sc_hd__o22ai_1 (3)               
sky130_fd_sc_hd__or2_4 (5)                 |sky130_fd_sc_hd__or2_4 (5)                 
sky130_fd_sc_hd__nor2_4 (8)                |sky130_fd_sc_hd__nor2_4 (8)                
sky130_fd_sc_hd__o21bai_1 (6)              |sky130_fd_sc_hd__o21bai_1 (6)              
sky130_fd_sc_hd__nand2_4 (6)               |sky130_fd_sc_hd__nand2_4 (6)               
sky130_fd_sc_hd__a41o_4 (2)                |sky130_fd_sc_hd__a41o_4 (2)                
sky130_fd_sc_hd__nand3_2 (1)               |sky130_fd_sc_hd__nand3_2 (1)               
sky130_fd_sc_hd__a2111oi_1 (2)             |sky130_fd_sc_hd__a2111oi_1 (2)             
sky130_fd_sc_hd__and4b_2 (2)               |sky130_fd_sc_hd__and4b_2 (2)               
sky130_fd_sc_hd__a22o_2 (2)                |sky130_fd_sc_hd__a22o_2 (2)                
sky130_fd_sc_hd__mux2_2 (3)                |sky130_fd_sc_hd__mux2_2 (3)                
sky130_fd_sc_hd__nor2b_2 (1)               |sky130_fd_sc_hd__nor2b_2 (1)               
sky130_fd_sc_hd__or4_4 (6)                 |sky130_fd_sc_hd__or4_4 (6)                 
sky130_fd_sc_hd__and3_2 (3)                |sky130_fd_sc_hd__and3_2 (3)                
sky130_fd_sc_hd__o21ai_2 (7)               |sky130_fd_sc_hd__o21ai_2 (7)               
sky130_fd_sc_hd__and2b_2 (1)               |sky130_fd_sc_hd__and2b_2 (1)               
sky130_fd_sc_hd__or4b_4 (1)                |sky130_fd_sc_hd__or4b_4 (1)                
sky130_fd_sc_hd__or3b_4 (2)                |sky130_fd_sc_hd__or3b_4 (2)                
sky130_sram_1kbyte_1rw1r_32x256_8 (4)      |sky130_sram_1kbyte_1rw1r_32x256_8 (4)      
sky130_fd_sc_hd__or4b_2 (3)                |sky130_fd_sc_hd__or4b_2 (3)                
sky130_fd_sc_hd__nand4b_4 (1)              |sky130_fd_sc_hd__nand4b_4 (1)              
sky130_fd_sc_hd__o22a_4 (1)                |sky130_fd_sc_hd__o22a_4 (1)                
sky130_fd_sc_hd__xor2_4 (2)                |sky130_fd_sc_hd__xor2_4 (2)                
sky130_fd_sc_hd__o22ai_2 (1)               |sky130_fd_sc_hd__o22ai_2 (1)               
sky130_fd_sc_hd__o31ai_1 (1)               |sky130_fd_sc_hd__o31ai_1 (1)               
sky130_fd_sc_hd__a311o_2 (2)               |sky130_fd_sc_hd__a311o_2 (2)               
sky130_fd_sc_hd__dfstp_1 (1)               |sky130_fd_sc_hd__dfstp_1 (1)               
sky130_fd_sc_hd__or4_2 (1)                 |sky130_fd_sc_hd__or4_2 (1)                 
sky130_fd_sc_hd__o211ai_1 (2)              |sky130_fd_sc_hd__o211ai_1 (2)              
sky130_fd_sc_hd__a221o_4 (1)               |sky130_fd_sc_hd__a221o_4 (1)               
sky130_fd_sc_hd__mux2_4 (1)                |sky130_fd_sc_hd__mux2_4 (1)                
sky130_fd_sc_hd__mux4_2 (1)                |sky130_fd_sc_hd__mux4_2 (1)                
sky130_fd_sc_hd__a21o_2 (1)                |sky130_fd_sc_hd__a21o_2 (1)                
sky130_fd_sc_hd__and4_2 (1)                |sky130_fd_sc_hd__and4_2 (1)                
sky130_fd_sc_hd__a211o_2 (3)               |sky130_fd_sc_hd__a211o_2 (3)               
sky130_fd_sc_hd__o41a_2 (1)                |sky130_fd_sc_hd__o41a_2 (1)                
sky130_fd_sc_hd__a211oi_1 (1)              |sky130_fd_sc_hd__a211oi_1 (1)              
sky130_fd_sc_hd__nand4_4 (2)               |sky130_fd_sc_hd__nand4_4 (2)               
sky130_fd_sc_hd__a311oi_2 (1)              |sky130_fd_sc_hd__a311oi_2 (1)              
sky130_fd_sc_hd__or2b_2 (1)                |sky130_fd_sc_hd__or2b_2 (1)                
sky130_fd_sc_hd__nand4_1 (1)               |sky130_fd_sc_hd__nand4_1 (1)               
sky130_sram_1kbyte_1rw1r_8x1024_8 (1)      |sky130_sram_1kbyte_1rw1r_8x1024_8 (1)      
sky130_fd_sc_hd__o32ai_2 (1)               |sky130_fd_sc_hd__o32ai_2 (1)               
sky130_fd_sc_hd__nand3b_2 (1)              |sky130_fd_sc_hd__nand3b_2 (1)              
sky130_fd_sc_hd__or4bb_1 (1)               |sky130_fd_sc_hd__or4bb_1 (1)               
sky130_fd_sc_hd__o311ai_4 (1)              |sky130_fd_sc_hd__o311ai_4 (1)              
sky130_fd_sc_hd__nor4_2 (1)                |sky130_fd_sc_hd__nor4_2 (1)                
sky130_fd_sc_hd__or4b_1 (1)                |sky130_fd_sc_hd__or4b_1 (1)                
sky130_fd_sc_hd__o311a_2 (1)               |sky130_fd_sc_hd__o311a_2 (1)               
sky130_fd_sc_hd__and4bb_4 (1)              |sky130_fd_sc_hd__and4bb_4 (1)              
sky130_fd_sc_hd__dfstp_4 (1)               |sky130_fd_sc_hd__dfstp_4 (1)               
Number of devices: 5870                    |Number of devices: 5870                    
Number of nets: 5527                       |Number of nets: 5527                       
---------------------------------------------------------------------------------------
Netlists match uniquely.

Subcircuit pins:
Circuit 1: ntt_core_256_sram               |Circuit 2: ntt_core_256_sram               
-------------------------------------------|-------------------------------------------
read_addr[3]                               |read_addr[3]                               
read_addr[1]                               |read_addr[1]                               
read_addr[6]                               |read_addr[6]                               
load_twiddle[10]                           |load_twiddle[10]                           
load_twiddle[12]                           |load_twiddle[12]                           
load_twiddle[21]                           |load_twiddle[21]                           
load_data[21]                              |load_data[21]                              
load_data[24]                              |load_data[24]                              
load_data[7]                               |load_data[7]                               
load_twiddle[20]                           |load_twiddle[20]                           
load_twiddle[26]                           |load_twiddle[26]                           
load_twiddle[2]                            |load_twiddle[2]                            
load_bitrev_en                             |load_bitrev_en                             
load_bitrev_addr[4]                        |load_bitrev_addr[4]                        
load_data[18]                              |load_data[18]                              
load_data[8]                               |load_data[8]                               
load_data[9]                               |load_data[9]                               
load_twiddle[6]                            |load_twiddle[6]                            
load_bitrev_addr[1]                        |load_bitrev_addr[1]                        
load_data_addr[4]                          |load_data_addr[4]                          
load_data_addr[3]                          |load_data_addr[3]                          
load_data[3]                               |load_data[3]                               
load_twiddle[0]                            |load_twiddle[0]                            
load_bitrev[6]                             |load_bitrev[6]                             
load_bitrev[5]                             |load_bitrev[5]                             
load_twiddle[28]                           |load_twiddle[28]                           
load_twiddle[25]                           |load_twiddle[25]                           
load_twiddle[24]                           |load_twiddle[24]                           
load_data[17]                              |load_data[17]                              
load_data[16]                              |load_data[16]                              
load_data[15]                              |load_data[15]                              
load_data[14]                              |load_data[14]                              
load_data[20]                              |load_data[20]                              
load_data[28]                              |load_data[28]                              
load_data[25]                              |load_data[25]                              
load_data[30]                              |load_data[30]                              
load_data[6]                               |load_data[6]                               
load_data[5]                               |load_data[5]                               
load_data[4]                               |load_data[4]                               
load_twiddle[19]                           |load_twiddle[19]                           
load_twiddle[18]                           |load_twiddle[18]                           
load_twiddle[8]                            |load_twiddle[8]                            
load_twiddle[17]                           |load_twiddle[17]                           
load_twiddle[7]                            |load_twiddle[7]                            
load_twiddle[15]                           |load_twiddle[15]                           
load_twiddle[5]                            |load_twiddle[5]                            
load_twiddle[23]                           |load_twiddle[23]                           
load_twiddle[13]                           |load_twiddle[13]                           
load_twiddle[22]                           |load_twiddle[22]                           
load_twiddle[11]                           |load_twiddle[11]                           
load_data_addr[0]                          |load_data_addr[0]                          
load_data_addr[5]                          |load_data_addr[5]                          
load_data_addr[2]                          |load_data_addr[2]                          
load_data_addr[1]                          |load_data_addr[1]                          
load_data[1]                               |load_data[1]                               
load_data[2]                               |load_data[2]                               
load_twiddle[30]                           |load_twiddle[30]                           
load_twiddle_addr[0]                       |load_twiddle_addr[0]                       
load_data_addr[7]                          |load_data_addr[7]                          
load_bitrev_addr[2]                        |load_bitrev_addr[2]                        
load_data[22]                              |load_data[22]                              
load_twiddle_addr[5]                       |load_twiddle_addr[5]                       
load_bitrev[3]                             |load_bitrev[3]                             
load_twiddle[31]                           |load_twiddle[31]                           
done                                       |done                                       
busy                                       |busy                                       
read_data[25]                              |read_data[25]                              
read_data[23]                              |read_data[23]                              
read_data[3]                               |read_data[3]                               
read_data[31]                              |read_data[31]                              
read_data[14]                              |read_data[14]                              
read_data[15]                              |read_data[15]                              
read_data[21]                              |read_data[21]                              
read_data[11]                              |read_data[11]                              
read_data[30]                              |read_data[30]                              
read_data[12]                              |read_data[12]                              
read_data[2]                               |read_data[2]                               
read_data[16]                              |read_data[16]                              
read_data[20]                              |read_data[20]                              
read_data[22]                              |read_data[22]                              
read_data[29]                              |read_data[29]                              
read_data[19]                              |read_data[19]                              
read_data[24]                              |read_data[24]                              
read_data[9]                               |read_data[9]                               
read_data[28]                              |read_data[28]                              
read_data[18]                              |read_data[18]                              
read_data[8]                               |read_data[8]                               
read_data[27]                              |read_data[27]                              
read_data[13]                              |read_data[13]                              
read_data[17]                              |read_data[17]                              
read_data[1]                               |read_data[1]                               
read_data[4]                               |read_data[4]                               
read_data[5]                               |read_data[5]                               
read_data[10]                              |read_data[10]                              
read_data[26]                              |read_data[26]                              
read_data[7]                               |read_data[7]                               
read_data[0]                               |read_data[0]                               
read_data[6]                               |read_data[6]                               
load_bitrev[0]                             |load_bitrev[0]                             
load_bitrev[4]                             |load_bitrev[4]                             
load_data[12]                              |load_data[12]                              
load_data[13]                              |load_data[13]                              
load_data[29]                              |load_data[29]                              
load_bitrev_addr[7]                        |load_bitrev_addr[7]                        
load_bitrev_addr[6]                        |load_bitrev_addr[6]                        
load_data[23]                              |load_data[23]                              
load_data_addr[6]                          |load_data_addr[6]                          
load_bitrev[1]                             |load_bitrev[1]                             
load_data[0]                               |load_data[0]                               
load_bitrev[7]                             |load_bitrev[7]                             
load_twiddle[1]                            |load_twiddle[1]                            
load_data[10]                              |load_data[10]                              
load_data[27]                              |load_data[27]                              
load_twiddle[4]                            |load_twiddle[4]                            
load_twiddle_addr[2]                       |load_twiddle_addr[2]                       
load_twiddle[29]                           |load_twiddle[29]                           
load_twiddle[27]                           |load_twiddle[27]                           
load_twiddle_addr[3]                       |load_twiddle_addr[3]                       
load_bitrev_addr[5]                        |load_bitrev_addr[5]                        
load_data[19]                              |load_data[19]                              
load_twiddle_addr[6]                       |load_twiddle_addr[6]                       
load_bitrev[2]                             |load_bitrev[2]                             
load_twiddle[3]                            |load_twiddle[3]                            
load_twiddle_addr[1]                       |load_twiddle_addr[1]                       
load_bitrev_addr[3]                        |load_bitrev_addr[3]                        
load_bitrev_addr[0]                        |load_bitrev_addr[0]                        
load_twiddle_addr[7]                       |load_twiddle_addr[7]                       
load_twiddle[16]                           |load_twiddle[16]                           
load_twiddle[14]                           |load_twiddle[14]                           
load_twiddle_addr[4]                       |load_twiddle_addr[4]                       
load_twiddle_en                            |load_twiddle_en                            
read_addr[0]                               |read_addr[0]                               
read_addr[4]                               |read_addr[4]                               
start                                      |start                                      
rst_n                                      |rst_n                                      
read_addr[7]                               |read_addr[7]                               
read_addr[2]                               |read_addr[2]                               
clk                                        |clk                                        
read_addr[5]                               |read_addr[5]                               
load_data[11]                              |load_data[11]                              
load_data[26]                              |load_data[26]                              
load_data[31]                              |load_data[31]                              
load_twiddle[9]                            |load_twiddle[9]                            
load_data_en                               |load_data_en                               
VGND                                       |VGND                                       
VPWR                                       |VPWR                                       
---------------------------------------------------------------------------------------
Cell pin lists are equivalent.
Device classes ntt_core_256_sram and ntt_core_256_sram are equivalent.

Final result: Circuits match uniquely.
.
