net,length_um
net62,2074.41
net68,2048.43
net67,2034.08
net41,1920.2
net54,1908.175
net42,1898.21
net48,1894.55
net63,1892
net53,1881.08
net60,1853.87
net59,1841.72
net47,1833.01
net64,1813.96
net38,1793.06
net51,1781.98
net49,1744
net65,1682.23
net55,1649.23
net45,1649.15
net44,1584.37
net43,1581.34
net39,1561.04
net37,1550.92
net40,1450.44
net61,1443.2
net50,1426.42
net46,1421.49
_41356_,1346.14
net96,1270.215
net66,1245.46
net58,1225.48
clk,1208.58
_02223_,1202.99
net80,1188.9
net36,1185.02
net93,1160.91
net303,1159.09
net97,1151.38
net52,1150.32
net57,1134.45
_41444_,1063.31
_02264_,1052.85
net85,1047.46
net56,1038.98
clknet_3_3__leaf_clk,1036.87
net26,1035.34
_02310_,1018.305
_02307_,1016.47
net31,1013.84
net98,1006.5
_02347_,1001.85
net75,991.36
_02326_,990.63
net73,986.2
_02627_,984.28
net109,973.11
net89,963.56
_02233_,961.85
_02332_,961.22
net86,960.1
net23,959.23
net33,952.13
_02342_,942.74
_02212_,938.58
net20,938.18
net2,935.51
_02364_,923.74
net107,920.16
net292,918.73
_02259_,915.7
net81,908.86
_02319_,908.7
net90,905.76
_00463_,902.25
net94,900.3
_02301_,900.12
_10479_,899.45
_41927_,896.125
_02379_,895.05
net70,894.255
net92,884.8
net71,883.44
_02277_,883.375
net34,874.56
clknet_3_1__leaf_clk,867
net74,861.935
net105,861.49
net12,860.14
_02352_,859.23
net28,857.04
net106,857.02
net103,853.32
_42333_,852.24
_02857_,843.9
net19,837.78
_02281_,836.92
net79,836.84
net69,831.95
_02390_,826.75
net110,822.86
_02295_,817.95
net104,817.95
_02357_,816.44
clknet_0_clk,815.22
_35208_,813.77
_34979_,806.18
net10,805.86
net76,797.54
_05006_,795.2
_01516_,794.81
_03898_,793.105
net82,787.18
_02224_,785.77
_02269_,783.47
net102,780.05
_02460_,779.57
net9,779.42
net101,777.2
_02509_,774.56
_03547_,773.86
_02335_,771.19
_02174_,769.525
_02831_,768.41
net328,768.4
_04260_,768.26
_02239_,765.24
_02820_,759.54
_00847_,758.895
net83,757.08
_02290_,755.85
_02536_,752.5
net77,750.08
_01834_,748.215
net29,746.8
net32,745.52
_16842_,743.99
_24873_,743.5
_02272_,742.04
_36668_,739.16
_04622_,738.28
net108,730.5
clknet_3_0__leaf_clk,727.3
net87,725.79
net13,725.68
_02228_,723.155
_02213_,720.14
net100,718.78
_00518_,716.375
_42399_,706.28
_02551_,706.06
stage8_inst.stage4_lower.stage2_pair0.butterfly_inst.mul_inst.b\[29\],701.195
net11,696.86
net95,690.2
_03185_,688.125
_02291_,685.61
_01165_,679.905
_05839_,674.58
net134,668.79
_02404_,667.89
_42026_,658.415
net17,655.1
clknet_3_2__leaf_clk,653.18
_10501_,645.94
_02232_,639.13
_02399_,638.77
_25386_,638.4
_13651_,635.88
_04731_,622.38
stage8_inst.stage4_lower.stage2_pair0.butterfly_inst.mul_inst.b\[23\],621.84
stage8_inst.stage4_lower.stage2_pair0.butterfly_inst.mul_inst.b\[30\],616.27
stage8_inst.stage4_lower.stage2_pair0.butterfly_inst.mul_inst.b\[27\],615.71
_01099_,610.93
_07353_,610.88
_03386_,605.62
_00781_,604.95
net25,602.9
_14412_,596.38
_10194_,596.04
_41543_,590.48
_02252_,587.92
_05477_,587.82
_06871_,587
net88,585.48
_06223_,584.505
net126,581.535
net125,578.45
_06991_,578.31
net136,574.94
_35033_,567
_06596_,563.88
net84,563.7
net130,559.12
net127,558.65
_35023_,556.07
_01439_,555.76
_05115_,554.54
_07715_,553.88
_08439_,551.68
net299,550.33
_16513_,549.43
stage8_inst.stage4_lower.stage2_pair0.butterfly_inst.mul_inst.b\[25\],549.41
net72,549.405
_05730_,548.53
net30,548.4
stage8_inst.stage4_upper.stage2_pair0.butterfly_inst.mul_inst.b\[31\],548.32
net138,548.2
_01768_,547.31
net128,545.91
net131,544.64
_06092_,544.085
_05368_,543.175
_02908_,543.065
clknet_3_6__leaf_clk,541.19
net139,540.58
_02573_,537.95
_41675_,537.63
net137,537.58
_08692_,535.015
net135,533.84
_37276_,532.96
stage8_inst.stage4_lower.stage2_pair0.butterfly_inst.mul_inst.b\[26\],532.365
stage8_inst.stage4_upper.stage2_pair0.butterfly_inst.mul_inst.b\[29\],530.435
net78,529.8
_04007_,526.315
_00119_,524.4
net129,523.53
_12147_,520.68
net15,518.74
_02397_,518.635
net1,517.48
net5,514.85
net132,514.34
_30840_,514.29
_01088_,513.25
stage8_inst.in3\[29\],512.32
_35036_,512.1
net35,510.03
_33734_,509.69
stage8_inst.stage4_upper.stage2_pair0.butterfly_inst.mul_inst.b\[26\],509.69
_02108_,509.55
net3,509.33
_37274_,507.22
_06487_,506.8
_07968_,504.185
_00118_,503.43
_02484_,501.68
stage8_inst.stage4_upper.stage2_pair0.butterfly_inst.mul_inst.b\[23\],499.865
_37277_,499.24
net123,496.87
_01285_,496.04
stage8_inst.stage4_upper.stage2_pair0.butterfly_inst.mul_inst.b\[30\],495.47
_03645_,494.78
_37343_,493.94
_09481_,493.84
_09372_,493.66
net291,492.57
_04369_,492.49
_07244_,492.26
_41916_,491.065
_08077_,488.01
net99,484.8
clknet_3_7__leaf_clk,484.8
stage8_inst.stage4_lower.stage2_pair0.butterfly_inst.mul_inst.b\[22\],481.82
stage8_inst.stage4_upper.stage2_pair0.butterfly_inst.mul_inst.b\[28\],481.36
net7,480.04
net301,479.94
_41784_,479.75
_27065_,478.34
_10607_,476.85
_02747_,476.645
_23718_,476.1
net133,472.81
_38219_,472.14
_00945_,471.18
net27,469.56
_41345_,467.485
stage8_inst.stage4_lower.stage2_pair1.butterfly_inst.mul_inst.b\[13\],467.4
stage8_inst.stage4_upper.stage2_pair0.butterfly_inst.mul_inst.b\[22\],467.24
_00770_,465.985
_02374_,465.795
_36194_,463.57
_08330_,463.305
_10490_,463.22
_13854_,462.94
net140,462.57
_02921_,462.44
_03097_,460.93
_01614_,458.44
_09032_,458.225
_08801_,455.71
net24,455.08
_38324_,454.68
_09141_,454.5
stage8_inst.in7\[19\],453.78
_38325_,452.52
_37335_,451.86
_02496_,451.75
_38386_,451.32
_02375_,451.09
_03651_,450.925
net91,450.58
_23583_,449.2
_09734_,449.02
_07606_,447.945
clknet_3_4__leaf_clk,447.85
_13855_,447.74
_27361_,447.71
_00989_,444.745
_42486_,443.08
_23656_,441.89
_42157_,441.02
net282,440.21
_42037_,439.9
_36671_,439.8
_03294_,439.15
_26653_,437.07
_02400_,436.88
_38455_,436.74
_27778_,432.67
_03385_,432.64
_27780_,432.15
_27539_,431.74
_02514_,431.24
net320,429.98
_38390_,427.98
_24322_,426.51
_03034_,426.26
_27369_,425.03
_24320_,424.76
net21,423.3
_03470_,423.14
stage8_inst.in6\[0\],422.96
net16,422.74
_40036_,422.26
_31497_,421.93
_14411_,420.965
net18,419.54
stage8_inst.stage4_upper.stage2_pair1.butterfly_inst.mul_inst.b\[14\],418.74
_24016_,418.67
_26651_,418.44
stage8_inst.stage4_upper.stage2_pair0.butterfly_inst.mul_inst.b\[27\],418.4
stage8_inst.in6\[2\],417.46
_09843_,416.14
_23789_,415.98
_13825_,415.22
_29611_,415.135
_02265_,414.98
_03033_,414.36
net14,413.05
_31329_,412.53
stage8_inst.stage4_lower.stage2_pair1.butterfly_inst.mul_inst.b\[31\],412.44
_13902_,412.23
_41905_,411.555
_16769_,411.05
_13727_,410.92
stage8_inst.stage4_lower.stage2_pair1.butterfly_inst.mul_inst.b\[11\],410.89
stage8_inst.stage4_lower.stage2_pair1.butterfly_inst.mul_inst.b\[9\],410.34
_26901_,409.96
_02732_,409.42
_00627_,408.435
_15655_,408.36
_20520_,407.99
_02285_,406.87
_31328_,406.06
_11069_,405.43
_10618_,405.31
_27064_,404.49
_29609_,404.39
_23782_,404.2
_26648_,404.11
_37337_,402.02
stage8_inst.stage4_lower.stage2_pair0.butterfly_inst.mul_inst.b\[24\],401.56
net4,400.88
stage8_inst.stage4_lower.stage2_pair1.butterfly_inst.mul_inst.b\[4\],400.43
stage8_inst.in7\[18\],400.235
_10414_,399.8
_36685_,399.41
_36853_,398.97
_24008_,398.2
_03036_,397.9
net198,396.76
_36754_,396.36
_27541_,395.56
_36190_,394.3
_26905_,393.34
net6,392.42
net380,392.29
_24334_,391.31
_34991_,391.28
_13533_,391.14
_37762_,390.95
stage8_inst.in6\[10\],390.64
_02382_,390.58
stage8_inst.in3\[21\],390.46
stage8_inst.in6\[1\],390.035
_38471_,389.98
_36922_,389.9
stage8_inst.stage4_upper.stage2_pair1.butterfly_inst.mul_inst.b\[17\],389.48
_37076_,387.05
stage8_inst.in7\[16\],386.94
_02974_,386.25
_27068_,386.04
_36925_,385.49
_10096_,384.675
stage8_inst.stage4_upper.stage2_pair0.butterfly_inst.mul_inst.b\[25\],384.19
_38432_,382.98
_26508_,382.86
_06279_,381.86
stage8_inst.in3\[22\],381.6
_33858_,381.135
_37837_,380.52
stage8_inst.in6\[5\],380.495
_33759_,379.95
_27942_,378.35
_24861_,377.82
_33687_,377.575
stage8_inst.in3\[18\],377.37
_26650_,377.34
stage8_inst.stage4_lower.stage2_pair0.butterfly_inst.mul_inst.b\[20\],377.31
_26897_,377.095
_03027_,376.62
_27368_,375.53
_05126_,375.21
stage8_inst.stage4_upper.stage2_pair1.butterfly_inst.mul_inst.b\[18\],374.86
_02726_,374.695
_10348_,373.65
net302,373.51
_10249_,373.495
_27944_,372.37
_35947_,372.28
_27941_,372.26
_27063_,372.16
_14177_,371.78
stage8_inst.stage4_upper.stage2_pair0.butterfly_inst.mul_inst.b\[24\],371.5
_01406_,371.02
_15656_,370.31
stage8_inst.in6\[20\],369.1
_36681_,368.82
stage8_inst.in6\[6\],367.62
_24316_,367.4
_37306_,366.68
_33743_,366.62
_14114_,366.58
stage8_inst.stage4_lower.stage2_pair0.butterfly_inst.mul_inst.b\[28\],365.6
_07434_,364.9
_02500_,363.675
_06255_,363.32
_15778_,363.01
_27783_,362.67
_16615_,362.32
_37341_,362.01
_01943_,361.88
net439,361.63
_33737_,361.55
_31326_,361.31
_25986_,360.38
_06410_,359.78
stage8_inst.in7\[14\],359.2
_00759_,358.88
net156,358.64
_02020_,356.88
_01417_,356.515
_27784_,356.48
_02978_,356.32
_06852_,356.22
net172,355.77
_33900_,355.72
_37927_,355.46
_26904_,355.4
_35967_,354.74
_02722_,354.56
stage8_inst.in6\[11\],353.72
_37775_,353.68
_33943_,353.56
_35533_,352.36
_13618_,352.02
stage8_inst.in6\[18\],351.72
_24325_,351.48
_02480_,351.39
_37727_,350.93
_16512_,350.48
_03025_,350
stage8_inst.in6\[7\],349.7
stage8_inst.stage4_upper.stage2_pair0.butterfly_inst.mul_inst.b\[20\],347.18
_36624_,346.72
_13840_,346.11
_00693_,345.28
_00682_,345.25
stage8_inst.in7\[15\],344.83
_06721_,344.75
_35006_,344.12
_20079_,344.06
_03024_,343.24
_20364_,343.1
_26194_,343.04
_02606_,342.62
_02322_,342.275
_26509_,342.26
stage8_inst.stage4_upper.stage2_pair0.butterfly_inst.mul_inst.b\[14\],341.4
_31661_,341.18
_02938_,341.02
_25016_,340.98
_14410_,340.69
_02922_,340.36
_39119_,340.12
_37872_,339.975
_13798_,339.26
_02481_,339.235
_31534_,338.84
_38434_,338.62
_27538_,338.16
_37618_,337.08
_02975_,336.8
_25002_,336.52
_02255_,336.2
stage8_inst.in3\[8\],334.94
stage8_inst.in6\[19\],334.6
_00441_,333.78
_04280_,333.58
net22,333.1
_36978_,332.6
_36711_,332.56
_04278_,332.54
_01393_,331.16
_37258_,330.44
stage8_inst.stage4_upper.stage2_pair0.butterfly_inst.mul_inst.b\[21\],330.28
_37505_,329.47
_41850_,329.355
_41565_,329.215
_02973_,329.07
_04764_,328.94
_25452_,328.87
_31499_,328.18
_01483_,328.08
stage8_inst.stage4_lower.stage2_pair1.butterfly_inst.mul_inst.b\[6\],327.74
stage8_inst.in1\[30\],327.46
_02488_,326.96
_29757_,326.74
_37219_,326.64
_09759_,326.525
_04929_,326.23
stage8_inst.stage4_upper.stage2_pair1.butterfly_inst.mul_inst.b\[21\],325.94
_13827_,325.72
_12659_,325.36
_02977_,325.2
_31498_,325.08
_02788_,325.01
_14552_,324.8
_00375_,323.88
stage8_inst.stage4_upper.stage2_pair0.butterfly_inst.mul_inst.b\[17\],323.76
_29756_,323.72
_36096_,323.44
_16841_,323.18
_03028_,323.02
_31560_,323
_15781_,322.76
stage8_inst.in7\[17\],322.52
stage8_inst.in3\[27\],322.04
_20430_,321.99
_04183_,321.79
_36216_,320.87
stage8_inst.in6\[13\],320.54
_25004_,320.36
_02911_,320.075
_25594_,319.04
stage8_inst.stage4_lower.stage2_pair1.butterfly_inst.mul_inst.b\[15\],318.9
_02427_,318.845
_22403_,318.58
stage8_inst.in6\[14\],318.52
net155,318.4
stage8_inst.stage4_upper.stage2_pair0.butterfly_inst.mul_inst.b\[18\],318.32
stage8_inst.in6\[16\],318.3
_00129_,318.18
_37539_,317.93
stage8_inst.stage4_lower.stage2_pair1.butterfly_inst.mul_inst.b\[7\],317.92
_06484_,317.795
_22918_,317.78
_03821_,317.505
stage8_inst.in4\[28\],317.44
stage8_inst.in7\[21\],317.36
_02959_,317.12
_03283_,317.105
_25008_,316.76
_06015_,316.705
_24312_,316.64
_00825_,316.25
_36712_,316.02
_20417_,315.76
stage8_inst.in1\[31\],315.02
_36215_,314.96
_37374_,314.66
_36694_,314.39
_38328_,314.35
stage8_inst.in3\[23\],313.52
_29374_,313.48
_29372_,313.03
_25668_,312.855
_02991_,312.74
_37237_,312.58
_20371_,312.275
_37271_,312.2
stage8_inst.in3\[6\],312.08
_03250_,311.995
stage8_inst.in6\[23\],311.97
stage8_inst.in6\[17\],311.54
_35160_,310.55
_13133_,310.18
_34973_,310.11
_01249_,310.08
stage8_inst.stage4_lower.stage2_pair0.butterfly_inst.mul_inst.b\[31\],309.92
stage8_inst.stage4_lower.stage2_pair1.butterfly_inst.mul_inst.b\[14\],309.665
_02563_,309.175
_13589_,309.055
_25662_,307.85
net322,307.36
_02671_,307.22
_03996_,307.05
_03634_,307.02
_27371_,306.995
_24330_,306.72
_07792_,306.635
_37077_,306.36
_36755_,306.255
_41971_,306.085
_15660_,306.06
_40039_,305.88
_03261_,305.84
_27786_,305.31
_00046_,305.125
_37264_,305.08
_36700_,304.86
_03308_,304.73
_25657_,304.26
_40035_,304.26
_02539_,304.06
net124,304.03
_00130_,303.96
_37677_,303.71
_42289_,303.44
stage8_inst.in7\[25\],303.34
_06417_,303.33
net219,303.1
_14431_,302.59
_33993_,302.37
_26323_,301.88
_07281_,301.75
_08124_,301.56
_42541_,301.12
_01786_,300.7
_00371_,300.62
stage8_inst.stage4_upper.stage2_pair1.butterfly_inst.mul_inst.b\[11\],300.62
stage8_inst.stage4_upper.stage2_pair0.butterfly_inst.mul_inst.b\[13\],300.6
_02939_,300.5
_06488_,300.33
_00529_,300.225
_14906_,300.19
_06945_,300.17
_01803_,299.86
_14282_,299.65
_07213_,299.52
_37239_,299.26
_06864_,299.13
_15034_,298.75
_41334_,298.66
_02682_,298.6
_20078_,298.4
_26200_,298.3
_01391_,298.28
_03371_,297.67
_41532_,297.63
_00127_,297.58
stage8_inst.in6\[21\],297.56
stage8_inst.stage4_lower.stage2_pair0.butterfly_inst.mul_inst.b\[9\],297.33
_00247_,297.1
_20348_,297.1
_14445_,296.675
_09558_,296.545
_02284_,296.455
_20904_,296.24
_03040_,295.875
_13211_,295.76
_20516_,295.3
_38226_,295.24
_02698_,294.92
_16780_,294.7
_01798_,294.1
stage8_inst.stage4_lower.stage2_pair0.butterfly_inst.mul_inst.b\[11\],294.08
_36188_,293.92
_26121_,293.61
_33763_,293.56
_01386_,293.46
_35176_,293.36
_04380_,293.34
_02654_,293.24
_02890_,292.93
_00125_,292.86
stage8_inst.in3\[25\],292.8
_37234_,292.73
stage8_inst.in3\[24\],292.7
_34983_,292.66
stage8_inst.in4\[16\],292.27
_20994_,291.87
_20380_,291.66
_37675_,291.63
_01789_,291.41
_05104_,291.315
stage8_inst.stage4_lower.stage2_pair1.butterfly_inst.mul_inst.b\[18\],291.23
_00122_,290.99
stage8_inst.in7\[20\],290.78
_01806_,290.26
_24350_,289.72
_06845_,289.45
_02969_,289.22
_13832_,289.2
_25515_,288.825
_00314_,288.74
_02913_,288.74
stage8_inst.in6\[22\],288.12
_25685_,287.32
stage8_inst.stage4_lower.stage2_pair0.butterfly_inst.mul_inst.b\[21\],287.26
_22686_,286.94
_35184_,286.94
_25444_,286.82
_22341_,286.63
_31512_,286.47
_00671_,286.075
_02709_,285.94
_01932_,285.93
_00053_,285.83
_01791_,285.37
_01795_,285.2
_14918_,285.08
_24342_,284.76
_08516_,284.705
_29654_,284.25
_03338_,284.17
net298,284.12
_00748_,283.82
_02957_,283.64
_06730_,283.5
_02958_,283.465
_08723_,283.415
stage8_inst.in7\[22\],283.38
_29593_,283.325
_02208_,282.98
net290,282.9
_36691_,282.86
stage8_inst.in4\[17\],282.84
_03141_,282.82
_31638_,282.79
_25985_,282.52
_03239_,282.4
_01976_,282.18
_26903_,281.795
_02371_,281.4
_15368_,281.3
_25399_,280.215
_26898_,279.88
_00367_,279.76
_35217_,279.76
_20907_,279.73
stage8_inst.stage4_upper.stage2_pair1.butterfly_inst.mul_inst.b\[22\],279.68
_02618_,279.64
_34999_,279.59
net8,279.18
_08721_,279.14
_31623_,278.9
stage8_inst.stage4_lower.stage2_pair0.butterfly_inst.mul_inst.b\[18\],278.725
_00365_,278.395
_11102_,278.14
_10466_,277.965
_25035_,277.46
stage8_inst.in6\[31\],277.32
_32663_,277.22
_40030_,277.18
_38215_,277.17
net314,277.1
_36224_,277.02
_04720_,277.005
_25990_,276.63
_01396_,276.44
_04358_,276.43
_22442_,276.38
_06551_,276.23
_25010_,276.215
_24301_,275.8
stage8_inst.in7\[24\],275.66
_13851_,275.575
_13974_,275.505
_26906_,275.35
_08861_,275.26
_08517_,274.92
_27365_,274.8
stage8_inst.in6\[3\],274.72
_09657_,274.495
_35192_,273.86
_31691_,273.82
_39957_,273.8
_01494_,273.55
_39331_,273.52
_42519_,273.48
_04287_,273.28
_10019_,272.83
_09093_,272.42
_02982_,272.265
_14907_,272.2
_24298_,272.13
stage8_inst.stage4_upper.stage2_pair0.butterfly_inst.mul_inst.b\[11\],271.37
_22375_,271.2
_06569_,271.19
stage8_inst.in7\[13\],270.95
_31376_,270.8
_14417_,270.79
_35132_,270.615
_06818_,270.39
_09090_,270.32
_41664_,270.26
_02646_,269.63
stage8_inst.in4\[29\],269.58
_08612_,269.08
_02964_,269.07
clknet_3_5__leaf_clk,268.96
_01757_,268.925
_06921_,268.87
_14321_,268.86
_14274_,268.665
_00370_,268.4
_04289_,268.32
_08674_,268.14
_24766_,268.09
stage8_inst.stage4_upper.stage2_pair1.butterfly_inst.mul_inst.b\[29\],267.54
_39961_,267.42
_02734_,267.19
_20034_,267.14
net376,267.14
_02961_,266.8
_42234_,266.79
_40027_,266.68
_23986_,266.5
_00244_,266.42
_06606_,266.02
_24535_,265.94
_00368_,265.82
_08253_,265.7
_25510_,265.53
_33317_,265.16
_02593_,265
_35154_,264.46
_09091_,264.36
_03590_,264.32
_24413_,264.28
_10981_,264.17
_06046_,264.09
_38136_,263.79
stage8_inst.stage4_lower.stage2_pair1.butterfly_inst.mul_inst.b\[5\],263.78
_36703_,263.64
_08072_,263.52
_00366_,263.44
_23959_,263.2
_02947_,263.16
_24005_,262.86
_25001_,262.84
_01257_,262.78
_06311_,262.675
_37323_,262.18
_38229_,262.02
_08428_,261.82
_01066_,261.6
_07529_,261.34
_13809_,261.18
_05466_,261.175
_20908_,261.08
_22512_,261.08
_20480_,260.98
stage8_inst.stage4_lower.stage2_pair0.butterfly_inst.mul_inst.b\[12\],260.96
_42311_,260.84
stage8_inst.in4\[23\],260.78
stage8_inst.in3\[28\],260.56
_14015_,260.28
_11080_,260.145
_37021_,260.14
_02368_,260.125
_37361_,260.075
_37351_,259.98
_08725_,259.36
_36701_,259.26
stage8_inst.in4\[24\],259.04
_05828_,259.005
_22293_,259
_38326_,259
_23950_,258.96
_00248_,258.86
_02914_,258.86
_08515_,258.74
_37903_,258.64
_16346_,258.425
_08797_,258.12
_36646_,258.05
_05082_,257.82
_14289_,257.77
_07927_,257.615
stage8_inst.stage4_upper.stage2_pair0.butterfly_inst.mul_inst.b\[19\],257.6
stage8_inst.stage4_lower.stage2_pair1.butterfly_inst.mul_inst.b\[20\],257.505
_38224_,257.42
_41389_,257.06
_08355_,257.01
_01472_,256.945
stage8_inst.in4\[26\],256.86
stage8_inst.in4\[27\],256.84
_33749_,256.32
_02915_,256.28
stage8_inst.in6\[12\],255.66
_25866_,255.6
_00605_,255.3
_03197_,255.11
_31904_,254.98
_02954_,254.685
_01778_,254.34
_29658_,254.34
_03152_,254.31
_07851_,254.285
_39959_,254.17
_35948_,254.16
_03023_,253.88
_25198_,253.84
stage8_inst.in6\[15\],253.78
_24308_,253.74
_23994_,253.68
_15369_,253.62
_41400_,253.465
_01782_,253.3
_22294_,252.98
_37942_,252.84
_05653_,252.69
_41323_,252.275
_02553_,252.075
_02918_,252
_17959_,251.92
_22738_,251.84
_02378_,251.695
_03075_,251.675
stage8_inst.in4\[18\],251.56
_08718_,251.48
_37417_,251.44
stage8_inst.stage4_upper.stage2_pair0.butterfly_inst.mul_inst.b\[16\],251.44
_25460_,251.14
_24398_,251.02
_03195_,250.87
_25021_,250.6
_39357_,250.42
_02578_,250.06
_26327_,249.93
_20424_,249.88
_25487_,249.84
_04446_,249.82
_08301_,249.74
_29678_,249.5
_42201_,249.455
_02206_,249.32
net319,249.32
_04900_,249.22
_02064_,249.14
_37235_,249.04
_36926_,249.02
_24991_,248.84
_37694_,248.72
stage8_inst.stage4_upper.stage2_pair0.butterfly_inst.mul_inst.b\[9\],248.7
_33748_,248.5
_00660_,248.4
_15776_,248.38
_40037_,248.195
_29655_,248.1
_01735_,247.7
_01780_,247.66
stage8_inst.in4\[19\],247.52
_24353_,247.4
net163,247.3
_38045_,247.08
_00126_,247.06
_00378_,246.98
stage8_inst.in6\[4\],246.97
_37365_,246.88
_22551_,246.87
_00420_,246.63
_00123_,246.6
_20431_,246.47
_25447_,246.43
_33641_,246.315
_37203_,246.12
_20514_,246.06
_01261_,246.04
_02086_,245.945
_37241_,245.92
_37240_,245.76
net149,245.71
_23833_,245.54
_22784_,245.5
_06045_,245.415
_15653_,245.26
stage8_inst.stage4_upper.stage2_pair1.butterfly_inst.mul_inst.b\[30\],245.17
_03053_,245.12
_14432_,245.11
_10260_,244.96
_06043_,244.95
_08224_,244.94
_01318_,244.88
_41301_,244.8
_25504_,244.65
_16840_,244.465
_02568_,244.26
_23800_,244.22
_22739_,244.18
_16510_,244.11
_27781_,244.06
_34964_,243.86
_37207_,243.51
_23939_,243.48
_08188_,243.46
_35588_,243.44
_08300_,243.36
_35047_,243.24
_36683_,243.18
_41894_,243
_35223_,242.94
_22593_,242.9
_04545_,242.88
_03722_,242.74
_01428_,242.63
_22834_,242.58
_24037_,242.51
_36648_,242.48
_09092_,242.43
_05291_,242.32
_29681_,242.24
_07511_,241.58
_26513_,241.475
_00113_,241.4
_25440_,241.35
_04512_,241.085
stage8_inst.in7\[3\],241.02
_31695_,240.97
_13467_,240.85
stage8_inst.stage4_lower.stage2_pair1.butterfly_inst.mul_inst.b\[27\],240.7
_00912_,240.59
_15233_,240.52
_09088_,240.44
_02293_,240.4
net304,240.33
_06954_,240.26
_24013_,240.175
_01000_,240.165
_23987_,240.1
_01808_,239.99
_00374_,239.82
_25481_,239.81
_35960_,239.64
_24352_,239.635
_14313_,239.4
_00240_,239.12
_02624_,239.11
_37574_,238.93
_10739_,238.82
_27777_,238.8
_32891_,238.78
_22194_,238.64
_01801_,238.56
_17727_,238.52
_04084_,238.43
_02141_,237.86
_02075_,237.85
_13833_,237.84
_36278_,237.8
_36693_,237.53
_25490_,237.52
_33772_,237.44
_22154_,237.12
net454,237.08
stage8_inst.in4\[25\],237.04
_02219_,237
_01910_,236.995
_15367_,236.88
_23992_,236.8
_15035_,236.71
_03316_,236.64
_08394_,236.59
_41312_,236.495
_06203_,236.31
_15648_,236.3
_35942_,236.295
_23979_,236.28
_06866_,236.115
_37760_,235.92
_33686_,235.76
_07891_,235.185
_02359_,235.165
_06161_,235.14
_05444_,235.06
_20821_,234.98
stage8_inst.stage4_upper.stage2_pair0.butterfly_inst.mul_inst.b\[5\],234.84
_06166_,234.79
_35046_,234.77
_08128_,234.74
_25479_,234.685
_14330_,234.66
_22510_,234.56
_00318_,234.54
_36679_,234.48
_16349_,234.43
_08476_,234.42
_36706_,234.28
_31517_,233.91
stage8_inst.stage4_lower.stage2_pair1.butterfly_inst.mul_inst.b\[10\],233.83
_01713_,233.76
stage8_inst.in1\[27\],233.735
_37072_,233.6
_31596_,233.3
_25592_,233.12
_01899_,233.045
_35234_,233.02
_15224_,232.875
_11344_,232.74
stage8_inst.stage4_upper.stage2_pair0.butterfly_inst.mul_inst.b\[12\],232.5
_39898_,232.46
_14266_,232.35
stage8_inst.in3\[26\],232.12
_41839_,232.1
_04314_,231.92
_04901_,231.76
net354,231.64
stage8_inst.in4\[22\],231.45
_11124_,231.4
_17725_,231.385
_23971_,231.17
_27779_,231.08
_25475_,230.97
_33583_,230.61
_06242_,230.59
_02495_,230.48
_11168_,230.38
_37968_,230.22
_37972_,230.2
_38211_,230.115
_36496_,230.07
stage8_inst.in4\[31\],229.98
_03163_,229.67
_35494_,229.58
_05543_,229.555
_20072_,229.51
_20075_,229.33
_25456_,229.26
_38380_,229.22
_04435_,229.21
_04601_,229.15
_08073_,229.02
_00313_,228.965
stage8_inst.in6\[25\],228.92
_03064_,228.79
_03788_,228.775
_22058_,228.69
stage8_inst.stage4_upper.stage2_pair0.butterfly_inst.mul_inst.b\[15\],228.63
_20567_,228.615
_27661_,228.12
_08249_,228.04
_20964_,227.97
_41521_,227.915
_14844_,227.875
_00978_,227.81
_04708_,227.73
_03514_,227.635
_01987_,227.52
_18167_,227.46
_10392_,227.44
_24999_,227.39
stage8_inst.in7\[23\],227.32
_10189_,227.28
net455,226.93
_22550_,226.74
stage8_inst.in7\[0\],226.395
_22120_,226.375
_23934_,226.36
_00116_,226.18
_31521_,226.08
stage8_inst.in6\[9\],225.74
_02340_,225.58
_08248_,225.54
net348,225.205
_26204_,225.08
_32782_,225.05
_40021_,224.96
stage8_inst.in4\[5\],224.915
_42552_,224.91
_14260_,224.795
_04150_,224.665
_04830_,224.64
_20379_,224.44
_42475_,224.44
_02554_,224.41
_06228_,224.24
_00114_,223.82
_08396_,223.78
_23826_,223.69
_03656_,223.52
_37800_,223.47
stage8_inst.stage4_lower.stage2_pair1.butterfly_inst.mul_inst.b\[17\],223.355
stage8_inst.in3\[11\],223.2
stage8_inst.in4\[21\],222.92
_03492_,222.775
_25041_,222.615
_02097_,222.405
_20402_,222.3
_01132_,222.26
_34970_,222.24
_03305_,222.23
_02449_,222.015
stage8_inst.stage4_lower.stage2_pair1.butterfly_inst.mul_inst.b\[16\],221.96
_21966_,221.95
stage8_inst.in6\[8\],221.86
_20031_,221.745
_10673_,221.64
net237,221.625
_06716_,221.62
stage8_inst.in0\[12\],221.575
_02303_,221.545
_03689_,221.5
_01377_,221.46
_02407_,221.41
_04018_,221.195
_36697_,221.08
net377,220.84
_30241_,220.67
_11058_,220.44
_14912_,220.3
_24306_,220.28
stage8_inst.in3\[3\],220.1
_15654_,220.08
net278,220.08
_22245_,220.055
stage8_inst.in3\[12\],219.99
_14296_,219.865
_42508_,219.85
_37495_,219.8
stage8_inst.stage4_lower.stage2_pair0.butterfly_inst.mul_inst.b\[19\],219.44
_37898_,219.38
_32430_,219.26
_02542_,219.08
_03192_,218.94
_02237_,218.835
_14446_,218.835
_03032_,218.69
_31636_,218.66
net233,218.64
_15371_,218.605
_02408_,218.58
_24000_,218.28
_21871_,218.26
_00737_,218.25
_35075_,218.04
_41433_,218.04
_00115_,218.02
_01371_,218.01
_37999_,217.91
_33110_,217.88
_31496_,217.78
net294,217.76
_05063_,217.74
stage8_inst.in4\[20\],217.72
_18125_,217.63
_37067_,217.58
_16099_,217.54
stage8_inst.in1\[0\],217.42
_42223_,217.405
_41510_,217.28
_37243_,217.22
_00311_,217.16
stage8_inst.in4\[30\],217.1
_08668_,216.74
_39344_,216.66
_13478_,216.63
_02218_,216.56
_02768_,216.56
_00112_,216.3
_00803_,216.14
stage8_inst.in4\[7\],216.1
_01252_,216.05
_22118_,215.99
_23970_,215.86
_42497_,215.715
_03174_,215.68
_02916_,215.6
_37164_,215.54
_30906_,215.48
_05192_,215.475
_01954_,215.41
_02696_,215.08
net265,215.05
_00649_,215
_10706_,214.84
_39962_,214.7
_35956_,214.06
_14551_,214.02
_06740_,213.95
_23977_,213.88
_09295_,213.76
_34022_,213.73
stage8_inst.stage4_upper.stage2_pair1.butterfly_inst.mul_inst.b\[26\],213.72
_42124_,213.635
stage8_inst.in6\[24\],213.58
_09207_,213.44
_14427_,213.32
_31505_,213.32
_21875_,213.1
_34967_,212.94
_22592_,212.86
_20291_,212.82
stage8_inst.in1\[23\],212.8
stage8_inst.in0\[10\],212.62
_08955_,212.525
_13953_,212.37
_10915_,212.26
_24034_,212.225
stage8_inst.in7\[10\],212.22
_07905_,212.2
_33085_,212.14
_03327_,211.8
stage8_inst.in4\[14\],211.76
_26199_,211.385
_42190_,211.34
_14914_,211.3
_33500_,211.26
_12703_,211.08
_01077_,210.985
net247,210.88
_00243_,210.84
_39399_,210.8
_06585_,210.71
_03042_,210.68
_37078_,210.68
_14297_,210.675
_04698_,210.655
_08790_,210.535
_02981_,210.52
_18114_,210.22
_07519_,210.16
_15225_,210.14
_02983_,210.13
_31323_,210.12
_02998_,210.11
stage8_inst.in4\[6\],210.02
_01724_,209.935
_20343_,209.915
_04665_,209.5
clknet_2_0_0_clk,209.44
_33112_,209.38
_42300_,209.26
_34977_,209.24
net384,209.19
_14535_,209.14
stage8_inst.in3\[17\],209.03
_07342_,208.755
_17506_,208.65
_09132_,208.61
_25664_,208.53
_15038_,208.46
_06578_,208.43
_05554_,208.39
clknet_2_3_0_clk,208.39
_02655_,208.26
_01507_,208.24
_00106_,208.225
stage8_inst.in1\[22\],208.18
clknet_2_1_0_clk,208.17
_26518_,207.9
_07804_,207.64
_01430_,207.44
_16350_,207.42
_00239_,207.26
_33088_,207.255
_06454_,207.2
_06212_,207.185
_42322_,207.175
_15232_,207.09
_22640_,207.09
_06576_,206.82
_06619_,206.78
_35044_,206.78
_36667_,206.5
stage8_inst.in7\[26\],206.5
_03026_,206.46
_01329_,206.41
_01011_,206.22
_08856_,206.195
_32509_,206.01
_06146_,205.88
_06824_,205.88
_03437_,205.83
_39381_,205.74
_03536_,205.645
_33750_,205.63
clknet_2_2_0_clk,205.36
stage8_inst.in1\[21\],205.24
_20403_,204.93
_20354_,204.71
_00383_,204.7
stage8_inst.in6\[29\],204.62
_03865_,204.55
_02901_,204.41
_02923_,204.31
_07430_,204.28
_06761_,204.275
_42146_,204.02
stage8_inst.stage4_upper.stage2_pair1.butterfly_inst.mul_inst.b\[31\],203.98
_11146_,203.86
_13922_,203.84
_22441_,203.66
_25595_,203.64
_30123_,203.63
_02538_,203.42
_00923_,203.405
_02513_,203.4
_04896_,203.39
_13597_,203.24
_37270_,203.23
_02274_,203.13
_10937_,203.12
net284,202.87
stage8_inst.stage4_lower.stage2_pair1.butterfly_inst.mul_inst.b\[22\],202.61
_37475_,202.59
_15230_,202.575
_40044_,202.57
_22340_,202.56
_33588_,202.55
_42015_,202.545
_06419_,202.5
_31701_,202.5
_05916_,202.45
_02387_,202.415
_05181_,202.4
_37583_,202.32
_37936_,202.16
_42464_,202.11
_37934_,202.05
_02943_,201.92
_08867_,201.915
_37838_,201.91
_20246_,201.715
_25591_,201.515
_23942_,201.48
net148,201.34
_06772_,201.3
_02965_,201.295
_01351_,201.26
_27785_,201.22
_22033_,201.21
_32079_,201.21
_02498_,201.16
_04194_,201.12
_04819_,201.12
_10882_,201.12
_00715_,201.06
_29657_,200.98
_10533_,200.92
_20279_,200.81
_24004_,200.7
_02783_,200.6
_36012_,200.415
_05071_,200.395
_23840_,200.32
_02130_,200.25
_22032_,200.22
_31739_,200.16
_37272_,199.96
_10893_,199.86
_01680_,199.76
stage8_inst.stage4_lower.stage2_pair0.butterfly_inst.mul_inst.b\[14\],199.755
_23531_,199.72
_04973_,199.71
_37355_,199.675
stage8_inst.in7\[29\],199.65
_36682_,199.36
_33761_,199.16
_27672_,199.13
_20315_,198.865
stage8_inst.in1\[4\],198.76
_13787_,198.755
_33229_,198.68
_07068_,198.66
_05137_,198.46
_24833_,198.34
_02736_,198.275
_15236_,198.19
_01453_,198.17
_41287_,198.17
_37895_,198.16
_05357_,197.96
_10172_,197.96
_40095_,197.96
_03236_,197.94
_31502_,197.7
_06246_,197.44
_09361_,197.325
_06835_,197.32
_26909_,197.2
_25696_,197.12
_14267_,196.78
stage8_inst.in3\[16\],196.7
_24046_,196.535
_20330_,196.42
_23841_,196.42
_18348_,196.35
_01055_,196.14
_04249_,196.11
_09909_,196
_03481_,195.95
_06662_,195.915
_20352_,195.86
_29677_,195.76
stage8_inst.stage4_lower.stage2_pair0.butterfly_inst.mul_inst.b\[16\],195.76
_14486_,195.74
_40038_,195.74
stage8_inst.stage4_upper.stage2_pair1.butterfly_inst.mul_inst.b\[3\],195.74
_36195_,195.68
_03448_,195.655
_24035_,195.63
_18115_,195.54
net308,195.29
_01274_,195.21
_06834_,195.2
_05422_,195.185
_05010_,194.92
_06421_,194.86
_00250_,194.82
_32511_,194.78
_00406_,194.7
_01230_,194.56
_39633_,194.52
_15226_,194.425
_07419_,194.365
_11355_,194.31
_29823_,194.31
stage8_inst.in4\[2\],194.2
_02756_,193.92
_36678_,193.92
_33406_,193.915
stage8_inst.stage4_lower.stage2_pair1.butterfly_inst.mul_inst.b\[26\],193.675
_01364_,193.65
_08430_,193.64
_01570_,193.56
_04949_,193.545
_08823_,193.54
_11135_,193.49
_39481_,193.42
_06980_,193.415
_19858_,193.4
stage8_inst.stage4_upper.stage2_pair0.butterfly_inst.mul_inst.b\[6\],193.2
_06341_,192.88
_40070_,192.665
_00967_,192.64
_01223_,192.58
net327,192.54
_10337_,192.48
_33758_,192.48
stage8_inst.stage4_lower.stage2_pair1.butterfly_inst.mul_inst.b\[12\],192.47
stage8_inst.in3\[7\],192.46
_38232_,192.385
_05021_,192.36
_42530_,192.305
_39509_,192.29
_13456_,192.13
_42388_,192.13
_03188_,192.05
_00496_,192.045
_05905_,192.045
_01647_,191.935
_09196_,191.87
_02926_,191.84
_31543_,191.66
_01143_,191.625
_31529_,191.62
_27542_,191.595
_07445_,191.56
_26193_,191.54
_22374_,191.52
stage8_inst.stage4_upper.stage2_pair1.butterfly_inst.mul_inst.b\[2\],191.48
stage8_inst.in3\[10\],191.42
_06811_,191.38
_08431_,191.36
_03187_,191.12
_13892_,191.06
_14298_,191.01
_23843_,190.97
_05313_,190.96
_14281_,190.8
_31381_,190.77
_20608_,190.56
stage8_inst.in6\[26\],190.54
_00638_,190.53
stage8_inst.in0\[21\],190.46
_01446_,190.32
_01484_,190.12
_06267_,189.9
_38338_,189.8
_01358_,189.78
_03190_,189.74
_08615_,189.6
_31905_,189.48
_03119_,189.42
_25503_,189.42
_20556_,189.4
_31567_,189.32
_02963_,189.23
_02163_,189.215
_14602_,189.205
_20086_,189.11
_01581_,189.08
_25033_,189.02
_10227_,188.94
_39442_,188.9
_03832_,188.835
_01746_,188.815
_01296_,188.74
_07013_,188.715
_14322_,188.3
_14699_,188.14
_07895_,188.1
_18123_,188
stage8_inst.in3\[30\],187.94
_20318_,187.88
_04600_,187.86
_07046_,187.84
_02932_,187.58
_04279_,187.58
stage8_inst.in7\[28\],187.41
stage8_inst.in4\[13\],187.4
_02798_,187.1
_09898_,187.04
_35031_,186.88
_40154_,186.88
_23737_,186.875
_20263_,186.8
_18655_,186.67
_02966_,186.64
_02614_,186.59
_41499_,186.585
_01508_,186.535
stage8_inst.in7\[9\],186.52
net306,186.42
_14424_,186.36
_35146_,186.34
_16348_,186.295
_02525_,186.26
_39330_,186.24
_14419_,186.2
_40074_,186.12
_03678_,186.085
_05806_,186.06
_01488_,185.93
_00583_,185.92
_18121_,185.855
_25756_,185.84
_07203_,185.8
_11267_,185.8
net381,185.78
_01435_,185.74
_02501_,185.62
_00956_,185.6
_03108_,185.48
_00382_,185.44
_33214_,185.24
stage8_inst.in0\[8\],185.24
_36303_,185.18
_18657_,185.165
_04040_,185.155
_00245_,185.12
net297,185.1
_04556_,184.97
_03130_,184.92
_40056_,184.78
_39309_,184.76
_31507_,184.75
_21904_,184.72
_20774_,184.7
_21905_,184.64
_14698_,184.58
_00452_,184.445
_06174_,184.4
_00242_,184.1
_05535_,184.1
_07704_,184
_21486_,183.76
_31307_,183.76
_02962_,183.68
_31972_,183.68
_22051_,183.58
_38393_,183.56
_35118_,183.36
_22639_,183.305
_10161_,183.02
_14430_,182.86
_08154_,182.72
_31380_,182.66
_36705_,182.6
stage8_inst.stage4_upper.stage2_pair1.butterfly_inst.mul_inst.b\[24\],182.6
_27943_,182.57
_14262_,182.5
_16104_,182.44
_37429_,182.42
_12625_,182.28
_42453_,182.105
_06366_,182.095
_20288_,182.04
_03777_,181.87
stage8_inst.in4\[4\],181.84
_06179_,181.74
_08986_,181.39
_39546_,181.385
_00108_,181.305
stage8_inst.stage4_lower.stage2_pair1.butterfly_inst.mul_inst.b\[25\],181.235
_03404_,181.23
_18296_,181.2
_03673_,181.155
_04534_,181.15
_18294_,181.15
_26512_,181.065
net245,181.06
_38116_,181.035
stage8_inst.in1\[29\],181
_06222_,180.84
_07850_,180.82
_08304_,180.79
_00238_,180.7
_06640_,180.62
_02941_,180.52
stage8_inst.in3\[2\],180.36
stage8_inst.in0\[9\],180.28
_02809_,180.17
_02880_,180.165
_16344_,180.08
_04589_,180.015
_21596_,179.94
_02819_,179.9
_30117_,179.8
_02931_,179.74
_29697_,179.64
_01756_,179.56
_03952_,179.52
stage8_inst.in1\[26\],179.46
_06783_,179.26
_00836_,179.255
_41620_,179.145
_40050_,179.14
_20088_,179.1
_14347_,179.035
_25457_,178.94
_07375_,178.82
_01592_,178.77
net289,178.75
_29728_,178.6
_34787_,178.6
_06151_,178.51
_36186_,178.4
_01263_,178.275
_02993_,178.24
_04051_,178.12
_03196_,178.06
_33277_,177.92
_06618_,177.825
_39334_,177.8
_16802_,177.66
_02757_,177.64
stage8_inst.in6\[27\],177.52
_10651_,177.5
_06794_,177.44
_05135_,177.36
_06805_,177.36
stage8_inst.in4\[1\],177.14
_13678_,177.12
_09547_,177.05
stage8_inst.stage4_lower.stage2_pair1.butterfly_inst.mul_inst.b\[29\],176.815
_13489_,176.8
_06157_,176.76
_08026_,176.76
_14555_,176.76
_24741_,176.74
_06882_,176.72
_33116_,176.72
_18289_,176.64
_01326_,176.52
_04676_,176.46
_41762_,176.46
_06256_,176.41
_00934_,176.365
_37738_,176.36
_37431_,176.3
_32341_,176.26
_18239_,176.25
_14331_,176.23
_07212_,176.16
net159,176.12
stage8_inst.stage4_upper.stage2_pair1.butterfly_inst.mul_inst.b\[8\],176.1
_00419_,175.925
_25596_,175.86
_37380_,175.85
stage8_inst.in4\[11\],175.8
_35127_,175.78
_05243_,175.74
_03887_,175.655
_14047_,175.48
_31743_,175.405
_04984_,175.3
_30456_,175.18
_06300_,175.125
_32236_,175.08
_23894_,175.05
_33514_,175.04
_33354_,174.955
stage8_inst.in1\[28\],174.94
_14129_,174.93
_33793_,174.9
_22342_,174.86
stage8_inst.stage4_upper.stage2_pair1.butterfly_inst.mul_inst.b\[13\],174.78
_37280_,174.76
_14288_,174.74
_29554_,174.715
_00474_,174.58
_23043_,174.54
_19047_,174.43
_00110_,174.405
_20532_,174.4
_01603_,174.38
_01779_,174.26
_38191_,174.24
_14346_,174.17
_14329_,174.155
_09723_,174.105
_03401_,174.02
_12751_,173.98
_01467_,173.94
_06541_,173.76
_32643_,173.76
_07167_,173.68
_32741_,173.68
_17305_,173.66
_18502_,173.63
_39184_,173.57
net161,173.5
_04336_,173.485
_20061_,173.36
_31564_,173.34
_00507_,173.335
_21005_,173.32
_42278_,173.1
_16095_,173.015
_20873_,172.86
_33862_,172.79
_23891_,172.74
_29371_,172.68
stage8_inst.in6\[28\],172.68
stage8_inst.in7\[4\],172.6
_32490_,172.56
_19266_,172.54
_35122_,172.48
net164,172.4
_01121_,172.31
_04786_,172.255
_20294_,172.18
_13434_,172.06
_15649_,171.98
_14635_,171.92
_05971_,171.62
_13596_,171.58
_29091_,171.56
_02876_,171.36
_40140_,171.3
_31647_,171.16
_33013_,170.94
_02532_,170.82
_15650_,170.74
_12813_,170.625
_08030_,170.61
_04117_,170.5
_07303_,170.5
_06197_,170.44
_04216_,170.405
_08722_,170.36
_12759_,170.36
_31578_,170.2
_20420_,170.16
_13600_,170.14
_18727_,170.1
_02592_,170.08
stage8_inst.in4\[10\],170.06
_07300_,169.88
_23092_,169.86
stage8_inst.in0\[16\],169.86
_15777_,169.7
stage8_inst.in1\[18\],169.68
_23922_,169.62
_42355_,169.54
_40015_,169.53
_29679_,169.52
_41817_,169.46
_14534_,169.35
_24747_,169.32
_14325_,169.245
_29080_,169.24
stage8_inst.stage4_lower.stage2_pair1.butterfly_inst.mul_inst.b\[23\],169.145
_37362_,168.98
_19794_,168.91
_20511_,168.9
_13938_,168.88
stage8_inst.in1\[20\],168.88
_01176_,168.82
stage8_inst.in4\[0\],168.66
_09130_,168.645
_42102_,168.56
_00814_,168.5
_10238_,168.42
_03755_,168.36
_08123_,168.32
_09799_,168.24
_02486_,168.14
_07424_,168.14
_01888_,168.1
stage8_inst.in0\[11\],168.08
stage8_inst.stage4_upper.stage2_pair1.butterfly_inst.mul_inst.b\[25\],168.08
stage8_inst.in2\[21\],168.035
_23883_,168
net443,167.88
_33742_,167.875
net121,167.86
_14176_,167.8
_17492_,167.6
_31704_,167.58
_23803_,167.5
stage8_inst.stage4_upper.stage2_pair0.butterfly_inst.mul_inst.b\[2\],167.48
_10640_,167.46
_13423_,167.46
_38796_,167.42
stage8_inst.in1\[25\],167.42
_05236_,167.38
_31154_,167.38
_06224_,167.36
_17685_,167.32
_31856_,167.32
_18295_,167.24
_11773_,167.2
_19464_,166.97
_15231_,166.86
stage8_inst.stage4_lower.stage2_pair0.butterfly_inst.mul_inst.b\[15\],166.67
stage8_inst.in4\[12\],166.62
_07201_,166.6
_24402_,166.585
_03653_,166.515
_07298_,166.46
_04238_,166.435
_42179_,166.42
_03963_,166.345
_05280_,166.29
_00430_,166.25
stage8_inst.in4\[3\],166.24
_35113_,166.18
_01475_,166.16
_42113_,166.085
_06735_,166.07
net144,166.06
net281,166.04
_13912_,165.96
_14299_,165.79
_02605_,165.74
_40101_,165.725
_05433_,165.69
_13500_,165.68
_35419_,165.64
_35107_,165.4
_00873_,165.35
_10074_,165.3
_02944_,165.28
_03280_,165.26
stage8_inst.in3\[13\],165.18
_42212_,165.165
_11278_,165.12
stage8_inst.in7\[30\],165.12
stage8_inst.in7\[27\],165.06
_06037_,165.045
_01830_,165.03
_07370_,164.93
_02248_,164.86
_08794_,164.82
_04468_,164.74
_05347_,164.66
_00616_,164.645
_22029_,164.58
stage8_inst.in1\[24\],164.44
_05049_,164.34
_14946_,164.26
_34932_,164.26
_39485_,164.26
_41598_,164.24
_26514_,164.19
_37353_,164.16
_02767_,164.1
_09876_,164.08
_18237_,164.07
_35106_,164.06
_41587_,164.04
_02594_,164.03
_14277_,163.995
_37363_,163.96
_14259_,163.87
_37532_,163.75
_11882_,163.74
_10695_,163.73
_37547_,163.7
_05675_,163.665
_32647_,163.6
_06476_,163.595
_06673_,163.54
_38220_,163.54
_08242_,163.48
_06103_,163.36
_29373_,163.26
_20508_,163.14
_14334_,163.105
_29800_,163.1
_06747_,163.04
_40162_,162.675
_05105_,162.65
net111,162.62
_31527_,162.6
_37518_,162.56
net162,162.55
_20280_,162.5
_26202_,162.47
_41982_,162.45
_02604_,162.41
_06192_,162.32
_31322_,162.28
_35232_,162.26
_25476_,162.235
_26515_,162.2
_09174_,162.15
_09712_,162.15
_10629_,162.12
stage8_inst.in6\[30\],162.12
_25663_,161.995
_07189_,161.965
_29794_,161.94
_05872_,161.915
_35123_,161.81
stage8_inst.stage4_upper.stage2_pair1.butterfly_inst.mul_inst.b\[12\],161.81
_08066_,161.685
_05258_,161.68
_02323_,161.65
_09152_,161.62
_08812_,161.6
stage8_inst.stage4_lower.stage2_pair1.butterfly_inst.mul_inst.b\[3\],161.58
_09215_,161.55
_10522_,161.48
_15339_,161.4
_00103_,161.34
_03711_,161.31
_02009_,161.235
_02716_,161.225
_20801_,161.06
_20043_,161.02
stage8_inst.in3\[15\],160.99
_34242_,160.95
_40075_,160.94
_35941_,160.81
_05148_,160.715
_06838_,160.56
_12881_,160.46
stage8_inst.in3\[31\],160.18
_41740_,160.14
_00293_,160.04
_38617_,160.04
_39160_,159.98
_00594_,159.835
_37597_,159.72
_03941_,159.7
_41806_,159.62
_08505_,159.54
_12636_,159.52
_29749_,159.52
_03415_,159.5
stage8_inst.in1\[19\],159.5
_20625_,159.44
_41993_,159.44
_01110_,159.42
_09112_,159.385
_01636_,159.3
_00099_,159.26
_01974_,159.24
_08193_,159.24
_07354_,159.22
_14418_,159.22
_41653_,159.21
_02956_,159.18
_37679_,159.18
_38547_,159.16
_05609_,158.995
_27066_,158.995
_02217_,158.99
_14113_,158.96
_41697_,158.88
_31662_,158.795
_00397_,158.76
stage8_inst.stage4_lower.stage2_pair1.butterfly_inst.mul_inst.b\[30\],158.7
_40064_,158.695
_03573_,158.69
stage8_inst.in3\[14\],158.6
_04073_,158.56
_31667_,158.55
_32926_,158.48
_31579_,158.47
_41872_,158.46
_36534_,158.32
_07485_,158.29
_02951_,158.2
_36652_,158.09
_19820_,158.08
_04347_,158.04
_06860_,157.98
net117,157.95
_05119_,157.92
_20254_,157.92
_41751_,157.92
_41036_,157.82
_26325_,157.815
_04029_,157.8
_18168_,157.8
_12768_,157.74
_23608_,157.74
_06201_,157.735
_03799_,157.715
_25455_,157.7
_12629_,157.68
_01790_,157.625
_20384_,157.56
_06448_,157.54
_06969_,157.54
_07178_,157.44
_06200_,157.42
_02438_,157.4
_07386_,157.24
_31540_,157.18
_14314_,157.145
_12806_,157.12
stage8_inst.stage4_lower.stage2_pair1.butterfly_inst.mul_inst.b\[21\],157.06
_07793_,156.99
_00901_,156.98
_25833_,156.925
_18798_,156.875
_14284_,156.84
_25665_,156.82
_26195_,156.8
_00117_,156.78
_39675_,156.72
net239,156.65
net153,156.62
_01340_,156.46
_05817_,156.42
stage8_inst.stage4_upper.stage2_pair0.butterfly_inst.mul_inst.b\[10\],156.37
_11311_,156.32
_03227_,156.24
_40150_,156.22
_18796_,156.2
_01395_,156.185
_14766_,156.18
_03773_,156.065
_25474_,156.06
_25448_,156.045
_20262_,155.92
_06574_,155.715
_13843_,155.7
_06057_,155.68
_02489_,155.6
_35933_,155.6
_20309_,155.58
_16839_,155.48
_35651_,155.455
_06121_,155.41
_42004_,155.26
_39674_,155.17
_35652_,155.165
_01307_,155.105
_06041_,155.1
_07369_,155.06
_26196_,154.955
_04402_,154.945
_02315_,154.86
_23877_,154.84
_41286_,154.81
_27370_,154.78
_31977_,154.78
_20367_,154.62
_07211_,154.54
_23880_,154.54
_08303_,154.52
_36572_,154.52
_31581_,154.44
_05348_,154.38
_16107_,154.335
_07660_,154.32
_04413_,154.235
_42256_,154.22
_41181_,154.14
_01424_,154.1
_22930_,154.06
_00806_,154.02
_35222_,154.02
_27362_,153.905
_31742_,153.8
stage8_inst.stage4_upper.stage2_pair0.butterfly_inst.mul_inst.b\[4\],153.68
_05346_,153.645
_05244_,153.58
_06399_,153.56
_30234_,153.56
_10465_,153.51
_25658_,153.44
stage8_inst.in7\[6\],153.44
_03843_,153.4
_05034_,153.36
_04874_,153.33
_07569_,153.3
_03459_,153.295
_06039_,153.23
_08614_,153.18
_39398_,153.18
_08445_,153.12
_37474_,153.04
_39356_,153.04
_11179_,153.02
_14414_,153.02
_37682_,152.94
_07057_,152.91
_14264_,152.72
_00241_,152.7
_14318_,152.7
_33105_,152.69
_06163_,152.62
_03228_,152.56
_31562_,152.54
stage8_inst.in1\[8\],152.455
_07331_,152.42
_37473_,152.39
stage8_inst.stage4_lower.stage2_pair0.butterfly_inst.mul_inst.b\[10\],152.35
_16343_,152.24
_30532_,152.18
_06719_,152.16
_06081_,152.125
_32652_,152.02
_16021_,152
_09220_,151.935
stage8_inst.in3\[0\],151.86
stage8_inst.in2\[2\],151.6
_03426_,151.545
_04288_,151.54
_24750_,151.52
stage8_inst.in1\[17\],151.3
_07748_,151.24
_05697_,151.16
_40069_,151.16
_04286_,151.12
_04034_,151.1
_07518_,151.065
_05510_,151
_20620_,150.895
_37967_,150.88
_11861_,150.82
_41609_,150.8
_33762_,150.75
_25614_,150.67
_02860_,150.64
_09097_,150.565
_00109_,150.48
_08127_,150.48
_40149_,150.43
_18634_,150.34
_37995_,150.02
net324,150.02
_02987_,149.95
_01625_,149.88
_01965_,149.82
net309,149.81
_14425_,149.68
_21098_,149.635
_02948_,149.56
_01450_,149.54
_16105_,149.5
_04686_,149.38
_12734_,149.34
_18611_,149.22
_20415_,149.22
_40130_,149.185
_40161_,149.13
_26507_,149.1
_06004_,149.095
_06243_,149.04
_22402_,149.01
_03360_,148.9
stage8_inst.in1\[7\],148.9
_20220_,148.88
_09525_,148.86
_19049_,148.8
_11300_,148.78
_20020_,148.78
_07693_,148.77
_26899_,148.76
net205,148.74
_02042_,148.62
_01877_,148.54
_05983_,148.38
_00058_,148.3
_20077_,148.3
_24667_,148.28
_24326_,148.26
_31100_,148.24
_36689_,148.24
_09365_,148.23
net142,148.18
_06463_,148.12
_39266_,148.1
_18492_,148.08
stage8_inst.in3\[5\],148.04
net260,148.02
_03667_,147.98
_25442_,147.83
_13587_,147.79
_41883_,147.76
_37342_,147.73
_41631_,147.7
_35213_,147.64
_40115_,147.64
_14269_,147.6
_03525_,147.56
_03517_,147.54
_18140_,147.54
_03810_,147.515
_33006_,147.48
_14541_,147.45
_04391_,147.44
_25480_,147.44
_07737_,147.38
_11256_,147.26
_01461_,147.1
_25525_,147.075
_04940_,147.05
_04918_,147.045
_04775_,147.01
stage8_inst.in2\[0\],147
_07888_,146.99
_12700_,146.84
_39332_,146.84
_02653_,146.81
_06718_,146.73
_08044_,146.685
stage8_inst.in4\[15\],146.64
_35921_,146.54
_02583_,146.4
_00392_,146.365
_04139_,146.325
_22977_,146.32
_01752_,146.28
_33334_,146.26
_06936_,146.215
_04863_,146.185
_07233_,146.135
_37445_,146.1
_06002_,146.08
_28193_,146.06
stage8_inst.stage4_lower.stage2_pair1.butterfly_inst.mul_inst.b\[28\],146.02
_00100_,146
_25630_,145.94
_36643_,145.94
_23009_,145.9
_33481_,145.88
_14275_,145.84
_10684_,145.76
_26907_,145.7
_31523_,145.66
_35253_,145.62
_04951_,145.37
_03272_,145.26
_22251_,145.26
_06005_,145.22
_09227_,145.22
_10315_,145.21
_06624_,145.19
_07156_,145.15
_19485_,145.06
stage8_inst.in7\[11\],144.9
_08648_,144.88
_03974_,144.84
_19488_,144.8
_05666_,144.78
_24315_,144.76
_42366_,144.735
_24337_,144.64
_38099_,144.62
_09514_,144.45
_24755_,144.43
_06636_,144.4
_30565_,144.38
_26510_,144.35
_10349_,144.34
_05719_,144.27
_00234_,144.16
_06958_,144.04
_41422_,144.035
_05223_,144
_05642_,143.985
_12591_,143.945
stage8_inst.stage4_lower.stage2_pair0.butterfly_inst.mul_inst.b\[17\],143.795
_08305_,143.74
_07361_,143.72
_13845_,143.68
_25489_,143.68
_31266_,143.66
_31659_,143.56
_02512_,143.5
_25491_,143.475
_23823_,143.44
_04902_,143.3
_09503_,143.285
_27662_,143.24
net312,143.17
stage8_inst.in3\[9\],143.12
_03601_,143.06
_13623_,142.94
_34781_,142.915
_02490_,142.78
_07320_,142.76
_09198_,142.725
_18718_,142.7
_05451_,142.68
_40792_,142.64
_00327_,142.54
net152,142.51
_22250_,142.48
_33150_,142.42
_01836_,142.38
_19639_,142.35
_07595_,142.33
_20886_,142.26
net201,142.24
_06070_,142.12
_09437_,142.08
_32651_,141.98
_16509_,141.81
_01669_,141.8
_25441_,141.79
_06728_,141.78
_06432_,141.7
_38230_,141.63
_20476_,141.62
_09099_,141.56
stage8_inst.in0\[14\],141.5
_18139_,141.44
_18624_,141.425
_00235_,141.4
_18067_,141.395
_06202_,141.36
_01421_,141.34
_08319_,141.275
_06025_,141.27
stage8_inst.in7\[5\],141.26
_14290_,141.24
_23815_,141.24
_04032_,141.03
_00726_,140.935
_06563_,140.91
_03985_,140.89
_06706_,140.78
_31851_,140.76
_05521_,140.66
stage8_inst.in2\[22\],140.58
_05335_,140.49
_30512_,140.32
_08143_,140.25
_08681_,140.115
_02312_,140.08
_08985_,140.06
_38783_,140.02
_20510_,139.96
_06530_,139.92
_13174_,139.85
_40055_,139.745
clknet_leaf_25_clk,139.72
_32853_,139.54
_38843_,139.54
_08022_,139.44
stage8_inst.in5\[11\],139.28
_29553_,139.26
_37403_,139.22
_04903_,139.21
_06629_,139.2
_06317_,139.18
_06816_,139.105
_05795_,138.94
_06032_,138.94
_31597_,138.94
stage8_inst.in0\[6\],138.94
_09021_,138.92
_04484_,138.915
_05868_,138.85
_07880_,138.81
_31368_,138.8
_06828_,138.795
_07759_,138.74
_09100_,138.68
_04603_,138.66
_10968_,138.64
_03876_,138.595
_04797_,138.56
_16246_,138.56
_09613_,138.48
_10060_,138.48
_02979_,138.45
_42135_,138.45
_00792_,138.44
_02645_,138.415
_16096_,138.4
_08132_,138.375
_06443_,138.32
_27853_,138.3
_27487_,138.26
_20316_,138.22
_21110_,138.175
_08604_,138.17
_06186_,138.16
stage8_inst.in0\[24\],138.135
_06059_,138.11
_20887_,138.04
_04567_,138.03
_05159_,138
_00381_,137.94
_22725_,137.9
_10662_,137.86
_02685_,137.79
net145,137.76
_06809_,137.68
_01998_,137.645
_40452_,137.64
_41773_,137.58
_36651_,137.56
_00844_,137.53
_31548_,137.5
net209,137.48
_10208_,137.44
_31377_,137.42
_04742_,137.35
_03744_,137.24
_03311_,137.22
_40133_,137.18
_11014_,137.15
_01751_,137.04
_03650_,137.02
_01284_,137
_35101_,136.99
_26324_,136.95
_05664_,136.9
_02350_,136.78
_20618_,136.77
_01033_,136.76
_25493_,136.725
_09546_,136.68
_12740_,136.66
_24749_,136.62
_11784_,136.6
_20858_,136.6
_08050_,136.56
_41053_,136.54
_06827_,136.53
_03521_,136.5
_18432_,136.46
_06184_,136.38
_27315_,136.32
_41279_,136.28
_08768_,136.255
_05488_,136.24
_37373_,136.23
_06739_,136.22
_05246_,136.18
_31155_,135.96
_08231_,135.905
net226,135.9
_20925_,135.88
_22882_,135.87
_26201_,135.81
_31860_,135.8
_37864_,135.8
_00408_,135.635
_08834_,135.585
_22037_,135.58
_05883_,135.575
_05531_,135.52
_42553_,135.52
_08308_,135.505
_37626_,135.46
stage8_inst.in5\[30\],135.445
_41718_,135.44
_08845_,135.4
_40045_,135.34
_31857_,135.3
_15033_,135.27
_03633_,135.26
_12830_,135.22
_14263_,135.16
_31735_,135.16
_05455_,135.14
_22031_,135.02
_14913_,135
_10216_,134.97
_36710_,134.92
_04885_,134.815
_03623_,134.76
_31858_,134.7
_12123_,134.68
_09185_,134.67
_08670_,134.66
net371,134.64
_04611_,134.56
_41729_,134.49
_42455_,134.48
_06052_,134.42
_27161_,134.42
_29212_,134.4
_29747_,134.36
_09108_,134.305
_18045_,134.28
_04753_,134.26
stage8_inst.in3\[4\],134.225
_06190_,134.18
_00572_,134.17
_06278_,134.16
_31144_,134.095
_29234_,134.025
_01559_,133.84
_31649_,133.84
net243,133.78
_06581_,133.75
stage8_inst.in2\[7\],133.66
net318,133.62
_08582_,133.58
_07957_,133.47
_25482_,133.46
_42454_,133.42
stage8_inst.in0\[3\],133.36
_14315_,133.35
_07112_,133.345
_18565_,133.3
_07946_,133.275
_03244_,133.22
_07799_,133.22
_14312_,133.22
_35924_,133.2
net448,133.125
_02510_,133.1
_06055_,133.08
_02227_,133.06
_13445_,133.055
stage8_inst.in1\[15\],133.04
_20200_,133
_20924_,132.98
_08198_,132.96
_33244_,132.88
_35205_,132.86
_22685_,132.82
_34340_,132.815
_38430_,132.8
_01962_,132.78
_15032_,132.76
_29564_,132.72
_09362_,132.66
_32170_,132.62
_03086_,132.615
_05960_,132.6
_17117_,132.56
_25660_,132.52
_03854_,132.505
_02221_,132.49
_40049_,132.42
_19814_,132.37
_22121_,132.275
_07551_,132.27
net154,132.23
_08384_,132.22
_08286_,132.2
_14265_,132.18
_19998_,132.07
_05773_,132.04
_06061_,132.02
_01348_,131.98
_05708_,131.96
stage8_inst.in7\[31\],131.9
_37789_,131.88
_11531_,131.85
_06234_,131.84
_09470_,131.83
stage8_inst.in7\[8\],131.78
net180,131.78
_18931_,131.7
_06139_,131.62
_39378_,131.595
_14447_,131.59
_07671_,131.54
_11203_,131.54
_22012_,131.5
_00246_,131.48
_06379_,131.48
_11289_,131.48
stage8_inst.in4\[9\],131.44
net254,131.44
_37787_,131.4
_31767_,131.34
_36545_,131.34
_35421_,131.26
_31648_,131.2
_05784_,131.15
_39544_,131.12
_07540_,131.11
_39577_,131.11
_09228_,131.08
_29449_,131.03
_20369_,131
_37641_,130.98
_27663_,130.95
net293,130.93
_04887_,130.86
_31238_,130.86
_18656_,130.82
_38611_,130.82
_37862_,130.765
_18734_,130.755
_18843_,130.72
stage8_inst.in0\[19\],130.69
_41554_,130.68
_04709_,130.64
_11138_,130.635
_01921_,130.575
_05375_,130.52
_31575_,130.45
_00393_,130.42
_04995_,130.395
_17862_,130.36
_33139_,130.34
_29610_,130.325
_05620_,130.3
_35178_,130.22
_00192_,130.2
_40108_,130.17
_07781_,130.16
_08757_,130.1
_06338_,130.08
stage8_inst.in7\[7\],130.08
_13824_,130.07
_10063_,129.99
_05045_,129.94
_10205_,129.86
_14320_,129.86
_06686_,129.84
_04206_,129.76
_04089_,129.72
_28016_,129.69
_30505_,129.64
_24534_,129.6
_19807_,129.56
_20059_,129.52
_05247_,129.5
_32864_,129.5
_03793_,129.495
_18934_,129.48
_05214_,129.46
_04161_,129.455
_14273_,129.44
_20270_,129.44
_22017_,129.42
_25603_,129.315
_30304_,129.31
_32744_,129.3
_03238_,129.28
_03307_,129.275
_06026_,129.26
_09364_,129.26
_16511_,129.26
_07937_,129.24
_11591_,129.22
_15074_,129.16
net240,129.14
_11828_,129.04
_08099_,129.005
_31764_,128.985
_12710_,128.98
_39273_,128.98
_14413_,128.94
_14550_,128.86
_09126_,128.8
_02706_,128.76
_09777_,128.71
_40918_,128.71
_39165_,128.62
_41795_,128.62
_09536_,128.58
_14546_,128.48
_28198_,128.48
_09549_,128.45
_16941_,128.44
_27488_,128.38
_22013_,128.34
_26900_,128.34
_07287_,128.3
_17880_,128.3
_39279_,128.26
_01044_,128.18
_33329_,128.16
_03632_,128.155
_37492_,128.14
_29451_,128.12
_20319_,128.11
_06245_,128.1
_23807_,128.08
_14543_,128.03
stage8_inst.in0\[5\],128
_38384_,127.98
_40139_,127.965
_08988_,127.915
_34086_,127.84
_04042_,127.66
_25519_,127.65
_31193_,127.54
net300,127.53
_20198_,127.46
_25449_,127.42
_37325_,127.38
_30804_,127.24
_12082_,127.2
_07362_,127.18
_34987_,127.16
net182,127.14
_06355_,127.12
_14422_,127.11
_25477_,127.1
_20493_,127.05
_28008_,126.86
_31820_,126.79
_06465_,126.735
_36738_,126.735
_29541_,126.68
_34180_,126.68
_38114_,126.64
_34290_,126.62
_07928_,126.6
_09426_,126.525
_07836_,126.51
_02524_,126.5
_01384_,126.49
_02833_,126.48
stage8_inst.in7\[2\],126.48
_33589_,126.46
_14286_,126.38
stage8_inst.stage4_lower.stage2_pair0.butterfly_inst.mul_inst.b\[3\],126.38
_08055_,126.355
_02499_,126.34
_05035_,126.28
_14291_,126.28
_01814_,126.24
_14444_,126.235
_09177_,126.19
stage8_inst.stage4_lower.stage2_pair1.butterfly_inst.mul_inst.b\[19\],126.16
_40014_,126.12
_21017_,126.11
_10791_,126.08
_20277_,126.08
_02430_,126.06
_04106_,126.06
_19160_,125.96
stage8_inst.in5\[3\],125.86
_27363_,125.835
_05982_,125.78
_25507_,125.77
_05060_,125.62
_09635_,125.595
_01784_,125.58
_28381_,125.54
_36813_,125.53
_30934_,125.5
_05993_,125.42
_31750_,125.395
_37642_,125.34
_36625_,125.275
_30513_,125.22
_03474_,125.08
_11662_,125.08
_03909_,125.06
_11245_,125.04
_38857_,125.02
_35048_,125
_40104_,124.93
_38650_,124.92
_00890_,124.91
_29021_,124.86
_20225_,124.84
stage8_inst.in0\[25\],124.78
_14301_,124.72
_40042_,124.71
_25984_,124.7
_12846_,124.69
_24304_,124.58
_09679_,124.555
_14661_,124.54
_23914_,124.52
_06810_,124.5
_14292_,124.49
_04578_,124.435
_10801_,124.43
_05302_,124.36
_34545_,124.26
stage8_inst.in0\[7\],124.26
_30306_,124.23
_07123_,124.22
_36692_,123.98
_04962_,123.96
_14324_,123.92
stage8_inst.in4\[8\],123.9
_06218_,123.86
_11313_,123.86
_27316_,123.84
_06496_,123.78
_06557_,123.68
_01823_,123.63
_38190_,123.59
_11464_,123.5
_12714_,123.5
_18014_,123.5
_09154_,123.4
_27007_,123.4
_06552_,123.34
_25513_,123.34
_20238_,123.24
_41828_,123.235
_01979_,123.2
_08944_,123.2
_36622_,123.19
_05576_,123.18
_21362_,123.18
net223,123.06
net191,122.935
_07682_,122.93
_14333_,122.91
_32900_,122.91
_17280_,122.86
_25601_,122.82
_29118_,122.82
_37836_,122.77
_09262_,122.755
_14908_,122.68
_32105_,122.67
_31085_,122.66
_20398_,122.64
_29933_,122.64
stage8_inst.in5\[17\],122.64
_39428_,122.62
_11127_,122.59
_10948_,122.5
_31561_,122.5
_01658_,122.425
_11404_,122.42
_14732_,122.38
_27162_,122.36
_07858_,122.315
_00807_,122.28
_33564_,122.28
_31551_,122.26
_33732_,122.26
_06495_,122.21
_09127_,122.2
_39005_,122.2
net325,122.19
_11033_,122.18
_07770_,122.145
net449,122.12
_01154_,122.06
_07035_,122.04
_32924_,121.96
_20271_,121.895
_07913_,121.88
_00380_,121.86
_01969_,121.8
_16857_,121.8
_11462_,121.78
_03873_,121.74
_00379_,121.68
_17869_,121.615
_11895_,121.545
_08227_,121.48
_12853_,121.48
_12633_,121.46
_28373_,121.46
_35642_,121.445
_18971_,121.4
_31541_,121.34
stage8_inst.in0\[20\],121.33
_01505_,121.32
_40098_,121.3
_40644_,121.285
_32504_,121.24
_08911_,121.215
_19530_,121.18
_04271_,121.14
_25517_,121.14
stage8_inst.in0\[15\],121.12
_10495_,121.1
_18284_,121.08
_04303_,121.02
stage8_inst.in0\[28\],121
_09306_,120.965
_21108_,120.945
_05686_,120.935
_08088_,120.935
_19565_,120.935
_23844_,120.9
_40094_,120.9
_34780_,120.87
_21492_,120.82
_36562_,120.82
_09761_,120.78
_25521_,120.775
_26846_,120.655
_14276_,120.645
_36688_,120.62
_07924_,120.52
_25484_,120.48
_08395_,120.44
_35602_,120.34
_06280_,120.3
_14423_,120.28
_40116_,120.25
_22769_,120.24
_27876_,120.18
_09240_,120.17
_12773_,120.12
_08494_,120.105
_03427_,120.1
_28021_,120.1
_31728_,120.1
_37729_,120.07
_27851_,120.06
_10085_,120.02
_27009_,119.98
_32165_,119.98
stage8_inst.in1\[16\],119.98
_21992_,119.96
_11964_,119.88
_32826_,119.88
_03242_,119.855
_38185_,119.84
_08461_,119.8
_04479_,119.76
_28029_,119.76
_19988_,119.68
_08400_,119.64
_37070_,119.6
_06549_,119.54
_04200_,119.52
_07474_,119.52
_35798_,119.48
_20413_,119.47
_34617_,119.46
_39129_,119.4
_02416_,119.345
_10957_,119.32
_05850_,119.31
_05598_,119.3
clknet_leaf_45_clk,119.24
_31611_,119.22
_34023_,119.22
_19163_,119.2
_22771_,119.2
_20253_,119.18
_07309_,119.16
_07974_,119.16
_07627_,119.04
net175,119
_11879_,118.98
_42168_,118.94
_38813_,118.92
_06947_,118.88
_22598_,118.88
_10150_,118.86
_31862_,118.84
_22556_,118.82
stage8_inst.in0\[26\],118.78
_03766_,118.74
_39327_,118.68
_40111_,118.62
_14537_,118.6
_10644_,118.58
_36613_,118.58
_22052_,118.55
_07507_,118.54
_07428_,118.47
_09204_,118.42
_14436_,118.38
_14285_,118.32
_08483_,118.27
stage8_inst.in1\[3\],118.2
_09821_,118.19
_09690_,118.185
_11219_,118.16
stage8_inst.in0\[23\],118.115
_31190_,118.1
_14540_,118.09
_01985_,118.06
_25511_,118.05
net146,118.04
_11129_,118.02
_38115_,118.02
_21315_,118.015
stage8_inst.in2\[17\],118
_07222_,117.96
_12836_,117.915
_40129_,117.9
_10750_,117.77
_07562_,117.7
_09810_,117.54
_09178_,117.52
_26647_,117.5
_12133_,117.48
_31556_,117.48
_38184_,117.4
_09086_,117.38
_09788_,117.38
_02537_,117.3
_34070_,117.29
_11592_,117.28
_25772_,117.28
_07805_,117.23
_13772_,117.22
_25656_,117.22
_20632_,117.18
_31714_,117.14
_33057_,117.14
_05324_,117.135
_10487_,117.11
_31697_,117.07
_41949_,117.04
net141,116.98
_26908_,116.96
net116,116.9
_17093_,116.84
_24432_,116.82
stage8_inst.stage4_lower.stage2_pair0.butterfly_inst.mul_inst.b\[2\],116.81
_01842_,116.8
_20326_,116.71
net366,116.66
_41411_,116.655
_29195_,116.64
_05861_,116.61
_24604_,116.56
_36808_,116.52
stage8_inst.stage4_lower.stage2_pair0.butterfly_inst.mul_inst.b\[13\],116.5
_33397_,116.46
_06048_,116.425
_04250_,116.39
_05804_,116.37
_01912_,116.345
_37625_,116.28
stage8_inst.in2\[20\],116.23
_16625_,116.2
stage8_inst.in2\[18\],116.19
_03801_,116.185
_25445_,116.18
net365,116.17
_09854_,116.16
_18985_,116.145
_02567_,116.14
_25629_,116.1
_11713_,116.08
stage8_inst.in0\[4\],116.08
_11470_,116.05
_08417_,115.98
_30799_,115.93
_18797_,115.91
_23128_,115.86
_10869_,115.855
_14332_,115.85
_19996_,115.84
_22080_,115.82
net280,115.8
_22932_,115.75
_02870_,115.74
_38562_,115.65
_39305_,115.6
_00102_,115.54
_03612_,115.52
_03237_,115.49
_14416_,115.44
_06040_,115.42
_02970_,115.38
_37725_,115.32
_31683_,115.3
_41290_,115.3
_36245_,115.28
_04490_,115.265
_19230_,115.26
_39550_,115.23
_39677_,115.2
_13659_,115.16
_01283_,115.025
_11795_,114.99
_06607_,114.98
_31239_,114.9
_09176_,114.895
_29286_,114.89
_29288_,114.88
_09366_,114.87
_24562_,114.86
_35964_,114.86
_34586_,114.82
_08264_,114.78
_25492_,114.645
_05379_,114.64
_09284_,114.64
_26848_,114.64
_32514_,114.64
_38774_,114.62
_10059_,114.61
stage8_inst.stage4_upper.stage2_pair0.butterfly_inst.mul_inst.b\[1\],114.58
_33019_,114.56
_03503_,114.555
_00835_,114.54
_08472_,114.53
_08209_,114.51
_10403_,114.475
_09191_,114.46
_20451_,114.42
_20325_,114.41
_08746_,114.4
_07992_,114.38
_12698_,114.36
_27537_,114.32
_18007_,114.22
_25512_,114.22
_23076_,114.2
_17355_,114.16
_35119_,114.1
_01219_,114.095
_37446_,114.08
_16598_,114.04
_38762_,114.04
net296,114.035
_07408_,113.98
_08966_,113.98
_20233_,113.98
_15004_,113.94
_30060_,113.94
_06377_,113.92
_34965_,113.9
_04172_,113.88
_08110_,113.825
_14323_,113.82
_03742_,113.78
_13591_,113.78
_01241_,113.755
_04198_,113.73
_15895_,113.72
stage8_inst.in2\[5\],113.7
_04501_,113.675
_40093_,113.675
_32128_,113.635
_39283_,113.62
_15394_,113.61
_14948_,113.6
_09153_,113.59
_33466_,113.58
_06029_,113.48
_03231_,113.47
_03346_,113.45
stage8_inst.stage4_lower.stage2_pair1.butterfly_inst.mul_inst.b\[2\],113.4
_13267_,113.34
_40454_,113.33
_06265_,113.32
_40283_,113.27
_05529_,113.2
_22195_,113.2
_03031_,113.18
_21300_,113.18
_35911_,113.18
_25987_,113.07
_01390_,113.06
_37594_,112.98
_40102_,112.98
_14538_,112.975
_33903_,112.96
_09121_,112.955
_09193_,112.94
_41378_,112.92
_07573_,112.89
_33136_,112.88
_03740_,112.84
_07155_,112.84
net194,112.81
_08571_,112.76
_18233_,112.74
_35826_,112.61
_13857_,112.6
clknet_leaf_91_clk,112.6
_13868_,112.58
_09492_,112.555
_09096_,112.5
_42377_,112.49
_07985_,112.48
_14420_,112.48
_05225_,112.44
_06849_,112.41
_13409_,112.4
_16596_,112.36
_25723_,112.36
_04633_,112.32
_18230_,112.32
_38540_,112.32
_09646_,112.3
_06193_,112.24
_26896_,112.18
_03879_,112.06
_42437_,112.04
_04205_,112.02
_25613_,111.94
_10703_,111.88
_13316_,111.88
_20328_,111.88
_18649_,111.86
_36876_,111.82
_15227_,111.735
_11688_,111.72
_11872_,111.7
_18519_,111.68
_06729_,111.65
_36687_,111.62
_22020_,111.58
_35194_,111.57
_40068_,111.54
_30237_,111.48
_31755_,111.44
_18255_,111.42
_19104_,111.42
_39196_,111.42
_07847_,111.4
_09701_,111.4
_07101_,111.36
_40092_,111.32
_04376_,111.24
_33240_,111.22
_17282_,111.16
_10926_,111.12
_15808_,111.12
_28364_,111.11
_22724_,111.08
stage8_inst.in5\[0\],111.08
_18557_,111.02
_22677_,110.98
_33736_,110.98
stage8_inst.in2\[16\],110.955
_08468_,110.94
_42048_,110.93
_00739_,110.92
_04880_,110.9
_31821_,110.9
_08626_,110.88
_39167_,110.88
_38516_,110.86
_09350_,110.78
_32026_,110.78
stage8_inst.in2\[6\],110.76
_40110_,110.74
_10795_,110.72
_09459_,110.62
_09163_,110.6
_17662_,110.56
_41938_,110.525
_02778_,110.52
_11091_,110.51
_16940_,110.5
_30514_,110.5
_14542_,110.48
_33439_,110.39
_02246_,110.365
_30104_,110.36
_25518_,110.33
stage8_inst.in2\[25\],110.32
_07584_,110.245
_06651_,110.175
_14466_,110.16
_39052_,110.13
_23010_,110.06
_34438_,109.98
_40754_,109.98
_02976_,109.96
_13761_,109.96
_37977_,109.92
_09157_,109.86
_21020_,109.86
_08121_,109.79
_05411_,109.62
_22021_,109.62
_18009_,109.53
_32122_,109.52
_30580_,109.36
_39421_,109.36
_12628_,109.32
_07145_,109.23
_08977_,109.2
_09105_,109.135
_25627_,109.13
_07971_,109.12
_04401_,109.1
_06609_,109.08
_31712_,109.08
_40137_,109.065
_10139_,109.06
_41316_,109.06
stage8_inst.in2\[19\],109.06
_11896_,109.04
_13310_,108.99
_35065_,108.98
net315,108.92
_01774_,108.88
_09119_,108.82
_11625_,108.74
_09111_,108.725
_32077_,108.68
_10961_,108.66
_08659_,108.64
_19541_,108.64
_04325_,108.56
_06275_,108.56
_07321_,108.55
_11282_,108.54
_25495_,108.53
_32182_,108.53
net321,108.51
_09448_,108.42
_06050_,108.34
_09164_,108.33
_20244_,108.25
_29998_,108.2
_36571_,108.18
_40128_,108.18
stage8_inst.in5\[10\],108.18
_10710_,108.14
_02511_,108.13
_18382_,108.12
_29293_,108.1
_08450_,108.085
_06925_,108.06
_19337_,108.06
_36600_,108.06
_06168_,107.99
_38048_,107.92
_09667_,107.9
_27850_,107.88
_39419_,107.88
_38470_,107.87
_06388_,107.84
_19566_,107.82
_38724_,107.76
_08220_,107.715
_23381_,107.66
_12010_,107.64
_08735_,107.635
_42267_,107.62
_02522_,107.57
_09214_,107.55
_05023_,107.54
_04960_,107.5
_42340_,107.46
_01947_,107.43
_02552_,107.4
_40753_,107.38
_04227_,107.375
_35256_,107.36
_18307_,107.34
_37056_,107.32
_02617_,107.3
stage8_inst.in0\[22\],107.28
_31573_,107.22
_08406_,107.18
_09317_,107.17
stage8_inst.in1\[13\],107.075
net323,107
_14911_,106.945
_19339_,106.94
_32087_,106.92
_24553_,106.86
_05631_,106.85
_08490_,106.82
_20658_,106.82
_37376_,106.78
net316,106.74
_31751_,106.72
_09451_,106.7
_36725_,106.66
_25667_,106.62
_37567_,106.56
_25600_,106.54
_26716_,106.54
_39589_,106.51
stage8_inst.in0\[13\],106.5
_16496_,106.45
_08933_,106.44
_09865_,106.38
_15250_,106.34
_33422_,106.32
_25666_,106.31
_33605_,106.3
_36590_,106.28
_09997_,106.24
_02425_,106.2
_38330_,106.18
_40288_,106.17
_09158_,106.16
_21806_,106.14
_02152_,106.12
_30442_,106.12
_08270_,106.1
_11665_,106.1
_20802_,106.09
_11714_,106.08
_03225_,106.065
_02628_,106.06
_19258_,106.06
_30229_,106.04
_14545_,106.015
_37932_,105.96
_03348_,105.93
_05512_,105.92
_40114_,105.905
_25616_,105.89
_03700_,105.875
_42442_,105.83
_24567_,105.78
_12261_,105.72
_38255_,105.605
_20423_,105.6
_40096_,105.6
stage8_inst.stage4_lower.stage2_pair0.butterfly_inst.mul_inst.b\[4\],105.58
_09165_,105.57
_07134_,105.54
_26652_,105.535
_07649_,105.52
stage8_inst.in0\[29\],105.48
_03867_,105.42
_38454_,105.42
_40647_,105.4
_37346_,105.35
_24421_,105.29
_10211_,105.28
_05170_,105.175
stage8_inst.stage4_upper.stage2_pair1.butterfly_inst.mul_inst.b\[1\],105.16
_01416_,105.14
_23810_,105.06
_02859_,105
_31506_,104.98
_12595_,104.96
net283,104.95
_33022_,104.94
_02119_,104.89
_01812_,104.835
stage8_inst.in5\[27\],104.74
_07417_,104.68
_10076_,104.62
_36644_,104.6
_25628_,104.56
net288,104.55
_06970_,104.52
_29165_,104.52
stage8_inst.in2\[15\],104.52
_08560_,104.5
_38817_,104.48
_14916_,104.435
stage8_inst.in0\[18\],104.43
_29251_,104.42
_07475_,104.4
_01388_,104.36
_11315_,104.36
_27463_,104.355
_00237_,104.32
net157,104.28
_12705_,104.24
_09668_,104.225
_06178_,104.2
_30080_,104.2
_08637_,104.19
_29253_,104.18
_07603_,104.16
_38822_,104.085
_03875_,104.08
_40131_,104.08
_19868_,104.06
stage8_inst.stage4_upper.stage2_pair1.butterfly_inst.mul_inst.b\[20\],104.05
_36768_,103.98
_06289_,103.96
_14539_,103.95
_19126_,103.94
_34238_,103.92
_24441_,103.9
_07926_,103.81
_00111_,103.8
_32524_,103.78
_41455_,103.76
_06628_,103.74
_18120_,103.7
_12178_,103.68
_06717_,103.645
_12727_,103.64
_27062_,103.62
_19304_,103.6
_09920_,103.58
_06394_,103.52
_41615_,103.5
_37957_,103.48
_42516_,103.44
_09162_,103.425
_02577_,103.42
_05894_,103.415
_09367_,103.33
_14268_,103.33
net222,103.3
_14258_,103.28
_08011_,103.255
_06658_,103.24
_37440_,103.2
_09075_,103.195
_07496_,103.19
_25858_,103.14
_02692_,103.04
_07397_,103.02
_06829_,103.01
_25599_,102.94
_24343_,102.9
_38426_,102.8
_05617_,102.76
_20966_,102.76
_21406_,102.73
_06634_,102.7
_04759_,102.68
_40646_,102.665
_16948_,102.655
_14909_,102.65
_12604_,102.6
_07337_,102.58
_18037_,102.58
_29936_,102.54
_39579_,102.52
net171,102.5
_17583_,102.34
_08334_,102.3
_24427_,102.3
_38849_,102.3
_22986_,102.24
_22079_,102.22
_10008_,102.2
_33132_,102.2
_06122_,102.17
_20541_,102.16
_14915_,102.15
_25478_,102.15
_03566_,102.12
_33548_,102.12
_21754_,102.1
_02245_,102.06
_40562_,102.04
_14162_,102.02
_36708_,102.02
_01514_,102.01
stage8_inst.in0\[27\],102
stage8_inst.in2\[11\],101.98
stage8_inst.in2\[14\],101.975
_20968_,101.86
_14726_,101.84
_24740_,101.84
_24547_,101.82
_36930_,101.82
_38555_,101.82
_41790_,101.82
_37704_,101.8
_10381_,101.75
_09010_,101.715
_09273_,101.71
_04424_,101.665
_21304_,101.63
net382,101.6
_08761_,101.59
stage8_inst.in2\[31\],101.58
_07902_,101.52
_35802_,101.5
_06167_,101.48
_09941_,101.48
_30878_,101.46
_06750_,101.4
_20070_,101.4
_03393_,101.38
_20517_,101.36
_09133_,101.325
_05446_,101.3
_39431_,101.23
_14553_,101.2
net286,101.19
_34483_,101.16
stage8_inst.in2\[13\],101.16
_18336_,101.14
_03046_,101.135
_30002_,101.1
_36810_,101.1
_35183_,101.08
_15548_,101.06
_08779_,101.04
_20351_,101.035
_13880_,101.02
_25508_,101.02
_21893_,101
_03800_,100.995
_07340_,100.96
_26718_,100.96
_06290_,100.95
_21003_,100.94
_42500_,100.935
_34618_,100.84
_09168_,100.81
_20041_,100.78
_20679_,100.78
_35259_,100.78
_39335_,100.78
_12566_,100.76
_20071_,100.76
_21945_,100.76
_21964_,100.76
_35807_,100.76
_37404_,100.76
_12046_,100.75
_01828_,100.74
_25196_,100.64
_04166_,100.62
_05680_,100.62
_13245_,100.58
_07366_,100.54
_07967_,100.465
_02847_,100.46
_06344_,100.44
net287,100.43
_40107_,100.42
net203,100.42
_17307_,100.38
_34150_,100.38
_25458_,100.335
_20933_,100.275
net396,100.26
_19048_,100.24
_09875_,100.235
_02479_,100.14
_31738_,100.12
_00064_,100.1
_19419_,100.08
_22351_,100.08
_02071_,100.04
_29572_,100.04
_36781_,100.02
_02634_,100.01
_22365_,100
stage8_inst.stage4_upper.stage2_pair0.butterfly_inst.mul_inst.b\[3\],99.975
_40067_,99.84
_25608_,99.83
_15036_,99.81
_09694_,99.78
_40306_,99.76
_19440_,99.735
_28565_,99.72
_36649_,99.7
_24802_,99.68
_37690_,99.64
_24426_,99.61
_13171_,99.58
_08176_,99.54
_41957_,99.54
_03802_,99.5
_13421_,99.44
_20825_,99.44
_30983_,99.42
_19286_,99.38
_05499_,99.34
_08720_,99.34
_13255_,99.26
_24412_,99.26
_34071_,99.26
_01322_,99.25
_03719_,99.22
net238,99.22
stage8_inst.in0\[17\],99.15
_31650_,99.14
_23824_,99.12
_22155_,99.08
_07936_,99.06
_04554_,99.05
_02006_,99.04
_30961_,99.035
_40917_,99.005
_19214_,98.98
_25988_,98.96
_30562_,98.96
_37885_,98.96
_38087_,98.94
_20988_,98.92
_29650_,98.9
_07200_,98.89
_38347_,98.88
_05532_,98.84
_33378_,98.84
_41469_,98.82
_10183_,98.76
_38836_,98.74
_07024_,98.7
_20039_,98.7
_00727_,98.69
net311,98.65
_41466_,98.6
_00888_,98.58
_00744_,98.54
_26456_,98.54
_40932_,98.54
_09624_,98.52
_10359_,98.48
_09167_,98.46
_38477_,98.44
_13251_,98.42
_07463_,98.395
_25606_,98.38
_12615_,98.36
_33505_,98.34
_00947_,98.3
_06438_,98.3
_01212_,98.28
_32005_,98.27
_16529_,98.26
_18278_,98.25
_24408_,98.24
_10202_,98.23
_23821_,98.16
net447,98.16
_07451_,98.08
_20823_,98.08
_37285_,98.08
_15081_,98.06
_18652_,98.06
_20501_,98.06
_40284_,98.045
_06284_,97.98
_40365_,97.975
_10410_,97.96
_06712_,97.94
_15164_,97.86
_40134_,97.845
_32221_,97.84
_07659_,97.83
_33015_,97.825
_08275_,97.82
_13204_,97.81
_05116_,97.8
_01955_,97.79
_13333_,97.78
_29543_,97.78
_05093_,97.76
_20956_,97.76
_26516_,97.745
_14428_,97.7
_30937_,97.7
_06514_,97.68
_30349_,97.66
_31574_,97.65
_26595_,97.64
_08900_,97.62
_08069_,97.56
stage8_inst.in1\[5\],97.56
_10859_,97.54
_42398_,97.54
_22081_,97.52
_00485_,97.495
stage8_inst.stage4_upper.stage2_pair0.butterfly_inst.mul_inst.b\[0\],97.41
_11724_,97.4
_08442_,97.38
_22151_,97.38
_14319_,97.355
_15370_,97.3
_21306_,97.28
_42409_,97.28
_31592_,97.26
_33147_,97.24
_08673_,97.18
_10342_,97.08
_13275_,97.06
_40286_,97.04
_15252_,97
net143,97
_36963_,96.98
_26062_,96.94
_00752_,96.89
_33640_,96.89
_25609_,96.86
_05950_,96.84
_21006_,96.84
_24375_,96.78
_36941_,96.74
_38084_,96.74
_07837_,96.72
_40103_,96.71
_09946_,96.68
_19860_,96.64
_20777_,96.63
_22443_,96.63
_12722_,96.61
_11366_,96.6
_23145_,96.58
_39102_,96.58
_04808_,96.555
_07825_,96.54
_33767_,96.54
_08922_,96.535
net193,96.48
_13558_,96.36
_20940_,96.36
_25310_,96.36
_18453_,96.32
stage8_inst.in1\[12\],96.3
net277,96.28
_07695_,96.23
_16060_,96.16
_32193_,96.16
_31535_,96.14
stage8_inst.in2\[24\],96.08
_04406_,96.02
_29806_,95.94
_30706_,95.91
_29496_,95.9
_08033_,95.88
_34073_,95.87
_01863_,95.86
clknet_leaf_7_clk,95.82
_05371_,95.81
_01868_,95.78
_35611_,95.78
_20037_,95.74
_02745_,95.73
_05587_,95.72
_07929_,95.7
_26770_,95.66
_21251_,95.65
_28933_,95.64
_39632_,95.63
_13234_,95.62
_04164_,95.6
_26511_,95.59
_22202_,95.56
_33023_,95.56
_13894_,95.5
_26436_,95.48
_36207_,95.46
_41056_,95.39
_30042_,95.38
_20978_,95.34
_21910_,95.34
_21839_,95.3
_26780_,95.3
_01938_,95.26
_23069_,95.24
_13282_,95.235
_22248_,95.2
_05269_,95.195
_06189_,95.175
_40138_,95.17
_14639_,95.09
_19411_,95.07
_00104_,95.06
_10491_,95.02
_20035_,94.96
_13320_,94.9
_30351_,94.88
net210,94.88
stage8_inst.in3\[1\],94.78
_41779_,94.76
_14287_,94.74
_27114_,94.74
_09171_,94.7
_41910_,94.7
net285,94.67
_03906_,94.66
_24437_,94.655
stage8_inst.in2\[23\],94.56
_41642_,94.555
_33857_,94.52
_25602_,94.49
_32686_,94.48
_35795_,94.46
_40106_,94.46
_13240_,94.44
_32210_,94.42
_15437_,94.4
_09760_,94.38
_20723_,94.36
_37846_,94.3
_37493_,94.18
_08187_,94.14
_41855_,94.14
stage8_inst.in5\[4\],94.14
_03523_,94.13
_26576_,94.1
_28384_,94.1
_28733_,94.1
_18265_,94.095
_26736_,94.08
_30453_,94.04
_32794_,94.04
_22042_,94.03
_12342_,94
_21969_,94
_24597_,93.99
_39145_,93.92
_31460_,93.88
_32082_,93.865
_25326_,93.86
_25610_,93.86
_20807_,93.84
_22166_,93.84
_09089_,93.825
_42482_,93.8
_04523_,93.755
_41625_,93.7
stage8_inst.in5\[18\],93.66
_31594_,93.64
_26575_,93.6
_32220_,93.6
_38749_,93.6
_20295_,93.58
_06390_,93.54
_18132_,93.54
_39152_,93.54
_38980_,93.52
_00236_,93.5
_34671_,93.5
_21864_,93.4
_41308_,93.4
_04409_,93.34
_40285_,93.34
_06604_,93.3
_14526_,93.3
_25804_,93.28
_07822_,93.26
_19114_,93.26
_38776_,93.25
_01216_,93.22
_09942_,93.22
_34256_,93.22
_39263_,93.22
_33208_,93.18
_11024_,93.14
_16465_,93.14
_42274_,93.12
_10345_,93.1
_11957_,93.1
_14920_,93.08
_28547_,93.08
_31633_,93.06
_31770_,93.04
_40340_,93.02
_32084_,93
_36875_,93
stage8_inst.in2\[3\],92.98
_20324_,92.97
_19612_,92.96
stage8_inst.in2\[12\],92.96
_09964_,92.925
_06322_,92.9
_19682_,92.8
_28546_,92.8
_13455_,92.795
_22295_,92.76
_28180_,92.76
_12855_,92.74
_09202_,92.735
_01905_,92.68
_08999_,92.67
_27716_,92.66
_37320_,92.64
_09170_,92.61
_31935_,92.53
_12725_,92.5
_00762_,92.48
_31276_,92.48
_10326_,92.46
_37347_,92.46
_22309_,92.44
_07869_,92.435
_06416_,92.43
_25607_,92.4
_13439_,92.38
_20040_,92.38
_41946_,92.36
_04062_,92.355
_05949_,92.25
_10701_,92.24
_07726_,92.12
_06456_,92.1
_02917_,92.08
_40109_,92.06
_38741_,92.04
_19355_,92.02
_20331_,91.975
_30099_,91.96
_39954_,91.95
_42357_,91.9
_27878_,91.84
_20286_,91.82
_26437_,91.82
stage8_inst.stage4_upper.stage2_pair1.butterfly_inst.mul_inst.b\[27\],91.815
_12262_,91.78
_21226_,91.78
_04907_,91.74
_38117_,91.73
_38210_,91.73
clknet_leaf_4_clk,91.73
_13183_,91.72
_20742_,91.68
_33128_,91.62
stage8_inst.stage4_lower.stage2_pair1.butterfly_inst.mul_inst.b\[24\],91.62
_38240_,91.59
_36676_,91.54
_26168_,91.5
_42555_,91.44
_14549_,91.41
_35267_,91.385
_09415_,91.35
_21229_,91.3
_06684_,91.28
_03332_,91.26
_13540_,91.26
_06211_,91.24
_41782_,91.24
_22513_,91.23
_41960_,91.17
net313,91.17
_34982_,91.16
_36406_,91.16
_37314_,91.14
stage8_inst.in1\[2\],91.14
_09251_,91.125
_08297_,91.12
_13800_,91.12
_36513_,91.12
_20226_,91.1
_02652_,91.08
_09106_,91.06
_19331_,91
_40097_,91
_03349_,90.96
_01766_,90.92
_26310_,90.92
_09104_,90.905
_00233_,90.88
_09758_,90.86
_31478_,90.86
_38757_,90.86
_09203_,90.825
_07379_,90.82
_14719_,90.76
_31013_,90.74
_22022_,90.72
_26197_,90.715
_15971_,90.7
_18858_,90.7
_29492_,90.69
_12191_,90.655
_11839_,90.64
_18279_,90.64
_05442_,90.58
_10052_,90.56
_06960_,90.5
_34994_,90.5
_32138_,90.46
_06819_,90.44
_34213_,90.44
_02940_,90.42
_22078_,90.42
_09098_,90.415
_05741_,90.38
_09901_,90.38
_18182_,90.38
_05618_,90.34
_19515_,90.32
_10136_,90.3
_24487_,90.28
_09172_,90.24
_20733_,90.235
_25598_,90.22
_40287_,90.215
_20166_,90.2
_40586_,90.18
net183,90.16
_19545_,90.12
_40453_,90.08
_25295_,90.04
_34499_,89.92
_01815_,89.88
_18424_,89.88
_14961_,89.74
_09156_,89.72
_37287_,89.64
_25506_,89.63
_36911_,89.59
_07935_,89.57
_16057_,89.56
_40132_,89.54
_09602_,89.52
_34854_,89.5
_40047_,89.5
_03018_,89.47
_20163_,89.46
_36391_,89.38
_20339_,89.36
_09201_,89.355
_15234_,89.335
stage8_inst.in7\[12\],89.28
_11099_,89.26
_33020_,89.26
_01373_,89.2
_01493_,89.2
_25661_,89.2
_17125_,89.14
_17839_,89.1
_16701_,89.08
_13414_,89.06
_22553_,89.04
_01770_,89.02
_18429_,88.96
_20458_,88.955
_23948_,88.94
_42372_,88.94
_02053_,88.92
_14280_,88.92
_10904_,88.9
_25214_,88.88
_37282_,88.86
_29567_,88.82
_32598_,88.76
_30322_,88.74
_33209_,88.7
_09432_,88.65
_34501_,88.64
clknet_leaf_92_clk,88.615
_20629_,88.58
_31185_,88.58
_30784_,88.56
_22758_,88.54
_00675_,88.52
_21333_,88.5
_09169_,88.445
stage8_inst.in0\[2\],88.44
_04687_,88.43
_23779_,88.4
stage8_inst.in0\[1\],88.4
_06815_,88.385
_13910_,88.38
_38937_,88.38
_28735_,88.36
_09194_,88.35
_11997_,88.33
_20534_,88.28
_20411_,88.24
_07552_,88.23
_09195_,88.2
_10921_,88.15
_10494_,88.14
_23813_,88.14
_26326_,88.14
_26290_,88.12
_34241_,88.12
_06247_,88.1
_41618_,88.1
_34342_,88.08
_37262_,88.055
_31016_,87.975
_22023_,87.95
_34001_,87.94
_09328_,87.925
_20399_,87.92
_30049_,87.92
_14041_,87.9
_42517_,87.9
_24716_,87.88
_13407_,87.825
_06195_,87.82
_25459_,87.8
clknet_leaf_34_clk,87.8
_05212_,87.74
_15780_,87.7
_04972_,87.62
_17545_,87.62
_39626_,87.57
_07090_,87.56
_09339_,87.55
_32481_,87.54
_30061_,87.52
_35414_,87.5
_29417_,87.46
_00799_,87.45
_03833_,87.42
_10293_,87.4
_19250_,87.4
_19552_,87.38
_36561_,87.38
_20274_,87.34
_38709_,87.3
_39135_,87.3
_09155_,87.295
_26203_,87.295
_20616_,87.285
_06153_,87.28
_07364_,87.26
_30130_,87.26
_12888_,87.175
_09548_,87.16
_20731_,87.14
_22249_,87.14
_30436_,87.12
_27265_,87.1
_16930_,87.08
_11379_,87.02
_13205_,87
_02455_,86.98
_11965_,86.98
_09192_,86.975
_26594_,86.925
_34669_,86.9
_33741_,86.86
_28172_,86.84
_01691_,86.78
_09763_,86.78
_14945_,86.76
_20513_,86.76
_42479_,86.74
_06067_,86.72
_18520_,86.72
_38085_,86.72
_20323_,86.68
_22150_,86.64
stage8_inst.in2\[8\],86.59
_24551_,86.56
_18486_,86.52
_18426_,86.49
_10204_,86.42
_13250_,86.4
stage8_inst.stage4_upper.stage2_pair1.butterfly_inst.mul_inst.b\[0\],86.4
_13208_,86.38
_16771_,86.36
stage8_inst.in0\[30\],86.34
_08070_,86.32
_06115_,86.3
_20462_,86.28
_20467_,86.26
_32486_,86.22
_06335_,86.21
_41048_,86.19
_09894_,86.18
_34679_,86.16
_13179_,86.14
_31510_,86.12
_06343_,86.08
_09975_,86.06
_16097_,86.055
_13403_,86.04
_06687_,86.02
_28005_,86.02
_24485_,85.98
_11090_,85.94
_06369_,85.86
_20554_,85.84
_15659_,85.815
_25485_,85.8
_25982_,85.78
_13265_,85.775
_31089_,85.76
_32553_,85.74
net326,85.74
_19011_,85.72
_12906_,85.7
_05665_,85.68
_31934_,85.68
_03445_,85.64
_15651_,85.62
_33316_,85.58
_33722_,85.57
_05859_,85.56
_23830_,85.54
_07580_,85.5
_01338_,85.42
_14317_,85.4
_31082_,85.4
_24529_,85.385
_40645_,85.385
_08593_,85.365
_16438_,85.36
_08549_,85.34
_12083_,85.32
_31745_,85.32
net295,85.31
_20722_,85.28
_16764_,85.24
_33435_,85.2
_09161_,85.17
_01847_,85.16
_28935_,85.14
_26288_,85.12
_20983_,85.05
_17128_,85.04
_37590_,85.04
_37741_,84.98
_17736_,84.94
_25612_,84.91
_24935_,84.9
_13361_,84.89
_09877_,84.875
_20694_,84.84
clknet_leaf_3_clk,84.84
_24416_,84.82
_24478_,84.82
_20820_,84.8
_42358_,84.74
_15390_,84.72
_20461_,84.66
stage8_inst.in1\[6\],84.64
_39504_,84.635
_20356_,84.62
_41585_,84.62
_10558_,84.56
_06863_,84.55
_36131_,84.52
_39736_,84.5
_17831_,84.48
_30381_,84.42
_18900_,84.32
_28943_,84.32
stage8_inst.in2\[1\],84.28
_18933_,84.24
_32617_,84.22
_35615_,84.22
_06395_,84.215
_15385_,84.21
net274,84.2
_09944_,84.18
_24724_,84.18
_27367_,84.16
_13244_,84.09
_40931_,84.06
_19490_,83.98
_17656_,83.97
_05732_,83.96
_27584_,83.96
_29493_,83.96
_42197_,83.96
_11195_,83.94
_36878_,83.94
_39141_,83.94
stage8_inst.in5\[9\],83.94
_00360_,83.92
_20969_,83.92
_38715_,83.92
_06489_,83.9
_35628_,83.9
_32537_,83.86
_37345_,83.86
_01702_,83.84
_20042_,83.82
_02681_,83.8
_39856_,83.74
_30225_,83.72
_01510_,83.71
_23921_,83.68
_15104_,83.64
_37519_,83.64
stage8_inst.in5\[31\],83.64
_37947_,83.62
_06832_,83.6
_10030_,83.58
_35620_,83.58
_37360_,83.55
_07581_,83.54
_11113_,83.53
_10206_,83.52
_32621_,83.48
_13021_,83.43
_31660_,83.42
_34131_,83.42
_31131_,83.375
_38634_,83.36
_00849_,83.34
_24746_,83.34
_36897_,83.34
net437,83.28
_24419_,83.23
_02670_,83.22
_03826_,83.205
_26170_,83.18
_19491_,83.14
_38283_,83.1
_07656_,83.04
_38737_,83.04
_14544_,82.995
_41948_,82.98
_03372_,82.9
_22988_,82.9
_20961_,82.88
_31524_,82.88
_38848_,82.86
_01931_,82.84
_09387_,82.82
_17409_,82.82
_36204_,82.82
_31554_,82.78
_11133_,82.76
_09832_,82.73
_16879_,82.72
_23012_,82.72
_15681_,82.69
_20998_,82.66
_38808_,82.66
_17007_,82.64
_18789_,82.58
_23932_,82.57
_32703_,82.56
_42408_,82.56
_25812_,82.52
stage8_inst.in2\[28\],82.52
_28133_,82.5
_33634_,82.5
_08455_,82.48
_05805_,82.46
_06998_,82.46
net196,82.455
_22880_,82.45
_25597_,82.405
clknet_leaf_69_clk,82.36
_35658_,82.355
_13365_,82.34
_32702_,82.34
_38871_,82.34
_32085_,82.32
_18277_,82.29
_18454_,82.28
_39133_,82.28
_12546_,82.26
_05205_,82.24
_24471_,82.24
_07645_,82.16
_14468_,82.16
_30105_,82.12
_37624_,82.11
_09197_,82.09
_06483_,82.075
_37543_,82.04
_20376_,82.02
_21025_,82.02
_31849_,82.02
_37382_,82
_02109_,81.98
_13347_,81.98
_06333_,81.96
_02942_,81.94
_09151_,81.82
_08310_,81.8
_09591_,81.795
_05219_,81.78
_11465_,81.78
net229,81.78
_07174_,81.7
clknet_leaf_36_clk,81.66
net232,81.655
_10469_,81.64
_13350_,81.61
_17654_,81.6
_22196_,81.58
_29552_,81.58
_06244_,81.56
_06920_,81.56
_17461_,81.54
_33591_,81.54
_02060_,81.535
_10304_,81.53
_27261_,81.48
_41743_,81.48
clknet_leaf_5_clk,81.46
_32827_,81.45
_04755_,81.44
_06633_,81.39
_40988_,81.38
_08998_,81.36
_12220_,81.36
_19538_,81.36
_08373_,81.34
_38793_,81.34
_31432_,81.32
_06183_,81.315
_27435_,81.3
_05165_,81.28
_14452_,81.26
_22116_,81.245
_03021_,81.24
_06460_,81.22
_14421_,81.16
_19423_,81.16
_30207_,81.14
_31519_,81.14
_04362_,81.1
_09363_,81.1
_39053_,81.1
_19710_,81.08
_38735_,81.08
net231,81.08
_38866_,81.06
_06502_,81.04
_33376_,81.04
_06396_,81.02
_06225_,81
_21314_,81
_35595_,80.94
_06817_,80.93
_08806_,80.93
_24486_,80.93
_25509_,80.925
_14554_,80.92
_13238_,80.9
_20229_,80.9
_07135_,80.88
_20540_,80.87
_17546_,80.865
_22346_,80.86
_00624_,80.84
_08479_,80.84
net279,80.84
_24592_,80.79
stage8_inst.in5\[26\],80.78
_24584_,80.74
_01240_,80.72
_12034_,80.72
_31230_,80.72
_01927_,80.71
_11322_,80.7
_26503_,80.7
_14822_,80.68
_20259_,80.66
_05823_,80.64
stage8_inst.in0\[31\],80.64
_12255_,80.62
_33655_,80.58
_06872_,80.46
_35018_,80.46
_27613_,80.41
_19415_,80.38
_34292_,80.38
_15382_,80.36
_16728_,80.34
_00537_,80.33
_13564_,80.295
_15392_,80.28
stage8_inst.in5\[8\],80.28
_07252_,80.26
stage8_inst.in2\[4\],80.26
_30035_,80.25
_16498_,80.22
_07528_,80.16
_09125_,80.16
_36928_,80.14
_12713_,80.12
_36977_,80.12
_27110_,80.1
_26866_,80.08
_31518_,80.06
_02586_,80.04
_24572_,80.04
_38131_,80.02
_29607_,79.99
_06632_,79.98
_30174_,79.98
stage8_inst.in1\[1\],79.97
_17436_,79.96
stage8_inst.in5\[28\],79.96
_31584_,79.95
_22114_,79.935
_16467_,79.9
_20587_,79.9
_13415_,79.88
_18136_,79.88
_18510_,79.88
_07559_,79.86
_25446_,79.84
_24459_,79.81
_36398_,79.81
_30968_,79.8
_32068_,79.8
_37189_,79.78
_34637_,79.755
_00232_,79.74
_27028_,79.74
_28007_,79.74
_01331_,79.72
_14917_,79.7
_35670_,79.64
_07575_,79.62
_13280_,79.6
_34459_,79.6
_20304_,79.56
_37685_,79.54
_08129_,79.5
_12720_,79.48
_17627_,79.48
_29773_,79.48
_20580_,79.37
_15235_,79.36
_23585_,79.36
_07536_,79.34
stage8_inst.in2\[10\],79.31
_01499_,79.28
_20422_,79.28
_33063_,79.28
_32747_,79.26
_40814_,79.26
_40054_,79.24
net307,79.24
_19334_,79.2
_24514_,79.18
_09953_,79.16
_24462_,79.16
_24706_,79.15
_14533_,79.14
_15583_,79.12
stage8_inst.stage4_upper.stage2_pair1.butterfly_inst.mul_inst.b\[4\],79.12
_41693_,79.08
_31787_,79.07
_41528_,79.06
_35540_,79.05
_37769_,79.04
_11887_,79.02
_29445_,79.01
_12562_,78.92
_41175_,78.9
_31881_,78.88
_29089_,78.86
_28923_,78.84
_30384_,78.84
_32657_,78.82
_09783_,78.76
_25283_,78.74
stage8_inst.in2\[9\],78.74
_12390_,78.72
_28329_,78.72
_06227_,78.7
_10041_,78.64
_08805_,78.62
_29716_,78.62
_07268_,78.58
_15244_,78.58
_36951_,78.58
_06639_,78.56
_37385_,78.54
_03978_,78.52
_27998_,78.5
_24594_,78.48
_38061_,78.48
_08527_,78.46
_42121_,78.44
_24473_,78.425
_23161_,78.4
net246,78.4
_19600_,78.38
_13305_,78.36
_31609_,78.32
_24510_,78.3
_37919_,78.28
_18428_,78.26
_23250_,78.24
_29862_,78.24
_13311_,78.2
_38718_,78.2
_05938_,78.18
_39095_,78.16
_40040_,78.14
_01362_,78.12
_23180_,78.12
_07107_,78.06
_19276_,78.06
_34158_,78.06
_00330_,78
_09986_,78
_15024_,78
net263,77.99
_10370_,77.94
_31628_,77.92
_08134_,77.9
_20519_,77.88
_20609_,77.88
_12598_,77.86
_23179_,77.84
_30463_,77.82
_29419_,77.78
_10338_,77.72
_08507_,77.7
_21799_,77.7
_13206_,77.68
_10346_,77.66
_42344_,77.66
_10485_,77.64
_13447_,77.64
_24697_,77.62
_39104_,77.62
_25502_,77.59
_40043_,77.58
_24997_,77.54
_41311_,77.54
_00038_,77.52
_23096_,77.5
_24965_,77.44
_01894_,77.41
_18259_,77.4
_22944_,77.4
_39003_,77.4
_13261_,77.36
_37425_,77.34
_22693_,77.32
_26959_,77.26
_30876_,77.26
_07522_,77.24
_19370_,77.22
_37710_,77.21
_27615_,77.16
_01966_,77.14
_25835_,77.14
_31626_,77.14
_16738_,77.12
_20046_,77.12
_27419_,77.12
_04170_,77.06
_11157_,77.04
_25717_,77
_33358_,77
_40051_,76.98
_34470_,76.97
_23058_,76.96
_39595_,76.96
_20583_,76.935
_20945_,76.92
_30781_,76.9
_41535_,76.9
_07958_,76.88
_37770_,76.86
_39488_,76.84
_19655_,76.82
_39025_,76.82
_24588_,76.8
_11261_,76.76
_13538_,76.76
_38323_,76.76
clknet_leaf_40_clk,76.76
_01817_,76.74
_09094_,76.74
_32723_,76.74
_18313_,76.72
_19711_,76.71
_15657_,76.7
_25814_,76.7
_37771_,76.7
_32536_,76.64
_36154_,76.64
_06724_,76.63
_12797_,76.62
_40247_,76.57
_02643_,76.56
_06266_,76.56
_34154_,76.56
_11093_,76.52
_35544_,76.52
_37340_,76.52
_20258_,76.46
clknet_leaf_18_clk,76.46
_06515_,76.38
_07615_,76.37
_07642_,76.36
_06498_,76.34
_20001_,76.34
_32276_,76.32
_20735_,76.3
_27765_,76.26
_31983_,76.24
_07479_,76.22
_07802_,76.2
_18488_,76.2
_19608_,76.15
_13220_,76.145
_11190_,76.1
_22190_,76.1
_06294_,76.08
_25962_,76.08
_39678_,76.08
_29079_,76.06
_24621_,76.03
_06930_,75.99
_27938_,75.98
_07130_,75.96
_09887_,75.96
_01989_,75.92
_20049_,75.9
_18411_,75.89
_23131_,75.88
_03506_,75.87
_07294_,75.87
_24454_,75.86
_41050_,75.845
_28818_,75.815
_12167_,75.765
_38707_,75.69
_05074_,75.68
_25437_,75.64
_06621_,75.62
_13164_,75.62
_37783_,75.6
_27181_,75.58
_29524_,75.54
_30560_,75.54
_07544_,75.5
_31629_,75.5
stage8_inst.in5\[12\],75.44
_34863_,75.4
_37383_,75.35
_32099_,75.34
_10755_,75.3
_15063_,75.28
_20475_,75.28
_01918_,75.265
_13166_,75.24
stage8_inst.stage4_upper.stage2_pair0.butterfly_inst.mul_inst.b\[8\],75.2
_31705_,75.18
clknet_leaf_67_clk,75.18
_08149_,75.16
_34599_,75.14
_40649_,75.095
_34670_,75.08
_01004_,75.04
_38619_,75.04
_30464_,75.02
net310,75.01
_05436_,75
_01936_,74.99
_07002_,74.99
_23230_,74.96
_39548_,74.96
_29555_,74.94
_38986_,74.92
_41178_,74.915
_31593_,74.9
_36686_,74.9
_20775_,74.88
_14034_,74.86
_38448_,74.86
_35725_,74.82
_38062_,74.82
_18962_,74.8
_37291_,74.78
_06767_,74.74
_20228_,74.74
_41458_,74.74
clknet_leaf_80_clk,74.74
_35665_,74.72
_38270_,74.7
net269,74.68
_06554_,74.67
_07602_,74.66
_31900_,74.6
_31357_,74.56
_37877_,74.56
_02077_,74.54
_03825_,74.54
_23804_,74.52
_31384_,74.46
_38365_,74.45
_07619_,74.44
_07557_,74.36
_30872_,74.32
_32802_,74.32
_17264_,74.29
_21798_,74.22
_23588_,74.22
_37708_,74.22
_40289_,74.22
_36772_,74.2
clknet_leaf_63_clk,74.2
_16733_,74.18
_11540_,74.16
_15228_,74.15
_34324_,74.1
_25913_,74.08
_28914_,74.06
_31724_,74.04
stage8_inst.stage4_upper.stage2_pair1.butterfly_inst.mul_inst.b\[5\],74.04
_08881_,74
_29867_,73.92
_32024_,73.91
_36751_,73.9
_31277_,73.89
_39980_,73.84
_16347_,73.835
_13454_,73.8
_32185_,73.79
_02422_,73.76
_07493_,73.76
_08162_,73.76
_04095_,73.74
_24587_,73.74
_39304_,73.74
_38924_,73.72
_32121_,73.7
_06297_,73.63
_07079_,73.6
_13053_,73.595
_35252_,73.585
_16563_,73.58
_20843_,73.58
_38334_,73.57
_06749_,73.52
_03694_,73.49
_06397_,73.48
net220,73.48
_18481_,73.46
_32139_,73.46
_03733_,73.44
_08585_,73.42
_13188_,73.42
_35730_,73.38
_06898_,73.36
_31302_,73.36
clknet_leaf_33_clk,73.32
_18968_,73.3
_05615_,73.25
_02665_,73.22
_34691_,73.22
_07640_,73.2
_33688_,73.17
_42279_,73.16
_06467_,73.145
_09103_,73.14
_28999_,73.14
_41912_,73.14
_18141_,73.12
_36354_,73.12
stage8_inst.in1\[14\],73.1
_31431_,73.08
_00829_,73.06
_13569_,73.05
_01811_,73.02
_05907_,73.02
_13186_,73.02
_06792_,72.98
_24488_,72.975
_19604_,72.96
_34701_,72.96
_15055_,72.94
_31360_,72.94
_04340_,72.92
_19162_,72.92
_40053_,72.9
_12263_,72.88
_13134_,72.88
_22987_,72.88
_01853_,72.84
_35143_,72.84
_40041_,72.84
_31503_,72.82
_29740_,72.8
_35663_,72.72
_33859_,72.68
_06068_,72.66
_28714_,72.64
_42255_,72.62
_01857_,72.6
stage8_inst.in5\[16\],72.56
_07779_,72.54
_20185_,72.54
_38275_,72.515
_23957_,72.5
_39854_,72.5
_11394_,72.49
_13391_,72.475
_31292_,72.46
_15037_,72.45
_29971_,72.42
_27762_,72.4
_35764_,72.395
_25451_,72.38
_04946_,72.36
_37973_,72.34
_18372_,72.32
_20382_,72.32
_03189_,72.3
_07583_,72.3
_21546_,72.26
_35655_,72.26
_39539_,72.26
_08820_,72.24
_12660_,72.24
_30527_,72.22
_34520_,72.155
_36991_,72.1
_04128_,72.08
_13966_,72.08
_14768_,72.08
_38935_,72.08
_06971_,72.04
_32670_,72
_39297_,71.98
_00124_,71.94
_38720_,71.94
_08884_,71.92
_21021_,71.92
_30801_,71.92
_24362_,71.9
_41171_,71.9
_01849_,71.88
_06689_,71.88
_16555_,71.86
_07267_,71.84
_35895_,71.835
_07290_,71.82
_09368_,71.8
_21188_,71.8
_28920_,71.8
_34649_,71.8
_07452_,71.76
_07058_,71.74
_13507_,71.72
_20712_,71.72
_15661_,71.715
_13359_,71.68
_31115_,71.68
_09109_,71.66
_36748_,71.66
_40776_,71.62
_20066_,71.6
_21437_,71.6
_05827_,71.58
_23845_,71.58
_24883_,71.58
_11377_,71.575
_30371_,71.56
_04924_,71.54
_07425_,71.53
_25605_,71.48
_24627_,71.43
_20786_,71.42
_31933_,71.41
_06176_,71.39
_07977_,71.39
_16714_,71.38
_13270_,71.36
_05608_,71.34
_20494_,71.34
_20539_,71.34
_32491_,71.34
_31746_,71.33
_09102_,71.32
_13353_,71.32
clknet_leaf_10_clk,71.32
_15387_,71.3
_38126_,71.28
_36867_,71.26
_03846_,71.24
_07014_,71.24
_13296_,71.24
_07623_,71.22
_26262_,71.22
_08837_,71.2
_36863_,71.18
_31281_,71.14
_19298_,71.1
_31986_,71.095
_36601_,71.04
_39580_,71.04
_16680_,71.035
_01831_,71.02
_06276_,71
_18512_,70.995
_03020_,70.96
_26189_,70.96
_07082_,70.94
_03186_,70.92
_08168_,70.92
_32064_,70.905
_23108_,70.9
_34377_,70.9
_07494_,70.88
_23801_,70.88
_24520_,70.88
_05951_,70.84
_11524_,70.84
_35098_,70.84
_36117_,70.82
_16798_,70.8
_33246_,70.76
_33575_,70.76
_23095_,70.7
_06391_,70.66
_11903_,70.66
_28794_,70.66
_37327_,70.66
_42061_,70.66
_11637_,70.64
_13162_,70.64
_05646_,70.6
_20068_,70.58
_15910_,70.56
_21876_,70.56
_36433_,70.56
_38239_,70.56
_01942_,70.52
_21242_,70.52
_37017_,70.52
_19303_,70.5
_38831_,70.5
clknet_leaf_64_clk,70.5
_19762_,70.42
_23181_,70.42
_28916_,70.42
_05610_,70.4
_06966_,70.4
_39650_,70.4
_17833_,70.38
_26033_,70.38
_32895_,70.33
_07310_,70.32
_17739_,70.32
_34334_,70.3
_08824_,70.24
_15521_,70.24
_00377_,70.22
_35567_,70.22
_41919_,70.22
clknet_leaf_71_clk,70.2
_30232_,70.16
_32626_,70.16
_06455_,70.12
_11621_,70.12
_06858_,70.1
_13370_,70.08
_39628_,70.08
_38214_,70.06
_07806_,70.04
_40769_,70.04
_13260_,69.96
_37329_,69.96
_31903_,69.94
_11396_,69.935
_18467_,69.92
_37589_,69.9
_10633_,69.88
_11042_,69.84
_11044_,69.84
_42080_,69.84
_31514_,69.775
_00527_,69.76
_02014_,69.755
_20192_,69.74
_35944_,69.72
_17462_,69.715
_10134_,69.68
_13281_,69.68
_32669_,69.68
_36707_,69.66
stage8_inst.stage4_upper.stage2_pair0.butterfly_inst.mul_inst.b\[7\],69.66
_20211_,69.655
_21445_,69.62
_26064_,69.62
_38343_,69.62
_42546_,69.61
_01930_,69.6
_06566_,69.6
_38052_,69.59
_26643_,69.56
_41051_,69.56
_18340_,69.52
_38271_,69.5
_17095_,69.48
_11683_,69.47
_35666_,69.46
_01951_,69.4
_31803_,69.4
_01850_,69.39
_37779_,69.36
_06345_,69.35
_38643_,69.32
stage8_inst.in0\[0\],69.275
_38880_,69.2
_28898_,69.18
_05073_,69.13
_20231_,69.12
_32418_,69.115
_13207_,69.08
_25845_,69.04
_30701_,69.04
stage8_inst.in1\[11\],68.98
_29077_,68.96
_42252_,68.96
stage8_inst.in2\[26\],68.88
_11883_,68.86
_22690_,68.86
_15391_,68.85
_20673_,68.82
_24692_,68.8
_36638_,68.76
_42368_,68.76
_20335_,68.735
_23163_,68.7
_33931_,68.7
_08897_,68.62
_10954_,68.62
_33183_,68.62
_37925_,68.61
_36899_,68.6
_06318_,68.58
_06627_,68.58
_07466_,68.58
_24599_,68.58
_23490_,68.54
_07109_,68.52
_01375_,68.5
_18826_,68.48
_03235_,68.44
_25443_,68.44
_33247_,68.4
_07380_,68.36
_39323_,68.36
_05018_,68.34
_38279_,68.32
_07718_,68.28
_11303_,68.28
_22152_,68.28
_25006_,68.24
_23110_,68.22
_20439_,68.2
stage8_inst.stage4_upper.stage2_pair1.butterfly_inst.mul_inst.b\[28\],68.16
_27606_,68.135
_06270_,68.12
_11806_,68.12
_40148_,68.12
_21998_,68.1
_20186_,68.08
_40048_,68.08
_06637_,68.07
_37326_,68.06
_15529_,68.015
_22040_,68
_24709_,68
_42561_,68
_20177_,67.96
_15168_,67.94
_19537_,67.92
_33346_,67.9
_24404_,67.88
_42123_,67.88
_39549_,67.875
_21009_,67.86
_36533_,67.82
_20052_,67.8
_34108_,67.8
_37494_,67.8
_13273_,67.78
_13936_,67.78
_07186_,67.76
_13562_,67.76
_24819_,67.74
_38342_,67.74
_15841_,67.73
_33396_,67.7
_38570_,67.67
_39084_,67.64
_29707_,67.595
_15589_,67.58
_37926_,67.58
_29534_,67.56
_30128_,67.56
_34664_,67.56
_06492_,67.54
_05639_,67.52
_07686_,67.52
_08178_,67.51
net426,67.51
_04945_,67.48
_31845_,67.48
_23078_,67.44
_05367_,67.42
_05504_,67.42
_20604_,67.4
_08398_,67.37
_06452_,67.36
_42243_,67.36
_05528_,67.34
_10763_,67.3
_25306_,67.28
_25018_,67.26
_32866_,67.26
_19597_,67.22
_38633_,67.22
_03997_,67.18
_12977_,67.18
_39430_,67.17
_06967_,67.16
_37071_,67.14
net195,67.14
_42136_,67.13
_22153_,67.12
_06731_,67.1
_07538_,67.1
_00530_,67.08
_18282_,67.08
_38392_,67.075
_29263_,67.06
_31906_,67.06
_42095_,67.06
_03009_,67.02
_13167_,66.98
_39206_,66.98
_11211_,66.94
_20890_,66.94
_21544_,66.94
_08956_,66.92
_24329_,66.92
net151,66.92
_15336_,66.9
_22617_,66.9
_27767_,66.9
_34182_,66.88
net179,66.88
_03729_,66.86
_02234_,66.84
_35719_,66.84
_10200_,66.82
net436,66.82
_27579_,66.81
_03374_,66.8
_17445_,66.7
_24270_,66.68
_05213_,66.6
_24545_,66.56
_42091_,66.555
_22788_,66.54
_20275_,66.53
_05999_,66.52
_23676_,66.5
_07326_,66.48
_21506_,66.48
_33901_,66.48
_31717_,66.46
_06339_,66.42
_34267_,66.42
_06962_,66.38
_17952_,66.36
_07803_,66.34
_07811_,66.28
_26132_,66.28
_33220_,66.28
_36946_,66.28
_20193_,66.26
_10878_,66.2
_38959_,66.2
_12631_,66.18
_31555_,66.14
_15429_,66.13
_16106_,66.1
_24635_,66.1
_31039_,66.1
_27768_,66.08
_13302_,66.06
_35793_,66.06
_20967_,66.04
_30679_,66.04
_42550_,66.02
_06690_,65.96
_40541_,65.96
_39895_,65.9
_06075_,65.88
_10810_,65.88
_13161_,65.88
_35297_,65.88
_06098_,65.86
_29881_,65.82
_41289_,65.82
_17378_,65.8
_21401_,65.79
_21543_,65.79
_33325_,65.79
_35650_,65.78
_13158_,65.77
net305,65.77
stage8_inst.in1\[9\],65.76
_06642_,65.73
_15341_,65.72
_25090_,65.72
_33071_,65.7
_39289_,65.68
_30554_,65.66
_33323_,65.66
_00673_,65.64
_34793_,65.64
_00805_,65.62
_07047_,65.615
stage8_inst.stage4_lower.stage2_pair1.butterfly_inst.mul_inst.b\[8\],65.56
_17170_,65.555
_24396_,65.54
_33996_,65.54
_03256_,65.52
_04332_,65.52
_08159_,65.52
_28497_,65.52
_22252_,65.51
_07398_,65.46
_35731_,65.46
_17827_,65.4
_31955_,65.4
_38021_,65.4
_05224_,65.38
_15071_,65.38
_23661_,65.34
_27431_,65.34
_16176_,65.33
_09864_,65.32
_35099_,65.3
_05992_,65.26
_26083_,65.26
_32100_,65.26
_09110_,65.255
_07084_,65.25
_17873_,65.24
_39168_,65.24
_21833_,65.22
_36746_,65.22
_30086_,65.2
_01736_,65.18
_25361_,65.18
_35049_,65.18
_21451_,65.12
_23785_,65.12
_41179_,65.1
_40220_,65.04
_04027_,65.02
_23927_,65.02
_03180_,65
clknet_leaf_65_clk,65
_06896_,64.98
_37997_,64.98
_38245_,64.98
_03814_,64.94
_30951_,64.94
_33899_,64.94
_40746_,64.94
_30048_,64.93
_32622_,64.92
_31938_,64.9
_40184_,64.9
clknet_leaf_43_clk,64.9
_21840_,64.86
_04193_,64.8
_11308_,64.78
_11638_,64.78
_37935_,64.77
_02105_,64.76
_11850_,64.76
_24540_,64.76
_20215_,64.74
_09422_,64.72
_22036_,64.72
_30800_,64.72
_36055_,64.72
_19076_,64.7
_15504_,64.68
_33909_,64.68
_04921_,64.66
_07339_,64.66
_30473_,64.66
_19992_,64.6
_08763_,64.54
_18923_,64.535
_04555_,64.52
_31076_,64.52
_14407_,64.48
_32092_,64.46
_18482_,64.44
_21746_,64.42
_24707_,64.41
_15838_,64.36
_37407_,64.32
_39020_,64.32
_06587_,64.28
_13567_,64.26
_36452_,64.23
_38629_,64.2
_40388_,64.175
_40815_,64.16
_30635_,64.15
_05430_,64.12
_19001_,64.12
_15314_,64.02
_23193_,64.02
_12336_,64
_38934_,64
_38802_,63.995
_08730_,63.98
_04366_,63.97
_10815_,63.96
_19656_,63.96
_08052_,63.94
_12168_,63.92
_33318_,63.9
_14365_,63.88
_24338_,63.88
_31723_,63.88
_30798_,63.86
_23538_,63.84
_38322_,63.84
_02083_,63.82
_10758_,63.8
clknet_leaf_26_clk,63.8
_07608_,63.79
_11928_,63.76
_31694_,63.74
_13519_,63.73
_02815_,63.72
_15335_,63.68
_17464_,63.68
_32053_,63.67
_36507_,63.66
_07845_,63.65
_29641_,63.6
_35698_,63.58
_02437_,63.56
_05314_,63.56
_12268_,63.56
_21519_,63.56
_18600_,63.54
_07705_,63.52
_07045_,63.5
_02067_,63.48
_10544_,63.48
_30773_,63.48
_37633_,63.48
_41046_,63.46
_07029_,63.45
_06591_,63.42
_08348_,63.42
_38753_,63.355
_06911_,63.335
_25430_,63.32
_11966_,63.28
_34922_,63.24
_36674_,63.2
_17407_,63.18
_25278_,63.18
_40568_,63.18
_35706_,63.17
_16092_,63.16
net234,63.16
_35785_,63.14
_19702_,63.12
_05935_,63.1
_17799_,63.1
_27681_,63.095
_32292_,63.09
_22610_,63.08
_07040_,63.06
_12386_,63.04
_18243_,63.04
_08186_,63.02
_20952_,63.02
_07137_,63
_42022_,63
_02795_,62.96
_08950_,62.96
_37447_,62.96
_37974_,62.96
_38096_,62.925
_32974_,62.9
_34851_,62.88
_24838_,62.86
_04656_,62.84
_01882_,62.815
_33053_,62.8
_40348_,62.8
_05613_,62.78
_17439_,62.78
_32270_,62.76
_19713_,62.74
stage8_inst.in5\[24\],62.74
_31716_,62.72
_06425_,62.7
_09544_,62.7
_37790_,62.68
_20210_,62.63
_14528_,62.54
_40189_,62.54
stage8_inst.stage4_upper.stage2_pair1.butterfly_inst.mul_inst.b\[9\],62.54
clknet_leaf_29_clk,62.54
_13172_,62.46
_30271_,62.44
_30522_,62.44
_39110_,62.44
_01997_,62.425
_28530_,62.4
_29192_,62.4
_31985_,62.4
_35694_,62.4
_07923_,62.38
_11710_,62.32
_35405_,62.32
_32028_,62.3
_05203_,62.28
_20861_,62.28
_30154_,62.28
_35542_,62.28
clknet_leaf_48_clk,62.28
_18588_,62.26
_13227_,62.24
_00402_,62.22
_21350_,62.22
_27855_,62.22
_22710_,62.2
_27551_,62.2
_33069_,62.2
_38590_,62.2
_38376_,62.18
_42465_,62.18
_13839_,62.16
_37940_,62.14
_07149_,62.13
_12124_,62.12
_37228_,62.12
net270,62.12
clknet_leaf_47_clk,62.12
_29126_,62.1
_35702_,62.1
_13536_,62.08
_05069_,62.06
_02589_,62.05
_37184_,62.04
_02079_,62.02
_03594_,62.02
_27506_,62.02
net174,62.02
_16462_,61.98
_19165_,61.98
_19229_,61.98
_40046_,61.98
_42531_,61.98
_34152_,61.96
_34183_,61.96
_02074_,61.93
_21189_,61.915
_27628_,61.915
stage8_inst.in2\[30\],61.86
_07890_,61.84
_33517_,61.8
_37427_,61.8
_32021_,61.785
_15311_,61.78
_28557_,61.78
stage8_inst.in5\[23\],61.78
_07318_,61.74
_12400_,61.74
_25589_,61.74
_24151_,61.72
_12696_,61.7
_35554_,61.7
_08155_,61.66
_24874_,61.64
_25118_,61.62
_07539_,61.6
_21570_,61.6
_31969_,61.6
_10630_,61.58
_38065_,61.58
_10720_,61.55
_17010_,61.54
_01321_,61.5
_10361_,61.5
_27336_,61.5
_29682_,61.5
_34702_,61.5
_15652_,61.46
_20024_,61.46
_01959_,61.45
_35909_,61.45
_21507_,61.44
_19463_,61.38
_06520_,61.36
_01566_,61.32
_36203_,61.32
_03620_,61.3
_31467_,61.3
_35805_,61.3
_00101_,61.28
_17626_,61.26
_38304_,61.26
_09124_,61.24
_17243_,61.24
_27580_,61.24
_39294_,61.24
_08617_,61.22
_23522_,61.22
_32042_,61.18
_42246_,61.18
_05235_,61.14
_21903_,61.14
_33992_,61.14
_03737_,61.12
_07360_,61.12
_19887_,61.12
_30032_,61.12
_31968_,61.12
_36088_,61.12
_15998_,61.07
_04727_,61.06
net317,61.06
_10606_,61.04
_21667_,61.04
_37785_,61.03
_05270_,61
_06666_,61
_07570_,61
_23873_,61
_17469_,60.96
_06175_,60.95
_02686_,60.94
_04010_,60.94
_31802_,60.94
_30004_,60.88
_31364_,60.88
_09313_,60.86
_33336_,60.86
_34121_,60.86
_37115_,60.86
_32889_,60.84
_33416_,60.84
stage8_inst.in2\[29\],60.84
_10765_,60.82
_22189_,60.82
_39600_,60.82
_32468_,60.8
_00252_,60.78
_20038_,60.78
_22744_,60.78
_37183_,60.77
_06648_,60.76
_33373_,60.76
_08803_,60.74
_24288_,60.74
_35772_,60.74
_15065_,60.72
_42203_,60.7
_26143_,60.66
_38387_,60.66
net173,60.66
_31273_,60.64
_16067_,60.6
_02675_,60.58
_27078_,60.58
_32281_,60.58
_35771_,60.575
_16982_,60.56
_06389_,60.54
_38961_,60.54
_12883_,60.51
_03074_,60.5
_06521_,60.5
_21452_,60.5
_36121_,60.5
_00390_,60.495
_11729_,60.48
_35667_,60.445
_08864_,60.44
_29967_,60.44
_34453_,60.44
_35631_,60.385
_31901_,60.38
_38161_,60.38
_17254_,60.375
_18598_,60.36
_17916_,60.34
_27106_,60.34
_27801_,60.33
_11648_,60.32
_04992_,60.3
_16148_,60.3
_17051_,60.3
_32213_,60.3
_41128_,60.28
_41579_,60.28
_06196_,60.26
_25404_,60.24
_00950_,60.22
_25222_,60.215
_28704_,60.19
_02011_,60.18
_09101_,60.18
_31231_,60.18
_33108_,60.18
_37765_,60.18
_11750_,60.16
_17798_,60.14
_11427_,60.12
_34293_,60.11
_07423_,60.1
_24417_,60.06
_21395_,60.05
_07502_,60.04
_38850_,60.04
net178,60.04
_31963_,60.02
_41954_,60.02
_05530_,60
_07651_,60
_26206_,60
_05301_,59.98
_28900_,59.98
_36063_,59.98
_38636_,59.98
_01898_,59.97
_41526_,59.96
_17084_,59.94
_22024_,59.94
_33120_,59.94
stage8_inst.in5\[21\],59.94
_03148_,59.92
_29067_,59.92
_32163_,59.9
_33576_,59.9
_39186_,59.86
_19889_,59.84
_10929_,59.82
_13571_,59.82
_18364_,59.82
_20729_,59.82
_30262_,59.82
_03900_,59.8
_29624_,59.8
_38544_,59.8
_18153_,59.78
_31197_,59.78
_33643_,59.76
_35743_,59.76
clknet_leaf_24_clk,59.76
_04852_,59.74
_36591_,59.74
_16345_,59.72
_15678_,59.7
_20622_,59.7
_25032_,59.7
_40032_,59.69
_27267_,59.66
_22964_,59.64
_38033_,59.58
_35053_,59.54
stage8_inst.stage4_upper.stage2_pair1.butterfly_inst.mul_inst.b\[23\],59.54
_18395_,59.52
_04761_,59.5
clknet_leaf_14_clk,59.5
_07636_,59.48
_13173_,59.48
_35810_,59.48
clknet_leaf_13_clk,59.48
_35695_,59.47
_30160_,59.46
_02065_,59.44
_05677_,59.42
_33324_,59.42
_22627_,59.4
_29689_,59.4
_35577_,59.4
_38573_,59.4
_08326_,59.38
_23929_,59.36
_00319_,59.34
_00909_,59.34
_26858_,59.34
_04274_,59.32
_06927_,59.32
_02616_,59.28
_11543_,59.28
_03191_,59.26
_07391_,59.26
_33255_,59.26
stage8_inst.in5\[25\],59.24
_35723_,59.14
clknet_leaf_2_clk,59.14
_11929_,59.12
_25963_,59.12
_32112_,59.08
net235,59.08
_20216_,59.06
_20730_,59.05
_05906_,59
_19275_,59
_28555_,59
_12120_,58.99
_07404_,58.98
_26001_,58.98
_37522_,58.98
_15791_,58.96
_12559_,58.9
_17992_,58.9
_01859_,58.875
_38391_,58.83
_01324_,58.82
_10509_,58.8
_20542_,58.8
_35630_,58.8
_18995_,58.78
_29558_,58.78
_05877_,58.76
_06136_,58.76
_34221_,58.74
_06641_,58.72
_21665_,58.72
_33021_,58.7
_38285_,58.7
_07712_,58.69
_17428_,58.69
_09322_,58.66
_10514_,58.66
_14065_,58.66
_35585_,58.66
_18570_,58.64
_06770_,58.62
_12281_,58.62
_37635_,58.61
_17087_,58.595
_37845_,58.58
_38664_,58.56
_02209_,58.555
_22026_,58.54
_31086_,58.54
_04652_,58.46
_29267_,58.44
_18347_,58.42
_33409_,58.42
_13338_,58.41
_14152_,58.4
_16876_,58.4
_25473_,58.4
_11581_,58.38
_16900_,58.36
_23573_,58.36
_05735_,58.34
_11700_,58.32
_17495_,58.32
_19540_,58.32
_38815_,58.32
clknet_leaf_53_clk,58.32
_16557_,58.28
_27438_,58.28
_42371_,58.25
_38225_,58.23
_09371_,58.22
_08214_,58.2
_38576_,58.2
_13823_,58.16
_39425_,58.16
_39845_,58.16
_18322_,58.14
_19244_,58.14
_25429_,58.14
_20503_,58.13
_13298_,58.1
_27857_,58.08
_20889_,58.07
_16551_,58.06
_16864_,58.04
_25342_,58.04
_35591_,58.04
_10005_,58.03
_39416_,58.02
_05507_,57.98
_35696_,57.98
net208,57.98
_03610_,57.96
_13364_,57.95
_07665_,57.94
_08403_,57.94
_22893_,57.94
_42281_,57.94
_07525_,57.92
_02025_,57.9
_31571_,57.9
_30149_,57.88
_39411_,57.88
_15502_,57.86
_22272_,57.86
_36236_,57.86
_39176_,57.86
_37308_,57.85
_01341_,57.84
_20456_,57.84
_34192_,57.84
_37674_,57.84
_31189_,57.82
_32674_,57.82
_26644_,57.8
_06620_,57.78
_07777_,57.78
_34197_,57.78
_42349_,57.78
_01843_,57.76
_36105_,57.75
_04506_,57.74
_06453_,57.72
_35718_,57.715
_37749_,57.68
_17828_,57.66
_32019_,57.66
_05226_,57.6
_17651_,57.56
_20145_,57.56
_35705_,57.56
_07611_,57.55
_15105_,57.52
_31234_,57.52
_13354_,57.5
_25276_,57.5
_19523_,57.48
_02467_,57.46
_42476_,57.46
_31672_,57.43
_06336_,57.42
_02044_,57.405
_33118_,57.38
_37839_,57.38
_20601_,57.37
_06298_,57.36
_12422_,57.36
_39062_,57.36
_07662_,57.34
_25109_,57.34
_04862_,57.32
_17812_,57.32
_36529_,57.32
_22404_,57.3
_03671_,57.29
_07237_,57.26
_08964_,57.26
_37591_,57.26
_39267_,57.26
_10272_,57.22
_12577_,57.22
_16110_,57.22
_30975_,57.2
_36942_,57.2
_06928_,57.18
_39151_,57.16
_17621_,57.12
_11305_,57.1
_13452_,57.1
_34133_,57.08
_21809_,57.06
_35704_,57.04
_39850_,56.99
_13418_,56.96
_23431_,56.96
_38095_,56.95
_26411_,56.94
_31768_,56.94
_39624_,56.94
clknet_leaf_60_clk,56.94
_07483_,56.92
_21603_,56.92
_30346_,56.91
_16809_,56.9
_26506_,56.9
_06507_,56.87
_21709_,56.86
_37768_,56.86
_05233_,56.84
_22887_,56.84
_08766_,56.835
_13829_,56.82
_18880_,56.82
_36832_,56.82
_04239_,56.78
_13078_,56.78
_17751_,56.78
_18935_,56.78
_32540_,56.76
_22989_,56.74
stage8_inst.in2\[27\],56.72
_04368_,56.705
_23471_,56.7
_32146_,56.7
_06210_,56.68
_11458_,56.68
_24480_,56.68
_38233_,56.68
_39114_,56.66
_39291_,56.64
_31340_,56.62
_31964_,56.61
_06889_,56.6
_13285_,56.6
_07840_,56.56
_08166_,56.56
_18707_,56.56
_29282_,56.56
_11566_,56.54
_21428_,56.54
_37450_,56.52
_22850_,56.5
_26113_,56.5
_28695_,56.5
_28707_,56.49
_15683_,56.48
_22935_,56.48
_24612_,56.48
_42069_,56.475
_15601_,56.46
_16328_,56.46
_22899_,56.46
_42534_,56.44
_01014_,56.42
_05921_,56.42
_17096_,56.42
_31331_,56.42
_32043_,56.42
_17988_,56.4
_30440_,56.4
_09674_,56.38
_24678_,56.36
_00931_,56.34
_14876_,56.34
_19459_,56.34
_22644_,56.34
_21530_,56.32
_32279_,56.32
_38908_,56.32
_39014_,56.32
_19956_,56.3
_30375_,56.26
_38630_,56.26
_04685_,56.22
_07824_,56.18
_35677_,56.18
_20974_,56.14
clknet_leaf_32_clk,56.14
_21103_,56.12
_29094_,56.1
_08865_,56.06
_25385_,56.06
_26221_,56.06
_31241_,56.06
_37144_,56.02
_04743_,56
_20385_,56
_05565_,55.96
_06199_,55.96
_27609_,55.96
_11889_,55.94
_16313_,55.94
_28178_,55.94
_33058_,55.94
_39043_,55.92
_15687_,55.9
_32476_,55.9
_37767_,55.9
_06411_,55.84
_07545_,55.84
_07050_,55.82
net216,55.82
_03483_,55.8
_07034_,55.8
_07432_,55.8
_12170_,55.78
_11445_,55.76
_08191_,55.75
_24655_,55.74
_38890_,55.735
_30233_,55.72
_32171_,55.72
_41889_,55.7
_23306_,55.68
_38370_,55.68
_19284_,55.66
_06987_,55.62
_10658_,55.62
_35635_,55.62
_16140_,55.61
_13306_,55.59
_33328_,55.58
_18681_,55.57
_07280_,55.56
_14408_,55.52
_35683_,55.52
_00438_,55.5
_04867_,55.5
_05832_,55.5
_03823_,55.48
_16829_,55.48
_22344_,55.48
_29256_,55.48
_33087_,55.48
_16571_,55.46
_32828_,55.46
_29254_,55.45
_00697_,55.44
_06182_,55.44
_09409_,55.4
_24617_,55.395
_39096_,55.38
_39839_,55.34
_31693_,55.31
_21604_,55.3
_13223_,55.24
_28442_,55.24
_37699_,55.24
_06746_,55.22
_19947_,55.22
_21442_,55.22
_40986_,55.22
_00699_,55.2
_21947_,55.2
_20359_,55.18
_07018_,55.14
_25438_,55.14
_31379_,55.14
_06506_,55.12
_11801_,55.12
_26084_,55.1
_08499_,55.08
_31664_,55.07
_07643_,55.06
_12104_,55.05
_22837_,55.04
_37914_,55.04
_07821_,55.03
_35616_,55.02
_19770_,55
_09644_,54.98
_11214_,54.975
_31224_,54.96
_32833_,54.96
_37840_,54.96
_06823_,54.94
_38173_,54.94
_13323_,54.92
_22478_,54.92
_00663_,54.9
_22941_,54.9
_04856_,54.88
_19681_,54.88
_15961_,54.87
_32009_,54.86
_34641_,54.86
_30795_,54.85
_31784_,54.85
_10441_,54.84
_11702_,54.8
_13572_,54.8
_31737_,54.8
net165,54.8
_15851_,54.78
_17050_,54.78
_24446_,54.78
_35780_,54.78
_20546_,54.75
_29132_,54.72
_41683_,54.72
_04642_,54.7
_07464_,54.66
_29652_,54.66
_16702_,54.655
_21815_,54.64
_00692_,54.62
_10366_,54.62
_24452_,54.605
_14311_,54.6
_00712_,54.58
_16302_,54.58
_33227_,54.565
_20297_,54.54
_22575_,54.54
_09752_,54.52
_33442_,54.52
_35668_,54.52
_36089_,54.52
_07681_,54.5
_21185_,54.495
_31032_,54.48
_36761_,54.48
_38366_,54.46
stage8_inst.in5\[22\],54.46
_17235_,54.45
_13551_,54.44
_39427_,54.42
_39522_,54.42
_05994_,54.4
_05041_,54.38
_07550_,54.38
clknet_leaf_81_clk,54.38
_12411_,54.36
_36764_,54.36
_10880_,54.34
_37571_,54.34
_23309_,54.32
_26245_,54.32
_34258_,54.32
_05065_,54.3
_14509_,54.3
_14738_,54.3
_20916_,54.3
_37359_,54.28
_00231_,54.26
_41314_,54.26
_42495_,54.26
_35707_,54.245
_19965_,54.24
_36747_,54.24
_31727_,54.2
_23045_,54.19
_02742_,54.18
_16464_,54.18
_42031_,54.18
_24586_,54.16
_26777_,54.135
_08460_,54.12
_16826_,54.12
_34516_,54.12
_02711_,54.1
_05715_,54.1
_32923_,54.075
_23213_,54.06
_06008_,54.02
_07472_,54
_07673_,54
clknet_leaf_79_clk,54
_24519_,53.96
_30691_,53.96
_12277_,53.95
_11918_,53.92
_21714_,53.92
_37172_,53.92
_17963_,53.88
_02096_,53.875
_17224_,53.86
_38806_,53.835
_32088_,53.82
_01134_,53.8
_18434_,53.8
_25989_,53.8
_14097_,53.76
_39308_,53.74
net170,53.74
_14256_,53.72
_06680_,53.7
_05389_,53.68
_08340_,53.68
_18312_,53.68
_38381_,53.68
_41634_,53.66
_13196_,53.65
_05857_,53.64
_25115_,53.64
_28814_,53.64
_13719_,53.62
clknet_leaf_52_clk,53.62
_07026_,53.6
_20060_,53.6
_30543_,53.56
_15843_,53.545
_02216_,53.54
_12941_,53.54
_20150_,53.54
_02418_,53.52
_12694_,53.52
_23165_,53.52
_23467_,53.52
_24636_,53.52
_32401_,53.5
_05740_,53.46
_11148_,53.46
_13303_,53.42
_15969_,53.42
_07325_,53.4
_15190_,53.4
_31399_,53.38
_07021_,53.36
_11568_,53.36
_03254_,53.34
_04932_,53.34
_29822_,53.34
_12792_,53.32
_15892_,53.32
_17631_,53.32
_19773_,53.315
_33765_,53.305
_04272_,53.3
_24516_,53.3
_34472_,53.3
_41576_,53.3
_35902_,53.28
_02632_,53.26
_15964_,53.26
_29072_,53.26
_29986_,53.26
_38010_,53.26
_39886_,53.26
_34198_,53.24
clknet_leaf_0_clk,53.22
_15606_,53.21
_40668_,53.2
_38459_,53.18
_17139_,53.16
_26471_,53.16
_38388_,53.14
_29537_,53.135
_18590_,53.12
_35738_,53.12
_40925_,53.12
_33282_,53.1
_19619_,53.08
_40639_,53.06
_38985_,53.055
clknet_leaf_73_clk,53.04
_37422_,53.02
_01413_,53
_06797_,53
_15836_,53
_28871_,53
_32457_,53
_35624_,53
_27616_,52.99
_06114_,52.96
_06851_,52.96
_15686_,52.96
_34329_,52.96
_33833_,52.94
_35773_,52.92
_10725_,52.9
_11488_,52.9
_07395_,52.88
_07448_,52.88
_27109_,52.86
_28963_,52.86
_19831_,52.845
_00258_,52.84
_16370_,52.84
_40467_,52.84
_03171_,52.82
_22785_,52.82
_03422_,52.81
_09253_,52.81
_28458_,52.8
_26390_,52.79
_18343_,52.78
_30768_,52.73
_22028_,52.715
_16173_,52.71
_01970_,52.7
_15662_,52.675
_34100_,52.675
_02072_,52.66
_14987_,52.66
_20717_,52.66
_39054_,52.66
_33745_,52.64
_13279_,52.62
net158,52.58
_26616_,52.55
_20529_,52.54
_04365_,52.52
_10221_,52.52
_10282_,52.5
_11406_,52.5
clknet_leaf_84_clk,52.5
_22169_,52.48
_05403_,52.46
_06323_,52.46
_08789_,52.46
_25735_,52.46
_39036_,52.42
_13996_,52.4
stage8_inst.in5\[15\],52.4
_09703_,52.38
_15644_,52.38
_20285_,52.36
_25713_,52.34
_27610_,52.34
_28363_,52.34
_41110_,52.34
_41866_,52.31
_08174_,52.3
_35758_,52.3
_25682_,52.28
_11734_,52.26
_24769_,52.26
_29683_,52.26
_41749_,52.26
_03302_,52.24
_38886_,52.24
_04959_,52.22
_07330_,52.22
_42353_,52.22
_13155_,52.2
_16426_,52.18
_17065_,52.18
_09331_,52.16
_10653_,52.16
_08222_,52.15
_18004_,52.14
_19810_,52.14
_07240_,52.13
_05275_,52.12
_36058_,52.12
_41864_,52.12
_01864_,52.1
_02644_,52.1
_04774_,52.1
_21121_,52.1
_27434_,52.08
_01876_,52.06
_26964_,52.06
_20682_,52.03
_06874_,52
_25436_,52
_13928_,51.98
_25268_,51.98
_34541_,51.98
_08878_,51.96
_36851_,51.96
_03340_,51.94
_35659_,51.94
_16178_,51.925
_02444_,51.92
_02474_,51.92
_34203_,51.9
_01175_,51.86
_42383_,51.86
clknet_leaf_31_clk,51.84
_12465_,51.82
_16872_,51.82
_22975_,51.8
_23278_,51.76
_35699_,51.76
_07530_,51.74
_18349_,51.74
_19253_,51.74
_30230_,51.74
_29456_,51.72
_40743_,51.72
_04620_,51.71
_07225_,51.7
_35734_,51.7
clknet_leaf_55_clk,51.7
_07956_,51.66
_19311_,51.66
_38408_,51.66
clknet_leaf_78_clk,51.66
_10435_,51.64
_10983_,51.62
_30157_,51.62
_40310_,51.62
_42215_,51.58
_07677_,51.575
_08020_,51.57
_28302_,51.54
_37752_,51.52
_42213_,51.52
_10964_,51.48
_22557_,51.48
_37304_,51.48
_28520_,51.45
_38150_,51.44
net424,51.44
_00820_,51.42
_08586_,51.42
_24989_,51.42
_31878_,51.42
_35506_,51.42
_33411_,51.4
_15621_,51.38
_17406_,51.38
_08618_,51.34
_16433_,51.34
_27452_,51.34
_18742_,51.32
_25856_,51.32
_20307_,51.31
_06822_,51.3
_27136_,51.3
_24938_,51.295
_42543_,51.29
_42033_,51.27
_05142_,51.26
_16363_,51.26
_22946_,51.24
_00926_,51.22
_01328_,51.22
_20591_,51.22
_29223_,51.2
_32493_,51.195
_07991_,51.16
_35487_,51.16
_37528_,51.16
_13235_,51.14
_30317_,51.14
_13400_,51.12
_24541_,51.12
clknet_leaf_37_clk,51.12
_00635_,51.1
_27962_,51.1
_32313_,51.1
_39242_,51.1
net273,51.1
_37034_,51.08
_13427_,51.04
_42286_,51.04
_35050_,51
_40248_,50.995
_16268_,50.96
_33387_,50.96
_37394_,50.96
_39670_,50.96
_41380_,50.96
_37989_,50.94
_38383_,50.94
_23155_,50.925
_24690_,50.92
_31057_,50.92
_36185_,50.915
_01924_,50.9
_16001_,50.88
_42132_,50.88
_04812_,50.86
_19020_,50.86
_20972_,50.86
clknet_leaf_35_clk,50.86
_20515_,50.84
_21731_,50.84
_06464_,50.815
_20012_,50.8
_01226_,50.78
_22011_,50.78
_34900_,50.76
_09598_,50.74
_20763_,50.74
_41776_,50.74
_28063_,50.735
_22742_,50.72
_39069_,50.72
_17377_,50.71
_23537_,50.71
_03104_,50.7
_35321_,50.7
_06915_,50.695
_06605_,50.68
_07843_,50.66
_11242_,50.66
_34432_,50.66
_25182_,50.64
_26389_,50.6
_39880_,50.6
_09095_,50.58
_10977_,50.58
_24565_,50.58
_41588_,50.58
_02138_,50.56
_35024_,50.56
_07698_,50.555
_21234_,50.54
_21265_,50.54
_38738_,50.5
_24393_,50.48
_33321_,50.48
_39396_,50.46
clknet_leaf_42_clk,50.46
_05077_,50.44
_07631_,50.42
_22595_,50.42
_33832_,50.42
_35137_,50.4
_41236_,50.395
_25590_,50.38
_19019_,50.36
_37397_,50.36
_37887_,50.36
_06583_,50.34
_21263_,50.34
_24415_,50.34
_05927_,50.32
_17570_,50.32
_00425_,50.3
_05118_,50.28
_15593_,50.28
_36469_,50.28
_07892_,50.265
_05075_,50.26
_11482_,50.24
_13246_,50.24
_31863_,50.24
_17610_,50.215
_07441_,50.18
_11649_,50.18
_37395_,50.18
_10722_,50.16
_37875_,50.16
_11153_,50.14
_03146_,50.12
_06755_,50.12
_30269_,50.12
_36966_,50.12
_42549_,50.12
_02129_,50.1
_14708_,50.1
_34766_,50.1
_41942_,50.1
_38157_,50.09
_05185_,50.075
net177,50.06
_18052_,50.04
_22622_,50.04
_07684_,50.03
_02832_,50.02
_09708_,50
_21565_,50
_21639_,50
_24442_,50
_29990_,50
_02960_,49.98
_21756_,49.98
_39737_,49.98
_03840_,49.96
_32391_,49.94
stage8_inst.in5\[6\],49.94
_19131_,49.92
_36453_,49.92
_26392_,49.9
_04615_,49.88
_24679_,49.88
_33480_,49.88
_20545_,49.84
_41395_,49.84
_19652_,49.82
_33326_,49.82
_19449_,49.8
_22743_,49.8
_21367_,49.78
_26154_,49.78
_07683_,49.76
_20881_,49.76
_21474_,49.76
_38310_,49.76
_36675_,49.74
_23869_,49.72
_29396_,49.72
_34107_,49.72
_34608_,49.72
_01427_,49.7
_01458_,49.7
_17416_,49.7
_17572_,49.7
_27012_,49.7
_37312_,49.7
_41428_,49.7
_08029_,49.68
_11898_,49.68
_28464_,49.68
_39241_,49.68
_11429_,49.66
_17787_,49.66
_25854_,49.66
_05545_,49.64
_13073_,49.64
_35646_,49.64
_42261_,49.64
_04690_,49.62
_20027_,49.62
_31813_,49.62
_19786_,49.6
_25562_,49.6
_35765_,49.58
clknet_leaf_72_clk,49.58
_21026_,49.54
_19883_,49.51
_18003_,49.5
_00650_,49.48
_04176_,49.46
_08381_,49.46
_09357_,49.46
_12468_,49.46
_18862_,49.46
_18325_,49.44
_32217_,49.44
_27474_,49.42
_14474_,49.4
_14678_,49.4
_14030_,49.38
_16853_,49.38
_29883_,49.38
_33941_,49.38
_33823_,49.37
_28512_,49.36
_32519_,49.36
_37043_,49.36
_37587_,49.36
clknet_leaf_58_clk,49.36
_22839_,49.34
_16182_,49.32
_29672_,49.32
_30698_,49.32
_12294_,49.3
_16645_,49.3
_16119_,49.28
_16297_,49.28
_31854_,49.28
_05807_,49.26
_32242_,49.26
_21014_,49.255
_20287_,49.24
_36807_,49.24
_36856_,49.24
_38748_,49.24
_05956_,49.22
_20208_,49.22
_00858_,49.18
_03342_,49.16
_40871_,49.16
_42077_,49.16
_00257_,49.14
_18308_,49.14
_40033_,49.14
_13356_,49.12
_31117_,49.12
_03210_,49.1
_25832_,49.1
_39318_,49.1
_00776_,49.08
_02172_,49.08
_19398_,49.08
_20199_,49.08
_06924_,49.075
_09258_,49.06
_15647_,49.06
_00423_,49.04
_12934_,49.04
_16775_,49.04
_05360_,49.035
_19146_,49.02
_00681_,49
_02967_,49
_05726_,49
_30152_,49
_32259_,49
_37718_,49
_03296_,48.995
_06664_,48.98
_33792_,48.98
_04672_,48.96
_08511_,48.96
_40782_,48.96
_42506_,48.95
_11276_,48.94
_17810_,48.94
_19720_,48.94
_37889_,48.92
_04965_,48.9
_09391_,48.9
_03173_,48.88
_21244_,48.88
_01891_,48.865
_42318_,48.86
_23792_,48.84
_37391_,48.84
clknet_leaf_46_clk,48.84
_07442_,48.82
_23634_,48.82
_06917_,48.8
_42066_,48.8
_37852_,48.78
_40974_,48.77
_17779_,48.76
_25837_,48.76
_34389_,48.76
_11330_,48.75
_30370_,48.74
_36903_,48.74
_37378_,48.74
_39072_,48.74
clknet_leaf_93_clk,48.74
_34376_,48.72
_11735_,48.7
_32851_,48.7
_18938_,48.68
_35671_,48.68
_37149_,48.68
_01366_,48.66
_03993_,48.66
_30694_,48.66
_37795_,48.66
_04599_,48.64
_00716_,48.63
_03290_,48.62
_21432_,48.62
_16855_,48.6
_30307_,48.6
_30693_,48.6
_34410_,48.6
_36608_,48.6
_10762_,48.58
_16041_,48.58
_33426_,48.58
_40408_,48.58
_30220_,48.56
_24941_,48.555
_38665_,48.49
_30316_,48.44
_13263_,48.42
_21093_,48.4
clknet_leaf_20_clk,48.4
_27309_,48.38
_39358_,48.37
_01980_,48.36
_03945_,48.36
_06291_,48.36
_12042_,48.36
_18705_,48.36
_21909_,48.36
_28521_,48.36
_20576_,48.34
_41639_,48.34
_07175_,48.33
_05454_,48.32
_32767_,48.32
_35858_,48.31
clknet_leaf_22_clk,48.28
clknet_leaf_61_clk,48.28
_29197_,48.26
_42210_,48.26
_11779_,48.24
_30153_,48.24
_11764_,48.23
_05174_,48.22
_21187_,48.22
_34076_,48.22
_31902_,48.2
_35681_,48.19
_31882_,48.17
_24438_,48.155
_31729_,48.14
_16332_,48.13
_15995_,48.12
_21082_,48.12
_34231_,48.12
_37879_,48.12
_42233_,48.12
_19228_,48.1
_32750_,48.1
_13417_,48.08
_36114_,48.08
_38187_,48.07
_22347_,48.06
_32888_,48.06
_37782_,48.06
_05087_,48.04
_09504_,48.04
_31791_,48.02
_19774_,48
_24277_,48
_30469_,48
_40413_,48
_17661_,47.96
_22201_,47.96
_37808_,47.96
_04841_,47.94
_07250_,47.94
_19251_,47.94
_19852_,47.94
_26340_,47.94
_36628_,47.94
_37466_,47.94
_22157_,47.92
_33215_,47.92
_02433_,47.915
_03901_,47.9
_21117_,47.9
_27986_,47.9
_30779_,47.9
_19544_,47.88
_00536_,47.875
_07422_,47.86
_37736_,47.86
_16299_,47.82
_26807_,47.82
_39091_,47.82
_04820_,47.8
_16411_,47.8
_24256_,47.8
_10952_,47.78
_18609_,47.76
_02841_,47.74
_05076_,47.74
_17975_,47.74
_24033_,47.72
_05995_,47.7
_21241_,47.68
_28171_,47.68
stage8_inst.in1\[10\],47.66
_04346_,47.64
_37377_,47.64
clknet_leaf_68_clk,47.64
_41660_,47.62
_37398_,47.615
_00961_,47.58
_04768_,47.56
_20767_,47.56
stage8_inst.stage4_upper.stage2_pair1.butterfly_inst.mul_inst.b\[16\],47.56
_06480_,47.54
_38863_,47.54
_41402_,47.54
_01818_,47.52
_23314_,47.52
_33853_,47.52
_37444_,47.52
_39085_,47.52
_29575_,47.515
_00036_,47.5
_38035_,47.5
_10068_,47.495
_24546_,47.495
_11752_,47.48
_37551_,47.46
_01186_,47.42
_08528_,47.42
_25752_,47.42
_39567_,47.42
_21332_,47.38
_30145_,47.34
_23215_,47.32
_24956_,47.32
_25751_,47.32
_28525_,47.32
_31613_,47.32
_40496_,47.32
_07728_,47.31
_01043_,47.3
_07816_,47.3
_10788_,47.3
_23549_,47.3
_32695_,47.3
_13794_,47.28
_24686_,47.28
_32600_,47.28
net452,47.28
_31921_,47.26
_37463_,47.26
net425,47.26
_16218_,47.255
_19111_,47.24
_32055_,47.24
_37673_,47.24
_21180_,47.22
_26821_,47.22
_03107_,47.2
_04299_,47.2
_12573_,47.2
_19117_,47.18
_30470_,47.16
_31671_,47.14
_01355_,47.12
_18709_,47.12
_37860_,47.12
_34762_,47.11
_00734_,47.1
_02708_,47.1
_12917_,47.1
_20194_,47.1
_29709_,47.1
_06393_,47.08
_21898_,47.08
_24477_,47.08
_40783_,47.08
_08217_,47.06
_29577_,47.06
_32645_,47.06
_17601_,47.05
_08054_,47.04
_20141_,47.04
_17634_,47.015
_06630_,47
_36126_,47
_41994_,47
_18819_,46.98
_19444_,46.98
_33327_,46.98
_20931_,46.96
_24704_,46.96
_39917_,46.96
_37814_,46.94
_06424_,46.92
_31932_,46.9
_41774_,46.9
_37761_,46.86
_38714_,46.86
_13606_,46.84
_29540_,46.84
_16233_,46.8
_24450_,46.8
_35804_,46.8
clknet_leaf_28_clk,46.8
_06580_,46.78
_08495_,46.78
_38460_,46.78
_07435_,46.76
_18941_,46.76
_26407_,46.76
_35900_,46.76
_11899_,46.745
_00631_,46.74
_20943_,46.74
_33516_,46.74
_41003_,46.74
_06337_,46.72
_18576_,46.72
_34760_,46.72
_07692_,46.7
_13990_,46.68
_33642_,46.68
_06293_,46.66
_15787_,46.66
_40599_,46.66
_31165_,46.64
_05854_,46.6
_07588_,46.6
_07731_,46.6
_14124_,46.6
_32623_,46.6
_23379_,46.58
_28134_,46.58
_37559_,46.58
_13247_,46.575
_39441_,46.56
_04746_,46.52
_33007_,46.52
_33998_,46.52
net434,46.52
_03936_,46.5
_04899_,46.5
_06742_,46.5
_07834_,46.5
_38489_,46.5
_17443_,46.48
_20298_,46.48
_25331_,46.46
_25053_,46.44
_31170_,46.44
_06691_,46.42
_06659_,46.41
_24574_,46.4
_00665_,46.38
_04842_,46.38
_00563_,46.36
_36841_,46.35
_24339_,46.34
_29951_,46.34
_16334_,46.33
_32800_,46.33
_24009_,46.3
_33320_,46.3
_14784_,46.28
_06575_,46.27
_25131_,46.27
_21045_,46.26
clknet_leaf_49_clk,46.26
_06586_,46.24
_36451_,46.24
_38147_,46.24
_04717_,46.22
_29591_,46.22
_31396_,46.22
_41454_,46.21
_01821_,46.2
_01845_,46.2
_19936_,46.2
_21520_,46.2
_35905_,46.2
_37042_,46.2
_28901_,46.18
_20957_,46.16
_21794_,46.16
_35613_,46.16
_37726_,46.16
_17659_,46.14
_26077_,46.14
_35898_,46.14
_11122_,46.1
_27729_,46.1
_40893_,46.1
_03571_,46.08
_18220_,46.08
_04723_,46.06
_20743_,46.06
_23211_,46.06
_32980_,46.06
_24685_,46.04
_36716_,46.04
_12265_,46.02
_16430_,46.02
_29420_,46
_22191_,45.995
_00253_,45.98
_00259_,45.94
_39039_,45.94
_24461_,45.92
_26675_,45.92
_28241_,45.92
_29228_,45.92
_29880_,45.92
_00524_,45.91
_22094_,45.9
_32804_,45.87
_32656_,45.86
_31703_,45.85
_42268_,45.84
_29970_,45.83
_01883_,45.825
_27617_,45.82
_34280_,45.82
_13448_,45.8
_21213_,45.78
_30201_,45.78
_31617_,45.78
_38784_,45.78
_04944_,45.77
_11765_,45.76
_26100_,45.76
_16979_,45.74
_21237_,45.74
_24957_,45.74
_31736_,45.74
_37848_,45.74
_38149_,45.74
_40885_,45.74
_31774_,45.71
_34417_,45.71
_16520_,45.7
_13751_,45.68
_17918_,45.68
_19388_,45.68
_39835_,45.68
_40499_,45.68
_11892_,45.66
_32585_,45.66
_11567_,45.64
_24227_,45.64
_37205_,45.64
_14409_,45.62
_16221_,45.62
_20559_,45.62
_27702_,45.62
_35829_,45.61
_03519_,45.6
_18777_,45.6
_32003_,45.6
_34527_,45.58
_23849_,45.56
_18867_,45.55
_36702_,45.54
_11336_,45.52
_31101_,45.52
_35130_,45.52
_35664_,45.52
_07674_,45.5
_19452_,45.5
_25129_,45.5
_24977_,45.49
_13816_,45.48
_17246_,45.48
_01875_,45.47
_06837_,45.46
_21400_,45.44
_37703_,45.44
_42148_,45.44
_23259_,45.42
_35830_,45.42
_03444_,45.4
_09498_,45.4
_35575_,45.4
_38158_,45.4
_22193_,45.38
_24624_,45.38
_32376_,45.38
_30095_,45.35
_08028_,45.34
_25328_,45.34
_31286_,45.34
_33474_,45.32
_07232_,45.3
_32760_,45.3
_33538_,45.3
_38258_,45.3
_40796_,45.3
_24097_,45.28
_08027_,45.26
_13357_,45.26
_24536_,45.26
_31494_,45.26
_41154_,45.26
_39426_,45.235
_22852_,45.22
_34877_,45.22
_36983_,45.22
_16075_,45.2
_16873_,45.2
_18006_,45.2
_20378_,45.2
_03134_,45.18
_29861_,45.18
_31537_,45.18
_36968_,45.18
_06870_,45.16
_13764_,45.14
_14856_,45.14
_31996_,45.14
net228,45.14
_35090_,45.11
_25242_,45.1
_37082_,45.1
_24558_,45.08
_31452_,45.08
_20797_,45.06
_21424_,45.06
_25604_,45.06
_28556_,45.06
_38481_,45.055
_04904_,45.05
_01949_,45.04
_05155_,45.02
_19920_,45.02
_20664_,45.02
_32724_,45.02
_19902_,45
_03110_,44.98
_10641_,44.98
_33785_,44.98
_06788_,44.96
_17062_,44.96
_24025_,44.96
_41542_,44.96
_11658_,44.94
_24629_,44.94
_35040_,44.94
_35676_,44.94
_19051_,44.93
_22643_,44.92
_41130_,44.92
_11999_,44.9
_05976_,44.88
_19245_,44.88
_20281_,44.88
_00874_,44.86
_04157_,44.86
_05958_,44.86
_30393_,44.86
_34794_,44.86
_12653_,44.84
_31763_,44.84
_01010_,44.82
_14952_,44.82
_17133_,44.82
_26240_,44.82
_35037_,44.82
_36161_,44.82
_37757_,44.82
_38729_,44.82
_06330_,44.815
_04763_,44.8
_10577_,44.8
_16270_,44.8
_27704_,44.78
_37971_,44.78
_12920_,44.76
_07223_,44.74
_09957_,44.74
_27352_,44.73
_15810_,44.72
_29721_,44.72
_29509_,44.7
_25347_,44.68
_32634_,44.67
_39867_,44.66
_06814_,44.64
_13076_,44.64
_31790_,44.64
_39390_,44.64
_41589_,44.64
_17286_,44.6
_31855_,44.6
_05427_,44.58
_27730_,44.58
_31516_,44.58
_02875_,44.56
_34289_,44.56
_04617_,44.54
_18337_,44.54
_24595_,44.53
_06508_,44.52
_16255_,44.52
_19783_,44.52
_30267_,44.505
_06106_,44.5
_16216_,44.5
_37755_,44.5
_13781_,44.48
_30224_,44.48
_31337_,44.48
_37145_,44.48
_12376_,44.47
_19249_,44.47
_18677_,44.44
_07253_,44.42
_17249_,44.42
_32959_,44.42
_33549_,44.42
_35908_,44.42
_38265_,44.41
_40450_,44.41
_00255_,44.4
_31872_,44.4
_32655_,44.38
_23534_,44.37
_09595_,44.36
_37593_,44.36
_00533_,44.34
_15001_,44.34
_18391_,44.34
_20676_,44.34
_06975_,44.33
_01028_,44.3
_19915_,44.28
_21320_,44.28
_31373_,44.28
_41647_,44.28
_42208_,44.26
_03999_,44.24
_39032_,44.24
_05017_,44.22
_22445_,44.22
_40269_,44.22
_40690_,44.22
_00920_,44.2
_09077_,44.2
_28420_,44.2
_37057_,44.2
stage8_inst.in5\[13\],44.2
_11751_,44.18
_12228_,44.18
_31444_,44.16
_00456_,44.14
_14207_,44.14
_40791_,44.14
_19626_,44.135
_07723_,44.12
_21227_,44.12
_05647_,44.1
_09566_,44.1
_04527_,44.08
_06545_,44.08
_13194_,44.08
_30868_,44.08
_20388_,44.06
_20854_,44.06
_20868_,44.06
_28698_,44.06
_31206_,44.06
_39459_,44.06
_42196_,44.06
_42236_,44.06
_00107_,44.04
_03727_,44.04
_40886_,44.04
_41710_,44.04
_02032_,44.03
_00740_,44.02
_42522_,44.02
_34134_,44.01
_08454_,44
_13631_,44
_21967_,44
_41888_,44
_31601_,43.99
_15453_,43.98
_23952_,43.98
_37544_,43.98
_41582_,43.975
_06926_,43.96
_16538_,43.96
_15507_,43.94
_12110_,43.93
_15737_,43.93
_33947_,43.92
_36859_,43.92
_15013_,43.9
_21120_,43.9
_22545_,43.9
_33162_,43.9
_41016_,43.895
_08342_,43.88
_22468_,43.88
_39106_,43.88
_41483_,43.88
_34759_,43.87
_14357_,43.86
_25839_,43.86
_00903_,43.84
_01606_,43.84
_31402_,43.84
_01879_,43.82
_39806_,43.82
_04756_,43.8
_20653_,43.8
_25761_,43.8
_27989_,43.8
_04339_,43.76
_13773_,43.76
_33388_,43.76
_07879_,43.74
_20646_,43.74
_21744_,43.74
_22600_,43.74
_08676_,43.72
_20248_,43.71
_13336_,43.7
_38213_,43.7
_39126_,43.7
_28957_,43.68
_34423_,43.68
_38435_,43.68
_00307_,43.66
_14601_,43.66
_36113_,43.66
_01005_,43.64
_10226_,43.64
_27124_,43.64
_29107_,43.64
_33592_,43.64
_34476_,43.64
_39353_,43.64
_00121_,43.6
_00182_,43.58
_06899_,43.58
_17171_,43.58
_20446_,43.58
_31684_,43.58
_32700_,43.58
_37820_,43.57
_07908_,43.56
_24199_,43.56
_31789_,43.555
_13557_,43.54
_31491_,43.54
_37393_,43.54
_34753_,43.52
_36461_,43.5
clknet_leaf_12_clk,43.5
_07499_,43.48
_15691_,43.48
_21733_,43.48
_31335_,43.48
_31814_,43.48
_31708_,43.475
_17232_,43.46
_24666_,43.46
_34151_,43.46
_34858_,43.46
_39306_,43.46
_16008_,43.43
_35361_,43.43
_01444_,43.42
_22465_,43.42
_16371_,43.4
_00632_,43.38
_07403_,43.38
_07896_,43.38
_08728_,43.38
_16460_,43.38
_03000_,43.36
_11555_,43.36
_21802_,43.36
_22552_,43.34
_28708_,43.34
_29973_,43.34
_34867_,43.34
_17781_,43.32
_31833_,43.32
_06944_,43.315
_15746_,43.3
_21694_,43.3
_38203_,43.3
_24986_,43.29
_04582_,43.28
_20736_,43.28
_35940_,43.28
_25653_,43.26
_38125_,43.26
_16936_,43.22
_15752_,43.215
_19750_,43.2
_20055_,43.2
_28649_,43.2
_31542_,43.2
_21853_,43.18
_00683_,43.16
_09816_,43.16
_21094_,43.16
_16527_,43.14
_14359_,43.12
_31463_,43.12
_40290_,43.12
_11800_,43.1
_04513_,43.08
_29994_,43.08
_33986_,43.08
_19934_,43.06
_36833_,43.06
_38057_,43.05
_24682_,43.04
_30192_,43.04
_06367_,43.02
_20468_,43.01
_00554_,43
_02183_,43
_05536_,43
_16479_,43
_26778_,43
_40158_,43
_00718_,42.98
_06584_,42.98
_13813_,42.98
_41252_,42.98
_42112_,42.98
_14245_,42.96
_18083_,42.96
_23150_,42.96
_22062_,42.955
_02945_,42.94
_18537_,42.94
_02448_,42.92
_16188_,42.92
_24128_,42.92
_02456_,42.9
_31303_,42.89
_35584_,42.89
_20153_,42.88
_33897_,42.88
_37242_,42.88
_06862_,42.86
_18997_,42.86
_29547_,42.86
_35248_,42.86
_38058_,42.86
_39127_,42.86
_01988_,42.855
_13490_,42.855
_36989_,42.85
_05136_,42.84
_25906_,42.84
_26747_,42.84
_33122_,42.84
_12822_,42.82
_36151_,42.82
_28559_,42.8
_32951_,42.8
_33518_,42.8
_11810_,42.78
_15325_,42.78
_00658_,42.775
_03435_,42.76
_25669_,42.76
_33939_,42.76
_42167_,42.76
_21355_,42.74
_33046_,42.74
_38002_,42.74
_06826_,42.72
_16785_,42.7
_21268_,42.7
_34048_,42.7
_19518_,42.68
_39111_,42.68
_28607_,42.66
_38049_,42.66
_42172_,42.64
_21004_,42.625
_14820_,42.62
_17497_,42.6
_19363_,42.6
_06888_,42.595
_05297_,42.58
_22902_,42.58
_23851_,42.58
_29708_,42.58
_08327_,42.56
_14850_,42.56
_19769_,42.56
_06392_,42.54
_07032_,42.54
_17081_,42.54
_24973_,42.54
_32586_,42.515
_20322_,42.5
_21600_,42.5
_31999_,42.5
_21630_,42.48
_03292_,42.46
_08097_,42.46
_19086_,42.46
_37527_,42.46
_37702_,42.455
_26549_,42.44
_37506_,42.44
_28584_,42.42
_38478_,42.42
clknet_leaf_70_clk,42.42
clknet_leaf_74_clk,42.42
_04826_,42.4
_21457_,42.4
_05667_,42.38
_07028_,42.38
_38803_,42.38
_30577_,42.36
_32056_,42.36
_37602_,42.36
_01872_,42.34
_10185_,42.34
_32057_,42.34
_39478_,42.34
_16902_,42.32
_33009_,42.32
_36168_,42.32
_37470_,42.32
_16135_,42.3
_30449_,42.3
_01034_,42.28
_22791_,42.28
_31730_,42.28
_32141_,42.28
_33290_,42.28
_02361_,42.27
_19833_,42.26
_21558_,42.26
_22665_,42.26
_26022_,42.26
_31504_,42.26
_33077_,42.26
_33256_,42.26
_06450_,42.24
_06953_,42.24
_33179_,42.24
_37835_,42.22
_39602_,42.22
_02311_,42.2
_13209_,42.2
_38094_,42.2
_38318_,42.2
_38827_,42.2
net112,42.2
_22356_,42.19
_15021_,42.18
_30902_,42.18
_24668_,42.16
_30290_,42.16
clknet_leaf_6_clk,42.16
_28189_,42.14
_00364_,42.12
_02777_,42.12
_04915_,42.12
_13709_,42.12
_34948_,42.12
_38948_,42.12
_09450_,42.1
_41846_,42.1
_22577_,42.08
stage8_inst.stage4_upper.stage2_pair1.butterfly_inst.mul_inst.b\[10\],42.08
_04815_,42.06
_09081_,42.04
_18157_,42.04
_19037_,42.04
_05723_,42.02
_15765_,42.02
_06474_,42
_22364_,42
_13553_,41.99
_09962_,41.98
_21792_,41.98
_29944_,41.98
_15766_,41.96
_32287_,41.96
_39679_,41.96
_26982_,41.94
_35230_,41.94
_37123_,41.94
_11432_,41.92
_33159_,41.92
_23266_,41.91
_28110_,41.9
_29769_,41.9
_06030_,41.88
_25894_,41.88
_29484_,41.88
_39093_,41.88
net268,41.88
clknet_leaf_16_clk,41.88
_34544_,41.86
_07639_,41.84
_14669_,41.84
_06268_,41.82
_12328_,41.8
_04510_,41.79
_17713_,41.78
_06435_,41.77
_07264_,41.76
_13769_,41.76
net276,41.76
_15408_,41.74
_41574_,41.74
_08729_,41.72
_27320_,41.72
_28681_,41.72
_29886_,41.72
_38682_,41.72
_12514_,41.7
_05423_,41.68
_08853_,41.68
_24673_,41.68
_32960_,41.68
_34049_,41.68
_19772_,41.66
_37693_,41.66
_02414_,41.64
_21539_,41.64
_21061_,41.625
_15042_,41.62
_29081_,41.62
_35638_,41.62
_36353_,41.62
_37588_,41.62
_21190_,41.6
_12085_,41.58
_31931_,41.58
_34253_,41.58
_39621_,41.58
clknet_leaf_21_clk,41.58
_06546_,41.56
_13599_,41.56
_04326_,41.54
_08952_,41.54
_23294_,41.54
_05961_,41.52
_38467_,41.52
_25961_,41.5
_32471_,41.5
_38582_,41.5
_02867_,41.48
_30067_,41.48
_15968_,41.46
_16444_,41.46
_18242_,41.46
_21739_,41.46
_22843_,41.46
_23847_,41.46
_20683_,41.44
_42441_,41.44
_18377_,41.43
_15595_,41.42
_16797_,41.42
_28842_,41.42
_16087_,41.415
_00521_,41.4
_05679_,41.4
_13790_,41.4
_34103_,41.4
_02197_,41.36
_07001_,41.36
_24969_,41.36
_34469_,41.36
_02469_,41.34
_05410_,41.34
_05462_,41.34
_38780_,41.34
_18823_,41.32
_03844_,41.3
_24979_,41.3
_34404_,41.3
_21170_,41.28
_37949_,41.28
_25419_,41.26
_28435_,41.26
stage8_inst.stage4_upper.stage2_pair1.butterfly_inst.mul_inst.b\[15\],41.26
_12298_,41.24
_14885_,41.24
_18474_,41.24
_24141_,41.24
_19291_,41.22
_31657_,41.2
_34277_,41.2
_26690_,41.18
_37990_,41.18
_38407_,41.18
_20938_,41.16
_13801_,41.15
_11931_,41.14
_16522_,41.14
_23632_,41.14
_34287_,41.14
_40214_,41.14
_41065_,41.135
_32904_,41.12
_34381_,41.12
_05852_,41.115
_04722_,41.1
_06142_,41.1
_17728_,41.1
_25087_,41.1
_39343_,41.1
_39707_,41.1
_18000_,41.08
_25084_,41.08
_25158_,41.08
_29289_,41.08
_00042_,41.06
_01163_,41.06
_00326_,41.04
_08053_,41.04
_25690_,41.04
_32993_,41.04
_34674_,41.04
_34864_,41.04
_42130_,41.04
_24267_,41.03
_21252_,41.02
_14792_,41
_26536_,41
_41891_,41
_13253_,40.98
_41907_,40.98
_23059_,40.97
_02986_,40.96
_08568_,40.95
_00577_,40.94
_20738_,40.94
_33322_,40.94
_12821_,40.92
_40001_,40.91
_02471_,40.9
_06547_,40.89
_10113_,40.88
_16310_,40.88
net120,40.88
_04458_,40.86
_19435_,40.86
_36331_,40.86
_13506_,40.84
_13570_,40.82
_31300_,40.82
_20201_,40.8
_34598_,40.8
_02752_,40.78
_17716_,40.78
_24067_,40.78
_33170_,40.78
_35171_,40.78
_35679_,40.78
_39365_,40.78
_12347_,40.76
_04334_,40.74
_41330_,40.74
_31321_,40.72
_06795_,40.7
_36921_,40.7
_12964_,40.68
_23264_,40.68
_41197_,40.68
_06534_,40.66
_23083_,40.66
_32633_,40.66
_00546_,40.64
_23439_,40.62
_31553_,40.62
_33180_,40.62
_20093_,40.6
_35166_,40.58
_07103_,40.56
_16224_,40.56
_19420_,40.54
_37890_,40.54
_41306_,40.54
_05292_,40.52
_18595_,40.52
_35608_,40.52
_38800_,40.52
_23006_,40.5
_39120_,40.5
_37819_,40.48
_30638_,40.46
_19010_,40.44
_01228_,40.42
_06768_,40.42
_08711_,40.42
_33994_,40.42
_34337_,40.42
net118,40.42
_06503_,40.4
_22212_,40.4
_42053_,40.4
_01462_,40.38
_09068_,40.38
_40292_,40.38
_35484_,40.37
_09379_,40.36
_12518_,40.36
_16603_,40.36
_00464_,40.34
_20444_,40.34
_20661_,40.34
_06058_,40.33
_22368_,40.32
_38377_,40.32
_42489_,40.32
_24269_,40.3
_30627_,40.3
_41336_,40.3
_31887_,40.29
_08969_,40.28
_26500_,40.28
_39460_,40.28
_24357_,40.275
_26561_,40.26
_28827_,40.26
net264,40.26
_05276_,40.24
_07255_,40.24
_21272_,40.24
_21043_,40.2
_21750_,40.18
_25753_,40.18
_39302_,40.18
_11309_,40.16
_35784_,40.16
_05757_,40.15
_01892_,40.14
_35580_,40.14
clknet_leaf_39_clk,40.14
_02018_,40.135
_07517_,40.13
_12526_,40.12
_37865_,40.12
_04958_,40.1
_05785_,40.1
_37806_,40.1
_37897_,40.1
_21042_,40.08
_23812_,40.08
_24782_,40.08
_20320_,40.06
_22456_,40.06
_10928_,40.04
_23199_,40.04
_21208_,40.02
_25360_,40.02
_01620_,40
_28349_,39.96
_18897_,39.94
_19087_,39.94
_37050_,39.935
_03397_,39.92
_12622_,39.92
_31645_,39.9
_36882_,39.9
_02185_,39.88
_02198_,39.88
_05482_,39.88
_28929_,39.88
_37190_,39.86
_41583_,39.86
_32394_,39.855
_20394_,39.84
_21222_,39.84
_26130_,39.84
_08125_,39.82
_11419_,39.82
_15509_,39.82
_14210_,39.8
_26799_,39.8
_31792_,39.785
_07554_,39.78
net428,39.78
_15180_,39.76
_27060_,39.76
_02005_,39.74
_04692_,39.74
_04770_,39.74
_08492_,39.74
_21008_,39.74
_25755_,39.74
_29258_,39.74
_05789_,39.72
_22819_,39.72
_23052_,39.72
_23964_,39.72
_27372_,39.72
_29570_,39.72
_08578_,39.7
_19257_,39.7
_32738_,39.7
_37660_,39.7
_21478_,39.69
_07617_,39.68
_23404_,39.68
net119,39.68
_05257_,39.66
_39450_,39.66
_24483_,39.64
_31096_,39.64
_06313_,39.62
_18822_,39.62
_36494_,39.62
net215,39.62
_23216_,39.6
_30776_,39.6
_41495_,39.6
net176,39.6
_02120_,39.56
_08252_,39.56
_04145_,39.54
_14902_,39.54
_17795_,39.54
_31525_,39.54
_42014_,39.515
_00516_,39.5
_04736_,39.5
_10319_,39.5
_15919_,39.5
_39010_,39.5
_40688_,39.5
_23740_,39.48
_31894_,39.48
_42327_,39.48
_02147_,39.46
_11968_,39.46
_24209_,39.46
_05909_,39.44
_17369_,39.44
_22488_,39.44
_19338_,39.435
_12035_,39.42
_29019_,39.42
_35207_,39.42
_34579_,39.415
_14714_,39.41
_31135_,39.41
_25771_,39.405
_04609_,39.4
_27313_,39.4
_32803_,39.4
_37392_,39.4
_15009_,39.38
_37706_,39.38
_42020_,39.38
_00266_,39.36
_24525_,39.36
_13290_,39.34
_15184_,39.32
_08232_,39.3
_14229_,39.3
_16414_,39.3
_24295_,39.28
_05580_,39.26
_41725_,39.26
_00597_,39.24
_17735_,39.24
_39213_,39.24
_07768_,39.22
_20472_,39.22
_08440_,39.2
_25390_,39.19
_19726_,39.18
_32766_,39.18
_01027_,39.16
_05015_,39.16
_09286_,39.16
_09369_,39.16
_11310_,39.16
_13408_,39.16
_15958_,39.16
_16703_,39.16
_21699_,39.16
_37318_,39.16
_37774_,39.16
_41478_,39.16
_35199_,39.14
_13778_,39.12
_19835_,39.12
_28462_,39.12
_12961_,39.11
_05876_,39.1
_08051_,39.1
_27896_,39.1
_35604_,39.1
_00788_,39.08
_06875_,39.08
_21828_,39.07
_15774_,39.06
_21238_,39.06
_05847_,39.04
_06120_,39.04
_07797_,39.04
_18169_,39.04
_31320_,39.04
_42259_,39.04
_20536_,39.02
_20558_,39.02
_23605_,39.02
_31052_,39
_34518_,39
_38581_,39
_08111_,38.995
_38148_,38.98
_22117_,38.96
_23044_,38.96
_12297_,38.95
_05474_,38.94
_09115_,38.94
_33276_,38.94
_19147_,38.93
_11587_,38.9
_19686_,38.9
_37611_,38.9
_41506_,38.88
_20670_,38.875
_24422_,38.875
_29642_,38.86
_26885_,38.84
_33621_,38.84
_40828_,38.84
_09524_,38.82
_11983_,38.82
_16862_,38.82
_17173_,38.82
_20598_,38.82
_21790_,38.82
_28662_,38.82
_40659_,38.82
_40833_,38.82
_02050_,38.8
_10040_,38.8
_21884_,38.8
_28836_,38.8
_15288_,38.745
_12484_,38.74
_31455_,38.74
_39647_,38.735
_32583_,38.73
_02452_,38.72
_04706_,38.72
_30301_,38.72
_05326_,38.7
_09938_,38.7
_12786_,38.7
_28493_,38.7
_34217_,38.7
_21050_,38.68
_39384_,38.68
_41536_,38.68
_20920_,38.665
_00960_,38.66
_12708_,38.66
_39724_,38.66
_20174_,38.64
_00648_,38.62
_05147_,38.62
_16593_,38.62
_21900_,38.62
_22931_,38.62
_33300_,38.615
_06588_,38.58
_34537_,38.58
_04646_,38.56
_06677_,38.56
_12938_,38.56
_35915_,38.56
_21510_,38.54
_21707_,38.54
_41884_,38.52
_01319_,38.5
_15612_,38.5
_36985_,38.5
_40239_,38.5
_02697_,38.48
_21484_,38.48
_34145_,38.48
_40594_,38.48
_06352_,38.46
_27764_,38.46
_28993_,38.46
_31395_,38.46
_32618_,38.46
_39034_,38.46
_04422_,38.44
_06148_,38.44
_08293_,38.44
_24379_,38.42
_36049_,38.4
_42059_,38.4
_02458_,38.38
_05557_,38.38
_12452_,38.38
_33075_,38.38
_10167_,38.36
_14583_,38.36
_25388_,38.36
_31250_,38.36
_40461_,38.36
_01265_,38.34
_02990_,38.34
_04080_,38.34
_07610_,38.34
_23311_,38.34
_26104_,38.34
_35763_,38.33
_06231_,38.32
_10275_,38.32
_35934_,38.32
_41497_,38.32
_00911_,38.3
_18696_,38.3
_19829_,38.3
_12152_,38.29
_00328_,38.28
_04649_,38.28
_17971_,38.28
_32548_,38.27
_25346_,38.26
_06963_,38.24
_14510_,38.24
_31265_,38.24
_12732_,38.23
_32988_,38.22
_38893_,38.22
_07906_,38.2
_32869_,38.2
_12469_,38.18
_37137_,38.18
_39469_,38.18
_22376_,38.17
_04425_,38.16
_08379_,38.16
_08754_,38.16
_18317_,38.16
_20350_,38.16
_25334_,38.16
_30427_,38.14
_35555_,38.14
net352,38.14
_30419_,38.12
_05189_,38.1
_09778_,38.1
_14107_,38.1
_29320_,38.1
_41070_,38.1
_05091_,38.08
_07388_,38.08
_15389_,38.08
_35385_,38.08
_41254_,38.08
_38429_,38.07
_04356_,38.06
_17201_,38.06
_17748_,38.06
_17345_,38.04
_20970_,38.04
_21930_,38.04
_28887_,38.04
_12408_,38.03
_12826_,38.025
_05690_,38.02
_29303_,38.02
_30569_,38.02
_40470_,38.02
_13470_,38
_16794_,38
_23022_,38
_24410_,38
_42380_,38
_01527_,37.98
_07994_,37.98
_08024_,37.98
_22285_,37.98
_37799_,37.98
_02971_,37.96
_19467_,37.96
_39351_,37.96
_22302_,37.95
_25156_,37.94
_27264_,37.94
_29386_,37.94
_34328_,37.94
_25790_,37.92
_32580_,37.92
_37857_,37.92
_00875_,37.915
_38703_,37.91
_08598_,37.9
_20000_,37.9
_36650_,37.9
_07254_,37.88
_08577_,37.88
_34424_,37.88
_32824_,37.86
_38227_,37.86
_40279_,37.84
_34030_,37.83
_04926_,37.82
_05577_,37.82
_07259_,37.82
_26895_,37.82
_42545_,37.82
_33604_,37.81
_07278_,37.8
_16921_,37.78
_30533_,37.78
_40748_,37.78
_41847_,37.78
_38440_,37.75
_32718_,37.74
_38217_,37.74
_09575_,37.72
_21249_,37.72
_27990_,37.72
_17618_,37.7
_21288_,37.7
_21345_,37.7
_28644_,37.7
_36294_,37.7
_12536_,37.68
_30501_,37.68
_31269_,37.68
net344,37.68
_26482_,37.66
_19045_,37.64
_21559_,37.64
_21822_,37.64
_24995_,37.64
_05942_,37.62
_34430_,37.62
_39422_,37.62
_05873_,37.6
_06701_,37.6
_14064_,37.6
_14937_,37.6
_22576_,37.6
_22719_,37.6
_35574_,37.6
_41708_,37.6
_41862_,37.6
_16144_,37.59
_02015_,37.575
_33848_,37.56
_29224_,37.55
_26294_,37.54
_29331_,37.54
_33432_,37.54
_39028_,37.54
_40403_,37.54
_26781_,37.52
_30075_,37.52
stage8_inst.in5\[29\],37.52
_38696_,37.5
_14463_,37.48
_20932_,37.48
_38441_,37.48
_19668_,37.44
_29791_,37.44
_32726_,37.44
_06906_,37.43
_38073_,37.42
clknet_leaf_15_clk,37.42
_18840_,37.4
_23518_,37.4
_41216_,37.4
_32787_,37.39
_39711_,37.39
_00735_,37.38
_15926_,37.38
_18958_,37.38
_19832_,37.38
_23963_,37.38
_10481_,37.36
_12351_,37.36
_14975_,37.36
_20593_,37.36
_23854_,37.36
_37818_,37.36
_40163_,37.36
_40966_,37.36
_42128_,37.36
_06756_,37.355
_00731_,37.34
_06087_,37.34
_18568_,37.34
_30757_,37.33
_37637_,37.32
_32737_,37.31
_10892_,37.3
_11434_,37.3
_31210_,37.3
_12194_,37.28
_16795_,37.28
_22745_,37.28
_26142_,37.28
_19531_,37.26
_20859_,37.26
_01829_,37.24
_26572_,37.24
_34914_,37.24
_35273_,37.24
_38461_,37.24
_15345_,37.22
_25015_,37.22
_32200_,37.22
_06758_,37.2
_38303_,37.18
_38710_,37.18
_41430_,37.18
_01299_,37.16
_05325_,37.16
_13530_,37.16
_37401_,37.16
_37922_,37.16
_04785_,37.14
_31213_,37.14
_30823_,37.13
_02168_,37.12
_22378_,37.12
_22740_,37.12
_24620_,37.12
_27005_,37.12
_06733_,37.11
_10054_,37.1
_17276_,37.1
_21202_,37.1
_22446_,37.1
_28891_,37.1
_14765_,37.08
_18756_,37.08
_37062_,37.08
_39507_,37.08
_20716_,37.06
_23527_,37.06
_00600_,37.04
_03992_,37.04
_38106_,37.04
_32467_,37.035
_04925_,37.025
_12327_,37.02
_25915_,37.02
_35369_,37.02
_13337_,37.005
_07703_,36.98
_12446_,36.98
_16922_,36.98
_17103_,36.98
_17689_,36.98
_22984_,36.98
_25022_,36.98
_32073_,36.98
_37037_,36.98
_41192_,36.98
_13484_,36.96
_20772_,36.96
_24460_,36.96
_33299_,36.96
_42504_,36.96
_04955_,36.94
_06187_,36.94
_22519_,36.94
_41218_,36.94
_02710_,36.92
_22777_,36.9
_08268_,36.88
_08385_,36.88
_16716_,36.88
_41750_,36.88
_13644_,36.86
_16495_,36.86
_37022_,36.86
_41315_,36.86
_01874_,36.84
_16612_,36.84
_18208_,36.84
_19186_,36.84
_19864_,36.84
_30710_,36.84
_34278_,36.84
_02118_,36.82
_33775_,36.82
_12838_,36.8
_33342_,36.79
_00939_,36.78
_06405_,36.78
_06614_,36.78
_08565_,36.78
_10916_,36.78
_13202_,36.78
_31102_,36.78
_06568_,36.76
_34615_,36.76
_08677_,36.74
_32320_,36.74
_42237_,36.74
_42410_,36.74
_12357_,36.73
_32771_,36.72
_36640_,36.72
_02464_,36.7
_05567_,36.7
_10209_,36.7
_33471_,36.7
_12480_,36.69
_01060_,36.68
_09890_,36.68
_32822_,36.67
_34307_,36.67
_13463_,36.66
_21984_,36.66
_34273_,36.66
_34038_,36.655
_30315_,36.64
_30857_,36.64
_11873_,36.62
_19292_,36.62
_33433_,36.62
_12057_,36.61
_21742_,36.6
_33510_,36.6
_22854_,36.58
_24236_,36.58
_29180_,36.58
_30731_,36.575
_01706_,36.56
_24921_,36.56
_29664_,36.56
_35391_,36.56
_40199_,36.56
_15262_,36.555
_38090_,36.555
_00436_,36.54
_07790_,36.54
_13213_,36.525
_04470_,36.52
_04748_,36.52
_05515_,36.52
_09213_,36.52
_14692_,36.52
_15611_,36.52
_16365_,36.52
_18901_,36.52
_19219_,36.52
_20074_,36.52
_21309_,36.52
_21640_,36.52
_26385_,36.52
_39094_,36.52
_11442_,36.5
_27530_,36.5
_02478_,36.48
_17499_,36.48
_27485_,36.48
_32326_,36.48
_05001_,36.475
_13008_,36.46
_13771_,36.46
_19470_,36.46
_20921_,36.46
_31282_,36.46
_06469_,36.44
_13767_,36.44
_24628_,36.44
_30212_,36.44
_38241_,36.44
_17082_,36.42
_27624_,36.42
_32477_,36.42
_32907_,36.42
_33218_,36.42
_07376_,36.4
_16725_,36.4
_18755_,36.4
_34585_,36.4
_19456_,36.38
_34098_,36.37
_18041_,36.36
_19527_,36.36
_23185_,36.36
_32345_,36.36
_41702_,36.36
_32274_,36.35
_24556_,36.34
_33877_,36.34
_34708_,36.34
_39704_,36.34
_12485_,36.32
_15454_,36.32
_18765_,36.32
_28454_,36.32
_29854_,36.32
_36849_,36.32
_24951_,36.3
_26677_,36.3
_37119_,36.3
_06342_,36.28
_33222_,36.28
_05262_,36.26
_11275_,36.26
_24946_,36.26
_32516_,36.26
_38519_,36.26
net230,36.26
_17391_,36.24
_37490_,36.24
_40364_,36.24
_00811_,36.22
_04311_,36.22
_13712_,36.22
_33394_,36.22
_07372_,36.2
_09822_,36.2
_18869_,36.2
_19954_,36.2
_20550_,36.19
_21375_,36.19
_02494_,36.18
_07251_,36.18
_15880_,36.18
_23099_,36.18
_36604_,36.18
_38651_,36.18
_39735_,36.18
_26285_,36.17
_24868_,36.16
_25692_,36.16
_09563_,36.14
_10990_,36.14
_17849_,36.14
_37781_,36.14
_41552_,36.14
_20445_,36.12
_32561_,36.12
_33177_,36.12
_36827_,36.12
_37423_,36.12
_15882_,36.11
_02846_,36.1
_08421_,36.1
_15807_,36.1
_17121_,36.1
_38521_,36.1
_42423_,36.1
_07456_,36.08
_23805_,36.08
_33379_,36.08
_12981_,36.06
_15121_,36.06
_24273_,36.06
_32667_,36.06
_35525_,36.06
_38520_,36.06
_02028_,36.05
_29504_,36.03
_01179_,36.02
_23817_,36.02
_09150_,36
_13815_,36
_26398_,36
stage8_inst.stage4_lower.stage2_pair0.butterfly_inst.mul_inst.b\[7\],36
_18215_,35.98
_22056_,35.98
_24139_,35.98
_37089_,35.98
_37896_,35.97
_05892_,35.96
_05904_,35.96
_12610_,35.96
_11229_,35.95
_13351_,35.95
_09729_,35.94
_26535_,35.94
_28265_,35.94
_29013_,35.94
_39071_,35.94
_39276_,35.94
_12338_,35.92
_27191_,35.92
_37428_,35.92
_42275_,35.92
_32159_,35.915
_16663_,35.9
_20368_,35.9
_29584_,35.9
_31050_,35.9
_39922_,35.9
_41548_,35.9
net168,35.9
_26753_,35.87
_12874_,35.86
_24980_,35.86
_07160_,35.84
_13582_,35.84
_32577_,35.84
_19748_,35.82
_00401_,35.8
_15743_,35.8
_19081_,35.8
_31161_,35.8
_15126_,35.795
_08332_,35.78
_32273_,35.78
_36463_,35.78
_05144_,35.76
_24615_,35.76
_25901_,35.76
_38127_,35.76
_03077_,35.74
_04397_,35.74
_14098_,35.74
_16261_,35.74
_18407_,35.74
_22789_,35.72
_23104_,35.72
_23924_,35.72
_29348_,35.72
_32081_,35.72
_42206_,35.72
_40618_,35.715
_12247_,35.7
_15532_,35.7
_23198_,35.7
_04891_,35.68
_04623_,35.66
_15066_,35.66
_25554_,35.66
_28971_,35.66
_31356_,35.66
_34680_,35.66
_36167_,35.66
_01730_,35.64
_12682_,35.64
_21800_,35.64
_32570_,35.64
_34582_,35.64
_34835_,35.64
_39293_,35.64
_06766_,35.62
_12256_,35.62
_19356_,35.62
_22691_,35.62
_42433_,35.62
_07072_,35.6
_07205_,35.6
_16375_,35.6
_20827_,35.6
_23935_,35.6
_24449_,35.6
_36170_,35.6
_36834_,35.6
_38144_,35.6
_39272_,35.6
_42376_,35.6
_25152_,35.58
_28749_,35.58
_21852_,35.57
_23773_,35.56
_30278_,35.56
_31315_,35.56
_37604_,35.56
_01832_,35.54
_06033_,35.54
_33042_,35.54
_38897_,35.53
_08113_,35.52
_12308_,35.52
_15332_,35.52
_20850_,35.52
_22291_,35.52
_38145_,35.52
_23132_,35.515
_13443_,35.5
_37003_,35.5
_02164_,35.49
_05600_,35.48
_08503_,35.48
_29311_,35.48
_13932_,35.46
_14081_,35.46
_25572_,35.46
_27700_,35.46
_31841_,35.46
_42446_,35.46
_00525_,35.44
_07358_,35.44
_08475_,35.44
_13726_,35.44
_24757_,35.44
_39476_,35.44
_32677_,35.42
_20955_,35.4
_21341_,35.4
_21488_,35.4
_35603_,35.4
_05796_,35.39
_19977_,35.38
_26740_,35.38
_37333_,35.38
_00329_,35.36
_13082_,35.36
_23679_,35.36
_27278_,35.36
_33699_,35.36
_38973_,35.36
_05447_,35.34
_15287_,35.34
_17068_,35.34
_37187_,35.34
_24712_,35.33
_01716_,35.32
_09976_,35.32
_13713_,35.32
_22034_,35.32
_33572_,35.32
_36405_,35.32
_36984_,35.32
_02027_,35.3
_23466_,35.3
_30305_,35.3
_31838_,35.3
_37912_,35.3
_40968_,35.3
_42532_,35.3
_28509_,35.28
_01934_,35.26
_04163_,35.26
_06374_,35.26
_07501_,35.26
_18521_,35.26
_37464_,35.26
_05881_,35.25
_37244_,35.24
_05187_,35.22
_14754_,35.22
_15614_,35.22
_16972_,35.22
_22821_,35.22
_13754_,35.2
_19273_,35.2
_32164_,35.2
_40327_,35.18
_41623_,35.18
_38994_,35.175
_05362_,35.16
_07654_,35.16
_10000_,35.16
_27200_,35.16
_30623_,35.16
_37063_,35.16
_05134_,35.14
_06981_,35.14
_18254_,35.14
_35882_,35.14
_41808_,35.14
_21950_,35.13
_06299_,35.12
_13241_,35.12
_25764_,35.12
_37665_,35.12
_38447_,35.12
_13369_,35.1
_40661_,35.1
_38186_,35.09
_14403_,35.08
_17193_,35.08
_19985_,35.08
_24440_,35.08
_04913_,35.06
_12401_,35.06
_32902_,35.06
_42240_,35.06
_42401_,35.06
_00668_,35.04
_28267_,35.04
_31477_,35.04
_01108_,35.02
_40256_,35.02
_30758_,35
_01369_,34.98
_05637_,34.98
_18222_,34.98
_20340_,34.98
_20425_,34.98
_15764_,34.96
_38944_,34.96
_00924_,34.94
_24722_,34.94
_17434_,34.92
_40947_,34.92
_14435_,34.9
_20370_,34.9
_32494_,34.9
_32668_,34.9
_12825_,34.88
_12927_,34.88
_27605_,34.88
_34998_,34.88
_35530_,34.88
_40852_,34.87
_32437_,34.86
_13480_,34.85
_04485_,34.84
_16896_,34.84
_17242_,34.84
_26016_,34.84
_27738_,34.84
_28762_,34.84
_39247_,34.84
_42231_,34.84
_42266_,34.84
_06727_,34.82
_19442_,34.82
_13345_,34.8
_18737_,34.8
_33520_,34.8
_08916_,34.78
_04004_,34.76
_41262_,34.76
_05345_,34.74
_24962_,34.74
_31817_,34.74
_38327_,34.74
_41700_,34.725
_00548_,34.72
_05683_,34.72
_14793_,34.72
_25195_,34.72
_18936_,34.71
_01119_,34.7
_29992_,34.7
_32065_,34.7
_39249_,34.7
_31624_,34.69
_06781_,34.68
_27001_,34.68
_29186_,34.68
_30987_,34.68
_38518_,34.68
_35653_,34.67
_37268_,34.66
_38300_,34.66
_18293_,34.655
_09064_,34.65
_06012_,34.64
_09440_,34.64
_11954_,34.64
_28767_,34.64
_28904_,34.64
_36722_,34.64
_13477_,34.62
_25253_,34.62
_00896_,34.6
_01151_,34.6
_07383_,34.6
_11906_,34.6
_13330_,34.6
_42165_,34.6
_21887_,34.58
_32636_,34.58
_34626_,34.58
_37174_,34.58
_19890_,34.56
_21698_,34.56
_36492_,34.56
_41158_,34.56
_04415_,34.54
_08523_,34.54
_13326_,34.54
_21409_,34.54
_32059_,34.54
_34204_,34.54
_36929_,34.54
_00938_,34.52
_06934_,34.52
_14536_,34.52
_26234_,34.52
_28330_,34.52
_29701_,34.52
_38013_,34.52
_32501_,34.5
_37797_,34.5
_28403_,34.49
_01437_,34.48
_37100_,34.48
_32862_,34.46
_00769_,34.44
_14295_,34.44
_32140_,34.44
_41545_,34.44
_02336_,34.435
_35808_,34.43
_20982_,34.42
_24283_,34.42
_34320_,34.42
_15240_,34.4
_15834_,34.4
_21240_,34.4
_37372_,34.4
_40351_,34.4
_00730_,34.39
_13821_,34.38
_15109_,34.38
_18514_,34.38
_25146_,34.38
_25942_,34.38
_37523_,34.38
_15296_,34.37
_12996_,34.36
_38458_,34.36
net192,34.36
_05196_,34.34
_07359_,34.34
_08141_,34.34
_25862_,34.34
_27468_,34.34
_00863_,34.32
_15757_,34.32
_24866_,34.32
_27458_,34.32
_04112_,34.3
_10122_,34.3
_23288_,34.3
_39452_,34.3
_42152_,34.3
_27131_,34.28
_39170_,34.28
_01907_,34.26
_04476_,34.26
_23777_,34.26
_26529_,34.26
_29704_,34.26
_32512_,34.26
_37707_,34.26
_01900_,34.24
_32566_,34.24
_33271_,34.24
_37867_,34.24
_11436_,34.22
_18498_,34.22
_19983_,34.22
_42117_,34.22
_02463_,34.21
_22883_,34.21
_34122_,34.21
_02884_,34.2
_41113_,34.2
_12367_,34.18
_29308_,34.18
_30024_,34.18
_31214_,34.18
_00526_,34.16
_16899_,34.14
_05800_,34.12
_05917_,34.12
_36992_,34.12
_01127_,34.1
_21162_,34.1
_30221_,34.1
_39252_,34.1
_25409_,34.08
_34372_,34.08
_08532_,34.075
_30430_,34.065
_03450_,34.06
_25799_,34.06
_30594_,34.06
_14507_,34.05
_24960_,34.04
_33427_,34.04
_23480_,34.035
_37007_,34.035
_04614_,34.02
_10352_,34.02
_30184_,34.02
_36021_,34.02
_38690_,34.02
_01897_,34
_16418_,34
_23428_,34
_28482_,34
_31794_,34
_34560_,34
_39568_,34
_21562_,33.98
_26639_,33.98
_32770_,33.98
_33644_,33.97
_02528_,33.96
_24475_,33.96
_26853_,33.96
_37229_,33.96
_06923_,33.94
_07065_,33.94
_19120_,33.94
_24455_,33.94
_28169_,33.94
_29694_,33.94
_35811_,33.94
_38797_,33.92
_00684_,33.91
_39717_,33.91
_14088_,33.9
_39227_,33.9
_41804_,33.9
_04923_,33.88
_07676_,33.88
_30335_,33.88
_32793_,33.87
_26501_,33.86
_35621_,33.86
_37581_,33.86
_04605_,33.84
_07828_,33.84
_20746_,33.84
_23452_,33.84
_31288_,33.84
_37969_,33.84
_38903_,33.84
_21438_,33.83
_15201_,33.82
_34597_,33.82
_06895_,33.8
_07368_,33.8
_12447_,33.8
_21914_,33.8
_04487_,33.78
_21360_,33.78
_32071_,33.77
_01086_,33.76
_18824_,33.76
_23520_,33.76
_30242_,33.76
_31959_,33.76
_03683_,33.75
_00664_,33.74
_09346_,33.74
_27280_,33.74
_29589_,33.73
_23013_,33.72
_06885_,33.71
_07887_,33.71
_01166_,33.7
_15619_,33.7
_32779_,33.7
_21256_,33.685
_00566_,33.68
_00653_,33.68
_08068_,33.68
_17571_,33.68
_23611_,33.68
_33764_,33.675
_01189_,33.66
_07970_,33.66
_11880_,33.66
_33291_,33.66
_08562_,33.64
_13950_,33.64
_36319_,33.63
_20213_,33.62
_27721_,33.62
_24718_,33.615
_06907_,33.58
_07809_,33.58
_21435_,33.58
_22280_,33.58
_41711_,33.58
_12766_,33.56
_30807_,33.56
_18319_,33.54
_40255_,33.54
stage8_inst.in5\[20\],33.54
_19453_,33.52
_37868_,33.52
_37432_,33.515
_24699_,33.5
_25220_,33.5
_29809_,33.5
_33802_,33.5
_40446_,33.5
_41612_,33.5
_16053_,33.49
_23200_,33.48
_28625_,33.48
_38290_,33.48
_01231_,33.46
_34492_,33.46
_35569_,33.46
_39607_,33.46
_00357_,33.44
_15175_,33.44
_21101_,33.44
_29536_,33.44
_02054_,33.42
_27706_,33.42
_30437_,33.42
_34511_,33.42
_39189_,33.42
_06440_,33.4
_40307_,33.4
_05438_,33.38
_06308_,33.38
_11554_,33.38
_17425_,33.38
_34926_,33.38
_31201_,33.365
_25501_,33.36
_36575_,33.36
_01928_,33.34
_05272_,33.34
_13909_,33.34
_16658_,33.34
_20112_,33.34
_20482_,33.34
_31179_,33.34
_04964_,33.3
_38476_,33.3
_39872_,33.3
_39911_,33.3
_40703_,33.3
_38092_,33.29
_39434_,33.28
_30979_,33.27
_11853_,33.26
_19836_,33.26
_21282_,33.26
_21312_,33.26
_23445_,33.26
_29595_,33.26
_31653_,33.26
_32761_,33.26
clknet_leaf_62_clk,33.26
_22397_,33.24
_37265_,33.24
_40777_,33.24
_04996_,33.235
_21087_,33.22
_25055_,33.22
_00793_,33.21
_15713_,33.205
_05040_,33.2
_05220_,33.2
_15723_,33.2
_39231_,33.195
_07612_,33.18
_20448_,33.18
_03484_,33.16
_05473_,33.16
_07762_,33.16
_25298_,33.16
_33156_,33.16
_34210_,33.16
_41115_,33.16
_41716_,33.16
_01072_,33.14
_01496_,33.14
_08661_,33.14
_08992_,33.14
_24284_,33.14
_32817_,33.14
_32976_,33.14
_38979_,33.14
_12844_,33.12
_13498_,33.12
_30495_,33.12
_10590_,33.1
_15246_,33.1
_16395_,33.1
_22633_,33.1
_32846_,33.1
_35634_,33.1
_16600_,33.095
_41431_,33.09
_18616_,33.08
_31879_,33.08
_35736_,33.08
_01001_,33.06
_30819_,33.06
_21133_,33.04
_30942_,33.04
_38456_,33.04
_41250_,33.04
_13671_,33.03
_08009_,33.02
_30904_,33.02
_32783_,33.02
_01464_,33.015
_01540_,33
_28115_,33
_33151_,33
_10714_,32.98
_13497_,32.96
_00168_,32.94
_19220_,32.94
_33545_,32.94
_37491_,32.94
_00457_,32.92
_19345_,32.92
_19375_,32.92
_23913_,32.92
_26297_,32.92
_28876_,32.92
_30034_,32.92
_31122_,32.92
_32130_,32.92
_39790_,32.92
_01145_,32.9
_02370_,32.9
_04930_,32.9
_31344_,32.9
_36027_,32.9
_27983_,32.895
net211,32.88
_02107_,32.86
_14598_,32.86
_18088_,32.86
_18715_,32.86
_27524_,32.86
_01865_,32.84
_03006_,32.84
_21122_,32.84
_25573_,32.84
_27398_,32.84
_36901_,32.83
_01030_,32.82
_03976_,32.82
_13468_,32.815
_00645_,32.8
_00666_,32.8
_12980_,32.8
_21321_,32.8
_24117_,32.8
_31566_,32.8
_32941_,32.8
_33217_,32.8
_33999_,32.8
_23470_,32.795
_27450_,32.78
_18894_,32.775
_01950_,32.76
_19012_,32.76
_38875_,32.76
_39058_,32.76
_40312_,32.76
_30001_,32.75
_02182_,32.74
_06734_,32.74
_12280_,32.74
_32479_,32.74
_34734_,32.74
net204,32.74
_23751_,32.735
_37605_,32.73
_01183_,32.72
_13730_,32.72
_16192_,32.72
_20290_,32.72
_25807_,32.72
_38889_,32.72
_31036_,32.7
clknet_leaf_76_clk,32.7
_22156_,32.68
_29164_,32.68
_32883_,32.68
_12417_,32.66
_23898_,32.66
_20691_,32.63
_00964_,32.62
_12654_,32.62
_15363_,32.62
_24737_,32.62
_33040_,32.62
_33744_,32.62
_34869_,32.62
_36159_,32.62
_42111_,32.62
_23556_,32.6
_29055_,32.6
_29738_,32.6
_39527_,32.6
_40159_,32.6
_11248_,32.58
_16077_,32.58
_27794_,32.58
_32433_,32.58
_34879_,32.58
_40698_,32.58
_01600_,32.56
_23039_,32.56
_24012_,32.56
_37542_,32.56
_02836_,32.55
_02441_,32.54
_07089_,32.54
_07812_,32.54
_12952_,32.54
_17502_,32.54
_38267_,32.54
_02830_,32.52
_18541_,32.52
_21592_,32.52
_26887_,32.52
_32342_,32.52
_18833_,32.5
_22168_,32.5
_22991_,32.5
_26956_,32.5
_03072_,32.495
_30624_,32.495
_04725_,32.48
_32873_,32.48
_38074_,32.48
_41283_,32.48
_42260_,32.48
_00758_,32.46
_18925_,32.46
_27386_,32.46
_37705_,32.46
_25461_,32.44
_27698_,32.44
_30826_,32.44
_31003_,32.44
_31646_,32.44
_21781_,32.42
_27904_,32.42
_29999_,32.42
_36422_,32.42
_32733_,32.415
_18882_,32.4
_31113_,32.4
_37546_,32.4
_02739_,32.395
_00765_,32.38
_06319_,32.38
_36123_,32.38
_14995_,32.355
_14415_,32.34
_23464_,32.34
_34572_,32.34
_00993_,32.32
_14954_,32.32
_20805_,32.32
_36133_,32.32
_27042_,32.31
_02190_,32.3
_06123_,32.3
_15148_,32.3
_19425_,32.3
stage8_inst.in7\[1\],32.3
_11976_,32.28
_23723_,32.28
_37091_,32.28
_39667_,32.28
_14506_,32.26
_21056_,32.26
_26070_,32.26
_31025_,32.26
_33715_,32.26
_35548_,32.26
_36129_,32.26
_36166_,32.26
_39558_,32.26
_39637_,32.26
_21817_,32.24
_24282_,32.24
_35520_,32.24
_39218_,32.24
_39380_,32.24
_38401_,32.23
_06802_,32.22
_30581_,32.22
_02021_,32.2
_16616_,32.2
_19582_,32.2
_25312_,32.2
_30076_,32.2
_34382_,32.2
_30165_,32.18
_03301_,32.16
_05158_,32.16
_12348_,32.16
_18857_,32.16
_24526_,32.16
_26354_,32.16
_35087_,32.16
_36135_,32.16
_41799_,32.16
clknet_leaf_85_clk,32.16
_02068_,32.14
_16043_,32.14
_17008_,32.14
_22406_,32.14
_24327_,32.14
_32832_,32.14
_36910_,32.14
_42013_,32.14
_06414_,32.12
_08795_,32.12
_21688_,32.12
_34403_,32.12
_38898_,32.12
_16577_,32.1
_38419_,32.1
_39953_,32.1
_02806_,32.08
_12215_,32.08
_24467_,32.08
_28039_,32.08
_35684_,32.08
_04244_,32.06
_06688_,32.06
_14460_,32.06
_14568_,32.06
_37619_,32.06
_20353_,32.04
_20606_,32.04
_29646_,32.04
_30198_,32.04
_34046_,32.04
_35728_,32.04
_42092_,32.04
_34751_,32.01
_01589_,32
_14997_,32
_38396_,32
_03411_,31.99
_05222_,31.98
_31289_,31.98
_35402_,31.98
_33000_,31.97
_13175_,31.96
_14091_,31.96
_30482_,31.96
_32174_,31.96
_33721_,31.96
_36119_,31.96
_17240_,31.94
_18885_,31.94
_20321_,31.94
_21939_,31.94
_26253_,31.94
_27439_,31.94
_37566_,31.94
_01732_,31.92
_07030_,31.92
_07574_,31.92
_09218_,31.92
_16386_,31.92
_20959_,31.92
_22637_,31.92
_30378_,31.92
_34749_,31.92
_42538_,31.92
_03135_,31.9
_09225_,31.9
_32908_,31.9
_39649_,31.895
_12932_,31.89
_07140_,31.88
_21830_,31.88
_24662_,31.88
_26617_,31.87
_24972_,31.86
_32036_,31.86
_34260_,31.86
_35746_,31.86
_03352_,31.84
_30749_,31.84
_31598_,31.84
_37915_,31.84
_07202_,31.82
_26782_,31.82
_32842_,31.82
_00754_,31.8
_03964_,31.8
_04443_,31.8
_10867_,31.8
_20688_,31.8
_22183_,31.8
_34279_,31.8
_23808_,31.795
_00944_,31.79
_00298_,31.78
_34632_,31.78
_35289_,31.78
_40175_,31.78
_26774_,31.77
_37666_,31.77
_02019_,31.76
_08557_,31.76
_20349_,31.76
_22855_,31.76
_31531_,31.76
_08309_,31.74
_33602_,31.74
_04594_,31.72
_11520_,31.72
_16039_,31.72
_19379_,31.72
_27925_,31.72
_36923_,31.72
_00822_,31.7
_19426_,31.7
_26344_,31.7
_05586_,31.68
_11424_,31.68
_22645_,31.68
_32711_,31.68
_32972_,31.68
_39659_,31.68
_34631_,31.67
_05123_,31.66
_08631_,31.66
_15482_,31.66
_22103_,31.66
_22906_,31.66
_25375_,31.66
_25868_,31.66
_39174_,31.66
stage8_inst.stage4_upper.stage2_pair1.butterfly_inst.mul_inst.b\[6\],31.66
_06996_,31.64
_20241_,31.64
_22322_,31.64
_26794_,31.64
_31283_,31.64
_31375_,31.64
_41756_,31.64
_32045_,31.63
_08347_,31.62
_13766_,31.62
_18077_,31.62
_32109_,31.62
_08669_,31.6
_20235_,31.6
_21172_,31.6
_35919_,31.6
_17588_,31.58
_19638_,31.58
_20703_,31.58
_21221_,31.58
_40620_,31.58
_39673_,31.575
_31388_,31.56
_41662_,31.56
_17177_,31.555
_27286_,31.55
_03259_,31.54
_11444_,31.54
_24703_,31.54
_25537_,31.54
_31253_,31.54
_34044_,31.54
_38152_,31.54
_39947_,31.54
net190,31.54
_12238_,31.53
_03621_,31.52
_06504_,31.52
_33340_,31.52
_40174_,31.52
_04583_,31.51
_22048_,31.5
_24211_,31.5
_32649_,31.5
net451,31.5
_33544_,31.485
_06744_,31.48
_10426_,31.48
_32131_,31.47
_06985_,31.46
_08904_,31.46
_13873_,31.46
_19630_,31.46
_19911_,31.46
_32379_,31.46
_34628_,31.46
_36801_,31.46
net206,31.46
_01678_,31.42
_03089_,31.42
_16656_,31.42
_28579_,31.42
_40854_,31.42
_32870_,31.41
_09002_,31.4
_13252_,31.4
_18906_,31.4
_19994_,31.4
_39793_,31.4
_10387_,31.39
_05279_,31.38
_07245_,31.38
_16410_,31.38
_19050_,31.38
_27202_,31.38
_30674_,31.38
_40557_,31.38
_42557_,31.375
_08762_,31.36
_25471_,31.36
_29722_,31.36
_33773_,31.36
_08108_,31.35
_15172_,31.35
_22530_,31.34
_14644_,31.33
_02040_,31.32
_02431_,31.32
_08254_,31.32
_12076_,31.32
_24363_,31.32
_27660_,31.32
_30792_,31.32
_37379_,31.32
_22444_,31.31
_10642_,31.305
_06084_,31.3
_27689_,31.3
_30124_,31.3
_38852_,31.3
_40971_,31.3
_08841_,31.28
_18846_,31.28
_20126_,31.28
_27516_,31.28
_29894_,31.28
_32562_,31.28
_33138_,31.28
_31637_,31.27
_05780_,31.26
_13803_,31.26
_19383_,31.26
_23469_,31.26
_01546_,31.24
_09059_,31.24
_15701_,31.24
_21795_,31.24
_33794_,31.24
_00413_,31.235
_00633_,31.22
_05658_,31.22
_13849_,31.22
_15155_,31.22
_15375_,31.22
_17038_,31.22
_31072_,31.22
_32558_,31.22
_38012_,31.22
_17921_,31.21
_04379_,31.2
_12393_,31.2
_15144_,31.2
_22115_,31.2
_24958_,31.2
_28455_,31.2
net255,31.2
_27522_,31.19
_10708_,31.18
_12858_,31.18
_31610_,31.18
_35633_,31.18
_04058_,31.16
_11979_,31.16
_15054_,31.16
_15085_,31.16
_22050_,31.16
_39592_,31.16
_12523_,31.14
_42315_,31.14
_03207_,31.12
_03937_,31.12
_20551_,31.12
_32482_,31.12
_35251_,31.12
_36585_,31.12
_40478_,31.12
_41098_,31.12
_15828_,31.1
_16010_,31.1
_23197_,31.1
_41089_,31.1
_00831_,31.08
_01548_,31.08
_04570_,31.08
_15402_,31.08
_26393_,31.08
_28537_,31.08
_31403_,31.08
_17418_,31.06
_24073_,31.04
_28737_,31.04
_35768_,31.04
_03786_,31.02
_12198_,31.02
_23659_,31.02
_27793_,31.02
_31312_,31.02
_03559_,31
_06312_,31
_14834_,31
_21052_,31
_12099_,30.98
_22140_,30.98
_19308_,30.96
_31163_,30.96
_36410_,30.96
_41715_,30.96
_12420_,30.94
_23589_,30.94
_34756_,30.94
_24896_,30.93
_12923_,30.92
_14701_,30.92
_22708_,30.92
_26374_,30.92
_36821_,30.92
_37064_,30.92
_38018_,30.92
_39329_,30.92
state\[0\],30.92
_36235_,30.9
_06972_,30.89
_05751_,30.88
_19571_,30.88
_26275_,30.88
_28772_,30.88
_32480_,30.88
_05661_,30.86
_28711_,30.86
_37572_,30.86
_01054_,30.84
_30592_,30.84
_38932_,30.84
_02415_,30.82
_18725_,30.82
_19469_,30.82
_21927_,30.82
_29941_,30.82
_30575_,30.82
_33624_,30.82
_38063_,30.82
_06500_,30.81
_04444_,30.8
_04667_,30.8
_13006_,30.8
_27526_,30.8
_33123_,30.8
_36868_,30.79
_03109_,30.78
_03359_,30.78
_15101_,30.78
_29217_,30.78
_29877_,30.78
_30314_,30.78
_41975_,30.78
_21908_,30.77
_37953_,30.77
_02192_,30.76
_05965_,30.76
_24602_,30.76
_39768_,30.76
_18667_,30.755
_22436_,30.75
_02194_,30.74
_24197_,30.74
_14501_,30.72
_19856_,30.72
_22818_,30.72
_30057_,30.72
_25224_,30.71
_03520_,30.7
_04037_,30.7
_13193_,30.7
_14572_,30.7
_20605_,30.7
_26928_,30.7
_31194_,30.7
_33465_,30.7
_38192_,30.7
_22480_,30.68
_38895_,30.68
_04792_,30.665
_07447_,30.66
_13920_,30.66
_19172_,30.66
_26166_,30.66
_26808_,30.66
_30685_,30.66
_32460_,30.66
_40087_,30.66
_41184_,30.66
_05865_,30.64
_07444_,30.64
_08236_,30.64
_10462_,30.64
_34504_,30.64
_39117_,30.64
_01734_,30.62
_02205_,30.62
_25714_,30.62
_25921_,30.62
_26990_,30.62
_32557_,30.62
_38050_,30.62
_09762_,30.61
_03168_,30.6
_07192_,30.6
_12552_,30.6
_13586_,30.6
_17824_,30.6
_26106_,30.6
_37436_,30.6
_19320_,30.58
_24002_,30.58
_27037_,30.58
_28995_,30.58
_32150_,30.58
_33925_,30.58
_36427_,30.58
_38336_,30.58
_38357_,30.58
_40026_,30.58
_18957_,30.575
_01605_,30.56
_12428_,30.56
_26003_,30.56
_03159_,30.54
_12383_,30.54
_20836_,30.54
_20866_,30.54
_26963_,30.54
_30833_,30.54
_38526_,30.54
_40922_,30.54
_14181_,30.52
_18186_,30.52
_21210_,30.52
_29910_,30.52
stage8_inst.stage4_upper.stage2_pair1.butterfly_inst.mul_inst.b\[19\],30.52
_14103_,30.515
_19932_,30.51
_07056_,30.5
_11040_,30.5
_14671_,30.5
_15729_,30.5
_18408_,30.5
_30881_,30.5
_36173_,30.5
_01822_,30.48
_21597_,30.48
_28481_,30.48
_31793_,30.48
_37319_,30.48
_02541_,30.46
_06652_,30.46
_18185_,30.46
_19739_,30.46
_22840_,30.46
_24952_,30.46
_38910_,30.46
_01306_,30.44
_04871_,30.44
_05200_,30.44
_25057_,30.44
_28728_,30.44
_33141_,30.44
_14145_,30.435
_02123_,30.42
_04790_,30.42
_07706_,30.42
_09332_,30.42
_22137_,30.42
_23580_,30.42
_37516_,30.42
_38543_,30.42
_36886_,30.41
_36916_,30.41
_10986_,30.4
_02439_,30.38
_06310_,30.38
_10015_,30.38
_30556_,30.38
_36141_,30.38
_38368_,30.38
net258,30.38
_09985_,30.36
_12914_,30.36
_19669_,30.36
_32183_,30.36
_34375_,30.36
_36156_,30.36
_36219_,30.36
_38177_,30.36
_24549_,30.345
_05131_,30.34
_05947_,30.34
_14979_,30.34
_37881_,30.34
_30898_,30.32
_33800_,30.32
_34396_,30.32
_39011_,30.32
_39262_,30.32
_40942_,30.32
_14049_,30.3
_20481_,30.3
_23524_,30.3
_17417_,30.285
_04876_,30.28
_07027_,30.28
_23388_,30.28
_24206_,30.28
_37107_,30.28
_04783_,30.26
_06753_,30.26
_36201_,30.26
_04782_,30.24
_05672_,30.24
_18977_,30.24
_31773_,30.24
_33418_,30.24
_05351_,30.22
_08983_,30.22
_09388_,30.22
_23570_,30.22
_30227_,30.22
_41527_,30.22
_04385_,30.2
_04455_,30.2
_12487_,30.2
_27725_,30.2
_30745_,30.2
_33154_,30.2
_13410_,30.18
_18232_,30.18
_25400_,30.18
_23149_,30.16
_23411_,30.16
_23917_,30.16
_38022_,30.16
_04671_,30.14
_14575_,30.14
_14577_,30.12
_29918_,30.12
_33315_,30.12
_35239_,30.12
_36749_,30.12
_39209_,30.12
_39508_,30.12
_17984_,30.1
_20504_,30.1
_21161_,30.1
_22624_,30.1
_24752_,30.1
_33963_,30.1
_42443_,30.1
_20713_,30.09
_30639_,30.085
_28310_,30.08
_28513_,30.08
_39783_,30.08
_41547_,30.07
_05096_,30.06
_24688_,30.06
_30072_,30.06
net113,30.06
_04597_,30.04
_01487_,30.02
_19099_,30.02
_22253_,30.02
_25844_,30.02
stage8_inst.in5\[2\],30.02
_08958_,30.015
_21496_,30.01
_12087_,30
_19500_,30
_20662_,30
_21867_,30
_24481_,30
_35485_,30
_35596_,30
_16883_,29.98
_34060_,29.98
_12252_,29.96
_13294_,29.96
_16525_,29.96
_20205_,29.96
_22107_,29.96
_31425_,29.96
_31954_,29.96
_33094_,29.96
_24934_,29.94
_25059_,29.94
_12321_,29.92
_22532_,29.92
_22594_,29.92
_30755_,29.92
_39816_,29.92
_07512_,29.91
_06820_,29.9
_08414_,29.9
_19487_,29.9
_29448_,29.9
net444,29.9
_03771_,29.88
_07987_,29.88
_13422_,29.88
_22948_,29.88
_24433_,29.88
_36102_,29.88
_37863_,29.88
_39878_,29.88
_09479_,29.86
_10864_,29.86
_11952_,29.86
_14548_,29.86
_19519_,29.86
_21463_,29.86
_24249_,29.86
_27515_,29.86
_30431_,29.86
_33610_,29.86
_35626_,29.86
_42242_,29.86
_39030_,29.85
_19352_,29.84
_26519_,29.84
_36346_,29.84
_37358_,29.84
_39340_,29.84
_00514_,29.82
_14787_,29.82
_16481_,29.82
_17288_,29.82
_20256_,29.82
_37869_,29.82
_17691_,29.8
_22884_,29.8
_28783_,29.8
_34957_,29.8
_37512_,29.8
_04998_,29.795
_27553_,29.79
_11891_,29.78
_13412_,29.78
_22611_,29.78
_24569_,29.78
_34201_,29.78
_34357_,29.78
_34474_,29.78
_37888_,29.77
_12116_,29.76
_07313_,29.755
_02529_,29.75
_33769_,29.75
_10065_,29.74
_17354_,29.74
_19226_,29.74
_22110_,29.74
_22447_,29.74
_25218_,29.74
_25552_,29.74
_25861_,29.74
_34128_,29.74
_37038_,29.74
_06536_,29.73
_00747_,29.72
_00957_,29.72
_04788_,29.72
_30830_,29.72
_37478_,29.72
_01262_,29.7
_10499_,29.7
_17898_,29.7
_23699_,29.7
_26930_,29.7
_28699_,29.7
_29838_,29.7
_16037_,29.68
_19825_,29.68
_31043_,29.68
_17347_,29.66
_36183_,29.66
_37156_,29.66
_41054_,29.66
net261,29.66
_03167_,29.655
_09935_,29.64
_17372_,29.64
_20831_,29.64
_06859_,29.62
_07911_,29.62
_11550_,29.62
_35504_,29.62
_38276_,29.62
_28160_,29.61
_01449_,29.605
_12219_,29.6
_17001_,29.6
_21660_,29.6
_24126_,29.6
_37142_,29.6
_39238_,29.6
_08036_,29.58
_11198_,29.58
_30789_,29.58
_13200_,29.56
_19670_,29.56
_24735_,29.56
_38689_,29.56
_05414_,29.54
_05793_,29.54
_21100_,29.54
_26460_,29.54
_34089_,29.54
_37279_,29.54
_39035_,29.54
_27355_,29.535
_33690_,29.53
_02894_,29.52
_06373_,29.52
_15884_,29.52
_26844_,29.52
_34612_,29.52
_39022_,29.52
_29772_,29.515
_06894_,29.5
_10288_,29.5
_11005_,29.5
_12182_,29.5
_14072_,29.5
_27215_,29.5
_27930_,29.5
_37084_,29.5
_38968_,29.5
_12304_,29.48
_15464_,29.48
_18627_,29.48
_23552_,29.48
_33922_,29.48
_35572_,29.48
_36981_,29.48
_06240_,29.46
_10467_,29.46
_12179_,29.46
_14453_,29.46
_37871_,29.46
_39477_,29.46
_15760_,29.44
_18118_,29.44
_19731_,29.44
_22474_,29.44
_23716_,29.44
_11917_,29.43
_04442_,29.42
_05633_,29.42
_06110_,29.42
_07269_,29.42
_17253_,29.42
_22160_,29.42
_40331_,29.42
_42510_,29.42
_40555_,29.415
_01192_,29.4
_03115_,29.4
_19272_,29.4
_33553_,29.4
_33887_,29.4
_06533_,29.395
_30917_,29.395
_14686_,29.38
_17152_,29.38
_30713_,29.38
_33262_,29.38
_35831_,29.38
_39124_,29.38
_39528_,29.38
_08339_,29.37
_34540_,29.37
_04999_,29.36
_13488_,29.36
_16583_,29.36
_37776_,29.36
_05400_,29.355
_10836_,29.34
_18916_,29.34
_19422_,29.34
_25715_,29.34
_39154_,29.34
_10521_,29.32
_17027_,29.32
_20918_,29.32
_25978_,29.32
_32495_,29.32
_39893_,29.32
_42029_,29.32
_11034_,29.31
_27082_,29.31
_17505_,29.3
_18526_,29.3
_27947_,29.3
_32010_,29.295
_18387_,29.29
_27484_,29.29
_17178_,29.28
_18150_,29.28
_24511_,29.28
_33910_,29.28
_33952_,29.28
_36160_,29.28
_38468_,29.28
_05298_,29.27
_01188_,29.26
_06881_,29.26
_22933_,29.26
_30568_,29.26
_06360_,29.25
_03151_,29.24
_23652_,29.24
_30156_,29.24
_33849_,29.24
_22522_,29.235
_04881_,29.23
_30596_,29.22
_31896_,29.22
_33691_,29.22
_18097_,29.215
_26606_,29.21
_01445_,29.2
_08566_,29.2
_32234_,29.2
_34465_,29.2
_05452_,29.18
_17440_,29.18
_35779_,29.18
_34113_,29.17
_19841_,29.16
_25846_,29.16
_37117_,29.16
_37960_,29.16
_39429_,29.16
_30040_,29.155
_00859_,29.14
_06759_,29.14
_36381_,29.14
_00445_,29.12
_01302_,29.12
_02144_,29.12
_11846_,29.12
_11857_,29.12
_15804_,29.12
_30923_,29.12
_40398_,29.12
_11970_,29.11
_02061_,29.1
_02128_,29.1
_05003_,29.1
_06910_,29.1
_18354_,29.1
_30911_,29.1
_34194_,29.1
_05349_,29.08
_06956_,29.08
_20914_,29.08
_25581_,29.08
_29470_,29.08
_30610_,29.08
_31927_,29.08
_33351_,29.08
_35560_,29.08
_16133_,29.075
_37051_,29.065
_18674_,29.06
_39782_,29.06
_42184_,29.06
_39842_,29.055
_00778_,29.04
_06892_,29.04
_13002_,29.04
_22479_,29.04
_36072_,29.04
stage8_inst.in5\[19\],29.04
_13122_,29.02
_14223_,29.02
_24905_,29.02
_34064_,29.02
_01557_,29
_04807_,29
_05207_,29
_24713_,29
_35761_,29
_38928_,29
_00782_,28.98
_30993_,28.98
_33837_,28.98
_38204_,28.98
_42439_,28.98
_07138_,28.96
_09923_,28.96
_19724_,28.96
_22305_,28.96
_28123_,28.96
_35538_,28.96
_09687_,28.94
_19293_,28.94
_28694_,28.94
_34397_,28.94
_34918_,28.94
_37099_,28.94
_04895_,28.92
_06000_,28.92
_13283_,28.92
_25909_,28.92
_02047_,28.9
_05295_,28.9
_05900_,28.9
_15740_,28.9
_22377_,28.9
_30585_,28.9
_33330_,28.9
_05747_,28.88
_06056_,28.88
_17385_,28.88
_30988_,28.88
_35737_,28.88
_07210_,28.86
_21906_,28.86
_34436_,28.86
_41705_,28.86
_15550_,28.84
_28785_,28.84
_30678_,28.84
_35999_,28.84
_37289_,28.84
_37638_,28.84
_06676_,28.82
_11732_,28.82
_20835_,28.82
_21542_,28.82
_32615_,28.82
_01187_,28.8
_09983_,28.8
_19928_,28.8
_39700_,28.8
_39348_,28.79
_00571_,28.78
_04478_,28.78
_05583_,28.78
_06780_,28.78
_10598_,28.78
_16639_,28.78
_19849_,28.78
_26094_,28.78
_34940_,28.78
_37163_,28.78
_32834_,28.775
_22562_,28.76
_26713_,28.76
_28290_,28.76
_34272_,28.75
_01783_,28.74
_06014_,28.74
_11343_,28.74
_19232_,28.74
_41824_,28.74
_12354_,28.73
_09927_,28.72
_15219_,28.72
_24252_,28.72
_35820_,28.72
_33047_,28.71
_16652_,28.7
_28382_,28.7
_29325_,28.7
_37586_,28.7
_37745_,28.7
_38900_,28.7
_41120_,28.7
_41807_,28.7
_16045_,28.695
_02298_,28.68
_34767_,28.68
_07735_,28.665
_02110_,28.66
_05333_,28.66
_06237_,28.66
_13199_,28.66
_16782_,28.66
_25795_,28.66
_33293_,28.66
_33979_,28.66
_35990_,28.66
_37386_,28.66
_37647_,28.66
_40391_,28.66
_36845_,28.65
_00845_,28.64
_01098_,28.64
_01339_,28.64
_11886_,28.64
_31640_,28.64
_35877_,28.64
_05563_,28.63
_24224_,28.62
_25514_,28.62
_34343_,28.62
_37130_,28.62
_03318_,28.615
_12537_,28.6
_15566_,28.6
_18463_,28.6
_35406_,28.6
_07159_,28.58
_08279_,28.58
_12270_,28.58
_13128_,28.58
_19193_,28.58
_35491_,28.58
_37328_,28.58
_37537_,28.58
_41183_,28.58
_02421_,28.56
_29780_,28.56
_36541_,28.56
_38016_,28.56
_00841_,28.54
_04836_,28.54
_11736_,28.54
_13476_,28.54
_23521_,28.54
_31436_,28.54
_38775_,28.54
_41657_,28.54
_02426_,28.52
_04373_,28.52
_06295_,28.52
_28332_,28.52
_29620_,28.52
_06992_,28.5
_31666_,28.5
_34801_,28.5
_39083_,28.5
_00773_,28.48
_01195_,28.48
_04159_,28.48
_09902_,28.48
_11780_,28.48
_12868_,28.48
_13548_,28.48
_13939_,28.48
_16412_,28.48
_23055_,28.48
_29466_,28.48
_31133_,28.48
_33513_,28.48
_40394_,28.48
_20267_,28.46
_21128_,28.46
_25028_,28.46
_29229_,28.46
_38861_,28.46
_09888_,28.44
_23829_,28.44
_34264_,28.44
_35786_,28.44
_40667_,28.44
_08401_,28.42
_08943_,28.42
_14637_,28.42
_33942_,28.42
_00520_,28.4
_31245_,28.4
_35323_,28.4
_15460_,28.38
_21854_,28.38
_28984_,28.38
_32971_,28.38
_32991_,28.38
_01646_,28.37
_14724_,28.36
_19756_,28.36
_37966_,28.36
_05853_,28.35
_16436_,28.34
_25524_,28.34
_34757_,28.34
_38920_,28.34
_03940_,28.32
_27268_,28.32
_39177_,28.32
_12121_,28.31
_13791_,28.31
_37772_,28.3
_18903_,28.295
_10679_,28.28
_25160_,28.28
_26814_,28.28
_27595_,28.28
_29523_,28.28
_32574_,28.28
_40811_,28.28
_35203_,28.27
_05458_,28.26
_25762_,28.26
_27358_,28.26
_06501_,28.255
_02033_,28.24
_04854_,28.24
_24456_,28.24
_26102_,28.24
_31114_,28.24
_41057_,28.24
_41467_,28.23
_07054_,28.22
_07216_,28.22
_14306_,28.22
_15485_,28.22
_17168_,28.22
_19938_,28.22
_35690_,28.22
_37162_,28.22
_01190_,28.2
_07734_,28.2
_20311_,28.2
_28050_,28.2
_32286_,28.2
_35605_,28.2
_39819_,28.2
_41465_,28.2
_09618_,28.195
_10012_,28.18
_14093_,28.18
_22343_,28.18
_00369_,28.16
_11987_,28.16
_31811_,28.16
_35067_,28.16
_39342_,28.16
_05242_,28.14
_17889_,28.14
_18960_,28.14
_21145_,28.14
_25625_,28.14
_33706_,28.14
_32749_,28.135
_18100_,28.13
_02126_,28.12
_08251_,28.12
_21926_,28.12
_39397_,28.12
_39746_,28.12
_41992_,28.12
_23988_,28.11
_01220_,28.1
_02889_,28.1
_33807_,28.1
_40860_,28.1
_06556_,28.08
_11028_,28.08
_11410_,28.08
_23579_,28.08
_26434_,28.08
_33304_,28.08
_41415_,28.08
clknet_leaf_27_clk,28.08
_15922_,28.075
_01172_,28.06
_21924_,28.06
_30912_,28.06
_33499_,28.05
_14617_,28.04
_15599_,28.04
_19349_,28.04
_25089_,28.04
_30064_,28.04
_01692_,28.02
_09243_,28.02
_09656_,28.02
_22424_,28.02
_33269_,28.02
_36259_,28.02
_38234_,28.02
_06990_,28
_20408_,28
_21659_,28
_24981_,28
_26006_,28
_34840_,28
_39280_,28
_41668_,28
_14448_,27.98
_23121_,27.98
_24640_,27.98
_21219_,27.97
_04069_,27.96
_12717_,27.96
_29173_,27.96
_04707_,27.95
_01278_,27.94
_05055_,27.94
_09497_,27.94
_10050_,27.94
_12190_,27.94
_12967_,27.94
_19069_,27.94
_21283_,27.94
_23937_,27.94
_28105_,27.94
_28563_,27.94
_29981_,27.94
_32381_,27.94
_33954_,27.94
_34309_,27.94
_12330_,27.935
_01062_,27.93
_10389_,27.92
_15139_,27.92
_18358_,27.92
_27421_,27.92
_32421_,27.92
_13626_,27.9
_14667_,27.9
_22907_,27.9
_25977_,27.9
_32932_,27.9
_33603_,27.9
_34421_,27.9
_19673_,27.895
_00842_,27.88
_03399_,27.88
_03568_,27.88
_06597_,27.88
_14681_,27.88
_16352_,27.88
_21595_,27.88
_25215_,27.88
_37053_,27.88
_24384_,27.87
_27159_,27.865
_07405_,27.86
_09180_,27.86
_12787_,27.86
_16147_,27.86
_17079_,27.86
_17922_,27.86
_24082_,27.86
_31557_,27.86
_33660_,27.86
_17745_,27.84
_20485_,27.84
_39941_,27.84
_40589_,27.84
_02159_,27.835
_01754_,27.82
_04679_,27.82
_05922_,27.82
_06883_,27.82
_24131_,27.82
_27901_,27.82
_29550_,27.82
_30485_,27.82
_31348_,27.82
_37129_,27.82
_41125_,27.82
_39964_,27.805
_12184_,27.8
_12801_,27.8
_14339_,27.8
_31204_,27.8
_36726_,27.8
_42302_,27.8
_13804_,27.785
_03085_,27.78
_04789_,27.78
_08325_,27.78
_08891_,27.78
_08899_,27.78
_10247_,27.78
_11975_,27.78
_19240_,27.78
_20867_,27.78
_33668_,27.78
_38770_,27.78
_39123_,27.78
_00655_,27.76
_15557_,27.76
_36192_,27.76
_37766_,27.76
_38530_,27.76
_40479_,27.76
_41934_,27.76
_02229_,27.74
_06194_,27.74
_12279_,27.74
_21469_,27.74
_22083_,27.74
_27045_,27.74
_27771_,27.74
_30005_,27.74
_38082_,27.74
_02142_,27.72
_23668_,27.72
_30494_,27.71
_07110_,27.7
_12588_,27.7
_12882_,27.7
_19274_,27.7
_21032_,27.7
_24489_,27.7
_28761_,27.7
_31839_,27.7
_32107_,27.7
_33613_,27.7
_42514_,27.7
_08512_,27.68
_15043_,27.68
_23526_,27.68
clknet_leaf_38_clk,27.68
_14473_,27.66
_00883_,27.64
_05640_,27.64
_16827_,27.64
_20706_,27.64
_20739_,27.64
_22731_,27.64
_23574_,27.64
_28981_,27.64
_01447_,27.62
_09862_,27.62
_18646_,27.62
_26127_,27.62
_27994_,27.62
_28307_,27.62
_38474_,27.62
_01131_,27.6
_02582_,27.6
_16677_,27.6
_38841_,27.6
_00532_,27.58
_03321_,27.58
_03624_,27.58
_07982_,27.58
_12377_,27.58
_14200_,27.58
_14586_,27.58
_28864_,27.58
_28911_,27.58
_00834_,27.56
_05380_,27.56
_07944_,27.56
_11697_,27.56
_11740_,27.56
_23427_,27.56
_23853_,27.56
_26359_,27.56
_33492_,27.56
_34743_,27.56
_37199_,27.56
_39338_,27.56
_19503_,27.54
_33944_,27.54
_36373_,27.54
_04074_,27.52
_10681_,27.52
_15530_,27.52
_19781_,27.52
_28025_,27.52
_41737_,27.52
_13753_,27.5
_14811_,27.5
_31318_,27.5
_39067_,27.5
_10823_,27.48
_12251_,27.48
_25792_,27.48
_26466_,27.48
_38779_,27.48
_41575_,27.48
_23903_,27.46
_41357_,27.46
_20500_,27.455
_32257_,27.45
_03681_,27.44
_08047_,27.44
_17749_,27.44
_22073_,27.44
_23073_,27.44
_25849_,27.44
_26877_,27.44
_22756_,27.43
_15914_,27.42
_26884_,27.42
_30863_,27.42
_31081_,27.42
_33090_,27.42
_37195_,27.42
_12505_,27.41
_01455_,27.4
_26521_,27.4
_36081_,27.4
_40299_,27.4
_01564_,27.38
_05962_,27.38
_12001_,27.38
_34359_,27.38
_38764_,27.38
_39040_,27.38
_33029_,27.36
_36539_,27.36
_39200_,27.36
_19854_,27.34
_30973_,27.34
_34526_,27.34
_36249_,27.34
_39843_,27.34
_08391_,27.32
_23593_,27.32
_23809_,27.32
_24286_,27.32
_31489_,27.32
_33596_,27.32
_36881_,27.32
_07754_,27.315
_00932_,27.3
_08791_,27.3
_12512_,27.3
_22631_,27.3
_26806_,27.3
_35733_,27.3
_15290_,27.29
_05720_,27.28
_14219_,27.28
_16756_,27.28
_21436_,27.28
_25995_,27.28
_27304_,27.28
_31874_,27.28
_35892_,27.28
_37118_,27.28
_37598_,27.28
_20710_,27.27
_05304_,27.26
_23614_,27.26
_05353_,27.24
_08552_,27.24
_20568_,27.24
_26922_,27.24
_29892_,27.24
_31363_,27.24
_32515_,27.24
_01105_,27.22
_06821_,27.22
_23488_,27.22
_24950_,27.22
_35513_,27.22
_39475_,27.22
_01880_,27.2
_13785_,27.2
_16062_,27.2
_20506_,27.2
_32093_,27.2
_32815_,27.2
_36087_,27.2
_27517_,27.195
_05331_,27.18
_16256_,27.18
_21518_,27.18
_33440_,27.18
_34117_,27.18
_00281_,27.16
_00994_,27.16
_23079_,27.16
_24389_,27.16
_28775_,27.16
_29148_,27.16
_33024_,27.16
_35336_,27.16
_00501_,27.14
_12542_,27.14
_15269_,27.14
_20156_,27.14
_26834_,27.14
_04298_,27.12
_31779_,27.12
_34032_,27.12
_34960_,27.12
_40987_,27.12
_08788_,27.1
_18090_,27.1
_22380_,27.1
_26526_,27.1
_30261_,27.1
_36116_,27.1
_38499_,27.1
_00986_,27.08
_03309_,27.08
_08320_,27.08
_18528_,27.08
_21661_,27.08
_24499_,27.08
_33551_,27.08
_34872_,27.08
_38835_,27.08
_36140_,27.07
_10413_,27.06
_13654_,27.06
_22144_,27.06
_35519_,27.06
_38912_,27.06
_16250_,27.05
_06713_,27.04
_18174_,27.04
_23147_,27.04
_25769_,27.04
_01292_,27.02
_04092_,27.02
_07855_,27.02
_08525_,27.02
_10459_,27.02
_12039_,27.02
_12150_,27.02
_24470_,27.02
_25916_,27.02
_29734_,27.02
_39413_,27.02
_19179_,27.01
_33703_,27.01
_24024_,27
_00128_,26.98
_10911_,26.98
_16675_,26.98
_19617_,26.98
_22670_,26.98
_25403_,26.98
_30489_,26.98
_37467_,26.98
_13404_,26.96
_14747_,26.96
_14806_,26.96
_22320_,26.96
_27894_,26.96
_29831_,26.96
_37012_,26.96
_39244_,26.96
_12069_,26.94
_23280_,26.94
_28588_,26.94
_30423_,26.94
_32877_,26.94
_36995_,26.94
_37217_,26.94
_40969_,26.94
_09247_,26.935
_07097_,26.92
_21402_,26.92
_31290_,26.92
_33174_,26.92
_27736_,26.91
_00639_,26.9
_13190_,26.9
_17376_,26.9
_29692_,26.9
_06177_,26.88
_33617_,26.88
_24552_,26.86
_32921_,26.86
_34223_,26.86
_10087_,26.85
_00981_,26.84
_01623_,26.84
_02373_,26.84
_18043_,26.84
_19707_,26.84
_34338_,26.84
_00540_,26.82
_08758_,26.82
_12999_,26.82
_14606_,26.82
_31166_,26.82
_38501_,26.82
_40909_,26.82
_31262_,26.81
_01541_,26.8
_21866_,26.8
_27922_,26.8
_31037_,26.8
_31822_,26.8
_38818_,26.8
_08959_,26.78
_12429_,26.78
_13286_,26.78
_15912_,26.78
_29539_,26.78
_30653_,26.78
_08926_,26.765
_01401_,26.76
_07096_,26.76
_09057_,26.76
_17179_,26.76
_03642_,26.74
_05526_,26.74
_07930_,26.74
_10277_,26.74
_12675_,26.74
_16065_,26.74
_18601_,26.74
_28096_,26.74
_34284_,26.74
_35787_,26.74
_42017_,26.74
_27346_,26.73
_01311_,26.72
_07438_,26.72
_21284_,26.72
_30270_,26.72
clknet_leaf_87_clk,26.72
_31080_,26.71
_20585_,26.7
_23153_,26.7
_23374_,26.7
_26248_,26.7
_29135_,26.7
_32648_,26.7
_35881_,26.7
_40933_,26.7
stage8_inst.stage4_lower.stage2_pair1.butterfly_inst.mul_inst.b\[1\],26.7
_09842_,26.695
_05066_,26.68
_06097_,26.68
_13760_,26.68
_27219_,26.68
_39037_,26.68
_05138_,26.675
_26527_,26.675
_02715_,26.66
_05959_,26.66
_06974_,26.66
_09576_,26.66
_21296_,26.66
_27292_,26.66
_19857_,26.64
_25267_,26.64
_25638_,26.64
_30353_,26.64
_32403_,26.64
_37483_,26.64
_38164_,26.64
_38904_,26.64
_39192_,26.64
_07230_,26.62
_35212_,26.61
_00462_,26.6
_05706_,26.6
_22434_,26.6
_26751_,26.6
_30407_,26.6
_33452_,26.6
_33984_,26.6
_34578_,26.6
_36241_,26.6
_15393_,26.595
_16485_,26.58
_17915_,26.58
_13307_,26.57
_01698_,26.56
_02724_,26.56
_18829_,26.56
_31149_,26.56
_39311_,26.56
stage8_inst.stage4_lower.stage2_pair0.butterfly_inst.mul_inst.b\[8\],26.56
_18264_,26.555
_25633_,26.55
_00620_,26.54
_19613_,26.54
_29666_,26.54
_00176_,26.52
_07751_,26.52
_15446_,26.52
_18078_,26.52
_21182_,26.52
_23453_,26.52
_26038_,26.52
_29754_,26.52
_31255_,26.52
_33450_,26.52
_34294_,26.52
_40808_,26.52
_40992_,26.52
_09513_,26.5
_13731_,26.5
_34658_,26.5
_37147_,26.5
_04246_,26.48
_21479_,26.48
_21674_,26.48
_29240_,26.48
_32231_,26.48
_41405_,26.48
_09398_,26.46
_32698_,26.46
_03447_,26.44
_11455_,26.44
_12744_,26.44
_13061_,26.44
_16357_,26.44
_19795_,26.44
_20084_,26.44
_35899_,26.44
_40912_,26.44
_42277_,26.44
_16442_,26.42
_26752_,26.42
_33193_,26.42
_34087_,26.42
_39146_,26.42
_12025_,26.41
_05808_,26.4
_17380_,26.4
_29621_,26.4
_30203_,26.4
_30759_,26.4
_38159_,26.4
_27364_,26.39
_32358_,26.38
net252,26.38
_22668_,26.37
_04978_,26.36
_15920_,26.36
_19895_,26.36
_21946_,26.36
_23680_,26.36
_37709_,26.36
_39491_,26.36
_39725_,26.36
_40062_,26.36
_08261_,26.34
_20617_,26.34
_26809_,26.34
_29927_,26.34
_38044_,26.34
_05344_,26.33
_28480_,26.32
_33428_,26.32
_33681_,26.32
_35862_,26.32
_36314_,26.32
_37622_,26.32
_37733_,26.32
_34332_,26.315
_00173_,26.3
_01022_,26.3
_04821_,26.3
_04991_,26.3
_33362_,26.3
_41924_,26.3
_31759_,26.29
_15587_,26.28
_18155_,26.28
_21885_,26.28
_30739_,26.28
_34754_,26.28
_36324_,26.28
_37944_,26.27
_07064_,26.26
_09006_,26.26
_15026_,26.26
_19543_,26.26
_20099_,26.26
_31053_,26.26
_31386_,26.26
_37097_,26.26
_37182_,26.26
_10666_,26.24
_25912_,26.24
_34405_,26.24
_03903_,26.22
_05516_,26.22
_09606_,26.22
_26883_,26.22
_27441_,26.22
_30055_,26.22
_31988_,26.22
_36933_,26.22
_40459_,26.22
_02545_,26.205
_02641_,26.2
_05578_,26.2
_13819_,26.2
_15771_,26.2
_17974_,26.2
_25260_,26.2
_03959_,26.18
_20196_,26.18
_27149_,26.18
_33375_,26.18
_38787_,26.18
_40529_,26.18
stage8_inst.stage4_lower.stage2_pair1.butterfly_inst.mul_inst.b\[0\],26.18
_04387_,26.16
_07038_,26.16
_19780_,26.16
_22891_,26.16
_30490_,26.15
_02135_,26.14
_02283_,26.14
_27120_,26.14
_35981_,26.14
_37024_,26.14
_42312_,26.14
_10010_,26.13
_10301_,26.12
_17591_,26.12
_31957_,26.12
_32380_,26.12
_34104_,26.12
_38656_,26.12
_41104_,26.12
_05421_,26.1
_07043_,26.1
_09281_,26.1
_14700_,26.1
_33526_,26.1
_33702_,26.1
_34479_,26.1
_04916_,26.095
_09060_,26.08
_09980_,26.08
_13534_,26.08
_14788_,26.08
_37778_,26.08
_16483_,26.06
_22209_,26.06
_31630_,26.06
_35249_,26.06
_36238_,26.06
_29890_,26.055
_22657_,26.05
_19060_,26.04
_23346_,26.04
_29429_,26.04
_29954_,26.04
_31215_,26.04
_36537_,26.04
_37088_,26.04
_38790_,26.04
_17154_,26.035
_04912_,26.02
_12234_,26.02
_14307_,26.02
_15503_,26.02
_15721_,26.02
_27957_,26.02
_28686_,26.02
_33355_,26.02
_36250_,26.02
_37165_,26.02
_41224_,26.02
_30748_,26
_13513_,25.995
_05988_,25.98
_06082_,25.98
_07866_,25.98
_10259_,25.98
_14970_,25.98
_17092_,25.98
_19407_,25.98
_31775_,25.98
_01920_,25.96
_13151_,25.96
_26674_,25.96
_34769_,25.96
_40722_,25.96
_41123_,25.96
_40018_,25.955
_07785_,25.94
_20600_,25.94
_34013_,25.94
_34440_,25.94
_34899_,25.94
_40997_,25.94
_13464_,25.935
_06281_,25.92
_25138_,25.92
_05998_,25.91
_04766_,25.9
_05632_,25.9
_06513_,25.9
_06612_,25.9
_08616_,25.9
_14401_,25.9
_22228_,25.9
_22939_,25.9
_26573_,25.9
_26755_,25.9
_31607_,25.9
_39461_,25.9
_04704_,25.88
_14693_,25.88
_21607_,25.88
_23270_,25.88
_32571_,25.88
_38068_,25.88
stage8_inst.in5\[1\],25.88
_06447_,25.87
_11209_,25.87
_20108_,25.87
_02719_,25.86
_03515_,25.86
_28846_,25.86
_34016_,25.86
_34778_,25.86
_35376_,25.86
_36402_,25.86
_00596_,25.84
_05230_,25.84
_09565_,25.84
_12611_,25.84
_17292_,25.84
_19135_,25.84
_22421_,25.84
_25526_,25.84
_39313_,25.84
_00971_,25.82
_01038_,25.82
_15326_,25.82
_15584_,25.82
_16628_,25.82
_20999_,25.82
_23086_,25.82
_23620_,25.82
_30824_,25.82
_30365_,25.815
_04130_,25.8
_05560_,25.8
_12989_,25.8
_13923_,25.8
_15463_,25.8
_18855_,25.8
_21369_,25.8
_25176_,25.8
_40160_,25.8
_40897_,25.8
_17518_,25.78
_28543_,25.78
_32913_,25.78
_40670_,25.78
_06065_,25.76
_08948_,25.76
_09269_,25.76
_12012_,25.76
_15801_,25.76
_19389_,25.76
_27523_,25.76
_29835_,25.76
_31550_,25.76
_32961_,25.76
_35342_,25.76
_38711_,25.76
_41437_,25.755
_22521_,25.75
_24606_,25.74
_37052_,25.74
_01565_,25.72
_15671_,25.72
_15800_,25.72
_20136_,25.72
_25048_,25.72
_25230_,25.72
_31808_,25.72
_40800_,25.72
stage8_inst.stage4_lower.stage2_pair0.butterfly_inst.mul_inst.b\[1\],25.715
_09726_,25.7
_12606_,25.7
_13554_,25.7
_19247_,25.7
_21879_,25.7
_33869_,25.7
_41245_,25.7
_00427_,25.68
_05011_,25.68
_10145_,25.68
_14437_,25.68
_18458_,25.68
_19032_,25.68
_21753_,25.68
_21761_,25.68
_26620_,25.68
_29023_,25.68
_29481_,25.68
_32572_,25.68
_32606_,25.68
_38412_,25.68
_39643_,25.68
_41382_,25.68
_42034_,25.68
_39876_,25.675
_05913_,25.66
_07297_,25.66
_07818_,25.66
_12208_,25.66
_27482_,25.66
_31475_,25.66
_33631_,25.66
_35151_,25.66
_11105_,25.64
_15996_,25.64
_16818_,25.64
_18788_,25.64
_21495_,25.64
_27612_,25.64
_27743_,25.64
_29921_,25.64
_41343_,25.64
_14009_,25.635
_39774_,25.63
_06130_,25.62
_08619_,25.62
_11991_,25.62
_15568_,25.62
_20085_,25.62
_21099_,25.62
_34315_,25.62
_37127_,25.62
_37437_,25.62
_40316_,25.62
_14816_,25.615
_01632_,25.6
_19390_,25.6
_23450_,25.6
_32489_,25.6
_32503_,25.6
_35691_,25.6
_08646_,25.58
_19431_,25.58
_34814_,25.58
_37656_,25.57
_11171_,25.56
_18920_,25.56
_19642_,25.56
_27836_,25.56
_33768_,25.56
_34222_,25.56
_00453_,25.54
_26443_,25.54
_36134_,25.54
_36728_,25.54
_38511_,25.54
_07771_,25.52
_22881_,25.52
_33074_,25.52
_35474_,25.52
_41879_,25.52
_00817_,25.5
_13593_,25.5
_15546_,25.5
_24100_,25.5
_03209_,25.48
_10141_,25.48
_14076_,25.48
_16013_,25.48
_21684_,25.48
_21838_,25.48
_23378_,25.48
_25380_,25.48
_26523_,25.48
_27571_,25.48
_39179_,25.48
_39239_,25.48
_38995_,25.47
_12278_,25.46
_20599_,25.46
_22781_,25.46
_25240_,25.46
_30952_,25.46
_32295_,25.46
_08014_,25.45
_07076_,25.44
_12582_,25.44
_13300_,25.44
_14008_,25.44
_22123_,25.44
_25725_,25.44
_31576_,25.44
_33987_,25.44
_34941_,25.44
_37911_,25.44
_39443_,25.44
_06775_,25.435
_03706_,25.42
_05046_,25.42
_06841_,25.42
_15204_,25.42
_21487_,25.42
_41695_,25.42
_02286_,25.4
_05363_,25.4
_18549_,25.4
_32002_,25.4
_36171_,25.4
_39215_,25.39
_01456_,25.38
_02161_,25.38
_03558_,25.38
_04160_,25.38
_12940_,25.38
_18378_,25.38
_27241_,25.38
_34283_,25.38
_37368_,25.38
_40147_,25.375
_02610_,25.36
_07306_,25.36
_07867_,25.36
_22281_,25.36
_25872_,25.36
_31621_,25.36
_39949_,25.36
_29344_,25.35
_05145_,25.34
_08089_,25.34
_19980_,25.34
_21041_,25.34
_40764_,25.34
_07302_,25.33
_01722_,25.32
_15472_,25.32
_16812_,25.32
_21652_,25.32
_25891_,25.32
_27258_,25.32
_30718_,25.32
_32579_,25.32
_39617_,25.32
_03516_,25.31
_06009_,25.31
_05416_,25.3
_23401_,25.3
_39801_,25.3
_10295_,25.29
_01235_,25.28
_15096_,25.28
_32452_,25.28
_34460_,25.28
_37596_,25.28
_15052_,25.26
_18418_,25.26
_24109_,25.26
_31944_,25.26
_38678_,25.26
_08202_,25.24
_12163_,25.24
_21918_,25.24
_23371_,25.24
_24340_,25.24
_31073_,25.24
_33777_,25.24
_34185_,25.24
_37501_,25.24
_39900_,25.24
_40744_,25.24
_42170_,25.24
_08402_,25.22
_08599_,25.22
_10234_,25.22
_12575_,25.22
_19894_,25.22
_32316_,25.22
_35972_,25.22
_07741_,25.2
_19572_,25.2
_21420_,25.2
_22221_,25.2
_22485_,25.2
_27503_,25.2
_33975_,25.2
_07534_,25.18
_14469_,25.18
_18584_,25.18
_22835_,25.18
_23097_,25.18
_23204_,25.18
_30033_,25.18
_35500_,25.18
_40254_,25.18
_16774_,25.175
_06799_,25.16
_19495_,25.16
_22142_,25.16
_22149_,25.16
_25166_,25.16
_32124_,25.16
_32845_,25.16
_01433_,25.14
_01656_,25.14
_05151_,25.14
_10535_,25.14
_12905_,25.14
_18642_,25.14
_18876_,25.14
_22558_,25.14
_22858_,25.14
_26797_,25.14
_30730_,25.14
_36999_,25.14
_14683_,25.12
_19542_,25.12
_20373_,25.12
_34621_,25.12
_07506_,25.1
_10873_,25.1
_11536_,25.1
_14440_,25.1
_25983_,25.1
_37680_,25.1
_37931_,25.1
_39007_,25.1
_02092_,25.08
_02186_,25.08
_22515_,25.08
_35152_,25.08
_37524_,25.08
_30806_,25.07
_00707_,25.06
_04234_,25.06
_22762_,25.06
_30401_,25.06
_39278_,25.06
_17225_,25.055
_37670_,25.055
_05296_,25.04
_08311_,25.04
_16676_,25.04
_22778_,25.04
_34997_,25.04
_03907_,25.02
_08148_,25.02
_20106_,25.02
_20637_,25.02
_28752_,25.02
_32948_,25.02
_33187_,25.02
_33733_,25.02
_38915_,25.02
_40502_,25.02
_05870_,25.015
_19779_,25.015
_07185_,25
_32351_,25
_35422_,25
_07486_,24.98
_10596_,24.98
_13504_,24.98
_14516_,24.98
_18666_,24.98
_24610_,24.98
_29851_,24.98
_31186_,24.98
_33805_,24.98
_37023_,24.98
_38990_,24.98
_39945_,24.98
_37387_,24.975
_00544_,24.96
_05786_,24.96
_15627_,24.96
_18956_,24.96
_27758_,24.96
_32090_,24.96
_40996_,24.96
_01889_,24.94
_06049_,24.94
_16647_,24.94
_23719_,24.94
_29884_,24.94
_37324_,24.94
_04363_,24.92
_09184_,24.92
_18563_,24.92
_27891_,24.92
_33176_,24.92
_34828_,24.92
_34889_,24.92
_04204_,24.915
_12306_,24.91
_13466_,24.91
_09480_,24.9
_10092_,24.9
_27949_,24.9
_40849_,24.9
_19494_,24.895
_00976_,24.88
_01008_,24.88
_08995_,24.88
_22198_,24.88
_23430_,24.88
_26156_,24.88
_30439_,24.88
_31840_,24.88
_39224_,24.88
_04793_,24.86
_07061_,24.86
_08946_,24.86
_10800_,24.86
_12434_,24.86
_15837_,24.86
_22518_,24.86
_23945_,24.86
_25368_,24.86
_33495_,24.86
_37576_,24.86
_11820_,24.855
_39453_,24.855
_09866_,24.84
_17447_,24.84
_23241_,24.84
_30883_,24.84
_37396_,24.84
_38101_,24.84
_42502_,24.84
_00164_,24.82
_00854_,24.82
_00882_,24.82
_21636_,24.82
_24116_,24.82
_30805_,24.82
_33392_,24.82
_38896_,24.82
_39927_,24.82
_02570_,24.8
_12603_,24.8
_24732_,24.8
_26383_,24.8
_28888_,24.8
_29388_,24.8
_34675_,24.8
_38272_,24.8
_40059_,24.8
_01860_,24.78
_04349_,24.78
_05472_,24.78
_10033_,24.775
_02017_,24.76
_08979_,24.76
_18791_,24.76
_25290_,24.76
_27357_,24.76
_29084_,24.76
_37027_,24.76
_39221_,24.76
_34025_,24.74
_34218_,24.74
_07168_,24.72
_09066_,24.72
_27271_,24.72
_27585_,24.72
_28485_,24.72
_31976_,24.72
_40313_,24.72
_40877_,24.72
_31248_,24.71
_13542_,24.7
_13635_,24.7
_16007_,24.7
_24376_,24.7
_33659_,24.7
_00389_,24.68
_08968_,24.68
_10592_,24.68
_10839_,24.68
_12138_,24.68
_12276_,24.68
_14983_,24.68
clknet_leaf_11_clk,24.68
_06908_,24.66
_19853_,24.66
_20143_,24.66
_23546_,24.66
_32086_,24.66
_36506_,24.66
_16765_,24.65
_01699_,24.64
_05933_,24.64
_06527_,24.64
_16428_,24.64
_19127_,24.64
_19735_,24.64
_21374_,24.64
_24387_,24.64
_34162_,24.64
_36270_,24.64
_39779_,24.64
_07273_,24.62
_21763_,24.62
_22358_,24.62
_12762_,24.615
_13121_,24.615
_39937_,24.61
_06848_,24.6
_15457_,24.6
_19742_,24.6
_29592_,24.6
_30318_,24.6
_32214_,24.6
_33443_,24.6
_34083_,24.6
_39207_,24.6
_00177_,24.58
_04829_,24.58
_05089_,24.58
_08343_,24.58
_31026_,24.58
_38494_,24.58
_38495_,24.58
_00969_,24.56
_03798_,24.56
_04888_,24.56
_11705_,24.56
_23729_,24.56
_24589_,24.56
_39403_,24.56
_01191_,24.55
_21715_,24.55
_08542_,24.54
_16220_,24.54
_19811_,24.54
_33279_,24.54
_42447_,24.54
_01532_,24.52
_03662_,24.52
_15590_,24.52
_19017_,24.52
_32375_,24.52
_41586_,24.515
_01463_,24.5
_04624_,24.5
_12391_,24.5
_14956_,24.5
_22188_,24.5
_34069_,24.5
_34567_,24.5
_36838_,24.49
_08996_,24.48
_30851_,24.48
_31417_,24.48
_32354_,24.48
_37015_,24.48
_19575_,24.47
_10561_,24.46
_10718_,24.46
_25644_,24.46
_26060_,24.46
_27403_,24.46
_28430_,24.46
_31631_,24.46
_37152_,24.46
_38905_,24.46
_39198_,24.46
_41595_,24.46
_35384_,24.445
_05038_,24.44
_19869_,24.44
_22572_,24.44
_24658_,24.44
_25641_,24.44
_37141_,24.44
_02010_,24.42
_14930_,24.42
_18451_,24.42
_27168_,24.42
_33101_,24.42
_42100_,24.42
_01136_,24.4
_24196_,24.4
_24369_,24.4
_36907_,24.4
_40625_,24.4
_08147_,24.39
_00636_,24.38
_00746_,24.38
_19532_,24.38
_19900_,24.38
_20855_,24.38
_22761_,24.38
_23191_,24.38
_23258_,24.38
_28371_,24.38
_30280_,24.38
_34739_,24.38
_35868_,24.38
_20171_,24.37
_35893_,24.365
_10711_,24.36
_19406_,24.36
_22124_,24.36
_27733_,24.36
_28040_,24.36
_29909_,24.36
_30348_,24.36
_37662_,24.36
_00965_,24.34
_05743_,24.34
_07650_,24.34
_08872_,24.34
_14138_,24.34
_19888_,24.34
_26610_,24.34
_41549_,24.34
_01142_,24.32
_08215_,24.32
_16753_,24.32
_39752_,24.32
_38500_,24.31
_01492_,24.3
_05943_,24.3
_09845_,24.3
_10077_,24.3
_10131_,24.3
_12769_,24.3
_16243_,24.3
_17384_,24.3
_24939_,24.3
_30602_,24.3
_32474_,24.3
_33578_,24.3
net427,24.3
_00629_,24.28
_24239_,24.28
_28355_,24.27
_06678_,24.26
_19041_,24.26
_27190_,24.26
_28256_,24.26
_28334_,24.26
_16409_,24.255
_18630_,24.24
_20015_,24.24
_30597_,24.24
_36359_,24.24
_18064_,24.225
_05810_,24.22
_08142_,24.22
_08489_,24.22
_11783_,24.22
_13210_,24.22
_15070_,24.22
_15411_,24.22
_21132_,24.22
_24241_,24.22
_32722_,24.22
_34570_,24.22
_35846_,24.22
_36737_,24.22
_39576_,24.22
_41061_,24.22
_32195_,24.21
_37582_,24.21
_12913_,24.2
_23493_,24.2
_29124_,24.2
_30129_,24.2
_31041_,24.2
_18082_,24.19
_34915_,24.19
_04110_,24.18
_05562_,24.18
_08269_,24.18
_14654_,24.18
_14871_,24.18
_15613_,24.18
_28142_,24.18
_30980_,24.18
_31852_,24.18
_32007_,24.18
_36484_,24.18
_39540_,24.18
_42513_,24.18
_12410_,24.16
_12880_,24.16
_14300_,24.16
_18621_,24.16
_24323_,24.16
_26274_,24.16
_30454_,24.16
_37151_,24.16
_41856_,24.16
net122,24.16
_01676_,24.14
_14389_,24.14
_15092_,24.14
_17370_,24.14
_26353_,24.14
_30540_,24.14
_14994_,24.13
_15544_,24.12
_27940_,24.12
_29915_,24.12
_32393_,24.12
_35246_,24.12
_37297_,24.12
_00694_,24.1
_03473_,24.1
_05267_,24.1
_09675_,24.1
_10428_,24.1
_12217_,24.1
_14025_,24.1
_14083_,24.1
_16786_,24.1
_17894_,24.1
_27633_,24.1
_40506_,24.1
_03078_,24.08
_03408_,24.08
_22324_,24.08
_24370_,24.08
_25776_,24.08
_27069_,24.08
_29774_,24.08
_36316_,24.08
_38977_,24.08
_41393_,24.08
_07363_,24.06
_09834_,24.06
_15728_,24.06
_16772_,24.06
_20840_,24.06
_22868_,24.06
_26608_,24.06
_27275_,24.06
_27321_,24.06
_34773_,24.06
_35344_,24.06
_36330_,24.06
net368,24.06
_03822_,24.04
_13212_,24.04
_24309_,24.04
_24634_,24.04
_25933_,24.04
_38132_,24.04
_04643_,24.035
_17004_,24.035
_15987_,24.02
_29913_,24.02
_32684_,24.02
_33192_,24.02
_39851_,24.02
_41504_,24.02
_03100_,24
_06116_,24
_07069_,24
_15904_,24
_16390_,24
_19493_,24
_20901_,24
_21473_,24
_21525_,24
_30526_,24
_35008_,24
_36262_,24
_38662_,24
_09435_,23.99
_03417_,23.98
_03587_,23.98
_11956_,23.98
_12107_,23.98
_13901_,23.98
_17844_,23.98
_20953_,23.98
_24983_,23.98
_36884_,23.98
_40812_,23.98
clknet_leaf_50_clk,23.98
_01084_,23.96
_01206_,23.96
_01491_,23.96
_10294_,23.96
_10605_,23.96
_12055_,23.96
_21421_,23.96
_22481_,23.96
_28215_,23.96
_33423_,23.96
_35471_,23.96
_37561_,23.96
_38109_,23.96
_40118_,23.96
_42052_,23.96
_17314_,23.95
_04987_,23.94
_07776_,23.94
_11070_,23.94
_11348_,23.94
_11819_,23.94
_16076_,23.94
_20748_,23.94
_24231_,23.94
_33117_,23.94
_36546_,23.94
_15564_,23.935
_24955_,23.935
_06127_,23.93
_13446_,23.93
_26933_,23.93
_01199_,23.92
_01480_,23.92
_02184_,23.92
_09568_,23.92
_18344_,23.92
_09686_,23.9
_21481_,23.9
_23115_,23.9
_24394_,23.9
_24849_,23.9
_26591_,23.9
_36448_,23.9
_39944_,23.9
_40323_,23.9
_00802_,23.88
_11492_,23.88
_12540_,23.88
_18024_,23.88
_18645_,23.88
_29622_,23.88
_32565_,23.88
_38846_,23.88
_38891_,23.88
_40724_,23.88
_05179_,23.87
_36814_,23.87
_01158_,23.86
_02148_,23.86
_04547_,23.86
_05385_,23.86
_15178_,23.86
_22662_,23.86
_36994_,23.86
_41419_,23.86
_04541_,23.84
_05250_,23.84
_17667_,23.84
_22806_,23.84
_23968_,23.84
_27218_,23.84
_27448_,23.84
_27982_,23.84
_32198_,23.84
_32691_,23.84
_41904_,23.84
_02300_,23.82
_06258_,23.82
_16838_,23.82
_19951_,23.82
_25582_,23.82
_11837_,23.81
_10095_,23.8
_12288_,23.8
_18442_,23.8
_22429_,23.8
_37441_,23.8
_04496_,23.79
_08387_,23.79
_02167_,23.78
_04824_,23.78
_10572_,23.78
_17920_,23.78
_21060_,23.78
_27057_,23.78
_36261_,23.78
_38399_,23.78
_03808_,23.76
_06371_,23.76
_09569_,23.76
_10420_,23.76
_19691_,23.76
_21582_,23.76
_31049_,23.76
_31892_,23.76
_33178_,23.76
_38523_,23.76
_23838_,23.755
_04619_,23.745
_12479_,23.74
_12788_,23.74
_13242_,23.74
_16787_,23.74
_23907_,23.74
_38786_,23.74
_40225_,23.74
_05125_,23.72
_16273_,23.72
_27806_,23.72
_31109_,23.72
_34011_,23.72
_34825_,23.72
_36497_,23.72
_36520_,23.72
_03082_,23.7
_13811_,23.7
_14758_,23.7
_22354_,23.7
_24182_,23.7
_30845_,23.7
_33663_,23.7
_34042_,23.7
_37338_,23.7
_35839_,23.69
_00617_,23.68
_05972_,23.68
_11026_,23.68
_15186_,23.68
_27815_,23.68
_30939_,23.68
_32331_,23.68
_33372_,23.68
_33924_,23.68
_01526_,23.67
_05439_,23.66
_18250_,23.66
_22086_,23.66
_30813_,23.66
_32429_,23.66
_35425_,23.66
_39147_,23.66
net257,23.65
_01157_,23.64
_07921_,23.64
_09724_,23.64
_16032_,23.64
_20154_,23.64
_26710_,23.64
_30082_,23.64
_31311_,23.64
_32347_,23.64
_35954_,23.64
_37442_,23.64
_41025_,23.64
_14241_,23.62
_18023_,23.62
_18158_,23.62
_18553_,23.62
_22396_,23.62
_24055_,23.62
_30903_,23.62
_34448_,23.62
_41990_,23.62
_02609_,23.6
_02754_,23.6
_07188_,23.6
_10021_,23.6
_30986_,23.6
_34573_,23.6
_37083_,23.6
_01665_,23.58
_12160_,23.58
_23284_,23.58
_37250_,23.58
_30503_,23.57
_09947_,23.56
_18148_,23.56
_23714_,23.56
_25691_,23.56
_26668_,23.56
_30702_,23.56
stage8_inst.stage4_upper.stage2_pair1.butterfly_inst.mul_inst.b\[7\],23.56
_04563_,23.55
_01389_,23.54
_02935_,23.54
_08341_,23.54
_12024_,23.54
_13846_,23.54
_21092_,23.54
_22807_,23.54
_25063_,23.54
_30102_,23.54
_33011_,23.54
_33459_,23.54
_34401_,23.54
_35070_,23.54
_39562_,23.54
net169,23.54
_00443_,23.52
_06205_,23.52
_11035_,23.52
_11926_,23.52
_36091_,23.52
_38542_,23.52
_02835_,23.5
_11747_,23.5
_11802_,23.5
_14695_,23.5
_17847_,23.5
_38909_,23.5
_39918_,23.5
_32893_,23.49
_02398_,23.48
_02999_,23.48
_24230_,23.48
_28387_,23.48
_30383_,23.48
_30599_,23.48
_40090_,23.48
_02143_,23.46
_04076_,23.46
_12669_,23.46
_15349_,23.46
_23542_,23.46
_35579_,23.46
_36557_,23.46
_40726_,23.46
_42463_,23.46
_08372_,23.45
_32637_,23.45
_05382_,23.44
_34129_,23.44
_37979_,23.44
_42174_,23.44
_12129_,23.42
_20110_,23.42
_31362_,23.42
_41787_,23.42
_18895_,23.415
_08219_,23.4
_18769_,23.4
_33895_,23.4
_36515_,23.4
_41237_,23.4
_27197_,23.395
_00418_,23.38
_01080_,23.38
_04304_,23.38
_12781_,23.38
_27394_,23.38
_27576_,23.38
_32383_,23.38
_32426_,23.38
_34913_,23.38
_37227_,23.38
_37230_,23.38
_37410_,23.38
_39175_,23.38
_41032_,23.38
_02178_,23.37
_00880_,23.36
_10996_,23.36
_13366_,23.36
_19986_,23.36
_24077_,23.36
_32137_,23.36
_33148_,23.36
_33680_,23.36
_40582_,23.36
_01357_,23.35
_07865_,23.35
_06286_,23.34
_06831_,23.34
_12250_,23.34
_14653_,23.34
_15515_,23.34
_18342_,23.34
_26367_,23.34
_35439_,23.34
_19591_,23.335
_10286_,23.33
_31552_,23.32
_31975_,23.32
_34422_,23.32
_38418_,23.32
_01553_,23.3
_02953_,23.3
_12045_,23.3
_12052_,23.3
_12919_,23.3
_14110_,23.3
_16171_,23.3
_22393_,23.3
_30272_,23.3
_30930_,23.3
_31287_,23.3
_39211_,23.3
_39610_,23.3
_40875_,23.3
_01222_,23.28
_24845_,23.28
_26431_,23.28
_33563_,23.28
_36607_,23.28
_15331_,23.26
_19504_,23.26
_19775_,23.26
_21379_,23.26
_25367_,23.26
_25969_,23.26
_30477_,23.26
_32858_,23.26
_13546_,23.245
_18596_,23.245
_01933_,23.24
_20175_,23.24
_20525_,23.24
_30945_,23.24
_32439_,23.24
_36111_,23.24
_36363_,23.24
_39046_,23.24
_00902_,23.22
_06363_,23.22
_08000_,23.22
_10785_,23.22
_10799_,23.22
_20768_,23.22
_21936_,23.22
_26373_,23.22
_32113_,23.22
_38170_,23.22
_39608_,23.22
_40325_,23.22
_30146_,23.205
_01771_,23.2
_08678_,23.2
_12275_,23.2
_13948_,23.2
_14019_,23.2
_14143_,23.2
_28495_,23.2
_34735_,23.2
_16305_,23.19
_00713_,23.18
_04733_,23.18
_09212_,23.18
_09423_,23.18
_17503_,23.18
_27176_,23.18
_28393_,23.18
_32230_,23.18
_38452_,23.18
_07868_,23.175
_13741_,23.16
_15528_,23.16
_22938_,23.16
_31136_,23.16
_38292_,23.16
_00886_,23.15
_36567_,23.145
_06667_,23.14
_08060_,23.14
_12314_,23.14
_13005_,23.14
_13529_,23.14
_19328_,23.14
_33619_,23.14
_33724_,23.14
_40525_,23.14
_41895_,23.14
_15637_,23.13
_17704_,23.13
_38999_,23.13
_04412_,23.12
_06846_,23.12
_07218_,23.12
_21048_,23.12
_25694_,23.12
_28614_,23.12
_29167_,23.12
_34777_,23.12
_36403_,23.12
_38697_,23.12
_41833_,23.12
_09577_,23.1
_29333_,23.1
_30404_,23.1
_32104_,23.1
_32857_,23.1
_39566_,23.1
_21633_,23.09
_00789_,23.08
_13080_,23.08
_13683_,23.08
_15474_,23.08
_17266_,23.08
_18535_,23.08
_23385_,23.08
_32560_,23.08
_35876_,23.08
_36495_,23.08
_38182_,23.08
_40758_,23.08
_05703_,23.06
_13574_,23.06
_29846_,23.06
_30604_,23.06
_35254_,23.06
_39483_,23.06
_02101_,23.04
_04751_,23.04
_07260_,23.04
_07760_,23.04
_14749_,23.04
_28220_,23.04
_28326_,23.04
_31688_,23.04
_38449_,23.04
_40233_,23.04
_01049_,23.035
_01244_,23.02
_01591_,23.02
_01939_,23.02
_07104_,23.02
_07761_,23.02
_13756_,23.02
_16547_,23.02
_20590_,23.02
_30118_,23.02
_31097_,23.02
_32047_,23.02
_38901_,23.02
_39497_,23.02
_41863_,23.005
_02503_,23
_06118_,23
_07292_,23
_10119_,23
_12440_,23
_13055_,23
_19353_,23
_27993_,23
_29755_,23
_33746_,23
_38801_,23
_39193_,23
_41077_,23
_16283_,22.995
_41408_,22.995
_02473_,22.98
_15302_,22.98
_21808_,22.98
_23451_,22.98
_27845_,22.98
_32454_,22.98
_34624_,22.98
_35319_,22.98
_25094_,22.965
_30240_,22.965
_07514_,22.96
_16832_,22.96
_22937_,22.96
_26950_,22.96
_30735_,22.96
_39714_,22.96
_24275_,22.95
_09488_,22.94
_23528_,22.94
_24971_,22.94
_26741_,22.94
_35509_,22.94
_36125_,22.94
_36684_,22.94
_38881_,22.94
_40883_,22.94
_41857_,22.94
_12007_,22.93
_34371_,22.93
_01303_,22.92
_05944_,22.92
_17429_,22.92
_21204_,22.92
_23196_,22.92
_42131_,22.92
_02273_,22.9
_05643_,22.9
_08091_,22.9
_11635_,22.9
_11868_,22.9
_14633_,22.9
_22649_,22.9
_26723_,22.9
_32497_,22.9
_33806_,22.9
_34462_,22.89
_00855_,22.88
_01984_,22.88
_02533_,22.88
_04305_,22.88
_07513_,22.88
_12668_,22.88
_13131_,22.88
_18392_,22.88
_18475_,22.88
_20165_,22.88
_23234_,22.88
_23624_,22.88
_24910_,22.88
_28892_,22.88
_28966_,22.88
_37110_,22.88
_37111_,22.88
_41556_,22.88
_14310_,22.86
_18524_,22.86
_22044_,22.86
_27203_,22.86
_34228_,22.86
_35870_,22.86
_01242_,22.84
_02440_,22.84
_08543_,22.84
_13142_,22.84
_13714_,22.84
_14456_,22.84
_21113_,22.84
_22063_,22.84
_22311_,22.84
_23702_,22.84
_24836_,22.84
_26055_,22.84
_26742_,22.84
_28924_,22.84
_30733_,22.84
_35052_,22.84
_37631_,22.84
_40880_,22.84
_41028_,22.84
_42018_,22.84
_42186_,22.84
_27685_,22.83
_06555_,22.82
_21921_,22.82
_23683_,22.82
_25352_,22.82
_35156_,22.82
_38568_,22.82
_40192_,22.82
_32215_,22.81
_38195_,22.81
_05651_,22.8
_08119_,22.8
_11096_,22.8
_12014_,22.8
_13139_,22.8
_18002_,22.8
_20188_,22.8
_35417_,22.8
_12177_,22.78
_13047_,22.78
_14309_,22.78
_15090_,22.78
_17557_,22.78
_29879_,22.78
_32101_,22.78
_33099_,22.77
_05648_,22.76
_06565_,22.76
_11693_,22.76
_15577_,22.76
_23251_,22.76
_27915_,22.76
_28395_,22.76
_29272_,22.76
_33298_,22.76
_33530_,22.76
_40867_,22.76
_41513_,22.76
_09977_,22.74
_21102_,22.735
_08007_,22.72
_12436_,22.72
_17046_,22.72
_18248_,22.72
_18886_,22.72
_22579_,22.72
_29402_,22.72
_37331_,22.72
_41760_,22.72
_09375_,22.7
_17351_,22.7
_19933_,22.7
_22971_,22.7
_28941_,22.7
_29406_,22.7
_39881_,22.7
_40065_,22.7
_40846_,22.7
_03579_,22.68
_05833_,22.68
_12158_,22.68
_16158_,22.68
_20752_,22.68
_25711_,22.68
_27310_,22.68
_33284_,22.68
_36518_,22.68
_40634_,22.68
_19698_,22.67
_02155_,22.66
_21143_,22.66
_32854_,22.66
_38535_,22.66
_38694_,22.66
_40105_,22.66
_06292_,22.64
_29181_,22.64
_29920_,22.64
_36385_,22.64
_39056_,22.64
_39354_,22.64
_39804_,22.64
_04230_,22.63
_04519_,22.62
_05878_,22.62
_08144_,22.62
_10036_,22.62
_14709_,22.62
_17430_,22.62
_19840_,22.62
_21856_,22.62
_32360_,22.62
_34135_,22.62
_37045_,22.62
_42560_,22.62
_31699_,22.61
_01599_,22.6
_06088_,22.6
_06095_,22.6
_14016_,22.6
_14703_,22.6
_14898_,22.6
_16325_,22.6
_23124_,22.6
_36870_,22.6
_37924_,22.6
_02177_,22.58
_05084_,22.58
_08518_,22.58
_08980_,22.58
_11893_,22.58
_21023_,22.58
_27402_,22.58
_28065_,22.58
_30386_,22.58
_30740_,22.58
_32161_,22.58
_36144_,22.58
_41911_,22.58
net389,22.58
_00447_,22.57
_11252_,22.56
_12522_,22.56
_14734_,22.56
_19294_,22.56
_32442_,22.56
_36399_,22.56
_37128_,22.56
_39852_,22.56
_02406_,22.54
_12437_,22.54
_22698_,22.54
_27465_,22.54
_27696_,22.54
_28673_,22.54
_31284_,22.54
_32202_,22.54
_32837_,22.54
_34906_,22.54
_02581_,22.52
_06462_,22.52
_11511_,22.52
_25499_,22.52
_27443_,22.52
_27601_,22.52
_37807_,22.52
_41138_,22.52
_17485_,22.51
_05912_,22.5
_06431_,22.5
_07633_,22.5
_09131_,22.5
_09515_,22.5
_12778_,22.5
_15933_,22.5
_19637_,22.5
_22203_,22.5
_25183_,22.5
_32685_,22.5
_33635_,22.5
_34827_,22.5
_36175_,22.5
_37132_,22.5
_37375_,22.5
_00585_,22.48
_07243_,22.48
_29730_,22.48
_34276_,22.48
_35019_,22.48
_36221_,22.48
_06646_,22.47
_17066_,22.47
_34784_,22.465
_04240_,22.46
_06016_,22.46
_06807_,22.46
_08550_,22.46
_09594_,22.46
_11021_,22.46
_11258_,22.46
_16534_,22.46
_17011_,22.46
_18691_,22.46
_22583_,22.46
_23089_,22.46
_25875_,22.46
_31799_,22.46
_35410_,22.46
_35774_,22.46
_37035_,22.46
_04823_,22.44
_11098_,22.44
_17541_,22.44
_22796_,22.44
_37157_,22.44
_01006_,22.42
_01254_,22.42
_11867_,22.42
_14489_,22.42
_18800_,22.42
_19005_,22.42
_21609_,22.42
_22328_,22.42
_37946_,22.42
_41984_,22.42
_11002_,22.405
_08411_,22.4
_16737_,22.4
_29629_,22.4
_31673_,22.4
_34018_,22.4
_34980_,22.4
_01204_,22.39
_00615_,22.38
_05322_,22.38
_06027_,22.38
_18768_,22.38
_18991_,22.38
_20134_,22.38
_34232_,22.38
_37122_,22.38
_38209_,22.38
_14184_,22.36
_14386_,22.36
_17947_,22.36
_26625_,22.36
_12369_,22.34
_21764_,22.34
_25950_,22.34
_31070_,22.34
_32283_,22.34
_32715_,22.34
_35517_,22.34
_39178_,22.34
_03785_,22.32
_04845_,22.32
_19052_,22.32
_19213_,22.32
_27044_,22.32
_30520_,22.32
_41766_,22.32
_09118_,22.315
_32464_,22.315
_09647_,22.31
_02170_,22.3
_07136_,22.3
_09307_,22.3
_12827_,22.3
_22055_,22.3
_26349_,22.3
_29633_,22.3
_31296_,22.3
_33092_,22.3
_36777_,22.3
_06072_,22.295
_05309_,22.29
_29802_,22.28
_35313_,22.28
_36269_,22.28
_37600_,22.28
_15353_,22.27
_34212_,22.27
_12691_,22.26
_15747_,22.26
_22863_,22.26
_25676_,22.26
_28717_,22.26
_30682_,22.26
_38660_,22.26
_38894_,22.26
_36939_,22.25
_37009_,22.25
_04254_,22.24
_17723_,22.24
_21524_,22.24
_22514_,22.24
_26487_,22.24
_27307_,22.24
_42175_,22.24
_01126_,22.22
_03479_,22.22
_08530_,22.22
_17468_,22.22
_20214_,22.22
_24901_,22.22
_33546_,22.22
_10430_,22.2
_10543_,22.2
_22776_,22.2
_23143_,22.2
_23664_,22.2
_24202_,22.2
_33729_,22.2
_34181_,22.2
_37065_,22.2
_05152_,22.19
_03732_,22.18
_07903_,22.18
_08003_,22.18
_08285_,22.18
_09954_,22.18
_14212_,22.18
_14394_,22.18
_15574_,22.18
_22338_,22.18
_22981_,22.18
_25721_,22.18
_26876_,22.18
_28549_,22.18
_30275_,22.18
_30462_,22.18
_36390_,22.18
_42140_,22.18
_42348_,22.18
_07516_,22.16
_16279_,22.16
_28604_,22.16
_32017_,22.16
_34349_,22.16
_35467_,22.16
_41298_,22.16
_39730_,22.15
_02919_,22.14
_06108_,22.14
_15421_,22.14
_22045_,22.14
_24177_,22.14
_27399_,22.14
_31024_,22.14
_31912_,22.14
_33579_,22.14
_39682_,22.14
net115,22.14
_40950_,22.135
_14728_,22.13
_08887_,22.12
_09122_,22.12
_10742_,22.12
_19174_,22.12
_22187_,22.12
_25209_,22.12
_25672_,22.12
_27782_,22.12
_32211_,22.12
_32841_,22.12
_39523_,22.12
_40648_,22.12
_37884_,22.11
_07235_,22.1
_19329_,22.1
_19482_,22.1
_20584_,22.1
_29745_,22.1
_30210_,22.1
_31549_,22.1
_38466_,22.1
_11451_,22.09
_25768_,22.09
_10419_,22.08
_12239_,22.08
_14757_,22.08
_17911_,22.08
_21027_,22.08
_28304_,22.08
_31244_,22.08
_32441_,22.08
_37177_,22.08
net409,22.08
_37148_,22.07
_05561_,22.06
_12287_,22.06
_29849_,22.06
_34163_,22.06
_35353_,22.06
_35824_,22.06
_36415_,22.06
_37479_,22.06
_38078_,22.06
_23646_,22.05
_39572_,22.05
_01227_,22.04
_12524_,22.04
_17060_,22.04
_18952_,22.04
_19095_,22.04
_22728_,22.04
_27429_,22.04
_30551_,22.04
_34496_,22.04
_40714_,22.04
_00733_,22.03
_14178_,22.02
_19796_,22.02
_29199_,22.02
_31249_,22.02
_35884_,22.02
_35910_,22.02
_38017_,22.02
_38075_,22.02
_22753_,22.015
_29489_,22.01
_04392_,22
_05112_,22
_08573_,22
_12253_,22
_13643_,22
_17463_,22
_18752_,22
_21266_,22
_22134_,22
_24136_,22
_24994_,22
_29310_,22
_30753_,22
_32184_,22
_35640_,22
_37904_,22
_38340_,22
_39891_,22
_01003_,21.995
_02023_,21.98
_14796_,21.98
_22085_,21.98
_22694_,21.98
_30612_,21.98
_38093_,21.98
_40819_,21.98
_33692_,21.97
_03458_,21.96
_04333_,21.96
_10927_,21.96
_11870_,21.96
_12774_,21.96
_13755_,21.96
_16454_,21.96
_21766_,21.96
_22679_,21.96
_23911_,21.96
_26272_,21.96
_27002_,21.96
_30631_,21.96
_30996_,21.96
_31978_,21.96
_32422_,21.96
_33364_,21.96
_39240_,21.96
_41227_,21.96
_01372_,21.95
_01662_,21.95
_37086_,21.945
_08941_,21.94
_16747_,21.94
_29416_,21.94
_38397_,21.935
_02596_,21.92
_05103_,21.92
_07017_,21.92
_08514_,21.92
_13101_,21.92
_19182_,21.92
_23348_,21.92
_28410_,21.92
_31428_,21.92
_32323_,21.92
_32881_,21.92
_37054_,21.92
_39928_,21.92
_16163_,21.9
_22362_,21.9
_25779_,21.9
_26995_,21.9
_41276_,21.9
_02797_,21.88
_09424_,21.88
_14790_,21.88
_22265_,21.88
_26585_,21.88
_27055_,21.88
_32175_,21.88
_37158_,21.88
_37811_,21.87
_31138_,21.86
_33207_,21.86
_08863_,21.85
_01045_,21.84
_01935_,21.84
_04414_,21.84
_10723_,21.84
_12414_,21.84
_20305_,21.84
_20473_,21.84
_20811_,21.84
_20828_,21.84
_22242_,21.84
_22371_,21.84
_30516_,21.84
_30815_,21.84
_32303_,21.84
_38406_,21.84
_38546_,21.84
_39229_,21.84
_40401_,21.84
_01093_,21.82
_03421_,21.82
_08081_,21.82
_08962_,21.82
_16252_,21.82
_22298_,21.82
_24928_,21.82
_29623_,21.82
_09226_,21.815
_15410_,21.81
_00772_,21.8
_02637_,21.8
_19429_,21.8
_20183_,21.8
_30208_,21.8
_31470_,21.8
_33697_,21.8
_36018_,21.8
_05901_,21.795
_19877_,21.78
_34021_,21.78
_40543_,21.78
_38317_,21.77
_01420_,21.76
_02735_,21.76
_05033_,21.76
_05506_,21.76
_08903_,21.76
_14869_,21.76
_20097_,21.76
_21758_,21.76
_27105_,21.76
_31981_,21.76
_03425_,21.74
_12597_,21.74
_15750_,21.74
_21195_,21.74
_21494_,21.74
_36511_,21.74
_14144_,21.735
_17236_,21.72
_18605_,21.72
_32201_,21.72
_36118_,21.71
_02146_,21.7
_02392_,21.7
_06143_,21.7
_07439_,21.7
_11161_,21.7
_14494_,21.7
_14529_,21.7
_15513_,21.7
_23350_,21.7
_25697_,21.7
_27102_,21.7
_36524_,21.7
_38253_,21.7
_39506_,21.7
_40457_,21.7
_41826_,21.7
_38439_,21.69
_04696_,21.68
_07609_,21.68
_11794_,21.68
_19056_,21.68
_21932_,21.68
_23629_,21.68
_38771_,21.68
_41239_,21.68
_07226_,21.66
_09335_,21.66
_12108_,21.66
_13615_,21.66
_18384_,21.66
_21708_,21.66
_27349_,21.66
_29250_,21.66
_34322_,21.66
_38962_,21.66
_05372_,21.65
_39798_,21.65
_08541_,21.64
_13917_,21.64
_33841_,21.64
_37369_,21.64
_37866_,21.64
_38620_,21.64
_39930_,21.64
_41353_,21.64
_17298_,21.63
_00991_,21.62
_02261_,21.62
_07191_,21.62
_07860_,21.62
_09996_,21.62
_10920_,21.62
_13228_,21.62
_15818_,21.62
_18390_,21.62
_20652_,21.62
_22066_,21.62
_22968_,21.62
_24524_,21.62
_29327_,21.62
_30664_,21.62
_08433_,21.6
_11011_,21.6
_15098_,21.6
_15289_,21.6
_24959_,21.6
_26008_,21.6
_35796_,21.6
_39336_,21.6
_41608_,21.6
_05570_,21.59
_08211_,21.58
_08727_,21.58
_08923_,21.58
_10149_,21.58
_15253_,21.58
_15415_,21.58
_16093_,21.58
_20021_,21.58
_20765_,21.58
_32659_,21.58
_33534_,21.58
_34407_,21.58
_42319_,21.58
_10751_,21.57
_01844_,21.56
_06408_,21.56
_08908_,21.56
_09939_,21.56
_10364_,21.56
_17937_,21.56
_21873_,21.56
_23612_,21.56
_26902_,21.56
_34619_,21.56
_07893_,21.55
_38066_,21.55
_02620_,21.54
_13495_,21.54
_18801_,21.54
_26452_,21.54
_29804_,21.54
_30355_,21.54
_31223_,21.54
_35173_,21.54
_38402_,21.54
_39517_,21.54
_02236_,21.52
_02850_,21.52
_03219_,21.52
_16083_,21.52
_16306_,21.52
_26863_,21.52
_29398_,21.52
_30802_,21.52
_31464_,21.52
_38046_,21.52
_38113_,21.52
_40637_,21.52
_13116_,21.51
_16497_,21.505
_06219_,21.5
_07498_,21.5
_10759_,21.5
_17609_,21.5
_25067_,21.5
_25120_,21.5
_37841_,21.5
_39915_,21.5
_00607_,21.49
_01115_,21.48
_04621_,21.48
_08563_,21.48
_09242_,21.48
_09545_,21.48
_26386_,21.48
_27155_,21.48
_35636_,21.48
_39287_,21.48
_41213_,21.48
_41242_,21.48
_07931_,21.47
_04267_,21.46
_04457_,21.46
_08316_,21.46
_09043_,21.46
_12810_,21.46
_16100_,21.46
_18479_,21.46
_19903_,21.46
_20483_,21.46
_22286_,21.46
_26162_,21.46
_28639_,21.46
_30163_,21.46
_41723_,21.46
_01827_,21.44
_05826_,21.44
_09616_,21.44
_12988_,21.44
_15512_,21.44
_16397_,21.44
_27773_,21.44
_41111_,21.44
_41789_,21.44
_42001_,21.44
_08645_,21.435
_40980_,21.435
_01796_,21.42
_09731_,21.42
_12305_,21.42
_14128_,21.42
_14936_,21.42
_19546_,21.42
_22289_,21.42
_30926_,21.42
_31207_,21.42
_33448_,21.42
_35496_,21.42
_39382_,21.42
_40680_,21.42
_01197_,21.4
_01810_,21.4
_03446_,21.4
_04634_,21.4
_25993_,21.4
_26461_,21.4
_29001_,21.4
_28730_,21.39
_07947_,21.38
_10531_,21.38
_15711_,21.38
_17613_,21.38
_21772_,21.38
_24607_,21.38
_26932_,21.38
_30081_,21.38
_30803_,21.38
_31069_,21.38
_36826_,21.38
_37040_,21.38
_39074_,21.38
_40355_,21.38
_40419_,21.38
_41041_,21.38
_02316_,21.36
_06111_,21.36
_10263_,21.36
_16078_,21.36
_17747_,21.36
_28291_,21.36
_30663_,21.36
_37545_,21.36
_39551_,21.36
_42342_,21.36
_01153_,21.35
_33705_,21.35
_01232_,21.34
_07669_,21.34
_12224_,21.34
_18106_,21.34
_21863_,21.34
_23018_,21.34
_23711_,21.34
_26347_,21.34
_30962_,21.34
_32344_,21.34
_36828_,21.34
_39446_,21.34
_08169_,21.325
_05749_,21.32
_09292_,21.32
_13479_,21.32
_21274_,21.32
_22122_,21.32
_25574_,21.32
_28386_,21.32
_36965_,21.32
_39212_,21.32
_39743_,21.32
_42419_,21.32
net346,21.32
_01824_,21.3
_01915_,21.3
_17743_,21.3
_19154_,21.3
_19285_,21.3
_22317_,21.3
_22879_,21.3
_24162_,21.3
_24695_,21.3
_36954_,21.3
_37507_,21.3
_41681_,21.3
_01069_,21.28
_01293_,21.28
_03367_,21.28
_12415_,21.28
_16528_,21.28
_16602_,21.28
_21960_,21.28
_23282_,21.28
_28038_,21.28
_28875_,21.28
_35064_,21.28
_40367_,21.28
_42198_,21.28
_01112_,21.26
_10571_,21.26
_11200_,21.26
_18648_,21.26
_30176_,21.26
_31721_,21.26
_33883_,21.26
_36549_,21.26
_41827_,21.26
_42127_,21.26
_32327_,21.25
_00020_,21.24
_07515_,21.24
_15076_,21.24
_17453_,21.24
_19937_,21.24
_23267_,21.24
_23916_,21.24
_24317_,21.24
_29837_,21.24
_29856_,21.24
_29935_,21.24
_30476_,21.24
_38661_,21.24
_38766_,21.24
_42374_,21.24
_14638_,21.22
_14998_,21.22
_16272_,21.22
_19212_,21.22
_23684_,21.22
_31832_,21.22
_33106_,21.22
_38160_,21.22
net400,21.22
_10876_,21.21
_01169_,21.2
_02271_,21.2
_06993_,21.2
_16455_,21.2
_19815_,21.2
_19972_,21.2
_22688_,21.2
_24406_,21.2
_26942_,21.2
_28370_,21.2
_36450_,21.2
_41000_,21.2
_06259_,21.18
_11293_,21.18
_13992_,21.18
_26018_,21.18
_29656_,21.18
_31167_,21.18
_31804_,21.18
_34341_,21.18
_39454_,21.18
_39970_,21.18
_08597_,21.16
_09978_,21.16
_13086_,21.16
_15477_,21.16
_17622_,21.16
_23495_,21.16
_26969_,21.16
_29364_,21.16
_34387_,21.16
_34849_,21.16
_40577_,21.16
_41267_,21.16
_04266_,21.14
_04848_,21.14
_07182_,21.14
_07578_,21.14
_12020_,21.14
_14451_,21.14
_25105_,21.14
_39824_,21.135
_20148_,21.13
_42405_,21.125
_00511_,21.12
_07670_,21.12
_07920_,21.12
_08012_,21.12
_12404_,21.12
_16187_,21.12
_17653_,21.12
_17786_,21.12
_18241_,21.12
_21134_,21.12
_22856_,21.12
_31143_,21.12
_33186_,21.12
_34951_,21.12
_35552_,21.12
_36079_,21.12
_37030_,21.12
_41398_,21.12
_02022_,21.11
_00023_,21.1
_07565_,21.1
_15110_,21.1
_23755_,21.1
_25472_,21.1
_30260_,21.1
_33934_,21.1
_35358_,21.1
_35490_,21.1
_38146_,21.1
_42098_,21.1
_01759_,21.08
_04243_,21.08
_07367_,21.08
_07934_,21.08
_14096_,21.08
_23836_,21.08
_27508_,21.08
_29820_,21.08
_42169_,21.08
_33175_,21.07
_01958_,21.06
_01978_,21.06
_02254_,21.06
_07433_,21.06
_25555_,21.06
_34808_,21.06
_35236_,21.06
_41995_,21.06
_40517_,21.055
_31795_,21.045
_02080_,21.04
_03654_,21.04
_11914_,21.04
_14813_,21.04
_16576_,21.04
_20687_,21.04
_21217_,21.04
_26198_,21.04
_31533_,21.04
_33870_,21.04
_36908_,21.04
_36986_,21.04
_38249_,21.04
_40845_,21.04
_23609_,21.03
_32054_,21.03
_00562_,21.02
_01726_,21.02
_03065_,21.02
_04262_,21.02
_06085_,21.02
_21644_,21.02
_22323_,21.02
_28306_,21.02
_28311_,21.02
_32981_,21.02
_36805_,21.02
_39026_,21.02
_01470_,21.015
_00895_,21
_02786_,21
_13505_,21
_14664_,21
_21264_,21
_24138_,21
_25066_,21
_27577_,21
_30504_,21
_32319_,21
_32415_,21
_32968_,21
_35396_,21
_40341_,21
_01524_,20.98
_15697_,20.98
_21310_,20.98
_21834_,20.98
_22254_,20.98
_30027_,20.98
_37108_,20.98
_41367_,20.97
_02526_,20.96
_12141_,20.96
_13435_,20.96
_14519_,20.96
_15867_,20.96
_16643_,20.96
_22803_,20.96
_22875_,20.96
_34239_,20.96
_35492_,20.96
_36230_,20.96
_40882_,20.96
_03062_,20.94
_04953_,20.94
_09929_,20.94
_11349_,20.94
_16748_,20.94
_22548_,20.94
_32041_,20.94
_37751_,20.94
_39235_,20.94
_38550_,20.93
_02462_,20.92
_03387_,20.92
_03468_,20.92
_05167_,20.92
_18485_,20.92
_24714_,20.92
_37520_,20.92
_11353_,20.9
_19653_,20.9
_22824_,20.9
_23026_,20.9
_28848_,20.9
_34216_,20.9
_41288_,20.9
_03178_,20.88
_04489_,20.88
_06076_,20.88
_19124_,20.88
_23912_,20.88
_27324_,20.88
_29953_,20.88
_35348_,20.88
_38060_,20.88
_39432_,20.875
_19164_,20.87
_30974_,20.87
_36459_,20.87
_05595_,20.86
_17433_,20.86
_18111_,20.86
_18701_,20.86
_25037_,20.86
_27745_,20.86
_30003_,20.86
_31157_,20.86
stage8_inst.stage4_lower.stage2_pair0.butterfly_inst.mul_inst.b\[6\],20.86
_01031_,20.84
_01693_,20.84
_07772_,20.84
_18684_,20.84
_18915_,20.84
_25878_,20.84
_29178_,20.84
_30760_,20.84
_30955_,20.84
_38654_,20.84
net342,20.84
_01466_,20.82
_07286_,20.82
_09740_,20.82
_12229_,20.82
_27510_,20.82
_38669_,20.82
_07766_,20.815
_33916_,20.81
_09464_,20.8
_13187_,20.8
_15915_,20.8
_21845_,20.8
_24361_,20.8
_32937_,20.8
_30352_,20.795
_23507_,20.79
_09664_,20.78
_11816_,20.78
_21933_,20.78
_23368_,20.78
_25867_,20.78
_30414_,20.78
_31342_,20.78
_35827_,20.78
_37549_,20.78
_09083_,20.76
_09672_,20.76
_17012_,20.76
_23047_,20.76
_25538_,20.76
_27650_,20.76
_29174_,20.76
_29779_,20.76
_29781_,20.76
_31991_,20.76
_32282_,20.76
_37899_,20.76
_39859_,20.76
_06426_,20.75
_31243_,20.75
_01753_,20.74
_03396_,20.74
_05321_,20.74
_06752_,20.74
_09907_,20.74
_10594_,20.74
_21000_,20.74
_21154_,20.74
_22915_,20.74
_26250_,20.74
_31256_,20.74
_33469_,20.74
_33567_,20.74
_36898_,20.74
_39274_,20.74
_39874_,20.74
_04977_,20.72
_07234_,20.72
_08277_,20.72
_09381_,20.72
_14167_,20.72
_28724_,20.72
_37615_,20.72
_27746_,20.71
_31397_,20.71
_02116_,20.7
_02858_,20.7
_03014_,20.7
_03165_,20.7
_21007_,20.7
_21618_,20.7
_23324_,20.7
_25791_,20.7
_26758_,20.7
_28139_,20.7
_33037_,20.7
_33073_,20.7
_33410_,20.7
_37956_,20.7
_38119_,20.7
_39230_,20.7
_39776_,20.7
_42043_,20.7
_35097_,20.69
_07165_,20.685
_02262_,20.68
_04728_,20.68
_11397_,20.68
_12501_,20.68
_21737_,20.68
_27187_,20.68
_31600_,20.68
_36321_,20.68
_37197_,20.68
_03687_,20.66
_06340_,20.66
_07207_,20.66
_07996_,20.66
_10779_,20.66
_11608_,20.66
_18351_,20.66
_19150_,20.66
_20182_,20.66
_21211_,20.66
_24299_,20.66
_24490_,20.66
_24661_,20.66
_26396_,20.66
_28948_,20.66
_28997_,20.66
_15640_,20.655
_05327_,20.64
_06181_,20.64
_13324_,20.64
_14131_,20.64
_15431_,20.64
_29066_,20.64
_39161_,20.64
_01114_,20.62
_01208_,20.62
_01742_,20.62
_03358_,20.62
_09146_,20.62
_09785_,20.62
_20327_,20.62
_22101_,20.62
_29059_,20.62
_33845_,20.62
_34398_,20.62
_38348_,20.62
_39658_,20.62
_01035_,20.6
_02424_,20.6
_04033_,20.6
_04818_,20.6
_14239_,20.6
_19206_,20.6
_22206_,20.6
_22678_,20.6
_25972_,20.6
_31899_,20.6
_34254_,20.6
_02521_,20.58
_04055_,20.58
_06475_,20.58
_08117_,20.58
_10283_,20.58
_12002_,20.58
_16660_,20.58
_20902_,20.58
_21271_,20.58
_30690_,20.58
_33296_,20.58
_36475_,20.58
_13339_,20.575
_00679_,20.57
_09780_,20.56
_21929_,20.56
_31725_,20.56
_36293_,20.56
_01975_,20.54
_05169_,20.54
_05797_,20.54
_06321_,20.54
_07067_,20.54
_07885_,20.54
_08015_,20.54
_09627_,20.54
_11487_,20.54
_14591_,20.54
_15423_,20.54
_16976_,20.54
_17332_,20.54
_18804_,20.54
_19583_,20.54
_29788_,20.54
_39234_,20.54
_18379_,20.53
_39503_,20.53
_07680_,20.52
_18664_,20.52
_19879_,20.52
_24644_,20.52
_25336_,20.52
_28669_,20.52
_29532_,20.52
_35823_,20.52
_37087_,20.52
_40734_,20.51
_01431_,20.5
_02187_,20.5
_02666_,20.5
_04990_,20.5
_13952_,20.5
_14826_,20.5
_19473_,20.5
_21721_,20.5
_23562_,20.5
_26229_,20.5
_27562_,20.5
_34065_,20.5
_34732_,20.5
_36957_,20.5
_04215_,20.48
_05364_,20.48
_06446_,20.48
_17270_,20.48
_24038_,20.48
_24112_,20.48
_25886_,20.48
_31260_,20.48
_19898_,20.475
_18536_,20.47
_00767_,20.46
_01679_,20.46
_02030_,20.46
_06957_,20.46
_17768_,20.46
_18074_,20.46
_28671_,20.46
_39222_,20.46
_04354_,20.45
_42062_,20.45
_02771_,20.445
_03789_,20.44
_05963_,20.44
_06526_,20.44
_22278_,20.44
_29391_,20.44
_31038_,20.44
_32541_,20.44
_36744_,20.44
_36889_,20.44
_40847_,20.44
_41849_,20.44
_20874_,20.43
_24451_,20.43
_05734_,20.42
_06965_,20.42
_11356_,20.42
_11583_,20.42
_12237_,20.42
_14293_,20.42
_27074_,20.42
_32179_,20.42
_38628_,20.42
_31930_,20.415
_22213_,20.41
_38183_,20.41
_39932_,20.41
_01224_,20.4
_02450_,20.4
_04666_,20.4
_06285_,20.4
_08920_,20.4
_14873_,20.4
_16773_,20.4
_18546_,20.4
_26756_,20.4
_27810_,20.4
_29544_,20.4
_30360_,20.4
_30965_,20.4
_31371_,20.4
_31622_,20.4
_36412_,20.4
_38181_,20.4
_07702_,20.39
_12317_,20.39
_22505_,20.39
_12218_,20.38
_16108_,20.38
_16927_,20.38
_19044_,20.38
_21273_,20.38
_25726_,20.38
_27340_,20.38
_28738_,20.38
_30598_,20.38
_33559_,20.38
_34425_,20.38
_35853_,20.38
_39498_,20.38
_42427_,20.38
_00753_,20.37
_07052_,20.36
_07917_,20.36
_09237_,20.36
_12775_,20.36
_13457_,20.36
_19243_,20.36
_29029_,20.36
_30607_,20.36
_34390_,20.36
_34730_,20.36
_41086_,20.36
_12815_,20.35
_00550_,20.34
_01707_,20.34
_02137_,20.34
_10455_,20.34
_11843_,20.34
_13397_,20.34
_16799_,20.34
_17335_,20.34
_18247_,20.34
_19614_,20.34
_24290_,20.34
_25077_,20.34
_30329_,20.34
_31907_,20.34
_40779_,20.34
_41533_,20.34
_02989_,20.32
_04049_,20.32
_09526_,20.32
_13385_,20.32
_15567_,20.32
_16758_,20.32
_21700_,20.32
_21783_,20.32
_22387_,20.32
_28221_,20.32
_29043_,20.32
_29395_,20.32
_01549_,20.315
_07567_,20.31
_07729_,20.3
_10250_,20.3
_16619_,20.3
_22047_,20.3
_26175_,20.3
_27883_,20.3
_28316_,20.3
_34304_,20.3
_34667_,20.3
_34819_,20.3
net394,20.3
_06124_,20.28
_09405_,20.28
_12608_,20.28
_15761_,20.28
_18982_,20.28
_21423_,20.28
_22407_,20.28
_24335_,20.28
_26376_,20.28
_28325_,20.28
_28655_,20.28
_34807_,20.28
_36555_,20.28
_25622_,20.275
_32018_,20.275
_12113_,20.27
_24382_,20.27
_28402_,20.265
_04961_,20.26
_10177_,20.26
_13113_,20.26
_20833_,20.26
_21144_,20.26
_23046_,20.26
_23535_,20.26
_25327_,20.26
_33696_,20.26
_34362_,20.26
_36850_,20.26
_38244_,20.26
_39243_,20.26
_42365_,20.26
stage8_inst.in5\[7\],20.26
_38758_,20.25
_05002_,20.24
_06155_,20.24
_10039_,20.24
_10333_,20.24
_11015_,20.24
_11877_,20.24
_12199_,20.24
_18912_,20.24
_22564_,20.24
_27043_,20.24
_29367_,20.24
_29645_,20.24
_38346_,20.24
clknet_leaf_9_clk,20.24
_11369_,20.235
_02362_,20.22
_02872_,20.22
_13461_,20.22
_14859_,20.22
_19584_,20.22
_21456_,20.22
_21681_,20.22
_23328_,20.22
_24207_,20.22
_24214_,20.22
_34225_,20.22
_39080_,20.22
_01116_,20.2
_05132_,20.2
_09210_,20.2
_12580_,20.2
_17317_,20.2
_21209_,20.2
_21331_,20.2
_23081_,20.2
_25092_,20.2
_28056_,20.2
_29841_,20.2
_35974_,20.2
_00541_,20.19
_33937_,20.19
_07975_,20.18
_09483_,20.18
_10691_,20.18
_20946_,20.18
_22801_,20.18
_27701_,20.18
_27927_,20.18
_33447_,20.18
_41020_,20.175
_32789_,20.17
_00335_,20.16
_00432_,20.16
_00591_,20.16
_09348_,20.16
_15280_,20.16
_23456_,20.16
_24528_,20.16
_26798_,20.16
_28345_,20.16
_28380_,20.16
_30028_,20.16
_33493_,20.16
_34884_,20.16
_37039_,20.16
_37634_,20.16
_38000_,20.16
_39226_,20.16
_40472_,20.16
_05964_,20.155
_20484_,20.15
_26670_,20.145
_00796_,20.14
_11881_,20.14
_12244_,20.14
_13980_,20.14
_16721_,20.14
_21287_,20.14
_24985_,20.14
_26322_,20.14
_35238_,20.14
_38287_,20.14
_28248_,20.13
_31823_,20.13
_39866_,20.13
_01664_,20.12
_05997_,20.12
_07000_,20.12
_12126_,20.12
_22642_,20.12
_26867_,20.12
_27239_,20.12
_27359_,20.12
_30846_,20.12
_35009_,20.12
_02056_,20.1
_05263_,20.1
_11053_,20.1
_11601_,20.1
_21770_,20.1
_29426_,20.1
_30481_,20.1
_35627_,20.1
_35861_,20.1
_39935_,20.1
_19451_,20.09
_35747_,20.09
_03539_,20.08
_04394_,20.08
_05555_,20.08
_06951_,20.08
_12300_,20.08
_14863_,20.08
_16406_,20.08
_22475_,20.08
_26021_,20.08
_26152_,20.08
_26247_,20.08
_27916_,20.08
_28388_,20.08
_41571_,20.08
_35724_,20.075
_08410_,20.07
_02267_,20.06
_02445_,20.06
_18852_,20.06
_22274_,20.06
_26795_,20.06
_29283_,20.06
_12226_,20.05
_04844_,20.04
_06940_,20.04
_11000_,20.04
_13405_,20.04
_18951_,20.04
_22230_,20.04
_26727_,20.04
_28906_,20.04
_29803_,20.04
_30310_,20.04
_36122_,20.04
_38716_,20.04
_39664_,20.04
_07833_,20.03
_00667_,20.02
_03073_,20.02
_08857_,20.02
_11915_,20.02
_14499_,20.02
_14879_,20.02
_21431_,20.02
_30593_,20.02
_30896_,20.02
_33161_,20.02
_35931_,20.02
_41447_,20.02
_00495_,20
_02454_,20
_03282_,20
_03639_,20
_10242_,20
_11143_,20
_12931_,20
_13180_,20
_13723_,20
_15099_,20
_16429_,20
_27123_,20
_29597_,20
_31979_,20
_39830_,20
_24133_,19.995
net438,19.985
_03792_,19.98
_04087_,19.98
_06722_,19.98
_12451_,19.98
_17906_,19.98
_24555_,19.98
_28551_,19.98
_38156_,19.98
_41441_,19.98
_06482_,19.97
_02413_,19.96
_03965_,19.96
_12972_,19.96
_13224_,19.96
_17475_,19.96
_19358_,19.96
_20776_,19.96
_33067_,19.96
_33675_,19.96
_34443_,19.96
_34720_,19.96
_28564_,19.95
_05415_,19.945
_00821_,19.94
_02001_,19.94
_06349_,19.94
_14933_,19.94
_20251_,19.94
_26233_,19.94
_27015_,19.94
_31014_,19.94
_34557_,19.94
_39438_,19.94
_40384_,19.94
_00853_,19.92
_01213_,19.92
_01378_,19.92
_02574_,19.92
_10115_,19.92
_11509_,19.92
_20181_,19.92
_21357_,19.92
_27178_,19.92
_27980_,19.92
_28487_,19.92
_32250_,19.92
_32795_,19.92
_32966_,19.92
_33565_,19.92
_38612_,19.92
_41147_,19.92
_42271_,19.92
_29099_,19.91
_13663_,19.905
_05669_,19.9
_07115_,19.9
_14894_,19.9
_16636_,19.9
_16967_,19.9
_17764_,19.9
_18112_,19.9
_18913_,19.9
_21019_,19.9
_21664_,19.9
_31577_,19.9
_34885_,19.9
_38726_,19.9
_39902_,19.9
_40774_,19.9
_42250_,19.9
_15821_,19.89
_30929_,19.89
_00477_,19.88
_00862_,19.88
_09493_,19.88
_17326_,19.88
_18919_,19.88
_41452_,19.88
_02845_,19.86
_09601_,19.86
_13758_,19.86
_18671_,19.86
_26984_,19.86
_27116_,19.86
_27360_,19.86
_32591_,19.86
_38680_,19.86
_40422_,19.86
_05100_,19.84
_09407_,19.84
_14989_,19.84
_16565_,19.84
_19658_,19.84
_23412_,19.84
_23560_,19.84
_25307_,19.84
_26695_,19.84
_29775_,19.84
_34696_,19.84
_37815_,19.84
_40741_,19.84
_41659_,19.84
_01755_,19.82
_02226_,19.82
_06943_,19.82
_08693_,19.82
_13524_,19.82
_14772_,19.82
_27182_,19.82
_29606_,19.82
_33791_,19.82
_35722_,19.82
_38442_,19.82
_38978_,19.82
_39394_,19.82
_39462_,19.82
_24423_,19.81
_02297_,19.8
_08596_,19.8
_09847_,19.8
_15119_,19.8
_19043_,19.8
_37525_,19.8
_39755_,19.79
_01652_,19.78
_09072_,19.78
_12586_,19.78
_15917_,19.78
_15953_,19.78
_16098_,19.78
_18029_,19.78
_18329_,19.78
_21870_,19.78
_22492_,19.78
_28034_,19.78
_33415_,19.78
_38398_,19.78
_38955_,19.78
_41491_,19.78
_00677_,19.76
_05483_,19.76
_07497_,19.76
_16849_,19.76
_18538_,19.76
_20083_,19.76
_21578_,19.76
_29917_,19.76
_33027_,19.76
_34282_,19.76
_42392_,19.76
_41387_,19.755
_03813_,19.74
_11055_,19.74
_15726_,19.74
_17925_,19.74
_18449_,19.74
_21097_,19.74
_24760_,19.74
_25226_,19.74
_32502_,19.74
_33774_,19.74
_07371_,19.73
_14594_,19.72
_17114_,19.72
_32218_,19.72
_33926_,19.72
_37060_,19.715
_11235_,19.71
_37102_,19.71
_05533_,19.705
_01133_,19.7
_01973_,19.7
_02330_,19.7
_05700_,19.7
_06812_,19.7
_07938_,19.7
_08745_,19.7
_13940_,19.7
_20170_,19.7
_21259_,19.7
_33569_,19.7
_36371_,19.7
_36905_,19.7
_37176_,19.7
_40275_,19.7
_40300_,19.7
_13473_,19.695
_10104_,19.68
_11805_,19.68
_12146_,19.68
_27532_,19.68
_27837_,19.68
_30632_,19.68
_30728_,19.68
_32385_,19.68
_05953_,19.67
_04531_,19.66
_07749_,19.66
_09737_,19.66
_10833_,19.66
_10844_,19.66
_11087_,19.66
_14001_,19.66
_16700_,19.66
_20302_,19.66
_23650_,19.66
_25200_,19.66
_25370_,19.66
_26504_,19.66
_27694_,19.66
_32500_,19.66
_36487_,19.66
_36536_,19.66
_41843_,19.66
clknet_leaf_66_clk,19.66
_00897_,19.64
_08838_,19.64
_14745_,19.64
_30924_,19.64
_39237_,19.64
_39388_,19.64
_42367_,19.64
_42471_,19.64
_20292_,19.63
_38409_,19.63
_02104_,19.62
_06021_,19.62
_06445_,19.62
_18055_,19.62
_18305_,19.62
_19631_,19.62
_23434_,19.62
_24576_,19.62
_25766_,19.62
_34962_,19.62
_38029_,19.62
_40099_,19.62
_41399_,19.62
_41450_,19.615
_16440_,19.61
_34554_,19.61
_05660_,19.6
_06938_,19.6
_09144_,19.6
_10902_,19.6
_14736_,19.6
_17030_,19.6
_32066_,19.6
_32681_,19.6
_41101_,19.6
_41610_,19.6
clknet_leaf_77_clk,19.6
_12359_,19.59
_00440_,19.58
_21307_,19.58
_21634_,19.58
_23061_,19.58
_25247_,19.58
_25542_,19.58
_26035_,19.58
_26235_,19.58
_27422_,19.58
_28991_,19.58
_32419_,19.58
_34876_,19.58
_41100_,19.58
_41132_,19.58
_41822_,19.58
_05306_,19.57
_01325_,19.56
_02396_,19.56
_05197_,19.56
_12242_,19.56
_13039_,19.56
_15982_,19.56
_27238_,19.56
_38839_,19.56
_41082_,19.56
_35134_,19.55
_01380_,19.54
_10369_,19.54
_11514_,19.54
_18022_,19.54
_19083_,19.54
_20903_,19.54
_22798_,19.54
_25806_,19.54
_26190_,19.54
_26823_,19.54
_30248_,19.54
_32675_,19.54
_33896_,19.54
_35657_,19.54
_35675_,19.54
_38658_,19.54
_40210_,19.54
_26099_,19.535
_36817_,19.535
_37482_,19.535
_02506_,19.52
_02565_,19.52
_02667_,19.52
_03914_,19.52
_10130_,19.52
_13958_,19.52
_15215_,19.52
_15698_,19.52
_15874_,19.52
_19432_,19.52
_24348_,19.52
_28090_,19.52
_33809_,19.52
_33953_,19.52
_34167_,19.52
_40246_,19.52
_00801_,19.5
_01041_,19.5
_05759_,19.5
_06204_,19.5
_08846_,19.5
_11435_,19.5
_13492_,19.5
_15476_,19.5
_17427_,19.5
_19970_,19.5
_21502_,19.5
_23698_,19.5
_26497_,19.5
_32263_,19.5
_34361_,19.5
_36829_,19.5
_37150_,19.5
_39920_,19.5
_41731_,19.5
_05860_,19.495
_41210_,19.495
_01442_,19.48
_05650_,19.48
_16539_,19.48
_19479_,19.48
_26890_,19.48
_32707_,19.48
_33272_,19.48
_34546_,19.48
_38427_,19.48
_39969_,19.48
_41305_,19.48
_22394_,19.47
_00791_,19.46
_02799_,19.46
_09833_,19.46
_10291_,19.46
_13971_,19.46
_14194_,19.46
_19788_,19.46
_26764_,19.46
_27614_,19.46
_30643_,19.46
_31958_,19.46
_33682_,19.46
_34161_,19.46
_36955_,19.46
_38742_,19.46
_41815_,19.46
_42216_,19.46
_42499_,19.46
_18879_,19.45
_00497_,19.44
_03260_,19.44
_07763_,19.44
_07773_,19.44
_08462_,19.44
_11232_,19.44
_13485_,19.44
_15251_,19.44
_15978_,19.44
_17465_,19.44
_21526_,19.44
_22405_,19.44
_23036_,19.44
_23225_,19.44
_23370_,19.44
_24056_,19.44
_24720_,19.44
_25818_,19.44
_27232_,19.44
_32300_,19.44
_35373_,19.44
_35377_,19.44
_21224_,19.43
_02136_,19.42
_09770_,19.42
_19916_,19.42
_28437_,19.42
_33369_,19.42
_33408_,19.42
_33812_,19.42
_37939_,19.42
_38512_,19.42
_38578_,19.42
_38892_,19.42
_01440_,19.4
_03476_,19.4
_04035_,19.4
_10527_,19.4
_11420_,19.4
_13926_,19.4
_14943_,19.4
_22458_,19.4
_26085_,19.4
_26225_,19.4
_30037_,19.4
_32062_,19.4
_32456_,19.4
_38951_,19.4
_10212_,19.395
_07163_,19.38
_08223_,19.38
_14085_,19.38
_14567_,19.38
_17566_,19.38
_18974_,19.38
_21657_,19.38
_30441_,19.38
_30831_,19.38
_32404_,19.38
_34647_,19.38
_39139_,19.38
_39214_,19.38
_02420_,19.36
_03156_,19.36
_04699_,19.36
_05989_,19.36
_12510_,19.36
_18889_,19.36
_24457_,19.36
_24491_,19.36
_25958_,19.36
_27546_,19.36
_28400_,19.36
_29639_,19.36
_30399_,19.36
_33830_,19.36
_37805_,19.36
_38587_,19.36
_38673_,19.36
_39618_,19.36
_41701_,19.36
_01772_,19.35
_06102_,19.34
_08344_,19.34
_09639_,19.34
_10323_,19.34
_15327_,19.34
_16445_,19.34
_20025_,19.34
_22962_,19.34
_24090_,19.34
_26894_,19.34
_28202_,19.34
_28441_,19.34
_30636_,19.34
_31710_,19.34
_35516_,19.34
_29485_,19.335
_30009_,19.33
_03129_,19.32
_04083_,19.32
_05079_,19.32
_05080_,19.32
_06988_,19.32
_08504_,19.32
_13129_,19.32
_17028_,19.32
_27092_,19.32
_32038_,19.32
_36136_,19.32
_40628_,19.32
_01643_,19.3
_12290_,19.3
_16400_,19.3
_19000_,19.3
_26212_,19.3
_27683_,19.3
_30276_,19.3
_38566_,19.3
_41875_,19.3
_33266_,19.295
_31429_,19.285
_05206_,19.28
_05592_,19.28
_06935_,19.28
_09693_,19.28
_17790_,19.28
_20464_,19.28
_21626_,19.28
_24158_,19.28
_25887_,19.28
_26671_,19.28
_29586_,19.28
_29744_,19.28
_31490_,19.28
_34090_,19.28
_38691_,19.28
_40319_,19.28
_06937_,19.26
_15719_,19.26
_18838_,19.26
_19170_,19.26
_21255_,19.26
_23208_,19.26
_23638_,19.26
_23722_,19.26
_30650_,19.26
_31798_,19.26
_41947_,19.26
_00891_,19.24
_02769_,19.24
_04242_,19.24
_05027_,19.24
_06262_,19.24
_08640_,19.24
_10417_,19.24
_11937_,19.24
_12246_,19.24
_12585_,19.24
_18930_,19.24
_19576_,19.24
_21768_,19.24
_22822_,19.24
_32597_,19.24
_36301_,19.24
_37599_,19.24
_42444_,19.225
_00706_,19.22
_02461_,19.22
_03485_,19.22
_07389_,19.22
_08691_,19.22
_15142_,19.22
_23820_,19.22
_24608_,19.22
_32603_,19.22
_36474_,19.22
_07995_,19.21
_00823_,19.2
_01276_,19.2
_02649_,19.2
_05842_,19.2
_09684_,19.2
_10395_,19.2
_12679_,19.2
_22702_,19.2
_31559_,19.2
_32275_,19.2
_33730_,19.2
_38198_,19.2
_38410_,19.2
_38663_,19.2
_41561_,19.2
_37689_,19.19
_26609_,19.18
_28300_,19.18
_28886_,19.18
_38548_,19.18
_39710_,19.18
_41538_,19.18
_41915_,19.18
_03751_,19.17
_37712_,19.17
_00717_,19.16
_01476_,19.16
_06422_,19.16
_10900_,19.16
_13577_,19.16
_14197_,19.16
_14775_,19.16
_14996_,19.16
_15631_,19.16
_16036_,19.16
_18736_,19.16
_18808_,19.16
_23481_,19.16
_25619_,19.16
_27497_,19.16
_27849_,19.16
_30289_,19.16
_30867_,19.16
_31973_,19.16
_37302_,19.16
_39926_,19.16
_41008_,19.16
_12472_,19.145
_05821_,19.14
_16968_,19.14
_20509_,19.14
_23575_,19.14
_24371_,19.14
_25304_,19.14
_33609_,19.14
_36488_,19.14
_38693_,19.14
_41600_,19.14
_42143_,19.14
_28542_,19.13
_04650_,19.12
_06736_,19.12
_10100_,19.12
_16253_,19.12
_20404_,19.12
_20762_,19.12
_21623_,19.12
_28080_,19.12
_29691_,19.12
_30587_,19.12
_30618_,19.12
_32930_,19.12
_33200_,19.12
_33920_,19.12
_35237_,19.12
_35857_,19.12
_37159_,19.12
_38585_,19.12
_40215_,19.12
_40602_,19.12
_00742_,19.1
_02834_,19.1
_05884_,19.1
_06354_,19.1
_13054_,19.1
_13363_,19.1
_13453_,19.1
_20621_,19.1
_21673_,19.1
_23290_,19.1
_30302_,19.1
_31257_,19.1
_41208_,19.1
_01937_,19.08
_02043_,19.08
_06170_,19.08
_07870_,19.08
_11562_,19.08
_12249_,19.08
_21107_,19.08
_25193_,19.08
_25952_,19.08
_31045_,19.08
_35782_,19.08
_40121_,19.08
_41852_,19.08
_07767_,19.07
_00984_,19.06
_05273_,19.06
_06745_,19.06
_09159_,19.06
_18223_,19.06
_20122_,19.06
_21621_,19.06
_22461_,19.06
_22713_,19.06
_23554_,19.06
_23771_,19.06
_26408_,19.06
_29912_,19.06
_30107_,19.06
_34742_,19.06
_37821_,19.06
_41652_,19.06
_27459_,19.055
_35573_,19.055
_00512_,19.04
_01061_,19.04
_04300_,19.04
_06878_,19.04
_09782_,19.04
_09825_,19.04
_16369_,19.04
_20433_,19.04
_22257_,19.04
_23413_,19.04
_24107_,19.04
_24739_,19.04
_26940_,19.04
_28817_,19.04
_35917_,19.04
_41333_,19.04
_17362_,19.03
_00809_,19.02
_01668_,19.02
_02728_,19.02
_04309_,19.02
_04837_,19.02
_05172_,19.02
_08750_,19.02
_13015_,19.02
_17672_,19.02
_18419_,19.02
_19079_,19.02
_21383_,19.02
_22224_,19.02
_25393_,19.02
_27214_,19.02
_27317_,19.02
_28078_,19.02
_28122_,19.02
_30016_,19.02
_31048_,19.02
_31815_,19.02
_34507_,19.02
_40761_,19.02
_42540_,19.02
_10944_,19.015
_27536_,19.015
_32683_,19.015
_04097_,19
_05984_,19
_07114_,19
_08350_,19
_10266_,19
_11659_,19
_16601_,19
_17090_,19
_24660_,19
_27863_,19
_31077_,19
_32672_,19
_35428_,19
_35963_,19
_38798_,19
_40379_,19
_41164_,19
_41516_,19
_21868_,18.995
_07420_,18.98
_10573_,18.98
_14132_,18.98
_14206_,18.98
_16767_,18.98
_17899_,18.98
_21388_,18.98
_22112_,18.98
_26773_,18.98
_29045_,18.98
_29335_,18.98
_29424_,18.98
_30245_,18.98
_32058_,18.98
_36311_,18.98
_38760_,18.98
_39410_,18.98
_17319_,18.97
_08544_,18.96
_15672_,18.96
_23056_,18.96
_23998_,18.96
_26463_,18.96
_28628_,18.96
_30633_,18.96
_34002_,18.96
_34411_,18.96
_34454_,18.96
_38699_,18.96
_41388_,18.96
_41836_,18.96
_17696_,18.955
_29631_,18.945
_02470_,18.94
_08786_,18.94
_10157_,18.94
_17996_,18.94
_18147_,18.94
_18224_,18.94
_18659_,18.94
_18834_,18.94
_18927_,18.94
_23783_,18.94
_29368_,18.94
_32135_,18.94
_35869_,18.94
_38556_,18.94
_38657_,18.94
_38918_,18.94
_40231_,18.94
_39219_,18.935
_05190_,18.92
_05841_,18.92
_07691_,18.92
_08537_,18.92
_10256_,18.92
_12645_,18.92
_12777_,18.92
_14117_,18.92
_18739_,18.92
_22197_,18.92
_31423_,18.92
_31895_,18.92
_37612_,18.92
_40404_,18.92
_00850_,18.9
_01021_,18.9
_03211_,18.9
_03670_,18.9
_05004_,18.9
_12310_,18.9
_13051_,18.9
_14969_,18.9
_18397_,18.9
_20435_,18.9
_22607_,18.9
_24331_,18.9
_24733_,18.9
_26910_,18.9
_27300_,18.9
_31740_,18.9
_38077_,18.9
_38695_,18.9
_03690_,18.895
_00998_,18.88
_11092_,18.88
_13036_,18.88
_18859_,18.88
_21554_,18.88
_21599_,18.88
_24948_,18.88
_26161_,18.88
_30486_,18.88
_35865_,18.88
_38906_,18.88
_00876_,18.86
_02564_,18.86
_10374_,18.86
_10601_,18.86
_10656_,18.86
_11737_,18.86
_12754_,18.86
_13124_,18.86
_14694_,18.86
_17523_,18.86
_19683_,18.86
_22148_,18.86
_23312_,18.86
_25659_,18.86
_26992_,18.86
_27183_,18.86
_28179_,18.86
_28434_,18.86
_29158_,18.86
_29306_,18.86
_30766_,18.86
_32306_,18.86
_32610_,18.86
_33863_,18.86
_35407_,18.86
_38788_,18.86
_38842_,18.86
_39155_,18.86
_40706_,18.86
_10716_,18.84
_11743_,18.84
_13147_,18.84
_13494_,18.84
_20667_,18.84
_24042_,18.84
_24897_,18.84
_28606_,18.84
_41375_,18.84
_42065_,18.84
_05318_,18.82
_07953_,18.82
_08591_,18.82
_10244_,18.82
_10946_,18.82
_12458_,18.82
_12707_,18.82
_14569_,18.82
_15736_,18.82
_21031_,18.82
_21173_,18.82
_21280_,18.82
_21831_,18.82
_22997_,18.82
_27453_,18.82
_28620_,18.82
_30455_,18.82
_42094_,18.82
_04398_,18.8
_05818_,18.8
_07117_,18.8
_09321_,18.8
_10014_,18.8
_10334_,18.8
_17513_,18.8
_22539_,18.8
_23433_,18.8
_36244_,18.8
_36745_,18.8
_38727_,18.8
_42384_,18.8
_00827_,18.79
_04477_,18.78
_11459_,18.78
_13691_,18.78
_15549_,18.78
_15645_,18.78
_22814_,18.78
_23293_,18.78
_26108_,18.78
_26601_,18.78
_27248_,18.78
_31145_,18.78
_32687_,18.78
_33189_,18.78
_35337_,18.78
_39255_,18.78
_39792_,18.78
_03423_,18.76
_10411_,18.76
_10599_,18.76
_11333_,18.76
_11774_,18.76
_13808_,18.76
_23127_,18.76
_31068_,18.76
_32106_,18.76
_39457_,18.76
_12274_,18.75
_12355_,18.75
_04492_,18.74
_07572_,18.74
_20794_,18.74
_22825_,18.74
_24060_,18.74
_24532_,18.74
_26267_,18.74
_29054_,18.74
_29278_,18.74
_31196_,18.74
_32115_,18.74
_33718_,18.74
_34933_,18.74
_37095_,18.74
_37101_,18.74
_39929_,18.74
_26856_,18.73
_04927_,18.72
_09330_,18.72
_12204_,18.72
_20017_,18.72
_30763_,18.72
_33004_,18.72
_35442_,18.72
_35968_,18.72
_39955_,18.72
_40296_,18.72
_40772_,18.72
_00861_,18.7
_05287_,18.7
_05594_,18.7
_08013_,18.7
_10829_,18.7
_12363_,18.7
_12937_,18.7
_15511_,18.7
_17565_,18.7
_18414_,18.7
_18423_,18.7
_19899_,18.7
_23449_,18.7
_25935_,18.7
_26703_,18.7
_30008_,18.7
_33486_,18.7
_38510_,18.7
_38917_,18.7
_38941_,18.7
_41494_,18.7
net114,18.7
net262,18.7
_04517_,18.68
_11081_,18.68
_11123_,18.68
_11351_,18.68
_11606_,18.68
_14375_,18.68
_22178_,18.68
_22215_,18.68
_23438_,18.68
_31029_,18.68
_34764_,18.68
_35888_,18.68
_37798_,18.68
_40176_,18.68
_40890_,18.68
_41366_,18.68
_36104_,18.67
_00007_,18.66
_00481_,18.66
_02863_,18.66
_04257_,18.66
_09401_,18.66
_09538_,18.66
_09999_,18.66
_12757_,18.66
_17227_,18.66
_21351_,18.66
_21427_,18.66
_21842_,18.66
_22084_,18.66
_23358_,18.66
_28368_,18.66
_31410_,18.66
_31719_,18.66
_32301_,18.66
_34480_,18.66
_37178_,18.66
_38833_,18.66
_40515_,18.66
_40837_,18.66
_05760_,18.655
_25019_,18.65
_04370_,18.64
_04651_,18.64
_07713_,18.64
_12785_,18.64
_17677_,18.64
_26873_,18.64
_30914_,18.64
_32532_,18.64
_33796_,18.64
_38996_,18.64
_40719_,18.64
_03934_,18.62
_04509_,18.62
_10106_,18.62
_19926_,18.62
_20611_,18.62
_20619_,18.62
_21396_,18.62
_23432_,18.62
_27406_,18.62
_28870_,18.62
_29170_,18.62
_29958_,18.62
_30087_,18.62
_30175_,18.62
_33402_,18.62
_33938_,18.62
_35185_,18.62
_35294_,18.62
_37031_,18.62
_37389_,18.62
_38415_,18.62
_38560_,18.62
_40953_,18.62
_01404_,18.6
_10709_,18.6
_11927_,18.6
_13040_,18.6
_16384_,18.6
_19941_,18.6
_30007_,18.6
_35328_,18.6
_40998_,18.6
_41745_,18.6
_06594_,18.59
_03061_,18.58
_03179_,18.58
_05265_,18.58
_08298_,18.58
_11414_,18.58
_15003_,18.58
_17730_,18.58
_21448_,18.58
_26957_,18.58
_27657_,18.58
_29384_,18.58
_30136_,18.58
_30511_,18.58
_31812_,18.58
_33234_,18.58
_34451_,18.58
_35906_,18.58
_37648_,18.58
_32309_,18.575
_39766_,18.57
_04276_,18.56
_06141_,18.56
_11822_,18.56
_17542_,18.56
_20010_,18.56
_25797_,18.56
_29355_,18.56
_29472_,18.56
_30195_,18.56
_30885_,18.56
_33332_,18.56
_34146_,18.56
_37225_,18.56
_39472_,18.56
_01903_,18.54
_02189_,18.54
_03442_,18.54
_03748_,18.54
_05340_,18.54
_05939_,18.54
_06519_,18.54
_07092_,18.54
_11115_,18.54
_14196_,18.54
_16309_,18.54
_22453_,18.54
_23093_,18.54
_29836_,18.54
_30697_,18.54
_33948_,18.54
_34350_,18.54
_37124_,18.54
_39337_,18.54
_39596_,18.54
_40544_,18.54
_41136_,18.54
_17039_,18.535
_24368_,18.535
_01554_,18.52
_02381_,18.52
_02903_,18.52
_03430_,18.52
_04847_,18.52
_05408_,18.52
_05502_,18.52
_06089_,18.52
_09933_,18.52
_10025_,18.52
_10529_,18.52
_21199_,18.52
_21991_,18.52
_23600_,18.52
_24017_,18.52
_24075_,18.52
_26138_,18.52
_27152_,18.52
_29232_,18.52
_31442_,18.52
_33756_,18.52
_35288_,18.52
_38551_,18.52
net385,18.52
_26424_,18.515
_02258_,18.5
_05838_,18.5
_06948_,18.5
_07644_,18.5
_14056_,18.5
_15214_,18.5
_16054_,18.5
_16746_,18.5
_17815_,18.5
_18166_,18.5
_29582_,18.5
_37094_,18.5
_38571_,18.5
_42171_,18.5
_10384_,18.49
_08545_,18.48
_09533_,18.48
_11865_,18.48
_12329_,18.48
_13120_,18.48
_13380_,18.48
_20678_,18.48
_26469_,18.48
_27724_,18.48
_27735_,18.48
_37121_,18.48
_41812_,18.48
_42071_,18.48
_32067_,18.475
_00885_,18.47
_34552_,18.47
_10939_,18.46
_12800_,18.46
_21078_,18.46
_30491_,18.46
_31091_,18.46
_32149_,18.46
_33851_,18.46
_35815_,18.46
_37286_,18.46
_37657_,18.46
_40436_,18.46
_00867_,18.44
_05627_,18.44
_07220_,18.44
_07558_,18.44
_08145_,18.44
_10273_,18.44
_10781_,18.44
_17192_,18.44
_19085_,18.44
_19372_,18.44
_19995_,18.44
_24447_,18.44
_27556_,18.44
_28348_,18.44
_29783_,18.44
_30387_,18.44
_31383_,18.44
_33185_,18.44
_38899_,18.44
_40536_,18.44
_42404_,18.44
_20574_,18.43
_01792_,18.42
_02360_,18.42
_02837_,18.42
_14595_,18.42
_16000_,18.42
_24829_,18.42
_25203_,18.42
_25530_,18.42
_29506_,18.42
_31980_,18.42
_34247_,18.42
_35769_,18.42
_37661_,18.42
_02595_,18.4
_04416_,18.4
_07979_,18.4
_09716_,18.4
_10643_,18.4
_11238_,18.4
_11823_,18.4
_12407_,18.4
_15551_,18.4
_16196_,18.4
_25362_,18.4
_26612_,18.4
_28120_,18.4
_28956_,18.4
_29157_,18.4
_30291_,18.4
_30719_,18.4
_33698_,18.4
_38773_,18.4
_41140_,18.4
_41477_,18.4
net253,18.4
_19746_,18.39
_20773_,18.39
_30342_,18.39
_34491_,18.39
_07102_,18.38
_15377_,18.38
_17531_,18.38
_18465_,18.38
_18509_,18.38
_18745_,18.38
_37025_,18.38
_15608_,18.375
_10148_,18.37
_20896_,18.37
_41150_,18.37
_18443_,18.365
_02383_,18.36
_02543_,18.36
_04536_,18.36
_05871_,18.36
_06631_,18.36
_06913_,18.36
_08629_,18.36
_10584_,18.36
_21843_,18.36
_22370_,18.36
_24650_,18.36
_30907_,18.36
_31480_,18.36
_34806_,18.36
_39972_,18.36
_40957_,18.36
_05559_,18.355
_03170_,18.34
_04747_,18.34
_23239_,18.34
_24537_,18.34
_25770_,18.34
_26569_,18.34
_28333_,18.34
_29268_,18.34
net167,18.34
_02112_,18.32
_04295_,18.32
_04407_,18.32
_06433_,18.32
_08265_,18.32
_09956_,18.32
_15161_,18.32
_18047_,18.32
_20995_,18.32
_21476_,18.32
_25039_,18.32
_26559_,18.32
_32133_,18.32
_35592_,18.32
_36880_,18.32
_37213_,18.32
_37756_,18.32
_41671_,18.32
_41973_,18.32
net227,18.32
_10622_,18.31
_01418_,18.3
_01743_,18.3
_10135_,18.3
_12403_,18.3
_14690_,18.3
_27410_,18.3
_29457_,18.3
_35872_,18.3
_36892_,18.3
_40170_,18.3
_40656_,18.3
net187,18.3
_33671_,18.29
_00542_,18.28
_02395_,18.28
_03746_,18.28
_04142_,18.28
_06922_,18.28
_10239_,18.28
_16516_,18.28
_17194_,18.28
_17580_,18.28
_18954_,18.28
_19084_,18.28
_27854_,18.28
_28670_,18.28
_30669_,18.28
_35028_,18.28
_37068_,18.28
_39412_,18.28
_12187_,18.27
_12324_,18.27
_40077_,18.27
_02902_,18.26
_08796_,18.26
_13259_,18.26
_14858_,18.26
_16456_,18.26
_18953_,18.26
_28524_,18.26
_28536_,18.26
_34435_,18.26
_42381_,18.25
_02517_,18.24
_04186_,18.24
_12032_,18.24
_15844_,18.24
_17167_,18.24
_19949_,18.24
_20104_,18.24
_30138_,18.24
_32040_,18.24
_39690_,18.24
_40208_,18.24
_04290_,18.235
_39220_,18.235
_12975_,18.23
_15254_,18.23
_00429_,18.22
_02924_,18.22
_11260_,18.22
_11766_,18.22
_12893_,18.22
_17404_,18.22
_20834_,18.22
_31044_,18.22
_32243_,18.22
_33784_,18.22
_37515_,18.22
_42082_,18.22
_01963_,18.2
_06385_,18.2
_10713_,18.2
_13416_,18.2
_17508_,18.2
_19589_,18.2
_19737_,18.2
_19797_,18.2
_19987_,18.2
_20782_,18.2
_21928_,18.2
_22145_,18.2
_23596_,18.2
_26025_,18.2
_27405_,18.2
_28516_,18.2
_30252_,18.2
_34240_,18.2
_34984_,18.2
_36904_,18.195
_13459_,18.18
_17646_,18.18
_17848_,18.18
_23175_,18.18
_30479_,18.18
_34609_,18.18
_36847_,18.18
_38055_,18.18
_38840_,18.18
_41091_,18.18
_22546_,18.17
_02062_,18.16
_02446_,18.16
_07023_,18.16
_09620_,18.16
_10388_,18.16
_12760_,18.16
_17420_,18.16
_26413_,18.16
_30956_,18.16
_33976_,18.16
_37032_,18.16
_02165_,18.14
_09899_,18.14
_22730_,18.14
_24649_,18.14
_26303_,18.14
_26831_,18.14
_28680_,18.14
_29407_,18.14
_32333_,18.14
_33608_,18.14
_33786_,18.14
_34644_,18.14
_38485_,18.14
_39201_,18.14
_40633_,18.14
_04082_,18.13
_24129_,18.13
_24638_,18.125
_07461_,18.12
_07690_,18.12
_08487_,18.12
_15725_,18.12
_17034_,18.12
_23403_,18.12
_23951_,18.12
_24828_,18.12
_26079_,18.12
_27034_,18.12
_28075_,18.12
_30500_,18.12
_34910_,18.12
_36840_,18.12
_08587_,18.115
_11913_,18.115
_02738_,18.1
_03791_,18.1
_04604_,18.1
_05153_,18.1
_06348_,18.1
_09490_,18.1
_15299_,18.1
_20130_,18.1
_20132_,18.1
_24289_,18.1
_25938_,18.1
_30640_,18.1
_33080_,18.1
_04979_,18.09
_33885_,18.09
_03453_,18.08
_05782_,18.08
_05975_,18.08
_12982_,18.08
_13140_,18.08
_16094_,18.08
_18262_,18.08
_22431_,18.08
_22452_,18.08
_23523_,18.08
_27582_,18.08
_28959_,18.08
_33843_,18.08
_37036_,18.08
net415,18.08
_00860_,18.06
_08246_,18.06
_13276_,18.06
_16712_,18.06
_19946_,18.06
_21440_,18.06
_22922_,18.06
_24533_,18.06
_26892_,18.06
_30180_,18.06
_31221_,18.06
_33997_,18.06
_37330_,18.06
_38545_,18.06
_38676_,18.06
_41299_,18.06
_08513_,18.05
_19492_,18.05
_05182_,18.04
_10818_,18.04
_19740_,18.04
_27148_,18.04
_30356_,18.04
_31046_,18.04
_31987_,18.04
_35141_,18.04
_37310_,18.04
_08783_,18.035
_14607_,18.03
_01156_,18.02
_01468_,18.02
_02149_,18.02
_02179_,18.02
_09403_,18.02
_09689_,18.02
_10018_,18.02
_10676_,18.02
_12623_,18.02
_15103_,18.02
_22349_,18.02
_27933_,18.02
_34689_,18.02
_35266_,18.02
_38882_,18.02
_40713_,18.02
_25955_,18.01
_01518_,18
_02759_,18
_05237_,18
_05383_,18
_17234_,18
_24781_,18
_32271_,18
_33223_,18
_37511_,18
_37564_,18
_39833_,18
_06559_,17.985
_01802_,17.98
_05445_,17.98
_11548_,17.98
_15366_,17.98
_21857_,17.98
_23000_,17.98
_29863_,17.98
_34004_,17.98
_38954_,17.98
_10258_,17.96
_12038_,17.96
_14061_,17.96
_17026_,17.96
_24521_,17.96
_26891_,17.96
_31366_,17.96
_31805_,17.96
_34836_,17.96
_39148_,17.96
_39753_,17.96
_41943_,17.96
net407,17.96
_26114_,17.95
_00523_,17.94
_02191_,17.94
_03512_,17.94
_04169_,17.94
_04252_,17.94
_04411_,17.94
_08049_,17.94
_10934_,17.94
_12994_,17.94
_15498_,17.94
_22087_,17.94
_23975_,17.94
_29895_,17.94
_30736_,17.94
_33677_,17.94
_33945_,17.94
_34955_,17.94
_37114_,17.94
_37529_,17.94
_38196_,17.94
_38698_,17.94
_19989_,17.93
_29991_,17.925
_03172_,17.92
_12311_,17.92
_12689_,17.92
_16544_,17.92
_28507_,17.92
_37026_,17.92
_37585_,17.92
_39047_,17.92
_39640_,17.92
_42074_,17.92
_00589_,17.9
_04638_,17.9
_08810_,17.9
_08828_,17.9
_09839_,17.9
_10477_,17.9
_15927_,17.9
_26660_,17.9
_26833_,17.9
_26875_,17.9
_26999_,17.9
_27142_,17.9
_28053_,17.9
_28113_,17.9
_28980_,17.9
_31047_,17.9
_31916_,17.9
_32015_,17.9
_33436_,17.9
_36914_,17.9
_40672_,17.9
_40731_,17.9
net213,17.9
_01862_,17.88
_04456_,17.88
_09991_,17.88
_10248_,17.88
_12863_,17.88
_14921_,17.88
_18733_,17.88
_29527_,17.88
_32222_,17.88
_38688_,17.875
_00387_,17.86
_01957_,17.86
_02972_,17.86
_03556_,17.86
_04140_,17.86
_12344_,17.86
_18795_,17.86
_21197_,17.86
_23317_,17.86
_25332_,17.86
_25960_,17.86
_26363_,17.86
_27112_,17.86
_31962_,17.86
_32450_,17.86
_33819_,17.86
_36836_,17.86
_40967_,17.86
_05761_,17.85
_27426_,17.85
_01122_,17.84
_09713_,17.84
_10966_,17.84
_11728_,17.84
_12758_,17.84
_13783_,17.84
_18623_,17.84
_19550_,17.84
_34818_,17.84
_38004_,17.84
_38618_,17.84
_04931_,17.82
_07172_,17.82
_11647_,17.82
_14355_,17.82
_17129_,17.82
_18334_,17.82
_21257_,17.82
_22019_,17.82
_23218_,17.82
_23519_,17.82
_25189_,17.82
_26581_,17.82
_29122_,17.82
_31891_,17.82
_32797_,17.82
_35920_,17.82
_37113_,17.82
_39202_,17.82
_41473_,17.82
_00824_,17.8
_01150_,17.8
_04195_,17.8
_11812_,17.8
_11863_,17.8
_13230_,17.8
_23548_,17.8
_27960_,17.8
_30852_,17.8
_36146_,17.8
_00460_,17.78
_01405_,17.78
_03497_,17.78
_04591_,17.78
_08607_,17.78
_09416_,17.78
_09487_,17.78
_14566_,17.78
_16085_,17.78
_16321_,17.78
_17123_,17.78
_19233_,17.78
_19875_,17.78
_26872_,17.78
_27643_,17.78
_28301_,17.78
_31098_,17.78
_31918_,17.78
_33283_,17.78
_33307_,17.78
_34651_,17.78
_35027_,17.78
_37236_,17.78
_37759_,17.78
_40806_,17.78
_01895_,17.76
_18507_,17.76
_19457_,17.76
_25874_,17.76
_26368_,17.76
_29618_,17.76
_34646_,17.76
_35645_,17.76
_08866_,17.74
_09903_,17.74
_12030_,17.74
_24045_,17.74
_27668_,17.74
_28866_,17.74
_32943_,17.74
_36417_,17.74
_04800_,17.735
_16868_,17.735
_18183_,17.73
_09278_,17.72
_14717_,17.72
_19732_,17.72
_27192_,17.72
_29168_,17.72
_29676_,17.72
_30372_,17.72
_32245_,17.72
_32625_,17.72
_36254_,17.72
_38228_,17.72
_39006_,17.72
_00678_,17.7
_06271_,17.7
_09721_,17.7
_10152_,17.7
_11935_,17.7
_13031_,17.7
_14627_,17.7
_14696_,17.7
_14922_,17.7
_18194_,17.7
_19558_,17.7
_20062_,17.7
_20276_,17.7
_21575_,17.7
_22497_,17.7
_32736_,17.7
_33281_,17.7
_34367_,17.7
_36740_,17.7
_37632_,17.7
_37636_,17.7
_39233_,17.7
_39367_,17.7
_41271_,17.7
_22267_,17.695
_30882_,17.695
_14636_,17.69
_36038_,17.69
_01473_,17.68
_02874_,17.68
_08656_,17.68
_12590_,17.68
_12648_,17.68
_15680_,17.68
_16932_,17.68
_17479_,17.68
_21089_,17.68
_24616_,17.68
_26360_,17.68
_28782_,17.68
_31709_,17.68
_38139_,17.68
_38246_,17.68
_39364_,17.68
_39502_,17.68
_41127_,17.68
_38416_,17.67
_03380_,17.66
_07875_,17.66
_11031_,17.66
_11089_,17.66
_11799_,17.66
_20996_,17.66
_23545_,17.66
_25453_,17.66
_30036_,17.66
_32798_,17.66
_34635_,17.66
_37010_,17.66
_37193_,17.66
_19006_,17.655
_01106_,17.64
_01457_,17.64
_01718_,17.64
_02886_,17.64
_03582_,17.64
_12892_,17.64
_19859_,17.64
_22108_,17.64
_25763_,17.64
_26628_,17.64
_32417_,17.64
_34009_,17.64
_35284_,17.64
_35315_,17.64
_35848_,17.64
_35930_,17.64
_37980_,17.64
_39985_,17.64
_01052_,17.62
_02051_,17.62
_04031_,17.62
_06539_,17.62
_09279_,17.62
_09297_,17.62
_11631_,17.62
_11959_,17.62
_13957_,17.62
_17644_,17.62
_17648_,17.62
_20573_,17.62
_21070_,17.62
_24903_,17.62
_27330_,17.62
_28921_,17.62
_29634_,17.62
_32304_,17.62
_32445_,17.62
_37014_,17.62
_40480_,17.62
_40606_,17.62
_40807_,17.62
_26415_,17.615
_23435_,17.61
_00028_,17.6
_01422_,17.6
_01552_,17.6
_02203_,17.6
_04919_,17.6
_06006_,17.6
_06661_,17.6
_08917_,17.6
_11439_,17.6
_12380_,17.6
_13095_,17.6
_18373_,17.6
_18489_,17.6
_20091_,17.6
_32563_,17.6
_33129_,17.6
_33731_,17.6
_36115_,17.6
_38361_,17.6
_40958_,17.6
_41281_,17.6
_01922_,17.59
_01210_,17.58
_01501_,17.58
_03778_,17.58
_08331_,17.58
_12098_,17.58
_27138_,17.58
_29865_,17.58
_31316_,17.58
_32624_,17.58
_35727_,17.58
_36264_,17.58
_36279_,17.58
_37192_,17.58
_37580_,17.58
_42097_,17.58
_32629_,17.57
_03849_,17.56
_08874_,17.56
_11578_,17.56
_14910_,17.56
_16715_,17.56
_17624_,17.56
_22164_,17.56
_26530_,17.56
_28977_,17.56
_30177_,17.56
_35660_,17.56
_37731_,17.56
_38197_,17.56
_41141_,17.56
_41152_,17.56
_42324_,17.56
_00709_,17.54
_00784_,17.54
_03398_,17.54
_04465_,17.54
_05397_,17.54
_06249_,17.54
_09787_,17.54
_13383_,17.54
_20747_,17.54
_22828_,17.54
_24234_,17.54
_24250_,17.54
_32332_,17.54
_33382_,17.54
_34497_,17.54
_34719_,17.54
_34770_,17.54
_24377_,17.53
_01018_,17.52
_01141_,17.52
_02304_,17.52
_08294_,17.52
_08697_,17.52
_09706_,17.52
_09747_,17.52
_10827_,17.52
_12096_,17.52
_12624_,17.52
_14186_,17.52
_16474_,17.52
_25802_,17.52
_26041_,17.52
_26358_,17.52
_31565_,17.52
_32701_,17.52
_32879_,17.52
_32983_,17.52
_33561_,17.52
_33985_,17.52
_36873_,17.52
_40728_,17.52
_41871_,17.52
net217,17.52
_03271_,17.51
_29518_,17.51
_04542_,17.5
_06653_,17.5
_07701_,17.5
_08807_,17.5
_13156_,17.5
_13898_,17.5
_30738_,17.5
_33297_,17.5
_34859_,17.5
_38524_,17.5
_38832_,17.5
_39466_,17.5
_02388_,17.48
_05605_,17.48
_07152_,17.48
_10661_,17.48
_22727_,17.48
_23529_,17.48
_26147_,17.48
_26343_,17.48
_30451_,17.48
_34415_,17.48
_36791_,17.48
_37059_,17.48
_37120_,17.48
_18026_,17.47
_38700_,17.47
_04431_,17.46
_05775_,17.46
_16244_,17.46
_19067_,17.46
_23795_,17.46
_31707_,17.46
_37557_,17.46
_38701_,17.46
_38991_,17.46
_40308_,17.46
_36888_,17.455
_00881_,17.45
_02376_,17.44
_03555_,17.44
_06902_,17.44
_07099_,17.44
_08579_,17.44
_09380_,17.44
_12715_,17.44
_13105_,17.44
_15046_,17.44
_16804_,17.44
_17709_,17.44
_21022_,17.44
_22681_,17.44
_28693_,17.44
_37208_,17.44
_42466_,17.44
_00490_,17.43
_05491_,17.42
_15381_,17.42
_27432_,17.42
_27804_,17.42
_31178_,17.42
_39228_,17.42
_22199_,17.41
_29778_,17.405
_03990_,17.4
_04454_,17.4
_05822_,17.4
_09936_,17.4
_11063_,17.4
_12000_,17.4
_12962_,17.4
_15972_,17.4
_17364_,17.4
_19139_,17.4
_19151_,17.4
_19365_,17.4
_23705_,17.4
_24114_,17.4
_31162_,17.4
_32315_,17.4
_32996_,17.4
_34354_,17.4
_35324_,17.4
_36633_,17.4
_37608_,17.4
_37894_,17.4
_37945_,17.4
_38221_,17.4
_38625_,17.4
_19142_,17.395
_06173_,17.38
_07122_,17.38
_07541_,17.38
_16071_,17.38
_19368_,17.38
_25534_,17.38
_25747_,17.38
_26380_,17.38
_28376_,17.38
_33211_,17.38
_05026_,17.36
_07078_,17.36
_12816_,17.36
_14039_,17.36
_15784_,17.36
_19259_,17.36
_22330_,17.36
_23030_,17.36
_23454_,17.36
_26120_,17.36
_27591_,17.36
_28143_,17.36
_28897_,17.36
_34455_,17.36
_35913_,17.36
_36526_,17.36
_37168_,17.36
_38006_,17.36
_38438_,17.36
_40492_,17.36
_38584_,17.355
_25184_,17.35
_14496_,17.34
_19326_,17.34
_19568_,17.34
_19962_,17.34
_20138_,17.34
_20607_,17.34
_22003_,17.34
_24582_,17.34
_27344_,17.34
_33728_,17.34
_36477_,17.34
_39188_,17.34
_06331_,17.33
_23509_,17.33
_01725_,17.32
_03257_,17.32
_11708_,17.32
_12568_,17.32
_13734_,17.32
_21325_,17.32
_22917_,17.32
_30452_,17.32
_35472_,17.32
_38311_,17.32
_38746_,17.32
_40276_,17.32
_08715_,17.31
_00006_,17.3
_00187_,17.3
_01247_,17.3
_03019_,17.3
_03465_,17.3
_04683_,17.3
_05581_,17.3
_07874_,17.3
_08488_,17.3
_11128_,17.3
_16351_,17.3
_17205_,17.3
_17558_,17.3
_21613_,17.3
_22650_,17.3
_26596_,17.3
_33002_,17.3
_38475_,17.3
_39904_,17.3
_07392_,17.295
_34747_,17.29
_36948_,17.29
_00852_,17.28
_01091_,17.28
_04543_,17.28
_05479_,17.28
_09400_,17.28
_10771_,17.28
_14623_,17.28
_16017_,17.28
_17770_,17.28
_22102_,17.28
_23394_,17.28
_24768_,17.28
_25674_,17.28
_27472_,17.28
_28162_,17.28
_30388_,17.28
_34057_,17.28
_34195_,17.28
_37952_,17.28
_38785_,17.28
_38981_,17.28
_41709_,17.28
_41853_,17.28
_06479_,17.27
_14149_,17.265
_06164_,17.26
_07411_,17.26
_12185_,17.26
_13896_,17.26
_15132_,17.26
_28756_,17.26
_29380_,17.26
_29898_,17.26
_36344_,17.26
_11563_,17.255
_00917_,17.24
_01164_,17.24
_09893_,17.24
_20991_,17.24
_25417_,17.24
_25545_,17.24
_28024_,17.24
_30466_,17.24
_34085_,17.24
_37191_,17.24
_39349_,17.24
_39688_,17.24
_40432_,17.24
_06542_,17.235
_11175_,17.225
_09915_,17.22
_11072_,17.22
_15931_,17.22
_22526_,17.22
_25316_,17.22
_34718_,17.22
_38344_,17.22
_38353_,17.22
_40533_,17.22
_16113_,17.21
_34909_,17.21
_01152_,17.2
_01438_,17.2
_03015_,17.2
_11004_,17.2
_21589_,17.2
_21836_,17.2
_24383_,17.2
_30026_,17.2
_31343_,17.2
_32641_,17.2
_33670_,17.2
_38553_,17.2
_39142_,17.2
_12833_,17.19
_15358_,17.19
_00898_,17.18
_02276_,17.18
_03572_,17.18
_05143_,17.18
_06626_,17.18
_09532_,17.18
_09798_,17.18
_11672_,17.18
_16066_,17.18
_17650_,17.18
_17997_,17.18
_18731_,17.18
_20400_,17.18
_22299_,17.18
_22613_,17.18
_22823_,17.18
_23943_,17.18
_27697_,17.18
_28592_,17.18
_28618_,17.18
_29076_,17.18
_31264_,17.18
_32676_,17.18
_33275_,17.18
_35243_,17.18
_35498_,17.18
_36739_,17.18
_38223_,17.18
_39169_,17.18
_41040_,17.18
_41987_,17.18
_42395_,17.18
state\[1\],17.18
_08299_,17.175
_00493_,17.165
_10153_,17.16
_10449_,17.16
_12771_,17.16
_17175_,17.16
_17209_,17.16
_18505_,17.16
_19227_,17.16
_26216_,17.16
_30873_,17.16
_32727_,17.16
_34439_,17.16
_34695_,17.16
_38122_,17.16
_41929_,17.16
_07073_,17.155
_36811_,17.15
_00039_,17.145
_01047_,17.14
_03672_,17.14
_05969_,17.14
_08491_,17.14
_09030_,17.14
_12159_,17.14
_13288_,17.14
_15397_,17.14
_15955_,17.14
_19982_,17.14
_23586_,17.14
_24982_,17.14
_26406_,17.14
_28296_,17.14
_35473_,17.14
_37090_,17.14
_37143_,17.14
_37231_,17.14
_41200_,17.14
_01236_,17.13
_12661_,17.12
_21072_,17.12
_22415_,17.12
_24103_,17.12
_28235_,17.12
_29053_,17.12
_29414_,17.12
_30438_,17.12
_32898_,17.12
_41678_,17.12
_22914_,17.115
_22811_,17.11
_00628_,17.1
_00830_,17.1
_01902_,17.1
_02114_,17.1
_05628_,17.1
_08243_,17.1
_10906_,17.1
_15488_,17.1
_17931_,17.1
_22580_,17.1
_27572_,17.1
_36443_,17.1
_38592_,17.1
_39832_,17.1
_39875_,17.1
_42087_,17.1
_03935_,17.08
_03998_,17.08
_08427_,17.08
_09896_,17.08
_10329_,17.08
_11254_,17.08
_12320_,17.08
_17690_,17.08
_17830_,17.08
_19882_,17.08
_20090_,17.08
_21717_,17.08
_26227_,17.08
_27640_,17.08
_34143_,17.08
_38238_,17.08
_39393_,17.08
_40380_,17.08
_40686_,17.08
_34063_,17.07
_39016_,17.07
_03522_,17.06
_04516_,17.06
_08010_,17.06
_08584_,17.06
_08830_,17.06
_10351_,17.06
_10698_,17.06
_12438_,17.06
_13503_,17.06
_15082_,17.06
_22568_,17.06
_24630_,17.06
_26050_,17.06
_29760_,17.06
_33508_,17.06
_33894_,17.06
_37281_,17.06
_40960_,17.06
_08685_,17.05
_21319_,17.05
_29542_,17.05
_33871_,17.05
_03230_,17.04
_04099_,17.04
_14376_,17.04
_17729_,17.04
_20755_,17.04
_22536_,17.04
_27156_,17.04
_36393_,17.04
_39208_,17.04
_00560_,17.02
_01211_,17.02
_02160_,17.02
_03765_,17.02
_04328_,17.02
_05885_,17.02
_07181_,17.02
_09904_,17.02
_10003_,17.02
_10320_,17.02
_10898_,17.02
_14032_,17.02
_19817_,17.02
_23984_,17.02
_27079_,17.02
_28741_,17.02
_29436_,17.02
_32765_,17.02
_37180_,17.02
_38128_,17.02
_38525_,17.02
_38744_,17.02
_38819_,17.02
_41049_,17.02
_08885_,17.01
_14710_,17.01
_19798_,17.01
_04791_,17
_05495_,17
_07854_,17
_12547_,17
_24264_,17
_27019_,17
_28243_,17
_30841_,17
_31992_,17
_35368_,17
_39350_,17
_00545_,16.98
_01180_,16.98
_02881_,16.98
_05470_,16.98
_05711_,16.98
_07179_,16.98
_10775_,16.98
_12467_,16.98
_13070_,16.98
_15864_,16.98
_17274_,16.98
_19106_,16.98
_22277_,16.98
_23423_,16.98
_27254_,16.98
_30905_,16.98
_30910_,16.98
_31153_,16.98
_33026_,16.98
_35937_,16.98
_38083_,16.98
_38877_,16.98
_41219_,16.98
_35566_,16.975
_10311_,16.97
_20080_,16.97
_29352_,16.97
_08045_,16.96
_12016_,16.96
_14993_,16.96
_16458_,16.96
_18628_,16.96
_27996_,16.96
_33612_,16.96
_35042_,16.96
_40894_,16.96
_07169_,16.95
_08362_,16.95
_03122_,16.94
_03696_,16.94
_03738_,16.94
_04048_,16.94
_05614_,16.94
_07387_,16.94
_08031_,16.94
_08520_,16.94
_09190_,16.94
_10377_,16.94
_10616_,16.94
_11243_,16.94
_12954_,16.94
_13358_,16.94
_16358_,16.94
_17444_,16.94
_17697_,16.94
_18019_,16.94
_24996_,16.94
_26370_,16.94
_26546_,16.94
_28460_,16.94
_30031_,16.94
_31183_,16.94
_31251_,16.94
_31771_,16.94
_34533_,16.94
_34591_,16.94
_36056_,16.94
_36361_,16.94
_37496_,16.94
_38963_,16.94
_41748_,16.94
_33487_,16.935
_36961_,16.93
_03166_,16.92
_14588_,16.92
_14763_,16.92
_14919_,16.92
_18129_,16.92
_20923_,16.92
_22427_,16.92
_22763_,16.92
_27519_,16.92
_29227_,16.92
_35340_,16.92
_35644_,16.92
_38692_,16.92
_39864_,16.92
_42382_,16.92
_16040_,16.91
_30827_,16.905
_04308_,16.9
_06387_,16.9
_12486_,16.9
_12614_,16.9
_19058_,16.9
_19843_,16.9
_23577_,16.9
_32699_,16.9
_35038_,16.9
_36258_,16.9
_40451_,16.9
_41170_,16.9
_12066_,16.895
_01630_,16.88
_03984_,16.88
_05166_,16.88
_06003_,16.88
_07613_,16.88
_21986_,16.88
_22440_,16.88
_23019_,16.88
_29768_,16.88
_31275_,16.88
_38884_,16.88
_24805_,16.875
_25262_,16.87
_39685_,16.87
_01305_,16.86
_03451_,16.86
_10164_,16.86
_12907_,16.86
_15850_,16.86
_17837_,16.86
_23183_,16.86
_24175_,16.86
_25585_,16.86
_25943_,16.86
_26602_,16.86
_27061_,16.86
_27568_,16.86
_28087_,16.86
_28233_,16.86
_28832_,16.86
_30112_,16.86
_32719_,16.86
_34633_,16.86
_36199_,16.86
_39143_,16.86
_33107_,16.85
_40786_,16.85
_00189_,16.84
_01887_,16.84
_05305_,16.84
_05319_,16.84
_12950_,16.84
_15031_,16.84
_15458_,16.84
_23760_,16.84
_25925_,16.84
_28600_,16.84
_30922_,16.84
_37112_,16.84
_37198_,16.84
_39418_,16.84
_40112_,16.84
_01839_,16.82
_02320_,16.82
_07978_,16.82
_10142_,16.82
_12102_,16.82
_13219_,16.82
_15279_,16.82
_16024_,16.82
_16298_,16.82
_17910_,16.82
_21571_,16.82
_21826_,16.82
_22315_,16.82
_22900_,16.82
_24068_,16.82
_33726_,16.82
_34312_,16.82
_34723_,16.82
_36062_,16.82
_39988_,16.82
_01051_,16.81
_15212_,16.81
_03449_,16.8
_09981_,16.8
_10159_,16.8
_12331_,16.8
_17682_,16.8
_20058_,16.8
_27827_,16.8
_29974_,16.8
_31641_,16.8
_37734_,16.8
_37793_,16.8
_38921_,16.8
_39629_,16.8
_01604_,16.78
_02657_,16.78
_04613_,16.78
_12084_,16.78
_13382_,16.78
_15276_,16.78
_15928_,16.78
_15943_,16.78
_16814_,16.78
_19714_,16.78
_20934_,16.78
_21318_,16.78
_21805_,16.78
_25907_,16.78
_30070_,16.78
_30147_,16.78
_35625_,16.78
_39125_,16.78
_11833_,16.775
_01039_,16.76
_03306_,16.76
_08180_,16.76
_12156_,16.76
_15318_,16.76
_15536_,16.76
_22561_,16.76
_24279_,16.76
_29522_,16.76
_35514_,16.76
_39044_,16.76
_39512_,16.76
_40324_,16.76
_00567_,16.74
_02636_,16.74
_05774_,16.74
_09562_,16.74
_10330_,16.74
_10536_,16.74
_10631_,16.74
_13088_,16.74
_16634_,16.74
_17321_,16.74
_19729_,16.74
_19823_,16.74
_21418_,16.74
_25750_,16.74
_26970_,16.74
_31828_,16.74
_32942_,16.74
_33911_,16.74
_34639_,16.74
_34988_,16.74
_35674_,16.74
_37251_,16.74
_38054_,16.74
_41562_,16.74
net251,16.74
_09743_,16.73
_01310_,16.72
_01588_,16.72
_02098_,16.72
_02251_,16.72
_04132_,16.72
_06019_,16.72
_06260_,16.72
_07564_,16.72
_09912_,16.72
_12861_,16.72
_22667_,16.72
_25701_,16.72
_27385_,16.72
_28285_,16.72
_29154_,16.72
_29486_,16.72
_36276_,16.72
_36401_,16.72
_37081_,16.72
_42297_,16.72
clknet_leaf_51_clk,16.72
_01854_,16.7
_06229_,16.7
_06535_,16.7
_07121_,16.7
_08292_,16.7
_09341_,16.7
_14561_,16.7
_14807_,16.7
_20793_,16.7
_21786_,16.7
_28746_,16.7
_32916_,16.7
_32919_,16.7
_37426_,16.7
_16289_,16.69
_23067_,16.69
_03709_,16.68
_03902_,16.68
_04153_,16.68
_05424_,16.68
_10350_,16.68
_11921_,16.68
_13292_,16.68
_13580_,16.68
_18162_,16.68
_18187_,16.68
_18922_,16.68
_22805_,16.68
_33600_,16.68
_34829_,16.68
_35748_,16.68
_36525_,16.68
_36893_,16.68
_37252_,16.68
_38254_,16.68
_41255_,16.68
_41605_,16.68
_05005_,16.67
_21865_,16.67
_00872_,16.66
_03852_,16.66
_12901_,16.66
_14191_,16.66
_16236_,16.66
_30161_,16.66
_32730_,16.66
_38902_,16.66
_41523_,16.66
_41986_,16.66
_42003_,16.66
_05286_,16.65
_26562_,16.65
_03139_,16.64
_03416_,16.64
_05520_,16.64
_14610_,16.64
_19481_,16.64
_21444_,16.64
_21710_,16.64
_24021_,16.64
_27493_,16.64
_27759_,16.64
_27935_,16.64
_35283_,16.64
_35371_,16.64
_37181_,16.64
_39883_,16.64
net181,16.64
_36329_,16.635
_05880_,16.63
_09186_,16.62
_11830_,16.62
_13797_,16.62
_19321_,16.62
_19717_,16.62
_22184_,16.62
_23227_,16.62
_23768_,16.62
_27262_,16.62
_29003_,16.62
_29032_,16.62
_30458_,16.62
_30591_,16.62
_32830_,16.62
_33274_,16.62
_34408_,16.62
_35159_,16.62
_36274_,16.62
_37639_,16.62
_40164_,16.62
_42056_,16.62
_00804_,16.6
_07922_,16.6
_08644_,16.6
_09266_,16.6
_12494_,16.6
_12687_,16.6
_13046_,16.6
_13291_,16.6
_15881_,16.6
_16548_,16.6
_20864_,16.6
_21136_,16.6
_24579_,16.6
_27604_,16.6
_31202_,16.6
_35700_,16.6
_35767_,16.6
_36438_,16.6
_40368_,16.6
net403,16.6
_34348_,16.59
_37212_,16.59
_01560_,16.58
_02124_,16.58
_07091_,16.58
_09244_,16.58
_10380_,16.58
_10688_,16.58
_15487_,16.58
_22815_,16.58
_23965_,16.58
_27828_,16.58
_30319_,16.58
_30552_,16.58
_35801_,16.58
_40081_,16.58
_07894_,16.57
_26826_,16.57
_01721_,16.56
_02607_,16.56
_12119_,16.56
_12189_,16.56
_13759_,16.56
_14080_,16.56
_14744_,16.56
_21683_,16.56
_22871_,16.56
_24093_,16.56
_24185_,16.56
_24944_,16.56
_26669_,16.56
_28222_,16.56
_28703_,16.56
_32039_,16.56
_33444_,16.56
_33590_,16.56
_34053_,16.56
_35174_,16.56
_37019_,16.56
_37713_,16.56
_39339_,16.56
_39505_,16.56
_41182_,16.56
_42257_,16.56
_15565_,16.55
_26238_,16.55
_19153_,16.545
_00688_,16.54
_01478_,16.54
_03069_,16.54
_07274_,16.54
_11849_,16.54
_12592_,16.54
_16262_,16.54
_19842_,16.54
_21214_,16.54
_21441_,16.54
_24904_,16.54
_29471_,16.54
_33556_,16.54
_40899_,16.54
_24381_,16.535
_41204_,16.53
_11636_,16.525
_33051_,16.525
_00940_,16.52
_02207_,16.52
_03322_,16.52
_04968_,16.52
_06903_,16.52
_08778_,16.52
_13877_,16.52
_15755_,16.52
_16153_,16.52
_17585_,16.52
_17808_,16.52
_18287_,16.52
_18887_,16.52
_23287_,16.52
_25758_,16.52
_26613_,16.52
_29317_,16.52
_29870_,16.52
_33623_,16.52
_34803_,16.52
_36472_,16.52
_39064_,16.52
_39691_,16.52
_40611_,16.52
_24651_,16.51
_03588_,16.5
_04473_,16.5
_05970_,16.5
_08393_,16.5
_09993_,16.5
_12795_,16.5
_16360_,16.5
_19364_,16.5
_24854_,16.5
_28656_,16.5
_17296_,16.495
_36818_,16.495
_24040_,16.49
_37399_,16.485
_01334_,16.48
_03734_,16.48
_04969_,16.48
_05253_,16.48
_07346_,16.48
_09230_,16.48
_09522_,16.48
_10669_,16.48
_12011_,16.48
_13019_,16.48
_13810_,16.48
_15886_,16.48
_19318_,16.48
_20357_,16.48
_21186_,16.48
_22071_,16.48
_22629_,16.48
_22942_,16.48
_28271_,16.48
_28862_,16.48
_32256_,16.48
_38536_,16.48
_41739_,16.48
_22493_,16.475
_32918_,16.47
_34892_,16.47
_39720_,16.47
_08106_,16.46
_08606_,16.46
_12789_,16.46
_15282_,16.46
_15597_,16.46
_16285_,16.46
_16951_,16.46
_24132_,16.46
_28683_,16.46
_30545_,16.46
_36990_,16.46
_38205_,16.46
_40297_,16.46
_40444_,16.46
_39436_,16.445
_01315_,16.44
_02384_,16.44
_03181_,16.44
_04381_,16.44
_06358_,16.44
_08425_,16.44
_11884_,16.44
_12849_,16.44
_14880_,16.44
_18799_,16.44
_20067_,16.44
_23341_,16.44
_23536_,16.44
_23688_,16.44
_24191_,16.44
_24652_,16.44
_28499_,16.44
_30150_,16.44
_31698_,16.44
_32126_,16.44
_33441_,16.44
_33594_,16.44
_34855_,16.44
_36970_,16.44
_37824_,16.44
_42083_,16.44
_40268_,16.43
_23190_,16.425
_01272_,16.42
_01749_,16.42
_03045_,16.42
_04352_,16.42
_09765_,16.42
_11622_,16.42
_14849_,16.42
_35735_,16.42
_36462_,16.42
_20250_,16.415
_02279_,16.4
_06833_,16.4
_07753_,16.4
_10460_,16.4
_11085_,16.4
_20180_,16.4
_21901_,16.4
_23182_,16.4
_26633_,16.4
_26888_,16.4
_27083_,16.4
_27167_,16.4
_28071_,16.4
_29400_,16.4
_32714_,16.4
_33173_,16.4
_33593_,16.4
_34178_,16.4
_36318_,16.4
_24568_,16.39
_01633_,16.385
_01007_,16.38
_01586_,16.38
_13064_,16.38
_16994_,16.38
_19884_,16.38
_22180_,16.38
_22604_,16.38
_25095_,16.38
_26118_,16.38
_27800_,16.38
_28578_,16.38
_30023_,16.38
_34173_,16.38
_41677_,16.38
_11350_,16.37
_33854_,16.37
_14628_,16.365
_01209_,16.36
_03217_,16.36
_06356_,16.36
_06699_,16.36
_10197_,16.36
_10847_,16.36
_11789_,16.36
_12971_,16.36
_14406_,16.36
_14571_,16.36
_21364_,16.36
_21573_,16.36
_22664_,16.36
_30630_,16.36
_30725_,16.36
_31112_,16.36
_31871_,16.36
_32653_,16.36
_33923_,16.36
_35360_,16.36
_35475_,16.36
_35523_,16.36
_36753_,16.36
_38262_,16.36
_30672_,16.35
_02898_,16.34
_05641_,16.34
_06264_,16.34
_09358_,16.34
_09540_,16.34
_11876_,16.34
_14597_,16.34
_15822_,16.34
_17671_,16.34
_18357_,16.34
_22517_,16.34
_24676_,16.34
_27566_,16.34
_37138_,16.34
_40005_,16.34
_35526_,16.335
_08937_,16.33
_24522_,16.33
_07025_,16.32
_11792_,16.32
_14581_,16.32
_16542_,16.32
_19053_,16.32
_22983_,16.32
_27334_,16.32
_31093_,16.32
_31816_,16.32
_33457_,16.32
_34148_,16.32
_39585_,16.32
_41456_,16.32
_10072_,16.315
_07377_,16.31
_02249_,16.3
_03288_,16.3
_05139_,16.3
_06529_,16.3
_16131_,16.3
_16957_,16.3
_30475_,16.3
_32267_,16.3
_33204_,16.3
_37880_,16.3
_33550_,16.29
_06215_,16.28
_15143_,16.28
_18986_,16.28
_24373_,16.28
_24791_,16.28
_27852_,16.28
_29418_,16.28
_30178_,16.28
_30808_,16.28
_34728_,16.28
_37161_,16.28
_37859_,16.28
_41825_,16.28
_24929_,16.27
_01107_,16.26
_01392_,16.26
_03144_,16.26
_03861_,16.26
_05133_,16.26
_09049_,16.26
_09987_,16.26
_10446_,16.26
_16685_,16.26
_18457_,16.26
_18593_,16.26
_21200_,16.26
_22314_,16.26
_23465_,16.26
_26470_,16.26
_27659_,16.26
_33308_,16.26
_34668_,16.26
_38972_,16.26
_41297_,16.26
_41953_,16.26
_42412_,16.26
_16292_,16.25
_17788_,16.245
_12302_,16.24
_12315_,16.24
_13114_,16.24
_13236_,16.24
_14658_,16.24
_14903_,16.24
_15540_,16.24
_15768_,16.24
_30274_,16.24
_33929_,16.24
_34184_,16.24
_34189_,16.24
_35277_,16.24
_35290_,16.24
_36310_,16.24
_36774_,16.24
_38242_,16.24
_40259_,16.24
_11725_,16.23
_00719_,16.22
_01561_,16.22
_03193_,16.22
_04868_,16.22
_06384_,16.22
_14697_,16.22
_16031_,16.22
_16154_,16.22
_17536_,16.22
_18861_,16.22
_20119_,16.22
_24777_,16.22
_24816_,16.22
_24964_,16.22
_30509_,16.22
_30782_,16.22
_34726_,16.22
_36075_,16.22
_37116_,16.22
_37664_,16.22
_38799_,16.22
net266,16.22
_00810_,16.2
_04127_,16.2
_05251_,16.2
_05635_,16.2
_11205_,16.2
_18256_,16.2
_20714_,16.2
_26978_,16.2
_32792_,16.2
_33249_,16.2
_33303_,16.2
_33817_,16.2
_35453_,16.2
_36289_,16.2
_03847_,16.19
_00611_,16.18
_00662_,16.18
_01173_,16.18
_02800_,16.18
_04428_,16.18
_05248_,16.18
_10794_,16.18
_10943_,16.18
_11679_,16.18
_13026_,16.18
_14028_,16.18
_15703_,16.18
_17741_,16.18
_22146_,16.18
_22241_,16.18
_22999_,16.18
_25470_,16.18
_25677_,16.18
_27171_,16.18
_27513_,16.18
_27881_,16.18
_28834_,16.18
_29940_,16.18
_34686_,16.18
_34816_,16.18
_37104_,16.18
_39008_,16.18
_39217_,16.18
_39486_,16.18
_15688_,16.175
_35597_,16.175
_26210_,16.17
_29111_,16.17
_31457_,16.17
_40165_,16.17
_12799_,16.16
_15373_,16.16
_15383_,16.16
_16215_,16.16
_17395_,16.16
_19595_,16.16
_27231_,16.16
_28156_,16.16
_30364_,16.16
_35880_,16.16
_36297_,16.16
_37105_,16.16
_39770_,16.16
_39868_,16.16
_40827_,16.16
_42298_,16.16
_42426_,16.16
_00750_,16.14
_02995_,16.14
_05098_,16.14
_06380_,16.14
_07007_,16.14
_08131_,16.14
_08649_,16.14
_15208_,16.14
_15948_,16.14
_17703_,16.14
_18152_,16.14
_18676_,16.14
_21727_,16.14
_22366_,16.14
_22389_,16.14
_24205_,16.14
_24575_,16.14
_25136_,16.14
_27719_,16.14
_27866_,16.14
_28760_,16.14
_29000_,16.14
_31233_,16.14
_32671_,16.14
_34000_,16.14
_35821_,16.14
_36879_,16.14
_37204_,16.14
_37298_,16.14
_37643_,16.14
_41522_,16.14
_42343_,16.14
_19264_,16.135
_15518_,16.13
_35142_,16.13
_01908_,16.12
_07042_,16.12
_09232_,16.12
_13483_,16.12
_13531_,16.12
_14261_,16.12
_14804_,16.12
_15177_,16.12
_20393_,16.12
_22425_,16.12
_24027_,16.12
_25951_,16.12
_26666_,16.12
_27054_,16.12
_27923_,16.12
_28299_,16.12
_28635_,16.12
_30869_,16.12
_38864_,16.12
_38872_,16.12
_40927_,16.12
_41233_,16.12
_19295_,16.11
_25236_,16.11
_21205_,16.105
_01182_,16.1
_01826_,16.1
_04616_,16.1
_07717_,16.1
_10942_,16.1
_11600_,16.1
_14525_,16.1
_16046_,16.1
_16960_,16.1
_18608_,16.1
_18695_,16.1
_20450_,16.1
_21148_,16.1
_25239_,16.1
_29114_,16.1
_38293_,16.1
_41874_,16.1
_00755_,16.08
_01090_,16.08
_02687_,16.08
_05705_,16.08
_06538_,16.08
_06946_,16.08
_23399_,16.08
_27296_,16.08
_29347_,16.08
_30264_,16.08
_32251_,16.08
_32559_,16.08
_37920_,16.08
_26332_,16.075
_00916_,16.06
_05837_,16.06
_08890_,16.06
_09720_,16.06
_10854_,16.06
_17517_,16.06
_19654_,16.06
_30410_,16.06
_31116_,16.06
_33528_,16.06
_35026_,16.06
_35483_,16.06
_38591_,16.06
_38674_,16.06
_41280_,16.06
_41658_,16.06
_17854_,16.055
_37173_,16.05
_25708_,16.045
_11859_,16.04
_12207_,16.04
_21201_,16.04
_24548_,16.04
_24879_,16.04
_26574_,16.04
_27076_,16.04
_34525_,16.04
_37301_,16.04
_08759_,16.03
_06160_,16.02
_06423_,16.02
_06941_,16.02
_08240_,16.02
_10421_,16.02
_11450_,16.02
_11798_,16.02
_12212_,16.02
_12483_,16.02
_15058_,16.02
_16517_,16.02
_18292_,16.02
_22990_,16.02
_26486_,16.02
_27893_,16.02
_29858_,16.02
_30266_,16.02
_32963_,16.02
_33309_,16.02
_33536_,16.02
_37730_,16.02
_38041_,16.02
_39078_,16.02
_42232_,16.02
_42385_,16.02
_30487_,16.01
_38296_,16.005
_01502_,16
_13807_,16
_13943_,16
_13961_,16
_17145_,16
_19029_,16
_31418_,16
_32646_,16
_32977_,16
_38736_,16
_05343_,15.99
_00864_,15.98
_02294_,15.98
_05480_,15.98
_08717_,15.98
_09621_,15.98
_13703_,15.98
_14524_,15.98
_16079_,15.98
_20243_,15.98
_21253_,15.98
_22264_,15.98
_27593_,15.98
_27926_,15.98
_29899_,15.98
_32957_,15.98
_36426_,15.98
_36952_,15.98
_38768_,15.98
_38778_,15.98
_41486_,15.98
_41988_,15.98
_00030_,15.96
_04167_,15.96
_08255_,15.96
_09349_,15.96
_19458_,15.96
_19801_,15.96
_20139_,15.96
_21149_,15.96
_21198_,15.96
_26465_,15.96
_27024_,15.96
_28219_,15.96
_30249_,15.96
_32549_,15.96
_39082_,15.96
_41733_,15.96
net202,15.96
_01477_,15.94
_02369_,15.94
_03888_,15.94
_05129_,15.94
_07462_,15.94
_13806_,15.94
_14151_,15.94
_14760_,15.94
_15432_,15.94
_18687_,15.94
_21394_,15.94
_23327_,15.94
_26687_,15.94
_27910_,15.94
_28560_,15.94
_29026_,15.94
_33562_,15.94
_33771_,15.94
_34392_,15.94
_34682_,15.94
_34931_,15.94
_35565_,15.94
_37451_,15.94
_38671_,15.94
_38966_,15.94
_26446_,15.935
_03126_,15.93
_19108_,15.93
_27639_,15.93
_00398_,15.92
_00609_,15.92
_01506_,15.92
_06582_,15.92
_07963_,15.92
_08192_,15.92
_09272_,15.92
_09393_,15.92
_10998_,15.92
_11274_,15.92
_19675_,15.92
_23559_,15.92
_25450_,15.92
_25465_,15.92
_30336_,15.92
_32666_,15.92
_37033_,15.92
_39377_,15.92
_01095_,15.9
_01612_,15.9
_07143_,15.9
_11900_,15.9
_12009_,15.9
_15497_,15.9
_17005_,15.9
_23703_,15.9
_27634_,15.9
_29394_,15.9
_40566_,15.9
net355,15.9
_33630_,15.895
_04313_,15.88
_06668_,15.88
_07351_,15.88
_09643_,15.88
_16035_,15.88
_23160_,15.88
_26705_,15.88
_29625_,15.88
_33672_,15.88
_34938_,15.88
_39998_,15.88
_02896_,15.86
_04201_,15.86
_07412_,15.86
_10780_,15.86
_13450_,15.86
_20234_,15.86
_20428_,15.86
_21796_,15.86
_21821_,15.86
_22334_,15.86
_23323_,15.86
_25505_,15.86
_27230_,15.86
_32791_,15.86
_34007_,15.86
_34243_,15.86
_34370_,15.86
_36473_,15.86
_36614_,15.86
_36641_,15.86
_36844_,15.86
_37002_,15.86
_37476_,15.86
_40431_,15.86
_38704_,15.85
_00977_,15.84
_03585_,15.84
_07576_,15.84
_15304_,15.84
_15879_,15.84
_17552_,15.84
_20724_,15.84
_21832_,15.84
_22418_,15.84
_25558_,15.84
_25821_,15.84
_26680_,15.84
_30671_,15.84
_31483_,15.84
_31843_,15.84
_37155_,15.84
_37462_,15.84
_42529_,15.84
_11386_,15.835
_30182_,15.835
_33331_,15.83
_40127_,15.83
_05268_,15.82
_09084_,15.82
_13352_,15.82
_14899_,15.82
_15241_,15.82
_21741_,15.82
_22126_,15.82
_27146_,15.82
_28100_,15.82
_29594_,15.82
_31665_,15.82
_32387_,15.82
_32518_,15.82
_34139_,15.82
_34717_,15.82
_35598_,15.82
_42005_,15.82
_42085_,15.82
_25698_,15.81
_02910_,15.8
_04103_,15.8
_04528_,15.8
_06806_,15.8
_08318_,15.8
_08919_,15.8
_13765_,15.8
_17297_,15.8
_18673_,15.8
_20161_,15.8
_21540_,15.8
_22506_,15.8
_23690_,15.8
_26160_,15.8
_28720_,15.8
_30244_,15.8
_33720_,15.8
_37259_,15.8
_37536_,15.8
_39593_,15.8
_42166_,15.8
_42307_,15.8
read_data[23],15.8
_35619_,15.795
_11403_,15.79
_38154_,15.79
_04500_,15.78
_04784_,15.78
_11998_,15.78
_12008_,15.78
_18964_,15.78
_19335_,15.78
_19588_,15.78
_21880_,15.78
_22132_,15.78
_26308_,15.78
_27353_,15.78
_30628_,15.78
_30821_,15.78
_31346_,15.78
_32366_,15.78
_33825_,15.78
_36107_,15.78
_37005_,15.78
_38580_,15.78
_39480_,15.78
_41923_,15.78
_03629_,15.76
_07679_,15.76
_15484_,15.76
_15541_,15.76
_16552_,15.76
_19305_,15.76
_19647_,15.76
_22035_,15.76
_22460_,15.76
_25423_,15.76
_25881_,15.76
_26179_,15.76
_27754_,15.76
_28617_,15.76
_28826_,15.76
_30492_,15.76
_30606_,15.76
_32448_,15.76
_36862_,15.76
_37988_,15.76
_41568_,15.76
_12130_,15.75
_17277_,15.745
_04997_,15.74
_05249_,15.74
_05809_,15.74
_07620_,15.74
_12323_,15.74
_13762_,15.74
_21156_,15.74
_30273_,15.74
_30850_,15.74
_33366_,15.74
_34923_,15.74
_35788_,15.74
_37004_,15.74
_38199_,15.74
_38569_,15.74
_39079_,15.74
_41159_,15.74
_41173_,15.74
_00725_,15.72
_03222_,15.72
_03939_,15.72
_04502_,15.72
_06263_,15.72
_13346_,15.72
_13512_,15.72
_13883_,15.72
_15089_,15.72
_15860_,15.72
_16939_,15.72
_17596_,15.72
_19123_,15.72
_27416_,15.72
_29302_,15.72
_32788_,15.72
_32874_,15.72
_16817_,15.715
_32635_,15.71
_00840_,15.7
_01537_,15.7
_06674_,15.7
_07876_,15.7
_12051_,15.7
_12078_,15.7
_12823_,15.7
_17509_,15.7
_18571_,15.7
_19129_,15.7
_19199_,15.7
_19574_,15.7
_37568_,15.7
_00467_,15.695
_25788_,15.695
_00846_,15.69
_39826_,15.69
_03347_,15.68
_03486_,15.68
_05511_,15.68
_06481_,15.68
_07628_,15.68
_07962_,15.68
_08038_,15.68
_08556_,15.68
_09881_,15.68
_10575_,15.68
_11165_,15.68
_11365_,15.68
_12073_,15.68
_13481_,15.68
_16137_,15.68
_17144_,15.68
_17756_,15.68
_18207_,15.68
_18592_,15.68
_19387_,15.68
_19687_,15.68
_19749_,15.68
_23475_,15.68
_26811_,15.68
_28079_,15.68
_29385_,15.68
_32048_,15.68
_32721_,15.68
_33133_,15.68
_33169_,15.68
_36887_,15.68
_37028_,15.68
_39543_,15.68
_40204_,15.68
_40551_,15.68
_12232_,15.67
_00915_,15.66
_04920_,15.66
_05539_,15.66
_13102_,15.66
_15191_,15.66
_16706_,15.66
_16905_,15.66
_20016_,15.66
_20911_,15.66
_22290_,15.66
_26311_,15.66
_26556_,15.66
_27381_,15.66
_27550_,15.66
_30092_,15.66
_33413_,15.66
_34549_,15.66
_38577_,15.66
_38810_,15.66
_41030_,15.66
_08025_,15.65
_11838_,15.65
_05328_,15.64
_08471_,15.64
_10761_,15.64
_11499_,15.64
_15386_,15.64
_16954_,15.64
_22913_,15.64
_24168_,15.64
_27224_,15.64
_27424_,15.64
_27655_,15.64
_33347_,15.64
_34636_,15.64
_40271_,15.64
_04693_,15.63
_32521_,15.63
_11392_,15.62
_12093_,15.62
_15181_,15.62
_17367_,15.62
_21522_,15.62
_22757_,15.62
_25412_,15.62
_27382_,15.62
_33228_,15.62
_37093_,15.62
_37226_,15.62
_38777_,15.62
_12601_,15.61
_33831_,15.61
_02635_,15.6
_05330_,15.6
_06857_,15.6
_08290_,15.6
_09466_,15.6
_10682_,15.6
_12803_,15.6
_12898_,15.6
_16048_,15.6
_18728_,15.6
_21551_,15.6
_24683_,15.6
_25712_,15.6
_26304_,15.6
_26377_,15.6
_29315_,15.6
_33219_,15.6
_33597_,15.6
_34164_,15.6
_34824_,15.6
_35144_,15.6
_39613_,15.6
_40613_,15.6
_11627_,15.59
_14641_,15.59
_25593_,15.59
_00619_,15.58
_03198_,15.58
_03377_,15.58
_04400_,15.58
_14369_,15.58
_19718_,15.58
_21165_,15.58
_22408_,15.58
_23342_,15.58
_25428_,15.58
_26879_,15.58
_28573_,15.58
_28942_,15.58
_30068_,15.58
_32658_,15.58
_34353_,15.58
_34524_,15.58
_38672_,15.58
_40710_,15.58
_41009_,15.58
_17350_,15.57
_21517_,15.57
_40377_,15.57
_00021_,15.565
_01758_,15.56
_01848_,15.56
_03754_,15.56
_03910_,15.56
_11185_,15.56
_14967_,15.56
_15493_,15.56
_17538_,15.56
_20824_,15.56
_21775_,15.56
_28865_,15.56
_30012_,15.56
_33657_,15.56
_34096_,15.56
_34379_,15.56
_35000_,15.56
_35527_,15.56
_36837_,15.56
_38923_,15.56
_40511_,15.56
_40716_,15.56
_41624_,15.56
_08583_,15.555
_40466_,15.555
_02613_,15.55
_19416_,15.55
_00003_,15.54
_01382_,15.54
_03560_,15.54
_05278_,15.54
_12831_,15.54
_14688_,15.54
_15133_,15.54
_16391_,15.54
_28652_,15.54
_30142_,15.54
_32355_,15.54
_34074_,15.54
_12539_,15.53
_37847_,15.53
_02328_,15.52
_04909_,15.52
_06700_,15.52
_11542_,15.52
_14005_,15.52
_14613_,15.52
_14779_,15.52
_16582_,15.52
_16686_,15.52
_17190_,15.52
_17415_,15.52
_19990_,15.52
_23233_,15.52
_27869_,15.52
_29647_,15.52
_30121_,15.52
_32742_,15.52
_33483_,15.52
_35593_,15.52
_35887_,15.52
_38834_,15.52
_42505_,15.52
_16586_,15.515
_01627_,15.5
_02566_,15.5
_07338_,15.5
_10303_,15.5
_14007_,15.5
_17002_,15.5
_17300_,15.5
_20114_,15.5
_22401_,15.5
_27911_,15.5
_28170_,15.5
_36057_,15.5
_38486_,15.5
_38602_,15.5
_39583_,15.5
_00641_,15.48
_00899_,15.48
_08059_,15.48
_09520_,15.48
_09632_,15.48
_10296_,15.48
_11086_,15.48
_11481_,15.48
_13060_,15.48
_13335_,15.48
_14380_,15.48
_14399_,15.48
_14991_,15.48
_16888_,15.48
_18341_,15.48
_18462_,15.48
_19908_,15.48
_21384_,15.48
_21591_,15.48
_22232_,15.48
_23816_,15.48
_25785_,15.48
_26282_,15.48
_26467_,15.48
_28138_,15.48
_30523_,15.48
_33599_,15.48
_35136_,15.48
_36935_,15.48
_37238_,15.48
_37245_,15.48
_37508_,15.48
_39379_,15.48
_39726_,15.48
_41230_,15.48
net364,15.48
_22417_,15.475
_38483_,15.47
_00265_,15.46
_02176_,15.46
_06105_,15.46
_08889_,15.46
_12528_,15.46
_13517_,15.46
_13707_,15.46
_14133_,15.46
_17119_,15.46
_17514_,15.46
_17939_,15.46
_24358_,15.46
_24631_,15.46
_27561_,15.46
_29995_,15.46
_33964_,15.46
_34603_,15.46
_36913_,15.46
_26860_,15.455
_04574_,15.44
_07239_,15.44
_10086_,15.44
_11112_,15.44
_11329_,15.44
_15272_,15.44
_16978_,15.44
_19282_,15.44
_19573_,15.44
_20810_,15.44
_21163_,15.44
_22992_,15.44
_25369_,15.44
_28184_,15.44
_28550_,15.44
_32155_,15.44
_33445_,15.44
_33824_,15.44
_34905_,15.44
_39236_,15.44
_42329_,15.44
_06001_,15.43
_01712_,15.42
_01981_,15.42
_10537_,15.42
_14614_,15.42
_14620_,15.42
_16869_,15.42
_18703_,15.42
_19958_,15.42
_20124_,15.42
_26588_,15.42
_28428_,15.42
_32197_,15.42
_33946_,15.42
_40977_,15.42
_41349_,15.42
stage8_inst.stage4_lower.stage2_pair0.butterfly_inst.mul_inst.b\[5\],15.42
_11690_,15.415
_34386_,15.41
_35654_,15.41
_00818_,15.4
_01837_,15.4
_05816_,15.4
_10180_,15.4
_10734_,15.4
_12560_,15.4
_14243_,15.4
_15462_,15.4
_18038_,15.4
_18081_,15.4
_18527_,15.4
_21044_,15.4
_21150_,15.4
_25175_,15.4
_25681_,15.4
_26184_,15.4
_26335_,15.4
_29078_,15.4
_31937_,15.4
_32432_,15.4
_33882_,15.4
_35434_,15.4
_36918_,15.4
_38686_,15.4
_38745_,15.4
_39651_,15.4
_39749_,15.4
_41918_,15.4
read_data[15],15.4
_01171_,15.38
_02000_,15.38
_04805_,15.38
_04993_,15.38
_09702_,15.38
_10547_,15.38
_18702_,15.38
_23426_,15.38
_26607_,15.38
_34109_,15.38
_34868_,15.38
_37697_,15.38
_38885_,15.38
_40982_,15.38
_20642_,15.37
_31747_,15.37
_38922_,15.37
_15425_,15.365
_01583_,15.36
_05384_,15.36
_08524_,15.36
_12028_,15.36
_14799_,15.36
_14808_,15.36
_18772_,15.36
_19689_,15.36
_20502_,15.36
_22175_,15.36
_24875_,15.36
_26257_,15.36
_26338_,15.36
_30732_,15.36
_32226_,15.36
_33913_,15.36
_34132_,15.36
_34740_,15.36
_37646_,15.36
_38059_,15.36
net185,15.345
_00720_,15.34
_01953_,15.34
_03493_,15.34
_07961_,15.34
_09223_,15.34
_09461_,15.34
_12857_,15.34
_15295_,15.34
_15580_,15.34
_17203_,15.34
_17895_,15.34
_19793_,15.34
_20626_,15.34
_25905_,15.34
_26133_,15.34
_26759_,15.34
_28319_,15.34
_28627_,15.34
_30528_,15.34
_31246_,15.34
_32506_,15.34
_35059_,15.34
_35308_,15.34
_36959_,15.34
_37817_,15.34
_41842_,15.34
_42224_,15.34
_06869_,15.33
_31359_,15.33
_33776_,15.33
_02955_,15.32
_03418_,15.32
_03922_,15.32
_09578_,15.32
_11173_,15.32
_14316_,15.32
_15444_,15.32
_19088_,15.32
_28117_,15.32
_28990_,15.32
_29517_,15.32
_31929_,15.32
_32052_,15.32
_33286_,15.32
_33289_,15.32
_34458_,15.32
_37085_,15.32
_39065_,15.32
_39345_,15.32
_40278_,15.32
_41246_,15.32
_41354_,15.32
_37260_,15.315
_00777_,15.3
_01117_,15.3
_01657_,15.3
_01901_,15.3
_04158_,15.3
_07266_,15.3
_07393_,15.3
_12987_,15.3
_19634_,15.3
_20098_,15.3
_21994_,15.3
_22862_,15.3
_24174_,15.3
_28352_,15.3
_28612_,15.3
_31216_,15.3
_35413_,15.3
_39802_,15.3
_41195_,15.3
_12077_,15.29
_19316_,15.29
_02888_,15.28
_03157_,15.28
_05856_,15.28
_09472_,15.28
_10049_,15.28
_11782_,15.28
_24137_,15.28
_28011_,15.28
_30257_,15.28
_33084_,15.28
_38532_,15.28
_00721_,15.26
_02337_,15.26
_05551_,15.26
_05572_,15.26
_08696_,15.26
_10154_,15.26
_10552_,15.26
_12135_,15.26
_14087_,15.26
_16915_,15.26
_18490_,15.26
_19312_,15.26
_21166_,15.26
_23767_,15.26
_26663_,15.26
_28106_,15.26
_29767_,15.26
_33404_,15.26
_33842_,15.26
_34543_,15.26
_35922_,15.26
_38248_,15.26
_38537_,15.26
_39223_,15.26
_39561_,15.26
_40963_,15.26
_42400_,15.26
_21386_,15.255
_00722_,15.25
_02089_,15.24
_04098_,15.24
_12162_,15.24
_17625_,15.24
_17874_,15.24
_26428_,15.24
_26578_,15.24
_27411_,15.24
_32431_,15.24
_12733_,15.235
_05946_,15.23
_08707_,15.23
_23543_,15.23
_01968_,15.22
_03665_,15.22
_05696_,15.22
_11095_,15.22
_14204_,15.22
_15702_,15.22
_16361_,15.22
_18008_,15.22
_18793_,15.22
_19560_,15.22
_20167_,15.22
_22091_,15.22
_22179_,15.22
_22352_,15.22
_22585_,15.22
_22621_,15.22
_22638_,15.22
_23352_,15.22
_23933_,15.22
_25243_,15.22
_26788_,15.22
_26988_,15.22
_30074_,15.22
_30279_,15.22
_31130_,15.22
_36481_,15.22
_36864_,15.22
_37139_,15.22
_38552_,15.22
_38679_,15.22
_38931_,15.22
_39023_,15.22
_40906_,15.22
_42520_,15.22
_10158_,15.21
_33708_,15.21
_06060_,15.2
_08229_,15.2
_08534_,15.2
_10027_,15.2
_10973_,15.2
_11114_,15.2
_12735_,15.2
_14875_,15.2
_17525_,15.2
_19633_,15.2
_20641_,15.2
_22467_,15.2
_22970_,15.2
_23400_,15.2
_25256_,15.2
_27477_,15.2
_33543_,15.2
_34199_,15.2
_35187_,15.2
_00884_,15.18
_03535_,15.18
_04045_,15.18
_07630_,15.18
_08370_,15.18
_09274_,15.18
_10611_,15.18
_10831_,15.18
_11476_,15.18
_11760_,15.18
_15471_,15.18
_15663_,15.18
_22872_,15.18
_24653_,15.18
_25577_,15.18
_26258_,15.18
_26345_,15.18
_29037_,15.18
_32080_,15.18
_32582_,15.18
_33082_,15.18
_35372_,15.18
_37962_,15.18
_39401_,15.18
_40333_,15.18
_42047_,15.18
_26157_,15.175
_12974_,15.17
_00450_,15.16
_02157_,15.16
_05712_,15.16
_06868_,15.16
_10032_,15.16
_17579_,15.16
_18639_,15.16
_22239_,15.16
_22959_,15.16
_26356_,15.16
_33032_,15.16
_33295_,15.16
_37628_,15.16
_38256_,15.16
_39841_,15.16
_07077_,15.155
_00768_,15.14
_02131_,15.14
_05042_,15.14
_07314_,15.14
_07852_,15.14
_07900_,15.14
_11503_,15.14
_13560_,15.14
_14214_,15.14
_15146_,15.14
_15258_,15.14
_15758_,15.14
_23410_,15.14
_26061_,15.14
_27393_,15.14
_29412_,15.14
_31786_,15.14
_34165_,15.14
_34645_,15.14
_34666_,15.14
_41256_,15.14
_20674_,15.135
_27502_,15.135
_33707_,15.135
_01896_,15.13
_03143_,15.13
_15921_,15.13
_05481_,15.12
_05920_,15.12
_05924_,15.12
_08383_,15.12
_09510_,15.12
_16073_,15.12
_34532_,15.12
_34581_,15.12
_41001_,15.12
_41446_,15.12
_41670_,15.12
_30816_,15.115
_37096_,15.115
_00928_,15.11
_00325_,15.105
_26532_,15.105
_01747_,15.1
_01995_,15.1
_02839_,15.1
_04760_,15.1
_06528_,15.1
_06778_,15.1
_06808_,15.1
_08655_,15.1
_09792_,15.1
_10192_,15.1
_10313_,15.1
_12047_,15.1
_12109_,15.1
_13066_,15.1
_13850_,15.1
_14327_,15.1
_15634_,15.1
_15708_,15.1
_16379_,15.1
_17757_,15.1
_22005_,15.1
_22846_,15.1
_25101_,15.1
_25291_,15.1
_27276_,15.1
_29357_,15.1
_30395_,15.1
_31644_,15.1
_31678_,15.1
_31842_,15.1
_33725_,15.1
_34860_,15.1
_35903_,15.1
_37714_,15.1
_39045_,15.1
_39092_,15.1
_39695_,15.1
_00601_,15.08
_02156_,15.08
_03206_,15.08
_06782_,15.08
_08135_,15.08
_17268_,15.08
_23533_,15.08
_25705_,15.08
_30063_,15.08
_40481_,15.08
_40665_,15.08
_42325_,15.08
_09183_,15.065
_01577_,15.06
_01741_,15.06
_02765_,15.06
_05000_,15.06
_06830_,15.06
_07183_,15.06
_09353_,15.06
_11939_,15.06
_21553_,15.06
_26577_,15.06
_26849_,15.06
_27637_,15.06
_34796_,15.06
_37047_,15.06
_37681_,15.06
_38141_,15.06
_38607_,15.06
_40191_,15.06
_41124_,15.06
_14384_,15.055
_32255_,15.055
_30844_,15.045
_00005_,15.04
_01941_,15.04
_08551_,15.04
_09316_,15.04
_12062_,15.04
_16659_,15.04
_18929_,15.04
_20463_,15.04
_21139_,15.04
_21215_,15.04
_30828_,15.04
_31989_,15.04
_33951_,15.04
_34024_,15.04
_36153_,15.04
_38009_,15.04
_39298_,15.04
_39324_,15.04
_39360_,15.04
_34946_,15.03
_22307_,15.025
_01403_,15.02
_01886_,15.02
_02540_,15.02
_05352_,15.02
_06877_,15.02
_09140_,15.02
_09850_,15.02
_10398_,15.02
_10737_,15.02
_10967_,15.02
_14503_,15.02
_14735_,15.02
_15102_,15.02
_15134_,15.02
_16507_,15.02
_17954_,15.02
_19607_,15.02
_21813_,15.02
_22759_,15.02
_23550_,15.02
_26124_,15.02
_26149_,15.02
_26371_,15.02
_26635_,15.02
_27449_,15.02
_27647_,15.02
_30170_,15.02
_31426_,15.02
_32204_,15.02
_33504_,15.02
_33656_,15.02
_33822_,15.02
_35399_,15.02
_38685_,15.02
_39172_,15.02
_41816_,15.02
_28824_,15.015
_27221_,15.01
_42288_,15.01
_01079_,15
_01654_,15
_02222_,15
_05788_,15
_12879_,15
_14964_,15
_17080_,15
_17527_,15
_19534_,15
_19824_,15
_21874_,15
_25743_,15
_26468_,15
_27872_,15
_28477_,15
_31192_,15
_31726_,15
_35125_,15
_40153_,15
_40520_,15
_42221_,15
_27031_,14.99
_16177_,14.985
_17528_,14.985
_01737_,14.98
_07964_,14.98
_15030_,14.98
_17214_,14.98
_17483_,14.98
_18302_,14.98
_20301_,14.98
_22070_,14.98
_31084_,14.98
_32162_,14.98
_32594_,14.98
_32680_,14.98
_34812_,14.98
_39696_,14.98
_39748_,14.98
_41746_,14.98
_42144_,14.98
stage8_inst.in5\[14\],14.98
_02100_,14.96
_02111_,14.96
_02153_,14.96
_03407_,14.96
_03747_,14.96
_06737_,14.96
_08804_,14.96
_11573_,14.96
_12535_,14.96
_12644_,14.96
_14660_,14.96
_16470_,14.96
_20787_,14.96
_22630_,14.96
_24915_,14.96
_26697_,14.96
_27715_,14.96
_28032_,14.96
_33278_,14.96
_37222_,14.96
_39687_,14.96
_41188_,14.96
_01740_,14.95
_40266_,14.95
_01309_,14.94
_02289_,14.94
_05217_,14.94
_05831_,14.94
_06459_,14.94
_08418_,14.94
_13649_,14.94
_14379_,14.94
_17349_,14.94
_19646_,14.94
_21485_,14.94
_21512_,14.94
_24153_,14.94
_24726_,14.94
_25699_,14.94
_29287_,14.94
_36800_,14.94
_38769_,14.94
_39919_,14.94
_40560_,14.94
_41093_,14.94
_41359_,14.94
_42051_,14.94
_42330_,14.94
_42451_,14.94
_07301_,14.93
_39533_,14.925
_03384_,14.92
_03962_,14.92
_04626_,14.92
_05109_,14.92
_07374_,14.92
_09453_,14.92
_13717_,14.92
_15115_,14.92
_17619_,14.92
_18767_,14.92
_19155_,14.92
_23637_,14.92
_24165_,14.92
_24680_,14.92
_28069_,14.92
_28448_,14.92
_30324_,14.92
_31451_,14.92
_32384_,14.92
_36287_,14.92
_37294_,14.92
_38725_,14.92
_40082_,14.92
_42314_,14.92
_00839_,14.9
_03330_,14.9
_07241_,14.9
_07343_,14.9
_15060_,14.9
_15309_,14.9
_17498_,14.9
_17942_,14.9
_18191_,14.9
_19395_,14.9
_23514_,14.9
_25132_,14.9
_28802_,14.9
_28915_,14.9
_30675_,14.9
_31679_,14.9
_32762_,14.9
_35017_,14.9
_41989_,14.9
_00676_,14.88
_00760_,14.88
_02166_,14.88
_04592_,14.88
_05334_,14.88
_05356_,14.88
_07282_,14.88
_11501_,14.88
_12112_,14.88
_12850_,14.88
_12891_,14.88
_12900_,14.88
_14940_,14.88
_16172_,14.88
_20160_,14.88
_20266_,14.88
_20361_,14.88
_23254_,14.88
_23298_,14.88
_24505_,14.88
_26763_,14.88
_27335_,14.88
_28177_,14.88
_30484_,14.88
_31439_,14.88
_33719_,14.88
_35189_,14.88
_35446_,14.88
_36979_,14.88
_37220_,14.88
_38091_,14.88
_38503_,14.88
_39722_,14.88
_40392_,14.88
_40428_,14.88
_42073_,14.88
_01160_,14.86
_01733_,14.86
_04180_,14.86
_07184_,14.86
_09187_,14.86
_09917_,14.86
_10670_,14.86
_12299_,14.86
_18818_,14.86
_19799_,14.86
_21054_,14.86
_25151_,14.86
_25975_,14.86
_27169_,14.86
_27825_,14.86
_29440_,14.86
_31351_,14.86
_35850_,14.86
_37098_,14.86
_38280_,14.86
_39951_,14.86
_40423_,14.86
_40799_,14.86
_00985_,14.84
_02238_,14.84
_04593_,14.84
_06053_,14.84
_06471_,14.84
_10841_,14.84
_13987_,14.84
_16923_,14.84
_29916_,14.84
_37348_,14.84
_38712_,14.84
_40272_,14.84
_40510_,14.84
_40580_,14.84
_21629_,14.835
_34274_,14.83
_03859_,14.82
_06207_,14.82
_09826_,14.82
_10680_,14.82
_13601_,14.82
_13963_,14.82
_18969_,14.82
_23112_,14.82
_28289_,14.82
_28643_,14.82
_30293_,14.82
_33907_,14.82
_33980_,14.82
_35285_,14.82
_37029_,14.82
_37420_,14.82
_40196_,14.82
_41474_,14.82
_26534_,14.805
_01065_,14.8
_01081_,14.8
_03780_,14.8
_04374_,14.8
_04639_,14.8
_05281_,14.8
_05541_,14.8
_06497_,14.8
_06995_,14.8
_07193_,14.8
_10067_,14.8
_10422_,14.8
_12137_,14.8
_12283_,14.8
_17215_,14.8
_17348_,14.8
_22790_,14.8
_24085_,14.8
_24664_,14.8
_28132_,14.8
_28209_,14.8
_29322_,14.8
_32006_,14.8
_36499_,14.8
_37247_,14.8
_39406_,14.8
_41320_,14.8
_42360_,14.8
_01344_,14.78
_02691_,14.78
_03147_,14.78
_05037_,14.78
_05540_,14.78
_08658_,14.78
_08776_,14.78
_12125_,14.78
_12929_,14.78
_16469_,14.78
_23003_,14.78
_25140_,14.78
_25848_,14.78
_27046_,14.78
_31960_,14.78
_31984_,14.78
_33419_,14.78
_34412_,14.78
_38451_,14.78
_40970_,14.78
_41501_,14.78
_02334_,14.76
_02558_,14.76
_05342_,14.76
_08321_,14.76
_09340_,14.76
_09571_,14.76
_10299_,14.76
_10868_,14.76
_20623_,14.76
_21267_,14.76
_21952_,14.76
_27198_,14.76
_31000_,14.76
_33059_,14.76
_33356_,14.76
_33827_,14.76
_37257_,14.76
_37655_,14.76
_40844_,14.76
_41727_,14.76
_07745_,14.755
_34261_,14.75
_04737_,14.74
_06407_,14.74
_08595_,14.74
_08989_,14.74
_09926_,14.74
_16014_,14.74
_17731_,14.74
_18515_,14.74
_19231_,14.74
_28743_,14.74
_29046_,14.74
_30647_,14.74
_31279_,14.74
_35201_,14.74
_35295_,14.74
_36996_,14.74
_38168_,14.74
_38235_,14.74
_38705_,14.74
_22486_,14.735
_05601_,14.73
_23377_,14.73
_00705_,14.72
_04203_,14.72
_04399_,14.72
_09807_,14.72
_17365_,14.72
_19427_,14.72
_20419_,14.72
_20560_,14.72
_24291_,14.72
_25233_,14.72
_27489_,14.72
_31367_,14.72
_31796_,14.72
_34896_,14.72
_35147_,14.72
_36945_,14.72
_36993_,14.72
_37215_,14.72
_37538_,14.72
_40571_,14.72
_40857_,14.72
_41226_,14.72
_19242_,14.715
_24189_,14.715
_17140_,14.71
_40201_,14.71
_00794_,14.7
_01383_,14.7
_07736_,14.7
_08775_,14.7
_12222_,14.7
_12495_,14.7
_14188_,14.7
_19876_,14.7
_25191_,14.7
_25279_,14.7
_26058_,14.7
_26730_,14.7
_35510_,14.7
_38103_,14.7
_38394_,14.7
_01019_,14.68
_01291_,14.68
_01593_,14.68
_02171_,14.68
_02244_,14.68
_05266_,14.68
_06007_,14.68
_06517_,14.68
_10112_,14.68
_12500_,14.68
_15173_,14.68
_15558_,14.68
_15666_,14.68
_17312_,14.68
_17374_,14.68
_18173_,14.68
_22508_,14.68
_24366_,14.68
_29062_,14.68
_29159_,14.68
_31126_,14.68
_32330_,14.68
_37740_,14.68
_39772_,14.68
_40295_,14.68
_40840_,14.68
_42038_,14.68
_25840_,14.67
_04357_,14.66
_10262_,14.66
_12877_,14.66
_15480_,14.66
_16413_,14.66
_17547_,14.66
_18779_,14.66
_19922_,14.66
_21650_,14.66
_31818_,14.66
_33206_,14.66
_40641_,14.66
net435,14.66
_00553_,14.64
_01148_,14.64
_02447_,14.64
_03003_,14.64
_03870_,14.64
_04041_,14.64
_04296_,14.64
_07394_,14.64
_07972_,14.64
_08095_,14.64
_10793_,14.64
_12430_,14.64
_12953_,14.64
_13132_,14.64
_15469_,14.64
_16118_,14.64
_19340_,14.64
_22773_,14.64
_24164_,14.64
_25275_,14.64
_28506_,14.64
_30050_,14.64
_35258_,14.64
_36548_,14.64
_37066_,14.64
_37663_,14.64
_04566_,14.635
_26913_,14.635
_30582_,14.635
_40928_,14.625
_01056_,14.62
_05475_,14.62
_08875_,14.62
_21068_,14.62
_23539_,14.62
_25897_,14.62
_26665_,14.62
_34300_,14.62
_34566_,14.62
_34826_,14.62
_23129_,14.61
_00870_,14.6
_01700_,14.6
_02559_,14.6
_02579_,14.6
_04101_,14.6
_04294_,14.6
_04396_,14.6
_04843_,14.6
_04893_,14.6
_05492_,14.6
_08130_,14.6
_11032_,14.6
_12221_,14.6
_14492_,14.6
_18545_,14.6
_23335_,14.6
_23418_,14.6
_24409_,14.6
_28574_,14.6
_31752_,14.6
_32192_,14.6
_32436_,14.6
_35014_,14.6
_39840_,14.6
_10427_,14.595
_19826_,14.59
_23797_,14.59
_36974_,14.59
_37720_,14.59
_00816_,14.58
_04189_,14.58
_04297_,14.58
_06302_,14.58
_06886_,14.58
_07228_,14.58
_10500_,14.58
_14632_,14.58
_28002_,14.58
_28517_,14.58
_31400_,14.58
_33371_,14.58
_36357_,14.58
_36512_,14.58
_36964_,14.58
_38883_,14.58
_39166_,14.58
_03931_,14.57
_14187_,14.57
_16145_,14.57
_23138_,14.57
_30839_,14.565
_02928_,14.56
_06028_,14.56
_06477_,14.56
_08564_,14.56
_08739_,14.56
_11201_,14.56
_12272_,14.56
_12371_,14.56
_14356_,14.56
_14647_,14.56
_16260_,14.56
_16590_,14.56
_19904_,14.56
_20942_,14.56
_23387_,14.56
_26249_,14.56
_26425_,14.56
_26619_,14.56
_27623_,14.56
_29423_,14.56
_39059_,14.56
_39163_,14.56
_39909_,14.56
_40202_,14.56
_00729_,14.54
_01354_,14.54
_08702_,14.54
_11623_,14.54
_15007_,14.54
_15478_,14.54
_15930_,14.54
_17256_,14.54
_19563_,14.54
_22219_,14.54
_22802_,14.54
_24827_,14.54
_27205_,14.54
_30499_,14.54
_32260_,14.54
_35606_,14.54
_36379_,14.54
_39144_,14.54
_39606_,14.54
_10146_,14.535
_35270_,14.535
_35812_,14.535
_00019_,14.52
_00761_,14.52
_00906_,14.52
_00948_,14.52
_02428_,14.52
_03824_,14.52
_07015_,14.52
_07663_,14.52
_10995_,14.52
_11385_,14.52
_11544_,14.52
_12384_,14.52
_13025_,14.52
_15355_,14.52
_16959_,14.52
_19287_,14.52
_19512_,14.52
_19979_,14.52
_23448_,14.52
_24240_,14.52
_28602_,14.52
_28779_,14.52
_29262_,14.52
_29603_,14.52
_32899_,14.52
_33235_,14.52
_34111_,14.52
_34607_,14.52
_35167_,14.52
_35859_,14.52
_38498_,14.52
_39536_,14.52
_40999_,14.52
_41348_,14.52
_16128_,14.515
_14398_,14.51
_36855_,14.51
_00871_,14.5
_01672_,14.5
_01909_,14.5
_02292_,14.5
_02366_,14.5
_02409_,14.5
_02824_,14.5
_09870_,14.5
_10840_,14.5
_13068_,14.5
_14867_,14.5
_16193_,14.5
_16419_,14.5
_21954_,14.5
_22503_,14.5
_26476_,14.5
_28668_,14.5
_33788_,14.5
_35218_,14.5
_38142_,14.5
_38200_,14.5
_38497_,14.5
_39075_,14.5
_04872_,14.495
_34551_,14.49
_03943_,14.48
_04168_,14.48
_05701_,14.48
_07624_,14.48
_08206_,14.48
_09304_,14.48
_13225_,14.48
_13289_,14.48
_15424_,14.48
_16123_,14.48
_17107_,14.48
_19399_,14.48
_23974_,14.48
_24391_,14.48
_26357_,14.48
_27961_,14.48
_32522_,14.48
_32551_,14.48
_34811_,14.48
_34842_,14.48
_36103_,14.48
_41955_,14.48
_28748_,14.475
_33198_,14.475
_39001_,14.475
_06328_,14.47
_17773_,14.47
_36547_,14.47
_02029_,14.46
_02763_,14.46
_03855_,14.46
_04439_,14.46
_04963_,14.46
_05468_,14.46
_05584_,14.46
_07087_,14.46
_11446_,14.46
_14901_,14.46
_16364_,14.46
_19197_,14.46
_22223_,14.46
_23014_,14.46
_23416_,14.46
_26825_,14.46
_27080_,14.46
_29163_,14.46
_29434_,14.46
_30991_,14.46
_33337_,14.46
_36972_,14.46
_37698_,14.46
_39660_,14.46
_42173_,14.46
_30762_,14.455
_10665_,14.45
_12672_,14.45
_03880_,14.44
_04941_,14.44
_06715_,14.44
_09858_,14.44
_17322_,14.44
_17836_,14.44
_18786_,14.44
_19725_,14.44
_20856_,14.44
_21860_,14.44
_22089_,14.44
_22266_,14.44
_23571_,14.44
_25078_,14.44
_28230_,14.44
_30542_,14.44
_31033_,14.44
_31254_,14.44
_32254_,14.44
_33446_,14.44
_37905_,14.44
_38088_,14.44
_40778_,14.44
_14938_,14.43
_30825_,14.43
_01016_,14.42
_01225_,14.42
_01964_,14.42
_04331_,14.42
_08457_,14.42
_08590_,14.42
_10022_,14.42
_11036_,14.42
_11495_,14.42
_12303_,14.42
_13072_,14.42
_14888_,14.42
_15525_,14.42
_17086_,14.42
_17161_,14.42
_27567_,14.42
_28778_,14.42
_29438_,14.42
_30189_,14.42
_30707_,14.42
_31446_,14.42
_33622_,14.42
_37414_,14.42
_39787_,14.42
_39974_,14.42
_40029_,14.42
_42386_,14.42
_22904_,14.41
_39733_,14.41
_19745_,14.405
_03644_,14.4
_09347_,14.4
_09509_,14.4
_09851_,14.4
_10965_,14.4
_12439_,14.4
_13532_,14.4
_13860_,14.4
_14762_,14.4
_15712_,14.4
_15840_,14.4
_16089_,14.4
_17360_,14.4
_19144_,14.4
_20941_,14.4
_23752_,14.4
_26287_,14.4
_32265_,14.4
_32820_,14.4
_33752_,14.4
_34052_,14.4
_36730_,14.4
_36750_,14.4
_40749_,14.4
_41326_,14.4
_22054_,14.39
_00568_,14.38
_02639_,14.38
_05918_,14.38
_06853_,14.38
_07206_,14.38
_09750_,14.38
_09969_,14.38
_10017_,14.38
_10371_,14.38
_10512_,14.38
_13906_,14.38
_15813_,14.38
_17680_,14.38
_20019_,14.38
_21475_,14.38
_26387_,14.38
_27607_,14.38
_27620_,14.38
_27914_,14.38
_28161_,14.38
_36137_,14.38
_36596_,14.38
_36769_,14.38
_39715_,14.38
net200,14.38
_07666_,14.37
read_data[27],14.37
_03693_,14.36
_04507_,14.36
_14171_,14.36
_18216_,14.36
_20363_,14.36
_21308_,14.36
_22832_,14.36
_23005_,14.36
_23897_,14.36
_26678_,14.36
_36592_,14.36
_37011_,14.36
_39645_,14.36
_40768_,14.36
_33840_,14.35
_34200_,14.35
_41468_,14.35
_01102_,14.34
_01185_,14.34
_01350_,14.34
_01776_,14.34
_02324_,14.34
_04938_,14.34
_05396_,14.34
_05825_,14.34
_06283_,14.34
_07062_,14.34
_08522_,14.34
_09452_,14.34
_10953_,14.34
_11842_,14.34
_11897_,14.34
_17448_,14.34
_18330_,14.34
_18468_,14.34
_22484_,14.34
_24639_,14.34
_25079_,14.34
_27375_,14.34
_28101_,14.34
_28716_,14.34
_31391_,14.34
_33904_,14.34
_34805_,14.34
_34903_,14.34
_35883_,14.34
_37201_,14.34
_36842_,14.33
_41876_,14.33
_03550_,14.32
_04464_,14.32
_04952_,14.32
_05862_,14.32
_07247_,14.32
_07951_,14.32
_12091_,14.32
_12235_,14.32
_16203_,14.32
_19752_,14.32
_20120_,14.32
_20486_,14.32
_20912_,14.32
_23246_,14.32
_30574_,14.32
_33968_,14.32
_34303_,14.32
_35345_,14.32
_39048_,14.32
_39520_,14.32
_27004_,14.315
_09261_,14.31
_35729_,14.31
_01125_,14.3
_07311_,14.3
_10044_,14.3
_12054_,14.3
_16111_,14.3
_16892_,14.3
_17132_,14.3
_18226_,14.3
_21371_,14.3
_21937_,14.3
_22961_,14.3
_23088_,14.3
_23982_,14.3
_25741_,14.3
_26739_,14.3
_28851_,14.3
_30938_,14.3
_32357_,14.3
_33188_,14.3
_34193_,14.3
_35452_,14.3
_35614_,14.3
_40178_,14.3
_40440_,14.3
_40715_,14.3
_40773_,14.3
_40803_,14.3
_41084_,14.3
_02823_,14.28
_03743_,14.28
_04301_,14.28
_04884_,14.28
_07261_,14.28
_10871_,14.28
_10917_,14.28
_12747_,14.28
_17966_,14.28
_19966_,14.28
_26767_,14.28
_27760_,14.28
_31278_,14.28
_33478_,14.28
_38138_,14.28
_38596_,14.28
_42417_,14.28
_39849_,14.275
_01764_,14.27
_23511_,14.27
_00503_,14.26
_01551_,14.26
_02175_,14.26
_02188_,14.26
_04277_,14.26
_07396_,14.26
_08930_,14.26
_10269_,14.26
_10390_,14.26
_13231_,14.26
_13942_,14.26
_14115_,14.26
_14230_,14.26
_15560_,14.26
_16693_,14.26
_21641_,14.26
_22353_,14.26
_22361_,14.26
_25523_,14.26
_25615_,14.26
_25810_,14.26
_25940_,14.26
_27018_,14.26
_30409_,14.26
_30893_,14.26
_33813_,14.26
_34344_,14.26
_37876_,14.26
_38462_,14.26
_38858_,14.26
_39532_,14.26
_39940_,14.26
_42204_,14.26
_03373_,14.24
_09685_,14.24
_10024_,14.24
_12593_,14.24
_15145_,14.24
_20418_,14.24
_24554_,14.24
_28165_,14.24
_33581_,14.24
_33855_,14.24
_38527_,14.24
_38677_,14.24
_39750_,14.24
_42364_,14.24
_30506_,14.235
_07844_,14.23
_41537_,14.23
_00953_,14.22
_02714_,14.22
_03769_,14.22
_08382_,14.22
_09019_,14.22
_09719_,14.22
_10035_,14.22
_10078_,14.22
_12095_,14.22
_12543_,14.22
_13018_,14.22
_15790_,14.22
_17180_,14.22
_17343_,14.22
_21062_,14.22
_26590_,14.22
_27047_,14.22
_27056_,14.22
_27206_,14.22
_29193_,14.22
_29215_,14.22
_35973_,14.22
_37200_,14.22
_37487_,14.22
_40941_,14.22
_41590_,14.22
_42133_,14.22
_03047_,14.215
_01246_,14.2
_02840_,14.2
_07504_,14.2
_08019_,14.2
_08898_,14.2
_10051_,14.2
_12503_,14.2
_14350_,14.2
_14676_,14.2
_14881_,14.2
_15158_,14.2
_18091_,14.2
_18124_,14.2
_19071_,14.2
_19615_,14.2
_21389_,14.2
_21886_,14.2
_22138_,14.2
_25408_,14.2
_27965_,14.2
_29292_,14.2
_29627_,14.2
_33661_,14.2
_36553_,14.2
_41976_,14.2
_14042_,14.19
_01399_,14.18
_01960_,14.18
_04438_,14.18
_08282_,14.18
_10116_,14.18
_10408_,14.18
_10610_,14.18
_15198_,14.18
_15806_,14.18
_16556_,14.18
_17581_,14.18
_19644_,14.18
_19672_,14.18
_20131_,14.18
_21337_,14.18
_23296_,14.18
_23349_,14.18
_25737_,14.18
_31212_,14.18
_31732_,14.18
_32207_,14.18
_34409_,14.18
_35383_,14.18
_35521_,14.18
_35845_,14.18
_37185_,14.18
_38143_,14.18
_40913_,14.18
_41260_,14.18
_41383_,14.18
_41873_,14.18
_41965_,14.18
_14443_,14.175
_06359_,14.17
_15495_,14.17
_38668_,14.165
_01036_,14.16
_02821_,14.16
_05329_,14.16
_05406_,14.16
_14966_,14.16
_15029_,14.16
_16871_,14.16
_19105_,14.16
_22426_,14.16
_24702_,14.16
_24728_,14.16
_24937_,14.16
_28206_,14.16
_30022_,14.16
_34535_,14.16
_35387_,14.16
_36430_,14.16
_38030_,14.16
_39077_,14.16
_42057_,14.16
_39473_,14.15
_00812_,14.14
_01407_,14.14
_02853_,14.14
_03414_,14.14
_04804_,14.14
_05044_,14.14
_06036_,14.14
_06248_,14.14
_06457_,14.14
_07227_,14.14
_07794_,14.14
_08080_,14.14
_09610_,14.14
_10103_,14.14
_10290_,14.14
_11339_,14.14
_12230_,14.14
_12260_,14.14
_12569_,14.14
_14402_,14.14
_14716_,14.14
_15286_,14.14
_16315_,14.14
_16963_,14.14
_17478_,14.14
_22570_,14.14
_25125_,14.14
_28988_,14.14
_29873_,14.14
_32774_,14.14
_33333_,14.14
_33627_,14.14
_34755_,14.14
_34883_,14.14
_37210_,14.14
_40676_,14.14
_40788_,14.14
_41396_,14.14
_41887_,14.14
_01459_,14.125
_03603_,14.12
_06250_,14.12
_06769_,14.12
_07492_,14.12
_07976_,14.12
_08216_,14.12
_19418_,14.12
_22472_,14.12
_27404_,14.12
_28642_,14.12
_32949_,14.12
_37131_,14.12
_41207_,14.12
_41742_,14.12
_12856_,14.105
_00559_,14.1
_04020_,14.1
_05317_,14.1
_08905_,14.1
_10591_,14.1
_11611_,14.1
_11813_,14.1
_16374_,14.1
_17715_,14.1
_18402_,14.1
_19059_,14.1
_19354_,14.1
_21084_,14.1
_21230_,14.1
_22601_,14.1
_22921_,14.1
_26597_,14.1
_27776_,14.1
_29237_,14.1
_29963_,14.1
_30185_,14.1
_30969_,14.1
_31398_,14.1
_34936_,14.1
_35148_,14.1
_35632_,14.1
_36906_,14.1
_38971_,14.1
_39199_,14.1
_39569_,14.1
_40491_,14.1
_41651_,14.1
_16567_,14.095
_20272_,14.09
_20487_,14.09
_25121_,14.09
_33811_,14.09
_00892_,14.08
_01087_,14.08
_07829_,14.08
_09007_,14.08
_10128_,14.08
_12730_,14.08
_13882_,14.08
_14483_,14.08
_15364_,14.08
_17055_,14.08
_17473_,14.08
_21616_,14.08
_23102_,14.08
_23607_,14.08
_23700_,14.08
_27126_,14.08
_36733_,14.08
_40694_,14.08
_00857_,14.06
_00894_,14.06
_00913_,14.06
_00933_,14.06
_00955_,14.06
_03329_,14.06
_03716_,14.06
_07127_,14.06
_10399_,14.06
_10576_,14.06
_16259_,14.06
_19944_,14.06
_20137_,14.06
_21385_,14.06
_23709_,14.06
_23794_,14.06
_27531_,14.06
_27731_,14.06
_28313_,14.06
_30159_,14.06
_34761_,14.06
_35564_,14.06
_35935_,14.06
_41155_,14.06
_41416_,14.06
_41616_,14.06
_15374_,14.05
_04226_,14.04
_07132_,14.04
_10378_,14.04
_11412_,14.04
_13859_,14.04
_14343_,14.04
_15866_,14.04
_15923_,14.04
_16124_,14.04
_17131_,14.04
_18273_,14.04
_19601_,14.04
_21346_,14.04
_28450_,14.04
_28603_,14.04
_35095_,14.04
_35443_,14.04
_40584_,14.04
_40959_,14.04
_41985_,14.04
_42456_,14.04
_12094_,14.035
_06595_,14.03
_08377_,14.03
_01343_,14.02
_02134_,14.02
_04475_,14.02
_07607_,14.02
_11056_,14.02
_12504_,14.02
_13745_,14.02
_14522_,14.02
_17262_,14.02
_23252_,14.02
_26337_,14.02
_32016_,14.02
_37303_,14.02
_39910_,14.02
_41201_,14.015
_41550_,14.01
_03995_,14
_05685_,14
_05980_,14
_09323_,14
_10526_,14
_10796_,14
_10922_,14
_12240_,14
_12378_,14
_12902_,14
_15887_,14
_17595_,14
_17700_,14
_19101_,14
_19945_,14
_20289_,14
_20336_,14
_20685_,14
_21073_,14
_21793_,14
_23458_,14
_24305_,14
_27671_,14
_28059_,14
_28490_,14
_28750_,14
_29605_,14
_29830_,14
_30708_,14
_32534_,14
_33958_,14
_36327_,14
_36328_,14
_38997_,14
_39140_,14
_39815_,14
_41259_,14
_41744_,14
_07758_,13.995
_16239_,13.995
_24632_,13.995
_07755_,13.99
_18128_,13.99
_01545_,13.98
_02936_,13.98
_03928_,13.98
_05043_,13.98
_05899_,13.98
_09166_,13.98
_09467_,13.98
_11910_,13.98
_13165_,13.98
_16245_,13.98
_16296_,13.98
_17695_,13.98
_17900_,13.98
_18320_,13.98
_18679_,13.98
_19371_,13.98
_29144_,13.98
_29705_,13.98
_30854_,13.98
_33001_,13.98
_33237_,13.98
_34305_,13.98
_38098_,13.98
_38446_,13.98
_38913_,13.98
_39164_,13.98
_39492_,13.98
_39771_,13.98
_41881_,13.98
_42375_,13.98
read_data[17],13.98
_19667_,13.975
_02434_,13.97
_10828_,13.97
_34208_,13.97
_00634_,13.96
_00929_,13.96
_01977_,13.96
_03518_,13.96
_04063_,13.96
_04178_,13.96
_05500_,13.96
_06094_,13.96
_06949_,13.96
_07685_,13.96
_07700_,13.96
_10255_,13.96
_10476_,13.96
_11380_,13.96
_12060_,13.96
_12876_,13.96
_13079_,13.96
_13367_,13.96
_14182_,13.96
_16961_,13.96
_17973_,13.96
_18176_,13.96
_18406_,13.96
_19477_,13.96
_19562_,13.96
_23985_,13.96
_25354_,13.96
_26750_,13.96
_27048_,13.96
_28432_,13.96
_28562_,13.96
_30256_,13.96
_33844_,13.96
_36662_,13.96
_38378_,13.96
_40836_,13.96
_41788_,13.95
_00921_,13.94
_00987_,13.94
_03878_,13.94
_06375_,13.94
_09430_,13.94
_12033_,13.94
_16327_,13.94
_17605_,13.94
_17927_,13.94
_18766_,13.94
_20013_,13.94
_22470_,13.94
_23255_,13.94
_27979_,13.94
_28633_,13.94
_29005_,13.94
_30297_,13.94
_35195_,13.94
_37780_,13.94
_38268_,13.94
_38624_,13.94
_40488_,13.94
_40603_,13.94
_41691_,13.94
_12681_,13.93
_02699_,13.92
_02782_,13.92
_04480_,13.92
_09614_,13.92
_09660_,13.92
_09925_,13.92
_10199_,13.92
_11796_,13.92
_12667_,13.92
_13043_,13.92
_14481_,13.92
_17796_,13.92
_18252_,13.92
_18430_,13.92
_19866_,13.92
_20284_,13.92
_22276_,13.92
_26771_,13.92
_27819_,13.92
_28905_,13.92
_30166_,13.92
_30642_,13.92
_31952_,13.92
_33028_,13.92
_33230_,13.92
_38929_,13.92
_39254_,13.92
_39825_,13.92
_34817_,13.915
_13176_,13.91
_37717_,13.91
_07187_,13.9
_11202_,13.9
_13425_,13.9
_17686_,13.9
_22623_,13.9
_27714_,13.9
_31272_,13.9
_38314_,13.9
_39762_,13.9
_40578_,13.9
_42356_,13.9
_13698_,13.885
_02701_,13.88
_03150_,13.88
_03252_,13.88
_05412_,13.88
_05802_,13.88
_05957_,13.88
_12284_,13.88
_12396_,13.88
_14795_,13.88
_15147_,13.88
_19906_,13.88
_22808_,13.88
_24303_,13.88
_25724_,13.88
_25794_,13.88
_26737_,13.88
_27290_,13.88
_28519_,13.88
_28808_,13.88
_29499_,13.88
_29503_,13.88
_29989_,13.88
_37295_,13.88
_38216_,13.88
_40540_,13.88
_41463_,13.88
_42351_,13.88
_00723_,13.86
_03807_,13.86
_06144_,13.86
_07275_,13.86
_08600_,13.86
_10056_,13.86
_11415_,13.86
_11416_,13.86
_13888_,13.86
_15051_,13.86
_17979_,13.86
_19360_,13.86
_19466_,13.86
_22582_,13.86
_23563_,13.86
_23564_,13.86
_26182_,13.86
_30394_,13.86
_32089_,13.86
_33143_,13.86
_36825_,13.86
stage8_inst.in3\[19\],13.86
_36174_,13.845
_02601_,13.84
_03991_,13.84
_04467_,13.84
_06063_,13.84
_07784_,13.84
_08939_,13.84
_09586_,13.84
_10240_,13.84
_11020_,13.84
_11552_,13.84
_13985_,13.84
_15106_,13.84
_16166_,13.84
_18122_,13.84
_19975_,13.84
_21608_,13.84
_22075_,13.84
_23042_,13.84
_24492_,13.84
_25071_,13.84
_26366_,13.84
_26878_,13.84
_28047_,13.84
_28258_,13.84
_28431_,13.84
_30541_,13.84
_31341_,13.84
_33263_,13.84
_34313_,13.84
_34594_,13.84
_36176_,13.84
_36377_,13.84
_36997_,13.84
_39098_,13.84
_39877_,13.84
_41002_,13.84
_05086_,13.835
_00489_,13.82
_00736_,13.82
_03297_,13.82
_10416_,13.82
_10424_,13.82
_15491_,13.82
_22016_,13.82
_23261_,13.82
_24186_,13.82
_26746_,13.82
_27797_,13.82
_28440_,13.82
_31171_,13.82
_32461_,13.82
_34427_,13.82
_34852_,13.82
_40474_,13.82
_42021_,13.82
_23136_,13.815
_28411_,13.81
_00575_,13.8
_01788_,13.8
_02180_,13.8
_04059_,13.8
_06287_,13.8
_08100_,13.8
_11411_,13.8
_12111_,13.8
_17556_,13.8
_18637_,13.8
_19561_,13.8
_20893_,13.8
_22412_,13.8
_23825_,13.8
_25884_,13.8
_29776_,13.8
_33008_,13.8
_33287_,13.8
_34993_,13.8
_36579_,13.8
_40012_,13.8
_41369_,13.8
_41901_,13.8
_21851_,13.795
_29512_,13.79
_01485_,13.78
_03044_,13.78
_04263_,13.78
_04405_,13.78
_11142_,13.78
_11174_,13.78
_11585_,13.78
_14010_,13.78
_14099_,13.78
_16572_,13.78
_16724_,13.78
_17047_,13.78
_20345_,13.78
_22268_,13.78
_23647_,13.78
_27707_,13.78
_27884_,13.78
_28597_,13.78
_31125_,13.78
_37209_,13.78
_37907_,13.78
_39831_,13.78
_41223_,13.77
_01130_,13.76
_03500_,13.76
_04070_,13.76
_04372_,13.76
_05140_,13.76
_05453_,13.76
_07176_,13.76
_08196_,13.76
_08407_,13.76
_09911_,13.76
_10652_,13.76
_11294_,13.76
_12064_,13.76
_12908_,13.76
_15554_,13.76
_19025_,13.76
_19333_,13.76
_21405_,13.76
_21611_,13.76
_25142_,13.76
_25865_,13.76
_26101_,13.76
_27000_,13.76
_31121_,13.76
_31831_,13.76
_34270_,13.76
_37834_,13.76
_40345_,13.76
_40658_,13.76
_40735_,13.76
_42556_,13.76
_00037_,13.745
_17040_,13.745
_01367_,13.74
_01520_,13.74
_01738_,13.74
_03630_,13.74
_04976_,13.74
_15481_,13.74
_16524_,13.74
_19307_,13.74
_22940_,13.74
_32114_,13.74
_32806_,13.74
_34319_,13.74
_37469_,13.74
_41015_,13.74
load_data[6],13.74
load_twiddle[12],13.74
_31949_,13.735
_39908_,13.73
_00396_,13.72
_00646_,13.72
_01029_,13.72
_01982_,13.72
_03600_,13.72
_03657_,13.72
_04569_,13.72
_05486_,13.72
_05564_,13.72
_07246_,13.72
_07823_,13.72
_08602_,13.72
_09476_,13.72
_10685_,13.72
_11283_,13.72
_11894_,13.72
_12161_,13.72
_16044_,13.72
_16416_,13.72
_16668_,13.72
_16824_,13.72
_17271_,13.72
_18076_,13.72
_20449_,13.72
_21472_,13.72
_22345_,13.72
_22966_,13.72
_28665_,13.72
_29004_,13.72
_30886_,13.72
_32776_,13.72
_34821_,13.72
_35351_,13.72
_36919_,13.72
_36953_,13.72
_36958_,13.72
_37126_,13.72
_37918_,13.72
_39468_,13.72
_40559_,13.72
_16757_,13.71
_03304_,13.7
_04102_,13.7
_06754_,13.7
_10743_,13.7
_11199_,13.7
_15011_,13.7
_17493_,13.7
_20044_,13.7
_23159_,13.7
_23498_,13.7
_27256_,13.7
_27545_,13.7
_30659_,13.7
_34102_,13.7
_34466_,13.7
_34886_,13.7
_36971_,13.7
_38286_,13.7
_40120_,13.7
_29975_,13.695
_06466_,13.69
_09173_,13.69
_24809_,13.69
_34746_,13.69
_00063_,13.68
_00703_,13.68
_01243_,13.68
_01408_,13.68
_02746_,13.68
_04520_,13.68
_06368_,13.68
_15520_,13.68
_15692_,13.68
_20100_,13.68
_21724_,13.68
_23677_,13.68
_23775_,13.68
_26209_,13.68
_28626_,13.68
_28973_,13.68
_32413_,13.68
_32950_,13.68
_35600_,13.68
_28968_,13.675
_36208_,13.675
_25647_,13.67
_31722_,13.67
_01613_,13.66
_17169_,13.66
_19957_,13.66
_20465_,13.66
_23516_,13.66
_30331_,13.66
_36011_,13.66
_39387_,13.66
_13009_,13.65
_15902_,13.65
_32225_,13.65
_32517_,13.65
_33489_,13.65
_39391_,13.65
_40257_,13.65
_00434_,13.64
_03783_,13.64
_06400_,13.64
_07022_,13.64
_07601_,13.64
_09732_,13.64
_09733_,13.64
_11006_,13.64
_12282_,13.64
_12581_,13.64
_12686_,13.64
_13820_,13.64
_15049_,13.64
_15908_,13.64
_17150_,13.64
_18143_,13.64
_18267_,13.64
_18487_,13.64
_18851_,13.64
_22419_,13.64
_22774_,13.64
_24293_,13.64
_24780_,13.64
_25462_,13.64
_28092_,13.64
_28745_,13.64
_29179_,13.64
_29632_,13.64
_29962_,13.64
_30617_,13.64
_34890_,13.64
_36228_,13.64
_40088_,13.64
_42156_,13.64
net402,13.64
_17022_,13.63
_27481_,13.625
_05054_,13.62
_05355_,13.62
_05890_,13.62
_06042_,13.62
_08368_,13.62
_08895_,13.62
_11018_,13.62
_11533_,13.62
_13371_,13.62
_13523_,13.62
_16247_,13.62
_18961_,13.62
_19513_,13.62
_20497_,13.62
_26537_,13.62
_27319_,13.62
_27377_,13.62
_27682_,13.62
_27691_,13.62
_31205_,13.62
_31404_,13.62
_32819_,13.62
_33527_,13.62
_33709_,13.62
_34978_,13.62
_36729_,13.62
_37810_,13.62
_41629_,13.62
_42227_,13.62
_42308_,13.62
_10217_,13.61
_00728_,13.6
_00972_,13.6
_02892_,13.6
_03298_,13.6
_03750_,13.6
_04241_,13.6
_06171_,13.6
_09796_,13.6
_14874_,13.6
_15553_,13.6
_18848_,13.6
_20117_,13.6
_23635_,13.6
_24254_,13.6
_26286_,13.6
_28729_,13.6
_30433_,13.6
_30619_,13.6
_31219_,13.6
_33560_,13.6
_34431_,13.6
_34620_,13.6
_40475_,13.6
_42024_,13.6
_03389_,13.595
_23941_,13.59
_01519_,13.58
_04653_,13.58
_07166_,13.58
_08536_,13.58
_10453_,13.58
_11934_,13.58
_12939_,13.58
_15526_,13.58
_17804_,13.58
_21643_,13.58
_23501_,13.58
_24355_,13.58
_26481_,13.58
_26493_,13.58
_26958_,13.58
_33144_,13.58
_34790_,13.58
_36048_,13.58
_03343_,13.57
_02003_,13.56
_02321_,13.56
_03420_,13.56
_03501_,13.56
_06984_,13.56
_10959_,13.56
_11052_,13.56
_20018_,13.56
_28336_,13.56
_29103_,13.56
_30641_,13.56
_35458_,13.56
_36437_,13.56
_36786_,13.56
_37554_,13.56
_37851_,13.56
_42501_,13.56
net188,13.56
_14053_,13.55
_27799_,13.55
_00999_,13.54
_02257_,13.54
_02275_,13.54
_02740_,13.54
_03313_,13.54
_09469_,13.54
_09857_,13.54
_09883_,13.54
_10715_,13.54
_12804_,13.54
_13510_,13.54
_14706_,13.54
_15945_,13.54
_18368_,13.54
_20547_,13.54
_20928_,13.54
_24092_,13.54
_24773_,13.54
_26474_,13.54
_26630_,13.54
_29945_,13.54
_30916_,13.54
_32051_,13.54
_32339_,13.54
_33884_,13.54
_37255_,13.54
_38375_,13.54
_38583_,13.54
_40954_,13.54
_42284_,13.54
_02787_,13.53
_17166_,13.53
_19342_,13.53
_35229_,13.53
_05261_,13.52
_07561_,13.52
_08660_,13.52
_09406_,13.52
_10163_,13.52
_10891_,13.52
_11302_,13.52
_11791_,13.52
_13933_,13.52
_18099_,13.52
_18506_,13.52
_23098_,13.52
_26237_,13.52
_29393_,13.52
_35813_,13.52
_39598_,13.52
_39788_,13.52
_40399_,13.52
_41755_,13.52
_23301_,13.51
_36563_,13.51
_00448_,13.5
_02037_,13.5
_02154_,13.5
_04928_,13.5
_04982_,13.5
_08366_,13.5
_08870_,13.5
_09581_,13.5
_12847_,13.5
_13374_,13.5
_14392_,13.5
_16881_,13.5
_19950_,13.5
_22752_,13.5
_24173_,13.5
_24484_,13.5
_24807_,13.5
_25563_,13.5
_26072_,13.5
_26123_,13.5
_26827_,13.5
_27227_,13.5
_28009_,13.5
_28413_,13.5
_32475_,13.5
_36067_,13.5
_36460_,13.5
_36464_,13.5
_36869_,13.5
_40151_,13.5
_00904_,13.48
_02751_,13.48
_04377_,13.48
_04386_,13.48
_04729_,13.48
_05699_,13.48
_12617_,13.48
_15985_,13.48
_16401_,13.48
_16649_,13.48
_19533_,13.48
_20452_,13.48
_23391_,13.48
_26301_,13.48
_28967_,13.48
_29473_,13.48
_30677_,13.48
_31387_,13.48
_33470_,13.48
_33790_,13.48
_34569_,13.48
_35228_,13.48
_36342_,13.48
_37630_,13.48
_38331_,13.48
_39828_,13.48
_00065_,13.465
_00757_,13.465
_00918_,13.46
_01002_,13.46
_01432_,13.46
_02597_,13.46
_03436_,13.46
_03895_,13.46
_06897_,13.46
_10405_,13.46
_11835_,13.46
_11990_,13.46
_12005_,13.46
_12461_,13.46
_12960_,13.46
_17208_,13.46
_18070_,13.46
_19445_,13.46
_20176_,13.46
_22535_,13.46
_23461_,13.46
_24123_,13.46
_24233_,13.46
_25920_,13.46
_27163_,13.46
_30362_,13.46
_32152_,13.46
_34039_,13.46
_34500_,13.46
_35061_,13.46
_38425_,13.46
_40318_,13.46
_41913_,13.46
_14939_,13.455
_21940_,13.45
_39012_,13.45
_03054_,13.44
_06132_,13.44
_07088_,13.44
_11696_,13.44
_11698_,13.44
_13023_,13.44
_14045_,13.44
_14619_,13.44
_14630_,13.44
_15220_,13.44
_16503_,13.44
_16971_,13.44
_17275_,13.44
_18096_,13.44
_21301_,13.44
_21625_,13.44
_22357_,13.44
_25778_,13.44
_26761_,13.44
_27749_,13.44
_28085_,13.44
_28210_,13.44
_29842_,13.44
_30415_,13.44
_30622_,13.44
_39559_,13.44
_39938_,13.44
_00459_,13.42
_02055_,13.42
_03569_,13.42
_05211_,13.42
_06208_,13.42
_09308_,13.42
_12257_,13.42
_15048_,13.42
_20109_,13.42
_20883_,13.42
_21499_,13.42
_24696_,13.42
_24909_,13.42
_26554_,13.42
_26649_,13.42
_28533_,13.42
_32567_,13.42
_33918_,13.42
_35318_,13.42
_35985_,13.42
_36366_,13.42
_37724_,13.42
_38675_,13.42
_40498_,13.42
_41688_,13.42
_05753_,13.41
_32740_,13.41
_34116_,13.41
_38597_,13.41
_01607_,13.4
_01946_,13.4
_05649_,13.4
_05754_,13.4
_08101_,13.4
_08422_,13.4
_16022_,13.4
_16307_,13.4
_16523_,13.4
_17049_,13.4
_18872_,13.4
_19302_,13.4
_21239_,13.4
_21676_,13.4
_22956_,13.4
_23386_,13.4
_26656_,13.4
_33126_,13.4
_34531_,13.4
_35639_,13.4
_37125_,13.4
_40985_,13.4
load_twiddle[15],13.4
_00010_,13.38
_01286_,13.38
_02547_,13.38
_03092_,13.38
_04214_,13.38
_06117_,13.38
_07586_,13.38
_08413_,13.38
_08737_,13.38
_09715_,13.38
_10001_,13.38
_10767_,13.38
_11215_,13.38
_11409_,13.38
_11469_,13.38
_11686_,13.38
_11996_,13.38
_12205_,13.38
_12818_,13.38
_13232_,13.38
_13278_,13.38
_13555_,13.38
_13847_,13.38
_14600_,13.38
_15350_,13.38
_16301_,13.38
_16338_,13.38
_18629_,13.38
_21552_,13.38
_22128_,13.38
_22135_,13.38
_22205_,13.38
_22260_,13.38
_22531_,13.38
_22695_,13.38
_22706_,13.38
_23525_,13.38
_26397_,13.38
_27686_,13.38
_28140_,13.38
_28231_,13.38
_30391_,13.38
_32875_,13.38
_36797_,13.38
_37654_,13.38
_38250_,13.38
_38759_,13.38
_39925_,13.38
_40168_,13.38
_41646_,13.38
_42228_,13.38
net197,13.38
_27322_,13.37
_05419_,13.36
_07859_,13.36
_12043_,13.36
_12702_,13.36
_15260_,13.36
_16353_,13.36
_16599_,13.36
_21040_,13.36
_21889_,13.36
_27210_,13.36
_27838_,13.36
_28436_,13.36
_29510_,13.36
_33231_,13.36
_33636_,13.36
_34986_,13.36
_35897_,13.36
_36846_,13.36
_36998_,13.36
_38528_,13.36
_39541_,13.36
_39778_,13.36
_40503_,13.36
_41427_,13.36
_00670_,13.35
_17938_,13.35
_20649_,13.35
_00579_,13.34
_00674_,13.34
_00714_,13.34
_00763_,13.34
_00808_,13.34
_01161_,13.34
_01280_,13.34
_02306_,13.34
_02534_,13.34
_03540_,13.34
_04738_,13.34
_04772_,13.34
_05284_,13.34
_05694_,13.34
_06692_,13.34
_07621_,13.34
_08171_,13.34
_09338_,13.34
_14249_,13.34
_15337_,13.34
_15957_,13.34
_16666_,13.34
_18240_,13.34
_18806_,13.34
_24843_,13.34
_26252_,13.34
_26960_,13.34
_29143_,13.34
_31760_,13.34
_32692_,13.34
_35055_,13.34
_35138_,13.34
_36233_,13.34
_38206_,13.34
_38595_,13.34
_18594_,13.33
_34318_,13.33
_04014_,13.32
_04107_,13.32
_04680_,13.32
_09583_,13.32
_12061_,13.32
_12741_,13.32
_15796_,13.32
_16488_,13.32
_16875_,13.32
_16928_,13.32
_16980_,13.32
_18942_,13.32
_20470_,13.32
_23581_,13.32
_24943_,13.32
_28082_,13.32
_30915_,13.32
_33781_,13.32
_36458_,13.32
_39708_,13.32
_10171_,13.315
_23393_,13.31
_34659_,13.31
_38767_,13.31
_31203_,13.305
_01739_,13.3
_03017_,13.3
_03103_,13.3
_04449_,13.3
_04495_,13.3
_04662_,13.3
_05425_,13.3
_05849_,13.3
_07385_,13.3
_08197_,13.3
_08850_,13.3
_11473_,13.3
_11788_,13.3
_11808_,13.3
_17885_,13.3
_19031_,13.3
_19955_,13.3
_20613_,13.3
_20698_,13.3
_21066_,13.3
_21077_,13.3
_22416_,13.3
_23670_,13.3
_24444_,13.3
_27312_,13.3
_27713_,13.3
_28083_,13.3
_29724_,13.3
_30590_,13.3
_32852_,13.3
_32940_,13.3
_35301_,13.3
_37334_,13.3
_37750_,13.3
_38076_,13.3
_38750_,13.3
_39555_,13.3
_01345_,13.29
_08976_,13.29
_28250_,13.29
_03487_,13.28
_07334_,13.28
_08664_,13.28
_08740_,13.28
_09691_,13.28
_10360_,13.28
_12511_,13.28
_16441_,13.28
_18589_,13.28
_21340_,13.28
_22721_,13.28
_25541_,13.28
_26029_,13.28
_26205_,13.28
_27500_,13.28
_30892_,13.28
_31700_,13.28
_32555_,13.28
_33876_,13.28
_35224_,13.28
_35247_,13.28
_40418_,13.28
_41845_,13.28
_09236_,13.27
_19535_,13.27
_00865_,13.26
_00954_,13.26
_03511_,13.26
_03735_,13.26
_06610_,13.26
_08708_,13.26
_08960_,13.26
_11045_,13.26
_11064_,13.26
_12227_,13.26
_12911_,13.26
_13284_,13.26
_14326_,13.26
_14882_,13.26
_16167_,13.26
_16627_,13.26
_17590_,13.26
_18042_,13.26
_19265_,13.26
_19907_,13.26
_21010_,13.26
_21329_,13.26
_22947_,13.26
_23307_,13.26
_23946_,13.26
_25486_,13.26
_27122_,13.26
_27711_,13.26
_28444_,13.26
_29121_,13.26
_30603_,13.26
_31914_,13.26
_34008_,13.26
_34601_,13.26
_35209_,13.26
_36848_,13.26
_39547_,13.26
_39741_,13.26
_40934_,13.26
_40983_,13.26
_41481_,13.26
_41667_,13.26
_11491_,13.255
_32478_,13.25
_07129_,13.24
_10186_,13.24
_10786_,13.24
_20329_,13.24
_21574_,13.24
_28251_,13.24
_29924_,13.24
_31865_,13.24
_33407_,13.24
_36830_,13.24
_37170_,13.24
_38856_,13.24
_38911_,13.24
_40910_,13.24
net271,13.24
net419,13.24
_27687_,13.23
_03320_,13.22
_05240_,13.22
_05979_,13.22
_06800_,13.22
_07881_,13.22
_12464_,13.22
_16005_,13.22
_16142_,13.22
_17113_,13.22
_17153_,13.22
_20759_,13.22
_21155_,13.22
_21703_,13.22
_22263_,13.22
_22748_,13.22
_24990_,13.22
_27496_,13.22
_28595_,13.22
_28927_,13.22
_31599_,13.22
_31819_,13.22
_33770_,13.22
_35035_,13.22
_35214_,13.22
_35547_,13.22
_36394_,13.22
_37008_,13.22
_37499_,13.22
_39408_,13.22
_40730_,13.22
_08067_,13.215
_19776_,13.21
_22673_,13.21
_24675_,13.21
_33226_,13.21
_33689_,13.205
_00270_,13.2
_01563_,13.2
_03919_,13.2
_06427_,13.2
_16249_,13.2
_18794_,13.2
_19567_,13.2
_25853_,13.2
_29433_,13.2
_32758_,13.2
_32935_,13.2
_00561_,13.19
_07542_,13.19
_02046_,13.18
_03790_,13.18
_04452_,13.18
_06159_,13.18
_06236_,13.18
_09061_,13.18
_11992_,13.18
_12979_,13.18
_14947_,13.18
_16237_,13.18
_18375_,13.18
_19027_,13.18
_20365_,13.18
_22308_,13.18
_22750_,13.18
_22847_,13.18
_23425_,13.18
_25108_,13.18
_25255_,13.18
_26321_,13.18
_29210_,13.18
_33509_,13.18
_35932_,13.18
_36352_,13.18
_38079_,13.18
_38100_,13.18
_38490_,13.18
_38522_,13.18
_41977_,13.18
_13964_,13.175
_30059_,13.175
_09045_,13.17
_19664_,13.17
_01118_,13.16
_03071_,13.16
_06647_,13.16
_09069_,13.16
_09275_,13.16
_13217_,13.16
_15247_,13.16
_17069_,13.16
_17602_,13.16
_18179_,13.16
_19404_,13.16
_23918_,13.16
_29341_,13.16
_29494_,13.16
_32543_,13.16
_34373_,13.16
_36502_,13.16
_36715_,13.16
_36934_,13.16
_38989_,13.16
_39086_,13.16
_39156_,13.16
_39159_,13.16
_42336_,13.16
_22039_,13.15
_00764_,13.14
_02555_,13.14
_03375_,13.14
_05008_,13.14
_06165_,13.14
_06839_,13.14
_12866_,13.14
_15169_,13.14
_15398_,13.14
_15870_,13.14
_16989_,13.14
_18145_,13.14
_19097_,13.14
_19299_,13.14
_21069_,13.14
_22410_,13.14
_23034_,13.14
_25134_,13.14
_25924_,13.14
_28086_,13.14
_29667_,13.14
_30764_,13.14
_30894_,13.14
_31897_,13.14
_32682_,13.14
_33654_,13.14
_36108_,13.14
_36593_,13.14
_38118_,13.14
_39740_,13.14
_39827_,13.14
_30688_,13.135
_13137_,13.13
_17866_,13.13
_08274_,13.125
_01469_,13.12
_01745_,13.12
_02195_,13.12
_03697_,13.12
_08065_,13.12
_10877_,13.12
_10987_,13.12
_11182_,13.12
_11815_,13.12
_13362_,13.12
_15129_,13.12
_17361_,13.12
_18324_,13.12
_18807_,13.12
_19207_,13.12
_19555_,13.12
_26089_,13.12
_28468_,13.12
_30211_,13.12
_39630_,13.12
_39963_,13.12
_40195_,13.12
_41900_,13.12
_12372_,13.11
_21556_,13.11
_01750_,13.1
_02776_,13.1
_03247_,13.1
_06599_,13.1
_11456_,13.1
_11655_,13.1
_11758_,13.1
_11950_,13.1
_12865_,13.1
_13090_,13.1
_18613_,13.1
_20002_,13.1
_20548_,13.1
_23641_,13.1
_23673_,13.1
_24359_,13.1
_30478_,13.1
_30984_,13.1
_34888_,13.1
_37623_,13.1
_38166_,13.1
_08755_,13.09
_40732_,13.09
_38316_,13.085
_00962_,13.08
_03370_,13.08
_06158_,13.08
_09945_,13.08
_11218_,13.08
_12397_,13.08
_16997_,13.08
_18188_,13.08
_20396_,13.08
_25760_,13.08
_26139_,13.08
_27384_,13.08
_28035_,13.08
_28582_,13.08
_31476_,13.08
_32628_,13.08
_32638_,13.08
_34707_,13.08
_35586_,13.08
_35878_,13.08
_37825_,13.08
_38321_,13.08
_38743_,13.08
_38976_,13.08
_39090_,13.08
_42542_,13.08
_00346_,13.06
_00558_,13.06
_03392_,13.06
_04138_,13.06
_04389_,13.06
_04581_,13.06
_12040_,13.06
_12459_,13.06
_13143_,13.06
_13853_,13.06
_15006_,13.06
_15140_,13.06
_18717_,13.06
_20575_,13.06
_22386_,13.06
_24742_,13.06
_25819_,13.06
_26433_,13.06
_31689_,13.06
_32639_,13.06
_33664_,13.06
_34291_,13.06
_34484_,13.06
_34656_,13.06
_34665_,13.06
_37607_,13.06
_41247_,13.06
_41793_,13.06
_18098_,13.055
_32473_,13.055
_19327_,13.05
_26490_,13.05
_00011_,13.04
_00565_,13.04
_02781_,13.04
_03005_,13.04
_04771_,13.04
_05742_,13.04
_07904_,13.04
_07918_,13.04
_08733_,13.04
_08893_,13.04
_10241_,13.04
_11381_,13.04
_11485_,13.04
_11769_,13.04
_14367_,13.04
_15073_,13.04
_16833_,13.04
_20374_,13.04
_21658_,13.04
_23347_,13.04
_23568_,13.04
_26708_,13.04
_27652_,13.04
_27890_,13.04
_28423_,13.04
_29010_,13.04
_29685_,13.04
_29957_,13.04
_31169_,13.04
_31338_,13.04
_33555_,13.04
_34395_,13.04
_34445_,13.04
_36181_,13.04
_38056_,13.04
_39754_,13.04
_39781_,13.04
_41410_,13.04
_00910_,13.02
_01064_,13.02
_01184_,13.02
_01335_,13.02
_02091_,13.02
_02457_,13.02
_06725_,13.02
_11610_,13.02
_15404_,13.02
_15626_,13.02
_16575_,13.02
_18572_,13.02
_19699_,13.02
_22767_,13.02
_23704_,13.02
_23996_,13.02
_27973_,13.02
_29343_,13.02
_31482_,13.02
_32825_,13.02
_32835_,13.02
_33484_,13.02
_34056_,13.02
_40512_,13.02
_40591_,13.02
_40979_,13.02
_23397_,13.015
_36956_,13.015
_01835_,13.01
_31188_,13.01
_01602_,13
_07831_,13
_08139_,13
_08257_,13
_09268_,13
_09891_,13
_10231_,13
_12634_,13
_15229_,13
_15486_,13
_17134_,13
_17263_,13
_17932_,13
_21938_,13
_23167_,13
_26719_,13
_27816_,13
_28042_,13
_29576_,13
_30822_,13
_31809_,13
_32178_,13
_35164_,13
_35310_,13
_37614_,13
_37716_,13
_39108_,13
_39153_,13
_39359_,13
_40415_,13
_41090_,13
_07886_,12.99
_20657_,12.99
_03596_,12.985
_06847_,12.98
_08006_,12.98
_08760_,12.98
_10308_,12.98
_16312_,12.98
_18172_,12.98
_23235_,12.98
_23667_,12.98
_27462_,12.98
_32014_,12.98
_32576_,12.98
_33454_,12.98
_33511_,12.98
_33808_,12.98
_38359_,12.98
_40207_,12.98
_41928_,12.98
net430,12.98
_09666_,12.97
_38492_,12.97
_01203_,12.96
_01660_,12.96
_02333_,12.96
_04115_,12.96
_05945_,12.96
_08283_,12.96
_10276_,12.96
_11068_,12.96
_11251_,12.96
_12739_,12.96
_13222_,12.96
_13269_,12.96
_13319_,12.96
_13976_,12.96
_14353_,12.96
_19283_,12.96
_20878_,12.96
_21393_,12.96
_23275_,12.96
_24297_,12.96
_27285_,12.96
_28012_,12.96
_28175_,12.96
_28835_,12.96
_29901_,12.96
_31420_,12.96
_32258_,12.96
_33424_,12.96
_35427_,12.96
_35710_,12.96
_37233_,12.96
_39150_,12.96
_40464_,12.96
_40864_,12.96
_42503_,12.96
_06873_,12.95
_40329_,12.95
_00893_,12.945
_01711_,12.94
_03284_,12.94
_09142_,12.94
_10298_,12.94
_11641_,12.94
_12183_,12.94
_12340_,12.94
_14887_,12.94
_15852_,12.94
_19192_,12.94
_19577_,12.94
_21535_,12.94
_24057_,12.94
_29175_,12.94
_30077_,12.94
_34677_,12.94
_36128_,12.94
_36355_,12.94
_38124_,12.94
_38140_,12.94
_38294_,12.94
_40203_,12.94
_05941_,12.93
_08840_,12.93
_30769_,12.93
_32359_,12.93
_00743_,12.92
_00771_,12.92
_01234_,12.92
_02052_,12.92
_05338_,12.92
_05478_,12.92
_05908_,12.92
_08365_,12.92
_09179_,12.92
_10082_,12.92
_10744_,12.92
_11532_,12.92
_12139_,12.92
_12607_,12.92
_12943_,12.92
_13344_,12.92
_14675_,12.92
_17763_,12.92
_20189_,12.92
_20455_,12.92
_22848_,12.92
_24397_,12.92
_26667_,12.92
_27029_,12.92
_27480_,12.92
_27826_,12.92
_30772_,12.92
_31110_,12.92
_31424_,12.92
_31568_,12.92
_31753_,12.92
_32496_,12.92
_32801_,12.92
_33662_,12.92
_33799_,12.92
_36980_,12.92
_38134_,12.92
_38373_,12.92
_39760_,12.92
_40671_,12.92
_26483_,12.915
_40564_,12.915
_01297_,12.91
_08652_,12.91
_17099_,12.91
_30312_,12.91
_00958_,12.9
_02658_,12.9
_03368_,12.9
_03403_,12.9
_08034_,12.9
_08896_,12.9
_09373_,12.9
_09665_,12.9
_09767_,12.9
_10325_,12.9
_10817_,12.9
_11967_,12.9
_14338_,12.9
_14742_,12.9
_15433_,12.9
_15470_,12.9
_16396_,12.9
_16530_,12.9
_17675_,12.9
_18110_,12.9
_21455_,12.9
_21920_,12.9
_26681_,12.9
_28315_,12.9
_28405_,12.9
_30797_,12.9
_32397_,12.9
_33250_,12.9
_35713_,12.9
_39519_,12.9
_39786_,12.9
_40653_,12.9
_27242_,12.895
_01196_,12.88
_04647_,12.88
_04705_,12.88
_04758_,12.88
_07257_,12.88
_08871_,12.88
_10305_,12.88
_11206_,12.88
_11334_,12.88
_12454_,12.88
_15292_,12.88
_17521_,12.88
_17962_,12.88
_19913_,12.88
_26495_,12.88
_28072_,12.88
_30358_,12.88
_31416_,12.88
_31733_,12.88
_33838_,12.88
_35278_,12.88
_35429_,12.88
_35682_,12.88
_37350_,12.88
_37672_,12.88
_37996_,12.88
_38938_,12.88
_39407_,12.88
_40385_,12.88
_41391_,12.88
_41507_,12.88
_41970_,12.88
_11234_,12.875
_24226_,12.875
_26953_,12.87
_36375_,12.87
_02507_,12.86
_03541_,12.86
_07249_,12.86
_07871_,12.86
_08932_,12.86
_11360_,12.86
_11574_,12.86
_15308_,12.86
_18298_,12.86
_25157_,12.86
_26682_,12.86
_31074_,12.86
_31706_,12.86
_33665_,12.86
_40650_,12.86
_07400_,12.85
_08625_,12.85
_11947_,12.85
_01096_,12.84
_02435_,12.84
_02895_,12.84
_03270_,12.84
_04511_,12.84
_05088_,12.84
_07618_,12.84
_07863_,12.84
_08040_,12.84
_11971_,12.84
_13197_,12.84
_13499_,12.84
_13527_,12.84
_14662_,12.84
_15300_,12.84
_15313_,12.84
_17913_,12.84
_18184_,12.84
_24501_,12.84
_25045_,12.84
_25880_,12.84
_26222_,12.84
_26657_,12.84
_27327_,12.84
_27665_,12.84
_27952_,12.84
_28498_,12.84
_28535_,12.84
_31280_,12.84
_32396_,12.84
_32665_,12.84
_33165_,12.84
_33201_,12.84
_34699_,12.84
_35493_,12.84
_37283_,12.84
_37627_,12.84
_38574_,12.84
_39923_,12.84
_40293_,12.84
_40809_,12.84
_09484_,12.83
_24434_,12.83
_34061_,12.83
_00819_,12.82
_00887_,12.82
_03273_,12.82
_06679_,12.82
_11995_,12.82
_12549_,12.82
_14388_,12.82
_15578_,12.82
_21338_,12.82
_22949_,12.82
_24360_,12.82
_27294_,12.82
_30859_,12.82
_31314_,12.82
_36618_,12.82
_40234_,12.82
_42008_,12.82
_05398_,12.81
_00959_,12.8
_01063_,12.8
_01696_,12.8
_03770_,12.8
_05503_,12.8
_05864_,12.8
_07709_,12.8
_08258_,12.8
_09561_,12.8
_10175_,12.8
_10274_,12.8
_10663_,12.8
_10947_,12.8
_11955_,12.8
_12172_,12.8
_12398_,12.8
_14342_,12.8
_14860_,12.8
_15209_,12.8
_16684_,12.8
_22171_,12.8
_22483_,12.8
_23054_,12.8
_25280_,12.8
_27158_,12.8
_28264_,12.8
_29387_,12.8
_30933_,12.8
_30976_,12.8
_32129_,12.8
_32278_,12.8
_33125_,12.8
_36554_,12.8
_36890_,12.8
_37743_,12.8
_38549_,12.8
_40456_,12.8
_41811_,12.8
_42264_,12.8
_42345_,12.8
_38992_,12.79
_02575_,12.78
_19549_,12.78
_25652_,12.78
_28414_,12.78
_28682_,12.78
_32411_,12.78
_34627_,12.78
_37928_,12.78
_30374_,12.775
_06406_,12.77
_28127_,12.77
_35711_,12.77
_00941_,12.76
_00963_,12.76
_02560_,12.76
_02772_,12.76
_03267_,12.76
_03986_,12.76
_04565_,12.76
_09343_,12.76
_10870_,12.76
_12871_,12.76
_15207_,12.76
_16129_,12.76
_16861_,12.76
_24194_,12.76
_28394_,12.76
_29377_,12.76
_39907_,12.76
_40264_,12.76
_41567_,12.76
_27843_,12.755
_37606_,12.75
_00025_,12.74
_04197_,12.74
_04577_,12.74
_05978_,12.74
_06932_,12.74
_09805_,12.74
_13329_,12.74
_14560_,12.74
_19055_,12.74
_20029_,12.74
_30443_,12.74
_34169_,12.74
_36223_,12.74
_42050_,12.74
_42379_,12.74
_17834_,12.73
_39404_,12.73
_01708_,12.72
_02002_,12.72
_04344_,12.72
_04740_,12.72
_04937_,12.72
_05252_,12.72
_06959_,12.72
_07547_,12.72
_09873_,12.72
_10355_,12.72
_10694_,12.72
_15900_,12.72
_16288_,12.72
_17399_,12.72
_17986_,12.72
_18404_,12.72
_18670_,12.72
_22256_,12.72
_23101_,12.72
_24925_,12.72
_26700_,12.72
_26760_,12.72
_29252_,12.72
_29531_,12.72
_30416_,12.72
_30832_,12.72
_31682_,12.72
_31761_,12.72
_32206_,12.72
_36210_,12.72
_37146_,12.72
_37828_,12.72
_40270_,12.72
_41013_,12.72
_41043_,12.72
_41114_,12.72
_31438_,12.715
_04131_,12.71
_01809_,12.7
_03334_,12.7
_05840_,12.7
_05887_,12.7
_12873_,12.7
_15562_,12.7
_16208_,12.7
_16791_,12.7
_17147_,12.7
_17639_,12.7
_18405_,12.7
_19460_,12.7
_22462_,12.7
_24257_,12.7
_24727_,12.7
_24799_,12.7
_28010_,12.7
_28940_,12.7
_29446_,12.7
_30743_,12.7
_32070_,12.7
_32132_,12.7
_32814_,12.7
_33089_,12.7
_34820_,12.7
_34845_,12.7
_42225_,12.7
_09814_,12.695
_05882_,12.69
_00466_,12.68
_01100_,12.68
_01441_,12.68
_04860_,12.68
_09517_,12.68
_10151_,12.68
_10960_,12.68
_11016_,12.68
_11603_,12.68
_12155_,12.68
_14840_,12.68
_15083_,12.68
_17455_,12.68
_18028_,12.68
_20179_,12.68
_21647_,12.68
_22951_,12.68
_23733_,12.68
_24193_,12.68
_24399_,12.68
_29218_,12.68
_29439_,12.68
_30091_,12.68
_34937_,12.68
_36423_,12.68
_37485_,12.68
_37667_,12.68
_37715_,12.68
_38598_,12.68
_38887_,12.68
_38907_,12.68
_39024_,12.68
_39738_,12.68
_39811_,12.68
_39933_,12.68
_41794_,12.68
_03477_,12.665
_02299_,12.66
_02403_,12.66
_04798_,12.66
_05848_,12.66
_07791_,12.66
_09495_,12.66
_09554_,12.66
_11680_,12.66
_11755_,12.66
_14429_,12.66
_15531_,12.66
_16856_,12.66
_18205_,12.66
_19173_,12.66
_20410_,12.66
_24050_,12.66
_25536_,12.66
_25580_,12.66
_25679_,12.66
_25693_,12.66
_26915_,12.66
_28466_,12.66
_29011_,12.66
_33961_,12.66
_35034_,12.66
_35331_,12.66
_35416_,12.66
_36960_,12.66
_37609_,12.66
_39829_,12.66
_40188_,12.66
_40838_,12.66
_03537_,12.655
_03457_,12.64
_06221_,12.64
_08017_,12.64
_10439_,12.64
_10553_,12.64
_12957_,12.64
_13486_,12.64
_18618_,12.64
_21071_,12.64
_27677_,12.64
_29176_,12.64
_32189_,12.64
_33196_,12.64
_33312_,12.64
_33547_,12.64
_34385_,12.64
_34650_,12.64
_38567_,12.64
_40505_,12.64
_03968_,12.635
_35349_,12.635
_39400_,12.63
_39716_,12.63
_00711_,12.62
_01637_,12.62
_01805_,12.62
_02309_,12.62
_04483_,12.62
_07037_,12.62
_08082_,12.62
_08993_,12.62
_09611_,12.62
_09730_,12.62
_09829_,12.62
_09970_,12.62
_10478_,12.62
_11225_,12.62
_11871_,12.62
_12072_,12.62
_12949_,12.62
_14270_,12.62
_14532_,12.62
_15205_,12.62
_16669_,12.62
_16736_,12.62
_17774_,12.62
_17891_,12.62
_18902_,12.62
_19028_,12.62
_19198_,12.62
_19847_,12.62
_19874_,12.62
_21693_,12.62
_22525_,12.62
_23205_,12.62
_23265_,12.62
_23686_,12.62
_25287_,12.62
_26709_,12.62
_29752_,12.62
_32022_,12.62
_37453_,12.62
_38878_,12.62
_40924_,12.62
_03472_,12.61
_06537_,12.61
_30605_,12.61
_28223_,12.605
_02642_,12.6
_03325_,12.6
_03764_,12.6
_04524_,12.6
_05195_,12.6
_06856_,12.6
_08799_,12.6
_12970_,12.6
_13313_,12.6
_16200_,12.6
_17371_,12.6
_19730_,12.6
_20663_,12.6
_22689_,12.6
_24154_,12.6
_25119_,12.6
_25817_,12.6
_28903_,12.6
_29036_,12.6
_29334_,12.6
_31844_,12.6
_31876_,12.6
_32745_,12.6
_34493_,12.6
_35871_,12.6
_39597_,12.6
read_data[6],12.6
_02611_,12.585
_00751_,12.58
_01050_,12.58
_02041_,12.58
_02268_,12.58
_03686_,12.58
_05218_,12.58
_05634_,12.58
_06010_,12.58
_06232_,12.58
_10394_,12.58
_10635_,12.58
_13493_,12.58
_13690_,12.58
_14666_,12.58
_15468_,12.58
_17387_,12.58
_19189_,12.58
_19424_,12.58
_19694_,12.58
_19790_,12.58
_24167_,12.58
_25680_,12.58
_26693_,12.58
_27573_,12.58
_28283_,12.58
_31686_,12.58
_32110_,12.58
_32470_,12.58
_33370_,12.58
_36664_,12.58
_36909_,12.58
_37171_,12.58
_37216_,12.58
_38529_,12.58
_39556_,12.58
_42334_,12.58
_13373_,12.575
_26073_,12.575
_01273_,12.56
_01709_,12.56
_05128_,12.56
_05534_,12.56
_08312_,12.56
_15376_,12.56
_15630_,12.56
_15929_,12.56
_16258_,12.56
_16504_,12.56
_16937_,12.56
_16975_,12.56
_17754_,12.56
_18316_,12.56
_18466_,12.56
_19476_,12.56
_19715_,12.56
_19738_,12.56
_21919_,12.56
_22797_,12.56
_25050_,12.56
_25734_,12.56
_29044_,12.56
_30978_,12.56
_31095_,12.56
_31291_,12.56
_35069_,12.56
_36370_,12.56
_36860_,12.56
_37381_,12.56
_37873_,12.56
_28946_,12.555
_12895_,12.55
_20146_,12.55
_00586_,12.54
_01317_,12.54
_04933_,12.54
_06334_,12.54
_08205_,12.54
_08647_,12.54
_09044_,12.54
_10314_,12.54
_12316_,12.54
_12942_,12.54
_14169_,12.54
_16491_,12.54
_18304_,12.54
_19394_,12.54
_22504_,12.54
_22614_,12.54
_22919_,12.54
_24796_,12.54
_25864_,12.54
_26637_,12.54
_27958_,12.54
_28190_,12.54
_28459_,12.54
_28608_,12.54
_30119_,12.54
_31449_,12.54
_32299_,12.54
_32998_,12.54
_33197_,12.54
_35468_,12.54
_36486_,12.54
_38274_,12.54
stage8_inst.in5\[5\],12.54
_00785_,12.53
_01202_,12.53
_07443_,12.53
_33005_,12.525
_03975_,12.52
_05756_,12.52
_05879_,12.52
_09764_,12.52
_10894_,12.52
_12723_,12.52
_14354_,12.52
_15897_,12.52
_20891_,12.52
_20905_,12.52
_23649_,12.52
_25815_,12.52
_28211_,12.52
_30608_,12.52
_31788_,12.52
_36595_,12.52
_39662_,12.52
_40697_,12.52
_41962_,12.52
_18001_,12.51
_02848_,12.5
_03702_,12.5
_04337_,12.5
_07148_,12.5
_07626_,12.5
_08675_,12.5
_11013_,12.5
_11210_,12.5
_11477_,12.5
_11590_,12.5
_12365_,12.5
_13482_,12.5
_16614_,12.5
_17553_,12.5
_17968_,12.5
_19336_,12.5
_20524_,12.5
_21561_,12.5
_22860_,12.5
_25299_,12.5
_25546_,12.5
_28773_,12.5
_30065_,12.5
_31421_,12.5
_38496_,12.5
_39809_,12.5
_40262_,12.5
_41539_,12.5
_42049_,12.5
_02004_,12.48
_06522_,12.48
_08276_,12.48
_10075_,12.48
_12036_,12.48
_12986_,12.48
_13299_,12.48
_14370_,12.48
_15406_,12.48
_18040_,12.48
_18105_,12.48
_20877_,12.48
_21137_,12.48
_21583_,12.48
_21757_,12.48
_23361_,12.48
_24258_,12.48
_25100_,12.48
_25654_,12.48
_26489_,12.48
_26803_,12.48
_26966_,12.48
_30751_,12.48
_34882_,12.48
_35423_,12.48
_38706_,12.48
_38988_,12.48
_39635_,12.48
_41956_,12.48
_01170_,12.475
_14845_,12.475
_21670_,12.47
_00057_,12.46
_02729_,12.46
_04202_,12.46
_04849_,12.46
_05405_,12.46
_06751_,12.46
_07106_,12.46
_12151_,12.46
_14973_,12.46
_23960_,12.46
_24431_,12.46
_27456_,12.46
_28328_,12.46
_28585_,12.46
_28982_,12.46
_29427_,12.46
_29801_,12.46
_30265_,12.46
_30629_,12.46
_30724_,12.46
_31427_,12.46
_31846_,12.46
_31948_,12.46
_32596_,12.46
_32743_,12.46
_33519_,12.46
_33606_,12.46
_34176_,12.46
_37970_,12.46
_40535_,12.46
_40651_,12.46
_41714_,12.46
_41859_,12.46
net336,12.46
_00570_,12.45
_05771_,12.445
_02280_,12.44
_06062_,12.44
_08825_,12.44
_13393_,12.44
_15710_,12.44
_19256_,12.44
_22428_,12.44
_22571_,12.44
_22697_,12.44
_26706_,12.44
_28636_,12.44
_32910_,12.44
_33981_,12.44
_34837_,12.44
_35457_,12.44
_37644_,12.44
_38463_,12.44
_41217_,12.44
_09324_,12.43
_22967_,12.43
_37500_,12.43
_39068_,12.43
_23406_,12.425
_00775_,12.42
_01409_,12.42
_05150_,12.42
_07764_,12.42
_10047_,12.42
_11304_,12.42
_11977_,12.42
_15823_,12.42
_15981_,12.42
_16056_,12.42
_17611_,12.42
_21212_,12.42
_22367_,12.42
_26023_,12.42
_29598_,12.42
_32799_,12.42
_37584_,12.42
_37804_,12.42
_38652_,12.42
_39511_,12.42
_40073_,12.42
_41163_,12.42
_42025_,12.42
_19478_,12.41
_27011_,12.41
_37737_,12.41
_02287_,12.4
_09410_,12.4
_10837_,12.4
_12639_,12.4
_16621_,12.4
_18044_,12.4
_22912_,12.4
_33420_,12.4
_42473_,12.4
_14825_,12.395
_07999_,12.39
_09120_,12.39
_17832_,12.385
_01448_,12.38
_07381_,12.38
_09135_,12.38
_09819_,12.38
_10246_,12.38
_10849_,12.38
_12765_,12.38
_15727_,12.38
_16492_,12.38
_17655_,12.38
_17930_,12.38
_19166_,12.38
_20332_,12.38
_20443_,12.38
_21462_,12.38
_21532_,12.38
_21848_,12.38
_21970_,12.38
_22491_,12.38
_23194_,12.38
_24761_,12.38
_27656_,12.38
_30181_,12.38
_32529_,12.38
_33066_,12.38
_34797_,12.38
_38081_,12.38
_38588_,12.38
_41187_,12.38
_41768_,12.38
_42019_,12.38
_27720_,12.375
_08849_,12.37
_01266_,12.36
_03564_,12.36
_05014_,12.36
_05050_,12.36
_07410_,12.36
_08107_,12.36
_15401_,12.36
_16969_,12.36
_18898_,12.36
_19616_,12.36
_20381_,12.36
_20389_,12.36
_23126_,12.36
_24670_,12.36
_27905_,12.36
_29202_,12.36
_30209_,12.36
_32369_,12.36
_32392_,12.36
_32588_,12.36
_35311_,12.36
_38975_,12.36
_39185_,12.36
_39609_,12.36
_41137_,12.36
_01205_,12.34
_03351_,12.34
_03365_,12.34
_03757_,12.34
_03897_,12.34
_06738_,12.34
_07889_,12.34
_08519_,12.34
_08767_,12.34
_09216_,12.34
_09496_,12.34
_09678_,12.34
_10806_,12.34
_12022_,12.34
_12493_,12.34
_14059_,12.34
_16082_,12.34
_17054_,12.34
_17683_,12.34
_18210_,12.34
_21046_,12.34
_23330_,12.34
_23365_,12.34
_25895_,12.34
_26281_,12.34
_26611_,12.34
_26692_,12.34
_27877_,12.34
_28689_,12.34
_31317_,12.34
_31890_,12.34
_32844_,12.34
_32986_,12.34
_34233_,12.34
_34437_,12.34
_37419_,12.34
_37711_,12.34
_37948_,12.34
_38345_,12.34
_39204_,12.34
_41694_,12.34
_42039_,12.34
net423,12.34
_12097_,12.335
_14433_,12.335
_24856_,12.335
_29720_,12.335
_04108_,12.32
_04661_,12.32
_04857_,12.32
_05621_,12.32
_07293_,12.32
_07323_,12.32
_08594_,12.32
_08910_,12.32
_13770_,12.32
_19109_,12.32
_19973_,12.32
_24119_,12.32
_26722_,12.32
_28526_,12.32
_32569_,12.32
_35759_,12.32
_40113_,12.32
_40938_,12.32
_41081_,12.32
_39705_,12.31
_05767_,12.3
_05952_,12.3
_06843_,12.3
_07151_,12.3
_10270_,12.3
_10885_,12.3
_11139_,12.3
_11156_,12.3
_12148_,12.3
_12531_,12.3
_14927_,12.3
_18522_,12.3
_22139_,12.3
_24425_,12.3
_26421_,12.3
_26672_,12.3
_28031_,12.3
_29196_,12.3
_29338_,12.3
_29706_,12.3
_30359_,12.3
_34782_,12.3
_35002_,12.3
_37832_,12.3
_38558_,12.3
_39795_,12.3
_17075_,12.295
_04038_,12.29
_21063_,12.29
_26291_,12.29
_01032_,12.28
_01451_,12.28
_01971_,12.28
_04126_,12.28
_05039_,12.28
_10539_,12.28
_11841_,12.28
_13689_,12.28
_16068_,12.28
_18257_,12.28
_18493_,12.28
_24656_,12.28
_27932_,12.28
_29949_,12.28
_31731_,12.28
_41425_,12.28
_42304_,12.28
_42185_,12.275
_00690_,12.26
_01415_,12.26
_04022_,12.26
_04629_,12.26
_09300_,12.26
_09411_,12.26
_09815_,12.26
_10636_,12.26
_11958_,12.26
_13525_,12.26
_15615_,12.26
_16543_,12.26
_16698_,12.26
_18604_,12.26
_18984_,12.26
_19564_,12.26
_19816_,12.26
_24920_,12.26
_25579_,12.26
_27882_,12.26
_29244_,12.26
_29498_,12.26
_30030_,12.26
_30836_,12.26
_31861_,12.26
_32363_,12.26
_33570_,12.26
_35080_,12.26
_35197_,12.26
_37892_,12.26
_40425_,12.26
_29711_,12.245
_00354_,12.24
_05758_,12.24
_07295_,12.24
_07510_,12.24
_07743_,12.24
_08078_,12.24
_08323_,12.24
_08662_,12.24
_10560_,12.24
_11233_,12.24
_13085_,12.24
_14036_,12.24
_14657_,12.24
_19096_,12.24
_19323_,12.24
_21407_,12.24
_22369_,12.24
_22658_,12.24
_23040_,12.24
_24403_,12.24
_25210_,12.24
_26218_,12.24
_27934_,12.24
_28658_,12.24
_28806_,12.24
_28854_,12.24
_30164_,12.24
_34657_,12.24
_36172_,12.24
_36220_,12.24
_38155_,12.24
_41921_,12.24
_42272_,12.24
clknet_leaf_41_clk,12.24
_39554_,12.23
_01885_,12.225
_00355_,12.22
_01245_,12.22
_03838_,12.22
_05199_,12.22
_05254_,12.22
_06251_,12.22
_06842_,12.22
_07402_,12.22
_08526_,12.22
_09710_,12.22
_10923_,12.22
_13676_,12.22
_14778_,12.22
_14968_,12.22
_15848_,12.22
_16532_,12.22
_17860_,12.22
_18994_,12.22
_20242_,12.22
_21347_,12.22
_21752_,12.22
_22337_,12.22
_22587_,12.22
_22865_,12.22
_25979_,12.22
_26395_,12.22
_27144_,12.22
_27599_,12.22
_28828_,12.22
_29680_,12.22
_30665_,12.22
_31654_,12.22
_32592_,12.22
_32850_,12.22
_34317_,12.22
_34685_,12.22
_35021_,12.22
_36598_,12.22
_36912_,12.22
_36940_,12.22
_37541_,12.22
_40085_,12.22
_41168_,12.22
_41835_,12.22
_42293_,12.22
_42416_,12.22
_10566_,12.21
_20814_,12.21
_00167_,12.2
_01193_,12.2
_01556_,12.2
_01804_,12.2
_03779_,12.2
_04602_,12.2
_05770_,12.2
_05914_,12.2
_06154_,12.2
_07161_,12.2
_09270_,12.2
_10091_,12.2
_12958_,12.2
_15380_,12.2
_16998_,12.2
_17064_,12.2
_17886_,12.2
_18164_,12.2
_18937_,12.2
_20014_,12.2
_23237_,12.2
_24840_,12.2
_26361_,12.2
_27464_,12.2
_28445_,12.2
_29458_,12.2
_30729_,12.2
_30737_,12.2
_31240_,12.2
_31998_,12.2
_33577_,12.2
_34902_,12.2
_35916_,12.2
_35958_,12.2
_36372_,12.2
_38603_,12.2
_39814_,12.2
_39822_,12.2
_40066_,12.2
_41403_,12.2
_33919_,12.19
_00973_,12.18
_04199_,12.18
_05176_,12.18
_05990_,12.18
_12904_,12.18
_19082_,12.18
_21685_,12.18
_22015_,12.18
_22459_,12.18
_22628_,12.18
_23300_,12.18
_24372_,12.18
_25964_,12.18
_26126_,12.18
_26207_,12.18
_26265_,12.18
_28044_,12.18
_28093_,12.18
_30970_,12.18
_31235_,12.18
_32903_,12.18
_33651_,12.18
_33914_,12.18
_35219_,12.18
_35438_,12.18
_37826_,12.18
_41765_,12.18
_42118_,12.18
_30995_,12.175
_09742_,12.17
_34356_,12.17
_02377_,12.16
_03676_,12.16
_08558_,12.16
_10046_,12.16
_11184_,12.16
_13664_,12.16
_13946_,12.16
_15911_,12.16
_17334_,12.16
_18501_,12.16
_19659_,12.16
_20102_,12.16
_20635_,12.16
_26054_,12.16
_26555_,12.16
_26621_,12.16
_26689_,12.16
_26738_,12.16
_26868_,12.16
_27529_,12.16
_27649_,12.16
_28019_,12.16
_28474_,12.16
_29337_,12.16
_29813_,12.16
_31603_,12.16
_31797_,12.16
_33607_,12.16
_35647_,12.16
_37553_,12.16
_37991_,12.16
_39697_,12.16
_41885_,12.16
_42269_,12.16
_20538_,12.15
_02864_,12.14
_03828_,12.14
_05238_,12.14
_10431_,12.14
_11384_,12.14
_11507_,12.14
_11685_,12.14
_14372_,12.14
_15419_,12.14
_16810_,12.14
_16946_,12.14
_17252_,12.14
_18445_,12.14
_20409_,12.14
_20490_,12.14
_21850_,12.14
_23603_,12.14
_24244_,12.14
_30253_,12.14
_30281_,12.14
_32964_,12.14
_33865_,12.14
_35188_,12.14
_37046_,12.14
_37109_,12.14
_41351_,12.14
_41519_,12.14
_13732_,12.135
_17972_,12.135
_29491_,12.135
_39542_,12.135
_00035_,12.12
_00990_,12.12
_03049_,12.12
_03433_,12.12
_03581_,12.12
_04846_,12.12
_05693_,12.12
_05790_,12.12
_07126_,12.12
_07675_,12.12
_09074_,12.12
_09491_,12.12
_09948_,12.12
_10195_,12.12
_11391_,12.12
_12466_,12.12
_12993_,12.12
_16983_,12.12
_17398_,12.12
_19239_,12.12
_19430_,12.12
_19758_,12.12
_20588_,12.12
_22775_,12.12
_23491_,12.12
_25296_,12.12
_26435_,12.12
_26517_,12.12
_26787_,12.12
_27708_,12.12
_27946_,12.12
_28242_,12.12
_31175_,12.12
_31350_,12.12
_34047_,12.12
_34072_,12.12
_36793_,12.12
_37202_,12.12
_37221_,12.12
_38400_,12.12
_38879_,12.12
_39535_,12.12
_40258_,12.12
_41703_,12.12
_41933_,12.12
_42159_,12.12
_42452_,12.12
_02684_,12.1
_02937_,12.1
_07198_,12.1
_10848_,12.1
_12556_,12.1
_13041_,12.1
_16286_,12.1
_17744_,12.1
_19119_,12.1
_22113_,12.1
_22316_,12.1
_22455_,12.1
_26479_,12.1
_29222_,12.1
_29562_,12.1
_30940_,12.1
_34547_,12.1
_35401_,12.1
_36623_,12.1
_36861_,12.1
_37357_,12.1
_40135_,12.1
_41332_,12.1
_41963_,12.1
_29082_,12.09
_00555_,12.08
_01840_,12.08
_02656_,12.08
_03918_,12.08
_04371_,12.08
_07600_,12.08
_08751_,12.08
_09397_,12.08
_10393_,12.08
_12353_,12.08
_12413_,12.08
_12567_,12.08
_12845_,12.08
_13342_,12.08
_18638_,12.08
_20564_,12.08
_20636_,12.08
_20894_,12.08
_22074_,12.08
_23796_,12.08
_24530_,12.08
_25371_,12.08
_25433_,12.08
_26026_,12.08
_26800_,12.08
_26818_,12.08
_28323_,12.08
_28391_,12.08
_31181_,12.08
_33503_,12.08
_35470_,12.08
_36785_,12.08
_41734_,12.08
net207,12.08
_06239_,12.06
_06573_,12.06
_07036_,12.06
_07162_,12.06
_09596_,12.06
_10586_,12.06
_12031_,12.06
_15946_,12.06
_16642_,12.06
_18054_,12.06
_18721_,12.06
_21872_,12.06
_22269_,12.06
_26691_,12.06
_26862_,12.06
_28879_,12.06
_29247_,12.06
_29528_,12.06
_36074_,12.06
_36900_,12.06
_41024_,12.06
_41557_,12.06
_06307_,12.05
_42036_,12.05
_00581_,12.04
_03251_,12.04
_05377_,12.04
_05579_,12.04
_05902_,12.04
_08682_,12.04
_09800_,12.04
_09874_,12.04
_10752_,12.04
_11772_,12.04
_12017_,12.04
_12837_,12.04
_13549_,12.04
_14642_,12.04
_14982_,12.04
_15754_,12.04
_16251_,12.04
_16697_,12.04
_16918_,12.04
_17766_,12.04
_17876_,12.04
_19313_,12.04
_21067_,12.04
_21467_,12.04
_22433_,12.04
_22499_,12.04
_22842_,12.04
_22896_,12.04
_23170_,12.04
_24894_,12.04
_28000_,12.04
_28353_,12.04
_29246_,12.04
_30058_,12.04
_30300_,12.04
_30518_,12.04
_32408_,12.04
_32945_,12.04
_33455_,12.04
_33921_,12.04
_34114_,12.04
_34985_,12.04
_35980_,12.04
_37649_,12.04
_37908_,12.04
_40301_,12.04
_41257_,12.04
load_twiddle[21],12.04
_03767_,12.03
_32823_,12.03
_10672_,12.02
_11582_,12.02
_15149_,12.02
_18093_,12.02
_19486_,12.02
_19722_,12.02
_19723_,12.02
_22226_,12.02
_24590_,12.02
_26566_,12.02
_27141_,12.02
_27527_,12.02
_29925_,12.02
_30843_,12.02
_32029_,12.02
_34384_,12.02
_35131_,12.02
_37784_,12.02
_41352_,12.02
_24826_,12.01
_01503_,12
_01629_,12
_02150_,12
_02672_,12
_02813_,12
_03203_,12
_03542_,12
_08388_,12
_08621_,12
_08851_,12
_10034_,12
_10418_,12
_12476_,12
_14608_,12
_16926_,12
_17290_,12
_17512_,12
_18032_,12
_18103_,12
_18914_,12
_19649_,12
_19870_,12
_20269_,12
_20798_,12
_21260_,12
_21504_,12
_22321_,12
_24691_,12
_25908_,12
_27514_,12
_28945_,12
_29190_,12
_31306_,12
_36962_,12
_37853_,12
_39385_,12
_40516_,12
_42147_,12
_09138_,11.995
_06378_,11.99
_19046_,11.99
_33873_,11.99
_37435_,11.99
_36449_,11.985
_01281_,11.98
_05241_,11.98
_05339_,11.98
_06683_,11.98
_16480_,11.98
_17598_,11.98
_17883_,11.98
_18144_,11.98
_25454_,11.98
_25793_,11.98
_27832_,11.98
_30013_,11.98
_30601_,11.98
_36891_,11.98
_37668_,11.98
_38513_,11.98
_42431_,11.98
_09384_,11.97
_10887_,11.97
_01819_,11.96
_01841_,11.96
_05078_,11.96
_10625_,11.96
_12105_,11.96
_12223_,11.96
_13315_,11.96
_14013_,11.96
_14215_,11.96
_15108_,11.96
_15861_,11.96
_18821_,11.96
_22816_,11.96
_23231_,11.96
_25355_,11.96
_26615_,11.96
_26766_,11.96
_26886_,11.96
_28270_,11.96
_29136_,11.96
_29868_,11.96
_30783_,11.96
_32097_,11.96
_37196_,11.96
_40321_,11.96
_40920_,11.96
_41340_,11.96
_41937_,11.96
_39620_,11.955
_34456_,11.95
load_twiddle[14],11.95
_05644_,11.945
_00476_,11.94
_07415_,11.94
_11197_,11.94
_18370_,11.94
_32337_,11.94
_34259_,11.94
_39210_,11.94
_10285_,11.935
_02861_,11.93
_12361_,11.93
_02760_,11.92
_04659_,11.92
_05047_,11.92
_05996_,11.92
_06031_,11.92
_06253_,11.92
_06682_,11.92
_08409_,11.92
_09892_,11.92
_10620_,11.92
_11803_,11.92
_13777_,11.92
_15898_,11.92
_16672_,11.92
_17181_,11.92
_17310_,11.92
_17516_,11.92
_19509_,11.92
_19765_,11.92
_20610_,11.92
_21178_,11.92
_27969_,11.92
_28970_,11.92
_29520_,11.92
_30403_,11.92
_30765_,11.92
_31435_,11.92
_32125_,11.92
_32609_,11.92
_33658_,11.92
_34299_,11.92
_36803_,11.92
_38487_,11.92
_39573_,11.92
_40123_,11.92
_41278_,11.92
_41643_,11.92
_01330_,11.9
_01580_,11.9
_02059_,11.9
_02766_,11.9
_04091_,11.9
_07566_,11.9
_08772_,11.9
_11790_,11.9
_12089_,11.9
_12362_,11.9
_13575_,11.9
_18998_,11.9
_19267_,11.9
_20115_,11.9
_20249_,11.9
_23141_,11.9
_23486_,11.9
_31217_,11.9
_34141_,11.9
_34215_,11.9
_34874_,11.9
_35280_,11.9
_38193_,11.9
_40024_,11.9
_40521_,11.9
_40952_,11.9
_41515_,11.9
load_data[13],11.9
load_data[27],11.9
load_data[28],11.9
_11170_,11.895
_24923_,11.895
_29274_,11.895
_21339_,11.89
_41404_,11.89
_41738_,11.885
_00606_,11.88
_00866_,11.88
_01113_,11.88
_01332_,11.88
_05350_,11.88
_05524_,11.88
_05973_,11.88
_09123_,11.88
_09853_,11.88
_10233_,11.88
_10997_,11.88
_11287_,11.88
_11767_,11.88
_11938_,11.88
_12074_,11.88
_12337_,11.88
_12388_,11.88
_14349_,11.88
_17260_,11.88
_18073_,11.88
_19325_,11.88
_19443_,11.88
_20530_,11.88
_21735_,11.88
_23502_,11.88
_25000_,11.88
_25550_,11.88
_25801_,11.88
_26382_,11.88
_28095_,11.88
_29139_,11.88
_29382_,11.88
_29568_,11.88
_30110_,11.88
_30202_,11.88
_30609_,11.88
_30901_,11.88
_31409_,11.88
_31419_,11.88
_31589_,11.88
_31880_,11.88
_31886_,11.88
_32203_,11.88
_32462_,11.88
_33137_,11.88
_34995_,11.88
_36211_,11.88
_39614_,11.88
_40824_,11.88
_40848_,11.88
_41476_,11.88
_42088_,11.88
_14457_,11.875
_34613_,11.875
_34054_,11.87
_00018_,11.86
_04445_,11.86
_05485_,11.86
_05967_,11.86
_15171_,11.86
_16850_,11.86
_16911_,11.86
_20006_,11.86
_21577_,11.86
_21890_,11.86
_26115_,11.86
_26946_,11.86
_29789_,11.86
_30363_,11.86
_32298_,11.86
_33243_,11.86
_34037_,11.86
_38104_,11.86
_41291_,11.86
_36937_,11.855
_19042_,11.85
_20172_,11.85
_30046_,11.85
_05626_,11.84
_06261_,11.84
_08356_,11.84
_10179_,11.84
_11832_,11.84
_12784_,11.84
_14707_,11.84
_15570_,11.84
_17126_,11.84
_17978_,11.84
_21109_,11.84
_22699_,11.84
_26017_,11.84
_27559_,11.84
_27586_,11.84
_27859_,11.84
_28713_,11.84
_29068_,11.84
_29362_,11.84
_29978_,11.84
_32000_,11.84
_32901_,11.84
_34166_,11.84
_35330_,11.84
_35451_,11.84
_35749_,11.84
_37742_,11.84
_38731_,11.84
_39041_,11.84
_40486_,11.84
_40862_,11.835
_03618_,11.82
_06695_,11.82
_08981_,11.82
_11537_,11.82
_12406_,11.82
_22041_,11.82
_22565_,11.82
_31385_,11.82
_32660_,11.82
_17688_,11.81
_19578_,11.81
_21433_,11.81
_41720_,11.81
_03948_,11.8
_04636_,11.8
_05315_,11.8
_06034_,11.8
_06398_,11.8
_06420_,11.8
_07598_,11.8
_09475_,11.8
_10550_,11.8
_11237_,11.8
_11588_,11.8
_15059_,11.8
_15174_,11.8
_15439_,11.8
_16223_,11.8
_17112_,11.8
_17457_,11.8
_19013_,11.8
_19136_,11.8
_20338_,11.8
_22890_,11.8
_22954_,11.8
_24429_,11.8
_26943_,11.8
_26977_,11.8
_27021_,11.8
_29028_,11.8
_29301_,11.8
_31066_,11.8
_35581_,11.8
_39370_,11.8
_40122_,11.8
_40435_,11.8
_40771_,11.8
_41980_,11.8
_02410_,11.78
_02683_,11.78
_03973_,11.78
_09582_,11.78
_09593_,11.78
_09673_,11.78
_10647_,11.78
_12885_,11.78
_13743_,11.78
_15019_,11.78
_17141_,11.78
_17222_,11.78
_18904_,11.78
_19237_,11.78
_19255_,11.78
_19384_,11.78
_21468_,11.78
_21566_,11.78
_22809_,11.78
_23443_,11.78
_25709_,11.78
_28922_,11.78
_30814_,11.78
_32587_,11.78
_32861_,11.78
_33694_,11.78
_34832_,11.78
_36054_,11.78
_36465_,11.78
_36551_,11.78
_36658_,11.78
_36727_,11.78
_37509_,11.78
_37878_,11.78
_38261_,11.78
_38329_,11.78
_41073_,11.78
_41674_,11.78
_41931_,11.78
_00348_,11.76
_01359_,11.76
_02139_,11.76
_03496_,11.76
_04694_,11.76
_07862_,11.76
_12409_,11.76
_12565_,11.76
_13145_,11.76
_17018_,11.76
_19073_,11.76
_22655_,11.76
_24347_,11.76
_26317_,11.76
_26991_,11.76
_28422_,11.76
_29964_,11.76
_30169_,11.76
_30179_,11.76
_31515_,11.76
_34235_,11.76
_34295_,11.76
_34564_,11.76
_37415_,11.76
_37849_,11.76
_39363_,11.76
_39775_,11.76
_40337_,11.76
_42402_,11.76
_00506_,11.74
_01097_,11.74
_02432_,11.74
_03200_,11.74
_03858_,11.74
_03921_,11.74
_05709_,11.74
_06332_,11.74
_07568_,11.74
_08315_,11.74
_09648_,11.74
_09676_,11.74
_10608_,11.74
_11389_,11.74
_11448_,11.74
_12197_,11.74
_14393_,11.74
_14547_,11.74
_16792_,11.74
_17628_,11.74
_21016_,11.74
_24157_,11.74
_28255_,11.74
_28770_,11.74
_29285_,11.74
_29859_,11.74
_31867_,11.74
_31911_,11.74
_32728_,11.74
_32731_,11.74
_33866_,11.74
_38105_,11.74
_40485_,11.74
_41129_,11.74
_27140_,11.735
_40570_,11.735
_22671_,11.725
_04023_,11.72
_19705_,11.72
_20553_,11.72
_22507_,11.72
_22527_,11.72
_23195_,11.72
_23599_,11.72
_25340_,11.72
_29599_,11.72
_29872_,11.72
_32241_,11.72
_33666_,11.72
_35799_,11.72
_37211_,11.72
_38015_,11.72
_41566_,11.72
_41909_,11.72
_18202_,11.71
_34638_,11.71
_39644_,11.71
_08173_,11.705
_00426_,11.7
_00535_,11.7
_01571_,11.7
_04561_,11.7
_07180_,11.7
_08105_,11.7
_08832_,11.7
_10432_,11.7
_10860_,11.7
_13148_,11.7
_14180_,11.7
_19662_,11.7
_20830_,11.7
_20949_,11.7
_25020_,11.7
_25683_,11.7
_26316_,11.7
_26430_,11.7
_26830_,11.7
_27119_,11.7
_28416_,11.7
_30392_,11.7
_32423_,11.7
_32523_,11.7
_34255_,11.7
_34559_,11.7
_35855_,11.7
_37870_,11.7
_38123_,11.7
_38266_,11.7
_38751_,11.7
_41882_,11.7
_12164_,11.695
_38605_,11.695
_24385_,11.69
_40080_,11.69
_37909_,11.685
_03818_,11.68
_05117_,11.68
_05277_,11.68
_06593_,11.68
_11273_,11.68
_14941_,11.68
_16016_,11.68
_16206_,11.68
_17693_,11.68
_18335_,11.68
_19270_,11.68
_19657_,11.68
_22772_,11.68
_23741_,11.68
_25836_,11.68
_26010_,11.68
_27907_,11.68
_28788_,11.68
_31259_,11.68
_36386_,11.68
_38593_,11.68
done,11.68
read_data[13],11.68
read_data[18],11.68
read_data[19],11.68
read_data[22],11.68
read_data[25],11.68
read_data[5],11.68
read_data[7],11.68
net383,11.68
_03705_,11.675
_30461_,11.675
_00584_,11.67
_11118_,11.67
_03410_,11.66
_03531_,11.66
_03595_,11.66
_04757_,11.66
_05394_,11.66
_06950_,11.66
_10515_,11.66
_12684_,11.66
_13312_,11.66
_14073_,11.66
_14119_,11.66
_14889_,11.66
_15079_,11.66
_15459_,11.66
_15617_,11.66
_15623_,11.66
_17239_,11.66
_17945_,11.66
_18303_,11.66
_20129_,11.66
_20760_,11.66
_21158_,11.66
_21470_,11.66
_21509_,11.66
_22537_,11.66
_23754_,11.66
_24580_,11.66
_25122_,11.66
_25405_,11.66
_25900_,11.66
_25918_,11.66
_26838_,11.66
_26843_,11.66
_28985_,11.66
_29792_,11.66
_29968_,11.66
_30214_,11.66
_30263_,11.66
_30432_,11.66
_31005_,11.66
_31606_,11.66
_33285_,11.66
_34123_,11.66
_34534_,11.66
_35157_,11.66
_35415_,11.66
_37438_,11.66
_37471_,11.66
_37786_,11.66
_39251_,11.66
_39745_,11.66
_39934_,11.66
_40861_,11.66
_42211_,11.66
_42316_,11.66
_00647_,11.64
_02412_,11.64
_02662_,11.64
_04453_,11.64
_04518_,11.64
_05487_,11.64
_05687_,11.64
_05863_,11.64
_06656_,11.64
_08392_,11.64
_09454_,11.64
_11596_,11.64
_12959_,11.64
_13127_,11.64
_13740_,11.64
_14823_,11.64
_15473_,11.64
_15576_,11.64
_15817_,11.64
_15916_,11.64
_15990_,11.64
_16729_,11.64
_17102_,11.64
_17568_,11.64
_18597_,11.64
_20164_,11.64
_20781_,11.64
_22766_,11.64
_23302_,11.64
_24674_,11.64
_24725_,11.64
_27860_,11.64
_28815_,11.64
_30299_,11.64
_31443_,11.64
_31939_,11.64
_33252_,11.64
_34026_,11.64
_36522_,11.64
_38670_,11.64
_38870_,11.64
_39130_,11.64
_40224_,11.64
_40789_,11.64
_41508_,11.64
_41821_,11.64
_05932_,11.635
_31227_,11.635
_05886_,11.625
_01076_,11.62
_02949_,11.62
_03803_,11.62
_04078_,11.62
_04988_,11.62
_08833_,11.62
_11176_,11.62
_11370_,11.62
_11858_,11.62
_12231_,11.62
_15405_,11.62
_15508_,11.62
_16632_,11.62
_17301_,11.62
_17811_,11.62
_18504_,11.62
_22494_,11.62
_22827_,11.62
_24792_,11.62
_25044_,11.62
_25634_,11.62
_25827_,11.62
_26024_,11.62
_26841_,11.62
_27833_,11.62
_27920_,11.62
_28201_,11.62
_28240_,11.62
_28419_,11.62
_28786_,11.62
_30426_,11.62
_32083_,11.62
_32181_,11.62
_35833_,11.62
_37074_,11.62
_38740_,11.62
_39136_,11.62
_39552_,11.62
_39587_,11.62
_40818_,11.62
load_twiddle[19],11.61
load_twiddle[20],11.61
load_twiddle[25],11.61
_01078_,11.6
_01569_,11.6
_03394_,11.6
_03652_,11.6
_12214_,11.6
_14405_,11.6
_15952_,11.6
_17867_,11.6
_21531_,11.6
_22109_,11.6
_22516_,11.6
_22603_,11.6
_29501_,11.6
_30576_,11.6
_32673_,11.6
_34124_,11.6
_34672_,11.6
_35116_,11.6
_41902_,11.6
_13111_,11.59
_33305_,11.59
_28033_,11.585
_00473_,11.58
_04971_,11.58
_05437_,11.58
_06698_,11.58
_08704_,11.58
_10910_,11.58
_12289_,11.58
_15137_,11.58
_15942_,11.58
_17853_,11.58
_18764_,11.58
_19753_,11.58
_20727_,11.58
_21380_,11.58
_21493_,11.58
_23201_,11.58
_23962_,11.58
_27277_,11.58
_28335_,11.58
_29233_,11.58
_33025_,11.58
_33260_,11.58
_33542_,11.58
_35873_,11.58
_37049_,11.58
_38133_,11.58
_39799_,11.58
_40513_,11.58
_05293_,11.57
_00856_,11.565
_00642_,11.56
_01710_,11.56
_06364_,11.56
_07750_,11.56
_12674_,11.56
_15797_,11.56
_16209_,11.56
_16340_,11.56
_20882_,11.56
_25883_,11.56
_26449_,11.56
_26802_,11.56
_27132_,11.56
_29845_,11.56
_31147_,11.56
_31982_,11.56
_32268_,11.56
_36150_,11.56
load_data[21],11.56
_35863_,11.555
_00334_,11.54
_01511_,11.54
_01762_,11.54
_03128_,11.54
_03223_,11.54
_03916_,11.54
_07471_,11.54
_08553_,11.54
_08811_,11.54
_08924_,11.54
_09033_,11.54
_09739_,11.54
_10287_,11.54
_10548_,11.54
_10830_,11.54
_11826_,11.54
_12115_,11.54
_14559_,11.54
_15203_,11.54
_15216_,11.54
_16587_,11.54
_16739_,11.54
_17021_,11.54
_17155_,11.54
_18820_,11.54
_19110_,11.54
_20796_,11.54
_23421_,11.54
_24464_,11.54
_26002_,11.54
_26320_,11.54
_27483_,11.54
_27908_,11.54
_28679_,11.54
_28850_,11.54
_29255_,11.54
_29410_,11.54
_29615_,11.54
_30534_,11.54
_30700_,11.54
_31123_,11.54
_33100_,11.54
_33479_,11.54
_33801_,11.54
_35389_,11.54
_37154_,11.54
_37460_,11.54
_38281_,11.54
_38828_,11.54
_39121_,11.54
_39158_,11.54
_39634_,11.54
_40370_,11.54
_41064_,11.54
_41544_,11.54
_42422_,11.54
net329,11.54
_29659_,11.535
_21058_,11.53
_21086_,11.53
_01015_,11.52
_10568_,11.52
_12663_,11.52
_13889_,11.52
_14070_,11.52
_14853_,11.52
_18200_,11.52
_21254_,11.52
_21289_,11.52
_21888_,11.52
_23497_,11.52
_23657_,11.52
_25782_,11.52
_27629_,11.52
_28910_,11.52
_29299_,11.52
_30472_,11.52
_31405_,11.52
_31434_,11.52
_33778_,11.52
_37206_,11.52
_41728_,11.52
_42045_,11.52
_26211_,11.515
_14923_,11.51
_17250_,11.505
_04143_,11.5
_09468_,11.5
_09698_,11.5
_10730_,11.5
_12995_,11.5
_22626_,11.5
_23134_,11.5
_24830_,11.5
_25046_,11.5
_28377_,11.5
_30884_,11.5
_31925_,11.5
_32712_,11.5
_34488_,11.5
_36576_,11.5
_38491_,11.5
_38610_,11.5
_41831_,11.5
net250,11.5
net184,11.49
_05496_,11.48
_08665_,11.48
_09518_,11.48
_14450_,11.48
_16459_,11.48
_17926_,11.48
_21697_,11.48
_31827_,11.48
_33533_,11.48
_33625_,11.48
_35404_,11.48
_37169_,11.48
_06655_,11.47
_21141_,11.47
_27699_,11.47
_38916_,11.47
_02127_,11.46
_06437_,11.46
_07487_,11.46
_08792_,11.46
_09636_,11.46
_10976_,11.46
_11290_,11.46
_11502_,11.46
_11844_,11.46
_14866_,11.46
_15563_,11.46
_16217_,11.46
_16447_,11.46
_16709_,11.46
_19178_,11.46
_19184_,11.46
_19344_,11.46
_20045_,11.46
_21560_,11.46
_22234_,11.46
_23802_,11.46
_24099_,11.46
_27761_,11.46
_28126_,11.46
_28641_,11.46
_30402_,11.46
_32581_,11.46
_33034_,11.46
_34394_,11.46
_36180_,11.46
_36932_,11.46
_38631_,11.46
_40905_,11.46
_41068_,11.46
_42194_,11.46
_20987_,11.45
_41771_,11.45
_00227_,11.44
_00317_,11.44
_02353_,11.44
_02380_,11.44
_05522_,11.44
_05763_,11.44
_07457_,11.44
_07756_,11.44
_08354_,11.44
_13093_,11.44
_14248_,11.44
_15465_,11.44
_17035_,11.44
_17822_,11.44
_18190_,11.44
_19855_,11.44
_20008_,11.44
_23557_,11.44
_25348_,11.44
_26399_,11.44
_27490_,11.44
_30366_,11.44
_30474_,11.44
_31627_,11.44
_32296_,11.44
_32616_,11.44
_33523_,11.44
_34894_,11.44
_38414_,11.44
_41027_,11.44
_42217_,11.44
load_data[12],11.44
load_data[31],11.44
load_data_en,11.44
load_twiddle[23],11.44
load_twiddle[29],11.44
load_twiddle[4],11.44
read_addr[1],11.44
_00732_,11.435
_18412_,11.435
_39638_,11.43
_00851_,11.42
_01177_,11.42
_02349_,11.42
_04530_,11.42
_05739_,11.42
_06622_,11.42
_08226_,11.42
_09789_,11.42
_10182_,11.42
_10437_,11.42
_10664_,11.42
_12322_,11.42
_13662_,11.42
_13724_,11.42
_13954_,11.42
_14518_,11.42
_14802_,11.42
_15064_,11.42
_16027_,11.42
_16134_,11.42
_16934_,11.42
_18109_,11.42
_18180_,11.42
_19414_,11.42
_19757_,11.42
_21651_,11.42
_22077_,11.42
_22496_,11.42
_22878_,11.42
_23283_,11.42
_23499_,11.42
_23595_,11.42
_23822_,11.42
_26378_,11.42
_27303_,11.42
_27627_,11.42
_28347_,11.42
_28765_,11.42
_30756_,11.42
_31413_,11.42
_32705_,11.42
_32953_,11.42
_34380_,11.42
_35556_,11.42
_38608_,11.42
_38847_,11.42
_40009_,11.42
_40530_,11.42
_41215_,11.42
_41603_,11.42
_42428_,11.42
_13103_,11.415
_38627_,11.415
_16995_,11.41
_02348_,11.4
_02648_,11.4
_03815_,11.4
_04312_,11.4
_07120_,11.4
_07406_,11.4
_08228_,11.4
_08539_,11.4
_09299_,11.4
_11885_,11.4
_16225_,11.4
_18441_,11.4
_22097_,11.4
_24266_,11.4
_28451_,11.4
_28771_,11.4
_29727_,11.4
_32528_,11.4
_34774_,11.4
_36482_,11.4
_41033_,11.4
_12326_,11.39
_30519_,11.39
_35240_,11.39
_39361_,11.385
_01120_,11.38
_03510_,11.38
_03606_,11.38
_03816_,11.38
_04640_,11.38
_05851_,11.38
_07724_,11.38
_10846_,11.38
_11117_,11.38
_12136_,11.38
_12571_,11.38
_13153_,11.38
_16778_,11.38
_17186_,11.38
_19526_,11.38
_22770_,11.38
_23310_,11.38
_24022_,11.38
_24212_,11.38
_25731_,11.38
_27831_,11.38
_28789_,11.38
_29206_,11.38
_29360_,11.38
_29832_,11.38
_31242_,11.38
_31754_,11.38
_33451_,11.38
_33460_,11.38
_33700_,11.38
_34027_,11.38
_34471_,11.38
_37292_,11.38
_38717_,11.38
_39668_,11.38
_40206_,11.38
_40683_,11.38
_41146_,11.38
_24864_,11.375
_12153_,11.37
_24345_,11.37
_29508_,11.365
_00451_,11.36
_01059_,11.36
_04548_,11.36
_04637_,11.36
_07571_,11.36
_07941_,11.36
_15291_,11.36
_20441_,11.36
_24898_,11.36
_30913_,11.36
_30963_,11.36
_31228_,11.36
_38807_,11.36
_39256_,11.36
_40427_,11.36
_36109_,11.355
_06650_,11.35
_17341_,11.35
_03039_,11.34
_03221_,11.34
_03293_,11.34
_04005_,11.34
_04096_,11.34
_04245_,11.34
_05274_,11.34
_05288_,11.34
_07332_,11.34
_07658_,11.34
_08912_,11.34
_10637_,11.34
_11901_,11.34
_11930_,11.34
_12063_,11.34
_12379_,11.34
_14846_,11.34
_15359_,11.34
_18300_,11.34
_21177_,11.34
_24268_,11.34
_24814_,11.34
_25431_,11.34
_26019_,11.34
_26167_,11.34
_26355_,11.34
_26952_,11.34
_29712_,11.34
_31172_,11.34
_32402_,11.34
_32985_,11.34
_33710_,11.34
_34590_,11.34
_34630_,11.34
_36007_,11.34
_37061_,11.34
_37874_,11.34
_37978_,11.34
_39386_,11.34
_39494_,11.34
_40623_,11.34
_42548_,11.34
_25258_,11.33
_29843_,11.33
_00603_,11.32
_00686_,11.32
_03199_,11.32
_04382_,11.32
_04410_,11.32
_04776_,11.32
_05085_,11.32
_05341_,11.32
_05673_,11.32
_09786_,11.32
_13321_,11.32
_13625_,11.32
_13822_,11.32
_14283_,11.32
_15321_,11.32
_15779_,11.32
_18477_,11.32
_18782_,11.32
_19468_,11.32
_20818_,11.32
_21081_,11.32
_24390_,11.32
_25620_,11.32
_25720_,11.32
_26754_,11.32
_28167_,11.32
_28688_,11.32
_30066_,11.32
_30186_,11.32
_30268_,11.32
_30483_,11.32
_30861_,11.32
_31301_,11.32
_31941_,11.32
_33115_,11.32
_33224_,11.32
_34266_,11.32
_35350_,11.32
_35741_,11.32
_35842_,11.32
_36273_,11.32
_36619_,11.32
_36947_,11.32
_37160_,11.32
_39653_,11.32
_41122_,11.32
_41370_,11.32
net422,11.32
_00061_,11.3
_02518_,11.3
_04125_,11.3
_04515_,11.3
_05625_,11.3
_05930_,11.3
_07004_,11.3
_07154_,11.3
_10110_,11.3
_10230_,11.3
_10448_,11.3
_10516_,11.3
_10563_,11.3
_12496_,11.3
_14278_,11.3
_14682_,11.3
_15888_,11.3
_17872_,11.3
_19016_,11.3
_20300_,11.3
_21655_,11.3
_21916_,11.3
_22395_,11.3
_22625_,11.3
_24019_,11.3
_25023_,11.3
_25745_,11.3
_26560_,11.3
_27257_,11.3
_27392_,11.3
_29726_,11.3
_29814_,11.3
_30100_,11.3
_33960_,11.3
_35507_,11.3
_36874_,11.3
_38622_,11.3
_39002_,11.3
_41735_,11.3
_18842_,11.295
_31107_,11.29
_02933_,11.28
_04558_,11.28
_04905_,11.28
_05662_,11.28
_06315_,11.28
_09413_,11.28
_12587_,11.28
_12783_,11.28
_14022_,11.28
_15535_,11.28
_16755_,11.28
_17089_,11.28
_17220_,11.28
_19556_,11.28
_19813_,11.28
_22161_,11.28
_22749_,11.28
_23028_,11.28
_23926_,11.28
_24539_,11.28
_24848_,11.28
_29214_,11.28
_29930_,11.28
_34901_,11.28
_38176_,11.28
_38297_,11.28
_39116_,11.28
_39897_,11.28
_41722_,11.28
load_twiddle[10],11.27
load_twiddle[9],11.27
_01639_,11.26
_02106_,11.26
_06138_,11.26
_06152_,11.26
_11280_,11.26
_11609_,11.26
_11972_,11.26
_13248_,11.26
_14680_,11.26
_18575_,11.26
_19203_,11.26
_21392_,11.26
_22200_,11.26
_22451_,11.26
_22538_,11.26
_26173_,11.26
_27014_,11.26
_32466_,11.26
_33637_,11.26
_33835_,11.26
_34444_,11.26
_34694_,11.26
_36871_,11.26
_10972_,11.255
_41696_,11.255
_34813_,11.25
_02220_,11.24
_02327_,11.24
_02351_,11.24
_02704_,11.24
_04889_,11.24
_06509_,11.24
_09974_,11.24
_10064_,11.24
_10717_,11.24
_10808_,11.24
_10999_,11.24
_12963_,11.24
_13858_,11.24
_14078_,11.24
_14390_,11.24
_16993_,11.24
_17560_,11.24
_19747_,11.24
_20645_,11.24
_22141_,11.24
_24354_,11.24
_26540_,11.24
_27194_,11.24
_28067_,11.24
_29480_,11.24
_30480_,11.24
_32285_,11.24
_32818_,11.24
_33172_,11.24
_36382_,11.24
_36796_,11.24
_38428_,11.24
_39440_,11.24
_40209_,11.24
net256,11.24
_21033_,11.23
_38108_,11.23
_03972_,11.22
_03987_,11.22
_04677_,11.22
_08238_,11.22
_11748_,11.22
_11781_,11.22
_12259_,11.22
_13349_,11.22
_14596_,11.22
_19834_,11.22
_21277_,11.22
_21404_,11.22
_22605_,11.22
_23173_,11.22
_24936_,11.22
_25673_,11.22
_27189_,11.22
_27308_,11.22
_27578_,11.22
_28406_,11.22
_29098_,11.22
_29312_,11.22
_30794_,11.22
_34043_,11.22
_34226_,11.22
_35196_,11.22
_36762_,11.22
_37449_,11.22
_40552_,11.22
_40569_,11.22
_41274_,11.22
_42181_,11.22
_11565_,11.215
_07315_,11.21
_01919_,11.2
_02241_,11.2
_03710_,11.2
_04886_,11.2
_05537_,11.2
_05897_,11.2
_06977_,11.2
_07641_,11.2
_07711_,11.2
_10237_,11.2
_10339_,11.2
_10609_,11.2
_11604_,11.2
_11666_,11.2
_12817_,11.2
_14759_,11.2
_14986_,11.2
_16973_,11.2
_17073_,11.2
_17074_,11.2
_17245_,11.2
_17295_,11.2
_17482_,11.2
_20454_,11.2
_21079_,11.2
_21119_,11.2
_21895_,11.2
_25009_,11.2
_26039_,11.2
_26279_,11.2
_27583_,11.2
_28102_,11.2
_29628_,11.2
_30586_,11.2
_30834_,11.2
_32262_,11.2
_32272_,11.2
_32400_,11.2
_32831_,11.2
_33891_,11.2
_34804_,11.2
_35309_,11.2
_35433_,11.2
_36193_,11.2
_36902_,11.2
_37041_,11.2
_37224_,11.2
_38914_,11.2
_39383_,11.2
_40407_,11.2
_40601_,11.2
_40869_,11.2
_41069_,11.2
_41167_,11.2
_41429_,11.2
_41978_,11.2
_27354_,11.19
_39414_,11.19
_02339_,11.18
_02584_,11.18
_03278_,11.18
_03969_,11.18
_05448_,11.18
_06493_,11.18
_07864_,11.18
_09506_,11.18
_10201_,11.18
_14841_,11.18
_14872_,11.18
_17540_,11.18
_22312_,11.18
_22332_,11.18
_23188_,11.18
_23362_,11.18
_23660_,11.18
_26049_,11.18
_26804_,11.18
_28269_,11.18
_28867_,11.18
_28869_,11.18
_30468_,11.18
_33417_,11.18
_34692_,11.18
_35150_,11.18
_36092_,11.18
_40790_,11.18
_40879_,11.18
_41922_,11.18
_06933_,11.175
_06472_,11.17
_09282_,11.17
_20440_,11.17
_01929_,11.16
_01940_,11.16
_02012_,11.16
_02673_,11.16
_04630_,11.16
_08816_,11.16
_09377_,11.16
_11037_,11.16
_11158_,11.16
_12843_,11.16
_16018_,11.16
_16604_,11.16
_17261_,11.16
_17432_,11.16
_18480_,11.16
_21074_,11.16
_21419_,11.16
_23440_,11.16
_24253_,11.16
_24436_,11.16
_25948_,11.16
_26552_,11.16
_27086_,11.16
_27987_,11.16
_30557_,11.16
_31156_,11.16
_31176_,11.16
_31675_,11.16
_33313_,11.16
_33676_,11.16
_33683_,11.16
_35326_,11.16
_35816_,11.16
_35837_,11.16
_37296_,11.16
_38222_,11.16
_40972_,11.16
_42554_,11.16
_22469_,11.155
_29686_,11.15
_06762_,11.14
_08289_,11.14
_09333_,11.14
_15706_,11.14
_16324_,11.14
_19341_,11.14
_19621_,11.14
_20081_,11.14
_21342_,11.14
_24892_,11.14
_29061_,11.14
_32370_,11.14
_32897_,11.14
_33502_,11.14
_34908_,11.14
_37658_,11.14
_38838_,11.14
_39865_,11.14
net418,11.14
_08883_,11.135
_13581_,11.13
_15384_,11.13
_03118_,11.12
_03668_,11.12
_04072_,11.12
_05575_,11.12
_07304_,11.12
_07488_,11.12
_07667_,11.12
_08694_,11.12
_08927_,11.12
_09955_,11.12
_11529_,11.12
_12490_,11.12
_12851_,11.12
_15960_,11.12
_16038_,11.12
_16102_,11.12
_17188_,11.12
_17218_,11.12
_17593_,11.12
_17877_,11.12
_18015_,11.12
_18036_,11.12
_18048_,11.12
_18746_,11.12
_19241_,11.12
_19315_,11.12
_19716_,11.12
_19744_,11.12
_20660_,11.12
_21176_,11.12
_21278_,11.12
_23382_,11.12
_23408_,11.12
_24172_,11.12
_25847_,11.12
_26330_,11.12
_28205_,11.12
_28439_,11.12
_29128_,11.12
_29366_,11.12
_29923_,11.12
_30217_,11.12
_30862_,11.12
_31325_,11.12
_33152_,11.12
_34963_,11.12
_35013_,11.12
_36043_,11.12
_37412_,11.12
_37958_,11.12
_38112_,11.12
_39642_,11.12
_40873_,11.12
_40990_,11.12
net431,11.12
_11793_,11.11
_00756_,11.1
_01575_,11.1
_01673_,11.1
_03213_,11.1
_03226_,11.1
_04123_,11.1
_05188_,11.1
_05198_,11.1
_08273_,11.1
_08654_,11.1
_09114_,11.1
_12142_,11.1
_12200_,11.1
_12685_,11.1
_13925_,11.1
_15312_,11.1
_16009_,11.1
_16161_,11.1
_16222_,11.1
_16897_,11.1
_17892_,11.1
_18947_,11.1
_19143_,11.1
_22528_,11.1
_22618_,11.1
_24884_,11.1
_25729_,11.1
_26012_,11.1
_26045_,11.1
_28064_,11.1
_28320_,11.1
_28740_,11.1
_28787_,11.1
_29409_,11.1
_29906_,11.1
_31922_,11.1
_33301_,11.1
_35333_,11.1
_38423_,11.1
_39500_,11.1
_39997_,11.1
_37481_,11.09
_00047_,11.08
_00431_,11.08
_01961_,11.08
_02556_,11.08
_02660_,11.08
_03498_,11.08
_04338_,11.08
_07285_,11.08
_07661_,11.08
_07739_,11.08
_08016_,11.08
_09277_,11.08
_09855_,11.08
_10741_,11.08
_14848_,11.08
_15422_,11.08
_15871_,11.08
_16198_,11.08
_16999_,11.08
_17657_,11.08
_17694_,11.08
_17981_,11.08
_19064_,11.08
_19194_,11.08
_19346_,11.08
_20846_,11.08
_21118_,11.08
_21585_,11.08
_24262_,11.08
_24767_,11.08
_25070_,11.08
_25188_,11.08
_27160_,11.08
_27528_,11.08
_27540_,11.08
_27544_,11.08
_28253_,11.08
_28365_,11.08
_28930_,11.08
_29390_,11.08
_29561_,11.08
_30943_,11.08
_33524_,11.08
_34393_,11.08
_36588_,11.08
_37186_,11.08
_38721_,11.08
_39942_,11.08
_39952_,11.08
_40465_,11.08
_41014_,11.08
stage8_inst.stage4_lower.stage2_pair0.butterfly_inst.mul_inst.b\[0\],11.08
net446,11.08
_01109_,11.075
_15014_,11.075
_36566_,11.075
_08213_,11.07
_01538_,11.06
_01904_,11.06
_02576_,11.06
_02703_,11.06
_03749_,11.06
_04631_,11.06
_05501_,11.06
_08336_,11.06
_10556_,11.06
_12731_,11.06
_15451_,11.06
_17852_,11.06
_19635_,11.06
_21064_,11.06
_21515_,11.06
_22053_,11.06
_25494_,11.06
_28907_,11.06
_30860_,11.06
_31094_,11.06
_33537_,11.06
_34227_,11.06
_39456_,11.06
_41840_,11.06
_42461_,11.06
_33238_,11.055
_02367_,11.05
_06657_,11.05
_12475_,11.05
_24405_,11.05
_40993_,11.05
_25670_,11.045
_00988_,11.04
_01181_,11.04
_10532_,11.04
_12395_,11.04
_14622_,11.04
_16081_,11.04
_16696_,11.04
_18762_,11.04
_19040_,11.04
_20535_,11.04
_21748_,11.04
_27596_,11.04
_28287_,11.04
_29042_,11.04
_29277_,11.04
_31299_,11.04
_31590_,11.04
_31946_,11.04
_33552_,11.04
_36365_,11.04
_39657_,11.04
_39818_,11.04
_41244_,11.04
_41769_,11.04
_24030_,11.035
_27600_,11.035
_13491_,11.02
_21943_,11.02
_24064_,11.02
_24566_,11.02
_26095_,11.02
_26816_,11.02
_28753_,11.02
_30323_,11.02
_34539_,11.02
_39347_,11.02
load_data[11],11.02
load_data[22],11.02
load_twiddle[26],11.02
load_twiddle[8],11.02
_04320_,11.01
_07299_,11.01
_11840_,11.01
_23442_,11.01
_37531_,11.01
_00338_,11.005
_02073_,11
_02121_,11
_02801_,11
_07219_,11
_07307_,11
_07455_,11
_08780_,11
_11328_,11
_11519_,11
_12808_,11
_12886_,11
_14226_,11
_14643_,11
_14829_,11
_15812_,11
_17164_,11
_17802_,11
_18518_,11
_19234_,11
_19943_,11
_20426_,11
_22500_,11
_24825_,11
_25739_,11
_25850_,11
_28303_,11
_28452_,11
_28961_,11
_30052_,11
_30380_,11
_30390_,11
_30680_,11
_30709_,11
_30790_,11
_32072_,11
_33888_,11
_34252_,11
_34589_,11
_36025_,11
_40372_,11
_40593_,11
_40631_,11
_41074_,11
_41439_,11
_42193_,11
_21429_,10.995
_34505_,10.995
_27166_,10.985
_00310_,10.98
_02899_,10.98
_03391_,10.98
_04851_,10.98
_06235_,10.98
_08375_,10.98
_10772_,10.98
_11651_,10.98
_12004_,10.98
_13722_,10.98
_17142_,10.98
_17912_,10.98
_18065_,10.98
_18738_,10.98
_19521_,10.98
_22383_,10.98
_24156_,10.98
_25173_,10.98
_26817_,10.98
_27207_,10.98
_27409_,10.98
_30326_,10.98
_31108_,10.98
_36760_,10.98
_38350_,10.98
_38444_,10.98
_39109_,10.98
_40775_,10.98
load_twiddle[16],10.98
load_twiddle[28],10.98
_08608_,10.975
_20624_,10.975
_32632_,10.97
_00435_,10.96
_01207_,10.96
_02401_,10.96
_02827_,10.96
_06844_,10.96
_07094_,10.96
_08151_,10.96
_09051_,10.96
_09677_,10.96
_09922_,10.96
_10219_,10.96
_10401_,10.96
_11354_,10.96
_11428_,10.96
_12343_,10.96
_14465_,10.96
_14648_,10.96
_14832_,10.96
_15084_,10.96
_16796_,10.96
_17063_,10.96
_17470_,10.96
_17623_,10.96
_18978_,10.96
_19310_,10.96
_19984_,10.96
_20758_,10.96
_20906_,10.96
_21218_,10.96
_21617_,10.96
_23437_,10.96
_25320_,10.96
_25540_,10.96
_25736_,10.96
_26273_,10.96
_26298_,10.96
_27195_,10.96
_27208_,10.96
_27235_,10.96
_27284_,10.96
_27766_,10.96
_27921_,10.96
_28572_,10.96
_28949_,10.96
_29015_,10.96
_29488_,10.96
_29514_,10.96
_29602_,10.96
_29937_,10.96
_30714_,10.96
_32232_,10.96
_32409_,10.96
_33264_,10.96
_33381_,10.96
_34335_,10.96
_34738_,10.96
_35161_,10.96
_35599_,10.96
_37900_,10.96
_37929_,10.96
_39661_,10.96
_39666_,10.96
_40416_,10.96
_40709_,10.96
_41747_,10.96
_42391_,10.96
_21447_,10.955
_22709_,10.955
_12360_,10.95
_11848_,10.945
_05835_,10.94
_10897_,10.94
_18068_,10.94
_18450_,10.94
_19999_,10.94
_23762_,10.94
_27726_,10.94
_31118_,10.94
_31588_,10.94
_33584_,10.94
_34067_,10.94
_39574_,10.94
_01528_,10.93
_02630_,10.93
load_twiddle[1],10.93
load_twiddle[24],10.93
_03731_,10.92
_03942_,10.92
_04316_,10.92
_06079_,10.92
_06401_,10.92
_06603_,10.92
_09040_,10.92
_09280_,10.92
_10978_,10.92
_12456_,10.92
_13056_,10.92
_14508_,10.92
_15500_,10.92
_17636_,10.92
_18694_,10.92
_21286_,10.92
_23206_,10.92
_26768_,10.92
_27329_,10.92
_27841_,10.92
_29535_,10.92
_30982_,10.92
_32142_,10.92
_33103_,10.92
_36723_,10.92
_40621_,10.92
_02934_,10.91
_27070_,10.91
_41896_,10.91
load_data[9],10.91
_02363_,10.9
_03263_,10.9
_03534_,10.9
_04188_,10.9
_04404_,10.9
_07632_,10.9
_09314_,10.9
_16090_,10.9
_19506_,10.9
_20310_,10.9
_20355_,10.9
_21654_,10.9
_25401_,10.9
_26945_,10.9
_27115_,10.9
_27337_,10.9
_34172_,10.9
_34640_,10.9
_35265_,10.9
_39314_,10.9
_34414_,10.89
_12081_,10.885
_00779_,10.88
_03258_,10.88
_04461_,10.88
_04586_,10.88
_04838_,10.88
_08744_,10.88
_08749_,10.88
_08818_,10.88
_10702_,10.88
_10707_,10.88
_11253_,10.88
_11855_,10.88
_12018_,10.88
_12086_,10.88
_12368_,10.88
_13189_,10.88
_13402_,10.88
_13863_,10.88
_15483_,10.88
_16219_,10.88
_17184_,10.88
_17327_,10.88
_18658_,10.88
_18672_,10.88
_19112_,10.88
_19873_,10.88
_19919_,10.88
_25783_,10.88
_26829_,10.88
_26944_,10.88
_27675_,10.88
_27740_,10.88
_28076_,10.88
_28469_,10.88
_29943_,10.88
_30722_,10.88
_30726_,10.88
_31454_,10.88
_34188_,10.88
_34925_,10.88
_35549_,10.88
_38089_,10.88
_39995_,10.88
_40136_,10.88
_41329_,10.88
_42030_,10.88
_06350_,10.875
_15094_,10.875
_00996_,10.86
_01194_,10.86
_02442_,10.86
_02718_,10.86
_02794_,10.86
_03578_,10.86
_03611_,10.86
_03721_,10.86
_03820_,10.86
_03981_,10.86
_04986_,10.86
_05231_,10.86
_07125_,10.86
_07919_,10.86
_09429_,10.86
_09625_,10.86
_10279_,10.86
_10404_,10.86
_11137_,10.86
_12364_,10.86
_14247_,10.86
_15039_,10.86
_16266_,10.86
_16988_,10.86
_17501_,10.86
_17587_,10.86
_18161_,10.86
_18396_,10.86
_19812_,10.86
_22591_,10.86
_23478_,10.86
_25561_,10.86
_27348_,10.86
_27505_,10.86
_28037_,10.86
_28112_,10.86
_30583_,10.86
_30723_,10.86
_30899_,10.86
_31877_,10.86
_32235_,10.86
_32912_,10.86
_34467_,10.86
_34921_,10.86
_35570_,10.86
_39063_,10.86
_39905_,10.86
_40091_,10.86
_42191_,10.86
_07113_,10.855
_15317_,10.855
_12332_,10.85
_00428_,10.84
_07520_,10.84
_11240_,10.84
_11463_,10.84
_12443_,10.84
_12969_,10.84
_15802_,10.84
_15976_,10.84
_16730_,10.84
_16852_,10.84
_17053_,10.84
_18825_,10.84
_18967_,10.84
_21297_,10.84
_21797_,10.84
_24155_,10.84
_25843_,10.84
_26215_,10.84
_27127_,10.84
_27977_,10.84
_29808_,10.84
_29969_,10.84
_31220_,10.84
_34010_,10.84
_34662_,10.84
_36300_,10.84
_37214_,10.84
_40945_,10.84
_25250_,10.835
_03915_,10.83
_02344_,10.82
_02557_,10.82
_08267_,10.82
_11263_,10.82
_11393_,10.82
_12225_,10.82
_13287_,10.82
_13998_,10.82
_14656_,10.82
_17042_,10.82
_19886_,10.82
_21762_,10.82
_22482_,10.82
_22701_,10.82
_25297_,10.82
_25689_,10.82
_26757_,10.82
_26822_,10.82
_29934_,10.82
_31765_,10.82
_33586_,10.82
_38189_,10.82
_39197_,10.82
_39479_,10.82
_39495_,10.82
_39870_,10.82
_40402_,10.82
net249,10.82
_36483_,10.815
_18874_,10.81
_00702_,10.8
_00848_,10.8
_02465_,10.8
_04009_,10.8
_05596_,10.8
_06696_,10.8
_09017_,10.8
_11605_,10.8
_11717_,10.8
_13869_,10.8
_14159_,10.8
_14672_,10.8
_15357_,10.8
_16150_,10.8
_17339_,10.8
_20054_,10.8
_21466_,10.8
_23553_,10.8
_24356_,10.8
_25036_,10.8
_28621_,10.8
_28951_,10.8
_29713_,10.8
_31349_,10.8
_40687_,10.8
_00517_,10.79
_27193_,10.79
_35133_,10.79
_21293_,10.785
_01682_,10.78
_02515_,10.78
_04481_,10.78
_06709_,10.78
_07316_,10.78
_08706_,10.78
_09550_,10.78
_09579_,10.78
_09772_,10.78
_10007_,10.78
_10011_,10.78
_10612_,10.78
_10809_,10.78
_11269_,10.78
_15275_,10.78
_16499_,10.78
_17097_,10.78
_17950_,10.78
_18615_,10.78
_18735_,10.78
_18911_,10.78
_19343_,10.78
_19484_,10.78
_20848_,10.78
_21846_,10.78
_21971_,10.78
_22172_,10.78
_22466_,10.78
_22974_,10.78
_23071_,10.78
_24786_,10.78
_26259_,10.78
_29113_,10.78
_29511_,10.78
_31393_,10.78
_32297_,10.78
_33638_,10.78
_34248_,10.78
_35105_,10.78
_35755_,10.78
_36823_,10.78
_38111_,10.78
_39699_,10.78
_39884_,10.78
_40843_,10.78
_41967_,10.78
_42239_,10.78
_26241_,10.77
_00832_,10.76
_01361_,10.76
_01597_,10.76
_03774_,10.76
_04670_,10.76
_09512_,10.76
_09757_,10.76
_13552_,10.76
_13744_,10.76
_17083_,10.76
_18204_,10.76
_18523_,10.76
_19271_,10.76
_19679_,10.76
_19695_,10.76
_19918_,10.76
_19942_,10.76
_24665_,10.76
_24858_,10.76
_26171_,10.76
_26391_,10.76
_28989_,10.76
_29521_,10.76
_30424_,10.76
_30953_,10.76
_31020_,10.76
_31655_,10.76
_32173_,10.76
_32848_,10.76
_32990_,10.76
_33458_,10.76
_34326_,10.76
_35165_,10.76
_37188_,10.76
_40984_,10.76
_06213_,10.755
_12402_,10.75
_00041_,10.74
_01342_,10.74
_01728_,10.74
_02393_,10.74
_03240_,10.74
_03317_,10.74
_03336_,10.74
_03337_,10.74
_05164_,10.74
_05829_,10.74
_07263_,10.74
_07336_,10.74
_08152_,10.74
_08752_,10.74
_09836_,10.74
_10341_,10.74
_10886_,10.74
_10907_,10.74
_11271_,10.74
_12019_,10.74
_14455_,10.74
_15131_,10.74
_15399_,10.74
_15664_,10.74
_17393_,10.74
_17897_,10.74
_18133_,10.74
_18178_,10.74
_18196_,10.74
_18780_,10.74
_19180_,10.74
_19200_,10.74
_19461_,10.74
_19685_,10.74
_19768_,10.74
_20721_,10.74
_20842_,10.74
_20897_,10.74
_21610_,10.74
_23008_,10.74
_23209_,10.74
_23622_,10.74
_24717_,10.74
_25300_,10.74
_25651_,10.74
_26350_,10.74
_26914_,10.74
_28742_,10.74
_29097_,10.74
_29297_,10.74
_29298_,10.74
_29983_,10.74
_31252_,10.74
_32247_,10.74
_33860_,10.74
_34783_,10.74
_35012_,10.74
_35891_,10.74
_36431_,10.74
_36742_,10.74
_37579_,10.74
_37629_,10.74
_37830_,10.74
_38382_,10.74
_39565_,10.74
_40892_,10.74
_40973_,10.74
_41531_,10.74
_41584_,10.74
_41867_,10.74
net357,10.74
_24942_,10.735
_00970_,10.72
_02877_,10.72
_05597_,10.72
_06779_,10.72
_07350_,10.72
_07699_,10.72
_08653_,10.72
_11829_,10.72
_15831_,10.72
_15991_,10.72
_18213_,10.72
_20028_,10.72
_21777_,10.72
_21923_,10.72
_23304_,10.72
_26664_,10.72
_28874_,10.72
_30421_,10.72
_31092_,10.72
_33512_,10.72
_34190_,10.72
_39015_,10.72
_39183_,10.72
_39887_,10.72
_40063_,10.72
_40376_,10.72
_42200_,10.72
net225,10.72
_27918_,10.715
_31461_,10.715
_07808_,10.71
_00661_,10.7
_02385_,10.7
_03643_,10.7
_05127_,10.7
_05607_,10.7
_08813_,10.7
_12869_,10.7
_13545_,10.7
_13646_,10.7
_14140_,10.7
_16476_,10.7
_17820_,10.7
_18539_,10.7
_19767_,10.7
_20003_,10.7
_20004_,10.7
_20917_,10.7
_21581_,10.7
_22287_,10.7
_23376_,10.7
_27272_,10.7
_31919_,10.7
_33679_,10.7
_34202_,10.7
_38564_,10.7
_38782_,10.7
_40519_,10.7
_40855_,10.7
_42125_,10.7
_20700_,10.69
_02358_,10.68
_03133_,10.68
_07382_,10.68
_09516_,10.68
_11192_,10.68
_11943_,10.68
_12203_,10.68
_13469_,10.68
_16699_,10.68
_18315_,10.68
_18587_,10.68
_21408_,10.68
_22002_,10.68
_22043_,10.68
_22414_,10.68
_22996_,10.68
_25710_,10.68
_25820_,10.68
_25956_,10.68
_29671_,10.68
_33003_,10.68
_33294_,10.68
_36854_,10.68
_38728_,10.68
_39885_,10.68
_39939_,10.68
_41161_,10.68
_42468_,10.68
load_data[19],10.68
net398,10.68
net416,10.68
_03885_,10.66
_08247_,10.66
_08862_,10.66
_09680_,10.66
_11516_,10.66
_12419_,10.66
_13994_,10.66
_15107_,10.66
_15963_,10.66
_17589_,10.66
_17679_,10.66
_17701_,10.66
_17838_,10.66
_18550_,10.66
_19912_,10.66
_20627_,10.66
_21184_,10.66
_21243_,10.66
_22892_,10.66
_24841_,10.66
_25374_,10.66
_26976_,10.66
_28899_,10.66
_29291_,10.66
_29326_,10.66
_30928_,10.66
_33529_,10.66
_33614_,10.66
_34690_,10.66
_35079_,10.66
_35424_,10.66
_37266_,10.66
_37620_,10.66
_38110_,10.66
_38403_,10.66
_38794_,10.66
_40241_,10.66
_40962_,10.66
_41892_,10.66
_30579_,10.655
_21576_,10.65
_02825_,10.64
_02900_,10.64
_03356_,10.64
_03576_,10.64
_06011_,10.64
_07596_,10.64
_09960_,10.64
_10203_,10.64
_12143_,10.64
_12947_,10.64
_14156_,10.64
_14895_,10.64
_19410_,10.64
_19498_,10.64
_21275_,10.64
_28275_,10.64
_31354_,10.64
_33199_,10.64
_34269_,10.64
_34486_,10.64
_36368_,10.64
_37140_,10.64
_37764_,10.64
_40616_,10.64
_41037_,10.64
_41072_,10.64
_41134_,10.64
_23505_,10.63
_00194_,10.62
_03797_,10.62
_03872_,10.62
_04251_,10.62
_04724_,10.62
_04810_,10.62
_04939_,10.62
_07783_,10.62
_09293_,10.62
_09844_,10.62
_10224_,10.62
_10881_,10.62
_11134_,10.62
_11525_,10.62
_11602_,10.62
_12079_,10.62
_12309_,10.62
_12519_,10.62
_12738_,10.62
_14205_,10.62
_14391_,10.62
_15238_,10.62
_15770_,10.62
_16015_,10.62
_16580_,10.62
_16670_,10.62
_17526_,10.62
_17857_,10.62
_18027_,10.62
_18066_,10.62
_19838_,10.62
_21849_,10.62
_23390_,10.62
_23980_,10.62
_24261_,10.62
_24922_,10.62
_25631_,10.62
_26268_,10.62
_26499_,10.62
_26948_,10.62
_27250_,10.62
_28396_,10.62
_28996_,10.62
_29853_,10.62
_30849_,10.62
_31334_,10.62
_32365_,10.62
_33078_,10.62
_34891_,10.62
_35867_,10.62
_37254_,10.62
_38251_,10.62
_38260_,10.62
_38472_,10.62
_38816_,10.62
_40839_,10.62
_40896_,10.62
_34745_,10.615
_40682_,10.615
_18680_,10.61
_29490_,10.61
_21361_,10.605
_05122_,10.6
_08346_,10.6
_09603_,10.6
_11172_,10.6
_14756_,10.6
_16472_,10.6
_16573_,10.6
_18730_,10.6
_18757_,10.6
_20594_,10.6
_21233_,10.6
_21491_,10.6
_21749_,10.6
_23157_,10.6
_27486_,10.6
_28026_,10.6
_28798_,10.6
_29083_,10.6
_29452_,10.6
_29771_,10.6
_32595_,10.6
_32868_,10.6
_33850_,10.6
_38982_,10.6
_40395_,10.6
_41196_,10.6
_09175_,10.59
_20640_,10.59
_35462_,10.59
_01807_,10.58
_02482_,10.58
_06078_,10.58
_07124_,10.58
_11407_,10.58
_11933_,10.58
_12928_,10.58
_15730_,10.58
_16372_,10.58
_17146_,10.58
_21728_,10.58
_23747_,10.58
_24659_,10.58
_29938_,10.58
_30127_,10.58
_31078_,10.58
_32905_,10.58
_36858_,10.58
_37577_,10.58
_39531_,10.58
_40766_,10.58
_42199_,10.58
_42558_,10.58
_37692_,10.57
load_data[18],10.57
_00345_,10.56
_00349_,10.56
_02308_,10.56
_04053_,10.56
_05508_,10.56
_07769_,10.56
_11426_,10.56
_14104_,10.56
_16320_,10.56
_16920_,10.56
_17484_,10.56
_23958_,10.56
_31947_,10.56
_32786_,10.56
_34031_,10.56
_34929_,10.56
_41936_,10.56
_00968_,10.54
_02612_,10.54
_03412_,10.54
_04003_,10.54
_04292_,10.54
_04712_,10.54
_05178_,10.54
_06382_,10.54
_07820_,10.54
_08175_,10.54
_08953_,10.54
_09003_,10.54
_09543_,10.54
_09979_,10.54
_10147_,10.54
_10215_,10.54
_10504_,10.54
_11046_,10.54
_11454_,10.54
_12936_,10.54
_14340_,10.54
_15334_,10.54
_15877_,10.54
_16723_,10.54
_17522_,10.54
_17793_,10.54
_18711_,10.54
_19548_,10.54
_20708_,10.54
_21511_,10.54
_21881_,10.54
_22381_,10.54
_22782_,10.54
_23048_,10.54
_23063_,10.54
_23468_,10.54
_23567_,10.54
_26828_,10.54
_28152_,10.54
_29578_,10.54
_30194_,10.54
_30502_,10.54
_30544_,10.54
_33010_,10.54
_33270_,10.54
_33814_,10.54
_37913_,10.54
_37937_,10.54
_40100_,10.54
_40194_,10.54
_41390_,10.54
_42424_,10.54
_32709_,10.535
_29300_,10.525
_00350_,10.52
_00599_,10.52
_01640_,10.52
_02313_,10.52
_04491_,10.52
_04878_,10.52
_06880_,10.52
_07131_,10.52
_08635_,10.52
_11059_,10.52
_13947_,10.52
_16152_,10.52
_16443_,10.52
_17504_,10.52
_17777_,10.52
_18455_,10.52
_19113_,10.52
_20880_,10.52
_27723_,10.52
_27936_,10.52
_28667_,10.52
_33932_,10.52
_34468_,10.52
_35866_,10.52
_38237_,10.52
_38789_,10.52
_40235_,10.52
_40242_,10.52
_40624_,10.52
_31083_,10.51
_01071_,10.5
_01611_,10.5
_03482_,10.5
_04015_,10.5
_05108_,10.5
_05121_,10.5
_05776_,10.5
_05954_,10.5
_05974_,10.5
_06900_,10.5
_07604_,10.5
_07838_,10.5
_09325_,10.5
_09900_,10.5
_10517_,10.5
_11326_,10.5
_11521_,10.5
_11875_,10.5
_13218_,10.5
_15600_,10.5
_15603_,10.5
_16265_,10.5
_17115_,10.5
_17569_,10.5
_17577_,10.5
_17608_,10.5
_18013_,10.5
_18131_,10.5
_18386_,10.5
_19094_,10.5
_20026_,10.5
_20386_,10.5
_21168_,10.5
_22131_,10.5
_22210_,10.5
_22831_,10.5
_23207_,10.5
_23212_,10.5
_23415_,10.5
_23477_,10.5
_25707_,10.5
_26186_,10.5
_26224_,10.5
_26264_,10.5
_26937_,10.5
_28141_,10.5
_28719_,10.5
_29415_,10.5
_30188_,10.5
_31247_,10.5
_31298_,10.5
_31473_,10.5
_31608_,10.5
_32156_,10.5
_32716_,10.5
_33062_,10.5
_33221_,10.5
_33701_,10.5
_34191_,10.5
_34795_,10.5
_36309_,10.5
_36445_,10.5
_37290_,10.5
_38533_,10.5
_38859_,10.5
_40524_,10.5
_40707_,10.5
_40900_,10.5
_41119_,10.5
_41266_,10.5
_41775_,10.5
_41823_,10.5
_40006_,10.495
_27840_,10.49
_22563_,10.485
_03509_,10.48
_05376_,10.48
_09669_,10.48
_11358_,10.48
_25748_,10.48
_28666_,10.48
_35448_,10.48
_39692_,10.48
_41753_,10.48
_34101_,10.47
_01215_,10.46
_01671_,10.46
_05469_,10.46
_07214_,10.46
_08978_,10.46
_10028_,10.46
_10252_,10.46
_11948_,10.46
_12618_,10.46
_16070_,10.46
_16146_,10.46
_17238_,10.46
_18107_,10.46
_25466_,10.46
_26059_,10.46
_26842_,10.46
_27295_,10.46
_27790_,10.46
_31339_,10.46
_31970_,10.46
_32427_,10.46
_37533_,10.46
_05898_,10.455
_19704_,10.455
_01271_,10.45
_08137_,10.45
_20734_,10.45
_24346_,10.45
load_data[5],10.45
_00315_,10.44
_00797_,10.44
_01336_,10.44
_09442_,10.44
_10105_,10.44
_10671_,10.44
_17746_,10.44
_22318_,10.44
_23902_,10.44
_24504_,10.44
_26056_,10.44
_29477_,10.44
_32033_,10.44
_32642_,10.44
_32688_,10.44
_36788_,10.44
_42262_,10.44
_40929_,10.435
_07577_,10.43
_08793_,10.43
_10336_,10.43
_19181_,10.43
_31146_,10.43
_16816_,10.425
_00701_,10.42
_03726_,10.42
_03772_,10.42
_03837_,10.42
_04185_,10.42
_04329_,10.42
_04879_,10.42
_04934_,10.42
_05191_,10.42
_05332_,10.42
_07465_,10.42
_07714_,10.42
_08122_,10.42
_09473_,10.42
_10121_,10.42
_10733_,10.42
_11097_,10.42
_11145_,10.42
_13160_,10.42
_13841_,10.42
_14382_,10.42
_14741_,10.42
_14755_,10.42
_15200_,10.42
_15999_,10.42
_16240_,10.42
_16985_,10.42
_17980_,10.42
_18654_,10.42
_19378_,10.42
_20841_,10.42
_22799_,10.42
_23174_,10.42
_25642_,10.42
_25903_,10.42
_26874_,10.42
_27644_,10.42
_27664_,10.42
_28192_,10.42
_29102_,10.42
_29108_,10.42
_29515_,10.42
_30615_,10.42
_30891_,10.42
_34351_,10.42
_34515_,10.42
_36490_,10.42
_37336_,10.42
_38837_,10.42
_41023_,10.42
_41149_,10.42
_41190_,10.42
_41310_,10.42
_41820_,10.42
_42209_,10.42
_22783_,10.41
_38683_,10.41
_00353_,10.4
_01687_,10.4
_01729_,10.4
_01991_,10.4
_03102_,10.4
_03562_,10.4
_04779_,10.4
_04948_,10.4
_05259_,10.4
_05354_,10.4
_05395_,10.4
_07590_,10.4
_07789_,10.4
_08782_,10.4
_09775_,10.4
_10804_,10.4
_11395_,10.4
_12373_,10.4
_12752_,10.4
_13526_,10.4
_14000_,10.4
_16201_,10.4
_16500_,10.4
_17337_,10.4
_18849_,10.4
_18932_,10.4
_19157_,10.4
_20209_,10.4
_20709_,10.4
_21807_,10.4
_21837_,10.4
_22687_,10.4
_23402_,10.4
_23463_,10.4
_23619_,10.4
_23710_,10.4
_24324_,10.4
_26030_,10.4
_26996_,10.4
_28412_,10.4
_28505_,10.4
_29365_,10.4
_29513_,10.4
_30047_,10.4
_31294_,10.4
_32196_,10.4
_32526_,10.4
_33723_,10.4
_33878_,10.4
_34580_,10.4
_34945_,10.4
_36759_,10.4
_37413_,10.4
_37517_,10.4
_38236_,10.4
_38854_,10.4
_39470_,10.4
_39474_,10.4
_41007_,10.4
_41083_,10.4
_42251_,10.4
_07060_,10.395
_02459_,10.39
_33449_,10.39
_05099_,10.385
_01159_,10.38
_02731_,10.38
_04116_,10.38
_04233_,10.38
_04806_,10.38
_04922_,10.38
_06272_,10.38
_06499_,10.38
_06516_,10.38
_08726_,10.38
_10912_,10.38
_12805_,10.38
_13520_,10.38
_13613_,10.38
_15479_,10.38
_16568_,10.38
_16889_,10.38
_16914_,10.38
_16916_,10.38
_17204_,10.38
_18763_,10.38
_20296_,10.38
_20523_,10.38
_20702_,10.38
_22027_,10.38
_23757_,10.38
_24084_,10.38
_24087_,10.38
_27692_,10.38
_28282_,10.38
_28496_,10.38
_28510_,10.38
_32288_,10.38
_36816_,10.38
_38039_,10.38
_40338_,10.38
_40914_,10.38
_13695_,10.375
_31448_,10.37
_32979_,10.365
_00395_,10.36
_00621_,10.36
_01695_,10.36
_05285_,10.36
_05903_,10.36
_07738_,10.36
_09231_,10.36
_10690_,10.36
_14905_,10.36
_15907_,10.36
_16944_,10.36
_17564_,10.36
_18362_,10.36
_18566_,10.36
_19666_,10.36
_19693_,10.36
_20206_,10.36
_21713_,10.36
_21734_,10.36
_23226_,10.36
_23759_,10.36
_23953_,10.36
_26134_,10.36
_26401_,10.36
_26974_,10.36
_28503_,10.36
_28861_,10.36
_32264_,10.36
_32531_,10.36
_32753_,10.36
_34785_,10.36
_35325_,10.36
_35367_,10.36
_35449_,10.36
_36657_,10.36
_38135_,10.36
_39245_,10.36
_39269_,10.36
_39301_,10.36
_08974_,10.35
_39723_,10.35
_02419_,10.34
_02504_,10.34
_03035_,10.34
_07283_,10.34
_08190_,10.34
_10218_,10.34
_10856_,10.34
_13799_,10.34
_14564_,10.34
_16493_,10.34
_21779_,10.34
_21963_,10.34
_22214_,10.34
_23745_,10.34
_27073_,10.34
_27342_,10.34
_30651_,10.34
_33091_,10.34
_33648_,10.34
_34066_,10.34
_35426_,10.34
_35678_,10.34
_36246_,10.34
_37732_,10.34
_37886_,10.34
_41394_,10.34
_40884_,10.33
_02230_,10.32
_02590_,10.32
_03698_,10.32
_03720_,10.32
_05460_,10.32
_06697_,10.32
_08102_,10.32
_09395_,10.32
_11733_,10.32
_15259_,10.32
_15441_,10.32
_15827_,10.32
_17212_,10.32
_17316_,10.32
_17412_,10.32
_17943_,10.32
_18156_,10.32
_18525_,10.32
_19332_,10.32
_19392_,10.32
_20795_,10.32
_20804_,10.32
_21191_,10.32
_21569_,10.32
_21701_,10.32
_22100_,10.32
_22411_,10.32
_23692_,10.32
_25852_,10.32
_26658_,10.32
_26712_,10.32
_27051_,10.32
_28028_,10.32
_29703_,10.32
_29729_,10.32
_30561_,10.32
_30666_,10.32
_30742_,10.32
_32318_,10.32
_32420_,10.32
_32542_,10.32
_33532_,10.32
_33881_,10.32
_35885_,10.32
_35951_,10.32
_36783_,10.32
_39803_,10.32
_39967_,10.32
_40805_,10.32
_41180_,10.32
_02802_,10.31
_24400_,10.31
_00180_,10.3
_05603_,10.3
_06209_,10.3
_09022_,10.3
_09835_,10.3
_09871_,10.3
_10621_,10.3
_10648_,10.3
_12165_,10.3
_13708_,10.3
_15826_,10.3
_16381_,10.3
_16688_,10.3
_17207_,10.3
_17806_,10.3
_18369_,10.3
_19959_,10.3
_20187_,10.3
_20495_,10.3
_22672_,10.3
_23407_,10.3
_24643_,10.3
_27323_,10.3
_28488_,10.3
_29112_,10.3
_30510_,10.3
_31466_,10.3
_32096_,10.3
_35456_,10.3
_35732_,10.3
_35874_,10.3
_41186_,10.3
_42438_,10.3
_04654_,10.295
_12878_,10.295
_30029_,10.29
_00786_,10.28
_01075_,10.28
_01124_,10.28
_02007_,10.28
_03105_,10.28
_03419_,10.28
_03787_,10.28
_03857_,10.28
_04882_,10.28
_05727_,10.28
_06494_,10.28
_06891_,10.28
_07011_,10.28
_07248_,10.28
_08847_,10.28
_10225_,10.28
_10753_,10.28
_11904_,10.28
_14172_,10.28
_14442_,10.28
_15027_,10.28
_15047_,10.28
_15940_,10.28
_16179_,10.28
_16211_,10.28
_16387_,10.28
_16683_,10.28
_16981_,10.28
_17006_,10.28
_18246_,10.28
_19261_,10.28
_19618_,10.28
_24029_,10.28
_24146_,10.28
_24947_,10.28
_25965_,10.28
_26641_,10.28
_26824_,10.28
_27889_,10.28
_28975_,10.28
_29008_,10.28
_29146_,10.28
_30811_,10.28
_31067_,10.28
_31236_,10.28
_32550_,10.28
_34296_,10.28
_34399_,10.28
_35220_,10.28
_35281_,10.28
_35392_,10.28
_35563_,10.28
_35594_,10.28
_36752_,10.28
_38493_,10.28
_38614_,10.28
_40020_,10.28
_40469_,10.28
_40865_,10.28
_41464_,10.28
_42116_,10.28
_01544_,10.26
_02487_,10.26
_04165_,10.26
_04436_,10.26
_04825_,10.26
_05762_,10.26
_07098_,10.26
_07319_,10.26
_07719_,10.26
_09199_,10.26
_09617_,10.26
_10857_,10.26
_15435_,10.26
_15869_,10.26
_16141_,10.26
_16275_,10.26
_16710_,10.26
_17717_,10.26
_19846_,10.26
_21614_,10.26
_21896_,10.26
_23353_,10.26
_24564_,10.26
_26492_,10.26
_26919_,10.26
_28137_,10.26
_28294_,10.26
_28356_,10.26
_29014_,10.26
_30287_,10.26
_31580_,10.26
_34684_,10.26
_34725_,10.26
_36804_,10.26
_41496_,10.26
_41655_,10.26
_42205_,10.26
_42533_,10.26
_00470_,10.24
_00492_,10.24
_01259_,10.24
_01509_,10.24
_01681_,10.24
_02235_,10.24
_03529_,10.24
_04587_,10.24
_04716_,10.24
_07085_,10.24
_08093_,10.24
_09773_,10.24
_10994_,10.24
_13309_,10.24
_14123_,10.24
_14397_,10.24
_16848_,10.24
_17890_,10.24
_17944_,10.24
_19450_,10.24
_22384_,10.24
_22534_,10.24
_24147_,10.24
_24527_,10.24
_25939_,10.24
_26191_,10.24
_26801_,10.24
_27107_,10.24
_27111_,10.24
_27625_,10.24
_27807_,10.24
_28036_,10.24
_29105_,10.24
_29219_,10.24
_29644_,10.24
_29653_,10.24
_29844_,10.24
_31007_,10.24
_31177_,10.24
_31406_,10.24
_31800_,10.24
_32302_,10.24
_33191_,10.24
_35227_,10.24
_39591_,10.24
_39732_,10.24
_39966_,10.24
_41663_,10.24
_17352_,10.235
_13633_,10.23
_30944_,10.23
_34919_,10.23
_39836_,10.23
_00498_,10.22
_02929_,10.22
_04598_,10.22
_05173_,10.22
_08777_,10.22
_09149_,10.22
_13050_,10.22
_22870_,10.22
_23015_,10.22
_26063_,10.22
_34265_,10.22
_34464_,10.22
_34616_,10.22
_34846_,10.22
_34857_,10.22
_34959_,10.22
_36169_,10.22
_40141_,10.22
_41926_,10.22
_11579_,10.21
_30977_,10.21
_38754_,10.21
_01381_,10.2
_02346_,10.2
_03805_,10.2
_04141_,10.2
_04353_,10.2
_04359_,10.2
_05404_,10.2
_06386_,10.2
_06532_,10.2
_06625_,10.2
_07796_,10.2
_09916_,10.2
_10029_,10.2
_10593_,10.2
_12154_,10.2
_14014_,10.2
_14485_,10.2
_18758_,10.2
_19224_,10.2
_23065_,10.2
_23742_,10.2
_24062_,10.2
_27351_,10.2
_27789_,10.2
_28051_,10.2
_28278_,10.2
_29116_,10.2
_29551_,10.2
_31324_,10.2
_31408_,10.2
_32023_,10.2
_33821_,10.2
_34661_,10.2
_35912_,10.2
_38640_,10.2
_39149_,10.2
_39253_,10.2
_40179_,10.2
_40781_,10.2
_41500_,10.2
net374,10.2
_12706_,10.195
_29816_,10.185
_02925_,10.18
_05307_,10.18
_07672_,10.18
_07725_,10.18
_07780_,10.18
_08689_,10.18
_08990_,10.18
_09989_,10.18
_10974_,10.18
_11321_,10.18
_12649_,10.18
_13430_,10.18
_14179_,10.18
_16788_,10.18
_16947_,10.18
_17737_,10.18
_17765_,10.18
_18888_,10.18
_19766_,10.18
_20570_,10.18
_21536_,10.18
_21913_,10.18
_22220_,10.18
_22735_,10.18
_26432_,10.18
_26634_,10.18
_31374_,10.18
_32166_,10.18
_32810_,10.18
_32859_,10.18
_32999_,10.18
_33541_,10.18
_34771_,10.18
_41085_,10.18
_41225_,10.18
_41641_,10.18
_42535_,10.18
_40835_,10.175
_16168_,10.17
_24512_,10.17
_00261_,10.16
_00504_,10.16
_01250_,10.16
_03051_,10.16
_04327_,10.16
_05815_,10.16
_05955_,10.16
_06579_,10.16
_07005_,10.16
_07262_,10.16
_07500_,10.16
_09952_,10.16
_10120_,10.16
_10166_,10.16
_10784_,10.16
_11151_,10.16
_12195_,10.16
_12236_,10.16
_13874_,10.16
_14035_,10.16
_17283_,10.16
_19204_,10.16
_19288_,10.16
_19301_,10.16
_19483_,10.16
_21704_,10.16
_22236_,10.16
_22908_,10.16
_22969_,10.16
_23068_,10.16
_23256_,10.16
_27097_,10.16
_27380_,10.16
_27886_,10.16
_27892_,10.16
_28727_,10.16
_29231_,10.16
_29332_,10.16
_29507_,10.16
_30284_,10.16
_32780_,10.16
_35454_,10.16
_35546_,10.16
_36505_,10.16
_38040_,10.16
_38606_,10.16
_38653_,10.16
_40346_,10.16
_40554_,10.16
_40574_,10.16
_40663_,10.16
_40793_,10.16
_41342_,10.16
_14476_,10.15
_00543_,10.14
_07075_,10.14
_15344_,10.14
_16229_,10.14
_16336_,10.14
_17985_,10.14
_20434_,10.14
_20581_,10.14
_27201_,10.14
_28723_,10.14
_30530_,10.14
_33130_,10.14
_35041_,10.14
_36894_,10.14
_38761_,10.14
_39709_,10.14
_22608_,10.13
_29342_,10.13
_00528_,10.12
_03504_,10.12
_04673_,10.12
_06623_,10.12
_07427_,10.12
_10193_,10.12
_11953_,10.12
_15674_,10.12
_17856_,10.12
_22704_,10.12
_23359_,10.12
_23482_,10.12
_23856_,10.12
_24871_,10.12
_27755_,10.12
_29161_,10.12
_29318_,10.12
_32929_,10.12
_34850_,10.12
_37232_,10.12
_39622_,10.12
_41637_,10.12
_17724_,10.115
_19963_,10.11
_20740_,10.11
_33522_,10.11
_35271_,10.11
load_twiddle_addr[0],10.11
_00361_,10.1
_09638_,10.1
_10719_,10.1
_10933_,10.1
_12026_,10.1
_13012_,10.1
_17003_,10.1
_19290_,10.1
_30471_,10.1
_34870_,10.1
_36435_,10.1
_36920_,10.1
_42245_,10.1
_35559_,10.09
_00656_,10.08
_01017_,10.08
_01584_,10.08
_01587_,10.08
_04744_,10.08
_05552_,10.08
_05787_,10.08
_07523_,10.08
_08075_,10.08
_08210_,10.08
_08876_,10.08
_09535_,10.08
_09872_,10.08
_10198_,10.08
_10470_,10.08
_10600_,10.08
_12399_,10.08
_13136_,10.08
_13394_,10.08
_14687_,10.08
_17036_,10.08
_17231_,10.08
_17670_,10.08
_18500_,10.08
_18946_,10.08
_19629_,10.08
_19663_,10.08
_19734_,10.08
_21085_,10.08
_21354_,10.08
_24508_,10.08
_26269_,10.08
_26453_,10.08
_26832_,10.08
_27010_,10.08
_27101_,10.08
_28274_,10.08
_29248_,10.08
_29455_,10.08
_30155_,10.08
_30295_,10.08
_31200_,10.08
_32372_,10.08
_33971_,10.08
_34512_,10.08
_35860_,10.08
_36446_,10.08
_37299_,10.08
_38231_,10.08
_39445_,10.08
_41958_,10.08
_39931_,10.075
_42079_,10.065
_00033_,10.06
_00060_,10.06
_00356_,10.06
_01704_,10.06
_05308_,10.06
_05517_,10.06
_05645_,10.06
_07157_,10.06
_08218_,10.06
_08329_,10.06
_09812_,10.06
_11639_,10.06
_13870_,10.06
_14513_,10.06
_20116_,10.06
_20699_,10.06
_27170_,10.06
_27408_,10.06
_28844_,10.06
_29339_,10.06
_30199_,10.06
_30971_,10.06
_34446_,10.06
_37073_,10.06
_33650_,10.055
_01167_,10.04
_01313_,10.04
_03002_,10.04
_03647_,10.04
_04000_,10.04
_04440_,10.04
_04576_,10.04
_04749_,10.04
_05940_,10.04
_07616_,10.04
_07668_,10.04
_08353_,10.04
_09160_,10.04
_09287_,10.04
_10073_,10.04
_10117_,10.04
_10358_,10.04
_10457_,10.04
_10776_,10.04
_11166_,10.04
_11390_,10.04
_13682_,10.04
_14491_,10.04
_14609_,10.04
_14884_,10.04
_15581_,10.04
_15950_,10.04
_16282_,10.04
_16987_,10.04
_17233_,10.04
_17324_,10.04
_17941_,10.04
_17946_,10.04
_18274_,10.04
_18327_,10.04
_18532_,10.04
_18632_,10.04
_18881_,10.04
_19002_,10.04
_20095_,10.04
_21216_,10.04
_21692_,10.04
_22185_,10.04
_22400_,10.04
_24672_,10.04
_25468_,10.04
_26998_,10.04
_27143_,10.04
_27287_,10.04
_27887_,10.04
_28650_,10.04
_28812_,10.04
_29637_,10.04
_31522_,10.04
_31756_,10.04
_31807_,10.04
_32886_,10.04
_33462_,10.04
_34652_,10.04
_34722_,10.04
_35476_,10.04
_36457_,10.04
_37048_,10.04
_37530_,10.04
_37963_,10.04
_38069_,10.04
_38868_,10.04
_39216_,10.04
_39405_,10.04
_39712_,10.04
_39767_,10.04
_41440_,10.04
_10820_,10.03
_11824_,10.03
_00120_,10.02
_00700_,10.02
_04367_,10.02
_07469_,10.02
_08854_,10.02
_16294_,10.02
_18310_,10.02
_19133_,10.02
_21645_,10.02
_23245_,10.02
_26790_,10.02
_29735_,10.02
_31715_,10.02
_31928_,10.02
_33798_,10.02
_39455_,10.02
_40538_,10.02
_41829_,10.015
_18151_,10.005
_01967_,10
_03567_,10
_03615_,10
_05550_,10
_07508_,10
_13229_,10
_14050_,10
_14057_,10
_15749_,10
_16088_,10
_18085_,10
_20011_,10
_21508_,10
_23338_,10
_24906_,10
_26231_,10
_26551_,10
_29354_,10
_30106_,10
_33647_,10
_34119_,10
_36350_,10
_37548_,10
_38212_,10
_40965_,10
_41096_,10
_41397_,10
_42436_,10
net272,10
_19505_,9.995
_12441_,9.99
_27976_,9.99
_00024_,9.98
_00556_,9.98
_01349_,9.98
_01412_,9.98
_07546_,9.98
_08118_,9.98
_08650_,9.98
_08894_,9.98
_11208_,9.98
_13675_,9.98
_14175_,9.98
_16291_,9.98
_16560_,9.98
_18559_,9.98
_22355_,9.98
_23569_,9.98
_25227_,9.98
_27104_,9.98
_28418_,9.98
_30134_,9.98
_31263_,9.98
_32451_,9.98
_33616_,9.98
_03136_,9.97
_27509_,9.97
_01073_,9.96
_03264_,9.96
_04081_,9.96
_05201_,9.96
_05426_,9.96
_06444_,9.96
_06590_,9.96
_06644_,9.96
_08712_,9.96
_08817_,9.96
_09036_,9.96
_09973_,9.96
_10006_,9.96
_11960_,9.96
_12312_,9.96
_12313_,9.96
_12626_,9.96
_12643_,9.96
_13376_,9.96
_13566_,9.96
_14616_,9.96
_15116_,9.96
_15130_,9.96
_15679_,9.96
_15934_,9.96
_16278_,9.96
_16588_,9.96
_17198_,9.96
_17267_,9.96
_17630_,9.96
_19281_,9.96
_19499_,9.96
_21978_,9.96
_22204_,9.96
_22233_,9.96
_22590_,9.96
_23053_,9.96
_23459_,9.96
_23487_,9.96
_26020_,9.96
_26404_,9.96
_26545_,9.96
_27642_,9.96
_28838_,9.96
_28873_,9.96
_29467_,9.96
_29648_,9.96
_30559_,9.96
_31782_,9.96
_32011_,9.96
_33335_,9.96
_34563_,9.96
_34625_,9.96
_34678_,9.96
_36586_,9.96
_36843_,9.96
_38005_,9.96
_41376_,9.96
_41482_,9.96
_41920_,9.96
_42122_,9.96
_01304_,9.955
_03850_,9.955
_09139_,9.955
_00306_,9.94
_01082_,9.94
_01398_,9.94
_03544_,9.94
_07955_,9.94
_08701_,9.94
_09460_,9.94
_09631_,9.94
_09951_,9.94
_10692_,9.94
_11186_,9.94
_11189_,9.94
_11474_,9.94
_12188_,9.94
_13038_,9.94
_13332_,9.94
_14651_,9.94
_14870_,9.94
_15885_,9.94
_16047_,9.94
_16287_,9.94
_16424_,9.94
_16562_,9.94
_17020_,9.94
_17908_,9.94
_17970_,9.94
_20283_,9.94
_20453_,9.94
_21164_,9.94
_22487_,9.94
_22495_,9.94
_22609_,9.94
_24637_,9.94
_24855_,9.94
_25083_,9.94
_27085_,9.94
_27824_,9.94
_28121_,9.94
_28473_,9.94
_28632_,9.94
_29613_,9.94
_29876_,9.94
_29948_,9.94
_30446_,9.94
_30614_,9.94
_35515_,9.94
_35662_,9.94
_35693_,9.94
_35989_,9.94
_36265_,9.94
_38422_,9.94
_38599_,9.94
_38792_,9.94
_39402_,9.94
_39537_,9.94
_40263_,9.94
_40556_,9.94
_40615_,9.94
_41339_,9.94
_26473_,9.935
_40249_,9.935
_03268_,9.93
_00421_,9.92
_00454_,9.92
_00868_,9.92
_01397_,9.92
_03300_,9.92
_03834_,9.92
_05020_,9.92
_09417_,9.92
_09477_,9.92
_11874_,9.92
_12131_,9.92
_12264_,9.92
_12538_,9.92
_13191_,9.92
_13317_,9.92
_14378_,9.92
_15670_,9.92
_16329_,9.92
_20665_,9.92
_22303_,9.92
_22473_,9.92
_25553_,9.92
_26263_,9.92
_28629_,9.92
_30741_,9.92
_33064_,9.92
_33248_,9.92
_38867_,9.92
_39499_,9.92
_41220_,9.92
_11216_,9.91
_22864_,9.91
_23420_,9.91
_25789_,9.91
_00576_,9.9
_01481_,9.9
_01999_,9.9
_04745_,9.9
_05484_,9.9
_05674_,9.9
_06914_,9.9
_07579_,9.9
_08183_,9.9
_13969_,9.9
_14400_,9.9
_14479_,9.9
_15028_,9.9
_15428_,9.9
_16473_,9.9
_17130_,9.9
_18352_,9.9
_19819_,9.9
_20697_,9.9
_23094_,9.9
_27266_,9.9
_28238_,9.9
_28415_,9.9
_29381_,9.9
_33190_,9.9
_33969_,9.9
_37943_,9.9
_38616_,9.9
_39805_,9.9
_39965_,9.9
_03627_,9.89
_32229_,9.89
load_data[26],9.89
_02338_,9.88
_02394_,9.88
_03593_,9.88
_06430_,9.88
_08448_,9.88
_08843_,9.88
_11616_,9.88
_15138_,9.88
_25416_,9.88
_26731_,9.88
_28685_,9.88
_31142_,9.88
_38586_,9.88
_41166_,9.88
_41917_,9.88
stage8_inst.in3\[20\],9.88
_25144_,9.87
_34538_,9.87
_34593_,9.87
_38830_,9.87
_04433_,9.865
_23899_,9.865
_00900_,9.86
_01996_,9.86
_02792_,9.86
_03055_,9.86
_03685_,9.86
_03957_,9.86
_04220_,9.86
_06217_,9.86
_07491_,9.86
_07503_,9.86
_08538_,9.86
_09024_,9.86
_11039_,9.86
_11374_,9.86
_11985_,9.86
_12561_,9.86
_13135_,9.86
_14847_,9.86
_15722_,9.86
_17936_,9.86
_17990_,9.86
_18084_,9.86
_18249_,9.86
_18332_,9.86
_18948_,9.86
_19684_,9.86
_21505_,9.86
_23080_,9.86
_26110_,9.86
_27209_,9.86
_27792_,9.86
_28511_,9.86
_28833_,9.86
_29129_,9.86
_29770_,9.86
_30292_,9.86
_30661_,9.86
_31151_,9.86
_31389_,9.86
_32593_,9.86
_39879_,9.86
_39946_,9.86
_42449_,9.86
_12431_,9.85
_12445_,9.85
_12548_,9.85
_33096_,9.85
_00358_,9.84
_02386_,9.84
_04648_,9.84
_05393_,9.84
_07105_,9.84
_08819_,9.84
_09651_,9.84
_10520_,9.84
_10738_,9.84
_11073_,9.84
_11619_,9.84
_12050_,9.84
_12206_,9.84
_12584_,9.84
_13509_,9.84
_15165_,9.84
_16695_,9.84
_16953_,9.84
_17617_,9.84
_19480_,9.84
_24705_,9.84
_25879_,9.84
_26296_,9.84
_26947_,9.84
_28591_,9.84
_29569_,9.84
_30084_,9.84
_30368_,9.84
_30820_,9.84
_33302_,9.84
_33880_,9.84
_36824_,9.84
_37592_,9.84
_38167_,9.84
_39848_,9.84
_41786_,9.84
_42396_,9.84
_20203_,9.83
_39070_,9.83
_38352_,9.825
_01512_,9.82
_01697_,9.82
_02288_,9.82
_02468_,9.82
_02909_,9.82
_03628_,9.82
_03775_,9.82
_04265_,9.82
_06909_,9.82
_07053_,9.82
_07757_,9.82
_08447_,9.82
_08829_,9.82
_08907_,9.82
_09519_,9.82
_10570_,9.82
_10925_,9.82
_10980_,9.82
_11111_,9.82
_11325_,9.82
_11471_,9.82
_11541_,9.82
_11718_,9.82
_12488_,9.82
_13028_,9.82
_13474_,9.82
_14109_,9.82
_15117_,9.82
_15176_,9.82
_15561_,9.82
_16751_,9.82
_16779_,9.82
_17397_,9.82
_17488_,9.82
_18160_,9.82
_18555_,9.82
_18610_,9.82
_19593_,9.82
_19872_,9.82
_20113_,9.82
_20436_,9.82
_20766_,9.82
_21411_,9.82
_22928_,9.82
_23798_,9.82
_24242_,9.82
_24538_,9.82
_24671_,9.82
_25571_,9.82
_25706_,9.82
_25775_,9.82
_26480_,9.82
_26632_,9.82
_26847_,9.82
_27041_,9.82
_27071_,9.82
_27179_,9.82
_27574_,9.82
_27658_,9.82
_28424_,9.82
_28882_,9.82
_28908_,9.82
_29350_,9.82
_29926_,9.82
_31090_,9.82
_31407_,9.82
_31864_,9.82
_31936_,9.82
_31942_,9.82
_34020_,9.82
_34374_,9.82
_34950_,9.82
_35111_,9.82
_35226_,9.82
_35477_,9.82
_35550_,9.82
_36378_,9.82
_36424_,9.82
_38282_,9.82
_38626_,9.82
_39115_,9.82
_39128_,9.82
_39524_,9.82
_40089_,9.82
_40250_,9.82
_40328_,9.82
_40412_,9.82
_40751_,9.82
_40816_,9.82
_41270_,9.82
_41434_,9.82
_41475_,9.82
_41687_,9.82
_40447_,9.815
_22861_,9.81
_00515_,9.8
_00626_,9.8
_02531_,9.8
_03958_,9.8
_04663_,9.8
_13865_,9.8
_14477_,9.8
_16448_,9.8
_16734_,9.8
_16974_,9.8
_20537_,9.8
_21584_,9.8
_23776_,9.8
_25034_,9.8
_29123_,9.8
_30041_,9.8
_30406_,9.8
_31810_,9.8
_31834_,9.8
_32689_,9.8
_33086_,9.8
_34485_,9.8
_34873_,9.8
_34956_,9.8
_35074_,9.8
_35486_,9.8
_35720_,9.8
_36152_,9.8
_37315_,9.8
_38791_,9.8
_39721_,9.8
_40237_,9.8
_40243_,9.8
_42477_,9.8
_09425_,9.795
_20341_,9.785
_00469_,9.78
_01046_,9.78
_01214_,9.78
_01890_,9.78
_05208_,9.78
_05866_,9.78
_05928_,9.78
_06051_,9.78
_06137_,9.78
_07548_,9.78
_07884_,9.78
_07899_,9.78
_08719_,9.78
_09584_,9.78
_10081_,9.78
_10747_,9.78
_11703_,9.78
_12794_,9.78
_14439_,9.78
_14574_,9.78
_15939_,9.78
_19080_,9.78
_19917_,9.78
_20416_,9.78
_22288_,9.78
_22683_,9.78
_23221_,9.78
_24772_,9.78
_24823_,9.78
_25085_,9.78
_25169_,9.78
_28969_,9.78
_30658_,9.78
_35394_,9.78
_35982_,9.78
_37261_,9.78
_37498_,9.78
_40610_,9.78
_29110_,9.775
load_data[3],9.77
read_addr[2],9.77
_04075_,9.76
_04225_,9.76
_04697_,9.76
_04855_,9.76
_06773_,9.76
_09615_,9.76
_10020_,9.76
_10165_,9.76
_13622_,9.76
_14684_,9.76
_15883_,9.76
_16162_,9.76
_21723_,9.76
_22329_,9.76
_25570_,9.76
_27630_,9.76
_38484_,9.76
_34605_,9.755
_29581_,9.75
_28660_,9.745
_29034_,9.745
_03060_,9.74
_03120_,9.74
_03675_,9.74
_04119_,9.74
_04701_,9.74
_06346_,9.74
_07526_,9.74
_08156_,9.74
_08426_,9.74
_09523_,9.74
_09572_,9.74
_10578_,9.74
_11191_,9.74
_11969_,9.74
_12103_,9.74
_12502_,9.74
_12697_,9.74
_13441_,9.74
_13895_,9.74
_14480_,9.74
_14928_,9.74
_14976_,9.74
_15675_,9.74
_16801_,9.74
_17934_,9.74
_18011_,9.74
_18675_,9.74
_19596_,9.74
_19822_,9.74
_20121_,9.74
_20910_,9.74
_24079_,9.74
_25957_,9.74
_25998_,9.74
_26093_,9.74
_26457_,9.74
_27036_,9.74
_28216_,9.74
_28532_,9.74
_29661_,9.74
_30158_,9.74
_34301_,9.74
_35447_,9.74
_35825_,9.74
_16673_,9.735
_20929_,9.735
_32483_,9.735
_10546_,9.73
_30774_,9.73
_40619_,9.73
_41613_,9.73
_03730_,9.72
_05048_,9.72
_08079_,9.72
_09982_,9.72
_10097_,9.72
_12966_,9.72
_14046_,9.72
_14924_,9.72
_15360_,9.72
_15400_,9.72
_15539_,9.72
_16189_,9.72
_17165_,9.72
_17998_,9.72
_18896_,9.72
_19309_,9.72
_20007_,9.72
_22125_,9.72
_22297_,9.72
_22641_,9.72
_22952_,9.72
_25684_,9.72
_25930_,9.72
_26631_,9.72
_28919_,9.72
_29349_,9.72
_29408_,9.72
_29649_,9.72
_30171_,9.72
_31237_,9.72
_31908_,9.72
_32933_,9.72
_34017_,9.72
_34094_,9.72
_34655_,9.72
_39055_,9.72
_40923_,9.72
_40955_,9.72
_41898_,9.72
_41979_,9.72
_42474_,9.72
_27748_,9.715
_09143_,9.71
_38508_,9.71
_00637_,9.7
_00927_,9.7
_01649_,9.7
_03201_,9.7
_03530_,9.7
_03714_,9.7
_05548_,9.7
_05602_,9.7
_07813_,9.7
_08672_,9.7
_09301_,9.7
_10004_,9.7
_10492_,9.7
_12491_,9.7
_13125_,9.7
_13686_,9.7
_14021_,9.7
_14689_,9.7
_15372_,9.7
_15569_,9.7
_15734_,9.7
_17197_,9.7
_17714_,9.7
_17819_,9.7
_18113_,9.7
_19093_,9.7
_19648_,9.7
_20202_,9.7
_23578_,9.7
_25635_,9.7
_26786_,9.7
_28108_,9.7
_29478_,9.7
_29710_,9.7
_30109_,9.7
_30870_,9.7
_30879_,9.7
_30927_,9.7
_30998_,9.7
_31293_,9.7
_31681_,9.7
_34643_,9.7
_36083_,9.7
_37763_,9.7
_38174_,9.7
_38514_,9.7
_38844_,9.7
_39369_,9.7
_40226_,9.7
_06540_,9.695
_04462_,9.69
_05527_,9.68
_06226_,9.68
_08002_,9.68
_08084_,9.68
_09645_,9.68
_13029_,9.68
_16622_,9.68
_17458_,9.68
_22243_,9.68
_22581_,9.68
_23886_,9.68
_25500_,9.68
_28357_,9.68
_29033_,9.68
_30038_,9.68
_35241_,9.68
_36069_,9.68
_37747_,9.68
_40817_,9.68
_41599_,9.68
_15642_,9.675
_34942_,9.675
_00672_,9.67
_08200_,9.67
_21305_,9.67
_01767_,9.66
_02770_,9.66
_04773_,9.66
_05525_,9.66
_07335_,9.66
_08094_,9.66
_08963_,9.66
_09486_,9.66
_11673_,9.66
_11723_,9.66
_16943_,9.66
_18726_,9.66
_19688_,9.66
_22296_,9.66
_23123_,9.66
_23367_,9.66
_23602_,9.66
_25796_,9.66
_26448_,9.66
_27499_,9.66
_28259_,9.66
_28623_,9.66
_29425_,9.66
_30096_,9.66
_32627_,9.66
_37833_,9.66
_39812_,9.66
_01103_,9.65
_08521_,9.64
_08638_,9.64
_11443_,9.64
_15705_,9.64
_17135_,9.64
_19553_,9.64
_20299_,9.64
_21123_,9.64
_23156_,9.64
_24926_,9.64
_30493_,9.64
_40357_,9.64
_42403_,9.64
load_twiddle[3],9.64
_12425_,9.63
_17291_,9.63
_02318_,9.62
_02621_,9.62
_03029_,9.62
_03378_,9.62
_04688_,9.62
_05081_,9.62
_07835_,9.62
_07841_,9.62
_14458_,9.62
_14531_,9.62
_14621_,9.62
_14748_,9.62
_16451_,9.62
_18561_,9.62
_19102_,9.62
_19319_,9.62
_19594_,9.62
_20681_,9.62
_20695_,9.62
_20863_,9.62
_22606_,9.62
_24180_,9.62
_24998_,9.62
_25421_,9.62
_25744_,9.62
_28759_,9.62
_30960_,9.62
_31099_,9.62
_32311_,9.62
_32773_,9.62
_34400_,9.62
_35357_,9.62
_35465_,9.62
_37406_,9.62
_37562_,9.62
_39890_,9.62
_40487_,9.62
_40976_,9.62
_41126_,9.62
_41460_,9.62
net186,9.62
_31618_,9.615
_21324_,9.61
_30838_,9.61
_01300_,9.6
_02869_,9.6
_03205_,9.6
_03553_,9.6
_03736_,9.6
_04383_,9.6
_05387_,9.6
_06439_,9.6
_06611_,9.6
_08225_,9.6
_09288_,9.6
_09818_,9.6
_12620_,9.6
_14166_,9.6
_14576_,9.6
_14646_,9.6
_15949_,9.6
_16304_,9.6
_17733_,9.6
_20496_,9.6
_20557_,9.6
_20979_,9.6
_23032_,9.6
_26364_,9.6
_27455_,9.6
_28596_,9.6
_29225_,9.6
_31971_,9.6
_33990_,9.6
_17279_,9.595
_17928_,9.595
_21465_,9.595
_39773_,9.595
_32829_,9.59
_02868_,9.585
_00630_,9.58
_01149_,9.58
_01825_,9.58
_02950_,9.58
_03214_,9.58
_03383_,9.58
_03434_,9.58
_03724_,9.58
_04002_,9.58
_04317_,9.58
_05299_,9.58
_06669_,9.58
_06720_,9.58
_06994_,9.58
_07093_,9.58
_07652_,9.58
_08259_,9.58
_09265_,9.58
_10229_,9.58
_10442_,9.58
_11224_,9.58
_11306_,9.58
_12101_,9.58
_13004_,9.58
_14731_,9.58
_16487_,9.58
_16533_,9.58
_16651_,9.58
_16933_,9.58
_17543_,9.58
_17663_,9.58
_18345_,9.58
_18580_,9.58
_18663_,9.58
_19400_,9.58
_21250_,9.58
_22646_,9.58
_22729_,9.58
_22754_,9.58
_23228_,9.58
_23584_,9.58
_23696_,9.58
_25825_,9.58
_27413_,9.58
_29476_,9.58
_29758_,9.58
_29766_,9.58
_29869_,9.58
_34584_,9.58
_34611_,9.58
_35235_,9.58
_35354_,9.58
_37006_,9.58
_37540_,9.58
_37653_,9.58
_38943_,9.58
_39665_,9.58
_09129_,9.575
_30408_,9.575
_31051_,9.575
_25397_,9.57
_00640_,9.56
_14125_,9.56
_18263_,9.56
_25235_,9.56
_27222_,9.56
_31757_,9.56
_32389_,9.56
_34953_,9.56
_35849_,9.56
_37565_,9.56
_39958_,9.56
_41809_,9.56
_00210_,9.54
_03004_,9.54
_09046_,9.54
_09659_,9.54
_09913_,9.54
_12065_,9.54
_13677_,9.54
_14650_,9.54
_14685_,9.54
_18865_,9.54
_21977_,9.54
_24729_,9.54
_24918_,9.54
_24931_,9.54
_25822_,9.54
_26949_,9.54
_27951_,9.54
_29454_,9.54
_31042_,9.54
_33202_,9.54
_36792_,9.54
_37497_,9.54
_41423_,9.54
_41505_,9.54
_42247_,9.54
_19437_,9.535
_08109_,9.53
_00278_,9.52
_00333_,9.52
_00539_,9.52
_02355_,9.52
_03249_,9.52
_04427_,9.52
_06415_,9.52
_06571_,9.52
_07697_,9.52
_09455_,9.52
_10013_,9.52
_11279_,9.52
_12619_,9.52
_14251_,9.52
_17783_,9.52
_18269_,9.52
_18306_,9.52
_20628_,9.52
_20669_,9.52
_21192_,9.52
_21471_,9.52
_23140_,9.52
_23905_,9.52
_26048_,9.52
_29435_,9.52
_29556_,9.52
_29571_,9.52
_30173_,9.52
_32849_,9.52
_33352_,9.52
_33490_,9.52
_34660_,9.52
_35088_,9.52
_35250_,9.52
_36281_,9.52
_36885_,9.52
_39029_,9.52
_39863_,9.52
_39987_,9.52
_40575_,9.52
_41045_,9.52
_42359_,9.52
_08204_,9.51
_21258_,9.51
_00564_,9.5
_00826_,9.5
_01990_,9.5
_02087_,9.5
_05051_,9.5
_05289_,9.5
_08057_,9.5
_08349_,9.5
_09345_,9.5
_09831_,9.5
_09940_,9.5
_10099_,9.5
_10362_,9.5
_10433_,9.5
_11012_,9.5
_11332_,9.5
_11399_,9.5
_11569_,9.5
_11762_,9.5
_12171_,9.5
_12180_,9.5
_14770_,9.5
_15420_,9.5
_15700_,9.5
_17059_,9.5
_17196_,9.5
_18061_,9.5
_19289_,9.5
_19385_,9.5
_19700_,9.5
_19764_,9.5
_19921_,9.5
_20471_,9.5
_20860_,9.5
_20990_,9.5
_21036_,9.5
_21538_,9.5
_22119_,9.5
_22653_,9.5
_25147_,9.5
_25859_,9.5
_26972_,9.5
_26987_,9.5
_27212_,9.5
_27213_,9.5
_27274_,9.5
_27587_,9.5
_30053_,9.5
_31064_,9.5
_32108_,9.5
_32664_,9.5
_34523_,9.5
_34809_,9.5
_34974_,9.5
_35721_,9.5
_36322_,9.5
_36441_,9.5
_36639_,9.5
_39860_,9.5
_40322_,9.5
_40640_,9.5
_41656_,9.5
_42161_,9.5
_42459_,9.5
_25703_,9.495
_04105_,9.49
_05359_,9.49
_35335_,9.49
_38601_,9.485
_00795_,9.48
_01368_,9.48
_01411_,9.48
_01434_,9.48
_02598_,9.48
_02817_,9.48
_03052_,9.48
_05585_,9.48
_05698_,9.48
_05731_,9.48
_05937_,9.48
_06329_,9.48
_07543_,9.48
_07948_,9.48
_07983_,9.48
_08469_,9.48
_10832_,9.48
_11023_,9.48
_11337_,9.48
_12048_,9.48
_12166_,9.48
_12375_,9.48
_12477_,9.48
_13182_,9.48
_14071_,9.48
_17000_,9.48
_17106_,9.48
_17122_,9.48
_17401_,9.48
_20812_,9.48
_20930_,9.48
_21059_,9.48
_21999_,9.48
_22136_,9.48
_22163_,9.48
_22216_,9.48
_22898_,9.48
_23414_,9.48
_23610_,9.48
_25076_,9.48
_25704_,9.48
_26923_,9.48
_27899_,9.48
_28860_,9.48
_30620_,9.48
_30681_,9.48
_30721_,9.48
_31741_,9.48
_31766_,9.48
_31875_,9.48
_33949_,9.48
_34005_,9.48
_34345_,9.48
_34878_,9.48
_34949_,9.48
_35261_,9.48
_35395_,9.48
_37916_,9.48
_38445_,9.48
_39785_,9.48
_39912_,9.48
_40359_,9.48
_40652_,9.48
_41209_,9.48
_41293_,9.48
_41512_,9.48
_42076_,9.48
net189,9.48
_17306_,9.47
_01838_,9.46
_03636_,9.46
_04343_,9.46
_07549_,9.46
_08769_,9.46
_08886_,9.46
_09241_,9.46
_09905_,9.46
_11338_,9.46
_11375_,9.46
_11645_,9.46
_11908_,9.46
_13508_,9.46
_14500_,9.46
_15763_,9.46
_16819_,9.46
_17272_,9.46
_17474_,9.46
_17752_,9.46
_21567_,9.46
_23791_,9.46
_27299_,9.46
_27791_,9.46
_27821_,9.46
_30226_,9.46
_32227_,9.46
_32252_,9.46
_35158_,9.46
_39013_,9.46
_40280_,9.46
_41019_,9.46
_41945_,9.46
_42058_,9.46
_01748_,9.455
_37683_,9.45
_39727_,9.45
_40277_,9.45
_00015_,9.44
_01201_,9.44
_03591_,9.44
_03951_,9.44
_05490_,9.44
_05986_,9.44
_11754_,9.44
_13388_,9.44
_14237_,9.44
_15605_,9.44
_16770_,9.44
_18614_,9.44
_20057_,9.44
_20779_,9.44
_21091_,9.44
_21489_,9.44
_21513_,9.44
_22165_,9.44
_24764_,9.44
_25587_,9.44
_25757_,9.44
_25928_,9.44
_27674_,9.44
_27997_,9.44
_28378_,9.44
_29719_,9.44
_29765_,9.44
_31040_,9.44
_31744_,9.44
_35971_,9.44
_36291_,9.44
_36647_,9.44
_37843_,9.44
_39307_,9.44
_40173_,9.44
_41802_,9.44
_08390_,9.43
load_data_addr[0],9.43
_01140_,9.42
_06326_,9.42
_07426_,9.42
_08452_,9.42
_08486_,9.42
_09245_,9.42
_09527_,9.42
_12887_,9.42
_12912_,9.42
_15159_,9.42
_15537_,9.42
_16174_,9.42
_22227_,9.42
_24328_,9.42
_25060_,9.42
_25496_,9.42
_25565_,9.42
_28529_,9.42
_29696_,9.42
_31124_,9.42
_32965_,9.42
_33836_,9.42
_34509_,9.42
_35103_,9.42
_36251_,9.42
_36616_,9.42
_38038_,9.42
_38086_,9.42
_20499_,9.41
_21430_,9.41
_00388_,9.4
_02210_,9.4
_03717_,9.4
_04129_,9.4
_04285_,9.4
_04866_,9.4
_05392_,9.4
_05659_,9.4
_06020_,9.4
_07830_,9.4
_08567_,9.4
_08957_,9.4
_09528_,9.4
_10176_,9.4
_10383_,9.4
_10821_,9.4
_10853_,9.4
_11047_,9.4
_11257_,9.4
_11268_,9.4
_11684_,9.4
_11845_,9.4
_12049_,9.4
_12596_,9.4
_13378_,9.4
_14377_,9.4
_14663_,9.4
_15002_,9.4
_16417_,9.4
_16452_,9.4
_16924_,9.4
_17599_,9.4
_17776_,9.4
_17923_,9.4
_18810_,9.4
_19324_,9.4
_20047_,9.4
_20578_,9.4
_23345_,9.4
_24907_,9.4
_27520_,9.4
_27619_,9.4
_27684_,9.4
_27814_,9.4
_29741_,9.4
_30043_,9.4
_30259_,9.4
_30497_,9.4
_32510_,9.4
_34115_,9.4
_34839_,9.4
_35776_,9.4
_36196_,9.4
_36718_,9.4
_37671_,9.4
_38666_,9.4
_39493_,9.4
_41112_,9.4
_41617_,9.4
_42310_,9.4
_21587_,9.395
_27016_,9.395
_20232_,9.39
_22471_,9.39
_03124_,9.385
_01425_,9.38
_02891_,9.38
_04596_,9.38
_07215_,9.38
_09419_,9.38
_09662_,9.38
_10169_,9.38
_11169_,9.38
_12291_,9.38
_12711_,9.38
_13126_,9.38
_15040_,9.38
_15988_,9.38
_16415_,9.38
_16823_,9.38
_19062_,9.38
_19125_,9.38
_20239_,9.38
_21446_,9.38
_22463_,9.38
_22800_,9.38
_24811_,9.38
_25838_,9.38
_25997_,9.38
_27186_,9.38
_27418_,9.38
_28149_,9.38
_28705_,9.38
_29640_,9.38
_30616_,9.38
_31164_,9.38
_32546_,9.38
_33970_,9.38
_34209_,9.38
_34420_,9.38
_37455_,9.38
_37468_,9.38
_37777_,9.38
_38008_,9.38
_39663_,9.38
_39857_,9.38
_40354_,9.38
_40903_,9.38
_15905_,9.375
_32094_,9.375
_41778_,9.375
_33653_,9.37
_01025_,9.36
_01042_,9.36
_01174_,9.36
_01861_,9.36
_02856_,9.36
_04780_,9.36
_05156_,9.36
_05407_,9.36
_05556_,9.36
_05688_,9.36
_05744_,9.36
_05745_,9.36
_06449_,9.36
_07473_,9.36
_07527_,9.36
_07678_,9.36
_08574_,9.36
_09222_,9.36
_09961_,9.36
_10861_,9.36
_11836_,9.36
_11978_,9.36
_12455_,9.36
_12515_,9.36
_12852_,9.36
_13117_,9.36
_13328_,9.36
_13789_,9.36
_14101_,9.36
_14161_,9.36
_14587_,9.36
_15707_,9.36
_15830_,9.36
_16207_,9.36
_16230_,9.36
_16331_,9.36
_16333_,9.36
_16866_,9.36
_17325_,9.36
_17676_,9.36
_18101_,9.36
_18651_,9.36
_18700_,9.36
_18790_,9.36
_19035_,9.36
_19525_,9.36
_20312_,9.36
_20785_,9.36
_21196_,9.36
_21883_,9.36
_21892_,9.36
_22422_,9.36
_22859_,9.36
_22980_,9.36
_23297_,9.36
_23561_,9.36
_23594_,9.36
_23616_,9.36
_24001_,9.36
_25137_,9.36
_26744_,9.36
_27050_,9.36
_27476_,9.36
_28114_,9.36
_28183_,9.36
_28590_,9.36
_28878_,9.36
_28909_,9.36
_29538_,9.36
_29587_,9.36
_29698_,9.36
_29826_,9.36
_30621_,9.36
_31105_,9.36
_31267_,9.36
_32604_,9.36
_32808_,9.36
_34600_,9.36
_35112_,9.36
_35715_,9.36
_36915_,9.36
_38621_,9.36
_38722_,9.36
_38765_,9.36
_38983_,9.36
_39777_,9.36
_40495_,9.36
_40889_,9.36
_41472_,9.36
_42155_,9.36
_42481_,9.36
_04732_,9.355
_16766_,9.355
_41858_,9.345
_00405_,9.34
_01870_,9.34
_03586_,9.34
_04625_,9.34
_09722_,9.34
_09793_,9.34
_09972_,9.34
_12157_,9.34
_13779_,9.34
_16610_,9.34
_17405_,9.34
_17732_,9.34
_19322_,9.34
_20888_,9.34
_21194_,9.34
_22111_,9.34
_23864_,9.34
_26618_,9.34
_28322_,9.34
_28880_,9.34
_31462_,9.34
_33241_,9.34
_33554_,9.34
_38367_,9.34
_39913_,9.34
_42285_,9.34
net349,9.34
_18873_,9.335
_08005_,9.33
_34642_,9.33
_38453_,9.33
_33912_,9.325
_00659_,9.32
_01057_,9.32
_01277_,9.32
_04754_,9.32
_05778_,9.32
_06572_,9.32
_06787_,9.32
_06887_,9.32
_08389_,9.32
_08844_,9.32
_08935_,9.32
_10407_,9.32
_10513_,9.32
_10872_,9.32
_12450_,9.32
_14108_,9.32
_15329_,9.32
_17076_,9.32
_19892_,9.32
_21784_,9.32
_22339_,9.32
_23675_,9.32
_24418_,9.32
_26244_,9.32
_26938_,9.32
_27281_,9.32
_27534_,9.32
_28001_,9.32
_28197_,9.32
_28809_,9.32
_28976_,9.32
_29307_,9.32
_29321_,9.32
_29651_,9.32
_34029_,9.32
_34174_,9.32
_35503_,9.32
_39097_,9.32
_39232_,9.32
_16059_,9.31
_25816_,9.31
_01626_,9.3
_01793_,9.3
_02343_,9.3
_04144_,9.3
_04994_,9.3
_05311_,9.3
_06763_,9.3
_09310_,9.3
_10140_,9.3
_10278_,9.3
_11706_,9.3
_14782_,9.3
_17217_,9.3
_17421_,9.3
_17948_,9.3
_19185_,9.3
_21586_,9.3
_24657_,9.3
_27326_,9.3
_29821_,9.3
_29984_,9.3
_30361_,9.3
_31059_,9.3
_31199_,9.3
_32416_,9.3
_32816_,9.3
_37938_,9.3
_39181_,9.3
_40076_,9.3
_41035_,9.3
_07587_,9.29
_19300_,9.29
_01490_,9.28
_01761_,9.28
_02016_,9.28
_02585_,9.28
_04420_,9.28
_05146_,9.28
_06303_,9.28
_10356_,9.28
_11051_,9.28
_12286_,9.28
_12558_,9.28
_13687_,9.28
_14048_,9.28
_15017_,9.28
_15267_,9.28
_16595_,9.28
_17438_,9.28
_17466_,9.28
_17674_,9.28
_19023_,9.28
_19579_,9.28
_19587_,9.28
_20498_,9.28
_22573_,9.28
_23217_,9.28
_23354_,9.28
_23489_,9.28
_25733_,9.28
_26076_,9.28
_26654_,9.28
_27293_,9.28
_27521_,9.28
_30521_,9.28
_31023_,9.28
_31382_,9.28
_31990_,9.28
_35998_,9.28
_36045_,9.28
_36802_,9.28
_38032_,9.28
_39042_,9.28
_40484_,9.28
_40752_,9.28
_40851_,9.28
_41107_,9.28
_41939_,9.28
_42448_,9.28
_33988_,9.275
_00403_,9.26
_00414_,9.26
_00724_,9.26
_00780_,9.26
_03093_,9.26
_03646_,9.26
_09753_,9.26
_10587_,9.26
_11104_,9.26
_14279_,9.26
_14743_,9.26
_15067_,9.26
_16531_,9.26
_17561_,9.26
_18271_,9.26
_19254_,9.26
_19260_,9.26
_19409_,9.26
_20552_,9.26
_21399_,9.26
_22310_,9.26
_22363_,9.26
_22449_,9.26
_23118_,9.26
_23389_,9.26
_24954_,9.26
_27535_,9.26
_28531_,9.26
_29183_,9.26
_29450_,9.26
_30422_,9.26
_33083_,9.26
_33163_,9.26
_34068_,9.26
_34489_,9.26
_37223_,9.26
_39057_,9.26
_40240_,9.26
_41448_,9.26
_41914_,9.26
_42440_,9.255
_33573_,9.25
_00461_,9.24
_00472_,9.24
_00828_,9.24
_01596_,9.24
_03058_,9.24
_03303_,9.24
_04432_,9.24
_05282_,9.24
_06156_,9.24
_07553_,9.24
_08056_,9.24
_08420_,9.24
_08972_,9.24
_09934_,9.24
_09966_,9.24
_10541_,9.24
_10822_,9.24
_11314_,9.24
_11797_,9.24
_12533_,9.24
_16267_,9.24
_16718_,9.24
_17454_,9.24
_17477_,9.24
_18146_,9.24
_18238_,9.24
_18682_,9.24
_20051_,9.24
_20303_,9.24
_21053_,9.24
_21417_,9.24
_21668_,9.24
_21827_,9.24
_22413_,9.24
_22651_,9.24
_22707_,9.24
_22723_,9.24
_22869_,9.24
_23113_,9.24
_23405_,9.24
_24220_,9.24
_24591_,9.24
_25533_,9.24
_25544_,9.24
_26871_,9.24
_28500_,9.24
_28622_,9.24
_28784_,9.24
_30111_,9.24
_31616_,9.24
_32123_,9.24
_32290_,9.24
_32725_,9.24
_34441_,9.24
_34478_,9.24
_34522_,9.24
_34623_,9.24
_35016_,9.24
_35262_,9.24
_36358_,9.24
_38247_,9.24
_38509_,9.24
_39694_,9.24
_40117_,9.24
_40442_,9.24
_40642_,9.24
_41317_,9.24
_41633_,9.24
_42093_,9.24
_42467_,9.24
_22437_,9.235
_40389_,9.235
_01058_,9.22
_03388_,9.22
_04067_,9.22
_07197_,9.22
_10412_,9.22
_18722_,9.22
_20459_,9.22
_26051_,9.22
_26068_,9.22
_26129_,9.22
_27440_,9.22
_28409_,9.22
_29860_,9.22
_30239_,9.22
_30333_,9.22
_32119_,9.22
_32775_,9.22
_39447_,9.22
_41392_,9.22
_06919_,9.215
_33852_,9.21
_38681_,9.21
_01994_,9.2
_06304_,9.2
_10094_,9.2
_11270_,9.2
_12271_,9.2
_12630_,9.2
_13013_,9.2
_16432_,9.2
_17088_,9.2
_18339_,9.2
_19891_,9.2
_20219_,9.2
_22795_,9.2
_24881_,9.2
_34126_,9.2
_41004_,9.2
_20675_,9.19
_01402_,9.18
_01460_,9.18
_04540_,9.18
_07696_,9.18
_15150_,9.18
_27985_,9.18
_30496_,9.18
_31079_,9.18
_35128_,9.18
_36339_,9.18
_37000_,9.18
_39310_,9.18
load_data[2],9.18
load_twiddle[22],9.18
load_twiddle_addr[1],9.18
_11001_,9.17
_21294_,9.17
_39060_,9.17
_03756_,9.16
_04270_,9.16
_04714_,9.16
_04833_,9.16
_05029_,9.16
_05435_,9.16
_06672_,9.16
_07795_,9.16
_08150_,9.16
_09116_,9.16
_09319_,9.16
_09622_,9.16
_09919_,9.16
_10901_,9.16
_14441_,9.16
_14629_,9.16
_14955_,9.16
_15315_,9.16
_15629_,9.16
_17100_,9.16
_17313_,9.16
_18363_,9.16
_18398_,9.16
_19381_,9.16
_20963_,9.16
_21135_,9.16
_21365_,9.16
_21529_,9.16
_23084_,9.16
_23972_,9.16
_25356_,9.16
_26027_,9.16
_26040_,9.16
_26057_,9.16
_26458_,9.16
_27533_,9.16
_28344_,9.16
_30135_,9.16
_30957_,9.16
_31966_,9.16
_32887_,9.16
_34703_,9.16
_36014_,9.16
_36831_,9.16
_38025_,9.16
_38949_,9.16
_39518_,9.16
_40437_,9.16
_40439_,9.16
_41106_,9.16
_41412_,9.16
_42110_,9.16
_42496_,9.16
_01858_,9.155
_09641_,9.15
_00185_,9.14
_00351_,9.14
_03087_,9.14
_03241_,9.14
_08386_,9.14
_09634_,9.14
_09681_,9.14
_10111_,9.14
_10386_,9.14
_10736_,9.14
_10988_,9.14
_13982_,9.14
_14740_,9.14
_15793_,9.14
_16074_,9.14
_16878_,9.14
_17344_,9.14
_17537_,9.14
_18409_,9.14
_18431_,9.14
_18747_,9.14
_21322_,9.14
_23024_,9.14
_24245_,9.14
_25232_,9.14
_25529_,9.14
_27865_,9.14
_27971_,9.14
_29459_,9.14
_30417_,9.14
_32619_,9.14
_32947_,9.14
_37855_,9.14
_38298_,9.14
_39820_,9.14
_40186_,9.14
_40583_,9.14
_40850_,9.14
_42564_,9.14
net218,9.14
_33815_,9.13
_00766_,9.12
_01129_,9.12
_01495_,9.12
_01616_,9.12
_02851_,9.12
_04028_,9.12
_04644_,9.12
_08233_,9.12
_08435_,9.12
_09507_,9.12
_09990_,9.12
_10705_,9.12
_10766_,9.12
_12791_,9.12
_15798_,9.12
_15890_,9.12
_16169_,9.12
_16581_,9.12
_16653_,9.12
_17909_,9.12
_18990_,9.12
_19196_,9.12
_21653_,9.12
_21751_,9.12
_22559_,9.12
_22711_,9.12
_23152_,9.12
_23277_,9.12
_23736_,9.12
_23743_,9.12
_24367_,9.12
_25318_,9.12
_26163_,9.12
_27632_,9.12
_28286_,9.12
_28298_,9.12
_28672_,9.12
_29030_,9.12
_29051_,9.12
_29612_,9.12
_29900_,9.12
_30400_,9.12
_30537_,9.12
_31926_,9.12
_33146_,9.12
_33158_,9.12
_33166_,9.12
_33491_,9.12
_34205_,9.12
_34881_,9.12
_35790_,9.12
_35896_,9.12
_37179_,9.12
_39514_,9.12
_39570_,9.12
_39906_,9.12
_40382_,9.12
_40798_,9.12
_41906_,9.12
_42086_,9.12
_35528_,9.11
_00137_,9.1
_00411_,9.1
_01168_,9.1
_01619_,9.1
_04207_,9.1
_08250_,9.1
_10505_,9.1
_11298_,9.1
_11864_,9.1
_12664_,9.1
_13112_,9.1
_16376_,9.1
_28324_,9.1
_29012_,9.1
_29952_,9.1
_32249_,9.1
_42337_,9.1
_29714_,9.095
_40563_,9.095
_03275_,9.08
_05591_,9.08
_08451_,9.08
_11082_,9.08
_11505_,9.08
_12392_,9.08
_15179_,9.08
_15517_,9.08
_21146_,9.08
_21302_,9.08
_21464_,9.08
_23336_,9.08
_23764_,9.08
_24178_,9.08
_29432_,9.08
_31734_,9.08
_32880_,9.08
_32927_,9.08
_35553_,9.08
_37256_,9.08
_38946_,9.08
_39713_,9.08
_10496_,9.07
_02546_,9.06
_03660_,9.06
_05814_,9.06
_06013_,9.06
_06512_,9.06
_08295_,9.06
_08408_,9.06
_09356_,9.06
_09612_,9.06
_09628_,9.06
_10107_,9.06
_10764_,9.06
_11323_,9.06
_11661_,9.06
_15607_,9.06
_20666_,9.06
_22004_,9.06
_23090_,9.06
_25170_,9.06
_25219_,9.06
_30889_,9.06
_31056_,9.06
_31394_,9.06
_32784_,9.06
_32956_,9.06
_33113_,9.06
_37472_,9.06
_38080_,9.06
_00749_,9.05
_05968_,9.05
_13424_,9.05
_15891_,9.05
_24895_,9.05
_26112_,9.05
_26836_,9.045
_00614_,9.04
_02828_,9.04
_03776_,9.04
_03956_,9.04
_04488_,9.04
_06402_,9.04
_07774_,9.04
_08561_,9.04
_09205_,9.04
_10009_,9.04
_10062_,9.04
_10251_,9.04
_10425_,9.04
_11299_,9.04
_11472_,9.04
_11692_,9.04
_13062_,9.04
_14942_,9.04
_15057_,9.04
_15273_,9.04
_15284_,9.04
_15354_,9.04
_15440_,9.04
_15814_,9.04
_16629_,9.04
_17958_,9.04
_17994_,9.04
_18225_,9.04
_18236_,9.04
_18400_,9.04
_19141_,9.04
_19149_,9.04
_19885_,9.04
_20474_,9.04
_20829_,9.04
_22082_,9.04
_22829_,9.04
_26331_,9.04
_26732_,9.04
_27835_,9.04
_28397_,9.04
_29579_,9.04
_29669_,9.04
_29828_,9.04
_30788_,9.04
_31487_,9.04
_33182_,9.04
_34426_,9.04
_34968_,9.04
_36493_,9.04
_36535_,9.04
_38730_,9.04
_40124_,9.04
_41706_,9.04
_42162_,9.04
_42294_,9.04
_42394_,9.04
_34418_,9.035
_41591_,9.035
_10191_,9.03
_23318_,9.03
_27400_,9.03
_00052_,9.02
_00275_,9.02
_00296_,9.02
_03637_,9.02
_04713_,9.02
_06771_,9.02
_06879_,9.02
_07010_,9.02
_08333_,9.02
_08367_,9.02
_09035_,9.02
_09755_,9.02
_10125_,9.02
_10245_,9.02
_10757_,9.02
_11038_,9.02
_12058_,9.02
_12983_,9.02
_13071_,9.02
_13627_,9.02
_13900_,9.02
_14821_,9.02
_15124_,9.02
_15243_,9.02
_15356_,9.02
_16026_,9.02
_17160_,9.02
_17529_,9.02
_17999_,9.02
_18422_,9.02
_18581_,9.02
_18712_,9.02
_18943_,9.02
_21096_,9.02
_22903_,9.02
_23087_,9.02
_23339_,9.02
_24296_,9.02
_24694_,9.02
_25031_,9.02
_25180_,9.02
_25718_,9.02
_25926_,9.02
_26145_,9.02
_26704_,9.02
_28062_,9.02
_28338_,9.02
_28539_,9.02
_28816_,9.02
_28852_,9.02
_29145_,9.02
_29759_,9.02
_31209_,9.02
_32219_,9.02
_33038_,9.02
_33735_,9.02
_33892_,9.02
_33978_,9.02
_34897_,9.02
_34917_,9.02
_35436_,9.02
_36112_,9.02
_36165_,9.02
_36581_,9.02
_36973_,9.02
_36976_,9.02
_38194_,9.02
_39487_,9.02
_39615_,9.02
_39731_,9.02
_40813_,9.02
_41060_,9.02
_41684_,9.02
_23137_,9.015
_27974_,9.005
_00422_,9
_04911_,9
_07635_,9
_10317_,9
_11109_,9
_11809_,9
_14781_,9
_15974_,9
_18650_,9
_20518_,9
_20745_,9
_21523_,9
_24380_,9
_24698_,9
_25082_,9
_25648_,9
_25944_,9
_27058_,9
_28247_,9
_29422_,9
_29505_,9
_36336_,9
_37366_,9
_37400_,9
_41012_,9
_42042_,9
net267,9
_20064_,8.995
_26172_,8.99
_42420_,8.99
_00685_,8.98
_01983_,8.98
_02305_,8.98
_02904_,8.98
_02907_,8.98
_03070_,8.98
_04494_,8.98
_08284_,8.98
_09224_,8.98
_09303_,8.98
_10132_,8.98
_10397_,8.98
_12385_,8.98
_13544_,8.98
_18062_,8.98
_18586_,8.98
_21942_,8.98
_22372_,8.98
_22736_,8.98
_24762_,8.98
_27873_,8.98
_29378_,8.98
_31310_,8.98
_39299_,8.98
_39903_,8.98
_39956_,8.98
_40579_,8.98
_40755_,8.98
_18626_,8.975
_07384_,8.97
_37691_,8.97
_01024_,8.96
_06365_,8.96
_08138_,8.96
_11147_,8.96
_15120_,8.96
_16776_,8.96
_17396_,8.96
_17991_,8.96
_18381_,8.96
_18437_,8.96
_18811_,8.96
_19754_,8.96
_21678_,8.96
_22270_,8.96
_22327_,8.96
_23355_,8.96
_23748_,8.96
_25564_,8.96
_25911_,8.96
_27742_,8.96
_28041_,8.96
_29038_,8.96
_29211_,8.96
_29397_,8.96
_31134_,8.96
_31441_,8.96
_32884_,8.96
_33525_,8.96
_34311_,8.96
_38273_,8.96
_38369_,8.96
_41998_,8.96
read_data[10],8.96
read_data[12],8.96
read_data[16],8.96
read_data[24],8.96
read_data[30],8.96
read_data[3],8.96
read_data[8],8.96
_11196_,8.95
_23417_,8.95
_32001_,8.95
_32538_,8.95
_04393_,8.94
_04781_,8.94
_06986_,8.94
_07815_,8.94
_08361_,8.94
_09189_,8.94
_10650_,8.94
_10675_,8.94
_11398_,8.94
_11556_,8.94
_11617_,8.94
_12516_,8.94
_12554_,8.94
_12862_,8.94
_14173_,8.94
_15062_,8.94
_15379_,8.94
_17216_,8.94
_18228_,8.94
_18353_,8.94
_18812_,8.94
_18817_,8.94
_19620_,8.94
_19671_,8.94
_20935_,8.94
_21549_,8.94
_21619_,8.94
_22279_,8.94
_23510_,8.94
_23665_,8.94
_23753_,8.94
_26882_,8.94
_27338_,8.94
_27839_,8.94
_28159_,8.94
_28494_,8.94
_28514_,8.94
_29428_,8.94
_29690_,8.94
_33384_,8.94
_33962_,8.94
_34716_,8.94
_35576_,8.94
_35875_,8.94
_36213_,8.94
_40546_,8.94
_41309_,8.94
_41719_,8.94
_42220_,8.94
_41044_,8.93
_01579_,8.92
_02475_,8.92
_02713_,8.92
_02985_,8.92
_06681_,8.92
_07856_,8.92
_09015_,8.92
_11664_,8.92
_13170_,8.92
_13960_,8.92
_15118_,8.92
_16546_,8.92
_19703_,8.92
_19930_,8.92
_23268_,8.92
_24140_,8.92
_24145_,8.92
_24229_,8.92
_24560_,8.92
_24711_,8.92
_24853_,8.92
_25426_,8.92
_26137_,8.92
_26314_,8.92
_26720_,8.92
_27091_,8.92
_29049_,8.92
_29057_,8.92
_29529_,8.92
_29819_,8.92
_30088_,8.92
_30747_,8.92
_31010_,8.92
_32034_,8.92
_33628_,8.92
_34081_,8.92
_35708_,8.92
_36743_,8.92
_39563_,8.92
_39896_,8.92
_40028_,8.92
_40315_,8.92
_40696_,8.92
_40939_,8.92
_41248_,8.92
_42176_,8.92
_12412_,8.915
_33097_,8.915
_09209_,8.91
_00919_,8.9
_01360_,8.9
_02058_,8.9
_02720_,8.9
_03177_,8.9
_03490_,8.9
_03883_,8.9
_03904_,8.9
_04162_,8.9
_04322_,8.9
_04682_,8.9
_05867_,8.9
_07460_,8.9
_08085_,8.9
_08199_,8.9
_08478_,8.9
_08501_,8.9
_09283_,8.9
_09804_,8.9
_10098_,8.9
_11561_,8.9
_11712_,8.9
_12174_,8.9
_12318_,8.9
_14304_,8.9
_15868_,8.9
_16362_,8.9
_17157_,8.9
_18165_,8.9
_18394_,8.9
_18713_,8.9
_19188_,8.9
_21130_,8.9
_21363_,8.9
_21605_,8.9
_21788_,8.9
_21877_,8.9
_21882_,8.9
_21985_,8.9
_22540_,8.9
_22541_,8.9
_22680_,8.9
_24063_,8.9
_26136_,8.9
_26553_,8.9
_27638_,8.9
_27811_,8.9
_27888_,8.9
_28228_,8.9
_28404_,8.9
_29997_,8.9
_30228_,8.9
_30444_,8.9
_30919_,8.9
_30992_,8.9
_31433_,8.9
_31893_,8.9
_32180_,8.9
_32261_,8.9
_32876_,8.9
_33539_,8.9
_34036_,8.9
_35162_,8.9
_35242_,8.9
_35269_,8.9
_35356_,8.9
_36308_,8.9
_36568_,8.9
_36677_,8.9
_36924_,8.9
_37550_,8.9
_38853_,8.9
_38969_,8.9
_39132_,8.9
_39734_,8.9
_39796_,8.9
_40572_,8.9
_40643_,8.9
_40820_,8.9
_41108_,8.9
_42089_,8.9
net214,8.9
_19248_,8.895
_40725_,8.895
_03908_,8.88
_03920_,8.88
_05783_,8.88
_10982_,8.88
_11025_,8.88
_13118_,8.88
_15157_,8.88
_16942_,8.88
_17562_,8.88
_18732_,8.88
_20565_,8.88
_21922_,8.88
_22533_,8.88
_22841_,8.88
_22876_,8.88
_23784_,8.88
_24018_,8.88
_24622_,8.88
_24779_,8.88
_27220_,8.88
_30376_,8.88
_35766_,8.88
_37439_,8.88
_37454_,8.88
_40654_,8.88
_41529_,8.88
_42182_,8.88
_42202_,8.88
_12796_,8.875
_18864_,8.87
_27196_,8.87
_28819_,8.87
start,8.87
_00480_,8.86
_01567_,8.86
_02048_,8.86
_02664_,8.86
_03096_,8.86
_03462_,8.86
_04261_,8.86
_05457_,8.86
_06191_,8.86
_12656_,8.86
_14308_,8.86
_15285_,8.86
_16084_,8.86
_20822_,8.86
_22755_,8.86
_23232_,8.86
_25081_,8.86
_26144_,8.86
_26792_,8.86
_28020_,8.86
_29041_,8.86
_30589_,8.86
_33095_,8.86
_34880_,8.86
_35322_,8.86
_36835_,8.86
_36944_,8.86
_38355_,8.86
_34856_,8.855
_15684_,8.85
_22218_,8.85
_04137_,8.84
_13705_,8.84
_13718_,8.84
_14004_,8.84
_16423_,8.84
_17620_,8.84
_18473_,8.84
_19974_,8.84
_20218_,8.84
_26423_,8.84
_28811_,8.84
_29548_,8.84
_34871_,8.84
_35697_,8.84
_38289_,8.84
_40013_,8.84
_40609_,8.84
load_data[0],8.84
load_data[16],8.84
_01585_,8.82
_05538_,8.82
_05813_,8.82
_05977_,8.82
_06093_,8.82
_08234_,8.82
_09311_,8.82
_09921_,8.82
_10265_,8.82
_10530_,8.82
_10842_,8.82
_11362_,8.82
_11372_,8.82
_11564_,8.82
_12748_,8.82
_14488_,8.82
_16731_,8.82
_16870_,8.82
_18633_,8.82
_19175_,8.82
_19402_,8.82
_20633_,8.82
_20741_,8.82
_21285_,8.82
_22271_,8.82
_22333_,8.82
_22502_,8.82
_22632_,8.82
_22851_,8.82
_23476_,8.82
_23981_,8.82
_24051_,8.82
_24893_,8.82
_25065_,8.82
_25516_,8.82
_26037_,8.82
_26117_,8.82
_26405_,8.82
_26459_,8.82
_26600_,8.82
_27174_,8.82
_27260_,8.82
_27752_,8.82
_29668_,8.82
_30021_,8.82
_31035_,8.82
_31967_,8.82
_32098_,8.82
_33429_,8.82
_33810_,8.82
_34075_,8.82
_35480_,8.82
_36008_,8.82
_37794_,8.82
_38465_,8.82
_40145_,8.82
_40718_,8.82
_07142_,8.815
_30908_,8.815
_01288_,8.8
_01659_,8.8
_02240_,8.8
_03158_,8.8
_03795_,8.8
_05160_,8.8
_05991_,8.8
_11160_,8.8
_11860_,8.8
_12006_,8.8
_13628_,8.8
_14082_,8.8
_14484_,8.8
_15128_,8.8
_15294_,8.8
_15316_,8.8
_15427_,8.8
_16326_,8.8
_16355_,8.8
_17983_,8.8
_18214_,8.8
_19018_,8.8
_21291_,8.8
_21691_,8.8
_23072_,8.8
_23203_,8.8
_23566_,8.8
_25636_,8.8
_26158_,8.8
_28118_,8.8
_28449_,8.8
_28810_,8.8
_29095_,8.8
_29431_,8.8
_29922_,8.8
_32847_,8.8
_35163_,8.8
_36364_,8.8
_36736_,8.8
_36865_,8.8
_37106_,8.8
_38395_,8.8
_38926_,8.8
_40438_,8.8
_40825_,8.8
_41570_,8.8
_42230_,8.8
net224,8.8
_00952_,8.795
_24669_,8.795
_28340_,8.795
_38097_,8.795
_41445_,8.795
_01993_,8.79
_11984_,8.79
_34160_,8.79
_00437_,8.78
_01020_,8.78
_01926_,8.78
_02725_,8.78
_04403_,8.78
_04730_,8.78
_05513_,8.78
_05676_,8.78
_05781_,8.78
_05896_,8.78
_06145_,8.78
_08291_,8.78
_08369_,8.78
_08901_,8.78
_09711_,8.78
_10261_,8.78
_10450_,8.78
_12140_,8.78
_13067_,8.78
_13511_,8.78
_14713_,8.78
_15111_,8.78
_15447_,8.78
_15732_,8.78
_18021_,8.78
_18057_,8.78
_18094_,8.78
_18440_,8.78
_18573_,8.78
_18683_,8.78
_18813_,8.78
_19581_,8.78
_20572_,8.78
_21223_,8.78
_22648_,8.78
_24011_,8.78
_24743_,8.78
_25931_,8.78
_26164_,8.78
_26402_,8.78
_26986_,8.78
_27026_,8.78
_27868_,8.78
_28284_,8.78
_28337_,8.78
_28553_,8.78
_28744_,8.78
_30744_,8.78
_30900_,8.78
_31583_,8.78
_32160_,8.78
_32321_,8.78
_32573_,8.78
_33261_,8.78
_33618_,8.78
_33782_,8.78
_34244_,8.78
_34875_,8.78
_36498_,8.78
_37578_,8.78
_38129_,8.78
_38557_,8.78
_38974_,8.78
_39004_,8.78
_39017_,8.78
_39701_,8.78
_40309_,8.78
_42137_,8.78
_03925_,8.775
_22746_,8.775
_31198_,8.77
_33111_,8.77
_05068_,8.76
_13802_,8.76
_16157_,8.76
_16318_,8.76
_24618_,8.76
_27688_,8.76
_34220_,8.76
_39510_,8.76
_29574_,8.755
_04149_,8.75
_41238_,8.75
_01622_,8.74
_02078_,8.74
_02314_,8.74
_02854_,8.74
_03739_,8.74
_08842_,8.74
_11761_,8.74
_12356_,8.74
_20815_,8.74
_22430_,8.74
_34681_,8.74
_36218_,8.74
_39138_,8.74
_41630_,8.74
_23396_,8.73
_36627_,8.73
_06558_,8.72
_08043_,8.72
_10624_,8.72
_12840_,8.72
_15579_,8.72
_18260_,8.72
_22439_,8.72
_25551_,8.72
_25841_,8.72
_29270_,8.72
_30460_,8.72
_34733_,8.72
_35086_,8.72
_40733_,8.72
_40736_,8.72
load_data[14],8.72
load_twiddle[6],8.72
_34457_,8.715
_22945_,8.71
_15450_,8.705
_03961_,8.7
_06412_,8.7
_06793_,8.7
_06804_,8.7
_07765_,8.7
_09551_,8.7
_10463_,8.7
_10507_,8.7
_10700_,8.7
_11742_,8.7
_13774_,8.7
_13937_,8.7
_14715_,8.7
_15061_,8.7
_15935_,8.7
_15980_,8.7
_16389_,8.7
_16681_,8.7
_16977_,8.7
_17394_,8.7
_17535_,8.7
_18979_,8.7
_19522_,8.7
_21160_,8.7
_21443_,8.7
_21948_,8.7
_22325_,8.7
_22895_,8.7
_22998_,8.7
_25637_,8.7
_26046_,8.7
_26220_,8.7
_26440_,8.7
_26464_,8.7
_26488_,8.7
_26815_,8.7
_27038_,8.7
_27096_,8.7
_27645_,8.7
_28089_,8.7
_28538_,8.7
_28722_,8.7
_29346_,8.7
_29596_,8.7
_29793_,8.7
_30020_,8.7
_30097_,8.7
_30877_,8.7
_31268_,8.7
_31511_,8.7
_31769_,8.7
_32027_,8.7
_32069_,8.7
_32095_,8.7
_32708_,8.7
_32975_,8.7
_33210_,8.7
_33673_,8.7
_34099_,8.7
_34693_,8.7
_34706_,8.7
_34748_,8.7
_35531_,8.7
_35623_,8.7
_35629_,8.7
_35688_,8.7
_36130_,8.7
_38752_,8.7
_38825_,8.7
_38860_,8.7
_39433_,8.7
_39888_,8.7
_40612_,8.7
_40760_,8.7
_41781_,8.7
_42149_,8.7
_42407_,8.7
_42527_,8.7
_00267_,8.68
_03182_,8.68
_03262_,8.68
_03431_,8.68
_04799_,8.68
_05177_,8.68
_08317_,8.68
_08412_,8.68
_09320_,8.68
_09521_,8.68
_09774_,8.68
_10284_,8.68
_15857_,8.68
_16127_,8.68
_18017_,8.68
_18448_,8.68
_18950_,8.68
_22905_,8.68
_25123_,8.68
_25234_,8.68
_25391_,8.68
_27446_,8.68
_30571_,8.68
_31104_,8.68
_35864_,8.68
_36340_,8.68
_36491_,8.68
_36704_,8.68
_39424_,8.68
_39578_,8.68
_40802_,8.68
_24292_,8.675
_19433_,8.67
_21677_,8.67
_25172_,8.67
_00465_,8.66
_02145_,8.66
_02162_,8.66
_03022_,8.66
_03836_,8.66
_04061_,8.66
_04093_,8.66
_04809_,8.66
_08074_,8.66
_09255_,8.66
_09908_,8.66
_10445_,8.66
_10615_,8.66
_10627_,8.66
_11546_,8.66
_13956_,8.66
_14580_,8.66
_14892_,8.66
_15182_,8.66
_16515_,8.66
_16694_,8.66
_16913_,8.66
_18540_,8.66
_18771_,8.66
_20644_,8.66
_20689_,8.66
_20707_,8.66
_21390_,8.66
_23105_,8.66
_23504_,8.66
_23848_,8.66
_25902_,8.66
_26699_,8.66
_27415_,8.66
_28174_,8.66
_28675_,8.66
_29266_,8.66
_30809_,8.66
_31222_,8.66
_32839_,8.66
_32920_,8.66
_33611_,8.66
_33716_,8.66
_34140_,8.66
_34186_,8.66
_37018_,8.66
_38257_,8.66
_38538_,8.66
_39073_,8.66
_39655_,8.66
_39936_,8.66
_41263_,8.66
_00055_,8.64
_03149_,8.64
_06543_,8.64
_14565_,8.64
_24032_,8.64
_24583_,8.64
_37650_,8.64
_09670_,8.635
_22093_,8.635
_00012_,8.62
_00654_,8.62
_03125_,8.62
_04828_,8.62
_06983_,8.62
_08533_,8.62
_10489_,8.62
_11317_,8.62
_11526_,8.62
_15223_,8.62
_16760_,8.62
_19405_,8.62
_21453_,8.62
_22007_,8.62
_23062_,8.62
_25532_,8.62
_27253_,8.62
_29557_,8.62
_31950_,8.62
_33957_,8.62
_10777_,8.61
_01037_,8.6
_01429_,8.6
_02201_,8.6
_02773_,8.6
_03229_,8.6
_03707_,8.6
_04726_,8.6
_05655_,8.6
_06044_,8.6
_07236_,8.6
_09626_,8.6
_09930_,8.6
_11517_,8.6
_11597_,8.6
_12118_,8.6
_13661_,8.6
_13834_,8.6
_15114_,8.6
_15388_,8.6
_16640_,8.6
_19171_,8.6
_20412_,8.6
_21313_,8.6
_21811_,8.6
_21925_,8.6
_23858_,8.6
_24388_,8.6
_25197_,8.6
_26334_,8.6
_27244_,8.6
_29663_,8.6
_32277_,8.6
_33119_,8.6
_33753_,8.6
_33927_,8.6
_34147_,8.6
_34428_,8.6
_34553_,8.6
_35817_,8.6
_35838_,8.6
_36243_,8.6
_36253_,8.6
_36717_,8.6
_38291_,8.6
_38939_,8.6
_38950_,8.6
_38970_,8.6
_39203_,8.6
_39545_,8.6
_40770_,8.6
_41157_,8.6
_41819_,8.6
_42301_,8.6
_20728_,8.59
_00878_,8.58
_00997_,8.58
_01135_,8.58
_02674_,8.58
_02785_,8.58
_03184_,8.58
_03438_,8.58
_03856_,8.58
_04173_,8.58
_04448_,8.58
_04549_,8.58
_07312_,8.58
_08357_,8.58
_09530_,8.58
_10289_,8.58
_10614_,8.58
_11324_,8.58
_11388_,8.58
_14074_,8.58
_14702_,8.58
_15141_,8.58
_15596_,8.58
_15720_,8.58
_17633_,8.58
_17640_,8.58
_17818_,8.58
_18461_,8.58
_18569_,8.58
_19215_,8.58
_19465_,8.58
_19508_,8.58
_19897_,8.58
_20101_,8.58
_20913_,8.58
_20919_,8.58
_23219_,8.58
_23728_,8.58
_25171_,8.58
_25971_,8.58
_26088_,8.58
_26926_,8.58
_27077_,8.58
_27147_,8.58
_27164_,8.58
_27563_,8.58
_28107_,8.58
_28392_,8.58
_28715_,8.58
_28917_,8.58
_29065_,8.58
_29242_,8.58
_29733_,8.58
_29976_,8.58
_30457_,8.58
_30644_,8.58
_31674_,8.58
_32661_,8.58
_33712_,8.58
_34306_,8.58
_34434_,8.58
_35244_,8.58
_36288_,8.58
_39728_,8.58
_40198_,8.58
_40421_,8.58
_40859_,8.58
_41144_,8.58
_41355_,8.58
_41373_,8.58
_42016_,8.58
_42063_,8.58
_42229_,8.58
_42352_,8.58
_42470_,8.58
_15499_,8.575
_23257_,8.575
_18491_,8.57
_27975_,8.565
_00026_,8.56
_01576_,8.56
_02638_,8.56
_03202_,8.56
_03835_,8.56
_04017_,8.56
_04703_,8.56
_05369_,8.56
_05549_,8.56
_05801_,8.56
_06404_,8.56
_06840_,8.56
_07289_,8.56
_07798_,8.56
_07882_,8.56
_08484_,8.56
_08546_,8.56
_08592_,8.56
_08967_,8.56
_10307_,8.56
_10406_,8.56
_10721_,8.56
_11244_,8.56
_11515_,8.56
_11614_,8.56
_11657_,8.56
_11720_,8.56
_12100_,8.56
_12650_,8.56
_13702_,8.56
_14118_,8.56
_14495_,8.56
_15153_,8.56
_15407_,8.56
_15467_,8.56
_16471_,8.56
_17024_,8.56
_17702_,8.56
_17960_,8.56
_17961_,8.56
_18399_,8.56
_18803_,8.56
_18856_,8.56
_18975_,8.56
_19130_,8.56
_19828_,8.56
_21131_,8.56
_21261_,8.56
_21295_,8.56
_21477_,8.56
_21689_,8.56
_21949_,8.56
_23326_,8.56
_23720_,8.56
_24744_,8.56
_24751_,8.56
_25288_,8.56
_25439_,8.56
_26014_,8.56
_26917_,8.56
_27314_,8.56
_27318_,8.56
_27478_,8.56
_27862_,8.56
_29404_,8.56
_29526_,8.56
_30200_,8.56
_30835_,8.56
_31330_,8.56
_32153_,8.56
_32958_,8.56
_33797_,8.56
_33826_,8.56
_33867_,8.56
_35211_,8.56
_35276_,8.56
_35762_,8.56
_35995_,8.56
_37555_,8.56
_39195_,8.56
_39631_,8.56
_39742_,8.56
_39758_,8.56
_40172_,8.56
_42108_,8.56
_11982_,8.545
_01070_,8.54
_03208_,8.54
_03405_,8.54
_03882_,8.54
_05175_,8.54
_05616_,8.54
_07224_,8.54
_07960_,8.54
_09206_,8.54
_10114_,8.54
_11595_,8.54
_12492_,8.54
_12506_,8.54
_15925_,8.54
_16116_,8.54
_16461_,8.54
_21425_,8.54
_21601_,8.54
_23029_,8.54
_23305_,8.54
_23644_,8.54
_26579_,8.54
_26586_,8.54
_35263_,8.54
_37433_,8.54
_38356_,8.54
_39467_,8.54
_40244_,8.54
_40414_,8.54
_41385_,8.54
_06592_,8.53
_03439_,8.52
_05590_,8.52
_07657_,8.52
_07817_,8.52
_08535_,8.52
_12753_,8.52
_17905_,8.52
_18970_,8.52
_21989_,8.52
_28678_,8.52
_29369_,8.52
_29878_,8.52
_32458_,8.52
_40630_,8.52
_16740_,8.51
_21011_,8.51
_27753_,8.51
_34498_,8.51
_04572_,8.505
_03829_,8.5
_07872_,8.5
_08716_,8.5
_09289_,8.5
_09567_,8.5
_09736_,8.5
_09895_,8.5
_13788_,8.5
_14158_,8.5
_14257_,8.5
_14877_,8.5
_16554_,8.5
_16880_,8.5
_17340_,8.5
_17681_,8.5
_18199_,8.5
_18270_,8.5
_18511_,8.5
_19167_,8.5
_19436_,8.5
_19502_,8.5
_19640_,8.5
_19755_,8.5
_22225_,8.5
_22382_,8.5
_22409_,8.5
_23617_,8.5
_23890_,8.5
_24765_,8.5
_25190_,8.5
_26226_,8.5
_26688_,8.5
_27228_,8.5
_27331_,8.5
_28257_,8.5
_31191_,8.5
_32209_,8.5
_33598_,8.5
_34822_,8.5
_37951_,8.5
_37987_,8.5
_38007_,8.5
_39739_,8.5
_11060_,8.495
_41752_,8.49
_00152_,8.48
_00416_,8.48
_01012_,8.48
_01221_,8.48
_02743_,8.48
_02761_,8.48
_03658_,8.48
_03839_,8.48
_04811_,8.48
_05234_,8.48
_05514_,8.48
_06220_,8.48
_06707_,8.48
_07271_,8.48
_07490_,8.48
_07634_,8.48
_08042_,8.48
_08588_,8.48
_08747_,8.48
_08982_,8.48
_10232_,8.48
_10464_,8.48
_11461_,8.48
_12037_,8.48
_12075_,8.48
_12193_,8.48
_12525_,8.48
_12550_,8.48
_14478_,8.48
_15413_,8.48
_15859_,8.48
_15878_,8.48
_16631_,8.48
_16657_,8.48
_17033_,8.48
_18261_,8.48
_18704_,8.48
_19140_,8.48
_19661_,8.48
_20692_,8.48
_23202_,8.48
_23865_,8.48
_24031_,8.48
_24443_,8.48
_25376_,8.48
_25873_,8.48
_27383_,8.48
_28491_,8.48
_28601_,8.48
_28676_,8.48
_29487_,8.48
_29795_,8.48
_29977_,8.48
_31132_,8.48
_31453_,8.48
_31570_,8.48
_31953_,8.48
_32049_,8.48
_32145_,8.48
_32564_,8.48
_33506_,8.48
_33966_,8.48
_34712_,8.48
_35071_,8.48
_35894_,8.48
_36428_,8.48
_36669_,8.48
_36713_,8.48
_37617_,8.48
_38264_,8.48
_38809_,8.48
_40229_,8.48
_40483_,8.48
_41092_,8.48
_41573_,8.48
_42101_,8.48
_08061_,8.47
_19367_,8.47
_20875_,8.47
_21327_,8.47
_00404_,8.46
_00623_,8.46
_03546_,8.46
_04335_,8.46
_04345_,8.46
_05374_,8.46
_06383_,8.46
_06918_,8.46
_08934_,8.46
_08965_,8.46
_09968_,8.46
_10090_,8.46
_10819_,8.46
_11119_,8.46
_11652_,8.46
_11749_,8.46
_11925_,8.46
_13861_,8.46
_14352_,8.46
_15183_,8.46
_16242_,8.46
_16759_,8.46
_17573_,8.46
_17845_,8.46
_17902_,8.46
_18272_,8.46
_18987_,8.46
_19520_,8.46
_20751_,8.46
_20899_,8.46
_23017_,8.46
_23320_,8.46
_23517_,8.46
_23669_,8.46
_26034_,8.46
_26148_,8.46
_26485_,8.46
_26965_,8.46
_27651_,8.46
_28217_,8.46
_28613_,8.46
_28615_,8.46
_29271_,8.46
_30223_,8.46
_30727_,8.46
_31006_,8.46
_33259_,8.46
_34236_,8.46
_38037_,8.46
_38957_,8.46
_39594_,8.46
_39858_,8.46
_41350_,8.46
_41461_,8.46
_41596_,8.46
_42002_,8.46
_20586_,8.455
_20937_,8.455
_29351_,8.455
_31021_,8.455
_20566_,8.45
_25249_,8.445
_36573_,8.445
_00455_,8.44
_00644_,8.44
_00698_,8.44
_01138_,8.44
_01642_,8.44
_02791_,8.44
_02988_,8.44
_03894_,8.44
_04012_,8.44
_04209_,8.44
_04237_,8.44
_04568_,8.44
_04985_,8.44
_05032_,8.44
_05227_,8.44
_05290_,8.44
_06458_,8.44
_06660_,8.44
_07031_,8.44
_07258_,8.44
_07989_,8.44
_08337_,8.44
_08753_,8.44
_09965_,8.44
_10188_,8.44
_10280_,8.44
_10816_,8.44
_10826_,8.44
_11108_,8.44
_11320_,8.44
_11682_,8.44
_12173_,8.44
_12457_,8.44
_14060_,8.44
_14515_,8.44
_15093_,8.44
_16227_,8.44
_16605_,8.44
_16665_,8.44
_16808_,8.44
_16847_,8.44
_16859_,8.44
_16886_,8.44
_17070_,8.44
_17151_,8.44
_17413_,8.44
_17450_,8.44
_18416_,8.44
_18496_,8.44
_18792_,8.44
_18999_,8.44
_20222_,8.44
_20838_,8.44
_21051_,8.44
_21104_,8.44
_21745_,8.44
_22130_,8.44
_22732_,8.44
_23827_,8.44
_24083_,8.44
_24280_,8.44
_24497_,8.44
_24842_,8.44
_25337_,8.44
_25539_,8.44
_25584_,8.44
_26541_,8.44
_27117_,8.44
_27180_,8.44
_27900_,8.44
_27948_,8.44
_28057_,8.44
_28186_,8.44
_29100_,8.44
_29203_,8.44
_29626_,8.44
_30085_,8.44
_30330_,8.44
_30548_,8.44
_31065_,8.44
_31129_,8.44
_31465_,8.44
_32032_,8.44
_32734_,8.44
_32984_,8.44
_33127_,8.44
_33468_,8.44
_33496_,8.44
_33639_,8.44
_34040_,8.44
_34041_,8.44
_34112_,8.44
_34159_,8.44
_34583_,8.44
_34924_,8.44
_35029_,8.44
_35296_,8.44
_36666_,8.44
_36799_,8.44
_38436_,8.44
_38667_,8.44
_38945_,8.44
_39194_,8.44
_39538_,8.44
_39588_,8.44
_40317_,8.44
_40701_,8.44
_40767_,8.44
_41052_,8.44
_41135_,8.44
net248,8.44
_09428_,8.435
_06961_,8.43
_16508_,8.43
_37332_,8.43
_00488_,8.42
_00833_,8.42
_04135_,8.42
_05558_,8.42
_08787_,8.42
_10930_,8.42
_12635_,8.42
_15693_,8.42
_20429_,8.42
_21461_,8.42
_22068_,8.42
_22076_,8.42
_23928_,8.42
_24049_,8.42
_27291_,8.42
_28568_,8.42
_28857_,8.42
_29088_,8.42
_34058_,8.42
_35589_,8.42
_36508_,8.42
_37688_,8.42
_39756_,8.42
_41818_,8.41
load_data[10],8.41
load_data_addr[1],8.41
_21193_,8.405
_02242_,8.4
_04612_,8.4
_05053_,8.4
_05568_,8.4
_07800_,8.4
_10438_,8.4
_15426_,8.4
_15620_,8.4
_18046_,8.4
_19218_,8.4
_19935_,8.4
_23064_,8.4
_23262_,8.4
_23289_,8.4
_23944_,8.4
_24818_,8.4
_29798_,8.4
_32871_,8.4
_34935_,8.4
_40008_,8.4
_40405_,8.4
_29560_,8.395
_37459_,8.39
_01523_,8.38
_02530_,8.38
_04229_,8.38
_04840_,8.38
_04875_,8.38
_08821_,8.38
_12106_,8.38
_12433_,8.38
_15586_,8.38
_17366_,8.38
_18035_,8.38
_18805_,8.38
_19168_,8.38
_19269_,8.38
_19448_,8.38
_19709_,8.38
_21220_,8.38
_21276_,8.38
_22830_,8.38
_23325_,8.38
_27667_,8.38
_28153_,8.38
_33566_,8.38
_33649_,8.38
_33652_,8.38
_34062_,8.38
_34144_,8.38
_35274_,8.38
_38043_,8.38
load_data[17],8.38
load_twiddle[18],8.38
net395,8.38
_28855_,8.375
_30715_,8.37
_33233_,8.37
_00798_,8.36
_01239_,8.36
_03007_,8.36
_03319_,8.36
_03604_,8.36
_03761_,8.36
_04450_,8.36
_04870_,8.36
_07199_,8.36
_09906_,8.36
_10058_,8.36
_10475_,8.36
_10534_,8.36
_10754_,8.36
_11777_,8.36
_11811_,8.36
_13034_,8.36
_13098_,8.36
_14345_,8.36
_14861_,8.36
_15986_,8.36
_16316_,8.36
_16394_,8.36
_16717_,8.36
_16904_,8.36
_17269_,8.36
_17323_,8.36
_17882_,8.36
_18425_,8.36
_18741_,8.36
_19386_,8.36
_19551_,8.36
_20169_,8.36
_20278_,8.36
_20954_,8.36
_21047_,8.36
_22046_,8.36
_23384_,8.36
_24152_,8.36
_24557_,8.36
_26043_,8.36
_27447_,8.36
_27549_,8.36
_27999_,8.36
_28734_,8.36
_29056_,8.36
_29790_,8.36
_30655_,8.36
_30959_,8.36
_32405_,8.36
_32836_,8.36
_33933_,8.36
_34156_,8.36
_37248_,8.36
_39515_,8.36
_39901_,8.36
_40083_,8.36
_40887_,8.36
_41319_,8.36
_41844_,8.36
_42040_,8.36
_42418_,8.36
net369,8.36
_24278_,8.35
_26165_,8.35
_30113_,8.35
_02927_,8.34
_03758_,8.34
_04794_,8.34
_07694_,8.34
_09705_,8.34
_10084_,8.34
_13379_,8.34
_13836_,8.34
_13903_,8.34
_15324_,8.34
_15665_,8.34
_15772_,8.34
_15782_,8.34
_15865_,8.34
_16195_,8.34
_16235_,8.34
_16356_,8.34
_16860_,8.34
_17031_,8.34
_17826_,8.34
_18280_,8.34
_19559_,8.34
_22490_,8.34
_23666_,8.34
_26116_,8.34
_27705_,8.34
_27737_,8.34
_28589_,8.34
_29096_,8.34
_30101_,8.34
_32485_,8.34
_33052_,8.34
_34711_,8.34
_35072_,8.34
_35797_,8.34
_39076_,8.34
_39603_,8.34
_39703_,8.34
_40872_,8.34
_41251_,8.34
_41869_,8.34
_37300_,8.33
_00062_,8.32
_00889_,8.32
_00925_,8.32
_00995_,8.32
_01675_,8.32
_02997_,8.32
_03289_,8.32
_03463_,8.32
_03763_,8.32
_03949_,8.32
_05588_,8.32
_06671_,8.32
_06694_,8.32
_06890_,8.32
_07727_,8.32
_08603_,8.32
_09309_,8.32
_09589_,8.32
_10603_,8.32
_10686_,8.32
_10950_,8.32
_11247_,8.32
_11527_,8.32
_11559_,8.32
_13109_,8.32
_13460_,8.32
_14122_,8.32
_14803_,8.32
_14836_,8.32
_15352_,8.32
_15682_,8.32
_16537_,8.32
_16648_,8.32
_16837_,8.32
_17248_,8.32
_17287_,8.32
_17481_,8.32
_17884_,8.32
_19075_,8.32
_19361_,8.32
_19524_,8.32
_19643_,8.32
_20634_,8.32
_20639_,8.32
_21460_,8.32
_21500_,8.32
_21891_,8.32
_22716_,8.32
_22963_,8.32
_23738_,8.32
_24344_,8.32
_26563_,8.32
_28207_,8.32
_29204_,8.32
_29988_,8.32
_31261_,8.32
_31333_,8.32
_31651_,8.32
_32151_,8.32
_32350_,8.32
_32414_,8.32
_32922_,8.32
_33043_,8.32
_33595_,8.32
_33787_,8.32
_34302_,8.32
_34776_,8.32
_35121_,8.32
_37981_,8.32
_38153_,8.32
_38308_,8.32
_39087_,8.32
_40213_,8.32
_40303_,8.32
_40702_,8.32
_40823_,8.32
_41116_,8.32
_41602_,8.32
_41638_,8.32
_09868_,8.31
_04071_,8.3
_10555_,8.3
_18508_,8.3
_19676_,8.3
_27234_,8.3
_28766_,8.3
_30564_,8.3
_31274_,8.3
_33017_,8.3
_40003_,8.3
_01917_,8.29
_04136_,8.29
_07907_,8.29
_09334_,8.29
_12841_,8.29
_20247_,8.29
_33780_,8.29
_36030_,8.29
_17487_,8.28
_19169_,8.28
_20656_,8.28
_20965_,8.28
_29817_,8.28
_35929_,8.28
_40739_,8.28
_09107_,8.275
_34383_,8.275
_27565_,8.27
_27734_,8.27
_04546_,8.26
_06083_,8.26
_13063_,8.26
_15753_,8.26
_16867_,8.26
_17726_,8.26
_18258_,8.26
_18283_,8.26
_18446_,8.26
_19650_,8.26
_33626_,8.26
_34219_,8.26
_38315_,8.26
load_twiddle[27],8.26
load_twiddle[30],8.26
_27270_,8.255
_01618_,8.24
_02807_,8.24
_03194_,8.24
_03911_,8.24
_04212_,8.24
_04618_,8.24
_05097_,8.24
_05668_,8.24
_05736_,8.24
_07033_,8.24
_08288_,8.24
_08378_,8.24
_08605_,8.24
_08710_,8.24
_09182_,8.24
_09291_,8.24
_09298_,8.24
_09315_,8.24
_09494_,8.24
_10454_,8.24
_11188_,8.24
_11920_,8.24
_13406_,8.24
_13472_,8.24
_13716_,8.24
_13887_,8.24
_13893_,8.24
_13930_,8.24
_13989_,8.24
_14102_,8.24
_14236_,8.24
_14363_,8.24
_14801_,8.24
_15775_,8.24
_16807_,8.24
_17108_,8.24
_17149_,8.24
_17489_,8.24
_17976_,8.24
_18060_,8.24
_19098_,8.24
_19268_,8.24
_19821_,8.24
_20366_,8.24
_20392_,8.24
_20668_,8.24
_21628_,8.24
_23623_,8.24
_23707_,8.24
_26454_,8.24
_26531_,8.24
_27772_,8.24
_27880_,8.24
_28124_,8.24
_29134_,8.24
_30017_,8.24
_30103_,8.24
_30139_,8.24
_30703_,8.24
_32031_,8.24
_32144_,8.24
_32199_,8.24
_32334_,8.24
_32704_,8.24
_33131_,8.24
_33977_,8.24
_34105_,8.24
_34125_,8.24
_34673_,8.24
_34683_,8.24
_34961_,8.24
_35068_,8.24
_35282_,8.24
_35739_,8.24
_36304_,8.24
_36343_,8.24
_36392_,8.24
_38565_,8.24
_38600_,8.24
_38756_,8.24
_38987_,8.24
_39372_,8.24
_40342_,8.24
_40677_,8.24
_41307_,8.24
_41594_,8.24
_41886_,8.24
_00508_,8.235
_04047_,8.235
_28052_,8.235
_41221_,8.23
_00309_,8.22
_00499_,8.22
_00598_,8.22
_00610_,8.22
_00992_,8.22
_01534_,8.22
_01635_,8.22
_01775_,8.22
_03983_,8.22
_04248_,8.22
_05542_,8.22
_06600_,8.22
_10472_,8.22
_10745_,8.22
_11144_,8.22
_13471_,8.22
_17807_,8.22
_17865_,8.22
_18201_,8.22
_22398_,8.22
_22934_,8.22
_23640_,8.22
_25932_,8.22
_26052_,8.22
_29151_,8.22
_29442_,8.22
_34834_,8.22
_36099_,8.22
_39496_,8.22
_41143_,8.22
_12181_,8.21
_29931_,8.21
_09553_,8.205
_01200_,8.2
_03452_,8.2
_03699_,8.2
_03804_,8.2
_03953_,8.2
_04221_,8.2
_04224_,8.2
_04321_,8.2
_05606_,8.2
_05714_,8.2
_06473_,8.2
_06931_,8.2
_08991_,8.2
_10055_,8.2
_10257_,8.2
_10569_,8.2
_11076_,8.2
_12657_,8.2
_12926_,8.2
_15086_,8.2
_15152_,8.2
_17388_,8.2
_17414_,8.2
_17534_,8.2
_18227_,8.2
_19624_,8.2
_19931_,8.2
_20227_,8.2
_20671_,8.2
_21105_,8.2
_21129_,8.2
_23109_,8.2
_23292_,8.2
_25483_,8.2
_25855_,8.2
_26005_,8.2
_27252_,8.2
_27906_,8.2
_27919_,8.2
_28060_,8.2
_28385_,8.2
_28476_,8.2
_29717_,8.2
_30115_,8.2
_30143_,8.2
_30283_,8.2
_31139_,8.2
_31658_,8.2
_32102_,8.2
_32821_,8.2
_33288_,8.2
_33615_,8.2
_34606_,8.2
_34687_,8.2
_36145_,8.2
_37746_,8.2
_37983_,8.2
_38278_,8.2
_39810_,8.2
_40622_,8.2
_41235_,8.2
_41302_,8.2
_41358_,8.2
_42317_,8.2
_09271_,8.18
_12352_,8.18
_14482_,8.18
_18365_,8.18
_25719_,8.18
_26254_,8.18
_26256_,8.18
_01543_,8.175
_02885_,8.17
_03363_,8.17
_12416_,8.17
_41029_,8.17
load_data[8],8.17
_00336_,8.16
_01504_,8.16
_01723_,8.16
_01884_,8.16
_10452_,8.16
_11357_,8.16
_11721_,8.16
_12210_,8.16
_15095_,8.16
_15263_,8.16
_17775_,8.16
_19121_,8.16
_19417_,8.16
_21002_,8.16
_22038_,8.16
_22127_,8.16
_22238_,8.16
_22392_,8.16
_25329_,8.16
_26491_,8.16
_26568_,8.16
_31015_,8.16
_34495_,8.16
_40052_,8.16
_40072_,8.16
_41581_,8.16
_03886_,8.15
_04610_,8.15
_05755_,8.145
_00308_,8.14
_01800_,8.14
_04281_,8.14
_08163_,8.14
_10579_,8.14
_12186_,8.14
_13022_,8.14
_13670_,8.14
_15196_,8.14
_15343_,8.14
_16463_,8.14
_16597_,8.14
_21126_,8.14
_22072_,8.14
_22167_,8.14
_23316_,8.14
_24785_,8.14
_24790_,8.14
_24988_,8.14
_24993_,8.14
_25159_,8.14
_25162_,8.14
_28577_,8.14
_29465_,8.14
_32228_,8.14
_33846_,8.14
_34257_,8.14
_35818_,8.14
_35997_,8.14
_36784_,8.14
_39261_,8.14
_39719_,8.14
_40721_,8.14
_41503_,8.14
_41580_,8.14
_41717_,8.14
_42129_,8.14
_34368_,8.135
_05465_,8.13
_08404_,8.13
_37831_,8.13
_15924_,8.125
_01237_,8.12
_01573_,8.12
_02081_,8.12
_04175_,8.12
_05007_,8.12
_05926_,8.12
_06803_,8.12
_07195_,8.12
_07399_,8.12
_08058_,8.12
_08687_,8.12
_09290_,8.12
_09590_,8.12
_09914_,8.12
_10678_,8.12
_11340_,8.12
_11753_,8.12
_12216_,8.12
_12374_,8.12
_13630_,8.12
_14090_,8.12
_14231_,8.12
_14862_,8.12
_14951_,8.12
_15348_,8.12
_15724_,8.12
_15759_,8.12
_16254_,8.12
_16284_,8.12
_16425_,8.12
_17101_,8.12
_17559_,8.12
_17607_,8.12
_17666_,8.12
_17711_,8.12
_17850_,8.12
_18056_,8.12
_18918_,8.12
_19377_,8.12
_19446_,8.12
_19782_,8.12
_19861_,8.12
_21344_,8.12
_21814_,8.12
_22060_,8.12
_22159_,8.12
_22273_,8.12
_22399_,8.12
_23168_,8.12
_24272_,8.12
_25303_,8.12
_25617_,8.12
_26228_,8.12
_26686_,8.12
_27710_,8.12
_27895_,8.12
_27991_,8.12
_28158_,8.12
_28214_,8.12
_28408_,8.12
_28843_,8.12
_28895_,8.12
_29092_,8.12
_29273_,8.12
_29460_,8.12
_29482_,8.12
_29864_,8.12
_29960_,8.12
_30327_,8.12
_30909_,8.12
_33751_,8.12
_35200_,8.12
_35686_,8.12
_35778_,8.12
_36036_,8.12
_37384_,8.12
_40362_,8.12
_40592_,8.12
_40655_,8.12
_40700_,8.12
_41202_,8.12
_41721_,8.12
_41877_,8.12
_16813_,8.115
_31847_,8.115
_01869_,8.1
_03324_,8.1
_03741_,8.1
_04535_,8.1
_05102_,8.1
_06073_,8.1
_06135_,8.1
_07883_,8.1
_08114_,8.1
_08338_,8.1
_09070_,8.1
_09404_,8.1
_09458_,8.1
_09728_,8.1
_09841_,8.1
_10133_,8.1
_10473_,8.1
_12003_,8.1
_12295_,8.1
_13308_,8.1
_16952_,8.1
_17195_,8.1
_17247_,8.1
_17645_,8.1
_19792_,8.1
_19914_,8.1
_20769_,8.1
_21112_,8.1
_21183_,8.1
_21996_,8.1
_22511_,8.1
_22634_,8.1
_22720_,8.1
_22792_,8.1
_23103_,8.1
_23276_,8.1
_23547_,8.1
_23658_,8.1
_23726_,8.1
_24815_,8.1
_25244_,8.1
_25774_,8.1
_26246_,8.1
_28227_,8.1
_29201_,8.1
_30000_,8.1
_31071_,8.1
_31471_,8.1
_31604_,8.1
_32693_,8.1
_33280_,8.1
_33399_,8.1
_33507_,8.1
_34051_,8.1
_34339_,8.1
_34447_,8.1
_34577_,8.1
_34587_,8.1
_35794_,8.1
_35946_,8.1
_36442_,8.1
_37001_,8.1
_38202_,8.1
_38364_,8.1
_38925_,8.1
_39389_,8.1
_39702_,8.1
_39706_,8.1
_41174_,8.1
_41498_,8.1
_41628_,8.1
_41964_,8.1
_42106_,8.1
_13203_,8.095
_15609_,8.095
_03276_,8.08
_04177_,8.08
_05737_,8.08
_06461_,8.08
_07436_,8.08
_08764_,8.08
_09055_,8.08
_10190_,8.08
_10443_,8.08
_11831_,8.08
_12117_,8.08
_13001_,8.08
_14677_,8.08
_14883_,8.08
_15045_,8.08
_16607_,8.08
_17669_,8.08
_18438_,8.08
_18877_,8.08
_21075_,8.08
_21718_,8.08
_23299_,8.08
_25947_,8.08
_26318_,8.08
_29280_,8.08
_29670_,8.08
_30083_,8.08
_30332_,8.08
_30689_,8.08
_31993_,8.08
_32407_,8.08
_33273_,8.08
_37133_,8.08
_37986_,8.08
_39489_,8.08
_39672_,8.08
_15072_,8.075
_15602_,8.075
_37388_,8.07
_00651_,8.06
_01773_,8.06
_02035_,8.06
_02356_,8.06
_04529_,8.06
_14579_,8.06
_14999_,8.06
_15170_,8.06
_18053_,8.06
_20690_,8.06
_20960_,8.06
_21956_,8.06
_23725_,8.06
_25311_,8.06
_27356_,8.06
_28631_,8.06
_30397_,8.06
_30887_,8.06
_33991_,8.06
_36084_,8.06
_41296_,8.06
_42187_,8.06
net362,8.06
_07861_,8.05
_40532_,8.05
_00922_,8.04
_01251_,8.04
_02549_,8.04
_04498_,8.04
_05186_,8.04
_06511_,8.04
_06760_,8.04
_06798_,8.04
_11545_,8.04
_11599_,8.04
_11888_,8.04
_11890_,8.04
_14233_,8.04
_16276_,8.04
_16393_,8.04
_16431_,8.04
_18802_,8.04
_19447_,8.04
_22133_,8.04
_23572_,8.04
_25914_,8.04
_27008_,8.04
_28764_,8.04
_29009_,8.04
_29630_,8.04
_29805_,8.04
_30255_,8.04
_30294_,8.04
_31150_,8.04
_31468_,8.04
_31538_,8.04
_31785_,8.04
_33195_,8.04
_34736_,8.04
_34958_,8.04
_36812_,8.04
_38404_,8.04
_39018_,8.04
_41604_,8.04
_41814_,8.04
_42070_,8.04
read_data[21],8.04
read_data[29],8.04
read_data[2],8.04
net429,8.04
_33225_,8.035
_35622_,8.035
_00359_,8.02
_00738_,8.02
_02816_,8.02
_03441_,8.02
_04315_,8.02
_04765_,8.02
_05915_,8.02
_06413_,8.02
_06468_,8.02
_08467_,8.02
_09246_,8.02
_09420_,8.02
_09456_,8.02
_10905_,8.02
_11944_,8.02
_12517_,8.02
_12532_,8.02
_13735_,8.02
_15261_,8.02
_15266_,8.02
_15616_,8.02
_15769_,8.02
_16117_,8.02
_16585_,8.02
_17843_,8.02
_17893_,8.02
_17917_,8.02
_18069_,8.02
_18193_,8.02
_18421_,8.02
_18668_,8.02
_18837_,8.02
_19678_,8.02
_20799_,8.02
_20809_,8.02
_22255_,8.02
_22259_,8.02
_23645_,8.02
_23983_,8.02
_24095_,8.02
_24847_,8.02
_25254_,8.02
_25773_,8.02
_27243_,8.02
_27374_,8.02
_27603_,8.02
_29070_,8.02
_31720_,8.02
_32308_,8.02
_33540_,8.02
_34034_,8.02
_34449_,8.02
_34898_,8.02
_35115_,8.02
_35287_,8.02
_35561_,8.02
_35601_,8.02
_36229_,8.02
_36341_,8.02
_36609_,8.02
_36698_,8.02
_36699_,8.02
_36938_,8.02
_37349_,8.02
_37443_,8.02
_38208_,8.02
_38589_,8.02
_39268_,8.02
_39366_,8.02
_40590_,8.02
_40916_,8.02
_41095_,8.02
_41493_,8.02
_41619_,8.02
_41764_,8.02
_41767_,8.02
_42350_,8.02
_00468_,8.015
_12955_,8.015
_09505_,8.005
_01670_,8
_01873_,8
_02493_,8
_03001_,8
_03068_,8
_03930_,8
_06254_,8
_06301_,8
_07074_,8
_07942_,8
_09352_,8
_10975_,8
_11523_,8
_11667_,8
_12481_,8
_12951_,8
_14886_,8
_15005_,8
_15075_,8
_15322_,8
_15847_,8
_16126_,8
_16156_,8
_16202_,8
_16226_,8
_16671_,8
_16800_,8
_17346_,8
_18159_,8
_18753_,8
_21116_,8
_21983_,8
_22498_,8
_22620_,8
_23625_,8
_25547_,8
_26384_,8
_26417_,8
_26881_,8
_27121_,8
_27211_,8
_27302_,8
_27822_,8
_28780_,8
_30981_,8
_31137_,8
_33245_,8
_34006_,8
_34841_,8
_34861_,8
_38417_,8
_39081_,8
_39846_,8
_40738_,8
_32157_,7.985
_01155_,7.98
_01229_,7.98
_02296_,7.98
_03456_,7.98
_04077_,7.98
_04184_,7.98
_04943_,7.98
_07006_,7.98
_07217_,7.98
_07276_,7.98
_08628_,7.98
_08928_,7.98
_09217_,7.98
_09597_,7.98
_09600_,7.98
_09886_,7.98
_10102_,7.98
_10155_,7.98
_10170_,7.98
_10367_,7.98
_10423_,7.98
_10918_,7.98
_11181_,7.98
_11594_,7.98
_11731_,7.98
_13108_,7.98
_13648_,7.98
_15088_,7.98
_15113_,7.98
_16238_,7.98
_16726_,7.98
_17206_,7.98
_17273_,7.98
_17901_,7.98
_18439_,7.98
_18692_,7.98
_18697_,7.98
_18976_,7.98
_19030_,7.98
_19137_,7.98
_21416_,7.98
_21690_,7.98
_22283_,7.98
_22509_,7.98
_23162_,7.98
_23273_,7.98
_23835_,7.98
_23923_,7.98
_23930_,7.98
_24163_,7.98
_24578_,7.98
_25026_,7.98
_25054_,7.98
_25834_,7.98
_25946_,7.98
_25967_,7.98
_25994_,7.98
_26169_,7.98
_27006_,7.98
_27558_,7.98
_27611_,7.98
_27763_,7.98
_28268_,7.98
_28684_,7.98
_29085_,7.98
_29463_,7.98
_29601_,7.98
_30236_,7.98
_30645_,7.98
_30964_,7.98
_31158_,7.98
_32044_,7.98
_32233_,7.98
_32694_,7.98
_32917_,7.98
_33232_,7.98
_33872_,7.98
_33889_,7.98
_34187_,7.98
_34602_,7.98
_34895_,7.98
_35332_,7.98
_35806_,7.98
_37418_,7.98
_37569_,7.98
_37613_,7.98
_37803_,7.98
_38319_,7.98
_40157_,7.98
_40211_,7.98
_40381_,7.98
_40627_,7.98
_40853_,7.98
_40951_,7.98
_41131_,7.98
_41313_,7.98
_41540_,7.98
_41654_,7.98
_42183_,7.98
net340,7.98
_05221_,7.975
_29141_,7.97
_02466_,7.96
_07170_,7.96
_15646_,7.96
_16257_,7.96
_23496_,7.96
_24187_,7.96
_24465_,7.96
_28803_,7.96
_28962_,7.96
_30337_,7.96
_34930_,7.96
_37659_,7.96
_39761_,7.96
_15278_,7.955
_28801_,7.955
_08657_,7.95
_01333_,7.94
_02812_,7.94
_04068_,7.94
_07421_,7.94
_10372_,7.94
_12149_,7.94
_13637_,7.94
_17496_,7.94
_22877_,7.94
_26580_,7.94
_28261_,7.94
_28366_,7.94
_31995_,7.94
_34992_,7.94
_35502_,7.94
_36094_,7.94
_39260_,7.94
_40267_,7.94
_41704_,7.94
_20314_,7.935
_33421_,7.935
_00774_,7.93
_20631_,7.93
_23446_,7.93
_32513_,7.93
_33109_,7.93
load_data[24],7.93
_01023_,7.92
_02920_,7.92
_03243_,7.92
_04560_,7.92
_04832_,7.92
_05923_,7.92
_08868_,7.92
_09047_,7.92
_09276_,7.92
_10331_,7.92
_11223_,7.92
_13432_,7.92
_17159_,7.92
_18989_,7.92
_20561_,7.92
_22616_,7.92
_22692_,7.92
_23693_,7.92
_27391_,7.92
_27598_,7.92
_28015_,7.92
_36374_,7.92
_39122_,7.92
_05629_,7.91
_37558_,7.91
_17408_,7.905
_01688_,7.9
_02619_,7.9
_03010_,7.9
_03063_,7.9
_03548_,7.9
_03691_,7.9
_03715_,7.9
_03893_,7.9
_04235_,7.9
_04459_,7.9
_04571_,7.9
_05399_,7.9
_05464_,7.9
_05948_,7.9
_06485_,7.9
_07373_,7.9
_07414_,7.9
_07535_,7.9
_08165_,7.9
_08328_,7.9
_09376_,7.9
_09863_,7.9
_11010_,7.9
_11437_,7.9
_11549_,7.9
_11785_,7.9
_12647_,7.9
_12683_,7.9
_12737_,7.9
_13237_,7.9
_14505_,7.9
_14590_,7.9
_15625_,7.9
_15635_,7.9
_17182_,7.9
_18567_,7.9
_19901_,7.9
_20252_,7.9
_21035_,7.9
_21829_,7.9
_25148_,7.9
_25811_,7.9
_26583_,7.9
_27003_,7.9
_28151_,7.9
_28351_,7.9
_28583_,7.9
_28974_,7.9
_29187_,7.9
_30347_,7.9
_30396_,7.9
_30567_,7.9
_31173_,7.9
_32208_,7.9
_32631_,7.9
_33135_,7.9
_33437_,7.9
_33684_,7.9
_33956_,7.9
_35170_,7.9
_35543_,7.9
_36917_,7.9
_38070_,7.9
_38180_,7.9
_39089_,7.9
_41253_,7.9
_41621_,7.9
_41848_,7.9
_42055_,7.9
_42389_,7.9
_00587_,7.88
_03041_,7.88
_03613_,7.88
_03812_,7.88
_04522_,7.88
_08698_,7.88
_09846_,7.88
_10302_,7.88
_11265_,7.88
_13027_,7.88
_15559_,7.88
_15975_,7.88
_16115_,7.88
_16784_,7.88
_17643_,7.88
_17649_,7.88
_19391_,7.88
_21245_,7.88
_22957_,7.88
_23060_,7.88
_26292_,7.88
_26293_,7.88
_27739_,7.88
_28616_,7.88
_29117_,7.88
_30507_,7.88
_32037_,7.88
_32338_,7.88
_32931_,7.88
_33646_,7.88
_35108_,7.88
_37408_,7.88
_39435_,7.88
_41754_,7.88
_00043_,7.86
_00590_,7.86
_02520_,7.86
_03162_,7.86
_03216_,7.86
_04360_,7.86
_05090_,7.86
_05106_,7.86
_05748_,7.86
_06107_,7.86
_06876_,7.86
_07853_,7.86
_09695_,7.86
_10519_,7.86
_11264_,7.86
_11663_,7.86
_13014_,7.86
_13168_,7.86
_13914_,7.86
_15068_,7.86
_15523_,7.86
_16002_,7.86
_16051_,7.86
_16893_,7.86
_16917_,7.86
_16931_,7.86
_17200_,7.86
_17381_,7.86
_18781_,7.86
_20469_,7.86
_22751_,7.86
_23631_,7.86
_23672_,7.86
_23973_,7.86
_24044_,7.86
_24494_,7.86
_26624_,7.86
_28427_,7.86
_28859_,7.86
_30216_,7.86
_30345_,7.86
_30670_,7.86
_31018_,7.86
_31372_,7.86
_31974_,7.86
_32364_,7.86
_33168_,7.86
_33403_,7.86
_33431_,7.86
_33571_,7.86
_33803_,7.86
_34110_,7.86
_34791_,7.86
_35714_,7.86
_36214_,7.86
_36282_,7.86
_38504_,7.86
_39689_,7.86
_39807_,7.86
_39821_,7.86
_39837_,7.86
_40462_,7.86
_40547_,7.86
_41338_,7.86
_41966_,7.86
_42145_,7.86
_42320_,7.86
net367,7.86
_05216_,7.85
_42430_,7.85
_09434_,7.84
_11775_,7.84
_13262_,7.84
_13742_,7.84
_17191_,7.84
_19964_,7.84
_20543_,7.84
_24806_,7.84
_28239_,7.84
_33124_,7.84
_07708_,7.83
_28913_,7.83
_37813_,7.83
_00372_,7.825
_00942_,7.82
_02329_,7.82
_20985_,7.82
_27133_,7.82
_28017_,7.82
_30126_,7.82
_32356_,7.82
_33693_,7.81
_06790_,7.8
_07204_,7.8
_07481_,7.8
_12114_,7.8
_12555_,7.8
_12576_,7.8
_14705_,7.8
_15896_,7.8
_16023_,7.8
_16505_,7.8
_19728_,7.8
_19777_,7.8
_19896_,7.8
_20333_,7.8
_21917_,7.8
_24192_,7.8
_27428_,7.8
_27718_,7.8
_31687_,7.8
_32382_,7.8
_33959_,7.8
_34433_,7.8
_38874_,7.8
_26967_,7.795
_38952_,7.795
_05210_,7.79
_38708_,7.79
_00394_,7.78
_00578_,7.78
_02066_,7.78
_03310_,7.78
_03323_,7.78
_03379_,7.78
_03679_,7.78
_03831_,7.78
_04259_,7.78
_04429_,7.78
_04497_,7.78
_04689_,7.78
_04873_,7.78
_05418_,7.78
_05718_,7.78
_06978_,7.78
_07429_,7.78
_07476_,7.78
_08272_,7.78
_08839_,7.78
_10518_,7.78
_11418_,7.78
_11709_,7.78
_11757_,7.78
_11994_,7.78
_12021_,7.78
_12389_,7.78
_13945_,7.78
_14368_,7.78
_14563_,7.78
_15078_,7.78
_15365_,7.78
_15494_,7.78
_15951_,7.78
_16354_,7.78
_17823_,7.78
_18212_,7.78
_18560_,7.78
_18724_,7.78
_18940_,7.78
_19068_,7.78
_19090_,7.78
_19434_,7.78
_19570_,7.78
_20362_,7.78
_20817_,7.78
_21801_,7.78
_22240_,7.78
_22336_,7.78
_22717_,7.78
_25420_,7.78
_25830_,7.78
_25842_,7.78
_26177_,7.78
_26255_,7.78
_26426_,7.78
_26707_,7.78
_26724_,7.78
_26789_,7.78
_27396_,7.78
_27471_,7.78
_27744_,7.78
_27870_,7.78
_28281_,7.78
_28872_,7.78
_29533_,7.78
_30570_,7.78
_30780_,7.78
_31776_,7.78
_32148_,7.78
_32498_,7.78
_32601_,7.78
_33049_,7.78
_33905_,7.78
_34369_,7.78
_34508_,7.78
_35680_,7.78
_35966_,7.78
_36015_,7.78
_36610_,7.78
_37354_,7.78
_38003_,7.78
_38953_,7.78
_40155_,7.78
_40169_,7.78
_40228_,7.78
_40417_,7.78
_40493_,7.78
_40497_,7.78
_40514_,7.78
_41058_,7.78
_41080_,7.78
_41269_,7.78
_41347_,7.78
_41487_,7.78
_41614_,7.78
_42090_,7.78
_42248_,7.78
_42290_,7.78
_42484_,7.78
_21114_,7.775
_32078_,7.775
_12985_,7.77
_22555_,7.77
_40305_,7.77
_00084_,7.76
_00191_,7.76
_00363_,7.76
_04669_,7.76
_05764_,7.76
_06560_,7.76
_10447_,7.76
_10728_,7.76
_10884_,7.76
_15624_,7.76
_18685_,7.76
_19514_,7.76
_22779_,7.76
_23242_,7.76
_23260_,7.76
_23904_,7.76
_26571_,7.76
_26721_,7.76
_26813_,7.76
_27165_,7.76
_27955_,7.76
_28116_,7.76
_29216_,7.76
_29742_,7.76
_29882_,7.76
_31826_,7.76
_31956_,7.76
_35169_,7.76
_39813_,7.76
_40895_,7.76
_11922_,7.755
_26711_,7.755
_26989_,7.755
_07437_,7.745
_00905_,7.74
_01952_,7.74
_02151_,7.74
_03114_,7.74
_03353_,7.74
_06901_,7.74
_08306_,7.74
_08364_,7.74
_09766_,7.74
_09828_,7.74
_09984_,7.74
_10617_,7.74
_10729_,7.74
_11228_,7.74
_12473_,7.74
_13149_,7.74
_13368_,7.74
_14953_,7.74
_14981_,7.74
_15197_,7.74
_15221_,7.74
_15347_,7.74
_15552_,7.74
_18010_,7.74
_18318_,7.74
_18544_,7.74
_22231_,7.74
_22457_,7.74
_25321_,7.74
_27245_,7.74
_27246_,7.74
_27491_,7.74
_29093_,7.74
_29497_,7.74
_30343_,7.74
_31141_,7.74
_31352_,7.74
_31369_,7.74
_32223_,7.74
_32872_,7.74
_34697_,7.74
_35856_,7.74
_35928_,7.74
_36404_,7.74
_36936_,7.74
_37367_,7.74
_37556_,7.74
_38371_,7.74
_38739_,7.74
_39797_,7.74
_41401_,7.74
_41462_,7.74
_41759_,7.74
_41940_,7.74
_42023_,7.74
_42046_,7.74
_42068_,7.74
_42518_,7.74
_17294_,7.735
_09136_,7.73
_07128_,7.72
_16682_,7.72
_22030_,7.72
_26934_,7.72
_36256_,7.72
_00031_,7.7
_01268_,7.7
_03589_,7.7
_06955_,7.7
_10310_,7.7
_11911_,7.7
_12978_,7.7
_14891_,7.7
_18871_,7.7
_18899_,7.7
_26840_,7.7
_27467_,7.7
_28237_,7.7
_28342_,7.7
_31411_,7.7
_32746_,7.7
_33740_,7.7
_34494_,7.7
_35063_,7.7
_35482_,7.7
_39049_,7.7
_39171_,7.7
_41185_,7.7
_41212_,7.7
_41648_,7.7
net147,7.7
_17792_,7.695
_08035_,7.685
_17162_,7.685
_00193_,7.68
_00229_,7.68
_00409_,7.68
_00741_,7.68
_01123_,7.68
_02024_,7.68
_03083_,7.68
_04323_,7.68
_07555_,7.68
_07746_,7.68
_13518_,7.68
_14978_,7.68
_15239_,7.68
_15323_,7.68
_16894_,7.68
_17825_,7.68
_18117_,7.68
_21696_,7.68
_21719_,7.68
_23236_,7.68
_23506_,7.68
_23558_,7.68
_24259_,7.68
_24577_,7.68
_25313_,7.68
_25383_,7.68
_27345_,7.68
_28224_,7.68
_28587_,7.68
_28657_,7.68
_28938_,7.68
_29130_,7.68
_31001_,7.68
_32074_,7.68
_32811_,7.68
_33102_,7.68
_33779_,7.68
_33950_,7.68
_34168_,7.68
_34920_,7.68
_35181_,7.68
_35751_,7.68
_36599_,7.68
_36680_,7.68
_36758_,7.68
_36822_,7.68
_37809_,7.68
_40361_,7.68
_40424_,7.68
_40795_,7.68
_40881_,7.68
_41031_,7.68
_41160_,7.68
_41438_,7.68
_18836_,7.675
_15783_,7.67
_01529_,7.66
_03112_,7.66
_03505_,7.66
_04256_,7.66
_04834_,7.66
_05432_,7.66
_06429_,7.66
_06505_,7.66
_08172_,7.66
_08423_,7.66
_08888_,7.66
_09200_,7.66
_09318_,7.66
_10956_,7.66
_11079_,7.66
_12530_,7.66
_13977_,7.66
_14819_,7.66
_14854_,7.66
_15918_,7.66
_16186_,7.66
_16378_,7.66
_16620_,7.66
_17221_,7.66
_17258_,7.66
_17778_,7.66
_17814_,7.66
_18346_,7.66
_19804_,7.66
_20397_,7.66
_21859_,7.66
_21934_,7.66
_21944_,7.66
_21981_,7.66
_22284_,7.66
_23172_,7.66
_24106_,7.66
_24663_,7.66
_25064_,7.66
_25161_,7.66
_25922_,7.66
_26939_,7.66
_27289_,7.66
_27636_,7.66
_28638_,7.66
_28889_,7.66
_29259_,7.66
_29660_,7.66
_29914_,7.66
_29959_,7.66
_30578_,7.66
_31019_,7.66
_31951_,7.66
_32607_,7.66
_33935_,7.66
_34142_,7.66
_35445_,7.66
_36277_,7.66
_37016_,7.66
_37994_,7.66
_38637_,7.66
_38642_,7.66
_39225_,7.66
_39571_,7.66
_40387_,7.66
_41284_,7.66
_42153_,7.66
_42512_,7.66
_42551_,7.66
_01269_,7.655
_18548_,7.655
_01645_,7.645
_00181_,7.64
_02132_,7.64
_02325_,7.64
_02345_,7.64
_02476_,7.64
_02527_,7.64
_02623_,7.64
_02702_,7.64
_02774_,7.64
_04146_,7.64
_04532_,7.64
_05546_,7.64
_06099_,7.64
_06510_,7.64
_07524_,7.64
_07730_,7.64
_07747_,7.64
_07932_,7.64
_07986_,7.64
_08376_,7.64
_08836_,7.64
_09354_,7.64
_09556_,7.64
_09967_,7.64
_10984_,7.64
_11030_,7.64
_11050_,7.64
_11687_,7.64
_12176_,7.64
_12349_,7.64
_12662_,7.64
_12802_,7.64
_13096_,7.64
_14751_,7.64
_15319_,7.64
_15889_,7.64
_16004_,7.64
_16028_,7.64
_16359_,7.64
_16502_,7.64
_16708_,7.64
_17048_,7.64
_18087_,7.64
_18104_,7.64
_18459_,7.64
_19925_,7.64
_20898_,7.64
_20944_,7.64
_21124_,7.64
_21138_,7.64
_21206_,7.64
_21336_,7.64
_21711_,7.64
_21804_,7.64
_21823_,7.64
_22978_,7.64
_23908_,7.64
_24395_,7.64
_24808_,7.64
_25305_,7.64
_25432_,7.64
_26119_,7.64
_26277_,7.64
_26640_,7.64
_26805_,7.64
_27088_,7.64
_28986_,7.64
_30151_,7.64
_30258_,7.64
_30341_,7.64
_30373_,7.64
_31513_,7.64
_32388_,7.64
_32809_,7.64
_33014_,7.64
_33093_,7.64
_33171_,7.64
_33292_,7.64
_33582_,7.64
_34138_,7.64
_34207_,7.64
_34788_,7.64
_34927_,7.64
_34928_,7.64
_35478_,7.64
_36988_,7.64
_39982_,7.64
_40908_,7.64
_40956_,7.64
_41932_,7.64
_04595_,7.635
_00975_,7.62
_01094_,7.62
_01410_,7.62
_09552_,7.62
_09820_,7.62
_10597_,7.62
_10657_,7.62
_13641_,7.62
_14691_,7.62
_17813_,7.62
_20647_,7.62
_20684_,7.62
_27283_,7.62
_29437_,7.62
_32992_,7.62
_33587_,7.62
_34904_,7.62
_37802_,7.62
_41228_,7.62
_41321_,7.62
_39513_,7.61
_25231_,7.605
_01992_,7.6
_06017_,7.6
_09802_,7.6
_11854_,7.6
_13159_,7.6
_16322_,7.6
_16624_,7.6
_18127_,7.6
_20816_,7.6
_21646_,7.6
_21803_,7.6
_22008_,7.6
_22972_,7.6
_23106_,7.6
_23392_,7.6
_23500_,7.6
_23691_,7.6
_24496_,7.6
_28739_,7.6
_31034_,7.6
_31054_,7.6
_34989_,7.6
_38604_,7.6
net356,7.6
_27588_,7.59
_31308_,7.59
_41075_,7.59
_33463_,7.585
_05431_,7.58
_06436_,7.58
_08869_,7.58
_09444_,7.58
_10069_,7.58
_12991_,7.58
_13440_,7.58
_13725_,7.58
_13733_,7.58
_14990_,7.58
_15456_,7.58
_16139_,7.58
_16540_,7.58
_16910_,7.58
_17606_,7.58
_17738_,7.58
_18949_,7.58
_19007_,7.58
_19940_,7.58
_21366_,7.58
_22098_,7.58
_22660_,7.58
_23846_,7.58
_23850_,7.58
_24101_,7.58
_24789_,7.58
_25073_,7.58
_25130_,7.58
_25372_,7.58
_25578_,7.58
_25937_,7.58
_28104_,7.58
_29169_,7.58
_30985_,7.58
_31103_,7.58
_33385_,7.58
_33601_,7.58
_34413_,7.58
_36714_,7.58
_36756_,7.58
_38288_,7.58
_39979_,7.58
_40482_,7.58
_40944_,7.58
_41780_,7.58
_41834_,7.58
_03659_,7.57
_18827_,7.565
_00085_,7.56
_00324_,7.56
_02631_,7.56
_03545_,7.56
_03912_,7.56
_04388_,7.56
_04460_,7.56
_07981_,7.56
_07984_,7.56
_08405_,7.56
_08741_,7.56
_09779_,7.56
_09928_,7.56
_10668_,7.56
_10992_,7.56
_11286_,7.56
_11630_,7.56
_11763_,7.56
_12370_,7.56
_13000_,7.56
_13181_,7.56
_14328_,7.56
_14925_,7.56
_15091_,7.56
_15492_,7.56
_15622_,7.56
_16526_,7.56
_17281_,7.56
_18309_,7.56
_18413_,7.56
_18778_,7.56
_18988_,7.56
_20696_,7.56
_21001_,7.56
_21343_,7.56
_21861_,7.56
_22211_,7.56
_22812_,7.56
_23356_,7.56
_23587_,7.56
_24170_,7.56
_24307_,7.56
_25363_,7.56
_25464_,7.56
_25588_,7.56
_25727_,7.56
_25732_,7.56
_26548_,7.56
_27388_,7.56
_27769_,7.56
_27956_,7.56
_28194_,7.56
_29155_,7.56
_29230_,7.56
_29324_,7.56
_30367_,7.56
_30425_,7.56
_30848_,7.56
_30932_,7.56
_31270_,7.56
_31345_,7.56
_32190_,7.56
_32343_,7.56
_32754_,7.56
_33121_,7.56
_33203_,7.56
_33353_,7.56
_33377_,7.56
_33464_,7.56
_33886_,7.56
_34084_,7.56
_34149_,7.56
_34214_,7.56
_35083_,7.56
_35202_,7.56
_35529_,7.56
_35571_,7.56
_35835_,7.56
_35841_,7.56
_36065_,7.56
_36148_,7.56
_36436_,7.56
_37246_,7.56
_38781_,7.56
_39417_,7.56
_40205_,7.56
_40360_,7.56
_40565_,7.56
_41191_,7.56
_41622_,7.56
_42160_,7.56
_42214_,7.56
_42235_,7.56
net373,7.56
_05239_,7.555
_05750_,7.555
_15893_,7.555
_16822_,7.555
_05684_,7.55
_13119_,7.55
_29359_,7.55
_02758_,7.545
_02946_,7.54
_03106_,7.54
_03860_,7.54
_04472_,7.54
_04503_,7.54
_06074_,7.54
_08765_,7.54
_08800_,7.54
_10324_,7.54
_11319_,7.54
_13636_,7.54
_14438_,7.54
_15305_,7.54
_16050_,7.54
_17467_,7.54
_18253_,7.54
_19408_,7.54
_20173_,7.54
_20737_,7.54
_21686_,7.54
_22423_,7.54
_22897_,7.54
_25611_,7.54
_26524_,7.54
_27113_,7.54
_28195_,7.54
_28710_,7.54
_31258_,7.54
_31415_,7.54
_32293_,7.54
_34596_,7.54
_35539_,7.54
_35926_,7.54
_37364_,7.54
_38639_,7.54
_38942_,7.54
_39564_,7.54
_40334_,7.54
_40549_,7.54
_41018_,7.54
_41726_,7.54
_42292_,7.54
_42413_,7.54
_28097_,7.53
_20879_,7.525
_00040_,7.52
_00048_,7.52
_00695_,7.52
_01763_,7.52
_01765_,7.52
_02354_,7.52
_02882_,7.52
_02968_,7.52
_03339_,7.52
_03592_,7.52
_03889_,7.52
_04196_,7.52
_04318_,7.52
_06241_,7.52
_06608_,7.52
_07118_,7.52
_07272_,7.52
_07878_,7.52
_08194_,7.52
_08266_,7.52
_08581_,7.52
_08643_,7.52
_09671_,7.52
_09811_,7.52
_10026_,7.52
_10070_,7.52
_10220_,7.52
_10525_,7.52
_10562_,7.52
_11422_,7.52
_11675_,7.52
_12044_,7.52
_12814_,7.52
_15188_,7.52
_15598_,7.52
_15699_,7.52
_15855_,7.52
_15989_,7.52
_16570_,7.52
_16574_,7.52
_17331_,7.52
_17706_,7.52
_17758_,7.52
_17805_,7.52
_17907_,7.52
_17953_,7.52
_17964_,7.52
_18878_,7.52
_19665_,7.52
_20094_,7.52
_20614_,7.52
_20686_,7.52
_20885_,7.52
_21514_,7.52
_21974_,7.52
_21976_,7.52
_22006_,7.52
_23253_,7.52
_23685_,7.52
_24531_,7.52
_26015_,7.52
_26745_,7.52
_27437_,7.52
_27653_,7.52
_28003_,7.52
_28130_,7.52
_28212_,7.52
_28354_,7.52
_28755_,7.52
_28902_,7.52
_29058_,7.52
_29069_,7.52
_29479_,7.52
_29530_,7.52
_29695_,7.52
_30488_,7.52
_30699_,7.52
_30810_,7.52
_31924_,7.52
_32307_,7.52
_32487_,7.52
_32759_,7.52
_32962_,7.52
_33098_,7.52
_33972_,7.52
_34003_,7.52
_34944_,7.52
_35078_,7.52
_35120_,7.52
_36005_,7.52
_36013_,7.52
_36763_,7.52
_36883_,7.52
_37575_,7.52
_38763_,7.52
_39107_,7.52
_39680_,7.52
_39834_,7.52
_40281_,7.52
_40527_,7.52
_41117_,7.52
_41249_,7.52
_41258_,7.52
_41426_,7.52
_41680_,7.52
_41868_,7.52
_29565_,7.515
_34251_,7.515
_10551_,7.51
_22385_,7.51
_01312_,7.5
_03067_,7.5
_11405_,7.5
_13089_,7.5
_13501_,7.5
_17390_,7.5
_18198_,7.5
_25860_,7.5
_28687_,7.5
_35286_,7.5
_35346_,7.5
_36447_,7.5
_40740_,7.5
_20803_,7.49
_22476_,7.49
_25264_,7.49
_26295_,7.49
_01400_,7.48
_01423_,7.48
_03584_,7.48
_11100_,7.48
_11236_,7.48
_18578_,7.48
_20582_,7.48
_21391_,7.48
_25767_,7.48
_28321_,7.48
_33940_,7.48
_40212_,7.48
net212,7.48
_12145_,7.47
_22916_,7.47
_00171_,7.46
_04853_,7.46
_11962_,7.46
_13011_,7.46
_14305_,7.46
_17797_,7.46
_19760_,7.46
_19778_,7.46
_19953_,7.46
_30309_,7.46
_31656_,7.46
_35440_,7.46
_09076_,7.455
_05794_,7.45
_19924_,7.45
_20204_,7.45
_30600_,7.45
_30786_,7.45
_39950_,7.45
_00303_,7.44
_01846_,7.44
_03944_,7.44
_05036_,7.44
_05869_,7.44
_07059_,7.44
_07100_,7.44
_07409_,7.44
_07478_,7.44
_07537_,7.44
_08115_,7.44
_08201_,7.44
_08262_,7.44
_09267_,7.44
_10834_,7.44
_10851_,7.44
_11352_,7.44
_11539_,7.44
_12976_,7.44
_13104_,7.44
_14183_,7.44
_14980_,7.44
_15248_,7.44
_15265_,7.44
_15510_,7.44
_15658_,7.44
_15997_,7.44
_16399_,7.44
_16633_,7.44
_17336_,7.44
_17957_,7.44
_18206_,7.44
_21279_,7.44
_21356_,7.44
_22301_,7.44
_22390_,7.44
_22586_,7.44
_22703_,7.44
_22845_,7.44
_22867_,7.44
_22943_,7.44
_22995_,7.44
_23038_,7.44
_24091_,7.44
_24834_,7.44
_25934_,7.44
_25981_,7.44
_26733_,7.44
_26880_,7.44
_26921_,7.44
_27966_,7.44
_28128_,7.44
_31332_,7.44
_31885_,7.44
_32547_,7.44
_32578_,7.44
_32777_,7.44
_32911_,7.44
_34288_,7.44
_34297_,7.44
_34513_,7.44
_35420_,7.44
_36389_,7.44
_38252_,7.44
_38354_,7.44
_39134_,7.44
_40784_,7.44
_41304_,7.44
_41665_,7.44
_42280_,7.44
_41325_,7.435
_27333_,7.43
_35925_,7.43
_01574_,7.42
_01855_,7.42
_05509_,7.42
_05654_,7.42
_05845_,7.42
_06617_,7.42
_06855_,7.42
_09113_,7.42
_09573_,7.42
_09988_,7.42
_10083_,7.42
_10646_,7.42
_11008_,7.42
_11250_,7.42
_13411_,7.42
_21281_,7.42
_21334_,7.42
_22448_,7.42
_24188_,7.42
_25851_,7.42
_30549_,7.42
_35950_,7.42
_40523_,7.42
_40946_,7.42
_41172_,7.42
_27621_,7.415
_29939_,7.415
_41797_,7.415
_23473_,7.405
_00195_,7.4
_00487_,7.4
_01295_,7.4
_03467_,7.4
_03827_,7.4
_03927_,7.4
_03950_,7.4
_04504_,7.4
_07788_,7.4
_07873_,7.4
_08018_,7.4
_10328_,7.4
_11094_,7.4
_11194_,7.4
_11624_,7.4
_12922_,7.4
_15694_,7.4
_16845_,7.4
_21894_,7.4
_22584_,7.4
_23281_,7.4
_23334_,7.4
_23460_,7.4
_24889_,7.4
_25265_,7.4
_25809_,7.4
_28054_,7.4
_29207_,7.4
_29852_,7.4
_30949_,7.4
_31536_,7.4
_32769_,7.4
_34136_,7.4
_34528_,7.4
_37293_,7.4
_37616_,7.4
_38964_,7.4
_39180_,7.4
_39581_,7.4
_41011_,7.4
_42509_,7.4
_29239_,7.395
_34452_,7.395
_36163_,7.395
_21299_,7.39
_02253_,7.38
_20915_,7.38
_24850_,7.38
_26103_,7.38
_26935_,7.38
_27093_,7.38
_30716_,7.38
_30950_,7.38
_35889_,7.38
_40433_,7.38
_41372_,7.38
_00588_,7.36
_04064_,7.36
_07431_,7.36
_11017_,7.36
_11371_,7.36
_14294_,7.36
_14868_,7.36
_18774_,7.36
_22675_,7.36
_27460_,7.36
_40745_,7.36
_42299_,7.36
_00017_,7.34
_00222_,7.34
_00249_,7.34
_00316_,7.34
_00343_,7.34
_00347_,7.34
_00373_,7.34
_02741_,7.34
_03154_,7.34
_04342_,7.34
_05064_,7.34
_05283_,7.34
_06796_,7.34
_07648_,7.34
_13348_,7.34
_14798_,7.34
_16743_,7.34
_20732_,7.34
_22910_,7.34
_23001_,7.34
_27154_,7.34
_27575_,7.34
_28288_,7.34
_29220_,7.34
_30039_,7.34
_30196_,7.34
_30508_,7.34
_32915_,7.34
_36773_,7.34
_40057_,7.34
_42218_,7.34
_01653_,7.335
_10545_,7.33
_17382_,7.33
_33104_,7.33
_29807_,7.325
_00745_,7.32
_03526_,7.32
_03703_,7.32
_04253_,7.32
_04293_,7.32
_04584_,7.32
_04657_,7.32
_05110_,7.32
_05193_,7.32
_05728_,7.32
_06564_,7.32
_06732_,7.32
_08748_,7.32
_09014_,7.32
_10123_,7.32
_10746_,7.32
_11164_,7.32
_11383_,7.32
_11924_,7.32
_12192_,7.32
_12829_,7.32
_13016_,7.32
_13042_,7.32
_13907_,7.32
_13993_,7.32
_14645_,7.32
_15112_,7.32
_15527_,7.32
_16231_,7.32
_17045_,7.32
_17061_,7.32
_18361_,7.32
_19183_,7.32
_21679_,7.32
_22247_,7.32
_22566_,7.32
_23357_,7.32
_23901_,7.32
_24263_,7.32
_24466_,7.32
_24493_,7.32
_25425_,7.32
_25954_,7.32
_26107_,7.32
_26155_,7.32
_26659_,7.32
_27084_,7.32
_28145_,7.32
_28297_,7.32
_28570_,7.32
_29643_,7.32
_30584_,7.32
_30660_,7.32
_31824_,7.32
_32946_,7.32
_33453_,7.32
_33898_,7.32
_34419_,7.32
_35316_,7.32
_35918_,7.32
_36411_,7.32
_37753_,7.32
_38034_,7.32
_38873_,7.32
_39118_,7.32
_39371_,7.32
_39526_,7.32
_40787_,7.32
_40930_,7.32
_41121_,7.32
_41139_,7.32
_41511_,7.32
_42525_,7.32
_03281_,7.315
_38473_,7.315
_00145_,7.3
_00384_,7.3
_00593_,7.3
_00815_,7.3
_03253_,7.3
_03574_,7.3
_03890_,7.3
_04802_,7.3
_05013_,7.3
_05772_,7.3
_07144_,7.3
_08971_,7.3
_09699_,7.3
_10865_,7.3
_12583_,7.3
_13514_,7.3
_16308_,7.3
_17202_,7.3
_19223_,7.3
_23027_,7.3
_25179_,7.3
_25828_,7.3
_25966_,7.3
_26920_,7.3
_28952_,7.3
_29171_,7.3
_29314_,7.3
_31508_,7.3
_33783_,7.3
_39490_,7.3
_39575_,7.3
_39747_,7.3
_15342_,7.295
_18033_,7.295
_30712_,7.295
_07349_,7.29
_34059_,7.29
_04514_,7.28
_05061_,7.28
_05729_,7.28
_11048_,7.28
_12134_,7.28
_12381_,7.28
_14240_,7.28
_14626_,7.28
_14963_,7.28
_15242_,7.28
_15715_,7.28
_16618_,7.28
_18447_,7.28
_19103_,7.28
_20190_,7.28
_26444_,7.28
_27236_,7.28
_27347_,7.28
_27414_,7.28
_28390_,7.28
_28647_,7.28
_30498_,7.28
_30994_,7.28
_31485_,7.28
_33081_,7.28
_34262_,7.28
_39654_,7.28
_39759_,7.28
_41724_,7.28
_42287_,7.28
_28421_,7.275
_41038_,7.27
_34019_,7.265
_10604_,7.26
_14833_,7.26
_15524_,7.26
_24730_,7.26
_24953_,7.26
_25202_,7.26
_26032_,7.26
_32970_,7.26
_35843_,7.26
_02844_,7.25
_29761_,7.25
load_data[20],7.25
_00215_,7.24
_00879_,7.24
_01578_,7.24
_02826_,7.24
_07173_,7.24
_09848_,7.24
_10458_,7.24
_10508_,7.24
_14077_,7.24
_15489_,7.24
_17767_,7.24
_20754_,7.24
_20922_,7.24
_23447_,7.24
_24014_,7.24
_24118_,7.24
_26539_,7.24
_27185_,7.24
_28103_,7.24
_28881_,7.24
_35100_,7.24
_35140_,7.24
_35742_,7.24
_40528_,7.24
_41838_,7.24
_09803_,7.235
_10938_,7.23
_00000_,7.225
_00320_,7.22
_00342_,7.22
_00604_,7.22
_00800_,7.22
_01648_,7.22
_02204_,7.22
_03460_,7.22
_03480_,7.22
_03896_,7.22
_05691_,7.22
_06434_,7.22
_07495_,7.22
_07521_,7.22
_08181_,7.22
_08182_,7.22
_09392_,7.22
_09682_,7.22
_10667_,7.22
_10899_,7.22
_11346_,7.22
_12059_,7.22
_12498_,7.22
_13152_,7.22
_13747_,7.22
_13844_,7.22
_16690_,7.22
_18905_,7.22
_19421_,7.22
_20790_,7.22
_21818_,7.22
_22656_,7.22
_23422_,7.22
_23787_,7.22
_24204_,7.22
_24687_,7.22
_24795_,7.22
_24933_,7.22
_25498_,7.22
_25781_,7.22
_26065_,7.22
_26582_,7.22
_27339_,7.22
_27564_,7.22
_28648_,7.22
_28856_,7.22
_29636_,7.22
_31685_,7.22
_34323_,7.22
_34406_,7.22
_35015_,7.22
_35834_,7.22
_36260_,7.22
_36306_,7.22
_37305_,7.22
_38188_,7.22
_39652_,7.22
_39729_,7.22
_41063_,7.22
_41176_,7.22
_41851_,7.22
_42361_,7.22
_42393_,7.22
_42537_,7.22
_00424_,7.2
_00710_,7.2
_01686_,7.2
_03204_,7.2
_04228_,7.2
_04538_,7.2
_04553_,7.2
_04814_,7.2
_05303_,7.2
_05523_,7.2
_05768_,7.2
_05893_,7.2
_06441_,7.2
_07897_,7.2
_08158_,7.2
_08970_,7.2
_09735_,7.2
_10402_,7.2
_12764_,7.2
_12779_,7.2
_12828_,7.2
_12997_,7.2
_13879_,7.2
_13968_,7.2
_13997_,7.2
_14383_,7.2
_14517_,7.2
_15125_,7.2
_15166_,7.2
_15222_,7.2
_15274_,7.2
_15545_,7.2
_15833_,7.2
_16012_,7.2
_17120_,7.2
_17451_,7.2
_17539_,7.2
_17615_,7.2
_17859_,7.2
_17995_,7.2
_18908_,7.2
_19507_,7.2
_19554_,7.2
_19708_,7.2
_19805_,7.2
_19839_,7.2
_20372_,7.2
_20377_,7.2
_20981_,7.2
_21088_,7.2
_22696_,7.2
_22700_,7.2
_22909_,7.2
_23285_,7.2
_25678_,7.2
_26445_,7.2
_26954_,7.2
_27311_,7.2
_28262_,7.2
_28528_,7.2
_28883_,7.2
_28979_,7.2
_29142_,7.2
_29238_,7.2
_29600_,7.2
_29617_,7.2
_29812_,7.2
_30812_,7.2
_31835_,7.2
_32892_,7.2
_36039_,7.2
_40294_,7.2
_41067_,7.2
_41088_,7.2
_41758_,7.2
_42539_,7.2
_23862_,7.195
_33140_,7.195
_00417_,7.18
_00442_,7.18
_00612_,7.18
_01040_,7.18
_01881_,7.18
_02117_,7.18
_02341_,7.18
_02878_,7.18
_03138_,7.18
_03980_,7.18
_04036_,7.18
_04124_,7.18
_04463_,7.18
_04752_,7.18
_04865_,7.18
_04983_,7.18
_05294_,7.18
_05682_,7.18
_05752_,7.18
_06765_,7.18
_07284_,7.18
_07305_,7.18
_07916_,7.18
_08613_,7.18
_09039_,7.18
_09619_,7.18
_09813_,7.18
_09878_,7.18
_10292_,7.18
_10581_,7.18
_10649_,7.18
_10883_,7.18
_11449_,7.18
_11538_,7.18
_11759_,7.18
_12080_,7.18
_12448_,7.18
_13585_,7.18
_13973_,7.18
_14023_,7.18
_14127_,7.18
_15195_,7.18
_15199_,7.18
_15490_,7.18
_15858_,7.18
_15873_,7.18
_16323_,7.18
_17044_,7.18
_17293_,7.18
_17548_,7.18
_17576_,7.18
_18850_,7.18
_18973_,7.18
_19602_,7.18
_21152_,7.18
_21203_,7.18
_21760_,7.18
_21785_,7.18
_23508_,7.18
_23861_,7.18
_25145_,7.18
_25187_,7.18
_26475_,7.18
_26865_,7.18
_26985_,7.18
_27075_,7.18
_27444_,7.18
_27875_,7.18
_27950_,7.18
_28245_,7.18
_28456_,7.18
_28934_,7.18
_28939_,7.18
_29040_,7.18
_29131_,7.18
_29150_,7.18
_29269_,7.18
_29329_,7.18
_30247_,7.18
_30613_,7.18
_31160_,7.18
_31208_,7.18
_31586_,7.18
_32755_,7.18
_34082_,7.18
_34206_,7.18
_34355_,7.18
_35003_,7.18
_35463_,7.18
_36690_,7.18
_36766_,7.18
_37344_,7.18
_37695_,7.18
_37882_,7.18
_38024_,7.18
_39131_,7.18
_39439_,7.18
_41563_,7.18
_41569_,7.18
_41832_,7.18
_42000_,7.18
_36416_,7.175
_00479_,7.16
_05493_,7.16
_11152_,7.16
_11335_,7.16
_14364_,7.16
_18290_,7.16
_22261_,7.16
_22985_,7.16
_23125_,7.16
_23893_,7.16
_25353_,7.16
_28840_,7.16
_31783_,7.16
_38594_,7.16
_41972_,7.16
_05494_,7.14
_08256_,7.14
_22804_,7.14
_29897_,7.14
_32091_,7.14
_33114_,7.14
_36975_,7.14
_39246_,7.14
_40636_,7.14
_00869_,7.12
_03409_,7.12
_03513_,7.12
_03892_,7.12
_08103_,7.12
_08184_,7.12
_09745_,7.12
_12609_,7.12
_12651_,7.12
_13083_,7.12
_13610_,7.12
_14062_,7.12
_14235_,7.12
_14897_,7.12
_16561_,7.12
_16806_,7.12
_17742_,7.12
_17935_,7.12
_18075_,7.12
_18606_,7.12
_21359_,7.12
_22524_,7.12
_22589_,7.12
_23016_,7.12
_23713_,7.12
_23749_,7.12
_23756_,7.12
_23874_,7.12
_24386_,7.12
_24844_,7.12
_25687_,7.12
_25738_,7.12
_25740_,7.12
_25746_,7.12
_25777_,7.12
_26141_,7.12
_26494_,7.12
_26604_,7.12
_27552_,7.12
_28797_,7.12
_28893_,7.12
_31187_,7.12
_31459_,7.12
_32012_,7.12
_35545_,7.12
_36574_,7.12
_39582_,7.12
_39914_,7.12
_40058_,7.12
_40336_,7.12
_41699_,7.12
_42099_,7.12
_42488_,7.12
net350,7.12
_00622_,7.11
_08244_,7.11
_17785_,7.11
_22596_,7.11
_00301_,7.1
_00549_,7.1
_01363_,7.1
_01536_,7.1
_02651_,7.1
_02808_,7.1
_03140_,7.1
_03248_,7.1
_03376_,7.1
_03489_,7.1
_03868_,7.1
_03938_,7.1
_04156_,7.1
_04695_,7.1
_05052_,7.1
_05316_,7.1
_05417_,7.1
_06357_,7.1
_06567_,7.1
_07365_,7.1
_08498_,7.1
_08709_,7.1
_08835_,7.1
_08848_,7.1
_09011_,7.1
_09117_,7.1
_09421_,7.1
_09560_,7.1
_10160_,7.1
_10385_,7.1
_11178_,7.1
_11768_,7.1
_12572_,7.1
_12616_,7.1
_12798_,7.1
_13099_,7.1
_13215_,7.1
_13696_,7.1
_13981_,7.1
_14222_,7.1
_14228_,7.1
_15185_,7.1
_15306_,7.1
_15361_,7.1
_15677_,7.1
_16029_,7.1
_16030_,7.1
_16408_,7.1
_16692_,7.1
_17285_,7.1
_17718_,7.1
_17719_,7.1
_18497_,7.1
_18564_,7.1
_18699_,7.1
_18909_,7.1
_18955_,7.1
_19403_,7.1
_20337_,7.1
_20533_,7.1
_22936_,7.1
_23031_,7.1
_23271_,7.1
_23291_,7.1
_24072_,7.1
_24851_,7.1
_25126_,7.1
_25624_,7.1
_25959_,7.1
_26570_,7.1
_26592_,7.1
_26599_,7.1
_26646_,7.1
_26925_,7.1
_27039_,7.1
_28611_,7.1
_29182_,7.1
_29453_,7.1
_29464_,7.1
_29904_,7.1
_30222_,7.1
_30611_,7.1
_30634_,7.1
_30637_,7.1
_31106_,7.1
_31539_,7.1
_31652_,7.1
_32244_,7.1
_32507_,7.1
_33033_,7.1
_33338_,7.1
_33864_,7.1
_33973_,7.1
_34352_,7.1
_34614_,7.1
_34714_,7.1
_34768_,7.1
_34976_,7.1
_36672_,7.1
_36695_,7.1
_36765_,7.1
_38284_,7.1
_39530_,7.1
_40200_,7.1
_40712_,7.1
_40765_,7.1
_41601_,7.1
_42138_,7.1
_03491_,7.08
_05710_,7.08
_06162_,7.08
_07277_,7.08
_07689_,7.08
_08679_,7.08
_09445_,7.08
_10118_,7.08
_11078_,7.08
_12088_,7.08
_12127_,7.08
_13617_,7.08
_14454_,7.08
_14624_,7.08
_14786_,7.08
_17219_,7.08
_18754_,7.08
_19438_,7.08
_19929_,7.08
_20971_,7.08
_21862_,7.08
_24332_,7.08
_25319_,7.08
_25378_,7.08
_25410_,7.08
_26564_,7.08
_27803_,7.08
_28399_,7.08
_28475_,7.08
_28853_,7.08
_29462_,7.08
_29635_,7.08
_29700_,7.08
_29739_,7.08
_29875_,7.08
_30793_,7.08
_38178_,7.08
_41420_,7.08
_41541_,7.08
_18034_,7.075
_18890_,7.075
_25072_,7.07
_00407_,7.06
_01255_,7.06
_01270_,7.06
_01703_,7.06
_02225_,7.06
_03030_,7.06
_03495_,7.06
_03842_,7.06
_04044_,7.06
_04118_,7.06
_04395_,7.06
_04493_,7.06
_05489_,7.06
_05798_,7.06
_06129_,7.06
_06149_,7.06
_10016_,7.06
_10267_,7.06
_10444_,7.06
_10626_,7.06
_10963_,7.06
_11327_,7.06
_11490_,7.06
_11946_,7.06
_12678_,7.06
_12820_,7.06
_13271_,7.06
_15811_,7.06
_16052_,7.06
_16380_,7.06
_16630_,7.06
_16641_,7.06
_17124_,7.06
_17329_,7.06
_18203_,7.06
_18860_,7.06
_18924_,7.06
_19156_,7.06
_19297_,7.06
_19536_,7.06
_20022_,7.06
_20265_,7.06
_20438_,7.06
_20602_,7.06
_21090_,7.06
_21298_,7.06
_21382_,7.06
_21730_,7.06
_22143_,7.06
_23171_,7.06
_24908_,7.06
_25011_,7.06
_25488_,7.06
_25869_,7.06
_26593_,7.06
_27139_,7.06
_27151_,7.06
_27680_,7.06
_27879_,7.06
_27992_,7.06
_28777_,7.06
_29017_,7.06
_29871_,7.06
_29928_,7.06
_31285_,7.06
_32154_,7.06
_32169_,7.06
_32186_,7.06
_32488_,7.06
_32838_,7.06
_32952_,7.06
_33515_,7.06
_33727_,7.06
_33795_,7.06
_34688_,7.06
_34792_,7.06
_35996_,7.06
_36001_,7.06
_36050_,7.06
_36248_,7.06
_36602_,7.06
_36629_,7.06
_36631_,7.06
_37883_,7.06
_38072_,7.06
_38421_,7.06
_38804_,7.06
_39319_,7.06
_39794_,7.06
_39899_,7.06
_40125_,7.06
_40426_,7.06
_40723_,7.06
_40876_,7.06
_41243_,7.06
_41417_,7.06
_42158_,7.06
_21169_,7.05
_32188_,7.05
_02737_,7.04
_04268_,7.04
_13721_,7.04
_14404_,7.04
_15594_,7.04
_19210_,7.04
_20197_,7.04
_22360_,7.04
_24048_,7.04
_30191_,7.04
_41318_,7.04
_07980_,7.035
_28575_,7.03
_15901_,7.02
_14493_,7.015
_30668_,7.01
_02803_,7.005
_00105_,7
_02391_,7
_03806_,7
_09692_,7
_17148_,7
_17251_,7
_20406_,7
_22162_,7
_24967_,7
_28236_,7
_28254_,7
_29177_,7
_29184_,7
_32118_,7
_34364_,7
_34750_,7
_35969_,7
_36184_,7
_37457_,7
_40230_,7
_41368_,7
_42328_,7
_00337_,6.98
_01489_,6.98
_01531_,6.98
_02753_,6.98
_03794_,6.98
_04133_,6.98
_04861_,6.98
_05094_,6.98
_05553_,6.98
_06561_,6.98
_06704_,6.98
_07020_,6.98
_07333_,6.98
_07458_,6.98
_07647_,6.98
_08576_,6.98
_09252_,6.98
_09700_,6.98
_10376_,6.98
_11136_,6.98
_11378_,6.98
_11421_,6.98
_11508_,6.98
_11547_,6.98
_11560_,6.98
_11584_,6.98
_11695_,6.98
_11745_,6.98
_11932_,6.98
_12712_,6.98
_12746_,6.98
_13049_,6.98
_13110_,6.98
_13866_,6.98
_14094_,6.98
_14218_,6.98
_14585_,6.98
_14855_,6.98
_15396_,6.98
_15414_,6.98
_15799_,6.98
_15932_,6.98
_16151_,6.98
_16518_,6.98
_16521_,6.98
_17105_,6.98
_17211_,6.98
_17229_,6.98
_17400_,6.98
_18051_,6.98
_18301_,6.98
_18410_,6.98
_20009_,6.98
_20432_,6.98
_21225_,6.98
_21303_,6.98
_22173_,6.98
_22886_,6.98
_23457_,6.98
_23492_,6.98
_24160_,6.98
_24453_,6.98
_24623_,6.98
_24876_,6.98
_25107_,6.98
_25675_,6.98
_25923_,6.98
_26080_,6.98
_26372_,6.98
_26419_,6.98
_26505_,6.98
_26784_,6.98
_27030_,6.98
_27423_,6.98
_27469_,6.98
_27717_,6.98
_28027_,6.98
_28074_,6.98
_28154_,6.98
_28374_,6.98
_28447_,6.98
_28646_,6.98
_28800_,6.98
_29074_,6.98
_29684_,6.98
_29908_,6.98
_30190_,6.98
_30285_,6.98
_30683_,6.98
_31353_,6.98
_31777_,6.98
_32324_,6.98
_32361_,6.98
_32894_,6.98
_34080_,6.98
_34514_,6.98
_34704_,6.98
_34802_,6.98
_35568_,6.98
_36034_,6.98
_36132_,6.98
_36720_,6.98
_37700_,6.98
_40197_,6.98
_41407_,6.98
_41644_,6.98
_42035_,6.98
_42472_,6.98
_03524_,6.975
_04121_,6.975
_05636_,6.975
_29375_,6.975
_30656_,6.97
_09431_,6.965
_00669_,6.96
_01178_,6.96
_03502_,6.96
_05612_,6.96
_06562_,6.96
_07943_,6.96
_09861_,6.96
_12418_,6.96
_14348_,6.96
_16435_,6.96
_16762_,6.96
_17111_,6.96
_17575_,6.96
_19100_,6.96
_20569_,6.96
_24992_,6.96
_26714_,6.96
_26748_,6.96
_26869_,6.96
_27395_,6.96
_28049_,6.96
_28932_,6.96
_28954_,6.96
_29441_,6.96
_32936_,6.96
_35022_,6.96
_36809_,6.96
_37356_,6.96
_38026_,6.96
_39157_,6.96
_40369_,6.96
_41099_,6.96
_42189_,6.96
_08914_,6.955
_28918_,6.95
_30865_,6.95
_00095_,6.94
_00271_,6.94
_00691_,6.94
_01137_,6.94
_02793_,6.94
_03101_,6.94
_04632_,6.94
_05183_,6.94
_07556_,6.94
_08374_,6.94
_08700_,6.94
_08961_,6.94
_10874_,6.94
_11347_,6.94
_14150_,6.94
_14764_,6.94
_15762_,6.94
_15842_,6.94
_16589_,6.94
_18714_,6.94
_19116_,6.94
_20596_,6.94
_21820_,6.94
_24010_,6.94
_24028_,6.94
_34033_,6.94
_34975_,6.94
_37311_,6.94
_37456_,6.94
_39373_,6.94
_39718_,6.94
_40780_,6.94
_41039_,6.94
_41770_,6.94
_05323_,6.935
_18116_,6.935
_06589_,6.93
_28725_,6.93
_41362_,6.93
_21434_,6.92
_25384_,6.92
_28088_,6.92
_21316_,6.91
_00618_,6.9
_04877_,6.9
_05337_,6.9
_08351_,6.9
_10850_,6.9
_14777_,6.9
_20488_,6.9
_21759_,6.9
_24974_,6.9
_31639_,6.9
_38702_,6.9
_38851_,6.9
_17722_,6.895
_29583_,6.89
_34737_,6.89
_00277_,6.88
_01914_,6.88
_05361_,6.88
_06113_,6.88
_10144_,6.88
_11629_,6.88
_14974_,6.88
_15575_,6.88
_17490_,6.88
_18171_,6.88
_18599_,6.88
_18939_,6.88
_26769_,6.88
_29245_,6.88
_29614_,6.88
_29743_,6.88
_34285_,6.88
_34595_,6.88
_35139_,6.88
_36790_,6.88
_37079_,6.88
_38869_,6.88
_42096_,6.88
_40685_,6.875
_00966_,6.87
_26441_,6.87
_31184_,6.87
_00400_,6.86
_00613_,6.86
_00935_,6.86
_01610_,6.86
_04421_,6.86
_05692_,6.86
_05911_,6.86
_06018_,6.86
_06570_,6.86
_06939_,6.86
_08873_,6.86
_08929_,6.86
_09134_,6.86
_09609_,6.86
_09663_,6.86
_10540_,6.86
_10814_,6.86
_11003_,6.86
_12241_,6.86
_14817_,6.86
_15572_,6.86
_15641_,6.86
_15695_,6.86
_16003_,6.86
_17094_,6.86
_17554_,6.86
_17635_,6.86
_17896_,6.86
_18866_,6.86
_19003_,6.86
_19350_,6.86
_19651_,6.86
_20719_,6.86
_20976_,6.86
_21736_,6.86
_22319_,6.86
_22501_,6.86
_22578_,6.86
_23130_,6.86
_23321_,6.86
_23436_,6.86
_23484_,6.86
_24200_,6.86
_24445_,6.86
_24684_,6.86
_24912_,6.86
_25857_,6.86
_25991_,6.86
_26105_,6.86
_26857_,6.86
_27059_,6.86
_27325_,6.86
_27673_,6.86
_27995_,6.86
_28580_,6.86
_28659_,6.86
_29063_,6.86
_29573_,6.86
_30215_,6.86
_30880_,6.86
_30895_,6.86
_31022_,6.86
_31625_,6.86
_32390_,6.86
_32751_,6.86
_33405_,6.86
_33667_,6.86
_33974_,6.86
_34155_,6.86
_34391_,6.86
_35347_,6.86
_35381_,6.86
_35479_,6.86
_37134_,6.86
_37269_,6.86
_37352_,6.86
_38263_,6.86
_39924_,6.86
_39992_,6.86
_40991_,6.86
_04975_,6.855
_11512_,6.855
_00045_,6.84
_00056_,6.84
_00340_,6.84
_03350_,6.84
_04151_,6.84
_09344_,6.84
_11009_,6.84
_11101_,6.84
_11217_,6.84
_11363_,6.84
_12394_,6.84
_14246_,6.84
_15097_,6.84
_15993_,6.84
_17259_,6.84
_20125_,6.84
_21422_,6.84
_25520_,6.84
_26484_,6.84
_27052_,6.84
_27067_,6.84
_28504_,6.84
_30051_,6.84
_33149_,6.84
_33239_,6.84
_37906_,6.84
_40660_,6.84
_40943_,6.84
_41757_,6.84
_08601_,6.835
_17156_,6.835
_20157_,6.835
_00272_,6.82
_03277_,6.82
_03443_,6.82
_03549_,6.82
_05834_,6.82
_06743_,6.82
_08822_,6.82
_09385_,6.82
_09508_,6.82
_10373_,6.82
_12333_,6.82
_17863_,6.82
_20063_,6.82
_20650_,6.82
_20947_,6.82
_21157_,6.82
_21682_,6.82
_22765_,6.82
_23319_,6.82
_23954_,6.82
_25163_,6.82
_27817_,6.82
_30649_,6.82
_31718_,6.82
_34245_,6.82
_34536_,6.82
_41386_,6.82
_15714_,6.815
_00280_,6.8
_05168_,6.8
_14112_,6.8
_21207_,6.79
_25826_,6.79
_29265_,6.79
_40232_,6.79
_40445_,6.79
_04348_,6.785
_20876_,6.785
_00175_,6.78
_00291_,6.78
_04430_,6.78
_04718_,6.78
_06649_,6.78
_06865_,6.78
_07710_,6.78
_07716_,6.78
_08380_,6.78
_09439_,6.78
_09856_,6.78
_10805_,6.78
_11963_,6.78
_12366_,6.78
_13007_,6.78
_13867_,6.78
_14106_,6.78
_16303_,6.78
_16901_,6.78
_17705_,6.78
_18921_,6.78
_20089_,6.78
_20317_,6.78
_20720_,6.78
_23051_,6.78
_24723_,6.78
_24738_,6.78
_26931_,6.78
_28164_,6.78
_29290_,6.78
_29699_,6.78
_34475_,6.78
_35411_,6.78
_35455_,6.78
_35809_,6.78
_35904_,6.78
_35936_,6.78
_36061_,6.78
_38019_,6.78
_40344_,6.78
_40705_,6.78
_40949_,6.78
_42032_,6.78
_10429_,6.77
_18484_,6.77
_21638_,6.77
_22106_,6.765
_00170_,6.76
_00297_,6.76
_01856_,6.76
_02775_,6.76
_03695_,6.76
_05518_,6.76
_05622_,6.76
_05733_,6.76
_05746_,6.76
_06091_,6.76
_07453_,6.76
_07454_,6.76
_08064_,6.76
_08434_,6.76
_10210_,6.76
_10281_,6.76
_10451_,6.76
_10471_,6.76
_10697_,6.76
_11154_,6.76
_11701_,6.76
_11770_,6.76
_11909_,6.76
_12169_,6.76
_12470_,6.76
_12499_,6.76
_12534_,6.76
_12658_,6.76
_12693_,6.76
_12933_,6.76
_13177_,6.76
_13343_,6.76
_13629_,6.76
_14497_,6.76
_16335_,6.76
_17019_,6.76
_17137_,6.76
_17803_,6.76
_18288_,6.76
_18542_,6.76
_18945_,6.76
_19357_,6.76
_20549_,6.76
_20592_,6.76
_21765_,6.76
_22129_,6.76
_23372_,6.76
_23513_,6.76
_24374_,6.76
_24927_,6.76
_25049_,6.76
_25052_,6.76
_25150_,6.76
_25248_,6.76
_25722_,6.76
_25992_,6.76
_26071_,6.76
_26086_,6.76
_26260_,6.76
_27035_,6.76
_27669_,6.76
_27964_,6.76
_28006_,6.76
_28700_,6.76
_28978_,6.76
_29073_,6.76
_30308_,6.76
_30369_,6.76
_31232_,6.76
_31544_,6.76
_31676_,6.76
_32246_,6.76
_34314_,6.76
_34663_,6.76
_34709_,6.76
_34779_,6.76
_35114_,6.76
_35962_,6.76
_36315_,6.76
_36767_,6.76
_36776_,6.76
_38358_,6.76
_39684_,6.76
_39977_,6.76
_40463_,6.76
_40904_,6.76
_41066_,6.76
_41607_,6.76
_41632_,6.76
_42291_,6.76
_42490_,6.76
net259,6.76
net372,6.76
_08831_,6.75
_39346_,6.75
_00446_,6.74
_02497_,6.74
_03079_,6.74
_03312_,6.74
_03608_,6.74
_03866_,6.74
_04408_,6.74
_04739_,6.74
_05443_,6.74
_06997_,6.74
_09326_,6.74
_09897_,6.74
_10357_,6.74
_10559_,6.74
_10862_,6.74
_11852_,6.74
_13543_,6.74
_13588_,6.74
_14066_,6.74
_15268_,6.74
_15461_,6.74
_15571_,6.74
_16210_,6.74
_16559_,6.74
_16843_,6.74
_17320_,6.74
_18356_,6.74
_18693_,6.74
_18981_,6.74
_20149_,6.74
_20217_,6.74
_20771_,6.74
_20909_,6.74
_21181_,6.74
_21598_,6.74
_21778_,6.74
_22619_,6.74
_23177_,6.74
_23279_,6.74
_24865_,6.74
_25251_,6.74
_25974_,6.74
_26812_,6.74
_27094_,6.74
_27099_,6.74
_27618_,6.74
_28527_,6.74
_28663_,6.74
_28937_,6.74
_28998_,6.74
_29172_,6.74
_29370_,6.74
_31111_,6.74
_32013_,6.74
_33310_,6.74
_33531_,6.74
_33930_,6.74
_35198_,6.74
_36528_,6.74
_36872_,6.74
_40221_,6.74
_40926_,6.74
_41763_,6.74
_41930_,6.74
_41951_,6.74
_10866_,6.735
_17085_,6.735
_03954_,6.725
_01816_,6.72
_02502_,6.72
_02755_,6.72
_02818_,6.72
_03287_,6.72
_03432_,6.72
_03617_,6.72
_03988_,6.72
_04088_,6.72
_05161_,6.72
_05381_,6.72
_05467_,6.72
_05875_,6.72
_06757_,6.72
_07208_,6.72
_07344_,6.72
_07625_,6.72
_07664_,6.72
_07940_,6.72
_08146_,6.72
_08185_,6.72
_08335_,6.72
_08589_,6.72
_09034_,6.72
_09390_,6.72
_09447_,6.72
_09661_,6.72
_09697_,6.72
_09801_,6.72
_10595_,6.72
_10813_,6.72
_11029_,6.72
_11120_,6.72
_11296_,6.72
_11341_,6.72
_11382_,6.72
_11438_,6.72
_11475_,6.72
_11722_,6.72
_12122_,6.72
_12269_,6.72
_12497_,6.72
_12655_,6.72
_13395_,6.72
_14011_,6.72
_14341_,6.72
_15283_,6.72
_15320_,6.72
_15403_,6.72
_16063_,6.72
_16402_,6.72
_16484_,6.72
_16991_,6.72
_17163_,6.72
_17303_,6.72
_17821_,6.72
_18291_,6.72
_18959_,6.72
_19475_,6.72
_19628_,6.72
_20800_,6.72
_21039_,6.72
_21167_,6.72
_21747_,6.72
_22542_,6.72
_22874_,6.72
_22894_,6.72
_24080_,6.72
_24169_,6.72
_24181_,6.72
_24223_,6.72
_24428_,6.72
_25364_,6.72
_25876_,6.72
_26369_,6.72
_26394_,6.72
_26412_,6.72
_26439_,6.72
_26696_,6.72
_27032_,6.72
_27555_,6.72
_28654_,6.72
_28691_,6.72
_28790_,6.72
_28926_,6.72
_29241_,6.72
_29264_,6.72
_29580_,6.72
_30014_,6.72
_30286_,6.72
_30411_,6.72
_30720_,6.72
_31271_,6.72
_32447_,6.72
_32863_,6.72
_33915_,6.72
_34943_,6.72
_35314_,6.72
_35365_,6.72
_35397_,6.72
_35745_,6.72
_35840_,6.72
_35975_,6.72
_36101_,6.72
_36794_,6.72
_37317_,6.72
_38313_,6.72
_38464_,6.72
_38531_,6.72
_38940_,6.72
_39316_,6.72
_39317_,6.72
_39869_,6.72
_39973_,6.72
_40366_,6.72
_40763_,6.72
_40826_,6.72
_41234_,6.72
_41273_,6.72
_41294_,6.72
_41327_,6.72
_41796_,6.72
net358,6.72
_10789_,6.715
_03013_,6.7
_05777_,6.7
_07819_,6.7
_11041_,6.7
_19077_,6.7
_21675_,6.7
_23931_,6.7
_26214_,6.7
_33874_,6.7
_39769_,6.7
_22379_,6.695
_14634_,6.68
_21648_,6.68
_08195_,6.67
_25882_,6.67
_40573_,6.67
_41650_,6.67
_00602_,6.66
_01074_,6.66
_02814_,6.66
_06714_,6.66
_07605_,6.66
_09629_,6.66
_12128_,6.66
_12489_,6.66
_12909_,6.66
_13704_,6.66
_14220_,6.66
_17592_,6.66
_17614_,6.66
_19690_,6.66
_19789_,6.66
_20033_,6.66
_20507_,6.66
_21171_,6.66
_21716_,6.66
_22438_,6.66
_22950_,6.66
_24039_,6.66
_24281_,6.66
_25556_,6.66
_26346_,6.66
_26520_,6.66
_28813_,6.66
_29363_,6.66
_29563_,6.66
_30141_,6.66
_31063_,6.66
_31528_,6.66
_32238_,6.66
_32735_,6.66
_34592_,6.66
_34653_,6.66
_35341_,6.66
_35637_,6.66
_36028_,6.66
_36612_,6.66
_36719_,6.66
_36782_,6.66
_37371_,6.66
_40016_,6.66
_40975_,6.66
_41194_,6.66
_41275_,6.66
_41669_,6.66
_41878_,6.66
_42254_,6.66
net335,6.66
net440,6.66
_13991_,6.65
_00230_,6.64
_00538_,6.64
_01067_,6.64
_01356_,6.64
_01530_,6.64
_02214_,6.64
_02569_,6.64
_02893_,6.64
_02980_,6.64
_03622_,6.64
_03640_,6.64
_03960_,6.64
_04441_,6.64
_04839_,6.64
_06403_,6.64
_06486_,6.64
_06774_,6.64
_06979_,6.64
_07221_,6.64
_07270_,6.64
_07629_,6.64
_08921_,6.64
_09027_,6.64
_09795_,6.64
_10503_,6.64
_10875_,6.64
_11065_,6.64
_11571_,6.64
_11981_,6.64
_12761_,6.64
_12884_,6.64
_13069_,6.64
_13576_,6.64
_13645_,6.64
_13796_,6.64
_14272_,6.64
_14511_,6.64
_14729_,6.64
_15543_,6.64
_15685_,6.64
_15744_,6.64
_16091_,6.64
_16175_,6.64
_16457_,6.64
_16490_,6.64
_16650_,6.64
_16781_,6.64
_17213_,6.64
_17435_,6.64
_17642_,6.64
_17647_,6.64
_17710_,6.64
_17761_,6.64
_17977_,6.64
_18235_,6.64
_18251_,6.64
_18472_,6.64
_18644_,6.64
_18729_,6.64
_18744_,6.64
_18809_,6.64
_19009_,6.64
_19217_,6.64
_19759_,6.64
_19968_,6.64
_20162_,6.64
_20672_,6.64
_20789_,6.64
_20862_,6.64
_21080_,6.64
_21111_,6.64
_21563_,6.64
_21959_,6.64
_22009_,6.64
_22560_,6.64
_22684_,6.64
_22982_,6.64
_23151_,6.64
_23223_,6.64
_23295_,6.64
_24007_,6.64
_24026_,6.64
_24246_,6.64
_24882_,6.64
_24886_,6.64
_25102_,6.64
_25786_,6.64
_26328_,6.64
_26348_,6.64
_27033_,6.64
_27157_,6.64
_27199_,6.64
_27543_,6.64
_27809_,6.64
_28136_,6.64
_28146_,6.64
_28148_,6.64
_28544_,6.64
_29016_,6.64
_30420_,6.64
_30778_,6.64
_32191_,6.64
_32484_,6.64
_32764_,6.64
_33714_,6.64
_33928_,6.64
_34130_,6.64
_34775_,6.64
_35056_,6.64
_35366_,6.64
_35535_,6.64
_35578_,6.64
_36735_,6.64
_36770_,6.64
_36775_,6.64
_39636_,6.64
_39994_,6.64
_40494_,6.64
_41062_,6.64
_42491_,6.64
_14174_,6.635
_37424_,6.635
_02930_,6.62
_03155_,6.62
_03266_,6.62
_04104_,6.62
_04155_,6.62
_04796_,6.62
_07008_,6.62
_08555_,6.62
_09918_,6.62
_10740_,6.62
_11007_,6.62
_12285_,6.62
_13092_,6.62
_13521_,6.62
_15455_,6.62
_16055_,6.62
_16130_,6.62
_17835_,6.62
_18135_,6.62
_18389_,6.62
_18785_,6.62
_20948_,6.62
_23770_,6.62
_24149_,6.62
_26082_,6.62
_26153_,6.62
_26544_,6.62
_27594_,6.62
_27820_,6.62
_27885_,6.62
_28339_,6.62
_28958_,6.62
_29796_,6.62
_36206_,6.62
_37861_,6.62
_38362_,6.62
_39375_,6.62
_40353_,6.62
_42072_,6.62
_42115_,6.62
_42270_,6.62
_19761_,6.615
_25271_,6.615
_29208_,6.605
_01198_,6.6
_01287_,6.6
_01878_,6.6
_02260_,6.6
_02721_,6.6
_04552_,6.6
_05022_,6.6
_05101_,6.6
_05569_,6.6
_05624_,6.6
_05925_,6.6
_05929_,6.6
_08140_,6.6
_08281_,6.6
_08695_,6.6
_08808_,6.6
_09943_,6.6
_10048_,6.6
_10228_,6.6
_10542_,6.6
_10659_,6.6
_11204_,6.6
_11266_,6.6
_11711_,6.6
_11834_,6.6
_12056_,6.6
_12903_,6.6
_13100_,6.6
_13604_,6.6
_13640_,6.6
_13673_,6.6
_13913_,6.6
_14470_,6.6
_14589_,6.6
_14773_,6.6
_15257_,6.6
_15412_,6.6
_16194_,6.6
_16290_,6.6
_16606_,6.6
_17632_,6.6
_17755_,6.6
_17982_,6.6
_18926_,6.6
_20958_,6.6
_21612_,6.6
_21847_,6.6
_22960_,6.6
_23615_,6.6
_24351_,6.6
_24832_,6.6
_24870_,6.6
_25293_,6.6
_25338_,6.6
_25560_,6.6
_26090_,6.6
_26092_,6.6
_26276_,6.6
_26979_,6.6
_27118_,6.6
_27130_,6.6
_27548_,6.6
_28068_,6.6
_29249_,6.6
_30137_,6.6
_30357_,6.6
_31055_,6.6
_32443_,6.6
_33754_,6.6
_35380_,6.6
_35836_,6.6
_36158_,6.6
_36655_,6.6
_37484_,6.6
_38424_,6.6
_38609_,6.6
_38795_,6.6
_38993_,6.6
_39698_,6.6
_40349_,6.6
_40458_,6.6
_41661_,6.6
_41961_,6.6
_42457_,6.6
_20757_,6.59
_29946_,6.59
_02243_,6.58
_11043_,6.58
_12743_,6.58
_17077_,6.58
_20993_,6.58
_23708_,6.58
_30213_,6.58
_30787_,6.58
_30941_,6.58
_35268_,6.58
_42332_,6.58
_15301_,6.575
_07998_,6.57
_35488_,6.55
_40902_,6.55
_01667_,6.545
_00449_,6.54
_03132_,6.54
_05245_,6.54
_07378_,6.54
_11027_,6.54
_13738_,6.54
_18189_,6.54
_19474_,6.54
_21958_,6.54
_24113_,6.54
_25012_,6.54
_26924_,6.54
_29376_,6.54
_29546_,6.54
_34402_,6.54
_37652_,6.54
_41285_,6.54
_41870_,6.54
_12267_,6.53
_36560_,6.525
_42007_,6.525
_01542_,6.52
_02804_,6.52
_02912_,6.52
_03016_,6.52
_03684_,6.52
_03977_,6.52
_04090_,6.52
_04190_,6.52
_04674_,6.52
_06531_,6.52
_07119_,6.52
_07164_,6.52
_08994_,6.52
_11402_,6.52
_11650_,6.52
_11951_,6.52
_12041_,6.52
_12834_,6.52
_13360_,6.52
_13757_,6.52
_14362_,6.52
_14674_,6.52
_14727_,6.52
_15151_,6.52
_15738_,6.52
_17426_,6.52
_17791_,6.52
_17868_,6.52
_18331_,6.52
_18965_,6.52
_19092_,6.52
_19107_,6.52
_19380_,6.52
_19439_,6.52
_20521_,6.52
_21412_,6.52
_21594_,6.52
_21899_,6.52
_23375_,6.52
_23697_,6.52
_24096_,6.52
_24150_,6.52
_24364_,6.52
_24600_,6.52
_24626_,6.52
_25557_,6.52
_26066_,6.52
_26420_,6.52
_26498_,6.52
_26776_,6.52
_27150_,6.52
_27247_,6.52
_27442_,6.52
_27654_,6.52
_27750_,6.52
_28187_,6.52
_28218_,6.52
_28467_,6.52
_28599_,6.52
_28821_,6.52
_29590_,6.52
_29784_,6.52
_30044_,6.52
_30842_,6.52
_31422_,6.52
_31829_,6.52
_32312_,6.52
_33254_,6.52
_34035_,6.52
_34091_,6.52
_34490_,6.52
_34555_,6.52
_34571_,6.52
_34698_,6.52
_35334_,6.52
_35957_,6.52
_36198_,6.52
_37719_,6.52
_37902_,6.52
_38301_,6.52
_39611_,6.52
_40375_,6.52
_40858_,6.52
_40874_,6.52
_41222_,6.52
_41265_,6.52
_41485_,6.52
_41592_,6.52
_41860_,6.52
_42028_,6.52
_42103_,6.52
_42303_,6.52
_42321_,6.52
net359,6.52
_09296_,6.515
_25728_,6.515
_40358_,6.515
_05888_,6.51
_00595_,6.5
_03507_,6.5
_04013_,6.5
_04310_,6.5
_11066_,6.5
_11671_,6.5
_12910_,6.5
_17311_,6.5
_17480_,6.5
_17887_,6.5
_18530_,6.5
_19280_,6.5
_19976_,6.5
_24880_,6.5
_26261_,6.5
_26765_,6.5
_28295_,6.5
_30379_,6.5
_32530_,6.5
_34463_,6.5
_35983_,6.5
_41087_,6.5
_22262_,6.49
_27223_,6.49
_33868_,6.49
_34810_,6.49
_00143_,6.48
_01595_,6.48
_02115_,6.48
_03395_,6.48
_04016_,6.48
_07952_,6.48
_09652_,6.48
_12507_,6.48
_13115_,6.48
_14449_,6.48
_15430_,6.48
_16844_,6.48
_16970_,6.48
_18660_,6.48
_20264_,6.48
_21620_,6.48
_26379_,6.48
_29785_,6.48
_31182_,6.48
_32938_,6.48
_35986_,6.48
_36380_,6.48
_38888_,6.48
_39137_,6.48
_40374_,6.48
_41837_,6.48
_42526_,6.48
net338,6.48
_04057_,6.475
_08880_,6.475
_02278_,6.46
_11222_,6.46
_40335_,6.46
_05811_,6.45
_01147_,6.44
_11577_,6.44
_17870_,6.44
_17919_,6.44
_18517_,6.44
_26859_,6.44
_35641_,6.44
_36263_,6.44
_40420_,6.44
_31002_,6.435
_00008_,6.425
_00066_,6.42
_00188_,6.42
_00251_,6.42
_00341_,6.42
_01944_,6.42
_03454_,6.42
_03563_,6.42
_03609_,6.42
_04505_,6.42
_05985_,6.42
_06324_,6.42
_06550_,6.42
_06710_,6.42
_06973_,6.42
_10053_,6.42
_10088_,6.42
_10778_,6.42
_11534_,6.42
_14958_,6.42
_16382_,6.42
_20142_,6.42
_26683_,6.42
_28690_,6.42
_32280_,6.42
_34078_,6.42
_37669_,6.42
_39744_,6.42
_40801_,6.42
_41272_,6.42
_41558_,6.42
_42078_,6.42
net339,6.42
_16752_,6.415
_30539_,6.41
_00433_,6.4
_01089_,6.4
_01314_,6.4
_02069_,6.4
_03095_,6.4
_03255_,6.4
_03614_,6.4
_03718_,6.4
_04307_,6.4
_05024_,6.4
_05163_,6.4
_05373_,6.4
_05459_,6.4
_05895_,6.4
_07440_,6.4
_08062_,6.4
_09013_,6.4
_09386_,6.4
_09389_,6.4
_09541_,6.4
_10365_,6.4
_10498_,6.4
_10845_,6.4
_11440_,6.4
_11668_,6.4
_11825_,6.4
_13032_,6.4
_13214_,6.4
_13334_,6.4
_14464_,6.4
_15820_,6.4
_15936_,6.4
_16034_,6.4
_16367_,6.4
_16705_,6.4
_16805_,6.4
_17138_,6.4
_17183_,6.4
_17423_,6.4
_18495_,6.4
_18533_,6.4
_18669_,6.4
_18751_,6.4
_19516_,6.4
_19961_,6.4
_20360_,6.4
_21349_,6.4
_21533_,6.4
_21602_,6.4
_22350_,6.4
_22661_,6.4
_23332_,6.4
_23380_,6.4
_24642_,6.4
_25890_,6.4
_25910_,6.4
_26271_,6.4
_26362_,6.4
_26375_,6.4
_26477_,6.4
_27204_,6.4
_27498_,6.4
_27812_,6.4
_28795_,6.4
_29309_,6.4
_29353_,6.4
_29468_,6.4
_29888_,6.4
_30204_,6.4
_30750_,6.4
_31128_,6.4
_31748_,6.4
_31943_,6.4
_32127_,6.4
_32349_,6.4
_32525_,6.4
_33061_,6.4
_33472_,6.4
_34196_,6.4
_34347_,6.4
_34604_,6.4
_35583_,6.4
_35886_,6.4
_35923_,6.4
_35938_,6.4
_36387_,6.4
_36556_,6.4
_37092_,6.4
_38649_,6.4
_38967_,6.4
_39101_,6.4
_39847_,6.4
_40409_,6.4
_41899_,6.4
_42012_,6.4
_09838_,6.395
_40695_,6.395
_18281_,6.39
_00009_,6.38
_03708_,6.38
_04008_,6.38
_04319_,6.38
_07966_,6.38
_09378_,6.38
_10677_,6.38
_13608_,6.38
_17851_,6.38
_18460_,6.38
_19636_,6.38
_23091_,6.38
_23636_,6.38
_26622_,6.38
_28598_,6.38
_29205_,6.38
_33054_,6.38
_34055_,6.38
_36369_,6.38
_41377_,6.38
_41518_,6.38
_41732_,6.38
_42141_,6.38
_03508_,6.375
_08877_,6.37
_02302_,6.36
_03299_,6.36
_07041_,6.36
_08087_,6.36
_08189_,6.36
_10638_,6.36
_16611_,6.36
_17692_,6.36
_18554_,6.36
_20654_,6.36
_29662_,6.36
_30045_,6.36
_30303_,6.36
_37844_,6.36
_40888_,6.36
_41361_,6.36
_01851_,6.34
_05113_,6.33
_13680_,6.325
_00079_,6.32
_00304_,6.32
_06128_,6.32
_06723_,6.32
_08480_,6.32
_13420_,6.32
_13848_,6.32
_14603_,6.32
_15636_,6.32
_17375_,6.32
_25424_,6.32
_26994_,6.32
_27425_,6.32
_30015_,6.32
_31615_,6.32
_32455_,6.32
_32697_,6.32
_32812_,6.32
_33258_,6.32
_33414_,6.32
_34789_,6.32
_36283_,6.32
_36611_,6.32
_36780_,6.32
_37263_,6.32
_37723_,6.32
_37954_,6.32
_39113_,6.32
_39270_,6.32
_40756_,6.32
_41690_,6.32
_42010_,6.32
_42064_,6.32
_18750_,6.31
_40144_,6.31
load_twiddle[2],6.31
_02250_,6.305
_00505_,6.3
_01631_,6.3
_01867_,6.3
_01948_,6.3
_02784_,6.3
_02796_,6.3
_03478_,6.3
_03862_,6.3
_05260_,6.3
_06080_,6.3
_06252_,6.3
_07589_,6.3
_07740_,6.3
_08482_,6.3
_09025_,6.3
_09502_,6.3
_10322_,6.3
_10985_,6.3
_11919_,6.3
_12521_,6.3
_12640_,6.3
_12763_,6.3
_12782_,6.3
_12944_,6.3
_13331_,6.3
_13885_,6.3
_14026_,6.3
_14335_,6.3
_15281_,6.3
_15378_,6.3
_15835_,6.3
_16271_,6.3
_16405_,6.3
_16662_,6.3
_16820_,6.3
_16966_,6.3
_17424_,6.3
_17510_,6.3
_17550_,6.3
_17641_,6.3
_18197_,6.3
_20107_,6.3
_20705_,6.3
_21941_,6.3
_22666_,6.3
_22838_,6.3
_23474_,6.3
_23887_,6.3
_24287_,6.3
_25284_,6.3
_25343_,6.3
_25469_,6.3
_25787_,6.3
_26409_,6.3
_26929_,6.3
_27343_,6.3
_27846_,6.3
_28022_,6.3
_28486_,6.3
_29475_,6.3
_29777_,6.3
_29891_,6.3
_29893_,6.3
_30090_,6.3
_31120_,6.3
_31920_,6.3
_32216_,6.3
_32352_,6.3
_32505_,6.3
_32589_,6.3
_33967_,6.3
_34366_,6.3
_35110_,6.3
_35272_,6.3
_35307_,6.3
_35661_,6.3
_36177_,6.3
_36305_,6.3
_36504_,6.3
_36632_,6.3
_36724_,6.3
_37534_,6.3
_37684_,6.3
_37910_,6.3
_37984_,6.3
_38031_,6.3
_38306_,6.3
_40182_,6.3
_40708_,6.3
_40907_,6.3
_40940_,6.3
_40995_,6.3
_41189_,6.3
_41414_,6.3
_41418_,6.3
_41449_,6.3
_41514_,6.3
_42114_,6.3
_42421_,6.3
_20522_,6.295
_00531_,6.29
_01916_,6.28
_03619_,6.28
_04471_,6.28
_04575_,6.28
_04607_,6.28
_04864_,6.28
_06071_,6.28
_08260_,6.28
_08913_,6.28
_08949_,6.28
_09531_,6.28
_09557_,6.28
_09738_,6.28
_10181_,6.28
_10838_,6.28
_10924_,6.28
_11468_,6.28
_11575_,6.28
_13911_,6.28
_14185_,6.28
_14612_,6.28
_17471_,6.28
_17794_,6.28
_18471_,6.28
_18619_,6.28
_18749_,6.28
_18875_,6.28
_19158_,6.28
_19222_,6.28
_19246_,6.28
_19865_,6.28
_20168_,6.28
_20808_,6.28
_21951_,6.28
_22929_,6.28
_23117_,6.28
_23852_,6.28
_24071_,6.28
_24517_,6.28
_24770_,6.28
_25229_,6.28
_25396_,6.28
_25528_,6.28
_25970_,6.28
_26973_,6.28
_26983_,6.28
_26997_,6.28
_27802_,6.28
_27823_,6.28
_27912_,6.28
_29039_,6.28
_29665_,6.28
_29961_,6.28
_30435_,6.28
_33268_,6.28
_34015_,6.28
_34077_,6.28
_40406_,6.28
_41435_,6.28
net453,6.28
_16214_,6.275
_03575_,6.265
_33829_,6.265
_00154_,6.26
_00184_,6.26
_00974_,6.26
_01719_,6.26
_02200_,6.26
_02640_,6.26
_03528_,6.26
_03616_,6.26
_03917_,6.26
_04750_,6.26
_07826_,6.26
_07898_,6.26
_08973_,6.26
_09370_,6.26
_10340_,6.26
_10735_,6.26
_11430_,6.26
_11553_,6.26
_11949_,6.26
_12482_,6.26
_12563_,6.26
_12605_,6.26
_13535_,6.26
_13655_,6.26
_14932_,6.26
_15069_,6.26
_15669_,6.26
_18080_,6.26
_18582_,6.26
_19070_,6.26
_20147_,6.26
_20638_,6.26
_21151_,6.26
_21780_,6.26
_22065_,6.26
_22313_,6.26
_22924_,6.26
_23360_,6.26
_23618_,6.26
_24794_,6.26
_26762_,6.26
_28014_,6.26
_28166_,6.26
_28182_,6.26
_28260_,6.26
_28401_,6.26
_28540_,6.26
_29693_,6.26
_30168_,6.26
_32599_,6.26
_33348_,6.26
_34833_,6.26
_34838_,6.26
_34911_,6.26
_35692_,6.26
_39295_,6.26
_40227_,6.26
_40298_,6.26
_40397_,6.26
_40468_,6.26
_40684_,6.26
_40915_,6.26
_41094_,6.26
_41798_,6.26
_42339_,6.26
_42434_,6.26
net433,6.26
_04917_,6.24
_08477_,6.24
_14190_,6.24
_14490_,6.24
_15330_,6.24
_17072_,6.24
_31347_,6.24
_31801_,6.24
_12426_,6.235
_03913_,6.22
_18170_,6.22
_32158_,6.22
_35541_,6.21
read_data[20],6.21
read_data[9],6.21
_00305_,6.2
_00790_,6.2
_02402_,6.2
_02580_,6.2
_03712_,6.2
_04219_,6.2
_07070_,6.2
_08611_,6.2
_08931_,6.2
_10162_,6.2
_10184_,6.2
_10484_,6.2
_11150_,6.2
_11292_,6.2
_13044_,6.2
_13688_,6.2
_14502_,6.2
_14659_,6.2
_15733_,6.2
_15735_,6.2
_16434_,6.2
_16884_,6.2
_17136_,6.2
_18119_,6.2
_19277_,6.2
_21410_,6.2
_21537_,6.2
_22207_,6.2
_22733_,6.2
_23186_,6.2
_23222_,6.2
_24469_,6.2
_25569_,6.2
_26403_,6.2
_26850_,6.2
_35994_,6.2
_36779_,6.2
_36787_,6.2
_38733_,6.2
_38820_,6.2
_39784_,6.2
_39989_,6.2
_40007_,6.2
_40017_,6.2
_40526_,6.2
_26749_,6.19
_00001_,6.18
_01267_,6.18
_01694_,6.18
_02453_,6.18
_02811_,6.18
_02992_,6.18
_03335_,6.18
_03362_,6.18
_03471_,6.18
_03848_,6.18
_04024_,6.18
_04777_,6.18
_06836_,6.18
_07480_,6.18
_07646_,6.18
_08032_,6.18
_08120_,6.18
_08157_,6.18
_08241_,6.18
_08419_,6.18
_08459_,6.18
_08699_,6.18
_08781_,6.18
_08892_,6.18
_09396_,6.18
_09537_,6.18
_09587_,6.18
_09592_,6.18
_09744_,6.18
_09932_,6.18
_10023_,6.18
_10174_,6.18
_10243_,6.18
_10368_,6.18
_10379_,6.18
_10724_,6.18
_10787_,6.18
_10798_,6.18
_10962_,6.18
_11497_,6.18
_11500_,6.18
_11818_,6.18
_12339_,6.18
_12427_,6.18
_12551_,6.18
_12641_,6.18
_13592_,6.18
_13609_,6.18
_13699_,6.18
_13775_,6.18
_13959_,6.18
_14193_,6.18
_14599_,6.18
_14828_,6.18
_15516_,6.18
_15741_,6.18
_15748_,6.18
_16453_,6.18
_16466_,6.18
_16514_,6.18
_16613_,6.18
_16646_,6.18
_16909_,6.18
_16962_,6.18
_17353_,6.18
_17442_,6.18
_17762_,6.18
_17875_,6.18
_18108_,6.18
_18328_,6.18
_18831_,6.18
_19517_,6.18
_19721_,6.18
_20872_,6.18
_20986_,6.18
_21368_,6.18
_21915_,6.18
_22747_,6.18
_23148_,6.18
_23472_,6.18
_23597_,6.18
_23678_,6.18
_23793_,6.18
_23870_,6.18
_23920_,6.18
_25266_,6.18
_25427_,6.18
_25497_,6.18
_25559_,6.18
_26109_,6.18
_27017_,6.18
_27049_,6.18
_27137_,6.18
_27379_,6.18
_27430_,6.18
_27848_,6.18
_27867_,6.18
_28696_,6.18
_28799_,6.18
_28877_,6.18
_28944_,6.18
_29213_,6.18
_29950_,6.18
_30595_,6.18
_31195_,6.18
_31304_,6.18
_32492_,6.18
_33076_,6.18
_33363_,6.18
_33497_,6.18
_34012_,6.18
_34097_,6.18
_34286_,6.18
_34548_,6.18
_35304_,6.18
_35852_,6.18
_36031_,6.18
_36286_,6.18
_36439_,6.18
_37055_,6.18
_37075_,6.18
_37194_,6.18
_38201_,6.18
_38299_,6.18
_38309_,6.18
_38638_,6.18
_38805_,6.18
_39290_,6.18
_40443_,6.18
_40509_,6.18
_40717_,6.18
_40832_,6.18
_40948_,6.18
_40994_,6.18
_41005_,6.18
_41211_,6.18
_41328_,6.18
_41713_,6.18
_41974_,6.18
_42154_,6.18
_42309_,6.18
_42387_,6.18
_24758_,6.17
_00484_,6.16
_02996_,6.16
_03094_,6.16
_04579_,6.16
_04590_,6.16
_05209_,6.16
_09499_,6.16
_11923_,6.16
_17315_,6.16
_17817_,6.16
_17841_,6.16
_18326_,6.16
_18787_,6.16
_19317_,6.16
_19557_,6.16
_20023_,6.16
_23050_,6.16
_23119_,6.16
_23269_,6.16
_24614_,6.16
_24681_,6.16
_27282_,6.16
_27597_,6.16
_28030_,6.16
_30054_,6.16
_32373_,6.16
_33473_,6.16
_35726_,6.16
_36127_,6.16
_38772_,6.16
_39448_,6.16
_40550_,6.16
_02173_,6.155
_19706_,6.15
_00022_,6.14
_01498_,6.14
_01781_,6.14
_01906_,6.14
_03175_,6.14
_03570_,6.14
_04390_,6.14
_05012_,6.14
_05062_,6.14
_05072_,6.14
_05671_,6.14
_05713_,6.14
_05820_,6.14
_06104_,6.14
_06491_,6.14
_06786_,6.14
_07111_,6.14
_07877_,6.14
_08925_,6.14
_09259_,6.14
_09260_,6.14
_09809_,6.14
_09992_,6.14
_10127_,6.14
_10619_,6.14
_10825_,6.14
_11167_,6.14
_11489_,6.14
_11676_,6.14
_12541_,6.14
_12676_,6.14
_13458_,6.14
_13786_,6.14
_13935_,6.14
_14211_,6.14
_15307_,6.14
_15668_,6.14
_15786_,6.14
_15829_,6.14
_15977_,6.14
_16264_,6.14
_16420_,6.14
_16536_,6.14
_16679_,6.14
_16761_,6.14
_16790_,6.14
_16958_,6.14
_17056_,6.14
_17143_,6.14
_17441_,6.14
_18832_,6.14
_20207_,6.14
_20261_,6.14
_20726_,6.14
_20788_,6.14
_21812_,6.14
_21968_,6.14
_22235_,6.14
_22647_,6.14
_23107_,6.14
_23592_,6.14
_23799_,6.14
_24300_,6.14
_24435_,6.14
_24919_,6.14
_24984_,6.14
_25091_,6.14
_25349_,6.14
_26185_,6.14
_26305_,6.14
_26694_,6.14
_27188_,6.14
_27678_,6.14
_27808_,6.14
_27861_,6.14
_28417_,6.14
_28863_,6.14
_29296_,6.14
_29902_,6.14
_30450_,6.14
_30465_,6.14
_30558_,6.14
_31218_,6.14
_31365_,6.14
_32678_,6.14
_32906_,6.14
_33521_,6.14
_35687_,6.14
_35991_,6.14
_36002_,6.14
_36225_,6.14
_36272_,6.14
_37253_,6.14
_37728_,6.14
_37801_,6.14
_38579_,6.14
_38684_,6.14
_39250_,6.14
_39259_,6.14
_39619_,6.14
_39862_,6.14
_40126_,6.14
_40187_,6.14
_40396_,6.14
_40542_,6.14
_40921_,6.14
_40964_,6.14
_41443_,6.14
_42273_,6.14
_42406_,6.14
net330,6.14
_05695_,6.135
_11187_,6.135
_08208_,6.13
_13274_,6.13
_04001_,6.12
_12529_,6.12
_14730_,6.12
_25543_,6.12
_25823_,6.12
_27970_,6.12
_29120_,6.12
_32544_,6.12
_37748_,6.12
_41559_,6.12
_08855_,6.1
_40901_,6.1
_21140_,6.09
load_data[15],6.09
load_data[30],6.09
load_data[4],6.09
_01320_,6.08
_01568_,6.08
_03160_,6.08
_06325_,6.08
_07328_,6.08
_09559_,6.08
_10042_,6.08
_10879_,6.08
_10931_,6.08
_10951_,6.08
_11239_,6.08
_11246_,6.08
_11367_,6.08
_11634_,6.08
_12520_,6.08
_12755_,6.08
_13048_,6.08
_14746_,6.08
_15794_,6.08
_15906_,6.08
_18552_,6.08
_19066_,6.08
_19609_,6.08
_20223_,6.08
_20346_,6.08
_21787_,6.08
_23839_,6.08
_25088_,6.08
_25112_,6.08
_25805_,6.08
_26629_,6.08
_27407_,6.08
_31546_,6.08
_32371_,6.08
_32568_,6.08
_36212_,6.08
_38312_,6.08
_39281_,6.08
_39516_,6.08
_41205_,6.08
net397,6.08
_26011_,6.075
_01609_,6.07
_10580_,6.065
_00483_,6.06
_01651_,6.06
_03076_,6.06
_04284_,6.06
_04715_,6.06
_04835_,6.06
_06442_,6.06
_07116_,6.06
_07687_,6.06
_08104_,6.06
_08770_,6.06
_09000_,6.06
_09148_,6.06
_09879_,6.06
_10187_,6.06
_10482_,6.06
_10949_,6.06
_11221_,6.06
_12358_,6.06
_14725_,6.06
_16138_,6.06
_16293_,6.06
_16667_,6.06
_16956_,6.06
_18314_,6.06
_18686_,6.06
_18835_,6.06
_19063_,6.06
_19205_,6.06
_19306_,6.06
_19362_,6.06
_19978_,6.06
_20615_,6.06
_21935_,6.06
_22170_,6.06
_23875_,6.06
_23910_,6.06
_24710_,6.06
_24859_,6.06
_25289_,6.06
_25646_,6.06
_26067_,6.06
_26097_,6.06
_28084_,6.06
_28181_,6.06
_29007_,6.06
_29138_,6.06
_29328_,6.06
_31062_,6.06
_31493_,6.06
_32291_,6.06
_33016_,6.06
_33747_,6.06
_33983_,6.06
_35221_,6.06
_36016_,6.06
_39482_,6.06
_39625_,6.06
_40605_,6.06
_41076_,6.06
_41489_,6.06
_03649_,6.055
_03923_,6.05
_04046_,6.04
_04787_,6.04
_04956_,6.04
_08360_,6.04
_09004_,6.04
_10254_,6.04
_10502_,6.04
_16421_,6.04
_19610_,6.04
_20240_,6.04
_21142_,6.04
_23142_,6.04
_24641_,6.04
_24911_,6.04
_25896_,6.04
_27095_,6.04
_31668_,6.04
_36017_,6.04
_36285_,6.04
_40878_,6.04
_41022_,6.04
_41534_,6.04
_41673_,6.04
_42104_,6.04
_15303_,6.03
_26418_,6.03
_18297_,6.025
_01482_,6.02
_01769_,6.02
_02181_,6.02
_03012_,6.02
_06090_,6.02
_07993_,6.02
_11318_,6.02
_12925_,6.02
_14720_,6.02
_15249_,6.02
_20489_,6.02
_21247_,6.02
_21988_,6.02
_23630_,6.02
_25204_,6.02
_25655_,6.02
_26565_,6.02
_27897_,6.02
_30328_,6.02
_30888_,6.02
_31401_,6.02
_31917_,6.02
_33632_,6.02
_34887_,6.02
_39009_,6.02
_40747_,6.02
_41672_,6.02
_14992_,6.015
_07954_,6.01
_07988_,6.005
_28501_,5.99
_30246_,5.99
_31620_,5.99
_04822_,5.98
_10037_,5.98
_10297_,5.98
_12544_,5.98
_13578_,5.98
_18631_,5.98
_23955_,5.98
_24978_,5.98
_35255_,5.98
_38413_,5.98
_38826_,5.98
_39471_,5.98
_41282_,5.98
_26181_,5.975
load_data[25],5.97
load_twiddle[17],5.97
_00295_,5.96
_02733_,5.96
_03381_,5.96
_03891_,5.96
_04223_,5.96
_04437_,5.96
_05162_,5.96
_07327_,5.96
_08449_,5.96
_12579_,5.96
_14794_,5.96
_15994_,5.96
_18841_,5.96
_21358_,5.96
_25043_,5.96
_26219_,5.96
_26729_,5.96
_27981_,5.96
_29276_,5.96
_30120_,5.96
_34648_,5.96
_35051_,5.96
_35464_,5.96
_37975_,5.96
_38479_,5.96
_39943_,5.96
_40060_,5.96
_40084_,5.96
_40183_,5.96
_40548_,5.96
_41021_,5.96
_41300_,5.96
net341,5.96
_40142_,5.955
_27978_,5.945
_00980_,5.94
_00982_,5.94
_02090_,5.94
_03050_,5.94
_03631_,5.94
_03635_,5.94
_03782_,5.94
_04282_,5.94
_05766_,5.94
_05858_,5.94
_06490_,5.94
_06693_,5.94
_07071_,5.94
_07914_,5.94
_08263_,5.94
_08280_,5.94
_08852_,5.94
_09769_,5.94
_10689_,5.94
_10913_,5.94
_11075_,5.94
_11213_,5.94
_12296_,5.94
_12334_,5.94
_13487_,5.94
_13862_,5.94
_13970_,5.94
_13986_,5.94
_15080_,5.94
_16339_,5.94
_16475_,5.94
_16477_,5.94
_16836_,5.94
_17029_,5.94
_17037_,5.94
_17041_,5.94
_17058_,5.94
_17452_,5.94
_17772_,5.94
_18126_,5.94
_18149_,5.94
_18444_,5.94
_19074_,5.94
_19851_,5.94
_19878_,5.94
_20527_,5.94
_20770_,5.94
_20778_,5.94
_20951_,5.94
_22092_,5.94
_22348_,5.94
_23626_,5.94
_23663_,5.94
_24135_,5.94
_24502_,5.94
_25201_,5.94
_26538_,5.94
_26702_,5.94
_27646_,5.94
_27988_,5.94
_28048_,5.94
_28594_,5.94
_29340_,5.94
_29718_,5.94
_30183_,5.94
_31484_,5.94
_31545_,5.94
_32399_,5.94
_32605_,5.94
_35461_,5.94
_36819_,5.94
_36931_,5.94
_38337_,5.94
_40750_,5.94
_41564_,5.94
_41666_,5.94
_42492_,5.94
_11110_,5.935
_15941_,5.935
_34521_,5.935
_09478_,5.93
_00013_,5.92
_00067_,5.92
_00274_,5.92
_00289_,5.92
_01701_,5.92
_03011_,5.92
_04675_,5.92
_08559_,5.92
_11613_,5.92
_14462_,5.92
_16811_,5.92
_25586_,5.92
_26734_,5.92
_30890_,5.92
_32428_,5.92
_37218_,5.92
_37823_,5.92
_40010_,5.92
_40152_,5.92
_37640_,5.915
_00696_,5.91
_22543_,5.91
_04025_,5.9
_11653_,5.9
_15237_,5.9
_15340_,5.9
_18551_,5.9
_25272_,5.9
_30566_,5.9
_31587_,5.9
_32987_,5.9
_35459_,5.9
_37570_,5.9
_38505_,5.9
_39362_,5.9
_42253_,5.9
_24265_,5.89
_39586_,5.89
_19850_,5.885
_20852_,5.88
_02629_,5.87
_41488_,5.87
_00385_,5.86
_01146_,5.86
_03971_,5.86
_04079_,5.86
_05215_,5.86
_05987_,5.86
_06615_,5.86
_07288_,5.86
_08363_,5.86
_09235_,5.86
_10391_,5.86
_10940_,5.86
_12946_,5.86
_13106_,5.86
_13537_,5.86
_13660_,5.86
_13881_,5.86
_14006_,5.86
_14573_,5.86
_15271_,5.86
_16815_,5.86
_17460_,5.86
_19376_,5.86
_19428_,5.86
_19580_,5.86
_19741_,5.86
_20050_,5.86
_20103_,5.86
_20155_,5.86
_20477_,5.86
_20693_,5.86
_22025_,5.86
_22529_,5.86
_25527_,5.86
_25831_,5.86
_26013_,5.86
_26044_,5.86
_26075_,5.86
_26217_,5.86
_28541_,5.86
_32554_,5.86
_33236_,5.86
_33401_,5.86
_33879_,5.86
_34758_,5.86
_34799_,5.86
_35437_,5.86
_36275_,5.86
_38051_,5.86
_25623_,5.855
_12859_,5.845
_00178_,5.84
_00344_,5.84
_01009_,5.84
_01013_,5.84
_01598_,5.84
_02038_,5.84
_02519_,5.84
_02852_,5.84
_03295_,5.84
_03648_,5.84
_03781_,5.84
_03874_,5.84
_05722_,5.84
_06257_,5.84
_06784_,5.84
_06861_,5.84
_07231_,5.84
_07707_,5.84
_07787_,5.84
_08416_,5.84
_08705_,5.84
_09028_,5.84
_09229_,5.84
_09709_,5.84
_10654_,5.84
_10727_,5.84
_11249_,5.84
_11478_,5.84
_11510_,5.84
_11528_,5.84
_12013_,5.84
_12175_,5.84
_12589_,5.84
_12770_,5.84
_12945_,5.84
_12965_,5.84
_13094_,5.84
_13257_,5.84
_13516_,5.84
_13522_,5.84
_13916_,5.84
_14146_,5.84
_14217_,5.84
_14605_,5.84
_14839_,5.84
_14950_,5.84
_15123_,5.84
_15154_,5.84
_15192_,5.84
_15293_,5.84
_15773_,5.84
_15815_,5.84
_16741_,5.84
_16854_,5.84
_17363_,5.84
_17708_,5.84
_18192_,5.84
_18299_,5.84
_18773_,5.84
_18784_,5.84
_18907_,5.84
_18992_,5.84
_19128_,5.84
_20308_,5.84
_21076_,5.84
_21248_,5.84
_21458_,5.84
_21663_,5.84
_21982_,5.84
_22217_,5.84
_22388_,5.84
_22520_,5.84
_22712_,5.84
_22787_,5.84
_22857_,5.84
_23077_,5.84
_23551_,5.84
_23989_,5.84
_24852_,5.84
_25246_,5.84
_25252_,5.84
_25359_,5.84
_26472_,5.84
_27512_,5.84
_29746_,5.84
_29827_,5.84
_30288_,5.84
_30344_,5.84
_30874_,5.84
_31472_,5.84
_31713_,5.84
_32284_,5.84
_32367_,5.84
_32446_,5.84
_32713_,5.84
_32756_,5.84
_33041_,5.84
_33311_,5.84
_34092_,5.84
_35291_,5.84
_35532_,5.84
_35709_,5.84
_36124_,5.84
_36337_,5.84
_36967_,5.84
_37696_,5.84
_37965_,5.84
_38747_,5.84
_39525_,5.84
_41047_,5.84
_15944_,5.835
_23286_,5.835
_10693_,5.83
_24458_,5.83
_32934_,5.83
_00574_,5.82
_01352_,5.82
_01590_,5.82
_01986_,5.82
_02199_,5.82
_03183_,5.82
_03982_,5.82
_04247_,5.82
_06077_,5.82
_06376_,5.82
_06989_,5.82
_07296_,5.82
_08371_,5.82
_08632_,5.82
_09655_,5.82
_09658_,5.82
_09885_,5.82
_11643_,5.82
_11756_,5.82
_11961_,5.82
_14038_,5.82
_14615_,5.82
_14900_,5.82
_15938_,5.82
_16638_,5.82
_16711_,5.82
_16742_,5.82
_17338_,5.82
_17356_,5.82
_17753_,5.82
_17760_,5.82
_18612_,5.82
_18783_,5.82
_20236_,5.82
_21449_,5.82
_23020_,5.82
_26236_,5.82
_26427_,5.82
_26845_,5.82
_28200_,5.82
_28438_,5.82
_31028_,5.82
_31370_,5.82
_34268_,5.82
_34575_,5.82
_35466_,5.82
_36312_,5.82
_37058_,5.82
_38047_,5.82
_38506_,5.82
_40553_,5.82
_41685_,5.82
_41730_,5.82
_11787_,5.815
_15436_,5.815
_11866_,5.81
_21550_,5.805
_00027_,5.8
_00090_,5.8
_00213_,5.8
_00268_,5.8
_00534_,5.8
_01337_,5.8
_02317_,5.8
_02680_,5.8
_03215_,5.8
_04054_,5.8
_05547_,5.8
_06119_,5.8
_06726_,5.8
_06825_,5.8
_07003_,5.8
_07080_,5.8
_08090_,5.8
_08633_,5.8
_08651_,5.8
_09707_,5.8
_09910_,5.8
_10699_,5.8
_10803_,5.8
_11312_,5.8
_11364_,5.8
_11570_,5.8
_12196_,5.8
_13045_,5.8
_13814_,5.8
_14084_,5.8
_14769_,5.8
_14893_,5.8
_15538_,5.8
_16691_,5.8
_17223_,5.8
_17544_,5.8
_17801_,5.8
_19091_,5.8
_21095_,5.8
_21516_,5.8
_21568_,5.8
_23441_,5.8
_23790_,5.8
_23936_,5.8
_24420_,5.8
_25075_,5.8
_25395_,5.8
_25980_,5.8
_26122_,5.8
_26365_,5.8
_26438_,5.8
_26775_,5.8
_27387_,5.8
_27504_,5.8
_28558_,5.8
_29090_,5.8
_29762_,5.8
_29829_,5.8
_30277_,5.8
_30338_,5.8
_30696_,5.8
_30990_,5.8
_31848_,5.8
_32867_,5.8
_34093_,5.8
_34503_,5.8
_34561_,5.8
_35378_,5.8
_36209_,5.8
_36280_,5.8
_36665_,5.8
_37339_,5.8
_38713_,5.8
_39808_,5.8
_41162_,5.8
_41509_,5.8
_41707_,5.8
_42536_,5.8
_38732_,5.79
_30162_,5.785
_05663_,5.78
_11453_,5.78
_15803_,5.78
_18963_,5.78
_20892_,5.78
_22391_,5.78
_22722_,5.78
_23530_,5.78
_33585_,5.78
_36806_,5.78
_36866_,5.78
_37686_,5.78
_27173_,5.76
_09383_,5.755
_01128_,5.75
read_data[0],5.75
read_data[26],5.75
_01799_,5.74
_02095_,5.74
_02712_,5.74
_02865_,5.74
_02879_,5.74
_03037_,5.74
_03153_,5.74
_03759_,5.74
_04085_,5.74
_05434_,5.74
_07597_,5.74
_07721_,5.74
_07846_,5.74
_08809_,5.74
_10223_,5.74
_10440_,5.74
_10655_,5.74
_10749_,5.74
_11715_,5.74
_12023_,5.74
_12637_,5.74
_12948_,5.74
_13502_,5.74
_13573_,5.74
_13669_,5.74
_14031_,5.74
_14723_,5.74
_14878_,5.74
_14972_,5.74
_15156_,5.74
_16086_,5.74
_16591_,5.74
_16882_,5.74
_17551_,5.74
_17586_,5.74
_18025_,5.74
_18072_,5.74
_18268_,5.74
_18350_,5.74
_18494_,5.74
_19278_,5.74
_19680_,5.74
_20457_,5.74
_21147_,5.74
_21965_,5.74
_22820_,5.74
_23340_,5.74
_24066_,5.74
_24401_,5.74
_24860_,5.74
_27305_,5.74
_27631_,5.74
_27864_,5.74
_28099_,5.74
_28213_,5.74
_29086_,5.74
_29731_,5.74
_30133_,5.74
_30796_,5.74
_31486_,5.74
_32340_,5.74
_33306_,5.74
_33345_,5.74
_34079_,5.74
_35076_,5.74
_35949_,5.74
_36033_,5.74
_36098_,5.74
_36234_,5.74
_36419_,5.74
_36637_,5.74
_36731_,5.74
_36732_,5.74
_36757_,5.74
_36789_,5.74
_36795_,5.74
_38302_,5.74
_39275_,5.74
_39463_,5.74
_40078_,5.74
_40434_,5.74
_40598_,5.74
_41374_,5.74
_42054_,5.74
net401,5.74
net442,5.74
_00254_,5.72
_01068_,5.72
_01517_,5.72
_01617_,5.72
_01624_,5.72
_02247_,5.72
_03161_,5.72
_03599_,5.72
_03933_,5.72
_04211_,5.72
_04364_,5.72
_04562_,5.72
_04580_,5.72
_05154_,5.72
_05255_,5.72
_05386_,5.72
_05409_,5.72
_05824_,5.72
_05836_,5.72
_06277_,5.72
_06347_,5.72
_07139_,5.72
_07849_,5.72
_08237_,5.72
_08497_,5.72
_08554_,5.72
_08902_,5.72
_09374_,5.72
_10506_,5.72
_10855_,5.72
_10989_,5.72
_11361_,5.72
_11423_,5.72
_12387_,5.72
_12462_,5.72
_13590_,5.72
_13658_,5.72
_13967_,5.72
_14069_,5.72
_14147_,5.72
_14252_,5.72
_14584_,5.72
_14649_,5.72
_14776_,5.72
_14830_,5.72
_14896_,5.72
_15298_,5.72
_15466_,5.72
_15673_,5.72
_15718_,5.72
_15832_,5.72
_16890_,5.72
_17230_,5.72
_17241_,5.72
_17520_,5.72
_17664_,5.72
_17879_,5.72
_18761_,5.72
_18892_,5.72
_19347_,5.72
_19471_,5.72
_19501_,5.72
_19939_,5.72
_20711_,5.72
_20749_,5.72
_20839_,5.72
_21335_,5.72
_21398_,5.72
_21649_,5.72
_21729_,5.72
_21810_,5.72
_22477_,5.72
_22853_,5.72
_23872_,5.72
_24074_,5.72
_24110_,5.72
_24336_,5.72
_24585_,5.72
_24648_,5.72
_24753_,5.72
_24976_,5.72
_25042_,5.72
_25135_,5.72
_25576_,5.72
_25759_,5.72
_25917_,5.72
_26078_,5.72
_26307_,5.72
_26685_,5.72
_26793_,5.72
_27172_,5.72
_27341_,5.72
_27954_,5.72
_28066_,5.72
_28125_,5.72
_28208_,5.72
_28581_,5.72
_28593_,5.72
_28796_,5.72
_28849_,5.72
_28953_,5.72
_30837_,5.72
_31327_,5.72
_32329_,5.72
_32612_,5.72
_33216_,5.72
_34028_,5.72
_34106_,5.72
_34517_,5.72
_35534_,5.72
_35669_,5.72
_36332_,5.72
_36351_,5.72
_36542_,5.72
_36634_,5.72
_36839_,5.72
_38433_,5.72
_38469_,5.72
_38488_,5.72
_38507_,5.72
_38956_,5.72
_39031_,5.72
_39277_,5.72
_39320_,5.72
_39823_,5.72
_40156_,5.72
_40222_,5.72
_40352_,5.72
_40410_,5.72
_40411_,5.72
_40545_,5.72
_40617_,5.72
_40629_,5.72
_40757_,5.72
_41214_,5.72
_41480_,5.72
_41490_,5.72
_41546_,5.72
_41996_,5.72
_42178_,5.72
_04174_,5.715
_03551_,5.71
_30626_,5.71
_36696_,5.71
_41261_,5.71
_25749_,5.705
_03212_,5.7
_04019_,5.7
_08624_,5.7
_13864_,5.7
_14640_,5.7
_14838_,5.7
_23272_,5.7
_23909_,5.7
_25213_,5.7
_25927_,5.7
_27417_,5.7
_27924_,5.7
_28630_,5.7
_32336_,5.7
_32611_,5.7
_33386_,5.7
_34360_,5.7
_37721_,5.7
_38042_,5.7
_38307_,5.7
_42120_,5.7
_42265_,5.7
_40673_,5.695
_00283_,5.68
_02099_,5.68
_03499_,5.68
_04086_,5.68
_04544_,5.68
_05149_,5.68
_05378_,5.68
_05456_,5.68
_06904_,5.68
_07532_,5.68
_08481_,5.68
_08508_,5.68
_08572_,5.68
_08684_,5.68
_08703_,5.68
_08906_,5.68
_09052_,5.68
_09294_,5.68
_09748_,5.68
_09884_,5.68
_10061_,5.68
_10468_,5.68
_10493_,5.68
_11598_,5.68
_12132_,5.68
_12243_,5.68
_12350_,5.68
_12382_,5.68
_14033_,5.68
_15193_,5.68
_15845_,5.68
_16486_,5.68
_16803_,5.68
_18607_,5.68
_18622_,5.68
_18983_,5.68
_20096_,5.68
_20783_,5.68
_22432_,5.68
_23085_,5.68
_23860_,5.68
_24793_,5.68
_24803_,5.68
_24914_,5.68
_26655_,5.68
_26715_,5.68
_27025_,5.68
_27433_,5.68
_27805_,5.68
_28081_,5.68
_28478_,5.68
_28479_,5.68
_28791_,5.68
_28947_,5.68
_29848_,5.68
_31692_,5.68
_32613_,5.68
_33045_,5.68
_33205_,5.68
_33717_,5.68
_33738_,5.68
_33861_,5.68
_35025_,5.68
_35587_,5.68
_35977_,5.68
_35978_,5.68
_35988_,5.68
_36943_,5.68
_37013_,5.68
_37321_,5.68
_37959_,5.68
_38374_,5.68
_39993_,5.68
_40473_,5.68
_40720_,5.68
_42282_,5.68
net391,5.68
_09784_,5.66
_10327_,5.66
_16713_,5.66
_28567_,5.655
_22454_,5.65
_00284_,5.645
_03625_,5.635
_28225_,5.635
_19993_,5.63
_26533_,5.63
load_data[23],5.63
_00979_,5.62
_02231_,5.62
_02744_,5.62
_04678_,5.62
_07322_,5.62
_08773_,5.62
_08814_,5.62
_09924_,5.62
_12638_,5.62
_14192_,5.62
_14201_,5.62
_14812_,5.62
_16197_,5.62
_16965_,5.62
_17015_,5.62
_17228_,5.62
_18095_,5.62
_18620_,5.62
_18883_,5.62
_19024_,5.62
_19497_,5.62
_19539_,5.62
_21049_,5.62
_22833_,5.62
_23628_,5.62
_23687_,5.62
_23818_,5.62
_24294_,5.62
_27397_,5.62
_27770_,5.62
_29687_,5.62
_31806_,5.62
_34416_,5.62
_34576_,5.62
_37273_,5.62
_39599_,5.62
_41925_,5.62
_42326_,5.62
_29235_,5.615
_20255_,5.61
_00087_,5.6
_00094_,5.6
_00256_,5.6
_01913_,5.6
_02256_,5.6
_02668_,5.6
_02779_,5.6
_03274_,5.6
_03602_,5.6
_04152_,5.6
_04482_,5.6
_04588_,5.6
_05812_,5.6
_06214_,5.6
_06361_,5.6
_07044_,5.6
_07317_,5.6
_08756_,5.6
_09714_,5.6
_10316_,5.6
_10770_,5.6
_11107_,5.6
_11494_,5.6
_11942_,5.6
_12677_,5.6
_13667_,5.6
_14148_,5.6
_14203_,5.6
_14774_,5.6
_14815_,5.6
_14890_,5.6
_15206_,5.6
_15690_,5.6
_17057_,5.6
_18617_,5.6
_19036_,5.6
_19806_,5.6
_20492_,5.6
_20870_,5.6
_21557_,5.6
_21631_,5.6
_22061_,5.6
_22158_,5.6
_23244_,5.6
_23343_,5.6
_24968_,5.6
_25639_,5.6
_25824_,5.6
_25871_,5.6
_26855_,5.6
_26911_,5.6
_27100_,5.6
_28692_,5.6
_28884_,5.6
_29495_,5.6
_30350_,5.6
_30434_,5.6
_30531_,5.6
_30667_,5.6
_30771_,5.6
_30958_,5.6
_31913_,5.6
_33989_,5.6
_34250_,5.6
_34346_,5.6
_35364_,5.6
_35403_,5.6
_35481_,5.6
_35524_,5.6
_38130_,5.6
_38646_,5.6
_40218_,5.6
_40373_,5.6
_40429_,5.6
_40794_,5.6
_41241_,5.6
_41303_,5.6
_34246_,5.585
_02365_,5.58
_03224_,5.58
_07308_,5.58
_09263_,5.58
_11558_,5.58
_14521_,5.58
_19145_,5.58
_28157_,5.58
_31602_,5.58
_35179_,5.58
_36157_,5.58
_39444_,5.58
_39976_,5.58
_41854_,5.58
_41861_,5.58
_00652_,5.56
_01260_,5.56
_01893_,5.56
_04539_,5.56
_07390_,5.56
_11220_,5.56
_13792_,5.56
_14739_,5.56
_14926_,5.56
_15016_,5.56
_15163_,5.56
_16834_,5.56
_23715_,5.56
_32147_,5.56
_39641_,5.56
_40347_,5.56
_17549_,5.555
_34844_,5.555
_00093_,5.545
_11103_,5.54
_31883_,5.53
read_data[1],5.53
read_data[28],5.53
_00302_,5.525
_01217_,5.52
_02443_,5.52
_09137_,5.52
_13198_,5.52
_14351_,5.52
_14789_,5.52
_16121_,5.52
_16125_,5.52
_18602_,5.52
_18689_,5.52
_26341_,5.52
_32914_,5.52
_33068_,5.52
_37651_,5.52
_38480_,5.52
_39981_,5.52
_40821_,5.52
_41442_,5.52
net417,5.52
_00069_,5.5
_00216_,5.5
_04681_,5.5
_05604_,5.5
_08167_,5.5
_08641_,5.5
_09725_,5.5
_12211_,5.5
_12600_,5.5
_13729_,5.5
_13897_,5.5
_15217_,5.5
_15639_,5.5
_15984_,5.5
_16170_,5.5
_18367_,5.5
_18388_,5.5
_19195_,5.5
_19369_,5.5
_20764_,5.5
_24902_,5.5
_25422_,5.5
_25671_,5.5
_28757_,5.5
_29101_,5.5
_35060_,5.5
_36298_,5.5
_40597_,5.5
_41741_,5.5
_30536_,5.495
_36510_,5.495
_40004_,5.495
_00059_,5.48
_01689_,5.48
_03081_,5.48
_03121_,5.48
_03279_,5.48
_03543_,5.48
_04269_,5.48
_05030_,5.48
_05232_,5.48
_05463_,5.48
_06952_,5.48
_07108_,5.48
_07341_,5.48
_07637_,5.48
_08096_,5.48
_08622_,5.48
_09727_,5.48
_10908_,5.48
_10936_,5.48
_11716_,5.48
_12201_,5.48
_12918_,5.48
_13297_,5.48
_13700_,5.48
_15894_,5.48
_16042_,5.48
_16155_,5.48
_16373_,5.48
_17459_,5.48
_18574_,5.48
_19351_,5.48
_19511_,5.48
_19960_,5.48
_20087_,5.48
_20221_,5.48
_21179_,5.48
_21743_,5.48
_22993_,5.48
_24143_,5.48
_26128_,5.48
_26854_,5.48
_26961_,5.48
_27457_,5.48
_27592_,5.48
_28837_,5.48
_29189_,5.48
_29559_,5.48
_29987_,5.48
_30377_,5.48
_31295_,5.48
_31780_,5.48
_31836_,5.48
_33704_,5.48
_34700_,5.48
_34866_,5.48
_35180_,5.48
_36051_,5.48
_36292_,5.48
_36530_,5.48
_37390_,5.48
_38349_,5.48
_39791_,5.48
_40245_,5.48
_40604_,5.48
_40898_,5.48
_41203_,5.48
_41470_,5.48
_41991_,5.48
_42244_,5.48
_10843_,5.475
_00016_,5.46
_00133_,5.46
_00144_,5.46
_00158_,5.46
_11936_,5.46
_13681_,5.46
_14814_,5.46
_15809_,5.46
_21246_,5.46
_23178_,5.46
_23331_,5.46
_24987_,5.46
_25277_,5.46
_26284_,5.46
_28677_,5.46
_41593_,5.46
_42547_,5.46
_25645_,5.455
_28129_,5.455
_24121_,5.45
_05336_,5.44
_21671_,5.44
_23731_,5.44
_27251_,5.43
_32954_,5.43
_32050_,5.41
_00300_,5.4
_00322_,5.4
_00643_,5.4
_01111_,5.4
_01833_,5.4
_02883_,5.4
_03400_,5.4
_04858_,5.4
_06613_,5.4
_06884_,5.4
_07291_,5.4
_07742_,5.4
_08785_,5.4
_09009_,5.4
_09211_,5.4
_09336_,5.4
_10396_,5.4
_10634_,5.4
_10768_,5.4
_10969_,5.4
_11905_,5.4
_12341_,5.4
_12421_,5.4
_13107_,5.4
_14020_,5.4
_14558_,5.4
_15792_,5.4
_15962_,5.4
_15983_,5.4
_16159_,5.4
_17780_,5.4
_18219_,5.4
_18244_,5.4
_21038_,5.4
_21855_,5.4
_23369_,5.4
_24611_,5.4
_24689_,5.4
_26280_,5.4
_26525_,5.4
_26542_,5.4
_26916_,5.4
_26971_,5.4
_27479_,5.4
_27695_,5.4
_27751_,5.4
_30654_,5.4
_32004_,5.4
_32374_,5.4
_32644_,5.4
_32748_,5.4
_32860_,5.4
_39162_,5.4
_39991_,5.4
_41322_,5.4
_41577_,5.4
_41611_,5.4
_41944_,5.4
_42067_,5.4
_23598_,5.395
_00032_,5.38
_00070_,5.38
_00166_,5.38
_00410_,5.38
_00573_,5.38
_00949_,5.38
_02523_,5.38
_02647_,5.38
_02650_,5.38
_02717_,5.38
_03098_,5.38
_03655_,5.38
_04094_,5.38
_04384_,5.38
_04767_,5.38
_04801_,5.38
_04954_,5.38
_05320_,5.38
_05391_,5.38
_05936_,5.38
_06381_,5.38
_06645_,5.38
_07925_,5.38
_08359_,5.38
_09053_,5.38
_09438_,5.38
_09790_,5.38
_09797_,5.38
_10312_,5.38
_10574_,5.38
_10903_,5.38
_11535_,5.38
_11941_,5.38
_12478_,5.38
_12666_,5.38
_12695_,5.38
_12726_,5.38
_12867_,5.38
_12915_,5.38
_12973_,5.38
_13010_,5.38
_13123_,5.38
_13233_,5.38
_13449_,5.38
_13656_,5.38
_13694_,5.38
_15448_,5.38
_15533_,5.38
_16317_,5.38
_16342_,5.38
_16719_,5.38
_16821_,5.38
_17658_,5.38
_17969_,5.38
_18266_,5.38
_18401_,5.38
_19216_,5.38
_19785_,5.38
_20347_,5.38
_21330_,5.38
_21672_,5.38
_21767_,5.38
_23154_,5.38
_23344_,5.38
_23541_,5.38
_23721_,5.38
_23739_,5.38
_24159_,5.38
_24166_,5.38
_24302_,5.38
_25024_,5.38
_25194_,5.38
_25695_,5.38
_25798_,5.38
_26451_,5.38
_26638_,5.38
_27297_,5.38
_28367_,5.38
_28471_,5.38
_28726_,5.38
_28736_,5.38
_30818_,5.38
_30972_,5.38
_31526_,5.38
_31825_,5.38
_31830_,5.38
_32729_,5.38
_32813_,5.38
_33535_,5.38
_33856_,5.38
_33875_,5.38
_34710_,5.38
_35672_,5.38
_36064_,5.38
_36397_,5.38
_36470_,5.38
_36544_,5.38
_36605_,5.38
_37645_,5.38
_38107_,5.38
_38919_,5.38
_39322_,5.38
_39605_,5.38
_39817_,5.38
_39978_,5.38
_40693_,5.38
_41712_,5.38
_42027_,5.38
net420,5.38
net421,5.38
_26159_,5.375
_00486_,5.36
_02057_,5.36
_03127_,5.36
_03666_,5.36
_04066_,5.36
_04179_,5.36
_05070_,5.36
_05157_,5.36
_07655_,5.36
_08666_,5.36
_09529_,5.36
_10812_,5.36
_12701_,5.36
_14344_,5.36
_14582_,5.36
_15018_,5.36
_15351_,5.36
_16103_,5.36
_16626_,5.36
_16763_,5.36
_16990_,5.36
_17210_,5.36
_18016_,5.36
_23037_,5.36
_23695_,5.36
_24043_,5.36
_24105_,5.36
_25325_,5.36
_25700_,5.36
_25929_,5.36
_26352_,5.36
_27454_,5.36
_28955_,5.36
_29147_,5.36
_29413_,5.36
_29818_,5.36
_32717_,5.36
_39409_,5.36
_40350_,5.36
_41381_,5.36
_41897_,5.36
_42411_,5.36
_03692_,5.355
_06024_,5.345
_00263_,5.34
_00282_,5.34
_00519_,5.34
_01500_,5.34
_01533_,5.34
_02036_,5.34
_02588_,5.34
_02822_,5.34
_03057_,5.34
_03090_,5.34
_03345_,5.34
_03680_,5.34
_04147_,5.34
_04606_,5.34
_05681_,5.34
_06702_,5.34
_07807_,5.34
_08008_,5.34
_08609_,5.34
_08882_,5.34
_08918_,5.34
_08947_,5.34
_09489_,5.34
_10782_,5.34
_10958_,5.34
_11022_,5.34
_11130_,5.34
_11368_,5.34
_11513_,5.34
_11741_,5.34
_12442_,5.34
_13077_,5.34
_13216_,5.34
_14155_,5.34
_14255_,5.34
_15256_,5.34
_16545_,5.34
_19763_,5.34
_21326_,5.34
_21579_,5.34
_22359_,5.34
_22420_,5.34
_22793_,5.34
_23419_,5.34
_23765_,5.34
_24052_,5.34
_25168_,5.34
_26266_,5.34
_26785_,5.34
_27495_,5.34
_27641_,5.34
_27939_,5.34
_28246_,5.34
_28706_,5.34
_28839_,5.34
_29185_,5.34
_29985_,5.34
_30011_,5.34
_30652_,5.34
_30657_,5.34
_30829_,5.34
_31495_,5.34
_31677_,5.34
_32111_,5.34
_32535_,5.34
_32640_,5.34
_32944_,5.34
_32997_,5.34
_34529_,5.34
_34847_,5.34
_35177_,5.34
_35339_,5.34
_36059_,5.34
_36630_,5.34
_37552_,5.34
_37573_,5.34
_38120_,5.34
_38333_,5.34
_39021_,5.34
_40143_,5.34
_40455_,5.34
_41331_,5.34
_41555_,5.34
_41627_,5.34
_41950_,5.34
_42195_,5.34
_42313_,5.34
_42341_,5.34
_17769_,5.32
_12424_,5.31
net413,5.31
_09441_,5.3
_18063_,5.295
load_data_addr[2],5.29
load_twiddle[11],5.29
load_twiddle[5],5.29
_02790_,5.285
_00134_,5.28
_00391_,5.28
_00837_,5.28
_02331_,5.28
_03099_,5.28
_05471_,5.28
_06023_,5.28
_06418_,5.28
_07592_,5.28
_08021_,5.28
_09026_,5.28
_09085_,5.28
_10109_,5.28
_11431_,5.28
_12015_,5.28
_12293_,5.28
_13081_,5.28
_13620_,5.28
_13750_,5.28
_16183_,5.28
_16269_,5.28
_16783_,5.28
_17328_,5.28
_17924_,5.28
_17967_,5.28
_18092_,5.28
_18531_,5.28
_18577_,5.28
_19827_,5.28
_23075_,5.28
_23633_,5.28
_23734_,5.28
_24053_,5.28
_24260_,5.28
_27288_,5.28
_27858_,5.28
_28341_,5.28
_28502_,5.28
_28858_,5.28
_28992_,5.28
_30093_,5.28
_30646_,5.28
_30856_,5.28
_31412_,5.28
_31680_,5.28
_31868_,5.28
_33485_,5.28
_34588_,5.28
_34798_,5.28
_35305_,5.28
_35976_,5.28
_36582_,5.28
_36661_,5.28
_36721_,5.28
_37488_,5.28
_37489_,5.28
_37601_,5.28
_37827_,5.28
_38179_,5.28
_38515_,5.28
_38755_,5.28
_39612_,5.28
_39844_,5.28
_42041_,5.28
_42134_,5.28
_29723_,5.275
_00208_,5.26
_00502_,5.26
_00936_,5.26
_01555_,5.26
_01621_,5.26
_01677_,5.26
_02270_,5.26
_03056_,5.26
_03713_,5.26
_04109_,5.26
_04218_,5.26
_04341_,5.26
_04351_,5.26
_04419_,5.26
_04486_,5.26
_04521_,5.26
_04537_,5.26
_04551_,5.26
_04702_,5.26
_04936_,5.26
_05638_,5.26
_05792_,5.26
_06288_,5.26
_07901_,5.26
_09067_,5.26
_09073_,5.26
_09399_,5.26
_09794_,5.26
_10126_,5.26
_10456_,5.26
_10567_,5.26
_10712_,5.26
_10935_,5.26
_11183_,5.26
_11633_,5.26
_11699_,5.26
_11851_,5.26
_12335_,5.26
_12896_,5.26
_12930_,5.26
_12935_,5.26
_13598_,5.26
_13666_,5.26
_13736_,5.26
_13941_,5.26
_14012_,5.26
_14224_,5.26
_14472_,5.26
_14557_,5.26
_14959_,5.26
_15000_,5.26
_15501_,5.26
_15872_,5.26
_16232_,5.26
_16388_,5.26
_16403_,5.26
_16558_,5.26
_16865_,5.26
_16912_,5.26
_17014_,5.26
_17043_,5.26
_17098_,5.26
_17386_,5.26
_17411_,5.26
_17456_,5.26
_17759_,5.26
_18385_,5.26
_18844_,5.26
_18870_,5.26
_19161_,5.26
_19862_,5.26
_21175_,5.26
_21348_,5.26
_21637_,5.26
_21705_,5.26
_21844_,5.26
_22176_,5.26
_22682_,5.26
_23004_,5.26
_23590_,5.26
_23682_,5.26
_23706_,5.26
_23837_,5.26
_24333_,5.26
_24561_,5.26
_24813_,5.26
_24900_,5.26
_25013_,5.26
_25097_,5.26
_25568_,5.26
_26007_,5.26
_26074_,5.26
_26230_,5.26
_26342_,5.26
_27216_,5.26
_27376_,5.26
_27390_,5.26
_28204_,5.26
_28279_,5.26
_28346_,5.26
_28718_,5.26
_29031_,5.26
_29160_,5.26
_29257_,5.26
_29358_,5.26
_29850_,5.26
_30122_,5.26
_30296_,5.26
_30311_,5.26
_30947_,5.26
_31159_,5.26
_31450_,5.26
_31456_,5.26
_32939_,5.26
_33035_,5.26
_33456_,5.26
_33955_,5.26
_34234_,5.26
_34358_,5.26
_34461_,5.26
_34831_,5.26
_34971_,5.26
_35094_,5.26
_35153_,5.26
_35814_,5.26
_35890_,5.26
_36035_,5.26
_36070_,5.26
_36071_,5.26
_36252_,5.26
_36348_,5.26
_36635_,5.26
_36709_,5.26
_36815_,5.26
_36820_,5.26
_37409_,5.26
_37739_,5.26
_38053_,5.26
_38613_,5.26
_38936_,5.26
_38947_,5.26
_39000_,5.26
_39033_,5.26
_39627_,5.26
_39648_,5.26
_39764_,5.26
_39892_,5.26
_39894_,5.26
_39983_,5.26
_40071_,5.26
_40238_,5.26
_40430_,5.26
_40831_,5.26
_41017_,5.26
_41341_,5.26
_41363_,5.26
_41578_,5.26
_41830_,5.26
_42105_,5.26
_42164_,5.26
_42249_,5.26
net334,5.26
net375,5.26
_08731_,5.255
_15187_,5.25
_03768_,5.24
_05358_,5.24
_06999_,5.24
_09248_,5.24
_14988_,5.24
_17476_,5.24
_17846_,5.24
_18163_,5.24
_18321_,5.24
_18579_,5.24
_18928_,5.24
_19719_,5.24
_23303_,5.24
_26429_,5.24
_27560_,5.24
_27972_,5.24
_30079_,5.24
_02690_,5.225
_01282_,5.22
_01497_,5.22
_02133_,5.22
_02764_,5.22
_04508_,5.22
_04557_,5.22
_05765_,5.22
_05874_,5.22
_06708_,5.22
_07509_,5.22
_07614_,5.22
_08509_,5.22
_08529_,5.22
_08671_,5.22
_09806_,5.22
_09860_,5.22
_10143_,5.22
_11291_,5.22
_11297_,5.22
_11642_,5.22
_11694_,5.22
_11744_,5.22
_12574_,5.22
_12627_,5.22
_12709_,5.22
_12742_,5.22
_12916_,5.22
_13444_,5.22
_13693_,5.22
_13812_,5.22
_14395_,5.22
_15210_,5.22
_16006_,5.22
_16165_,5.22
_16732_,5.22
_17023_,5.22
_18748_,5.22
_18775_,5.22
_18816_,5.22
_19014_,5.22
_19592_,5.22
_20612_,5.22
_20826_,5.22
_21662_,5.22
_21897_,5.22
_22275_,5.22
_22549_,5.22
_22663_,5.22
_22705_,5.22
_23023_,5.22
_23925_,5.22
_24613_,5.22
_24810_,5.22
_24831_,5.22
_25030_,5.22
_25245_,5.22
_26176_,5.22
_27229_,5.22
_27401_,5.22
_27968_,5.22
_28173_,5.22
_28244_,5.22
_28433_,5.22
_29279_,5.22
_29500_,5.22
_29549_,5.22
_29737_,5.22
_29786_,5.22
_29972_,5.22
_30325_,5.22
_31140_,5.22
_31711_,5.22
_32176_,5.22
_32499_,5.22
_32732_,5.22
_32928_,5.22
_33685_,5.22
_33982_,5.22
_35186_,5.22
_35362_,5.22
_35965_,5.22
_35987_,5.22
_36000_,5.22
_36006_,5.22
_36626_,5.22
_36741_,5.22
_36969_,5.22
_37267_,5.22
_37735_,5.22
_37773_,5.22
_38295_,5.22
_38534_,5.22
_39623_,5.22
_40034_,5.22
_40689_,5.22
_31152_,5.215
_37526_,5.215
_08001_,5.21
_17309_,5.2
read_data[4],5.19
_08975_,5.18
_42483_,5.17
_19787_,5.165
_01308_,5.16
_03084_,5.16
_03390_,5.16
_04050_,5.16
_04691_,5.16
_06523_,5.16
_09012_,5.16
_09817_,5.16
_10344_,5.16
_14934_,5.16
_21973_,5.16
_23831_,5.16
_24774_,5.16
_25286_,5.16
_25898_,5.16
_26053_,5.16
_28272_,5.16
_29140_,5.16
_29736_,5.16
_30089_,5.16
_40216_,5.16
_41177_,5.16
_20036_,5.155
_28280_,5.155
_00264_,5.14
_01547_,5.14
_01956_,5.14
_03315_,5.14
_03354_,5.14
_05057_,5.14
_05401_,5.14
_05413_,5.14
_06172_,5.14
_06451_,5.14
_06643_,5.14
_07171_,5.14
_07356_,5.14
_07778_,5.14
_07959_,5.14
_08086_,5.14
_08798_,5.14
_09042_,5.14
_09623_,5.14
_09824_,5.14
_09852_,5.14
_10038_,5.14
_11180_,5.14
_11230_,5.14
_11284_,5.14
_11376_,5.14
_12728_,5.14
_12872_,5.14
_14137_,5.14
_14198_,5.14
_14504_,5.14
_14625_,5.14
_15297_,5.14
_15506_,5.14
_16072_,5.14
_16489_,5.14
_16887_,5.14
_17284_,5.14
_17431_,5.14
_18770_,5.14
_18891_,5.14
_19134_,5.14
_19627_,5.14
_19791_,5.14
_19802_,5.14
_20750_,5.14
_20950_,5.14
_23176_,5.14
_23643_,5.14
_23888_,5.14
_23995_,5.14
_25096_,5.14
_25116_,5.14
_25870_,5.14
_26837_,5.14
_26993_,5.14
_27844_,5.14
_28150_,5.14
_28155_,5.14
_28277_,5.14
_28483_,5.14
_28645_,5.14
_30334_,5.14
_30553_,5.14
_30754_,5.14
_31888_,5.14
_31910_,5.14
_32063_,5.14
_32328_,5.14
_32435_,5.14
_32679_,5.14
_33390_,5.14
_33669_,5.14
_34715_,5.14
_35057_,5.14
_35126_,5.14
_36076_,5.14
_36178_,5.14
_37166_,5.14
_37563_,5.14
_39683_,5.14
_40449_,5.14
_40490_,5.14
_40729_,5.14
_40937_,5.14
_41206_,5.14
_41384_,5.14
_41698_,5.14
_04970_,5.13
_11342_,5.12
_14556_,5.12
_14562_,5.12
_17800_,5.12
_20791_,5.12
_21414_,5.12
_23990_,5.12
_25237_,5.12
_25330_,5.12
_26300_,5.12
_33476_,5.12
_38450_,5.12
_41645_,5.12
_11989_,5.115
_01787_,5.1
_04974_,5.1
_07622_,5.1
_07720_,5.1
_12749_,5.1
_22674_,5.1
_29319_,5.1
_32796_,5.1
_39590_,5.1
_40002_,5.1
_42006_,5.1
net331,5.1
_20984_,5.09
_00509_,5.08
_41682_,5.07
busy,5.07
read_data[11],5.07
_03091_,5.06
_03117_,5.06
_03285_,5.06
_03428_,5.06
_04898_,5.06
_05300_,5.06
_06273_,5.06
_09449_,5.06
_10474_,5.06
_10523_,5.06
_10645_,5.06
_11285_,5.06
_14336_,5.06
_14904_,5.06
_15632_,5.06
_15751_,5.06
_15824_,5.06
_16199_,5.06
_16858_,5.06
_17071_,5.06
_17449_,5.06
_18031_,5.06
_19867_,5.06
_19971_,5.06
_23479_,5.06
_24654_,5.06
_25575_,5.06
_26835_,5.06
_27226_,5.06
_28383_,5.06
_29566_,5.06
_32539_,5.06
_33400_,5.06
_36200_,5.06
_36503_,5.06
_39315_,5.06
_40587_,5.06
_40870_,5.06
_40935_,5.06
_41344_,5.06
_41968_,5.06
_31011_,5.045
_00014_,5.04
_00212_,5.04
_00321_,5.04
_03565_,5.04
_03661_,5.04
_04182_,5.04
_09749_,5.04
_09971_,5.04
_11727_,5.04
_13192_,5.04
_14498_,5.04
_14750_,5.04
_16319_,5.04
_18469_,5.04
_21666_,5.04
_23120_,5.04
_23842_,5.04
_23900_,5.04
_25686_,5.04
_27013_,5.04
_27023_,5.04
_27128_,5.04
_28360_,5.04
_28446_,5.04
_29115_,5.04
_33488_,5.04
_35030_,5.04
_35306_,5.04
_39996_,5.04
_30775_,5.035
_10660_,5.03
_28830_,5.03
_00475_,5.02
_01923_,5.02
_03331_,5.02
_03817_,5.02
_04795_,5.02
_04910_,5.02
_05019_,5.02
_05623_,5.02
_06306_,5.02
_07256_,5.02
_07585_,5.02
_07732_,5.02
_07912_,5.02
_08623_,5.02
_09958_,5.02
_11586_,5.02
_11620_,5.02
_12432_,5.02
_14805_,5.02
_15965_,5.02
_16064_,5.02
_16149_,5.02
_16281_,5.02
_16594_,5.02
_17187_,5.02
_17734_,5.02
_19065_,5.02
_21115_,5.02
_21372_,5.02
_21378_,5.02
_21483_,5.02
_22331_,5.02
_22636_,5.02
_22973_,5.02
_23007_,5.02
_23744_,5.02
_24804_,5.02
_24869_,5.02
_25742_,5.02
_26728_,5.02
_27420_,5.02
_27511_,5.02
_27590_,5.02
_27917_,5.02
_27967_,5.02
_28362_,5.02
_28389_,5.02
_28820_,5.02
_30235_,5.02
_31778_,5.02
_31889_,5.02
_31961_,5.02
_31965_,5.02
_33012_,5.02
_33181_,5.02
_33319_,5.02
_34622_,5.02
_36290_,5.02
_41268_,5.02
_41335_,5.02
_42378_,5.02
_10528_,5.015
_10564_,5.015
_37103_,5.01
_00147_,5
_00279_,5
_00287_,5
_00399_,5
_05799_,5
_08736_,5
_12460_,5
_16863_,5
_24414_,5
_25394_,5
_26851_,5
_27040_,5
_27728_,5
_29022_,5
_29075_,5
_32752_,4.98
_13752_,4.95
_31870_,4.95
_35104_,4.95
load_data[1],4.95
load_twiddle[0],4.95
load_twiddle[13],4.95
load_twiddle[31],4.95
load_twiddle_en,4.95
read_addr[0],4.95
_36509_,4.945
_00312_,4.94
_00362_,4.94
_01794_,4.94
_02436_,4.94
_02562_,4.94
_02599_,4.94
_02602_,4.94
_03905_,4.94
_03979_,4.94
_04778_,4.94
_04908_,4.94
_05803_,4.94
_06665_,4.94
_06942_,4.94
_07915_,4.94
_08580_,4.94
_08627_,4.94
_08642_,4.94
_08858_,4.94
_09029_,4.94
_09482_,4.94
_09754_,4.94
_10774_,4.94
_11776_,4.94
_12602_,4.94
_12860_,4.94
_13650_,4.94
_13768_,4.94
_13904_,4.94
_14058_,4.94
_14721_,4.94
_14837_,4.94
_15053_,4.94
_18478_,4.94
_18759_,4.94
_19132_,4.94
_20237_,4.94
_20579_,4.94
_20744_,4.94
_21127_,4.94
_21317_,4.94
_22734_,4.94
_23455_,4.94
_23863_,4.94
_23881_,4.94
_23884_,4.94
_25688_,4.94
_27255_,4.94
_27813_,4.94
_28314_,4.94
_28508_,4.94
_29152_,4.94
_29839_,4.94
_30231_,4.94
_30382_,4.94
_32720_,4.94
_32781_,4.94
_32994_,4.94
_34275_,4.94
_34325_,4.94
_35117_,4.94
_35740_,4.94
_36927_,4.94
_38687_,4.94
_38723_,4.94
_39265_,4.94
_39458_,4.94
_41785_,4.94
_41893_,4.94
_42283_,4.94
_28398_,4.925
_00292_,4.92
_01674_,4.92
_02049_,4.92
_02572_,4.92
_02689_,4.92
_02750_,4.92
_02829_,4.92
_02897_,4.92
_03176_,4.92
_03220_,4.92
_03233_,4.92
_04030_,4.92
_04434_,4.92
_04658_,4.92
_04906_,4.92
_04947_,4.92
_05440_,4.92
_05619_,4.92
_06066_,4.92
_07083_,4.92
_07401_,4.92
_07407_,4.92
_07450_,4.92
_07459_,4.92
_07468_,4.92
_08207_,4.92
_08610_,4.92
_08663_,4.92
_08860_,4.92
_09604_,4.92
_09781_,4.92
_10375_,4.92
_10554_,4.92
_10687_,4.92
_11193_,4.92
_11441_,4.92
_12307_,4.92
_12665_,4.92
_12671_,4.92
_13075_,4.92
_13401_,4.92
_13739_,4.92
_13782_,4.92
_13831_,4.92
_13876_,4.92
_14100_,4.92
_14957_,4.92
_14962_,4.92
_14971_,4.92
_15277_,4.92
_15767_,4.92
_16204_,4.92
_16549_,4.92
_16644_,4.92
_16992_,4.92
_17189_,4.92
_17840_,4.92
_17871_,4.92
_17933_,4.92
_18359_,4.92
_18647_,4.92
_18847_,4.92
_19366_,4.92
_19863_,4.92
_19967_,4.92
_20076_,4.92
_20437_,4.92
_20651_,4.92
_20837_,4.92
_20845_,4.92
_20865_,4.92
_21373_,4.92
_22174_,4.92
_22813_,4.92
_22888_,4.92
_22925_,4.92
_23158_,4.92
_23811_,4.92
_24120_,4.92
_24122_,4.92
_24179_,4.92
_24232_,4.92
_24500_,4.92
_24970_,4.92
_25217_,4.92
_25406_,4.92
_25418_,4.92
_25467_,4.92
_25567_,4.92
_25716_,4.92
_25968_,4.92
_26603_,4.92
_26772_,4.92
_26951_,4.92
_27177_,4.92
_28965_,4.92
_29383_,4.92
_29674_,4.92
_29874_,4.92
_30538_,4.92
_30871_,4.92
_31358_,4.92
_31670_,4.92
_32194_,4.92
_32412_,4.92
_32630_,4.92
_33039_,4.92
_33056_,4.92
_33253_,4.92
_33906_,4.92
_34562_,4.92
_35096_,4.92
_35172_,4.92
_35450_,4.92
_35792_,4.92
_36095_,4.92
_36106_,4.92
_36299_,4.92
_36334_,4.92
_36540_,4.92
_37307_,4.92
_38137_,4.92
_38320_,4.92
_38965_,4.92
_39333_,4.92
_39916_,4.92
_40061_,4.92
_40477_,4.92
_40504_,4.92
_41055_,4.92
_41292_,4.92
_41424_,4.92
_42354_,4.92
_42487_,4.92
net432,4.92
_00951_,4.91
_03663_,4.9
_03752_,4.9
_03809_,4.9
_05031_,4.9
_05846_,4.9
_08738_,4.9
_09233_,4.9
_09433_,4.9
_10138_,4.9
_10732_,4.9
_11131_,4.9
_11387_,4.9
_12027_,4.9
_12716_,4.9
_13052_,4.9
_14141_,4.9
_14679_,4.9
_14711_,4.9
_15452_,4.9
_16234_,4.9
_17379_,4.9
_17422_,4.9
_17784_,4.9
_18688_,4.9
_18690_,4.9
_18716_,4.9
_19696_,4.9
_20082_,4.9
_21528_,4.9
_25621_,4.9
_27145_,4.9
_27929_,4.9
_28885_,4.9
_30920_,4.9
_33160_,4.9
_33257_,4.9
_35010_,4.9
_35444_,4.9
_36987_,4.9
_37284_,4.9
_40614_,4.9
_42346_,4.9
_27184_,4.89
_00049_,4.88
_00163_,4.88
_00783_,4.88
_00787_,4.88
_01144_,4.88
_01275_,4.88
_02113_,4.88
_03234_,4.88
_03344_,4.88
_03701_,4.88
_03967_,4.88
_04154_,4.88
_04935_,4.88
_05573_,4.88
_06126_,4.88
_06968_,4.88
_07039_,4.88
_07229_,4.88
_08160_,4.88
_09485_,4.88
_09564_,4.88
_09599_,4.88
_09633_,4.88
_10565_,4.88
_11466_,4.88
_12067_,4.88
_12319_,4.88
_12718_,4.88
_13793_,4.88
_14361_,4.88
_14852_,4.88
_15610_,4.88
_16368_,4.88
_16506_,4.88
_16535_,4.88
_18503_,4.88
_18583_,4.88
_20648_,4.88
_21439_,4.88
_21501_,4.88
_21669_,4.88
_21931_,4.88
_23313_,4.88
_23651_,4.88
_23781_,4.88
_24846_,4.88
_26336_,4.88
_28751_,4.88
_29156_,4.88
_31313_,4.88
_31530_,4.88
_31547_,4.88
_31582_,4.88
_32172_,4.88
_32368_,4.88
_32620_,4.88
_32896_,4.88
_33393_,4.88
_33816_,4.88
_34230_,4.88
_34519_,4.88
_34966_,4.88
_35011_,4.88
_35043_,4.88
_35279_,4.88
_35673_,4.88
_35914_,4.88
_36268_,4.88
_36645_,4.88
_36660_,4.88
_36670_,4.88
_39099_,4.88
_39288_,4.88
_39395_,4.88
_40219_,4.88
_40251_,4.88
_40681_,4.88
_40762_,4.88
_41102_,4.88
_41240_,4.88
_42151_,4.88
_42435_,4.88
_13065_,4.87
_37465_,4.87
_16687_,4.86
_28191_,4.85
_39693_,4.85
read_data[14],4.85
_30517_,4.845
_22965_,4.84
_36531_,4.83
_00339_,4.82
_01539_,4.82
_01644_,4.82
_01717_,4.82
_02591_,4.82
_03269_,4.82
_04060_,4.82
_05107_,4.82
_05180_,4.82
_05476_,4.82
_06353_,4.82
_07196_,4.82
_07347_,4.82
_07591_,4.82
_07594_,4.82
_10124_,4.82
_10511_,4.82
_10704_,4.82
_10888_,4.82
_11159_,4.82
_11804_,4.82
_11856_,4.82
_12513_,4.82
_13058_,4.82
_13277_,4.82
_13715_,4.82
_14221_,4.82
_15245_,4.82
_16437_,4.82
_17359_,4.82
_17782_,4.82
_18005_,4.82
_18102_,4.82
_18839_,4.82
_19238_,4.82
_19413_,4.82
_21292_,4.82
_21311_,4.82
_21980_,4.82
_22489_,4.82
_23002_,4.82
_23070_,4.82
_23565_,4.82
_24247_,4.82
_25381_,4.82
_25888_,4.82
_25904_,4.82
_26496_,4.82
_26584_,4.82
_26698_,4.82
_26725_,4.82
_28276_,4.82
_28309_,4.82
_28566_,4.82
_28624_,4.82
_28894_,4.82
_30218_,4.82
_30687_,4.82
_30853_,4.82
_32757_,4.82
_32925_,4.82
_33438_,4.82
_34952_,4.82
_35129_,4.82
_35431_,4.82
_35789_,4.82
_36302_,4.82
_38305_,4.82
_38351_,4.82
_39604_,4.82
_39765_,4.82
_40314_,4.82
_41805_,4.82
_42511_,4.82
net199,4.82
net360,4.82
net370,4.82
net404,4.82
_12346_,4.815
_00160_,4.8
_00458_,4.8
_00708_,4.8
_00843_,4.8
_01641_,4.8
_02039_,4.8
_02411_,4.8
_02550_,4.8
_03475_,4.8
_03674_,4.8
_03947_,4.8
_03970_,4.8
_04378_,4.8
_04418_,4.8
_04684_,4.8
_04710_,4.8
_04721_,4.8
_05202_,4.8
_05428_,4.8
_05678_,4.8
_06134_,4.8
_06362_,4.8
_06685_,4.8
_06705_,4.8
_06785_,4.8
_07653_,4.8
_07801_,4.8
_09147_,4.8
_09219_,4.8
_09501_,4.8
_09630_,4.8
_09649_,4.8
_09650_,4.8
_09827_,4.8
_09880_,4.8
_09882_,4.8
_10890_,4.8
_10932_,4.8
_11062_,4.8
_11155_,4.8
_11227_,4.8
_11400_,4.8
_11656_,4.8
_11778_,4.8
_11821_,4.8
_11980_,4.8
_12070_,4.8
_12688_,4.8
_12776_,4.8
_12990_,4.8
_13301_,4.8
_13322_,4.8
_13515_,4.8
_13594_,4.8
_13672_,4.8
_13955_,4.8
_13983_,4.8
_14092_,4.8
_14213_,4.8
_14227_,4.8
_14254_,4.8
_14733_,4.8
_15162_,4.8
_15409_,4.8
_15434_,4.8
_15547_,4.8
_15573_,4.8
_15628_,4.8
_15913_,4.8
_16033_,4.8
_16058_,4.8
_16080_,4.8
_16341_,4.8
_16609_,4.8
_16655_,4.8
_16831_,4.8
_16907_,4.8
_17257_,4.8
_17389_,4.8
_17392_,4.8
_18138_,4.8
_18181_,4.8
_18231_,4.8
_18323_,4.8
_18393_,4.8
_18403_,4.8
_18470_,4.8
_18529_,4.8
_18710_,4.8
_18814_,4.8
_19190_,4.8
_19396_,4.8
_19569_,4.8
_20447_,4.8
_20479_,4.8
_20849_,4.8
_20962_,4.8
_20977_,4.8
_21235_,4.8
_21377_,4.8
_21381_,4.8
_21397_,4.8
_22018_,4.8
_22464_,4.8
_22866_,4.8
_23671_,4.8
_23681_,4.8
_23730_,4.8
_24476_,4.8
_24787_,4.8
_25357_,4.8
_25415_,4.8
_25434_,4.8
_25522_,4.8
_25583_,4.8
_25999_,4.8
_26096_,4.8
_26180_,4.8
_26223_,4.8
_26239_,4.8
_26589_,4.8
_26626_,4.8
_26636_,4.8
_26661_,4.8
_26717_,4.8
_27328_,4.8
_27350_,4.8
_27959_,4.8
_28046_,4.8
_28185_,4.8
_28358_,4.8
_28586_,4.8
_28758_,4.8
_28964_,4.8
_29052_,4.8
_29071_,4.8
_29106_,4.8
_29125_,4.8
_30205_,4.8
_30238_,4.8
_30684_,4.8
_30954_,4.8
_31355_,4.8
_31632_,4.8
_31850_,4.8
_31866_,4.8
_31873_,4.8
_32167_,4.8
_32346_,4.8
_32453_,4.8
_33251_,4.8
_33357_,4.8
_33398_,4.8
_33501_,4.8
_33678_,4.8
_33820_,4.8
_34088_,4.8
_34153_,4.8
_34676_,4.8
_34705_,4.8
_35343_,4.8
_36019_,4.8
_36040_,4.8
_36042_,4.8
_36577_,4.8
_36673_,4.8
_37448_,4.8
_37535_,4.8
_37678_,4.8
_37955_,4.8
_38020_,4.8
_38645_,4.8
_38655_,4.8
_38824_,4.8
_38927_,4.8
_38958_,4.8
_39112_,4.8
_39639_,4.8
_39871_,4.8
_39999_,4.8
_40596_,4.8
_40664_,4.8
_40742_,4.8
_40842_,4.8
_40978_,4.8
_42119_,4.8
_42222_,4.8
_42263_,4.8
_42369_,4.8
_42460_,4.8
net410,4.8
_29732_,4.795
_28361_,4.79
_40678_,4.79
_02034_,4.785
_03932_,4.78
_05204_,4.78
_10582_,4.78
_11061_,4.78
_12557_,4.78
_14358_,4.78
_15041_,4.78
_22953_,4.78
_24474_,4.78
_33018_,4.78
_33847_,4.78
_40476_,4.78
_13763_,4.775
_20936_,4.775
_01139_,4.76
_01486_,4.76
_03994_,4.76
_04627_,4.76
_05429_,4.76
_07482_,4.76
_07782_,4.76
_08314_,4.76
_09054_,4.76
_09285_,4.76
_11572_,4.76
_13433_,4.76
_14120_,4.76
_16164_,4.76
_16579_,4.76
_19236_,4.76
_19496_,4.76
_20466_,4.76
_21174_,4.76
_21572_,4.76
_23653_,4.76
_24215_,4.76
_24797_,4.76
_25174_,4.76
_25205_,4.76
_26351_,4.76
_28936_,4.76
_30197_,4.76
_30524_,4.76
_30875_,4.76
_31458_,4.76
_32424_,4.76
_32855_,4.76
_34610_,4.76
_35206_,4.76
_35215_,4.76
_35216_,4.76
_35757_,4.76
_36086_,4.76
_36896_,4.76
_36949_,4.76
_38243_,4.76
_38379_,4.76
_39105_,4.76
_39325_,4.76
_40304_,4.76
_40386_,4.76
_41471_,4.76
net406,4.76
net408,4.76
_26289_,4.75
_16114_,4.74
_18376_,4.74
_40223_,4.735
load_data[29],4.73
_00704_,4.7
_03341_,4.7
_04222_,4.7
_04668_,4.7
_04989_,4.7
_09254_,4.7
_09511_,4.7
_10613_,4.7
_11739_,4.7
_13692_,4.7
_15853_,4.7
_16383_,4.7
_16569_,4.7
_17500_,4.7
_17532_,4.7
_17555_,4.7
_20135_,4.7
_20421_,4.7
_23867_,4.7
_25322_,4.7
_30858_,4.7
_34741_,4.7
_40489_,4.7
_41231_,4.7
_42414_,4.7
_42507_,4.7
_14139_,4.685
_36467_,4.685
_01353_,4.68
_02282_,4.68
_03111_,4.68
_03532_,4.68
_03583_,4.68
_03966_,4.68
_04006_,4.68
_07150_,4.68
_07209_,4.68
_07582_,4.68
_09640_,4.68
_10792_,4.68
_10896_,4.68
_11281_,4.68
_11522_,4.68
_11730_,4.68
_12839_,4.68
_13639_,4.68
_16949_,4.68
_17673_,4.68
_17712_,4.68
_17864_,4.68
_18585_,4.68
_19296_,4.68
_19697_,4.68
_19837_,4.68
_20980_,4.68
_21353_,4.68
_21912_,4.68
_22099_,4.68
_22306_,4.68
_22669_,4.68
_23694_,4.68
_25153_,4.68
_25323_,4.68
_25333_,4.68
_25893_,4.68
_26442_,4.68
_29275_,4.68
_30412_,4.68
_30529_,4.68
_30535_,4.68
_30817_,4.68
_31017_,4.68
_31635_,4.68
_32075_,4.68
_32103_,4.68
_33412_,4.68
_34050_,4.68
_34510_,4.68
_34800_,4.68
_35245_,4.68
_35257_,4.68
_35400_,4.68
_35701_,4.68
_36010_,4.68
_36020_,4.68
_36143_,4.68
_38001_,4.68
_38277_,4.68
_39855_,4.68
_40626_,4.68
_41436_,4.68
_07489_,4.675
_34211_,4.675
_02994_,4.66
_09001_,4.66
_12202_,4.66
_13390_,4.66
_13638_,4.66
_13657_,4.66
_13720_,4.66
_14797_,4.66
_17017_,4.66
_23373_,4.66
_25889_,4.66
_26587_,4.66
_26852_,4.66
_26889_,4.66
_35992_,4.66
_41006_,4.655
_27757_,4.64
_36444_,4.635
_22615_,4.61
rst_n,4.61
_02810_,4.6
_06320_,4.6
_06327_,4.6
_06351_,4.6
_07814_,4.6
_11912_,4.6
_13875_,4.6
_14134_,4.6
_14864_,4.6
_21232_,4.6
_28472_,4.6
_29889_,4.6
_31569_,4.6
_34765_,4.6
_35432_,4.6
_36120_,4.6
_36558_,4.6
_37153_,4.6
_37976_,4.6
_38811_,4.6
_41232_,4.6
_41692_,4.6
_00075_,4.58
_00131_,4.58
_00157_,4.58
_00169_,4.58
_00217_,4.58
_00218_,4.58
_00220_,4.58
_00221_,4.58
_00352_,4.58
_03059_,4.58
_04026_,4.58
_10585_,4.58
_11212_,4.58
_11707_,4.58
_16929_,4.58
_18433_,4.58
_18603_,4.58
_19039_,4.58
_22654_,4.58
_28359_,4.58
_35225_,4.58
_36771_,4.58
_39027_,4.58
_39986_,4.58
_40810_,4.58
_41142_,4.58
_42241_,4.58
_42562_,4.58
_07194_,4.57
_14135_,4.57
_21825_,4.57
_00150_,4.565
_01365_,4.56
_01715_,4.56
_02508_,4.56
_03762_,4.56
_03864_,4.56
_03884_,4.56
_04469_,4.56
_06764_,4.56
_07418_,4.56
_10168_,4.56
_11413_,4.56
_11632_,4.56
_12729_,4.56
_13647_,4.56
_15745_,4.56
_16427_,4.56
_17584_,4.56
_17684_,4.56
_18591_,4.56
_19803_,4.56
_21376_,4.56
_22090_,4.56
_22192_,4.56
_23333_,4.56
_24932_,4.56
_25124_,4.56
_26187_,4.56
_26213_,4.56
_26791_,4.56
_27470_,4.56
_27518_,4.56
_28229_,4.56
_28912_,4.56
_28925_,4.56
_30206_,4.56
_30339_,4.56
_32662_,4.56
_34477_,4.56
_35085_,4.56
_37701_,4.56
_38335_,4.56
_38502_,4.56
_39557_,4.56
_40180_,4.56
_41133_,4.56
_41371_,4.56
_42011_,4.56
_18863_,4.555
_28518_,4.555
_41810_,4.555
_00004_,4.54
_00076_,4.54
_00204_,4.54
_08424_,4.54
_09465_,4.54
_10639_,4.54
_16935_,4.54
_19004_,4.54
_19115_,4.54
_20118_,4.54
_23878_,4.54
_25133_,4.54
_31305_,4.54
_31702_,4.54
_36247_,4.54
_13583_,4.535
_38575_,4.53
_31572_,4.525
_15160_,4.52
_24274_,4.52
_27020_,4.52
_41761_,4.52
_22817_,4.51
_21012_,4.49
_01085_,4.48
_02659_,4.48
_02705_,4.48
_02730_,4.48
_03725_,4.48
_04762_,4.48
_06096_,4.48
_06133_,4.48
_06216_,4.48
_06409_,4.48
_06670_,4.48
_07910_,4.48
_08136_,4.48
_08235_,4.48
_08446_,4.48
_10354_,4.48
_12545_,4.48
_12790_,4.48
_13087_,4.48
_13927_,4.48
_14824_,4.48
_15475_,4.48
_15742_,4.48
_17472_,4.48
_17567_,4.48
_17574_,4.48
_18137_,4.48
_19462_,4.48
_19808_,4.48
_19991_,4.48
_20643_,4.48
_20756_,4.48
_21231_,4.48
_22435_,4.48
_22544_,4.48
_23139_,4.48
_23192_,4.48
_23238_,4.48
_23503_,4.48
_24124_,4.48
_24319_,4.48
_24544_,4.48
_25061_,4.48
_25103_,4.48
_25309_,4.48
_25314_,4.48
_26567_,4.48
_26627_,4.48
_26676_,4.48
_27475_,4.48
_28135_,4.48
_28317_,4.48
_29087_,4.48
_29782_,4.48
_29955_,4.48
_32239_,4.48
_32348_,4.48
_32575_,4.48
_32608_,4.48
_33804_,4.48
_35190_,4.48
_35298_,4.48
_35300_,4.48
_35409_,4.48
_35685_,4.48
_36052_,4.48
_36284_,4.48
_36362_,4.48
_36734_,4.48
_36877_,4.48
_37480_,4.48
_37503_,4.48
_38865_,4.48
_39191_,4.48
_39300_,4.48
_39873_,4.48
_40669_,4.48
_41530_,4.48
_42180_,4.48
_42238_,4.48
_42493_,4.48
_42528_,4.48
_20715_,4.465
_37933_,4.465
_00186_,4.46
_00269_,4.46
_01083_,4.46
_01374_,4.46
_01608_,4.46
_02026_,4.46
_02076_,4.46
_02122_,4.46
_02169_,4.46
_02663_,4.46
_02678_,4.46
_02749_,4.46
_04283_,4.46
_04451_,4.46
_04859_,4.46
_05056_,4.46
_05141_,4.46
_05544_,4.46
_05656_,4.46
_05843_,4.46
_06601_,4.46
_06663_,4.46
_06813_,4.46
_07153_,4.46
_07949_,4.46
_08063_,4.46
_08164_,4.46
_08324_,4.46
_08438_,4.46
_08570_,4.46
_08936_,4.46
_09056_,4.46
_09250_,4.46
_09355_,4.46
_09474_,4.46
_09500_,4.46
_10045_,4.46
_10173_,4.46
_10824_,4.46
_10863_,4.46
_11077_,4.46
_11126_,4.46
_11498_,4.46
_11618_,4.46
_11689_,4.46
_11719_,4.46
_12301_,4.46
_12854_,4.46
_13185_,4.46
_13226_,4.46
_13318_,4.46
_13341_,4.46
_13428_,4.46
_13528_,4.46
_13828_,4.46
_13919_,4.46
_13979_,4.46
_14055_,4.46
_14271_,4.46
_14835_,4.46
_14949_,4.46
_15395_,4.46
_15416_,4.46
_15795_,4.46
_16501_,4.46
_16541_,4.46
_17078_,4.46
_17237_,4.46
_17533_,4.46
_17660_,4.46
_18089_,4.46
_18374_,4.46
_18456_,4.46
_18558_,4.46
_18720_,4.46
_18740_,4.46
_18760_,4.46
_18776_,4.46
_19057_,4.46
_19330_,4.46
_19374_,4.46
_19472_,4.46
_19625_,4.46
_20245_,4.46
_20407_,4.46
_20851_,4.46
_21153_,4.46
_21159_,4.46
_21323_,4.46
_21328_,4.46
_22147_,4.46
_22676_,4.46
_22760_,4.46
_22780_,4.46
_22958_,4.46
_23021_,4.46
_23133_,4.46
_23210_,4.46
_23366_,4.46
_23444_,4.46
_23532_,4.46
_23758_,4.46
_23772_,4.46
_23889_,4.46
_24102_,4.46
_24144_,4.46
_24701_,4.46
_24759_,4.46
_24891_,4.46
_25017_,4.46
_25165_,4.46
_25181_,4.46
_25302_,4.46
_25379_,4.46
_25640_,4.46
_26150_,4.46
_26178_,4.46
_26188_,4.46
_26918_,4.46
_26975_,4.46
_27027_,4.46
_27332_,4.46
_27366_,4.46
_27679_,4.46
_27937_,4.46
_28407_,4.46
_28732_,4.46
_29064_,4.46
_29847_,4.46
_30062_,4.46
_30791_,4.46
_31440_,4.46
_31869_,4.46
_32020_,4.46
_32294_,4.46
_32706_,4.46
_32856_,4.46
_32865_,4.46
_33072_,4.46
_34530_,4.46
_35370_,4.46
_35582_,4.46
_35800_,4.46
_36003_,4.46
_36097_,4.46
_36202_,4.46
_36307_,4.46
_36471_,4.46
_36532_,4.46
_37421_,4.46
_37486_,4.46
_37722_,4.46
_37792_,4.46
_37812_,4.46
_37842_,4.46
_37850_,4.46
_37856_,4.46
_37964_,4.46
_38175_,4.46
_38517_,4.46
_38644_,4.46
_39757_,4.46
_39780_,4.46
_40282_,4.46
_40581_,4.46
_41295_,4.46
_41560_,4.46
_41865_,4.46
_42219_,4.46
_42306_,4.46
_42390_,4.46
_42458_,4.46
_42480_,4.46
net379,4.46
net399,4.46
_04957_,4.455
_09463_,4.45
_29947_,4.445
_01279_,4.44
_02842_,4.44
_03466_,4.44
_04883_,4.44
_05095_,4.44
_05593_,4.44
_07688_,4.44
_08432_,4.44
_09605_,4.44
_12266_,4.44
_12793_,4.44
_16828_,4.44
_17302_,4.44
_17809_,4.44
_18134_,4.44
_18828_,4.44
_22574_,4.44
_23248_,4.44
_24365_,4.44
_24407_,4.44
_25548_,4.44
_26174_,4.44
_26208_,4.44
_27053_,4.44
_27306_,4.44
_28823_,4.44
_29060_,4.44
_29236_,4.44
_30073_,4.44
_30936_,4.44
_33212_,4.44
_33475_,4.44
_33574_,4.44
_36852_,4.44
_39763_,4.44
_40567_,4.44
_42335_,4.44
_10835_,4.435
_02615_,4.43
_05390_,4.43
_34954_,4.43
_00190_,4.42
_01048_,4.42
_01347_,4.42
_01535_,4.42
_01945_,4.42
_02451_,4.42
_05450_,4.42
_05725_,4.42
_06064_,4.42
_07095_,4.42
_07177_,4.42
_07638_,4.42
_08879_,4.42
_09037_,4.42
_09688_,4.42
_10510_,4.42
_11504_,4.42
_11746_,4.42
_13304_,4.42
_13375_,4.42
_13377_,4.42
_13616_,4.42
_15010_,4.42
_15338_,4.42
_16722_,4.42
_18917_,4.42
_20144_,4.42
_20992_,4.42
_21454_,4.42
_22244_,4.42
_23184_,4.42
_23398_,4.42
_23814_,4.42
_23966_,4.42
_24020_,4.42
_24271_,4.42
_24736_,4.42
_25216_,4.42
_25221_,4.42
_25274_,4.42
_26796_,4.42
_27279_,4.42
_29392_,4.42
_29840_,4.42
_29887_,4.42
_34481_,4.42
_35656_,4.42
_35984_,4.42
_36950_,4.42
_37411_,4.42
_37941_,4.42
_39800_,4.42
_40500_,4.42
_40679_,4.42
_41406_,4.42
_16919_,4.4
_25104_,4.39
_38332_,4.39
read_data[31],4.39
_40866_,4.38
_00136_,4.365
_00510_,4.36
_01290_,4.36
_03038_,4.36
_04236_,4.36
_05310_,4.36
_07467_,4.36
_08126_,4.36
_08161_,4.36
_08271_,4.36
_08742_,4.36
_09234_,4.36
_09696_,4.36
_09959_,4.36
_10480_,4.36
_11255_,4.36
_11484_,4.36
_12245_,4.36
_14593_,4.36
_14655_,4.36
_14818_,4.36
_14944_,4.36
_14977_,4.36
_15213_,4.36
_15418_,4.36
_15856_,4.36
_15863_,4.36
_16020_,4.36
_16241_,4.36
_16398_,4.36
_16450_,4.36
_16745_,4.36
_16789_,4.36
_16891_,4.36
_17600_,4.36
_18884_,4.36
_19632_,4.36
_20128_,4.36
_21262_,4.36
_22064_,4.36
_22726_,4.36
_23364_,4.36
_23409_,4.36
_23494_,4.36
_25139_,4.36
_25223_,4.36
_26981_,4.36
_27945_,4.36
_28273_,4.36
_28523_,4.36
_28610_,4.36
_28792_,4.36
_28960_,4.36
_30144_,4.36
_30767_,4.36
_31940_,4.36
_33477_,4.36
_33498_,4.36
_33557_,4.36
_34263_,4.36
_34934_,4.36
_35412_,4.36
_35716_,4.36
_36110_,4.36
_36164_,4.36
_37621_,4.36
_38829_,4.36
_40274_,4.36
_40302_,4.36
_40471_,4.36
_41676_,4.36
_42009_,4.36
net387,4.36
net456,4.36
_00051_,4.34
_00199_,4.34
_00260_,4.34
_00444_,4.34
_00482_,4.34
_00657_,4.34
_00943_,4.34
_02622_,4.34
_03008_,4.34
_03043_,4.34
_03145_,4.34
_04375_,4.34
_04734_,4.34
_04981_,4.34
_05370_,4.34
_05721_,4.34
_06112_,4.34
_06125_,4.34
_06296_,4.34
_06314_,4.34
_06905_,4.34
_06964_,4.34
_07484_,4.34
_07531_,4.34
_07563_,4.34
_07593_,4.34
_08436_,4.34
_08463_,4.34
_08634_,4.34
_08690_,4.34
_08713_,4.34
_08771_,4.34
_09342_,4.34
_09427_,4.34
_09436_,4.34
_09791_,4.34
_10043_,4.34
_10071_,4.34
_10129_,4.34
_10538_,4.34
_10807_,4.34
_11049_,4.34
_11057_,4.34
_11425_,4.34
_11460_,4.34
_11615_,4.34
_11626_,4.34
_11726_,4.34
_11814_,4.34
_11945_,4.34
_12621_,4.34
_12745_,4.34
_13258_,4.34
_13355_,4.34
_13605_,4.34
_13611_,4.34
_13842_,4.34
_13856_,4.34
_13934_,4.34
_14234_,4.34
_14303_,4.34
_14387_,4.34
_14475_,4.34
_14753_,4.34
_14767_,4.34
_14780_,4.34
_15023_,4.34
_15346_,4.34
_15689_,4.34
_16120_,4.34
_16280_,4.34
_16519_,4.34
_17652_,4.34
_17668_,4.34
_18154_,4.34
_18380_,4.34
_18417_,4.34
_18708_,4.34
_19015_,4.34
_19054_,4.34
_19401_,4.34
_19590_,4.34
_19603_,4.34
_19736_,4.34
_20056_,4.34
_20224_,4.34
_20526_,4.34
_20725_,4.34
_20871_,4.34
_20975_,4.34
_21055_,4.34
_21490_,4.34
_21606_,4.34
_21732_,4.34
_21776_,4.34
_21819_,4.34
_21911_,4.34
_22177_,4.34
_22920_,4.34
_22994_,4.34
_23066_,4.34
_23122_,4.34
_23243_,4.34
_23712_,4.34
_23732_,4.34
_23896_,4.34
_23978_,4.34
_24036_,4.34
_24061_,4.34
_24161_,4.34
_24310_,4.34
_24513_,4.34
_24543_,4.34
_24601_,4.34
_24647_,4.34
_24756_,4.34
_25025_,4.34
_25051_,4.34
_25261_,4.34
_25808_,4.34
_26031_,4.34
_26299_,4.34
_26410_,4.34
_26543_,4.34
_26557_,4.34
_26614_,4.34
_26912_,4.34
_27129_,4.34
_27445_,4.34
_27466_,4.34
_27507_,4.34
_27589_,4.34
_27670_,4.34
_27693_,4.34
_27856_,4.34
_28111_,4.34
_28293_,4.34
_28318_,4.34
_28548_,4.34
_28640_,4.34
_28651_,4.34
_28769_,4.34
_28983_,4.34
_29020_,4.34
_29294_,4.34
_29585_,4.34
_29764_,4.34
_29907_,4.34
_30019_,4.34
_30405_,4.34
_30752_,4.34
_30785_,4.34
_30918_,4.34
_31663_,4.34
_32398_,4.34
_32805_,4.34
_33361_,4.34
_33890_,4.34
_34634_,4.34
_34815_,4.34
_35102_,4.34
_35388_,4.34
_35398_,4.34
_35618_,4.34
_35943_,4.34
_35970_,4.34
_36227_,4.34
_36326_,4.34
_36514_,4.34
_36654_,4.34
_37402_,4.34
_37504_,4.34
_38028_,4.34
_38171_,4.34
_38259_,4.34
_38482_,4.34
_38659_,4.34
_38719_,4.34
_38933_,4.34
_39066_,4.34
_39355_,4.34
_39789_,4.34
_39921_,4.34
_40023_,4.34
_40508_,4.34
_41109_,4.34
_41199_,4.34
_41346_,4.34
_41451_,4.34
_41484_,4.34
_41636_,4.34
_42207_,4.34
_42498_,4.34
_41151_,4.335
_11106_,4.32
_23761_,4.32
_23868_,4.32
_26388_,4.32
_38855_,4.32
_29050_,4.315
_06372_,4.31
_09257_,4.31
_15443_,4.3
_39968_,4.28
_13157_,4.27
load_data[7],4.27
load_twiddle[7],4.27
_00273_,4.265
_01650_,4.24
_07945_,4.24
_09063_,4.24
_09302_,4.24
_09382_,4.24
_12652_,4.24
_13776_,4.24
_14040_,4.24
_15555_,4.24
_15937_,4.24
_16439_,4.24
_16617_,4.24
_18071_,4.24
_18678_,4.24
_20344_,4.24
_22849_,4.24
_31492_,4.24
_32878_,4.24
_32955_,4.24
_35562_,4.24
_36205_,4.24
_04232_,4.235
_18653_,4.235
_00156_,4.22
_01233_,4.22
_01479_,4.22
_03333_,4.22
_05264_,4.22
_05366_,4.22
_06524_,4.22
_07477_,4.22
_08352_,4.22
_09050_,4.22
_11480_,4.22
_11786_,4.22
_11974_,4.22
_12842_,4.22
_13746_,4.22
_17816_,4.22
_18556_,4.22
_18944_,4.22
_19152_,4.22
_21270_,4.22
_23247_,4.22
_23750_,4.22
_24243_,4.22
_28004_,4.22
_28774_,4.22
_30071_,4.22
_32449_,4.22
_34237_,4.22
_34249_,4.22
_34763_,4.22
_35359_,4.22
_35609_,4.22
_35959_,4.22
_36179_,4.22
_36500_,4.22
_36778_,4.22
_40822_,4.22
_41525_,4.22
_33031_,4.21
_26726_,4.205
_08540_,4.2
_11483_,4.2
_12998_,4.2
_15717_,4.2
_17842_,4.2
_24812_,4.2
_25414_,4.2
_27492_,4.2
_28055_,4.2
_29191_,4.2
_32469_,4.2
_34990_,4.2
_36022_,4.2
_36325_,4.2
_36606_,4.2
_40585_,4.2
_29638_,4.15
_34912_,4.15
_01370_,4.14
_02905_,4.14
_03232_,4.14
_04273_,4.14
_06598_,4.14
_06654_,4.14
_07909_,4.14
_12092_,4.14
_13327_,4.14
_13451_,4.14
_13710_,4.14
_13748_,4.14
_14592_,4.14
_14831_,4.14
_16835_,4.14
_17025_,4.14
_18910_,4.14
_19122_,4.14
_19997_,4.14
_20306_,4.14
_21521_,4.14
_21740_,4.14
_22237_,4.14
_22597_,4.14
_24495_,4.14
_25117_,4.14
_25281_,4.14
_25973_,4.14
_26779_,4.14
_28470_,4.14
_28994_,4.14
_30445_,4.14
_30997_,4.14
_32008_,4.14
_32269_,4.14
_32362_,4.14
_33142_,4.14
_33434_,4.14
_36409_,4.14
_36454_,4.14
_36521_,4.14
_37891_,4.14
_39187_,4.14
_41981_,4.14
_00159_,4.12
_00323_,4.12
_03704_,4.12
_04350_,4.12
_04850_,4.12
_12273_,4.12
_12894_,4.12
_13924_,4.12
_15077_,4.12
_18723_,4.12
_20030_,4.12
_20927_,4.12
_21015_,4.12
_23035_,4.12
_23591_,4.12
_24945_,4.12
_25953_,4.12
_26135_,4.12
_27666_,4.12
_29261_,4.12
_29725_,4.12
_30320_,4.12
_31591_,4.12
_36149_,4.12
_36480_,4.12
_36519_,4.12
_41364_,4.12
_41432_,4.12
_41999_,4.12
_42397_,4.12
_34229_,4.115
_35822_,4.115
_03796_,4.1
_04043_,4.1
_04735_,4.1
_08287_,4.1
_08429_,4.1
_08734_,4.1
_11467_,4.1
_12642_,4.1
_13399_,4.1
_14165_,4.1
_17638_,4.1
_20512_,4.1
_23100_,4.1
_23111_,4.1
_23169_,4.1
_23786_,4.1
_25365_,4.1
_26251_,4.1
_26968_,4.1
_27301_,4.1
_27622_,4.1
_28426_,4.1
_28571_,4.1
_29616_,4.1
_29855_,4.1
_31309_,4.1
_31390_,4.1
_32314_,4.1
_33341_,4.1
_33645_,4.1
_35293_,4.1
_35375_,4.1
_30777_,4.09
_03853_,4.08
_12029_,4.08
_13293_,4.08
_22794_,4.08
_24216_,4.08
_24378_,4.08
_24598_,4.08
_25038_,4.08
_28522_,4.08
_30946_,4.08
_35753_,4.08
_10400_,4.06
_01558_,4.05
_13392_,4.04
_39889_,4.04
_09585_,4.03
_39019_,4.03
_13372_,4.025
_00838_,4.02
_01294_,4.02
_01298_,4.02
_01443_,4.02
_01797_,4.02
_02103_,4.02
_03361_,4.02
_04741_,4.02
_05844_,4.02
_06038_,4.02
_06086_,4.02
_06140_,4.02
_06185_,4.02
_06428_,4.02
_08470_,4.02
_08784_,4.02
_09408_,4.02
_12570_,4.02
_12921_,4.02
_13818_,4.02
_13962_,4.02
_14761_,4.02
_15008_,4.02
_16277_,4.02
_17665_,4.02
_17858_,4.02
_18360_,4.02
_18868_,4.02
_18993_,4.02
_19033_,4.02
_19948_,4.02
_20655_,4.02
_21034_,4.02
_21642_,4.02
_21878_,4.02
_22095_,4.02
_23082_,4.02
_23648_,4.02
_24311_,4.02
_25110_,4.02
_25626_,4.02
_26478_,4.02
_26623_,4.02
_27090_,4.02
_27756_,4.02
_28534_,4.02
_28793_,4.02
_28807_,4.02
_30855_,4.02
_31634_,4.02
_32237_,4.02
_32406_,4.02
_32459_,4.02
_32696_,4.02
_33184_,4.02
_33391_,4.02
_34568_,4.02
_34727_,4.02
_34729_,4.02
_34731_,4.02
_35066_,4.02
_35851_,4.02
_35907_,4.02
_36191_,4.02
_36320_,4.02
_36476_,4.02
_36587_,4.02
_39248_,4.02
_39449_,4.02
_40079_,4.02
_41078_,4.02
_41169_,4.02
_41453_,4.02
_41890_,4.02
_42469_,4.02
_00086_,4
_00138_,4
_00290_,4
_00332_,4
_00569_,4
_01436_,4
_02084_,4
_02140_,4
_02472_,4
_02805_,4
_02906_,4
_02984_,4
_03382_,4
_03527_,4
_03607_,4
_03877_,4
_03924_,4
_04181_,4
_04208_,4
_05130_,4
_05716_,4
_05889_,4
_05891_,4
_06238_,4
_07019_,4
_07355_,4
_07950_,4
_08170_,4
_08203_,4
_08441_,4
_08485_,4
_08732_,4
_08942_,4
_09360_,4
_10057_,4
_10415_,4
_10674_,4
_11644_,4
_11654_,4
_11907_,4
_11993_,4
_13150_,4
_13559_,4
_13837_,4
_13908_,4
_13915_,4
_14373_,4
_14722_,4
_15015_,4
_15189_,4
_15255_,4
_15716_,4
_15973_,4
_16578_,4
_16707_,4
_17357_,4
_17491_,4
_17612_,4
_17881_,4
_18142_,4
_18276_,4
_18286_,4
_19022_,4
_19148_,4
_19187_,4
_19208_,4
_19235_,4
_19348_,4
_19359_,4
_19598_,4
_19712_,4
_19871_,4
_19905_,4
_20032_,4
_20152_,4
_20395_,4
_20718_,4
_21370_,4
_22450_,4
_22810_,4
_23582_,4
_23857_,4
_24054_,4
_24125_,4
_24349_,4
_24479_,4
_24619_,4
_25128_,4
_25285_,4
_25301_,4
_26125_,4
_26146_,4
_26329_,4
_26550_,4
_26684_,4
_26819_,4
_26893_,4
_27225_,4
_27273_,4
_27494_,4
_27648_,4
_27775_,4
_27818_,4
_27874_,4
_28091_,4
_28379_,4
_28605_,4
_29260_,4
_29336_,4
_29516_,4
_30989_,4
_31027_,4
_31119_,4
_31148_,4
_31488_,4
_31781_,4
_31923_,4
_32614_,4
_32739_,4
_33157_,4
_33789_,4
_34120_,4
_34170_,4
_34574_,4
_35264_,4
_35386_,4
_35558_,4
_35689_,4
_35703_,4
_35927_,4
_36004_,4
_36093_,4
_36267_,4
_36489_,4
_37322_,4
_37985_,4
_38163_,4
_38172_,4
_38823_,4
_39374_,4
_39984_,4
_40119_,4
_40343_,4
_40531_,4
_40657_,4
_41026_,4
_41059_,4
_41365_,4
_41551_,4
_41959_,4
_42084_,4
_42139_,4
_42347_,4
_42523_,4
net345,4
net414,4
_24094_,3.995
_16377_,3.99
_04526_,3.98
_04950_,3.98
_05717_,3.98
_06370_,3.98
_06776_,3.98
_11771_,3.98
_12463_,3.98
_12578_,3.98
_13195_,3.98
_15789_,3.98
_15805_,3.98
_18415_,3.98
_18893_,3.98
_19397_,3.98
_19622_,3.98
_22105_,3.98
_22335_,3.98
_23613_,3.98
_23938_,3.98
_24862_,3.98
_27412_,3.98
_28457_,3.98
_30864_,3.98
_36569_,3.98
_37610_,3.98
_39285_,3.98
_40236_,3.98
_40390_,3.98
_40674_,3.98
_20178_,3.97
_26870_,3.97
_18641_,3.95
_22088_,3.95
_24506_,3.93
_14136_,3.91
_01684_,3.9
_04056_,3.9
_04466_,3.9
_04914_,3.9
_05271_,3.9
_07810_,3.9
_08245_,3.9
_08358_,3.9
_10093_,3.9
_10945_,3.9
_11125_,3.9
_14712_,3.9
_14857_,3.9
_16025_,3.9
_16069_,3.9
_17333_,3.9
_17515_,3.9
_17594_,3.9
_18049_,3.9
_18661_,3.9
_21722_,3.9
_21975_,3.9
_22901_,3.9
_23114_,3.9
_23329_,3.9
_23642_,3.9
_24867_,3.9
_25029_,3.9
_25335_,3.9
_26319_,3.9
_27581_,3.9
_27834_,3.9
_28045_,3.9
_29905_,3.9
_30148_,3.9
_30948_,3.9
_32710_,3.9
_33620_,3.9
_34629_,3.9
_34713_,3.9
_35590_,3.9
_36077_,3.9
_36663_,3.9
_40383_,3.9
_40537_,3.9
_40785_,3.9
_41229_,3.9
_41597_,3.9
_42305_,3.9
net241,3.9
net386,3.9
_00002_,3.88
_00228_,3.88
_00439_,3.88
_00551_,3.88
_00689_,3.88
_00877_,3.88
_00946_,3.88
_01253_,3.88
_01471_,3.88
_01513_,3.88
_01582_,3.88
_01727_,3.88
_01866_,3.88
_01911_,3.88
_02008_,3.88
_02082_,3.88
_02193_,3.88
_02676_,3.88
_02694_,3.88
_03364_,3.88
_03461_,3.88
_03494_,3.88
_03533_,3.88
_03561_,3.88
_03605_,3.88
_03830_,3.88
_04148_,3.88
_04361_,3.88
_04564_,3.88
_04664_,3.88
_05497_,3.88
_05571_,3.88
_05769_,3.88
_06233_,3.88
_06602_,3.88
_06982_,3.88
_07146_,3.88
_08296_,3.88
_08399_,3.88
_08575_,3.88
_08686_,3.88
_08774_,3.88
_08951_,3.88
_09145_,3.88
_09239_,3.88
_09539_,3.88
_09608_,3.88
_09642_,3.88
_09718_,3.88
_09746_,3.88
_10089_,3.88
_10253_,3.88
_11163_,3.88
_11262_,3.88
_11447_,3.88
_12071_,3.88
_12213_,3.88
_12345_,3.88
_12453_,3.88
_12613_,3.88
_12670_,3.88
_13097_,3.88
_13169_,3.88
_13426_,3.88
_13602_,3.88
_13899_,3.88
_14163_,3.88
_14244_,3.88
_14250_,3.88
_14512_,3.88
_14737_,3.88
_14809_,3.88
_15136_,3.88
_15167_,3.88
_15849_,3.88
_16205_,3.88
_16482_,3.88
_16664_,3.88
_16950_,3.88
_17016_,3.88
_17118_,3.88
_17176_,3.88
_17494_,3.88
_17616_,3.88
_17951_,3.88
_18177_,3.88
_18217_,3.88
_18483_,3.88
_18516_,3.88
_18636_,3.88
_19645_,3.88
_19800_,3.88
_19845_,3.88
_20127_,3.88
_20184_,3.88
_20191_,3.88
_20293_,3.88
_20659_,3.88
_21013_,3.88
_21028_,3.88
_21083_,3.88
_21290_,3.88
_21534_,3.88
_21782_,3.88
_22057_,3.88
_22208_,3.88
_22652_,3.88
_22836_,3.88
_23383_,3.88
_23544_,3.88
_23555_,3.88
_23701_,3.88
_23997_,3.88
_24041_,3.88
_24088_,3.88
_24108_,3.88
_24218_,3.88
_24314_,3.88
_24468_,3.88
_24784_,3.88
_24913_,3.88
_25257_,3.88
_26558_,3.88
_26701_,3.88
_26820_,3.88
_26936_,3.88
_27269_,3.88
_27389_,3.88
_27788_,3.88
_27931_,3.88
_28163_,3.88
_28312_,3.88
_28343_,3.88
_28545_,3.88
_28754_,3.88
_28845_,3.88
_28868_,3.88
_29048_,3.88
_29403_,3.88
_29866_,3.88
_30428_,3.88
_30563_,3.88
_30572_,3.88
_30673_,3.88
_31501_,3.88
_31614_,3.88
_31994_,3.88
_32035_,3.88
_32322_,3.88
_32885_,3.88
_33050_,3.88
_33167_,3.88
_33494_,3.88
_33828_,3.88
_33908_,3.88
_33917_,3.88
_34137_,3.88
_34327_,3.88
_34487_,3.88
_34830_,3.88
_35084_,3.88
_35193_,3.88
_35233_,3.88
_35408_,3.88
_35518_,3.88
_36029_,3.88
_36335_,3.88
_36347_,3.88
_37020_,3.88
_37458_,3.88
_37758_,3.88
_38930_,3.88
_40588_,3.88
_40692_,3.88
_40704_,3.88
_41198_,3.88
_41459_,3.88
_42323_,3.88
_42544_,3.88
net242,3.88
_10970_,3.875
_17308_,3.875
_40737_,3.875
_02561_,3.86
_02855_,3.86
_09683_,3.86
_13163_,3.86
_17255_,3.86
_26422_,3.86
_34363_,3.86
_36653_,3.86
_37901_,3.86
_05704_,3.84
_12599_,3.84
_18383_,3.84
_24940_,3.84
_35430_,3.84
_40501_,3.84
_09995_,3.815
_13239_,3.81
_36468_,3.79
_05016_,3.78
_07786_,3.78
_09181_,3.78
_11067_,3.78
_11074_,3.78
_11162_,3.78
_11674_,3.78
_13607_,3.78
_13984_,3.78
_14984_,3.78
_18012_,3.78
_22049_,3.78
_22181_,3.78
_24715_,3.78
_24778_,3.78
_24801_,3.78
_25382_,3.78
_27554_,3.78
_31997_,3.78
_33965_,3.78
_35756_,3.78
_40829_,3.78
_41791_,3.78
_29226_,3.77
_00034_,3.76
_00097_,3.76
_00179_,3.76
_00285_,3.76
_01690_,3.76
_03402_,3.76
_05702_,3.76
_08636_,3.76
_09031_,3.76
_10790_,3.76
_11640_,3.76
_12509_,3.76
_13918_,3.76
_14051_,3.76
_14935_,3.76
_16191_,3.76
_19159_,3.76
_20383_,3.76
_20813_,3.76
_23828_,3.76
_24115_,3.76
_24890_,3.76
_25127_,3.76
_26004_,3.76
_26047_,3.76
_26416_,3.76
_27373_,3.76
_28375_,3.76
_28781_,3.76
_29715_,3.76
_30193_,3.76
_32134_,3.76
_39616_,3.76
_39686_,3.76
_15992_,3.755
_13184_,3.74
_16112_,3.74
_16825_,3.74
_21564_,3.74
_14208_,3.7
_01550_,3.68
_01714_,3.68
_02372_,3.68
_03464_,3.68
_03682_,3.68
_05171_,3.68
_07324_,3.68
_07744_,3.68
_08548_,3.68
_09717_,3.68
_12924_,3.68
_13035_,3.68
_14116_,3.68
_14225_,3.68
_14520_,3.68
_14810_,3.68
_15362_,3.68
_15514_,3.68
_15542_,3.68
_15875_,3.68
_16392_,3.68
_19279_,3.68
_21835_,3.68
_22014_,3.68
_23187_,3.68
_23363_,3.68
_24148_,3.68
_24219_,3.68
_24899_,3.68
_25192_,3.68
_25339_,3.68
_28023_,3.68
_29361_,3.68
_30098_,3.68
_30413_,3.68
_30648_,3.68
_30921_,3.68
_31392_,3.68
_31884_,3.68
_32266_,3.68
_32434_,3.68
_33339_,3.68
_35077_,3.68
_35712_,3.68
_36396_,3.68
_36550_,3.68
_37521_,3.68
_37822_,3.68
_37829_,3.68
_41772_,3.68
_10914_,3.67
_25069_,3.67
_00091_,3.66
_00096_,3.66
_00140_,3.66
_00211_,3.66
_01104_,3.66
_01248_,3.66
_02862_,3.66
_03355_,3.66
_03641_,3.66
_04258_,3.66
_04306_,3.66
_05707_,3.66
_06316_,3.66
_08938_,3.66
_09264_,3.66
_09867_,3.66
_10306_,3.66
_10769_,3.66
_11259_,3.66
_16449_,3.66
_16877_,3.66
_17109_,3.66
_17993_,3.66
_21541_,3.66
_23224_,3.66
_24581_,3.66
_27501_,3.66
_28119_,3.66
_28350_,3.66
_29137_,3.66
_29965_,3.66
_30935_,3.66
_31500_,3.66
_34853_,3.66
_42373_,3.66
_03326_,3.64
_08037_,3.64
_08683_,3.64
_08743_,3.64
_12756_,3.64
_13890_,3.64
_19211_,3.64
_19605_,3.64
_20158_,3.64
_21695_,3.64
_22873_,3.64
_22926_,3.64
_23337_,3.64
_24924_,3.64
_27626_,3.64
_28098_,3.64
_33425_,3.64
_36026_,3.64
_37893_,3.64
_38389_,3.64
_39960_,3.64
_39205_,3.635
_20005_,3.625
_13634_,3.62
_28234_,3.61
_41103_,3.605
_08048_,3.57
_20900_,3.57
_30705_,3.57
_40086_,3.57
_24949_,3.565
_00029_,3.56
_00141_,3.56
_01264_,3.56
_01628_,3.56
_02088_,3.56
_03664_,3.56
_05388_,3.56
_06100_,3.56
_06789_,3.56
_07965_,3.56
_10583_,3.56
_11121_,3.56
_11486_,3.56
_12144_,3.56
_12864_,3.56
_13475_,3.56
_13584_,3.56
_13795_,3.56
_14170_,3.56
_14202_,3.56
_18427_,3.56
_18719_,3.56
_19623_,3.56
_20073_,3.56
_20342_,3.56
_20562_,3.56
_20792_,3.56
_21106_,3.56
_21503_,3.56
_21771_,3.56
_22826_,3.56
_23540_,3.56
_23621_,3.56
_23871_,3.56
_24059_,3.56
_24104_,3.56
_24183_,3.56
_24213_,3.56
_24251_,3.56
_24424_,3.56
_24518_,3.56
_25186_,3.56
_27378_,3.56
_27570_,3.56
_27842_,3.56
_28131_,3.56
_29982_,3.56
_30354_,3.56
_32317_,3.56
_32763_,3.56
_32995_,3.56
_33713_,3.56
_34095_,3.56
_34171_,3.56
_34330_,3.56
_34565_,3.56
_35441_,3.56
_35781_,3.56
_35803_,3.56
_36239_,3.56
_36564_,3.56
_36594_,3.56
_37430_,3.56
_37513_,3.56
_38067_,3.56
_38363_,3.56
_38615_,3.56
_38623_,3.56
_39465_,3.56
_39501_,3.56
_42478_,3.56
_26462_,3.555
_04813_,3.545
_05566_,3.545
_36053_,3.545
_00080_,3.54
_00299_,3.54
_00386_,3.54
_02031_,3.54
_02094_,3.54
_02477_,3.54
_02535_,3.54
_02780_,3.54
_03066_,3.54
_03328_,3.54
_03424_,3.54
_03552_,3.54
_03929_,3.54
_03955_,3.54
_04113_,3.54
_04255_,3.54
_04264_,3.54
_04291_,3.54
_04641_,3.54
_04967_,3.54
_05059_,3.54
_05083_,3.54
_05184_,3.54
_05855_,3.54
_06305_,3.54
_06791_,3.54
_07049_,3.54
_07147_,3.54
_08212_,3.54
_08397_,3.54
_08714_,3.54
_09038_,3.54
_09082_,3.54
_09588_,3.54
_11359_,3.54
_12508_,3.54
_12835_,3.54
_13891_,3.54
_13905_,3.54
_14027_,3.54
_14044_,3.54
_14075_,3.54
_14095_,3.54
_14121_,3.54
_14337_,3.54
_14381_,3.54
_14771_,3.54
_15020_,3.54
_15025_,3.54
_15056_,3.54
_15556_,3.54
_15591_,3.54
_15709_,3.54
_16049_,3.54
_16180_,3.54
_16185_,3.54
_16274_,3.54
_16366_,3.54
_16404_,3.54
_16553_,3.54
_16566_,3.54
_16874_,3.54
_16906_,3.54
_17699_,3.54
_17855_,3.54
_18039_,3.54
_18640_,3.54
_18830_,3.54
_18966_,3.54
_19061_,3.54
_19078_,3.54
_19528_,3.54
_19692_,3.54
_19969_,3.54
_19981_,3.54
_20105_,3.54
_20358_,3.54
_20405_,3.54
_20528_,3.54
_20563_,3.54
_21057_,3.54
_21957_,3.54
_22182_,3.54
_22304_,3.54
_22955_,3.54
_23189_,3.54
_23778_,3.54
_24086_,3.54
_24190_,3.54
_24195_,3.54
_24237_,3.54
_24731_,3.54
_24771_,3.54
_24820_,3.54
_25099_,3.54
_25155_,3.54
_25178_,3.54
_25273_,3.54
_25803_,3.54
_26381_,3.54
_26927_,3.54
_27259_,3.54
_27898_,3.54
_28372_,3.54
_28465_,3.54
_28484_,3.54
_28576_,3.54
_29104_,3.54
_29194_,3.54
_29797_,3.54
_29903_,3.54
_29932_,3.54
_30140_,3.54
_30550_,3.54
_31915_,3.54
_32136_,3.54
_32205_,3.54
_32840_,3.54
_32982_,3.54
_33070_,3.54
_33164_,3.54
_33482_,3.54
_33818_,3.54
_34157_,3.54
_34331_,3.54
_34907_,3.54
_34916_,3.54
_34939_,3.54
_35039_,3.54
_35204_,3.54
_35390_,3.54
_35435_,3.54
_35460_,3.54
_35469_,3.54
_35499_,3.54
_35744_,3.54
_35760_,3.54
_35879_,3.54
_36240_,3.54
_36242_,3.54
_36538_,3.54
_36565_,3.54
_37477_,3.54
_37514_,3.54
_37744_,3.54
_37921_,3.54
_37993_,3.54
_38011_,3.54
_38071_,3.54
_38151_,3.54
_38162_,3.54
_38207_,3.54
_38339_,3.54
_38372_,3.54
_38635_,3.54
_38814_,3.54
_39088_,3.54
_39296_,3.54
_39560_,3.54
_41148_,3.54
_41277_,3.54
_41935_,3.54
_42429_,3.54
_42462_,3.54
net347,3.54
net393,3.54
_04635_,3.52
_13436_,3.52
_15696_,3.52
_18698_,3.52
_21858_,3.52
_22000_,3.52
_24222_,3.52
_24888_,3.52
_25618_,3.52
_25650_,3.52
_26232_,3.52
_26941_,3.52
_27072_,3.52
_27709_,3.52
_28829_,3.52
_30116_,3.52
_34843_,3.52
_02625_,3.51
_09087_,3.51
_40919_,3.51
_16446_,3.5
_25643_,3.5
_29942_,3.49
_06525_,3.47
_14530_,3.47
_02677_,3.44
_04890_,3.44
_05498_,3.44
_05779_,3.44
_05919_,3.44
_06169_,3.44
_08177_,3.44
_09653_,3.44
_11506_,3.44
_12824_,3.44
_13665_,3.44
_13697_,3.44
_14054_,3.44
_14471_,3.44
_14843_,3.44
_14985_,3.44
_15947_,3.44
_17524_,3.44
_19373_,3.44
_19677_,3.44
_20577_,3.44
_22096_,3.44
_22889_,3.44
_23485_,3.44
_23774_,3.44
_24065_,3.44
_24176_,3.44
_25225_,3.44
_25377_,3.44
_25976_,3.44
_28847_,3.44
_29857_,3.44
_32353_,3.44
_32438_,3.44
_34654_,3.44
_34848_,3.44
_36080_,3.44
_36100_,3.44
_40181_,3.44
_40217_,3.44
_42150_,3.44
net405,3.44
_01376_,3.42
_01720_,3.42
_02571_,3.42
_03080_,3.42
_03088_,3.42
_03113_,3.42
_03246_,3.42
_03753_,3.42
_04120_,3.42
_04559_,3.42
_04817_,3.42
_04827_,3.42
_04831_,3.42
_04897_,3.42
_05009_,3.42
_05058_,3.42
_05402_,3.42
_05931_,3.42
_06131_,3.42
_06548_,3.42
_06916_,3.42
_07012_,3.42
_07560_,3.42
_07969_,3.42
_08046_,3.42
_08230_,3.42
_08547_,3.42
_08569_,3.42
_08859_,3.42
_08909_,3.42
_09071_,3.42
_09402_,3.42
_09542_,3.42
_09570_,3.42
_09931_,3.42
_10214_,3.42
_10683_,3.42
_10726_,3.42
_10797_,3.42
_10941_,3.42
_11231_,3.42
_11316_,3.42
_11551_,3.42
_11986_,3.42
_11988_,3.42
_12564_,3.42
_12673_,3.42
_12897_,3.42
_13130_,3.42
_13547_,3.42
_13621_,3.42
_13632_,3.42
_13684_,3.42
_14130_,3.42
_14459_,3.42
_14668_,3.42
_15270_,3.42
_15496_,3.42
_15519_,3.42
_15638_,3.42
_15956_,3.42
_16184_,3.42
_16494_,3.42
_16564_,3.42
_16689_,3.42
_16735_,3.42
_16750_,3.42
_16768_,3.42
_17091_,3.42
_17563_,3.42
_17678_,3.42
_17987_,3.42
_18218_,3.42
_19021_,3.42
_19844_,3.42
_20065_,3.42
_20832_,3.42
_20844_,3.42
_21029_,3.42
_21450_,3.42
_21497_,3.42
_21720_,3.42
_21955_,3.42
_22067_,3.42
_22300_,3.42
_22373_,3.42
_22588_,3.42
_23049_,3.42
_23057_,3.42
_23135_,3.42
_23249_,3.42
_23746_,3.42
_23806_,3.42
_23991_,3.42
_24047_,3.42
_24127_,3.42
_24217_,3.42
_24225_,3.42
_24235_,3.42
_24570_,3.42
_24593_,3.42
_24775_,3.42
_24872_,3.42
_25111_,3.42
_25113_,3.42
_25292_,3.42
_25324_,3.42
_25341_,3.42
_25800_,3.42
_26309_,3.42
_26528_,3.42
_26962_,3.42
_27774_,3.42
_27830_,3.42
_27902_,3.42
_27903_,3.42
_28664_,3.42
_28701_,3.42
_29461_,3.42
_29469_,3.42
_29834_,3.42
_29996_,3.42
_30094_,3.42
_30313_,3.42
_30340_,3.42
_30385_,3.42
_30418_,3.42
_30448_,3.42
_31004_,3.42
_31696_,3.42
_31758_,3.42
_31762_,3.42
_32177_,3.42
_32325_,3.42
_32654_,3.42
_32768_,3.42
_33265_,3.42
_33350_,3.42
_33558_,3.42
_33755_,3.42
_34179_,3.42
_34271_,3.42
_34336_,3.42
_34429_,3.42
_34542_,3.42
_34786_,3.42
_34862_,3.42
_35299_,3.42
_35363_,3.42
_35607_,3.42
_36060_,3.42
_36078_,3.42
_36082_,3.42
_36621_,3.42
_36659_,3.42
_37249_,3.42
_37452_,3.42
_37788_,3.42
_37950_,3.42
_38027_,3.42
_38064_,3.42
_38341_,3.42
_38539_,3.42
_38572_,3.42
_38647_,3.42
_39264_,3.42
_39437_,3.42
_39584_,3.42
_39601_,3.42
_39971_,3.42
_39975_,3.42
_40025_,3.42
_40265_,3.42
_40507_,3.42
_40518_,3.42
_40534_,3.42
_40608_,3.42
_40804_,3.42
_40856_,3.42
_40868_,3.42
_41097_,3.42
_41118_,3.42
_41145_,3.42
_41324_,3.42
_41524_,3.42
_41606_,3.42
_42363_,3.42
_42415_,3.42
_42515_,3.42
net388,3.42
net412,3.42
net441,3.42
_08464_,3.4
_09555_,3.4
_40460_,3.38
_32472_,3.37
_36455_,3.37
_14242_,3.35
_20140_,3.35
_32240_,3.35
_36349_,3.33
_03440_,3.32
_03469_,3.32
_03488_,3.32
_04191_,3.32
_04700_,3.32
_04816_,3.32
_08083_,3.32
_13462_,3.32
_15438_,3.32
_16190_,3.32
_18050_,3.32
_26783_,3.32
_29305_,3.32
_30114_,3.32
_30131_,3.32
_38876_,3.32
_41553_,3.32
_14385_,3.315
_24463_,3.31
_00083_,3.3
_01474_,3.3
_06478_,3.3
_11916_,3.3
_12258_,3.3
_14142_,3.3
_15854_,3.3
_18311_,3.3
_18706_,3.3
_19176_,3.3
_19191_,3.3
_19727_,3.3
_20869_,3.3
_21635_,3.3
_23240_,3.3
_23654_,3.3
_24210_,3.3
_25413_,3.3
_25566_,3.3
_30167_,3.3
_31563_,3.3
_32377_,3.3
_32843_,3.3
_33430_,3.3
_34772_,3.3
_35032_,3.3
_35536_,3.3
_35750_,3.3
_36466_,3.3
_36552_,3.3
_32552_,3.27
_00092_,3.245
_02405_,3.24
_00174_,3.225
_00547_,3.22
_00907_,3.22
_02603_,3.22
_05966_,3.22
_06518_,3.22
_07533_,3.22
_08500_,3.22
_10802_,3.22
_12809_,3.22
_12875_,3.22
_13003_,3.22
_13037_,3.22
_13437_,3.22
_13539_,3.22
_13550_,3.22
_13579_,3.22
_13652_,3.22
_13978_,3.22
_14164_,3.22
_14570_,3.22
_15218_,3.22
_15788_,3.22
_16295_,3.22
_16964_,3.22
_17829_,3.22
_17940_,3.22
_19784_,3.22
_19818_,3.22
_20334_,3.22
_21024_,3.22
_23429_,3.22
_23866_,3.22
_25040_,3.22
_25344_,3.22
_25358_,3.22
_25389_,3.22
_26642_,3.22
_27608_,3.22
_34175_,3.22
_36073_,3.22
_36333_,3.22
_36429_,3.22
_37416_,3.22
_39838_,3.22
_40841_,3.22
_41409_,3.22
net343,3.22
_00165_,3.2
_00331_,3.2
_00608_,3.2
_00908_,3.2
_01871_,3.2
_04111_,3.2
_08630_,3.2
_10991_,3.2
_12890_,3.2
_12992_,3.2
_13805_,3.2
_13884_,3.2
_14931_,3.2
_15050_,3.2
_15633_,3.2
_16955_,3.2
_17582_,3.2
_17861_,3.2
_18245_,3.2
_18371_,3.2
_19209_,3.2
_21030_,3.2
_24201_,3.2
_24439_,3.2
_25211_,3.2
_26306_,3.2
_27847_,3.2
_28168_,3.2
_28429_,3.2
_29006_,3.2
_29545_,3.2
_30172_,3.2
_30686_,3.2
_32143_,3.2
_32584_,3.2
_40177_,3.2
_40185_,3.2
_41264_,3.2
_41800_,3.2
_00209_,3.18
_00500_,3.18
_01615_,3.18
_02266_,3.18
_02516_,3.18
_03760_,3.18
_05025_,3.18
_07973_,3.18
_11408_,3.18
_15785_,3.18
_23315_,3.18
_27525_,3.18
_28637_,3.18
_30321_,3.18
_35955_,3.18
_37603_,3.18
_39671_,3.18
_41803_,3.18
_36485_,3.15
_00073_,3.1
_00135_,3.1
_00183_,3.1
_00198_,3.1
_00214_,3.1
_00262_,3.1
_00294_,3.1
_00376_,3.1
_00478_,3.1
_02871_,3.1
_03669_,3.1
_04171_,3.1
_04426_,3.1
_04769_,3.1
_04980_,3.1
_05067_,3.1
_05670_,3.1
_06147_,3.1
_06976_,3.1
_07141_,3.1
_07279_,3.1
_07939_,3.1
_08179_,3.1
_08531_,3.1
_09351_,3.1
_09418_,3.1
_10318_,3.1
_10434_,3.1
_10483_,3.1
_10628_,3.1
_10632_,3.1
_11083_,3.1
_11307_,3.1
_11677_,3.1
_11807_,3.1
_11817_,3.1
_12233_,3.1
_12444_,3.1
_12471_,3.1
_12719_,3.1
_12984_,3.1
_13685_,3.1
_13975_,3.1
_14079_,3.1
_14086_,3.1
_14160_,3.1
_14631_,3.1
_14665_,3.1
_14929_,3.1
_14965_,3.1
_16132_,3.1
_16228_,3.1
_16704_,3.1
_16984_,3.1
_18020_,3.1
_18234_,3.1
_18285_,3.1
_18435_,3.1
_18635_,3.1
_19089_,3.1
_19118_,3.1
_19201_,3.1
_21961_,3.1
_22059_,3.1
_22523_,3.1
_23229_,3.1
_23639_,3.1
_23735_,3.1
_23940_,3.1
_24023_,3.1
_24142_,3.1
_24542_,3.1
_24645_,3.1
_24817_,3.1
_24857_,3.1
_25047_,3.1
_25269_,3.1
_25350_,3.1
_25373_,3.1
_25402_,3.1
_27089_,3.1
_27217_,3.1
_27436_,3.1
_27796_,3.1
_28463_,3.1
_28653_,3.1
_29047_,3.1
_29295_,3.1
_29443_,3.1
_29483_,3.1
_29673_,3.1
_29702_,3.1
_29833_,3.1
_29896_,3.1
_29979_,3.1
_30010_,3.1
_30298_,3.1
_30389_,3.1
_30588_,3.1
_30625_,3.1
_31447_,3.1
_31481_,3.1
_31859_,3.1
_32168_,3.1
_32545_,3.1
_32909_,3.1
_34045_,3.1
_34177_,3.1
_34321_,3.1
_34558_,3.1
_34752_,3.1
_34947_,3.1
_35145_,3.1
_35302_,3.1
_35522_,3.1
_35537_,3.1
_36323_,3.1
_36338_,3.1
_36414_,3.1
_36559_,3.1
_36578_,3.1
_36982_,3.1
_37595_,3.1
_38102_,3.1
_38984_,3.1
_39050_,3.1
_40356_,3.1
_40378_,3.1
_40961_,3.1
_41153_,3.1
_41156_,3.1
_41908_,3.1
_41997_,3.1
_42107_,3.1
_42226_,3.1
_00132_,3.08
_00161_,3.08
_00162_,3.08
_00225_,3.08
_00288_,3.08
_00813_,3.08
_00983_,3.08
_01387_,3.08
_01638_,3.08
_02125_,3.08
_02544_,3.08
_02600_,3.08
_02626_,3.08
_02661_,3.08
_03123_,3.08
_03131_,3.08
_03538_,3.08
_03677_,3.08
_03819_,3.08
_03841_,3.08
_03845_,3.08
_03869_,3.08
_04192_,3.08
_04645_,3.08
_05505_,3.08
_05652_,3.08
_05791_,3.08
_06101_,3.08
_06544_,3.08
_06893_,3.08
_07190_,3.08
_07242_,3.08
_07449_,3.08
_07470_,3.08
_07752_,3.08
_08667_,3.08
_08815_,3.08
_08826_,3.08
_09016_,3.08
_09079_,3.08
_09950_,3.08
_10213_,3.08
_10382_,3.08
_10486_,3.08
_10971_,3.08
_11295_,3.08
_11331_,3.08
_11557_,3.08
_11646_,3.08
_11973_,3.08
_12527_,3.08
_12680_,3.08
_12690_,3.08
_12772_,3.08
_12968_,3.08
_13141_,3.08
_13340_,3.08
_13389_,3.08
_13642_,3.08
_13988_,3.08
_14003_,3.08
_14018_,3.08
_14067_,3.08
_14157_,3.08
_14168_,3.08
_14434_,3.08
_14785_,3.08
_14865_,3.08
_15202_,3.08
_15522_,3.08
_16011_,3.08
_16122_,3.08
_16143_,3.08
_16754_,3.08
_16938_,3.08
_17032_,3.08
_17299_,3.08
_17330_,3.08
_17437_,3.08
_17511_,3.08
_18221_,3.08
_18464_,3.08
_18543_,3.08
_19314_,3.08
_19455_,3.08
_19909_,3.08
_20212_,3.08
_20391_,3.08
_20589_,3.08
_20806_,3.08
_20847_,3.08
_21415_,3.08
_21459_,3.08
_21738_,3.08
_21789_,3.08
_21902_,3.08
_21962_,3.08
_22737_,3.08
_22911_,3.08
_23462_,3.08
_23576_,3.08
_23717_,3.08
_23859_,3.08
_23949_,3.08
_23956_,3.08
_23967_,3.08
_24318_,3.08
_24507_,3.08
_24783_,3.08
_24788_,3.08
_24822_,3.08
_24839_,3.08
_25007_,3.08
_25098_,3.08
_25212_,3.08
_25241_,3.08
_25270_,3.08
_25366_,3.08
_25919_,3.08
_25936_,3.08
_25941_,3.08
_26009_,3.08
_26270_,3.08
_26735_,3.08
_27153_,3.08
_27690_,3.08
_28018_,3.08
_28147_,3.08
_28263_,3.08
_28569_,3.08
_28768_,3.08
_28841_,3.08
_29166_,3.08
_29588_,3.08
_29675_,3.08
_29748_,3.08
_29929_,3.08
_30187_,3.08
_30692_,3.08
_31058_,3.08
_31168_,3.08
_31642_,3.08
_32187_,3.08
_32224_,3.08
_32590_,3.08
_32973_,3.08
_33395_,3.08
_33760_,3.08
_34482_,3.08
_34823_,3.08
_35089_,3.08
_35168_,3.08
_35557_,3.08
_35643_,3.08
_35854_,3.08
_35945_,3.08
_36009_,3.08
_36367_,3.08
_36384_,3.08
_36580_,3.08
_37687_,3.08
_38023_,3.08
_38641_,3.08
_38648_,3.08
_38862_,3.08
_39529_,3.08
_39882_,3.08
_39990_,3.08
_40011_,3.08
_40936_,3.08
_42075_,3.08
_42370_,3.08
net378,3.08
net445,3.08
_00552_,3.06
_07722_,3.06
_10588_,3.06
_15582_,3.06
_23674_,3.06
_28972_,3.06
_30251_,3.06
_33344_,3.06
_35093_,3.06
_40727_,3.06
_10549_,3.04
_36197_,3.03
_37136_,3.03
net244,3.01
_08502_,2.99
_01323_,2.98
_02085_,2.98
_03626_,2.98
_03899_,2.98
_04355_,2.98
_08474_,2.98
_08997_,2.98
_09305_,2.98
_10196_,2.98
_10409_,2.98
_10461_,2.98
_10497_,2.98
_14371_,2.98
_14670_,2.98
_14827_,2.98
_15445_,2.98
_16654_,2.98
_17383_,2.98
_17402_,2.98
_18030_,2.98
_18086_,2.98
_18229_,2.98
_20111_,2.98
_20677_,2.98
_23919_,2.98
_24111_,2.98
_24255_,2.98
_25228_,2.98
_25263_,2.98
_25649_,2.98
_27871_,2.98
_31619_,2.98
_35953_,2.98
_36066_,2.98
_36090_,2.98
_36432_,2.98
_39100_,2.98
_40363_,2.98
_40662_,2.98
_42296_,2.98
net221,2.98
net236,2.98
net390,2.98
_00153_,2.96
_00687_,2.96
_01289_,2.96
_01379_,2.96
_01414_,2.96
_01655_,2.96
_01852_,2.96
_02417_,2.96
_02587_,2.96
_02849_,2.96
_02866_,2.96
_03164_,2.96
_03455_,2.96
_03811_,2.96
_04447_,2.96
_04660_,2.96
_05092_,2.96
_05738_,2.96
_06274_,2.96
_06711_,2.96
_07839_,2.96
_07857_,2.96
_08444_,2.96
_08466_,2.96
_08639_,2.96
_09008_,2.96
_09359_,2.96
_09462_,2.96
_09654_,2.96
_09741_,2.96
_09751_,2.96
_09768_,2.96
_09823_,2.96
_10236_,2.96
_10436_,2.96
_10623_,2.96
_10895_,2.96
_11847_,2.96
_12325_,2.96
_13146_,2.96
_13325_,2.96
_13438_,2.96
_13465_,2.96
_13817_,2.96
_14232_,2.96
_14791_,2.96
_15442_,2.96
_15604_,2.96
_16311_,2.96
_16314_,2.96
_16584_,2.96
_16678_,2.96
_16720_,2.96
_17446_,2.96
_17750_,2.96
_17955_,2.96
_18175_,2.96
_18534_,2.96
_18996_,2.96
_19225_,2.96
_19586_,2.96
_19611_,2.96
_19743_,2.96
_19830_,2.96
_19952_,2.96
_20273_,2.96
_20571_,2.96
_20704_,2.96
_20753_,2.96
_20939_,2.96
_21548_,2.96
_21593_,2.96
_21624_,2.96
_21632_,2.96
_21656_,2.96
_21680_,2.96
_21706_,2.96
_21712_,2.96
_22258_,2.96
_22292_,2.96
_22599_,2.96
_22602_,2.96
_22635_,2.96
_22714_,2.96
_22786_,2.96
_23214_,2.96
_23512_,2.96
_23606_,2.96
_23915_,2.96
_24248_,2.96
_24285_,2.96
_24515_,2.96
_24930_,2.96
_25154_,2.96
_25754_,2.96
_25863_,2.96
_25892_,2.96
_26042_,2.96
_26151_,2.96
_26312_,2.96
_26313_,2.96
_27103_,2.96
_27240_,2.96
_27427_,2.96
_27602_,2.96
_27722_,2.96
_28070_,2.96
_28331_,2.96
_28554_,2.96
_28697_,2.96
_28702_,2.96
_29027_,2.96
_29401_,2.96
_30108_,2.96
_30132_,2.96
_30250_,2.96
_30546_,2.96
_30770_,2.96
_30847_,2.96
_30931_,2.96
_30966_,2.96
_31225_,2.96
_31336_,2.96
_31595_,2.96
_31945_,2.96
_32060_,2.96
_32061_,2.96
_32444_,2.96
_32890_,2.96
_33580_,2.96
_33633_,2.96
_34450_,2.96
_34506_,2.96
_35001_,2.96
_35054_,2.96
_35092_,2.96
_35210_,2.96
_35374_,2.96
_35379_,2.96
_35649_,2.96
_35777_,2.96
_36044_,2.96
_36295_,2.96
_36408_,2.96
_36615_,2.96
_37044_,2.96
_37167_,2.96
_37434_,2.96
_38269_,2.96
_38431_,2.96
_38457_,2.96
_38554_,2.96
_39271_,2.96
_39282_,2.96
_39392_,2.96
_39484_,2.96
_40320_,2.96
_40400_,2.96
_40911_,2.96
_41071_,2.96
_41079_,2.96
_41969_,2.96
_42331_,2.96
_42445_,2.96
_00151_,2.925
_03554_,2.86
_03728_,2.86
_08465_,2.86
_09221_,2.86
_11345_,2.86
_11827_,2.86
_15122_,2.86
_21547_,2.86
_22923_,2.86
_24961_,2.86
_25387_,2.86
_27635_,2.86
_28763_,2.86
_40522_,2.86
_40638_,2.86
_40699_,2.86
_42295_,2.86
_36313_,2.855
_36138_,2.85
_01521_,2.84
_04942_,2.84
_07357_,2.84
_10300_,2.84
_11084_,2.84
_13830_,2.84
_23832_,2.84
_26069_,2.84
_28825_,2.84
_29405_,2.84
_31474_,2.84
_34972_,2.84
_35952_,2.84
_12646_,2.78
_02013_,2.76
_02693_,2.76
_02700_,2.76
_03169_,2.76
_04803_,2.76
_06180_,2.76
_06616_,2.76
_07009_,2.76
_08153_,2.76
_08954_,2.76
_09412_,2.76
_10031_,2.76
_10235_,2.76
_12889_,2.76
_13266_,2.76
_13852_,2.76
_14426_,2.76
_14704_,2.76
_15959_,2.76
_17358_,2.76
_17956_,2.76
_18513_,2.76
_21228_,2.76
_21590_,2.76
_22001_,2.76
_23834_,2.76
_24719_,2.76
_25080_,2.76
_25185_,2.76
_25208_,2.76
_27087_,2.76
_29162_,2.76
_29198_,2.76
_30573_,2.76
_30676_,2.76
_31509_,2.76
_31558_,2.76
_31612_,2.76
_31643_,2.76
_33995_,2.76
_34865_,2.76
_35501_,2.76
_35752_,2.76
_36068_,2.76
_36237_,2.76
_36257_,2.76
_36413_,2.76
_36479_,2.76
_37309_,2.76
_38360_,2.76
_38821_,2.76
_38960_,2.76
_39190_,2.76
_39312_,2.76
_39676_,2.76
_40330_,2.76
_40891_,2.76
_41777_,2.76
_00074_,2.74
_00077_,2.74
_00139_,2.74
_00201_,2.74
_00224_,2.74
_00226_,2.74
_02633_,2.74
_05657_,2.74
_10909_,2.74
_13442_,2.74
_13878_,2.74
_15825_,2.74
_16160_,2.74
_17013_,2.74
_19412_,2.74
_22567_,2.74
_24700_,2.74
_26192_,2.74
_28804_,2.74
_28896_,2.74
_29024_,2.74
_29399_,2.74
_30999_,2.74
_36317_,2.74
_41457_,2.74
_41813_,2.74
_10268_,2.735
_02389_,2.72
_04417_,2.72
_17052_,2.72
_17637_,2.72
_20230_,2.72
_23116_,2.72
_26679_,2.72
_26810_,2.72
_27249_,2.72
_27909_,2.72
_28425_,2.72
_28950_,2.72
_29243_,2.72
_29525_,2.72
_29966_,2.72
_32212_,2.72
_33213_,2.72
_33360_,2.72
_37998_,2.72
_41736_,2.72
_42485_,2.715
_11862_,2.71
_22844_,2.71
_28292_,2.71
_29604_,2.71
_40273_,2.71
_04213_,2.7
_09312_,2.65
_15012_,2.65
_40981_,2.65
_36418_,2.645
_00914_,2.64
_02548_,2.64
_03314_,2.64
_05114_,2.64
_05120_,2.64
_05589_,2.64
_05724_,2.64
_06635_,2.64
_07446_,2.64
_07505_,2.64
_08112_,2.64
_08307_,2.64
_08415_,2.64
_08915_,2.64
_09018_,2.64
_09023_,2.64
_10066_,2.64
_11177_,2.64
_11272_,2.64
_11607_,2.64
_11738_,2.64
_11940_,2.64
_12848_,2.64
_13024_,2.64
_13272_,2.64
_13565_,2.64
_13728_,2.64
_13826_,2.64
_13838_,2.64
_16478_,2.64
_17771_,2.64
_18018_,2.64
_19454_,2.64
_19585_,2.64
_20531_,2.64
_20857_,2.64
_21352_,2.64
_21824_,2.64
_22569_,2.64
_23164_,2.64
_23351_,2.64
_24058_,2.64
_24070_,2.64
_25549_,2.64
_26091_,2.64
_26400_,2.64
_26645_,2.64
_27125_,2.64
_28721_,2.64
_28805_,2.64
_28928_,2.64
_29356_,2.64
_29502_,2.64
_30695_,2.64
_30717_,2.64
_31060_,2.64
_31087_,2.64
_31226_,2.64
_31853_,2.64
_32967_,2.64
_33153_,2.64
_33695_,2.64
_34127_,2.64
_35109_,2.64
_35260_,2.64
_35275_,2.64
_35292_,2.64
_35754_,2.64
_35770_,2.64
_36345_,2.64
_36516_,2.64
_37754_,2.64
_37982_,2.64
_37992_,2.64
_38559_,2.64
_39292_,2.64
_41360_,2.64
_42044_,2.64
_42081_,2.64
_42126_,2.64
_13872_,2.63
_00082_,2.62
_00148_,2.62
_00412_,2.62
_00522_,2.62
_00937_,2.62
_01101_,2.62
_01777_,2.62
_02158_,2.62
_02196_,2.62
_02263_,2.62
_02762_,2.62
_03218_,2.62
_03580_,2.62
_03723_,2.62
_03926_,2.62
_04217_,2.62
_04533_,2.62
_06047_,2.62
_07051_,2.62
_07345_,2.62
_07416_,2.62
_07933_,2.62
_07990_,2.62
_07997_,2.62
_08098_,2.62
_08827_,2.62
_09249_,2.62
_09256_,2.62
_09837_,2.62
_10731_,2.62
_10756_,2.62
_10993_,2.62
_11054_,2.62
_11116_,2.62
_11141_,2.62
_11493_,2.62
_11496_,2.62
_11589_,2.62
_11612_,2.62
_12248_,2.62
_12553_,2.62
_12699_,2.62
_12870_,2.62
_13020_,2.62
_13314_,2.62
_13396_,2.62
_13431_,2.62
_13568_,2.62
_13612_,2.62
_13674_,2.62
_13711_,2.62
_13949_,2.62
_13951_,2.62
_14052_,2.62
_14063_,2.62
_14374_,2.62
_14718_,2.62
_15044_,2.62
_15211_,2.62
_15739_,2.62
_15876_,2.62
_16385_,2.62
_16925_,2.62
_17116_,2.62
_17226_,2.62
_17244_,2.62
_17318_,2.62
_17342_,2.62
_17410_,2.62
_17419_,2.62
_17949_,2.62
_18209_,2.62
_18643_,2.62
_18980_,2.62
_19641_,2.62
_19923_,2.62
_20427_,2.62
_20603_,2.62
_21403_,2.62
_21615_,2.62
_21725_,2.62
_21769_,2.62
_21773_,2.62
_21869_,2.62
_21972_,2.62
_21993_,2.62
_22186_,2.62
_22547_,2.62
_23025_,2.62
_23662_,2.62
_23724_,2.62
_23780_,2.62
_23879_,2.62
_23885_,2.62
_24208_,2.62
_24677_,2.62
_24776_,2.62
_24824_,2.62
_25062_,2.62
_25199_,2.62
_25206_,2.62
_25207_,2.62
_25282_,2.62
_25317_,2.62
_25345_,2.62
_25392_,2.62
_25702_,2.62
_26839_,2.62
_27098_,2.62
_29153_,2.62
_29313_,2.62
_29447_,2.62
_29750_,2.62
_30254_,2.62
_31414_,2.62
_31605_,2.62
_32289_,2.62
_32778_,2.62
_32882_,2.62
_32978_,2.62
_32989_,2.62
_33365_,2.62
_33389_,2.62
_33674_,2.62
_33757_,2.62
_34308_,2.62
_34316_,2.62
_34550_,2.62
_34744_,2.62
_34893_,2.62
_35007_,2.62
_35551_,2.62
_35775_,2.62
_35828_,2.62
_35844_,2.62
_36024_,2.62
_36187_,2.62
_36434_,2.62
_36523_,2.62
_37461_,2.62
_38218_,2.62
_38812_,2.62
_39061_,2.62
_39286_,2.62
_39341_,2.62
_39521_,2.62
_39553_,2.62
_39681_,2.62
_39751_,2.62
_40022_,2.62
_40561_,2.62
_41640_,2.62
_41792_,2.62
_42524_,2.62
net160,2.62
net353,2.62
_10002_,2.61
_42109_,2.6
_35312_,2.59
_15903_,2.55
_19606_,2.55
_28987_,2.55
_00415_,2.52
_00491_,2.52
_00494_,2.52
_00513_,2.52
_01666_,2.52
_02102_,2.52
_02429_,2.52
_02727_,2.52
_03597_,2.52
_03863_,2.52
_06741_,2.52
_07413_,2.52
_09849_,2.52
_10264_,2.52
_10332_,2.52
_10557_,2.52
_11518_,2.52
_11593_,2.52
_11678_,2.52
_11681_,2.52
_12632_,2.52
_13398_,2.52
_13706_,2.52
_13995_,2.52
_14366_,2.52
_14467_,2.52
_14523_,2.52
_14783_,2.52
_15588_,2.52
_15909_,2.52
_16061_,2.52
_16300_,2.52
_16637_,2.52
_17110_,2.52
_17185_,2.52
_17530_,2.52
_17629_,2.52
_17740_,2.52
_18079_,2.52
_19221_,2.52
_19547_,2.52
_22715_,2.52
_23604_,2.52
_24078_,2.52
_24734_,2.52
_24748_,2.52
_24798_,2.52
_25730_,2.52
_25784_,2.52
_26183_,2.52
_26302_,2.52
_26598_,2.52
_27547_,2.52
_27676_,2.52
_27953_,2.52
_28058_,2.52
_28199_,2.52
_29221_,2.52
_29345_,2.52
_30125_,2.52
_30734_,2.52
_30746_,2.52
_32790_,2.52
_33060_,2.52
_36032_,2.52
_36037_,2.52
_36189_,2.52
_36356_,2.52
_36543_,2.52
_36570_,2.52
_37858_,2.52
_40448_,2.52
_40635_,2.52
_40989_,2.52
_41520_,2.52
_41679_,2.52
_42142_,2.52
_42432_,2.52
_42494_,2.52
_35062_,2.515
_00223_,2.5
_00582_,2.5
_00680_,2.5
_01256_,2.5
_01731_,2.5
_02789_,2.5
_03357_,2.5
_03784_,2.5
_03871_,2.5
_04021_,2.5
_04065_,2.5
_04210_,2.5
_04231_,2.5
_04275_,2.5
_04302_,2.5
_04499_,2.5
_04585_,2.5
_05111_,2.5
_05365_,2.5
_05910_,2.5
_07348_,2.5
_08453_,2.5
_08458_,2.5
_09238_,2.5
_09329_,2.5
_09337_,2.5
_09756_,2.5
_09771_,2.5
_09840_,2.5
_10108_,2.5
_10207_,2.5
_10589_,2.5
_10696_,2.5
_10760_,2.5
_10852_,2.5
_10919_,2.5
_11207_,2.5
_11241_,2.5
_11373_,2.5
_11401_,2.5
_11530_,2.5
_11628_,2.5
_11669_,2.5
_11704_,2.5
_12292_,2.5
_12704_,2.5
_12724_,2.5
_12811_,2.5
_12819_,2.5
_13033_,2.5
_13413_,2.5
_13419_,2.5
_13563_,2.5
_13668_,2.5
_13931_,2.5
_13972_,2.5
_14189_,2.5
_14238_,2.5
_14514_,2.5
_14652_,2.5
_15505_,2.5
_15756_,2.5
_15899_,2.5
_15967_,2.5
_15979_,2.5
_16407_,2.5
_16635_,2.5
_16661_,2.5
_16885_,2.5
_16903_,2.5
_16986_,2.5
_17304_,2.5
_17721_,2.5
_17888_,2.5
_18195_,2.5
_18211_,2.5
_18338_,2.5
_18355_,2.5
_18499_,2.5
_18662_,2.5
_18853_,2.5
_19252_,2.5
_19382_,2.5
_19441_,2.5
_19510_,2.5
_19529_,2.5
_19701_,2.5
_20491_,2.5
_20555_,2.5
_20595_,2.5
_20761_,2.5
_20780_,2.5
_20784_,2.5
_20853_,2.5
_21269_,2.5
_21387_,2.5
_21588_,2.5
_21622_,2.5
_21627_,2.5
_21687_,2.5
_21791_,2.5
_21907_,2.5
_21995_,2.5
_23146_,2.5
_23322_,2.5
_23483_,2.5
_23601_,2.5
_23882_,2.5
_24006_,2.5
_24550_,2.5
_24887_,2.5
_25027_,2.5
_25149_,2.5
_25294_,2.5
_25949_,2.5
_26243_,2.5
_26673_,2.5
_27233_,2.5
_27461_,2.5
_27473_,2.5
_27557_,2.5
_27569_,2.5
_27712_,2.5
_27732_,2.5
_27798_,2.5
_28077_,2.5
_28443_,2.5
_28515_,2.5
_28561_,2.5
_28822_,2.5
_28890_,2.5
_29109_,2.5
_29149_,2.5
_29421_,2.5
_29919_,2.5
_30219_,2.5
_30515_,2.5
_31030_,2.5
_31031_,2.5
_31061_,2.5
_31174_,2.5
_31319_,2.5
_31430_,2.5
_31469_,2.5
_31749_,2.5
_32117_,2.5
_32248_,2.5
_32253_,2.5
_32395_,2.5
_32465_,2.5
_32527_,2.5
_33242_,2.5
_33359_,2.5
_33368_,2.5
_33461_,2.5
_33568_,2.5
_33893_,2.5
_34388_,2.5
_34502_,2.5
_34969_,2.5
_35081_,2.5
_35231_,2.5
_35610_,2.5
_35832_,2.5
_35901_,2.5
_35939_,2.5
_36085_,2.5
_36162_,2.5
_36222_,2.5
_36388_,2.5
_36501_,2.5
_36597_,2.5
_36642_,2.5
_36798_,2.5
_36857_,2.5
_37080_,2.5
_37313_,2.5
_37316_,2.5
_37405_,2.5
_37502_,2.5
_37796_,2.5
_37816_,2.5
_38541_,2.5
_38734_,2.5
_39258_,2.5
_39656_,2.5
_40031_,2.5
_40146_,2.5
_40291_,2.5
_40393_,2.5
_40834_,2.5
_41042_,2.5
_41105_,2.5
_41689_,2.5
_41801_,2.5
_41841_,2.5
_42060_,2.5
_42188_,2.5
_42192_,2.5
_42258_,2.5
_42362_,2.5
net275,2.5
net332,2.5
net333,2.5
_12068_,2.495
_35320_,2.48
_00054_,2.465
_05830_,2.45
net361,2.43
_01515_,2.4
_02491_,2.4
_04011_,2.4
_10773_,2.4
_12832_,2.4
_13624_,2.4
_13701_,2.4
_14043_,2.4
_14302_,2.4
_14487_,2.4
_15264_,2.4
_15417_,2.4
_24646_,2.4
_25308_,2.4
_25435_,2.4
_32425_,2.4
_35091_,2.4
_40193_,2.4
_40260_,2.4
_40797_,2.4
_01683_,2.38
_06850_,2.38
_09128_,2.38
_12405_,2.38
_14752_,2.38
_20973_,2.38
_35191_,2.38
_35511_,2.38
_25632_,2.36
_33629_,2.35
_24885_,2.33
_01465_,2.3
_01661_,2.3
_01685_,2.3
_01760_,2.3
_02483_,2.3
_02695_,2.3
_02748_,2.3
_02887_,2.3
_04711_,2.3
_04719_,2.3
_07848_,2.3
_08506_,2.3
_10955_,2.3
_12423_,2.3
_12767_,2.3
_13556_,2.3
_14105_,2.3
_14199_,2.3
_17403_,2.3
_18547_,2.3
_19177_,2.3
_19263_,2.3
_19733_,2.3
_19751_,2.3
_20159_,2.3
_22326_,2.3
_23819_,2.3
_24184_,2.3
_24221_,2.3
_24482_,2.3
_24763_,2.3
_25093_,2.3
_25164_,2.3
_25177_,2.3
_26098_,2.3
_28674_,2.3
_29519_,2.3
_29751_,2.3
_29799_,2.3
_29956_,2.3
_30069_,2.3
_30467_,2.3
_31012_,2.3
_31520_,2.3
_31837_,2.3
_33467_,2.3
_33766_,2.3
_36142_,2.3
_36217_,2.3
_36360_,2.3
_36425_,2.3
_37175_,2.3
_37510_,2.3
_37854_,2.3
_38420_,2.3
_40000_,2.3
_40326_,2.3
net450,2.3
_00078_,2.28
_00089_,2.28
_00146_,2.28
_00196_,2.28
_00200_,2.28
_00206_,2.28
_01562_,2.28
_06150_,2.28
_07329_,2.28
_08724_,2.28
_08940_,2.28
_11479_,2.28
_13921_,2.28
_21482_,2.28
_24238_,2.28
_24877_,2.28
_26278_,2.28
_29281_,2.28
_30006_,2.28
_30282_,2.28
_34333_,2.28
_36420_,2.28
_25996_,2.27
_39182_,2.255
net392,2.255
_35073_,2.24
_12594_,2.21
_13429_,2.21
_11019_,2.19
_27022_,2.19
_00930_,2.18
_01218_,2.18
_01327_,2.18
_01346_,2.18
_02045_,2.18
_02215_,2.18
_02423_,2.18
_03137_,2.18
_03366_,2.18
_05194_,2.18
_06553_,2.18
_06854_,2.18
_07048_,2.18
_07066_,2.18
_07827_,2.18
_07832_,2.18
_09048_,2.18
_09208_,2.18
_09859_,2.18
_10321_,2.18
_10335_,2.18
_10748_,2.18
_11226_,2.18
_12090_,2.18
_13091_,2.18
_13619_,2.18
_13784_,2.18
_13886_,2.18
_13999_,2.18
_15676_,2.18
_15731_,2.18
_15954_,2.18
_16777_,2.18
_17174_,2.18
_17199_,2.18
_17289_,2.18
_17603_,2.18
_18333_,2.18
_18854_,2.18
_19848_,2.18
_20053_,2.18
_20680_,2.18
_20819_,2.18
_20926_,2.18
_21413_,2.18
_21580_,2.18
_21990_,2.18
_22659_,2.18
_23011_,2.18
_23166_,2.18
_23627_,2.18
_24069_,2.18
_24754_,2.18
_25056_,2.18
_25058_,2.18
_25143_,2.18
_26283_,2.18
_27727_,2.18
_28305_,2.18
_29330_,2.18
_29411_,2.18
_29430_,2.18
_29608_,2.18
_29753_,2.18
_30056_,2.18
_30447_,2.18
_31437_,2.18
_31669_,2.18
_32533_,2.18
_32650_,2.18
_33065_,2.18
_33902_,2.18
_34721_,2.18
_34981_,2.18
_35149_,2.18
_35182_,2.18
_35303_,2.18
_35327_,2.18
_35382_,2.18
_35508_,2.18
_36147_,2.18
_36296_,2.18
_37560_,2.18
_38411_,2.18
_39303_,2.18
_39326_,2.18
_39328_,2.18
_40558_,2.18
_42177_,2.18
net166,2.18
net363,2.18
_00149_,2.16
_00155_,2.16
_00172_,2.16
_00203_,2.16
_00205_,2.16
_01092_,2.16
_01452_,2.16
_01522_,2.16
_02202_,2.16
_02505_,2.16
_02669_,2.16
_02707_,2.16
_03286_,2.16
_03881_,2.16
_03946_,2.16
_04039_,2.16
_04114_,2.16
_04134_,2.16
_04655_,2.16
_04894_,2.16
_05228_,2.16
_05312_,2.16
_05441_,2.16
_05574_,2.16
_05599_,2.16
_05611_,2.16
_06035_,2.16
_06206_,2.16
_06309_,2.16
_06777_,2.16
_06867_,2.16
_07055_,2.16
_07775_,2.16
_07842_,2.16
_08076_,2.16
_08493_,2.16
_09327_,2.16
_09394_,2.16
_09580_,2.16
_10080_,2.16
_10156_,2.16
_10271_,2.16
_10347_,2.16
_10524_,2.16
_11691_,2.16
_12449_,2.16
_12474_,2.16
_12692_,2.16
_12750_,2.16
_12780_,2.16
_13243_,2.16
_13295_,2.16
_14002_,2.16
_14024_,2.16
_14029_,2.16
_14068_,2.16
_14089_,2.16
_14154_,2.16
_14396_,2.16
_14611_,2.16
_15087_,2.16
_15618_,2.16
_15704_,2.16
_15816_,2.16
_15966_,2.16
_15970_,2.16
_16422_,2.16
_16793_,2.16
_16895_,2.16
_17009_,2.16
_17158_,2.16
_17486_,2.16
_17507_,2.16
_17519_,2.16
_17604_,2.16
_17720_,2.16
_18420_,2.16
_18436_,2.16
_18476_,2.16
_19026_,2.16
_19138_,2.16
_19771_,2.16
_19809_,2.16
_20390_,2.16
_20460_,2.16
_20478_,2.16
_21037_,2.16
_21555_,2.16
_21726_,2.16
_21953_,2.16
_21997_,2.16
_22246_,2.16
_22612_,2.16
_22885_,2.16
_23033_,2.16
_23689_,2.16
_23766_,2.16
_23895_,2.16
_23906_,2.16
_23999_,2.16
_24003_,2.16
_24341_,2.16
_24509_,2.16
_24596_,2.16
_24708_,2.16
_24837_,2.16
_24917_,2.16
_24966_,2.16
_25068_,2.16
_25106_,2.16
_25238_,2.16
_25351_,2.16
_26087_,2.16
_26414_,2.16
_26455_,2.16
_26864_,2.16
_27135_,2.16
_27795_,2.16
_27984_,2.16
_28013_,2.16
_28176_,2.16
_28196_,2.16
_28203_,2.16
_28226_,2.16
_28461_,2.16
_28609_,2.16
_28661_,2.16
_28747_,2.16
_29025_,2.16
_29119_,2.16
_29127_,2.16
_29133_,2.16
_29209_,2.16
_29323_,2.16
_29824_,2.16
_29993_,2.16
_30018_,2.16
_30897_,2.16
_32076_,2.16
_32335_,2.16
_32410_,2.16
_32463_,2.16
_32772_,2.16
_33030_,2.16
_33048_,2.16
_33079_,2.16
_33134_,2.16
_33349_,2.16
_33936_,2.16
_34118_,2.16
_34298_,2.16
_34365_,2.16
_34442_,2.16
_35005_,2.16
_35020_,2.16
_35175_,2.16
_35418_,2.16
_35505_,2.16
_35512_,2.16
_35617_,2.16
_36139_,2.16
_36232_,2.16
_36383_,2.16
_36478_,2.16
_36636_,2.16
_36656_,2.16
_37069_,2.16
_37135_,2.16
_37275_,2.16
_38165_,2.16
_38563_,2.16
_38998_,2.16
_39173_,2.16
_39321_,2.16
_39420_,2.16
_40167_,2.16
_40253_,2.16
_40595_,2.16
_40600_,2.16
_40759_,2.16
_41572_,2.16
_41635_,2.16
_41649_,2.16
_42450_,2.16
net411,2.16
_06069_,2.11
_02723_,2.09
_01705_,2.06
_02070_,2.06
_03265_,2.06
_03638_,2.06
_07086_,2.06
_08443_,2.06
_09446_,2.06
_09776_,2.06
_10363_,2.06
_12053_,2.06
_13084_,2.06
_13603_,2.06
_13737_,2.06
_13871_,2.06
_14618_,2.06
_15127_,2.06
_15310_,2.06
_15449_,2.06
_15585_,2.06
_16213_,2.06
_16592_,2.06
_16623_,2.06
_16846_,2.06
_17904_,2.06
_18059_,2.06
_18366_,2.06
_18452_,2.06
_18562_,2.06
_22069_,2.06
_22976_,2.06
_24573_,2.06
_24605_,2.06
_24975_,2.06
_25829_,2.06
_25885_,2.06
_25899_,2.06
_26333_,2.06
_28094_,2.06
_28188_,2.06
_29379_,2.06
_29688_,2.06
_30025_,2.06
_30459_,2.06
_36182_,2.06
_36584_,2.06
_38121_,2.06
_40261_,2.06
_40371_,2.06
_40539_,2.06
_40830_,2.06
_41686_,2.06
_41880_,2.06
_42338_,2.06
_42563_,2.06
net351,2.06
_00580_,2.04
_01053_,2.04
_01385_,2.04
_01426_,2.04
_01525_,2.04
_01744_,2.04
_01820_,2.04
_01925_,2.04
_02211_,2.04
_02838_,2.04
_04052_,2.04
_04423_,2.04
_04550_,2.04
_04966_,2.04
_05028_,2.04
_05229_,2.04
_05420_,2.04
_05461_,2.04
_05519_,2.04
_05630_,2.04
_06638_,2.04
_06703_,2.04
_07063_,2.04
_07081_,2.04
_08473_,2.04
_08620_,2.04
_09080_,2.04
_09188_,2.04
_09457_,2.04
_09937_,2.04
_10979_,2.04
_11660_,2.04
_12254_,2.04
_12721_,2.04
_13144_,2.04
_13154_,2.04
_13835_,2.04
_15534_,2.04
_15846_,2.04
_16019_,2.04
_16330_,2.04
_16608_,2.04
_17067_,2.04
_17127_,2.04
_17373_,2.04
_18130_,2.04
_18743_,2.04
_18845_,2.04
_18972_,2.04
_19489_,2.04
_19660_,2.04
_19880_,2.04
_19927_,2.04
_20268_,2.04
_20313_,2.04
_20701_,2.04
_21018_,2.04
_21426_,2.04
_21480_,2.04
_21702_,2.04
_22104_,2.04
_22222_,2.04
_22282_,2.04
_23041_,2.04
_23274_,2.04
_23515_,2.04
_23655_,2.04
_23769_,2.04
_23788_,2.04
_24081_,2.04
_24134_,2.04
_24203_,2.04
_24313_,2.04
_24321_,2.04
_24693_,2.04
_25945_,2.04
_26081_,2.04
_26743_,2.04
_26861_,2.04
_27237_,2.04
_27963_,2.04
_28061_,2.04
_28073_,2.04
_28252_,2.04
_28308_,2.04
_28489_,2.04
_28552_,2.04
_29035_,2.04
_29200_,2.04
_29825_,2.04
_30525_,2.04
_30547_,2.04
_30662_,2.04
_30704_,2.04
_30761_,2.04
_30967_,2.04
_31127_,2.04
_31297_,2.04
_31690_,2.04
_32116_,2.04
_32120_,2.04
_33055_,2.04
_33367_,2.04
_33834_,2.04
_33839_,2.04
_34224_,2.04
_35045_,2.04
_35082_,2.04
_35155_,2.04
_35317_,2.04
_35497_,2.04
_35819_,2.04
_35847_,2.04
_36023_,2.04
_36271_,2.04
_36395_,2.04
_36603_,2.04
_36895_,2.04
_37676_,2.04
_37917_,2.04
_37930_,2.04
_38443_,2.04
_38561_,2.04
_39257_,2.04
_39423_,2.04
_39451_,2.04
_39861_,2.04
_40576_,2.04
_41034_,2.04
_41379_,2.04
_41502_,2.04
_41517_,2.04
_41983_,2.04
net150,2.04
_10137_,2.03
_16996_,2.03
_28712_,2.03
_27081_,2.02
_27787_,2.02
_00088_,2.005
_09078_,1.95
_00471_,1.94
_01301_,1.94
_03048_,1.94
_04525_,1.94
_10079_,1.94
_10101_,1.94
_10889_,1.94
_14527_,1.94
_15135_,1.94
_15862_,1.94
_21065_,1.94
_25074_,1.94
_26036_,1.94
_35791_,1.94
_40691_,1.94
_40711_,1.94
_25407_,1.93
_26450_,1.915
_40675_,1.915
_41783_,1.9
_08133_,1.845
_02063_,1.84
_02688_,1.84
_04474_,1.84
_05256_,1.84
_08004_,1.84
_08221_,1.84
_08322_,1.84
_08945_,1.84
_09005_,1.84
_09020_,1.84
_11088_,1.84
_13059_,1.84
_13178_,1.84
_13201_,1.84
_13387_,1.84
_13496_,1.84
_13780_,1.84
_14037_,1.84
_14360_,1.84
_15022_,1.84
_16898_,1.84
_17368_,1.84
_18665_,1.84
_20195_,1.84
_20414_,1.84
_23961_,1.84
_24609_,1.84
_24916_,1.84
_25014_,1.84
_25411_,1.84
_26502_,1.84
_26955_,1.84
_27108_,1.84
_27263_,1.84
_28453_,1.84
_28709_,1.84
_29444_,1.84
_29787_,1.84
_30078_,1.84
_31211_,1.84
_31445_,1.84
_31772_,1.84
_33374_,1.84
_34310_,1.84
_34724_,1.84
_35783_,1.84
_36583_,1.84
_38036_,1.84
_39948_,1.84
_41193_,1.84
_00050_,1.82
_00068_,1.82
_00072_,1.82
_00081_,1.82
_00098_,1.82
_00197_,1.82
_00202_,1.82
_00219_,1.82
_02679_,1.82
_03142_,1.82
_03688_,1.82
_06188_,1.82
_07133_,1.82
_08680_,1.82
_09443_,1.82
_09637_,1.82
_09869_,1.82
_09889_,1.82
_09998_,1.82
_10858_,1.82
_11902_,1.82
_12899_,1.82
_13256_,1.82
_15100_,1.82
_16248_,1.82
_24523_,1.82
_25813_,1.82
_26605_,1.82
_28249_,1.82
_29885_,1.82
_30398_,1.82
_32785_,1.82
_35058_,1.82
_36226_,1.82
_39103_,1.82
_40441_,1.82
_04324_,1.8
_13386_,1.73
_27175_,1.73
_02952_,1.72
_03989_,1.72
_04608_,1.72
_05124_,1.72
_05449_,1.72
_05582_,1.72
_06022_,1.72
_06929_,1.72
_08023_,1.72
_08437_,1.72
_08510_,1.72
_08802_,1.72
_09414_,1.72
_10309_,1.72
_10783_,1.72
_11433_,1.72
_12736_,1.72
_14195_,1.72
_15819_,1.72
_15839_,1.72
_16181_,1.72
_16468_,1.72
_16945_,1.72
_17104_,1.72
_17172_,1.72
_17265_,1.72
_17914_,1.72
_17989_,1.72
_19262_,1.72
_19674_,1.72
_19893_,1.72
_20069_,1.72
_20544_,1.72
_20630_,1.72
_21498_,1.72
_21545_,1.72
_21841_,1.72
_22229_,1.72
_22718_,1.72
_22741_,1.72
_23220_,1.72
_23969_,1.72
_24089_,1.72
_24171_,1.72
_24633_,1.72
_24745_,1.72
_25167_,1.72
_25531_,1.72
_26028_,1.72
_26131_,1.72
_27451_,1.72
_27747_,1.72
_27913_,1.72
_28232_,1.72
_28266_,1.72
_28776_,1.72
_29316_,1.72
_29815_,1.72
_30555_,1.72
_31008_,1.72
_31378_,1.72
_31479_,1.72
_32310_,1.72
_33380_,1.72
_35352_,1.72
_36376_,1.72
_36421_,1.72
_40332_,1.72
_41421_,1.72
_41903_,1.72
_42521_,1.72
_01026_,1.7
_01258_,1.7
_01394_,1.7
_01419_,1.7
_01454_,1.7
_01572_,1.7
_01663_,1.7
_01972_,1.7
_03116_,1.7
_03406_,1.7
_03413_,1.7
_03429_,1.7
_03745_,1.7
_05689_,1.7
_05819_,1.7
_05934_,1.7
_06054_,1.7
_06230_,1.7
_06269_,1.7
_06470_,1.7
_06801_,1.7
_07599_,1.7
_07733_,1.7
_08071_,1.7
_08092_,1.7
_08302_,1.7
_09041_,1.7
_09065_,1.7
_09471_,1.7
_09534_,1.7
_09574_,1.7
_09963_,1.7
_11071_,1.7
_11288_,1.7
_11301_,1.7
_11670_,1.7
_11869_,1.7
_12612_,1.7
_12812_,1.7
_13017_,1.7
_13138_,1.7
_13221_,1.7
_14126_,1.7
_14800_,1.7
_14960_,1.7
_15194_,1.7
_15333_,1.7
_15592_,1.7
_16337_,1.7
_16674_,1.7
_17278_,1.7
_17878_,1.7
_17965_,1.7
_18275_,1.7
_19034_,1.7
_19038_,1.7
_19072_,1.7
_19202_,1.7
_19599_,1.7
_19881_,1.7
_20048_,1.7
_20133_,1.7
_20260_,1.7
_20282_,1.7
_20387_,1.7
_21527_,1.7
_21755_,1.7
_22010_,1.7
_23263_,1.7
_23308_,1.7
_23395_,1.7
_23763_,1.7
_23855_,1.7
_23947_,1.7
_24015_,1.7
_24228_,1.7
_24276_,1.7
_24448_,1.7
_24472_,1.7
_24498_,1.7
_24559_,1.7
_24625_,1.7
_24721_,1.7
_24821_,1.7
_24835_,1.7
_25003_,1.7
_25114_,1.7
_25259_,1.7
_25463_,1.7
_25535_,1.7
_25765_,1.7
_25877_,1.7
_26111_,1.7
_26140_,1.7
_26315_,1.7
_26547_,1.7
_27298_,1.7
_27928_,1.7
_28327_,1.7
_28369_,1.7
_28492_,1.7
_28831_,1.7
_29188_,1.7
_29389_,1.7
_29619_,1.7
_29810_,1.7
_30243_,1.7
_30866_,1.7
_30925_,1.7
_31009_,1.7
_31075_,1.7
_31088_,1.7
_31180_,1.7
_31229_,1.7
_31361_,1.7
_31585_,1.7
_31898_,1.7
_32305_,1.7
_32556_,1.7
_32969_,1.7
_33194_,1.7
_33267_,1.7
_33314_,1.7
_33383_,1.7
_33739_,1.7
_34014_,1.7
_34996_,1.7
_35004_,1.7
_35338_,1.7
_35355_,1.7
_35393_,1.7
_35489_,1.7
_35648_,1.7
_35717_,1.7
_36041_,1.7
_36047_,1.7
_36155_,1.7
_36255_,1.7
_36456_,1.7
_36517_,1.7
_36589_,1.7
_36620_,1.7
_37961_,1.7
_38385_,1.7
_39352_,1.7
_39376_,1.7
_39669_,1.7
_40019_,1.7
_40171_,1.7
_40311_,1.7
_40339_,1.7
_41337_,1.7
_42425_,1.7
net337,1.7
_13057_,1.68
_26522_,1.68
_19910_,1.62
_09062_,1.6
_13541_,1.6
_13561_,1.6
_13749_,1.6
_14253_,1.6
_17929_,1.6
_23976_,1.6
_24503_,1.6
_25398_,1.6
_35961_,1.6
_37288_,1.6
_13929_,1.595
_00207_,1.545
_00286_,1.545
_23892_,1.49
_08496_,1.48
_12209_,1.48
_13965_,1.48
_16744_,1.48
_17903_,1.48
_26980_,1.48
_27134_,1.48
_36400_,1.48
_41413_,1.48
_41479_,1.48
_41492_,1.48
_01238_,1.38
_01594_,1.38
_01634_,1.38
_02093_,1.38
_02485_,1.38
_03245_,1.38
_03291_,1.38
_04330_,1.38
_07265_,1.38
_08278_,1.38
_08313_,1.38
_08984_,1.38
_09058_,1.38
_09607_,1.38
_09704_,1.38
_09808_,1.38
_09830_,1.38
_10222_,1.38
_10811_,1.38
_11140_,1.38
_11149_,1.38
_11417_,1.38
_12956_,1.38
_13030_,1.38
_13264_,1.38
_13614_,1.38
_14604_,1.38
_14851_,1.38
_15643_,1.38
_15667_,1.38
_16101_,1.38
_16109_,1.38
_16212_,1.38
_16263_,1.38
_16749_,1.38
_16830_,1.38
_17698_,1.38
_17707_,1.38
_18058_,1.38
_19008_,1.38
_20257_,1.38
_21236_,1.38
_21979_,1.38
_22768_,1.38
_23727_,1.38
_23876_,1.38
_24800_,1.38
_25005_,1.38
_25141_,1.38
_25780_,1.38
_26339_,1.38
_26447_,1.38
_26662_,1.38
_27703_,1.38
_27741_,1.38
_27829_,1.38
_28109_,1.38
_29018_,1.38
_29304_,1.38
_32386_,1.38
_33155_,1.38
_35329_,1.38
_37370_,1.38
_37923_,1.38
_38437_,1.38
_40166_,1.38
_40252_,1.38
_40607_,1.38
_40632_,1.38
_41165_,1.38
_41626_,1.38
_42163_,1.38
_00071_,1.36
_00142_,1.36
_14673_,1.36
_26242_,1.36
_01813_,1.31
_00625_,1.26
_01162_,1.26
_01785_,1.26
_02492_,1.26
_04100_,1.26
_06577_,1.26
_06912_,1.26
_07238_,1.26
_08456_,1.26
_11132_,1.26
_13381_,1.26
_13384_,1.26
_14209_,1.26
_17597_,1.26
_20092_,1.26
_20442_,1.26
_24130_,1.26
_24963_,1.26
_25086_,1.26
_25315_,1.26
_26000_,1.26
_28043_,1.26
_32046_,1.26
_32378_,1.26
_32690_,1.26
_35612_,1.26
_36440_,1.26
_39284_,1.26
_39464_,1.26
_41952_,1.26
_24076_,1.22
_01601_,1.14
_04187_,1.14
_06282_,1.14
_10178_,1.14
_11452_,1.14
_11576_,1.14
_11878_,1.14
_13074_,1.14
_13653_,1.14
_14111_,1.14
_21774_,1.14
_23424_,1.14
_24098_,1.14
_24198_,1.14
_24878_,1.14
_28731_,1.14
_29474_,1.14
_29911_,1.14
_33036_,1.14
_33044_,1.14
_35979_,1.14
_35993_,1.14
_36046_,1.14
_36231_,1.14
_36617_,1.14
_40190_,1.14
_00044_,1.085
_00276_,1.085
_13679_,1.06
_04869_,1.02
_09949_,1.02
_10353_,1.02
_13944_,1.02
_14017_,1.02
_14153_,1.02
_14842_,1.02
_35124_,1.02
_36407_,1.02
_02608_,0.92
_03369_,0.92
_03557_,0.92
_03577_,0.92
_03598_,0.92
_03851_,0.92
_04122_,0.92
_04573_,0.92
_04628_,0.92
_04892_,0.92
_06109_,0.92
_08041_,0.92
_08987_,0.92
_11457_,0.92
_11580_,0.92
_12435_,0.92
_12807_,0.92
_13249_,0.92
_13254_,0.92
_14216_,0.92
_15328_,0.92
_16136_,0.92
_16550_,0.92
_16727_,0.92
_16908_,0.92
_17578_,0.92
_17789_,0.92
_20123_,0.92
_20597_,0.92
_21125_,0.92
_21987_,0.92
_22764_,0.92
_22979_,0.92
_23993_,0.92
_24392_,0.92
_24430_,0.92
_24603_,0.92
_29763_,0.92
_29811_,0.92
_29980_,0.92
_30429_,0.92
_31532_,0.92
_32025_,0.92
_32440_,0.92
_32508_,0.92
_32520_,0.92
_33343_,0.92
_34556_,0.92
_35135_,0.92
_36266_,0.92
_37278_,0.92
_37791_,0.92
_40666_,0.92
_41941_,0.92
_07352_,0.805
_00592_,0.8
_02873_,0.8
_08039_,0.8
_11277_,0.8
_13595_,0.8
_14578_,0.8
_16851_,0.8
_17687_,0.8
_18625_,0.8
_20375_,0.8
_20989_,0.8
_20997_,0.8
_24563_,0.8
_28144_,0.8
_28931_,0.8
_29284_,0.8
_32030_,0.8
_32602_,0.8
_32807_,0.8
_33145_,0.8
_42276_,0.8
_08688_,0.48
_00557_,0.46
_01316_,0.46
_02843_,0.46
_05981_,0.46
_06198_,0.46
_06675_,0.46
_06748_,0.46
_07016_,0.46
_07158_,0.46
_08116_,0.46
_08239_,0.46
_08345_,0.46
_09994_,0.46
_10343_,0.46
_10488_,0.46
_10602_,0.46
_13268_,0.46
_14461_,0.46
_18815_,0.46
_19393_,0.46
_20151_,0.46
_20401_,0.46
_20505_,0.46
_20884_,0.46
_20895_,0.46
_21816_,0.46
_22554_,0.46
_22927_,0.46
_23074_,0.46
_23144_,0.46
_24411_,0.46
_24571_,0.46
_24863_,0.46
_28619_,0.46
_28634_,0.46
_29002_,0.46
_30711_,0.46
_31909_,0.46
_33711_,0.46
_34281_,0.46
_34378_,0.46
_34473_,0.46
_35495_,0.46
_36527_,0.46
_38014_,0.46
_38169_,0.46
_38405_,0.46
_38632_,0.46
_38845_,0.46
_39038_,0.46
_39051_,0.46
_39368_,0.46
_39415_,0.46
_39534_,0.46
_39646_,0.46
_39853_,0.46
_40863_,0.46
_41010_,0.46
_42559_,0.46
