
===========================================================================
report_checks -unconstrained
===========================================================================
======================= Typical Corner ===================================

Startpoint: rst_n (input port clocked by clk)
Endpoint: _85508_ (recovery check against rising-edge clock clk)
Path Group: asynchronous
Path Type: max

Fanout     Cap    Slew   Delay    Time   Description
-----------------------------------------------------------------------------
                  0.15    0.00    0.00   clock clk (rise edge)
                          0.00    0.00   clock network delay (ideal)
                          2.00    2.00 ^ input external delay
                  0.04    0.03    2.03 ^ rst_n (in)
     1    0.01                           rst_n (net)
                  0.04    0.00    2.03 ^ input75/A (sky130_fd_sc_hd__buf_8)
                  0.15    0.17    2.20 ^ input75/X (sky130_fd_sc_hd__buf_8)
     2    0.09                           net75 (net)
                  0.15    0.02    2.22 ^ fanout328/A (sky130_fd_sc_hd__clkbuf_8)
                  0.13    0.23    2.45 ^ fanout328/X (sky130_fd_sc_hd__clkbuf_8)
     5    0.07                           net328 (net)
                  0.13    0.00    2.45 ^ fanout320/A (sky130_fd_sc_hd__buf_4)
                  0.14    0.22    2.67 ^ fanout320/X (sky130_fd_sc_hd__buf_4)
     5    0.05                           net320 (net)
                  0.14    0.00    2.67 ^ fanout319/A (sky130_fd_sc_hd__buf_4)
                  0.15    0.23    2.91 ^ fanout319/X (sky130_fd_sc_hd__buf_4)
    10    0.05                           net319 (net)
                  0.15    0.00    2.91 ^ fanout318/A (sky130_fd_sc_hd__clkbuf_4)
                  0.14    0.26    3.17 ^ fanout318/X (sky130_fd_sc_hd__clkbuf_4)
    10    0.04                           net318 (net)
                  0.14    0.00    3.17 ^ fanout317/A (sky130_fd_sc_hd__buf_2)
                  0.14    0.22    3.39 ^ fanout317/X (sky130_fd_sc_hd__buf_2)
     7    0.03                           net317 (net)
                  0.14    0.00    3.39 ^ fanout316/A (sky130_fd_sc_hd__buf_2)
                  0.16    0.24    3.63 ^ fanout316/X (sky130_fd_sc_hd__buf_2)
     7    0.03                           net316 (net)
                  0.16    0.00    3.63 ^ fanout315/A (sky130_fd_sc_hd__clkbuf_4)
                  0.14    0.26    3.88 ^ fanout315/X (sky130_fd_sc_hd__clkbuf_4)
    10    0.04                           net315 (net)
                  0.14    0.00    3.89 ^ _85508_/RESET_B (sky130_fd_sc_hd__dfrtp_4)
                                  3.89   data arrival time

                  0.15   10.00   10.00   clock clk (rise edge)
                          0.00   10.00   clock network delay (ideal)
                         -0.25    9.75   clock uncertainty
                          0.00    9.75   clock reconvergence pessimism
                                  9.75 ^ _85508_/CLK (sky130_fd_sc_hd__dfrtp_4)
                          0.22    9.97   library recovery time
                                  9.97   data required time
-----------------------------------------------------------------------------
                                  9.97   data required time
                                 -3.89   data arrival time
-----------------------------------------------------------------------------
                                  6.08   slack (MET)


Startpoint: _85425_ (rising edge-triggered flip-flop clocked by clk)
Endpoint: _85229_ (rising edge-triggered flip-flop clocked by clk)
Path Group: clk
Path Type: max

Fanout     Cap    Slew   Delay    Time   Description
-----------------------------------------------------------------------------
                  0.15    0.00    0.00   clock clk (rise edge)
                          0.00    0.00   clock network delay (ideal)
                  0.15    0.00    0.00 ^ _85425_/CLK (sky130_fd_sc_hd__dfrtp_4)
                  0.09    0.58    0.58 v _85425_/Q (sky130_fd_sc_hd__dfrtp_4)
    10    0.03                           stage8_inst.stage4_lower.stage2_pair0.butterfly_inst.mul_inst.b[3] (net)
                  0.09    0.00    0.58 v _43678_/A (sky130_fd_sc_hd__buf_2)
                  0.08    0.21    0.78 v _43678_/X (sky130_fd_sc_hd__buf_2)
    10    0.03                           _11245_ (net)
                  0.08    0.00    0.78 v _46213_/A1 (sky130_fd_sc_hd__a22o_1)
                  0.05    0.24    1.02 v _46213_/X (sky130_fd_sc_hd__a22o_1)
     2    0.00                           _36979_ (net)
                  0.05    0.00    1.02 v _46236_/B_N (sky130_fd_sc_hd__nor2b_1)
                  0.04    0.15    1.17 v _46236_/Y (sky130_fd_sc_hd__nor2b_1)
     1    0.01                           _37002_ (net)
                  0.04    0.00    1.17 v _46237_/B (sky130_fd_sc_hd__xnor2_1)
                  0.26    0.25    1.42 ^ _46237_/Y (sky130_fd_sc_hd__xnor2_1)
     3    0.01                           _37003_ (net)
                  0.26    0.00    1.42 ^ _46256_/C (sky130_fd_sc_hd__nand3_1)
                  0.12    0.17    1.60 v _46256_/Y (sky130_fd_sc_hd__nand3_1)
     2    0.01                           _37022_ (net)
                  0.12    0.00    1.60 v _46273_/A1 (sky130_fd_sc_hd__a21o_1)
                  0.05    0.21    1.81 v _46273_/X (sky130_fd_sc_hd__a21o_1)
     3    0.01                           _37039_ (net)
                  0.05    0.00    1.81 v _46345_/B (sky130_fd_sc_hd__and3_1)
                  0.06    0.20    2.01 v _46345_/X (sky130_fd_sc_hd__and3_1)
     3    0.01                           _37111_ (net)
                  0.06    0.00    2.01 v _46348_/A1 (sky130_fd_sc_hd__o211a_1)
                  0.05    0.25    2.26 v _46348_/X (sky130_fd_sc_hd__o211a_1)
     2    0.01                           _37114_ (net)
                  0.05    0.00    2.26 v _46353_/B (sky130_fd_sc_hd__or3_2)
                  0.11    0.53    2.78 v _46353_/X (sky130_fd_sc_hd__or3_2)
     4    0.01                           _37119_ (net)
                  0.11    0.00    2.78 v _46356_/A2 (sky130_fd_sc_hd__a211o_1)
                  0.10    0.39    3.17 v _46356_/X (sky130_fd_sc_hd__a211o_1)
     5    0.01                           _37122_ (net)
                  0.10    0.00    3.17 v _46363_/B (sky130_fd_sc_hd__and3_1)
                  0.07    0.23    3.41 v _46363_/X (sky130_fd_sc_hd__and3_1)
     4    0.01                           _37129_ (net)
                  0.07    0.00    3.41 v _46436_/A (sky130_fd_sc_hd__or4b_2)
                  0.14    0.76    4.17 v _46436_/X (sky130_fd_sc_hd__or4b_2)
     2    0.01                           _37202_ (net)
                  0.14    0.00    4.17 v _46437_/C (sky130_fd_sc_hd__or3_4)
                  0.13    0.46    4.63 v _46437_/X (sky130_fd_sc_hd__or3_4)
     4    0.04                           _37203_ (net)
                  0.13    0.01    4.64 v _46472_/A1 (sky130_fd_sc_hd__a21bo_1)
                  0.08    0.25    4.89 v _46472_/X (sky130_fd_sc_hd__a21bo_1)
     3    0.01                           _37238_ (net)
                  0.08    0.00    4.89 v _46527_/A1 (sky130_fd_sc_hd__a21bo_1)
                  0.10    0.25    5.15 v _46527_/X (sky130_fd_sc_hd__a21bo_1)
     2    0.02                           _37293_ (net)
                  0.10    0.00    5.15 v _46529_/A2 (sky130_fd_sc_hd__a21o_1)
                  0.09    0.27    5.41 v _46529_/X (sky130_fd_sc_hd__a21o_1)
     2    0.02                           _37295_ (net)
                  0.09    0.00    5.41 v _46531_/A2 (sky130_fd_sc_hd__a21bo_2)
                  0.08    0.30    5.71 v _46531_/X (sky130_fd_sc_hd__a21bo_2)
     3    0.02                           _37297_ (net)
                  0.08    0.00    5.71 v _46538_/A1 (sky130_fd_sc_hd__a211o_2)
                  0.11    0.40    6.11 v _46538_/X (sky130_fd_sc_hd__a211o_2)
     5    0.03                           _37304_ (net)
                  0.11    0.00    6.11 v _46554_/A2 (sky130_fd_sc_hd__a32oi_4)
                  0.19    0.27    6.38 ^ _46554_/Y (sky130_fd_sc_hd__a32oi_4)
     1    0.01                           _37320_ (net)
                  0.19    0.00    6.38 ^ wire198/A (sky130_fd_sc_hd__clkbuf_4)
                  0.12    0.25    6.63 ^ wire198/X (sky130_fd_sc_hd__clkbuf_4)
     3    0.04                           net198 (net)
                  0.12    0.01    6.64 ^ _47455_/A2 (sky130_fd_sc_hd__a21oi_1)
                  0.11    0.11    6.75 v _47455_/Y (sky130_fd_sc_hd__a21oi_1)
     3    0.01                           _38221_ (net)
                  0.11    0.00    6.75 v _47456_/C (sky130_fd_sc_hd__or3_1)
                  0.06    0.33    7.08 v _47456_/X (sky130_fd_sc_hd__or3_1)
     1    0.00                           _38222_ (net)
                  0.06    0.00    7.08 v _47458_/A (sky130_fd_sc_hd__and2_2)
                  0.08    0.24    7.32 v _47458_/X (sky130_fd_sc_hd__and2_2)
     1    0.02                           _38224_ (net)
                  0.08    0.00    7.32 v _47459_/A (sky130_fd_sc_hd__buf_6)
                  0.05    0.17    7.49 v _47459_/X (sky130_fd_sc_hd__buf_6)
     5    0.04                           _38225_ (net)
                  0.05    0.00    7.49 v _47631_/A (sky130_fd_sc_hd__and3_1)
                  0.06    0.18    7.67 v _47631_/X (sky130_fd_sc_hd__and3_1)
     4    0.01                           _38397_ (net)
                  0.06    0.00    7.67 v _47673_/C (sky130_fd_sc_hd__or4_1)
                  0.12    0.54    8.20 v _47673_/X (sky130_fd_sc_hd__or4_1)
     3    0.01                           _38439_ (net)
                  0.12    0.00    8.20 v _47898_/A (sky130_fd_sc_hd__and3_1)
                  0.06    0.21    8.41 v _47898_/X (sky130_fd_sc_hd__and3_1)
     3    0.01                           _38664_ (net)
                  0.06    0.00    8.41 v _47902_/A (sky130_fd_sc_hd__or3b_2)
                  0.11    0.53    8.94 v _47902_/X (sky130_fd_sc_hd__or3b_2)
     4    0.01                           _38668_ (net)
                  0.11    0.00    8.94 v _47940_/A1 (sky130_fd_sc_hd__a21o_1)
                  0.04    0.19    9.13 v _47940_/X (sky130_fd_sc_hd__a21o_1)
     2    0.00                           _38706_ (net)
                  0.04    0.00    9.13 v _47944_/B (sky130_fd_sc_hd__and3_1)
                  0.06    0.19    9.33 v _47944_/X (sky130_fd_sc_hd__and3_1)
     3    0.01                           _38710_ (net)
                  0.06    0.00    9.33 v _48021_/A (sky130_fd_sc_hd__or3_1)
                  0.10    0.43    9.76 v _48021_/X (sky130_fd_sc_hd__or3_1)
     3    0.01                           _38787_ (net)
                  0.10    0.00    9.76 v _48031_/A (sky130_fd_sc_hd__nand3_1)
                  0.12    0.14    9.90 ^ _48031_/Y (sky130_fd_sc_hd__nand3_1)
     3    0.01                           _38797_ (net)
                  0.12    0.00    9.90 ^ _48032_/B (sky130_fd_sc_hd__nand2_1)
                  0.07    0.10   10.01 v _48032_/Y (sky130_fd_sc_hd__nand2_1)
     2    0.01                           _38798_ (net)
                  0.07    0.00   10.01 v _48035_/B1 (sky130_fd_sc_hd__a21o_1)
                  0.06    0.19   10.20 v _48035_/X (sky130_fd_sc_hd__a21o_1)
     2    0.01                           _38801_ (net)
                  0.06    0.00   10.20 v _48117_/A2 (sky130_fd_sc_hd__a21o_1)
                  0.04    0.20   10.40 v _48117_/X (sky130_fd_sc_hd__a21o_1)
     2    0.01                           _38883_ (net)
                  0.04    0.00   10.40 v _48140_/A2 (sky130_fd_sc_hd__a21o_1)
                  0.05    0.20   10.60 v _48140_/X (sky130_fd_sc_hd__a21o_1)
     3    0.01                           _38906_ (net)
                  0.05    0.00   10.60 v _48433_/B (sky130_fd_sc_hd__and3_1)
                  0.04    0.18   10.78 v _48433_/X (sky130_fd_sc_hd__and3_1)
     2    0.00                           _39199_ (net)
                  0.04    0.00   10.78 v _48447_/A (sky130_fd_sc_hd__or3_2)
                  0.12    0.56   11.34 v _48447_/X (sky130_fd_sc_hd__or3_2)
     4    0.02                           _39213_ (net)
                  0.12    0.00   11.34 v _48462_/A1 (sky130_fd_sc_hd__a21o_1)
                  0.06    0.22   11.56 v _48462_/X (sky130_fd_sc_hd__a21o_1)
     3    0.01                           _39228_ (net)
                  0.06    0.00   11.56 v _48468_/A2 (sky130_fd_sc_hd__a21o_1)
                  0.07    0.23   11.80 v _48468_/X (sky130_fd_sc_hd__a21o_1)
     3    0.01                           _39234_ (net)
                  0.07    0.00   11.80 v _48473_/B (sky130_fd_sc_hd__and3_1)
                  0.05    0.20   12.00 v _48473_/X (sky130_fd_sc_hd__and3_1)
     3    0.01                           _39239_ (net)
                  0.05    0.00   12.00 v _48479_/A (sky130_fd_sc_hd__or3_1)
                  0.08    0.40   12.40 v _48479_/X (sky130_fd_sc_hd__or3_1)
     1    0.00                           _39245_ (net)
                  0.08    0.00   12.40 v _48486_/A3 (sky130_fd_sc_hd__o311a_4)
                  0.09    0.38   12.78 v _48486_/X (sky130_fd_sc_hd__o311a_4)
     3    0.03                           _39252_ (net)
                  0.09    0.00   12.78 v _48489_/A3 (sky130_fd_sc_hd__o31ai_4)
                  0.30    0.30   13.08 ^ _48489_/Y (sky130_fd_sc_hd__o31ai_4)
     2    0.02                           _39255_ (net)
                  0.30    0.00   13.08 ^ _48491_/A2 (sky130_fd_sc_hd__a21o_1)
                  0.16    0.27   13.35 ^ _48491_/X (sky130_fd_sc_hd__a21o_1)
     1    0.02                           _39257_ (net)
                  0.16    0.00   13.35 ^ _48564_/A (sky130_fd_sc_hd__xnor2_4)
                  0.24    0.18   13.53 ^ _48564_/Y (sky130_fd_sc_hd__xnor2_4)
     2    0.03                           _39330_ (net)
                  0.24    0.00   13.54 ^ _48565_/A (sky130_fd_sc_hd__clkbuf_8)
                  0.13    0.26   13.80 ^ _48565_/X (sky130_fd_sc_hd__clkbuf_8)
    10    0.07                           _39331_ (net)
                  0.13    0.00   13.80 ^ _48570_/A2 (sky130_fd_sc_hd__a21oi_1)
                  0.11    0.12   13.93 v _48570_/Y (sky130_fd_sc_hd__a21oi_1)
     3    0.01                           _39336_ (net)
                  0.11    0.00   13.93 v _48572_/B (sky130_fd_sc_hd__or3_1)
                  0.07    0.39   14.32 v _48572_/X (sky130_fd_sc_hd__or3_1)
     1    0.00                           _39338_ (net)
                  0.07    0.00   14.32 v _48574_/A (sky130_fd_sc_hd__nand2_1)
                  0.14    0.14   14.46 ^ _48574_/Y (sky130_fd_sc_hd__nand2_1)
     2    0.01                           _39340_ (net)
                  0.14    0.00   14.46 ^ _48583_/A (sky130_fd_sc_hd__xor2_2)
                  0.18    0.20   14.67 ^ _48583_/X (sky130_fd_sc_hd__xor2_2)
     2    0.01                           _39349_ (net)
                  0.18    0.00   14.67 ^ _48584_/B (sky130_fd_sc_hd__xnor2_1)
                  0.20    0.18   14.84 ^ _48584_/Y (sky130_fd_sc_hd__xnor2_1)
     2    0.01                           _39350_ (net)
                  0.20    0.00   14.84 ^ _48600_/A (sky130_fd_sc_hd__xor2_1)
                  0.20    0.24   15.08 ^ _48600_/X (sky130_fd_sc_hd__xor2_1)
     2    0.01                           _39366_ (net)
                  0.20    0.00   15.08 ^ _48601_/B (sky130_fd_sc_hd__xnor2_1)
                  0.17    0.17   15.25 ^ _48601_/Y (sky130_fd_sc_hd__xnor2_1)
     2    0.01                           _39367_ (net)
                  0.17    0.00   15.25 ^ _48646_/A (sky130_fd_sc_hd__nor2_1)
                  0.07    0.11   15.36 v _48646_/Y (sky130_fd_sc_hd__nor2_1)
     3    0.01                           _39412_ (net)
                  0.07    0.00   15.36 v _48648_/A (sky130_fd_sc_hd__or2_1)
                  0.07    0.28   15.63 v _48648_/X (sky130_fd_sc_hd__or2_1)
     3    0.01                           _39414_ (net)
                  0.07    0.00   15.63 v _52436_/A (sky130_fd_sc_hd__or4_2)
                  0.15    0.78   16.41 v _52436_/X (sky130_fd_sc_hd__or4_2)
     3    0.02                           _01212_ (net)
                  0.15    0.00   16.41 v _52446_/A2 (sky130_fd_sc_hd__o211a_2)
                  0.09    0.36   16.77 v _52446_/X (sky130_fd_sc_hd__o211a_2)
     4    0.03                           _01223_ (net)
                  0.09    0.00   16.77 v _52451_/A (sky130_fd_sc_hd__or4_1)
                  0.12    0.62   17.38 v _52451_/X (sky130_fd_sc_hd__or4_1)
     2    0.01                           _01228_ (net)
                  0.12    0.00   17.39 v _52457_/A2 (sky130_fd_sc_hd__a21oi_2)
                  0.21    0.26   17.65 ^ _52457_/Y (sky130_fd_sc_hd__a21oi_2)
     4    0.02                           _01235_ (net)
                  0.21    0.00   17.65 ^ _52648_/A2 (sky130_fd_sc_hd__a21boi_2)
                  0.07    0.12   17.76 v _52648_/Y (sky130_fd_sc_hd__a21boi_2)
     2    0.01                           _01445_ (net)
                  0.07    0.00   17.76 v _52654_/A2 (sky130_fd_sc_hd__o21ba_1)
                  0.09    0.24   18.00 v _52654_/X (sky130_fd_sc_hd__o21ba_1)
     1    0.01                           _01452_ (net)
                  0.09    0.00   18.00 v _52655_/B (sky130_fd_sc_hd__xor2_4)
                  0.24    0.26   18.27 ^ _52655_/X (sky130_fd_sc_hd__xor2_4)
     3    0.03                           _01453_ (net)
                  0.24    0.00   18.27 ^ _52658_/A (sky130_fd_sc_hd__xor2_2)
                  0.22    0.25   18.52 ^ _52658_/X (sky130_fd_sc_hd__xor2_2)
     3    0.01                           _01456_ (net)
                  0.22    0.00   18.52 ^ _52659_/B_N (sky130_fd_sc_hd__or2b_1)
                  0.05    0.27   18.79 v _52659_/X (sky130_fd_sc_hd__or2b_1)
     1    0.00                           _01457_ (net)
                  0.05    0.00   18.79 v _52660_/C1 (sky130_fd_sc_hd__a211o_1)
                  0.08    0.28   19.07 v _52660_/X (sky130_fd_sc_hd__a211o_1)
     3    0.01                           _01458_ (net)
                  0.08    0.00   19.07 v _52692_/A1 (sky130_fd_sc_hd__a2111o_2)
                  0.11    0.52   19.59 v _52692_/X (sky130_fd_sc_hd__a2111o_2)
     5    0.02                           _01493_ (net)
                  0.11    0.00   19.59 v _52704_/A1 (sky130_fd_sc_hd__a211o_2)
                  0.11    0.41   20.00 v _52704_/X (sky130_fd_sc_hd__a211o_2)
     4    0.03                           _01507_ (net)
                  0.11    0.00   20.00 v _52862_/A2 (sky130_fd_sc_hd__a2111oi_2)
                  0.48    0.58   20.58 ^ _52862_/Y (sky130_fd_sc_hd__a2111oi_2)
     2    0.01                           _01679_ (net)
                  0.48    0.00   20.58 ^ max_cap122/A (sky130_fd_sc_hd__clkbuf_2)
                  0.08    0.24   20.82 ^ max_cap122/X (sky130_fd_sc_hd__clkbuf_2)
     4    0.01                           net122 (net)
                  0.08    0.00   20.82 ^ _52915_/A (sky130_fd_sc_hd__and2_1)
                  0.06    0.14   20.95 ^ _52915_/X (sky130_fd_sc_hd__and2_1)
     2    0.00                           _01738_ (net)
                  0.06    0.00   20.95 ^ _52919_/A1_N (sky130_fd_sc_hd__a2bb2o_1)
                  0.07    0.32   21.27 v _52919_/X (sky130_fd_sc_hd__a2bb2o_1)
     2    0.01                           _01742_ (net)
                  0.07    0.00   21.27 v _52932_/B (sky130_fd_sc_hd__nor4_2)
                  0.47    0.49   21.76 ^ _52932_/Y (sky130_fd_sc_hd__nor4_2)
     2    0.02                           _01756_ (net)
                  0.47    0.00   21.76 ^ wire119/A (sky130_fd_sc_hd__clkbuf_2)
                  0.12    0.27   22.03 ^ wire119/X (sky130_fd_sc_hd__clkbuf_2)
     4    0.02                           net119 (net)
                  0.12    0.00   22.03 ^ max_cap118/A (sky130_fd_sc_hd__clkbuf_2)
                  0.10    0.18   22.21 ^ max_cap118/X (sky130_fd_sc_hd__clkbuf_2)
     6    0.02                           net118 (net)
                  0.10    0.00   22.21 ^ _52998_/A (sky130_fd_sc_hd__nand2_1)
                  0.13    0.13   22.34 v _52998_/Y (sky130_fd_sc_hd__nand2_1)
     4    0.01                           _01829_ (net)
                  0.13    0.00   22.34 v _52999_/B (sky130_fd_sc_hd__xnor2_2)
                  0.27    0.28   22.62 ^ _52999_/Y (sky130_fd_sc_hd__xnor2_2)
     3    0.02                           _01830_ (net)
                  0.27    0.00   22.63 ^ _53001_/B (sky130_fd_sc_hd__nand2_1)
                  0.11    0.16   22.79 v _53001_/Y (sky130_fd_sc_hd__nand2_1)
     5    0.01                           _01832_ (net)
                  0.11    0.00   22.79 v _53635_/A (sky130_fd_sc_hd__or2_1)
                  0.09    0.31   23.10 v _53635_/X (sky130_fd_sc_hd__or2_1)
     4    0.01                           _02494_ (net)
                  0.09    0.00   23.10 v _53669_/A1 (sky130_fd_sc_hd__o32a_1)
                  0.07    0.39   23.49 v _53669_/X (sky130_fd_sc_hd__o32a_1)
     2    0.01                           _02528_ (net)
                  0.07    0.00   23.49 v _53670_/B (sky130_fd_sc_hd__nor2_1)
                  0.24    0.22   23.71 ^ _53670_/Y (sky130_fd_sc_hd__nor2_1)
     4    0.01                           _02529_ (net)
                  0.24    0.00   23.71 ^ _53722_/B1 (sky130_fd_sc_hd__a221o_1)
                  0.12    0.25   23.96 ^ _53722_/X (sky130_fd_sc_hd__a221o_1)
     1    0.01                           _02582_ (net)
                  0.12    0.00   23.96 ^ _53725_/A4 (sky130_fd_sc_hd__a41oi_4)
                  0.13    0.16   24.12 v _53725_/Y (sky130_fd_sc_hd__a41oi_4)
     3    0.01                           _02586_ (net)
                  0.13    0.00   24.13 v _53748_/A2 (sky130_fd_sc_hd__o31a_1)
                  0.06    0.33   24.45 v _53748_/X (sky130_fd_sc_hd__o31a_1)
     2    0.01                           _02609_ (net)
                  0.06    0.00   24.45 v _53749_/B (sky130_fd_sc_hd__or2_1)
                  0.07    0.25   24.70 v _53749_/X (sky130_fd_sc_hd__or2_1)
     3    0.01                           _02610_ (net)
                  0.07    0.00   24.70 v _53779_/A1 (sky130_fd_sc_hd__o21ba_1)
                  0.07    0.24   24.94 v _53779_/X (sky130_fd_sc_hd__o21ba_1)
     3    0.01                           _02641_ (net)
                  0.07    0.00   24.94 v _53803_/A2 (sky130_fd_sc_hd__o32a_1)
                  0.06    0.36   25.30 v _53803_/X (sky130_fd_sc_hd__o32a_1)
     2    0.01                           _02666_ (net)
                  0.06    0.00   25.30 v _53804_/B (sky130_fd_sc_hd__or2_1)
                  0.07    0.25   25.55 v _53804_/X (sky130_fd_sc_hd__or2_1)
     3    0.01                           _02667_ (net)
                  0.07    0.00   25.55 v _53823_/A2 (sky130_fd_sc_hd__a31o_1)
                  0.07    0.26   25.81 v _53823_/X (sky130_fd_sc_hd__a31o_1)
     3    0.01                           _02686_ (net)
                  0.07    0.00   25.81 v _53881_/B_N (sky130_fd_sc_hd__and4bb_1)
                  0.16    0.37   26.18 ^ _53881_/X (sky130_fd_sc_hd__and4bb_1)
     2    0.01                           _02745_ (net)
                  0.16    0.00   26.18 ^ _53940_/A1 (sky130_fd_sc_hd__a21oi_2)
                  0.07    0.10   26.28 v _53940_/Y (sky130_fd_sc_hd__a21oi_2)
     4    0.01                           _02806_ (net)
                  0.07    0.00   26.28 v _53969_/B (sky130_fd_sc_hd__nor3b_1)
                  0.28    0.29   26.57 ^ _53969_/Y (sky130_fd_sc_hd__nor3b_1)
     2    0.01                           _02836_ (net)
                  0.28    0.00   26.57 ^ _54000_/A1 (sky130_fd_sc_hd__a21oi_1)
                  0.10    0.15   26.71 v _54000_/Y (sky130_fd_sc_hd__a21oi_1)
     2    0.01                           _02867_ (net)
                  0.10    0.00   26.71 v _54001_/B (sky130_fd_sc_hd__nor2_1)
                  0.14    0.15   26.86 ^ _54001_/Y (sky130_fd_sc_hd__nor2_1)
     3    0.01                           _02868_ (net)
                  0.14    0.00   26.86 ^ _54026_/A1_N (sky130_fd_sc_hd__o2bb2a_1)
                  0.06    0.25   27.12 v _54026_/X (sky130_fd_sc_hd__o2bb2a_1)
     2    0.01                           _02894_ (net)
                  0.06    0.00   27.12 v _54028_/B (sky130_fd_sc_hd__or2_1)
                  0.07    0.25   27.37 v _54028_/X (sky130_fd_sc_hd__or2_1)
     3    0.01                           _02896_ (net)
                  0.07    0.00   27.37 v _54036_/A2 (sky130_fd_sc_hd__a311o_1)
                  0.06    0.33   27.70 v _54036_/X (sky130_fd_sc_hd__a311o_1)
     1    0.00                           _02904_ (net)
                  0.06    0.00   27.70 v _54041_/A2 (sky130_fd_sc_hd__a31o_1)
                  0.03    0.21   27.91 v _54041_/X (sky130_fd_sc_hd__a31o_1)
     1    0.00                           _02909_ (net)
                  0.03    0.00   27.91 v _54042_/A0 (sky130_fd_sc_hd__mux2_1)
                  0.06    0.29   28.20 v _54042_/X (sky130_fd_sc_hd__mux2_1)
     1    0.00                           _02910_ (net)
                  0.06    0.00   28.20 v _54043_/A (sky130_fd_sc_hd__clkbuf_1)
                  0.03    0.10   28.30 v _54043_/X (sky130_fd_sc_hd__clkbuf_1)
     1    0.00                           _00066_ (net)
                  0.03    0.00   28.30 v _85229_/D (sky130_fd_sc_hd__dfrtp_4)
                                 28.30   data arrival time

                  0.15   10.00   10.00   clock clk (rise edge)
                          0.00   10.00   clock network delay (ideal)
                         -0.25    9.75   clock uncertainty
                          0.00    9.75   clock reconvergence pessimism
                                  9.75 ^ _85229_/CLK (sky130_fd_sc_hd__dfrtp_4)
                         -0.08    9.67   library setup time
                                  9.67   data required time
-----------------------------------------------------------------------------
                                  9.67   data required time
                                -28.30   data arrival time
-----------------------------------------------------------------------------
                                -18.63   slack (VIOLATED)




===========================================================================
report_checks --slack_max -0.01
============================================================================
======================= Typical Corner ===================================

Startpoint: _85425_ (rising edge-triggered flip-flop clocked by clk)
Endpoint: _85229_ (rising edge-triggered flip-flop clocked by clk)
Path Group: clk
Path Type: max

Fanout     Cap    Slew   Delay    Time   Description
-----------------------------------------------------------------------------
                  0.15    0.00    0.00   clock clk (rise edge)
                          0.00    0.00   clock network delay (ideal)
                  0.15    0.00    0.00 ^ _85425_/CLK (sky130_fd_sc_hd__dfrtp_4)
                  0.09    0.58    0.58 v _85425_/Q (sky130_fd_sc_hd__dfrtp_4)
    10    0.03                           stage8_inst.stage4_lower.stage2_pair0.butterfly_inst.mul_inst.b[3] (net)
                  0.09    0.00    0.58 v _43678_/A (sky130_fd_sc_hd__buf_2)
                  0.08    0.21    0.78 v _43678_/X (sky130_fd_sc_hd__buf_2)
    10    0.03                           _11245_ (net)
                  0.08    0.00    0.78 v _46213_/A1 (sky130_fd_sc_hd__a22o_1)
                  0.05    0.24    1.02 v _46213_/X (sky130_fd_sc_hd__a22o_1)
     2    0.00                           _36979_ (net)
                  0.05    0.00    1.02 v _46236_/B_N (sky130_fd_sc_hd__nor2b_1)
                  0.04    0.15    1.17 v _46236_/Y (sky130_fd_sc_hd__nor2b_1)
     1    0.01                           _37002_ (net)
                  0.04    0.00    1.17 v _46237_/B (sky130_fd_sc_hd__xnor2_1)
                  0.26    0.25    1.42 ^ _46237_/Y (sky130_fd_sc_hd__xnor2_1)
     3    0.01                           _37003_ (net)
                  0.26    0.00    1.42 ^ _46256_/C (sky130_fd_sc_hd__nand3_1)
                  0.12    0.17    1.60 v _46256_/Y (sky130_fd_sc_hd__nand3_1)
     2    0.01                           _37022_ (net)
                  0.12    0.00    1.60 v _46273_/A1 (sky130_fd_sc_hd__a21o_1)
                  0.05    0.21    1.81 v _46273_/X (sky130_fd_sc_hd__a21o_1)
     3    0.01                           _37039_ (net)
                  0.05    0.00    1.81 v _46345_/B (sky130_fd_sc_hd__and3_1)
                  0.06    0.20    2.01 v _46345_/X (sky130_fd_sc_hd__and3_1)
     3    0.01                           _37111_ (net)
                  0.06    0.00    2.01 v _46348_/A1 (sky130_fd_sc_hd__o211a_1)
                  0.05    0.25    2.26 v _46348_/X (sky130_fd_sc_hd__o211a_1)
     2    0.01                           _37114_ (net)
                  0.05    0.00    2.26 v _46353_/B (sky130_fd_sc_hd__or3_2)
                  0.11    0.53    2.78 v _46353_/X (sky130_fd_sc_hd__or3_2)
     4    0.01                           _37119_ (net)
                  0.11    0.00    2.78 v _46356_/A2 (sky130_fd_sc_hd__a211o_1)
                  0.10    0.39    3.17 v _46356_/X (sky130_fd_sc_hd__a211o_1)
     5    0.01                           _37122_ (net)
                  0.10    0.00    3.17 v _46363_/B (sky130_fd_sc_hd__and3_1)
                  0.07    0.23    3.41 v _46363_/X (sky130_fd_sc_hd__and3_1)
     4    0.01                           _37129_ (net)
                  0.07    0.00    3.41 v _46436_/A (sky130_fd_sc_hd__or4b_2)
                  0.14    0.76    4.17 v _46436_/X (sky130_fd_sc_hd__or4b_2)
     2    0.01                           _37202_ (net)
                  0.14    0.00    4.17 v _46437_/C (sky130_fd_sc_hd__or3_4)
                  0.13    0.46    4.63 v _46437_/X (sky130_fd_sc_hd__or3_4)
     4    0.04                           _37203_ (net)
                  0.13    0.01    4.64 v _46472_/A1 (sky130_fd_sc_hd__a21bo_1)
                  0.08    0.25    4.89 v _46472_/X (sky130_fd_sc_hd__a21bo_1)
     3    0.01                           _37238_ (net)
                  0.08    0.00    4.89 v _46527_/A1 (sky130_fd_sc_hd__a21bo_1)
                  0.10    0.25    5.15 v _46527_/X (sky130_fd_sc_hd__a21bo_1)
     2    0.02                           _37293_ (net)
                  0.10    0.00    5.15 v _46529_/A2 (sky130_fd_sc_hd__a21o_1)
                  0.09    0.27    5.41 v _46529_/X (sky130_fd_sc_hd__a21o_1)
     2    0.02                           _37295_ (net)
                  0.09    0.00    5.41 v _46531_/A2 (sky130_fd_sc_hd__a21bo_2)
                  0.08    0.30    5.71 v _46531_/X (sky130_fd_sc_hd__a21bo_2)
     3    0.02                           _37297_ (net)
                  0.08    0.00    5.71 v _46538_/A1 (sky130_fd_sc_hd__a211o_2)
                  0.11    0.40    6.11 v _46538_/X (sky130_fd_sc_hd__a211o_2)
     5    0.03                           _37304_ (net)
                  0.11    0.00    6.11 v _46554_/A2 (sky130_fd_sc_hd__a32oi_4)
                  0.19    0.27    6.38 ^ _46554_/Y (sky130_fd_sc_hd__a32oi_4)
     1    0.01                           _37320_ (net)
                  0.19    0.00    6.38 ^ wire198/A (sky130_fd_sc_hd__clkbuf_4)
                  0.12    0.25    6.63 ^ wire198/X (sky130_fd_sc_hd__clkbuf_4)
     3    0.04                           net198 (net)
                  0.12    0.01    6.64 ^ _47455_/A2 (sky130_fd_sc_hd__a21oi_1)
                  0.11    0.11    6.75 v _47455_/Y (sky130_fd_sc_hd__a21oi_1)
     3    0.01                           _38221_ (net)
                  0.11    0.00    6.75 v _47456_/C (sky130_fd_sc_hd__or3_1)
                  0.06    0.33    7.08 v _47456_/X (sky130_fd_sc_hd__or3_1)
     1    0.00                           _38222_ (net)
                  0.06    0.00    7.08 v _47458_/A (sky130_fd_sc_hd__and2_2)
                  0.08    0.24    7.32 v _47458_/X (sky130_fd_sc_hd__and2_2)
     1    0.02                           _38224_ (net)
                  0.08    0.00    7.32 v _47459_/A (sky130_fd_sc_hd__buf_6)
                  0.05    0.17    7.49 v _47459_/X (sky130_fd_sc_hd__buf_6)
     5    0.04                           _38225_ (net)
                  0.05    0.00    7.49 v _47631_/A (sky130_fd_sc_hd__and3_1)
                  0.06    0.18    7.67 v _47631_/X (sky130_fd_sc_hd__and3_1)
     4    0.01                           _38397_ (net)
                  0.06    0.00    7.67 v _47673_/C (sky130_fd_sc_hd__or4_1)
                  0.12    0.54    8.20 v _47673_/X (sky130_fd_sc_hd__or4_1)
     3    0.01                           _38439_ (net)
                  0.12    0.00    8.20 v _47898_/A (sky130_fd_sc_hd__and3_1)
                  0.06    0.21    8.41 v _47898_/X (sky130_fd_sc_hd__and3_1)
     3    0.01                           _38664_ (net)
                  0.06    0.00    8.41 v _47902_/A (sky130_fd_sc_hd__or3b_2)
                  0.11    0.53    8.94 v _47902_/X (sky130_fd_sc_hd__or3b_2)
     4    0.01                           _38668_ (net)
                  0.11    0.00    8.94 v _47940_/A1 (sky130_fd_sc_hd__a21o_1)
                  0.04    0.19    9.13 v _47940_/X (sky130_fd_sc_hd__a21o_1)
     2    0.00                           _38706_ (net)
                  0.04    0.00    9.13 v _47944_/B (sky130_fd_sc_hd__and3_1)
                  0.06    0.19    9.33 v _47944_/X (sky130_fd_sc_hd__and3_1)
     3    0.01                           _38710_ (net)
                  0.06    0.00    9.33 v _48021_/A (sky130_fd_sc_hd__or3_1)
                  0.10    0.43    9.76 v _48021_/X (sky130_fd_sc_hd__or3_1)
     3    0.01                           _38787_ (net)
                  0.10    0.00    9.76 v _48031_/A (sky130_fd_sc_hd__nand3_1)
                  0.12    0.14    9.90 ^ _48031_/Y (sky130_fd_sc_hd__nand3_1)
     3    0.01                           _38797_ (net)
                  0.12    0.00    9.90 ^ _48032_/B (sky130_fd_sc_hd__nand2_1)
                  0.07    0.10   10.01 v _48032_/Y (sky130_fd_sc_hd__nand2_1)
     2    0.01                           _38798_ (net)
                  0.07    0.00   10.01 v _48035_/B1 (sky130_fd_sc_hd__a21o_1)
                  0.06    0.19   10.20 v _48035_/X (sky130_fd_sc_hd__a21o_1)
     2    0.01                           _38801_ (net)
                  0.06    0.00   10.20 v _48117_/A2 (sky130_fd_sc_hd__a21o_1)
                  0.04    0.20   10.40 v _48117_/X (sky130_fd_sc_hd__a21o_1)
     2    0.01                           _38883_ (net)
                  0.04    0.00   10.40 v _48140_/A2 (sky130_fd_sc_hd__a21o_1)
                  0.05    0.20   10.60 v _48140_/X (sky130_fd_sc_hd__a21o_1)
     3    0.01                           _38906_ (net)
                  0.05    0.00   10.60 v _48433_/B (sky130_fd_sc_hd__and3_1)
                  0.04    0.18   10.78 v _48433_/X (sky130_fd_sc_hd__and3_1)
     2    0.00                           _39199_ (net)
                  0.04    0.00   10.78 v _48447_/A (sky130_fd_sc_hd__or3_2)
                  0.12    0.56   11.34 v _48447_/X (sky130_fd_sc_hd__or3_2)
     4    0.02                           _39213_ (net)
                  0.12    0.00   11.34 v _48462_/A1 (sky130_fd_sc_hd__a21o_1)
                  0.06    0.22   11.56 v _48462_/X (sky130_fd_sc_hd__a21o_1)
     3    0.01                           _39228_ (net)
                  0.06    0.00   11.56 v _48468_/A2 (sky130_fd_sc_hd__a21o_1)
                  0.07    0.23   11.80 v _48468_/X (sky130_fd_sc_hd__a21o_1)
     3    0.01                           _39234_ (net)
                  0.07    0.00   11.80 v _48473_/B (sky130_fd_sc_hd__and3_1)
                  0.05    0.20   12.00 v _48473_/X (sky130_fd_sc_hd__and3_1)
     3    0.01                           _39239_ (net)
                  0.05    0.00   12.00 v _48479_/A (sky130_fd_sc_hd__or3_1)
                  0.08    0.40   12.40 v _48479_/X (sky130_fd_sc_hd__or3_1)
     1    0.00                           _39245_ (net)
                  0.08    0.00   12.40 v _48486_/A3 (sky130_fd_sc_hd__o311a_4)
                  0.09    0.38   12.78 v _48486_/X (sky130_fd_sc_hd__o311a_4)
     3    0.03                           _39252_ (net)
                  0.09    0.00   12.78 v _48489_/A3 (sky130_fd_sc_hd__o31ai_4)
                  0.30    0.30   13.08 ^ _48489_/Y (sky130_fd_sc_hd__o31ai_4)
     2    0.02                           _39255_ (net)
                  0.30    0.00   13.08 ^ _48491_/A2 (sky130_fd_sc_hd__a21o_1)
                  0.16    0.27   13.35 ^ _48491_/X (sky130_fd_sc_hd__a21o_1)
     1    0.02                           _39257_ (net)
                  0.16    0.00   13.35 ^ _48564_/A (sky130_fd_sc_hd__xnor2_4)
                  0.24    0.18   13.53 ^ _48564_/Y (sky130_fd_sc_hd__xnor2_4)
     2    0.03                           _39330_ (net)
                  0.24    0.00   13.54 ^ _48565_/A (sky130_fd_sc_hd__clkbuf_8)
                  0.13    0.26   13.80 ^ _48565_/X (sky130_fd_sc_hd__clkbuf_8)
    10    0.07                           _39331_ (net)
                  0.13    0.00   13.80 ^ _48570_/A2 (sky130_fd_sc_hd__a21oi_1)
                  0.11    0.12   13.93 v _48570_/Y (sky130_fd_sc_hd__a21oi_1)
     3    0.01                           _39336_ (net)
                  0.11    0.00   13.93 v _48572_/B (sky130_fd_sc_hd__or3_1)
                  0.07    0.39   14.32 v _48572_/X (sky130_fd_sc_hd__or3_1)
     1    0.00                           _39338_ (net)
                  0.07    0.00   14.32 v _48574_/A (sky130_fd_sc_hd__nand2_1)
                  0.14    0.14   14.46 ^ _48574_/Y (sky130_fd_sc_hd__nand2_1)
     2    0.01                           _39340_ (net)
                  0.14    0.00   14.46 ^ _48583_/A (sky130_fd_sc_hd__xor2_2)
                  0.18    0.20   14.67 ^ _48583_/X (sky130_fd_sc_hd__xor2_2)
     2    0.01                           _39349_ (net)
                  0.18    0.00   14.67 ^ _48584_/B (sky130_fd_sc_hd__xnor2_1)
                  0.20    0.18   14.84 ^ _48584_/Y (sky130_fd_sc_hd__xnor2_1)
     2    0.01                           _39350_ (net)
                  0.20    0.00   14.84 ^ _48600_/A (sky130_fd_sc_hd__xor2_1)
                  0.20    0.24   15.08 ^ _48600_/X (sky130_fd_sc_hd__xor2_1)
     2    0.01                           _39366_ (net)
                  0.20    0.00   15.08 ^ _48601_/B (sky130_fd_sc_hd__xnor2_1)
                  0.17    0.17   15.25 ^ _48601_/Y (sky130_fd_sc_hd__xnor2_1)
     2    0.01                           _39367_ (net)
                  0.17    0.00   15.25 ^ _48646_/A (sky130_fd_sc_hd__nor2_1)
                  0.07    0.11   15.36 v _48646_/Y (sky130_fd_sc_hd__nor2_1)
     3    0.01                           _39412_ (net)
                  0.07    0.00   15.36 v _48648_/A (sky130_fd_sc_hd__or2_1)
                  0.07    0.28   15.63 v _48648_/X (sky130_fd_sc_hd__or2_1)
     3    0.01                           _39414_ (net)
                  0.07    0.00   15.63 v _52436_/A (sky130_fd_sc_hd__or4_2)
                  0.15    0.78   16.41 v _52436_/X (sky130_fd_sc_hd__or4_2)
     3    0.02                           _01212_ (net)
                  0.15    0.00   16.41 v _52446_/A2 (sky130_fd_sc_hd__o211a_2)
                  0.09    0.36   16.77 v _52446_/X (sky130_fd_sc_hd__o211a_2)
     4    0.03                           _01223_ (net)
                  0.09    0.00   16.77 v _52451_/A (sky130_fd_sc_hd__or4_1)
                  0.12    0.62   17.38 v _52451_/X (sky130_fd_sc_hd__or4_1)
     2    0.01                           _01228_ (net)
                  0.12    0.00   17.39 v _52457_/A2 (sky130_fd_sc_hd__a21oi_2)
                  0.21    0.26   17.65 ^ _52457_/Y (sky130_fd_sc_hd__a21oi_2)
     4    0.02                           _01235_ (net)
                  0.21    0.00   17.65 ^ _52648_/A2 (sky130_fd_sc_hd__a21boi_2)
                  0.07    0.12   17.76 v _52648_/Y (sky130_fd_sc_hd__a21boi_2)
     2    0.01                           _01445_ (net)
                  0.07    0.00   17.76 v _52654_/A2 (sky130_fd_sc_hd__o21ba_1)
                  0.09    0.24   18.00 v _52654_/X (sky130_fd_sc_hd__o21ba_1)
     1    0.01                           _01452_ (net)
                  0.09    0.00   18.00 v _52655_/B (sky130_fd_sc_hd__xor2_4)
                  0.24    0.26   18.27 ^ _52655_/X (sky130_fd_sc_hd__xor2_4)
     3    0.03                           _01453_ (net)
                  0.24    0.00   18.27 ^ _52658_/A (sky130_fd_sc_hd__xor2_2)
                  0.22    0.25   18.52 ^ _52658_/X (sky130_fd_sc_hd__xor2_2)
     3    0.01                           _01456_ (net)
                  0.22    0.00   18.52 ^ _52659_/B_N (sky130_fd_sc_hd__or2b_1)
                  0.05    0.27   18.79 v _52659_/X (sky130_fd_sc_hd__or2b_1)
     1    0.00                           _01457_ (net)
                  0.05    0.00   18.79 v _52660_/C1 (sky130_fd_sc_hd__a211o_1)
                  0.08    0.28   19.07 v _52660_/X (sky130_fd_sc_hd__a211o_1)
     3    0.01                           _01458_ (net)
                  0.08    0.00   19.07 v _52692_/A1 (sky130_fd_sc_hd__a2111o_2)
                  0.11    0.52   19.59 v _52692_/X (sky130_fd_sc_hd__a2111o_2)
     5    0.02                           _01493_ (net)
                  0.11    0.00   19.59 v _52704_/A1 (sky130_fd_sc_hd__a211o_2)
                  0.11    0.41   20.00 v _52704_/X (sky130_fd_sc_hd__a211o_2)
     4    0.03                           _01507_ (net)
                  0.11    0.00   20.00 v _52862_/A2 (sky130_fd_sc_hd__a2111oi_2)
                  0.48    0.58   20.58 ^ _52862_/Y (sky130_fd_sc_hd__a2111oi_2)
     2    0.01                           _01679_ (net)
                  0.48    0.00   20.58 ^ max_cap122/A (sky130_fd_sc_hd__clkbuf_2)
                  0.08    0.24   20.82 ^ max_cap122/X (sky130_fd_sc_hd__clkbuf_2)
     4    0.01                           net122 (net)
                  0.08    0.00   20.82 ^ _52915_/A (sky130_fd_sc_hd__and2_1)
                  0.06    0.14   20.95 ^ _52915_/X (sky130_fd_sc_hd__and2_1)
     2    0.00                           _01738_ (net)
                  0.06    0.00   20.95 ^ _52919_/A1_N (sky130_fd_sc_hd__a2bb2o_1)
                  0.07    0.32   21.27 v _52919_/X (sky130_fd_sc_hd__a2bb2o_1)
     2    0.01                           _01742_ (net)
                  0.07    0.00   21.27 v _52932_/B (sky130_fd_sc_hd__nor4_2)
                  0.47    0.49   21.76 ^ _52932_/Y (sky130_fd_sc_hd__nor4_2)
     2    0.02                           _01756_ (net)
                  0.47    0.00   21.76 ^ wire119/A (sky130_fd_sc_hd__clkbuf_2)
                  0.12    0.27   22.03 ^ wire119/X (sky130_fd_sc_hd__clkbuf_2)
     4    0.02                           net119 (net)
                  0.12    0.00   22.03 ^ max_cap118/A (sky130_fd_sc_hd__clkbuf_2)
                  0.10    0.18   22.21 ^ max_cap118/X (sky130_fd_sc_hd__clkbuf_2)
     6    0.02                           net118 (net)
                  0.10    0.00   22.21 ^ _52998_/A (sky130_fd_sc_hd__nand2_1)
                  0.13    0.13   22.34 v _52998_/Y (sky130_fd_sc_hd__nand2_1)
     4    0.01                           _01829_ (net)
                  0.13    0.00   22.34 v _52999_/B (sky130_fd_sc_hd__xnor2_2)
                  0.27    0.28   22.62 ^ _52999_/Y (sky130_fd_sc_hd__xnor2_2)
     3    0.02                           _01830_ (net)
                  0.27    0.00   22.63 ^ _53001_/B (sky130_fd_sc_hd__nand2_1)
                  0.11    0.16   22.79 v _53001_/Y (sky130_fd_sc_hd__nand2_1)
     5    0.01                           _01832_ (net)
                  0.11    0.00   22.79 v _53635_/A (sky130_fd_sc_hd__or2_1)
                  0.09    0.31   23.10 v _53635_/X (sky130_fd_sc_hd__or2_1)
     4    0.01                           _02494_ (net)
                  0.09    0.00   23.10 v _53669_/A1 (sky130_fd_sc_hd__o32a_1)
                  0.07    0.39   23.49 v _53669_/X (sky130_fd_sc_hd__o32a_1)
     2    0.01                           _02528_ (net)
                  0.07    0.00   23.49 v _53670_/B (sky130_fd_sc_hd__nor2_1)
                  0.24    0.22   23.71 ^ _53670_/Y (sky130_fd_sc_hd__nor2_1)
     4    0.01                           _02529_ (net)
                  0.24    0.00   23.71 ^ _53722_/B1 (sky130_fd_sc_hd__a221o_1)
                  0.12    0.25   23.96 ^ _53722_/X (sky130_fd_sc_hd__a221o_1)
     1    0.01                           _02582_ (net)
                  0.12    0.00   23.96 ^ _53725_/A4 (sky130_fd_sc_hd__a41oi_4)
                  0.13    0.16   24.12 v _53725_/Y (sky130_fd_sc_hd__a41oi_4)
     3    0.01                           _02586_ (net)
                  0.13    0.00   24.13 v _53748_/A2 (sky130_fd_sc_hd__o31a_1)
                  0.06    0.33   24.45 v _53748_/X (sky130_fd_sc_hd__o31a_1)
     2    0.01                           _02609_ (net)
                  0.06    0.00   24.45 v _53749_/B (sky130_fd_sc_hd__or2_1)
                  0.07    0.25   24.70 v _53749_/X (sky130_fd_sc_hd__or2_1)
     3    0.01                           _02610_ (net)
                  0.07    0.00   24.70 v _53779_/A1 (sky130_fd_sc_hd__o21ba_1)
                  0.07    0.24   24.94 v _53779_/X (sky130_fd_sc_hd__o21ba_1)
     3    0.01                           _02641_ (net)
                  0.07    0.00   24.94 v _53803_/A2 (sky130_fd_sc_hd__o32a_1)
                  0.06    0.36   25.30 v _53803_/X (sky130_fd_sc_hd__o32a_1)
     2    0.01                           _02666_ (net)
                  0.06    0.00   25.30 v _53804_/B (sky130_fd_sc_hd__or2_1)
                  0.07    0.25   25.55 v _53804_/X (sky130_fd_sc_hd__or2_1)
     3    0.01                           _02667_ (net)
                  0.07    0.00   25.55 v _53823_/A2 (sky130_fd_sc_hd__a31o_1)
                  0.07    0.26   25.81 v _53823_/X (sky130_fd_sc_hd__a31o_1)
     3    0.01                           _02686_ (net)
                  0.07    0.00   25.81 v _53881_/B_N (sky130_fd_sc_hd__and4bb_1)
                  0.16    0.37   26.18 ^ _53881_/X (sky130_fd_sc_hd__and4bb_1)
     2    0.01                           _02745_ (net)
                  0.16    0.00   26.18 ^ _53940_/A1 (sky130_fd_sc_hd__a21oi_2)
                  0.07    0.10   26.28 v _53940_/Y (sky130_fd_sc_hd__a21oi_2)
     4    0.01                           _02806_ (net)
                  0.07    0.00   26.28 v _53969_/B (sky130_fd_sc_hd__nor3b_1)
                  0.28    0.29   26.57 ^ _53969_/Y (sky130_fd_sc_hd__nor3b_1)
     2    0.01                           _02836_ (net)
                  0.28    0.00   26.57 ^ _54000_/A1 (sky130_fd_sc_hd__a21oi_1)
                  0.10    0.15   26.71 v _54000_/Y (sky130_fd_sc_hd__a21oi_1)
     2    0.01                           _02867_ (net)
                  0.10    0.00   26.71 v _54001_/B (sky130_fd_sc_hd__nor2_1)
                  0.14    0.15   26.86 ^ _54001_/Y (sky130_fd_sc_hd__nor2_1)
     3    0.01                           _02868_ (net)
                  0.14    0.00   26.86 ^ _54026_/A1_N (sky130_fd_sc_hd__o2bb2a_1)
                  0.06    0.25   27.12 v _54026_/X (sky130_fd_sc_hd__o2bb2a_1)
     2    0.01                           _02894_ (net)
                  0.06    0.00   27.12 v _54028_/B (sky130_fd_sc_hd__or2_1)
                  0.07    0.25   27.37 v _54028_/X (sky130_fd_sc_hd__or2_1)
     3    0.01                           _02896_ (net)
                  0.07    0.00   27.37 v _54036_/A2 (sky130_fd_sc_hd__a311o_1)
                  0.06    0.33   27.70 v _54036_/X (sky130_fd_sc_hd__a311o_1)
     1    0.00                           _02904_ (net)
                  0.06    0.00   27.70 v _54041_/A2 (sky130_fd_sc_hd__a31o_1)
                  0.03    0.21   27.91 v _54041_/X (sky130_fd_sc_hd__a31o_1)
     1    0.00                           _02909_ (net)
                  0.03    0.00   27.91 v _54042_/A0 (sky130_fd_sc_hd__mux2_1)
                  0.06    0.29   28.20 v _54042_/X (sky130_fd_sc_hd__mux2_1)
     1    0.00                           _02910_ (net)
                  0.06    0.00   28.20 v _54043_/A (sky130_fd_sc_hd__clkbuf_1)
                  0.03    0.10   28.30 v _54043_/X (sky130_fd_sc_hd__clkbuf_1)
     1    0.00                           _00066_ (net)
                  0.03    0.00   28.30 v _85229_/D (sky130_fd_sc_hd__dfrtp_4)
                                 28.30   data arrival time

                  0.15   10.00   10.00   clock clk (rise edge)
                          0.00   10.00   clock network delay (ideal)
                         -0.25    9.75   clock uncertainty
                          0.00    9.75   clock reconvergence pessimism
                                  9.75 ^ _85229_/CLK (sky130_fd_sc_hd__dfrtp_4)
                         -0.08    9.67   library setup time
                                  9.67   data required time
-----------------------------------------------------------------------------
                                  9.67   data required time
                                -28.30   data arrival time
-----------------------------------------------------------------------------
                                -18.63   slack (VIOLATED)




===========================================================================
 report_check_types -max_slew -max_cap -max_fanout -violators
============================================================================
======================= Typical Corner ===================================



===========================================================================
report_parasitic_annotation -report_unannotated
============================================================================
Found 43390 unannotated drivers.
 clk
 load_data[0]
 load_data[10]
 load_data[11]
 load_data[12]
 load_data[13]
 load_data[14]
 load_data[15]
 load_data[16]
 load_data[17]
 load_data[18]
 load_data[19]
 load_data[1]
 load_data[20]
 load_data[21]
 load_data[22]
 load_data[23]
 load_data[24]
 load_data[25]
 load_data[26]
 load_data[27]
 load_data[28]
 load_data[29]
 load_data[2]
 load_data[30]
 load_data[31]
 load_data[3]
 load_data[4]
 load_data[5]
 load_data[6]
 load_data[7]
 load_data[8]
 load_data[9]
 load_data_addr[0]
 load_data_addr[1]
 load_data_addr[2]
 load_data_en
 load_twiddle[0]
 load_twiddle[10]
 load_twiddle[11]
 load_twiddle[12]
 load_twiddle[13]
 load_twiddle[14]
 load_twiddle[15]
 load_twiddle[16]
 load_twiddle[17]
 load_twiddle[18]
 load_twiddle[19]
 load_twiddle[1]
 load_twiddle[20]
 load_twiddle[21]
 load_twiddle[22]
 load_twiddle[23]
 load_twiddle[24]
 load_twiddle[25]
 load_twiddle[26]
 load_twiddle[27]
 load_twiddle[28]
 load_twiddle[29]
 load_twiddle[2]
 load_twiddle[30]
 load_twiddle[31]
 load_twiddle[3]
 load_twiddle[4]
 load_twiddle[5]
 load_twiddle[6]
 load_twiddle[7]
 load_twiddle[8]
 load_twiddle[9]
 load_twiddle_addr[0]
 load_twiddle_addr[1]
 load_twiddle_en
 read_addr[0]
 read_addr[1]
 read_addr[2]
 rst_n
 start
 _42565_/Y
 _42566_/X
 _42567_/X
 _42568_/X
 _42569_/X
 _42570_/X
 _42571_/X
 _42572_/X
 _42573_/Y
 _42574_/X
 _42575_/X
 _42576_/X
 _42577_/X
 _42578_/X
 _42579_/X
 _42580_/X
 _42581_/X
 _42582_/Y
 _42583_/X
 _42584_/X
 _42585_/X
 _42586_/X
 _42587_/X
 _42588_/X
 _42589_/X
 _42590_/X
 _42591_/X
 _42592_/Y
 _42593_/X
 _42594_/X
 _42595_/X
 _42596_/X
 _42597_/X
 _42598_/X
 _42599_/X
 _42600_/X
 _42601_/X
 _42602_/X
 _42603_/X
 _42604_/X
 _42605_/X
 _42606_/X
 _42607_/X
 _42608_/X
 _42609_/X
 _42610_/X
 _42611_/X
 _42612_/X
 _42613_/X
 _42614_/X
 _42615_/X
 _42616_/X
 _42617_/X
 _42618_/X
 _42619_/X
 _42620_/X
 _42621_/X
 _42622_/X
 _42623_/X
 _42624_/X
 _42625_/X
 _42626_/X
 _42627_/X
 _42628_/X
 _42629_/X
 _42630_/X
 _42631_/X
 _42632_/X
 _42633_/X
 _42634_/X
 _42635_/X
 _42636_/X
 _42637_/X
 _42638_/X
 _42639_/X
 _42640_/X
 _42641_/X
 _42642_/X
 _42643_/X
 _42644_/X
 _42645_/X
 _42646_/X
 _42647_/X
 _42648_/X
 _42649_/X
 _42650_/X
 _42651_/X
 _42652_/X
 _42653_/X
 _42654_/X
 _42655_/X
 _42656_/X
 _42657_/X
 _42658_/X
 _42659_/X
 _42660_/X
 _42661_/X
 _42662_/X
 _42663_/X
 _42664_/X
 _42665_/X
 _42666_/X
 _42667_/X
 _42668_/X
 _42669_/X
 _42670_/X
 _42671_/X
 _42672_/X
 _42673_/X
 _42674_/X
 _42675_/X
 _42676_/X
 _42677_/X
 _42678_/X
 _42679_/X
 _42680_/X
 _42681_/X
 _42682_/X
 _42683_/X
 _42684_/X
 _42685_/X
 _42686_/X
 _42687_/X
 _42688_/X
 _42689_/X
 _42690_/X
 _42691_/X
 _42692_/X
 _42693_/X
 _42694_/X
 _42695_/X
 _42696_/X
 _42697_/X
 _42698_/X
 _42699_/X
 _42700_/X
 _42701_/X
 _42702_/X
 _42703_/X
 _42704_/X
 _42705_/X
 _42706_/X
 _42707_/X
 _42708_/X
 _42709_/X
 _42710_/X
 _42711_/X
 _42712_/X
 _42713_/X
 _42714_/X
 _42715_/X
 _42716_/X
 _42717_/X
 _42718_/X
 _42719_/X
 _42720_/X
 _42721_/X
 _42722_/X
 _42723_/X
 _42724_/X
 _42725_/X
 _42726_/X
 _42727_/X
 _42728_/X
 _42729_/X
 _42730_/X
 _42731_/X
 _42732_/X
 _42733_/X
 _42734_/X
 _42735_/X
 _42736_/X
 _42737_/X
 _42738_/X
 _42739_/X
 _42740_/X
 _42741_/X
 _42742_/X
 _42743_/X
 _42744_/X
 _42745_/X
 _42746_/X
 _42747_/X
 _42748_/X
 _42749_/X
 _42750_/X
 _42751_/X
 _42752_/X
 _42753_/X
 _42754_/X
 _42755_/X
 _42756_/X
 _42757_/X
 _42758_/X
 _42759_/X
 _42760_/X
 _42761_/X
 _42762_/X
 _42763_/X
 _42764_/X
 _42765_/X
 _42766_/X
 _42767_/X
 _42768_/X
 _42769_/X
 _42770_/X
 _42771_/X
 _42772_/X
 _42773_/X
 _42774_/X
 _42775_/X
 _42776_/X
 _42777_/X
 _42778_/X
 _42779_/X
 _42780_/X
 _42781_/X
 _42782_/X
 _42783_/X
 _42784_/X
 _42785_/X
 _42786_/X
 _42787_/X
 _42788_/X
 _42789_/X
 _42790_/X
 _42791_/X
 _42792_/X
 _42793_/X
 _42794_/X
 _42795_/X
 _42796_/X
 _42797_/X
 _42798_/X
 _42799_/X
 _42800_/X
 _42801_/X
 _42802_/X
 _42803_/X
 _42804_/X
 _42805_/X
 _42806_/X
 _42807_/X
 _42808_/X
 _42809_/X
 _42810_/X
 _42811_/X
 _42812_/X
 _42813_/X
 _42814_/X
 _42815_/X
 _42816_/X
 _42817_/X
 _42818_/X
 _42819_/X
 _42820_/X
 _42821_/X
 _42822_/X
 _42823_/X
 _42824_/X
 _42825_/X
 _42826_/X
 _42827_/X
 _42828_/X
 _42829_/X
 _42830_/X
 _42831_/X
 _42832_/X
 _42833_/X
 _42834_/X
 _42835_/X
 _42836_/X
 _42837_/X
 _42838_/X
 _42839_/X
 _42840_/X
 _42841_/X
 _42842_/X
 _42843_/X
 _42844_/X
 _42845_/X
 _42846_/X
 _42847_/X
 _42848_/X
 _42849_/X
 _42850_/X
 _42851_/X
 _42852_/X
 _42853_/X
 _42854_/X
 _42855_/X
 _42856_/X
 _42857_/X
 _42858_/X
 _42859_/X
 _42860_/X
 _42861_/X
 _42862_/X
 _42863_/X
 _42864_/X
 _42865_/X
 _42866_/X
 _42867_/X
 _42868_/X
 _42869_/X
 _42870_/X
 _42871_/X
 _42872_/X
 _42873_/X
 _42874_/X
 _42875_/X
 _42876_/X
 _42877_/X
 _42878_/X
 _42879_/X
 _42880_/X
 _42881_/X
 _42882_/X
 _42883_/X
 _42884_/X
 _42885_/X
 _42886_/X
 _42887_/X
 _42888_/X
 _42889_/X
 _42890_/X
 _42891_/X
 _42892_/X
 _42893_/X
 _42894_/X
 _42895_/X
 _42896_/X
 _42897_/X
 _42898_/X
 _42899_/X
 _42900_/X
 _42901_/X
 _42902_/X
 _42903_/X
 _42904_/X
 _42905_/X
 _42906_/X
 _42907_/X
 _42908_/X
 _42909_/X
 _42910_/X
 _42911_/X
 _42912_/X
 _42913_/X
 _42914_/X
 _42915_/X
 _42916_/X
 _42917_/X
 _42918_/X
 _42919_/X
 _42920_/X
 _42921_/X
 _42922_/X
 _42923_/X
 _42924_/X
 _42925_/X
 _42926_/X
 _42927_/X
 _42928_/X
 _42929_/X
 _42930_/X
 _42931_/X
 _42932_/X
 _42933_/X
 _42934_/X
 _42935_/X
 _42936_/X
 _42937_/X
 _42938_/X
 _42939_/X
 _42940_/X
 _42941_/X
 _42942_/X
 _42943_/X
 _42944_/X
 _42945_/X
 _42946_/X
 _42947_/X
 _42948_/X
 _42949_/X
 _42950_/X
 _42951_/X
 _42952_/X
 _42953_/X
 _42954_/X
 _42955_/X
 _42956_/X
 _42957_/X
 _42958_/X
 _42959_/X
 _42960_/X
 _42961_/X
 _42962_/X
 _42963_/X
 _42964_/X
 _42965_/X
 _42966_/X
 _42967_/X
 _42968_/X
 _42969_/X
 _42970_/X
 _42971_/X
 _42972_/X
 _42973_/X
 _42974_/X
 _42975_/X
 _42976_/X
 _42977_/X
 _42978_/X
 _42979_/X
 _42980_/X
 _42981_/X
 _42982_/X
 _42983_/X
 _42984_/X
 _42985_/X
 _42986_/X
 _42987_/X
 _42988_/X
 _42989_/X
 _42990_/X
 _42991_/X
 _42992_/X
 _42993_/X
 _42994_/X
 _42995_/X
 _42996_/X
 _42997_/X
 _42998_/X
 _42999_/X
 _43000_/X
 _43001_/X
 _43002_/X
 _43003_/X
 _43004_/X
 _43005_/X
 _43006_/X
 _43007_/X
 _43008_/X
 _43009_/X
 _43010_/X
 _43011_/X
 _43012_/X
 _43013_/X
 _43014_/X
 _43015_/X
 _43016_/X
 _43017_/X
 _43018_/X
 _43019_/X
 _43020_/X
 _43021_/X
 _43022_/X
 _43023_/X
 _43024_/X
 _43025_/X
 _43026_/X
 _43027_/X
 _43028_/X
 _43029_/X
 _43030_/X
 _43031_/X
 _43032_/X
 _43033_/X
 _43034_/X
 _43035_/X
 _43036_/X
 _43037_/X
 _43038_/X
 _43039_/X
 _43040_/X
 _43041_/X
 _43042_/X
 _43043_/X
 _43044_/X
 _43045_/X
 _43046_/X
 _43047_/X
 _43048_/X
 _43049_/X
 _43050_/X
 _43051_/X
 _43052_/X
 _43053_/X
 _43054_/X
 _43055_/X
 _43056_/X
 _43057_/X
 _43058_/X
 _43059_/X
 _43060_/X
 _43061_/X
 _43062_/X
 _43063_/X
 _43064_/X
 _43065_/X
 _43066_/X
 _43067_/X
 _43068_/X
 _43069_/X
 _43070_/X
 _43071_/X
 _43072_/X
 _43073_/X
 _43074_/X
 _43075_/X
 _43076_/X
 _43077_/X
 _43078_/X
 _43079_/X
 _43080_/X
 _43081_/X
 _43082_/X
 _43083_/X
 _43084_/X
 _43085_/X
 _43086_/X
 _43087_/X
 _43088_/X
 _43089_/X
 _43090_/X
 _43091_/X
 _43092_/X
 _43093_/X
 _43094_/X
 _43095_/X
 _43096_/X
 _43097_/X
 _43098_/X
 _43099_/X
 _43100_/X
 _43101_/X
 _43102_/X
 _43103_/X
 _43104_/X
 _43105_/X
 _43106_/X
 _43107_/X
 _43108_/X
 _43109_/X
 _43110_/X
 _43111_/X
 _43112_/X
 _43113_/X
 _43114_/X
 _43115_/X
 _43116_/X
 _43117_/X
 _43118_/X
 _43119_/X
 _43120_/X
 _43121_/X
 _43122_/X
 _43123_/X
 _43124_/X
 _43125_/X
 _43126_/X
 _43127_/X
 _43128_/X
 _43129_/X
 _43130_/X
 _43131_/X
 _43132_/X
 _43133_/X
 _43134_/X
 _43135_/X
 _43136_/X
 _43137_/X
 _43138_/X
 _43139_/X
 _43140_/X
 _43141_/X
 _43142_/X
 _43143_/X
 _43144_/X
 _43145_/X
 _43146_/X
 _43147_/X
 _43148_/X
 _43149_/X
 _43150_/X
 _43151_/X
 _43152_/X
 _43153_/X
 _43154_/X
 _43155_/X
 _43156_/X
 _43157_/X
 _43158_/X
 _43159_/X
 _43160_/X
 _43161_/X
 _43162_/X
 _43163_/X
 _43164_/X
 _43165_/X
 _43166_/X
 _43167_/X
 _43168_/X
 _43169_/X
 _43170_/X
 _43171_/X
 _43172_/X
 _43173_/X
 _43174_/X
 _43175_/X
 _43176_/X
 _43177_/X
 _43178_/X
 _43179_/X
 _43180_/X
 _43181_/X
 _43182_/X
 _43183_/X
 _43184_/X
 _43185_/X
 _43186_/X
 _43187_/X
 _43188_/X
 _43189_/X
 _43190_/X
 _43191_/X
 _43192_/X
 _43193_/X
 _43194_/X
 _43195_/X
 _43196_/X
 _43197_/X
 _43198_/X
 _43199_/X
 _43200_/X
 _43201_/X
 _43202_/X
 _43203_/X
 _43204_/X
 _43205_/X
 _43206_/X
 _43207_/X
 _43208_/X
 _43209_/X
 _43210_/X
 _43211_/X
 _43212_/X
 _43213_/X
 _43214_/X
 _43215_/X
 _43216_/X
 _43217_/X
 _43218_/X
 _43219_/X
 _43220_/X
 _43221_/X
 _43222_/X
 _43223_/X
 _43224_/X
 _43225_/X
 _43226_/X
 _43227_/X
 _43228_/X
 _43229_/X
 _43230_/X
 _43231_/X
 _43232_/X
 _43233_/X
 _43234_/X
 _43235_/X
 _43236_/X
 _43237_/X
 _43238_/X
 _43239_/X
 _43240_/X
 _43241_/X
 _43242_/X
 _43243_/X
 _43244_/X
 _43245_/X
 _43246_/X
 _43247_/X
 _43248_/X
 _43249_/X
 _43250_/X
 _43251_/X
 _43252_/X
 _43253_/X
 _43254_/X
 _43255_/X
 _43256_/X
 _43257_/X
 _43258_/X
 _43259_/X
 _43260_/X
 _43261_/X
 _43262_/X
 _43263_/X
 _43264_/X
 _43265_/X
 _43266_/X
 _43267_/X
 _43268_/X
 _43269_/X
 _43270_/X
 _43271_/X
 _43272_/X
 _43273_/X
 _43274_/X
 _43275_/X
 _43276_/X
 _43277_/X
 _43278_/X
 _43279_/X
 _43280_/X
 _43281_/X
 _43282_/X
 _43283_/X
 _43284_/X
 _43285_/X
 _43286_/X
 _43287_/X
 _43288_/X
 _43289_/X
 _43290_/X
 _43291_/X
 _43292_/X
 _43293_/X
 _43294_/X
 _43295_/X
 _43296_/X
 _43297_/X
 _43298_/X
 _43299_/X
 _43300_/X
 _43301_/X
 _43302_/X
 _43303_/X
 _43304_/X
 _43305_/X
 _43306_/X
 _43307_/X
 _43308_/X
 _43309_/X
 _43310_/X
 _43311_/X
 _43312_/X
 _43313_/X
 _43314_/X
 _43315_/X
 _43316_/X
 _43317_/X
 _43318_/X
 _43319_/X
 _43320_/X
 _43321_/X
 _43322_/X
 _43323_/X
 _43324_/X
 _43325_/X
 _43326_/X
 _43327_/X
 _43328_/X
 _43329_/X
 _43330_/X
 _43331_/X
 _43332_/X
 _43333_/X
 _43334_/X
 _43335_/X
 _43336_/X
 _43337_/X
 _43338_/X
 _43339_/X
 _43340_/X
 _43341_/X
 _43342_/X
 _43343_/X
 _43344_/X
 _43345_/X
 _43346_/X
 _43347_/X
 _43348_/X
 _43349_/X
 _43350_/X
 _43351_/X
 _43352_/X
 _43353_/X
 _43354_/X
 _43355_/X
 _43356_/X
 _43357_/X
 _43358_/X
 _43359_/X
 _43360_/X
 _43361_/X
 _43362_/X
 _43363_/X
 _43364_/X
 _43365_/X
 _43366_/X
 _43367_/X
 _43368_/X
 _43369_/X
 _43370_/X
 _43371_/X
 _43372_/X
 _43373_/X
 _43374_/X
 _43375_/X
 _43376_/X
 _43377_/X
 _43378_/X
 _43379_/X
 _43380_/X
 _43381_/X
 _43382_/X
 _43383_/X
 _43384_/X
 _43385_/X
 _43386_/X
 _43387_/X
 _43388_/X
 _43389_/X
 _43390_/X
 _43391_/X
 _43392_/X
 _43393_/X
 _43394_/X
 _43395_/X
 _43396_/X
 _43397_/X
 _43398_/X
 _43399_/X
 _43400_/X
 _43401_/X
 _43402_/X
 _43403_/X
 _43404_/X
 _43405_/X
 _43406_/X
 _43407_/X
 _43408_/X
 _43409_/X
 _43410_/X
 _43411_/X
 _43412_/X
 _43413_/X
 _43414_/X
 _43415_/X
 _43416_/X
 _43417_/X
 _43418_/X
 _43419_/X
 _43420_/X
 _43421_/X
 _43422_/X
 _43423_/X
 _43424_/X
 _43425_/X
 _43426_/X
 _43427_/X
 _43428_/X
 _43429_/X
 _43430_/X
 _43431_/X
 _43432_/X
 _43433_/X
 _43434_/X
 _43435_/X
 _43436_/X
 _43437_/X
 _43438_/X
 _43439_/X
 _43440_/X
 _43441_/X
 _43442_/X
 _43443_/X
 _43444_/X
 _43445_/X
 _43446_/X
 _43447_/X
 _43448_/X
 _43449_/X
 _43450_/X
 _43451_/X
 _43452_/X
 _43453_/X
 _43454_/X
 _43455_/X
 _43456_/X
 _43457_/X
 _43458_/X
 _43459_/X
 _43460_/X
 _43461_/X
 _43462_/X
 _43463_/X
 _43464_/X
 _43465_/X
 _43466_/X
 _43467_/X
 _43468_/X
 _43469_/X
 _43470_/X
 _43471_/X
 _43472_/X
 _43473_/X
 _43474_/X
 _43475_/X
 _43476_/X
 _43477_/X
 _43478_/X
 _43479_/X
 _43480_/X
 _43481_/X
 _43482_/X
 _43483_/X
 _43484_/X
 _43485_/X
 _43486_/X
 _43487_/X
 _43488_/X
 _43489_/X
 _43490_/X
 _43491_/X
 _43492_/X
 _43493_/X
 _43494_/X
 _43495_/X
 _43496_/X
 _43497_/X
 _43498_/X
 _43499_/X
 _43500_/X
 _43501_/X
 _43502_/X
 _43503_/X
 _43504_/X
 _43505_/X
 _43506_/X
 _43507_/X
 _43508_/X
 _43509_/X
 _43510_/X
 _43511_/X
 _43512_/X
 _43513_/X
 _43514_/X
 _43515_/X
 _43516_/X
 _43517_/X
 _43518_/X
 _43519_/X
 _43520_/X
 _43521_/X
 _43522_/X
 _43523_/X
 _43524_/X
 _43525_/X
 _43526_/X
 _43527_/X
 _43528_/X
 _43529_/X
 _43530_/X
 _43531_/X
 _43532_/X
 _43533_/X
 _43534_/X
 _43535_/X
 _43536_/X
 _43537_/X
 _43538_/X
 _43539_/X
 _43540_/X
 _43541_/X
 _43542_/X
 _43543_/X
 _43544_/X
 _43545_/X
 _43546_/X
 _43547_/X
 _43548_/X
 _43549_/X
 _43550_/X
 _43551_/X
 _43552_/X
 _43553_/X
 _43554_/X
 _43555_/X
 _43556_/X
 _43557_/X
 _43558_/X
 _43559_/X
 _43560_/X
 _43561_/X
 _43562_/X
 _43563_/X
 _43564_/X
 _43565_/X
 _43566_/X
 _43567_/X
 _43568_/X
 _43569_/X
 _43570_/X
 _43571_/X
 _43572_/X
 _43573_/X
 _43574_/X
 _43575_/X
 _43576_/X
 _43577_/X
 _43578_/X
 _43579_/X
 _43580_/X
 _43581_/X
 _43582_/X
 _43583_/X
 _43584_/X
 _43585_/X
 _43586_/X
 _43587_/X
 _43588_/X
 _43589_/X
 _43590_/X
 _43591_/X
 _43592_/X
 _43593_/X
 _43594_/X
 _43595_/X
 _43596_/X
 _43597_/X
 _43598_/X
 _43599_/X
 _43600_/X
 _43601_/X
 _43602_/X
 _43603_/X
 _43604_/X
 _43605_/X
 _43606_/Y
 _43607_/X
 _43608_/X
 _43609_/X
 _43610_/X
 _43611_/Y
 _43612_/Y
 _43613_/X
 _43614_/X
 _43615_/X
 _43616_/X
 _43617_/X
 _43618_/Y
 _43619_/Y
 _43620_/X
 _43621_/X
 _43622_/X
 _43623_/X
 _43624_/X
 _43625_/X
 _43626_/X
 _43627_/X
 _43628_/X
 _43629_/X
 _43630_/X
 _43631_/Y
 _43632_/X
 _43633_/X
 _43634_/X
 _43635_/X
 _43636_/Y
 _43637_/Y
 _43638_/X
 _43639_/Y
 _43640_/X
 _43641_/X
 _43642_/X
 _43643_/X
 _43644_/X
 _43645_/X
 _43646_/X
 _43647_/X
 _43648_/X
 _43649_/X
 _43650_/X
 _43651_/X
 _43652_/X
 _43653_/Y
 _43654_/X
 _43655_/X
 _43656_/X
 _43657_/X
 _43658_/Y
 _43659_/Y
 _43660_/X
 _43661_/X
 _43662_/X
 _43663_/X
 _43664_/X
 _43665_/X
 _43666_/X
 _43667_/X
 _43668_/X
 _43669_/X
 _43670_/X
 _43671_/X
 _43672_/X
 _43673_/X
 _43674_/X
 _43675_/Y
 _43676_/X
 _43677_/X
 _43678_/X
 _43679_/X
 _43680_/X
 _43681_/X
 _43682_/X
 _43683_/X
 _43684_/X
 _43685_/X
 _43686_/X
 _43687_/X
 _43688_/X
 _43689_/X
 _43690_/X
 _43691_/X
 _43692_/X
 _43693_/Y
 _43694_/Y
 _43695_/X
 _43696_/X
 _43697_/Y
 _43698_/X
 _43699_/X
 _43700_/X
 _43701_/Y
 _43702_/Y
 _43703_/Y
 _43704_/X
 _43705_/X
 _43706_/Y
 _43707_/X
 _43708_/X
 _43709_/Y
 _43710_/Y
 _43711_/X
 _43712_/X
 _43713_/X
 _43714_/Y
 _43715_/X
 _43716_/X
 _43717_/Y
 _43718_/Y
 _43719_/X
 _43720_/Y
 _43721_/X
 _43722_/X
 _43723_/Y
 _43724_/Y
 _43725_/X
 _43726_/X
 _43727_/X
 _43728_/X
 _43729_/X
 _43730_/Y
 _43731_/X
 _43732_/X
 _43733_/X
 _43734_/X
 _43735_/X
 _43736_/X
 _43737_/X
 _43738_/X
 _43739_/X
 _43740_/Y
 _43741_/X
 _43742_/X
 _43743_/X
 _43744_/X
 _43745_/X
 _43746_/Y
 _43747_/X
 _43748_/X
 _43749_/X
 _43750_/X
 _43751_/Y
 _43752_/Y
 _43753_/X
 _43754_/X
 _43755_/Y
 _43756_/X
 _43757_/X
 _43758_/X
 _43759_/X
 _43760_/X
 _43761_/X
 _43762_/X
 _43763_/X
 _43764_/X
 _43765_/Y
 _43766_/X
 _43767_/Y
 _43768_/X
 _43769_/X
 _43770_/Y
 _43771_/X
 _43772_/Y
 _43773_/X
 _43774_/Y
 _43775_/X
 _43776_/X
 _43777_/Y
 _43778_/Y
 _43779_/Y
 _43780_/Y
 _43781_/X
 _43782_/Y
 _43783_/Y
 _43784_/X
 _43785_/Y
 _43786_/Y
 _43787_/Y
 _43788_/X
 _43789_/Y
 _43790_/X
 _43791_/X
 _43792_/X
 _43793_/X
 _43794_/Y
 _43795_/X
 _43796_/X
 _43797_/Y
 _43798_/Y
 _43799_/X
 _43800_/Y
 _43801_/X
 _43802_/X
 _43803_/Y
 _43804_/Y
 _43805_/Y
 _43806_/X
 _43807_/Y
 _43808_/X
 _43809_/Y
 _43810_/X
 _43811_/X
 _43812_/Y
 _43813_/X
 _43814_/Y
 _43815_/X
 _43816_/X
 _43817_/X
 _43818_/X
 _43819_/X
 _43820_/Y
 _43821_/X
 _43822_/X
 _43823_/X
 _43824_/X
 _43825_/Y
 _43826_/Y
 _43827_/X
 _43828_/Y
 _43829_/X
 _43830_/X
 _43831_/Y
 _43832_/X
 _43833_/X
 _43834_/Y
 _43835_/Y
 _43836_/Y
 _43837_/Y
 _43838_/Y
 _43839_/X
 _43840_/Y
 _43841_/Y
 _43842_/Y
 _43843_/Y
 _43844_/Y
 _43845_/Y
 _43846_/X
 _43847_/Y
 _43848_/X
 _43849_/X
 _43850_/X
 _43851_/X
 _43852_/X
 _43853_/X
 _43854_/Y
 _43855_/X
 _43856_/X
 _43857_/Y
 _43858_/Y
 _43859_/X
 _43860_/X
 _43861_/Y
 _43862_/X
 _43863_/X
 _43864_/Y
 _43865_/Y
 _43866_/X
 _43867_/X
 _43868_/X
 _43869_/X
 _43870_/X
 _43871_/X
 _43872_/Y
 _43873_/X
 _43874_/X
 _43875_/X
 _43876_/X
 _43877_/X
 _43878_/X
 _43879_/X
 _43880_/X
 _43881_/X
 _43882_/X
 _43883_/X
 _43884_/X
 _43885_/Y
 _43886_/X
 _43887_/X
 _43888_/X
 _43889_/Y
 _43890_/Y
 _43891_/Y
 _43892_/X
 _43893_/Y
 _43894_/X
 _43895_/X
 _43896_/X
 _43897_/Y
 _43898_/X
 _43899_/X
 _43900_/Y
 _43901_/X
 _43902_/X
 _43903_/Y
 _43904_/Y
 _43905_/X
 _43906_/Y
 _43907_/X
 _43908_/Y
 _43909_/Y
 _43910_/Y
 _43911_/X
 _43912_/X
 _43913_/X
 _43914_/X
 _43915_/X
 _43916_/X
 _43917_/X
 _43918_/X
 _43919_/Y
 _43920_/X
 _43921_/Y
 _43922_/X
 _43923_/X
 _43924_/X
 _43925_/X
 _43926_/X
 _43927_/X
 _43928_/X
 _43929_/X
 _43930_/X
 _43931_/Y
 _43932_/X
 _43933_/Y
 _43934_/X
 _43935_/X
 _43936_/X
 _43937_/X
 _43938_/X
 _43939_/X
 _43940_/X
 _43941_/Y
 _43942_/X
 _43943_/X
 _43944_/Y
 _43945_/X
 _43946_/X
 _43947_/Y
 _43948_/X
 _43949_/X
 _43950_/Y
 _43951_/Y
 _43952_/X
 _43953_/Y
 _43954_/X
 _43955_/Y
 _43956_/Y
 _43957_/X
 _43958_/X
 _43959_/X
 _43960_/X
 _43961_/Y
 _43962_/X
 _43963_/Y
 _43964_/X
 _43965_/X
 _43966_/X
 _43967_/Y
 _43968_/X
 _43969_/Y
 _43970_/X
 _43971_/X
 _43972_/X
 _43973_/Y
 _43974_/X
 _43975_/X
 _43976_/Y
 _43977_/Y
 _43978_/Y
 _43979_/X
 _43980_/Y
 _43981_/X
 _43982_/X
 _43983_/Y
 _43984_/Y
 _43985_/X
 _43986_/Y
 _43987_/Y
 _43988_/X
 _43989_/X
 _43990_/X
 _43991_/Y
 _43992_/X
 _43993_/X
 _43994_/X
 _43995_/Y
 _43996_/Y
 _43997_/X
 _43998_/Y
 _43999_/X
 _44000_/Y
 _44001_/Y
 _44002_/X
 _44003_/X
 _44004_/X
 _44005_/X
 _44006_/Y
 _44007_/X
 _44008_/Y
 _44009_/X
 _44010_/X
 _44011_/X
 _44012_/Y
 _44013_/X
 _44014_/X
 _44015_/X
 _44016_/X
 _44017_/Y
 _44018_/Y
 _44019_/X
 _44020_/Y
 _44021_/X
 _44022_/Y
 _44023_/Y
 _44024_/Y
 _44025_/X
 _44026_/Y
 _44027_/X
 _44028_/X
 _44029_/X
 _44030_/X
 _44031_/Y
 _44032_/X
 _44033_/X
 _44034_/Y
 _44035_/Y
 _44036_/X
 _44037_/X
 _44038_/X
 _44039_/X
 _44040_/Y
 _44041_/X
 _44042_/Y
 _44043_/Y
 _44044_/X
 _44045_/Y
 _44046_/X
 _44047_/X
 _44048_/Y
 _44049_/Y
 _44050_/X
 _44051_/Y
 _44052_/X
 _44053_/X
 _44054_/X
 _44055_/Y
 _44056_/X
 _44057_/X
 _44058_/X
 _44059_/X
 _44060_/X
 _44061_/X
 _44062_/X
 _44063_/X
 _44064_/X
 _44065_/Y
 _44066_/X
 _44067_/Y
 _44068_/X
 _44069_/X
 _44070_/Y
 _44071_/X
 _44072_/Y
 _44073_/X
 _44074_/Y
 _44075_/X
 _44076_/X
 _44077_/X
 _44078_/Y
 _44079_/Y
 _44080_/Y
 _44081_/Y
 _44082_/X
 _44083_/Y
 _44084_/Y
 _44085_/Y
 _44086_/Y
 _44087_/Y
 _44088_/X
 _44089_/Y
 _44090_/Y
 _44091_/X
 _44092_/Y
 _44093_/X
 _44094_/Y
 _44095_/X
 _44096_/Y
 _44097_/Y
 _44098_/X
 _44099_/Y
 _44100_/Y
 _44101_/X
 _44102_/Y
 _44103_/X
 _44104_/Y
 _44105_/X
 _44106_/X
 _44107_/X
 _44108_/X
 _44109_/X
 _44110_/X
 _44111_/X
 _44112_/X
 _44113_/Y
 _44114_/X
 _44115_/Y
 _44116_/X
 _44117_/X
 _44118_/X
 _44119_/X
 _44120_/X
 _44121_/X
 _44122_/X
 _44123_/X
 _44124_/X
 _44125_/X
 _44126_/Y
 _44127_/X
 _44128_/Y
 _44129_/X
 _44130_/Y
 _44131_/X
 _44132_/X
 _44133_/X
 _44134_/Y
 _44135_/X
 _44136_/X
 _44137_/X
 _44138_/X
 _44139_/X
 _44140_/Y
 _44141_/X
 _44142_/Y
 _44143_/X
 _44144_/X
 _44145_/X
 _44146_/X
 _44147_/Y
 _44148_/X
 _44149_/X
 _44150_/Y
 _44151_/X
 _44152_/X
 _44153_/X
 _44154_/X
 _44155_/X
 _44156_/Y
 _44157_/X
 _44158_/Y
 _44159_/X
 _44160_/Y
 _44161_/X
 _44162_/X
 _44163_/Y
 _44164_/X
 _44165_/Y
 _44166_/X
 _44167_/Y
 _44168_/X
 _44169_/Y
 _44170_/Y
 _44171_/Y
 _44172_/X
 _44173_/Y
 _44174_/X
 _44175_/Y
 _44176_/X
 _44177_/X
 _44178_/X
 _44179_/Y
 _44180_/X
 _44181_/X
 _44182_/Y
 _44183_/Y
 _44184_/X
 _44185_/X
 _44186_/X
 _44187_/X
 _44188_/X
 _44189_/X
 _44190_/X
 _44191_/X
 _44192_/Y
 _44193_/X
 _44194_/Y
 _44195_/X
 _44196_/Y
 _44197_/X
 _44198_/X
 _44199_/Y
 _44200_/X
 _44201_/Y
 _44202_/X
 _44203_/Y
 _44204_/X
 _44205_/Y
 _44206_/X
 _44207_/Y
 _44208_/X
 _44209_/Y
 _44210_/X
 _44211_/Y
 _44212_/Y
 _44213_/X
 _44214_/Y
 _44215_/Y
 _44216_/X
 _44217_/Y
 _44218_/Y
 _44219_/X
 _44220_/Y
 _44221_/X
 _44222_/X
 _44223_/Y
 _44224_/Y
 _44225_/Y
 _44226_/Y
 _44227_/X
 _44228_/Y
 _44229_/Y
 _44230_/X
 _44231_/Y
 _44232_/Y
 _44233_/Y
 _44234_/X
 _44235_/X
 _44236_/X
 _44237_/Y
 _44238_/X
 _44239_/X
 _44240_/Y
 _44241_/X
 _44242_/Y
 _44243_/X
 _44244_/Y
 _44245_/Y
 _44246_/X
 _44247_/Y
 _44248_/X
 _44249_/Y
 _44250_/X
 _44251_/Y
 _44252_/Y
 _44253_/X
 _44254_/X
 _44255_/X
 _44256_/X
 _44257_/Y
 _44258_/X
 _44259_/Y
 _44260_/X
 _44261_/X
 _44262_/Y
 _44263_/X
 _44264_/X
 _44265_/X
 _44266_/Y
 _44267_/Y
 _44268_/Y
 _44269_/X
 _44270_/Y
 _44271_/Y
 _44272_/Y
 _44273_/X
 _44274_/Y
 _44275_/X
 _44276_/X
 _44277_/X
 _44278_/X
 _44279_/Y
 _44280_/X
 _44281_/Y
 _44282_/Y
 _44283_/X
 _44284_/X
 _44285_/X
 _44286_/X
 _44287_/X
 _44288_/X
 _44289_/Y
 _44290_/Y
 _44291_/X
 _44292_/X
 _44293_/X
 _44294_/Y
 _44295_/X
 _44296_/X
 _44297_/Y
 _44298_/Y
 _44299_/X
 _44300_/X
 _44301_/X
 _44302_/X
 _44303_/X
 _44304_/X
 _44305_/Y
 _44306_/X
 _44307_/Y
 _44308_/Y
 _44309_/Y
 _44310_/Y
 _44311_/X
 _44312_/X
 _44313_/Y
 _44314_/Y
 _44315_/Y
 _44316_/Y
 _44317_/Y
 _44318_/X
 _44319_/X
 _44320_/X
 _44321_/Y
 _44322_/X
 _44323_/Y
 _44324_/X
 _44325_/X
 _44326_/X
 _44327_/Y
 _44328_/Y
 _44329_/Y
 _44330_/X
 _44331_/Y
 _44332_/Y
 _44333_/Y
 _44334_/Y
 _44335_/X
 _44336_/X
 _44337_/X
 _44338_/X
 _44339_/Y
 _44340_/Y
 _44341_/X
 _44342_/Y
 _44343_/Y
 _44344_/X
 _44345_/X
 _44346_/X
 _44347_/Y
 _44348_/X
 _44349_/Y
 _44350_/Y
 _44351_/X
 _44352_/Y
 _44353_/X
 _44354_/Y
 _44355_/Y
 _44356_/X
 _44357_/Y
 _44358_/X
 _44359_/Y
 _44360_/Y
 _44361_/X
 _44362_/X
 _44363_/X
 _44364_/X
 _44365_/X
 _44366_/Y
 _44367_/X
 _44368_/Y
 _44369_/Y
 _44370_/Y
 _44371_/Y
 _44372_/X
 _44373_/Y
 _44374_/X
 _44375_/Y
 _44376_/Y
 _44377_/X
 _44378_/Y
 _44379_/X
 _44380_/Y
 _44381_/Y
 _44382_/X
 _44383_/X
 _44384_/Y
 _44385_/X
 _44386_/Y
 _44387_/X
 _44388_/Y
 _44389_/X
 _44390_/X
 _44391_/Y
 _44392_/X
 _44393_/X
 _44394_/X
 _44395_/Y
 _44396_/X
 _44397_/Y
 _44398_/X
 _44399_/Y
 _44400_/Y
 _44401_/X
 _44402_/X
 _44403_/Y
 _44404_/Y
 _44405_/X
 _44406_/X
 _44407_/X
 _44408_/Y
 _44409_/X
 _44410_/X
 _44411_/Y
 _44412_/X
 _44413_/X
 _44414_/Y
 _44415_/X
 _44416_/X
 _44417_/X
 _44418_/X
 _44419_/Y
 _44420_/X
 _44421_/Y
 _44422_/Y
 _44423_/X
 _44424_/Y
 _44425_/Y
 _44426_/X
 _44427_/X
 _44428_/Y
 _44429_/X
 _44430_/X
 _44431_/X
 _44432_/Y
 _44433_/X
 _44434_/X
 _44435_/X
 _44436_/X
 _44437_/X
 _44438_/X
 _44439_/X
 _44440_/Y
 _44441_/X
 _44442_/X
 _44443_/X
 _44444_/X
 _44445_/Y
 _44446_/X
 _44447_/X
 _44448_/Y
 _44449_/X
 _44450_/X
 _44451_/Y
 _44452_/Y
 _44453_/Y
 _44454_/Y
 _44455_/X
 _44456_/Y
 _44457_/Y
 _44458_/Y
 _44459_/Y
 _44460_/Y
 _44461_/X
 _44462_/Y
 _44463_/X
 _44464_/X
 _44465_/X
 _44466_/X
 _44467_/X
 _44468_/Y
 _44469_/X
 _44470_/X
 _44471_/X
 _44472_/X
 _44473_/Y
 _44474_/X
 _44475_/X
 _44476_/Y
 _44477_/X
 _44478_/Y
 _44479_/X
 _44480_/Y
 _44481_/X
 _44482_/Y
 _44483_/X
 _44484_/Y
 _44485_/X
 _44486_/X
 _44487_/X
 _44488_/X
 _44489_/Y
 _44490_/Y
 _44491_/Y
 _44492_/Y
 _44493_/Y
 _44494_/X
 _44495_/Y
 _44496_/Y
 _44497_/Y
 _44498_/X
 _44499_/Y
 _44500_/Y
 _44501_/Y
 _44502_/X
 _44503_/Y
 _44504_/Y
 _44505_/X
 _44506_/X
 _44507_/Y
 _44508_/Y
 _44509_/X
 _44510_/Y
 _44511_/X
 _44512_/Y
 _44513_/Y
 _44514_/Y
 _44515_/Y
 _44516_/X
 _44517_/X
 _44518_/X
 _44519_/Y
 _44520_/X
 _44521_/Y
 _44522_/X
 _44523_/X
 _44524_/Y
 _44525_/X
 _44526_/Y
 _44527_/X
 _44528_/Y
 _44529_/X
 _44530_/Y
 _44531_/X
 _44532_/Y
 _44533_/X
 _44534_/Y
 _44535_/X
 _44536_/X
 _44537_/X
 _44538_/X
 _44539_/X
 _44540_/Y
 _44541_/Y
 _44542_/Y
 _44543_/X
 _44544_/Y
 _44545_/X
 _44546_/Y
 _44547_/X
 _44548_/Y
 _44549_/X
 _44550_/Y
 _44551_/X
 _44552_/Y
 _44553_/Y
 _44554_/Y
 _44555_/Y
 _44556_/X
 _44557_/Y
 _44558_/Y
 _44559_/X
 _44560_/X
 _44561_/Y
 _44562_/X
 _44563_/Y
 _44564_/X
 _44565_/X
 _44566_/X
 _44567_/Y
 _44568_/Y
 _44569_/Y
 _44570_/Y
 _44571_/X
 _44572_/X
 _44573_/X
 _44574_/Y
 _44575_/X
 _44576_/Y
 _44577_/X
 _44578_/X
 _44579_/X
 _44580_/X
 _44581_/X
 _44582_/Y
 _44583_/X
 _44584_/X
 _44585_/X
 _44586_/X
 _44587_/X
 _44588_/X
 _44589_/Y
 _44590_/X
 _44591_/X
 _44592_/Y
 _44593_/X
 _44594_/X
 _44595_/Y
 _44596_/Y
 _44597_/Y
 _44598_/Y
 _44599_/Y
 _44600_/X
 _44601_/Y
 _44602_/Y
 _44603_/Y
 _44604_/Y
 _44605_/Y
 _44606_/Y
 _44607_/X
 _44608_/Y
 _44609_/X
 _44610_/X
 _44611_/X
 _44612_/X
 _44613_/X
 _44614_/Y
 _44615_/Y
 _44616_/X
 _44617_/X
 _44618_/Y
 _44619_/X
 _44620_/X
 _44621_/Y
 _44622_/Y
 _44623_/X
 _44624_/X
 _44625_/X
 _44626_/X
 _44627_/X
 _44628_/Y
 _44629_/X
 _44630_/X
 _44631_/X
 _44632_/Y
 _44633_/Y
 _44634_/Y
 _44635_/X
 _44636_/Y
 _44637_/X
 _44638_/X
 _44639_/X
 _44640_/Y
 _44641_/X
 _44642_/Y
 _44643_/Y
 _44644_/Y
 _44645_/X
 _44646_/Y
 _44647_/X
 _44648_/X
 _44649_/Y
 _44650_/Y
 _44651_/Y
 _44652_/X
 _44653_/Y
 _44654_/X
 _44655_/Y
 _44656_/X
 _44657_/Y
 _44658_/X
 _44659_/Y
 _44660_/X
 _44661_/Y
 _44662_/X
 _44663_/X
 _44664_/X
 _44665_/X
 _44666_/Y
 _44667_/X
 _44668_/Y
 _44669_/X
 _44670_/X
 _44671_/X
 _44672_/X
 _44673_/X
 _44674_/X
 _44675_/X
 _44676_/X
 _44677_/X
 _44678_/Y
 _44679_/X
 _44680_/Y
 _44681_/X
 _44682_/Y
 _44683_/X
 _44684_/X
 _44685_/Y
 _44686_/Y
 _44687_/X
 _44688_/Y
 _44689_/X
 _44690_/Y
 _44691_/X
 _44692_/Y
 _44693_/Y
 _44694_/X
 _44695_/Y
 _44696_/X
 _44697_/Y
 _44698_/X
 _44699_/X
 _44700_/Y
 _44701_/X
 _44702_/X
 _44703_/Y
 _44704_/X
 _44705_/X
 _44706_/Y
 _44707_/Y
 _44708_/X
 _44709_/Y
 _44710_/Y
 _44711_/Y
 _44712_/X
 _44713_/X
 _44714_/Y
 _44715_/Y
 _44716_/Y
 _44717_/Y
 _44718_/Y
 _44719_/Y
 _44720_/X
 _44721_/X
 _44722_/X
 _44723_/Y
 _44724_/X
 _44725_/Y
 _44726_/X
 _44727_/X
 _44728_/X
 _44729_/X
 _44730_/X
 _44731_/Y
 _44732_/X
 _44733_/X
 _44734_/X
 _44735_/X
 _44736_/X
 _44737_/X
 _44738_/Y
 _44739_/X
 _44740_/Y
 _44741_/Y
 _44742_/Y
 _44743_/Y
 _44744_/X
 _44745_/X
 _44746_/Y
 _44747_/X
 _44748_/X
 _44749_/Y
 _44750_/X
 _44751_/Y
 _44752_/Y
 _44753_/Y
 _44754_/Y
 _44755_/Y
 _44756_/X
 _44757_/Y
 _44758_/X
 _44759_/X
 _44760_/X
 _44761_/X
 _44762_/X
 _44763_/Y
 _44764_/Y
 _44765_/X
 _44766_/X
 _44767_/X
 _44768_/Y
 _44769_/X
 _44770_/X
 _44771_/Y
 _44772_/Y
 _44773_/X
 _44774_/X
 _44775_/X
 _44776_/X
 _44777_/X
 _44778_/Y
 _44779_/X
 _44780_/X
 _44781_/X
 _44782_/Y
 _44783_/Y
 _44784_/Y
 _44785_/X
 _44786_/Y
 _44787_/X
 _44788_/X
 _44789_/X
 _44790_/Y
 _44791_/X
 _44792_/Y
 _44793_/Y
 _44794_/Y
 _44795_/X
 _44796_/Y
 _44797_/X
 _44798_/X
 _44799_/Y
 _44800_/Y
 _44801_/Y
 _44802_/X
 _44803_/Y
 _44804_/X
 _44805_/Y
 _44806_/X
 _44807_/Y
 _44808_/X
 _44809_/Y
 _44810_/Y
 _44811_/Y
 _44812_/X
 _44813_/Y
 _44814_/Y
 _44815_/Y
 _44816_/Y
 _44817_/Y
 _44818_/Y
 _44819_/Y
 _44820_/X
 _44821_/Y
 _44822_/Y
 _44823_/Y
 _44824_/X
 _44825_/Y
 _44826_/Y
 _44827_/X
 _44828_/Y
 _44829_/X
 _44830_/Y
 _44831_/Y
 _44832_/Y
 _44833_/X
 _44834_/Y
 _44835_/Y
 _44836_/X
 _44837_/Y
 _44838_/X
 _44839_/X
 _44840_/Y
 _44841_/Y
 _44842_/Y
 _44843_/X
 _44844_/Y
 _44845_/Y
 _44846_/X
 _44847_/Y
 _44848_/Y
 _44849_/Y
 _44850_/Y
 _44851_/X
 _44852_/X
 _44853_/X
 _44854_/Y
 _44855_/Y
 _44856_/X
 _44857_/Y
 _44858_/Y
 _44859_/Y
 _44860_/X
 _44861_/Y
 _44862_/Y
 _44863_/Y
 _44864_/X
 _44865_/X
 _44866_/X
 _44867_/Y
 _44868_/X
 _44869_/Y
 _44870_/X
 _44871_/X
 _44872_/X
 _44873_/X
 _44874_/X
 _44875_/X
 _44876_/X
 _44877_/X
 _44878_/X
 _44879_/Y
 _44880_/X
 _44881_/X
 _44882_/X
 _44883_/X
 _44884_/X
 _44885_/X
 _44886_/Y
 _44887_/X
 _44888_/Y
 _44889_/Y
 _44890_/Y
 _44891_/Y
 _44892_/X
 _44893_/X
 _44894_/Y
 _44895_/X
 _44896_/X
 _44897_/Y
 _44898_/X
 _44899_/Y
 _44900_/Y
 _44901_/Y
 _44902_/Y
 _44903_/Y
 _44904_/X
 _44905_/X
 _44906_/Y
 _44907_/X
 _44908_/X
 _44909_/X
 _44910_/X
 _44911_/X
 _44912_/Y
 _44913_/Y
 _44914_/X
 _44915_/X
 _44916_/X
 _44917_/Y
 _44918_/X
 _44919_/X
 _44920_/Y
 _44921_/Y
 _44922_/X
 _44923_/X
 _44924_/X
 _44925_/X
 _44926_/X
 _44927_/Y
 _44928_/X
 _44929_/X
 _44930_/X
 _44931_/Y
 _44932_/Y
 _44933_/Y
 _44934_/X
 _44935_/Y
 _44936_/X
 _44937_/X
 _44938_/X
 _44939_/Y
 _44940_/X
 _44941_/Y
 _44942_/Y
 _44943_/Y
 _44944_/X
 _44945_/Y
 _44946_/X
 _44947_/X
 _44948_/Y
 _44949_/Y
 _44950_/Y
 _44951_/X
 _44952_/Y
 _44953_/X
 _44954_/Y
 _44955_/X
 _44956_/Y
 _44957_/X
 _44958_/X
 _44959_/X
 _44960_/Y
 _44961_/X
 _44962_/Y
 _44963_/X
 _44964_/X
 _44965_/X
 _44966_/X
 _44967_/X
 _44968_/X
 _44969_/X
 _44970_/X
 _44971_/X
 _44972_/X
 _44973_/X
 _44974_/X
 _44975_/X
 _44976_/X
 _44977_/X
 _44978_/X
 _44979_/X
 _44980_/Y
 _44981_/X
 _44982_/X
 _44983_/X
 _44984_/Y
 _44985_/Y
 _44986_/Y
 _44987_/Y
 _44988_/X
 _44989_/Y
 _44990_/X
 _44991_/X
 _44992_/Y
 _44993_/X
 _44994_/Y
 _44995_/Y
 _44996_/X
 _44997_/Y
 _44998_/X
 _44999_/Y
 _45000_/X
 _45001_/X
 _45002_/X
 _45003_/Y
 _45004_/Y
 _45005_/X
 _45006_/X
 _45007_/Y
 _45008_/X
 _45009_/X
 _45010_/Y
 _45011_/Y
 _45012_/Y
 _45013_/X
 _45014_/Y
 _45015_/X
 _45016_/X
 _45017_/X
 _45018_/Y
 _45019_/X
 _45020_/X
 _45021_/Y
 _45022_/Y
 _45023_/X
 _45024_/Y
 _45025_/Y
 _45026_/Y
 _45027_/Y
 _45028_/X
 _45029_/Y
 _45030_/Y
 _45031_/Y
 _45032_/Y
 _45033_/Y
 _45034_/X
 _45035_/Y
 _45036_/X
 _45037_/X
 _45038_/X
 _45039_/Y
 _45040_/Y
 _45041_/Y
 _45042_/X
 _45043_/X
 _45044_/X
 _45045_/X
 _45046_/X
 _45047_/Y
 _45048_/X
 _45049_/Y
 _45050_/Y
 _45051_/Y
 _45052_/X
 _45053_/Y
 _45054_/X
 _45055_/X
 _45056_/X
 _45057_/Y
 _45058_/X
 _45059_/Y
 _45060_/Y
 _45061_/X
 _45062_/Y
 _45063_/X
 _45064_/Y
 _45065_/X
 _45066_/X
 _45067_/X
 _45068_/X
 _45069_/Y
 _45070_/Y
 _45071_/X
 _45072_/Y
 _45073_/X
 _45074_/Y
 _45075_/Y
 _45076_/X
 _45077_/Y
 _45078_/Y
 _45079_/Y
 _45080_/X
 _45081_/X
 _45082_/Y
 _45083_/Y
 _45084_/Y
 _45085_/X
 _45086_/X
 _45087_/X
 _45088_/Y
 _45089_/Y
 _45090_/Y
 _45091_/X
 _45092_/X
 _45093_/X
 _45094_/X
 _45095_/Y
 _45096_/X
 _45097_/X
 _45098_/X
 _45099_/X
 _45100_/Y
 _45101_/X
 _45102_/X
 _45103_/Y
 _45104_/X
 _45105_/X
 _45106_/X
 _45107_/X
 _45108_/X
 _45109_/X
 _45110_/X
 _45111_/Y
 _45112_/X
 _45113_/Y
 _45114_/X
 _45115_/Y
 _45116_/Y
 _45117_/Y
 _45118_/Y
 _45119_/Y
 _45120_/X
 _45121_/Y
 _45122_/Y
 _45123_/X
 _45124_/X
 _45125_/X
 _45126_/Y
 _45127_/Y
 _45128_/Y
 _45129_/X
 _45130_/Y
 _45131_/Y
 _45132_/Y
 _45133_/X
 _45134_/X
 _45135_/X
 _45136_/X
 _45137_/X
 _45138_/Y
 _45139_/X
 _45140_/X
 _45141_/X
 _45142_/X
 _45143_/X
 _45144_/X
 _45145_/Y
 _45146_/X
 _45147_/Y
 _45148_/Y
 _45149_/Y
 _45150_/Y
 _45151_/X
 _45152_/Y
 _45153_/X
 _45154_/X
 _45155_/Y
 _45156_/X
 _45157_/Y
 _45158_/Y
 _45159_/Y
 _45160_/X
 _45161_/Y
 _45162_/Y
 _45163_/X
 _45164_/X
 _45165_/X
 _45166_/X
 _45167_/X
 _45168_/X
 _45169_/Y
 _45170_/Y
 _45171_/X
 _45172_/X
 _45173_/X
 _45174_/Y
 _45175_/X
 _45176_/Y
 _45177_/Y
 _45178_/X
 _45179_/X
 _45180_/X
 _45181_/Y
 _45182_/X
 _45183_/X
 _45184_/X
 _45185_/X
 _45186_/X
 _45187_/X
 _45188_/Y
 _45189_/X
 _45190_/Y
 _45191_/Y
 _45192_/X
 _45193_/X
 _45194_/X
 _45195_/X
 _45196_/Y
 _45197_/Y
 _45198_/Y
 _45199_/Y
 _45200_/X
 _45201_/X
 _45202_/Y
 _45203_/X
 _45204_/Y
 _45205_/Y
 _45206_/Y
 _45207_/X
 _45208_/Y
 _45209_/X
 _45210_/Y
 _45211_/X
 _45212_/Y
 _45213_/X
 _45214_/Y
 _45215_/Y
 _45216_/X
 _45217_/Y
 _45218_/Y
 _45219_/X
 _45220_/X
 _45221_/X
 _45222_/X
 _45223_/X
 _45224_/Y
 _45225_/X
 _45226_/Y
 _45227_/X
 _45228_/Y
 _45229_/X
 _45230_/X
 _45231_/Y
 _45232_/Y
 _45233_/Y
 _45234_/Y
 _45235_/X
 _45236_/Y
 _45237_/X
 _45238_/X
 _45239_/Y
 _45240_/X
 _45241_/Y
 _45242_/Y
 _45243_/X
 _45244_/Y
 _45245_/Y
 _45246_/X
 _45247_/Y
 _45248_/X
 _45249_/X
 _45250_/X
 _45251_/Y
 _45252_/Y
 _45253_/X
 _45254_/Y
 _45255_/Y
 _45256_/X
 _45257_/X
 _45258_/X
 _45259_/Y
 _45260_/Y
 _45261_/X
 _45262_/Y
 _45263_/X
 _45264_/Y
 _45265_/X
 _45266_/X
 _45267_/X
 _45268_/X
 _45269_/X
 _45270_/X
 _45271_/Y
 _45272_/Y
 _45273_/Y
 _45274_/X
 _45275_/Y
 _45276_/Y
 _45277_/Y
 _45278_/Y
 _45279_/Y
 _45280_/X
 _45281_/Y
 _45282_/X
 _45283_/X
 _45284_/X
 _45285_/X
 _45286_/Y
 _45287_/X
 _45288_/Y
 _45289_/Y
 _45290_/X
 _45291_/X
 _45292_/X
 _45293_/X
 _45294_/Y
 _45295_/Y
 _45296_/Y
 _45297_/X
 _45298_/Y
 _45299_/X
 _45300_/X
 _45301_/Y
 _45302_/Y
 _45303_/X
 _45304_/X
 _45305_/Y
 _45306_/Y
 _45307_/X
 _45308_/Y
 _45309_/Y
 _45310_/Y
 _45311_/X
 _45312_/X
 _45313_/X
 _45314_/X
 _45315_/X
 _45316_/X
 _45317_/Y
 _45318_/X
 _45319_/X
 _45320_/X
 _45321_/X
 _45322_/Y
 _45323_/X
 _45324_/Y
 _45325_/Y
 _45326_/Y
 _45327_/X
 _45328_/Y
 _45329_/X
 _45330_/X
 _45331_/X
 _45332_/X
 _45333_/Y
 _45334_/Y
 _45335_/X
 _45336_/X
 _45337_/X
 _45338_/Y
 _45339_/X
 _45340_/Y
 _45341_/X
 _45342_/Y
 _45343_/Y
 _45344_/X
 _45345_/Y
 _45346_/Y
 _45347_/Y
 _45348_/Y
 _45349_/X
 _45350_/X
 _45351_/X
 _45352_/Y
 _45353_/X
 _45354_/X
 _45355_/X
 _45356_/X
 _45357_/X
 _45358_/Y
 _45359_/Y
 _45360_/Y
 _45361_/Y
 _45362_/X
 _45363_/X
 _45364_/Y
 _45365_/X
 _45366_/X
 _45367_/Y
 _45368_/Y
 _45369_/Y
 _45370_/X
 _45371_/X
 _45372_/Y
 _45373_/Y
 _45374_/Y
 _45375_/X
 _45376_/X
 _45377_/X
 _45378_/X
 _45379_/X
 _45380_/Y
 _45381_/Y
 _45382_/Y
 _45383_/X
 _45384_/Y
 _45385_/Y
 _45386_/Y
 _45387_/Y
 _45388_/Y
 _45389_/X
 _45390_/X
 _45391_/X
 _45392_/X
 _45393_/Y
 _45394_/X
 _45395_/Y
 _45396_/Y
 _45397_/X
 _45398_/X
 _45399_/X
 _45400_/X
 _45401_/Y
 _45402_/Y
 _45403_/X
 _45404_/Y
 _45405_/Y
 _45406_/X
 _45407_/Y
 _45408_/X
 _45409_/X
 _45410_/X
 _45411_/X
 _45412_/X
 _45413_/X
 _45414_/Y
 _45415_/Y
 _45416_/X
 _45417_/Y
 _45418_/X
 _45419_/Y
 _45420_/X
 _45421_/X
 _45422_/Y
 _45423_/X
 _45424_/X
 _45425_/Y
 _45426_/Y
 _45427_/Y
 _45428_/Y
 _45429_/X
 _45430_/Y
 _45431_/X
 _45432_/Y
 _45433_/X
 _45434_/X
 _45435_/X
 _45436_/X
 _45437_/Y
 _45438_/X
 _45439_/X
 _45440_/X
 _45441_/X
 _45442_/Y
 _45443_/X
 _45444_/X
 _45445_/Y
 _45446_/Y
 _45447_/Y
 _45448_/X
 _45449_/Y
 _45450_/X
 _45451_/Y
 _45452_/X
 _45453_/X
 _45454_/Y
 _45455_/X
 _45456_/Y
 _45457_/X
 _45458_/X
 _45459_/X
 _45460_/X
 _45461_/X
 _45462_/Y
 _45463_/X
 _45464_/Y
 _45465_/X
 _45466_/X
 _45467_/X
 _45468_/X
 _45469_/Y
 _45470_/Y
 _45471_/X
 _45472_/Y
 _45473_/X
 _45474_/Y
 _45475_/Y
 _45476_/X
 _45477_/X
 _45478_/X
 _45479_/X
 _45480_/Y
 _45481_/Y
 _45482_/X
 _45483_/Y
 _45484_/Y
 _45485_/X
 _45486_/X
 _45487_/X
 _45488_/Y
 _45489_/Y
 _45490_/X
 _45491_/Y
 _45492_/X
 _45493_/Y
 _45494_/X
 _45495_/X
 _45496_/X
 _45497_/X
 _45498_/X
 _45499_/Y
 _45500_/Y
 _45501_/Y
 _45502_/X
 _45503_/Y
 _45504_/Y
 _45505_/Y
 _45506_/Y
 _45507_/Y
 _45508_/Y
 _45509_/Y
 _45510_/X
 _45511_/X
 _45512_/X
 _45513_/X
 _45514_/Y
 _45515_/X
 _45516_/Y
 _45517_/Y
 _45518_/X
 _45519_/X
 _45520_/X
 _45521_/X
 _45522_/Y
 _45523_/Y
 _45524_/Y
 _45525_/X
 _45526_/Y
 _45527_/X
 _45528_/Y
 _45529_/X
 _45530_/X
 _45531_/Y
 _45532_/X
 _45533_/X
 _45534_/X
 _45535_/X
 _45536_/Y
 _45537_/Y
 _45538_/Y
 _45539_/Y
 _45540_/X
 _45541_/Y
 _45542_/X
 _45543_/Y
 _45544_/Y
 _45545_/Y
 _45546_/X
 _45547_/Y
 _45548_/X
 _45549_/X
 _45550_/Y
 _45551_/X
 _45552_/Y
 _45553_/X
 _45554_/Y
 _45555_/Y
 _45556_/Y
 _45557_/X
 _45558_/Y
 _45559_/X
 _45560_/X
 _45561_/X
 _45562_/X
 _45563_/X
 _45564_/X
 _45565_/Y
 _45566_/Y
 _45567_/Y
 _45568_/Y
 _45569_/X
 _45570_/X
 _45571_/X
 _45572_/Y
 _45573_/X
 _45574_/X
 _45575_/Y
 _45576_/X
 _45577_/X
 _45578_/X
 _45579_/Y
 _45580_/Y
 _45581_/X
 _45582_/Y
 _45583_/Y
 _45584_/Y
 _45585_/X
 _45586_/X
 _45587_/Y
 _45588_/X
 _45589_/Y
 _45590_/X
 _45591_/Y
 _45592_/X
 _45593_/X
 _45594_/X
 _45595_/Y
 _45596_/Y
 _45597_/X
 _45598_/Y
 _45599_/X
 _45600_/Y
 _45601_/X
 _45602_/X
 _45603_/X
 _45604_/X
 _45605_/X
 _45606_/Y
 _45607_/Y
 _45608_/Y
 _45609_/X
 _45610_/Y
 _45611_/Y
 _45612_/Y
 _45613_/Y
 _45614_/X
 _45615_/Y
 _45616_/Y
 _45617_/Y
 _45618_/X
 _45619_/X
 _45620_/X
 _45621_/X
 _45622_/X
 _45623_/X
 _45624_/X
 _45625_/X
 _45626_/Y
 _45627_/X
 _45628_/Y
 _45629_/X
 _45630_/X
 _45631_/Y
 _45632_/X
 _45633_/Y
 _45634_/Y
 _45635_/Y
 _45636_/X
 _45637_/X
 _45638_/Y
 _45639_/Y
 _45640_/Y
 _45641_/X
 _45642_/X
 _45643_/X
 _45644_/X
 _45645_/X
 _45646_/X
 _45647_/Y
 _45648_/X
 _45649_/X
 _45650_/Y
 _45651_/Y
 _45652_/Y
 _45653_/Y
 _45654_/Y
 _45655_/Y
 _45656_/X
 _45657_/Y
 _45658_/Y
 _45659_/X
 _45660_/X
 _45661_/Y
 _45662_/Y
 _45663_/X
 _45664_/X
 _45665_/Y
 _45666_/Y
 _45667_/X
 _45668_/X
 _45669_/Y
 _45670_/Y
 _45671_/Y
 _45672_/Y
 _45673_/X
 _45674_/Y
 _45675_/Y
 _45676_/X
 _45677_/Y
 _45678_/X
 _45679_/Y
 _45680_/X
 _45681_/Y
 _45682_/X
 _45683_/X
 _45684_/X
 _45685_/Y
 _45686_/Y
 _45687_/Y
 _45688_/Y
 _45689_/X
 _45690_/X
 _45691_/X
 _45692_/X
 _45693_/Y
 _45694_/Y
 _45695_/X
 _45696_/Y
 _45697_/X
 _45698_/Y
 _45699_/X
 _45700_/Y
 _45701_/X
 _45702_/Y
 _45703_/X
 _45704_/Y
 _45705_/Y
 _45706_/Y
 _45707_/Y
 _45708_/X
 _45709_/Y
 _45710_/Y
 _45711_/Y
 _45712_/X
 _45713_/X
 _45714_/X
 _45715_/X
 _45716_/X
 _45717_/X
 _45718_/Y
 _45719_/X
 _45720_/Y
 _45721_/X
 _45722_/X
 _45723_/X
 _45724_/Y
 _45725_/Y
 _45726_/Y
 _45727_/X
 _45728_/Y
 _45729_/Y
 _45730_/X
 _45731_/Y
 _45732_/X
 _45733_/Y
 _45734_/Y
 _45735_/X
 _45736_/Y
 _45737_/Y
 _45738_/Y
 _45739_/Y
 _45740_/X
 _45741_/X
 _45742_/X
 _45743_/Y
 _45744_/X
 _45745_/X
 _45746_/Y
 _45747_/X
 _45748_/Y
 _45749_/Y
 _45750_/X
 _45751_/X
 _45752_/X
 _45753_/X
 _45754_/X
 _45755_/X
 _45756_/X
 _45757_/X
 _45758_/X
 _45759_/Y
 _45760_/X
 _45761_/X
 _45762_/Y
 _45763_/Y
 _45764_/X
 _45765_/Y
 _45766_/Y
 _45767_/X
 _45768_/X
 _45769_/Y
 _45770_/Y
 _45771_/Y
 _45772_/X
 _45773_/Y
 _45774_/X
 _45775_/Y
 _45776_/X
 _45777_/Y
 _45778_/X
 _45779_/Y
 _45780_/Y
 _45781_/X
 _45782_/X
 _45783_/X
 _45784_/X
 _45785_/Y
 _45786_/X
 _45787_/Y
 _45788_/X
 _45789_/Y
 _45790_/Y
 _45791_/X
 _45792_/Y
 _45793_/X
 _45794_/Y
 _45795_/X
 _45796_/Y
 _45797_/X
 _45798_/X
 _45799_/X
 _45800_/Y
 _45801_/Y
 _45802_/Y
 _45803_/Y
 _45804_/X
 _45805_/X
 _45806_/Y
 _45807_/Y
 _45808_/X
 _45809_/Y
 _45810_/Y
 _45811_/Y
 _45812_/X
 _45813_/X
 _45814_/X
 _45815_/Y
 _45816_/X
 _45817_/X
 _45818_/Y
 _45819_/X
 _45820_/X
 _45821_/X
 _45822_/Y
 _45823_/Y
 _45824_/Y
 _45825_/X
 _45826_/X
 _45827_/Y
 _45828_/X
 _45829_/X
 _45830_/Y
 _45831_/Y
 _45832_/X
 _45833_/X
 _45834_/Y
 _45835_/Y
 _45836_/Y
 _45837_/Y
 _45838_/X
 _45839_/Y
 _45840_/X
 _45841_/Y
 _45842_/X
 _45843_/X
 _45844_/X
 _45845_/Y
 _45846_/Y
 _45847_/X
 _45848_/Y
 _45849_/Y
 _45850_/Y
 _45851_/X
 _45852_/Y
 _45853_/X
 _45854_/Y
 _45855_/Y
 _45856_/X
 _45857_/X
 _45858_/X
 _45859_/X
 _45860_/X
 _45861_/X
 _45862_/X
 _45863_/Y
 _45864_/X
 _45865_/Y
 _45866_/Y
 _45867_/X
 _45868_/Y
 _45869_/X
 _45870_/X
 _45871_/X
 _45872_/X
 _45873_/Y
 _45874_/X
 _45875_/X
 _45876_/Y
 _45877_/Y
 _45878_/X
 _45879_/X
 _45880_/X
 _45881_/X
 _45882_/X
 _45883_/X
 _45884_/X
 _45885_/Y
 _45886_/Y
 _45887_/X
 _45888_/X
 _45889_/Y
 _45890_/Y
 _45891_/Y
 _45892_/Y
 _45893_/Y
 _45894_/X
 _45895_/Y
 _45896_/Y
 _45897_/X
 _45898_/Y
 _45899_/Y
 _45900_/Y
 _45901_/X
 _45902_/X
 _45903_/X
 _45904_/Y
 _45905_/X
 _45906_/X
 _45907_/Y
 _45908_/X
 _45909_/X
 _45910_/X
 _45911_/Y
 _45912_/X
 _45913_/Y
 _45914_/Y
 _45915_/X
 _45916_/Y
 _45917_/X
 _45918_/X
 _45919_/Y
 _45920_/Y
 _45921_/Y
 _45922_/X
 _45923_/Y
 _45924_/X
 _45925_/Y
 _45926_/Y
 _45927_/X
 _45928_/X
 _45929_/Y
 _45930_/X
 _45931_/X
 _45932_/Y
 _45933_/Y
 _45934_/Y
 _45935_/Y
 _45936_/Y
 _45937_/Y
 _45938_/Y
 _45939_/X
 _45940_/X
 _45941_/Y
 _45942_/X
 _45943_/X
 _45944_/X
 _45945_/Y
 _45946_/X
 _45947_/X
 _45948_/X
 _45949_/Y
 _45950_/Y
 _45951_/X
 _45952_/Y
 _45953_/X
 _45954_/Y
 _45955_/X
 _45956_/X
 _45957_/X
 _45958_/X
 _45959_/X
 _45960_/Y
 _45961_/X
 _45962_/X
 _45963_/X
 _45964_/Y
 _45965_/Y
 _45966_/X
 _45967_/Y
 _45968_/Y
 _45969_/X
 _45970_/Y
 _45971_/Y
 _45972_/X
 _45973_/Y
 _45974_/Y
 _45975_/Y
 _45976_/X
 _45977_/X
 _45978_/X
 _45979_/Y
 _45980_/X
 _45981_/X
 _45982_/Y
 _45983_/X
 _45984_/X
 _45985_/Y
 _45986_/Y
 _45987_/Y
 _45988_/X
 _45989_/Y
 _45990_/X
 _45991_/Y
 _45992_/X
 _45993_/X
 _45994_/X
 _45995_/X
 _45996_/Y
 _45997_/Y
 _45998_/X
 _45999_/Y
 _46000_/X
 _46001_/Y
 _46002_/Y
 _46003_/X
 _46004_/X
 _46005_/X
 _46006_/X
 _46007_/X
 _46008_/Y
 _46009_/X
 _46010_/X
 _46011_/X
 _46012_/X
 _46013_/X
 _46014_/Y
 _46015_/Y
 _46016_/Y
 _46017_/Y
 _46018_/X
 _46019_/X
 _46020_/Y
 _46021_/Y
 _46022_/Y
 _46023_/X
 _46024_/X
 _46025_/X
 _46026_/Y
 _46027_/Y
 _46028_/X
 _46029_/Y
 _46030_/X
 _46031_/Y
 _46032_/Y
 _46033_/X
 _46034_/Y
 _46035_/X
 _46036_/Y
 _46037_/X
 _46038_/X
 _46039_/X
 _46040_/X
 _46041_/X
 _46042_/X
 _46043_/Y
 _46044_/X
 _46045_/Y
 _46046_/Y
 _46047_/X
 _46048_/Y
 _46049_/X
 _46050_/Y
 _46051_/Y
 _46052_/X
 _46053_/Y
 _46054_/Y
 _46055_/Y
 _46056_/Y
 _46057_/X
 _46058_/X
 _46059_/X
 _46060_/Y
 _46061_/X
 _46062_/X
 _46063_/Y
 _46064_/X
 _46065_/X
 _46066_/X
 _46067_/X
 _46068_/Y
 _46069_/Y
 _46070_/Y
 _46071_/X
 _46072_/X
 _46073_/X
 _46074_/X
 _46075_/X
 _46076_/X
 _46077_/X
 _46078_/X
 _46079_/X
 _46080_/Y
 _46081_/X
 _46082_/X
 _46083_/X
 _46084_/X
 _46085_/Y
 _46086_/Y
 _46087_/Y
 _46088_/X
 _46089_/X
 _46090_/X
 _46091_/Y
 _46092_/X
 _46093_/Y
 _46094_/Y
 _46095_/X
 _46096_/X
 _46097_/X
 _46098_/X
 _46099_/Y
 _46100_/Y
 _46101_/X
 _46102_/Y
 _46103_/Y
 _46104_/X
 _46105_/Y
 _46106_/X
 _46107_/X
 _46108_/Y
 _46109_/X
 _46110_/Y
 _46111_/Y
 _46112_/Y
 _46113_/X
 _46114_/X
 _46115_/Y
 _46116_/Y
 _46117_/X
 _46118_/X
 _46119_/X
 _46120_/Y
 _46121_/Y
 _46122_/Y
 _46123_/X
 _46124_/X
 _46125_/X
 _46126_/Y
 _46127_/X
 _46128_/X
 _46129_/Y
 _46130_/X
 _46131_/X
 _46132_/Y
 _46133_/X
 _46134_/X
 _46135_/X
 _46136_/Y
 _46137_/Y
 _46138_/Y
 _46139_/Y
 _46140_/X
 _46141_/Y
 _46142_/X
 _46143_/Y
 _46144_/X
 _46145_/X
 _46146_/Y
 _46147_/X
 _46148_/X
 _46149_/Y
 _46150_/Y
 _46151_/Y
 _46152_/Y
 _46153_/X
 _46154_/Y
 _46155_/X
 _46156_/X
 _46157_/Y
 _46158_/Y
 _46159_/X
 _46160_/Y
 _46161_/Y
 _46162_/Y
 _46163_/X
 _46164_/X
 _46165_/X
 _46166_/X
 _46167_/Y
 _46168_/Y
 _46169_/Y
 _46170_/X
 _46171_/X
 _46172_/X
 _46173_/X
 _46174_/X
 _46175_/Y
 _46176_/Y
 _46177_/Y
 _46178_/X
 _46179_/X
 _46180_/Y
 _46181_/Y
 _46182_/Y
 _46183_/X
 _46184_/Y
 _46185_/X
 _46186_/Y
 _46187_/X
 _46188_/X
 _46189_/X
 _46190_/Y
 _46191_/X
 _46192_/X
 _46193_/Y
 _46194_/X
 _46195_/X
 _46196_/Y
 _46197_/X
 _46198_/X
 _46199_/X
 _46200_/X
 _46201_/X
 _46202_/X
 _46203_/Y
 _46204_/X
 _46205_/X
 _46206_/X
 _46207_/X
 _46208_/X
 _46209_/X
 _46210_/Y
 _46211_/Y
 _46212_/Y
 _46213_/X
 _46214_/X
 _46215_/X
 _46216_/Y
 _46217_/Y
 _46218_/Y
 _46219_/Y
 _46220_/X
 _46221_/X
 _46222_/X
 _46223_/X
 _46224_/Y
 _46225_/Y
 _46226_/Y
 _46227_/Y
 _46228_/Y
 _46229_/X
 _46230_/X
 _46231_/X
 _46232_/Y
 _46233_/X
 _46234_/X
 _46235_/Y
 _46236_/Y
 _46237_/Y
 _46238_/Y
 _46239_/X
 _46240_/X
 _46241_/Y
 _46242_/X
 _46243_/X
 _46244_/Y
 _46245_/Y
 _46246_/X
 _46247_/X
 _46248_/Y
 _46249_/Y
 _46250_/Y
 _46251_/X
 _46252_/X
 _46253_/Y
 _46254_/Y
 _46255_/Y
 _46256_/Y
 _46257_/Y
 _46258_/X
 _46259_/X
 _46260_/X
 _46261_/Y
 _46262_/X
 _46263_/X
 _46264_/Y
 _46265_/Y
 _46266_/X
 _46267_/Y
 _46268_/Y
 _46269_/Y
 _46270_/X
 _46271_/X
 _46272_/Y
 _46273_/X
 _46274_/X
 _46275_/X
 _46276_/X
 _46277_/X
 _46278_/Y
 _46279_/Y
 _46280_/Y
 _46281_/Y
 _46282_/X
 _46283_/Y
 _46284_/Y
 _46285_/X
 _46286_/X
 _46287_/X
 _46288_/X
 _46289_/Y
 _46290_/Y
 _46291_/Y
 _46292_/X
 _46293_/X
 _46294_/Y
 _46295_/Y
 _46296_/Y
 _46297_/X
 _46298_/Y
 _46299_/X
 _46300_/Y
 _46301_/X
 _46302_/Y
 _46303_/Y
 _46304_/Y
 _46305_/Y
 _46306_/Y
 _46307_/X
 _46308_/Y
 _46309_/Y
 _46310_/Y
 _46311_/Y
 _46312_/X
 _46313_/X
 _46314_/Y
 _46315_/X
 _46316_/Y
 _46317_/Y
 _46318_/Y
 _46319_/Y
 _46320_/X
 _46321_/X
 _46322_/X
 _46323_/Y
 _46324_/X
 _46325_/X
 _46326_/Y
 _46327_/Y
 _46328_/X
 _46329_/Y
 _46330_/Y
 _46331_/Y
 _46332_/X
 _46333_/X
 _46334_/Y
 _46335_/X
 _46336_/X
 _46337_/Y
 _46338_/Y
 _46339_/Y
 _46340_/Y
 _46341_/X
 _46342_/Y
 _46343_/Y
 _46344_/Y
 _46345_/X
 _46346_/X
 _46347_/Y
 _46348_/X
 _46349_/Y
 _46350_/Y
 _46351_/Y
 _46352_/Y
 _46353_/X
 _46354_/Y
 _46355_/X
 _46356_/X
 _46357_/Y
 _46358_/Y
 _46359_/Y
 _46360_/X
 _46361_/Y
 _46362_/X
 _46363_/X
 _46364_/Y
 _46365_/Y
 _46366_/Y
 _46367_/X
 _46368_/X
 _46369_/X
 _46370_/Y
 _46371_/X
 _46372_/Y
 _46373_/X
 _46374_/X
 _46375_/X
 _46376_/Y
 _46377_/X
 _46378_/X
 _46379_/Y
 _46380_/X
 _46381_/X
 _46382_/Y
 _46383_/X
 _46384_/Y
 _46385_/Y
 _46386_/Y
 _46387_/X
 _46388_/X
 _46389_/X
 _46390_/Y
 _46391_/Y
 _46392_/X
 _46393_/Y
 _46394_/X
 _46395_/Y
 _46396_/Y
 _46397_/X
 _46398_/X
 _46399_/X
 _46400_/Y
 _46401_/X
 _46402_/Y
 _46403_/Y
 _46404_/X
 _46405_/Y
 _46406_/Y
 _46407_/X
 _46408_/Y
 _46409_/Y
 _46410_/Y
 _46411_/Y
 _46412_/X
 _46413_/X
 _46414_/X
 _46415_/Y
 _46416_/X
 _46417_/X
 _46418_/Y
 _46419_/X
 _46420_/X
 _46421_/X
 _46422_/X
 _46423_/X
 _46424_/Y
 _46425_/X
 _46426_/Y
 _46427_/Y
 _46428_/X
 _46429_/Y
 _46430_/X
 _46431_/Y
 _46432_/X
 _46433_/X
 _46434_/X
 _46435_/X
 _46436_/X
 _46437_/X
 _46438_/Y
 _46439_/Y
 _46440_/X
 _46441_/Y
 _46442_/Y
 _46443_/X
 _46444_/X
 _46445_/Y
 _46446_/Y
 _46447_/X
 _46448_/X
 _46449_/Y
 _46450_/X
 _46451_/Y
 _46452_/X
 _46453_/X
 _46454_/Y
 _46455_/Y
 _46456_/X
 _46457_/X
 _46458_/X
 _46459_/X
 _46460_/X
 _46461_/Y
 _46462_/X
 _46463_/X
 _46464_/X
 _46465_/X
 _46466_/X
 _46467_/Y
 _46468_/X
 _46469_/X
 _46470_/Y
 _46471_/X
 _46472_/X
 _46473_/Y
 _46474_/Y
 _46475_/Y
 _46476_/Y
 _46477_/X
 _46478_/Y
 _46479_/X
 _46480_/Y
 _46481_/X
 _46482_/Y
 _46483_/Y
 _46484_/X
 _46485_/Y
 _46486_/X
 _46487_/Y
 _46488_/Y
 _46489_/X
 _46490_/Y
 _46491_/X
 _46492_/Y
 _46493_/X
 _46494_/X
 _46495_/X
 _46496_/X
 _46497_/X
 _46498_/Y
 _46499_/Y
 _46500_/X
 _46501_/Y
 _46502_/X
 _46503_/Y
 _46504_/X
 _46505_/Y
 _46506_/Y
 _46507_/X
 _46508_/Y
 _46509_/X
 _46510_/Y
 _46511_/X
 _46512_/X
 _46513_/X
 _46514_/X
 _46515_/X
 _46516_/Y
 _46517_/X
 _46518_/Y
 _46519_/Y
 _46520_/Y
 _46521_/Y
 _46522_/X
 _46523_/X
 _46524_/X
 _46525_/X
 _46526_/Y
 _46527_/X
 _46528_/Y
 _46529_/X
 _46530_/X
 _46531_/X
 _46532_/X
 _46533_/Y
 _46534_/X
 _46535_/X
 _46536_/X
 _46537_/Y
 _46538_/X
 _46539_/Y
 _46540_/Y
 _46541_/X
 _46542_/X
 _46543_/Y
 _46544_/Y
 _46545_/Y
 _46546_/X
 _46547_/X
 _46548_/Y
 _46549_/X
 _46550_/X
 _46551_/X
 _46552_/X
 _46553_/X
 _46554_/Y
 _46555_/X
 _46556_/X
 _46557_/Y
 _46558_/X
 _46559_/X
 _46560_/Y
 _46561_/X
 _46562_/X
 _46563_/Y
 _46564_/Y
 _46565_/Y
 _46566_/X
 _46567_/X
 _46568_/Y
 _46569_/X
 _46570_/Y
 _46571_/X
 _46572_/X
 _46573_/Y
 _46574_/X
 _46575_/X
 _46576_/Y
 _46577_/Y
 _46578_/X
 _46579_/X
 _46580_/Y
 _46581_/X
 _46582_/Y
 _46583_/Y
 _46584_/X
 _46585_/X
 _46586_/X
 _46587_/Y
 _46588_/Y
 _46589_/X
 _46590_/Y
 _46591_/Y
 _46592_/Y
 _46593_/Y
 _46594_/X
 _46595_/X
 _46596_/Y
 _46597_/X
 _46598_/Y
 _46599_/X
 _46600_/Y
 _46601_/X
 _46602_/X
 _46603_/Y
 _46604_/Y
 _46605_/Y
 _46606_/Y
 _46607_/Y
 _46608_/X
 _46609_/Y
 _46610_/X
 _46611_/Y
 _46612_/Y
 _46613_/Y
 _46614_/X
 _46615_/Y
 _46616_/Y
 _46617_/X
 _46618_/Y
 _46619_/Y
 _46620_/Y
 _46621_/X
 _46622_/Y
 _46623_/X
 _46624_/Y
 _46625_/Y
 _46626_/X
 _46627_/Y
 _46628_/Y
 _46629_/Y
 _46630_/X
 _46631_/Y
 _46632_/X
 _46633_/X
 _46634_/Y
 _46635_/X
 _46636_/X
 _46637_/X
 _46638_/Y
 _46639_/Y
 _46640_/X
 _46641_/X
 _46642_/X
 _46643_/Y
 _46644_/Y
 _46645_/X
 _46646_/Y
 _46647_/X
 _46648_/X
 _46649_/Y
 _46650_/X
 _46651_/X
 _46652_/Y
 _46653_/Y
 _46654_/X
 _46655_/X
 _46656_/X
 _46657_/X
 _46658_/X
 _46659_/Y
 _46660_/Y
 _46661_/X
 _46662_/Y
 _46663_/X
 _46664_/Y
 _46665_/Y
 _46666_/X
 _46667_/X
 _46668_/X
 _46669_/Y
 _46670_/X
 _46671_/Y
 _46672_/X
 _46673_/Y
 _46674_/X
 _46675_/Y
 _46676_/Y
 _46677_/Y
 _46678_/Y
 _46679_/Y
 _46680_/Y
 _46681_/Y
 _46682_/X
 _46683_/X
 _46684_/Y
 _46685_/Y
 _46686_/X
 _46687_/Y
 _46688_/X
 _46689_/X
 _46690_/Y
 _46691_/X
 _46692_/X
 _46693_/Y
 _46694_/Y
 _46695_/Y
 _46696_/X
 _46697_/X
 _46698_/Y
 _46699_/X
 _46700_/X
 _46701_/X
 _46702_/Y
 _46703_/X
 _46704_/Y
 _46705_/Y
 _46706_/Y
 _46707_/Y
 _46708_/Y
 _46709_/X
 _46710_/X
 _46711_/X
 _46712_/Y
 _46713_/X
 _46714_/Y
 _46715_/Y
 _46716_/X
 _46717_/X
 _46718_/X
 _46719_/Y
 _46720_/X
 _46721_/Y
 _46722_/Y
 _46723_/Y
 _46724_/X
 _46725_/Y
 _46726_/Y
 _46727_/X
 _46728_/Y
 _46729_/Y
 _46730_/Y
 _46731_/X
 _46732_/X
 _46733_/X
 _46734_/X
 _46735_/X
 _46736_/Y
 _46737_/Y
 _46738_/X
 _46739_/X
 _46740_/Y
 _46741_/Y
 _46742_/X
 _46743_/X
 _46744_/Y
 _46745_/Y
 _46746_/X
 _46747_/X
 _46748_/Y
 _46749_/Y
 _46750_/Y
 _46751_/Y
 _46752_/X
 _46753_/Y
 _46754_/Y
 _46755_/Y
 _46756_/Y
 _46757_/X
 _46758_/X
 _46759_/X
 _46760_/X
 _46761_/X
 _46762_/Y
 _46763_/Y
 _46764_/X
 _46765_/Y
 _46766_/Y
 _46767_/Y
 _46768_/Y
 _46769_/Y
 _46770_/Y
 _46771_/X
 _46772_/Y
 _46773_/X
 _46774_/Y
 _46775_/Y
 _46776_/Y
 _46777_/Y
 _46778_/X
 _46779_/Y
 _46780_/Y
 _46781_/Y
 _46782_/Y
 _46783_/X
 _46784_/X
 _46785_/Y
 _46786_/X
 _46787_/X
 _46788_/X
 _46789_/Y
 _46790_/Y
 _46791_/Y
 _46792_/X
 _46793_/X
 _46794_/Y
 _46795_/Y
 _46796_/Y
 _46797_/X
 _46798_/X
 _46799_/Y
 _46800_/X
 _46801_/X
 _46802_/Y
 _46803_/X
 _46804_/Y
 _46805_/Y
 _46806_/X
 _46807_/X
 _46808_/X
 _46809_/Y
 _46810_/Y
 _46811_/X
 _46812_/Y
 _46813_/Y
 _46814_/Y
 _46815_/X
 _46816_/X
 _46817_/X
 _46818_/Y
 _46819_/Y
 _46820_/Y
 _46821_/Y
 _46822_/Y
 _46823_/Y
 _46824_/Y
 _46825_/Y
 _46826_/X
 _46827_/X
 _46828_/Y
 _46829_/Y
 _46830_/Y
 _46831_/X
 _46832_/Y
 _46833_/Y
 _46834_/X
 _46835_/X
 _46836_/X
 _46837_/X
 _46838_/Y
 _46839_/X
 _46840_/X
 _46841_/X
 _46842_/Y
 _46843_/X
 _46844_/Y
 _46845_/X
 _46846_/X
 _46847_/Y
 _46848_/X
 _46849_/X
 _46850_/Y
 _46851_/Y
 _46852_/Y
 _46853_/Y
 _46854_/Y
 _46855_/X
 _46856_/X
 _46857_/Y
 _46858_/Y
 _46859_/X
 _46860_/Y
 _46861_/X
 _46862_/Y
 _46863_/Y
 _46864_/X
 _46865_/X
 _46866_/Y
 _46867_/Y
 _46868_/X
 _46869_/Y
 _46870_/X
 _46871_/X
 _46872_/Y
 _46873_/Y
 _46874_/Y
 _46875_/X
 _46876_/Y
 _46877_/Y
 _46878_/X
 _46879_/Y
 _46880_/Y
 _46881_/X
 _46882_/Y
 _46883_/Y
 _46884_/X
 _46885_/Y
 _46886_/Y
 _46887_/X
 _46888_/X
 _46889_/Y
 _46890_/Y
 _46891_/X
 _46892_/X
 _46893_/X
 _46894_/X
 _46895_/Y
 _46896_/X
 _46897_/Y
 _46898_/X
 _46899_/Y
 _46900_/X
 _46901_/X
 _46902_/Y
 _46903_/X
 _46904_/Y
 _46905_/X
 _46906_/Y
 _46907_/X
 _46908_/X
 _46909_/X
 _46910_/X
 _46911_/X
 _46912_/Y
 _46913_/Y
 _46914_/Y
 _46915_/X
 _46916_/Y
 _46917_/Y
 _46918_/Y
 _46919_/Y
 _46920_/X
 _46921_/Y
 _46922_/Y
 _46923_/X
 _46924_/X
 _46925_/X
 _46926_/X
 _46927_/Y
 _46928_/X
 _46929_/X
 _46930_/Y
 _46931_/Y
 _46932_/Y
 _46933_/Y
 _46934_/X
 _46935_/Y
 _46936_/Y
 _46937_/Y
 _46938_/Y
 _46939_/Y
 _46940_/Y
 _46941_/Y
 _46942_/X
 _46943_/Y
 _46944_/X
 _46945_/Y
 _46946_/X
 _46947_/Y
 _46948_/Y
 _46949_/X
 _46950_/Y
 _46951_/X
 _46952_/X
 _46953_/X
 _46954_/X
 _46955_/Y
 _46956_/Y
 _46957_/X
 _46958_/Y
 _46959_/Y
 _46960_/X
 _46961_/X
 _46962_/Y
 _46963_/Y
 _46964_/X
 _46965_/X
 _46966_/X
 _46967_/Y
 _46968_/X
 _46969_/Y
 _46970_/Y
 _46971_/X
 _46972_/X
 _46973_/Y
 _46974_/X
 _46975_/X
 _46976_/X
 _46977_/Y
 _46978_/Y
 _46979_/Y
 _46980_/Y
 _46981_/X
 _46982_/Y
 _46983_/Y
 _46984_/Y
 _46985_/Y
 _46986_/X
 _46987_/Y
 _46988_/Y
 _46989_/X
 _46990_/Y
 _46991_/Y
 _46992_/X
 _46993_/Y
 _46994_/Y
 _46995_/Y
 _46996_/X
 _46997_/Y
 _46998_/Y
 _46999_/Y
 _47000_/Y
 _47001_/Y
 _47002_/X
 _47003_/Y
 _47004_/X
 _47005_/Y
 _47006_/Y
 _47007_/Y
 _47008_/Y
 _47009_/Y
 _47010_/X
 _47011_/X
 _47012_/Y
 _47013_/Y
 _47014_/Y
 _47015_/Y
 _47016_/Y
 _47017_/Y
 _47018_/Y
 _47019_/X
 _47020_/Y
 _47021_/Y
 _47022_/Y
 _47023_/Y
 _47024_/X
 _47025_/Y
 _47026_/Y
 _47027_/X
 _47028_/Y
 _47029_/Y
 _47030_/X
 _47031_/Y
 _47032_/X
 _47033_/X
 _47034_/Y
 _47035_/Y
 _47036_/X
 _47037_/X
 _47038_/Y
 _47039_/X
 _47040_/Y
 _47041_/Y
 _47042_/Y
 _47043_/X
 _47044_/Y
 _47045_/X
 _47046_/Y
 _47047_/Y
 _47048_/X
 _47049_/Y
 _47050_/Y
 _47051_/Y
 _47052_/Y
 _47053_/Y
 _47054_/X
 _47055_/X
 _47056_/X
 _47057_/Y
 _47058_/X
 _47059_/X
 _47060_/X
 _47061_/X
 _47062_/X
 _47063_/X
 _47064_/Y
 _47065_/X
 _47066_/X
 _47067_/X
 _47068_/X
 _47069_/X
 _47070_/X
 _47071_/X
 _47072_/Y
 _47073_/X
 _47074_/Y
 _47075_/Y
 _47076_/X
 _47077_/Y
 _47078_/Y
 _47079_/X
 _47080_/Y
 _47081_/Y
 _47082_/X
 _47083_/Y
 _47084_/X
 _47085_/Y
 _47086_/Y
 _47087_/Y
 _47088_/Y
 _47089_/Y
 _47090_/Y
 _47091_/X
 _47092_/Y
 _47093_/X
 _47094_/X
 _47095_/Y
 _47096_/Y
 _47097_/Y
 _47098_/Y
 _47099_/X
 _47100_/Y
 _47101_/X
 _47102_/X
 _47103_/X
 _47104_/Y
 _47105_/Y
 _47106_/X
 _47107_/Y
 _47108_/Y
 _47109_/Y
 _47110_/Y
 _47111_/Y
 _47112_/Y
 _47113_/X
 _47114_/X
 _47115_/Y
 _47116_/X
 _47117_/Y
 _47118_/X
 _47119_/Y
 _47120_/Y
 _47121_/Y
 _47122_/X
 _47123_/Y
 _47124_/X
 _47125_/X
 _47126_/Y
 _47127_/Y
 _47128_/X
 _47129_/Y
 _47130_/Y
 _47131_/X
 _47132_/X
 _47133_/Y
 _47134_/Y
 _47135_/Y
 _47136_/X
 _47137_/X
 _47138_/Y
 _47139_/Y
 _47140_/X
 _47141_/Y
 _47142_/X
 _47143_/X
 _47144_/Y
 _47145_/Y
 _47146_/X
 _47147_/Y
 _47148_/Y
 _47149_/Y
 _47150_/X
 _47151_/Y
 _47152_/X
 _47153_/Y
 _47154_/Y
 _47155_/X
 _47156_/X
 _47157_/Y
 _47158_/X
 _47159_/Y
 _47160_/X
 _47161_/Y
 _47162_/Y
 _47163_/X
 _47164_/Y
 _47165_/Y
 _47166_/Y
 _47167_/Y
 _47168_/X
 _47169_/X
 _47170_/Y
 _47171_/X
 _47172_/Y
 _47173_/Y
 _47174_/X
 _47175_/Y
 _47176_/X
 _47177_/Y
 _47178_/Y
 _47179_/Y
 _47180_/Y
 _47181_/Y
 _47182_/Y
 _47183_/Y
 _47184_/Y
 _47185_/X
 _47186_/X
 _47187_/X
 _47188_/Y
 _47189_/Y
 _47190_/Y
 _47191_/X
 _47192_/X
 _47193_/Y
 _47194_/X
 _47195_/Y
 _47196_/Y
 _47197_/Y
 _47198_/Y
 _47199_/Y
 _47200_/Y
 _47201_/X
 _47202_/X
 _47203_/Y
 _47204_/X
 _47205_/X
 _47206_/X
 _47207_/X
 _47208_/X
 _47209_/Y
 _47210_/X
 _47211_/X
 _47212_/Y
 _47213_/Y
 _47214_/X
 _47215_/X
 _47216_/Y
 _47217_/X
 _47218_/Y
 _47219_/X
 _47220_/Y
 _47221_/Y
 _47222_/X
 _47223_/Y
 _47224_/Y
 _47225_/X
 _47226_/Y
 _47227_/X
 _47228_/Y
 _47229_/Y
 _47230_/X
 _47231_/X
 _47232_/Y
 _47233_/Y
 _47234_/Y
 _47235_/Y
 _47236_/X
 _47237_/X
 _47238_/Y
 _47239_/X
 _47240_/X
 _47241_/X
 _47242_/Y
 _47243_/X
 _47244_/X
 _47245_/Y
 _47246_/X
 _47247_/X
 _47248_/X
 _47249_/Y
 _47250_/Y
 _47251_/Y
 _47252_/Y
 _47253_/X
 _47254_/Y
 _47255_/Y
 _47256_/X
 _47257_/Y
 _47258_/Y
 _47259_/Y
 _47260_/Y
 _47261_/X
 _47262_/X
 _47263_/X
 _47264_/X
 _47265_/X
 _47266_/X
 _47267_/Y
 _47268_/Y
 _47269_/Y
 _47270_/X
 _47271_/X
 _47272_/X
 _47273_/Y
 _47274_/X
 _47275_/X
 _47276_/X
 _47277_/Y
 _47278_/X
 _47279_/X
 _47280_/Y
 _47281_/Y
 _47282_/X
 _47283_/X
 _47284_/Y
 _47285_/X
 _47286_/X
 _47287_/Y
 _47288_/Y
 _47289_/Y
 _47290_/X
 _47291_/Y
 _47292_/X
 _47293_/Y
 _47294_/X
 _47295_/Y
 _47296_/X
 _47297_/Y
 _47298_/Y
 _47299_/X
 _47300_/X
 _47301_/Y
 _47302_/X
 _47303_/Y
 _47304_/X
 _47305_/Y
 _47306_/Y
 _47307_/Y
 _47308_/Y
 _47309_/X
 _47310_/Y
 _47311_/X
 _47312_/Y
 _47313_/X
 _47314_/Y
 _47315_/X
 _47316_/Y
 _47317_/X
 _47318_/Y
 _47319_/X
 _47320_/X
 _47321_/X
 _47322_/Y
 _47323_/X
 _47324_/Y
 _47325_/X
 _47326_/X
 _47327_/Y
 _47328_/X
 _47329_/Y
 _47330_/Y
 _47331_/X
 _47332_/Y
 _47333_/X
 _47334_/X
 _47335_/Y
 _47336_/Y
 _47337_/X
 _47338_/Y
 _47339_/Y
 _47340_/X
 _47341_/Y
 _47342_/Y
 _47343_/X
 _47344_/X
 _47345_/X
 _47346_/Y
 _47347_/X
 _47348_/Y
 _47349_/X
 _47350_/Y
 _47351_/X
 _47352_/Y
 _47353_/X
 _47354_/X
 _47355_/Y
 _47356_/X
 _47357_/Y
 _47358_/Y
 _47359_/X
 _47360_/X
 _47361_/Y
 _47362_/X
 _47363_/Y
 _47364_/Y
 _47365_/X
 _47366_/X
 _47367_/Y
 _47368_/Y
 _47369_/X
 _47370_/X
 _47371_/X
 _47372_/X
 _47373_/X
 _47374_/X
 _47375_/Y
 _47376_/X
 _47377_/X
 _47378_/X
 _47379_/Y
 _47380_/X
 _47381_/X
 _47382_/Y
 _47383_/X
 _47384_/Y
 _47385_/Y
 _47386_/X
 _47387_/X
 _47388_/Y
 _47389_/X
 _47390_/Y
 _47391_/X
 _47392_/Y
 _47393_/X
 _47394_/Y
 _47395_/Y
 _47396_/Y
 _47397_/X
 _47398_/X
 _47399_/Y
 _47400_/X
 _47401_/X
 _47402_/Y
 _47403_/X
 _47404_/Y
 _47405_/Y
 _47406_/Y
 _47407_/Y
 _47408_/Y
 _47409_/X
 _47410_/Y
 _47411_/Y
 _47412_/Y
 _47413_/X
 _47414_/Y
 _47415_/X
 _47416_/Y
 _47417_/X
 _47418_/Y
 _47419_/X
 _47420_/X
 _47421_/X
 _47422_/Y
 _47423_/Y
 _47424_/X
 _47425_/X
 _47426_/Y
 _47427_/X
 _47428_/X
 _47429_/X
 _47430_/Y
 _47431_/Y
 _47432_/Y
 _47433_/X
 _47434_/X
 _47435_/X
 _47436_/Y
 _47437_/X
 _47438_/Y
 _47439_/Y
 _47440_/Y
 _47441_/X
 _47442_/Y
 _47443_/Y
 _47444_/X
 _47445_/X
 _47446_/Y
 _47447_/Y
 _47448_/X
 _47449_/X
 _47450_/Y
 _47451_/Y
 _47452_/Y
 _47453_/Y
 _47454_/X
 _47455_/Y
 _47456_/X
 _47457_/Y
 _47458_/X
 _47459_/X
 _47460_/X
 _47461_/Y
 _47462_/X
 _47463_/X
 _47464_/X
 _47465_/Y
 _47466_/X
 _47467_/X
 _47468_/Y
 _47469_/Y
 _47470_/X
 _47471_/Y
 _47472_/Y
 _47473_/Y
 _47474_/Y
 _47475_/Y
 _47476_/X
 _47477_/Y
 _47478_/Y
 _47479_/X
 _47480_/Y
 _47481_/Y
 _47482_/X
 _47483_/Y
 _47484_/Y
 _47485_/Y
 _47486_/Y
 _47487_/Y
 _47488_/Y
 _47489_/Y
 _47490_/X
 _47491_/X
 _47492_/X
 _47493_/X
 _47494_/Y
 _47495_/Y
 _47496_/X
 _47497_/X
 _47498_/Y
 _47499_/X
 _47500_/Y
 _47501_/Y
 _47502_/X
 _47503_/Y
 _47504_/X
 _47505_/Y
 _47506_/X
 _47507_/Y
 _47508_/Y
 _47509_/Y
 _47510_/Y
 _47511_/X
 _47512_/Y
 _47513_/Y
 _47514_/X
 _47515_/Y
 _47516_/X
 _47517_/X
 _47518_/X
 _47519_/X
 _47520_/X
 _47521_/X
 _47522_/Y
 _47523_/X
 _47524_/X
 _47525_/Y
 _47526_/Y
 _47527_/X
 _47528_/X
 _47529_/Y
 _47530_/Y
 _47531_/Y
 _47532_/X
 _47533_/Y
 _47534_/Y
 _47535_/X
 _47536_/Y
 _47537_/Y
 _47538_/Y
 _47539_/X
 _47540_/Y
 _47541_/Y
 _47542_/Y
 _47543_/X
 _47544_/X
 _47545_/Y
 _47546_/X
 _47547_/Y
 _47548_/X
 _47549_/Y
 _47550_/Y
 _47551_/Y
 _47552_/X
 _47553_/X
 _47554_/X
 _47555_/Y
 _47556_/Y
 _47557_/Y
 _47558_/Y
 _47559_/X
 _47560_/X
 _47561_/X
 _47562_/Y
 _47563_/X
 _47564_/X
 _47565_/X
 _47566_/Y
 _47567_/Y
 _47568_/Y
 _47569_/Y
 _47570_/Y
 _47571_/Y
 _47572_/X
 _47573_/Y
 _47574_/Y
 _47575_/Y
 _47576_/X
 _47577_/Y
 _47578_/Y
 _47579_/Y
 _47580_/X
 _47581_/X
 _47582_/Y
 _47583_/Y
 _47584_/X
 _47585_/Y
 _47586_/Y
 _47587_/Y
 _47588_/X
 _47589_/X
 _47590_/Y
 _47591_/X
 _47592_/Y
 _47593_/X
 _47594_/Y
 _47595_/X
 _47596_/Y
 _47597_/X
 _47598_/Y
 _47599_/X
 _47600_/X
 _47601_/Y
 _47602_/Y
 _47603_/X
 _47604_/X
 _47605_/Y
 _47606_/X
 _47607_/Y
 _47608_/Y
 _47609_/Y
 _47610_/Y
 _47611_/X
 _47612_/Y
 _47613_/X
 _47614_/X
 _47615_/Y
 _47616_/Y
 _47617_/Y
 _47618_/X
 _47619_/X
 _47620_/Y
 _47621_/Y
 _47622_/X
 _47623_/Y
 _47624_/Y
 _47625_/Y
 _47626_/X
 _47627_/Y
 _47628_/X
 _47629_/Y
 _47630_/X
 _47631_/X
 _47632_/Y
 _47633_/X
 _47634_/Y
 _47635_/X
 _47636_/X
 _47637_/Y
 _47638_/Y
 _47639_/X
 _47640_/Y
 _47641_/X
 _47642_/X
 _47643_/X
 _47644_/X
 _47645_/Y
 _47646_/Y
 _47647_/X
 _47648_/Y
 _47649_/X
 _47650_/Y
 _47651_/X
 _47652_/X
 _47653_/X
 _47654_/Y
 _47655_/X
 _47656_/X
 _47657_/X
 _47658_/X
 _47659_/X
 _47660_/Y
 _47661_/Y
 _47662_/Y
 _47663_/Y
 _47664_/X
 _47665_/Y
 _47666_/Y
 _47667_/Y
 _47668_/X
 _47669_/Y
 _47670_/Y
 _47671_/X
 _47672_/X
 _47673_/X
 _47674_/X
 _47675_/Y
 _47676_/X
 _47677_/Y
 _47678_/Y
 _47679_/Y
 _47680_/Y
 _47681_/X
 _47682_/X
 _47683_/Y
 _47684_/Y
 _47685_/Y
 _47686_/Y
 _47687_/Y
 _47688_/X
 _47689_/X
 _47690_/X
 _47691_/Y
 _47692_/Y
 _47693_/X
 _47694_/X
 _47695_/X
 _47696_/Y
 _47697_/X
 _47698_/Y
 _47699_/Y
 _47700_/Y
 _47701_/Y
 _47702_/X
 _47703_/X
 _47704_/X
 _47705_/Y
 _47706_/Y
 _47707_/X
 _47708_/Y
 _47709_/X
 _47710_/Y
 _47711_/Y
 _47712_/X
 _47713_/Y
 _47714_/X
 _47715_/X
 _47716_/Y
 _47717_/Y
 _47718_/Y
 _47719_/X
 _47720_/Y
 _47721_/Y
 _47722_/Y
 _47723_/Y
 _47724_/Y
 _47725_/X
 _47726_/Y
 _47727_/X
 _47728_/Y
 _47729_/X
 _47730_/Y
 _47731_/Y
 _47732_/X
 _47733_/Y
 _47734_/X
 _47735_/Y
 _47736_/Y
 _47737_/Y
 _47738_/Y
 _47739_/Y
 _47740_/Y
 _47741_/X
 _47742_/X
 _47743_/X
 _47744_/X
 _47745_/Y
 _47746_/X
 _47747_/Y
 _47748_/X
 _47749_/Y
 _47750_/X
 _47751_/X
 _47752_/Y
 _47753_/Y
 _47754_/X
 _47755_/Y
 _47756_/Y
 _47757_/X
 _47758_/Y
 _47759_/Y
 _47760_/X
 _47761_/Y
 _47762_/X
 _47763_/X
 _47764_/Y
 _47765_/X
 _47766_/X
 _47767_/Y
 _47768_/X
 _47769_/Y
 _47770_/X
 _47771_/Y
 _47772_/X
 _47773_/Y
 _47774_/X
 _47775_/X
 _47776_/Y
 _47777_/Y
 _47778_/X
 _47779_/Y
 _47780_/X
 _47781_/Y
 _47782_/Y
 _47783_/X
 _47784_/Y
 _47785_/X
 _47786_/X
 _47787_/Y
 _47788_/Y
 _47789_/Y
 _47790_/X
 _47791_/X
 _47792_/X
 _47793_/Y
 _47794_/X
 _47795_/Y
 _47796_/X
 _47797_/Y
 _47798_/Y
 _47799_/X
 _47800_/Y
 _47801_/X
 _47802_/Y
 _47803_/X
 _47804_/X
 _47805_/X
 _47806_/Y
 _47807_/X
 _47808_/Y
 _47809_/X
 _47810_/X
 _47811_/Y
 _47812_/X
 _47813_/X
 _47814_/X
 _47815_/X
 _47816_/Y
 _47817_/X
 _47818_/X
 _47819_/Y
 _47820_/X
 _47821_/Y
 _47822_/Y
 _47823_/Y
 _47824_/X
 _47825_/X
 _47826_/Y
 _47827_/X
 _47828_/X
 _47829_/Y
 _47830_/X
 _47831_/X
 _47832_/X
 _47833_/X
 _47834_/Y
 _47835_/X
 _47836_/X
 _47837_/Y
 _47838_/Y
 _47839_/Y
 _47840_/Y
 _47841_/Y
 _47842_/Y
 _47843_/X
 _47844_/X
 _47845_/X
 _47846_/Y
 _47847_/X
 _47848_/Y
 _47849_/X
 _47850_/X
 _47851_/Y
 _47852_/X
 _47853_/Y
 _47854_/X
 _47855_/Y
 _47856_/Y
 _47857_/X
 _47858_/Y
 _47859_/Y
 _47860_/Y
 _47861_/X
 _47862_/Y
 _47863_/X
 _47864_/Y
 _47865_/Y
 _47866_/X
 _47867_/Y
 _47868_/X
 _47869_/X
 _47870_/Y
 _47871_/X
 _47872_/Y
 _47873_/Y
 _47874_/X
 _47875_/X
 _47876_/Y
 _47877_/X
 _47878_/X
 _47879_/Y
 _47880_/X
 _47881_/Y
 _47882_/Y
 _47883_/Y
 _47884_/X
 _47885_/X
 _47886_/Y
 _47887_/Y
 _47888_/Y
 _47889_/Y
 _47890_/X
 _47891_/Y
 _47892_/X
 _47893_/Y
 _47894_/Y
 _47895_/Y
 _47896_/X
 _47897_/X
 _47898_/X
 _47899_/Y
 _47900_/X
 _47901_/X
 _47902_/X
 _47903_/Y
 _47904_/X
 _47905_/Y
 _47906_/X
 _47907_/X
 _47908_/Y
 _47909_/X
 _47910_/X
 _47911_/Y
 _47912_/X
 _47913_/X
 _47914_/Y
 _47915_/X
 _47916_/Y
 _47917_/X
 _47918_/Y
 _47919_/Y
 _47920_/Y
 _47921_/X
 _47922_/Y
 _47923_/X
 _47924_/Y
 _47925_/X
 _47926_/Y
 _47927_/X
 _47928_/Y
 _47929_/X
 _47930_/Y
 _47931_/X
 _47932_/X
 _47933_/X
 _47934_/Y
 _47935_/X
 _47936_/X
 _47937_/Y
 _47938_/Y
 _47939_/Y
 _47940_/X
 _47941_/X
 _47942_/X
 _47943_/X
 _47944_/X
 _47945_/X
 _47946_/X
 _47947_/Y
 _47948_/Y
 _47949_/X
 _47950_/Y
 _47951_/Y
 _47952_/Y
 _47953_/Y
 _47954_/Y
 _47955_/Y
 _47956_/Y
 _47957_/X
 _47958_/Y
 _47959_/Y
 _47960_/X
 _47961_/X
 _47962_/Y
 _47963_/Y
 _47964_/X
 _47965_/X
 _47966_/Y
 _47967_/Y
 _47968_/X
 _47969_/Y
 _47970_/Y
 _47971_/Y
 _47972_/X
 _47973_/Y
 _47974_/X
 _47975_/Y
 _47976_/Y
 _47977_/X
 _47978_/X
 _47979_/Y
 _47980_/X
 _47981_/X
 _47982_/Y
 _47983_/Y
 _47984_/X
 _47985_/X
 _47986_/X
 _47987_/Y
 _47988_/Y
 _47989_/X
 _47990_/Y
 _47991_/Y
 _47992_/Y
 _47993_/X
 _47994_/Y
 _47995_/Y
 _47996_/X
 _47997_/X
 _47998_/X
 _47999_/Y
 _48000_/Y
 _48001_/X
 _48002_/X
 _48003_/Y
 _48004_/Y
 _48005_/Y
 _48006_/X
 _48007_/Y
 _48008_/Y
 _48009_/X
 _48010_/Y
 _48011_/X
 _48012_/X
 _48013_/X
 _48014_/X
 _48015_/Y
 _48016_/X
 _48017_/Y
 _48018_/Y
 _48019_/Y
 _48020_/Y
 _48021_/X
 _48022_/Y
 _48023_/Y
 _48024_/X
 _48025_/X
 _48026_/X
 _48027_/X
 _48028_/X
 _48029_/Y
 _48030_/Y
 _48031_/Y
 _48032_/Y
 _48033_/X
 _48034_/Y
 _48035_/X
 _48036_/Y
 _48037_/Y
 _48038_/Y
 _48039_/Y
 _48040_/Y
 _48041_/X
 _48042_/Y
 _48043_/Y
 _48044_/Y
 _48045_/Y
 _48046_/X
 _48047_/Y
 _48048_/X
 _48049_/X
 _48050_/Y
 _48051_/X
 _48052_/Y
 _48053_/Y
 _48054_/Y
 _48055_/X
 _48056_/X
 _48057_/X
 _48058_/Y
 _48059_/Y
 _48060_/X
 _48061_/X
 _48062_/X
 _48063_/X
 _48064_/Y
 _48065_/X
 _48066_/X
 _48067_/X
 _48068_/X
 _48069_/Y
 _48070_/X
 _48071_/X
 _48072_/Y
 _48073_/X
 _48074_/X
 _48075_/Y
 _48076_/Y
 _48077_/X
 _48078_/Y
 _48079_/X
 _48080_/X
 _48081_/Y
 _48082_/X
 _48083_/X
 _48084_/X
 _48085_/Y
 _48086_/Y
 _48087_/X
 _48088_/Y
 _48089_/X
 _48090_/X
 _48091_/X
 _48092_/X
 _48093_/Y
 _48094_/Y
 _48095_/X
 _48096_/X
 _48097_/X
 _48098_/Y
 _48099_/X
 _48100_/X
 _48101_/Y
 _48102_/Y
 _48103_/Y
 _48104_/Y
 _48105_/X
 _48106_/X
 _48107_/Y
 _48108_/X
 _48109_/Y
 _48110_/X
 _48111_/X
 _48112_/Y
 _48113_/X
 _48114_/X
 _48115_/Y
 _48116_/X
 _48117_/X
 _48118_/Y
 _48119_/X
 _48120_/Y
 _48121_/Y
 _48122_/Y
 _48123_/X
 _48124_/X
 _48125_/Y
 _48126_/X
 _48127_/Y
 _48128_/X
 _48129_/X
 _48130_/X
 _48131_/X
 _48132_/Y
 _48133_/X
 _48134_/X
 _48135_/Y
 _48136_/X
 _48137_/Y
 _48138_/Y
 _48139_/Y
 _48140_/X
 _48141_/Y
 _48142_/Y
 _48143_/Y
 _48144_/X
 _48145_/X
 _48146_/Y
 _48147_/X
 _48148_/X
 _48149_/Y
 _48150_/X
 _48151_/Y
 _48152_/Y
 _48153_/X
 _48154_/Y
 _48155_/X
 _48156_/X
 _48157_/X
 _48158_/Y
 _48159_/Y
 _48160_/X
 _48161_/Y
 _48162_/X
 _48163_/Y
 _48164_/X
 _48165_/X
 _48166_/Y
 _48167_/Y
 _48168_/X
 _48169_/Y
 _48170_/X
 _48171_/X
 _48172_/Y
 _48173_/X
 _48174_/Y
 _48175_/Y
 _48176_/Y
 _48177_/X
 _48178_/X
 _48179_/Y
 _48180_/X
 _48181_/Y
 _48182_/X
 _48183_/Y
 _48184_/X
 _48185_/Y
 _48186_/X
 _48187_/Y
 _48188_/Y
 _48189_/Y
 _48190_/X
 _48191_/X
 _48192_/X
 _48193_/Y
 _48194_/X
 _48195_/Y
 _48196_/Y
 _48197_/X
 _48198_/Y
 _48199_/Y
 _48200_/X
 _48201_/Y
 _48202_/Y
 _48203_/X
 _48204_/X
 _48205_/Y
 _48206_/Y
 _48207_/X
 _48208_/Y
 _48209_/X
 _48210_/Y
 _48211_/Y
 _48212_/X
 _48213_/X
 _48214_/Y
 _48215_/X
 _48216_/Y
 _48217_/Y
 _48218_/Y
 _48219_/Y
 _48220_/Y
 _48221_/X
 _48222_/Y
 _48223_/Y
 _48224_/X
 _48225_/Y
 _48226_/X
 _48227_/X
 _48228_/Y
 _48229_/X
 _48230_/Y
 _48231_/Y
 _48232_/X
 _48233_/X
 _48234_/Y
 _48235_/Y
 _48236_/Y
 _48237_/Y
 _48238_/Y
 _48239_/Y
 _48240_/X
 _48241_/Y
 _48242_/Y
 _48243_/Y
 _48244_/Y
 _48245_/X
 _48246_/X
 _48247_/X
 _48248_/Y
 _48249_/X
 _48250_/Y
 _48251_/X
 _48252_/X
 _48253_/Y
 _48254_/Y
 _48255_/X
 _48256_/Y
 _48257_/Y
 _48258_/X
 _48259_/X
 _48260_/Y
 _48261_/Y
 _48262_/X
 _48263_/Y
 _48264_/Y
 _48265_/Y
 _48266_/X
 _48267_/X
 _48268_/Y
 _48269_/X
 _48270_/X
 _48271_/X
 _48272_/X
 _48273_/Y
 _48274_/X
 _48275_/Y
 _48276_/X
 _48277_/Y
 _48278_/Y
 _48279_/Y
 _48280_/X
 _48281_/Y
 _48282_/X
 _48283_/X
 _48284_/Y
 _48285_/X
 _48286_/X
 _48287_/X
 _48288_/Y
 _48289_/Y
 _48290_/Y
 _48291_/Y
 _48292_/Y
 _48293_/Y
 _48294_/X
 _48295_/Y
 _48296_/X
 _48297_/Y
 _48298_/Y
 _48299_/Y
 _48300_/X
 _48301_/X
 _48302_/X
 _48303_/X
 _48304_/Y
 _48305_/Y
 _48306_/X
 _48307_/X
 _48308_/Y
 _48309_/X
 _48310_/Y
 _48311_/Y
 _48312_/Y
 _48313_/X
 _48314_/Y
 _48315_/X
 _48316_/Y
 _48317_/Y
 _48318_/X
 _48319_/Y
 _48320_/X
 _48321_/Y
 _48322_/X
 _48323_/Y
 _48324_/Y
 _48325_/Y
 _48326_/Y
 _48327_/X
 _48328_/Y
 _48329_/X
 _48330_/Y
 _48331_/Y
 _48332_/Y
 _48333_/X
 _48334_/Y
 _48335_/Y
 _48336_/Y
 _48337_/X
 _48338_/X
 _48339_/Y
 _48340_/X
 _48341_/Y
 _48342_/Y
 _48343_/X
 _48344_/X
 _48345_/X
 _48346_/X
 _48347_/X
 _48348_/X
 _48349_/Y
 _48350_/Y
 _48351_/X
 _48352_/X
 _48353_/X
 _48354_/X
 _48355_/Y
 _48356_/X
 _48357_/X
 _48358_/X
 _48359_/X
 _48360_/Y
 _48361_/Y
 _48362_/X
 _48363_/Y
 _48364_/X
 _48365_/Y
 _48366_/Y
 _48367_/X
 _48368_/X
 _48369_/Y
 _48370_/Y
 _48371_/Y
 _48372_/Y
 _48373_/X
 _48374_/Y
 _48375_/X
 _48376_/Y
 _48377_/Y
 _48378_/X
 _48379_/Y
 _48380_/X
 _48381_/Y
 _48382_/Y
 _48383_/X
 _48384_/X
 _48385_/Y
 _48386_/Y
 _48387_/X
 _48388_/Y
 _48389_/X
 _48390_/X
 _48391_/Y
 _48392_/X
 _48393_/Y
 _48394_/Y
 _48395_/Y
 _48396_/Y
 _48397_/X
 _48398_/X
 _48399_/Y
 _48400_/X
 _48401_/Y
 _48402_/Y
 _48403_/X
 _48404_/X
 _48405_/Y
 _48406_/Y
 _48407_/X
 _48408_/Y
 _48409_/Y
 _48410_/Y
 _48411_/Y
 _48412_/Y
 _48413_/Y
 _48414_/X
 _48415_/Y
 _48416_/Y
 _48417_/Y
 _48418_/X
 _48419_/Y
 _48420_/X
 _48421_/X
 _48422_/Y
 _48423_/Y
 _48424_/X
 _48425_/Y
 _48426_/X
 _48427_/Y
 _48428_/X
 _48429_/X
 _48430_/Y
 _48431_/X
 _48432_/X
 _48433_/X
 _48434_/X
 _48435_/X
 _48436_/Y
 _48437_/X
 _48438_/X
 _48439_/Y
 _48440_/Y
 _48441_/X
 _48442_/Y
 _48443_/X
 _48444_/Y
 _48445_/X
 _48446_/Y
 _48447_/X
 _48448_/Y
 _48449_/Y
 _48450_/Y
 _48451_/X
 _48452_/X
 _48453_/Y
 _48454_/X
 _48455_/Y
 _48456_/X
 _48457_/X
 _48458_/Y
 _48459_/X
 _48460_/Y
 _48461_/Y
 _48462_/X
 _48463_/X
 _48464_/Y
 _48465_/X
 _48466_/X
 _48467_/Y
 _48468_/X
 _48469_/X
 _48470_/X
 _48471_/X
 _48472_/X
 _48473_/X
 _48474_/Y
 _48475_/Y
 _48476_/X
 _48477_/Y
 _48478_/Y
 _48479_/X
 _48480_/Y
 _48481_/Y
 _48482_/X
 _48483_/Y
 _48484_/Y
 _48485_/X
 _48486_/X
 _48487_/X
 _48488_/X
 _48489_/Y
 _48490_/X
 _48491_/X
 _48492_/X
 _48493_/X
 _48494_/Y
 _48495_/X
 _48496_/Y
 _48497_/X
 _48498_/Y
 _48499_/X
 _48500_/Y
 _48501_/Y
 _48502_/Y
 _48503_/Y
 _48504_/Y
 _48505_/X
 _48506_/Y
 _48507_/X
 _48508_/Y
 _48509_/Y
 _48510_/Y
 _48511_/Y
 _48512_/Y
 _48513_/Y
 _48514_/Y
 _48515_/Y
 _48516_/Y
 _48517_/X
 _48518_/Y
 _48519_/Y
 _48520_/X
 _48521_/Y
 _48522_/Y
 _48523_/Y
 _48524_/Y
 _48525_/Y
 _48526_/Y
 _48527_/Y
 _48528_/Y
 _48529_/X
 _48530_/Y
 _48531_/Y
 _48532_/Y
 _48533_/Y
 _48534_/X
 _48535_/Y
 _48536_/X
 _48537_/Y
 _48538_/Y
 _48539_/Y
 _48540_/Y
 _48541_/Y
 _48542_/Y
 _48543_/Y
 _48544_/X
 _48545_/Y
 _48546_/X
 _48547_/X
 _48548_/Y
 _48549_/Y
 _48550_/X
 _48551_/X
 _48552_/X
 _48553_/Y
 _48554_/Y
 _48555_/X
 _48556_/Y
 _48557_/X
 _48558_/Y
 _48559_/Y
 _48560_/Y
 _48561_/Y
 _48562_/Y
 _48563_/Y
 _48564_/Y
 _48565_/X
 _48566_/Y
 _48567_/X
 _48568_/X
 _48569_/X
 _48570_/Y
 _48571_/X
 _48572_/X
 _48573_/Y
 _48574_/Y
 _48575_/Y
 _48576_/X
 _48577_/Y
 _48578_/X
 _48579_/Y
 _48580_/X
 _48581_/Y
 _48582_/Y
 _48583_/X
 _48584_/Y
 _48585_/X
 _48586_/Y
 _48587_/X
 _48588_/Y
 _48589_/Y
 _48590_/Y
 _48591_/X
 _48592_/Y
 _48593_/X
 _48594_/Y
 _48595_/X
 _48596_/Y
 _48597_/Y
 _48598_/Y
 _48599_/Y
 _48600_/X
 _48601_/Y
 _48602_/X
 _48603_/Y
 _48604_/X
 _48605_/Y
 _48606_/X
 _48607_/Y
 _48608_/X
 _48609_/X
 _48610_/Y
 _48611_/X
 _48612_/Y
 _48613_/X
 _48614_/Y
 _48615_/X
 _48616_/Y
 _48617_/Y
 _48618_/X
 _48619_/X
 _48620_/Y
 _48621_/X
 _48622_/X
 _48623_/X
 _48624_/X
 _48625_/Y
 _48626_/X
 _48627_/X
 _48628_/X
 _48629_/Y
 _48630_/X
 _48631_/Y
 _48632_/Y
 _48633_/X
 _48634_/Y
 _48635_/X
 _48636_/Y
 _48637_/Y
 _48638_/Y
 _48639_/X
 _48640_/Y
 _48641_/X
 _48642_/Y
 _48643_/Y
 _48644_/X
 _48645_/Y
 _48646_/Y
 _48647_/X
 _48648_/X
 _48649_/X
 _48650_/X
 _48651_/X
 _48652_/Y
 _48653_/X
 _48654_/Y
 _48655_/Y
 _48656_/Y
 _48657_/Y
 _48658_/X
 _48659_/X
 _48660_/Y
 _48661_/Y
 _48662_/X
 _48663_/Y
 _48664_/X
 _48665_/Y
 _48666_/Y
 _48667_/Y
 _48668_/X
 _48669_/X
 _48670_/X
 _48671_/X
 _48672_/X
 _48673_/Y
 _48674_/Y
 _48675_/X
 _48676_/X
 _48677_/Y
 _48678_/Y
 _48679_/X
 _48680_/X
 _48681_/X
 _48682_/Y
 _48683_/X
 _48684_/Y
 _48685_/X
 _48686_/Y
 _48687_/X
 _48688_/Y
 _48689_/Y
 _48690_/X
 _48691_/Y
 _48692_/Y
 _48693_/X
 _48694_/Y
 _48695_/X
 _48696_/X
 _48697_/X
 _48698_/X
 _48699_/Y
 _48700_/Y
 _48701_/X
 _48702_/Y
 _48703_/X
 _48704_/X
 _48705_/X
 _48706_/X
 _48707_/Y
 _48708_/X
 _48709_/X
 _48710_/X
 _48711_/X
 _48712_/X
 _48713_/X
 _48714_/Y
 _48715_/Y
 _48716_/Y
 _48717_/Y
 _48718_/X
 _48719_/X
 _48720_/Y
 _48721_/Y
 _48722_/X
 _48723_/X
 _48724_/Y
 _48725_/Y
 _48726_/X
 _48727_/Y
 _48728_/Y
 _48729_/Y
 _48730_/X
 _48731_/X
 _48732_/Y
 _48733_/X
 _48734_/Y
 _48735_/X
 _48736_/Y
 _48737_/X
 _48738_/X
 _48739_/X
 _48740_/X
 _48741_/Y
 _48742_/X
 _48743_/Y
 _48744_/Y
 _48745_/X
 _48746_/Y
 _48747_/Y
 _48748_/X
 _48749_/X
 _48750_/Y
 _48751_/X
 _48752_/Y
 _48753_/X
 _48754_/Y
 _48755_/X
 _48756_/Y
 _48757_/X
 _48758_/Y
 _48759_/X
 _48760_/Y
 _48761_/Y
 _48762_/X
 _48763_/Y
 _48764_/Y
 _48765_/X
 _48766_/X
 _48767_/Y
 _48768_/X
 _48769_/Y
 _48770_/X
 _48771_/X
 _48772_/Y
 _48773_/X
 _48774_/X
 _48775_/X
 _48776_/X
 _48777_/Y
 _48778_/X
 _48779_/X
 _48780_/X
 _48781_/Y
 _48782_/X
 _48783_/X
 _48784_/X
 _48785_/X
 _48786_/X
 _48787_/Y
 _48788_/X
 _48789_/X
 _48790_/Y
 _48791_/Y
 _48792_/Y
 _48793_/Y
 _48794_/X
 _48795_/Y
 _48796_/Y
 _48797_/X
 _48798_/X
 _48799_/Y
 _48800_/Y
 _48801_/X
 _48802_/Y
 _48803_/Y
 _48804_/X
 _48805_/X
 _48806_/Y
 _48807_/Y
 _48808_/X
 _48809_/Y
 _48810_/X
 _48811_/X
 _48812_/Y
 _48813_/X
 _48814_/X
 _48815_/Y
 _48816_/X
 _48817_/X
 _48818_/X
 _48819_/Y
 _48820_/X
 _48821_/Y
 _48822_/X
 _48823_/Y
 _48824_/Y
 _48825_/Y
 _48826_/X
 _48827_/X
 _48828_/X
 _48829_/X
 _48830_/X
 _48831_/Y
 _48832_/X
 _48833_/X
 _48834_/Y
 _48835_/X
 _48836_/X
 _48837_/Y
 _48838_/X
 _48839_/Y
 _48840_/X
 _48841_/Y
 _48842_/Y
 _48843_/Y
 _48844_/Y
 _48845_/X
 _48846_/Y
 _48847_/Y
 _48848_/Y
 _48849_/X
 _48850_/Y
 _48851_/X
 _48852_/X
 _48853_/Y
 _48854_/X
 _48855_/X
 _48856_/Y
 _48857_/X
 _48858_/Y
 _48859_/Y
 _48860_/X
 _48861_/X
 _48862_/X
 _48863_/Y
 _48864_/Y
 _48865_/Y
 _48866_/X
 _48867_/X
 _48868_/X
 _48869_/Y
 _48870_/X
 _48871_/Y
 _48872_/X
 _48873_/Y
 _48874_/Y
 _48875_/X
 _48876_/Y
 _48877_/Y
 _48878_/X
 _48879_/Y
 _48880_/X
 _48881_/Y
 _48882_/X
 _48883_/Y
 _48884_/X
 _48885_/X
 _48886_/Y
 _48887_/Y
 _48888_/Y
 _48889_/Y
 _48890_/X
 _48891_/Y
 _48892_/X
 _48893_/X
 _48894_/X
 _48895_/X
 _48896_/Y
 _48897_/Y
 _48898_/Y
 _48899_/Y
 _48900_/X
 _48901_/X
 _48902_/Y
 _48903_/X
 _48904_/Y
 _48905_/Y
 _48906_/X
 _48907_/X
 _48908_/X
 _48909_/Y
 _48910_/X
 _48911_/X
 _48912_/X
 _48913_/Y
 _48914_/Y
 _48915_/X
 _48916_/X
 _48917_/Y
 _48918_/X
 _48919_/Y
 _48920_/X
 _48921_/Y
 _48922_/Y
 _48923_/Y
 _48924_/Y
 _48925_/Y
 _48926_/X
 _48927_/Y
 _48928_/Y
 _48929_/Y
 _48930_/X
 _48931_/X
 _48932_/X
 _48933_/Y
 _48934_/X
 _48935_/X
 _48936_/Y
 _48937_/X
 _48938_/X
 _48939_/Y
 _48940_/X
 _48941_/Y
 _48942_/Y
 _48943_/X
 _48944_/Y
 _48945_/X
 _48946_/X
 _48947_/X
 _48948_/Y
 _48949_/Y
 _48950_/X
 _48951_/X
 _48952_/X
 _48953_/Y
 _48954_/Y
 _48955_/X
 _48956_/Y
 _48957_/Y
 _48958_/X
 _48959_/Y
 _48960_/Y
 _48961_/X
 _48962_/X
 _48963_/X
 _48964_/X
 _48965_/Y
 _48966_/X
 _48967_/Y
 _48968_/Y
 _48969_/X
 _48970_/Y
 _48971_/Y
 _48972_/Y
 _48973_/Y
 _48974_/Y
 _48975_/X
 _48976_/X
 _48977_/Y
 _48978_/X
 _48979_/Y
 _48980_/X
 _48981_/X
 _48982_/X
 _48983_/X
 _48984_/Y
 _48985_/X
 _48986_/Y
 _48987_/X
 _48988_/Y
 _48989_/X
 _48990_/X
 _48991_/Y
 _48992_/Y
 _48993_/Y
 _48994_/Y
 _48995_/X
 _48996_/Y
 _48997_/X
 _48998_/Y
 _48999_/Y
 _49000_/X
 _49001_/X
 _49002_/X
 _49003_/X
 _49004_/Y
 _49005_/X
 _49006_/Y
 _49007_/X
 _49008_/X
 _49009_/X
 _49010_/Y
 _49011_/Y
 _49012_/X
 _49013_/X
 _49014_/Y
 _49015_/Y
 _49016_/Y
 _49017_/Y
 _49018_/X
 _49019_/X
 _49020_/X
 _49021_/X
 _49022_/Y
 _49023_/X
 _49024_/X
 _49025_/Y
 _49026_/X
 _49027_/X
 _49028_/X
 _49029_/Y
 _49030_/Y
 _49031_/Y
 _49032_/X
 _49033_/X
 _49034_/X
 _49035_/Y
 _49036_/X
 _49037_/Y
 _49038_/Y
 _49039_/Y
 _49040_/X
 _49041_/Y
 _49042_/X
 _49043_/Y
 _49044_/Y
 _49045_/X
 _49046_/Y
 _49047_/Y
 _49048_/X
 _49049_/Y
 _49050_/Y
 _49051_/X
 _49052_/Y
 _49053_/X
 _49054_/Y
 _49055_/X
 _49056_/Y
 _49057_/Y
 _49058_/X
 _49059_/Y
 _49060_/X
 _49061_/Y
 _49062_/X
 _49063_/Y
 _49064_/Y
 _49065_/Y
 _49066_/X
 _49067_/Y
 _49068_/X
 _49069_/Y
 _49070_/X
 _49071_/X
 _49072_/X
 _49073_/Y
 _49074_/Y
 _49075_/X
 _49076_/X
 _49077_/Y
 _49078_/X
 _49079_/Y
 _49080_/X
 _49081_/Y
 _49082_/Y
 _49083_/Y
 _49084_/X
 _49085_/Y
 _49086_/X
 _49087_/X
 _49088_/Y
 _49089_/X
 _49090_/X
 _49091_/X
 _49092_/X
 _49093_/X
 _49094_/X
 _49095_/X
 _49096_/Y
 _49097_/X
 _49098_/X
 _49099_/X
 _49100_/Y
 _49101_/X
 _49102_/Y
 _49103_/Y
 _49104_/Y
 _49105_/X
 _49106_/Y
 _49107_/Y
 _49108_/Y
 _49109_/X
 _49110_/Y
 _49111_/Y
 _49112_/X
 _49113_/Y
 _49114_/X
 _49115_/Y
 _49116_/X
 _49117_/Y
 _49118_/X
 _49119_/X
 _49120_/X
 _49121_/X
 _49122_/X
 _49123_/Y
 _49124_/Y
 _49125_/Y
 _49126_/X
 _49127_/X
 _49128_/Y
 _49129_/X
 _49130_/Y
 _49131_/Y
 _49132_/Y
 _49133_/X
 _49134_/X
 _49135_/Y
 _49136_/Y
 _49137_/X
 _49138_/X
 _49139_/Y
 _49140_/Y
 _49141_/X
 _49142_/Y
 _49143_/X
 _49144_/Y
 _49145_/X
 _49146_/X
 _49147_/Y
 _49148_/Y
 _49149_/Y
 _49150_/X
 _49151_/X
 _49152_/Y
 _49153_/Y
 _49154_/Y
 _49155_/Y
 _49156_/X
 _49157_/Y
 _49158_/Y
 _49159_/X
 _49160_/Y
 _49161_/Y
 _49162_/X
 _49163_/Y
 _49164_/Y
 _49165_/X
 _49166_/X
 _49167_/X
 _49168_/X
 _49169_/Y
 _49170_/Y
 _49171_/X
 _49172_/Y
 _49173_/X
 _49174_/X
 _49175_/X
 _49176_/X
 _49177_/X
 _49178_/Y
 _49179_/X
 _49180_/Y
 _49181_/X
 _49182_/X
 _49183_/Y
 _49184_/X
 _49185_/X
 _49186_/X
 _49187_/Y
 _49188_/Y
 _49189_/Y
 _49190_/X
 _49191_/Y
 _49192_/Y
 _49193_/X
 _49194_/Y
 _49195_/Y
 _49196_/Y
 _49197_/Y
 _49198_/X
 _49199_/X
 _49200_/Y
 _49201_/Y
 _49202_/Y
 _49203_/X
 _49204_/Y
 _49205_/X
 _49206_/X
 _49207_/Y
 _49208_/Y
 _49209_/X
 _49210_/Y
 _49211_/Y
 _49212_/Y
 _49213_/X
 _49214_/X
 _49215_/X
 _49216_/Y
 _49217_/X
 _49218_/Y
 _49219_/Y
 _49220_/X
 _49221_/X
 _49222_/X
 _49223_/X
 _49224_/X
 _49225_/X
 _49226_/X
 _49227_/Y
 _49228_/Y
 _49229_/Y
 _49230_/X
 _49231_/X
 _49232_/X
 _49233_/X
 _49234_/X
 _49235_/X
 _49236_/Y
 _49237_/X
 _49238_/X
 _49239_/X
 _49240_/Y
 _49241_/Y
 _49242_/Y
 _49243_/X
 _49244_/X
 _49245_/X
 _49246_/X
 _49247_/X
 _49248_/X
 _49249_/Y
 _49250_/Y
 _49251_/Y
 _49252_/Y
 _49253_/Y
 _49254_/X
 _49255_/Y
 _49256_/X
 _49257_/X
 _49258_/X
 _49259_/X
 _49260_/Y
 _49261_/X
 _49262_/Y
 _49263_/X
 _49264_/Y
 _49265_/Y
 _49266_/Y
 _49267_/Y
 _49268_/Y
 _49269_/Y
 _49270_/X
 _49271_/X
 _49272_/X
 _49273_/X
 _49274_/X
 _49275_/X
 _49276_/X
 _49277_/X
 _49278_/X
 _49279_/X
 _49280_/X
 _49281_/X
 _49282_/X
 _49283_/X
 _49284_/X
 _49285_/X
 _49286_/X
 _49287_/X
 _49288_/X
 _49289_/X
 _49290_/X
 _49291_/Y
 _49292_/X
 _49293_/X
 _49294_/Y
 _49295_/X
 _49296_/X
 _49297_/Y
 _49298_/X
 _49299_/X
 _49300_/X
 _49301_/X
 _49302_/X
 _49303_/X
 _49304_/X
 _49305_/Y
 _49306_/Y
 _49307_/X
 _49308_/X
 _49309_/X
 _49310_/X
 _49311_/Y
 _49312_/X
 _49313_/X
 _49314_/Y
 _49315_/X
 _49316_/X
 _49317_/Y
 _49318_/Y
 _49319_/X
 _49320_/Y
 _49321_/Y
 _49322_/X
 _49323_/Y
 _49324_/Y
 _49325_/X
 _49326_/X
 _49327_/X
 _49328_/X
 _49329_/X
 _49330_/X
 _49331_/X
 _49332_/X
 _49333_/X
 _49334_/X
 _49335_/X
 _49336_/X
 _49337_/X
 _49338_/X
 _49339_/X
 _49340_/X
 _49341_/X
 _49342_/X
 _49343_/X
 _49344_/X
 _49345_/X
 _49346_/X
 _49347_/Y
 _49348_/X
 _49349_/X
 _49350_/X
 _49351_/X
 _49352_/Y
 _49353_/Y
 _49354_/X
 _49355_/X
 _49356_/X
 _49357_/X
 _49358_/X
 _49359_/Y
 _49360_/X
 _49361_/Y
 _49362_/X
 _49363_/X
 _49364_/X
 _49365_/X
 _49366_/X
 _49367_/X
 _49368_/X
 _49369_/X
 _49370_/Y
 _49371_/X
 _49372_/X
 _49373_/X
 _49374_/X
 _49375_/X
 _49376_/Y
 _49377_/Y
 _49378_/X
 _49379_/X
 _49380_/X
 _49381_/X
 _49382_/X
 _49383_/X
 _49384_/X
 _49385_/X
 _49386_/X
 _49387_/X
 _49388_/X
 _49389_/Y
 _49390_/X
 _49391_/Y
 _49392_/Y
 _49393_/X
 _49394_/X
 _49395_/X
 _49396_/X
 _49397_/X
 _49398_/X
 _49399_/X
 _49400_/Y
 _49401_/X
 _49402_/Y
 _49403_/X
 _49404_/Y
 _49405_/X
 _49406_/X
 _49407_/Y
 _49408_/X
 _49409_/Y
 _49410_/X
 _49411_/X
 _49412_/X
 _49413_/Y
 _49414_/Y
 _49415_/X
 _49416_/Y
 _49417_/Y
 _49418_/X
 _49419_/X
 _49420_/X
 _49421_/X
 _49422_/Y
 _49423_/X
 _49424_/X
 _49425_/Y
 _49426_/Y
 _49427_/Y
 _49428_/X
 _49429_/X
 _49430_/Y
 _49431_/X
 _49432_/Y
 _49433_/Y
 _49434_/X
 _49435_/X
 _49436_/X
 _49437_/X
 _49438_/X
 _49439_/Y
 _49440_/Y
 _49441_/X
 _49442_/Y
 _49443_/Y
 _49444_/X
 _49445_/Y
 _49446_/Y
 _49447_/X
 _49448_/X
 _49449_/Y
 _49450_/Y
 _49451_/X
 _49452_/Y
 _49453_/Y
 _49454_/Y
 _49455_/Y
 _49456_/X
 _49457_/Y
 _49458_/X
 _49459_/X
 _49460_/Y
 _49461_/X
 _49462_/X
 _49463_/Y
 _49464_/Y
 _49465_/X
 _49466_/Y
 _49467_/Y
 _49468_/X
 _49469_/Y
 _49470_/Y
 _49471_/X
 _49472_/Y
 _49473_/Y
 _49474_/X
 _49475_/Y
 _49476_/Y
 _49477_/X
 _49478_/Y
 _49479_/X
 _49480_/X
 _49481_/X
 _49482_/Y
 _49483_/X
 _49484_/X
 _49485_/X
 _49486_/Y
 _49487_/X
 _49488_/Y
 _49489_/Y
 _49490_/X
 _49491_/X
 _49492_/X
 _49493_/X
 _49494_/Y
 _49495_/X
 _49496_/Y
 _49497_/X
 _49498_/Y
 _49499_/X
 _49500_/Y
 _49501_/X
 _49502_/Y
 _49503_/X
 _49504_/Y
 _49505_/Y
 _49506_/X
 _49507_/Y
 _49508_/Y
 _49509_/Y
 _49510_/X
 _49511_/Y
 _49512_/Y
 _49513_/Y
 _49514_/X
 _49515_/Y
 _49516_/X
 _49517_/X
 _49518_/X
 _49519_/X
 _49520_/X
 _49521_/X
 _49522_/X
 _49523_/Y
 _49524_/X
 _49525_/X
 _49526_/Y
 _49527_/X
 _49528_/Y
 _49529_/Y
 _49530_/X
 _49531_/Y
 _49532_/X
 _49533_/X
 _49534_/Y
 _49535_/X
 _49536_/X
 _49537_/Y
 _49538_/Y
 _49539_/X
 _49540_/Y
 _49541_/X
 _49542_/X
 _49543_/Y
 _49544_/X
 _49545_/Y
 _49546_/X
 _49547_/X
 _49548_/X
 _49549_/Y
 _49550_/Y
 _49551_/X
 _49552_/X
 _49553_/Y
 _49554_/X
 _49555_/X
 _49556_/Y
 _49557_/Y
 _49558_/X
 _49559_/Y
 _49560_/Y
 _49561_/X
 _49562_/X
 _49563_/Y
 _49564_/X
 _49565_/X
 _49566_/Y
 _49567_/Y
 _49568_/Y
 _49569_/Y
 _49570_/X
 _49571_/X
 _49572_/X
 _49573_/X
 _49574_/Y
 _49575_/X
 _49576_/X
 _49577_/Y
 _49578_/X
 _49579_/Y
 _49580_/X
 _49581_/X
 _49582_/Y
 _49583_/Y
 _49584_/X
 _49585_/X
 _49586_/Y
 _49587_/X
 _49588_/Y
 _49589_/Y
 _49590_/Y
 _49591_/X
 _49592_/Y
 _49593_/Y
 _49594_/X
 _49595_/Y
 _49596_/Y
 _49597_/Y
 _49598_/X
 _49599_/X
 _49600_/X
 _49601_/X
 _49602_/Y
 _49603_/X
 _49604_/Y
 _49605_/X
 _49606_/X
 _49607_/X
 _49608_/Y
 _49609_/X
 _49610_/Y
 _49611_/Y
 _49612_/X
 _49613_/X
 _49614_/Y
 _49615_/Y
 _49616_/Y
 _49617_/X
 _49618_/Y
 _49619_/X
 _49620_/Y
 _49621_/Y
 _49622_/X
 _49623_/X
 _49624_/Y
 _49625_/X
 _49626_/Y
 _49627_/X
 _49628_/X
 _49629_/Y
 _49630_/X
 _49631_/Y
 _49632_/Y
 _49633_/X
 _49634_/X
 _49635_/X
 _49636_/X
 _49637_/X
 _49638_/X
 _49639_/X
 _49640_/X
 _49641_/X
 _49642_/Y
 _49643_/X
 _49644_/X
 _49645_/Y
 _49646_/Y
 _49647_/Y
 _49648_/Y
 _49649_/Y
 _49650_/X
 _49651_/Y
 _49652_/X
 _49653_/Y
 _49654_/Y
 _49655_/X
 _49656_/X
 _49657_/X
 _49658_/X
 _49659_/X
 _49660_/Y
 _49661_/X
 _49662_/Y
 _49663_/X
 _49664_/Y
 _49665_/Y
 _49666_/X
 _49667_/Y
 _49668_/Y
 _49669_/Y
 _49670_/X
 _49671_/X
 _49672_/X
 _49673_/X
 _49674_/X
 _49675_/X
 _49676_/X
 _49677_/Y
 _49678_/Y
 _49679_/Y
 _49680_/Y
 _49681_/X
 _49682_/Y
 _49683_/Y
 _49684_/Y
 _49685_/Y
 _49686_/X
 _49687_/X
 _49688_/X
 _49689_/X
 _49690_/X
 _49691_/X
 _49692_/X
 _49693_/X
 _49694_/Y
 _49695_/X
 _49696_/Y
 _49697_/Y
 _49698_/X
 _49699_/Y
 _49700_/X
 _49701_/Y
 _49702_/Y
 _49703_/X
 _49704_/X
 _49705_/Y
 _49706_/X
 _49707_/Y
 _49708_/Y
 _49709_/Y
 _49710_/X
 _49711_/Y
 _49712_/Y
 _49713_/X
 _49714_/Y
 _49715_/X
 _49716_/Y
 _49717_/Y
 _49718_/Y
 _49719_/X
 _49720_/X
 _49721_/Y
 _49722_/X
 _49723_/Y
 _49724_/X
 _49725_/Y
 _49726_/X
 _49727_/X
 _49728_/X
 _49729_/X
 _49730_/Y
 _49731_/X
 _49732_/X
 _49733_/X
 _49734_/X
 _49735_/Y
 _49736_/Y
 _49737_/X
 _49738_/X
 _49739_/X
 _49740_/X
 _49741_/Y
 _49742_/X
 _49743_/Y
 _49744_/Y
 _49745_/X
 _49746_/X
 _49747_/X
 _49748_/X
 _49749_/Y
 _49750_/X
 _49751_/Y
 _49752_/X
 _49753_/Y
 _49754_/X
 _49755_/Y
 _49756_/Y
 _49757_/X
 _49758_/Y
 _49759_/X
 _49760_/Y
 _49761_/X
 _49762_/X
 _49763_/X
 _49764_/Y
 _49765_/X
 _49766_/X
 _49767_/Y
 _49768_/X
 _49769_/X
 _49770_/Y
 _49771_/X
 _49772_/Y
 _49773_/Y
 _49774_/X
 _49775_/X
 _49776_/Y
 _49777_/X
 _49778_/X
 _49779_/Y
 _49780_/X
 _49781_/Y
 _49782_/Y
 _49783_/Y
 _49784_/X
 _49785_/Y
 _49786_/X
 _49787_/Y
 _49788_/Y
 _49789_/X
 _49790_/Y
 _49791_/X
 _49792_/X
 _49793_/Y
 _49794_/Y
 _49795_/Y
 _49796_/X
 _49797_/X
 _49798_/X
 _49799_/Y
 _49800_/X
 _49801_/Y
 _49802_/Y
 _49803_/X
 _49804_/Y
 _49805_/X
 _49806_/Y
 _49807_/Y
 _49808_/Y
 _49809_/Y
 _49810_/X
 _49811_/Y
 _49812_/X
 _49813_/Y
 _49814_/X
 _49815_/X
 _49816_/Y
 _49817_/Y
 _49818_/Y
 _49819_/X
 _49820_/Y
 _49821_/Y
 _49822_/X
 _49823_/Y
 _49824_/X
 _49825_/X
 _49826_/X
 _49827_/X
 _49828_/X
 _49829_/Y
 _49830_/X
 _49831_/Y
 _49832_/X
 _49833_/X
 _49834_/X
 _49835_/X
 _49836_/Y
 _49837_/X
 _49838_/X
 _49839_/X
 _49840_/X
 _49841_/Y
 _49842_/X
 _49843_/Y
 _49844_/Y
 _49845_/X
 _49846_/X
 _49847_/X
 _49848_/X
 _49849_/Y
 _49850_/Y
 _49851_/X
 _49852_/X
 _49853_/X
 _49854_/X
 _49855_/Y
 _49856_/X
 _49857_/Y
 _49858_/X
 _49859_/X
 _49860_/Y
 _49861_/X
 _49862_/X
 _49863_/Y
 _49864_/Y
 _49865_/X
 _49866_/X
 _49867_/X
 _49868_/X
 _49869_/Y
 _49870_/Y
 _49871_/X
 _49872_/Y
 _49873_/Y
 _49874_/X
 _49875_/Y
 _49876_/X
 _49877_/Y
 _49878_/X
 _49879_/X
 _49880_/X
 _49881_/X
 _49882_/X
 _49883_/X
 _49884_/X
 _49885_/Y
 _49886_/X
 _49887_/Y
 _49888_/Y
 _49889_/X
 _49890_/Y
 _49891_/Y
 _49892_/Y
 _49893_/X
 _49894_/Y
 _49895_/X
 _49896_/Y
 _49897_/Y
 _49898_/Y
 _49899_/X
 _49900_/X
 _49901_/Y
 _49902_/X
 _49903_/Y
 _49904_/X
 _49905_/Y
 _49906_/Y
 _49907_/X
 _49908_/Y
 _49909_/Y
 _49910_/Y
 _49911_/X
 _49912_/Y
 _49913_/Y
 _49914_/X
 _49915_/X
 _49916_/Y
 _49917_/X
 _49918_/Y
 _49919_/Y
 _49920_/Y
 _49921_/X
 _49922_/Y
 _49923_/Y
 _49924_/X
 _49925_/Y
 _49926_/X
 _49927_/Y
 _49928_/X
 _49929_/X
 _49930_/X
 _49931_/X
 _49932_/X
 _49933_/Y
 _49934_/X
 _49935_/Y
 _49936_/X
 _49937_/X
 _49938_/X
 _49939_/X
 _49940_/X
 _49941_/X
 _49942_/X
 _49943_/X
 _49944_/Y
 _49945_/Y
 _49946_/X
 _49947_/X
 _49948_/X
 _49949_/X
 _49950_/X
 _49951_/Y
 _49952_/X
 _49953_/Y
 _49954_/Y
 _49955_/X
 _49956_/Y
 _49957_/Y
 _49958_/Y
 _49959_/Y
 _49960_/X
 _49961_/Y
 _49962_/Y
 _49963_/Y
 _49964_/X
 _49965_/Y
 _49966_/X
 _49967_/X
 _49968_/Y
 _49969_/Y
 _49970_/Y
 _49971_/Y
 _49972_/X
 _49973_/Y
 _49974_/Y
 _49975_/X
 _49976_/Y
 _49977_/Y
 _49978_/X
 _49979_/X
 _49980_/X
 _49981_/X
 _49982_/X
 _49983_/X
 _49984_/X
 _49985_/X
 _49986_/X
 _49987_/X
 _49988_/X
 _49989_/X
 _49990_/Y
 _49991_/X
 _49992_/X
 _49993_/X
 _49994_/X
 _49995_/X
 _49996_/Y
 _49997_/Y
 _49998_/Y
 _49999_/Y
 _50000_/X
 _50001_/Y
 _50002_/X
 _50003_/Y
 _50004_/X
 _50005_/Y
 _50006_/X
 _50007_/Y
 _50008_/X
 _50009_/Y
 _50010_/Y
 _50011_/X
 _50012_/X
 _50013_/X
 _50014_/Y
 _50015_/Y
 _50016_/Y
 _50017_/Y
 _50018_/X
 _50019_/Y
 _50020_/X
 _50021_/Y
 _50022_/Y
 _50023_/Y
 _50024_/Y
 _50025_/X
 _50026_/Y
 _50027_/X
 _50028_/Y
 _50029_/X
 _50030_/Y
 _50031_/Y
 _50032_/X
 _50033_/X
 _50034_/X
 _50035_/Y
 _50036_/X
 _50037_/X
 _50038_/Y
 _50039_/X
 _50040_/Y
 _50041_/Y
 _50042_/Y
 _50043_/X
 _50044_/Y
 _50045_/X
 _50046_/Y
 _50047_/Y
 _50048_/Y
 _50049_/X
 _50050_/X
 _50051_/X
 _50052_/X
 _50053_/Y
 _50054_/Y
 _50055_/Y
 _50056_/X
 _50057_/Y
 _50058_/X
 _50059_/X
 _50060_/X
 _50061_/X
 _50062_/X
 _50063_/Y
 _50064_/X
 _50065_/Y
 _50066_/X
 _50067_/X
 _50068_/X
 _50069_/X
 _50070_/Y
 _50071_/X
 _50072_/X
 _50073_/X
 _50074_/X
 _50075_/Y
 _50076_/X
 _50077_/Y
 _50078_/Y
 _50079_/X
 _50080_/X
 _50081_/X
 _50082_/X
 _50083_/Y
 _50084_/Y
 _50085_/X
 _50086_/X
 _50087_/X
 _50088_/X
 _50089_/Y
 _50090_/Y
 _50091_/X
 _50092_/Y
 _50093_/X
 _50094_/X
 _50095_/X
 _50096_/X
 _50097_/Y
 _50098_/Y
 _50099_/X
 _50100_/Y
 _50101_/Y
 _50102_/X
 _50103_/Y
 _50104_/Y
 _50105_/Y
 _50106_/X
 _50107_/Y
 _50108_/Y
 _50109_/Y
 _50110_/X
 _50111_/Y
 _50112_/Y
 _50113_/Y
 _50114_/Y
 _50115_/X
 _50116_/Y
 _50117_/Y
 _50118_/X
 _50119_/Y
 _50120_/Y
 _50121_/Y
 _50122_/X
 _50123_/X
 _50124_/Y
 _50125_/Y
 _50126_/X
 _50127_/X
 _50128_/X
 _50129_/Y
 _50130_/X
 _50131_/Y
 _50132_/Y
 _50133_/X
 _50134_/X
 _50135_/Y
 _50136_/X
 _50137_/X
 _50138_/Y
 _50139_/X
 _50140_/Y
 _50141_/X
 _50142_/Y
 _50143_/Y
 _50144_/X
 _50145_/Y
 _50146_/X
 _50147_/X
 _50148_/Y
 _50149_/X
 _50150_/Y
 _50151_/X
 _50152_/X
 _50153_/Y
 _50154_/X
 _50155_/X
 _50156_/X
 _50157_/Y
 _50158_/Y
 _50159_/Y
 _50160_/X
 _50161_/X
 _50162_/Y
 _50163_/Y
 _50164_/X
 _50165_/X
 _50166_/X
 _50167_/Y
 _50168_/X
 _50169_/Y
 _50170_/X
 _50171_/Y
 _50172_/X
 _50173_/X
 _50174_/X
 _50175_/X
 _50176_/X
 _50177_/Y
 _50178_/X
 _50179_/Y
 _50180_/X
 _50181_/X
 _50182_/X
 _50183_/X
 _50184_/X
 _50185_/X
 _50186_/X
 _50187_/X
 _50188_/Y
 _50189_/Y
 _50190_/X
 _50191_/X
 _50192_/X
 _50193_/X
 _50194_/X
 _50195_/Y
 _50196_/X
 _50197_/Y
 _50198_/Y
 _50199_/X
 _50200_/Y
 _50201_/Y
 _50202_/Y
 _50203_/X
 _50204_/Y
 _50205_/X
 _50206_/Y
 _50207_/X
 _50208_/X
 _50209_/Y
 _50210_/X
 _50211_/X
 _50212_/Y
 _50213_/Y
 _50214_/X
 _50215_/Y
 _50216_/Y
 _50217_/Y
 _50218_/X
 _50219_/X
 _50220_/Y
 _50221_/Y
 _50222_/Y
 _50223_/Y
 _50224_/Y
 _50225_/Y
 _50226_/X
 _50227_/Y
 _50228_/Y
 _50229_/Y
 _50230_/X
 _50231_/X
 _50232_/X
 _50233_/X
 _50234_/Y
 _50235_/Y
 _50236_/Y
 _50237_/X
 _50238_/X
 _50239_/Y
 _50240_/Y
 _50241_/X
 _50242_/Y
 _50243_/Y
 _50244_/X
 _50245_/X
 _50246_/Y
 _50247_/X
 _50248_/X
 _50249_/X
 _50250_/X
 _50251_/Y
 _50252_/Y
 _50253_/Y
 _50254_/X
 _50255_/Y
 _50256_/X
 _50257_/X
 _50258_/X
 _50259_/Y
 _50260_/X
 _50261_/Y
 _50262_/Y
 _50263_/Y
 _50264_/X
 _50265_/Y
 _50266_/X
 _50267_/X
 _50268_/Y
 _50269_/X
 _50270_/X
 _50271_/X
 _50272_/X
 _50273_/X
 _50274_/X
 _50275_/Y
 _50276_/X
 _50277_/Y
 _50278_/Y
 _50279_/Y
 _50280_/Y
 _50281_/Y
 _50282_/X
 _50283_/Y
 _50284_/Y
 _50285_/X
 _50286_/X
 _50287_/Y
 _50288_/X
 _50289_/Y
 _50290_/X
 _50291_/X
 _50292_/Y
 _50293_/X
 _50294_/Y
 _50295_/X
 _50296_/X
 _50297_/X
 _50298_/X
 _50299_/X
 _50300_/Y
 _50301_/X
 _50302_/Y
 _50303_/X
 _50304_/X
 _50305_/X
 _50306_/X
 _50307_/Y
 _50308_/X
 _50309_/X
 _50310_/X
 _50311_/X
 _50312_/Y
 _50313_/X
 _50314_/Y
 _50315_/Y
 _50316_/X
 _50317_/X
 _50318_/X
 _50319_/X
 _50320_/Y
 _50321_/Y
 _50322_/X
 _50323_/X
 _50324_/X
 _50325_/X
 _50326_/Y
 _50327_/Y
 _50328_/Y
 _50329_/X
 _50330_/Y
 _50331_/X
 _50332_/X
 _50333_/Y
 _50334_/X
 _50335_/X
 _50336_/Y
 _50337_/Y
 _50338_/X
 _50339_/Y
 _50340_/Y
 _50341_/X
 _50342_/Y
 _50343_/Y
 _50344_/Y
 _50345_/X
 _50346_/X
 _50347_/Y
 _50348_/X
 _50349_/Y
 _50350_/Y
 _50351_/Y
 _50352_/X
 _50353_/Y
 _50354_/X
 _50355_/Y
 _50356_/Y
 _50357_/Y
 _50358_/X
 _50359_/Y
 _50360_/Y
 _50361_/Y
 _50362_/Y
 _50363_/X
 _50364_/X
 _50365_/Y
 _50366_/X
 _50367_/Y
 _50368_/Y
 _50369_/X
 _50370_/Y
 _50371_/X
 _50372_/Y
 _50373_/Y
 _50374_/X
 _50375_/X
 _50376_/Y
 _50377_/X
 _50378_/X
 _50379_/Y
 _50380_/X
 _50381_/Y
 _50382_/X
 _50383_/Y
 _50384_/Y
 _50385_/Y
 _50386_/X
 _50387_/Y
 _50388_/X
 _50389_/X
 _50390_/Y
 _50391_/X
 _50392_/X
 _50393_/X
 _50394_/X
 _50395_/X
 _50396_/X
 _50397_/Y
 _50398_/X
 _50399_/Y
 _50400_/X
 _50401_/Y
 _50402_/Y
 _50403_/X
 _50404_/Y
 _50405_/Y
 _50406_/Y
 _50407_/Y
 _50408_/Y
 _50409_/Y
 _50410_/X
 _50411_/Y
 _50412_/X
 _50413_/Y
 _50414_/X
 _50415_/Y
 _50416_/X
 _50417_/Y
 _50418_/Y
 _50419_/Y
 _50420_/X
 _50421_/Y
 _50422_/X
 _50423_/X
 _50424_/X
 _50425_/X
 _50426_/X
 _50427_/Y
 _50428_/X
 _50429_/Y
 _50430_/X
 _50431_/X
 _50432_/X
 _50433_/X
 _50434_/X
 _50435_/X
 _50436_/X
 _50437_/X
 _50438_/Y
 _50439_/Y
 _50440_/X
 _50441_/X
 _50442_/X
 _50443_/X
 _50444_/X
 _50445_/Y
 _50446_/X
 _50447_/Y
 _50448_/Y
 _50449_/X
 _50450_/Y
 _50451_/Y
 _50452_/Y
 _50453_/X
 _50454_/Y
 _50455_/X
 _50456_/Y
 _50457_/X
 _50458_/X
 _50459_/Y
 _50460_/X
 _50461_/X
 _50462_/Y
 _50463_/Y
 _50464_/X
 _50465_/Y
 _50466_/Y
 _50467_/Y
 _50468_/X
 _50469_/X
 _50470_/Y
 _50471_/Y
 _50472_/Y
 _50473_/X
 _50474_/Y
 _50475_/Y
 _50476_/X
 _50477_/Y
 _50478_/X
 _50479_/Y
 _50480_/Y
 _50481_/X
 _50482_/Y
 _50483_/X
 _50484_/X
 _50485_/X
 _50486_/Y
 _50487_/X
 _50488_/X
 _50489_/Y
 _50490_/Y
 _50491_/Y
 _50492_/X
 _50493_/X
 _50494_/Y
 _50495_/Y
 _50496_/X
 _50497_/X
 _50498_/Y
 _50499_/X
 _50500_/X
 _50501_/X
 _50502_/Y
 _50503_/Y
 _50504_/Y
 _50505_/X
 _50506_/Y
 _50507_/X
 _50508_/X
 _50509_/X
 _50510_/Y
 _50511_/X
 _50512_/Y
 _50513_/Y
 _50514_/X
 _50515_/Y
 _50516_/X
 _50517_/Y
 _50518_/X
 _50519_/X
 _50520_/X
 _50521_/X
 _50522_/X
 _50523_/X
 _50524_/X
 _50525_/X
 _50526_/X
 _50527_/Y
 _50528_/X
 _50529_/Y
 _50530_/X
 _50531_/X
 _50532_/X
 _50533_/Y
 _50534_/X
 _50535_/Y
 _50536_/Y
 _50537_/X
 _50538_/Y
 _50539_/X
 _50540_/Y
 _50541_/Y
 _50542_/Y
 _50543_/X
 _50544_/X
 _50545_/Y
 _50546_/Y
 _50547_/Y
 _50548_/Y
 _50549_/Y
 _50550_/X
 _50551_/Y
 _50552_/Y
 _50553_/X
 _50554_/Y
 _50555_/X
 _50556_/X
 _50557_/X
 _50558_/X
 _50559_/X
 _50560_/Y
 _50561_/X
 _50562_/Y
 _50563_/X
 _50564_/X
 _50565_/X
 _50566_/X
 _50567_/Y
 _50568_/X
 _50569_/X
 _50570_/X
 _50571_/X
 _50572_/Y
 _50573_/X
 _50574_/Y
 _50575_/Y
 _50576_/X
 _50577_/X
 _50578_/X
 _50579_/X
 _50580_/Y
 _50581_/Y
 _50582_/X
 _50583_/X
 _50584_/X
 _50585_/X
 _50586_/Y
 _50587_/Y
 _50588_/Y
 _50589_/X
 _50590_/Y
 _50591_/X
 _50592_/X
 _50593_/Y
 _50594_/X
 _50595_/X
 _50596_/Y
 _50597_/Y
 _50598_/X
 _50599_/Y
 _50600_/Y
 _50601_/X
 _50602_/Y
 _50603_/Y
 _50604_/Y
 _50605_/X
 _50606_/Y
 _50607_/X
 _50608_/Y
 _50609_/Y
 _50610_/Y
 _50611_/Y
 _50612_/X
 _50613_/Y
 _50614_/Y
 _50615_/Y
 _50616_/Y
 _50617_/Y
 _50618_/Y
 _50619_/X
 _50620_/X
 _50621_/Y
 _50622_/X
 _50623_/Y
 _50624_/Y
 _50625_/X
 _50626_/X
 _50627_/X
 _50628_/Y
 _50629_/Y
 _50630_/Y
 _50631_/Y
 _50632_/X
 _50633_/X
 _50634_/Y
 _50635_/X
 _50636_/Y
 _50637_/X
 _50638_/X
 _50639_/X
 _50640_/X
 _50641_/X
 _50642_/Y
 _50643_/Y
 _50644_/X
 _50645_/Y
 _50646_/Y
 _50647_/X
 _50648_/Y
 _50649_/Y
 _50650_/X
 _50651_/Y
 _50652_/X
 _50653_/Y
 _50654_/X
 _50655_/X
 _50656_/X
 _50657_/Y
 _50658_/Y
 _50659_/Y
 _50660_/X
 _50661_/Y
 _50662_/X
 _50663_/X
 _50664_/X
 _50665_/Y
 _50666_/X
 _50667_/Y
 _50668_/Y
 _50669_/Y
 _50670_/X
 _50671_/Y
 _50672_/X
 _50673_/X
 _50674_/X
 _50675_/Y
 _50676_/X
 _50677_/Y
 _50678_/Y
 _50679_/Y
 _50680_/X
 _50681_/X
 _50682_/X
 _50683_/Y
 _50684_/X
 _50685_/Y
 _50686_/Y
 _50687_/X
 _50688_/Y
 _50689_/X
 _50690_/X
 _50691_/X
 _50692_/X
 _50693_/X
 _50694_/Y
 _50695_/X
 _50696_/Y
 _50697_/X
 _50698_/X
 _50699_/X
 _50700_/X
 _50701_/X
 _50702_/X
 _50703_/X
 _50704_/X
 _50705_/Y
 _50706_/Y
 _50707_/X
 _50708_/X
 _50709_/X
 _50710_/X
 _50711_/X
 _50712_/Y
 _50713_/X
 _50714_/Y
 _50715_/Y
 _50716_/X
 _50717_/Y
 _50718_/Y
 _50719_/Y
 _50720_/X
 _50721_/Y
 _50722_/X
 _50723_/Y
 _50724_/X
 _50725_/X
 _50726_/Y
 _50727_/X
 _50728_/X
 _50729_/Y
 _50730_/Y
 _50731_/X
 _50732_/Y
 _50733_/Y
 _50734_/Y
 _50735_/X
 _50736_/X
 _50737_/Y
 _50738_/Y
 _50739_/X
 _50740_/Y
 _50741_/Y
 _50742_/Y
 _50743_/X
 _50744_/Y
 _50745_/X
 _50746_/Y
 _50747_/X
 _50748_/X
 _50749_/Y
 _50750_/Y
 _50751_/X
 _50752_/X
 _50753_/X
 _50754_/Y
 _50755_/X
 _50756_/X
 _50757_/Y
 _50758_/X
 _50759_/Y
 _50760_/X
 _50761_/X
 _50762_/Y
 _50763_/X
 _50764_/Y
 _50765_/X
 _50766_/Y
 _50767_/X
 _50768_/X
 _50769_/X
 _50770_/X
 _50771_/X
 _50772_/Y
 _50773_/Y
 _50774_/X
 _50775_/X
 _50776_/X
 _50777_/X
 _50778_/X
 _50779_/Y
 _50780_/X
 _50781_/X
 _50782_/Y
 _50783_/Y
 _50784_/X
 _50785_/Y
 _50786_/X
 _50787_/Y
 _50788_/X
 _50789_/Y
 _50790_/X
 _50791_/Y
 _50792_/X
 _50793_/X
 _50794_/Y
 _50795_/X
 _50796_/X
 _50797_/Y
 _50798_/X
 _50799_/X
 _50800_/X
 _50801_/Y
 _50802_/Y
 _50803_/Y
 _50804_/X
 _50805_/Y
 _50806_/X
 _50807_/X
 _50808_/X
 _50809_/Y
 _50810_/X
 _50811_/Y
 _50812_/Y
 _50813_/X
 _50814_/Y
 _50815_/X
 _50816_/Y
 _50817_/Y
 _50818_/X
 _50819_/Y
 _50820_/Y
 _50821_/X
 _50822_/Y
 _50823_/Y
 _50824_/Y
 _50825_/X
 _50826_/X
 _50827_/Y
 _50828_/Y
 _50829_/X
 _50830_/Y
 _50831_/X
 _50832_/X
 _50833_/X
 _50834_/X
 _50835_/X
 _50836_/Y
 _50837_/X
 _50838_/Y
 _50839_/X
 _50840_/X
 _50841_/X
 _50842_/X
 _50843_/Y
 _50844_/X
 _50845_/X
 _50846_/X
 _50847_/X
 _50848_/Y
 _50849_/X
 _50850_/Y
 _50851_/Y
 _50852_/X
 _50853_/X
 _50854_/X
 _50855_/X
 _50856_/Y
 _50857_/Y
 _50858_/X
 _50859_/X
 _50860_/X
 _50861_/X
 _50862_/Y
 _50863_/X
 _50864_/Y
 _50865_/X
 _50866_/X
 _50867_/Y
 _50868_/X
 _50869_/X
 _50870_/Y
 _50871_/Y
 _50872_/X
 _50873_/Y
 _50874_/Y
 _50875_/X
 _50876_/Y
 _50877_/Y
 _50878_/X
 _50879_/Y
 _50880_/Y
 _50881_/X
 _50882_/Y
 _50883_/X
 _50884_/X
 _50885_/Y
 _50886_/X
 _50887_/Y
 _50888_/X
 _50889_/X
 _50890_/Y
 _50891_/X
 _50892_/X
 _50893_/Y
 _50894_/Y
 _50895_/X
 _50896_/Y
 _50897_/Y
 _50898_/X
 _50899_/X
 _50900_/Y
 _50901_/X
 _50902_/X
 _50903_/Y
 _50904_/Y
 _50905_/Y
 _50906_/Y
 _50907_/Y
 _50908_/X
 _50909_/Y
 _50910_/X
 _50911_/Y
 _50912_/X
 _50913_/Y
 _50914_/Y
 _50915_/X
 _50916_/Y
 _50917_/Y
 _50918_/X
 _50919_/X
 _50920_/Y
 _50921_/Y
 _50922_/X
 _50923_/Y
 _50924_/X
 _50925_/X
 _50926_/X
 _50927_/X
 _50928_/X
 _50929_/Y
 _50930_/Y
 _50931_/X
 _50932_/X
 _50933_/Y
 _50934_/X
 _50935_/X
 _50936_/Y
 _50937_/X
 _50938_/Y
 _50939_/Y
 _50940_/X
 _50941_/Y
 _50942_/X
 _50943_/X
 _50944_/Y
 _50945_/X
 _50946_/X
 _50947_/X
 _50948_/Y
 _50949_/Y
 _50950_/Y
 _50951_/X
 _50952_/Y
 _50953_/X
 _50954_/X
 _50955_/X
 _50956_/Y
 _50957_/X
 _50958_/Y
 _50959_/Y
 _50960_/Y
 _50961_/X
 _50962_/Y
 _50963_/X
 _50964_/X
 _50965_/Y
 _50966_/X
 _50967_/X
 _50968_/X
 _50969_/Y
 _50970_/Y
 _50971_/X
 _50972_/Y
 _50973_/Y
 _50974_/Y
 _50975_/X
 _50976_/Y
 _50977_/Y
 _50978_/Y
 _50979_/Y
 _50980_/X
 _50981_/Y
 _50982_/X
 _50983_/X
 _50984_/X
 _50985_/X
 _50986_/X
 _50987_/Y
 _50988_/X
 _50989_/Y
 _50990_/X
 _50991_/X
 _50992_/X
 _50993_/X
 _50994_/X
 _50995_/X
 _50996_/X
 _50997_/X
 _50998_/X
 _50999_/Y
 _51000_/X
 _51001_/Y
 _51002_/Y
 _51003_/X
 _51004_/X
 _51005_/X
 _51006_/X
 _51007_/Y
 _51008_/Y
 _51009_/Y
 _51010_/Y
 _51011_/Y
 _51012_/X
 _51013_/Y
 _51014_/X
 _51015_/Y
 _51016_/X
 _51017_/X
 _51018_/Y
 _51019_/X
 _51020_/X
 _51021_/Y
 _51022_/Y
 _51023_/X
 _51024_/Y
 _51025_/Y
 _51026_/Y
 _51027_/X
 _51028_/X
 _51029_/Y
 _51030_/Y
 _51031_/Y
 _51032_/X
 _51033_/Y
 _51034_/Y
 _51035_/X
 _51036_/Y
 _51037_/X
 _51038_/Y
 _51039_/X
 _51040_/X
 _51041_/Y
 _51042_/X
 _51043_/X
 _51044_/Y
 _51045_/Y
 _51046_/X
 _51047_/X
 _51048_/Y
 _51049_/Y
 _51050_/Y
 _51051_/Y
 _51052_/Y
 _51053_/X
 _51054_/X
 _51055_/X
 _51056_/X
 _51057_/X
 _51058_/X
 _51059_/X
 _51060_/X
 _51061_/X
 _51062_/X
 _51063_/Y
 _51064_/X
 _51065_/Y
 _51066_/Y
 _51067_/X
 _51068_/X
 _51069_/Y
 _51070_/X
 _51071_/X
 _51072_/Y
 _51073_/Y
 _51074_/X
 _51075_/Y
 _51076_/X
 _51077_/X
 _51078_/X
 _51079_/X
 _51080_/X
 _51081_/Y
 _51082_/Y
 _51083_/X
 _51084_/Y
 _51085_/Y
 _51086_/X
 _51087_/X
 _51088_/Y
 _51089_/Y
 _51090_/X
 _51091_/Y
 _51092_/Y
 _51093_/Y
 _51094_/X
 _51095_/X
 _51096_/X
 _51097_/Y
 _51098_/X
 _51099_/X
 _51100_/X
 _51101_/Y
 _51102_/Y
 _51103_/Y
 _51104_/X
 _51105_/Y
 _51106_/X
 _51107_/X
 _51108_/X
 _51109_/Y
 _51110_/X
 _51111_/Y
 _51112_/Y
 _51113_/Y
 _51114_/X
 _51115_/Y
 _51116_/X
 _51117_/X
 _51118_/Y
 _51119_/Y
 _51120_/Y
 _51121_/X
 _51122_/Y
 _51123_/X
 _51124_/Y
 _51125_/Y
 _51126_/X
 _51127_/Y
 _51128_/Y
 _51129_/X
 _51130_/Y
 _51131_/X
 _51132_/Y
 _51133_/X
 _51134_/Y
 _51135_/X
 _51136_/X
 _51137_/X
 _51138_/X
 _51139_/X
 _51140_/Y
 _51141_/X
 _51142_/Y
 _51143_/X
 _51144_/X
 _51145_/X
 _51146_/X
 _51147_/X
 _51148_/X
 _51149_/X
 _51150_/X
 _51151_/X
 _51152_/Y
 _51153_/X
 _51154_/Y
 _51155_/Y
 _51156_/X
 _51157_/X
 _51158_/X
 _51159_/X
 _51160_/Y
 _51161_/Y
 _51162_/Y
 _51163_/Y
 _51164_/X
 _51165_/Y
 _51166_/Y
 _51167_/X
 _51168_/Y
 _51169_/X
 _51170_/X
 _51171_/Y
 _51172_/X
 _51173_/X
 _51174_/Y
 _51175_/Y
 _51176_/X
 _51177_/Y
 _51178_/Y
 _51179_/X
 _51180_/Y
 _51181_/Y
 _51182_/Y
 _51183_/Y
 _51184_/X
 _51185_/X
 _51186_/Y
 _51187_/Y
 _51188_/X
 _51189_/X
 _51190_/Y
 _51191_/X
 _51192_/X
 _51193_/Y
 _51194_/Y
 _51195_/X
 _51196_/Y
 _51197_/X
 _51198_/Y
 _51199_/X
 _51200_/X
 _51201_/Y
 _51202_/Y
 _51203_/Y
 _51204_/X
 _51205_/Y
 _51206_/X
 _51207_/X
 _51208_/X
 _51209_/Y
 _51210_/Y
 _51211_/Y
 _51212_/X
 _51213_/Y
 _51214_/X
 _51215_/X
 _51216_/X
 _51217_/Y
 _51218_/X
 _51219_/Y
 _51220_/Y
 _51221_/Y
 _51222_/X
 _51223_/Y
 _51224_/X
 _51225_/X
 _51226_/Y
 _51227_/Y
 _51228_/X
 _51229_/X
 _51230_/Y
 _51231_/X
 _51232_/X
 _51233_/X
 _51234_/Y
 _51235_/X
 _51236_/X
 _51237_/Y
 _51238_/Y
 _51239_/Y
 _51240_/Y
 _51241_/X
 _51242_/X
 _51243_/Y
 _51244_/Y
 _51245_/X
 _51246_/Y
 _51247_/X
 _51248_/X
 _51249_/X
 _51250_/X
 _51251_/X
 _51252_/Y
 _51253_/Y
 _51254_/X
 _51255_/Y
 _51256_/Y
 _51257_/Y
 _51258_/Y
 _51259_/Y
 _51260_/X
 _51261_/X
 _51262_/Y
 _51263_/Y
 _51264_/Y
 _51265_/X
 _51266_/Y
 _51267_/Y
 _51268_/Y
 _51269_/Y
 _51270_/X
 _51271_/X
 _51272_/Y
 _51273_/X
 _51274_/X
 _51275_/X
 _51276_/X
 _51277_/Y
 _51278_/Y
 _51279_/Y
 _51280_/X
 _51281_/X
 _51282_/Y
 _51283_/Y
 _51284_/X
 _51285_/Y
 _51286_/X
 _51287_/Y
 _51288_/Y
 _51289_/Y
 _51290_/X
 _51291_/Y
 _51292_/X
 _51293_/Y
 _51294_/X
 _51295_/Y
 _51296_/Y
 _51297_/X
 _51298_/Y
 _51299_/X
 _51300_/Y
 _51301_/X
 _51302_/X
 _51303_/X
 _51304_/X
 _51305_/X
 _51306_/Y
 _51307_/X
 _51308_/Y
 _51309_/X
 _51310_/X
 _51311_/X
 _51312_/X
 _51313_/X
 _51314_/X
 _51315_/X
 _51316_/X
 _51317_/X
 _51318_/Y
 _51319_/X
 _51320_/Y
 _51321_/Y
 _51322_/X
 _51323_/X
 _51324_/X
 _51325_/X
 _51326_/Y
 _51327_/Y
 _51328_/Y
 _51329_/Y
 _51330_/X
 _51331_/Y
 _51332_/Y
 _51333_/Y
 _51334_/X
 _51335_/Y
 _51336_/X
 _51337_/X
 _51338_/Y
 _51339_/X
 _51340_/X
 _51341_/Y
 _51342_/Y
 _51343_/X
 _51344_/Y
 _51345_/Y
 _51346_/X
 _51347_/Y
 _51348_/Y
 _51349_/Y
 _51350_/X
 _51351_/Y
 _51352_/Y
 _51353_/X
 _51354_/X
 _51355_/X
 _51356_/Y
 _51357_/Y
 _51358_/Y
 _51359_/Y
 _51360_/X
 _51361_/X
 _51362_/Y
 _51363_/Y
 _51364_/X
 _51365_/X
 _51366_/Y
 _51367_/Y
 _51368_/Y
 _51369_/Y
 _51370_/X
 _51371_/Y
 _51372_/X
 _51373_/Y
 _51374_/Y
 _51375_/Y
 _51376_/Y
 _51377_/X
 _51378_/Y
 _51379_/Y
 _51380_/Y
 _51381_/X
 _51382_/X
 _51383_/Y
 _51384_/X
 _51385_/Y
 _51386_/Y
 _51387_/X
 _51388_/X
 _51389_/Y
 _51390_/X
 _51391_/X
 _51392_/Y
 _51393_/Y
 _51394_/X
 _51395_/X
 _51396_/X
 _51397_/X
 _51398_/X
 _51399_/X
 _51400_/Y
 _51401_/Y
 _51402_/Y
 _51403_/X
 _51404_/Y
 _51405_/Y
 _51406_/X
 _51407_/Y
 _51408_/Y
 _51409_/Y
 _51410_/X
 _51411_/Y
 _51412_/X
 _51413_/Y
 _51414_/X
 _51415_/Y
 _51416_/Y
 _51417_/X
 _51418_/Y
 _51419_/X
 _51420_/Y
 _51421_/Y
 _51422_/Y
 _51423_/X
 _51424_/Y
 _51425_/Y
 _51426_/X
 _51427_/Y
 _51428_/Y
 _51429_/Y
 _51430_/X
 _51431_/Y
 _51432_/Y
 _51433_/X
 _51434_/Y
 _51435_/Y
 _51436_/X
 _51437_/Y
 _51438_/Y
 _51439_/X
 _51440_/Y
 _51441_/X
 _51442_/Y
 _51443_/X
 _51444_/Y
 _51445_/Y
 _51446_/X
 _51447_/X
 _51448_/X
 _51449_/X
 _51450_/Y
 _51451_/Y
 _51452_/X
 _51453_/X
 _51454_/Y
 _51455_/X
 _51456_/Y
 _51457_/Y
 _51458_/Y
 _51459_/Y
 _51460_/X
 _51461_/Y
 _51462_/Y
 _51463_/Y
 _51464_/X
 _51465_/Y
 _51466_/X
 _51467_/X
 _51468_/Y
 _51469_/X
 _51470_/X
 _51471_/Y
 _51472_/Y
 _51473_/X
 _51474_/Y
 _51475_/Y
 _51476_/X
 _51477_/Y
 _51478_/Y
 _51479_/Y
 _51480_/X
 _51481_/Y
 _51482_/Y
 _51483_/Y
 _51484_/Y
 _51485_/Y
 _51486_/X
 _51487_/X
 _51488_/Y
 _51489_/X
 _51490_/Y
 _51491_/X
 _51492_/Y
 _51493_/X
 _51494_/Y
 _51495_/X
 _51496_/Y
 _51497_/X
 _51498_/X
 _51499_/Y
 _51500_/Y
 _51501_/X
 _51502_/X
 _51503_/Y
 _51504_/Y
 _51505_/Y
 _51506_/Y
 _51507_/Y
 _51508_/X
 _51509_/Y
 _51510_/X
 _51511_/X
 _51512_/Y
 _51513_/Y
 _51514_/X
 _51515_/X
 _51516_/Y
 _51517_/Y
 _51518_/Y
 _51519_/X
 _51520_/X
 _51521_/X
 _51522_/X
 _51523_/Y
 _51524_/Y
 _51525_/X
 _51526_/Y
 _51527_/X
 _51528_/Y
 _51529_/Y
 _51530_/X
 _51531_/Y
 _51532_/X
 _51533_/X
 _51534_/X
 _51535_/Y
 _51536_/X
 _51537_/X
 _51538_/Y
 _51539_/X
 _51540_/Y
 _51541_/Y
 _51542_/Y
 _51543_/Y
 _51544_/Y
 _51545_/Y
 _51546_/X
 _51547_/X
 _51548_/Y
 _51549_/Y
 _51550_/X
 _51551_/Y
 _51552_/X
 _51553_/Y
 _51554_/Y
 _51555_/Y
 _51556_/Y
 _51557_/Y
 _51558_/Y
 _51559_/Y
 _51560_/X
 _51561_/Y
 _51562_/X
 _51563_/Y
 _51564_/Y
 _51565_/X
 _51566_/Y
 _51567_/Y
 _51568_/Y
 _51569_/X
 _51570_/X
 _51571_/Y
 _51572_/X
 _51573_/X
 _51574_/Y
 _51575_/X
 _51576_/X
 _51577_/Y
 _51578_/X
 _51579_/X
 _51580_/X
 _51581_/X
 _51582_/X
 _51583_/X
 _51584_/X
 _51585_/Y
 _51586_/X
 _51587_/Y
 _51588_/Y
 _51589_/X
 _51590_/X
 _51591_/X
 _51592_/Y
 _51593_/Y
 _51594_/X
 _51595_/Y
 _51596_/Y
 _51597_/X
 _51598_/Y
 _51599_/Y
 _51600_/Y
 _51601_/X
 _51602_/X
 _51603_/Y
 _51604_/X
 _51605_/Y
 _51606_/Y
 _51607_/X
 _51608_/Y
 _51609_/Y
 _51610_/Y
 _51611_/Y
 _51612_/X
 _51613_/Y
 _51614_/X
 _51615_/Y
 _51616_/X
 _51617_/Y
 _51618_/Y
 _51619_/Y
 _51620_/Y
 _51621_/Y
 _51622_/X
 _51623_/Y
 _51624_/Y
 _51625_/Y
 _51626_/X
 _51627_/Y
 _51628_/Y
 _51629_/X
 _51630_/X
 _51631_/Y
 _51632_/X
 _51633_/Y
 _51634_/Y
 _51635_/X
 _51636_/X
 _51637_/Y
 _51638_/X
 _51639_/Y
 _51640_/Y
 _51641_/X
 _51642_/Y
 _51643_/X
 _51644_/X
 _51645_/X
 _51646_/X
 _51647_/Y
 _51648_/Y
 _51649_/X
 _51650_/Y
 _51651_/X
 _51652_/Y
 _51653_/Y
 _51654_/Y
 _51655_/Y
 _51656_/X
 _51657_/Y
 _51658_/X
 _51659_/Y
 _51660_/X
 _51661_/X
 _51662_/X
 _51663_/X
 _51664_/Y
 _51665_/X
 _51666_/Y
 _51667_/Y
 _51668_/X
 _51669_/X
 _51670_/X
 _51671_/X
 _51672_/Y
 _51673_/Y
 _51674_/X
 _51675_/Y
 _51676_/X
 _51677_/X
 _51678_/X
 _51679_/X
 _51680_/Y
 _51681_/Y
 _51682_/X
 _51683_/X
 _51684_/Y
 _51685_/Y
 _51686_/X
 _51687_/Y
 _51688_/Y
 _51689_/X
 _51690_/Y
 _51691_/X
 _51692_/X
 _51693_/X
 _51694_/Y
 _51695_/X
 _51696_/X
 _51697_/X
 _51698_/Y
 _51699_/X
 _51700_/X
 _51701_/Y
 _51702_/X
 _51703_/Y
 _51704_/Y
 _51705_/Y
 _51706_/X
 _51707_/Y
 _51708_/Y
 _51709_/X
 _51710_/Y
 _51711_/X
 _51712_/X
 _51713_/X
 _51714_/Y
 _51715_/X
 _51716_/Y
 _51717_/Y
 _51718_/X
 _51719_/X
 _51720_/X
 _51721_/Y
 _51722_/Y
 _51723_/Y
 _51724_/X
 _51725_/X
 _51726_/X
 _51727_/X
 _51728_/X
 _51729_/Y
 _51730_/X
 _51731_/X
 _51732_/Y
 _51733_/Y
 _51734_/Y
 _51735_/X
 _51736_/Y
 _51737_/Y
 _51738_/Y
 _51739_/Y
 _51740_/Y
 _51741_/Y
 _51742_/Y
 _51743_/X
 _51744_/Y
 _51745_/Y
 _51746_/X
 _51747_/Y
 _51748_/X
 _51749_/Y
 _51750_/X
 _51751_/Y
 _51752_/Y
 _51753_/X
 _51754_/X
 _51755_/X
 _51756_/X
 _51757_/X
 _51758_/X
 _51759_/X
 _51760_/Y
 _51761_/X
 _51762_/Y
 _51763_/X
 _51764_/X
 _51765_/Y
 _51766_/X
 _51767_/X
 _51768_/Y
 _51769_/X
 _51770_/X
 _51771_/X
 _51772_/Y
 _51773_/X
 _51774_/X
 _51775_/Y
 _51776_/X
 _51777_/X
 _51778_/Y
 _51779_/Y
 _51780_/X
 _51781_/Y
 _51782_/Y
 _51783_/Y
 _51784_/Y
 _51785_/X
 _51786_/Y
 _51787_/X
 _51788_/Y
 _51789_/X
 _51790_/Y
 _51791_/Y
 _51792_/Y
 _51793_/Y
 _51794_/X
 _51795_/Y
 _51796_/Y
 _51797_/Y
 _51798_/X
 _51799_/X
 _51800_/Y
 _51801_/Y
 _51802_/Y
 _51803_/X
 _51804_/Y
 _51805_/X
 _51806_/Y
 _51807_/X
 _51808_/Y
 _51809_/X
 _51810_/Y
 _51811_/Y
 _51812_/Y
 _51813_/Y
 _51814_/X
 _51815_/X
 _51816_/Y
 _51817_/Y
 _51818_/Y
 _51819_/X
 _51820_/X
 _51821_/X
 _51822_/Y
 _51823_/Y
 _51824_/Y
 _51825_/X
 _51826_/Y
 _51827_/Y
 _51828_/X
 _51829_/Y
 _51830_/Y
 _51831_/Y
 _51832_/Y
 _51833_/Y
 _51834_/Y
 _51835_/Y
 _51836_/X
 _51837_/X
 _51838_/X
 _51839_/Y
 _51840_/X
 _51841_/Y
 _51842_/Y
 _51843_/X
 _51844_/X
 _51845_/Y
 _51846_/X
 _51847_/Y
 _51848_/X
 _51849_/X
 _51850_/Y
 _51851_/Y
 _51852_/Y
 _51853_/Y
 _51854_/Y
 _51855_/X
 _51856_/X
 _51857_/X
 _51858_/Y
 _51859_/Y
 _51860_/X
 _51861_/X
 _51862_/X
 _51863_/Y
 _51864_/X
 _51865_/X
 _51866_/Y
 _51867_/X
 _51868_/X
 _51869_/Y
 _51870_/X
 _51871_/X
 _51872_/Y
 _51873_/Y
 _51874_/X
 _51875_/X
 _51876_/X
 _51877_/X
 _51878_/X
 _51879_/Y
 _51880_/X
 _51881_/X
 _51882_/Y
 _51883_/Y
 _51884_/X
 _51885_/Y
 _51886_/Y
 _51887_/Y
 _51888_/X
 _51889_/Y
 _51890_/Y
 _51891_/X
 _51892_/Y
 _51893_/X
 _51894_/X
 _51895_/Y
 _51896_/Y
 _51897_/X
 _51898_/Y
 _51899_/Y
 _51900_/Y
 _51901_/Y
 _51902_/X
 _51903_/Y
 _51904_/Y
 _51905_/X
 _51906_/Y
 _51907_/Y
 _51908_/Y
 _51909_/X
 _51910_/X
 _51911_/X
 _51912_/X
 _51913_/Y
 _51914_/Y
 _51915_/Y
 _51916_/X
 _51917_/Y
 _51918_/Y
 _51919_/Y
 _51920_/Y
 _51921_/Y
 _51922_/X
 _51923_/X
 _51924_/Y
 _51925_/X
 _51926_/X
 _51927_/Y
 _51928_/X
 _51929_/X
 _51930_/Y
 _51931_/Y
 _51932_/Y
 _51933_/X
 _51934_/X
 _51935_/Y
 _51936_/Y
 _51937_/X
 _51938_/Y
 _51939_/X
 _51940_/X
 _51941_/Y
 _51942_/X
 _51943_/X
 _51944_/Y
 _51945_/X
 _51946_/X
 _51947_/Y
 _51948_/Y
 _51949_/Y
 _51950_/X
 _51951_/Y
 _51952_/Y
 _51953_/Y
 _51954_/X
 _51955_/Y
 _51956_/X
 _51957_/Y
 _51958_/Y
 _51959_/X
 _51960_/X
 _51961_/Y
 _51962_/Y
 _51963_/Y
 _51964_/Y
 _51965_/X
 _51966_/X
 _51967_/X
 _51968_/X
 _51969_/X
 _51970_/X
 _51971_/Y
 _51972_/Y
 _51973_/Y
 _51974_/Y
 _51975_/Y
 _51976_/Y
 _51977_/Y
 _51978_/Y
 _51979_/Y
 _51980_/Y
 _51981_/X
 _51982_/X
 _51983_/X
 _51984_/Y
 _51985_/X
 _51986_/X
 _51987_/Y
 _51988_/Y
 _51989_/X
 _51990_/X
 _51991_/Y
 _51992_/Y
 _51993_/Y
 _51994_/X
 _51995_/Y
 _51996_/Y
 _51997_/X
 _51998_/Y
 _51999_/Y
 _52000_/X
 _52001_/X
 _52002_/Y
 _52003_/X
 _52004_/X
 _52005_/X
 _52006_/X
 _52007_/X
 _52008_/Y
 _52009_/Y
 _52010_/X
 _52011_/Y
 _52012_/Y
 _52013_/X
 _52014_/Y
 _52015_/X
 _52016_/Y
 _52017_/Y
 _52018_/X
 _52019_/Y
 _52020_/Y
 _52021_/X
 _52022_/X
 _52023_/Y
 _52024_/X
 _52025_/Y
 _52026_/X
 _52027_/X
 _52028_/Y
 _52029_/Y
 _52030_/X
 _52031_/Y
 _52032_/Y
 _52033_/Y
 _52034_/X
 _52035_/X
 _52036_/Y
 _52037_/X
 _52038_/X
 _52039_/Y
 _52040_/Y
 _52041_/Y
 _52042_/Y
 _52043_/X
 _52044_/X
 _52045_/Y
 _52046_/Y
 _52047_/X
 _52048_/Y
 _52049_/Y
 _52050_/Y
 _52051_/Y
 _52052_/Y
 _52053_/X
 _52054_/Y
 _52055_/Y
 _52056_/Y
 _52057_/Y
 _52058_/X
 _52059_/X
 _52060_/X
 _52061_/X
 _52062_/X
 _52063_/Y
 _52064_/X
 _52065_/X
 _52066_/X
 _52067_/Y
 _52068_/Y
 _52069_/X
 _52070_/Y
 _52071_/Y
 _52072_/X
 _52073_/X
 _52074_/X
 _52075_/X
 _52076_/X
 _52077_/X
 _52078_/Y
 _52079_/X
 _52080_/X
 _52081_/X
 _52082_/Y
 _52083_/X
 _52084_/X
 _52085_/Y
 _52086_/X
 _52087_/Y
 _52088_/Y
 _52089_/X
 _52090_/X
 _52091_/X
 _52092_/X
 _52093_/X
 _52094_/Y
 _52095_/Y
 _52096_/Y
 _52097_/X
 _52098_/X
 _52099_/Y
 _52100_/Y
 _52101_/X
 _52102_/X
 _52103_/X
 _52104_/X
 _52105_/Y
 _52106_/X
 _52107_/Y
 _52108_/Y
 _52109_/Y
 _52110_/Y
 _52111_/X
 _52112_/Y
 _52113_/Y
 _52114_/Y
 _52115_/X
 _52116_/Y
 _52117_/Y
 _52118_/X
 _52119_/Y
 _52120_/X
 _52121_/X
 _52122_/Y
 _52123_/X
 _52124_/X
 _52125_/Y
 _52126_/X
 _52127_/Y
 _52128_/X
 _52129_/X
 _52130_/X
 _52131_/X
 _52132_/Y
 _52133_/Y
 _52134_/X
 _52135_/X
 _52136_/X
 _52137_/Y
 _52138_/X
 _52139_/X
 _52140_/X
 _52141_/X
 _52142_/Y
 _52143_/Y
 _52144_/Y
 _52145_/X
 _52146_/Y
 _52147_/Y
 _52148_/Y
 _52149_/Y
 _52150_/X
 _52151_/X
 _52152_/X
 _52153_/Y
 _52154_/Y
 _52155_/Y
 _52156_/X
 _52157_/X
 _52158_/X
 _52159_/X
 _52160_/Y
 _52161_/X
 _52162_/Y
 _52163_/Y
 _52164_/X
 _52165_/Y
 _52166_/X
 _52167_/Y
 _52168_/X
 _52169_/Y
 _52170_/X
 _52171_/X
 _52172_/Y
 _52173_/X
 _52174_/X
 _52175_/Y
 _52176_/Y
 _52177_/X
 _52178_/Y
 _52179_/Y
 _52180_/Y
 _52181_/X
 _52182_/X
 _52183_/X
 _52184_/X
 _52185_/Y
 _52186_/Y
 _52187_/Y
 _52188_/X
 _52189_/X
 _52190_/X
 _52191_/Y
 _52192_/X
 _52193_/Y
 _52194_/Y
 _52195_/Y
 _52196_/X
 _52197_/X
 _52198_/Y
 _52199_/X
 _52200_/X
 _52201_/Y
 _52202_/Y
 _52203_/X
 _52204_/X
 _52205_/Y
 _52206_/Y
 _52207_/Y
 _52208_/X
 _52209_/Y
 _52210_/X
 _52211_/X
 _52212_/X
 _52213_/Y
 _52214_/X
 _52215_/Y
 _52216_/X
 _52217_/X
 _52218_/X
 _52219_/Y
 _52220_/Y
 _52221_/X
 _52222_/X
 _52223_/Y
 _52224_/X
 _52225_/Y
 _52226_/X
 _52227_/Y
 _52228_/Y
 _52229_/X
 _52230_/Y
 _52231_/Y
 _52232_/X
 _52233_/Y
 _52234_/X
 _52235_/X
 _52236_/X
 _52237_/Y
 _52238_/Y
 _52239_/Y
 _52240_/Y
 _52241_/X
 _52242_/Y
 _52243_/X
 _52244_/X
 _52245_/Y
 _52246_/X
 _52247_/Y
 _52248_/Y
 _52249_/X
 _52250_/Y
 _52251_/X
 _52252_/X
 _52253_/Y
 _52254_/X
 _52255_/Y
 _52256_/Y
 _52257_/X
 _52258_/Y
 _52259_/X
 _52260_/Y
 _52261_/Y
 _52262_/Y
 _52263_/X
 _52264_/X
 _52265_/X
 _52266_/Y
 _52267_/Y
 _52268_/Y
 _52269_/Y
 _52270_/X
 _52271_/X
 _52272_/Y
 _52273_/X
 _52274_/X
 _52275_/Y
 _52276_/X
 _52277_/X
 _52278_/Y
 _52279_/Y
 _52280_/X
 _52281_/X
 _52282_/X
 _52283_/X
 _52284_/X
 _52285_/Y
 _52286_/X
 _52287_/Y
 _52288_/X
 _52289_/X
 _52290_/X
 _52291_/X
 _52292_/X
 _52293_/Y
 _52294_/X
 _52295_/Y
 _52296_/X
 _52297_/X
 _52298_/X
 _52299_/X
 _52300_/X
 _52301_/Y
 _52302_/Y
 _52303_/Y
 _52304_/Y
 _52305_/X
 _52306_/X
 _52307_/Y
 _52308_/Y
 _52309_/X
 _52310_/Y
 _52311_/Y
 _52312_/X
 _52313_/X
 _52314_/X
 _52315_/X
 _52316_/X
 _52317_/X
 _52318_/X
 _52319_/X
 _52320_/X
 _52321_/Y
 _52322_/X
 _52323_/Y
 _52324_/X
 _52325_/Y
 _52326_/Y
 _52327_/Y
 _52328_/Y
 _52329_/Y
 _52330_/Y
 _52331_/X
 _52332_/Y
 _52333_/X
 _52334_/X
 _52335_/Y
 _52336_/X
 _52337_/Y
 _52338_/Y
 _52339_/Y
 _52340_/X
 _52341_/X
 _52342_/X
 _52343_/X
 _52344_/X
 _52345_/Y
 _52346_/X
 _52347_/X
 _52348_/Y
 _52349_/Y
 _52350_/X
 _52351_/Y
 _52352_/X
 _52353_/Y
 _52354_/X
 _52355_/Y
 _52356_/Y
 _52357_/Y
 _52358_/Y
 _52359_/Y
 _52360_/X
 _52361_/X
 _52362_/Y
 _52363_/X
 _52364_/Y
 _52365_/X
 _52366_/X
 _52367_/Y
 _52368_/X
 _52369_/Y
 _52370_/X
 _52371_/Y
 _52372_/Y
 _52373_/Y
 _52374_/Y
 _52375_/X
 _52376_/X
 _52377_/X
 _52378_/Y
 _52379_/X
 _52380_/X
 _52381_/Y
 _52382_/X
 _52383_/Y
 _52384_/Y
 _52385_/X
 _52386_/Y
 _52387_/Y
 _52388_/Y
 _52389_/X
 _52390_/Y
 _52391_/Y
 _52392_/Y
 _52393_/Y
 _52394_/Y
 _52395_/Y
 _52396_/Y
 _52397_/X
 _52398_/X
 _52399_/Y
 _52400_/Y
 _52401_/Y
 _52402_/X
 _52403_/X
 _52404_/Y
 _52405_/Y
 _52406_/Y
 _52407_/X
 _52408_/Y
 _52409_/X
 _52410_/Y
 _52411_/X
 _52412_/X
 _52413_/Y
 _52414_/Y
 _52415_/Y
 _52416_/X
 _52417_/Y
 _52418_/X
 _52419_/X
 _52420_/X
 _52421_/Y
 _52422_/Y
 _52423_/Y
 _52424_/X
 _52425_/Y
 _52426_/Y
 _52427_/X
 _52428_/Y
 _52429_/X
 _52430_/Y
 _52431_/Y
 _52432_/Y
 _52433_/Y
 _52434_/Y
 _52435_/Y
 _52436_/X
 _52437_/Y
 _52438_/X
 _52439_/Y
 _52440_/X
 _52441_/X
 _52442_/X
 _52443_/X
 _52444_/Y
 _52445_/X
 _52446_/X
 _52447_/Y
 _52448_/X
 _52449_/Y
 _52450_/Y
 _52451_/X
 _52452_/X
 _52453_/X
 _52454_/Y
 _52455_/X
 _52456_/X
 _52457_/Y
 _52458_/Y
 _52459_/Y
 _52460_/X
 _52461_/Y
 _52462_/X
 _52463_/X
 _52464_/X
 _52465_/X
 _52466_/Y
 _52467_/Y
 _52468_/Y
 _52469_/Y
 _52470_/X
 _52471_/X
 _52472_/Y
 _52473_/Y
 _52474_/X
 _52475_/X
 _52476_/X
 _52477_/Y
 _52478_/Y
 _52479_/X
 _52480_/Y
 _52481_/Y
 _52482_/Y
 _52483_/X
 _52484_/Y
 _52485_/X
 _52486_/Y
 _52487_/X
 _52488_/X
 _52489_/X
 _52490_/Y
 _52491_/X
 _52492_/X
 _52493_/X
 _52494_/Y
 _52495_/X
 _52496_/X
 _52497_/Y
 _52498_/Y
 _52499_/X
 _52500_/Y
 _52501_/X
 _52502_/X
 _52503_/X
 _52504_/X
 _52505_/X
 _52506_/Y
 _52507_/X
 _52508_/Y
 _52509_/X
 _52510_/Y
 _52511_/X
 _52512_/X
 _52513_/Y
 _52514_/X
 _52515_/X
 _52516_/X
 _52517_/Y
 _52518_/Y
 _52519_/Y
 _52520_/X
 _52521_/Y
 _52522_/X
 _52523_/Y
 _52524_/Y
 _52525_/X
 _52526_/Y
 _52527_/X
 _52528_/Y
 _52529_/X
 _52530_/Y
 _52531_/X
 _52532_/Y
 _52533_/X
 _52534_/Y
 _52535_/Y
 _52536_/X
 _52537_/Y
 _52538_/Y
 _52539_/Y
 _52540_/X
 _52541_/Y
 _52542_/X
 _52543_/Y
 _52544_/Y
 _52545_/X
 _52546_/Y
 _52547_/Y
 _52548_/Y
 _52549_/Y
 _52550_/X
 _52551_/Y
 _52552_/Y
 _52553_/Y
 _52554_/Y
 _52555_/X
 _52556_/X
 _52557_/Y
 _52558_/X
 _52559_/Y
 _52560_/Y
 _52561_/Y
 _52562_/Y
 _52563_/Y
 _52564_/Y
 _52565_/X
 _52566_/X
 _52567_/X
 _52568_/X
 _52569_/X
 _52570_/X
 _52571_/Y
 _52572_/Y
 _52573_/Y
 _52574_/X
 _52575_/Y
 _52576_/Y
 _52577_/Y
 _52578_/X
 _52579_/X
 _52580_/Y
 _52581_/Y
 _52582_/X
 _52583_/Y
 _52584_/Y
 _52585_/Y
 _52586_/Y
 _52587_/Y
 _52588_/X
 _52589_/Y
 _52590_/Y
 _52591_/X
 _52592_/Y
 _52593_/Y
 _52594_/Y
 _52595_/X
 _52596_/Y
 _52597_/Y
 _52598_/X
 _52599_/X
 _52600_/Y
 _52601_/Y
 _52602_/Y
 _52603_/Y
 _52604_/Y
 _52605_/Y
 _52606_/Y
 _52607_/X
 _52608_/Y
 _52609_/Y
 _52610_/Y
 _52611_/X
 _52612_/Y
 _52613_/X
 _52614_/X
 _52615_/Y
 _52616_/Y
 _52617_/X
 _52618_/Y
 _52619_/X
 _52620_/X
 _52621_/X
 _52622_/Y
 _52623_/Y
 _52624_/X
 _52625_/X
 _52626_/Y
 _52627_/X
 _52628_/Y
 _52629_/X
 _52630_/X
 _52631_/Y
 _52632_/Y
 _52633_/X
 _52634_/Y
 _52635_/Y
 _52636_/X
 _52637_/X
 _52638_/X
 _52639_/Y
 _52640_/X
 _52641_/Y
 _52642_/X
 _52643_/X
 _52644_/Y
 _52645_/Y
 _52646_/Y
 _52647_/X
 _52648_/Y
 _52649_/X
 _52650_/Y
 _52651_/X
 _52652_/Y
 _52653_/Y
 _52654_/X
 _52655_/X
 _52656_/X
 _52657_/Y
 _52658_/X
 _52659_/X
 _52660_/X
 _52661_/X
 _52662_/X
 _52663_/Y
 _52664_/Y
 _52665_/X
 _52666_/X
 _52667_/Y
 _52668_/X
 _52669_/Y
 _52670_/X
 _52671_/Y
 _52672_/Y
 _52673_/Y
 _52674_/Y
 _52675_/Y
 _52676_/Y
 _52677_/Y
 _52678_/X
 _52679_/Y
 _52680_/Y
 _52681_/Y
 _52682_/Y
 _52683_/Y
 _52684_/Y
 _52685_/X
 _52686_/Y
 _52687_/X
 _52688_/Y
 _52689_/X
 _52690_/Y
 _52691_/X
 _52692_/X
 _52693_/Y
 _52694_/Y
 _52695_/X
 _52696_/Y
 _52697_/X
 _52698_/X
 _52699_/Y
 _52700_/Y
 _52701_/X
 _52702_/X
 _52703_/X
 _52704_/X
 _52705_/X
 _52706_/X
 _52707_/X
 _52708_/X
 _52709_/X
 _52710_/X
 _52711_/X
 _52712_/Y
 _52713_/X
 _52714_/X
 _52715_/X
 _52716_/X
 _52717_/X
 _52718_/X
 _52719_/Y
 _52720_/Y
 _52721_/X
 _52722_/X
 _52723_/Y
 _52724_/X
 _52725_/Y
 _52726_/Y
 _52727_/X
 _52728_/Y
 _52729_/Y
 _52730_/X
 _52731_/X
 _52732_/Y
 _52733_/X
 _52734_/X
 _52735_/X
 _52736_/X
 _52737_/Y
 _52738_/Y
 _52739_/X
 _52740_/X
 _52741_/X
 _52742_/Y
 _52743_/X
 _52744_/X
 _52745_/Y
 _52746_/X
 _52747_/X
 _52748_/X
 _52749_/Y
 _52750_/Y
 _52751_/X
 _52752_/Y
 _52753_/X
 _52754_/Y
 _52755_/X
 _52756_/Y
 _52757_/X
 _52758_/X
 _52759_/Y
 _52760_/Y
 _52761_/X
 _52762_/X
 _52763_/X
 _52764_/Y
 _52765_/Y
 _52766_/X
 _52767_/X
 _52768_/Y
 _52769_/Y
 _52770_/X
 _52771_/X
 _52772_/Y
 _52773_/X
 _52774_/X
 _52775_/X
 _52776_/Y
 _52777_/Y
 _52778_/Y
 _52779_/Y
 _52780_/X
 _52781_/Y
 _52782_/Y
 _52783_/X
 _52784_/Y
 _52785_/Y
 _52786_/Y
 _52787_/X
 _52788_/X
 _52789_/Y
 _52790_/X
 _52791_/Y
 _52792_/Y
 _52793_/X
 _52794_/X
 _52795_/X
 _52796_/Y
 _52797_/Y
 _52798_/X
 _52799_/X
 _52800_/X
 _52801_/X
 _52802_/X
 _52803_/X
 _52804_/X
 _52805_/Y
 _52806_/X
 _52807_/X
 _52808_/Y
 _52809_/X
 _52810_/Y
 _52811_/X
 _52812_/Y
 _52813_/Y
 _52814_/Y
 _52815_/X
 _52816_/X
 _52817_/Y
 _52818_/X
 _52819_/X
 _52820_/X
 _52821_/Y
 _52822_/Y
 _52823_/Y
 _52824_/X
 _52825_/Y
 _52826_/X
 _52827_/Y
 _52828_/Y
 _52829_/X
 _52830_/Y
 _52831_/X
 _52832_/Y
 _52833_/X
 _52834_/X
 _52835_/Y
 _52836_/X
 _52837_/X
 _52838_/Y
 _52839_/Y
 _52840_/X
 _52841_/X
 _52842_/X
 _52843_/Y
 _52844_/Y
 _52845_/Y
 _52846_/X
 _52847_/Y
 _52848_/Y
 _52849_/X
 _52850_/Y
 _52851_/X
 _52852_/X
 _52853_/X
 _52854_/X
 _52855_/Y
 _52856_/X
 _52857_/Y
 _52858_/Y
 _52859_/X
 _52860_/Y
 _52861_/Y
 _52862_/Y
 _52863_/X
 _52864_/X
 _52865_/Y
 _52866_/X
 _52867_/Y
 _52868_/X
 _52869_/Y
 _52870_/X
 _52871_/Y
 _52872_/Y
 _52873_/X
 _52874_/X
 _52875_/Y
 _52876_/Y
 _52877_/X
 _52878_/Y
 _52879_/X
 _52880_/Y
 _52881_/X
 _52882_/Y
 _52883_/X
 _52884_/Y
 _52885_/X
 _52886_/Y
 _52887_/Y
 _52888_/X
 _52889_/Y
 _52890_/Y
 _52891_/Y
 _52892_/X
 _52893_/X
 _52894_/Y
 _52895_/Y
 _52896_/X
 _52897_/X
 _52898_/X
 _52899_/Y
 _52900_/X
 _52901_/Y
 _52902_/X
 _52903_/X
 _52904_/Y
 _52905_/X
 _52906_/Y
 _52907_/X
 _52908_/Y
 _52909_/Y
 _52910_/Y
 _52911_/Y
 _52912_/X
 _52913_/X
 _52914_/X
 _52915_/X
 _52916_/X
 _52917_/Y
 _52918_/X
 _52919_/X
 _52920_/X
 _52921_/Y
 _52922_/Y
 _52923_/X
 _52924_/Y
 _52925_/Y
 _52926_/Y
 _52927_/Y
 _52928_/Y
 _52929_/X
 _52930_/Y
 _52931_/X
 _52932_/Y
 _52933_/X
 _52934_/Y
 _52935_/X
 _52936_/Y
 _52937_/Y
 _52938_/Y
 _52939_/Y
 _52940_/X
 _52941_/Y
 _52942_/X
 _52943_/Y
 _52944_/X
 _52945_/Y
 _52946_/Y
 _52947_/Y
 _52948_/Y
 _52949_/Y
 _52950_/X
 _52951_/X
 _52952_/Y
 _52953_/X
 _52954_/Y
 _52955_/Y
 _52956_/Y
 _52957_/Y
 _52958_/Y
 _52959_/X
 _52960_/Y
 _52961_/X
 _52962_/X
 _52963_/X
 _52964_/X
 _52965_/X
 _52966_/Y
 _52967_/Y
 _52968_/X
 _52969_/X
 _52970_/Y
 _52971_/Y
 _52972_/Y
 _52973_/X
 _52974_/Y
 _52975_/X
 _52976_/Y
 _52977_/X
 _52978_/X
 _52979_/X
 _52980_/Y
 _52981_/Y
 _52982_/Y
 _52983_/X
 _52984_/X
 _52985_/X
 _52986_/X
 _52987_/X
 _52988_/X
 _52989_/X
 _52990_/Y
 _52991_/X
 _52992_/Y
 _52993_/X
 _52994_/X
 _52995_/Y
 _52996_/X
 _52997_/Y
 _52998_/Y
 _52999_/Y
 _53000_/X
 _53001_/Y
 _53002_/Y
 _53003_/X
 _53004_/X
 _53005_/X
 _53006_/X
 _53007_/X
 _53008_/X
 _53009_/X
 _53010_/Y
 _53011_/Y
 _53012_/X
 _53013_/Y
 _53014_/Y
 _53015_/X
 _53016_/Y
 _53017_/Y
 _53018_/Y
 _53019_/X
 _53020_/X
 _53021_/X
 _53022_/Y
 _53023_/Y
 _53024_/Y
 _53025_/Y
 _53026_/Y
 _53027_/Y
 _53028_/Y
 _53029_/Y
 _53030_/Y
 _53031_/X
 _53032_/Y
 _53033_/X
 _53034_/X
 _53035_/Y
 _53036_/X
 _53037_/Y
 _53038_/X
 _53039_/X
 _53040_/Y
 _53041_/Y
 _53042_/Y
 _53043_/Y
 _53044_/Y
 _53045_/X
 _53046_/Y
 _53047_/Y
 _53048_/Y
 _53049_/X
 _53050_/X
 _53051_/X
 _53052_/X
 _53053_/X
 _53054_/X
 _53055_/Y
 _53056_/X
 _53057_/Y
 _53058_/Y
 _53059_/Y
 _53060_/Y
 _53061_/X
 _53062_/Y
 _53063_/Y
 _53064_/Y
 _53065_/X
 _53066_/X
 _53067_/X
 _53068_/X
 _53069_/Y
 _53070_/X
 _53071_/Y
 _53072_/X
 _53073_/X
 _53074_/X
 _53075_/X
 _53076_/X
 _53077_/X
 _53078_/X
 _53079_/Y
 _53080_/X
 _53081_/Y
 _53082_/Y
 _53083_/Y
 _53084_/Y
 _53085_/X
 _53086_/X
 _53087_/Y
 _53088_/Y
 _53089_/Y
 _53090_/X
 _53091_/Y
 _53092_/Y
 _53093_/Y
 _53094_/X
 _53095_/Y
 _53096_/Y
 _53097_/X
 _53098_/Y
 _53099_/X
 _53100_/Y
 _53101_/Y
 _53102_/Y
 _53103_/X
 _53104_/Y
 _53105_/Y
 _53106_/X
 _53107_/Y
 _53108_/X
 _53109_/X
 _53110_/Y
 _53111_/X
 _53112_/X
 _53113_/Y
 _53114_/Y
 _53115_/X
 _53116_/X
 _53117_/Y
 _53118_/Y
 _53119_/X
 _53120_/Y
 _53121_/X
 _53122_/Y
 _53123_/Y
 _53124_/X
 _53125_/X
 _53126_/Y
 _53127_/Y
 _53128_/X
 _53129_/X
 _53130_/Y
 _53131_/Y
 _53132_/X
 _53133_/X
 _53134_/Y
 _53135_/Y
 _53136_/Y
 _53137_/X
 _53138_/X
 _53139_/X
 _53140_/X
 _53141_/Y
 _53142_/X
 _53143_/Y
 _53144_/Y
 _53145_/X
 _53146_/X
 _53147_/X
 _53148_/X
 _53149_/X
 _53150_/Y
 _53151_/X
 _53152_/Y
 _53153_/X
 _53154_/X
 _53155_/X
 _53156_/X
 _53157_/X
 _53158_/X
 _53159_/X
 _53160_/Y
 _53161_/Y
 _53162_/X
 _53163_/Y
 _53164_/Y
 _53165_/X
 _53166_/Y
 _53167_/Y
 _53168_/X
 _53169_/X
 _53170_/Y
 _53171_/X
 _53172_/Y
 _53173_/Y
 _53174_/X
 _53175_/X
 _53176_/Y
 _53177_/Y
 _53178_/X
 _53179_/Y
 _53180_/X
 _53181_/Y
 _53182_/X
 _53183_/Y
 _53184_/Y
 _53185_/X
 _53186_/X
 _53187_/Y
 _53188_/Y
 _53189_/X
 _53190_/Y
 _53191_/Y
 _53192_/X
 _53193_/X
 _53194_/X
 _53195_/Y
 _53196_/Y
 _53197_/X
 _53198_/X
 _53199_/Y
 _53200_/Y
 _53201_/Y
 _53202_/Y
 _53203_/X
 _53204_/X
 _53205_/Y
 _53206_/Y
 _53207_/X
 _53208_/Y
 _53209_/X
 _53210_/Y
 _53211_/X
 _53212_/X
 _53213_/X
 _53214_/X
 _53215_/Y
 _53216_/Y
 _53217_/Y
 _53218_/X
 _53219_/X
 _53220_/Y
 _53221_/Y
 _53222_/Y
 _53223_/X
 _53224_/X
 _53225_/Y
 _53226_/X
 _53227_/X
 _53228_/Y
 _53229_/X
 _53230_/X
 _53231_/Y
 _53232_/Y
 _53233_/Y
 _53234_/Y
 _53235_/Y
 _53236_/X
 _53237_/Y
 _53238_/Y
 _53239_/Y
 _53240_/X
 _53241_/Y
 _53242_/X
 _53243_/X
 _53244_/Y
 _53245_/Y
 _53246_/X
 _53247_/Y
 _53248_/Y
 _53249_/X
 _53250_/Y
 _53251_/Y
 _53252_/X
 _53253_/Y
 _53254_/Y
 _53255_/X
 _53256_/X
 _53257_/X
 _53258_/X
 _53259_/Y
 _53260_/X
 _53261_/X
 _53262_/Y
 _53263_/Y
 _53264_/Y
 _53265_/X
 _53266_/X
 _53267_/Y
 _53268_/Y
 _53269_/Y
 _53270_/Y
 _53271_/X
 _53272_/Y
 _53273_/X
 _53274_/X
 _53275_/X
 _53276_/Y
 _53277_/Y
 _53278_/X
 _53279_/Y
 _53280_/Y
 _53281_/Y
 _53282_/X
 _53283_/X
 _53284_/Y
 _53285_/Y
 _53286_/X
 _53287_/Y
 _53288_/Y
 _53289_/Y
 _53290_/Y
 _53291_/Y
 _53292_/Y
 _53293_/X
 _53294_/X
 _53295_/Y
 _53296_/X
 _53297_/X
 _53298_/X
 _53299_/Y
 _53300_/X
 _53301_/Y
 _53302_/X
 _53303_/X
 _53304_/X
 _53305_/X
 _53306_/Y
 _53307_/X
 _53308_/X
 _53309_/Y
 _53310_/Y
 _53311_/X
 _53312_/X
 _53313_/Y
 _53314_/Y
 _53315_/Y
 _53316_/X
 _53317_/X
 _53318_/Y
 _53319_/X
 _53320_/Y
 _53321_/Y
 _53322_/Y
 _53323_/Y
 _53324_/X
 _53325_/Y
 _53326_/Y
 _53327_/Y
 _53328_/X
 _53329_/Y
 _53330_/Y
 _53331_/Y
 _53332_/Y
 _53333_/Y
 _53334_/Y
 _53335_/Y
 _53336_/Y
 _53337_/X
 _53338_/X
 _53339_/Y
 _53340_/X
 _53341_/Y
 _53342_/X
 _53343_/X
 _53344_/X
 _53345_/Y
 _53346_/Y
 _53347_/X
 _53348_/X
 _53349_/X
 _53350_/X
 _53351_/X
 _53352_/Y
 _53353_/X
 _53354_/X
 _53355_/X
 _53356_/X
 _53357_/X
 _53358_/X
 _53359_/X
 _53360_/X
 _53361_/X
 _53362_/X
 _53363_/X
 _53364_/X
 _53365_/X
 _53366_/Y
 _53367_/Y
 _53368_/X
 _53369_/X
 _53370_/Y
 _53371_/Y
 _53372_/X
 _53373_/X
 _53374_/X
 _53375_/X
 _53376_/X
 _53377_/X
 _53378_/X
 _53379_/X
 _53380_/Y
 _53381_/Y
 _53382_/Y
 _53383_/Y
 _53384_/X
 _53385_/X
 _53386_/X
 _53387_/X
 _53388_/X
 _53389_/Y
 _53390_/Y
 _53391_/X
 _53392_/X
 _53393_/X
 _53394_/Y
 _53395_/X
 _53396_/X
 _53397_/X
 _53398_/X
 _53399_/X
 _53400_/X
 _53401_/Y
 _53402_/X
 _53403_/X
 _53404_/X
 _53405_/X
 _53406_/X
 _53407_/X
 _53408_/X
 _53409_/X
 _53410_/X
 _53411_/X
 _53412_/X
 _53413_/Y
 _53414_/Y
 _53415_/X
 _53416_/Y
 _53417_/X
 _53418_/X
 _53419_/X
 _53420_/Y
 _53421_/Y
 _53422_/X
 _53423_/X
 _53424_/Y
 _53425_/X
 _53426_/Y
 _53427_/Y
 _53428_/Y
 _53429_/X
 _53430_/X
 _53431_/X
 _53432_/Y
 _53433_/X
 _53434_/X
 _53435_/X
 _53436_/X
 _53437_/X
 _53438_/Y
 _53439_/X
 _53440_/Y
 _53441_/X
 _53442_/X
 _53443_/X
 _53444_/X
 _53445_/Y
 _53446_/X
 _53447_/X
 _53448_/X
 _53449_/X
 _53450_/X
 _53451_/X
 _53452_/X
 _53453_/Y
 _53454_/X
 _53455_/X
 _53456_/X
 _53457_/X
 _53458_/X
 _53459_/Y
 _53460_/X
 _53461_/X
 _53462_/X
 _53463_/X
 _53464_/X
 _53465_/Y
 _53466_/Y
 _53467_/X
 _53468_/X
 _53469_/X
 _53470_/X
 _53471_/X
 _53472_/X
 _53473_/X
 _53474_/X
 _53475_/X
 _53476_/X
 _53477_/Y
 _53478_/X
 _53479_/X
 _53480_/Y
 _53481_/X
 _53482_/X
 _53483_/Y
 _53484_/X
 _53485_/X
 _53486_/X
 _53487_/X
 _53488_/X
 _53489_/Y
 _53490_/X
 _53491_/X
 _53492_/X
 _53493_/X
 _53494_/Y
 _53495_/X
 _53496_/X
 _53497_/X
 _53498_/X
 _53499_/Y
 _53500_/X
 _53501_/Y
 _53502_/Y
 _53503_/X
 _53504_/X
 _53505_/X
 _53506_/Y
 _53507_/X
 _53508_/X
 _53509_/X
 _53510_/X
 _53511_/X
 _53512_/X
 _53513_/Y
 _53514_/X
 _53515_/Y
 _53516_/Y
 _53517_/X
 _53518_/X
 _53519_/X
 _53520_/X
 _53521_/X
 _53522_/X
 _53523_/X
 _53524_/X
 _53525_/X
 _53526_/X
 _53527_/Y
 _53528_/Y
 _53529_/X
 _53530_/Y
 _53531_/X
 _53532_/X
 _53533_/X
 _53534_/X
 _53535_/X
 _53536_/X
 _53537_/X
 _53538_/X
 _53539_/Y
 _53540_/X
 _53541_/X
 _53542_/Y
 _53543_/X
 _53544_/Y
 _53545_/Y
 _53546_/X
 _53547_/X
 _53548_/X
 _53549_/X
 _53550_/X
 _53551_/X
 _53552_/X
 _53553_/X
 _53554_/Y
 _53555_/Y
 _53556_/Y
 _53557_/X
 _53558_/Y
 _53559_/X
 _53560_/Y
 _53561_/X
 _53562_/Y
 _53563_/X
 _53564_/X
 _53565_/Y
 _53566_/Y
 _53567_/X
 _53568_/X
 _53569_/Y
 _53570_/Y
 _53571_/X
 _53572_/X
 _53573_/X
 _53574_/Y
 _53575_/Y
 _53576_/X
 _53577_/Y
 _53578_/Y
 _53579_/Y
 _53580_/Y
 _53581_/X
 _53582_/X
 _53583_/X
 _53584_/X
 _53585_/X
 _53586_/X
 _53587_/X
 _53588_/X
 _53589_/X
 _53590_/X
 _53591_/X
 _53592_/X
 _53593_/Y
 _53594_/X
 _53595_/X
 _53596_/X
 _53597_/X
 _53598_/X
 _53599_/Y
 _53600_/Y
 _53601_/Y
 _53602_/Y
 _53603_/X
 _53604_/X
 _53605_/X
 _53606_/Y
 _53607_/Y
 _53608_/Y
 _53609_/X
 _53610_/X
 _53611_/Y
 _53612_/Y
 _53613_/Y
 _53614_/X
 _53615_/X
 _53616_/Y
 _53617_/Y
 _53618_/Y
 _53619_/Y
 _53620_/X
 _53621_/X
 _53622_/X
 _53623_/Y
 _53624_/X
 _53625_/X
 _53626_/X
 _53627_/X
 _53628_/X
 _53629_/X
 _53630_/X
 _53631_/X
 _53632_/X
 _53633_/Y
 _53634_/X
 _53635_/X
 _53636_/Y
 _53637_/X
 _53638_/X
 _53639_/X
 _53640_/X
 _53641_/X
 _53642_/X
 _53643_/X
 _53644_/X
 _53645_/Y
 _53646_/X
 _53647_/X
 _53648_/Y
 _53649_/Y
 _53650_/X
 _53651_/X
 _53652_/X
 _53653_/X
 _53654_/X
 _53655_/X
 _53656_/X
 _53657_/Y
 _53658_/X
 _53659_/X
 _53660_/Y
 _53661_/X
 _53662_/Y
 _53663_/X
 _53664_/X
 _53665_/X
 _53666_/X
 _53667_/X
 _53668_/Y
 _53669_/X
 _53670_/Y
 _53671_/X
 _53672_/Y
 _53673_/X
 _53674_/Y
 _53675_/X
 _53676_/X
 _53677_/X
 _53678_/X
 _53679_/X
 _53680_/X
 _53681_/Y
 _53682_/X
 _53683_/Y
 _53684_/X
 _53685_/Y
 _53686_/X
 _53687_/Y
 _53688_/Y
 _53689_/Y
 _53690_/Y
 _53691_/X
 _53692_/X
 _53693_/X
 _53694_/X
 _53695_/Y
 _53696_/X
 _53697_/Y
 _53698_/Y
 _53699_/Y
 _53700_/X
 _53701_/Y
 _53702_/X
 _53703_/X
 _53704_/Y
 _53705_/X
 _53706_/X
 _53707_/X
 _53708_/X
 _53709_/Y
 _53710_/Y
 _53711_/Y
 _53712_/Y
 _53713_/Y
 _53714_/Y
 _53715_/X
 _53716_/X
 _53717_/X
 _53718_/X
 _53719_/Y
 _53720_/X
 _53721_/Y
 _53722_/X
 _53723_/Y
 _53724_/Y
 _53725_/Y
 _53726_/Y
 _53727_/Y
 _53728_/X
 _53729_/Y
 _53730_/X
 _53731_/X
 _53732_/X
 _53733_/X
 _53734_/Y
 _53735_/X
 _53736_/Y
 _53737_/Y
 _53738_/X
 _53739_/Y
 _53740_/X
 _53741_/Y
 _53742_/X
 _53743_/X
 _53744_/X
 _53745_/X
 _53746_/X
 _53747_/X
 _53748_/X
 _53749_/X
 _53750_/Y
 _53751_/X
 _53752_/X
 _53753_/Y
 _53754_/X
 _53755_/X
 _53756_/X
 _53757_/X
 _53758_/Y
 _53759_/X
 _53760_/X
 _53761_/Y
 _53762_/X
 _53763_/Y
 _53764_/X
 _53765_/X
 _53766_/X
 _53767_/Y
 _53768_/X
 _53769_/Y
 _53770_/X
 _53771_/X
 _53772_/Y
 _53773_/Y
 _53774_/Y
 _53775_/Y
 _53776_/X
 _53777_/Y
 _53778_/Y
 _53779_/X
 _53780_/X
 _53781_/X
 _53782_/X
 _53783_/X
 _53784_/X
 _53785_/Y
 _53786_/X
 _53787_/X
 _53788_/X
 _53789_/Y
 _53790_/X
 _53791_/X
 _53792_/X
 _53793_/X
 _53794_/X
 _53795_/X
 _53796_/Y
 _53797_/X
 _53798_/Y
 _53799_/X
 _53800_/Y
 _53801_/Y
 _53802_/X
 _53803_/X
 _53804_/X
 _53805_/Y
 _53806_/X
 _53807_/X
 _53808_/X
 _53809_/X
 _53810_/Y
 _53811_/Y
 _53812_/Y
 _53813_/Y
 _53814_/X
 _53815_/X
 _53816_/Y
 _53817_/X
 _53818_/X
 _53819_/X
 _53820_/X
 _53821_/Y
 _53822_/Y
 _53823_/X
 _53824_/Y
 _53825_/X
 _53826_/Y
 _53827_/Y
 _53828_/Y
 _53829_/X
 _53830_/X
 _53831_/Y
 _53832_/X
 _53833_/X
 _53834_/X
 _53835_/X
 _53836_/Y
 _53837_/X
 _53838_/Y
 _53839_/Y
 _53840_/Y
 _53841_/X
 _53842_/Y
 _53843_/Y
 _53844_/X
 _53845_/X
 _53846_/X
 _53847_/X
 _53848_/Y
 _53849_/Y
 _53850_/Y
 _53851_/X
 _53852_/X
 _53853_/X
 _53854_/Y
 _53855_/Y
 _53856_/X
 _53857_/X
 _53858_/X
 _53859_/X
 _53860_/Y
 _53861_/Y
 _53862_/Y
 _53863_/Y
 _53864_/X
 _53865_/X
 _53866_/Y
 _53867_/X
 _53868_/X
 _53869_/X
 _53870_/X
 _53871_/X
 _53872_/X
 _53873_/Y
 _53874_/Y
 _53875_/Y
 _53876_/Y
 _53877_/X
 _53878_/X
 _53879_/Y
 _53880_/Y
 _53881_/X
 _53882_/Y
 _53883_/X
 _53884_/Y
 _53885_/X
 _53886_/Y
 _53887_/X
 _53888_/Y
 _53889_/X
 _53890_/X
 _53891_/X
 _53892_/X
 _53893_/Y
 _53894_/Y
 _53895_/X
 _53896_/Y
 _53897_/X
 _53898_/X
 _53899_/Y
 _53900_/Y
 _53901_/X
 _53902_/X
 _53903_/X
 _53904_/X
 _53905_/X
 _53906_/Y
 _53907_/Y
 _53908_/Y
 _53909_/Y
 _53910_/Y
 _53911_/Y
 _53912_/X
 _53913_/Y
 _53914_/X
 _53915_/X
 _53916_/X
 _53917_/X
 _53918_/X
 _53919_/X
 _53920_/X
 _53921_/Y
 _53922_/Y
 _53923_/Y
 _53924_/X
 _53925_/X
 _53926_/Y
 _53927_/X
 _53928_/X
 _53929_/Y
 _53930_/X
 _53931_/Y
 _53932_/X
 _53933_/Y
 _53934_/X
 _53935_/X
 _53936_/X
 _53937_/Y
 _53938_/X
 _53939_/X
 _53940_/Y
 _53941_/X
 _53942_/Y
 _53943_/X
 _53944_/X
 _53945_/X
 _53946_/X
 _53947_/X
 _53948_/X
 _53949_/Y
 _53950_/X
 _53951_/X
 _53952_/X
 _53953_/X
 _53954_/Y
 _53955_/X
 _53956_/X
 _53957_/X
 _53958_/Y
 _53959_/X
 _53960_/X
 _53961_/Y
 _53962_/X
 _53963_/X
 _53964_/X
 _53965_/X
 _53966_/X
 _53967_/X
 _53968_/Y
 _53969_/Y
 _53970_/Y
 _53971_/Y
 _53972_/X
 _53973_/X
 _53974_/Y
 _53975_/X
 _53976_/Y
 _53977_/X
 _53978_/X
 _53979_/X
 _53980_/X
 _53981_/Y
 _53982_/X
 _53983_/Y
 _53984_/Y
 _53985_/Y
 _53986_/Y
 _53987_/Y
 _53988_/Y
 _53989_/X
 _53990_/X
 _53991_/X
 _53992_/X
 _53993_/X
 _53994_/X
 _53995_/Y
 _53996_/X
 _53997_/Y
 _53998_/X
 _53999_/X
 _54000_/Y
 _54001_/Y
 _54002_/X
 _54003_/Y
 _54004_/X
 _54005_/Y
 _54006_/X
 _54007_/X
 _54008_/X
 _54009_/X
 _54010_/X
 _54011_/Y
 _54012_/Y
 _54013_/Y
 _54014_/Y
 _54015_/Y
 _54016_/X
 _54017_/Y
 _54018_/X
 _54019_/Y
 _54020_/Y
 _54021_/X
 _54022_/X
 _54023_/Y
 _54024_/Y
 _54025_/Y
 _54026_/X
 _54027_/Y
 _54028_/X
 _54029_/X
 _54030_/X
 _54031_/X
 _54032_/X
 _54033_/X
 _54034_/Y
 _54035_/Y
 _54036_/X
 _54037_/X
 _54038_/Y
 _54039_/X
 _54040_/X
 _54041_/X
 _54042_/X
 _54043_/X
 _54044_/Y
 _54045_/X
 _54046_/X
 _54047_/X
 _54048_/X
 _54049_/X
 _54050_/X
 _54051_/X
 _54052_/Y
 _54053_/X
 _54054_/X
 _54055_/X
 _54056_/X
 _54057_/X
 _54058_/Y
 _54059_/Y
 _54060_/X
 _54061_/Y
 _54062_/X
 _54063_/X
 _54064_/X
 _54065_/X
 _54066_/X
 _54067_/X
 _54068_/X
 _54069_/X
 _54070_/X
 _54071_/X
 _54072_/X
 _54073_/X
 _54074_/X
 _54075_/Y
 _54076_/X
 _54077_/X
 _54078_/X
 _54079_/X
 _54080_/X
 _54081_/Y
 _54082_/Y
 _54083_/X
 _54084_/X
 _54085_/X
 _54086_/X
 _54087_/X
 _54088_/X
 _54089_/X
 _54090_/X
 _54091_/X
 _54092_/X
 _54093_/X
 _54094_/X
 _54095_/Y
 _54096_/X
 _54097_/X
 _54098_/X
 _54099_/X
 _54100_/X
 _54101_/X
 _54102_/X
 _54103_/X
 _54104_/X
 _54105_/X
 _54106_/X
 _54107_/X
 _54108_/X
 _54109_/X
 _54110_/X
 _54111_/X
 _54112_/Y
 _54113_/Y
 _54114_/X
 _54115_/X
 _54116_/X
 _54117_/Y
 _54118_/X
 _54119_/X
 _54120_/X
 _54121_/Y
 _54122_/Y
 _54123_/Y
 _54124_/X
 _54125_/Y
 _54126_/X
 _54127_/X
 _54128_/Y
 _54129_/Y
 _54130_/X
 _54131_/X
 _54132_/X
 _54133_/Y
 _54134_/X
 _54135_/X
 _54136_/Y
 _54137_/Y
 _54138_/X
 _54139_/Y
 _54140_/X
 _54141_/X
 _54142_/Y
 _54143_/Y
 _54144_/X
 _54145_/X
 _54146_/X
 _54147_/X
 _54148_/X
 _54149_/X
 _54150_/X
 _54151_/X
 _54152_/X
 _54153_/X
 _54154_/X
 _54155_/X
 _54156_/X
 _54157_/X
 _54158_/Y
 _54159_/X
 _54160_/Y
 _54161_/X
 _54162_/X
 _54163_/X
 _54164_/X
 _54165_/X
 _54166_/X
 _54167_/X
 _54168_/Y
 _54169_/X
 _54170_/X
 _54171_/X
 _54172_/X
 _54173_/X
 _54174_/X
 _54175_/X
 _54176_/Y
 _54177_/X
 _54178_/X
 _54179_/X
 _54180_/X
 _54181_/X
 _54182_/X
 _54183_/X
 _54184_/Y
 _54185_/X
 _54186_/Y
 _54187_/X
 _54188_/X
 _54189_/Y
 _54190_/X
 _54191_/Y
 _54192_/X
 _54193_/Y
 _54194_/X
 _54195_/X
 _54196_/Y
 _54197_/Y
 _54198_/Y
 _54199_/Y
 _54200_/X
 _54201_/Y
 _54202_/Y
 _54203_/Y
 _54204_/X
 _54205_/X
 _54206_/Y
 _54207_/X
 _54208_/Y
 _54209_/X
 _54210_/X
 _54211_/X
 _54212_/X
 _54213_/Y
 _54214_/X
 _54215_/X
 _54216_/X
 _54217_/X
 _54218_/Y
 _54219_/X
 _54220_/X
 _54221_/Y
 _54222_/Y
 _54223_/X
 _54224_/X
 _54225_/X
 _54226_/X
 _54227_/Y
 _54228_/X
 _54229_/Y
 _54230_/Y
 _54231_/X
 _54232_/Y
 _54233_/X
 _54234_/X
 _54235_/X
 _54236_/X
 _54237_/X
 _54238_/Y
 _54239_/X
 _54240_/X
 _54241_/X
 _54242_/X
 _54243_/X
 _54244_/X
 _54245_/Y
 _54246_/X
 _54247_/Y
 _54248_/Y
 _54249_/Y
 _54250_/Y
 _54251_/X
 _54252_/Y
 _54253_/X
 _54254_/X
 _54255_/Y
 _54256_/X
 _54257_/Y
 _54258_/Y
 _54259_/X
 _54260_/Y
 _54261_/Y
 _54262_/X
 _54263_/Y
 _54264_/X
 _54265_/X
 _54266_/X
 _54267_/X
 _54268_/X
 _54269_/X
 _54270_/Y
 _54271_/X
 _54272_/X
 _54273_/Y
 _54274_/Y
 _54275_/X
 _54276_/X
 _54277_/X
 _54278_/Y
 _54279_/X
 _54280_/X
 _54281_/Y
 _54282_/Y
 _54283_/X
 _54284_/Y
 _54285_/Y
 _54286_/X
 _54287_/Y
 _54288_/X
 _54289_/X
 _54290_/Y
 _54291_/X
 _54292_/X
 _54293_/X
 _54294_/X
 _54295_/X
 _54296_/X
 _54297_/X
 _54298_/X
 _54299_/X
 _54300_/X
 _54301_/Y
 _54302_/X
 _54303_/X
 _54304_/X
 _54305_/X
 _54306_/Y
 _54307_/Y
 _54308_/Y
 _54309_/X
 _54310_/Y
 _54311_/X
 _54312_/X
 _54313_/X
 _54314_/Y
 _54315_/X
 _54316_/X
 _54317_/Y
 _54318_/X
 _54319_/X
 _54320_/Y
 _54321_/Y
 _54322_/X
 _54323_/Y
 _54324_/X
 _54325_/Y
 _54326_/Y
 _54327_/Y
 _54328_/X
 _54329_/X
 _54330_/X
 _54331_/X
 _54332_/X
 _54333_/X
 _54334_/X
 _54335_/X
 _54336_/Y
 _54337_/X
 _54338_/Y
 _54339_/X
 _54340_/X
 _54341_/X
 _54342_/X
 _54343_/X
 _54344_/X
 _54345_/X
 _54346_/X
 _54347_/X
 _54348_/Y
 _54349_/X
 _54350_/Y
 _54351_/X
 _54352_/X
 _54353_/X
 _54354_/X
 _54355_/X
 _54356_/X
 _54357_/Y
 _54358_/X
 _54359_/X
 _54360_/Y
 _54361_/X
 _54362_/X
 _54363_/Y
 _54364_/X
 _54365_/X
 _54366_/Y
 _54367_/Y
 _54368_/X
 _54369_/Y
 _54370_/X
 _54371_/Y
 _54372_/Y
 _54373_/X
 _54374_/X
 _54375_/X
 _54376_/X
 _54377_/Y
 _54378_/X
 _54379_/Y
 _54380_/X
 _54381_/X
 _54382_/X
 _54383_/X
 _54384_/Y
 _54385_/X
 _54386_/Y
 _54387_/X
 _54388_/X
 _54389_/X
 _54390_/Y
 _54391_/X
 _54392_/X
 _54393_/Y
 _54394_/Y
 _54395_/Y
 _54396_/X
 _54397_/Y
 _54398_/X
 _54399_/Y
 _54400_/X
 _54401_/Y
 _54402_/Y
 _54403_/X
 _54404_/X
 _54405_/X
 _54406_/X
 _54407_/Y
 _54408_/X
 _54409_/X
 _54410_/X
 _54411_/Y
 _54412_/Y
 _54413_/X
 _54414_/Y
 _54415_/X
 _54416_/Y
 _54417_/Y
 _54418_/X
 _54419_/X
 _54420_/X
 _54421_/X
 _54422_/Y
 _54423_/X
 _54424_/Y
 _54425_/X
 _54426_/X
 _54427_/X
 _54428_/Y
 _54429_/X
 _54430_/X
 _54431_/X
 _54432_/X
 _54433_/Y
 _54434_/Y
 _54435_/X
 _54436_/Y
 _54437_/X
 _54438_/Y
 _54439_/Y
 _54440_/Y
 _54441_/X
 _54442_/Y
 _54443_/X
 _54444_/X
 _54445_/X
 _54446_/X
 _54447_/Y
 _54448_/X
 _54449_/X
 _54450_/Y
 _54451_/Y
 _54452_/X
 _54453_/X
 _54454_/X
 _54455_/X
 _54456_/Y
 _54457_/X
 _54458_/Y
 _54459_/Y
 _54460_/X
 _54461_/Y
 _54462_/X
 _54463_/X
 _54464_/Y
 _54465_/Y
 _54466_/X
 _54467_/X
 _54468_/X
 _54469_/X
 _54470_/Y
 _54471_/X
 _54472_/X
 _54473_/X
 _54474_/X
 _54475_/X
 _54476_/X
 _54477_/X
 _54478_/X
 _54479_/X
 _54480_/Y
 _54481_/X
 _54482_/Y
 _54483_/X
 _54484_/X
 _54485_/Y
 _54486_/X
 _54487_/Y
 _54488_/X
 _54489_/Y
 _54490_/X
 _54491_/X
 _54492_/X
 _54493_/Y
 _54494_/Y
 _54495_/Y
 _54496_/Y
 _54497_/X
 _54498_/Y
 _54499_/Y
 _54500_/Y
 _54501_/X
 _54502_/Y
 _54503_/Y
 _54504_/Y
 _54505_/X
 _54506_/Y
 _54507_/X
 _54508_/X
 _54509_/Y
 _54510_/X
 _54511_/Y
 _54512_/Y
 _54513_/X
 _54514_/Y
 _54515_/X
 _54516_/Y
 _54517_/X
 _54518_/X
 _54519_/X
 _54520_/X
 _54521_/X
 _54522_/X
 _54523_/X
 _54524_/X
 _54525_/Y
 _54526_/X
 _54527_/Y
 _54528_/X
 _54529_/X
 _54530_/X
 _54531_/X
 _54532_/X
 _54533_/X
 _54534_/X
 _54535_/X
 _54536_/X
 _54537_/X
 _54538_/Y
 _54539_/X
 _54540_/Y
 _54541_/X
 _54542_/Y
 _54543_/X
 _54544_/X
 _54545_/X
 _54546_/Y
 _54547_/X
 _54548_/X
 _54549_/X
 _54550_/X
 _54551_/X
 _54552_/Y
 _54553_/X
 _54554_/Y
 _54555_/X
 _54556_/X
 _54557_/X
 _54558_/X
 _54559_/X
 _54560_/Y
 _54561_/X
 _54562_/X
 _54563_/Y
 _54564_/X
 _54565_/X
 _54566_/X
 _54567_/X
 _54568_/X
 _54569_/Y
 _54570_/X
 _54571_/Y
 _54572_/X
 _54573_/Y
 _54574_/X
 _54575_/X
 _54576_/Y
 _54577_/X
 _54578_/Y
 _54579_/X
 _54580_/Y
 _54581_/X
 _54582_/Y
 _54583_/Y
 _54584_/Y
 _54585_/X
 _54586_/Y
 _54587_/X
 _54588_/Y
 _54589_/X
 _54590_/X
 _54591_/X
 _54592_/Y
 _54593_/X
 _54594_/X
 _54595_/Y
 _54596_/Y
 _54597_/X
 _54598_/X
 _54599_/X
 _54600_/X
 _54601_/X
 _54602_/X
 _54603_/X
 _54604_/Y
 _54605_/X
 _54606_/Y
 _54607_/X
 _54608_/Y
 _54609_/X
 _54610_/X
 _54611_/Y
 _54612_/X
 _54613_/Y
 _54614_/X
 _54615_/Y
 _54616_/X
 _54617_/Y
 _54618_/X
 _54619_/Y
 _54620_/X
 _54621_/Y
 _54622_/X
 _54623_/Y
 _54624_/Y
 _54625_/X
 _54626_/Y
 _54627_/Y
 _54628_/X
 _54629_/Y
 _54630_/Y
 _54631_/X
 _54632_/Y
 _54633_/X
 _54634_/X
 _54635_/Y
 _54636_/Y
 _54637_/Y
 _54638_/Y
 _54639_/X
 _54640_/Y
 _54641_/Y
 _54642_/X
 _54643_/Y
 _54644_/Y
 _54645_/Y
 _54646_/X
 _54647_/X
 _54648_/X
 _54649_/X
 _54650_/Y
 _54651_/X
 _54652_/X
 _54653_/Y
 _54654_/X
 _54655_/Y
 _54656_/X
 _54657_/Y
 _54658_/Y
 _54659_/X
 _54660_/Y
 _54661_/X
 _54662_/Y
 _54663_/X
 _54664_/Y
 _54665_/Y
 _54666_/X
 _54667_/X
 _54668_/X
 _54669_/X
 _54670_/Y
 _54671_/X
 _54672_/Y
 _54673_/X
 _54674_/X
 _54675_/Y
 _54676_/X
 _54677_/X
 _54678_/X
 _54679_/Y
 _54680_/Y
 _54681_/Y
 _54682_/X
 _54683_/Y
 _54684_/Y
 _54685_/Y
 _54686_/X
 _54687_/Y
 _54688_/X
 _54689_/X
 _54690_/X
 _54691_/X
 _54692_/X
 _54693_/X
 _54694_/Y
 _54695_/X
 _54696_/Y
 _54697_/Y
 _54698_/X
 _54699_/X
 _54700_/X
 _54701_/X
 _54702_/X
 _54703_/X
 _54704_/Y
 _54705_/Y
 _54706_/X
 _54707_/X
 _54708_/X
 _54709_/Y
 _54710_/X
 _54711_/X
 _54712_/Y
 _54713_/Y
 _54714_/X
 _54715_/X
 _54716_/X
 _54717_/X
 _54718_/X
 _54719_/X
 _54720_/X
 _54721_/Y
 _54722_/X
 _54723_/Y
 _54724_/Y
 _54725_/Y
 _54726_/Y
 _54727_/X
 _54728_/X
 _54729_/Y
 _54730_/Y
 _54731_/Y
 _54732_/Y
 _54733_/Y
 _54734_/X
 _54735_/X
 _54736_/X
 _54737_/Y
 _54738_/X
 _54739_/Y
 _54740_/X
 _54741_/X
 _54742_/X
 _54743_/Y
 _54744_/Y
 _54745_/Y
 _54746_/X
 _54747_/Y
 _54748_/Y
 _54749_/Y
 _54750_/Y
 _54751_/X
 _54752_/X
 _54753_/X
 _54754_/X
 _54755_/Y
 _54756_/Y
 _54757_/X
 _54758_/Y
 _54759_/Y
 _54760_/X
 _54761_/X
 _54762_/X
 _54763_/Y
 _54764_/X
 _54765_/Y
 _54766_/Y
 _54767_/X
 _54768_/Y
 _54769_/X
 _54770_/Y
 _54771_/Y
 _54772_/X
 _54773_/Y
 _54774_/X
 _54775_/Y
 _54776_/Y
 _54777_/X
 _54778_/X
 _54779_/X
 _54780_/X
 _54781_/X
 _54782_/Y
 _54783_/X
 _54784_/Y
 _54785_/Y
 _54786_/Y
 _54787_/Y
 _54788_/X
 _54789_/Y
 _54790_/X
 _54791_/Y
 _54792_/Y
 _54793_/X
 _54794_/Y
 _54795_/X
 _54796_/Y
 _54797_/Y
 _54798_/X
 _54799_/X
 _54800_/Y
 _54801_/X
 _54802_/Y
 _54803_/X
 _54804_/Y
 _54805_/X
 _54806_/X
 _54807_/Y
 _54808_/X
 _54809_/X
 _54810_/X
 _54811_/Y
 _54812_/X
 _54813_/Y
 _54814_/X
 _54815_/Y
 _54816_/Y
 _54817_/X
 _54818_/X
 _54819_/Y
 _54820_/Y
 _54821_/X
 _54822_/X
 _54823_/X
 _54824_/Y
 _54825_/X
 _54826_/X
 _54827_/Y
 _54828_/X
 _54829_/X
 _54830_/Y
 _54831_/X
 _54832_/X
 _54833_/X
 _54834_/X
 _54835_/Y
 _54836_/X
 _54837_/Y
 _54838_/Y
 _54839_/X
 _54840_/Y
 _54841_/Y
 _54842_/X
 _54843_/X
 _54844_/Y
 _54845_/X
 _54846_/X
 _54847_/X
 _54848_/Y
 _54849_/X
 _54850_/X
 _54851_/X
 _54852_/X
 _54853_/X
 _54854_/X
 _54855_/X
 _54856_/Y
 _54857_/X
 _54858_/X
 _54859_/X
 _54860_/X
 _54861_/Y
 _54862_/X
 _54863_/X
 _54864_/Y
 _54865_/X
 _54866_/X
 _54867_/Y
 _54868_/Y
 _54869_/Y
 _54870_/Y
 _54871_/X
 _54872_/Y
 _54873_/Y
 _54874_/Y
 _54875_/Y
 _54876_/Y
 _54877_/X
 _54878_/Y
 _54879_/X
 _54880_/X
 _54881_/X
 _54882_/X
 _54883_/X
 _54884_/Y
 _54885_/X
 _54886_/X
 _54887_/X
 _54888_/X
 _54889_/Y
 _54890_/X
 _54891_/X
 _54892_/Y
 _54893_/X
 _54894_/Y
 _54895_/X
 _54896_/Y
 _54897_/X
 _54898_/Y
 _54899_/X
 _54900_/Y
 _54901_/X
 _54902_/X
 _54903_/X
 _54904_/X
 _54905_/Y
 _54906_/Y
 _54907_/Y
 _54908_/Y
 _54909_/Y
 _54910_/X
 _54911_/Y
 _54912_/Y
 _54913_/Y
 _54914_/X
 _54915_/Y
 _54916_/Y
 _54917_/Y
 _54918_/X
 _54919_/Y
 _54920_/Y
 _54921_/X
 _54922_/X
 _54923_/Y
 _54924_/Y
 _54925_/X
 _54926_/Y
 _54927_/X
 _54928_/Y
 _54929_/Y
 _54930_/Y
 _54931_/Y
 _54932_/X
 _54933_/X
 _54934_/X
 _54935_/Y
 _54936_/X
 _54937_/Y
 _54938_/X
 _54939_/X
 _54940_/Y
 _54941_/X
 _54942_/Y
 _54943_/Y
 _54944_/X
 _54945_/Y
 _54946_/X
 _54947_/Y
 _54948_/X
 _54949_/Y
 _54950_/X
 _54951_/X
 _54952_/X
 _54953_/X
 _54954_/X
 _54955_/Y
 _54956_/Y
 _54957_/Y
 _54958_/X
 _54959_/Y
 _54960_/X
 _54961_/Y
 _54962_/X
 _54963_/Y
 _54964_/X
 _54965_/Y
 _54966_/X
 _54967_/Y
 _54968_/Y
 _54969_/Y
 _54970_/Y
 _54971_/X
 _54972_/Y
 _54973_/Y
 _54974_/X
 _54975_/X
 _54976_/Y
 _54977_/X
 _54978_/Y
 _54979_/X
 _54980_/X
 _54981_/X
 _54982_/Y
 _54983_/Y
 _54984_/Y
 _54985_/X
 _54986_/X
 _54987_/Y
 _54988_/X
 _54989_/Y
 _54990_/X
 _54991_/X
 _54992_/X
 _54993_/X
 _54994_/X
 _54995_/Y
 _54996_/X
 _54997_/X
 _54998_/X
 _54999_/X
 _55000_/X
 _55001_/X
 _55002_/Y
 _55003_/X
 _55004_/Y
 _55005_/Y
 _55006_/Y
 _55007_/Y
 _55008_/X
 _55009_/Y
 _55010_/X
 _55011_/X
 _55012_/Y
 _55013_/X
 _55014_/Y
 _55015_/Y
 _55016_/Y
 _55017_/Y
 _55018_/Y
 _55019_/X
 _55020_/Y
 _55021_/X
 _55022_/X
 _55023_/X
 _55024_/X
 _55025_/X
 _55026_/Y
 _55027_/Y
 _55028_/X
 _55029_/X
 _55030_/X
 _55031_/Y
 _55032_/X
 _55033_/X
 _55034_/Y
 _55035_/Y
 _55036_/X
 _55037_/X
 _55038_/X
 _55039_/X
 _55040_/X
 _55041_/X
 _55042_/Y
 _55043_/X
 _55044_/X
 _55045_/X
 _55046_/Y
 _55047_/Y
 _55048_/Y
 _55049_/X
 _55050_/Y
 _55051_/X
 _55052_/X
 _55053_/X
 _55054_/Y
 _55055_/X
 _55056_/Y
 _55057_/Y
 _55058_/Y
 _55059_/X
 _55060_/Y
 _55061_/X
 _55062_/X
 _55063_/Y
 _55064_/Y
 _55065_/Y
 _55066_/X
 _55067_/Y
 _55068_/X
 _55069_/Y
 _55070_/Y
 _55071_/X
 _55072_/Y
 _55073_/Y
 _55074_/X
 _55075_/Y
 _55076_/X
 _55077_/Y
 _55078_/X
 _55079_/X
 _55080_/X
 _55081_/X
 _55082_/Y
 _55083_/X
 _55084_/Y
 _55085_/X
 _55086_/X
 _55087_/X
 _55088_/X
 _55089_/X
 _55090_/X
 _55091_/X
 _55092_/X
 _55093_/X
 _55094_/Y
 _55095_/X
 _55096_/Y
 _55097_/X
 _55098_/Y
 _55099_/X
 _55100_/X
 _55101_/Y
 _55102_/Y
 _55103_/X
 _55104_/Y
 _55105_/X
 _55106_/Y
 _55107_/X
 _55108_/Y
 _55109_/Y
 _55110_/X
 _55111_/Y
 _55112_/X
 _55113_/Y
 _55114_/X
 _55115_/X
 _55116_/Y
 _55117_/Y
 _55118_/Y
 _55119_/X
 _55120_/Y
 _55121_/X
 _55122_/Y
 _55123_/Y
 _55124_/X
 _55125_/Y
 _55126_/Y
 _55127_/Y
 _55128_/X
 _55129_/X
 _55130_/Y
 _55131_/Y
 _55132_/Y
 _55133_/Y
 _55134_/Y
 _55135_/Y
 _55136_/X
 _55137_/X
 _55138_/X
 _55139_/Y
 _55140_/X
 _55141_/Y
 _55142_/X
 _55143_/X
 _55144_/X
 _55145_/X
 _55146_/X
 _55147_/Y
 _55148_/X
 _55149_/X
 _55150_/X
 _55151_/X
 _55152_/X
 _55153_/X
 _55154_/Y
 _55155_/X
 _55156_/Y
 _55157_/Y
 _55158_/Y
 _55159_/Y
 _55160_/X
 _55161_/Y
 _55162_/X
 _55163_/X
 _55164_/Y
 _55165_/X
 _55166_/Y
 _55167_/Y
 _55168_/Y
 _55169_/Y
 _55170_/Y
 _55171_/X
 _55172_/Y
 _55173_/X
 _55174_/X
 _55175_/X
 _55176_/X
 _55177_/X
 _55178_/Y
 _55179_/Y
 _55180_/X
 _55181_/X
 _55182_/X
 _55183_/Y
 _55184_/X
 _55185_/X
 _55186_/Y
 _55187_/Y
 _55188_/X
 _55189_/X
 _55190_/X
 _55191_/X
 _55192_/X
 _55193_/Y
 _55194_/X
 _55195_/X
 _55196_/X
 _55197_/Y
 _55198_/Y
 _55199_/Y
 _55200_/X
 _55201_/Y
 _55202_/X
 _55203_/X
 _55204_/X
 _55205_/Y
 _55206_/X
 _55207_/Y
 _55208_/Y
 _55209_/Y
 _55210_/X
 _55211_/Y
 _55212_/X
 _55213_/X
 _55214_/Y
 _55215_/Y
 _55216_/Y
 _55217_/X
 _55218_/Y
 _55219_/X
 _55220_/Y
 _55221_/X
 _55222_/Y
 _55223_/X
 _55224_/Y
 _55225_/Y
 _55226_/Y
 _55227_/X
 _55228_/Y
 _55229_/Y
 _55230_/Y
 _55231_/Y
 _55232_/Y
 _55233_/Y
 _55234_/Y
 _55235_/X
 _55236_/Y
 _55237_/Y
 _55238_/Y
 _55239_/X
 _55240_/Y
 _55241_/Y
 _55242_/X
 _55243_/Y
 _55244_/X
 _55245_/Y
 _55246_/Y
 _55247_/Y
 _55248_/X
 _55249_/Y
 _55250_/Y
 _55251_/X
 _55252_/Y
 _55253_/X
 _55254_/X
 _55255_/Y
 _55256_/Y
 _55257_/Y
 _55258_/X
 _55259_/Y
 _55260_/Y
 _55261_/X
 _55262_/X
 _55263_/Y
 _55264_/Y
 _55265_/X
 _55266_/Y
 _55267_/Y
 _55268_/X
 _55269_/X
 _55270_/Y
 _55271_/Y
 _55272_/X
 _55273_/X
 _55274_/Y
 _55275_/Y
 _55276_/X
 _55277_/Y
 _55278_/X
 _55279_/X
 _55280_/X
 _55281_/Y
 _55282_/Y
 _55283_/X
 _55284_/X
 _55285_/X
 _55286_/Y
 _55287_/X
 _55288_/Y
 _55289_/X
 _55290_/X
 _55291_/X
 _55292_/X
 _55293_/X
 _55294_/X
 _55295_/X
 _55296_/X
 _55297_/X
 _55298_/X
 _55299_/X
 _55300_/X
 _55301_/Y
 _55302_/X
 _55303_/X
 _55304_/X
 _55305_/X
 _55306_/X
 _55307_/X
 _55308_/Y
 _55309_/X
 _55310_/Y
 _55311_/Y
 _55312_/Y
 _55313_/Y
 _55314_/X
 _55315_/Y
 _55316_/X
 _55317_/X
 _55318_/Y
 _55319_/X
 _55320_/Y
 _55321_/Y
 _55322_/Y
 _55323_/Y
 _55324_/Y
 _55325_/X
 _55326_/Y
 _55327_/X
 _55328_/X
 _55329_/X
 _55330_/X
 _55331_/X
 _55332_/Y
 _55333_/Y
 _55334_/X
 _55335_/X
 _55336_/X
 _55337_/Y
 _55338_/X
 _55339_/X
 _55340_/Y
 _55341_/Y
 _55342_/X
 _55343_/X
 _55344_/X
 _55345_/X
 _55346_/X
 _55347_/Y
 _55348_/X
 _55349_/X
 _55350_/X
 _55351_/Y
 _55352_/Y
 _55353_/Y
 _55354_/X
 _55355_/Y
 _55356_/X
 _55357_/X
 _55358_/X
 _55359_/Y
 _55360_/X
 _55361_/Y
 _55362_/Y
 _55363_/Y
 _55364_/X
 _55365_/Y
 _55366_/X
 _55367_/X
 _55368_/Y
 _55369_/Y
 _55370_/Y
 _55371_/X
 _55372_/Y
 _55373_/X
 _55374_/Y
 _55375_/X
 _55376_/Y
 _55377_/X
 _55378_/X
 _55379_/X
 _55380_/Y
 _55381_/X
 _55382_/Y
 _55383_/X
 _55384_/X
 _55385_/X
 _55386_/X
 _55387_/X
 _55388_/X
 _55389_/X
 _55390_/X
 _55391_/X
 _55392_/X
 _55393_/X
 _55394_/X
 _55395_/X
 _55396_/X
 _55397_/X
 _55398_/X
 _55399_/Y
 _55400_/X
 _55401_/X
 _55402_/X
 _55403_/Y
 _55404_/Y
 _55405_/Y
 _55406_/Y
 _55407_/Y
 _55408_/X
 _55409_/X
 _55410_/Y
 _55411_/X
 _55412_/Y
 _55413_/Y
 _55414_/X
 _55415_/Y
 _55416_/Y
 _55417_/X
 _55418_/Y
 _55419_/Y
 _55420_/Y
 _55421_/X
 _55422_/X
 _55423_/X
 _55424_/Y
 _55425_/X
 _55426_/Y
 _55427_/X
 _55428_/X
 _55429_/X
 _55430_/X
 _55431_/X
 _55432_/Y
 _55433_/X
 _55434_/X
 _55435_/X
 _55436_/X
 _55437_/X
 _55438_/X
 _55439_/Y
 _55440_/X
 _55441_/Y
 _55442_/Y
 _55443_/Y
 _55444_/Y
 _55445_/X
 _55446_/Y
 _55447_/X
 _55448_/X
 _55449_/Y
 _55450_/X
 _55451_/Y
 _55452_/X
 _55453_/X
 _55454_/X
 _55455_/Y
 _55456_/X
 _55457_/X
 _55458_/Y
 _55459_/Y
 _55460_/X
 _55461_/Y
 _55462_/Y
 _55463_/Y
 _55464_/Y
 _55465_/X
 _55466_/X
 _55467_/X
 _55468_/Y
 _55469_/X
 _55470_/X
 _55471_/Y
 _55472_/Y
 _55473_/X
 _55474_/X
 _55475_/X
 _55476_/X
 _55477_/X
 _55478_/X
 _55479_/Y
 _55480_/X
 _55481_/X
 _55482_/X
 _55483_/Y
 _55484_/Y
 _55485_/Y
 _55486_/X
 _55487_/X
 _55488_/X
 _55489_/X
 _55490_/Y
 _55491_/X
 _55492_/Y
 _55493_/Y
 _55494_/Y
 _55495_/X
 _55496_/Y
 _55497_/X
 _55498_/X
 _55499_/Y
 _55500_/Y
 _55501_/Y
 _55502_/X
 _55503_/Y
 _55504_/X
 _55505_/Y
 _55506_/X
 _55507_/Y
 _55508_/X
 _55509_/Y
 _55510_/X
 _55511_/Y
 _55512_/X
 _55513_/X
 _55514_/Y
 _55515_/X
 _55516_/Y
 _55517_/X
 _55518_/X
 _55519_/X
 _55520_/X
 _55521_/Y
 _55522_/Y
 _55523_/X
 _55524_/Y
 _55525_/X
 _55526_/Y
 _55527_/Y
 _55528_/X
 _55529_/Y
 _55530_/Y
 _55531_/Y
 _55532_/Y
 _55533_/Y
 _55534_/Y
 _55535_/X
 _55536_/Y
 _55537_/X
 _55538_/Y
 _55539_/Y
 _55540_/X
 _55541_/Y
 _55542_/Y
 _55543_/Y
 _55544_/Y
 _55545_/Y
 _55546_/X
 _55547_/Y
 _55548_/Y
 _55549_/X
 _55550_/Y
 _55551_/X
 _55552_/Y
 _55553_/X
 _55554_/X
 _55555_/X
 _55556_/X
 _55557_/X
 _55558_/Y
 _55559_/X
 _55560_/X
 _55561_/X
 _55562_/X
 _55563_/X
 _55564_/X
 _55565_/Y
 _55566_/X
 _55567_/Y
 _55568_/Y
 _55569_/Y
 _55570_/Y
 _55571_/X
 _55572_/Y
 _55573_/X
 _55574_/X
 _55575_/Y
 _55576_/X
 _55577_/Y
 _55578_/Y
 _55579_/Y
 _55580_/X
 _55581_/Y
 _55582_/Y
 _55583_/X
 _55584_/X
 _55585_/X
 _55586_/X
 _55587_/X
 _55588_/X
 _55589_/X
 _55590_/Y
 _55591_/Y
 _55592_/X
 _55593_/X
 _55594_/X
 _55595_/Y
 _55596_/X
 _55597_/Y
 _55598_/Y
 _55599_/X
 _55600_/X
 _55601_/X
 _55602_/Y
 _55603_/X
 _55604_/X
 _55605_/X
 _55606_/X
 _55607_/Y
 _55608_/X
 _55609_/Y
 _55610_/Y
 _55611_/X
 _55612_/X
 _55613_/X
 _55614_/X
 _55615_/Y
 _55616_/Y
 _55617_/Y
 _55618_/Y
 _55619_/X
 _55620_/X
 _55621_/Y
 _55622_/X
 _55623_/Y
 _55624_/Y
 _55625_/Y
 _55626_/X
 _55627_/Y
 _55628_/X
 _55629_/Y
 _55630_/X
 _55631_/Y
 _55632_/X
 _55633_/Y
 _55634_/Y
 _55635_/X
 _55636_/Y
 _55637_/Y
 _55638_/X
 _55639_/X
 _55640_/X
 _55641_/X
 _55642_/X
 _55643_/Y
 _55644_/X
 _55645_/Y
 _55646_/X
 _55647_/Y
 _55648_/X
 _55649_/X
 _55650_/Y
 _55651_/Y
 _55652_/Y
 _55653_/Y
 _55654_/X
 _55655_/Y
 _55656_/X
 _55657_/X
 _55658_/Y
 _55659_/X
 _55660_/Y
 _55661_/Y
 _55662_/X
 _55663_/Y
 _55664_/Y
 _55665_/X
 _55666_/Y
 _55667_/Y
 _55668_/X
 _55669_/X
 _55670_/X
 _55671_/Y
 _55672_/Y
 _55673_/X
 _55674_/Y
 _55675_/Y
 _55676_/X
 _55677_/X
 _55678_/X
 _55679_/Y
 _55680_/Y
 _55681_/X
 _55682_/X
 _55683_/Y
 _55684_/X
 _55685_/Y
 _55686_/X
 _55687_/X
 _55688_/X
 _55689_/X
 _55690_/X
 _55691_/X
 _55692_/Y
 _55693_/Y
 _55694_/Y
 _55695_/X
 _55696_/Y
 _55697_/Y
 _55698_/Y
 _55699_/Y
 _55700_/Y
 _55701_/X
 _55702_/X
 _55703_/X
 _55704_/X
 _55705_/Y
 _55706_/X
 _55707_/Y
 _55708_/Y
 _55709_/X
 _55710_/Y
 _55711_/X
 _55712_/X
 _55713_/X
 _55714_/X
 _55715_/Y
 _55716_/Y
 _55717_/Y
 _55718_/Y
 _55719_/X
 _55720_/Y
 _55721_/X
 _55722_/X
 _55723_/Y
 _55724_/Y
 _55725_/X
 _55726_/X
 _55727_/Y
 _55728_/Y
 _55729_/X
 _55730_/X
 _55731_/Y
 _55732_/Y
 _55733_/X
 _55734_/Y
 _55735_/Y
 _55736_/X
 _55737_/Y
 _55738_/X
 _55739_/Y
 _55740_/X
 _55741_/X
 _55742_/X
 _55743_/X
 _55744_/Y
 _55745_/X
 _55746_/X
 _55747_/X
 _55748_/X
 _55749_/Y
 _55750_/X
 _55751_/Y
 _55752_/Y
 _55753_/Y
 _55754_/X
 _55755_/Y
 _55756_/X
 _55757_/X
 _55758_/X
 _55759_/X
 _55760_/Y
 _55761_/Y
 _55762_/X
 _55763_/X
 _55764_/Y
 _55765_/X
 _55766_/Y
 _55767_/Y
 _55768_/X
 _55769_/Y
 _55770_/Y
 _55771_/X
 _55772_/X
 _55773_/Y
 _55774_/Y
 _55775_/Y
 _55776_/X
 _55777_/X
 _55778_/X
 _55779_/Y
 _55780_/Y
 _55781_/X
 _55782_/Y
 _55783_/X
 _55784_/X
 _55785_/Y
 _55786_/X
 _55787_/X
 _55788_/Y
 _55789_/Y
 _55790_/Y
 _55791_/X
 _55792_/X
 _55793_/Y
 _55794_/Y
 _55795_/Y
 _55796_/X
 _55797_/X
 _55798_/X
 _55799_/X
 _55800_/X
 _55801_/Y
 _55802_/Y
 _55803_/Y
 _55804_/X
 _55805_/Y
 _55806_/Y
 _55807_/Y
 _55808_/Y
 _55809_/Y
 _55810_/X
 _55811_/Y
 _55812_/X
 _55813_/X
 _55814_/X
 _55815_/Y
 _55816_/Y
 _55817_/Y
 _55818_/X
 _55819_/Y
 _55820_/X
 _55821_/X
 _55822_/X
 _55823_/X
 _55824_/Y
 _55825_/Y
 _55826_/X
 _55827_/Y
 _55828_/Y
 _55829_/X
 _55830_/Y
 _55831_/X
 _55832_/X
 _55833_/X
 _55834_/X
 _55835_/X
 _55836_/X
 _55837_/Y
 _55838_/Y
 _55839_/X
 _55840_/Y
 _55841_/X
 _55842_/Y
 _55843_/X
 _55844_/X
 _55845_/Y
 _55846_/X
 _55847_/X
 _55848_/Y
 _55849_/Y
 _55850_/Y
 _55851_/Y
 _55852_/X
 _55853_/Y
 _55854_/X
 _55855_/Y
 _55856_/X
 _55857_/X
 _55858_/X
 _55859_/X
 _55860_/X
 _55861_/X
 _55862_/Y
 _55863_/X
 _55864_/X
 _55865_/X
 _55866_/X
 _55867_/Y
 _55868_/X
 _55869_/X
 _55870_/Y
 _55871_/Y
 _55872_/Y
 _55873_/X
 _55874_/Y
 _55875_/X
 _55876_/Y
 _55877_/X
 _55878_/X
 _55879_/Y
 _55880_/X
 _55881_/Y
 _55882_/X
 _55883_/X
 _55884_/X
 _55885_/X
 _55886_/X
 _55887_/Y
 _55888_/Y
 _55889_/X
 _55890_/X
 _55891_/Y
 _55892_/X
 _55893_/X
 _55894_/Y
 _55895_/Y
 _55896_/X
 _55897_/X
 _55898_/Y
 _55899_/Y
 _55900_/X
 _55901_/X
 _55902_/X
 _55903_/Y
 _55904_/Y
 _55905_/Y
 _55906_/Y
 _55907_/X
 _55908_/X
 _55909_/X
 _55910_/Y
 _55911_/Y
 _55912_/Y
 _55913_/X
 _55914_/Y
 _55915_/X
 _55916_/Y
 _55917_/X
 _55918_/Y
 _55919_/X
 _55920_/Y
 _55921_/X
 _55922_/X
 _55923_/Y
 _55924_/X
 _55925_/Y
 _55926_/X
 _55927_/X
 _55928_/Y
 _55929_/Y
 _55930_/X
 _55931_/Y
 _55932_/X
 _55933_/X
 _55934_/X
 _55935_/X
 _55936_/X
 _55937_/Y
 _55938_/Y
 _55939_/X
 _55940_/X
 _55941_/Y
 _55942_/Y
 _55943_/X
 _55944_/Y
 _55945_/Y
 _55946_/X
 _55947_/X
 _55948_/X
 _55949_/X
 _55950_/X
 _55951_/Y
 _55952_/Y
 _55953_/Y
 _55954_/X
 _55955_/X
 _55956_/X
 _55957_/X
 _55958_/Y
 _55959_/X
 _55960_/X
 _55961_/X
 _55962_/Y
 _55963_/Y
 _55964_/Y
 _55965_/X
 _55966_/X
 _55967_/X
 _55968_/X
 _55969_/X
 _55970_/Y
 _55971_/Y
 _55972_/Y
 _55973_/X
 _55974_/Y
 _55975_/X
 _55976_/Y
 _55977_/X
 _55978_/X
 _55979_/Y
 _55980_/X
 _55981_/X
 _55982_/X
 _55983_/Y
 _55984_/Y
 _55985_/Y
 _55986_/X
 _55987_/X
 _55988_/X
 _55989_/Y
 _55990_/Y
 _55991_/X
 _55992_/X
 _55993_/Y
 _55994_/X
 _55995_/X
 _55996_/X
 _55997_/X
 _55998_/X
 _55999_/X
 _56000_/X
 _56001_/Y
 _56002_/Y
 _56003_/X
 _56004_/Y
 _56005_/X
 _56006_/Y
 _56007_/X
 _56008_/X
 _56009_/Y
 _56010_/X
 _56011_/Y
 _56012_/X
 _56013_/Y
 _56014_/X
 _56015_/X
 _56016_/X
 _56017_/X
 _56018_/X
 _56019_/Y
 _56020_/Y
 _56021_/X
 _56022_/Y
 _56023_/X
 _56024_/Y
 _56025_/X
 _56026_/X
 _56027_/X
 _56028_/X
 _56029_/X
 _56030_/Y
 _56031_/Y
 _56032_/X
 _56033_/Y
 _56034_/Y
 _56035_/Y
 _56036_/Y
 _56037_/X
 _56038_/Y
 _56039_/Y
 _56040_/X
 _56041_/X
 _56042_/X
 _56043_/X
 _56044_/X
 _56045_/X
 _56046_/X
 _56047_/X
 _56048_/Y
 _56049_/X
 _56050_/Y
 _56051_/X
 _56052_/X
 _56053_/Y
 _56054_/X
 _56055_/Y
 _56056_/Y
 _56057_/Y
 _56058_/X
 _56059_/Y
 _56060_/Y
 _56061_/Y
 _56062_/Y
 _56063_/X
 _56064_/X
 _56065_/X
 _56066_/Y
 _56067_/X
 _56068_/X
 _56069_/X
 _56070_/X
 _56071_/X
 _56072_/Y
 _56073_/X
 _56074_/X
 _56075_/Y
 _56076_/Y
 _56077_/Y
 _56078_/Y
 _56079_/Y
 _56080_/Y
 _56081_/X
 _56082_/Y
 _56083_/Y
 _56084_/X
 _56085_/X
 _56086_/Y
 _56087_/X
 _56088_/X
 _56089_/Y
 _56090_/Y
 _56091_/Y
 _56092_/Y
 _56093_/X
 _56094_/Y
 _56095_/X
 _56096_/X
 _56097_/X
 _56098_/X
 _56099_/Y
 _56100_/X
 _56101_/Y
 _56102_/Y
 _56103_/X
 _56104_/X
 _56105_/X
 _56106_/X
 _56107_/X
 _56108_/Y
 _56109_/Y
 _56110_/X
 _56111_/X
 _56112_/Y
 _56113_/X
 _56114_/X
 _56115_/X
 _56116_/Y
 _56117_/X
 _56118_/Y
 _56119_/X
 _56120_/Y
 _56121_/X
 _56122_/Y
 _56123_/X
 _56124_/Y
 _56125_/X
 _56126_/Y
 _56127_/Y
 _56128_/X
 _56129_/Y
 _56130_/X
 _56131_/Y
 _56132_/Y
 _56133_/Y
 _56134_/Y
 _56135_/Y
 _56136_/Y
 _56137_/X
 _56138_/X
 _56139_/X
 _56140_/X
 _56141_/Y
 _56142_/X
 _56143_/Y
 _56144_/X
 _56145_/X
 _56146_/X
 _56147_/Y
 _56148_/Y
 _56149_/X
 _56150_/Y
 _56151_/Y
 _56152_/X
 _56153_/X
 _56154_/X
 _56155_/Y
 _56156_/X
 _56157_/Y
 _56158_/X
 _56159_/X
 _56160_/X
 _56161_/Y
 _56162_/X
 _56163_/Y
 _56164_/X
 _56165_/Y
 _56166_/X
 _56167_/X
 _56168_/X
 _56169_/Y
 _56170_/Y
 _56171_/Y
 _56172_/Y
 _56173_/X
 _56174_/X
 _56175_/Y
 _56176_/Y
 _56177_/X
 _56178_/X
 _56179_/X
 _56180_/X
 _56181_/Y
 _56182_/Y
 _56183_/Y
 _56184_/X
 _56185_/X
 _56186_/X
 _56187_/Y
 _56188_/X
 _56189_/X
 _56190_/Y
 _56191_/X
 _56192_/Y
 _56193_/X
 _56194_/Y
 _56195_/Y
 _56196_/Y
 _56197_/X
 _56198_/X
 _56199_/Y
 _56200_/X
 _56201_/X
 _56202_/X
 _56203_/Y
 _56204_/X
 _56205_/X
 _56206_/Y
 _56207_/Y
 _56208_/Y
 _56209_/X
 _56210_/Y
 _56211_/Y
 _56212_/X
 _56213_/Y
 _56214_/X
 _56215_/X
 _56216_/X
 _56217_/Y
 _56218_/Y
 _56219_/Y
 _56220_/Y
 _56221_/Y
 _56222_/Y
 _56223_/Y
 _56224_/X
 _56225_/Y
 _56226_/X
 _56227_/Y
 _56228_/X
 _56229_/X
 _56230_/Y
 _56231_/X
 _56232_/Y
 _56233_/Y
 _56234_/Y
 _56235_/X
 _56236_/X
 _56237_/X
 _56238_/Y
 _56239_/X
 _56240_/X
 _56241_/Y
 _56242_/X
 _56243_/X
 _56244_/X
 _56245_/Y
 _56246_/Y
 _56247_/Y
 _56248_/X
 _56249_/X
 _56250_/Y
 _56251_/X
 _56252_/X
 _56253_/X
 _56254_/Y
 _56255_/Y
 _56256_/Y
 _56257_/X
 _56258_/Y
 _56259_/Y
 _56260_/X
 _56261_/X
 _56262_/X
 _56263_/X
 _56264_/X
 _56265_/X
 _56266_/Y
 _56267_/X
 _56268_/Y
 _56269_/Y
 _56270_/X
 _56271_/Y
 _56272_/X
 _56273_/X
 _56274_/X
 _56275_/X
 _56276_/Y
 _56277_/X
 _56278_/X
 _56279_/Y
 _56280_/Y
 _56281_/X
 _56282_/X
 _56283_/X
 _56284_/X
 _56285_/X
 _56286_/X
 _56287_/X
 _56288_/Y
 _56289_/Y
 _56290_/X
 _56291_/X
 _56292_/Y
 _56293_/Y
 _56294_/Y
 _56295_/Y
 _56296_/Y
 _56297_/X
 _56298_/Y
 _56299_/Y
 _56300_/X
 _56301_/Y
 _56302_/Y
 _56303_/Y
 _56304_/X
 _56305_/X
 _56306_/X
 _56307_/Y
 _56308_/X
 _56309_/X
 _56310_/Y
 _56311_/X
 _56312_/X
 _56313_/X
 _56314_/Y
 _56315_/X
 _56316_/Y
 _56317_/Y
 _56318_/X
 _56319_/Y
 _56320_/X
 _56321_/X
 _56322_/Y
 _56323_/Y
 _56324_/Y
 _56325_/X
 _56326_/Y
 _56327_/X
 _56328_/Y
 _56329_/Y
 _56330_/X
 _56331_/X
 _56332_/Y
 _56333_/Y
 _56334_/Y
 _56335_/Y
 _56336_/X
 _56337_/X
 _56338_/Y
 _56339_/X
 _56340_/X
 _56341_/X
 _56342_/Y
 _56343_/X
 _56344_/X
 _56345_/X
 _56346_/Y
 _56347_/Y
 _56348_/X
 _56349_/Y
 _56350_/X
 _56351_/Y
 _56352_/X
 _56353_/X
 _56354_/X
 _56355_/X
 _56356_/X
 _56357_/Y
 _56358_/X
 _56359_/X
 _56360_/X
 _56361_/Y
 _56362_/Y
 _56363_/X
 _56364_/Y
 _56365_/Y
 _56366_/Y
 _56367_/X
 _56368_/Y
 _56369_/Y
 _56370_/Y
 _56371_/X
 _56372_/X
 _56373_/X
 _56374_/Y
 _56375_/X
 _56376_/X
 _56377_/Y
 _56378_/X
 _56379_/X
 _56380_/Y
 _56381_/Y
 _56382_/Y
 _56383_/X
 _56384_/Y
 _56385_/X
 _56386_/Y
 _56387_/X
 _56388_/X
 _56389_/X
 _56390_/X
 _56391_/Y
 _56392_/Y
 _56393_/X
 _56394_/Y
 _56395_/X
 _56396_/Y
 _56397_/X
 _56398_/Y
 _56399_/X
 _56400_/Y
 _56401_/X
 _56402_/Y
 _56403_/Y
 _56404_/Y
 _56405_/Y
 _56406_/X
 _56407_/X
 _56408_/Y
 _56409_/Y
 _56410_/Y
 _56411_/X
 _56412_/X
 _56413_/X
 _56414_/Y
 _56415_/Y
 _56416_/X
 _56417_/Y
 _56418_/X
 _56419_/Y
 _56420_/Y
 _56421_/X
 _56422_/Y
 _56423_/X
 _56424_/Y
 _56425_/X
 _56426_/X
 _56427_/X
 _56428_/X
 _56429_/X
 _56430_/X
 _56431_/Y
 _56432_/X
 _56433_/Y
 _56434_/Y
 _56435_/X
 _56436_/Y
 _56437_/Y
 _56438_/X
 _56439_/Y
 _56440_/Y
 _56441_/X
 _56442_/Y
 _56443_/Y
 _56444_/Y
 _56445_/Y
 _56446_/X
 _56447_/X
 _56448_/X
 _56449_/Y
 _56450_/X
 _56451_/X
 _56452_/Y
 _56453_/X
 _56454_/X
 _56455_/X
 _56456_/X
 _56457_/Y
 _56458_/Y
 _56459_/Y
 _56460_/X
 _56461_/X
 _56462_/X
 _56463_/X
 _56464_/X
 _56465_/X
 _56466_/Y
 _56467_/X
 _56468_/X
 _56469_/X
 _56470_/Y
 _56471_/Y
 _56472_/Y
 _56473_/X
 _56474_/Y
 _56475_/X
 _56476_/Y
 _56477_/X
 _56478_/Y
 _56479_/Y
 _56480_/Y
 _56481_/X
 _56482_/X
 _56483_/X
 _56484_/Y
 _56485_/X
 _56486_/Y
 _56487_/Y
 _56488_/X
 _56489_/X
 _56490_/X
 _56491_/X
 _56492_/Y
 _56493_/Y
 _56494_/X
 _56495_/Y
 _56496_/Y
 _56497_/X
 _56498_/Y
 _56499_/X
 _56500_/X
 _56501_/Y
 _56502_/X
 _56503_/Y
 _56504_/Y
 _56505_/Y
 _56506_/X
 _56507_/X
 _56508_/Y
 _56509_/Y
 _56510_/X
 _56511_/Y
 _56512_/Y
 _56513_/X
 _56514_/Y
 _56515_/Y
 _56516_/X
 _56517_/X
 _56518_/X
 _56519_/Y
 _56520_/X
 _56521_/X
 _56522_/Y
 _56523_/X
 _56524_/X
 _56525_/Y
 _56526_/X
 _56527_/X
 _56528_/X
 _56529_/Y
 _56530_/Y
 _56531_/Y
 _56532_/Y
 _56533_/X
 _56534_/X
 _56535_/Y
 _56536_/X
 _56537_/X
 _56538_/Y
 _56539_/Y
 _56540_/X
 _56541_/X
 _56542_/X
 _56543_/Y
 _56544_/Y
 _56545_/Y
 _56546_/Y
 _56547_/Y
 _56548_/Y
 _56549_/Y
 _56550_/X
 _56551_/Y
 _56552_/Y
 _56553_/Y
 _56554_/X
 _56555_/X
 _56556_/X
 _56557_/X
 _56558_/Y
 _56559_/X
 _56560_/Y
 _56561_/X
 _56562_/X
 _56563_/X
 _56564_/X
 _56565_/X
 _56566_/Y
 _56567_/Y
 _56568_/Y
 _56569_/X
 _56570_/X
 _56571_/Y
 _56572_/Y
 _56573_/Y
 _56574_/X
 _56575_/Y
 _56576_/X
 _56577_/Y
 _56578_/X
 _56579_/X
 _56580_/X
 _56581_/Y
 _56582_/X
 _56583_/X
 _56584_/Y
 _56585_/X
 _56586_/X
 _56587_/Y
 _56588_/X
 _56589_/X
 _56590_/X
 _56591_/X
 _56592_/X
 _56593_/X
 _56594_/Y
 _56595_/X
 _56596_/X
 _56597_/X
 _56598_/X
 _56599_/X
 _56600_/X
 _56601_/Y
 _56602_/Y
 _56603_/Y
 _56604_/X
 _56605_/X
 _56606_/X
 _56607_/Y
 _56608_/Y
 _56609_/Y
 _56610_/Y
 _56611_/X
 _56612_/X
 _56613_/X
 _56614_/X
 _56615_/Y
 _56616_/Y
 _56617_/Y
 _56618_/Y
 _56619_/Y
 _56620_/X
 _56621_/X
 _56622_/X
 _56623_/Y
 _56624_/X
 _56625_/X
 _56626_/Y
 _56627_/Y
 _56628_/Y
 _56629_/Y
 _56630_/X
 _56631_/X
 _56632_/Y
 _56633_/X
 _56634_/X
 _56635_/Y
 _56636_/Y
 _56637_/X
 _56638_/X
 _56639_/Y
 _56640_/Y
 _56641_/Y
 _56642_/X
 _56643_/X
 _56644_/Y
 _56645_/Y
 _56646_/Y
 _56647_/Y
 _56648_/Y
 _56649_/X
 _56650_/X
 _56651_/X
 _56652_/Y
 _56653_/X
 _56654_/X
 _56655_/Y
 _56656_/Y
 _56657_/X
 _56658_/Y
 _56659_/Y
 _56660_/Y
 _56661_/X
 _56662_/X
 _56663_/Y
 _56664_/X
 _56665_/X
 _56666_/X
 _56667_/X
 _56668_/X
 _56669_/Y
 _56670_/Y
 _56671_/Y
 _56672_/Y
 _56673_/X
 _56674_/Y
 _56675_/Y
 _56676_/X
 _56677_/X
 _56678_/X
 _56679_/X
 _56680_/Y
 _56681_/Y
 _56682_/Y
 _56683_/X
 _56684_/X
 _56685_/Y
 _56686_/Y
 _56687_/Y
 _56688_/X
 _56689_/Y
 _56690_/X
 _56691_/Y
 _56692_/X
 _56693_/Y
 _56694_/Y
 _56695_/Y
 _56696_/Y
 _56697_/Y
 _56698_/X
 _56699_/Y
 _56700_/Y
 _56701_/Y
 _56702_/X
 _56703_/X
 _56704_/Y
 _56705_/X
 _56706_/Y
 _56707_/Y
 _56708_/Y
 _56709_/Y
 _56710_/X
 _56711_/X
 _56712_/X
 _56713_/Y
 _56714_/X
 _56715_/X
 _56716_/Y
 _56717_/Y
 _56718_/X
 _56719_/Y
 _56720_/Y
 _56721_/Y
 _56722_/X
 _56723_/X
 _56724_/Y
 _56725_/X
 _56726_/X
 _56727_/Y
 _56728_/Y
 _56729_/Y
 _56730_/Y
 _56731_/X
 _56732_/Y
 _56733_/Y
 _56734_/Y
 _56735_/X
 _56736_/X
 _56737_/Y
 _56738_/X
 _56739_/Y
 _56740_/Y
 _56741_/Y
 _56742_/Y
 _56743_/X
 _56744_/Y
 _56745_/X
 _56746_/X
 _56747_/Y
 _56748_/Y
 _56749_/Y
 _56750_/X
 _56751_/Y
 _56752_/X
 _56753_/X
 _56754_/Y
 _56755_/Y
 _56756_/Y
 _56757_/X
 _56758_/X
 _56759_/X
 _56760_/Y
 _56761_/X
 _56762_/Y
 _56763_/X
 _56764_/X
 _56765_/X
 _56766_/Y
 _56767_/X
 _56768_/X
 _56769_/Y
 _56770_/X
 _56771_/X
 _56772_/Y
 _56773_/X
 _56774_/Y
 _56775_/Y
 _56776_/Y
 _56777_/X
 _56778_/X
 _56779_/X
 _56780_/Y
 _56781_/Y
 _56782_/X
 _56783_/Y
 _56784_/X
 _56785_/Y
 _56786_/Y
 _56787_/X
 _56788_/X
 _56789_/X
 _56790_/Y
 _56791_/X
 _56792_/Y
 _56793_/Y
 _56794_/X
 _56795_/Y
 _56796_/Y
 _56797_/X
 _56798_/Y
 _56799_/Y
 _56800_/Y
 _56801_/Y
 _56802_/X
 _56803_/X
 _56804_/X
 _56805_/Y
 _56806_/X
 _56807_/X
 _56808_/Y
 _56809_/X
 _56810_/X
 _56811_/X
 _56812_/X
 _56813_/X
 _56814_/Y
 _56815_/X
 _56816_/Y
 _56817_/Y
 _56818_/X
 _56819_/Y
 _56820_/X
 _56821_/Y
 _56822_/X
 _56823_/X
 _56824_/X
 _56825_/X
 _56826_/X
 _56827_/X
 _56828_/Y
 _56829_/Y
 _56830_/X
 _56831_/Y
 _56832_/Y
 _56833_/X
 _56834_/X
 _56835_/Y
 _56836_/Y
 _56837_/X
 _56838_/X
 _56839_/Y
 _56840_/X
 _56841_/Y
 _56842_/X
 _56843_/X
 _56844_/Y
 _56845_/Y
 _56846_/X
 _56847_/X
 _56848_/X
 _56849_/X
 _56850_/X
 _56851_/Y
 _56852_/X
 _56853_/X
 _56854_/X
 _56855_/X
 _56856_/X
 _56857_/Y
 _56858_/X
 _56859_/X
 _56860_/Y
 _56861_/X
 _56862_/X
 _56863_/Y
 _56864_/Y
 _56865_/Y
 _56866_/Y
 _56867_/Y
 _56868_/Y
 _56869_/X
 _56870_/Y
 _56871_/X
 _56872_/Y
 _56873_/Y
 _56874_/X
 _56875_/Y
 _56876_/X
 _56877_/Y
 _56878_/Y
 _56879_/X
 _56880_/Y
 _56881_/X
 _56882_/Y
 _56883_/X
 _56884_/X
 _56885_/X
 _56886_/X
 _56887_/X
 _56888_/Y
 _56889_/Y
 _56890_/X
 _56891_/Y
 _56892_/X
 _56893_/Y
 _56894_/X
 _56895_/Y
 _56896_/Y
 _56897_/X
 _56898_/Y
 _56899_/X
 _56900_/Y
 _56901_/X
 _56902_/X
 _56903_/X
 _56904_/X
 _56905_/X
 _56906_/Y
 _56907_/X
 _56908_/X
 _56909_/Y
 _56910_/Y
 _56911_/Y
 _56912_/X
 _56913_/X
 _56914_/X
 _56915_/Y
 _56916_/X
 _56917_/Y
 _56918_/X
 _56919_/X
 _56920_/X
 _56921_/X
 _56922_/Y
 _56923_/X
 _56924_/X
 _56925_/X
 _56926_/Y
 _56927_/X
 _56928_/Y
 _56929_/Y
 _56930_/Y
 _56931_/Y
 _56932_/X
 _56933_/Y
 _56934_/Y
 _56935_/Y
 _56936_/X
 _56937_/Y
 _56938_/Y
 _56939_/X
 _56940_/Y
 _56941_/X
 _56942_/X
 _56943_/Y
 _56944_/X
 _56945_/Y
 _56946_/X
 _56947_/X
 _56948_/Y
 _56949_/X
 _56950_/Y
 _56951_/Y
 _56952_/Y
 _56953_/Y
 _56954_/Y
 _56955_/Y
 _56956_/X
 _56957_/X
 _56958_/X
 _56959_/Y
 _56960_/X
 _56961_/X
 _56962_/Y
 _56963_/Y
 _56964_/X
 _56965_/Y
 _56966_/X
 _56967_/Y
 _56968_/Y
 _56969_/X
 _56970_/Y
 _56971_/Y
 _56972_/X
 _56973_/Y
 _56974_/X
 _56975_/X
 _56976_/X
 _56977_/Y
 _56978_/X
 _56979_/Y
 _56980_/X
 _56981_/X
 _56982_/X
 _56983_/X
 _56984_/X
 _56985_/X
 _56986_/Y
 _56987_/X
 _56988_/X
 _56989_/X
 _56990_/X
 _56991_/Y
 _56992_/Y
 _56993_/X
 _56994_/Y
 _56995_/Y
 _56996_/X
 _56997_/X
 _56998_/X
 _56999_/Y
 _57000_/X
 _57001_/Y
 _57002_/X
 _57003_/Y
 _57004_/X
 _57005_/X
 _57006_/Y
 _57007_/Y
 _57008_/X
 _57009_/Y
 _57010_/X
 _57011_/X
 _57012_/X
 _57013_/Y
 _57014_/Y
 _57015_/X
 _57016_/Y
 _57017_/Y
 _57018_/X
 _57019_/X
 _57020_/Y
 _57021_/Y
 _57022_/X
 _57023_/Y
 _57024_/Y
 _57025_/Y
 _57026_/Y
 _57027_/X
 _57028_/Y
 _57029_/Y
 _57030_/Y
 _57031_/X
 _57032_/X
 _57033_/X
 _57034_/X
 _57035_/Y
 _57036_/Y
 _57037_/Y
 _57038_/Y
 _57039_/Y
 _57040_/X
 _57041_/X
 _57042_/Y
 _57043_/Y
 _57044_/X
 _57045_/Y
 _57046_/Y
 _57047_/X
 _57048_/Y
 _57049_/X
 _57050_/X
 _57051_/X
 _57052_/X
 _57053_/Y
 _57054_/X
 _57055_/X
 _57056_/Y
 _57057_/X
 _57058_/Y
 _57059_/Y
 _57060_/Y
 _57061_/Y
 _57062_/Y
 _57063_/Y
 _57064_/X
 _57065_/Y
 _57066_/Y
 _57067_/X
 _57068_/X
 _57069_/X
 _57070_/Y
 _57071_/X
 _57072_/Y
 _57073_/Y
 _57074_/X
 _57075_/X
 _57076_/Y
 _57077_/Y
 _57078_/X
 _57079_/Y
 _57080_/X
 _57081_/Y
 _57082_/X
 _57083_/Y
 _57084_/Y
 _57085_/Y
 _57086_/X
 _57087_/X
 _57088_/X
 _57089_/Y
 _57090_/Y
 _57091_/X
 _57092_/X
 _57093_/Y
 _57094_/Y
 _57095_/X
 _57096_/X
 _57097_/Y
 _57098_/Y
 _57099_/Y
 _57100_/Y
 _57101_/X
 _57102_/Y
 _57103_/Y
 _57104_/Y
 _57105_/Y
 _57106_/X
 _57107_/X
 _57108_/Y
 _57109_/X
 _57110_/X
 _57111_/Y
 _57112_/X
 _57113_/X
 _57114_/Y
 _57115_/Y
 _57116_/Y
 _57117_/Y
 _57118_/Y
 _57119_/Y
 _57120_/X
 _57121_/Y
 _57122_/X
 _57123_/X
 _57124_/Y
 _57125_/X
 _57126_/Y
 _57127_/Y
 _57128_/Y
 _57129_/X
 _57130_/X
 _57131_/X
 _57132_/X
 _57133_/X
 _57134_/Y
 _57135_/X
 _57136_/Y
 _57137_/Y
 _57138_/Y
 _57139_/X
 _57140_/X
 _57141_/Y
 _57142_/Y
 _57143_/X
 _57144_/X
 _57145_/Y
 _57146_/X
 _57147_/X
 _57148_/X
 _57149_/Y
 _57150_/Y
 _57151_/Y
 _57152_/X
 _57153_/X
 _57154_/X
 _57155_/Y
 _57156_/Y
 _57157_/X
 _57158_/Y
 _57159_/X
 _57160_/Y
 _57161_/X
 _57162_/Y
 _57163_/X
 _57164_/X
 _57165_/Y
 _57166_/Y
 _57167_/X
 _57168_/Y
 _57169_/Y
 _57170_/X
 _57171_/Y
 _57172_/Y
 _57173_/X
 _57174_/Y
 _57175_/X
 _57176_/X
 _57177_/X
 _57178_/X
 _57179_/X
 _57180_/X
 _57181_/X
 _57182_/X
 _57183_/Y
 _57184_/X
 _57185_/X
 _57186_/Y
 _57187_/X
 _57188_/Y
 _57189_/X
 _57190_/X
 _57191_/X
 _57192_/Y
 _57193_/Y
 _57194_/X
 _57195_/Y
 _57196_/Y
 _57197_/X
 _57198_/X
 _57199_/X
 _57200_/Y
 _57201_/Y
 _57202_/X
 _57203_/Y
 _57204_/Y
 _57205_/Y
 _57206_/Y
 _57207_/Y
 _57208_/Y
 _57209_/X
 _57210_/Y
 _57211_/Y
 _57212_/Y
 _57213_/Y
 _57214_/Y
 _57215_/X
 _57216_/Y
 _57217_/Y
 _57218_/Y
 _57219_/Y
 _57220_/X
 _57221_/X
 _57222_/X
 _57223_/Y
 _57224_/X
 _57225_/X
 _57226_/Y
 _57227_/Y
 _57228_/Y
 _57229_/X
 _57230_/X
 _57231_/X
 _57232_/Y
 _57233_/Y
 _57234_/Y
 _57235_/X
 _57236_/X
 _57237_/Y
 _57238_/X
 _57239_/X
 _57240_/Y
 _57241_/Y
 _57242_/Y
 _57243_/X
 _57244_/Y
 _57245_/Y
 _57246_/X
 _57247_/Y
 _57248_/Y
 _57249_/X
 _57250_/Y
 _57251_/Y
 _57252_/Y
 _57253_/X
 _57254_/Y
 _57255_/Y
 _57256_/X
 _57257_/X
 _57258_/X
 _57259_/Y
 _57260_/Y
 _57261_/X
 _57262_/Y
 _57263_/Y
 _57264_/Y
 _57265_/X
 _57266_/X
 _57267_/X
 _57268_/Y
 _57269_/Y
 _57270_/Y
 _57271_/Y
 _57272_/Y
 _57273_/Y
 _57274_/Y
 _57275_/X
 _57276_/Y
 _57277_/Y
 _57278_/Y
 _57279_/Y
 _57280_/Y
 _57281_/X
 _57282_/Y
 _57283_/Y
 _57284_/X
 _57285_/X
 _57286_/X
 _57287_/X
 _57288_/Y
 _57289_/X
 _57290_/X
 _57291_/X
 _57292_/Y
 _57293_/X
 _57294_/Y
 _57295_/X
 _57296_/X
 _57297_/Y
 _57298_/X
 _57299_/X
 _57300_/X
 _57301_/Y
 _57302_/Y
 _57303_/Y
 _57304_/Y
 _57305_/Y
 _57306_/Y
 _57307_/Y
 _57308_/X
 _57309_/Y
 _57310_/Y
 _57311_/X
 _57312_/Y
 _57313_/X
 _57314_/Y
 _57315_/X
 _57316_/X
 _57317_/Y
 _57318_/Y
 _57319_/X
 _57320_/Y
 _57321_/X
 _57322_/X
 _57323_/Y
 _57324_/X
 _57325_/Y
 _57326_/Y
 _57327_/X
 _57328_/Y
 _57329_/Y
 _57330_/X
 _57331_/Y
 _57332_/Y
 _57333_/X
 _57334_/Y
 _57335_/Y
 _57336_/X
 _57337_/Y
 _57338_/Y
 _57339_/X
 _57340_/X
 _57341_/Y
 _57342_/Y
 _57343_/X
 _57344_/X
 _57345_/X
 _57346_/X
 _57347_/Y
 _57348_/X
 _57349_/Y
 _57350_/X
 _57351_/Y
 _57352_/X
 _57353_/X
 _57354_/Y
 _57355_/X
 _57356_/Y
 _57357_/X
 _57358_/Y
 _57359_/X
 _57360_/X
 _57361_/X
 _57362_/X
 _57363_/Y
 _57364_/Y
 _57365_/Y
 _57366_/X
 _57367_/Y
 _57368_/X
 _57369_/Y
 _57370_/X
 _57371_/Y
 _57372_/Y
 _57373_/X
 _57374_/Y
 _57375_/X
 _57376_/Y
 _57377_/Y
 _57378_/Y
 _57379_/X
 _57380_/Y
 _57381_/Y
 _57382_/Y
 _57383_/Y
 _57384_/X
 _57385_/X
 _57386_/X
 _57387_/Y
 _57388_/Y
 _57389_/Y
 _57390_/Y
 _57391_/Y
 _57392_/Y
 _57393_/X
 _57394_/Y
 _57395_/X
 _57396_/Y
 _57397_/X
 _57398_/Y
 _57399_/Y
 _57400_/X
 _57401_/Y
 _57402_/X
 _57403_/X
 _57404_/X
 _57405_/Y
 _57406_/Y
 _57407_/Y
 _57408_/X
 _57409_/Y
 _57410_/Y
 _57411_/X
 _57412_/X
 _57413_/Y
 _57414_/Y
 _57415_/X
 _57416_/X
 _57417_/Y
 _57418_/X
 _57419_/X
 _57420_/Y
 _57421_/Y
 _57422_/X
 _57423_/Y
 _57424_/Y
 _57425_/X
 _57426_/Y
 _57427_/Y
 _57428_/X
 _57429_/Y
 _57430_/Y
 _57431_/Y
 _57432_/Y
 _57433_/X
 _57434_/X
 _57435_/Y
 _57436_/X
 _57437_/Y
 _57438_/Y
 _57439_/Y
 _57440_/X
 _57441_/X
 _57442_/Y
 _57443_/X
 _57444_/X
 _57445_/X
 _57446_/Y
 _57447_/X
 _57448_/Y
 _57449_/X
 _57450_/Y
 _57451_/Y
 _57452_/Y
 _57453_/X
 _57454_/Y
 _57455_/X
 _57456_/Y
 _57457_/X
 _57458_/X
 _57459_/X
 _57460_/X
 _57461_/X
 _57462_/X
 _57463_/Y
 _57464_/X
 _57465_/Y
 _57466_/Y
 _57467_/Y
 _57468_/X
 _57469_/X
 _57470_/Y
 _57471_/X
 _57472_/X
 _57473_/Y
 _57474_/X
 _57475_/Y
 _57476_/X
 _57477_/X
 _57478_/Y
 _57479_/X
 _57480_/X
 _57481_/X
 _57482_/Y
 _57483_/Y
 _57484_/Y
 _57485_/Y
 _57486_/Y
 _57487_/Y
 _57488_/Y
 _57489_/X
 _57490_/X
 _57491_/Y
 _57492_/Y
 _57493_/Y
 _57494_/X
 _57495_/Y
 _57496_/X
 _57497_/X
 _57498_/Y
 _57499_/Y
 _57500_/X
 _57501_/Y
 _57502_/Y
 _57503_/Y
 _57504_/Y
 _57505_/X
 _57506_/Y
 _57507_/X
 _57508_/X
 _57509_/X
 _57510_/X
 _57511_/Y
 _57512_/X
 _57513_/Y
 _57514_/X
 _57515_/X
 _57516_/X
 _57517_/Y
 _57518_/Y
 _57519_/X
 _57520_/Y
 _57521_/X
 _57522_/X
 _57523_/Y
 _57524_/X
 _57525_/Y
 _57526_/X
 _57527_/Y
 _57528_/X
 _57529_/X
 _57530_/Y
 _57531_/Y
 _57532_/Y
 _57533_/X
 _57534_/Y
 _57535_/Y
 _57536_/Y
 _57537_/Y
 _57538_/Y
 _57539_/Y
 _57540_/Y
 _57541_/X
 _57542_/Y
 _57543_/Y
 _57544_/X
 _57545_/Y
 _57546_/Y
 _57547_/Y
 _57548_/Y
 _57549_/X
 _57550_/Y
 _57551_/X
 _57552_/Y
 _57553_/Y
 _57554_/Y
 _57555_/Y
 _57556_/Y
 _57557_/Y
 _57558_/X
 _57559_/Y
 _57560_/X
 _57561_/Y
 _57562_/Y
 _57563_/Y
 _57564_/X
 _57565_/X
 _57566_/Y
 _57567_/Y
 _57568_/X
 _57569_/X
 _57570_/Y
 _57571_/Y
 _57572_/X
 _57573_/Y
 _57574_/Y
 _57575_/X
 _57576_/X
 _57577_/Y
 _57578_/Y
 _57579_/Y
 _57580_/X
 _57581_/Y
 _57582_/Y
 _57583_/Y
 _57584_/Y
 _57585_/Y
 _57586_/X
 _57587_/Y
 _57588_/Y
 _57589_/X
 _57590_/X
 _57591_/X
 _57592_/X
 _57593_/Y
 _57594_/Y
 _57595_/X
 _57596_/X
 _57597_/Y
 _57598_/Y
 _57599_/Y
 _57600_/Y
 _57601_/Y
 _57602_/X
 _57603_/Y
 _57604_/X
 _57605_/X
 _57606_/Y
 _57607_/X
 _57608_/Y
 _57609_/X
 _57610_/Y
 _57611_/X
 _57612_/Y
 _57613_/X
 _57614_/X
 _57615_/Y
 _57616_/Y
 _57617_/Y
 _57618_/Y
 _57619_/X
 _57620_/X
 _57621_/X
 _57622_/Y
 _57623_/X
 _57624_/Y
 _57625_/X
 _57626_/X
 _57627_/X
 _57628_/X
 _57629_/Y
 _57630_/Y
 _57631_/X
 _57632_/X
 _57633_/Y
 _57634_/Y
 _57635_/X
 _57636_/X
 _57637_/Y
 _57638_/Y
 _57639_/X
 _57640_/Y
 _57641_/Y
 _57642_/Y
 _57643_/X
 _57644_/Y
 _57645_/X
 _57646_/X
 _57647_/X
 _57648_/X
 _57649_/X
 _57650_/X
 _57651_/X
 _57652_/Y
 _57653_/Y
 _57654_/X
 _57655_/X
 _57656_/X
 _57657_/Y
 _57658_/Y
 _57659_/X
 _57660_/Y
 _57661_/X
 _57662_/X
 _57663_/X
 _57664_/X
 _57665_/Y
 _57666_/Y
 _57667_/Y
 _57668_/X
 _57669_/X
 _57670_/Y
 _57671_/X
 _57672_/Y
 _57673_/X
 _57674_/Y
 _57675_/Y
 _57676_/Y
 _57677_/Y
 _57678_/Y
 _57679_/Y
 _57680_/X
 _57681_/X
 _57682_/X
 _57683_/X
 _57684_/Y
 _57685_/X
 _57686_/Y
 _57687_/X
 _57688_/X
 _57689_/Y
 _57690_/Y
 _57691_/Y
 _57692_/Y
 _57693_/Y
 _57694_/X
 _57695_/X
 _57696_/X
 _57697_/Y
 _57698_/Y
 _57699_/X
 _57700_/Y
 _57701_/X
 _57702_/Y
 _57703_/X
 _57704_/Y
 _57705_/Y
 _57706_/X
 _57707_/X
 _57708_/X
 _57709_/Y
 _57710_/Y
 _57711_/Y
 _57712_/X
 _57713_/Y
 _57714_/X
 _57715_/Y
 _57716_/Y
 _57717_/Y
 _57718_/Y
 _57719_/Y
 _57720_/Y
 _57721_/X
 _57722_/Y
 _57723_/X
 _57724_/Y
 _57725_/X
 _57726_/X
 _57727_/X
 _57728_/X
 _57729_/Y
 _57730_/X
 _57731_/Y
 _57732_/X
 _57733_/Y
 _57734_/Y
 _57735_/Y
 _57736_/X
 _57737_/Y
 _57738_/Y
 _57739_/Y
 _57740_/X
 _57741_/Y
 _57742_/Y
 _57743_/X
 _57744_/X
 _57745_/Y
 _57746_/X
 _57747_/X
 _57748_/Y
 _57749_/Y
 _57750_/X
 _57751_/Y
 _57752_/X
 _57753_/X
 _57754_/X
 _57755_/X
 _57756_/Y
 _57757_/Y
 _57758_/X
 _57759_/X
 _57760_/Y
 _57761_/Y
 _57762_/X
 _57763_/Y
 _57764_/X
 _57765_/X
 _57766_/Y
 _57767_/Y
 _57768_/X
 _57769_/Y
 _57770_/Y
 _57771_/Y
 _57772_/X
 _57773_/Y
 _57774_/X
 _57775_/Y
 _57776_/Y
 _57777_/X
 _57778_/Y
 _57779_/Y
 _57780_/X
 _57781_/Y
 _57782_/X
 _57783_/Y
 _57784_/Y
 _57785_/X
 _57786_/Y
 _57787_/X
 _57788_/Y
 _57789_/Y
 _57790_/Y
 _57791_/Y
 _57792_/Y
 _57793_/X
 _57794_/Y
 _57795_/Y
 _57796_/Y
 _57797_/X
 _57798_/X
 _57799_/Y
 _57800_/Y
 _57801_/X
 _57802_/X
 _57803_/Y
 _57804_/X
 _57805_/X
 _57806_/Y
 _57807_/X
 _57808_/Y
 _57809_/Y
 _57810_/X
 _57811_/X
 _57812_/X
 _57813_/X
 _57814_/Y
 _57815_/X
 _57816_/X
 _57817_/X
 _57818_/Y
 _57819_/Y
 _57820_/X
 _57821_/Y
 _57822_/X
 _57823_/Y
 _57824_/X
 _57825_/X
 _57826_/Y
 _57827_/X
 _57828_/X
 _57829_/Y
 _57830_/Y
 _57831_/X
 _57832_/Y
 _57833_/X
 _57834_/Y
 _57835_/Y
 _57836_/Y
 _57837_/Y
 _57838_/Y
 _57839_/X
 _57840_/Y
 _57841_/X
 _57842_/X
 _57843_/Y
 _57844_/Y
 _57845_/Y
 _57846_/X
 _57847_/X
 _57848_/X
 _57849_/X
 _57850_/Y
 _57851_/Y
 _57852_/Y
 _57853_/Y
 _57854_/X
 _57855_/X
 _57856_/Y
 _57857_/X
 _57858_/Y
 _57859_/Y
 _57860_/Y
 _57861_/X
 _57862_/X
 _57863_/X
 _57864_/Y
 _57865_/Y
 _57866_/X
 _57867_/Y
 _57868_/X
 _57869_/X
 _57870_/Y
 _57871_/Y
 _57872_/X
 _57873_/Y
 _57874_/X
 _57875_/X
 _57876_/X
 _57877_/Y
 _57878_/X
 _57879_/Y
 _57880_/X
 _57881_/Y
 _57882_/Y
 _57883_/X
 _57884_/Y
 _57885_/X
 _57886_/X
 _57887_/Y
 _57888_/Y
 _57889_/Y
 _57890_/Y
 _57891_/X
 _57892_/X
 _57893_/Y
 _57894_/X
 _57895_/Y
 _57896_/X
 _57897_/Y
 _57898_/X
 _57899_/X
 _57900_/Y
 _57901_/X
 _57902_/Y
 _57903_/X
 _57904_/Y
 _57905_/Y
 _57906_/Y
 _57907_/Y
 _57908_/X
 _57909_/X
 _57910_/Y
 _57911_/X
 _57912_/X
 _57913_/X
 _57914_/X
 _57915_/X
 _57916_/X
 _57917_/Y
 _57918_/X
 _57919_/X
 _57920_/Y
 _57921_/Y
 _57922_/X
 _57923_/X
 _57924_/X
 _57925_/Y
 _57926_/Y
 _57927_/Y
 _57928_/X
 _57929_/Y
 _57930_/X
 _57931_/Y
 _57932_/Y
 _57933_/Y
 _57934_/X
 _57935_/X
 _57936_/X
 _57937_/Y
 _57938_/X
 _57939_/Y
 _57940_/X
 _57941_/X
 _57942_/X
 _57943_/Y
 _57944_/Y
 _57945_/Y
 _57946_/X
 _57947_/X
 _57948_/X
 _57949_/Y
 _57950_/Y
 _57951_/Y
 _57952_/Y
 _57953_/X
 _57954_/X
 _57955_/X
 _57956_/Y
 _57957_/Y
 _57958_/Y
 _57959_/Y
 _57960_/X
 _57961_/Y
 _57962_/Y
 _57963_/Y
 _57964_/X
 _57965_/Y
 _57966_/X
 _57967_/X
 _57968_/X
 _57969_/Y
 _57970_/Y
 _57971_/X
 _57972_/X
 _57973_/Y
 _57974_/X
 _57975_/Y
 _57976_/Y
 _57977_/Y
 _57978_/X
 _57979_/X
 _57980_/Y
 _57981_/Y
 _57982_/X
 _57983_/Y
 _57984_/X
 _57985_/Y
 _57986_/Y
 _57987_/Y
 _57988_/Y
 _57989_/X
 _57990_/X
 _57991_/Y
 _57992_/Y
 _57993_/X
 _57994_/X
 _57995_/Y
 _57996_/X
 _57997_/X
 _57998_/Y
 _57999_/X
 _58000_/Y
 _58001_/Y
 _58002_/X
 _58003_/X
 _58004_/Y
 _58005_/X
 _58006_/Y
 _58007_/Y
 _58008_/X
 _58009_/Y
 _58010_/Y
 _58011_/Y
 _58012_/X
 _58013_/Y
 _58014_/Y
 _58015_/X
 _58016_/Y
 _58017_/Y
 _58018_/Y
 _58019_/Y
 _58020_/X
 _58021_/X
 _58022_/Y
 _58023_/X
 _58024_/X
 _58025_/Y
 _58026_/X
 _58027_/X
 _58028_/Y
 _58029_/X
 _58030_/Y
 _58031_/X
 _58032_/Y
 _58033_/X
 _58034_/Y
 _58035_/X
 _58036_/Y
 _58037_/Y
 _58038_/Y
 _58039_/Y
 _58040_/X
 _58041_/Y
 _58042_/Y
 _58043_/X
 _58044_/Y
 _58045_/X
 _58046_/X
 _58047_/Y
 _58048_/Y
 _58049_/X
 _58050_/Y
 _58051_/X
 _58052_/Y
 _58053_/Y
 _58054_/Y
 _58055_/X
 _58056_/X
 _58057_/Y
 _58058_/X
 _58059_/Y
 _58060_/X
 _58061_/Y
 _58062_/Y
 _58063_/X
 _58064_/Y
 _58065_/Y
 _58066_/Y
 _58067_/X
 _58068_/Y
 _58069_/X
 _58070_/X
 _58071_/Y
 _58072_/X
 _58073_/Y
 _58074_/X
 _58075_/X
 _58076_/Y
 _58077_/X
 _58078_/X
 _58079_/X
 _58080_/Y
 _58081_/X
 _58082_/X
 _58083_/Y
 _58084_/X
 _58085_/Y
 _58086_/Y
 _58087_/Y
 _58088_/X
 _58089_/X
 _58090_/X
 _58091_/Y
 _58092_/X
 _58093_/X
 _58094_/Y
 _58095_/X
 _58096_/Y
 _58097_/Y
 _58098_/Y
 _58099_/Y
 _58100_/X
 _58101_/Y
 _58102_/X
 _58103_/X
 _58104_/Y
 _58105_/Y
 _58106_/Y
 _58107_/Y
 _58108_/X
 _58109_/X
 _58110_/Y
 _58111_/Y
 _58112_/Y
 _58113_/Y
 _58114_/X
 _58115_/Y
 _58116_/X
 _58117_/X
 _58118_/X
 _58119_/X
 _58120_/Y
 _58121_/Y
 _58122_/X
 _58123_/X
 _58124_/Y
 _58125_/Y
 _58126_/Y
 _58127_/Y
 _58128_/Y
 _58129_/Y
 _58130_/X
 _58131_/Y
 _58132_/X
 _58133_/X
 _58134_/Y
 _58135_/X
 _58136_/Y
 _58137_/X
 _58138_/Y
 _58139_/Y
 _58140_/X
 _58141_/X
 _58142_/Y
 _58143_/X
 _58144_/Y
 _58145_/Y
 _58146_/X
 _58147_/Y
 _58148_/Y
 _58149_/Y
 _58150_/X
 _58151_/X
 _58152_/Y
 _58153_/X
 _58154_/Y
 _58155_/Y
 _58156_/X
 _58157_/X
 _58158_/X
 _58159_/X
 _58160_/X
 _58161_/X
 _58162_/Y
 _58163_/Y
 _58164_/X
 _58165_/X
 _58166_/X
 _58167_/X
 _58168_/Y
 _58169_/X
 _58170_/X
 _58171_/X
 _58172_/X
 _58173_/Y
 _58174_/Y
 _58175_/X
 _58176_/Y
 _58177_/Y
 _58178_/X
 _58179_/Y
 _58180_/X
 _58181_/X
 _58182_/Y
 _58183_/X
 _58184_/X
 _58185_/Y
 _58186_/Y
 _58187_/X
 _58188_/Y
 _58189_/Y
 _58190_/Y
 _58191_/X
 _58192_/Y
 _58193_/X
 _58194_/X
 _58195_/Y
 _58196_/X
 _58197_/Y
 _58198_/Y
 _58199_/X
 _58200_/Y
 _58201_/Y
 _58202_/Y
 _58203_/Y
 _58204_/Y
 _58205_/X
 _58206_/Y
 _58207_/X
 _58208_/X
 _58209_/Y
 _58210_/Y
 _58211_/Y
 _58212_/X
 _58213_/X
 _58214_/X
 _58215_/Y
 _58216_/Y
 _58217_/Y
 _58218_/Y
 _58219_/X
 _58220_/X
 _58221_/Y
 _58222_/Y
 _58223_/X
 _58224_/Y
 _58225_/X
 _58226_/X
 _58227_/Y
 _58228_/Y
 _58229_/X
 _58230_/X
 _58231_/Y
 _58232_/X
 _58233_/Y
 _58234_/Y
 _58235_/X
 _58236_/Y
 _58237_/X
 _58238_/Y
 _58239_/Y
 _58240_/X
 _58241_/X
 _58242_/Y
 _58243_/Y
 _58244_/Y
 _58245_/Y
 _58246_/Y
 _58247_/Y
 _58248_/Y
 _58249_/X
 _58250_/X
 _58251_/Y
 _58252_/Y
 _58253_/Y
 _58254_/Y
 _58255_/Y
 _58256_/X
 _58257_/X
 _58258_/Y
 _58259_/Y
 _58260_/Y
 _58261_/Y
 _58262_/X
 _58263_/Y
 _58264_/X
 _58265_/X
 _58266_/Y
 _58267_/X
 _58268_/Y
 _58269_/X
 _58270_/Y
 _58271_/Y
 _58272_/X
 _58273_/X
 _58274_/X
 _58275_/Y
 _58276_/X
 _58277_/X
 _58278_/X
 _58279_/Y
 _58280_/Y
 _58281_/X
 _58282_/X
 _58283_/Y
 _58284_/X
 _58285_/X
 _58286_/Y
 _58287_/X
 _58288_/Y
 _58289_/Y
 _58290_/Y
 _58291_/Y
 _58292_/X
 _58293_/X
 _58294_/Y
 _58295_/Y
 _58296_/X
 _58297_/Y
 _58298_/Y
 _58299_/Y
 _58300_/X
 _58301_/Y
 _58302_/X
 _58303_/Y
 _58304_/X
 _58305_/Y
 _58306_/Y
 _58307_/Y
 _58308_/X
 _58309_/X
 _58310_/Y
 _58311_/Y
 _58312_/Y
 _58313_/Y
 _58314_/Y
 _58315_/X
 _58316_/Y
 _58317_/X
 _58318_/Y
 _58319_/X
 _58320_/Y
 _58321_/Y
 _58322_/X
 _58323_/X
 _58324_/X
 _58325_/Y
 _58326_/Y
 _58327_/X
 _58328_/Y
 _58329_/X
 _58330_/Y
 _58331_/X
 _58332_/Y
 _58333_/Y
 _58334_/Y
 _58335_/Y
 _58336_/Y
 _58337_/Y
 _58338_/X
 _58339_/X
 _58340_/X
 _58341_/Y
 _58342_/Y
 _58343_/X
 _58344_/X
 _58345_/X
 _58346_/Y
 _58347_/Y
 _58348_/Y
 _58349_/X
 _58350_/Y
 _58351_/X
 _58352_/Y
 _58353_/X
 _58354_/X
 _58355_/Y
 _58356_/Y
 _58357_/X
 _58358_/Y
 _58359_/Y
 _58360_/X
 _58361_/Y
 _58362_/X
 _58363_/X
 _58364_/X
 _58365_/Y
 _58366_/Y
 _58367_/X
 _58368_/Y
 _58369_/Y
 _58370_/X
 _58371_/Y
 _58372_/Y
 _58373_/Y
 _58374_/Y
 _58375_/Y
 _58376_/Y
 _58377_/X
 _58378_/X
 _58379_/Y
 _58380_/X
 _58381_/X
 _58382_/Y
 _58383_/X
 _58384_/Y
 _58385_/X
 _58386_/Y
 _58387_/X
 _58388_/Y
 _58389_/Y
 _58390_/Y
 _58391_/Y
 _58392_/X
 _58393_/Y
 _58394_/Y
 _58395_/Y
 _58396_/Y
 _58397_/X
 _58398_/Y
 _58399_/X
 _58400_/Y
 _58401_/Y
 _58402_/Y
 _58403_/Y
 _58404_/X
 _58405_/Y
 _58406_/Y
 _58407_/X
 _58408_/Y
 _58409_/X
 _58410_/Y
 _58411_/X
 _58412_/Y
 _58413_/X
 _58414_/Y
 _58415_/X
 _58416_/Y
 _58417_/X
 _58418_/Y
 _58419_/Y
 _58420_/X
 _58421_/Y
 _58422_/Y
 _58423_/Y
 _58424_/Y
 _58425_/X
 _58426_/X
 _58427_/Y
 _58428_/Y
 _58429_/Y
 _58430_/X
 _58431_/Y
 _58432_/Y
 _58433_/Y
 _58434_/X
 _58435_/X
 _58436_/Y
 _58437_/Y
 _58438_/X
 _58439_/Y
 _58440_/Y
 _58441_/Y
 _58442_/Y
 _58443_/X
 _58444_/Y
 _58445_/X
 _58446_/Y
 _58447_/Y
 _58448_/X
 _58449_/X
 _58450_/Y
 _58451_/X
 _58452_/X
 _58453_/X
 _58454_/X
 _58455_/X
 _58456_/Y
 _58457_/Y
 _58458_/Y
 _58459_/Y
 _58460_/X
 _58461_/X
 _58462_/X
 _58463_/Y
 _58464_/X
 _58465_/Y
 _58466_/X
 _58467_/X
 _58468_/X
 _58469_/X
 _58470_/X
 _58471_/X
 _58472_/Y
 _58473_/Y
 _58474_/Y
 _58475_/X
 _58476_/Y
 _58477_/Y
 _58478_/Y
 _58479_/Y
 _58480_/Y
 _58481_/X
 _58482_/Y
 _58483_/Y
 _58484_/Y
 _58485_/Y
 _58486_/X
 _58487_/X
 _58488_/Y
 _58489_/X
 _58490_/Y
 _58491_/X
 _58492_/X
 _58493_/Y
 _58494_/X
 _58495_/Y
 _58496_/X
 _58497_/X
 _58498_/X
 _58499_/Y
 _58500_/Y
 _58501_/X
 _58502_/X
 _58503_/X
 _58504_/Y
 _58505_/X
 _58506_/Y
 _58507_/Y
 _58508_/X
 _58509_/Y
 _58510_/X
 _58511_/X
 _58512_/Y
 _58513_/X
 _58514_/Y
 _58515_/X
 _58516_/Y
 _58517_/Y
 _58518_/X
 _58519_/Y
 _58520_/X
 _58521_/Y
 _58522_/X
 _58523_/X
 _58524_/Y
 _58525_/X
 _58526_/X
 _58527_/X
 _58528_/Y
 _58529_/Y
 _58530_/Y
 _58531_/X
 _58532_/Y
 _58533_/Y
 _58534_/X
 _58535_/Y
 _58536_/X
 _58537_/X
 _58538_/Y
 _58539_/Y
 _58540_/X
 _58541_/X
 _58542_/X
 _58543_/X
 _58544_/X
 _58545_/Y
 _58546_/X
 _58547_/X
 _58548_/Y
 _58549_/X
 _58550_/X
 _58551_/Y
 _58552_/X
 _58553_/Y
 _58554_/Y
 _58555_/Y
 _58556_/X
 _58557_/Y
 _58558_/X
 _58559_/Y
 _58560_/X
 _58561_/Y
 _58562_/Y
 _58563_/X
 _58564_/Y
 _58565_/X
 _58566_/Y
 _58567_/Y
 _58568_/X
 _58569_/X
 _58570_/Y
 _58571_/Y
 _58572_/Y
 _58573_/X
 _58574_/Y
 _58575_/X
 _58576_/Y
 _58577_/Y
 _58578_/X
 _58579_/X
 _58580_/X
 _58581_/Y
 _58582_/Y
 _58583_/X
 _58584_/X
 _58585_/Y
 _58586_/Y
 _58587_/X
 _58588_/X
 _58589_/X
 _58590_/X
 _58591_/Y
 _58592_/Y
 _58593_/Y
 _58594_/Y
 _58595_/X
 _58596_/X
 _58597_/X
 _58598_/X
 _58599_/Y
 _58600_/Y
 _58601_/X
 _58602_/X
 _58603_/Y
 _58604_/X
 _58605_/Y
 _58606_/X
 _58607_/X
 _58608_/Y
 _58609_/X
 _58610_/Y
 _58611_/X
 _58612_/X
 _58613_/Y
 _58614_/Y
 _58615_/X
 _58616_/Y
 _58617_/Y
 _58618_/X
 _58619_/X
 _58620_/X
 _58621_/X
 _58622_/Y
 _58623_/X
 _58624_/Y
 _58625_/X
 _58626_/Y
 _58627_/X
 _58628_/X
 _58629_/X
 _58630_/X
 _58631_/X
 _58632_/Y
 _58633_/X
 _58634_/X
 _58635_/X
 _58636_/Y
 _58637_/Y
 _58638_/Y
 _58639_/X
 _58640_/X
 _58641_/Y
 _58642_/X
 _58643_/X
 _58644_/Y
 _58645_/Y
 _58646_/X
 _58647_/Y
 _58648_/Y
 _58649_/X
 _58650_/X
 _58651_/Y
 _58652_/X
 _58653_/Y
 _58654_/X
 _58655_/X
 _58656_/Y
 _58657_/X
 _58658_/X
 _58659_/X
 _58660_/Y
 _58661_/X
 _58662_/Y
 _58663_/X
 _58664_/Y
 _58665_/Y
 _58666_/X
 _58667_/Y
 _58668_/X
 _58669_/Y
 _58670_/Y
 _58671_/Y
 _58672_/X
 _58673_/X
 _58674_/X
 _58675_/X
 _58676_/Y
 _58677_/Y
 _58678_/X
 _58679_/X
 _58680_/Y
 _58681_/X
 _58682_/Y
 _58683_/Y
 _58684_/X
 _58685_/Y
 _58686_/Y
 _58687_/Y
 _58688_/X
 _58689_/Y
 _58690_/Y
 _58691_/Y
 _58692_/X
 _58693_/Y
 _58694_/Y
 _58695_/Y
 _58696_/X
 _58697_/Y
 _58698_/X
 _58699_/Y
 _58700_/Y
 _58701_/X
 _58702_/X
 _58703_/X
 _58704_/X
 _58705_/X
 _58706_/Y
 _58707_/Y
 _58708_/X
 _58709_/Y
 _58710_/X
 _58711_/Y
 _58712_/X
 _58713_/X
 _58714_/X
 _58715_/Y
 _58716_/X
 _58717_/Y
 _58718_/X
 _58719_/X
 _58720_/Y
 _58721_/Y
 _58722_/X
 _58723_/X
 _58724_/X
 _58725_/X
 _58726_/X
 _58727_/Y
 _58728_/X
 _58729_/Y
 _58730_/X
 _58731_/Y
 _58732_/Y
 _58733_/Y
 _58734_/X
 _58735_/X
 _58736_/Y
 _58737_/X
 _58738_/Y
 _58739_/X
 _58740_/Y
 _58741_/X
 _58742_/Y
 _58743_/X
 _58744_/X
 _58745_/Y
 _58746_/X
 _58747_/X
 _58748_/X
 _58749_/X
 _58750_/Y
 _58751_/X
 _58752_/Y
 _58753_/Y
 _58754_/X
 _58755_/Y
 _58756_/X
 _58757_/Y
 _58758_/X
 _58759_/X
 _58760_/X
 _58761_/X
 _58762_/Y
 _58763_/X
 _58764_/X
 _58765_/X
 _58766_/X
 _58767_/X
 _58768_/X
 _58769_/X
 _58770_/Y
 _58771_/Y
 _58772_/Y
 _58773_/X
 _58774_/X
 _58775_/X
 _58776_/Y
 _58777_/X
 _58778_/Y
 _58779_/Y
 _58780_/X
 _58781_/X
 _58782_/X
 _58783_/X
 _58784_/Y
 _58785_/X
 _58786_/X
 _58787_/Y
 _58788_/X
 _58789_/Y
 _58790_/X
 _58791_/X
 _58792_/Y
 _58793_/X
 _58794_/X
 _58795_/X
 _58796_/Y
 _58797_/X
 _58798_/X
 _58799_/Y
 _58800_/X
 _58801_/X
 _58802_/X
 _58803_/X
 _58804_/X
 _58805_/X
 _58806_/Y
 _58807_/Y
 _58808_/Y
 _58809_/X
 _58810_/Y
 _58811_/Y
 _58812_/Y
 _58813_/Y
 _58814_/Y
 _58815_/Y
 _58816_/Y
 _58817_/X
 _58818_/X
 _58819_/Y
 _58820_/X
 _58821_/Y
 _58822_/Y
 _58823_/X
 _58824_/Y
 _58825_/X
 _58826_/Y
 _58827_/X
 _58828_/X
 _58829_/Y
 _58830_/Y
 _58831_/X
 _58832_/Y
 _58833_/X
 _58834_/X
 _58835_/Y
 _58836_/Y
 _58837_/X
 _58838_/X
 _58839_/X
 _58840_/Y
 _58841_/Y
 _58842_/X
 _58843_/Y
 _58844_/X
 _58845_/X
 _58846_/X
 _58847_/X
 _58848_/Y
 _58849_/Y
 _58850_/X
 _58851_/Y
 _58852_/X
 _58853_/Y
 _58854_/Y
 _58855_/X
 _58856_/X
 _58857_/Y
 _58858_/Y
 _58859_/X
 _58860_/X
 _58861_/X
 _58862_/Y
 _58863_/Y
 _58864_/Y
 _58865_/X
 _58866_/Y
 _58867_/Y
 _58868_/Y
 _58869_/X
 _58870_/Y
 _58871_/Y
 _58872_/Y
 _58873_/X
 _58874_/Y
 _58875_/Y
 _58876_/Y
 _58877_/X
 _58878_/Y
 _58879_/Y
 _58880_/Y
 _58881_/Y
 _58882_/X
 _58883_/X
 _58884_/X
 _58885_/Y
 _58886_/Y
 _58887_/Y
 _58888_/X
 _58889_/Y
 _58890_/Y
 _58891_/Y
 _58892_/Y
 _58893_/Y
 _58894_/X
 _58895_/X
 _58896_/X
 _58897_/Y
 _58898_/X
 _58899_/X
 _58900_/X
 _58901_/Y
 _58902_/X
 _58903_/Y
 _58904_/Y
 _58905_/X
 _58906_/Y
 _58907_/X
 _58908_/X
 _58909_/Y
 _58910_/Y
 _58911_/X
 _58912_/Y
 _58913_/X
 _58914_/X
 _58915_/X
 _58916_/Y
 _58917_/Y
 _58918_/X
 _58919_/Y
 _58920_/X
 _58921_/X
 _58922_/X
 _58923_/X
 _58924_/Y
 _58925_/X
 _58926_/Y
 _58927_/Y
 _58928_/X
 _58929_/X
 _58930_/Y
 _58931_/X
 _58932_/Y
 _58933_/Y
 _58934_/Y
 _58935_/Y
 _58936_/X
 _58937_/Y
 _58938_/X
 _58939_/X
 _58940_/X
 _58941_/X
 _58942_/X
 _58943_/X
 _58944_/X
 _58945_/Y
 _58946_/X
 _58947_/X
 _58948_/Y
 _58949_/Y
 _58950_/Y
 _58951_/X
 _58952_/Y
 _58953_/X
 _58954_/Y
 _58955_/X
 _58956_/Y
 _58957_/X
 _58958_/X
 _58959_/X
 _58960_/X
 _58961_/X
 _58962_/Y
 _58963_/X
 _58964_/X
 _58965_/X
 _58966_/Y
 _58967_/X
 _58968_/X
 _58969_/X
 _58970_/Y
 _58971_/X
 _58972_/Y
 _58973_/Y
 _58974_/Y
 _58975_/X
 _58976_/Y
 _58977_/X
 _58978_/Y
 _58979_/Y
 _58980_/X
 _58981_/Y
 _58982_/X
 _58983_/Y
 _58984_/X
 _58985_/Y
 _58986_/Y
 _58987_/Y
 _58988_/Y
 _58989_/X
 _58990_/Y
 _58991_/Y
 _58992_/X
 _58993_/Y
 _58994_/Y
 _58995_/Y
 _58996_/X
 _58997_/Y
 _58998_/Y
 _58999_/Y
 _59000_/Y
 _59001_/X
 _59002_/Y
 _59003_/Y
 _59004_/Y
 _59005_/Y
 _59006_/X
 _59007_/Y
 _59008_/X
 _59009_/Y
 _59010_/Y
 _59011_/X
 _59012_/Y
 _59013_/Y
 _59014_/Y
 _59015_/Y
 _59016_/X
 _59017_/Y
 _59018_/Y
 _59019_/X
 _59020_/X
 _59021_/Y
 _59022_/Y
 _59023_/X
 _59024_/X
 _59025_/Y
 _59026_/Y
 _59027_/X
 _59028_/Y
 _59029_/Y
 _59030_/Y
 _59031_/X
 _59032_/X
 _59033_/Y
 _59034_/Y
 _59035_/X
 _59036_/X
 _59037_/X
 _59038_/Y
 _59039_/X
 _59040_/Y
 _59041_/Y
 _59042_/X
 _59043_/Y
 _59044_/X
 _59045_/X
 _59046_/X
 _59047_/Y
 _59048_/X
 _59049_/Y
 _59050_/Y
 _59051_/Y
 _59052_/Y
 _59053_/X
 _59054_/X
 _59055_/Y
 _59056_/X
 _59057_/Y
 _59058_/X
 _59059_/X
 _59060_/X
 _59061_/Y
 _59062_/X
 _59063_/Y
 _59064_/X
 _59065_/Y
 _59066_/Y
 _59067_/X
 _59068_/X
 _59069_/Y
 _59070_/X
 _59071_/X
 _59072_/Y
 _59073_/X
 _59074_/X
 _59075_/X
 _59076_/Y
 _59077_/Y
 _59078_/X
 _59079_/X
 _59080_/Y
 _59081_/X
 _59082_/X
 _59083_/X
 _59084_/X
 _59085_/X
 _59086_/Y
 _59087_/X
 _59088_/Y
 _59089_/Y
 _59090_/Y
 _59091_/Y
 _59092_/X
 _59093_/Y
 _59094_/Y
 _59095_/Y
 _59096_/X
 _59097_/X
 _59098_/Y
 _59099_/Y
 _59100_/Y
 _59101_/X
 _59102_/Y
 _59103_/Y
 _59104_/Y
 _59105_/Y
 _59106_/Y
 _59107_/Y
 _59108_/Y
 _59109_/Y
 _59110_/Y
 _59111_/X
 _59112_/Y
 _59113_/Y
 _59114_/Y
 _59115_/Y
 _59116_/X
 _59117_/Y
 _59118_/Y
 _59119_/Y
 _59120_/X
 _59121_/X
 _59122_/Y
 _59123_/Y
 _59124_/Y
 _59125_/Y
 _59126_/Y
 _59127_/X
 _59128_/Y
 _59129_/Y
 _59130_/Y
 _59131_/Y
 _59132_/Y
 _59133_/Y
 _59134_/X
 _59135_/Y
 _59136_/X
 _59137_/X
 _59138_/X
 _59139_/X
 _59140_/X
 _59141_/X
 _59142_/Y
 _59143_/X
 _59144_/X
 _59145_/Y
 _59146_/Y
 _59147_/Y
 _59148_/Y
 _59149_/Y
 _59150_/X
 _59151_/Y
 _59152_/Y
 _59153_/X
 _59154_/X
 _59155_/Y
 _59156_/Y
 _59157_/X
 _59158_/Y
 _59159_/Y
 _59160_/X
 _59161_/X
 _59162_/Y
 _59163_/X
 _59164_/X
 _59165_/Y
 _59166_/Y
 _59167_/X
 _59168_/Y
 _59169_/Y
 _59170_/X
 _59171_/Y
 _59172_/Y
 _59173_/X
 _59174_/Y
 _59175_/X
 _59176_/Y
 _59177_/X
 _59178_/X
 _59179_/X
 _59180_/Y
 _59181_/Y
 _59182_/X
 _59183_/X
 _59184_/Y
 _59185_/Y
 _59186_/Y
 _59187_/Y
 _59188_/Y
 _59189_/X
 _59190_/X
 _59191_/Y
 _59192_/Y
 _59193_/Y
 _59194_/X
 _59195_/Y
 _59196_/X
 _59197_/Y
 _59198_/X
 _59199_/X
 _59200_/X
 _59201_/X
 _59202_/X
 _59203_/Y
 _59204_/Y
 _59205_/X
 _59206_/X
 _59207_/X
 _59208_/Y
 _59209_/Y
 _59210_/Y
 _59211_/Y
 _59212_/Y
 _59213_/X
 _59214_/X
 _59215_/Y
 _59216_/X
 _59217_/Y
 _59218_/Y
 _59219_/X
 _59220_/Y
 _59221_/Y
 _59222_/X
 _59223_/X
 _59224_/Y
 _59225_/Y
 _59226_/X
 _59227_/Y
 _59228_/Y
 _59229_/X
 _59230_/X
 _59231_/Y
 _59232_/Y
 _59233_/X
 _59234_/Y
 _59235_/X
 _59236_/X
 _59237_/Y
 _59238_/X
 _59239_/X
 _59240_/X
 _59241_/Y
 _59242_/X
 _59243_/X
 _59244_/Y
 _59245_/X
 _59246_/X
 _59247_/X
 _59248_/Y
 _59249_/Y
 _59250_/X
 _59251_/Y
 _59252_/Y
 _59253_/Y
 _59254_/Y
 _59255_/X
 _59256_/X
 _59257_/X
 _59258_/Y
 _59259_/Y
 _59260_/Y
 _59261_/Y
 _59262_/X
 _59263_/Y
 _59264_/X
 _59265_/X
 _59266_/Y
 _59267_/X
 _59268_/Y
 _59269_/X
 _59270_/Y
 _59271_/Y
 _59272_/Y
 _59273_/Y
 _59274_/X
 _59275_/Y
 _59276_/Y
 _59277_/Y
 _59278_/X
 _59279_/Y
 _59280_/X
 _59281_/X
 _59282_/Y
 _59283_/X
 _59284_/X
 _59285_/Y
 _59286_/X
 _59287_/Y
 _59288_/Y
 _59289_/X
 _59290_/X
 _59291_/X
 _59292_/Y
 _59293_/Y
 _59294_/Y
 _59295_/X
 _59296_/X
 _59297_/X
 _59298_/Y
 _59299_/X
 _59300_/Y
 _59301_/X
 _59302_/Y
 _59303_/Y
 _59304_/X
 _59305_/Y
 _59306_/Y
 _59307_/X
 _59308_/Y
 _59309_/X
 _59310_/Y
 _59311_/X
 _59312_/Y
 _59313_/X
 _59314_/X
 _59315_/Y
 _59316_/Y
 _59317_/Y
 _59318_/Y
 _59319_/X
 _59320_/Y
 _59321_/X
 _59322_/X
 _59323_/X
 _59324_/X
 _59325_/Y
 _59326_/Y
 _59327_/Y
 _59328_/Y
 _59329_/X
 _59330_/X
 _59331_/Y
 _59332_/X
 _59333_/Y
 _59334_/Y
 _59335_/Y
 _59336_/X
 _59337_/X
 _59338_/X
 _59339_/X
 _59340_/Y
 _59341_/X
 _59342_/X
 _59343_/X
 _59344_/X
 _59345_/Y
 _59346_/Y
 _59347_/X
 _59348_/X
 _59349_/Y
 _59350_/X
 _59351_/Y
 _59352_/X
 _59353_/Y
 _59354_/Y
 _59355_/Y
 _59356_/Y
 _59357_/Y
 _59358_/X
 _59359_/Y
 _59360_/Y
 _59361_/Y
 _59362_/X
 _59363_/X
 _59364_/X
 _59365_/Y
 _59366_/X
 _59367_/X
 _59368_/Y
 _59369_/X
 _59370_/X
 _59371_/Y
 _59372_/X
 _59373_/Y
 _59374_/Y
 _59375_/X
 _59376_/X
 _59377_/X
 _59378_/X
 _59379_/X
 _59380_/Y
 _59381_/Y
 _59382_/X
 _59383_/X
 _59384_/Y
 _59385_/X
 _59386_/Y
 _59387_/X
 _59388_/Y
 _59389_/Y
 _59390_/X
 _59391_/Y
 _59392_/Y
 _59393_/X
 _59394_/X
 _59395_/X
 _59396_/X
 _59397_/Y
 _59398_/X
 _59399_/Y
 _59400_/Y
 _59401_/X
 _59402_/Y
 _59403_/Y
 _59404_/Y
 _59405_/Y
 _59406_/X
 _59407_/X
 _59408_/X
 _59409_/Y
 _59410_/X
 _59411_/Y
 _59412_/X
 _59413_/Y
 _59414_/X
 _59415_/X
 _59416_/X
 _59417_/X
 _59418_/Y
 _59419_/X
 _59420_/Y
 _59421_/X
 _59422_/Y
 _59423_/X
 _59424_/X
 _59425_/Y
 _59426_/Y
 _59427_/Y
 _59428_/Y
 _59429_/X
 _59430_/Y
 _59431_/X
 _59432_/X
 _59433_/X
 _59434_/X
 _59435_/Y
 _59436_/Y
 _59437_/X
 _59438_/X
 _59439_/X
 _59440_/X
 _59441_/Y
 _59442_/X
 _59443_/Y
 _59444_/Y
 _59445_/Y
 _59446_/X
 _59447_/X
 _59448_/X
 _59449_/X
 _59450_/Y
 _59451_/Y
 _59452_/Y
 _59453_/Y
 _59454_/X
 _59455_/X
 _59456_/Y
 _59457_/X
 _59458_/Y
 _59459_/X
 _59460_/X
 _59461_/Y
 _59462_/X
 _59463_/X
 _59464_/X
 _59465_/Y
 _59466_/Y
 _59467_/X
 _59468_/X
 _59469_/X
 _59470_/X
 _59471_/X
 _59472_/X
 _59473_/Y
 _59474_/X
 _59475_/X
 _59476_/X
 _59477_/Y
 _59478_/X
 _59479_/X
 _59480_/Y
 _59481_/Y
 _59482_/Y
 _59483_/X
 _59484_/Y
 _59485_/Y
 _59486_/X
 _59487_/Y
 _59488_/X
 _59489_/Y
 _59490_/X
 _59491_/Y
 _59492_/Y
 _59493_/Y
 _59494_/X
 _59495_/X
 _59496_/Y
 _59497_/Y
 _59498_/X
 _59499_/Y
 _59500_/X
 _59501_/Y
 _59502_/X
 _59503_/X
 _59504_/X
 _59505_/Y
 _59506_/X
 _59507_/Y
 _59508_/Y
 _59509_/X
 _59510_/Y
 _59511_/X
 _59512_/Y
 _59513_/X
 _59514_/Y
 _59515_/Y
 _59516_/Y
 _59517_/X
 _59518_/Y
 _59519_/Y
 _59520_/X
 _59521_/Y
 _59522_/X
 _59523_/X
 _59524_/X
 _59525_/X
 _59526_/X
 _59527_/X
 _59528_/X
 _59529_/Y
 _59530_/X
 _59531_/X
 _59532_/X
 _59533_/X
 _59534_/X
 _59535_/X
 _59536_/X
 _59537_/Y
 _59538_/Y
 _59539_/X
 _59540_/Y
 _59541_/Y
 _59542_/Y
 _59543_/X
 _59544_/Y
 _59545_/Y
 _59546_/X
 _59547_/Y
 _59548_/X
 _59549_/Y
 _59550_/X
 _59551_/X
 _59552_/Y
 _59553_/Y
 _59554_/X
 _59555_/Y
 _59556_/X
 _59557_/X
 _59558_/Y
 _59559_/X
 _59560_/Y
 _59561_/Y
 _59562_/X
 _59563_/X
 _59564_/X
 _59565_/Y
 _59566_/Y
 _59567_/Y
 _59568_/Y
 _59569_/X
 _59570_/X
 _59571_/X
 _59572_/Y
 _59573_/X
 _59574_/Y
 _59575_/Y
 _59576_/Y
 _59577_/X
 _59578_/Y
 _59579_/X
 _59580_/X
 _59581_/X
 _59582_/X
 _59583_/Y
 _59584_/X
 _59585_/Y
 _59586_/Y
 _59587_/Y
 _59588_/Y
 _59589_/X
 _59590_/X
 _59591_/Y
 _59592_/Y
 _59593_/Y
 _59594_/X
 _59595_/Y
 _59596_/X
 _59597_/Y
 _59598_/Y
 _59599_/Y
 _59600_/Y
 _59601_/X
 _59602_/Y
 _59603_/Y
 _59604_/Y
 _59605_/Y
 _59606_/X
 _59607_/Y
 _59608_/X
 _59609_/Y
 _59610_/Y
 _59611_/Y
 _59612_/X
 _59613_/X
 _59614_/X
 _59615_/X
 _59616_/X
 _59617_/X
 _59618_/X
 _59619_/X
 _59620_/X
 _59621_/X
 _59622_/Y
 _59623_/Y
 _59624_/Y
 _59625_/Y
 _59626_/X
 _59627_/X
 _59628_/X
 _59629_/X
 _59630_/X
 _59631_/Y
 _59632_/Y
 _59633_/Y
 _59634_/X
 _59635_/X
 _59636_/X
 _59637_/X
 _59638_/X
 _59639_/Y
 _59640_/X
 _59641_/Y
 _59642_/X
 _59643_/Y
 _59644_/Y
 _59645_/X
 _59646_/X
 _59647_/X
 _59648_/X
 _59649_/Y
 _59650_/Y
 _59651_/Y
 _59652_/Y
 _59653_/X
 _59654_/Y
 _59655_/X
 _59656_/X
 _59657_/X
 _59658_/X
 _59659_/X
 _59660_/Y
 _59661_/Y
 _59662_/Y
 _59663_/X
 _59664_/Y
 _59665_/Y
 _59666_/X
 _59667_/Y
 _59668_/Y
 _59669_/Y
 _59670_/X
 _59671_/X
 _59672_/X
 _59673_/Y
 _59674_/Y
 _59675_/X
 _59676_/X
 _59677_/X
 _59678_/X
 _59679_/X
 _59680_/X
 _59681_/X
 _59682_/X
 _59683_/X
 _59684_/X
 _59685_/X
 _59686_/X
 _59687_/X
 _59688_/X
 _59689_/X
 _59690_/X
 _59691_/X
 _59692_/X
 _59693_/X
 _59694_/X
 _59695_/X
 _59696_/X
 _59697_/Y
 _59698_/X
 _59699_/X
 _59700_/Y
 _59701_/X
 _59702_/X
 _59703_/Y
 _59704_/X
 _59705_/X
 _59706_/X
 _59707_/X
 _59708_/X
 _59709_/X
 _59710_/X
 _59711_/Y
 _59712_/Y
 _59713_/X
 _59714_/X
 _59715_/X
 _59716_/X
 _59717_/Y
 _59718_/X
 _59719_/X
 _59720_/Y
 _59721_/X
 _59722_/X
 _59723_/Y
 _59724_/Y
 _59725_/X
 _59726_/Y
 _59727_/Y
 _59728_/X
 _59729_/Y
 _59730_/Y
 _59731_/X
 _59732_/X
 _59733_/X
 _59734_/X
 _59735_/X
 _59736_/X
 _59737_/X
 _59738_/X
 _59739_/X
 _59740_/X
 _59741_/X
 _59742_/X
 _59743_/X
 _59744_/X
 _59745_/X
 _59746_/X
 _59747_/X
 _59748_/X
 _59749_/X
 _59750_/X
 _59751_/X
 _59752_/X
 _59753_/Y
 _59754_/X
 _59755_/X
 _59756_/X
 _59757_/X
 _59758_/Y
 _59759_/Y
 _59760_/X
 _59761_/X
 _59762_/X
 _59763_/X
 _59764_/X
 _59765_/Y
 _59766_/X
 _59767_/Y
 _59768_/X
 _59769_/X
 _59770_/X
 _59771_/X
 _59772_/X
 _59773_/X
 _59774_/X
 _59775_/X
 _59776_/Y
 _59777_/X
 _59778_/X
 _59779_/X
 _59780_/X
 _59781_/X
 _59782_/Y
 _59783_/Y
 _59784_/X
 _59785_/X
 _59786_/X
 _59787_/X
 _59788_/X
 _59789_/X
 _59790_/X
 _59791_/X
 _59792_/X
 _59793_/X
 _59794_/X
 _59795_/Y
 _59796_/X
 _59797_/Y
 _59798_/Y
 _59799_/X
 _59800_/X
 _59801_/X
 _59802_/X
 _59803_/X
 _59804_/X
 _59805_/X
 _59806_/Y
 _59807_/X
 _59808_/Y
 _59809_/X
 _59810_/Y
 _59811_/X
 _59812_/X
 _59813_/Y
 _59814_/X
 _59815_/Y
 _59816_/X
 _59817_/X
 _59818_/X
 _59819_/Y
 _59820_/Y
 _59821_/X
 _59822_/Y
 _59823_/Y
 _59824_/X
 _59825_/X
 _59826_/X
 _59827_/X
 _59828_/Y
 _59829_/X
 _59830_/X
 _59831_/Y
 _59832_/Y
 _59833_/Y
 _59834_/X
 _59835_/X
 _59836_/Y
 _59837_/X
 _59838_/Y
 _59839_/Y
 _59840_/X
 _59841_/X
 _59842_/X
 _59843_/X
 _59844_/X
 _59845_/Y
 _59846_/Y
 _59847_/X
 _59848_/Y
 _59849_/Y
 _59850_/X
 _59851_/Y
 _59852_/Y
 _59853_/X
 _59854_/X
 _59855_/Y
 _59856_/Y
 _59857_/X
 _59858_/Y
 _59859_/Y
 _59860_/Y
 _59861_/Y
 _59862_/X
 _59863_/Y
 _59864_/X
 _59865_/X
 _59866_/Y
 _59867_/X
 _59868_/X
 _59869_/Y
 _59870_/Y
 _59871_/X
 _59872_/Y
 _59873_/Y
 _59874_/X
 _59875_/Y
 _59876_/Y
 _59877_/X
 _59878_/Y
 _59879_/Y
 _59880_/X
 _59881_/Y
 _59882_/Y
 _59883_/X
 _59884_/Y
 _59885_/X
 _59886_/X
 _59887_/X
 _59888_/Y
 _59889_/X
 _59890_/X
 _59891_/X
 _59892_/Y
 _59893_/X
 _59894_/Y
 _59895_/Y
 _59896_/X
 _59897_/X
 _59898_/X
 _59899_/X
 _59900_/Y
 _59901_/X
 _59902_/Y
 _59903_/X
 _59904_/Y
 _59905_/X
 _59906_/Y
 _59907_/X
 _59908_/Y
 _59909_/X
 _59910_/Y
 _59911_/Y
 _59912_/X
 _59913_/Y
 _59914_/Y
 _59915_/Y
 _59916_/X
 _59917_/Y
 _59918_/Y
 _59919_/Y
 _59920_/X
 _59921_/Y
 _59922_/X
 _59923_/X
 _59924_/X
 _59925_/X
 _59926_/X
 _59927_/X
 _59928_/X
 _59929_/Y
 _59930_/X
 _59931_/X
 _59932_/Y
 _59933_/X
 _59934_/Y
 _59935_/Y
 _59936_/X
 _59937_/Y
 _59938_/X
 _59939_/X
 _59940_/Y
 _59941_/X
 _59942_/X
 _59943_/Y
 _59944_/Y
 _59945_/X
 _59946_/Y
 _59947_/X
 _59948_/X
 _59949_/Y
 _59950_/X
 _59951_/Y
 _59952_/X
 _59953_/X
 _59954_/X
 _59955_/Y
 _59956_/Y
 _59957_/X
 _59958_/X
 _59959_/Y
 _59960_/X
 _59961_/X
 _59962_/Y
 _59963_/Y
 _59964_/X
 _59965_/Y
 _59966_/Y
 _59967_/X
 _59968_/X
 _59969_/Y
 _59970_/X
 _59971_/X
 _59972_/Y
 _59973_/Y
 _59974_/Y
 _59975_/Y
 _59976_/X
 _59977_/X
 _59978_/X
 _59979_/X
 _59980_/Y
 _59981_/X
 _59982_/X
 _59983_/Y
 _59984_/X
 _59985_/Y
 _59986_/X
 _59987_/X
 _59988_/Y
 _59989_/Y
 _59990_/X
 _59991_/X
 _59992_/Y
 _59993_/X
 _59994_/Y
 _59995_/Y
 _59996_/Y
 _59997_/X
 _59998_/Y
 _59999_/Y
 _60000_/X
 _60001_/Y
 _60002_/Y
 _60003_/Y
 _60004_/X
 _60005_/X
 _60006_/X
 _60007_/X
 _60008_/Y
 _60009_/X
 _60010_/Y
 _60011_/X
 _60012_/X
 _60013_/X
 _60014_/Y
 _60015_/X
 _60016_/Y
 _60017_/Y
 _60018_/X
 _60019_/X
 _60020_/Y
 _60021_/Y
 _60022_/Y
 _60023_/X
 _60024_/Y
 _60025_/X
 _60026_/Y
 _60027_/Y
 _60028_/X
 _60029_/X
 _60030_/Y
 _60031_/X
 _60032_/Y
 _60033_/X
 _60034_/X
 _60035_/Y
 _60036_/X
 _60037_/Y
 _60038_/Y
 _60039_/X
 _60040_/X
 _60041_/X
 _60042_/X
 _60043_/X
 _60044_/X
 _60045_/X
 _60046_/X
 _60047_/X
 _60048_/Y
 _60049_/X
 _60050_/X
 _60051_/Y
 _60052_/Y
 _60053_/Y
 _60054_/Y
 _60055_/Y
 _60056_/X
 _60057_/Y
 _60058_/X
 _60059_/Y
 _60060_/Y
 _60061_/X
 _60062_/X
 _60063_/X
 _60064_/X
 _60065_/X
 _60066_/Y
 _60067_/X
 _60068_/Y
 _60069_/X
 _60070_/Y
 _60071_/Y
 _60072_/X
 _60073_/Y
 _60074_/Y
 _60075_/Y
 _60076_/X
 _60077_/X
 _60078_/X
 _60079_/X
 _60080_/X
 _60081_/X
 _60082_/X
 _60083_/Y
 _60084_/Y
 _60085_/Y
 _60086_/Y
 _60087_/X
 _60088_/Y
 _60089_/Y
 _60090_/Y
 _60091_/Y
 _60092_/X
 _60093_/X
 _60094_/X
 _60095_/X
 _60096_/X
 _60097_/X
 _60098_/X
 _60099_/X
 _60100_/Y
 _60101_/X
 _60102_/Y
 _60103_/Y
 _60104_/X
 _60105_/Y
 _60106_/X
 _60107_/Y
 _60108_/Y
 _60109_/X
 _60110_/X
 _60111_/Y
 _60112_/X
 _60113_/Y
 _60114_/Y
 _60115_/Y
 _60116_/X
 _60117_/Y
 _60118_/Y
 _60119_/X
 _60120_/Y
 _60121_/X
 _60122_/Y
 _60123_/Y
 _60124_/Y
 _60125_/X
 _60126_/X
 _60127_/Y
 _60128_/X
 _60129_/Y
 _60130_/X
 _60131_/Y
 _60132_/X
 _60133_/X
 _60134_/X
 _60135_/X
 _60136_/Y
 _60137_/X
 _60138_/X
 _60139_/X
 _60140_/X
 _60141_/Y
 _60142_/Y
 _60143_/X
 _60144_/X
 _60145_/X
 _60146_/X
 _60147_/Y
 _60148_/X
 _60149_/Y
 _60150_/Y
 _60151_/X
 _60152_/X
 _60153_/X
 _60154_/X
 _60155_/Y
 _60156_/X
 _60157_/Y
 _60158_/X
 _60159_/Y
 _60160_/X
 _60161_/Y
 _60162_/Y
 _60163_/X
 _60164_/Y
 _60165_/X
 _60166_/Y
 _60167_/X
 _60168_/X
 _60169_/X
 _60170_/Y
 _60171_/X
 _60172_/X
 _60173_/Y
 _60174_/X
 _60175_/X
 _60176_/Y
 _60177_/X
 _60178_/Y
 _60179_/Y
 _60180_/X
 _60181_/X
 _60182_/Y
 _60183_/X
 _60184_/X
 _60185_/Y
 _60186_/X
 _60187_/Y
 _60188_/Y
 _60189_/Y
 _60190_/X
 _60191_/Y
 _60192_/X
 _60193_/Y
 _60194_/Y
 _60195_/X
 _60196_/Y
 _60197_/X
 _60198_/X
 _60199_/Y
 _60200_/Y
 _60201_/Y
 _60202_/X
 _60203_/X
 _60204_/X
 _60205_/Y
 _60206_/X
 _60207_/Y
 _60208_/Y
 _60209_/X
 _60210_/Y
 _60211_/X
 _60212_/Y
 _60213_/Y
 _60214_/Y
 _60215_/Y
 _60216_/X
 _60217_/Y
 _60218_/X
 _60219_/Y
 _60220_/X
 _60221_/X
 _60222_/Y
 _60223_/Y
 _60224_/Y
 _60225_/X
 _60226_/Y
 _60227_/Y
 _60228_/X
 _60229_/Y
 _60230_/X
 _60231_/X
 _60232_/X
 _60233_/X
 _60234_/X
 _60235_/Y
 _60236_/X
 _60237_/Y
 _60238_/X
 _60239_/X
 _60240_/X
 _60241_/X
 _60242_/Y
 _60243_/X
 _60244_/X
 _60245_/X
 _60246_/X
 _60247_/Y
 _60248_/X
 _60249_/Y
 _60250_/Y
 _60251_/X
 _60252_/X
 _60253_/X
 _60254_/X
 _60255_/Y
 _60256_/Y
 _60257_/X
 _60258_/X
 _60259_/X
 _60260_/X
 _60261_/Y
 _60262_/X
 _60263_/Y
 _60264_/X
 _60265_/X
 _60266_/Y
 _60267_/X
 _60268_/X
 _60269_/Y
 _60270_/Y
 _60271_/X
 _60272_/X
 _60273_/X
 _60274_/X
 _60275_/Y
 _60276_/Y
 _60277_/X
 _60278_/Y
 _60279_/Y
 _60280_/X
 _60281_/Y
 _60282_/X
 _60283_/Y
 _60284_/X
 _60285_/X
 _60286_/X
 _60287_/X
 _60288_/X
 _60289_/X
 _60290_/X
 _60291_/Y
 _60292_/X
 _60293_/Y
 _60294_/Y
 _60295_/X
 _60296_/Y
 _60297_/Y
 _60298_/Y
 _60299_/X
 _60300_/Y
 _60301_/X
 _60302_/Y
 _60303_/Y
 _60304_/Y
 _60305_/X
 _60306_/X
 _60307_/Y
 _60308_/X
 _60309_/Y
 _60310_/X
 _60311_/Y
 _60312_/Y
 _60313_/X
 _60314_/Y
 _60315_/Y
 _60316_/Y
 _60317_/X
 _60318_/Y
 _60319_/Y
 _60320_/X
 _60321_/X
 _60322_/Y
 _60323_/X
 _60324_/Y
 _60325_/Y
 _60326_/Y
 _60327_/X
 _60328_/Y
 _60329_/Y
 _60330_/X
 _60331_/Y
 _60332_/X
 _60333_/Y
 _60334_/X
 _60335_/X
 _60336_/X
 _60337_/X
 _60338_/X
 _60339_/Y
 _60340_/X
 _60341_/Y
 _60342_/X
 _60343_/X
 _60344_/X
 _60345_/X
 _60346_/X
 _60347_/X
 _60348_/X
 _60349_/X
 _60350_/Y
 _60351_/Y
 _60352_/X
 _60353_/X
 _60354_/X
 _60355_/X
 _60356_/X
 _60357_/Y
 _60358_/X
 _60359_/Y
 _60360_/Y
 _60361_/X
 _60362_/Y
 _60363_/Y
 _60364_/Y
 _60365_/Y
 _60366_/X
 _60367_/Y
 _60368_/Y
 _60369_/Y
 _60370_/Y
 _60371_/X
 _60372_/Y
 _60373_/X
 _60374_/X
 _60375_/Y
 _60376_/Y
 _60377_/Y
 _60378_/Y
 _60379_/X
 _60380_/Y
 _60381_/Y
 _60382_/Y
 _60383_/X
 _60384_/X
 _60385_/X
 _60386_/X
 _60387_/X
 _60388_/X
 _60389_/X
 _60390_/X
 _60391_/X
 _60392_/X
 _60393_/X
 _60394_/X
 _60395_/Y
 _60396_/X
 _60397_/X
 _60398_/X
 _60399_/X
 _60400_/X
 _60401_/Y
 _60402_/Y
 _60403_/Y
 _60404_/Y
 _60405_/X
 _60406_/Y
 _60407_/X
 _60408_/Y
 _60409_/X
 _60410_/Y
 _60411_/X
 _60412_/Y
 _60413_/X
 _60414_/Y
 _60415_/Y
 _60416_/X
 _60417_/X
 _60418_/X
 _60419_/Y
 _60420_/Y
 _60421_/Y
 _60422_/Y
 _60423_/X
 _60424_/Y
 _60425_/X
 _60426_/Y
 _60427_/Y
 _60428_/Y
 _60429_/Y
 _60430_/X
 _60431_/Y
 _60432_/X
 _60433_/Y
 _60434_/X
 _60435_/Y
 _60436_/Y
 _60437_/X
 _60438_/X
 _60439_/X
 _60440_/X
 _60441_/X
 _60442_/Y
 _60443_/X
 _60444_/Y
 _60445_/Y
 _60446_/Y
 _60447_/X
 _60448_/Y
 _60449_/X
 _60450_/Y
 _60451_/Y
 _60452_/Y
 _60453_/X
 _60454_/X
 _60455_/X
 _60456_/X
 _60457_/Y
 _60458_/Y
 _60459_/Y
 _60460_/X
 _60461_/Y
 _60462_/X
 _60463_/X
 _60464_/X
 _60465_/X
 _60466_/X
 _60467_/Y
 _60468_/X
 _60469_/Y
 _60470_/X
 _60471_/X
 _60472_/X
 _60473_/X
 _60474_/Y
 _60475_/X
 _60476_/X
 _60477_/X
 _60478_/X
 _60479_/Y
 _60480_/X
 _60481_/Y
 _60482_/Y
 _60483_/X
 _60484_/X
 _60485_/X
 _60486_/X
 _60487_/Y
 _60488_/Y
 _60489_/X
 _60490_/X
 _60491_/X
 _60492_/X
 _60493_/Y
 _60494_/X
 _60495_/Y
 _60496_/X
 _60497_/X
 _60498_/X
 _60499_/X
 _60500_/Y
 _60501_/Y
 _60502_/X
 _60503_/Y
 _60504_/Y
 _60505_/X
 _60506_/Y
 _60507_/Y
 _60508_/X
 _60509_/Y
 _60510_/Y
 _60511_/X
 _60512_/Y
 _60513_/Y
 _60514_/Y
 _60515_/X
 _60516_/Y
 _60517_/Y
 _60518_/Y
 _60519_/Y
 _60520_/X
 _60521_/Y
 _60522_/Y
 _60523_/X
 _60524_/Y
 _60525_/Y
 _60526_/Y
 _60527_/X
 _60528_/X
 _60529_/Y
 _60530_/Y
 _60531_/X
 _60532_/X
 _60533_/Y
 _60534_/X
 _60535_/X
 _60536_/Y
 _60537_/X
 _60538_/Y
 _60539_/Y
 _60540_/X
 _60541_/X
 _60542_/X
 _60543_/Y
 _60544_/X
 _60545_/X
 _60546_/Y
 _60547_/X
 _60548_/Y
 _60549_/X
 _60550_/Y
 _60551_/Y
 _60552_/X
 _60553_/Y
 _60554_/X
 _60555_/X
 _60556_/Y
 _60557_/X
 _60558_/Y
 _60559_/X
 _60560_/X
 _60561_/Y
 _60562_/X
 _60563_/X
 _60564_/X
 _60565_/Y
 _60566_/Y
 _60567_/Y
 _60568_/X
 _60569_/X
 _60570_/Y
 _60571_/Y
 _60572_/X
 _60573_/X
 _60574_/X
 _60575_/Y
 _60576_/X
 _60577_/Y
 _60578_/X
 _60579_/Y
 _60580_/X
 _60581_/X
 _60582_/X
 _60583_/X
 _60584_/X
 _60585_/Y
 _60586_/X
 _60587_/Y
 _60588_/X
 _60589_/X
 _60590_/X
 _60591_/X
 _60592_/X
 _60593_/X
 _60594_/X
 _60595_/X
 _60596_/Y
 _60597_/Y
 _60598_/X
 _60599_/X
 _60600_/X
 _60601_/X
 _60602_/X
 _60603_/Y
 _60604_/X
 _60605_/Y
 _60606_/Y
 _60607_/X
 _60608_/Y
 _60609_/Y
 _60610_/Y
 _60611_/X
 _60612_/Y
 _60613_/X
 _60614_/Y
 _60615_/X
 _60616_/X
 _60617_/Y
 _60618_/X
 _60619_/X
 _60620_/Y
 _60621_/Y
 _60622_/X
 _60623_/Y
 _60624_/Y
 _60625_/Y
 _60626_/X
 _60627_/X
 _60628_/Y
 _60629_/Y
 _60630_/Y
 _60631_/Y
 _60632_/Y
 _60633_/Y
 _60634_/X
 _60635_/Y
 _60636_/Y
 _60637_/Y
 _60638_/X
 _60639_/X
 _60640_/X
 _60641_/X
 _60642_/Y
 _60643_/Y
 _60644_/Y
 _60645_/X
 _60646_/X
 _60647_/Y
 _60648_/X
 _60649_/Y
 _60650_/X
 _60651_/X
 _60652_/X
 _60653_/Y
 _60654_/X
 _60655_/X
 _60656_/X
 _60657_/X
 _60658_/X
 _60659_/Y
 _60660_/Y
 _60661_/Y
 _60662_/X
 _60663_/Y
 _60664_/X
 _60665_/X
 _60666_/X
 _60667_/Y
 _60668_/X
 _60669_/Y
 _60670_/Y
 _60671_/Y
 _60672_/X
 _60673_/Y
 _60674_/X
 _60675_/X
 _60676_/Y
 _60677_/X
 _60678_/X
 _60679_/X
 _60680_/X
 _60681_/X
 _60682_/X
 _60683_/Y
 _60684_/X
 _60685_/Y
 _60686_/Y
 _60687_/Y
 _60688_/Y
 _60689_/Y
 _60690_/X
 _60691_/Y
 _60692_/Y
 _60693_/X
 _60694_/X
 _60695_/Y
 _60696_/X
 _60697_/Y
 _60698_/X
 _60699_/X
 _60700_/Y
 _60701_/X
 _60702_/Y
 _60703_/X
 _60704_/X
 _60705_/X
 _60706_/X
 _60707_/X
 _60708_/Y
 _60709_/X
 _60710_/Y
 _60711_/X
 _60712_/X
 _60713_/X
 _60714_/X
 _60715_/Y
 _60716_/X
 _60717_/X
 _60718_/X
 _60719_/X
 _60720_/Y
 _60721_/X
 _60722_/Y
 _60723_/Y
 _60724_/X
 _60725_/X
 _60726_/X
 _60727_/X
 _60728_/Y
 _60729_/Y
 _60730_/X
 _60731_/X
 _60732_/X
 _60733_/X
 _60734_/Y
 _60735_/Y
 _60736_/X
 _60737_/Y
 _60738_/X
 _60739_/X
 _60740_/Y
 _60741_/X
 _60742_/X
 _60743_/Y
 _60744_/Y
 _60745_/X
 _60746_/Y
 _60747_/Y
 _60748_/X
 _60749_/Y
 _60750_/Y
 _60751_/X
 _60752_/Y
 _60753_/Y
 _60754_/X
 _60755_/X
 _60756_/Y
 _60757_/X
 _60758_/Y
 _60759_/Y
 _60760_/Y
 _60761_/X
 _60762_/Y
 _60763_/X
 _60764_/Y
 _60765_/Y
 _60766_/Y
 _60767_/X
 _60768_/Y
 _60769_/Y
 _60770_/Y
 _60771_/X
 _60772_/Y
 _60773_/X
 _60774_/X
 _60775_/X
 _60776_/Y
 _60777_/X
 _60778_/Y
 _60779_/X
 _60780_/Y
 _60781_/Y
 _60782_/X
 _60783_/X
 _60784_/Y
 _60785_/X
 _60786_/X
 _60787_/Y
 _60788_/X
 _60789_/Y
 _60790_/X
 _60791_/Y
 _60792_/Y
 _60793_/Y
 _60794_/X
 _60795_/Y
 _60796_/X
 _60797_/X
 _60798_/Y
 _60799_/X
 _60800_/X
 _60801_/X
 _60802_/X
 _60803_/X
 _60804_/X
 _60805_/Y
 _60806_/X
 _60807_/Y
 _60808_/X
 _60809_/Y
 _60810_/Y
 _60811_/X
 _60812_/Y
 _60813_/Y
 _60814_/Y
 _60815_/Y
 _60816_/Y
 _60817_/Y
 _60818_/X
 _60819_/Y
 _60820_/X
 _60821_/Y
 _60822_/X
 _60823_/Y
 _60824_/X
 _60825_/Y
 _60826_/Y
 _60827_/Y
 _60828_/X
 _60829_/Y
 _60830_/X
 _60831_/X
 _60832_/X
 _60833_/X
 _60834_/X
 _60835_/Y
 _60836_/X
 _60837_/Y
 _60838_/X
 _60839_/X
 _60840_/X
 _60841_/X
 _60842_/X
 _60843_/X
 _60844_/X
 _60845_/X
 _60846_/Y
 _60847_/Y
 _60848_/X
 _60849_/X
 _60850_/X
 _60851_/X
 _60852_/X
 _60853_/Y
 _60854_/X
 _60855_/Y
 _60856_/Y
 _60857_/X
 _60858_/Y
 _60859_/Y
 _60860_/Y
 _60861_/X
 _60862_/X
 _60863_/Y
 _60864_/X
 _60865_/X
 _60866_/Y
 _60867_/X
 _60868_/X
 _60869_/Y
 _60870_/Y
 _60871_/X
 _60872_/Y
 _60873_/Y
 _60874_/X
 _60875_/Y
 _60876_/Y
 _60877_/X
 _60878_/Y
 _60879_/Y
 _60880_/Y
 _60881_/Y
 _60882_/X
 _60883_/Y
 _60884_/Y
 _60885_/X
 _60886_/Y
 _60887_/X
 _60888_/Y
 _60889_/Y
 _60890_/X
 _60891_/Y
 _60892_/X
 _60893_/X
 _60894_/X
 _60895_/Y
 _60896_/X
 _60897_/X
 _60898_/X
 _60899_/X
 _60900_/Y
 _60901_/X
 _60902_/Y
 _60903_/Y
 _60904_/X
 _60905_/Y
 _60906_/Y
 _60907_/X
 _60908_/X
 _60909_/Y
 _60910_/X
 _60911_/X
 _60912_/X
 _60913_/Y
 _60914_/Y
 _60915_/Y
 _60916_/X
 _60917_/Y
 _60918_/X
 _60919_/X
 _60920_/X
 _60921_/Y
 _60922_/X
 _60923_/Y
 _60924_/Y
 _60925_/X
 _60926_/Y
 _60927_/X
 _60928_/Y
 _60929_/X
 _60930_/X
 _60931_/X
 _60932_/X
 _60933_/X
 _60934_/X
 _60935_/X
 _60936_/X
 _60937_/X
 _60938_/Y
 _60939_/X
 _60940_/Y
 _60941_/X
 _60942_/X
 _60943_/X
 _60944_/Y
 _60945_/X
 _60946_/Y
 _60947_/Y
 _60948_/X
 _60949_/Y
 _60950_/X
 _60951_/Y
 _60952_/Y
 _60953_/Y
 _60954_/X
 _60955_/X
 _60956_/Y
 _60957_/Y
 _60958_/Y
 _60959_/Y
 _60960_/Y
 _60961_/X
 _60962_/Y
 _60963_/Y
 _60964_/X
 _60965_/Y
 _60966_/X
 _60967_/X
 _60968_/X
 _60969_/X
 _60970_/X
 _60971_/Y
 _60972_/X
 _60973_/Y
 _60974_/X
 _60975_/X
 _60976_/X
 _60977_/X
 _60978_/Y
 _60979_/X
 _60980_/X
 _60981_/X
 _60982_/X
 _60983_/Y
 _60984_/X
 _60985_/Y
 _60986_/Y
 _60987_/X
 _60988_/X
 _60989_/X
 _60990_/X
 _60991_/Y
 _60992_/Y
 _60993_/X
 _60994_/X
 _60995_/X
 _60996_/X
 _60997_/Y
 _60998_/Y
 _60999_/X
 _61000_/Y
 _61001_/X
 _61002_/X
 _61003_/Y
 _61004_/X
 _61005_/X
 _61006_/Y
 _61007_/Y
 _61008_/X
 _61009_/Y
 _61010_/Y
 _61011_/X
 _61012_/Y
 _61013_/Y
 _61014_/X
 _61015_/Y
 _61016_/Y
 _61017_/X
 _61018_/Y
 _61019_/X
 _61020_/Y
 _61021_/Y
 _61022_/Y
 _61023_/Y
 _61024_/X
 _61025_/Y
 _61026_/Y
 _61027_/Y
 _61028_/Y
 _61029_/Y
 _61030_/X
 _61031_/Y
 _61032_/X
 _61033_/X
 _61034_/X
 _61035_/Y
 _61036_/X
 _61037_/X
 _61038_/X
 _61039_/Y
 _61040_/Y
 _61041_/Y
 _61042_/Y
 _61043_/X
 _61044_/X
 _61045_/Y
 _61046_/X
 _61047_/Y
 _61048_/X
 _61049_/X
 _61050_/X
 _61051_/X
 _61052_/X
 _61053_/Y
 _61054_/Y
 _61055_/X
 _61056_/Y
 _61057_/Y
 _61058_/X
 _61059_/Y
 _61060_/Y
 _61061_/X
 _61062_/Y
 _61063_/X
 _61064_/Y
 _61065_/X
 _61066_/X
 _61067_/X
 _61068_/Y
 _61069_/Y
 _61070_/Y
 _61071_/X
 _61072_/Y
 _61073_/X
 _61074_/X
 _61075_/X
 _61076_/Y
 _61077_/X
 _61078_/Y
 _61079_/Y
 _61080_/Y
 _61081_/X
 _61082_/Y
 _61083_/X
 _61084_/X
 _61085_/X
 _61086_/Y
 _61087_/X
 _61088_/Y
 _61089_/Y
 _61090_/Y
 _61091_/X
 _61092_/X
 _61093_/X
 _61094_/Y
 _61095_/X
 _61096_/Y
 _61097_/Y
 _61098_/X
 _61099_/Y
 _61100_/X
 _61101_/X
 _61102_/X
 _61103_/X
 _61104_/X
 _61105_/Y
 _61106_/X
 _61107_/Y
 _61108_/X
 _61109_/X
 _61110_/X
 _61111_/X
 _61112_/X
 _61113_/X
 _61114_/X
 _61115_/X
 _61116_/Y
 _61117_/Y
 _61118_/X
 _61119_/X
 _61120_/X
 _61121_/X
 _61122_/X
 _61123_/Y
 _61124_/X
 _61125_/Y
 _61126_/Y
 _61127_/X
 _61128_/Y
 _61129_/Y
 _61130_/Y
 _61131_/X
 _61132_/Y
 _61133_/X
 _61134_/Y
 _61135_/X
 _61136_/X
 _61137_/Y
 _61138_/X
 _61139_/X
 _61140_/Y
 _61141_/Y
 _61142_/X
 _61143_/Y
 _61144_/Y
 _61145_/Y
 _61146_/X
 _61147_/X
 _61148_/Y
 _61149_/Y
 _61150_/X
 _61151_/Y
 _61152_/Y
 _61153_/Y
 _61154_/X
 _61155_/Y
 _61156_/X
 _61157_/Y
 _61158_/X
 _61159_/X
 _61160_/Y
 _61161_/Y
 _61162_/X
 _61163_/X
 _61164_/X
 _61165_/X
 _61166_/Y
 _61167_/X
 _61168_/Y
 _61169_/Y
 _61170_/X
 _61171_/X
 _61172_/Y
 _61173_/Y
 _61174_/X
 _61175_/Y
 _61176_/X
 _61177_/Y
 _61178_/X
 _61179_/X
 _61180_/X
 _61181_/X
 _61182_/X
 _61183_/X
 _61184_/Y
 _61185_/Y
 _61186_/X
 _61187_/X
 _61188_/X
 _61189_/X
 _61190_/X
 _61191_/Y
 _61192_/X
 _61193_/X
 _61194_/Y
 _61195_/Y
 _61196_/X
 _61197_/Y
 _61198_/X
 _61199_/Y
 _61200_/X
 _61201_/Y
 _61202_/X
 _61203_/Y
 _61204_/X
 _61205_/X
 _61206_/Y
 _61207_/X
 _61208_/X
 _61209_/Y
 _61210_/X
 _61211_/X
 _61212_/X
 _61213_/Y
 _61214_/Y
 _61215_/Y
 _61216_/X
 _61217_/Y
 _61218_/X
 _61219_/X
 _61220_/X
 _61221_/Y
 _61222_/X
 _61223_/Y
 _61224_/Y
 _61225_/X
 _61226_/Y
 _61227_/X
 _61228_/Y
 _61229_/Y
 _61230_/X
 _61231_/Y
 _61232_/Y
 _61233_/X
 _61234_/Y
 _61235_/Y
 _61236_/Y
 _61237_/X
 _61238_/X
 _61239_/Y
 _61240_/Y
 _61241_/X
 _61242_/Y
 _61243_/X
 _61244_/X
 _61245_/X
 _61246_/X
 _61247_/X
 _61248_/Y
 _61249_/X
 _61250_/Y
 _61251_/X
 _61252_/X
 _61253_/X
 _61254_/X
 _61255_/Y
 _61256_/X
 _61257_/X
 _61258_/X
 _61259_/X
 _61260_/Y
 _61261_/X
 _61262_/Y
 _61263_/Y
 _61264_/X
 _61265_/X
 _61266_/X
 _61267_/X
 _61268_/Y
 _61269_/Y
 _61270_/X
 _61271_/X
 _61272_/X
 _61273_/X
 _61274_/Y
 _61275_/X
 _61276_/Y
 _61277_/X
 _61278_/X
 _61279_/Y
 _61280_/X
 _61281_/X
 _61282_/Y
 _61283_/Y
 _61284_/X
 _61285_/Y
 _61286_/Y
 _61287_/X
 _61288_/Y
 _61289_/Y
 _61290_/X
 _61291_/Y
 _61292_/Y
 _61293_/X
 _61294_/Y
 _61295_/X
 _61296_/X
 _61297_/Y
 _61298_/X
 _61299_/Y
 _61300_/X
 _61301_/X
 _61302_/Y
 _61303_/X
 _61304_/X
 _61305_/Y
 _61306_/Y
 _61307_/X
 _61308_/Y
 _61309_/X
 _61310_/Y
 _61311_/X
 _61312_/X
 _61313_/Y
 _61314_/Y
 _61315_/X
 _61316_/Y
 _61317_/Y
 _61318_/Y
 _61319_/Y
 _61320_/X
 _61321_/Y
 _61322_/X
 _61323_/Y
 _61324_/X
 _61325_/Y
 _61326_/Y
 _61327_/X
 _61328_/Y
 _61329_/Y
 _61330_/X
 _61331_/X
 _61332_/Y
 _61333_/X
 _61334_/Y
 _61335_/X
 _61336_/Y
 _61337_/X
 _61338_/X
 _61339_/X
 _61340_/X
 _61341_/X
 _61342_/Y
 _61343_/Y
 _61344_/X
 _61345_/X
 _61346_/Y
 _61347_/X
 _61348_/X
 _61349_/Y
 _61350_/X
 _61351_/Y
 _61352_/Y
 _61353_/X
 _61354_/Y
 _61355_/X
 _61356_/X
 _61357_/Y
 _61358_/X
 _61359_/X
 _61360_/X
 _61361_/Y
 _61362_/Y
 _61363_/Y
 _61364_/X
 _61365_/Y
 _61366_/X
 _61367_/X
 _61368_/X
 _61369_/Y
 _61370_/X
 _61371_/Y
 _61372_/Y
 _61373_/Y
 _61374_/X
 _61375_/Y
 _61376_/X
 _61377_/X
 _61378_/Y
 _61379_/X
 _61380_/X
 _61381_/X
 _61382_/Y
 _61383_/Y
 _61384_/X
 _61385_/Y
 _61386_/Y
 _61387_/Y
 _61388_/X
 _61389_/Y
 _61390_/Y
 _61391_/Y
 _61392_/Y
 _61393_/X
 _61394_/Y
 _61395_/X
 _61396_/X
 _61397_/X
 _61398_/X
 _61399_/X
 _61400_/Y
 _61401_/X
 _61402_/Y
 _61403_/X
 _61404_/X
 _61405_/X
 _61406_/X
 _61407_/X
 _61408_/X
 _61409_/X
 _61410_/X
 _61411_/X
 _61412_/Y
 _61413_/X
 _61414_/Y
 _61415_/Y
 _61416_/X
 _61417_/X
 _61418_/X
 _61419_/X
 _61420_/Y
 _61421_/Y
 _61422_/Y
 _61423_/Y
 _61424_/Y
 _61425_/X
 _61426_/Y
 _61427_/X
 _61428_/Y
 _61429_/X
 _61430_/X
 _61431_/Y
 _61432_/X
 _61433_/X
 _61434_/Y
 _61435_/Y
 _61436_/X
 _61437_/Y
 _61438_/Y
 _61439_/Y
 _61440_/X
 _61441_/X
 _61442_/Y
 _61443_/Y
 _61444_/Y
 _61445_/X
 _61446_/Y
 _61447_/Y
 _61448_/X
 _61449_/Y
 _61450_/X
 _61451_/Y
 _61452_/X
 _61453_/X
 _61454_/Y
 _61455_/X
 _61456_/X
 _61457_/Y
 _61458_/Y
 _61459_/X
 _61460_/X
 _61461_/Y
 _61462_/Y
 _61463_/X
 _61464_/Y
 _61465_/Y
 _61466_/Y
 _61467_/Y
 _61468_/X
 _61469_/X
 _61470_/X
 _61471_/X
 _61472_/X
 _61473_/X
 _61474_/X
 _61475_/X
 _61476_/X
 _61477_/X
 _61478_/Y
 _61479_/X
 _61480_/Y
 _61481_/Y
 _61482_/X
 _61483_/X
 _61484_/Y
 _61485_/X
 _61486_/X
 _61487_/Y
 _61488_/Y
 _61489_/X
 _61490_/Y
 _61491_/X
 _61492_/X
 _61493_/X
 _61494_/X
 _61495_/X
 _61496_/Y
 _61497_/Y
 _61498_/X
 _61499_/Y
 _61500_/Y
 _61501_/X
 _61502_/X
 _61503_/Y
 _61504_/Y
 _61505_/X
 _61506_/Y
 _61507_/Y
 _61508_/Y
 _61509_/X
 _61510_/X
 _61511_/X
 _61512_/Y
 _61513_/X
 _61514_/X
 _61515_/X
 _61516_/Y
 _61517_/Y
 _61518_/Y
 _61519_/X
 _61520_/Y
 _61521_/X
 _61522_/X
 _61523_/X
 _61524_/Y
 _61525_/X
 _61526_/Y
 _61527_/Y
 _61528_/Y
 _61529_/X
 _61530_/Y
 _61531_/X
 _61532_/X
 _61533_/Y
 _61534_/Y
 _61535_/Y
 _61536_/X
 _61537_/Y
 _61538_/X
 _61539_/Y
 _61540_/Y
 _61541_/X
 _61542_/Y
 _61543_/Y
 _61544_/X
 _61545_/Y
 _61546_/X
 _61547_/Y
 _61548_/X
 _61549_/Y
 _61550_/X
 _61551_/X
 _61552_/X
 _61553_/X
 _61554_/X
 _61555_/Y
 _61556_/X
 _61557_/Y
 _61558_/X
 _61559_/X
 _61560_/X
 _61561_/X
 _61562_/X
 _61563_/X
 _61564_/X
 _61565_/X
 _61566_/X
 _61567_/Y
 _61568_/X
 _61569_/Y
 _61570_/Y
 _61571_/X
 _61572_/X
 _61573_/X
 _61574_/X
 _61575_/Y
 _61576_/Y
 _61577_/Y
 _61578_/Y
 _61579_/X
 _61580_/Y
 _61581_/Y
 _61582_/X
 _61583_/Y
 _61584_/X
 _61585_/X
 _61586_/Y
 _61587_/X
 _61588_/X
 _61589_/Y
 _61590_/Y
 _61591_/X
 _61592_/Y
 _61593_/Y
 _61594_/X
 _61595_/Y
 _61596_/Y
 _61597_/Y
 _61598_/Y
 _61599_/X
 _61600_/X
 _61601_/Y
 _61602_/Y
 _61603_/X
 _61604_/X
 _61605_/Y
 _61606_/X
 _61607_/X
 _61608_/Y
 _61609_/Y
 _61610_/X
 _61611_/Y
 _61612_/X
 _61613_/Y
 _61614_/X
 _61615_/X
 _61616_/X
 _61617_/Y
 _61618_/X
 _61619_/Y
 _61620_/X
 _61621_/Y
 _61622_/X
 _61623_/X
 _61624_/X
 _61625_/Y
 _61626_/Y
 _61627_/Y
 _61628_/X
 _61629_/Y
 _61630_/X
 _61631_/X
 _61632_/X
 _61633_/Y
 _61634_/X
 _61635_/Y
 _61636_/Y
 _61637_/Y
 _61638_/X
 _61639_/Y
 _61640_/X
 _61641_/X
 _61642_/Y
 _61643_/Y
 _61644_/X
 _61645_/X
 _61646_/Y
 _61647_/X
 _61648_/X
 _61649_/X
 _61650_/X
 _61651_/X
 _61652_/Y
 _61653_/Y
 _61654_/Y
 _61655_/Y
 _61656_/X
 _61657_/X
 _61658_/Y
 _61659_/Y
 _61660_/X
 _61661_/Y
 _61662_/X
 _61663_/X
 _61664_/X
 _61665_/X
 _61666_/X
 _61667_/Y
 _61668_/Y
 _61669_/X
 _61670_/Y
 _61671_/Y
 _61672_/Y
 _61673_/Y
 _61674_/Y
 _61675_/X
 _61676_/X
 _61677_/Y
 _61678_/Y
 _61679_/Y
 _61680_/X
 _61681_/Y
 _61682_/Y
 _61683_/Y
 _61684_/Y
 _61685_/X
 _61686_/X
 _61687_/Y
 _61688_/X
 _61689_/X
 _61690_/X
 _61691_/X
 _61692_/Y
 _61693_/Y
 _61694_/Y
 _61695_/X
 _61696_/X
 _61697_/Y
 _61698_/Y
 _61699_/X
 _61700_/Y
 _61701_/X
 _61702_/Y
 _61703_/Y
 _61704_/Y
 _61705_/X
 _61706_/Y
 _61707_/X
 _61708_/Y
 _61709_/X
 _61710_/Y
 _61711_/Y
 _61712_/X
 _61713_/Y
 _61714_/X
 _61715_/Y
 _61716_/X
 _61717_/X
 _61718_/X
 _61719_/X
 _61720_/X
 _61721_/Y
 _61722_/X
 _61723_/Y
 _61724_/X
 _61725_/X
 _61726_/X
 _61727_/X
 _61728_/X
 _61729_/X
 _61730_/X
 _61731_/X
 _61732_/X
 _61733_/Y
 _61734_/X
 _61735_/Y
 _61736_/Y
 _61737_/X
 _61738_/X
 _61739_/X
 _61740_/X
 _61741_/Y
 _61742_/Y
 _61743_/Y
 _61744_/Y
 _61745_/X
 _61746_/Y
 _61747_/Y
 _61748_/Y
 _61749_/X
 _61750_/Y
 _61751_/X
 _61752_/X
 _61753_/Y
 _61754_/X
 _61755_/X
 _61756_/Y
 _61757_/Y
 _61758_/X
 _61759_/Y
 _61760_/Y
 _61761_/X
 _61762_/Y
 _61763_/Y
 _61764_/Y
 _61765_/X
 _61766_/Y
 _61767_/Y
 _61768_/X
 _61769_/X
 _61770_/X
 _61771_/Y
 _61772_/Y
 _61773_/Y
 _61774_/Y
 _61775_/X
 _61776_/X
 _61777_/Y
 _61778_/Y
 _61779_/X
 _61780_/X
 _61781_/Y
 _61782_/Y
 _61783_/X
 _61784_/Y
 _61785_/Y
 _61786_/X
 _61787_/Y
 _61788_/X
 _61789_/Y
 _61790_/Y
 _61791_/Y
 _61792_/Y
 _61793_/X
 _61794_/Y
 _61795_/Y
 _61796_/Y
 _61797_/X
 _61798_/X
 _61799_/Y
 _61800_/X
 _61801_/X
 _61802_/Y
 _61803_/Y
 _61804_/X
 _61805_/X
 _61806_/Y
 _61807_/X
 _61808_/X
 _61809_/Y
 _61810_/Y
 _61811_/X
 _61812_/X
 _61813_/X
 _61814_/X
 _61815_/X
 _61816_/X
 _61817_/Y
 _61818_/Y
 _61819_/Y
 _61820_/X
 _61821_/Y
 _61822_/Y
 _61823_/X
 _61824_/Y
 _61825_/Y
 _61826_/Y
 _61827_/X
 _61828_/Y
 _61829_/X
 _61830_/Y
 _61831_/X
 _61832_/Y
 _61833_/Y
 _61834_/X
 _61835_/Y
 _61836_/X
 _61837_/Y
 _61838_/Y
 _61839_/Y
 _61840_/X
 _61841_/Y
 _61842_/Y
 _61843_/X
 _61844_/Y
 _61845_/Y
 _61846_/Y
 _61847_/X
 _61848_/Y
 _61849_/Y
 _61850_/X
 _61851_/Y
 _61852_/Y
 _61853_/X
 _61854_/Y
 _61855_/Y
 _61856_/X
 _61857_/Y
 _61858_/X
 _61859_/Y
 _61860_/X
 _61861_/Y
 _61862_/Y
 _61863_/X
 _61864_/X
 _61865_/X
 _61866_/X
 _61867_/Y
 _61868_/Y
 _61869_/X
 _61870_/X
 _61871_/Y
 _61872_/X
 _61873_/Y
 _61874_/Y
 _61875_/Y
 _61876_/Y
 _61877_/X
 _61878_/Y
 _61879_/Y
 _61880_/Y
 _61881_/X
 _61882_/Y
 _61883_/X
 _61884_/X
 _61885_/Y
 _61886_/X
 _61887_/X
 _61888_/Y
 _61889_/Y
 _61890_/X
 _61891_/Y
 _61892_/Y
 _61893_/X
 _61894_/Y
 _61895_/Y
 _61896_/Y
 _61897_/X
 _61898_/Y
 _61899_/Y
 _61900_/Y
 _61901_/Y
 _61902_/Y
 _61903_/X
 _61904_/X
 _61905_/Y
 _61906_/X
 _61907_/Y
 _61908_/X
 _61909_/Y
 _61910_/X
 _61911_/Y
 _61912_/X
 _61913_/Y
 _61914_/X
 _61915_/X
 _61916_/Y
 _61917_/X
 _61918_/X
 _61919_/Y
 _61920_/Y
 _61921_/Y
 _61922_/Y
 _61923_/Y
 _61924_/X
 _61925_/Y
 _61926_/X
 _61927_/X
 _61928_/Y
 _61929_/Y
 _61930_/X
 _61931_/X
 _61932_/Y
 _61933_/Y
 _61934_/Y
 _61935_/X
 _61936_/X
 _61937_/X
 _61938_/X
 _61939_/Y
 _61940_/Y
 _61941_/X
 _61942_/Y
 _61943_/X
 _61944_/Y
 _61945_/Y
 _61946_/X
 _61947_/Y
 _61948_/X
 _61949_/X
 _61950_/X
 _61951_/Y
 _61952_/X
 _61953_/X
 _61954_/Y
 _61955_/X
 _61956_/Y
 _61957_/Y
 _61958_/Y
 _61959_/Y
 _61960_/Y
 _61961_/Y
 _61962_/X
 _61963_/X
 _61964_/Y
 _61965_/Y
 _61966_/X
 _61967_/Y
 _61968_/X
 _61969_/Y
 _61970_/Y
 _61971_/Y
 _61972_/Y
 _61973_/Y
 _61974_/Y
 _61975_/Y
 _61976_/X
 _61977_/Y
 _61978_/X
 _61979_/Y
 _61980_/Y
 _61981_/X
 _61982_/Y
 _61983_/Y
 _61984_/Y
 _61985_/X
 _61986_/X
 _61987_/Y
 _61988_/X
 _61989_/X
 _61990_/Y
 _61991_/X
 _61992_/X
 _61993_/Y
 _61994_/X
 _61995_/X
 _61996_/X
 _61997_/X
 _61998_/X
 _61999_/X
 _62000_/X
 _62001_/Y
 _62002_/X
 _62003_/Y
 _62004_/Y
 _62005_/X
 _62006_/X
 _62007_/X
 _62008_/Y
 _62009_/Y
 _62010_/X
 _62011_/Y
 _62012_/Y
 _62013_/X
 _62014_/Y
 _62015_/Y
 _62016_/Y
 _62017_/X
 _62018_/X
 _62019_/Y
 _62020_/X
 _62021_/Y
 _62022_/Y
 _62023_/X
 _62024_/Y
 _62025_/Y
 _62026_/Y
 _62027_/Y
 _62028_/X
 _62029_/Y
 _62030_/X
 _62031_/Y
 _62032_/X
 _62033_/Y
 _62034_/Y
 _62035_/Y
 _62036_/Y
 _62037_/Y
 _62038_/X
 _62039_/Y
 _62040_/Y
 _62041_/Y
 _62042_/X
 _62043_/Y
 _62044_/Y
 _62045_/X
 _62046_/X
 _62047_/Y
 _62048_/X
 _62049_/Y
 _62050_/Y
 _62051_/X
 _62052_/X
 _62053_/Y
 _62054_/X
 _62055_/Y
 _62056_/Y
 _62057_/X
 _62058_/Y
 _62059_/X
 _62060_/X
 _62061_/X
 _62062_/X
 _62063_/X
 _62064_/Y
 _62065_/Y
 _62066_/X
 _62067_/Y
 _62068_/Y
 _62069_/Y
 _62070_/Y
 _62071_/X
 _62072_/Y
 _62073_/X
 _62074_/Y
 _62075_/X
 _62076_/X
 _62077_/X
 _62078_/X
 _62079_/Y
 _62080_/X
 _62081_/Y
 _62082_/Y
 _62083_/X
 _62084_/X
 _62085_/X
 _62086_/X
 _62087_/X
 _62088_/X
 _62089_/Y
 _62090_/X
 _62091_/Y
 _62092_/Y
 _62093_/X
 _62094_/Y
 _62095_/Y
 _62096_/X
 _62097_/X
 _62098_/Y
 _62099_/Y
 _62100_/X
 _62101_/Y
 _62102_/Y
 _62103_/X
 _62104_/Y
 _62105_/X
 _62106_/X
 _62107_/X
 _62108_/X
 _62109_/Y
 _62110_/X
 _62111_/X
 _62112_/X
 _62113_/Y
 _62114_/X
 _62115_/X
 _62116_/Y
 _62117_/X
 _62118_/Y
 _62119_/Y
 _62120_/Y
 _62121_/X
 _62122_/Y
 _62123_/Y
 _62124_/X
 _62125_/Y
 _62126_/Y
 _62127_/X
 _62128_/Y
 _62129_/Y
 _62130_/Y
 _62131_/X
 _62132_/Y
 _62133_/X
 _62134_/Y
 _62135_/Y
 _62136_/X
 _62137_/Y
 _62138_/Y
 _62139_/Y
 _62140_/Y
 _62141_/X
 _62142_/Y
 _62143_/X
 _62144_/X
 _62145_/X
 _62146_/Y
 _62147_/X
 _62148_/X
 _62149_/X
 _62150_/X
 _62151_/Y
 _62152_/X
 _62153_/X
 _62154_/Y
 _62155_/Y
 _62156_/Y
 _62157_/Y
 _62158_/X
 _62159_/Y
 _62160_/X
 _62161_/Y
 _62162_/X
 _62163_/Y
 _62164_/Y
 _62165_/X
 _62166_/X
 _62167_/X
 _62168_/X
 _62169_/X
 _62170_/X
 _62171_/X
 _62172_/Y
 _62173_/X
 _62174_/Y
 _62175_/X
 _62176_/X
 _62177_/Y
 _62178_/X
 _62179_/X
 _62180_/Y
 _62181_/X
 _62182_/X
 _62183_/X
 _62184_/Y
 _62185_/X
 _62186_/X
 _62187_/Y
 _62188_/X
 _62189_/X
 _62190_/Y
 _62191_/Y
 _62192_/X
 _62193_/Y
 _62194_/Y
 _62195_/Y
 _62196_/Y
 _62197_/X
 _62198_/Y
 _62199_/X
 _62200_/Y
 _62201_/X
 _62202_/Y
 _62203_/Y
 _62204_/Y
 _62205_/Y
 _62206_/X
 _62207_/Y
 _62208_/Y
 _62209_/Y
 _62210_/X
 _62211_/X
 _62212_/Y
 _62213_/Y
 _62214_/Y
 _62215_/X
 _62216_/Y
 _62217_/X
 _62218_/Y
 _62219_/Y
 _62220_/Y
 _62221_/X
 _62222_/X
 _62223_/X
 _62224_/Y
 _62225_/X
 _62226_/X
 _62227_/X
 _62228_/Y
 _62229_/X
 _62230_/Y
 _62231_/X
 _62232_/X
 _62233_/Y
 _62234_/Y
 _62235_/X
 _62236_/X
 _62237_/X
 _62238_/X
 _62239_/X
 _62240_/X
 _62241_/X
 _62242_/Y
 _62243_/Y
 _62244_/Y
 _62245_/Y
 _62246_/Y
 _62247_/X
 _62248_/X
 _62249_/X
 _62250_/Y
 _62251_/X
 _62252_/X
 _62253_/Y
 _62254_/Y
 _62255_/Y
 _62256_/X
 _62257_/X
 _62258_/Y
 _62259_/X
 _62260_/X
 _62261_/X
 _62262_/Y
 _62263_/X
 _62264_/X
 _62265_/X
 _62266_/Y
 _62267_/Y
 _62268_/Y
 _62269_/X
 _62270_/Y
 _62271_/Y
 _62272_/Y
 _62273_/X
 _62274_/Y
 _62275_/Y
 _62276_/Y
 _62277_/Y
 _62278_/Y
 _62279_/X
 _62280_/X
 _62281_/X
 _62282_/X
 _62283_/Y
 _62284_/Y
 _62285_/Y
 _62286_/Y
 _62287_/X
 _62288_/X
 _62289_/Y
 _62290_/X
 _62291_/X
 _62292_/X
 _62293_/Y
 _62294_/X
 _62295_/Y
 _62296_/Y
 _62297_/X
 _62298_/X
 _62299_/X
 _62300_/X
 _62301_/Y
 _62302_/X
 _62303_/X
 _62304_/Y
 _62305_/Y
 _62306_/X
 _62307_/Y
 _62308_/X
 _62309_/X
 _62310_/X
 _62311_/Y
 _62312_/Y
 _62313_/X
 _62314_/Y
 _62315_/X
 _62316_/X
 _62317_/X
 _62318_/X
 _62319_/Y
 _62320_/X
 _62321_/Y
 _62322_/X
 _62323_/Y
 _62324_/Y
 _62325_/Y
 _62326_/Y
 _62327_/Y
 _62328_/X
 _62329_/Y
 _62330_/Y
 _62331_/X
 _62332_/Y
 _62333_/Y
 _62334_/X
 _62335_/Y
 _62336_/X
 _62337_/Y
 _62338_/Y
 _62339_/X
 _62340_/X
 _62341_/X
 _62342_/X
 _62343_/X
 _62344_/Y
 _62345_/X
 _62346_/X
 _62347_/Y
 _62348_/Y
 _62349_/Y
 _62350_/Y
 _62351_/X
 _62352_/Y
 _62353_/Y
 _62354_/Y
 _62355_/X
 _62356_/Y
 _62357_/X
 _62358_/Y
 _62359_/X
 _62360_/Y
 _62361_/X
 _62362_/Y
 _62363_/X
 _62364_/Y
 _62365_/X
 _62366_/X
 _62367_/Y
 _62368_/Y
 _62369_/X
 _62370_/X
 _62371_/X
 _62372_/X
 _62373_/X
 _62374_/X
 _62375_/Y
 _62376_/Y
 _62377_/Y
 _62378_/X
 _62379_/X
 _62380_/Y
 _62381_/Y
 _62382_/Y
 _62383_/Y
 _62384_/Y
 _62385_/X
 _62386_/Y
 _62387_/X
 _62388_/X
 _62389_/Y
 _62390_/Y
 _62391_/X
 _62392_/X
 _62393_/X
 _62394_/X
 _62395_/X
 _62396_/X
 _62397_/Y
 _62398_/Y
 _62399_/X
 _62400_/X
 _62401_/X
 _62402_/X
 _62403_/Y
 _62404_/X
 _62405_/X
 _62406_/X
 _62407_/Y
 _62408_/X
 _62409_/X
 _62410_/X
 _62411_/Y
 _62412_/Y
 _62413_/X
 _62414_/Y
 _62415_/Y
 _62416_/X
 _62417_/Y
 _62418_/Y
 _62419_/X
 _62420_/Y
 _62421_/Y
 _62422_/X
 _62423_/X
 _62424_/Y
 _62425_/X
 _62426_/X
 _62427_/X
 _62428_/Y
 _62429_/Y
 _62430_/X
 _62431_/Y
 _62432_/Y
 _62433_/X
 _62434_/Y
 _62435_/Y
 _62436_/X
 _62437_/Y
 _62438_/X
 _62439_/Y
 _62440_/X
 _62441_/Y
 _62442_/Y
 _62443_/X
 _62444_/Y
 _62445_/Y
 _62446_/X
 _62447_/X
 _62448_/Y
 _62449_/X
 _62450_/Y
 _62451_/X
 _62452_/X
 _62453_/X
 _62454_/Y
 _62455_/Y
 _62456_/Y
 _62457_/X
 _62458_/Y
 _62459_/Y
 _62460_/X
 _62461_/Y
 _62462_/X
 _62463_/Y
 _62464_/X
 _62465_/X
 _62466_/Y
 _62467_/X
 _62468_/X
 _62469_/X
 _62470_/Y
 _62471_/X
 _62472_/X
 _62473_/Y
 _62474_/Y
 _62475_/Y
 _62476_/Y
 _62477_/X
 _62478_/Y
 _62479_/X
 _62480_/X
 _62481_/Y
 _62482_/X
 _62483_/X
 _62484_/Y
 _62485_/Y
 _62486_/X
 _62487_/Y
 _62488_/X
 _62489_/Y
 _62490_/Y
 _62491_/X
 _62492_/X
 _62493_/X
 _62494_/Y
 _62495_/Y
 _62496_/X
 _62497_/X
 _62498_/Y
 _62499_/Y
 _62500_/Y
 _62501_/X
 _62502_/X
 _62503_/Y
 _62504_/X
 _62505_/X
 _62506_/Y
 _62507_/X
 _62508_/Y
 _62509_/Y
 _62510_/Y
 _62511_/X
 _62512_/Y
 _62513_/X
 _62514_/Y
 _62515_/Y
 _62516_/X
 _62517_/Y
 _62518_/X
 _62519_/X
 _62520_/Y
 _62521_/X
 _62522_/Y
 _62523_/Y
 _62524_/Y
 _62525_/Y
 _62526_/X
 _62527_/Y
 _62528_/Y
 _62529_/Y
 _62530_/X
 _62531_/Y
 _62532_/X
 _62533_/X
 _62534_/X
 _62535_/Y
 _62536_/Y
 _62537_/X
 _62538_/Y
 _62539_/Y
 _62540_/X
 _62541_/Y
 _62542_/Y
 _62543_/Y
 _62544_/X
 _62545_/X
 _62546_/X
 _62547_/X
 _62548_/Y
 _62549_/X
 _62550_/X
 _62551_/Y
 _62552_/X
 _62553_/X
 _62554_/X
 _62555_/Y
 _62556_/Y
 _62557_/X
 _62558_/X
 _62559_/Y
 _62560_/X
 _62561_/X
 _62562_/X
 _62563_/X
 _62564_/X
 _62565_/Y
 _62566_/Y
 _62567_/X
 _62568_/X
 _62569_/Y
 _62570_/X
 _62571_/X
 _62572_/X
 _62573_/Y
 _62574_/Y
 _62575_/X
 _62576_/X
 _62577_/Y
 _62578_/Y
 _62579_/X
 _62580_/X
 _62581_/X
 _62582_/X
 _62583_/Y
 _62584_/Y
 _62585_/Y
 _62586_/X
 _62587_/X
 _62588_/X
 _62589_/X
 _62590_/Y
 _62591_/X
 _62592_/Y
 _62593_/Y
 _62594_/X
 _62595_/Y
 _62596_/X
 _62597_/X
 _62598_/X
 _62599_/Y
 _62600_/X
 _62601_/Y
 _62602_/Y
 _62603_/Y
 _62604_/X
 _62605_/Y
 _62606_/Y
 _62607_/X
 _62608_/Y
 _62609_/Y
 _62610_/X
 _62611_/Y
 _62612_/X
 _62613_/X
 _62614_/Y
 _62615_/Y
 _62616_/X
 _62617_/X
 _62618_/X
 _62619_/Y
 _62620_/Y
 _62621_/X
 _62622_/X
 _62623_/Y
 _62624_/X
 _62625_/X
 _62626_/X
 _62627_/Y
 _62628_/X
 _62629_/X
 _62630_/Y
 _62631_/X
 _62632_/X
 _62633_/Y
 _62634_/X
 _62635_/X
 _62636_/Y
 _62637_/X
 _62638_/Y
 _62639_/Y
 _62640_/X
 _62641_/Y
 _62642_/X
 _62643_/X
 _62644_/Y
 _62645_/Y
 _62646_/Y
 _62647_/X
 _62648_/X
 _62649_/X
 _62650_/X
 _62651_/X
 _62652_/Y
 _62653_/X
 _62654_/Y
 _62655_/X
 _62656_/X
 _62657_/X
 _62658_/Y
 _62659_/X
 _62660_/X
 _62661_/X
 _62662_/Y
 _62663_/Y
 _62664_/X
 _62665_/X
 _62666_/Y
 _62667_/X
 _62668_/X
 _62669_/X
 _62670_/Y
 _62671_/X
 _62672_/X
 _62673_/X
 _62674_/X
 _62675_/X
 _62676_/X
 _62677_/X
 _62678_/Y
 _62679_/X
 _62680_/X
 _62681_/X
 _62682_/Y
 _62683_/X
 _62684_/Y
 _62685_/X
 _62686_/X
 _62687_/Y
 _62688_/Y
 _62689_/X
 _62690_/Y
 _62691_/Y
 _62692_/X
 _62693_/X
 _62694_/X
 _62695_/X
 _62696_/Y
 _62697_/Y
 _62698_/Y
 _62699_/Y
 _62700_/Y
 _62701_/X
 _62702_/X
 _62703_/Y
 _62704_/Y
 _62705_/Y
 _62706_/X
 _62707_/Y
 _62708_/Y
 _62709_/X
 _62710_/X
 _62711_/Y
 _62712_/X
 _62713_/Y
 _62714_/X
 _62715_/X
 _62716_/X
 _62717_/X
 _62718_/X
 _62719_/Y
 _62720_/X
 _62721_/Y
 _62722_/X
 _62723_/X
 _62724_/Y
 _62725_/Y
 _62726_/X
 _62727_/X
 _62728_/Y
 _62729_/Y
 _62730_/X
 _62731_/Y
 _62732_/X
 _62733_/X
 _62734_/Y
 _62735_/Y
 _62736_/X
 _62737_/Y
 _62738_/Y
 _62739_/X
 _62740_/X
 _62741_/X
 _62742_/X
 _62743_/X
 _62744_/X
 _62745_/X
 _62746_/X
 _62747_/X
 _62748_/Y
 _62749_/X
 _62750_/Y
 _62751_/X
 _62752_/Y
 _62753_/Y
 _62754_/Y
 _62755_/Y
 _62756_/Y
 _62757_/X
 _62758_/Y
 _62759_/X
 _62760_/X
 _62761_/Y
 _62762_/X
 _62763_/Y
 _62764_/Y
 _62765_/X
 _62766_/X
 _62767_/X
 _62768_/X
 _62769_/X
 _62770_/Y
 _62771_/Y
 _62772_/Y
 _62773_/X
 _62774_/Y
 _62775_/X
 _62776_/X
 _62777_/Y
 _62778_/Y
 _62779_/X
 _62780_/Y
 _62781_/X
 _62782_/X
 _62783_/Y
 _62784_/Y
 _62785_/Y
 _62786_/Y
 _62787_/Y
 _62788_/Y
 _62789_/Y
 _62790_/X
 _62791_/Y
 _62792_/Y
 _62793_/X
 _62794_/Y
 _62795_/X
 _62796_/Y
 _62797_/Y
 _62798_/X
 _62799_/X
 _62800_/X
 _62801_/Y
 _62802_/X
 _62803_/X
 _62804_/Y
 _62805_/X
 _62806_/Y
 _62807_/X
 _62808_/Y
 _62809_/X
 _62810_/Y
 _62811_/Y
 _62812_/X
 _62813_/X
 _62814_/Y
 _62815_/Y
 _62816_/Y
 _62817_/Y
 _62818_/Y
 _62819_/Y
 _62820_/X
 _62821_/X
 _62822_/X
 _62823_/Y
 _62824_/X
 _62825_/Y
 _62826_/Y
 _62827_/Y
 _62828_/X
 _62829_/Y
 _62830_/X
 _62831_/Y
 _62832_/X
 _62833_/X
 _62834_/Y
 _62835_/Y
 _62836_/X
 _62837_/X
 _62838_/X
 _62839_/X
 _62840_/X
 _62841_/Y
 _62842_/Y
 _62843_/Y
 _62844_/X
 _62845_/Y
 _62846_/Y
 _62847_/X
 _62848_/Y
 _62849_/X
 _62850_/X
 _62851_/X
 _62852_/X
 _62853_/Y
 _62854_/X
 _62855_/X
 _62856_/Y
 _62857_/Y
 _62858_/X
 _62859_/X
 _62860_/Y
 _62861_/Y
 _62862_/X
 _62863_/X
 _62864_/Y
 _62865_/Y
 _62866_/X
 _62867_/X
 _62868_/Y
 _62869_/Y
 _62870_/X
 _62871_/X
 _62872_/X
 _62873_/Y
 _62874_/X
 _62875_/Y
 _62876_/X
 _62877_/Y
 _62878_/X
 _62879_/X
 _62880_/Y
 _62881_/X
 _62882_/Y
 _62883_/Y
 _62884_/Y
 _62885_/X
 _62886_/Y
 _62887_/X
 _62888_/X
 _62889_/Y
 _62890_/Y
 _62891_/X
 _62892_/X
 _62893_/Y
 _62894_/X
 _62895_/Y
 _62896_/X
 _62897_/X
 _62898_/Y
 _62899_/Y
 _62900_/X
 _62901_/Y
 _62902_/Y
 _62903_/Y
 _62904_/X
 _62905_/X
 _62906_/X
 _62907_/Y
 _62908_/Y
 _62909_/Y
 _62910_/Y
 _62911_/Y
 _62912_/X
 _62913_/Y
 _62914_/X
 _62915_/X
 _62916_/X
 _62917_/Y
 _62918_/X
 _62919_/X
 _62920_/X
 _62921_/Y
 _62922_/X
 _62923_/X
 _62924_/Y
 _62925_/Y
 _62926_/X
 _62927_/Y
 _62928_/X
 _62929_/X
 _62930_/X
 _62931_/X
 _62932_/X
 _62933_/Y
 _62934_/X
 _62935_/Y
 _62936_/X
 _62937_/Y
 _62938_/X
 _62939_/X
 _62940_/Y
 _62941_/X
 _62942_/X
 _62943_/X
 _62944_/Y
 _62945_/Y
 _62946_/Y
 _62947_/X
 _62948_/Y
 _62949_/X
 _62950_/Y
 _62951_/Y
 _62952_/X
 _62953_/Y
 _62954_/X
 _62955_/Y
 _62956_/X
 _62957_/Y
 _62958_/X
 _62959_/Y
 _62960_/X
 _62961_/Y
 _62962_/Y
 _62963_/X
 _62964_/Y
 _62965_/Y
 _62966_/X
 _62967_/X
 _62968_/Y
 _62969_/Y
 _62970_/Y
 _62971_/X
 _62972_/Y
 _62973_/Y
 _62974_/Y
 _62975_/Y
 _62976_/X
 _62977_/Y
 _62978_/X
 _62979_/Y
 _62980_/Y
 _62981_/X
 _62982_/Y
 _62983_/X
 _62984_/Y
 _62985_/Y
 _62986_/Y
 _62987_/X
 _62988_/Y
 _62989_/Y
 _62990_/Y
 _62991_/Y
 _62992_/Y
 _62993_/X
 _62994_/X
 _62995_/Y
 _62996_/X
 _62997_/X
 _62998_/Y
 _62999_/Y
 _63000_/Y
 _63001_/X
 _63002_/Y
 _63003_/Y
 _63004_/Y
 _63005_/Y
 _63006_/Y
 _63007_/Y
 _63008_/Y
 _63009_/X
 _63010_/Y
 _63011_/Y
 _63012_/Y
 _63013_/X
 _63014_/Y
 _63015_/Y
 _63016_/Y
 _63017_/X
 _63018_/X
 _63019_/Y
 _63020_/Y
 _63021_/X
 _63022_/Y
 _63023_/X
 _63024_/Y
 _63025_/Y
 _63026_/X
 _63027_/Y
 _63028_/Y
 _63029_/Y
 _63030_/X
 _63031_/X
 _63032_/Y
 _63033_/Y
 _63034_/X
 _63035_/Y
 _63036_/X
 _63037_/X
 _63038_/X
 _63039_/Y
 _63040_/X
 _63041_/Y
 _63042_/Y
 _63043_/X
 _63044_/X
 _63045_/X
 _63046_/X
 _63047_/Y
 _63048_/Y
 _63049_/Y
 _63050_/Y
 _63051_/Y
 _63052_/Y
 _63053_/X
 _63054_/X
 _63055_/X
 _63056_/Y
 _63057_/Y
 _63058_/Y
 _63059_/X
 _63060_/X
 _63061_/X
 _63062_/X
 _63063_/Y
 _63064_/X
 _63065_/X
 _63066_/Y
 _63067_/Y
 _63068_/X
 _63069_/X
 _63070_/X
 _63071_/X
 _63072_/Y
 _63073_/Y
 _63074_/Y
 _63075_/X
 _63076_/X
 _63077_/X
 _63078_/Y
 _63079_/X
 _63080_/X
 _63081_/Y
 _63082_/X
 _63083_/Y
 _63084_/Y
 _63085_/X
 _63086_/X
 _63087_/Y
 _63088_/Y
 _63089_/Y
 _63090_/X
 _63091_/Y
 _63092_/Y
 _63093_/Y
 _63094_/X
 _63095_/Y
 _63096_/X
 _63097_/X
 _63098_/Y
 _63099_/Y
 _63100_/X
 _63101_/Y
 _63102_/Y
 _63103_/X
 _63104_/Y
 _63105_/X
 _63106_/Y
 _63107_/X
 _63108_/Y
 _63109_/X
 _63110_/Y
 _63111_/Y
 _63112_/X
 _63113_/X
 _63114_/X
 _63115_/X
 _63116_/X
 _63117_/Y
 _63118_/X
 _63119_/Y
 _63120_/X
 _63121_/X
 _63122_/X
 _63123_/X
 _63124_/X
 _63125_/X
 _63126_/X
 _63127_/Y
 _63128_/X
 _63129_/Y
 _63130_/X
 _63131_/X
 _63132_/X
 _63133_/X
 _63134_/X
 _63135_/X
 _63136_/X
 _63137_/Y
 _63138_/X
 _63139_/X
 _63140_/X
 _63141_/X
 _63142_/X
 _63143_/X
 _63144_/Y
 _63145_/Y
 _63146_/X
 _63147_/X
 _63148_/Y
 _63149_/X
 _63150_/Y
 _63151_/Y
 _63152_/X
 _63153_/Y
 _63154_/Y
 _63155_/X
 _63156_/X
 _63157_/Y
 _63158_/X
 _63159_/X
 _63160_/X
 _63161_/X
 _63162_/Y
 _63163_/Y
 _63164_/X
 _63165_/X
 _63166_/X
 _63167_/Y
 _63168_/X
 _63169_/X
 _63170_/Y
 _63171_/X
 _63172_/X
 _63173_/X
 _63174_/Y
 _63175_/Y
 _63176_/X
 _63177_/Y
 _63178_/X
 _63179_/Y
 _63180_/X
 _63181_/Y
 _63182_/X
 _63183_/X
 _63184_/Y
 _63185_/Y
 _63186_/X
 _63187_/X
 _63188_/X
 _63189_/Y
 _63190_/Y
 _63191_/X
 _63192_/X
 _63193_/Y
 _63194_/Y
 _63195_/X
 _63196_/X
 _63197_/Y
 _63198_/X
 _63199_/X
 _63200_/X
 _63201_/Y
 _63202_/Y
 _63203_/Y
 _63204_/Y
 _63205_/X
 _63206_/Y
 _63207_/Y
 _63208_/X
 _63209_/Y
 _63210_/Y
 _63211_/Y
 _63212_/X
 _63213_/X
 _63214_/Y
 _63215_/X
 _63216_/Y
 _63217_/Y
 _63218_/X
 _63219_/Y
 _63220_/X
 _63221_/X
 _63222_/Y
 _63223_/Y
 _63224_/X
 _63225_/X
 _63226_/X
 _63227_/X
 _63228_/X
 _63229_/X
 _63230_/X
 _63231_/Y
 _63232_/X
 _63233_/X
 _63234_/Y
 _63235_/X
 _63236_/Y
 _63237_/X
 _63238_/Y
 _63239_/Y
 _63240_/Y
 _63241_/X
 _63242_/X
 _63243_/Y
 _63244_/X
 _63245_/X
 _63246_/X
 _63247_/Y
 _63248_/Y
 _63249_/Y
 _63250_/X
 _63251_/Y
 _63252_/X
 _63253_/Y
 _63254_/Y
 _63255_/X
 _63256_/Y
 _63257_/X
 _63258_/X
 _63259_/X
 _63260_/Y
 _63261_/X
 _63262_/X
 _63263_/Y
 _63264_/Y
 _63265_/X
 _63266_/X
 _63267_/X
 _63268_/Y
 _63269_/Y
 _63270_/Y
 _63271_/X
 _63272_/Y
 _63273_/Y
 _63274_/X
 _63275_/Y
 _63276_/X
 _63277_/X
 _63278_/X
 _63279_/X
 _63280_/Y
 _63281_/X
 _63282_/Y
 _63283_/Y
 _63284_/X
 _63285_/Y
 _63286_/X
 _63287_/X
 _63288_/X
 _63289_/X
 _63290_/Y
 _63291_/X
 _63292_/Y
 _63293_/X
 _63294_/Y
 _63295_/X
 _63296_/Y
 _63297_/Y
 _63298_/X
 _63299_/Y
 _63300_/X
 _63301_/Y
 _63302_/X
 _63303_/Y
 _63304_/Y
 _63305_/X
 _63306_/Y
 _63307_/X
 _63308_/Y
 _63309_/X
 _63310_/Y
 _63311_/X
 _63312_/Y
 _63313_/Y
 _63314_/Y
 _63315_/X
 _63316_/X
 _63317_/Y
 _63318_/X
 _63319_/Y
 _63320_/X
 _63321_/Y
 _63322_/Y
 _63323_/X
 _63324_/X
 _63325_/X
 _63326_/Y
 _63327_/Y
 _63328_/Y
 _63329_/X
 _63330_/Y
 _63331_/X
 _63332_/X
 _63333_/Y
 _63334_/X
 _63335_/Y
 _63336_/X
 _63337_/Y
 _63338_/Y
 _63339_/X
 _63340_/Y
 _63341_/X
 _63342_/X
 _63343_/X
 _63344_/X
 _63345_/X
 _63346_/Y
 _63347_/Y
 _63348_/X
 _63349_/Y
 _63350_/X
 _63351_/Y
 _63352_/Y
 _63353_/X
 _63354_/X
 _63355_/Y
 _63356_/X
 _63357_/Y
 _63358_/X
 _63359_/X
 _63360_/X
 _63361_/Y
 _63362_/Y
 _63363_/X
 _63364_/X
 _63365_/X
 _63366_/Y
 _63367_/Y
 _63368_/Y
 _63369_/Y
 _63370_/X
 _63371_/X
 _63372_/X
 _63373_/Y
 _63374_/X
 _63375_/Y
 _63376_/X
 _63377_/X
 _63378_/X
 _63379_/Y
 _63380_/X
 _63381_/Y
 _63382_/X
 _63383_/Y
 _63384_/Y
 _63385_/Y
 _63386_/Y
 _63387_/X
 _63388_/X
 _63389_/X
 _63390_/Y
 _63391_/Y
 _63392_/Y
 _63393_/Y
 _63394_/Y
 _63395_/Y
 _63396_/X
 _63397_/X
 _63398_/X
 _63399_/X
 _63400_/Y
 _63401_/Y
 _63402_/X
 _63403_/X
 _63404_/Y
 _63405_/Y
 _63406_/X
 _63407_/Y
 _63408_/Y
 _63409_/Y
 _63410_/X
 _63411_/X
 _63412_/Y
 _63413_/Y
 _63414_/Y
 _63415_/X
 _63416_/X
 _63417_/Y
 _63418_/X
 _63419_/Y
 _63420_/Y
 _63421_/Y
 _63422_/X
 _63423_/X
 _63424_/Y
 _63425_/X
 _63426_/Y
 _63427_/X
 _63428_/Y
 _63429_/X
 _63430_/X
 _63431_/X
 _63432_/X
 _63433_/X
 _63434_/Y
 _63435_/Y
 _63436_/Y
 _63437_/X
 _63438_/Y
 _63439_/Y
 _63440_/Y
 _63441_/X
 _63442_/Y
 _63443_/X
 _63444_/X
 _63445_/Y
 _63446_/Y
 _63447_/X
 _63448_/X
 _63449_/X
 _63450_/X
 _63451_/Y
 _63452_/X
 _63453_/Y
 _63454_/Y
 _63455_/X
 _63456_/X
 _63457_/Y
 _63458_/X
 _63459_/X
 _63460_/X
 _63461_/Y
 _63462_/Y
 _63463_/X
 _63464_/X
 _63465_/X
 _63466_/X
 _63467_/Y
 _63468_/X
 _63469_/X
 _63470_/X
 _63471_/X
 _63472_/Y
 _63473_/Y
 _63474_/X
 _63475_/Y
 _63476_/X
 _63477_/Y
 _63478_/X
 _63479_/X
 _63480_/Y
 _63481_/X
 _63482_/X
 _63483_/X
 _63484_/X
 _63485_/Y
 _63486_/Y
 _63487_/X
 _63488_/Y
 _63489_/X
 _63490_/Y
 _63491_/X
 _63492_/Y
 _63493_/Y
 _63494_/Y
 _63495_/Y
 _63496_/X
 _63497_/Y
 _63498_/Y
 _63499_/X
 _63500_/X
 _63501_/Y
 _63502_/X
 _63503_/Y
 _63504_/Y
 _63505_/X
 _63506_/X
 _63507_/X
 _63508_/X
 _63509_/Y
 _63510_/Y
 _63511_/X
 _63512_/X
 _63513_/X
 _63514_/X
 _63515_/Y
 _63516_/X
 _63517_/Y
 _63518_/Y
 _63519_/X
 _63520_/X
 _63521_/Y
 _63522_/Y
 _63523_/X
 _63524_/Y
 _63525_/Y
 _63526_/X
 _63527_/X
 _63528_/Y
 _63529_/Y
 _63530_/Y
 _63531_/X
 _63532_/X
 _63533_/X
 _63534_/X
 _63535_/X
 _63536_/Y
 _63537_/X
 _63538_/Y
 _63539_/X
 _63540_/Y
 _63541_/Y
 _63542_/Y
 _63543_/X
 _63544_/Y
 _63545_/Y
 _63546_/X
 _63547_/X
 _63548_/X
 _63549_/X
 _63550_/X
 _63551_/X
 _63552_/X
 _63553_/X
 _63554_/Y
 _63555_/X
 _63556_/Y
 _63557_/Y
 _63558_/X
 _63559_/Y
 _63560_/Y
 _63561_/Y
 _63562_/X
 _63563_/X
 _63564_/Y
 _63565_/X
 _63566_/X
 _63567_/Y
 _63568_/X
 _63569_/X
 _63570_/X
 _63571_/X
 _63572_/Y
 _63573_/Y
 _63574_/Y
 _63575_/X
 _63576_/Y
 _63577_/X
 _63578_/X
 _63579_/X
 _63580_/X
 _63581_/X
 _63582_/X
 _63583_/X
 _63584_/Y
 _63585_/Y
 _63586_/X
 _63587_/Y
 _63588_/Y
 _63589_/Y
 _63590_/Y
 _63591_/X
 _63592_/X
 _63593_/X
 _63594_/Y
 _63595_/Y
 _63596_/X
 _63597_/X
 _63598_/Y
 _63599_/Y
 _63600_/Y
 _63601_/Y
 _63602_/X
 _63603_/X
 _63604_/X
 _63605_/X
 _63606_/Y
 _63607_/X
 _63608_/Y
 _63609_/Y
 _63610_/Y
 _63611_/Y
 _63612_/Y
 _63613_/X
 _63614_/X
 _63615_/Y
 _63616_/Y
 _63617_/X
 _63618_/Y
 _63619_/X
 _63620_/Y
 _63621_/X
 _63622_/X
 _63623_/X
 _63624_/Y
 _63625_/X
 _63626_/X
 _63627_/Y
 _63628_/Y
 _63629_/Y
 _63630_/Y
 _63631_/Y
 _63632_/X
 _63633_/X
 _63634_/Y
 _63635_/X
 _63636_/Y
 _63637_/X
 _63638_/Y
 _63639_/X
 _63640_/Y
 _63641_/X
 _63642_/X
 _63643_/Y
 _63644_/Y
 _63645_/Y
 _63646_/Y
 _63647_/Y
 _63648_/X
 _63649_/X
 _63650_/Y
 _63651_/Y
 _63652_/Y
 _63653_/X
 _63654_/Y
 _63655_/Y
 _63656_/Y
 _63657_/X
 _63658_/X
 _63659_/X
 _63660_/Y
 _63661_/Y
 _63662_/Y
 _63663_/X
 _63664_/X
 _63665_/X
 _63666_/Y
 _63667_/X
 _63668_/Y
 _63669_/Y
 _63670_/Y
 _63671_/Y
 _63672_/Y
 _63673_/Y
 _63674_/Y
 _63675_/Y
 _63676_/X
 _63677_/X
 _63678_/Y
 _63679_/X
 _63680_/X
 _63681_/X
 _63682_/Y
 _63683_/X
 _63684_/X
 _63685_/X
 _63686_/X
 _63687_/Y
 _63688_/X
 _63689_/X
 _63690_/Y
 _63691_/X
 _63692_/X
 _63693_/X
 _63694_/X
 _63695_/Y
 _63696_/Y
 _63697_/Y
 _63698_/X
 _63699_/Y
 _63700_/X
 _63701_/Y
 _63702_/Y
 _63703_/Y
 _63704_/Y
 _63705_/X
 _63706_/X
 _63707_/X
 _63708_/Y
 _63709_/Y
 _63710_/Y
 _63711_/X
 _63712_/Y
 _63713_/Y
 _63714_/Y
 _63715_/Y
 _63716_/X
 _63717_/Y
 _63718_/X
 _63719_/Y
 _63720_/X
 _63721_/X
 _63722_/X
 _63723_/X
 _63724_/Y
 _63725_/Y
 _63726_/Y
 _63727_/X
 _63728_/X
 _63729_/X
 _63730_/X
 _63731_/X
 _63732_/Y
 _63733_/Y
 _63734_/Y
 _63735_/Y
 _63736_/Y
 _63737_/Y
 _63738_/X
 _63739_/X
 _63740_/Y
 _63741_/Y
 _63742_/X
 _63743_/Y
 _63744_/Y
 _63745_/Y
 _63746_/X
 _63747_/X
 _63748_/X
 _63749_/X
 _63750_/Y
 _63751_/X
 _63752_/Y
 _63753_/X
 _63754_/X
 _63755_/X
 _63756_/Y
 _63757_/Y
 _63758_/Y
 _63759_/X
 _63760_/X
 _63761_/X
 _63762_/X
 _63763_/X
 _63764_/X
 _63765_/X
 _63766_/Y
 _63767_/X
 _63768_/X
 _63769_/Y
 _63770_/X
 _63771_/Y
 _63772_/X
 _63773_/X
 _63774_/X
 _63775_/Y
 _63776_/X
 _63777_/X
 _63778_/X
 _63779_/X
 _63780_/X
 _63781_/X
 _63782_/X
 _63783_/X
 _63784_/X
 _63785_/X
 _63786_/X
 _63787_/X
 _63788_/X
 _63789_/X
 _63790_/Y
 _63791_/Y
 _63792_/Y
 _63793_/X
 _63794_/X
 _63795_/X
 _63796_/X
 _63797_/X
 _63798_/X
 _63799_/Y
 _63800_/X
 _63801_/X
 _63802_/Y
 _63803_/X
 _63804_/X
 _63805_/Y
 _63806_/Y
 _63807_/X
 _63808_/X
 _63809_/X
 _63810_/X
 _63811_/X
 _63812_/X
 _63813_/Y
 _63814_/X
 _63815_/X
 _63816_/X
 _63817_/X
 _63818_/Y
 _63819_/X
 _63820_/X
 _63821_/X
 _63822_/Y
 _63823_/Y
 _63824_/Y
 _63825_/Y
 _63826_/X
 _63827_/X
 _63828_/X
 _63829_/X
 _63830_/X
 _63831_/X
 _63832_/Y
 _63833_/X
 _63834_/X
 _63835_/Y
 _63836_/X
 _63837_/Y
 _63838_/X
 _63839_/X
 _63840_/X
 _63841_/X
 _63842_/X
 _63843_/X
 _63844_/Y
 _63845_/X
 _63846_/X
 _63847_/X
 _63848_/X
 _63849_/X
 _63850_/Y
 _63851_/X
 _63852_/Y
 _63853_/X
 _63854_/X
 _63855_/X
 _63856_/Y
 _63857_/X
 _63858_/X
 _63859_/X
 _63860_/X
 _63861_/Y
 _63862_/Y
 _63863_/X
 _63864_/X
 _63865_/X
 _63866_/Y
 _63867_/X
 _63868_/X
 _63869_/X
 _63870_/X
 _63871_/X
 _63872_/Y
 _63873_/X
 _63874_/X
 _63875_/X
 _63876_/X
 _63877_/Y
 _63878_/X
 _63879_/X
 _63880_/X
 _63881_/X
 _63882_/Y
 _63883_/Y
 _63884_/X
 _63885_/X
 _63886_/X
 _63887_/Y
 _63888_/X
 _63889_/X
 _63890_/X
 _63891_/X
 _63892_/Y
 _63893_/X
 _63894_/X
 _63895_/X
 _63896_/X
 _63897_/Y
 _63898_/Y
 _63899_/X
 _63900_/X
 _63901_/X
 _63902_/Y
 _63903_/X
 _63904_/Y
 _63905_/X
 _63906_/X
 _63907_/X
 _63908_/X
 _63909_/X
 _63910_/X
 _63911_/X
 _63912_/X
 _63913_/Y
 _63914_/X
 _63915_/Y
 _63916_/X
 _63917_/X
 _63918_/Y
 _63919_/X
 _63920_/X
 _63921_/X
 _63922_/X
 _63923_/X
 _63924_/Y
 _63925_/X
 _63926_/X
 _63927_/X
 _63928_/X
 _63929_/X
 _63930_/Y
 _63931_/Y
 _63932_/X
 _63933_/X
 _63934_/X
 _63935_/X
 _63936_/X
 _63937_/Y
 _63938_/X
 _63939_/X
 _63940_/X
 _63941_/X
 _63942_/Y
 _63943_/Y
 _63944_/Y
 _63945_/X
 _63946_/X
 _63947_/X
 _63948_/X
 _63949_/X
 _63950_/Y
 _63951_/X
 _63952_/Y
 _63953_/X
 _63954_/Y
 _63955_/X
 _63956_/Y
 _63957_/Y
 _63958_/Y
 _63959_/X
 _63960_/Y
 _63961_/X
 _63962_/Y
 _63963_/Y
 _63964_/X
 _63965_/X
 _63966_/X
 _63967_/X
 _63968_/X
 _63969_/X
 _63970_/Y
 _63971_/Y
 _63972_/Y
 _63973_/Y
 _63974_/X
 _63975_/Y
 _63976_/X
 _63977_/X
 _63978_/Y
 _63979_/X
 _63980_/X
 _63981_/Y
 _63982_/X
 _63983_/Y
 _63984_/X
 _63985_/X
 _63986_/Y
 _63987_/Y
 _63988_/X
 _63989_/Y
 _63990_/Y
 _63991_/X
 _63992_/X
 _63993_/Y
 _63994_/X
 _63995_/Y
 _63996_/Y
 _63997_/Y
 _63998_/Y
 _63999_/Y
 _64000_/X
 _64001_/X
 _64002_/X
 _64003_/Y
 _64004_/X
 _64005_/X
 _64006_/Y
 _64007_/Y
 _64008_/X
 _64009_/Y
 _64010_/Y
 _64011_/Y
 _64012_/X
 _64013_/X
 _64014_/X
 _64015_/X
 _64016_/Y
 _64017_/X
 _64018_/Y
 _64019_/X
 _64020_/X
 _64021_/X
 _64022_/Y
 _64023_/X
 _64024_/X
 _64025_/X
 _64026_/X
 _64027_/X
 _64028_/Y
 _64029_/X
 _64030_/Y
 _64031_/Y
 _64032_/X
 _64033_/Y
 _64034_/X
 _64035_/X
 _64036_/X
 _64037_/X
 _64038_/X
 _64039_/Y
 _64040_/X
 _64041_/X
 _64042_/X
 _64043_/X
 _64044_/Y
 _64045_/Y
 _64046_/X
 _64047_/X
 _64048_/X
 _64049_/X
 _64050_/X
 _64051_/Y
 _64052_/X
 _64053_/X
 _64054_/Y
 _64055_/X
 _64056_/Y
 _64057_/Y
 _64058_/X
 _64059_/X
 _64060_/X
 _64061_/X
 _64062_/X
 _64063_/X
 _64064_/X
 _64065_/X
 _64066_/Y
 _64067_/Y
 _64068_/X
 _64069_/Y
 _64070_/X
 _64071_/X
 _64072_/X
 _64073_/X
 _64074_/X
 _64075_/Y
 _64076_/X
 _64077_/Y
 _64078_/X
 _64079_/Y
 _64080_/Y
 _64081_/Y
 _64082_/X
 _64083_/X
 _64084_/X
 _64085_/X
 _64086_/X
 _64087_/Y
 _64088_/X
 _64089_/X
 _64090_/X
 _64091_/X
 _64092_/Y
 _64093_/X
 _64094_/Y
 _64095_/X
 _64096_/Y
 _64097_/Y
 _64098_/X
 _64099_/X
 _64100_/X
 _64101_/X
 _64102_/X
 _64103_/X
 _64104_/X
 _64105_/Y
 _64106_/Y
 _64107_/Y
 _64108_/X
 _64109_/X
 _64110_/X
 _64111_/X
 _64112_/X
 _64113_/X
 _64114_/Y
 _64115_/X
 _64116_/Y
 _64117_/Y
 _64118_/X
 _64119_/X
 _64120_/Y
 _64121_/Y
 _64122_/X
 _64123_/Y
 _64124_/X
 _64125_/X
 _64126_/X
 _64127_/X
 _64128_/X
 _64129_/Y
 _64130_/Y
 _64131_/X
 _64132_/Y
 _64133_/X
 _64134_/X
 _64135_/X
 _64136_/X
 _64137_/Y
 _64138_/X
 _64139_/X
 _64140_/X
 _64141_/X
 _64142_/X
 _64143_/Y
 _64144_/X
 _64145_/Y
 _64146_/X
 _64147_/X
 _64148_/Y
 _64149_/X
 _64150_/X
 _64151_/X
 _64152_/Y
 _64153_/X
 _64154_/Y
 _64155_/X
 _64156_/X
 _64157_/Y
 _64158_/Y
 _64159_/Y
 _64160_/X
 _64161_/X
 _64162_/X
 _64163_/X
 _64164_/Y
 _64165_/Y
 _64166_/X
 _64167_/Y
 _64168_/X
 _64169_/X
 _64170_/X
 _64171_/Y
 _64172_/Y
 _64173_/X
 _64174_/X
 _64175_/X
 _64176_/X
 _64177_/Y
 _64178_/X
 _64179_/Y
 _64180_/Y
 _64181_/Y
 _64182_/X
 _64183_/X
 _64184_/X
 _64185_/X
 _64186_/X
 _64187_/X
 _64188_/Y
 _64189_/X
 _64190_/Y
 _64191_/X
 _64192_/X
 _64193_/X
 _64194_/X
 _64195_/X
 _64196_/Y
 _64197_/X
 _64198_/Y
 _64199_/X
 _64200_/Y
 _64201_/X
 _64202_/Y
 _64203_/X
 _64204_/X
 _64205_/Y
 _64206_/X
 _64207_/X
 _64208_/X
 _64209_/Y
 _64210_/Y
 _64211_/X
 _64212_/Y
 _64213_/X
 _64214_/X
 _64215_/Y
 _64216_/X
 _64217_/X
 _64218_/X
 _64219_/X
 _64220_/X
 _64221_/Y
 _64222_/X
 _64223_/X
 _64224_/Y
 _64225_/Y
 _64226_/X
 _64227_/X
 _64228_/Y
 _64229_/X
 _64230_/X
 _64231_/Y
 _64232_/X
 _64233_/X
 _64234_/X
 _64235_/X
 _64236_/Y
 _64237_/X
 _64238_/Y
 _64239_/Y
 _64240_/Y
 _64241_/Y
 _64242_/X
 _64243_/X
 _64244_/X
 _64245_/X
 _64246_/Y
 _64247_/X
 _64248_/X
 _64249_/Y
 _64250_/Y
 _64251_/X
 _64252_/Y
 _64253_/X
 _64254_/Y
 _64255_/X
 _64256_/X
 _64257_/X
 _64258_/X
 _64259_/X
 _64260_/Y
 _64261_/Y
 _64262_/Y
 _64263_/X
 _64264_/X
 _64265_/Y
 _64266_/X
 _64267_/X
 _64268_/X
 _64269_/X
 _64270_/X
 _64271_/Y
 _64272_/Y
 _64273_/X
 _64274_/X
 _64275_/X
 _64276_/Y
 _64277_/X
 _64278_/X
 _64279_/X
 _64280_/X
 _64281_/X
 _64282_/Y
 _64283_/X
 _64284_/Y
 _64285_/X
 _64286_/X
 _64287_/X
 _64288_/X
 _64289_/Y
 _64290_/X
 _64291_/Y
 _64292_/Y
 _64293_/X
 _64294_/X
 _64295_/Y
 _64296_/Y
 _64297_/X
 _64298_/X
 _64299_/X
 _64300_/X
 _64301_/Y
 _64302_/X
 _64303_/Y
 _64304_/Y
 _64305_/Y
 _64306_/Y
 _64307_/Y
 _64308_/X
 _64309_/X
 _64310_/Y
 _64311_/X
 _64312_/X
 _64313_/X
 _64314_/X
 _64315_/X
 _64316_/X
 _64317_/Y
 _64318_/Y
 _64319_/Y
 _64320_/X
 _64321_/X
 _64322_/Y
 _64323_/X
 _64324_/X
 _64325_/Y
 _64326_/X
 _64327_/Y
 _64328_/Y
 _64329_/X
 _64330_/X
 _64331_/X
 _64332_/X
 _64333_/X
 _64334_/Y
 _64335_/X
 _64336_/Y
 _64337_/X
 _64338_/Y
 _64339_/X
 _64340_/X
 _64341_/X
 _64342_/Y
 _64343_/Y
 _64344_/X
 _64345_/Y
 _64346_/Y
 _64347_/X
 _64348_/X
 _64349_/X
 _64350_/X
 _64351_/X
 _64352_/X
 _64353_/Y
 _64354_/X
 _64355_/X
 _64356_/Y
 _64357_/X
 _64358_/X
 _64359_/X
 _64360_/X
 _64361_/X
 _64362_/X
 _64363_/Y
 _64364_/X
 _64365_/X
 _64366_/Y
 _64367_/X
 _64368_/Y
 _64369_/X
 _64370_/Y
 _64371_/Y
 _64372_/Y
 _64373_/X
 _64374_/X
 _64375_/X
 _64376_/X
 _64377_/Y
 _64378_/X
 _64379_/X
 _64380_/X
 _64381_/Y
 _64382_/X
 _64383_/Y
 _64384_/Y
 _64385_/X
 _64386_/X
 _64387_/X
 _64388_/X
 _64389_/Y
 _64390_/Y
 _64391_/X
 _64392_/X
 _64393_/Y
 _64394_/X
 _64395_/X
 _64396_/X
 _64397_/Y
 _64398_/X
 _64399_/Y
 _64400_/X
 _64401_/X
 _64402_/Y
 _64403_/X
 _64404_/X
 _64405_/X
 _64406_/X
 _64407_/X
 _64408_/Y
 _64409_/Y
 _64410_/Y
 _64411_/Y
 _64412_/X
 _64413_/X
 _64414_/X
 _64415_/Y
 _64416_/X
 _64417_/Y
 _64418_/Y
 _64419_/X
 _64420_/X
 _64421_/Y
 _64422_/Y
 _64423_/Y
 _64424_/Y
 _64425_/Y
 _64426_/X
 _64427_/X
 _64428_/X
 _64429_/X
 _64430_/X
 _64431_/Y
 _64432_/Y
 _64433_/X
 _64434_/Y
 _64435_/X
 _64436_/X
 _64437_/X
 _64438_/X
 _64439_/X
 _64440_/X
 _64441_/X
 _64442_/X
 _64443_/X
 _64444_/X
 _64445_/X
 _64446_/X
 _64447_/X
 _64448_/X
 _64449_/X
 _64450_/X
 _64451_/X
 _64452_/X
 _64453_/X
 _64454_/X
 _64455_/X
 _64456_/X
 _64457_/X
 _64458_/X
 _64459_/X
 _64460_/X
 _64461_/X
 _64462_/X
 _64463_/X
 _64464_/X
 _64465_/X
 _64466_/X
 _64467_/X
 _64468_/X
 _64469_/X
 _64470_/X
 _64471_/X
 _64472_/X
 _64473_/X
 _64474_/X
 _64475_/X
 _64476_/X
 _64477_/X
 _64478_/X
 _64479_/X
 _64480_/Y
 _64481_/X
 _64482_/Y
 _64483_/Y
 _64484_/X
 _64485_/X
 _64486_/X
 _64487_/X
 _64488_/Y
 _64489_/X
 _64490_/X
 _64491_/X
 _64492_/X
 _64493_/X
 _64494_/X
 _64495_/X
 _64496_/X
 _64497_/X
 _64498_/X
 _64499_/X
 _64500_/X
 _64501_/X
 _64502_/X
 _64503_/X
 _64504_/X
 _64505_/X
 _64506_/X
 _64507_/X
 _64508_/X
 _64509_/X
 _64510_/X
 _64511_/Y
 _64512_/X
 _64513_/Y
 _64514_/X
 _64515_/X
 _64516_/X
 _64517_/X
 _64518_/X
 _64519_/X
 _64520_/X
 _64521_/X
 _64522_/X
 _64523_/X
 _64524_/Y
 _64525_/X
 _64526_/Y
 _64527_/X
 _64528_/X
 _64529_/X
 _64530_/X
 _64531_/X
 _64532_/X
 _64533_/Y
 _64534_/X
 _64535_/Y
 _64536_/X
 _64537_/Y
 _64538_/X
 _64539_/X
 _64540_/Y
 _64541_/X
 _64542_/Y
 _64543_/X
 _64544_/Y
 _64545_/X
 _64546_/Y
 _64547_/X
 _64548_/X
 _64549_/X
 _64550_/X
 _64551_/X
 _64552_/Y
 _64553_/X
 _64554_/Y
 _64555_/X
 _64556_/X
 _64557_/X
 _64558_/X
 _64559_/X
 _64560_/X
 _64561_/X
 _64562_/X
 _64563_/X
 _64564_/Y
 _64565_/X
 _64566_/Y
 _64567_/Y
 _64568_/X
 _64569_/X
 _64570_/X
 _64571_/X
 _64572_/Y
 _64573_/Y
 _64574_/Y
 _64575_/Y
 _64576_/X
 _64577_/Y
 _64578_/X
 _64579_/X
 _64580_/X
 _64581_/X
 _64582_/X
 _64583_/X
 _64584_/X
 _64585_/X
 _64586_/X
 _64587_/X
 _64588_/X
 _64589_/X
 _64590_/X
 _64591_/X
 _64592_/X
 _64593_/X
 _64594_/X
 _64595_/X
 _64596_/X
 _64597_/X
 _64598_/X
 _64599_/Y
 _64600_/X
 _64601_/X
 _64602_/X
 _64603_/Y
 _64604_/X
 _64605_/X
 _64606_/Y
 _64607_/X
 _64608_/X
 _64609_/X
 _64610_/X
 _64611_/X
 _64612_/X
 _64613_/Y
 _64614_/Y
 _64615_/X
 _64616_/X
 _64617_/X
 _64618_/Y
 _64619_/X
 _64620_/X
 _64621_/Y
 _64622_/X
 _64623_/X
 _64624_/Y
 _64625_/Y
 _64626_/X
 _64627_/Y
 _64628_/Y
 _64629_/X
 _64630_/Y
 _64631_/Y
 _64632_/X
 _64633_/Y
 _64634_/Y
 _64635_/Y
 _64636_/Y
 _64637_/Y
 _64638_/X
 _64639_/X
 _64640_/X
 _64641_/X
 _64642_/X
 _64643_/X
 _64644_/X
 _64645_/X
 _64646_/X
 _64647_/X
 _64648_/Y
 _64649_/X
 _64650_/Y
 _64651_/X
 _64652_/X
 _64653_/X
 _64654_/X
 _64655_/X
 _64656_/X
 _64657_/Y
 _64658_/X
 _64659_/Y
 _64660_/X
 _64661_/Y
 _64662_/X
 _64663_/X
 _64664_/Y
 _64665_/X
 _64666_/Y
 _64667_/X
 _64668_/Y
 _64669_/X
 _64670_/Y
 _64671_/X
 _64672_/Y
 _64673_/X
 _64674_/X
 _64675_/Y
 _64676_/X
 _64677_/X
 _64678_/Y
 _64679_/Y
 _64680_/X
 _64681_/Y
 _64682_/Y
 _64683_/X
 _64684_/Y
 _64685_/Y
 _64686_/X
 _64687_/Y
 _64688_/Y
 _64689_/X
 _64690_/X
 _64691_/X
 _64692_/X
 _64693_/X
 _64694_/X
 _64695_/X
 _64696_/X
 _64697_/X
 _64698_/X
 _64699_/X
 _64700_/X
 _64701_/X
 _64702_/X
 _64703_/Y
 _64704_/X
 _64705_/X
 _64706_/X
 _64707_/X
 _64708_/X
 _64709_/X
 _64710_/X
 _64711_/X
 _64712_/X
 _64713_/X
 _64714_/X
 _64715_/X
 _64716_/Y
 _64717_/X
 _64718_/Y
 _64719_/Y
 _64720_/X
 _64721_/X
 _64722_/Y
 _64723_/Y
 _64724_/X
 _64725_/X
 _64726_/Y
 _64727_/X
 _64728_/X
 _64729_/Y
 _64730_/X
 _64731_/Y
 _64732_/Y
 _64733_/Y
 _64734_/X
 _64735_/X
 _64736_/Y
 _64737_/X
 _64738_/X
 _64739_/Y
 _64740_/X
 _64741_/X
 _64742_/X
 _64743_/Y
 _64744_/X
 _64745_/Y
 _64746_/Y
 _64747_/X
 _64748_/Y
 _64749_/X
 _64750_/Y
 _64751_/Y
 _64752_/X
 _64753_/X
 _64754_/Y
 _64755_/X
 _64756_/Y
 _64757_/X
 _64758_/X
 _64759_/X
 _64760_/X
 _64761_/Y
 _64762_/X
 _64763_/Y
 _64764_/X
 _64765_/X
 _64766_/X
 _64767_/X
 _64768_/X
 _64769_/X
 _64770_/X
 _64771_/X
 _64772_/Y
 _64773_/Y
 _64774_/X
 _64775_/X
 _64776_/X
 _64777_/X
 _64778_/X
 _64779_/Y
 _64780_/X
 _64781_/Y
 _64782_/Y
 _64783_/Y
 _64784_/Y
 _64785_/X
 _64786_/Y
 _64787_/Y
 _64788_/X
 _64789_/Y
 _64790_/X
 _64791_/X
 _64792_/Y
 _64793_/X
 _64794_/X
 _64795_/Y
 _64796_/Y
 _64797_/X
 _64798_/Y
 _64799_/Y
 _64800_/X
 _64801_/Y
 _64802_/Y
 _64803_/X
 _64804_/Y
 _64805_/Y
 _64806_/X
 _64807_/X
 _64808_/X
 _64809_/X
 _64810_/Y
 _64811_/X
 _64812_/Y
 _64813_/X
 _64814_/Y
 _64815_/Y
 _64816_/Y
 _64817_/Y
 _64818_/X
 _64819_/X
 _64820_/X
 _64821_/Y
 _64822_/X
 _64823_/X
 _64824_/Y
 _64825_/X
 _64826_/Y
 _64827_/X
 _64828_/Y
 _64829_/X
 _64830_/Y
 _64831_/X
 _64832_/Y
 _64833_/Y
 _64834_/Y
 _64835_/Y
 _64836_/Y
 _64837_/Y
 _64838_/X
 _64839_/X
 _64840_/X
 _64841_/X
 _64842_/X
 _64843_/X
 _64844_/X
 _64845_/Y
 _64846_/X
 _64847_/Y
 _64848_/X
 _64849_/Y
 _64850_/X
 _64851_/Y
 _64852_/Y
 _64853_/X
 _64854_/X
 _64855_/Y
 _64856_/Y
 _64857_/X
 _64858_/Y
 _64859_/X
 _64860_/X
 _64861_/Y
 _64862_/X
 _64863_/X
 _64864_/Y
 _64865_/X
 _64866_/X
 _64867_/X
 _64868_/Y
 _64869_/Y
 _64870_/X
 _64871_/X
 _64872_/Y
 _64873_/Y
 _64874_/X
 _64875_/Y
 _64876_/Y
 _64877_/Y
 _64878_/X
 _64879_/Y
 _64880_/Y
 _64881_/X
 _64882_/Y
 _64883_/X
 _64884_/X
 _64885_/Y
 _64886_/X
 _64887_/X
 _64888_/Y
 _64889_/Y
 _64890_/X
 _64891_/Y
 _64892_/Y
 _64893_/X
 _64894_/X
 _64895_/Y
 _64896_/Y
 _64897_/X
 _64898_/Y
 _64899_/X
 _64900_/Y
 _64901_/X
 _64902_/X
 _64903_/X
 _64904_/X
 _64905_/Y
 _64906_/X
 _64907_/X
 _64908_/Y
 _64909_/X
 _64910_/X
 _64911_/Y
 _64912_/Y
 _64913_/X
 _64914_/Y
 _64915_/Y
 _64916_/X
 _64917_/Y
 _64918_/Y
 _64919_/Y
 _64920_/X
 _64921_/X
 _64922_/Y
 _64923_/X
 _64924_/Y
 _64925_/X
 _64926_/X
 _64927_/X
 _64928_/Y
 _64929_/Y
 _64930_/X
 _64931_/X
 _64932_/Y
 _64933_/X
 _64934_/X
 _64935_/Y
 _64936_/Y
 _64937_/X
 _64938_/Y
 _64939_/X
 _64940_/Y
 _64941_/X
 _64942_/X
 _64943_/Y
 _64944_/Y
 _64945_/Y
 _64946_/Y
 _64947_/X
 _64948_/Y
 _64949_/X
 _64950_/Y
 _64951_/X
 _64952_/X
 _64953_/X
 _64954_/Y
 _64955_/X
 _64956_/Y
 _64957_/X
 _64958_/X
 _64959_/X
 _64960_/X
 _64961_/X
 _64962_/Y
 _64963_/Y
 _64964_/X
 _64965_/Y
 _64966_/Y
 _64967_/X
 _64968_/X
 _64969_/Y
 _64970_/Y
 _64971_/Y
 _64972_/X
 _64973_/Y
 _64974_/X
 _64975_/X
 _64976_/X
 _64977_/X
 _64978_/X
 _64979_/Y
 _64980_/X
 _64981_/Y
 _64982_/X
 _64983_/X
 _64984_/X
 _64985_/X
 _64986_/Y
 _64987_/X
 _64988_/X
 _64989_/X
 _64990_/X
 _64991_/Y
 _64992_/X
 _64993_/Y
 _64994_/Y
 _64995_/X
 _64996_/X
 _64997_/X
 _64998_/X
 _64999_/Y
 _65000_/Y
 _65001_/X
 _65002_/X
 _65003_/X
 _65004_/X
 _65005_/Y
 _65006_/Y
 _65007_/X
 _65008_/Y
 _65009_/X
 _65010_/X
 _65011_/Y
 _65012_/X
 _65013_/X
 _65014_/Y
 _65015_/Y
 _65016_/X
 _65017_/Y
 _65018_/Y
 _65019_/X
 _65020_/Y
 _65021_/Y
 _65022_/X
 _65023_/Y
 _65024_/Y
 _65025_/X
 _65026_/Y
 _65027_/Y
 _65028_/X
 _65029_/X
 _65030_/X
 _65031_/X
 _65032_/X
 _65033_/X
 _65034_/X
 _65035_/X
 _65036_/X
 _65037_/X
 _65038_/X
 _65039_/X
 _65040_/X
 _65041_/X
 _65042_/Y
 _65043_/Y
 _65044_/X
 _65045_/Y
 _65046_/X
 _65047_/X
 _65048_/Y
 _65049_/X
 _65050_/Y
 _65051_/X
 _65052_/Y
 _65053_/X
 _65054_/X
 _65055_/Y
 _65056_/Y
 _65057_/X
 _65058_/Y
 _65059_/X
 _65060_/Y
 _65061_/Y
 _65062_/X
 _65063_/Y
 _65064_/Y
 _65065_/X
 _65066_/X
 _65067_/Y
 _65068_/X
 _65069_/Y
 _65070_/Y
 _65071_/Y
 _65072_/X
 _65073_/X
 _65074_/X
 _65075_/X
 _65076_/Y
 _65077_/X
 _65078_/X
 _65079_/X
 _65080_/Y
 _65081_/X
 _65082_/Y
 _65083_/X
 _65084_/X
 _65085_/X
 _65086_/X
 _65087_/X
 _65088_/Y
 _65089_/X
 _65090_/Y
 _65091_/X
 _65092_/X
 _65093_/X
 _65094_/X
 _65095_/X
 _65096_/X
 _65097_/X
 _65098_/X
 _65099_/X
 _65100_/Y
 _65101_/X
 _65102_/Y
 _65103_/Y
 _65104_/X
 _65105_/X
 _65106_/X
 _65107_/X
 _65108_/Y
 _65109_/Y
 _65110_/Y
 _65111_/Y
 _65112_/Y
 _65113_/Y
 _65114_/X
 _65115_/X
 _65116_/Y
 _65117_/X
 _65118_/X
 _65119_/Y
 _65120_/X
 _65121_/X
 _65122_/Y
 _65123_/Y
 _65124_/X
 _65125_/Y
 _65126_/Y
 _65127_/X
 _65128_/Y
 _65129_/Y
 _65130_/X
 _65131_/Y
 _65132_/Y
 _65133_/X
 _65134_/Y
 _65135_/X
 _65136_/X
 _65137_/Y
 _65138_/X
 _65139_/X
 _65140_/X
 _65141_/X
 _65142_/X
 _65143_/X
 _65144_/X
 _65145_/X
 _65146_/X
 _65147_/X
 _65148_/X
 _65149_/X
 _65150_/X
 _65151_/Y
 _65152_/X
 _65153_/X
 _65154_/X
 _65155_/X
 _65156_/X
 _65157_/Y
 _65158_/Y
 _65159_/Y
 _65160_/Y
 _65161_/X
 _65162_/Y
 _65163_/X
 _65164_/Y
 _65165_/X
 _65166_/Y
 _65167_/X
 _65168_/Y
 _65169_/X
 _65170_/Y
 _65171_/Y
 _65172_/Y
 _65173_/X
 _65174_/Y
 _65175_/X
 _65176_/Y
 _65177_/Y
 _65178_/Y
 _65179_/Y
 _65180_/Y
 _65181_/X
 _65182_/Y
 _65183_/Y
 _65184_/X
 _65185_/X
 _65186_/Y
 _65187_/X
 _65188_/Y
 _65189_/X
 _65190_/Y
 _65191_/X
 _65192_/Y
 _65193_/Y
 _65194_/X
 _65195_/X
 _65196_/X
 _65197_/X
 _65198_/X
 _65199_/Y
 _65200_/X
 _65201_/Y
 _65202_/Y
 _65203_/Y
 _65204_/X
 _65205_/Y
 _65206_/X
 _65207_/Y
 _65208_/Y
 _65209_/Y
 _65210_/X
 _65211_/X
 _65212_/X
 _65213_/X
 _65214_/Y
 _65215_/Y
 _65216_/X
 _65217_/Y
 _65218_/X
 _65219_/Y
 _65220_/X
 _65221_/X
 _65222_/X
 _65223_/X
 _65224_/X
 _65225_/Y
 _65226_/X
 _65227_/Y
 _65228_/X
 _65229_/X
 _65230_/X
 _65231_/X
 _65232_/X
 _65233_/X
 _65234_/X
 _65235_/X
 _65236_/X
 _65237_/Y
 _65238_/X
 _65239_/Y
 _65240_/Y
 _65241_/X
 _65242_/X
 _65243_/X
 _65244_/X
 _65245_/Y
 _65246_/Y
 _65247_/Y
 _65248_/Y
 _65249_/X
 _65250_/Y
 _65251_/Y
 _65252_/X
 _65253_/Y
 _65254_/X
 _65255_/X
 _65256_/Y
 _65257_/X
 _65258_/X
 _65259_/Y
 _65260_/Y
 _65261_/X
 _65262_/Y
 _65263_/Y
 _65264_/X
 _65265_/Y
 _65266_/Y
 _65267_/Y
 _65268_/X
 _65269_/Y
 _65270_/Y
 _65271_/Y
 _65272_/X
 _65273_/Y
 _65274_/Y
 _65275_/Y
 _65276_/Y
 _65277_/X
 _65278_/Y
 _65279_/Y
 _65280_/X
 _65281_/Y
 _65282_/Y
 _65283_/X
 _65284_/Y
 _65285_/X
 _65286_/X
 _65287_/Y
 _65288_/Y
 _65289_/X
 _65290_/Y
 _65291_/Y
 _65292_/X
 _65293_/X
 _65294_/X
 _65295_/Y
 _65296_/X
 _65297_/Y
 _65298_/Y
 _65299_/X
 _65300_/X
 _65301_/X
 _65302_/Y
 _65303_/X
 _65304_/X
 _65305_/Y
 _65306_/X
 _65307_/Y
 _65308_/X
 _65309_/Y
 _65310_/Y
 _65311_/X
 _65312_/Y
 _65313_/X
 _65314_/X
 _65315_/Y
 _65316_/X
 _65317_/Y
 _65318_/X
 _65319_/X
 _65320_/X
 _65321_/X
 _65322_/X
 _65323_/X
 _65324_/X
 _65325_/X
 _65326_/X
 _65327_/X
 _65328_/X
 _65329_/X
 _65330_/Y
 _65331_/X
 _65332_/X
 _65333_/X
 _65334_/Y
 _65335_/Y
 _65336_/Y
 _65337_/X
 _65338_/X
 _65339_/Y
 _65340_/Y
 _65341_/X
 _65342_/X
 _65343_/X
 _65344_/Y
 _65345_/X
 _65346_/X
 _65347_/Y
 _65348_/X
 _65349_/Y
 _65350_/X
 _65351_/X
 _65352_/X
 _65353_/X
 _65354_/Y
 _65355_/X
 _65356_/Y
 _65357_/X
 _65358_/X
 _65359_/X
 _65360_/X
 _65361_/X
 _65362_/X
 _65363_/X
 _65364_/X
 _65365_/Y
 _65366_/Y
 _65367_/X
 _65368_/X
 _65369_/X
 _65370_/X
 _65371_/X
 _65372_/Y
 _65373_/X
 _65374_/Y
 _65375_/Y
 _65376_/Y
 _65377_/Y
 _65378_/X
 _65379_/Y
 _65380_/X
 _65381_/Y
 _65382_/X
 _65383_/X
 _65384_/Y
 _65385_/X
 _65386_/X
 _65387_/Y
 _65388_/Y
 _65389_/X
 _65390_/Y
 _65391_/Y
 _65392_/X
 _65393_/Y
 _65394_/Y
 _65395_/X
 _65396_/Y
 _65397_/Y
 _65398_/X
 _65399_/Y
 _65400_/Y
 _65401_/Y
 _65402_/Y
 _65403_/X
 _65404_/Y
 _65405_/Y
 _65406_/X
 _65407_/Y
 _65408_/Y
 _65409_/Y
 _65410_/X
 _65411_/X
 _65412_/X
 _65413_/X
 _65414_/Y
 _65415_/Y
 _65416_/X
 _65417_/Y
 _65418_/Y
 _65419_/X
 _65420_/Y
 _65421_/X
 _65422_/Y
 _65423_/Y
 _65424_/Y
 _65425_/X
 _65426_/X
 _65427_/X
 _65428_/X
 _65429_/Y
 _65430_/Y
 _65431_/Y
 _65432_/X
 _65433_/Y
 _65434_/X
 _65435_/X
 _65436_/X
 _65437_/Y
 _65438_/X
 _65439_/Y
 _65440_/Y
 _65441_/Y
 _65442_/X
 _65443_/Y
 _65444_/X
 _65445_/X
 _65446_/Y
 _65447_/X
 _65448_/X
 _65449_/X
 _65450_/X
 _65451_/X
 _65452_/X
 _65453_/X
 _65454_/X
 _65455_/X
 _65456_/X
 _65457_/Y
 _65458_/X
 _65459_/Y
 _65460_/Y
 _65461_/Y
 _65462_/Y
 _65463_/Y
 _65464_/X
 _65465_/Y
 _65466_/Y
 _65467_/X
 _65468_/X
 _65469_/Y
 _65470_/X
 _65471_/Y
 _65472_/X
 _65473_/Y
 _65474_/X
 _65475_/Y
 _65476_/X
 _65477_/X
 _65478_/X
 _65479_/X
 _65480_/X
 _65481_/Y
 _65482_/X
 _65483_/Y
 _65484_/X
 _65485_/X
 _65486_/X
 _65487_/X
 _65488_/Y
 _65489_/X
 _65490_/X
 _65491_/X
 _65492_/X
 _65493_/Y
 _65494_/X
 _65495_/Y
 _65496_/Y
 _65497_/X
 _65498_/X
 _65499_/X
 _65500_/X
 _65501_/Y
 _65502_/Y
 _65503_/X
 _65504_/X
 _65505_/X
 _65506_/X
 _65507_/Y
 _65508_/Y
 _65509_/X
 _65510_/Y
 _65511_/X
 _65512_/X
 _65513_/Y
 _65514_/X
 _65515_/X
 _65516_/Y
 _65517_/Y
 _65518_/X
 _65519_/Y
 _65520_/Y
 _65521_/X
 _65522_/Y
 _65523_/Y
 _65524_/X
 _65525_/Y
 _65526_/Y
 _65527_/X
 _65528_/Y
 _65529_/Y
 _65530_/Y
 _65531_/X
 _65532_/Y
 _65533_/X
 _65534_/Y
 _65535_/Y
 _65536_/Y
 _65537_/Y
 _65538_/X
 _65539_/X
 _65540_/Y
 _65541_/X
 _65542_/Y
 _65543_/Y
 _65544_/Y
 _65545_/X
 _65546_/X
 _65547_/Y
 _65548_/X
 _65549_/X
 _65550_/Y
 _65551_/X
 _65552_/X
 _65553_/Y
 _65554_/X
 _65555_/Y
 _65556_/Y
 _65557_/X
 _65558_/X
 _65559_/Y
 _65560_/X
 _65561_/X
 _65562_/Y
 _65563_/X
 _65564_/Y
 _65565_/X
 _65566_/Y
 _65567_/Y
 _65568_/Y
 _65569_/X
 _65570_/Y
 _65571_/X
 _65572_/X
 _65573_/Y
 _65574_/X
 _65575_/X
 _65576_/X
 _65577_/X
 _65578_/X
 _65579_/X
 _65580_/Y
 _65581_/X
 _65582_/Y
 _65583_/X
 _65584_/Y
 _65585_/Y
 _65586_/X
 _65587_/Y
 _65588_/Y
 _65589_/Y
 _65590_/Y
 _65591_/X
 _65592_/X
 _65593_/Y
 _65594_/X
 _65595_/Y
 _65596_/X
 _65597_/Y
 _65598_/Y
 _65599_/Y
 _65600_/X
 _65601_/Y
 _65602_/X
 _65603_/X
 _65604_/X
 _65605_/X
 _65606_/X
 _65607_/Y
 _65608_/X
 _65609_/Y
 _65610_/X
 _65611_/X
 _65612_/X
 _65613_/X
 _65614_/X
 _65615_/X
 _65616_/X
 _65617_/X
 _65618_/X
 _65619_/Y
 _65620_/X
 _65621_/Y
 _65622_/Y
 _65623_/X
 _65624_/X
 _65625_/X
 _65626_/X
 _65627_/Y
 _65628_/Y
 _65629_/Y
 _65630_/Y
 _65631_/Y
 _65632_/X
 _65633_/X
 _65634_/Y
 _65635_/X
 _65636_/X
 _65637_/Y
 _65638_/X
 _65639_/X
 _65640_/Y
 _65641_/Y
 _65642_/X
 _65643_/Y
 _65644_/Y
 _65645_/X
 _65646_/Y
 _65647_/Y
 _65648_/X
 _65649_/Y
 _65650_/Y
 _65651_/Y
 _65652_/Y
 _65653_/X
 _65654_/Y
 _65655_/Y
 _65656_/Y
 _65657_/X
 _65658_/Y
 _65659_/X
 _65660_/Y
 _65661_/Y
 _65662_/X
 _65663_/Y
 _65664_/X
 _65665_/X
 _65666_/X
 _65667_/Y
 _65668_/X
 _65669_/Y
 _65670_/Y
 _65671_/X
 _65672_/X
 _65673_/Y
 _65674_/Y
 _65675_/Y
 _65676_/X
 _65677_/Y
 _65678_/Y
 _65679_/X
 _65680_/X
 _65681_/Y
 _65682_/X
 _65683_/X
 _65684_/X
 _65685_/Y
 _65686_/Y
 _65687_/Y
 _65688_/X
 _65689_/Y
 _65690_/X
 _65691_/X
 _65692_/X
 _65693_/Y
 _65694_/X
 _65695_/Y
 _65696_/Y
 _65697_/Y
 _65698_/X
 _65699_/Y
 _65700_/X
 _65701_/X
 _65702_/X
 _65703_/X
 _65704_/X
 _65705_/X
 _65706_/X
 _65707_/X
 _65708_/X
 _65709_/X
 _65710_/X
 _65711_/X
 _65712_/X
 _65713_/X
 _65714_/X
 _65715_/X
 _65716_/X
 _65717_/X
 _65718_/X
 _65719_/X
 _65720_/X
 _65721_/Y
 _65722_/X
 _65723_/Y
 _65724_/X
 _65725_/X
 _65726_/X
 _65727_/Y
 _65728_/X
 _65729_/Y
 _65730_/Y
 _65731_/X
 _65732_/Y
 _65733_/X
 _65734_/Y
 _65735_/X
 _65736_/Y
 _65737_/X
 _65738_/Y
 _65739_/Y
 _65740_/Y
 _65741_/Y
 _65742_/Y
 _65743_/X
 _65744_/Y
 _65745_/X
 _65746_/Y
 _65747_/X
 _65748_/Y
 _65749_/X
 _65750_/X
 _65751_/X
 _65752_/X
 _65753_/X
 _65754_/Y
 _65755_/X
 _65756_/Y
 _65757_/X
 _65758_/X
 _65759_/X
 _65760_/X
 _65761_/X
 _65762_/X
 _65763_/X
 _65764_/X
 _65765_/X
 _65766_/Y
 _65767_/X
 _65768_/Y
 _65769_/Y
 _65770_/X
 _65771_/X
 _65772_/X
 _65773_/X
 _65774_/Y
 _65775_/Y
 _65776_/Y
 _65777_/Y
 _65778_/X
 _65779_/Y
 _65780_/Y
 _65781_/X
 _65782_/Y
 _65783_/X
 _65784_/X
 _65785_/Y
 _65786_/X
 _65787_/X
 _65788_/Y
 _65789_/Y
 _65790_/X
 _65791_/Y
 _65792_/Y
 _65793_/X
 _65794_/Y
 _65795_/Y
 _65796_/X
 _65797_/Y
 _65798_/Y
 _65799_/X
 _65800_/Y
 _65801_/X
 _65802_/Y
 _65803_/Y
 _65804_/Y
 _65805_/Y
 _65806_/X
 _65807_/Y
 _65808_/Y
 _65809_/Y
 _65810_/X
 _65811_/Y
 _65812_/X
 _65813_/Y
 _65814_/X
 _65815_/Y
 _65816_/Y
 _65817_/Y
 _65818_/X
 _65819_/Y
 _65820_/X
 _65821_/X
 _65822_/X
 _65823_/X
 _65824_/X
 _65825_/X
 _65826_/X
 _65827_/X
 _65828_/Y
 _65829_/Y
 _65830_/Y
 _65831_/Y
 _65832_/X
 _65833_/X
 _65834_/Y
 _65835_/X
 _65836_/Y
 _65837_/X
 _65838_/Y
 _65839_/X
 _65840_/X
 _65841_/X
 _65842_/X
 _65843_/X
 _65844_/Y
 _65845_/Y
 _65846_/X
 _65847_/Y
 _65848_/Y
 _65849_/X
 _65850_/Y
 _65851_/X
 _65852_/Y
 _65853_/Y
 _65854_/X
 _65855_/Y
 _65856_/X
 _65857_/X
 _65858_/X
 _65859_/Y
 _65860_/Y
 _65861_/Y
 _65862_/X
 _65863_/Y
 _65864_/X
 _65865_/X
 _65866_/X
 _65867_/Y
 _65868_/X
 _65869_/Y
 _65870_/X
 _65871_/Y
 _65872_/X
 _65873_/Y
 _65874_/X
 _65875_/X
 _65876_/X
 _65877_/Y
 _65878_/Y
 _65879_/Y
 _65880_/X
 _65881_/Y
 _65882_/X
 _65883_/X
 _65884_/Y
 _65885_/X
 _65886_/X
 _65887_/Y
 _65888_/X
 _65889_/X
 _65890_/Y
 _65891_/X
 _65892_/Y
 _65893_/X
 _65894_/X
 _65895_/X
 _65896_/X
 _65897_/X
 _65898_/Y
 _65899_/X
 _65900_/Y
 _65901_/X
 _65902_/X
 _65903_/X
 _65904_/X
 _65905_/X
 _65906_/X
 _65907_/X
 _65908_/X
 _65909_/X
 _65910_/Y
 _65911_/X
 _65912_/Y
 _65913_/Y
 _65914_/X
 _65915_/X
 _65916_/X
 _65917_/X
 _65918_/Y
 _65919_/Y
 _65920_/Y
 _65921_/Y
 _65922_/X
 _65923_/Y
 _65924_/Y
 _65925_/X
 _65926_/Y
 _65927_/X
 _65928_/X
 _65929_/Y
 _65930_/X
 _65931_/X
 _65932_/Y
 _65933_/Y
 _65934_/X
 _65935_/Y
 _65936_/Y
 _65937_/X
 _65938_/Y
 _65939_/Y
 _65940_/X
 _65941_/Y
 _65942_/Y
 _65943_/X
 _65944_/Y
 _65945_/Y
 _65946_/Y
 _65947_/X
 _65948_/Y
 _65949_/X
 _65950_/Y
 _65951_/Y
 _65952_/X
 _65953_/X
 _65954_/Y
 _65955_/X
 _65956_/X
 _65957_/X
 _65958_/X
 _65959_/Y
 _65960_/Y
 _65961_/Y
 _65962_/X
 _65963_/Y
 _65964_/X
 _65965_/X
 _65966_/Y
 _65967_/X
 _65968_/Y
 _65969_/X
 _65970_/X
 _65971_/X
 _65972_/X
 _65973_/X
 _65974_/X
 _65975_/Y
 _65976_/Y
 _65977_/X
 _65978_/X
 _65979_/X
 _65980_/X
 _65981_/X
 _65982_/Y
 _65983_/X
 _65984_/X
 _65985_/Y
 _65986_/Y
 _65987_/X
 _65988_/Y
 _65989_/X
 _65990_/Y
 _65991_/X
 _65992_/Y
 _65993_/X
 _65994_/Y
 _65995_/X
 _65996_/X
 _65997_/X
 _65998_/X
 _65999_/X
 _66000_/Y
 _66001_/X
 _66002_/X
 _66003_/X
 _66004_/Y
 _66005_/Y
 _66006_/Y
 _66007_/X
 _66008_/Y
 _66009_/X
 _66010_/X
 _66011_/X
 _66012_/Y
 _66013_/X
 _66014_/Y
 _66015_/X
 _66016_/Y
 _66017_/X
 _66018_/Y
 _66019_/X
 _66020_/X
 _66021_/Y
 _66022_/X
 _66023_/Y
 _66024_/Y
 _66025_/X
 _66026_/Y
 _66027_/Y
 _66028_/X
 _66029_/Y
 _66030_/Y
 _66031_/X
 _66032_/X
 _66033_/Y
 _66034_/X
 _66035_/Y
 _66036_/X
 _66037_/X
 _66038_/X
 _66039_/X
 _66040_/X
 _66041_/Y
 _66042_/X
 _66043_/Y
 _66044_/X
 _66045_/X
 _66046_/X
 _66047_/X
 _66048_/X
 _66049_/X
 _66050_/X
 _66051_/X
 _66052_/X
 _66053_/Y
 _66054_/X
 _66055_/Y
 _66056_/Y
 _66057_/X
 _66058_/X
 _66059_/X
 _66060_/X
 _66061_/Y
 _66062_/Y
 _66063_/Y
 _66064_/Y
 _66065_/X
 _66066_/Y
 _66067_/Y
 _66068_/Y
 _66069_/X
 _66070_/Y
 _66071_/X
 _66072_/X
 _66073_/Y
 _66074_/X
 _66075_/X
 _66076_/Y
 _66077_/Y
 _66078_/X
 _66079_/Y
 _66080_/Y
 _66081_/X
 _66082_/Y
 _66083_/Y
 _66084_/Y
 _66085_/X
 _66086_/Y
 _66087_/Y
 _66088_/Y
 _66089_/X
 _66090_/Y
 _66091_/X
 _66092_/Y
 _66093_/Y
 _66094_/Y
 _66095_/X
 _66096_/Y
 _66097_/X
 _66098_/Y
 _66099_/X
 _66100_/Y
 _66101_/X
 _66102_/Y
 _66103_/X
 _66104_/X
 _66105_/X
 _66106_/Y
 _66107_/X
 _66108_/X
 _66109_/Y
 _66110_/X
 _66111_/X
 _66112_/X
 _66113_/X
 _66114_/Y
 _66115_/Y
 _66116_/X
 _66117_/Y
 _66118_/X
 _66119_/X
 _66120_/X
 _66121_/X
 _66122_/X
 _66123_/Y
 _66124_/X
 _66125_/Y
 _66126_/Y
 _66127_/X
 _66128_/Y
 _66129_/Y
 _66130_/X
 _66131_/X
 _66132_/X
 _66133_/Y
 _66134_/X
 _66135_/Y
 _66136_/X
 _66137_/Y
 _66138_/X
 _66139_/X
 _66140_/X
 _66141_/X
 _66142_/X
 _66143_/Y
 _66144_/Y
 _66145_/X
 _66146_/X
 _66147_/Y
 _66148_/X
 _66149_/X
 _66150_/Y
 _66151_/X
 _66152_/Y
 _66153_/Y
 _66154_/Y
 _66155_/X
 _66156_/Y
 _66157_/X
 _66158_/X
 _66159_/X
 _66160_/Y
 _66161_/X
 _66162_/X
 _66163_/X
 _66164_/Y
 _66165_/Y
 _66166_/Y
 _66167_/X
 _66168_/Y
 _66169_/X
 _66170_/X
 _66171_/X
 _66172_/Y
 _66173_/X
 _66174_/Y
 _66175_/Y
 _66176_/Y
 _66177_/X
 _66178_/Y
 _66179_/X
 _66180_/X
 _66181_/Y
 _66182_/Y
 _66183_/X
 _66184_/Y
 _66185_/Y
 _66186_/X
 _66187_/Y
 _66188_/Y
 _66189_/X
 _66190_/Y
 _66191_/Y
 _66192_/Y
 _66193_/Y
 _66194_/X
 _66195_/X
 _66196_/Y
 _66197_/X
 _66198_/Y
 _66199_/X
 _66200_/X
 _66201_/X
 _66202_/X
 _66203_/X
 _66204_/Y
 _66205_/X
 _66206_/Y
 _66207_/X
 _66208_/X
 _66209_/X
 _66210_/X
 _66211_/X
 _66212_/X
 _66213_/X
 _66214_/X
 _66215_/X
 _66216_/Y
 _66217_/X
 _66218_/Y
 _66219_/Y
 _66220_/X
 _66221_/X
 _66222_/X
 _66223_/X
 _66224_/Y
 _66225_/Y
 _66226_/Y
 _66227_/Y
 _66228_/X
 _66229_/Y
 _66230_/Y
 _66231_/Y
 _66232_/X
 _66233_/Y
 _66234_/X
 _66235_/X
 _66236_/Y
 _66237_/X
 _66238_/X
 _66239_/Y
 _66240_/Y
 _66241_/X
 _66242_/Y
 _66243_/Y
 _66244_/X
 _66245_/Y
 _66246_/Y
 _66247_/Y
 _66248_/X
 _66249_/Y
 _66250_/Y
 _66251_/Y
 _66252_/X
 _66253_/Y
 _66254_/X
 _66255_/Y
 _66256_/Y
 _66257_/Y
 _66258_/X
 _66259_/Y
 _66260_/Y
 _66261_/Y
 _66262_/X
 _66263_/Y
 _66264_/Y
 _66265_/X
 _66266_/Y
 _66267_/Y
 _66268_/Y
 _66269_/X
 _66270_/X
 _66271_/X
 _66272_/Y
 _66273_/X
 _66274_/Y
 _66275_/X
 _66276_/X
 _66277_/X
 _66278_/Y
 _66279_/Y
 _66280_/Y
 _66281_/X
 _66282_/Y
 _66283_/X
 _66284_/X
 _66285_/X
 _66286_/Y
 _66287_/X
 _66288_/Y
 _66289_/Y
 _66290_/Y
 _66291_/X
 _66292_/Y
 _66293_/X
 _66294_/X
 _66295_/X
 _66296_/X
 _66297_/X
 _66298_/Y
 _66299_/X
 _66300_/Y
 _66301_/Y
 _66302_/X
 _66303_/Y
 _66304_/Y
 _66305_/X
 _66306_/Y
 _66307_/X
 _66308_/X
 _66309_/Y
 _66310_/Y
 _66311_/X
 _66312_/Y
 _66313_/X
 _66314_/X
 _66315_/X
 _66316_/X
 _66317_/X
 _66318_/Y
 _66319_/Y
 _66320_/X
 _66321_/Y
 _66322_/Y
 _66323_/Y
 _66324_/Y
 _66325_/Y
 _66326_/X
 _66327_/X
 _66328_/Y
 _66329_/Y
 _66330_/Y
 _66331_/Y
 _66332_/X
 _66333_/Y
 _66334_/Y
 _66335_/X
 _66336_/X
 _66337_/X
 _66338_/X
 _66339_/X
 _66340_/X
 _66341_/X
 _66342_/X
 _66343_/X
 _66344_/Y
 _66345_/Y
 _66346_/X
 _66347_/X
 _66348_/Y
 _66349_/Y
 _66350_/X
 _66351_/Y
 _66352_/X
 _66353_/X
 _66354_/X
 _66355_/Y
 _66356_/X
 _66357_/Y
 _66358_/Y
 _66359_/Y
 _66360_/X
 _66361_/Y
 _66362_/Y
 _66363_/Y
 _66364_/X
 _66365_/Y
 _66366_/Y
 _66367_/X
 _66368_/X
 _66369_/Y
 _66370_/Y
 _66371_/X
 _66372_/Y
 _66373_/X
 _66374_/Y
 _66375_/X
 _66376_/X
 _66377_/X
 _66378_/X
 _66379_/X
 _66380_/Y
 _66381_/X
 _66382_/Y
 _66383_/X
 _66384_/X
 _66385_/X
 _66386_/X
 _66387_/X
 _66388_/X
 _66389_/X
 _66390_/X
 _66391_/X
 _66392_/Y
 _66393_/X
 _66394_/Y
 _66395_/Y
 _66396_/X
 _66397_/X
 _66398_/X
 _66399_/X
 _66400_/Y
 _66401_/Y
 _66402_/Y
 _66403_/Y
 _66404_/X
 _66405_/Y
 _66406_/Y
 _66407_/Y
 _66408_/X
 _66409_/Y
 _66410_/X
 _66411_/X
 _66412_/Y
 _66413_/X
 _66414_/X
 _66415_/Y
 _66416_/Y
 _66417_/X
 _66418_/Y
 _66419_/Y
 _66420_/X
 _66421_/Y
 _66422_/Y
 _66423_/Y
 _66424_/X
 _66425_/Y
 _66426_/Y
 _66427_/X
 _66428_/X
 _66429_/Y
 _66430_/X
 _66431_/Y
 _66432_/Y
 _66433_/Y
 _66434_/X
 _66435_/X
 _66436_/Y
 _66437_/X
 _66438_/Y
 _66439_/Y
 _66440_/Y
 _66441_/Y
 _66442_/Y
 _66443_/Y
 _66444_/Y
 _66445_/Y
 _66446_/Y
 _66447_/X
 _66448_/Y
 _66449_/Y
 _66450_/Y
 _66451_/X
 _66452_/Y
 _66453_/X
 _66454_/X
 _66455_/X
 _66456_/X
 _66457_/X
 _66458_/Y
 _66459_/Y
 _66460_/X
 _66461_/X
 _66462_/X
 _66463_/X
 _66464_/Y
 _66465_/X
 _66466_/Y
 _66467_/Y
 _66468_/X
 _66469_/Y
 _66470_/Y
 _66471_/X
 _66472_/Y
 _66473_/X
 _66474_/X
 _66475_/Y
 _66476_/Y
 _66477_/X
 _66478_/X
 _66479_/Y
 _66480_/X
 _66481_/Y
 _66482_/Y
 _66483_/X
 _66484_/Y
 _66485_/Y
 _66486_/X
 _66487_/X
 _66488_/X
 _66489_/X
 _66490_/X
 _66491_/Y
 _66492_/X
 _66493_/X
 _66494_/Y
 _66495_/X
 _66496_/Y
 _66497_/X
 _66498_/Y
 _66499_/Y
 _66500_/X
 _66501_/X
 _66502_/Y
 _66503_/Y
 _66504_/Y
 _66505_/X
 _66506_/Y
 _66507_/X
 _66508_/X
 _66509_/X
 _66510_/Y
 _66511_/Y
 _66512_/Y
 _66513_/X
 _66514_/Y
 _66515_/X
 _66516_/X
 _66517_/X
 _66518_/Y
 _66519_/X
 _66520_/Y
 _66521_/Y
 _66522_/X
 _66523_/Y
 _66524_/X
 _66525_/Y
 _66526_/Y
 _66527_/Y
 _66528_/X
 _66529_/Y
 _66530_/Y
 _66531_/X
 _66532_/Y
 _66533_/Y
 _66534_/Y
 _66535_/X
 _66536_/Y
 _66537_/X
 _66538_/Y
 _66539_/Y
 _66540_/X
 _66541_/Y
 _66542_/X
 _66543_/Y
 _66544_/X
 _66545_/X
 _66546_/X
 _66547_/X
 _66548_/X
 _66549_/Y
 _66550_/X
 _66551_/Y
 _66552_/X
 _66553_/X
 _66554_/X
 _66555_/X
 _66556_/X
 _66557_/X
 _66558_/X
 _66559_/X
 _66560_/X
 _66561_/Y
 _66562_/X
 _66563_/Y
 _66564_/Y
 _66565_/X
 _66566_/X
 _66567_/X
 _66568_/X
 _66569_/Y
 _66570_/Y
 _66571_/Y
 _66572_/Y
 _66573_/X
 _66574_/Y
 _66575_/Y
 _66576_/Y
 _66577_/X
 _66578_/Y
 _66579_/X
 _66580_/X
 _66581_/Y
 _66582_/X
 _66583_/X
 _66584_/Y
 _66585_/Y
 _66586_/X
 _66587_/Y
 _66588_/Y
 _66589_/X
 _66590_/Y
 _66591_/Y
 _66592_/Y
 _66593_/X
 _66594_/Y
 _66595_/Y
 _66596_/Y
 _66597_/Y
 _66598_/X
 _66599_/Y
 _66600_/Y
 _66601_/X
 _66602_/X
 _66603_/Y
 _66604_/X
 _66605_/X
 _66606_/X
 _66607_/Y
 _66608_/X
 _66609_/X
 _66610_/Y
 _66611_/Y
 _66612_/Y
 _66613_/X
 _66614_/X
 _66615_/X
 _66616_/X
 _66617_/Y
 _66618_/X
 _66619_/Y
 _66620_/X
 _66621_/X
 _66622_/X
 _66623_/X
 _66624_/X
 _66625_/X
 _66626_/Y
 _66627_/X
 _66628_/Y
 _66629_/Y
 _66630_/X
 _66631_/Y
 _66632_/Y
 _66633_/X
 _66634_/X
 _66635_/Y
 _66636_/X
 _66637_/Y
 _66638_/Y
 _66639_/X
 _66640_/Y
 _66641_/X
 _66642_/Y
 _66643_/X
 _66644_/X
 _66645_/Y
 _66646_/X
 _66647_/Y
 _66648_/X
 _66649_/Y
 _66650_/Y
 _66651_/Y
 _66652_/Y
 _66653_/Y
 _66654_/Y
 _66655_/Y
 _66656_/Y
 _66657_/X
 _66658_/X
 _66659_/Y
 _66660_/Y
 _66661_/Y
 _66662_/X
 _66663_/X
 _66664_/Y
 _66665_/Y
 _66666_/X
 _66667_/Y
 _66668_/X
 _66669_/Y
 _66670_/X
 _66671_/Y
 _66672_/Y
 _66673_/X
 _66674_/X
 _66675_/X
 _66676_/X
 _66677_/Y
 _66678_/X
 _66679_/Y
 _66680_/X
 _66681_/Y
 _66682_/Y
 _66683_/X
 _66684_/Y
 _66685_/X
 _66686_/Y
 _66687_/Y
 _66688_/Y
 _66689_/X
 _66690_/X
 _66691_/Y
 _66692_/X
 _66693_/Y
 _66694_/Y
 _66695_/X
 _66696_/X
 _66697_/Y
 _66698_/X
 _66699_/Y
 _66700_/Y
 _66701_/X
 _66702_/Y
 _66703_/X
 _66704_/Y
 _66705_/X
 _66706_/Y
 _66707_/Y
 _66708_/X
 _66709_/X
 _66710_/X
 _66711_/X
 _66712_/X
 _66713_/Y
 _66714_/X
 _66715_/Y
 _66716_/Y
 _66717_/X
 _66718_/X
 _66719_/X
 _66720_/X
 _66721_/X
 _66722_/Y
 _66723_/X
 _66724_/Y
 _66725_/Y
 _66726_/Y
 _66727_/Y
 _66728_/X
 _66729_/Y
 _66730_/Y
 _66731_/X
 _66732_/Y
 _66733_/X
 _66734_/X
 _66735_/Y
 _66736_/X
 _66737_/X
 _66738_/Y
 _66739_/Y
 _66740_/X
 _66741_/Y
 _66742_/Y
 _66743_/X
 _66744_/Y
 _66745_/Y
 _66746_/Y
 _66747_/X
 _66748_/Y
 _66749_/Y
 _66750_/Y
 _66751_/Y
 _66752_/X
 _66753_/Y
 _66754_/Y
 _66755_/X
 _66756_/Y
 _66757_/X
 _66758_/X
 _66759_/X
 _66760_/Y
 _66761_/X
 _66762_/X
 _66763_/Y
 _66764_/X
 _66765_/X
 _66766_/Y
 _66767_/Y
 _66768_/Y
 _66769_/X
 _66770_/Y
 _66771_/X
 _66772_/X
 _66773_/Y
 _66774_/X
 _66775_/X
 _66776_/X
 _66777_/Y
 _66778_/Y
 _66779_/X
 _66780_/Y
 _66781_/X
 _66782_/X
 _66783_/X
 _66784_/X
 _66785_/Y
 _66786_/X
 _66787_/X
 _66788_/X
 _66789_/X
 _66790_/X
 _66791_/Y
 _66792_/Y
 _66793_/Y
 _66794_/Y
 _66795_/X
 _66796_/X
 _66797_/Y
 _66798_/Y
 _66799_/X
 _66800_/Y
 _66801_/Y
 _66802_/X
 _66803_/Y
 _66804_/X
 _66805_/X
 _66806_/X
 _66807_/Y
 _66808_/X
 _66809_/Y
 _66810_/X
 _66811_/X
 _66812_/X
 _66813_/X
 _66814_/X
 _66815_/Y
 _66816_/Y
 _66817_/Y
 _66818_/X
 _66819_/Y
 _66820_/Y
 _66821_/X
 _66822_/X
 _66823_/X
 _66824_/X
 _66825_/X
 _66826_/X
 _66827_/Y
 _66828_/X
 _66829_/Y
 _66830_/Y
 _66831_/Y
 _66832_/X
 _66833_/X
 _66834_/Y
 _66835_/Y
 _66836_/Y
 _66837_/X
 _66838_/X
 _66839_/Y
 _66840_/X
 _66841_/Y
 _66842_/Y
 _66843_/X
 _66844_/X
 _66845_/Y
 _66846_/Y
 _66847_/X
 _66848_/Y
 _66849_/Y
 _66850_/X
 _66851_/X
 _66852_/Y
 _66853_/X
 _66854_/Y
 _66855_/Y
 _66856_/X
 _66857_/X
 _66858_/X
 _66859_/Y
 _66860_/X
 _66861_/X
 _66862_/Y
 _66863_/Y
 _66864_/X
 _66865_/Y
 _66866_/Y
 _66867_/X
 _66868_/Y
 _66869_/X
 _66870_/X
 _66871_/X
 _66872_/Y
 _66873_/X
 _66874_/X
 _66875_/Y
 _66876_/X
 _66877_/Y
 _66878_/Y
 _66879_/Y
 _66880_/Y
 _66881_/Y
 _66882_/Y
 _66883_/X
 _66884_/X
 _66885_/X
 _66886_/Y
 _66887_/X
 _66888_/Y
 _66889_/Y
 _66890_/Y
 _66891_/X
 _66892_/X
 _66893_/X
 _66894_/X
 _66895_/Y
 _66896_/X
 _66897_/X
 _66898_/Y
 _66899_/Y
 _66900_/Y
 _66901_/X
 _66902_/X
 _66903_/Y
 _66904_/X
 _66905_/Y
 _66906_/Y
 _66907_/X
 _66908_/X
 _66909_/X
 _66910_/X
 _66911_/X
 _66912_/Y
 _66913_/Y
 _66914_/X
 _66915_/Y
 _66916_/Y
 _66917_/Y
 _66918_/Y
 _66919_/Y
 _66920_/X
 _66921_/Y
 _66922_/Y
 _66923_/Y
 _66924_/Y
 _66925_/Y
 _66926_/X
 _66927_/Y
 _66928_/X
 _66929_/Y
 _66930_/Y
 _66931_/X
 _66932_/Y
 _66933_/Y
 _66934_/Y
 _66935_/X
 _66936_/X
 _66937_/Y
 _66938_/X
 _66939_/X
 _66940_/Y
 _66941_/X
 _66942_/Y
 _66943_/Y
 _66944_/X
 _66945_/X
 _66946_/X
 _66947_/X
 _66948_/X
 _66949_/X
 _66950_/Y
 _66951_/Y
 _66952_/X
 _66953_/Y
 _66954_/Y
 _66955_/Y
 _66956_/X
 _66957_/X
 _66958_/Y
 _66959_/Y
 _66960_/X
 _66961_/Y
 _66962_/X
 _66963_/Y
 _66964_/X
 _66965_/X
 _66966_/X
 _66967_/X
 _66968_/X
 _66969_/X
 _66970_/Y
 _66971_/X
 _66972_/X
 _66973_/X
 _66974_/X
 _66975_/X
 _66976_/X
 _66977_/Y
 _66978_/X
 _66979_/Y
 _66980_/Y
 _66981_/Y
 _66982_/Y
 _66983_/X
 _66984_/Y
 _66985_/X
 _66986_/X
 _66987_/Y
 _66988_/X
 _66989_/Y
 _66990_/Y
 _66991_/Y
 _66992_/X
 _66993_/Y
 _66994_/Y
 _66995_/X
 _66996_/X
 _66997_/Y
 _66998_/X
 _66999_/X
 _67000_/X
 _67001_/X
 _67002_/X
 _67003_/X
 _67004_/X
 _67005_/X
 _67006_/X
 _67007_/X
 _67008_/X
 _67009_/X
 _67010_/Y
 _67011_/X
 _67012_/X
 _67013_/X
 _67014_/X
 _67015_/X
 _67016_/Y
 _67017_/Y
 _67018_/Y
 _67019_/Y
 _67020_/X
 _67021_/Y
 _67022_/X
 _67023_/X
 _67024_/Y
 _67025_/X
 _67026_/X
 _67027_/Y
 _67028_/Y
 _67029_/Y
 _67030_/X
 _67031_/Y
 _67032_/X
 _67033_/X
 _67034_/X
 _67035_/Y
 _67036_/Y
 _67037_/Y
 _67038_/Y
 _67039_/X
 _67040_/Y
 _67041_/Y
 _67042_/X
 _67043_/Y
 _67044_/Y
 _67045_/X
 _67046_/X
 _67047_/Y
 _67048_/X
 _67049_/Y
 _67050_/Y
 _67051_/X
 _67052_/Y
 _67053_/Y
 _67054_/Y
 _67055_/Y
 _67056_/X
 _67057_/Y
 _67058_/X
 _67059_/X
 _67060_/X
 _67061_/X
 _67062_/X
 _67063_/X
 _67064_/Y
 _67065_/X
 _67066_/X
 _67067_/Y
 _67068_/Y
 _67069_/Y
 _67070_/Y
 _67071_/Y
 _67072_/X
 _67073_/Y
 _67074_/X
 _67075_/Y
 _67076_/Y
 _67077_/X
 _67078_/X
 _67079_/X
 _67080_/X
 _67081_/X
 _67082_/Y
 _67083_/X
 _67084_/Y
 _67085_/X
 _67086_/Y
 _67087_/Y
 _67088_/X
 _67089_/Y
 _67090_/Y
 _67091_/Y
 _67092_/Y
 _67093_/X
 _67094_/X
 _67095_/X
 _67096_/X
 _67097_/X
 _67098_/Y
 _67099_/X
 _67100_/X
 _67101_/Y
 _67102_/Y
 _67103_/X
 _67104_/Y
 _67105_/Y
 _67106_/Y
 _67107_/X
 _67108_/Y
 _67109_/Y
 _67110_/X
 _67111_/X
 _67112_/Y
 _67113_/X
 _67114_/Y
 _67115_/Y
 _67116_/X
 _67117_/X
 _67118_/Y
 _67119_/X
 _67120_/X
 _67121_/X
 _67122_/Y
 _67123_/X
 _67124_/Y
 _67125_/Y
 _67126_/X
 _67127_/X
 _67128_/X
 _67129_/Y
 _67130_/Y
 _67131_/X
 _67132_/Y
 _67133_/X
 _67134_/X
 _67135_/X
 _67136_/X
 _67137_/X
 _67138_/Y
 _67139_/X
 _67140_/X
 _67141_/X
 _67142_/X
 _67143_/X
 _67144_/X
 _67145_/Y
 _67146_/X
 _67147_/X
 _67148_/Y
 _67149_/X
 _67150_/X
 _67151_/Y
 _67152_/Y
 _67153_/X
 _67154_/Y
 _67155_/X
 _67156_/Y
 _67157_/X
 _67158_/Y
 _67159_/Y
 _67160_/Y
 _67161_/Y
 _67162_/Y
 _67163_/X
 _67164_/Y
 _67165_/Y
 _67166_/X
 _67167_/Y
 _67168_/X
 _67169_/X
 _67170_/X
 _67171_/X
 _67172_/X
 _67173_/Y
 _67174_/Y
 _67175_/X
 _67176_/Y
 _67177_/X
 _67178_/X
 _67179_/Y
 _67180_/Y
 _67181_/X
 _67182_/Y
 _67183_/Y
 _67184_/X
 _67185_/Y
 _67186_/X
 _67187_/X
 _67188_/Y
 _67189_/X
 _67190_/X
 _67191_/Y
 _67192_/X
 _67193_/X
 _67194_/X
 _67195_/Y
 _67196_/Y
 _67197_/Y
 _67198_/X
 _67199_/Y
 _67200_/X
 _67201_/X
 _67202_/X
 _67203_/Y
 _67204_/X
 _67205_/Y
 _67206_/Y
 _67207_/Y
 _67208_/X
 _67209_/X
 _67210_/Y
 _67211_/X
 _67212_/Y
 _67213_/Y
 _67214_/Y
 _67215_/Y
 _67216_/X
 _67217_/Y
 _67218_/X
 _67219_/X
 _67220_/Y
 _67221_/Y
 _67222_/Y
 _67223_/X
 _67224_/Y
 _67225_/X
 _67226_/X
 _67227_/X
 _67228_/X
 _67229_/Y
 _67230_/X
 _67231_/X
 _67232_/X
 _67233_/Y
 _67234_/Y
 _67235_/X
 _67236_/Y
 _67237_/Y
 _67238_/X
 _67239_/X
 _67240_/X
 _67241_/X
 _67242_/Y
 _67243_/X
 _67244_/Y
 _67245_/Y
 _67246_/X
 _67247_/X
 _67248_/X
 _67249_/X
 _67250_/Y
 _67251_/X
 _67252_/Y
 _67253_/X
 _67254_/Y
 _67255_/X
 _67256_/Y
 _67257_/X
 _67258_/Y
 _67259_/X
 _67260_/Y
 _67261_/X
 _67262_/X
 _67263_/X
 _67264_/Y
 _67265_/X
 _67266_/Y
 _67267_/Y
 _67268_/X
 _67269_/Y
 _67270_/X
 _67271_/Y
 _67272_/Y
 _67273_/X
 _67274_/Y
 _67275_/X
 _67276_/X
 _67277_/Y
 _67278_/Y
 _67279_/Y
 _67280_/X
 _67281_/Y
 _67282_/X
 _67283_/X
 _67284_/X
 _67285_/Y
 _67286_/X
 _67287_/Y
 _67288_/Y
 _67289_/Y
 _67290_/X
 _67291_/X
 _67292_/Y
 _67293_/X
 _67294_/Y
 _67295_/Y
 _67296_/X
 _67297_/Y
 _67298_/Y
 _67299_/Y
 _67300_/X
 _67301_/Y
 _67302_/X
 _67303_/X
 _67304_/X
 _67305_/Y
 _67306_/X
 _67307_/Y
 _67308_/X
 _67309_/X
 _67310_/X
 _67311_/X
 _67312_/X
 _67313_/Y
 _67314_/X
 _67315_/X
 _67316_/X
 _67317_/X
 _67318_/Y
 _67319_/Y
 _67320_/X
 _67321_/Y
 _67322_/X
 _67323_/X
 _67324_/Y
 _67325_/X
 _67326_/X
 _67327_/Y
 _67328_/Y
 _67329_/X
 _67330_/Y
 _67331_/X
 _67332_/Y
 _67333_/X
 _67334_/Y
 _67335_/Y
 _67336_/X
 _67337_/X
 _67338_/Y
 _67339_/Y
 _67340_/X
 _67341_/Y
 _67342_/X
 _67343_/X
 _67344_/X
 _67345_/X
 _67346_/X
 _67347_/Y
 _67348_/Y
 _67349_/X
 _67350_/Y
 _67351_/X
 _67352_/X
 _67353_/Y
 _67354_/Y
 _67355_/X
 _67356_/X
 _67357_/X
 _67358_/X
 _67359_/X
 _67360_/X
 _67361_/Y
 _67362_/X
 _67363_/X
 _67364_/X
 _67365_/Y
 _67366_/Y
 _67367_/Y
 _67368_/X
 _67369_/Y
 _67370_/X
 _67371_/X
 _67372_/X
 _67373_/Y
 _67374_/X
 _67375_/Y
 _67376_/Y
 _67377_/Y
 _67378_/X
 _67379_/X
 _67380_/Y
 _67381_/X
 _67382_/Y
 _67383_/Y
 _67384_/Y
 _67385_/X
 _67386_/Y
 _67387_/X
 _67388_/Y
 _67389_/Y
 _67390_/X
 _67391_/Y
 _67392_/X
 _67393_/Y
 _67394_/Y
 _67395_/X
 _67396_/Y
 _67397_/X
 _67398_/Y
 _67399_/X
 _67400_/X
 _67401_/X
 _67402_/X
 _67403_/X
 _67404_/Y
 _67405_/X
 _67406_/Y
 _67407_/X
 _67408_/X
 _67409_/X
 _67410_/X
 _67411_/X
 _67412_/X
 _67413_/X
 _67414_/X
 _67415_/X
 _67416_/Y
 _67417_/X
 _67418_/Y
 _67419_/Y
 _67420_/X
 _67421_/X
 _67422_/X
 _67423_/X
 _67424_/Y
 _67425_/Y
 _67426_/Y
 _67427_/Y
 _67428_/X
 _67429_/Y
 _67430_/Y
 _67431_/Y
 _67432_/Y
 _67433_/X
 _67434_/Y
 _67435_/Y
 _67436_/Y
 _67437_/X
 _67438_/Y
 _67439_/Y
 _67440_/X
 _67441_/Y
 _67442_/Y
 _67443_/X
 _67444_/X
 _67445_/X
 _67446_/X
 _67447_/Y
 _67448_/Y
 _67449_/Y
 _67450_/Y
 _67451_/Y
 _67452_/Y
 _67453_/X
 _67454_/Y
 _67455_/Y
 _67456_/Y
 _67457_/X
 _67458_/X
 _67459_/Y
 _67460_/Y
 _67461_/Y
 _67462_/X
 _67463_/X
 _67464_/Y
 _67465_/X
 _67466_/Y
 _67467_/Y
 _67468_/X
 _67469_/Y
 _67470_/X
 _67471_/X
 _67472_/Y
 _67473_/X
 _67474_/Y
 _67475_/Y
 _67476_/Y
 _67477_/Y
 _67478_/Y
 _67479_/X
 _67480_/Y
 _67481_/Y
 _67482_/X
 _67483_/Y
 _67484_/X
 _67485_/X
 _67486_/X
 _67487_/X
 _67488_/X
 _67489_/Y
 _67490_/X
 _67491_/X
 _67492_/X
 _67493_/X
 _67494_/X
 _67495_/X
 _67496_/Y
 _67497_/X
 _67498_/X
 _67499_/Y
 _67500_/X
 _67501_/X
 _67502_/Y
 _67503_/Y
 _67504_/Y
 _67505_/Y
 _67506_/Y
 _67507_/X
 _67508_/Y
 _67509_/Y
 _67510_/Y
 _67511_/X
 _67512_/Y
 _67513_/Y
 _67514_/X
 _67515_/Y
 _67516_/X
 _67517_/X
 _67518_/X
 _67519_/X
 _67520_/X
 _67521_/Y
 _67522_/Y
 _67523_/X
 _67524_/X
 _67525_/Y
 _67526_/X
 _67527_/X
 _67528_/Y
 _67529_/Y
 _67530_/X
 _67531_/Y
 _67532_/Y
 _67533_/X
 _67534_/Y
 _67535_/X
 _67536_/Y
 _67537_/X
 _67538_/X
 _67539_/X
 _67540_/Y
 _67541_/Y
 _67542_/Y
 _67543_/X
 _67544_/Y
 _67545_/X
 _67546_/X
 _67547_/X
 _67548_/Y
 _67549_/X
 _67550_/Y
 _67551_/Y
 _67552_/Y
 _67553_/X
 _67554_/Y
 _67555_/X
 _67556_/X
 _67557_/Y
 _67558_/Y
 _67559_/Y
 _67560_/X
 _67561_/Y
 _67562_/X
 _67563_/Y
 _67564_/X
 _67565_/Y
 _67566_/X
 _67567_/Y
 _67568_/X
 _67569_/Y
 _67570_/X
 _67571_/X
 _67572_/X
 _67573_/X
 _67574_/X
 _67575_/Y
 _67576_/X
 _67577_/Y
 _67578_/X
 _67579_/X
 _67580_/X
 _67581_/X
 _67582_/X
 _67583_/X
 _67584_/X
 _67585_/X
 _67586_/X
 _67587_/Y
 _67588_/X
 _67589_/Y
 _67590_/Y
 _67591_/X
 _67592_/X
 _67593_/X
 _67594_/X
 _67595_/X
 _67596_/X
 _67597_/Y
 _67598_/Y
 _67599_/Y
 _67600_/X
 _67601_/Y
 _67602_/X
 _67603_/Y
 _67604_/Y
 _67605_/Y
 _67606_/Y
 _67607_/X
 _67608_/X
 _67609_/X
 _67610_/X
 _67611_/Y
 _67612_/X
 _67613_/X
 _67614_/X
 _67615_/X
 _67616_/X
 _67617_/Y
 _67618_/Y
 _67619_/X
 _67620_/Y
 _67621_/Y
 _67622_/Y
 _67623_/X
 _67624_/Y
 _67625_/Y
 _67626_/Y
 _67627_/X
 _67628_/Y
 _67629_/X
 _67630_/X
 _67631_/X
 _67632_/X
 _67633_/Y
 _67634_/Y
 _67635_/X
 _67636_/Y
 _67637_/X
 _67638_/Y
 _67639_/Y
 _67640_/X
 _67641_/X
 _67642_/Y
 _67643_/X
 _67644_/Y
 _67645_/X
 _67646_/X
 _67647_/X
 _67648_/X
 _67649_/X
 _67650_/Y
 _67651_/X
 _67652_/X
 _67653_/X
 _67654_/X
 _67655_/X
 _67656_/X
 _67657_/Y
 _67658_/X
 _67659_/Y
 _67660_/Y
 _67661_/Y
 _67662_/Y
 _67663_/X
 _67664_/Y
 _67665_/X
 _67666_/X
 _67667_/Y
 _67668_/X
 _67669_/Y
 _67670_/Y
 _67671_/Y
 _67672_/Y
 _67673_/Y
 _67674_/X
 _67675_/Y
 _67676_/X
 _67677_/X
 _67678_/X
 _67679_/X
 _67680_/X
 _67681_/Y
 _67682_/Y
 _67683_/X
 _67684_/X
 _67685_/X
 _67686_/Y
 _67687_/X
 _67688_/X
 _67689_/Y
 _67690_/Y
 _67691_/X
 _67692_/X
 _67693_/X
 _67694_/X
 _67695_/X
 _67696_/X
 _67697_/Y
 _67698_/X
 _67699_/X
 _67700_/X
 _67701_/Y
 _67702_/Y
 _67703_/Y
 _67704_/X
 _67705_/Y
 _67706_/X
 _67707_/X
 _67708_/X
 _67709_/Y
 _67710_/X
 _67711_/Y
 _67712_/Y
 _67713_/Y
 _67714_/X
 _67715_/Y
 _67716_/X
 _67717_/X
 _67718_/Y
 _67719_/Y
 _67720_/Y
 _67721_/X
 _67722_/Y
 _67723_/X
 _67724_/X
 _67725_/Y
 _67726_/Y
 _67727_/X
 _67728_/Y
 _67729_/Y
 _67730_/X
 _67731_/Y
 _67732_/X
 _67733_/Y
 _67734_/X
 _67735_/X
 _67736_/X
 _67737_/X
 _67738_/X
 _67739_/Y
 _67740_/X
 _67741_/Y
 _67742_/X
 _67743_/X
 _67744_/X
 _67745_/X
 _67746_/X
 _67747_/Y
 _67748_/X
 _67749_/X
 _67750_/X
 _67751_/X
 _67752_/X
 _67753_/Y
 _67754_/X
 _67755_/Y
 _67756_/X
 _67757_/X
 _67758_/X
 _67759_/X
 _67760_/Y
 _67761_/X
 _67762_/X
 _67763_/X
 _67764_/Y
 _67765_/X
 _67766_/Y
 _67767_/Y
 _67768_/Y
 _67769_/X
 _67770_/X
 _67771_/Y
 _67772_/Y
 _67773_/Y
 _67774_/Y
 _67775_/Y
 _67776_/X
 _67777_/Y
 _67778_/Y
 _67779_/X
 _67780_/Y
 _67781_/X
 _67782_/X
 _67783_/X
 _67784_/Y
 _67785_/Y
 _67786_/X
 _67787_/X
 _67788_/X
 _67789_/X
 _67790_/Y
 _67791_/Y
 _67792_/Y
 _67793_/Y
 _67794_/Y
 _67795_/Y
 _67796_/Y
 _67797_/Y
 _67798_/X
 _67799_/X
 _67800_/X
 _67801_/Y
 _67802_/X
 _67803_/Y
 _67804_/X
 _67805_/X
 _67806_/X
 _67807_/X
 _67808_/X
 _67809_/X
 _67810_/Y
 _67811_/X
 _67812_/X
 _67813_/X
 _67814_/X
 _67815_/X
 _67816_/X
 _67817_/Y
 _67818_/X
 _67819_/Y
 _67820_/Y
 _67821_/Y
 _67822_/Y
 _67823_/X
 _67824_/Y
 _67825_/X
 _67826_/X
 _67827_/Y
 _67828_/X
 _67829_/Y
 _67830_/Y
 _67831_/Y
 _67832_/Y
 _67833_/Y
 _67834_/X
 _67835_/Y
 _67836_/X
 _67837_/X
 _67838_/X
 _67839_/X
 _67840_/X
 _67841_/Y
 _67842_/Y
 _67843_/X
 _67844_/X
 _67845_/X
 _67846_/Y
 _67847_/X
 _67848_/X
 _67849_/Y
 _67850_/Y
 _67851_/X
 _67852_/X
 _67853_/X
 _67854_/X
 _67855_/X
 _67856_/Y
 _67857_/X
 _67858_/X
 _67859_/X
 _67860_/Y
 _67861_/Y
 _67862_/Y
 _67863_/X
 _67864_/Y
 _67865_/X
 _67866_/X
 _67867_/X
 _67868_/Y
 _67869_/X
 _67870_/Y
 _67871_/Y
 _67872_/Y
 _67873_/X
 _67874_/Y
 _67875_/X
 _67876_/X
 _67877_/Y
 _67878_/Y
 _67879_/Y
 _67880_/X
 _67881_/Y
 _67882_/X
 _67883_/Y
 _67884_/X
 _67885_/Y
 _67886_/X
 _67887_/Y
 _67888_/X
 _67889_/Y
 _67890_/X
 _67891_/X
 _67892_/X
 _67893_/X
 _67894_/Y
 _67895_/X
 _67896_/Y
 _67897_/X
 _67898_/X
 _67899_/X
 _67900_/X
 _67901_/X
 _67902_/X
 _67903_/X
 _67904_/X
 _67905_/X
 _67906_/Y
 _67907_/X
 _67908_/Y
 _67909_/X
 _67910_/Y
 _67911_/X
 _67912_/X
 _67913_/Y
 _67914_/Y
 _67915_/X
 _67916_/Y
 _67917_/X
 _67918_/Y
 _67919_/X
 _67920_/Y
 _67921_/Y
 _67922_/X
 _67923_/Y
 _67924_/X
 _67925_/Y
 _67926_/X
 _67927_/X
 _67928_/Y
 _67929_/X
 _67930_/X
 _67931_/Y
 _67932_/X
 _67933_/X
 _67934_/Y
 _67935_/Y
 _67936_/X
 _67937_/X
 _67938_/Y
 _67939_/Y
 _67940_/X
 _67941_/X
 _67942_/Y
 _67943_/Y
 _67944_/X
 _67945_/X
 _67946_/X
 _67947_/X
 _67948_/X
 _67949_/Y
 _67950_/Y
 _67951_/X
 _67952_/X
 _67953_/X
 _67954_/X
 _67955_/X
 _67956_/Y
 _67957_/X
 _67958_/X
 _67959_/Y
 _67960_/Y
 _67961_/Y
 _67962_/X
 _67963_/Y
 _67964_/X
 _67965_/X
 _67966_/Y
 _67967_/Y
 _67968_/X
 _67969_/X
 _67970_/X
 _67971_/Y
 _67972_/X
 _67973_/X
 _67974_/X
 _67975_/X
 _67976_/X
 _67977_/Y
 _67978_/Y
 _67979_/X
 _67980_/Y
 _67981_/Y
 _67982_/Y
 _67983_/Y
 _67984_/Y
 _67985_/X
 _67986_/Y
 _67987_/X
 _67988_/X
 _67989_/X
 _67990_/Y
 _67991_/Y
 _67992_/Y
 _67993_/X
 _67994_/X
 _67995_/X
 _67996_/Y
 _67997_/X
 _67998_/X
 _67999_/X
 _68000_/Y
 _68001_/X
 _68002_/Y
 _68003_/Y
 _68004_/Y
 _68005_/X
 _68006_/Y
 _68007_/X
 _68008_/X
 _68009_/X
 _68010_/Y
 _68011_/Y
 _68012_/X
 _68013_/Y
 _68014_/Y
 _68015_/Y
 _68016_/X
 _68017_/Y
 _68018_/Y
 _68019_/Y
 _68020_/Y
 _68021_/Y
 _68022_/Y
 _68023_/Y
 _68024_/X
 _68025_/Y
 _68026_/Y
 _68027_/Y
 _68028_/X
 _68029_/Y
 _68030_/Y
 _68031_/X
 _68032_/Y
 _68033_/X
 _68034_/Y
 _68035_/Y
 _68036_/Y
 _68037_/X
 _68038_/Y
 _68039_/Y
 _68040_/X
 _68041_/Y
 _68042_/X
 _68043_/X
 _68044_/Y
 _68045_/Y
 _68046_/Y
 _68047_/Y
 _68048_/X
 _68049_/Y
 _68050_/Y
 _68051_/X
 _68052_/X
 _68053_/X
 _68054_/Y
 _68055_/X
 _68056_/Y
 _68057_/X
 _68058_/X
 _68059_/X
 _68060_/X
 _68061_/X
 _68062_/X
 _68063_/Y
 _68064_/X
 _68065_/X
 _68066_/X
 _68067_/X
 _68068_/Y
 _68069_/X
 _68070_/X
 _68071_/Y
 _68072_/Y
 _68073_/Y
 _68074_/X
 _68075_/X
 _68076_/X
 _68077_/X
 _68078_/X
 _68079_/Y
 _68080_/X
 _68081_/Y
 _68082_/X
 _68083_/X
 _68084_/Y
 _68085_/Y
 _68086_/Y
 _68087_/X
 _68088_/Y
 _68089_/Y
 _68090_/X
 _68091_/X
 _68092_/Y
 _68093_/X
 _68094_/X
 _68095_/Y
 _68096_/Y
 _68097_/Y
 _68098_/X
 _68099_/X
 _68100_/X
 _68101_/Y
 _68102_/X
 _68103_/Y
 _68104_/X
 _68105_/X
 _68106_/X
 _68107_/X
 _68108_/X
 _68109_/X
 _68110_/X
 _68111_/X
 _68112_/X
 _68113_/Y
 _68114_/X
 _68115_/X
 _68116_/X
 _68117_/X
 _68118_/X
 _68119_/X
 _68120_/Y
 _68121_/X
 _68122_/Y
 _68123_/Y
 _68124_/Y
 _68125_/Y
 _68126_/X
 _68127_/Y
 _68128_/X
 _68129_/X
 _68130_/Y
 _68131_/X
 _68132_/Y
 _68133_/Y
 _68134_/Y
 _68135_/Y
 _68136_/Y
 _68137_/X
 _68138_/Y
 _68139_/X
 _68140_/X
 _68141_/X
 _68142_/X
 _68143_/X
 _68144_/Y
 _68145_/Y
 _68146_/X
 _68147_/X
 _68148_/X
 _68149_/Y
 _68150_/X
 _68151_/X
 _68152_/Y
 _68153_/Y
 _68154_/X
 _68155_/X
 _68156_/X
 _68157_/X
 _68158_/X
 _68159_/X
 _68160_/Y
 _68161_/X
 _68162_/X
 _68163_/X
 _68164_/Y
 _68165_/Y
 _68166_/Y
 _68167_/X
 _68168_/Y
 _68169_/X
 _68170_/X
 _68171_/X
 _68172_/X
 _68173_/Y
 _68174_/X
 _68175_/Y
 _68176_/Y
 _68177_/Y
 _68178_/X
 _68179_/Y
 _68180_/X
 _68181_/X
 _68182_/Y
 _68183_/Y
 _68184_/Y
 _68185_/X
 _68186_/Y
 _68187_/X
 _68188_/Y
 _68189_/X
 _68190_/Y
 _68191_/X
 _68192_/X
 _68193_/X
 _68194_/Y
 _68195_/X
 _68196_/Y
 _68197_/X
 _68198_/X
 _68199_/X
 _68200_/X
 _68201_/X
 _68202_/X
 _68203_/X
 _68204_/X
 _68205_/X
 _68206_/X
 _68207_/X
 _68208_/X
 _68209_/X
 _68210_/X
 _68211_/X
 _68212_/X
 _68213_/Y
 _68214_/X
 _68215_/X
 _68216_/X
 _68217_/Y
 _68218_/Y
 _68219_/Y
 _68220_/Y
 _68221_/X
 _68222_/Y
 _68223_/X
 _68224_/X
 _68225_/Y
 _68226_/X
 _68227_/Y
 _68228_/Y
 _68229_/X
 _68230_/Y
 _68231_/X
 _68232_/Y
 _68233_/Y
 _68234_/X
 _68235_/X
 _68236_/X
 _68237_/Y
 _68238_/Y
 _68239_/Y
 _68240_/X
 _68241_/X
 _68242_/X
 _68243_/X
 _68244_/X
 _68245_/Y
 _68246_/X
 _68247_/X
 _68248_/X
 _68249_/X
 _68250_/X
 _68251_/X
 _68252_/Y
 _68253_/X
 _68254_/Y
 _68255_/Y
 _68256_/Y
 _68257_/Y
 _68258_/X
 _68259_/Y
 _68260_/X
 _68261_/X
 _68262_/Y
 _68263_/X
 _68264_/Y
 _68265_/X
 _68266_/X
 _68267_/X
 _68268_/Y
 _68269_/X
 _68270_/X
 _68271_/Y
 _68272_/Y
 _68273_/X
 _68274_/Y
 _68275_/Y
 _68276_/Y
 _68277_/Y
 _68278_/X
 _68279_/X
 _68280_/X
 _68281_/Y
 _68282_/X
 _68283_/X
 _68284_/Y
 _68285_/Y
 _68286_/X
 _68287_/X
 _68288_/X
 _68289_/X
 _68290_/X
 _68291_/Y
 _68292_/X
 _68293_/X
 _68294_/X
 _68295_/Y
 _68296_/Y
 _68297_/Y
 _68298_/X
 _68299_/X
 _68300_/X
 _68301_/X
 _68302_/X
 _68303_/Y
 _68304_/Y
 _68305_/Y
 _68306_/Y
 _68307_/X
 _68308_/Y
 _68309_/X
 _68310_/X
 _68311_/Y
 _68312_/Y
 _68313_/Y
 _68314_/X
 _68315_/Y
 _68316_/X
 _68317_/Y
 _68318_/X
 _68319_/Y
 _68320_/X
 _68321_/Y
 _68322_/X
 _68323_/Y
 _68324_/X
 _68325_/X
 _68326_/Y
 _68327_/X
 _68328_/Y
 _68329_/X
 _68330_/X
 _68331_/X
 _68332_/X
 _68333_/Y
 _68334_/Y
 _68335_/X
 _68336_/Y
 _68337_/X
 _68338_/Y
 _68339_/Y
 _68340_/X
 _68341_/Y
 _68342_/Y
 _68343_/Y
 _68344_/Y
 _68345_/Y
 _68346_/Y
 _68347_/X
 _68348_/Y
 _68349_/X
 _68350_/Y
 _68351_/Y
 _68352_/X
 _68353_/Y
 _68354_/Y
 _68355_/Y
 _68356_/X
 _68357_/Y
 _68358_/Y
 _68359_/Y
 _68360_/X
 _68361_/Y
 _68362_/X
 _68363_/X
 _68364_/X
 _68365_/X
 _68366_/Y
 _68367_/X
 _68368_/Y
 _68369_/Y
 _68370_/X
 _68371_/X
 _68372_/X
 _68373_/X
 _68374_/Y
 _68375_/Y
 _68376_/Y
 _68377_/Y
 _68378_/X
 _68379_/X
 _68380_/Y
 _68381_/X
 _68382_/X
 _68383_/X
 _68384_/X
 _68385_/Y
 _68386_/Y
 _68387_/X
 _68388_/X
 _68389_/Y
 _68390_/X
 _68391_/X
 _68392_/Y
 _68393_/Y
 _68394_/Y
 _68395_/X
 _68396_/Y
 _68397_/X
 _68398_/Y
 _68399_/Y
 _68400_/X
 _68401_/X
 _68402_/X
 _68403_/X
 _68404_/X
 _68405_/Y
 _68406_/Y
 _68407_/X
 _68408_/Y
 _68409_/Y
 _68410_/Y
 _68411_/Y
 _68412_/Y
 _68413_/X
 _68414_/Y
 _68415_/X
 _68416_/X
 _68417_/Y
 _68418_/X
 _68419_/Y
 _68420_/X
 _68421_/Y
 _68422_/X
 _68423_/X
 _68424_/X
 _68425_/X
 _68426_/Y
 _68427_/X
 _68428_/X
 _68429_/X
 _68430_/X
 _68431_/Y
 _68432_/X
 _68433_/X
 _68434_/Y
 _68435_/Y
 _68436_/Y
 _68437_/X
 _68438_/X
 _68439_/X
 _68440_/X
 _68441_/Y
 _68442_/Y
 _68443_/X
 _68444_/Y
 _68445_/X
 _68446_/Y
 _68447_/Y
 _68448_/X
 _68449_/Y
 _68450_/Y
 _68451_/X
 _68452_/X
 _68453_/X
 _68454_/X
 _68455_/X
 _68456_/Y
 _68457_/X
 _68458_/Y
 _68459_/X
 _68460_/Y
 _68461_/X
 _68462_/X
 _68463_/X
 _68464_/Y
 _68465_/X
 _68466_/Y
 _68467_/Y
 _68468_/Y
 _68469_/X
 _68470_/Y
 _68471_/X
 _68472_/Y
 _68473_/X
 _68474_/Y
 _68475_/Y
 _68476_/X
 _68477_/Y
 _68478_/Y
 _68479_/Y
 _68480_/Y
 _68481_/X
 _68482_/X
 _68483_/X
 _68484_/Y
 _68485_/Y
 _68486_/X
 _68487_/Y
 _68488_/Y
 _68489_/X
 _68490_/X
 _68491_/X
 _68492_/Y
 _68493_/Y
 _68494_/X
 _68495_/Y
 _68496_/X
 _68497_/Y
 _68498_/X
 _68499_/X
 _68500_/X
 _68501_/X
 _68502_/X
 _68503_/X
 _68504_/Y
 _68505_/Y
 _68506_/Y
 _68507_/X
 _68508_/Y
 _68509_/Y
 _68510_/Y
 _68511_/Y
 _68512_/Y
 _68513_/X
 _68514_/X
 _68515_/X
 _68516_/X
 _68517_/Y
 _68518_/X
 _68519_/Y
 _68520_/Y
 _68521_/X
 _68522_/Y
 _68523_/X
 _68524_/X
 _68525_/X
 _68526_/X
 _68527_/Y
 _68528_/Y
 _68529_/Y
 _68530_/Y
 _68531_/X
 _68532_/Y
 _68533_/X
 _68534_/X
 _68535_/Y
 _68536_/Y
 _68537_/X
 _68538_/X
 _68539_/Y
 _68540_/Y
 _68541_/X
 _68542_/X
 _68543_/X
 _68544_/Y
 _68545_/X
 _68546_/Y
 _68547_/X
 _68548_/Y
 _68549_/X
 _68550_/X
 _68551_/X
 _68552_/X
 _68553_/Y
 _68554_/X
 _68555_/X
 _68556_/X
 _68557_/X
 _68558_/Y
 _68559_/X
 _68560_/Y
 _68561_/Y
 _68562_/Y
 _68563_/X
 _68564_/Y
 _68565_/X
 _68566_/X
 _68567_/X
 _68568_/X
 _68569_/Y
 _68570_/X
 _68571_/X
 _68572_/Y
 _68573_/Y
 _68574_/Y
 _68575_/Y
 _68576_/X
 _68577_/Y
 _68578_/X
 _68579_/Y
 _68580_/X
 _68581_/X
 _68582_/Y
 _68583_/Y
 _68584_/X
 _68585_/Y
 _68586_/X
 _68587_/Y
 _68588_/Y
 _68589_/Y
 _68590_/Y
 _68591_/X
 _68592_/X
 _68593_/X
 _68594_/X
 _68595_/Y
 _68596_/Y
 _68597_/X
 _68598_/Y
 _68599_/X
 _68600_/X
 _68601_/Y
 _68602_/X
 _68603_/X
 _68604_/Y
 _68605_/Y
 _68606_/Y
 _68607_/X
 _68608_/X
 _68609_/Y
 _68610_/Y
 _68611_/Y
 _68612_/X
 _68613_/X
 _68614_/X
 _68615_/X
 _68616_/X
 _68617_/Y
 _68618_/Y
 _68619_/Y
 _68620_/X
 _68621_/Y
 _68622_/Y
 _68623_/Y
 _68624_/Y
 _68625_/Y
 _68626_/X
 _68627_/Y
 _68628_/X
 _68629_/X
 _68630_/X
 _68631_/Y
 _68632_/Y
 _68633_/Y
 _68634_/X
 _68635_/Y
 _68636_/X
 _68637_/X
 _68638_/X
 _68639_/X
 _68640_/Y
 _68641_/Y
 _68642_/X
 _68643_/Y
 _68644_/Y
 _68645_/X
 _68646_/Y
 _68647_/X
 _68648_/X
 _68649_/X
 _68650_/X
 _68651_/X
 _68652_/X
 _68653_/Y
 _68654_/Y
 _68655_/X
 _68656_/Y
 _68657_/X
 _68658_/Y
 _68659_/X
 _68660_/X
 _68661_/Y
 _68662_/X
 _68663_/Y
 _68664_/X
 _68665_/X
 _68666_/Y
 _68667_/X
 _68668_/Y
 _68669_/X
 _68670_/Y
 _68671_/X
 _68672_/X
 _68673_/X
 _68674_/X
 _68675_/Y
 _68676_/X
 _68677_/X
 _68678_/X
 _68679_/X
 _68680_/Y
 _68681_/X
 _68682_/X
 _68683_/Y
 _68684_/Y
 _68685_/Y
 _68686_/X
 _68687_/Y
 _68688_/X
 _68689_/Y
 _68690_/X
 _68691_/X
 _68692_/Y
 _68693_/X
 _68694_/Y
 _68695_/X
 _68696_/X
 _68697_/X
 _68698_/X
 _68699_/X
 _68700_/Y
 _68701_/Y
 _68702_/Y
 _68703_/X
 _68704_/X
 _68705_/X
 _68706_/X
 _68707_/Y
 _68708_/X
 _68709_/X
 _68710_/Y
 _68711_/X
 _68712_/X
 _68713_/X
 _68714_/Y
 _68715_/Y
 _68716_/X
 _68717_/Y
 _68718_/Y
 _68719_/X
 _68720_/X
 _68721_/X
 _68722_/Y
 _68723_/Y
 _68724_/X
 _68725_/Y
 _68726_/X
 _68727_/Y
 _68728_/X
 _68729_/X
 _68730_/X
 _68731_/X
 _68732_/X
 _68733_/Y
 _68734_/Y
 _68735_/X
 _68736_/Y
 _68737_/Y
 _68738_/Y
 _68739_/X
 _68740_/Y
 _68741_/X
 _68742_/X
 _68743_/Y
 _68744_/X
 _68745_/X
 _68746_/X
 _68747_/Y
 _68748_/Y
 _68749_/Y
 _68750_/X
 _68751_/X
 _68752_/X
 _68753_/X
 _68754_/Y
 _68755_/Y
 _68756_/Y
 _68757_/X
 _68758_/Y
 _68759_/X
 _68760_/Y
 _68761_/X
 _68762_/X
 _68763_/Y
 _68764_/X
 _68765_/X
 _68766_/X
 _68767_/X
 _68768_/Y
 _68769_/Y
 _68770_/Y
 _68771_/Y
 _68772_/X
 _68773_/Y
 _68774_/Y
 _68775_/Y
 _68776_/Y
 _68777_/Y
 _68778_/X
 _68779_/Y
 _68780_/X
 _68781_/Y
 _68782_/Y
 _68783_/Y
 _68784_/X
 _68785_/Y
 _68786_/X
 _68787_/X
 _68788_/Y
 _68789_/X
 _68790_/Y
 _68791_/X
 _68792_/X
 _68793_/Y
 _68794_/X
 _68795_/X
 _68796_/X
 _68797_/X
 _68798_/X
 _68799_/Y
 _68800_/X
 _68801_/Y
 _68802_/Y
 _68803_/Y
 _68804_/X
 _68805_/X
 _68806_/X
 _68807_/Y
 _68808_/X
 _68809_/X
 _68810_/Y
 _68811_/Y
 _68812_/Y
 _68813_/X
 _68814_/X
 _68815_/X
 _68816_/X
 _68817_/Y
 _68818_/Y
 _68819_/X
 _68820_/X
 _68821_/Y
 _68822_/X
 _68823_/Y
 _68824_/X
 _68825_/Y
 _68826_/X
 _68827_/X
 _68828_/X
 _68829_/Y
 _68830_/Y
 _68831_/X
 _68832_/Y
 _68833_/X
 _68834_/Y
 _68835_/X
 _68836_/X
 _68837_/X
 _68838_/X
 _68839_/X
 _68840_/Y
 _68841_/Y
 _68842_/X
 _68843_/Y
 _68844_/Y
 _68845_/Y
 _68846_/Y
 _68847_/X
 _68848_/Y
 _68849_/Y
 _68850_/X
 _68851_/X
 _68852_/X
 _68853_/X
 _68854_/X
 _68855_/X
 _68856_/X
 _68857_/X
 _68858_/Y
 _68859_/X
 _68860_/Y
 _68861_/X
 _68862_/X
 _68863_/Y
 _68864_/X
 _68865_/Y
 _68866_/Y
 _68867_/Y
 _68868_/X
 _68869_/Y
 _68870_/Y
 _68871_/Y
 _68872_/Y
 _68873_/X
 _68874_/X
 _68875_/X
 _68876_/Y
 _68877_/X
 _68878_/X
 _68879_/X
 _68880_/X
 _68881_/Y
 _68882_/X
 _68883_/X
 _68884_/Y
 _68885_/Y
 _68886_/Y
 _68887_/Y
 _68888_/Y
 _68889_/Y
 _68890_/X
 _68891_/Y
 _68892_/Y
 _68893_/X
 _68894_/X
 _68895_/Y
 _68896_/X
 _68897_/X
 _68898_/Y
 _68899_/Y
 _68900_/Y
 _68901_/Y
 _68902_/X
 _68903_/Y
 _68904_/X
 _68905_/X
 _68906_/X
 _68907_/X
 _68908_/Y
 _68909_/X
 _68910_/Y
 _68911_/Y
 _68912_/X
 _68913_/X
 _68914_/Y
 _68915_/X
 _68916_/X
 _68917_/Y
 _68918_/Y
 _68919_/X
 _68920_/X
 _68921_/Y
 _68922_/X
 _68923_/X
 _68924_/Y
 _68925_/Y
 _68926_/X
 _68927_/Y
 _68928_/X
 _68929_/Y
 _68930_/X
 _68931_/Y
 _68932_/X
 _68933_/Y
 _68934_/X
 _68935_/Y
 _68936_/Y
 _68937_/X
 _68938_/Y
 _68939_/X
 _68940_/Y
 _68941_/Y
 _68942_/Y
 _68943_/Y
 _68944_/Y
 _68945_/Y
 _68946_/X
 _68947_/X
 _68948_/X
 _68949_/X
 _68950_/Y
 _68951_/X
 _68952_/Y
 _68953_/X
 _68954_/X
 _68955_/X
 _68956_/Y
 _68957_/Y
 _68958_/X
 _68959_/Y
 _68960_/Y
 _68961_/X
 _68962_/X
 _68963_/X
 _68964_/Y
 _68965_/X
 _68966_/Y
 _68967_/X
 _68968_/X
 _68969_/X
 _68970_/Y
 _68971_/X
 _68972_/Y
 _68973_/X
 _68974_/Y
 _68975_/X
 _68976_/X
 _68977_/X
 _68978_/Y
 _68979_/Y
 _68980_/Y
 _68981_/Y
 _68982_/X
 _68983_/X
 _68984_/Y
 _68985_/Y
 _68986_/X
 _68987_/X
 _68988_/X
 _68989_/Y
 _68990_/Y
 _68991_/Y
 _68992_/Y
 _68993_/X
 _68994_/X
 _68995_/X
 _68996_/Y
 _68997_/X
 _68998_/X
 _68999_/Y
 _69000_/X
 _69001_/Y
 _69002_/X
 _69003_/Y
 _69004_/Y
 _69005_/Y
 _69006_/X
 _69007_/X
 _69008_/Y
 _69009_/X
 _69010_/X
 _69011_/Y
 _69012_/Y
 _69013_/X
 _69014_/X
 _69015_/Y
 _69016_/Y
 _69017_/Y
 _69018_/X
 _69019_/Y
 _69020_/Y
 _69021_/X
 _69022_/Y
 _69023_/X
 _69024_/Y
 _69025_/X
 _69026_/Y
 _69027_/Y
 _69028_/Y
 _69029_/Y
 _69030_/Y
 _69031_/Y
 _69032_/Y
 _69033_/X
 _69034_/Y
 _69035_/X
 _69036_/Y
 _69037_/X
 _69038_/X
 _69039_/Y
 _69040_/X
 _69041_/Y
 _69042_/Y
 _69043_/Y
 _69044_/X
 _69045_/X
 _69046_/X
 _69047_/Y
 _69048_/X
 _69049_/X
 _69050_/Y
 _69051_/X
 _69052_/X
 _69053_/X
 _69054_/Y
 _69055_/Y
 _69056_/Y
 _69057_/X
 _69058_/X
 _69059_/Y
 _69060_/X
 _69061_/Y
 _69062_/X
 _69063_/Y
 _69064_/Y
 _69065_/Y
 _69066_/Y
 _69067_/X
 _69068_/X
 _69069_/X
 _69070_/Y
 _69071_/Y
 _69072_/X
 _69073_/X
 _69074_/X
 _69075_/X
 _69076_/Y
 _69077_/X
 _69078_/Y
 _69079_/Y
 _69080_/X
 _69081_/Y
 _69082_/X
 _69083_/X
 _69084_/X
 _69085_/X
 _69086_/Y
 _69087_/X
 _69088_/X
 _69089_/Y
 _69090_/Y
 _69091_/X
 _69092_/X
 _69093_/X
 _69094_/X
 _69095_/X
 _69096_/X
 _69097_/X
 _69098_/Y
 _69099_/Y
 _69100_/X
 _69101_/X
 _69102_/Y
 _69103_/Y
 _69104_/Y
 _69105_/Y
 _69106_/Y
 _69107_/Y
 _69108_/X
 _69109_/Y
 _69110_/Y
 _69111_/Y
 _69112_/Y
 _69113_/Y
 _69114_/Y
 _69115_/X
 _69116_/X
 _69117_/X
 _69118_/Y
 _69119_/X
 _69120_/X
 _69121_/Y
 _69122_/X
 _69123_/X
 _69124_/X
 _69125_/X
 _69126_/Y
 _69127_/X
 _69128_/Y
 _69129_/Y
 _69130_/Y
 _69131_/X
 _69132_/X
 _69133_/X
 _69134_/Y
 _69135_/Y
 _69136_/Y
 _69137_/X
 _69138_/Y
 _69139_/X
 _69140_/Y
 _69141_/Y
 _69142_/Y
 _69143_/X
 _69144_/X
 _69145_/X
 _69146_/Y
 _69147_/Y
 _69148_/Y
 _69149_/Y
 _69150_/X
 _69151_/X
 _69152_/Y
 _69153_/X
 _69154_/X
 _69155_/X
 _69156_/Y
 _69157_/X
 _69158_/X
 _69159_/X
 _69160_/Y
 _69161_/Y
 _69162_/X
 _69163_/Y
 _69164_/X
 _69165_/Y
 _69166_/X
 _69167_/X
 _69168_/X
 _69169_/X
 _69170_/X
 _69171_/Y
 _69172_/Y
 _69173_/X
 _69174_/Y
 _69175_/Y
 _69176_/X
 _69177_/Y
 _69178_/Y
 _69179_/Y
 _69180_/Y
 _69181_/Y
 _69182_/Y
 _69183_/X
 _69184_/X
 _69185_/X
 _69186_/Y
 _69187_/X
 _69188_/X
 _69189_/Y
 _69190_/X
 _69191_/X
 _69192_/X
 _69193_/Y
 _69194_/Y
 _69195_/Y
 _69196_/Y
 _69197_/X
 _69198_/X
 _69199_/Y
 _69200_/X
 _69201_/X
 _69202_/X
 _69203_/Y
 _69204_/X
 _69205_/Y
 _69206_/X
 _69207_/Y
 _69208_/X
 _69209_/Y
 _69210_/Y
 _69211_/X
 _69212_/Y
 _69213_/Y
 _69214_/Y
 _69215_/Y
 _69216_/X
 _69217_/Y
 _69218_/X
 _69219_/Y
 _69220_/Y
 _69221_/X
 _69222_/Y
 _69223_/X
 _69224_/X
 _69225_/X
 _69226_/X
 _69227_/Y
 _69228_/Y
 _69229_/Y
 _69230_/X
 _69231_/Y
 _69232_/X
 _69233_/Y
 _69234_/X
 _69235_/X
 _69236_/X
 _69237_/X
 _69238_/X
 _69239_/X
 _69240_/X
 _69241_/Y
 _69242_/X
 _69243_/Y
 _69244_/Y
 _69245_/Y
 _69246_/X
 _69247_/Y
 _69248_/X
 _69249_/Y
 _69250_/Y
 _69251_/X
 _69252_/Y
 _69253_/Y
 _69254_/X
 _69255_/X
 _69256_/X
 _69257_/X
 _69258_/X
 _69259_/X
 _69260_/Y
 _69261_/Y
 _69262_/X
 _69263_/X
 _69264_/X
 _69265_/Y
 _69266_/Y
 _69267_/Y
 _69268_/Y
 _69269_/X
 _69270_/X
 _69271_/Y
 _69272_/X
 _69273_/X
 _69274_/X
 _69275_/Y
 _69276_/X
 _69277_/X
 _69278_/Y
 _69279_/Y
 _69280_/X
 _69281_/X
 _69282_/X
 _69283_/Y
 _69284_/X
 _69285_/Y
 _69286_/Y
 _69287_/X
 _69288_/Y
 _69289_/Y
 _69290_/Y
 _69291_/X
 _69292_/Y
 _69293_/X
 _69294_/Y
 _69295_/Y
 _69296_/Y
 _69297_/X
 _69298_/Y
 _69299_/Y
 _69300_/X
 _69301_/X
 _69302_/X
 _69303_/X
 _69304_/X
 _69305_/X
 _69306_/Y
 _69307_/Y
 _69308_/Y
 _69309_/X
 _69310_/X
 _69311_/X
 _69312_/X
 _69313_/X
 _69314_/Y
 _69315_/X
 _69316_/Y
 _69317_/X
 _69318_/Y
 _69319_/X
 _69320_/X
 _69321_/Y
 _69322_/X
 _69323_/X
 _69324_/Y
 _69325_/Y
 _69326_/Y
 _69327_/X
 _69328_/Y
 _69329_/X
 _69330_/Y
 _69331_/X
 _69332_/Y
 _69333_/Y
 _69334_/Y
 _69335_/X
 _69336_/Y
 _69337_/Y
 _69338_/X
 _69339_/Y
 _69340_/X
 _69341_/Y
 _69342_/X
 _69343_/Y
 _69344_/Y
 _69345_/Y
 _69346_/Y
 _69347_/X
 _69348_/X
 _69349_/X
 _69350_/X
 _69351_/X
 _69352_/Y
 _69353_/Y
 _69354_/X
 _69355_/Y
 _69356_/Y
 _69357_/X
 _69358_/X
 _69359_/X
 _69360_/Y
 _69361_/X
 _69362_/X
 _69363_/Y
 _69364_/Y
 _69365_/X
 _69366_/X
 _69367_/Y
 _69368_/Y
 _69369_/X
 _69370_/Y
 _69371_/X
 _69372_/X
 _69373_/X
 _69374_/X
 _69375_/X
 _69376_/Y
 _69377_/Y
 _69378_/X
 _69379_/X
 _69380_/Y
 _69381_/X
 _69382_/Y
 _69383_/Y
 _69384_/X
 _69385_/Y
 _69386_/Y
 _69387_/Y
 _69388_/X
 _69389_/X
 _69390_/X
 _69391_/X
 _69392_/X
 _69393_/Y
 _69394_/X
 _69395_/X
 _69396_/Y
 _69397_/X
 _69398_/Y
 _69399_/Y
 _69400_/Y
 _69401_/Y
 _69402_/X
 _69403_/Y
 _69404_/Y
 _69405_/X
 _69406_/X
 _69407_/Y
 _69408_/X
 _69409_/Y
 _69410_/X
 _69411_/Y
 _69412_/Y
 _69413_/X
 _69414_/X
 _69415_/X
 _69416_/Y
 _69417_/X
 _69418_/X
 _69419_/Y
 _69420_/X
 _69421_/Y
 _69422_/X
 _69423_/X
 _69424_/X
 _69425_/Y
 _69426_/Y
 _69427_/Y
 _69428_/Y
 _69429_/Y
 _69430_/X
 _69431_/X
 _69432_/Y
 _69433_/X
 _69434_/Y
 _69435_/X
 _69436_/X
 _69437_/X
 _69438_/X
 _69439_/Y
 _69440_/Y
 _69441_/Y
 _69442_/X
 _69443_/Y
 _69444_/Y
 _69445_/Y
 _69446_/X
 _69447_/X
 _69448_/X
 _69449_/Y
 _69450_/X
 _69451_/X
 _69452_/Y
 _69453_/Y
 _69454_/Y
 _69455_/X
 _69456_/X
 _69457_/Y
 _69458_/X
 _69459_/X
 _69460_/X
 _69461_/X
 _69462_/Y
 _69463_/X
 _69464_/X
 _69465_/Y
 _69466_/Y
 _69467_/X
 _69468_/X
 _69469_/Y
 _69470_/Y
 _69471_/X
 _69472_/X
 _69473_/X
 _69474_/Y
 _69475_/X
 _69476_/X
 _69477_/Y
 _69478_/X
 _69479_/Y
 _69480_/Y
 _69481_/Y
 _69482_/Y
 _69483_/X
 _69484_/X
 _69485_/Y
 _69486_/Y
 _69487_/Y
 _69488_/X
 _69489_/X
 _69490_/X
 _69491_/X
 _69492_/Y
 _69493_/X
 _69494_/X
 _69495_/Y
 _69496_/Y
 _69497_/Y
 _69498_/Y
 _69499_/X
 _69500_/X
 _69501_/X
 _69502_/Y
 _69503_/X
 _69504_/X
 _69505_/Y
 _69506_/Y
 _69507_/Y
 _69508_/X
 _69509_/X
 _69510_/Y
 _69511_/X
 _69512_/X
 _69513_/Y
 _69514_/Y
 _69515_/X
 _69516_/Y
 _69517_/Y
 _69518_/X
 _69519_/X
 _69520_/Y
 _69521_/Y
 _69522_/Y
 _69523_/Y
 _69524_/X
 _69525_/X
 _69526_/Y
 _69527_/Y
 _69528_/Y
 _69529_/X
 _69530_/Y
 _69531_/Y
 _69532_/X
 _69533_/X
 _69534_/Y
 _69535_/Y
 _69536_/Y
 _69537_/Y
 _69538_/X
 _69539_/X
 _69540_/Y
 _69541_/Y
 _69542_/X
 _69543_/Y
 _69544_/Y
 _69545_/X
 _69546_/X
 _69547_/X
 _69548_/Y
 _69549_/X
 _69550_/X
 _69551_/Y
 _69552_/X
 _69553_/X
 _69554_/Y
 _69555_/X
 _69556_/X
 _69557_/Y
 _69558_/X
 _69559_/Y
 _69560_/Y
 _69561_/Y
 _69562_/X
 _69563_/Y
 _69564_/X
 _69565_/Y
 _69566_/Y
 _69567_/X
 _69568_/Y
 _69569_/X
 _69570_/Y
 _69571_/Y
 _69572_/X
 _69573_/X
 _69574_/Y
 _69575_/Y
 _69576_/Y
 _69577_/X
 _69578_/Y
 _69579_/Y
 _69580_/X
 _69581_/X
 _69582_/Y
 _69583_/Y
 _69584_/X
 _69585_/X
 _69586_/X
 _69587_/Y
 _69588_/X
 _69589_/X
 _69590_/Y
 _69591_/X
 _69592_/X
 _69593_/X
 _69594_/X
 _69595_/Y
 _69596_/X
 _69597_/X
 _69598_/Y
 _69599_/X
 _69600_/X
 _69601_/Y
 _69602_/Y
 _69603_/Y
 _69604_/X
 _69605_/X
 _69606_/Y
 _69607_/Y
 _69608_/X
 _69609_/Y
 _69610_/X
 _69611_/X
 _69612_/X
 _69613_/X
 _69614_/Y
 _69615_/X
 _69616_/X
 _69617_/Y
 _69618_/X
 _69619_/Y
 _69620_/Y
 _69621_/Y
 _69622_/X
 _69623_/Y
 _69624_/X
 _69625_/X
 _69626_/X
 _69627_/Y
 _69628_/X
 _69629_/X
 _69630_/Y
 _69631_/Y
 _69632_/X
 _69633_/Y
 _69634_/Y
 _69635_/Y
 _69636_/X
 _69637_/Y
 _69638_/Y
 _69639_/X
 _69640_/Y
 _69641_/X
 _69642_/Y
 _69643_/X
 _69644_/X
 _69645_/Y
 _69646_/Y
 _69647_/Y
 _69648_/Y
 _69649_/X
 _69650_/X
 _69651_/X
 _69652_/Y
 _69653_/X
 _69654_/X
 _69655_/Y
 _69656_/Y
 _69657_/X
 _69658_/X
 _69659_/Y
 _69660_/Y
 _69661_/X
 _69662_/Y
 _69663_/Y
 _69664_/X
 _69665_/X
 _69666_/X
 _69667_/Y
 _69668_/X
 _69669_/X
 _69670_/Y
 _69671_/X
 _69672_/X
 _69673_/X
 _69674_/Y
 _69675_/Y
 _69676_/X
 _69677_/Y
 _69678_/Y
 _69679_/X
 _69680_/Y
 _69681_/Y
 _69682_/Y
 _69683_/Y
 _69684_/X
 _69685_/X
 _69686_/Y
 _69687_/X
 _69688_/X
 _69689_/X
 _69690_/Y
 _69691_/X
 _69692_/Y
 _69693_/X
 _69694_/X
 _69695_/X
 _69696_/X
 _69697_/X
 _69698_/X
 _69699_/X
 _69700_/Y
 _69701_/Y
 _69702_/X
 _69703_/Y
 _69704_/Y
 _69705_/X
 _69706_/X
 _69707_/Y
 _69708_/Y
 _69709_/Y
 _69710_/Y
 _69711_/Y
 _69712_/X
 _69713_/Y
 _69714_/X
 _69715_/X
 _69716_/X
 _69717_/Y
 _69718_/X
 _69719_/Y
 _69720_/X
 _69721_/Y
 _69722_/X
 _69723_/X
 _69724_/Y
 _69725_/Y
 _69726_/Y
 _69727_/Y
 _69728_/X
 _69729_/Y
 _69730_/X
 _69731_/X
 _69732_/X
 _69733_/X
 _69734_/X
 _69735_/X
 _69736_/Y
 _69737_/X
 _69738_/X
 _69739_/X
 _69740_/X
 _69741_/X
 _69742_/X
 _69743_/X
 _69744_/Y
 _69745_/Y
 _69746_/X
 _69747_/Y
 _69748_/X
 _69749_/Y
 _69750_/Y
 _69751_/Y
 _69752_/X
 _69753_/Y
 _69754_/Y
 _69755_/Y
 _69756_/X
 _69757_/Y
 _69758_/X
 _69759_/Y
 _69760_/X
 _69761_/X
 _69762_/X
 _69763_/Y
 _69764_/X
 _69765_/Y
 _69766_/Y
 _69767_/Y
 _69768_/Y
 _69769_/Y
 _69770_/X
 _69771_/X
 _69772_/X
 _69773_/Y
 _69774_/X
 _69775_/X
 _69776_/Y
 _69777_/Y
 _69778_/X
 _69779_/Y
 _69780_/X
 _69781_/Y
 _69782_/Y
 _69783_/X
 _69784_/Y
 _69785_/Y
 _69786_/X
 _69787_/Y
 _69788_/X
 _69789_/X
 _69790_/Y
 _69791_/X
 _69792_/Y
 _69793_/X
 _69794_/X
 _69795_/X
 _69796_/X
 _69797_/X
 _69798_/X
 _69799_/Y
 _69800_/X
 _69801_/X
 _69802_/X
 _69803_/X
 _69804_/Y
 _69805_/X
 _69806_/X
 _69807_/X
 _69808_/Y
 _69809_/X
 _69810_/X
 _69811_/X
 _69812_/X
 _69813_/Y
 _69814_/X
 _69815_/X
 _69816_/Y
 _69817_/Y
 _69818_/Y
 _69819_/X
 _69820_/X
 _69821_/Y
 _69822_/Y
 _69823_/Y
 _69824_/X
 _69825_/X
 _69826_/Y
 _69827_/X
 _69828_/Y
 _69829_/Y
 _69830_/X
 _69831_/X
 _69832_/X
 _69833_/X
 _69834_/Y
 _69835_/X
 _69836_/Y
 _69837_/X
 _69838_/X
 _69839_/Y
 _69840_/X
 _69841_/Y
 _69842_/Y
 _69843_/Y
 _69844_/Y
 _69845_/Y
 _69846_/X
 _69847_/X
 _69848_/Y
 _69849_/X
 _69850_/X
 _69851_/X
 _69852_/X
 _69853_/X
 _69854_/Y
 _69855_/Y
 _69856_/X
 _69857_/X
 _69858_/Y
 _69859_/Y
 _69860_/X
 _69861_/Y
 _69862_/X
 _69863_/Y
 _69864_/X
 _69865_/Y
 _69866_/X
 _69867_/X
 _69868_/Y
 _69869_/X
 _69870_/X
 _69871_/X
 _69872_/Y
 _69873_/Y
 _69874_/X
 _69875_/X
 _69876_/Y
 _69877_/X
 _69878_/X
 _69879_/Y
 _69880_/X
 _69881_/X
 _69882_/X
 _69883_/X
 _69884_/X
 _69885_/X
 _69886_/Y
 _69887_/Y
 _69888_/X
 _69889_/X
 _69890_/Y
 _69891_/X
 _69892_/X
 _69893_/Y
 _69894_/Y
 _69895_/Y
 _69896_/X
 _69897_/Y
 _69898_/Y
 _69899_/X
 _69900_/Y
 _69901_/Y
 _69902_/X
 _69903_/Y
 _69904_/Y
 _69905_/X
 _69906_/X
 _69907_/X
 _69908_/X
 _69909_/Y
 _69910_/X
 _69911_/Y
 _69912_/Y
 _69913_/X
 _69914_/Y
 _69915_/X
 _69916_/Y
 _69917_/X
 _69918_/X
 _69919_/Y
 _69920_/Y
 _69921_/Y
 _69922_/X
 _69923_/Y
 _69924_/X
 _69925_/X
 _69926_/Y
 _69927_/X
 _69928_/Y
 _69929_/Y
 _69930_/Y
 _69931_/X
 _69932_/X
 _69933_/X
 _69934_/Y
 _69935_/Y
 _69936_/Y
 _69937_/X
 _69938_/Y
 _69939_/Y
 _69940_/X
 _69941_/X
 _69942_/Y
 _69943_/X
 _69944_/X
 _69945_/Y
 _69946_/Y
 _69947_/Y
 _69948_/X
 _69949_/Y
 _69950_/Y
 _69951_/Y
 _69952_/Y
 _69953_/Y
 _69954_/Y
 _69955_/X
 _69956_/Y
 _69957_/X
 _69958_/X
 _69959_/Y
 _69960_/X
 _69961_/Y
 _69962_/Y
 _69963_/X
 _69964_/X
 _69965_/X
 _69966_/Y
 _69967_/X
 _69968_/Y
 _69969_/X
 _69970_/X
 _69971_/Y
 _69972_/X
 _69973_/X
 _69974_/X
 _69975_/X
 _69976_/Y
 _69977_/X
 _69978_/X
 _69979_/X
 _69980_/X
 _69981_/Y
 _69982_/X
 _69983_/Y
 _69984_/Y
 _69985_/X
 _69986_/X
 _69987_/Y
 _69988_/X
 _69989_/Y
 _69990_/X
 _69991_/Y
 _69992_/Y
 _69993_/X
 _69994_/Y
 _69995_/Y
 _69996_/X
 _69997_/X
 _69998_/X
 _69999_/Y
 _70000_/X
 _70001_/X
 _70002_/X
 _70003_/Y
 _70004_/X
 _70005_/X
 _70006_/Y
 _70007_/X
 _70008_/Y
 _70009_/Y
 _70010_/Y
 _70011_/X
 _70012_/Y
 _70013_/Y
 _70014_/Y
 _70015_/X
 _70016_/Y
 _70017_/Y
 _70018_/Y
 _70019_/X
 _70020_/Y
 _70021_/Y
 _70022_/X
 _70023_/Y
 _70024_/X
 _70025_/X
 _70026_/X
 _70027_/X
 _70028_/X
 _70029_/Y
 _70030_/X
 _70031_/Y
 _70032_/Y
 _70033_/Y
 _70034_/Y
 _70035_/Y
 _70036_/X
 _70037_/X
 _70038_/X
 _70039_/X
 _70040_/Y
 _70041_/Y
 _70042_/X
 _70043_/Y
 _70044_/Y
 _70045_/Y
 _70046_/Y
 _70047_/X
 _70048_/Y
 _70049_/Y
 _70050_/Y
 _70051_/X
 _70052_/Y
 _70053_/Y
 _70054_/X
 _70055_/X
 _70056_/Y
 _70057_/X
 _70058_/Y
 _70059_/X
 _70060_/X
 _70061_/X
 _70062_/Y
 _70063_/Y
 _70064_/X
 _70065_/Y
 _70066_/X
 _70067_/X
 _70068_/X
 _70069_/Y
 _70070_/X
 _70071_/X
 _70072_/Y
 _70073_/Y
 _70074_/X
 _70075_/X
 _70076_/Y
 _70077_/X
 _70078_/X
 _70079_/X
 _70080_/Y
 _70081_/Y
 _70082_/Y
 _70083_/Y
 _70084_/Y
 _70085_/X
 _70086_/Y
 _70087_/X
 _70088_/Y
 _70089_/X
 _70090_/Y
 _70091_/X
 _70092_/X
 _70093_/Y
 _70094_/X
 _70095_/X
 _70096_/X
 _70097_/X
 _70098_/Y
 _70099_/Y
 _70100_/X
 _70101_/X
 _70102_/Y
 _70103_/Y
 _70104_/Y
 _70105_/X
 _70106_/X
 _70107_/Y
 _70108_/X
 _70109_/X
 _70110_/X
 _70111_/Y
 _70112_/Y
 _70113_/X
 _70114_/X
 _70115_/Y
 _70116_/Y
 _70117_/Y
 _70118_/Y
 _70119_/X
 _70120_/Y
 _70121_/Y
 _70122_/X
 _70123_/X
 _70124_/Y
 _70125_/X
 _70126_/Y
 _70127_/X
 _70128_/Y
 _70129_/X
 _70130_/Y
 _70131_/X
 _70132_/X
 _70133_/Y
 _70134_/Y
 _70135_/Y
 _70136_/Y
 _70137_/Y
 _70138_/Y
 _70139_/X
 _70140_/Y
 _70141_/X
 _70142_/Y
 _70143_/Y
 _70144_/X
 _70145_/Y
 _70146_/Y
 _70147_/Y
 _70148_/X
 _70149_/Y
 _70150_/X
 _70151_/X
 _70152_/Y
 _70153_/X
 _70154_/X
 _70155_/X
 _70156_/X
 _70157_/Y
 _70158_/X
 _70159_/Y
 _70160_/Y
 _70161_/Y
 _70162_/X
 _70163_/X
 _70164_/Y
 _70165_/Y
 _70166_/Y
 _70167_/Y
 _70168_/Y
 _70169_/X
 _70170_/X
 _70171_/X
 _70172_/Y
 _70173_/X
 _70174_/Y
 _70175_/Y
 _70176_/X
 _70177_/Y
 _70178_/Y
 _70179_/X
 _70180_/Y
 _70181_/Y
 _70182_/X
 _70183_/X
 _70184_/Y
 _70185_/X
 _70186_/Y
 _70187_/Y
 _70188_/Y
 _70189_/X
 _70190_/Y
 _70191_/Y
 _70192_/X
 _70193_/X
 _70194_/X
 _70195_/Y
 _70196_/X
 _70197_/Y
 _70198_/Y
 _70199_/Y
 _70200_/Y
 _70201_/X
 _70202_/Y
 _70203_/X
 _70204_/X
 _70205_/Y
 _70206_/X
 _70207_/X
 _70208_/X
 _70209_/Y
 _70210_/Y
 _70211_/X
 _70212_/X
 _70213_/X
 _70214_/Y
 _70215_/Y
 _70216_/X
 _70217_/Y
 _70218_/X
 _70219_/Y
 _70220_/Y
 _70221_/Y
 _70222_/X
 _70223_/Y
 _70224_/Y
 _70225_/Y
 _70226_/Y
 _70227_/Y
 _70228_/X
 _70229_/Y
 _70230_/Y
 _70231_/Y
 _70232_/X
 _70233_/X
 _70234_/Y
 _70235_/Y
 _70236_/X
 _70237_/X
 _70238_/Y
 _70239_/Y
 _70240_/X
 _70241_/Y
 _70242_/X
 _70243_/X
 _70244_/Y
 _70245_/Y
 _70246_/Y
 _70247_/X
 _70248_/Y
 _70249_/X
 _70250_/Y
 _70251_/X
 _70252_/Y
 _70253_/X
 _70254_/Y
 _70255_/X
 _70256_/Y
 _70257_/X
 _70258_/X
 _70259_/Y
 _70260_/X
 _70261_/Y
 _70262_/Y
 _70263_/Y
 _70264_/Y
 _70265_/X
 _70266_/Y
 _70267_/X
 _70268_/Y
 _70269_/X
 _70270_/Y
 _70271_/Y
 _70272_/Y
 _70273_/X
 _70274_/Y
 _70275_/Y
 _70276_/X
 _70277_/Y
 _70278_/Y
 _70279_/X
 _70280_/Y
 _70281_/Y
 _70282_/Y
 _70283_/X
 _70284_/X
 _70285_/Y
 _70286_/Y
 _70287_/X
 _70288_/Y
 _70289_/X
 _70290_/Y
 _70291_/X
 _70292_/Y
 _70293_/X
 _70294_/Y
 _70295_/X
 _70296_/X
 _70297_/Y
 _70298_/X
 _70299_/Y
 _70300_/X
 _70301_/Y
 _70302_/Y
 _70303_/X
 _70304_/Y
 _70305_/X
 _70306_/X
 _70307_/X
 _70308_/X
 _70309_/X
 _70310_/Y
 _70311_/X
 _70312_/Y
 _70313_/Y
 _70314_/X
 _70315_/Y
 _70316_/X
 _70317_/Y
 _70318_/X
 _70319_/Y
 _70320_/X
 _70321_/Y
 _70322_/X
 _70323_/X
 _70324_/X
 _70325_/Y
 _70326_/Y
 _70327_/Y
 _70328_/X
 _70329_/Y
 _70330_/Y
 _70331_/Y
 _70332_/X
 _70333_/X
 _70334_/Y
 _70335_/Y
 _70336_/Y
 _70337_/X
 _70338_/X
 _70339_/Y
 _70340_/X
 _70341_/X
 _70342_/Y
 _70343_/X
 _70344_/Y
 _70345_/Y
 _70346_/Y
 _70347_/Y
 _70348_/Y
 _70349_/Y
 _70350_/X
 _70351_/X
 _70352_/Y
 _70353_/X
 _70354_/Y
 _70355_/X
 _70356_/X
 _70357_/Y
 _70358_/X
 _70359_/Y
 _70360_/Y
 _70361_/X
 _70362_/Y
 _70363_/Y
 _70364_/Y
 _70365_/Y
 _70366_/Y
 _70367_/Y
 _70368_/X
 _70369_/X
 _70370_/Y
 _70371_/Y
 _70372_/Y
 _70373_/Y
 _70374_/X
 _70375_/Y
 _70376_/Y
 _70377_/X
 _70378_/Y
 _70379_/X
 _70380_/X
 _70381_/X
 _70382_/X
 _70383_/Y
 _70384_/X
 _70385_/Y
 _70386_/Y
 _70387_/X
 _70388_/X
 _70389_/X
 _70390_/X
 _70391_/X
 _70392_/X
 _70393_/Y
 _70394_/Y
 _70395_/X
 _70396_/X
 _70397_/X
 _70398_/X
 _70399_/X
 _70400_/Y
 _70401_/X
 _70402_/Y
 _70403_/Y
 _70404_/X
 _70405_/X
 _70406_/Y
 _70407_/Y
 _70408_/X
 _70409_/Y
 _70410_/X
 _70411_/Y
 _70412_/X
 _70413_/Y
 _70414_/Y
 _70415_/Y
 _70416_/X
 _70417_/Y
 _70418_/X
 _70419_/Y
 _70420_/X
 _70421_/X
 _70422_/Y
 _70423_/X
 _70424_/Y
 _70425_/Y
 _70426_/X
 _70427_/Y
 _70428_/X
 _70429_/X
 _70430_/X
 _70431_/X
 _70432_/X
 _70433_/X
 _70434_/Y
 _70435_/X
 _70436_/Y
 _70437_/Y
 _70438_/X
 _70439_/Y
 _70440_/X
 _70441_/Y
 _70442_/Y
 _70443_/X
 _70444_/X
 _70445_/X
 _70446_/X
 _70447_/X
 _70448_/Y
 _70449_/X
 _70450_/Y
 _70451_/Y
 _70452_/X
 _70453_/X
 _70454_/X
 _70455_/X
 _70456_/Y
 _70457_/X
 _70458_/X
 _70459_/X
 _70460_/Y
 _70461_/Y
 _70462_/Y
 _70463_/X
 _70464_/Y
 _70465_/X
 _70466_/Y
 _70467_/Y
 _70468_/X
 _70469_/Y
 _70470_/X
 _70471_/Y
 _70472_/Y
 _70473_/X
 _70474_/Y
 _70475_/X
 _70476_/Y
 _70477_/X
 _70478_/Y
 _70479_/X
 _70480_/X
 _70481_/Y
 _70482_/Y
 _70483_/Y
 _70484_/X
 _70485_/Y
 _70486_/Y
 _70487_/X
 _70488_/Y
 _70489_/X
 _70490_/Y
 _70491_/Y
 _70492_/Y
 _70493_/X
 _70494_/X
 _70495_/Y
 _70496_/Y
 _70497_/Y
 _70498_/X
 _70499_/X
 _70500_/X
 _70501_/Y
 _70502_/Y
 _70503_/X
 _70504_/X
 _70505_/Y
 _70506_/X
 _70507_/X
 _70508_/Y
 _70509_/X
 _70510_/Y
 _70511_/X
 _70512_/Y
 _70513_/X
 _70514_/X
 _70515_/Y
 _70516_/X
 _70517_/Y
 _70518_/Y
 _70519_/X
 _70520_/Y
 _70521_/X
 _70522_/X
 _70523_/Y
 _70524_/X
 _70525_/X
 _70526_/X
 _70527_/Y
 _70528_/Y
 _70529_/Y
 _70530_/X
 _70531_/Y
 _70532_/Y
 _70533_/Y
 _70534_/X
 _70535_/X
 _70536_/X
 _70537_/X
 _70538_/Y
 _70539_/Y
 _70540_/Y
 _70541_/Y
 _70542_/Y
 _70543_/Y
 _70544_/X
 _70545_/Y
 _70546_/Y
 _70547_/X
 _70548_/X
 _70549_/X
 _70550_/Y
 _70551_/X
 _70552_/Y
 _70553_/Y
 _70554_/Y
 _70555_/X
 _70556_/X
 _70557_/X
 _70558_/X
 _70559_/X
 _70560_/Y
 _70561_/X
 _70562_/Y
 _70563_/X
 _70564_/Y
 _70565_/X
 _70566_/X
 _70567_/Y
 _70568_/X
 _70569_/X
 _70570_/Y
 _70571_/Y
 _70572_/Y
 _70573_/X
 _70574_/Y
 _70575_/X
 _70576_/X
 _70577_/X
 _70578_/Y
 _70579_/X
 _70580_/X
 _70581_/Y
 _70582_/X
 _70583_/Y
 _70584_/Y
 _70585_/X
 _70586_/Y
 _70587_/X
 _70588_/X
 _70589_/Y
 _70590_/X
 _70591_/X
 _70592_/X
 _70593_/Y
 _70594_/X
 _70595_/Y
 _70596_/Y
 _70597_/X
 _70598_/Y
 _70599_/Y
 _70600_/X
 _70601_/X
 _70602_/X
 _70603_/Y
 _70604_/Y
 _70605_/X
 _70606_/X
 _70607_/Y
 _70608_/X
 _70609_/X
 _70610_/X
 _70611_/X
 _70612_/Y
 _70613_/X
 _70614_/Y
 _70615_/Y
 _70616_/X
 _70617_/Y
 _70618_/X
 _70619_/X
 _70620_/Y
 _70621_/Y
 _70622_/X
 _70623_/Y
 _70624_/Y
 _70625_/X
 _70626_/X
 _70627_/X
 _70628_/Y
 _70629_/X
 _70630_/X
 _70631_/Y
 _70632_/X
 _70633_/X
 _70634_/Y
 _70635_/X
 _70636_/Y
 _70637_/Y
 _70638_/X
 _70639_/X
 _70640_/X
 _70641_/Y
 _70642_/Y
 _70643_/Y
 _70644_/Y
 _70645_/X
 _70646_/X
 _70647_/Y
 _70648_/X
 _70649_/Y
 _70650_/X
 _70651_/Y
 _70652_/X
 _70653_/Y
 _70654_/X
 _70655_/Y
 _70656_/Y
 _70657_/Y
 _70658_/X
 _70659_/Y
 _70660_/X
 _70661_/Y
 _70662_/X
 _70663_/Y
 _70664_/Y
 _70665_/Y
 _70666_/Y
 _70667_/Y
 _70668_/Y
 _70669_/X
 _70670_/Y
 _70671_/X
 _70672_/X
 _70673_/X
 _70674_/X
 _70675_/X
 _70676_/X
 _70677_/Y
 _70678_/Y
 _70679_/Y
 _70680_/X
 _70681_/Y
 _70682_/Y
 _70683_/X
 _70684_/Y
 _70685_/X
 _70686_/Y
 _70687_/X
 _70688_/Y
 _70689_/X
 _70690_/Y
 _70691_/Y
 _70692_/X
 _70693_/X
 _70694_/X
 _70695_/X
 _70696_/X
 _70697_/X
 _70698_/Y
 _70699_/X
 _70700_/X
 _70701_/Y
 _70702_/X
 _70703_/X
 _70704_/Y
 _70705_/X
 _70706_/Y
 _70707_/Y
 _70708_/X
 _70709_/Y
 _70710_/Y
 _70711_/Y
 _70712_/Y
 _70713_/Y
 _70714_/X
 _70715_/Y
 _70716_/X
 _70717_/Y
 _70718_/X
 _70719_/Y
 _70720_/Y
 _70721_/X
 _70722_/Y
 _70723_/X
 _70724_/Y
 _70725_/Y
 _70726_/Y
 _70727_/X
 _70728_/Y
 _70729_/X
 _70730_/Y
 _70731_/X
 _70732_/X
 _70733_/Y
 _70734_/X
 _70735_/X
 _70736_/Y
 _70737_/Y
 _70738_/X
 _70739_/X
 _70740_/X
 _70741_/Y
 _70742_/X
 _70743_/Y
 _70744_/Y
 _70745_/X
 _70746_/Y
 _70747_/Y
 _70748_/X
 _70749_/Y
 _70750_/Y
 _70751_/X
 _70752_/X
 _70753_/X
 _70754_/X
 _70755_/Y
 _70756_/X
 _70757_/X
 _70758_/X
 _70759_/Y
 _70760_/Y
 _70761_/X
 _70762_/X
 _70763_/Y
 _70764_/X
 _70765_/X
 _70766_/Y
 _70767_/X
 _70768_/Y
 _70769_/Y
 _70770_/Y
 _70771_/Y
 _70772_/X
 _70773_/X
 _70774_/Y
 _70775_/Y
 _70776_/Y
 _70777_/Y
 _70778_/X
 _70779_/Y
 _70780_/X
 _70781_/Y
 _70782_/Y
 _70783_/X
 _70784_/Y
 _70785_/Y
 _70786_/Y
 _70787_/Y
 _70788_/Y
 _70789_/Y
 _70790_/Y
 _70791_/X
 _70792_/X
 _70793_/X
 _70794_/X
 _70795_/Y
 _70796_/Y
 _70797_/Y
 _70798_/X
 _70799_/X
 _70800_/Y
 _70801_/Y
 _70802_/Y
 _70803_/X
 _70804_/X
 _70805_/Y
 _70806_/X
 _70807_/Y
 _70808_/Y
 _70809_/Y
 _70810_/Y
 _70811_/Y
 _70812_/X
 _70813_/Y
 _70814_/Y
 _70815_/X
 _70816_/Y
 _70817_/X
 _70818_/Y
 _70819_/Y
 _70820_/X
 _70821_/X
 _70822_/Y
 _70823_/Y
 _70824_/Y
 _70825_/Y
 _70826_/Y
 _70827_/X
 _70828_/X
 _70829_/Y
 _70830_/X
 _70831_/Y
 _70832_/Y
 _70833_/Y
 _70834_/X
 _70835_/Y
 _70836_/X
 _70837_/Y
 _70838_/Y
 _70839_/Y
 _70840_/Y
 _70841_/X
 _70842_/Y
 _70843_/X
 _70844_/X
 _70845_/X
 _70846_/Y
 _70847_/X
 _70848_/X
 _70849_/Y
 _70850_/Y
 _70851_/X
 _70852_/X
 _70853_/X
 _70854_/Y
 _70855_/Y
 _70856_/X
 _70857_/Y
 _70858_/X
 _70859_/X
 _70860_/X
 _70861_/X
 _70862_/X
 _70863_/Y
 _70864_/Y
 _70865_/X
 _70866_/X
 _70867_/X
 _70868_/Y
 _70869_/X
 _70870_/X
 _70871_/Y
 _70872_/X
 _70873_/Y
 _70874_/X
 _70875_/Y
 _70876_/Y
 _70877_/X
 _70878_/Y
 _70879_/Y
 _70880_/Y
 _70881_/Y
 _70882_/Y
 _70883_/Y
 _70884_/X
 _70885_/Y
 _70886_/Y
 _70887_/Y
 _70888_/X
 _70889_/Y
 _70890_/X
 _70891_/Y
 _70892_/Y
 _70893_/Y
 _70894_/X
 _70895_/X
 _70896_/X
 _70897_/Y
 _70898_/X
 _70899_/Y
 _70900_/X
 _70901_/X
 _70902_/Y
 _70903_/Y
 _70904_/X
 _70905_/X
 _70906_/Y
 _70907_/X
 _70908_/X
 _70909_/X
 _70910_/X
 _70911_/X
 _70912_/X
 _70913_/X
 _70914_/Y
 _70915_/Y
 _70916_/X
 _70917_/X
 _70918_/X
 _70919_/Y
 _70920_/X
 _70921_/Y
 _70922_/X
 _70923_/Y
 _70924_/X
 _70925_/X
 _70926_/X
 _70927_/Y
 _70928_/X
 _70929_/Y
 _70930_/X
 _70931_/X
 _70932_/Y
 _70933_/Y
 _70934_/X
 _70935_/Y
 _70936_/Y
 _70937_/Y
 _70938_/X
 _70939_/X
 _70940_/X
 _70941_/Y
 _70942_/X
 _70943_/Y
 _70944_/Y
 _70945_/X
 _70946_/X
 _70947_/Y
 _70948_/Y
 _70949_/X
 _70950_/Y
 _70951_/Y
 _70952_/X
 _70953_/X
 _70954_/Y
 _70955_/X
 _70956_/Y
 _70957_/X
 _70958_/Y
 _70959_/Y
 _70960_/X
 _70961_/X
 _70962_/X
 _70963_/Y
 _70964_/Y
 _70965_/Y
 _70966_/Y
 _70967_/X
 _70968_/X
 _70969_/Y
 _70970_/X
 _70971_/Y
 _70972_/X
 _70973_/X
 _70974_/Y
 _70975_/X
 _70976_/Y
 _70977_/Y
 _70978_/Y
 _70979_/Y
 _70980_/X
 _70981_/Y
 _70982_/X
 _70983_/Y
 _70984_/X
 _70985_/X
 _70986_/Y
 _70987_/Y
 _70988_/Y
 _70989_/Y
 _70990_/Y
 _70991_/Y
 _70992_/X
 _70993_/X
 _70994_/X
 _70995_/X
 _70996_/Y
 _70997_/X
 _70998_/X
 _70999_/Y
 _71000_/Y
 _71001_/X
 _71002_/Y
 _71003_/X
 _71004_/Y
 _71005_/X
 _71006_/Y
 _71007_/X
 _71008_/Y
 _71009_/X
 _71010_/Y
 _71011_/X
 _71012_/Y
 _71013_/X
 _71014_/X
 _71015_/X
 _71016_/Y
 _71017_/X
 _71018_/X
 _71019_/Y
 _71020_/X
 _71021_/Y
 _71022_/Y
 _71023_/Y
 _71024_/Y
 _71025_/Y
 _71026_/X
 _71027_/Y
 _71028_/Y
 _71029_/X
 _71030_/X
 _71031_/Y
 _71032_/X
 _71033_/Y
 _71034_/Y
 _71035_/X
 _71036_/Y
 _71037_/Y
 _71038_/X
 _71039_/Y
 _71040_/Y
 _71041_/Y
 _71042_/X
 _71043_/X
 _71044_/Y
 _71045_/X
 _71046_/X
 _71047_/X
 _71048_/Y
 _71049_/X
 _71050_/X
 _71051_/Y
 _71052_/X
 _71053_/X
 _71054_/Y
 _71055_/X
 _71056_/X
 _71057_/Y
 _71058_/Y
 _71059_/Y
 _71060_/Y
 _71061_/Y
 _71062_/X
 _71063_/X
 _71064_/Y
 _71065_/X
 _71066_/X
 _71067_/X
 _71068_/X
 _71069_/Y
 _71070_/Y
 _71071_/X
 _71072_/Y
 _71073_/Y
 _71074_/Y
 _71075_/Y
 _71076_/Y
 _71077_/Y
 _71078_/Y
 _71079_/X
 _71080_/Y
 _71081_/Y
 _71082_/Y
 _71083_/X
 _71084_/Y
 _71085_/X
 _71086_/Y
 _71087_/Y
 _71088_/Y
 _71089_/X
 _71090_/X
 _71091_/Y
 _71092_/Y
 _71093_/X
 _71094_/Y
 _71095_/X
 _71096_/X
 _71097_/X
 _71098_/X
 _71099_/X
 _71100_/Y
 _71101_/Y
 _71102_/X
 _71103_/X
 _71104_/Y
 _71105_/Y
 _71106_/Y
 _71107_/Y
 _71108_/X
 _71109_/Y
 _71110_/X
 _71111_/Y
 _71112_/X
 _71113_/Y
 _71114_/Y
 _71115_/X
 _71116_/X
 _71117_/Y
 _71118_/X
 _71119_/X
 _71120_/Y
 _71121_/X
 _71122_/Y
 _71123_/X
 _71124_/X
 _71125_/X
 _71126_/X
 _71127_/X
 _71128_/Y
 _71129_/X
 _71130_/X
 _71131_/Y
 _71132_/X
 _71133_/Y
 _71134_/X
 _71135_/Y
 _71136_/Y
 _71137_/Y
 _71138_/X
 _71139_/X
 _71140_/Y
 _71141_/X
 _71142_/Y
 _71143_/Y
 _71144_/X
 _71145_/Y
 _71146_/Y
 _71147_/Y
 _71148_/Y
 _71149_/Y
 _71150_/Y
 _71151_/X
 _71152_/Y
 _71153_/X
 _71154_/X
 _71155_/Y
 _71156_/X
 _71157_/Y
 _71158_/X
 _71159_/Y
 _71160_/Y
 _71161_/X
 _71162_/X
 _71163_/Y
 _71164_/Y
 _71165_/X
 _71166_/Y
 _71167_/Y
 _71168_/Y
 _71169_/X
 _71170_/Y
 _71171_/Y
 _71172_/X
 _71173_/X
 _71174_/Y
 _71175_/Y
 _71176_/Y
 _71177_/X
 _71178_/X
 _71179_/X
 _71180_/X
 _71181_/X
 _71182_/Y
 _71183_/X
 _71184_/X
 _71185_/Y
 _71186_/X
 _71187_/X
 _71188_/Y
 _71189_/Y
 _71190_/Y
 _71191_/Y
 _71192_/Y
 _71193_/X
 _71194_/Y
 _71195_/Y
 _71196_/Y
 _71197_/X
 _71198_/Y
 _71199_/X
 _71200_/X
 _71201_/Y
 _71202_/Y
 _71203_/Y
 _71204_/Y
 _71205_/Y
 _71206_/Y
 _71207_/Y
 _71208_/X
 _71209_/Y
 _71210_/X
 _71211_/X
 _71212_/Y
 _71213_/Y
 _71214_/X
 _71215_/X
 _71216_/X
 _71217_/Y
 _71218_/X
 _71219_/X
 _71220_/Y
 _71221_/X
 _71222_/Y
 _71223_/X
 _71224_/Y
 _71225_/X
 _71226_/Y
 _71227_/X
 _71228_/Y
 _71229_/Y
 _71230_/Y
 _71231_/Y
 _71232_/X
 _71233_/Y
 _71234_/Y
 _71235_/X
 _71236_/Y
 _71237_/Y
 _71238_/Y
 _71239_/X
 _71240_/X
 _71241_/X
 _71242_/X
 _71243_/X
 _71244_/Y
 _71245_/Y
 _71246_/Y
 _71247_/X
 _71248_/X
 _71249_/Y
 _71250_/Y
 _71251_/Y
 _71252_/Y
 _71253_/Y
 _71254_/X
 _71255_/Y
 _71256_/X
 _71257_/Y
 _71258_/X
 _71259_/X
 _71260_/X
 _71261_/Y
 _71262_/Y
 _71263_/X
 _71264_/X
 _71265_/X
 _71266_/Y
 _71267_/X
 _71268_/Y
 _71269_/Y
 _71270_/Y
 _71271_/X
 _71272_/Y
 _71273_/X
 _71274_/Y
 _71275_/Y
 _71276_/X
 _71277_/X
 _71278_/X
 _71279_/Y
 _71280_/X
 _71281_/Y
 _71282_/Y
 _71283_/X
 _71284_/X
 _71285_/X
 _71286_/X
 _71287_/X
 _71288_/X
 _71289_/Y
 _71290_/Y
 _71291_/Y
 _71292_/Y
 _71293_/Y
 _71294_/X
 _71295_/Y
 _71296_/X
 _71297_/X
 _71298_/X
 _71299_/Y
 _71300_/Y
 _71301_/Y
 _71302_/Y
 _71303_/X
 _71304_/X
 _71305_/X
 _71306_/Y
 _71307_/X
 _71308_/Y
 _71309_/X
 _71310_/Y
 _71311_/X
 _71312_/Y
 _71313_/Y
 _71314_/X
 _71315_/Y
 _71316_/Y
 _71317_/X
 _71318_/Y
 _71319_/Y
 _71320_/Y
 _71321_/Y
 _71322_/Y
 _71323_/Y
 _71324_/Y
 _71325_/Y
 _71326_/Y
 _71327_/X
 _71328_/X
 _71329_/Y
 _71330_/X
 _71331_/X
 _71332_/X
 _71333_/Y
 _71334_/Y
 _71335_/X
 _71336_/Y
 _71337_/X
 _71338_/Y
 _71339_/Y
 _71340_/X
 _71341_/Y
 _71342_/Y
 _71343_/Y
 _71344_/X
 _71345_/X
 _71346_/X
 _71347_/Y
 _71348_/X
 _71349_/Y
 _71350_/X
 _71351_/Y
 _71352_/X
 _71353_/X
 _71354_/Y
 _71355_/X
 _71356_/Y
 _71357_/Y
 _71358_/X
 _71359_/X
 _71360_/Y
 _71361_/X
 _71362_/Y
 _71363_/X
 _71364_/X
 _71365_/Y
 _71366_/X
 _71367_/Y
 _71368_/Y
 _71369_/Y
 _71370_/Y
 _71371_/Y
 _71372_/X
 _71373_/Y
 _71374_/X
 _71375_/Y
 _71376_/Y
 _71377_/X
 _71378_/Y
 _71379_/Y
 _71380_/X
 _71381_/Y
 _71382_/Y
 _71383_/X
 _71384_/Y
 _71385_/X
 _71386_/X
 _71387_/Y
 _71388_/X
 _71389_/Y
 _71390_/Y
 _71391_/X
 _71392_/Y
 _71393_/Y
 _71394_/X
 _71395_/X
 _71396_/X
 _71397_/Y
 _71398_/Y
 _71399_/Y
 _71400_/X
 _71401_/X
 _71402_/X
 _71403_/X
 _71404_/X
 _71405_/Y
 _71406_/Y
 _71407_/X
 _71408_/Y
 _71409_/X
 _71410_/Y
 _71411_/Y
 _71412_/X
 _71413_/X
 _71414_/X
 _71415_/Y
 _71416_/Y
 _71417_/X
 _71418_/Y
 _71419_/Y
 _71420_/Y
 _71421_/Y
 _71422_/X
 _71423_/Y
 _71424_/X
 _71425_/Y
 _71426_/Y
 _71427_/Y
 _71428_/X
 _71429_/Y
 _71430_/Y
 _71431_/Y
 _71432_/X
 _71433_/Y
 _71434_/X
 _71435_/Y
 _71436_/X
 _71437_/Y
 _71438_/Y
 _71439_/Y
 _71440_/X
 _71441_/Y
 _71442_/Y
 _71443_/Y
 _71444_/X
 _71445_/X
 _71446_/Y
 _71447_/X
 _71448_/X
 _71449_/Y
 _71450_/Y
 _71451_/X
 _71452_/X
 _71453_/X
 _71454_/X
 _71455_/Y
 _71456_/X
 _71457_/X
 _71458_/Y
 _71459_/Y
 _71460_/Y
 _71461_/Y
 _71462_/Y
 _71463_/X
 _71464_/X
 _71465_/Y
 _71466_/X
 _71467_/Y
 _71468_/Y
 _71469_/Y
 _71470_/Y
 _71471_/Y
 _71472_/Y
 _71473_/Y
 _71474_/Y
 _71475_/Y
 _71476_/Y
 _71477_/Y
 _71478_/X
 _71479_/Y
 _71480_/Y
 _71481_/Y
 _71482_/Y
 _71483_/Y
 _71484_/X
 _71485_/X
 _71486_/Y
 _71487_/Y
 _71488_/Y
 _71489_/X
 _71490_/Y
 _71491_/X
 _71492_/X
 _71493_/Y
 _71494_/Y
 _71495_/Y
 _71496_/X
 _71497_/Y
 _71498_/Y
 _71499_/X
 _71500_/X
 _71501_/Y
 _71502_/X
 _71503_/Y
 _71504_/X
 _71505_/Y
 _71506_/Y
 _71507_/X
 _71508_/X
 _71509_/X
 _71510_/Y
 _71511_/X
 _71512_/Y
 _71513_/Y
 _71514_/Y
 _71515_/Y
 _71516_/X
 _71517_/X
 _71518_/X
 _71519_/X
 _71520_/X
 _71521_/X
 _71522_/X
 _71523_/Y
 _71524_/Y
 _71525_/X
 _71526_/Y
 _71527_/X
 _71528_/Y
 _71529_/X
 _71530_/Y
 _71531_/Y
 _71532_/Y
 _71533_/X
 _71534_/Y
 _71535_/Y
 _71536_/Y
 _71537_/Y
 _71538_/X
 _71539_/Y
 _71540_/X
 _71541_/Y
 _71542_/Y
 _71543_/X
 _71544_/X
 _71545_/X
 _71546_/X
 _71547_/X
 _71548_/X
 _71549_/Y
 _71550_/Y
 _71551_/X
 _71552_/X
 _71553_/Y
 _71554_/X
 _71555_/Y
 _71556_/X
 _71557_/Y
 _71558_/Y
 _71559_/Y
 _71560_/X
 _71561_/X
 _71562_/X
 _71563_/X
 _71564_/X
 _71565_/Y
 _71566_/X
 _71567_/Y
 _71568_/Y
 _71569_/X
 _71570_/Y
 _71571_/Y
 _71572_/X
 _71573_/Y
 _71574_/Y
 _71575_/X
 _71576_/X
 _71577_/X
 _71578_/X
 _71579_/Y
 _71580_/X
 _71581_/X
 _71582_/Y
 _71583_/X
 _71584_/X
 _71585_/X
 _71586_/Y
 _71587_/Y
 _71588_/X
 _71589_/X
 _71590_/X
 _71591_/X
 _71592_/Y
 _71593_/X
 _71594_/X
 _71595_/Y
 _71596_/Y
 _71597_/Y
 _71598_/Y
 _71599_/X
 _71600_/Y
 _71601_/X
 _71602_/X
 _71603_/X
 _71604_/Y
 _71605_/Y
 _71606_/Y
 _71607_/X
 _71608_/X
 _71609_/X
 _71610_/Y
 _71611_/X
 _71612_/X
 _71613_/Y
 _71614_/Y
 _71615_/X
 _71616_/X
 _71617_/X
 _71618_/Y
 _71619_/Y
 _71620_/Y
 _71621_/X
 _71622_/Y
 _71623_/Y
 _71624_/X
 _71625_/Y
 _71626_/Y
 _71627_/Y
 _71628_/Y
 _71629_/Y
 _71630_/Y
 _71631_/X
 _71632_/Y
 _71633_/Y
 _71634_/X
 _71635_/Y
 _71636_/X
 _71637_/Y
 _71638_/Y
 _71639_/X
 _71640_/Y
 _71641_/Y
 _71642_/Y
 _71643_/Y
 _71644_/X
 _71645_/X
 _71646_/X
 _71647_/Y
 _71648_/X
 _71649_/Y
 _71650_/X
 _71651_/Y
 _71652_/Y
 _71653_/X
 _71654_/Y
 _71655_/Y
 _71656_/X
 _71657_/X
 _71658_/X
 _71659_/Y
 _71660_/X
 _71661_/X
 _71662_/X
 _71663_/Y
 _71664_/X
 _71665_/Y
 _71666_/X
 _71667_/X
 _71668_/X
 _71669_/X
 _71670_/Y
 _71671_/X
 _71672_/X
 _71673_/X
 _71674_/X
 _71675_/Y
 _71676_/Y
 _71677_/X
 _71678_/Y
 _71679_/Y
 _71680_/X
 _71681_/X
 _71682_/Y
 _71683_/X
 _71684_/X
 _71685_/Y
 _71686_/X
 _71687_/X
 _71688_/X
 _71689_/X
 _71690_/Y
 _71691_/Y
 _71692_/Y
 _71693_/X
 _71694_/X
 _71695_/Y
 _71696_/X
 _71697_/X
 _71698_/X
 _71699_/Y
 _71700_/Y
 _71701_/Y
 _71702_/X
 _71703_/X
 _71704_/X
 _71705_/X
 _71706_/Y
 _71707_/X
 _71708_/X
 _71709_/X
 _71710_/Y
 _71711_/Y
 _71712_/X
 _71713_/Y
 _71714_/Y
 _71715_/Y
 _71716_/X
 _71717_/X
 _71718_/X
 _71719_/Y
 _71720_/Y
 _71721_/X
 _71722_/Y
 _71723_/X
 _71724_/X
 _71725_/X
 _71726_/Y
 _71727_/X
 _71728_/X
 _71729_/Y
 _71730_/Y
 _71731_/X
 _71732_/X
 _71733_/X
 _71734_/Y
 _71735_/X
 _71736_/Y
 _71737_/Y
 _71738_/X
 _71739_/Y
 _71740_/X
 _71741_/Y
 _71742_/X
 _71743_/Y
 _71744_/Y
 _71745_/X
 _71746_/X
 _71747_/X
 _71748_/X
 _71749_/Y
 _71750_/Y
 _71751_/Y
 _71752_/Y
 _71753_/Y
 _71754_/X
 _71755_/X
 _71756_/Y
 _71757_/Y
 _71758_/X
 _71759_/X
 _71760_/X
 _71761_/X
 _71762_/X
 _71763_/X
 _71764_/Y
 _71765_/Y
 _71766_/X
 _71767_/X
 _71768_/Y
 _71769_/Y
 _71770_/Y
 _71771_/Y
 _71772_/X
 _71773_/X
 _71774_/Y
 _71775_/Y
 _71776_/Y
 _71777_/X
 _71778_/X
 _71779_/X
 _71780_/Y
 _71781_/X
 _71782_/Y
 _71783_/Y
 _71784_/Y
 _71785_/X
 _71786_/Y
 _71787_/X
 _71788_/X
 _71789_/Y
 _71790_/Y
 _71791_/X
 _71792_/Y
 _71793_/Y
 _71794_/X
 _71795_/X
 _71796_/Y
 _71797_/X
 _71798_/X
 _71799_/Y
 _71800_/Y
 _71801_/X
 _71802_/Y
 _71803_/Y
 _71804_/X
 _71805_/Y
 _71806_/X
 _71807_/X
 _71808_/Y
 _71809_/Y
 _71810_/X
 _71811_/Y
 _71812_/X
 _71813_/Y
 _71814_/X
 _71815_/X
 _71816_/Y
 _71817_/X
 _71818_/X
 _71819_/X
 _71820_/X
 _71821_/Y
 _71822_/X
 _71823_/X
 _71824_/X
 _71825_/Y
 _71826_/Y
 _71827_/X
 _71828_/X
 _71829_/X
 _71830_/X
 _71831_/Y
 _71832_/Y
 _71833_/X
 _71834_/X
 _71835_/X
 _71836_/Y
 _71837_/X
 _71838_/Y
 _71839_/Y
 _71840_/X
 _71841_/X
 _71842_/Y
 _71843_/X
 _71844_/X
 _71845_/X
 _71846_/Y
 _71847_/X
 _71848_/X
 _71849_/X
 _71850_/Y
 _71851_/Y
 _71852_/X
 _71853_/X
 _71854_/Y
 _71855_/X
 _71856_/Y
 _71857_/Y
 _71858_/X
 _71859_/Y
 _71860_/Y
 _71861_/X
 _71862_/Y
 _71863_/Y
 _71864_/X
 _71865_/Y
 _71866_/X
 _71867_/Y
 _71868_/X
 _71869_/X
 _71870_/X
 _71871_/X
 _71872_/Y
 _71873_/X
 _71874_/X
 _71875_/X
 _71876_/X
 _71877_/Y
 _71878_/X
 _71879_/X
 _71880_/X
 _71881_/X
 _71882_/Y
 _71883_/X
 _71884_/X
 _71885_/X
 _71886_/X
 _71887_/Y
 _71888_/Y
 _71889_/Y
 _71890_/X
 _71891_/X
 _71892_/X
 _71893_/X
 _71894_/X
 _71895_/Y
 _71896_/Y
 _71897_/X
 _71898_/X
 _71899_/Y
 _71900_/X
 _71901_/X
 _71902_/Y
 _71903_/X
 _71904_/X
 _71905_/X
 _71906_/Y
 _71907_/X
 _71908_/Y
 _71909_/Y
 _71910_/Y
 _71911_/X
 _71912_/Y
 _71913_/X
 _71914_/X
 _71915_/X
 _71916_/X
 _71917_/Y
 _71918_/X
 _71919_/X
 _71920_/X
 _71921_/Y
 _71922_/Y
 _71923_/Y
 _71924_/Y
 _71925_/X
 _71926_/X
 _71927_/Y
 _71928_/Y
 _71929_/X
 _71930_/Y
 _71931_/X
 _71932_/X
 _71933_/Y
 _71934_/Y
 _71935_/Y
 _71936_/X
 _71937_/X
 _71938_/X
 _71939_/Y
 _71940_/X
 _71941_/Y
 _71942_/Y
 _71943_/X
 _71944_/X
 _71945_/Y
 _71946_/Y
 _71947_/X
 _71948_/Y
 _71949_/X
 _71950_/X
 _71951_/X
 _71952_/X
 _71953_/X
 _71954_/X
 _71955_/Y
 _71956_/X
 _71957_/Y
 _71958_/X
 _71959_/Y
 _71960_/X
 _71961_/Y
 _71962_/Y
 _71963_/Y
 _71964_/X
 _71965_/X
 _71966_/Y
 _71967_/Y
 _71968_/X
 _71969_/Y
 _71970_/X
 _71971_/Y
 _71972_/X
 _71973_/X
 _71974_/X
 _71975_/Y
 _71976_/Y
 _71977_/Y
 _71978_/Y
 _71979_/X
 _71980_/Y
 _71981_/X
 _71982_/X
 _71983_/X
 _71984_/Y
 _71985_/X
 _71986_/Y
 _71987_/X
 _71988_/Y
 _71989_/Y
 _71990_/X
 _71991_/X
 _71992_/Y
 _71993_/X
 _71994_/Y
 _71995_/Y
 _71996_/Y
 _71997_/Y
 _71998_/X
 _71999_/Y
 _72000_/X
 _72001_/X
 _72002_/X
 _72003_/Y
 _72004_/Y
 _72005_/X
 _72006_/X
 _72007_/X
 _72008_/X
 _72009_/X
 _72010_/Y
 _72011_/X
 _72012_/Y
 _72013_/X
 _72014_/X
 _72015_/Y
 _72016_/X
 _72017_/X
 _72018_/Y
 _72019_/Y
 _72020_/X
 _72021_/X
 _72022_/X
 _72023_/Y
 _72024_/Y
 _72025_/X
 _72026_/Y
 _72027_/X
 _72028_/X
 _72029_/X
 _72030_/X
 _72031_/X
 _72032_/X
 _72033_/X
 _72034_/X
 _72035_/X
 _72036_/Y
 _72037_/Y
 _72038_/X
 _72039_/X
 _72040_/Y
 _72041_/X
 _72042_/X
 _72043_/Y
 _72044_/X
 _72045_/X
 _72046_/X
 _72047_/X
 _72048_/X
 _72049_/X
 _72050_/Y
 _72051_/X
 _72052_/X
 _72053_/Y
 _72054_/Y
 _72055_/X
 _72056_/Y
 _72057_/X
 _72058_/X
 _72059_/X
 _72060_/X
 _72061_/X
 _72062_/Y
 _72063_/X
 _72064_/X
 _72065_/X
 _72066_/Y
 _72067_/Y
 _72068_/X
 _72069_/Y
 _72070_/X
 _72071_/Y
 _72072_/X
 _72073_/X
 _72074_/Y
 _72075_/X
 _72076_/X
 _72077_/Y
 _72078_/Y
 _72079_/X
 _72080_/X
 _72081_/X
 _72082_/Y
 _72083_/Y
 _72084_/Y
 _72085_/Y
 _72086_/X
 _72087_/Y
 _72088_/Y
 _72089_/X
 _72090_/X
 _72091_/X
 _72092_/Y
 _72093_/Y
 _72094_/X
 _72095_/X
 _72096_/Y
 _72097_/X
 _72098_/Y
 _72099_/X
 _72100_/X
 _72101_/X
 _72102_/Y
 _72103_/Y
 _72104_/X
 _72105_/X
 _72106_/X
 _72107_/X
 _72108_/X
 _72109_/X
 _72110_/X
 _72111_/Y
 _72112_/Y
 _72113_/Y
 _72114_/X
 _72115_/Y
 _72116_/X
 _72117_/X
 _72118_/X
 _72119_/Y
 _72120_/X
 _72121_/Y
 _72122_/X
 _72123_/X
 _72124_/Y
 _72125_/X
 _72126_/Y
 _72127_/X
 _72128_/Y
 _72129_/Y
 _72130_/X
 _72131_/X
 _72132_/X
 _72133_/Y
 _72134_/Y
 _72135_/Y
 _72136_/X
 _72137_/Y
 _72138_/X
 _72139_/Y
 _72140_/Y
 _72141_/X
 _72142_/X
 _72143_/X
 _72144_/Y
 _72145_/X
 _72146_/Y
 _72147_/X
 _72148_/X
 _72149_/Y
 _72150_/Y
 _72151_/X
 _72152_/Y
 _72153_/Y
 _72154_/X
 _72155_/Y
 _72156_/X
 _72157_/Y
 _72158_/Y
 _72159_/Y
 _72160_/Y
 _72161_/X
 _72162_/X
 _72163_/Y
 _72164_/X
 _72165_/Y
 _72166_/Y
 _72167_/Y
 _72168_/X
 _72169_/Y
 _72170_/Y
 _72171_/Y
 _72172_/Y
 _72173_/Y
 _72174_/Y
 _72175_/X
 _72176_/Y
 _72177_/Y
 _72178_/X
 _72179_/X
 _72180_/Y
 _72181_/X
 _72182_/Y
 _72183_/X
 _72184_/Y
 _72185_/Y
 _72186_/Y
 _72187_/X
 _72188_/X
 _72189_/X
 _72190_/Y
 _72191_/Y
 _72192_/Y
 _72193_/Y
 _72194_/Y
 _72195_/Y
 _72196_/Y
 _72197_/Y
 _72198_/X
 _72199_/Y
 _72200_/Y
 _72201_/Y
 _72202_/X
 _72203_/X
 _72204_/X
 _72205_/Y
 _72206_/Y
 _72207_/X
 _72208_/Y
 _72209_/Y
 _72210_/X
 _72211_/Y
 _72212_/X
 _72213_/Y
 _72214_/X
 _72215_/Y
 _72216_/X
 _72217_/Y
 _72218_/Y
 _72219_/X
 _72220_/Y
 _72221_/X
 _72222_/X
 _72223_/X
 _72224_/Y
 _72225_/Y
 _72226_/X
 _72227_/Y
 _72228_/X
 _72229_/X
 _72230_/Y
 _72231_/Y
 _72232_/X
 _72233_/X
 _72234_/X
 _72235_/Y
 _72236_/Y
 _72237_/X
 _72238_/X
 _72239_/X
 _72240_/Y
 _72241_/Y
 _72242_/Y
 _72243_/Y
 _72244_/X
 _72245_/Y
 _72246_/Y
 _72247_/Y
 _72248_/X
 _72249_/X
 _72250_/X
 _72251_/X
 _72252_/Y
 _72253_/X
 _72254_/X
 _72255_/X
 _72256_/Y
 _72257_/Y
 _72258_/X
 _72259_/Y
 _72260_/X
 _72261_/X
 _72262_/Y
 _72263_/Y
 _72264_/X
 _72265_/Y
 _72266_/X
 _72267_/Y
 _72268_/Y
 _72269_/X
 _72270_/Y
 _72271_/X
 _72272_/X
 _72273_/Y
 _72274_/Y
 _72275_/X
 _72276_/Y
 _72277_/X
 _72278_/Y
 _72279_/X
 _72280_/X
 _72281_/X
 _72282_/Y
 _72283_/Y
 _72284_/X
 _72285_/Y
 _72286_/Y
 _72287_/Y
 _72288_/X
 _72289_/X
 _72290_/X
 _72291_/X
 _72292_/X
 _72293_/Y
 _72294_/Y
 _72295_/Y
 _72296_/Y
 _72297_/X
 _72298_/X
 _72299_/X
 _72300_/Y
 _72301_/Y
 _72302_/X
 _72303_/Y
 _72304_/Y
 _72305_/Y
 _72306_/Y
 _72307_/Y
 _72308_/Y
 _72309_/X
 _72310_/Y
 _72311_/Y
 _72312_/X
 _72313_/Y
 _72314_/X
 _72315_/Y
 _72316_/X
 _72317_/Y
 _72318_/X
 _72319_/Y
 _72320_/X
 _72321_/X
 _72322_/X
 _72323_/X
 _72324_/X
 _72325_/X
 _72326_/X
 _72327_/Y
 _72328_/X
 _72329_/Y
 _72330_/Y
 _72331_/X
 _72332_/Y
 _72333_/X
 _72334_/X
 _72335_/X
 _72336_/X
 _72337_/Y
 _72338_/X
 _72339_/Y
 _72340_/X
 _72341_/Y
 _72342_/Y
 _72343_/X
 _72344_/Y
 _72345_/X
 _72346_/Y
 _72347_/X
 _72348_/X
 _72349_/Y
 _72350_/X
 _72351_/X
 _72352_/Y
 _72353_/X
 _72354_/X
 _72355_/X
 _72356_/Y
 _72357_/X
 _72358_/X
 _72359_/X
 _72360_/X
 _72361_/Y
 _72362_/X
 _72363_/X
 _72364_/Y
 _72365_/Y
 _72366_/X
 _72367_/X
 _72368_/X
 _72369_/Y
 _72370_/X
 _72371_/X
 _72372_/X
 _72373_/Y
 _72374_/Y
 _72375_/X
 _72376_/Y
 _72377_/X
 _72378_/Y
 _72379_/X
 _72380_/Y
 _72381_/X
 _72382_/Y
 _72383_/Y
 _72384_/Y
 _72385_/X
 _72386_/Y
 _72387_/X
 _72388_/X
 _72389_/X
 _72390_/Y
 _72391_/X
 _72392_/X
 _72393_/Y
 _72394_/X
 _72395_/Y
 _72396_/Y
 _72397_/Y
 _72398_/X
 _72399_/X
 _72400_/X
 _72401_/Y
 _72402_/X
 _72403_/X
 _72404_/Y
 _72405_/Y
 _72406_/X
 _72407_/X
 _72408_/Y
 _72409_/Y
 _72410_/X
 _72411_/X
 _72412_/Y
 _72413_/Y
 _72414_/X
 _72415_/Y
 _72416_/Y
 _72417_/X
 _72418_/Y
 _72419_/X
 _72420_/X
 _72421_/X
 _72422_/X
 _72423_/Y
 _72424_/X
 _72425_/Y
 _72426_/X
 _72427_/Y
 _72428_/Y
 _72429_/X
 _72430_/Y
 _72431_/X
 _72432_/Y
 _72433_/Y
 _72434_/X
 _72435_/X
 _72436_/Y
 _72437_/X
 _72438_/Y
 _72439_/X
 _72440_/Y
 _72441_/X
 _72442_/X
 _72443_/X
 _72444_/X
 _72445_/X
 _72446_/X
 _72447_/X
 _72448_/X
 _72449_/Y
 _72450_/Y
 _72451_/X
 _72452_/Y
 _72453_/X
 _72454_/X
 _72455_/X
 _72456_/X
 _72457_/X
 _72458_/X
 _72459_/X
 _72460_/Y
 _72461_/X
 _72462_/X
 _72463_/Y
 _72464_/X
 _72465_/X
 _72466_/X
 _72467_/X
 _72468_/Y
 _72469_/X
 _72470_/Y
 _72471_/X
 _72472_/X
 _72473_/X
 _72474_/X
 _72475_/Y
 _72476_/Y
 _72477_/X
 _72478_/X
 _72479_/Y
 _72480_/X
 _72481_/X
 _72482_/X
 _72483_/Y
 _72484_/Y
 _72485_/Y
 _72486_/Y
 _72487_/X
 _72488_/Y
 _72489_/Y
 _72490_/Y
 _72491_/X
 _72492_/X
 _72493_/Y
 _72494_/X
 _72495_/X
 _72496_/X
 _72497_/X
 _72498_/X
 _72499_/X
 _72500_/Y
 _72501_/Y
 _72502_/X
 _72503_/X
 _72504_/Y
 _72505_/X
 _72506_/X
 _72507_/X
 _72508_/X
 _72509_/Y
 _72510_/Y
 _72511_/X
 _72512_/Y
 _72513_/X
 _72514_/Y
 _72515_/X
 _72516_/Y
 _72517_/X
 _72518_/X
 _72519_/X
 _72520_/Y
 _72521_/Y
 _72522_/X
 _72523_/Y
 _72524_/X
 _72525_/Y
 _72526_/X
 _72527_/X
 _72528_/X
 _72529_/X
 _72530_/X
 _72531_/Y
 _72532_/Y
 _72533_/Y
 _72534_/X
 _72535_/X
 _72536_/Y
 _72537_/X
 _72538_/Y
 _72539_/X
 _72540_/Y
 _72541_/X
 _72542_/Y
 _72543_/Y
 _72544_/Y
 _72545_/Y
 _72546_/X
 _72547_/Y
 _72548_/Y
 _72549_/X
 _72550_/Y
 _72551_/X
 _72552_/X
 _72553_/Y
 _72554_/Y
 _72555_/Y
 _72556_/Y
 _72557_/Y
 _72558_/Y
 _72559_/X
 _72560_/Y
 _72561_/Y
 _72562_/X
 _72563_/X
 _72564_/Y
 _72565_/Y
 _72566_/X
 _72567_/Y
 _72568_/X
 _72569_/Y
 _72570_/X
 _72571_/Y
 _72572_/Y
 _72573_/Y
 _72574_/X
 _72575_/Y
 _72576_/X
 _72577_/Y
 _72578_/X
 _72579_/Y
 _72580_/Y
 _72581_/Y
 _72582_/X
 _72583_/Y
 _72584_/Y
 _72585_/X
 _72586_/Y
 _72587_/X
 _72588_/X
 _72589_/Y
 _72590_/Y
 _72591_/X
 _72592_/X
 _72593_/X
 _72594_/X
 _72595_/X
 _72596_/Y
 _72597_/X
 _72598_/X
 _72599_/X
 _72600_/Y
 _72601_/X
 _72602_/Y
 _72603_/X
 _72604_/Y
 _72605_/X
 _72606_/X
 _72607_/X
 _72608_/Y
 _72609_/Y
 _72610_/Y
 _72611_/Y
 _72612_/Y
 _72613_/X
 _72614_/Y
 _72615_/X
 _72616_/X
 _72617_/Y
 _72618_/Y
 _72619_/Y
 _72620_/X
 _72621_/Y
 _72622_/X
 _72623_/Y
 _72624_/X
 _72625_/Y
 _72626_/X
 _72627_/Y
 _72628_/Y
 _72629_/X
 _72630_/Y
 _72631_/Y
 _72632_/X
 _72633_/Y
 _72634_/Y
 _72635_/X
 _72636_/Y
 _72637_/X
 _72638_/X
 _72639_/X
 _72640_/X
 _72641_/X
 _72642_/X
 _72643_/X
 _72644_/Y
 _72645_/Y
 _72646_/X
 _72647_/X
 _72648_/Y
 _72649_/Y
 _72650_/X
 _72651_/X
 _72652_/Y
 _72653_/Y
 _72654_/X
 _72655_/Y
 _72656_/X
 _72657_/Y
 _72658_/Y
 _72659_/X
 _72660_/Y
 _72661_/X
 _72662_/Y
 _72663_/Y
 _72664_/X
 _72665_/X
 _72666_/Y
 _72667_/X
 _72668_/Y
 _72669_/Y
 _72670_/X
 _72671_/Y
 _72672_/Y
 _72673_/X
 _72674_/Y
 _72675_/Y
 _72676_/X
 _72677_/Y
 _72678_/Y
 _72679_/X
 _72680_/Y
 _72681_/Y
 _72682_/Y
 _72683_/X
 _72684_/Y
 _72685_/Y
 _72686_/X
 _72687_/Y
 _72688_/Y
 _72689_/X
 _72690_/Y
 _72691_/Y
 _72692_/Y
 _72693_/Y
 _72694_/Y
 _72695_/Y
 _72696_/X
 _72697_/X
 _72698_/X
 _72699_/X
 _72700_/Y
 _72701_/Y
 _72702_/Y
 _72703_/Y
 _72704_/Y
 _72705_/Y
 _72706_/Y
 _72707_/X
 _72708_/Y
 _72709_/X
 _72710_/Y
 _72711_/X
 _72712_/X
 _72713_/Y
 _72714_/X
 _72715_/Y
 _72716_/X
 _72717_/Y
 _72718_/Y
 _72719_/Y
 _72720_/X
 _72721_/Y
 _72722_/Y
 _72723_/Y
 _72724_/X
 _72725_/X
 _72726_/X
 _72727_/X
 _72728_/X
 _72729_/Y
 _72730_/Y
 _72731_/Y
 _72732_/Y
 _72733_/X
 _72734_/Y
 _72735_/X
 _72736_/X
 _72737_/Y
 _72738_/X
 _72739_/Y
 _72740_/Y
 _72741_/X
 _72742_/Y
 _72743_/X
 _72744_/Y
 _72745_/X
 _72746_/Y
 _72747_/Y
 _72748_/X
 _72749_/X
 _72750_/X
 _72751_/X
 _72752_/X
 _72753_/Y
 _72754_/X
 _72755_/Y
 _72756_/X
 _72757_/Y
 _72758_/Y
 _72759_/X
 _72760_/Y
 _72761_/Y
 _72762_/Y
 _72763_/X
 _72764_/Y
 _72765_/Y
 _72766_/Y
 _72767_/X
 _72768_/Y
 _72769_/Y
 _72770_/X
 _72771_/Y
 _72772_/Y
 _72773_/Y
 _72774_/Y
 _72775_/Y
 _72776_/Y
 _72777_/X
 _72778_/X
 _72779_/Y
 _72780_/X
 _72781_/X
 _72782_/Y
 _72783_/Y
 _72784_/Y
 _72785_/Y
 _72786_/Y
 _72787_/X
 _72788_/Y
 _72789_/Y
 _72790_/X
 _72791_/Y
 _72792_/Y
 _72793_/Y
 _72794_/Y
 _72795_/Y
 _72796_/Y
 _72797_/Y
 _72798_/Y
 _72799_/X
 _72800_/Y
 _72801_/X
 _72802_/Y
 _72803_/Y
 _72804_/X
 _72805_/X
 _72806_/X
 _72807_/Y
 _72808_/Y
 _72809_/Y
 _72810_/Y
 _72811_/Y
 _72812_/X
 _72813_/Y
 _72814_/Y
 _72815_/Y
 _72816_/Y
 _72817_/X
 _72818_/Y
 _72819_/X
 _72820_/Y
 _72821_/X
 _72822_/Y
 _72823_/Y
 _72824_/X
 _72825_/Y
 _72826_/Y
 _72827_/X
 _72828_/Y
 _72829_/X
 _72830_/X
 _72831_/Y
 _72832_/X
 _72833_/Y
 _72834_/Y
 _72835_/Y
 _72836_/Y
 _72837_/Y
 _72838_/X
 _72839_/X
 _72840_/X
 _72841_/Y
 _72842_/X
 _72843_/Y
 _72844_/X
 _72845_/Y
 _72846_/X
 _72847_/X
 _72848_/X
 _72849_/X
 _72850_/X
 _72851_/X
 _72852_/X
 _72853_/X
 _72854_/X
 _72855_/Y
 _72856_/X
 _72857_/X
 _72858_/Y
 _72859_/X
 _72860_/Y
 _72861_/Y
 _72862_/Y
 _72863_/X
 _72864_/X
 _72865_/Y
 _72866_/Y
 _72867_/X
 _72868_/Y
 _72869_/Y
 _72870_/Y
 _72871_/Y
 _72872_/X
 _72873_/X
 _72874_/X
 _72875_/Y
 _72876_/X
 _72877_/Y
 _72878_/X
 _72879_/Y
 _72880_/X
 _72881_/X
 _72882_/X
 _72883_/X
 _72884_/X
 _72885_/Y
 _72886_/X
 _72887_/Y
 _72888_/X
 _72889_/X
 _72890_/X
 _72891_/Y
 _72892_/Y
 _72893_/Y
 _72894_/X
 _72895_/Y
 _72896_/Y
 _72897_/X
 _72898_/Y
 _72899_/X
 _72900_/X
 _72901_/X
 _72902_/X
 _72903_/X
 _72904_/Y
 _72905_/Y
 _72906_/Y
 _72907_/Y
 _72908_/X
 _72909_/Y
 _72910_/Y
 _72911_/Y
 _72912_/X
 _72913_/Y
 _72914_/Y
 _72915_/Y
 _72916_/X
 _72917_/X
 _72918_/Y
 _72919_/X
 _72920_/X
 _72921_/X
 _72922_/X
 _72923_/X
 _72924_/Y
 _72925_/X
 _72926_/X
 _72927_/Y
 _72928_/X
 _72929_/X
 _72930_/Y
 _72931_/Y
 _72932_/X
 _72933_/Y
 _72934_/Y
 _72935_/X
 _72936_/Y
 _72937_/Y
 _72938_/Y
 _72939_/X
 _72940_/X
 _72941_/X
 _72942_/Y
 _72943_/Y
 _72944_/X
 _72945_/Y
 _72946_/X
 _72947_/X
 _72948_/Y
 _72949_/Y
 _72950_/Y
 _72951_/Y
 _72952_/X
 _72953_/X
 _72954_/Y
 _72955_/Y
 _72956_/X
 _72957_/Y
 _72958_/X
 _72959_/X
 _72960_/Y
 _72961_/Y
 _72962_/Y
 _72963_/X
 _72964_/X
 _72965_/Y
 _72966_/X
 _72967_/Y
 _72968_/X
 _72969_/X
 _72970_/Y
 _72971_/X
 _72972_/Y
 _72973_/Y
 _72974_/Y
 _72975_/X
 _72976_/Y
 _72977_/Y
 _72978_/X
 _72979_/Y
 _72980_/X
 _72981_/Y
 _72982_/Y
 _72983_/Y
 _72984_/Y
 _72985_/Y
 _72986_/X
 _72987_/X
 _72988_/X
 _72989_/Y
 _72990_/X
 _72991_/Y
 _72992_/X
 _72993_/X
 _72994_/Y
 _72995_/X
 _72996_/X
 _72997_/Y
 _72998_/Y
 _72999_/X
 _73000_/Y
 _73001_/Y
 _73002_/X
 _73003_/Y
 _73004_/Y
 _73005_/X
 _73006_/Y
 _73007_/X
 _73008_/X
 _73009_/X
 _73010_/X
 _73011_/X
 _73012_/Y
 _73013_/X
 _73014_/Y
 _73015_/X
 _73016_/Y
 _73017_/X
 _73018_/X
 _73019_/Y
 _73020_/X
 _73021_/Y
 _73022_/X
 _73023_/Y
 _73024_/Y
 _73025_/Y
 _73026_/Y
 _73027_/Y
 _73028_/Y
 _73029_/X
 _73030_/X
 _73031_/Y
 _73032_/Y
 _73033_/Y
 _73034_/X
 _73035_/Y
 _73036_/X
 _73037_/Y
 _73038_/Y
 _73039_/X
 _73040_/X
 _73041_/X
 _73042_/Y
 _73043_/X
 _73044_/X
 _73045_/Y
 _73046_/X
 _73047_/X
 _73048_/X
 _73049_/Y
 _73050_/Y
 _73051_/X
 _73052_/X
 _73053_/Y
 _73054_/Y
 _73055_/Y
 _73056_/Y
 _73057_/X
 _73058_/Y
 _73059_/X
 _73060_/X
 _73061_/Y
 _73062_/Y
 _73063_/X
 _73064_/Y
 _73065_/X
 _73066_/Y
 _73067_/X
 _73068_/Y
 _73069_/Y
 _73070_/Y
 _73071_/X
 _73072_/Y
 _73073_/Y
 _73074_/X
 _73075_/Y
 _73076_/X
 _73077_/X
 _73078_/Y
 _73079_/X
 _73080_/Y
 _73081_/X
 _73082_/Y
 _73083_/X
 _73084_/Y
 _73085_/X
 _73086_/Y
 _73087_/Y
 _73088_/X
 _73089_/Y
 _73090_/X
 _73091_/Y
 _73092_/X
 _73093_/X
 _73094_/X
 _73095_/Y
 _73096_/Y
 _73097_/Y
 _73098_/X
 _73099_/Y
 _73100_/X
 _73101_/X
 _73102_/Y
 _73103_/Y
 _73104_/X
 _73105_/Y
 _73106_/Y
 _73107_/X
 _73108_/X
 _73109_/Y
 _73110_/X
 _73111_/Y
 _73112_/X
 _73113_/X
 _73114_/Y
 _73115_/X
 _73116_/X
 _73117_/Y
 _73118_/Y
 _73119_/X
 _73120_/X
 _73121_/Y
 _73122_/Y
 _73123_/X
 _73124_/Y
 _73125_/Y
 _73126_/Y
 _73127_/X
 _73128_/Y
 _73129_/Y
 _73130_/Y
 _73131_/Y
 _73132_/X
 _73133_/Y
 _73134_/X
 _73135_/X
 _73136_/Y
 _73137_/Y
 _73138_/X
 _73139_/Y
 _73140_/Y
 _73141_/Y
 _73142_/Y
 _73143_/Y
 _73144_/Y
 _73145_/Y
 _73146_/X
 _73147_/Y
 _73148_/Y
 _73149_/X
 _73150_/X
 _73151_/X
 _73152_/X
 _73153_/X
 _73154_/X
 _73155_/Y
 _73156_/X
 _73157_/X
 _73158_/Y
 _73159_/Y
 _73160_/Y
 _73161_/X
 _73162_/Y
 _73163_/X
 _73164_/Y
 _73165_/Y
 _73166_/X
 _73167_/X
 _73168_/X
 _73169_/X
 _73170_/X
 _73171_/Y
 _73172_/X
 _73173_/X
 _73174_/Y
 _73175_/Y
 _73176_/Y
 _73177_/Y
 _73178_/X
 _73179_/X
 _73180_/X
 _73181_/Y
 _73182_/X
 _73183_/X
 _73184_/X
 _73185_/X
 _73186_/X
 _73187_/X
 _73188_/X
 _73189_/X
 _73190_/X
 _73191_/X
 _73192_/X
 _73193_/X
 _73194_/X
 _73195_/X
 _73196_/Y
 _73197_/X
 _73198_/Y
 _73199_/Y
 _73200_/X
 _73201_/Y
 _73202_/X
 _73203_/X
 _73204_/X
 _73205_/Y
 _73206_/X
 _73207_/Y
 _73208_/Y
 _73209_/Y
 _73210_/Y
 _73211_/X
 _73212_/Y
 _73213_/Y
 _73214_/Y
 _73215_/Y
 _73216_/X
 _73217_/X
 _73218_/X
 _73219_/X
 _73220_/X
 _73221_/X
 _73222_/X
 _73223_/X
 _73224_/Y
 _73225_/X
 _73226_/X
 _73227_/X
 _73228_/X
 _73229_/Y
 _73230_/X
 _73231_/X
 _73232_/X
 _73233_/X
 _73234_/Y
 _73235_/X
 _73236_/Y
 _73237_/Y
 _73238_/X
 _73239_/Y
 _73240_/Y
 _73241_/Y
 _73242_/X
 _73243_/Y
 _73244_/X
 _73245_/Y
 _73246_/Y
 _73247_/Y
 _73248_/X
 _73249_/Y
 _73250_/Y
 _73251_/Y
 _73252_/Y
 _73253_/X
 _73254_/Y
 _73255_/Y
 _73256_/Y
 _73257_/X
 _73258_/X
 _73259_/X
 _73260_/X
 _73261_/Y
 _73262_/X
 _73263_/X
 _73264_/Y
 _73265_/Y
 _73266_/Y
 _73267_/Y
 _73268_/Y
 _73269_/Y
 _73270_/X
 _73271_/Y
 _73272_/X
 _73273_/X
 _73274_/Y
 _73275_/Y
 _73276_/X
 _73277_/X
 _73278_/Y
 _73279_/Y
 _73280_/Y
 _73281_/Y
 _73282_/Y
 _73283_/Y
 _73284_/Y
 _73285_/Y
 _73286_/X
 _73287_/Y
 _73288_/X
 _73289_/Y
 _73290_/Y
 _73291_/Y
 _73292_/Y
 _73293_/Y
 _73294_/Y
 _73295_/Y
 _73296_/X
 _73297_/Y
 _73298_/Y
 _73299_/Y
 _73300_/Y
 _73301_/X
 _73302_/X
 _73303_/Y
 _73304_/X
 _73305_/Y
 _73306_/X
 _73307_/Y
 _73308_/X
 _73309_/X
 _73310_/Y
 _73311_/Y
 _73312_/X
 _73313_/X
 _73314_/X
 _73315_/X
 _73316_/X
 _73317_/Y
 _73318_/X
 _73319_/Y
 _73320_/X
 _73321_/X
 _73322_/X
 _73323_/Y
 _73324_/Y
 _73325_/X
 _73326_/X
 _73327_/X
 _73328_/X
 _73329_/X
 _73330_/X
 _73331_/X
 _73332_/Y
 _73333_/X
 _73334_/X
 _73335_/Y
 _73336_/X
 _73337_/X
 _73338_/X
 _73339_/Y
 _73340_/Y
 _73341_/X
 _73342_/Y
 _73343_/Y
 _73344_/X
 _73345_/Y
 _73346_/X
 _73347_/X
 _73348_/Y
 _73349_/X
 _73350_/X
 _73351_/Y
 _73352_/X
 _73353_/X
 _73354_/X
 _73355_/Y
 _73356_/Y
 _73357_/X
 _73358_/X
 _73359_/Y
 _73360_/Y
 _73361_/X
 _73362_/X
 _73363_/Y
 _73364_/X
 _73365_/X
 _73366_/X
 _73367_/Y
 _73368_/X
 _73369_/Y
 _73370_/Y
 _73371_/Y
 _73372_/X
 _73373_/X
 _73374_/Y
 _73375_/X
 _73376_/X
 _73377_/Y
 _73378_/X
 _73379_/Y
 _73380_/Y
 _73381_/Y
 _73382_/X
 _73383_/Y
 _73384_/Y
 _73385_/X
 _73386_/Y
 _73387_/X
 _73388_/Y
 _73389_/Y
 _73390_/Y
 _73391_/X
 _73392_/X
 _73393_/Y
 _73394_/X
 _73395_/X
 _73396_/Y
 _73397_/Y
 _73398_/Y
 _73399_/X
 _73400_/X
 _73401_/Y
 _73402_/X
 _73403_/Y
 _73404_/X
 _73405_/Y
 _73406_/Y
 _73407_/Y
 _73408_/X
 _73409_/Y
 _73410_/Y
 _73411_/X
 _73412_/Y
 _73413_/Y
 _73414_/Y
 _73415_/X
 _73416_/X
 _73417_/X
 _73418_/Y
 _73419_/Y
 _73420_/Y
 _73421_/X
 _73422_/X
 _73423_/X
 _73424_/Y
 _73425_/Y
 _73426_/Y
 _73427_/X
 _73428_/Y
 _73429_/X
 _73430_/X
 _73431_/X
 _73432_/Y
 _73433_/X
 _73434_/X
 _73435_/Y
 _73436_/Y
 _73437_/X
 _73438_/X
 _73439_/X
 _73440_/X
 _73441_/Y
 _73442_/Y
 _73443_/X
 _73444_/X
 _73445_/Y
 _73446_/X
 _73447_/Y
 _73448_/Y
 _73449_/X
 _73450_/X
 _73451_/X
 _73452_/Y
 _73453_/X
 _73454_/X
 _73455_/Y
 _73456_/Y
 _73457_/X
 _73458_/X
 _73459_/Y
 _73460_/Y
 _73461_/Y
 _73462_/Y
 _73463_/Y
 _73464_/Y
 _73465_/X
 _73466_/Y
 _73467_/X
 _73468_/X
 _73469_/X
 _73470_/X
 _73471_/Y
 _73472_/X
 _73473_/Y
 _73474_/Y
 _73475_/X
 _73476_/Y
 _73477_/Y
 _73478_/Y
 _73479_/X
 _73480_/X
 _73481_/Y
 _73482_/X
 _73483_/Y
 _73484_/X
 _73485_/Y
 _73486_/Y
 _73487_/Y
 _73488_/X
 _73489_/Y
 _73490_/X
 _73491_/X
 _73492_/Y
 _73493_/X
 _73494_/Y
 _73495_/X
 _73496_/Y
 _73497_/Y
 _73498_/X
 _73499_/Y
 _73500_/Y
 _73501_/X
 _73502_/Y
 _73503_/Y
 _73504_/Y
 _73505_/Y
 _73506_/Y
 _73507_/X
 _73508_/Y
 _73509_/X
 _73510_/Y
 _73511_/X
 _73512_/X
 _73513_/Y
 _73514_/X
 _73515_/Y
 _73516_/Y
 _73517_/Y
 _73518_/X
 _73519_/X
 _73520_/X
 _73521_/X
 _73522_/X
 _73523_/Y
 _73524_/X
 _73525_/X
 _73526_/Y
 _73527_/Y
 _73528_/X
 _73529_/Y
 _73530_/X
 _73531_/Y
 _73532_/X
 _73533_/Y
 _73534_/X
 _73535_/X
 _73536_/Y
 _73537_/Y
 _73538_/X
 _73539_/X
 _73540_/Y
 _73541_/X
 _73542_/Y
 _73543_/Y
 _73544_/Y
 _73545_/Y
 _73546_/Y
 _73547_/X
 _73548_/X
 _73549_/X
 _73550_/X
 _73551_/Y
 _73552_/Y
 _73553_/X
 _73554_/Y
 _73555_/Y
 _73556_/Y
 _73557_/X
 _73558_/Y
 _73559_/Y
 _73560_/Y
 _73561_/Y
 _73562_/X
 _73563_/X
 _73564_/X
 _73565_/X
 _73566_/Y
 _73567_/X
 _73568_/X
 _73569_/Y
 _73570_/Y
 _73571_/X
 _73572_/X
 _73573_/Y
 _73574_/X
 _73575_/Y
 _73576_/X
 _73577_/Y
 _73578_/Y
 _73579_/X
 _73580_/X
 _73581_/Y
 _73582_/X
 _73583_/Y
 _73584_/Y
 _73585_/X
 _73586_/Y
 _73587_/X
 _73588_/Y
 _73589_/X
 _73590_/X
 _73591_/Y
 _73592_/Y
 _73593_/Y
 _73594_/X
 _73595_/Y
 _73596_/X
 _73597_/X
 _73598_/Y
 _73599_/X
 _73600_/Y
 _73601_/X
 _73602_/Y
 _73603_/Y
 _73604_/Y
 _73605_/Y
 _73606_/X
 _73607_/Y
 _73608_/X
 _73609_/Y
 _73610_/Y
 _73611_/X
 _73612_/Y
 _73613_/X
 _73614_/Y
 _73615_/X
 _73616_/X
 _73617_/X
 _73618_/X
 _73619_/X
 _73620_/X
 _73621_/Y
 _73622_/X
 _73623_/Y
 _73624_/X
 _73625_/X
 _73626_/Y
 _73627_/X
 _73628_/Y
 _73629_/Y
 _73630_/Y
 _73631_/X
 _73632_/X
 _73633_/Y
 _73634_/Y
 _73635_/X
 _73636_/Y
 _73637_/X
 _73638_/Y
 _73639_/X
 _73640_/X
 _73641_/X
 _73642_/X
 _73643_/X
 _73644_/X
 _73645_/Y
 _73646_/X
 _73647_/Y
 _73648_/Y
 _73649_/X
 _73650_/X
 _73651_/X
 _73652_/Y
 _73653_/Y
 _73654_/X
 _73655_/Y
 _73656_/Y
 _73657_/X
 _73658_/X
 _73659_/Y
 _73660_/X
 _73661_/X
 _73662_/X
 _73663_/X
 _73664_/X
 _73665_/X
 _73666_/Y
 _73667_/Y
 _73668_/X
 _73669_/Y
 _73670_/X
 _73671_/X
 _73672_/X
 _73673_/X
 _73674_/Y
 _73675_/Y
 _73676_/X
 _73677_/Y
 _73678_/X
 _73679_/Y
 _73680_/Y
 _73681_/X
 _73682_/X
 _73683_/X
 _73684_/Y
 _73685_/Y
 _73686_/X
 _73687_/X
 _73688_/X
 _73689_/Y
 _73690_/Y
 _73691_/Y
 _73692_/Y
 _73693_/Y
 _73694_/Y
 _73695_/X
 _73696_/X
 _73697_/Y
 _73698_/Y
 _73699_/X
 _73700_/X
 _73701_/X
 _73702_/X
 _73703_/X
 _73704_/X
 _73705_/Y
 _73706_/X
 _73707_/Y
 _73708_/Y
 _73709_/Y
 _73710_/X
 _73711_/Y
 _73712_/Y
 _73713_/X
 _73714_/Y
 _73715_/Y
 _73716_/Y
 _73717_/X
 _73718_/X
 _73719_/X
 _73720_/X
 _73721_/X
 _73722_/X
 _73723_/X
 _73724_/X
 _73725_/X
 _73726_/Y
 _73727_/Y
 _73728_/X
 _73729_/X
 _73730_/X
 _73731_/Y
 _73732_/Y
 _73733_/X
 _73734_/X
 _73735_/X
 _73736_/Y
 _73737_/X
 _73738_/Y
 _73739_/X
 _73740_/Y
 _73741_/X
 _73742_/Y
 _73743_/Y
 _73744_/Y
 _73745_/X
 _73746_/X
 _73747_/X
 _73748_/X
 _73749_/X
 _73750_/X
 _73751_/Y
 _73752_/Y
 _73753_/X
 _73754_/Y
 _73755_/Y
 _73756_/Y
 _73757_/Y
 _73758_/Y
 _73759_/X
 _73760_/X
 _73761_/X
 _73762_/X
 _73763_/Y
 _73764_/X
 _73765_/X
 _73766_/Y
 _73767_/X
 _73768_/X
 _73769_/X
 _73770_/Y
 _73771_/Y
 _73772_/X
 _73773_/X
 _73774_/Y
 _73775_/X
 _73776_/X
 _73777_/Y
 _73778_/Y
 _73779_/X
 _73780_/Y
 _73781_/X
 _73782_/Y
 _73783_/X
 _73784_/X
 _73785_/Y
 _73786_/Y
 _73787_/X
 _73788_/Y
 _73789_/Y
 _73790_/Y
 _73791_/Y
 _73792_/Y
 _73793_/Y
 _73794_/Y
 _73795_/Y
 _73796_/X
 _73797_/X
 _73798_/Y
 _73799_/X
 _73800_/X
 _73801_/X
 _73802_/Y
 _73803_/Y
 _73804_/Y
 _73805_/Y
 _73806_/X
 _73807_/X
 _73808_/X
 _73809_/X
 _73810_/Y
 _73811_/Y
 _73812_/Y
 _73813_/X
 _73814_/X
 _73815_/X
 _73816_/X
 _73817_/X
 _73818_/X
 _73819_/Y
 _73820_/Y
 _73821_/Y
 _73822_/Y
 _73823_/X
 _73824_/X
 _73825_/Y
 _73826_/Y
 _73827_/Y
 _73828_/Y
 _73829_/X
 _73830_/Y
 _73831_/X
 _73832_/X
 _73833_/Y
 _73834_/Y
 _73835_/X
 _73836_/X
 _73837_/X
 _73838_/Y
 _73839_/Y
 _73840_/Y
 _73841_/X
 _73842_/Y
 _73843_/X
 _73844_/X
 _73845_/X
 _73846_/X
 _73847_/X
 _73848_/X
 _73849_/X
 _73850_/X
 _73851_/X
 _73852_/Y
 _73853_/X
 _73854_/Y
 _73855_/X
 _73856_/Y
 _73857_/Y
 _73858_/X
 _73859_/Y
 _73860_/X
 _73861_/Y
 _73862_/X
 _73863_/Y
 _73864_/Y
 _73865_/X
 _73866_/Y
 _73867_/Y
 _73868_/X
 _73869_/Y
 _73870_/Y
 _73871_/Y
 _73872_/X
 _73873_/Y
 _73874_/Y
 _73875_/Y
 _73876_/Y
 _73877_/X
 _73878_/X
 _73879_/Y
 _73880_/X
 _73881_/X
 _73882_/Y
 _73883_/X
 _73884_/X
 _73885_/X
 _73886_/X
 _73887_/X
 _73888_/X
 _73889_/X
 _73890_/X
 _73891_/Y
 _73892_/Y
 _73893_/Y
 _73894_/Y
 _73895_/X
 _73896_/X
 _73897_/Y
 _73898_/Y
 _73899_/Y
 _73900_/Y
 _73901_/X
 _73902_/X
 _73903_/Y
 _73904_/X
 _73905_/Y
 _73906_/Y
 _73907_/X
 _73908_/Y
 _73909_/Y
 _73910_/X
 _73911_/Y
 _73912_/Y
 _73913_/Y
 _73914_/X
 _73915_/Y
 _73916_/Y
 _73917_/Y
 _73918_/Y
 _73919_/Y
 _73920_/Y
 _73921_/X
 _73922_/Y
 _73923_/Y
 _73924_/X
 _73925_/Y
 _73926_/Y
 _73927_/X
 _73928_/Y
 _73929_/X
 _73930_/Y
 _73931_/Y
 _73932_/Y
 _73933_/X
 _73934_/Y
 _73935_/Y
 _73936_/X
 _73937_/X
 _73938_/X
 _73939_/Y
 _73940_/Y
 _73941_/Y
 _73942_/Y
 _73943_/X
 _73944_/Y
 _73945_/Y
 _73946_/Y
 _73947_/Y
 _73948_/Y
 _73949_/Y
 _73950_/Y
 _73951_/X
 _73952_/X
 _73953_/X
 _73954_/X
 _73955_/Y
 _73956_/X
 _73957_/X
 _73958_/X
 _73959_/Y
 _73960_/X
 _73961_/Y
 _73962_/X
 _73963_/Y
 _73964_/X
 _73965_/Y
 _73966_/X
 _73967_/X
 _73968_/X
 _73969_/X
 _73970_/X
 _73971_/X
 _73972_/X
 _73973_/X
 _73974_/X
 _73975_/X
 _73976_/X
 _73977_/X
 _73978_/X
 _73979_/X
 _73980_/Y
 _73981_/Y
 _73982_/Y
 _73983_/X
 _73984_/Y
 _73985_/X
 _73986_/Y
 _73987_/X
 _73988_/X
 _73989_/Y
 _73990_/Y
 _73991_/X
 _73992_/X
 _73993_/X
 _73994_/X
 _73995_/Y
 _73996_/Y
 _73997_/X
 _73998_/X
 _73999_/Y
 _74000_/X
 _74001_/X
 _74002_/X
 _74003_/X
 _74004_/X
 _74005_/X
 _74006_/X
 _74007_/X
 _74008_/X
 _74009_/X
 _74010_/X
 _74011_/X
 _74012_/X
 _74013_/X
 _74014_/X
 _74015_/X
 _74016_/Y
 _74017_/X
 _74018_/X
 _74019_/X
 _74020_/X
 _74021_/X
 _74022_/Y
 _74023_/X
 _74024_/X
 _74025_/X
 _74026_/X
 _74027_/X
 _74028_/X
 _74029_/X
 _74030_/X
 _74031_/X
 _74032_/X
 _74033_/X
 _74034_/X
 _74035_/X
 _74036_/X
 _74037_/X
 _74038_/X
 _74039_/Y
 _74040_/Y
 _74041_/Y
 _74042_/X
 _74043_/Y
 _74044_/X
 _74045_/X
 _74046_/X
 _74047_/X
 _74048_/X
 _74049_/Y
 _74050_/Y
 _74051_/Y
 _74052_/X
 _74053_/X
 _74054_/X
 _74055_/X
 _74056_/Y
 _74057_/X
 _74058_/X
 _74059_/X
 _74060_/Y
 _74061_/X
 _74062_/X
 _74063_/X
 _74064_/Y
 _74065_/X
 _74066_/X
 _74067_/X
 _74068_/X
 _74069_/X
 _74070_/Y
 _74071_/X
 _74072_/X
 _74073_/X
 _74074_/X
 _74075_/Y
 _74076_/X
 _74077_/X
 _74078_/X
 _74079_/X
 _74080_/X
 _74081_/X
 _74082_/X
 _74083_/X
 _74084_/Y
 _74085_/X
 _74086_/X
 _74087_/X
 _74088_/X
 _74089_/Y
 _74090_/X
 _74091_/X
 _74092_/X
 _74093_/X
 _74094_/Y
 _74095_/X
 _74096_/X
 _74097_/X
 _74098_/X
 _74099_/Y
 _74100_/Y
 _74101_/Y
 _74102_/Y
 _74103_/X
 _74104_/Y
 _74105_/X
 _74106_/Y
 _74107_/X
 _74108_/X
 _74109_/X
 _74110_/Y
 _74111_/X
 _74112_/X
 _74113_/X
 _74114_/X
 _74115_/X
 _74116_/X
 _74117_/X
 _74118_/X
 _74119_/Y
 _74120_/X
 _74121_/Y
 _74122_/X
 _74123_/Y
 _74124_/Y
 _74125_/Y
 _74126_/X
 _74127_/X
 _74128_/X
 _74129_/X
 _74130_/Y
 _74131_/X
 _74132_/X
 _74133_/X
 _74134_/X
 _74135_/Y
 _74136_/X
 _74137_/Y
 _74138_/Y
 _74139_/X
 _74140_/X
 _74141_/X
 _74142_/X
 _74143_/Y
 _74144_/Y
 _74145_/X
 _74146_/X
 _74147_/X
 _74148_/X
 _74149_/X
 _74150_/X
 _74151_/X
 _74152_/Y
 _74153_/X
 _74154_/X
 _74155_/X
 _74156_/Y
 _74157_/X
 _74158_/X
 _74159_/X
 _74160_/X
 _74161_/X
 _74162_/Y
 _74163_/Y
 _74164_/X
 _74165_/X
 _74166_/X
 _74167_/X
 _74168_/Y
 _74169_/X
 _74170_/X
 _74171_/X
 _74172_/X
 _74173_/Y
 _74174_/X
 _74175_/X
 _74176_/Y
 _74177_/X
 _74178_/X
 _74179_/X
 _74180_/Y
 _74181_/X
 _74182_/X
 _74183_/X
 _74184_/Y
 _74185_/Y
 _74186_/X
 _74187_/Y
 _74188_/Y
 _74189_/Y
 _74190_/Y
 _74191_/Y
 _74192_/Y
 _74193_/Y
 _74194_/Y
 _74195_/Y
 _74196_/Y
 _74197_/Y
 _74198_/Y
 _74199_/X
 _74200_/Y
 _74201_/Y
 _74202_/X
 _74203_/Y
 _74204_/X
 _74205_/Y
 _74206_/X
 _74207_/Y
 _74208_/X
 _74209_/X
 _74210_/X
 _74211_/Y
 _74212_/X
 _74213_/X
 _74214_/X
 _74215_/X
 _74216_/X
 _74217_/Y
 _74218_/X
 _74219_/Y
 _74220_/Y
 _74221_/X
 _74222_/Y
 _74223_/Y
 _74224_/X
 _74225_/Y
 _74226_/X
 _74227_/Y
 _74228_/X
 _74229_/X
 _74230_/Y
 _74231_/X
 _74232_/X
 _74233_/X
 _74234_/Y
 _74235_/X
 _74236_/X
 _74237_/Y
 _74238_/X
 _74239_/X
 _74240_/X
 _74241_/Y
 _74242_/X
 _74243_/X
 _74244_/X
 _74245_/X
 _74246_/X
 _74247_/X
 _74248_/X
 _74249_/X
 _74250_/X
 _74251_/Y
 _74252_/X
 _74253_/X
 _74254_/X
 _74255_/X
 _74256_/Y
 _74257_/Y
 _74258_/Y
 _74259_/X
 _74260_/Y
 _74261_/Y
 _74262_/Y
 _74263_/Y
 _74264_/X
 _74265_/X
 _74266_/X
 _74267_/X
 _74268_/X
 _74269_/X
 _74270_/X
 _74271_/X
 _74272_/Y
 _74273_/X
 _74274_/X
 _74275_/Y
 _74276_/Y
 _74277_/Y
 _74278_/Y
 _74279_/Y
 _74280_/Y
 _74281_/X
 _74282_/X
 _74283_/X
 _74284_/Y
 _74285_/X
 _74286_/Y
 _74287_/Y
 _74288_/X
 _74289_/X
 _74290_/X
 _74291_/Y
 _74292_/X
 _74293_/Y
 _74294_/X
 _74295_/X
 _74296_/X
 _74297_/X
 _74298_/X
 _74299_/Y
 _74300_/X
 _74301_/X
 _74302_/Y
 _74303_/X
 _74304_/Y
 _74305_/Y
 _74306_/Y
 _74307_/X
 _74308_/Y
 _74309_/X
 _74310_/X
 _74311_/X
 _74312_/X
 _74313_/Y
 _74314_/X
 _74315_/Y
 _74316_/Y
 _74317_/X
 _74318_/Y
 _74319_/X
 _74320_/X
 _74321_/X
 _74322_/X
 _74323_/X
 _74324_/Y
 _74325_/X
 _74326_/Y
 _74327_/X
 _74328_/X
 _74329_/Y
 _74330_/Y
 _74331_/Y
 _74332_/X
 _74333_/X
 _74334_/X
 _74335_/Y
 _74336_/X
 _74337_/Y
 _74338_/X
 _74339_/X
 _74340_/Y
 _74341_/Y
 _74342_/X
 _74343_/Y
 _74344_/X
 _74345_/Y
 _74346_/Y
 _74347_/Y
 _74348_/X
 _74349_/X
 _74350_/X
 _74351_/X
 _74352_/X
 _74353_/Y
 _74354_/X
 _74355_/X
 _74356_/X
 _74357_/X
 _74358_/Y
 _74359_/Y
 _74360_/X
 _74361_/X
 _74362_/X
 _74363_/Y
 _74364_/Y
 _74365_/X
 _74366_/Y
 _74367_/Y
 _74368_/X
 _74369_/X
 _74370_/Y
 _74371_/Y
 _74372_/Y
 _74373_/X
 _74374_/Y
 _74375_/X
 _74376_/Y
 _74377_/X
 _74378_/Y
 _74379_/Y
 _74380_/Y
 _74381_/Y
 _74382_/X
 _74383_/Y
 _74384_/X
 _74385_/X
 _74386_/X
 _74387_/X
 _74388_/X
 _74389_/X
 _74390_/X
 _74391_/X
 _74392_/Y
 _74393_/X
 _74394_/Y
 _74395_/Y
 _74396_/X
 _74397_/Y
 _74398_/X
 _74399_/X
 _74400_/X
 _74401_/X
 _74402_/Y
 _74403_/Y
 _74404_/Y
 _74405_/Y
 _74406_/Y
 _74407_/Y
 _74408_/X
 _74409_/X
 _74410_/X
 _74411_/X
 _74412_/Y
 _74413_/Y
 _74414_/Y
 _74415_/X
 _74416_/Y
 _74417_/X
 _74418_/X
 _74419_/X
 _74420_/Y
 _74421_/Y
 _74422_/X
 _74423_/Y
 _74424_/X
 _74425_/X
 _74426_/X
 _74427_/X
 _74428_/X
 _74429_/X
 _74430_/Y
 _74431_/X
 _74432_/Y
 _74433_/X
 _74434_/Y
 _74435_/Y
 _74436_/Y
 _74437_/Y
 _74438_/X
 _74439_/X
 _74440_/X
 _74441_/Y
 _74442_/X
 _74443_/X
 _74444_/X
 _74445_/Y
 _74446_/Y
 _74447_/Y
 _74448_/X
 _74449_/X
 _74450_/Y
 _74451_/Y
 _74452_/Y
 _74453_/Y
 _74454_/X
 _74455_/X
 _74456_/X
 _74457_/Y
 _74458_/Y
 _74459_/Y
 _74460_/Y
 _74461_/Y
 _74462_/Y
 _74463_/X
 _74464_/X
 _74465_/Y
 _74466_/X
 _74467_/X
 _74468_/X
 _74469_/X
 _74470_/X
 _74471_/X
 _74472_/Y
 _74473_/Y
 _74474_/X
 _74475_/X
 _74476_/Y
 _74477_/Y
 _74478_/X
 _74479_/Y
 _74480_/Y
 _74481_/X
 _74482_/X
 _74483_/X
 _74484_/X
 _74485_/Y
 _74486_/X
 _74487_/X
 _74488_/Y
 _74489_/Y
 _74490_/Y
 _74491_/X
 _74492_/Y
 _74493_/X
 _74494_/Y
 _74495_/X
 _74496_/X
 _74497_/Y
 _74498_/X
 _74499_/Y
 _74500_/Y
 _74501_/Y
 _74502_/Y
 _74503_/X
 _74504_/X
 _74505_/X
 _74506_/X
 _74507_/Y
 _74508_/X
 _74509_/Y
 _74510_/X
 _74511_/X
 _74512_/X
 _74513_/Y
 _74514_/Y
 _74515_/Y
 _74516_/Y
 _74517_/X
 _74518_/Y
 _74519_/Y
 _74520_/X
 _74521_/X
 _74522_/X
 _74523_/X
 _74524_/X
 _74525_/X
 _74526_/X
 _74527_/Y
 _74528_/X
 _74529_/Y
 _74530_/X
 _74531_/X
 _74532_/Y
 _74533_/X
 _74534_/Y
 _74535_/Y
 _74536_/X
 _74537_/X
 _74538_/X
 _74539_/Y
 _74540_/X
 _74541_/Y
 _74542_/Y
 _74543_/Y
 _74544_/X
 _74545_/X
 _74546_/Y
 _74547_/Y
 _74548_/Y
 _74549_/Y
 _74550_/X
 _74551_/Y
 _74552_/X
 _74553_/X
 _74554_/X
 _74555_/Y
 _74556_/X
 _74557_/X
 _74558_/X
 _74559_/X
 _74560_/X
 _74561_/Y
 _74562_/Y
 _74563_/Y
 _74564_/X
 _74565_/X
 _74566_/Y
 _74567_/X
 _74568_/Y
 _74569_/X
 _74570_/X
 _74571_/X
 _74572_/X
 _74573_/X
 _74574_/X
 _74575_/X
 _74576_/X
 _74577_/X
 _74578_/Y
 _74579_/Y
 _74580_/X
 _74581_/X
 _74582_/Y
 _74583_/X
 _74584_/X
 _74585_/X
 _74586_/X
 _74587_/X
 _74588_/X
 _74589_/X
 _74590_/Y
 _74591_/X
 _74592_/Y
 _74593_/X
 _74594_/Y
 _74595_/X
 _74596_/Y
 _74597_/Y
 _74598_/X
 _74599_/X
 _74600_/X
 _74601_/X
 _74602_/Y
 _74603_/X
 _74604_/X
 _74605_/Y
 _74606_/Y
 _74607_/Y
 _74608_/X
 _74609_/X
 _74610_/X
 _74611_/X
 _74612_/X
 _74613_/X
 _74614_/X
 _74615_/X
 _74616_/X
 _74617_/X
 _74618_/Y
 _74619_/X
 _74620_/X
 _74621_/Y
 _74622_/X
 _74623_/X
 _74624_/Y
 _74625_/Y
 _74626_/X
 _74627_/X
 _74628_/X
 _74629_/Y
 _74630_/Y
 _74631_/X
 _74632_/Y
 _74633_/Y
 _74634_/Y
 _74635_/Y
 _74636_/Y
 _74637_/X
 _74638_/X
 _74639_/Y
 _74640_/X
 _74641_/X
 _74642_/Y
 _74643_/X
 _74644_/Y
 _74645_/X
 _74646_/Y
 _74647_/X
 _74648_/Y
 _74649_/X
 _74650_/Y
 _74651_/X
 _74652_/X
 _74653_/X
 _74654_/X
 _74655_/X
 _74656_/Y
 _74657_/Y
 _74658_/X
 _74659_/Y
 _74660_/X
 _74661_/X
 _74662_/X
 _74663_/X
 _74664_/X
 _74665_/X
 _74666_/X
 _74667_/X
 _74668_/X
 _74669_/X
 _74670_/X
 _74671_/X
 _74672_/X
 _74673_/X
 _74674_/X
 _74675_/X
 _74676_/X
 _74677_/X
 _74678_/X
 _74679_/X
 _74680_/X
 _74681_/X
 _74682_/X
 _74683_/X
 _74684_/Y
 _74685_/X
 _74686_/Y
 _74687_/X
 _74688_/Y
 _74689_/X
 _74690_/X
 _74691_/X
 _74692_/X
 _74693_/X
 _74694_/X
 _74695_/X
 _74696_/X
 _74697_/X
 _74698_/X
 _74699_/X
 _74700_/X
 _74701_/X
 _74702_/X
 _74703_/X
 _74704_/X
 _74705_/X
 _74706_/X
 _74707_/X
 _74708_/X
 _74709_/X
 _74710_/X
 _74711_/X
 _74712_/X
 _74713_/X
 _74714_/X
 _74715_/Y
 _74716_/X
 _74717_/Y
 _74718_/X
 _74719_/X
 _74720_/X
 _74721_/X
 _74722_/X
 _74723_/X
 _74724_/X
 _74725_/X
 _74726_/X
 _74727_/X
 _74728_/X
 _74729_/X
 _74730_/X
 _74731_/X
 _74732_/X
 _74733_/X
 _74734_/X
 _74735_/X
 _74736_/Y
 _74737_/X
 _74738_/X
 _74739_/X
 _74740_/X
 _74741_/X
 _74742_/X
 _74743_/Y
 _74744_/X
 _74745_/X
 _74746_/Y
 _74747_/Y
 _74748_/X
 _74749_/Y
 _74750_/X
 _74751_/X
 _74752_/X
 _74753_/X
 _74754_/X
 _74755_/X
 _74756_/X
 _74757_/Y
 _74758_/Y
 _74759_/Y
 _74760_/X
 _74761_/Y
 _74762_/X
 _74763_/X
 _74764_/X
 _74765_/Y
 _74766_/Y
 _74767_/Y
 _74768_/X
 _74769_/Y
 _74770_/X
 _74771_/X
 _74772_/X
 _74773_/Y
 _74774_/X
 _74775_/X
 _74776_/X
 _74777_/X
 _74778_/Y
 _74779_/X
 _74780_/Y
 _74781_/Y
 _74782_/Y
 _74783_/X
 _74784_/X
 _74785_/X
 _74786_/Y
 _74787_/X
 _74788_/X
 _74789_/Y
 _74790_/Y
 _74791_/X
 _74792_/Y
 _74793_/X
 _74794_/X
 _74795_/X
 _74796_/Y
 _74797_/X
 _74798_/Y
 _74799_/Y
 _74800_/X
 _74801_/X
 _74802_/X
 _74803_/X
 _74804_/X
 _74805_/X
 _74806_/X
 _74807_/X
 _74808_/X
 _74809_/X
 _74810_/X
 _74811_/X
 _74812_/X
 _74813_/X
 _74814_/X
 _74815_/X
 _74816_/X
 _74817_/X
 _74818_/X
 _74819_/X
 _74820_/X
 _74821_/X
 _74822_/X
 _74823_/X
 _74824_/Y
 _74825_/X
 _74826_/X
 _74827_/Y
 _74828_/X
 _74829_/X
 _74830_/Y
 _74831_/X
 _74832_/X
 _74833_/X
 _74834_/X
 _74835_/X
 _74836_/X
 _74837_/Y
 _74838_/Y
 _74839_/X
 _74840_/X
 _74841_/Y
 _74842_/X
 _74843_/X
 _74844_/Y
 _74845_/X
 _74846_/X
 _74847_/Y
 _74848_/Y
 _74849_/X
 _74850_/Y
 _74851_/Y
 _74852_/X
 _74853_/Y
 _74854_/Y
 _74855_/X
 _74856_/Y
 _74857_/Y
 _74858_/X
 _74859_/Y
 _74860_/X
 _74861_/X
 _74862_/X
 _74863_/X
 _74864_/X
 _74865_/X
 _74866_/X
 _74867_/X
 _74868_/X
 _74869_/X
 _74870_/X
 _74871_/X
 _74872_/Y
 _74873_/Y
 _74874_/X
 _74875_/Y
 _74876_/X
 _74877_/Y
 _74878_/X
 _74879_/X
 _74880_/Y
 _74881_/Y
 _74882_/X
 _74883_/X
 _74884_/Y
 _74885_/X
 _74886_/X
 _74887_/X
 _74888_/Y
 _74889_/X
 _74890_/Y
 _74891_/Y
 _74892_/X
 _74893_/Y
 _74894_/X
 _74895_/Y
 _74896_/X
 _74897_/X
 _74898_/X
 _74899_/Y
 _74900_/Y
 _74901_/X
 _74902_/Y
 _74903_/X
 _74904_/Y
 _74905_/X
 _74906_/X
 _74907_/Y
 _74908_/X
 _74909_/Y
 _74910_/X
 _74911_/Y
 _74912_/Y
 _74913_/X
 _74914_/Y
 _74915_/X
 _74916_/X
 _74917_/Y
 _74918_/X
 _74919_/X
 _74920_/Y
 _74921_/X
 _74922_/X
 _74923_/X
 _74924_/Y
 _74925_/Y
 _74926_/X
 _74927_/Y
 _74928_/Y
 _74929_/X
 _74930_/Y
 _74931_/Y
 _74932_/Y
 _74933_/Y
 _74934_/X
 _74935_/Y
 _74936_/Y
 _74937_/Y
 _74938_/X
 _74939_/X
 _74940_/Y
 _74941_/X
 _74942_/X
 _74943_/Y
 _74944_/Y
 _74945_/X
 _74946_/Y
 _74947_/X
 _74948_/X
 _74949_/Y
 _74950_/X
 _74951_/X
 _74952_/X
 _74953_/X
 _74954_/Y
 _74955_/Y
 _74956_/X
 _74957_/X
 _74958_/Y
 _74959_/X
 _74960_/X
 _74961_/Y
 _74962_/Y
 _74963_/X
 _74964_/Y
 _74965_/X
 _74966_/X
 _74967_/Y
 _74968_/X
 _74969_/X
 _74970_/Y
 _74971_/X
 _74972_/X
 _74973_/Y
 _74974_/Y
 _74975_/X
 _74976_/Y
 _74977_/Y
 _74978_/X
 _74979_/Y
 _74980_/Y
 _74981_/Y
 _74982_/X
 _74983_/X
 _74984_/Y
 _74985_/X
 _74986_/Y
 _74987_/X
 _74988_/X
 _74989_/Y
 _74990_/X
 _74991_/X
 _74992_/X
 _74993_/X
 _74994_/Y
 _74995_/X
 _74996_/X
 _74997_/X
 _74998_/Y
 _74999_/X
 _75000_/X
 _75001_/X
 _75002_/Y
 _75003_/X
 _75004_/X
 _75005_/Y
 _75006_/X
 _75007_/X
 _75008_/Y
 _75009_/X
 _75010_/X
 _75011_/Y
 _75012_/Y
 _75013_/X
 _75014_/Y
 _75015_/Y
 _75016_/X
 _75017_/Y
 _75018_/Y
 _75019_/Y
 _75020_/X
 _75021_/X
 _75022_/X
 _75023_/X
 _75024_/Y
 _75025_/X
 _75026_/Y
 _75027_/X
 _75028_/X
 _75029_/Y
 _75030_/Y
 _75031_/Y
 _75032_/Y
 _75033_/X
 _75034_/X
 _75035_/Y
 _75036_/Y
 _75037_/Y
 _75038_/X
 _75039_/Y
 _75040_/X
 _75041_/Y
 _75042_/Y
 _75043_/X
 _75044_/X
 _75045_/Y
 _75046_/Y
 _75047_/X
 _75048_/Y
 _75049_/X
 _75050_/Y
 _75051_/X
 _75052_/X
 _75053_/X
 _75054_/Y
 _75055_/X
 _75056_/X
 _75057_/Y
 _75058_/X
 _75059_/Y
 _75060_/X
 _75061_/X
 _75062_/Y
 _75063_/X
 _75064_/X
 _75065_/Y
 _75066_/Y
 _75067_/X
 _75068_/Y
 _75069_/Y
 _75070_/X
 _75071_/Y
 _75072_/Y
 _75073_/X
 _75074_/Y
 _75075_/X
 _75076_/X
 _75077_/X
 _75078_/X
 _75079_/X
 _75080_/Y
 _75081_/X
 _75082_/Y
 _75083_/X
 _75084_/Y
 _75085_/X
 _75086_/X
 _75087_/Y
 _75088_/X
 _75089_/Y
 _75090_/X
 _75091_/Y
 _75092_/Y
 _75093_/Y
 _75094_/Y
 _75095_/Y
 _75096_/Y
 _75097_/X
 _75098_/X
 _75099_/Y
 _75100_/Y
 _75101_/Y
 _75102_/Y
 _75103_/X
 _75104_/Y
 _75105_/X
 _75106_/Y
 _75107_/Y
 _75108_/X
 _75109_/Y
 _75110_/X
 _75111_/X
 _75112_/X
 _75113_/X
 _75114_/Y
 _75115_/X
 _75116_/Y
 _75117_/X
 _75118_/X
 _75119_/X
 _75120_/X
 _75121_/X
 _75122_/X
 _75123_/X
 _75124_/X
 _75125_/X
 _75126_/Y
 _75127_/Y
 _75128_/Y
 _75129_/X
 _75130_/Y
 _75131_/X
 _75132_/X
 _75133_/X
 _75134_/Y
 _75135_/Y
 _75136_/Y
 _75137_/Y
 _75138_/X
 _75139_/Y
 _75140_/Y
 _75141_/X
 _75142_/Y
 _75143_/X
 _75144_/X
 _75145_/Y
 _75146_/X
 _75147_/X
 _75148_/Y
 _75149_/Y
 _75150_/X
 _75151_/Y
 _75152_/Y
 _75153_/X
 _75154_/Y
 _75155_/Y
 _75156_/Y
 _75157_/Y
 _75158_/X
 _75159_/X
 _75160_/X
 _75161_/X
 _75162_/X
 _75163_/X
 _75164_/X
 _75165_/X
 _75166_/X
 _75167_/X
 _75168_/X
 _75169_/Y
 _75170_/X
 _75171_/Y
 _75172_/Y
 _75173_/X
 _75174_/X
 _75175_/Y
 _75176_/X
 _75177_/X
 _75178_/X
 _75179_/Y
 _75180_/X
 _75181_/Y
 _75182_/Y
 _75183_/Y
 _75184_/X
 _75185_/X
 _75186_/Y
 _75187_/X
 _75188_/Y
 _75189_/X
 _75190_/Y
 _75191_/Y
 _75192_/Y
 _75193_/X
 _75194_/X
 _75195_/Y
 _75196_/X
 _75197_/X
 _75198_/Y
 _75199_/Y
 _75200_/X
 _75201_/Y
 _75202_/X
 _75203_/X
 _75204_/X
 _75205_/Y
 _75206_/X
 _75207_/Y
 _75208_/X
 _75209_/X
 _75210_/X
 _75211_/X
 _75212_/X
 _75213_/X
 _75214_/X
 _75215_/X
 _75216_/Y
 _75217_/Y
 _75218_/X
 _75219_/X
 _75220_/Y
 _75221_/X
 _75222_/X
 _75223_/Y
 _75224_/X
 _75225_/Y
 _75226_/Y
 _75227_/Y
 _75228_/Y
 _75229_/X
 _75230_/Y
 _75231_/Y
 _75232_/Y
 _75233_/X
 _75234_/Y
 _75235_/X
 _75236_/X
 _75237_/Y
 _75238_/X
 _75239_/X
 _75240_/Y
 _75241_/Y
 _75242_/X
 _75243_/Y
 _75244_/Y
 _75245_/X
 _75246_/Y
 _75247_/Y
 _75248_/Y
 _75249_/X
 _75250_/X
 _75251_/Y
 _75252_/X
 _75253_/Y
 _75254_/Y
 _75255_/Y
 _75256_/X
 _75257_/Y
 _75258_/X
 _75259_/Y
 _75260_/Y
 _75261_/Y
 _75262_/Y
 _75263_/X
 _75264_/X
 _75265_/X
 _75266_/Y
 _75267_/X
 _75268_/X
 _75269_/Y
 _75270_/X
 _75271_/Y
 _75272_/X
 _75273_/Y
 _75274_/X
 _75275_/X
 _75276_/Y
 _75277_/X
 _75278_/Y
 _75279_/Y
 _75280_/Y
 _75281_/X
 _75282_/Y
 _75283_/X
 _75284_/Y
 _75285_/X
 _75286_/X
 _75287_/Y
 _75288_/Y
 _75289_/Y
 _75290_/X
 _75291_/Y
 _75292_/Y
 _75293_/Y
 _75294_/X
 _75295_/Y
 _75296_/X
 _75297_/X
 _75298_/X
 _75299_/X
 _75300_/Y
 _75301_/X
 _75302_/Y
 _75303_/X
 _75304_/X
 _75305_/X
 _75306_/X
 _75307_/Y
 _75308_/X
 _75309_/X
 _75310_/X
 _75311_/X
 _75312_/Y
 _75313_/Y
 _75314_/Y
 _75315_/X
 _75316_/Y
 _75317_/X
 _75318_/X
 _75319_/X
 _75320_/Y
 _75321_/Y
 _75322_/X
 _75323_/X
 _75324_/X
 _75325_/X
 _75326_/Y
 _75327_/Y
 _75328_/Y
 _75329_/X
 _75330_/Y
 _75331_/X
 _75332_/X
 _75333_/Y
 _75334_/X
 _75335_/X
 _75336_/Y
 _75337_/Y
 _75338_/X
 _75339_/Y
 _75340_/Y
 _75341_/X
 _75342_/Y
 _75343_/Y
 _75344_/Y
 _75345_/X
 _75346_/Y
 _75347_/X
 _75348_/X
 _75349_/X
 _75350_/X
 _75351_/X
 _75352_/X
 _75353_/X
 _75354_/X
 _75355_/X
 _75356_/X
 _75357_/X
 _75358_/X
 _75359_/X
 _75360_/X
 _75361_/Y
 _75362_/X
 _75363_/Y
 _75364_/X
 _75365_/Y
 _75366_/Y
 _75367_/X
 _75368_/Y
 _75369_/Y
 _75370_/Y
 _75371_/X
 _75372_/Y
 _75373_/X
 _75374_/X
 _75375_/Y
 _75376_/Y
 _75377_/X
 _75378_/Y
 _75379_/X
 _75380_/Y
 _75381_/Y
 _75382_/X
 _75383_/Y
 _75384_/Y
 _75385_/X
 _75386_/X
 _75387_/Y
 _75388_/X
 _75389_/X
 _75390_/X
 _75391_/X
 _75392_/Y
 _75393_/X
 _75394_/Y
 _75395_/Y
 _75396_/X
 _75397_/Y
 _75398_/X
 _75399_/Y
 _75400_/X
 _75401_/Y
 _75402_/Y
 _75403_/X
 _75404_/Y
 _75405_/X
 _75406_/X
 _75407_/X
 _75408_/X
 _75409_/Y
 _75410_/X
 _75411_/Y
 _75412_/X
 _75413_/X
 _75414_/X
 _75415_/X
 _75416_/X
 _75417_/X
 _75418_/X
 _75419_/X
 _75420_/Y
 _75421_/Y
 _75422_/X
 _75423_/X
 _75424_/Y
 _75425_/X
 _75426_/X
 _75427_/Y
 _75428_/X
 _75429_/Y
 _75430_/Y
 _75431_/X
 _75432_/Y
 _75433_/Y
 _75434_/Y
 _75435_/Y
 _75436_/X
 _75437_/X
 _75438_/Y
 _75439_/X
 _75440_/X
 _75441_/Y
 _75442_/X
 _75443_/X
 _75444_/Y
 _75445_/Y
 _75446_/X
 _75447_/Y
 _75448_/Y
 _75449_/X
 _75450_/Y
 _75451_/Y
 _75452_/X
 _75453_/Y
 _75454_/Y
 _75455_/X
 _75456_/Y
 _75457_/X
 _75458_/X
 _75459_/X
 _75460_/X
 _75461_/X
 _75462_/Y
 _75463_/X
 _75464_/X
 _75465_/X
 _75466_/X
 _75467_/X
 _75468_/X
 _75469_/X
 _75470_/X
 _75471_/X
 _75472_/Y
 _75473_/X
 _75474_/X
 _75475_/X
 _75476_/X
 _75477_/X
 _75478_/Y
 _75479_/Y
 _75480_/Y
 _75481_/Y
 _75482_/X
 _75483_/Y
 _75484_/X
 _75485_/Y
 _75486_/X
 _75487_/Y
 _75488_/X
 _75489_/Y
 _75490_/X
 _75491_/Y
 _75492_/Y
 _75493_/Y
 _75494_/X
 _75495_/Y
 _75496_/X
 _75497_/Y
 _75498_/Y
 _75499_/Y
 _75500_/Y
 _75501_/X
 _75502_/Y
 _75503_/Y
 _75504_/Y
 _75505_/Y
 _75506_/X
 _75507_/X
 _75508_/Y
 _75509_/X
 _75510_/Y
 _75511_/X
 _75512_/Y
 _75513_/Y
 _75514_/X
 _75515_/X
 _75516_/Y
 _75517_/X
 _75518_/X
 _75519_/Y
 _75520_/X
 _75521_/Y
 _75522_/Y
 _75523_/Y
 _75524_/X
 _75525_/Y
 _75526_/X
 _75527_/Y
 _75528_/Y
 _75529_/Y
 _75530_/X
 _75531_/X
 _75532_/X
 _75533_/X
 _75534_/Y
 _75535_/Y
 _75536_/Y
 _75537_/Y
 _75538_/X
 _75539_/Y
 _75540_/X
 _75541_/X
 _75542_/X
 _75543_/X
 _75544_/Y
 _75545_/X
 _75546_/Y
 _75547_/X
 _75548_/X
 _75549_/X
 _75550_/X
 _75551_/Y
 _75552_/X
 _75553_/X
 _75554_/X
 _75555_/X
 _75556_/Y
 _75557_/Y
 _75558_/Y
 _75559_/X
 _75560_/Y
 _75561_/X
 _75562_/X
 _75563_/X
 _75564_/Y
 _75565_/Y
 _75566_/X
 _75567_/X
 _75568_/X
 _75569_/X
 _75570_/Y
 _75571_/Y
 _75572_/X
 _75573_/Y
 _75574_/X
 _75575_/X
 _75576_/Y
 _75577_/X
 _75578_/X
 _75579_/Y
 _75580_/Y
 _75581_/X
 _75582_/Y
 _75583_/Y
 _75584_/X
 _75585_/Y
 _75586_/Y
 _75587_/Y
 _75588_/X
 _75589_/Y
 _75590_/Y
 _75591_/Y
 _75592_/X
 _75593_/Y
 _75594_/Y
 _75595_/Y
 _75596_/Y
 _75597_/X
 _75598_/Y
 _75599_/Y
 _75600_/X
 _75601_/Y
 _75602_/Y
 _75603_/Y
 _75604_/X
 _75605_/Y
 _75606_/Y
 _75607_/X
 _75608_/Y
 _75609_/Y
 _75610_/Y
 _75611_/X
 _75612_/X
 _75613_/X
 _75614_/X
 _75615_/Y
 _75616_/Y
 _75617_/X
 _75618_/X
 _75619_/Y
 _75620_/X
 _75621_/X
 _75622_/Y
 _75623_/X
 _75624_/Y
 _75625_/X
 _75626_/Y
 _75627_/Y
 _75628_/X
 _75629_/Y
 _75630_/X
 _75631_/X
 _75632_/Y
 _75633_/X
 _75634_/X
 _75635_/X
 _75636_/X
 _75637_/X
 _75638_/X
 _75639_/X
 _75640_/X
 _75641_/X
 _75642_/X
 _75643_/X
 _75644_/X
 _75645_/X
 _75646_/Y
 _75647_/Y
 _75648_/X
 _75649_/X
 _75650_/Y
 _75651_/Y
 _75652_/Y
 _75653_/X
 _75654_/X
 _75655_/Y
 _75656_/Y
 _75657_/X
 _75658_/X
 _75659_/X
 _75660_/Y
 _75661_/X
 _75662_/Y
 _75663_/Y
 _75664_/X
 _75665_/Y
 _75666_/X
 _75667_/X
 _75668_/X
 _75669_/X
 _75670_/Y
 _75671_/X
 _75672_/Y
 _75673_/X
 _75674_/X
 _75675_/X
 _75676_/X
 _75677_/X
 _75678_/X
 _75679_/X
 _75680_/X
 _75681_/Y
 _75682_/Y
 _75683_/X
 _75684_/X
 _75685_/Y
 _75686_/X
 _75687_/X
 _75688_/Y
 _75689_/X
 _75690_/Y
 _75691_/Y
 _75692_/X
 _75693_/Y
 _75694_/Y
 _75695_/Y
 _75696_/X
 _75697_/Y
 _75698_/X
 _75699_/Y
 _75700_/X
 _75701_/X
 _75702_/Y
 _75703_/X
 _75704_/X
 _75705_/Y
 _75706_/Y
 _75707_/X
 _75708_/Y
 _75709_/Y
 _75710_/Y
 _75711_/X
 _75712_/X
 _75713_/Y
 _75714_/Y
 _75715_/Y
 _75716_/Y
 _75717_/Y
 _75718_/Y
 _75719_/X
 _75720_/Y
 _75721_/Y
 _75722_/Y
 _75723_/X
 _75724_/X
 _75725_/X
 _75726_/X
 _75727_/Y
 _75728_/Y
 _75729_/Y
 _75730_/X
 _75731_/Y
 _75732_/Y
 _75733_/X
 _75734_/Y
 _75735_/Y
 _75736_/X
 _75737_/X
 _75738_/Y
 _75739_/X
 _75740_/X
 _75741_/X
 _75742_/Y
 _75743_/Y
 _75744_/Y
 _75745_/X
 _75746_/Y
 _75747_/X
 _75748_/X
 _75749_/X
 _75750_/Y
 _75751_/X
 _75752_/Y
 _75753_/Y
 _75754_/Y
 _75755_/X
 _75756_/Y
 _75757_/X
 _75758_/X
 _75759_/Y
 _75760_/X
 _75761_/X
 _75762_/X
 _75763_/X
 _75764_/X
 _75765_/X
 _75766_/X
 _75767_/X
 _75768_/X
 _75769_/X
 _75770_/X
 _75771_/X
 _75772_/X
 _75773_/Y
 _75774_/Y
 _75775_/X
 _75776_/X
 _75777_/Y
 _75778_/Y
 _75779_/Y
 _75780_/X
 _75781_/Y
 _75782_/Y
 _75783_/X
 _75784_/X
 _75785_/Y
 _75786_/X
 _75787_/Y
 _75788_/X
 _75789_/X
 _75790_/Y
 _75791_/Y
 _75792_/X
 _75793_/Y
 _75794_/X
 _75795_/X
 _75796_/X
 _75797_/X
 _75798_/Y
 _75799_/X
 _75800_/Y
 _75801_/X
 _75802_/X
 _75803_/X
 _75804_/X
 _75805_/Y
 _75806_/X
 _75807_/X
 _75808_/X
 _75809_/X
 _75810_/Y
 _75811_/Y
 _75812_/Y
 _75813_/X
 _75814_/Y
 _75815_/X
 _75816_/X
 _75817_/X
 _75818_/Y
 _75819_/Y
 _75820_/X
 _75821_/X
 _75822_/X
 _75823_/X
 _75824_/Y
 _75825_/Y
 _75826_/Y
 _75827_/X
 _75828_/Y
 _75829_/X
 _75830_/X
 _75831_/Y
 _75832_/X
 _75833_/X
 _75834_/Y
 _75835_/Y
 _75836_/X
 _75837_/Y
 _75838_/Y
 _75839_/X
 _75840_/Y
 _75841_/Y
 _75842_/Y
 _75843_/X
 _75844_/X
 _75845_/Y
 _75846_/X
 _75847_/Y
 _75848_/Y
 _75849_/Y
 _75850_/X
 _75851_/Y
 _75852_/X
 _75853_/Y
 _75854_/Y
 _75855_/Y
 _75856_/X
 _75857_/Y
 _75858_/Y
 _75859_/Y
 _75860_/Y
 _75861_/X
 _75862_/Y
 _75863_/Y
 _75864_/X
 _75865_/Y
 _75866_/X
 _75867_/Y
 _75868_/Y
 _75869_/X
 _75870_/X
 _75871_/Y
 _75872_/X
 _75873_/X
 _75874_/Y
 _75875_/X
 _75876_/Y
 _75877_/X
 _75878_/Y
 _75879_/Y
 _75880_/X
 _75881_/Y
 _75882_/X
 _75883_/Y
 _75884_/Y
 _75885_/X
 _75886_/Y
 _75887_/Y
 _75888_/X
 _75889_/X
 _75890_/X
 _75891_/X
 _75892_/X
 _75893_/Y
 _75894_/Y
 _75895_/X
 _75896_/Y
 _75897_/X
 _75898_/X
 _75899_/Y
 _75900_/Y
 _75901_/X
 _75902_/Y
 _75903_/X
 _75904_/X
 _75905_/Y
 _75906_/Y
 _75907_/Y
 _75908_/Y
 _75909_/Y
 _75910_/Y
 _75911_/X
 _75912_/Y
 _75913_/X
 _75914_/X
 _75915_/X
 _75916_/X
 _75917_/Y
 _75918_/X
 _75919_/Y
 _75920_/X
 _75921_/X
 _75922_/X
 _75923_/X
 _75924_/X
 _75925_/X
 _75926_/X
 _75927_/X
 _75928_/Y
 _75929_/Y
 _75930_/X
 _75931_/X
 _75932_/Y
 _75933_/X
 _75934_/X
 _75935_/Y
 _75936_/X
 _75937_/Y
 _75938_/Y
 _75939_/X
 _75940_/Y
 _75941_/Y
 _75942_/Y
 _75943_/X
 _75944_/Y
 _75945_/X
 _75946_/Y
 _75947_/X
 _75948_/X
 _75949_/Y
 _75950_/X
 _75951_/X
 _75952_/Y
 _75953_/Y
 _75954_/X
 _75955_/Y
 _75956_/Y
 _75957_/Y
 _75958_/X
 _75959_/X
 _75960_/Y
 _75961_/Y
 _75962_/Y
 _75963_/Y
 _75964_/Y
 _75965_/Y
 _75966_/X
 _75967_/Y
 _75968_/X
 _75969_/Y
 _75970_/Y
 _75971_/X
 _75972_/Y
 _75973_/Y
 _75974_/X
 _75975_/X
 _75976_/X
 _75977_/Y
 _75978_/X
 _75979_/X
 _75980_/Y
 _75981_/Y
 _75982_/Y
 _75983_/X
 _75984_/X
 _75985_/Y
 _75986_/X
 _75987_/X
 _75988_/X
 _75989_/X
 _75990_/X
 _75991_/X
 _75992_/X
 _75993_/X
 _75994_/X
 _75995_/X
 _75996_/X
 _75997_/X
 _75998_/X
 _75999_/X
 _76000_/X
 _76001_/Y
 _76002_/X
 _76003_/Y
 _76004_/Y
 _76005_/X
 _76006_/Y
 _76007_/X
 _76008_/Y
 _76009_/X
 _76010_/X
 _76011_/X
 _76012_/Y
 _76013_/Y
 _76014_/X
 _76015_/X
 _76016_/Y
 _76017_/Y
 _76018_/X
 _76019_/X
 _76020_/X
 _76021_/Y
 _76022_/X
 _76023_/X
 _76024_/Y
 _76025_/X
 _76026_/X
 _76027_/X
 _76028_/Y
 _76029_/Y
 _76030_/Y
 _76031_/X
 _76032_/Y
 _76033_/X
 _76034_/X
 _76035_/X
 _76036_/Y
 _76037_/X
 _76038_/Y
 _76039_/Y
 _76040_/X
 _76041_/Y
 _76042_/X
 _76043_/Y
 _76044_/Y
 _76045_/X
 _76046_/Y
 _76047_/Y
 _76048_/Y
 _76049_/X
 _76050_/Y
 _76051_/Y
 _76052_/Y
 _76053_/X
 _76054_/Y
 _76055_/Y
 _76056_/Y
 _76057_/X
 _76058_/Y
 _76059_/X
 _76060_/X
 _76061_/X
 _76062_/X
 _76063_/Y
 _76064_/X
 _76065_/Y
 _76066_/X
 _76067_/X
 _76068_/X
 _76069_/X
 _76070_/Y
 _76071_/X
 _76072_/X
 _76073_/X
 _76074_/X
 _76075_/Y
 _76076_/Y
 _76077_/Y
 _76078_/X
 _76079_/Y
 _76080_/X
 _76081_/X
 _76082_/X
 _76083_/Y
 _76084_/Y
 _76085_/X
 _76086_/X
 _76087_/X
 _76088_/X
 _76089_/Y
 _76090_/Y
 _76091_/Y
 _76092_/X
 _76093_/Y
 _76094_/X
 _76095_/X
 _76096_/Y
 _76097_/X
 _76098_/X
 _76099_/Y
 _76100_/Y
 _76101_/X
 _76102_/Y
 _76103_/Y
 _76104_/X
 _76105_/Y
 _76106_/Y
 _76107_/Y
 _76108_/X
 _76109_/Y
 _76110_/X
 _76111_/Y
 _76112_/Y
 _76113_/Y
 _76114_/X
 _76115_/Y
 _76116_/Y
 _76117_/Y
 _76118_/Y
 _76119_/Y
 _76120_/Y
 _76121_/Y
 _76122_/Y
 _76123_/X
 _76124_/Y
 _76125_/Y
 _76126_/Y
 _76127_/Y
 _76128_/X
 _76129_/Y
 _76130_/X
 _76131_/X
 _76132_/X
 _76133_/X
 _76134_/X
 _76135_/Y
 _76136_/Y
 _76137_/X
 _76138_/X
 _76139_/X
 _76140_/X
 _76141_/X
 _76142_/X
 _76143_/X
 _76144_/X
 _76145_/X
 _76146_/X
 _76147_/Y
 _76148_/Y
 _76149_/Y
 _76150_/X
 _76151_/Y
 _76152_/X
 _76153_/Y
 _76154_/X
 _76155_/Y
 _76156_/X
 _76157_/X
 _76158_/X
 _76159_/Y
 _76160_/Y
 _76161_/X
 _76162_/Y
 _76163_/X
 _76164_/X
 _76165_/X
 _76166_/Y
 _76167_/Y
 _76168_/Y
 _76169_/X
 _76170_/Y
 _76171_/X
 _76172_/X
 _76173_/X
 _76174_/Y
 _76175_/X
 _76176_/Y
 _76177_/Y
 _76178_/Y
 _76179_/X
 _76180_/Y
 _76181_/X
 _76182_/X
 _76183_/Y
 _76184_/X
 _76185_/Y
 _76186_/Y
 _76187_/Y
 _76188_/X
 _76189_/X
 _76190_/Y
 _76191_/Y
 _76192_/Y
 _76193_/Y
 _76194_/X
 _76195_/Y
 _76196_/Y
 _76197_/X
 _76198_/Y
 _76199_/X
 _76200_/X
 _76201_/X
 _76202_/X
 _76203_/Y
 _76204_/X
 _76205_/Y
 _76206_/X
 _76207_/X
 _76208_/X
 _76209_/X
 _76210_/X
 _76211_/X
 _76212_/X
 _76213_/X
 _76214_/Y
 _76215_/Y
 _76216_/X
 _76217_/X
 _76218_/Y
 _76219_/X
 _76220_/X
 _76221_/Y
 _76222_/X
 _76223_/Y
 _76224_/Y
 _76225_/X
 _76226_/Y
 _76227_/Y
 _76228_/Y
 _76229_/X
 _76230_/Y
 _76231_/X
 _76232_/Y
 _76233_/X
 _76234_/X
 _76235_/Y
 _76236_/X
 _76237_/X
 _76238_/Y
 _76239_/Y
 _76240_/X
 _76241_/Y
 _76242_/Y
 _76243_/Y
 _76244_/X
 _76245_/X
 _76246_/Y
 _76247_/Y
 _76248_/X
 _76249_/Y
 _76250_/Y
 _76251_/Y
 _76252_/X
 _76253_/Y
 _76254_/Y
 _76255_/Y
 _76256_/X
 _76257_/X
 _76258_/Y
 _76259_/Y
 _76260_/X
 _76261_/X
 _76262_/X
 _76263_/Y
 _76264_/X
 _76265_/X
 _76266_/Y
 _76267_/Y
 _76268_/Y
 _76269_/X
 _76270_/Y
 _76271_/Y
 _76272_/X
 _76273_/Y
 _76274_/X
 _76275_/X
 _76276_/X
 _76277_/X
 _76278_/X
 _76279_/Y
 _76280_/Y
 _76281_/X
 _76282_/X
 _76283_/X
 _76284_/X
 _76285_/X
 _76286_/Y
 _76287_/X
 _76288_/X
 _76289_/Y
 _76290_/Y
 _76291_/X
 _76292_/Y
 _76293_/X
 _76294_/Y
 _76295_/X
 _76296_/Y
 _76297_/X
 _76298_/Y
 _76299_/X
 _76300_/X
 _76301_/Y
 _76302_/X
 _76303_/X
 _76304_/Y
 _76305_/X
 _76306_/X
 _76307_/X
 _76308_/Y
 _76309_/Y
 _76310_/Y
 _76311_/X
 _76312_/Y
 _76313_/X
 _76314_/X
 _76315_/X
 _76316_/Y
 _76317_/X
 _76318_/Y
 _76319_/Y
 _76320_/X
 _76321_/Y
 _76322_/X
 _76323_/Y
 _76324_/Y
 _76325_/X
 _76326_/Y
 _76327_/Y
 _76328_/X
 _76329_/Y
 _76330_/Y
 _76331_/Y
 _76332_/X
 _76333_/X
 _76334_/Y
 _76335_/Y
 _76336_/Y
 _76337_/X
 _76338_/Y
 _76339_/X
 _76340_/X
 _76341_/X
 _76342_/X
 _76343_/Y
 _76344_/X
 _76345_/Y
 _76346_/X
 _76347_/X
 _76348_/X
 _76349_/X
 _76350_/Y
 _76351_/X
 _76352_/X
 _76353_/X
 _76354_/X
 _76355_/Y
 _76356_/Y
 _76357_/Y
 _76358_/X
 _76359_/Y
 _76360_/X
 _76361_/X
 _76362_/X
 _76363_/Y
 _76364_/Y
 _76365_/X
 _76366_/X
 _76367_/X
 _76368_/X
 _76369_/Y
 _76370_/X
 _76371_/Y
 _76372_/X
 _76373_/X
 _76374_/Y
 _76375_/X
 _76376_/X
 _76377_/Y
 _76378_/Y
 _76379_/X
 _76380_/Y
 _76381_/Y
 _76382_/X
 _76383_/Y
 _76384_/Y
 _76385_/X
 _76386_/Y
 _76387_/Y
 _76388_/X
 _76389_/Y
 _76390_/X
 _76391_/X
 _76392_/Y
 _76393_/X
 _76394_/Y
 _76395_/X
 _76396_/X
 _76397_/Y
 _76398_/X
 _76399_/X
 _76400_/Y
 _76401_/Y
 _76402_/X
 _76403_/Y
 _76404_/Y
 _76405_/X
 _76406_/Y
 _76407_/Y
 _76408_/Y
 _76409_/Y
 _76410_/X
 _76411_/X
 _76412_/X
 _76413_/X
 _76414_/Y
 _76415_/X
 _76416_/X
 _76417_/X
 _76418_/X
 _76419_/X
 _76420_/X
 _76421_/Y
 _76422_/X
 _76423_/Y
 _76424_/Y
 _76425_/X
 _76426_/Y
 _76427_/Y
 _76428_/X
 _76429_/Y
 _76430_/Y
 _76431_/X
 _76432_/X
 _76433_/Y
 _76434_/Y
 _76435_/X
 _76436_/Y
 _76437_/X
 _76438_/X
 _76439_/X
 _76440_/X
 _76441_/X
 _76442_/Y
 _76443_/Y
 _76444_/X
 _76445_/X
 _76446_/Y
 _76447_/X
 _76448_/X
 _76449_/Y
 _76450_/X
 _76451_/Y
 _76452_/Y
 _76453_/X
 _76454_/Y
 _76455_/X
 _76456_/X
 _76457_/Y
 _76458_/X
 _76459_/X
 _76460_/X
 _76461_/Y
 _76462_/Y
 _76463_/Y
 _76464_/X
 _76465_/Y
 _76466_/X
 _76467_/X
 _76468_/X
 _76469_/Y
 _76470_/X
 _76471_/Y
 _76472_/Y
 _76473_/Y
 _76474_/X
 _76475_/Y
 _76476_/X
 _76477_/X
 _76478_/Y
 _76479_/X
 _76480_/X
 _76481_/X
 _76482_/Y
 _76483_/Y
 _76484_/X
 _76485_/Y
 _76486_/Y
 _76487_/Y
 _76488_/X
 _76489_/Y
 _76490_/Y
 _76491_/Y
 _76492_/Y
 _76493_/Y
 _76494_/X
 _76495_/Y
 _76496_/X
 _76497_/X
 _76498_/X
 _76499_/X
 _76500_/Y
 _76501_/X
 _76502_/Y
 _76503_/X
 _76504_/X
 _76505_/X
 _76506_/X
 _76507_/X
 _76508_/X
 _76509_/X
 _76510_/X
 _76511_/X
 _76512_/Y
 _76513_/Y
 _76514_/Y
 _76515_/X
 _76516_/Y
 _76517_/X
 _76518_/X
 _76519_/X
 _76520_/Y
 _76521_/Y
 _76522_/Y
 _76523_/Y
 _76524_/Y
 _76525_/X
 _76526_/Y
 _76527_/X
 _76528_/Y
 _76529_/X
 _76530_/X
 _76531_/Y
 _76532_/X
 _76533_/X
 _76534_/Y
 _76535_/Y
 _76536_/X
 _76537_/Y
 _76538_/Y
 _76539_/Y
 _76540_/X
 _76541_/X
 _76542_/Y
 _76543_/Y
 _76544_/Y
 _76545_/X
 _76546_/Y
 _76547_/Y
 _76548_/X
 _76549_/Y
 _76550_/X
 _76551_/Y
 _76552_/X
 _76553_/X
 _76554_/Y
 _76555_/X
 _76556_/X
 _76557_/Y
 _76558_/Y
 _76559_/X
 _76560_/X
 _76561_/Y
 _76562_/Y
 _76563_/Y
 _76564_/Y
 _76565_/Y
 _76566_/X
 _76567_/Y
 _76568_/X
 _76569_/X
 _76570_/X
 _76571_/X
 _76572_/X
 _76573_/X
 _76574_/X
 _76575_/X
 _76576_/X
 _76577_/X
 _76578_/X
 _76579_/X
 _76580_/X
 _76581_/X
 _76582_/Y
 _76583_/X
 _76584_/Y
 _76585_/Y
 _76586_/X
 _76587_/X
 _76588_/Y
 _76589_/X
 _76590_/X
 _76591_/Y
 _76592_/Y
 _76593_/X
 _76594_/Y
 _76595_/X
 _76596_/X
 _76597_/X
 _76598_/X
 _76599_/X
 _76600_/Y
 _76601_/Y
 _76602_/X
 _76603_/Y
 _76604_/Y
 _76605_/X
 _76606_/X
 _76607_/Y
 _76608_/Y
 _76609_/X
 _76610_/Y
 _76611_/Y
 _76612_/Y
 _76613_/X
 _76614_/X
 _76615_/X
 _76616_/Y
 _76617_/X
 _76618_/X
 _76619_/X
 _76620_/Y
 _76621_/Y
 _76622_/Y
 _76623_/X
 _76624_/Y
 _76625_/X
 _76626_/X
 _76627_/X
 _76628_/Y
 _76629_/X
 _76630_/Y
 _76631_/Y
 _76632_/Y
 _76633_/X
 _76634_/Y
 _76635_/X
 _76636_/X
 _76637_/Y
 _76638_/Y
 _76639_/Y
 _76640_/X
 _76641_/Y
 _76642_/X
 _76643_/Y
 _76644_/Y
 _76645_/X
 _76646_/Y
 _76647_/Y
 _76648_/X
 _76649_/Y
 _76650_/X
 _76651_/Y
 _76652_/Y
 _76653_/X
 _76654_/Y
 _76655_/X
 _76656_/X
 _76657_/X
 _76658_/X
 _76659_/Y
 _76660_/X
 _76661_/Y
 _76662_/X
 _76663_/X
 _76664_/X
 _76665_/X
 _76666_/X
 _76667_/X
 _76668_/X
 _76669_/X
 _76670_/X
 _76671_/Y
 _76672_/Y
 _76673_/Y
 _76674_/X
 _76675_/Y
 _76676_/X
 _76677_/X
 _76678_/X
 _76679_/Y
 _76680_/Y
 _76681_/Y
 _76682_/Y
 _76683_/X
 _76684_/Y
 _76685_/Y
 _76686_/X
 _76687_/Y
 _76688_/X
 _76689_/X
 _76690_/Y
 _76691_/X
 _76692_/X
 _76693_/Y
 _76694_/Y
 _76695_/X
 _76696_/Y
 _76697_/Y
 _76698_/X
 _76699_/Y
 _76700_/Y
 _76701_/Y
 _76702_/Y
 _76703_/X
 _76704_/X
 _76705_/Y
 _76706_/Y
 _76707_/X
 _76708_/X
 _76709_/Y
 _76710_/X
 _76711_/X
 _76712_/Y
 _76713_/Y
 _76714_/X
 _76715_/Y
 _76716_/X
 _76717_/Y
 _76718_/X
 _76719_/X
 _76720_/Y
 _76721_/Y
 _76722_/X
 _76723_/Y
 _76724_/X
 _76725_/Y
 _76726_/X
 _76727_/X
 _76728_/X
 _76729_/Y
 _76730_/Y
 _76731_/Y
 _76732_/X
 _76733_/Y
 _76734_/X
 _76735_/X
 _76736_/X
 _76737_/Y
 _76738_/X
 _76739_/Y
 _76740_/Y
 _76741_/Y
 _76742_/X
 _76743_/Y
 _76744_/X
 _76745_/X
 _76746_/X
 _76747_/X
 _76748_/Y
 _76749_/Y
 _76750_/X
 _76751_/X
 _76752_/Y
 _76753_/X
 _76754_/X
 _76755_/Y
 _76756_/Y
 _76757_/Y
 _76758_/Y
 _76759_/X
 _76760_/X
 _76761_/Y
 _76762_/Y
 _76763_/X
 _76764_/Y
 _76765_/X
 _76766_/X
 _76767_/X
 _76768_/X
 _76769_/X
 _76770_/Y
 _76771_/Y
 _76772_/X
 _76773_/Y
 _76774_/Y
 _76775_/Y
 _76776_/Y
 _76777_/Y
 _76778_/X
 _76779_/X
 _76780_/Y
 _76781_/Y
 _76782_/Y
 _76783_/X
 _76784_/Y
 _76785_/X
 _76786_/Y
 _76787_/Y
 _76788_/X
 _76789_/X
 _76790_/X
 _76791_/X
 _76792_/X
 _76793_/X
 _76794_/X
 _76795_/X
 _76796_/X
 _76797_/Y
 _76798_/X
 _76799_/X
 _76800_/X
 _76801_/Y
 _76802_/X
 _76803_/X
 _76804_/X
 _76805_/X
 _76806_/Y
 _76807_/Y
 _76808_/Y
 _76809_/X
 _76810_/X
 _76811_/Y
 _76812_/Y
 _76813_/X
 _76814_/Y
 _76815_/X
 _76816_/Y
 _76817_/Y
 _76818_/Y
 _76819_/X
 _76820_/Y
 _76821_/X
 _76822_/Y
 _76823_/X
 _76824_/Y
 _76825_/Y
 _76826_/X
 _76827_/Y
 _76828_/Y
 _76829_/X
 _76830_/Y
 _76831_/X
 _76832_/X
 _76833_/X
 _76834_/X
 _76835_/Y
 _76836_/X
 _76837_/Y
 _76838_/X
 _76839_/X
 _76840_/X
 _76841_/X
 _76842_/X
 _76843_/X
 _76844_/X
 _76845_/X
 _76846_/X
 _76847_/Y
 _76848_/Y
 _76849_/Y
 _76850_/X
 _76851_/Y
 _76852_/X
 _76853_/X
 _76854_/X
 _76855_/Y
 _76856_/Y
 _76857_/Y
 _76858_/Y
 _76859_/X
 _76860_/Y
 _76861_/Y
 _76862_/Y
 _76863_/X
 _76864_/Y
 _76865_/X
 _76866_/X
 _76867_/Y
 _76868_/X
 _76869_/X
 _76870_/Y
 _76871_/Y
 _76872_/X
 _76873_/Y
 _76874_/Y
 _76875_/X
 _76876_/Y
 _76877_/Y
 _76878_/Y
 _76879_/X
 _76880_/Y
 _76881_/Y
 _76882_/X
 _76883_/X
 _76884_/X
 _76885_/Y
 _76886_/Y
 _76887_/Y
 _76888_/Y
 _76889_/X
 _76890_/X
 _76891_/Y
 _76892_/Y
 _76893_/X
 _76894_/X
 _76895_/Y
 _76896_/Y
 _76897_/X
 _76898_/Y
 _76899_/Y
 _76900_/X
 _76901_/Y
 _76902_/X
 _76903_/Y
 _76904_/X
 _76905_/Y
 _76906_/X
 _76907_/Y
 _76908_/Y
 _76909_/Y
 _76910_/X
 _76911_/Y
 _76912_/Y
 _76913_/Y
 _76914_/X
 _76915_/X
 _76916_/X
 _76917_/X
 _76918_/Y
 _76919_/Y
 _76920_/X
 _76921_/X
 _76922_/Y
 _76923_/X
 _76924_/Y
 _76925_/Y
 _76926_/X
 _76927_/X
 _76928_/Y
 _76929_/X
 _76930_/X
 _76931_/Y
 _76932_/Y
 _76933_/X
 _76934_/X
 _76935_/X
 _76936_/X
 _76937_/X
 _76938_/X
 _76939_/X
 _76940_/X
 _76941_/X
 _76942_/Y
 _76943_/X
 _76944_/X
 _76945_/Y
 _76946_/Y
 _76947_/X
 _76948_/Y
 _76949_/Y
 _76950_/Y
 _76951_/X
 _76952_/Y
 _76953_/X
 _76954_/X
 _76955_/X
 _76956_/Y
 _76957_/Y
 _76958_/Y
 _76959_/X
 _76960_/Y
 _76961_/Y
 _76962_/X
 _76963_/Y
 _76964_/X
 _76965_/Y
 _76966_/X
 _76967_/Y
 _76968_/Y
 _76969_/X
 _76970_/X
 _76971_/X
 _76972_/X
 _76973_/Y
 _76974_/X
 _76975_/Y
 _76976_/X
 _76977_/Y
 _76978_/Y
 _76979_/X
 _76980_/Y
 _76981_/X
 _76982_/Y
 _76983_/Y
 _76984_/Y
 _76985_/X
 _76986_/Y
 _76987_/Y
 _76988_/X
 _76989_/Y
 _76990_/Y
 _76991_/Y
 _76992_/X
 _76993_/Y
 _76994_/Y
 _76995_/X
 _76996_/Y
 _76997_/Y
 _76998_/X
 _76999_/X
 _77000_/Y
 _77001_/X
 _77002_/Y
 _77003_/Y
 _77004_/Y
 _77005_/X
 _77006_/Y
 _77007_/X
 _77008_/Y
 _77009_/Y
 _77010_/X
 _77011_/X
 _77012_/X
 _77013_/X
 _77014_/X
 _77015_/Y
 _77016_/X
 _77017_/Y
 _77018_/Y
 _77019_/X
 _77020_/X
 _77021_/X
 _77022_/X
 _77023_/Y
 _77024_/X
 _77025_/Y
 _77026_/Y
 _77027_/Y
 _77028_/Y
 _77029_/X
 _77030_/Y
 _77031_/Y
 _77032_/Y
 _77033_/X
 _77034_/Y
 _77035_/X
 _77036_/X
 _77037_/Y
 _77038_/X
 _77039_/X
 _77040_/Y
 _77041_/Y
 _77042_/X
 _77043_/Y
 _77044_/Y
 _77045_/X
 _77046_/Y
 _77047_/Y
 _77048_/Y
 _77049_/X
 _77050_/Y
 _77051_/Y
 _77052_/Y
 _77053_/Y
 _77054_/Y
 _77055_/X
 _77056_/X
 _77057_/Y
 _77058_/X
 _77059_/Y
 _77060_/X
 _77061_/Y
 _77062_/X
 _77063_/Y
 _77064_/X
 _77065_/Y
 _77066_/X
 _77067_/Y
 _77068_/Y
 _77069_/Y
 _77070_/X
 _77071_/X
 _77072_/X
 _77073_/Y
 _77074_/X
 _77075_/Y
 _77076_/X
 _77077_/Y
 _77078_/Y
 _77079_/Y
 _77080_/Y
 _77081_/Y
 _77082_/X
 _77083_/Y
 _77084_/X
 _77085_/X
 _77086_/X
 _77087_/X
 _77088_/X
 _77089_/Y
 _77090_/X
 _77091_/Y
 _77092_/X
 _77093_/X
 _77094_/X
 _77095_/X
 _77096_/Y
 _77097_/X
 _77098_/X
 _77099_/X
 _77100_/X
 _77101_/X
 _77102_/X
 _77103_/Y
 _77104_/X
 _77105_/Y
 _77106_/Y
 _77107_/Y
 _77108_/X
 _77109_/X
 _77110_/Y
 _77111_/Y
 _77112_/Y
 _77113_/Y
 _77114_/Y
 _77115_/Y
 _77116_/Y
 _77117_/Y
 _77118_/X
 _77119_/X
 _77120_/X
 _77121_/X
 _77122_/Y
 _77123_/Y
 _77124_/Y
 _77125_/X
 _77126_/X
 _77127_/Y
 _77128_/X
 _77129_/Y
 _77130_/Y
 _77131_/X
 _77132_/X
 _77133_/X
 _77134_/Y
 _77135_/X
 _77136_/X
 _77137_/Y
 _77138_/Y
 _77139_/X
 _77140_/Y
 _77141_/Y
 _77142_/X
 _77143_/Y
 _77144_/X
 _77145_/X
 _77146_/X
 _77147_/Y
 _77148_/X
 _77149_/X
 _77150_/Y
 _77151_/X
 _77152_/Y
 _77153_/Y
 _77154_/Y
 _77155_/Y
 _77156_/Y
 _77157_/Y
 _77158_/X
 _77159_/X
 _77160_/X
 _77161_/Y
 _77162_/X
 _77163_/Y
 _77164_/Y
 _77165_/Y
 _77166_/X
 _77167_/X
 _77168_/X
 _77169_/X
 _77170_/Y
 _77171_/X
 _77172_/X
 _77173_/Y
 _77174_/Y
 _77175_/Y
 _77176_/X
 _77177_/X
 _77178_/Y
 _77179_/X
 _77180_/Y
 _77181_/Y
 _77182_/X
 _77183_/X
 _77184_/X
 _77185_/Y
 _77186_/X
 _77187_/X
 _77188_/Y
 _77189_/Y
 _77190_/X
 _77191_/Y
 _77192_/Y
 _77193_/Y
 _77194_/Y
 _77195_/Y
 _77196_/X
 _77197_/Y
 _77198_/Y
 _77199_/Y
 _77200_/Y
 _77201_/Y
 _77202_/X
 _77203_/Y
 _77204_/X
 _77205_/Y
 _77206_/Y
 _77207_/X
 _77208_/Y
 _77209_/Y
 _77210_/Y
 _77211_/X
 _77212_/X
 _77213_/Y
 _77214_/X
 _77215_/X
 _77216_/Y
 _77217_/X
 _77218_/X
 _77219_/Y
 _77220_/X
 _77221_/X
 _77222_/X
 _77223_/X
 _77224_/X
 _77225_/Y
 _77226_/Y
 _77227_/X
 _77228_/Y
 _77229_/X
 _77230_/X
 _77231_/X
 _77232_/X
 _77233_/Y
 _77234_/Y
 _77235_/X
 _77236_/X
 _77237_/Y
 _77238_/Y
 _77239_/X
 _77240_/Y
 _77241_/X
 _77242_/X
 _77243_/X
 _77244_/X
 _77245_/X
 _77246_/Y
 _77247_/X
 _77248_/X
 _77249_/X
 _77250_/X
 _77251_/X
 _77252_/X
 _77253_/Y
 _77254_/X
 _77255_/Y
 _77256_/Y
 _77257_/X
 _77258_/Y
 _77259_/Y
 _77260_/X
 _77261_/Y
 _77262_/X
 _77263_/X
 _77264_/Y
 _77265_/X
 _77266_/Y
 _77267_/Y
 _77268_/Y
 _77269_/X
 _77270_/Y
 _77271_/X
 _77272_/X
 _77273_/X
 _77274_/X
 _77275_/Y
 _77276_/X
 _77277_/X
 _77278_/X
 _77279_/X
 _77280_/X
 _77281_/X
 _77282_/X
 _77283_/Y
 _77284_/X
 _77285_/X
 _77286_/X
 _77287_/X
 _77288_/Y
 _77289_/Y
 _77290_/Y
 _77291_/Y
 _77292_/X
 _77293_/Y
 _77294_/Y
 _77295_/X
 _77296_/Y
 _77297_/Y
 _77298_/X
 _77299_/Y
 _77300_/X
 _77301_/X
 _77302_/Y
 _77303_/X
 _77304_/X
 _77305_/Y
 _77306_/Y
 _77307_/Y
 _77308_/X
 _77309_/Y
 _77310_/X
 _77311_/X
 _77312_/X
 _77313_/Y
 _77314_/Y
 _77315_/Y
 _77316_/Y
 _77317_/X
 _77318_/Y
 _77319_/Y
 _77320_/X
 _77321_/Y
 _77322_/Y
 _77323_/X
 _77324_/X
 _77325_/Y
 _77326_/X
 _77327_/Y
 _77328_/Y
 _77329_/X
 _77330_/Y
 _77331_/Y
 _77332_/Y
 _77333_/Y
 _77334_/X
 _77335_/Y
 _77336_/X
 _77337_/X
 _77338_/X
 _77339_/Y
 _77340_/X
 _77341_/X
 _77342_/X
 _77343_/Y
 _77344_/X
 _77345_/X
 _77346_/Y
 _77347_/Y
 _77348_/Y
 _77349_/Y
 _77350_/Y
 _77351_/X
 _77352_/Y
 _77353_/X
 _77354_/Y
 _77355_/Y
 _77356_/X
 _77357_/X
 _77358_/X
 _77359_/Y
 _77360_/X
 _77361_/Y
 _77362_/X
 _77363_/Y
 _77364_/X
 _77365_/Y
 _77366_/Y
 _77367_/X
 _77368_/Y
 _77369_/Y
 _77370_/Y
 _77371_/Y
 _77372_/X
 _77373_/X
 _77374_/X
 _77375_/X
 _77376_/X
 _77377_/X
 _77378_/X
 _77379_/Y
 _77380_/Y
 _77381_/Y
 _77382_/Y
 _77383_/X
 _77384_/Y
 _77385_/Y
 _77386_/Y
 _77387_/X
 _77388_/Y
 _77389_/Y
 _77390_/X
 _77391_/X
 _77392_/Y
 _77393_/X
 _77394_/Y
 _77395_/Y
 _77396_/X
 _77397_/X
 _77398_/Y
 _77399_/X
 _77400_/X
 _77401_/X
 _77402_/Y
 _77403_/X
 _77404_/Y
 _77405_/Y
 _77406_/X
 _77407_/X
 _77408_/X
 _77409_/Y
 _77410_/X
 _77411_/Y
 _77412_/Y
 _77413_/X
 _77414_/Y
 _77415_/X
 _77416_/X
 _77417_/X
 _77418_/X
 _77419_/X
 _77420_/Y
 _77421_/X
 _77422_/X
 _77423_/X
 _77424_/X
 _77425_/X
 _77426_/X
 _77427_/Y
 _77428_/X
 _77429_/X
 _77430_/Y
 _77431_/X
 _77432_/X
 _77433_/Y
 _77434_/Y
 _77435_/Y
 _77436_/Y
 _77437_/Y
 _77438_/X
 _77439_/Y
 _77440_/Y
 _77441_/X
 _77442_/Y
 _77443_/Y
 _77444_/Y
 _77445_/X
 _77446_/Y
 _77447_/Y
 _77448_/X
 _77449_/Y
 _77450_/X
 _77451_/X
 _77452_/X
 _77453_/X
 _77454_/X
 _77455_/Y
 _77456_/Y
 _77457_/X
 _77458_/X
 _77459_/Y
 _77460_/X
 _77461_/X
 _77462_/Y
 _77463_/Y
 _77464_/X
 _77465_/X
 _77466_/X
 _77467_/X
 _77468_/Y
 _77469_/Y
 _77470_/Y
 _77471_/X
 _77472_/Y
 _77473_/X
 _77474_/X
 _77475_/X
 _77476_/Y
 _77477_/Y
 _77478_/Y
 _77479_/X
 _77480_/Y
 _77481_/X
 _77482_/X
 _77483_/X
 _77484_/Y
 _77485_/X
 _77486_/Y
 _77487_/Y
 _77488_/X
 _77489_/X
 _77490_/Y
 _77491_/Y
 _77492_/Y
 _77493_/Y
 _77494_/Y
 _77495_/Y
 _77496_/Y
 _77497_/X
 _77498_/Y
 _77499_/Y
 _77500_/Y
 _77501_/X
 _77502_/Y
 _77503_/Y
 _77504_/Y
 _77505_/Y
 _77506_/X
 _77507_/Y
 _77508_/X
 _77509_/Y
 _77510_/Y
 _77511_/Y
 _77512_/X
 _77513_/Y
 _77514_/X
 _77515_/X
 _77516_/X
 _77517_/Y
 _77518_/X
 _77519_/X
 _77520_/X
 _77521_/Y
 _77522_/Y
 _77523_/X
 _77524_/Y
 _77525_/Y
 _77526_/X
 _77527_/X
 _77528_/X
 _77529_/X
 _77530_/Y
 _77531_/Y
 _77532_/Y
 _77533_/X
 _77534_/Y
 _77535_/X
 _77536_/X
 _77537_/X
 _77538_/Y
 _77539_/X
 _77540_/Y
 _77541_/X
 _77542_/Y
 _77543_/X
 _77544_/Y
 _77545_/X
 _77546_/Y
 _77547_/X
 _77548_/X
 _77549_/X
 _77550_/Y
 _77551_/X
 _77552_/Y
 _77553_/X
 _77554_/X
 _77555_/Y
 _77556_/X
 _77557_/Y
 _77558_/Y
 _77559_/X
 _77560_/Y
 _77561_/X
 _77562_/X
 _77563_/X
 _77564_/X
 _77565_/X
 _77566_/Y
 _77567_/X
 _77568_/Y
 _77569_/Y
 _77570_/X
 _77571_/X
 _77572_/X
 _77573_/X
 _77574_/X
 _77575_/X
 _77576_/Y
 _77577_/X
 _77578_/Y
 _77579_/Y
 _77580_/X
 _77581_/X
 _77582_/X
 _77583_/Y
 _77584_/Y
 _77585_/X
 _77586_/Y
 _77587_/X
 _77588_/X
 _77589_/X
 _77590_/X
 _77591_/X
 _77592_/Y
 _77593_/X
 _77594_/X
 _77595_/X
 _77596_/X
 _77597_/X
 _77598_/X
 _77599_/Y
 _77600_/X
 _77601_/Y
 _77602_/Y
 _77603_/Y
 _77604_/Y
 _77605_/X
 _77606_/Y
 _77607_/X
 _77608_/X
 _77609_/Y
 _77610_/X
 _77611_/Y
 _77612_/Y
 _77613_/Y
 _77614_/X
 _77615_/Y
 _77616_/Y
 _77617_/X
 _77618_/Y
 _77619_/X
 _77620_/X
 _77621_/X
 _77622_/X
 _77623_/X
 _77624_/Y
 _77625_/Y
 _77626_/X
 _77627_/X
 _77628_/X
 _77629_/Y
 _77630_/X
 _77631_/X
 _77632_/Y
 _77633_/Y
 _77634_/X
 _77635_/Y
 _77636_/Y
 _77637_/X
 _77638_/Y
 _77639_/Y
 _77640_/X
 _77641_/X
 _77642_/Y
 _77643_/X
 _77644_/X
 _77645_/X
 _77646_/Y
 _77647_/Y
 _77648_/Y
 _77649_/X
 _77650_/Y
 _77651_/X
 _77652_/X
 _77653_/X
 _77654_/Y
 _77655_/X
 _77656_/Y
 _77657_/Y
 _77658_/Y
 _77659_/X
 _77660_/X
 _77661_/Y
 _77662_/X
 _77663_/X
 _77664_/Y
 _77665_/X
 _77666_/Y
 _77667_/X
 _77668_/Y
 _77669_/Y
 _77670_/X
 _77671_/Y
 _77672_/Y
 _77673_/X
 _77674_/X
 _77675_/X
 _77676_/Y
 _77677_/Y
 _77678_/X
 _77679_/Y
 _77680_/X
 _77681_/X
 _77682_/X
 _77683_/X
 _77684_/Y
 _77685_/X
 _77686_/Y
 _77687_/X
 _77688_/X
 _77689_/X
 _77690_/X
 _77691_/X
 _77692_/X
 _77693_/X
 _77694_/X
 _77695_/X
 _77696_/Y
 _77697_/Y
 _77698_/Y
 _77699_/X
 _77700_/Y
 _77701_/X
 _77702_/X
 _77703_/X
 _77704_/Y
 _77705_/Y
 _77706_/Y
 _77707_/Y
 _77708_/X
 _77709_/Y
 _77710_/Y
 _77711_/Y
 _77712_/Y
 _77713_/X
 _77714_/Y
 _77715_/Y
 _77716_/Y
 _77717_/X
 _77718_/Y
 _77719_/Y
 _77720_/X
 _77721_/Y
 _77722_/Y
 _77723_/X
 _77724_/X
 _77725_/X
 _77726_/X
 _77727_/Y
 _77728_/Y
 _77729_/X
 _77730_/Y
 _77731_/Y
 _77732_/X
 _77733_/Y
 _77734_/X
 _77735_/Y
 _77736_/X
 _77737_/Y
 _77738_/Y
 _77739_/Y
 _77740_/Y
 _77741_/X
 _77742_/Y
 _77743_/Y
 _77744_/X
 _77745_/X
 _77746_/Y
 _77747_/Y
 _77748_/X
 _77749_/X
 _77750_/X
 _77751_/Y
 _77752_/X
 _77753_/Y
 _77754_/Y
 _77755_/X
 _77756_/X
 _77757_/X
 _77758_/Y
 _77759_/X
 _77760_/X
 _77761_/Y
 _77762_/X
 _77763_/Y
 _77764_/X
 _77765_/X
 _77766_/X
 _77767_/X
 _77768_/X
 _77769_/Y
 _77770_/X
 _77771_/X
 _77772_/X
 _77773_/X
 _77774_/X
 _77775_/X
 _77776_/Y
 _77777_/X
 _77778_/Y
 _77779_/Y
 _77780_/Y
 _77781_/Y
 _77782_/X
 _77783_/Y
 _77784_/X
 _77785_/X
 _77786_/Y
 _77787_/X
 _77788_/Y
 _77789_/Y
 _77790_/Y
 _77791_/Y
 _77792_/Y
 _77793_/X
 _77794_/Y
 _77795_/X
 _77796_/X
 _77797_/X
 _77798_/X
 _77799_/X
 _77800_/Y
 _77801_/Y
 _77802_/X
 _77803_/X
 _77804_/X
 _77805_/Y
 _77806_/X
 _77807_/X
 _77808_/Y
 _77809_/Y
 _77810_/X
 _77811_/X
 _77812_/X
 _77813_/X
 _77814_/X
 _77815_/X
 _77816_/Y
 _77817_/X
 _77818_/X
 _77819_/X
 _77820_/Y
 _77821_/Y
 _77822_/Y
 _77823_/X
 _77824_/Y
 _77825_/X
 _77826_/X
 _77827_/X
 _77828_/Y
 _77829_/X
 _77830_/Y
 _77831_/Y
 _77832_/Y
 _77833_/X
 _77834_/Y
 _77835_/X
 _77836_/X
 _77837_/Y
 _77838_/Y
 _77839_/Y
 _77840_/X
 _77841_/Y
 _77842_/X
 _77843_/X
 _77844_/Y
 _77845_/Y
 _77846_/X
 _77847_/X
 _77848_/X
 _77849_/Y
 _77850_/Y
 _77851_/Y
 _77852_/X
 _77853_/Y
 _77854_/Y
 _77855_/Y
 _77856_/X
 _77857_/Y
 _77858_/X
 _77859_/X
 _77860_/X
 _77861_/X
 _77862_/Y
 _77863_/X
 _77864_/Y
 _77865_/X
 _77866_/X
 _77867_/X
 _77868_/X
 _77869_/X
 _77870_/X
 _77871_/X
 _77872_/X
 _77873_/X
 _77874_/Y
 _77875_/Y
 _77876_/Y
 _77877_/X
 _77878_/X
 _77879_/X
 _77880_/X
 _77881_/Y
 _77882_/Y
 _77883_/Y
 _77884_/X
 _77885_/Y
 _77886_/X
 _77887_/Y
 _77888_/Y
 _77889_/Y
 _77890_/X
 _77891_/X
 _77892_/X
 _77893_/X
 _77894_/Y
 _77895_/X
 _77896_/X
 _77897_/X
 _77898_/X
 _77899_/Y
 _77900_/X
 _77901_/Y
 _77902_/X
 _77903_/Y
 _77904_/Y
 _77905_/X
 _77906_/X
 _77907_/Y
 _77908_/X
 _77909_/Y
 _77910_/X
 _77911_/X
 _77912_/Y
 _77913_/X
 _77914_/Y
 _77915_/Y
 _77916_/X
 _77917_/Y
 _77918_/Y
 _77919_/Y
 _77920_/Y
 _77921_/X
 _77922_/X
 _77923_/X
 _77924_/Y
 _77925_/X
 _77926_/Y
 _77927_/X
 _77928_/X
 _77929_/X
 _77930_/X
 _77931_/X
 _77932_/Y
 _77933_/X
 _77934_/X
 _77935_/X
 _77936_/X
 _77937_/X
 _77938_/X
 _77939_/Y
 _77940_/X
 _77941_/Y
 _77942_/Y
 _77943_/Y
 _77944_/Y
 _77945_/X
 _77946_/Y
 _77947_/X
 _77948_/X
 _77949_/Y
 _77950_/X
 _77951_/Y
 _77952_/Y
 _77953_/Y
 _77954_/Y
 _77955_/Y
 _77956_/X
 _77957_/Y
 _77958_/X
 _77959_/X
 _77960_/X
 _77961_/X
 _77962_/X
 _77963_/Y
 _77964_/Y
 _77965_/X
 _77966_/X
 _77967_/X
 _77968_/Y
 _77969_/X
 _77970_/X
 _77971_/Y
 _77972_/Y
 _77973_/X
 _77974_/X
 _77975_/X
 _77976_/X
 _77977_/X
 _77978_/Y
 _77979_/X
 _77980_/X
 _77981_/X
 _77982_/Y
 _77983_/Y
 _77984_/Y
 _77985_/X
 _77986_/Y
 _77987_/X
 _77988_/X
 _77989_/X
 _77990_/Y
 _77991_/X
 _77992_/Y
 _77993_/Y
 _77994_/Y
 _77995_/X
 _77996_/Y
 _77997_/X
 _77998_/X
 _77999_/Y
 _78000_/Y
 _78001_/Y
 _78002_/X
 _78003_/Y
 _78004_/X
 _78005_/Y
 _78006_/X
 _78007_/Y
 _78008_/X
 _78009_/Y
 _78010_/Y
 _78011_/X
 _78012_/X
 _78013_/X
 _78014_/X
 _78015_/Y
 _78016_/X
 _78017_/Y
 _78018_/Y
 _78019_/Y
 _78020_/X
 _78021_/X
 _78022_/X
 _78023_/X
 _78024_/Y
 _78025_/X
 _78026_/X
 _78027_/Y
 _78028_/X
 _78029_/X
 _78030_/X
 _78031_/X
 _78032_/X
 _78033_/X
 _78034_/X
 _78035_/Y
 _78036_/X
 _78037_/Y
 _78038_/X
 _78039_/X
 _78040_/X
 _78041_/X
 _78042_/X
 _78043_/Y
 _78044_/X
 _78045_/Y
 _78046_/Y
 _78047_/Y
 _78048_/X
 _78049_/X
 _78050_/Y
 _78051_/Y
 _78052_/Y
 _78053_/Y
 _78054_/Y
 _78055_/X
 _78056_/X
 _78057_/X
 _78058_/Y
 _78059_/X
 _78060_/X
 _78061_/Y
 _78062_/X
 _78063_/X
 _78064_/Y
 _78065_/X
 _78066_/X
 _78067_/X
 _78068_/X
 _78069_/Y
 _78070_/Y
 _78071_/X
 _78072_/Y
 _78073_/X
 _78074_/X
 _78075_/Y
 _78076_/Y
 _78077_/Y
 _78078_/Y
 _78079_/X
 _78080_/X
 _78081_/X
 _78082_/Y
 _78083_/X
 _78084_/Y
 _78085_/X
 _78086_/X
 _78087_/X
 _78088_/X
 _78089_/X
 _78090_/Y
 _78091_/X
 _78092_/X
 _78093_/X
 _78094_/X
 _78095_/X
 _78096_/X
 _78097_/Y
 _78098_/X
 _78099_/Y
 _78100_/Y
 _78101_/Y
 _78102_/Y
 _78103_/X
 _78104_/Y
 _78105_/X
 _78106_/X
 _78107_/Y
 _78108_/X
 _78109_/Y
 _78110_/Y
 _78111_/Y
 _78112_/X
 _78113_/Y
 _78114_/X
 _78115_/X
 _78116_/Y
 _78117_/Y
 _78118_/X
 _78119_/Y
 _78120_/Y
 _78121_/Y
 _78122_/Y
 _78123_/X
 _78124_/X
 _78125_/X
 _78126_/Y
 _78127_/X
 _78128_/X
 _78129_/Y
 _78130_/Y
 _78131_/X
 _78132_/X
 _78133_/X
 _78134_/X
 _78135_/X
 _78136_/Y
 _78137_/X
 _78138_/X
 _78139_/X
 _78140_/Y
 _78141_/Y
 _78142_/Y
 _78143_/X
 _78144_/Y
 _78145_/X
 _78146_/X
 _78147_/X
 _78148_/X
 _78149_/Y
 _78150_/X
 _78151_/Y
 _78152_/Y
 _78153_/Y
 _78154_/X
 _78155_/Y
 _78156_/X
 _78157_/X
 _78158_/Y
 _78159_/Y
 _78160_/Y
 _78161_/X
 _78162_/Y
 _78163_/X
 _78164_/Y
 _78165_/X
 _78166_/Y
 _78167_/X
 _78168_/Y
 _78169_/X
 _78170_/Y
 _78171_/X
 _78172_/Y
 _78173_/X
 _78174_/X
 _78175_/X
 _78176_/Y
 _78177_/X
 _78178_/Y
 _78179_/X
 _78180_/X
 _78181_/X
 _78182_/X
 _78183_/X
 _78184_/X
 _78185_/X
 _78186_/X
 _78187_/Y
 _78188_/Y
 _78189_/X
 _78190_/Y
 _78191_/X
 _78192_/X
 _78193_/Y
 _78194_/Y
 _78195_/X
 _78196_/Y
 _78197_/X
 _78198_/Y
 _78199_/X
 _78200_/Y
 _78201_/Y
 _78202_/X
 _78203_/Y
 _78204_/X
 _78205_/Y
 _78206_/X
 _78207_/X
 _78208_/Y
 _78209_/X
 _78210_/X
 _78211_/Y
 _78212_/X
 _78213_/Y
 _78214_/Y
 _78215_/X
 _78216_/Y
 _78217_/Y
 _78218_/Y
 _78219_/X
 _78220_/X
 _78221_/Y
 _78222_/Y
 _78223_/Y
 _78224_/Y
 _78225_/Y
 _78226_/Y
 _78227_/X
 _78228_/X
 _78229_/X
 _78230_/Y
 _78231_/X
 _78232_/Y
 _78233_/X
 _78234_/X
 _78235_/X
 _78236_/X
 _78237_/X
 _78238_/X
 _78239_/X
 _78240_/X
 _78241_/X
 _78242_/Y
 _78243_/X
 _78244_/X
 _78245_/X
 _78246_/X
 _78247_/X
 _78248_/X
 _78249_/Y
 _78250_/X
 _78251_/Y
 _78252_/Y
 _78253_/Y
 _78254_/Y
 _78255_/X
 _78256_/Y
 _78257_/X
 _78258_/X
 _78259_/Y
 _78260_/X
 _78261_/Y
 _78262_/X
 _78263_/X
 _78264_/Y
 _78265_/Y
 _78266_/X
 _78267_/Y
 _78268_/X
 _78269_/X
 _78270_/X
 _78271_/X
 _78272_/X
 _78273_/Y
 _78274_/Y
 _78275_/X
 _78276_/X
 _78277_/X
 _78278_/Y
 _78279_/X
 _78280_/Y
 _78281_/Y
 _78282_/X
 _78283_/X
 _78284_/X
 _78285_/X
 _78286_/X
 _78287_/Y
 _78288_/X
 _78289_/X
 _78290_/X
 _78291_/Y
 _78292_/Y
 _78293_/Y
 _78294_/X
 _78295_/X
 _78296_/X
 _78297_/X
 _78298_/Y
 _78299_/Y
 _78300_/Y
 _78301_/Y
 _78302_/X
 _78303_/Y
 _78304_/X
 _78305_/X
 _78306_/Y
 _78307_/Y
 _78308_/Y
 _78309_/X
 _78310_/Y
 _78311_/X
 _78312_/Y
 _78313_/X
 _78314_/Y
 _78315_/X
 _78316_/Y
 _78317_/Y
 _78318_/Y
 _78319_/X
 _78320_/Y
 _78321_/Y
 _78322_/Y
 _78323_/Y
 _78324_/Y
 _78325_/Y
 _78326_/X
 _78327_/Y
 _78328_/X
 _78329_/Y
 _78330_/Y
 _78331_/X
 _78332_/Y
 _78333_/Y
 _78334_/Y
 _78335_/X
 _78336_/X
 _78337_/Y
 _78338_/Y
 _78339_/Y
 _78340_/X
 _78341_/X
 _78342_/Y
 _78343_/Y
 _78344_/Y
 _78345_/X
 _78346_/Y
 _78347_/Y
 _78348_/X
 _78349_/Y
 _78350_/Y
 _78351_/X
 _78352_/X
 _78353_/Y
 _78354_/Y
 _78355_/X
 _78356_/Y
 _78357_/X
 _78358_/X
 _78359_/X
 _78360_/Y
 _78361_/X
 _78362_/X
 _78363_/X
 _78364_/Y
 _78365_/Y
 _78366_/X
 _78367_/X
 _78368_/Y
 _78369_/X
 _78370_/X
 _78371_/Y
 _78372_/Y
 _78373_/Y
 _78374_/X
 _78375_/Y
 _78376_/X
 _78377_/Y
 _78378_/Y
 _78379_/X
 _78380_/X
 _78381_/X
 _78382_/X
 _78383_/X
 _78384_/Y
 _78385_/Y
 _78386_/X
 _78387_/Y
 _78388_/Y
 _78389_/Y
 _78390_/Y
 _78391_/Y
 _78392_/X
 _78393_/X
 _78394_/X
 _78395_/X
 _78396_/X
 _78397_/X
 _78398_/Y
 _78399_/X
 _78400_/Y
 _78401_/Y
 _78402_/X
 _78403_/X
 _78404_/X
 _78405_/X
 _78406_/X
 _78407_/X
 _78408_/X
 _78409_/Y
 _78410_/Y
 _78411_/Y
 _78412_/Y
 _78413_/X
 _78414_/X
 _78415_/Y
 _78416_/X
 _78417_/X
 _78418_/Y
 _78419_/X
 _78420_/X
 _78421_/X
 _78422_/Y
 _78423_/X
 _78424_/Y
 _78425_/X
 _78426_/X
 _78427_/X
 _78428_/X
 _78429_/X
 _78430_/X
 _78431_/X
 _78432_/X
 _78433_/X
 _78434_/X
 _78435_/X
 _78436_/X
 _78437_/X
 _78438_/X
 _78439_/X
 _78440_/X
 _78441_/X
 _78442_/Y
 _78443_/X
 _78444_/X
 _78445_/X
 _78446_/Y
 _78447_/X
 _78448_/Y
 _78449_/Y
 _78450_/X
 _78451_/Y
 _78452_/X
 _78453_/X
 _78454_/X
 _78455_/X
 _78456_/X
 _78457_/X
 _78458_/X
 _78459_/X
 _78460_/Y
 _78461_/X
 _78462_/X
 _78463_/X
 _78464_/X
 _78465_/Y
 _78466_/X
 _78467_/X
 _78468_/Y
 _78469_/Y
 _78470_/Y
 _78471_/X
 _78472_/X
 _78473_/X
 _78474_/X
 _78475_/Y
 _78476_/Y
 _78477_/X
 _78478_/X
 _78479_/Y
 _78480_/Y
 _78481_/X
 _78482_/Y
 _78483_/X
 _78484_/Y
 _78485_/Y
 _78486_/X
 _78487_/Y
 _78488_/X
 _78489_/X
 _78490_/Y
 _78491_/X
 _78492_/Y
 _78493_/X
 _78494_/X
 _78495_/Y
 _78496_/X
 _78497_/X
 _78498_/X
 _78499_/X
 _78500_/X
 _78501_/Y
 _78502_/Y
 _78503_/X
 _78504_/Y
 _78505_/Y
 _78506_/X
 _78507_/X
 _78508_/X
 _78509_/Y
 _78510_/Y
 _78511_/X
 _78512_/Y
 _78513_/X
 _78514_/Y
 _78515_/X
 _78516_/X
 _78517_/X
 _78518_/X
 _78519_/X
 _78520_/X
 _78521_/X
 _78522_/X
 _78523_/X
 _78524_/Y
 _78525_/Y
 _78526_/Y
 _78527_/X
 _78528_/Y
 _78529_/Y
 _78530_/Y
 _78531_/Y
 _78532_/X
 _78533_/X
 _78534_/X
 _78535_/X
 _78536_/X
 _78537_/X
 _78538_/Y
 _78539_/X
 _78540_/Y
 _78541_/Y
 _78542_/X
 _78543_/X
 _78544_/X
 _78545_/X
 _78546_/Y
 _78547_/Y
 _78548_/Y
 _78549_/X
 _78550_/Y
 _78551_/X
 _78552_/X
 _78553_/X
 _78554_/Y
 _78555_/Y
 _78556_/Y
 _78557_/Y
 _78558_/X
 _78559_/Y
 _78560_/Y
 _78561_/Y
 _78562_/X
 _78563_/X
 _78564_/Y
 _78565_/X
 _78566_/X
 _78567_/X
 _78568_/Y
 _78569_/Y
 _78570_/X
 _78571_/Y
 _78572_/X
 _78573_/Y
 _78574_/Y
 _78575_/X
 _78576_/Y
 _78577_/Y
 _78578_/Y
 _78579_/X
 _78580_/Y
 _78581_/Y
 _78582_/Y
 _78583_/X
 _78584_/Y
 _78585_/X
 _78586_/Y
 _78587_/X
 _78588_/X
 _78589_/X
 _78590_/X
 _78591_/X
 _78592_/X
 _78593_/Y
 _78594_/X
 _78595_/X
 _78596_/X
 _78597_/X
 _78598_/Y
 _78599_/X
 _78600_/Y
 _78601_/Y
 _78602_/Y
 _78603_/X
 _78604_/Y
 _78605_/X
 _78606_/X
 _78607_/X
 _78608_/X
 _78609_/Y
 _78610_/X
 _78611_/Y
 _78612_/Y
 _78613_/Y
 _78614_/Y
 _78615_/Y
 _78616_/X
 _78617_/Y
 _78618_/X
 _78619_/X
 _78620_/X
 _78621_/Y
 _78622_/Y
 _78623_/Y
 _78624_/X
 _78625_/Y
 _78626_/Y
 _78627_/Y
 _78628_/X
 _78629_/Y
 _78630_/Y
 _78631_/Y
 _78632_/X
 _78633_/X
 _78634_/X
 _78635_/Y
 _78636_/Y
 _78637_/X
 _78638_/Y
 _78639_/X
 _78640_/X
 _78641_/Y
 _78642_/Y
 _78643_/X
 _78644_/Y
 _78645_/Y
 _78646_/Y
 _78647_/X
 _78648_/X
 _78649_/Y
 _78650_/X
 _78651_/Y
 _78652_/X
 _78653_/X
 _78654_/X
 _78655_/X
 _78656_/X
 _78657_/Y
 _78658_/Y
 _78659_/Y
 _78660_/X
 _78661_/Y
 _78662_/Y
 _78663_/Y
 _78664_/Y
 _78665_/Y
 _78666_/X
 _78667_/X
 _78668_/X
 _78669_/X
 _78670_/Y
 _78671_/X
 _78672_/Y
 _78673_/Y
 _78674_/X
 _78675_/X
 _78676_/X
 _78677_/X
 _78678_/Y
 _78679_/Y
 _78680_/Y
 _78681_/Y
 _78682_/X
 _78683_/Y
 _78684_/X
 _78685_/X
 _78686_/Y
 _78687_/Y
 _78688_/Y
 _78689_/X
 _78690_/X
 _78691_/X
 _78692_/Y
 _78693_/X
 _78694_/Y
 _78695_/X
 _78696_/X
 _78697_/Y
 _78698_/X
 _78699_/X
 _78700_/X
 _78701_/X
 _78702_/X
 _78703_/X
 _78704_/X
 _78705_/X
 _78706_/X
 _78707_/Y
 _78708_/Y
 _78709_/Y
 _78710_/X
 _78711_/Y
 _78712_/Y
 _78713_/X
 _78714_/Y
 _78715_/X
 _78716_/Y
 _78717_/X
 _78718_/X
 _78719_/X
 _78720_/X
 _78721_/Y
 _78722_/X
 _78723_/X
 _78724_/X
 _78725_/X
 _78726_/Y
 _78727_/X
 _78728_/X
 _78729_/Y
 _78730_/Y
 _78731_/Y
 _78732_/X
 _78733_/Y
 _78734_/X
 _78735_/X
 _78736_/Y
 _78737_/Y
 _78738_/Y
 _78739_/Y
 _78740_/Y
 _78741_/X
 _78742_/X
 _78743_/Y
 _78744_/Y
 _78745_/Y
 _78746_/Y
 _78747_/X
 _78748_/Y
 _78749_/Y
 _78750_/X
 _78751_/Y
 _78752_/X
 _78753_/X
 _78754_/X
 _78755_/Y
 _78756_/Y
 _78757_/Y
 _78758_/X
 _78759_/X
 _78760_/Y
 _78761_/Y
 _78762_/X
 _78763_/Y
 _78764_/Y
 _78765_/Y
 _78766_/X
 _78767_/X
 _78768_/Y
 _78769_/X
 _78770_/Y
 _78771_/X
 _78772_/X
 _78773_/X
 _78774_/X
 _78775_/X
 _78776_/X
 _78777_/Y
 _78778_/Y
 _78779_/Y
 _78780_/X
 _78781_/Y
 _78782_/Y
 _78783_/Y
 _78784_/Y
 _78785_/Y
 _78786_/X
 _78787_/X
 _78788_/X
 _78789_/X
 _78790_/Y
 _78791_/X
 _78792_/Y
 _78793_/Y
 _78794_/X
 _78795_/X
 _78796_/X
 _78797_/X
 _78798_/Y
 _78799_/Y
 _78800_/Y
 _78801_/Y
 _78802_/X
 _78803_/Y
 _78804_/Y
 _78805_/Y
 _78806_/Y
 _78807_/Y
 _78808_/X
 _78809_/X
 _78810_/Y
 _78811_/Y
 _78812_/X
 _78813_/Y
 _78814_/Y
 _78815_/X
 _78816_/X
 _78817_/Y
 _78818_/Y
 _78819_/X
 _78820_/Y
 _78821_/X
 _78822_/X
 _78823_/X
 _78824_/X
 _78825_/Y
 _78826_/X
 _78827_/X
 _78828_/X
 _78829_/X
 _78830_/Y
 _78831_/X
 _78832_/X
 _78833_/Y
 _78834_/Y
 _78835_/Y
 _78836_/X
 _78837_/Y
 _78838_/Y
 _78839_/X
 _78840_/X
 _78841_/Y
 _78842_/X
 _78843_/X
 _78844_/Y
 _78845_/X
 _78846_/Y
 _78847_/X
 _78848_/X
 _78849_/Y
 _78850_/Y
 _78851_/Y
 _78852_/X
 _78853_/Y
 _78854_/X
 _78855_/X
 _78856_/X
 _78857_/X
 _78858_/X
 _78859_/Y
 _78860_/Y
 _78861_/Y
 _78862_/X
 _78863_/X
 _78864_/X
 _78865_/Y
 _78866_/X
 _78867_/X
 _78868_/Y
 _78869_/Y
 _78870_/Y
 _78871_/X
 _78872_/Y
 _78873_/Y
 _78874_/Y
 _78875_/X
 _78876_/X
 _78877_/X
 _78878_/X
 _78879_/X
 _78880_/Y
 _78881_/Y
 _78882_/Y
 _78883_/X
 _78884_/Y
 _78885_/Y
 _78886_/Y
 _78887_/Y
 _78888_/Y
 _78889_/X
 _78890_/X
 _78891_/X
 _78892_/X
 _78893_/Y
 _78894_/X
 _78895_/Y
 _78896_/Y
 _78897_/X
 _78898_/X
 _78899_/X
 _78900_/X
 _78901_/Y
 _78902_/Y
 _78903_/X
 _78904_/Y
 _78905_/Y
 _78906_/Y
 _78907_/X
 _78908_/Y
 _78909_/X
 _78910_/X
 _78911_/X
 _78912_/X
 _78913_/X
 _78914_/Y
 _78915_/Y
 _78916_/X
 _78917_/Y
 _78918_/X
 _78919_/Y
 _78920_/Y
 _78921_/X
 _78922_/Y
 _78923_/Y
 _78924_/X
 _78925_/Y
 _78926_/X
 _78927_/X
 _78928_/Y
 _78929_/Y
 _78930_/X
 _78931_/Y
 _78932_/X
 _78933_/X
 _78934_/X
 _78935_/X
 _78936_/Y
 _78937_/X
 _78938_/X
 _78939_/X
 _78940_/X
 _78941_/Y
 _78942_/X
 _78943_/X
 _78944_/Y
 _78945_/Y
 _78946_/Y
 _78947_/X
 _78948_/Y
 _78949_/X
 _78950_/X
 _78951_/Y
 _78952_/Y
 _78953_/Y
 _78954_/X
 _78955_/Y
 _78956_/X
 _78957_/X
 _78958_/X
 _78959_/X
 _78960_/Y
 _78961_/Y
 _78962_/X
 _78963_/X
 _78964_/Y
 _78965_/X
 _78966_/Y
 _78967_/X
 _78968_/X
 _78969_/Y
 _78970_/Y
 _78971_/X
 _78972_/Y
 _78973_/X
 _78974_/X
 _78975_/X
 _78976_/Y
 _78977_/Y
 _78978_/X
 _78979_/Y
 _78980_/Y
 _78981_/X
 _78982_/X
 _78983_/X
 _78984_/Y
 _78985_/Y
 _78986_/X
 _78987_/Y
 _78988_/X
 _78989_/Y
 _78990_/X
 _78991_/X
 _78992_/X
 _78993_/X
 _78994_/X
 _78995_/Y
 _78996_/Y
 _78997_/Y
 _78998_/X
 _78999_/Y
 _79000_/Y
 _79001_/Y
 _79002_/X
 _79003_/X
 _79004_/X
 _79005_/X
 _79006_/X
 _79007_/Y
 _79008_/X
 _79009_/Y
 _79010_/Y
 _79011_/X
 _79012_/X
 _79013_/X
 _79014_/X
 _79015_/Y
 _79016_/Y
 _79017_/Y
 _79018_/X
 _79019_/Y
 _79020_/Y
 _79021_/X
 _79022_/X
 _79023_/Y
 _79024_/X
 _79025_/Y
 _79026_/Y
 _79027_/Y
 _79028_/Y
 _79029_/Y
 _79030_/Y
 _79031_/Y
 _79032_/Y
 _79033_/X
 _79034_/Y
 _79035_/X
 _79036_/Y
 _79037_/Y
 _79038_/Y
 _79039_/X
 _79040_/Y
 _79041_/X
 _79042_/X
 _79043_/Y
 _79044_/Y
 _79045_/Y
 _79046_/X
 _79047_/Y
 _79048_/Y
 _79049_/Y
 _79050_/X
 _79051_/Y
 _79052_/X
 _79053_/Y
 _79054_/X
 _79055_/X
 _79056_/X
 _79057_/X
 _79058_/Y
 _79059_/X
 _79060_/X
 _79061_/X
 _79062_/X
 _79063_/X
 _79064_/X
 _79065_/X
 _79066_/X
 _79067_/Y
 _79068_/X
 _79069_/X
 _79070_/X
 _79071_/X
 _79072_/X
 _79073_/X
 _79074_/Y
 _79075_/X
 _79076_/Y
 _79077_/Y
 _79078_/X
 _79079_/X
 _79080_/Y
 _79081_/X
 _79082_/Y
 _79083_/X
 _79084_/Y
 _79085_/X
 _79086_/X
 _79087_/X
 _79088_/X
 _79089_/Y
 _79090_/Y
 _79091_/X
 _79092_/Y
 _79093_/X
 _79094_/Y
 _79095_/X
 _79096_/X
 _79097_/X
 _79098_/X
 _79099_/X
 _79100_/Y
 _79101_/Y
 _79102_/Y
 _79103_/X
 _79104_/Y
 _79105_/Y
 _79106_/X
 _79107_/X
 _79108_/Y
 _79109_/X
 _79110_/Y
 _79111_/X
 _79112_/X
 _79113_/X
 _79114_/X
 _79115_/X
 _79116_/X
 _79117_/X
 _79118_/Y
 _79119_/X
 _79120_/Y
 _79121_/X
 _79122_/X
 _79123_/Y
 _79124_/X
 _79125_/Y
 _79126_/Y
 _79127_/Y
 _79128_/Y
 _79129_/Y
 _79130_/Y
 _79131_/Y
 _79132_/Y
 _79133_/X
 _79134_/X
 _79135_/Y
 _79136_/X
 _79137_/X
 _79138_/X
 _79139_/X
 _79140_/Y
 _79141_/X
 _79142_/X
 _79143_/Y
 _79144_/Y
 _79145_/Y
 _79146_/Y
 _79147_/Y
 _79148_/Y
 _79149_/X
 _79150_/Y
 _79151_/Y
 _79152_/X
 _79153_/X
 _79154_/Y
 _79155_/X
 _79156_/X
 _79157_/Y
 _79158_/Y
 _79159_/Y
 _79160_/Y
 _79161_/X
 _79162_/Y
 _79163_/X
 _79164_/X
 _79165_/X
 _79166_/X
 _79167_/Y
 _79168_/X
 _79169_/Y
 _79170_/Y
 _79171_/X
 _79172_/Y
 _79173_/X
 _79174_/X
 _79175_/Y
 _79176_/Y
 _79177_/X
 _79178_/Y
 _79179_/Y
 _79180_/X
 _79181_/X
 _79182_/X
 _79183_/Y
 _79184_/Y
 _79185_/Y
 _79186_/Y
 _79187_/X
 _79188_/X
 _79189_/X
 _79190_/X
 _79191_/Y
 _79192_/Y
 _79193_/X
 _79194_/Y
 _79195_/X
 _79196_/Y
 _79197_/X
 _79198_/Y
 _79199_/X
 _79200_/Y
 _79201_/X
 _79202_/Y
 _79203_/Y
 _79204_/Y
 _79205_/Y
 _79206_/X
 _79207_/Y
 _79208_/Y
 _79209_/Y
 _79210_/X
 _79211_/X
 _79212_/X
 _79213_/X
 _79214_/X
 _79215_/Y
 _79216_/X
 _79217_/Y
 _79218_/X
 _79219_/X
 _79220_/X
 _79221_/X
 _79222_/Y
 _79223_/Y
 _79224_/Y
 _79225_/X
 _79226_/Y
 _79227_/Y
 _79228_/X
 _79229_/Y
 _79230_/Y
 _79231_/X
 _79232_/X
 _79233_/Y
 _79234_/Y
 _79235_/Y
 _79236_/X
 _79237_/X
 _79238_/X
 _79239_/Y
 _79240_/X
 _79241_/X
 _79242_/Y
 _79243_/X
 _79244_/Y
 _79245_/Y
 _79246_/X
 _79247_/X
 _79248_/X
 _79249_/X
 _79250_/X
 _79251_/X
 _79252_/X
 _79253_/X
 _79254_/Y
 _79255_/X
 _79256_/Y
 _79257_/X
 _79258_/X
 _79259_/X
 _79260_/X
 _79261_/Y
 _79262_/Y
 _79263_/X
 _79264_/Y
 _79265_/X
 _79266_/X
 _79267_/X
 _79268_/X
 _79269_/X
 _79270_/Y
 _79271_/X
 _79272_/X
 _79273_/X
 _79274_/Y
 _79275_/Y
 _79276_/X
 _79277_/X
 _79278_/Y
 _79279_/X
 _79280_/X
 _79281_/X
 _79282_/X
 _79283_/Y
 _79284_/X
 _79285_/Y
 _79286_/X
 _79287_/Y
 _79288_/Y
 _79289_/Y
 _79290_/X
 _79291_/Y
 _79292_/X
 _79293_/Y
 _79294_/Y
 _79295_/X
 _79296_/Y
 _79297_/X
 _79298_/X
 _79299_/X
 _79300_/X
 _79301_/Y
 _79302_/X
 _79303_/X
 _79304_/Y
 _79305_/Y
 _79306_/X
 _79307_/X
 _79308_/X
 _79309_/X
 _79310_/X
 _79311_/X
 _79312_/X
 _79313_/Y
 _79314_/Y
 _79315_/X
 _79316_/X
 _79317_/Y
 _79318_/Y
 _79319_/Y
 _79320_/Y
 _79321_/Y
 _79322_/Y
 _79323_/Y
 _79324_/X
 _79325_/Y
 _79326_/X
 _79327_/X
 _79328_/X
 _79329_/X
 _79330_/Y
 _79331_/Y
 _79332_/Y
 _79333_/X
 _79334_/X
 _79335_/X
 _79336_/Y
 _79337_/X
 _79338_/X
 _79339_/Y
 _79340_/X
 _79341_/X
 _79342_/X
 _79343_/Y
 _79344_/X
 _79345_/Y
 _79346_/X
 _79347_/X
 _79348_/X
 _79349_/Y
 _79350_/Y
 _79351_/Y
 _79352_/X
 _79353_/Y
 _79354_/X
 _79355_/Y
 _79356_/Y
 _79357_/X
 _79358_/Y
 _79359_/X
 _79360_/Y
 _79361_/X
 _79362_/Y
 _79363_/Y
 _79364_/Y
 _79365_/Y
 _79366_/Y
 _79367_/X
 _79368_/X
 _79369_/X
 _79370_/Y
 _79371_/X
 _79372_/X
 _79373_/Y
 _79374_/X
 _79375_/X
 _79376_/X
 _79377_/X
 _79378_/Y
 _79379_/X
 _79380_/Y
 _79381_/Y
 _79382_/Y
 _79383_/X
 _79384_/X
 _79385_/X
 _79386_/Y
 _79387_/Y
 _79388_/Y
 _79389_/X
 _79390_/Y
 _79391_/X
 _79392_/X
 _79393_/Y
 _79394_/X
 _79395_/X
 _79396_/X
 _79397_/Y
 _79398_/Y
 _79399_/Y
 _79400_/X
 _79401_/Y
 _79402_/Y
 _79403_/Y
 _79404_/Y
 _79405_/X
 _79406_/X
 _79407_/Y
 _79408_/Y
 _79409_/X
 _79410_/X
 _79411_/Y
 _79412_/X
 _79413_/Y
 _79414_/X
 _79415_/Y
 _79416_/X
 _79417_/X
 _79418_/Y
 _79419_/X
 _79420_/Y
 _79421_/Y
 _79422_/X
 _79423_/Y
 _79424_/Y
 _79425_/Y
 _79426_/Y
 _79427_/Y
 _79428_/X
 _79429_/X
 _79430_/Y
 _79431_/X
 _79432_/X
 _79433_/X
 _79434_/Y
 _79435_/X
 _79436_/X
 _79437_/X
 _79438_/Y
 _79439_/Y
 _79440_/X
 _79441_/Y
 _79442_/X
 _79443_/Y
 _79444_/X
 _79445_/X
 _79446_/X
 _79447_/X
 _79448_/X
 _79449_/Y
 _79450_/X
 _79451_/X
 _79452_/X
 _79453_/Y
 _79454_/Y
 _79455_/X
 _79456_/Y
 _79457_/Y
 _79458_/X
 _79459_/Y
 _79460_/Y
 _79461_/Y
 _79462_/Y
 _79463_/Y
 _79464_/X
 _79465_/X
 _79466_/X
 _79467_/Y
 _79468_/X
 _79469_/X
 _79470_/Y
 _79471_/X
 _79472_/X
 _79473_/X
 _79474_/Y
 _79475_/Y
 _79476_/Y
 _79477_/Y
 _79478_/X
 _79479_/X
 _79480_/Y
 _79481_/X
 _79482_/X
 _79483_/X
 _79484_/Y
 _79485_/X
 _79486_/Y
 _79487_/X
 _79488_/Y
 _79489_/X
 _79490_/Y
 _79491_/Y
 _79492_/Y
 _79493_/Y
 _79494_/Y
 _79495_/Y
 _79496_/Y
 _79497_/X
 _79498_/Y
 _79499_/Y
 _79500_/Y
 _79501_/X
 _79502_/Y
 _79503_/X
 _79504_/X
 _79505_/X
 _79506_/X
 _79507_/X
 _79508_/Y
 _79509_/Y
 _79510_/Y
 _79511_/Y
 _79512_/Y
 _79513_/X
 _79514_/X
 _79515_/Y
 _79516_/X
 _79517_/Y
 _79518_/X
 _79519_/X
 _79520_/X
 _79521_/X
 _79522_/X
 _79523_/Y
 _79524_/Y
 _79525_/Y
 _79526_/X
 _79527_/Y
 _79528_/X
 _79529_/Y
 _79530_/X
 _79531_/X
 _79532_/X
 _79533_/X
 _79534_/X
 _79535_/X
 _79536_/Y
 _79537_/X
 _79538_/Y
 _79539_/Y
 _79540_/Y
 _79541_/X
 _79542_/Y
 _79543_/X
 _79544_/Y
 _79545_/Y
 _79546_/X
 _79547_/X
 _79548_/X
 _79549_/Y
 _79550_/X
 _79551_/X
 _79552_/Y
 _79553_/Y
 _79554_/Y
 _79555_/X
 _79556_/X
 _79557_/X
 _79558_/Y
 _79559_/Y
 _79560_/Y
 _79561_/Y
 _79562_/X
 _79563_/X
 _79564_/Y
 _79565_/X
 _79566_/X
 _79567_/X
 _79568_/Y
 _79569_/Y
 _79570_/X
 _79571_/Y
 _79572_/X
 _79573_/X
 _79574_/Y
 _79575_/X
 _79576_/Y
 _79577_/X
 _79578_/Y
 _79579_/X
 _79580_/Y
 _79581_/X
 _79582_/Y
 _79583_/Y
 _79584_/X
 _79585_/X
 _79586_/Y
 _79587_/X
 _79588_/Y
 _79589_/X
 _79590_/Y
 _79591_/X
 _79592_/Y
 _79593_/Y
 _79594_/Y
 _79595_/Y
 _79596_/Y
 _79597_/X
 _79598_/Y
 _79599_/X
 _79600_/X
 _79601_/X
 _79602_/Y
 _79603_/Y
 _79604_/X
 _79605_/Y
 _79606_/X
 _79607_/Y
 _79608_/Y
 _79609_/X
 _79610_/X
 _79611_/Y
 _79612_/Y
 _79613_/X
 _79614_/Y
 _79615_/Y
 _79616_/Y
 _79617_/Y
 _79618_/X
 _79619_/X
 _79620_/X
 _79621_/Y
 _79622_/X
 _79623_/X
 _79624_/Y
 _79625_/Y
 _79626_/Y
 _79627_/X
 _79628_/X
 _79629_/Y
 _79630_/X
 _79631_/X
 _79632_/Y
 _79633_/X
 _79634_/Y
 _79635_/X
 _79636_/X
 _79637_/X
 _79638_/X
 _79639_/Y
 _79640_/Y
 _79641_/X
 _79642_/X
 _79643_/Y
 _79644_/Y
 _79645_/X
 _79646_/X
 _79647_/Y
 _79648_/X
 _79649_/Y
 _79650_/X
 _79651_/Y
 _79652_/X
 _79653_/Y
 _79654_/Y
 _79655_/X
 _79656_/Y
 _79657_/Y
 _79658_/X
 _79659_/Y
 _79660_/Y
 _79661_/Y
 _79662_/X
 _79663_/X
 _79664_/X
 _79665_/X
 _79666_/X
 _79667_/X
 _79668_/X
 _79669_/X
 _79670_/X
 _79671_/Y
 _79672_/Y
 _79673_/Y
 _79674_/Y
 _79675_/Y
 _79676_/X
 _79677_/X
 _79678_/Y
 _79679_/Y
 _79680_/Y
 _79681_/X
 _79682_/X
 _79683_/X
 _79684_/Y
 _79685_/X
 _79686_/X
 _79687_/Y
 _79688_/X
 _79689_/X
 _79690_/Y
 _79691_/X
 _79692_/X
 _79693_/Y
 _79694_/X
 _79695_/X
 _79696_/Y
 _79697_/Y
 _79698_/X
 _79699_/Y
 _79700_/X
 _79701_/Y
 _79702_/Y
 _79703_/X
 _79704_/X
 _79705_/X
 _79706_/Y
 _79707_/Y
 _79708_/Y
 _79709_/Y
 _79710_/Y
 _79711_/X
 _79712_/Y
 _79713_/Y
 _79714_/Y
 _79715_/Y
 _79716_/Y
 _79717_/Y
 _79718_/X
 _79719_/X
 _79720_/X
 _79721_/X
 _79722_/X
 _79723_/X
 _79724_/X
 _79725_/Y
 _79726_/X
 _79727_/X
 _79728_/X
 _79729_/X
 _79730_/X
 _79731_/X
 _79732_/Y
 _79733_/X
 _79734_/Y
 _79735_/X
 _79736_/Y
 _79737_/Y
 _79738_/Y
 _79739_/X
 _79740_/X
 _79741_/X
 _79742_/Y
 _79743_/X
 _79744_/X
 _79745_/Y
 _79746_/Y
 _79747_/Y
 _79748_/Y
 _79749_/X
 _79750_/X
 _79751_/Y
 _79752_/X
 _79753_/X
 _79754_/Y
 _79755_/Y
 _79756_/Y
 _79757_/X
 _79758_/X
 _79759_/Y
 _79760_/X
 _79761_/X
 _79762_/X
 _79763_/Y
 _79764_/Y
 _79765_/X
 _79766_/X
 _79767_/X
 _79768_/Y
 _79769_/Y
 _79770_/X
 _79771_/X
 _79772_/Y
 _79773_/X
 _79774_/Y
 _79775_/Y
 _79776_/Y
 _79777_/X
 _79778_/X
 _79779_/X
 _79780_/Y
 _79781_/X
 _79782_/X
 _79783_/Y
 _79784_/Y
 _79785_/X
 _79786_/Y
 _79787_/Y
 _79788_/Y
 _79789_/X
 _79790_/X
 _79791_/Y
 _79792_/X
 _79793_/X
 _79794_/X
 _79795_/X
 _79796_/X
 _79797_/Y
 _79798_/Y
 _79799_/Y
 _79800_/Y
 _79801_/X
 _79802_/Y
 _79803_/Y
 _79804_/X
 _79805_/X
 _79806_/Y
 _79807_/X
 _79808_/X
 _79809_/Y
 _79810_/Y
 _79811_/Y
 _79812_/X
 _79813_/X
 _79814_/Y
 _79815_/Y
 _79816_/X
 _79817_/Y
 _79818_/X
 _79819_/Y
 _79820_/X
 _79821_/Y
 _79822_/Y
 _79823_/Y
 _79824_/X
 _79825_/Y
 _79826_/Y
 _79827_/X
 _79828_/X
 _79829_/X
 _79830_/Y
 _79831_/X
 _79832_/X
 _79833_/Y
 _79834_/Y
 _79835_/X
 _79836_/Y
 _79837_/Y
 _79838_/Y
 _79839_/X
 _79840_/X
 _79841_/Y
 _79842_/X
 _79843_/X
 _79844_/Y
 _79845_/Y
 _79846_/Y
 _79847_/Y
 _79848_/X
 _79849_/Y
 _79850_/Y
 _79851_/Y
 _79852_/X
 _79853_/X
 _79854_/Y
 _79855_/X
 _79856_/X
 _79857_/Y
 _79858_/X
 _79859_/Y
 _79860_/X
 _79861_/X
 _79862_/Y
 _79863_/X
 _79864_/X
 _79865_/Y
 _79866_/Y
 _79867_/X
 _79868_/X
 _79869_/Y
 _79870_/X
 _79871_/X
 _79872_/Y
 _79873_/Y
 _79874_/Y
 _79875_/Y
 _79876_/X
 _79877_/X
 _79878_/X
 _79879_/Y
 _79880_/X
 _79881_/X
 _79882_/Y
 _79883_/X
 _79884_/X
 _79885_/X
 _79886_/X
 _79887_/Y
 _79888_/X
 _79889_/X
 _79890_/Y
 _79891_/X
 _79892_/Y
 _79893_/Y
 _79894_/Y
 _79895_/X
 _79896_/X
 _79897_/X
 _79898_/Y
 _79899_/Y
 _79900_/X
 _79901_/Y
 _79902_/X
 _79903_/Y
 _79904_/Y
 _79905_/X
 _79906_/X
 _79907_/X
 _79908_/Y
 _79909_/Y
 _79910_/X
 _79911_/Y
 _79912_/X
 _79913_/X
 _79914_/X
 _79915_/Y
 _79916_/Y
 _79917_/X
 _79918_/X
 _79919_/X
 _79920_/Y
 _79921_/X
 _79922_/X
 _79923_/Y
 _79924_/X
 _79925_/Y
 _79926_/Y
 _79927_/Y
 _79928_/Y
 _79929_/X
 _79930_/X
 _79931_/X
 _79932_/Y
 _79933_/X
 _79934_/X
 _79935_/Y
 _79936_/X
 _79937_/Y
 _79938_/X
 _79939_/Y
 _79940_/X
 _79941_/X
 _79942_/Y
 _79943_/Y
 _79944_/X
 _79945_/X
 _79946_/X
 _79947_/X
 _79948_/Y
 _79949_/X
 _79950_/Y
 _79951_/Y
 _79952_/Y
 _79953_/X
 _79954_/X
 _79955_/X
 _79956_/Y
 _79957_/Y
 _79958_/X
 _79959_/Y
 _79960_/X
 _79961_/Y
 _79962_/Y
 _79963_/X
 _79964_/X
 _79965_/X
 _79966_/X
 _79967_/X
 _79968_/Y
 _79969_/X
 _79970_/X
 _79971_/Y
 _79972_/X
 _79973_/X
 _79974_/Y
 _79975_/Y
 _79976_/X
 _79977_/X
 _79978_/X
 _79979_/X
 _79980_/Y
 _79981_/X
 _79982_/Y
 _79983_/Y
 _79984_/X
 _79985_/Y
 _79986_/X
 _79987_/Y
 _79988_/Y
 _79989_/X
 _79990_/Y
 _79991_/X
 _79992_/Y
 _79993_/Y
 _79994_/X
 _79995_/Y
 _79996_/X
 _79997_/X
 _79998_/X
 _79999_/X
 _80000_/X
 _80001_/Y
 _80002_/Y
 _80003_/X
 _80004_/Y
 _80005_/Y
 _80006_/Y
 _80007_/X
 _80008_/Y
 _80009_/X
 _80010_/X
 _80011_/Y
 _80012_/Y
 _80013_/X
 _80014_/Y
 _80015_/X
 _80016_/Y
 _80017_/X
 _80018_/X
 _80019_/Y
 _80020_/X
 _80021_/X
 _80022_/X
 _80023_/Y
 _80024_/X
 _80025_/Y
 _80026_/X
 _80027_/Y
 _80028_/X
 _80029_/Y
 _80030_/Y
 _80031_/X
 _80032_/Y
 _80033_/X
 _80034_/X
 _80035_/Y
 _80036_/Y
 _80037_/Y
 _80038_/X
 _80039_/Y
 _80040_/Y
 _80041_/Y
 _80042_/X
 _80043_/X
 _80044_/Y
 _80045_/X
 _80046_/X
 _80047_/Y
 _80048_/X
 _80049_/X
 _80050_/Y
 _80051_/Y
 _80052_/X
 _80053_/X
 _80054_/Y
 _80055_/X
 _80056_/Y
 _80057_/Y
 _80058_/X
 _80059_/Y
 _80060_/Y
 _80061_/Y
 _80062_/Y
 _80063_/X
 _80064_/Y
 _80065_/Y
 _80066_/Y
 _80067_/X
 _80068_/X
 _80069_/X
 _80070_/X
 _80071_/X
 _80072_/X
 _80073_/X
 _80074_/X
 _80075_/X
 _80076_/X
 _80077_/X
 _80078_/Y
 _80079_/X
 _80080_/X
 _80081_/X
 _80082_/X
 _80083_/X
 _80084_/X
 _80085_/X
 _80086_/X
 _80087_/X
 _80088_/X
 _80089_/X
 _80090_/X
 _80091_/Y
 _80092_/X
 _80093_/X
 _80094_/Y
 _80095_/Y
 _80096_/Y
 _80097_/X
 _80098_/X
 _80099_/X
 _80100_/Y
 _80101_/X
 _80102_/X
 _80103_/X
 _80104_/Y
 _80105_/Y
 _80106_/X
 _80107_/Y
 _80108_/Y
 _80109_/Y
 _80110_/X
 _80111_/Y
 _80112_/X
 _80113_/Y
 _80114_/X
 _80115_/Y
 _80116_/Y
 _80117_/X
 _80118_/X
 _80119_/Y
 _80120_/X
 _80121_/Y
 _80122_/X
 _80123_/X
 _80124_/Y
 _80125_/X
 _80126_/X
 _80127_/X
 _80128_/Y
 _80129_/Y
 _80130_/X
 _80131_/X
 _80132_/Y
 _80133_/Y
 _80134_/Y
 _80135_/Y
 _80136_/X
 _80137_/Y
 _80138_/X
 _80139_/X
 _80140_/Y
 _80141_/Y
 _80142_/X
 _80143_/Y
 _80144_/X
 _80145_/Y
 _80146_/X
 _80147_/Y
 _80148_/Y
 _80149_/Y
 _80150_/X
 _80151_/Y
 _80152_/Y
 _80153_/X
 _80154_/Y
 _80155_/X
 _80156_/X
 _80157_/Y
 _80158_/X
 _80159_/Y
 _80160_/X
 _80161_/Y
 _80162_/X
 _80163_/Y
 _80164_/X
 _80165_/Y
 _80166_/Y
 _80167_/X
 _80168_/Y
 _80169_/X
 _80170_/Y
 _80171_/X
 _80172_/X
 _80173_/X
 _80174_/X
 _80175_/Y
 _80176_/Y
 _80177_/X
 _80178_/X
 _80179_/Y
 _80180_/Y
 _80181_/X
 _80182_/X
 _80183_/X
 _80184_/X
 _80185_/Y
 _80186_/X
 _80187_/X
 _80188_/X
 _80189_/Y
 _80190_/X
 _80191_/X
 _80192_/X
 _80193_/Y
 _80194_/Y
 _80195_/Y
 _80196_/Y
 _80197_/Y
 _80198_/Y
 _80199_/Y
 _80200_/Y
 _80201_/X
 _80202_/X
 _80203_/X
 _80204_/Y
 _80205_/Y
 _80206_/Y
 _80207_/X
 _80208_/X
 _80209_/X
 _80210_/X
 _80211_/Y
 _80212_/X
 _80213_/Y
 _80214_/X
 _80215_/Y
 _80216_/Y
 _80217_/Y
 _80218_/Y
 _80219_/Y
 _80220_/Y
 _80221_/X
 _80222_/Y
 _80223_/X
 _80224_/Y
 _80225_/Y
 _80226_/X
 _80227_/X
 _80228_/X
 _80229_/X
 _80230_/Y
 _80231_/Y
 _80232_/X
 _80233_/X
 _80234_/Y
 _80235_/X
 _80236_/X
 _80237_/Y
 _80238_/Y
 _80239_/Y
 _80240_/X
 _80241_/X
 _80242_/X
 _80243_/Y
 _80244_/X
 _80245_/Y
 _80246_/Y
 _80247_/X
 _80248_/X
 _80249_/Y
 _80250_/X
 _80251_/Y
 _80252_/X
 _80253_/X
 _80254_/X
 _80255_/X
 _80256_/X
 _80257_/X
 _80258_/Y
 _80259_/X
 _80260_/X
 _80261_/X
 _80262_/Y
 _80263_/Y
 _80264_/Y
 _80265_/Y
 _80266_/X
 _80267_/Y
 _80268_/Y
 _80269_/Y
 _80270_/Y
 _80271_/X
 _80272_/Y
 _80273_/Y
 _80274_/X
 _80275_/X
 _80276_/Y
 _80277_/X
 _80278_/Y
 _80279_/Y
 _80280_/Y
 _80281_/X
 _80282_/Y
 _80283_/Y
 _80284_/X
 _80285_/Y
 _80286_/Y
 _80287_/X
 _80288_/Y
 _80289_/X
 _80290_/Y
 _80291_/X
 _80292_/Y
 _80293_/Y
 _80294_/Y
 _80295_/Y
 _80296_/Y
 _80297_/Y
 _80298_/X
 _80299_/X
 _80300_/Y
 _80301_/X
 _80302_/Y
 _80303_/Y
 _80304_/Y
 _80305_/Y
 _80306_/Y
 _80307_/X
 _80308_/Y
 _80309_/X
 _80310_/X
 _80311_/Y
 _80312_/X
 _80313_/Y
 _80314_/Y
 _80315_/X
 _80316_/X
 _80317_/Y
 _80318_/Y
 _80319_/X
 _80320_/Y
 _80321_/X
 _80322_/X
 _80323_/X
 _80324_/X
 _80325_/Y
 _80326_/X
 _80327_/Y
 _80328_/Y
 _80329_/Y
 _80330_/Y
 _80331_/X
 _80332_/Y
 _80333_/X
 _80334_/Y
 _80335_/X
 _80336_/Y
 _80337_/X
 _80338_/Y
 _80339_/Y
 _80340_/Y
 _80341_/X
 _80342_/Y
 _80343_/X
 _80344_/Y
 _80345_/X
 _80346_/Y
 _80347_/X
 _80348_/X
 _80349_/Y
 _80350_/X
 _80351_/X
 _80352_/Y
 _80353_/Y
 _80354_/X
 _80355_/Y
 _80356_/Y
 _80357_/Y
 _80358_/X
 _80359_/Y
 _80360_/Y
 _80361_/Y
 _80362_/Y
 _80363_/Y
 _80364_/X
 _80365_/X
 _80366_/Y
 _80367_/X
 _80368_/X
 _80369_/X
 _80370_/Y
 _80371_/Y
 _80372_/X
 _80373_/Y
 _80374_/X
 _80375_/Y
 _80376_/X
 _80377_/X
 _80378_/Y
 _80379_/X
 _80380_/Y
 _80381_/Y
 _80382_/Y
 _80383_/Y
 _80384_/Y
 _80385_/X
 _80386_/X
 _80387_/X
 _80388_/Y
 _80389_/Y
 _80390_/Y
 _80391_/X
 _80392_/X
 _80393_/Y
 _80394_/Y
 _80395_/Y
 _80396_/X
 _80397_/X
 _80398_/X
 _80399_/X
 _80400_/X
 _80401_/Y
 _80402_/Y
 _80403_/Y
 _80404_/Y
 _80405_/Y
 _80406_/Y
 _80407_/X
 _80408_/X
 _80409_/X
 _80410_/Y
 _80411_/Y
 _80412_/X
 _80413_/X
 _80414_/Y
 _80415_/X
 _80416_/Y
 _80417_/X
 _80418_/X
 _80419_/Y
 _80420_/X
 _80421_/X
 _80422_/Y
 _80423_/Y
 _80424_/X
 _80425_/Y
 _80426_/X
 _80427_/X
 _80428_/Y
 _80429_/Y
 _80430_/Y
 _80431_/X
 _80432_/Y
 _80433_/X
 _80434_/X
 _80435_/Y
 _80436_/X
 _80437_/Y
 _80438_/X
 _80439_/Y
 _80440_/X
 _80441_/X
 _80442_/Y
 _80443_/X
 _80444_/Y
 _80445_/Y
 _80446_/X
 _80447_/X
 _80448_/Y
 _80449_/X
 _80450_/Y
 _80451_/Y
 _80452_/X
 _80453_/Y
 _80454_/X
 _80455_/X
 _80456_/Y
 _80457_/X
 _80458_/Y
 _80459_/Y
 _80460_/X
 _80461_/X
 _80462_/Y
 _80463_/Y
 _80464_/X
 _80465_/X
 _80466_/X
 _80467_/X
 _80468_/X
 _80469_/X
 _80470_/X
 _80471_/Y
 _80472_/X
 _80473_/Y
 _80474_/X
 _80475_/Y
 _80476_/Y
 _80477_/X
 _80478_/X
 _80479_/Y
 _80480_/X
 _80481_/Y
 _80482_/X
 _80483_/Y
 _80484_/X
 _80485_/Y
 _80486_/Y
 _80487_/Y
 _80488_/X
 _80489_/X
 _80490_/X
 _80491_/X
 _80492_/X
 _80493_/Y
 _80494_/X
 _80495_/X
 _80496_/X
 _80497_/Y
 _80498_/Y
 _80499_/X
 _80500_/Y
 _80501_/Y
 _80502_/Y
 _80503_/X
 _80504_/X
 _80505_/Y
 _80506_/Y
 _80507_/X
 _80508_/Y
 _80509_/Y
 _80510_/X
 _80511_/X
 _80512_/Y
 _80513_/Y
 _80514_/Y
 _80515_/Y
 _80516_/Y
 _80517_/Y
 _80518_/X
 _80519_/Y
 _80520_/X
 _80521_/X
 _80522_/X
 _80523_/X
 _80524_/X
 _80525_/X
 _80526_/X
 _80527_/X
 _80528_/X
 _80529_/Y
 _80530_/Y
 _80531_/Y
 _80532_/Y
 _80533_/X
 _80534_/Y
 _80535_/Y
 _80536_/X
 _80537_/Y
 _80538_/X
 _80539_/X
 _80540_/Y
 _80541_/X
 _80542_/Y
 _80543_/Y
 _80544_/X
 _80545_/Y
 _80546_/Y
 _80547_/X
 _80548_/X
 _80549_/Y
 _80550_/X
 _80551_/X
 _80552_/Y
 _80553_/Y
 _80554_/X
 _80555_/Y
 _80556_/Y
 _80557_/X
 _80558_/Y
 _80559_/X
 _80560_/X
 _80561_/Y
 _80562_/X
 _80563_/Y
 _80564_/X
 _80565_/Y
 _80566_/X
 _80567_/Y
 _80568_/X
 _80569_/Y
 _80570_/X
 _80571_/X
 _80572_/X
 _80573_/X
 _80574_/Y
 _80575_/X
 _80576_/Y
 _80577_/X
 _80578_/X
 _80579_/X
 _80580_/Y
 _80581_/Y
 _80582_/X
 _80583_/X
 _80584_/Y
 _80585_/X
 _80586_/Y
 _80587_/X
 _80588_/X
 _80589_/Y
 _80590_/X
 _80591_/Y
 _80592_/Y
 _80593_/X
 _80594_/Y
 _80595_/Y
 _80596_/Y
 _80597_/Y
 _80598_/X
 _80599_/X
 _80600_/Y
 _80601_/X
 _80602_/Y
 _80603_/X
 _80604_/Y
 _80605_/X
 _80606_/X
 _80607_/X
 _80608_/Y
 _80609_/Y
 _80610_/X
 _80611_/Y
 _80612_/X
 _80613_/Y
 _80614_/X
 _80615_/Y
 _80616_/X
 _80617_/X
 _80618_/X
 _80619_/X
 _80620_/Y
 _80621_/X
 _80622_/Y
 _80623_/Y
 _80624_/X
 _80625_/Y
 _80626_/X
 _80627_/X
 _80628_/Y
 _80629_/X
 _80630_/X
 _80631_/Y
 _80632_/X
 _80633_/Y
 _80634_/X
 _80635_/X
 _80636_/Y
 _80637_/Y
 _80638_/X
 _80639_/Y
 _80640_/X
 _80641_/Y
 _80642_/X
 _80643_/X
 _80644_/X
 _80645_/Y
 _80646_/X
 _80647_/Y
 _80648_/X
 _80649_/X
 _80650_/Y
 _80651_/Y
 _80652_/Y
 _80653_/X
 _80654_/X
 _80655_/Y
 _80656_/X
 _80657_/X
 _80658_/Y
 _80659_/X
 _80660_/X
 _80661_/Y
 _80662_/Y
 _80663_/X
 _80664_/Y
 _80665_/X
 _80666_/X
 _80667_/Y
 _80668_/X
 _80669_/X
 _80670_/Y
 _80671_/Y
 _80672_/Y
 _80673_/Y
 _80674_/X
 _80675_/Y
 _80676_/X
 _80677_/Y
 _80678_/X
 _80679_/X
 _80680_/Y
 _80681_/Y
 _80682_/X
 _80683_/Y
 _80684_/Y
 _80685_/Y
 _80686_/Y
 _80687_/Y
 _80688_/Y
 _80689_/Y
 _80690_/Y
 _80691_/X
 _80692_/Y
 _80693_/X
 _80694_/X
 _80695_/X
 _80696_/X
 _80697_/Y
 _80698_/X
 _80699_/Y
 _80700_/Y
 _80701_/X
 _80702_/Y
 _80703_/Y
 _80704_/Y
 _80705_/X
 _80706_/Y
 _80707_/X
 _80708_/Y
 _80709_/Y
 _80710_/Y
 _80711_/Y
 _80712_/X
 _80713_/X
 _80714_/X
 _80715_/X
 _80716_/X
 _80717_/X
 _80718_/X
 _80719_/X
 _80720_/Y
 _80721_/Y
 _80722_/X
 _80723_/Y
 _80724_/X
 _80725_/X
 _80726_/Y
 _80727_/Y
 _80728_/X
 _80729_/Y
 _80730_/Y
 _80731_/X
 _80732_/X
 _80733_/Y
 _80734_/Y
 _80735_/X
 _80736_/X
 _80737_/X
 _80738_/Y
 _80739_/Y
 _80740_/Y
 _80741_/X
 _80742_/Y
 _80743_/Y
 _80744_/Y
 _80745_/Y
 _80746_/Y
 _80747_/X
 _80748_/Y
 _80749_/X
 _80750_/Y
 _80751_/X
 _80752_/Y
 _80753_/Y
 _80754_/X
 _80755_/X
 _80756_/Y
 _80757_/Y
 _80758_/Y
 _80759_/Y
 _80760_/Y
 _80761_/X
 _80762_/X
 _80763_/Y
 _80764_/Y
 _80765_/X
 _80766_/Y
 _80767_/Y
 _80768_/Y
 _80769_/X
 _80770_/Y
 _80771_/X
 _80772_/X
 _80773_/Y
 _80774_/Y
 _80775_/Y
 _80776_/Y
 _80777_/Y
 _80778_/X
 _80779_/Y
 _80780_/Y
 _80781_/X
 _80782_/Y
 _80783_/X
 _80784_/X
 _80785_/Y
 _80786_/X
 _80787_/Y
 _80788_/Y
 _80789_/X
 _80790_/Y
 _80791_/Y
 _80792_/X
 _80793_/Y
 _80794_/X
 _80795_/X
 _80796_/X
 _80797_/Y
 _80798_/Y
 _80799_/X
 _80800_/Y
 _80801_/Y
 _80802_/Y
 _80803_/X
 _80804_/Y
 _80805_/Y
 _80806_/Y
 _80807_/Y
 _80808_/Y
 _80809_/X
 _80810_/Y
 _80811_/Y
 _80812_/Y
 _80813_/X
 _80814_/Y
 _80815_/X
 _80816_/X
 _80817_/X
 _80818_/X
 _80819_/Y
 _80820_/X
 _80821_/Y
 _80822_/Y
 _80823_/X
 _80824_/Y
 _80825_/X
 _80826_/Y
 _80827_/X
 _80828_/Y
 _80829_/Y
 _80830_/X
 _80831_/Y
 _80832_/Y
 _80833_/X
 _80834_/Y
 _80835_/Y
 _80836_/Y
 _80837_/X
 _80838_/Y
 _80839_/Y
 _80840_/Y
 _80841_/Y
 _80842_/X
 _80843_/X
 _80844_/Y
 _80845_/Y
 _80846_/X
 _80847_/Y
 _80848_/Y
 _80849_/X
 _80850_/Y
 _80851_/X
 _80852_/Y
 _80853_/X
 _80854_/X
 _80855_/Y
 _80856_/X
 _80857_/X
 _80858_/Y
 _80859_/Y
 _80860_/X
 _80861_/Y
 _80862_/X
 _80863_/Y
 _80864_/Y
 _80865_/Y
 _80866_/X
 _80867_/X
 _80868_/Y
 _80869_/X
 _80870_/Y
 _80871_/Y
 _80872_/X
 _80873_/X
 _80874_/Y
 _80875_/X
 _80876_/Y
 _80877_/Y
 _80878_/X
 _80879_/Y
 _80880_/X
 _80881_/X
 _80882_/Y
 _80883_/Y
 _80884_/Y
 _80885_/Y
 _80886_/Y
 _80887_/Y
 _80888_/X
 _80889_/Y
 _80890_/X
 _80891_/Y
 _80892_/X
 _80893_/Y
 _80894_/X
 _80895_/Y
 _80896_/X
 _80897_/Y
 _80898_/Y
 _80899_/X
 _80900_/Y
 _80901_/X
 _80902_/X
 _80903_/Y
 _80904_/X
 _80905_/Y
 _80906_/Y
 _80907_/X
 _80908_/X
 _80909_/Y
 _80910_/Y
 _80911_/X
 _80912_/Y
 _80913_/X
 _80914_/Y
 _80915_/Y
 _80916_/X
 _80917_/Y
 _80918_/Y
 _80919_/X
 _80920_/Y
 _80921_/Y
 _80922_/X
 _80923_/Y
 _80924_/X
 _80925_/X
 _80926_/X
 _80927_/X
 _80928_/X
 _80929_/X
 _80930_/X
 _80931_/Y
 _80932_/X
 _80933_/Y
 _80934_/Y
 _80935_/Y
 _80936_/Y
 _80937_/Y
 _80938_/X
 _80939_/Y
 _80940_/X
 _80941_/Y
 _80942_/Y
 _80943_/Y
 _80944_/Y
 _80945_/X
 _80946_/Y
 _80947_/X
 _80948_/X
 _80949_/X
 _80950_/Y
 _80951_/X
 _80952_/Y
 _80953_/Y
 _80954_/X
 _80955_/X
 _80956_/X
 _80957_/Y
 _80958_/Y
 _80959_/Y
 _80960_/Y
 _80961_/Y
 _80962_/X
 _80963_/Y
 _80964_/Y
 _80965_/X
 _80966_/Y
 _80967_/Y
 _80968_/Y
 _80969_/Y
 _80970_/Y
 _80971_/X
 _80972_/Y
 _80973_/Y
 _80974_/Y
 _80975_/Y
 _80976_/X
 _80977_/Y
 _80978_/X
 _80979_/X
 _80980_/Y
 _80981_/X
 _80982_/X
 _80983_/Y
 _80984_/Y
 _80985_/X
 _80986_/X
 _80987_/Y
 _80988_/X
 _80989_/X
 _80990_/Y
 _80991_/Y
 _80992_/X
 _80993_/Y
 _80994_/X
 _80995_/Y
 _80996_/X
 _80997_/Y
 _80998_/Y
 _80999_/Y
 _81000_/Y
 _81001_/Y
 _81002_/Y
 _81003_/Y
 _81004_/Y
 _81005_/Y
 _81006_/Y
 _81007_/Y
 _81008_/Y
 _81009_/X
 _81010_/X
 _81011_/Y
 _81012_/X
 _81013_/Y
 _81014_/Y
 _81015_/Y
 _81016_/X
 _81017_/X
 _81018_/Y
 _81019_/X
 _81020_/X
 _81021_/X
 _81022_/Y
 _81023_/Y
 _81024_/X
 _81025_/X
 _81026_/X
 _81027_/X
 _81028_/X
 _81029_/X
 _81030_/X
 _81031_/X
 _81032_/Y
 _81033_/X
 _81034_/Y
 _81035_/Y
 _81036_/Y
 _81037_/X
 _81038_/Y
 _81039_/Y
 _81040_/X
 _81041_/Y
 _81042_/Y
 _81043_/Y
 _81044_/Y
 _81045_/X
 _81046_/Y
 _81047_/X
 _81048_/X
 _81049_/Y
 _81050_/X
 _81051_/Y
 _81052_/X
 _81053_/X
 _81054_/X
 _81055_/X
 _81056_/Y
 _81057_/X
 _81058_/X
 _81059_/X
 _81060_/Y
 _81061_/Y
 _81062_/Y
 _81063_/X
 _81064_/Y
 _81065_/X
 _81066_/X
 _81067_/Y
 _81068_/X
 _81069_/X
 _81070_/Y
 _81071_/Y
 _81072_/Y
 _81073_/X
 _81074_/Y
 _81075_/X
 _81076_/X
 _81077_/Y
 _81078_/Y
 _81079_/Y
 _81080_/X
 _81081_/X
 _81082_/Y
 _81083_/X
 _81084_/X
 _81085_/Y
 _81086_/X
 _81087_/X
 _81088_/Y
 _81089_/X
 _81090_/X
 _81091_/X
 _81092_/X
 _81093_/X
 _81094_/Y
 _81095_/X
 _81096_/X
 _81097_/X
 _81098_/X
 _81099_/X
 _81100_/Y
 _81101_/Y
 _81102_/Y
 _81103_/X
 _81104_/X
 _81105_/Y
 _81106_/X
 _81107_/Y
 _81108_/Y
 _81109_/X
 _81110_/X
 _81111_/Y
 _81112_/X
 _81113_/Y
 _81114_/Y
 _81115_/X
 _81116_/X
 _81117_/X
 _81118_/Y
 _81119_/Y
 _81120_/Y
 _81121_/Y
 _81122_/Y
 _81123_/Y
 _81124_/X
 _81125_/X
 _81126_/Y
 _81127_/X
 _81128_/Y
 _81129_/Y
 _81130_/X
 _81131_/Y
 _81132_/Y
 _81133_/X
 _81134_/Y
 _81135_/Y
 _81136_/X
 _81137_/X
 _81138_/Y
 _81139_/X
 _81140_/Y
 _81141_/X
 _81142_/X
 _81143_/Y
 _81144_/X
 _81145_/Y
 _81146_/Y
 _81147_/X
 _81148_/X
 _81149_/Y
 _81150_/X
 _81151_/X
 _81152_/Y
 _81153_/X
 _81154_/X
 _81155_/Y
 _81156_/Y
 _81157_/Y
 _81158_/Y
 _81159_/X
 _81160_/Y
 _81161_/Y
 _81162_/Y
 _81163_/X
 _81164_/X
 _81165_/Y
 _81166_/X
 _81167_/Y
 _81168_/Y
 _81169_/X
 _81170_/X
 _81171_/Y
 _81172_/Y
 _81173_/X
 _81174_/X
 _81175_/X
 _81176_/X
 _81177_/X
 _81178_/Y
 _81179_/Y
 _81180_/X
 _81181_/Y
 _81182_/X
 _81183_/Y
 _81184_/Y
 _81185_/X
 _81186_/X
 _81187_/X
 _81188_/X
 _81189_/Y
 _81190_/Y
 _81191_/X
 _81192_/X
 _81193_/X
 _81194_/Y
 _81195_/X
 _81196_/Y
 _81197_/X
 _81198_/X
 _81199_/Y
 _81200_/X
 _81201_/Y
 _81202_/X
 _81203_/Y
 _81204_/X
 _81205_/X
 _81206_/Y
 _81207_/X
 _81208_/Y
 _81209_/X
 _81210_/X
 _81211_/X
 _81212_/X
 _81213_/Y
 _81214_/X
 _81215_/X
 _81216_/Y
 _81217_/Y
 _81218_/X
 _81219_/X
 _81220_/Y
 _81221_/Y
 _81222_/X
 _81223_/X
 _81224_/X
 _81225_/X
 _81226_/Y
 _81227_/X
 _81228_/Y
 _81229_/X
 _81230_/X
 _81231_/X
 _81232_/Y
 _81233_/X
 _81234_/Y
 _81235_/X
 _81236_/Y
 _81237_/Y
 _81238_/X
 _81239_/Y
 _81240_/Y
 _81241_/Y
 _81242_/Y
 _81243_/X
 _81244_/X
 _81245_/X
 _81246_/Y
 _81247_/X
 _81248_/X
 _81249_/Y
 _81250_/X
 _81251_/X
 _81252_/Y
 _81253_/Y
 _81254_/Y
 _81255_/Y
 _81256_/Y
 _81257_/Y
 _81258_/X
 _81259_/X
 _81260_/Y
 _81261_/X
 _81262_/Y
 _81263_/X
 _81264_/X
 _81265_/Y
 _81266_/X
 _81267_/X
 _81268_/X
 _81269_/X
 _81270_/X
 _81271_/Y
 _81272_/Y
 _81273_/Y
 _81274_/X
 _81275_/Y
 _81276_/X
 _81277_/Y
 _81278_/X
 _81279_/Y
 _81280_/X
 _81281_/X
 _81282_/Y
 _81283_/X
 _81284_/X
 _81285_/Y
 _81286_/X
 _81287_/X
 _81288_/Y
 _81289_/X
 _81290_/Y
 _81291_/Y
 _81292_/Y
 _81293_/Y
 _81294_/X
 _81295_/Y
 _81296_/X
 _81297_/Y
 _81298_/X
 _81299_/X
 _81300_/X
 _81301_/Y
 _81302_/Y
 _81303_/X
 _81304_/X
 _81305_/Y
 _81306_/Y
 _81307_/X
 _81308_/X
 _81309_/X
 _81310_/Y
 _81311_/X
 _81312_/Y
 _81313_/X
 _81314_/Y
 _81315_/X
 _81316_/Y
 _81317_/Y
 _81318_/Y
 _81319_/Y
 _81320_/Y
 _81321_/X
 _81322_/X
 _81323_/Y
 _81324_/X
 _81325_/Y
 _81326_/Y
 _81327_/Y
 _81328_/X
 _81329_/Y
 _81330_/Y
 _81331_/Y
 _81332_/X
 _81333_/Y
 _81334_/X
 _81335_/X
 _81336_/Y
 _81337_/X
 _81338_/X
 _81339_/X
 _81340_/Y
 _81341_/X
 _81342_/X
 _81343_/Y
 _81344_/X
 _81345_/Y
 _81346_/X
 _81347_/Y
 _81348_/X
 _81349_/Y
 _81350_/Y
 _81351_/X
 _81352_/X
 _81353_/Y
 _81354_/X
 _81355_/X
 _81356_/Y
 _81357_/X
 _81358_/Y
 _81359_/X
 _81360_/X
 _81361_/X
 _81362_/Y
 _81363_/X
 _81364_/X
 _81365_/Y
 _81366_/Y
 _81367_/X
 _81368_/X
 _81369_/Y
 _81370_/X
 _81371_/Y
 _81372_/Y
 _81373_/Y
 _81374_/X
 _81375_/X
 _81376_/Y
 _81377_/X
 _81378_/Y
 _81379_/X
 _81380_/Y
 _81381_/X
 _81382_/Y
 _81383_/X
 _81384_/Y
 _81385_/X
 _81386_/X
 _81387_/Y
 _81388_/X
 _81389_/X
 _81390_/X
 _81391_/X
 _81392_/X
 _81393_/X
 _81394_/Y
 _81395_/Y
 _81396_/Y
 _81397_/Y
 _81398_/Y
 _81399_/X
 _81400_/Y
 _81401_/Y
 _81402_/Y
 _81403_/X
 _81404_/Y
 _81405_/Y
 _81406_/Y
 _81407_/X
 _81408_/Y
 _81409_/Y
 _81410_/Y
 _81411_/X
 _81412_/Y
 _81413_/Y
 _81414_/Y
 _81415_/Y
 _81416_/Y
 _81417_/X
 _81418_/X
 _81419_/Y
 _81420_/Y
 _81421_/Y
 _81422_/X
 _81423_/Y
 _81424_/X
 _81425_/Y
 _81426_/X
 _81427_/X
 _81428_/Y
 _81429_/X
 _81430_/X
 _81431_/Y
 _81432_/Y
 _81433_/Y
 _81434_/X
 _81435_/Y
 _81436_/X
 _81437_/X
 _81438_/X
 _81439_/X
 _81440_/X
 _81441_/X
 _81442_/Y
 _81443_/X
 _81444_/X
 _81445_/X
 _81446_/X
 _81447_/X
 _81448_/Y
 _81449_/X
 _81450_/Y
 _81451_/X
 _81452_/X
 _81453_/Y
 _81454_/Y
 _81455_/X
 _81456_/X
 _81457_/Y
 _81458_/X
 _81459_/X
 _81460_/Y
 _81461_/X
 _81462_/Y
 _81463_/X
 _81464_/X
 _81465_/Y
 _81466_/X
 _81467_/X
 _81468_/X
 _81469_/X
 _81470_/X
 _81471_/X
 _81472_/X
 _81473_/X
 _81474_/X
 _81475_/Y
 _81476_/Y
 _81477_/Y
 _81478_/X
 _81479_/X
 _81480_/Y
 _81481_/X
 _81482_/Y
 _81483_/Y
 _81484_/Y
 _81485_/X
 _81486_/Y
 _81487_/Y
 _81488_/X
 _81489_/X
 _81490_/Y
 _81491_/X
 _81492_/Y
 _81493_/Y
 _81494_/Y
 _81495_/X
 _81496_/Y
 _81497_/X
 _81498_/Y
 _81499_/X
 _81500_/Y
 _81501_/X
 _81502_/Y
 _81503_/Y
 _81504_/Y
 _81505_/X
 _81506_/Y
 _81507_/X
 _81508_/X
 _81509_/X
 _81510_/Y
 _81511_/X
 _81512_/Y
 _81513_/X
 _81514_/Y
 _81515_/X
 _81516_/Y
 _81517_/Y
 _81518_/Y
 _81519_/X
 _81520_/Y
 _81521_/X
 _81522_/X
 _81523_/Y
 _81524_/Y
 _81525_/Y
 _81526_/X
 _81527_/Y
 _81528_/Y
 _81529_/X
 _81530_/Y
 _81531_/Y
 _81532_/Y
 _81533_/Y
 _81534_/Y
 _81535_/Y
 _81536_/X
 _81537_/Y
 _81538_/Y
 _81539_/X
 _81540_/Y
 _81541_/X
 _81542_/Y
 _81543_/Y
 _81544_/X
 _81545_/X
 _81546_/Y
 _81547_/Y
 _81548_/Y
 _81549_/Y
 _81550_/Y
 _81551_/X
 _81552_/Y
 _81553_/X
 _81554_/Y
 _81555_/X
 _81556_/Y
 _81557_/X
 _81558_/X
 _81559_/Y
 _81560_/X
 _81561_/Y
 _81562_/X
 _81563_/Y
 _81564_/Y
 _81565_/Y
 _81566_/X
 _81567_/Y
 _81568_/Y
 _81569_/Y
 _81570_/X
 _81571_/X
 _81572_/Y
 _81573_/Y
 _81574_/Y
 _81575_/X
 _81576_/Y
 _81577_/Y
 _81578_/X
 _81579_/X
 _81580_/X
 _81581_/X
 _81582_/X
 _81583_/X
 _81584_/X
 _81585_/X
 _81586_/X
 _81587_/Y
 _81588_/X
 _81589_/Y
 _81590_/X
 _81591_/Y
 _81592_/Y
 _81593_/Y
 _81594_/X
 _81595_/Y
 _81596_/X
 _81597_/X
 _81598_/X
 _81599_/X
 _81600_/X
 _81601_/Y
 _81602_/Y
 _81603_/X
 _81604_/Y
 _81605_/Y
 _81606_/Y
 _81607_/X
 _81608_/Y
 _81609_/X
 _81610_/Y
 _81611_/X
 _81612_/X
 _81613_/Y
 _81614_/Y
 _81615_/Y
 _81616_/Y
 _81617_/Y
 _81618_/Y
 _81619_/X
 _81620_/X
 _81621_/X
 _81622_/Y
 _81623_/Y
 _81624_/X
 _81625_/Y
 _81626_/X
 _81627_/X
 _81628_/Y
 _81629_/Y
 _81630_/X
 _81631_/Y
 _81632_/X
 _81633_/X
 _81634_/X
 _81635_/X
 _81636_/X
 _81637_/X
 _81638_/X
 _81639_/X
 _81640_/X
 _81641_/X
 _81642_/Y
 _81643_/Y
 _81644_/X
 _81645_/X
 _81646_/X
 _81647_/Y
 _81648_/X
 _81649_/Y
 _81650_/X
 _81651_/X
 _81652_/Y
 _81653_/X
 _81654_/Y
 _81655_/Y
 _81656_/Y
 _81657_/X
 _81658_/Y
 _81659_/Y
 _81660_/Y
 _81661_/X
 _81662_/X
 _81663_/X
 _81664_/Y
 _81665_/Y
 _81666_/Y
 _81667_/X
 _81668_/X
 _81669_/Y
 _81670_/Y
 _81671_/X
 _81672_/Y
 _81673_/Y
 _81674_/X
 _81675_/Y
 _81676_/X
 _81677_/X
 _81678_/X
 _81679_/X
 _81680_/Y
 _81681_/X
 _81682_/Y
 _81683_/Y
 _81684_/X
 _81685_/Y
 _81686_/X
 _81687_/X
 _81688_/X
 _81689_/Y
 _81690_/X
 _81691_/X
 _81692_/Y
 _81693_/X
 _81694_/X
 _81695_/X
 _81696_/Y
 _81697_/X
 _81698_/Y
 _81699_/Y
 _81700_/X
 _81701_/Y
 _81702_/X
 _81703_/Y
 _81704_/X
 _81705_/Y
 _81706_/X
 _81707_/Y
 _81708_/X
 _81709_/X
 _81710_/X
 _81711_/Y
 _81712_/X
 _81713_/Y
 _81714_/X
 _81715_/X
 _81716_/X
 _81717_/Y
 _81718_/X
 _81719_/Y
 _81720_/X
 _81721_/X
 _81722_/X
 _81723_/Y
 _81724_/X
 _81725_/Y
 _81726_/X
 _81727_/Y
 _81728_/X
 _81729_/X
 _81730_/Y
 _81731_/X
 _81732_/X
 _81733_/Y
 _81734_/X
 _81735_/Y
 _81736_/Y
 _81737_/X
 _81738_/Y
 _81739_/X
 _81740_/X
 _81741_/Y
 _81742_/X
 _81743_/Y
 _81744_/Y
 _81745_/X
 _81746_/Y
 _81747_/X
 _81748_/X
 _81749_/X
 _81750_/Y
 _81751_/X
 _81752_/Y
 _81753_/Y
 _81754_/X
 _81755_/Y
 _81756_/X
 _81757_/Y
 _81758_/Y
 _81759_/X
 _81760_/X
 _81761_/X
 _81762_/X
 _81763_/X
 _81764_/X
 _81765_/Y
 _81766_/X
 _81767_/Y
 _81768_/Y
 _81769_/X
 _81770_/Y
 _81771_/X
 _81772_/Y
 _81773_/Y
 _81774_/X
 _81775_/X
 _81776_/Y
 _81777_/Y
 _81778_/X
 _81779_/X
 _81780_/Y
 _81781_/Y
 _81782_/Y
 _81783_/Y
 _81784_/X
 _81785_/Y
 _81786_/Y
 _81787_/Y
 _81788_/X
 _81789_/Y
 _81790_/X
 _81791_/Y
 _81792_/X
 _81793_/Y
 _81794_/X
 _81795_/X
 _81796_/Y
 _81797_/X
 _81798_/Y
 _81799_/X
 _81800_/Y
 _81801_/X
 _81802_/X
 _81803_/Y
 _81804_/X
 _81805_/Y
 _81806_/X
 _81807_/X
 _81808_/Y
 _81809_/X
 _81810_/Y
 _81811_/X
 _81812_/X
 _81813_/Y
 _81814_/X
 _81815_/Y
 _81816_/X
 _81817_/X
 _81818_/Y
 _81819_/X
 _81820_/X
 _81821_/Y
 _81822_/Y
 _81823_/Y
 _81824_/Y
 _81825_/Y
 _81826_/X
 _81827_/Y
 _81828_/X
 _81829_/Y
 _81830_/X
 _81831_/Y
 _81832_/X
 _81833_/Y
 _81834_/X
 _81835_/X
 _81836_/Y
 _81837_/X
 _81838_/X
 _81839_/Y
 _81840_/Y
 _81841_/Y
 _81842_/Y
 _81843_/X
 _81844_/X
 _81845_/Y
 _81846_/Y
 _81847_/X
 _81848_/X
 _81849_/Y
 _81850_/Y
 _81851_/Y
 _81852_/Y
 _81853_/X
 _81854_/X
 _81855_/X
 _81856_/X
 _81857_/X
 _81858_/X
 _81859_/Y
 _81860_/Y
 _81861_/Y
 _81862_/Y
 _81863_/Y
 _81864_/X
 _81865_/X
 _81866_/Y
 _81867_/Y
 _81868_/Y
 _81869_/Y
 _81870_/X
 _81871_/Y
 _81872_/Y
 _81873_/Y
 _81874_/Y
 _81875_/Y
 _81876_/Y
 _81877_/Y
 _81878_/Y
 _81879_/Y
 _81880_/X
 _81881_/Y
 _81882_/X
 _81883_/Y
 _81884_/Y
 _81885_/Y
 _81886_/Y
 _81887_/Y
 _81888_/X
 _81889_/Y
 _81890_/Y
 _81891_/Y
 _81892_/X
 _81893_/Y
 _81894_/Y
 _81895_/X
 _81896_/Y
 _81897_/Y
 _81898_/Y
 _81899_/Y
 _81900_/X
 _81901_/X
 _81902_/X
 _81903_/Y
 _81904_/Y
 _81905_/Y
 _81906_/Y
 _81907_/X
 _81908_/X
 _81909_/X
 _81910_/X
 _81911_/X
 _81912_/X
 _81913_/Y
 _81914_/X
 _81915_/X
 _81916_/X
 _81917_/Y
 _81918_/X
 _81919_/Y
 _81920_/X
 _81921_/X
 _81922_/Y
 _81923_/X
 _81924_/X
 _81925_/Y
 _81926_/Y
 _81927_/Y
 _81928_/X
 _81929_/Y
 _81930_/X
 _81931_/X
 _81932_/X
 _81933_/Y
 _81934_/X
 _81935_/X
 _81936_/Y
 _81937_/X
 _81938_/Y
 _81939_/Y
 _81940_/Y
 _81941_/X
 _81942_/X
 _81943_/X
 _81944_/X
 _81945_/Y
 _81946_/Y
 _81947_/X
 _81948_/X
 _81949_/Y
 _81950_/Y
 _81951_/Y
 _81952_/X
 _81953_/Y
 _81954_/Y
 _81955_/Y
 _81956_/Y
 _81957_/Y
 _81958_/X
 _81959_/Y
 _81960_/Y
 _81961_/Y
 _81962_/Y
 _81963_/Y
 _81964_/Y
 _81965_/Y
 _81966_/Y
 _81967_/Y
 _81968_/X
 _81969_/Y
 _81970_/Y
 _81971_/Y
 _81972_/Y
 _81973_/Y
 _81974_/Y
 _81975_/X
 _81976_/Y
 _81977_/X
 _81978_/X
 _81979_/X
 _81980_/X
 _81981_/Y
 _81982_/X
 _81983_/X
 _81984_/Y
 _81985_/X
 _81986_/Y
 _81987_/Y
 _81988_/X
 _81989_/Y
 _81990_/X
 _81991_/Y
 _81992_/Y
 _81993_/X
 _81994_/X
 _81995_/Y
 _81996_/Y
 _81997_/Y
 _81998_/X
 _81999_/Y
 _82000_/X
 _82001_/X
 _82002_/Y
 _82003_/Y
 _82004_/Y
 _82005_/X
 _82006_/X
 _82007_/X
 _82008_/X
 _82009_/X
 _82010_/Y
 _82011_/X
 _82012_/X
 _82013_/Y
 _82014_/Y
 _82015_/X
 _82016_/X
 _82017_/X
 _82018_/X
 _82019_/Y
 _82020_/Y
 _82021_/X
 _82022_/X
 _82023_/X
 _82024_/X
 _82025_/Y
 _82026_/X
 _82027_/Y
 _82028_/X
 _82029_/Y
 _82030_/X
 _82031_/Y
 _82032_/X
 _82033_/X
 _82034_/Y
 _82035_/Y
 _82036_/X
 _82037_/X
 _82038_/X
 _82039_/Y
 _82040_/Y
 _82041_/Y
 _82042_/X
 _82043_/Y
 _82044_/Y
 _82045_/Y
 _82046_/Y
 _82047_/X
 _82048_/X
 _82049_/Y
 _82050_/X
 _82051_/Y
 _82052_/Y
 _82053_/X
 _82054_/X
 _82055_/Y
 _82056_/X
 _82057_/X
 _82058_/X
 _82059_/X
 _82060_/Y
 _82061_/Y
 _82062_/X
 _82063_/Y
 _82064_/Y
 _82065_/Y
 _82066_/X
 _82067_/Y
 _82068_/X
 _82069_/X
 _82070_/Y
 _82071_/X
 _82072_/X
 _82073_/X
 _82074_/X
 _82075_/X
 _82076_/X
 _82077_/Y
 _82078_/X
 _82079_/X
 _82080_/Y
 _82081_/Y
 _82082_/X
 _82083_/Y
 _82084_/X
 _82085_/X
 _82086_/X
 _82087_/Y
 _82088_/X
 _82089_/X
 _82090_/Y
 _82091_/X
 _82092_/X
 _82093_/Y
 _82094_/Y
 _82095_/X
 _82096_/Y
 _82097_/X
 _82098_/X
 _82099_/Y
 _82100_/Y
 _82101_/Y
 _82102_/Y
 _82103_/Y
 _82104_/X
 _82105_/Y
 _82106_/Y
 _82107_/X
 _82108_/Y
 _82109_/Y
 _82110_/Y
 _82111_/X
 _82112_/Y
 _82113_/X
 _82114_/X
 _82115_/Y
 _82116_/X
 _82117_/X
 _82118_/X
 _82119_/X
 _82120_/Y
 _82121_/Y
 _82122_/X
 _82123_/Y
 _82124_/Y
 _82125_/X
 _82126_/Y
 _82127_/Y
 _82128_/X
 _82129_/X
 _82130_/Y
 _82131_/Y
 _82132_/Y
 _82133_/X
 _82134_/Y
 _82135_/Y
 _82136_/X
 _82137_/Y
 _82138_/Y
 _82139_/X
 _82140_/Y
 _82141_/X
 _82142_/X
 _82143_/X
 _82144_/Y
 _82145_/X
 _82146_/Y
 _82147_/X
 _82148_/X
 _82149_/X
 _82150_/X
 _82151_/Y
 _82152_/Y
 _82153_/Y
 _82154_/Y
 _82155_/X
 _82156_/Y
 _82157_/X
 _82158_/Y
 _82159_/X
 _82160_/Y
 _82161_/X
 _82162_/X
 _82163_/Y
 _82164_/X
 _82165_/X
 _82166_/X
 _82167_/X
 _82168_/Y
 _82169_/Y
 _82170_/Y
 _82171_/X
 _82172_/X
 _82173_/X
 _82174_/X
 _82175_/Y
 _82176_/Y
 _82177_/X
 _82178_/Y
 _82179_/Y
 _82180_/Y
 _82181_/X
 _82182_/Y
 _82183_/Y
 _82184_/X
 _82185_/Y
 _82186_/X
 _82187_/Y
 _82188_/X
 _82189_/Y
 _82190_/X
 _82191_/Y
 _82192_/X
 _82193_/X
 _82194_/X
 _82195_/Y
 _82196_/X
 _82197_/X
 _82198_/Y
 _82199_/Y
 _82200_/Y
 _82201_/X
 _82202_/X
 _82203_/X
 _82204_/Y
 _82205_/Y
 _82206_/X
 _82207_/X
 _82208_/Y
 _82209_/Y
 _82210_/X
 _82211_/X
 _82212_/X
 _82213_/Y
 _82214_/X
 _82215_/Y
 _82216_/Y
 _82217_/X
 _82218_/X
 _82219_/X
 _82220_/X
 _82221_/Y
 _82222_/Y
 _82223_/X
 _82224_/X
 _82225_/X
 _82226_/X
 _82227_/X
 _82228_/Y
 _82229_/X
 _82230_/X
 _82231_/Y
 _82232_/X
 _82233_/X
 _82234_/X
 _82235_/Y
 _82236_/X
 _82237_/Y
 _82238_/X
 _82239_/Y
 _82240_/Y
 _82241_/Y
 _82242_/X
 _82243_/X
 _82244_/X
 _82245_/X
 _82246_/X
 _82247_/Y
 _82248_/Y
 _82249_/X
 _82250_/Y
 _82251_/X
 _82252_/X
 _82253_/X
 _82254_/Y
 _82255_/X
 _82256_/Y
 _82257_/X
 _82258_/X
 _82259_/X
 _82260_/Y
 _82261_/X
 _82262_/Y
 _82263_/X
 _82264_/X
 _82265_/Y
 _82266_/Y
 _82267_/X
 _82268_/X
 _82269_/X
 _82270_/Y
 _82271_/Y
 _82272_/Y
 _82273_/X
 _82274_/X
 _82275_/X
 _82276_/X
 _82277_/Y
 _82278_/X
 _82279_/X
 _82280_/Y
 _82281_/Y
 _82282_/X
 _82283_/X
 _82284_/X
 _82285_/Y
 _82286_/X
 _82287_/Y
 _82288_/Y
 _82289_/Y
 _82290_/X
 _82291_/X
 _82292_/Y
 _82293_/X
 _82294_/Y
 _82295_/Y
 _82296_/Y
 _82297_/X
 _82298_/X
 _82299_/Y
 _82300_/Y
 _82301_/X
 _82302_/X
 _82303_/X
 _82304_/Y
 _82305_/Y
 _82306_/Y
 _82307_/Y
 _82308_/X
 _82309_/Y
 _82310_/Y
 _82311_/X
 _82312_/Y
 _82313_/Y
 _82314_/X
 _82315_/Y
 _82316_/X
 _82317_/Y
 _82318_/X
 _82319_/X
 _82320_/X
 _82321_/X
 _82322_/X
 _82323_/X
 _82324_/Y
 _82325_/Y
 _82326_/X
 _82327_/Y
 _82328_/X
 _82329_/Y
 _82330_/Y
 _82331_/X
 _82332_/X
 _82333_/X
 _82334_/X
 _82335_/X
 _82336_/Y
 _82337_/X
 _82338_/X
 _82339_/Y
 _82340_/X
 _82341_/Y
 _82342_/X
 _82343_/Y
 _82344_/X
 _82345_/X
 _82346_/Y
 _82347_/X
 _82348_/Y
 _82349_/X
 _82350_/X
 _82351_/Y
 _82352_/Y
 _82353_/X
 _82354_/X
 _82355_/X
 _82356_/Y
 _82357_/Y
 _82358_/Y
 _82359_/X
 _82360_/Y
 _82361_/X
 _82362_/Y
 _82363_/Y
 _82364_/X
 _82365_/X
 _82366_/X
 _82367_/X
 _82368_/Y
 _82369_/Y
 _82370_/Y
 _82371_/Y
 _82372_/Y
 _82373_/X
 _82374_/X
 _82375_/X
 _82376_/X
 _82377_/X
 _82378_/X
 _82379_/Y
 _82380_/Y
 _82381_/Y
 _82382_/Y
 _82383_/Y
 _82384_/Y
 _82385_/X
 _82386_/X
 _82387_/X
 _82388_/Y
 _82389_/Y
 _82390_/Y
 _82391_/X
 _82392_/Y
 _82393_/X
 _82394_/Y
 _82395_/X
 _82396_/Y
 _82397_/Y
 _82398_/X
 _82399_/X
 _82400_/X
 _82401_/Y
 _82402_/Y
 _82403_/X
 _82404_/X
 _82405_/X
 _82406_/Y
 _82407_/Y
 _82408_/X
 _82409_/Y
 _82410_/X
 _82411_/Y
 _82412_/Y
 _82413_/X
 _82414_/Y
 _82415_/X
 _82416_/X
 _82417_/Y
 _82418_/X
 _82419_/X
 _82420_/Y
 _82421_/X
 _82422_/Y
 _82423_/X
 _82424_/Y
 _82425_/Y
 _82426_/Y
 _82427_/X
 _82428_/Y
 _82429_/Y
 _82430_/Y
 _82431_/Y
 _82432_/Y
 _82433_/Y
 _82434_/X
 _82435_/X
 _82436_/Y
 _82437_/Y
 _82438_/Y
 _82439_/X
 _82440_/X
 _82441_/Y
 _82442_/X
 _82443_/Y
 _82444_/Y
 _82445_/X
 _82446_/X
 _82447_/Y
 _82448_/Y
 _82449_/X
 _82450_/Y
 _82451_/Y
 _82452_/Y
 _82453_/Y
 _82454_/Y
 _82455_/Y
 _82456_/X
 _82457_/Y
 _82458_/Y
 _82459_/Y
 _82460_/Y
 _82461_/Y
 _82462_/Y
 _82463_/X
 _82464_/Y
 _82465_/X
 _82466_/X
 _82467_/X
 _82468_/Y
 _82469_/Y
 _82470_/X
 _82471_/X
 _82472_/Y
 _82473_/X
 _82474_/Y
 _82475_/X
 _82476_/Y
 _82477_/X
 _82478_/Y
 _82479_/Y
 _82480_/Y
 _82481_/X
 _82482_/X
 _82483_/X
 _82484_/Y
 _82485_/Y
 _82486_/Y
 _82487_/Y
 _82488_/Y
 _82489_/X
 _82490_/X
 _82491_/Y
 _82492_/X
 _82493_/Y
 _82494_/X
 _82495_/Y
 _82496_/Y
 _82497_/X
 _82498_/Y
 _82499_/X
 _82500_/X
 _82501_/X
 _82502_/X
 _82503_/X
 _82504_/Y
 _82505_/X
 _82506_/Y
 _82507_/X
 _82508_/Y
 _82509_/X
 _82510_/Y
 _82511_/X
 _82512_/X
 _82513_/X
 _82514_/Y
 _82515_/X
 _82516_/Y
 _82517_/Y
 _82518_/Y
 _82519_/Y
 _82520_/X
 _82521_/X
 _82522_/Y
 _82523_/Y
 _82524_/Y
 _82525_/Y
 _82526_/X
 _82527_/X
 _82528_/X
 _82529_/Y
 _82530_/X
 _82531_/Y
 _82532_/X
 _82533_/Y
 _82534_/Y
 _82535_/X
 _82536_/X
 _82537_/Y
 _82538_/X
 _82539_/Y
 _82540_/X
 _82541_/Y
 _82542_/Y
 _82543_/X
 _82544_/X
 _82545_/X
 _82546_/X
 _82547_/Y
 _82548_/Y
 _82549_/X
 _82550_/Y
 _82551_/X
 _82552_/Y
 _82553_/Y
 _82554_/Y
 _82555_/X
 _82556_/X
 _82557_/Y
 _82558_/Y
 _82559_/X
 _82560_/X
 _82561_/Y
 _82562_/X
 _82563_/Y
 _82564_/Y
 _82565_/X
 _82566_/Y
 _82567_/X
 _82568_/X
 _82569_/X
 _82570_/Y
 _82571_/Y
 _82572_/X
 _82573_/X
 _82574_/Y
 _82575_/X
 _82576_/X
 _82577_/X
 _82578_/X
 _82579_/X
 _82580_/Y
 _82581_/Y
 _82582_/Y
 _82583_/Y
 _82584_/X
 _82585_/X
 _82586_/Y
 _82587_/X
 _82588_/Y
 _82589_/X
 _82590_/Y
 _82591_/X
 _82592_/Y
 _82593_/X
 _82594_/X
 _82595_/X
 _82596_/Y
 _82597_/Y
 _82598_/Y
 _82599_/X
 _82600_/Y
 _82601_/X
 _82602_/Y
 _82603_/X
 _82604_/Y
 _82605_/X
 _82606_/Y
 _82607_/X
 _82608_/Y
 _82609_/Y
 _82610_/X
 _82611_/X
 _82612_/X
 _82613_/X
 _82614_/X
 _82615_/Y
 _82616_/Y
 _82617_/X
 _82618_/X
 _82619_/Y
 _82620_/X
 _82621_/X
 _82622_/Y
 _82623_/X
 _82624_/Y
 _82625_/X
 _82626_/X
 _82627_/X
 _82628_/X
 _82629_/X
 _82630_/Y
 _82631_/Y
 _82632_/X
 _82633_/X
 _82634_/X
 _82635_/X
 _82636_/X
 _82637_/X
 _82638_/Y
 _82639_/Y
 _82640_/X
 _82641_/Y
 _82642_/X
 _82643_/X
 _82644_/X
 _82645_/X
 _82646_/Y
 _82647_/X
 _82648_/X
 _82649_/X
 _82650_/Y
 _82651_/Y
 _82652_/X
 _82653_/X
 _82654_/X
 _82655_/Y
 _82656_/X
 _82657_/X
 _82658_/Y
 _82659_/Y
 _82660_/Y
 _82661_/Y
 _82662_/Y
 _82663_/Y
 _82664_/X
 _82665_/X
 _82666_/Y
 _82667_/Y
 _82668_/X
 _82669_/Y
 _82670_/X
 _82671_/X
 _82672_/Y
 _82673_/X
 _82674_/X
 _82675_/X
 _82676_/Y
 _82677_/X
 _82678_/X
 _82679_/Y
 _82680_/X
 _82681_/Y
 _82682_/X
 _82683_/Y
 _82684_/X
 _82685_/X
 _82686_/Y
 _82687_/Y
 _82688_/X
 _82689_/X
 _82690_/Y
 _82691_/Y
 _82692_/X
 _82693_/X
 _82694_/X
 _82695_/X
 _82696_/X
 _82697_/Y
 _82698_/Y
 _82699_/X
 _82700_/Y
 _82701_/X
 _82702_/Y
 _82703_/Y
 _82704_/X
 _82705_/X
 _82706_/Y
 _82707_/Y
 _82708_/Y
 _82709_/X
 _82710_/X
 _82711_/Y
 _82712_/X
 _82713_/Y
 _82714_/Y
 _82715_/Y
 _82716_/X
 _82717_/X
 _82718_/X
 _82719_/Y
 _82720_/X
 _82721_/X
 _82722_/X
 _82723_/Y
 _82724_/X
 _82725_/Y
 _82726_/X
 _82727_/Y
 _82728_/Y
 _82729_/Y
 _82730_/Y
 _82731_/X
 _82732_/Y
 _82733_/X
 _82734_/X
 _82735_/X
 _82736_/X
 _82737_/X
 _82738_/Y
 _82739_/X
 _82740_/X
 _82741_/X
 _82742_/Y
 _82743_/X
 _82744_/X
 _82745_/X
 _82746_/X
 _82747_/Y
 _82748_/Y
 _82749_/X
 _82750_/X
 _82751_/X
 _82752_/X
 _82753_/X
 _82754_/Y
 _82755_/X
 _82756_/X
 _82757_/X
 _82758_/X
 _82759_/X
 _82760_/Y
 _82761_/Y
 _82762_/X
 _82763_/X
 _82764_/Y
 _82765_/X
 _82766_/Y
 _82767_/X
 _82768_/Y
 _82769_/X
 _82770_/X
 _82771_/X
 _82772_/X
 _82773_/Y
 _82774_/X
 _82775_/Y
 _82776_/Y
 _82777_/X
 _82778_/X
 _82779_/Y
 _82780_/X
 _82781_/X
 _82782_/X
 _82783_/Y
 _82784_/Y
 _82785_/X
 _82786_/X
 _82787_/Y
 _82788_/Y
 _82789_/X
 _82790_/Y
 _82791_/X
 _82792_/Y
 _82793_/Y
 _82794_/X
 _82795_/X
 _82796_/X
 _82797_/X
 _82798_/Y
 _82799_/Y
 _82800_/Y
 _82801_/X
 _82802_/Y
 _82803_/X
 _82804_/Y
 _82805_/X
 _82806_/X
 _82807_/X
 _82808_/Y
 _82809_/X
 _82810_/X
 _82811_/Y
 _82812_/X
 _82813_/X
 _82814_/Y
 _82815_/X
 _82816_/Y
 _82817_/Y
 _82818_/Y
 _82819_/X
 _82820_/X
 _82821_/Y
 _82822_/X
 _82823_/Y
 _82824_/Y
 _82825_/Y
 _82826_/X
 _82827_/Y
 _82828_/Y
 _82829_/X
 _82830_/Y
 _82831_/Y
 _82832_/Y
 _82833_/Y
 _82834_/Y
 _82835_/X
 _82836_/Y
 _82837_/X
 _82838_/Y
 _82839_/X
 _82840_/X
 _82841_/Y
 _82842_/Y
 _82843_/X
 _82844_/X
 _82845_/Y
 _82846_/X
 _82847_/Y
 _82848_/Y
 _82849_/Y
 _82850_/X
 _82851_/Y
 _82852_/X
 _82853_/X
 _82854_/Y
 _82855_/X
 _82856_/Y
 _82857_/X
 _82858_/X
 _82859_/Y
 _82860_/X
 _82861_/X
 _82862_/Y
 _82863_/Y
 _82864_/Y
 _82865_/X
 _82866_/Y
 _82867_/Y
 _82868_/X
 _82869_/X
 _82870_/X
 _82871_/X
 _82872_/X
 _82873_/X
 _82874_/X
 _82875_/X
 _82876_/Y
 _82877_/Y
 _82878_/X
 _82879_/Y
 _82880_/X
 _82881_/X
 _82882_/Y
 _82883_/Y
 _82884_/X
 _82885_/Y
 _82886_/Y
 _82887_/X
 _82888_/Y
 _82889_/Y
 _82890_/X
 _82891_/Y
 _82892_/X
 _82893_/X
 _82894_/Y
 _82895_/X
 _82896_/X
 _82897_/X
 _82898_/X
 _82899_/X
 _82900_/X
 _82901_/X
 _82902_/X
 _82903_/X
 _82904_/Y
 _82905_/X
 _82906_/Y
 _82907_/X
 _82908_/X
 _82909_/Y
 _82910_/Y
 _82911_/Y
 _82912_/Y
 _82913_/X
 _82914_/Y
 _82915_/X
 _82916_/Y
 _82917_/X
 _82918_/Y
 _82919_/Y
 _82920_/X
 _82921_/Y
 _82922_/Y
 _82923_/Y
 _82924_/X
 _82925_/X
 _82926_/Y
 _82927_/Y
 _82928_/Y
 _82929_/X
 _82930_/Y
 _82931_/X
 _82932_/Y
 _82933_/Y
 _82934_/Y
 _82935_/X
 _82936_/X
 _82937_/Y
 _82938_/X
 _82939_/Y
 _82940_/Y
 _82941_/X
 _82942_/X
 _82943_/Y
 _82944_/Y
 _82945_/X
 _82946_/Y
 _82947_/X
 _82948_/Y
 _82949_/Y
 _82950_/X
 _82951_/Y
 _82952_/Y
 _82953_/X
 _82954_/Y
 _82955_/X
 _82956_/Y
 _82957_/X
 _82958_/X
 _82959_/Y
 _82960_/Y
 _82961_/Y
 _82962_/Y
 _82963_/X
 _82964_/X
 _82965_/X
 _82966_/X
 _82967_/X
 _82968_/X
 _82969_/Y
 _82970_/Y
 _82971_/Y
 _82972_/Y
 _82973_/Y
 _82974_/Y
 _82975_/Y
 _82976_/X
 _82977_/Y
 _82978_/X
 _82979_/Y
 _82980_/X
 _82981_/X
 _82982_/Y
 _82983_/X
 _82984_/Y
 _82985_/X
 _82986_/Y
 _82987_/Y
 _82988_/X
 _82989_/Y
 _82990_/Y
 _82991_/Y
 _82992_/X
 _82993_/X
 _82994_/X
 _82995_/Y
 _82996_/Y
 _82997_/X
 _82998_/Y
 _82999_/X
 _83000_/Y
 _83001_/X
 _83002_/Y
 _83003_/Y
 _83004_/Y
 _83005_/X
 _83006_/Y
 _83007_/X
 _83008_/Y
 _83009_/X
 _83010_/Y
 _83011_/X
 _83012_/Y
 _83013_/X
 _83014_/Y
 _83015_/X
 _83016_/X
 _83017_/X
 _83018_/Y
 _83019_/X
 _83020_/X
 _83021_/Y
 _83022_/Y
 _83023_/Y
 _83024_/Y
 _83025_/Y
 _83026_/X
 _83027_/Y
 _83028_/Y
 _83029_/X
 _83030_/Y
 _83031_/Y
 _83032_/X
 _83033_/Y
 _83034_/X
 _83035_/Y
 _83036_/X
 _83037_/X
 _83038_/Y
 _83039_/X
 _83040_/Y
 _83041_/Y
 _83042_/Y
 _83043_/X
 _83044_/Y
 _83045_/X
 _83046_/X
 _83047_/Y
 _83048_/X
 _83049_/Y
 _83050_/Y
 _83051_/X
 _83052_/X
 _83053_/Y
 _83054_/X
 _83055_/Y
 _83056_/Y
 _83057_/X
 _83058_/X
 _83059_/Y
 _83060_/Y
 _83061_/X
 _83062_/X
 _83063_/Y
 _83064_/X
 _83065_/Y
 _83066_/Y
 _83067_/X
 _83068_/X
 _83069_/Y
 _83070_/Y
 _83071_/Y
 _83072_/X
 _83073_/X
 _83074_/Y
 _83075_/X
 _83076_/Y
 _83077_/Y
 _83078_/X
 _83079_/X
 _83080_/X
 _83081_/Y
 _83082_/Y
 _83083_/X
 _83084_/Y
 _83085_/X
 _83086_/Y
 _83087_/Y
 _83088_/X
 _83089_/Y
 _83090_/Y
 _83091_/X
 _83092_/Y
 _83093_/X
 _83094_/X
 _83095_/Y
 _83096_/Y
 _83097_/X
 _83098_/X
 _83099_/X
 _83100_/X
 _83101_/Y
 _83102_/Y
 _83103_/X
 _83104_/Y
 _83105_/X
 _83106_/X
 _83107_/X
 _83108_/X
 _83109_/X
 _83110_/X
 _83111_/X
 _83112_/Y
 _83113_/Y
 _83114_/Y
 _83115_/Y
 _83116_/X
 _83117_/Y
 _83118_/X
 _83119_/X
 _83120_/X
 _83121_/Y
 _83122_/X
 _83123_/X
 _83124_/X
 _83125_/Y
 _83126_/X
 _83127_/Y
 _83128_/X
 _83129_/Y
 _83130_/X
 _83131_/X
 _83132_/Y
 _83133_/Y
 _83134_/X
 _83135_/Y
 _83136_/Y
 _83137_/Y
 _83138_/X
 _83139_/Y
 _83140_/X
 _83141_/Y
 _83142_/X
 _83143_/X
 _83144_/X
 _83145_/X
 _83146_/X
 _83147_/Y
 _83148_/X
 _83149_/X
 _83150_/Y
 _83151_/Y
 _83152_/Y
 _83153_/X
 _83154_/X
 _83155_/Y
 _83156_/X
 _83157_/Y
 _83158_/X
 _83159_/X
 _83160_/X
 _83161_/X
 _83162_/X
 _83163_/X
 _83164_/Y
 _83165_/X
 _83166_/X
 _83167_/X
 _83168_/X
 _83169_/Y
 _83170_/X
 _83171_/X
 _83172_/Y
 _83173_/X
 _83174_/X
 _83175_/Y
 _83176_/X
 _83177_/Y
 _83178_/X
 _83179_/Y
 _83180_/X
 _83181_/X
 _83182_/Y
 _83183_/X
 _83184_/Y
 _83185_/Y
 _83186_/X
 _83187_/Y
 _83188_/X
 _83189_/Y
 _83190_/X
 _83191_/Y
 _83192_/X
 _83193_/Y
 _83194_/Y
 _83195_/X
 _83196_/X
 _83197_/X
 _83198_/Y
 _83199_/X
 _83200_/X
 _83201_/Y
 _83202_/X
 _83203_/Y
 _83204_/X
 _83205_/Y
 _83206_/X
 _83207_/Y
 _83208_/X
 _83209_/Y
 _83210_/X
 _83211_/Y
 _83212_/X
 _83213_/Y
 _83214_/X
 _83215_/X
 _83216_/Y
 _83217_/Y
 _83218_/Y
 _83219_/X
 _83220_/X
 _83221_/Y
 _83222_/X
 _83223_/X
 _83224_/X
 _83225_/X
 _83226_/X
 _83227_/Y
 _83228_/Y
 _83229_/Y
 _83230_/X
 _83231_/Y
 _83232_/X
 _83233_/Y
 _83234_/X
 _83235_/X
 _83236_/Y
 _83237_/X
 _83238_/X
 _83239_/X
 _83240_/Y
 _83241_/Y
 _83242_/X
 _83243_/Y
 _83244_/Y
 _83245_/X
 _83246_/X
 _83247_/X
 _83248_/Y
 _83249_/X
 _83250_/Y
 _83251_/Y
 _83252_/X
 _83253_/Y
 _83254_/X
 _83255_/Y
 _83256_/X
 _83257_/Y
 _83258_/Y
 _83259_/X
 _83260_/Y
 _83261_/X
 _83262_/X
 _83263_/X
 _83264_/Y
 _83265_/X
 _83266_/Y
 _83267_/X
 _83268_/Y
 _83269_/X
 _83270_/X
 _83271_/Y
 _83272_/X
 _83273_/X
 _83274_/Y
 _83275_/X
 _83276_/Y
 _83277_/X
 _83278_/X
 _83279_/X
 _83280_/X
 _83281_/Y
 _83282_/X
 _83283_/Y
 _83284_/Y
 _83285_/X
 _83286_/Y
 _83287_/X
 _83288_/Y
 _83289_/X
 _83290_/Y
 _83291_/X
 _83292_/Y
 _83293_/X
 _83294_/X
 _83295_/Y
 _83296_/Y
 _83297_/X
 _83298_/Y
 _83299_/Y
 _83300_/X
 _83301_/Y
 _83302_/Y
 _83303_/Y
 _83304_/X
 _83305_/Y
 _83306_/Y
 _83307_/X
 _83308_/Y
 _83309_/Y
 _83310_/Y
 _83311_/X
 _83312_/X
 _83313_/Y
 _83314_/X
 _83315_/X
 _83316_/X
 _83317_/Y
 _83318_/X
 _83319_/X
 _83320_/X
 _83321_/X
 _83322_/Y
 _83323_/Y
 _83324_/X
 _83325_/X
 _83326_/Y
 _83327_/Y
 _83328_/X
 _83329_/Y
 _83330_/X
 _83331_/Y
 _83332_/Y
 _83333_/Y
 _83334_/X
 _83335_/X
 _83336_/X
 _83337_/Y
 _83338_/X
 _83339_/Y
 _83340_/Y
 _83341_/X
 _83342_/Y
 _83343_/X
 _83344_/Y
 _83345_/Y
 _83346_/Y
 _83347_/Y
 _83348_/Y
 _83349_/Y
 _83350_/Y
 _83351_/Y
 _83352_/X
 _83353_/X
 _83354_/Y
 _83355_/X
 _83356_/Y
 _83357_/Y
 _83358_/X
 _83359_/Y
 _83360_/Y
 _83361_/Y
 _83362_/Y
 _83363_/Y
 _83364_/Y
 _83365_/X
 _83366_/Y
 _83367_/X
 _83368_/X
 _83369_/X
 _83370_/X
 _83371_/Y
 _83372_/X
 _83373_/X
 _83374_/X
 _83375_/Y
 _83376_/X
 _83377_/Y
 _83378_/Y
 _83379_/Y
 _83380_/X
 _83381_/X
 _83382_/Y
 _83383_/Y
 _83384_/Y
 _83385_/X
 _83386_/X
 _83387_/Y
 _83388_/X
 _83389_/X
 _83390_/X
 _83391_/Y
 _83392_/Y
 _83393_/X
 _83394_/Y
 _83395_/Y
 _83396_/Y
 _83397_/Y
 _83398_/X
 _83399_/X
 _83400_/X
 _83401_/X
 _83402_/X
 _83403_/Y
 _83404_/Y
 _83405_/Y
 _83406_/X
 _83407_/Y
 _83408_/X
 _83409_/Y
 _83410_/Y
 _83411_/X
 _83412_/X
 _83413_/X
 _83414_/X
 _83415_/X
 _83416_/X
 _83417_/X
 _83418_/X
 _83419_/Y
 _83420_/Y
 _83421_/Y
 _83422_/Y
 _83423_/X
 _83424_/X
 _83425_/X
 _83426_/X
 _83427_/Y
 _83428_/Y
 _83429_/Y
 _83430_/X
 _83431_/X
 _83432_/X
 _83433_/X
 _83434_/X
 _83435_/X
 _83436_/X
 _83437_/X
 _83438_/X
 _83439_/X
 _83440_/X
 _83441_/X
 _83442_/X
 _83443_/X
 _83444_/Y
 _83445_/X
 _83446_/Y
 _83447_/Y
 _83448_/X
 _83449_/Y
 _83450_/Y
 _83451_/Y
 _83452_/Y
 _83453_/X
 _83454_/Y
 _83455_/X
 _83456_/Y
 _83457_/Y
 _83458_/X
 _83459_/X
 _83460_/Y
 _83461_/X
 _83462_/Y
 _83463_/X
 _83464_/X
 _83465_/Y
 _83466_/Y
 _83467_/X
 _83468_/Y
 _83469_/Y
 _83470_/Y
 _83471_/Y
 _83472_/Y
 _83473_/Y
 _83474_/X
 _83475_/Y
 _83476_/X
 _83477_/Y
 _83478_/X
 _83479_/Y
 _83480_/X
 _83481_/Y
 _83482_/X
 _83483_/Y
 _83484_/X
 _83485_/X
 _83486_/Y
 _83487_/Y
 _83488_/X
 _83489_/X
 _83490_/Y
 _83491_/Y
 _83492_/X
 _83493_/X
 _83494_/Y
 _83495_/Y
 _83496_/Y
 _83497_/X
 _83498_/X
 _83499_/X
 _83500_/X
 _83501_/Y
 _83502_/X
 _83503_/Y
 _83504_/Y
 _83505_/X
 _83506_/Y
 _83507_/X
 _83508_/X
 _83509_/X
 _83510_/Y
 _83511_/Y
 _83512_/X
 _83513_/X
 _83514_/Y
 _83515_/X
 _83516_/Y
 _83517_/Y
 _83518_/Y
 _83519_/Y
 _83520_/Y
 _83521_/X
 _83522_/X
 _83523_/X
 _83524_/Y
 _83525_/Y
 _83526_/X
 _83527_/X
 _83528_/Y
 _83529_/X
 _83530_/X
 _83531_/Y
 _83532_/Y
 _83533_/Y
 _83534_/X
 _83535_/Y
 _83536_/Y
 _83537_/Y
 _83538_/Y
 _83539_/Y
 _83540_/X
 _83541_/Y
 _83542_/X
 _83543_/Y
 _83544_/X
 _83545_/Y
 _83546_/X
 _83547_/Y
 _83548_/Y
 _83549_/Y
 _83550_/Y
 _83551_/Y
 _83552_/Y
 _83553_/X
 _83554_/X
 _83555_/X
 _83556_/Y
 _83557_/X
 _83558_/X
 _83559_/Y
 _83560_/X
 _83561_/Y
 _83562_/X
 _83563_/X
 _83564_/X
 _83565_/X
 _83566_/X
 _83567_/X
 _83568_/X
 _83569_/X
 _83570_/Y
 _83571_/X
 _83572_/X
 _83573_/Y
 _83574_/Y
 _83575_/X
 _83576_/X
 _83577_/Y
 _83578_/Y
 _83579_/X
 _83580_/Y
 _83581_/X
 _83582_/X
 _83583_/Y
 _83584_/X
 _83585_/X
 _83586_/Y
 _83587_/X
 _83588_/X
 _83589_/X
 _83590_/X
 _83591_/Y
 _83592_/X
 _83593_/X
 _83594_/X
 _83595_/Y
 _83596_/Y
 _83597_/X
 _83598_/X
 _83599_/X
 _83600_/Y
 _83601_/X
 _83602_/X
 _83603_/X
 _83604_/Y
 _83605_/X
 _83606_/X
 _83607_/Y
 _83608_/X
 _83609_/X
 _83610_/Y
 _83611_/X
 _83612_/Y
 _83613_/Y
 _83614_/X
 _83615_/Y
 _83616_/X
 _83617_/X
 _83618_/X
 _83619_/Y
 _83620_/Y
 _83621_/X
 _83622_/X
 _83623_/Y
 _83624_/X
 _83625_/Y
 _83626_/Y
 _83627_/Y
 _83628_/Y
 _83629_/Y
 _83630_/Y
 _83631_/X
 _83632_/Y
 _83633_/X
 _83634_/X
 _83635_/Y
 _83636_/Y
 _83637_/X
 _83638_/Y
 _83639_/Y
 _83640_/X
 _83641_/X
 _83642_/Y
 _83643_/Y
 _83644_/X
 _83645_/X
 _83646_/X
 _83647_/Y
 _83648_/X
 _83649_/X
 _83650_/Y
 _83651_/X
 _83652_/Y
 _83653_/X
 _83654_/X
 _83655_/X
 _83656_/Y
 _83657_/Y
 _83658_/Y
 _83659_/X
 _83660_/X
 _83661_/X
 _83662_/Y
 _83663_/Y
 _83664_/X
 _83665_/X
 _83666_/Y
 _83667_/Y
 _83668_/X
 _83669_/Y
 _83670_/X
 _83671_/X
 _83672_/Y
 _83673_/Y
 _83674_/X
 _83675_/Y
 _83676_/X
 _83677_/Y
 _83678_/Y
 _83679_/Y
 _83680_/X
 _83681_/Y
 _83682_/Y
 _83683_/X
 _83684_/Y
 _83685_/Y
 _83686_/Y
 _83687_/Y
 _83688_/X
 _83689_/Y
 _83690_/X
 _83691_/Y
 _83692_/Y
 _83693_/X
 _83694_/Y
 _83695_/Y
 _83696_/X
 _83697_/Y
 _83698_/X
 _83699_/Y
 _83700_/Y
 _83701_/Y
 _83702_/Y
 _83703_/Y
 _83704_/X
 _83705_/X
 _83706_/Y
 _83707_/Y
 _83708_/Y
 _83709_/X
 _83710_/Y
 _83711_/X
 _83712_/Y
 _83713_/Y
 _83714_/X
 _83715_/X
 _83716_/Y
 _83717_/X
 _83718_/X
 _83719_/Y
 _83720_/Y
 _83721_/X
 _83722_/X
 _83723_/X
 _83724_/X
 _83725_/Y
 _83726_/Y
 _83727_/X
 _83728_/X
 _83729_/Y
 _83730_/X
 _83731_/X
 _83732_/X
 _83733_/Y
 _83734_/Y
 _83735_/Y
 _83736_/Y
 _83737_/Y
 _83738_/Y
 _83739_/X
 _83740_/X
 _83741_/X
 _83742_/X
 _83743_/Y
 _83744_/X
 _83745_/Y
 _83746_/X
 _83747_/Y
 _83748_/X
 _83749_/Y
 _83750_/X
 _83751_/Y
 _83752_/Y
 _83753_/X
 _83754_/Y
 _83755_/X
 _83756_/Y
 _83757_/X
 _83758_/Y
 _83759_/X
 _83760_/Y
 _83761_/Y
 _83762_/X
 _83763_/Y
 _83764_/Y
 _83765_/X
 _83766_/X
 _83767_/Y
 _83768_/Y
 _83769_/X
 _83770_/X
 _83771_/Y
 _83772_/Y
 _83773_/Y
 _83774_/X
 _83775_/X
 _83776_/Y
 _83777_/Y
 _83778_/X
 _83779_/X
 _83780_/Y
 _83781_/X
 _83782_/Y
 _83783_/X
 _83784_/Y
 _83785_/X
 _83786_/Y
 _83787_/X
 _83788_/Y
 _83789_/X
 _83790_/X
 _83791_/Y
 _83792_/Y
 _83793_/X
 _83794_/X
 _83795_/Y
 _83796_/Y
 _83797_/Y
 _83798_/Y
 _83799_/X
 _83800_/Y
 _83801_/X
 _83802_/X
 _83803_/Y
 _83804_/Y
 _83805_/X
 _83806_/Y
 _83807_/Y
 _83808_/X
 _83809_/Y
 _83810_/Y
 _83811_/Y
 _83812_/X
 _83813_/Y
 _83814_/Y
 _83815_/X
 _83816_/Y
 _83817_/Y
 _83818_/Y
 _83819_/Y
 _83820_/Y
 _83821_/Y
 _83822_/X
 _83823_/X
 _83824_/X
 _83825_/X
 _83826_/Y
 _83827_/X
 _83828_/Y
 _83829_/Y
 _83830_/X
 _83831_/Y
 _83832_/Y
 _83833_/Y
 _83834_/X
 _83835_/Y
 _83836_/Y
 _83837_/X
 _83838_/Y
 _83839_/X
 _83840_/Y
 _83841_/Y
 _83842_/Y
 _83843_/Y
 _83844_/Y
 _83845_/Y
 _83846_/X
 _83847_/Y
 _83848_/X
 _83849_/Y
 _83850_/X
 _83851_/Y
 _83852_/Y
 _83853_/Y
 _83854_/Y
 _83855_/Y
 _83856_/Y
 _83857_/X
 _83858_/Y
 _83859_/Y
 _83860_/Y
 _83861_/Y
 _83862_/Y
 _83863_/Y
 _83864_/X
 _83865_/Y
 _83866_/Y
 _83867_/X
 _83868_/Y
 _83869_/X
 _83870_/X
 _83871_/X
 _83872_/Y
 _83873_/X
 _83874_/Y
 _83875_/X
 _83876_/X
 _83877_/X
 _83878_/Y
 _83879_/Y
 _83880_/Y
 _83881_/X
 _83882_/Y
 _83883_/X
 _83884_/X
 _83885_/X
 _83886_/X
 _83887_/X
 _83888_/X
 _83889_/X
 _83890_/Y
 _83891_/X
 _83892_/Y
 _83893_/Y
 _83894_/X
 _83895_/X
 _83896_/Y
 _83897_/X
 _83898_/X
 _83899_/X
 _83900_/X
 _83901_/X
 _83902_/Y
 _83903_/X
 _83904_/X
 _83905_/Y
 _83906_/Y
 _83907_/Y
 _83908_/X
 _83909_/Y
 _83910_/Y
 _83911_/Y
 _83912_/X
 _83913_/Y
 _83914_/Y
 _83915_/Y
 _83916_/Y
 _83917_/Y
 _83918_/X
 _83919_/Y
 _83920_/Y
 _83921_/Y
 _83922_/Y
 _83923_/Y
 _83924_/X
 _83925_/Y
 _83926_/X
 _83927_/X
 _83928_/X
 _83929_/Y
 _83930_/X
 _83931_/Y
 _83932_/Y
 _83933_/Y
 _83934_/Y
 _83935_/X
 _83936_/X
 _83937_/X
 _83938_/X
 _83939_/X
 _83940_/X
 _83941_/X
 _83942_/X
 _83943_/Y
 _83944_/X
 _83945_/X
 _83946_/X
 _83947_/Y
 _83948_/X
 _83949_/X
 _83950_/X
 _83951_/Y
 _83952_/X
 _83953_/Y
 _83954_/Y
 _83955_/Y
 _83956_/X
 _83957_/Y
 _83958_/X
 _83959_/Y
 _83960_/Y
 _83961_/Y
 _83962_/Y
 _83963_/X
 _83964_/Y
 _83965_/Y
 _83966_/X
 _83967_/Y
 _83968_/Y
 _83969_/Y
 _83970_/Y
 _83971_/X
 _83972_/Y
 _83973_/Y
 _83974_/Y
 _83975_/Y
 _83976_/Y
 _83977_/X
 _83978_/X
 _83979_/X
 _83980_/X
 _83981_/X
 _83982_/X
 _83983_/X
 _83984_/X
 _83985_/Y
 _83986_/X
 _83987_/Y
 _83988_/Y
 _83989_/Y
 _83990_/Y
 _83991_/Y
 _83992_/Y
 _83993_/X
 _83994_/Y
 _83995_/Y
 _83996_/Y
 _83997_/X
 _83998_/Y
 _83999_/X
 _84000_/X
 _84001_/X
 _84002_/Y
 _84003_/Y
 _84004_/Y
 _84005_/Y
 _84006_/X
 _84007_/X
 _84008_/X
 _84009_/Y
 _84010_/X
 _84011_/X
 _84012_/X
 _84013_/Y
 _84014_/Y
 _84015_/Y
 _84016_/X
 _84017_/Y
 _84018_/Y
 _84019_/Y
 _84020_/Y
 _84021_/X
 _84022_/Y
 _84023_/Y
 _84024_/X
 _84025_/Y
 _84026_/X
 _84027_/Y
 _84028_/X
 _84029_/Y
 _84030_/X
 _84031_/X
 _84032_/X
 _84033_/X
 _84034_/X
 _84035_/X
 _84036_/Y
 _84037_/Y
 _84038_/X
 _84039_/X
 _84040_/Y
 _84041_/Y
 _84042_/X
 _84043_/X
 _84044_/X
 _84045_/X
 _84046_/Y
 _84047_/X
 _84048_/X
 _84049_/Y
 _84050_/Y
 _84051_/Y
 _84052_/X
 _84053_/X
 _84054_/Y
 _84055_/Y
 _84056_/X
 _84057_/Y
 _84058_/Y
 _84059_/X
 _84060_/X
 _84061_/X
 _84062_/Y
 _84063_/Y
 _84064_/Y
 _84065_/Y
 _84066_/Y
 _84067_/X
 _84068_/Y
 _84069_/X
 _84070_/X
 _84071_/X
 _84072_/Y
 _84073_/Y
 _84074_/X
 _84075_/Y
 _84076_/X
 _84077_/Y
 _84078_/X
 _84079_/X
 _84080_/Y
 _84081_/X
 _84082_/Y
 _84083_/Y
 _84084_/Y
 _84085_/X
 _84086_/Y
 _84087_/Y
 _84088_/Y
 _84089_/X
 _84090_/Y
 _84091_/Y
 _84092_/Y
 _84093_/X
 _84094_/X
 _84095_/Y
 _84096_/X
 _84097_/X
 _84098_/X
 _84099_/X
 _84100_/X
 _84101_/X
 _84102_/X
 _84103_/X
 _84104_/X
 _84105_/X
 _84106_/Y
 _84107_/X
 _84108_/X
 _84109_/Y
 _84110_/X
 _84111_/Y
 _84112_/Y
 _84113_/Y
 _84114_/X
 _84115_/X
 _84116_/X
 _84117_/Y
 _84118_/Y
 _84119_/X
 _84120_/X
 _84121_/X
 _84122_/X
 _84123_/Y
 _84124_/Y
 _84125_/X
 _84126_/Y
 _84127_/Y
 _84128_/X
 _84129_/Y
 _84130_/Y
 _84131_/Y
 _84132_/Y
 _84133_/Y
 _84134_/Y
 _84135_/Y
 _84136_/X
 _84137_/Y
 _84138_/X
 _84139_/Y
 _84140_/X
 _84141_/Y
 _84142_/Y
 _84143_/Y
 _84144_/X
 _84145_/Y
 _84146_/X
 _84147_/Y
 _84148_/X
 _84149_/X
 _84150_/X
 _84151_/Y
 _84152_/X
 _84153_/Y
 _84154_/X
 _84155_/X
 _84156_/X
 _84157_/Y
 _84158_/Y
 _84159_/Y
 _84160_/Y
 _84161_/Y
 _84162_/Y
 _84163_/X
 _84164_/X
 _84165_/Y
 _84166_/Y
 _84167_/X
 _84168_/X
 _84169_/X
 _84170_/Y
 _84171_/X
 _84172_/X
 _84173_/Y
 _84174_/Y
 _84175_/Y
 _84176_/Y
 _84177_/Y
 _84178_/X
 _84179_/Y
 _84180_/Y
 _84181_/Y
 _84182_/X
 _84183_/Y
 _84184_/X
 _84185_/X
 _84186_/Y
 _84187_/Y
 _84188_/X
 _84189_/X
 _84190_/Y
 _84191_/X
 _84192_/Y
 _84193_/X
 _84194_/Y
 _84195_/Y
 _84196_/X
 _84197_/X
 _84198_/X
 _84199_/Y
 _84200_/X
 _84201_/Y
 _84202_/X
 _84203_/Y
 _84204_/Y
 _84205_/Y
 _84206_/Y
 _84207_/X
 _84208_/X
 _84209_/Y
 _84210_/X
 _84211_/X
 _84212_/X
 _84213_/X
 _84214_/Y
 _84215_/X
 _84216_/X
 _84217_/X
 _84218_/X
 _84219_/Y
 _84220_/X
 _84221_/X
 _84222_/X
 _84223_/X
 _84224_/Y
 _84225_/X
 _84226_/X
 _84227_/X
 _84228_/X
 _84229_/X
 _84230_/X
 _84231_/X
 _84232_/X
 _84233_/X
 _84234_/Y
 _84235_/X
 _84236_/X
 _84237_/X
 _84238_/X
 _84239_/X
 _84240_/X
 _84241_/X
 _84242_/Y
 _84243_/X
 _84244_/X
 _84245_/Y
 _84246_/X
 _84247_/X
 _84248_/X
 _84249_/X
 _84250_/X
 _84251_/X
 _84252_/Y
 _84253_/Y
 _84254_/X
 _84255_/X
 _84256_/X
 _84257_/X
 _84258_/X
 _84259_/X
 _84260_/X
 _84261_/X
 _84262_/Y
 _84263_/Y
 _84264_/X
 _84265_/X
 _84266_/X
 _84267_/Y
 _84268_/X
 _84269_/X
 _84270_/X
 _84271_/X
 _84272_/X
 _84273_/X
 _84274_/X
 _84275_/X
 _84276_/X
 _84277_/Y
 _84278_/X
 _84279_/X
 _84280_/X
 _84281_/X
 _84282_/Y
 _84283_/Y
 _84284_/X
 _84285_/X
 _84286_/X
 _84287_/X
 _84288_/X
 _84289_/Y
 _84290_/Y
 _84291_/X
 _84292_/X
 _84293_/X
 _84294_/X
 _84295_/Y
 _84296_/X
 _84297_/X
 _84298_/X
 _84299_/X
 _84300_/Y
 _84301_/X
 _84302_/X
 _84303_/X
 _84304_/X
 _84305_/Y
 _84306_/X
 _84307_/X
 _84308_/X
 _84309_/X
 _84310_/Y
 _84311_/Y
 _84312_/X
 _84313_/X
 _84314_/X
 _84315_/X
 _84316_/Y
 _84317_/Y
 _84318_/X
 _84319_/X
 _84320_/X
 _84321_/Y
 _84322_/X
 _84323_/X
 _84324_/X
 _84325_/Y
 _84326_/Y
 _84327_/X
 _84328_/X
 _84329_/X
 _84330_/Y
 _84331_/Y
 _84332_/Y
 _84333_/X
 _84334_/Y
 _84335_/X
 _84336_/Y
 _84337_/X
 _84338_/X
 _84339_/Y
 _84340_/X
 _84341_/X
 _84342_/X
 _84343_/X
 _84344_/X
 _84345_/X
 _84346_/X
 _84347_/X
 _84348_/Y
 _84349_/X
 _84350_/X
 _84351_/X
 _84352_/X
 _84353_/Y
 _84354_/Y
 _84355_/X
 _84356_/X
 _84357_/X
 _84358_/X
 _84359_/Y
 _84360_/X
 _84361_/Y
 _84362_/X
 _84363_/Y
 _84364_/X
 _84365_/X
 _84366_/X
 _84367_/X
 _84368_/X
 _84369_/X
 _84370_/X
 _84371_/Y
 _84372_/X
 _84373_/X
 _84374_/X
 _84375_/X
 _84376_/X
 _84377_/X
 _84378_/X
 _84379_/X
 _84380_/X
 _84381_/X
 _84382_/X
 _84383_/X
 _84384_/X
 _84385_/X
 _84386_/X
 _84387_/X
 _84388_/X
 _84389_/Y
 _84390_/Y
 _84391_/X
 _84392_/X
 _84393_/Y
 _84394_/X
 _84395_/X
 _84396_/Y
 _84397_/Y
 _84398_/Y
 _84399_/X
 _84400_/Y
 _84401_/X
 _84402_/Y
 _84403_/Y
 _84404_/X
 _84405_/X
 _84406_/X
 _84407_/Y
 _84408_/X
 _84409_/X
 _84410_/X
 _84411_/X
 _84412_/X
 _84413_/X
 _84414_/Y
 _84415_/Y
 _84416_/X
 _84417_/Y
 _84418_/Y
 _84419_/Y
 _84420_/Y
 _84421_/Y
 _84422_/X
 _84423_/X
 _84424_/Y
 _84425_/X
 _84426_/Y
 _84427_/X
 _84428_/Y
 _84429_/Y
 _84430_/Y
 _84431_/Y
 _84432_/X
 _84433_/X
 _84434_/X
 _84435_/X
 _84436_/X
 _84437_/X
 _84438_/X
 _84439_/X
 _84440_/Y
 _84441_/Y
 _84442_/Y
 _84443_/Y
 _84444_/Y
 _84445_/Y
 _84446_/X
 _84447_/Y
 _84448_/X
 _84449_/Y
 _84450_/Y
 _84451_/Y
 _84452_/X
 _84453_/X
 _84454_/Y
 _84455_/Y
 _84456_/X
 _84457_/X
 _84458_/X
 _84459_/Y
 _84460_/X
 _84461_/X
 _84462_/X
 _84463_/X
 _84464_/Y
 _84465_/X
 _84466_/X
 _84467_/X
 _84468_/Y
 _84469_/X
 _84470_/X
 _84471_/X
 _84472_/X
 _84473_/X
 _84474_/X
 _84475_/X
 _84476_/X
 _84477_/Y
 _84478_/X
 _84479_/X
 _84480_/X
 _84481_/X
 _84482_/Y
 _84483_/X
 _84484_/Y
 _84485_/X
 _84486_/X
 _84487_/X
 _84488_/Y
 _84489_/Y
 _84490_/X
 _84491_/X
 _84492_/X
 _84493_/X
 _84494_/X
 _84495_/X
 _84496_/X
 _84497_/Y
 _84498_/X
 _84499_/X
 _84500_/Y
 _84501_/X
 _84502_/X
 _84503_/Y
 _84504_/Y
 _84505_/Y
 _84506_/Y
 _84507_/X
 _84508_/X
 _84509_/X
 _84510_/X
 _84511_/X
 _84512_/X
 _84513_/Y
 _84514_/X
 _84515_/Y
 _84516_/X
 _84517_/Y
 _84518_/X
 _84519_/X
 _84520_/X
 _84521_/X
 _84522_/X
 _84523_/X
 _84524_/Y
 _84525_/Y
 _84526_/X
 _84527_/Y
 _84528_/X
 _84529_/X
 _84530_/Y
 _84531_/Y
 _84532_/X
 _84533_/X
 _84534_/X
 _84535_/Y
 _84536_/X
 _84537_/X
 _84538_/Y
 _84539_/Y
 _84540_/X
 _84541_/Y
 _84542_/X
 _84543_/Y
 _84544_/X
 _84545_/Y
 _84546_/X
 _84547_/X
 _84548_/X
 _84549_/X
 _84550_/Y
 _84551_/X
 _84552_/X
 _84553_/Y
 _84554_/X
 _84555_/Y
 _84556_/Y
 _84557_/X
 _84558_/X
 _84559_/X
 _84560_/X
 _84561_/Y
 _84562_/Y
 _84563_/X
 _84564_/X
 _84565_/X
 _84566_/X
 _84567_/X
 _84568_/Y
 _84569_/X
 _84570_/X
 _84571_/Y
 _84572_/Y
 _84573_/X
 _84574_/X
 _84575_/X
 _84576_/X
 _84577_/Y
 _84578_/X
 _84579_/Y
 _84580_/X
 _84581_/Y
 _84582_/Y
 _84583_/Y
 _84584_/X
 _84585_/X
 _84586_/X
 _84587_/X
 _84588_/X
 _84589_/Y
 _84590_/X
 _84591_/X
 _84592_/X
 _84593_/X
 _84594_/Y
 _84595_/Y
 _84596_/Y
 _84597_/X
 _84598_/X
 _84599_/X
 _84600_/Y
 _84601_/X
 _84602_/X
 _84603_/X
 _84604_/Y
 _84605_/X
 _84606_/Y
 _84607_/X
 _84608_/Y
 _84609_/Y
 _84610_/Y
 _84611_/X
 _84612_/X
 _84613_/X
 _84614_/Y
 _84615_/X
 _84616_/Y
 _84617_/Y
 _84618_/X
 _84619_/X
 _84620_/Y
 _84621_/X
 _84622_/X
 _84623_/Y
 _84624_/X
 _84625_/X
 _84626_/X
 _84627_/X
 _84628_/Y
 _84629_/Y
 _84630_/Y
 _84631_/Y
 _84632_/Y
 _84633_/X
 _84634_/X
 _84635_/X
 _84636_/X
 _84637_/X
 _84638_/Y
 _84639_/Y
 _84640_/X
 _84641_/Y
 _84642_/X
 _84643_/X
 _84644_/X
 _84645_/X
 _84646_/Y
 _84647_/Y
 _84648_/X
 _84649_/X
 _84650_/X
 _84651_/X
 _84652_/Y
 _84653_/Y
 _84654_/Y
 _84655_/Y
 _84656_/X
 _84657_/Y
 _84658_/Y
 _84659_/Y
 _84660_/X
 _84661_/X
 _84662_/X
 _84663_/X
 _84664_/X
 _84665_/Y
 _84666_/X
 _84667_/X
 _84668_/X
 _84669_/X
 _84670_/Y
 _84671_/X
 _84672_/Y
 _84673_/X
 _84674_/Y
 _84675_/Y
 _84676_/X
 _84677_/Y
 _84678_/X
 _84679_/X
 _84680_/X
 _84681_/X
 _84682_/X
 _84683_/X
 _84684_/Y
 _84685_/X
 _84686_/X
 _84687_/Y
 _84688_/Y
 _84689_/Y
 _84690_/Y
 _84691_/X
 _84692_/X
 _84693_/X
 _84694_/X
 _84695_/X
 _84696_/X
 _84697_/Y
 _84698_/X
 _84699_/Y
 _84700_/Y
 _84701_/X
 _84702_/Y
 _84703_/Y
 _84704_/X
 _84705_/X
 _84706_/X
 _84707_/Y
 _84708_/Y
 _84709_/Y
 _84710_/Y
 _84711_/Y
 _84712_/X
 _84713_/X
 _84714_/X
 _84715_/Y
 _84716_/X
 _84717_/X
 _84718_/Y
 _84719_/X
 _84720_/X
 _84721_/X
 _84722_/X
 _84723_/X
 _84724_/Y
 _84725_/X
 _84726_/Y
 _84727_/X
 _84728_/Y
 _84729_/X
 _84730_/X
 _84731_/X
 _84732_/Y
 _84733_/Y
 _84734_/X
 _84735_/Y
 _84736_/X
 _84737_/X
 _84738_/X
 _84739_/X
 _84740_/Y
 _84741_/Y
 _84742_/Y
 _84743_/Y
 _84744_/Y
 _84745_/Y
 _84746_/Y
 _84747_/X
 _84748_/X
 _84749_/X
 _84750_/X
 _84751_/X
 _84752_/X
 _84753_/Y
 _84754_/Y
 _84755_/Y
 _84756_/Y
 _84757_/Y
 _84758_/Y
 _84759_/X
 _84760_/X
 _84761_/Y
 _84762_/X
 _84763_/X
 _84764_/X
 _84765_/Y
 _84766_/X
 _84767_/Y
 _84768_/X
 _84769_/Y
 _84770_/X
 _84771_/Y
 _84772_/X
 _84773_/X
 _84774_/X
 _84775_/Y
 _84776_/X
 _84777_/Y
 _84778_/Y
 _84779_/X
 _84780_/X
 _84781_/Y
 _84782_/Y
 _84783_/X
 _84784_/X
 _84785_/X
 _84786_/Y
 _84787_/X
 _84788_/Y
 _84789_/X
 _84790_/Y
 _84791_/Y
 _84792_/Y
 _84793_/X
 _84794_/Y
 _84795_/Y
 _84796_/X
 _84797_/Y
 _84798_/X
 _84799_/X
 _84800_/X
 _84801_/X
 _84802_/Y
 _84803_/Y
 _84804_/Y
 _84805_/X
 _84806_/Y
 _84807_/Y
 _84808_/X
 _84809_/Y
 _84810_/X
 _84811_/X
 _84812_/X
 _84813_/X
 _84814_/Y
 _84815_/Y
 _84816_/Y
 _84817_/X
 _84818_/Y
 _84819_/X
 _84820_/X
 _84821_/Y
 _84822_/Y
 _84823_/Y
 _84824_/X
 _84825_/X
 _84826_/X
 _84827_/X
 _84828_/X
 _84829_/Y
 _84830_/Y
 _84831_/Y
 _84832_/Y
 _84833_/Y
 _84834_/Y
 _84835_/Y
 _84836_/X
 _84837_/X
 _84838_/X
 _84839_/X
 _84840_/X
 _84841_/X
 _84842_/Y
 _84843_/Y
 _84844_/X
 _84845_/Y
 _84846_/Y
 _84847_/Y
 _84848_/X
 _84849_/X
 _84850_/X
 _84851_/Y
 _84852_/X
 _84853_/X
 _84854_/X
 _84855_/X
 _84856_/X
 _84857_/X
 _84858_/X
 _84859_/Y
 _84860_/X
 _84861_/Y
 _84862_/Y
 _84863_/X
 _84864_/X
 _84865_/X
 _84866_/X
 _84867_/Y
 _84868_/Y
 _84869_/X
 _84870_/Y
 _84871_/X
 _84872_/X
 _84873_/Y
 _84874_/X
 _84875_/X
 _84876_/X
 _84877_/X
 _84878_/X
 _84879_/X
 _84880_/X
 _84881_/X
 _84882_/Y
 _84883_/Y
 _84884_/X
 _84885_/Y
 _84886_/X
 _84887_/X
 _84888_/X
 _84889_/X
 _84890_/X
 _84891_/X
 _84892_/X
 _84893_/X
 _84894_/X
 _84895_/X
 _84896_/X
 _84897_/X
 _84898_/X
 _84899_/X
 _84900_/X
 _84901_/X
 _84902_/X
 _84903_/X
 _84904_/X
 _84905_/X
 _84906_/X
 _84907_/X
 _84908_/X
 _84909_/X
 _84910_/X
 _84911_/X
 _84912_/X
 _84913_/X
 _84914_/X
 _84915_/X
 _84916_/X
 _84917_/X
 _84918_/X
 _84919_/X
 _84920_/X
 _84921_/X
 _84922_/X
 _84923_/X
 _84924_/X
 _84925_/X
 _84926_/X
 _84927_/X
 _84928_/X
 _84929_/X
 _84930_/X
 _84931_/X
 _84932_/X
 _84933_/X
 _84934_/X
 _84935_/X
 _84936_/X
 _84937_/X
 _84938_/X
 _84939_/X
 _84940_/X
 _84941_/X
 _84942_/X
 _84943_/X
 _84944_/X
 _84945_/X
 _84946_/X
 _84947_/X
 _84948_/X
 _84949_/X
 _84950_/X
 _84951_/X
 _84952_/X
 _84953_/X
 _84954_/X
 _84955_/X
 _84956_/X
 _84957_/Y
 _84958_/X
 _84959_/X
 _84960_/X
 _84961_/X
 _84962_/X
 _84963_/X
 _84964_/X
 _84965_/X
 _84966_/X
 _84967_/X
 _84968_/X
 _84969_/X
 _84970_/X
 _84971_/X
 _84972_/X
 _84973_/X
 _84974_/X
 _84975_/X
 _84976_/X
 _84977_/X
 _84978_/X
 _84979_/X
 _84980_/X
 _84981_/X
 _84982_/X
 _84983_/X
 _84984_/X
 _84985_/X
 _84986_/X
 _84987_/X
 _84988_/X
 _84989_/X
 _84990_/X
 _84991_/X
 _84992_/X
 _84993_/X
 _84994_/X
 _84995_/X
 _84996_/X
 _84997_/X
 _84998_/X
 _84999_/X
 _85000_/X
 _85001_/X
 _85002_/X
 _85003_/X
 _85004_/X
 _85005_/X
 _85006_/X
 _85007_/X
 _85008_/X
 _85009_/X
 _85010_/X
 _85011_/X
 _85012_/X
 _85013_/X
 _85014_/X
 _85015_/X
 _85016_/X
 _85017_/X
 _85018_/X
 _85019_/X
 _85020_/X
 _85021_/X
 _85022_/X
 _85023_/X
 _85024_/X
 _85025_/X
 _85026_/X
 _85027_/X
 _85028_/X
 _85029_/X
 _85030_/X
 _85031_/X
 _85032_/X
 _85033_/X
 _85034_/X
 _85035_/X
 _85036_/X
 _85037_/X
 _85038_/X
 _85039_/X
 _85040_/X
 _85041_/X
 _85042_/X
 _85043_/X
 _85044_/X
 _85045_/X
 _85046_/X
 _85047_/X
 _85048_/X
 _85049_/X
 _85050_/X
 _85051_/X
 _85052_/X
 _85053_/X
 _85054_/X
 _85055_/X
 _85056_/X
 _85057_/X
 _85058_/X
 _85059_/X
 _85060_/X
 _85061_/X
 _85062_/X
 _85063_/X
 _85064_/X
 _85065_/X
 _85066_/X
 _85067_/X
 _85068_/X
 _85069_/X
 _85070_/X
 _85071_/X
 _85072_/X
 _85073_/X
 _85074_/X
 _85075_/X
 _85076_/X
 _85077_/X
 _85078_/X
 _85079_/X
 _85080_/X
 _85081_/X
 _85082_/X
 _85083_/X
 _85084_/X
 _85085_/X
 _85086_/X
 _85087_/X
 _85088_/X
 _85089_/X
 _85090_/X
 _85091_/X
 _85092_/X
 _85093_/X
 _85094_/Y
 _85095_/X
 _85096_/X
 _85097_/X
 _85098_/X
 _85099_/X
 _85100_/X
 _85101_/X
 _85102_/X
 _85103_/X
 _85104_/X
 _85105_/X
 _85106_/X
 _85107_/X
 _85108_/X
 _85109_/X
 _85110_/X
 _85111_/X
 _85112_/X
 _85113_/X
 _85114_/X
 _85115_/X
 _85116_/X
 _85117_/X
 _85118_/X
 _85119_/X
 _85120_/X
 _85121_/X
 _85122_/X
 _85123_/X
 _85124_/X
 _85125_/X
 _85126_/X
 _85127_/X
 _85128_/X
 _85129_/X
 _85130_/X
 _85131_/X
 _85132_/X
 _85133_/X
 _85134_/X
 _85135_/X
 _85136_/X
 _85137_/X
 _85138_/X
 _85139_/X
 _85140_/X
 _85141_/X
 _85142_/X
 _85143_/X
 _85144_/X
 _85145_/X
 _85146_/X
 _85147_/X
 _85148_/X
 _85149_/X
 _85150_/X
 _85151_/X
 _85152_/X
 _85153_/X
 _85154_/X
 _85155_/X
 _85156_/X
 _85157_/X
 _85158_/X
 _85159_/X
 _85160_/X
 _85161_/X
 _85162_/Q
 _85163_/Q
 _85164_/Q
 _85165_/Q
 _85166_/Q
 _85167_/Q
 _85168_/Q
 _85169_/Q
 _85170_/Q
 _85171_/Q
 _85172_/Q
 _85173_/Q
 _85174_/Q
 _85175_/Q
 _85176_/Q
 _85177_/Q
 _85178_/Q
 _85179_/Q
 _85180_/Q
 _85181_/Q
 _85182_/Q
 _85183_/Q
 _85184_/Q
 _85185_/Q
 _85186_/Q
 _85187_/Q
 _85188_/Q
 _85189_/Q
 _85190_/Q
 _85191_/Q
 _85192_/Q
 _85193_/Q
 _85194_/Q
 _85195_/Q
 _85196_/Q
 _85197_/Q
 _85198_/Q
 _85199_/Q
 _85200_/Q
 _85201_/Q
 _85202_/Q
 _85203_/Q
 _85204_/Q
 _85205_/Q
 _85206_/Q
 _85207_/Q
 _85208_/Q
 _85209_/Q
 _85210_/Q
 _85211_/Q
 _85212_/Q
 _85213_/Q
 _85214_/Q
 _85215_/Q
 _85216_/Q
 _85217_/Q
 _85218_/Q
 _85219_/Q
 _85220_/Q
 _85221_/Q
 _85222_/Q
 _85223_/Q
 _85224_/Q
 _85225_/Q
 _85226_/Q
 _85227_/Q
 _85228_/Q
 _85229_/Q
 _85230_/Q
 _85231_/Q
 _85232_/Q
 _85233_/Q
 _85234_/Q
 _85235_/Q
 _85236_/Q
 _85237_/Q
 _85238_/Q
 _85239_/Q
 _85240_/Q
 _85241_/Q
 _85242_/Q
 _85243_/Q
 _85244_/Q
 _85245_/Q
 _85246_/Q
 _85247_/Q
 _85248_/Q
 _85249_/Q
 _85250_/Q
 _85251_/Q
 _85252_/Q
 _85253_/Q
 _85254_/Q
 _85255_/Q
 _85256_/Q
 _85257_/Q
 _85258_/Q
 _85259_/Q
 _85260_/Q
 _85261_/Q
 _85262_/Q
 _85263_/Q
 _85264_/Q
 _85265_/Q
 _85266_/Q
 _85267_/Q
 _85268_/Q
 _85269_/Q
 _85270_/Q
 _85271_/Q
 _85272_/Q
 _85273_/Q
 _85274_/Q
 _85275_/Q
 _85276_/Q
 _85277_/Q
 _85278_/Q
 _85279_/Q
 _85280_/Q
 _85281_/Q
 _85282_/Q
 _85283_/Q
 _85284_/Q
 _85285_/Q
 _85286_/Q
 _85287_/Q
 _85288_/Q
 _85289_/Q
 _85290_/Q
 _85291_/Q
 _85292_/Q
 _85293_/Q
 _85294_/Q
 _85295_/Q
 _85296_/Q
 _85297_/Q
 _85298_/Q
 _85299_/Q
 _85300_/Q
 _85301_/Q
 _85302_/Q
 _85303_/Q
 _85304_/Q
 _85305_/Q
 _85306_/Q
 _85307_/Q
 _85308_/Q
 _85309_/Q
 _85310_/Q
 _85311_/Q
 _85312_/Q
 _85313_/Q
 _85314_/Q
 _85315_/Q
 _85316_/Q
 _85317_/Q
 _85318_/Q
 _85319_/Q
 _85320_/Q
 _85321_/Q
 _85322_/Q
 _85323_/Q
 _85324_/Q
 _85325_/Q
 _85326_/Q
 _85327_/Q
 _85328_/Q
 _85329_/Q
 _85330_/Q
 _85331_/Q
 _85332_/Q
 _85333_/Q
 _85334_/Q
 _85335_/Q
 _85336_/Q
 _85337_/Q
 _85338_/Q
 _85339_/Q
 _85340_/Q
 _85341_/Q
 _85342_/Q
 _85343_/Q
 _85344_/Q
 _85345_/Q
 _85346_/Q
 _85347_/Q
 _85348_/Q
 _85349_/Q
 _85350_/Q
 _85351_/Q
 _85352_/Q
 _85353_/Q
 _85354_/Q
 _85355_/Q
 _85356_/Q
 _85357_/Q
 _85358_/Q
 _85359_/Q
 _85360_/Q
 _85361_/Q
 _85362_/Q
 _85363_/Q
 _85364_/Q
 _85365_/Q
 _85366_/Q
 _85367_/Q
 _85368_/Q
 _85369_/Q
 _85370_/Q
 _85371_/Q
 _85372_/Q
 _85373_/Q
 _85374_/Q
 _85375_/Q
 _85376_/Q
 _85377_/Q
 _85378_/Q
 _85379_/Q
 _85380_/Q
 _85381_/Q
 _85382_/Q
 _85383_/Q
 _85384_/Q
 _85385_/Q
 _85386_/Q
 _85387_/Q
 _85388_/Q
 _85389_/Q
 _85390_/Q
 _85391_/Q
 _85392_/Q
 _85393_/Q
 _85394_/Q
 _85395_/Q
 _85396_/Q
 _85397_/Q
 _85398_/Q
 _85399_/Q
 _85400_/Q
 _85401_/Q
 _85402_/Q
 _85403_/Q
 _85404_/Q
 _85405_/Q
 _85406_/Q
 _85407_/Q
 _85408_/Q
 _85409_/Q
 _85410_/Q
 _85411_/Q
 _85412_/Q
 _85413_/Q
 _85414_/Q
 _85415_/Q
 _85416_/Q
 _85417_/Q
 _85418_/Q
 _85419_/Q
 _85420_/Q
 _85421_/Q
 _85422_/Q
 _85423_/Q
 _85424_/Q
 _85425_/Q
 _85426_/Q
 _85427_/Q
 _85428_/Q
 _85429_/Q
 _85430_/Q
 _85431_/Q
 _85432_/Q
 _85433_/Q
 _85434_/Q
 _85435_/Q
 _85436_/Q
 _85437_/Q
 _85438_/Q
 _85439_/Q
 _85440_/Q
 _85441_/Q
 _85442_/Q
 _85443_/Q
 _85444_/Q
 _85445_/Q
 _85446_/Q
 _85447_/Q
 _85448_/Q
 _85449_/Q
 _85450_/Q
 _85451_/Q
 _85452_/Q
 _85453_/Q
 _85454_/Q
 _85455_/Q
 _85456_/Q
 _85457_/Q
 _85458_/Q
 _85459_/Q
 _85460_/Q
 _85461_/Q
 _85462_/Q
 _85463_/Q
 _85464_/Q
 _85465_/Q
 _85466_/Q
 _85467_/Q
 _85468_/Q
 _85469_/Q
 _85470_/Q
 _85471_/Q
 _85472_/Q
 _85473_/Q
 _85474_/Q
 _85475_/Q
 _85476_/Q
 _85477_/Q
 _85478_/Q
 _85479_/Q
 _85480_/Q
 _85481_/Q
 _85482_/Q
 _85483_/Q
 _85484_/Q
 _85485_/Q
 _85486_/Q
 _85487_/Q
 _85488_/Q
 _85489_/Q
 _85490_/Q
 _85491_/Q
 _85492_/Q
 _85493_/Q
 _85494_/Q
 _85495_/Q
 _85496_/Q
 _85497_/Q
 _85498_/Q
 _85499_/Q
 _85500_/Q
 _85501_/Q
 _85502_/Q
 _85503_/Q
 _85504_/Q
 _85505_/Q
 _85506_/Q
 _85507_/Q
 _85508_/Q
 _85509_/Q
 _85510_/Q
 _85511_/Q
 _85512_/Q
 _85513_/Q
 _85514_/Q
 _85515_/Q
 _85516_/Q
 _85517_/Q
 _85518_/Q
 _85519_/Q
 _85520_/Q
 _85521_/Q
 _85522_/Q
 _85523_/Q
 _85524_/Q
 _85525_/Q
 _85526_/Q
 _85527_/Q
 _85528_/Q
 _85529_/Q
 _85530_/Q
 _85531_/Q
 _85532_/Q
 _85533_/Q
 _85534_/Q
 _85535_/Q
 _85536_/Q
 _85537_/Q
 _85538_/Q
 _85539_/Q
 _85540_/Q
 _85541_/Q
 _85542_/Q
 _85543_/Q
 _85544_/Q
 _85545_/Q
 _85546_/Q
 _85547_/Q
 _85548_/Q
 _85549_/Q
 fanout278/X
 fanout279/X
 fanout280/X
 fanout281/X
 fanout282/X
 fanout283/X
 fanout284/X
 fanout285/X
 fanout286/X
 fanout287/X
 fanout288/X
 fanout289/X
 fanout290/X
 fanout291/X
 fanout292/X
 fanout293/X
 fanout294/X
 fanout295/X
 fanout296/X
 fanout297/X
 fanout298/X
 fanout299/X
 fanout300/X
 fanout301/X
 fanout302/X
 fanout303/X
 fanout304/X
 fanout305/X
 fanout306/X
 fanout307/X
 fanout308/X
 fanout309/X
 fanout310/X
 fanout311/X
 fanout312/X
 fanout313/X
 fanout314/X
 fanout315/X
 fanout316/X
 fanout317/X
 fanout318/X
 fanout319/X
 fanout320/X
 fanout321/X
 fanout322/X
 fanout323/X
 fanout324/X
 fanout325/X
 fanout326/X
 fanout327/X
 fanout328/X
 input1/X
 input10/X
 input11/X
 input12/X
 input13/X
 input14/X
 input15/X
 input16/X
 input17/X
 input18/X
 input19/X
 input2/X
 input20/X
 input21/X
 input22/X
 input23/X
 input24/X
 input25/X
 input26/X
 input27/X
 input28/X
 input29/X
 input3/X
 input30/X
 input31/X
 input32/X
 input33/X
 input34/X
 input35/X
 input36/X
 input37/X
 input38/X
 input39/X
 input4/X
 input40/X
 input41/X
 input42/X
 input43/X
 input44/X
 input45/X
 input46/X
 input47/X
 input48/X
 input49/X
 input5/X
 input50/X
 input51/X
 input52/X
 input53/X
 input54/X
 input55/X
 input56/X
 input57/X
 input58/X
 input59/X
 input6/X
 input60/X
 input61/X
 input62/X
 input63/X
 input64/X
 input65/X
 input66/X
 input67/X
 input68/X
 input69/X
 input7/X
 input70/X
 input71/X
 input72/X
 input73/X
 input74/X
 input75/X
 input76/X
 input8/X
 input9/X
 max_cap111/X
 max_cap113/X
 max_cap114/X
 max_cap117/X
 max_cap118/X
 max_cap122/X
 max_cap142/X
 max_cap143/X
 max_cap145/X
 max_cap146/X
 max_cap148/X
 max_cap150/X
 max_cap154/X
 max_cap157/X
 max_cap158/X
 max_cap159/X
 max_cap160/X
 max_cap161/X
 max_cap162/X
 max_cap163/X
 max_cap165/X
 max_cap166/X
 max_cap167/X
 max_cap168/X
 max_cap169/X
 max_cap170/X
 max_cap173/X
 max_cap175/X
 max_cap176/X
 max_cap177/X
 max_cap178/X
 max_cap179/X
 max_cap180/X
 max_cap181/X
 max_cap183/X
 max_cap184/X
 max_cap185/X
 max_cap186/X
 max_cap187/X
 max_cap188/X
 max_cap190/X
 max_cap191/X
 max_cap192/X
 max_cap193/X
 max_cap194/X
 max_cap195/X
 max_cap196/X
 max_cap197/X
 max_cap199/X
 max_cap200/X
 max_cap202/X
 max_cap204/X
 max_cap205/X
 max_cap206/X
 max_cap207/X
 max_cap208/X
 max_cap209/X
 max_cap210/X
 max_cap211/X
 max_cap212/X
 max_cap213/X
 max_cap214/X
 max_cap215/X
 max_cap216/X
 max_cap217/X
 max_cap218/X
 max_cap220/X
 max_cap221/X
 max_cap222/X
 max_cap227/X
 max_cap228/X
 max_cap229/X
 max_cap230/X
 max_cap231/X
 max_cap233/X
 max_cap234/X
 max_cap235/X
 max_cap236/X
 max_cap237/X
 max_cap238/X
 max_cap239/X
 max_cap240/X
 max_cap241/X
 max_cap242/X
 max_cap243/X
 max_cap244/X
 max_cap245/X
 max_cap246/X
 max_cap247/X
 max_cap248/X
 max_cap249/X
 max_cap251/X
 max_cap252/X
 max_cap253/X
 max_cap255/X
 max_cap257/X
 max_cap258/X
 max_cap259/X
 max_cap262/X
 max_cap275/X
 max_cap277/X
 output100/X
 output101/X
 output102/X
 output103/X
 output104/X
 output105/X
 output106/X
 output107/X
 output108/X
 output109/X
 output110/X
 output77/X
 output78/X
 output79/X
 output80/X
 output81/X
 output82/X
 output83/X
 output84/X
 output85/X
 output86/X
 output87/X
 output88/X
 output89/X
 output90/X
 output91/X
 output92/X
 output93/X
 output94/X
 output95/X
 output96/X
 output97/X
 output98/X
 output99/X
 wire112/X
 wire115/X
 wire116/X
 wire119/X
 wire120/X
 wire121/X
 wire123/X
 wire124/X
 wire125/X
 wire126/X
 wire127/X
 wire128/X
 wire129/X
 wire130/X
 wire131/X
 wire132/X
 wire133/X
 wire134/X
 wire135/X
 wire136/X
 wire137/X
 wire138/X
 wire139/X
 wire140/X
 wire141/X
 wire144/X
 wire147/X
 wire149/X
 wire151/X
 wire152/X
 wire153/X
 wire155/X
 wire156/X
 wire164/X
 wire171/X
 wire172/X
 wire174/X
 wire182/X
 wire189/X
 wire198/X
 wire201/X
 wire203/X
 wire219/X
 wire223/X
 wire224/X
 wire225/X
 wire226/X
 wire232/X
 wire250/X
 wire254/X
 wire256/X
 wire260/X
 wire261/X
 wire263/X
 wire264/X
 wire265/X
 wire266/X
 wire267/X
 wire268/X
 wire269/X
 wire270/X
 wire271/X
 wire272/X
 wire273/X
 wire274/X
 wire276/X
Found 0 partially unannotated drivers.

===========================================================================
max slew violation count 0
max fanout violation count 0
max cap violation count 0
============================================================================

===========================================================================
check_setup -verbose -unconstrained_endpoints -multiple_clock -no_clock -no_input_delay -loops -generated_clocks
===========================================================================
