
===========================================================================
report_checks -unconstrained
===========================================================================
======================= Fastest Corner ===================================

Startpoint: rst_n (input port clocked by clk)
Endpoint: _85496_ (recovery check against rising-edge clock clk)
Path Group: asynchronous
Path Type: max
Corner: Fastest

Fanout     Cap    Slew   Delay    Time   Description
-----------------------------------------------------------------------------
                          0.00    0.00   clock clk (rise edge)
                          0.00    0.00   clock network delay (propagated)
                          2.00    2.00 ^ input external delay
                  0.01    0.01    2.01 ^ rst_n (in)
     1    0.00                           rst_n (net)
                  0.01    0.00    2.01 ^ hold86/A (sky130_fd_sc_hd__dlygate4sd3_1)
                  0.07    0.41    2.42 ^ hold86/X (sky130_fd_sc_hd__dlygate4sd3_1)
     1    0.01                           net414 (net)
                  0.07    0.00    2.42 ^ input75/A (sky130_fd_sc_hd__buf_8)
                  0.19    0.18    2.60 ^ input75/X (sky130_fd_sc_hd__buf_8)
     2    0.16                           net75 (net)
                  0.20    0.02    2.63 ^ fanout328/A (sky130_fd_sc_hd__clkbuf_8)
                  0.17    0.21    2.83 ^ fanout328/X (sky130_fd_sc_hd__clkbuf_8)
     5    0.13                           net328 (net)
                  0.17    0.00    2.84 ^ fanout320/A (sky130_fd_sc_hd__buf_4)
                  0.17    0.19    3.03 ^ fanout320/X (sky130_fd_sc_hd__buf_4)
     5    0.08                           net320 (net)
                  0.17    0.00    3.03 ^ fanout319/A (sky130_fd_sc_hd__buf_4)
                  0.15    0.19    3.22 ^ fanout319/X (sky130_fd_sc_hd__buf_4)
    10    0.07                           net319 (net)
                  0.15    0.00    3.22 ^ fanout318/A (sky130_fd_sc_hd__clkbuf_4)
                  0.13    0.19    3.41 ^ fanout318/X (sky130_fd_sc_hd__clkbuf_4)
    10    0.05                           net318 (net)
                  0.13    0.00    3.42 ^ fanout317/A (sky130_fd_sc_hd__buf_2)
                  0.12    0.17    3.58 ^ fanout317/X (sky130_fd_sc_hd__buf_2)
     7    0.03                           net317 (net)
                  0.12    0.00    3.58 ^ fanout316/A (sky130_fd_sc_hd__buf_2)
                  0.15    0.18    3.77 ^ fanout316/X (sky130_fd_sc_hd__buf_2)
     7    0.04                           net316 (net)
                  0.15    0.00    3.77 ^ fanout315/A (sky130_fd_sc_hd__clkbuf_4)
                  0.12    0.19    3.96 ^ fanout315/X (sky130_fd_sc_hd__clkbuf_4)
    10    0.05                           net315 (net)
                  0.12    0.00    3.96 ^ _85496_/RESET_B (sky130_fd_sc_hd__dfrtp_2)
                                  3.96   data arrival time

                         10.00   10.00   clock clk (rise edge)
                          0.00   10.00   clock source latency
                  0.59    0.40   10.40 ^ clk (in)
     2    0.18                           clk (net)
                  0.60    0.00   10.40 ^ clkbuf_0_clk/A (sky130_fd_sc_hd__clkbuf_16)
                  0.14    0.21   10.61 ^ clkbuf_0_clk/X (sky130_fd_sc_hd__clkbuf_16)
     8    0.16                           clknet_0_clk (net)
                  0.14    0.01   10.61 ^ clkbuf_2_2_0_clk/A (sky130_fd_sc_hd__clkbuf_8)
                  0.07    0.13   10.75 ^ clkbuf_2_2_0_clk/X (sky130_fd_sc_hd__clkbuf_8)
     2    0.05                           clknet_2_2_0_clk (net)
                  0.07    0.00   10.75 ^ clkbuf_3_5__f_clk/A (sky130_fd_sc_hd__clkbuf_16)
                  0.08    0.12   10.87 ^ clkbuf_3_5__f_clk/X (sky130_fd_sc_hd__clkbuf_16)
     8    0.09                           clknet_3_5__leaf_clk (net)
                  0.08    0.01   10.88 ^ clkbuf_leaf_26_clk/A (sky130_fd_sc_hd__clkbuf_16)
                  0.03    0.10   10.98 ^ clkbuf_leaf_26_clk/X (sky130_fd_sc_hd__clkbuf_16)
     7    0.02                           clknet_leaf_26_clk (net)
                  0.03    0.00   10.98 ^ _85496_/CLK (sky130_fd_sc_hd__dfrtp_2)
                         -0.25   10.73   clock uncertainty
                          0.00   10.73   clock reconvergence pessimism
                          0.11   10.84   library recovery time
                                 10.84   data required time
-----------------------------------------------------------------------------
                                 10.84   data required time
                                 -3.96   data arrival time
-----------------------------------------------------------------------------
                                  6.88   slack (MET)


Startpoint: _85200_ (rising edge-triggered flip-flop clocked by clk)
Endpoint: _85229_ (rising edge-triggered flip-flop clocked by clk)
Path Group: clk
Path Type: max
Corner: Fastest

Fanout     Cap    Slew   Delay    Time   Description
-----------------------------------------------------------------------------
                          0.00    0.00   clock clk (rise edge)
                          0.00    0.00   clock source latency
                  0.59    0.44    0.44 ^ clk (in)
     2    0.18                           clk (net)
                  0.60    0.00    0.44 ^ clkbuf_0_clk/A (sky130_fd_sc_hd__clkbuf_16)
                  0.14    0.23    0.67 ^ clkbuf_0_clk/X (sky130_fd_sc_hd__clkbuf_16)
     8    0.16                           clknet_0_clk (net)
                  0.14    0.01    0.68 ^ clkbuf_2_0_0_clk/A (sky130_fd_sc_hd__clkbuf_8)
                  0.07    0.15    0.83 ^ clkbuf_2_0_0_clk/X (sky130_fd_sc_hd__clkbuf_8)
     2    0.05                           clknet_2_0_0_clk (net)
                  0.07    0.00    0.83 ^ clkbuf_3_1__f_clk/A (sky130_fd_sc_hd__clkbuf_16)
                  0.21    0.23    1.06 ^ clkbuf_3_1__f_clk/X (sky130_fd_sc_hd__clkbuf_16)
    17    0.26                           clknet_3_1__leaf_clk (net)
                  0.21    0.01    1.07 ^ clkbuf_leaf_93_clk/A (sky130_fd_sc_hd__clkbuf_16)
                  0.03    0.12    1.19 ^ clkbuf_leaf_93_clk/X (sky130_fd_sc_hd__clkbuf_16)
     5    0.02                           clknet_leaf_93_clk (net)
                  0.03    0.00    1.19 ^ _85200_/CLK (sky130_fd_sc_hd__dfrtp_1)
                  0.15    0.30    1.49 ^ _85200_/Q (sky130_fd_sc_hd__dfrtp_1)
     4    0.02                           stage8_inst.in1[2] (net)
                  0.15    0.00    1.49 ^ _42655_/A (sky130_fd_sc_hd__clkbuf_4)
                  0.10    0.17    1.67 ^ _42655_/X (sky130_fd_sc_hd__clkbuf_4)
    10    0.04                           _42267_ (net)
                  0.10    0.00    1.67 ^ _42656_/A (sky130_fd_sc_hd__clkbuf_4)
                  0.13    0.18    1.85 ^ _42656_/X (sky130_fd_sc_hd__clkbuf_4)
    10    0.05                           _42278_ (net)
                  0.13    0.00    1.85 ^ _42657_/A (sky130_fd_sc_hd__buf_4)
                  0.16    0.20    2.05 ^ _42657_/X (sky130_fd_sc_hd__buf_4)
    10    0.08                           _42289_ (net)
                  0.16    0.00    2.05 ^ _46216_/B (sky130_fd_sc_hd__nand2_1)
                  0.05    0.05    2.10 v _46216_/Y (sky130_fd_sc_hd__nand2_1)
     1    0.00                           _36982_ (net)
                  0.05    0.00    2.10 v _46218_/A (sky130_fd_sc_hd__xnor2_1)
                  0.28    0.27    2.37 ^ _46218_/Y (sky130_fd_sc_hd__xnor2_1)
     2    0.02                           _36984_ (net)
                  0.28    0.00    2.37 ^ _46220_/B (sky130_fd_sc_hd__xor2_2)
                  0.17    0.16    2.53 ^ _46220_/X (sky130_fd_sc_hd__xor2_2)
     2    0.02                           _36986_ (net)
                  0.17    0.00    2.53 ^ _46243_/A (sky130_fd_sc_hd__xor2_2)
                  0.16    0.16    2.69 ^ _46243_/X (sky130_fd_sc_hd__xor2_2)
     3    0.02                           _37009_ (net)
                  0.16    0.00    2.69 ^ _46244_/C (sky130_fd_sc_hd__nand3_2)
                  0.07    0.07    2.76 v _46244_/Y (sky130_fd_sc_hd__nand3_2)
     2    0.01                           _37010_ (net)
                  0.07    0.00    2.76 v _46246_/A2 (sky130_fd_sc_hd__a211o_4)
                  0.05    0.25    3.01 v _46246_/X (sky130_fd_sc_hd__a211o_4)
     5    0.02                           _37012_ (net)
                  0.05    0.00    3.01 v _46297_/A (sky130_fd_sc_hd__and3_1)
                  0.05    0.13    3.14 v _46297_/X (sky130_fd_sc_hd__and3_1)
     2    0.01                           _37063_ (net)
                  0.05    0.00    3.14 v _46299_/A1 (sky130_fd_sc_hd__o211a_1)
                  0.05    0.18    3.31 v _46299_/X (sky130_fd_sc_hd__o211a_1)
     2    0.01                           _37065_ (net)
                  0.05    0.00    3.31 v _46300_/C (sky130_fd_sc_hd__nor3_2)
                  0.18    0.15    3.47 ^ _46300_/Y (sky130_fd_sc_hd__nor3_2)
     3    0.01                           _37066_ (net)
                  0.18    0.00    3.47 ^ _46362_/A1 (sky130_fd_sc_hd__o211a_1)
                  0.06    0.13    3.60 ^ _46362_/X (sky130_fd_sc_hd__o211a_1)
     2    0.01                           _37128_ (net)
                  0.06    0.00    3.60 ^ _46398_/B_N (sky130_fd_sc_hd__and4bb_4)
                  0.07    0.20    3.81 v _46398_/X (sky130_fd_sc_hd__and4bb_4)
     4    0.05                           _37164_ (net)
                  0.07    0.00    3.81 v _46437_/A (sky130_fd_sc_hd__or3_4)
                  0.11    0.34    4.14 v _46437_/X (sky130_fd_sc_hd__or3_4)
     4    0.07                           _37203_ (net)
                  0.11    0.01    4.16 v _46472_/A1 (sky130_fd_sc_hd__a21bo_4)
                  0.04    0.18    4.34 v _46472_/X (sky130_fd_sc_hd__a21bo_4)
     3    0.02                           _37238_ (net)
                  0.04    0.00    4.34 v _46527_/A1 (sky130_fd_sc_hd__a21bo_4)
                  0.04    0.16    4.50 v _46527_/X (sky130_fd_sc_hd__a21bo_4)
     2    0.02                           _37293_ (net)
                  0.04    0.00    4.50 v _46529_/A2 (sky130_fd_sc_hd__a21o_4)
                  0.04    0.16    4.67 v _46529_/X (sky130_fd_sc_hd__a21o_4)
     2    0.02                           _37295_ (net)
                  0.04    0.00    4.67 v _46531_/A2 (sky130_fd_sc_hd__a21bo_4)
                  0.05    0.17    4.84 v _46531_/X (sky130_fd_sc_hd__a21bo_4)
     3    0.03                           _37297_ (net)
                  0.05    0.00    4.84 v _46538_/A1 (sky130_fd_sc_hd__a211o_4)
                  0.07    0.26    5.10 v _46538_/X (sky130_fd_sc_hd__a211o_4)
     5    0.03                           _37304_ (net)
                  0.07    0.00    5.10 v _46554_/A2 (sky130_fd_sc_hd__a32oi_4)
                  0.14    0.17    5.27 ^ _46554_/Y (sky130_fd_sc_hd__a32oi_4)
     1    0.02                           _37320_ (net)
                  0.14    0.00    5.27 ^ wire198/A (sky130_fd_sc_hd__buf_6)
                  0.11    0.14    5.40 ^ wire198/X (sky130_fd_sc_hd__buf_6)
     3    0.07                           net198 (net)
                  0.11    0.01    5.42 ^ _47455_/A2 (sky130_fd_sc_hd__a21oi_4)
                  0.07    0.05    5.47 v _47455_/Y (sky130_fd_sc_hd__a21oi_4)
     3    0.01                           _38221_ (net)
                  0.07    0.00    5.47 v _47456_/C (sky130_fd_sc_hd__or3_4)
                  0.04    0.21    5.68 v _47456_/X (sky130_fd_sc_hd__or3_4)
     1    0.00                           _38222_ (net)
                  0.04    0.00    5.68 v _47458_/A (sky130_fd_sc_hd__and2_4)
                  0.06    0.13    5.81 v _47458_/X (sky130_fd_sc_hd__and2_4)
     1    0.04                           _38224_ (net)
                  0.06    0.01    5.81 v _47459_/A (sky130_fd_sc_hd__buf_8)
                  0.03    0.11    5.92 v _47459_/X (sky130_fd_sc_hd__buf_8)
     5    0.04                           _38225_ (net)
                  0.03    0.00    5.93 v _47631_/A (sky130_fd_sc_hd__and3_1)
                  0.06    0.13    6.05 v _47631_/X (sky130_fd_sc_hd__and3_1)
     4    0.01                           _38397_ (net)
                  0.06    0.00    6.05 v _47673_/C (sky130_fd_sc_hd__or4_4)
                  0.07    0.32    6.37 v _47673_/X (sky130_fd_sc_hd__or4_4)
     3    0.01                           _38439_ (net)
                  0.07    0.00    6.37 v _47898_/A (sky130_fd_sc_hd__and3_1)
                  0.07    0.15    6.52 v _47898_/X (sky130_fd_sc_hd__and3_1)
     3    0.02                           _38664_ (net)
                  0.07    0.00    6.52 v _47902_/A (sky130_fd_sc_hd__or3b_4)
                  0.06    0.27    6.79 v _47902_/X (sky130_fd_sc_hd__or3b_4)
     4    0.01                           _38668_ (net)
                  0.06    0.00    6.79 v _47940_/A1 (sky130_fd_sc_hd__a21o_1)
                  0.03    0.12    6.91 v _47940_/X (sky130_fd_sc_hd__a21o_1)
     2    0.01                           _38706_ (net)
                  0.03    0.00    6.91 v _47944_/B (sky130_fd_sc_hd__and3_1)
                  0.06    0.14    7.05 v _47944_/X (sky130_fd_sc_hd__and3_1)
     3    0.01                           _38710_ (net)
                  0.06    0.00    7.05 v _48021_/A (sky130_fd_sc_hd__or3_4)
                  0.06    0.27    7.32 v _48021_/X (sky130_fd_sc_hd__or3_4)
     3    0.02                           _38787_ (net)
                  0.06    0.00    7.32 v _48134_/A1 (sky130_fd_sc_hd__a21o_1)
                  0.04    0.13    7.45 v _48134_/X (sky130_fd_sc_hd__a21o_1)
     2    0.01                           _38900_ (net)
                  0.04    0.00    7.45 v _48136_/A2 (sky130_fd_sc_hd__a21o_1)
                  0.04    0.14    7.59 v _48136_/X (sky130_fd_sc_hd__a21o_1)
     2    0.01                           _38902_ (net)
                  0.04    0.00    7.59 v _48435_/A2 (sky130_fd_sc_hd__a21o_1)
                  0.05    0.14    7.74 v _48435_/X (sky130_fd_sc_hd__a21o_1)
     2    0.01                           _39201_ (net)
                  0.05    0.00    7.74 v _48443_/A2 (sky130_fd_sc_hd__a21o_1)
                  0.05    0.15    7.89 v _48443_/X (sky130_fd_sc_hd__a21o_1)
     2    0.01                           _39209_ (net)
                  0.05    0.00    7.89 v _48457_/A2 (sky130_fd_sc_hd__a21o_1)
                  0.04    0.14    8.03 v _48457_/X (sky130_fd_sc_hd__a21o_1)
     2    0.01                           _39223_ (net)
                  0.04    0.00    8.03 v _48459_/A2 (sky130_fd_sc_hd__a21o_1)
                  0.03    0.13    8.15 v _48459_/X (sky130_fd_sc_hd__a21o_1)
     2    0.01                           _39225_ (net)
                  0.03    0.00    8.15 v _48470_/A2 (sky130_fd_sc_hd__a21o_1)
                  0.04    0.13    8.29 v _48470_/X (sky130_fd_sc_hd__a21o_1)
     2    0.01                           _39236_ (net)
                  0.04    0.00    8.29 v _48471_/C (sky130_fd_sc_hd__and3_1)
                  0.04    0.14    8.43 v _48471_/X (sky130_fd_sc_hd__and3_1)
     1    0.01                           _39237_ (net)
                  0.04    0.00    8.43 v _48472_/A (sky130_fd_sc_hd__buf_6)
                  0.03    0.10    8.52 v _48472_/X (sky130_fd_sc_hd__buf_6)
     6    0.03                           _39238_ (net)
                  0.03    0.00    8.52 v _48476_/A (sky130_fd_sc_hd__or3_4)
                  0.07    0.28    8.81 v _48476_/X (sky130_fd_sc_hd__or3_4)
     5    0.03                           _39242_ (net)
                  0.07    0.00    8.81 v _48478_/A (sky130_fd_sc_hd__nand2_4)
                  0.06    0.08    8.89 ^ _48478_/Y (sky130_fd_sc_hd__nand2_4)
     4    0.02                           _39244_ (net)
                  0.06    0.00    8.89 ^ _48717_/C (sky130_fd_sc_hd__nand3_4)
                  0.08    0.06    8.94 v _48717_/Y (sky130_fd_sc_hd__nand3_4)
     3    0.01                           _39483_ (net)
                  0.08    0.00    8.95 v _48718_/A (sky130_fd_sc_hd__and2_4)
                  0.03    0.12    9.06 v _48718_/X (sky130_fd_sc_hd__and2_4)
     1    0.01                           _39484_ (net)
                  0.03    0.00    9.06 v _48719_/A (sky130_fd_sc_hd__buf_12)
                  0.04    0.10    9.17 v _48719_/X (sky130_fd_sc_hd__buf_12)
     8    0.07                           _39485_ (net)
                  0.04    0.00    9.17 v _51937_/C (sky130_fd_sc_hd__and3_4)
                  0.05    0.15    9.32 v _51937_/X (sky130_fd_sc_hd__and3_4)
     6    0.03                           _00665_ (net)
                  0.05    0.00    9.32 v _52108_/B1_N (sky130_fd_sc_hd__o21bai_4)
                  0.05    0.12    9.43 v _52108_/Y (sky130_fd_sc_hd__o21bai_4)
     2    0.01                           _00853_ (net)
                  0.05    0.00    9.43 v _52121_/A2 (sky130_fd_sc_hd__a21o_1)
                  0.04    0.15    9.58 v _52121_/X (sky130_fd_sc_hd__a21o_1)
     3    0.01                           _00867_ (net)
                  0.04    0.00    9.58 v _52134_/A2 (sky130_fd_sc_hd__a21o_1)
                  0.03    0.13    9.71 v _52134_/X (sky130_fd_sc_hd__a21o_1)
     2    0.01                           _00881_ (net)
                  0.03    0.00    9.71 v _52135_/C (sky130_fd_sc_hd__and3_1)
                  0.05    0.15    9.86 v _52135_/X (sky130_fd_sc_hd__and3_1)
     3    0.01                           _00882_ (net)
                  0.05    0.00    9.86 v _52161_/A (sky130_fd_sc_hd__or3_4)
                  0.05    0.26   10.12 v _52161_/X (sky130_fd_sc_hd__or3_4)
     4    0.01                           _00910_ (net)
                  0.05    0.00   10.12 v _52170_/B (sky130_fd_sc_hd__and3_4)
                  0.04    0.14   10.26 v _52170_/X (sky130_fd_sc_hd__and3_4)
     4    0.02                           _00920_ (net)
                  0.04    0.00   10.26 v _52203_/A (sky130_fd_sc_hd__or3_4)
                  0.06    0.26   10.52 v _52203_/X (sky130_fd_sc_hd__or3_4)
     3    0.01                           _00957_ (net)
                  0.06    0.00   10.52 v _52214_/A1 (sky130_fd_sc_hd__a21o_1)
                  0.04    0.13   10.64 v _52214_/X (sky130_fd_sc_hd__a21o_1)
     2    0.01                           _00969_ (net)
                  0.04    0.00   10.64 v _52244_/A2 (sky130_fd_sc_hd__a21o_1)
                  0.04    0.13   10.78 v _52244_/X (sky130_fd_sc_hd__a21o_1)
     2    0.01                           _01002_ (net)
                  0.04    0.00   10.78 v _52342_/A2 (sky130_fd_sc_hd__a21o_1)
                  0.03    0.13   10.90 v _52342_/X (sky130_fd_sc_hd__a21o_1)
     2    0.01                           _01109_ (net)
                  0.03    0.00   10.90 v _52346_/B (sky130_fd_sc_hd__and3_1)
                  0.04    0.12   11.03 v _52346_/X (sky130_fd_sc_hd__and3_1)
     2    0.01                           _01114_ (net)
                  0.04    0.00   11.03 v _52347_/B (sky130_fd_sc_hd__or2_4)
                  0.05    0.18   11.21 v _52347_/X (sky130_fd_sc_hd__or2_4)
     4    0.03                           _01115_ (net)
                  0.05    0.00   11.21 v _52441_/B (sky130_fd_sc_hd__or4_4)
                  0.06    0.33   11.54 v _52441_/X (sky130_fd_sc_hd__or4_4)
     1    0.01                           _01217_ (net)
                  0.06    0.00   11.54 v _52446_/B1 (sky130_fd_sc_hd__o211a_4)
                  0.07    0.14   11.67 v _52446_/X (sky130_fd_sc_hd__o211a_4)
     4    0.05                           _01223_ (net)
                  0.07    0.01   11.68 v _52451_/A (sky130_fd_sc_hd__or4_4)
                  0.07    0.37   12.05 v _52451_/X (sky130_fd_sc_hd__or4_4)
     2    0.02                           _01228_ (net)
                  0.07    0.00   12.05 v _52457_/A2 (sky130_fd_sc_hd__a21oi_4)
                  0.16    0.19   12.24 ^ _52457_/Y (sky130_fd_sc_hd__a21oi_4)
     4    0.03                           _01235_ (net)
                  0.16    0.00   12.24 ^ _52648_/A2 (sky130_fd_sc_hd__a21boi_4)
                  0.06    0.06   12.31 v _52648_/Y (sky130_fd_sc_hd__a21boi_4)
     2    0.02                           _01445_ (net)
                  0.06    0.00   12.31 v _52654_/A2 (sky130_fd_sc_hd__o21ba_4)
                  0.04    0.15   12.46 v _52654_/X (sky130_fd_sc_hd__o21ba_4)
     1    0.01                           _01452_ (net)
                  0.04    0.00   12.46 v _52655_/B (sky130_fd_sc_hd__xor2_4)
                  0.26    0.24   12.69 ^ _52655_/X (sky130_fd_sc_hd__xor2_4)
     3    0.04                           _01453_ (net)
                  0.26    0.01   12.70 ^ _52658_/A (sky130_fd_sc_hd__xor2_2)
                  0.13    0.13   12.83 ^ _52658_/X (sky130_fd_sc_hd__xor2_2)
     3    0.01                           _01456_ (net)
                  0.13    0.00   12.83 ^ _52664_/A (sky130_fd_sc_hd__nand2_1)
                  0.05    0.05   12.88 v _52664_/Y (sky130_fd_sc_hd__nand2_1)
     1    0.01                           _01463_ (net)
                  0.05    0.00   12.88 v _52665_/B1 (sky130_fd_sc_hd__o2bb2a_1)
                  0.07    0.23   13.11 v _52665_/X (sky130_fd_sc_hd__o2bb2a_1)
     3    0.01                           _01464_ (net)
                  0.07    0.00   13.11 v _52692_/A2 (sky130_fd_sc_hd__a2111o_4)
                  0.07    0.37   13.48 v _52692_/X (sky130_fd_sc_hd__a2111o_4)
     5    0.03                           _01493_ (net)
                  0.07    0.00   13.48 v _52704_/A1 (sky130_fd_sc_hd__a211o_4)
                  0.09    0.28   13.76 v _52704_/X (sky130_fd_sc_hd__a211o_4)
     4    0.05                           _01507_ (net)
                  0.09    0.01   13.77 v _52862_/A2 (sky130_fd_sc_hd__a2111oi_4)
                  0.19    0.27   14.04 ^ _52862_/Y (sky130_fd_sc_hd__a2111oi_4)
     1    0.01                           _01679_ (net)
                  0.19    0.00   14.04 ^ wire3/A (sky130_fd_sc_hd__clkbuf_1)
                  0.06    0.08   14.12 ^ wire3/X (sky130_fd_sc_hd__clkbuf_1)
     2    0.01                           net422 (net)
                  0.06    0.00   14.12 ^ max_cap2/A (sky130_fd_sc_hd__clkbuf_1)
                  0.06    0.08   14.20 ^ max_cap2/X (sky130_fd_sc_hd__clkbuf_1)
     1    0.01                           net421 (net)
                  0.06    0.00   14.20 ^ max_cap122/A (sky130_fd_sc_hd__buf_6)
                  0.04    0.08   14.28 ^ max_cap122/X (sky130_fd_sc_hd__buf_6)
     4    0.02                           net122 (net)
                  0.04    0.00   14.28 ^ _52911_/A (sky130_fd_sc_hd__nand3_4)
                  0.07    0.06   14.35 v _52911_/Y (sky130_fd_sc_hd__nand3_4)
     3    0.02                           _01733_ (net)
                  0.07    0.00   14.35 v _52914_/A (sky130_fd_sc_hd__xor2_2)
                  0.07    0.15   14.50 v _52914_/X (sky130_fd_sc_hd__xor2_2)
     2    0.01                           _01737_ (net)
                  0.07    0.00   14.50 v _52932_/A (sky130_fd_sc_hd__nor4_4)
                  0.38    0.39   14.89 ^ _52932_/Y (sky130_fd_sc_hd__nor4_4)
     2    0.03                           _01756_ (net)
                  0.38    0.00   14.89 ^ wire119/A (sky130_fd_sc_hd__buf_6)
                  0.04    0.09   14.98 ^ wire119/X (sky130_fd_sc_hd__buf_6)
     4    0.02                           net119 (net)
                  0.04    0.00   14.98 ^ max_cap118/A (sky130_fd_sc_hd__buf_4)
                  0.06    0.11   15.09 ^ max_cap118/X (sky130_fd_sc_hd__buf_4)
     6    0.03                           net118 (net)
                  0.06    0.00   15.09 ^ _52998_/A (sky130_fd_sc_hd__nand2_4)
                  0.07    0.05   15.14 v _52998_/Y (sky130_fd_sc_hd__nand2_4)
     4    0.03                           _01829_ (net)
                  0.07    0.00   15.14 v _52999_/B (sky130_fd_sc_hd__xnor2_4)
                  0.22    0.22   15.36 ^ _52999_/Y (sky130_fd_sc_hd__xnor2_4)
     3    0.03                           _01830_ (net)
                  0.22    0.00   15.36 ^ _53001_/B (sky130_fd_sc_hd__nand2_1)
                  0.10    0.11   15.47 v _53001_/Y (sky130_fd_sc_hd__nand2_1)
     5    0.02                           _01832_ (net)
                  0.10    0.00   15.47 v _53635_/A (sky130_fd_sc_hd__or2_4)
                  0.05    0.21   15.68 v _53635_/X (sky130_fd_sc_hd__or2_4)
     4    0.02                           _02494_ (net)
                  0.05    0.00   15.68 v _53669_/A1 (sky130_fd_sc_hd__o32a_4)
                  0.05    0.26   15.94 v _53669_/X (sky130_fd_sc_hd__o32a_4)
     2    0.02                           _02528_ (net)
                  0.05    0.00   15.94 v _53670_/B (sky130_fd_sc_hd__nor2_4)
                  0.09    0.09   16.04 ^ _53670_/Y (sky130_fd_sc_hd__nor2_4)
     3    0.02                           _02529_ (net)
                  0.09    0.00   16.04 ^ _53722_/B1 (sky130_fd_sc_hd__a221o_1)
                  0.11    0.15   16.19 ^ _53722_/X (sky130_fd_sc_hd__a221o_1)
     1    0.01                           _02582_ (net)
                  0.11    0.00   16.19 ^ _53725_/A4 (sky130_fd_sc_hd__a41oi_4)
                  0.10    0.11   16.29 v _53725_/Y (sky130_fd_sc_hd__a41oi_4)
     3    0.02                           _02586_ (net)
                  0.10    0.00   16.29 v _53748_/A2 (sky130_fd_sc_hd__o31a_1)
                  0.05    0.22   16.51 v _53748_/X (sky130_fd_sc_hd__o31a_1)
     2    0.01                           _02609_ (net)
                  0.05    0.00   16.52 v _53749_/B (sky130_fd_sc_hd__or2_4)
                  0.04    0.16   16.68 v _53749_/X (sky130_fd_sc_hd__or2_4)
     3    0.01                           _02610_ (net)
                  0.04    0.00   16.68 v _53779_/A1 (sky130_fd_sc_hd__o21ba_4)
                  0.03    0.16   16.83 v _53779_/X (sky130_fd_sc_hd__o21ba_4)
     3    0.01                           _02641_ (net)
                  0.03    0.00   16.83 v _53803_/A2 (sky130_fd_sc_hd__o32a_1)
                  0.05    0.21   17.05 v _53803_/X (sky130_fd_sc_hd__o32a_1)
     2    0.01                           _02666_ (net)
                  0.05    0.00   17.05 v _53804_/B (sky130_fd_sc_hd__or2_1)
                  0.06    0.16   17.21 v _53804_/X (sky130_fd_sc_hd__or2_1)
     3    0.01                           _02667_ (net)
                  0.06    0.00   17.21 v _53823_/A2 (sky130_fd_sc_hd__a31o_1)
                  0.06    0.18   17.39 v _53823_/X (sky130_fd_sc_hd__a31o_1)
     3    0.01                           _02686_ (net)
                  0.06    0.00   17.39 v _53881_/B_N (sky130_fd_sc_hd__and4bb_1)
                  0.19    0.30   17.69 ^ _53881_/X (sky130_fd_sc_hd__and4bb_1)
     2    0.03                           _02745_ (net)
                  0.19    0.00   17.69 ^ _53940_/A1 (sky130_fd_sc_hd__a21oi_2)
                  0.07    0.07   17.76 v _53940_/Y (sky130_fd_sc_hd__a21oi_2)
     4    0.01                           _02806_ (net)
                  0.07    0.00   17.76 v _53969_/B (sky130_fd_sc_hd__nor3b_2)
                  0.19    0.20   17.96 ^ _53969_/Y (sky130_fd_sc_hd__nor3b_2)
     2    0.01                           _02836_ (net)
                  0.19    0.00   17.96 ^ _54000_/A1 (sky130_fd_sc_hd__a21oi_2)
                  0.07    0.07   18.02 v _54000_/Y (sky130_fd_sc_hd__a21oi_2)
     2    0.01                           _02867_ (net)
                  0.07    0.00   18.02 v _54001_/B (sky130_fd_sc_hd__nor2_2)
                  0.08    0.09   18.11 ^ _54001_/Y (sky130_fd_sc_hd__nor2_2)
     3    0.01                           _02868_ (net)
                  0.08    0.00   18.11 ^ _54026_/A1_N (sky130_fd_sc_hd__o2bb2a_1)
                  0.06    0.16   18.27 v _54026_/X (sky130_fd_sc_hd__o2bb2a_1)
     2    0.01                           _02894_ (net)
                  0.06    0.00   18.27 v _54028_/B (sky130_fd_sc_hd__or2_1)
                  0.05    0.16   18.43 v _54028_/X (sky130_fd_sc_hd__or2_1)
     3    0.01                           _02896_ (net)
                  0.05    0.00   18.43 v _54036_/A2 (sky130_fd_sc_hd__a311o_1)
                  0.04    0.21   18.64 v _54036_/X (sky130_fd_sc_hd__a311o_1)
     1    0.00                           _02904_ (net)
                  0.04    0.00   18.64 v _54041_/A2 (sky130_fd_sc_hd__a31o_1)
                  0.03    0.14   18.78 v _54041_/X (sky130_fd_sc_hd__a31o_1)
     1    0.00                           _02909_ (net)
                  0.03    0.00   18.78 v _54042_/A0 (sky130_fd_sc_hd__mux2_1)
                  0.05    0.16   18.94 v _54042_/X (sky130_fd_sc_hd__mux2_1)
     1    0.00                           _02910_ (net)
                  0.05    0.00   18.94 v _54043_/A (sky130_fd_sc_hd__clkbuf_1)
                  0.02    0.07   19.00 v _54043_/X (sky130_fd_sc_hd__clkbuf_1)
     1    0.00                           _00066_ (net)
                  0.02    0.00   19.00 v _85229_/D (sky130_fd_sc_hd__dfrtp_4)
                                 19.00   data arrival time

                         10.00   10.00   clock clk (rise edge)
                          0.00   10.00   clock source latency
                  0.59    0.40   10.40 ^ clk (in)
     2    0.18                           clk (net)
                  0.60    0.00   10.40 ^ clkbuf_0_clk/A (sky130_fd_sc_hd__clkbuf_16)
                  0.14    0.21   10.61 ^ clkbuf_0_clk/X (sky130_fd_sc_hd__clkbuf_16)
     8    0.16                           clknet_0_clk (net)
                  0.14    0.01   10.61 ^ clkbuf_2_0_0_clk/A (sky130_fd_sc_hd__clkbuf_8)
                  0.07    0.13   10.75 ^ clkbuf_2_0_0_clk/X (sky130_fd_sc_hd__clkbuf_8)
     2    0.05                           clknet_2_0_0_clk (net)
                  0.07    0.00   10.75 ^ clkbuf_3_1__f_clk/A (sky130_fd_sc_hd__clkbuf_16)
                  0.21    0.21   10.96 ^ clkbuf_3_1__f_clk/X (sky130_fd_sc_hd__clkbuf_16)
    17    0.26                           clknet_3_1__leaf_clk (net)
                  0.21    0.01   10.97 ^ clkbuf_leaf_10_clk/A (sky130_fd_sc_hd__clkbuf_16)
                  0.04    0.12   11.09 ^ clkbuf_leaf_10_clk/X (sky130_fd_sc_hd__clkbuf_16)
     6    0.02                           clknet_leaf_10_clk (net)
                  0.04    0.00   11.09 ^ _85229_/CLK (sky130_fd_sc_hd__dfrtp_4)
                         -0.25   10.84   clock uncertainty
                          0.10   10.94   clock reconvergence pessimism
                         -0.07   10.87   library setup time
                                 10.87   data required time
-----------------------------------------------------------------------------
                                 10.87   data required time
                                -19.00   data arrival time
-----------------------------------------------------------------------------
                                 -8.13   slack (VIOLATED)



======================= Slowest Corner ===================================

Startpoint: rst_n (input port clocked by clk)
Endpoint: _85496_ (recovery check against rising-edge clock clk)
Path Group: asynchronous
Path Type: max
Corner: Slowest

Fanout     Cap    Slew   Delay    Time   Description
-----------------------------------------------------------------------------
                          0.00    0.00   clock clk (rise edge)
                          0.00    0.00   clock network delay (propagated)
                          2.00    2.00 ^ input external delay
                  0.03    0.01    2.01 ^ rst_n (in)
     1    0.00                           rst_n (net)
                  0.03    0.00    2.01 ^ hold86/A (sky130_fd_sc_hd__dlygate4sd3_1)
                  0.16    1.14    3.15 ^ hold86/X (sky130_fd_sc_hd__dlygate4sd3_1)
     1    0.01                           net414 (net)
                  0.16    0.00    3.15 ^ input75/A (sky130_fd_sc_hd__buf_8)
                  0.39    0.46    3.61 ^ input75/X (sky130_fd_sc_hd__buf_8)
     2    0.16                           net75 (net)
                  0.39    0.03    3.64 ^ fanout328/A (sky130_fd_sc_hd__clkbuf_8)
                  0.34    0.58    4.22 ^ fanout328/X (sky130_fd_sc_hd__clkbuf_8)
     5    0.12                           net328 (net)
                  0.34    0.00    4.22 ^ fanout320/A (sky130_fd_sc_hd__buf_4)
                  0.35    0.55    4.77 ^ fanout320/X (sky130_fd_sc_hd__buf_4)
     5    0.08                           net320 (net)
                  0.35    0.00    4.78 ^ fanout319/A (sky130_fd_sc_hd__buf_4)
                  0.31    0.53    5.30 ^ fanout319/X (sky130_fd_sc_hd__buf_4)
    10    0.07                           net319 (net)
                  0.31    0.00    5.30 ^ fanout318/A (sky130_fd_sc_hd__clkbuf_4)
                  0.25    0.51    5.82 ^ fanout318/X (sky130_fd_sc_hd__clkbuf_4)
    10    0.05                           net318 (net)
                  0.25    0.00    5.82 ^ fanout317/A (sky130_fd_sc_hd__buf_2)
                  0.25    0.43    6.25 ^ fanout317/X (sky130_fd_sc_hd__buf_2)
     7    0.03                           net317 (net)
                  0.25    0.00    6.25 ^ fanout316/A (sky130_fd_sc_hd__buf_2)
                  0.30    0.47    6.72 ^ fanout316/X (sky130_fd_sc_hd__buf_2)
     7    0.04                           net316 (net)
                  0.30    0.00    6.72 ^ fanout315/A (sky130_fd_sc_hd__clkbuf_4)
                  0.24    0.50    7.22 ^ fanout315/X (sky130_fd_sc_hd__clkbuf_4)
    10    0.05                           net315 (net)
                  0.24    0.00    7.22 ^ _85496_/RESET_B (sky130_fd_sc_hd__dfrtp_2)
                                  7.22   data arrival time

                         10.00   10.00   clock clk (rise edge)
                          0.00   10.00   clock source latency
                  1.27    0.85   10.85 ^ clk (in)
     2    0.18                           clk (net)
                  1.27    0.00   10.85 ^ clkbuf_0_clk/A (sky130_fd_sc_hd__clkbuf_16)
                  0.28    0.76   11.61 ^ clkbuf_0_clk/X (sky130_fd_sc_hd__clkbuf_16)
     8    0.16                           clknet_0_clk (net)
                  0.28    0.01   11.61 ^ clkbuf_2_2_0_clk/A (sky130_fd_sc_hd__clkbuf_8)
                  0.15    0.36   11.98 ^ clkbuf_2_2_0_clk/X (sky130_fd_sc_hd__clkbuf_8)
     2    0.05                           clknet_2_2_0_clk (net)
                  0.15    0.00   11.98 ^ clkbuf_3_5__f_clk/A (sky130_fd_sc_hd__clkbuf_16)
                  0.16    0.32   12.30 ^ clkbuf_3_5__f_clk/X (sky130_fd_sc_hd__clkbuf_16)
     8    0.09                           clknet_3_5__leaf_clk (net)
                  0.16    0.01   12.30 ^ clkbuf_leaf_26_clk/A (sky130_fd_sc_hd__clkbuf_16)
                  0.07    0.25   12.56 ^ clkbuf_leaf_26_clk/X (sky130_fd_sc_hd__clkbuf_16)
     7    0.02                           clknet_leaf_26_clk (net)
                  0.07    0.00   12.56 ^ _85496_/CLK (sky130_fd_sc_hd__dfrtp_2)
                         -0.25   12.31   clock uncertainty
                          0.00   12.31   clock reconvergence pessimism
                          0.37   12.68   library recovery time
                                 12.68   data required time
-----------------------------------------------------------------------------
                                 12.68   data required time
                                 -7.22   data arrival time
-----------------------------------------------------------------------------
                                  5.46   slack (MET)


Startpoint: _85263_ (rising edge-triggered flip-flop clocked by clk)
Endpoint: _85230_ (rising edge-triggered flip-flop clocked by clk)
Path Group: clk
Path Type: max
Corner: Slowest

Fanout     Cap    Slew   Delay    Time   Description
-----------------------------------------------------------------------------
                          0.00    0.00   clock clk (rise edge)
                          0.00    0.00   clock source latency
                  1.27    0.94    0.94 ^ clk (in)
     2    0.18                           clk (net)
                  1.27    0.00    0.94 ^ clkbuf_0_clk/A (sky130_fd_sc_hd__clkbuf_16)
                  0.28    0.84    1.77 ^ clkbuf_0_clk/X (sky130_fd_sc_hd__clkbuf_16)
     8    0.16                           clknet_0_clk (net)
                  0.28    0.01    1.78 ^ clkbuf_2_3_0_clk/A (sky130_fd_sc_hd__clkbuf_8)
                  0.15    0.40    2.18 ^ clkbuf_2_3_0_clk/X (sky130_fd_sc_hd__clkbuf_8)
     2    0.05                           clknet_2_3_0_clk (net)
                  0.15    0.00    2.18 ^ clkbuf_3_6__f_clk/A (sky130_fd_sc_hd__clkbuf_16)
                  0.25    0.43    2.61 ^ clkbuf_3_6__f_clk/X (sky130_fd_sc_hd__clkbuf_16)
     8    0.15                           clknet_3_6__leaf_clk (net)
                  0.25    0.01    2.62 ^ clkbuf_leaf_47_clk/A (sky130_fd_sc_hd__clkbuf_16)
                  0.07    0.32    2.93 ^ clkbuf_leaf_47_clk/X (sky130_fd_sc_hd__clkbuf_16)
     6    0.02                           clknet_leaf_47_clk (net)
                  0.07    0.00    2.94 ^ _85263_/CLK (sky130_fd_sc_hd__dfrtp_1)
                  0.26    0.83    3.77 ^ _85263_/Q (sky130_fd_sc_hd__dfrtp_1)
     2    0.02                           stage8_inst.in3[1] (net)
                  0.26    0.00    3.77 ^ _42612_/A (sky130_fd_sc_hd__buf_2)
                  0.33    0.49    4.26 ^ _42612_/X (sky130_fd_sc_hd__buf_2)
    10    0.04                           _41795_ (net)
                  0.33    0.00    4.26 ^ _42613_/A (sky130_fd_sc_hd__clkbuf_4)
                  0.25    0.52    4.78 ^ _42613_/X (sky130_fd_sc_hd__clkbuf_4)
    10    0.05                           _41806_ (net)
                  0.25    0.00    4.78 ^ _42614_/A (sky130_fd_sc_hd__clkbuf_4)
                  0.27    0.50    5.28 ^ _42614_/X (sky130_fd_sc_hd__clkbuf_4)
    10    0.06                           _41817_ (net)
                  0.27    0.00    5.29 ^ _54556_/A (sky130_fd_sc_hd__buf_2)
                  0.33    0.50    5.79 ^ _54556_/X (sky130_fd_sc_hd__buf_2)
    10    0.04                           _03474_ (net)
                  0.33    0.00    5.79 ^ _56554_/C (sky130_fd_sc_hd__and4_2)
                  0.31    0.80    6.59 ^ _56554_/X (sky130_fd_sc_hd__and4_2)
     3    0.03                           _05666_ (net)
                  0.31    0.00    6.59 ^ _56681_/A (sky130_fd_sc_hd__nor2_1)
                  0.21    0.32    6.91 v _56681_/Y (sky130_fd_sc_hd__nor2_1)
     2    0.02                           _05804_ (net)
                  0.21    0.00    6.92 v _56683_/C (sky130_fd_sc_hd__or3_1)
                  0.21    0.92    7.83 v _56683_/X (sky130_fd_sc_hd__or3_1)
     1    0.01                           _05807_ (net)
                  0.21    0.00    7.83 v _56684_/B (sky130_fd_sc_hd__and2_1)
                  0.13    0.47    8.30 v _56684_/X (sky130_fd_sc_hd__and2_1)
     3    0.01                           _05808_ (net)
                  0.13    0.00    8.30 v _56745_/B (sky130_fd_sc_hd__and3_1)
                  0.12    0.44    8.75 v _56745_/X (sky130_fd_sc_hd__and3_1)
     2    0.01                           _05875_ (net)
                  0.12    0.00    8.75 v _56746_/C1 (sky130_fd_sc_hd__a211o_4)
                  0.13    0.60    9.35 v _56746_/X (sky130_fd_sc_hd__a211o_4)
     5    0.03                           _05876_ (net)
                  0.13    0.00    9.35 v _56753_/B (sky130_fd_sc_hd__and3_1)
                  0.14    0.46    9.81 v _56753_/X (sky130_fd_sc_hd__and3_1)
     4    0.01                           _05884_ (net)
                  0.14    0.00    9.81 v _56834_/A (sky130_fd_sc_hd__or3_1)
                  0.20    1.01   10.82 v _56834_/X (sky130_fd_sc_hd__or3_1)
     2    0.01                           _05973_ (net)
                  0.20    0.00   10.82 v _56861_/A1 (sky130_fd_sc_hd__a21o_2)
                  0.16    0.54   11.36 v _56861_/X (sky130_fd_sc_hd__a21o_2)
     5    0.03                           _06002_ (net)
                  0.16    0.00   11.36 v _56913_/A (sky130_fd_sc_hd__and3_1)
                  0.11    0.40   11.76 v _56913_/X (sky130_fd_sc_hd__and3_1)
     2    0.01                           _06060_ (net)
                  0.11    0.00   11.76 v _56914_/B1 (sky130_fd_sc_hd__a21o_2)
                  0.16    0.49   12.25 v _56914_/X (sky130_fd_sc_hd__a21o_2)
     3    0.03                           _06061_ (net)
                  0.16    0.00   12.25 v _56916_/A2 (sky130_fd_sc_hd__a21bo_4)
                  0.10    0.50   12.76 v _56916_/X (sky130_fd_sc_hd__a21bo_4)
     2    0.02                           _06063_ (net)
                  0.10    0.00   12.76 v _56918_/A2 (sky130_fd_sc_hd__a21o_4)
                  0.10    0.47   13.23 v _56918_/X (sky130_fd_sc_hd__a21o_4)
     2    0.02                           _06065_ (net)
                  0.10    0.00   13.23 v _56920_/A2 (sky130_fd_sc_hd__a21bo_4)
                  0.11    0.48   13.71 v _56920_/X (sky130_fd_sc_hd__a21bo_4)
     3    0.03                           _06067_ (net)
                  0.11    0.00   13.71 v _57509_/A1 (sky130_fd_sc_hd__a21o_4)
                  0.13    0.48   14.20 v _57509_/X (sky130_fd_sc_hd__a21o_4)
     2    0.04                           _06713_ (net)
                  0.13    0.00   14.20 v _57523_/A (sky130_fd_sc_hd__xnor2_4)
                  0.42    0.49   14.68 ^ _57523_/Y (sky130_fd_sc_hd__xnor2_4)
     3    0.03                           _06729_ (net)
                  0.42    0.00   14.69 ^ _57524_/A (sky130_fd_sc_hd__buf_6)
                  0.32    0.53   15.22 ^ _57524_/X (sky130_fd_sc_hd__buf_6)
    10    0.10                           _06730_ (net)
                  0.32    0.00   15.22 ^ _57698_/B (sky130_fd_sc_hd__nand2_2)
                  0.24    0.34   15.56 v _57698_/Y (sky130_fd_sc_hd__nand2_2)
     5    0.03                           _06920_ (net)
                  0.24    0.00   15.56 v _57701_/A2 (sky130_fd_sc_hd__a21o_1)
                  0.17    0.52   16.09 v _57701_/X (sky130_fd_sc_hd__a21o_1)
     4    0.02                           _06923_ (net)
                  0.17    0.00   16.09 v _57703_/A (sky130_fd_sc_hd__and3_1)
                  0.16    0.46   16.54 v _57703_/X (sky130_fd_sc_hd__and3_1)
     4    0.01                           _06926_ (net)
                  0.16    0.00   16.55 v _58130_/A1 (sky130_fd_sc_hd__o21ba_1)
                  0.15    0.48   17.03 v _58130_/X (sky130_fd_sc_hd__o21ba_1)
     2    0.01                           _07394_ (net)
                  0.15    0.00   17.03 v _58133_/A (sky130_fd_sc_hd__or3_4)
                  0.15    0.88   17.91 v _58133_/X (sky130_fd_sc_hd__or3_4)
     3    0.02                           _07398_ (net)
                  0.15    0.00   17.91 v _58223_/A (sky130_fd_sc_hd__and3_1)
                  0.10    0.39   18.30 v _58223_/X (sky130_fd_sc_hd__and3_1)
     2    0.01                           _07497_ (net)
                  0.10    0.00   18.30 v _58225_/B (sky130_fd_sc_hd__or3_1)
                  0.24    1.00   19.29 v _58225_/X (sky130_fd_sc_hd__or3_1)
     3    0.01                           _07499_ (net)
                  0.24    0.00   19.29 v _58228_/B (sky130_fd_sc_hd__nand3_1)
                  0.32    0.39   19.68 ^ _58228_/Y (sky130_fd_sc_hd__nand3_1)
     3    0.02                           _07502_ (net)
                  0.32    0.00   19.68 ^ _58282_/A1 (sky130_fd_sc_hd__a21o_1)
                  0.19    0.42   20.11 ^ _58282_/X (sky130_fd_sc_hd__a21o_1)
     2    0.01                           _07561_ (net)
                  0.19    0.00   20.11 ^ _58337_/B_N (sky130_fd_sc_hd__nor2b_4)
                  0.23    0.42   20.52 ^ _58337_/Y (sky130_fd_sc_hd__nor2b_4)
     1    0.02                           _07622_ (net)
                  0.23    0.00   20.53 ^ _58338_/A (sky130_fd_sc_hd__xor2_4)
                  0.38    0.48   21.01 ^ _58338_/X (sky130_fd_sc_hd__xor2_4)
     2    0.03                           _07623_ (net)
                  0.38    0.00   21.01 ^ _58339_/B (sky130_fd_sc_hd__xor2_4)
                  0.33    0.48   21.49 ^ _58339_/X (sky130_fd_sc_hd__xor2_4)
     2    0.02                           _07624_ (net)
                  0.33    0.00   21.49 ^ _58350_/B (sky130_fd_sc_hd__xnor2_4)
                  0.42    0.38   21.87 ^ _58350_/Y (sky130_fd_sc_hd__xnor2_4)
     3    0.03                           _07636_ (net)
                  0.42    0.00   21.88 ^ _58470_/A (sky130_fd_sc_hd__xor2_4)
                  0.36    0.51   22.39 ^ _58470_/X (sky130_fd_sc_hd__xor2_4)
     4    0.03                           _07767_ (net)
                  0.36    0.00   22.39 ^ _58473_/A (sky130_fd_sc_hd__xnor2_4)
                  0.39    0.39   22.78 ^ _58473_/Y (sky130_fd_sc_hd__xnor2_4)
     2    0.03                           _07771_ (net)
                  0.39    0.00   22.78 ^ _58474_/C1 (sky130_fd_sc_hd__o311ai_4)
                  0.26    0.39   23.17 v _58474_/Y (sky130_fd_sc_hd__o311ai_4)
     3    0.02                           _07772_ (net)
                  0.26    0.00   23.17 v _58479_/A1 (sky130_fd_sc_hd__a21oi_2)
                  0.29    0.42   23.59 ^ _58479_/Y (sky130_fd_sc_hd__a21oi_2)
     2    0.01                           _07777_ (net)
                  0.29    0.00   23.59 ^ _58486_/A1 (sky130_fd_sc_hd__o211a_1)
                  0.21    0.54   24.13 ^ _58486_/X (sky130_fd_sc_hd__o211a_1)
     2    0.01                           _07785_ (net)
                  0.21    0.00   24.13 ^ _58491_/A3 (sky130_fd_sc_hd__o311a_4)
                  0.13    0.45   24.58 ^ _58491_/X (sky130_fd_sc_hd__o311a_4)
     2    0.02                           _07790_ (net)
                  0.13    0.00   24.58 ^ _58493_/A2 (sky130_fd_sc_hd__o211ai_4)
                  0.35    0.37   24.95 v _58493_/Y (sky130_fd_sc_hd__o211ai_4)
     7    0.05                           _07793_ (net)
                  0.35    0.00   24.96 v _58497_/A2 (sky130_fd_sc_hd__a2111o_1)
                  0.20    1.04   26.00 v _58497_/X (sky130_fd_sc_hd__a2111o_1)
     3    0.01                           _07797_ (net)
                  0.20    0.00   26.00 v _58619_/A2 (sky130_fd_sc_hd__a211o_1)
                  0.18    0.74   26.74 v _58619_/X (sky130_fd_sc_hd__a211o_1)
     3    0.01                           _07931_ (net)
                  0.18    0.00   26.74 v _58960_/A2 (sky130_fd_sc_hd__a211o_4)
                  0.15    0.77   27.52 v _58960_/X (sky130_fd_sc_hd__a211o_4)
     2    0.04                           _08305_ (net)
                  0.15    0.00   27.52 v _59042_/A1 (sky130_fd_sc_hd__a21o_4)
                  0.20    0.57   28.09 v _59042_/X (sky130_fd_sc_hd__a21o_4)
     5    0.07                           _08394_ (net)
                  0.20    0.00   28.09 v _59153_/A2 (sky130_fd_sc_hd__a22o_4)
                  0.20    0.68   28.78 v _59153_/X (sky130_fd_sc_hd__a22o_4)
     8    0.06                           _08517_ (net)
                  0.20    0.01   28.79 v _59154_/C (sky130_fd_sc_hd__and3_1)
                  0.15    0.54   29.32 v _59154_/X (sky130_fd_sc_hd__and3_1)
     3    0.01                           _08518_ (net)
                  0.15    0.00   29.32 v _59157_/A (sky130_fd_sc_hd__or3_4)
                  0.13    0.84   30.16 v _59157_/X (sky130_fd_sc_hd__or3_4)
     3    0.01                           _08521_ (net)
                  0.13    0.00   30.16 v _59177_/A (sky130_fd_sc_hd__and3_1)
                  0.13    0.40   30.56 v _59177_/X (sky130_fd_sc_hd__and3_1)
     2    0.01                           _08543_ (net)
                  0.13    0.00   30.56 v _59178_/C1 (sky130_fd_sc_hd__a211o_1)
                  0.14    0.55   31.11 v _59178_/X (sky130_fd_sc_hd__a211o_1)
     3    0.01                           _08544_ (net)
                  0.14    0.00   31.11 v _59194_/A1 (sky130_fd_sc_hd__a21o_1)
                  0.13    0.41   31.52 v _59194_/X (sky130_fd_sc_hd__a21o_1)
     2    0.01                           _08562_ (net)
                  0.13    0.00   31.52 v _59196_/A2 (sky130_fd_sc_hd__a21o_1)
                  0.14    0.45   31.96 v _59196_/X (sky130_fd_sc_hd__a21o_1)
     2    0.01                           _08564_ (net)
                  0.14    0.00   31.96 v _59198_/A2 (sky130_fd_sc_hd__a211o_1)
                  0.17    0.70   32.66 v _59198_/X (sky130_fd_sc_hd__a211o_1)
     2    0.01                           _08566_ (net)
                  0.17    0.00   32.67 v _59209_/B (sky130_fd_sc_hd__nand3_2)
                  0.15    0.22   32.89 ^ _59209_/Y (sky130_fd_sc_hd__nand3_2)
     3    0.01                           _08578_ (net)
                  0.15    0.00   32.89 ^ _59214_/B (sky130_fd_sc_hd__and3b_2)
                  0.18    0.51   33.39 ^ _59214_/X (sky130_fd_sc_hd__and3b_2)
     2    0.02                           _08584_ (net)
                  0.18    0.00   33.39 ^ _59553_/A4 (sky130_fd_sc_hd__a41oi_4)
                  0.29    0.41   33.80 v _59553_/Y (sky130_fd_sc_hd__a41oi_4)
     4    0.02                           _08956_ (net)
                  0.29    0.00   33.80 v _62866_/A2 (sky130_fd_sc_hd__a2111o_4)
                  0.19    1.16   34.96 v _62866_/X (sky130_fd_sc_hd__a2111o_4)
     3    0.03                           _12591_ (net)
                  0.19    0.00   34.97 v _63031_/C (sky130_fd_sc_hd__and3_1)
                  0.07    0.44   35.40 v _63031_/X (sky130_fd_sc_hd__and3_1)
     1    0.00                           _12772_ (net)
                  0.07    0.00   35.40 v _63032_/B (sky130_fd_sc_hd__nor2_1)
                  0.66    0.56   35.97 ^ _63032_/Y (sky130_fd_sc_hd__nor2_1)
     2    0.02                           _12773_ (net)
                  0.66    0.00   35.97 ^ _63034_/B (sky130_fd_sc_hd__or2_1)
                  0.08    0.39   36.36 ^ _63034_/X (sky130_fd_sc_hd__or2_1)
     1    0.00                           _12776_ (net)
                  0.08    0.00   36.36 ^ _63035_/B (sky130_fd_sc_hd__nand2_1)
                  0.20    0.22   36.57 v _63035_/Y (sky130_fd_sc_hd__nand2_1)
     3    0.01                           _12777_ (net)
                  0.20    0.00   36.57 v _63059_/A1 (sky130_fd_sc_hd__o311a_1)
                  0.14    0.80   37.37 v _63059_/X (sky130_fd_sc_hd__o311a_1)
     2    0.01                           _12803_ (net)
                  0.14    0.00   37.37 v _63075_/A2 (sky130_fd_sc_hd__o311a_4)
                  0.12    0.75   38.12 v _63075_/X (sky130_fd_sc_hd__o311a_4)
     4    0.02                           _12821_ (net)
                  0.12    0.00   38.12 v _63076_/D (sky130_fd_sc_hd__or4_4)
                  0.18    0.95   39.08 v _63076_/X (sky130_fd_sc_hd__or4_4)
     3    0.01                           _12822_ (net)
                  0.18    0.00   39.08 v _63109_/A1 (sky130_fd_sc_hd__a211o_1)
                  0.14    0.63   39.71 v _63109_/X (sky130_fd_sc_hd__a211o_1)
     2    0.01                           _12858_ (net)
                  0.14    0.00   39.71 v _63118_/A1 (sky130_fd_sc_hd__a21o_1)
                  0.13    0.40   40.11 v _63118_/X (sky130_fd_sc_hd__a21o_1)
     3    0.01                           _12868_ (net)
                  0.13    0.00   40.11 v _63123_/A2 (sky130_fd_sc_hd__a21o_1)
                  0.14    0.44   40.55 v _63123_/X (sky130_fd_sc_hd__a21o_1)
     2    0.01                           _12874_ (net)
                  0.14    0.00   40.55 v _63129_/A2 (sky130_fd_sc_hd__a2111oi_2)
                  0.52    0.73   41.29 ^ _63129_/Y (sky130_fd_sc_hd__a2111oi_2)
     1    0.01                           _12880_ (net)
                  0.52    0.00   41.29 ^ wire121/A (sky130_fd_sc_hd__buf_2)
                  0.25    0.54   41.82 ^ wire121/X (sky130_fd_sc_hd__buf_2)
     1    0.03                           net121 (net)
                  0.25    0.00   41.83 ^ wire120/A (sky130_fd_sc_hd__clkbuf_2)
                  0.17    0.37   42.19 ^ wire120/X (sky130_fd_sc_hd__clkbuf_2)
     5    0.02                           net120 (net)
                  0.17    0.00   42.19 ^ _63287_/A2 (sky130_fd_sc_hd__o2111a_1)
                  0.20    0.51   42.71 ^ _63287_/X (sky130_fd_sc_hd__o2111a_1)
     4    0.01                           _13054_ (net)
                  0.20    0.00   42.71 ^ _63342_/A (sky130_fd_sc_hd__and3_1)
                  0.28    0.52   43.22 ^ _63342_/X (sky130_fd_sc_hd__and3_1)
     3    0.02                           _13114_ (net)
                  0.28    0.00   43.23 ^ _63348_/B2 (sky130_fd_sc_hd__o22a_1)
                  0.22    0.44   43.67 ^ _63348_/X (sky130_fd_sc_hd__o22a_1)
     3    0.01                           _13121_ (net)
                  0.22    0.00   43.67 ^ _63359_/B (sky130_fd_sc_hd__and4_4)
                  0.33    0.80   44.47 ^ _63359_/X (sky130_fd_sc_hd__and4_4)
     2    0.06                           _13133_ (net)
                  0.33    0.01   44.49 ^ rebuffer10/A (sky130_fd_sc_hd__buf_6)
                  0.05    0.28   44.77 ^ rebuffer10/X (sky130_fd_sc_hd__buf_6)
     2    0.01                           net338 (net)
                  0.05    0.00   44.77 ^ _63524_/A1 (sky130_fd_sc_hd__a21oi_2)
                  0.17    0.16   44.92 v _63524_/Y (sky130_fd_sc_hd__a21oi_2)
     2    0.01                           _13315_ (net)
                  0.17    0.00   44.92 v _63529_/B (sky130_fd_sc_hd__xnor2_2)
                  0.20    0.38   45.31 v _63529_/Y (sky130_fd_sc_hd__xnor2_2)
     3    0.02                           _13320_ (net)
                  0.20    0.00   45.31 v _63531_/B (sky130_fd_sc_hd__and2_1)
                  0.09    0.42   45.73 v _63531_/X (sky130_fd_sc_hd__and2_1)
     1    0.01                           _13322_ (net)
                  0.09    0.00   45.73 v _63532_/A (sky130_fd_sc_hd__buf_6)
                  0.06    0.25   45.98 v _63532_/X (sky130_fd_sc_hd__buf_6)
     6    0.02                           _13323_ (net)
                  0.06    0.00   45.98 v _63533_/B (sky130_fd_sc_hd__or2_1)
                  0.12    0.51   46.49 v _63533_/X (sky130_fd_sc_hd__or2_1)
     1    0.00                           _13325_ (net)
                  0.12    0.00   46.49 v _63534_/A (sky130_fd_sc_hd__buf_6)
                  0.06    0.26   46.75 v _63534_/X (sky130_fd_sc_hd__buf_6)
     3    0.02                           _13326_ (net)
                  0.06    0.00   46.75 v _63536_/A2 (sky130_fd_sc_hd__a21oi_2)
                  0.23    0.29   47.04 ^ _63536_/Y (sky130_fd_sc_hd__a21oi_2)
     2    0.01                           _13328_ (net)
                  0.23    0.00   47.04 ^ _63538_/A2 (sky130_fd_sc_hd__o21ai_1)
                  0.20    0.25   47.29 v _63538_/Y (sky130_fd_sc_hd__o21ai_1)
     2    0.01                           _13330_ (net)
                  0.20    0.00   47.29 v _63549_/A2 (sky130_fd_sc_hd__a31o_1)
                  0.11    0.50   47.79 v _63549_/X (sky130_fd_sc_hd__a31o_1)
     2    0.01                           _13342_ (net)
                  0.11    0.00   47.79 v _63551_/A2 (sky130_fd_sc_hd__a21o_1)
                  0.11    0.40   48.20 v _63551_/X (sky130_fd_sc_hd__a21o_1)
     2    0.01                           _13344_ (net)
                  0.11    0.00   48.20 v _63553_/A2 (sky130_fd_sc_hd__a21o_1)
                  0.24    0.52   48.72 v _63553_/X (sky130_fd_sc_hd__a21o_1)
     4    0.03                           _13347_ (net)
                  0.24    0.00   48.72 v _63593_/A2 (sky130_fd_sc_hd__a31o_1)
                  0.21    0.61   49.33 v _63593_/X (sky130_fd_sc_hd__a31o_1)
     3    0.02                           _13391_ (net)
                  0.21    0.00   49.33 v _63602_/B2 (sky130_fd_sc_hd__a221o_1)
                  0.24    0.85   50.18 v _63602_/X (sky130_fd_sc_hd__a221o_1)
     3    0.02                           _13400_ (net)
                  0.24    0.00   50.19 v _63637_/A1 (sky130_fd_sc_hd__a41o_4)
                  0.14    0.57   50.76 v _63637_/X (sky130_fd_sc_hd__a41o_4)
     4    0.04                           _13439_ (net)
                  0.14    0.00   50.76 v _63734_/A1 (sky130_fd_sc_hd__a211oi_4)
                  0.41    0.51   51.28 ^ _63734_/Y (sky130_fd_sc_hd__a211oi_4)
     2    0.02                           _13546_ (net)
                  0.41    0.00   51.28 ^ _63757_/A (sky130_fd_sc_hd__xnor2_2)
                  0.23    0.38   51.66 v _63757_/Y (sky130_fd_sc_hd__xnor2_2)
     4    0.02                           _13571_ (net)
                  0.23    0.00   51.66 v _63764_/B1 (sky130_fd_sc_hd__a2111o_1)
                  0.11    0.83   52.49 v _63764_/X (sky130_fd_sc_hd__a2111o_1)
     1    0.00                           _13579_ (net)
                  0.11    0.00   52.49 v _63765_/B1 (sky130_fd_sc_hd__a41o_1)
                  0.08    0.40   52.88 v _63765_/X (sky130_fd_sc_hd__a41o_1)
     1    0.00                           _13580_ (net)
                  0.08    0.00   52.88 v _63768_/C (sky130_fd_sc_hd__or4b_1)
                  0.18    1.16   54.04 v _63768_/X (sky130_fd_sc_hd__or4b_1)
     1    0.00                           _13583_ (net)
                  0.18    0.00   54.04 v _63772_/B (sky130_fd_sc_hd__or3b_4)
                  0.21    0.96   55.00 v _63772_/X (sky130_fd_sc_hd__or3b_4)
     7    0.04                           _13587_ (net)
                  0.21    0.00   55.00 v _63773_/A (sky130_fd_sc_hd__buf_6)
                  0.12    0.37   55.37 v _63773_/X (sky130_fd_sc_hd__buf_6)
    10    0.07                           _13589_ (net)
                  0.12    0.01   55.38 v _63774_/C (sky130_fd_sc_hd__and3_1)
                  0.08    0.42   55.80 v _63774_/X (sky130_fd_sc_hd__and3_1)
     2    0.00                           _13590_ (net)
                  0.08    0.00   55.80 v _63777_/A (sky130_fd_sc_hd__or2_1)
                  0.13    0.57   56.37 v _63777_/X (sky130_fd_sc_hd__or2_1)
     1    0.01                           _13593_ (net)
                  0.13    0.00   56.37 v _63778_/A2 (sky130_fd_sc_hd__a21o_1)
                  0.06    0.35   56.72 v _63778_/X (sky130_fd_sc_hd__a21o_1)
     1    0.00                           _13594_ (net)
                  0.06    0.00   56.72 v _63782_/A0 (sky130_fd_sc_hd__mux2_1)
                  0.11    0.66   57.38 v _63782_/X (sky130_fd_sc_hd__mux2_1)
     1    0.00                           _13598_ (net)
                  0.11    0.00   57.38 v _63783_/A (sky130_fd_sc_hd__clkbuf_1)
                  0.05    0.19   57.57 v _63783_/X (sky130_fd_sc_hd__clkbuf_1)
     1    0.00                           _00067_ (net)
                  0.05    0.00   57.57 v _85230_/D (sky130_fd_sc_hd__dfrtp_4)
                                 57.57   data arrival time

                         10.00   10.00   clock clk (rise edge)
                          0.00   10.00   clock source latency
                  1.27    0.85   10.85 ^ clk (in)
     2    0.18                           clk (net)
                  1.27    0.00   10.85 ^ clkbuf_0_clk/A (sky130_fd_sc_hd__clkbuf_16)
                  0.28    0.76   11.61 ^ clkbuf_0_clk/X (sky130_fd_sc_hd__clkbuf_16)
     8    0.16                           clknet_0_clk (net)
                  0.28    0.00   11.61 ^ clkbuf_2_3_0_clk/A (sky130_fd_sc_hd__clkbuf_8)
                  0.15    0.36   11.98 ^ clkbuf_2_3_0_clk/X (sky130_fd_sc_hd__clkbuf_8)
     2    0.05                           clknet_2_3_0_clk (net)
                  0.15    0.00   11.98 ^ clkbuf_3_7__f_clk/A (sky130_fd_sc_hd__clkbuf_16)
                  0.26    0.39   12.37 ^ clkbuf_3_7__f_clk/X (sky130_fd_sc_hd__clkbuf_16)
    12    0.16                           clknet_3_7__leaf_clk (net)
                  0.26    0.01   12.38 ^ clkbuf_leaf_34_clk/A (sky130_fd_sc_hd__clkbuf_16)
                  0.08    0.30   12.68 ^ clkbuf_leaf_34_clk/X (sky130_fd_sc_hd__clkbuf_16)
     8    0.03                           clknet_leaf_34_clk (net)
                  0.08    0.00   12.68 ^ _85230_/CLK (sky130_fd_sc_hd__dfrtp_4)
                         -0.25   12.43   clock uncertainty
                          0.21   12.64   clock reconvergence pessimism
                         -0.26   12.37   library setup time
                                 12.37   data required time
-----------------------------------------------------------------------------
                                 12.37   data required time
                                -57.57   data arrival time
-----------------------------------------------------------------------------
                                -45.19   slack (VIOLATED)



======================= Typical Corner ===================================

Startpoint: rst_n (input port clocked by clk)
Endpoint: _85496_ (recovery check against rising-edge clock clk)
Path Group: asynchronous
Path Type: max
Corner: Typical

Fanout     Cap    Slew   Delay    Time   Description
-----------------------------------------------------------------------------
                          0.00    0.00   clock clk (rise edge)
                          0.00    0.00   clock network delay (propagated)
                          2.00    2.00 ^ input external delay
                  0.02    0.01    2.01 ^ rst_n (in)
     1    0.00                           rst_n (net)
                  0.02    0.00    2.01 ^ hold86/A (sky130_fd_sc_hd__dlygate4sd3_1)
                  0.10    0.59    2.60 ^ hold86/X (sky130_fd_sc_hd__dlygate4sd3_1)
     1    0.01                           net414 (net)
                  0.10    0.00    2.60 ^ input75/A (sky130_fd_sc_hd__buf_8)
                  0.25    0.26    2.87 ^ input75/X (sky130_fd_sc_hd__buf_8)
     2    0.16                           net75 (net)
                  0.26    0.02    2.89 ^ fanout328/A (sky130_fd_sc_hd__clkbuf_8)
                  0.22    0.32    3.21 ^ fanout328/X (sky130_fd_sc_hd__clkbuf_8)
     5    0.13                           net328 (net)
                  0.22    0.00    3.21 ^ fanout320/A (sky130_fd_sc_hd__buf_4)
                  0.22    0.30    3.51 ^ fanout320/X (sky130_fd_sc_hd__buf_4)
     5    0.08                           net320 (net)
                  0.22    0.00    3.51 ^ fanout319/A (sky130_fd_sc_hd__buf_4)
                  0.20    0.29    3.81 ^ fanout319/X (sky130_fd_sc_hd__buf_4)
    10    0.07                           net319 (net)
                  0.20    0.00    3.81 ^ fanout318/A (sky130_fd_sc_hd__clkbuf_4)
                  0.17    0.29    4.10 ^ fanout318/X (sky130_fd_sc_hd__clkbuf_4)
    10    0.05                           net318 (net)
                  0.17    0.00    4.10 ^ fanout317/A (sky130_fd_sc_hd__buf_2)
                  0.17    0.25    4.35 ^ fanout317/X (sky130_fd_sc_hd__buf_2)
     7    0.03                           net317 (net)
                  0.17    0.00    4.35 ^ fanout316/A (sky130_fd_sc_hd__buf_2)
                  0.20    0.27    4.62 ^ fanout316/X (sky130_fd_sc_hd__buf_2)
     7    0.04                           net316 (net)
                  0.20    0.00    4.62 ^ fanout315/A (sky130_fd_sc_hd__clkbuf_4)
                  0.16    0.29    4.91 ^ fanout315/X (sky130_fd_sc_hd__clkbuf_4)
    10    0.05                           net315 (net)
                  0.16    0.00    4.91 ^ _85496_/RESET_B (sky130_fd_sc_hd__dfrtp_2)
                                  4.91   data arrival time

                         10.00   10.00   clock clk (rise edge)
                          0.00   10.00   clock source latency
                  0.79    0.53   10.53 ^ clk (in)
     2    0.18                           clk (net)
                  0.79    0.00   10.53 ^ clkbuf_0_clk/A (sky130_fd_sc_hd__clkbuf_16)
                  0.18    0.37   10.89 ^ clkbuf_0_clk/X (sky130_fd_sc_hd__clkbuf_16)
     8    0.16                           clknet_0_clk (net)
                  0.18    0.01   10.90 ^ clkbuf_2_2_0_clk/A (sky130_fd_sc_hd__clkbuf_8)
                  0.09    0.20   11.10 ^ clkbuf_2_2_0_clk/X (sky130_fd_sc_hd__clkbuf_8)
     2    0.05                           clknet_2_2_0_clk (net)
                  0.09    0.00   11.10 ^ clkbuf_3_5__f_clk/A (sky130_fd_sc_hd__clkbuf_16)
                  0.11    0.18   11.28 ^ clkbuf_3_5__f_clk/X (sky130_fd_sc_hd__clkbuf_16)
     8    0.09                           clknet_3_5__leaf_clk (net)
                  0.11    0.01   11.29 ^ clkbuf_leaf_26_clk/A (sky130_fd_sc_hd__clkbuf_16)
                  0.04    0.14   11.43 ^ clkbuf_leaf_26_clk/X (sky130_fd_sc_hd__clkbuf_16)
     7    0.02                           clknet_leaf_26_clk (net)
                  0.04    0.00   11.44 ^ _85496_/CLK (sky130_fd_sc_hd__dfrtp_2)
                         -0.25   11.19   clock uncertainty
                          0.00   11.19   clock reconvergence pessimism
                          0.18   11.37   library recovery time
                                 11.37   data required time
-----------------------------------------------------------------------------
                                 11.37   data required time
                                 -4.91   data arrival time
-----------------------------------------------------------------------------
                                  6.46   slack (MET)


Startpoint: _85200_ (rising edge-triggered flip-flop clocked by clk)
Endpoint: _85193_ (rising edge-triggered flip-flop clocked by clk)
Path Group: clk
Path Type: max
Corner: Typical

Fanout     Cap    Slew   Delay    Time   Description
-----------------------------------------------------------------------------
                          0.00    0.00   clock clk (rise edge)
                          0.00    0.00   clock source latency
                  0.79    0.58    0.58 ^ clk (in)
     2    0.18                           clk (net)
                  0.79    0.00    0.58 ^ clkbuf_0_clk/A (sky130_fd_sc_hd__clkbuf_16)
                  0.18    0.41    0.99 ^ clkbuf_0_clk/X (sky130_fd_sc_hd__clkbuf_16)
     8    0.16                           clknet_0_clk (net)
                  0.18    0.01    0.99 ^ clkbuf_2_0_0_clk/A (sky130_fd_sc_hd__clkbuf_8)
                  0.10    0.23    1.22 ^ clkbuf_2_0_0_clk/X (sky130_fd_sc_hd__clkbuf_8)
     2    0.05                           clknet_2_0_0_clk (net)
                  0.10    0.00    1.22 ^ clkbuf_3_1__f_clk/A (sky130_fd_sc_hd__clkbuf_16)
                  0.27    0.32    1.54 ^ clkbuf_3_1__f_clk/X (sky130_fd_sc_hd__clkbuf_16)
    17    0.26                           clknet_3_1__leaf_clk (net)
                  0.27    0.01    1.55 ^ clkbuf_leaf_93_clk/A (sky130_fd_sc_hd__clkbuf_16)
                  0.04    0.20    1.75 ^ clkbuf_leaf_93_clk/X (sky130_fd_sc_hd__clkbuf_16)
     5    0.02                           clknet_leaf_93_clk (net)
                  0.04    0.00    1.75 ^ _85200_/CLK (sky130_fd_sc_hd__dfrtp_1)
                  0.19    0.45    2.21 ^ _85200_/Q (sky130_fd_sc_hd__dfrtp_1)
     4    0.02                           stage8_inst.in1[2] (net)
                  0.19    0.00    2.21 ^ _42655_/A (sky130_fd_sc_hd__clkbuf_4)
                  0.13    0.26    2.47 ^ _42655_/X (sky130_fd_sc_hd__clkbuf_4)
    10    0.04                           _42267_ (net)
                  0.13    0.00    2.47 ^ _42656_/A (sky130_fd_sc_hd__clkbuf_4)
                  0.16    0.27    2.74 ^ _42656_/X (sky130_fd_sc_hd__clkbuf_4)
    10    0.05                           _42278_ (net)
                  0.16    0.00    2.74 ^ _42657_/A (sky130_fd_sc_hd__buf_4)
                  0.21    0.29    3.03 ^ _42657_/X (sky130_fd_sc_hd__buf_4)
    10    0.08                           _42289_ (net)
                  0.21    0.00    3.03 ^ _46216_/B (sky130_fd_sc_hd__nand2_1)
                  0.07    0.10    3.13 v _46216_/Y (sky130_fd_sc_hd__nand2_1)
     1    0.00                           _36982_ (net)
                  0.07    0.00    3.13 v _46218_/A (sky130_fd_sc_hd__xnor2_1)
                  0.40    0.39    3.52 ^ _46218_/Y (sky130_fd_sc_hd__xnor2_1)
     2    0.02                           _36984_ (net)
                  0.40    0.00    3.52 ^ _46220_/B (sky130_fd_sc_hd__xor2_2)
                  0.22    0.27    3.79 ^ _46220_/X (sky130_fd_sc_hd__xor2_2)
     2    0.02                           _36986_ (net)
                  0.22    0.00    3.79 ^ _46243_/A (sky130_fd_sc_hd__xor2_2)
                  0.22    0.25    4.04 ^ _46243_/X (sky130_fd_sc_hd__xor2_2)
     3    0.01                           _37009_ (net)
                  0.22    0.00    4.05 ^ _46244_/C (sky130_fd_sc_hd__nand3_2)
                  0.10    0.14    4.19 v _46244_/Y (sky130_fd_sc_hd__nand3_2)
     2    0.01                           _37010_ (net)
                  0.10    0.00    4.19 v _46246_/A2 (sky130_fd_sc_hd__a211o_4)
                  0.07    0.40    4.58 v _46246_/X (sky130_fd_sc_hd__a211o_4)
     5    0.02                           _37012_ (net)
                  0.07    0.00    4.58 v _46297_/A (sky130_fd_sc_hd__and3_1)
                  0.07    0.20    4.78 v _46297_/X (sky130_fd_sc_hd__and3_1)
     2    0.01                           _37063_ (net)
                  0.07    0.00    4.78 v _46299_/A1 (sky130_fd_sc_hd__o211a_1)
                  0.07    0.28    5.06 v _46299_/X (sky130_fd_sc_hd__o211a_1)
     2    0.01                           _37065_ (net)
                  0.07    0.00    5.06 v _46360_/A2 (sky130_fd_sc_hd__o21a_1)
                  0.06    0.21    5.27 v _46360_/X (sky130_fd_sc_hd__o21a_1)
     2    0.01                           _37126_ (net)
                  0.06    0.00    5.27 v _46361_/B1 (sky130_fd_sc_hd__a211oi_2)
                  0.23    0.27    5.54 ^ _46361_/Y (sky130_fd_sc_hd__a211oi_2)
     3    0.01                           _37127_ (net)
                  0.23    0.00    5.54 ^ _46398_/A_N (sky130_fd_sc_hd__and4bb_4)
                  0.09    0.31    5.85 v _46398_/X (sky130_fd_sc_hd__and4bb_4)
     4    0.05                           _37164_ (net)
                  0.09    0.00    5.85 v _46437_/A (sky130_fd_sc_hd__or3_4)
                  0.15    0.54    6.39 v _46437_/X (sky130_fd_sc_hd__or3_4)
     4    0.07                           _37203_ (net)
                  0.15    0.01    6.40 v _46472_/A1 (sky130_fd_sc_hd__a21bo_4)
                  0.05    0.28    6.69 v _46472_/X (sky130_fd_sc_hd__a21bo_4)
     3    0.02                           _37238_ (net)
                  0.05    0.00    6.69 v _46527_/A1 (sky130_fd_sc_hd__a21bo_4)
                  0.06    0.25    6.93 v _46527_/X (sky130_fd_sc_hd__a21bo_4)
     2    0.02                           _37293_ (net)
                  0.06    0.00    6.93 v _46529_/A2 (sky130_fd_sc_hd__a21o_4)
                  0.05    0.25    7.19 v _46529_/X (sky130_fd_sc_hd__a21o_4)
     2    0.02                           _37295_ (net)
                  0.05    0.00    7.19 v _46531_/A2 (sky130_fd_sc_hd__a21bo_4)
                  0.07    0.26    7.45 v _46531_/X (sky130_fd_sc_hd__a21bo_4)
     3    0.03                           _37297_ (net)
                  0.07    0.00    7.45 v _46538_/A1 (sky130_fd_sc_hd__a211o_4)
                  0.09    0.40    7.85 v _46538_/X (sky130_fd_sc_hd__a211o_4)
     5    0.03                           _37304_ (net)
                  0.09    0.00    7.85 v _46554_/A2 (sky130_fd_sc_hd__a32oi_4)
                  0.25    0.31    8.16 ^ _46554_/Y (sky130_fd_sc_hd__a32oi_4)
     1    0.02                           _37320_ (net)
                  0.25    0.00    8.16 ^ wire198/A (sky130_fd_sc_hd__buf_6)
                  0.14    0.23    8.39 ^ wire198/X (sky130_fd_sc_hd__buf_6)
     3    0.07                           net198 (net)
                  0.14    0.01    8.41 ^ _47455_/A2 (sky130_fd_sc_hd__a21oi_4)
                  0.10    0.08    8.49 v _47455_/Y (sky130_fd_sc_hd__a21oi_4)
     3    0.01                           _38221_ (net)
                  0.10    0.00    8.49 v _47456_/C (sky130_fd_sc_hd__or3_4)
                  0.06    0.36    8.85 v _47456_/X (sky130_fd_sc_hd__or3_4)
     1    0.00                           _38222_ (net)
                  0.06    0.00    8.85 v _47458_/A (sky130_fd_sc_hd__and2_4)
                  0.08    0.20    9.04 v _47458_/X (sky130_fd_sc_hd__and2_4)
     1    0.04                           _38224_ (net)
                  0.08    0.01    9.05 v _47459_/A (sky130_fd_sc_hd__buf_8)
                  0.05    0.16    9.21 v _47459_/X (sky130_fd_sc_hd__buf_8)
     5    0.04                           _38225_ (net)
                  0.05    0.00    9.21 v _47631_/A (sky130_fd_sc_hd__and3_1)
                  0.08    0.19    9.41 v _47631_/X (sky130_fd_sc_hd__and3_1)
     4    0.01                           _38397_ (net)
                  0.08    0.00    9.41 v _47673_/C (sky130_fd_sc_hd__or4_4)
                  0.09    0.53    9.94 v _47673_/X (sky130_fd_sc_hd__or4_4)
     3    0.01                           _38439_ (net)
                  0.09    0.00    9.94 v _47898_/A (sky130_fd_sc_hd__and3_1)
                  0.09    0.23   10.17 v _47898_/X (sky130_fd_sc_hd__and3_1)
     3    0.02                           _38664_ (net)
                  0.09    0.00   10.17 v _47902_/A (sky130_fd_sc_hd__or3b_4)
                  0.08    0.45   10.62 v _47902_/X (sky130_fd_sc_hd__or3b_4)
     4    0.01                           _38668_ (net)
                  0.08    0.00   10.62 v _47940_/A1 (sky130_fd_sc_hd__a21o_1)
                  0.05    0.19   10.81 v _47940_/X (sky130_fd_sc_hd__a21o_1)
     2    0.01                           _38706_ (net)
                  0.05    0.00   10.81 v _47944_/B (sky130_fd_sc_hd__and3_1)
                  0.08    0.21   11.02 v _47944_/X (sky130_fd_sc_hd__and3_1)
     3    0.01                           _38710_ (net)
                  0.08    0.00   11.02 v _48021_/A (sky130_fd_sc_hd__or3_4)
                  0.08    0.44   11.46 v _48021_/X (sky130_fd_sc_hd__or3_4)
     3    0.02                           _38787_ (net)
                  0.08    0.00   11.47 v _48134_/A1 (sky130_fd_sc_hd__a21o_1)
                  0.06    0.20   11.67 v _48134_/X (sky130_fd_sc_hd__a21o_1)
     2    0.01                           _38900_ (net)
                  0.06    0.00   11.67 v _48136_/A2 (sky130_fd_sc_hd__a21o_1)
                  0.06    0.22   11.89 v _48136_/X (sky130_fd_sc_hd__a21o_1)
     2    0.01                           _38902_ (net)
                  0.06    0.00   11.89 v _48435_/A2 (sky130_fd_sc_hd__a21o_1)
                  0.06    0.22   12.11 v _48435_/X (sky130_fd_sc_hd__a21o_1)
     2    0.01                           _39201_ (net)
                  0.06    0.00   12.11 v _48443_/A2 (sky130_fd_sc_hd__a21o_1)
                  0.07    0.23   12.33 v _48443_/X (sky130_fd_sc_hd__a21o_1)
     2    0.01                           _39209_ (net)
                  0.07    0.00   12.33 v _48457_/A2 (sky130_fd_sc_hd__a21o_1)
                  0.05    0.21   12.54 v _48457_/X (sky130_fd_sc_hd__a21o_1)
     2    0.01                           _39223_ (net)
                  0.05    0.00   12.55 v _48459_/A2 (sky130_fd_sc_hd__a21o_1)
                  0.04    0.20   12.74 v _48459_/X (sky130_fd_sc_hd__a21o_1)
     2    0.01                           _39225_ (net)
                  0.04    0.00   12.74 v _48470_/A2 (sky130_fd_sc_hd__a21o_1)
                  0.06    0.21   12.95 v _48470_/X (sky130_fd_sc_hd__a21o_1)
     2    0.01                           _39236_ (net)
                  0.06    0.00   12.95 v _48471_/C (sky130_fd_sc_hd__and3_1)
                  0.06    0.21   13.16 v _48471_/X (sky130_fd_sc_hd__and3_1)
     1    0.01                           _39237_ (net)
                  0.06    0.00   13.16 v _48472_/A (sky130_fd_sc_hd__buf_6)
                  0.04    0.15   13.31 v _48472_/X (sky130_fd_sc_hd__buf_6)
     6    0.03                           _39238_ (net)
                  0.04    0.00   13.31 v _48477_/A1 (sky130_fd_sc_hd__o21ai_4)
                  0.14    0.18   13.49 ^ _48477_/Y (sky130_fd_sc_hd__o21ai_4)
     1    0.01                           _39243_ (net)
                  0.14    0.00   13.49 ^ _48478_/B (sky130_fd_sc_hd__nand2_4)
                  0.06    0.09   13.58 v _48478_/Y (sky130_fd_sc_hd__nand2_4)
     4    0.02                           _39244_ (net)
                  0.06    0.00   13.58 v _48739_/B1 (sky130_fd_sc_hd__a2111o_1)
                  0.12    0.48   14.06 v _48739_/X (sky130_fd_sc_hd__a2111o_1)
     3    0.02                           _39505_ (net)
                  0.12    0.00   14.06 v _48775_/A2 (sky130_fd_sc_hd__a21o_1)
                  0.06    0.25   14.31 v _48775_/X (sky130_fd_sc_hd__a21o_1)
     3    0.01                           _39541_ (net)
                  0.06    0.00   14.31 v _48776_/C (sky130_fd_sc_hd__and3_1)
                  0.09    0.25   14.56 v _48776_/X (sky130_fd_sc_hd__and3_1)
     3    0.02                           _39542_ (net)
                  0.09    0.00   14.56 v _48778_/A (sky130_fd_sc_hd__or3b_4)
                  0.11    0.49   15.05 v _48778_/X (sky130_fd_sc_hd__or3b_4)
     3    0.03                           _39544_ (net)
                  0.11    0.00   15.05 v _48785_/A (sky130_fd_sc_hd__and3_1)
                  0.06    0.20   15.26 v _48785_/X (sky130_fd_sc_hd__and3_1)
     2    0.01                           _39551_ (net)
                  0.06    0.00   15.26 v _48787_/A (sky130_fd_sc_hd__nor2b_1)
                  0.12    0.14   15.40 ^ _48787_/Y (sky130_fd_sc_hd__nor2b_1)
     1    0.00                           _39553_ (net)
                  0.12    0.00   15.40 ^ _48788_/B (sky130_fd_sc_hd__xor2_1)
                  0.20    0.23   15.63 ^ _48788_/X (sky130_fd_sc_hd__xor2_1)
     2    0.01                           _39554_ (net)
                  0.20    0.00   15.63 ^ _48789_/B (sky130_fd_sc_hd__xor2_1)
                  0.22    0.26   15.88 ^ _48789_/X (sky130_fd_sc_hd__xor2_1)
     2    0.01                           _39555_ (net)
                  0.22    0.00   15.88 ^ _48790_/B (sky130_fd_sc_hd__xnor2_1)
                  0.22    0.20   16.08 ^ _48790_/Y (sky130_fd_sc_hd__xnor2_1)
     2    0.01                           _39556_ (net)
                  0.22    0.00   16.08 ^ _49177_/A_N (sky130_fd_sc_hd__and2b_1)
                  0.04    0.22   16.30 v _49177_/X (sky130_fd_sc_hd__and2b_1)
     1    0.00                           _39943_ (net)
                  0.04    0.00   16.30 v _49178_/B1 (sky130_fd_sc_hd__a21oi_1)
                  0.19    0.18   16.49 ^ _49178_/Y (sky130_fd_sc_hd__a21oi_1)
     2    0.01                           _39944_ (net)
                  0.19    0.00   16.49 ^ _49179_/B (sky130_fd_sc_hd__or2_1)
                  0.12    0.20   16.69 ^ _49179_/X (sky130_fd_sc_hd__or2_1)
     3    0.01                           _39945_ (net)
                  0.12    0.00   16.69 ^ _49181_/A (sky130_fd_sc_hd__and2_2)
                  0.19    0.29   16.97 ^ _49181_/X (sky130_fd_sc_hd__and2_2)
     4    0.04                           _39947_ (net)
                  0.19    0.00   16.98 ^ _49182_/D (sky130_fd_sc_hd__and4_1)
                  0.12    0.28   17.26 ^ _49182_/X (sky130_fd_sc_hd__and4_1)
     1    0.01                           _39948_ (net)
                  0.12    0.00   17.26 ^ _49188_/A2 (sky130_fd_sc_hd__a211oi_4)
                  0.09    0.11   17.36 v _49188_/Y (sky130_fd_sc_hd__a211oi_4)
     3    0.02                           _39954_ (net)
                  0.09    0.00   17.36 v _52436_/B (sky130_fd_sc_hd__or4_4)
                  0.12    0.61   17.97 v _52436_/X (sky130_fd_sc_hd__or4_4)
     3    0.02                           _01212_ (net)
                  0.12    0.00   17.98 v _52446_/A2 (sky130_fd_sc_hd__o211a_4)
                  0.09    0.33   18.31 v _52446_/X (sky130_fd_sc_hd__o211a_4)
     4    0.05                           _01223_ (net)
                  0.09    0.01   18.31 v _52451_/A (sky130_fd_sc_hd__or4_4)
                  0.11    0.62   18.93 v _52451_/X (sky130_fd_sc_hd__or4_4)
     2    0.02                           _01228_ (net)
                  0.11    0.00   18.93 v _52457_/A2 (sky130_fd_sc_hd__a21oi_4)
                  0.22    0.27   19.20 ^ _52457_/Y (sky130_fd_sc_hd__a21oi_4)
     4    0.03                           _01235_ (net)
                  0.22    0.00   19.20 ^ _52648_/A2 (sky130_fd_sc_hd__a21boi_4)
                  0.08    0.12   19.32 v _52648_/Y (sky130_fd_sc_hd__a21boi_4)
     2    0.02                           _01445_ (net)
                  0.08    0.00   19.32 v _52654_/A2 (sky130_fd_sc_hd__o21ba_4)
                  0.05    0.23   19.56 v _52654_/X (sky130_fd_sc_hd__o21ba_4)
     1    0.01                           _01452_ (net)
                  0.05    0.00   19.56 v _52655_/B (sky130_fd_sc_hd__xor2_4)
                  0.34    0.33   19.88 ^ _52655_/X (sky130_fd_sc_hd__xor2_4)
     3    0.04                           _01453_ (net)
                  0.34    0.01   19.89 ^ _52658_/A (sky130_fd_sc_hd__xor2_2)
                  0.17    0.23   20.11 ^ _52658_/X (sky130_fd_sc_hd__xor2_2)
     3    0.01                           _01456_ (net)
                  0.17    0.00   20.11 ^ _52664_/A (sky130_fd_sc_hd__nand2_1)
                  0.07    0.10   20.21 v _52664_/Y (sky130_fd_sc_hd__nand2_1)
     1    0.01                           _01463_ (net)
                  0.07    0.00   20.21 v _52665_/B1 (sky130_fd_sc_hd__o2bb2a_1)
                  0.10    0.37   20.58 v _52665_/X (sky130_fd_sc_hd__o2bb2a_1)
     3    0.01                           _01464_ (net)
                  0.10    0.00   20.58 v _52692_/A2 (sky130_fd_sc_hd__a2111o_4)
                  0.10    0.58   21.17 v _52692_/X (sky130_fd_sc_hd__a2111o_4)
     5    0.03                           _01493_ (net)
                  0.10    0.00   21.17 v _52704_/A1 (sky130_fd_sc_hd__a211o_4)
                  0.12    0.44   21.61 v _52704_/X (sky130_fd_sc_hd__a211o_4)
     4    0.05                           _01507_ (net)
                  0.12    0.01   21.62 v _52862_/A2 (sky130_fd_sc_hd__a2111oi_4)
                  0.26    0.40   22.02 ^ _52862_/Y (sky130_fd_sc_hd__a2111oi_4)
     1    0.01                           _01679_ (net)
                  0.26    0.00   22.02 ^ wire3/A (sky130_fd_sc_hd__clkbuf_1)
                  0.08    0.16   22.18 ^ wire3/X (sky130_fd_sc_hd__clkbuf_1)
     2    0.01                           net422 (net)
                  0.08    0.00   22.18 ^ max_cap2/A (sky130_fd_sc_hd__clkbuf_1)
                  0.08    0.12   22.30 ^ max_cap2/X (sky130_fd_sc_hd__clkbuf_1)
     1    0.01                           net421 (net)
                  0.08    0.00   22.30 ^ max_cap122/A (sky130_fd_sc_hd__buf_6)
                  0.05    0.12   22.42 ^ max_cap122/X (sky130_fd_sc_hd__buf_6)
     4    0.02                           net122 (net)
                  0.05    0.00   22.42 ^ _52915_/A (sky130_fd_sc_hd__and2_4)
                  0.05    0.15   22.57 ^ _52915_/X (sky130_fd_sc_hd__and2_4)
     2    0.01                           _01738_ (net)
                  0.05    0.00   22.57 ^ _52919_/A1_N (sky130_fd_sc_hd__a2bb2o_4)
                  0.05    0.23   22.80 v _52919_/X (sky130_fd_sc_hd__a2bb2o_4)
     2    0.01                           _01742_ (net)
                  0.05    0.00   22.80 v _52932_/B (sky130_fd_sc_hd__nor4_4)
                  0.52    0.53   23.34 ^ _52932_/Y (sky130_fd_sc_hd__nor4_4)
     2    0.03                           _01756_ (net)
                  0.52    0.00   23.34 ^ wire119/A (sky130_fd_sc_hd__buf_6)
                  0.05    0.20   23.54 ^ wire119/X (sky130_fd_sc_hd__buf_6)
     4    0.02                           net119 (net)
                  0.05    0.00   23.54 ^ rebuffer3/A (sky130_fd_sc_hd__buf_6)
                  0.03    0.10   23.64 ^ rebuffer3/X (sky130_fd_sc_hd__buf_6)
     1    0.01                           net331 (net)
                  0.03    0.00   23.64 ^ _53130_/A1 (sky130_fd_sc_hd__a21oi_4)
                  0.08    0.05   23.69 v _53130_/Y (sky130_fd_sc_hd__a21oi_4)
     2    0.01                           _01973_ (net)
                  0.08    0.00   23.69 v _53131_/B1 (sky130_fd_sc_hd__a21oi_4)
                  0.29    0.28   23.97 ^ _53131_/Y (sky130_fd_sc_hd__a21oi_4)
     4    0.04                           _01974_ (net)
                  0.29    0.00   23.98 ^ rebuffer33/A (sky130_fd_sc_hd__buf_6)
                  0.04    0.16   24.13 ^ rebuffer33/X (sky130_fd_sc_hd__buf_6)
     1    0.01                           net361 (net)
                  0.04    0.00   24.13 ^ _53132_/B (sky130_fd_sc_hd__xor2_2)
                  0.19    0.20   24.34 ^ _53132_/X (sky130_fd_sc_hd__xor2_2)
     4    0.01                           _01975_ (net)
                  0.19    0.00   24.34 ^ rebuffer83/A (sky130_fd_sc_hd__clkbuf_1)
                  0.07    0.14   24.47 ^ rebuffer83/X (sky130_fd_sc_hd__clkbuf_1)
     1    0.01                           net411 (net)
                  0.07    0.00   24.47 ^ _53134_/A2 (sky130_fd_sc_hd__o21ai_2)
                  0.05    0.07   24.54 v _53134_/Y (sky130_fd_sc_hd__o21ai_2)
     2    0.01                           _01978_ (net)
                  0.05    0.00   24.54 v _53138_/A1 (sky130_fd_sc_hd__a21o_1)
                  0.05    0.18   24.72 v _53138_/X (sky130_fd_sc_hd__a21o_1)
     2    0.01                           _01982_ (net)
                  0.05    0.00   24.72 v _53140_/A2 (sky130_fd_sc_hd__a21o_1)
                  0.05    0.21   24.93 v _53140_/X (sky130_fd_sc_hd__a21o_1)
     2    0.01                           _01984_ (net)
                  0.05    0.00   24.93 v _53148_/A2 (sky130_fd_sc_hd__a31o_1)
                  0.06    0.24   25.17 v _53148_/X (sky130_fd_sc_hd__a31o_1)
     2    0.01                           _01993_ (net)
                  0.06    0.00   25.17 v _53150_/A2 (sky130_fd_sc_hd__a21oi_2)
                  0.15    0.19   25.36 ^ _53150_/Y (sky130_fd_sc_hd__a21oi_2)
     2    0.01                           _01995_ (net)
                  0.15    0.00   25.36 ^ _53152_/A2 (sky130_fd_sc_hd__o21ai_2)
                  0.09    0.13   25.49 v _53152_/Y (sky130_fd_sc_hd__o21ai_2)
     3    0.02                           _01997_ (net)
                  0.09    0.00   25.49 v _53159_/B2 (sky130_fd_sc_hd__a221o_1)
                  0.10    0.41   25.90 v _53159_/X (sky130_fd_sc_hd__a221o_1)
     3    0.01                           _02005_ (net)
                  0.10    0.00   25.90 v _53194_/A1 (sky130_fd_sc_hd__a221o_2)
                  0.09    0.44   26.34 v _53194_/X (sky130_fd_sc_hd__a221o_2)
     3    0.02                           _02044_ (net)
                  0.09    0.00   26.34 v _53203_/B2 (sky130_fd_sc_hd__a221o_2)
                  0.08    0.43   26.77 v _53203_/X (sky130_fd_sc_hd__a221o_2)
     3    0.01                           _02054_ (net)
                  0.08    0.00   26.78 v _53242_/A1 (sky130_fd_sc_hd__a41o_4)
                  0.07    0.27   27.04 v _53242_/X (sky130_fd_sc_hd__a41o_4)
     4    0.03                           _02096_ (net)
                  0.07    0.00   27.04 v _53249_/B2 (sky130_fd_sc_hd__a221o_1)
                  0.10    0.40   27.44 v _53249_/X (sky130_fd_sc_hd__a221o_1)
     2    0.01                           _02104_ (net)
                  0.10    0.00   27.44 v _53333_/A (sky130_fd_sc_hd__xnor2_2)
                  0.10    0.21   27.65 v _53333_/Y (sky130_fd_sc_hd__xnor2_2)
     4    0.02                           _02197_ (net)
                  0.10    0.00   27.65 v _53337_/B1 (sky130_fd_sc_hd__a2111o_1)
                  0.06    0.42   28.07 v _53337_/X (sky130_fd_sc_hd__a2111o_1)
     1    0.00                           _02201_ (net)
                  0.06    0.00   28.07 v _53338_/B1 (sky130_fd_sc_hd__a41o_1)
                  0.04    0.21   28.28 v _53338_/X (sky130_fd_sc_hd__a41o_1)
     1    0.00                           _02202_ (net)
                  0.04    0.00   28.28 v _53339_/B (sky130_fd_sc_hd__nor2_1)
                  0.11    0.11   28.40 ^ _53339_/Y (sky130_fd_sc_hd__nor2_1)
     1    0.01                           _02203_ (net)
                  0.11    0.00   28.40 ^ _53340_/D (sky130_fd_sc_hd__and4_1)
                  0.08    0.23   28.63 ^ _53340_/X (sky130_fd_sc_hd__and4_1)
     1    0.01                           _02204_ (net)
                  0.08    0.00   28.63 ^ _53341_/A (sky130_fd_sc_hd__nand2_2)
                  0.09    0.09   28.72 v _53341_/Y (sky130_fd_sc_hd__nand2_2)
     3    0.02                           _02205_ (net)
                  0.09    0.00   28.72 v _53342_/A (sky130_fd_sc_hd__buf_6)
                  0.06    0.18   28.90 v _53342_/X (sky130_fd_sc_hd__buf_6)
     6    0.05                           _02206_ (net)
                  0.06    0.00   28.90 v split49/A (sky130_fd_sc_hd__buf_8)
                  0.05    0.16   29.06 v split49/X (sky130_fd_sc_hd__buf_8)
     5    0.05                           net377 (net)
                  0.05    0.00   29.06 v _53521_/B (sky130_fd_sc_hd__and3_1)
                  0.07    0.20   29.27 v _53521_/X (sky130_fd_sc_hd__and3_1)
     3    0.01                           _02376_ (net)
                  0.07    0.00   29.27 v _53528_/A2 (sky130_fd_sc_hd__o21ai_1)
                  0.14    0.16   29.43 ^ _53528_/Y (sky130_fd_sc_hd__o21ai_1)
     1    0.01                           _02383_ (net)
                  0.14    0.00   29.43 ^ _53529_/B1 (sky130_fd_sc_hd__a21o_1)
                  0.06    0.12   29.55 ^ _53529_/X (sky130_fd_sc_hd__a21o_1)
     1    0.01                           _02384_ (net)
                  0.06    0.00   29.55 ^ _53530_/A (sky130_fd_sc_hd__nand2_1)
                  0.05    0.06   29.60 v _53530_/Y (sky130_fd_sc_hd__nand2_1)
     1    0.00                           _02385_ (net)
                  0.05    0.00   29.60 v _53531_/A0 (sky130_fd_sc_hd__mux2_4)
                  0.05    0.28   29.88 v _53531_/X (sky130_fd_sc_hd__mux2_4)
     1    0.00                           _02386_ (net)
                  0.05    0.00   29.88 v _53532_/A (sky130_fd_sc_hd__clkbuf_1)
                  0.04    0.10   29.99 v _53532_/X (sky130_fd_sc_hd__clkbuf_1)
     1    0.00                           _00030_ (net)
                  0.04    0.00   29.99 v _85193_/D (sky130_fd_sc_hd__dfrtp_4)
                                 29.99   data arrival time

                         10.00   10.00   clock clk (rise edge)
                          0.00   10.00   clock source latency
                  0.79    0.53   10.53 ^ clk (in)
     2    0.18                           clk (net)
                  0.79    0.00   10.53 ^ clkbuf_0_clk/A (sky130_fd_sc_hd__clkbuf_16)
                  0.18    0.37   10.89 ^ clkbuf_0_clk/X (sky130_fd_sc_hd__clkbuf_16)
     8    0.16                           clknet_0_clk (net)
                  0.18    0.01   10.90 ^ clkbuf_2_2_0_clk/A (sky130_fd_sc_hd__clkbuf_8)
                  0.09    0.20   11.10 ^ clkbuf_2_2_0_clk/X (sky130_fd_sc_hd__clkbuf_8)
     2    0.05                           clknet_2_2_0_clk (net)
                  0.09    0.00   11.10 ^ clkbuf_3_4__f_clk/A (sky130_fd_sc_hd__clkbuf_16)
                  0.16    0.23   11.33 ^ clkbuf_3_4__f_clk/X (sky130_fd_sc_hd__clkbuf_16)
    11    0.15                           clknet_3_4__leaf_clk (net)
                  0.16    0.01   11.33 ^ _85193_/CLK (sky130_fd_sc_hd__dfrtp_4)
                         -0.25   11.08   clock uncertainty
                          0.09   11.18   clock reconvergence pessimism
                         -0.08   11.10   library setup time
                                 11.10   data required time
-----------------------------------------------------------------------------
                                 11.10   data required time
                                -29.99   data arrival time
-----------------------------------------------------------------------------
                                -18.89   slack (VIOLATED)




===========================================================================
report_checks --slack_max -0.01
============================================================================
======================= Fastest Corner ===================================

Startpoint: _85200_ (rising edge-triggered flip-flop clocked by clk)
Endpoint: _85229_ (rising edge-triggered flip-flop clocked by clk)
Path Group: clk
Path Type: max
Corner: Fastest

Fanout     Cap    Slew   Delay    Time   Description
-----------------------------------------------------------------------------
                          0.00    0.00   clock clk (rise edge)
                          0.00    0.00   clock source latency
                  0.59    0.44    0.44 ^ clk (in)
     2    0.18                           clk (net)
                  0.60    0.00    0.44 ^ clkbuf_0_clk/A (sky130_fd_sc_hd__clkbuf_16)
                  0.14    0.23    0.67 ^ clkbuf_0_clk/X (sky130_fd_sc_hd__clkbuf_16)
     8    0.16                           clknet_0_clk (net)
                  0.14    0.01    0.68 ^ clkbuf_2_0_0_clk/A (sky130_fd_sc_hd__clkbuf_8)
                  0.07    0.15    0.83 ^ clkbuf_2_0_0_clk/X (sky130_fd_sc_hd__clkbuf_8)
     2    0.05                           clknet_2_0_0_clk (net)
                  0.07    0.00    0.83 ^ clkbuf_3_1__f_clk/A (sky130_fd_sc_hd__clkbuf_16)
                  0.21    0.23    1.06 ^ clkbuf_3_1__f_clk/X (sky130_fd_sc_hd__clkbuf_16)
    17    0.26                           clknet_3_1__leaf_clk (net)
                  0.21    0.01    1.07 ^ clkbuf_leaf_93_clk/A (sky130_fd_sc_hd__clkbuf_16)
                  0.03    0.12    1.19 ^ clkbuf_leaf_93_clk/X (sky130_fd_sc_hd__clkbuf_16)
     5    0.02                           clknet_leaf_93_clk (net)
                  0.03    0.00    1.19 ^ _85200_/CLK (sky130_fd_sc_hd__dfrtp_1)
                  0.15    0.30    1.49 ^ _85200_/Q (sky130_fd_sc_hd__dfrtp_1)
     4    0.02                           stage8_inst.in1[2] (net)
                  0.15    0.00    1.49 ^ _42655_/A (sky130_fd_sc_hd__clkbuf_4)
                  0.10    0.17    1.67 ^ _42655_/X (sky130_fd_sc_hd__clkbuf_4)
    10    0.04                           _42267_ (net)
                  0.10    0.00    1.67 ^ _42656_/A (sky130_fd_sc_hd__clkbuf_4)
                  0.13    0.18    1.85 ^ _42656_/X (sky130_fd_sc_hd__clkbuf_4)
    10    0.05                           _42278_ (net)
                  0.13    0.00    1.85 ^ _42657_/A (sky130_fd_sc_hd__buf_4)
                  0.16    0.20    2.05 ^ _42657_/X (sky130_fd_sc_hd__buf_4)
    10    0.08                           _42289_ (net)
                  0.16    0.00    2.05 ^ _46216_/B (sky130_fd_sc_hd__nand2_1)
                  0.05    0.05    2.10 v _46216_/Y (sky130_fd_sc_hd__nand2_1)
     1    0.00                           _36982_ (net)
                  0.05    0.00    2.10 v _46218_/A (sky130_fd_sc_hd__xnor2_1)
                  0.28    0.27    2.37 ^ _46218_/Y (sky130_fd_sc_hd__xnor2_1)
     2    0.02                           _36984_ (net)
                  0.28    0.00    2.37 ^ _46220_/B (sky130_fd_sc_hd__xor2_2)
                  0.17    0.16    2.53 ^ _46220_/X (sky130_fd_sc_hd__xor2_2)
     2    0.02                           _36986_ (net)
                  0.17    0.00    2.53 ^ _46243_/A (sky130_fd_sc_hd__xor2_2)
                  0.16    0.16    2.69 ^ _46243_/X (sky130_fd_sc_hd__xor2_2)
     3    0.02                           _37009_ (net)
                  0.16    0.00    2.69 ^ _46244_/C (sky130_fd_sc_hd__nand3_2)
                  0.07    0.07    2.76 v _46244_/Y (sky130_fd_sc_hd__nand3_2)
     2    0.01                           _37010_ (net)
                  0.07    0.00    2.76 v _46246_/A2 (sky130_fd_sc_hd__a211o_4)
                  0.05    0.25    3.01 v _46246_/X (sky130_fd_sc_hd__a211o_4)
     5    0.02                           _37012_ (net)
                  0.05    0.00    3.01 v _46297_/A (sky130_fd_sc_hd__and3_1)
                  0.05    0.13    3.14 v _46297_/X (sky130_fd_sc_hd__and3_1)
     2    0.01                           _37063_ (net)
                  0.05    0.00    3.14 v _46299_/A1 (sky130_fd_sc_hd__o211a_1)
                  0.05    0.18    3.31 v _46299_/X (sky130_fd_sc_hd__o211a_1)
     2    0.01                           _37065_ (net)
                  0.05    0.00    3.31 v _46300_/C (sky130_fd_sc_hd__nor3_2)
                  0.18    0.15    3.47 ^ _46300_/Y (sky130_fd_sc_hd__nor3_2)
     3    0.01                           _37066_ (net)
                  0.18    0.00    3.47 ^ _46362_/A1 (sky130_fd_sc_hd__o211a_1)
                  0.06    0.13    3.60 ^ _46362_/X (sky130_fd_sc_hd__o211a_1)
     2    0.01                           _37128_ (net)
                  0.06    0.00    3.60 ^ _46398_/B_N (sky130_fd_sc_hd__and4bb_4)
                  0.07    0.20    3.81 v _46398_/X (sky130_fd_sc_hd__and4bb_4)
     4    0.05                           _37164_ (net)
                  0.07    0.00    3.81 v _46437_/A (sky130_fd_sc_hd__or3_4)
                  0.11    0.34    4.14 v _46437_/X (sky130_fd_sc_hd__or3_4)
     4    0.07                           _37203_ (net)
                  0.11    0.01    4.16 v _46472_/A1 (sky130_fd_sc_hd__a21bo_4)
                  0.04    0.18    4.34 v _46472_/X (sky130_fd_sc_hd__a21bo_4)
     3    0.02                           _37238_ (net)
                  0.04    0.00    4.34 v _46527_/A1 (sky130_fd_sc_hd__a21bo_4)
                  0.04    0.16    4.50 v _46527_/X (sky130_fd_sc_hd__a21bo_4)
     2    0.02                           _37293_ (net)
                  0.04    0.00    4.50 v _46529_/A2 (sky130_fd_sc_hd__a21o_4)
                  0.04    0.16    4.67 v _46529_/X (sky130_fd_sc_hd__a21o_4)
     2    0.02                           _37295_ (net)
                  0.04    0.00    4.67 v _46531_/A2 (sky130_fd_sc_hd__a21bo_4)
                  0.05    0.17    4.84 v _46531_/X (sky130_fd_sc_hd__a21bo_4)
     3    0.03                           _37297_ (net)
                  0.05    0.00    4.84 v _46538_/A1 (sky130_fd_sc_hd__a211o_4)
                  0.07    0.26    5.10 v _46538_/X (sky130_fd_sc_hd__a211o_4)
     5    0.03                           _37304_ (net)
                  0.07    0.00    5.10 v _46554_/A2 (sky130_fd_sc_hd__a32oi_4)
                  0.14    0.17    5.27 ^ _46554_/Y (sky130_fd_sc_hd__a32oi_4)
     1    0.02                           _37320_ (net)
                  0.14    0.00    5.27 ^ wire198/A (sky130_fd_sc_hd__buf_6)
                  0.11    0.14    5.40 ^ wire198/X (sky130_fd_sc_hd__buf_6)
     3    0.07                           net198 (net)
                  0.11    0.01    5.42 ^ _47455_/A2 (sky130_fd_sc_hd__a21oi_4)
                  0.07    0.05    5.47 v _47455_/Y (sky130_fd_sc_hd__a21oi_4)
     3    0.01                           _38221_ (net)
                  0.07    0.00    5.47 v _47456_/C (sky130_fd_sc_hd__or3_4)
                  0.04    0.21    5.68 v _47456_/X (sky130_fd_sc_hd__or3_4)
     1    0.00                           _38222_ (net)
                  0.04    0.00    5.68 v _47458_/A (sky130_fd_sc_hd__and2_4)
                  0.06    0.13    5.81 v _47458_/X (sky130_fd_sc_hd__and2_4)
     1    0.04                           _38224_ (net)
                  0.06    0.01    5.81 v _47459_/A (sky130_fd_sc_hd__buf_8)
                  0.03    0.11    5.92 v _47459_/X (sky130_fd_sc_hd__buf_8)
     5    0.04                           _38225_ (net)
                  0.03    0.00    5.93 v _47631_/A (sky130_fd_sc_hd__and3_1)
                  0.06    0.13    6.05 v _47631_/X (sky130_fd_sc_hd__and3_1)
     4    0.01                           _38397_ (net)
                  0.06    0.00    6.05 v _47673_/C (sky130_fd_sc_hd__or4_4)
                  0.07    0.32    6.37 v _47673_/X (sky130_fd_sc_hd__or4_4)
     3    0.01                           _38439_ (net)
                  0.07    0.00    6.37 v _47898_/A (sky130_fd_sc_hd__and3_1)
                  0.07    0.15    6.52 v _47898_/X (sky130_fd_sc_hd__and3_1)
     3    0.02                           _38664_ (net)
                  0.07    0.00    6.52 v _47902_/A (sky130_fd_sc_hd__or3b_4)
                  0.06    0.27    6.79 v _47902_/X (sky130_fd_sc_hd__or3b_4)
     4    0.01                           _38668_ (net)
                  0.06    0.00    6.79 v _47940_/A1 (sky130_fd_sc_hd__a21o_1)
                  0.03    0.12    6.91 v _47940_/X (sky130_fd_sc_hd__a21o_1)
     2    0.01                           _38706_ (net)
                  0.03    0.00    6.91 v _47944_/B (sky130_fd_sc_hd__and3_1)
                  0.06    0.14    7.05 v _47944_/X (sky130_fd_sc_hd__and3_1)
     3    0.01                           _38710_ (net)
                  0.06    0.00    7.05 v _48021_/A (sky130_fd_sc_hd__or3_4)
                  0.06    0.27    7.32 v _48021_/X (sky130_fd_sc_hd__or3_4)
     3    0.02                           _38787_ (net)
                  0.06    0.00    7.32 v _48134_/A1 (sky130_fd_sc_hd__a21o_1)
                  0.04    0.13    7.45 v _48134_/X (sky130_fd_sc_hd__a21o_1)
     2    0.01                           _38900_ (net)
                  0.04    0.00    7.45 v _48136_/A2 (sky130_fd_sc_hd__a21o_1)
                  0.04    0.14    7.59 v _48136_/X (sky130_fd_sc_hd__a21o_1)
     2    0.01                           _38902_ (net)
                  0.04    0.00    7.59 v _48435_/A2 (sky130_fd_sc_hd__a21o_1)
                  0.05    0.14    7.74 v _48435_/X (sky130_fd_sc_hd__a21o_1)
     2    0.01                           _39201_ (net)
                  0.05    0.00    7.74 v _48443_/A2 (sky130_fd_sc_hd__a21o_1)
                  0.05    0.15    7.89 v _48443_/X (sky130_fd_sc_hd__a21o_1)
     2    0.01                           _39209_ (net)
                  0.05    0.00    7.89 v _48457_/A2 (sky130_fd_sc_hd__a21o_1)
                  0.04    0.14    8.03 v _48457_/X (sky130_fd_sc_hd__a21o_1)
     2    0.01                           _39223_ (net)
                  0.04    0.00    8.03 v _48459_/A2 (sky130_fd_sc_hd__a21o_1)
                  0.03    0.13    8.15 v _48459_/X (sky130_fd_sc_hd__a21o_1)
     2    0.01                           _39225_ (net)
                  0.03    0.00    8.15 v _48470_/A2 (sky130_fd_sc_hd__a21o_1)
                  0.04    0.13    8.29 v _48470_/X (sky130_fd_sc_hd__a21o_1)
     2    0.01                           _39236_ (net)
                  0.04    0.00    8.29 v _48471_/C (sky130_fd_sc_hd__and3_1)
                  0.04    0.14    8.43 v _48471_/X (sky130_fd_sc_hd__and3_1)
     1    0.01                           _39237_ (net)
                  0.04    0.00    8.43 v _48472_/A (sky130_fd_sc_hd__buf_6)
                  0.03    0.10    8.52 v _48472_/X (sky130_fd_sc_hd__buf_6)
     6    0.03                           _39238_ (net)
                  0.03    0.00    8.52 v _48476_/A (sky130_fd_sc_hd__or3_4)
                  0.07    0.28    8.81 v _48476_/X (sky130_fd_sc_hd__or3_4)
     5    0.03                           _39242_ (net)
                  0.07    0.00    8.81 v _48478_/A (sky130_fd_sc_hd__nand2_4)
                  0.06    0.08    8.89 ^ _48478_/Y (sky130_fd_sc_hd__nand2_4)
     4    0.02                           _39244_ (net)
                  0.06    0.00    8.89 ^ _48717_/C (sky130_fd_sc_hd__nand3_4)
                  0.08    0.06    8.94 v _48717_/Y (sky130_fd_sc_hd__nand3_4)
     3    0.01                           _39483_ (net)
                  0.08    0.00    8.95 v _48718_/A (sky130_fd_sc_hd__and2_4)
                  0.03    0.12    9.06 v _48718_/X (sky130_fd_sc_hd__and2_4)
     1    0.01                           _39484_ (net)
                  0.03    0.00    9.06 v _48719_/A (sky130_fd_sc_hd__buf_12)
                  0.04    0.10    9.17 v _48719_/X (sky130_fd_sc_hd__buf_12)
     8    0.07                           _39485_ (net)
                  0.04    0.00    9.17 v _51937_/C (sky130_fd_sc_hd__and3_4)
                  0.05    0.15    9.32 v _51937_/X (sky130_fd_sc_hd__and3_4)
     6    0.03                           _00665_ (net)
                  0.05    0.00    9.32 v _52108_/B1_N (sky130_fd_sc_hd__o21bai_4)
                  0.05    0.12    9.43 v _52108_/Y (sky130_fd_sc_hd__o21bai_4)
     2    0.01                           _00853_ (net)
                  0.05    0.00    9.43 v _52121_/A2 (sky130_fd_sc_hd__a21o_1)
                  0.04    0.15    9.58 v _52121_/X (sky130_fd_sc_hd__a21o_1)
     3    0.01                           _00867_ (net)
                  0.04    0.00    9.58 v _52134_/A2 (sky130_fd_sc_hd__a21o_1)
                  0.03    0.13    9.71 v _52134_/X (sky130_fd_sc_hd__a21o_1)
     2    0.01                           _00881_ (net)
                  0.03    0.00    9.71 v _52135_/C (sky130_fd_sc_hd__and3_1)
                  0.05    0.15    9.86 v _52135_/X (sky130_fd_sc_hd__and3_1)
     3    0.01                           _00882_ (net)
                  0.05    0.00    9.86 v _52161_/A (sky130_fd_sc_hd__or3_4)
                  0.05    0.26   10.12 v _52161_/X (sky130_fd_sc_hd__or3_4)
     4    0.01                           _00910_ (net)
                  0.05    0.00   10.12 v _52170_/B (sky130_fd_sc_hd__and3_4)
                  0.04    0.14   10.26 v _52170_/X (sky130_fd_sc_hd__and3_4)
     4    0.02                           _00920_ (net)
                  0.04    0.00   10.26 v _52203_/A (sky130_fd_sc_hd__or3_4)
                  0.06    0.26   10.52 v _52203_/X (sky130_fd_sc_hd__or3_4)
     3    0.01                           _00957_ (net)
                  0.06    0.00   10.52 v _52214_/A1 (sky130_fd_sc_hd__a21o_1)
                  0.04    0.13   10.64 v _52214_/X (sky130_fd_sc_hd__a21o_1)
     2    0.01                           _00969_ (net)
                  0.04    0.00   10.64 v _52244_/A2 (sky130_fd_sc_hd__a21o_1)
                  0.04    0.13   10.78 v _52244_/X (sky130_fd_sc_hd__a21o_1)
     2    0.01                           _01002_ (net)
                  0.04    0.00   10.78 v _52342_/A2 (sky130_fd_sc_hd__a21o_1)
                  0.03    0.13   10.90 v _52342_/X (sky130_fd_sc_hd__a21o_1)
     2    0.01                           _01109_ (net)
                  0.03    0.00   10.90 v _52346_/B (sky130_fd_sc_hd__and3_1)
                  0.04    0.12   11.03 v _52346_/X (sky130_fd_sc_hd__and3_1)
     2    0.01                           _01114_ (net)
                  0.04    0.00   11.03 v _52347_/B (sky130_fd_sc_hd__or2_4)
                  0.05    0.18   11.21 v _52347_/X (sky130_fd_sc_hd__or2_4)
     4    0.03                           _01115_ (net)
                  0.05    0.00   11.21 v _52441_/B (sky130_fd_sc_hd__or4_4)
                  0.06    0.33   11.54 v _52441_/X (sky130_fd_sc_hd__or4_4)
     1    0.01                           _01217_ (net)
                  0.06    0.00   11.54 v _52446_/B1 (sky130_fd_sc_hd__o211a_4)
                  0.07    0.14   11.67 v _52446_/X (sky130_fd_sc_hd__o211a_4)
     4    0.05                           _01223_ (net)
                  0.07    0.01   11.68 v _52451_/A (sky130_fd_sc_hd__or4_4)
                  0.07    0.37   12.05 v _52451_/X (sky130_fd_sc_hd__or4_4)
     2    0.02                           _01228_ (net)
                  0.07    0.00   12.05 v _52457_/A2 (sky130_fd_sc_hd__a21oi_4)
                  0.16    0.19   12.24 ^ _52457_/Y (sky130_fd_sc_hd__a21oi_4)
     4    0.03                           _01235_ (net)
                  0.16    0.00   12.24 ^ _52648_/A2 (sky130_fd_sc_hd__a21boi_4)
                  0.06    0.06   12.31 v _52648_/Y (sky130_fd_sc_hd__a21boi_4)
     2    0.02                           _01445_ (net)
                  0.06    0.00   12.31 v _52654_/A2 (sky130_fd_sc_hd__o21ba_4)
                  0.04    0.15   12.46 v _52654_/X (sky130_fd_sc_hd__o21ba_4)
     1    0.01                           _01452_ (net)
                  0.04    0.00   12.46 v _52655_/B (sky130_fd_sc_hd__xor2_4)
                  0.26    0.24   12.69 ^ _52655_/X (sky130_fd_sc_hd__xor2_4)
     3    0.04                           _01453_ (net)
                  0.26    0.01   12.70 ^ _52658_/A (sky130_fd_sc_hd__xor2_2)
                  0.13    0.13   12.83 ^ _52658_/X (sky130_fd_sc_hd__xor2_2)
     3    0.01                           _01456_ (net)
                  0.13    0.00   12.83 ^ _52664_/A (sky130_fd_sc_hd__nand2_1)
                  0.05    0.05   12.88 v _52664_/Y (sky130_fd_sc_hd__nand2_1)
     1    0.01                           _01463_ (net)
                  0.05    0.00   12.88 v _52665_/B1 (sky130_fd_sc_hd__o2bb2a_1)
                  0.07    0.23   13.11 v _52665_/X (sky130_fd_sc_hd__o2bb2a_1)
     3    0.01                           _01464_ (net)
                  0.07    0.00   13.11 v _52692_/A2 (sky130_fd_sc_hd__a2111o_4)
                  0.07    0.37   13.48 v _52692_/X (sky130_fd_sc_hd__a2111o_4)
     5    0.03                           _01493_ (net)
                  0.07    0.00   13.48 v _52704_/A1 (sky130_fd_sc_hd__a211o_4)
                  0.09    0.28   13.76 v _52704_/X (sky130_fd_sc_hd__a211o_4)
     4    0.05                           _01507_ (net)
                  0.09    0.01   13.77 v _52862_/A2 (sky130_fd_sc_hd__a2111oi_4)
                  0.19    0.27   14.04 ^ _52862_/Y (sky130_fd_sc_hd__a2111oi_4)
     1    0.01                           _01679_ (net)
                  0.19    0.00   14.04 ^ wire3/A (sky130_fd_sc_hd__clkbuf_1)
                  0.06    0.08   14.12 ^ wire3/X (sky130_fd_sc_hd__clkbuf_1)
     2    0.01                           net422 (net)
                  0.06    0.00   14.12 ^ max_cap2/A (sky130_fd_sc_hd__clkbuf_1)
                  0.06    0.08   14.20 ^ max_cap2/X (sky130_fd_sc_hd__clkbuf_1)
     1    0.01                           net421 (net)
                  0.06    0.00   14.20 ^ max_cap122/A (sky130_fd_sc_hd__buf_6)
                  0.04    0.08   14.28 ^ max_cap122/X (sky130_fd_sc_hd__buf_6)
     4    0.02                           net122 (net)
                  0.04    0.00   14.28 ^ _52911_/A (sky130_fd_sc_hd__nand3_4)
                  0.07    0.06   14.35 v _52911_/Y (sky130_fd_sc_hd__nand3_4)
     3    0.02                           _01733_ (net)
                  0.07    0.00   14.35 v _52914_/A (sky130_fd_sc_hd__xor2_2)
                  0.07    0.15   14.50 v _52914_/X (sky130_fd_sc_hd__xor2_2)
     2    0.01                           _01737_ (net)
                  0.07    0.00   14.50 v _52932_/A (sky130_fd_sc_hd__nor4_4)
                  0.38    0.39   14.89 ^ _52932_/Y (sky130_fd_sc_hd__nor4_4)
     2    0.03                           _01756_ (net)
                  0.38    0.00   14.89 ^ wire119/A (sky130_fd_sc_hd__buf_6)
                  0.04    0.09   14.98 ^ wire119/X (sky130_fd_sc_hd__buf_6)
     4    0.02                           net119 (net)
                  0.04    0.00   14.98 ^ max_cap118/A (sky130_fd_sc_hd__buf_4)
                  0.06    0.11   15.09 ^ max_cap118/X (sky130_fd_sc_hd__buf_4)
     6    0.03                           net118 (net)
                  0.06    0.00   15.09 ^ _52998_/A (sky130_fd_sc_hd__nand2_4)
                  0.07    0.05   15.14 v _52998_/Y (sky130_fd_sc_hd__nand2_4)
     4    0.03                           _01829_ (net)
                  0.07    0.00   15.14 v _52999_/B (sky130_fd_sc_hd__xnor2_4)
                  0.22    0.22   15.36 ^ _52999_/Y (sky130_fd_sc_hd__xnor2_4)
     3    0.03                           _01830_ (net)
                  0.22    0.00   15.36 ^ _53001_/B (sky130_fd_sc_hd__nand2_1)
                  0.10    0.11   15.47 v _53001_/Y (sky130_fd_sc_hd__nand2_1)
     5    0.02                           _01832_ (net)
                  0.10    0.00   15.47 v _53635_/A (sky130_fd_sc_hd__or2_4)
                  0.05    0.21   15.68 v _53635_/X (sky130_fd_sc_hd__or2_4)
     4    0.02                           _02494_ (net)
                  0.05    0.00   15.68 v _53669_/A1 (sky130_fd_sc_hd__o32a_4)
                  0.05    0.26   15.94 v _53669_/X (sky130_fd_sc_hd__o32a_4)
     2    0.02                           _02528_ (net)
                  0.05    0.00   15.94 v _53670_/B (sky130_fd_sc_hd__nor2_4)
                  0.09    0.09   16.04 ^ _53670_/Y (sky130_fd_sc_hd__nor2_4)
     3    0.02                           _02529_ (net)
                  0.09    0.00   16.04 ^ _53722_/B1 (sky130_fd_sc_hd__a221o_1)
                  0.11    0.15   16.19 ^ _53722_/X (sky130_fd_sc_hd__a221o_1)
     1    0.01                           _02582_ (net)
                  0.11    0.00   16.19 ^ _53725_/A4 (sky130_fd_sc_hd__a41oi_4)
                  0.10    0.11   16.29 v _53725_/Y (sky130_fd_sc_hd__a41oi_4)
     3    0.02                           _02586_ (net)
                  0.10    0.00   16.29 v _53748_/A2 (sky130_fd_sc_hd__o31a_1)
                  0.05    0.22   16.51 v _53748_/X (sky130_fd_sc_hd__o31a_1)
     2    0.01                           _02609_ (net)
                  0.05    0.00   16.52 v _53749_/B (sky130_fd_sc_hd__or2_4)
                  0.04    0.16   16.68 v _53749_/X (sky130_fd_sc_hd__or2_4)
     3    0.01                           _02610_ (net)
                  0.04    0.00   16.68 v _53779_/A1 (sky130_fd_sc_hd__o21ba_4)
                  0.03    0.16   16.83 v _53779_/X (sky130_fd_sc_hd__o21ba_4)
     3    0.01                           _02641_ (net)
                  0.03    0.00   16.83 v _53803_/A2 (sky130_fd_sc_hd__o32a_1)
                  0.05    0.21   17.05 v _53803_/X (sky130_fd_sc_hd__o32a_1)
     2    0.01                           _02666_ (net)
                  0.05    0.00   17.05 v _53804_/B (sky130_fd_sc_hd__or2_1)
                  0.06    0.16   17.21 v _53804_/X (sky130_fd_sc_hd__or2_1)
     3    0.01                           _02667_ (net)
                  0.06    0.00   17.21 v _53823_/A2 (sky130_fd_sc_hd__a31o_1)
                  0.06    0.18   17.39 v _53823_/X (sky130_fd_sc_hd__a31o_1)
     3    0.01                           _02686_ (net)
                  0.06    0.00   17.39 v _53881_/B_N (sky130_fd_sc_hd__and4bb_1)
                  0.19    0.30   17.69 ^ _53881_/X (sky130_fd_sc_hd__and4bb_1)
     2    0.03                           _02745_ (net)
                  0.19    0.00   17.69 ^ _53940_/A1 (sky130_fd_sc_hd__a21oi_2)
                  0.07    0.07   17.76 v _53940_/Y (sky130_fd_sc_hd__a21oi_2)
     4    0.01                           _02806_ (net)
                  0.07    0.00   17.76 v _53969_/B (sky130_fd_sc_hd__nor3b_2)
                  0.19    0.20   17.96 ^ _53969_/Y (sky130_fd_sc_hd__nor3b_2)
     2    0.01                           _02836_ (net)
                  0.19    0.00   17.96 ^ _54000_/A1 (sky130_fd_sc_hd__a21oi_2)
                  0.07    0.07   18.02 v _54000_/Y (sky130_fd_sc_hd__a21oi_2)
     2    0.01                           _02867_ (net)
                  0.07    0.00   18.02 v _54001_/B (sky130_fd_sc_hd__nor2_2)
                  0.08    0.09   18.11 ^ _54001_/Y (sky130_fd_sc_hd__nor2_2)
     3    0.01                           _02868_ (net)
                  0.08    0.00   18.11 ^ _54026_/A1_N (sky130_fd_sc_hd__o2bb2a_1)
                  0.06    0.16   18.27 v _54026_/X (sky130_fd_sc_hd__o2bb2a_1)
     2    0.01                           _02894_ (net)
                  0.06    0.00   18.27 v _54028_/B (sky130_fd_sc_hd__or2_1)
                  0.05    0.16   18.43 v _54028_/X (sky130_fd_sc_hd__or2_1)
     3    0.01                           _02896_ (net)
                  0.05    0.00   18.43 v _54036_/A2 (sky130_fd_sc_hd__a311o_1)
                  0.04    0.21   18.64 v _54036_/X (sky130_fd_sc_hd__a311o_1)
     1    0.00                           _02904_ (net)
                  0.04    0.00   18.64 v _54041_/A2 (sky130_fd_sc_hd__a31o_1)
                  0.03    0.14   18.78 v _54041_/X (sky130_fd_sc_hd__a31o_1)
     1    0.00                           _02909_ (net)
                  0.03    0.00   18.78 v _54042_/A0 (sky130_fd_sc_hd__mux2_1)
                  0.05    0.16   18.94 v _54042_/X (sky130_fd_sc_hd__mux2_1)
     1    0.00                           _02910_ (net)
                  0.05    0.00   18.94 v _54043_/A (sky130_fd_sc_hd__clkbuf_1)
                  0.02    0.07   19.00 v _54043_/X (sky130_fd_sc_hd__clkbuf_1)
     1    0.00                           _00066_ (net)
                  0.02    0.00   19.00 v _85229_/D (sky130_fd_sc_hd__dfrtp_4)
                                 19.00   data arrival time

                         10.00   10.00   clock clk (rise edge)
                          0.00   10.00   clock source latency
                  0.59    0.40   10.40 ^ clk (in)
     2    0.18                           clk (net)
                  0.60    0.00   10.40 ^ clkbuf_0_clk/A (sky130_fd_sc_hd__clkbuf_16)
                  0.14    0.21   10.61 ^ clkbuf_0_clk/X (sky130_fd_sc_hd__clkbuf_16)
     8    0.16                           clknet_0_clk (net)
                  0.14    0.01   10.61 ^ clkbuf_2_0_0_clk/A (sky130_fd_sc_hd__clkbuf_8)
                  0.07    0.13   10.75 ^ clkbuf_2_0_0_clk/X (sky130_fd_sc_hd__clkbuf_8)
     2    0.05                           clknet_2_0_0_clk (net)
                  0.07    0.00   10.75 ^ clkbuf_3_1__f_clk/A (sky130_fd_sc_hd__clkbuf_16)
                  0.21    0.21   10.96 ^ clkbuf_3_1__f_clk/X (sky130_fd_sc_hd__clkbuf_16)
    17    0.26                           clknet_3_1__leaf_clk (net)
                  0.21    0.01   10.97 ^ clkbuf_leaf_10_clk/A (sky130_fd_sc_hd__clkbuf_16)
                  0.04    0.12   11.09 ^ clkbuf_leaf_10_clk/X (sky130_fd_sc_hd__clkbuf_16)
     6    0.02                           clknet_leaf_10_clk (net)
                  0.04    0.00   11.09 ^ _85229_/CLK (sky130_fd_sc_hd__dfrtp_4)
                         -0.25   10.84   clock uncertainty
                          0.10   10.94   clock reconvergence pessimism
                         -0.07   10.87   library setup time
                                 10.87   data required time
-----------------------------------------------------------------------------
                                 10.87   data required time
                                -19.00   data arrival time
-----------------------------------------------------------------------------
                                 -8.13   slack (VIOLATED)



======================= Slowest Corner ===================================

Startpoint: _85263_ (rising edge-triggered flip-flop clocked by clk)
Endpoint: _85230_ (rising edge-triggered flip-flop clocked by clk)
Path Group: clk
Path Type: max
Corner: Slowest

Fanout     Cap    Slew   Delay    Time   Description
-----------------------------------------------------------------------------
                          0.00    0.00   clock clk (rise edge)
                          0.00    0.00   clock source latency
                  1.27    0.94    0.94 ^ clk (in)
     2    0.18                           clk (net)
                  1.27    0.00    0.94 ^ clkbuf_0_clk/A (sky130_fd_sc_hd__clkbuf_16)
                  0.28    0.84    1.77 ^ clkbuf_0_clk/X (sky130_fd_sc_hd__clkbuf_16)
     8    0.16                           clknet_0_clk (net)
                  0.28    0.01    1.78 ^ clkbuf_2_3_0_clk/A (sky130_fd_sc_hd__clkbuf_8)
                  0.15    0.40    2.18 ^ clkbuf_2_3_0_clk/X (sky130_fd_sc_hd__clkbuf_8)
     2    0.05                           clknet_2_3_0_clk (net)
                  0.15    0.00    2.18 ^ clkbuf_3_6__f_clk/A (sky130_fd_sc_hd__clkbuf_16)
                  0.25    0.43    2.61 ^ clkbuf_3_6__f_clk/X (sky130_fd_sc_hd__clkbuf_16)
     8    0.15                           clknet_3_6__leaf_clk (net)
                  0.25    0.01    2.62 ^ clkbuf_leaf_47_clk/A (sky130_fd_sc_hd__clkbuf_16)
                  0.07    0.32    2.93 ^ clkbuf_leaf_47_clk/X (sky130_fd_sc_hd__clkbuf_16)
     6    0.02                           clknet_leaf_47_clk (net)
                  0.07    0.00    2.94 ^ _85263_/CLK (sky130_fd_sc_hd__dfrtp_1)
                  0.26    0.83    3.77 ^ _85263_/Q (sky130_fd_sc_hd__dfrtp_1)
     2    0.02                           stage8_inst.in3[1] (net)
                  0.26    0.00    3.77 ^ _42612_/A (sky130_fd_sc_hd__buf_2)
                  0.33    0.49    4.26 ^ _42612_/X (sky130_fd_sc_hd__buf_2)
    10    0.04                           _41795_ (net)
                  0.33    0.00    4.26 ^ _42613_/A (sky130_fd_sc_hd__clkbuf_4)
                  0.25    0.52    4.78 ^ _42613_/X (sky130_fd_sc_hd__clkbuf_4)
    10    0.05                           _41806_ (net)
                  0.25    0.00    4.78 ^ _42614_/A (sky130_fd_sc_hd__clkbuf_4)
                  0.27    0.50    5.28 ^ _42614_/X (sky130_fd_sc_hd__clkbuf_4)
    10    0.06                           _41817_ (net)
                  0.27    0.00    5.29 ^ _54556_/A (sky130_fd_sc_hd__buf_2)
                  0.33    0.50    5.79 ^ _54556_/X (sky130_fd_sc_hd__buf_2)
    10    0.04                           _03474_ (net)
                  0.33    0.00    5.79 ^ _56554_/C (sky130_fd_sc_hd__and4_2)
                  0.31    0.80    6.59 ^ _56554_/X (sky130_fd_sc_hd__and4_2)
     3    0.03                           _05666_ (net)
                  0.31    0.00    6.59 ^ _56681_/A (sky130_fd_sc_hd__nor2_1)
                  0.21    0.32    6.91 v _56681_/Y (sky130_fd_sc_hd__nor2_1)
     2    0.02                           _05804_ (net)
                  0.21    0.00    6.92 v _56683_/C (sky130_fd_sc_hd__or3_1)
                  0.21    0.92    7.83 v _56683_/X (sky130_fd_sc_hd__or3_1)
     1    0.01                           _05807_ (net)
                  0.21    0.00    7.83 v _56684_/B (sky130_fd_sc_hd__and2_1)
                  0.13    0.47    8.30 v _56684_/X (sky130_fd_sc_hd__and2_1)
     3    0.01                           _05808_ (net)
                  0.13    0.00    8.30 v _56745_/B (sky130_fd_sc_hd__and3_1)
                  0.12    0.44    8.75 v _56745_/X (sky130_fd_sc_hd__and3_1)
     2    0.01                           _05875_ (net)
                  0.12    0.00    8.75 v _56746_/C1 (sky130_fd_sc_hd__a211o_4)
                  0.13    0.60    9.35 v _56746_/X (sky130_fd_sc_hd__a211o_4)
     5    0.03                           _05876_ (net)
                  0.13    0.00    9.35 v _56753_/B (sky130_fd_sc_hd__and3_1)
                  0.14    0.46    9.81 v _56753_/X (sky130_fd_sc_hd__and3_1)
     4    0.01                           _05884_ (net)
                  0.14    0.00    9.81 v _56834_/A (sky130_fd_sc_hd__or3_1)
                  0.20    1.01   10.82 v _56834_/X (sky130_fd_sc_hd__or3_1)
     2    0.01                           _05973_ (net)
                  0.20    0.00   10.82 v _56861_/A1 (sky130_fd_sc_hd__a21o_2)
                  0.16    0.54   11.36 v _56861_/X (sky130_fd_sc_hd__a21o_2)
     5    0.03                           _06002_ (net)
                  0.16    0.00   11.36 v _56913_/A (sky130_fd_sc_hd__and3_1)
                  0.11    0.40   11.76 v _56913_/X (sky130_fd_sc_hd__and3_1)
     2    0.01                           _06060_ (net)
                  0.11    0.00   11.76 v _56914_/B1 (sky130_fd_sc_hd__a21o_2)
                  0.16    0.49   12.25 v _56914_/X (sky130_fd_sc_hd__a21o_2)
     3    0.03                           _06061_ (net)
                  0.16    0.00   12.25 v _56916_/A2 (sky130_fd_sc_hd__a21bo_4)
                  0.10    0.50   12.76 v _56916_/X (sky130_fd_sc_hd__a21bo_4)
     2    0.02                           _06063_ (net)
                  0.10    0.00   12.76 v _56918_/A2 (sky130_fd_sc_hd__a21o_4)
                  0.10    0.47   13.23 v _56918_/X (sky130_fd_sc_hd__a21o_4)
     2    0.02                           _06065_ (net)
                  0.10    0.00   13.23 v _56920_/A2 (sky130_fd_sc_hd__a21bo_4)
                  0.11    0.48   13.71 v _56920_/X (sky130_fd_sc_hd__a21bo_4)
     3    0.03                           _06067_ (net)
                  0.11    0.00   13.71 v _57509_/A1 (sky130_fd_sc_hd__a21o_4)
                  0.13    0.48   14.20 v _57509_/X (sky130_fd_sc_hd__a21o_4)
     2    0.04                           _06713_ (net)
                  0.13    0.00   14.20 v _57523_/A (sky130_fd_sc_hd__xnor2_4)
                  0.42    0.49   14.68 ^ _57523_/Y (sky130_fd_sc_hd__xnor2_4)
     3    0.03                           _06729_ (net)
                  0.42    0.00   14.69 ^ _57524_/A (sky130_fd_sc_hd__buf_6)
                  0.32    0.53   15.22 ^ _57524_/X (sky130_fd_sc_hd__buf_6)
    10    0.10                           _06730_ (net)
                  0.32    0.00   15.22 ^ _57698_/B (sky130_fd_sc_hd__nand2_2)
                  0.24    0.34   15.56 v _57698_/Y (sky130_fd_sc_hd__nand2_2)
     5    0.03                           _06920_ (net)
                  0.24    0.00   15.56 v _57701_/A2 (sky130_fd_sc_hd__a21o_1)
                  0.17    0.52   16.09 v _57701_/X (sky130_fd_sc_hd__a21o_1)
     4    0.02                           _06923_ (net)
                  0.17    0.00   16.09 v _57703_/A (sky130_fd_sc_hd__and3_1)
                  0.16    0.46   16.54 v _57703_/X (sky130_fd_sc_hd__and3_1)
     4    0.01                           _06926_ (net)
                  0.16    0.00   16.55 v _58130_/A1 (sky130_fd_sc_hd__o21ba_1)
                  0.15    0.48   17.03 v _58130_/X (sky130_fd_sc_hd__o21ba_1)
     2    0.01                           _07394_ (net)
                  0.15    0.00   17.03 v _58133_/A (sky130_fd_sc_hd__or3_4)
                  0.15    0.88   17.91 v _58133_/X (sky130_fd_sc_hd__or3_4)
     3    0.02                           _07398_ (net)
                  0.15    0.00   17.91 v _58223_/A (sky130_fd_sc_hd__and3_1)
                  0.10    0.39   18.30 v _58223_/X (sky130_fd_sc_hd__and3_1)
     2    0.01                           _07497_ (net)
                  0.10    0.00   18.30 v _58225_/B (sky130_fd_sc_hd__or3_1)
                  0.24    1.00   19.29 v _58225_/X (sky130_fd_sc_hd__or3_1)
     3    0.01                           _07499_ (net)
                  0.24    0.00   19.29 v _58228_/B (sky130_fd_sc_hd__nand3_1)
                  0.32    0.39   19.68 ^ _58228_/Y (sky130_fd_sc_hd__nand3_1)
     3    0.02                           _07502_ (net)
                  0.32    0.00   19.68 ^ _58282_/A1 (sky130_fd_sc_hd__a21o_1)
                  0.19    0.42   20.11 ^ _58282_/X (sky130_fd_sc_hd__a21o_1)
     2    0.01                           _07561_ (net)
                  0.19    0.00   20.11 ^ _58337_/B_N (sky130_fd_sc_hd__nor2b_4)
                  0.23    0.42   20.52 ^ _58337_/Y (sky130_fd_sc_hd__nor2b_4)
     1    0.02                           _07622_ (net)
                  0.23    0.00   20.53 ^ _58338_/A (sky130_fd_sc_hd__xor2_4)
                  0.38    0.48   21.01 ^ _58338_/X (sky130_fd_sc_hd__xor2_4)
     2    0.03                           _07623_ (net)
                  0.38    0.00   21.01 ^ _58339_/B (sky130_fd_sc_hd__xor2_4)
                  0.33    0.48   21.49 ^ _58339_/X (sky130_fd_sc_hd__xor2_4)
     2    0.02                           _07624_ (net)
                  0.33    0.00   21.49 ^ _58350_/B (sky130_fd_sc_hd__xnor2_4)
                  0.42    0.38   21.87 ^ _58350_/Y (sky130_fd_sc_hd__xnor2_4)
     3    0.03                           _07636_ (net)
                  0.42    0.00   21.88 ^ _58470_/A (sky130_fd_sc_hd__xor2_4)
                  0.36    0.51   22.39 ^ _58470_/X (sky130_fd_sc_hd__xor2_4)
     4    0.03                           _07767_ (net)
                  0.36    0.00   22.39 ^ _58473_/A (sky130_fd_sc_hd__xnor2_4)
                  0.39    0.39   22.78 ^ _58473_/Y (sky130_fd_sc_hd__xnor2_4)
     2    0.03                           _07771_ (net)
                  0.39    0.00   22.78 ^ _58474_/C1 (sky130_fd_sc_hd__o311ai_4)
                  0.26    0.39   23.17 v _58474_/Y (sky130_fd_sc_hd__o311ai_4)
     3    0.02                           _07772_ (net)
                  0.26    0.00   23.17 v _58479_/A1 (sky130_fd_sc_hd__a21oi_2)
                  0.29    0.42   23.59 ^ _58479_/Y (sky130_fd_sc_hd__a21oi_2)
     2    0.01                           _07777_ (net)
                  0.29    0.00   23.59 ^ _58486_/A1 (sky130_fd_sc_hd__o211a_1)
                  0.21    0.54   24.13 ^ _58486_/X (sky130_fd_sc_hd__o211a_1)
     2    0.01                           _07785_ (net)
                  0.21    0.00   24.13 ^ _58491_/A3 (sky130_fd_sc_hd__o311a_4)
                  0.13    0.45   24.58 ^ _58491_/X (sky130_fd_sc_hd__o311a_4)
     2    0.02                           _07790_ (net)
                  0.13    0.00   24.58 ^ _58493_/A2 (sky130_fd_sc_hd__o211ai_4)
                  0.35    0.37   24.95 v _58493_/Y (sky130_fd_sc_hd__o211ai_4)
     7    0.05                           _07793_ (net)
                  0.35    0.00   24.96 v _58497_/A2 (sky130_fd_sc_hd__a2111o_1)
                  0.20    1.04   26.00 v _58497_/X (sky130_fd_sc_hd__a2111o_1)
     3    0.01                           _07797_ (net)
                  0.20    0.00   26.00 v _58619_/A2 (sky130_fd_sc_hd__a211o_1)
                  0.18    0.74   26.74 v _58619_/X (sky130_fd_sc_hd__a211o_1)
     3    0.01                           _07931_ (net)
                  0.18    0.00   26.74 v _58960_/A2 (sky130_fd_sc_hd__a211o_4)
                  0.15    0.77   27.52 v _58960_/X (sky130_fd_sc_hd__a211o_4)
     2    0.04                           _08305_ (net)
                  0.15    0.00   27.52 v _59042_/A1 (sky130_fd_sc_hd__a21o_4)
                  0.20    0.57   28.09 v _59042_/X (sky130_fd_sc_hd__a21o_4)
     5    0.07                           _08394_ (net)
                  0.20    0.00   28.09 v _59153_/A2 (sky130_fd_sc_hd__a22o_4)
                  0.20    0.68   28.78 v _59153_/X (sky130_fd_sc_hd__a22o_4)
     8    0.06                           _08517_ (net)
                  0.20    0.01   28.79 v _59154_/C (sky130_fd_sc_hd__and3_1)
                  0.15    0.54   29.32 v _59154_/X (sky130_fd_sc_hd__and3_1)
     3    0.01                           _08518_ (net)
                  0.15    0.00   29.32 v _59157_/A (sky130_fd_sc_hd__or3_4)
                  0.13    0.84   30.16 v _59157_/X (sky130_fd_sc_hd__or3_4)
     3    0.01                           _08521_ (net)
                  0.13    0.00   30.16 v _59177_/A (sky130_fd_sc_hd__and3_1)
                  0.13    0.40   30.56 v _59177_/X (sky130_fd_sc_hd__and3_1)
     2    0.01                           _08543_ (net)
                  0.13    0.00   30.56 v _59178_/C1 (sky130_fd_sc_hd__a211o_1)
                  0.14    0.55   31.11 v _59178_/X (sky130_fd_sc_hd__a211o_1)
     3    0.01                           _08544_ (net)
                  0.14    0.00   31.11 v _59194_/A1 (sky130_fd_sc_hd__a21o_1)
                  0.13    0.41   31.52 v _59194_/X (sky130_fd_sc_hd__a21o_1)
     2    0.01                           _08562_ (net)
                  0.13    0.00   31.52 v _59196_/A2 (sky130_fd_sc_hd__a21o_1)
                  0.14    0.45   31.96 v _59196_/X (sky130_fd_sc_hd__a21o_1)
     2    0.01                           _08564_ (net)
                  0.14    0.00   31.96 v _59198_/A2 (sky130_fd_sc_hd__a211o_1)
                  0.17    0.70   32.66 v _59198_/X (sky130_fd_sc_hd__a211o_1)
     2    0.01                           _08566_ (net)
                  0.17    0.00   32.67 v _59209_/B (sky130_fd_sc_hd__nand3_2)
                  0.15    0.22   32.89 ^ _59209_/Y (sky130_fd_sc_hd__nand3_2)
     3    0.01                           _08578_ (net)
                  0.15    0.00   32.89 ^ _59214_/B (sky130_fd_sc_hd__and3b_2)
                  0.18    0.51   33.39 ^ _59214_/X (sky130_fd_sc_hd__and3b_2)
     2    0.02                           _08584_ (net)
                  0.18    0.00   33.39 ^ _59553_/A4 (sky130_fd_sc_hd__a41oi_4)
                  0.29    0.41   33.80 v _59553_/Y (sky130_fd_sc_hd__a41oi_4)
     4    0.02                           _08956_ (net)
                  0.29    0.00   33.80 v _62866_/A2 (sky130_fd_sc_hd__a2111o_4)
                  0.19    1.16   34.96 v _62866_/X (sky130_fd_sc_hd__a2111o_4)
     3    0.03                           _12591_ (net)
                  0.19    0.00   34.97 v _63031_/C (sky130_fd_sc_hd__and3_1)
                  0.07    0.44   35.40 v _63031_/X (sky130_fd_sc_hd__and3_1)
     1    0.00                           _12772_ (net)
                  0.07    0.00   35.40 v _63032_/B (sky130_fd_sc_hd__nor2_1)
                  0.66    0.56   35.97 ^ _63032_/Y (sky130_fd_sc_hd__nor2_1)
     2    0.02                           _12773_ (net)
                  0.66    0.00   35.97 ^ _63034_/B (sky130_fd_sc_hd__or2_1)
                  0.08    0.39   36.36 ^ _63034_/X (sky130_fd_sc_hd__or2_1)
     1    0.00                           _12776_ (net)
                  0.08    0.00   36.36 ^ _63035_/B (sky130_fd_sc_hd__nand2_1)
                  0.20    0.22   36.57 v _63035_/Y (sky130_fd_sc_hd__nand2_1)
     3    0.01                           _12777_ (net)
                  0.20    0.00   36.57 v _63059_/A1 (sky130_fd_sc_hd__o311a_1)
                  0.14    0.80   37.37 v _63059_/X (sky130_fd_sc_hd__o311a_1)
     2    0.01                           _12803_ (net)
                  0.14    0.00   37.37 v _63075_/A2 (sky130_fd_sc_hd__o311a_4)
                  0.12    0.75   38.12 v _63075_/X (sky130_fd_sc_hd__o311a_4)
     4    0.02                           _12821_ (net)
                  0.12    0.00   38.12 v _63076_/D (sky130_fd_sc_hd__or4_4)
                  0.18    0.95   39.08 v _63076_/X (sky130_fd_sc_hd__or4_4)
     3    0.01                           _12822_ (net)
                  0.18    0.00   39.08 v _63109_/A1 (sky130_fd_sc_hd__a211o_1)
                  0.14    0.63   39.71 v _63109_/X (sky130_fd_sc_hd__a211o_1)
     2    0.01                           _12858_ (net)
                  0.14    0.00   39.71 v _63118_/A1 (sky130_fd_sc_hd__a21o_1)
                  0.13    0.40   40.11 v _63118_/X (sky130_fd_sc_hd__a21o_1)
     3    0.01                           _12868_ (net)
                  0.13    0.00   40.11 v _63123_/A2 (sky130_fd_sc_hd__a21o_1)
                  0.14    0.44   40.55 v _63123_/X (sky130_fd_sc_hd__a21o_1)
     2    0.01                           _12874_ (net)
                  0.14    0.00   40.55 v _63129_/A2 (sky130_fd_sc_hd__a2111oi_2)
                  0.52    0.73   41.29 ^ _63129_/Y (sky130_fd_sc_hd__a2111oi_2)
     1    0.01                           _12880_ (net)
                  0.52    0.00   41.29 ^ wire121/A (sky130_fd_sc_hd__buf_2)
                  0.25    0.54   41.82 ^ wire121/X (sky130_fd_sc_hd__buf_2)
     1    0.03                           net121 (net)
                  0.25    0.00   41.83 ^ wire120/A (sky130_fd_sc_hd__clkbuf_2)
                  0.17    0.37   42.19 ^ wire120/X (sky130_fd_sc_hd__clkbuf_2)
     5    0.02                           net120 (net)
                  0.17    0.00   42.19 ^ _63287_/A2 (sky130_fd_sc_hd__o2111a_1)
                  0.20    0.51   42.71 ^ _63287_/X (sky130_fd_sc_hd__o2111a_1)
     4    0.01                           _13054_ (net)
                  0.20    0.00   42.71 ^ _63342_/A (sky130_fd_sc_hd__and3_1)
                  0.28    0.52   43.22 ^ _63342_/X (sky130_fd_sc_hd__and3_1)
     3    0.02                           _13114_ (net)
                  0.28    0.00   43.23 ^ _63348_/B2 (sky130_fd_sc_hd__o22a_1)
                  0.22    0.44   43.67 ^ _63348_/X (sky130_fd_sc_hd__o22a_1)
     3    0.01                           _13121_ (net)
                  0.22    0.00   43.67 ^ _63359_/B (sky130_fd_sc_hd__and4_4)
                  0.33    0.80   44.47 ^ _63359_/X (sky130_fd_sc_hd__and4_4)
     2    0.06                           _13133_ (net)
                  0.33    0.01   44.49 ^ rebuffer10/A (sky130_fd_sc_hd__buf_6)
                  0.05    0.28   44.77 ^ rebuffer10/X (sky130_fd_sc_hd__buf_6)
     2    0.01                           net338 (net)
                  0.05    0.00   44.77 ^ _63524_/A1 (sky130_fd_sc_hd__a21oi_2)
                  0.17    0.16   44.92 v _63524_/Y (sky130_fd_sc_hd__a21oi_2)
     2    0.01                           _13315_ (net)
                  0.17    0.00   44.92 v _63529_/B (sky130_fd_sc_hd__xnor2_2)
                  0.20    0.38   45.31 v _63529_/Y (sky130_fd_sc_hd__xnor2_2)
     3    0.02                           _13320_ (net)
                  0.20    0.00   45.31 v _63531_/B (sky130_fd_sc_hd__and2_1)
                  0.09    0.42   45.73 v _63531_/X (sky130_fd_sc_hd__and2_1)
     1    0.01                           _13322_ (net)
                  0.09    0.00   45.73 v _63532_/A (sky130_fd_sc_hd__buf_6)
                  0.06    0.25   45.98 v _63532_/X (sky130_fd_sc_hd__buf_6)
     6    0.02                           _13323_ (net)
                  0.06    0.00   45.98 v _63533_/B (sky130_fd_sc_hd__or2_1)
                  0.12    0.51   46.49 v _63533_/X (sky130_fd_sc_hd__or2_1)
     1    0.00                           _13325_ (net)
                  0.12    0.00   46.49 v _63534_/A (sky130_fd_sc_hd__buf_6)
                  0.06    0.26   46.75 v _63534_/X (sky130_fd_sc_hd__buf_6)
     3    0.02                           _13326_ (net)
                  0.06    0.00   46.75 v _63536_/A2 (sky130_fd_sc_hd__a21oi_2)
                  0.23    0.29   47.04 ^ _63536_/Y (sky130_fd_sc_hd__a21oi_2)
     2    0.01                           _13328_ (net)
                  0.23    0.00   47.04 ^ _63538_/A2 (sky130_fd_sc_hd__o21ai_1)
                  0.20    0.25   47.29 v _63538_/Y (sky130_fd_sc_hd__o21ai_1)
     2    0.01                           _13330_ (net)
                  0.20    0.00   47.29 v _63549_/A2 (sky130_fd_sc_hd__a31o_1)
                  0.11    0.50   47.79 v _63549_/X (sky130_fd_sc_hd__a31o_1)
     2    0.01                           _13342_ (net)
                  0.11    0.00   47.79 v _63551_/A2 (sky130_fd_sc_hd__a21o_1)
                  0.11    0.40   48.20 v _63551_/X (sky130_fd_sc_hd__a21o_1)
     2    0.01                           _13344_ (net)
                  0.11    0.00   48.20 v _63553_/A2 (sky130_fd_sc_hd__a21o_1)
                  0.24    0.52   48.72 v _63553_/X (sky130_fd_sc_hd__a21o_1)
     4    0.03                           _13347_ (net)
                  0.24    0.00   48.72 v _63593_/A2 (sky130_fd_sc_hd__a31o_1)
                  0.21    0.61   49.33 v _63593_/X (sky130_fd_sc_hd__a31o_1)
     3    0.02                           _13391_ (net)
                  0.21    0.00   49.33 v _63602_/B2 (sky130_fd_sc_hd__a221o_1)
                  0.24    0.85   50.18 v _63602_/X (sky130_fd_sc_hd__a221o_1)
     3    0.02                           _13400_ (net)
                  0.24    0.00   50.19 v _63637_/A1 (sky130_fd_sc_hd__a41o_4)
                  0.14    0.57   50.76 v _63637_/X (sky130_fd_sc_hd__a41o_4)
     4    0.04                           _13439_ (net)
                  0.14    0.00   50.76 v _63734_/A1 (sky130_fd_sc_hd__a211oi_4)
                  0.41    0.51   51.28 ^ _63734_/Y (sky130_fd_sc_hd__a211oi_4)
     2    0.02                           _13546_ (net)
                  0.41    0.00   51.28 ^ _63757_/A (sky130_fd_sc_hd__xnor2_2)
                  0.23    0.38   51.66 v _63757_/Y (sky130_fd_sc_hd__xnor2_2)
     4    0.02                           _13571_ (net)
                  0.23    0.00   51.66 v _63764_/B1 (sky130_fd_sc_hd__a2111o_1)
                  0.11    0.83   52.49 v _63764_/X (sky130_fd_sc_hd__a2111o_1)
     1    0.00                           _13579_ (net)
                  0.11    0.00   52.49 v _63765_/B1 (sky130_fd_sc_hd__a41o_1)
                  0.08    0.40   52.88 v _63765_/X (sky130_fd_sc_hd__a41o_1)
     1    0.00                           _13580_ (net)
                  0.08    0.00   52.88 v _63768_/C (sky130_fd_sc_hd__or4b_1)
                  0.18    1.16   54.04 v _63768_/X (sky130_fd_sc_hd__or4b_1)
     1    0.00                           _13583_ (net)
                  0.18    0.00   54.04 v _63772_/B (sky130_fd_sc_hd__or3b_4)
                  0.21    0.96   55.00 v _63772_/X (sky130_fd_sc_hd__or3b_4)
     7    0.04                           _13587_ (net)
                  0.21    0.00   55.00 v _63773_/A (sky130_fd_sc_hd__buf_6)
                  0.12    0.37   55.37 v _63773_/X (sky130_fd_sc_hd__buf_6)
    10    0.07                           _13589_ (net)
                  0.12    0.01   55.38 v _63774_/C (sky130_fd_sc_hd__and3_1)
                  0.08    0.42   55.80 v _63774_/X (sky130_fd_sc_hd__and3_1)
     2    0.00                           _13590_ (net)
                  0.08    0.00   55.80 v _63777_/A (sky130_fd_sc_hd__or2_1)
                  0.13    0.57   56.37 v _63777_/X (sky130_fd_sc_hd__or2_1)
     1    0.01                           _13593_ (net)
                  0.13    0.00   56.37 v _63778_/A2 (sky130_fd_sc_hd__a21o_1)
                  0.06    0.35   56.72 v _63778_/X (sky130_fd_sc_hd__a21o_1)
     1    0.00                           _13594_ (net)
                  0.06    0.00   56.72 v _63782_/A0 (sky130_fd_sc_hd__mux2_1)
                  0.11    0.66   57.38 v _63782_/X (sky130_fd_sc_hd__mux2_1)
     1    0.00                           _13598_ (net)
                  0.11    0.00   57.38 v _63783_/A (sky130_fd_sc_hd__clkbuf_1)
                  0.05    0.19   57.57 v _63783_/X (sky130_fd_sc_hd__clkbuf_1)
     1    0.00                           _00067_ (net)
                  0.05    0.00   57.57 v _85230_/D (sky130_fd_sc_hd__dfrtp_4)
                                 57.57   data arrival time

                         10.00   10.00   clock clk (rise edge)
                          0.00   10.00   clock source latency
                  1.27    0.85   10.85 ^ clk (in)
     2    0.18                           clk (net)
                  1.27    0.00   10.85 ^ clkbuf_0_clk/A (sky130_fd_sc_hd__clkbuf_16)
                  0.28    0.76   11.61 ^ clkbuf_0_clk/X (sky130_fd_sc_hd__clkbuf_16)
     8    0.16                           clknet_0_clk (net)
                  0.28    0.00   11.61 ^ clkbuf_2_3_0_clk/A (sky130_fd_sc_hd__clkbuf_8)
                  0.15    0.36   11.98 ^ clkbuf_2_3_0_clk/X (sky130_fd_sc_hd__clkbuf_8)
     2    0.05                           clknet_2_3_0_clk (net)
                  0.15    0.00   11.98 ^ clkbuf_3_7__f_clk/A (sky130_fd_sc_hd__clkbuf_16)
                  0.26    0.39   12.37 ^ clkbuf_3_7__f_clk/X (sky130_fd_sc_hd__clkbuf_16)
    12    0.16                           clknet_3_7__leaf_clk (net)
                  0.26    0.01   12.38 ^ clkbuf_leaf_34_clk/A (sky130_fd_sc_hd__clkbuf_16)
                  0.08    0.30   12.68 ^ clkbuf_leaf_34_clk/X (sky130_fd_sc_hd__clkbuf_16)
     8    0.03                           clknet_leaf_34_clk (net)
                  0.08    0.00   12.68 ^ _85230_/CLK (sky130_fd_sc_hd__dfrtp_4)
                         -0.25   12.43   clock uncertainty
                          0.21   12.64   clock reconvergence pessimism
                         -0.26   12.37   library setup time
                                 12.37   data required time
-----------------------------------------------------------------------------
                                 12.37   data required time
                                -57.57   data arrival time
-----------------------------------------------------------------------------
                                -45.19   slack (VIOLATED)



======================= Typical Corner ===================================

Startpoint: _85200_ (rising edge-triggered flip-flop clocked by clk)
Endpoint: _85193_ (rising edge-triggered flip-flop clocked by clk)
Path Group: clk
Path Type: max
Corner: Typical

Fanout     Cap    Slew   Delay    Time   Description
-----------------------------------------------------------------------------
                          0.00    0.00   clock clk (rise edge)
                          0.00    0.00   clock source latency
                  0.79    0.58    0.58 ^ clk (in)
     2    0.18                           clk (net)
                  0.79    0.00    0.58 ^ clkbuf_0_clk/A (sky130_fd_sc_hd__clkbuf_16)
                  0.18    0.41    0.99 ^ clkbuf_0_clk/X (sky130_fd_sc_hd__clkbuf_16)
     8    0.16                           clknet_0_clk (net)
                  0.18    0.01    0.99 ^ clkbuf_2_0_0_clk/A (sky130_fd_sc_hd__clkbuf_8)
                  0.10    0.23    1.22 ^ clkbuf_2_0_0_clk/X (sky130_fd_sc_hd__clkbuf_8)
     2    0.05                           clknet_2_0_0_clk (net)
                  0.10    0.00    1.22 ^ clkbuf_3_1__f_clk/A (sky130_fd_sc_hd__clkbuf_16)
                  0.27    0.32    1.54 ^ clkbuf_3_1__f_clk/X (sky130_fd_sc_hd__clkbuf_16)
    17    0.26                           clknet_3_1__leaf_clk (net)
                  0.27    0.01    1.55 ^ clkbuf_leaf_93_clk/A (sky130_fd_sc_hd__clkbuf_16)
                  0.04    0.20    1.75 ^ clkbuf_leaf_93_clk/X (sky130_fd_sc_hd__clkbuf_16)
     5    0.02                           clknet_leaf_93_clk (net)
                  0.04    0.00    1.75 ^ _85200_/CLK (sky130_fd_sc_hd__dfrtp_1)
                  0.19    0.45    2.21 ^ _85200_/Q (sky130_fd_sc_hd__dfrtp_1)
     4    0.02                           stage8_inst.in1[2] (net)
                  0.19    0.00    2.21 ^ _42655_/A (sky130_fd_sc_hd__clkbuf_4)
                  0.13    0.26    2.47 ^ _42655_/X (sky130_fd_sc_hd__clkbuf_4)
    10    0.04                           _42267_ (net)
                  0.13    0.00    2.47 ^ _42656_/A (sky130_fd_sc_hd__clkbuf_4)
                  0.16    0.27    2.74 ^ _42656_/X (sky130_fd_sc_hd__clkbuf_4)
    10    0.05                           _42278_ (net)
                  0.16    0.00    2.74 ^ _42657_/A (sky130_fd_sc_hd__buf_4)
                  0.21    0.29    3.03 ^ _42657_/X (sky130_fd_sc_hd__buf_4)
    10    0.08                           _42289_ (net)
                  0.21    0.00    3.03 ^ _46216_/B (sky130_fd_sc_hd__nand2_1)
                  0.07    0.10    3.13 v _46216_/Y (sky130_fd_sc_hd__nand2_1)
     1    0.00                           _36982_ (net)
                  0.07    0.00    3.13 v _46218_/A (sky130_fd_sc_hd__xnor2_1)
                  0.40    0.39    3.52 ^ _46218_/Y (sky130_fd_sc_hd__xnor2_1)
     2    0.02                           _36984_ (net)
                  0.40    0.00    3.52 ^ _46220_/B (sky130_fd_sc_hd__xor2_2)
                  0.22    0.27    3.79 ^ _46220_/X (sky130_fd_sc_hd__xor2_2)
     2    0.02                           _36986_ (net)
                  0.22    0.00    3.79 ^ _46243_/A (sky130_fd_sc_hd__xor2_2)
                  0.22    0.25    4.04 ^ _46243_/X (sky130_fd_sc_hd__xor2_2)
     3    0.01                           _37009_ (net)
                  0.22    0.00    4.05 ^ _46244_/C (sky130_fd_sc_hd__nand3_2)
                  0.10    0.14    4.19 v _46244_/Y (sky130_fd_sc_hd__nand3_2)
     2    0.01                           _37010_ (net)
                  0.10    0.00    4.19 v _46246_/A2 (sky130_fd_sc_hd__a211o_4)
                  0.07    0.40    4.58 v _46246_/X (sky130_fd_sc_hd__a211o_4)
     5    0.02                           _37012_ (net)
                  0.07    0.00    4.58 v _46297_/A (sky130_fd_sc_hd__and3_1)
                  0.07    0.20    4.78 v _46297_/X (sky130_fd_sc_hd__and3_1)
     2    0.01                           _37063_ (net)
                  0.07    0.00    4.78 v _46299_/A1 (sky130_fd_sc_hd__o211a_1)
                  0.07    0.28    5.06 v _46299_/X (sky130_fd_sc_hd__o211a_1)
     2    0.01                           _37065_ (net)
                  0.07    0.00    5.06 v _46360_/A2 (sky130_fd_sc_hd__o21a_1)
                  0.06    0.21    5.27 v _46360_/X (sky130_fd_sc_hd__o21a_1)
     2    0.01                           _37126_ (net)
                  0.06    0.00    5.27 v _46361_/B1 (sky130_fd_sc_hd__a211oi_2)
                  0.23    0.27    5.54 ^ _46361_/Y (sky130_fd_sc_hd__a211oi_2)
     3    0.01                           _37127_ (net)
                  0.23    0.00    5.54 ^ _46398_/A_N (sky130_fd_sc_hd__and4bb_4)
                  0.09    0.31    5.85 v _46398_/X (sky130_fd_sc_hd__and4bb_4)
     4    0.05                           _37164_ (net)
                  0.09    0.00    5.85 v _46437_/A (sky130_fd_sc_hd__or3_4)
                  0.15    0.54    6.39 v _46437_/X (sky130_fd_sc_hd__or3_4)
     4    0.07                           _37203_ (net)
                  0.15    0.01    6.40 v _46472_/A1 (sky130_fd_sc_hd__a21bo_4)
                  0.05    0.28    6.69 v _46472_/X (sky130_fd_sc_hd__a21bo_4)
     3    0.02                           _37238_ (net)
                  0.05    0.00    6.69 v _46527_/A1 (sky130_fd_sc_hd__a21bo_4)
                  0.06    0.25    6.93 v _46527_/X (sky130_fd_sc_hd__a21bo_4)
     2    0.02                           _37293_ (net)
                  0.06    0.00    6.93 v _46529_/A2 (sky130_fd_sc_hd__a21o_4)
                  0.05    0.25    7.19 v _46529_/X (sky130_fd_sc_hd__a21o_4)
     2    0.02                           _37295_ (net)
                  0.05    0.00    7.19 v _46531_/A2 (sky130_fd_sc_hd__a21bo_4)
                  0.07    0.26    7.45 v _46531_/X (sky130_fd_sc_hd__a21bo_4)
     3    0.03                           _37297_ (net)
                  0.07    0.00    7.45 v _46538_/A1 (sky130_fd_sc_hd__a211o_4)
                  0.09    0.40    7.85 v _46538_/X (sky130_fd_sc_hd__a211o_4)
     5    0.03                           _37304_ (net)
                  0.09    0.00    7.85 v _46554_/A2 (sky130_fd_sc_hd__a32oi_4)
                  0.25    0.31    8.16 ^ _46554_/Y (sky130_fd_sc_hd__a32oi_4)
     1    0.02                           _37320_ (net)
                  0.25    0.00    8.16 ^ wire198/A (sky130_fd_sc_hd__buf_6)
                  0.14    0.23    8.39 ^ wire198/X (sky130_fd_sc_hd__buf_6)
     3    0.07                           net198 (net)
                  0.14    0.01    8.41 ^ _47455_/A2 (sky130_fd_sc_hd__a21oi_4)
                  0.10    0.08    8.49 v _47455_/Y (sky130_fd_sc_hd__a21oi_4)
     3    0.01                           _38221_ (net)
                  0.10    0.00    8.49 v _47456_/C (sky130_fd_sc_hd__or3_4)
                  0.06    0.36    8.85 v _47456_/X (sky130_fd_sc_hd__or3_4)
     1    0.00                           _38222_ (net)
                  0.06    0.00    8.85 v _47458_/A (sky130_fd_sc_hd__and2_4)
                  0.08    0.20    9.04 v _47458_/X (sky130_fd_sc_hd__and2_4)
     1    0.04                           _38224_ (net)
                  0.08    0.01    9.05 v _47459_/A (sky130_fd_sc_hd__buf_8)
                  0.05    0.16    9.21 v _47459_/X (sky130_fd_sc_hd__buf_8)
     5    0.04                           _38225_ (net)
                  0.05    0.00    9.21 v _47631_/A (sky130_fd_sc_hd__and3_1)
                  0.08    0.19    9.41 v _47631_/X (sky130_fd_sc_hd__and3_1)
     4    0.01                           _38397_ (net)
                  0.08    0.00    9.41 v _47673_/C (sky130_fd_sc_hd__or4_4)
                  0.09    0.53    9.94 v _47673_/X (sky130_fd_sc_hd__or4_4)
     3    0.01                           _38439_ (net)
                  0.09    0.00    9.94 v _47898_/A (sky130_fd_sc_hd__and3_1)
                  0.09    0.23   10.17 v _47898_/X (sky130_fd_sc_hd__and3_1)
     3    0.02                           _38664_ (net)
                  0.09    0.00   10.17 v _47902_/A (sky130_fd_sc_hd__or3b_4)
                  0.08    0.45   10.62 v _47902_/X (sky130_fd_sc_hd__or3b_4)
     4    0.01                           _38668_ (net)
                  0.08    0.00   10.62 v _47940_/A1 (sky130_fd_sc_hd__a21o_1)
                  0.05    0.19   10.81 v _47940_/X (sky130_fd_sc_hd__a21o_1)
     2    0.01                           _38706_ (net)
                  0.05    0.00   10.81 v _47944_/B (sky130_fd_sc_hd__and3_1)
                  0.08    0.21   11.02 v _47944_/X (sky130_fd_sc_hd__and3_1)
     3    0.01                           _38710_ (net)
                  0.08    0.00   11.02 v _48021_/A (sky130_fd_sc_hd__or3_4)
                  0.08    0.44   11.46 v _48021_/X (sky130_fd_sc_hd__or3_4)
     3    0.02                           _38787_ (net)
                  0.08    0.00   11.47 v _48134_/A1 (sky130_fd_sc_hd__a21o_1)
                  0.06    0.20   11.67 v _48134_/X (sky130_fd_sc_hd__a21o_1)
     2    0.01                           _38900_ (net)
                  0.06    0.00   11.67 v _48136_/A2 (sky130_fd_sc_hd__a21o_1)
                  0.06    0.22   11.89 v _48136_/X (sky130_fd_sc_hd__a21o_1)
     2    0.01                           _38902_ (net)
                  0.06    0.00   11.89 v _48435_/A2 (sky130_fd_sc_hd__a21o_1)
                  0.06    0.22   12.11 v _48435_/X (sky130_fd_sc_hd__a21o_1)
     2    0.01                           _39201_ (net)
                  0.06    0.00   12.11 v _48443_/A2 (sky130_fd_sc_hd__a21o_1)
                  0.07    0.23   12.33 v _48443_/X (sky130_fd_sc_hd__a21o_1)
     2    0.01                           _39209_ (net)
                  0.07    0.00   12.33 v _48457_/A2 (sky130_fd_sc_hd__a21o_1)
                  0.05    0.21   12.54 v _48457_/X (sky130_fd_sc_hd__a21o_1)
     2    0.01                           _39223_ (net)
                  0.05    0.00   12.55 v _48459_/A2 (sky130_fd_sc_hd__a21o_1)
                  0.04    0.20   12.74 v _48459_/X (sky130_fd_sc_hd__a21o_1)
     2    0.01                           _39225_ (net)
                  0.04    0.00   12.74 v _48470_/A2 (sky130_fd_sc_hd__a21o_1)
                  0.06    0.21   12.95 v _48470_/X (sky130_fd_sc_hd__a21o_1)
     2    0.01                           _39236_ (net)
                  0.06    0.00   12.95 v _48471_/C (sky130_fd_sc_hd__and3_1)
                  0.06    0.21   13.16 v _48471_/X (sky130_fd_sc_hd__and3_1)
     1    0.01                           _39237_ (net)
                  0.06    0.00   13.16 v _48472_/A (sky130_fd_sc_hd__buf_6)
                  0.04    0.15   13.31 v _48472_/X (sky130_fd_sc_hd__buf_6)
     6    0.03                           _39238_ (net)
                  0.04    0.00   13.31 v _48477_/A1 (sky130_fd_sc_hd__o21ai_4)
                  0.14    0.18   13.49 ^ _48477_/Y (sky130_fd_sc_hd__o21ai_4)
     1    0.01                           _39243_ (net)
                  0.14    0.00   13.49 ^ _48478_/B (sky130_fd_sc_hd__nand2_4)
                  0.06    0.09   13.58 v _48478_/Y (sky130_fd_sc_hd__nand2_4)
     4    0.02                           _39244_ (net)
                  0.06    0.00   13.58 v _48739_/B1 (sky130_fd_sc_hd__a2111o_1)
                  0.12    0.48   14.06 v _48739_/X (sky130_fd_sc_hd__a2111o_1)
     3    0.02                           _39505_ (net)
                  0.12    0.00   14.06 v _48775_/A2 (sky130_fd_sc_hd__a21o_1)
                  0.06    0.25   14.31 v _48775_/X (sky130_fd_sc_hd__a21o_1)
     3    0.01                           _39541_ (net)
                  0.06    0.00   14.31 v _48776_/C (sky130_fd_sc_hd__and3_1)
                  0.09    0.25   14.56 v _48776_/X (sky130_fd_sc_hd__and3_1)
     3    0.02                           _39542_ (net)
                  0.09    0.00   14.56 v _48778_/A (sky130_fd_sc_hd__or3b_4)
                  0.11    0.49   15.05 v _48778_/X (sky130_fd_sc_hd__or3b_4)
     3    0.03                           _39544_ (net)
                  0.11    0.00   15.05 v _48785_/A (sky130_fd_sc_hd__and3_1)
                  0.06    0.20   15.26 v _48785_/X (sky130_fd_sc_hd__and3_1)
     2    0.01                           _39551_ (net)
                  0.06    0.00   15.26 v _48787_/A (sky130_fd_sc_hd__nor2b_1)
                  0.12    0.14   15.40 ^ _48787_/Y (sky130_fd_sc_hd__nor2b_1)
     1    0.00                           _39553_ (net)
                  0.12    0.00   15.40 ^ _48788_/B (sky130_fd_sc_hd__xor2_1)
                  0.20    0.23   15.63 ^ _48788_/X (sky130_fd_sc_hd__xor2_1)
     2    0.01                           _39554_ (net)
                  0.20    0.00   15.63 ^ _48789_/B (sky130_fd_sc_hd__xor2_1)
                  0.22    0.26   15.88 ^ _48789_/X (sky130_fd_sc_hd__xor2_1)
     2    0.01                           _39555_ (net)
                  0.22    0.00   15.88 ^ _48790_/B (sky130_fd_sc_hd__xnor2_1)
                  0.22    0.20   16.08 ^ _48790_/Y (sky130_fd_sc_hd__xnor2_1)
     2    0.01                           _39556_ (net)
                  0.22    0.00   16.08 ^ _49177_/A_N (sky130_fd_sc_hd__and2b_1)
                  0.04    0.22   16.30 v _49177_/X (sky130_fd_sc_hd__and2b_1)
     1    0.00                           _39943_ (net)
                  0.04    0.00   16.30 v _49178_/B1 (sky130_fd_sc_hd__a21oi_1)
                  0.19    0.18   16.49 ^ _49178_/Y (sky130_fd_sc_hd__a21oi_1)
     2    0.01                           _39944_ (net)
                  0.19    0.00   16.49 ^ _49179_/B (sky130_fd_sc_hd__or2_1)
                  0.12    0.20   16.69 ^ _49179_/X (sky130_fd_sc_hd__or2_1)
     3    0.01                           _39945_ (net)
                  0.12    0.00   16.69 ^ _49181_/A (sky130_fd_sc_hd__and2_2)
                  0.19    0.29   16.97 ^ _49181_/X (sky130_fd_sc_hd__and2_2)
     4    0.04                           _39947_ (net)
                  0.19    0.00   16.98 ^ _49182_/D (sky130_fd_sc_hd__and4_1)
                  0.12    0.28   17.26 ^ _49182_/X (sky130_fd_sc_hd__and4_1)
     1    0.01                           _39948_ (net)
                  0.12    0.00   17.26 ^ _49188_/A2 (sky130_fd_sc_hd__a211oi_4)
                  0.09    0.11   17.36 v _49188_/Y (sky130_fd_sc_hd__a211oi_4)
     3    0.02                           _39954_ (net)
                  0.09    0.00   17.36 v _52436_/B (sky130_fd_sc_hd__or4_4)
                  0.12    0.61   17.97 v _52436_/X (sky130_fd_sc_hd__or4_4)
     3    0.02                           _01212_ (net)
                  0.12    0.00   17.98 v _52446_/A2 (sky130_fd_sc_hd__o211a_4)
                  0.09    0.33   18.31 v _52446_/X (sky130_fd_sc_hd__o211a_4)
     4    0.05                           _01223_ (net)
                  0.09    0.01   18.31 v _52451_/A (sky130_fd_sc_hd__or4_4)
                  0.11    0.62   18.93 v _52451_/X (sky130_fd_sc_hd__or4_4)
     2    0.02                           _01228_ (net)
                  0.11    0.00   18.93 v _52457_/A2 (sky130_fd_sc_hd__a21oi_4)
                  0.22    0.27   19.20 ^ _52457_/Y (sky130_fd_sc_hd__a21oi_4)
     4    0.03                           _01235_ (net)
                  0.22    0.00   19.20 ^ _52648_/A2 (sky130_fd_sc_hd__a21boi_4)
                  0.08    0.12   19.32 v _52648_/Y (sky130_fd_sc_hd__a21boi_4)
     2    0.02                           _01445_ (net)
                  0.08    0.00   19.32 v _52654_/A2 (sky130_fd_sc_hd__o21ba_4)
                  0.05    0.23   19.56 v _52654_/X (sky130_fd_sc_hd__o21ba_4)
     1    0.01                           _01452_ (net)
                  0.05    0.00   19.56 v _52655_/B (sky130_fd_sc_hd__xor2_4)
                  0.34    0.33   19.88 ^ _52655_/X (sky130_fd_sc_hd__xor2_4)
     3    0.04                           _01453_ (net)
                  0.34    0.01   19.89 ^ _52658_/A (sky130_fd_sc_hd__xor2_2)
                  0.17    0.23   20.11 ^ _52658_/X (sky130_fd_sc_hd__xor2_2)
     3    0.01                           _01456_ (net)
                  0.17    0.00   20.11 ^ _52664_/A (sky130_fd_sc_hd__nand2_1)
                  0.07    0.10   20.21 v _52664_/Y (sky130_fd_sc_hd__nand2_1)
     1    0.01                           _01463_ (net)
                  0.07    0.00   20.21 v _52665_/B1 (sky130_fd_sc_hd__o2bb2a_1)
                  0.10    0.37   20.58 v _52665_/X (sky130_fd_sc_hd__o2bb2a_1)
     3    0.01                           _01464_ (net)
                  0.10    0.00   20.58 v _52692_/A2 (sky130_fd_sc_hd__a2111o_4)
                  0.10    0.58   21.17 v _52692_/X (sky130_fd_sc_hd__a2111o_4)
     5    0.03                           _01493_ (net)
                  0.10    0.00   21.17 v _52704_/A1 (sky130_fd_sc_hd__a211o_4)
                  0.12    0.44   21.61 v _52704_/X (sky130_fd_sc_hd__a211o_4)
     4    0.05                           _01507_ (net)
                  0.12    0.01   21.62 v _52862_/A2 (sky130_fd_sc_hd__a2111oi_4)
                  0.26    0.40   22.02 ^ _52862_/Y (sky130_fd_sc_hd__a2111oi_4)
     1    0.01                           _01679_ (net)
                  0.26    0.00   22.02 ^ wire3/A (sky130_fd_sc_hd__clkbuf_1)
                  0.08    0.16   22.18 ^ wire3/X (sky130_fd_sc_hd__clkbuf_1)
     2    0.01                           net422 (net)
                  0.08    0.00   22.18 ^ max_cap2/A (sky130_fd_sc_hd__clkbuf_1)
                  0.08    0.12   22.30 ^ max_cap2/X (sky130_fd_sc_hd__clkbuf_1)
     1    0.01                           net421 (net)
                  0.08    0.00   22.30 ^ max_cap122/A (sky130_fd_sc_hd__buf_6)
                  0.05    0.12   22.42 ^ max_cap122/X (sky130_fd_sc_hd__buf_6)
     4    0.02                           net122 (net)
                  0.05    0.00   22.42 ^ _52915_/A (sky130_fd_sc_hd__and2_4)
                  0.05    0.15   22.57 ^ _52915_/X (sky130_fd_sc_hd__and2_4)
     2    0.01                           _01738_ (net)
                  0.05    0.00   22.57 ^ _52919_/A1_N (sky130_fd_sc_hd__a2bb2o_4)
                  0.05    0.23   22.80 v _52919_/X (sky130_fd_sc_hd__a2bb2o_4)
     2    0.01                           _01742_ (net)
                  0.05    0.00   22.80 v _52932_/B (sky130_fd_sc_hd__nor4_4)
                  0.52    0.53   23.34 ^ _52932_/Y (sky130_fd_sc_hd__nor4_4)
     2    0.03                           _01756_ (net)
                  0.52    0.00   23.34 ^ wire119/A (sky130_fd_sc_hd__buf_6)
                  0.05    0.20   23.54 ^ wire119/X (sky130_fd_sc_hd__buf_6)
     4    0.02                           net119 (net)
                  0.05    0.00   23.54 ^ rebuffer3/A (sky130_fd_sc_hd__buf_6)
                  0.03    0.10   23.64 ^ rebuffer3/X (sky130_fd_sc_hd__buf_6)
     1    0.01                           net331 (net)
                  0.03    0.00   23.64 ^ _53130_/A1 (sky130_fd_sc_hd__a21oi_4)
                  0.08    0.05   23.69 v _53130_/Y (sky130_fd_sc_hd__a21oi_4)
     2    0.01                           _01973_ (net)
                  0.08    0.00   23.69 v _53131_/B1 (sky130_fd_sc_hd__a21oi_4)
                  0.29    0.28   23.97 ^ _53131_/Y (sky130_fd_sc_hd__a21oi_4)
     4    0.04                           _01974_ (net)
                  0.29    0.00   23.98 ^ rebuffer33/A (sky130_fd_sc_hd__buf_6)
                  0.04    0.16   24.13 ^ rebuffer33/X (sky130_fd_sc_hd__buf_6)
     1    0.01                           net361 (net)
                  0.04    0.00   24.13 ^ _53132_/B (sky130_fd_sc_hd__xor2_2)
                  0.19    0.20   24.34 ^ _53132_/X (sky130_fd_sc_hd__xor2_2)
     4    0.01                           _01975_ (net)
                  0.19    0.00   24.34 ^ rebuffer83/A (sky130_fd_sc_hd__clkbuf_1)
                  0.07    0.14   24.47 ^ rebuffer83/X (sky130_fd_sc_hd__clkbuf_1)
     1    0.01                           net411 (net)
                  0.07    0.00   24.47 ^ _53134_/A2 (sky130_fd_sc_hd__o21ai_2)
                  0.05    0.07   24.54 v _53134_/Y (sky130_fd_sc_hd__o21ai_2)
     2    0.01                           _01978_ (net)
                  0.05    0.00   24.54 v _53138_/A1 (sky130_fd_sc_hd__a21o_1)
                  0.05    0.18   24.72 v _53138_/X (sky130_fd_sc_hd__a21o_1)
     2    0.01                           _01982_ (net)
                  0.05    0.00   24.72 v _53140_/A2 (sky130_fd_sc_hd__a21o_1)
                  0.05    0.21   24.93 v _53140_/X (sky130_fd_sc_hd__a21o_1)
     2    0.01                           _01984_ (net)
                  0.05    0.00   24.93 v _53148_/A2 (sky130_fd_sc_hd__a31o_1)
                  0.06    0.24   25.17 v _53148_/X (sky130_fd_sc_hd__a31o_1)
     2    0.01                           _01993_ (net)
                  0.06    0.00   25.17 v _53150_/A2 (sky130_fd_sc_hd__a21oi_2)
                  0.15    0.19   25.36 ^ _53150_/Y (sky130_fd_sc_hd__a21oi_2)
     2    0.01                           _01995_ (net)
                  0.15    0.00   25.36 ^ _53152_/A2 (sky130_fd_sc_hd__o21ai_2)
                  0.09    0.13   25.49 v _53152_/Y (sky130_fd_sc_hd__o21ai_2)
     3    0.02                           _01997_ (net)
                  0.09    0.00   25.49 v _53159_/B2 (sky130_fd_sc_hd__a221o_1)
                  0.10    0.41   25.90 v _53159_/X (sky130_fd_sc_hd__a221o_1)
     3    0.01                           _02005_ (net)
                  0.10    0.00   25.90 v _53194_/A1 (sky130_fd_sc_hd__a221o_2)
                  0.09    0.44   26.34 v _53194_/X (sky130_fd_sc_hd__a221o_2)
     3    0.02                           _02044_ (net)
                  0.09    0.00   26.34 v _53203_/B2 (sky130_fd_sc_hd__a221o_2)
                  0.08    0.43   26.77 v _53203_/X (sky130_fd_sc_hd__a221o_2)
     3    0.01                           _02054_ (net)
                  0.08    0.00   26.78 v _53242_/A1 (sky130_fd_sc_hd__a41o_4)
                  0.07    0.27   27.04 v _53242_/X (sky130_fd_sc_hd__a41o_4)
     4    0.03                           _02096_ (net)
                  0.07    0.00   27.04 v _53249_/B2 (sky130_fd_sc_hd__a221o_1)
                  0.10    0.40   27.44 v _53249_/X (sky130_fd_sc_hd__a221o_1)
     2    0.01                           _02104_ (net)
                  0.10    0.00   27.44 v _53333_/A (sky130_fd_sc_hd__xnor2_2)
                  0.10    0.21   27.65 v _53333_/Y (sky130_fd_sc_hd__xnor2_2)
     4    0.02                           _02197_ (net)
                  0.10    0.00   27.65 v _53337_/B1 (sky130_fd_sc_hd__a2111o_1)
                  0.06    0.42   28.07 v _53337_/X (sky130_fd_sc_hd__a2111o_1)
     1    0.00                           _02201_ (net)
                  0.06    0.00   28.07 v _53338_/B1 (sky130_fd_sc_hd__a41o_1)
                  0.04    0.21   28.28 v _53338_/X (sky130_fd_sc_hd__a41o_1)
     1    0.00                           _02202_ (net)
                  0.04    0.00   28.28 v _53339_/B (sky130_fd_sc_hd__nor2_1)
                  0.11    0.11   28.40 ^ _53339_/Y (sky130_fd_sc_hd__nor2_1)
     1    0.01                           _02203_ (net)
                  0.11    0.00   28.40 ^ _53340_/D (sky130_fd_sc_hd__and4_1)
                  0.08    0.23   28.63 ^ _53340_/X (sky130_fd_sc_hd__and4_1)
     1    0.01                           _02204_ (net)
                  0.08    0.00   28.63 ^ _53341_/A (sky130_fd_sc_hd__nand2_2)
                  0.09    0.09   28.72 v _53341_/Y (sky130_fd_sc_hd__nand2_2)
     3    0.02                           _02205_ (net)
                  0.09    0.00   28.72 v _53342_/A (sky130_fd_sc_hd__buf_6)
                  0.06    0.18   28.90 v _53342_/X (sky130_fd_sc_hd__buf_6)
     6    0.05                           _02206_ (net)
                  0.06    0.00   28.90 v split49/A (sky130_fd_sc_hd__buf_8)
                  0.05    0.16   29.06 v split49/X (sky130_fd_sc_hd__buf_8)
     5    0.05                           net377 (net)
                  0.05    0.00   29.06 v _53521_/B (sky130_fd_sc_hd__and3_1)
                  0.07    0.20   29.27 v _53521_/X (sky130_fd_sc_hd__and3_1)
     3    0.01                           _02376_ (net)
                  0.07    0.00   29.27 v _53528_/A2 (sky130_fd_sc_hd__o21ai_1)
                  0.14    0.16   29.43 ^ _53528_/Y (sky130_fd_sc_hd__o21ai_1)
     1    0.01                           _02383_ (net)
                  0.14    0.00   29.43 ^ _53529_/B1 (sky130_fd_sc_hd__a21o_1)
                  0.06    0.12   29.55 ^ _53529_/X (sky130_fd_sc_hd__a21o_1)
     1    0.01                           _02384_ (net)
                  0.06    0.00   29.55 ^ _53530_/A (sky130_fd_sc_hd__nand2_1)
                  0.05    0.06   29.60 v _53530_/Y (sky130_fd_sc_hd__nand2_1)
     1    0.00                           _02385_ (net)
                  0.05    0.00   29.60 v _53531_/A0 (sky130_fd_sc_hd__mux2_4)
                  0.05    0.28   29.88 v _53531_/X (sky130_fd_sc_hd__mux2_4)
     1    0.00                           _02386_ (net)
                  0.05    0.00   29.88 v _53532_/A (sky130_fd_sc_hd__clkbuf_1)
                  0.04    0.10   29.99 v _53532_/X (sky130_fd_sc_hd__clkbuf_1)
     1    0.00                           _00030_ (net)
                  0.04    0.00   29.99 v _85193_/D (sky130_fd_sc_hd__dfrtp_4)
                                 29.99   data arrival time

                         10.00   10.00   clock clk (rise edge)
                          0.00   10.00   clock source latency
                  0.79    0.53   10.53 ^ clk (in)
     2    0.18                           clk (net)
                  0.79    0.00   10.53 ^ clkbuf_0_clk/A (sky130_fd_sc_hd__clkbuf_16)
                  0.18    0.37   10.89 ^ clkbuf_0_clk/X (sky130_fd_sc_hd__clkbuf_16)
     8    0.16                           clknet_0_clk (net)
                  0.18    0.01   10.90 ^ clkbuf_2_2_0_clk/A (sky130_fd_sc_hd__clkbuf_8)
                  0.09    0.20   11.10 ^ clkbuf_2_2_0_clk/X (sky130_fd_sc_hd__clkbuf_8)
     2    0.05                           clknet_2_2_0_clk (net)
                  0.09    0.00   11.10 ^ clkbuf_3_4__f_clk/A (sky130_fd_sc_hd__clkbuf_16)
                  0.16    0.23   11.33 ^ clkbuf_3_4__f_clk/X (sky130_fd_sc_hd__clkbuf_16)
    11    0.15                           clknet_3_4__leaf_clk (net)
                  0.16    0.01   11.33 ^ _85193_/CLK (sky130_fd_sc_hd__dfrtp_4)
                         -0.25   11.08   clock uncertainty
                          0.09   11.18   clock reconvergence pessimism
                         -0.08   11.10   library setup time
                                 11.10   data required time
-----------------------------------------------------------------------------
                                 11.10   data required time
                                -29.99   data arrival time
-----------------------------------------------------------------------------
                                -18.89   slack (VIOLATED)




===========================================================================
 report_check_types -max_slew -max_cap -max_fanout -violators
============================================================================
======================= Fastest Corner ===================================

max fanout

Pin                                   Limit Fanout  Slack
---------------------------------------------------------
input45/X                                10     39    -29 (VIOLATED)
input47/X                                10     29    -19 (VIOLATED)
_42912_/X                                10     26    -16 (VIOLATED)
_43077_/X                                10     20    -10 (VIOLATED)
input54/X                                10     19     -9 (VIOLATED)
_43415_/X                                10     18     -8 (VIOLATED)
_43479_/X                                10     17     -7 (VIOLATED)
clkbuf_3_1__f_clk/X                      10     17     -7 (VIOLATED)
input63/X                                10     17     -7 (VIOLATED)
_42979_/X                                10     15     -5 (VIOLATED)
_53359_/X                                10     15     -5 (VIOLATED)
_42698_/X                                10     14     -4 (VIOLATED)
_42848_/X                                10     14     -4 (VIOLATED)
_43112_/X                                10     14     -4 (VIOLATED)
_43576_/X                                10     14     -4 (VIOLATED)
clkbuf_3_0__f_clk/X                      10     14     -4 (VIOLATED)
clkbuf_3_3__f_clk/X                      10     14     -4 (VIOLATED)
input59/X                                10     14     -4 (VIOLATED)
_53451_/X                                10     13     -3 (VIOLATED)
_74236_/X                                10     13     -3 (VIOLATED)
clkbuf_leaf_25_clk/X                     10     13     -3 (VIOLATED)
_42604_/X                                10     12     -2 (VIOLATED)
_42785_/X                                10     12     -2 (VIOLATED)
_64584_/X                                10     12     -2 (VIOLATED)
clkbuf_3_7__f_clk/X                      10     12     -2 (VIOLATED)
_42572_/X                                10     11        (VIOLATED)
_42845_/X                                10     11        (VIOLATED)
_42874_/X                                10     11        (VIOLATED)
_42882_/X                                10     11        (VIOLATED)
_42985_/X                                10     11        (VIOLATED)
_43150_/X                                10     11        (VIOLATED)
_43924_/X                                10     11        (VIOLATED)
_74697_/X                                10     11        (VIOLATED)
_74703_/X                                10     11        (VIOLATED)
_74862_/X                                10     11        (VIOLATED)
_74865_/X                                10     11        (VIOLATED)
_76417_/X                                10     11        (VIOLATED)
clkbuf_3_2__f_clk/X                      10     11        (VIOLATED)
clkbuf_3_4__f_clk/X                      10     11        (VIOLATED)
input17/X                                10     11        (VIOLATED)
input41/X                                10     11        (VIOLATED)


======================= Slowest Corner ===================================

max slew

Pin                                    Limit    Slew   Slack
------------------------------------------------------------
clkbuf_0_clk/A                          0.75    1.27   -0.52 (VIOLATED)
ANTENNA_84/DIODE                        0.75    1.27   -0.52 (VIOLATED)
clk                                     0.75    1.27   -0.52 (VIOLATED)
_83841_/B                               0.75    1.11   -0.36 (VIOLATED)
_83385_/B                               0.75    1.11   -0.36 (VIOLATED)
_83480_/B                               0.75    1.11   -0.36 (VIOLATED)
_83384_/Y                               0.75    1.11   -0.36 (VIOLATED)
_47621_/B                               0.75    1.00   -0.25 (VIOLATED)
_47622_/A2                              0.75    1.00   -0.25 (VIOLATED)
_47566_/A1                              0.75    1.00   -0.25 (VIOLATED)
_47703_/A                               0.75    1.00   -0.25 (VIOLATED)
_47565_/A                               0.75    1.00   -0.25 (VIOLATED)
_47558_/Y                               0.75    1.00   -0.25 (VIOLATED)
_83481_/B                               0.75    0.98   -0.23 (VIOLATED)
_83376_/B                               0.75    0.98   -0.23 (VIOLATED)
_83375_/Y                               0.75    0.98   -0.23 (VIOLATED)
_83477_/B                               0.75    0.96   -0.21 (VIOLATED)
_83388_/B                               0.75    0.96   -0.21 (VIOLATED)
_83387_/Y                               0.75    0.96   -0.21 (VIOLATED)
_47706_/C                               0.75    0.91   -0.16 (VIOLATED)
_47707_/A2                              0.75    0.91   -0.16 (VIOLATED)
_48510_/B                               0.75    0.91   -0.16 (VIOLATED)
_47705_/Y                               0.75    0.91   -0.16 (VIOLATED)
_47447_/A                               0.75    0.89   -0.14 (VIOLATED)
_46549_/A                               0.75    0.89   -0.14 (VIOLATED)
_46160_/B1                              0.75    0.89   -0.14 (VIOLATED)
_46087_/Y                               0.75    0.89   -0.14 (VIOLATED)
_73693_/A1                              0.75    0.87   -0.12 (VIOLATED)
_73590_/B                               0.75    0.87   -0.12 (VIOLATED)
_74424_/B1                              0.75    0.87   -0.12 (VIOLATED)
_73589_/X                               0.75    0.87   -0.12 (VIOLATED)
_53807_/B1                              0.75    0.87   -0.12 (VIOLATED)
_74057_/B1                              0.75    0.87   -0.12 (VIOLATED)
_53448_/B1                              0.75    0.87   -0.12 (VIOLATED)
_63858_/B1                              0.75    0.87   -0.12 (VIOLATED)
_64206_/B1                              0.75    0.87   -0.12 (VIOLATED)
_45661_/A2                              0.75    0.87   -0.12 (VIOLATED)
_45556_/C                               0.75    0.87   -0.12 (VIOLATED)
_45660_/C                               0.75    0.87   -0.12 (VIOLATED)
_45555_/Y                               0.75    0.87   -0.12 (VIOLATED)
_46581_/B                               0.75    0.87   -0.12 (VIOLATED)
_46578_/B                               0.75    0.87   -0.12 (VIOLATED)
_46588_/B                               0.75    0.87   -0.12 (VIOLATED)
_46577_/Y                               0.75    0.87   -0.12 (VIOLATED)
_84292_/B1                              0.75    0.87   -0.12 (VIOLATED)
_84648_/B1                              0.75    0.86   -0.11 (VIOLATED)
_53447_/X                               0.75    0.86   -0.11 (VIOLATED)
_53818_/B1                              0.75    0.86   -0.11 (VIOLATED)
_46534_/A                               0.75    0.86   -0.11 (VIOLATED)
_47103_/A                               0.75    0.86   -0.11 (VIOLATED)
_46308_/A                               0.75    0.86   -0.11 (VIOLATED)
_46313_/A                               0.75    0.86   -0.11 (VIOLATED)
_53454_/A                               0.75    0.86   -0.11 (VIOLATED)
ANTENNA_59/DIODE                        0.75    0.86   -0.11 (VIOLATED)
_74438_/B1                              0.75    0.86   -0.11 (VIOLATED)
ANTENNA_61/DIODE                        0.75    0.86   -0.11 (VIOLATED)
_74065_/B1                              0.75    0.86   -0.11 (VIOLATED)
_46212_/Y                               0.75    0.86   -0.11 (VIOLATED)
ANTENNA_60/DIODE                        0.75    0.86   -0.11 (VIOLATED)
_63863_/B1                              0.75    0.86   -0.11 (VIOLATED)
_64217_/B1                              0.75    0.86   -0.11 (VIOLATED)
_73165_/A2                              0.75    0.86   -0.11 (VIOLATED)
max_cap158/A                            0.75    0.86   -0.11 (VIOLATED)
_72326_/A1                              0.75    0.86   -0.11 (VIOLATED)
_72280_/A                               0.75    0.86   -0.11 (VIOLATED)
_72236_/Y                               0.75    0.86   -0.11 (VIOLATED)
_84297_/B1                              0.75    0.86   -0.11 (VIOLATED)
ANTENNA_57/DIODE                        0.75    0.86   -0.11 (VIOLATED)
ANTENNA_58/DIODE                        0.75    0.86   -0.11 (VIOLATED)
_84661_/B1                              0.75    0.86   -0.11 (VIOLATED)
_53451_/X                               0.75    0.86   -0.11 (VIOLATED)
wire119/A                               0.75    0.85   -0.10 (VIOLATED)
_53004_/A_N                             0.75    0.85   -0.10 (VIOLATED)
_52932_/Y                               0.75    0.85   -0.10 (VIOLATED)
_74332_/B1                              0.75    0.85   -0.10 (VIOLATED)
_53716_/B1                              0.75    0.85   -0.10 (VIOLATED)
_74018_/B1                              0.75    0.85   -0.10 (VIOLATED)
_53403_/B1                              0.75    0.85   -0.10 (VIOLATED)
_63818_/B1_N                            0.75    0.85   -0.10 (VIOLATED)
_64110_/B1                              0.75    0.85   -0.10 (VIOLATED)
_49192_/A                               0.75    0.85   -0.10 (VIOLATED)
_52605_/A                               0.75    0.85   -0.10 (VIOLATED)
_46575_/X                               0.75    0.85   -0.10 (VIOLATED)
_74467_/B1                              0.75    0.85   -0.10 (VIOLATED)
_74076_/B1                              0.75    0.85   -0.10 (VIOLATED)
_53844_/B1                              0.75    0.85   -0.10 (VIOLATED)
_53468_/B1                              0.75    0.85   -0.10 (VIOLATED)
_63874_/B1                              0.75    0.85   -0.10 (VIOLATED)
_64243_/B1                              0.75    0.85   -0.10 (VIOLATED)
_84307_/B1                              0.75    0.85   -0.10 (VIOLATED)
_84692_/B1                              0.75    0.85   -0.10 (VIOLATED)
_53467_/X                               0.75    0.85   -0.10 (VIOLATED)
_59181_/A                               0.75    0.85   -0.10 (VIOLATED)
_59182_/A                               0.75    0.85   -0.10 (VIOLATED)
_59056_/A                               0.75    0.85   -0.10 (VIOLATED)
_59179_/A1                              0.75    0.85   -0.10 (VIOLATED)
_57468_/A                               0.75    0.85   -0.10 (VIOLATED)
_57365_/A1                              0.75    0.85   -0.10 (VIOLATED)
_57464_/A                               0.75    0.85   -0.10 (VIOLATED)
_57465_/A                               0.75    0.85   -0.10 (VIOLATED)
_57243_/A1                              0.75    0.85   -0.10 (VIOLATED)
_59612_/C1                              0.75    0.85   -0.10 (VIOLATED)
_57239_/X                               0.75    0.85   -0.10 (VIOLATED)
_84254_/B1                              0.75    0.84   -0.09 (VIOLATED)
_84558_/B1                              0.75    0.84   -0.09 (VIOLATED)
_53402_/X                               0.75    0.84   -0.09 (VIOLATED)
ANTENNA_349/DIODE                       0.75    0.84   -0.09 (VIOLATED)
ANTENNA_347/DIODE                       0.75    0.84   -0.09 (VIOLATED)
ANTENNA_345/DIODE                       0.75    0.84   -0.09 (VIOLATED)
ANTENNA_344/DIODE                       0.75    0.84   -0.09 (VIOLATED)
output109/A                             0.75    0.84   -0.09 (VIOLATED)
ANTENNA_343/DIODE                       0.75    0.84   -0.09 (VIOLATED)
ANTENNA_346/DIODE                       0.75    0.84   -0.09 (VIOLATED)
ANTENNA_348/DIODE                       0.75    0.84   -0.09 (VIOLATED)
ANTENNA_342/DIODE                       0.75    0.84   -0.09 (VIOLATED)
ANTENNA_340/DIODE                       0.75    0.84   -0.09 (VIOLATED)
ANTENNA_339/DIODE                       0.75    0.84   -0.09 (VIOLATED)
ANTENNA_338/DIODE                       0.75    0.84   -0.09 (VIOLATED)
ANTENNA_341/DIODE                       0.75    0.84   -0.09 (VIOLATED)
ANTENNA_337/DIODE                       0.75    0.84   -0.09 (VIOLATED)
_42848_/X                               0.75    0.84   -0.09 (VIOLATED)
_45558_/A2                              0.75    0.83   -0.08 (VIOLATED)
_45557_/C                               0.75    0.83   -0.08 (VIOLATED)
_45447_/C                               0.75    0.83   -0.08 (VIOLATED)
_45446_/Y                               0.75    0.83   -0.08 (VIOLATED)
_42944_/A                               0.75    0.82   -0.07 (VIOLATED)
_42635_/A                               0.75    0.82   -0.07 (VIOLATED)
_42583_/B1                              0.75    0.82   -0.07 (VIOLATED)
_42582_/Y                               0.75    0.82   -0.07 (VIOLATED)
_43280_/A                               0.75    0.82   -0.07 (VIOLATED)
_43603_/B1                              0.75    0.82   -0.07 (VIOLATED)
_73312_/B                               0.75    0.82   -0.07 (VIOLATED)
_73318_/B                               0.75    0.82   -0.07 (VIOLATED)
_73311_/Y                               0.75    0.82   -0.07 (VIOLATED)
_52999_/A                               0.75    0.82   -0.07 (VIOLATED)
_53129_/B1                              0.75    0.82   -0.07 (VIOLATED)
_52964_/A                               0.75    0.82   -0.07 (VIOLATED)
_49269_/Y                               0.75    0.82   -0.07 (VIOLATED)
_84749_/A                               0.75    0.82   -0.07 (VIOLATED)
_84327_/B1                              0.75    0.82   -0.07 (VIOLATED)
_64297_/B1                              0.75    0.82   -0.07 (VIOLATED)
_63894_/B1                              0.75    0.82   -0.07 (VIOLATED)
_53491_/B1                              0.75    0.82   -0.07 (VIOLATED)
_53901_/B1                              0.75    0.82   -0.07 (VIOLATED)
_72984_/B                               0.75    0.82   -0.07 (VIOLATED)
_72985_/B                               0.75    0.82   -0.07 (VIOLATED)
_72983_/Y                               0.75    0.82   -0.07 (VIOLATED)
_74096_/B1                              0.75    0.82   -0.07 (VIOLATED)
_74522_/A                               0.75    0.82   -0.07 (VIOLATED)
_53490_/X                               0.75    0.82   -0.07 (VIOLATED)
_81656_/A                               0.75    0.81   -0.06 (VIOLATED)
_81758_/A1                              0.75    0.81   -0.06 (VIOLATED)
_82849_/A                               0.75    0.81   -0.06 (VIOLATED)
_82896_/A1                              0.75    0.81   -0.06 (VIOLATED)
_82845_/A1                              0.75    0.81   -0.06 (VIOLATED)
_80549_/A                               0.75    0.81   -0.06 (VIOLATED)
_80550_/A                               0.75    0.81   -0.06 (VIOLATED)
_82885_/A1                              0.75    0.81   -0.06 (VIOLATED)
_80540_/Y                               0.75    0.81   -0.06 (VIOLATED)
_47467_/A                               0.75    0.81   -0.06 (VIOLATED)
_47454_/A                               0.75    0.81   -0.06 (VIOLATED)
_47737_/A                               0.75    0.81   -0.06 (VIOLATED)
_47453_/Y                               0.75    0.81   -0.06 (VIOLATED)
_73684_/A                               0.75    0.81   -0.06 (VIOLATED)
_73678_/B1                              0.75    0.81   -0.06 (VIOLATED)
_73673_/C1                              0.75    0.81   -0.06 (VIOLATED)
_83545_/B                               0.75    0.81   -0.06 (VIOLATED)
_83544_/B                               0.75    0.81   -0.06 (VIOLATED)
_73617_/B1                              0.75    0.81   -0.06 (VIOLATED)
_73614_/Y                               0.75    0.81   -0.06 (VIOLATED)
ANTENNA_214/DIODE                       0.75    0.81   -0.06 (VIOLATED)
ANTENNA_212/DIODE                       0.75    0.81   -0.06 (VIOLATED)
ANTENNA_211/DIODE                       0.75    0.81   -0.06 (VIOLATED)
ANTENNA_215/DIODE                       0.75    0.81   -0.06 (VIOLATED)
ANTENNA_213/DIODE                       0.75    0.81   -0.06 (VIOLATED)
ANTENNA_210/DIODE                       0.75    0.81   -0.06 (VIOLATED)
ANTENNA_209/DIODE                       0.75    0.81   -0.06 (VIOLATED)
ANTENNA_207/DIODE                       0.75    0.81   -0.06 (VIOLATED)
ANTENNA_205/DIODE                       0.75    0.81   -0.06 (VIOLATED)
ANTENNA_203/DIODE                       0.75    0.81   -0.06 (VIOLATED)
ANTENNA_201/DIODE                       0.75    0.81   -0.06 (VIOLATED)
ANTENNA_200/DIODE                       0.75    0.81   -0.06 (VIOLATED)
output80/A                              0.75    0.81   -0.06 (VIOLATED)
ANTENNA_199/DIODE                       0.75    0.81   -0.06 (VIOLATED)
ANTENNA_202/DIODE                       0.75    0.81   -0.06 (VIOLATED)
ANTENNA_204/DIODE                       0.75    0.81   -0.06 (VIOLATED)
ANTENNA_206/DIODE                       0.75    0.81   -0.06 (VIOLATED)
ANTENNA_208/DIODE                       0.75    0.81   -0.06 (VIOLATED)
_74571_/B1                              0.75    0.80   -0.05 (VIOLATED)
_74115_/B1                              0.75    0.80   -0.05 (VIOLATED)
_53951_/B1                              0.75    0.80   -0.05 (VIOLATED)
_53509_/B1                              0.75    0.80   -0.05 (VIOLATED)
_83543_/Y                               0.75    0.80   -0.05 (VIOLATED)
_63909_/B1                              0.75    0.80   -0.05 (VIOLATED)
ANTENNA_198/DIODE                       0.75    0.80   -0.05 (VIOLATED)
ANTENNA_197/DIODE                       0.75    0.80   -0.05 (VIOLATED)
ANTENNA_196/DIODE                       0.75    0.80   -0.05 (VIOLATED)
ANTENNA_195/DIODE                       0.75    0.80   -0.05 (VIOLATED)
ANTENNA_194/DIODE                       0.75    0.80   -0.05 (VIOLATED)
ANTENNA_193/DIODE                       0.75    0.80   -0.05 (VIOLATED)
ANTENNA_191/DIODE                       0.75    0.80   -0.05 (VIOLATED)
ANTENNA_192/DIODE                       0.75    0.80   -0.05 (VIOLATED)
_42912_/X                               0.75    0.80   -0.05 (VIOLATED)
_84799_/B1                              0.75    0.80   -0.05 (VIOLATED)
_84344_/B1                              0.75    0.80   -0.05 (VIOLATED)
_64348_/B1                              0.75    0.80   -0.05 (VIOLATED)
_53508_/X                               0.75    0.80   -0.05 (VIOLATED)
_67613_/B                               0.75    0.80   -0.05 (VIOLATED)
_67772_/A2                              0.75    0.80   -0.05 (VIOLATED)
_67604_/Y                               0.75    0.80   -0.05 (VIOLATED)
_57379_/B                               0.75    0.80   -0.05 (VIOLATED)
_57380_/B                               0.75    0.80   -0.05 (VIOLATED)
_57689_/B                               0.75    0.80   -0.05 (VIOLATED)
max_cap215/A                            0.75    0.80   -0.05 (VIOLATED)
_57530_/A                               0.75    0.80   -0.05 (VIOLATED)
_57378_/Y                               0.75    0.80   -0.05 (VIOLATED)
_57009_/A                               0.75    0.80   -0.05 (VIOLATED)
_59501_/A1                              0.75    0.80   -0.05 (VIOLATED)
_56902_/A                               0.75    0.80   -0.05 (VIOLATED)
_57082_/A1                              0.75    0.80   -0.05 (VIOLATED)
_57033_/A                               0.75    0.80   -0.05 (VIOLATED)
_56900_/Y                               0.75    0.80   -0.05 (VIOLATED)
_46291_/B1                              0.75    0.79   -0.04 (VIOLATED)
_46292_/C                               0.75    0.79   -0.04 (VIOLATED)
_46290_/Y                               0.75    0.79   -0.04 (VIOLATED)
_70828_/A                               0.75    0.79   -0.04 (VIOLATED)
_70829_/B                               0.75    0.79   -0.04 (VIOLATED)
_70415_/B                               0.75    0.79   -0.04 (VIOLATED)
_70418_/A_N                             0.75    0.79   -0.04 (VIOLATED)
_71789_/B                               0.75    0.79   -0.04 (VIOLATED)
_71745_/A                               0.75    0.79   -0.04 (VIOLATED)
_70690_/A                               0.75    0.79   -0.04 (VIOLATED)
_70652_/A                               0.75    0.79   -0.04 (VIOLATED)
_70170_/A                               0.75    0.79   -0.04 (VIOLATED)
_70171_/B_N                             0.75    0.79   -0.04 (VIOLATED)
_70165_/Y                               0.75    0.79   -0.04 (VIOLATED)
_72708_/B                               0.75    0.79   -0.04 (VIOLATED)
_71744_/Y                               0.75    0.79   -0.04 (VIOLATED)
_53833_/B1                              0.75    0.79   -0.04 (VIOLATED)
_74454_/B1                              0.75    0.79   -0.04 (VIOLATED)
_84737_/B1                              0.75    0.79   -0.04 (VIOLATED)
_53461_/B1                              0.75    0.79   -0.04 (VIOLATED)
_84322_/B1                              0.75    0.79   -0.04 (VIOLATED)
_74071_/B1                              0.75    0.79   -0.04 (VIOLATED)
_63868_/B1                              0.75    0.79   -0.04 (VIOLATED)
_64232_/B1                              0.75    0.79   -0.04 (VIOLATED)
_64286_/B1                              0.75    0.79   -0.04 (VIOLATED)
_84302_/B1                              0.75    0.79   -0.04 (VIOLATED)
_63889_/B1                              0.75    0.79   -0.04 (VIOLATED)
_53890_/B1                              0.75    0.79   -0.04 (VIOLATED)
_84680_/B1                              0.75    0.79   -0.04 (VIOLATED)
_53485_/B1                              0.75    0.79   -0.04 (VIOLATED)
_53460_/X                               0.75    0.79   -0.04 (VIOLATED)
_74091_/B1                              0.75    0.79   -0.04 (VIOLATED)
_74510_/B1                              0.75    0.79   -0.04 (VIOLATED)
_53484_/X                               0.75    0.79   -0.04 (VIOLATED)
_42566_/A                               0.75    0.79   -0.04 (VIOLATED)
_42878_/A                               0.75    0.79   -0.04 (VIOLATED)
_43576_/A2                              0.75    0.79   -0.04 (VIOLATED)
_43213_/A                               0.75    0.79   -0.04 (VIOLATED)
_42565_/Y                               0.75    0.79   -0.04 (VIOLATED)
_43605_/A2                              0.75    0.79   -0.04 (VIOLATED)
ANTENNA_501/DIODE                       0.75    0.78   -0.03 (VIOLATED)
ANTENNA_499/DIODE                       0.75    0.78   -0.03 (VIOLATED)
ANTENNA_497/DIODE                       0.75    0.78   -0.03 (VIOLATED)
ANTENNA_495/DIODE                       0.75    0.78   -0.03 (VIOLATED)
ANTENNA_494/DIODE                       0.75    0.78   -0.03 (VIOLATED)
output96/A                              0.75    0.78   -0.03 (VIOLATED)
ANTENNA_493/DIODE                       0.75    0.78   -0.03 (VIOLATED)
ANTENNA_496/DIODE                       0.75    0.78   -0.03 (VIOLATED)
ANTENNA_498/DIODE                       0.75    0.78   -0.03 (VIOLATED)
ANTENNA_500/DIODE                       0.75    0.78   -0.03 (VIOLATED)
_43785_/A2                              0.75    0.78   -0.03 (VIOLATED)
_43784_/C                               0.75    0.78   -0.03 (VIOLATED)
_43783_/Y                               0.75    0.78   -0.03 (VIOLATED)
_73604_/Y                               0.75    0.78   -0.03 (VIOLATED)
_73605_/B                               0.75    0.78   -0.03 (VIOLATED)
_73660_/B                               0.75    0.78   -0.03 (VIOLATED)
_73704_/B1                              0.75    0.78   -0.03 (VIOLATED)
_43805_/C                               0.75    0.78   -0.03 (VIOLATED)
_43810_/A2                              0.75    0.78   -0.03 (VIOLATED)
_43804_/Y                               0.75    0.78   -0.03 (VIOLATED)
_71308_/A1                              0.75    0.78   -0.03 (VIOLATED)
_70809_/A                               0.75    0.78   -0.03 (VIOLATED)
_69977_/A_N                             0.75    0.78   -0.03 (VIOLATED)
_69946_/A                               0.75    0.78   -0.03 (VIOLATED)
_69737_/A                               0.75    0.78   -0.03 (VIOLATED)
_69725_/Y                               0.75    0.78   -0.03 (VIOLATED)
_84704_/B1                              0.75    0.78   -0.03 (VIOLATED)
_84312_/B1                              0.75    0.78   -0.03 (VIOLATED)
ANTENNA_491/DIODE                       0.75    0.78   -0.03 (VIOLATED)
ANTENNA_490/DIODE                       0.75    0.78   -0.03 (VIOLATED)
ANTENNA_488/DIODE                       0.75    0.78   -0.03 (VIOLATED)
ANTENNA_486/DIODE                       0.75    0.78   -0.03 (VIOLATED)
ANTENNA_492/DIODE                       0.75    0.78   -0.03 (VIOLATED)
ANTENNA_489/DIODE                       0.75    0.78   -0.03 (VIOLATED)
ANTENNA_485/DIODE                       0.75    0.78   -0.03 (VIOLATED)
ANTENNA_487/DIODE                       0.75    0.78   -0.03 (VIOLATED)
_43415_/X                               0.75    0.78   -0.03 (VIOLATED)
_52929_/B                               0.75    0.78   -0.03 (VIOLATED)
_52928_/Y                               0.75    0.78   -0.03 (VIOLATED)
_64256_/B1                              0.75    0.78   -0.03 (VIOLATED)
_63879_/B1                              0.75    0.78   -0.03 (VIOLATED)
_71012_/A                               0.75    0.78   -0.03 (VIOLATED)
_71013_/A                               0.75    0.78   -0.03 (VIOLATED)
_70525_/B                               0.75    0.78   -0.03 (VIOLATED)
_71077_/A1                              0.75    0.78   -0.03 (VIOLATED)
_70670_/A                               0.75    0.78   -0.03 (VIOLATED)
_70467_/A                               0.75    0.78   -0.03 (VIOLATED)
_71117_/A                               0.75    0.78   -0.03 (VIOLATED)
_70466_/Y                               0.75    0.78   -0.03 (VIOLATED)
_53857_/A1                              0.75    0.77   -0.02 (VIOLATED)
_53474_/B1                              0.75    0.77   -0.02 (VIOLATED)
_80623_/Y                               0.75    0.77   -0.02 (VIOLATED)
_80627_/A                               0.75    0.77   -0.02 (VIOLATED)
_80628_/A1                              0.75    0.77   -0.02 (VIOLATED)
_81076_/B                               0.75    0.77   -0.02 (VIOLATED)
_73584_/A                               0.75    0.77   -0.02 (VIOLATED)
_73583_/Y                               0.75    0.77   -0.02 (VIOLATED)
_79860_/B                               0.75    0.77   -0.02 (VIOLATED)
_79859_/Y                               0.75    0.77   -0.02 (VIOLATED)
_74081_/B1                              0.75    0.77   -0.02 (VIOLATED)
_74481_/B1                              0.75    0.77   -0.02 (VIOLATED)
_53473_/X                               0.75    0.77   -0.02 (VIOLATED)
_83414_/B2                              0.75    0.77   -0.02 (VIOLATED)
_80197_/A1                              0.75    0.77   -0.02 (VIOLATED)
_81065_/A2                              0.75    0.77   -0.02 (VIOLATED)
_80286_/A2                              0.75    0.77   -0.02 (VIOLATED)
_80290_/B1                              0.75    0.77   -0.02 (VIOLATED)
_80289_/B                               0.75    0.77   -0.02 (VIOLATED)
_80205_/A2                              0.75    0.77   -0.02 (VIOLATED)
_81254_/A                               0.75    0.77   -0.02 (VIOLATED)
_80188_/X                               0.75    0.77   -0.02 (VIOLATED)
_82943_/B                               0.75    0.77   -0.02 (VIOLATED)
_82977_/B                               0.75    0.77   -0.02 (VIOLATED)
_82257_/B                               0.75    0.77   -0.02 (VIOLATED)
_82161_/A                               0.75    0.77   -0.02 (VIOLATED)
_82160_/Y                               0.75    0.77   -0.02 (VIOLATED)
_55980_/B                               0.75    0.77   -0.02 (VIOLATED)
_55979_/Y                               0.75    0.77   -0.02 (VIOLATED)
_58854_/B                               0.75    0.77   -0.02 (VIOLATED)
_59000_/B                               0.75    0.77   -0.02 (VIOLATED)
_59096_/A1                              0.75    0.77   -0.02 (VIOLATED)
_59014_/A                               0.75    0.77   -0.02 (VIOLATED)
_59662_/B2                              0.75    0.77   -0.02 (VIOLATED)
_59665_/A1                              0.75    0.77   -0.02 (VIOLATED)
_58853_/Y                               0.75    0.77   -0.02 (VIOLATED)
_52604_/A                               0.75    0.76   -0.01 (VIOLATED)
_52607_/A_N                             0.75    0.76   -0.01 (VIOLATED)
_69992_/B                               0.75    0.76   -0.01 (VIOLATED)
_70000_/B                               0.75    0.76   -0.01 (VIOLATED)
_70036_/A                               0.75    0.76   -0.01 (VIOLATED)
_69991_/Y                               0.75    0.76   -0.01 (VIOLATED)
_52601_/Y                               0.75    0.76   -0.01 (VIOLATED)
_48411_/B                               0.75    0.76   -0.01 (VIOLATED)
_48421_/B                               0.75    0.76   -0.01 (VIOLATED)
_48410_/Y                               0.75    0.76   -0.01 (VIOLATED)
wire133/A                               0.75    0.76   -0.01 (VIOLATED)
_83346_/Y                               0.75    0.76   -0.01 (VIOLATED)
_53135_/A                               0.75    0.76   -0.01 (VIOLATED)
_53124_/B1                              0.75    0.76   -0.01 (VIOLATED)
_52968_/C                               0.75    0.76   -0.01 (VIOLATED)
_52967_/Y                               0.75    0.76   -0.01 (VIOLATED)
_83870_/C                               0.75    0.76   -0.01 (VIOLATED)
_83948_/C1                              0.75    0.76   -0.01 (VIOLATED)
_83988_/C1                              0.75    0.76   -0.01 (VIOLATED)
_83993_/C1                              0.75    0.76   -0.01 (VIOLATED)
_83967_/A                               0.75    0.76   -0.01 (VIOLATED)
_83849_/Y                               0.75    0.76   -0.01 (VIOLATED)
_69110_/B1                              0.75    0.76   -0.01 (VIOLATED)
_69060_/D                               0.75    0.76   -0.01 (VIOLATED)
_69059_/Y                               0.75    0.76   -0.01 (VIOLATED)
_73737_/A                               0.75    0.76   -0.01 (VIOLATED)
_45326_/C                               0.75    0.76   -0.01 (VIOLATED)
_45448_/C                               0.75    0.76   -0.01 (VIOLATED)
_45449_/A2                              0.75    0.76   -0.01 (VIOLATED)
_73661_/B                               0.75    0.76   -0.01 (VIOLATED)
_73665_/C1                              0.75    0.76   -0.01 (VIOLATED)
_45325_/Y                               0.75    0.76   -0.01 (VIOLATED)
_73608_/D_N                             0.75    0.76   -0.01 (VIOLATED)
_73607_/Y                               0.75    0.76   -0.01 (VIOLATED)
_53113_/A1                              0.75    0.75   -0.00 (VIOLATED)
_52975_/D                               0.75    0.75   -0.00 (VIOLATED)
_52974_/Y                               0.75    0.75   -0.00 (VIOLATED)

max fanout

Pin                                   Limit Fanout  Slack
---------------------------------------------------------
input45/X                                10     39    -29 (VIOLATED)
input47/X                                10     29    -19 (VIOLATED)
_42912_/X                                10     26    -16 (VIOLATED)
_43077_/X                                10     20    -10 (VIOLATED)
input54/X                                10     19     -9 (VIOLATED)
_43415_/X                                10     18     -8 (VIOLATED)
_43479_/X                                10     17     -7 (VIOLATED)
clkbuf_3_1__f_clk/X                      10     17     -7 (VIOLATED)
input63/X                                10     17     -7 (VIOLATED)
_42979_/X                                10     15     -5 (VIOLATED)
_53359_/X                                10     15     -5 (VIOLATED)
_42698_/X                                10     14     -4 (VIOLATED)
_42848_/X                                10     14     -4 (VIOLATED)
_43112_/X                                10     14     -4 (VIOLATED)
_43576_/X                                10     14     -4 (VIOLATED)
clkbuf_3_0__f_clk/X                      10     14     -4 (VIOLATED)
clkbuf_3_3__f_clk/X                      10     14     -4 (VIOLATED)
input59/X                                10     14     -4 (VIOLATED)
_53451_/X                                10     13     -3 (VIOLATED)
_74236_/X                                10     13     -3 (VIOLATED)
clkbuf_leaf_25_clk/X                     10     13     -3 (VIOLATED)
_42604_/X                                10     12     -2 (VIOLATED)
_42785_/X                                10     12     -2 (VIOLATED)
_64584_/X                                10     12     -2 (VIOLATED)
clkbuf_3_7__f_clk/X                      10     12     -2 (VIOLATED)
_42572_/X                                10     11        (VIOLATED)
_42845_/X                                10     11        (VIOLATED)
_42874_/X                                10     11        (VIOLATED)
_42882_/X                                10     11        (VIOLATED)
_42985_/X                                10     11        (VIOLATED)
_43150_/X                                10     11        (VIOLATED)
_43924_/X                                10     11        (VIOLATED)
_74697_/X                                10     11        (VIOLATED)
_74703_/X                                10     11        (VIOLATED)
_74862_/X                                10     11        (VIOLATED)
_74865_/X                                10     11        (VIOLATED)
_76417_/X                                10     11        (VIOLATED)
clkbuf_3_2__f_clk/X                      10     11        (VIOLATED)
clkbuf_3_4__f_clk/X                      10     11        (VIOLATED)
input17/X                                10     11        (VIOLATED)
input41/X                                10     11        (VIOLATED)


======================= Typical Corner ===================================

max slew

Pin                                    Limit    Slew   Slack
------------------------------------------------------------
clkbuf_0_clk/A                          0.75    0.79   -0.04 (VIOLATED)
ANTENNA_84/DIODE                        0.75    0.79   -0.04 (VIOLATED)
clk                                     0.75    0.79   -0.04 (VIOLATED)

max fanout

Pin                                   Limit Fanout  Slack
---------------------------------------------------------
input45/X                                10     39    -29 (VIOLATED)
input47/X                                10     29    -19 (VIOLATED)
_42912_/X                                10     26    -16 (VIOLATED)
_43077_/X                                10     20    -10 (VIOLATED)
input54/X                                10     19     -9 (VIOLATED)
_43415_/X                                10     18     -8 (VIOLATED)
_43479_/X                                10     17     -7 (VIOLATED)
clkbuf_3_1__f_clk/X                      10     17     -7 (VIOLATED)
input63/X                                10     17     -7 (VIOLATED)
_42979_/X                                10     15     -5 (VIOLATED)
_53359_/X                                10     15     -5 (VIOLATED)
_42698_/X                                10     14     -4 (VIOLATED)
_42848_/X                                10     14     -4 (VIOLATED)
_43112_/X                                10     14     -4 (VIOLATED)
_43576_/X                                10     14     -4 (VIOLATED)
clkbuf_3_0__f_clk/X                      10     14     -4 (VIOLATED)
clkbuf_3_3__f_clk/X                      10     14     -4 (VIOLATED)
input59/X                                10     14     -4 (VIOLATED)
_53451_/X                                10     13     -3 (VIOLATED)
_74236_/X                                10     13     -3 (VIOLATED)
clkbuf_leaf_25_clk/X                     10     13     -3 (VIOLATED)
_42604_/X                                10     12     -2 (VIOLATED)
_42785_/X                                10     12     -2 (VIOLATED)
_64584_/X                                10     12     -2 (VIOLATED)
clkbuf_3_7__f_clk/X                      10     12     -2 (VIOLATED)
_42572_/X                                10     11        (VIOLATED)
_42845_/X                                10     11        (VIOLATED)
_42874_/X                                10     11        (VIOLATED)
_42882_/X                                10     11        (VIOLATED)
_42985_/X                                10     11        (VIOLATED)
_43150_/X                                10     11        (VIOLATED)
_43924_/X                                10     11        (VIOLATED)
_74697_/X                                10     11        (VIOLATED)
_74703_/X                                10     11        (VIOLATED)
_74862_/X                                10     11        (VIOLATED)
_74865_/X                                10     11        (VIOLATED)
_76417_/X                                10     11        (VIOLATED)
clkbuf_3_2__f_clk/X                      10     11        (VIOLATED)
clkbuf_3_4__f_clk/X                      10     11        (VIOLATED)
input17/X                                10     11        (VIOLATED)
input41/X                                10     11        (VIOLATED)



===========================================================================
report_parasitic_annotation -report_unannotated
============================================================================
Found 0 unannotated drivers.
Found 0 partially unannotated drivers.

===========================================================================
max slew violation count 384
max fanout violation count 41
max cap violation count 0
============================================================================

===========================================================================
check_setup -verbose -unconstrained_endpoints -multiple_clock -no_clock -no_input_delay -loops -generated_clocks
===========================================================================
