net,length_um
net7,1508.6
net9,1502.14
net2,1463.06
net30,1409.56
net61,1375.83
net6,1365.82
_07694_,1354.06
net60,1347.96
net41,1320.68
net53,1316.52
net38,1304.16
net54,1293.4
net8,1285.2
net48,1257.68
net58,1252.74
net31,1247.79
net5,1244.14
net57,1241.12
net10,1236.75
net52,1229.68
net39,1214.37
net32,1206.96
net67,1199.26
net56,1195
net50,1187.895
net59,1185.35
net40,1177.18
net3,1173
net64,1163.6
net51,1156.6
net55,1155.61
net37,1141.94
net63,1140.71
net45,1139.09
net65,1130.98
net28,1129.98
net62,1121
net16,1119.26
net29,1119.07
net11,1110.51
net15,1101.1
net4,1088.99
net26,1085.39
net43,1071.21
net47,1069.235
net46,1067.18
net13,1065.74
net66,1059.47
net68,1049.7
net462,1043.87
net42,1031.32
net44,1028.06
net23,976.86
stage8_inst.stage4_lower.stage2_pair0.butterfly_inst.mul_inst.start,971.91
net49,968.16
_07693_,943.69
net18,940.05
net27,929.62
net461,922.34
net19,900.87
net14,900.48
net1,900.03
net17,885.23
net20,871.96
clknet_0_clk,853.88
net22,844.14
net25,832.06
net12,811.07
net24,810.62
net237,798.88
clknet_2_0_0_clk,767.13
clknet_2_3_0_clk,747.8
clk,739.75
net73,737.69
net92,708.4
clknet_2_2_0_clk,704.96
clknet_2_1_0_clk,700.15
_07847_,699.19
net85,682.55
net97,665.66
net21,662.02
net36,628.02
net100,626.6
net80,621.58
_08473_,602.5
net70,597.155
_10433_,584.295
net307,558.72
net71,555.14
net69,554.17
_04162_,546.66
clknet_5_8__leaf_clk,536.65
net77,536.06
net90,535.77
_06313_,526.66
_07668_,526.51
_06314_,522.23
_04173_,519.66
net107,517.64
stage8_inst.in3\[31\],511.265
_07002_,510.23
clknet_5_7__leaf_clk,508.78
net105,506.42
net98,505.14
net35,503.36
clknet_5_11__leaf_clk,502.06
net99,500.56
clknet_5_17__leaf_clk,499.78
_08245_,499.66
clknet_5_3__leaf_clk,495.85
net74,495.32
net33,493.51
stage8_inst.in3\[0\],488.08
clknet_5_28__leaf_clk,485.62
_04149_,484.64
clknet_5_30__leaf_clk,482.32
_04144_,481.305
net109,480.46
stage8_inst.in3\[30\],477.385
stage8_inst.in3\[1\],475.32
net101,474.92
_04851_,474.665
_09770_,471.745
net110,470.62
stage8_inst.in3\[29\],470.345
_04150_,469.97
stage8_inst.in5\[10\],467.9
clknet_5_5__leaf_clk,467.47
net86,465.56
_07677_,463.64
clknet_5_9__leaf_clk,462.29
net76,458.72
stage8_inst.in3\[2\],457.1
clknet_5_25__leaf_clk,457.05
_07744_,455.515
net79,455.26
_02509_,450.58
stage8_inst.in7\[31\],448.22
_04533_,446.14
stage8_inst.in7\[29\],446
net72,444.87
_02632_,444.8
stage8_inst.in3\[25\],441.265
net34,440.76
stage8_inst.in3\[3\],438.445
stage8_inst.in3\[28\],438.22
clknet_5_26__leaf_clk,438.1
net96,437.24
stage8_inst.in3\[24\],435.995
_11721_,435.3
clknet_5_18__leaf_clk,433.9
stage8_inst.in7\[30\],431.44
_02550_,431.4
net106,430.76
stage8_inst.in4\[21\],430.63
_06978_,430.36
_11998_,428.08
_06769_,427.135
_06647_,426.8
stage8_inst.in3\[26\],426.22
_04158_,424.935
clknet_5_6__leaf_clk,423.97
stage8_inst.in7\[28\],423.93
_07697_,423.43
clknet_5_16__leaf_clk,423.04
stage8_inst.in3\[27\],421.8
_06325_,421.18
_06787_,420.46
net82,420.3
_10185_,419.7
stage8_inst.in7\[27\],419.58
_04521_,419.215
_12008_,419.03
clknet_5_4__leaf_clk,418.57
_02862_,418.25
stage8_inst.in3\[23\],417.825
_06688_,417.33
_03073_,416.13
_02830_,415.2
stage8_inst.in4\[20\],414.74
stage8_inst.in7\[24\],413.32
_11927_,412.37
stage8_inst.in5\[12\],411.93
stage8_inst.in0\[21\],410.72
clknet_5_13__leaf_clk,409.48
net103,408.38
net104,408.32
clknet_5_15__leaf_clk,407.42
stage8_inst.in5\[9\],406.7
net102,406.6
clknet_5_24__leaf_clk,406.29
_07884_,405.24
stage8_inst.in7\[25\],404.68
stage8_inst.in4\[22\],403.9
clknet_5_1__leaf_clk,403.32
_10204_,403.14
net108,402.88
net95,402.63
_10250_,402.45
_10103_,400.71
_03434_,400.59
clknet_5_20__leaf_clk,399.85
_10591_,398.38
stage8_inst.in3\[22\],398.185
_04527_,397.5
_07537_,395.37
stage8_inst.in7\[26\],395.2
_08821_,395.03
stage8_inst.in3\[4\],394.845
net93,394.2
_06140_,393.86
stage8_inst.in3\[5\],393.735
stage8_inst.in3\[21\],393.715
_02551_,392.6
clknet_5_31__leaf_clk,391.18
_07888_,390.14
_06343_,389.72
stage8_inst.in1\[30\],388.23
_06789_,387.94
_11990_,387.49
stage8_inst.in0\[12\],386.89
net78,386.82
net81,385.66
stage8_inst.in5\[20\],385.64
_07727_,385.185
_07897_,383.33
_02665_,383.04
clknet_5_0__leaf_clk,382.77
_09722_,382.2
_10109_,380.78
_03069_,379.51
stage8_inst.in3\[6\],379.365
clknet_5_2__leaf_clk,378.77
_04809_,378.27
_05046_,377.8
stage8_inst.in0\[24\],377.34
stage8_inst.in1\[10\],377.1
_07740_,376.15
net91,376.02
stage8_inst.in5\[13\],375.18
stage8_inst.in3\[19\],374.295
clknet_5_27__leaf_clk,373.11
clknet_5_10__leaf_clk,373.1
_06151_,372.08
net353,371.66
_08231_,370.06
_10106_,369.94
_07892_,369.91
net460,369.855
stage8_inst.in3\[18\],369.545
stage8_inst.in1\[22\],369.51
stage8_inst.in3\[16\],369.32
stage8_inst.in3\[20\],369.16
_02555_,368.83
stage8_inst.in5\[15\],368.81
_07753_,368.3
_02602_,368.29
net263,367.49
stage8_inst.in1\[31\],364.835
stage8_inst.in6\[15\],364.38
_02554_,363.97
_10964_,363.8
stage8_inst.in3\[7\],363.3
stage8_inst.in7\[23\],362.14
_04794_,362
_00025_,360.96
clknet_5_21__leaf_clk,360.9
_09582_,360.78
clknet_5_23__leaf_clk,360.38
stage8_inst.in1\[11\],360.32
net406,358.735
stage8_inst.in1\[29\],358.43
_07799_,358.31
stage8_inst.in1\[16\],358.18
clknet_5_19__leaf_clk,357.93
_04585_,357.1
_10383_,356.435
stage8_inst.in5\[11\],354.96
_09726_,354.58
_02553_,354.48
stage8_inst.in1\[8\],354.48
stage8_inst.in1\[24\],353.98
_10104_,353.86
stage8_inst.in5\[14\],353.84
stage8_inst.in1\[23\],353.4
stage8_inst.in0\[10\],352.56
stage8_inst.in5\[8\],352.47
stage8_inst.in0\[20\],352.23
stage8_inst.in1\[9\],351.7
net84,351.66
_07757_,350.75
_10629_,350.71
clknet_5_12__leaf_clk,350.63
stage8_inst.in5\[17\],350.58
stage8_inst.in1\[7\],350.3
_07739_,350.28
_10218_,350.26
net276,350.1
_06804_,349.39
stage8_inst.in4\[19\],349.12
_04520_,348.12
net282,348.11
stage8_inst.in5\[7\],347.34
_09752_,347.26
_02563_,347.24
stage8_inst.in3\[11\],347.125
stage8_inst.in0\[8\],346.34
stage8_inst.in1\[12\],345.98
stage8_inst.in7\[21\],345.7
stage8_inst.in7\[17\],344.78
_03964_,344.41
stage8_inst.in3\[14\],344.24
stage8_inst.in7\[18\],343.98
_07153_,343.86
_10105_,343.74
stage8_inst.in0\[16\],341.92
_06689_,341.74
stage8_inst.stage4_upper.stage2_pair1.butterfly_inst.mul_inst.phase\[1\],340.97
stage8_inst.in1\[28\],340.46
_07692_,340.08
net83,340.08
stage8_inst.in1\[5\],339.8
stage8_inst.in5\[16\],339.34
clknet_5_29__leaf_clk,339.02
_07682_,338.78
_03057_,338.755
_02881_,338.685
_10421_,338.54
_04522_,337.75
_02697_,337.64
_04792_,337.42
stage8_inst.in3\[17\],337.4
_07699_,336.86
_10606_,336.435
_03415_,336.12
stage8_inst.in3\[8\],335.265
_10368_,335.16
stage8_inst.stage4_lower.stage2_pair0.butterfly_inst.mul_done,334.56
_08354_,334.32
_10835_,334.07
stage8_inst.in5\[3\],333.72
_08895_,333.56
stage8_inst.in5\[28\],333.44
stage8_inst.in3\[9\],332.665
stage8_inst.in1\[19\],332.55
_02819_,332.31
stage8_inst.in4\[15\],332.11
stage8_inst.in4\[25\],331.42
stage8_inst.in7\[14\],331.28
_04480_,331.2
_05024_,331.13
_07705_,331.105
stage8_inst.in7\[22\],331.02
net385,330.95
_06945_,330.37
stage8_inst.in1\[21\],329.94
_09725_,329.78
_12002_,329.44
stage8_inst.in5\[23\],329.36
stage8_inst.in7\[20\],329.34
_05025_,329.18
_05022_,328.465
_10377_,328.3
stage8_inst.in5\[4\],328.3
stage8_inst.in5\[27\],327.96
_03962_,327.18
stage8_inst.in7\[19\],326.9
stage8_inst.in5\[5\],326.62
_02557_,326.38
stage8_inst.in5\[21\],326.38
stage8_inst.in1\[27\],325.86
_06768_,325.68
_07736_,325.525
_10102_,325.5
stage8_inst.in0\[9\],325.46
_11839_,325.06
stage8_inst.in5\[31\],324.98
stage8_inst.in4\[10\],324.13
_07151_,323.6
_07722_,323.13
_04807_,323.08
stage8_inst.in1\[6\],322.55
stage8_inst.in1\[4\],322.36
stage8_inst.in4\[8\],322.12
stage8_inst.in5\[30\],322.06
_09536_,322.04
stage8_inst.in1\[26\],322
_03581_,321.86
clknet_5_14__leaf_clk,320.72
stage8_inst.in4\[18\],320.14
stage8_inst.in2\[22\],319.92
_03040_,319.44
_10630_,319.08
_06965_,319
stage8_inst.in1\[13\],317.22
_06815_,317.18
_03084_,317.08
stage8_inst.in5\[22\],317.06
stage8_inst.in4\[26\],316.38
stage8_inst.in3\[13\],315.885
stage8_inst.in7\[13\],315.82
stage8_inst.in4\[17\],314.58
stage8_inst.in3\[10\],314.42
stage8_inst.in3\[12\],314.285
_09520_,313.71
_10131_,313.3
_07670_,312.98
stage8_inst.in5\[19\],312.7
stage8_inst.in1\[14\],312.54
stage8_inst.in1\[3\],312.32
stage8_inst.in5\[6\],312.27
stage8_inst.in5\[26\],311.8
_07910_,311.7
stage8_inst.in7\[15\],311.5
_04604_,311.42
_09543_,311.18
net430,310.71
stage8_inst.in5\[29\],310.32
stage8_inst.in3\[15\],310.09
_10604_,309.715
stage8_inst.in1\[18\],309.48
_02811_,308.76
stage8_inst.in1\[25\],308.42
_07679_,308.14
_04636_,308
_07704_,307.88
stage8_inst.in4\[24\],307.66
_10096_,307.62
_07960_,307.33
_07865_,307.28
stage8_inst.in4\[16\],306.84
_08223_,305.76
stage8_inst.in5\[24\],305.49
_06687_,305.02
_08785_,304.74
stage8_inst.in7\[16\],304.04
stage8_inst.in6\[18\],303.94
_11724_,303.78
_02641_,302.87
stage8_inst.in0\[14\],302.6
stage8_inst.in1\[17\],301.96
_10618_,300.87
_07735_,300.38
_04638_,300.24
_08000_,300.1
_03091_,299.56
_02869_,299.38
stage8_inst.in5\[18\],299.14
_10108_,298.36
_07660_,298.32
stage8_inst.in4\[13\],297.86
stage8_inst.in4\[27\],297.76
_07680_,297.32
net150,296.96
_04523_,295.64
_04549_,295.4
_02549_,295.38
_10194_,295.025
_08197_,294.24
_07014_,294.18
stage8_inst.in4\[23\],293.3
stage8_inst.in1\[20\],293.28
_05034_,292.57
_04790_,292.24
net328,292.22
_05009_,291.28
_10417_,291.26
_04640_,290.82
_05766_,290.82
stage8_inst.in4\[11\],290.43
_03988_,290.42
_04801_,290.16
stage8_inst.in5\[25\],289.72
stage8_inst.in7\[11\],289.36
_11989_,289.08
stage8_inst.in4\[14\],288.88
_05368_,287.66
_04526_,287.165
stage8_inst.in1\[15\],287.14
_07691_,286.94
stage8_inst.in4\[28\],286.435
_07955_,286.18
_06324_,285.8
stage8_inst.in7\[8\],285.46
_07681_,285.2
stage8_inst.in5\[2\],285.16
_07728_,284.82
stage8_inst.in4\[12\],284.34
stage8_inst.in7\[12\],283.26
stage8_inst.in4\[7\],283.04
_07659_,282.9
_03443_,282.62
stage8_inst.in4\[9\],282.15
stage8_inst.in1\[2\],282.08
_05047_,282.07
_08834_,282.06
_00021_,281.68
_07730_,281.56
stage8_inst.in2\[20\],281.28
clknet_5_22__leaf_clk,281.18
_06199_,281.015
_07771_,280.955
stage8_inst.in5\[1\],280.78
_04806_,279.86
net236,279.44
stage8_inst.in4\[29\],279.24
_08937_,279.22
stage8_inst.in7\[9\],278.74
stage8_inst.in2\[19\],276.88
net146,276.86
_07706_,276.4
_06445_,275.8
_11030_,275.78
_07674_,275.2
_05430_,274.99
_07164_,274.73
_10062_,274.2
stage8_inst.in0\[15\],273.5
_07723_,273.02
_04384_,271.94
_02643_,271.86
stage8_inst.in5\[0\],271.48
_05036_,271.385
stage8_inst.in1\[0\],270.9
stage8_inst.in7\[10\],270.88
_05275_,270.72
net165,270.52
_07754_,269.02
_10448_,268.22
stage8_inst.in7\[7\],267.92
_11997_,267.35
_00027_,267.025
_10412_,266.975
net429,266.96
_07687_,266.72
stage8_inst.in4\[31\],266.04
stage8_inst.stage4_upper.stage2_pair1.butterfly_inst.add_inst.b\[31\],265.34
_07664_,265.235
_11826_,264.74
stage8_inst.stage4_upper.stage2_pair1.butterfly_inst.add_inst.b\[30\],264.38
_06379_,264.01
_07957_,264
_07178_,263.97
_07906_,263.52
_07766_,263.29
_07729_,262.34
stage8_inst.in2\[18\],261.96
_05030_,261.92
_09963_,261.5
_06964_,260.8
_06693_,260.24
_02944_,257.115
_05419_,256.97
_04797_,256.81
_10107_,256.48
_08246_,256.38
_02883_,255.98
_10607_,255.51
_04637_,255.24
_07685_,255.12
_04524_,254.32
_07726_,254.32
_04410_,253.46
_04850_,253.06
stage8_inst.in1\[1\],252.36
_12024_,252.12
_04514_,251.92
stage8_inst.in4\[6\],251.92
stage8_inst.in7\[1\],251.36
_06699_,251.355
_10613_,250.96
stage8_inst.in2\[21\],250.7
_08427_,250.39
_02832_,250.25
_10622_,249.9
stage8_inst.in4\[30\],249.86
_06131_,249.44
stage8_inst.in6\[19\],247.34
_06949_,246.9
_07516_,246.9
stage8_inst.in7\[0\],246.84
_04374_,246.7
_06950_,246.61
stage8_inst.in6\[21\],246.32
_03059_,245.08
_06690_,244.835
stage8_inst.stage4_upper.stage2_pair1.butterfly_inst.add_inst.b\[26\],244.55
_08337_,244.46
_07176_,243.94
_07671_,243.54
_02552_,243.04
net298,242.49
stage8_inst.in2\[23\],242.48
net317,242.27
_10415_,241.87
_09167_,241.38
_07772_,241.005
_09525_,240.96
_09993_,240.76
_07177_,239.795
_08222_,239.72
_06989_,239.63
_03959_,239.465
_10407_,239.14
_07958_,239.12
_02866_,238.72
_07028_,238.595
_07774_,238.36
_09535_,238.34
_03056_,238.08
stage8_inst.in2\[26\],237.94
_02543_,237.895
_10101_,237.735
_02836_,237.54
_10953_,237.2
_05256_,236.97
_04596_,236.8
_10154_,236.7
stage8_inst.in7\[2\],236.62
_02827_,236.52
stage8_inst.in7\[6\],236
_08631_,235.28
_07701_,235.24
_05040_,235.17
_07663_,235.14
stage8_inst.stage4_lower.stage2_pair1.butterfly_inst.add_inst.b\[30\],235.06
_02867_,234.6
_10041_,234.54
_07157_,234.18
_10616_,233.54
_08563_,233.34
stage8_inst.in6\[20\],233.14
_04329_,232.66
_04352_,232.46
_06993_,231.36
_04306_,230.24
_08969_,230.17
stage8_inst.stage4_lower.stage2_pair1.butterfly_inst.add_inst.b\[29\],230.14
_03960_,230.08
_10628_,229.74
_04339_,229.02
net438,228.8
stage8_inst.in2\[12\],228.76
_07166_,228.705
_06963_,228.44
stage8_inst.in0\[3\],226.82
_04399_,225.7
net177,225.16
_06686_,224.32
_07707_,224.22
_08739_,224.16
net94,224
net148,223.7
_08699_,223.57
_08882_,223.44
_08797_,223.34
_07158_,223.315
_10257_,223.16
_07000_,223.06
_08254_,223
_10414_,222.7
stage8_inst.in6\[22\],222.5
_08716_,222.2
_10029_,221.36
_06125_,221.12
_11988_,220.8
_07156_,220.3
_02816_,219.98
_11360_,219.31
stage8_inst.in7\[5\],218.535
stage8_inst.stage4_upper.stage2_pair1.butterfly_inst.add_inst.b\[28\],218.42
_03064_,218.36
_07918_,218.27
_07154_,218.195
_10373_,217.33
stage8_inst.in2\[13\],217.16
_06148_,216.9
_07768_,216.79
_06130_,216.56
_08935_,216.2
net459,216.17
_03580_,216.02
_10858_,216.02
_08519_,215.94
_04798_,215.62
_07759_,215.56
_04525_,215.24
_10612_,214.26
_10052_,214.24
_04423_,214
_10007_,213.82
_03978_,213.4
_06128_,213.39
stage8_inst.in0\[4\],213.26
_08208_,213.24
_04796_,212.06
_10014_,211.96
_10365_,210.1
stage8_inst.stage4_upper.stage2_pair1.butterfly_inst.add_inst.b\[0\],210.055
stage8_inst.stage4_lower.stage2_pair1.butterfly_inst.mul_inst.phase\[1\],209.58
_07034_,209.28
_02822_,208.97
_07966_,208.92
stage8_inst.stage4_upper.stage2_pair1.butterfly_inst.add_inst.b\[29\],208.84
_06685_,208.54
_06660_,207.97
_07755_,207.66
_03969_,207.42
_08198_,207.115
_02817_,206.62
stage8_inst.in2\[24\],206.3
_09521_,206.2
_05026_,206.11
stage8_inst.in6\[17\],206.02
_02364_,205.97
stage8_inst.stage4_lower.stage2_pair0.butterfly_inst.add_inst.b\[26\],205.84
_07667_,205.64
_03065_,205.58
_07711_,205.515
net456,205.28
_06127_,205.07
_11720_,204.88
_05533_,204.46
net242,204.13
stage8_inst.stage4_upper.stage2_pair1.butterfly_inst.add_inst.b\[27\],204.1
net384,203.68
stage8_inst.in6\[14\],203.64
_08523_,203.27
_04793_,203.06
stage8_inst.in6\[23\],203.06
_03994_,202.74
_11129_,202.72
_09527_,202.3
stage8_inst.in2\[14\],202.24
_07536_,202.175
stage8_inst.stage4_lower.stage2_pair1.butterfly_inst.add_inst.b\[31\],201.86
_07855_,201.58
_07721_,201.52
_10860_,201.35
_11987_,201.25
stage8_inst.stage4_upper.stage2_pair1.butterfly_inst.mul_done,201.15
_10516_,200.8
_07750_,200.69
_05035_,200.3
_10406_,200.29
_05023_,200.14
_08745_,200.14
_08451_,199.56
_09984_,199.49
stage8_inst.in4\[5\],199.32
_06955_,198.74
_05534_,198.645
stage8_inst.in7\[3\],198.5
stage8_inst.in7\[4\],197.74
_10605_,197.48
_08449_,197.36
net87,197.16
_08859_,196.54
_06691_,196.41
_08573_,196.2
_04831_,195.93
stage8_inst.in6\[27\],195.86
net333,195.63
_07159_,195.36
net290,195.31
_03998_,194.76
stage8_inst.stage4_lower.stage2_pair1.butterfly_inst.add_inst.b\[28\],194.76
_06796_,194.52
stage8_inst.in6\[28\],194.44
_07698_,194.315
_04865_,193.91
stage8_inst.in0\[29\],193.88
_03444_,193.84
_02861_,193.47
stage8_inst.in2\[15\],193.04
_04481_,192.94
_04619_,192.7
net210,192.63
_08429_,192.54
_07155_,192.495
net443,192.49
_04315_,191.94
stage8_inst.stage4_lower.stage2_pair1.butterfly_inst.add_inst.b\[3\],191.44
_09972_,191.4
_07567_,191.3
_05150_,191.26
_07170_,190.88
_01945_,190.745
_06948_,190.51
stage8_inst.stage4_upper.stage2_pair0.butterfly_inst.mul_inst.acc_low\[4\],190.2
net266,190.04
_02556_,189.86
_09928_,189.84
_04433_,189.78
_07556_,189.52
_07959_,189.44
_10419_,188.9
_02387_,188.64
stage8_inst.in0\[26\],188.46
stage8_inst.in2\[11\],188.3
_10608_,188.24
_11995_,187.96
_04316_,187.94
stage8_inst.in2\[25\],187.78
stage8_inst.stage4_upper.stage2_pair1.butterfly_inst.add_inst.b\[24\],187.62
_11210_,187.6
stage8_inst.stage4_lower.stage2_pair0.butterfly_inst.add_inst.b\[30\],187.51
net404,187.4
_06469_,186.9
_11004_,186.33
_02704_,186.3
stage8_inst.stage4_lower.stage2_pair1.butterfly_inst.add_inst.b\[7\],185.88
_05272_,185.74
_03579_,185.7
_06265_,185.58
stage8_inst.in2\[10\],185.06
stage8_inst.stage4_upper.stage2_pair1.butterfly_inst.add_inst.a\[12\],185.02
_07954_,184.82
_07826_,184.34
_02510_,184.315
_06967_,184.11
stage8_inst.in2\[8\],183.98
stage8_inst.stage4_lower.stage2_pair0.butterfly_inst.add_inst.b\[29\],183.86
net453,183.85
_10864_,183.78
_07834_,183.64
_09942_,183.62
stage8_inst.stage4_lower.stage2_pair1.butterfly_inst.add_inst.b\[2\],183.56
_03068_,183.24
stage8_inst.stage4_lower.stage2_pair1.butterfly_inst.mul_inst.acc_low\[26\],183.22
_07962_,183.02
_07033_,182.84
stage8_inst.stage4_lower.stage2_pair1.butterfly_inst.mul_inst.acc_low\[0\],182.61
stage8_inst.stage4_upper.stage2_pair0.butterfly_inst.add_inst.b\[24\],182.58
net247,182.57
_06459_,182.44
_08399_,182.26
_05029_,181.8
stage8_inst.in2\[16\],181.58
_11364_,181.53
net188,181.47
net423,181.27
_08268_,181.06
stage8_inst.stage4_upper.stage2_pair1.butterfly_inst.add_inst.b\[25\],180.64
_04810_,180.625
net273,180.49
_03317_,180.48
_07271_,180.28
stage8_inst.in2\[17\],180.12
_04785_,180.08
_08495_,180.035
_10374_,179.84
_10610_,179.56
_08860_,178.92
net371,178.74
_05027_,178.68
_07031_,178.535
stage8_inst.stage4_upper.stage2_pair1.butterfly_inst.add_inst.a\[13\],178.46
stage8_inst.stage4_upper.stage2_pair0.butterfly_inst.add_inst.b\[2\],178.44
_07539_,178.37
stage8_inst.in0\[30\],178.36
_02825_,178.3
stage8_inst.in0\[28\],178.26
_02322_,178.18
_08305_,178
_11992_,177.93
_05386_,177.87
net235,177.86
_02330_,177.69
net89,177.6
_02834_,177.48
net211,177.48
_02623_,177.29
stage8_inst.in2\[9\],176.92
_10504_,176.66
_05028_,176.39
net458,176.38
net234,175.9
_07030_,175.56
_09166_,175.54
_11128_,175.38
net367,175.05
net354,174.89
_07390_,174.845
stage8_inst.stage4_upper.stage2_pair1.butterfly_inst.add_inst.b\[20\],174.78
_07944_,174.34
stage8_inst.in0\[2\],174.14
stage8_inst.stage4_lower.stage2_pair0.butterfly_inst.add_inst.b\[24\],173.675
net213,173.67
_07967_,173.575
_03483_,173.56
stage8_inst.stage4_lower.stage2_pair1.butterfly_inst.add_inst.b\[27\],173.48
_08761_,172.78
_05408_,172.775
net413,172.76
_06692_,172.74
_10399_,172.68
_07830_,172.64
_10074_,172.54
net405,172.39
_08426_,172.34
net381,172.31
_06858_,171.89
_10413_,171.68
_04296_,171.64
_04878_,171.46
_11742_,171.415
_04787_,171.02
_03312_,170.94
_02363_,170.92
_08644_,170.24
_04879_,170.05
_02937_,169.56
_03066_,169.455
_07926_,169.38
_05271_,169.07
_04479_,169.06
stage8_inst.in6\[11\],169.02
_02820_,168.765
stage8_inst.in6\[1\],168.72
_04800_,168.68
net167,168.4
stage8_inst.stage4_upper.stage2_pair0.butterfly_inst.add_inst.a\[24\],168.22
_04492_,168.17
stage8_inst.stage4_lower.stage2_pair0.butterfly_inst.mul_inst.acc_low\[24\],168.13
_02412_,168.1
_09532_,167.885
_04275_,167.54
net187,167.34
net327,167.27
_10614_,167.115
net200,167.08
net143,167
_02375_,166.94
stage8_inst.stage4_upper.stage2_pair1.butterfly_inst.add_inst.b\[1\],166.46
stage8_inst.stage4_lower.stage2_pair0.butterfly_inst.add_inst.b\[27\],166.3
net193,166.16
_04881_,165.96
stage8_inst.stage4_lower.stage2_pair1.butterfly_inst.mul_inst.phase\[5\],165.82
_07708_,165.78
_02402_,165.26
_07961_,165.24
_10176_,165.2
_07969_,165.1
_08907_,164.85
net212,164.82
net319,164.75
stage8_inst.stage4_upper.stage2_pair1.butterfly_inst.add_inst.a\[10\],164.5
_10720_,164.34
net136,164.3
stage8_inst.stage4_upper.stage2_pair0.butterfly_inst.add_inst.b\[30\],164.16
_00022_,163.84
net259,163.76
stage8_inst.stage4_lower.stage2_pair0.butterfly_inst.mul_inst.acc_low\[25\],163.755
stage8_inst.stage4_lower.stage2_pair1.butterfly_inst.mul_inst.carry_reg,163.51
stage8_inst.stage4_lower.stage2_pair0.butterfly_inst.add_inst.a\[16\],163.44
_10499_,163.42
_06303_,163.32
_06495_,163.28
net386,162.84
_10273_,162.46
_10611_,162.46
net265,162.35
stage8_inst.stage4_lower.stage2_pair0.butterfly_inst.mul_inst.acc_low\[4\],162.16
stage8_inst.stage4_lower.stage2_pair0.butterfly_inst.add_inst.b\[31\],162.06
_10861_,161.73
_06312_,161.72
net162,161.65
_07712_,161.46
_10609_,161.34
_10982_,160.9
_02305_,160.6
stage8_inst.stage4_upper.stage2_pair1.butterfly_inst.add_inst.b\[22\],160.5
net454,160.39
_02831_,160.38
stage8_inst.in2\[27\],160.28
net414,160.27
net161,160.14
_08405_,159.86
net205,159.76
_10085_,159.7
_10367_,159.68
stage8_inst.stage4_lower.stage2_pair1.butterfly_inst.mul_inst.acc_low\[1\],159.59
net216,159.59
stage8_inst.out5\[21\],159.46
stage8_inst.stage4_lower.stage2_pair1.butterfly_inst.add_inst.b\[24\],159.44
net114,159.38
_07658_,159.12
net369,159
stage8_inst.stage4_upper.stage2_pair0.butterfly_inst.mul_inst.acc_low\[0\],158.91
_05031_,158.815
stage8_inst.stage4_lower.stage2_pair0.butterfly_inst.add_inst.b\[25\],158.64
_05441_,158.58
stage8_inst.stage4_lower.stage2_pair1.butterfly_inst.add_inst.b\[1\],158.52
_06673_,158.125
stage8_inst.in0\[11\],157.62
net173,157.58
_06812_,156.92
net262,156.88
stage8_inst.stage4_lower.stage2_pair1.butterfly_inst.add_inst.b\[6\],156.86
_07540_,156.27
_04876_,156.24
_08823_,156.24
net160,156.21
_10385_,156.15
stage8_inst.in6\[6\],156.14
net370,156.05
_05397_,155.98
stage8_inst.stage4_lower.stage2_pair1.butterfly_inst.mul_inst.acc_low\[30\],155.66
_08315_,155.5
_11715_,155.5
_06842_,155.48
stage8_inst.in0\[31\],155.46
stage8_inst.stage4_lower.stage2_pair0.butterfly_inst.add_inst.b\[22\],155.46
stage8_inst.stage4_lower.stage2_pair1.butterfly_inst.mul_inst.acc_low\[16\],155.45
stage8_inst.in4\[4\],155.28
_04677_,155.08
net271,154.8
net312,154.76
_08361_,154.38
net390,154.3
_04176_,154.275
net396,154.08
_08645_,154.06
_03060_,153.91
stage8_inst.stage4_upper.stage2_pair1.butterfly_inst.add_inst.b\[3\],153.78
stage8_inst.stage4_upper.stage2_pair0.butterfly_inst.mul_inst.acc_low\[1\],153.58
_03455_,153.555
_10856_,153.52
net365,153.47
net246,153.45
_06648_,153.36
_08896_,153.25
net291,153.18
_10469_,152.83
_06820_,152.77
net201,152.71
stage8_inst.stage4_upper.stage2_pair0.butterfly_inst.add_inst.b\[26\],152.6
_02824_,152.49
_06864_,151.96
_06136_,151.92
net316,151.89
_08327_,151.36
net267,151.19
net448,151.16
stage8_inst.stage4_lower.stage2_pair1.butterfly_inst.add_inst.b\[4\],151.06
stage8_inst.in6\[4\],151.02
_07956_,150.805
_03972_,150.72
_04612_,150.54
_11718_,150.49
net225,150.23
_08808_,150.12
stage8_inst.stage4_lower.stage2_pair1.butterfly_inst.mul_inst.acc_low\[27\],150.08
_09892_,149.9
_08717_,149.86
_07734_,149.84
stage8_inst.in2\[29\],149.64
_10993_,149.6
_08934_,149.54
_05625_,149.5
_05039_,149.47
net382,149.26
net115,149.22
stage8_inst.stage4_upper.stage2_pair0.butterfly_inst.add_inst.b\[1\],149.02
_08845_,149
_10063_,148.98
stage8_inst.stage4_lower.stage2_pair0.butterfly_inst.mul_inst.acc_low\[3\],148.88
stage8_inst.stage4_lower.stage2_pair1.butterfly_inst.add_inst.b\[25\],148.5
net297,148.4
stage8_inst.stage4_upper.stage2_pair1.butterfly_inst.add_inst.a\[16\],148.34
stage8_inst.stage4_lower.stage2_pair1.butterfly_inst.mul_inst.acc_low\[9\],148.04
net426,147.8
_02930_,147.68
stage8_inst.in6\[5\],147.24
net357,147
_06506_,146.96
stage8_inst.in2\[1\],146.94
net399,146.92
net174,146.9
net195,146.83
_08595_,146.68
_08207_,146.56
stage8_inst.stage4_lower.stage2_pair1.butterfly_inst.mul_inst.t_reg\[12\],146.54
_10420_,146.51
_06494_,146.18
_07762_,146.18
stage8_inst.out7\[24\],145.82
_10372_,145.77
_02521_,145.62
_04883_,145.5
_10498_,145.42
_02926_,145.325
_06795_,145.2
_08282_,144.94
_07950_,144.88
stage8_inst.stage4_lower.stage2_pair0.butterfly_inst.mul_inst.acc_low\[5\],144.87
_04930_,144.86
stage8_inst.stage4_lower.stage2_pair1.butterfly_inst.add_inst.a\[6\],144.58
_02929_,144.52
net402,144.4
_04825_,144.29
net465,144.1
net268,143.89
_08471_,143.88
_03061_,143.8
net318,143.7
net436,143.63
_04503_,143.42
_02845_,143.32
_08474_,143.23
net419,143.22
stage8_inst.in2\[28\],143.18
net264,143.18
_06954_,143.02
stage8_inst.stage4_upper.stage2_pair1.butterfly_inst.add_inst.a\[8\],143.02
_03062_,142.975
_04885_,142.86
net175,142.86
_09843_,142.5
net418,142.47
stage8_inst.stage4_upper.stage2_pair1.butterfly_inst.mul_inst.phase\[5\],142.36
_10280_,142.34
stage8_inst.stage4_upper.stage2_pair0.butterfly_inst.add_inst.b\[28\],142.3
_09918_,142.26
_06952_,141.92
net360,141.86
stage8_inst.in6\[0\],141.8
stage8_inst.stage4_upper.stage2_pair0.butterfly_inst.mul_inst.phase\[5\],141.78
stage8_inst.stage4_upper.stage2_pair0.butterfly_inst.add_inst.b\[0\],141.76
net427,141.75
net308,141.73
net320,141.55
_06714_,141.48
stage8_inst.stage4_upper.stage2_pair0.butterfly_inst.add_inst.b\[29\],141.24
_04362_,141.2
stage8_inst.stage4_upper.stage2_pair1.butterfly_inst.add_inst.a\[7\],140.87
_07946_,140.7
_08283_,140.68
_02532_,140.64
_10376_,140.46
net324,140.36
_07075_,140.265
stage8_inst.in4\[1\],139.98
net314,139.84
stage8_inst.stage4_upper.stage2_pair0.butterfly_inst.mul_inst.acc_low\[17\],139.835
_11823_,139.46
stage8_inst.stage4_lower.stage2_pair0.butterfly_inst.add_inst.b\[1\],138.995
stage8_inst.stage4_upper.stage2_pair0.butterfly_inst.mul_inst.acc_low\[7\],138.9
net248,138.78
stage8_inst.stage4_lower.stage2_pair1.butterfly_inst.mul_inst.acc_low\[6\],138.42
net245,138.41
stage8_inst.stage4_lower.stage2_pair1.butterfly_inst.add_inst.b\[0\],138.38
_08871_,138.215
net437,138.18
_06519_,137.86
_06784_,137.6
net185,137.47
_08655_,137.28
_07056_,137.26
stage8_inst.in0\[5\],137.24
_10370_,137.2
net275,137.2
stage8_inst.stage4_upper.stage2_pair1.butterfly_inst.mul_inst.t_reg\[24\],137.18
_07775_,137.16
stage8_inst.stage4_upper.stage2_pair0.butterfly_inst.mul_inst.acc_low\[19\],137.09
_06951_,136.83
_04270_,136.82
_04602_,136.67
_06959_,136.56
stage8_inst.stage4_lower.stage2_pair1.butterfly_inst.add_inst.a\[7\],136.56
_06962_,136.5
_02833_,136.485
_10264_,136.44
stage8_inst.stage4_upper.stage2_pair1.butterfly_inst.add_inst.a\[17\],136.41
_08667_,136.4
_08617_,136.3
_09518_,136.14
_05528_,136.02
_02927_,135.84
net362,135.75
stage8_inst.out5\[23\],135.74
_06544_,135.72
net389,135.7
stage8_inst.stage4_lower.stage2_pair1.butterfly_inst.mul_inst.t_reg\[8\],135.6
_11813_,135.58
_05032_,135.47
_06481_,135.44
_10256_,135.42
net218,135.32
_07505_,135.1
_11958_,135.04
_08918_,134.96
net158,134.96
_06956_,134.79
_06835_,134.72
stage8_inst.in0\[7\],134.42
_07898_,134.37
stage8_inst.stage4_lower.stage2_pair0.butterfly_inst.mul_inst.acc_low\[22\],134.32
_11714_,134.29
_02353_,134.26
_06440_,134.08
net394,134.08
net270,134.07
_06849_,134.06
net254,133.77
net351,133.74
net287,133.56
stage8_inst.stage4_upper.stage2_pair1.butterfly_inst.add_inst.b\[23\],133.48
_08383_,133.41
_02849_,133.33
net249,133.31
_09903_,133.2
stage8_inst.stage4_lower.stage2_pair1.butterfly_inst.mul_inst.acc_low\[28\],133.18
stage8_inst.stage4_upper.stage2_pair0.butterfly_inst.add_inst.b\[4\],133.18
net223,133.04
_09490_,132.84
_06969_,132.83
stage8_inst.stage4_lower.stage2_pair1.butterfly_inst.add_inst.b\[26\],132.72
_06727_,132.695
stage8_inst.in6\[12\],132.68
_07420_,132.54
_07800_,132.33
stage8_inst.stage4_lower.stage2_pair1.butterfly_inst.mul_inst.acc_low\[8\],132.26
_10369_,132.23
net393,132.23
net392,132.09
_07635_,132.08
stage8_inst.in6\[2\],132.08
stage8_inst.stage4_lower.stage2_pair1.butterfly_inst.mul_inst.acc_low\[12\],132.04
net363,132
_07688_,131.98
net206,131.89
stage8_inst.stage4_upper.stage2_pair1.butterfly_inst.add_inst.a\[11\],131.88
stage8_inst.stage4_lower.stage2_pair1.butterfly_inst.mul_inst.acc_low\[22\],131.82
_04802_,131.79
net1167,131.79
_07678_,131.7
net329,131.67
net379,131.67
_02956_,131.625
_02931_,131.54
stage8_inst.stage4_upper.stage2_pair0.butterfly_inst.mul_inst.acc_low\[3\],131.54
stage8_inst.stage4_upper.stage2_pair1.butterfly_inst.mul_inst.acc_low\[19\],131.45
stage8_inst.in2\[31\],131.34
stage8_inst.stage4_upper.stage2_pair0.butterfly_inst.mul_inst.acc_low\[12\],131.11
_07044_,130.9
stage8_inst.stage4_lower.stage2_pair1.butterfly_inst.mul_inst.ab_reg\[32\],130.86
stage8_inst.stage4_lower.stage2_pair0.butterfly_inst.mul_inst.phase\[5\],130.8
_06828_,130.68
_10378_,130.66
stage8_inst.stage4_lower.stage2_pair1.butterfly_inst.mul_inst.bit_idx\[5\],130.66
net203,130.63
stage8_inst.in0\[6\],130.62
stage8_inst.stage4_upper.stage2_pair1.butterfly_inst.mul_inst.acc_low\[18\],130.6
_04941_,130.54
_11734_,130.38
_06715_,130.36
_08377_,130.36
stage8_inst.stage4_lower.stage2_pair0.butterfly_inst.add_inst.b\[4\],130.36
stage8_inst.out1\[21\],130.34
_04791_,130.26
_04811_,130.16
net391,130.14
_06802_,130.08
_06566_,129.94
net306,129.85
stage8_inst.in6\[13\],129.755
net214,129.72
_11822_,129.7
stage8_inst.in4\[3\],129.66
stage8_inst.stage4_lower.stage2_pair1.butterfly_inst.add_inst.a\[16\],129.6
stage8_inst.stage4_upper.stage2_pair1.butterfly_inst.add_inst.b\[6\],129.6
net272,129.5
net350,129.45
net163,129.41
_03321_,129.28
net274,129.26
_02903_,128.975
stage8_inst.stage4_lower.stage2_pair0.butterfly_inst.add_inst.b\[2\],128.92
_04936_,128.76
net335,128.75
_10486_,128.64
clknet_leaf_212_clk,128.6
net208,128.575
stage8_inst.in0\[0\],128.48
stage8_inst.stage4_upper.stage2_pair0.butterfly_inst.mul_done,128.48
net257,128.45
stage8_inst.stage4_lower.stage2_pair1.butterfly_inst.mul_inst.acc_low\[5\],128.4
net439,128.34
net356,128.21
_09489_,128.16
stage8_inst.stage4_upper.stage2_pair1.butterfly_inst.mul_inst.acc_low\[26\],128.14
_10288_,128.12
_02823_,128.09
_07424_,128.08
_03072_,127.93
_05357_,127.92
net164,127.87
_08355_,127.82
stage8_inst.in6\[9\],127.78
_07533_,127.52
_10386_,127.495
net388,127.49
_06591_,127.38
_07714_,127.295
_08500_,127.04
_09465_,127
net445,127
_05653_,126.96
net198,126.88
stage8_inst.stage4_upper.stage2_pair0.butterfly_inst.add_inst.b\[27\],126.81
_06766_,126.72
_06577_,126.68
net258,126.67
_02934_,126.645
_02424_,126.48
stage8_inst.in4\[2\],126.47
stage8_inst.stage4_lower.stage2_pair0.butterfly_inst.mul_inst.acc_low\[21\],126.44
_07675_,126.32
stage8_inst.stage4_upper.stage2_pair1.butterfly_inst.mul_inst.acc_low\[0\],126.18
net226,126.15
stage8_inst.stage4_lower.stage2_pair0.butterfly_inst.mul_inst.acc_low\[10\],126.09
net408,126.08
net323,126.05
_06292_,126.02
stage8_inst.in2\[30\],126
_03309_,125.955
net421,125.83
stage8_inst.stage4_lower.stage2_pair0.butterfly_inst.mul_inst.acc_low\[6\],125.8
_06961_,125.72
_02288_,125.52
stage8_inst.in6\[10\],125.36
stage8_inst.stage4_lower.stage2_pair0.butterfly_inst.mul_inst.acc_low\[17\],125.36
net366,125.3
_09544_,125.22
clknet_leaf_52_clk,125.16
clknet_leaf_291_clk,125.14
_09331_,125.09
_04133_,125.08
stage8_inst.stage4_upper.stage2_pair1.butterfly_inst.mul_inst.acc_low\[1\],124.92
_07781_,124.87
_07948_,124.87
_07035_,124.76
stage8_inst.stage4_upper.stage2_pair1.butterfly_inst.add_inst.a\[9\],124.74
net194,124.61
net305,124.595
_12034_,124.56
stage8_inst.stage4_lower.stage2_pair1.butterfly_inst.mul_inst.acc_low\[2\],124.56
net256,124.56
_02828_,124.55
_05618_,124.48
_07160_,124.47
net243,124.45
net422,124.44
stage8_inst.stage4_upper.stage2_pair0.butterfly_inst.mul_inst.acc_low\[2\],124.31
_02898_,124.26
_04829_,124.26
_07113_,124.255
net233,124.25
net191,124.1
_03684_,124.01
net172,123.85
stage8_inst.stage4_upper.stage2_pair0.butterfly_inst.mul_inst.acc_low\[11\],123.76
net431,123.71
_07534_,123.69
net288,123.69
_04826_,123.62
net383,123.62
net230,123.48
stage8_inst.stage4_lower.stage2_pair1.butterfly_inst.mul_inst.acc_low\[3\],123.44
net447,123.44
stage8_inst.stage4_upper.stage2_pair0.butterfly_inst.add_inst.b\[3\],123.36
net166,123.35
net219,123.31
stage8_inst.stage4_upper.stage2_pair0.butterfly_inst.mul_inst.acc_low\[15\],123.3
_03737_,123.24
stage8_inst.stage4_lower.stage2_pair0.butterfly_inst.mul_inst.acc_low\[26\],123.22
net300,123.2
net283,123.17
stage8_inst.stage4_lower.stage2_pair1.butterfly_inst.add_inst.a\[5\],123.1
_11709_,123.03
_08786_,122.96
stage8_inst.stage4_lower.stage2_pair1.butterfly_inst.mul_inst.acc_low\[20\],122.94
_04595_,122.8
net376,122.77
stage8_inst.stage4_lower.stage2_pair1.butterfly_inst.mul_inst.acc_low\[7\],122.76
_09333_,122.64
stage8_inst.stage4_lower.stage2_pair0.butterfly_inst.add_inst.a\[26\],122.59
_07788_,122.54
stage8_inst.stage4_lower.stage2_pair1.butterfly_inst.mul_inst.multiplicand_low\[30\],122.54
clknet_leaf_62_clk,122.38
stage8_inst.stage4_upper.stage2_pair0.butterfly_inst.mul_inst.acc_low\[20\],122.375
net325,122.32
_07765_,122.22
_06000_,122.18
_02900_,122.13
_03556_,122.02
_08609_,121.98
_02966_,121.88
_11754_,121.8
_09711_,121.76
stage8_inst.in2\[5\],121.74
net368,121.72
stage8_inst.stage4_lower.stage2_pair1.butterfly_inst.mul_inst.t_reg\[10\],121.7
net340,121.64
stage8_inst.stage4_lower.stage2_pair1.butterfly_inst.mul_inst.t_reg\[18\],121.515
stage8_inst.stage4_lower.stage2_pair1.butterfly_inst.mul_inst.acc_low\[14\],121.42
_07945_,121.34
net451,121.28
stage8_inst.in6\[8\],121.18
_07669_,120.98
net334,120.9
_07094_,120.86
stage8_inst.in2\[3\],120.84
net168,120.69
stage8_inst.stage4_lower.stage2_pair0.butterfly_inst.add_inst.b\[0\],120.62
stage8_inst.stage4_lower.stage2_pair0.butterfly_inst.mul_inst.acc_low\[20\],120.54
_06598_,120.4
net179,120.34
_08545_,120.2
net313,120.18
clknet_leaf_269_clk,120.11
stage8_inst.out5\[31\],120.1
_02821_,119.94
net199,119.87
stage8_inst.stage4_upper.stage2_pair0.butterfly_inst.mul_inst.multiplier\[0\],119.855
_11248_,119.75
net221,119.75
stage8_inst.out7\[27\],119.68
_06968_,119.66
_05632_,119.56
_04252_,119.54
_06760_,119.33
_08251_,119.2
stage8_inst.stage4_lower.stage2_pair1.butterfly_inst.add_inst.a\[17\],119.2
net183,119.13
net347,119.12
_03002_,119.05
stage8_inst.stage4_lower.stage2_pair1.butterfly_inst.mul_inst.acc_low\[31\],118.79
_11521_,118.75
stage8_inst.in2\[7\],118.66
stage8_inst.stage4_lower.stage2_pair1.butterfly_inst.mul_inst.acc_low\[10\],118.52
net132,118.48
_07406_,118.38
_07672_,118.38
stage8_inst.stage4_upper.stage2_pair0.butterfly_inst.mul_inst.acc_low\[14\],118.34
_04236_,118.26
net400,118.15
stage8_inst.stage4_lower.stage2_pair1.butterfly_inst.mul_inst.acc_low\[24\],118.14
_08689_,118.06
_10620_,118.015
_06721_,117.9
_02818_,117.82
_09191_,117.77
stage8_inst.stage4_lower.stage2_pair1.butterfly_inst.mul_inst.acc_low\[4\],117.56
net811,117.52
_07737_,117.5
_10061_,117.44
net425,117.38
net196,117.2
stage8_inst.in6\[26\],117.18
stage8_inst.stage4_lower.stage2_pair1.butterfly_inst.add_inst.b\[9\],117.12
stage8_inst.stage4_upper.stage2_pair1.butterfly_inst.add_inst.b\[4\],117.02
_11426_,116.9
_06897_,116.82
net292,116.81
stage8_inst.stage4_lower.stage2_pair1.butterfly_inst.add_inst.b\[10\],116.79
stage8_inst.stage4_lower.stage2_pair0.butterfly_inst.add_inst.b\[3\],116.78
_06979_,116.74
stage8_inst.in6\[3\],116.74
stage8_inst.stage4_lower.stage2_pair0.butterfly_inst.mul_inst.acc_low\[16\],116.69
stage8_inst.stage4_upper.stage2_pair1.butterfly_inst.add_inst.a\[0\],116.675
stage8_inst.stage4_upper.stage2_pair1.butterfly_inst.mul_inst.t_reg\[30\],116.64
net281,116.56
stage8_inst.stage4_upper.stage2_pair1.butterfly_inst.add_inst.a\[6\],116.52
_03063_,116.485
net204,116.46
_03946_,116.425
stage8_inst.stage4_upper.stage2_pair1.butterfly_inst.mul_inst.t_reg\[22\],116.36
net302,116.35
_10452_,116.32
_06977_,116.265
net186,116.26
net380,116.16
net238,116.08
net358,116.04
_10479_,115.94
stage8_inst.out3\[14\],115.74
_11127_,115.6
stage8_inst.stage4_lower.stage2_pair1.butterfly_inst.mul_inst.t_reg\[20\],115.57
_07676_,115.54
_06434_,115.52
_09951_,115.48
_11698_,115.45
_10478_,115.41
net303,115.33
clknet_leaf_410_clk,115.28
stage8_inst.stage4_lower.stage2_pair0.butterfly_inst.mul_inst.acc_low\[14\],115.25
stage8_inst.stage4_upper.stage2_pair0.butterfly_inst.add_inst.b\[7\],115.24
_02778_,115.18
net217,115.03
_09383_,115.02
_07532_,115
stage8_inst.stage4_upper.stage2_pair1.butterfly_inst.add_inst.a\[5\],114.98
_11082_,114.96
net449,114.94
_02909_,114.86
stage8_inst.stage4_lower.stage2_pair0.butterfly_inst.add_inst.b\[21\],114.78
net171,114.7
_07715_,114.68
stage8_inst.out6\[13\],114.66
clknet_leaf_36_clk,114.6
stage8_inst.stage4_upper.stage2_pair1.butterfly_inst.add_inst.b\[9\],114.575
_04869_,114.5
_07108_,114.48
_07805_,114.48
net178,114.3
_06872_,114.25
_08723_,114.24
stage8_inst.in0\[23\],114.16
net232,114.16
net321,114.03
_11568_,113.94
stage8_inst.stage4_lower.stage2_pair1.butterfly_inst.add_inst.b\[16\],113.94
_09978_,113.82
_06018_,113.58
stage8_inst.stage4_lower.stage2_pair0.butterfly_inst.add_inst.a\[31\],113.56
stage8_inst.in6\[7\],113.52
net348,113.48
net457,113.37
_04915_,113.275
net184,113.26
_02856_,113.24
stage8_inst.stage4_upper.stage2_pair1.butterfly_inst.mul_inst.t_reg\[28\],113.24
_04259_,113.2
clknet_leaf_338_clk,113.18
stage8_inst.stage4_upper.stage2_pair0.butterfly_inst.mul_inst.acc_low\[5\],113.02
net331,113.005
_04966_,113
stage8_inst.stage4_lower.stage2_pair1.butterfly_inst.mul_inst.t_reg\[13\],113
net341,112.86
_02310_,112.84
net342,112.79
_07724_,112.74
stage8_inst.out1\[14\],112.72
stage8_inst.stage4_upper.stage2_pair1.butterfly_inst.mul_inst.acc_low\[27\],112.7
_11723_,112.675
net411,112.62
_09721_,112.46
stage8_inst.stage4_lower.stage2_pair1.butterfly_inst.mul_busy,112.45
_06999_,112.38
_07070_,112.115
stage8_inst.stage4_lower.stage2_pair0.butterfly_inst.add_inst.a\[27\],112.02
_04972_,111.96
stage8_inst.stage4_lower.stage2_pair1.butterfly_inst.add_inst.b\[11\],111.96
_07719_,111.785
clknet_leaf_96_clk,111.755
stage8_inst.stage4_lower.stage2_pair0.butterfly_inst.mul_inst.multiplier\[0\],111.74
_02917_,111.69
_02912_,111.58
net252,111.54
net181,111.5
net433,111.44
stage8_inst.stage4_lower.stage2_pair1.butterfly_inst.mul_inst.acc_low\[25\],111.36
stage8_inst.stage4_upper.stage2_pair0.butterfly_inst.add_inst.b\[25\],111.26
_08677_,111.07
_06749_,110.98
net336,110.9
_09196_,110.88
_11710_,110.82
_02920_,110.81
_04694_,110.72
net374,110.69
clknet_leaf_78_clk,110.66
net220,110.52
_10241_,110.46
_04459_,110.42
clknet_leaf_388_clk,110.4
stage8_inst.stage4_lower.stage2_pair0.butterfly_inst.add_inst.b\[5\],110.36
net189,110.28
net228,110.25
net415,110.19
_07784_,110.095
_02335_,110.07
_08572_,110
clknet_leaf_355_clk,110
_11740_,109.99
_02910_,109.935
clknet_leaf_44_clk,109.915
stage8_inst.stage4_upper.stage2_pair0.butterfly_inst.add_inst.b\[31\],109.78
net215,109.655
_06984_,109.625
_04867_,109.62
_07036_,109.62
_05646_,109.58
_06906_,109.52
stage8_inst.stage4_upper.stage2_pair1.butterfly_inst.mul_inst.t_reg\[16\],109.34
_10366_,109.18
_11805_,109.1
_08501_,109.04
stage8_inst.stage4_upper.stage2_pair1.butterfly_inst.add_inst.b\[8\],109.02
_11833_,108.98
stage8_inst.stage4_upper.stage2_pair1.butterfly_inst.add_inst.b\[10\],108.86
_07716_,108.82
net409,108.79
stage8_inst.stage4_upper.stage2_pair0.butterfly_inst.mul_inst.acc_low\[18\],108.64
_02294_,108.62
net169,108.6
_07795_,108.425
stage8_inst.stage4_lower.stage2_pair0.butterfly_inst.mul_inst.acc_low\[1\],108.42
stage8_inst.stage4_lower.stage2_pair0.butterfly_inst.mul_inst.acc_low\[28\],108.42
_05984_,108.32
_07037_,108.245
stage8_inst.stage4_upper.stage2_pair1.butterfly_inst.mul_inst.t_reg\[18\],108.155
_04472_,108.14
_07952_,108.07
net395,107.95
_06015_,107.88
_10472_,107.805
stage8_inst.stage4_upper.stage2_pair0.butterfly_inst.mul_inst.t_reg\[20\],107.8
net260,107.8
net294,107.78
_02256_,107.74
stage8_inst.in2\[4\],107.72
_07751_,107.5
net403,107.355
stage8_inst.stage4_lower.stage2_pair0.butterfly_inst.mul_inst.acc_low\[12\],107.34
_09206_,107.32
net345,107.3
net442,107.29
_04449_,107.14
_06614_,107.14
net444,107.08
_09504_,106.94
net407,106.93
_02548_,106.59
stage8_inst.stage4_lower.stage2_pair0.butterfly_inst.mul_inst.acc_low\[11\],106.475
_06530_,106.3
net133,106.3
_04684_,106.28
_02449_,106.2
stage8_inst.stage4_lower.stage2_pair0.butterfly_inst.add_inst.b\[28\],106.18
clknet_leaf_258_clk,106.12
_04977_,106.105
_02271_,106.08
net452,105.93
clknet_leaf_331_clk,105.89
net134,105.88
net277,105.78
_10552_,105.76
stage8_inst.stage4_upper.stage2_pair0.butterfly_inst.add_inst.a\[4\],105.72
clknet_leaf_155_clk,105.66
_06553_,105.6
_06646_,105.58
_07783_,105.54
stage8_inst.in6\[16\],105.53
_04901_,105.52
net285,105.46
net378,105.46
net176,105.37
_06421_,105.3
net309,105.3
net229,105.29
stage8_inst.stage4_lower.stage2_pair1.butterfly_inst.mul_inst.acc_low\[11\],105.275
net251,105.25
_10571_,105.24
_11817_,105.18
net296,105.11
_10248_,105.02
_10477_,104.96
_06049_,104.925
stage8_inst.stage4_lower.stage2_pair1.butterfly_inst.mul_inst.acc_low\[18\],104.9
stage8_inst.stage4_lower.stage2_pair0.butterfly_inst.mul_inst.acc_low\[30\],104.86
stage8_inst.stage4_upper.stage2_pair1.butterfly_inst.add_inst.a\[3\],104.795
stage8_inst.in2\[2\],104.7
net315,104.64
net349,104.58
net469,104.58
net326,104.53
_04803_,104.34
_04715_,104.32
stage8_inst.in4\[0\],104.32
_05639_,104.3
_04303_,104.28
stage8_inst.stage4_lower.stage2_pair1.butterfly_inst.mul_inst.t_reg\[29\],104.22
_07769_,104.02
_09512_,103.98
_02735_,103.96
clknet_leaf_57_clk,103.96
_02864_,103.92
stage8_inst.stage4_upper.stage2_pair0.butterfly_inst.add_inst.b\[17\],103.815
net1385,103.8
stage8_inst.stage4_lower.stage2_pair0.butterfly_inst.add_inst.b\[23\],103.78
_09510_,103.72
_11489_,103.64
_06030_,103.18
_02974_,103.09
_06560_,103.04
net397,103.01
net279,102.99
_03808_,102.98
stage8_inst.stage4_upper.stage2_pair0.butterfly_inst.mul_inst.acc_low\[16\],102.98
clknet_leaf_359_clk,102.93
_03006_,102.92
stage8_inst.in2\[6\],102.92
_05615_,102.9
_10526_,102.88
_10476_,102.865
net440,102.86
_04804_,102.83
_11687_,102.72
net450,102.62
_06175_,102.61
clknet_leaf_226_clk,102.56
_05263_,102.42
_03310_,102.4
_11596_,102.36
_03193_,102.3
stage8_inst.stage4_upper.stage2_pair0.butterfly_inst.add_inst.a\[23\],102.02
net467,102
stage8_inst.in6\[30\],101.9
stage8_inst.stage4_upper.stage2_pair1.butterfly_inst.add_inst.b\[14\],101.84
stage8_inst.stage4_lower.stage2_pair1.butterfly_inst.mul_inst.multiplicand_low\[18\],101.74
_10523_,101.68
_09513_,101.66
stage8_inst.stage4_lower.stage2_pair1.butterfly_inst.mul_inst.t_reg\[14\],101.6
stage8_inst.stage4_upper.stage2_pair0.butterfly_inst.mul_inst.acc_low\[31\],101.5
clknet_leaf_117_clk,101.5
_03690_,101.48
net338,101.42
stage8_inst.stage4_lower.stage2_pair1.butterfly_inst.mul_inst.multiplicand_low\[31\],101.4
net286,101.39
_11494_,101.34
stage8_inst.stage4_upper.stage2_pair0.butterfly_inst.add_inst.b\[12\],101.26
stage8_inst.stage4_upper.stage2_pair0.butterfly_inst.mul_inst.acc_low\[10\],101.23
stage8_inst.stage4_upper.stage2_pair1.butterfly_inst.mul_inst.acc_low\[22\],101.21
stage8_inst.stage4_lower.stage2_pair1.butterfly_inst.mul_inst.t_reg\[23\],101.2
clknet_leaf_374_clk,101.16
_11099_,101.14
clknet_leaf_209_clk,100.9
_03663_,100.82
_05660_,100.8
_01065_,100.62
_06465_,100.62
_05781_,100.58
net435,100.48
stage8_inst.stage4_upper.stage2_pair1.butterfly_inst.mul_inst.acc_low\[17\],100.28
_03636_,100.14
net311,100.135
stage8_inst.stage4_lower.stage2_pair1.butterfly_inst.add_inst.b\[17\],99.94
_07848_,99.92
net159,99.92
net289,99.76
net240,99.68
_03330_,99.66
stage8_inst.stage4_upper.stage2_pair1.butterfly_inst.mul_inst.acc_low\[30\],99.52
_02809_,99.5
stage8_inst.stage4_upper.stage2_pair1.butterfly_inst.add_inst.b\[16\],99.315
stage8_inst.stage4_lower.stage2_pair1.butterfly_inst.mul_inst.multiplicand_low\[0\],99.26
stage8_inst.stage4_lower.stage2_pair1.butterfly_inst.add_inst.a\[15\],99.2
stage8_inst.stage4_upper.stage2_pair0.butterfly_inst.add_inst.b\[6\],99.06
_03575_,99
_07756_,98.94
_06777_,98.78
stage8_inst.stage4_lower.stage2_pair1.butterfly_inst.mul_inst.t_reg\[1\],98.7
_05650_,98.65
_07718_,98.555
_05956_,98.54
_04576_,98.52
_09667_,98.505
clknet_leaf_151_clk,98.5
stage8_inst.stage4_lower.stage2_pair1.butterfly_inst.add_inst.b\[8\],98.375
net412,98.36
_09335_,98.345
_05666_,98.32
clknet_leaf_251_clk,98.08
stage8_inst.stage4_upper.stage2_pair0.butterfly_inst.add_inst.b\[13\],98.04
stage8_inst.stage4_lower.stage2_pair0.butterfly_inst.mul_inst.acc_low\[18\],98.02
_10559_,97.89
stage8_inst.stage4_lower.stage2_pair0.butterfly_inst.add_inst.a\[30\],97.86
stage8_inst.stage4_upper.stage2_pair0.butterfly_inst.mul_inst.acc_low\[24\],97.86
stage8_inst.stage4_lower.stage2_pair1.butterfly_inst.mul_inst.acc_low\[23\],97.56
net310,97.54
_07702_,97.475
stage8_inst.stage4_upper.stage2_pair1.butterfly_inst.add_inst.b\[13\],97.46
net293,97.36
net299,97.32
stage8_inst.stage4_lower.stage2_pair0.butterfly_inst.mul_inst.acc_low\[0\],97.3
stage8_inst.stage4_upper.stage2_pair1.butterfly_inst.mul_inst.acc_low\[20\],97.16
_09592_,97.05
_03010_,97.01
clknet_leaf_309_clk,96.87
_04899_,96.86
_04477_,96.78
_10362_,96.66
_10481_,96.58
_10459_,96.54
_10060_,96.52
stage8_inst.stage4_lower.stage2_pair1.butterfly_inst.mul_inst.t_reg\[4\],96.37
stage8_inst.stage4_upper.stage2_pair1.butterfly_inst.mul_inst.acc_low\[28\],96.36
_11791_,96.28
net428,96.27
_02569_,96.18
clknet_leaf_76_clk,96.16
_02755_,96
_11761_,95.815
_09508_,95.7
_09352_,95.68
stage8_inst.stage4_upper.stage2_pair0.butterfly_inst.mul_inst.acc_low\[30\],95.68
_10295_,95.54
_07032_,95.51
stage8_inst.stage4_lower.stage2_pair1.butterfly_inst.mul_inst.mq_reg\[33\],95.5
_06414_,95.48
stage8_inst.stage4_upper.stage2_pair1.butterfly_inst.mul_inst.carry_reg,95.44
stage8_inst.stage4_lower.stage2_pair0.butterfly_inst.mul_inst.acc_low\[31\],95.38
stage8_inst.stage4_upper.stage2_pair1.butterfly_inst.mul_inst.acc_low\[13\],95.32
clknet_leaf_136_clk,95.28
_09175_,95.26
stage8_inst.stage4_lower.stage2_pair0.butterfly_inst.add_inst.b\[7\],95.06
clknet_leaf_14_clk,94.98
_06684_,94.815
net361,94.8
_11749_,94.775
_11874_,94.74
_10464_,94.71
stage8_inst.stage4_lower.stage2_pair1.butterfly_inst.mul_inst.acc_low\[19\],94.71
_10128_,94.59
clknet_leaf_382_clk,94.56
net202,94.55
stage8_inst.stage4_lower.stage2_pair1.butterfly_inst.mul_inst.mq_reg\[32\],94.54
clknet_leaf_274_clk,94.54
net416,94.5
clknet_leaf_112_clk,94.5
_06927_,94.46
net301,94.46
net372,94.46
stage8_inst.stage4_upper.stage2_pair1.butterfly_inst.add_inst.b\[21\],94.44
_02813_,94.34
net424,94.3
_05529_,94.24
_02802_,94.22
stage8_inst.in6\[24\],94.1
stage8_inst.stage4_upper.stage2_pair1.butterfly_inst.add_inst.b\[12\],94.1
clknet_leaf_30_clk,94.02
stage8_inst.stage4_lower.stage2_pair1.butterfly_inst.mul_inst.t_reg\[30\],94.01
stage8_inst.stage4_lower.stage2_pair1.butterfly_inst.mul_inst.multiplier\[14\],93.94
net182,93.93
_02246_,93.78
_09461_,93.78
_11836_,93.76
_09370_,93.74
clknet_leaf_335_clk,93.74
clknet_leaf_173_clk,93.68
clknet_leaf_181_clk,93.66
_09227_,93.54
_06891_,93.52
net231,93.51
_09303_,93.48
_03404_,93.45
clknet_leaf_329_clk,93.335
clknet_leaf_60_clk,93.28
_02787_,93.26
_06075_,93.26
_09241_,93.26
_09842_,93.24
_10847_,93.18
stage8_inst.stage4_upper.stage2_pair0.butterfly_inst.add_inst.b\[14\],93.18
_03657_,93.07
_05259_,93.04
clknet_leaf_46_clk,92.98
_07943_,92.96
stage8_inst.stage4_lower.stage2_pair0.butterfly_inst.mul_inst.acc_low\[27\],92.95
_00609_,92.9
clknet_leaf_162_clk,92.9
_05955_,92.76
stage8_inst.stage4_upper.stage2_pair0.butterfly_inst.add_inst.b\[9\],92.72
net280,92.66
clknet_leaf_392_clk,92.62
stage8_inst.stage4_upper.stage2_pair1.butterfly_inst.add_inst.a\[20\],92.59
stage8_inst.stage4_upper.stage2_pair1.butterfly_inst.add_inst.a\[2\],92.5
_07082_,92.3
clknet_leaf_327_clk,92.3
_04519_,92.24
_04708_,92.22
clknet_leaf_115_clk,92.2
net209,92.13
_07038_,92.12
_11739_,92.02
stage8_inst.stage4_upper.stage2_pair1.butterfly_inst.mul_inst.acc_low\[23\],91.98
stage8_inst.stage4_lower.stage2_pair1.butterfly_inst.add_inst.a\[0\],91.955
stage8_inst.stage4_upper.stage2_pair1.butterfly_inst.mul_inst.t_reg\[14\],91.84
_10216_,91.76
_10621_,91.69
_02461_,91.68
stage8_inst.stage4_lower.stage2_pair0.butterfly_inst.mul_inst.acc_low\[2\],91.48
_05769_,91.36
_05997_,91.32
_06742_,91.32
_09871_,91.26
clknet_leaf_247_clk,91.26
_11502_,91.18
_11685_,91.17
_04393_,91.14
stage8_inst.stage4_upper.stage2_pair0.butterfly_inst.mul_inst.phase\[3\],91.02
stage8_inst.stage4_upper.stage2_pair0.butterfly_inst.mul_inst.t_reg\[26\],90.98
_07407_,90.96
stage8_inst.stage4_lower.stage2_pair1.butterfly_inst.add_inst.b\[23\],90.84
stage8_inst.stage4_lower.stage2_pair1.butterfly_inst.mul_done,90.74
_03958_,90.58
_11495_,90.53
_02763_,90.3
stage8_inst.stage4_lower.stage2_pair0.butterfly_inst.mul_inst.acc_low\[8\],90.3
stage8_inst.stage4_lower.stage2_pair0.butterfly_inst.mul_inst.acc_low\[15\],90.24
stage8_inst.stage4_lower.stage2_pair1.butterfly_inst.add_inst.b\[14\],90.2
net364,90.2
stage8_inst.stage4_lower.stage2_pair0.butterfly_inst.add_inst.b\[20\],90.18
_09267_,90.16
stage8_inst.in6\[29\],90.14
_07169_,90.09
_10460_,90
clknet_leaf_232_clk,90
_06228_,89.96
_09854_,89.94
_02648_,89.88
clknet_leaf_221_clk,89.74
_10157_,89.72
_11840_,89.7
stage8_inst.stage4_lower.stage2_pair1.butterfly_inst.add_inst.a\[14\],89.6
stage8_inst.in6\[31\],89.52
clknet_leaf_12_clk,89.5
_04634_,89.42
clknet_leaf_119_clk,89.4
_10461_,89.39
_11738_,89.3
stage8_inst.stage4_lower.stage2_pair0.butterfly_inst.mul_inst.acc_low\[23\],89.27
_05845_,89.23
_11124_,89.23
_07850_,89.225
clknet_leaf_312_clk,89.22
clknet_leaf_170_clk,89.14
stage8_inst.stage4_lower.stage2_pair1.butterfly_inst.mul_inst.acc_low\[21\],89.12
stage8_inst.stage4_lower.stage2_pair0.butterfly_inst.mul_inst.acc_low\[9\],89.09
clknet_leaf_65_clk,89.04
_10462_,88.975
_11493_,88.96
clknet_leaf_161_clk,88.92
_11565_,88.915
_06912_,88.855
_03749_,88.84
stage8_inst.stage4_upper.stage2_pair0.butterfly_inst.mul_inst.acc_low\[26\],88.83
stage8_inst.stage4_upper.stage2_pair1.butterfly_inst.mul_inst.acc_low\[9\],88.78
net142,88.78
_11546_,88.755
_05674_,88.66
_03611_,88.64
_10099_,88.64
stage8_inst.stage4_lower.stage2_pair0.butterfly_inst.mul_inst.acc_low\[7\],88.62
clknet_leaf_222_clk,88.62
stage8_inst.stage4_lower.stage2_pair0.butterfly_inst.mul_inst.multiplicand_low\[23\],88.58
_10210_,88.48
_04628_,88.42
_11784_,88.4
stage8_inst.in0\[19\],88.4
stage8_inst.stage4_lower.stage2_pair0.butterfly_inst.mul_inst.t_reg\[12\],88.33
clknet_leaf_141_clk,88.3
_10175_,88.26
stage8_inst.stage4_upper.stage2_pair0.butterfly_inst.add_inst.b\[16\],88.24
clknet_leaf_207_clk,88.21
_03584_,88.2
_08541_,88.16
_03632_,88.1
_02596_,88.02
_07786_,88.015
clknet_leaf_238_clk,87.98
_12003_,87.96
_04064_,87.94
stage8_inst.in2\[0\],87.91
stage8_inst.stage4_lower.stage2_pair1.butterfly_inst.mul_inst.t_reg\[6\],87.64
_03999_,87.62
clknet_leaf_246_clk,87.62
stage8_inst.stage4_lower.stage2_pair0.butterfly_inst.mul_inst.acc_low\[19\],87.6
_09418_,87.56
clknet_leaf_339_clk,87.51
_07066_,87.485
_04583_,87.44
stage8_inst.stage4_upper.stage2_pair1.butterfly_inst.add_inst.b\[19\],87.44
stage8_inst.stage4_upper.stage2_pair1.butterfly_inst.add_inst.b\[5\],87.44
net375,87.44
_02720_,87.42
clknet_leaf_225_clk,87.42
net344,87.41
_09479_,87.4
stage8_inst.stage4_lower.stage2_pair0.butterfly_inst.mul_inst.acc_low\[29\],87.36
_03640_,87.28
_10233_,87.22
_05636_,87.14
stage8_inst.out4\[2\],87.06
stage8_inst.stage4_lower.stage2_pair0.butterfly_inst.add_inst.a\[28\],87.06
stage8_inst.stage4_lower.stage2_pair0.butterfly_inst.mul_inst.multiplicand_low\[16\],87.06
stage8_inst.stage4_upper.stage2_pair1.butterfly_inst.add_inst.b\[17\],87.02
net227,86.92
_12001_,86.9
stage8_inst.stage4_upper.stage2_pair0.butterfly_inst.mul_inst.acc_low\[28\],86.9
_03826_,86.86
clknet_leaf_148_clk,86.82
clknet_leaf_243_clk,86.74
_05641_,86.72
_06879_,86.68
_06733_,86.6
_07152_,86.58
clknet_leaf_314_clk,86.52
stage8_inst.stage4_upper.stage2_pair0.butterfly_inst.mul_inst.acc_low\[22\],86.42
stage8_inst.stage4_upper.stage2_pair0.butterfly_inst.add_inst.b\[10\],86.3
stage8_inst.stage4_upper.stage2_pair1.butterfly_inst.mul_inst.acc_low\[31\],86.3
_05770_,86.26
_09053_,86.04
_10537_,86.02
clknet_leaf_53_clk,85.86
_10226_,85.8
_04894_,85.73
_10981_,85.7
_04676_,85.64
stage8_inst.out5\[24\],85.52
_03706_,85.5
stage8_inst.stage4_upper.stage2_pair0.butterfly_inst.add_inst.b\[5\],85.48
_03649_,85.46
net387,85.41
_05899_,85.37
net373,85.28
stage8_inst.stage4_lower.stage2_pair1.butterfly_inst.mul_inst.multiplicand_low\[10\],85.14
clknet_leaf_140_clk,85.08
_05861_,85.06
stage8_inst.stage4_lower.stage2_pair0.butterfly_inst.add_inst.b\[18\],85.05
net987,85
stage8_inst.stage4_lower.stage2_pair0.butterfly_inst.add_inst.a\[15\],84.98
_06626_,84.92
stage8_inst.stage4_upper.stage2_pair0.butterfly_inst.mul_inst.acc_low\[21\],84.895
stage8_inst.stage4_lower.stage2_pair1.butterfly_inst.mul_inst.multiplicand_low\[29\],84.82
stage8_inst.stage4_lower.stage2_pair1.butterfly_inst.add_inst.a\[3\],84.78
_10382_,84.72
_06231_,84.7
_02695_,84.695
_04040_,84.66
_03774_,84.64
_03586_,84.62
_05662_,84.56
_06935_,84.5
clknet_leaf_369_clk,84.48
stage8_inst.out5\[14\],84.47
_05793_,84.46
_03758_,84.36
clknet_leaf_308_clk,84.34
_09412_,84.335
stage8_inst.stage4_upper.stage2_pair1.butterfly_inst.mul_inst.t_reg\[26\],84.3
clknet_leaf_51_clk,84.24
_03594_,84.22
clknet_leaf_116_clk,84.18
_05532_,83.94
_05832_,83.84
clknet_leaf_159_clk,83.74
stage8_inst.stage4_upper.stage2_pair1.butterfly_inst.mul_inst.acc_low\[11\],83.735
stage8_inst.stage4_lower.stage2_pair1.butterfly_inst.mul_inst.acc_low\[29\],83.68
_06054_,83.62
_09700_,83.62
clknet_leaf_229_clk,83.62
clknet_leaf_259_clk,83.56
stage8_inst.stage4_lower.stage2_pair1.butterfly_inst.mul_inst.multiplicand_low\[16\],83.54
_03539_,83.52
clknet_leaf_47_clk,83.52
_05663_,83.49
stage8_inst.stage4_lower.stage2_pair1.butterfly_inst.mul_inst.ab_reg\[33\],83.46
net261,83.44
_04700_,83.42
_10538_,83.42
clknet_leaf_279_clk,83.23
_03335_,83.2
stage8_inst.stage4_upper.stage2_pair0.butterfly_inst.mul_inst.t_reg\[0\],83.17
_10120_,83.06
_10113_,82.96
_02742_,82.92
_07776_,82.92
_06052_,82.88
_08084_,82.86
clknet_leaf_333_clk,82.8
stage8_inst.in6\[25\],82.7
stage8_inst.stage4_upper.stage2_pair1.butterfly_inst.mul_inst.t_reg\[0\],82.7
_05790_,82.68
_05862_,82.675
stage8_inst.stage4_lower.stage2_pair1.butterfly_inst.mul_inst.multiplicand_low\[11\],82.64
clknet_leaf_149_clk,82.52
clknet_leaf_7_clk,82.46
clknet_leaf_344_clk,82.44
_04009_,82.36
_08194_,82.34
stage8_inst.stage4_lower.stage2_pair1.butterfly_inst.mul_inst.t_reg\[3\],82.34
_02663_,82.3
_03588_,82.28
clknet_leaf_266_clk,82.24
_05851_,82.14
clknet_leaf_185_clk,82.12
stage8_inst.stage4_lower.stage2_pair0.butterfly_inst.mul_inst.multiplicand_low\[26\],82.115
_06198_,82.08
_09002_,82.08
stage8_inst.stage4_upper.stage2_pair1.butterfly_inst.mul_inst.t_reg\[20\],82.06
clknet_leaf_6_clk,82.06
clknet_leaf_56_clk,82.06
clknet_leaf_150_clk,82
clknet_leaf_284_clk,81.98
stage8_inst.stage4_upper.stage2_pair1.butterfly_inst.mul_inst.t_reg\[17\],81.975
_07793_,81.97
_04120_,81.96
_09256_,81.94
clknet_leaf_296_clk,81.94
_02771_,81.9
_02970_,81.88
_10543_,81.88
_02576_,81.84
clknet_leaf_354_clk,81.84
stage8_inst.stage4_lower.stage2_pair0.butterfly_inst.mul_inst.acc_low\[13\],81.82
clknet_leaf_399_clk,81.8
_04897_,81.635
_11545_,81.635
_04058_,81.62
_02277_,81.54
stage8_inst.stage4_upper.stage2_pair1.butterfly_inst.add_inst.b\[18\],81.48
_02914_,81.46
clknet_leaf_66_clk,81.41
stage8_inst.stage4_lower.stage2_pair1.butterfly_inst.mul_inst.multiplicand_low\[6\],81.36
_07791_,81.3
_09185_,81.28
stage8_inst.stage4_lower.stage2_pair1.butterfly_inst.mul_inst.multiplicand_low\[20\],81.22
clknet_leaf_321_clk,81.22
_06645_,81.16
_06946_,81.16
stage8_inst.stage4_upper.stage2_pair0.butterfly_inst.mul_inst.t_reg\[22\],81.14
_11480_,81.07
_06092_,81.06
clknet_leaf_71_clk,81.06
clknet_leaf_177_clk,81.06
_05938_,81.04
_06286_,81.04
clknet_leaf_63_clk,81.04
_10455_,81.035
_11621_,81.025
_09887_,81.02
_05771_,81
_11391_,81
stage8_inst.stage4_upper.stage2_pair1.butterfly_inst.mul_inst.acc_low\[15\],81
_03360_,80.9
stage8_inst.stage4_upper.stage2_pair0.butterfly_inst.add_inst.b\[8\],80.9
_02680_,80.8
_05772_,80.795
_06958_,80.78
_07598_,80.72
clknet_leaf_357_clk,80.52
stage8_inst.stage4_upper.stage2_pair1.butterfly_inst.mul_inst.acc_low\[14\],80.48
clknet_leaf_166_clk,80.48
_03847_,80.42
clknet_leaf_252_clk,80.42
_06943_,80.4
_07856_,80.4
_11593_,80.4
_09498_,80.38
_05882_,80.34
stage8_inst.out4\[0\],80.32
clknet_leaf_18_clk,80.32
stage8_inst.stage4_upper.stage2_pair1.butterfly_inst.mul_inst.t_reg\[15\],80.3
stage8_inst.stage4_lower.stage2_pair1.butterfly_inst.mul_inst.multiplicand_low\[28\],80.19
net884,80.14
stage8_inst.stage4_lower.stage2_pair1.butterfly_inst.mul_inst.acc_low\[17\],80.1
net149,80.08
stage8_inst.stage4_upper.stage2_pair0.butterfly_inst.mul_inst.t_reg\[3\],80.045
clknet_leaf_360_clk,79.945
_04932_,79.94
net304,79.89
_02971_,79.855
stage8_inst.stage4_upper.stage2_pair0.butterfly_inst.mul_inst.t_reg\[17\],79.84
_08938_,79.82
stage8_inst.stage4_lower.stage2_pair0.butterfly_inst.add_inst.a\[0\],79.82
_07849_,79.77
stage8_inst.stage4_lower.stage2_pair1.butterfly_inst.add_inst.a\[25\],79.56
_07812_,79.5
stage8_inst.stage4_upper.stage2_pair1.butterfly_inst.add_inst.a\[24\],79.48
clknet_leaf_371_clk,79.48
_03707_,79.46
_09561_,79.44
_11854_,79.42
_02793_,79.4
stage8_inst.stage4_lower.stage2_pair0.butterfly_inst.mul_inst.acc_high\[23\],79.34
clknet_leaf_245_clk,79.3
_11926_,79.26
_07817_,79.18
stage8_inst.stage4_upper.stage2_pair1.butterfly_inst.mul_inst.acc_low\[16\],79.18
clknet_leaf_408_clk,79.18
_03766_,79.055
_03018_,78.96
clknet_leaf_367_clk,78.94
clknet_leaf_80_clk,78.9
clknet_leaf_58_clk,78.88
_03603_,78.86
stage8_inst.stage4_lower.stage2_pair1.butterfly_inst.add_inst.b\[15\],78.82
_05779_,78.8
clknet_leaf_64_clk,78.8
clknet_leaf_262_clk,78.8
stage8_inst.stage4_upper.stage2_pair0.butterfly_inst.add_inst.a\[0\],78.78
_03651_,78.76
stage8_inst.stage4_lower.stage2_pair1.butterfly_inst.mul_inst.multiplicand_low\[7\],78.76
clknet_leaf_406_clk,78.62
_09046_,78.6
stage8_inst.stage4_upper.stage2_pair1.butterfly_inst.mul_inst.acc_low\[25\],78.58
net330,78.58
clknet_leaf_320_clk,78.52
stage8_inst.stage4_lower.stage2_pair0.butterfly_inst.mul_inst.b\[1\],78.42
clknet_leaf_67_clk,78.4
net135,78.38
_02992_,78.33
_02913_,78.24
_11683_,78.24
_07360_,78.22
clknet_leaf_239_clk,78.22
_07806_,78.16
net464,78.08
clknet_leaf_87_clk,78.06
_05901_,78.015
_11598_,77.99
stage8_inst.stage4_lower.stage2_pair1.butterfly_inst.add_inst.b\[12\],77.92
_04647_,77.9
_08293_,77.9
_09576_,77.88
_07605_,77.86
_10328_,77.86
clknet_leaf_48_clk,77.86
net446,77.82
_09142_,77.8
_09469_,77.7
stage8_inst.stage4_lower.stage2_pair1.butterfly_inst.mul_inst.b\[12\],77.6
clknet_leaf_352_clk,77.54
stage8_inst.stage4_upper.stage2_pair0.butterfly_inst.mul_inst.acc_low\[23\],77.32
clknet_leaf_254_clk,77.32
_02499_,77.26
_04106_,77.26
_09657_,77.26
stage8_inst.stage4_upper.stage2_pair0.butterfly_inst.mul_inst.acc_low\[9\],77.26
clknet_leaf_337_clk,77.24
_03693_,77.225
_04655_,77.22
stage8_inst.stage4_lower.stage2_pair0.butterfly_inst.mul_inst.multiplicand_low\[22\],77.18
net241,77.12
stage8_inst.stage4_lower.stage2_pair1.butterfly_inst.add_inst.a\[11\],77.1
stage8_inst.stage4_upper.stage2_pair1.butterfly_inst.mul_inst.acc_low\[29\],77.1
_04937_,77.04
_09420_,77.02
stage8_inst.stage4_lower.stage2_pair0.butterfly_inst.mul_inst.t_reg\[17\],77.02
_03761_,76.98
_07778_,76.905
_10192_,76.78
_03619_,76.775
stage8_inst.out2\[29\],76.74
stage8_inst.stage4_lower.stage2_pair1.butterfly_inst.mul_inst.b\[26\],76.64
stage8_inst.stage4_lower.stage2_pair1.butterfly_inst.mul_inst.multiplicand_low\[12\],76.62
stage8_inst.stage4_upper.stage2_pair1.butterfly_inst.mul_busy,76.6
_02727_,76.58
clknet_leaf_368_clk,76.58
stage8_inst.stage4_upper.stage2_pair1.butterfly_inst.mul_inst.acc_low\[3\],76.51
_09599_,76.44
stage8_inst.stage4_upper.stage2_pair0.butterfly_inst.mul_inst.acc_low\[27\],76.4
net180,76.33
stage8_inst.stage4_upper.stage2_pair1.butterfly_inst.mul_inst.acc_low\[8\],76.32
_02432_,76.3
clknet_leaf_93_clk,76.26
stage8_inst.stage4_lower.stage2_pair0.butterfly_inst.add_inst.a\[22\],76.22
stage8_inst.stage4_upper.stage2_pair0.butterfly_inst.mul_inst.acc_low\[6\],76.22
clknet_leaf_299_clk,76.22
clknet_leaf_391_clk,76.22
stage8_inst.stage4_lower.stage2_pair1.butterfly_inst.add_inst.b\[13\],76.18
_10851_,76.06
stage8_inst.stage4_lower.stage2_pair0.butterfly_inst.add_inst.b\[19\],76.02
_09306_,75.92
_05825_,75.9
net830,75.9
_04112_,75.88
stage8_inst.stage4_upper.stage2_pair1.butterfly_inst.mul_inst.acc_low\[2\],75.86
_02589_,75.84
_08247_,75.84
clknet_leaf_285_clk,75.84
_11446_,75.81
clknet_leaf_29_clk,75.79
_04669_,75.76
_11777_,75.76
_05385_,75.74
stage8_inst.stage4_lower.stage2_pair1.butterfly_inst.mul_inst.multiplicand_low\[1\],75.72
stage8_inst.stage4_upper.stage2_pair0.butterfly_inst.add_inst.b\[11\],75.72
_04226_,75.7
clknet_leaf_356_clk,75.68
stage8_inst.stage4_upper.stage2_pair0.butterfly_inst.mul_inst.acc_low\[13\],75.64
_03622_,75.61
stage8_inst.stage4_lower.stage2_pair1.butterfly_inst.mul_inst.multiplicand_low\[5\],75.48
_11509_,75.42
_09548_,75.36
_04892_,75.34
_05226_,75.32
_08822_,75.3
stage8_inst.in0\[22\],75.28
_09214_,75.2
_08249_,75.18
stage8_inst.out0\[4\],75.18
_08165_,75.14
clknet_leaf_364_clk,75.14
clknet_leaf_147_clk,75.12
_09470_,75.1
stage8_inst.stage4_upper.stage2_pair0.butterfly_inst.add_inst.a\[26\],75.1
_06222_,75.06
clknet_leaf_195_clk,75.06
_06152_,74.98
clknet_leaf_385_clk,74.86
clknet_leaf_345_clk,74.84
_03813_,74.81
clknet_leaf_288_clk,74.765
stage8_inst.stage4_upper.stage2_pair0.butterfly_inst.add_inst.a\[18\],74.72
clknet_leaf_343_clk,74.68
stage8_inst.stage4_lower.stage2_pair1.butterfly_inst.mul_inst.multiplicand_low\[24\],74.67
_03801_,74.64
stage8_inst.stage4_lower.stage2_pair1.butterfly_inst.add_inst.b\[19\],74.555
stage8_inst.stage4_lower.stage2_pair1.butterfly_inst.mul_inst.multiplicand_low\[22\],74.55
net332,74.52
clknet_leaf_123_clk,74.515
stage8_inst.stage4_lower.stage2_pair1.butterfly_inst.mul_inst.t_reg\[7\],74.5
clknet_leaf_73_clk,74.46
_05840_,74.455
stage8_inst.stage4_lower.stage2_pair0.butterfly_inst.mul_inst.t_reg\[16\],74.4
stage8_inst.stage4_lower.stage2_pair1.butterfly_inst.add_inst.b\[22\],74.36
clknet_leaf_106_clk,74.36
_06062_,74.34
_05076_,74.28
_11733_,74.28
net441,74.28
_05488_,74.22
clknet_leaf_108_clk,74.18
stage8_inst.stage4_upper.stage2_pair1.butterfly_inst.mul_inst.acc_low\[12\],74.16
clknet_leaf_192_clk,74.14
clknet_leaf_281_clk,74.14
stage8_inst.stage4_upper.stage2_pair1.butterfly_inst.add_inst.a\[1\],74.1
_07062_,74.09
_11702_,74.075
stage8_inst.out1\[6\],74.04
clknet_leaf_237_clk,74.04
net1502,74.04
_07742_,74.02
clknet_leaf_400_clk,73.94
_11476_,73.9
clknet_leaf_302_clk,73.88
stage8_inst.stage4_lower.stage2_pair0.butterfly_inst.mul_inst.multiplicand_low\[20\],73.82
_07777_,73.695
_08180_,73.68
_11558_,73.62
stage8_inst.stage4_upper.stage2_pair1.butterfly_inst.add_inst.b\[11\],73.6
clknet_leaf_157_clk,73.58
_02688_,73.54
_05886_,73.52
_09074_,73.52
stage8_inst.stage4_lower.stage2_pair1.butterfly_inst.mul_inst.multiplicand_low\[13\],73.51
stage8_inst.stage4_lower.stage2_pair0.butterfly_inst.mul_inst.t_reg\[20\],73.48
stage8_inst.stage4_lower.stage2_pair0.butterfly_inst.add_inst.a\[14\],73.465
_11657_,73.46
stage8_inst.out0\[2\],73.46
_02582_,73.44
stage8_inst.stage4_upper.stage2_pair0.butterfly_inst.add_inst.a\[25\],73.42
_05844_,73.405
_11799_,73.395
stage8_inst.stage4_upper.stage2_pair1.butterfly_inst.mul_inst.multiplicand_low\[18\],73.35
_02629_,73.3
stage8_inst.out0\[22\],73.28
clknet_leaf_242_clk,73.22
stage8_inst.stage4_lower.stage2_pair1.butterfly_inst.mul_inst.t_reg\[11\],73.2
stage8_inst.stage4_upper.stage2_pair0.butterfly_inst.add_inst.a\[28\],73.18
_04663_,73.16
_12004_,73.12
clknet_leaf_236_clk,73.08
stage8_inst.stage4_upper.stage2_pair0.butterfly_inst.add_inst.a\[5\],73.06
_09571_,72.98
clknet_leaf_0_clk,72.98
_03837_,72.96
_08152_,72.9
_04049_,72.88
_11610_,72.84
stage8_inst.out7\[4\],72.84
_09457_,72.82
_03932_,72.78
stage8_inst.stage4_upper.stage2_pair0.butterfly_inst.mul_inst.t_reg\[21\],72.78
_05854_,72.76
_09860_,72.66
_03724_,72.64
_11372_,72.64
clknet_leaf_353_clk,72.58
stage8_inst.stage4_upper.stage2_pair0.butterfly_inst.mul_inst.multiplicand_low\[16\],72.56
_03660_,72.53
stage8_inst.stage4_lower.stage2_pair0.butterfly_inst.mul_inst.multiplicand_low\[21\],72.5
_07061_,72.46
_02347_,72.42
clknet_leaf_50_clk,72.38
_09881_,72.24
clknet_leaf_90_clk,72.22
stage8_inst.stage4_upper.stage2_pair0.butterfly_inst.add_inst.a\[2\],72.21
_02338_,72.18
stage8_inst.stage4_upper.stage2_pair0.butterfly_inst.mul_inst.multiplicand_high\[9\],72.18
net197,72.15
_11850_,72.12
_04531_,72
_05973_,72
_11952_,72
stage8_inst.stage4_upper.stage2_pair0.butterfly_inst.add_inst.a\[3\],71.98
clknet_leaf_145_clk,71.94
stage8_inst.stage4_upper.stage2_pair0.butterfly_inst.mul_inst.t_reg\[4\],71.92
stage8_inst.stage4_lower.stage2_pair0.butterfly_inst.add_inst.b\[16\],71.9
_07104_,71.89
clknet_leaf_26_clk,71.86
stage8_inst.out1\[7\],71.84
_03638_,71.8
stage8_inst.stage4_lower.stage2_pair1.butterfly_inst.mul_inst.multiplicand_low\[26\],71.68
_04724_,71.58
stage8_inst.stage4_upper.stage2_pair1.butterfly_inst.mul_inst.acc_low\[10\],71.52
clknet_leaf_325_clk,71.44
_07862_,71.38
_11700_,71.38
_11531_,71.34
stage8_inst.out6\[20\],71.32
net222,71.32
clknet_leaf_241_clk,71.32
stage8_inst.stage4_lower.stage2_pair0.butterfly_inst.add_inst.a\[29\],71.28
clknet_leaf_240_clk,71.28
clknet_leaf_249_clk,71.16
_11425_,71.1
_07109_,71.08
_09378_,71.06
_11541_,71.06
stage8_inst.stage4_lower.stage2_pair1.butterfly_inst.mul_inst.t_reg\[2\],71.06
_09634_,71.02
stage8_inst.stage4_lower.stage2_pair0.butterfly_inst.add_inst.a\[18\],71.02
clknet_leaf_79_clk,71
clknet_leaf_211_clk,70.98
clknet_leaf_306_clk,70.98
stage8_inst.stage4_upper.stage2_pair1.butterfly_inst.mul_inst.acc_low\[21\],70.8
net1266,70.78
_11519_,70.76
net322,70.75
_09539_,70.73
_03723_,70.68
clknet_leaf_146_clk,70.68
_09650_,70.64
_05917_,70.58
_08680_,70.58
_11858_,70.58
stage8_inst.stage4_lower.stage2_pair1.butterfly_inst.mul_inst.phase\[0\],70.58
clknet_leaf_59_clk,70.58
stage8_inst.stage4_lower.stage2_pair1.butterfly_inst.mul_inst.t_reg\[31\],70.44
_03382_,70.4
stage8_inst.stage4_lower.stage2_pair0.butterfly_inst.mul_busy,70.38
net224,70.32
clknet_leaf_372_clk,70.295
clknet_leaf_176_clk,70.28
stage8_inst.stage4_upper.stage2_pair1.butterfly_inst.mul_inst.acc_low\[24\],70.26
stage8_inst.stage4_lower.stage2_pair0.butterfly_inst.add_inst.a\[4\],70.22
_07818_,70.21
stage8_inst.stage4_lower.stage2_pair0.butterfly_inst.mul_inst.multiplicand_low\[19\],70.2
_02752_,70.08
_03725_,70.08
_03948_,70.08
clknet_leaf_20_clk,70.06
stage8_inst.out7\[9\],70
_03830_,69.96
stage8_inst.stage4_lower.stage2_pair1.butterfly_inst.mul_inst.multiplicand_low\[8\],69.93
clknet_leaf_5_clk,69.92
_06044_,69.9
stage8_inst.stage4_upper.stage2_pair1.butterfly_inst.mul_inst.bit_idx\[0\],69.9
_05765_,69.88
_10240_,69.88
clknet_leaf_214_clk,69.82
stage8_inst.stage4_lower.stage2_pair1.butterfly_inst.mul_inst.acc_low\[13\],69.8
_07872_,69.66
stage8_inst.stage4_lower.stage2_pair0.butterfly_inst.mul_inst.multiplier\[14\],69.64
net434,69.64
_11544_,69.62
stage8_inst.stage4_upper.stage2_pair1.butterfly_inst.mul_inst.acc_low\[4\],69.615
clknet_leaf_138_clk,69.56
_09629_,69.5
stage8_inst.stage4_lower.stage2_pair1.butterfly_inst.add_inst.a\[4\],69.5
_02711_,69.38
_08642_,69.22
_11746_,69.22
_02474_,69.2
stage8_inst.stage4_upper.stage2_pair0.butterfly_inst.mul_inst.bit_idx\[5\],69.165
_04085_,69.1
net401,69.06
clknet_leaf_152_clk,68.98
clknet_leaf_172_clk,68.98
_07947_,68.96
stage8_inst.out5\[10\],68.92
stage8_inst.stage4_lower.stage2_pair1.butterfly_inst.add_inst.a\[30\],68.85
stage8_inst.stage4_upper.stage2_pair1.butterfly_inst.mul_inst.multiplicand_high\[21\],68.8
stage8_inst.stage4_lower.stage2_pair1.butterfly_inst.mul_inst.mq_reg\[60\],68.76
stage8_inst.stage4_upper.stage2_pair1.butterfly_inst.mul_inst.multiplicand_low\[0\],68.715
_09563_,68.68
stage8_inst.stage4_lower.stage2_pair0.butterfly_inst.add_inst.a\[24\],68.68
clknet_leaf_324_clk,68.68
_05900_,68.675
clknet_leaf_378_clk,68.66
stage8_inst.stage4_upper.stage2_pair1.butterfly_inst.mul_inst.multiplier\[0\],68.62
_11396_,68.6
clknet_leaf_118_clk,68.56
clknet_leaf_351_clk,68.54
stage8_inst.stage4_upper.stage2_pair0.butterfly_inst.mul_inst.step_high,68.42
net346,68.36
clknet_leaf_184_clk,68.36
net377,68.32
net398,68.32
net337,68.27
_03604_,68.26
_11626_,68.24
clknet_leaf_92_clk,68.24
_09321_,68.2
_10380_,68.2
stage8_inst.stage4_upper.stage2_pair1.butterfly_inst.mul_inst.multiplicand_high\[22\],68.18
stage8_inst.stage4_lower.stage2_pair0.butterfly_inst.mul_inst.t_reg\[13\],68.12
clknet_leaf_379_clk,68.12
_06164_,68.1
stage8_inst.out1\[8\],68.06
_07100_,68.025
_03781_,68.02
clknet_leaf_23_clk,68.02
_05950_,68
_07732_,67.98
stage8_inst.stage4_upper.stage2_pair0.butterfly_inst.mul_inst.t_reg\[12\],67.98
stage8_inst.out4\[20\],67.88
clknet_leaf_1_clk,67.86
clknet_leaf_217_clk,67.84
clknet_leaf_347_clk,67.84
clknet_leaf_375_clk,67.84
_11697_,67.81
_09324_,67.8
_11500_,67.76
clknet_leaf_132_clk,67.76
stage8_inst.stage4_upper.stage2_pair0.butterfly_inst.mul_inst.multiplicand_low\[14\],67.72
clknet_leaf_2_clk,67.72
stage8_inst.stage4_lower.stage2_pair1.butterfly_inst.mul_inst.multiplicand_low\[3\],67.7
clknet_leaf_69_clk,67.7
clknet_leaf_158_clk,67.7
stage8_inst.stage4_upper.stage2_pair0.butterfly_inst.mul_inst.multiplicand_low\[3\],67.58
stage8_inst.stage4_upper.stage2_pair0.butterfly_inst.mul_inst.acc_low\[29\],67.5
net432,67.4
clknet_leaf_318_clk,67.4
stage8_inst.stage4_lower.stage2_pair1.butterfly_inst.mul_inst.multiplicand_low\[9\],67.395
_06155_,67.38
_07120_,67.365
stage8_inst.stage4_upper.stage2_pair1.butterfly_inst.mul_inst.multiplicand_high\[6\],67.32
_06609_,67.22
_05911_,67.2
clknet_leaf_110_clk,67.2
clknet_leaf_328_clk,67.17
clknet_leaf_22_clk,67.16
clknet_leaf_271_clk,67.14
_03718_,67.12
clknet_leaf_25_clk,67.12
_04247_,67.1
_10019_,67.05
stage8_inst.out7\[16\],67.04
clknet_leaf_191_clk,66.88
_02639_,66.86
clknet_leaf_253_clk,66.86
stage8_inst.stage4_lower.stage2_pair1.butterfly_inst.mul_inst.t_reg\[24\],66.84
clknet_leaf_100_clk,66.8
_09270_,66.76
_11517_,66.76
clknet_leaf_268_clk,66.76
stage8_inst.stage4_upper.stage2_pair0.butterfly_inst.add_inst.a\[31\],66.66
_07099_,66.54
_04895_,66.53
_09515_,66.42
stage8_inst.out7\[11\],66.42
stage8_inst.stage4_upper.stage2_pair0.butterfly_inst.mul_inst.t_reg\[1\],66.36
clknet_leaf_134_clk,66.36
stage8_inst.stage4_lower.stage2_pair0.butterfly_inst.mul_inst.t_reg\[14\],66.32
_05852_,66.255
_03294_,66.245
clknet_leaf_412_clk,66.22
clknet_leaf_24_clk,66.18
clknet_leaf_196_clk,66.18
_11529_,66.175
_03536_,66.14
_09473_,66.12
stage8_inst.out2\[0\],66.12
_08255_,66.1
stage8_inst.stage4_upper.stage2_pair0.butterfly_inst.mul_inst.multiplicand_high\[20\],65.98
clknet_leaf_156_clk,65.98
clknet_leaf_144_clk,65.96
stage8_inst.stage4_upper.stage2_pair0.butterfly_inst.add_inst.b\[22\],65.94
stage8_inst.stage4_upper.stage2_pair0.butterfly_inst.mul_inst.b\[12\],65.92
_07871_,65.9
stage8_inst.stage4_lower.stage2_pair1.butterfly_inst.add_inst.a\[1\],65.9
clknet_leaf_193_clk,65.86
stage8_inst.stage4_lower.stage2_pair0.butterfly_inst.mul_inst.multiplicand_high\[22\],65.82
stage8_inst.stage4_lower.stage2_pair1.butterfly_inst.mul_inst.multiplicand_low\[21\],65.82
_11604_,65.78
_05960_,65.76
_11893_,65.76
_11968_,65.76
clknet_leaf_187_clk,65.76
_09375_,65.68
_03828_,65.66
net250,65.55
clknet_leaf_255_clk,65.4
_07794_,65.39
_10511_,65.38
stage8_inst.stage4_upper.stage2_pair1.butterfly_inst.mul_inst.acc_low\[5\],65.38
stage8_inst.stage4_lower.stage2_pair1.butterfly_inst.add_inst.b\[20\],65.32
clknet_leaf_45_clk,65.3
_09181_,65.215
stage8_inst.stage4_upper.stage2_pair0.butterfly_inst.mul_inst.t_reg\[8\],65.2
clknet_leaf_298_clk,65.2
_05773_,65.14
_07852_,65.14
stage8_inst.stage4_lower.stage2_pair1.butterfly_inst.add_inst.a\[10\],65.14
_09172_,65.13
clknet_leaf_287_clk,65.08
_11577_,65.06
_05957_,65
_11787_,64.98
clknet_leaf_305_clk,64.98
_07531_,64.72
_04662_,64.69
stage8_inst.stage4_lower.stage2_pair1.butterfly_inst.mul_inst.multiplicand_low\[4\],64.69
stage8_inst.stage4_upper.stage2_pair0.butterfly_inst.mul_inst.multiplicand_low\[22\],64.66
_10135_,64.64
clknet_leaf_389_clk,64.61
_04012_,64.57
_11883_,64.56
stage8_inst.stage4_lower.stage2_pair0.butterfly_inst.mul_inst.multiplicand_low\[18\],64.54
clknet_leaf_301_clk,64.5
stage8_inst.stage4_lower.stage2_pair0.butterfly_inst.add_inst.a\[1\],64.48
stage8_inst.stage4_upper.stage2_pair0.butterfly_inst.mul_inst.multiplicand_high\[8\],64.48
_11647_,64.46
stage8_inst.stage4_upper.stage2_pair0.butterfly_inst.mul_inst.t_reg\[28\],64.395
stage8_inst.stage4_upper.stage2_pair0.butterfly_inst.mul_inst.t_reg\[30\],64.395
_11466_,64.38
clknet_leaf_278_clk,64.34
clknet_leaf_398_clk,64.24
_06159_,64.16
_02982_,64.04
_11379_,64.02
stage8_inst.stage4_lower.stage2_pair1.butterfly_inst.mul_inst.t_reg\[26\],64
clknet_leaf_409_clk,63.94
_06921_,63.92
clknet_leaf_286_clk,63.9
_11845_,63.89
net170,63.85
_06890_,63.84
_05846_,63.82
_10200_,63.8
stage8_inst.stage4_upper.stage2_pair1.butterfly_inst.add_inst.a\[25\],63.7
stage8_inst.out5\[15\],63.68
stage8_inst.stage4_upper.stage2_pair1.butterfly_inst.mul_inst.acc_low\[7\],63.64
clknet_leaf_216_clk,63.62
_03775_,63.6
_06012_,63.54
stage8_inst.stage4_lower.stage2_pair1.butterfly_inst.mul_inst.multiplicand_high\[6\],63.5
stage8_inst.stage4_lower.stage2_pair1.butterfly_inst.mul_inst.t_reg\[5\],63.4
stage8_inst.stage4_upper.stage2_pair0.butterfly_inst.mul_inst.acc_low\[8\],63.4
_06037_,63.37
stage8_inst.stage4_upper.stage2_pair0.butterfly_inst.mul_inst.b\[13\],63.36
net269,63.35
_07761_,63.34
clknet_leaf_395_clk,63.34
_03007_,63.335
stage8_inst.stage4_upper.stage2_pair0.butterfly_inst.mul_inst.multiplicand_high\[12\],63.32
stage8_inst.stage4_upper.stage2_pair0.butterfly_inst.mul_inst.carry_reg,63.28
_04968_,63.275
_05903_,63.26
_11605_,63.26
stage8_inst.stage4_lower.stage2_pair1.butterfly_inst.mul_inst.ab_reg\[60\],63.22
clknet_leaf_83_clk,63.08
clknet_leaf_273_clk,63.04
_03296_,63.02
_05908_,63
_03782_,62.98
clknet_leaf_197_clk,62.98
_05805_,62.96
_05970_,62.96
net253,62.94
_03985_,62.92
stage8_inst.stage4_upper.stage2_pair0.butterfly_inst.add_inst.b\[23\],62.92
_03688_,62.89
clknet_leaf_40_clk,62.84
stage8_inst.stage4_lower.stage2_pair1.butterfly_inst.mul_inst.multiplicand_high\[15\],62.82
_03768_,62.79
_03679_,62.78
_09263_,62.78
clknet_leaf_350_clk,62.775
_06268_,62.76
net818,62.76
clknet_leaf_210_clk,62.74
_04196_,62.72
clknet_leaf_9_clk,62.68
_09219_,62.675
_09188_,62.67
_08243_,62.66
stage8_inst.stage4_upper.stage2_pair1.butterfly_inst.mul_inst.multiplicand_low\[12\],62.66
clknet_leaf_336_clk,62.66
clknet_leaf_143_clk,62.64
stage8_inst.stage4_upper.stage2_pair0.butterfly_inst.mul_inst.multiplicand_high\[5\],62.6
clknet_leaf_403_clk,62.56
_05860_,62.48
stage8_inst.stage4_upper.stage2_pair0.butterfly_inst.mul_inst.t_reg\[24\],62.48
clknet_leaf_154_clk,62.4
stage8_inst.stage4_lower.stage2_pair1.butterfly_inst.mul_inst.multiplicand_low\[25\],62.38
clknet_leaf_322_clk,62.36
_05897_,62.34
clknet_leaf_213_clk,62.3
clknet_leaf_126_clk,62.2
_11408_,62.18
_09271_,62.16
_05343_,62.14
_09257_,62.14
stage8_inst.out0\[0\],62.08
_11959_,62.04
_03697_,62.02
_04951_,61.98
_11464_,61.98
stage8_inst.stage4_lower.stage2_pair1.butterfly_inst.mul_inst.multiplier\[0\],61.96
_02703_,61.92
stage8_inst.stage4_upper.stage2_pair0.butterfly_inst.mul_inst.multiplicand_high\[21\],61.92
_10141_,61.88
_04987_,61.86
net420,61.84
clknet_leaf_39_clk,61.84
_02687_,61.82
_03834_,61.74
_05909_,61.72
stage8_inst.stage4_lower.stage2_pair0.butterfly_inst.mul_inst.multiplicand_low\[29\],61.72
clknet_leaf_300_clk,61.7
net192,61.68
_11943_,61.64
stage8_inst.stage4_upper.stage2_pair0.butterfly_inst.mul_inst.acc_low\[25\],61.64
clknet_leaf_250_clk,61.64
stage8_inst.stage4_upper.stage2_pair0.butterfly_inst.mul_inst.multiplicand_high\[28\],61.585
_11627_,61.58
_11889_,61.58
_06347_,61.56
_11437_,61.56
_12054_,61.56
net255,61.54
_05887_,61.5
stage8_inst.stage4_lower.stage2_pair1.butterfly_inst.mul_inst.multiplicand_low\[2\],61.48
_07587_,61.44
_09829_,61.44
_07332_,61.34
_11385_,61.34
_04517_,61.32
_11706_,61.28
_03699_,61.25
_07876_,61.24
stage8_inst.out4\[21\],61.22
clknet_leaf_267_clk,61.16
_11615_,61.14
stage8_inst.stage4_lower.stage2_pair1.butterfly_inst.mul_inst.acc_low\[15\],61.12
clknet_leaf_277_clk,61.1
_03792_,61.08
clknet_leaf_332_clk,61
_02605_,60.96
_04439_,60.92
_04136_,60.86
_09380_,60.84
clknet_leaf_175_clk,60.78
clknet_leaf_304_clk,60.775
stage8_inst.stage4_upper.stage2_pair1.butterfly_inst.mul_inst.b\[9\],60.76
clknet_leaf_61_clk,60.74
_09287_,60.68
stage8_inst.out2\[17\],60.68
stage8_inst.stage4_lower.stage2_pair1.butterfly_inst.add_inst.a\[9\],60.665
_05958_,60.66
clknet_leaf_373_clk,60.62
_11540_,60.6
stage8_inst.stage4_lower.stage2_pair0.butterfly_inst.mul_inst.acc_high\[27\],60.54
clknet_leaf_15_clk,60.54
_09474_,60.48
_04105_,60.44
_11625_,60.44
stage8_inst.stage4_lower.stage2_pair0.butterfly_inst.mul_inst.multiplicand_low\[6\],60.42
stage8_inst.stage4_upper.stage2_pair0.butterfly_inst.add_inst.b\[19\],60.39
_03987_,60.32
_10164_,60.3
_11422_,60.25
_10877_,60.24
_11649_,60.24
stage8_inst.stage4_lower.stage2_pair1.butterfly_inst.mul_inst.multiplicand_low\[23\],60.23
stage8_inst.stage4_upper.stage2_pair0.butterfly_inst.mul_inst.multiplicand_high\[22\],60.22
clknet_leaf_317_clk,60.22
_06278_,60.2
stage8_inst.stage4_lower.stage2_pair0.butterfly_inst.add_inst.b\[14\],60.1
clknet_leaf_84_clk,60.1
clknet_leaf_219_clk,60.08
clknet_leaf_411_clk,60.08
_03754_,60.07
clknet_leaf_103_clk,59.98
clknet_leaf_215_clk,59.96
stage8_inst.stage4_upper.stage2_pair1.butterfly_inst.add_inst.a\[14\],59.94
stage8_inst.stage4_upper.stage2_pair1.butterfly_inst.mul_inst.multiplicand_low\[3\],59.905
_02561_,59.9
clknet_leaf_189_clk,59.9
_04056_,59.85
clknet_leaf_387_clk,59.82
clknet_leaf_77_clk,59.78
_05982_,59.74
stage8_inst.stage4_upper.stage2_pair0.butterfly_inst.add_inst.a\[27\],59.74
clknet_leaf_201_clk,59.7
stage8_inst.stage4_lower.stage2_pair0.butterfly_inst.mul_inst.multiplicand_low\[0\],59.68
stage8_inst.stage4_upper.stage2_pair1.butterfly_inst.mul_inst.acc_low\[6\],59.6
_09349_,59.56
clknet_leaf_10_clk,59.56
_07709_,59.54
_09228_,59.52
_04748_,59.5
net295,59.46
_04280_,59.42
stage8_inst.stage4_upper.stage2_pair1.butterfly_inst.mul_inst.multiplicand_high\[7\],59.41
_09060_,59.4
stage8_inst.stage4_upper.stage2_pair1.butterfly_inst.mul_inst.b\[2\],59.38
_05307_,59.37
stage8_inst.stage4_upper.stage2_pair1.butterfly_inst.mul_inst.t_reg\[29\],59.36
clknet_leaf_174_clk,59.36
_03897_,59.3
_04027_,59.3
_03231_,59.26
_03687_,59.26
stage8_inst.stage4_lower.pair0_done,59.26
clknet_leaf_260_clk,59.24
clknet_leaf_42_clk,59.18
clknet_leaf_122_clk,59.16
clknet_leaf_310_clk,59.16
clknet_leaf_37_clk,59.14
stage8_inst.stage4_upper.stage2_pair0.butterfly_inst.mul_inst.t_reg\[16\],59.12
_11463_,59.1
_05965_,59.08
stage8_inst.stage4_lower.stage2_pair1.butterfly_inst.mul_inst.ab_reg\[56\],59.08
stage8_inst.stage4_lower.stage2_pair0.butterfly_inst.mul_inst.acc_high\[19\],59.06
stage8_inst.stage4_upper.stage2_pair1.butterfly_inst.mul_inst.multiplicand_low\[6\],59.06
_03589_,59.04
_04129_,58.98
_03513_,58.94
_04447_,58.94
_10026_,58.94
_03993_,58.82
_11329_,58.82
_09264_,58.8
_04561_,58.72
_09484_,58.72
clknet_leaf_19_clk,58.68
stage8_inst.stage4_lower.stage2_pair0.butterfly_inst.mul_inst.mq_reg\[57\],58.67
_03523_,58.64
_03542_,58.64
stage8_inst.stage4_upper.stage2_pair1.butterfly_inst.add_inst.a\[27\],58.62
_06091_,58.6
_10360_,58.5
_09282_,58.45
_11628_,58.4
_11668_,58.4
stage8_inst.stage4_lower.stage2_pair1.butterfly_inst.mul_inst.mq_reg\[38\],58.4
clknet_leaf_41_clk,58.4
_02397_,58.34
clknet_leaf_68_clk,58.32
clknet_leaf_81_clk,58.3
_03177_,58.26
_09676_,58.26
clknet_leaf_86_clk,58.26
_11498_,58.14
_05678_,58.12
clknet_leaf_107_clk,58.1
_03661_,58.06
_09680_,58.04
_02508_,57.96
clknet_leaf_164_clk,57.96
_07792_,57.935
stage8_inst.stage4_lower.stage2_pair0.butterfly_inst.mul_inst.t_reg\[24\],57.88
stage8_inst.stage4_lower.stage2_pair1.butterfly_inst.mul_inst.t_reg\[28\],57.82
stage8_inst.stage4_upper.stage2_pair0.butterfly_inst.mul_inst.multiplicand_high\[27\],57.78
_03936_,57.7
clknet_leaf_244_clk,57.68
_09826_,57.62
_08587_,57.6
stage8_inst.stage4_upper.stage2_pair1.butterfly_inst.mul_inst.t_reg\[13\],57.6
clknet_leaf_3_clk,57.6
stage8_inst.stage4_lower.stage2_pair0.butterfly_inst.add_inst.a\[23\],57.595
_10140_,57.54
_11622_,57.54
stage8_inst.stage4_upper.stage2_pair1.butterfly_inst.mul_inst.ab_reg\[37\],57.54
stage8_inst.stage4_lower.stage2_pair0.butterfly_inst.add_inst.b\[15\],57.52
clknet_leaf_70_clk,57.52
clknet_leaf_264_clk,57.52
_03639_,57.48
clknet_leaf_220_clk,57.44
_11473_,57.42
stage8_inst.stage4_upper.stage2_pair1.butterfly_inst.mul_inst.multiplicand_low\[31\],57.42
_04774_,57.4
_11829_,57.385
net359,57.38
clknet_leaf_230_clk,57.38
_07887_,57.34
stage8_inst.stage4_upper.stage2_pair1.butterfly_inst.add_inst.a\[19\],57.33
_06176_,57.3
_11367_,57.28
clknet_leaf_290_clk,57.28
_02657_,57.22
_11643_,57.2
_11902_,57.2
stage8_inst.stage4_upper.stage2_pair0.butterfly_inst.mul_inst.mq_reg\[26\],57.2
clknet_leaf_390_clk,57.2
stage8_inst.stage4_lower.stage2_pair1.butterfly_inst.mul_inst.multiplicand_high\[14\],57.18
clknet_leaf_74_clk,57.18
_03922_,57.16
stage8_inst.stage4_lower.stage2_pair0.butterfly_inst.mul_inst.multiplicand_high\[23\],57.16
net1282,57.14
_11220_,57.12
stage8_inst.stage4_lower.stage2_pair0.butterfly_inst.mul_inst.multiplicand_high\[21\],57.12
_11316_,57.1
_02673_,57.075
_09589_,57
_06124_,56.98
_09197_,56.98
stage8_inst.stage4_upper.stage2_pair1.butterfly_inst.mul_inst.multiplicand_low\[15\],56.98
stage8_inst.stage4_lower.stage2_pair1.butterfly_inst.mul_inst.acc_high\[25\],56.96
clknet_leaf_248_clk,56.94
stage8_inst.stage4_upper.stage2_pair0.butterfly_inst.mul_inst.multiplicand_high\[18\],56.93
_09266_,56.92
_04727_,56.86
stage8_inst.stage4_lower.stage2_pair1.butterfly_inst.add_inst.a\[24\],56.86
_09452_,56.84
_11645_,56.8
stage8_inst.stage4_upper.stage2_pair1.butterfly_inst.mul_inst.ab_reg\[35\],56.78
_08952_,56.775
stage8_inst.stage4_upper.stage2_pair1.butterfly_inst.mul_inst.ab_reg\[32\],56.76
_05912_,56.745
clknet_leaf_292_clk,56.74
_07071_,56.72
_09693_,56.7
clknet_leaf_97_clk,56.68
clknet_leaf_316_clk,56.68
stage8_inst.stage4_upper.stage2_pair0.butterfly_inst.mul_inst.ab_reg\[26\],56.645
_11273_,56.64
_11528_,56.64
stage8_inst.stage4_upper.stage2_pair1.butterfly_inst.mul_inst.multiplicand_low\[26\],56.62
stage8_inst.stage4_upper.stage2_pair0.butterfly_inst.add_inst.a\[20\],56.6
_03671_,56.58
_09581_,56.56
clknet_leaf_91_clk,56.52
stage8_inst.stage4_lower.stage2_pair1.butterfly_inst.add_inst.a\[31\],56.5
clknet_leaf_160_clk,56.46
stage8_inst.stage4_upper.pair1_done,56.44
clknet_leaf_202_clk,56.42
_03297_,56.38
_08285_,56.38
_06259_,56.34
_03391_,56.3
_06384_,56.3
stage8_inst.stage4_upper.stage2_pair1.butterfly_inst.mul_inst.multiplicand_high\[0\],56.3
clknet_leaf_289_clk,56.26
net352,56.24
clknet_leaf_233_clk,56.24
_05480_,56.235
clknet_leaf_168_clk,56.22
stage8_inst.stage4_lower.stage2_pair0.butterfly_inst.mul_inst.multiplicand_high\[20\],56.155
_03601_,56.14
stage8_inst.stage4_lower.stage2_pair0.butterfly_inst.mul_inst.acc_high\[0\],56.13
_03907_,56.12
_05859_,56.12
clknet_leaf_342_clk,56.12
_09531_,56.1
_11910_,56.09
_03779_,56.06
_06007_,56.02
stage8_inst.stage4_lower.stage2_pair0.butterfly_inst.add_inst.b\[13\],56
_05888_,55.98
stage8_inst.stage4_lower.stage2_pair0.butterfly_inst.mul_inst.multiplicand_low\[1\],55.92
_11245_,55.88
clknet_leaf_165_clk,55.83
clknet_leaf_313_clk,55.82
_06032_,55.8
_09379_,55.8
stage8_inst.stage4_upper.stage2_pair1.butterfly_inst.add_inst.a\[26\],55.8
_03811_,55.78
clknet_leaf_101_clk,55.78
_08287_,55.74
clknet_leaf_348_clk,55.74
clknet_leaf_261_clk,55.72
_11853_,55.7
stage8_inst.stage4_lower.stage2_pair0.butterfly_inst.mul_inst.multiplicand_low\[8\],55.7
stage8_inst.stage4_upper.stage2_pair0.butterfly_inst.add_inst.a\[9\],55.68
_09427_,55.65
_11394_,55.625
_09356_,55.6
clknet_leaf_208_clk,55.6
clknet_leaf_35_clk,55.54
clknet_leaf_135_clk,55.54
_07868_,55.495
stage8_inst.stage4_upper.stage2_pair1.butterfly_inst.mul_inst.multiplicand_high\[1\],55.48
_09312_,55.475
stage8_inst.stage4_upper.stage2_pair0.butterfly_inst.mul_inst.mq_reg\[57\],55.46
_03670_,55.44
_11602_,55.44
stage8_inst.stage4_lower.stage2_pair1.butterfly_inst.mul_inst.multiplicand_high\[30\],55.44
clknet_leaf_384_clk,55.44
_09176_,55.42
stage8_inst.stage4_upper.stage2_pair0.butterfly_inst.mul_inst.t_reg\[18\],55.4
_09448_,55.38
_11479_,55.36
clknet_leaf_31_clk,55.36
_09345_,55.3
_05870_,55.28
stage8_inst.stage4_lower.stage2_pair0.butterfly_inst.mul_inst.multiplicand_low\[17\],55.26
_05837_,55.23
stage8_inst.stage4_lower.stage2_pair1.butterfly_inst.mul_inst.phase\[3\],55.21
_09654_,55.2
_05788_,55.14
_05842_,55.12
_09250_,55.12
clknet_leaf_224_clk,55.12
stage8_inst.stage4_lower.stage2_pair1.butterfly_inst.mul_inst.t_reg\[21\],55.095
clknet_leaf_394_clk,55.06
stage8_inst.stage4_upper.stage2_pair0.butterfly_inst.mul_inst.mq_reg\[58\],55.02
_03608_,55
_04973_,54.98
stage8_inst.stage4_upper.stage2_pair1.butterfly_inst.mul_inst.ab_reg\[46\],54.92
stage8_inst.stage4_upper.stage2_pair0.butterfly_inst.mul_inst.multiplicand_high\[1\],54.915
_09556_,54.88
stage8_inst.stage4_upper.stage2_pair1.butterfly_inst.mul_inst.t_reg\[23\],54.86
clknet_leaf_204_clk,54.74
stage8_inst.stage4_upper.pair0_done,54.72
_07801_,54.71
_06003_,54.7
clknet_leaf_275_clk,54.7
_06101_,54.68
stage8_inst.stage4_lower.stage2_pair0.butterfly_inst.mul_inst.t_reg\[23\],54.68
clknet_leaf_235_clk,54.66
clknet_leaf_361_clk,54.64
_03645_,54.62
clknet_leaf_393_clk,54.62
_09485_,54.56
stage8_inst.stage4_upper.stage2_pair0.butterfly_inst.add_inst.a\[7\],54.52
stage8_inst.stage4_upper.stage2_pair0.butterfly_inst.mul_inst.multiplicand_low\[19\],54.52
_11465_,54.48
stage8_inst.stage4_upper.stage2_pair0.butterfly_inst.mul_inst.multiplicand_high\[3\],54.46
_09211_,54.44
stage8_inst.stage4_lower.stage2_pair0.butterfly_inst.mul_inst.b\[8\],54.44
clknet_leaf_295_clk,54.43
_06011_,54.42
stage8_inst.stage4_upper.stage2_pair1.butterfly_inst.mul_inst.t_reg\[12\],54.42
stage8_inst.stage4_upper.stage2_pair1.butterfly_inst.mul_inst.multiplicand_high\[23\],54.34
clknet_leaf_105_clk,54.34
_11569_,54.32
clknet_leaf_282_clk,54.32
net284,54.31
_09318_,54.3
clknet_leaf_376_clk,54.3
_03374_,54.26
stage8_inst.stage4_lower.stage2_pair1.butterfly_inst.mul_inst.multiplicand_low\[27\],54.245
_11820_,54.24
_06833_,54.22
_11506_,54.22
stage8_inst.stage4_lower.stage2_pair1.butterfly_inst.mul_inst.mq_reg\[55\],54.2
_06156_,54.18
stage8_inst.out5\[17\],54.18
clknet_leaf_386_clk,54.18
clknet_leaf_125_clk,54.12
clknet_leaf_190_clk,54.12
_08148_,54.1
stage8_inst.stage4_lower.stage2_pair1.butterfly_inst.mul_inst.multiplicand_low\[15\],54.1
stage8_inst.stage4_lower.stage2_pair1.butterfly_inst.add_inst.b\[21\],54.04
_09706_,54.02
stage8_inst.stage4_upper.stage2_pair0.butterfly_inst.add_inst.a\[12\],53.96
stage8_inst.stage4_lower.stage2_pair0.butterfly_inst.add_inst.b\[17\],53.94
stage8_inst.stage4_lower.stage2_pair0.butterfly_inst.mul_inst.step_high,53.92
clknet_leaf_234_clk,53.92
_09588_,53.9
_03888_,53.88
clknet_leaf_137_clk,53.88
_04298_,53.84
_09552_,53.84
stage8_inst.out6\[31\],53.8
stage8_inst.stage4_lower.stage2_pair0.butterfly_inst.mul_inst.multiplicand_high\[18\],53.78
_03708_,53.74
net207,53.73
_06294_,53.68
_11377_,53.68
_02317_,53.66
clknet_leaf_377_clk,53.66
_07733_,53.63
stage8_inst.stage4_upper.stage2_pair1.butterfly_inst.add_inst.a\[28\],53.6
clknet_leaf_188_clk,53.54
_03788_,53.47
net355,53.45
_03911_,53.38
_11390_,53.37
_11915_,53.32
_03859_,53.315
_03942_,53.295
_07867_,53.28
_03704_,53.27
stage8_inst.stage4_upper.stage2_pair1.butterfly_inst.mul_inst.t_reg\[3\],53.27
net914,53.26
net410,53.245
_05681_,53.2
_10379_,53.18
stage8_inst.out4\[22\],53.18
_03990_,53.16
_09450_,53.14
_08173_,53.12
clknet_leaf_17_clk,53.12
stage8_inst.stage4_upper.stage2_pair1.butterfly_inst.mul_inst.t_reg\[19\],53.075
clknet_leaf_16_clk,53.06
_03387_,53.02
_09613_,53
stage8_inst.stage4_lower.stage2_pair1.butterfly_inst.add_inst.b\[18\],52.98
_10885_,52.95
_05989_,52.945
_04103_,52.94
_03831_,52.93
stage8_inst.stage4_lower.stage2_pair1.butterfly_inst.mul_inst.mq_reg\[34\],52.92
_06350_,52.9
stage8_inst.stage4_lower.stage2_pair1.butterfly_inst.mul_inst.b\[28\],52.9
_03843_,52.88
_05943_,52.88
stage8_inst.stage4_upper.stage2_pair1.butterfly_inst.mul_inst.mq_reg\[40\],52.84
_11650_,52.8
_03900_,52.78
_09221_,52.78
_03683_,52.76
_11769_,52.76
clknet_leaf_13_clk,52.76
_09444_,52.74
stage8_inst.stage4_upper.stage2_pair0.butterfly_inst.add_inst.b\[18\],52.72
stage8_inst.stage4_upper.stage2_pair0.butterfly_inst.add_inst.b\[20\],52.72
_04350_,52.7
_02612_,52.68
stage8_inst.stage4_upper.stage2_pair0.butterfly_inst.mul_inst.ab_reg\[46\],52.68
stage8_inst.stage4_lower.stage2_pair1.butterfly_inst.mul_inst.t_reg\[22\],52.64
clknet_leaf_358_clk,52.64
_05884_,52.62
_09137_,52.6
_11409_,52.59
_03600_,52.58
clknet_leaf_334_clk,52.58
stage8_inst.stage4_lower.stage2_pair1.butterfly_inst.mul_inst.mq_reg\[17\],52.575
stage8_inst.stage4_upper.stage2_pair1.butterfly_inst.mul_inst.multiplicand_high\[20\],52.5
_09261_,52.48
net455,52.34
stage8_inst.stage4_lower.stage2_pair0.butterfly_inst.mul_inst.multiplicand_low\[13\],52.3
_06391_,52.28
stage8_inst.stage4_lower.stage2_pair1.butterfly_inst.add_inst.a\[28\],52.28
stage8_inst.stage4_upper.stage2_pair0.butterfly_inst.mul_inst.multiplicand_low\[18\],52.25
_09354_,52.22
stage8_inst.stage4_upper.stage2_pair1.butterfly_inst.mul_inst.multiplicand_low\[11\],52.2
_10322_,52.185
stage8_inst.stage4_upper.stage2_pair0.butterfly_inst.mul_inst.mq_reg\[23\],52.18
_03264_,52.15
_10809_,52.14
stage8_inst.stage4_lower.stage2_pair0.butterfly_inst.mul_inst.t_reg\[8\],52.12
_03590_,52.1
_09505_,52.1
_05061_,52.08
_09425_,52.04
_11947_,52.04
stage8_inst.stage4_lower.stage2_pair0.butterfly_inst.add_inst.b\[6\],52.04
net1667,52.02
_03755_,52
stage8_inst.stage4_upper.stage2_pair1.butterfly_inst.mul_inst.b\[28\],52
_03945_,51.98
_09502_,51.96
clknet_leaf_366_clk,51.94
_11664_,51.9
_07651_,51.88
stage8_inst.stage4_lower.stage2_pair0.butterfly_inst.mul_inst.mq_reg\[7\],51.845
_06073_,51.84
_12029_,51.84
stage8_inst.stage4_upper.stage2_pair1.butterfly_inst.add_inst.a\[23\],51.84
_04764_,51.78
stage8_inst.stage4_upper.stage2_pair0.butterfly_inst.mul_inst.multiplicand_high\[13\],51.78
stage8_inst.stage4_lower.stage2_pair1.butterfly_inst.mul_inst.acc_high\[5\],51.76
_09311_,51.74
_08120_,51.7
stage8_inst.stage4_lower.stage2_pair1.butterfly_inst.mul_inst.multiplicand_high\[11\],51.68
stage8_inst.stage4_upper.stage2_pair0.butterfly_inst.mul_inst.t_reg\[13\],51.68
stage8_inst.stage4_upper.stage2_pair1.butterfly_inst.mul_inst.t_reg\[10\],51.68
stage8_inst.stage4_lower.stage2_pair1.butterfly_inst.mul_inst.multiplicand_low\[14\],51.66
stage8_inst.stage4_lower.stage2_pair1.butterfly_inst.mul_inst.t_reg\[25\],51.6
_06186_,51.54
_07597_,51.53
_03721_,51.52
_09445_,51.52
clknet_leaf_330_clk,51.52
stage8_inst.stage4_lower.stage2_pair1.butterfly_inst.add_inst.a\[13\],51.5
stage8_inst.stage4_upper.stage2_pair0.butterfly_inst.add_inst.a\[14\],51.48
stage8_inst.stage4_upper.stage2_pair0.butterfly_inst.mul_inst.t_reg\[5\],51.48
_03356_,51.46
stage8_inst.out5\[13\],51.46
stage8_inst.stage4_upper.stage2_pair1.butterfly_inst.add_inst.a\[31\],51.46
_09408_,51.455
_03898_,51.44
_05221_,51.42
stage8_inst.stage4_upper.stage2_pair0.butterfly_inst.mul_inst.ab_reg\[36\],51.36
stage8_inst.stage4_lower.stage2_pair0.butterfly_inst.mul_inst.multiplicand_low\[15\],51.3
_09218_,51.28
_02389_,51.26
stage8_inst.stage4_lower.stage2_pair0.butterfly_inst.add_inst.b\[11\],51.24
clknet_leaf_109_clk,51.24
_03973_,51.22
net75,51.2
clknet_leaf_89_clk,51.16
clknet_leaf_405_clk,51.16
_09414_,51.1
stage8_inst.stage4_lower.stage2_pair0.butterfly_inst.mul_inst.b\[9\],51.1
_11726_,51.02
_12023_,51.02
stage8_inst.stage4_lower.stage2_pair1.butterfly_inst.mul_inst.multiplicand_high\[25\],50.965
_11949_,50.94
_11981_,50.94
clknet_leaf_111_clk,50.94
_05946_,50.92
_09451_,50.92
stage8_inst.stage4_lower.stage2_pair1.butterfly_inst.mul_inst.multiplicand_low\[19\],50.88
_03764_,50.82
clknet_leaf_124_clk,50.82
_11497_,50.8
clknet_leaf_171_clk,50.8
_10381_,50.78
stage8_inst.out6\[10\],50.78
clknet_leaf_75_clk,50.78
_03894_,50.74
_10749_,50.74
stage8_inst.stage4_upper.stage2_pair1.butterfly_inst.mul_inst.b\[12\],50.74
_09224_,50.7
net343,50.685
_03720_,50.68
_03793_,50.62
_05057_,50.62
_10843_,50.62
_11386_,50.58
net1001,50.58
net278,50.57
_03109_,50.54
stage8_inst.stage4_upper.stage2_pair1.butterfly_inst.mul_inst.t_reg\[5\],50.54
stage8_inst.stage4_lower.stage2_pair1.butterfly_inst.mul_inst.multiplicand_high\[1\],50.52
stage8_inst.stage4_upper.stage2_pair0.butterfly_inst.mul_inst.ab_reg\[29\],50.505
_04782_,50.5
_08279_,50.5
stage8_inst.stage4_upper.stage2_pair1.butterfly_inst.mul_inst.ab_reg\[38\],50.5
_02444_,50.48
stage8_inst.stage4_lower.stage2_pair0.butterfly_inst.mul_inst.multiplicand_high\[16\],50.48
_09392_,50.46
_03783_,50.42
_03923_,50.4
_11491_,50.34
stage8_inst.stage4_upper.stage2_pair1.butterfly_inst.mul_inst.b\[29\],50.32
_08257_,50.24
_10344_,50.24
stage8_inst.stage4_upper.stage2_pair0.butterfly_inst.mul_inst.multiplicand_high\[7\],50.22
stage8_inst.stage4_upper.stage2_pair1.butterfly_inst.mul_inst.multiplicand_high\[4\],50.2
_07893_,50.06
_09666_,50.02
stage8_inst.stage4_upper.stage2_pair1.butterfly_inst.mul_inst.mq_reg\[7\],49.98
stage8_inst.stage4_lower.stage2_pair0.butterfly_inst.mul_inst.t_reg\[29\],49.97
_06394_,49.96
_07869_,49.945
_05877_,49.94
stage8_inst.stage4_lower.stage2_pair0.butterfly_inst.mul_inst.multiplicand_low\[10\],49.94
_02379_,49.93
_05891_,49.88
net125,49.84
_11737_,49.82
_03744_,49.8
stage8_inst.stage4_upper.stage2_pair0.butterfly_inst.mul_inst.acc_high\[26\],49.78
stage8_inst.stage4_lower.stage2_pair0.butterfly_inst.mul_inst.t_reg\[9\],49.75
_05800_,49.72
_07798_,49.72
clknet_leaf_169_clk,49.72
clknet_leaf_205_clk,49.675
_11526_,49.67
_11573_,49.64
stage8_inst.stage4_upper.stage2_pair0.butterfly_inst.mul_inst.multiplicand_high\[17\],49.64
stage8_inst.stage4_lower.stage2_pair0.butterfly_inst.add_inst.a\[21\],49.62
stage8_inst.stage4_upper.stage2_pair1.butterfly_inst.mul_inst.ab_reg\[7\],49.565
_04138_,49.56
_09173_,49.56
stage8_inst.stage4_upper.stage2_pair0.butterfly_inst.add_inst.a\[11\],49.52
stage8_inst.stage4_lower.stage2_pair1.butterfly_inst.mul_inst.ab_reg\[34\],49.49
_11663_,49.48
_03302_,49.46
_09350_,49.46
_11897_,49.42
clknet_leaf_131_clk,49.42
_05835_,49.405
_06236_,49.4
_11556_,49.4
_11763_,49.4
_07300_,49.36
stage8_inst.stage4_lower.stage2_pair0.butterfly_inst.mul_inst.multiplicand_low\[3\],49.36
_03838_,49.355
_05465_,49.34
_04344_,49.32
_06726_,49.32
_05961_,49.28
_11909_,49.28
_11609_,49.26
stage8_inst.stage4_lower.stage2_pair0.butterfly_inst.mul_inst.t_reg\[18\],49.24
_09223_,49.2
clknet_leaf_206_clk,49.2
stage8_inst.stage4_upper.stage2_pair1.butterfly_inst.mul_inst.mq_reg\[39\],49.19
clknet_leaf_130_clk,49.18
_06027_,49.17
clknet_leaf_363_clk,49.16
stage8_inst.stage4_upper.stage2_pair0.butterfly_inst.mul_inst.multiplier\[22\],49.14
stage8_inst.stage4_upper.stage2_pair0.butterfly_inst.mul_inst.mq_reg\[46\],49.12
_09230_,49.1
clknet_leaf_349_clk,49.1
_04194_,49.08
stage8_inst.stage4_lower.stage2_pair0.butterfly_inst.mul_inst.acc_high\[22\],49.06
stage8_inst.stage4_upper.stage2_pair0.butterfly_inst.add_inst.a\[10\],49.04
stage8_inst.stage4_upper.stage2_pair1.butterfly_inst.mul_inst.t_reg\[9\],49.04
clknet_leaf_340_clk,49.02
clknet_leaf_72_clk,49
_09274_,48.98
_11765_,48.98
clknet_leaf_21_clk,48.98
stage8_inst.stage4_lower.stage2_pair0.butterfly_inst.mul_inst.multiplicand_low\[12\],48.97
stage8_inst.stage4_lower.stage2_pair0.butterfly_inst.mul_inst.acc_high\[26\],48.94
stage8_inst.stage4_upper.stage2_pair0.butterfly_inst.mul_inst.acc_high\[27\],48.92
_09670_,48.9
_05775_,48.88
stage8_inst.stage4_upper.stage2_pair1.butterfly_inst.mul_inst.multiplicand_low\[19\],48.88
stage8_inst.stage4_upper.stage2_pair1.butterfly_inst.mul_inst.multiplicand_low\[21\],48.88
clknet_leaf_380_clk,48.88
_03298_,48.84
net1100,48.82
_07720_,48.74
_05786_,48.72
_06056_,48.7
clknet_leaf_85_clk,48.7
stage8_inst.stage4_lower.stage2_pair0.butterfly_inst.mul_inst.multiplicand_high\[26\],48.675
_11507_,48.66
_09570_,48.64
stage8_inst.in0\[25\],48.62
_09194_,48.615
stage8_inst.out2\[2\],48.6
_10011_,48.595
_11885_,48.58
stage8_inst.stage4_upper.stage2_pair1.butterfly_inst.mul_inst.multiplicand_high\[18\],48.58
clknet_leaf_293_clk,48.58
_04220_,48.56
clknet_leaf_231_clk,48.56
_06602_,48.52
_11276_,48.48
stage8_inst.stage4_upper.stage2_pair1.butterfly_inst.mul_inst.mq_reg\[35\],48.48
clknet_leaf_401_clk,48.42
_11451_,48.4
clknet_leaf_8_clk,48.4
clknet_leaf_43_clk,48.38
_11525_,48.36
stage8_inst.stage4_lower.stage2_pair1.butterfly_inst.add_inst.a\[27\],48.36
_03593_,48.335
stage8_inst.stage4_upper.stage2_pair0.butterfly_inst.mul_inst.multiplicand_low\[0\],48.32
_10223_,48.3
stage8_inst.out4\[31\],48.3
_11516_,48.26
stage8_inst.stage4_upper.stage2_pair0.butterfly_inst.mul_inst.multiplicand_high\[0\],48.26
net339,48.23
_05332_,48.22
stage8_inst.stage4_lower.stage2_pair0.butterfly_inst.mul_inst.t_reg\[0\],48.205
net417,48.18
stage8_inst.stage4_upper.stage2_pair1.butterfly_inst.add_inst.b\[15\],48.16
_06172_,48.08
_06134_,48.06
_02479_,48.04
stage8_inst.stage4_upper.stage2_pair1.butterfly_inst.mul_inst.t_reg\[6\],48.02
_06304_,47.98
_10402_,47.98
stage8_inst.stage4_lower.stage2_pair1.butterfly_inst.mul_inst.multiplicand_high\[5\],47.965
_03795_,47.96
stage8_inst.stage4_upper.stage2_pair1.butterfly_inst.mul_inst.b\[11\],47.96
_10306_,47.92
_03860_,47.9
_06160_,47.88
_09237_,47.88
stage8_inst.stage4_lower.stage2_pair0.butterfly_inst.mul_inst.multiplicand_high\[29\],47.86
_03716_,47.835
_03618_,47.82
_05267_,47.82
stage8_inst.stage4_upper.stage2_pair0.butterfly_inst.mul_inst.t_reg\[25\],47.79
_06237_,47.78
stage8_inst.stage4_upper.stage2_pair1.butterfly_inst.mul_inst.multiplicand_low\[14\],47.77
_03591_,47.75
stage8_inst.stage4_upper.stage2_pair1.butterfly_inst.mul_inst.mq_reg\[37\],47.72
_06518_,47.66
_11542_,47.655
_05289_,47.62
_03673_,47.58
stage8_inst.stage4_lower.stage2_pair1.butterfly_inst.mul_inst.step_high,47.58
_10906_,47.54
net190,47.53
stage8_inst.stage4_upper.stage2_pair0.butterfly_inst.mul_inst.mq_reg\[29\],47.49
_09039_,47.44
_05894_,47.42
_03662_,47.38
_07949_,47.36
stage8_inst.stage4_lower.stage2_pair0.butterfly_inst.add_inst.a\[25\],47.36
_07819_,47.345
_05828_,47.32
_11877_,47.3
_09195_,47.265
_07641_,47.26
_07901_,47.24
_09614_,47.22
_05896_,47.2
_06280_,47.18
_06637_,47.14
stage8_inst.stage4_upper.stage2_pair0.butterfly_inst.mul_inst.ab_reg\[42\],47.14
_11470_,47.12
_03694_,47.1
stage8_inst.stage4_lower.stage2_pair0.butterfly_inst.mul_inst.ab_reg\[42\],47.1
stage8_inst.stage4_upper.stage2_pair0.butterfly_inst.mul_inst.t_reg\[2\],47.085
_06328_,47.08
_03378_,47.06
_11462_,47.04
_03818_,47.03
stage8_inst.stage4_upper.stage2_pair1.butterfly_inst.add_inst.a\[29\],47.02
clknet_leaf_227_clk,46.94
_05001_,46.9
_09441_,46.9
stage8_inst.stage4_lower.stage2_pair0.butterfly_inst.mul_inst.t_reg\[22\],46.9
stage8_inst.stage4_upper.stage2_pair0.butterfly_inst.mul_inst.multiplicand_high\[11\],46.88
_09661_,46.8
stage8_inst.stage4_upper.stage2_pair1.butterfly_inst.mul_inst.acc_high\[24\],46.78
_11337_,46.76
stage8_inst.stage4_lower.stage2_pair1.butterfly_inst.mul_inst.mq_reg\[35\],46.76
stage8_inst.stage4_upper.stage2_pair1.butterfly_inst.mul_inst.mq_reg\[53\],46.76
stage8_inst.stage4_lower.stage2_pair0.butterfly_inst.mul_inst.mq_reg\[37\],46.74
stage8_inst.stage4_lower.stage2_pair1.butterfly_inst.add_inst.a\[8\],46.735
_06104_,46.72
stage8_inst.stage4_upper.stage2_pair0.butterfly_inst.mul_inst.multiplicand_low\[12\],46.715
stage8_inst.stage4_upper.stage2_pair0.butterfly_inst.mul_inst.mq_reg\[28\],46.71
stage8_inst.stage4_lower.stage2_pair0.butterfly_inst.mul_inst.multiplicand_low\[25\],46.68
clknet_leaf_280_clk,46.64
_09278_,46.63
_09948_,46.62
stage8_inst.stage4_lower.stage2_pair0.butterfly_inst.mul_inst.mq_reg\[52\],46.62
stage8_inst.stage4_upper.stage2_pair1.butterfly_inst.add_inst.a\[22\],46.62
_08651_,46.6
_09308_,46.6
_09216_,46.58
clknet_leaf_104_clk,46.56
stage8_inst.stage4_upper.stage2_pair1.butterfly_inst.mul_inst.multiplicand_high\[14\],46.54
clknet_leaf_98_clk,46.54
_03713_,46.52
stage8_inst.out0\[16\],46.52
stage8_inst.stage4_lower.stage2_pair0.butterfly_inst.add_inst.a\[8\],46.52
stage8_inst.stage4_lower.stage2_pair1.butterfly_inst.mul_inst.ab_reg\[38\],46.52
_03595_,46.475
clknet_leaf_303_clk,46.46
clknet_leaf_256_clk,46.44
net809,46.44
_09541_,46.42
stage8_inst.stage4_upper.stage2_pair0.butterfly_inst.add_inst.a\[22\],46.42
_04568_,46.39
_03701_,46.38
stage8_inst.stage4_lower.stage2_pair0.butterfly_inst.mul_inst.bit_idx\[5\],46.38
_09606_,46.36
stage8_inst.stage4_upper.stage2_pair0.butterfly_inst.mul_inst.t_reg\[29\],46.34
net239,46.32
stage8_inst.stage4_lower.stage2_pair0.butterfly_inst.mul_inst.multiplicand_high\[5\],46.3
stage8_inst.stage4_lower.stage2_pair1.butterfly_inst.mul_inst.t_reg\[16\],46.26
_06114_,46.23
stage8_inst.stage4_upper.stage2_pair0.butterfly_inst.mul_inst.multiplicand_low\[30\],46.22
_11418_,46.18
stage8_inst.stage4_upper.stage2_pair1.butterfly_inst.mul_inst.t_reg\[2\],46.18
_06081_,46.175
_11834_,46.14
_03620_,46.12
_05776_,46.12
stage8_inst.stage4_upper.stage2_pair1.butterfly_inst.mul_inst.multiplicand_low\[10\],46.12
_03928_,46.1
stage8_inst.out2\[26\],46.08
_03597_,46.06
stage8_inst.out2\[21\],46.02
_09362_,46.01
_03733_,45.98
_04611_,45.98
_04086_,45.94
_06523_,45.94
clknet_leaf_4_clk,45.9
stage8_inst.stage4_lower.stage2_pair1.butterfly_inst.mul_inst.ab_reg\[41\],45.86
stage8_inst.stage4_upper.stage2_pair0.butterfly_inst.mul_inst.multiplicand_low\[26\],45.855
_11487_,45.84
stage8_inst.stage4_upper.stage2_pair0.butterfly_inst.mul_inst.t_reg\[9\],45.78
_07809_,45.76
clknet_leaf_11_clk,45.76
stage8_inst.stage4_upper.stage2_pair0.butterfly_inst.add_inst.a\[17\],45.715
clknet_leaf_203_clk,45.7
clknet_leaf_370_clk,45.68
stage8_inst.stage4_upper.stage2_pair0.butterfly_inst.mul_inst.t_reg\[7\],45.64
clknet_leaf_82_clk,45.64
_11478_,45.62
stage8_inst.stage4_upper.stage2_pair1.butterfly_inst.mul_inst.t_reg\[1\],45.605
_11089_,45.6
stage8_inst.stage4_upper.stage2_pair0.butterfly_inst.add_inst.a\[13\],45.6
stage8_inst.stage4_upper.stage2_pair1.butterfly_inst.mul_inst.ab_reg\[55\],45.6
clknet_leaf_257_clk,45.6
_09400_,45.52
clknet_leaf_32_clk,45.5
_05785_,45.48
_11582_,45.455
_02283_,45.44
stage8_inst.stage4_lower.stage2_pair0.butterfly_inst.mul_inst.ab_reg\[53\],45.4
_03643_,45.36
_09999_,45.34
_06563_,45.33
_09371_,45.32
_03763_,45.295
_09101_,45.28
stage8_inst.stage4_lower.stage2_pair0.butterfly_inst.add_inst.a\[3\],45.28
_11887_,45.275
_06220_,45.27
stage8_inst.out7\[31\],45.26
_09231_,45.24
_09247_,45.24
_06203_,45.2
_09320_,45.2
clknet_leaf_142_clk,45.18
_09050_,45.17
_07864_,45.16
_09357_,45.16
stage8_inst.out2\[20\],45.16
_09415_,45.14
_11554_,45.135
_09373_,45.115
stage8_inst.stage4_lower.stage2_pair0.butterfly_inst.mul_inst.acc_high\[24\],45.04
_09305_,45
_03315_,44.98
stage8_inst.stage4_upper.stage2_pair0.butterfly_inst.mul_inst.multiplicand_low\[1\],44.965
_04167_,44.96
_09187_,44.96
stage8_inst.stage4_lower.stage2_pair1.butterfly_inst.mul_inst.acc_high\[19\],44.94
stage8_inst.stage4_upper.stage2_pair1.butterfly_inst.add_inst.a\[4\],44.92
stage8_inst.stage4_upper.stage2_pair1.butterfly_inst.mul_inst.acc_high\[19\],44.92
_08202_,44.91
stage8_inst.stage4_upper.stage2_pair1.butterfly_inst.mul_inst.multiplicand_low\[20\],44.9
stage8_inst.stage4_upper.stage2_pair1.butterfly_inst.mul_inst.ab_reg\[39\],44.82
_06145_,44.8
stage8_inst.stage4_lower.stage2_pair0.butterfly_inst.mul_inst.ab_reg\[37\],44.8
stage8_inst.stage4_lower.stage2_pair1.butterfly_inst.mul_inst.multiplicand_high\[10\],44.8
stage8_inst.stage4_lower.stage2_pair0.butterfly_inst.mul_inst.multiplicand_low\[30\],44.795
_02383_,44.78
_09889_,44.78
_03646_,44.775
_09168_,44.74
clknet_leaf_407_clk,44.74
_10307_,44.72
_04116_,44.7
stage8_inst.stage4_lower.stage2_pair1.butterfly_inst.mul_inst.ab_reg\[15\],44.7
stage8_inst.stage4_lower.stage2_pair1.butterfly_inst.mul_inst.acc_high\[23\],44.7
_03880_,44.68
stage8_inst.stage4_lower.stage2_pair1.butterfly_inst.mul_inst.multiplicand_low\[17\],44.68
_09381_,44.675
_03892_,44.66
_12022_,44.66
_11963_,44.65
_09610_,44.62
_05947_,44.6
_03680_,44.58
stage8_inst.out6\[25\],44.58
_02722_,44.56
_06289_,44.54
stage8_inst.stage4_upper.stage2_pair0.butterfly_inst.mul_inst.mq_reg\[15\],44.53
stage8_inst.stage4_upper.stage2_pair0.butterfly_inst.mul_inst.mq_reg\[21\],44.52
clknet_leaf_276_clk,44.52
_03631_,44.5
_06031_,44.5
stage8_inst.stage4_lower.stage2_pair0.butterfly_inst.mul_inst.multiplicand_high\[3\],44.46
stage8_inst.stage4_lower.stage2_pair1.butterfly_inst.mul_inst.ab_reg\[59\],44.45
_07785_,44.42
_09244_,44.42
_06333_,44.34
_09290_,44.34
stage8_inst.stage4_upper.stage2_pair0.butterfly_inst.add_inst.a\[19\],44.34
stage8_inst.out2\[31\],44.3
stage8_inst.stage4_upper.stage2_pair1.butterfly_inst.mul_inst.multiplicand_low\[1\],44.29
_11586_,44.28
clknet_leaf_381_clk,44.28
_08132_,44.26
_09424_,44.26
_11614_,44.26
stage8_inst.stage4_upper.stage2_pair0.butterfly_inst.add_inst.a\[15\],44.26
_02761_,44.24
_04062_,44.24
stage8_inst.stage4_upper.stage2_pair0.butterfly_inst.add_inst.a\[30\],44.24
stage8_inst.stage4_upper.stage2_pair1.butterfly_inst.mul_inst.multiplicand_high\[5\],44.24
_09642_,44.2
stage8_inst.out6\[23\],44.2
_03555_,44.18
_08146_,44.18
stage8_inst.stage4_upper.stage2_pair1.butterfly_inst.mul_inst.acc_high\[10\],44.16
_04068_,44.14
_05816_,44.1
stage8_inst.stage4_lower.stage2_pair0.butterfly_inst.mul_inst.multiplicand_high\[19\],44.1
stage8_inst.stage4_upper.stage2_pair0.butterfly_inst.mul_inst.ab_reg\[23\],44.075
net1194,44.06
_03094_,44.02
stage8_inst.stage4_lower.stage2_pair0.butterfly_inst.mul_inst.multiplicand_low\[5\],44.02
stage8_inst.stage4_upper.stage2_pair1.butterfly_inst.mul_inst.mq_reg\[55\],44
stage8_inst.stage4_upper.stage2_pair0.butterfly_inst.mul_inst.ab_reg\[49\],43.99
_06086_,43.98
stage8_inst.stage4_upper.stage2_pair1.butterfly_inst.mul_inst.multiplicand_low\[30\],43.98
_03605_,43.97
clknet_leaf_113_clk,43.92
_02622_,43.9
_10935_,43.9
_06016_,43.88
stage8_inst.stage4_upper.stage2_pair1.butterfly_inst.mul_inst.mq_reg\[57\],43.86
stage8_inst.stage4_upper.stage2_pair0.butterfly_inst.mul_inst.multiplicand_high\[26\],43.82
_04733_,43.8
stage8_inst.out4\[8\],43.8
stage8_inst.stage4_upper.stage2_pair1.butterfly_inst.mul_inst.ab_reg\[36\],43.8
_09217_,43.78
_03359_,43.76
stage8_inst.stage4_upper.stage2_pair1.butterfly_inst.mul_inst.multiplicand_low\[16\],43.76
net131,43.74
_03672_,43.72
stage8_inst.stage4_lower.stage2_pair1.butterfly_inst.mul_inst.b\[6\],43.72
stage8_inst.stage4_lower.stage2_pair0.butterfly_inst.mul_inst.multiplicand_high\[17\],43.715
_03304_,43.7
stage8_inst.stage4_lower.stage2_pair0.butterfly_inst.mul_inst.mq_reg\[53\],43.7
_09343_,43.66
stage8_inst.out1\[5\],43.66
stage8_inst.stage4_upper.stage2_pair0.butterfly_inst.mul_inst.ab_reg\[25\],43.66
stage8_inst.stage4_upper.stage2_pair0.butterfly_inst.mul_inst.multiplicand_high\[16\],43.62
stage8_inst.stage4_lower.stage2_pair1.butterfly_inst.mul_inst.ab_reg\[55\],43.56
stage8_inst.stage4_upper.stage2_pair0.butterfly_inst.mul_inst.multiplicand_high\[23\],43.56
_03739_,43.5
_10147_,43.485
_07588_,43.48
stage8_inst.stage4_lower.stage2_pair0.butterfly_inst.mul_inst.ab_reg\[57\],43.48
stage8_inst.stage4_lower.stage2_pair1.butterfly_inst.mul_inst.multiplicand_high\[7\],43.44
clknet_leaf_218_clk,43.44
_03658_,43.42
_02654_,43.38
_04054_,43.38
_05257_,43.34
stage8_inst.stage4_lower.stage2_pair0.butterfly_inst.mul_inst.t_reg\[25\],43.32
stage8_inst.out4\[4\],43.3
stage8_inst.stage4_lower.stage2_pair0.butterfly_inst.add_inst.a\[9\],43.3
clknet_leaf_27_clk,43.3
clknet_leaf_228_clk,43.3
_09323_,43.26
_11933_,43.24
stage8_inst.stage4_lower.stage2_pair1.butterfly_inst.mul_inst.ab_reg\[7\],43.24
stage8_inst.stage4_upper.stage2_pair0.butterfly_inst.mul_inst.ab_reg\[53\],43.22
_10292_,43.2
_04396_,43.18
_04788_,43.16
_03835_,43.14
_05857_,43.14
clknet_leaf_311_clk,43.14
stage8_inst.stage4_lower.stage2_pair1.butterfly_inst.mul_inst.mq_reg\[56\],43.08
stage8_inst.stage4_lower.stage2_pair1.butterfly_inst.mul_inst.t_reg\[9\],43.06
_05797_,43.04
_05921_,43.015
_07873_,43
_09014_,43
_07161_,42.98
stage8_inst.stage4_lower.stage2_pair1.butterfly_inst.mul_inst.b\[29\],42.98
stage8_inst.stage4_upper.stage2_pair1.butterfly_inst.mul_inst.mq_reg\[32\],42.98
_06256_,42.92
stage8_inst.stage4_upper.stage2_pair0.butterfly_inst.mul_inst.t_reg\[23\],42.92
_04089_,42.88
stage8_inst.out5\[11\],42.86
stage8_inst.stage4_lower.stage2_pair0.butterfly_inst.mul_inst.ab_reg\[49\],42.86
_09388_,42.84
_10912_,42.84
stage8_inst.stage4_upper.stage2_pair0.butterfly_inst.mul_inst.acc_high\[5\],42.84
_08511_,42.76
_09353_,42.76
stage8_inst.stage4_lower.stage2_pair0.butterfly_inst.mul_inst.ab_reg\[7\],42.76
stage8_inst.stage4_upper.stage2_pair0.butterfly_inst.mul_inst.ab_reg\[47\],42.74
stage8_inst.stage4_upper.stage2_pair0.butterfly_inst.mul_inst.ab_reg\[28\],42.715
stage8_inst.stage4_upper.stage2_pair0.butterfly_inst.mul_inst.ab_reg\[27\],42.71
_08649_,42.66
_06033_,42.64
_08291_,42.64
_09393_,42.64
_09685_,42.64
net119,42.62
_06451_,42.6
_06806_,42.58
_09372_,42.58
_03896_,42.54
net1271,42.54
_03738_,42.46
stage8_inst.stage4_lower.stage2_pair0.butterfly_inst.mul_inst.multiplicand_low\[24\],42.46
stage8_inst.stage4_upper.stage2_pair1.butterfly_inst.mul_inst.t_reg\[21\],42.42
_07222_,42.36
stage8_inst.stage4_upper.stage2_pair0.butterfly_inst.mul_inst.ab_reg\[7\],42.35
stage8_inst.out5\[12\],42.34
stage8_inst.stage4_lower.stage2_pair0.butterfly_inst.mul_inst.multiplicand_high\[4\],42.34
stage8_inst.stage4_upper.stage2_pair1.butterfly_inst.mul_inst.multiplicand_low\[2\],42.34
_02358_,42.3
_08575_,42.28
stage8_inst.stage4_lower.stage2_pair0.butterfly_inst.mul_inst.acc_high\[18\],42.28
stage8_inst.stage4_upper.stage2_pair0.butterfly_inst.mul_inst.multiplicand_low\[13\],42.245
stage8_inst.stage4_lower.stage2_pair1.butterfly_inst.mul_inst.multiplicand_high\[20\],42.22
_05306_,42.175
_03878_,42.16
stage8_inst.stage4_upper.stage2_pair0.butterfly_inst.mul_inst.mq_reg\[43\],42.16
stage8_inst.stage4_lower.stage2_pair1.butterfly_inst.mul_inst.acc_high\[16\],42.13
_08046_,42.12
stage8_inst.stage4_upper.stage2_pair0.butterfly_inst.mul_inst.t_reg\[6\],42.12
stage8_inst.stage4_lower.stage2_pair0.butterfly_inst.mul_inst.mq_reg\[48\],42.1
_11866_,42.06
_11617_,42.015
stage8_inst.stage4_lower.stage2_pair1.butterfly_inst.mul_inst.mq_reg\[20\],41.96
clknet_leaf_49_clk,41.96
stage8_inst.stage4_upper.stage2_pair1.butterfly_inst.mul_inst.mq_reg\[50\],41.935
_06409_,41.92
_06346_,41.9
stage8_inst.stage4_lower.stage2_pair1.butterfly_inst.mul_inst.mq_reg\[49\],41.9
stage8_inst.stage4_upper.stage2_pair0.butterfly_inst.mul_inst.multiplicand_high\[10\],41.895
stage8_inst.out1\[15\],41.88
stage8_inst.out4\[3\],41.86
stage8_inst.stage4_upper.stage2_pair0.butterfly_inst.add_inst.b\[15\],41.84
_11499_,41.8
_11888_,41.8
net127,41.8
_06512_,41.78
_11985_,41.78
_09499_,41.755
_03709_,41.74
stage8_inst.stage4_upper.stage2_pair0.butterfly_inst.mul_inst.mq_reg\[12\],41.74
_09579_,41.72
stage8_inst.stage4_upper.stage2_pair1.butterfly_inst.mul_inst.ab_reg\[48\],41.72
_07236_,41.7
_09530_,41.69
_06529_,41.66
stage8_inst.stage4_upper.stage2_pair0.butterfly_inst.mul_inst.ab_reg\[37\],41.64
_07431_,41.62
_02252_,41.58
stage8_inst.out6\[28\],41.58
stage8_inst.stage4_lower.stage2_pair1.butterfly_inst.mul_inst.ab_reg\[20\],41.565
_07194_,41.54
_11400_,41.52
stage8_inst.stage4_upper.stage2_pair1.butterfly_inst.mul_inst.mq_reg\[46\],41.5
_06064_,41.46
_09401_,41.46
stage8_inst.stage4_upper.stage2_pair1.butterfly_inst.mul_inst.ab_reg\[53\],41.46
_09275_,41.44
clknet_leaf_88_clk,41.43
stage8_inst.stage4_lower.stage2_pair1.butterfly_inst.mul_inst.ab_reg\[35\],41.4
_02586_,41.38
_03383_,41.38
_03562_,41.36
_05586_,41.29
_06291_,41.28
stage8_inst.stage4_upper.stage2_pair1.butterfly_inst.mul_inst.multiplicand_low\[28\],41.28
stage8_inst.stage4_upper.stage2_pair0.butterfly_inst.mul_inst.multiplicand_low\[2\],41.26
_08162_,41.245
_03665_,41.24
_07933_,41.22
stage8_inst.out6\[27\],41.22
_11611_,41.2
_05562_,41.18
net154,41.16
clknet_leaf_114_clk,41.16
_10818_,41.14
_11344_,41.14
stage8_inst.stage4_lower.stage2_pair1.butterfly_inst.mul_inst.multiplicand_high\[19\],41.14
_09032_,41.12
stage8_inst.stage4_lower.stage2_pair1.butterfly_inst.mul_inst.t_reg\[27\],41.12
stage8_inst.stage4_upper.stage2_pair1.butterfly_inst.mul_inst.acc_high\[23\],41.12
_10919_,41.1
stage8_inst.stage4_upper.stage2_pair1.butterfly_inst.mul_inst.mq_reg\[38\],41.1
_04067_,41.08
_09297_,41.08
_11062_,41.04
stage8_inst.stage4_lower.stage2_pair0.butterfly_inst.add_inst.a\[2\],41.04
_03394_,41.02
_07763_,41
_07780_,40.98
stage8_inst.stage4_upper.stage2_pair1.butterfly_inst.mul_inst.multiplicand_high\[17\],40.98
clknet_leaf_167_clk,40.94
_08048_,40.92
clknet_leaf_194_clk,40.9
stage8_inst.stage4_upper.stage2_pair0.butterfly_inst.mul_inst.t_reg\[27\],40.88
stage8_inst.stage4_upper.stage2_pair0.butterfly_inst.mul_inst.phase\[2\],40.86
_10270_,40.84
stage8_inst.in0\[13\],40.84
stage8_inst.stage4_upper.stage2_pair0.butterfly_inst.mul_inst.acc_high\[24\],40.84
stage8_inst.stage4_upper.stage2_pair1.butterfly_inst.mul_inst.acc_high\[15\],40.82
_03895_,40.8
_06827_,40.78
_11665_,40.78
_10314_,40.76
_11380_,40.715
_03926_,40.7
_06697_,40.68
_09883_,40.68
_03963_,40.67
stage8_inst.stage4_lower.stage2_pair0.butterfly_inst.mul_inst.multiplicand_low\[14\],40.67
stage8_inst.stage4_lower.stage2_pair0.butterfly_inst.add_inst.a\[5\],40.665
_03712_,40.65
_10723_,40.64
stage8_inst.stage4_upper.stage2_pair0.butterfly_inst.add_inst.a\[16\],40.64
stage8_inst.stage4_upper.stage2_pair1.butterfly_inst.mul_inst.mq_reg\[56\],40.62
stage8_inst.stage4_lower.stage2_pair0.butterfly_inst.mul_inst.multiplicand_high\[2\],40.6
_04341_,40.58
_04644_,40.565
_05978_,40.52
net1595,40.5
stage8_inst.stage4_upper.stage2_pair0.butterfly_inst.mul_busy,40.48
_05873_,40.46
_03277_,40.44
_05821_,40.44
stage8_inst.stage4_lower.stage2_pair1.butterfly_inst.mul_inst.mq_reg\[57\],40.44
stage8_inst.out6\[26\],40.42
_09559_,40.4
_08585_,40.36
_12053_,40.34
_04558_,40.32
stage8_inst.stage4_upper.stage2_pair1.butterfly_inst.mul_inst.mq_reg\[41\],40.32
_05809_,40.3
_05787_,40.28
_06013_,40.28
_02411_,40.26
_07975_,40.24
_08721_,40.24
_04325_,40.23
stage8_inst.stage4_upper.stage2_pair0.butterfly_inst.mul_inst.mq_reg\[25\],40.22
_09686_,40.205
_09663_,40.2
stage8_inst.stage4_lower.stage2_pair1.butterfly_inst.mul_inst.b\[0\],40.18
_03829_,40.16
state\[1\],40.16
_04429_,40.12
_09939_,40.12
clknet_leaf_38_clk,40.08
_06276_,40.04
_09799_,40.02
stage8_inst.stage4_lower.stage2_pair0.butterfly_inst.mul_inst.t_reg\[10\],40
stage8_inst.stage4_lower.stage2_pair1.butterfly_inst.mul_inst.mq_reg\[37\],40
_11505_,39.99
_03848_,39.98
_07392_,39.96
_09703_,39.94
_03741_,39.92
stage8_inst.stage4_upper.stage2_pair0.butterfly_inst.add_inst.a\[29\],39.92
stage8_inst.stage4_upper.stage2_pair0.butterfly_inst.mul_inst.ab_reg\[48\],39.92
stage8_inst.stage4_upper.stage2_pair1.butterfly_inst.mul_inst.multiplicand_low\[24\],39.915
stage8_inst.stage4_lower.stage2_pair0.butterfly_inst.mul_inst.multiplicand_high\[1\],39.9
stage8_inst.stage4_upper.stage2_pair0.butterfly_inst.mul_inst.t_reg\[10\],39.9
clknet_leaf_139_clk,39.9
clknet_leaf_365_clk,39.9
_07142_,39.88
stage8_inst.stage4_lower.stage2_pair0.butterfly_inst.mul_inst.acc_high\[10\],39.88
_07428_,39.86
_11148_,39.86
_11939_,39.86
_03610_,39.84
stage8_inst.out5\[18\],39.82
stage8_inst.stage4_upper.stage2_pair1.butterfly_inst.mul_inst.t_reg\[11\],39.82
stage8_inst.stage4_lower.stage2_pair1.butterfly_inst.mul_inst.t_reg\[17\],39.8
stage8_inst.stage4_upper.stage2_pair1.butterfly_inst.mul_inst.multiplier\[1\],39.8
_03890_,39.78
stage8_inst.stage4_lower.stage2_pair0.butterfly_inst.mul_inst.b\[14\],39.78
net1601,39.78
stage8_inst.stage4_lower.stage2_pair0.butterfly_inst.mul_inst.ab_reg\[39\],39.76
_05922_,39.74
stage8_inst.stage4_upper.stage2_pair1.butterfly_inst.mul_inst.t_reg\[27\],39.74
stage8_inst.stage4_lower.stage2_pair0.butterfly_inst.mul_inst.mq_reg\[49\],39.7
_05819_,39.68
stage8_inst.stage4_upper.stage2_pair0.butterfly_inst.mul_inst.multiplicand_low\[31\],39.66
stage8_inst.stage4_upper.stage2_pair1.butterfly_inst.mul_inst.multiplicand_low\[9\],39.66
stage8_inst.stage4_upper.stage2_pair1.butterfly_inst.mul_inst.b\[4\],39.62
clknet_leaf_94_clk,39.62
_03925_,39.6
_08077_,39.6
stage8_inst.stage4_upper.stage2_pair0.butterfly_inst.mul_inst.mq_reg\[27\],39.6
_06255_,39.58
_08105_,39.56
stage8_inst.stage4_lower.stage2_pair1.butterfly_inst.mul_inst.bit_idx\[0\],39.56
stage8_inst.stage4_upper.stage2_pair0.butterfly_inst.mul_inst.multiplicand_high\[4\],39.56
_04741_,39.5
stage8_inst.stage4_lower.stage2_pair1.butterfly_inst.mul_inst.mq_reg\[30\],39.5
stage8_inst.stage4_upper.stage2_pair1.butterfly_inst.mul_inst.mq_reg\[42\],39.5
_02309_,39.48
_03726_,39.45
stage8_inst.stage4_lower.stage2_pair0.butterfly_inst.add_inst.a\[20\],39.44
_09365_,39.4
stage8_inst.stage4_lower.stage2_pair1.butterfly_inst.mul_inst.multiplicand_high\[2\],39.38
stage8_inst.stage4_lower.stage2_pair1.butterfly_inst.mul_inst.mq_reg\[10\],39.34
clknet_leaf_186_clk,39.32
stage8_inst.stage4_upper.stage2_pair1.butterfly_inst.add_inst.a\[21\],39.28
_03136_,39.26
_09368_,39.26
_04244_,39.24
_06093_,39.24
_07582_,39.23
stage8_inst.stage4_lower.stage2_pair0.butterfly_inst.mul_inst.phase\[2\],39.23
stage8_inst.stage4_upper.stage2_pair0.butterfly_inst.mul_inst.ab_reg\[19\],39.22
_03714_,39.21
stage8_inst.stage4_lower.stage2_pair0.butterfly_inst.add_inst.b\[12\],39.2
stage8_inst.stage4_upper.stage2_pair1.butterfly_inst.mul_inst.multiplicand_high\[3\],39.2
stage8_inst.stage4_upper.stage2_pair1.butterfly_inst.mul_inst.multiplicand_low\[8\],39.2
_10138_,39.18
stage8_inst.stage4_lower.stage2_pair1.butterfly_inst.mul_inst.t_reg\[19\],39.165
_04182_,39.16
_04401_,39.14
_06020_,39.14
_11538_,39.14
_11522_,39.09
_07274_,39.06
_06724_,39.03
_02693_,39.02
_03909_,39.02
_09238_,39.02
_04366_,39
_09869_,38.96
clknet_leaf_413_clk,38.96
_05731_,38.955
_11382_,38.94
stage8_inst.out1\[12\],38.94
_06105_,38.92
_06508_,38.92
_06068_,38.9
_09456_,38.88
_12048_,38.88
_06809_,38.86
stage8_inst.stage4_upper.stage2_pair0.butterfly_inst.mul_inst.multiplicand_high\[15\],38.85
_11676_,38.84
state\[0\],38.84
_11504_,38.82
stage8_inst.stage4_upper.stage2_pair1.butterfly_inst.mul_inst.multiplicand_low\[13\],38.82
stage8_inst.stage4_upper.stage2_pair0.butterfly_inst.mul_inst.mq_reg\[13\],38.8
net1324,38.76
_09602_,38.72
stage8_inst.stage4_lower.stage2_pair0.butterfly_inst.mul_inst.ab_reg\[35\],38.66
stage8_inst.stage4_upper.stage2_pair1.butterfly_inst.mul_inst.ab_reg\[41\],38.66
stage8_inst.stage4_lower.stage2_pair0.butterfly_inst.mul_inst.t_reg\[26\],38.655
stage8_inst.stage4_upper.stage2_pair0.butterfly_inst.mul_inst.multiplicand_low\[24\],38.64
_05549_,38.62
_08081_,38.6
clknet_leaf_99_clk,38.58
_09672_,38.575
_05941_,38.56
stage8_inst.stage4_lower.stage2_pair1.butterfly_inst.mul_inst.ab_reg\[54\],38.56
_06279_,38.545
_03921_,38.54
stage8_inst.stage4_upper.stage2_pair1.butterfly_inst.mul_inst.ab_reg\[17\],38.54
stage8_inst.stage4_upper.stage2_pair0.butterfly_inst.mul_inst.multiplicand_low\[20\],38.52
stage8_inst.stage4_lower.stage2_pair0.butterfly_inst.mul_inst.t_reg\[11\],38.5
stage8_inst.out0\[31\],38.48
_06366_,38.46
_07616_,38.44
_11629_,38.44
_05742_,38.4
stage8_inst.stage4_lower.stage2_pair0.butterfly_inst.mul_inst.t_reg\[15\],38.4
stage8_inst.stage4_upper.stage2_pair0.butterfly_inst.mul_inst.b\[31\],38.4
stage8_inst.stage4_upper.stage2_pair1.butterfly_inst.mul_inst.mq_reg\[51\],38.4
_11427_,38.39
_11561_,38.38
net1741,38.36
_06383_,38.32
_09322_,38.3
_10207_,38.3
stage8_inst.stage4_upper.stage2_pair0.butterfly_inst.mul_inst.ab_reg\[12\],38.3
stage8_inst.stage4_upper.stage2_pair0.butterfly_inst.mul_inst.multiplier\[26\],38.285
_09851_,38.28
_11935_,38.28
_07304_,38.26
_05784_,38.24
_09169_,38.24
_03159_,38.22
_09429_,38.22
stage8_inst.stage4_lower.stage2_pair1.butterfly_inst.mul_inst.ab_reg\[37\],38.22
stage8_inst.stage4_upper.stage2_pair1.butterfly_inst.mul_inst.ab_reg\[28\],38.21
_05198_,38.2
_06857_,38.2
stage8_inst.stage4_upper.stage2_pair1.butterfly_inst.add_inst.b\[2\],38.2
stage8_inst.stage4_lower.stage2_pair1.butterfly_inst.mul_inst.multiplicand_high\[18\],38.18
_03822_,38.15
stage8_inst.stage4_lower.stage2_pair0.butterfly_inst.mul_inst.acc_high\[25\],38.14
stage8_inst.stage4_upper.stage2_pair0.butterfly_inst.mul_inst.mq_reg\[20\],38.14
net244,38.14
_04113_,38.12
_05848_,38.12
_11688_,38.11
stage8_inst.stage4_upper.stage2_pair1.butterfly_inst.mul_inst.mq_reg\[34\],38.105
_07814_,38.1
stage8_inst.stage4_upper.stage2_pair1.butterfly_inst.mul_inst.mq_reg\[52\],38.09
_03300_,38.08
_07235_,38.04
_03625_,38
_07475_,37.98
stage8_inst.stage4_lower.stage2_pair0.butterfly_inst.mul_inst.carry_reg,37.98
_03349_,37.965
_09443_,37.96
stage8_inst.stage4_lower.stage2_pair0.butterfly_inst.add_inst.a\[17\],37.96
_04170_,37.94
_05170_,37.94
_07435_,37.94
_11358_,37.94
_04077_,37.9
_07260_,37.9
_11986_,37.9
stage8_inst.stage4_lower.stage2_pair0.butterfly_inst.mul_inst.multiplicand_low\[31\],37.9
_09677_,37.86
_04965_,37.82
_09884_,37.82
stage8_inst.stage4_upper.stage2_pair0.butterfly_inst.mul_inst.acc_high\[25\],37.8
_09591_,37.78
stage8_inst.out5\[19\],37.76
stage8_inst.stage4_lower.stage2_pair0.butterfly_inst.mul_inst.acc_high\[6\],37.76
stage8_inst.stage4_upper.stage2_pair1.butterfly_inst.mul_inst.mq_reg\[24\],37.75
_05885_,37.74
_11900_,37.74
stage8_inst.stage4_lower.stage2_pair0.butterfly_inst.mul_inst.mq_reg\[21\],37.74
stage8_inst.stage4_lower.stage2_pair0.butterfly_inst.mul_inst.multiplicand_low\[7\],37.73
stage8_inst.stage4_lower.stage2_pair0.butterfly_inst.mul_inst.ab_reg\[28\],37.72
_05102_,37.7
_09679_,37.7
stage8_inst.stage4_lower.stage2_pair1.butterfly_inst.mul_inst.acc_high\[22\],37.7
_03655_,37.66
_07486_,37.66
_08936_,37.66
stage8_inst.out6\[1\],37.66
stage8_inst.stage4_upper.stage2_pair0.butterfly_inst.mul_inst.mq_reg\[17\],37.66
stage8_inst.stage4_upper.stage2_pair1.butterfly_inst.mul_inst.acc_high\[13\],37.66
stage8_inst.stage4_upper.stage2_pair0.butterfly_inst.mul_inst.ab_reg\[58\],37.62
stage8_inst.stage4_upper.stage2_pair1.butterfly_inst.mul_inst.ab_reg\[20\],37.615
_05288_,37.6
stage8_inst.out1\[11\],37.6
_11456_,37.58
_11916_,37.58
stage8_inst.stage4_lower.stage2_pair1.butterfly_inst.add_inst.a\[2\],37.58
_05734_,37.56
_04452_,37.54
_09178_,37.54
_03612_,37.52
_06094_,37.52
_08933_,37.52
_09302_,37.5
_11369_,37.5
_04137_,37.48
stage8_inst.stage4_lower.stage2_pair1.butterfly_inst.mul_inst.ab_reg\[17\],37.48
_11613_,37.46
stage8_inst.stage4_lower.stage2_pair1.butterfly_inst.mul_inst.b\[3\],37.44
_06540_,37.42
_10151_,37.42
clknet_leaf_402_clk,37.42
_06623_,37.4
_11973_,37.4
_11384_,37.375
_05999_,37.34
_10364_,37.34
_10938_,37.34
net1730,37.34
stage8_inst.stage4_upper.stage2_pair0.butterfly_inst.mul_inst.ab_reg\[20\],37.335
stage8_inst.stage4_upper.stage2_pair1.butterfly_inst.mul_inst.multiplicand_high\[9\],37.33
stage8_inst.stage4_lower.stage2_pair0.butterfly_inst.mul_inst.acc_high\[28\],37.32
_05735_,37.3
stage8_inst.stage4_upper.stage2_pair1.butterfly_inst.mul_inst.ab_reg\[52\],37.28
_11536_,37.275
stage8_inst.stage4_upper.stage2_pair0.butterfly_inst.mul_inst.mq_reg\[38\],37.25
_09207_,37.24
stage8_inst.stage4_lower.stage2_pair0.butterfly_inst.mul_inst.multiplicand_high\[7\],37.235
_03863_,37.2
_06868_,37.2
_09800_,37.18
_06497_,37.16
_09294_,37.15
_03630_,37.125
_10150_,37.12
_03975_,37.1
_04758_,37.1
_06078_,37.095
_09276_,37.08
_03598_,37.075
stage8_inst.stage4_lower.stage2_pair0.butterfly_inst.mul_inst.acc_high\[1\],37.07
_09121_,37.06
_06397_,37.04
_10384_,37.04
_11157_,37.04
stage8_inst.stage4_lower.stage2_pair1.butterfly_inst.mul_inst.ab_reg\[52\],37.03
_04107_,37.02
stage8_inst.stage4_lower.stage2_pair0.butterfly_inst.mul_inst.mq_reg\[58\],37.02
_05949_,37
_09374_,37
_11642_,37
_02435_,36.98
stage8_inst.out4\[1\],36.98
_10020_,36.935
_09659_,36.92
_05811_,36.9
_10627_,36.9
_09786_,36.88
stage8_inst.stage4_lower.stage2_pair1.butterfly_inst.add_inst.a\[20\],36.82
stage8_inst.stage4_upper.stage2_pair1.butterfly_inst.mul_inst.ab_reg\[57\],36.76
_09523_,36.74
_03805_,36.72
stage8_inst.stage4_upper.stage2_pair0.butterfly_inst.mul_inst.mq_reg\[35\],36.72
stage8_inst.stage4_upper.stage2_pair0.butterfly_inst.mul_inst.multiplicand_high\[25\],36.715
_03352_,36.68
_06792_,36.68
stage8_inst.out5\[9\],36.68
stage8_inst.stage4_upper.stage2_pair0.butterfly_inst.mul_inst.mq_reg\[37\],36.68
_03236_,36.66
_03777_,36.66
stage8_inst.stage4_lower.stage2_pair0.butterfly_inst.mul_inst.mq_reg\[35\],36.65
_02872_,36.64
stage8_inst.stage4_lower.stage2_pair0.butterfly_inst.mul_inst.ab_reg\[52\],36.64
_06267_,36.62
_04995_,36.6
stage8_inst.stage4_lower.stage2_pair1.butterfly_inst.mul_inst.ab_reg\[49\],36.6
_02670_,36.58
stage8_inst.stage4_lower.stage2_pair0.butterfly_inst.mul_inst.acc_high\[21\],36.58
net1685,36.58
_11590_,36.57
stage8_inst.stage4_upper.stage2_pair0.butterfly_inst.mul_inst.mq_reg\[31\],36.56
stage8_inst.stage4_upper.stage2_pair0.butterfly_inst.mul_inst.ab_reg\[15\],36.545
_06467_,36.54
_03883_,36.52
_04692_,36.52
_05966_,36.52
_06706_,36.52
stage8_inst.out7\[29\],36.52
_07444_,36.5
_11511_,36.49
_05801_,36.42
_11439_,36.42
stage8_inst.stage4_lower.stage2_pair1.butterfly_inst.mul_inst.multiplicand_high\[0\],36.42
_05725_,36.4
_07913_,36.4
_08275_,36.4
_11383_,36.38
stage8_inst.stage4_upper.stage2_pair1.butterfly_inst.mul_inst.ab_reg\[21\],36.37
stage8_inst.stage4_lower.stage2_pair0.butterfly_inst.mul_inst.mq_reg\[47\],36.36
stage8_inst.stage4_upper.stage2_pair0.butterfly_inst.mul_inst.ab_reg\[39\],36.345
net782,36.34
_09081_,36.32
stage8_inst.stage4_upper.stage2_pair1.butterfly_inst.mul_inst.mq_reg\[36\],36.32
stage8_inst.stage4_lower.stage2_pair0.butterfly_inst.mul_inst.mq_reg\[36\],36.3
_03216_,36.28
_09307_,36.28
_05983_,36.27
_09125_,36.26
stage8_inst.stage4_upper.stage2_pair1.butterfly_inst.mul_inst.multiplicand_high\[24\],36.26
_03202_,36.24
_06089_,36.24
_10659_,36.24
_10937_,36.24
stage8_inst.out1\[28\],36.24
_03904_,36.22
_07630_,36.22
stage8_inst.out3\[31\],36.22
stage8_inst.stage4_upper.stage2_pair1.butterfly_inst.add_inst.a\[30\],36.22
_05802_,36.2
_08714_,36.2
stage8_inst.stage4_upper.stage2_pair1.butterfly_inst.mul_inst.ab_reg\[40\],36.2
_11890_,36.18
stage8_inst.stage4_lower.stage2_pair0.butterfly_inst.mul_inst.b\[7\],36.16
stage8_inst.stage4_lower.stage2_pair1.butterfly_inst.mul_inst.b\[27\],36.14
_02465_,36.12
_07821_,36.12
_11314_,36.12
_11648_,36.12
stage8_inst.stage4_lower.stage2_pair0.butterfly_inst.mul_inst.mq_reg\[9\],36.12
_04625_,36.1
stage8_inst.stage4_lower.stage2_pair0.butterfly_inst.mul_inst.ab_reg\[48\],36.1
_05060_,36.08
stage8_inst.stage4_upper.stage2_pair1.butterfly_inst.mul_inst.multiplicand_low\[4\],36.08
stage8_inst.stage4_lower.stage2_pair1.butterfly_inst.mul_inst.multiplicand_high\[3\],36.06
stage8_inst.stage4_upper.stage2_pair0.butterfly_inst.mul_inst.ab_reg\[17\],36.06
stage8_inst.stage4_upper.stage2_pair0.butterfly_inst.mul_inst.t_reg\[14\],36.06
_05550_,36.02
stage8_inst.stage4_upper.stage2_pair0.butterfly_inst.mul_inst.multiplicand_high\[6\],36.02
stage8_inst.stage4_lower.stage2_pair0.butterfly_inst.mul_inst.ab_reg\[29\],35.98
stage8_inst.stage4_upper.stage2_pair1.butterfly_inst.mul_inst.ab_reg\[42\],35.98
net1590,35.96
_07308_,35.94
_10363_,35.9
stage8_inst.stage4_upper.stage2_pair0.butterfly_inst.add_inst.a\[1\],35.9
stage8_inst.stage4_lower.stage2_pair1.butterfly_inst.mul_inst.b\[16\],35.88
stage8_inst.stage4_upper.stage2_pair1.butterfly_inst.mul_inst.multiplicand_low\[27\],35.87
stage8_inst.out2\[16\],35.84
_03173_,35.8
_05799_,35.8
_05915_,35.8
_08115_,35.8
stage8_inst.stage4_upper.stage2_pair0.butterfly_inst.mul_inst.multiplicand_high\[29\],35.79
_02417_,35.78
stage8_inst.stage4_upper.stage2_pair1.butterfly_inst.mul_inst.acc_high\[22\],35.78
stage8_inst.stage4_lower.stage2_pair0.butterfly_inst.mul_inst.t_reg\[7\],35.775
_10747_,35.76
stage8_inst.stage4_lower.stage2_pair0.butterfly_inst.mul_inst.ab_reg\[54\],35.76
stage8_inst.stage4_upper.stage2_pair0.butterfly_inst.mul_inst.multiplicand_low\[27\],35.76
stage8_inst.stage4_upper.stage2_pair1.butterfly_inst.mul_inst.multiplicand_high\[2\],35.74
stage8_inst.stage4_lower.stage2_pair0.butterfly_inst.mul_inst.mq_reg\[29\],35.725
_11675_,35.7
stage8_inst.stage4_upper.stage2_pair1.butterfly_inst.mul_inst.acc_high\[1\],35.7
_09298_,35.68
stage8_inst.stage4_lower.stage2_pair1.butterfly_inst.mul_inst.ab_reg\[42\],35.68
clknet_leaf_183_clk,35.68
_04214_,35.64
_05261_,35.64
_05701_,35.62
_05838_,35.62
_11188_,35.62
_07476_,35.6
_06876_,35.58
_06271_,35.56
stage8_inst.stage4_upper.stage2_pair1.butterfly_inst.mul_inst.ab_reg\[54\],35.56
stage8_inst.out6\[29\],35.54
clknet_leaf_383_clk,35.54
_07457_,35.5
stage8_inst.stage4_upper.stage2_pair0.butterfly_inst.mul_inst.ab_reg\[32\],35.5
_06450_,35.48
_10646_,35.48
stage8_inst.stage4_upper.stage2_pair0.butterfly_inst.mul_inst.acc_high\[11\],35.46
_11320_,35.38
_07589_,35.36
_11656_,35.36
stage8_inst.stage4_lower.stage2_pair0.butterfly_inst.mul_inst.ab_reg\[13\],35.34
_11964_,35.32
_09905_,35.28
_06306_,35.26
_03765_,35.24
stage8_inst.stage4_upper.stage2_pair1.butterfly_inst.mul_inst.t_reg\[7\],35.23
_03867_,35.22
_03903_,35.22
_09277_,35.22
stage8_inst.stage4_lower.stage2_pair1.butterfly_inst.mul_inst.mq_reg\[59\],35.22
stage8_inst.stage4_lower.stage2_pair1.butterfly_inst.mul_inst.mq_reg\[13\],35.21
_05166_,35.2
_08986_,35.2
_05322_,35.165
_02298_,35.16
net1253,35.16
_01643_,35.14
_12027_,35.12
stage8_inst.stage4_upper.stage2_pair1.butterfly_inst.mul_inst.t_reg\[31\],35.12
_06026_,35.1
_10690_,35.1
_07601_,35.08
stage8_inst.stage4_lower.stage2_pair1.butterfly_inst.mul_inst.ab_reg\[58\],35.08
_07003_,35.075
_07745_,35.06
stage8_inst.stage4_upper.stage2_pair0.butterfly_inst.mul_inst.acc_high\[13\],35.06
_04123_,35.04
_08577_,35.04
stage8_inst.out6\[2\],35.04
_06189_,35.02
_11634_,35.02
stage8_inst.stage4_lower.stage2_pair0.butterfly_inst.add_inst.b\[9\],35.02
_10255_,34.98
stage8_inst.stage4_lower.stage2_pair0.butterfly_inst.mul_inst.ab_reg\[38\],34.98
stage8_inst.stage4_lower.stage2_pair0.butterfly_inst.mul_inst.mq_reg\[42\],34.98
stage8_inst.stage4_lower.stage2_pair0.butterfly_inst.mul_inst.multiplicand_low\[2\],34.96
stage8_inst.stage4_lower.stage2_pair0.butterfly_inst.mul_inst.t_reg\[21\],34.96
_09992_,34.94
stage8_inst.stage4_upper.stage2_pair0.butterfly_inst.mul_inst.mq_reg\[7\],34.94
stage8_inst.stage4_upper.stage2_pair0.butterfly_inst.mul_inst.multiplicand_low\[25\],34.94
_09337_,34.935
_03633_,34.92
_05829_,34.92
_06205_,34.92
_09793_,34.92
_11166_,34.92
stage8_inst.stage4_upper.stage2_pair0.butterfly_inst.mul_inst.mq_reg\[49\],34.92
_11181_,34.86
stage8_inst.stage4_lower.stage2_pair0.butterfly_inst.mul_inst.multiplicand_high\[27\],34.84
stage8_inst.stage4_lower.stage2_pair1.butterfly_inst.mul_inst.ab_reg\[36\],34.84
_08607_,34.8
_07391_,34.78
_09560_,34.76
_11699_,34.76
_09025_,34.74
stage8_inst.stage4_lower.stage2_pair0.butterfly_inst.mul_inst.ab_reg\[46\],34.74
_11374_,34.72
_03100_,34.7
_05925_,34.7
_07841_,34.66
_07355_,34.64
stage8_inst.stage4_upper.stage2_pair0.butterfly_inst.mul_inst.ab_reg\[9\],34.6
stage8_inst.stage4_lower.stage2_pair1.butterfly_inst.mul_inst.mq_reg\[15\],34.58
stage8_inst.stage4_upper.stage2_pair0.butterfly_inst.mul_inst.t_reg\[19\],34.54
clknet_leaf_263_clk,34.52
stage8_inst.stage4_lower.stage2_pair0.butterfly_inst.mul_inst.mq_reg\[46\],34.49
stage8_inst.stage4_lower.stage2_pair0.butterfly_inst.mul_inst.multiplicand_high\[10\],34.47
stage8_inst.stage4_lower.stage2_pair0.butterfly_inst.mul_inst.multiplicand_low\[27\],34.46
_09394_,34.44
_05841_,34.42
_08948_,34.42
net1516,34.42
stage8_inst.stage4_upper.stage2_pair1.butterfly_inst.mul_inst.mq_reg\[48\],34.4
_08647_,34.38
stage8_inst.stage4_lower.stage2_pair1.butterfly_inst.mul_inst.ab_reg\[53\],34.38
stage8_inst.stage4_upper.stage2_pair1.butterfly_inst.mul_inst.mq_reg\[28\],34.38
_03596_,34.36
stage8_inst.stage4_upper.stage2_pair0.butterfly_inst.mul_inst.multiplicand_high\[30\],34.36
stage8_inst.stage4_upper.stage2_pair0.butterfly_inst.mul_inst.multiplicand_low\[21\],34.36
stage8_inst.stage4_upper.stage2_pair1.butterfly_inst.mul_inst.ab_reg\[34\],34.355
stage8_inst.stage4_lower.stage2_pair0.butterfly_inst.mul_inst.ab_reg\[40\],34.32
_09631_,34.28
_10731_,34.28
_07162_,34.26
_08109_,34.26
_08289_,34.26
_09630_,34.26
stage8_inst.stage4_lower.stage2_pair0.butterfly_inst.mul_inst.multiplicand_high\[6\],34.26
_04982_,34.24
_04199_,34.22
_05174_,34.22
_07833_,34.22
stage8_inst.stage4_upper.stage2_pair1.butterfly_inst.mul_inst.ab_reg\[25\],34.22
_04554_,34.18
stage8_inst.stage4_lower.stage2_pair0.butterfly_inst.mul_inst.multiplicand_low\[28\],34.16
_00738_,34.14
stage8_inst.stage4_upper.stage2_pair1.butterfly_inst.mul_inst.multiplicand_high\[12\],34.14
_06486_,34.13
_02769_,34.12
_06900_,34.12
stage8_inst.stage4_lower.stage2_pair0.butterfly_inst.mul_inst.ab_reg\[27\],34.12
_09179_,34.1
stage8_inst.stage4_lower.stage2_pair1.butterfly_inst.mul_inst.mq_reg\[29\],34.08
clknet_leaf_397_clk,34.08
_09369_,34.07
net1748,34.06
_03677_,34.04
_03727_,34.04
_07796_,34.02
_09615_,34.02
stage8_inst.stage4_lower.stage2_pair0.butterfly_inst.mul_inst.ab_reg\[16\],34.01
_05975_,34
stage8_inst.stage4_upper.stage2_pair0.butterfly_inst.mul_inst.mq_reg\[41\],34
_05822_,33.99
stage8_inst.stage4_upper.stage2_pair0.butterfly_inst.mul_inst.t_reg\[15\],33.98
stage8_inst.stage4_upper.stage2_pair1.butterfly_inst.mul_inst.acc_high\[17\],33.98
stage8_inst.stage4_lower.stage2_pair1.butterfly_inst.mul_inst.mq_reg\[47\],33.96
_03187_,33.94
_07764_,33.94
stage8_inst.stage4_upper.stage2_pair1.butterfly_inst.mul_inst.multiplicand_high\[30\],33.94
stage8_inst.stage4_lower.stage2_pair1.butterfly_inst.mul_inst.mq_reg\[58\],33.92
stage8_inst.stage4_upper.stage2_pair0.butterfly_inst.mul_inst.multiplicand_high\[24\],33.9
stage8_inst.stage4_upper.stage2_pair1.butterfly_inst.mul_inst.mq_reg\[49\],33.9
_08746_,33.88
stage8_inst.out2\[1\],33.88
stage8_inst.stage4_lower.stage2_pair1.butterfly_inst.mul_inst.acc_high\[27\],33.86
stage8_inst.stage4_lower.stage2_pair1.butterfly_inst.mul_inst.multiplicand_high\[16\],33.86
_10686_,33.84
stage8_inst.stage4_upper.stage2_pair0.butterfly_inst.mul_inst.multiplicand_high\[14\],33.84
_04718_,33.8
_06332_,33.8
_11674_,33.76
net902,33.76
_02609_,33.74
stage8_inst.stage4_lower.stage2_pair0.butterfly_inst.mul_inst.mq_reg\[38\],33.74
stage8_inst.stage4_upper.stage2_pair1.butterfly_inst.mul_inst.bit_idx\[2\],33.72
stage8_inst.stage4_lower.stage2_pair1.butterfly_inst.mul_inst.acc_high\[24\],33.7
_06776_,33.69
_05220_,33.68
_06212_,33.68
_05889_,33.62
_10750_,33.62
stage8_inst.stage4_lower.stage2_pair0.butterfly_inst.mul_inst.multiplicand_high\[28\],33.605
_11431_,33.6
_01209_,33.58
_04043_,33.575
_09626_,33.56
_11326_,33.555
_06080_,33.52
_07393_,33.52
stage8_inst.stage4_upper.stage2_pair0.butterfly_inst.mul_inst.multiplicand_low\[28\],33.5
_07983_,33.47
_03799_,33.46
_05126_,33.46
_07277_,33.46
_05107_,33.425
_04388_,33.41
_04622_,33.395
_03311_,33.38
_03917_,33.38
_10312_,33.36
_02786_,33.34
_03851_,33.34
stage8_inst.stage4_upper.stage2_pair0.butterfly_inst.mul_inst.ab_reg\[57\],33.34
stage8_inst.out7\[28\],33.32
stage8_inst.stage4_upper.stage2_pair0.butterfly_inst.add_inst.a\[8\],33.32
_09316_,33.3
_05703_,33.28
_10191_,33.28
clknet_leaf_34_clk,33.26
_06142_,33.24
_11452_,33.24
_03771_,33.22
_08967_,33.22
stage8_inst.stage4_lower.stage2_pair0.butterfly_inst.mul_inst.ab_reg\[58\],33.185
_04179_,33.18
_02604_,33.16
_03587_,33.16
stage8_inst.stage4_upper.stage2_pair0.butterfly_inst.mul_inst.ab_reg\[14\],33.16
_07448_,33.14
_10709_,33.14
stage8_inst.stage4_upper.stage2_pair1.butterfly_inst.mul_inst.multiplicand_low\[25\],33.14
_03809_,33.12
_08719_,33.12
_11572_,33.1
stage8_inst.stage4_upper.stage2_pair1.butterfly_inst.mul_inst.multiplicand_low\[22\],33.06
_05895_,33.04
_06511_,33.04
stage8_inst.stage4_lower.stage2_pair0.butterfly_inst.mul_inst.multiplicand_high\[11\],33.04
clknet_leaf_95_clk,33.04
_06090_,33.02
net1441,33.02
stage8_inst.stage4_lower.stage2_pair0.butterfly_inst.mul_inst.mq_reg\[12\],33.015
_04081_,33
_07920_,32.99
_10739_,32.97
_05850_,32.96
_05986_,32.96
_10871_,32.96
stage8_inst.stage4_upper.stage2_pair0.butterfly_inst.mul_inst.ab_reg\[55\],32.96
clknet_leaf_323_clk,32.96
net1109,32.94
stage8_inst.out1\[4\],32.92
_07446_,32.9
stage8_inst.stage4_lower.stage2_pair1.butterfly_inst.mul_inst.mq_reg\[48\],32.88
stage8_inst.stage4_lower.stage2_pair1.butterfly_inst.mul_inst.mq_reg\[36\],32.84
stage8_inst.stage4_upper.stage2_pair0.butterfly_inst.mul_inst.ab_reg\[30\],32.84
_04580_,32.82
_09699_,32.82
_11640_,32.82
stage8_inst.stage4_upper.stage2_pair1.butterfly_inst.mul_inst.multiplicand_high\[8\],32.78
stage8_inst.stage4_lower.stage2_pair0.butterfly_inst.mul_inst.t_reg\[27\],32.765
_06262_,32.76
_08992_,32.76
_11690_,32.76
stage8_inst.stage4_upper.stage2_pair0.butterfly_inst.mul_inst.multiplicand_low\[17\],32.73
_03171_,32.72
_03944_,32.7
_09411_,32.66
stage8_inst.stage4_upper.stage2_pair1.butterfly_inst.mul_inst.multiplicand_high\[27\],32.65
_09131_,32.645
stage8_inst.stage4_lower.stage2_pair0.butterfly_inst.mul_inst.b\[23\],32.64
stage8_inst.stage4_lower.stage2_pair0.butterfly_inst.mul_inst.multiplicand_high\[14\],32.64
_05602_,32.62
_09815_,32.62
_10254_,32.62
_10781_,32.6
stage8_inst.stage4_lower.stage2_pair1.butterfly_inst.mul_inst.acc_high\[26\],32.58
_06059_,32.56
_11106_,32.56
_11793_,32.56
stage8_inst.stage4_lower.stage2_pair0.butterfly_inst.mul_inst.t_reg\[1\],32.56
stage8_inst.stage4_lower.stage2_pair0.butterfly_inst.mul_inst.mq_reg\[33\],32.54
stage8_inst.stage4_lower.stage2_pair1.butterfly_inst.mul_inst.mq_reg\[39\],32.52
stage8_inst.stage4_upper.stage2_pair1.butterfly_inst.mul_inst.ab_reg\[61\],32.52
stage8_inst.stage4_upper.stage2_pair1.butterfly_inst.mul_inst.multiplicand_low\[5\],32.52
_05239_,32.47
_03648_,32.46
_06095_,32.46
_04041_,32.44
stage8_inst.stage4_upper.stage2_pair1.butterfly_inst.mul_inst.mq_reg\[58\],32.44
_07748_,32.42
stage8_inst.stage4_upper.stage2_pair0.butterfly_inst.mul_inst.ab_reg\[40\],32.42
stage8_inst.stage4_upper.stage2_pair0.butterfly_inst.mul_inst.mq_reg\[36\],32.42
stage8_inst.stage4_upper.stage2_pair1.butterfly_inst.mul_inst.t_reg\[8\],32.42
_09154_,32.4
_09567_,32.4
stage8_inst.stage4_lower.stage2_pair0.butterfly_inst.mul_inst.mq_reg\[59\],32.385
_02273_,32.38
_08125_,32.38
_04134_,32.36
stage8_inst.stage4_upper.stage2_pair0.butterfly_inst.mul_inst.multiplicand_low\[23\],32.36
stage8_inst.stage4_upper.stage2_pair0.butterfly_inst.mul_inst.acc_high\[23\],32.35
_03634_,32.34
_04310_,32.34
_11209_,32.34
_03368_,32.32
_04659_,32.32
stage8_inst.out7\[25\],32.32
stage8_inst.stage4_upper.stage2_pair1.butterfly_inst.mul_inst.acc_high\[18\],32.32
_11449_,32.3
stage8_inst.stage4_upper.stage2_pair0.butterfly_inst.mul_inst.multiplicand_low\[8\],32.3
_03341_,32.28
_04304_,32.28
_06143_,32.28
stage8_inst.stage4_upper.stage2_pair0.butterfly_inst.add_inst.b\[21\],32.28
_04250_,32.22
stage8_inst.stage4_lower.stage2_pair1.butterfly_inst.mul_inst.acc_high\[6\],32.22
_06082_,32.21
_10822_,32.185
stage8_inst.stage4_lower.stage2_pair0.butterfly_inst.add_inst.a\[10\],32.18
stage8_inst.stage4_lower.stage2_pair1.butterfly_inst.mul_inst.mq_reg\[7\],32.175
_10284_,32.16
stage8_inst.stage4_lower.stage2_pair0.butterfly_inst.mul_inst.b\[24\],32.16
_05152_,32.14
stage8_inst.stage4_lower.stage2_pair0.butterfly_inst.mul_inst.multiplicand_high\[0\],32.14
stage8_inst.stage4_lower.stage2_pair1.butterfly_inst.mul_inst.mq_reg\[16\],32.14
_03190_,32.12
_08056_,32.12
_10881_,32.12
stage8_inst.stage4_upper.stage2_pair1.butterfly_inst.mul_inst.acc_high\[14\],32.075
_04328_,32.06
_09775_,32.06
stage8_inst.stage4_upper.stage2_pair1.butterfly_inst.add_inst.a\[18\],32.06
_03812_,32.04
_09757_,32.04
stage8_inst.stage4_upper.stage2_pair0.butterfly_inst.mul_inst.multiplicand_low\[9\],32.02
_09251_,32.015
_02503_,32
stage8_inst.stage4_upper.stage2_pair0.butterfly_inst.mul_inst.mq_reg\[19\],32
_10001_,31.96
_10424_,31.96
stage8_inst.in0\[1\],31.96
stage8_inst.stage4_lower.stage2_pair0.butterfly_inst.mul_inst.multiplicand_low\[9\],31.96
_03705_,31.935
_06188_,31.92
stage8_inst.stage4_lower.stage2_pair0.butterfly_inst.mul_inst.multiplicand_high\[24\],31.92
stage8_inst.stage4_lower.stage2_pair1.butterfly_inst.add_inst.a\[22\],31.92
_05294_,31.9
stage8_inst.stage4_upper.stage2_pair0.butterfly_inst.mul_inst.bit_idx\[0\],31.9
_03965_,31.88
_08961_,31.88
stage8_inst.stage4_lower.stage2_pair0.butterfly_inst.mul_inst.acc_high\[20\],31.88
stage8_inst.stage4_lower.stage2_pair1.butterfly_inst.mul_inst.mq_reg\[11\],31.88
stage8_inst.stage4_upper.stage2_pair1.butterfly_inst.mul_inst.b\[7\],31.88
_09386_,31.86
_11445_,31.86
stage8_inst.stage4_lower.stage2_pair1.butterfly_inst.mul_inst.mq_reg\[41\],31.86
net1388,31.86
_06399_,31.84
stage8_inst.stage4_lower.stage2_pair0.butterfly_inst.add_inst.a\[12\],31.84
_11533_,31.82
_04267_,31.8
_09981_,31.8
_11177_,31.8
stage8_inst.stage4_lower.stage2_pair0.butterfly_inst.mul_inst.ab_reg\[15\],31.8
stage8_inst.stage4_lower.stage2_pair1.butterfly_inst.add_inst.a\[12\],31.8
_03691_,31.78
stage8_inst.out7\[5\],31.78
_05723_,31.775
_08601_,31.74
stage8_inst.out5\[28\],31.74
_06547_,31.72
stage8_inst.stage4_lower.stage2_pair0.butterfly_inst.mul_inst.mq_reg\[43\],31.72
clknet_leaf_102_clk,31.72
_07437_,31.7
stage8_inst.stage4_lower.stage2_pair0.butterfly_inst.mul_inst.mq_reg\[23\],31.7
_03627_,31.68
_03647_,31.66
stage8_inst.stage4_upper.stage2_pair0.butterfly_inst.mul_inst.ab_reg\[56\],31.655
_07114_,31.64
stage8_inst.stage4_upper.stage2_pair0.butterfly_inst.mul_inst.multiplicand_low\[4\],31.62
_08023_,31.55
_06043_,31.54
_06537_,31.54
_11145_,31.54
_03119_,31.52
_05689_,31.48
stage8_inst.stage4_upper.stage2_pair1.butterfly_inst.mul_inst.multiplicand_high\[26\],31.48
_11450_,31.47
_02456_,31.44
_09509_,31.44
stage8_inst.stage4_lower.stage2_pair0.butterfly_inst.mul_inst.mq_reg\[28\],31.435
_06634_,31.42
stage8_inst.stage4_upper.stage2_pair1.butterfly_inst.mul_inst.ab_reg\[19\],31.34
_08002_,31.32
stage8_inst.stage4_upper.stage2_pair1.butterfly_inst.mul_inst.multiplicand_high\[19\],31.32
_09269_,31.3
_11312_,31.3
stage8_inst.stage4_upper.stage2_pair0.butterfly_inst.mul_inst.mq_reg\[33\],31.295
_03695_,31.28
_10338_,31.28
_10298_,31.275
_11318_,31.26
_04234_,31.22
stage8_inst.stage4_lower.stage2_pair0.butterfly_inst.add_inst.b\[8\],31.22
stage8_inst.stage4_lower.stage2_pair1.butterfly_inst.mul_inst.mq_reg\[42\],31.22
_03787_,31.18
_03954_,31.16
_06517_,31.16
_08156_,31.16
_09716_,31.14
_10726_,31.14
stage8_inst.stage4_lower.stage2_pair1.butterfly_inst.mul_inst.b\[2\],31.12
_09896_,31.1
_11296_,31.1
_10350_,31.08
_10841_,31.08
stage8_inst.stage4_upper.stage2_pair1.butterfly_inst.mul_inst.acc_high\[8\],31.02
stage8_inst.stage4_upper.stage2_pair1.butterfly_inst.mul_inst.mq_reg\[1\],31.02
stage8_inst.stage4_lower.stage2_pair1.butterfly_inst.mul_inst.mq_reg\[54\],30.985
_04394_,30.98
clknet_leaf_272_clk,30.98
_03710_,30.96
_04547_,30.96
_03803_,30.94
stage8_inst.stage4_lower.stage2_pair0.butterfly_inst.mul_inst.t_reg\[30\],30.94
net1491,30.94
_07432_,30.92
stage8_inst.stage4_upper.stage2_pair1.butterfly_inst.mul_inst.ab_reg\[56\],30.92
_03980_,30.88
_05246_,30.88
_05737_,30.88
stage8_inst.stage4_lower.stage2_pair0.butterfly_inst.mul_inst.mq_reg\[40\],30.88
stage8_inst.stage4_lower.stage2_pair0.butterfly_inst.mul_inst.t_reg\[2\],30.88
_03682_,30.86
_05971_,30.86
_03889_,30.855
_03734_,30.84
stage8_inst.stage4_lower.stage2_pair0.butterfly_inst.mul_inst.acc_high\[5\],30.84
_03551_,30.82
_03642_,30.82
_04164_,30.82
_07309_,30.82
stage8_inst.stage4_lower.stage2_pair1.butterfly_inst.mul_inst.ab_reg\[12\],30.82
net1486,30.82
_03773_,30.8
_04263_,30.8
_07383_,30.8
_09233_,30.76
_02969_,30.74
_09682_,30.74
stage8_inst.stage4_lower.stage2_pair1.butterfly_inst.mul_inst.ab_reg\[30\],30.74
clknet_leaf_120_clk,30.74
stage8_inst.stage4_lower.stage2_pair0.butterfly_inst.add_inst.a\[13\],30.72
stage8_inst.stage4_lower.stage2_pair0.butterfly_inst.mul_inst.acc_high\[7\],30.72
_03105_,30.7
_05817_,30.68
_11662_,30.68
stage8_inst.stage4_upper.stage2_pair1.butterfly_inst.mul_inst.mq_reg\[23\],30.68
_03956_,30.66
_09289_,30.66
_10804_,30.66
stage8_inst.stage4_lower.stage2_pair0.butterfly_inst.mul_inst.ab_reg\[50\],30.65
_04242_,30.64
_06029_,30.64
_04095_,30.63
_06167_,30.62
net1138,30.62
_04209_,30.58
_07854_,30.58
_09516_,30.56
stage8_inst.stage4_lower.stage2_pair1.butterfly_inst.mul_inst.multiplicand_high\[22\],30.56
_07367_,30.54
_07665_,30.54
_04914_,30.52
_11633_,30.52
_11407_,30.5
_08281_,30.48
_11550_,30.48
_11752_,30.48
stage8_inst.out1\[1\],30.48
_05905_,30.46
_09252_,30.46
_11392_,30.44
_04689_,30.42
_05515_,30.42
stage8_inst.stage4_lower.stage2_pair1.butterfly_inst.mul_inst.multiplicand_high\[8\],30.42
stage8_inst.stage4_upper.stage2_pair0.butterfly_inst.mul_inst.mq_reg\[14\],30.405
_03567_,30.4
_03955_,30.4
_09691_,30.4
stage8_inst.stage4_upper.stage2_pair1.butterfly_inst.add_inst.b\[7\],30.4
_03756_,30.39
_04372_,30.38
_11289_,30.38
_07248_,30.34
_07986_,30.34
_11691_,30.34
stage8_inst.out6\[19\],30.32
stage8_inst.stage4_lower.stage2_pair1.butterfly_inst.add_inst.a\[29\],30.32
stage8_inst.stage4_lower.stage2_pair1.butterfly_inst.mul_inst.acc_high\[21\],30.32
net956,30.32
_07282_,30.3
_09742_,30.28
_11514_,30.28
net1606,30.28
stage8_inst.stage4_upper.stage2_pair1.butterfly_inst.mul_inst.acc_high\[9\],30.265
_05270_,30.26
stage8_inst.stage4_lower.stage2_pair0.butterfly_inst.mul_inst.t_reg\[4\],30.23
stage8_inst.stage4_lower.stage2_pair0.butterfly_inst.mul_inst.acc_high\[4\],30.22
_07400_,30.2
_05128_,30.18
stage8_inst.out6\[18\],30.18
stage8_inst.stage4_lower.stage2_pair0.butterfly_inst.mul_inst.ab_reg\[34\],30.18
_11747_,30.16
stage8_inst.stage4_upper.stage2_pair0.butterfly_inst.mul_inst.ab_reg\[35\],30.16
stage8_inst.stage4_upper.stage2_pair0.butterfly_inst.mul_inst.ab_reg\[60\],30.16
_09387_,30.15
stage8_inst.stage4_lower.stage2_pair1.butterfly_inst.mul_inst.phase\[2\],30.13
_10888_,30.12
_09347_,30.11
stage8_inst.stage4_lower.stage2_pair0.butterfly_inst.mul_inst.mq_reg\[27\],30.09
_05520_,30.08
stage8_inst.stage4_upper.stage2_pair1.butterfly_inst.mul_inst.mq_reg\[31\],30.08
_06257_,30.06
_09720_,30.06
_11204_,30.06
stage8_inst.stage4_upper.stage2_pair1.butterfly_inst.mul_inst.multiplicand_high\[16\],30.055
stage8_inst.stage4_upper.stage2_pair1.butterfly_inst.mul_inst.ab_reg\[15\],30.05
_02454_,30.04
_05139_,30.04
_11919_,30.04
_02369_,30.02
_11163_,30
stage8_inst.stage4_lower.stage2_pair0.butterfly_inst.mul_inst.multiplicand_high\[15\],30
_03161_,29.99
stage8_inst.out3\[9\],29.98
_04417_,29.97
stage8_inst.out5\[22\],29.96
_03241_,29.945
_03259_,29.94
_10685_,29.94
stage8_inst.stage4_lower.stage2_pair1.butterfly_inst.mul_inst.ab_reg\[40\],29.94
stage8_inst.stage4_upper.stage2_pair0.butterfly_inst.mul_inst.acc_high\[8\],29.94
stage8_inst.in0\[18\],29.92
_09702_,29.88
stage8_inst.stage4_upper.stage2_pair0.butterfly_inst.mul_inst.ab_reg\[38\],29.88
_09477_,29.875
stage8_inst.stage4_lower.stage2_pair0.butterfly_inst.mul_inst.mq_reg\[63\],29.86
stage8_inst.stage4_upper.stage2_pair0.butterfly_inst.mul_inst.mq_reg\[22\],29.86
_09792_,29.84
_11261_,29.84
_11779_,29.84
stage8_inst.stage4_upper.stage2_pair1.butterfly_inst.mul_inst.acc_high\[0\],29.84
_03983_,29.82
_08590_,29.82
_10031_,29.82
stage8_inst.stage4_lower.stage2_pair0.butterfly_inst.mul_inst.phase\[0\],29.81
_05180_,29.805
stage8_inst.stage4_upper.stage2_pair0.butterfly_inst.mul_inst.mq_reg\[53\],29.8
_02967_,29.78
_04111_,29.78
_04335_,29.78
_11098_,29.78
stage8_inst.stage4_upper.stage2_pair0.butterfly_inst.mul_inst.ab_reg\[43\],29.78
_07149_,29.76
_08134_,29.76
_10963_,29.74
stage8_inst.stage4_lower.stage2_pair0.butterfly_inst.mul_inst.mq_reg\[22\],29.74
net126,29.74
stage8_inst.stage4_upper.stage2_pair1.butterfly_inst.mul_inst.acc_high\[29\],29.735
_11092_,29.705
_06006_,29.7
_04148_,29.68
_09433_,29.68
_03206_,29.66
_05337_,29.66
_05489_,29.66
_05494_,29.66
stage8_inst.stage4_lower.stage2_pair1.butterfly_inst.add_inst.b\[5\],29.645
_07241_,29.62
stage8_inst.stage4_upper.stage2_pair1.butterfly_inst.mul_inst.ab_reg\[47\],29.62
_07264_,29.615
stage8_inst.stage4_upper.stage2_pair0.butterfly_inst.add_inst.a\[6\],29.615
_02377_,29.58
_06492_,29.58
_08017_,29.58
_10617_,29.58
_03875_,29.56
_04102_,29.56
_07463_,29.555
_03841_,29.54
stage8_inst.stage4_upper.stage2_pair1.butterfly_inst.mul_inst.bit_idx\[3\],29.53
_06157_,29.52
_07683_,29.52
stage8_inst.out5\[16\],29.52
stage8_inst.stage4_lower.stage2_pair0.butterfly_inst.mul_inst.ab_reg\[32\],29.52
_04681_,29.5
_07879_,29.5
stage8_inst.stage4_upper.stage2_pair1.butterfly_inst.mul_inst.phase\[2\],29.5
_02700_,29.49
_09501_,29.46
stage8_inst.stage4_lower.stage2_pair1.butterfly_inst.mul_inst.ab_reg\[13\],29.42
_06731_,29.4
_07425_,29.4
_10624_,29.4
stage8_inst.stage4_lower.stage2_pair0.butterfly_inst.mul_inst.mq_reg\[13\],29.365
_08570_,29.36
stage8_inst.out1\[31\],29.36
stage8_inst.stage4_lower.stage2_pair0.butterfly_inst.mul_inst.b\[12\],29.36
stage8_inst.stage4_upper.stage2_pair0.butterfly_inst.mul_inst.multiplicand_low\[29\],29.36
_05883_,29.34
_05890_,29.34
_05953_,29.34
_10711_,29.34
_11666_,29.34
_11786_,29.34
_03855_,29.32
_05782_,29.29
_05098_,29.26
stage8_inst.stage4_upper.stage2_pair0.butterfly_inst.mul_inst.multiplicand_high\[2\],29.26
stage8_inst.stage4_upper.stage2_pair1.butterfly_inst.mul_inst.mq_reg\[19\],29.26
_09960_,29.24
_10925_,29.24
stage8_inst.stage4_upper.stage2_pair0.butterfly_inst.mul_inst.mq_reg\[32\],29.22
stage8_inst.stage4_upper.stage2_pair1.butterfly_inst.mul_inst.mq_reg\[29\],29.22
_05292_,29.215
stage8_inst.stage4_upper.stage2_pair0.butterfly_inst.mul_inst.ab_reg\[18\],29.215
_05705_,29.2
stage8_inst.out2\[28\],29.2
stage8_inst.stage4_upper.stage2_pair1.butterfly_inst.mul_inst.ab_reg\[14\],29.2
stage8_inst.stage4_lower.stage2_pair0.butterfly_inst.add_inst.a\[19\],29.195
stage8_inst.stage4_lower.stage2_pair0.butterfly_inst.mul_inst.ab_reg\[9\],29.18
_06504_,29.16
_10903_,29.16
stage8_inst.stage4_lower.stage2_pair1.butterfly_inst.mul_inst.b\[5\],29.16
stage8_inst.stage4_lower.stage2_pair0.butterfly_inst.mul_inst.acc_high\[17\],29.145
_11880_,29.14
_11673_,29.105
_04100_,29.1
stage8_inst.out7\[26\],29.1
_03957_,29.08
_07314_,29.06
stage8_inst.stage4_upper.stage2_pair0.butterfly_inst.mul_inst.b\[0\],29.06
_02498_,29.04
_06282_,29.04
stage8_inst.out2\[27\],29.04
_09636_,29.02
stage8_inst.stage4_lower.stage2_pair0.butterfly_inst.mul_inst.ab_reg\[1\],29.02
_02470_,29
_05132_,29
_11969_,28.98
_07139_,28.96
_09689_,28.96
_07295_,28.955
_09430_,28.95
_06022_,28.94
_06339_,28.94
stage8_inst.stage4_upper.stage2_pair0.butterfly_inst.mul_inst.b\[11\],28.94
_02745_,28.92
_06024_,28.92
_04094_,28.9
_03223_,28.88
_11488_,28.88
stage8_inst.stage4_lower.stage2_pair0.butterfly_inst.mul_inst.mq_reg\[50\],28.88
stage8_inst.stage4_upper.stage2_pair1.butterfly_inst.mul_inst.bit_idx\[1\],28.88
stage8_inst.stage4_upper.stage2_pair1.butterfly_inst.mul_inst.mq_reg\[54\],28.84
_03820_,28.82
_04539_,28.82
_06317_,28.82
stage8_inst.stage4_upper.stage2_pair0.butterfly_inst.mul_inst.ab_reg\[8\],28.82
_09317_,28.795
_10220_,28.78
stage8_inst.stage4_upper.stage2_pair1.butterfly_inst.mul_inst.mq_reg\[15\],28.78
_02251_,28.76
_09683_,28.76
_10048_,28.76
_07782_,28.74
_10865_,28.72
_08998_,28.7
_09340_,28.68
stage8_inst.stage4_lower.stage2_pair1.butterfly_inst.mul_inst.bit_idx\[1\],28.68
_09938_,28.66
_05810_,28.64
stage8_inst.stage4_lower.stage2_pair0.butterfly_inst.mul_inst.t_reg\[5\],28.64
_09669_,28.63
_10649_,28.62
_11332_,28.6
net124,28.6
stage8_inst.stage4_lower.stage2_pair0.butterfly_inst.mul_inst.mq_reg\[19\],28.58
stage8_inst.stage4_upper.stage2_pair0.butterfly_inst.mul_inst.ab_reg\[21\],28.55
_03776_,28.54
_06882_,28.54
_09907_,28.52
_10878_,28.52
_11563_,28.52
stage8_inst.stage4_upper.stage2_pair1.butterfly_inst.mul_inst.ab_reg\[49\],28.52
net1056,28.52
_07477_,28.5
stage8_inst.stage4_upper.stage2_pair1.butterfly_inst.mul_inst.acc_high\[27\],28.5
_03846_,28.495
_04696_,28.48
_10638_,28.47
_07487_,28.46
_07717_,28.46
_02651_,28.44
_03211_,28.44
_05794_,28.44
_12028_,28.42
_09082_,28.4
stage8_inst.stage4_upper.stage2_pair0.butterfly_inst.mul_inst.mq_reg\[47\],28.4
stage8_inst.stage4_upper.stage2_pair1.butterfly_inst.mul_inst.ab_reg\[50\],28.4
_06351_,28.38
_09390_,28.38
stage8_inst.stage4_upper.stage2_pair0.butterfly_inst.mul_inst.ab_reg\[62\],28.375
_04013_,28.36
_11397_,28.36
clknet_leaf_55_clk,28.36
stage8_inst.stage4_upper.stage2_pair1.butterfly_inst.mul_inst.acc_high\[6\],28.35
stage8_inst.stage4_lower.stage2_pair0.butterfly_inst.mul_inst.mq_reg\[39\],28.345
_04989_,28.34
_04425_,28.32
_11404_,28.32
_05792_,28.315
_08982_,28.3
_08994_,28.3
_11584_,28.3
stage8_inst.stage4_upper.stage2_pair1.butterfly_inst.mul_inst.multiplicand_high\[11\],28.3
_05931_,28.285
_07941_,28.28
_09940_,28.28
_09966_,28.28
stage8_inst.stage4_upper.stage2_pair1.butterfly_inst.mul_inst.ab_reg\[43\],28.28
_02767_,28.26
_11895_,28.26
stage8_inst.stage4_upper.stage2_pair1.butterfly_inst.mul_inst.multiplicand_high\[25\],28.25
_06281_,28.24
stage8_inst.out6\[22\],28.24
stage8_inst.stage4_upper.stage2_pair0.butterfly_inst.mul_inst.acc_high\[6\],28.24
_11401_,28.21
_11290_,28.2
stage8_inst.stage4_lower.stage2_pair0.butterfly_inst.mul_inst.b\[6\],28.16
stage8_inst.stage4_lower.stage2_pair0.butterfly_inst.mul_inst.mq_reg\[32\],28.16
stage8_inst.stage4_lower.stage2_pair1.butterfly_inst.mul_inst.multiplicand_high\[29\],28.16
_11681_,28.14
_08029_,28.135
stage8_inst.stage4_upper.stage2_pair1.butterfly_inst.mul_inst.mq_reg\[17\],28.12
_11399_,28.095
_09300_,28.09
_03862_,28.08
_05313_,28.06
_10167_,28.06
stage8_inst.stage4_lower.stage2_pair0.butterfly_inst.mul_inst.ab_reg\[19\],28.06
_02263_,28.04
_05571_,28.04
stage8_inst.stage4_upper.stage2_pair1.butterfly_inst.mul_inst.multiplicand_low\[17\],28.03
_11444_,28.025
_05175_,28.02
_10869_,28.02
_11255_,28.02
stage8_inst.stage4_upper.stage2_pair1.butterfly_inst.mul_inst.mq_reg\[61\],28.01
_02799_,28
_04563_,28
_05137_,28
_05682_,28
_10353_,28
stage8_inst.stage4_lower.stage2_pair0.butterfly_inst.mul_inst.mq_reg\[54\],28
_06723_,27.98
_11111_,27.98
_11601_,27.98
stage8_inst.stage4_upper.stage2_pair1.butterfly_inst.mul_inst.ab_reg\[16\],27.98
stage8_inst.stage4_upper.stage2_pair1.butterfly_inst.mul_inst.acc_high\[20\],27.98
_03392_,27.96
_06365_,27.95
_04756_,27.94
stage8_inst.stage4_lower.stage2_pair0.butterfly_inst.mul_inst.ab_reg\[17\],27.94
_07215_,27.925
_04979_,27.92
stage8_inst.stage4_upper.stage2_pair1.butterfly_inst.mul_inst.ab_reg\[51\],27.92
_10309_,27.91
_06074_,27.9
stage8_inst.stage4_lower.stage2_pair0.butterfly_inst.mul_inst.t_reg\[28\],27.9
stage8_inst.stage4_upper.stage2_pair0.butterfly_inst.mul_inst.b\[15\],27.9
_11860_,27.88
stage8_inst.stage4_lower.stage2_pair0.butterfly_inst.mul_inst.b\[4\],27.88
stage8_inst.stage4_lower.stage2_pair1.butterfly_inst.add_inst.a\[19\],27.88
stage8_inst.stage4_upper.stage2_pair0.butterfly_inst.mul_inst.ab_reg\[31\],27.88
stage8_inst.stage4_upper.stage2_pair1.butterfly_inst.mul_inst.acc_high\[12\],27.88
stage8_inst.stage4_upper.stage2_pair0.butterfly_inst.mul_inst.ab_reg\[59\],27.87
_04693_,27.86
_05803_,27.86
_07199_,27.86
stage8_inst.stage4_lower.stage2_pair1.butterfly_inst.mul_inst.ab_reg\[29\],27.84
_07980_,27.83
_03951_,27.82
stage8_inst.stage4_upper.stage2_pair0.butterfly_inst.mul_inst.mq_reg\[9\],27.8
_09735_,27.79
_05142_,27.78
_07829_,27.78
_04770_,27.775
_06515_,27.77
_05315_,27.76
_09076_,27.755
_04080_,27.74
_05951_,27.735
_10816_,27.72
_11083_,27.72
stage8_inst.stage4_upper.stage2_pair1.butterfly_inst.mul_inst.acc_high\[16\],27.72
_06021_,27.7
stage8_inst.stage4_lower.stage2_pair0.butterfly_inst.mul_inst.ab_reg\[23\],27.7
stage8_inst.stage4_lower.stage2_pair1.butterfly_inst.mul_inst.ab_reg\[43\],27.7
_02433_,27.68
_05719_,27.68
_09259_,27.68
stage8_inst.stage4_lower.stage2_pair0.butterfly_inst.add_inst.a\[7\],27.66
stage8_inst.stage4_lower.stage2_pair1.butterfly_inst.mul_inst.mq_reg\[21\],27.66
stage8_inst.stage4_upper.stage2_pair0.butterfly_inst.mul_inst.multiplicand_low\[10\],27.66
stage8_inst.stage4_upper.stage2_pair1.butterfly_inst.mul_inst.multiplicand_low\[23\],27.66
clknet_leaf_404_clk,27.66
_05879_,27.64
_11863_,27.6
_04587_,27.58
_09170_,27.58
_03099_,27.575
_11704_,27.56
_11731_,27.56
_11966_,27.56
_09765_,27.54
_02346_,27.52
_04621_,27.52
_05164_,27.52
_07342_,27.52
_03218_,27.5
_03796_,27.5
_04037_,27.5
_03089_,27.46
stage8_inst.stage4_lower.stage2_pair0.butterfly_inst.mul_inst.mq_reg\[16\],27.46
stage8_inst.stage4_upper.stage2_pair1.butterfly_inst.mul_inst.ab_reg\[33\],27.46
_03675_,27.44
_06852_,27.42
_08072_,27.42
_09135_,27.42
_09704_,27.42
net1078,27.42
_06915_,27.4
_05187_,27.38
_06305_,27.38
_06601_,27.38
stage8_inst.stage4_upper.stage2_pair0.butterfly_inst.mul_inst.multiplicand_low\[11\],27.38
_09422_,27.36
_11599_,27.36
_02739_,27.345
_06357_,27.34
stage8_inst.out4\[26\],27.34
stage8_inst.out4\[28\],27.34
stage8_inst.stage4_upper.stage2_pair1.butterfly_inst.mul_inst.mq_reg\[14\],27.34
_07373_,27.325
_11206_,27.325
_03013_,27.32
_03778_,27.32
_05014_,27.32
_06244_,27.32
_09171_,27.32
stage8_inst.stage4_upper.stage2_pair0.butterfly_inst.mul_inst.mq_reg\[39\],27.32
stage8_inst.stage4_upper.stage2_pair0.butterfly_inst.mul_inst.mq_reg\[30\],27.315
_10203_,27.3
_10352_,27.3
_11579_,27.28
_11801_,27.275
_02370_,27.26
_06135_,27.26
_05796_,27.24
_08597_,27.24
_03146_,27.22
_07401_,27.22
stage8_inst.stage4_lower.stage2_pair1.butterfly_inst.mul_inst.ab_reg\[1\],27.22
_02675_,27.2
_03158_,27.18
_06063_,27.18
_07089_,27.18
stage8_inst.stage4_lower.stage2_pair1.butterfly_inst.mul_inst.mq_reg\[27\],27.18
_07927_,27.16
stage8_inst.stage4_upper.stage2_pair0.butterfly_inst.mul_inst.ab_reg\[54\],27.15
_08101_,27.14
_11114_,27.14
_04970_,27.12
_09458_,27.12
net1286,27.12
_03035_,27.1
_08107_,27.08
_11151_,27.08
stage8_inst.stage4_lower.stage2_pair1.butterfly_inst.mul_inst.multiplier\[16\],27.08
_07979_,27.06
_07992_,27.06
_10326_,27.06
_10662_,27.06
clknet_leaf_319_clk,27.06
_05962_,27.04
_09717_,27.04
stage8_inst.stage4_lower.stage2_pair0.butterfly_inst.mul_inst.ab_reg\[21\],27.04
stage8_inst.stage4_lower.stage2_pair1.butterfly_inst.mul_inst.acc_high\[11\],27.04
stage8_inst.stage4_upper.stage2_pair0.butterfly_inst.mul_inst.ab_reg\[61\],27.04
clknet_leaf_33_clk,27.04
stage8_inst.stage4_lower.stage2_pair0.butterfly_inst.mul_inst.mq_reg\[41\],27.03
stage8_inst.stage4_lower.stage2_pair1.butterfly_inst.mul_inst.mq_reg\[25\],27.01
_07625_,27
stage8_inst.stage4_upper.stage2_pair1.butterfly_inst.mul_inst.ab_reg\[59\],26.98
_03240_,26.94
_07299_,26.94
_08100_,26.94
_09117_,26.9
stage8_inst.stage4_upper.stage2_pair0.butterfly_inst.mul_inst.mq_reg\[42\],26.9
stage8_inst.stage4_upper.stage2_pair0.butterfly_inst.mul_inst.b\[16\],26.89
_05477_,26.88
_09225_,26.88
_11194_,26.88
stage8_inst.stage4_upper.stage2_pair1.butterfly_inst.mul_inst.acc_high\[21\],26.88
_07859_,26.86
stage8_inst.stage4_upper.stage2_pair0.butterfly_inst.mul_inst.acc_high\[31\],26.86
stage8_inst.stage4_upper.stage2_pair1.butterfly_inst.mul_inst.acc_high\[11\],26.86
_04230_,26.825
_03615_,26.82
_12010_,26.82
_04223_,26.8
_06561_,26.8
_09701_,26.8
_03853_,26.78
_07891_,26.78
stage8_inst.stage4_upper.stage2_pair1.butterfly_inst.mul_inst.b\[0\],26.78
stage8_inst.stage4_upper.stage2_pair0.butterfly_inst.mul_inst.multiplicand_high\[19\],26.77
_03791_,26.765
_07205_,26.76
_08094_,26.76
_03075_,26.75
stage8_inst.stage4_upper.stage2_pair1.butterfly_inst.mul_inst.mq_reg\[59\],26.75
stage8_inst.stage4_upper.stage2_pair1.butterfly_inst.mul_inst.multiplicand_high\[10\],26.725
_11559_,26.72
stage8_inst.stage4_lower.stage2_pair1.butterfly_inst.mul_inst.multiplicand_high\[12\],26.72
_09687_,26.71
stage8_inst.stage4_lower.stage2_pair1.butterfly_inst.mul_inst.ab_reg\[10\],26.7
stage8_inst.stage4_upper.stage2_pair1.butterfly_inst.mul_inst.mq_reg\[27\],26.68
_03093_,26.66
_03934_,26.66
_07336_,26.66
_07496_,26.66
_09268_,26.66
_11818_,26.66
_03162_,26.64
_06269_,26.64
_09908_,26.64
stage8_inst.stage4_lower.stage2_pair0.butterfly_inst.mul_inst.mq_reg\[44\],26.64
_06381_,26.6
clknet_leaf_54_clk,26.6
_09134_,26.56
_10643_,26.56
_10655_,26.56
stage8_inst.stage4_upper.stage2_pair0.butterfly_inst.mul_inst.b\[10\],26.56
_03096_,26.54
_03273_,26.54
clknet_leaf_414_clk,26.52
_05993_,26.5
_06446_,26.5
_04456_,26.48
_05330_,26.48
stage8_inst.out5\[26\],26.48
stage8_inst.stage4_upper.stage2_pair0.butterfly_inst.mul_inst.mq_reg\[48\],26.48
stage8_inst.stage4_lower.stage2_pair0.butterfly_inst.mul_inst.multiplicand_high\[12\],26.46
_03574_,26.44
_04838_,26.44
_05920_,26.44
_06476_,26.44
_10554_,26.44
_11644_,26.44
stage8_inst.out4\[27\],26.44
_11468_,26.42
_05053_,26.41
_08971_,26.41
_03295_,26.38
_08190_,26.36
stage8_inst.stage4_upper.stage2_pair1.butterfly_inst.mul_inst.ab_reg\[27\],26.36
stage8_inst.stage4_upper.stage2_pair1.butterfly_inst.mul_inst.bit_idx\[4\],26.36
stage8_inst.stage4_upper.stage2_pair1.butterfly_inst.mul_inst.multiplicand_low\[7\],26.36
stage8_inst.stage4_lower.stage2_pair1.butterfly_inst.mul_inst.t_reg\[15\],26.35
_03532_,26.34
_03650_,26.34
_10901_,26.32
_07488_,26.3
_11580_,26.3
_02608_,26.28
_09935_,26.28
_10691_,26.28
_05721_,26.26
stage8_inst.stage4_lower.stage2_pair0.butterfly_inst.mul_inst.acc_high\[2\],26.26
stage8_inst.stage4_upper.stage2_pair0.butterfly_inst.mul_inst.b\[7\],26.26
stage8_inst.stage4_upper.stage2_pair1.butterfly_inst.mul_inst.ab_reg\[62\],26.26
_05122_,26.24
_09524_,26.22
stage8_inst.stage4_lower.stage2_pair1.butterfly_inst.mul_inst.ab_reg\[25\],26.22
stage8_inst.stage4_upper.stage2_pair0.butterfly_inst.mul_inst.multiplier\[20\],26.22
stage8_inst.stage4_lower.stage2_pair0.butterfly_inst.mul_inst.acc_high\[3\],26.2
_04128_,26.18
_07143_,26.18
_08184_,26.18
_09745_,26.18
_11402_,26.18
_05706_,26.175
_03299_,26.16
_05302_,26.16
_10337_,26.16
_02447_,26.14
stage8_inst.stage4_upper.stage2_pair0.butterfly_inst.mul_inst.ab_reg\[13\],26.14
_04092_,26.12
_08126_,26.1
_09260_,26.1
_09931_,26.1
_11370_,26.1
stage8_inst.stage4_lower.stage2_pair1.butterfly_inst.mul_inst.mq_reg\[24\],26.1
_07145_,26.08
_11298_,26.08
stage8_inst.stage4_upper.stage2_pair1.butterfly_inst.mul_inst.acc_high\[4\],26.08
stage8_inst.stage4_upper.stage2_pair1.butterfly_inst.mul_inst.ab_reg\[13\],26.07
_02620_,26.06
_07189_,26.06
stage8_inst.stage4_lower.stage2_pair0.butterfly_inst.mul_inst.b\[29\],26.04
_04099_,26.02
stage8_inst.stage4_upper.stage2_pair1.butterfly_inst.mul_inst.mq_reg\[60\],26.02
_09673_,26
stage8_inst.out5\[6\],26
_03253_,25.98
_08697_,25.98
_10721_,25.98
_11155_,25.98
stage8_inst.stage4_lower.stage2_pair0.butterfly_inst.mul_inst.multiplicand_low\[11\],25.98
_05669_,25.96
_11373_,25.96
_08932_,25.945
_10260_,25.92
_10310_,25.915
_06839_,25.9
stage8_inst.out2\[4\],25.9
stage8_inst.stage4_lower.stage2_pair1.butterfly_inst.mul_inst.ab_reg\[47\],25.9
_05749_,25.86
_06534_,25.84
_09782_,25.84
_11351_,25.84
_04462_,25.82
_09754_,25.82
stage8_inst.stage4_lower.stage2_pair1.butterfly_inst.mul_inst.multiplicand_high\[4\],25.82
_11213_,25.81
_05592_,25.8
_06107_,25.8
stage8_inst.stage4_upper.stage2_pair1.butterfly_inst.mul_inst.mq_reg\[21\],25.8
_10253_,25.78
_11068_,25.78
_11771_,25.78
stage8_inst.in0\[17\],25.78
stage8_inst.stage4_lower.stage2_pair0.butterfly_inst.mul_inst.mq_reg\[34\],25.78
stage8_inst.stage4_lower.stage2_pair1.butterfly_inst.mul_inst.mq_reg\[53\],25.78
stage8_inst.stage4_upper.stage2_pair0.butterfly_inst.mul_inst.acc_high\[10\],25.78
stage8_inst.stage4_upper.stage2_pair0.butterfly_inst.mul_inst.ab_reg\[6\],25.775
_04614_,25.76
_07713_,25.76
_11269_,25.76
_11330_,25.76
stage8_inst.out5\[20\],25.76
_07402_,25.74
_11349_,25.72
_05240_,25.705
stage8_inst.stage4_upper.stage2_pair0.butterfly_inst.mul_inst.mq_reg\[55\],25.7
_04717_,25.69
_03696_,25.68
stage8_inst.out3\[7\],25.68
stage8_inst.stage4_upper.stage2_pair1.butterfly_inst.mul_inst.ab_reg\[8\],25.68
_10786_,25.66
_11677_,25.66
_08614_,25.64
stage8_inst.stage4_lower.stage2_pair0.butterfly_inst.mul_inst.mq_reg\[51\],25.64
stage8_inst.stage4_lower.stage2_pair1.butterfly_inst.mul_inst.ab_reg\[19\],25.62
_04097_,25.6
_05561_,25.6
_09283_,25.6
_11189_,25.6
stage8_inst.stage4_lower.stage2_pair0.butterfly_inst.mul_inst.bit_idx\[0\],25.6
stage8_inst.stage4_upper.stage2_pair0.butterfly_inst.mul_inst.mq_reg\[40\],25.6
_10828_,25.58
_06204_,25.56
_09295_,25.56
stage8_inst.stage4_upper.stage2_pair0.butterfly_inst.mul_inst.b\[5\],25.56
_06425_,25.555
_08199_,25.54
_11750_,25.54
stage8_inst.stage4_lower.stage2_pair0.butterfly_inst.mul_inst.ab_reg\[33\],25.54
_08988_,25.535
_02829_,25.52
_05728_,25.52
stage8_inst.stage4_lower.stage2_pair0.butterfly_inst.mul_inst.ab_reg\[43\],25.52
_04704_,25.48
_05507_,25.48
_10623_,25.48
_11227_,25.48
_11942_,25.48
_06568_,25.46
_11600_,25.46
_05985_,25.44
_09719_,25.44
stage8_inst.stage4_lower.stage2_pair1.butterfly_inst.mul_inst.mq_reg\[19\],25.44
stage8_inst.stage4_lower.stage2_pair1.butterfly_inst.mul_inst.multiplicand_high\[27\],25.43
_07198_,25.42
stage8_inst.stage4_upper.stage2_pair0.butterfly_inst.mul_inst.multiplicand_low\[6\],25.415
_05833_,25.4
stage8_inst.stage4_upper.stage2_pair1.butterfly_inst.mul_inst.mq_reg\[30\],25.4
_10137_,25.395
_02760_,25.39
_03881_,25.38
_09912_,25.36
_10757_,25.355
_07603_,25.34
stage8_inst.stage4_upper.stage2_pair0.butterfly_inst.mul_inst.b\[8\],25.34
_03141_,25.32
_05203_,25.32
_09304_,25.32
stage8_inst.stage4_upper.stage2_pair1.butterfly_inst.mul_inst.mq_reg\[20\],25.32
_06277_,25.3
stage8_inst.stage4_upper.stage2_pair1.butterfly_inst.mul_inst.step_high,25.29
_06215_,25.28
_12042_,25.28
_01599_,25.26
_07146_,25.26
_09811_,25.26
stage8_inst.stage4_lower.stage2_pair0.butterfly_inst.mul_inst.b\[28\],25.24
_04284_,25.22
_05169_,25.22
stage8_inst.out3\[30\],25.22
stage8_inst.out4\[5\],25.22
_07417_,25.2
_08009_,25.2
_07395_,25.18
_09526_,25.18
_11205_,25.18
_02719_,25.17
_02057_,25.16
_02701_,25.14
_05836_,25.14
_10748_,25.14
_03874_,25.12
_11741_,25.12
_03226_,25.1
_07181_,25.1
_11756_,25.1
stage8_inst.stage4_upper.stage2_pair1.butterfly_inst.mul_inst.ab_reg\[18\],25.1
_02357_,25.08
_02410_,25.08
_11571_,25.08
stage8_inst.stage4_upper.stage2_pair1.butterfly_inst.mul_inst.ab_reg\[31\],25.08
_02600_,25.06
_02884_,25.06
_03210_,25.055
stage8_inst.stage4_lower.stage2_pair1.butterfly_inst.mul_inst.multiplicand_high\[23\],25.05
_07614_,25.04
_03866_,25.02
_04321_,25.02
_05215_,25.02
stage8_inst.stage4_lower.stage2_pair0.butterfly_inst.mul_inst.multiplier\[4\],25.02
_02591_,25.015
stage8_inst.stage4_lower.stage2_pair0.butterfly_inst.mul_inst.mq_reg\[11\],25.01
_04121_,25
_06274_,25
_11300_,25
stage8_inst.stage4_upper.stage2_pair0.butterfly_inst.mul_inst.acc_high\[16\],25
_05694_,24.99
_09832_,24.98
_10004_,24.98
stage8_inst.stage4_upper.stage2_pair1.butterfly_inst.mul_inst.t_reg\[25\],24.98
_07349_,24.96
_11705_,24.96
stage8_inst.stage4_lower.stage2_pair1.butterfly_inst.mul_inst.mq_reg\[40\],24.96
net1740,24.96
_03884_,24.94
_06340_,24.94
_10946_,24.94
stage8_inst.stage4_upper.stage2_pair1.butterfly_inst.mul_inst.ab_reg\[10\],24.94
stage8_inst.stage4_lower.stage2_pair0.butterfly_inst.mul_inst.multiplicand_low\[4\],24.92
_05301_,24.88
stage8_inst.stage4_upper.stage2_pair1.butterfly_inst.mul_inst.ab_reg\[44\],24.88
_03154_,24.86
_08150_,24.86
stage8_inst.stage4_lower.stage2_pair0.butterfly_inst.mul_inst.ab_reg\[12\],24.86
_09453_,24.85
_10752_,24.84
stage8_inst.stage4_upper.stage2_pair1.butterfly_inst.mul_inst.mq_reg\[9\],24.84
_07105_,24.83
_07686_,24.8
_11825_,24.8
_11911_,24.8
stage8_inst.stage4_lower.stage2_pair0.butterfly_inst.mul_inst.multiplicand_high\[9\],24.8
stage8_inst.stage4_lower.stage2_pair1.butterfly_inst.mul_inst.acc_high\[13\],24.78
_08191_,24.76
_09578_,24.76
stage8_inst.stage4_upper.stage2_pair1.butterfly_inst.mul_inst.multiplicand_high\[29\],24.76
stage8_inst.stage4_lower.stage2_pair0.butterfly_inst.mul_inst.multiplicand_high\[13\],24.74
_00758_,24.72
_02702_,24.72
_03702_,24.72
_06541_,24.72
stage8_inst.stage4_lower.stage2_pair1.butterfly_inst.mul_inst.acc_high\[29\],24.72
net1608,24.72
_05202_,24.715
_11381_,24.71
_08684_,24.7
stage8_inst.stage4_lower.stage2_pair0.butterfly_inst.mul_inst.ab_reg\[30\],24.66
_07662_,24.64
_08168_,24.64
_04127_,24.62
_05106_,24.62
stage8_inst.stage4_lower.stage2_pair0.butterfly_inst.mul_inst.mq_reg\[62\],24.62
stage8_inst.stage4_upper.stage2_pair1.butterfly_inst.mul_inst.ab_reg\[23\],24.61
_09183_,24.6
_09319_,24.6
_10564_,24.6
_10267_,24.58
stage8_inst.stage4_upper.stage2_pair0.butterfly_inst.mul_inst.ab_reg\[11\],24.565
_11780_,24.56
stage8_inst.stage4_lower.stage2_pair1.butterfly_inst.mul_inst.b\[25\],24.56
_05161_,24.55
_03908_,24.54
_11904_,24.54
_12052_,24.54
stage8_inst.out4\[7\],24.54
stage8_inst.stage4_lower.stage2_pair0.butterfly_inst.mul_inst.b\[22\],24.54
clknet_leaf_294_clk,24.54
_04358_,24.52
_06119_,24.52
_10275_,24.52
_07345_,24.5
_02615_,24.48
_10669_,24.48
_02731_,24.46
stage8_inst.stage4_lower.stage2_pair0.butterfly_inst.mul_inst.mq_reg\[31\],24.46
_04370_,24.44
_10259_,24.44
_03728_,24.42
stage8_inst.stage4_upper.stage2_pair1.butterfly_inst.mul_inst.multiplier\[23\],24.42
_07824_,24.4
_10341_,24.4
_06412_,24.38
_11156_,24.38
stage8_inst.stage4_lower.stage2_pair0.butterfly_inst.mul_inst.mq_reg\[45\],24.38
_05927_,24.355
_02882_,24.34
_04001_,24.34
_04071_,24.34
_04446_,24.34
stage8_inst.stage4_upper.stage2_pair0.butterfly_inst.mul_inst.bit_idx\[4\],24.34
stage8_inst.stage4_upper.stage2_pair1.butterfly_inst.mul_inst.mq_reg\[63\],24.34
_06040_,24.32
_06299_,24.32
_02989_,24.3
_07923_,24.3
_09472_,24.3
stage8_inst.out1\[29\],24.3
stage8_inst.stage4_upper.stage2_pair1.butterfly_inst.mul_inst.acc_high\[5\],24.3
stage8_inst.stage4_upper.stage2_pair1.butterfly_inst.mul_inst.b\[24\],24.3
_05114_,24.29
_06957_,24.28
_09794_,24.28
stage8_inst.out7\[7\],24.28
stage8_inst.stage4_lower.stage2_pair0.butterfly_inst.mul_inst.ab_reg\[36\],24.28
stage8_inst.stage4_lower.stage2_pair0.butterfly_inst.mul_inst.acc_high\[15\],24.28
stage8_inst.stage4_lower.stage2_pair1.butterfly_inst.mul_inst.multiplicand_high\[28\],24.28
_03927_,24.26
_07086_,24.26
_10696_,24.26
stage8_inst.stage4_lower.stage2_pair0.butterfly_inst.mul_inst.acc_high\[8\],24.25
_05717_,24.22
_06841_,24.22
_02667_,24.2
_07301_,24.2
_07188_,24.18
_10794_,24.16
stage8_inst.stage4_upper.stage2_pair0.butterfly_inst.mul_inst.b\[4\],24.16
_05813_,24.14
_09017_,24.14
_03336_,24.12
_06048_,24.12
_09595_,24.12
_10202_,24.12
_11172_,24.12
stage8_inst.stage4_lower.stage2_pair1.butterfly_inst.mul_inst.acc_high\[1\],24.12
net1661,24.12
_03503_,24.1
_05676_,24.1
_06085_,24.1
_07935_,24.1
_10663_,24.1
_11510_,24.1
stage8_inst.stage4_lower.stage2_pair1.butterfly_inst.mul_inst.mq_reg\[52\],24.1
_01237_,24.08
_09034_,24.08
stage8_inst.stage4_lower.stage2_pair1.butterfly_inst.add_inst.a\[21\],24.08
stage8_inst.stage4_upper.stage2_pair0.butterfly_inst.mul_inst.multiplicand_low\[7\],24.08
_02392_,24.06
_09366_,24.06
stage8_inst.stage4_lower.stage2_pair0.butterfly_inst.mul_inst.b\[5\],24.06
stage8_inst.stage4_upper.stage2_pair0.butterfly_inst.mul_inst.mq_reg\[11\],24.06
_05298_,24.04
_09695_,24.04
_10160_,24.04
_05545_,24.02
_07337_,24.02
_09995_,24
_10589_,24
stage8_inst.stage4_upper.stage2_pair0.butterfly_inst.mul_inst.ab_reg\[1\],24
_03150_,23.98
_09336_,23.98
_11453_,23.98
_02371_,23.96
_05167_,23.96
_08093_,23.94
_09442_,23.94
_11703_,23.92
_03095_,23.9
_09476_,23.9
_03209_,23.88
_06010_,23.86
_03943_,23.84
_06860_,23.84
_09182_,23.84
stage8_inst.stage4_upper.stage2_pair0.butterfly_inst.mul_inst.mq_reg\[34\],23.84
_05120_,23.82
_07231_,23.82
_02780_,23.81
_03916_,23.795
stage8_inst.stage4_upper.stage2_pair1.butterfly_inst.mul_inst.ab_reg\[45\],23.78
_02650_,23.76
_03337_,23.76
_11170_,23.76
_11632_,23.76
stage8_inst.stage4_upper.stage2_pair0.butterfly_inst.mul_inst.ab_reg\[34\],23.76
stage8_inst.stage4_lower.stage2_pair1.butterfly_inst.mul_inst.ab_reg\[39\],23.745
_09880_,23.74
stage8_inst.stage4_lower.stage2_pair0.butterfly_inst.mul_inst.mq_reg\[1\],23.74
_11234_,23.72
stage8_inst.stage4_lower.stage2_pair0.butterfly_inst.mul_inst.mq_reg\[56\],23.72
_07207_,23.71
_06752_,23.7
_07136_,23.7
_03616_,23.68
_03626_,23.68
_04649_,23.68
stage8_inst.stage4_lower.stage2_pair1.butterfly_inst.add_inst.a\[18\],23.68
_10583_,23.66
_04639_,23.64
_06071_,23.64
_09803_,23.64
_11564_,23.64
_03346_,23.62
_04593_,23.62
_06447_,23.62
_06814_,23.62
_09205_,23.62
_11238_,23.62
stage8_inst.stage4_upper.stage2_pair1.butterfly_inst.mul_inst.acc_high\[2\],23.62
_03217_,23.6
_11448_,23.6
stage8_inst.stage4_lower.stage2_pair0.butterfly_inst.mul_inst.bit_idx\[1\],23.6
stage8_inst.stage4_lower.stage2_pair1.butterfly_inst.mul_inst.mq_reg\[31\],23.6
_02242_,23.58
_02633_,23.58
_06611_,23.58
stage8_inst.stage4_lower.stage2_pair0.butterfly_inst.mul_inst.mq_reg\[17\],23.58
_00000_,23.56
stage8_inst.stage4_upper.stage2_pair1.butterfly_inst.mul_inst.b\[26\],23.56
_02682_,23.545
_08991_,23.54
_06569_,23.53
_09777_,23.52
_06579_,23.515
_04022_,23.5
_07110_,23.5
stage8_inst.out5\[8\],23.5
_11921_,23.48
_11654_,23.46
stage8_inst.stage4_upper.stage2_pair0.butterfly_inst.mul_inst.b\[27\],23.45
_03915_,23.42
_06426_,23.42
_07127_,23.42
_11575_,23.38
_11708_,23.38
stage8_inst.stage4_lower.stage2_pair1.butterfly_inst.mul_inst.mq_reg\[51\],23.36
_08040_,23.345
_04761_,23.34
_05591_,23.34
_08185_,23.34
_09186_,23.34
stage8_inst.stage4_lower.stage2_pair1.butterfly_inst.mul_inst.multiplicand_high\[21\],23.34
_01540_,23.32
_07298_,23.32
clknet_leaf_200_clk,23.32
_02250_,23.3
_06338_,23.3
_09734_,23.3
stage8_inst.out0\[15\],23.3
_11934_,23.295
stage8_inst.stage4_lower.stage2_pair1.butterfly_inst.mul_inst.ab_reg\[14\],23.29
_02676_,23.26
_08035_,23.26
_02638_,23.25
_07130_,23.24
_07133_,23.24
_10650_,23.24
stage8_inst.stage4_lower.stage2_pair0.butterfly_inst.mul_inst.ab_reg\[47\],23.24
stage8_inst.stage4_upper.stage2_pair0.butterfly_inst.mul_inst.acc_high\[9\],23.24
_07915_,23.22
_08277_,23.22
_11447_,23.2
_10119_,23.19
_09077_,23.18
stage8_inst.stage4_lower.stage2_pair0.butterfly_inst.mul_inst.mq_reg\[14\],23.18
stage8_inst.stage4_upper.stage2_pair0.butterfly_inst.mul_inst.b\[3\],23.18
stage8_inst.stage4_upper.stage2_pair0.butterfly_inst.mul_inst.ab_reg\[52\],23.17
_02744_,23.14
_04109_,23.14
_07266_,23.14
_10331_,23.14
stage8_inst.stage4_lower.stage2_pair1.butterfly_inst.mul_inst.mq_reg\[50\],23.14
stage8_inst.stage4_upper.stage2_pair1.butterfly_inst.mul_inst.ab_reg\[24\],23.14
_06296_,23.12
_03284_,23.11
_05199_,23.1
_09119_,23.1
_11653_,23.1
_11924_,23.1
_03743_,23.08
_05856_,23.08
_06327_,23.06
_11984_,23.06
_06326_,23.04
_07369_,23.04
_08960_,23.04
_10228_,23.04
stage8_inst.out5\[27\],23.04
stage8_inst.stage4_lower.stage2_pair0.butterfly_inst.mul_inst.ab_reg\[56\],23.04
_03200_,23.02
_03938_,23.02
_04181_,23.02
_10311_,23.02
stage8_inst.out6\[16\],23.02
_04139_,23
_03652_,22.99
_09607_,22.98
_07240_,22.96
_02419_,22.94
_03686_,22.94
_06116_,22.94
_06387_,22.94
_07232_,22.94
_07312_,22.94
_09360_,22.94
_11594_,22.94
_03510_,22.92
_05064_,22.92
_05974_,22.92
_08114_,22.92
_11971_,22.92
_07787_,22.9
_08612_,22.9
stage8_inst.stage4_lower.stage2_pair0.butterfly_inst.mul_inst.multiplier\[6\],22.9
stage8_inst.stage4_upper.stage2_pair0.butterfly_inst.mul_inst.ab_reg\[41\],22.9
_05183_,22.88
_07172_,22.88
_09248_,22.88
_09975_,22.88
_11091_,22.865
stage8_inst.stage4_lower.stage2_pair0.butterfly_inst.mul_inst.bit_idx\[4\],22.865
_03845_,22.86
_06428_,22.86
_07747_,22.86
_11192_,22.86
_04673_,22.84
_07245_,22.84
stage8_inst.stage4_lower.stage2_pair1.butterfly_inst.mul_inst.ab_reg\[11\],22.82
stage8_inst.stage4_upper.stage2_pair0.butterfly_inst.mul_inst.mq_reg\[3\],22.82
net147,22.81
_03790_,22.8
_09837_,22.8
stage8_inst.stage4_upper.stage2_pair0.butterfly_inst.mul_inst.acc_high\[19\],22.8
_04283_,22.78
_04706_,22.78
stage8_inst.stage4_lower.stage2_pair0.butterfly_inst.mul_inst.mq_reg\[30\],22.78
_04118_,22.76
_02911_,22.74
_05004_,22.74
stage8_inst.stage4_lower.stage2_pair0.butterfly_inst.mul_inst.ab_reg\[6\],22.74
_02384_,22.72
_00768_,22.7
_05481_,22.7
_07191_,22.7
_10769_,22.7
_11279_,22.7
_10174_,22.68
stage8_inst.stage4_lower.stage2_pair1.butterfly_inst.add_inst.a\[23\],22.68
stage8_inst.stage4_lower.stage2_pair1.butterfly_inst.mul_inst.multiplier\[26\],22.665
stage8_inst.stage4_lower.stage2_pair0.butterfly_inst.mul_inst.ab_reg\[55\],22.66
stage8_inst.stage4_upper.stage2_pair1.butterfly_inst.mul_inst.acc_high\[7\],22.66
_11058_,22.64
_11435_,22.64
stage8_inst.out7\[21\],22.64
_04729_,22.62
load_twiddle[30],22.62
stage8_inst.stage4_lower.stage2_pair0.butterfly_inst.mul_inst.ab_reg\[20\],22.62
stage8_inst.stage4_upper.stage2_pair1.butterfly_inst.mul_inst.ab_reg\[2\],22.62
stage8_inst.stage4_upper.stage2_pair1.butterfly_inst.mul_inst.mq_reg\[10\],22.62
_06241_,22.6
_06917_,22.6
_11953_,22.6
stage8_inst.stage4_lower.stage2_pair0.butterfly_inst.mul_inst.ab_reg\[41\],22.6
net696,22.6
_10706_,22.58
_06763_,22.56
_11982_,22.56
stage8_inst.stage4_upper.stage2_pair0.butterfly_inst.mul_inst.mq_reg\[51\],22.56
stage8_inst.stage4_lower.stage2_pair0.butterfly_inst.mul_inst.b\[26\],22.55
_08955_,22.54
_09376_,22.54
stage8_inst.stage4_lower.stage2_pair0.butterfly_inst.mul_inst.mq_reg\[15\],22.54
stage8_inst.stage4_lower.stage2_pair1.butterfly_inst.mul_inst.acc_high\[18\],22.54
_05587_,22.52
_03511_,22.5
_06831_,22.5
_10924_,22.5
_11160_,22.5
_03276_,22.48
stage8_inst.stage4_lower.stage2_pair0.butterfly_inst.mul_inst.mq_reg\[24\],22.48
_02585_,22.46
_05049_,22.46
_05071_,22.46
_05268_,22.46
stage8_inst.stage4_lower.stage2_pair1.butterfly_inst.mul_inst.ab_reg\[22\],22.46
stage8_inst.stage4_upper.stage2_pair0.butterfly_inst.mul_inst.mq_reg\[8\],22.46
stage8_inst.stage4_upper.stage2_pair0.butterfly_inst.mul_inst.ab_reg\[33\],22.44
stage8_inst.out1\[16\],22.42
stage8_inst.stage4_upper.stage2_pair0.butterfly_inst.mul_inst.mq_reg\[56\],22.42
_01684_,22.4
_05349_,22.4
stage8_inst.stage4_lower.stage2_pair0.butterfly_inst.mul_inst.multiplicand_high\[30\],22.4
_02262_,22.38
_05893_,22.38
_10744_,22.38
_11119_,22.38
_11325_,22.38
stage8_inst.stage4_lower.stage2_pair0.butterfly_inst.mul_inst.mq_reg\[55\],22.38
_09334_,22.36
stage8_inst.stage4_lower.stage2_pair0.butterfly_inst.mul_inst.phase\[3\],22.36
stage8_inst.stage4_upper.stage2_pair1.butterfly_inst.mul_inst.ab_reg\[1\],22.36
stage8_inst.stage4_upper.stage2_pair1.butterfly_inst.mul_inst.b\[10\],22.36
_06844_,22.34
_11636_,22.34
stage8_inst.stage4_upper.stage2_pair0.butterfly_inst.mul_inst.multiplicand_low\[5\],22.34
stage8_inst.stage4_upper.stage2_pair1.butterfly_inst.add_inst.a\[15\],22.34
_11282_,22.32
stage8_inst.stage4_upper.stage2_pair1.butterfly_inst.mul_inst.multiplicand_high\[28\],22.32
_04992_,22.3
_11661_,22.3
clknet_leaf_307_clk,22.3
_02249_,22.28
_06570_,22.28
_05165_,22.26
_06263_,22.26
_09849_,22.26
stage8_inst.stage4_lower.stage2_pair1.butterfly_inst.mul_inst.acc_high\[7\],22.26
stage8_inst.stage4_upper.stage2_pair1.butterfly_inst.mul_inst.acc_high\[25\],22.26
stage8_inst.stage4_upper.stage2_pair1.butterfly_inst.mul_inst.b\[20\],22.26
_03807_,22.24
_06319_,22.24
stage8_inst.stage4_lower.stage2_pair0.butterfly_inst.mul_inst.acc_high\[13\],22.24
_06788_,22.22
_09292_,22.22
stage8_inst.stage4_lower.stage2_pair0.butterfly_inst.mul_inst.ab_reg\[0\],22.22
_04178_,22.215
_10784_,22.21
_04034_,22.2
_04556_,22.2
_05806_,22.19
_05795_,22.18
_03641_,22.16
_04069_,22.16
_02757_,22.14
_05156_,22.14
_07942_,22.14
_10269_,22.14
_11237_,22.14
_11415_,22.14
stage8_inst.stage4_lower.stage2_pair0.butterfly_inst.mul_inst.multiplier\[8\],22.14
_05067_,22.12
_07117_,22.12
_11469_,22.12
_08161_,22.11
_05085_,22.1
stage8_inst.stage4_lower.stage2_pair1.butterfly_inst.mul_inst.ab_reg\[46\],22.1
net1275,22.1
_10848_,22.08
_02355_,22.06
_06617_,22.06
stage8_inst.stage4_lower.stage2_pair0.butterfly_inst.mul_inst.acc_high\[9\],22.06
stage8_inst.stage4_upper.stage2_pair1.butterfly_inst.mul_inst.b\[15\],22.06
_06393_,22.04
_06483_,22.04
_06871_,22.04
_09432_,22.04
_10010_,22.04
stage8_inst.out4\[24\],22.04
_10882_,22.035
_06209_,22.02
_06293_,22.02
_06730_,22.02
_10753_,22.02
stage8_inst.stage4_lower.stage2_pair0.butterfly_inst.mul_inst.ab_reg\[59\],22.02
stage8_inst.stage4_upper.stage2_pair1.butterfly_inst.mul_inst.multiplicand_low\[29\],22.02
_03023_,22
_09866_,22
_04426_,21.98
_09210_,21.98
_10770_,21.98
stage8_inst.stage4_upper.stage2_pair1.butterfly_inst.mul_inst.ab_reg\[11\],21.975
stage8_inst.stage4_upper.stage2_pair0.butterfly_inst.mul_inst.acc_high\[21\],21.96
_08067_,21.955
_09823_,21.94
stage8_inst.stage4_lower.stage2_pair1.butterfly_inst.mul_inst.multiplicand_high\[24\],21.94
stage8_inst.stage4_upper.stage2_pair0.butterfly_inst.mul_inst.acc_high\[22\],21.94
_09209_,21.92
stage8_inst.out2\[19\],21.92
_02723_,21.9
_07470_,21.9
_10677_,21.9
clknet_leaf_180_clk,21.9
stage8_inst.stage4_lower.stage2_pair0.butterfly_inst.mul_inst.multiplicand_high\[25\],21.875
_11417_,21.86
_11616_,21.86
_11954_,21.86
_06772_,21.84
_09847_,21.84
_10942_,21.84
stage8_inst.out7\[1\],21.84
_02261_,21.82
_04239_,21.82
stage8_inst.stage4_upper.stage2_pair1.butterfly_inst.mul_inst.mq_reg\[26\],21.82
_10561_,21.8
_10892_,21.78
stage8_inst.stage4_lower.stage2_pair1.butterfly_inst.mul_inst.b\[4\],21.78
net141,21.78
_03188_,21.76
_10272_,21.76
stage8_inst.stage4_lower.stage2_pair1.butterfly_inst.mul_inst.ab_reg\[28\],21.76
stage8_inst.stage4_lower.stage2_pair1.butterfly_inst.mul_inst.mq_reg\[2\],21.76
stage8_inst.stage4_upper.stage2_pair1.butterfly_inst.mul_inst.mq_reg\[16\],21.76
_03131_,21.74
_09006_,21.74
_04641_,21.72
_07881_,21.72
_11940_,21.72
_11999_,21.72
_07209_,21.7
_07653_,21.7
_11651_,21.7
_11847_,21.7
stage8_inst.out3\[5\],21.7
net145,21.7
_09036_,21.68
_09428_,21.68
net720,21.68
_11144_,21.66
_11403_,21.66
stage8_inst.stage4_lower.stage2_pair0.butterfly_inst.mul_inst.ab_reg\[51\],21.66
net1004,21.66
_09309_,21.64
stage8_inst.stage4_upper.stage2_pair0.butterfly_inst.mul_inst.acc_high\[20\],21.64
_06248_,21.62
_08065_,21.62
_09773_,21.6
_11187_,21.6
stage8_inst.stage4_lower.stage2_pair0.butterfly_inst.mul_inst.ab_reg\[18\],21.6
_03182_,21.58
net600,21.58
stage8_inst.stage4_upper.stage2_pair1.butterfly_inst.mul_inst.phase\[0\],21.57
_02265_,21.56
_06004_,21.56
_07093_,21.56
_11258_,21.56
stage8_inst.stage4_upper.stage2_pair1.butterfly_inst.mul_inst.multiplicand_high\[13\],21.56
_03629_,21.55
stage8_inst.stage4_lower.stage2_pair1.butterfly_inst.mul_inst.mq_reg\[9\],21.54
_03398_,21.52
_06737_,21.51
_05741_,21.5
_10574_,21.5
stage8_inst.stage4_lower.stage2_pair0.butterfly_inst.mul_inst.ab_reg\[8\],21.5
stage8_inst.stage4_lower.stage2_pair0.butterfly_inst.mul_inst.multiplier\[18\],21.5
stage8_inst.stage4_lower.stage2_pair1.butterfly_inst.mul_inst.multiplicand_high\[13\],21.5
_02683_,21.48
_03753_,21.48
_04389_,21.48
_04420_,21.48
stage8_inst.out7\[0\],21.48
_05871_,21.46
_10735_,21.46
stage8_inst.stage4_upper.stage2_pair0.butterfly_inst.mul_inst.ab_reg\[51\],21.46
_07192_,21.455
_03249_,21.44
_05865_,21.44
_06301_,21.44
_06920_,21.42
net1496,21.42
_03854_,21.4
_05926_,21.4
_11922_,21.4
_11477_,21.395
_05147_,21.38
_06931_,21.38
_11410_,21.38
stage8_inst.stage4_lower.stage2_pair1.butterfly_inst.mul_inst.ab_reg\[57\],21.38
stage8_inst.stage4_lower.stage2_pair1.butterfly_inst.mul_inst.ab_reg\[61\],21.38
_04119_,21.36
_09776_,21.36
stage8_inst.out4\[6\],21.36
_06239_,21.34
_09063_,21.34
_09818_,21.34
stage8_inst.stage4_lower.stage2_pair1.butterfly_inst.mul_inst.ab_reg\[8\],21.32
_04155_,21.3
stage8_inst.stage4_lower.stage2_pair1.butterfly_inst.mul_inst.ab_reg\[51\],21.3
stage8_inst.stage4_lower.stage2_pair1.butterfly_inst.mul_inst.mq_reg\[12\],21.3
stage8_inst.stage4_upper.stage2_pair0.butterfly_inst.mul_inst.bit_idx\[3\],21.28
_02708_,21.26
_10297_,21.26
stage8_inst.stage4_upper.stage2_pair0.butterfly_inst.mul_inst.acc_high\[1\],21.26
_02303_,21.24
_03113_,21.24
_04218_,21.24
_09407_,21.24
_09651_,21.24
_09015_,21.22
_09338_,21.22
_10134_,21.22
_10891_,21.22
stage8_inst.stage4_lower.stage2_pair1.butterfly_inst.mul_inst.mq_reg\[26\],21.22
_00574_,21.2
_03252_,21.2
_07055_,21.2
_09253_,21.2
clknet_leaf_223_clk,21.2
_02440_,21.18
_10319_,21.18
stage8_inst.stage4_upper.stage2_pair1.butterfly_inst.mul_inst.acc_high\[3\],21.18
_11434_,21.16
stage8_inst.stage4_upper.stage2_pair1.butterfly_inst.mul_inst.mq_reg\[13\],21.16
stage8_inst.stage4_upper.stage2_pair1.butterfly_inst.mul_inst.ab_reg\[30\],21.15
stage8_inst.stage4_lower.stage2_pair0.butterfly_inst.mul_inst.acc_high\[16\],21.14
stage8_inst.stage4_upper.stage2_pair0.butterfly_inst.mul_inst.acc_high\[12\],21.14
_10021_,21.13
_02248_,21.12
_03810_,21.12
_07290_,21.12
_08013_,21.12
_09617_,21.12
_03947_,21.1
_09924_,21.1
stage8_inst.stage4_upper.stage2_pair1.butterfly_inst.mul_inst.mq_reg\[43\],21.1
_07974_,21.08
_11639_,21.08
_12056_,21.08
_05130_,21.06
stage8_inst.stage4_upper.stage2_pair0.butterfly_inst.mul_inst.acc_high\[18\],21.06
_01631_,21.04
_06432_,21.04
_10246_,21.04
_11980_,21.04
stage8_inst.stage4_upper.stage2_pair0.butterfly_inst.mul_inst.mq_reg\[52\],21.04
_06311_,21.02
_10547_,21.02
_03833_,21
_11182_,21
stage8_inst.out3\[2\],21
stage8_inst.stage4_lower.stage2_pair1.butterfly_inst.mul_inst.b\[9\],21
stage8_inst.stage4_upper.stage2_pair0.butterfly_inst.mul_inst.mq_reg\[0\],21
stage8_inst.stage4_lower.stage2_pair1.butterfly_inst.mul_inst.ab_reg\[44\],20.995
_10682_,20.98
stage8_inst.stage4_upper.stage2_pair1.butterfly_inst.mul_inst.ab_reg\[58\],20.98
_11231_,20.975
_03156_,20.96
_03201_,20.94
_06786_,20.94
stage8_inst.stage4_upper.stage2_pair0.butterfly_inst.mul_inst.t_reg\[31\],20.94
stage8_inst.stage4_lower.stage2_pair1.butterfly_inst.mul_inst.ab_reg\[21\],20.935
_03544_,20.92
_07844_,20.92
_09089_,20.92
_11368_,20.92
stage8_inst.out1\[17\],20.92
stage8_inst.stage4_lower.stage2_pair0.butterfly_inst.mul_inst.mq_reg\[8\],20.92
_04025_,20.9
_05553_,20.9
_06870_,20.9
stage8_inst.in0\[27\],20.9
_03857_,20.88
stage8_inst.stage4_upper.stage2_pair0.butterfly_inst.mul_inst.acc_high\[2\],20.88
stage8_inst.out0\[3\],20.86
_06431_,20.84
_06490_,20.84
_07005_,20.84
_07917_,20.84
_09177_,20.84
_11271_,20.84
stage8_inst.stage4_lower.stage2_pair1.butterfly_inst.mul_inst.acc_high\[10\],20.84
_09156_,20.835
_06273_,20.82
_08138_,20.82
net1431,20.82
_05808_,20.81
_06628_,20.8
_09729_,20.8
_11597_,20.8
_11867_,20.8
stage8_inst.stage4_lower.stage2_pair0.butterfly_inst.add_inst.a\[11\],20.8
stage8_inst.stage4_lower.stage2_pair0.butterfly_inst.mul_inst.multiplicand_high\[8\],20.8
_05097_,20.78
_05233_,20.78
_08688_,20.78
_07101_,20.76
_01659_,20.74
_02706_,20.74
_06146_,20.74
_10318_,20.74
stage8_inst.stage4_lower.stage2_pair0.butterfly_inst.mul_inst.multiplier\[5\],20.74
_03237_,20.72
_03653_,20.72
_05157_,20.72
stage8_inst.stage4_lower.stage2_pair0.butterfly_inst.mul_inst.ab_reg\[25\],20.72
stage8_inst.stage4_lower.stage2_pair1.butterfly_inst.mul_inst.acc_high\[31\],20.71
_06218_,20.68
_09069_,20.68
_11430_,20.68
_11557_,20.68
stage8_inst.stage4_upper.stage2_pair0.butterfly_inst.mul_inst.acc_high\[28\],20.68
_03224_,20.66
_05714_,20.66
_06370_,20.66
_11457_,20.66
_11458_,20.66
stage8_inst.stage4_lower.stage2_pair0.butterfly_inst.add_inst.a\[6\],20.66
net802,20.66
_03868_,20.65
_06183_,20.64
_02568_,20.62
_02801_,20.6
stage8_inst.stage4_lower.stage2_pair1.butterfly_inst.mul_inst.mq_reg\[18\],20.6
_02581_,20.58
_03681_,20.58
_06705_,20.58
_09764_,20.58
stage8_inst.out3\[16\],20.58
stage8_inst.stage4_lower.stage2_pair0.butterfly_inst.mul_inst.ab_reg\[22\],20.575
_09449_,20.565
_03547_,20.56
_05235_,20.56
_07137_,20.56
_07836_,20.56
_08302_,20.56
_11302_,20.56
_01636_,20.54
_09668_,20.535
_04175_,20.52
_09341_,20.52
stage8_inst.stage4_lower.stage2_pair1.butterfly_inst.mul_inst.b\[30\],20.52
_02312_,20.5
_06070_,20.495
_10213_,20.48
stage8_inst.stage4_lower.stage2_pair1.butterfly_inst.mul_inst.ab_reg\[48\],20.48
stage8_inst.stage4_upper.stage2_pair0.butterfly_inst.mul_inst.mq_reg\[59\],20.48
net911,20.48
_02395_,20.46
_04076_,20.46
_07440_,20.46
_02423_,20.44
_04031_,20.44
_04036_,20.44
_04233_,20.44
_06502_,20.44
_11560_,20.44
_05715_,20.42
_05967_,20.42
_09009_,20.42
_10715_,20.42
stage8_inst.stage4_upper.stage2_pair0.butterfly_inst.mul_inst.multiplier\[8\],20.42
_02324_,20.4
stage8_inst.stage4_upper.stage2_pair0.butterfly_inst.mul_inst.ab_reg\[4\],20.4
_04231_,20.38
_06261_,20.38
_09910_,20.38
_10551_,20.38
stage8_inst.stage4_upper.stage2_pair0.butterfly_inst.mul_inst.mq_reg\[54\],20.38
_11759_,20.36
_02342_,20.34
_09288_,20.34
_09463_,20.34
_10758_,20.33
_04766_,20.32
_06017_,20.32
_07397_,20.32
stage8_inst.stage4_upper.stage2_pair0.butterfly_inst.mul_inst.ab_reg\[22\],20.32
net1082,20.32
_06539_,20.3
_09646_,20.3
_11421_,20.3
stage8_inst.out7\[2\],20.3
stage8_inst.stage4_upper.stage2_pair0.butterfly_inst.mul_inst.phase\[0\],20.29
_04571_,20.28
_10005_,20.28
_10243_,20.28
stage8_inst.stage4_lower.stage2_pair0.butterfly_inst.mul_inst.multiplier\[19\],20.28
_03271_,20.26
_05007_,20.26
stage8_inst.stage4_lower.stage2_pair0.butterfly_inst.add_inst.b\[10\],20.26
stage8_inst.stage4_lower.stage2_pair0.butterfly_inst.mul_inst.b\[30\],20.26
stage8_inst.stage4_lower.stage2_pair0.butterfly_inst.mul_inst.mq_reg\[20\],20.26
_03798_,20.24
_05670_,20.24
_06233_,20.22
stage8_inst.stage4_upper.stage2_pair1.butterfly_inst.mul_inst.ab_reg\[9\],20.22
_04145_,20.2
_04437_,20.2
_06224_,20.2
_07148_,20.2
_08052_,20.2
_09739_,20.2
stage8_inst.stage4_lower.stage2_pair0.butterfly_inst.mul_inst.ab_reg\[11\],20.2
_06881_,20.18
_09062_,20.18
_10187_,20.18
clknet_leaf_346_clk,20.18
_09979_,20.17
stage8_inst.stage4_upper.stage2_pair0.butterfly_inst.mul_inst.b\[21\],20.16
_05556_,20.14
_09723_,20.14
stage8_inst.out6\[9\],20.14
_03840_,20.12
_04066_,20.12
_05969_,20.12
_06110_,20.12
_06736_,20.12
_08987_,20.1
_11641_,20.1
_04160_,20.08
_05278_,20.08
_10139_,20.08
_11264_,20.08
_11585_,20.08
stage8_inst.stage4_upper.stage2_pair0.butterfly_inst.mul_inst.b\[19\],20.08
_04369_,20.07
_08214_,20.06
stage8_inst.stage4_lower.stage2_pair1.butterfly_inst.mul_inst.multiplicand_high\[9\],20.04
stage8_inst.stage4_upper.stage2_pair1.butterfly_inst.mul_inst.mq_reg\[25\],20.04
stage8_inst.stage4_lower.stage2_pair1.butterfly_inst.mul_inst.acc_high\[0\],20.035
_02368_,20.02
_03685_,20.02
_04320_,20.02
_04055_,20
_04737_,20
_09222_,20
stage8_inst.stage4_upper.stage2_pair0.butterfly_inst.mul_inst.mq_reg\[63\],20
_03348_,19.995
_09998_,19.995
_04658_,19.98
_05472_,19.98
_07059_,19.98
_04736_,19.96
_06002_,19.96
_11483_,19.96
stage8_inst.stage4_lower.stage2_pair1.butterfly_inst.mul_inst.ab_reg\[5\],19.96
stage8_inst.stage4_upper.stage2_pair0.butterfly_inst.add_inst.a\[21\],19.96
stage8_inst.stage4_upper.stage2_pair1.butterfly_inst.mul_inst.b\[16\],19.96
_04776_,19.94
_06039_,19.94
_10186_,19.94
stage8_inst.stage4_lower.stage2_pair1.butterfly_inst.mul_inst.mq_reg\[5\],19.94
stage8_inst.stage4_upper.stage2_pair1.butterfly_inst.mul_inst.multiplicand_high\[31\],19.94
stage8_inst.stage4_lower.stage2_pair1.butterfly_inst.mul_inst.ab_reg\[27\],19.935
_04277_,19.92
_06442_,19.92
stage8_inst.stage4_lower.stage2_pair1.butterfly_inst.mul_inst.mq_reg\[43\],19.92
_07454_,19.9
_10038_,19.9
_10236_,19.9
_07262_,19.89
_05042_,19.88
_09466_,19.88
stage8_inst.stage4_lower.stage2_pair0.butterfly_inst.mul_inst.mq_reg\[25\],19.88
_06035_,19.86
_06914_,19.86
_10596_,19.86
stage8_inst.stage4_upper.stage2_pair1.butterfly_inst.mul_inst.mq_reg\[11\],19.86
stage8_inst.stage4_upper.stage2_pair1.butterfly_inst.mul_inst.ab_reg\[3\],19.84
_06378_,19.82
_09339_,19.82
stage8_inst.stage4_upper.stage2_pair1.butterfly_inst.mul_inst.acc_high\[26\],19.82
stage8_inst.stage4_upper.stage2_pair1.butterfly_inst.mul_inst.mq_reg\[22\],19.82
_05092_,19.8
_06047_,19.8
_07287_,19.8
_03912_,19.78
_10237_,19.78
stage8_inst.out2\[8\],19.78
_05469_,19.76
_08136_,19.76
stage8_inst.stage4_lower.stage2_pair0.butterfly_inst.mul_inst.mq_reg\[2\],19.75
_02404_,19.74
_03621_,19.74
_04200_,19.74
_06604_,19.74
stage8_inst.stage4_upper.stage2_pair1.butterfly_inst.mul_inst.mq_reg\[62\],19.74
_11183_,19.725
_09937_,19.72
_06904_,19.7
_11694_,19.7
stage8_inst.stage4_lower.stage2_pair0.butterfly_inst.mul_inst.acc_high\[29\],19.7
stage8_inst.stage4_upper.stage2_pair1.butterfly_inst.mul_inst.ab_reg\[0\],19.7
_10340_,19.68
_05693_,19.66
_09273_,19.66
_10852_,19.66
_05874_,19.64
_06019_,19.64
_07122_,19.64
_07131_,19.64
stage8_inst.stage4_upper.stage2_pair1.butterfly_inst.mul_inst.b\[6\],19.64
_02546_,19.62
_02854_,19.62
_04348_,19.62
_07303_,19.62
_09464_,19.62
_10182_,19.62
_10632_,19.605
_03715_,19.6
_03949_,19.6
_02398_,19.595
_10785_,19.595
_03748_,19.58
_04052_,19.58
_04573_,19.58
_06051_,19.58
_08964_,19.58
_08973_,19.58
_10346_,19.58
_11974_,19.58
_04261_,19.56
stage8_inst.stage4_lower.stage2_pair0.butterfly_inst.mul_inst.acc_high\[31\],19.56
_06720_,19.54
_09916_,19.54
_07594_,19.52
_07602_,19.52
_09834_,19.52
stage8_inst.out5\[3\],19.52
_03111_,19.5
_04367_,19.5
_08414_,19.5
_03393_,19.48
stage8_inst.stage4_lower.stage2_pair0.butterfly_inst.mul_inst.multiplier\[12\],19.48
_07452_,19.46
_10763_,19.46
_11474_,19.46
_11781_,19.45
_04243_,19.44
_07964_,19.44
stage8_inst.stage4_lower.stage2_pair0.butterfly_inst.mul_inst.mq_reg\[61\],19.44
_09620_,19.425
_03205_,19.42
_03885_,19.42
_09824_,19.42
_09906_,19.42
_11578_,19.41
_07096_,19.4
_10430_,19.4
_11301_,19.4
net1747,19.4
stage8_inst.stage4_lower.stage2_pair1.butterfly_inst.mul_inst.b\[23\],19.39
_09440_,19.385
_03152_,19.38
_05471_,19.38
_08157_,19.38
_03207_,19.36
_07994_,19.36
stage8_inst.stage4_upper.stage2_pair0.butterfly_inst.mul_inst.b\[18\],19.36
_08139_,19.32
stage8_inst.stage4_lower.stage2_pair1.butterfly_inst.mul_inst.mq_reg\[22\],19.32
_03080_,19.3
_03132_,19.3
stage8_inst.stage4_lower.stage2_pair0.butterfly_inst.mul_inst.bit_idx\[2\],19.3
net1541,19.3
_03026_,19.28
_05657_,19.28
_10775_,19.28
_11608_,19.28
stage8_inst.out3\[23\],19.28
stage8_inst.out4\[15\],19.28
stage8_inst.stage4_lower.stage2_pair1.butterfly_inst.mul_inst.b\[18\],19.28
net1420,19.28
_03623_,19.26
_09066_,19.26
_11257_,19.26
_11429_,19.24
_11896_,19.24
stage8_inst.stage4_upper.stage2_pair0.butterfly_inst.mul_inst.ab_reg\[50\],19.24
_08975_,19.23
_05588_,19.22
_06336_,19.22
_11376_,19.22
_03529_,19.2
_04574_,19.2
_04884_,19.2
_06171_,19.2
_06424_,19.2
_07480_,19.2
_11660_,19.2
_11871_,19.2
stage8_inst.out2\[6\],19.2
stage8_inst.stage4_lower.stage2_pair0.butterfly_inst.mul_inst.mq_reg\[10\],19.2
clknet_leaf_28_clk,19.2
net491,19.2
_03759_,19.18
_06284_,19.18
stage8_inst.stage4_lower.stage2_pair1.butterfly_inst.mul_inst.b\[17\],19.18
stage8_inst.out1\[13\],19.16
_07320_,19.15
_05090_,19.14
_03376_,19.12
_07362_,19.12
stage8_inst.stage4_upper.stage2_pair0.butterfly_inst.mul_inst.ab_reg\[45\],19.12
_10018_,19.1
_10900_,19.1
_05513_,19.06
_05604_,19.06
_09774_,19.06
_11618_,19.06
_03135_,19.04
_03181_,19.04
_05923_,19.04
_06953_,19.04
_05578_,19.02
_06503_,19.02
_07284_,19.02
_03802_,19
_04032_,19
_04675_,19
_07907_,19
_11735_,19
stage8_inst.out1\[27\],19
stage8_inst.stage4_lower.stage2_pair0.butterfly_inst.mul_inst.b\[25\],19
net621,19
_07378_,18.98
_02320_,18.96
_06854_,18.96
_07252_,18.96
_08112_,18.96
_10645_,18.96
_11432_,18.96
_02814_,18.94
_09809_,18.94
_10635_,18.94
_11876_,18.94
_07227_,18.93
_02301_,18.92
_02421_,18.92
_04453_,18.92
_11419_,18.92
_03140_,18.9
_04832_,18.9
stage8_inst.out5\[2\],18.9
stage8_inst.stage4_upper.stage2_pair1.butterfly_inst.mul_inst.mq_reg\[5\],18.9
_04292_,18.88
_09996_,18.88
stage8_inst.out1\[22\],18.88
net748,18.88
_04208_,18.86
_06532_,18.86
_06816_,18.86
_10145_,18.86
_02441_,18.84
_09643_,18.84
_03815_,18.82
_05620_,18.82
_07124_,18.82
_02418_,18.8
_05103_,18.8
_06112_,18.8
_08947_,18.8
stage8_inst.stage4_lower.stage2_pair1.butterfly_inst.mul_inst.ab_reg\[16\],18.8
stage8_inst.stage4_upper.stage2_pair1.butterfly_inst.mul_inst.mq_reg\[8\],18.8
stage8_inst.stage4_upper.stage2_pair1.butterfly_inst.mul_inst.multiplier\[12\],18.8
_10434_,18.78
stage8_inst.stage4_lower.stage2_pair1.butterfly_inst.mul_inst.ab_reg\[63\],18.78
net152,18.78
_06083_,18.76
stage8_inst.out2\[14\],18.74
net1235,18.74
_00929_,18.72
_02746_,18.72
_06348_,18.72
_09239_,18.72
_09806_,18.72
stage8_inst.stage4_upper.stage2_pair0.butterfly_inst.mul_inst.multiplicand_low\[15\],18.72
_03930_,18.7
_06746_,18.7
_07354_,18.7
_07845_,18.7
stage8_inst.stage4_lower.stage2_pair0.butterfly_inst.mul_inst.multiplicand_high\[31\],18.7
_02286_,18.66
_03377_,18.66
_05066_,18.66
_05695_,18.66
_11757_,18.66
net111,18.66
_04101_,18.64
_02475_,18.62
_05214_,18.62
_05902_,18.62
_06219_,18.62
_09639_,18.62
stage8_inst.stage4_upper.stage2_pair1.butterfly_inst.mul_inst.multiplicand_high\[15\],18.62
_00919_,18.6
_05616_,18.6
_07305_,18.6
_07642_,18.6
_11175_,18.6
_03711_,18.58
_10287_,18.58
_02770_,18.56
_05745_,18.56
_02733_,18.54
_03549_,18.54
_09041_,18.54
_09596_,18.54
stage8_inst.stage4_lower.stage2_pair1.butterfly_inst.add_inst.a\[26\],18.54
stage8_inst.stage4_lower.stage2_pair1.butterfly_inst.mul_inst.ab_reg\[45\],18.54
stage8_inst.stage4_lower.stage2_pair1.butterfly_inst.mul_inst.acc_high\[30\],18.54
stage8_inst.stage4_upper.stage2_pair0.butterfly_inst.mul_inst.mq_reg\[44\],18.54
net1399,18.54
_03000_,18.52
_05932_,18.52
_03305_,18.5
_07237_,18.5
_06372_,18.48
_06405_,18.48
_11638_,18.48
clknet_leaf_198_clk,18.48
_07224_,18.46
_08944_,18.46
_09325_,18.46
_03871_,18.44
_06364_,18.44
stage8_inst.stage4_lower.stage2_pair1.butterfly_inst.mul_inst.ab_reg\[9\],18.44
stage8_inst.stage4_upper.stage2_pair0.butterfly_inst.mul_inst.ab_reg\[16\],18.44
stage8_inst.stage4_upper.stage2_pair0.butterfly_inst.mul_inst.ab_reg\[24\],18.44
_05193_,18.42
_05964_,18.42
_06739_,18.42
_11411_,18.42
_07121_,18.4
_07396_,18.4
_02749_,18.36
_09828_,18.36
stage8_inst.out1\[2\],18.36
_05595_,18.34
_06830_,18.34
net716,18.34
_03740_,18.33
_06208_,18.32
_08010_,18.32
stage8_inst.stage4_lower.stage2_pair1.butterfly_inst.mul_inst.multiplier\[5\],18.32
stage8_inst.stage4_upper.stage2_pair0.butterfly_inst.mul_inst.multiplier\[11\],18.32
stage8_inst.stage4_lower.stage2_pair0.butterfly_inst.mul_inst.t_reg\[19\],18.315
_09083_,18.3
_02857_,18.28
_03732_,18.28
_04665_,18.28
_08599_,18.28
_02751_,18.26
_04975_,18.26
_07333_,18.26
_11619_,18.26
_04238_,18.245
_05244_,18.24
_09153_,18.24
_10849_,18.24
_12039_,18.24
_05718_,18.22
_03939_,18.2
_04311_,18.2
_06847_,18.2
stage8_inst.stage4_upper.stage2_pair0.butterfly_inst.mul_inst.mq_reg\[18\],18.2
stage8_inst.stage4_upper.stage2_pair1.butterfly_inst.mul_inst.multiplier\[27\],18.2
_04710_,18.18
_06297_,18.18
_07991_,18.16
_08159_,18.16
stage8_inst.stage4_upper.stage2_pair0.butterfly_inst.mul_inst.mq_reg\[61\],18.16
_03674_,18.14
_05904_,18.14
_06910_,18.14
_07419_,18.14
_03842_,18.12
_07263_,18.12
_07380_,18.12
_11412_,18.12
stage8_inst.stage4_lower.stage2_pair0.butterfly_inst.mul_inst.ab_reg\[26\],18.12
_08966_,18.1
_09086_,18.1
_11215_,18.1
_11530_,18.1
stage8_inst.stage4_upper.stage2_pair1.butterfly_inst.mul_inst.ab_reg\[29\],18.1
_02766_,18.08
_05230_,18.08
_09145_,18.08
_09459_,18.08
_11523_,18.08
_06133_,18.07
_02327_,18.06
_03139_,18.06
_05497_,18.06
_07593_,18.06
_09859_,18.06
stage8_inst.stage4_upper.stage2_pair1.butterfly_inst.mul_inst.t_reg\[4\],18.06
_01632_,18.04
_02599_,18.04
_05763_,18.04
_11936_,18.04
stage8_inst.stage4_upper.stage2_pair0.butterfly_inst.mul_inst.t_reg\[11\],18.04
_07802_,18.02
_09778_,18.02
_09902_,18.02
_05192_,18
_07015_,18
stage8_inst.stage4_upper.stage2_pair1.butterfly_inst.mul_inst.acc_high\[30\],18
net950,18
_04667_,17.995
_04345_,17.98
_04349_,17.98
stage8_inst.stage4_upper.stage2_pair1.butterfly_inst.mul_inst.b\[1\],17.98
_09087_,17.96
_11259_,17.96
_03762_,17.95
_10710_,17.95
_06901_,17.94
_08113_,17.94
_10704_,17.94
_08205_,17.93
_03772_,17.92
_05826_,17.92
_09959_,17.9
_10676_,17.9
stage8_inst.stage4_upper.stage2_pair1.butterfly_inst.mul_inst.b\[21\],17.9
_05643_,17.88
_06045_,17.88
_09232_,17.88
_10894_,17.88
_11570_,17.88
stage8_inst.stage4_lower.stage2_pair0.butterfly_inst.mul_inst.b\[27\],17.88
_07951_,17.86
_09272_,17.86
_10321_,17.86
_12026_,17.86
stage8_inst.out1\[26\],17.86
stage8_inst.stage4_lower.stage2_pair1.butterfly_inst.mul_inst.ab_reg\[23\],17.85
_03127_,17.84
_06484_,17.84
_03345_,17.82
_06853_,17.82
_10266_,17.82
_10798_,17.82
stage8_inst.out4\[14\],17.82
stage8_inst.stage4_lower.stage2_pair0.butterfly_inst.mul_inst.b\[15\],17.82
stage8_inst.stage4_upper.stage2_pair1.butterfly_inst.mul_inst.ab_reg\[6\],17.82
_05211_,17.8
_07184_,17.8
_08605_,17.8
_09385_,17.8
_10797_,17.8
_11965_,17.8
stage8_inst.out6\[4\],17.8
_02594_,17.78
_05499_,17.78
_06046_,17.78
_09925_,17.78
_10219_,17.78
_10244_,17.78
_11305_,17.78
stage8_inst.stage4_lower.stage2_pair1.butterfly_inst.mul_inst.mq_reg\[14\],17.78
_06195_,17.765
_05906_,17.76
_06050_,17.76
_09091_,17.76
_10799_,17.76
stage8_inst.stage4_lower.stage2_pair1.butterfly_inst.mul_inst.ab_reg\[50\],17.76
net1120,17.76
_11389_,17.74
_04114_,17.72
_01164_,17.7
_05677_,17.7
_10144_,17.68
_12046_,17.68
_01597_,17.66
_03178_,17.66
_05573_,17.66
_08939_,17.66
_09522_,17.66
_11198_,17.66
stage8_inst.stage4_upper.stage2_pair0.butterfly_inst.mul_inst.mq_reg\[5\],17.66
_07106_,17.655
_00744_,17.64
_04258_,17.64
_11972_,17.64
stage8_inst.out0\[23\],17.64
_02258_,17.62
_08949_,17.62
_10854_,17.62
stage8_inst.stage4_upper.stage2_pair0.butterfly_inst.mul_inst.acc_high\[4\],17.62
_06382_,17.61
_06588_,17.61
_04074_,17.6
_07322_,17.6
_09986_,17.6
_11054_,17.6
stage8_inst.stage4_lower.stage2_pair0.butterfly_inst.mul_inst.ab_reg\[60\],17.6
stage8_inst.stage4_lower.stage2_pair1.butterfly_inst.mul_inst.multiplier\[9\],17.59
_07291_,17.58
_08344_,17.58
_10156_,17.58
stage8_inst.stage4_lower.stage2_pair1.butterfly_inst.mul_inst.mq_reg\[6\],17.58
_06590_,17.56
_10681_,17.56
stage8_inst.out1\[24\],17.56
_06310_,17.555
_11229_,17.54
_07087_,17.52
stage8_inst.stage4_upper.stage2_pair1.butterfly_inst.mul_inst.multiplier\[22\],17.52
_03823_,17.5
_02958_,17.48
_03825_,17.48
_03877_,17.48
_05834_,17.48
_07465_,17.48
_03239_,17.475
_04190_,17.46
_04198_,17.46
_07244_,17.46
_10333_,17.46
_01974_,17.44
_02781_,17.44
_07639_,17.44
_10771_,17.44
stage8_inst.stage4_lower.stage2_pair1.butterfly_inst.mul_inst.ab_reg\[6\],17.425
_03991_,17.42
_04687_,17.42
_06745_,17.42
_03736_,17.4
_07656_,17.4
_11186_,17.4
_11755_,17.4
stage8_inst.out5\[4\],17.4
stage8_inst.stage4_lower.stage2_pair0.butterfly_inst.mul_inst.b\[20\],17.4
stage8_inst.stage4_upper.stage2_pair0.butterfly_inst.mul_inst.mq_reg\[60\],17.4
_04391_,17.395
stage8_inst.stage4_upper.stage2_pair0.butterfly_inst.mul_inst.bit_idx\[1\],17.395
_08108_,17.38
net1019,17.38
_07267_,17.37
_04125_,17.36
_06102_,17.34
_07412_,17.32
_11420_,17.32
stage8_inst.stage4_lower.stage2_pair1.butterfly_inst.mul_inst.acc_high\[15\],17.315
_00956_,17.3
_09468_,17.3
_06036_,17.28
_06751_,17.28
stage8_inst.stage4_lower.stage2_pair1.butterfly_inst.mul_inst.ab_reg\[62\],17.28
_03085_,17.265
_07878_,17.26
stage8_inst.out6\[24\],17.26
stage8_inst.stage4_upper.stage2_pair1.butterfly_inst.mul_inst.mq_reg\[47\],17.26
_05606_,17.24
_05758_,17.24
_06856_,17.24
_09950_,17.24
_11251_,17.24
_11659_,17.24
_04185_,17.22
_07608_,17.22
_03977_,17.21
_05276_,17.2
_06234_,17.2
_08070_,17.18
_09127_,17.18
_08097_,17.16
stage8_inst.out4\[29\],17.16
_07374_,17.14
stage8_inst.out0\[6\],17.14
_02666_,17.12
_03198_,17.12
net953,17.12
_02717_,17.1
_03548_,17.1
_04354_,17.1
_04777_,17.1
_05020_,17.1
_07409_,17.1
_08059_,17.1
_04739_,17.08
_05017_,17.08
_09029_,17.08
_11513_,17.08
stage8_inst.stage4_lower.stage2_pair0.butterfly_inst.mul_inst.ab_reg\[4\],17.08
_05936_,17.06
_10046_,17.06
_10127_,17.06
stage8_inst.stage4_lower.stage2_pair1.butterfly_inst.mul_inst.b\[24\],17.06
_04760_,17.04
_11277_,17.04
_06741_,17.03
_03760_,17.02
_04265_,17.02
_07626_,17.02
_08037_,17.02
_10427_,17.02
_05574_,17.01
_06783_,17.01
_04217_,17
_06096_,17
_10673_,17
_05607_,16.995
_08030_,16.98
stage8_inst.stage4_upper.stage2_pair0.butterfly_inst.mul_inst.ab_reg\[3\],16.98
_03528_,16.96
_04377_,16.96
_07185_,16.96
_11416_,16.955
_08201_,16.94
_09755_,16.94
_09243_,16.92
_03870_,16.9
_06307_,16.9
_08581_,16.9
_06069_,16.88
_06184_,16.88
_06057_,16.86
_06439_,16.86
_06932_,16.86
_07286_,16.86
_09296_,16.86
stage8_inst.stage4_lower.stage2_pair0.butterfly_inst.mul_inst.ab_reg\[5\],16.86
stage8_inst.stage4_upper.stage2_pair1.butterfly_inst.mul_inst.b\[19\],16.86
stage8_inst.stage4_upper.stage2_pair1.butterfly_inst.mul_inst.b\[5\],16.86
_03176_,16.84
_03995_,16.84
_07200_,16.84
stage8_inst.out4\[16\],16.84
stage8_inst.stage4_upper.stage2_pair0.butterfly_inst.mul_inst.acc_high\[3\],16.82
net470,16.82
_07366_,16.8
stage8_inst.stage4_lower.stage2_pair0.butterfly_inst.mul_inst.ab_reg\[44\],16.8
stage8_inst.stage4_lower.stage2_pair1.butterfly_inst.mul_inst.acc_high\[12\],16.8
net654,16.8
_08137_,16.79
_04407_,16.78
_04962_,16.78
stage8_inst.out6\[12\],16.78
_04686_,16.76
_04751_,16.76
_06595_,16.76
_09890_,16.76
_10303_,16.76
stage8_inst.out7\[12\],16.76
stage8_inst.stage4_upper.stage2_pair0.butterfly_inst.mul_inst.b\[14\],16.76
_07084_,16.745
_09011_,16.74
_10299_,16.74
_09876_,16.735
_02961_,16.72
_07479_,16.72
_08045_,16.72
net812,16.72
_05011_,16.705
_03126_,16.7
_09358_,16.7
_10751_,16.7
stage8_inst.stage4_upper.stage2_pair0.butterfly_inst.mul_inst.multiplier\[9\],16.7
_03861_,16.68
_06361_,16.68
_09487_,16.68
_11960_,16.68
net1437,16.68
_10821_,16.66
_08507_,16.64
_10114_,16.64
_11607_,16.64
_02714_,16.62
_05133_,16.62
_05178_,16.62
_07171_,16.62
net1583,16.62
_10238_,16.615
_11996_,16.61
_00751_,16.6
_02361_,16.6
_03020_,16.6
_05557_,16.6
_05756_,16.6
_11140_,16.6
_11652_,16.6
stage8_inst.out1\[0\],16.58
_02592_,16.56
_04720_,16.56
_05916_,16.56
_07471_,16.56
_09858_,16.56
_10766_,16.56
_11075_,16.56
_11991_,16.54
stage8_inst.stage4_lower.stage2_pair1.butterfly_inst.mul_inst.acc_high\[3\],16.54
_07254_,16.52
_08122_,16.52
_09094_,16.52
_10764_,16.52
_11135_,16.52
net1157,16.52
_09436_,16.51
_05708_,16.5
_05872_,16.48
_11945_,16.48
_07321_,16.46
_10654_,16.46
_05707_,16.44
_05767_,16.44
_04415_,16.42
_10756_,16.42
_11496_,16.42
stage8_inst.stage4_upper.stage2_pair0.butterfly_inst.mul_inst.multiplier\[7\],16.42
_09078_,16.4
_09093_,16.4
_11388_,16.4
stage8_inst.stage4_lower.stage2_pair1.butterfly_inst.mul_inst.b\[19\],16.4
stage8_inst.stage4_upper.stage2_pair1.butterfly_inst.mul_inst.b\[23\],16.4
_05050_,16.39
_06683_,16.38
_08959_,16.38
_10317_,16.38
net1165,16.38
_07990_,16.36
_09328_,16.36
_01617_,16.34
_02343_,16.32
_04650_,16.32
_05815_,16.3
_07449_,16.3
_09279_,16.3
_10754_,16.3
_12012_,16.3
_02304_,16.28
_02634_,16.28
_02795_,16.28
_03074_,16.28
_04553_,16.28
_06375_,16.28
_08978_,16.28
_10196_,16.28
_11121_,16.28
stage8_inst.stage4_lower.stage2_pair0.butterfly_inst.mul_inst.b\[3\],16.28
stage8_inst.stage4_lower.stage2_pair1.butterfly_inst.mul_inst.acc_high\[14\],16.28
_02996_,16.26
_05503_,16.26
_05919_,16.26
_08008_,16.26
_09698_,16.26
_11670_,16.26
stage8_inst.out4\[25\],16.26
_04759_,16.24
_05186_,16.24
_06258_,16.24
_06824_,16.24
stage8_inst.stage4_lower.stage2_pair0.butterfly_inst.mul_inst.multiplier\[26\],16.24
_03229_,16.22
_06355_,16.22
_06885_,16.22
_08416_,16.22
_09098_,16.22
_10656_,16.22
stage8_inst.stage4_lower.stage2_pair1.butterfly_inst.mul_inst.multiplier\[10\],16.22
_06042_,16.2
_04470_,16.18
_06672_,16.18
_09767_,16.18
stage8_inst.stage4_lower.stage2_pair1.butterfly_inst.mul_inst.acc_high\[8\],16.18
_02740_,16.16
_10263_,16.16
_11150_,16.16
net1317,16.16
_11196_,16.14
_11655_,16.14
stage8_inst.stage4_lower.stage2_pair1.butterfly_inst.mul_inst.acc_high\[28\],16.14
_09330_,16.12
_10689_,16.12
_04228_,16.1
_06762_,16.1
_06798_,16.1
_07326_,16.1
stage8_inst.stage4_lower.stage2_pair0.butterfly_inst.mul_inst.ab_reg\[61\],16.1
_04615_,16.08
_07586_,16.08
_04631_,16.06
stage8_inst.stage4_lower.stage2_pair1.butterfly_inst.mul_inst.b\[10\],16.06
stage8_inst.stage4_upper.stage2_pair0.butterfly_inst.mul_inst.ab_reg\[44\],16.06
_04211_,16.04
_10100_,16.04
net551,16.04
_03250_,16.02
_06571_,16.02
_07327_,16.02
stage8_inst.out3\[24\],16.02
stage8_inst.stage4_upper.stage2_pair0.butterfly_inst.mul_inst.acc_high\[0\],16.015
_05310_,16.01
_07491_,16
_10716_,16
_10767_,15.99
_01975_,15.98
_05077_,15.98
_06401_,15.98
_07377_,15.98
_07661_,15.98
_09503_,15.98
_11979_,15.98
net797,15.98
_02177_,15.96
_03215_,15.96
_06635_,15.96
_07280_,15.96
stage8_inst.stage4_lower.stage2_pair1.butterfly_inst.mul_inst.ab_reg\[3\],15.96
_02504_,15.94
_03385_,15.94
_09363_,15.94
_10811_,15.94
_01633_,15.92
_08943_,15.92
_11460_,15.92
stage8_inst.out7\[19\],15.92
_03104_,15.9
_07276_,15.9
_08579_,15.9
_10347_,15.9
_03628_,15.88
_04418_,15.88
net678,15.88
_03986_,15.86
_04607_,15.86
_05847_,15.86
_11482_,15.86
net833,15.86
_03222_,15.85
_03906_,15.845
_02446_,15.84
_06834_,15.84
_07997_,15.84
_10033_,15.84
_10803_,15.84
_11689_,15.84
stage8_inst.stage4_upper.stage2_pair1.butterfly_inst.mul_inst.mq_reg\[12\],15.84
_10330_,15.83
_07223_,15.82
_09497_,15.82
_10334_,15.82
stage8_inst.stage4_lower.stage2_pair0.butterfly_inst.mul_inst.b\[16\],15.82
net824,15.82
_03246_,15.8
_06488_,15.8
_06552_,15.8
_07820_,15.8
_03552_,15.78
_09235_,15.78
_10179_,15.78
_04132_,15.76
_06998_,15.76
_10480_,15.76
_11350_,15.76
stage8_inst.stage4_lower.stage2_pair0.butterfly_inst.mul_inst.b\[0\],15.76
_02452_,15.74
_04323_,15.74
_10887_,15.74
_11423_,15.74
stage8_inst.stage4_lower.stage2_pair0.butterfly_inst.mul_inst.b\[13\],15.74
_03097_,15.72
_08088_,15.72
_08728_,15.72
_03786_,15.7
_10432_,15.7
_00671_,15.685
_01222_,15.68
_02443_,15.68
_03357_,15.68
_12037_,15.68
net746,15.68
_11161_,15.645
_02964_,15.64
_06918_,15.64
_07083_,15.64
net116,15.64
net1261,15.64
_03268_,15.62
_03850_,15.62
_05041_,15.62
_08145_,15.62
_03124_,15.6
_04586_,15.6
_05062_,15.6
_06023_,15.6
_07828_,15.6
_09107_,15.6
_11223_,15.6
_11265_,15.6
_07128_,15.58
_10782_,15.58
_11485_,15.58
stage8_inst.stage4_upper.stage2_pair1.butterfly_inst.mul_inst.mq_reg\[4\],15.58
_04697_,15.56
_05754_,15.56
_07398_,15.56
_09106_,15.56
_09389_,15.56
_09681_,15.56
_10855_,15.56
stage8_inst.stage4_lower.stage2_pair1.butterfly_inst.mul_inst.b\[31\],15.56
_05634_,15.54
_05858_,15.54
stage8_inst.stage4_lower.stage2_pair0.butterfly_inst.mul_inst.multiplier\[11\],15.54
_04053_,15.52
_07220_,15.52
stage8_inst.stage4_lower.stage2_pair0.butterfly_inst.mul_inst.mq_reg\[6\],15.52
net576,15.52
_03827_,15.5
_03937_,15.5
_09165_,15.5
_03865_,15.48
_06295_,15.48
_07216_,15.48
_08438_,15.48
_09280_,15.48
_09635_,15.48
stage8_inst.stage4_upper.stage2_pair1.butterfly_inst.mul_inst.mq_reg\[18\],15.48
net712,15.48
stage8_inst.out0\[28\],15.46
_06855_,15.44
_09314_,15.44
_11348_,15.44
_04652_,15.435
_08117_,15.42
stage8_inst.stage4_lower.stage2_pair0.butterfly_inst.mul_inst.t_reg\[6\],15.42
_02928_,15.4
read_data[15],15.4
_02460_,15.38
_04750_,15.38
_04998_,15.38
_05339_,15.38
_05687_,15.38
_06309_,15.38
_08750_,15.38
_11796_,15.38
stage8_inst.out1\[20\],15.38
stage8_inst.stage4_lower.stage2_pair0.butterfly_inst.mul_inst.multiplier\[9\],15.38
stage8_inst.stage4_lower.stage2_pair1.butterfly_inst.mul_inst.mq_reg\[1\],15.38
_05994_,15.36
_06404_,15.36
_08074_,15.36
_01530_,15.345
_02692_,15.34
_02978_,15.34
_03899_,15.34
_04140_,15.34
_06556_,15.34
_07995_,15.34
_09955_,15.34
_11272_,15.34
stage8_inst.out3\[3\],15.34
net653,15.34
_01217_,15.32
_02709_,15.32
_03090_,15.32
_09163_,15.32
_10708_,15.32
_03280_,15.3
_03318_,15.3
_05191_,15.3
_06587_,15.3
_11913_,15.3
_12019_,15.3
_04466_,15.28
_08273_,15.28
_08979_,15.28
stage8_inst.stage4_upper.stage2_pair0.butterfly_inst.mul_inst.mq_reg\[1\],15.28
_07346_,15.275
_02575_,15.27
_03785_,15.265
_01606_,15.26
_04327_,15.26
_04985_,15.26
_06458_,15.26
_06558_,15.26
_10790_,15.26
stage8_inst.stage4_lower.stage2_pair1.butterfly_inst.mul_inst.b\[8\],15.26
stage8_inst.stage4_lower.stage2_pair1.butterfly_inst.mul_inst.multiplier\[27\],15.26
_04538_,15.25
_03282_,15.24
_02868_,15.22
_05093_,15.22
_07583_,15.22
_08063_,15.22
stage8_inst.stage4_lower.stage2_pair0.butterfly_inst.mul_inst.acc_high\[11\],15.215
_04018_,15.2
_05656_,15.18
_09455_,15.18
_10640_,15.18
stage8_inst.stage4_upper.stage2_pair0.butterfly_inst.mul_inst.ab_reg\[0\],15.18
stage8_inst.stage4_upper.stage2_pair1.butterfly_inst.mul_inst.bit_idx\[5\],15.18
net1229,15.18
_02626_,15.16
_05867_,15.16
_07646_,15.16
stage8_inst.stage4_lower.stage2_pair0.butterfly_inst.mul_inst.b\[19\],15.16
_00013_,15.14
_01640_,15.14
_02290_,15.14
_03560_,15.14
_06100_,15.14
_08022_,15.14
_11201_,15.14
_04057_,15.135
_09714_,15.135
_02804_,15.13
_04206_,15.12
_09329_,15.12
_10252_,15.12
_11961_,15.11
_01223_,15.1
_04917_,15.1
_07111_,15.1
_09850_,15.1
_09483_,15.08
_09875_,15.08
stage8_inst.stage4_upper.stage2_pair1.butterfly_inst.mul_inst.mq_reg\[6\],15.08
_02734_,15.07
_00935_,15.06
_01234_,15.06
_09085_,15.06
_09109_,15.06
_11185_,15.06
net628,15.06
_08154_,15.04
stage8_inst.stage4_upper.stage2_pair0.butterfly_inst.mul_inst.mq_reg\[62\],15.04
_02292_,15.02
_04262_,15.02
_07334_,15.02
_09727_,15.02
_10117_,15.02
_11405_,15.02
_11520_,15.02
stage8_inst.stage4_upper.stage2_pair0.butterfly_inst.mul_inst.acc_high\[15\],15.02
net652,15.02
_06832_,15
_10647_,15
stage8_inst.out4\[19\],15
net1509,15
_11630_,14.98
_11717_,14.98
stage8_inst.stage4_upper.stage2_pair0.butterfly_inst.mul_inst.multiplier\[12\],14.98
_03543_,14.96
_09128_,14.96
_10795_,14.96
stage8_inst.stage4_lower.stage2_pair0.butterfly_inst.mul_inst.ab_reg\[14\],14.96
_04618_,14.94
_09946_,14.94
_04110_,14.92
_05173_,14.92
_03325_,14.9
_04078_,14.9
_06034_,14.9
_09108_,14.9
_09115_,14.9
_09254_,14.9
_11131_,14.9
stage8_inst.stage4_lower.stage2_pair1.butterfly_inst.mul_inst.ab_reg\[31\],14.9
stage8_inst.stage4_lower.stage2_pair1.butterfly_inst.mul_inst.mq_reg\[23\],14.9
stage8_inst.stage4_lower.stage2_pair1.butterfly_inst.mul_inst.multiplicand_high\[26\],14.9
_04414_,14.88
_11073_,14.88
_06605_,14.87
_05269_,14.86
_10674_,14.86
stage8_inst.out7\[6\],14.86
_02976_,14.84
_07315_,14.84
stage8_inst.stage4_lower.stage2_pair0.butterfly_inst.mul_inst.b\[31\],14.84
_04416_,14.835
_00973_,14.82
_09962_,14.82
_03517_,14.81
_11362_,14.8
stage8_inst.stage4_lower.stage2_pair1.butterfly_inst.mul_inst.acc_high\[20\],14.8
net1026,14.8
_04463_,14.78
stage8_inst.out3\[26\],14.78
net1466,14.78
_03372_,14.76
_03582_,14.76
_04104_,14.76
_04356_,14.76
_06456_,14.76
_06861_,14.76
_09756_,14.76
_10846_,14.76
_11211_,14.76
_11243_,14.76
_05195_,14.72
stage8_inst.stage4_lower.stage2_pair1.butterfly_inst.mul_inst.acc_high\[2\],14.72
net1307,14.72
_05212_,14.7
_11976_,14.7
stage8_inst.stage4_lower.stage2_pair1.butterfly_inst.mul_inst.b\[1\],14.7
_05710_,14.68
_06987_,14.68
_09095_,14.68
_09956_,14.68
_10262_,14.68
_02058_,14.665
_02758_,14.66
_09750_,14.66
_09863_,14.66
stage8_inst.stage4_upper.stage2_pair0.butterfly_inst.mul_inst.mq_reg\[50\],14.66
_01000_,14.645
_03221_,14.64
_03331_,14.64
stage8_inst.out5\[25\],14.64
_10893_,14.635
_11931_,14.635
_06099_,14.62
_08019_,14.62
stage8_inst.out2\[15\],14.62
stage8_inst.stage4_upper.stage2_pair0.butterfly_inst.mul_inst.mq_reg\[2\],14.62
_03879_,14.6
_04229_,14.6
_05127_,14.6
_07365_,14.6
_10872_,14.6
_02691_,14.585
_00917_,14.58
_02879_,14.58
_03269_,14.58
_06410_,14.58
_07095_,14.58
_07903_,14.58
_07909_,14.58
_11695_,14.58
stage8_inst.out0\[1\],14.58
stage8_inst.stage4_lower.stage2_pair1.butterfly_inst.mul_inst.acc_high\[17\],14.58
net526,14.58
_03230_,14.575
_05059_,14.57
_00062_,14.56
_03274_,14.56
_03941_,14.56
_06616_,14.56
_06875_,14.56
_07279_,14.56
_07340_,14.56
_07971_,14.56
_09601_,14.56
_09057_,14.54
_04180_,14.52
_04712_,14.52
_07092_,14.52
_07450_,14.52
_11252_,14.52
stage8_inst.stage4_upper.stage2_pair0.butterfly_inst.mul_inst.mq_reg\[6\],14.52
_01101_,14.5
_04557_,14.5
_04903_,14.5
_06542_,14.5
stage8_inst.stage4_lower.stage2_pair1.butterfly_inst.mul_inst.acc_high\[4\],14.5
_05942_,14.49
_10832_,14.49
_07904_,14.48
_09265_,14.48
_00656_,14.46
_03780_,14.46
_05314_,14.46
stage8_inst.stage4_lower.stage2_pair1.butterfly_inst.mul_inst.bit_idx\[2\],14.46
_11202_,14.44
_11549_,14.44
net1061,14.44
_02485_,14.435
_01186_,14.42
_03656_,14.42
_06398_,14.42
_06887_,14.42
_09056_,14.42
_09743_,14.42
stage8_inst.stage4_upper.stage2_pair0.butterfly_inst.mul_inst.acc_high\[14\],14.42
_10522_,14.4
stage8_inst.stage4_lower.stage2_pair1.butterfly_inst.mul_inst.mq_reg\[61\],14.395
_04142_,14.38
_09004_,14.38
stage8_inst.stage4_lower.stage2_pair0.butterfly_inst.mul_inst.mq_reg\[3\],14.38
stage8_inst.stage4_upper.stage2_pair0.butterfly_inst.mul_inst.mq_reg\[4\],14.38
load_data[10],14.37
load_twiddle[25],14.37
_12016_,14.36
_02616_,14.34
_05691_,14.34
_05910_,14.34
_07916_,14.34
_09327_,14.34
_11815_,14.34
stage8_inst.out7\[8\],14.34
net1160,14.34
_02188_,14.325
_05088_,14.32
stage8_inst.out3\[12\],14.32
_04033_,14.3
_07649_,14.3
_10094_,14.3
_11200_,14.3
_11912_,14.3
net565,14.3
net860,14.3
_03872_,14.28
_06924_,14.28
_09234_,14.28
stage8_inst.stage4_upper.stage2_pair1.butterfly_inst.mul_inst.multiplier\[25\],14.265
_09105_,14.26
_09573_,14.26
_11323_,14.26
_10815_,14.24
_02334_,14.22
_06275_,14.22
_07348_,14.22
_08018_,14.22
_09010_,14.22
_10577_,14.22
_11115_,14.22
net665,14.215
_07214_,14.21
_04026_,14.2
stage8_inst.stage4_lower.stage2_pair1.butterfly_inst.mul_inst.mq_reg\[28\],14.2
_06266_,14.18
_06709_,14.18
_09732_,14.18
stage8_inst.out0\[14\],14.18
stage8_inst.stage4_lower.stage2_pair0.butterfly_inst.mul_inst.acc_high\[14\],14.18
stage8_inst.stage4_upper.stage2_pair1.butterfly_inst.mul_inst.multiplier\[31\],14.18
_05536_,14.16
_10868_,14.16
_10926_,14.16
stage8_inst.stage4_lower.stage2_pair0.butterfly_inst.mul_inst.mq_reg\[26\],14.16
_06805_,14.15
_09867_,14.14
_11612_,14.14
_00933_,14.12
_10440_,14.12
_10580_,14.12
_11056_,14.12
stage8_inst.out7\[23\],14.12
net739,14.12
net1277,14.12
net1316,14.12
_04124_,14.1
_11190_,14.1
_11224_,14.1
stage8_inst.stage4_upper.stage2_pair0.butterfly_inst.mul_inst.ab_reg\[10\],14.1
_07456_,14.08
_10873_,14.08
_11671_,14.08
_03654_,14.04
_04598_,14.04
_11774_,14.04
_04060_,14.03
_02789_,14.02
_07179_,14.02
_08024_,14.02
_09627_,14.02
_02279_,14
_02350_,14
_04856_,14
_05527_,14
_06260_,14
_06477_,14
_07700_,14
_10807_,14
_00766_,13.98
_05086_,13.98
_06923_,13.98
_09286_,13.98
_10388_,13.98
stage8_inst.out4\[30\],13.98
net522,13.98
_01190_,13.96
_02053_,13.96
_05593_,13.96
_05928_,13.96
_08038_,13.96
_11109_,13.96
stage8_inst.stage4_upper.stage2_pair1.butterfly_inst.mul_inst.b\[25\],13.96
net784,13.96
_02426_,13.95
_04743_,13.94
_07617_,13.94
_09402_,13.94
_10637_,13.94
stage8_inst.stage4_lower.stage2_pair1.butterfly_inst.mul_inst.ab_reg\[4\],13.94
_02621_,13.93
_07204_,13.93
_04313_,13.92
net564,13.92
_01236_,13.9
_09202_,13.9
_11925_,13.9
stage8_inst.stage4_upper.stage2_pair0.butterfly_inst.mul_inst.multiplier\[24\],13.9
net1011,13.9
net1510,13.9
_11136_,13.895
_04707_,13.88
_05642_,13.88
_05945_,13.88
_06455_,13.88
_06840_,13.88
_07180_,13.88
_07886_,13.88
_10845_,13.88
_11623_,13.88
_10044_,13.87
_05566_,13.865
_02812_,13.86
_05491_,13.86
_05525_,13.86
_08977_,13.86
_12050_,13.86
net1422,13.86
_02496_,13.84
_03997_,13.84
_06838_,13.84
_09291_,13.84
_11253_,13.84
_02773_,13.82
_10125_,13.82
net139,13.82
_02601_,13.8
_03553_,13.8
_05206_,13.8
_06629_,13.8
_09675_,13.8
_01082_,13.78
_10619_,13.78
_11548_,13.78
net779,13.78
_07978_,13.775
_00498_,13.76
_01221_,13.76
_02464_,13.76
_02558_,13.76
_02457_,13.75
_03110_,13.74
_03278_,13.74
_04546_,13.74
_07372_,13.74
stage8_inst.stage4_lower.stage2_pair0.butterfly_inst.mul_inst.ab_reg\[10\],13.74
_03844_,13.72
_04690_,13.72
_11340_,13.72
net563,13.72
_11236_,13.69
_05628_,13.68
_07758_,13.68
_09070_,13.68
stage8_inst.stage4_lower.stage2_pair1.butterfly_inst.mul_inst.b\[14\],13.68
stage8_inst.stage4_upper.stage2_pair1.butterfly_inst.mul_inst.mq_reg\[33\],13.68
net1070,13.68
_00495_,13.66
_03203_,13.66
_10844_,13.66
stage8_inst.out6\[3\],13.66
net1223,13.66
_03245_,13.64
_03518_,13.64
_06251_,13.64
_06535_,13.64
_09696_,13.64
_09810_,13.64
_11281_,13.64
stage8_inst.stage4_lower.stage2_pair0.butterfly_inst.mul_inst.ab_reg\[24\],13.64
_05990_,13.63
_07318_,13.63
_07249_,13.62
_08027_,13.62
_09284_,13.62
net471,13.62
net1067,13.62
_06065_,13.605
_10043_,13.6
stage8_inst.stage4_lower.stage2_pair0.butterfly_inst.mul_inst.ab_reg\[31\],13.6
_02102_,13.58
_03149_,13.58
_03521_,13.58
_08041_,13.58
_09155_,13.58
_02060_,13.56
_09021_,13.56
_09927_,13.56
stage8_inst.stage4_upper.stage2_pair0.butterfly_inst.mul_inst.ab_reg\[2\],13.56
stage8_inst.stage4_upper.stage2_pair0.butterfly_inst.mul_inst.mq_reg\[10\],13.56
_02792_,13.54
_03016_,13.54
_03794_,13.54
_05475_,13.54
_05664_,13.54
_06103_,13.54
_07063_,13.54
_07238_,13.54
_08940_,13.54
_09492_,13.54
_10000_,13.54
stage8_inst.out2\[9\],13.54
net815,13.54
_04518_,13.52
_07731_,13.52
_09431_,13.52
_08187_,13.51
_00943_,13.505
_02684_,13.5
_08588_,13.5
_09192_,13.5
_10519_,13.5
net657,13.5
_03819_,13.48
_09944_,13.48
net899,13.48
_02993_,13.46
_03009_,13.46
_04373_,13.46
_04719_,13.46
stage8_inst.out6\[11\],13.46
_02458_,13.44
_05692_,13.44
_06376_,13.44
_06386_,13.44
_07612_,13.44
_09130_,13.44
_11692_,13.44
stage8_inst.stage4_lower.stage2_pair1.butterfly_inst.mul_inst.ab_reg\[18\],13.44
_00945_,13.42
_04823_,13.42
_04841_,13.42
_07900_,13.42
_10122_,13.42
_11773_,13.42
net1445,13.42
net539,13.415
_04402_,13.41
_00952_,13.405
_04205_,13.4
_04572_,13.4
_04767_,13.4
_05876_,13.4
stage8_inst.stage4_upper.stage2_pair1.butterfly_inst.mul_inst.multiplier\[5\],13.4
_01583_,13.38
_04581_,13.38
_05621_,13.38
_07040_,13.38
net631,13.38
net1312,13.38
_05063_,13.365
_05300_,13.34
_06631_,13.34
stage8_inst.out7\[20\],13.34
_04302_,13.32
_04947_,13.32
_07606_,13.32
_11103_,13.32
_00905_,13.3
_02885_,13.3
_03254_,13.3
_04863_,13.3
_05101_,13.3
_07399_,13.3
_07811_,13.3
_08990_,13.3
_10727_,13.3
_09957_,13.28
_10737_,13.28
_11123_,13.28
_11159_,13.28
_00967_,13.265
_02584_,13.26
_03514_,13.26
_04705_,13.26
_09953_,13.26
_11696_,13.26
stage8_inst.out2\[23\],13.26
stage8_inst.stage4_upper.stage2_pair0.butterfly_inst.mul_inst.b\[30\],13.26
_05243_,13.245
_00752_,13.24
stage8_inst.stage4_upper.stage2_pair0.butterfly_inst.mul_inst.multiplicand_high\[31\],13.235
_00937_,13.22
_01400_,13.22
_04413_,13.22
stage8_inst.stage4_lower.stage2_pair0.butterfly_inst.mul_inst.b\[21\],13.22
stage8_inst.stage4_lower.stage2_pair1.butterfly_inst.mul_inst.mq_reg\[4\],13.22
stage8_inst.stage4_upper.stage2_pair1.butterfly_inst.mul_inst.b\[18\],13.22
stage8_inst.stage4_upper.stage2_pair1.butterfly_inst.mul_inst.multiplier\[6\],13.22
_07272_,13.215
_05184_,13.21
_00938_,13.2
_08958_,13.2
_11199_,13.2
_03088_,13.18
_03148_,13.18
_04959_,13.18
_06947_,13.18
_09110_,13.18
_11693_,13.18
stage8_inst.stage4_lower.stage2_pair0.butterfly_inst.mul_inst.ab_reg\[2\],13.18
stage8_inst.stage4_upper.stage2_pair1.butterfly_inst.mul_inst.b\[14\],13.18
_06755_,13.16
net656,13.16
_06934_,13.15
_01499_,13.14
_03747_,13.14
_05463_,13.14
_10195_,13.14
_10536_,13.14
_10631_,13.14
_05254_,13.12
_07010_,13.12
_00925_,13.1
_02707_,13.1
_04570_,13.1
_10668_,13.1
_11524_,13.1
stage8_inst.stage4_upper.stage2_pair1.butterfly_inst.mul_inst.multiplier\[4\],13.1
_00172_,13.08
_00921_,13.08
_05324_,13.08
_06197_,13.08
_06264_,13.08
_06423_,13.08
_07268_,13.08
_08931_,13.08
_09475_,13.08
_09655_,13.08
_09934_,13.08
_10570_,13.08
_10768_,13.08
_11060_,13.08
net1023,13.08
net1036,13.08
_04355_,13.075
_02768_,13.06
_04295_,13.06
_05216_,13.06
_06111_,13.06
_10173_,13.06
_00745_,13.04
_01208_,13.04
_01212_,13.04
_03353_,13.04
_04061_,13.04
_04504_,13.04
_05458_,13.04
_06179_,13.04
_06298_,13.04
_07203_,13.04
_08583_,13.04
net1366,13.04
_02790_,13.02
_02876_,13.02
_06759_,13.02
load_data[18],13.01
load_twiddle[24],13.01
_02497_,13
_04854_,13
_06072_,13
_09099_,13
_09229_,13
stage8_inst.out2\[11\],13
_05812_,12.98
_07182_,12.98
_08592_,12.98
_10920_,12.98
_03351_,12.96
_03506_,12.96
_05037_,12.96
_07584_,12.96
_10300_,12.96
_11745_,12.96
stage8_inst.stage4_lower.stage2_pair1.butterfly_inst.mul_inst.b\[21\],12.96
stage8_inst.stage4_upper.stage2_pair1.butterfly_inst.mul_inst.ab_reg\[63\],12.96
net854,12.96
net1464,12.96
_02442_,12.94
_02713_,12.94
_03667_,12.94
_05236_,12.94
_07621_,12.94
stage8_inst.stage4_upper.stage2_pair1.butterfly_inst.mul_inst.ab_reg\[5\],12.94
_02344_,12.93
stage8_inst.out6\[7\],12.92
stage8_inst.stage4_upper.stage2_pair1.butterfly_inst.mul_inst.multiplier\[9\],12.92
net1568,12.92
stage8_inst.stage4_lower.stage2_pair1.butterfly_inst.mul_inst.multiplicand_high\[17\],12.9
_01498_,12.88
_02481_,12.88
_03147_,12.86
_08450_,12.86
_03118_,12.84
_04093_,12.84
_07494_,12.84
_07695_,12.84
net1448,12.84
_07620_,12.82
net483,12.82
net647,12.805
_07118_,12.8
_07167_,12.8
_09660_,12.8
_10161_,12.8
_11481_,12.8
_03816_,12.78
_05736_,12.76
_05807_,12.76
_07436_,12.76
_08993_,12.76
_09478_,12.76
_11635_,12.76
_02453_,12.75
_04467_,12.74
_10110_,12.74
stage8_inst.out4\[17\],12.74
net1232,12.74
_02270_,12.72
_03508_,12.72
_04130_,12.72
_05104_,12.72
_06368_,12.72
_06779_,12.72
_07592_,12.72
_10791_,12.72
net1728,12.72
_01491_,12.705
_04909_,12.7
_05930_,12.7
_08812_,12.7
clknet_leaf_396_clk,12.7
net542,12.7
_00653_,12.68
_06180_,12.68
_09846_,12.68
load_data[8],12.67
_11433_,12.66
stage8_inst.out7\[3\],12.66
stage8_inst.stage4_upper.stage2_pair0.butterfly_inst.mul_inst.b\[20\],12.66
_00916_,12.64
_02627_,12.64
_07458_,12.64
_08006_,12.64
_09482_,12.64
_10928_,12.64
_11438_,12.64
stage8_inst.out0\[13\],12.64
stage8_inst.stage4_upper.stage2_pair1.butterfly_inst.mul_inst.b\[17\],12.64
_11946_,12.635
_03160_,12.63
_01205_,12.62
_02296_,12.62
_02946_,12.62
_03032_,12.62
_07636_,12.62
_08028_,12.62
_08087_,12.62
_08310_,12.62
_10501_,12.62
_11566_,12.62
_11918_,12.62
stage8_inst.out4\[11\],12.62
net1670,12.62
_02185_,12.6
_03533_,12.6
_03824_,12.6
_06008_,12.6
_11788_,12.6
stage8_inst.stage4_lower.stage2_pair0.butterfly_inst.mul_inst.ab_reg\[62\],12.6
stage8_inst.stage4_lower.stage2_pair1.butterfly_inst.mul_inst.b\[20\],12.6
stage8_inst.stage4_lower.stage2_pair1.butterfly_inst.mul_inst.bit_idx\[4\],12.6
stage8_inst.stage4_upper.stage2_pair0.butterfly_inst.mul_inst.mq_reg\[45\],12.6
net681,12.6
_02073_,12.585
_04403_,12.58
_05511_,12.58
_07210_,12.58
stage8_inst.stage4_upper.stage2_pair0.butterfly_inst.mul_inst.multiplier\[14\],12.58
net707,12.58
_05115_,12.56
_07816_,12.56
_08351_,12.56
_11074_,12.56
stage8_inst.out3\[19\],12.56
_00661_,12.54
_01638_,12.54
_05521_,12.54
_06902_,12.54
_08083_,12.54
_09976_,12.54
stage8_inst.stage4_lower.stage2_pair0.butterfly_inst.mul_inst.bit_idx\[3\],12.54
stage8_inst.stage4_lower.stage2_pair1.butterfly_inst.mul_inst.mq_reg\[0\],12.54
_03624_,12.52
_04091_,12.52
_07912_,12.52
_10713_,12.52
stage8_inst.stage4_lower.stage2_pair1.butterfly_inst.mul_inst.ab_reg\[2\],12.52
net925,12.52
net1301,12.52
_01214_,12.5
_03038_,12.5
_04852_,12.5
_04931_,12.5
_05516_,12.5
_05712_,12.5
_06639_,12.5
_06713_,12.5
_06846_,12.5
_07352_,12.5
_09784_,12.5
stage8_inst.stage4_lower.stage2_pair1.butterfly_inst.mul_inst.b\[11\],12.5
net574,12.5
net859,12.5
_02547_,12.49
_01124_,12.485
_05814_,12.48
_08166_,12.48
_09285_,12.48
_08005_,12.465
_03081_,12.46
_04274_,12.46
_09471_,12.46
stage8_inst.stage4_upper.stage2_pair1.butterfly_inst.mul_inst.mq_reg\[2\],12.46
net966,12.46
_09632_,12.45
stage8_inst.stage4_lower.stage2_pair1.butterfly_inst.mul_inst.b\[7\],12.45
_00511_,12.445
_06247_,12.44
_06618_,12.44
_09315_,12.44
_10035_,12.44
_11341_,12.44
_02299_,12.42
_08110_,12.42
_09346_,12.42
_10428_,12.42
stage8_inst.out1\[18\],12.42
_00953_,12.41
_04115_,12.405
_02486_,12.4
_08999_,12.4
_10717_,12.4
net838,12.4
_02111_,12.38
_02578_,12.38
_04630_,12.38
_09326_,12.38
_11937_,12.38
stage8_inst.out3\[25\],12.38
stage8_inst.stage4_lower.stage2_pair0.butterfly_inst.mul_inst.mq_reg\[5\],12.38
_11286_,12.36
_08124_,12.34
_10130_,12.34
_11794_,12.34
_09395_,12.32
_08974_,12.305
_00757_,12.3
_00796_,12.3
_01639_,12.3
_03719_,12.3
_04564_,12.3
_07749_,12.3
_10276_,12.3
_11941_,12.3
stage8_inst.out6\[15\],12.3
stage8_inst.out7\[30\],12.3
stage8_inst.stage4_upper.stage2_pair1.butterfly_inst.mul_inst.acc_high\[28\],12.3
stage8_inst.stage4_upper.stage2_pair1.butterfly_inst.mul_inst.phase\[3\],12.3
net962,12.3
_07996_,12.295
load_data[20],12.29
_00119_,12.28
_00733_,12.28
_01527_,12.28
_01645_,12.28
_07187_,12.28
_08675_,12.28
_09968_,12.28
_10040_,12.28
_10544_,12.28
_11768_,12.28
net573,12.28
net1251,12.28
net1485,12.28
_02430_,12.26
_02685_,12.26
_08171_,12.26
_09608_,12.26
_04606_,12.24
_05461_,12.24
_05560_,12.24
_09399_,12.24
_10054_,12.24
net915,12.24
_03735_,12.22
_05466_,12.22
_05684_,12.22
_08189_,12.22
_10699_,12.22
_10707_,12.22
_04028_,12.2
_05598_,12.2
_07790_,12.2
_01865_,12.18
_02716_,12.18
_03266_,12.18
_05123_,12.18
_05868_,12.18
_09662_,12.18
_10180_,12.18
_10712_,12.18
net1226,12.18
_12009_,12.17
_00802_,12.16
_01245_,12.16
_01648_,12.16
_05350_,12.16
_08073_,12.16
stage8_inst.stage4_lower.stage2_pair1.butterfly_inst.mul_inst.ab_reg\[0\],12.16
net1245,12.16
_01229_,12.14
_02466_,12.14
_00497_,12.125
_01418_,12.12
_05111_,12.12
_05229_,12.12
_10490_,12.12
stage8_inst.stage4_upper.stage2_pair1.butterfly_inst.mul_inst.b\[27\],12.12
_06245_,12.11
_05939_,12.1
_05987_,12.1
_06514_,12.1
_11375_,12.1
_03952_,12.08
_06546_,12.08
_07049_,12.08
_07281_,12.08
_10418_,12.08
stage8_inst.out5\[7\],12.08
_05679_,12.06
_06581_,12.06
_09989_,12.06
_11303_,12.06
net636,12.06
net1168,12.06
net1487,12.06
_03036_,12.04
_04920_,12.04
_06163_,12.04
_07970_,12.04
_08491_,12.04
_09712_,12.04
_10765_,12.04
_11811_,12.04
net1107,12.04
_00795_,12.025
_02595_,12.02
_09708_,12.02
_11518_,12.02
stage8_inst.stage4_upper.stage2_pair1.butterfly_inst.mul_inst.ab_reg\[22\],12.02
_02266_,12
_04730_,12
_04833_,12
_09974_,12
_11309_,12
stage8_inst.out3\[18\],12
stage8_inst.stage4_lower.stage2_pair0.butterfly_inst.mul_inst.multiplier\[27\],12
stage8_inst.stage4_lower.stage2_pair1.butterfly_inst.mul_inst.multiplier\[19\],12
_09728_,11.99
_10050_,11.99
net744,11.985
_01077_,11.965
_04098_,11.96
_08130_,11.96
_09736_,11.96
_11807_,11.96
_11899_,11.96
stage8_inst.stage4_lower.stage2_pair1.butterfly_inst.mul_inst.mq_reg\[3\],11.96
_09763_,11.94
_10670_,11.94
net1263,11.94
_01619_,11.92
_02064_,11.92
_09281_,11.92
_09692_,11.92
_11288_,11.92
net940,11.92
stage8_inst.out2\[10\],11.9
stage8_inst.out7\[14\],11.9
stage8_inst.stage4_upper.stage2_pair0.butterfly_inst.mul_inst.mq_reg\[16\],11.9
net1364,11.9
_04566_,11.88
_05205_,11.88
_06708_,11.88
_06799_,11.88
_09203_,11.88
stage8_inst.stage4_lower.stage2_pair0.butterfly_inst.mul_inst.acc_high\[30\],11.88
_05002_,11.84
_05611_,11.84
_06192_,11.84
_06206_,11.84
_07643_,11.84
_10169_,11.84
stage8_inst.out6\[17\],11.84
net518,11.84
_00746_,11.82
_00798_,11.82
_04409_,11.82
_04711_,11.82
_06509_,11.82
_10488_,11.82
stage8_inst.out0\[19\],11.82
net594,11.82
net946,11.82
net1009,11.82
net1137,11.82
net1148,11.82
net1174,11.82
net1185,11.82
net1688,11.82
load_twiddle[9],11.81
_03258_,11.8
_04187_,11.8
_08079_,11.8
_09741_,11.8
_10229_,11.8
_11094_,11.8
stage8_inst.stage4_lower.stage2_pair0.butterfly_inst.mul_inst.multiplier\[24\],11.8
_04840_,11.78
_05146_,11.78
_06823_,11.78
_10729_,11.78
_11892_,11.78
stage8_inst.out3\[15\],11.78
net1005,11.78
net1337,11.78
_06732_,11.77
_04672_,11.76
net810,11.76
_02380_,11.74
_05181_,11.74
_06041_,11.74
_10286_,11.74
_11310_,11.74
_11977_,11.74
stage8_inst.out0\[10\],11.74
_11064_,11.73
_00756_,11.72
_02075_,11.72
_03769_,11.72
_04174_,11.72
_04855_,11.72
_05753_,11.72
_07004_,11.72
_07350_,11.72
_09255_,11.72
_11141_,11.72
stage8_inst.stage4_upper.stage2_pair0.butterfly_inst.mul_inst.acc_high\[30\],11.72
_00660_,11.7
_02487_,11.7
_08298_,11.7
_09112_,11.7
_12006_,11.7
_12020_,11.7
_12055_,11.7
stage8_inst.out7\[18\],11.7
stage8_inst.stage4_upper.stage2_pair1.butterfly_inst.mul_inst.mq_reg\[44\],11.7
net819,11.7
net1207,11.7
_06500_,11.695
_07275_,11.695
_04147_,11.68
_10687_,11.68
_10761_,11.68
stage8_inst.stage4_lower.stage2_pair1.butterfly_inst.mul_inst.mq_reg\[46\],11.68
net156,11.68
_01515_,11.665
_00618_,11.66
_03722_,11.66
_03742_,11.66
_07364_,11.66
_07518_,11.66
_09550_,11.66
_10661_,11.66
_11631_,11.66
_11993_,11.66
net1497,11.66
_03839_,11.64
_04010_,11.64
_11029_,11.64
_03806_,11.62
_05575_,11.62
_05686_,11.62
_08060_,11.62
_08765_,11.62
_09118_,11.62
_09439_,11.62
stage8_inst.stage4_lower.stage2_pair1.butterfly_inst.mul_inst.ab_reg\[24\],11.62
stage8_inst.stage4_upper.stage2_pair1.butterfly_inst.mul_inst.ab_reg\[4\],11.62
stage8_inst.stage4_lower.stage2_pair0.butterfly_inst.mul_inst.t_reg\[3\],11.61
_01534_,11.6
_01948_,11.6
_04740_,11.6
_05380_,11.6
_05596_,11.6
_07835_,11.6
net1006,11.6
_00651_,11.58
_01195_,11.58
_01231_,11.58
_02089_,11.58
_02095_,11.58
_02986_,11.58
_04858_,11.58
_06403_,11.58
_07041_,11.58
_09348_,11.58
_09569_,11.58
_10839_,11.58
stage8_inst.stage4_upper.stage2_pair0.butterfly_inst.mul_inst.multiplier\[28\],11.58
stage8_inst.stage4_upper.stage2_pair1.butterfly_inst.mul_inst.multiplier\[21\],11.58
net1222,11.58
_03821_,11.56
_03971_,11.56
_07341_,11.56
_07689_,11.56
_03308_,11.54
_06845_,11.54
_07126_,11.54
_11168_,11.54
stage8_inst.stage4_lower.stage2_pair0.butterfly_inst.mul_inst.multiplier\[28\],11.54
_09042_,11.535
_01178_,11.525
_09480_,11.52
_09658_,11.52
_03195_,11.5
_05629_,11.5
_06461_,11.5
_09240_,11.5
_10644_,11.5
_11100_,11.5
_11387_,11.495
_01563_,11.48
_01646_,11.48
_04332_,11.48
_08464_,11.48
_11104_,11.48
load_data[0],11.48
net817,11.48
net1443,11.48
net1468,11.48
net944,11.47
_02321_,11.46
_03329_,11.46
_03886_,11.46
_06243_,11.46
_07239_,11.46
_08704_,11.46
_11467_,11.46
stage8_inst.out7\[17\],11.46
stage8_inst.stage4_lower.stage2_pair1.butterfly_inst.mul_inst.b\[15\],11.46
_02206_,11.445
_00915_,11.44
_06210_,11.44
_10045_,11.44
stage8_inst.stage4_lower.stage2_pair1.butterfly_inst.mul_inst.mq_reg\[44\],11.44
stage8_inst.stage4_upper.stage2_pair1.butterfly_inst.mul_inst.ab_reg\[60\],11.44
_11169_,11.43
_04082_,11.42
_05952_,11.42
_06867_,11.42
stage8_inst.stage4_upper.stage2_pair0.butterfly_inst.mul_inst.multiplier\[2\],11.42
stage8_inst.stage4_upper.stage2_pair1.butterfly_inst.mul_inst.b\[22\],11.42
stage8_inst.stage4_upper.stage2_pair1.butterfly_inst.mul_inst.mq_reg\[3\],11.42
net537,11.42
_03155_,11.415
_00773_,11.4
_04861_,11.4
_09293_,11.4
_10664_,11.4
_04468_,11.39
_00642_,11.38
_01490_,11.38
_05110_,11.38
_06058_,11.38
_06819_,11.38
_09064_,11.38
_09123_,11.38
_09914_,11.38
_10740_,11.38
net506,11.38
net527,11.38
net729,11.38
net785,11.38
net821,11.38
_01630_,11.36
_03052_,11.36
_05933_,11.36
_06390_,11.36
_09566_,11.36
_10342_,11.36
_10599_,11.36
net986,11.36
net1039,11.36
net1122,11.36
net1392,11.36
net1604,11.36
_01554_,11.34
_03071_,11.34
_03731_,11.34
_06254_,11.34
_07832_,11.34
_10813_,11.34
net1259,11.34
net1292,11.34
_01376_,11.32
_02871_,11.32
_07080_,11.32
_07466_,11.32
_11086_,11.32
net1350,11.32
_10651_,11.31
_00356_,11.3
_02326_,11.3
_02502_,11.3
stage8_inst.stage4_upper.stage2_pair0.butterfly_inst.mul_inst.mq_reg\[24\],11.3
stage8_inst.stage4_upper.stage2_pair1.butterfly_inst.mul_inst.mq_reg\[0\],11.3
_01567_,11.285
_02888_,11.28
_04441_,11.28
_06088_,11.28
_07894_,11.28
_10823_,11.28
_10261_,11.27
_11051_,11.27
_03106_,11.26
_04126_,11.26
_05698_,11.26
_06253_,11.26
_06408_,11.26
_06899_,11.26
_07610_,11.26
_08174_,11.26
_10304_,11.26
read_data[22],11.26
read_data[25],11.26
stage8_inst.stage4_lower.stage2_pair1.butterfly_inst.mul_inst.multiplier\[29\],11.26
_00051_,11.24
_00954_,11.24
_00960_,11.24
_00978_,11.24
_02091_,11.24
_03399_,11.24
_06216_,11.24
_07895_,11.24
_08158_,11.24
_09873_,11.24
_10059_,11.24
_11539_,11.24
_11751_,11.24
read_data[12],11.24
stage8_inst.out1\[23\],11.24
stage8_inst.stage4_upper.stage2_pair0.butterfly_inst.mul_inst.multiplier\[3\],11.24
net582,11.24
net686,11.24
net874,11.24
net967,11.24
net1049,11.24
net1063,11.24
net1459,11.24
net1721,11.24
net1743,11.24
_04550_,11.22
_05564_,11.22
_03984_,11.2
_08311_,11.2
_10277_,11.2
stage8_inst.out6\[0\],11.2
net774,11.2
_10603_,11.18
stage8_inst.stage4_upper.stage2_pair0.butterfly_inst.mul_inst.b\[2\],11.18
net663,11.18
_03750_,11.16
_06300_,11.16
_06315_,11.16
_07052_,11.16
_08963_,11.16
_11096_,11.16
_11101_,11.16
_10016_,11.14
_10541_,11.14
net970,11.14
net1134,11.14
net1461,11.14
_00767_,11.12
_02544_,11.12
_03168_,11.12
_05084_,11.12
_06453_,11.12
_09097_,11.12
_09625_,11.12
_11534_,11.12
net479,11.12
net519,11.12
net530,11.12
net1355,11.12
_02491_,11.1
_03905_,11.1
_06358_,11.1
net466,11.1
_07388_,11.08
stage8_inst.out4\[23\],11.08
_01555_,11.065
_04156_,11.06
_04735_,11.06
_08235_,11.06
_10403_,11.06
_02409_,11.04
_03137_,11.04
_06359_,11.04
_06903_,11.04
_09801_,11.04
_10779_,11.04
stage8_inst.out1\[10\],11.04
_00739_,11.02
_00980_,11.02
_03869_,11.02
_05134_,11.02
_06353_,11.02
load_data[14],11.02
load_data[22],11.02
load_data[2],11.02
load_data_en,11.02
load_twiddle[15],11.02
load_twiddle[23],11.02
load_twiddle[26],11.02
load_twiddle[3],11.02
load_twiddle_addr[1],11.02
_02285_,11
_06190_,11
_08358_,11
_09707_,11
_11291_,11
stage8_inst.stage4_lower.stage2_pair1.butterfly_inst.mul_inst.multiplier\[23\],11
stage8_inst.stage4_upper.stage2_pair0.butterfly_inst.mul_inst.b\[29\],11
stage8_inst.stage4_upper.stage2_pair1.butterfly_inst.mul_inst.multiplier\[20\],11
net1662,11
_01972_,10.98
_12014_,10.97
_02571_,10.96
_02625_,10.96
_02718_,10.96
_05940_,10.96
_07472_,10.96
_10774_,10.96
stage8_inst.stage4_lower.stage2_pair0.butterfly_inst.mul_inst.mq_reg\[4\],10.96
_03745_,10.94
_07175_,10.94
_01535_,10.92
_02176_,10.92
_02614_,10.92
_03270_,10.92
_09159_,10.92
_11324_,10.92
stage8_inst.out1\[9\],10.92
net692,10.92
net867,10.92
_00666_,10.9
_00955_,10.9
_01216_,10.9
_01541_,10.9
_02103_,10.9
_02686_,10.9
_02783_,10.9
_05470_,10.9
stage8_inst.stage4_lower.stage2_pair1.butterfly_inst.mul_inst.multiplier\[6\],10.9
net536,10.9
net993,10.9
net1103,10.9
net1215,10.9
net1654,10.9
net1268,10.895
_02459_,10.88
_06758_,10.88
_07339_,10.88
_10361_,10.88
stage8_inst.out3\[28\],10.88
stage8_inst.stage4_lower.stage2_pair1.butterfly_inst.mul_inst.mq_reg\[45\],10.87
_02642_,10.86
net1359,10.86
_03167_,10.855
_11547_,10.84
_01090_,10.82
_01957_,10.82
_06624_,10.82
_07072_,10.82
_11287_,10.82
_03122_,10.8
_04014_,10.8
_05563_,10.8
_07016_,10.8
_10394_,10.8
load_data[9],10.79
_00008_,10.78
_00969_,10.78
_02877_,10.78
_02891_,10.78
_02998_,10.78
_03029_,10.78
_04411_,10.78
_05078_,10.78
_06323_,10.78
_06862_,10.78
_08042_,10.78
_09437_,10.78
_11052_,10.78
_11174_,10.78
_12015_,10.78
stage8_inst.out3\[22\],10.78
net670,10.78
_03559_,10.76
_04287_,10.76
_05070_,10.76
_05145_,10.76
_09517_,10.76
_10301_,10.76
_11065_,10.76
net1272,10.76
_01624_,10.745
_03098_,10.74
_04108_,10.74
_04588_,10.74
_05207_,10.74
_06460_,10.74
_07226_,10.74
_07627_,10.74
_10859_,10.74
net1735,10.74
_09246_,10.72
_10282_,10.72
net1557,10.72
_10199_,10.71
_02236_,10.7
_03427_,10.7
_04079_,10.7
_07046_,10.7
_09397_,10.7
_09647_,10.7
_10454_,10.7
_11424_,10.7
_05285_,10.685
_00958_,10.68
_08452_,10.68
net766,10.68
net1419,10.68
net1427,10.68
_01626_,10.66
_01647_,10.66
_04745_,10.66
_05979_,10.66
_09438_,10.66
_09495_,10.66
_09771_,10.66
_10586_,10.66
_11336_,10.66
stage8_inst.out3\[8\],10.66
net1018,10.66
_03617_,10.64
net1488,10.64
net1563,10.64
_02420_,10.62
_04744_,10.62
_08941_,10.62
_09199_,10.62
_11087_,10.62
_12051_,10.62
stage8_inst.out1\[30\],10.62
_04212_,10.61
_08965_,10.605
_07125_,10.6
_01600_,10.58
_02084_,10.58
_05853_,10.58
_06117_,10.58
_06287_,10.58
_07256_,10.58
_09236_,10.58
_10665_,10.58
_11120_,10.58
stage8_inst.out5\[30\],10.58
net1609,10.58
_00762_,10.56
_00982_,10.56
_04008_,10.56
net721,10.56
net984,10.56
net1171,10.56
net1479,10.56
net1490,10.56
net1560,10.56
_02096_,10.54
_02983_,10.54
_04364_,10.54
_10702_,10.54
stage8_inst.out0\[5\],10.54
net672,10.54
net1193,10.54
_05141_,10.535
_05498_,10.53
_00621_,10.52
_00906_,10.52
_01185_,10.52
_06851_,10.52
_09460_,10.52
net862,10.52
_04674_,10.51
_06837_,10.51
_02699_,10.5
_04599_,10.5
_05768_,10.5
_08752_,10.5
stage8_inst.stage4_lower.stage2_pair0.butterfly_inst.mul_inst.mq_reg\[60\],10.5
net607,10.5
_02043_,10.48
_04282_,10.48
_06335_,10.48
_10876_,10.47
_00493_,10.46
_01637_,10.46
_02493_,10.46
_04246_,10.46
_04266_,10.46
_05609_,10.46
_06153_,10.46
_06221_,10.46
_07077_,10.46
stage8_inst.stage4_lower.stage2_pair0.butterfly_inst.mul_inst.multiplier\[21\],10.46
_00020_,10.44
_00949_,10.44
_01066_,10.44
_01675_,10.44
_02059_,10.44
_02101_,10.44
_02516_,10.44
_05555_,10.44
_05668_,10.44
_07283_,10.44
_09565_,10.44
_09783_,10.44
stage8_inst.out4\[13\],10.44
net651,10.44
net683,10.44
net704,10.44
net713,10.44
net913,10.44
net1068,10.44
net1090,10.44
net1248,10.44
net1494,10.44
net1653,10.44
net1690,10.44
_01162_,10.42
_06108_,10.42
_09364_,10.42
stage8_inst.out3\[0\],10.42
net788,10.42
net1211,10.42
net1471,10.42
_00628_,10.4
_03039_,10.4
_03910_,10.4
_06585_,10.4
_06607_,10.4
_08140_,10.4
_09030_,10.4
stage8_inst.out6\[14\],10.4
stage8_inst.stage4_lower.stage2_pair0.butterfly_inst.mul_inst.ab_reg\[3\],10.4
_04454_,10.38
_11592_,10.38
stage8_inst.stage4_lower.stage2_pair1.butterfly_inst.mul_inst.multiplier\[12\],10.38
net490,10.38
_03042_,10.36
_03362_,10.36
_04494_,10.36
_06066_,10.36
_07442_,10.36
_08295_,10.36
_10332_,10.36
_10435_,10.36
_10960_,10.36
net1022,10.36
_02572_,10.34
_03373_,10.34
_05021_,10.34
_09423_,10.34
stage8_inst.stage4_lower.stage2_pair1.butterfly_inst.mul_inst.mq_reg\[62\],10.34
net642,10.34
_00028_,10.32
_00911_,10.32
_01121_,10.32
_02109_,10.32
_02245_,10.32
_03301_,10.32
_03563_,10.32
_03966_,10.32
_05524_,10.32
_05579_,10.32
_06738_,10.32
_06908_,10.32
_09580_,10.32
_09748_,10.32
_09785_,10.32
_09816_,10.32
_10660_,10.32
_11158_,10.32
_11216_,10.32
_11284_,10.32
_11347_,10.32
stage8_inst.stage4_lower.stage2_pair1.butterfly_inst.mul_inst.ab_reg\[26\],10.32
stage8_inst.stage4_lower.stage2_pair1.butterfly_inst.mul_inst.multiplier\[17\],10.32
stage8_inst.stage4_upper.stage2_pair1.butterfly_inst.mul_inst.ab_reg\[12\],10.32
net1203,10.32
net1389,10.32
_05849_,10.3
_06583_,10.3
_07632_,10.3
_09126_,10.3
_10249_,10.3
stage8_inst.stage4_lower.stage2_pair1.butterfly_inst.mul_inst.acc_high\[9\],10.3
net489,10.3
_01172_,10.285
net998,10.285
_04131_,10.28
_04442_,10.28
_04772_,10.28
_06181_,10.28
_06938_,10.28
_08326_,10.28
_10390_,10.28
_10549_,10.28
_10838_,10.28
net1383,10.28
_08367_,10.26
_10178_,10.26
_10475_,10.26
net557,10.26
_05080_,10.25
_02076_,10.24
_04435_,10.24
_04474_,10.24
_04842_,10.24
_05153_,10.24
_07358_,10.24
_11440_,10.24
_09831_,10.23
_01201_,10.22
_01644_,10.22
_05716_,10.22
_12033_,10.22
net535,10.22
net1537,10.22
net1617,10.22
net1712,10.22
_02260_,10.2
_08172_,10.2
_09797_,10.2
_10736_,10.2
_11274_,10.2
_11680_,10.2
stage8_inst.out4\[18\],10.2
stage8_inst.out5\[1\],10.2
net1535,10.2
_05079_,10.18
_07429_,10.18
_07924_,10.18
_09788_,10.18
net1335,10.18
net1393,10.18
_10492_,10.16
_10933_,10.16
stage8_inst.out3\[1\],10.16
net617,10.16
net1279,10.16
net633,10.145
net958,10.145
_07316_,10.14
_09621_,10.14
_10867_,10.14
net644,10.14
_01158_,10.12
_02077_,10.12
_04257_,10.12
_11859_,10.12
stage8_inst.stage4_lower.stage2_pair0.butterfly_inst.mul_inst.multiplier\[15\],10.12
net846,10.12
net922,10.12
net1545,10.12
_10159_,10.11
load_twiddle[1],10.11
_00944_,10.1
_07317_,10.1
_08033_,10.1
_11247_,10.1
net671,10.1
net1123,10.1
net1347,10.1
net1457,10.1
net1489,10.1
_03244_,10.08
_05094_,10.08
_05171_,10.08
_06620_,10.08
_07007_,10.08
_09208_,10.08
_09549_,10.08
_09674_,10.08
_11070_,10.08
_09839_,10.06
_10355_,10.06
net601,10.055
_04666_,10.04
_04752_,10.04
_08886_,10.04
_09054_,10.04
stage8_inst.stage4_upper.stage2_pair0.butterfly_inst.mul_inst.multiplier\[30\],10.04
net525,10.025
_00743_,10.02
_07368_,10.02
_00793_,10
_00797_,10
_00936_,10
_01378_,10
_05667_,10
_05727_,10
_11154_,10
_11398_,10
_11406_,10
_11719_,10
_00496_,9.98
_00963_,9.98
_01137_,9.98
_01187_,9.98
_01192_,9.98
_03092_,9.98
_03730_,9.98
_03876_,9.98
_05149_,9.98
_08616_,9.98
_09139_,9.98
_09909_,9.98
_10593_,9.98
read_data[8],9.98
stage8_inst.out0\[25\],9.98
net664,9.98
net708,9.98
net718,9.98
net738,9.98
net1303,9.98
net1372,9.98
net1397,9.98
net1449,9.98
net1579,9.98
net1587,9.98
net1665,9.98
net1691,9.98
net1749,9.98
_02564_,9.96
_03440_,9.96
_05610_,9.96
_06771_,9.96
_10730_,9.96
_10777_,9.96
_10814_,9.96
net626,9.96
net883,9.96
net472,9.95
_00601_,9.94
_01088_,9.94
_02427_,9.94
_02988_,9.94
_05312_,9.94
_05478_,9.94
_05934_,9.94
_08813_,9.94
_08924_,9.94
_09071_,9.94
stage8_inst.out7\[15\],9.94
net792,9.94
net1119,9.94
net1145,9.94
net1402,9.94
_03238_,9.93
_03121_,9.92
_10212_,9.92
stage8_inst.stage4_upper.stage2_pair1.butterfly_inst.mul_inst.multiplier\[28\],9.92
net496,9.92
_03578_,9.9
_04159_,9.9
_05892_,9.9
_06621_,9.9
_06764_,9.9
_06976_,9.9
_08123_,9.9
_08633_,9.9
_09245_,9.9
_11334_,9.9
_11758_,9.9
stage8_inst.out5\[5\],9.9
stage8_inst.stage4_lower.stage2_pair1.butterfly_inst.mul_inst.multiplier\[3\],9.9
_03046_,9.88
_03199_,9.88
_03668_,9.88
_04278_,9.88
_04343_,9.88
_10294_,9.88
_11078_,9.88
net1415,9.88
_00740_,9.86
_01047_,9.86
_01119_,9.86
_01532_,9.86
_02376_,9.86
_03179_,9.86
_04357_,9.86
_05056_,9.86
_05329_,9.86
_05509_,9.86
_05614_,9.86
_06416_,9.86
_08320_,9.86
_09930_,9.86
stage8_inst.out0\[20\],9.86
net620,9.86
net845,9.86
net849,9.86
net872,9.86
net882,9.86
net910,9.86
net1163,9.86
_02127_,9.84
_03114_,9.84
_11173_,9.84
_00805_,9.825
_03568_,9.82
_04835_,9.82
_05081_,9.82
net1296,9.82
net1322,9.82
_00454_,9.8
_09491_,9.8
_10700_,9.8
_02855_,9.78
_03225_,9.78
_04836_,9.78
_05603_,9.78
_10133_,9.78
_11459_,9.78
_11802_,9.78
stage8_inst.stage4_lower.stage2_pair0.butterfly_inst.mul_inst.b\[2\],9.78
stage8_inst.stage4_lower.stage2_pair1.butterfly_inst.mul_inst.b\[13\],9.78
_05038_,9.77
load_data[5],9.77
_02391_,9.76
_02473_,9.76
_05988_,9.76
_06363_,9.76
_08764_,9.76
_09103_,9.76
_09546_,9.76
stage8_inst.stage4_upper.stage2_pair0.butterfly_inst.mul_inst.b\[17\],9.76
net1208,9.76
net1273,9.76
net1325,9.76
_01546_,9.745
_01200_,9.74
_03243_,9.74
_04843_,9.74
_05232_,9.74
stage8_inst.out1\[3\],9.74
stage8_inst.out7\[13\],9.74
net1411,9.74
_08653_,9.72
_09454_,9.72
_09519_,9.72
_07257_,9.715
_07415_,9.71
_02348_,9.7
_03143_,9.7
_06538_,9.7
_12031_,9.7
_09997_,9.695
_03196_,9.68
stage8_inst.stage4_lower.stage2_pair1.butterfly_inst.mul_inst.multiplier\[7\],9.68
net495,9.68
_00775_,9.66
_01622_,9.66
_11167_,9.66
net706,9.66
net709,9.66
net840,9.66
_01092_,9.64
_01581_,9.64
_03386_,9.64
_09949_,9.64
net629,9.64
net669,9.64
net737,9.64
net936,9.64
net1363,9.64
net658,9.625
_05308_,9.62
_09554_,9.62
stage8_inst.stage4_upper.stage2_pair0.butterfly_inst.mul_inst.acc_high\[7\],9.62
read_data[27],9.61
_00668_,9.6
_02061_,9.6
_07217_,9.6
_08057_,9.6
net482,9.6
net591,9.6
net1694,9.6
_05155_,9.585
_09965_,9.58
stage8_inst.stage4_upper.stage2_pair0.butterfly_inst.mul_inst.b\[26\],9.58
stage8_inst.stage4_upper.stage2_pair1.butterfly_inst.mul_inst.multiplier\[14\],9.58
net687,9.56
_00789_,9.54
_00792_,9.54
_01625_,9.54
_01629_,9.54
_01634_,9.54
_01635_,9.54
_02880_,9.54
_03569_,9.54
_04157_,9.54
_04944_,9.54
_05963_,9.54
_06084_,9.54
_06226_,9.54
_06420_,9.54
_10358_,9.54
_11076_,9.54
_11306_,9.54
net1097,9.54
net1117,9.54
_00045_,9.52
_00655_,9.52
_02066_,9.52
_02351_,9.52
_03406_,9.52
_05208_,9.52
_05530_,9.52
_07330_,9.52
_07823_,9.52
_08740_,9.52
_09024_,9.52
_09852_,9.52
_11117_,9.52
_11342_,9.52
stage8_inst.stage4_lower.stage2_pair0.butterfly_inst.mul_inst.t_reg\[31\],9.52
stage8_inst.stage4_lower.stage2_pair1.butterfly_inst.mul_inst.multiplicand_high\[31\],9.52
net635,9.52
net711,9.52
net727,9.52
net1076,9.52
net1093,9.52
net1184,9.52
_00035_,9.5
_09409_,9.5
_10166_,9.5
_11832_,9.5
stage8_inst.stage4_upper.stage2_pair1.butterfly_inst.mul_inst.multiplier\[2\],9.5
net1247,9.5
net1752,9.5
stage8_inst.stage4_upper.stage2_pair1.butterfly_inst.mul_inst.acc_high\[31\],9.495
_02647_,9.49
_03055_,9.48
_03192_,9.48
_04046_,9.48
_04923_,9.48
_06557_,9.48
_09915_,9.48
_10446_,9.48
_10722_,9.48
_02987_,9.44
_07067_,9.44
_08980_,9.44
_11678_,9.44
_12013_,9.44
load_twiddle[14],9.43
_01114_,9.42
_03432_,9.42
_06318_,9.42
_06636_,9.42
_10648_,9.42
_10789_,9.42
_10808_,9.42
stage8_inst.stage4_lower.stage2_pair1.butterfly_inst.mul_inst.multiplier\[25\],9.42
net1175,9.42
_01533_,9.4
_02765_,9.4
_03968_,9.4
_08116_,9.4
_10442_,9.4
stage8_inst.stage4_upper.stage2_pair0.butterfly_inst.mul_inst.ab_reg\[5\],9.4
net499,9.4
net554,9.4
net570,9.4
net735,9.4
net955,9.4
net1280,9.4
net1407,9.4
net1424,9.4
net1643,9.4
net1683,9.4
_04412_,9.38
_04919_,9.38
_10111_,9.38
_10239_,9.38
net1265,9.38
_00499_,9.365
_01543_,9.365
_01627_,9.365
_02603_,9.36
_03041_,9.36
_03607_,9.36
_03893_,9.36
_04087_,9.36
_04318_,9.36
_04432_,9.36
_04921_,9.36
_07779_,9.36
_09048_,9.36
_09403_,9.36
_09891_,9.36
_10426_,9.36
_10447_,9.36
_11084_,9.36
net947,9.36
net1182,9.36
net1186,9.36
net1291,9.36
net1458,9.36
net1618,9.36
_02679_,9.35
_06780_,9.34
_06893_,9.34
_11484_,9.34
stage8_inst.out1\[25\],9.34
_01531_,9.325
_04824_,9.32
_05935_,9.32
_05992_,9.32
_06235_,9.32
_06800_,9.32
_08250_,9.32
_09798_,9.32
_10067_,9.32
stage8_inst.out0\[30\],9.32
_03307_,9.3
_07618_,9.3
_07930_,9.3
_08096_,9.3
net1132,9.3
net1523,9.3
net1588,9.3
net1622,9.3
net1650,9.3
net1716,9.3
net543,9.285
_02494_,9.28
_03576_,9.28
_11356_,9.28
stage8_inst.out3\[10\],9.28
stage8_inst.out3\[13\],9.28
net503,9.28
net1686,9.28
_05140_,9.275
_02396_,9.26
_03263_,9.26
_04789_,9.26
_06436_,9.26
_06564_,9.26
_09845_,9.26
_09980_,9.26
_02183_,9.24
_05096_,9.24
_05260_,9.24
_09084_,9.24
_11512_,9.24
_02074_,9.22
_02414_,9.22
_06567_,9.22
_08228_,9.22
_11956_,9.22
_00718_,9.2
_00749_,9.2
_01204_,9.2
_01576_,9.2
_06118_,9.2
_06533_,9.2
_06543_,9.2
_07097_,9.2
_08039_,9.2
_09983_,9.2
_10214_,9.2
stage8_inst.out2\[13\],9.2
net751,9.2
net1089,9.2
net1329,9.2
net1526,9.2
net1649,9.2
_00041_,9.18
_00512_,9.18
_01615_,9.18
_04605_,9.18
_05264_,9.18
_05746_,9.18
_07206_,9.18
_08877_,9.18
load_data[21],9.18
load_data[27],9.18
load_data[31],9.18
load_twiddle[16],9.18
read_addr[1],9.18
net724,9.18
net968,9.18
net1098,9.18
_02724_,9.175
_03214_,9.16
_04430_,9.16
_05626_,9.16
_06717_,9.16
_07394_,9.16
_08095_,9.16
_10168_,9.16
net912,9.16
net1465,9.16
_00029_,9.14
_01132_,9.14
_01596_,9.14
_01620_,9.14
_09043_,9.14
net1659,9.14
_01123_,9.12
_02619_,9.12
_06087_,9.12
stage8_inst.out2\[12\],9.12
stage8_inst.out4\[10\],9.12
stage8_inst.out4\[12\],9.12
net1072,9.12
_09547_,9.1
_05685_,9.09
stage8_inst.stage4_upper.stage2_pair0.butterfly_inst.mul_inst.acc_high\[17\],9.085
_00657_,9.08
_00940_,9.08
_00942_,9.08
_07259_,9.08
_08142_,9.08
_08568_,9.08
_08773_,9.08
_11766_,9.08
stage8_inst.stage4_lower.stage2_pair0.butterfly_inst.mul_inst.multiplier\[13\],9.08
net517,9.08
net1025,9.08
net1094,9.08
_01157_,9.06
_01978_,9.06
_05398_,9.06
_06633_,9.06
_07922_,9.06
_09840_,9.06
_10047_,9.06
_11105_,9.06
net488,9.06
net493,9.06
net625,9.06
net763,9.06
net828,9.06
net949,9.06
net1092,9.06
net1135,9.06
net1295,9.06
net1400,9.06
net1554,9.06
net1692,9.06
net1699,9.06
_03914_,9.055
_02984_,9.04
_08502_,9.04
_10515_,9.04
_10831_,9.04
_11728_,9.04
net484,9.04
net510,9.04
_02008_,9.02
_02520_,9.02
_05443_,9.02
_05726_,9.02
_06341_,9.02
_06725_,9.02
_07289_,9.02
_07453_,9.02
_07919_,9.02
_09753_,9.02
net584,9.02
net808,9.02
net839,9.02
net937,9.02
net1156,9.02
net1656,9.02
net1689,9.02
net1750,9.02
_05700_,9
_00665_,8.98
_00748_,8.98
_01224_,8.98
_02645_,8.98
_02955_,8.98
_03411_,8.98
_06826_,8.98
_09005_,8.98
_10152_,8.98
stage8_inst.stage4_upper.stage2_pair1.butterfly_inst.mul_inst.multiplier\[10\],8.98
net1314,8.98
_03339_,8.975
_03153_,8.97
_01497_,8.96
_02637_,8.96
_02948_,8.96
_03267_,8.96
_03852_,8.96
_05118_,8.96
_05255_,8.96
_05713_,8.96
_07875_,8.96
_11589_,8.96
read_data[10],8.96
read_data[16],8.96
read_data[17],8.96
read_data[19],8.96
read_data[23],8.96
read_data[30],8.96
read_data[3],8.96
read_data[5],8.96
read_data[7],8.96
net983,8.96
_00004_,8.94
_01492_,8.94
_02406_,8.94
_04475_,8.94
_04738_,8.94
_05074_,8.94
_05658_,8.94
_06974_,8.94
_07746_,8.94
_09146_,8.94
_09922_,8.94
_10495_,8.94
_10567_,8.94
_10884_,8.94
_11283_,8.94
_11869_,8.94
net639,8.94
net1262,8.94
net1344,8.94
_04166_,8.92
_05265_,8.92
_09901_,8.92
_10667_,8.92
_11551_,8.92
net982,8.92
_02660_,8.9
_02853_,8.9
_02892_,8.9
_02953_,8.9
_02985_,8.9
_04620_,8.9
_04853_,8.9
_04980_,8.9
_08186_,8.9
_08319_,8.9
_08488_,8.9
_08758_,8.9
_08776_,8.9
_08800_,8.9
_10398_,8.9
_10405_,8.9
_11061_,8.9
net1455,8.9
net1605,8.9
_00043_,8.88
_03213_,8.88
_02899_,8.86
_02951_,8.86
_03692_,8.86
_04486_,8.86
_04753_,8.86
_04786_,8.86
_04820_,8.86
_04935_,8.86
_05245_,8.86
_05523_,8.86
_06848_,8.86
_09160_,8.86
_09761_,8.86
_10404_,8.86
_11881_,8.86
load_data[24],8.85
_00647_,8.84
_02631_,8.84
_03247_,8.84
_05341_,8.84
_07810_,8.84
_09534_,8.84
_10163_,8.84
_10232_,8.84
net800,8.84
net1081,8.84
net1124,8.84
net1375,8.84
_01571_,8.82
_03103_,8.82
_03320_,8.82
_04073_,8.82
_04544_,8.82
_08457_,8.82
_08954_,8.82
_10633_,8.82
_11142_,8.82
stage8_inst.out3\[17\],8.82
net715,8.82
net1592,8.82
_02536_,8.8
_03120_,8.8
_04322_,8.8
_04406_,8.8
_05881_,8.8
_06630_,8.8
_07017_,8.8
_07613_,8.8
_07866_,8.8
_08408_,8.8
_09593_,8.8
net1242,8.8
_06330_,8.79
net616,8.79
_05548_,8.78
stage8_inst.out2\[7\],8.78
stage8_inst.stage4_lower.stage2_pair1.butterfly_inst.mul_inst.multiplier\[18\],8.78
net531,8.78
_06452_,8.77
_01575_,8.765
_04171_,8.76
_04702_,8.76
_08177_,8.76
_08520_,8.76
stage8_inst.stage4_upper.stage2_pair1.butterfly_inst.mul_inst.multiplier\[11\],8.76
net825,8.76
load_data[3],8.75
_00024_,8.74
_01219_,8.74
_02088_,8.74
_03014_,8.74
_06344_,8.74
_10579_,8.74
_11112_,8.74
stage8_inst.stage4_lower.stage2_pair0.butterfly_inst.mul_inst.mq_reg\[18\],8.74
stage8_inst.stage4_upper.stage2_pair1.butterfly_inst.mul_inst.multiplier\[16\],8.74
net649,8.74
net834,8.74
net1105,8.74
net1150,8.74
net1198,8.74
net1358,8.74
net1624,8.74
net1625,8.74
net1646,8.74
_00663_,8.72
_01985_,8.72
_03233_,8.72
_05976_,8.72
_06149_,8.72
_10153_,8.72
load_data[11],8.72
load_data[12],8.72
load_data[13],8.72
load_twiddle[12],8.72
load_twiddle[18],8.72
load_twiddle[22],8.72
load_twiddle[27],8.72
load_twiddle[28],8.72
load_twiddle[4],8.72
load_twiddle[8],8.72
net569,8.72
net606,8.72
net1603,8.72
_02415_,8.7
_02484_,8.7
_05791_,8.7
_07684_,8.7
_09574_,8.7
_10245_,8.7
_11428_,8.7
_11581_,8.7
_11672_,8.7
stage8_inst.stage4_lower.stage2_pair0.butterfly_inst.mul_inst.b\[17\],8.7
stage8_inst.stage4_lower.stage2_pair0.butterfly_inst.mul_inst.multiplier\[17\],8.7
stage8_inst.stage4_lower.stage2_pair1.butterfly_inst.mul_inst.multiplier\[1\],8.7
stage8_inst.stage4_upper.stage2_pair1.butterfly_inst.mul_inst.multiplier\[3\],8.7
_06937_,8.69
_00923_,8.685
_01087_,8.68
_01228_,8.68
_01337_,8.68
_01641_,8.68
_03049_,8.68
_07325_,8.68
stage8_inst.stage4_upper.stage2_pair0.butterfly_inst.mul_inst.multiplier\[5\],8.68
_02489_,8.66
_03079_,8.66
_08004_,8.66
_10840_,8.66
stage8_inst.stage4_lower.stage2_pair0.butterfly_inst.mul_inst.acc_high\[12\],8.66
_01207_,8.64
_06242_,8.64
_00908_,8.62
_04408_,8.62
_04839_,8.62
_10467_,8.62
_12036_,8.62
net157,8.62
load_data_addr[0],8.61
_01529_,8.6
_01592_,8.6
_02500_,8.6
_03197_,8.6
_05409_,8.6
_05644_,8.6
_07803_,8.6
_08127_,8.6
_08175_,8.6
_08527_,8.6
_08682_,8.6
_10230_,8.6
_11270_,8.6
stage8_inst.stage4_upper.stage2_pair0.butterfly_inst.mul_inst.multiplier\[23\],8.6
stage8_inst.stage4_upper.stage2_pair1.butterfly_inst.mul_inst.multiplier\[7\],8.6
net814,8.6
net850,8.6
net876,8.6
net905,8.6
net907,8.6
net909,8.6
net1055,8.6
net1217,8.6
net1264,8.6
net1430,8.6
net1552,8.6
net1660,8.6
_02923_,8.58
_05136_,8.58
_06822_,8.58
_07202_,8.58
_08363_,8.58
_09511_,8.58
_10034_,8.58
_01715_,8.56
_02659_,8.56
_02721_,8.56
_03123_,8.56
_03212_,8.56
_03340_,8.56
_03561_,8.56
_04714_,8.56
_05387_,8.56
_06649_,8.56
_07043_,8.56
_07119_,8.56
_08401_,8.56
_10081_,8.56
_11294_,8.56
_11809_,8.56
stage8_inst.out6\[6\],8.56
stage8_inst.stage4_upper.stage2_pair0.butterfly_inst.mul_inst.phase\[1\],8.56
stage8_inst.stage4_upper.stage2_pair1.butterfly_inst.mul_inst.multiplier\[8\],8.56
net1520,8.56
_03546_,8.55
_00950_,8.54
_03606_,8.54
_05824_,8.54
_07069_,8.54
_08176_,8.54
stage8_inst.stage4_lower.stage2_pair0.butterfly_inst.mul_inst.mq_reg\[0\],8.54
_00616_,8.52
_01116_,8.52
_03384_,8.52
_03557_,8.52
_04594_,8.52
_08418_,8.52
_08778_,8.52
_10389_,8.52
_10701_,8.52
net938,8.52
_00710_,8.5
_00732_,8.5
_04273_,8.5
_04918_,8.5
_05638_,8.5
_09147_,8.5
_10410_,8.5
_11275_,8.5
net753,8.5
net807,8.5
net1600,8.5
_00554_,8.48
_01584_,8.48
_02826_,8.48
_03287_,8.48
_03538_,8.48
_04473_,8.48
_04795_,8.48
_05683_,8.48
_06001_,8.48
_06302_,8.48
_06980_,8.48
_07371_,8.48
_07483_,8.48
_07825_,8.48
_08552_,8.48
_08558_,8.48
_09923_,8.48
_10897_,8.48
_10936_,8.48
_10947_,8.48
_11800_,8.48
stage8_inst.stage4_lower.stage2_pair0.butterfly_inst.mul_inst.multiplier\[7\],8.48
net971,8.48
net976,8.48
net1158,8.48
net1418,8.48
_02254_,8.46
_04019_,8.46
_05209_,8.46
_05880_,8.46
_06825_,8.46
_10305_,8.46
_11222_,8.46
stage8_inst.stage4_upper.stage2_pair1.butterfly_inst.mul_inst.mq_reg\[45\],8.46
_10724_,8.455
_11711_,8.455
_00794_,8.445
_01489_,8.44
_02694_,8.44
_02747_,8.44
_03491_,8.44
_05225_,8.44
_05366_,8.44
_06272_,8.44
_07027_,8.44
_07550_,8.44
_08141_,8.44
_09007_,8.44
_09031_,8.44
_10916_,8.44
_11736_,8.44
_05680_,8.42
_06711_,8.42
_02345_,8.415
_06748_,8.41
_03054_,8.4
_03272_,8.4
_04695_,8.4
_06217_,8.4
_06418_,8.4
_07107_,8.4
_07253_,8.4
_09417_,8.4
_09718_,8.4
_09861_,8.4
_10098_,8.4
stage8_inst.out5\[0\],8.4
stage8_inst.stage4_lower.stage2_pair1.butterfly_inst.mul_inst.t_reg\[0\],8.4
_04184_,8.38
_05083_,8.38
_08678_,8.38
_09865_,8.38
_11080_,8.38
load_data[16],8.38
load_data[17],8.38
load_data[28],8.38
net1281,8.38
net1524,8.38
net1645,8.38
net1695,8.38
_01870_,8.36
_04952_,8.36
_05724_,8.36
_06238_,8.36
_09603_,8.36
_09926_,8.36
_10285_,8.36
stage8_inst.out1\[19\],8.36
stage8_inst.out7\[22\],8.36
stage8_inst.stage4_lower.stage2_pair0.butterfly_inst.mul_inst.b\[10\],8.36
net500,8.36
net514,8.36
net567,8.36
net1051,8.36
_06463_,8.34
_09435_,8.34
_09562_,8.34
_11864_,8.34
_01139_,8.32
_02490_,8.32
_05129_,8.32
_05540_,8.32
_06373_,8.32
_09749_,8.32
_10641_,8.32
_01939_,8.305
net627,8.305
_06419_,8.3
_10293_,8.3
net553,8.3
_00503_,8.28
_01104_,8.28
_01188_,8.28
_01198_,8.28
_01202_,8.28
_01316_,8.28
_01562_,8.28
_01565_,8.28
_01603_,8.28
_01653_,8.28
_01991_,8.28
_02040_,8.28
_05249_,8.28
_06971_,8.28
_07076_,8.28
_08119_,8.28
_11146_,8.28
net1243,8.28
net1246,8.28
net1311,8.28
net1341,8.28
net1379,8.28
net1495,8.28
net1530,8.28
net1547,8.28
_00057_,8.26
_00481_,8.26
_00502_,8.26
_00968_,8.26
_01536_,8.26
_01628_,8.26
_02024_,8.26
_07243_,8.26
load_data[19],8.26
load_data[6],8.26
load_twiddle[21],8.26
load_twiddle[29],8.26
load_twiddle[6],8.26
net685,8.26
net730,8.26
net826,8.26
net1371,8.26
net1518,8.26
_02291_,8.24
_03486_,8.24
_05143_,8.24
_08003_,8.24
stage8_inst.stage4_lower.stage2_pair0.butterfly_inst.mul_inst.ab_reg\[45\],8.24
_06640_,8.23
_04268_,8.22
_04398_,8.22
_06985_,8.22
_08085_,8.22
_09072_,8.22
stage8_inst.stage4_lower.stage2_pair0.butterfly_inst.mul_inst.multiplier\[30\],8.22
net1452,8.22
_03289_,8.2
_07988_,8.2
_10132_,8.2
_11321_,8.2
stage8_inst.stage4_upper.stage2_pair1.butterfly_inst.mul_inst.multiplier\[15\],8.2
_00737_,8.18
_01210_,8.18
_02131_,8.18
_04024_,8.18
_00654_,8.16
_00791_,8.16
_02069_,8.16
_02748_,8.16
_03365_,8.16
_05572_,8.16
_06480_,8.16
_07228_,8.16
_07638_,8.16
_09870_,8.16
_11762_,8.16
net667,8.16
net1015,8.16
net1225,8.16
net1434,8.16
_09836_,8.155
_00387_,8.14
_01118_,8.14
_01181_,8.14
_01987_,8.14
_02431_,8.14
_02918_,8.14
_03324_,8.14
_03484_,8.14
_05320_,8.14
_05342_,8.14
_05347_,8.14
_06710_,8.14
_06808_,8.14
_06919_,8.14
_08524_,8.14
_08561_,8.14
_10438_,8.14
_10902_,8.14
stage8_inst.out2\[22\],8.14
stage8_inst.out3\[6\],8.14
stage8_inst.stage4_lower.stage2_pair0.butterfly_inst.mul_inst.multiplier\[29\],8.14
stage8_inst.stage4_upper.stage2_pair1.butterfly_inst.mul_inst.multiplier\[19\],8.14
net680,8.14
net719,8.14
net761,8.14
net843,8.14
net886,8.14
net893,8.14
net896,8.14
net901,8.14
net928,8.14
net1064,8.14
net1125,8.14
net1252,8.14
net1321,8.14
net1345,8.14
net1589,8.14
net1684,8.14
_05565_,8.12
_05699_,8.12
_06138_,8.12
_08236_,8.12
_10992_,8.12
_00012_,8.1
_00472_,8.1
_01071_,8.1
_01966_,8.1
_02004_,8.1
_02042_,8.1
_03441_,8.1
_04489_,8.1
_04660_,8.1
_04887_,8.1
_04956_,8.1
_04963_,8.1
_05325_,8.1
_05501_,8.1
_07147_,8.1
_08336_,8.1
_09609_,8.1
_11102_,8.1
stage8_inst.out6\[21\],8.1
net790,8.1
net1042,8.1
net1700,8.1
_02349_,8.095
_04699_,8.09
_00342_,8.08
_01470_,8.08
_11266_,8.08
load_twiddle[10],8.07
load_twiddle[19],8.07
_00322_,8.06
_01211_,8.06
_02093_,8.06
_03045_,8.06
_04584_,8.06
_07060_,8.06
_08428_,8.06
_08574_,8.06
_08632_,8.06
_08818_,8.06
_10313_,8.06
_10387_,8.06
_06589_,8.05
_01867_,8.04
_01949_,8.04
_03439_,8.04
_04163_,8.04
_05163_,8.04
_06582_,8.04
_07522_,8.04
_10391_,8.04
_10449_,8.04
done,8.04
read_data[13],8.04
read_data[18],8.04
read_data[21],8.04
read_data[24],8.04
read_data[29],8.04
read_data[2],8.04
read_data[6],8.04
net1028,8.04
_00897_,8.02
_02393_,8.02
_02954_,8.02
_03021_,8.02
_03602_,8.02
_04359_,8.02
_04380_,8.02
_04907_,8.02
_04933_,8.02
_04954_,8.02
_05356_,8.02
_06596_,8.02
_07078_,8.02
_07563_,8.02
_09065_,8.02
_09068_,8.02
_09855_,8.02
_11107_,8.02
_11492_,8.02
net481,8.02
net732,8.02
net791,8.02
net1380,8.02
net1450,8.02
net1483,8.02
net1697,8.02
_00459_,8
_02715_,8
_02774_,8
_04471_,8
_07985_,8
_09628_,8
_10002_,8
_10149_,8
_00509_,7.985
_00351_,7.98
_02580_,7.98
_02658_,7.98
_04844_,7.98
_04860_,7.98
_04896_,7.98
_05482_,7.98
_07666_,7.98
_07822_,7.98
_07984_,7.98
_09044_,7.98
_09144_,7.98
_10049_,7.98
_11806_,7.98
net1675,7.98
_06667_,7.96
_10070_,7.96
_10324_,7.96
_03164_,7.94
_06785_,7.94
_08997_,7.94
_09781_,7.94
_11810_,7.94
load_twiddle_addr[0],7.93
_04004_,7.92
_04945_,7.92
_06973_,7.92
_08430_,7.92
_10743_,7.92
_11263_,7.92
_11357_,7.92
stage8_inst.stage4_upper.stage2_pair0.butterfly_inst.mul_inst.bit_idx\[2\],7.92
net1331,7.92
net1349,7.92
net1356,7.92
net1594,7.92
net1602,7.92
_06905_,7.91
_01494_,7.905
_02044_,7.9
_05172_,7.9
_05287_,7.9
_07116_,7.9
_07168_,7.9
_08602_,7.9
_09894_,7.9
_11071_,7.9
stage8_inst.out0\[29\],7.9
stage8_inst.out2\[18\],7.9
net477,7.9
net547,7.9
net592,7.9
net1679,7.9
net1725,7.9
_05730_,7.88
_06531_,7.88
_07278_,7.88
_07359_,7.88
_09496_,7.88
net1481,7.88
net1599,7.88
net1711,7.88
_00166_,7.86
_05760_,7.86
_06213_,7.86
_08118_,7.86
_03292_,7.855
_10470_,7.855
_00103_,7.84
_09111_,7.84
_10057_,7.84
load_data[26],7.83
_00483_,7.82
_00544_,7.82
_00729_,7.82
_01125_,7.82
_01134_,7.82
_01136_,7.82
_01564_,7.82
_01595_,7.82
_01969_,7.82
_02054_,7.82
_05599_,7.82
_05968_,7.82
_06939_,7.82
_10302_,7.82
net650,7.82
net773,7.82
net879,7.82
net1075,7.82
net1152,7.82
net1319,7.82
net1373,7.82
net1508,7.82
net1533,7.82
net1591,7.82
net1634,7.82
_01213_,7.8
_02128_,7.8
_02184_,7.8
_04679_,7.8
_06982_,7.8
_07363_,7.8
_09382_,7.8
net675,7.8
net916,7.8
net1693,7.8
_02289_,7.78
_03564_,7.78
_07422_,7.78
_09028_,7.78
_10491_,7.78
_11929_,7.78
stage8_inst.stage4_lower.stage2_pair1.butterfly_inst.mul_inst.mq_reg\[8\],7.78
stage8_inst.stage4_upper.stage2_pair1.butterfly_inst.mul_inst.b\[3\],7.78
net865,7.78
net1143,7.78
_00672_,7.76
_00909_,7.76
_01856_,7.76
_02805_,7.76
_03504_,7.76
_04781_,7.76
_05087_,7.76
_07022_,7.76
net804,7.76
_04542_,7.74
_05541_,7.74
_08397_,7.74
_08621_,7.74
stage8_inst.stage4_upper.stage2_pair0.butterfly_inst.mul_inst.multiplier\[16\],7.74
_05200_,7.735
_11441_,7.735
_00014_,7.72
_01206_,7.72
_02083_,7.72
_03279_,7.72
_00761_,7.7
_01383_,7.7
_02429_,7.7
_03535_,7.7
_03832_,7.7
_04763_,7.7
_09038_,7.7
_09189_,7.7
_11776_,7.7
_12045_,7.7
net1069,7.7
net1210,7.7
net1346,7.7
_00220_,7.68
_00500_,7.68
_00714_,7.68
_01294_,7.68
_01961_,7.68
_02065_,7.68
_02210_,7.68
_02267_,7.68
_02381_,7.68
_03076_,7.68
_03592_,7.68
_04006_,7.68
_04096_,7.68
_04450_,7.68
_04465_,7.68
_04768_,7.68
_05109_,7.68
_06668_,7.68
_06702_,7.68
_06970_,7.68
_07019_,7.68
_07270_,7.68
_08025_,7.68
_08626_,7.68
_08774_,7.68
_10825_,7.68
_11009_,7.68
_11808_,7.68
net701,7.68
net786,7.68
net836,7.68
net842,7.68
net1073,7.68
net1110,7.68
net1173,7.68
net1237,7.68
net1310,7.68
net1330,7.68
net1354,7.68
net1462,7.68
net1614,7.68
net1628,7.68
_00413_,7.66
_00961_,7.66
_01651_,7.66
_04288_,7.66
_04942_,7.66
_05597_,7.66
_09404_,7.66
_11562_,7.66
stage8_inst.stage4_upper.stage2_pair0.butterfly_inst.mul_inst.acc_high\[29\],7.66
net1417,7.66
_04747_,7.65
_00363_,7.64
_00614_,7.64
_01098_,7.64
_02006_,7.64
_02142_,7.64
_02598_,7.64
_02905_,7.64
_02995_,7.64
_03450_,7.64
_04264_,7.64
_05559_,7.64
_05774_,7.64
_07421_,7.64
_08143_,7.64
_08272_,7.64
_08318_,7.64
_11354_,7.64
_11361_,7.64
stage8_inst.stage4_lower.stage2_pair1.butterfly_inst.mul_inst.b\[22\],7.64
net752,7.64
net918,7.64
_01658_,7.62
_04600_,7.62
_06177_,7.62
_00630_,7.6
_01303_,7.6
_02297_,7.6
_02611_,7.6
_02661_,7.6
_02878_,7.6
_05558_,7.6
_07021_,7.6
_07940_,7.6
_08460_,7.6
_10521_,7.6
_10565_,7.6
_11293_,7.6
_04773_,7.58
_05526_,7.58
_05863_,7.58
_06700_,7.58
_07285_,7.58
_08007_,7.58
net1342,7.58
_01621_,7.56
_02014_,7.56
_02535_,7.56
_02690_,7.56
_02860_,7.56
_02940_,7.56
_03286_,7.56
_04670_,7.56
_04799_,7.56
_05005_,7.56
_05998_,7.56
_06229_,7.56
_06232_,7.56
_06813_,7.56
_07467_,7.56
_07813_,7.56
_08303_,7.56
_08380_,7.56
_08518_,7.56
_08531_,7.56
_09713_,7.56
_09885_,7.56
_10453_,7.56
_10487_,7.56
_10505_,7.56
_10952_,7.56
_11003_,7.56
_11038_,7.56
_11455_,7.56
_11828_,7.56
_11868_,7.56
stage8_inst.stage4_upper.stage2_pair0.butterfly_inst.mul_inst.ab_reg\[63\],7.56
net532,7.56
net588,7.56
net1507,7.56
_07370_,7.555
_03613_,7.545
_04219_,7.54
_04508_,7.54
_05830_,7.54
_06474_,7.54
_08348_,7.54
stage8_inst.stage4_lower.stage2_pair0.butterfly_inst.mul_inst.ab_reg\[63\],7.54
net587,7.525
_00516_,7.52
_02522_,7.52
_03887_,7.52
_03970_,7.52
_04363_,7.52
_04565_,7.52
_06193_,7.52
_06283_,7.52
_06493_,7.52
_06894_,7.52
_07123_,7.52
_07292_,7.52
_08071_,7.52
_08200_,7.52
_10441_,7.52
_10512_,7.52
_10557_,7.52
_10962_,7.52
_11036_,7.52
_11844_,7.52
stage8_inst.stage4_upper.stage2_pair1.butterfly_inst.mul_inst.b\[13\],7.52
_06578_,7.5
_03208_,7.49
load_twiddle[20],7.49
_01138_,7.48
_06892_,7.48
_09514_,7.48
_09762_,7.48
net864,7.48
_03174_,7.47
_05492_,7.46
net1447,7.46
net1522,7.46
net1636,7.46
net1651,7.46
_03184_,7.44
_03700_,7.44
_04090_,7.44
_04988_,7.44
_05286_,7.44
_05594_,7.44
_06380_,7.44
_06597_,7.44
_07091_,7.44
_07331_,7.44
_07633_,7.44
_07840_,7.44
_08742_,7.44
_09026_,7.44
_09618_,7.44
_10588_,7.44
_10863_,7.44
net520,7.44
net533,7.44
_05048_,7.42
_08253_,7.42
_09575_,7.42
_10510_,7.42
net1570,7.42
_01156_,7.4
_01642_,7.4
_02240_,7.4
_03689_,7.4
_04007_,7.4
_05262_,7.4
_06113_,7.4
_06548_,7.4
_06580_,7.4
_10923_,7.4
stage8_inst.out0\[17\],7.4
stage8_inst.out0\[21\],7.4
stage8_inst.out5\[29\],7.4
_03323_,7.38
_04331_,7.38
_08505_,7.38
_11970_,7.38
_02904_,7.375
_00721_,7.36
_02341_,7.36
_06352_,7.36
_07434_,7.36
_08544_,7.36
net852,7.36
net858,7.36
net1088,7.36
net1095,7.36
net1254,7.36
net1297,7.36
net1298,7.36
net1374,7.36
net1376,7.36
net1381,7.36
net1421,7.36
net1517,7.36
net1575,7.36
net1633,7.36
net1648,7.36
_07482_,7.345
_00786_,7.34
_00854_,7.34
_02165_,7.34
_04815_,7.34
_04939_,7.34
_05460_,7.34
_05907_,7.34
_09129_,7.34
net831,7.34
net965,7.34
net1276,7.34
_00115_,7.325
_02843_,7.32
_03128_,7.32
_03175_,7.32
_03789_,7.32
_05280_,7.32
_06154_,7.32
_06754_,7.32
_07411_,7.32
_07760_,7.32
_10746_,7.32
_11857_,7.32
_11978_,7.32
stage8_inst.out0\[9\],7.32
stage8_inst.out6\[8\],7.32
_05519_,7.305
_00430_,7.3
_01120_,7.3
_01649_,7.3
_05709_,7.28
_06781_,7.28
stage8_inst.out0\[12\],7.28
stage8_inst.stage4_upper.stage2_pair0.butterfly_inst.mul_inst.multiplier\[27\],7.28
_01193_,7.26
_01220_,7.26
_05522_,7.26
_07379_,7.26
_08610_,7.26
_11050_,7.26
_00849_,7.24
_01117_,7.24
_04948_,7.24
_06573_,7.24
_08364_,7.24
_08715_,7.24
_09359_,7.24
_09533_,7.24
_10485_,7.24
_10553_,7.24
_11821_,7.24
_11903_,7.24
net908,7.24
net1209,7.24
net1214,7.24
_00540_,7.22
_01196_,7.22
_01269_,7.22
_01481_,7.22
_02205_,7.22
_02372_,7.22
_02488_,7.22
_02515_,7.22
_02524_,7.22
_02924_,7.22
_02977_,7.22
_03227_,7.22
_03438_,7.22
_03856_,7.22
_04387_,7.22
_04501_,7.22
_04778_,7.22
_05371_,7.22
_06077_,7.22
_06139_,7.22
_06201_,7.22
_06632_,7.22
_07560_,7.22
_08702_,7.22
_08787_,7.22
_08789_,7.22
_08916_,7.22
_09332_,7.22
_10064_,7.22
_10985_,7.22
_11031_,7.22
_11588_,7.22
stage8_inst.stage4_lower.stage2_pair1.butterfly_inst.mul_inst.multiplier\[28\],7.22
net494,7.22
net497,7.22
net662,7.22
net754,7.22
net816,7.22
net844,7.22
net847,7.22
net863,7.22
net895,7.22
net994,7.22
net1048,7.22
net1101,7.22
net1191,7.22
net1353,7.22
net1539,7.22
net1543,7.22
net1674,7.22
net1738,7.22
_02336_,7.2
_02738_,7.2
_02865_,7.2
_03717_,7.2
_04038_,7.2
_04154_,7.2
_07595_,7.2
_07908_,7.2
_08404_,7.2
_08624_,7.2
_08679_,7.2
_08826_,7.2
_09398_,7.2
_11669_,7.2
_00015_,7.18
_00162_,7.18
_00683_,7.18
_00726_,7.18
_01160_,7.18
_01699_,7.18
_02448_,7.18
_03358_,7.18
_04299_,7.18
_04484_,7.18
_04847_,7.18
_06895_,7.18
_08218_,7.18
_08392_,7.18
_08641_,7.18
_08792_,7.18
_10545_,7.18
_10967_,7.18
_10976_,7.18
_11872_,7.18
net917,7.18
net969,7.18
_07447_,7.16
stage8_inst.out2\[24\],7.16
stage8_inst.stage4_lower.stage2_pair1.butterfly_inst.mul_inst.bit_idx\[3\],7.16
_01997_,7.14
_02870_,7.14
_07427_,7.14
_08634_,7.14
_09080_,7.14
_10271_,7.14
_11085_,7.14
_11701_,7.14
_02777_,7.13
_00754_,7.12
_02511_,7.12
_02943_,7.12
_06922_,7.12
_07619_,7.12
_08469_,7.12
_09572_,7.12
_10320_,7.12
_10349_,7.12
_10484_,7.12
_10830_,7.12
_11093_,7.12
_11212_,7.12
_11515_,7.12
_07837_,7.11
_01142_,7.1
_01832_,7.1
_02579_,7.1
_02863_,7.1
_02941_,7.1
_02945_,7.1
_03001_,7.1
_03436_,7.1
_04515_,7.1
_04543_,7.1
_04592_,7.1
_04805_,7.1
_04940_,7.1
_04943_,7.1
_05158_,7.1
_05436_,7.1
_05442_,7.1
_05502_,7.1
_06076_,7.1
_06223_,7.1
_06644_,7.1
_07064_,7.1
_07068_,7.1
_07138_,7.1
_07512_,7.1
_07559_,7.1
_08021_,7.1
_08844_,7.1
_09013_,7.1
_09874_,7.1
_09882_,7.1
_09964_,7.1
_10524_,7.1
_10531_,7.1
_10562_,7.1
_10995_,7.1
_11007_,7.1
_11034_,7.1
_11041_,7.1
_11079_,7.1
_11242_,7.1
_11587_,7.1
_11843_,7.1
_11951_,7.1
net630,7.1
net734,7.1
net1118,7.1
net1300,7.1
net1360,7.1
net1396,7.1
net1597,7.1
_02607_,7.08
_03083_,7.08
_04911_,7.08
_09184_,7.08
_10697_,7.08
net769,7.08
_02907_,7.075
_01227_,7.065
_00125_,7.06
_01726_,7.06
_02274_,7.06
_03047_,7.06
_03433_,7.06
_03468_,7.06
_03479_,7.06
_04153_,7.06
_04731_,7.06
_04813_,7.06
_04868_,7.06
_04874_,7.06
_05410_,7.06
_05474_,7.06
_05697_,7.06
_05913_,7.06
_06202_,7.06
_06214_,7.06
_07088_,7.06
_07090_,7.06
_07134_,7.06
_07297_,7.06
_07982_,7.06
_08092_,7.06
_08226_,7.06
_08242_,7.06
_08534_,7.06
_08707_,7.06
_08908_,7.06
_09553_,7.06
_10148_,7.06
_10242_,7.06
_10465_,7.06
_10939_,7.06
_10965_,7.06
stage8_inst.stage4_lower.pair1_done,7.06
stage8_inst.stage4_upper.stage2_pair0.butterfly_inst.mul_inst.multiplier\[21\],7.06
net609,7.06
net1504,7.06
net1581,7.06
_04189_,7.04
_06025_,7.04
_07273_,7.04
_10066_,7.04
_03163_,7
_05996_,7
_06606_,7
_07416_,7
net480,7
net515,7
net1377,7
net1428,7
net1467,7
net1561,7
net1619,7
net1666,7
_01590_,6.98
_03814_,6.98
_04117_,6.98
_05119_,6.98
_05197_,6.98
_06337_,6.98
_10325_,6.98
_10719_,6.98
stage8_inst.out0\[11\],6.98
net1258,6.98
_03256_,6.975
_02284_,6.96
_08781_,6.96
_11328_,6.96
net1726,6.96
_04929_,6.945
_00032_,6.94
_00056_,6.94
_00097_,6.94
_00194_,6.94
_00226_,6.94
_03024_,6.94
_06438_,6.94
_06586_,6.94
_07311_,6.94
_11567_,6.94
stage8_inst.stage4_upper.stage2_pair1.butterfly_inst.mul_inst.multiplier\[29\],6.94
net577,6.925
_09486_,6.92
stage8_inst.stage4_upper.stage2_pair0.butterfly_inst.mul_inst.multiplier\[6\],6.92
read_addr[2],6.91
_05711_,6.9
_05729_,6.9
_06389_,6.9
_08331_,6.9
_11122_,6.9
net550,6.9
net1079,6.9
net1153,6.9
net1318,6.9
net1367,6.9
net1409,6.9
net1414,6.9
net1438,6.9
net1454,6.9
net1515,6.9
net1549,6.9
net1553,6.9
net1559,6.9
net1584,6.9
net1607,6.9
net1611,6.9
net1631,6.9
net1677,6.9
net1696,6.9
_02565_,6.89
_00477_,6.88
_00615_,6.88
_00658_,6.88
_00684_,6.88
_00932_,6.88
_02378_,6.88
_02408_,6.88
_02506_,6.88
_09598_,6.88
_11729_,6.88
net581,6.88
net1577,6.88
_00102_,6.865
_00553_,6.865
_00771_,6.86
_02329_,6.86
_03008_,6.86
_05258_,6.86
_05740_,6.86
_07972_,6.86
_08447_,6.86
_08686_,6.86
stage8_inst.out3\[4\],6.86
stage8_inst.stage4_upper.stage2_pair0.butterfly_inst.mul_inst.multiplier\[13\],6.86
stage8_inst.stage4_upper.stage2_pair0.butterfly_inst.mul_inst.multiplier\[18\],6.86
net875,6.86
_01103_,6.84
_02035_,6.84
_02104_,6.84
_04195_,6.84
_07307_,6.84
_08513_,6.84
_11938_,6.84
_03804_,6.82
_05282_,6.82
_10842_,6.82
net1753,6.82
_02105_,6.8
_01868_,6.78
_01962_,6.78
_02179_,6.78
_03086_,6.78
_04050_,6.78
_04537_,6.78
_04891_,6.78
_05535_,6.78
_06067_,6.78
_06930_,6.78
_07842_,6.78
_08069_,6.78
_08372_,6.78
_08448_,6.78
_08493_,6.78
_09092_,6.78
_09878_,6.78
_10493_,6.78
_11322_,6.78
net562,6.78
net789,6.78
net798,6.78
net977,6.78
net1219,6.78
net1230,6.78
load_data[1],6.77
_00453_,6.76
_00629_,6.76
_00644_,6.76
_00650_,6.76
_00735_,6.76
_01652_,6.76
_01777_,6.76
_01977_,6.76
_01990_,6.76
_02034_,6.76
_02041_,6.76
_02134_,6.76
_02226_,6.76
_02968_,6.76
_02980_,6.76
_03133_,6.76
_03448_,6.76
_04755_,6.76
_05131_,6.76
_05201_,6.76
_05348_,6.76
_05396_,6.76
_06147_,6.76
_06165_,6.76
_07896_,6.76
_08400_,6.76
_08436_,6.76
_08648_,6.76
_08832_,6.76
_08856_,6.76
_09936_,6.76
_10183_,6.76
_10234_,6.76
_10375_,6.76
_10680_,6.76
_11414_,6.76
_11443_,6.76
net559,6.76
net590,6.76
net857,6.76
net951,6.76
net1016,6.76
net1224,6.76
net1412,6.76
net1429,6.76
net1470,6.76
net1472,6.76
_03186_,6.74
_03421_,6.74
_03540_,6.74
_04248_,6.74
_04589_,6.74
_07261_,6.74
_07789_,6.74
_09114_,6.74
_10932_,6.74
stage8_inst.stage4_lower.stage2_pair1.butterfly_inst.mul_inst.multiplier\[21\],6.74
net1195,6.74
_06941_,6.735
_00001_,6.72
_00429_,6.72
_00587_,6.72
_01390_,6.72
_01560_,6.72
_02354_,6.72
_02893_,6.72
_03004_,6.72
_03979_,6.72
_04210_,6.72
_04509_,6.72
_04827_,6.72
_04893_,6.72
_05428_,6.72
_06592_,6.72
_07549_,6.72
_07965_,6.72
_08300_,6.72
_08413_,6.72
_08446_,6.72
_08489_,6.72
_08662_,6.72
_08696_,6.72
_08722_,6.72
_08923_,6.72
_09759_,6.72
_10959_,6.72
_11081_,6.72
net1147,6.72
_04703_,6.7
_07998_,6.7
_08091_,6.7
_08149_,6.7
_11016_,6.7
_02837_,6.66
_05044_,6.66
_05089_,6.66
_05379_,6.66
_05583_,6.66
_06613_,6.66
_06656_,6.66
_07433_,6.66
_07538_,6.66
_08443_,6.66
_09120_,6.66
_09644_,6.66
_10359_,6.66
_10910_,6.66
_11772_,6.66
net623,6.66
_03138_,6.655
_01881_,6.64
_01888_,6.64
_02268_,6.64
_02307_,6.64
_02462_,6.64
_02791_,6.64
_03370_,6.64
_03445_,6.64
_04188_,6.64
_04286_,6.64
_04347_,6.64
_04510_,6.64
_04552_,6.64
_04957_,6.64
_04993_,6.64
_05404_,6.64
_06487_,6.64
_06545_,6.64
_07914_,6.64
_07937_,6.64
_08078_,6.64
_08356_,6.64
_08431_,6.64
_08775_,6.64
_09116_,6.64
_09827_,6.64
_10055_,6.64
_10089_,6.64
_10423_,6.64
_10558_,6.64
_11042_,6.64
_11241_,6.64
_11906_,6.64
net637,6.64
net1528,6.64
net1585,6.64
net1722,6.64
net1731,6.64
_11862_,6.63
_03180_,6.62
_03676_,6.62
_04301_,6.62
_07624_,6.62
net943,6.62
_07591_,6.61
_00777_,6.605
_01983_,6.605
net608,6.605
net796,6.605
_02366_,6.6
_02467_,6.6
_02915_,6.6
_03882_,6.6
_04042_,6.6
_04457_,6.6
_04990_,6.6
_05008_,6.6
_05739_,6.6
_06161_,6.6
_06666_,6.6
_06701_,6.6
_06821_,6.6
_07098_,6.6
_07423_,6.6
_07445_,6.6
_07545_,6.6
_07846_,6.6
_07976_,6.6
_08615_,6.6
_09740_,6.6
_10115_,6.6
_10572_,6.6
_10966_,6.6
_11345_,6.6
net1188,6.6
net1111,6.59
_02308_,6.58
_03430_,6.58
load_data_addr[1],6.57
_04285_,6.54
_04871_,6.54
_05013_,6.54
_08656_,6.54
_11917_,6.54
net1328,6.54
net1382,6.54
net1655,6.54
_05210_,6.53
_02113_,6.52
_03334_,6.52
_04528_,6.52
_04784_,6.52
_05948_,6.52
_06430_,6.52
_08403_,6.52
_09047_,6.52
_09201_,6.52
_10032_,6.52
_10634_,6.52
stage8_inst.out2\[3\],6.52
stage8_inst.stage4_lower.stage2_pair1.butterfly_inst.mul_inst.mq_reg\[63\],6.52
stage8_inst.stage4_upper.stage2_pair1.butterfly_inst.mul_inst.multiplier\[17\],6.52
stage8_inst.stage4_upper.stage2_pair0.butterfly_inst.mul_inst.multiplier\[10\],6.515
_08453_,6.5
_05340_,6.485
_00204_,6.48
_00520_,6.48
_01174_,6.48
_01464_,6.48
_01857_,6.48
_02092_,6.48
_02154_,6.48
_09405_,6.48
_09758_,6.48
_11682_,6.48
stage8_inst.out0\[27\],6.48
net118,6.48
stage8_inst.stage4_upper.stage2_pair1.butterfly_inst.mul_inst.multiplier\[24\],6.475
_00107_,6.46
_03389_,6.44
_03836_,6.44
_06121_,6.44
_08559_,6.44
_10778_,6.44
net474,6.44
net596,6.44
net689,6.44
net762,6.44
net924,6.44
net959,6.44
net974,6.44
net1020,6.44
net1046,6.44
net1091,6.44
net1102,6.44
net1305,6.44
net1338,6.44
net1391,6.44
net1410,6.44
net1439,6.44
net1460,6.44
net1532,6.44
net1562,6.44
net1593,6.44
net1615,6.44
net1742,6.44
read_data[31],6.43
_00149_,6.42
_00504_,6.42
_00534_,6.42
_01243_,6.42
_01428_,6.42
_01981_,6.42
_02100_,6.42
_03283_,6.42
_03784_,6.42
_05054_,6.42
_05743_,6.42
_06369_,6.42
_07026_,6.42
_07335_,6.42
_08131_,6.42
net513,6.42
net722,6.42
net1403,6.42
net1637,6.42
_11606_,6.415
_00106_,6.4
_02896_,6.4
_03115_,6.4
_03327_,6.4
_04051_,6.4
_04551_,6.4
_04994_,6.4
_05613_,6.4
_06610_,6.4
_07102_,6.4
_07218_,6.4
_07640_,6.4
_08589_,6.4
_09796_,6.4
_10116_,6.4
_10819_,6.4
stage8_inst.stage4_lower.stage2_pair0.butterfly_inst.mul_inst.b\[18\],6.4
net806,6.4
_00120_,6.38
_00186_,6.38
_00951_,6.38
_01166_,6.38
_01368_,6.38
_01528_,6.38
_01542_,6.38
_05138_,6.38
_06576_,6.38
_07024_,6.38
_07310_,6.38
net1351,6.38
_01505_,6.365
_05759_,6.36
_06522_,6.34
_10793_,6.33
_09310_,6.325
_01365_,6.32
_01769_,6.32
_01956_,6.32
_02198_,6.32
_02468_,6.32
_02972_,6.32
_04023_,6.32
_04070_,6.32
_04908_,6.32
_04938_,6.32
_04946_,6.32
_05168_,6.32
_05213_,6.32
_05274_,6.32
_05493_,6.32
_05518_,6.32
_05568_,6.32
_05720_,6.32
_06929_,6.32
_07387_,6.32
_07443_,6.32
_07880_,6.32
_07890_,6.32
_08151_,6.32
_08269_,6.32
_08271_,6.32
_09822_,6.32
_10393_,6.32
_10525_,6.32
_11920_,6.32
stage8_inst.stage4_upper.stage2_pair0.butterfly_inst.mul_inst.b\[23\],6.32
stage8_inst.stage4_upper.stage2_pair0.butterfly_inst.mul_inst.b\[24\],6.32
net507,6.32
net545,6.32
net611,6.32
net1116,6.32
net1199,6.32
net1332,6.32
_05696_,6.315
_09161_,6.315
_04183_,6.31
load_twiddle[5],6.31
_01056_,6.305
_00202_,6.3
_00372_,6.3
_00489_,6.3
_00678_,6.3
_00966_,6.3
_01072_,6.3
_01250_,6.3
_01493_,6.3
_01674_,6.3
_01954_,6.3
_01992_,6.3
_02031_,6.3
_03344_,6.3
_03390_,6.3
_03462_,6.3
_04039_,6.3
_04491_,6.3
_05297_,6.3
_05303_,6.3
_05382_,6.3
_05399_,6.3
_05400_,6.3
_05415_,6.3
_07230_,6.3
_07381_,6.3
_07541_,6.3
_07815_,6.3
_08179_,6.3
_08420_,6.3
_08566_,6.3
_08618_,6.3
_08919_,6.3
_09058_,6.3
_09096_,6.3
_09768_,6.3
_09920_,6.3
_09973_,6.3
_10904_,6.3
_11012_,6.3
_11503_,6.3
_11595_,6.3
_11849_,6.3
_11948_,6.3
stage8_inst.out0\[7\],6.3
stage8_inst.stage4_lower.stage2_pair1.butterfly_inst.mul_inst.multiplier\[8\],6.3
net676,6.3
net777,6.3
net794,6.3
net880,6.3
net920,6.3
net923,6.3
net981,6.3
net988,6.3
net1000,6.3
net1021,6.3
net1256,6.3
net1463,6.3
net1598,6.3
net1669,6.3
net1682,6.3
net1702,6.3
net1724,6.3
_02482_,6.28
_02764_,6.28
_03281_,6.28
_03354_,6.28
_03950_,6.28
_05105_,6.28
_05995_,6.28
_07963_,6.28
_08230_,6.28
_08467_,6.28
_10760_,6.28
net593,6.28
net768,6.28
_07195_,6.275
_02737_,6.27
_00016_,6.26
_00200_,6.26
_00252_,6.26
_00285_,6.26
_00325_,6.26
_00463_,6.26
_01618_,6.26
_01946_,6.26
_01993_,6.26
_02570_,6.26
_03571_,6.26
_04020_,6.26
_04485_,6.26
_04495_,6.26
_04577_,6.26
_06433_,6.26
_06520_,6.26
_06641_,6.26
_07129_,6.26
_07140_,6.26
_07645_,6.26
_08334_,6.26
_08409_,6.26
_08528_,6.26
_08659_,6.26
_08883_,6.26
_08957_,6.26
_10075_,6.26
_10671_,6.26
_10975_,6.26
_11371_,6.26
_11535_,6.26
_11838_,6.26
_11894_,6.26
_11901_,6.26
stage8_inst.stage4_lower.stage2_pair1.butterfly_inst.mul_inst.multiplier\[20\],6.26
net822,6.26
net930,6.26
net1678,6.26
_00335_,6.24
_01215_,6.24
_07255_,6.24
_08051_,6.24
_09652_,6.24
read_data[14],6.21
read_data[1],6.21
read_data[28],6.21
read_data[9],6.21
_02698_,6.2
_03112_,6.2
_03446_,6.2
_03698_,6.2
_04603_,6.2
_05309_,6.2
_05690_,6.2
_05831_,6.2
_06550_,6.2
_07604_,6.2
_08690_,6.2
_09731_,6.2
_10079_,6.2
_10955_,6.2
net1506,6.2
net1521,6.2
_00101_,6.18
_00536_,6.18
_00561_,6.18
_01084_,6.18
_01173_,6.18
_02278_,6.18
_02635_,6.18
_02963_,6.18
_03027_,6.18
_04422_,6.18
_04532_,6.18
_04877_,6.18
_06290_,6.18
_06374_,6.18
_06498_,6.18
_06657_,6.18
_07050_,6.18
_07527_,6.18
_08163_,6.18
_08178_,6.18
_08478_,6.18
_08521_,6.18
_08733_,6.18
_08780_,6.18
_09190_,6.18
_09204_,6.18
_09656_,6.18
_09841_,6.18
_10095_,6.18
_10463_,6.18
_10826_,6.18
_10945_,6.18
_11113_,6.18
_11197_,6.18
_11798_,6.18
net572,6.18
net585,6.18
net612,6.18
net881,6.18
net889,6.18
net1249,6.18
net1706,6.18
_01340_,6.16
_04671_,6.16
_05924_,6.16
_10235_,6.16
stage8_inst.stage4_upper.stage2_pair1.butterfly_inst.mul_inst.ab_reg\[26\],6.16
_01793_,6.145
_02613_,6.14
_02649_,6.14
_02677_,6.14
_02887_,6.14
_03011_,6.14
_03043_,6.14
_04005_,6.14
_04817_,6.14
_05722_,6.14
_06997_,6.14
_07519_,6.14
_08160_,6.14
_08181_,6.14
_08265_,6.14
_08510_,6.14
_08852_,6.14
_08867_,6.14
_08880_,6.14
_10170_,6.14
_10190_,6.14
_10949_,6.14
_10973_,6.14
_11679_,6.14
net1164,6.14
net1534,6.14
_06178_,6.12
_06505_,6.12
_08809_,6.12
_11712_,6.12
start,6.11
_00281_,6.095
_01182_,6.08
_02835_,6.08
_02950_,6.08
_03419_,6.08
_03524_,6.08
_03933_,6.08
_04728_,6.08
_05752_,6.08
_06661_,6.08
_07647_,6.08
_08212_,6.08
_08229_,6.08
_08239_,6.08
net508,6.08
net1274,6.08
net1352,6.08
net1433,6.08
net1477,6.08
net1512,6.08
net1542,6.08
net1578,6.08
_01323_,6.06
_04575_,6.06
_05151_,6.06
_07462_,6.06
_09586_,6.06
_09819_,6.06
_10788_,6.06
net485,6.06
net801,6.06
net1474,6.06
_01662_,6.04
_02842_,6.04
_04713_,6.04
_06740_,6.04
_08296_,6.04
_08422_,6.04
_08434_,6.04
_08466_,6.04
_08468_,6.04
_10738_,6.04
net1368,6.04
_00234_,6.02
_00304_,6.02
_00590_,6.02
_00747_,6.02
_01694_,6.02
_01815_,6.02
_10587_,6.02
_11716_,6.02
_00662_,6.005
_01168_,6.005
_02047_,6.005
_02115_,5.98
_03918_,5.98
_04168_,5.98
_04478_,5.98
_04950_,5.98
_06132_,5.98
_08754_,5.98
_08767_,5.98
_10162_,5.98
_10940_,5.98
net492,5.98
net555,5.98
net603,5.98
net643,5.98
net934,5.98
net978,5.98
net992,5.98
net1043,5.98
net1045,5.98
net1108,5.98
net1149,5.98
net1181,5.98
net1190,5.98
net1205,5.98
net1336,5.98
net1401,5.98
net1413,5.98
net1432,5.98
net1469,5.98
net1514,5.98
net1544,5.98
net1571,5.98
net1576,5.98
net1580,5.98
net1616,5.98
net1680,5.98
net1704,5.98
net1719,5.98
net1736,5.98
rst_n,5.97
_00038_,5.96
_00232_,5.96
_00383_,5.96
_00494_,5.96
_00984_,5.96
_01175_,5.96
_01260_,5.96
_01392_,5.96
_01566_,5.96
_02030_,5.96
_07770_,5.96
_09040_,5.96
_10914_,5.96
_12044_,5.96
net659,5.96
net661,5.96
net679,5.96
net733,5.96
net892,5.96
net945,5.96
net1621,5.96
net1715,5.96
_00779_,5.94
_00837_,5.94
_01336_,5.94
_01457_,5.94
_01683_,5.94
_01754_,5.94
_02181_,5.94
_02213_,5.94
_02318_,5.94
_03166_,5.94
_04000_,5.94
_05539_,5.94
_06250_,5.94
_06744_,5.94
_07213_,5.94
_11304_,5.94
stage8_inst.stage4_upper.stage2_pair0.butterfly_inst.mul_inst.b\[28\],5.94
stage8_inst.stage4_upper.stage2_pair1.butterfly_inst.mul_inst.b\[30\],5.94
net1527,5.94
_10698_,5.93
_10639_,5.925
_01159_,5.92
_01203_,5.92
_01419_,5.92
_01423_,5.92
_02062_,5.92
_02082_,5.92
_08390_,5.92
_09008_,5.92
_09143_,5.92
_10416_,5.92
_11137_,5.92
_11355_,5.92
net1713,5.92
_10283_,5.9
_10468_,5.9
net877,5.9
_00759_,5.885
_02644_,5.88
_00007_,5.865
_00139_,5.86
_00146_,5.86
_00763_,5.86
_00764_,5.86
_00765_,5.86
_01831_,5.86
_03145_,5.86
_03519_,5.86
_03531_,5.86
_04044_,5.86
_04627_,5.86
_04976_,5.86
_05117_,5.86
_05189_,5.86
_05459_,5.86
_05496_,5.86
_05582_,5.86
_07042_,5.86
_07459_,5.86
_07535_,5.86
_10732_,5.86
net646,5.86
net991,5.86
net1189,5.86
_00392_,5.84
_00876_,5.84
_01099_,5.84
_01169_,5.84
_01278_,5.84
_01289_,5.84
_01588_,5.84
_01594_,5.84
_01923_,5.84
_01947_,5.84
_01951_,5.84
_02098_,5.84
_02192_,5.84
_02197_,5.84
_02851_,5.84
_02990_,5.84
_03015_,5.84
_03425_,5.84
_03500_,5.84
_03558_,5.84
_04021_,5.84
_04434_,5.84
_04498_,5.84
_04678_,5.84
_04857_,5.84
_04906_,5.84
_04912_,5.84
_04955_,5.84
_05177_,5.84
_05326_,5.84
_05358_,5.84
_06200_,5.84
_06454_,5.84
_06843_,5.84
_07008_,5.84
_07074_,5.84
_07490_,5.84
_07553_,5.84
_07652_,5.84
_08102_,5.84
_08182_,5.84
_08213_,5.84
_08830_,5.84
_08926_,5.84
_09640_,5.84
_09733_,5.84
_10211_,5.84
_10354_,5.84
_10805_,5.84
_11013_,5.84
_11239_,5.84
_11667_,5.84
stage8_inst.stage4_lower.stage2_pair0.butterfly_inst.mul_inst.multiplier\[31\],5.84
net473,5.84
net548,5.84
net688,5.84
net829,5.84
net903,5.84
net931,5.84
net1513,5.84
net1751,5.84
_02476_,5.82
_02728_,5.82
_03262_,5.82
_05231_,5.82
_05319_,5.82
_05981_,5.82
_06729_,5.82
_07212_,5.82
_07294_,5.82
_07376_,5.82
_10291_,5.82
_10439_,5.82
stage8_inst.stage4_lower.stage2_pair1.butterfly_inst.mul_inst.multiplier\[31\],5.82
_05456_,5.81
_00074_,5.8
_00421_,5.8
_00519_,5.8
_00591_,5.8
_00664_,5.8
_01506_,5.8
_01545_,5.8
_01746_,5.8
_02736_,5.8
_02759_,5.8
_02902_,5.8
_03512_,5.8
_04567_,5.8
_04890_,5.8
_05351_,5.8
_05424_,5.8
_06225_,5.8
_06356_,5.8
_06992_,5.8
_07047_,5.8
_07112_,5.8
_07208_,5.8
_07499_,5.8
_07623_,5.8
_07673_,5.8
_07987_,5.8
_08055_,5.8
_08369_,5.8
_08718_,5.8
_08725_,5.8
_08853_,5.8
_08873_,5.8
_08956_,5.8
_09049_,5.8
_09140_,5.8
_10502_,5.8
_10578_,5.8
_10581_,5.8
_10984_,5.8
_11313_,5.8
stage8_inst.out6\[5\],5.8
net758,5.8
net1126,5.8
net1558,5.8
_07338_,5.755
read_data[11],5.75
read_data[26],5.75
_01995_,5.74
_02533_,5.74
_02541_,5.74
_02583_,5.74
_02674_,5.74
_03248_,5.74
_03410_,5.74
_03414_,5.74
_03417_,5.74
_03429_,5.74
_03457_,5.74
_03469_,5.74
_03496_,5.74
_03565_,5.74
_04002_,5.74
_04059_,5.74
_04065_,5.74
_04177_,5.74
_04197_,5.74
_04534_,5.74
_04548_,5.74
_04555_,5.74
_04648_,5.74
_04734_,5.74
_04775_,5.74
_05218_,5.74
_05369_,5.74
_05538_,5.74
_05600_,5.74
_06053_,5.74
_06441_,5.74
_06658_,5.74
_06659_,5.74
_06676_,5.74
_07489_,5.74
_07495_,5.74
_07999_,5.74
_08014_,5.74
_08234_,5.74
_08238_,5.74
_08241_,5.74
_08252_,5.74
_08274_,5.74
_08276_,5.74
_08286_,5.74
_08306_,5.74
_08325_,5.74
_08328_,5.74
_08371_,5.74
_08433_,5.74
_08439_,5.74
_08459_,5.74
_08461_,5.74
_08476_,5.74
_08504_,5.74
_08543_,5.74
_08580_,5.74
_08582_,5.74
_08586_,5.74
_08593_,5.74
_08620_,5.74
_08628_,5.74
_08630_,5.74
_08635_,5.74
_08637_,5.74
_08676_,5.74
_08698_,5.74
_08891_,5.74
_08894_,5.74
_09149_,5.74
_09600_,5.74
_09835_,5.74
_10072_,5.74
_10077_,5.74
_10080_,5.74
_10087_,5.74
_10092_,5.74
_10093_,5.74
_10518_,5.74
_10857_,5.74
_10951_,5.74
_10956_,5.74
_10957_,5.74
_10961_,5.74
_10974_,5.74
_10999_,5.74
_11008_,5.74
_11043_,5.74
net137,5.74
net759,5.74
net1228,5.74
net1727,5.74
_05823_,5.73
_00253_,5.72
_00442_,5.72
_02182_,5.72
_02897_,5.72
_02957_,5.72
_02997_,5.72
_03101_,5.72
_03257_,5.72
_03480_,5.72
_04540_,5.72
_04590_,5.72
_04746_,5.72
_04779_,5.72
_05483_,5.72
_05542_,5.72
_06406_,5.72
_06883_,5.72
_07404_,5.72
_08402_,5.72
_08445_,5.72
_08486_,5.72
_08554_,5.72
_09016_,5.72
_09605_,5.72
_09688_,5.72
_09952_,5.72
_10772_,5.72
_11295_,5.72
_11343_,5.72
_11353_,5.72
_11658_,5.72
stage8_inst.stage4_upper.stage2_pair0.butterfly_inst.mul_inst.b\[25\],5.72
net528,5.72
net851,5.72
net935,5.72
net1289,5.72
net1320,5.72
net1525,5.72
net1566,5.72
_07343_,5.715
_01285_,5.7
_01348_,5.7
_02436_,5.7
_06869_,5.7
_09898_,5.7
_00066_,5.685
_00617_,5.685
_00689_,5.685
_01152_,5.685
_01469_,5.685
net579,5.685
_01189_,5.68
_02646_,5.68
_02994_,5.68
_03037_,5.68
_03400_,5.68
_03572_,5.68
_04276_,5.68
_04664_,5.68
_05389_,5.68
_05467_,5.68
_05704_,5.68
_06055_,5.68
_06470_,5.68
_06510_,5.68
_06559_,5.68
_06643_,5.68
_06801_,5.68
_06933_,5.68
_06986_,5.68
_07029_,5.68
_07079_,5.68
_07302_,5.68
_07441_,5.68
_07481_,5.68
_08608_,5.68
_08674_,5.68
_08849_,5.68
_08865_,5.68
_08874_,5.68
_09200_,5.68
_09242_,5.68
_10071_,5.68
_10568_,5.68
_10600_,5.68
_10934_,5.68
_10991_,5.68
_11015_,5.68
stage8_inst.stage4_upper.stage2_pair1.butterfly_inst.mul_inst.b\[8\],5.68
net1498,5.68
_08389_,5.66
_08968_,5.64
load_twiddle[31],5.63
_01291_,5.62
_02947_,5.62
_04464_,5.62
_05655_,5.62
_08444_,5.62
_10409_,5.62
_11852_,5.62
net1299,5.62
net1309,5.62
net1334,5.62
net1672,5.62
net1708,5.62
_01060_,5.6
_01669_,5.6
_01672_,5.6
_01828_,5.6
_02960_,5.6
_03864_,5.6
_04541_,5.6
_04709_,5.6
_04926_,5.6
_05590_,5.6
_07081_,5.6
_07173_,5.6
_07225_,5.6
_08261_,5.6
_08323_,5.6
_08350_,5.6
_11395_,5.6
_11882_,5.6
_11923_,5.6
_11962_,5.6
stage8_inst.out3\[29\],5.6
stage8_inst.stage4_lower.stage2_pair0.butterfly_inst.mul_inst.multiplier\[23\],5.6
net655,5.6
net673,5.6
stage8_inst.out2\[5\],5.595
_08233_,5.58
_08470_,5.58
_08506_,5.58
net1529,5.58
net1556,5.58
_01029_,5.56
_01268_,5.56
_02114_,5.56
_05204_,5.56
_05338_,5.56
_07197_,5.56
stage8_inst.stage4_upper.stage2_pair1.butterfly_inst.mul_inst.b\[31\],5.56
_01504_,5.545
read_data[20],5.53
_00091_,5.525
_00760_,5.525
_02287_,5.52
_05640_,5.52
_09162_,5.52
net870,5.52
net1013,5.52
net1017,5.52
net1085,5.52
net1086,5.52
net1114,5.52
net1180,5.52
net1183,5.52
net1231,5.52
net1233,5.52
net1288,5.52
net1313,5.52
net1327,5.52
net1387,5.52
net1405,5.52
net1408,5.52
net1436,5.52
net1453,5.52
net1480,5.52
net1540,5.52
net1555,5.52
net1564,5.52
net1574,5.52
net1642,5.52
net1668,5.52
net1681,5.52
net1698,5.52
net1703,5.52
net1705,5.52
_00121_,5.5
_00381_,5.5
_00382_,5.5
_00715_,5.5
_00806_,5.5
_00913_,5.5
_01655_,5.5
_01906_,5.5
_02029_,5.5
_02191_,5.5
_02221_,5.5
_05495_,5.5
_05780_,5.5
_06622_,5.5
_07351_,5.5
_10023_,5.5
net549,5.5
net571,5.5
net589,5.5
net598,5.5
net610,5.5
net856,5.5
net1002,5.5
net1627,5.5
net1744,5.5
_01184_,5.485
_00245_,5.48
_01179_,5.48
_01661_,5.48
_03220_,5.48
_03291_,5.48
_03797_,5.48
_06753_,5.48
_11552_,5.48
stage8_inst.out3\[20\],5.48
stage8_inst.stage4_lower.stage2_pair0.butterfly_inst.mul_inst.b\[11\],5.48
stage8_inst.stage4_upper.stage2_pair0.butterfly_inst.mul_inst.b\[22\],5.48
_00223_,5.46
_00340_,5.46
_00449_,5.46
_00562_,5.46
_00572_,5.46
_00681_,5.46
_00687_,5.46
_01014_,5.46
_01902_,5.46
_03078_,5.46
_11486_,5.46
_09817_,5.45
_05333_,5.445
_06817_,5.44
load_data[29],5.41
_00659_,5.4
_00723_,5.4
_00755_,5.4
_01801_,5.4
_02007_,5.4
_02085_,5.4
_02339_,5.4
_02669_,5.4
_02979_,5.4
_03678_,5.4
_03935_,5.4
_04958_,5.4
_05778_,5.4
_06120_,5.4
_06141_,5.4
_06479_,5.4
_06554_,5.4
_07141_,5.4
_07246_,5.4
_09416_,5.4
_09462_,5.4
_09612_,5.4
_09838_,5.4
_10222_,5.4
_10247_,5.4
_10678_,5.4
_10829_,5.4
_11207_,5.4
_11713_,5.4
stage8_inst.stage4_lower.stage2_pair1.butterfly_inst.mul_inst.multiplier\[11\],5.4
net546,5.4
net887,5.4
net1083,5.4
net1572,5.4
net1640,5.4
_01861_,5.385
_00040_,5.38
_00197_,5.38
_00208_,5.38
_00416_,5.38
_00705_,5.38
_00711_,5.38
_00724_,5.38
_00776_,5.38
_00810_,5.38
_00962_,5.38
_00985_,5.38
_01011_,5.38
_01130_,5.38
_01286_,5.38
_01447_,5.38
_01574_,5.38
_01670_,5.38
_01784_,5.38
_01792_,5.38
_01892_,5.38
_02025_,5.38
_02032_,5.38
_02037_,5.38
_02139_,5.38
_03420_,5.38
_03442_,5.38
_03481_,5.38
_03953_,5.38
_04143_,5.38
_04723_,5.38
_04862_,5.38
_05374_,5.38
_05490_,5.38
_05659_,5.38
_06485_,5.38
_06682_,5.38
_06743_,5.38
_06850_,5.38
_07319_,5.38
_07451_,5.38
_07525_,5.38
_08090_,5.38
_08215_,5.38
_08232_,5.38
_08288_,5.38
_08308_,5.38
_08425_,5.38
_08463_,5.38
_08497_,5.38
_08596_,5.38
_08664_,5.38
_09018_,5.38
_09151_,5.38
_10056_,5.38
_10776_,5.38
_10792_,5.38
_10806_,5.38
net509,5.38
net521,5.38
net534,5.38
net586,5.38
net595,5.38
net749,5.38
net756,5.38
net898,5.38
net900,5.38
net939,5.38
net1033,5.38
net1052,5.38
net1142,5.38
net1201,5.38
net1644,5.38
net1456,5.38
_10725_,5.37
_00924_,5.36
_02501_,5.36
_04216_,5.36
_04371_,5.36
_05072_,5.36
_05188_,5.36
_07201_,5.36
_07921_,5.36
_09597_,5.36
_09933_,5.36
_00267_,5.34
_00294_,5.34
_00359_,5.34
_00517_,5.34
_00742_,5.34
_00856_,5.34
_00860_,5.34
_00991_,5.34
_01008_,5.34
_01248_,5.34
_01341_,5.34
_01408_,5.34
_01415_,5.34
_01524_,5.34
_02038_,5.34
_02439_,5.34
_02664_,5.34
_02906_,5.34
_02936_,5.34
_03477_,5.34
_04337_,5.34
_04436_,5.34
_04490_,5.34
_04967_,5.34
_05355_,5.34
_05413_,5.34
_05418_,5.34
_05451_,5.34
_05569_,5.34
_05875_,5.34
_06718_,5.34
_06761_,5.34
_06926_,5.34
_06942_,5.34
_07492_,5.34
_07502_,5.34
_07968_,5.34
_07993_,5.34
_08034_,5.34
_08098_,5.34
_08304_,5.34
_08332_,5.34
_08423_,5.34
_08432_,5.34
_08538_,5.34
_08627_,5.34
_08636_,5.34
_08928_,5.34
_08929_,5.34
_09301_,5.34
_09446_,5.34
_10158_,5.34
_10206_,5.34
_10329_,5.34
_10497_,5.34
_10535_,5.34
_11023_,5.34
_11044_,5.34
_11249_,5.34
_11861_,5.34
stage8_inst.stage4_lower.stage2_pair1.butterfly_inst.mul_inst.multiplier\[22\],5.34
net897,5.34
net1041,5.34
net1278,5.34
net1582,5.34
_09862_,5.3
load_data[15],5.29
load_data_addr[2],5.29
load_twiddle[7],5.29
_05827_,5.285
_02122_,5.28
_04201_,5.28
_04819_,5.28
_05452_,5.28
_05665_,5.28
_05954_,5.28
_06270_,5.28
_07485_,5.28
_07528_,5.28
_08248_,5.28
_08663_,5.28
_08751_,5.28
_08970_,5.28
_09138_,5.28
_09413_,5.28
_09555_,5.28
_10209_,5.28
_10356_,5.28
_10357_,5.28
_10817_,5.28
_10820_,5.28
_11165_,5.28
_11508_,5.28
_05238_,5.275
_10703_,5.275
_07306_,5.265
_00093_,5.26
_00094_,5.26
_01059_,5.26
_01931_,5.26
_02067_,5.26
_02129_,5.26
_02172_,5.26
_02328_,5.26
_02416_,5.26
_02636_,5.26
_03102_,5.26
_03405_,5.26
_03424_,5.26
_03520_,5.26
_03669_,5.26
_03929_,5.26
_04382_,5.26
_04632_,5.26
_04661_,5.26
_04691_,5.26
_05237_,5.26
_05295_,5.26
_05449_,5.26
_05531_,5.26
_05547_,5.26
_05750_,5.26
_06778_,5.26
_07211_,5.26
_07414_,5.26
_07418_,5.26
_07426_,5.26
_07571_,5.26
_07838_,5.26
_07932_,5.26
_08216_,5.26
_08435_,5.26
_08462_,5.26
_08482_,5.26
_08484_,5.26
_08487_,5.26
_09886_,5.26
_09917_,5.26
_10009_,5.26
_10371_,5.26
_10444_,5.26
_10762_,5.26
_11006_,5.26
_11097_,5.26
net604,5.26
net682,5.26
net700,5.26
net961,5.26
net1058,5.26
net1302,5.26
net1362,5.26
net1482,5.26
net1687,5.26
_11066_,5.255
_01045_,5.24
_02173_,5.24
_05250_,5.24
_05345_,5.24
_08044_,5.24
_10022_,5.24
_11928_,5.24
net926,5.225
_02681_,5.22
_02712_,5.22
_02846_,5.22
_02925_,5.22
_03401_,5.22
_03464_,5.22
_03490_,5.22
_03501_,5.22
_04161_,5.22
_04271_,5.22
_04308_,5.22
_04497_,5.22
_04629_,5.22
_04749_,5.22
_04830_,5.22
_04846_,5.22
_04910_,5.22
_05290_,5.22
_05421_,5.22
_05444_,5.22
_06079_,5.22
_07054_,5.22
_07526_,5.22
_07575_,5.22
_08639_,5.22
_08831_,5.22
_08904_,5.22
_08920_,5.22
_08981_,5.22
_09055_,5.22
_09904_,5.22
_10197_,5.22
_10396_,5.22
_10597_,5.22
_10954_,5.22
_11019_,5.22
_11020_,5.22
_11363_,5.22
_11686_,5.22
_11875_,5.22
_11975_,5.22
read_data[4],5.19
_01722_,5.185
_03525_,5.16
_05284_,5.16
_05878_,5.16
_07234_,5.16
net1435,5.16
net1550,5.16
_00236_,5.14
_00523_,5.14
_00785_,5.14
_01102_,5.14
_02174_,5.14
_02356_,5.14
_04837_,5.14
_06501_,5.14
_07741_,5.14
_08366_,5.14
_08485_,5.14
_10268_,5.14
_10625_,5.14
_10802_,5.14
net750,5.14
net861,5.14
_03380_,5.12
_06464_,5.12
_06886_,5.12
_08732_,5.12
_10496_,5.12
net1551,5.12
net1567,5.12
net1737,5.12
_00643_,5.1
_00858_,5.1
_07455_,5.1
_00259_,5.085
_01589_,5.085
_01738_,5.085
_05279_,5.085
busy,5.07
_01113_,5.06
_04084_,5.06
_04721_,5.06
_05144_,5.06
_05652_,5.06
_06331_,5.06
_08346_,5.06
_08769_,5.06
_11436_,5.06
_12035_,5.06
net597,5.06
net698,5.06
net793,5.06
net835,5.06
net919,5.06
net990,5.06
net996,5.06
net1030,5.06
net1038,5.06
net1096,5.06
net1113,5.06
net1197,5.06
net1315,5.06
net1323,5.06
net1333,5.06
net1369,5.06
net1394,5.06
net1395,5.06
net1406,5.06
net1416,5.06
net1426,5.06
net1442,5.06
net1476,5.06
net1484,5.06
net1492,5.06
net1500,5.06
net1503,5.06
net1511,5.06
net1596,5.06
net1623,5.06
net1676,5.06
net1701,5.06
net1710,5.06
_00010_,5.04
_00140_,5.04
_00254_,5.04
_00548_,5.04
_00577_,5.04
_00703_,5.04
_00826_,5.04
_00834_,5.04
_00939_,5.04
_01298_,5.04
_01339_,5.04
_01372_,5.04
_01394_,5.04
_01450_,5.04
_01559_,5.04
_01572_,5.04
_01890_,5.04
_01912_,5.04
_02146_,5.04
_02159_,5.04
_02170_,5.04
_02386_,5.04
_07018_,5.04
_09653_,5.04
net602,5.04
net624,5.04
net677,5.04
net1115,5.04
net1729,5.04
_01230_,5.025
_06612_,5.025
_00334_,5.02
_00677_,5.02
_02214_,5.02
_02319_,5.02
_03012_,5.02
_04535_,5.02
_05672_,5.02
_09737_,5.02
_09769_,5.02
_09988_,5.02
_10508_,5.02
_11365_,5.02
_11366_,5.02
_11827_,5.02
stage8_inst.stage4_upper.stage2_pair0.butterfly_inst.mul_inst.multiplier\[31\],5.02
_00003_,5
_00251_,5
_00486_,5
_00881_,5
_01063_,5
_01067_,5
_01109_,5
_01388_,5
_01663_,5
_02027_,5
_02070_,5
_04151_,5
_05980_,5
_07163_,5
_10705_,5
_11553_,5
_09367_,4.975
_06240_,4.965
load_data[25],4.95
load_twiddle[11],4.95
read_addr[0],4.95
_00248_,4.94
_01411_,4.94
_01798_,4.94
_02116_,4.94
_02333_,4.94
_02560_,4.94
_02852_,4.94
_02890_,4.94
_03550_,4.94
_04314_,4.94
_04376_,4.94
_04428_,4.94
_04448_,4.94
_05318_,4.94
_05789_,4.94
_06182_,4.94
_06489_,4.94
_06527_,4.94
_07065_,4.94
_07103_,4.94
_07644_,4.94
_07870_,4.94
_08147_,4.94
_09568_,4.94
_09645_,4.94
_10013_,4.94
_10392_,4.94
_10411_,4.94
_10509_,4.94
_10899_,4.94
_10908_,4.94
_11307_,4.94
_11311_,4.94
_11333_,4.94
stage8_inst.out4\[9\],4.94
net684,4.94
net775,4.94
net1037,4.94
_00088_,4.92
_00201_,4.92
_00268_,4.92
_00333_,4.92
_00559_,4.92
_00667_,4.92
_00822_,4.92
_00861_,4.92
_00941_,4.92
_00948_,4.92
_00975_,4.92
_01025_,4.92
_01143_,4.92
_01167_,4.92
_01252_,4.92
_01338_,4.92
_01366_,4.92
_01509_,4.92
_01591_,4.92
_01610_,4.92
_02023_,4.92
_02132_,4.92
_02257_,4.92
_02743_,4.92
_03034_,4.92
_03107_,4.92
_04360_,4.92
_04461_,4.92
_04635_,4.92
_04645_,4.92
_04688_,4.92
_04848_,4.92
_04971_,4.92
_05251_,4.92
_05317_,4.92
_05738_,4.92
_06122_,4.92
_06774_,4.92
_06829_,4.92
_07012_,4.92
_07514_,4.92
_07973_,4.92
_07989_,4.92
_08026_,4.92
_08064_,4.92
_08270_,4.92
_08385_,4.92
_08517_,4.92
_08727_,4.92
_08984_,4.92
_09079_,4.92
_09678_,4.92
_10437_,4.92
_10514_,4.92
_10530_,4.92
_10560_,4.92
_10566_,4.92
_11077_,4.92
_11130_,4.92
_11133_,4.92
_11240_,4.92
_11299_,4.92
_11327_,4.92
_11471_,4.92
_11490_,4.92
_11783_,4.92
_11873_,4.92
stage8_inst.out0\[18\],4.92
stage8_inst.out0\[24\],4.92
stage8_inst.stage4_upper.stage2_pair1.butterfly_inst.mul_inst.multiplier\[30\],4.92
net544,4.92
net558,4.92
net638,4.92
net702,4.92
net781,4.92
net1044,4.92
net1212,4.92
net1499,4.92
net1641,4.92
_00127_,4.9
_01398_,4.9
_02161_,4.9
_03288_,4.9
_05455_,4.9
_06878_,4.9
_08164_,4.9
_09426_,4.9
_10998_,4.9
_11232_,4.9
net1127,4.9
_00218_,4.88
_00780_,4.88
_01918_,4.88
_02316_,4.88
_02469_,4.88
_02839_,4.88
_03031_,4.88
_03454_,4.88
_04656_,4.88
_05182_,4.88
_05372_,4.88
_05390_,4.88
_05425_,4.88
_05473_,4.88
_06524_,4.88
_06663_,4.88
_06665_,4.88
_06679_,4.88
_06991_,4.88
_07500_,4.88
_07548_,4.88
_07925_,4.88
_08047_,4.88
_08058_,4.88
_08076_,4.88
_08654_,4.88
_08691_,4.88
_08777_,4.88
_08784_,4.88
_08840_,4.88
_08872_,4.88
_08875_,4.88
_08927_,4.88
_09152_,4.88
_09790_,4.88
_09853_,4.88
_10181_,4.88
_10339_,4.88
_10345_,4.88
_10533_,4.88
_11028_,4.88
_11816_,4.88
_12021_,4.88
_12043_,4.88
stage8_inst.stage4_lower.stage2_pair0.butterfly_inst.mul_inst.phase\[1\],4.88
net1573,4.88
_02662_,4.87
_04582_,4.83
_02189_,4.82
_02455_,4.82
_03017_,4.82
_03767_,4.82
_04460_,4.82
_04769_,4.82
_05179_,4.82
_05248_,4.82
_05346_,4.82
_06402_,4.82
_06608_,4.82
_06936_,4.82
_07521_,4.82
_07929_,4.82
_08068_,4.82
_08219_,4.82
_08824_,4.82
_08890_,4.82
_08930_,4.82
_10296_,4.82
_10996_,4.82
_11025_,4.82
_11789_,4.82
_11824_,4.82
_12041_,4.82
_00036_,4.8
_00176_,4.8
_00633_,4.8
_01549_,4.8
_02331_,4.8
_02796_,4.8
_02874_,4.8
_03048_,4.8
_03067_,4.8
_03326_,4.8
_03416_,4.8
_03465_,4.8
_03541_,4.8
_03757_,4.8
_04191_,4.8
_04204_,4.8
_04309_,4.8
_04500_,4.8
_04536_,4.8
_04623_,4.8
_04828_,4.8
_04996_,4.8
_05073_,4.8
_05242_,4.8
_05327_,4.8
_05617_,4.8
_06126_,4.8
_06516_,4.8
_06703_,4.8
_07438_,4.8
_07552_,4.8
_07562_,4.8
_07590_,4.8
_07615_,4.8
_08128_,4.8
_08292_,4.8
_08378_,4.8
_08391_,4.8
_08407_,4.8
_08709_,4.8
_08762_,4.8
_08828_,4.8
_08983_,4.8
_09193_,4.8
_09299_,4.8
_09493_,4.8
_09895_,4.8
_10027_,4.8
_10073_,4.8
_10097_,4.8
_10483_,4.8
_10582_,4.8
_10688_,4.8
_10728_,4.8
_10862_,4.8
_10866_,4.8
_10874_,4.8
_10913_,4.8
_10941_,4.8
_11732_,4.8
_11775_,4.8
_11819_,4.8
net693,4.8
net795,4.8
net823,4.8
net866,4.8
net932,4.8
net1071,4.8
net1130,4.8
net1270,4.8
_00552_,4.78
_00862_,4.78
_04346_,4.78
_05266_,4.78
_07650_,4.78
_00884_,4.765
_01557_,4.765
_02052_,4.765
_00627_,4.76
_01015_,4.76
_01086_,4.76
_01937_,4.76
_02624_,4.76
_02841_,4.76
_02981_,4.76
_03463_,4.76
_04340_,4.76
_04502_,4.76
_04682_,4.76
_04698_,4.76
_05394_,4.76
_05702_,4.76
_06168_,4.76
_06593_,4.76
_06928_,4.76
_06981_,4.76
_06996_,4.76
_07557_,4.76
_07561_,4.76
_08121_,4.76
_08129_,4.76
_08550_,4.76
_08571_,4.76
_08825_,4.76
_08881_,4.76
_08887_,4.76
_08925_,4.76
_09872_,4.76
_10076_,4.76
_10672_,4.76
_11527_,4.76
_00567_,4.725
_03666_,4.7
_05335_,4.7
_05762_,4.7
_06603_,4.7
_07936_,4.7
_08237_,4.7
_08262_,4.7
_08442_,4.7
_08760_,4.7
_08763_,4.7
_09506_,4.7
_09830_,4.7
_10036_,4.7
_11179_,4.7
_11743_,4.7
net505,4.7
net1112,4.7
net1179,4.7
net1308,4.7
net1378,4.7
net1630,4.7
net1657,4.7
_11855_,4.69
_00227_,4.68
_00346_,4.68
_00538_,4.68
_01044_,4.68
_01272_,4.68
_03476_,4.68
_04916_,4.68
_05069_,4.68
_05977_,4.68
_06674_,4.68
_06916_,4.68
_06975_,4.68
_07939_,4.68
_08170_,4.68
_08730_,4.68
_09671_,4.68
_09802_,4.68
_10123_,4.68
stage8_inst.out3\[11\],4.68
net140,4.68
net780,4.68
net1057,4.68
net1707,4.68
_04438_,4.66
_06584_,4.66
_08309_,4.66
_08376_,4.66
_08440_,4.66
_08526_,4.66
_08734_,4.66
_08738_,4.66
_04397_,4.65
_00713_,4.625
_05468_,4.625
_10251_,4.61
load_data[4],4.61
_01407_,4.605
_00701_,4.6
_00774_,4.6
_01225_,4.6
_01362_,4.6
_04281_,4.6
_05537_,4.6
_05654_,4.6
_07629_,4.6
_08338_,4.6
_08379_,4.6
_08535_,4.6
_08743_,4.6
_08748_,4.6
_09724_,4.6
_11944_,4.6
net580,4.6
net690,4.6
net726,4.6
net767,4.6
net1014,4.6
net1169,4.6
net1304,4.6
net1546,4.6
_09813_,4.59
_00092_,4.58
_00177_,4.58
_00182_,4.58
_00206_,4.58
_00355_,4.58
_00374_,4.58
_00406_,4.58
_00444_,4.58
_00471_,4.58
_00589_,4.58
_00787_,4.58
_00807_,4.58
_01083_,4.58
_01171_,4.58
_01249_,4.58
_01281_,4.58
_01282_,4.58
_01283_,4.58
_01318_,4.58
_01381_,4.58
_01427_,4.58
_01598_,4.58
_01601_,4.58
_01602_,4.58
_01668_,4.58
_01673_,4.58
_01692_,4.58
_01785_,4.58
_01889_,4.58
_02046_,4.58
_02135_,4.58
_02138_,4.58
_02141_,4.58
_02186_,4.58
_03303_,4.58
_03499_,4.58
_04326_,4.58
_05505_,4.58
_06966_,4.58
_10787_,4.58
_11132_,4.58
net478,4.58
net501,4.58
net511,4.58
net538,4.58
net540,4.58
net666,4.58
net973,4.58
net1501,4.58
net1714,4.58
_00336_,4.56
_00337_,4.56
_00424_,4.56
_01467_,4.56
_01657_,4.56
_02477_,4.56
_03573_,4.56
_04047_,4.56
_04293_,4.56
_05673_,4.56
_05777_,4.56
_07057_,4.56
_08193_,4.56
_10037_,4.56
_11095_,4.56
stage8_inst.stage4_upper.stage2_pair0.butterfly_inst.mul_inst.multiplier\[19\],4.56
net714,4.56
net1404,4.56
_06316_,4.555
_00184_,4.54
_00526_,4.54
_00585_,4.54
_00750_,4.54
_00927_,4.54
_01379_,4.54
_01553_,4.54
_01824_,4.54
_01864_,4.54
_01982_,4.54
_02078_,4.54
_02080_,4.54
_02094_,4.54
_02099_,4.54
_02175_,4.54
_02230_,4.54
_09820_,4.54
net524,4.54
_10930_,4.495
_10006_,4.49
_00151_,4.48
_00632_,4.48
_00688_,4.48
_01141_,4.48
_01361_,4.48
_01719_,4.48
_01809_,4.48
_02020_,4.48
_02118_,4.48
_02178_,4.48
_02269_,4.48
_02399_,4.48
_02788_,4.48
_03005_,4.48
_03033_,4.48
_03967_,4.48
_04272_,4.48
_04822_,4.48
_05124_,4.48
_05125_,4.48
_05190_,4.48
_05316_,4.48
_05605_,4.48
_06322_,4.48
_06472_,4.48
_06807_,4.48
_07165_,4.48
_07196_,4.48
_07611_,4.48
_09481_,4.48
_09982_,4.48
_10208_,4.48
_10397_,4.48
_10555_,4.48
_10602_,4.48
_11110_,4.48
_11219_,4.48
_11292_,4.48
net583,4.48
net894,4.48
_00009_,4.46
_00150_,4.46
_00187_,4.46
_00214_,4.46
_00307_,4.46
_00310_,4.46
_00371_,4.46
_00376_,4.46
_00452_,4.46
_00470_,4.46
_00505_,4.46
_00508_,4.46
_00631_,4.46
_00676_,4.46
_00685_,4.46
_00719_,4.46
_00848_,4.46
_00871_,4.46
_01001_,4.46
_01021_,4.46
_01081_,4.46
_01292_,4.46
_01327_,4.46
_01370_,4.46
_01953_,4.46
_01986_,4.46
_02086_,4.46
_02107_,4.46
_02164_,4.46
_02526_,4.46
_02529_,4.46
_02540_,4.46
_02617_,4.46
_02922_,4.46
_02973_,4.46
_03044_,4.46
_03403_,4.46
_03435_,4.46
_03931_,4.46
_03961_,4.46
_04152_,4.46
_04886_,4.46
_04949_,4.46
_05116_,4.46
_05196_,4.46
_05434_,4.46
_05546_,4.46
_05581_,4.46
_05755_,4.46
_05855_,4.46
_06166_,4.46
_06207_,4.46
_06619_,4.46
_06655_,4.46
_06944_,4.46
_07150_,4.46
_07413_,4.46
_07520_,4.46
_07542_,4.46
_08342_,4.46
_08360_,4.46
_08388_,4.46
_08479_,4.46
_08548_,4.46
_08549_,4.46
_08560_,4.46
_08640_,4.46
_08854_,4.46
_08921_,4.46
_08985_,4.46
_09045_,4.46
_09594_,4.46
_09641_,4.46
_09857_,4.46
_10193_,4.46
_10431_,4.46
_10450_,4.46
_10527_,4.46
_10563_,4.46
_11001_,4.46
_11214_,4.46
_11346_,4.46
_11846_,4.46
_11879_,4.46
stage8_inst.out3\[21\],4.46
stage8_inst.stage4_lower.stage2_pair0.butterfly_inst.mul_inst.multiplier\[16\],4.46
stage8_inst.stage4_upper.stage2_pair0.butterfly_inst.mul_inst.multiplier\[25\],4.46
net641,4.46
net717,4.46
net904,4.46
net964,4.46
net1151,4.46
net1260,4.46
net1269,4.46
net1565,4.46
_00323_,4.44
_01176_,4.44
_01733_,4.44
_02507_,4.44
_02512_,4.44
_02806_,4.44
_03545_,4.44
_07193_,4.44
_07578_,4.44
_07877_,4.44
_09212_,4.44
_09932_,4.44
_10827_,4.44
_10997_,4.44
_11171_,4.44
_12030_,4.44
_04334_,4.43
_00648_,4.42
_00730_,4.42
_01959_,4.42
_02130_,4.42
_04029_,4.42
_04269_,4.42
_04469_,4.42
_04512_,4.42
_04834_,4.42
_04991_,4.42
_05445_,4.42
_05446_,4.42
_05551_,4.42
_05631_,4.42
_06169_,4.42
_06669_,4.42
_06696_,4.42
_07045_,4.42
_07183_,4.42
_07464_,4.42
_07547_,4.42
_08259_,4.42
_08410_,4.42
_08657_,4.42
_08706_,4.42
_08770_,4.42
_08837_,4.42
_08876_,4.42
_08962_,4.42
_09141_,4.42
_09807_,4.42
_10090_,4.42
_10091_,4.42
_10136_,4.42
_10315_,4.42
_10987_,4.42
_11315_,4.42
_11475_,4.42
_11884_,4.42
_12032_,4.42
net645,4.42
net648,4.42
net1062,4.42
net1340,4.42
net1664,4.42
_10215_,4.39
load_data[30],4.39
read_data[0],4.39
_01761_,4.36
_02539_,4.36
_03130_,4.36
_03191_,4.36
_04591_,4.36
_04997_,4.36
_05006_,4.36
_05016_,4.36
_05247_,4.36
_05359_,4.36
_05420_,4.36
_05437_,4.36
_06285_,4.36
_06521_,4.36
_06526_,4.36
_06670_,4.36
_07361_,4.36
_07543_,4.36
_07609_,4.36
_08796_,4.36
_08811_,4.36
_08850_,4.36
_08866_,4.36
_08878_,4.36
_09577_,4.36
_09709_,4.36
_10078_,4.36
_10890_,4.36
_11797_,4.36
_11908_,4.36
net742,4.36
net885,4.36
net1106,4.36
net1140,4.36
net1154,4.36
net1187,4.36
net1213,4.36
_00344_,4.34
_00602_,4.34
_00914_,4.34
_02133_,4.34
_02407_,4.34
_02838_,4.34
_02894_,4.34
_02965_,4.34
_03204_,4.34
_03371_,4.34
_03466_,4.34
_03526_,4.34
_03817_,4.34
_04193_,4.34
_04240_,4.34
_04290_,4.34
_04383_,4.34
_04608_,4.34
_04651_,4.34
_04880_,4.34
_05045_,4.34
_05160_,4.34
_05176_,4.34
_05223_,4.34
_05241_,4.34
_05450_,4.34
_05577_,4.34
_05630_,4.34
_05671_,4.34
_05675_,4.34
_05991_,4.34
_06329_,4.34
_06342_,4.34
_06757_,4.34
_06866_,4.34
_07190_,4.34
_07221_,4.34
_07313_,4.34
_07405_,4.34
_07808_,4.34
_07928_,4.34
_08089_,4.34
_08224_,4.34
_08227_,4.34
_08264_,4.34
_08266_,4.34
_08382_,4.34
_08472_,4.34
_08910_,4.34
_09158_,4.34
_09164_,4.34
_10177_,4.34
_10281_,4.34
_10290_,4.34
_10506_,4.34
_10585_,4.34
_10812_,4.34
_10850_,4.34
_11108_,4.34
_11191_,4.34
_11225_,4.34
_11725_,4.34
stage8_inst.out3\[27\],4.34
net632,4.34
net891,4.34
net1390,4.34
net1505,4.34
net1569,4.34
net1739,4.34
stage8_inst.stage4_upper.stage2_pair0.butterfly_inst.mul_inst.b\[1\],4.33
_04016_,4.32
_10184_,4.32
_10833_,4.32
_01593_,4.305
_01654_,4.305
_01756_,4.305
_01891_,4.305
_05311_,4.3
load_data[23],4.27
load_data[7],4.27
load_twiddle[0],4.27
load_twiddle[13],4.27
_01519_,4.265
_08768_,4.26
_00669_,4.245
_01836_,4.24
_02382_,4.24
_03293_,4.24
_05051_,4.24
_05748_,4.24
_06150_,4.24
_07329_,4.24
_08294_,4.24
_08362_,4.24
_08370_,4.24
_08475_,4.24
_09355_,4.24
_10915_,4.24
net1612,4.24
net1620,4.24
net1746,4.24
_00124_,4.22
_00161_,4.22
_00295_,4.22
_00531_,4.22
_00649_,4.22
_00977_,4.22
_01126_,4.22
_01871_,4.22
_02668_,4.22
_03265_,4.22
_05052_,4.22
_07115_,4.22
_07135_,4.22
_08210_,4.22
_09088_,4.22
_09262_,4.22
_09941_,4.22
stage8_inst.stage4_upper.stage2_pair0.butterfly_inst.mul_inst.b\[6\],4.22
net128,4.22
_00233_,4.215
_07981_,4.215
_02732_,4.2
_07498_,4.2
_08619_,4.2
_08693_,4.2
_08695_,4.2
_05283_,4.165
_09808_,4.155
_00185_,4.145
_01140_,4.14
_01151_,4.14
_01579_,4.14
_01840_,4.14
_02021_,4.14
_02340_,4.14
_04225_,4.14
_05567_,4.14
_06413_,4.14
_09622_,4.14
_09856_,4.14
_11152_,4.14
net476,4.14
net502,4.14
net957,4.14
net1031,4.14
net1047,4.14
net1204,4.14
net1384,4.14
net1444,4.14
net1652,4.14
_00068_,4.12
_00159_,4.12
_00168_,4.12
_00192_,4.12
_00230_,4.12
_00235_,4.12
_00296_,4.12
_00368_,4.12
_00436_,4.12
_00484_,4.12
_00514_,4.12
_00542_,4.12
_00555_,4.12
_00566_,4.12
_00607_,4.12
_00704_,4.12
_00716_,4.12
_00820_,4.12
_01100_,4.12
_01128_,4.12
_01320_,4.12
_01397_,4.12
_01525_,4.12
_01910_,4.12
_01955_,4.12
_02033_,4.12
_06109_,4.12
_07288_,4.12
_07484_,4.12
_10679_,4.12
net504,4.12
net516,4.12
net640,4.12
net778,4.12
net799,4.12
net813,4.12
net869,4.12
net1080,4.12
net1161,4.12
net1176,4.12
net1234,4.12
_06940_,4.115
_05293_,4.11
_05334_,4.11
_00054_,4.1
_00545_,4.1
_00594_,4.1
_00830_,4.1
_01306_,4.1
_01367_,4.1
_03028_,4.1
_04305_,4.1
_05277_,4.1
_05648_,4.1
_07634_,4.1
_08086_,4.1
_10231_,4.1
_10931_,4.1
_11069_,4.1
stage8_inst.stage4_upper.stage2_pair0.butterfly_inst.mul_inst.multiplier\[1\],4.1
stage8_inst.stage4_upper.stage2_pair0.butterfly_inst.mul_inst.multiplier\[29\],4.1
_02243_,4.095
_00105_,4.08
_01127_,4.08
_01218_,4.08
_01577_,4.08
_09791_,4.08
_00690_,4.045
_02013_,4.045
_09434_,4.04
_00005_,4.02
_00137_,4.02
_00145_,4.02
_00357_,4.02
_00411_,4.02
_00464_,4.02
_01002_,4.02
_01401_,4.02
_02106_,4.02
_02259_,4.02
_02275_,4.02
_02295_,4.02
_02610_,4.02
_02797_,4.02
_03022_,4.02
_03117_,4.02
_03228_,4.02
_03507_,4.02
_04256_,4.02
_04289_,4.02
_04451_,4.02
_04545_,4.02
_04578_,4.02
_04610_,4.02
_04617_,4.02
_04818_,4.02
_04969_,4.02
_04978_,4.02
_04981_,4.02
_05000_,4.02
_05003_,4.02
_05010_,4.02
_05019_,4.02
_05305_,4.02
_05506_,4.02
_05622_,4.02
_06246_,4.02
_06249_,4.02
_06377_,4.02
_06747_,4.02
_07347_,4.02
_07386_,4.02
_07696_,4.02
_07725_,4.02
_07863_,4.02
_09136_,4.02
_09391_,4.02
_09715_,4.02
_10348_,4.02
_10642_,4.02
_10652_,4.02
_10907_,4.02
_11244_,4.02
_11442_,4.02
_11603_,4.02
_11955_,4.02
_12005_,4.02
net741,4.02
net771,4.02
net772,4.02
net1024,4.02
net1053,4.02
_00144_,4.005
_00250_,4.005
_00031_,4
_00078_,4
_00080_,4
_00085_,4
_00130_,4
_00134_,4
_00183_,4
_00191_,4
_00221_,4
_00222_,4
_00255_,4
_00271_,4
_00778_,4
_00783_,4
_00818_,4
_00851_,4
_00896_,4
_00904_,4
_00965_,4
_00971_,4
_00995_,4
_00997_,4
_01064_,4
_01096_,4
_01110_,4
_01112_,4
_01165_,4
_01197_,4
_01246_,4
_01259_,4
_01277_,4
_01304_,4
_01308_,4
_01358_,4
_01426_,4
_01500_,4
_01561_,4
_01680_,4
_01736_,4
_01789_,4
_01806_,4
_01846_,4
_01905_,4
_02036_,4
_02117_,4
_02136_,4
_02200_,4
_02514_,4
_02588_,4
_02725_,4
_02730_,4
_02775_,4
_02785_,4
_03019_,4
_03108_,4
_03234_,4
_03381_,4
_03981_,4
_04011_,4
_04048_,4
_04336_,4
_04392_,4
_04431_,4
_04882_,4
_04900_,4
_04922_,4
_05018_,4
_05095_,4
_05384_,4
_06137_,4
_06462_,4
_06734_,4
_07385_,4
_08169_,4
_08307_,4
_08455_,4
_08515_,4
_08576_,4
_08606_,4
_08622_,4
_08681_,4
_08835_,4
_08942_,4
_08945_,4
_09020_,4
_09067_,4
_09342_,4
_09529_,4
_09558_,4
_09587_,4
_09649_,4
_09751_,4
_09987_,4
_10025_,4
_10068_,4
_10457_,4
_10694_,4
_10733_,4
_10921_,4
_11017_,4
_11147_,4
_11153_,4
_11785_,4
_11878_,4
_11994_,4
stage8_inst.out6\[30\],4
stage8_inst.out7\[10\],4
net138,4
net697,4
net731,4
net803,4
net942,4
net975,4
net1040,4
net1128,4
net1221,4
net1255,4
net1671,4
net1673,4
_01264_,3.98
_04333_,3.98
_07551_,3.98
_09954_,3.98
_02710_,3.97
_03570_,3.97
_03275_,3.93
_09133_,3.93
load_twiddle[17],3.93
load_twiddle[2],3.93
load_twiddle_en,3.93
_02373_,3.91
_02253_,3.9
_02471_,3.9
_02530_,3.9
_02542_,3.9
_02949_,3.9
_03471_,3.9
_04030_,3.9
_04351_,3.9
_04378_,3.9
_04419_,3.9
_04493_,3.9
_04925_,3.9
_05354_,3.9
_05362_,3.9
_05448_,3.9
_05619_,3.9
_06475_,3.9
_06671_,3.9
_06988_,3.9
_07579_,3.9
_08508_,3.9
_08516_,3.9
_08650_,3.9
_08788_,3.9
_08799_,3.9
_08801_,3.9
_08814_,3.9
_08838_,3.9
_08902_,3.9
_08914_,3.9
_09590_,3.9
_09638_,3.9
_10030_,3.9
_10118_,3.9
_10265_,3.9
_10274_,3.9
_10520_,3.9
_10927_,3.9
_11014_,3.9
_11967_,3.9
_00441_,3.88
_00474_,3.88
_00586_,3.88
_00626_,3.88
_00686_,3.88
_01925_,3.88
_02196_,3.88
_02208_,3.88
_02531_,3.88
_02562_,3.88
_02750_,3.88
_03151_,3.88
_03157_,3.88
_03255_,3.88
_03261_,3.88
_03614_,3.88
_03974_,3.88
_04075_,3.88
_04122_,3.88
_04440_,3.88
_04757_,3.88
_05159_,3.88
_05395_,3.88
_05422_,3.88
_06038_,3.88
_06345_,3.88
_06422_,3.88
_06473_,3.88
_06572_,3.88
_06735_,3.88
_06775_,3.88
_06874_,3.88
_06907_,3.88
_06960_,3.88
_07001_,3.88
_07053_,3.88
_07430_,3.88
_07501_,3.88
_07511_,3.88
_07599_,3.88
_07600_,3.88
_07839_,3.88
_07853_,3.88
_07911_,3.88
_08043_,3.88
_08144_,3.88
_08263_,3.88
_08613_,3.88
_08711_,3.88
_08892_,3.88
_08893_,3.88
_09104_,3.88
_09213_,3.88
_09447_,3.88
_09864_,3.88
_10012_,3.88
_10146_,3.88
_10436_,3.88
_10456_,3.88
_10494_,3.88
_10718_,3.88
_10880_,3.88
_11055_,3.88
_11118_,3.88
_11143_,3.88
_11280_,3.88
_11335_,3.88
_11454_,3.88
_11624_,3.88
_12038_,3.88
net674,3.88
_03316_,3.86
_06575_,3.86
_10636_,3.86
_01451_,3.845
_01708_,3.845
net963,3.845
_06765_,3.83
_00129_,3.78
_00164_,3.78
_00189_,3.78
_00190_,3.78
_00240_,3.78
_00402_,3.78
_01004_,3.78
_01293_,3.78
_01495_,3.78
_01818_,3.78
_01835_,3.78
_01852_,3.78
_01859_,3.78
_01876_,3.78
_02932_,3.78
_03285_,3.78
_03314_,3.78
_03996_,3.78
_04255_,3.78
_05635_,3.78
_08340_,3.78
_08533_,3.78
_08537_,3.78
_08660_,3.78
_08756_,3.78
_10028_,3.78
_10143_,3.78
_10458_,3.78
net954,3.78
_08032_,3.77
_00257_,3.76
_00284_,3.76
_00298_,3.76
_00305_,3.76
_00408_,3.76
_00515_,3.76
_00801_,3.76
_01111_,3.76
_01122_,3.76
_01380_,3.76
_01413_,3.76
_01551_,3.76
_01808_,3.76
_02794_,3.76
_03116_,3.76
_03396_,3.76
_03407_,3.76
_04221_,3.76
_06468_,3.76
_06909_,3.76
_08020_,3.76
_09911_,3.76
_10968_,3.76
_10316_,3.755
_02001_,3.74
_08359_,3.74
_08412_,3.74
_10969_,3.74
_11090_,3.74
net1519,3.74
net1538,3.74
_00132_,3.705
_00195_,3.705
_01046_,3.705
_00563_,3.685
_01389_,3.685
_00612_,3.68
_00620_,3.68
_01079_,3.68
_01144_,3.68
_02255_,3.68
_03170_,3.68
_04235_,3.68
_04251_,3.68
_05108_,3.68
_05227_,3.68
_05304_,3.68
_05623_,3.68
_05918_,3.68
_06642_,3.68
_06888_,3.68
_07013_,3.68
_08050_,3.68
_08724_,3.68
_09023_,3.68
_09406_,3.68
_10922_,3.68
_11393_,3.68
_11684_,3.68
net723,3.68
net745,3.68
net760,3.68
net765,3.68
net783,3.68
net787,3.68
net841,3.68
net853,3.68
net906,3.68
net927,3.68
net929,3.68
net989,3.68
net999,3.68
net1032,3.68
net1054,3.68
net1065,3.68
net1133,3.68
net1136,3.68
net1139,3.68
net1155,3.68
net1216,3.68
net1227,3.68
net1473,3.68
net1548,3.68
net1586,3.68
net1629,3.68
_00048_,3.66
_00059_,3.66
_00084_,3.66
_00089_,3.66
_00098_,3.66
_00169_,3.66
_00196_,3.66
_00249_,3.66
_00258_,3.66
_00315_,3.66
_00437_,3.66
_00457_,3.66
_00550_,3.66
_00556_,3.66
_00565_,3.66
_00596_,3.66
_00599_,3.66
_00673_,3.66
_00717_,3.66
_00753_,3.66
_00817_,3.66
_00840_,3.66
_00841_,3.66
_00867_,3.66
_00868_,3.66
_00987_,3.66
_01135_,3.66
_01177_,3.66
_01257_,3.66
_01262_,3.66
_01279_,3.66
_01287_,3.66
_01314_,3.66
_01357_,3.66
_01385_,3.66
_01399_,3.66
_01434_,3.66
_01437_,3.66
_01440_,3.66
_01475_,3.66
_01538_,3.66
_01558_,3.66
_01570_,3.66
_01609_,3.66
_01660_,3.66
_01732_,3.66
_01748_,3.66
_01799_,3.66
_01916_,3.66
_02110_,3.66
_02218_,3.66
_02337_,3.66
_03361_,3.66
_05148_,3.66
_06995_,3.66
_07375_,3.66
_08220_,3.66
_08322_,3.66
_09746_,3.66
_10745_,3.66
_11278_,3.66
net764,3.66
net873,3.66
net1192,3.66
net1639,3.66
_00052_,3.64
_00423_,3.64
_00533_,3.64
_01261_,3.64
_03516_,3.64
_08103_,3.64
_12040_,3.64
stage8_inst.stage4_upper.stage2_pair0.butterfly_inst.mul_inst.multiplier\[4\],3.64
net710,3.605
_06704_,3.58
_09419_,3.58
_00053_,3.56
_00075_,3.56
_00099_,3.56
_00104_,3.56
_00108_,3.56
_00111_,3.56
_00138_,3.56
_00181_,3.56
_00217_,3.56
_00286_,3.56
_00293_,3.56
_00299_,3.56
_00300_,3.56
_00318_,3.56
_00378_,3.56
_00440_,3.56
_00479_,3.56
_00507_,3.56
_00539_,3.56
_00546_,3.56
_00549_,3.56
_00581_,3.56
_00598_,3.56
_00809_,3.56
_00836_,3.56
_00928_,3.56
_00976_,3.56
_01013_,3.56
_01033_,3.56
_01053_,3.56
_01270_,3.56
_01301_,3.56
_01307_,3.56
_01312_,3.56
_01331_,3.56
_01350_,3.56
_01356_,3.56
_01364_,3.56
_01410_,3.56
_01473_,3.56
_01477_,3.56
_01501_,3.56
_01522_,3.56
_01709_,3.56
_01710_,3.56
_01762_,3.56
_01783_,3.56
_01903_,3.56
_01904_,3.56
_01907_,3.56
_01915_,3.56
_01919_,3.56
_02360_,3.56
_03142_,3.56
_03527_,3.56
_03585_,3.56
_04035_,3.56
_04338_,3.56
_04814_,3.56
_05747_,3.56
_05929_,3.56
_06194_,3.56
_06308_,3.56
_06360_,3.56
_06525_,3.56
_07025_,3.56
_07384_,3.56
_07607_,3.56
_08012_,3.56
_08111_,3.56
_08167_,3.56
_08909_,3.56
_08950_,3.56
_09540_,3.56
_09604_,3.56
_09971_,3.56
_10039_,3.56
_10205_,3.56
_10500_,3.56
_10503_,3.56
_10576_,3.56
_10595_,3.56
_10853_,3.56
_11218_,3.56
_11932_,3.56
_11950_,3.56
net776,3.56
net1077,3.56
_00044_,3.54
_00055_,3.54
_00061_,3.54
_00072_,3.54
_00131_,3.54
_00216_,3.54
_00219_,3.54
_00260_,3.54
_00269_,3.54
_00386_,3.54
_00434_,3.54
_00467_,3.54
_00528_,3.54
_00535_,3.54
_00568_,3.54
_00597_,3.54
_00700_,3.54
_00720_,3.54
_00788_,3.54
_00800_,3.54
_00882_,3.54
_00888_,3.54
_00892_,3.54
_00895_,3.54
_00899_,3.54
_00920_,3.54
_00926_,3.54
_00964_,3.54
_01050_,3.54
_01226_,3.54
_01300_,3.54
_01371_,3.54
_01374_,3.54
_01377_,3.54
_01444_,3.54
_01455_,3.54
_01485_,3.54
_01513_,3.54
_01604_,3.54
_01676_,3.54
_01697_,3.54
_01698_,3.54
_01701_,3.54
_01704_,3.54
_01705_,3.54
_01711_,3.54
_01712_,3.54
_01771_,3.54
_01844_,3.54
_01850_,3.54
_01971_,3.54
_01979_,3.54
_02039_,3.54
_02112_,3.54
_02166_,3.54
_02167_,3.54
_02180_,3.54
_02195_,3.54
_02413_,3.54
_02784_,3.54
_02798_,3.54
_02886_,3.54
_02916_,3.54
_02962_,3.54
_03053_,3.54
_03873_,3.54
_03920_,3.54
_04317_,3.54
_04324_,3.54
_04368_,3.54
_04569_,3.54
_04762_,3.54
_05228_,3.54
_05486_,3.54
_05504_,3.54
_05552_,3.54
_05866_,3.54
_06185_,3.54
_06227_,3.54
_06677_,3.54
_06884_,3.54
_07474_,3.54
_07596_,3.54
_07883_,3.54
_07905_,3.54
_07934_,3.54
_08061_,3.54
_08267_,3.54
_08343_,3.54
_08374_,3.54
_08437_,3.54
_08454_,3.54
_08480_,3.54
_08494_,3.54
_08565_,3.54
_08736_,3.54
_08766_,3.54
_08782_,3.54
_08802_,3.54
_08816_,3.54
_09410_,3.54
_09738_,3.54
_09780_,3.54
_09977_,3.54
_10084_,3.54
_10188_,3.54
_10443_,3.54
_10528_,3.54
_10590_,3.54
_11067_,3.54
_11126_,3.54
_11297_,3.54
_11804_,3.54
_11930_,3.54
stage8_inst.stage4_lower.stage2_pair0.butterfly_inst.mul_inst.multiplier\[2\],3.54
stage8_inst.stage4_upper.stage2_pair0.butterfly_inst.mul_inst.multiplier\[15\],3.54
stage8_inst.stage4_upper.stage2_pair0.butterfly_inst.mul_inst.multiplier\[17\],3.54
stage8_inst.stage4_upper.stage2_pair1.butterfly_inst.mul_inst.multiplier\[26\],3.54
net122,3.54
net123,3.54
net578,3.54
net728,3.54
net933,3.54
net960,3.54
net1146,3.54
net1178,3.54
net1285,3.54
net1339,3.54
net1733,3.54
_00327_,3.52
_02776_,3.52
_04017_,3.52
_06061_,3.52
_08514_,3.52
_04601_,3.49
_01349_,3.44
_01417_,3.44
_02241_,3.44
_02388_,3.44
_02559_,3.44
_03412_,3.44
_03456_,3.44
_03458_,3.44
_03459_,3.44
_03485_,3.44
_03770_,3.44
_03901_,3.44
_04241_,3.44
_04379_,3.44
_04913_,3.44
_05360_,3.44
_05364_,3.44
_05370_,3.44
_05453_,3.44
_06191_,3.44
_06466_,3.44
_06562_,3.44
_06797_,3.44
_06803_,3.44
_07293_,3.44
_07439_,3.44
_07566_,3.44
_07570_,3.44
_08001_,3.44
_08652_,3.44
_08670_,3.44
_08672_,3.44
_08795_,3.44
_08847_,3.44
_08915_,3.44
_09893_,3.44
_10083_,3.44
_10666_,3.44
_10693_,3.44
_10734_,3.44
_10742_,3.44
_10972_,3.44
_10979_,3.44
_11040_,3.44
_11184_,3.44
_11228_,3.44
_11461_,3.44
_11907_,3.44
_00407_,3.42
_00934_,3.42
_01743_,3.42
_02434_,3.42
_02656_,3.42
_02808_,3.42
_02975_,3.42
_03537_,3.42
_03752_,3.42
_04237_,3.42
_04395_,3.42
_04668_,3.42
_04765_,3.42
_04849_,3.42
_04888_,3.42
_04889_,3.42
_04924_,3.42
_04953_,3.42
_05012_,3.42
_05154_,3.42
_05732_,3.42
_05733_,3.42
_05843_,3.42
_06009_,3.42
_06014_,3.42
_06097_,3.42
_06158_,3.42
_06288_,3.42
_06471_,3.42
_06499_,3.42
_06574_,3.42
_06770_,3.42
_06773_,3.42
_06889_,3.42
_06911_,3.42
_07011_,3.42
_07073_,3.42
_07265_,3.42
_07344_,3.42
_07565_,3.42
_07572_,3.42
_07581_,3.42
_07857_,3.42
_08244_,3.42
_08258_,3.42
_08297_,3.42
_08330_,3.42
_08713_,3.42
_08922_,3.42
_09012_,3.42
_09075_,3.42
_09157_,3.42
_09249_,3.42
_09624_,3.42
_09868_,3.42
_09969_,3.42
_10017_,3.42
_10155_,3.42
_10172_,3.42
_10189_,3.42
_10224_,3.42
_10507_,3.42
_10517_,3.42
_10529_,3.42
_10539_,3.42
_10592_,3.42
_10594_,3.42
_10626_,3.42
_10692_,3.42
_10883_,3.42
_11026_,3.42
_11308_,3.42
_11778_,3.42
_11795_,3.42
_11856_,3.42
_11914_,3.42
net560,3.42
net740,3.42
net921,3.42
net1084,3.42
_04294_,3.4
_00510_,3.385
_00790_,3.385
_02158_,3.385
net827,3.385
_04224_,3.33
_02463_,3.32
_03515_,3.32
_04300_,3.32
_08368_,3.32
_08481_,3.32
_10944_,3.32
net487,3.32
net1035,3.32
net1425,3.32
net1446,3.32
net1531,3.32
net1536,3.32
net1613,3.32
_00314_,3.3
_00389_,3.3
_00403_,3.3
_00813_,3.3
_00823_,3.3
_01353_,3.3
_01776_,3.3
_02850_,3.3
_05427_,3.3
_05944_,3.3
_06429_,3.3
_08604_,3.3
_09945_,3.3
net88,3.3
net743,3.3
_03185_,3.295
_09001_,3.29
_01837_,3.225
_00610_,3.22
_00613_,3.22
_00622_,3.22
_00623_,3.22
_00636_,3.22
_00637_,3.22
_00638_,3.22
_00639_,3.22
_00640_,3.22
_01073_,3.22
_01085_,3.22
_01089_,3.22
_01502_,3.22
_01508_,3.22
_01958_,3.22
_01963_,3.22
_01964_,3.22
_01968_,3.22
_01970_,3.22
_01988_,3.22
_01989_,3.22
_01994_,3.22
_01998_,3.22
_02123_,3.22
_07408_,3.22
_08015_,3.22
_08192_,3.22
_08771_,3.22
_09220_,3.22
_09814_,3.22
_09888_,3.22
net599,3.22
net1306,3.22
_00148_,3.215
_00993_,3.215
_00039_,3.2
_00123_,3.2
_00141_,3.2
_00203_,3.2
_00229_,3.2
_00292_,3.2
_00303_,3.2
_00332_,3.2
_00347_,3.2
_00352_,3.2
_00361_,3.2
_00435_,3.2
_00461_,3.2
_00466_,3.2
_00491_,3.2
_00522_,3.2
_00646_,3.2
_00698_,3.2
_00712_,3.2
_00722_,3.2
_00727_,3.2
_00769_,3.2
_00808_,3.2
_00814_,3.2
_00821_,3.2
_00855_,3.2
_00979_,3.2
_00989_,3.2
_00999_,3.2
_01019_,3.2
_01191_,3.2
_01235_,3.2
_01258_,3.2
_01302_,3.2
_01309_,3.2
_01351_,3.2
_01556_,3.2
_01608_,3.2
_01612_,3.2
_01686_,3.2
_01717_,3.2
_01737_,3.2
_01740_,3.2
_01788_,3.2
_01858_,3.2
_01901_,3.2
_02005_,3.2
_02012_,3.2
_02018_,3.2
_02022_,3.2
_02145_,3.2
_02156_,3.2
_02157_,3.2
_02162_,3.2
_02168_,3.2
_02169_,3.2
_02209_,3.2
_02374_,3.2
_05217_,3.2
_05457_,3.2
_05651_,3.2
_08082_,3.2
_08972_,3.2
_09051_,3.2
_11620_,3.2
net725,3.2
net1290,3.2
net1647,3.2
_04404_,3.19
_00011_,3.18
_00242_,3.18
_00417_,3.18
_00641_,3.18
_00819_,3.18
_01153_,3.18
_02068_,3.18
_06362_,3.18
_07843_,3.18
_11134_,3.18
stage8_inst.stage4_upper.stage2_pair0.butterfly_inst.mul_inst.b\[9\],3.18
_00042_,3.125
_00462_,3.125
_01297_,3.125
_01731_,3.125
_00147_,3.105
_00058_,3.1
_00067_,3.1
_00073_,3.1
_00081_,3.1
_00086_,3.1
_00100_,3.1
_00114_,3.1
_00128_,3.1
_00133_,3.1
_00135_,3.1
_00152_,3.1
_00154_,3.1
_00156_,3.1
_00165_,3.1
_00170_,3.1
_00171_,3.1
_00173_,3.1
_00178_,3.1
_00179_,3.1
_00199_,3.1
_00239_,3.1
_00247_,3.1
_00272_,3.1
_00276_,3.1
_00279_,3.1
_00288_,3.1
_00319_,3.1
_00349_,3.1
_00369_,3.1
_00370_,3.1
_00385_,3.1
_00414_,3.1
_00415_,3.1
_00439_,3.1
_00456_,3.1
_00458_,3.1
_00478_,3.1
_00564_,3.1
_00573_,3.1
_00575_,3.1
_00592_,3.1
_00827_,3.1
_00828_,3.1
_00839_,3.1
_00853_,3.1
_00866_,3.1
_00893_,3.1
_01022_,3.1
_01024_,3.1
_01031_,3.1
_01037_,3.1
_01039_,3.1
_01054_,3.1
_01058_,3.1
_01062_,3.1
_01232_,3.1
_01266_,3.1
_01267_,3.1
_01280_,3.1
_01284_,3.1
_01288_,3.1
_01290_,3.1
_01324_,3.1
_01325_,3.1
_01334_,3.1
_01345_,3.1
_01352_,3.1
_01409_,3.1
_01420_,3.1
_01425_,3.1
_01442_,3.1
_01458_,3.1
_01461_,3.1
_01479_,3.1
_01667_,3.1
_01706_,3.1
_01713_,3.1
_01716_,3.1
_01721_,3.1
_01747_,3.1
_01752_,3.1
_01760_,3.1
_01770_,3.1
_01775_,3.1
_01787_,3.1
_01804_,3.1
_01807_,3.1
_01811_,3.1
_01848_,3.1
_01849_,3.1
_01853_,3.1
_01854_,3.1
_01860_,3.1
_01866_,3.1
_01869_,3.1
_01877_,3.1
_01879_,3.1
_01887_,3.1
_01929_,3.1
_01944_,3.1
_02148_,3.1
_02150_,3.1
_02160_,3.1
_02190_,3.1
_02211_,3.1
_02212_,3.1
_02223_,3.1
_02224_,3.1
_02229_,3.1
_02239_,3.1
_02741_,3.1
_02901_,3.1
_02908_,3.1
_02935_,3.1
_02942_,3.1
_03350_,3.1
_04319_,3.1
_04780_,3.1
_05055_,3.1
_05100_,3.1
_05234_,3.1
_05323_,3.1
_05331_,3.1
_05744_,3.1
_06230_,3.1
_06349_,3.1
_06448_,3.1
_06972_,3.1
_08016_,3.1
_09180_,3.1
_09215_,3.1
_09690_,3.1
_09779_,3.1
_10351_,3.1
_10466_,3.1
_10471_,3.1
_10513_,3.1
_10546_,3.1
_10601_,3.1
_10773_,3.1
_10783_,3.1
_10898_,3.1
_11226_,3.1
_11254_,3.1
_11262_,3.1
net541,3.1
net556,3.1
net890,3.1
net1027,3.1
net1144,3.1
net1240,3.1
_00006_,3.08
_00026_,3.08
_00037_,3.08
_00069_,3.08
_00083_,3.08
_00087_,3.08
_00122_,3.08
_00231_,3.08
_00264_,3.08
_00274_,3.08
_00277_,3.08
_00301_,3.08
_00306_,3.08
_00375_,3.08
_00391_,3.08
_00394_,3.08
_00460_,3.08
_00537_,3.08
_00588_,3.08
_00600_,3.08
_00682_,3.08
_00693_,3.08
_00741_,3.08
_00781_,3.08
_00784_,3.08
_00815_,3.08
_00846_,3.08
_00863_,3.08
_00879_,3.08
_00890_,3.08
_00918_,3.08
_00970_,3.08
_01023_,3.08
_01028_,3.08
_01068_,3.08
_01097_,3.08
_01107_,3.08
_01170_,3.08
_01233_,3.08
_01241_,3.08
_01244_,3.08
_01247_,3.08
_01254_,3.08
_01265_,3.08
_01395_,3.08
_01439_,3.08
_01449_,3.08
_01462_,3.08
_01471_,3.08
_01480_,3.08
_01487_,3.08
_01518_,3.08
_01520_,3.08
_01547_,3.08
_01693_,3.08
_01695_,3.08
_01749_,3.08
_01768_,3.08
_01794_,3.08
_01841_,3.08
_01897_,3.08
_01911_,3.08
_01924_,3.08
_01927_,3.08
_01930_,3.08
_01932_,3.08
_01938_,3.08
_01973_,3.08
_02050_,3.08
_02055_,3.08
_02063_,3.08
_02125_,3.08
_02151_,3.08
_02163_,3.08
_02187_,3.08
_02201_,3.08
_02202_,3.08
_02238_,3.08
_02272_,3.08
_02472_,3.08
_02573_,3.08
_02606_,3.08
_02652_,3.08
_02726_,3.08
_02762_,3.08
_02873_,3.08
_02889_,3.08
_03025_,3.08
_03050_,3.08
_03306_,3.08
_03355_,3.08
_03367_,3.08
_03428_,3.08
_03467_,3.08
_03566_,3.08
_04063_,3.08
_04279_,3.08
_04291_,3.08
_04307_,3.08
_04458_,3.08
_04482_,3.08
_04579_,3.08
_04624_,3.08
_04643_,3.08
_04654_,3.08
_04725_,3.08
_04934_,3.08
_04961_,3.08
_05075_,3.08
_05113_,3.08
_05328_,3.08
_05476_,3.08
_05484_,3.08
_05554_,3.08
_05633_,3.08
_05637_,3.08
_05798_,3.08
_06028_,3.08
_06415_,3.08
_06507_,3.08
_06627_,3.08
_06719_,3.08
_07009_,3.08
_07058_,3.08
_07328_,3.08
_07827_,3.08
_07938_,3.08
_08049_,3.08
_08133_,3.08
_08203_,3.08
_08280_,3.08
_08301_,3.08
_08324_,3.08
_08335_,3.08
_08375_,3.08
_08386_,3.08
_08395_,3.08
_08458_,3.08
_08591_,3.08
_08673_,3.08
_08700_,3.08
_08848_,3.08
_08889_,3.08
_09003_,3.08
_09059_,3.08
_09113_,3.08
_09545_,3.08
_09805_,3.08
_09899_,3.08
_09994_,3.08
_10008_,3.08
_10053_,3.08
_10227_,3.08
_10395_,3.08
_10598_,3.08
_10675_,3.08
_11048_,3.08
_11250_,3.08
_11260_,3.08
_11730_,3.08
_11790_,3.08
_11848_,3.08
stage8_inst.out0\[26\],3.08
stage8_inst.out2\[30\],3.08
stage8_inst.stage4_lower.stage2_pair0.butterfly_inst.mul_inst.multiplier\[1\],3.08
stage8_inst.stage4_lower.stage2_pair0.butterfly_inst.mul_inst.multiplier\[22\],3.08
stage8_inst.stage4_lower.stage2_pair1.butterfly_inst.mul_inst.multiplier\[15\],3.08
net561,3.08
net575,3.08
net613,3.08
net805,3.08
net1012,3.08
net1066,3.08
net1159,3.08
net1166,3.08
net1238,3.08
net1267,3.08
net1284,3.08
net1386,3.08
net1423,3.08
net1478,3.08
_05818_,3.06
_06115_,3.06
_06444_,3.06
_07382_,3.06
_10917_,3.06
_12011_,3.06
net703,3.06
_06863_,3.05
_11574_,3.05
_02300_,2.98
_02302_,2.98
_02403_,2.98
_02422_,2.98
_02425_,2.98
_02480_,2.98
_02754_,2.98
_03194_,2.98
_03502_,2.98
_04141_,2.98
_04222_,2.98
_04249_,2.98
_04365_,2.98
_04657_,2.98
_04754_,2.98
_05361_,2.98
_05373_,2.98
_05393_,2.98
_05405_,2.98
_05414_,2.98
_05417_,2.98
_05584_,2.98
_05647_,2.98
_05661_,2.98
_07504_,2.98
_07517_,2.98
_07544_,2.98
_07546_,2.98
_07554_,2.98
_07882_,2.98
_08075_,2.98
_08225_,2.98
_08317_,2.98
_08347_,2.98
_08661_,2.98
_08833_,2.98
_08836_,2.98
_08855_,2.98
_08864_,2.98
_08869_,2.98
_09705_,2.98
_09844_,2.98
_09929_,2.98
_09991_,2.98
_10024_,2.98
_10086_,2.98
_10258_,2.98
_10879_,2.98
_11032_,2.98
_11046_,2.98
_11256_,2.98
_11744_,2.98
_11748_,2.98
net468,2.98
_00377_,2.96
_00480_,2.96
_00578_,2.96
_00912_,2.96
_00922_,2.96
_01042_,2.96
_01526_,2.96
_01914_,2.96
_02276_,2.96
_02492_,2.96
_02593_,2.96
_02671_,2.96
_02782_,2.96
_02939_,2.96
_03219_,2.96
_03395_,2.96
_03397_,2.96
_03402_,2.96
_03408_,2.96
_03426_,2.96
_03431_,2.96
_03453_,2.96
_03493_,2.96
_03495_,2.96
_03509_,2.96
_03530_,2.96
_04207_,2.96
_04330_,2.96
_04385_,2.96
_04443_,2.96
_04816_,2.96
_04859_,2.96
_04864_,2.96
_05375_,2.96
_05412_,2.96
_05431_,2.96
_05433_,2.96
_06427_,2.96
_06600_,2.96
_06694_,2.96
_07144_,2.96
_07186_,2.96
_07251_,2.96
_07353_,2.96
_07503_,2.96
_07564_,2.96
_07858_,2.96
_08036_,2.96
_08206_,2.96
_08278_,2.96
_08314_,2.96
_08321_,2.96
_08341_,2.96
_08496_,2.96
_08499_,2.96
_08540_,2.96
_08556_,2.96
_08668_,2.96
_08687_,2.96
_08694_,2.96
_08759_,2.96
_08807_,2.96
_08817_,2.96
_08858_,2.96
_08861_,2.96
_08901_,2.96
_08951_,2.96
_09000_,2.96
_09100_,2.96
_09150_,2.96
_09384_,2.96
_09537_,2.96
_09619_,2.96
_09900_,2.96
_10225_,2.96
_10278_,2.96
_10308_,2.96
_10335_,2.96
_10542_,2.96
_10548_,2.96
_10569_,2.96
_10573_,2.96
_10584_,2.96
_10615_,2.96
_10755_,2.96
_10905_,2.96
_10909_,2.96
_11011_,2.96
_11149_,2.96
_11317_,2.96
_11532_,2.96
_11576_,2.96
net121,2.96
net129,2.96
net568,2.96
net614,2.96
net1220,2.96
net1663,2.96
_00082_,2.925
_00702_,2.925
_00782_,2.925
_00803_,2.925
_00870_,2.925
_01729_,2.925
_01765_,2.925
_10003_,2.89
_00469_,2.86
_02678_,2.86
_08424_,2.86
_08542_,2.86
_09897_,2.86
net1638,2.86
_04421_,2.85
_00237_,2.84
_00246_,2.84
_00266_,2.84
_00275_,2.84
_00282_,2.84
_00409_,2.84
_01093_,2.84
_01412_,2.84
_01839_,2.84
_01855_,2.84
_02071_,2.84
_02149_,2.84
_02352_,2.84
_03474_,2.84
_05135_,2.84
_11125_,2.84
_11268_,2.84
net1370,2.84
_03363_,2.82
_05783_,2.82
_03290_,2.775
_01800_,2.765
_00634_,2.76
_01503_,2.76
_01816_,2.76
_02314_,2.76
_03235_,2.76
_03635_,2.76
_04213_,2.76
_04361_,2.76
_05864_,2.76
_06551_,2.76
_07323_,2.76
_08204_,2.76
_08525_,2.76
_08529_,2.76
_08539_,2.76
_08551_,2.76
_08669_,2.76
_08996_,2.76
_09833_,2.76
_11162_,2.76
_11891_,2.76
_11905_,2.76
stage8_inst.stage4_lower.stage2_pair1.butterfly_inst.mul_inst.multiplier\[4\],2.76
stage8_inst.stage4_upper.stage2_pair1.butterfly_inst.mul_inst.multiplier\[18\],2.76
net634,2.76
net668,2.76
net699,2.76
net888,2.76
net941,2.76
net1059,2.76
net1202,2.76
net1218,2.76
net1241,2.76
net1293,2.76
net1326,2.76
net1348,2.76
net1451,2.76
net1632,2.76
net1720,2.76
_00071_,2.74
_00077_,2.74
_00079_,2.74
_00116_,2.74
_00143_,2.74
_00175_,2.74
_00188_,2.74
_00205_,2.74
_00209_,2.74
_00211_,2.74
_00212_,2.74
_00224_,2.74
_00270_,2.74
_00289_,2.74
_00290_,2.74
_00312_,2.74
_00321_,2.74
_00343_,2.74
_00345_,2.74
_00380_,2.74
_00468_,2.74
_00476_,2.74
_00487_,2.74
_00488_,2.74
_00492_,2.74
_00532_,2.74
_00560_,2.74
_00571_,2.74
_00579_,2.74
_00583_,2.74
_00679_,2.74
_00708_,2.74
_00770_,2.74
_00812_,2.74
_00842_,2.74
_00880_,2.74
_00885_,2.74
_00901_,2.74
_00907_,2.74
_00930_,2.74
_00972_,2.74
_00974_,2.74
_00983_,2.74
_00996_,2.74
_00998_,2.74
_01005_,2.74
_01020_,2.74
_01026_,2.74
_01034_,2.74
_01106_,2.74
_01148_,2.74
_01149_,2.74
_01155_,2.74
_01199_,2.74
_01253_,2.74
_01256_,2.74
_01271_,2.74
_01299_,2.74
_01310_,2.74
_01329_,2.74
_01355_,2.74
_01386_,2.74
_01393_,2.74
_01416_,2.74
_01432_,2.74
_01443_,2.74
_01446_,2.74
_01483_,2.74
_01586_,2.74
_01587_,2.74
_01605_,2.74
_01611_,2.74
_01623_,2.74
_01677_,2.74
_01678_,2.74
_01687_,2.74
_01690_,2.74
_01707_,2.74
_01714_,2.74
_01725_,2.74
_01728_,2.74
_01730_,2.74
_01742_,2.74
_01745_,2.74
_01779_,2.74
_01795_,2.74
_01821_,2.74
_01826_,2.74
_01875_,2.74
_01883_,2.74
_01899_,2.74
_01926_,2.74
_01952_,2.74
_02010_,2.74
_02087_,2.74
_02097_,2.74
_02144_,2.74
_02155_,2.74
_02204_,2.74
_02219_,2.74
_02235_,2.74
_03242_,2.74
_03366_,2.74
_07229_,2.74
_07743_,2.74
_08104_,2.74
_08946_,2.74
_09052_,2.74
_09616_,2.74
_10895_,2.74
_11235_,2.74
net619,2.74
_02567_,2.72
_03554_,2.72
_11208_,2.72
_05487_,2.68
_00142_,2.665
_00278_,2.665
_00348_,2.665
_00865_,2.665
_00902_,2.665
_01057_,2.665
_01373_,2.665
_01664_,2.665
_01763_,2.665
_01878_,2.665
_04427_,2.65
_04683_,2.65
_09961_,2.65
_00002_,2.64
_00455_,2.64
_01805_,2.64
_01834_,2.64
_02280_,2.64
_02313_,2.64
_02367_,2.64
_02847_,2.64
_03070_,2.64
_03082_,2.64
_04390_,2.64
_04626_,2.64
_05082_,2.64
_05121_,2.64
_05273_,2.64
_05291_,2.64
_05462_,2.64
_05580_,2.64
_06478_,2.64
_06549_,2.64
_06712_,2.64
_06818_,2.64
_07132_,2.64
_08188_,2.64
_08195_,2.64
_08708_,2.64
_09313_,2.64
_09551_,2.64
_10684_,2.64
_10824_,2.64
_10911_,2.64
_10918_,2.64
_11246_,2.64
_11764_,2.64
_11770_,2.64
_11792_,2.64
_11865_,2.64
net868,2.64
net1343,2.64
_00046_,2.62
_00047_,2.62
_00060_,2.62
_00064_,2.62
_00110_,2.62
_00112_,2.62
_00291_,2.62
_00324_,2.62
_00353_,2.62
_00354_,2.62
_00360_,2.62
_00367_,2.62
_00419_,2.62
_00420_,2.62
_00427_,2.62
_00433_,2.62
_00525_,2.62
_00527_,2.62
_00530_,2.62
_00543_,2.62
_00576_,2.62
_00611_,2.62
_00625_,2.62
_00635_,2.62
_00680_,2.62
_00694_,2.62
_00695_,2.62
_00736_,2.62
_00772_,2.62
_00799_,2.62
_00843_,2.62
_00859_,2.62
_00869_,2.62
_00872_,2.62
_00900_,2.62
_00988_,2.62
_00990_,2.62
_00992_,2.62
_00994_,2.62
_01009_,2.62
_01147_,2.62
_01154_,2.62
_01180_,2.62
_01238_,2.62
_01242_,2.62
_01453_,2.62
_01465_,2.62
_01466_,2.62
_01474_,2.62
_01482_,2.62
_01507_,2.62
_01514_,2.62
_01523_,2.62
_01573_,2.62
_01614_,2.62
_01700_,2.62
_01718_,2.62
_01724_,2.62
_01735_,2.62
_01750_,2.62
_01764_,2.62
_01803_,2.62
_01829_,2.62
_01843_,2.62
_01863_,2.62
_01872_,2.62
_01874_,2.62
_01913_,2.62
_01928_,2.62
_01960_,2.62
_02000_,2.62
_02002_,2.62
_02003_,2.62
_02015_,2.62
_02017_,2.62
_02051_,2.62
_02081_,2.62
_02120_,2.62
_02126_,2.62
_02140_,2.62
_02222_,2.62
_02231_,2.62
_02315_,2.62
_02587_,2.62
_02696_,2.62
_02919_,2.62
_02999_,2.62
_03077_,2.62
_03144_,2.62
_03313_,2.62
_03342_,2.62
_03364_,2.62
_03488_,2.62
_03492_,2.62
_03522_,2.62
_03644_,2.62
_03992_,2.62
_04088_,2.62
_04165_,2.62
_04227_,2.62
_04253_,2.62
_04297_,2.62
_04488_,2.62
_04559_,2.62
_04562_,2.62
_04609_,2.62
_04898_,2.62
_04964_,2.62
_04974_,2.62
_05015_,2.62
_05091_,2.62
_05253_,2.62
_05376_,2.62
_05378_,2.62
_05432_,2.62
_05447_,2.62
_05464_,2.62
_05514_,2.62
_06174_,2.62
_06211_,2.62
_06354_,2.62
_06449_,2.62
_06536_,2.62
_06599_,2.62
_06652_,2.62
_06925_,2.62
_06994_,2.62
_07023_,2.62
_07039_,2.62
_07324_,2.62
_07356_,2.62
_07461_,2.62
_07902_,2.62
_07953_,2.62
_08183_,2.62
_08217_,2.62
_08290_,2.62
_08339_,2.62
_08353_,2.62
_08465_,2.62
_08492_,2.62
_08547_,2.62
_08594_,2.62
_08705_,2.62
_08731_,2.62
_08737_,2.62
_08842_,2.62
_08879_,2.62
_09037_,2.62
_09132_,2.62
_09665_,2.62
_09684_,2.62
_09789_,2.62
_09879_,2.62
_10221_,2.62
_10401_,2.62
_10445_,2.62
_10451_,2.62
_10482_,2.62
_10657_,2.62
_11139_,2.62
_11176_,2.62
_11319_,2.62
_11537_,2.62
_11835_,2.62
_11886_,2.62
_11898_,2.62
net144,2.62
net952,2.62
net980,2.62
net1034,2.62
net1162,2.62
net1236,2.62
net1357,2.62
net1635,2.62
net1718,2.62
net1723,2.62
_02437_,2.61
_01295_,2.595
_05219_,2.59
net566,2.525
_01516_,2.52
_02264_,2.52
_02513_,2.52
_02523_,2.52
_02729_,2.52
_03172_,2.52
_03232_,2.52
_03388_,2.52
_03423_,2.52
_03729_,2.52
_03919_,2.52
_04405_,2.52
_04516_,2.52
_04597_,2.52
_04680_,2.52
_04726_,2.52
_05336_,2.52
_05352_,2.52
_05365_,2.52
_05392_,2.52
_05401_,2.52
_05406_,2.52
_05411_,2.52
_05435_,2.52
_05439_,2.52
_06187_,2.52
_06528_,2.52
_06651_,2.52
_06675_,2.52
_06681_,2.52
_06865_,2.52
_07258_,2.52
_07493_,2.52
_07507_,2.52
_07508_,2.52
_07509_,2.52
_07523_,2.52
_07874_,2.52
_08221_,2.52
_08312_,2.52
_08349_,2.52
_08417_,2.52
_08562_,2.52
_08567_,2.52
_08569_,2.52
_08578_,2.52
_08600_,2.52
_08643_,2.52
_08720_,2.52
_08744_,2.52
_08747_,2.52
_08757_,2.52
_08793_,2.52
_08803_,2.52
_08815_,2.52
_08857_,2.52
_08863_,2.52
_08885_,2.52
_08899_,2.52
_09122_,2.52
_09528_,2.52
_09812_,2.52
_09985_,2.52
_10129_,2.52
_10834_,2.52
_10978_,2.52
_11018_,2.52
_11027_,2.52
_11035_,2.52
_11591_,2.52
_11767_,2.52
_11782_,2.52
_11831_,2.52
_12017_,2.52
net113,2.52
_05222_,2.51
_00986_,2.5
_01133_,2.5
_01460_,2.5
_02207_,2.5
_02451_,2.5
_02478_,2.5
_02597_,2.5
_02628_,2.5
_02655_,2.5
_02672_,2.5
_02848_,2.5
_02933_,2.5
_02959_,2.5
_03165_,2.5
_03183_,2.5
_03328_,2.5
_03369_,2.5
_03505_,2.5
_04146_,2.5
_04202_,2.5
_04215_,2.5
_04424_,2.5
_04560_,2.5
_04642_,2.5
_04685_,2.5
_04872_,2.5
_05065_,2.5
_05281_,2.5
_05321_,2.5
_05388_,2.5
_05576_,2.5
_05589_,2.5
_06098_,2.5
_06367_,2.5
_06417_,2.5
_06457_,2.5
_06594_,2.5
_06794_,2.5
_06877_,2.5
_06896_,2.5
_07174_,2.5
_07931_,2.5
_07977_,2.5
_08062_,2.5
_08080_,2.5
_08155_,2.5
_08299_,2.5
_08415_,2.5
_08441_,2.5
_08512_,2.5
_08735_,2.5
_08819_,2.5
_08851_,2.5
_08911_,2.5
_08917_,2.5
_09124_,2.5
_09148_,2.5
_09226_,2.5
_09507_,2.5
_09710_,2.5
_09795_,2.5
_09825_,2.5
_10058_,2.5
_10112_,2.5
_10142_,2.5
_10279_,2.5
_10429_,2.5
_10474_,2.5
_10837_,2.5
_10875_,2.5
_10948_,2.5
_11039_,2.5
_11138_,2.5
_11331_,2.5
_11753_,2.5
_11760_,2.5
_11814_,2.5
_11957_,2.5
stage8_inst.stage4_lower.stage2_pair0.butterfly_inst.mul_inst.multiplier\[25\],2.5
net130,2.5
net605,2.5
net755,2.5
net1287,2.5
_10870_,2.475
_00065_,2.465
_00482_,2.465
_00529_,2.465
_00804_,2.465
_00886_,2.465
_01036_,2.465
_01343_,2.465
_01414_,2.465
_01435_,2.465
_01691_,2.465
_01702_,2.465
_02056_,2.465
_02438_,2.4
_04192_,2.4
_05296_,2.4
_05585_,2.4
_06170_,2.4
_06400_,2.4
_06782_,2.4
_07889_,2.4
_08396_,2.4
_08603_,2.4
_08666_,2.4
_08783_,2.4
_09921_,2.4
_09970_,2.4
_10896_,2.4
net498,2.4
net1257,2.4
net1717,2.4
_00070_,2.38
_00811_,2.38
_02090_,2.38
_02233_,2.38
_09488_,2.38
_11267_,2.38
_01941_,2.31
_00017_,2.305
_00824_,2.305
_01404_,2.305
_01441_,2.305
_01813_,2.305
_02952_,2.3
_03751_,2.3
_03940_,2.3
_04003_,2.3
_04169_,2.3
_04873_,2.3
_05185_,2.3
_05479_,2.3
_05601_,2.3
_08384_,2.3
_08564_,2.3
_08710_,2.3
_08726_,2.3
_10126_,2.3
_10810_,2.3
_10836_,2.3
net475,2.3
net486,2.3
net523,2.3
net552,2.3
net660,2.3
net848,2.3
net855,2.3
net1003,2.3
net1008,2.3
net1029,2.3
net1060,2.3
net1074,2.3
net1087,2.3
net1121,2.3
net1196,2.3
net1239,2.3
net1294,2.3
net1475,2.3
net1658,2.3
_00030_,2.28
_00076_,2.28
_00095_,2.28
_00118_,2.28
_00155_,2.28
_00180_,2.28
_00193_,2.28
_00225_,2.28
_00243_,2.28
_00244_,2.28
_00265_,2.28
_00280_,2.28
_00302_,2.28
_00308_,2.28
_00316_,2.28
_00320_,2.28
_00326_,2.28
_00328_,2.28
_00330_,2.28
_00338_,2.28
_00339_,2.28
_00365_,2.28
_00388_,2.28
_00390_,2.28
_00393_,2.28
_00396_,2.28
_00405_,2.28
_00425_,2.28
_00431_,2.28
_00447_,2.28
_00451_,2.28
_00490_,2.28
_00506_,2.28
_00521_,2.28
_00524_,2.28
_00541_,2.28
_00557_,2.28
_00569_,2.28
_00570_,2.28
_00580_,2.28
_00603_,2.28
_00608_,2.28
_00645_,2.28
_00699_,2.28
_00864_,2.28
_00873_,2.28
_00887_,2.28
_00889_,2.28
_00910_,2.28
_01003_,2.28
_01006_,2.28
_01016_,2.28
_01038_,2.28
_01061_,2.28
_01131_,2.28
_01161_,2.28
_01255_,2.28
_01296_,2.28
_01305_,2.28
_01311_,2.28
_01330_,2.28
_01332_,2.28
_01342_,2.28
_01387_,2.28
_01402_,2.28
_01422_,2.28
_01452_,2.28
_01454_,2.28
_01486_,2.28
_01488_,2.28
_01510_,2.28
_01580_,2.28
_01613_,2.28
_01656_,2.28
_01682_,2.28
_01685_,2.28
_01688_,2.28
_01720_,2.28
_01757_,2.28
_01780_,2.28
_01781_,2.28
_01814_,2.28
_01817_,2.28
_01819_,2.28
_01820_,2.28
_01830_,2.28
_01842_,2.28
_01882_,2.28
_01893_,2.28
_01908_,2.28
_01917_,2.28
_01922_,2.28
_01933_,2.28
_02011_,2.28
_02028_,2.28
_02045_,2.28
_02143_,2.28
_02152_,2.28
_02153_,2.28
_02237_,2.28
_02807_,2.28
_03659_,2.28
_04821_,2.28
_05839_,2.28
_07020_,2.28
_08054_,2.28
_09019_,2.28
_09073_,2.28
_09377_,2.28
_10759_,2.28
_02401_,2.255
_01539_,2.205
_08791_,2.2
_00063_,2.18
_00450_,2.18
_00501_,2.18
_01263_,2.18
_01517_,2.18
_01521_,2.18
_01791_,2.18
_01797_,2.18
_02359_,2.18
_02400_,2.18
_02505_,2.18
_02844_,2.18
_04186_,2.18
_04312_,2.18
_04445_,2.18
_04960_,2.18
_04983_,2.18
_04986_,2.18
_04999_,2.18
_05058_,2.18
_05068_,2.18
_05162_,2.18
_05508_,2.18
_05510_,2.18
_06005_,2.18
_06396_,2.18
_06491_,2.18
_07242_,2.18
_07269_,2.18
_07585_,2.18
_07637_,2.18
_07831_,2.18
_09694_,2.18
_09697_,2.18
_09787_,2.18
_10714_,2.18
_10796_,2.18
_11059_,2.18
_11088_,2.18
_11193_,2.18
_11637_,2.18
net615,2.18
net694,2.18
net1131,2.18
net1283,2.18
_00018_,2.16
_00019_,2.16
_00050_,2.16
_00126_,2.16
_00207_,2.16
_00263_,2.16
_00273_,2.16
_00283_,2.16
_00362_,2.16
_00379_,2.16
_00397_,2.16
_00404_,2.16
_00428_,2.16
_00438_,2.16
_00475_,2.16
_00513_,2.16
_00582_,2.16
_00584_,2.16
_00593_,2.16
_00670_,2.16
_00691_,2.16
_00706_,2.16
_00707_,2.16
_00709_,2.16
_00838_,2.16
_00844_,2.16
_00857_,2.16
_00875_,2.16
_00959_,2.16
_01017_,2.16
_01018_,2.16
_01027_,2.16
_01030_,2.16
_01040_,2.16
_01049_,2.16
_01052_,2.16
_01075_,2.16
_01076_,2.16
_01078_,2.16
_01080_,2.16
_01129_,2.16
_01145_,2.16
_01150_,2.16
_01194_,2.16
_01251_,2.16
_01273_,2.16
_01322_,2.16
_01333_,2.16
_01359_,2.16
_01360_,2.16
_01396_,2.16
_01405_,2.16
_01429_,2.16
_01430_,2.16
_01438_,2.16
_01456_,2.16
_01496_,2.16
_01511_,2.16
_01512_,2.16
_01582_,2.16
_01681_,2.16
_01696_,2.16
_01703_,2.16
_01739_,2.16
_01759_,2.16
_01766_,2.16
_01767_,2.16
_01796_,2.16
_01810_,2.16
_01822_,2.16
_01827_,2.16
_01847_,2.16
_01880_,2.16
_01884_,2.16
_01934_,2.16
_01942_,2.16
_01967_,2.16
_01980_,2.16
_02009_,2.16
_02026_,2.16
_02119_,2.16
_02216_,2.16
_02244_,2.16
_02282_,2.16
_02293_,2.16
_02332_,2.16
_02483_,2.16
_02534_,2.16
_02566_,2.16
_02577_,2.16
_02590_,2.16
_02800_,2.16
_02858_,2.16
_02921_,2.16
_02938_,2.16
_03003_,2.16
_03125_,2.16
_03251_,2.16
_03418_,2.16
_03664_,2.16
_03902_,2.16
_04172_,2.16
_04353_,2.16
_04375_,2.16
_04455_,2.16
_04476_,2.16
_04483_,2.16
_04496_,2.16
_04653_,2.16
_04808_,2.16
_04870_,2.16
_04875_,2.16
_04984_,2.16
_05363_,2.16
_05416_,2.16
_05485_,2.16
_05500_,2.16
_05512_,2.16
_05544_,2.16
_05608_,2.16
_05820_,2.16
_05898_,2.16
_06162_,2.16
_06173_,2.16
_06625_,2.16
_06695_,2.16
_06810_,2.16
_07048_,2.16
_07085_,2.16
_07247_,2.16
_07250_,2.16
_07357_,2.16
_07469_,2.16
_07529_,2.16
_07648_,2.16
_07773_,2.16
_07804_,2.16
_07860_,2.16
_07885_,2.16
_08211_,2.16
_08284_,2.16
_08373_,2.16
_08393_,2.16
_08398_,2.16
_08411_,2.16
_08503_,2.16
_08625_,2.16
_08646_,2.16
_08703_,2.16
_08755_,2.16
_08810_,2.16
_08827_,2.16
_08839_,2.16
_08870_,2.16
_09033_,2.16
_09421_,2.16
_09467_,2.16
_09494_,2.16
_09584_,2.16
_09648_,2.16
_09967_,2.16
_10171_,2.16
_10327_,2.16
_10534_,2.16
_10550_,2.16
_10575_,2.16
_10741_,2.16
_10801_,2.16
_10977_,2.16
_11000_,2.16
_11002_,2.16
_11045_,2.16
_11053_,2.16
_11116_,2.16
_11583_,2.16
_11803_,2.16
_11830_,2.16
_11983_,2.16
_12018_,2.16
net153,2.16
net155,2.16
net747,2.16
net757,2.16
net770,2.16
net1050,2.16
net1099,2.16
net1200,2.16
net1206,2.16
net1244,2.16
net1626,2.16
_02859_,2.155
_10343_,2.09
_02306_,2.06
_02365_,2.06
_02517_,2.06
_02519_,2.06
_02538_,2.06
_02630_,2.06
_02705_,2.06
_03409_,2.06
_03437_,2.06
_03452_,2.06
_04045_,2.06
_04783_,2.06
_05353_,2.06
_05403_,2.06
_06144_,2.06
_06513_,2.06
_06650_,2.06
_06791_,2.06
_06913_,2.06
_07410_,2.06
_07506_,2.06
_07510_,2.06
_07524_,2.06
_07555_,2.06
_07580_,2.06
_07655_,2.06
_08209_,2.06
_08240_,2.06
_08530_,2.06
_08584_,2.06
_08683_,2.06
_08729_,2.06
_08772_,2.06
_08790_,2.06
_08798_,2.06
_08804_,2.06
_08820_,2.06
_08843_,2.06
_08846_,2.06
_08903_,2.06
_09102_,2.06
_09583_,2.06
_09611_,2.06
_09637_,2.06
_09760_,2.06
_09943_,2.06
_10069_,2.06
_10201_,2.06
_10929_,2.06
_10986_,2.06
_11021_,2.06
_11024_,2.06
_11047_,2.06
_11413_,2.06
_11842_,2.06
net112,2.06
_00113_,2.04
_00153_,2.04
_00198_,2.04
_00210_,2.04
_00228_,2.04
_00297_,2.04
_00317_,2.04
_00350_,2.04
_00696_,2.04
_00878_,2.04
_00891_,2.04
_00898_,2.04
_01074_,2.04
_01274_,2.04
_01335_,2.04
_01463_,2.04
_01552_,2.04
_01671_,2.04
_01851_,2.04
_02019_,2.04
_02445_,2.04
_02495_,2.04
_02618_,2.04
_02991_,2.04
_03087_,2.04
_03169_,2.04
_03637_,2.04
_03849_,2.04
_03982_,2.04
_04203_,2.04
_04254_,2.04
_04400_,2.04
_04529_,2.04
_04732_,2.04
_04812_,2.04
_04904_,2.04
_04928_,2.04
_05112_,2.04
_05381_,2.04
_05543_,2.04
_05570_,2.04
_05914_,2.04
_05937_,2.04
_06334_,2.04
_06482_,2.04
_06555_,2.04
_06716_,2.04
_06756_,2.04
_06983_,2.04
_06990_,2.04
_07296_,2.04
_07628_,2.04
_07797_,2.04
_08196_,2.04
_08387_,2.04
_08490_,2.04
_09027_,2.04
_09258_,2.04
_09958_,2.04
_10082_,2.04
_10088_,2.04
_10217_,2.04
_10289_,2.04
_10532_,2.04
_10556_,2.04
_10980_,2.04
_10994_,2.04
_11057_,2.04
_11203_,2.04
_11338_,2.04
_11339_,2.04
_12000_,2.04
net117,2.04
net1129,2.04
_11072_,2.02
_00331_,2.005
_00833_,2.005
_00946_,2.005
_01146_,2.005
_01569_,2.005
_01650_,2.005
_01741_,2.005
_02016_,2.005
_05517_,1.94
_06196_,1.94
_06252_,1.94
_08260_,1.94
_08316_,1.94
_08352_,1.94
_08456_,1.94
_08477_,1.94
_08629_,1.94
_11063_,1.94
_11722_,1.94
_11727_,1.94
net1398,1.94
net1440,1.94
net1610,1.94
_07468_,1.915
_00160_,1.845
_00238_,1.845
_00422_,1.845
_01276_,1.845
_01665_,1.845
_01943_,1.845
_01984_,1.845
_00947_,1.84
_01239_,1.84
_01391_,1.84
_04845_,1.84
_05033_,1.84
_05612_,1.84
_06392_,1.84
_08329_,1.84
_08333_,1.84
_08357_,1.84
_08483_,1.84
_08498_,1.84
_08509_,1.84
_08522_,1.84
_08553_,1.84
_08555_,1.84
_08557_,1.84
_08623_,1.84
_08638_,1.84
_08658_,1.84
_08741_,1.84
_08779_,1.84
_09744_,1.84
_09947_,1.84
_10943_,1.84
_11180_,1.84
_11841_,1.84
stage8_inst.stage4_lower.stage2_pair1.butterfly_inst.mul_inst.multiplier\[30\],1.84
net622,1.84
net705,1.84
net736,1.84
net837,1.84
net979,1.84
net1104,1.84
net1361,1.84
net1493,1.84
_00023_,1.82
_00096_,1.82
_00136_,1.82
_00174_,1.82
_00215_,1.82
_00241_,1.82
_00256_,1.82
_00287_,1.82
_00313_,1.82
_00329_,1.82
_00341_,1.82
_00358_,1.82
_00364_,1.82
_00395_,1.82
_00398_,1.82
_00401_,1.82
_00426_,1.82
_00432_,1.82
_00446_,1.82
_00465_,1.82
_00473_,1.82
_00485_,1.82
_00558_,1.82
_00604_,1.82
_00605_,1.82
_00652_,1.82
_00674_,1.82
_00692_,1.82
_00725_,1.82
_00731_,1.82
_00845_,1.82
_00847_,1.82
_00894_,1.82
_00903_,1.82
_00931_,1.82
_00981_,1.82
_01007_,1.82
_01010_,1.82
_01105_,1.82
_01108_,1.82
_01240_,1.82
_01313_,1.82
_01319_,1.82
_01326_,1.82
_01328_,1.82
_01346_,1.82
_01354_,1.82
_01382_,1.82
_01421_,1.82
_01433_,1.82
_01459_,1.82
_01472_,1.82
_01476_,1.82
_01478_,1.82
_01544_,1.82
_01548_,1.82
_01585_,1.82
_01616_,1.82
_01666_,1.82
_01679_,1.82
_01723_,1.82
_01744_,1.82
_01753_,1.82
_01755_,1.82
_01772_,1.82
_01773_,1.82
_01782_,1.82
_01812_,1.82
_01845_,1.82
_01885_,1.82
_01886_,1.82
_01896_,1.82
_01898_,1.82
_01900_,1.82
_01909_,1.82
_01920_,1.82
_01921_,1.82
_01935_,1.82
_01936_,1.82
_01950_,1.82
_02121_,1.82
_02147_,1.82
_02217_,1.82
_02225_,1.82
_03129_,1.82
_04866_,1.82
_06320_,1.82
_06411_,1.82
_10800_,1.82
net1709,1.82
_01550_,1.745
_09344_,1.73
_02390_,1.72
_02405_,1.72
_02753_,1.72
_02840_,1.72
_02895_,1.72
_03703_,1.72
_03913_,1.72
_04530_,1.72
_05627_,1.72
_05757_,1.72
_06321_,1.72
_06407_,1.72
_07460_,1.72
_07767_,1.72
_07851_,1.72
_07861_,1.72
_08995_,1.72
_09821_,1.72
_10540_,1.72
_10653_,1.72
_11230_,1.72
_11707_,1.72
_11812_,1.72
_11870_,1.72
net1732,1.72
net1734,1.72
_00033_,1.7
_00311_,1.7
_00384_,1.7
_00400_,1.7
_00443_,1.7
_00448_,1.7
_00547_,1.7
_00619_,1.7
_00624_,1.7
_00728_,1.7
_00734_,1.7
_00825_,1.7
_00832_,1.7
_00852_,1.7
_00877_,1.7
_01012_,1.7
_01035_,1.7
_01041_,1.7
_01048_,1.7
_01069_,1.7
_01070_,1.7
_01091_,1.7
_01095_,1.7
_01183_,1.7
_01275_,1.7
_01321_,1.7
_01344_,1.7
_01347_,1.7
_01363_,1.7
_01403_,1.7
_01406_,1.7
_01436_,1.7
_01445_,1.7
_01468_,1.7
_01484_,1.7
_01578_,1.7
_01689_,1.7
_01727_,1.7
_01734_,1.7
_01751_,1.7
_01838_,1.7
_01862_,1.7
_01873_,1.7
_01965_,1.7
_01976_,1.7
_01996_,1.7
_01999_,1.7
_02049_,1.7
_02193_,1.7
_02199_,1.7
_02227_,1.7
_02228_,1.7
_02281_,1.7
_02325_,1.7
_02525_,1.7
_02574_,1.7
_02756_,1.7
_03030_,1.7
_03260_,1.7
_03422_,1.7
_03473_,1.7
_03609_,1.7
_03924_,1.7
_03976_,1.7
_04381_,1.7
_04633_,1.7
_04902_,1.7
_04927_,1.7
_05224_,1.7
_05440_,1.7
_05624_,1.7
_05751_,1.7
_05869_,1.7
_06371_,1.7
_06388_,1.7
_06437_,1.7
_06443_,1.7
_06615_,1.7
_06638_,1.7
_07051_,1.7
_07219_,1.7
_07478_,1.7
_07631_,1.7
_07690_,1.7
_07899_,1.7
_08011_,1.7
_08031_,1.7
_08066_,1.7
_08099_,1.7
_08365_,1.7
_08394_,1.7
_08419_,1.7
_08692_,1.7
_08701_,1.7
_08841_,1.7
_08989_,1.7
_09022_,1.7
_09361_,1.7
_09500_,1.7
_09664_,1.7
_09848_,1.7
_09877_,1.7
_09913_,1.7
_10065_,1.7
_10124_,1.7
_10336_,1.7
_10408_,1.7
_10473_,1.7
_10489_,1.7
_11010_,1.7
_11221_,1.7
stage8_inst.stage4_lower.stage2_pair1.butterfly_inst.mul_inst.multiplier\[2\],1.7
net120,1.7
net151,1.7
net832,1.7
net1365,1.7
net1745,1.7
_03891_,1.65
_02108_,1.6
_02247_,1.6
_02323_,1.6
_02518_,1.6
_02528_,1.6
_02640_,1.6
_02779_,1.6
_03375_,1.6
_03413_,1.6
_03447_,1.6
_03470_,1.6
_03472_,1.6
_03478_,1.6
_03487_,1.6
_04260_,1.6
_04507_,1.6
_04511_,1.6
_05367_,1.6
_05391_,1.6
_05402_,1.6
_05423_,1.6
_05426_,1.6
_06707_,1.6
_06728_,1.6
_06750_,1.6
_06811_,1.6
_06836_,1.6
_06859_,1.6
_06898_,1.6
_07497_,1.6
_07513_,1.6
_07515_,1.6
_07569_,1.6
_07577_,1.6
_07654_,1.6
_08053_,1.6
_08135_,1.6
_08421_,1.6
_08546_,1.6
_08598_,1.6
_08665_,1.6
_08753_,1.6
_08794_,1.6
_08805_,1.6
_08806_,1.6
_08862_,1.6
_08884_,1.6
_08888_,1.6
_08898_,1.6
_08900_,1.6
_09542_,1.6
_09557_,1.6
_09564_,1.6
_09623_,1.6
_10042_,1.6
_10121_,1.6
_10970_,1.6
_10983_,1.6
_10988_,1.6
_10990_,1.6
_11033_,1.6
_11049_,1.6
_11164_,1.6
_11178_,1.6
_11195_,1.6
_11285_,1.6
_12007_,1.6
_12025_,1.6
_12049_,1.6
stage8_inst.stage4_lower.stage2_pair0.butterfly_inst.mul_inst.multiplier\[3\],1.6
_00163_,1.575
_00158_,1.545
_00418_,1.545
_00551_,1.545
_00816_,1.545
_00874_,1.545
_01431_,1.545
_01825_,1.545
_01894_,1.545
_01895_,1.545
_01940_,1.545
_02079_,1.545
_02124_,1.545
_02137_,1.545
_02220_,1.545
_08749_,1.54
_02428_,1.48
_03333_,1.48
_03746_,1.48
_08256_,1.48
_08381_,1.48
_08671_,1.48
_09090_,1.48
_09396_,1.48
_12047_,1.48
net529,1.48
net948,1.48
net997,1.48
_02875_,1.38
_03319_,1.38
_04245_,1.38
_04905_,1.38
_05299_,1.38
_06129_,1.38
_07006_,1.38
_09035_,1.38
_09198_,1.38
_09585_,1.38
_09990_,1.38
_10015_,1.38
_10425_,1.38
_10886_,1.38
_10889_,1.38
stage8_inst.stage4_lower.stage2_pair0.butterfly_inst.mul_inst.multiplier\[10\],1.38
net878,1.38
_00034_,1.36
_00049_,1.36
_00090_,1.36
_00109_,1.36
_00117_,1.36
_00157_,1.36
_00167_,1.36
_00213_,1.36
_00261_,1.36
_00262_,1.36
_00309_,1.36
_00366_,1.36
_00373_,1.36
_00399_,1.36
_00410_,1.36
_00412_,1.36
_00445_,1.36
_00518_,1.36
_00595_,1.36
_00606_,1.36
_00675_,1.36
_00697_,1.36
_00829_,1.36
_00831_,1.36
_00835_,1.36
_00850_,1.36
_00883_,1.36
_00957_,1.36
_01032_,1.36
_01043_,1.36
_01051_,1.36
_01055_,1.36
_01094_,1.36
_01115_,1.36
_01163_,1.36
_01315_,1.36
_01317_,1.36
_01369_,1.36
_01375_,1.36
_01384_,1.36
_01448_,1.36
_01537_,1.36
_01568_,1.36
_01607_,1.36
_01758_,1.36
_01774_,1.36
_01778_,1.36
_01786_,1.36
_01790_,1.36
_01802_,1.36
_01823_,1.36
_01833_,1.36
_02048_,1.36
_02072_,1.36
_02171_,1.36
_02215_,1.36
_02232_,1.36
_02234_,1.36
_02385_,1.36
_08976_,1.36
_11352_,1.36
_02394_,1.26
_03051_,1.26
_03534_,1.26
_03583_,1.26
_04135_,1.26
_04232_,1.26
_04342_,1.26
_04722_,1.26
_05099_,1.26
_05252_,1.26
_05764_,1.26
_06385_,1.26
_07233_,1.26
_07710_,1.26
_07807_,1.26
_09174_,1.26
_10683_,1.26
_11359_,1.26
_11501_,1.26
_11543_,1.26
_11646_,1.26
_11851_,1.26
_09804_,1.15
_02527_,1.14
_02537_,1.14
_02545_,1.14
_02653_,1.14
_02689_,1.14
_02772_,1.14
_02803_,1.14
_02810_,1.14
_02815_,1.14
_03338_,1.14
_03347_,1.14
_03379_,1.14
_03449_,1.14
_03451_,1.14
_03460_,1.14
_03461_,1.14
_03475_,1.14
_03482_,1.14
_03489_,1.14
_03494_,1.14
_03497_,1.14
_03498_,1.14
_03989_,1.14
_04015_,1.14
_04487_,1.14
_04499_,1.14
_04505_,1.14
_04506_,1.14
_04513_,1.14
_04613_,1.14
_04646_,1.14
_04701_,1.14
_04716_,1.14
_04742_,1.14
_05377_,1.14
_05383_,1.14
_05407_,1.14
_05429_,1.14
_05438_,1.14
_05454_,1.14
_05645_,1.14
_06060_,1.14
_06395_,1.14
_06435_,1.14
_06496_,1.14
_06565_,1.14
_06653_,1.14
_06654_,1.14
_06662_,1.14
_06664_,1.14
_06678_,1.14
_06680_,1.14
_06698_,1.14
_06722_,1.14
_06767_,1.14
_06873_,1.14
_06880_,1.14
_07403_,1.14
_07530_,1.14
_07558_,1.14
_07568_,1.14
_07573_,1.14
_07574_,1.14
_07576_,1.14
_07657_,1.14
_07752_,1.14
_08106_,1.14
_08153_,1.14
_08345_,1.14
_08532_,1.14
_08536_,1.14
_08611_,1.14
_08685_,1.14
_08829_,1.14
_08868_,1.14
_08897_,1.14
_08905_,1.14
_08906_,1.14
_08912_,1.14
_08913_,1.14
_08953_,1.14
_09061_,1.14
_09351_,1.14
_09538_,1.14
_09766_,1.14
_09772_,1.14
_09919_,1.14
_10165_,1.14
_10323_,1.14
_10695_,1.14
_10950_,1.14
_10958_,1.14
_10971_,1.14
_10989_,1.14
_11005_,1.14
_11022_,1.14
_11037_,1.14
_01424_,1.085
_03332_,1.08
_02450_,1.02
_03343_,1.02
_08313_,1.02
_08406_,1.02
_08712_,1.02
_02311_,0.92
_02362_,0.92
_03058_,0.92
_03577_,0.92
_03858_,0.92
_04083_,0.92
_04386_,0.92
_04616_,0.92
_05649_,0.92
_05688_,0.92
_06106_,0.92
_07389_,0.92
_07622_,0.92
_10051_,0.92
_10198_,0.92
_10422_,0.92
_11378_,0.92
_11472_,0.92
_11837_,0.92
_02194_,0.8
_02203_,0.8
_03189_,0.8
_04072_,0.8
_05344_,0.8
_05959_,0.8
_06790_,0.8
_06793_,0.8
_07473_,0.8
_07703_,0.8
_07738_,0.8
_11217_,0.8
_03134_,0.46
_03322_,0.46
_03599_,0.46
_03800_,0.46
_04444_,0.46
_04771_,0.46
_05043_,0.46
_05194_,0.46
_05761_,0.46
_05804_,0.46
_05972_,0.46
_06123_,0.46
_09633_,0.46
_09730_,0.46
_09747_,0.46
_10400_,0.46
_10658_,0.46
_10780_,0.46
_11233_,0.46
_11555_,0.46
stage8_inst.out0\[8\],0.46
stage8_inst.out2\[25\],0.46
stage8_inst.stage4_lower.stage2_pair0.butterfly_inst.mul_inst.multiplier\[20\],0.46
stage8_inst.stage4_lower.stage2_pair1.butterfly_inst.mul_inst.multiplier\[13\],0.46
stage8_inst.stage4_lower.stage2_pair1.butterfly_inst.mul_inst.multiplier\[24\],0.46
stage8_inst.stage4_upper.stage2_pair1.butterfly_inst.mul_inst.multiplier\[13\],0.46
net463,0.46
net512,0.46
net618,0.46
net691,0.46
net695,0.46
net820,0.46
net871,0.46
net972,0.46
net985,0.46
net995,0.46
net1007,0.46
net1010,0.46
net1141,0.46
net1170,0.46
net1172,0.46
net1177,0.46
net1250,0.46
